0.01000, -0.8000, -41.81
0.02000, -0.8000, -30.34
0.03000, -0.8000, -24.87
0.04000, -0.8000, -22.30
0.05000, -0.8000, -21.37
0.06000, -0.8000, -18.00
0.07000, -0.8000, -18.06
0.08000, -0.8000, -17.05
0.09000, -0.8000, -15.85
0.1000, -0.8000, -15.99
0.1100, -0.8000, -15.39
0.1200, -0.8000, -14.15
0.1300, -0.8000, -14.27
0.1400, -0.8000, -13.61
0.1500, -0.8000, -13.18
0.1600, -0.8000, -13.73
0.1700, -0.8000, -11.82
0.1800, -0.8000, -12.80
0.1900, -0.8000, -11.84
0.2000, -0.8000, -13.48
0.2100, -0.8000, -12.44
0.2200, -0.8000, -11.63
0.2300, -0.8000, -13.33
0.2400, -0.8000, -11.50
0.2500, -0.8000, -12.07
0.2600, -0.8000, -10.95
0.2700, -0.8000, -12.03
0.2800, -0.8000, -11.12
0.2900, -0.8000, -12.11
0.3000, -0.8000, -11.40
0.3100, -0.8000, -11.16
0.3200, -0.8000, -12.25
0.3300, -0.8000, -11.94
0.3400, -0.8000, -11.65
0.3500, -0.8000, -11.54
0.3600, -0.8000, -12.05
0.3700, -0.8000, -9.972
0.3800, -0.8000, -11.39
0.3900, -0.8000, -11.28
0.4000, -0.8000, -10.52
0.4100, -0.8000, -11.80
0.4200, -0.8000, -12.19
0.4300, -0.8000, -12.31
0.4400, -0.8000, -12.22
0.4500, -0.8000, -10.95
0.4600, -0.8000, -10.58
0.4700, -0.8000, -11.54
0.4800, -0.8000, -12.03
0.4900, -0.8000, -10.49
0.5000, -0.8000, -10.03
0.5100, -0.8000, -9.465
0.5200, -0.8000, -10.58
0.5300, -0.8000, -10.01
0.5400, -0.8000, -9.574
0.5500, -0.8000, -9.771
0.5600, -0.8000, -9.823
0.5700, -0.8000, -11.12
0.5800, -0.8000, -9.803
0.5900, -0.8000, -11.33
0.6000, -0.8000, -9.906
0.6100, -0.8000, -10.91
0.6200, -0.8000, -10.45
0.6300, -0.8000, -11.58
0.6400, -0.8000, -9.991
0.6500, -0.8000, -10.30
0.6600, -0.8000, -9.740
0.6700, -0.8000, -10.29
0.6800, -0.8000, -10.94
0.6900, -0.8000, -10.46
0.7000, -0.8000, -10.53
0.7100, -0.8000, -10.22
0.7200, -0.8000, -11.13
0.7300, -0.8000, -9.608
0.7400, -0.8000, -12.08
0.7500, -0.8000, -11.00
0.7600, -0.8000, -10.31
0.7700, -0.8000, -11.41
0.7800, -0.8000, -10.51
0.7900, -0.8000, -9.658
0.8000, -0.8000, -9.586
0.8100, -0.8000, -11.98
0.8200, -0.8000, -10.00
0.8300, -0.8000, -9.739
0.8400, -0.8000, -10.35
0.8500, -0.8000, -10.19
0.8600, -0.8000, -10.66
0.8700, -0.8000, -9.533
0.8800, -0.8000, -10.17
0.8900, -0.8000, -10.03
0.9000, -0.8000, -10.16
0.9100, -0.8000, -9.581
0.9200, -0.8000, -11.14
0.9300, -0.8000, -9.069
0.9400, -0.8000, -9.679
0.9500, -0.8000, -10.54
0.9600, -0.8000, -10.04
0.9700, -0.8000, -10.25
0.9800, -0.8000, -9.249
0.9900, -0.8000, -11.04
1.000, -0.8000, -9.952
1.010, -0.8000, -9.747
1.020, -0.8000, -9.291
1.030, -0.8000, -10.65
1.040, -0.8000, -9.459
1.050, -0.8000, -9.480
1.060, -0.8000, -9.633
1.070, -0.8000, -10.48
1.080, -0.8000, -9.277
1.090, -0.8000, -10.43
1.100, -0.8000, -10.22
1.110, -0.8000, -10.05
1.120, -0.8000, -11.59
1.130, -0.8000, -10.23
1.140, -0.8000, -10.71
1.150, -0.8000, -9.599
1.160, -0.8000, -10.02
1.170, -0.8000, -10.47
1.180, -0.8000, -9.156
1.190, -0.8000, -10.69
1.200, -0.8000, -9.168
1.210, -0.8000, -9.644
1.220, -0.8000, -10.91
1.230, -0.8000, -9.377
1.240, -0.8000, -9.200
1.250, -0.8000, -10.06
1.260, -0.8000, -10.40
1.270, -0.8000, -9.338
1.280, -0.8000, -9.574
1.290, -0.8000, -10.11
1.300, -0.8000, -9.511
1.310, -0.8000, -9.302
1.320, -0.8000, -9.639
1.330, -0.8000, -9.071
1.340, -0.8000, -10.82
1.350, -0.8000, -10.22
1.360, -0.8000, -9.889
1.370, -0.8000, -9.629
1.380, -0.8000, -10.48
1.390, -0.8000, -10.42
1.400, -0.8000, -9.318
1.410, -0.8000, -11.13
1.420, -0.8000, -9.895
1.430, -0.8000, -10.10
1.440, -0.8000, -10.85
1.450, -0.8000, -9.735
1.460, -0.8000, -9.361
1.470, -0.8000, -9.966
1.480, -0.8000, -9.609
1.490, -0.8000, -9.454
1.500, -0.8000, -11.20
1.510, -0.8000, -10.99
1.520, -0.8000, -10.60
1.530, -0.8000, -9.270
1.540, -0.8000, -9.980
1.550, -0.8000, -9.744
1.560, -0.8000, -10.86
1.570, -0.8000, -9.615
1.580, -0.8000, -8.970
1.590, -0.8000, -10.94
1.600, -0.8000, -10.30
1.610, -0.8000, -9.861
1.620, -0.8000, -8.617
1.630, -0.8000, -10.34
1.640, -0.8000, -8.752
1.650, -0.8000, -10.89
1.660, -0.8000, -9.576
1.670, -0.8000, -9.947
1.680, -0.8000, -9.276
1.690, -0.8000, -9.785
1.700, -0.8000, -8.521
1.710, -0.8000, -9.575
1.720, -0.8000, -9.325
1.730, -0.8000, -10.14
1.740, -0.8000, -9.238
1.750, -0.8000, -9.417
1.760, -0.8000, -11.14
1.770, -0.8000, -9.305
1.780, -0.8000, -8.891
1.790, -0.8000, -9.671
1.800, -0.8000, -10.79
1.810, -0.8000, -9.808
1.820, -0.8000, -9.193
1.830, -0.8000, -9.122
1.840, -0.8000, -10.24
1.850, -0.8000, -10.48
1.860, -0.8000, -10.29
1.870, -0.8000, -8.965
1.880, -0.8000, -10.41
1.890, -0.8000, -9.497
1.900, -0.8000, -9.470
1.910, -0.8000, -9.259
1.920, -0.8000, -9.490
1.930, -0.8000, -11.40
1.940, -0.8000, -8.439
1.950, -0.8000, -9.151
1.960, -0.8000, -9.536
1.970, -0.8000, -11.15
1.980, -0.8000, -9.687
1.990, -0.8000, -9.655
2.000, -0.8000, -9.195
2.010, -0.8000, -10.88
2.020, -0.8000, -9.316
2.030, -0.8000, -9.080
2.040, -0.8000, -10.70
2.050, -0.8000, -9.244
2.060, -0.8000, -8.552
2.070, -0.8000, -8.175
2.080, -0.8000, -9.934
2.090, -0.8000, -9.156
2.100, -0.8000, -8.654
2.110, -0.8000, -10.03
2.120, -0.8000, -8.677
2.130, -0.8000, -10.38
2.140, -0.8000, -9.561
2.150, -0.8000, -10.29
2.160, -0.8000, -9.719
2.170, -0.8000, -10.15
2.180, -0.8000, -9.703
2.190, -0.8000, -9.882
2.200, -0.8000, -9.359
2.210, -0.8000, -9.904
2.220, -0.8000, -10.42
2.230, -0.8000, -8.947
2.240, -0.8000, -9.597
2.250, -0.8000, -9.049
2.260, -0.8000, -10.72
2.270, -0.8000, -9.625
2.280, -0.8000, -10.22
2.290, -0.8000, -9.659
2.300, -0.8000, -9.576
2.310, -0.8000, -8.823
2.320, -0.8000, -9.906
2.330, -0.8000, -8.247
2.340, -0.8000, -9.927
2.350, -0.8000, -9.362
2.360, -0.8000, -8.981
2.370, -0.8000, -8.543
2.380, -0.8000, -9.808
2.390, -0.8000, -9.929
2.400, -0.8000, -9.579
2.410, -0.8000, -10.14
2.420, -0.8000, -8.707
2.430, -0.8000, -10.26
2.440, -0.8000, -10.11
2.450, -0.8000, -9.578
2.460, -0.8000, -9.325
2.470, -0.8000, -10.61
2.480, -0.8000, -9.823
2.490, -0.8000, -9.466
2.500, -0.8000, -9.174
2.510, -0.8000, -9.084
2.520, -0.8000, -9.955
2.530, -0.8000, -9.690
2.540, -0.8000, -8.286
2.550, -0.8000, -10.76
2.560, -0.8000, -8.989
2.570, -0.8000, -10.02
2.580, -0.8000, -8.365
2.590, -0.8000, -9.938
2.600, -0.8000, -9.090
2.610, -0.8000, -9.439
2.620, -0.8000, -9.358
2.630, -0.8000, -9.693
2.640, -0.8000, -11.11
2.650, -0.8000, -8.976
2.660, -0.8000, -9.067
2.670, -0.8000, -9.756
2.680, -0.8000, -10.98
2.690, -0.8000, -9.055
2.700, -0.8000, -9.401
2.710, -0.8000, -9.218
2.720, -0.8000, -10.57
2.730, -0.8000, -9.437
2.740, -0.8000, -9.715
2.750, -0.8000, -9.642
2.760, -0.8000, -9.813
2.770, -0.8000, -9.015
2.780, -0.8000, -8.790
2.790, -0.8000, -9.493
2.800, -0.8000, -8.899
2.810, -0.8000, -10.58
2.820, -0.8000, -8.676
2.830, -0.8000, -10.32
2.840, -0.8000, -8.612
2.850, -0.8000, -11.61
2.860, -0.8000, -9.074
2.870, -0.8000, -9.581
2.880, -0.8000, -9.287
2.890, -0.8000, -10.29
2.900, -0.8000, -9.442
2.910, -0.8000, -9.501
2.920, -0.8000, -10.09
2.930, -0.8000, -9.192
2.940, -0.8000, -10.24
2.950, -0.8000, -9.611
2.960, -0.8000, -10.19
2.970, -0.8000, -10.59
2.980, -0.8000, -10.75
2.990, -0.8000, -10.01
3.000, -0.8000, -9.756
3.010, -0.8000, -9.170
3.020, -0.8000, -10.01
3.030, -0.8000, -8.715
3.040, -0.8000, -8.407
3.050, -0.8000, -10.55
3.060, -0.8000, -10.08
3.070, -0.8000, -9.770
3.080, -0.8000, -8.661
3.090, -0.8000, -9.283
3.100, -0.8000, -8.726
3.110, -0.8000, -10.09
3.120, -0.8000, -10.03
3.130, -0.8000, -10.55
3.140, -0.8000, -8.569
3.150, -0.8000, -9.957
3.160, -0.8000, -8.758
3.170, -0.8000, -9.335
3.180, -0.8000, -9.048
3.190, -0.8000, -10.42
3.200, -0.8000, -10.01
3.210, -0.8000, -9.190
3.220, -0.8000, -8.470
3.230, -0.8000, -9.274
3.240, -0.8000, -9.241
3.250, -0.8000, -10.03
3.260, -0.8000, -9.602
3.270, -0.8000, -9.441
3.280, -0.8000, -10.64
3.290, -0.8000, -8.614
3.300, -0.8000, -9.242
3.310, -0.8000, -9.217
3.320, -0.8000, -9.289
3.330, -0.8000, -9.398
3.340, -0.8000, -9.421
3.350, -0.8000, -8.304
3.360, -0.8000, -10.08
3.370, -0.8000, -8.966
3.380, -0.8000, -9.536
3.390, -0.8000, -10.01
3.400, -0.8000, -10.37
3.410, -0.8000, -10.25
3.420, -0.8000, -9.450
3.430, -0.8000, -8.475
3.440, -0.8000, -10.91
3.450, -0.8000, -9.286
3.460, -0.8000, -9.298
3.470, -0.8000, -8.005
3.480, -0.8000, -9.188
3.490, -0.8000, -9.236
3.500, -0.8000, -9.299
3.510, -0.8000, -9.479
3.520, -0.8000, -10.25
3.530, -0.8000, -9.826
3.540, -0.8000, -9.163
3.550, -0.8000, -8.834
3.560, -0.8000, -9.630
3.570, -0.8000, -10.98
3.580, -0.8000, -9.399
3.590, -0.8000, -8.950
3.600, -0.8000, -9.982
3.610, -0.8000, -10.45
3.620, -0.8000, -10.64
3.630, -0.8000, -8.369
3.640, -0.8000, -9.116
3.650, -0.8000, -10.77
3.660, -0.8000, -9.309
3.670, -0.8000, -8.662
3.680, -0.8000, -10.60
3.690, -0.8000, -11.12
3.700, -0.8000, -8.611
3.710, -0.8000, -10.18
3.720, -0.8000, -8.363
3.730, -0.8000, -11.21
3.740, -0.8000, -8.999
3.750, -0.8000, -9.824
3.760, -0.8000, -9.154
3.770, -0.8000, -10.87
3.780, -0.8000, -9.955
3.790, -0.8000, -9.446
3.800, -0.8000, -10.12
3.810, -0.8000, -9.253
3.820, -0.8000, -8.476
3.830, -0.8000, -9.601
3.840, -0.8000, -8.816
3.850, -0.8000, -10.52
3.860, -0.8000, -10.10
3.870, -0.8000, -8.862
3.880, -0.8000, -9.060
3.890, -0.8000, -11.26
3.900, -0.8000, -8.975
3.910, -0.8000, -10.41
3.920, -0.8000, -8.753
3.930, -0.8000, -10.70
3.940, -0.8000, -8.912
3.950, -0.8000, -10.58
3.960, -0.8000, -8.729
3.970, -0.8000, -10.28
3.980, -0.8000, -9.074
3.990, -0.8000, -9.073
4.000, -0.8000, -9.571
4.010, -0.8000, -9.713
4.020, -0.8000, -10.46
4.030, -0.8000, -8.597
4.040, -0.8000, -8.770
4.050, -0.8000, -10.38
4.060, -0.8000, -8.846
4.070, -0.8000, -8.477
4.080, -0.8000, -8.504
4.090, -0.8000, -9.368
4.100, -0.8000, -9.663
4.110, -0.8000, -9.726
4.120, -0.8000, -11.18
4.130, -0.8000, -9.136
4.140, -0.8000, -10.05
4.150, -0.8000, -9.941
4.160, -0.8000, -9.651
4.170, -0.8000, -9.837
4.180, -0.8000, -10.48
4.190, -0.8000, -10.01
4.200, -0.8000, -8.724
4.210, -0.8000, -8.994
4.220, -0.8000, -10.74
4.230, -0.8000, -8.938
4.240, -0.8000, -8.637
4.250, -0.8000, -8.596
4.260, -0.8000, -10.16
4.270, -0.8000, -9.271
4.280, -0.8000, -8.696
4.290, -0.8000, -9.168
4.300, -0.8000, -9.529
4.310, -0.8000, -9.688
4.320, -0.8000, -9.059
4.330, -0.8000, -10.16
4.340, -0.8000, -10.34
4.350, -0.8000, -9.107
4.360, -0.8000, -9.375
4.370, -0.8000, -8.715
4.380, -0.8000, -10.03
4.390, -0.8000, -9.919
4.400, -0.8000, -8.709
4.410, -0.8000, -9.852
4.420, -0.8000, -9.060
4.430, -0.8000, -10.83
4.440, -0.8000, -8.836
4.450, -0.8000, -9.071
4.460, -0.8000, -8.927
4.470, -0.8000, -9.791
4.480, -0.8000, -9.261
4.490, -0.8000, -9.574
4.500, -0.8000, -9.380
4.510, -0.8000, -8.812
4.520, -0.8000, -9.911
4.530, -0.8000, -9.141
4.540, -0.8000, -9.497
4.550, -0.8000, -8.500
4.560, -0.8000, -8.192
4.570, -0.8000, -9.526
4.580, -0.8000, -9.005
4.590, -0.8000, -9.813
4.600, -0.8000, -8.704
4.610, -0.8000, -9.193
4.620, -0.8000, -9.180
4.630, -0.8000, -8.749
4.640, -0.8000, -9.757
4.650, -0.8000, -8.946
4.660, -0.8000, -10.38
4.670, -0.8000, -9.167
4.680, -0.8000, -10.14
4.690, -0.8000, -8.494
4.700, -0.8000, -9.864
4.710, -0.8000, -9.834
4.720, -0.8000, -9.320
4.730, -0.8000, -9.178
4.740, -0.8000, -9.822
4.750, -0.8000, -10.85
4.760, -0.8000, -9.237
4.770, -0.8000, -9.928
4.780, -0.8000, -8.323
4.790, -0.8000, -9.352
4.800, -0.8000, -10.06
4.810, -0.8000, -9.753
4.820, -0.8000, -9.969
4.830, -0.8000, -8.595
4.840, -0.8000, -9.917
4.850, -0.8000, -10.32
4.860, -0.8000, -7.890
4.870, -0.8000, -8.177
4.880, -0.8000, -9.360
4.890, -0.8000, -9.773
4.900, -0.8000, -9.714
4.910, -0.8000, -9.925
4.920, -0.8000, -9.919
4.930, -0.8000, -9.666
4.940, -0.8000, -9.307
4.950, -0.8000, -9.076
4.960, -0.8000, -9.463
4.970, -0.8000, -9.693
4.980, -0.8000, -10.45
4.990, -0.8000, -10.07
5.000, -0.8000, -8.353
5.010, -0.8000, -9.501
5.020, -0.8000, -9.254
5.030, -0.8000, -9.410
5.040, -0.8000, -8.568
5.050, -0.8000, -9.566
5.060, -0.8000, -8.679
5.070, -0.8000, -8.788
5.080, -0.8000, -9.906
5.090, -0.8000, -8.854
5.100, -0.8000, -9.883
5.110, -0.8000, -8.681
5.120, -0.8000, -10.80
5.130, -0.8000, -9.302
5.140, -0.8000, -9.202
5.150, -0.8000, -9.408
5.160, -0.8000, -9.604
5.170, -0.8000, -8.485
5.180, -0.8000, -9.905
5.190, -0.8000, -8.591
5.200, -0.8000, -8.312
5.210, -0.8000, -11.91
5.220, -0.8000, -9.427
5.230, -0.8000, -9.943
5.240, -0.8000, -8.257
5.250, -0.8000, -8.793
5.260, -0.8000, -9.520
5.270, -0.8000, -9.148
5.280, -0.8000, -9.076
5.290, -0.8000, -9.827
5.300, -0.8000, -9.430
5.310, -0.8000, -8.659
5.320, -0.8000, -8.378
5.330, -0.8000, -10.77
5.340, -0.8000, -9.646
5.350, -0.8000, -8.068
5.360, -0.8000, -9.727
5.370, -0.8000, -9.023
5.380, -0.8000, -10.56
5.390, -0.8000, -8.863
5.400, -0.8000, -9.483
5.410, -0.8000, -9.301
5.420, -0.8000, -8.978
5.430, -0.8000, -10.37
5.440, -0.8000, -8.335
5.450, -0.8000, -9.945
5.460, -0.8000, -9.887
5.470, -0.8000, -9.881
5.480, -0.8000, -9.051
5.490, -0.8000, -9.539
5.500, -0.8000, -10.11
5.510, -0.8000, -8.474
5.520, -0.8000, -9.230
5.530, -0.8000, -8.565
5.540, -0.8000, -9.735
5.550, -0.8000, -9.014
5.560, -0.8000, -8.367
5.570, -0.8000, -8.303
5.580, -0.8000, -9.189
5.590, -0.8000, -9.104
5.600, -0.8000, -9.785
5.610, -0.8000, -8.555
5.620, -0.8000, -9.058
5.630, -0.8000, -8.401
5.640, -0.8000, -7.977
5.650, -0.8000, -8.852
5.660, -0.8000, -9.406
5.670, -0.8000, -9.285
5.680, -0.8000, -9.340
5.690, -0.8000, -9.797
5.700, -0.8000, -10.22
5.710, -0.8000, -9.379
5.720, -0.8000, -8.947
5.730, -0.8000, -9.450
5.740, -0.8000, -9.006
5.750, -0.8000, -8.806
5.760, -0.8000, -9.679
5.770, -0.8000, -9.321
5.780, -0.8000, -10.06
5.790, -0.8000, -9.906
5.800, -0.8000, -10.28
5.810, -0.8000, -10.06
5.820, -0.8000, -9.312
5.830, -0.8000, -8.726
5.840, -0.8000, -9.760
5.850, -0.8000, -9.977
5.860, -0.8000, -9.671
5.870, -0.8000, -9.348
5.880, -0.8000, -9.344
5.890, -0.8000, -9.949
5.900, -0.8000, -9.084
5.910, -0.8000, -9.344
5.920, -0.8000, -8.989
5.930, -0.8000, -9.372
5.940, -0.8000, -9.622
5.950, -0.8000, -9.536
5.960, -0.8000, -9.608
5.970, -0.8000, -8.511
5.980, -0.8000, -10.53
5.990, -0.8000, -8.832
6.000, -0.8000, -9.229
6.010, -0.8000, -8.852
6.020, -0.8000, -9.478
6.030, -0.8000, -8.205
6.040, -0.8000, -9.837
6.050, -0.8000, -9.502
6.060, -0.8000, -9.470
6.070, -0.8000, -8.932
6.080, -0.8000, -10.55
6.090, -0.8000, -8.786
6.100, -0.8000, -8.692
6.110, -0.8000, -9.700
6.120, -0.8000, -11.18
6.130, -0.8000, -10.17
6.140, -0.8000, -8.315
6.150, -0.8000, -9.188
6.160, -0.8000, -8.647
6.170, -0.8000, -9.439
6.180, -0.8000, -8.620
6.190, -0.8000, -8.687
6.200, -0.8000, -9.981
6.210, -0.8000, -8.251
6.220, -0.8000, -8.886
6.230, -0.8000, -9.071
6.240, -0.8000, -9.435
6.250, -0.8000, -8.210
6.260, -0.8000, -8.322
6.270, -0.8000, -9.414
6.280, -0.8000, -8.499
6.290, -0.8000, -8.944
6.300, -0.8000, -10.07
6.310, -0.8000, -9.543
6.320, -0.8000, -9.940
6.330, -0.8000, -8.388
6.340, -0.8000, -10.05
6.350, -0.8000, -10.09
6.360, -0.8000, -9.393
6.370, -0.8000, -8.389
6.380, -0.8000, -9.366
6.390, -0.8000, -8.220
6.400, -0.8000, -10.73
6.410, -0.8000, -9.891
6.420, -0.8000, -9.696
6.430, -0.8000, -8.857
6.440, -0.8000, -8.621
6.450, -0.8000, -9.515
6.460, -0.8000, -8.618
6.470, -0.8000, -8.707
6.480, -0.8000, -10.12
6.490, -0.8000, -8.882
6.500, -0.8000, -8.464
6.510, -0.8000, -9.315
6.520, -0.8000, -9.513
6.530, -0.8000, -8.251
6.540, -0.8000, -9.479
6.550, -0.8000, -10.11
6.560, -0.8000, -9.103
6.570, -0.8000, -9.106
6.580, -0.8000, -9.531
6.590, -0.8000, -9.129
6.600, -0.8000, -9.423
6.610, -0.8000, -9.761
6.620, -0.8000, -8.328
6.630, -0.8000, -8.144
6.640, -0.8000, -10.87
6.650, -0.8000, -9.559
6.660, -0.8000, -10.16
6.670, -0.8000, -10.30
6.680, -0.8000, -9.040
6.690, -0.8000, -8.659
6.700, -0.8000, -9.520
6.710, -0.8000, -8.885
6.720, -0.8000, -9.482
6.730, -0.8000, -11.00
6.740, -0.8000, -9.606
6.750, -0.8000, -8.663
6.760, -0.8000, -8.274
6.770, -0.8000, -9.868
6.780, -0.8000, -9.859
6.790, -0.8000, -9.103
6.800, -0.8000, -8.838
6.810, -0.8000, -9.500
6.820, -0.8000, -9.127
6.830, -0.8000, -8.934
6.840, -0.8000, -7.888
6.850, -0.8000, -10.43
6.860, -0.8000, -10.82
6.870, -0.8000, -8.988
6.880, -0.8000, -7.991
6.890, -0.8000, -9.737
6.900, -0.8000, -10.17
6.910, -0.8000, -9.381
6.920, -0.8000, -9.854
6.930, -0.8000, -9.648
6.940, -0.8000, -9.850
6.950, -0.8000, -9.160
6.960, -0.8000, -9.007
6.970, -0.8000, -9.029
6.980, -0.8000, -8.365
6.990, -0.8000, -9.273
7.000, -0.8000, -8.139
7.010, -0.8000, -8.699
7.020, -0.8000, -8.999
7.030, -0.8000, -10.28
7.040, -0.8000, -10.05
7.050, -0.8000, -9.000
7.060, -0.8000, -8.790
7.070, -0.8000, -9.904
7.080, -0.8000, -8.696
7.090, -0.8000, -10.31
7.100, -0.8000, -7.997
7.110, -0.8000, -10.76
7.120, -0.8000, -9.942
7.130, -0.8000, -8.792
7.140, -0.8000, -8.969
7.150, -0.8000, -9.371
7.160, -0.8000, -8.832
7.170, -0.8000, -9.105
7.180, -0.8000, -8.084
7.190, -0.8000, -10.23
7.200, -0.8000, -8.635
7.210, -0.8000, -9.163
7.220, -0.8000, -9.678
7.230, -0.8000, -9.507
7.240, -0.8000, -10.23
7.250, -0.8000, -8.606
7.260, -0.8000, -10.29
7.270, -0.8000, -8.868
7.280, -0.8000, -9.238
7.290, -0.8000, -8.670
7.300, -0.8000, -8.624
7.310, -0.8000, -9.266
7.320, -0.8000, -10.37
7.330, -0.8000, -10.08
7.340, -0.8000, -9.525
7.350, -0.8000, -7.996
7.360, -0.8000, -8.583
7.370, -0.8000, -9.988
7.380, -0.8000, -8.355
7.390, -0.8000, -9.501
7.400, -0.8000, -10.15
7.410, -0.8000, -9.211
7.420, -0.8000, -8.469
7.430, -0.8000, -8.821
7.440, -0.8000, -8.880
7.450, -0.8000, -9.795
7.460, -0.8000, -9.381
7.470, -0.8000, -7.795
7.480, -0.8000, -9.462
7.490, -0.8000, -8.970
7.500, -0.8000, -8.371
7.510, -0.8000, -8.133
7.520, -0.8000, -9.367
7.530, -0.8000, -10.90
7.540, -0.8000, -8.167
7.550, -0.8000, -7.789
7.560, -0.8000, -7.969
7.570, -0.8000, -10.10
7.580, -0.8000, -9.950
7.590, -0.8000, -8.395
7.600, -0.8000, -9.720
7.610, -0.8000, -10.42
7.620, -0.8000, -8.232
7.630, -0.8000, -9.240
7.640, -0.8000, -9.555
7.650, -0.8000, -9.016
7.660, -0.8000, -9.177
7.670, -0.8000, -8.773
7.680, -0.8000, -9.695
7.690, -0.8000, -9.211
7.700, -0.8000, -8.975
7.710, -0.8000, -8.753
7.720, -0.8000, -9.147
7.730, -0.8000, -11.77
7.740, -0.8000, -8.932
7.750, -0.8000, -8.989
7.760, -0.8000, -8.825
7.770, -0.8000, -9.716
7.780, -0.8000, -9.220
7.790, -0.8000, -8.592
7.800, -0.8000, -8.968
7.810, -0.8000, -10.26
7.820, -0.8000, -9.351
7.830, -0.8000, -9.721
7.840, -0.8000, -8.675
7.850, -0.8000, -8.877
7.860, -0.8000, -9.128
7.870, -0.8000, -9.373
7.880, -0.8000, -9.253
7.890, -0.8000, -9.837
7.900, -0.8000, -10.10
7.910, -0.8000, -9.036
7.920, -0.8000, -8.753
7.930, -0.8000, -8.694
7.940, -0.8000, -8.530
7.950, -0.8000, -8.613
7.960, -0.8000, -9.507
7.970, -0.8000, -10.21
7.980, -0.8000, -9.999
7.990, -0.8000, -9.358
8.000, -0.8000, -10.13
8.010, -0.8000, -8.890
8.020, -0.8000, -9.907
8.030, -0.8000, -8.717
8.040, -0.8000, -10.27
8.050, -0.8000, -8.821
8.060, -0.8000, -8.184
8.070, -0.8000, -8.100
8.080, -0.8000, -10.40
8.090, -0.8000, -9.635
8.100, -0.8000, -8.921
8.110, -0.8000, -7.994
8.120, -0.8000, -10.25
8.130, -0.8000, -8.788
8.140, -0.8000, -9.728
8.150, -0.8000, -7.655
8.160, -0.8000, -9.825
8.170, -0.8000, -9.389
8.180, -0.8000, -10.24
8.190, -0.8000, -8.842
8.200, -0.8000, -9.466
8.210, -0.8000, -9.584
8.220, -0.8000, -8.303
8.230, -0.8000, -9.136
8.240, -0.8000, -9.321
8.250, -0.8000, -9.285
8.260, -0.8000, -9.282
8.270, -0.8000, -9.897
8.280, -0.8000, -11.25
8.290, -0.8000, -8.116
8.300, -0.8000, -8.805
8.310, -0.8000, -9.200
8.320, -0.8000, -9.832
8.330, -0.8000, -9.249
8.340, -0.8000, -9.412
8.350, -0.8000, -9.112
8.360, -0.8000, -9.381
8.370, -0.8000, -9.643
8.380, -0.8000, -9.768
8.390, -0.8000, -7.671
8.400, -0.8000, -8.545
8.410, -0.8000, -8.943
8.420, -0.8000, -9.616
8.430, -0.8000, -8.939
8.440, -0.8000, -8.915
8.450, -0.8000, -9.101
8.460, -0.8000, -8.695
8.470, -0.8000, -8.625
8.480, -0.8000, -9.321
8.490, -0.8000, -10.16
8.500, -0.8000, -8.841
8.510, -0.8000, -9.286
8.520, -0.8000, -7.436
8.530, -0.8000, -10.56
8.540, -0.8000, -10.50
8.550, -0.8000, -9.231
8.560, -0.8000, -7.645
8.570, -0.8000, -9.158
8.580, -0.8000, -9.278
8.590, -0.8000, -8.946
8.600, -0.8000, -9.931
8.610, -0.8000, -10.16
8.620, -0.8000, -8.647
8.630, -0.8000, -8.937
8.640, -0.8000, -9.117
8.650, -0.8000, -8.848
8.660, -0.8000, -8.484
8.670, -0.8000, -8.836
8.680, -0.8000, -10.03
8.690, -0.8000, -10.16
8.700, -0.8000, -9.575
8.710, -0.8000, -8.082
8.720, -0.8000, -10.08
8.730, -0.8000, -9.060
8.740, -0.8000, -9.048
8.750, -0.8000, -9.106
8.760, -0.8000, -8.463
8.770, -0.8000, -9.766
8.780, -0.8000, -9.966
8.790, -0.8000, -8.420
8.800, -0.8000, -8.220
8.810, -0.8000, -10.74
8.820, -0.8000, -9.318
8.830, -0.8000, -8.829
8.840, -0.8000, -9.284
8.850, -0.8000, -9.162
8.860, -0.8000, -9.176
8.870, -0.8000, -8.365
8.880, -0.8000, -7.585
8.890, -0.8000, -10.34
8.900, -0.8000, -9.173
8.910, -0.8000, -7.950
8.920, -0.8000, -8.387
8.930, -0.8000, -9.912
8.940, -0.8000, -9.677
8.950, -0.8000, -8.936
8.960, -0.8000, -9.040
8.970, -0.8000, -10.12
8.980, -0.8000, -9.565
8.990, -0.8000, -9.012
9.000, -0.8000, -8.763
9.010, -0.8000, -8.200
9.020, -0.8000, -9.686
9.030, -0.8000, -9.735
9.040, -0.8000, -9.542
9.050, -0.8000, -7.541
9.060, -0.8000, -9.266
9.070, -0.8000, -9.999
9.080, -0.8000, -8.611
9.090, -0.8000, -8.948
9.100, -0.8000, -9.661
9.110, -0.8000, -9.466
9.120, -0.8000, -9.480
9.130, -0.8000, -8.662
9.140, -0.8000, -10.42
9.150, -0.8000, -8.335
9.160, -0.8000, -8.886
9.170, -0.8000, -9.111
9.180, -0.8000, -9.830
9.190, -0.8000, -9.242
9.200, -0.8000, -9.910
9.210, -0.8000, -8.415
9.220, -0.8000, -8.723
9.230, -0.8000, -8.859
9.240, -0.8000, -8.493
9.250, -0.8000, -10.09
9.260, -0.8000, -9.151
9.270, -0.8000, -8.877
9.280, -0.8000, -8.710
9.290, -0.8000, -11.45
9.300, -0.8000, -10.42
9.310, -0.8000, -8.679
9.320, -0.8000, -8.733
9.330, -0.8000, -8.632
9.340, -0.8000, -10.38
9.350, -0.8000, -9.543
9.360, -0.8000, -9.163
9.370, -0.8000, -9.354
9.380, -0.8000, -9.158
9.390, -0.8000, -9.049
9.400, -0.8000, -8.536
9.410, -0.8000, -9.055
9.420, -0.8000, -10.54
9.430, -0.8000, -9.293
9.440, -0.8000, -8.488
9.450, -0.8000, -8.746
9.460, -0.8000, -8.929
9.470, -0.8000, -8.807
9.480, -0.8000, -8.629
9.490, -0.8000, -9.225
9.500, -0.8000, -9.898
9.510, -0.8000, -9.996
9.520, -0.8000, -9.290
9.530, -0.8000, -8.815
9.540, -0.8000, -9.187
9.550, -0.8000, -9.169
9.560, -0.8000, -8.282
9.570, -0.8000, -10.36
9.580, -0.8000, -9.723
9.590, -0.8000, -8.456
9.600, -0.8000, -8.223
9.610, -0.8000, -9.384
9.620, -0.8000, -8.865
9.630, -0.8000, -8.837
9.640, -0.8000, -8.767
9.650, -0.8000, -9.517
9.660, -0.8000, -8.329
9.670, -0.8000, -9.044
9.680, -0.8000, -7.995
9.690, -0.8000, -10.04
9.700, -0.8000, -9.762
9.710, -0.8000, -8.673
9.720, -0.8000, -7.946
9.730, -0.8000, -9.789
9.740, -0.8000, -8.488
9.750, -0.8000, -8.735
9.760, -0.8000, -8.359
9.770, -0.8000, -9.713
9.780, -0.8000, -9.731
9.790, -0.8000, -9.205
9.800, -0.8000, -8.779
9.810, -0.8000, -10.00
9.820, -0.8000, -10.25
9.830, -0.8000, -9.599
9.840, -0.8000, -9.542
9.850, -0.8000, -8.361
9.860, -0.8000, -9.755
9.870, -0.8000, -10.24
9.880, -0.8000, -9.072
9.890, -0.8000, -8.178
9.900, -0.8000, -8.706
9.910, -0.8000, -9.231
9.920, -0.8000, -8.594
9.930, -0.8000, -8.935
9.940, -0.8000, -10.10
9.950, -0.8000, -8.851
9.960, -0.8000, -8.375
9.970, -0.8000, -10.27
9.980, -0.8000, -9.342
9.990, -0.8000, -8.840
10.00, -0.8000, -9.017
10.01, -0.8000, -9.594
10.02, -0.8000, -8.758
10.03, -0.8000, -8.775
10.04, -0.8000, -9.721
10.05, -0.8000, -8.379
10.06, -0.8000, -10.44
10.07, -0.8000, -9.728
10.08, -0.8000, -8.104
10.09, -0.8000, -10.21
10.10, -0.8000, -10.19
10.11, -0.8000, -9.216
10.12, -0.8000, -8.187
10.13, -0.8000, -9.231
10.14, -0.8000, -10.20
10.15, -0.8000, -9.494
10.16, -0.8000, -9.225
10.17, -0.8000, -9.040
10.18, -0.8000, -11.44
10.19, -0.8000, -8.311
10.20, -0.8000, -8.701
10.21, -0.8000, -9.475
10.22, -0.8000, -9.808
10.23, -0.8000, -8.565
10.24, -0.8000, -8.394
10.25, -0.8000, -8.700
10.26, -0.8000, -9.656
10.27, -0.8000, -9.434
10.28, -0.8000, -8.483
10.29, -0.8000, -9.231
10.30, -0.8000, -8.943
10.31, -0.8000, -8.929
10.32, -0.8000, -8.048
10.33, -0.8000, -8.492
10.34, -0.8000, -10.32
10.35, -0.8000, -9.543
10.36, -0.8000, -8.121
10.37, -0.8000, -8.055
10.38, -0.8000, -9.804
10.39, -0.8000, -9.186
10.40, -0.8000, -9.251
10.41, -0.8000, -8.950
10.42, -0.8000, -8.611
10.43, -0.8000, -9.351
10.44, -0.8000, -9.061
10.45, -0.8000, -8.597
10.46, -0.8000, -8.922
10.47, -0.8000, -8.931
10.48, -0.8000, -9.016
10.49, -0.8000, -8.999
10.50, -0.8000, -7.956
10.51, -0.8000, -11.33
10.52, -0.8000, -9.818
10.53, -0.8000, -8.616
10.54, -0.8000, -9.404
10.55, -0.8000, -9.386
10.56, -0.8000, -9.636
10.57, -0.8000, -9.914
10.58, -0.8000, -7.729
10.59, -0.8000, -9.234
10.60, -0.8000, -9.753
10.61, -0.8000, -9.824
10.62, -0.8000, -7.325
10.63, -0.8000, -9.303
10.64, -0.8000, -10.06
10.65, -0.8000, -9.051
10.66, -0.8000, -9.383
10.67, -0.8000, -9.871
10.68, -0.8000, -8.257
10.69, -0.8000, -8.789
10.70, -0.8000, -8.175
10.71, -0.8000, -9.083
10.72, -0.8000, -8.338
10.73, -0.8000, -9.304
10.74, -0.8000, -9.612
10.75, -0.8000, -9.723
10.76, -0.8000, -8.092
10.77, -0.8000, -8.346
10.78, -0.8000, -8.541
10.79, -0.8000, -8.841
10.80, -0.8000, -8.914
10.81, -0.8000, -8.710
10.82, -0.8000, -7.771
10.83, -0.8000, -9.386
10.84, -0.8000, -9.240
10.85, -0.8000, -8.985
10.86, -0.8000, -8.130
10.87, -0.8000, -10.50
10.88, -0.8000, -10.22
10.89, -0.8000, -9.130
10.90, -0.8000, -8.971
10.91, -0.8000, -9.640
10.92, -0.8000, -9.171
10.93, -0.8000, -9.152
10.94, -0.8000, -8.282
10.95, -0.8000, -8.214
10.96, -0.8000, -8.742
10.97, -0.8000, -9.083
10.98, -0.8000, -7.936
10.99, -0.8000, -11.25
11.00, -0.8000, -7.927
11.01, -0.8000, -8.990
11.02, -0.8000, -9.582
11.03, -0.8000, -8.623
11.04, -0.8000, -8.669
11.05, -0.8000, -7.917
11.06, -0.8000, -9.883
11.07, -0.8000, -8.459
11.08, -0.8000, -8.662
11.09, -0.8000, -8.908
11.10, -0.8000, -8.679
11.11, -0.8000, -8.760
11.12, -0.8000, -8.935
11.13, -0.8000, -9.719
11.14, -0.8000, -8.735
11.15, -0.8000, -10.60
11.16, -0.8000, -8.833
11.17, -0.8000, -8.037
11.18, -0.8000, -10.48
11.19, -0.8000, -8.629
11.20, -0.8000, -9.431
11.21, -0.8000, -7.873
11.22, -0.8000, -9.124
11.23, -0.8000, -9.964
11.24, -0.8000, -8.278
11.25, -0.8000, -8.807
11.26, -0.8000, -9.942
11.27, -0.8000, -9.948
11.28, -0.8000, -9.673
11.29, -0.8000, -9.449
11.30, -0.8000, -9.156
11.31, -0.8000, -9.978
11.32, -0.8000, -8.624
11.33, -0.8000, -8.024
11.34, -0.8000, -8.598
11.35, -0.8000, -10.23
11.36, -0.8000, -9.380
11.37, -0.8000, -8.137
11.38, -0.8000, -9.737
11.39, -0.8000, -9.047
11.40, -0.8000, -9.089
11.41, -0.8000, -7.978
11.42, -0.8000, -8.991
11.43, -0.8000, -9.071
11.44, -0.8000, -9.798
11.45, -0.8000, -8.144
11.46, -0.8000, -8.621
11.47, -0.8000, -8.224
11.48, -0.8000, -8.393
11.49, -0.8000, -8.052
11.50, -0.8000, -9.550
11.51, -0.8000, -8.795
11.52, -0.8000, -10.24
11.53, -0.8000, -9.308
11.54, -0.8000, -9.538
11.55, -0.8000, -10.64
11.56, -0.8000, -8.482
11.57, -0.8000, -9.428
11.58, -0.8000, -10.74
11.59, -0.8000, -10.37
11.60, -0.8000, -9.555
11.61, -0.8000, -9.002
11.62, -0.8000, -9.249
11.63, -0.8000, -10.12
11.64, -0.8000, -9.663
11.65, -0.8000, -7.991
11.66, -0.8000, -9.258
11.67, -0.8000, -9.313
11.68, -0.8000, -8.204
11.69, -0.8000, -9.099
11.70, -0.8000, -9.243
11.71, -0.8000, -8.478
11.72, -0.8000, -8.475
11.73, -0.8000, -8.773
11.74, -0.8000, -10.66
11.75, -0.8000, -8.632
11.76, -0.8000, -8.089
11.77, -0.8000, -8.892
11.78, -0.8000, -9.749
11.79, -0.8000, -9.110
11.80, -0.8000, -7.920
11.81, -0.8000, -8.371
11.82, -0.8000, -10.39
11.83, -0.8000, -8.485
11.84, -0.8000, -9.110
11.85, -0.8000, -7.697
11.86, -0.8000, -9.551
11.87, -0.8000, -8.344
11.88, -0.8000, -8.737
11.89, -0.8000, -7.548
11.90, -0.8000, -9.757
11.91, -0.8000, -9.031
11.92, -0.8000, -9.477
11.93, -0.8000, -8.974
11.94, -0.8000, -9.437
11.95, -0.8000, -10.25
11.96, -0.8000, -8.980
11.97, -0.8000, -8.226
11.98, -0.8000, -9.014
11.99, -0.8000, -9.583
12.00, -0.8000, -9.292
12.01, -0.8000, -8.328
12.02, -0.8000, -8.889
12.03, -0.8000, -8.809
12.04, -0.8000, -8.637
12.05, -0.8000, -10.26
12.06, -0.8000, -9.154
12.07, -0.8000, -10.16
12.08, -0.8000, -8.714
12.09, -0.8000, -9.189
12.10, -0.8000, -8.716
12.11, -0.8000, -8.464
12.12, -0.8000, -7.708
12.13, -0.8000, -9.669
12.14, -0.8000, -8.550
12.15, -0.8000, -8.653
12.16, -0.8000, -8.417
12.17, -0.8000, -9.595
12.18, -0.8000, -9.111
12.19, -0.8000, -9.288
12.20, -0.8000, -7.918
12.21, -0.8000, -9.331
12.22, -0.8000, -9.508
12.23, -0.8000, -8.303
12.24, -0.8000, -8.524
12.25, -0.8000, -9.212
12.26, -0.8000, -9.026
12.27, -0.8000, -9.021
12.28, -0.8000, -9.203
12.29, -0.8000, -8.730
12.30, -0.8000, -9.225
12.31, -0.8000, -8.364
12.32, -0.8000, -9.499
12.33, -0.8000, -9.752
12.34, -0.8000, -8.654
12.35, -0.8000, -8.982
12.36, -0.8000, -9.802
12.37, -0.8000, -9.020
12.38, -0.8000, -9.473
12.39, -0.8000, -8.815
12.40, -0.8000, -8.221
12.41, -0.8000, -10.07
12.42, -0.8000, -8.148
12.43, -0.8000, -8.759
12.44, -0.8000, -9.771
12.45, -0.8000, -9.053
12.46, -0.8000, -9.497
12.47, -0.8000, -9.801
12.48, -0.8000, -8.222
12.49, -0.8000, -7.592
12.50, -0.8000, -9.851
12.51, -0.8000, -8.799
12.52, -0.8000, -8.443
12.53, -0.8000, -7.184
12.54, -0.8000, -10.15
12.55, -0.8000, -8.292
12.56, -0.8000, -8.050
12.57, -0.8000, -8.854
12.58, -0.8000, -8.357
12.59, -0.8000, -8.662
12.60, -0.8000, -8.016
12.61, -0.8000, -8.253
12.62, -0.8000, -9.560
12.63, -0.8000, -8.291
12.64, -0.8000, -8.828
12.65, -0.8000, -10.06
12.66, -0.8000, -8.811
12.67, -0.8000, -8.202
12.68, -0.8000, -9.346
12.69, -0.8000, -8.495
12.70, -0.8000, -10.08
12.71, -0.8000, -9.571
12.72, -0.8000, -8.740
12.73, -0.8000, -7.882
12.74, -0.8000, -10.04
12.75, -0.8000, -8.542
12.76, -0.8000, -10.38
12.77, -0.8000, -10.36
12.78, -0.8000, -9.099
12.79, -0.8000, -8.298
12.80, -0.8000, -8.830
12.81, -0.8000, -8.907
12.82, -0.8000, -9.456
12.83, -0.8000, -8.042
12.84, -0.8000, -10.72
12.85, -0.8000, -8.784
12.86, -0.8000, -8.561
12.87, -0.8000, -9.314
12.88, -0.8000, -9.441
12.89, -0.8000, -7.808
12.90, -0.8000, -8.485
12.91, -0.8000, -9.572
12.92, -0.8000, -7.432
12.93, -0.8000, -7.646
12.94, -0.8000, -7.737
12.95, -0.8000, -9.848
12.96, -0.8000, -8.296
12.97, -0.8000, -8.455
12.98, -0.8000, -8.340
12.99, -0.8000, -10.63
13.00, -0.8000, -8.457
13.01, -0.8000, -8.605
13.02, -0.8000, -7.479
13.03, -0.8000, -9.392
13.04, -0.8000, -8.845
13.05, -0.8000, -8.485
13.06, -0.8000, -9.080
13.07, -0.8000, -8.916
13.08, -0.8000, -8.468
13.09, -0.8000, -7.936
13.10, -0.8000, -8.721
13.11, -0.8000, -9.801
13.12, -0.8000, -8.485
13.13, -0.8000, -9.452
13.14, -0.8000, -9.195
13.15, -0.8000, -8.103
13.16, -0.8000, -9.097
13.17, -0.8000, -8.844
13.18, -0.8000, -7.676
13.19, -0.8000, -8.406
13.20, -0.8000, -9.323
13.21, -0.8000, -9.207
13.22, -0.8000, -8.232
13.23, -0.8000, -7.377
13.24, -0.8000, -9.703
13.25, -0.8000, -9.312
13.26, -0.8000, -9.425
13.27, -0.8000, -8.324
13.28, -0.8000, -9.117
13.29, -0.8000, -8.642
13.30, -0.8000, -7.861
13.31, -0.8000, -7.917
13.32, -0.8000, -10.21
13.33, -0.8000, -8.536
13.34, -0.8000, -9.428
13.35, -0.8000, -8.189
13.36, -0.8000, -8.482
13.37, -0.8000, -8.337
13.38, -0.8000, -8.239
13.39, -0.8000, -8.105
13.40, -0.8000, -8.574
13.41, -0.8000, -8.506
13.42, -0.8000, -9.698
13.43, -0.8000, -10.10
13.44, -0.8000, -8.851
13.45, -0.8000, -8.955
13.46, -0.8000, -9.549
13.47, -0.8000, -8.653
13.48, -0.8000, -8.391
13.49, -0.8000, -9.219
13.50, -0.8000, -9.874
13.51, -0.8000, -9.361
13.52, -0.8000, -7.630
13.53, -0.8000, -8.615
13.54, -0.8000, -9.664
13.55, -0.8000, -9.428
13.56, -0.8000, -8.547
13.57, -0.8000, -9.012
13.58, -0.8000, -7.556
13.59, -0.8000, -8.798
13.60, -0.8000, -7.684
13.61, -0.8000, -8.994
13.62, -0.8000, -8.977
13.63, -0.8000, -7.697
13.64, -0.8000, -9.429
13.65, -0.8000, -9.631
13.66, -0.8000, -8.354
13.67, -0.8000, -8.994
13.68, -0.8000, -10.34
13.69, -0.8000, -8.691
13.70, -0.8000, -8.839
13.71, -0.8000, -8.685
13.72, -0.8000, -8.855
13.73, -0.8000, -8.798
13.74, -0.8000, -8.710
13.75, -0.8000, -8.746
13.76, -0.8000, -8.340
13.77, -0.8000, -10.58
13.78, -0.8000, -8.718
13.79, -0.8000, -8.681
13.80, -0.8000, -9.859
13.81, -0.8000, -9.041
13.82, -0.8000, -8.910
13.83, -0.8000, -8.537
13.84, -0.8000, -8.553
13.85, -0.8000, -8.885
13.86, -0.8000, -8.716
13.87, -0.8000, -8.373
13.88, -0.8000, -8.671
13.89, -0.8000, -8.439
13.90, -0.8000, -7.866
13.91, -0.8000, -8.497
13.92, -0.8000, -7.730
13.93, -0.8000, -9.199
13.94, -0.8000, -9.271
13.95, -0.8000, -9.847
13.96, -0.8000, -7.103
13.97, -0.8000, -8.887
13.98, -0.8000, -8.067
13.99, -0.8000, -9.266
14.00, -0.8000, -7.538
14.01, -0.8000, -8.703
14.02, -0.8000, -9.915
14.03, -0.8000, -8.400
14.04, -0.8000, -8.543
14.05, -0.8000, -8.686
14.06, -0.8000, -9.417
14.07, -0.8000, -8.238
14.08, -0.8000, -8.107
14.09, -0.8000, -8.341
14.10, -0.8000, -9.425
14.11, -0.8000, -8.395
14.12, -0.8000, -8.302
14.13, -0.8000, -7.668
14.14, -0.8000, -9.207
14.15, -0.8000, -8.526
14.16, -0.8000, -9.402
14.17, -0.8000, -7.917
14.18, -0.8000, -10.92
14.19, -0.8000, -8.004
14.20, -0.8000, -8.069
14.21, -0.8000, -7.742
14.22, -0.8000, -8.789
14.23, -0.8000, -9.268
14.24, -0.8000, -9.302
14.25, -0.8000, -8.554
14.26, -0.8000, -9.957
14.27, -0.8000, -8.908
14.28, -0.8000, -7.850
14.29, -0.8000, -9.837
14.30, -0.8000, -9.047
14.31, -0.8000, -8.896
14.32, -0.8000, -9.056
14.33, -0.8000, -8.359
14.34, -0.8000, -8.942
14.35, -0.8000, -8.242
14.36, -0.8000, -8.487
14.37, -0.8000, -8.613
14.38, -0.8000, -9.963
14.39, -0.8000, -9.099
14.40, -0.8000, -8.352
14.41, -0.8000, -9.079
14.42, -0.8000, -9.071
14.43, -0.8000, -8.085
14.44, -0.8000, -9.506
14.45, -0.8000, -9.499
14.46, -0.8000, -8.278
14.47, -0.8000, -9.369
14.48, -0.8000, -8.785
14.49, -0.8000, -8.704
14.50, -0.8000, -9.443
14.51, -0.8000, -7.997
14.52, -0.8000, -8.800
14.53, -0.8000, -10.43
14.54, -0.8000, -9.079
14.55, -0.8000, -8.822
14.56, -0.8000, -8.423
14.57, -0.8000, -9.661
14.58, -0.8000, -9.014
14.59, -0.8000, -10.64
14.60, -0.8000, -8.821
14.61, -0.8000, -8.636
14.62, -0.8000, -10.43
14.63, -0.8000, -8.415
14.64, -0.8000, -8.598
14.65, -0.8000, -8.672
14.66, -0.8000, -8.186
14.67, -0.8000, -8.697
14.68, -0.8000, -8.813
14.69, -0.8000, -9.164
14.70, -0.8000, -9.247
14.71, -0.8000, -9.215
14.72, -0.8000, -7.629
14.73, -0.8000, -8.762
14.74, -0.8000, -10.46
14.75, -0.8000, -8.854
14.76, -0.8000, -8.431
14.77, -0.8000, -10.23
14.78, -0.8000, -8.308
14.79, -0.8000, -9.093
14.80, -0.8000, -9.682
14.81, -0.8000, -9.961
14.82, -0.8000, -8.612
14.83, -0.8000, -8.195
14.84, -0.8000, -9.529
14.85, -0.8000, -8.698
14.86, -0.8000, -8.791
14.87, -0.8000, -9.314
14.88, -0.8000, -9.656
14.89, -0.8000, -8.686
14.90, -0.8000, -9.122
14.91, -0.8000, -7.388
14.92, -0.8000, -9.425
14.93, -0.8000, -8.626
14.94, -0.8000, -8.929
14.95, -0.8000, -9.187
14.96, -0.8000, -9.222
14.97, -0.8000, -9.063
14.98, -0.8000, -7.783
14.99, -0.8000, -8.545
15.00, -0.8000, -9.648
15.01, -0.8000, -8.582
15.02, -0.8000, -9.016
15.03, -0.8000, -7.773
15.04, -0.8000, -9.101
15.05, -0.8000, -8.626
15.06, -0.8000, -8.990
15.07, -0.8000, -9.542
15.08, -0.8000, -8.703
15.09, -0.8000, -8.927
15.10, -0.8000, -7.185
15.11, -0.8000, -8.017
15.12, -0.8000, -9.451
15.13, -0.8000, -8.895
15.14, -0.8000, -7.961
15.15, -0.8000, -10.12
15.16, -0.8000, -8.090
15.17, -0.8000, -8.729
15.18, -0.8000, -7.842
15.19, -0.8000, -9.328
15.20, -0.8000, -8.868
15.21, -0.8000, -7.696
15.22, -0.8000, -9.707
15.23, -0.8000, -9.073
15.24, -0.8000, -8.537
15.25, -0.8000, -9.819
15.26, -0.8000, -9.471
15.27, -0.8000, -9.862
15.28, -0.8000, -8.378
15.29, -0.8000, -8.608
15.30, -0.8000, -7.809
15.31, -0.8000, -8.828
15.32, -0.8000, -9.013
15.33, -0.8000, -7.967
15.34, -0.8000, -10.87
15.35, -0.8000, -8.982
15.36, -0.8000, -7.823
15.37, -0.8000, -8.005
15.38, -0.8000, -10.46
15.39, -0.8000, -9.430
15.40, -0.8000, -8.811
15.41, -0.8000, -8.294
15.42, -0.8000, -8.390
15.43, -0.8000, -8.281
15.44, -0.8000, -9.047
15.45, -0.8000, -7.976
15.46, -0.8000, -9.084
15.47, -0.8000, -8.904
15.48, -0.8000, -7.607
15.49, -0.8000, -9.180
15.50, -0.8000, -8.335
15.51, -0.8000, -9.190
15.52, -0.8000, -8.488
15.53, -0.8000, -9.065
15.54, -0.8000, -9.362
15.55, -0.8000, -8.908
15.56, -0.8000, -8.506
15.57, -0.8000, -9.410
15.58, -0.8000, -9.232
15.59, -0.8000, -7.297
15.60, -0.8000, -9.626
15.61, -0.8000, -9.683
15.62, -0.8000, -9.172
15.63, -0.8000, -8.406
15.64, -0.8000, -10.46
15.65, -0.8000, -9.840
15.66, -0.8000, -8.120
15.67, -0.8000, -9.937
15.68, -0.8000, -9.565
15.69, -0.8000, -9.339
15.70, -0.8000, -8.587
15.71, -0.8000, -10.37
15.72, -0.8000, -8.575
15.73, -0.8000, -8.267
15.74, -0.8000, -8.082
15.75, -0.8000, -9.897
15.76, -0.8000, -8.689
15.77, -0.8000, -7.964
15.78, -0.8000, -8.188
15.79, -0.8000, -9.205
15.80, -0.8000, -9.752
15.81, -0.8000, -6.952
15.82, -0.8000, -8.538
15.83, -0.8000, -9.001
15.84, -0.8000, -8.650
15.85, -0.8000, -8.011
15.86, -0.8000, -9.041
15.87, -0.8000, -8.553
15.88, -0.8000, -7.424
15.89, -0.8000, -8.589
15.90, -0.8000, -9.531
15.91, -0.8000, -8.239
15.92, -0.8000, -8.426
15.93, -0.8000, -9.119
15.94, -0.8000, -9.087
15.95, -0.8000, -9.205
15.96, -0.8000, -8.318
15.97, -0.8000, -8.420
15.98, -0.8000, -7.807
15.99, -0.8000, -8.349
16.00, -0.8000, -8.724
16.01, -0.8000, -8.476
16.02, -0.8000, -7.627
16.03, -0.8000, -8.646
16.04, -0.8000, -8.570
16.05, -0.8000, -9.724
16.06, -0.8000, -9.311
16.07, -0.8000, -8.305
16.08, -0.8000, -9.806
16.09, -0.8000, -8.737
16.10, -0.8000, -9.375
16.11, -0.8000, -8.070
16.12, -0.8000, -9.660
16.13, -0.8000, -8.654
16.14, -0.8000, -8.739
16.15, -0.8000, -8.299
16.16, -0.8000, -8.567
16.17, -0.8000, -9.792
16.18, -0.8000, -7.819
16.19, -0.8000, -7.755
16.20, -0.8000, -10.57
16.21, -0.8000, -9.013
16.22, -0.8000, -8.065
16.23, -0.8000, -8.232
16.24, -0.8000, -10.03
16.25, -0.8000, -8.563
16.26, -0.8000, -7.963
16.27, -0.8000, -7.861
16.28, -0.8000, -11.74
16.29, -0.8000, -8.266
16.30, -0.8000, -7.339
16.31, -0.8000, -8.389
16.32, -0.8000, -8.543
16.33, -0.8000, -8.506
16.34, -0.8000, -8.800
16.35, -0.8000, -8.123
16.36, -0.8000, -9.540
16.37, -0.8000, -9.263
16.38, -0.8000, -8.102
16.39, -0.8000, -8.384
16.40, -0.8000, -8.459
16.41, -0.8000, -10.09
16.42, -0.8000, -8.222
16.43, -0.8000, -8.746
16.44, -0.8000, -7.950
16.45, -0.8000, -8.039
16.46, -0.8000, -8.781
16.47, -0.8000, -9.556
16.48, -0.8000, -9.295
16.49, -0.8000, -8.049
16.50, -0.8000, -8.057
16.51, -0.8000, -8.058
16.52, -0.8000, -8.205
16.53, -0.8000, -11.10
16.54, -0.8000, -8.162
16.55, -0.8000, -8.099
16.56, -0.8000, -8.622
16.57, -0.8000, -8.582
16.58, -0.8000, -8.019
16.59, -0.8000, -8.312
16.60, -0.8000, -9.618
16.61, -0.8000, -8.804
16.62, -0.8000, -8.226
16.63, -0.8000, -8.062
16.64, -0.8000, -10.11
16.65, -0.8000, -8.522
16.66, -0.8000, -8.252
16.67, -0.8000, -7.849
16.68, -0.8000, -9.718
16.69, -0.8000, -7.611
16.70, -0.8000, -8.105
16.71, -0.8000, -8.074
16.72, -0.8000, -9.502
16.73, -0.8000, -9.516
16.74, -0.8000, -8.575
16.75, -0.8000, -8.638
16.76, -0.8000, -8.526
16.77, -0.8000, -7.738
16.78, -0.8000, -9.313
16.79, -0.8000, -8.668
16.80, -0.8000, -8.716
16.81, -0.8000, -8.498
16.82, -0.8000, -9.036
16.83, -0.8000, -10.43
16.84, -0.8000, -8.140
16.85, -0.8000, -7.692
16.86, -0.8000, -8.217
16.87, -0.8000, -9.537
16.88, -0.8000, -9.492
16.89, -0.8000, -8.011
16.90, -0.8000, -7.652
16.91, -0.8000, -8.255
16.92, -0.8000, -9.287
16.93, -0.8000, -8.907
16.94, -0.8000, -8.513
16.95, -0.8000, -9.927
16.96, -0.8000, -7.871
16.97, -0.8000, -9.344
16.98, -0.8000, -7.920
16.99, -0.8000, -8.371
17.00, -0.8000, -7.552
17.01, -0.8000, -9.143
17.02, -0.8000, -9.045
17.03, -0.8000, -8.350
17.04, -0.8000, -8.301
17.05, -0.8000, -8.635
17.06, -0.8000, -8.642
17.07, -0.8000, -9.546
17.08, -0.8000, -8.436
17.09, -0.8000, -7.565
17.10, -0.8000, -8.599
17.11, -0.8000, -8.033
17.12, -0.8000, -8.861
17.13, -0.8000, -9.501
17.14, -0.8000, -9.100
17.15, -0.8000, -8.785
17.16, -0.8000, -8.742
17.17, -0.8000, -7.993
17.18, -0.8000, -7.865
17.19, -0.8000, -7.691
17.20, -0.8000, -8.905
17.21, -0.8000, -8.445
17.22, -0.8000, -8.549
17.23, -0.8000, -10.17
17.24, -0.8000, -9.435
17.25, -0.8000, -8.292
17.26, -0.8000, -7.327
17.27, -0.8000, -9.775
17.28, -0.8000, -8.774
17.29, -0.8000, -10.17
17.30, -0.8000, -7.498
17.31, -0.8000, -8.984
17.32, -0.8000, -9.728
17.33, -0.8000, -8.281
17.34, -0.8000, -7.942
17.35, -0.8000, -9.196
17.36, -0.8000, -8.178
17.37, -0.8000, -8.238
17.38, -0.8000, -8.686
17.39, -0.8000, -10.49
17.40, -0.8000, -8.370
17.41, -0.8000, -7.798
17.42, -0.8000, -8.493
17.43, -0.8000, -8.678
17.44, -0.8000, -8.860
17.45, -0.8000, -7.892
17.46, -0.8000, -8.238
17.47, -0.8000, -8.802
17.48, -0.8000, -8.028
17.49, -0.8000, -7.961
17.50, -0.8000, -8.113
17.51, -0.8000, -9.717
17.52, -0.8000, -8.929
17.53, -0.8000, -8.294
17.54, -0.8000, -8.089
17.55, -0.8000, -9.215
17.56, -0.8000, -8.247
17.57, -0.8000, -9.299
17.58, -0.8000, -8.283
17.59, -0.8000, -8.949
17.60, -0.8000, -9.706
17.61, -0.8000, -8.019
17.62, -0.8000, -8.473
17.63, -0.8000, -10.14
17.64, -0.8000, -9.326
17.65, -0.8000, -8.736
17.66, -0.8000, -7.515
17.67, -0.8000, -9.295
17.68, -0.8000, -8.304
17.69, -0.8000, -8.138
17.70, -0.8000, -8.158
17.71, -0.8000, -8.418
17.72, -0.8000, -9.340
17.73, -0.8000, -8.346
17.74, -0.8000, -8.422
17.75, -0.8000, -7.823
17.76, -0.8000, -8.496
17.77, -0.8000, -8.669
17.78, -0.8000, -9.811
17.79, -0.8000, -8.155
17.80, -0.8000, -9.649
17.81, -0.8000, -8.885
17.82, -0.8000, -7.866
17.83, -0.8000, -8.364
17.84, -0.8000, -9.134
17.85, -0.8000, -9.906
17.86, -0.8000, -7.163
17.87, -0.8000, -6.890
17.88, -0.8000, -10.01
17.89, -0.8000, -8.940
17.90, -0.8000, -7.792
17.91, -0.8000, -7.846
17.92, -0.8000, -8.926
17.93, -0.8000, -7.592
17.94, -0.8000, -8.165
17.95, -0.8000, -7.590
17.96, -0.8000, -8.828
17.97, -0.8000, -8.638
17.98, -0.8000, -7.789
17.99, -0.8000, -10.01
18.00, -0.8000, -10.14
18.01, -0.8000, -9.565
18.02, -0.8000, -7.634
18.03, -0.8000, -8.746
18.04, -0.8000, -7.933
18.05, -0.8000, -8.173
18.06, -0.8000, -7.780
18.07, -0.8000, -9.280
18.08, -0.8000, -8.331
18.09, -0.8000, -8.684
18.10, -0.8000, -9.457
18.11, -0.8000, -8.829
18.12, -0.8000, -10.69
18.13, -0.8000, -7.263
18.14, -0.8000, -8.371
18.15, -0.8000, -9.071
18.16, -0.8000, -8.275
18.17, -0.8000, -7.261
18.18, -0.8000, -8.112
18.19, -0.8000, -8.059
18.20, -0.8000, -8.132
18.21, -0.8000, -7.889
18.22, -0.8000, -9.689
18.23, -0.8000, -9.283
18.24, -0.8000, -9.592
18.25, -0.8000, -8.105
18.26, -0.8000, -8.338
18.27, -0.8000, -8.361
18.28, -0.8000, -8.275
18.29, -0.8000, -9.206
18.30, -0.8000, -9.033
18.31, -0.8000, -9.522
18.32, -0.8000, -9.217
18.33, -0.8000, -8.239
18.34, -0.8000, -9.153
18.35, -0.8000, -9.923
18.36, -0.8000, -9.246
18.37, -0.8000, -9.158
18.38, -0.8000, -9.225
18.39, -0.8000, -7.840
18.40, -0.8000, -9.450
18.41, -0.8000, -7.754
18.42, -0.8000, -9.523
18.43, -0.8000, -8.597
18.44, -0.8000, -9.135
18.45, -0.8000, -7.616
18.46, -0.8000, -8.014
18.47, -0.8000, -8.737
18.48, -0.8000, -9.071
18.49, -0.8000, -8.390
18.50, -0.8000, -7.963
18.51, -0.8000, -10.32
18.52, -0.8000, -8.410
18.53, -0.8000, -8.123
18.54, -0.8000, -8.544
18.55, -0.8000, -10.84
18.56, -0.8000, -8.055
18.57, -0.8000, -8.878
18.58, -0.8000, -10.28
18.59, -0.8000, -8.725
18.60, -0.8000, -9.050
18.61, -0.8000, -8.658
18.62, -0.8000, -9.218
18.63, -0.8000, -7.862
18.64, -0.8000, -9.139
18.65, -0.8000, -9.427
18.66, -0.8000, -7.851
18.67, -0.8000, -9.222
18.68, -0.8000, -8.077
18.69, -0.8000, -8.748
18.70, -0.8000, -9.644
18.71, -0.8000, -8.459
18.72, -0.8000, -8.256
18.73, -0.8000, -9.121
18.74, -0.8000, -8.873
18.75, -0.8000, -8.798
18.76, -0.8000, -8.669
18.77, -0.8000, -9.116
18.78, -0.8000, -8.384
18.79, -0.8000, -7.296
18.80, -0.8000, -7.999
18.81, -0.8000, -9.214
18.82, -0.8000, -8.013
18.83, -0.8000, -8.169
18.84, -0.8000, -9.318
18.85, -0.8000, -7.632
18.86, -0.8000, -8.254
18.87, -0.8000, -7.951
18.88, -0.8000, -9.141
18.89, -0.8000, -8.799
18.90, -0.8000, -8.277
18.91, -0.8000, -7.407
18.92, -0.8000, -8.441
18.93, -0.8000, -8.637
18.94, -0.8000, -7.970
18.95, -0.8000, -8.932
18.96, -0.8000, -11.01
18.97, -0.8000, -8.283
18.98, -0.8000, -7.803
18.99, -0.8000, -7.441
19.00, -0.8000, -8.764
19.01, -0.8000, -8.151
19.02, -0.8000, -8.017
19.03, -0.8000, -7.757
19.04, -0.8000, -9.435
19.05, -0.8000, -7.803
19.06, -0.8000, -9.161
19.07, -0.8000, -8.175
19.08, -0.8000, -8.202
19.09, -0.8000, -8.316
19.10, -0.8000, -8.049
19.11, -0.8000, -9.148
19.12, -0.8000, -7.951
19.13, -0.8000, -9.216
19.14, -0.8000, -8.124
19.15, -0.8000, -9.547
19.16, -0.8000, -8.608
19.17, -0.8000, -7.624
19.18, -0.8000, -7.430
19.19, -0.8000, -9.165
19.20, -0.8000, -7.466
19.21, -0.8000, -7.574
19.22, -0.8000, -7.271
19.23, -0.8000, -8.293
19.24, -0.8000, -9.523
19.25, -0.8000, -8.536
19.26, -0.8000, -8.836
19.27, -0.8000, -8.444
19.28, -0.8000, -9.338
19.29, -0.8000, -6.894
19.30, -0.8000, -9.480
19.31, -0.8000, -9.251
19.32, -0.8000, -7.849
19.33, -0.8000, -7.647
19.34, -0.8000, -9.284
19.35, -0.8000, -8.605
19.36, -0.8000, -7.661
19.37, -0.8000, -8.467
19.38, -0.8000, -8.454
19.39, -0.8000, -8.515
19.40, -0.8000, -7.169
19.41, -0.8000, -10.00
19.42, -0.8000, -7.954
19.43, -0.8000, -7.958
19.44, -0.8000, -9.538
19.45, -0.8000, -9.985
19.46, -0.8000, -8.503
19.47, -0.8000, -8.710
19.48, -0.8000, -8.367
19.49, -0.8000, -9.174
19.50, -0.8000, -8.026
19.51, -0.8000, -8.593
19.52, -0.8000, -7.542
19.53, -0.8000, -9.345
19.54, -0.8000, -7.914
19.55, -0.8000, -10.19
19.56, -0.8000, -7.839
19.57, -0.8000, -9.486
19.58, -0.8000, -8.547
19.59, -0.8000, -9.018
19.60, -0.8000, -7.553
19.61, -0.8000, -9.219
19.62, -0.8000, -8.314
19.63, -0.8000, -8.473
19.64, -0.8000, -8.589
19.65, -0.8000, -9.335
19.66, -0.8000, -8.232
19.67, -0.8000, -8.310
19.68, -0.8000, -7.758
19.69, -0.8000, -8.149
19.70, -0.8000, -9.225
19.71, -0.8000, -7.294
19.72, -0.8000, -7.898
19.73, -0.8000, -9.252
19.74, -0.8000, -9.130
19.75, -0.8000, -7.982
19.76, -0.8000, -7.984
19.77, -0.8000, -9.691
19.78, -0.8000, -7.997
19.79, -0.8000, -7.553
19.80, -0.8000, -7.997
19.81, -0.8000, -9.306
19.82, -0.8000, -7.535
19.83, -0.8000, -7.781
19.84, -0.8000, -7.861
19.85, -0.8000, -8.772
19.86, -0.8000, -8.320
19.87, -0.8000, -8.627
19.88, -0.8000, -8.338
19.89, -0.8000, -8.800
19.90, -0.8000, -8.595
19.91, -0.8000, -7.760
19.92, -0.8000, -8.109
19.93, -0.8000, -8.081
19.94, -0.8000, -7.786
19.95, -0.8000, -7.705
19.96, -0.8000, -8.119
19.97, -0.8000, -8.772
19.98, -0.8000, -8.259
19.99, -0.8000, -8.263
20.00, -0.8000, -8.842
20.01, -0.8000, -8.615
20.02, -0.8000, -9.505
20.03, -0.8000, -7.082
20.04, -0.8000, -8.672
20.05, -0.8000, -9.177
20.06, -0.8000, -7.430
20.07, -0.8000, -8.502
20.08, -0.8000, -8.544
20.09, -0.8000, -8.019
20.10, -0.8000, -7.528
20.11, -0.8000, -7.909
20.12, -0.8000, -9.951
20.13, -0.8000, -7.876
20.14, -0.8000, -9.291
20.15, -0.8000, -7.260
20.16, -0.8000, -8.618
20.17, -0.8000, -7.508
20.18, -0.8000, -7.860
20.19, -0.8000, -7.674
20.20, -0.8000, -8.512
20.21, -0.8000, -7.938
20.22, -0.8000, -7.781
20.23, -0.8000, -7.944
20.24, -0.8000, -9.265
20.25, -0.8000, -8.202
20.26, -0.8000, -7.078
20.27, -0.8000, -8.752
20.28, -0.8000, -7.667
20.29, -0.8000, -8.074
20.30, -0.8000, -7.212
20.31, -0.8000, -9.717
20.32, -0.8000, -8.004
20.33, -0.8000, -7.578
20.34, -0.8000, -8.511
20.35, -0.8000, -8.800
20.36, -0.8000, -8.544
20.37, -0.8000, -7.625
20.38, -0.8000, -7.825
20.39, -0.8000, -8.513
20.40, -0.8000, -8.362
20.41, -0.8000, -7.908
20.42, -0.8000, -8.782
20.43, -0.8000, -9.379
20.44, -0.8000, -9.481
20.45, -0.8000, -7.415
20.46, -0.8000, -8.427
20.47, -0.8000, -8.222
20.48, -0.8000, -8.178
20.49, -0.8000, -9.303
20.50, -0.8000, -8.432
20.51, -0.8000, -9.054
20.52, -0.8000, -8.073
20.53, -0.8000, -8.478
20.54, -0.8000, -8.670
20.55, -0.8000, -7.866
20.56, -0.8000, -7.708
20.57, -0.8000, -10.32
20.58, -0.8000, -8.216
20.59, -0.8000, -7.650
20.60, -0.8000, -8.736
20.61, -0.8000, -9.706
20.62, -0.8000, -7.652
20.63, -0.8000, -8.015
20.64, -0.8000, -10.06
20.65, -0.8000, -8.857
20.66, -0.8000, -7.678
20.67, -0.8000, -8.514
20.68, -0.8000, -8.547
20.69, -0.8000, -8.948
20.70, -0.8000, -7.863
20.71, -0.8000, -8.475
20.72, -0.8000, -8.626
20.73, -0.8000, -8.994
20.74, -0.8000, -8.660
20.75, -0.8000, -7.636
20.76, -0.8000, -8.803
20.77, -0.8000, -8.079
20.78, -0.8000, -9.080
20.79, -0.8000, -7.893
20.80, -0.8000, -8.822
20.81, -0.8000, -9.521
20.82, -0.8000, -8.722
20.83, -0.8000, -9.506
20.84, -0.8000, -8.314
20.85, -0.8000, -8.329
20.86, -0.8000, -9.926
20.87, -0.8000, -8.681
20.88, -0.8000, -9.325
20.89, -0.8000, -8.594
20.90, -0.8000, -8.467
20.91, -0.8000, -9.902
20.92, -0.8000, -8.456
20.93, -0.8000, -8.304
20.94, -0.8000, -7.971
20.95, -0.8000, -8.833
20.96, -0.8000, -7.766
20.97, -0.8000, -8.459
20.98, -0.8000, -9.000
20.99, -0.8000, -8.968
21.00, -0.8000, -8.906
21.01, -0.8000, -8.373
21.02, -0.8000, -8.096
21.03, -0.8000, -8.710
21.04, -0.8000, -8.161
21.05, -0.8000, -8.143
21.06, -0.8000, -7.848
21.07, -0.8000, -7.951
21.08, -0.8000, -7.024
21.09, -0.8000, -9.958
21.10, -0.8000, -8.299
21.11, -0.8000, -8.441
21.12, -0.8000, -6.676
21.13, -0.8000, -8.261
21.14, -0.8000, -7.723
21.15, -0.8000, -8.163
21.16, -0.8000, -8.790
21.17, -0.8000, -8.934
21.18, -0.8000, -9.001
21.19, -0.8000, -8.878
21.20, -0.8000, -8.824
21.21, -0.8000, -8.051
21.22, -0.8000, -8.430
21.23, -0.8000, -7.166
21.24, -0.8000, -9.365
21.25, -0.8000, -7.963
21.26, -0.8000, -8.952
21.27, -0.8000, -7.620
21.28, -0.8000, -8.033
21.29, -0.8000, -10.14
21.30, -0.8000, -8.753
21.31, -0.8000, -8.676
21.32, -0.8000, -9.160
21.33, -0.8000, -7.527
21.34, -0.8000, -9.724
21.35, -0.8000, -7.527
21.36, -0.8000, -9.074
21.37, -0.8000, -7.571
21.38, -0.8000, -9.556
21.39, -0.8000, -8.963
21.40, -0.8000, -9.201
21.41, -0.8000, -8.498
21.42, -0.8000, -8.250
21.43, -0.8000, -7.624
21.44, -0.8000, -7.827
21.45, -0.8000, -9.030
21.46, -0.8000, -9.887
21.47, -0.8000, -7.792
21.48, -0.8000, -7.632
21.49, -0.8000, -9.220
21.50, -0.8000, -7.475
21.51, -0.8000, -8.287
21.52, -0.8000, -8.862
21.53, -0.8000, -8.467
21.54, -0.8000, -8.375
21.55, -0.8000, -8.293
21.56, -0.8000, -9.080
21.57, -0.8000, -8.727
21.58, -0.8000, -8.239
21.59, -0.8000, -8.020
21.60, -0.8000, -9.292
21.61, -0.8000, -7.835
21.62, -0.8000, -7.907
21.63, -0.8000, -7.756
21.64, -0.8000, -9.539
21.65, -0.8000, -8.235
21.66, -0.8000, -8.757
21.67, -0.8000, -7.876
21.68, -0.8000, -9.230
21.69, -0.8000, -7.894
21.70, -0.8000, -8.268
21.71, -0.8000, -8.112
21.72, -0.8000, -8.635
21.73, -0.8000, -8.514
21.74, -0.8000, -7.950
21.75, -0.8000, -8.589
21.76, -0.8000, -9.052
21.77, -0.8000, -8.078
21.78, -0.8000, -7.306
21.79, -0.8000, -7.732
21.80, -0.8000, -9.137
21.81, -0.8000, -9.657
21.82, -0.8000, -9.032
21.83, -0.8000, -7.681
21.84, -0.8000, -8.272
21.85, -0.8000, -8.184
21.86, -0.8000, -9.052
21.87, -0.8000, -8.380
21.88, -0.8000, -8.802
21.89, -0.8000, -9.534
21.90, -0.8000, -8.437
21.91, -0.8000, -7.844
21.92, -0.8000, -8.151
21.93, -0.8000, -8.227
21.94, -0.8000, -8.258
21.95, -0.8000, -7.549
21.96, -0.8000, -8.813
21.97, -0.8000, -7.648
21.98, -0.8000, -7.815
21.99, -0.8000, -9.447
22.00, -0.8000, -7.898
22.01, -0.8000, -7.220
22.02, -0.8000, -8.253
22.03, -0.8000, -8.534
22.04, -0.8000, -8.457
22.05, -0.8000, -9.082
22.06, -0.8000, -8.258
22.07, -0.8000, -9.054
22.08, -0.8000, -6.991
22.09, -0.8000, -7.895
22.10, -0.8000, -6.980
22.11, -0.8000, -9.289
22.12, -0.8000, -8.077
22.13, -0.8000, -8.026
22.14, -0.8000, -7.562
22.15, -0.8000, -8.677
22.16, -0.8000, -8.206
22.17, -0.8000, -8.851
22.18, -0.8000, -6.774
22.19, -0.8000, -8.258
22.20, -0.8000, -7.515
22.21, -0.8000, -8.417
22.22, -0.8000, -7.811
22.23, -0.8000, -9.935
22.24, -0.8000, -8.554
22.25, -0.8000, -7.920
22.26, -0.8000, -7.888
22.27, -0.8000, -9.740
22.28, -0.8000, -8.168
22.29, -0.8000, -7.800
22.30, -0.8000, -6.926
22.31, -0.8000, -9.187
22.32, -0.8000, -7.853
22.33, -0.8000, -8.283
22.34, -0.8000, -8.526
22.35, -0.8000, -8.897
22.36, -0.8000, -7.382
22.37, -0.8000, -8.895
22.38, -0.8000, -6.858
22.39, -0.8000, -9.444
22.40, -0.8000, -7.674
22.41, -0.8000, -8.339
22.42, -0.8000, -7.234
22.43, -0.8000, -8.669
22.44, -0.8000, -10.04
22.45, -0.8000, -8.303
22.46, -0.8000, -7.240
22.47, -0.8000, -8.880
22.48, -0.8000, -7.181
22.49, -0.8000, -8.265
22.50, -0.8000, -8.714
22.51, -0.8000, -9.069
22.52, -0.8000, -9.036
22.53, -0.8000, -7.454
22.54, -0.8000, -7.764
22.55, -0.8000, -10.11
22.56, -0.8000, -8.493
22.57, -0.8000, -7.902
22.58, -0.8000, -8.248
22.59, -0.8000, -8.301
22.60, -0.8000, -8.576
22.61, -0.8000, -8.170
22.62, -0.8000, -8.472
22.63, -0.8000, -7.938
22.64, -0.8000, -8.161
22.65, -0.8000, -7.559
22.66, -0.8000, -7.898
22.67, -0.8000, -7.668
22.68, -0.8000, -8.784
22.69, -0.8000, -7.724
22.70, -0.8000, -7.569
22.71, -0.8000, -7.205
22.72, -0.8000, -8.353
22.73, -0.8000, -8.291
22.74, -0.8000, -7.235
22.75, -0.8000, -7.696
22.76, -0.8000, -9.397
22.77, -0.8000, -8.206
22.78, -0.8000, -7.069
22.79, -0.8000, -7.951
22.80, -0.8000, -9.413
22.81, -0.8000, -8.474
22.82, -0.8000, -8.826
22.83, -0.8000, -7.985
22.84, -0.8000, -8.963
22.85, -0.8000, -8.326
22.86, -0.8000, -7.440
22.87, -0.8000, -8.205
22.88, -0.8000, -8.920
22.89, -0.8000, -7.662
22.90, -0.8000, -8.787
22.91, -0.8000, -7.132
22.92, -0.8000, -8.766
22.93, -0.8000, -7.904
22.94, -0.8000, -8.564
22.95, -0.8000, -7.174
22.96, -0.8000, -8.644
22.97, -0.8000, -7.506
22.98, -0.8000, -7.375
22.99, -0.8000, -7.345
23.00, -0.8000, -8.610
23.01, -0.8000, -8.144
23.02, -0.8000, -8.433
23.03, -0.8000, -9.645
23.04, -0.8000, -7.963
23.05, -0.8000, -8.037
23.06, -0.8000, -7.841
23.07, -0.8000, -9.812
23.08, -0.8000, -8.461
23.09, -0.8000, -7.796
23.10, -0.8000, -8.304
23.11, -0.8000, -8.179
23.12, -0.8000, -8.803
23.13, -0.8000, -7.620
23.14, -0.8000, -7.086
23.15, -0.8000, -10.22
23.16, -0.8000, -7.825
23.17, -0.8000, -9.439
23.18, -0.8000, -7.555
23.19, -0.8000, -9.325
23.20, -0.8000, -8.284
23.21, -0.8000, -9.418
23.22, -0.8000, -7.645
23.23, -0.8000, -8.715
23.24, -0.8000, -7.665
23.25, -0.8000, -7.579
23.26, -0.8000, -8.326
23.27, -0.8000, -8.036
23.28, -0.8000, -8.123
23.29, -0.8000, -7.840
23.30, -0.8000, -7.654
23.31, -0.8000, -8.838
23.32, -0.8000, -8.072
23.33, -0.8000, -8.466
23.34, -0.8000, -7.543
23.35, -0.8000, -8.560
23.36, -0.8000, -7.112
23.37, -0.8000, -9.102
23.38, -0.8000, -7.496
23.39, -0.8000, -8.786
23.40, -0.8000, -8.543
23.41, -0.8000, -9.190
23.42, -0.8000, -8.778
23.43, -0.8000, -7.766
23.44, -0.8000, -8.917
23.45, -0.8000, -7.515
23.46, -0.8000, -7.938
23.47, -0.8000, -7.725
23.48, -0.8000, -9.340
23.49, -0.8000, -8.186
23.50, -0.8000, -8.670
23.51, -0.8000, -7.134
23.52, -0.8000, -7.670
23.53, -0.8000, -7.704
23.54, -0.8000, -6.881
23.55, -0.8000, -8.858
23.56, -0.8000, -8.389
23.57, -0.8000, -9.549
23.58, -0.8000, -7.951
23.59, -0.8000, -8.974
23.60, -0.8000, -9.635
23.61, -0.8000, -7.525
23.62, -0.8000, -7.714
23.63, -0.8000, -8.660
23.64, -0.8000, -8.179
23.65, -0.8000, -8.082
23.66, -0.8000, -8.591
23.67, -0.8000, -8.687
23.68, -0.8000, -7.545
23.69, -0.8000, -7.402
23.70, -0.8000, -7.863
23.71, -0.8000, -9.106
23.72, -0.8000, -8.256
23.73, -0.8000, -7.379
23.74, -0.8000, -9.163
23.75, -0.8000, -7.537
23.76, -0.8000, -6.832
23.77, -0.8000, -8.874
23.78, -0.8000, -8.855
23.79, -0.8000, -8.568
23.80, -0.8000, -6.909
23.81, -0.8000, -8.804
23.82, -0.8000, -7.208
23.83, -0.8000, -9.204
23.84, -0.8000, -7.979
23.85, -0.8000, -8.783
23.86, -0.8000, -7.312
23.87, -0.8000, -6.950
23.88, -0.8000, -8.905
23.89, -0.8000, -9.003
23.90, -0.8000, -8.901
23.91, -0.8000, -7.624
23.92, -0.8000, -8.158
23.93, -0.8000, -8.217
23.94, -0.8000, -7.727
23.95, -0.8000, -7.291
23.96, -0.8000, -7.929
23.97, -0.8000, -7.405
23.98, -0.8000, -9.624
23.99, -0.8000, -7.878
24.00, -0.8000, -9.751
24.01, -0.8000, -8.183
24.02, -0.8000, -9.121
24.03, -0.8000, -8.066
24.04, -0.8000, -7.922
24.05, -0.8000, -8.938
24.06, -0.8000, -8.601
24.07, -0.8000, -7.775
24.08, -0.8000, -9.771
24.09, -0.8000, -8.229
24.10, -0.8000, -7.794
24.11, -0.8000, -6.948
24.12, -0.8000, -7.091
24.13, -0.8000, -8.431
24.14, -0.8000, -8.686
24.15, -0.8000, -9.718
24.16, -0.8000, -8.389
24.17, -0.8000, -8.494
24.18, -0.8000, -8.947
24.19, -0.8000, -7.692
24.20, -0.8000, -9.028
24.21, -0.8000, -8.439
24.22, -0.8000, -7.848
24.23, -0.8000, -7.016
24.24, -0.8000, -8.622
24.25, -0.8000, -8.411
24.26, -0.8000, -7.789
24.27, -0.8000, -7.854
24.28, -0.8000, -8.936
24.29, -0.8000, -7.808
24.30, -0.8000, -8.174
24.31, -0.8000, -7.713
24.32, -0.8000, -8.511
24.33, -0.8000, -8.966
24.34, -0.8000, -8.059
24.35, -0.8000, -8.072
24.36, -0.8000, -8.385
24.37, -0.8000, -8.094
24.38, -0.8000, -8.046
24.39, -0.8000, -6.625
24.40, -0.8000, -7.788
24.41, -0.8000, -8.078
24.42, -0.8000, -7.797
24.43, -0.8000, -7.077
24.44, -0.8000, -7.825
24.45, -0.8000, -8.130
24.46, -0.8000, -8.715
24.47, -0.8000, -8.048
24.48, -0.8000, -8.376
24.49, -0.8000, -9.410
24.50, -0.8000, -7.776
24.51, -0.8000, -7.026
24.52, -0.8000, -7.416
24.53, -0.8000, -8.807
24.54, -0.8000, -8.668
24.55, -0.8000, -7.811
24.56, -0.8000, -7.358
24.57, -0.8000, -8.164
24.58, -0.8000, -8.827
24.59, -0.8000, -7.803
24.60, -0.8000, -7.428
24.61, -0.8000, -8.158
24.62, -0.8000, -7.410
24.63, -0.8000, -8.872
24.64, -0.8000, -7.884
24.65, -0.8000, -10.40
24.66, -0.8000, -7.589
24.67, -0.8000, -7.253
24.68, -0.8000, -8.004
24.69, -0.8000, -7.899
24.70, -0.8000, -6.984
24.71, -0.8000, -8.774
24.72, -0.8000, -7.841
24.73, -0.8000, -8.183
24.74, -0.8000, -8.213
24.75, -0.8000, -7.072
24.76, -0.8000, -8.880
24.77, -0.8000, -7.534
24.78, -0.8000, -8.130
24.79, -0.8000, -7.525
24.80, -0.8000, -7.856
24.81, -0.8000, -7.420
24.82, -0.8000, -7.851
24.83, -0.8000, -6.935
24.84, -0.8000, -8.932
24.85, -0.8000, -8.563
24.86, -0.8000, -7.382
24.87, -0.8000, -8.456
24.88, -0.8000, -9.007
24.89, -0.8000, -7.937
24.90, -0.8000, -7.783
24.91, -0.8000, -8.672
24.92, -0.8000, -7.544
24.93, -0.8000, -6.915
24.94, -0.8000, -8.128
24.95, -0.8000, -8.588
24.96, -0.8000, -7.904
24.97, -0.8000, -7.786
24.98, -0.8000, -8.689
24.99, -0.8000, -7.837
25.00, -0.8000, -7.580
25.01, -0.8000, -8.145
25.02, -0.8000, -7.649
25.03, -0.8000, -8.264
25.04, -0.8000, -7.761
25.05, -0.8000, -7.718
25.06, -0.8000, -8.958
25.07, -0.8000, -9.354
25.08, -0.8000, -7.370
25.09, -0.8000, -6.933
25.10, -0.8000, -8.569
25.11, -0.8000, -7.070
25.12, -0.8000, -9.179
25.13, -0.8000, -8.660
25.14, -0.8000, -8.386
25.15, -0.8000, -7.971
25.16, -0.8000, -7.612
25.17, -0.8000, -7.753
25.18, -0.8000, -8.613
25.19, -0.8000, -8.323
25.20, -0.8000, -6.161
25.21, -0.8000, -7.769
25.22, -0.8000, -7.274
25.23, -0.8000, -7.771
25.24, -0.8000, -6.908
25.25, -0.8000, -7.926
25.26, -0.8000, -8.682
25.27, -0.8000, -7.094
25.28, -0.8000, -8.459
25.29, -0.8000, -7.847
25.30, -0.8000, -8.732
25.31, -0.8000, -6.956
25.32, -0.8000, -10.21
25.33, -0.8000, -8.276
25.34, -0.8000, -8.384
25.35, -0.8000, -7.088
25.36, -0.8000, -8.756
25.37, -0.8000, -7.405
25.38, -0.8000, -8.202
25.39, -0.8000, -8.393
25.40, -0.8000, -8.130
25.41, -0.8000, -8.503
25.42, -0.8000, -7.145
25.43, -0.8000, -8.625
25.44, -0.8000, -9.244
25.45, -0.8000, -8.380
25.46, -0.8000, -7.574
25.47, -0.8000, -7.939
25.48, -0.8000, -6.959
25.49, -0.8000, -6.939
25.50, -0.8000, -7.567
25.51, -0.8000, -9.451
25.52, -0.8000, -7.686
25.53, -0.8000, -8.543
25.54, -0.8000, -7.861
25.55, -0.8000, -8.378
25.56, -0.8000, -7.587
25.57, -0.8000, -7.997
25.58, -0.8000, -8.602
25.59, -0.8000, -8.257
25.60, -0.8000, -7.801
25.61, -0.8000, -9.488
25.62, -0.8000, -7.662
25.63, -0.8000, -8.445
25.64, -0.8000, -8.103
25.65, -0.8000, -8.198
25.66, -0.8000, -8.102
25.67, -0.8000, -8.399
25.68, -0.8000, -6.947
25.69, -0.8000, -10.11
25.70, -0.8000, -7.735
25.71, -0.8000, -7.481
25.72, -0.8000, -7.540
25.73, -0.8000, -7.939
25.74, -0.8000, -6.414
25.75, -0.8000, -6.528
25.76, -0.8000, -9.481
25.77, -0.8000, -7.126
25.78, -0.8000, -7.277
25.79, -0.8000, -6.695
25.80, -0.8000, -8.440
25.81, -0.8000, -8.076
25.82, -0.8000, -8.214
25.83, -0.8000, -6.902
25.84, -0.8000, -7.027
25.85, -0.8000, -7.417
25.86, -0.8000, -8.252
25.87, -0.8000, -9.620
25.88, -0.8000, -8.141
25.89, -0.8000, -10.03
25.90, -0.8000, -7.275
25.91, -0.8000, -8.419
25.92, -0.8000, -8.684
25.93, -0.8000, -7.238
25.94, -0.8000, -8.645
25.95, -0.8000, -7.592
25.96, -0.8000, -8.142
25.97, -0.8000, -8.988
25.98, -0.8000, -7.241
25.99, -0.8000, -8.193
26.00, -0.8000, -8.363
26.01, -0.8000, -8.464
26.02, -0.8000, -7.582
26.03, -0.8000, -7.842
26.04, -0.8000, -8.879
26.05, -0.8000, -7.672
26.06, -0.8000, -6.920
26.07, -0.8000, -7.076
26.08, -0.8000, -9.301
26.09, -0.8000, -7.835
26.10, -0.8000, -6.914
26.11, -0.8000, -8.387
26.12, -0.8000, -8.838
26.13, -0.8000, -8.298
26.14, -0.8000, -7.000
26.15, -0.8000, -9.307
26.16, -0.8000, -8.291
26.17, -0.8000, -7.639
26.18, -0.8000, -8.284
26.19, -0.8000, -9.767
26.20, -0.8000, -8.324
26.21, -0.8000, -7.845
26.22, -0.8000, -8.534
26.23, -0.8000, -8.621
26.24, -0.8000, -7.550
26.25, -0.8000, -7.874
26.26, -0.8000, -9.491
26.27, -0.8000, -9.066
26.28, -0.8000, -7.954
26.29, -0.8000, -8.095
26.30, -0.8000, -9.211
26.31, -0.8000, -6.326
26.32, -0.8000, -7.027
26.33, -0.8000, -9.730
26.34, -0.8000, -8.252
26.35, -0.8000, -8.762
26.36, -0.8000, -8.040
26.37, -0.8000, -7.603
26.38, -0.8000, -7.945
26.39, -0.8000, -8.455
26.40, -0.8000, -7.990
26.41, -0.8000, -8.431
26.42, -0.8000, -6.998
26.43, -0.8000, -8.915
26.44, -0.8000, -8.062
26.45, -0.8000, -7.392
26.46, -0.8000, -6.753
26.47, -0.8000, -8.083
26.48, -0.8000, -8.068
26.49, -0.8000, -7.578
26.50, -0.8000, -7.693
26.51, -0.8000, -7.509
26.52, -0.8000, -7.305
26.53, -0.8000, -7.406
26.54, -0.8000, -8.363
26.55, -0.8000, -8.338
26.56, -0.8000, -6.459
26.57, -0.8000, -7.762
26.58, -0.8000, -8.279
26.59, -0.8000, -7.180
26.60, -0.8000, -6.665
26.61, -0.8000, -9.272
26.62, -0.8000, -7.971
26.63, -0.8000, -8.159
26.64, -0.8000, -7.436
26.65, -0.8000, -7.773
26.66, -0.8000, -7.690
26.67, -0.8000, -8.030
26.68, -0.8000, -8.609
26.69, -0.8000, -8.114
26.70, -0.8000, -7.667
26.71, -0.8000, -8.228
26.72, -0.8000, -9.137
26.73, -0.8000, -7.703
26.74, -0.8000, -8.730
26.75, -0.8000, -8.968
26.76, -0.8000, -6.737
26.77, -0.8000, -7.640
26.78, -0.8000, -8.963
26.79, -0.8000, -8.106
26.80, -0.8000, -7.170
26.81, -0.8000, -7.234
26.82, -0.8000, -8.950
26.83, -0.8000, -9.410
26.84, -0.8000, -8.294
26.85, -0.8000, -9.499
26.86, -0.8000, -7.237
26.87, -0.8000, -6.721
26.88, -0.8000, -8.068
26.89, -0.8000, -9.234
26.90, -0.8000, -7.468
26.91, -0.8000, -7.259
26.92, -0.8000, -9.574
26.93, -0.8000, -7.760
26.94, -0.8000, -7.815
26.95, -0.8000, -9.739
26.96, -0.8000, -8.659
26.97, -0.8000, -7.440
26.98, -0.8000, -6.784
26.99, -0.8000, -8.260
27.00, -0.8000, -8.533
27.01, -0.8000, -7.144
27.02, -0.8000, -8.416
27.03, -0.8000, -7.929
27.04, -0.8000, -7.158
27.05, -0.8000, -8.823
27.06, -0.8000, -8.672
27.07, -0.8000, -7.949
27.08, -0.8000, -9.657
27.09, -0.8000, -7.721
27.10, -0.8000, -6.458
27.11, -0.8000, -8.049
27.12, -0.8000, -7.713
27.13, -0.8000, -6.839
27.14, -0.8000, -5.782
27.15, -0.8000, -9.029
27.16, -0.8000, -6.680
27.17, -0.8000, -7.945
27.18, -0.8000, -8.324
27.19, -0.8000, -7.078
27.20, -0.8000, -7.925
27.21, -0.8000, -8.820
27.22, -0.8000, -8.915
27.23, -0.8000, -7.236
27.24, -0.8000, -8.226
27.25, -0.8000, -7.041
27.26, -0.8000, -7.870
27.27, -0.8000, -8.110
27.28, -0.8000, -7.387
27.29, -0.8000, -9.234
27.30, -0.8000, -8.432
27.31, -0.8000, -7.183
27.32, -0.8000, -8.801
27.33, -0.8000, -7.029
27.34, -0.8000, -8.093
27.35, -0.8000, -8.510
27.36, -0.8000, -7.349
27.37, -0.8000, -7.998
27.38, -0.8000, -9.347
27.39, -0.8000, -6.766
27.40, -0.8000, -7.233
27.41, -0.8000, -7.100
27.42, -0.8000, -8.159
27.43, -0.8000, -8.593
27.44, -0.8000, -7.327
27.45, -0.8000, -6.384
27.46, -0.8000, -8.543
27.47, -0.8000, -8.927
27.48, -0.8000, -8.570
27.49, -0.8000, -7.974
27.50, -0.8000, -8.834
27.51, -0.8000, -9.246
27.52, -0.8000, -7.522
27.53, -0.8000, -7.304
27.54, -0.8000, -8.471
27.55, -0.8000, -7.280
27.56, -0.8000, -8.242
27.57, -0.8000, -8.340
27.58, -0.8000, -7.429
27.59, -0.8000, -7.961
27.60, -0.8000, -7.349
27.61, -0.8000, -8.804
27.62, -0.8000, -7.865
27.63, -0.8000, -6.438
27.64, -0.8000, -10.50
27.65, -0.8000, -8.114
27.66, -0.8000, -7.677
27.67, -0.8000, -7.259
27.68, -0.8000, -8.342
27.69, -0.8000, -8.074
27.70, -0.8000, -8.006
27.71, -0.8000, -7.277
27.72, -0.8000, -8.002
27.73, -0.8000, -8.252
27.74, -0.8000, -6.948
27.75, -0.8000, -7.619
27.76, -0.8000, -7.944
27.77, -0.8000, -7.854
27.78, -0.8000, -8.177
27.79, -0.8000, -8.571
27.80, -0.8000, -6.458
27.81, -0.8000, -7.772
27.82, -0.8000, -6.990
27.83, -0.8000, -8.085
27.84, -0.8000, -7.163
27.85, -0.8000, -7.272
27.86, -0.8000, -6.602
27.87, -0.8000, -8.073
27.88, -0.8000, -8.332
27.89, -0.8000, -6.304
27.90, -0.8000, -7.758
27.91, -0.8000, -9.032
27.92, -0.8000, -8.073
27.93, -0.8000, -7.117
27.94, -0.8000, -8.185
27.95, -0.8000, -9.705
27.96, -0.8000, -7.735
27.97, -0.8000, -7.294
27.98, -0.8000, -8.046
27.99, -0.8000, -7.939
28.00, -0.8000, -7.649
28.01, -0.8000, -9.787
28.02, -0.8000, -7.548
28.03, -0.8000, -7.277
28.04, -0.8000, -8.219
28.05, -0.8000, -7.763
28.06, -0.8000, -7.310
28.07, -0.8000, -7.972
28.08, -0.8000, -8.679
28.09, -0.8000, -8.081
28.10, -0.8000, -6.315
28.11, -0.8000, -9.287
28.12, -0.8000, -8.211
28.13, -0.8000, -8.638
28.14, -0.8000, -7.163
28.15, -0.8000, -6.800
28.16, -0.8000, -8.900
28.17, -0.8000, -7.444
28.18, -0.8000, -8.905
28.19, -0.8000, -7.577
28.20, -0.8000, -8.043
28.21, -0.8000, -8.308
28.22, -0.8000, -8.835
28.23, -0.8000, -7.394
28.24, -0.8000, -6.765
28.25, -0.8000, -9.799
28.26, -0.8000, -7.889
28.27, -0.8000, -7.503
28.28, -0.8000, -9.392
28.29, -0.8000, -8.523
28.30, -0.8000, -7.950
28.31, -0.8000, -7.283
28.32, -0.8000, -7.120
28.33, -0.8000, -7.710
28.34, -0.8000, -7.080
28.35, -0.8000, -7.322
28.36, -0.8000, -6.823
28.37, -0.8000, -8.164
28.38, -0.8000, -9.529
28.39, -0.8000, -7.632
28.40, -0.8000, -6.768
28.41, -0.8000, -8.324
28.42, -0.8000, -7.236
28.43, -0.8000, -8.029
28.44, -0.8000, -8.287
28.45, -0.8000, -7.417
28.46, -0.8000, -9.032
28.47, -0.8000, -6.960
28.48, -0.8000, -6.888
28.49, -0.8000, -7.485
28.50, -0.8000, -7.398
28.51, -0.8000, -7.241
28.52, -0.8000, -7.589
28.53, -0.8000, -7.745
28.54, -0.8000, -8.042
28.55, -0.8000, -7.977
28.56, -0.8000, -8.097
28.57, -0.8000, -8.544
28.58, -0.8000, -8.226
28.59, -0.8000, -7.476
28.60, -0.8000, -8.695
28.61, -0.8000, -6.808
28.62, -0.8000, -7.624
28.63, -0.8000, -8.523
28.64, -0.8000, -7.969
28.65, -0.8000, -7.326
28.66, -0.8000, -8.616
28.67, -0.8000, -9.353
28.68, -0.8000, -7.184
28.69, -0.8000, -6.440
28.70, -0.8000, -7.059
28.71, -0.8000, -8.011
28.72, -0.8000, -7.548
28.73, -0.8000, -7.392
28.74, -0.8000, -7.532
28.75, -0.8000, -8.311
28.76, -0.8000, -8.634
28.77, -0.8000, -6.875
28.78, -0.8000, -6.267
28.79, -0.8000, -8.604
28.80, -0.8000, -8.486
28.81, -0.8000, -7.328
28.82, -0.8000, -8.363
28.83, -0.8000, -8.497
28.84, -0.8000, -7.377
28.85, -0.8000, -7.051
28.86, -0.8000, -8.843
28.87, -0.8000, -7.788
28.88, -0.8000, -6.226
28.89, -0.8000, -9.396
28.90, -0.8000, -8.138
28.91, -0.8000, -7.337
28.92, -0.8000, -7.658
28.93, -0.8000, -7.259
28.94, -0.8000, -7.501
28.95, -0.8000, -8.339
28.96, -0.8000, -7.304
28.97, -0.8000, -7.644
28.98, -0.8000, -7.333
28.99, -0.8000, -7.744
29.00, -0.8000, -9.040
29.01, -0.8000, -7.107
29.02, -0.8000, -7.888
29.03, -0.8000, -8.305
29.04, -0.8000, -7.040
29.05, -0.8000, -9.044
29.06, -0.8000, -9.137
29.07, -0.8000, -7.272
29.08, -0.8000, -6.968
29.09, -0.8000, -9.570
29.10, -0.8000, -7.573
29.11, -0.8000, -9.100
29.12, -0.8000, -8.634
29.13, -0.8000, -7.610
29.14, -0.8000, -7.479
29.15, -0.8000, -7.858
29.16, -0.8000, -8.384
29.17, -0.8000, -8.118
29.18, -0.8000, -8.425
29.19, -0.8000, -7.708
29.20, -0.8000, -7.271
29.21, -0.8000, -8.342
29.22, -0.8000, -7.437
29.23, -0.8000, -6.785
29.24, -0.8000, -6.928
29.25, -0.8000, -7.650
29.26, -0.8000, -7.446
29.27, -0.8000, -6.591
29.28, -0.8000, -7.064
29.29, -0.8000, -8.589
29.30, -0.8000, -8.439
29.31, -0.8000, -7.520
29.32, -0.8000, -6.960
29.33, -0.8000, -7.643
29.34, -0.8000, -7.834
29.35, -0.8000, -9.023
29.36, -0.8000, -7.466
29.37, -0.8000, -7.380
29.38, -0.8000, -7.693
29.39, -0.8000, -8.124
29.40, -0.8000, -8.438
29.41, -0.8000, -6.912
29.42, -0.8000, -9.384
29.43, -0.8000, -9.757
29.44, -0.8000, -7.030
29.45, -0.8000, -7.990
29.46, -0.8000, -7.445
29.47, -0.8000, -7.807
29.48, -0.8000, -7.565
29.49, -0.8000, -7.140
29.50, -0.8000, -8.088
29.51, -0.8000, -6.591
29.52, -0.8000, -7.516
29.53, -0.8000, -8.032
29.54, -0.8000, -8.142
29.55, -0.8000, -7.275
29.56, -0.8000, -7.857
29.57, -0.8000, -8.749
29.58, -0.8000, -7.297
29.59, -0.8000, -8.755
29.60, -0.8000, -8.228
29.61, -0.8000, -8.101
29.62, -0.8000, -7.189
29.63, -0.8000, -7.428
29.64, -0.8000, -8.834
29.65, -0.8000, -7.009
29.66, -0.8000, -8.997
29.67, -0.8000, -7.237
29.68, -0.8000, -7.425
29.69, -0.8000, -8.871
29.70, -0.8000, -8.209
29.71, -0.8000, -7.645
29.72, -0.8000, -7.664
29.73, -0.8000, -8.782
29.74, -0.8000, -7.665
29.75, -0.8000, -7.574
29.76, -0.8000, -8.202
29.77, -0.8000, -9.104
29.78, -0.8000, -6.611
29.79, -0.8000, -10.22
29.80, -0.8000, -8.225
29.81, -0.8000, -7.388
29.82, -0.8000, -8.022
29.83, -0.8000, -8.242
29.84, -0.8000, -8.645
29.85, -0.8000, -7.027
29.86, -0.8000, -7.258
29.87, -0.8000, -7.750
29.88, -0.8000, -7.818
29.89, -0.8000, -7.492
29.90, -0.8000, -8.263
29.91, -0.8000, -6.494
29.92, -0.8000, -7.566
29.93, -0.8000, -8.841
29.94, -0.8000, -7.449
29.95, -0.8000, -7.144
29.96, -0.8000, -8.501
29.97, -0.8000, -6.804
29.98, -0.8000, -7.694
29.99, -0.8000, -7.789
30.00, -0.8000, -7.452
30.01, -0.8000, -7.275
30.02, -0.8000, -6.770
30.03, -0.8000, -8.252
30.04, -0.8000, -7.860
30.05, -0.8000, -6.741
30.06, -0.8000, -7.703
30.07, -0.8000, -8.225
30.08, -0.8000, -8.779
30.09, -0.8000, -6.840
30.10, -0.8000, -8.456
30.11, -0.8000, -7.618
30.12, -0.8000, -7.033
30.13, -0.8000, -9.127
30.14, -0.8000, -8.466
30.15, -0.8000, -7.138
30.16, -0.8000, -8.238
30.17, -0.8000, -7.708
30.18, -0.8000, -7.021
30.19, -0.8000, -8.167
30.20, -0.8000, -8.448
30.21, -0.8000, -7.288
30.22, -0.8000, -7.609
30.23, -0.8000, -7.890
30.24, -0.8000, -8.311
30.25, -0.8000, -8.162
30.26, -0.8000, -6.844
30.27, -0.8000, -8.938
30.28, -0.8000, -7.721
30.29, -0.8000, -8.743
30.30, -0.8000, -7.617
30.31, -0.8000, -7.801
30.32, -0.8000, -6.922
30.33, -0.8000, -6.724
30.34, -0.8000, -8.340
30.35, -0.8000, -8.038
30.36, -0.8000, -8.123
30.37, -0.8000, -8.285
30.38, -0.8000, -8.380
30.39, -0.8000, -8.116
30.40, -0.8000, -7.513
30.41, -0.8000, -7.580
30.42, -0.8000, -8.665
30.43, -0.8000, -6.116
30.44, -0.8000, -9.473
30.45, -0.8000, -7.939
30.46, -0.8000, -7.676
30.47, -0.8000, -7.676
30.48, -0.8000, -8.233
30.49, -0.8000, -8.338
30.50, -0.8000, -6.863
30.51, -0.8000, -7.325
30.52, -0.8000, -7.030
30.53, -0.8000, -7.824
30.54, -0.8000, -8.946
30.55, -0.8000, -6.255
30.56, -0.8000, -7.813
30.57, -0.8000, -8.436
30.58, -0.8000, -6.754
30.59, -0.8000, -8.696
30.60, -0.8000, -6.618
30.61, -0.8000, -7.846
30.62, -0.8000, -7.474
30.63, -0.8000, -7.553
30.64, -0.8000, -8.481
30.65, -0.8000, -7.403
30.66, -0.8000, -6.794
30.67, -0.8000, -8.012
30.68, -0.8000, -8.252
30.69, -0.8000, -7.498
30.70, -0.8000, -8.029
30.71, -0.8000, -7.808
30.72, -0.8000, -8.941
30.73, -0.8000, -8.576
30.74, -0.8000, -8.990
30.75, -0.8000, -7.570
30.76, -0.8000, -7.487
30.77, -0.8000, -7.633
30.78, -0.8000, -8.390
30.79, -0.8000, -7.178
30.80, -0.8000, -8.189
30.81, -0.8000, -6.730
30.82, -0.8000, -7.018
30.83, -0.8000, -8.403
30.84, -0.8000, -8.079
30.85, -0.8000, -7.908
30.86, -0.8000, -7.856
30.87, -0.8000, -7.821
30.88, -0.8000, -8.078
30.89, -0.8000, -7.316
30.90, -0.8000, -8.790
30.91, -0.8000, -8.427
30.92, -0.8000, -7.399
30.93, -0.8000, -7.591
30.94, -0.8000, -7.947
30.95, -0.8000, -7.542
30.96, -0.8000, -6.903
30.97, -0.8000, -7.838
30.98, -0.8000, -7.649
30.99, -0.8000, -8.049
31.00, -0.8000, -9.040
31.01, -0.8000, -7.939
31.02, -0.8000, -6.716
31.03, -0.8000, -7.824
31.04, -0.8000, -8.640
31.05, -0.8000, -8.616
31.06, -0.8000, -6.551
31.07, -0.8000, -8.535
31.08, -0.8000, -7.638
31.09, -0.8000, -7.841
31.10, -0.8000, -6.948
31.11, -0.8000, -7.789
31.12, -0.8000, -7.645
31.13, -0.8000, -7.022
31.14, -0.8000, -7.550
31.15, -0.8000, -8.194
31.16, -0.8000, -8.644
31.17, -0.8000, -6.954
31.18, -0.8000, -8.882
31.19, -0.8000, -7.023
31.20, -0.8000, -7.613
31.21, -0.8000, -6.620
31.22, -0.8000, -7.752
31.23, -0.8000, -7.401
31.24, -0.8000, -7.018
31.25, -0.8000, -7.056
31.26, -0.8000, -8.024
31.27, -0.8000, -9.107
31.28, -0.8000, -5.929
31.29, -0.8000, -7.471
31.30, -0.8000, -6.641
31.31, -0.8000, -6.160
31.32, -0.8000, -7.252
31.33, -0.8000, -7.827
31.34, -0.8000, -7.332
31.35, -0.8000, -7.170
31.36, -0.8000, -7.989
31.37, -0.8000, -7.181
31.38, -0.8000, -7.711
31.39, -0.8000, -8.341
31.40, -0.8000, -8.275
31.41, -0.8000, -7.349
31.42, -0.8000, -6.568
31.43, -0.8000, -8.015
31.44, -0.8000, -6.240
31.45, -0.8000, -7.139
31.46, -0.8000, -7.019
31.47, -0.8000, -9.326
31.48, -0.8000, -8.089
31.49, -0.8000, -6.426
31.50, -0.8000, -7.577
31.51, -0.8000, -7.496
31.52, -0.8000, -7.016
31.53, -0.8000, -7.173
31.54, -0.8000, -8.463
31.55, -0.8000, -7.425
31.56, -0.8000, -6.652
31.57, -0.8000, -8.663
31.58, -0.8000, -7.899
31.59, -0.8000, -8.328
31.60, -0.8000, -8.288
31.61, -0.8000, -8.526
31.62, -0.8000, -8.498
31.63, -0.8000, -8.348
31.64, -0.8000, -8.790
31.65, -0.8000, -8.016
31.66, -0.8000, -7.164
31.67, -0.8000, -6.866
31.68, -0.8000, -8.112
31.69, -0.8000, -7.281
31.70, -0.8000, -6.359
31.71, -0.8000, -7.999
31.72, -0.8000, -7.572
31.73, -0.8000, -6.815
31.74, -0.8000, -6.411
31.75, -0.8000, -7.948
31.76, -0.8000, -8.415
31.77, -0.8000, -7.540
31.78, -0.8000, -7.066
31.79, -0.8000, -8.228
31.80, -0.8000, -7.405
31.81, -0.8000, -6.362
31.82, -0.8000, -7.471
31.83, -0.8000, -8.256
31.84, -0.8000, -7.519
31.85, -0.8000, -8.014
31.86, -0.8000, -7.508
31.87, -0.8000, -8.268
31.88, -0.8000, -7.358
31.89, -0.8000, -8.117
31.90, -0.8000, -9.247
31.91, -0.8000, -7.381
31.92, -0.8000, -6.952
31.93, -0.8000, -9.117
31.94, -0.8000, -7.354
31.95, -0.8000, -7.460
31.96, -0.8000, -7.270
31.97, -0.8000, -9.226
31.98, -0.8000, -6.385
31.99, -0.8000, -6.738
32.00, -0.8000, -7.945
32.01, -0.8000, -7.900
32.02, -0.8000, -5.813
32.03, -0.8000, -8.740
32.04, -0.8000, -7.851
32.05, -0.8000, -6.785
32.06, -0.8000, -7.570
32.07, -0.8000, -7.691
32.08, -0.8000, -6.528
32.09, -0.8000, -7.248
32.10, -0.8000, -8.369
32.11, -0.8000, -7.225
32.12, -0.8000, -7.212
32.13, -0.8000, -8.421
32.14, -0.8000, -7.435
32.15, -0.8000, -6.862
32.16, -0.8000, -7.524
32.17, -0.8000, -9.030
32.18, -0.8000, -7.124
32.19, -0.8000, -7.450
32.20, -0.8000, -9.650
32.21, -0.8000, -8.873
32.22, -0.8000, -7.425
32.23, -0.8000, -8.590
32.24, -0.8000, -8.705
32.25, -0.8000, -6.890
32.26, -0.8000, -7.992
32.27, -0.8000, -8.166
32.28, -0.8000, -7.532
32.29, -0.8000, -8.373
32.30, -0.8000, -7.485
32.31, -0.8000, -7.264
32.32, -0.8000, -8.914
32.33, -0.8000, -5.924
32.34, -0.8000, -9.317
32.35, -0.8000, -7.457
32.36, -0.8000, -7.770
32.37, -0.8000, -7.070
32.38, -0.8000, -8.207
32.39, -0.8000, -8.076
32.40, -0.8000, -7.305
32.41, -0.8000, -7.472
32.42, -0.8000, -6.941
32.43, -0.8000, -7.504
32.44, -0.8000, -6.685
32.45, -0.8000, -7.237
32.46, -0.8000, -7.795
32.47, -0.8000, -8.066
32.48, -0.8000, -8.604
32.49, -0.8000, -5.992
32.50, -0.8000, -8.560
32.51, -0.8000, -6.646
32.52, -0.8000, -8.173
32.53, -0.8000, -8.856
32.54, -0.8000, -7.438
32.55, -0.8000, -6.430
32.56, -0.8000, -7.944
32.57, -0.8000, -7.348
32.58, -0.8000, -7.507
32.59, -0.8000, -7.512
32.60, -0.8000, -9.606
32.61, -0.8000, -8.142
32.62, -0.8000, -8.807
32.63, -0.8000, -7.120
32.64, -0.8000, -8.827
32.65, -0.8000, -6.617
32.66, -0.8000, -6.574
32.67, -0.8000, -7.747
32.68, -0.8000, -6.786
32.69, -0.8000, -8.199
32.70, -0.8000, -8.735
32.71, -0.8000, -7.740
32.72, -0.8000, -7.720
32.73, -0.8000, -6.369
32.74, -0.8000, -8.169
32.75, -0.8000, -7.877
32.76, -0.8000, -7.069
32.77, -0.8000, -8.024
32.78, -0.8000, -6.608
32.79, -0.8000, -7.704
32.80, -0.8000, -7.081
32.81, -0.8000, -7.676
32.82, -0.8000, -8.687
32.83, -0.8000, -6.670
32.84, -0.8000, -9.083
32.85, -0.8000, -7.245
32.86, -0.8000, -7.539
32.87, -0.8000, -6.553
32.88, -0.8000, -8.005
32.89, -0.8000, -6.286
32.90, -0.8000, -5.838
32.91, -0.8000, -7.387
32.92, -0.8000, -7.286
32.93, -0.8000, -8.141
32.94, -0.8000, -7.195
32.95, -0.8000, -8.443
32.96, -0.8000, -6.401
32.97, -0.8000, -8.066
32.98, -0.8000, -8.406
32.99, -0.8000, -7.146
33.00, -0.8000, -8.369
33.01, -0.8000, -6.976
33.02, -0.8000, -8.824
33.03, -0.8000, -7.972
33.04, -0.8000, -7.323
33.05, -0.8000, -7.052
33.06, -0.8000, -7.635
33.07, -0.8000, -6.878
33.08, -0.8000, -7.006
33.09, -0.8000, -8.029
33.10, -0.8000, -7.006
33.11, -0.8000, -7.866
33.12, -0.8000, -7.827
33.13, -0.8000, -7.889
33.14, -0.8000, -7.140
33.15, -0.8000, -6.154
33.16, -0.8000, -8.041
33.17, -0.8000, -7.433
33.18, -0.8000, -6.435
33.19, -0.8000, -7.345
33.20, -0.8000, -7.441
33.21, -0.8000, -6.162
33.22, -0.8000, -7.039
33.23, -0.8000, -7.969
33.24, -0.8000, -7.759
33.25, -0.8000, -8.885
33.26, -0.8000, -7.403
33.27, -0.8000, -7.715
33.28, -0.8000, -8.522
33.29, -0.8000, -7.093
33.30, -0.8000, -8.774
33.31, -0.8000, -6.696
33.32, -0.8000, -8.010
33.33, -0.8000, -6.769
33.34, -0.8000, -9.349
33.35, -0.8000, -7.262
33.36, -0.8000, -7.392
33.37, -0.8000, -8.290
33.38, -0.8000, -7.490
33.39, -0.8000, -7.058
33.40, -0.8000, -7.597
33.41, -0.8000, -8.766
33.42, -0.8000, -7.308
33.43, -0.8000, -7.179
33.44, -0.8000, -8.877
33.45, -0.8000, -7.569
33.46, -0.8000, -6.744
33.47, -0.8000, -6.541
33.48, -0.8000, -8.956
33.49, -0.8000, -8.766
33.50, -0.8000, -6.438
33.51, -0.8000, -7.684
33.52, -0.8000, -7.811
33.53, -0.8000, -7.362
33.54, -0.8000, -6.727
33.55, -0.8000, -7.582
33.56, -0.8000, -7.641
33.57, -0.8000, -6.289
33.58, -0.8000, -6.783
33.59, -0.8000, -7.913
33.60, -0.8000, -6.609
33.61, -0.8000, -6.687
33.62, -0.8000, -9.068
33.63, -0.8000, -8.085
33.64, -0.8000, -6.320
33.65, -0.8000, -7.672
33.66, -0.8000, -7.205
33.67, -0.8000, -7.347
33.68, -0.8000, -6.712
33.69, -0.8000, -7.312
33.70, -0.8000, -7.198
33.71, -0.8000, -7.067
33.72, -0.8000, -8.092
33.73, -0.8000, -8.532
33.74, -0.8000, -7.399
33.75, -0.8000, -7.578
33.76, -0.8000, -8.150
33.77, -0.8000, -7.592
33.78, -0.8000, -7.730
33.79, -0.8000, -7.704
33.80, -0.8000, -8.242
33.81, -0.8000, -8.587
33.82, -0.8000, -6.744
33.83, -0.8000, -6.961
33.84, -0.8000, -7.099
33.85, -0.8000, -7.117
33.86, -0.8000, -7.694
33.87, -0.8000, -7.265
33.88, -0.8000, -7.503
33.89, -0.8000, -7.312
33.90, -0.8000, -7.450
33.91, -0.8000, -7.483
33.92, -0.8000, -8.060
33.93, -0.8000, -6.920
33.94, -0.8000, -8.613
33.95, -0.8000, -7.687
33.96, -0.8000, -7.485
33.97, -0.8000, -7.634
33.98, -0.8000, -7.367
33.99, -0.8000, -7.754
34.00, -0.8000, -7.128
34.01, -0.8000, -7.525
34.02, -0.8000, -7.286
34.03, -0.8000, -6.770
34.04, -0.8000, -7.037
34.05, -0.8000, -7.646
34.06, -0.8000, -6.654
34.07, -0.8000, -7.596
34.08, -0.8000, -7.916
34.09, -0.8000, -6.584
34.10, -0.8000, -6.998
34.11, -0.8000, -7.392
34.12, -0.8000, -7.745
34.13, -0.8000, -7.277
34.14, -0.8000, -7.471
34.15, -0.8000, -8.453
34.16, -0.8000, -7.532
34.17, -0.8000, -7.007
34.18, -0.8000, -6.726
34.19, -0.8000, -6.923
34.20, -0.8000, -8.470
34.21, -0.8000, -7.403
34.22, -0.8000, -6.888
34.23, -0.8000, -6.835
34.24, -0.8000, -7.710
34.25, -0.8000, -6.651
34.26, -0.8000, -7.672
34.27, -0.8000, -7.635
34.28, -0.8000, -7.306
34.29, -0.8000, -7.181
34.30, -0.8000, -7.279
34.31, -0.8000, -7.463
34.32, -0.8000, -7.031
34.33, -0.8000, -7.676
34.34, -0.8000, -8.539
34.35, -0.8000, -8.534
34.36, -0.8000, -6.578
34.37, -0.8000, -8.038
34.38, -0.8000, -7.462
34.39, -0.8000, -7.048
34.40, -0.8000, -7.010
34.41, -0.8000, -9.250
34.42, -0.8000, -6.500
34.43, -0.8000, -7.114
34.44, -0.8000, -7.610
34.45, -0.8000, -8.029
34.46, -0.8000, -7.009
34.47, -0.8000, -7.780
34.48, -0.8000, -6.501
34.49, -0.8000, -7.503
34.50, -0.8000, -6.564
34.51, -0.8000, -7.255
34.52, -0.8000, -6.999
34.53, -0.8000, -6.973
34.54, -0.8000, -6.498
34.55, -0.8000, -7.808
34.56, -0.8000, -8.166
34.57, -0.8000, -7.371
34.58, -0.8000, -7.823
34.59, -0.8000, -6.957
34.60, -0.8000, -7.861
34.61, -0.8000, -6.796
34.62, -0.8000, -6.109
34.63, -0.8000, -6.884
34.64, -0.8000, -7.715
34.65, -0.8000, -7.084
34.66, -0.8000, -6.533
34.67, -0.8000, -8.633
34.68, -0.8000, -7.719
34.69, -0.8000, -8.080
34.70, -0.8000, -6.583
34.71, -0.8000, -7.430
34.72, -0.8000, -8.090
34.73, -0.8000, -5.895
34.74, -0.8000, -7.430
34.75, -0.8000, -7.281
34.76, -0.8000, -7.546
34.77, -0.8000, -5.971
34.78, -0.8000, -7.705
34.79, -0.8000, -8.420
34.80, -0.8000, -6.269
34.81, -0.8000, -7.363
34.82, -0.8000, -7.780
34.83, -0.8000, -7.567
34.84, -0.8000, -7.650
34.85, -0.8000, -8.944
34.86, -0.8000, -7.644
34.87, -0.8000, -7.161
34.88, -0.8000, -8.153
34.89, -0.8000, -7.344
34.90, -0.8000, -8.454
34.91, -0.8000, -6.448
34.92, -0.8000, -7.975
34.93, -0.8000, -6.888
34.94, -0.8000, -6.985
34.95, -0.8000, -6.760
34.96, -0.8000, -8.264
34.97, -0.8000, -6.357
34.98, -0.8000, -7.965
34.99, -0.8000, -7.136
35.00, -0.8000, -7.273
35.01, -0.8000, -7.440
35.02, -0.8000, -7.265
35.03, -0.8000, -7.688
35.04, -0.8000, -8.973
35.05, -0.8000, -7.885
35.06, -0.8000, -6.979
35.07, -0.8000, -7.189
35.08, -0.8000, -8.111
35.09, -0.8000, -7.363
35.10, -0.8000, -7.119
35.11, -0.8000, -8.172
35.12, -0.8000, -7.454
35.13, -0.8000, -6.099
35.14, -0.8000, -6.974
35.15, -0.8000, -8.005
35.16, -0.8000, -7.936
35.17, -0.8000, -7.852
35.18, -0.8000, -7.250
35.19, -0.8000, -8.530
35.20, -0.8000, -7.509
35.21, -0.8000, -7.071
35.22, -0.8000, -8.464
35.23, -0.8000, -7.275
35.24, -0.8000, -7.208
35.25, -0.8000, -6.648
35.26, -0.8000, -8.420
35.27, -0.8000, -7.718
35.28, -0.8000, -6.686
35.29, -0.8000, -6.794
35.30, -0.8000, -8.230
35.31, -0.8000, -7.283
35.32, -0.8000, -7.491
35.33, -0.8000, -7.197
35.34, -0.8000, -6.773
35.35, -0.8000, -6.095
35.36, -0.8000, -5.207
35.37, -0.8000, -7.663
35.38, -0.8000, -8.069
35.39, -0.8000, -6.006
35.40, -0.8000, -7.813
35.41, -0.8000, -7.428
35.42, -0.8000, -6.811
35.43, -0.8000, -7.885
35.44, -0.8000, -7.685
35.45, -0.8000, -6.628
35.46, -0.8000, -7.101
35.47, -0.8000, -7.963
35.48, -0.8000, -7.563
35.49, -0.8000, -6.700
35.50, -0.8000, -6.760
35.51, -0.8000, -8.193
35.52, -0.8000, -7.622
35.53, -0.8000, -8.143
35.54, -0.8000, -7.577
35.55, -0.8000, -7.624
35.56, -0.8000, -6.668
35.57, -0.8000, -7.955
35.58, -0.8000, -7.304
35.59, -0.8000, -7.779
35.60, -0.8000, -7.748
35.61, -0.8000, -8.208
35.62, -0.8000, -7.070
35.63, -0.8000, -6.736
35.64, -0.8000, -6.863
35.65, -0.8000, -8.342
35.66, -0.8000, -7.292
35.67, -0.8000, -7.840
35.68, -0.8000, -6.913
35.69, -0.8000, -7.606
35.70, -0.8000, -7.370
35.71, -0.8000, -7.618
35.72, -0.8000, -6.702
35.73, -0.8000, -6.169
35.74, -0.8000, -7.925
35.75, -0.8000, -8.789
35.76, -0.8000, -6.376
35.77, -0.8000, -6.866
35.78, -0.8000, -8.121
35.79, -0.8000, -7.187
35.80, -0.8000, -7.021
35.81, -0.8000, -7.822
35.82, -0.8000, -7.301
35.83, -0.8000, -7.452
35.84, -0.8000, -8.033
35.85, -0.8000, -7.283
35.86, -0.8000, -7.362
35.87, -0.8000, -7.423
35.88, -0.8000, -8.647
35.89, -0.8000, -6.964
35.90, -0.8000, -6.595
35.91, -0.8000, -8.645
35.92, -0.8000, -7.287
35.93, -0.8000, -8.047
35.94, -0.8000, -6.772
35.95, -0.8000, -7.678
35.96, -0.8000, -6.865
35.97, -0.8000, -8.090
35.98, -0.8000, -6.952
35.99, -0.8000, -7.802
36.00, -0.8000, -9.146
36.01, -0.8000, -7.043
36.02, -0.8000, -8.143
36.03, -0.8000, -7.374
36.04, -0.8000, -7.260
36.05, -0.8000, -5.895
36.06, -0.8000, -8.090
36.07, -0.8000, -6.425
36.08, -0.8000, -6.428
36.09, -0.8000, -7.909
36.10, -0.8000, -6.996
36.11, -0.8000, -7.475
36.12, -0.8000, -5.720
36.13, -0.8000, -7.471
36.14, -0.8000, -7.590
36.15, -0.8000, -6.458
36.16, -0.8000, -8.696
36.17, -0.8000, -8.558
36.18, -0.8000, -7.122
36.19, -0.8000, -6.619
36.20, -0.8000, -7.434
36.21, -0.8000, -6.723
36.22, -0.8000, -6.417
36.23, -0.8000, -7.675
36.24, -0.8000, -7.499
36.25, -0.8000, -8.761
36.26, -0.8000, -6.429
36.27, -0.8000, -7.588
36.28, -0.8000, -8.572
36.29, -0.8000, -8.076
36.30, -0.8000, -7.634
36.31, -0.8000, -8.571
36.32, -0.8000, -7.970
36.33, -0.8000, -7.226
36.34, -0.8000, -7.695
36.35, -0.8000, -7.556
36.36, -0.8000, -6.444
36.37, -0.8000, -5.780
36.38, -0.8000, -7.338
36.39, -0.8000, -6.804
36.40, -0.8000, -6.014
36.41, -0.8000, -7.748
36.42, -0.8000, -8.466
36.43, -0.8000, -8.068
36.44, -0.8000, -6.995
36.45, -0.8000, -7.246
36.46, -0.8000, -9.202
36.47, -0.8000, -7.537
36.48, -0.8000, -6.757
36.49, -0.8000, -9.440
36.50, -0.8000, -6.565
36.51, -0.8000, -6.909
36.52, -0.8000, -6.561
36.53, -0.8000, -6.568
36.54, -0.8000, -6.810
36.55, -0.8000, -6.836
36.56, -0.8000, -6.700
36.57, -0.8000, -6.305
36.58, -0.8000, -6.934
36.59, -0.8000, -8.093
36.60, -0.8000, -8.074
36.61, -0.8000, -6.631
36.62, -0.8000, -6.916
36.63, -0.8000, -7.227
36.64, -0.8000, -6.765
36.65, -0.8000, -6.201
36.66, -0.8000, -8.597
36.67, -0.8000, -8.023
36.68, -0.8000, -6.830
36.69, -0.8000, -8.445
36.70, -0.8000, -7.007
36.71, -0.8000, -7.204
36.72, -0.8000, -7.856
36.73, -0.8000, -6.389
36.74, -0.8000, -6.999
36.75, -0.8000, -7.502
36.76, -0.8000, -6.975
36.77, -0.8000, -8.569
36.78, -0.8000, -7.868
36.79, -0.8000, -6.853
36.80, -0.8000, -8.434
36.81, -0.8000, -5.925
36.82, -0.8000, -8.655
36.83, -0.8000, -7.324
36.84, -0.8000, -6.492
36.85, -0.8000, -8.439
36.86, -0.8000, -7.141
36.87, -0.8000, -7.509
36.88, -0.8000, -7.870
36.89, -0.8000, -8.669
36.90, -0.8000, -7.155
36.91, -0.8000, -5.813
36.92, -0.8000, -8.382
36.93, -0.8000, -6.770
36.94, -0.8000, -7.592
36.95, -0.8000, -8.237
36.96, -0.8000, -7.135
36.97, -0.8000, -7.738
36.98, -0.8000, -7.378
36.99, -0.8000, -7.851
37.00, -0.8000, -6.992
37.01, -0.8000, -6.297
37.02, -0.8000, -8.016
37.03, -0.8000, -9.439
37.04, -0.8000, -6.992
37.05, -0.8000, -6.304
37.06, -0.8000, -7.909
37.07, -0.8000, -7.061
37.08, -0.8000, -6.685
37.09, -0.8000, -6.763
37.10, -0.8000, -8.760
37.11, -0.8000, -7.032
37.12, -0.8000, -6.817
37.13, -0.8000, -8.138
37.14, -0.8000, -7.433
37.15, -0.8000, -6.437
37.16, -0.8000, -8.170
37.17, -0.8000, -6.629
37.18, -0.8000, -7.998
37.19, -0.8000, -7.249
37.20, -0.8000, -8.533
37.21, -0.8000, -7.845
37.22, -0.8000, -6.912
37.23, -0.8000, -7.111
37.24, -0.8000, -7.959
37.25, -0.8000, -8.402
37.26, -0.8000, -5.944
37.27, -0.8000, -8.740
37.28, -0.8000, -6.655
37.29, -0.8000, -7.709
37.30, -0.8000, -8.302
37.31, -0.8000, -7.499
37.32, -0.8000, -7.404
37.33, -0.8000, -7.330
37.34, -0.8000, -7.115
37.35, -0.8000, -7.379
37.36, -0.8000, -6.784
37.37, -0.8000, -7.524
37.38, -0.8000, -7.025
37.39, -0.8000, -7.343
37.40, -0.8000, -6.796
37.41, -0.8000, -7.149
37.42, -0.8000, -6.322
37.43, -0.8000, -7.381
37.44, -0.8000, -7.418
37.45, -0.8000, -6.869
37.46, -0.8000, -6.538
37.47, -0.8000, -6.782
37.48, -0.8000, -6.483
37.49, -0.8000, -7.883
37.50, -0.8000, -7.713
37.51, -0.8000, -9.466
37.52, -0.8000, -7.622
37.53, -0.8000, -7.617
37.54, -0.8000, -8.549
37.55, -0.8000, -7.398
37.56, -0.8000, -7.430
37.57, -0.8000, -7.236
37.58, -0.8000, -7.508
37.59, -0.8000, -7.709
37.60, -0.8000, -6.958
37.61, -0.8000, -8.391
37.62, -0.8000, -7.598
37.63, -0.8000, -6.667
37.64, -0.8000, -7.852
37.65, -0.8000, -8.106
37.66, -0.8000, -6.515
37.67, -0.8000, -5.619
37.68, -0.8000, -7.016
37.69, -0.8000, -8.101
37.70, -0.8000, -5.464
37.71, -0.8000, -8.496
37.72, -0.8000, -7.002
37.73, -0.8000, -6.686
37.74, -0.8000, -7.737
37.75, -0.8000, -7.919
37.76, -0.8000, -8.169
37.77, -0.8000, -7.537
37.78, -0.8000, -8.550
37.79, -0.8000, -7.055
37.80, -0.8000, -5.906
37.81, -0.8000, -7.941
37.82, -0.8000, -7.543
37.83, -0.8000, -6.861
37.84, -0.8000, -7.689
37.85, -0.8000, -8.602
37.86, -0.8000, -7.245
37.87, -0.8000, -6.545
37.88, -0.8000, -9.058
37.89, -0.8000, -7.320
37.90, -0.8000, -6.821
37.91, -0.8000, -8.126
37.92, -0.8000, -7.576
37.93, -0.8000, -6.808
37.94, -0.8000, -7.622
37.95, -0.8000, -6.716
37.96, -0.8000, -7.619
37.97, -0.8000, -6.912
37.98, -0.8000, -7.770
37.99, -0.8000, -7.603
38.00, -0.8000, -6.830
38.01, -0.8000, -8.556
38.02, -0.8000, -7.526
38.03, -0.8000, -7.604
38.04, -0.8000, -8.125
38.05, -0.8000, -6.815
38.06, -0.8000, -6.850
38.07, -0.8000, -6.862
38.08, -0.8000, -7.062
38.09, -0.8000, -7.468
38.10, -0.8000, -7.292
38.11, -0.8000, -8.001
38.12, -0.8000, -7.080
38.13, -0.8000, -8.616
38.14, -0.8000, -7.460
38.15, -0.8000, -7.560
38.16, -0.8000, -8.241
38.17, -0.8000, -7.240
38.18, -0.8000, -9.028
38.19, -0.8000, -7.306
38.20, -0.8000, -7.822
38.21, -0.8000, -7.272
38.22, -0.8000, -7.718
38.23, -0.8000, -7.929
38.24, -0.8000, -6.947
38.25, -0.8000, -8.411
38.26, -0.8000, -7.449
38.27, -0.8000, -7.345
38.28, -0.8000, -6.834
38.29, -0.8000, -6.978
38.30, -0.8000, -7.383
38.31, -0.8000, -6.497
38.32, -0.8000, -6.774
38.33, -0.8000, -7.676
38.34, -0.8000, -7.225
38.35, -0.8000, -8.525
38.36, -0.8000, -7.411
38.37, -0.8000, -7.078
38.38, -0.8000, -6.618
38.39, -0.8000, -7.428
38.40, -0.8000, -7.375
38.41, -0.8000, -7.347
38.42, -0.8000, -7.654
38.43, -0.8000, -7.050
38.44, -0.8000, -6.609
38.45, -0.8000, -7.168
38.46, -0.8000, -6.471
38.47, -0.8000, -6.020
38.48, -0.8000, -8.196
38.49, -0.8000, -8.116
38.50, -0.8000, -7.261
38.51, -0.8000, -6.870
38.52, -0.8000, -7.582
38.53, -0.8000, -7.776
38.54, -0.8000, -7.023
38.55, -0.8000, -7.543
38.56, -0.8000, -7.599
38.57, -0.8000, -7.713
38.58, -0.8000, -6.252
38.59, -0.8000, -9.039
38.60, -0.8000, -6.258
38.61, -0.8000, -7.264
38.62, -0.8000, -6.778
38.63, -0.8000, -8.231
38.64, -0.8000, -7.555
38.65, -0.8000, -5.721
38.66, -0.8000, -6.419
38.67, -0.8000, -6.304
38.68, -0.8000, -7.390
38.69, -0.8000, -7.424
38.70, -0.8000, -7.853
38.71, -0.8000, -6.768
38.72, -0.8000, -6.838
38.73, -0.8000, -8.645
38.74, -0.8000, -8.552
38.75, -0.8000, -7.622
38.76, -0.8000, -7.220
38.77, -0.8000, -7.368
38.78, -0.8000, -6.765
38.79, -0.8000, -8.310
38.80, -0.8000, -7.901
38.81, -0.8000, -7.026
38.82, -0.8000, -8.693
38.83, -0.8000, -7.367
38.84, -0.8000, -6.938
38.85, -0.8000, -5.862
38.86, -0.8000, -8.309
38.87, -0.8000, -7.893
38.88, -0.8000, -6.886
38.89, -0.8000, -8.112
38.90, -0.8000, -7.374
38.91, -0.8000, -6.875
38.92, -0.8000, -5.853
38.93, -0.8000, -7.760
38.94, -0.8000, -7.536
38.95, -0.8000, -7.024
38.96, -0.8000, -9.019
38.97, -0.8000, -7.961
38.98, -0.8000, -7.336
38.99, -0.8000, -6.994
39.00, -0.8000, -6.795
39.01, -0.8000, -6.375
39.02, -0.8000, -6.959
39.03, -0.8000, -6.679
39.04, -0.8000, -7.884
39.05, -0.8000, -6.603
39.06, -0.8000, -8.197
39.07, -0.8000, -8.106
39.08, -0.8000, -8.038
39.09, -0.8000, -7.117
39.10, -0.8000, -8.170
39.11, -0.8000, -7.136
39.12, -0.8000, -6.844
39.13, -0.8000, -7.681
39.14, -0.8000, -8.402
39.15, -0.8000, -7.478
39.16, -0.8000, -9.018
39.17, -0.8000, -7.173
39.18, -0.8000, -7.233
39.19, -0.8000, -6.107
39.20, -0.8000, -8.588
39.21, -0.8000, -7.155
39.22, -0.8000, -6.364
39.23, -0.8000, -7.843
39.24, -0.8000, -7.484
39.25, -0.8000, -7.099
39.26, -0.8000, -6.367
39.27, -0.8000, -6.892
39.28, -0.8000, -7.121
39.29, -0.8000, -6.136
39.30, -0.8000, -8.240
39.31, -0.8000, -7.826
39.32, -0.8000, -7.483
39.33, -0.8000, -6.895
39.34, -0.8000, -8.314
39.35, -0.8000, -7.461
39.36, -0.8000, -7.794
39.37, -0.8000, -7.292
39.38, -0.8000, -6.564
39.39, -0.8000, -5.901
39.40, -0.8000, -7.100
39.41, -0.8000, -6.589
39.42, -0.8000, -6.010
39.43, -0.8000, -7.338
39.44, -0.8000, -6.980
39.45, -0.8000, -6.459
39.46, -0.8000, -8.394
39.47, -0.8000, -6.691
39.48, -0.8000, -7.147
39.49, -0.8000, -7.729
39.50, -0.8000, -6.967
39.51, -0.8000, -6.548
39.52, -0.8000, -6.975
39.53, -0.8000, -6.879
39.54, -0.8000, -7.661
39.55, -0.8000, -6.311
39.56, -0.8000, -8.714
39.57, -0.8000, -6.229
39.58, -0.8000, -6.715
39.59, -0.8000, -6.634
39.60, -0.8000, -7.505
39.61, -0.8000, -7.833
39.62, -0.8000, -5.938
39.63, -0.8000, -8.271
39.64, -0.8000, -7.094
39.65, -0.8000, -6.680
39.66, -0.8000, -7.015
39.67, -0.8000, -7.289
39.68, -0.8000, -7.119
39.69, -0.8000, -6.596
39.70, -0.8000, -8.559
39.71, -0.8000, -6.937
39.72, -0.8000, -6.011
39.73, -0.8000, -6.184
39.74, -0.8000, -7.052
39.75, -0.8000, -7.250
39.76, -0.8000, -7.790
39.77, -0.8000, -8.442
39.78, -0.8000, -6.866
39.79, -0.8000, -6.770
39.80, -0.8000, -6.953
39.81, -0.8000, -7.586
39.82, -0.8000, -7.284
39.83, -0.8000, -7.957
39.84, -0.8000, -8.343
39.85, -0.8000, -7.730
39.86, -0.8000, -7.281
39.87, -0.8000, -6.229
39.88, -0.8000, -6.591
39.89, -0.8000, -6.493
39.90, -0.8000, -8.267
39.91, -0.8000, -6.200
39.92, -0.8000, -7.982
39.93, -0.8000, -6.890
39.94, -0.8000, -7.285
39.95, -0.8000, -7.905
39.96, -0.8000, -8.976
39.97, -0.8000, -8.931
39.98, -0.8000, -7.545
39.99, -0.8000, -7.438
40.00, -0.8000, -6.791
40.01, -0.8000, -7.346
40.02, -0.8000, -7.497
40.03, -0.8000, -7.229
40.04, -0.8000, -6.868
40.05, -0.8000, -8.416
40.06, -0.8000, -7.909
40.07, -0.8000, -7.456
40.08, -0.8000, -6.928
40.09, -0.8000, -6.279
40.10, -0.8000, -7.167
40.11, -0.8000, -6.070
40.12, -0.8000, -6.958
40.13, -0.8000, -8.256
40.14, -0.8000, -8.030
40.15, -0.8000, -6.912
40.16, -0.8000, -6.946
40.17, -0.8000, -7.453
40.18, -0.8000, -8.138
40.19, -0.8000, -6.594
40.20, -0.8000, -8.365
40.21, -0.8000, -6.776
40.22, -0.8000, -6.111
40.23, -0.8000, -7.651
40.24, -0.8000, -7.554
40.25, -0.8000, -7.628
40.26, -0.8000, -7.719
40.27, -0.8000, -7.513
40.28, -0.8000, -6.247
40.29, -0.8000, -7.237
40.30, -0.8000, -7.781
40.31, -0.8000, -8.094
40.32, -0.8000, -7.533
40.33, -0.8000, -8.426
40.34, -0.8000, -5.488
40.35, -0.8000, -6.757
40.36, -0.8000, -8.728
40.37, -0.8000, -7.934
40.38, -0.8000, -6.966
40.39, -0.8000, -6.876
40.40, -0.8000, -7.069
40.41, -0.8000, -7.532
40.42, -0.8000, -6.514
40.43, -0.8000, -6.997
40.44, -0.8000, -7.181
40.45, -0.8000, -6.702
40.46, -0.8000, -7.221
40.47, -0.8000, -8.154
40.48, -0.8000, -6.801
40.49, -0.8000, -6.712
40.50, -0.8000, -7.141
40.51, -0.8000, -6.128
40.52, -0.8000, -8.402
40.53, -0.8000, -6.650
40.54, -0.8000, -7.862
40.55, -0.8000, -7.481
40.56, -0.8000, -7.752
40.57, -0.8000, -6.892
40.58, -0.8000, -7.091
40.59, -0.8000, -6.508
40.60, -0.8000, -8.162
40.61, -0.8000, -8.104
40.62, -0.8000, -8.478
40.63, -0.8000, -7.222
40.64, -0.8000, -6.154
40.65, -0.8000, -5.990
40.66, -0.8000, -7.660
40.67, -0.8000, -6.336
40.68, -0.8000, -5.461
40.69, -0.8000, -7.704
40.70, -0.8000, -7.852
40.71, -0.8000, -6.922
40.72, -0.8000, -7.373
40.73, -0.8000, -7.504
40.74, -0.8000, -7.460
40.75, -0.8000, -7.007
40.76, -0.8000, -8.453
40.77, -0.8000, -6.188
40.78, -0.8000, -6.648
40.79, -0.8000, -8.200
40.80, -0.8000, -7.564
40.81, -0.8000, -7.631
40.82, -0.8000, -6.793
40.83, -0.8000, -7.932
40.84, -0.8000, -7.046
40.85, -0.8000, -6.591
40.86, -0.8000, -7.580
40.87, -0.8000, -7.125
40.88, -0.8000, -7.694
40.89, -0.8000, -6.253
40.90, -0.8000, -7.183
40.91, -0.8000, -7.959
40.92, -0.8000, -6.719
40.93, -0.8000, -6.490
40.94, -0.8000, -7.482
40.95, -0.8000, -7.770
40.96, -0.8000, -6.401
40.97, -0.8000, -7.189
40.98, -0.8000, -8.517
40.99, -0.8000, -7.242
41.00, -0.8000, -6.413
41.01, -0.8000, -7.749
41.02, -0.8000, -7.322
41.03, -0.8000, -6.643
41.04, -0.8000, -7.955
41.05, -0.8000, -8.003
41.06, -0.8000, -6.879
41.07, -0.8000, -8.542
41.08, -0.8000, -8.095
41.09, -0.8000, -6.735
41.10, -0.8000, -7.784
41.11, -0.8000, -6.559
41.12, -0.8000, -7.659
41.13, -0.8000, -6.388
41.14, -0.8000, -7.468
41.15, -0.8000, -6.618
41.16, -0.8000, -5.812
41.17, -0.8000, -8.411
41.18, -0.8000, -7.637
41.19, -0.8000, -7.338
41.20, -0.8000, -6.534
41.21, -0.8000, -6.367
41.22, -0.8000, -7.208
41.23, -0.8000, -6.259
41.24, -0.8000, -8.649
41.25, -0.8000, -6.307
41.26, -0.8000, -6.477
41.27, -0.8000, -8.237
41.28, -0.8000, -7.606
41.29, -0.8000, -5.603
41.30, -0.8000, -8.098
41.31, -0.8000, -6.283
41.32, -0.8000, -6.921
41.33, -0.8000, -7.839
41.34, -0.8000, -6.588
41.35, -0.8000, -6.824
41.36, -0.8000, -8.137
41.37, -0.8000, -7.615
41.38, -0.8000, -7.012
41.39, -0.8000, -6.873
41.40, -0.8000, -6.889
41.41, -0.8000, -6.069
41.42, -0.8000, -6.139
41.43, -0.8000, -7.564
41.44, -0.8000, -6.296
41.45, -0.8000, -6.534
41.46, -0.8000, -8.261
41.47, -0.8000, -5.484
41.48, -0.8000, -6.491
41.49, -0.8000, -8.302
41.50, -0.8000, -7.935
41.51, -0.8000, -7.701
41.52, -0.8000, -6.599
41.53, -0.8000, -8.445
41.54, -0.8000, -7.103
41.55, -0.8000, -8.004
41.56, -0.8000, -6.094
41.57, -0.8000, -7.245
41.58, -0.8000, -7.071
41.59, -0.8000, -6.646
41.60, -0.8000, -6.543
41.61, -0.8000, -7.484
41.62, -0.8000, -7.738
41.63, -0.8000, -7.610
41.64, -0.8000, -6.895
41.65, -0.8000, -6.661
41.66, -0.8000, -7.512
41.67, -0.8000, -7.308
41.68, -0.8000, -6.369
41.69, -0.8000, -7.262
41.70, -0.8000, -7.052
41.71, -0.8000, -7.648
41.72, -0.8000, -6.812
41.73, -0.8000, -6.575
41.74, -0.8000, -6.539
41.75, -0.8000, -6.486
41.76, -0.8000, -6.980
41.77, -0.8000, -6.432
41.78, -0.8000, -7.375
41.79, -0.8000, -6.466
41.80, -0.8000, -5.773
41.81, -0.8000, -8.173
41.82, -0.8000, -6.596
41.83, -0.8000, -6.890
41.84, -0.8000, -7.756
41.85, -0.8000, -7.145
41.86, -0.8000, -6.481
41.87, -0.8000, -8.438
41.88, -0.8000, -6.658
41.89, -0.8000, -6.152
41.90, -0.8000, -8.516
41.91, -0.8000, -6.207
41.92, -0.8000, -6.091
41.93, -0.8000, -9.162
41.94, -0.8000, -6.903
41.95, -0.8000, -6.895
41.96, -0.8000, -6.965
41.97, -0.8000, -7.465
41.98, -0.8000, -7.754
41.99, -0.8000, -7.288
42.00, -0.8000, -6.097
42.01, -0.8000, -5.851
42.02, -0.8000, -6.371
42.03, -0.8000, -6.634
42.04, -0.8000, -5.821
42.05, -0.8000, -8.769
42.06, -0.8000, -6.948
42.07, -0.8000, -6.193
42.08, -0.8000, -8.003
42.09, -0.8000, -6.918
42.10, -0.8000, -6.442
42.11, -0.8000, -7.603
42.12, -0.8000, -7.316
42.13, -0.8000, -6.022
42.14, -0.8000, -7.608
42.15, -0.8000, -7.430
42.16, -0.8000, -6.097
42.17, -0.8000, -7.342
42.18, -0.8000, -7.720
42.19, -0.8000, -8.106
42.20, -0.8000, -8.318
42.21, -0.8000, -5.937
42.22, -0.8000, -6.267
42.23, -0.8000, -8.467
42.24, -0.8000, -7.066
42.25, -0.8000, -6.609
42.26, -0.8000, -5.547
42.27, -0.8000, -6.482
42.28, -0.8000, -7.755
42.29, -0.8000, -6.986
42.30, -0.8000, -6.494
42.31, -0.8000, -6.458
42.32, -0.8000, -8.199
42.33, -0.8000, -6.750
42.34, -0.8000, -6.158
42.35, -0.8000, -8.471
42.36, -0.8000, -7.147
42.37, -0.8000, -6.827
42.38, -0.8000, -7.821
42.39, -0.8000, -6.917
42.40, -0.8000, -7.490
42.41, -0.8000, -7.345
42.42, -0.8000, -7.013
42.43, -0.8000, -5.862
42.44, -0.8000, -7.344
42.45, -0.8000, -7.770
42.46, -0.8000, -8.555
42.47, -0.8000, -7.476
42.48, -0.8000, -6.853
42.49, -0.8000, -6.138
42.50, -0.8000, -7.121
42.51, -0.8000, -7.155
42.52, -0.8000, -7.203
42.53, -0.8000, -8.581
42.54, -0.8000, -7.219
42.55, -0.8000, -6.956
42.56, -0.8000, -7.213
42.57, -0.8000, -8.250
42.58, -0.8000, -7.410
42.59, -0.8000, -8.072
42.60, -0.8000, -7.101
42.61, -0.8000, -6.758
42.62, -0.8000, -7.210
42.63, -0.8000, -8.366
42.64, -0.8000, -6.771
42.65, -0.8000, -7.268
42.66, -0.8000, -7.649
42.67, -0.8000, -6.639
42.68, -0.8000, -8.092
42.69, -0.8000, -6.719
42.70, -0.8000, -5.763
42.71, -0.8000, -8.484
42.72, -0.8000, -7.297
42.73, -0.8000, -6.675
42.74, -0.8000, -7.424
42.75, -0.8000, -7.506
42.76, -0.8000, -6.576
42.77, -0.8000, -6.745
42.78, -0.8000, -8.097
42.79, -0.8000, -6.198
42.80, -0.8000, -6.035
42.81, -0.8000, -7.504
42.82, -0.8000, -8.043
42.83, -0.8000, -7.479
42.84, -0.8000, -8.202
42.85, -0.8000, -7.904
42.86, -0.8000, -6.995
42.87, -0.8000, -7.621
42.88, -0.8000, -6.962
42.89, -0.8000, -7.429
42.90, -0.8000, -6.376
42.91, -0.8000, -6.733
42.92, -0.8000, -6.668
42.93, -0.8000, -5.862
42.94, -0.8000, -7.174
42.95, -0.8000, -6.855
42.96, -0.8000, -5.631
42.97, -0.8000, -7.246
42.98, -0.8000, -6.595
42.99, -0.8000, -8.208
43.00, -0.8000, -6.815
43.01, -0.8000, -7.615
43.02, -0.8000, -7.788
43.03, -0.8000, -8.164
43.04, -0.8000, -6.576
43.05, -0.8000, -6.389
43.06, -0.8000, -6.994
43.07, -0.8000, -7.832
43.08, -0.8000, -6.189
43.09, -0.8000, -7.218
43.10, -0.8000, -5.821
43.11, -0.8000, -7.883
43.12, -0.8000, -6.714
43.13, -0.8000, -5.996
43.14, -0.8000, -7.138
43.15, -0.8000, -7.060
43.16, -0.8000, -7.867
43.17, -0.8000, -6.655
43.18, -0.8000, -7.448
43.19, -0.8000, -8.398
43.20, -0.8000, -5.437
43.21, -0.8000, -9.079
43.22, -0.8000, -7.331
43.23, -0.8000, -6.541
43.24, -0.8000, -6.728
43.25, -0.8000, -7.944
43.26, -0.8000, -6.792
43.27, -0.8000, -7.079
43.28, -0.8000, -6.714
43.29, -0.8000, -7.763
43.30, -0.8000, -7.612
43.31, -0.8000, -7.353
43.32, -0.8000, -8.213
43.33, -0.8000, -7.408
43.34, -0.8000, -7.310
43.35, -0.8000, -8.172
43.36, -0.8000, -8.326
43.37, -0.8000, -6.798
43.38, -0.8000, -6.955
43.39, -0.8000, -6.426
43.40, -0.8000, -6.118
43.41, -0.8000, -7.732
43.42, -0.8000, -6.396
43.43, -0.8000, -6.404
43.44, -0.8000, -7.928
43.45, -0.8000, -7.038
43.46, -0.8000, -6.765
43.47, -0.8000, -7.026
43.48, -0.8000, -6.456
43.49, -0.8000, -7.521
43.50, -0.8000, -5.807
43.51, -0.8000, -7.316
43.52, -0.8000, -6.352
43.53, -0.8000, -6.470
43.54, -0.8000, -6.776
43.55, -0.8000, -6.646
43.56, -0.8000, -7.112
43.57, -0.8000, -5.610
43.58, -0.8000, -7.630
43.59, -0.8000, -7.251
43.60, -0.8000, -5.684
43.61, -0.8000, -8.864
43.62, -0.8000, -6.574
43.63, -0.8000, -7.118
43.64, -0.8000, -7.338
43.65, -0.8000, -7.295
43.66, -0.8000, -7.084
43.67, -0.8000, -7.542
43.68, -0.8000, -6.173
43.69, -0.8000, -6.700
43.70, -0.8000, -6.624
43.71, -0.8000, -7.451
43.72, -0.8000, -6.969
43.73, -0.8000, -5.404
43.74, -0.8000, -7.467
43.75, -0.8000, -7.637
43.76, -0.8000, -6.921
43.77, -0.8000, -8.319
43.78, -0.8000, -5.701
43.79, -0.8000, -6.706
43.80, -0.8000, -8.674
43.81, -0.8000, -7.139
43.82, -0.8000, -5.731
43.83, -0.8000, -8.367
43.84, -0.8000, -7.065
43.85, -0.8000, -6.802
43.86, -0.8000, -7.198
43.87, -0.8000, -6.790
43.88, -0.8000, -6.501
43.89, -0.8000, -7.365
43.90, -0.8000, -6.632
43.91, -0.8000, -6.635
43.92, -0.8000, -7.976
43.93, -0.8000, -6.925
43.94, -0.8000, -8.236
43.95, -0.8000, -7.641
43.96, -0.8000, -6.764
43.97, -0.8000, -6.466
43.98, -0.8000, -7.496
43.99, -0.8000, -7.126
44.00, -0.8000, -6.974
44.01, -0.8000, -5.988
44.02, -0.8000, -6.954
44.03, -0.8000, -6.566
44.04, -0.8000, -7.486
44.05, -0.8000, -6.975
44.06, -0.8000, -7.402
44.07, -0.8000, -7.309
44.08, -0.8000, -6.716
44.09, -0.8000, -6.243
44.10, -0.8000, -8.034
44.11, -0.8000, -7.195
44.12, -0.8000, -6.525
44.13, -0.8000, -8.108
44.14, -0.8000, -6.346
44.15, -0.8000, -6.882
44.16, -0.8000, -6.867
44.17, -0.8000, -6.575
44.18, -0.8000, -7.557
44.19, -0.8000, -7.516
44.20, -0.8000, -7.236
44.21, -0.8000, -7.018
44.22, -0.8000, -6.820
44.23, -0.8000, -6.930
44.24, -0.8000, -7.518
44.25, -0.8000, -6.998
44.26, -0.8000, -6.329
44.27, -0.8000, -6.844
44.28, -0.8000, -7.388
44.29, -0.8000, -5.515
44.30, -0.8000, -8.228
44.31, -0.8000, -7.455
44.32, -0.8000, -6.183
44.33, -0.8000, -7.414
44.34, -0.8000, -6.615
44.35, -0.8000, -6.040
44.36, -0.8000, -8.432
44.37, -0.8000, -6.712
44.38, -0.8000, -7.666
44.39, -0.8000, -6.896
44.40, -0.8000, -8.143
44.41, -0.8000, -7.086
44.42, -0.8000, -8.174
44.43, -0.8000, -6.151
44.44, -0.8000, -6.856
44.45, -0.8000, -6.680
44.46, -0.8000, -6.769
44.47, -0.8000, -7.255
44.48, -0.8000, -6.618
44.49, -0.8000, -7.145
44.50, -0.8000, -7.718
44.51, -0.8000, -4.987
44.52, -0.8000, -7.015
44.53, -0.8000, -6.263
44.54, -0.8000, -6.708
44.55, -0.8000, -6.947
44.56, -0.8000, -6.972
44.57, -0.8000, -5.747
44.58, -0.8000, -7.218
44.59, -0.8000, -7.036
44.60, -0.8000, -6.769
44.61, -0.8000, -6.469
44.62, -0.8000, -6.764
44.63, -0.8000, -7.308
44.64, -0.8000, -7.475
44.65, -0.8000, -7.417
44.66, -0.8000, -6.598
44.67, -0.8000, -8.349
44.68, -0.8000, -7.252
44.69, -0.8000, -5.731
44.70, -0.8000, -7.699
44.71, -0.8000, -8.081
44.72, -0.8000, -5.616
44.73, -0.8000, -7.720
44.74, -0.8000, -6.705
44.75, -0.8000, -7.784
44.76, -0.8000, -7.668
44.77, -0.8000, -7.689
44.78, -0.8000, -6.113
44.79, -0.8000, -8.020
44.80, -0.8000, -7.379
44.81, -0.8000, -7.486
44.82, -0.8000, -6.745
44.83, -0.8000, -8.417
44.84, -0.8000, -7.492
44.85, -0.8000, -6.630
44.86, -0.8000, -6.271
44.87, -0.8000, -7.389
44.88, -0.8000, -7.376
44.89, -0.8000, -8.527
44.90, -0.8000, -7.845
44.91, -0.8000, -5.607
44.92, -0.8000, -6.290
44.93, -0.8000, -5.806
44.94, -0.8000, -5.941
44.95, -0.8000, -8.240
44.96, -0.8000, -7.482
44.97, -0.8000, -5.994
44.98, -0.8000, -7.501
44.99, -0.8000, -8.097
45.00, 0.000, -6.353
45.01, 0.001000, 161.3
45.02, 0.002000, 67.74
45.03, 0.003000, 40.36
45.04, 0.004000, 27.70
45.05, 0.005000, 20.02
45.06, 0.006000, 16.85
45.07, 0.007000, 11.19
45.08, 0.008000, 10.54
45.09, 0.009000, 8.942
45.10, 0.01000, 8.280
45.11, 0.01100, 5.931
45.12, 0.01200, 5.933
45.13, 0.01300, 4.540
45.14, 0.01400, 4.879
45.15, 0.01500, 5.956
45.16, 0.01600, 5.165
45.17, 0.01700, 3.212
45.18, 0.01800, 2.518
45.19, 0.01900, 2.738
45.20, 0.02000, 2.859
45.21, 0.02100, 3.408
45.22, 0.02200, 2.574
45.23, 0.02300, 1.479
45.24, 0.02400, 2.580
45.25, 0.02500, 3.975
45.26, 0.02600, 1.525
45.27, 0.02700, 2.759
45.28, 0.02800, 3.690
45.29, 0.02900, 1.804
45.30, 0.03000, 1.706
45.31, 0.03100, 3.144
45.32, 0.03200, -0.7280
45.33, 0.03300, 0.1967
45.34, 0.03400, 2.837
45.35, 0.03500, -0.8574
45.36, 0.03600, 2.361
45.37, 0.03700, 1.761
45.38, 0.03800, -0.3965
45.39, 0.03900, 1.267
45.40, 0.04000, 1.975
45.41, 0.04100, -0.5534
45.42, 0.04200, 1.811
45.43, 0.04300, 2.520
45.44, 0.04400, 0.2409
45.45, 0.04500, 1.159
45.46, 0.04600, 0.8023
45.47, 0.04700, -1.003
45.48, 0.04800, -0.3497
45.49, 0.04900, 1.691
45.50, 0.05000, -1.413
45.51, 0.05100, -0.7535
45.52, 0.05200, -1.104
45.53, 0.05300, -1.452
45.54, 0.05400, -0.1096
45.55, 0.05500, -0.3492
45.56, 0.05600, -1.503
45.57, 0.05700, 0.4644
45.58, 0.05800, -1.747
45.59, 0.05900, -1.217
45.60, 0.06000, -0.5149
45.61, 0.06100, -0.9541
45.62, 0.06200, -1.500
45.63, 0.06300, 0.4532
45.64, 0.06400, -0.7297
45.65, 0.06500, -0.5625
45.66, 0.06600, 0.8873
45.67, 0.06700, -0.5849
45.68, 0.06800, 1.160
45.69, 0.06900, 0.7639
45.70, 0.07000, 0.04932
45.71, 0.07100, -1.640
45.72, 0.07200, 1.044
45.73, 0.07300, 0.5045
45.74, 0.07400, 0.9335
45.75, 0.07500, 0.5194
45.76, 0.07600, -0.7127
45.77, 0.07700, 0.5738
45.78, 0.07800, -1.302
45.79, 0.07900, -0.3461
45.80, 0.08000, 1.813
45.81, 0.08100, -2.036
45.82, 0.08200, 1.243
45.83, 0.08300, 0.4551
45.84, 0.08400, -0.9393
45.85, 0.08500, -0.5305
45.86, 0.08600, -1.262
45.87, 0.08700, -1.950
45.88, 0.08800, -1.274
45.89, 0.08900, -0.3559
45.90, 0.09000, -0.2234
45.91, 0.09100, -3.548
45.92, 0.09200, -1.075
45.93, 0.09300, -1.080
45.94, 0.09400, -0.9739
45.95, 0.09500, -2.769
45.96, 0.09600, -0.4317
45.97, 0.09700, 0.5334
45.98, 0.09800, -1.979
45.99, 0.09900, -1.130
46.00, 0.1000, 0.9698
46.01, 0.1010, -0.08291
46.02, 0.1020, -1.027
46.03, 0.1030, 0.7207
46.04, 0.1040, 0.7456
46.05, 0.1050, -0.5796
46.06, 0.1060, -0.6143
46.07, 0.1070, 1.229
46.08, 0.1080, -0.2198
46.09, 0.1090, 0.6543
46.10, 0.1100, -0.7603
46.11, 0.1110, 1.441
46.12, 0.1120, 1.889
46.13, 0.1130, 0.9496
46.14, 0.1140, 2.153
46.15, 0.1150, -0.6240
46.16, 0.1160, 0.8784
46.17, 0.1170, 0.6773
46.18, 0.1180, 2.343
46.19, 0.1190, -0.4535
46.20, 0.1200, 0.2207
46.21, 0.1210, 1.684
46.22, 0.1220, -1.119
46.23, 0.1230, 0.6612
46.24, 0.1240, -1.142
46.25, 0.1250, 0.9656
46.26, 0.1260, 0.3139
46.27, 0.1270, 0.2065
46.28, 0.1280, 0.3541
46.29, 0.1290, -0.1106
46.30, 0.1300, -0.2446
46.31, 0.1310, 2.307
46.32, 0.1320, 0.5897
46.33, 0.1330, 0.09887
46.34, 0.1340, 2.151
46.35, 0.1350, 0.7828
46.36, 0.1360, -1.624
46.37, 0.1370, 0.7701
46.38, 0.1380, 1.691
46.39, 0.1390, 0.8768
46.40, 0.1400, 1.544
46.41, 0.1410, 0.7311
46.42, 0.1420, 1.754
46.43, 0.1430, -0.5671
46.44, 0.1440, 1.390
46.45, 0.1450, 1.206
46.46, 0.1460, 1.015
46.47, 0.1470, 1.149
46.48, 0.1480, 1.535
46.49, 0.1490, 0.2946
46.50, 0.1500, 1.135
46.51, 0.1510, 1.820
46.52, 0.1520, 3.138
46.53, 0.1530, 0.3278
46.54, 0.1540, 2.575
46.55, 0.1550, 3.902
46.56, 0.1560, 0.8937
46.57, 0.1570, 1.328
46.58, 0.1580, 1.946
46.59, 0.1590, 3.424
46.60, 0.1600, -0.7766
46.61, 0.1610, 1.561
46.62, 0.1620, 3.597
46.63, 0.1630, 0.4874
46.64, 0.1640, 2.069
46.65, 0.1650, 3.010
46.66, 0.1660, 0.4462
46.67, 0.1670, 2.598
46.68, 0.1680, 2.317
46.69, 0.1690, 1.923
46.70, 0.1700, 1.039
46.71, 0.1710, 1.851
46.72, 0.1720, 1.516
46.73, 0.1730, 0.5411
46.74, 0.1740, 0.4592
46.75, 0.1750, 2.704
46.76, 0.1760, 3.722
46.77, 0.1770, 0.2756
46.78, 0.1780, 2.163
46.79, 0.1790, 2.237
46.80, 0.1800, 0.8810
46.81, 0.1810, 1.221
46.82, 0.1820, 0.9356
46.83, 0.1830, 3.219
46.84, 0.1840, 2.486
46.85, 0.1850, 2.059
46.86, 0.1860, 3.246
46.87, 0.1870, 1.376
46.88, 0.1880, 2.253
46.89, 0.1890, 2.265
46.90, 0.1900, 2.512
46.91, 0.1910, 0.5173
46.92, 0.1920, 3.042
46.93, 0.1930, 4.035
46.94, 0.1940, 1.967
46.95, 0.1950, 3.278
46.96, 0.1960, 2.863
46.97, 0.1970, 3.711
46.98, 0.1980, 1.578
46.99, 0.1990, 3.929
47.00, 0.2000, 3.924
47.01, 0.2010, 5.218
47.02, 0.2020, 2.258
47.03, 0.2030, 4.007
47.04, 0.2040, 4.441
47.05, 0.2050, 3.129
47.06, 0.2060, 3.581
47.07, 0.2070, 3.254
47.08, 0.2080, 5.276
47.09, 0.2090, 2.826
47.10, 0.2100, 3.791
47.11, 0.2110, 4.478
47.12, 0.2120, 4.678
47.13, 0.2130, 2.687
47.14, 0.2140, 4.221
47.15, 0.2150, 3.159
47.16, 0.2160, 4.083
47.17, 0.2170, 2.380
47.18, 0.2180, 3.540
47.19, 0.2190, 4.249
47.20, 0.2200, 2.546
47.21, 0.2210, 4.203
47.22, 0.2220, 3.312
47.23, 0.2230, 3.906
47.24, 0.2240, 3.074
47.25, 0.2250, 3.452
47.26, 0.2260, 5.066
47.27, 0.2270, 4.053
47.28, 0.2280, 3.770
47.29, 0.2290, 4.331
47.30, 0.2300, 4.581
47.31, 0.2310, 3.819
47.32, 0.2320, 5.147
47.33, 0.2330, 5.952
47.34, 0.2340, 4.599
47.35, 0.2350, 4.989
47.36, 0.2360, 5.492
47.37, 0.2370, 6.325
47.38, 0.2380, 5.389
47.39, 0.2390, 6.361
47.40, 0.2400, 6.647
47.41, 0.2410, 5.381
47.42, 0.2420, 5.371
47.43, 0.2430, 7.077
47.44, 0.2440, 4.072
47.45, 0.2450, 6.185
47.46, 0.2460, 4.926
47.47, 0.2470, 7.259
47.48, 0.2480, 4.329
47.49, 0.2490, 5.986
47.50, 0.2500, 5.829
47.51, 0.2510, 4.714
47.52, 0.2520, 3.300
47.53, 0.2530, 4.118
47.54, 0.2540, 6.944
47.55, 0.2550, 4.516
47.56, 0.2560, 5.765
47.57, 0.2570, 6.532
47.58, 0.2580, 5.155
47.59, 0.2590, 5.661
47.60, 0.2600, 6.965
47.61, 0.2610, 5.334
47.62, 0.2620, 5.710
47.63, 0.2630, 6.929
47.64, 0.2640, 5.712
47.65, 0.2650, 5.919
47.66, 0.2660, 6.353
47.67, 0.2670, 6.304
47.68, 0.2680, 5.777
47.69, 0.2690, 6.284
47.70, 0.2700, 7.712
47.71, 0.2710, 4.697
47.72, 0.2720, 6.386
47.73, 0.2730, 5.751
47.74, 0.2740, 5.244
47.75, 0.2750, 7.017
47.76, 0.2760, 7.409
47.77, 0.2770, 5.920
47.78, 0.2780, 6.664
47.79, 0.2790, 7.131
47.80, 0.2800, 5.979
47.81, 0.2810, 7.041
47.82, 0.2820, 7.423
47.83, 0.2830, 7.806
47.84, 0.2840, 7.459
47.85, 0.2850, 7.491
47.86, 0.2860, 8.218
47.87, 0.2870, 6.612
47.88, 0.2880, 8.838
47.89, 0.2890, 8.305
47.90, 0.2900, 7.976
47.91, 0.2910, 7.207
47.92, 0.2920, 8.157
47.93, 0.2930, 8.910
47.94, 0.2940, 7.808
47.95, 0.2950, 9.897
47.96, 0.2960, 8.097
47.97, 0.2970, 6.980
47.98, 0.2980, 7.973
47.99, 0.2990, 8.701
48.00, 0.3000, 8.960
48.01, 0.3010, 9.550
48.02, 0.3020, 9.829
48.03, 0.3030, 7.894
48.04, 0.3040, 9.125
48.05, 0.3050, 9.104
48.06, 0.3060, 8.336
48.07, 0.3070, 10.35
48.08, 0.3080, 8.571
48.09, 0.3090, 9.310
48.10, 0.3100, 7.938
48.11, 0.3110, 9.058
48.12, 0.3120, 10.07
48.13, 0.3130, 7.176
48.14, 0.3140, 8.658
48.15, 0.3150, 9.093
48.16, 0.3160, 9.009
48.17, 0.3170, 9.376
48.18, 0.3180, 8.773
48.19, 0.3190, 9.267
48.20, 0.3200, 10.40
48.21, 0.3210, 10.23
48.22, 0.3220, 9.115
48.23, 0.3230, 8.771
48.24, 0.3240, 11.06
48.25, 0.3250, 10.61
48.26, 0.3260, 10.71
48.27, 0.3270, 12.64
48.28, 0.3280, 9.849
48.29, 0.3290, 11.68
48.30, 0.3300, 10.78
48.31, 0.3310, 9.031
48.32, 0.3320, 10.42
48.33, 0.3330, 11.84
48.34, 0.3340, 9.552
48.35, 0.3350, 9.792
48.36, 0.3360, 10.73
48.37, 0.3370, 10.28
48.38, 0.3380, 9.432
48.39, 0.3390, 10.83
48.40, 0.3400, 9.959
48.41, 0.3410, 9.896
48.42, 0.3420, 10.89
48.43, 0.3430, 10.03
48.44, 0.3440, 11.00
48.45, 0.3450, 9.842
48.46, 0.3460, 8.880
48.47, 0.3470, 11.89
48.48, 0.3480, 12.78
48.49, 0.3490, 12.16
48.50, 0.3500, 10.09
48.51, 0.3510, 10.62
48.52, 0.3520, 11.86
48.53, 0.3530, 9.633
48.54, 0.3540, 12.06
48.55, 0.3550, 10.09
48.56, 0.3560, 12.40
48.57, 0.3570, 11.37
48.58, 0.3580, 10.36
48.59, 0.3590, 11.31
48.60, 0.3600, 11.49
48.61, 0.3610, 10.02
48.62, 0.3620, 11.43
48.63, 0.3630, 13.35
48.64, 0.3640, 12.33
48.65, 0.3650, 11.68
48.66, 0.3660, 12.92
48.67, 0.3670, 11.83
48.68, 0.3680, 13.38
48.69, 0.3690, 12.27
48.70, 0.3700, 12.45
48.71, 0.3710, 13.14
48.72, 0.3720, 12.53
48.73, 0.3730, 11.29
48.74, 0.3740, 11.30
48.75, 0.3750, 11.73
48.76, 0.3760, 12.26
48.77, 0.3770, 12.69
48.78, 0.3780, 13.36
48.79, 0.3790, 11.88
48.80, 0.3800, 10.25
48.81, 0.3810, 12.94
48.82, 0.3820, 12.08
48.83, 0.3830, 11.95
48.84, 0.3840, 13.22
48.85, 0.3850, 14.06
48.86, 0.3860, 13.68
48.87, 0.3870, 12.36
48.88, 0.3880, 13.56
48.89, 0.3890, 13.18
48.90, 0.3900, 12.82
48.91, 0.3910, 13.05
48.92, 0.3920, 11.39
48.93, 0.3930, 11.77
48.94, 0.3940, 11.91
48.95, 0.3950, 12.17
48.96, 0.3960, 13.61
48.97, 0.3970, 11.74
48.98, 0.3980, 13.22
48.99, 0.3990, 13.87
49.00, 0.4000, 13.30
49.01, 0.4010, 12.68
49.02, 0.4020, 13.40
49.03, 0.4030, 14.40
49.04, 0.4040, 13.14
49.05, 0.4050, 14.36
49.06, 0.4060, 13.32
49.07, 0.4070, 11.58
49.08, 0.4080, 14.42
49.09, 0.4090, 15.59
49.10, 0.4100, 14.67
49.11, 0.4110, 13.78
49.12, 0.4120, 14.38
49.13, 0.4130, 12.74
49.14, 0.4140, 12.77
49.15, 0.4150, 14.98
49.16, 0.4160, 14.41
49.17, 0.4170, 14.11
49.18, 0.4180, 13.89
49.19, 0.4190, 12.95
49.20, 0.4200, 13.61
49.21, 0.4210, 14.57
49.22, 0.4220, 14.35
49.23, 0.4230, 12.54
49.24, 0.4240, 15.61
49.25, 0.4250, 15.63
49.26, 0.4260, 14.21
49.27, 0.4270, 13.76
49.28, 0.4280, 14.35
49.29, 0.4290, 12.98
49.30, 0.4300, 14.71
49.31, 0.4310, 13.44
49.32, 0.4320, 13.21
49.33, 0.4330, 13.59
49.34, 0.4340, 14.00
49.35, 0.4350, 14.01
49.36, 0.4360, 13.50
49.37, 0.4370, 14.67
49.38, 0.4380, 15.31
49.39, 0.4390, 13.37
49.40, 0.4400, 13.73
49.41, 0.4410, 15.31
49.42, 0.4420, 14.15
49.43, 0.4430, 14.69
49.44, 0.4440, 14.60
49.45, 0.4450, 14.46
49.46, 0.4460, 14.63
49.47, 0.4470, 14.95
49.48, 0.4480, 14.80
49.49, 0.4490, 13.73
49.50, 0.4500, 14.65
49.51, 0.4510, 16.33
49.52, 0.4520, 16.72
49.53, 0.4530, 16.20
49.54, 0.4540, 15.45
49.55, 0.4550, 15.21
49.56, 0.4560, 14.78
49.57, 0.4570, 15.34
49.58, 0.4580, 15.86
49.59, 0.4590, 14.24
49.60, 0.4600, 14.79
49.61, 0.4610, 15.75
49.62, 0.4620, 15.63
49.63, 0.4630, 14.17
49.64, 0.4640, 15.31
49.65, 0.4650, 15.00
49.66, 0.4660, 15.14
49.67, 0.4670, 15.74
49.68, 0.4680, 14.58
49.69, 0.4690, 16.11
49.70, 0.4700, 16.49
49.71, 0.4710, 13.21
49.72, 0.4720, 15.40
49.73, 0.4730, 14.70
49.74, 0.4740, 14.70
49.75, 0.4750, 13.22
49.76, 0.4760, 14.95
49.77, 0.4770, 15.77
49.78, 0.4780, 13.94
49.79, 0.4790, 15.56
49.80, 0.4800, 14.56
49.81, 0.4810, 13.20
49.82, 0.4820, 15.11
49.83, 0.4830, 15.75
49.84, 0.4840, 14.46
49.85, 0.4850, 15.00
49.86, 0.4860, 14.87
49.87, 0.4870, 16.16
49.88, 0.4880, 15.86
49.89, 0.4890, 15.04
49.90, 0.4900, 18.33
49.91, 0.4910, 15.96
49.92, 0.4920, 16.51
49.93, 0.4930, 16.36
49.94, 0.4940, 15.20
49.95, 0.4950, 16.33
49.96, 0.4960, 17.72
49.97, 0.4970, 15.62
49.98, 0.4980, 16.31
49.99, 0.4990, 16.26
50.00, 0.5000, 14.85
50.01, 0.5010, 13.69
50.02, 0.5020, 16.04
50.03, 0.5030, 15.46
50.04, 0.5040, 13.91
50.05, 0.5050, 16.23
50.06, 0.5060, 15.64
50.07, 0.5070, 14.33
50.08, 0.5080, 17.59
50.09, 0.5090, 17.39
50.10, 0.5100, 15.86
50.11, 0.5110, 16.05
50.12, 0.5120, 18.13
50.13, 0.5130, 15.39
50.14, 0.5140, 16.91
50.15, 0.5150, 15.48
50.16, 0.5160, 15.47
50.17, 0.5170, 15.41
50.18, 0.5180, 15.49
50.19, 0.5190, 15.83
50.20, 0.5200, 16.31
50.21, 0.5210, 15.54
50.22, 0.5220, 15.41
50.23, 0.5230, 16.32
50.24, 0.5240, 15.27
50.25, 0.5250, 15.34
50.26, 0.5260, 13.92
50.27, 0.5270, 15.77
50.28, 0.5280, 17.77
50.29, 0.5290, 15.58
50.30, 0.5300, 17.80
50.31, 0.5310, 17.42
50.32, 0.5320, 16.51
50.33, 0.5330, 17.01
50.34, 0.5340, 17.08
50.35, 0.5350, 17.62
50.36, 0.5360, 16.17
50.37, 0.5370, 17.04
50.38, 0.5380, 18.84
50.39, 0.5390, 17.00
50.40, 0.5400, 16.96
50.41, 0.5410, 17.18
50.42, 0.5420, 16.77
50.43, 0.5430, 17.54
50.44, 0.5440, 17.36
50.45, 0.5450, 16.30
50.46, 0.5460, 15.54
50.47, 0.5470, 15.59
50.48, 0.5480, 16.94
50.49, 0.5490, 16.89
50.50, 0.5500, 16.09
50.51, 0.5510, 17.34
50.52, 0.5520, 16.57
50.53, 0.5530, 16.31
50.54, 0.5540, 15.65
50.55, 0.5550, 15.98
50.56, 0.5560, 15.98
50.57, 0.5570, 17.56
50.58, 0.5580, 15.66
50.59, 0.5590, 17.26
50.60, 0.5600, 18.29
50.61, 0.5610, 15.88
50.62, 0.5620, 17.40
50.63, 0.5630, 16.91
50.64, 0.5640, 15.87
50.65, 0.5650, 14.59
50.66, 0.5660, 16.46
50.67, 0.5670, 15.49
50.68, 0.5680, 15.43
50.69, 0.5690, 17.12
50.70, 0.5700, 15.26
50.71, 0.5710, 15.24
50.72, 0.5720, 17.21
50.73, 0.5730, 16.05
50.74, 0.5740, 17.69
50.75, 0.5750, 16.79
50.76, 0.5760, 17.47
50.77, 0.5770, 16.13
50.78, 0.5780, 18.25
50.79, 0.5790, 16.73
50.80, 0.5800, 15.65
50.81, 0.5810, 15.40
50.82, 0.5820, 17.37
50.83, 0.5830, 17.05
50.84, 0.5840, 15.88
50.85, 0.5850, 17.90
50.86, 0.5860, 18.33
50.87, 0.5870, 16.92
50.88, 0.5880, 16.42
50.89, 0.5890, 17.60
50.90, 0.5900, 15.65
50.91, 0.5910, 16.31
50.92, 0.5920, 17.11
50.93, 0.5930, 16.58
50.94, 0.5940, 16.63
50.95, 0.5950, 17.38
50.96, 0.5960, 15.79
50.97, 0.5970, 14.60
50.98, 0.5980, 17.14
50.99, 0.5990, 16.63
51.00, 0.6000, 15.94
51.01, 0.6010, 16.69
51.02, 0.6020, 17.28
51.03, 0.6030, 16.93
51.04, 0.6040, 15.95
51.05, 0.6050, 16.76
51.06, 0.6060, 14.61
51.07, 0.6070, 16.90
51.08, 0.6080, 17.64
51.09, 0.6090, 16.73
51.10, 0.6100, 17.64
51.11, 0.6110, 16.05
51.12, 0.6120, 16.34
51.13, 0.6130, 17.11
51.14, 0.6140, 18.05
51.15, 0.6150, 17.74
51.16, 0.6160, 19.35
51.17, 0.6170, 18.59
51.18, 0.6180, 16.04
51.19, 0.6190, 17.05
51.20, 0.6200, 18.54
51.21, 0.6210, 17.64
51.22, 0.6220, 18.01
51.23, 0.6230, 18.95
51.24, 0.6240, 17.47
51.25, 0.6250, 17.66
51.26, 0.6260, 16.71
51.27, 0.6270, 16.21
51.28, 0.6280, 16.84
51.29, 0.6290, 17.34
51.30, 0.6300, 16.75
51.31, 0.6310, 15.87
51.32, 0.6320, 17.13
51.33, 0.6330, 15.59
51.34, 0.6340, 16.69
51.35, 0.6350, 18.37
51.36, 0.6360, 17.16
51.37, 0.6370, 17.41
51.38, 0.6380, 16.79
51.39, 0.6390, 17.42
51.40, 0.6400, 16.84
51.41, 0.6410, 17.03
51.42, 0.6420, 18.19
51.43, 0.6430, 15.28
51.44, 0.6440, 16.91
51.45, 0.6450, 17.42
51.46, 0.6460, 17.55
51.47, 0.6470, 15.65
51.48, 0.6480, 18.35
51.49, 0.6490, 16.47
51.50, 0.6500, 17.89
51.51, 0.6510, 17.89
51.52, 0.6520, 18.68
51.53, 0.6530, 17.40
51.54, 0.6540, 17.78
51.55, 0.6550, 17.51
51.56, 0.6560, 17.15
51.57, 0.6570, 19.02
51.58, 0.6580, 19.08
51.59, 0.6590, 17.98
51.60, 0.6600, 19.21
51.61, 0.6610, 19.54
51.62, 0.6620, 17.93
51.63, 0.6630, 18.28
51.64, 0.6640, 19.73
51.65, 0.6650, 18.03
51.66, 0.6660, 18.03
51.67, 0.6670, 18.36
51.68, 0.6680, 18.75
51.69, 0.6690, 18.20
51.70, 0.6700, 17.35
51.71, 0.6710, 19.98
51.72, 0.6720, 17.38
51.73, 0.6730, 18.39
51.74, 0.6740, 19.41
51.75, 0.6750, 17.31
51.76, 0.6760, 17.85
51.77, 0.6770, 18.11
51.78, 0.6780, 18.95
51.79, 0.6790, 17.90
51.80, 0.6800, 17.33
51.81, 0.6810, 17.40
51.82, 0.6820, 19.17
51.83, 0.6830, 18.32
51.84, 0.6840, 18.93
51.85, 0.6850, 18.93
51.86, 0.6860, 17.61
51.87, 0.6870, 18.77
51.88, 0.6880, 17.18
51.89, 0.6890, 19.26
51.90, 0.6900, 19.51
51.91, 0.6910, 17.18
51.92, 0.6920, 18.20
51.93, 0.6930, 18.80
51.94, 0.6940, 17.62
51.95, 0.6950, 18.37
51.96, 0.6960, 19.56
51.97, 0.6970, 18.64
51.98, 0.6980, 18.09
51.99, 0.6990, 19.16
52.00, 0.7000, 18.80
52.01, 0.7010, 19.51
52.02, 0.7020, 19.57
52.03, 0.7030, 19.97
52.04, 0.7040, 17.99
52.05, 0.7050, 20.58
52.06, 0.7060, 20.41
52.07, 0.7070, 18.68
52.08, 0.7080, 20.20
52.09, 0.7090, 20.94
52.10, 0.7100, 18.05
52.11, 0.7110, 18.42
52.12, 0.7120, 19.16
52.13, 0.7130, 19.16
52.14, 0.7140, 19.63
52.15, 0.7150, 20.91
52.16, 0.7160, 19.17
52.17, 0.7170, 18.98
52.18, 0.7180, 21.03
52.19, 0.7190, 19.29
52.20, 0.7200, 18.12
52.21, 0.7210, 19.49
52.22, 0.7220, 18.44
52.23, 0.7230, 18.86
52.24, 0.7240, 19.65
52.25, 0.7250, 18.90
52.26, 0.7260, 20.51
52.27, 0.7270, 20.48
52.28, 0.7280, 19.87
52.29, 0.7290, 20.39
52.30, 0.7300, 19.27
52.31, 0.7310, 20.15
52.32, 0.7320, 19.81
52.33, 0.7330, 21.29
52.34, 0.7340, 19.19
52.35, 0.7350, 19.74
52.36, 0.7360, 19.53
52.37, 0.7370, 17.10
52.38, 0.7380, 18.92
52.39, 0.7390, 19.67
52.40, 0.7400, 18.67
52.41, 0.7410, 21.64
52.42, 0.7420, 21.69
52.43, 0.7430, 19.92
52.44, 0.7440, 20.31
52.45, 0.7450, 19.68
52.46, 0.7460, 19.72
52.47, 0.7470, 20.39
52.48, 0.7480, 21.90
52.49, 0.7490, 19.66
52.50, 0.7500, 21.47
52.51, 0.7510, 19.71
52.52, 0.7520, 19.12
52.53, 0.7530, 20.77
52.54, 0.7540, 20.53
52.55, 0.7550, 17.76
52.56, 0.7560, 20.17
52.57, 0.7570, 20.38
52.58, 0.7580, 19.84
52.59, 0.7590, 19.79
52.60, 0.7600, 18.84
52.61, 0.7610, 20.25
52.62, 0.7620, 19.29
52.63, 0.7630, 19.83
52.64, 0.7640, 20.96
52.65, 0.7650, 18.36
52.66, 0.7660, 20.67
52.67, 0.7670, 20.93
52.68, 0.7680, 21.17
52.69, 0.7690, 18.26
52.70, 0.7700, 20.90
52.71, 0.7710, 18.32
52.72, 0.7720, 20.36
52.73, 0.7730, 20.34
52.74, 0.7740, 20.03
52.75, 0.7750, 19.69
52.76, 0.7760, 20.57
52.77, 0.7770, 20.80
52.78, 0.7780, 18.72
52.79, 0.7790, 21.48
52.80, 0.7800, 21.64
52.81, 0.7810, 19.57
52.82, 0.7820, 19.54
52.83, 0.7830, 21.58
52.84, 0.7840, 20.10
52.85, 0.7850, 20.18
52.86, 0.7860, 22.14
52.87, 0.7870, 19.12
52.88, 0.7880, 20.43
52.89, 0.7890, 21.89
52.90, 0.7900, 19.41
52.91, 0.7910, 21.60
52.92, 0.7920, 21.08
52.93, 0.7930, 20.52
52.94, 0.7940, 20.93
52.95, 0.7950, 22.36
52.96, 0.7960, 21.38
52.97, 0.7970, 20.09
52.98, 0.7980, 20.89
52.99, 0.7990, 21.36
53.00, 0.8000, 21.60
53.01, 0.8010, 19.47
53.02, 0.8020, 21.98
53.03, 0.8030, 19.51
53.04, 0.8040, 21.68
53.05, 0.8050, 21.78
53.06, 0.8060, 18.90
53.07, 0.8070, 20.37
53.08, 0.8080, 21.52
53.09, 0.8090, 20.34
53.10, 0.8100, 19.05
53.11, 0.8110, 20.60
53.12, 0.8120, 20.55
53.13, 0.8130, 20.03
53.14, 0.8140, 20.68
53.15, 0.8150, 21.13
53.16, 0.8160, 19.60
53.17, 0.8170, 20.28
53.18, 0.8180, 19.62
53.19, 0.8190, 20.15
53.20, 0.8200, 20.19
53.21, 0.8210, 20.30
53.22, 0.8220, 19.88
53.23, 0.8230, 20.51
53.24, 0.8240, 21.60
53.25, 0.8250, 20.96
53.26, 0.8260, 21.50
53.27, 0.8270, 21.46
53.28, 0.8280, 21.89
53.29, 0.8290, 21.53
53.30, 0.8300, 23.43
53.31, 0.8310, 22.75
53.32, 0.8320, 22.08
53.33, 0.8330, 22.93
53.34, 0.8340, 21.74
53.35, 0.8350, 21.69
53.36, 0.8360, 23.45
53.37, 0.8370, 20.78
53.38, 0.8380, 22.13
53.39, 0.8390, 22.45
53.40, 0.8400, 21.53
53.41, 0.8410, 22.30
53.42, 0.8420, 22.61
53.43, 0.8430, 21.92
53.44, 0.8440, 22.86
53.45, 0.8450, 21.14
53.46, 0.8460, 21.50
53.47, 0.8470, 22.98
53.48, 0.8480, 23.42
53.49, 0.8490, 21.63
53.50, 0.8500, 22.05
53.51, 0.8510, 23.48
53.52, 0.8520, 20.63
53.53, 0.8530, 22.38
53.54, 0.8540, 22.76
53.55, 0.8550, 22.06
53.56, 0.8560, 21.80
53.57, 0.8570, 22.48
53.58, 0.8580, 21.80
53.59, 0.8590, 22.62
53.60, 0.8600, 21.66
53.61, 0.8610, 22.17
53.62, 0.8620, 21.23
53.63, 0.8630, 22.85
53.64, 0.8640, 21.78
53.65, 0.8650, 21.09
53.66, 0.8660, 24.56
53.67, 0.8670, 21.45
53.68, 0.8680, 22.69
53.69, 0.8690, 22.54
53.70, 0.8700, 21.62
53.71, 0.8710, 22.53
53.72, 0.8720, 23.25
53.73, 0.8730, 23.43
53.74, 0.8740, 23.04
53.75, 0.8750, 25.33
53.76, 0.8760, 23.50
53.77, 0.8770, 21.72
53.78, 0.8780, 24.30
53.79, 0.8790, 24.38
53.80, 0.8800, 23.09
53.81, 0.8810, 22.75
53.82, 0.8820, 23.24
53.83, 0.8830, 21.39
53.84, 0.8840, 23.83
53.85, 0.8850, 24.69
53.86, 0.8860, 22.11
53.87, 0.8870, 21.65
53.88, 0.8880, 23.51
53.89, 0.8890, 23.26
53.90, 0.8900, 24.06
53.91, 0.8910, 22.88
53.92, 0.8920, 23.92
53.93, 0.8930, 24.11
53.94, 0.8940, 22.29
53.95, 0.8950, 22.54
53.96, 0.8960, 23.46
53.97, 0.8970, 21.91
53.98, 0.8980, 24.54
53.99, 0.8990, 23.72
54.00, 0.9000, 23.62
54.01, 0.9010, 21.22
54.02, 0.9020, 24.13
54.03, 0.9030, 24.18
54.04, 0.9040, 21.28
54.05, 0.9050, 22.38
54.06, 0.9060, 23.12
54.07, 0.9070, 22.53
54.08, 0.9080, 22.82
54.09, 0.9090, 25.91
54.10, 0.9100, 22.57
54.11, 0.9110, 24.17
54.12, 0.9120, 26.93
54.13, 0.9130, 24.95
54.14, 0.9140, 24.27
54.15, 0.9150, 24.80
54.16, 0.9160, 24.43
54.17, 0.9170, 23.23
54.18, 0.9180, 23.99
54.19, 0.9190, 26.05
54.20, 0.9200, 24.43
54.21, 0.9210, 26.11
54.22, 0.9220, 25.69
54.23, 0.9230, 23.33
54.24, 0.9240, 24.18
54.25, 0.9250, 25.81
54.26, 0.9260, 24.78
54.27, 0.9270, 25.28
54.28, 0.9280, 24.59
54.29, 0.9290, 24.37
54.30, 0.9300, 23.53
54.31, 0.9310, 25.28
54.32, 0.9320, 26.07
54.33, 0.9330, 23.73
54.34, 0.9340, 26.26
54.35, 0.9350, 25.95
54.36, 0.9360, 24.35
54.37, 0.9370, 24.17
54.38, 0.9380, 24.95
54.39, 0.9390, 25.58
54.40, 0.9400, 24.61
54.41, 0.9410, 25.79
54.42, 0.9420, 25.36
54.43, 0.9430, 24.42
54.44, 0.9440, 25.34
54.45, 0.9450, 25.91
54.46, 0.9460, 23.22
54.47, 0.9470, 25.04
54.48, 0.9480, 26.53
54.49, 0.9490, 24.88
54.50, 0.9500, 26.18
54.51, 0.9510, 26.81
54.52, 0.9520, 25.20
54.53, 0.9530, 25.45
54.54, 0.9540, 25.37
54.55, 0.9550, 26.08
54.56, 0.9560, 26.84
54.57, 0.9570, 26.08
54.58, 0.9580, 28.57
54.59, 0.9590, 26.55
54.60, 0.9600, 27.30
54.61, 0.9610, 29.00
54.62, 0.9620, 25.70
54.63, 0.9630, 26.13
54.64, 0.9640, 25.95
54.65, 0.9650, 24.33
54.66, 0.9660, 26.29
54.67, 0.9670, 26.47
54.68, 0.9680, 25.20
54.69, 0.9690, 26.26
54.70, 0.9700, 27.02
54.71, 0.9710, 25.64
54.72, 0.9720, 25.98
54.73, 0.9730, 25.93
54.74, 0.9740, 27.64
54.75, 0.9750, 26.81
54.76, 0.9760, 27.29
54.77, 0.9770, 27.78
54.78, 0.9780, 25.19
54.79, 0.9790, 27.54
54.80, 0.9800, 26.83
54.81, 0.9810, 26.84
54.82, 0.9820, 26.14
54.83, 0.9830, 28.54
54.84, 0.9840, 25.77
54.85, 0.9850, 26.88
54.86, 0.9860, 28.07
54.87, 0.9870, 27.97
54.88, 0.9880, 26.10
54.89, 0.9890, 28.49
54.90, 0.9900, 25.62
54.91, 0.9910, 28.31
54.92, 0.9920, 28.17
54.93, 0.9930, 28.00
54.94, 0.9940, 28.45
54.95, 0.9950, 29.52
54.96, 0.9960, 28.48
54.97, 0.9970, 28.74
54.98, 0.9980, 29.95
54.99, 0.9990, 29.82
55.00, 1.000, 28.27
55.01, 1.001, 26.87
55.02, 1.002, 29.86
55.03, 1.003, 27.87
55.04, 1.004, 27.94
55.05, 1.005, 29.63
55.06, 1.006, 27.41
55.07, 1.007, 27.88
55.08, 1.008, 29.83
55.09, 1.009, 27.82
55.10, 1.010, 29.54
55.11, 1.011, 29.05
55.12, 1.012, 27.04
55.13, 1.013, 28.35
55.14, 1.014, 29.30
55.15, 1.015, 28.07
55.16, 1.016, 28.31
55.17, 1.017, 28.60
55.18, 1.018, 28.84
55.19, 1.019, 29.37
55.20, 1.020, 30.23
55.21, 1.021, 29.12
55.22, 1.022, 28.82
55.23, 1.023, 30.42
55.24, 1.024, 29.11
55.25, 1.025, 30.32
55.26, 1.026, 30.63
55.27, 1.027, 28.32
55.28, 1.028, 28.67
55.29, 1.029, 30.87
55.30, 1.030, 30.22
55.31, 1.031, 30.41
55.32, 1.032, 31.03
55.33, 1.033, 29.24
55.34, 1.034, 29.31
55.35, 1.035, 29.76
55.36, 1.036, 30.16
55.37, 1.037, 30.90
55.38, 1.038, 29.86
55.39, 1.039, 31.13
55.40, 1.040, 29.59
55.41, 1.041, 32.66
55.42, 1.042, 31.45
55.43, 1.043, 31.33
55.44, 1.044, 32.99
55.45, 1.045, 32.10
55.46, 1.046, 32.02
55.47, 1.047, 32.65
55.48, 1.048, 31.27
55.49, 1.049, 30.15
55.50, 1.050, 31.13
55.51, 1.051, 32.64
55.52, 1.052, 32.20
55.53, 1.053, 30.92
55.54, 1.054, 33.83
55.55, 1.055, 31.05
55.56, 1.056, 32.93
55.57, 1.057, 31.63
55.58, 1.058, 30.24
55.59, 1.059, 33.41
55.60, 1.060, 31.24
55.61, 1.061, 31.71
55.62, 1.062, 33.36
55.63, 1.063, 31.77
55.64, 1.064, 32.16
55.65, 1.065, 33.95
55.66, 1.066, 30.19
55.67, 1.067, 32.74
55.68, 1.068, 33.16
55.69, 1.069, 30.75
55.70, 1.070, 32.94
55.71, 1.071, 34.22
55.72, 1.072, 31.81
55.73, 1.073, 32.57
55.74, 1.074, 31.70
55.75, 1.075, 32.49
55.76, 1.076, 33.25
55.77, 1.077, 33.67
55.78, 1.078, 35.16
55.79, 1.079, 36.35
55.80, 1.080, 34.52
55.81, 1.081, 33.79
55.82, 1.082, 35.86
55.83, 1.083, 35.81
55.84, 1.084, 34.27
55.85, 1.085, 35.44
55.86, 1.086, 34.47
55.87, 1.087, 33.20
55.88, 1.088, 36.68
55.89, 1.089, 35.32
55.90, 1.090, 35.40
55.91, 1.091, 37.03
55.92, 1.092, 35.50
55.93, 1.093, 37.38
55.94, 1.094, 34.54
55.95, 1.095, 34.56
55.96, 1.096, 36.04
55.97, 1.097, 34.69
55.98, 1.098, 34.57
55.99, 1.099, 36.91
56.00, 1.100, 35.75
56.01, 1.101, 37.32
56.02, 1.102, 37.46
56.03, 1.103, 36.59
56.04, 1.104, 36.09
56.05, 1.105, 38.00
56.06, 1.106, 36.31
56.07, 1.107, 39.21
56.08, 1.108, 40.03
56.09, 1.109, 36.58
56.10, 1.110, 39.33
56.11, 1.111, 39.54
56.12, 1.112, 37.30
56.13, 1.113, 36.89
56.14, 1.114, 39.43
56.15, 1.115, 38.32
56.16, 1.116, 38.28
56.17, 1.117, 40.47
56.18, 1.118, 37.69
56.19, 1.119, 40.78
56.20, 1.120, 41.20
56.21, 1.121, 39.56
56.22, 1.122, 40.24
56.23, 1.123, 41.71
56.24, 1.124, 41.05
56.25, 1.125, 41.26
56.26, 1.126, 39.62
56.27, 1.127, 38.92
56.28, 1.128, 42.79
56.29, 1.129, 40.24
56.30, 1.130, 40.47
56.31, 1.131, 42.51
56.32, 1.132, 42.16
56.33, 1.133, 42.74
56.34, 1.134, 43.35
56.35, 1.135, 42.20
56.36, 1.136, 41.54
56.37, 1.137, 42.99
56.38, 1.138, 41.60
56.39, 1.139, 43.81
56.40, 1.140, 45.27
56.41, 1.141, 42.40
56.42, 1.142, 43.80
56.43, 1.143, 45.02
56.44, 1.144, 41.73
56.45, 1.145, 44.38
56.46, 1.146, 43.94
56.47, 1.147, 44.69
56.48, 1.148, 43.24
56.49, 1.149, 46.83
56.50, 1.150, 43.29
56.51, 1.151, 44.00
56.52, 1.152, 45.26
56.53, 1.153, 45.25
56.54, 1.154, 45.76
56.55, 1.155, 46.27
56.56, 1.156, 46.07
56.57, 1.157, 46.97
56.58, 1.158, 43.92
56.59, 1.159, 47.00
56.60, 1.160, 47.25
56.61, 1.161, 45.41
56.62, 1.162, 47.15
56.63, 1.163, 48.57
56.64, 1.164, 47.10
56.65, 1.165, 47.75
56.66, 1.166, 49.47
56.67, 1.167, 48.52
56.68, 1.168, 48.26
56.69, 1.169, 48.11
56.70, 1.170, 49.64
56.71, 1.171, 50.16
56.72, 1.172, 50.78
56.73, 1.173, 50.55
56.74, 1.174, 49.62
56.75, 1.175, 50.58
56.76, 1.176, 50.71
56.77, 1.177, 49.90
56.78, 1.178, 52.05
56.79, 1.179, 51.59
56.80, 1.180, 50.87
56.81, 1.181, 52.39
56.82, 1.182, 51.74
56.83, 1.183, 52.80
56.84, 1.184, 52.42
56.85, 1.185, 50.86
56.86, 1.186, 53.01
56.87, 1.187, 50.89
56.88, 1.188, 53.78
56.89, 1.189, 53.58
56.90, 1.190, 51.04
56.91, 1.191, 53.76
56.92, 1.192, 54.57
56.93, 1.193, 52.29
56.94, 1.194, 53.57
56.95, 1.195, 53.07
56.96, 1.196, 53.15
56.97, 1.197, 52.69
56.98, 1.198, 55.67
56.99, 1.199, 55.06
57.00, 1.200, 54.77
57.01, 1.201, 56.92
57.02, 1.202, 54.78
57.03, 1.203, 56.89
57.04, 1.204, 55.76
57.05, 1.205, 56.64
57.06, 1.206, 58.19
57.07, 1.207, 57.93
57.08, 1.208, 58.33
57.09, 1.209, 59.84
57.10, 1.210, 57.37
57.11, 1.211, 58.23
57.12, 1.212, 60.42
57.13, 1.213, 58.74
57.14, 1.214, 59.71
57.15, 1.215, 58.67
57.16, 1.216, 60.90
57.17, 1.217, 59.18
57.18, 1.218, 59.61
57.19, 1.219, 62.59
57.20, 1.220, 60.16
57.21, 1.221, 59.92
57.22, 1.222, 63.16
57.23, 1.223, 61.24
57.24, 1.224, 61.57
57.25, 1.225, 64.52
57.26, 1.226, 60.07
57.27, 1.227, 61.89
57.28, 1.228, 63.33
57.29, 1.229, 61.03
57.30, 1.230, 63.95
57.31, 1.231, 64.33
57.32, 1.232, 64.64
57.33, 1.233, 65.01
57.34, 1.234, 63.53
57.35, 1.235, 63.64
57.36, 1.236, 65.22
57.37, 1.237, 63.64
57.38, 1.238, 65.44
57.39, 1.239, 64.90
57.40, 1.240, 64.89
57.41, 1.241, 66.10
57.42, 1.242, 65.30
57.43, 1.243, 66.15
57.44, 1.244, 68.14
57.45, 1.245, 65.56
57.46, 1.246, 68.51
57.47, 1.247, 69.09
57.48, 1.248, 69.05
57.49, 1.249, 69.00
57.50, 1.250, 69.87
57.51, 1.251, 66.91
57.52, 1.252, 68.39
57.53, 1.253, 69.85
57.54, 1.254, 69.01
57.55, 1.255, 69.24
57.56, 1.256, 68.89
57.57, 1.257, 69.72
57.58, 1.258, 70.02
57.59, 1.259, 69.37
57.60, 1.260, 68.98
57.61, 1.261, 72.29
57.62, 1.262, 69.91
57.63, 1.263, 70.46
57.64, 1.264, 71.79
57.65, 1.265, 70.91
57.66, 1.266, 72.89
57.67, 1.267, 70.68
57.68, 1.268, 71.45
57.69, 1.269, 72.89
57.70, 1.270, 73.82
57.71, 1.271, 71.06
57.72, 1.272, 71.72
57.73, 1.273, 73.05
57.74, 1.274, 74.06
57.75, 1.275, 74.54
57.76, 1.276, 72.44
57.77, 1.277, 72.45
57.78, 1.278, 75.87
57.79, 1.279, 74.62
57.80, 1.280, 74.83
57.81, 1.281, 76.55
57.82, 1.282, 75.05
57.83, 1.283, 75.83
57.84, 1.284, 76.60
57.85, 1.285, 76.07
57.86, 1.286, 76.43
57.87, 1.287, 76.82
57.88, 1.288, 77.37
57.89, 1.289, 77.47
57.90, 1.290, 79.28
57.91, 1.291, 77.08
57.92, 1.292, 79.46
57.93, 1.293, 78.08
57.94, 1.294, 79.66
57.95, 1.295, 80.40
57.96, 1.296, 79.17
57.97, 1.297, 79.36
57.98, 1.298, 78.35
57.99, 1.299, 82.66
58.00, 1.300, 79.88
58.01, 1.301, 80.57
58.02, 1.302, 82.34
58.03, 1.303, 82.36
58.04, 1.304, 80.53
58.05, 1.305, 82.22
58.06, 1.306, 83.05
58.07, 1.307, 80.15
58.08, 1.308, 79.75
58.09, 1.309, 83.43
58.10, 1.310, 80.65
58.11, 1.311, 82.77
58.12, 1.312, 82.65
58.13, 1.313, 82.48
58.14, 1.314, 83.28
58.15, 1.315, 82.80
58.16, 1.316, 83.62
58.17, 1.317, 81.77
58.18, 1.318, 85.06
58.19, 1.319, 81.95
58.20, 1.320, 83.48
58.21, 1.321, 83.25
58.22, 1.322, 83.18
58.23, 1.323, 83.63
58.24, 1.324, 85.98
58.25, 1.325, 83.24
58.26, 1.326, 83.56
58.27, 1.327, 85.97
58.28, 1.328, 85.12
58.29, 1.329, 85.83
58.30, 1.330, 84.85
58.31, 1.331, 85.53
58.32, 1.332, 86.40
58.33, 1.333, 88.08
58.34, 1.334, 86.86
58.35, 1.335, 87.02
58.36, 1.336, 87.90
58.37, 1.337, 87.50
58.38, 1.338, 88.65
58.39, 1.339, 87.98
58.40, 1.340, 87.10
58.41, 1.341, 88.76
58.42, 1.342, 90.36
58.43, 1.343, 87.94
58.44, 1.344, 88.60
58.45, 1.345, 88.12
58.46, 1.346, 88.21
58.47, 1.347, 87.35
58.48, 1.348, 90.37
58.49, 1.349, 88.36
58.50, 1.350, 88.42
58.51, 1.351, 90.47
58.52, 1.352, 88.34
58.53, 1.353, 90.14
58.54, 1.354, 89.98
58.55, 1.355, 90.12
58.56, 1.356, 89.51
58.57, 1.357, 90.36
58.58, 1.358, 90.36
58.59, 1.359, 90.06
58.60, 1.360, 91.64
58.61, 1.361, 88.66
58.62, 1.362, 91.57
58.63, 1.363, 90.35
58.64, 1.364, 88.62
58.65, 1.365, 89.10
58.66, 1.366, 91.07
58.67, 1.367, 91.12
58.68, 1.368, 92.30
58.69, 1.369, 92.80
58.70, 1.370, 89.31
58.71, 1.371, 91.72
58.72, 1.372, 93.91
58.73, 1.373, 91.86
58.74, 1.374, 91.62
58.75, 1.375, 93.05
58.76, 1.376, 92.07
58.77, 1.377, 92.92
58.78, 1.378, 93.33
58.79, 1.379, 92.02
58.80, 1.380, 94.23
58.81, 1.381, 95.06
58.82, 1.382, 91.99
58.83, 1.383, 93.23
58.84, 1.384, 95.63
58.85, 1.385, 92.51
58.86, 1.386, 93.37
58.87, 1.387, 95.85
58.88, 1.388, 94.50
58.89, 1.389, 94.78
58.90, 1.390, 95.28
58.91, 1.391, 93.83
58.92, 1.392, 94.72
58.93, 1.393, 95.25
58.94, 1.394, 93.66
58.95, 1.395, 95.09
58.96, 1.396, 94.91
58.97, 1.397, 94.94
58.98, 1.398, 95.54
58.99, 1.399, 96.19
59.00, 1.400, 94.63
59.01, 1.401, 96.50
59.02, 1.402, 96.38
59.03, 1.403, 94.01
59.04, 1.404, 97.79
59.05, 1.405, 96.89
59.06, 1.406, 95.44
59.07, 1.407, 96.38
59.08, 1.408, 96.93
59.09, 1.409, 95.08
59.10, 1.410, 95.65
59.11, 1.411, 95.45
59.12, 1.412, 95.17
59.13, 1.413, 97.42
59.14, 1.414, 98.37
59.15, 1.415, 97.17
59.16, 1.416, 98.70
59.17, 1.417, 98.58
59.18, 1.418, 96.37
59.19, 1.419, 98.58
59.20, 1.420, 99.16
59.21, 1.421, 97.65
59.22, 1.422, 99.20
59.23, 1.423, 98.24
59.24, 1.424, 98.61
59.25, 1.425, 99.24
59.26, 1.426, 98.74
59.27, 1.427, 100.1
59.28, 1.428, 101.0
59.29, 1.429, 97.90
59.30, 1.430, 100.6
59.31, 1.431, 99.65
59.32, 1.432, 100.4
59.33, 1.433, 98.73
59.34, 1.434, 101.0
59.35, 1.435, 99.86
59.36, 1.436, 99.42
59.37, 1.437, 102.0
59.38, 1.438, 98.66
59.39, 1.439, 99.34
59.40, 1.440, 102.5
59.41, 1.441, 100.3
59.42, 1.442, 101.8
59.43, 1.443, 102.0
59.44, 1.444, 100.0
59.45, 1.445, 102.2
59.46, 1.446, 101.6
59.47, 1.447, 101.6
59.48, 1.448, 100.4
59.49, 1.449, 105.2
59.50, 1.450, 101.8
59.51, 1.451, 101.8
59.52, 1.452, 103.5
59.53, 1.453, 101.4
59.54, 1.454, 104.5
59.55, 1.455, 104.6
59.56, 1.456, 103.6
59.57, 1.457, 104.3
59.58, 1.458, 102.9
59.59, 1.459, 104.1
59.60, 1.460, 106.7
59.61, 1.461, 103.7
59.62, 1.462, 105.0
59.63, 1.463, 105.4
59.64, 1.464, 105.0
59.65, 1.465, 106.2
59.66, 1.466, 106.2
59.67, 1.467, 105.8
59.68, 1.468, 105.8
59.69, 1.469, 106.6
59.70, 1.470, 106.3
59.71, 1.471, 105.4
59.72, 1.472, 108.1
59.73, 1.473, 108.3
59.74, 1.474, 107.3
59.75, 1.475, 108.7
59.76, 1.476, 109.5
59.77, 1.477, 108.4
59.78, 1.478, 108.3
59.79, 1.479, 108.9
59.80, 1.480, 106.2
59.81, 1.481, 109.0
59.82, 1.482, 108.9
59.83, 1.483, 109.0
59.84, 1.484, 109.0
59.85, 1.485, 110.0
59.86, 1.486, 109.2
59.87, 1.487, 109.6
59.88, 1.488, 111.1
59.89, 1.489, 111.3
59.90, 1.490, 109.3
59.91, 1.491, 110.6
59.92, 1.492, 112.6
59.93, 1.493, 108.8
59.94, 1.494, 112.5
59.95, 1.495, 112.0
59.96, 1.496, 112.4
59.97, 1.497, 112.3
59.98, 1.498, 112.7
59.99, 1.499, 112.1
60.00, 1.500, 112.1
60.01, 1.501, 110.1
60.02, 1.502, 112.9
60.03, 1.503, 113.6
60.04, 1.504, 113.6
60.05, 1.505, 112.1
60.06, 1.506, 113.7
60.07, 1.507, 114.4
60.08, 1.508, 113.3
60.09, 1.509, 112.0
60.10, 1.510, 114.3
60.11, 1.511, 115.6
60.12, 1.512, 113.7
60.13, 1.513, 116.0
60.14, 1.514, 115.2
60.15, 1.515, 114.5
60.16, 1.516, 116.6
60.17, 1.517, 116.5
60.18, 1.518, 115.2
60.19, 1.519, 115.4
60.20, 1.520, 117.3
60.21, 1.521, 114.6
60.22, 1.522, 117.2
60.23, 1.523, 118.1
60.24, 1.524, 118.4
60.25, 1.525, 117.3
60.26, 1.526, 117.8
60.27, 1.527, 118.8
60.28, 1.528, 117.4
60.29, 1.529, 120.3
60.30, 1.530, 119.6
60.31, 1.531, 120.0
60.32, 1.532, 119.3
60.33, 1.533, 121.3
60.34, 1.534, 118.9
60.35, 1.535, 120.3
60.36, 1.536, 121.4
60.37, 1.537, 119.6
60.38, 1.538, 122.4
60.39, 1.539, 122.9
60.40, 1.540, 121.5
60.41, 1.541, 123.0
60.42, 1.542, 123.2
60.43, 1.543, 121.6
60.44, 1.544, 123.4
60.45, 1.545, 123.7
60.46, 1.546, 123.6
60.47, 1.547, 125.9
60.48, 1.548, 123.5
60.49, 1.549, 123.5
60.50, 1.550, 124.0
60.51, 1.551, 125.9
60.52, 1.552, 125.5
60.53, 1.553, 124.8
60.54, 1.554, 128.6
60.55, 1.555, 127.1
60.56, 1.556, 124.9
60.57, 1.557, 128.6
60.58, 1.558, 127.1
60.59, 1.559, 127.3
60.60, 1.560, 128.1
60.61, 1.561, 129.4
60.62, 1.562, 127.1
60.63, 1.563, 130.6
60.64, 1.564, 131.3
60.65, 1.565, 128.2
60.66, 1.566, 128.7
60.67, 1.567, 130.9
60.68, 1.568, 130.1
60.69, 1.569, 129.7
60.70, 1.570, 131.7
60.71, 1.571, 129.8
60.72, 1.572, 132.3
60.73, 1.573, 133.2
60.74, 1.574, 132.3
60.75, 1.575, 130.5
60.76, 1.576, 134.0
60.77, 1.577, 133.7
60.78, 1.578, 133.4
60.79, 1.579, 133.3
60.80, 1.580, 134.3
60.81, 1.581, 134.7
60.82, 1.582, 134.5
60.83, 1.583, 135.0
60.84, 1.584, 134.9
60.85, 1.585, 136.7
60.86, 1.586, 137.3
60.87, 1.587, 135.9
60.88, 1.588, 138.6
60.89, 1.589, 138.9
60.90, 1.590, 136.4
60.91, 1.591, 138.2
60.92, 1.592, 140.2
60.93, 1.593, 139.3
60.94, 1.594, 139.8
60.95, 1.595, 141.1
60.96, 1.596, 139.0
60.97, 1.597, 141.9
60.98, 1.598, 143.2
60.99, 1.599, 138.7
61.00, 1.600, 140.4
61.01, 1.601, 142.5
61.02, 1.602, 143.1
61.03, 1.603, 143.0
61.04, 1.604, 144.0
61.05, 1.605, 145.0
61.06, 1.606, 143.6
61.07, 1.607, 145.3
61.08, 1.608, 143.7
61.09, 1.609, 145.8
61.10, 1.610, 146.3
61.11, 1.611, 147.3
61.12, 1.612, 145.6
61.13, 1.613, 146.2
61.14, 1.614, 148.0
61.15, 1.615, 145.8
61.16, 1.616, 150.2
61.17, 1.617, 149.2
61.18, 1.618, 148.6
61.19, 1.619, 149.1
61.20, 1.620, 151.3
61.21, 1.621, 148.3
61.22, 1.622, 150.8
61.23, 1.623, 149.8
61.24, 1.624, 152.3
61.25, 1.625, 152.3
61.26, 1.626, 151.8
61.27, 1.627, 150.0
61.28, 1.628, 153.3
61.29, 1.629, 155.3
61.30, 1.630, 154.3
61.31, 1.631, 153.5
61.32, 1.632, 155.2
61.33, 1.633, 157.5
61.34, 1.634, 153.9
61.35, 1.635, 157.0
61.36, 1.636, 156.6
61.37, 1.637, 157.9
61.38, 1.638, 157.5
61.39, 1.639, 159.8
61.40, 1.640, 158.5
61.41, 1.641, 159.4
61.42, 1.642, 159.8
61.43, 1.643, 157.3
61.44, 1.644, 161.1
61.45, 1.645, 162.1
61.46, 1.646, 160.9
61.47, 1.647, 161.7
61.48, 1.648, 161.3
61.49, 1.649, 162.3
61.50, 1.650, 161.5
61.51, 1.651, 164.2
61.52, 1.652, 161.9
61.53, 1.653, 163.9
61.54, 1.654, 166.8
61.55, 1.655, 164.8
61.56, 1.656, 166.4
61.57, 1.657, 167.3
61.58, 1.658, 168.4
61.59, 1.659, 167.1
61.60, 1.660, 169.4
61.61, 1.661, 167.1
61.62, 1.662, 168.8
61.63, 1.663, 171.7
61.64, 1.664, 169.6
61.65, 1.665, 171.2
61.66, 1.666, 172.6
61.67, 1.667, 171.2
61.68, 1.668, 173.5
61.69, 1.669, 173.8
61.70, 1.670, 173.0
61.71, 1.671, 176.2
61.72, 1.672, 175.8
61.73, 1.673, 176.4
61.74, 1.674, 175.3
61.75, 1.675, 176.4
61.76, 1.676, 178.6
61.77, 1.677, 179.2
61.78, 1.678, 179.2
61.79, 1.679, 177.8
61.80, 1.680, 180.8
61.81, 1.681, 180.1
61.82, 1.682, 180.9
61.83, 1.683, 184.5
61.84, 1.684, 181.9
61.85, 1.685, 183.4
61.86, 1.686, 183.5
61.87, 1.687, 185.8
61.88, 1.688, 183.7
61.89, 1.689, 184.9
61.90, 1.690, 185.2
61.91, 1.691, 185.0
61.92, 1.692, 188.2
61.93, 1.693, 189.6
61.94, 1.694, 188.3
61.95, 1.695, 189.6
61.96, 1.696, 191.3
61.97, 1.697, 190.6
61.98, 1.698, 191.8
61.99, 1.699, 192.7
62.00, 1.700, 191.3
62.01, 1.701, 193.9
62.02, 1.702, 196.5
62.03, 1.703, 193.4
62.04, 1.704, 195.0
62.05, 1.705, 195.8
62.06, 1.706, 195.1
62.07, 1.707, 199.2
62.08, 1.708, 200.6
62.09, 1.709, 198.1
62.10, 1.710, 199.3
62.11, 1.711, 201.4
62.12, 1.712, 202.6
62.13, 1.713, 203.6
62.14, 1.714, 204.4
62.15, 1.715, 206.1
62.16, 1.716, 203.7
62.17, 1.717, 205.2
62.18, 1.718, 207.7
62.19, 1.719, 207.0
62.20, 1.720, 208.5
62.21, 1.721, 210.0
62.22, 1.722, 209.4
62.23, 1.723, 210.7
62.24, 1.724, 213.6
62.25, 1.725, 212.6
62.26, 1.726, 214.2
62.27, 1.727, 214.5
62.28, 1.728, 214.2
62.29, 1.729, 215.8
62.30, 1.730, 217.7
62.31, 1.731, 217.4
62.32, 1.732, 217.3
62.33, 1.733, 219.6
62.34, 1.734, 220.5
62.35, 1.735, 219.4
62.36, 1.736, 221.9
62.37, 1.737, 224.8
62.38, 1.738, 222.1
62.39, 1.739, 224.2
62.40, 1.740, 225.7
62.41, 1.741, 224.9
62.42, 1.742, 226.5
62.43, 1.743, 229.3
62.44, 1.744, 227.1
62.45, 1.745, 228.3
62.46, 1.746, 231.3
62.47, 1.747, 231.8
62.48, 1.748, 231.1
62.49, 1.749, 234.5
62.50, 1.750, 236.2
62.51, 1.751, 233.4
62.52, 1.752, 235.2
62.53, 1.753, 238.3
62.54, 1.754, 236.0
62.55, 1.755, 237.3
62.56, 1.756, 239.6
62.57, 1.757, 239.5
62.58, 1.758, 241.5
62.59, 1.759, 242.3
62.60, 1.760, 242.7
62.61, 1.761, 244.0
62.62, 1.762, 246.1
62.63, 1.763, 246.2
62.64, 1.764, 248.0
62.65, 1.765, 251.1
62.66, 1.766, 248.3
62.67, 1.767, 250.5
62.68, 1.768, 252.6
62.69, 1.769, 252.1
62.70, 1.770, 255.9
62.71, 1.771, 257.0
62.72, 1.772, 256.2
62.73, 1.773, 259.0
62.74, 1.774, 259.9
62.75, 1.775, 259.5
62.76, 1.776, 260.7
62.77, 1.777, 263.0
62.78, 1.778, 262.9
62.79, 1.779, 264.0
62.80, 1.780, 266.5
62.81, 1.781, 265.6
62.82, 1.782, 269.8
62.83, 1.783, 269.8
62.84, 1.784, 268.4
62.85, 1.785, 271.0
62.86, 1.786, 273.0
62.87, 1.787, 271.3
62.88, 1.788, 275.9
62.89, 1.789, 276.7
62.90, 1.790, 274.3
62.91, 1.791, 277.6
62.92, 1.792, 281.4
62.93, 1.793, 280.2
62.94, 1.794, 283.1
62.95, 1.795, 284.7
62.96, 1.796, 285.6
62.97, 1.797, 286.1
62.98, 1.798, 288.5
62.99, 1.799, 288.9
63.00, 1.800, 289.6
63.01, 1.801, 293.7
63.02, 1.802, 291.6
63.03, 1.803, 292.8
63.04, 1.804, 293.9
63.05, 1.805, 297.5
63.06, 1.806, 298.5
63.07, 1.807, 299.5
63.08, 1.808, 299.4
63.09, 1.809, 301.7
63.10, 1.810, 303.7
63.11, 1.811, 305.3
63.12, 1.812, 306.4
63.13, 1.813, 308.6
63.14, 1.814, 308.1
63.15, 1.815, 306.7
63.16, 1.816, 309.9
63.17, 1.817, 311.4
63.18, 1.818, 312.6
63.19, 1.819, 315.4
63.20, 1.820, 317.0
63.21, 1.821, 316.2
63.22, 1.822, 318.4
63.23, 1.823, 321.4
63.24, 1.824, 319.2
63.25, 1.825, 321.8
63.26, 1.826, 325.2
63.27, 1.827, 325.0
63.28, 1.828, 326.8
63.29, 1.829, 329.0
63.30, 1.830, 327.9
63.31, 1.831, 329.0
63.32, 1.832, 334.6
63.33, 1.833, 334.0
63.34, 1.834, 334.5
63.35, 1.835, 338.8
63.36, 1.836, 339.2
63.37, 1.837, 339.5
63.38, 1.838, 343.8
63.39, 1.839, 343.5
63.40, 1.840, 344.3
63.41, 1.841, 346.1
63.42, 1.842, 350.9
63.43, 1.843, 350.4
63.44, 1.844, 351.6
63.45, 1.845, 355.2
63.46, 1.846, 353.4
63.47, 1.847, 356.2
63.48, 1.848, 359.2
63.49, 1.849, 358.0
63.50, 1.850, 361.2
63.51, 1.851, 363.6
63.52, 1.852, 364.2
63.53, 1.853, 365.5
63.54, 1.854, 368.3
63.55, 1.855, 367.2
63.56, 1.856, 371.6
63.57, 1.857, 373.6
63.58, 1.858, 372.9
63.59, 1.859, 375.8
63.60, 1.860, 381.2
63.61, 1.861, 376.2
63.62, 1.862, 379.2
63.63, 1.863, 383.7
63.64, 1.864, 382.5
63.65, 1.865, 385.1
63.66, 1.866, 386.7
63.67, 1.867, 388.3
63.68, 1.868, 390.9
63.69, 1.869, 391.2
63.70, 1.870, 392.2
63.71, 1.871, 394.6
63.72, 1.872, 395.4
63.73, 1.873, 398.5
63.74, 1.874, 401.6
63.75, 1.875, 400.3
63.76, 1.876, 405.0
63.77, 1.877, 403.8
63.78, 1.878, 407.9
63.79, 1.879, 409.1
63.80, 1.880, 410.9
63.81, 1.881, 412.8
63.82, 1.882, 414.2
63.83, 1.883, 417.7
63.84, 1.884, 416.9
63.85, 1.885, 417.5
63.86, 1.886, 422.9
63.87, 1.887, 420.0
63.88, 1.888, 425.7
63.89, 1.889, 429.9
63.90, 1.890, 426.9
63.91, 1.891, 431.0
63.92, 1.892, 432.6
63.93, 1.893, 433.1
63.94, 1.894, 434.8
63.95, 1.895, 436.9
63.96, 1.896, 437.3
63.97, 1.897, 440.6
63.98, 1.898, 443.8
63.99, 1.899, 443.1
64.00, 1.900, 446.7
64.01, 1.901, 448.7
64.02, 1.902, 448.7
64.03, 1.903, 452.1
64.04, 1.904, 452.8
64.05, 1.905, 455.3
64.06, 1.906, 457.3
64.07, 1.907, 458.5
64.08, 1.908, 460.8
64.09, 1.909, 462.9
64.10, 1.910, 464.0
64.11, 1.911, 466.2
64.12, 1.912, 469.8
64.13, 1.913, 469.1
64.14, 1.914, 470.4
64.15, 1.915, 474.6
64.16, 1.916, 475.0
64.17, 1.917, 479.1
64.18, 1.918, 481.3
64.19, 1.919, 478.9
64.20, 1.920, 485.5
64.21, 1.921, 488.8
64.22, 1.922, 488.2
64.23, 1.923, 490.6
64.24, 1.924, 493.7
64.25, 1.925, 494.6
64.26, 1.926, 495.3
64.27, 1.927, 501.1
64.28, 1.928, 499.2
64.29, 1.929, 502.0
64.30, 1.930, 506.8
64.31, 1.931, 504.9
64.32, 1.932, 508.8
64.33, 1.933, 512.2
64.34, 1.934, 511.6
64.35, 1.935, 516.4
64.36, 1.936, 518.4
64.37, 1.937, 518.8
64.38, 1.938, 525.0
64.39, 1.939, 519.1
64.40, 1.940, 524.2
64.41, 1.941, 526.9
64.42, 1.942, 527.4
64.43, 1.943, 529.5
64.44, 1.944, 533.1
64.45, 1.945, 533.7
64.46, 1.946, 538.9
64.47, 1.947, 537.7
64.48, 1.948, 539.2
64.49, 1.949, 545.0
64.50, 1.950, 544.9
64.51, 1.951, 545.2
64.52, 1.952, 550.2
64.53, 1.953, 547.5
64.54, 1.954, 552.7
64.55, 1.955, 556.7
64.56, 1.956, 556.8
64.57, 1.957, 557.6
64.58, 1.958, 561.4
64.59, 1.959, 561.9
64.60, 1.960, 565.3
64.61, 1.961, 566.6
64.62, 1.962, 569.7
64.63, 1.963, 572.3
64.64, 1.964, 573.8
64.65, 1.965, 577.3
64.66, 1.966, 579.5
64.67, 1.967, 578.9
64.68, 1.968, 582.7
64.69, 1.969, 586.9
64.70, 1.970, 584.9
64.71, 1.971, 589.4
64.72, 1.972, 591.1
64.73, 1.973, 594.8
64.74, 1.974, 595.4
64.75, 1.975, 595.3
64.76, 1.976, 600.3
64.77, 1.977, 600.5
64.78, 1.978, 602.1
64.79, 1.979, 605.9
64.80, 1.980, 607.8
64.81, 1.981, 608.1
64.82, 1.982, 611.1
64.83, 1.983, 611.8
64.84, 1.984, 612.2
64.85, 1.985, 612.0
64.86, 1.986, 610.8
64.87, 1.987, 614.4
64.88, 1.988, 614.0
64.89, 1.989, 613.9
64.90, 1.990, 615.0
64.91, 1.991, 614.0
64.92, 1.992, 616.0
64.93, 1.993, 615.3
64.94, 1.994, 617.6
64.95, 1.995, 616.6
64.96, 1.996, 616.2
64.97, 1.997, 617.8
64.98, 1.998, 618.5
64.99, 1.999, 618.8
65.00, 2.000, 617.4
65.01, 1.999, 619.9
65.02, 1.998, 619.5
65.03, 1.997, 620.9
65.04, 1.996, 621.2
65.05, 1.995, 623.0
65.06, 1.994, 622.4
65.07, 1.993, 621.7
65.08, 1.992, 623.3
65.09, 1.991, 622.9
65.10, 1.990, 623.1
65.11, 1.989, 623.3
65.12, 1.988, 624.6
65.13, 1.987, 625.3
65.14, 1.986, 625.7
65.15, 1.985, 625.0
65.16, 1.984, 626.7
65.17, 1.983, 625.5
65.18, 1.982, 626.1
65.19, 1.981, 626.8
65.20, 1.980, 622.4
65.21, 1.979, 624.8
65.22, 1.978, 623.8
65.23, 1.977, 619.2
65.24, 1.976, 620.4
65.25, 1.975, 619.7
65.26, 1.974, 616.0
65.27, 1.973, 615.6
65.28, 1.972, 616.3
65.29, 1.971, 611.1
65.30, 1.970, 611.6
65.31, 1.969, 614.5
65.32, 1.968, 607.8
65.33, 1.967, 608.4
65.34, 1.966, 607.6
65.35, 1.965, 605.6
65.36, 1.964, 604.4
65.37, 1.963, 604.6
65.38, 1.962, 599.4
65.39, 1.961, 599.3
65.40, 1.960, 601.9
65.41, 1.959, 596.0
65.42, 1.958, 597.2
65.43, 1.957, 595.8
65.44, 1.956, 592.1
65.45, 1.955, 593.4
65.46, 1.954, 592.6
65.47, 1.953, 588.8
65.48, 1.952, 588.5
65.49, 1.951, 588.4
65.50, 1.950, 585.4
65.51, 1.949, 584.1
65.52, 1.948, 584.1
65.53, 1.947, 580.1
65.54, 1.946, 580.5
65.55, 1.945, 579.4
65.56, 1.944, 575.8
65.57, 1.943, 574.4
65.58, 1.942, 574.9
65.59, 1.941, 571.5
65.60, 1.940, 569.3
65.61, 1.939, 571.5
65.62, 1.938, 568.4
65.63, 1.937, 569.7
65.64, 1.936, 568.0
65.65, 1.935, 565.3
65.66, 1.934, 565.2
65.67, 1.933, 564.2
65.68, 1.932, 558.8
65.69, 1.931, 560.3
65.70, 1.930, 561.5
65.71, 1.929, 556.0
65.72, 1.928, 555.6
65.73, 1.927, 555.3
65.74, 1.926, 550.7
65.75, 1.925, 551.7
65.76, 1.924, 550.6
65.77, 1.923, 547.8
65.78, 1.922, 549.3
65.79, 1.921, 545.8
65.80, 1.920, 545.4
65.81, 1.919, 544.6
65.82, 1.918, 542.3
65.83, 1.917, 540.2
65.84, 1.916, 539.8
65.85, 1.915, 538.1
65.86, 1.914, 536.5
65.87, 1.913, 536.9
65.88, 1.912, 531.4
65.89, 1.911, 531.3
65.90, 1.910, 532.9
65.91, 1.909, 525.8
65.92, 1.908, 527.0
65.93, 1.907, 525.4
65.94, 1.906, 522.9
65.95, 1.905, 521.2
65.96, 1.904, 522.1
65.97, 1.903, 520.0
65.98, 1.902, 519.2
65.99, 1.901, 517.3
66.00, 1.900, 514.4
66.01, 1.899, 515.7
66.02, 1.898, 513.5
66.03, 1.897, 510.3
66.04, 1.896, 512.9
66.05, 1.895, 507.1
66.06, 1.894, 507.1
66.07, 1.893, 506.9
66.08, 1.892, 501.5
66.09, 1.891, 502.8
66.10, 1.890, 502.8
66.11, 1.889, 499.3
66.12, 1.888, 496.6
66.13, 1.887, 500.5
66.14, 1.886, 495.2
66.15, 1.885, 494.1
66.16, 1.884, 493.4
66.17, 1.883, 488.4
66.18, 1.882, 490.4
66.19, 1.881, 488.5
66.20, 1.880, 486.5
66.21, 1.879, 486.4
66.22, 1.878, 483.5
66.23, 1.877, 481.1
66.24, 1.876, 480.8
66.25, 1.875, 482.2
66.26, 1.874, 478.9
66.27, 1.873, 476.4
66.28, 1.872, 475.3
66.29, 1.871, 474.0
66.30, 1.870, 474.6
66.31, 1.869, 471.0
66.32, 1.868, 469.0
66.33, 1.867, 469.7
66.34, 1.866, 464.3
66.35, 1.865, 466.1
66.36, 1.864, 465.2
66.37, 1.863, 459.9
66.38, 1.862, 459.8
66.39, 1.861, 460.2
66.40, 1.860, 457.5
66.41, 1.859, 456.4
66.42, 1.858, 457.9
66.43, 1.857, 452.4
66.44, 1.856, 450.8
66.45, 1.855, 450.4
66.46, 1.854, 449.9
66.47, 1.853, 447.9
66.48, 1.852, 447.1
66.49, 1.851, 443.7
66.50, 1.850, 443.6
66.51, 1.849, 441.2
66.52, 1.848, 440.8
66.53, 1.847, 440.2
66.54, 1.846, 437.8
66.55, 1.845, 436.3
66.56, 1.844, 436.0
66.57, 1.843, 432.4
66.58, 1.842, 433.1
66.59, 1.841, 432.6
66.60, 1.840, 429.6
66.61, 1.839, 428.6
66.62, 1.838, 429.0
66.63, 1.837, 423.6
66.64, 1.836, 423.6
66.65, 1.835, 424.9
66.66, 1.834, 421.7
66.67, 1.833, 418.4
66.68, 1.832, 421.6
66.69, 1.831, 417.3
66.70, 1.830, 415.2
66.71, 1.829, 415.7
66.72, 1.828, 410.5
66.73, 1.827, 411.7
66.74, 1.826, 409.0
66.75, 1.825, 408.5
66.76, 1.824, 405.0
66.77, 1.823, 404.4
66.78, 1.822, 402.4
66.79, 1.821, 403.2
66.80, 1.820, 399.4
66.81, 1.819, 396.8
66.82, 1.818, 396.4
66.83, 1.817, 395.2
66.84, 1.816, 395.1
66.85, 1.815, 392.1
66.86, 1.814, 390.7
66.87, 1.813, 391.0
66.88, 1.812, 390.5
66.89, 1.811, 387.4
66.90, 1.810, 385.5
66.91, 1.809, 386.6
66.92, 1.808, 382.5
66.93, 1.807, 381.9
66.94, 1.806, 379.8
66.95, 1.805, 380.6
66.96, 1.804, 379.2
66.97, 1.803, 377.5
66.98, 1.802, 373.7
66.99, 1.801, 372.3
67.00, 1.800, 372.8
67.01, 1.799, 370.6
67.02, 1.798, 370.8
67.03, 1.797, 366.3
67.04, 1.796, 366.3
67.05, 1.795, 365.3
67.06, 1.794, 363.4
67.07, 1.793, 363.9
67.08, 1.792, 361.5
67.09, 1.791, 358.6
67.10, 1.790, 358.4
67.11, 1.789, 357.7
67.12, 1.788, 353.3
67.13, 1.787, 352.8
67.14, 1.786, 352.2
67.15, 1.785, 349.1
67.16, 1.784, 348.7
67.17, 1.783, 345.0
67.18, 1.782, 347.0
67.19, 1.781, 342.9
67.20, 1.780, 342.9
67.21, 1.779, 341.1
67.22, 1.778, 340.1
67.23, 1.777, 338.5
67.24, 1.776, 334.6
67.25, 1.775, 334.3
67.26, 1.774, 334.6
67.27, 1.773, 332.6
67.28, 1.772, 330.9
67.29, 1.771, 331.7
67.30, 1.770, 330.5
67.31, 1.769, 326.2
67.32, 1.768, 325.5
67.33, 1.767, 325.3
67.34, 1.766, 323.1
67.35, 1.765, 323.3
67.36, 1.764, 321.2
67.37, 1.763, 319.7
67.38, 1.762, 316.9
67.39, 1.761, 319.0
67.40, 1.760, 315.0
67.41, 1.759, 313.9
67.42, 1.758, 315.4
67.43, 1.757, 308.8
67.44, 1.756, 309.6
67.45, 1.755, 308.8
67.46, 1.754, 308.5
67.47, 1.753, 304.2
67.48, 1.752, 306.0
67.49, 1.751, 303.3
67.50, 1.750, 304.4
67.51, 1.749, 305.7
67.52, 1.748, 300.7
67.53, 1.747, 300.6
67.54, 1.746, 300.1
67.55, 1.745, 295.3
67.56, 1.744, 296.6
67.57, 1.743, 295.2
67.58, 1.742, 291.1
67.59, 1.741, 291.2
67.60, 1.740, 289.1
67.61, 1.739, 285.3
67.62, 1.738, 287.7
67.63, 1.737, 285.1
67.64, 1.736, 282.6
67.65, 1.735, 282.2
67.66, 1.734, 282.1
67.67, 1.733, 281.3
67.68, 1.732, 279.9
67.69, 1.731, 275.1
67.70, 1.730, 277.2
67.71, 1.729, 275.1
67.72, 1.728, 271.3
67.73, 1.727, 272.1
67.74, 1.726, 272.7
67.75, 1.725, 269.3
67.76, 1.724, 268.4
67.77, 1.723, 269.7
67.78, 1.722, 264.0
67.79, 1.721, 264.2
67.80, 1.720, 263.7
67.81, 1.719, 262.5
67.82, 1.718, 263.4
67.83, 1.717, 260.3
67.84, 1.716, 257.7
67.85, 1.715, 256.6
67.86, 1.714, 256.3
67.87, 1.713, 253.4
67.88, 1.712, 252.5
67.89, 1.711, 249.9
67.90, 1.710, 249.8
67.91, 1.709, 249.7
67.92, 1.708, 248.3
67.93, 1.707, 245.5
67.94, 1.706, 247.1
67.95, 1.705, 244.5
67.96, 1.704, 242.5
67.97, 1.703, 241.7
67.98, 1.702, 240.5
67.99, 1.701, 238.7
68.00, 1.700, 236.3
68.01, 1.699, 236.6
68.02, 1.698, 233.5
68.03, 1.697, 232.0
68.04, 1.696, 232.4
68.05, 1.695, 228.2
68.06, 1.694, 228.1
68.07, 1.693, 226.4
68.08, 1.692, 227.7
68.09, 1.691, 224.8
68.10, 1.690, 225.3
68.11, 1.689, 221.8
68.12, 1.688, 221.4
68.13, 1.687, 221.9
68.14, 1.686, 219.0
68.15, 1.685, 219.6
68.16, 1.684, 219.2
68.17, 1.683, 216.1
68.18, 1.682, 214.6
68.19, 1.681, 214.6
68.20, 1.680, 212.5
68.21, 1.679, 212.3
68.22, 1.678, 212.3
68.23, 1.677, 206.2
68.24, 1.676, 209.9
68.25, 1.675, 209.0
68.26, 1.674, 206.0
68.27, 1.673, 203.1
68.28, 1.672, 206.5
68.29, 1.671, 203.5
68.30, 1.670, 201.7
68.31, 1.669, 201.2
68.32, 1.668, 199.3
68.33, 1.667, 196.2
68.34, 1.666, 197.8
68.35, 1.665, 195.7
68.36, 1.664, 195.0
68.37, 1.663, 195.0
68.38, 1.662, 194.1
68.39, 1.661, 190.8
68.40, 1.660, 190.4
68.41, 1.659, 189.0
68.42, 1.658, 186.6
68.43, 1.657, 185.0
68.44, 1.656, 186.2
68.45, 1.655, 183.9
68.46, 1.654, 183.1
68.47, 1.653, 184.2
68.48, 1.652, 179.4
68.49, 1.651, 178.1
68.50, 1.650, 178.7
68.51, 1.649, 176.8
68.52, 1.648, 176.1
68.53, 1.647, 176.9
68.54, 1.646, 171.6
68.55, 1.645, 172.9
68.56, 1.644, 172.9
68.57, 1.643, 170.0
68.58, 1.642, 170.4
68.59, 1.641, 169.9
68.60, 1.640, 167.0
68.61, 1.639, 166.5
68.62, 1.638, 168.0
68.63, 1.637, 162.6
68.64, 1.636, 163.5
68.65, 1.635, 164.0
68.66, 1.634, 160.8
68.67, 1.633, 159.3
68.68, 1.632, 160.3
68.69, 1.631, 157.9
68.70, 1.630, 159.5
68.71, 1.629, 157.5
68.72, 1.628, 153.2
68.73, 1.627, 154.2
68.74, 1.626, 155.5
68.75, 1.625, 155.1
68.76, 1.624, 154.0
68.77, 1.623, 154.8
68.78, 1.622, 149.3
68.79, 1.621, 151.0
68.80, 1.620, 149.6
68.81, 1.619, 146.8
68.82, 1.618, 146.1
68.83, 1.617, 146.9
68.84, 1.616, 143.4
68.85, 1.615, 142.8
68.86, 1.614, 144.0
68.87, 1.613, 139.3
68.88, 1.612, 140.1
68.89, 1.611, 140.2
68.90, 1.610, 140.1
68.91, 1.609, 136.9
68.92, 1.608, 136.1
68.93, 1.607, 135.3
68.94, 1.606, 134.2
68.95, 1.605, 134.3
68.96, 1.604, 134.3
68.97, 1.603, 130.3
68.98, 1.602, 131.1
68.99, 1.601, 131.9
69.00, 1.600, 129.3
69.01, 1.599, 127.7
69.02, 1.598, 130.6
69.03, 1.597, 126.5
69.04, 1.596, 126.7
69.05, 1.595, 125.9
69.06, 1.594, 122.9
69.07, 1.593, 124.9
69.08, 1.592, 123.6
69.09, 1.591, 120.5
69.10, 1.590, 120.6
69.11, 1.589, 121.3
69.12, 1.588, 119.8
69.13, 1.587, 118.9
69.14, 1.586, 118.7
69.15, 1.585, 114.9
69.16, 1.584, 117.3
69.17, 1.583, 115.3
69.18, 1.582, 113.5
69.19, 1.581, 114.8
69.20, 1.580, 112.0
69.21, 1.579, 112.2
69.22, 1.578, 111.5
69.23, 1.577, 112.9
69.24, 1.576, 108.4
69.25, 1.575, 109.3
69.26, 1.574, 108.1
69.27, 1.573, 106.8
69.28, 1.572, 107.7
69.29, 1.571, 105.5
69.30, 1.570, 104.0
69.31, 1.569, 106.0
69.32, 1.568, 99.72
69.33, 1.567, 102.6
69.34, 1.566, 100.4
69.35, 1.565, 99.21
69.36, 1.564, 100.2
69.37, 1.563, 100.9
69.38, 1.562, 99.30
69.39, 1.561, 99.38
69.40, 1.560, 98.52
69.41, 1.559, 95.27
69.42, 1.558, 97.90
69.43, 1.557, 95.37
69.44, 1.556, 94.77
69.45, 1.555, 95.65
69.46, 1.554, 92.75
69.47, 1.553, 91.86
69.48, 1.552, 92.69
69.49, 1.551, 90.23
69.50, 1.550, 89.87
69.51, 1.549, 91.41
69.52, 1.548, 89.11
69.53, 1.547, 89.27
69.54, 1.546, 90.66
69.55, 1.545, 86.52
69.56, 1.544, 86.33
69.57, 1.543, 89.07
69.58, 1.542, 81.60
69.59, 1.541, 84.41
69.60, 1.540, 84.55
69.61, 1.539, 83.23
69.62, 1.538, 85.48
69.63, 1.537, 81.42
69.64, 1.536, 82.78
69.65, 1.535, 83.45
69.66, 1.534, 81.37
69.67, 1.533, 78.81
69.68, 1.532, 81.07
69.69, 1.531, 75.94
69.70, 1.530, 77.41
69.71, 1.529, 77.86
69.72, 1.528, 75.88
69.73, 1.527, 74.79
69.74, 1.526, 75.83
69.75, 1.525, 73.35
69.76, 1.524, 74.07
69.77, 1.523, 71.49
69.78, 1.522, 72.59
69.79, 1.521, 70.64
69.80, 1.520, 70.52
69.81, 1.519, 70.95
69.82, 1.518, 71.88
69.83, 1.517, 69.43
69.84, 1.516, 69.80
69.85, 1.515, 70.77
69.86, 1.514, 66.55
69.87, 1.513, 68.78
69.88, 1.512, 68.12
69.89, 1.511, 65.93
69.90, 1.510, 66.08
69.91, 1.509, 65.53
69.92, 1.508, 65.36
69.93, 1.507, 65.75
69.94, 1.506, 66.20
69.95, 1.505, 63.57
69.96, 1.504, 65.17
69.97, 1.503, 62.59
69.98, 1.502, 61.70
69.99, 1.501, 60.92
70.00, 1.500, 66.55
70.01, 1.499, 64.82
70.02, 1.498, 62.48
70.03, 1.497, 61.40
70.04, 1.496, 60.97
70.05, 1.495, 61.49
70.06, 1.494, 62.68
70.07, 1.493, 58.16
70.08, 1.492, 57.84
70.09, 1.491, 58.25
70.10, 1.490, 56.70
70.11, 1.489, 55.89
70.12, 1.488, 56.81
70.13, 1.487, 55.22
70.14, 1.486, 53.20
70.15, 1.485, 56.22
70.16, 1.484, 51.73
70.17, 1.483, 54.47
70.18, 1.482, 53.24
70.19, 1.481, 52.98
70.20, 1.480, 50.69
70.21, 1.479, 53.10
70.22, 1.478, 49.99
70.23, 1.477, 50.05
70.24, 1.476, 51.11
70.25, 1.475, 51.74
70.26, 1.474, 48.74
70.27, 1.473, 50.17
70.28, 1.472, 51.47
70.29, 1.471, 48.88
70.30, 1.470, 47.71
70.31, 1.469, 50.37
70.32, 1.468, 46.76
70.33, 1.467, 48.59
70.34, 1.466, 46.54
70.35, 1.465, 46.71
70.36, 1.464, 46.55
70.37, 1.463, 46.22
70.38, 1.462, 45.81
70.39, 1.461, 45.19
70.40, 1.460, 44.60
70.41, 1.459, 46.36
70.42, 1.458, 43.59
70.43, 1.457, 44.34
70.44, 1.456, 43.90
70.45, 1.455, 42.42
70.46, 1.454, 42.92
70.47, 1.453, 43.68
70.48, 1.452, 41.79
70.49, 1.451, 42.94
70.50, 1.450, 41.56
70.51, 1.449, 40.85
70.52, 1.448, 40.86
70.53, 1.447, 41.57
70.54, 1.446, 38.57
70.55, 1.445, 39.38
70.56, 1.444, 38.90
70.57, 1.443, 36.38
70.58, 1.442, 38.59
70.59, 1.441, 38.53
70.60, 1.440, 36.72
70.61, 1.439, 35.01
70.62, 1.438, 40.61
70.63, 1.437, 35.86
70.64, 1.436, 36.04
70.65, 1.435, 37.67
70.66, 1.434, 35.56
70.67, 1.433, 35.09
70.68, 1.432, 36.74
70.69, 1.431, 34.72
70.70, 1.430, 35.40
70.71, 1.429, 35.69
70.72, 1.428, 35.96
70.73, 1.427, 34.02
70.74, 1.426, 34.18
70.75, 1.425, 35.01
70.76, 1.424, 32.65
70.77, 1.423, 32.98
70.78, 1.422, 34.62
70.79, 1.421, 30.76
70.80, 1.420, 32.73
70.81, 1.419, 31.08
70.82, 1.418, 32.18
70.83, 1.417, 30.80
70.84, 1.416, 31.54
70.85, 1.415, 31.22
70.86, 1.414, 30.48
70.87, 1.413, 32.10
70.88, 1.412, 30.56
70.89, 1.411, 30.08
70.90, 1.410, 31.49
70.91, 1.409, 29.05
70.92, 1.408, 30.24
70.93, 1.407, 31.15
70.94, 1.406, 27.62
70.95, 1.405, 27.18
70.96, 1.404, 27.31
70.97, 1.403, 28.57
70.98, 1.402, 26.72
70.99, 1.401, 28.39
71.00, 1.400, 27.01
71.01, 1.399, 26.86
71.02, 1.398, 27.62
71.03, 1.397, 25.63
71.04, 1.396, 23.90
71.05, 1.395, 27.27
71.06, 1.394, 25.42
71.07, 1.393, 25.29
71.08, 1.392, 24.56
71.09, 1.391, 25.98
71.10, 1.390, 23.88
71.11, 1.389, 25.65
71.12, 1.388, 23.30
71.13, 1.387, 23.32
71.14, 1.386, 25.58
71.15, 1.385, 22.99
71.16, 1.384, 23.02
71.17, 1.383, 24.25
71.18, 1.382, 25.51
71.19, 1.381, 23.01
71.20, 1.380, 23.16
71.21, 1.379, 22.77
71.22, 1.378, 22.07
71.23, 1.377, 23.21
71.24, 1.376, 24.12
71.25, 1.375, 24.63
71.26, 1.374, 24.33
71.27, 1.373, 21.55
71.28, 1.372, 21.72
71.29, 1.371, 21.79
71.30, 1.370, 21.66
71.31, 1.369, 22.56
71.32, 1.368, 20.46
71.33, 1.367, 21.57
71.34, 1.366, 20.89
71.35, 1.365, 21.71
71.36, 1.364, 20.17
71.37, 1.363, 20.25
71.38, 1.362, 19.93
71.39, 1.361, 20.19
71.40, 1.360, 18.11
71.41, 1.359, 19.20
71.42, 1.358, 20.66
71.43, 1.357, 16.83
71.44, 1.356, 19.60
71.45, 1.355, 19.47
71.46, 1.354, 18.24
71.47, 1.353, 17.18
71.48, 1.352, 19.00
71.49, 1.351, 16.41
71.50, 1.350, 18.11
71.51, 1.349, 18.51
71.52, 1.348, 17.53
71.53, 1.347, 17.13
71.54, 1.346, 16.55
71.55, 1.345, 16.68
71.56, 1.344, 17.58
71.57, 1.343, 19.63
71.58, 1.342, 17.23
71.59, 1.341, 17.07
71.60, 1.340, 18.05
71.61, 1.339, 15.11
71.62, 1.338, 14.39
71.63, 1.337, 17.14
71.64, 1.336, 15.24
71.65, 1.335, 17.05
71.66, 1.334, 17.69
71.67, 1.333, 15.60
71.68, 1.332, 15.16
71.69, 1.331, 17.70
71.70, 1.330, 14.46
71.71, 1.329, 14.75
71.72, 1.328, 17.67
71.73, 1.327, 15.01
71.74, 1.326, 17.47
71.75, 1.325, 16.44
71.76, 1.324, 12.84
71.77, 1.323, 14.32
71.78, 1.322, 15.47
71.79, 1.321, 12.93
71.80, 1.320, 14.13
71.81, 1.319, 15.81
71.82, 1.318, 12.50
71.83, 1.317, 12.50
71.84, 1.316, 12.92
71.85, 1.315, 10.89
71.86, 1.314, 13.68
71.87, 1.313, 14.55
71.88, 1.312, 13.15
71.89, 1.311, 12.56
71.90, 1.310, 13.89
71.91, 1.309, 11.94
71.92, 1.308, 14.23
71.93, 1.307, 12.94
71.94, 1.306, 12.67
71.95, 1.305, 12.25
71.96, 1.304, 13.86
71.97, 1.303, 11.60
71.98, 1.302, 12.51
71.99, 1.301, 12.92
72.00, 1.300, 12.75
72.01, 1.299, 12.39
72.02, 1.298, 11.72
72.03, 1.297, 12.15
72.04, 1.296, 14.56
72.05, 1.295, 13.84
72.06, 1.294, 11.33
72.07, 1.293, 12.73
72.08, 1.292, 13.02
72.09, 1.291, 11.78
72.10, 1.290, 11.74
72.11, 1.289, 11.88
72.12, 1.288, 11.06
72.13, 1.287, 10.57
72.14, 1.286, 12.08
72.15, 1.285, 11.22
72.16, 1.284, 12.89
72.17, 1.283, 11.24
72.18, 1.282, 11.94
72.19, 1.281, 11.50
72.20, 1.280, 11.10
72.21, 1.279, 9.539
72.22, 1.278, 12.70
72.23, 1.277, 10.39
72.24, 1.276, 7.644
72.25, 1.275, 9.641
72.26, 1.274, 8.331
72.27, 1.273, 9.932
72.28, 1.272, 9.425
72.29, 1.271, 8.471
72.30, 1.270, 11.04
72.31, 1.269, 8.569
72.32, 1.268, 8.165
72.33, 1.267, 9.492
72.34, 1.266, 9.615
72.35, 1.265, 8.955
72.36, 1.264, 9.515
72.37, 1.263, 9.611
72.38, 1.262, 9.115
72.39, 1.261, 11.71
72.40, 1.260, 9.213
72.41, 1.259, 8.692
72.42, 1.258, 11.26
72.43, 1.257, 8.088
72.44, 1.256, 8.012
72.45, 1.255, 10.13
72.46, 1.254, 9.133
72.47, 1.253, 9.224
72.48, 1.252, 11.52
72.49, 1.251, 7.576
72.50, 1.250, 11.64
72.51, 1.249, 10.79
72.52, 1.248, 8.868
72.53, 1.247, 9.142
72.54, 1.246, 11.15
72.55, 1.245, 10.48
72.56, 1.244, 9.530
72.57, 1.243, 9.453
72.58, 1.242, 7.397
72.59, 1.241, 9.156
72.60, 1.240, 7.408
72.61, 1.239, 7.078
72.62, 1.238, 7.953
72.63, 1.237, 6.969
72.64, 1.236, 9.651
72.65, 1.235, 8.843
72.66, 1.234, 8.533
72.67, 1.233, 7.029
72.68, 1.232, 8.602
72.69, 1.231, 6.322
72.70, 1.230, 5.837
72.71, 1.229, 6.869
72.72, 1.228, 6.820
72.73, 1.227, 8.156
72.74, 1.226, 6.977
72.75, 1.225, 6.634
72.76, 1.224, 6.339
72.77, 1.223, 9.397
72.78, 1.222, 6.758
72.79, 1.221, 6.809
72.80, 1.220, 6.389
72.81, 1.219, 6.256
72.82, 1.218, 6.633
72.83, 1.217, 7.632
72.84, 1.216, 7.446
72.85, 1.215, 5.846
72.86, 1.214, 7.907
72.87, 1.213, 7.399
72.88, 1.212, 6.012
72.89, 1.211, 8.621
72.90, 1.210, 8.102
72.91, 1.209, 5.693
72.92, 1.208, 7.076
72.93, 1.207, 5.965
72.94, 1.206, 6.428
72.95, 1.205, 8.218
72.96, 1.204, 5.171
72.97, 1.203, 6.811
72.98, 1.202, 9.463
72.99, 1.201, 2.632
73.00, 1.200, 6.584
73.01, 1.199, 6.274
73.02, 1.198, 7.575
73.03, 1.197, 7.671
73.04, 1.196, 5.659
73.05, 1.195, 6.597
73.06, 1.194, 5.632
73.07, 1.193, 4.160
73.08, 1.192, 6.482
73.09, 1.191, 5.370
73.10, 1.190, 4.464
73.11, 1.189, 5.526
73.12, 1.188, 8.222
73.13, 1.187, 4.817
73.14, 1.186, 5.644
73.15, 1.185, 4.780
73.16, 1.184, 5.494
73.17, 1.183, 4.949
73.18, 1.182, 4.212
73.19, 1.181, 5.523
73.20, 1.180, 3.993
73.21, 1.179, 4.495
73.22, 1.178, 4.596
73.23, 1.177, 6.315
73.24, 1.176, 5.085
73.25, 1.175, 4.460
73.26, 1.174, 4.271
73.27, 1.173, 4.629
73.28, 1.172, 6.782
73.29, 1.171, 4.378
73.30, 1.170, 5.042
73.31, 1.169, 5.201
73.32, 1.168, 3.649
73.33, 1.167, 4.394
73.34, 1.166, 5.405
73.35, 1.165, 3.174
73.36, 1.164, 6.108
73.37, 1.163, 5.144
73.38, 1.162, 3.705
73.39, 1.161, 5.747
73.40, 1.160, 2.590
73.41, 1.159, 4.530
73.42, 1.158, 7.439
73.43, 1.157, 1.519
73.44, 1.156, 3.663
73.45, 1.155, 5.453
73.46, 1.154, 1.936
73.47, 1.153, 3.373
73.48, 1.152, 3.646
73.49, 1.151, 1.738
73.50, 1.150, 4.016
73.51, 1.149, -0.9103
73.52, 1.148, 2.694
73.53, 1.147, 4.234
73.54, 1.146, 2.223
73.55, 1.145, 2.844
73.56, 1.144, 4.731
73.57, 1.143, 0.7368
73.58, 1.142, 4.123
73.59, 1.141, 3.297
73.60, 1.140, 2.944
73.61, 1.139, 1.365
73.62, 1.138, 4.706
73.63, 1.137, 1.958
73.64, 1.136, 2.745
73.65, 1.135, 3.142
73.66, 1.134, 1.388
73.67, 1.133, 3.156
73.68, 1.132, 1.699
73.69, 1.131, 2.843
73.70, 1.130, 3.154
73.71, 1.129, 1.904
73.72, 1.128, 3.422
73.73, 1.127, 5.221
73.74, 1.126, 0.6017
73.75, 1.125, 3.243
73.76, 1.124, 2.326
73.77, 1.123, 1.784
73.78, 1.122, 4.322
73.79, 1.121, 1.785
73.80, 1.120, 3.352
73.81, 1.119, 4.008
73.82, 1.118, -0.2121
73.83, 1.117, 2.779
73.84, 1.116, 3.852
73.85, 1.115, 2.426
73.86, 1.114, 2.279
73.87, 1.113, 2.174
73.88, 1.112, -0.8569
73.89, 1.111, 2.736
73.90, 1.110, 1.066
73.91, 1.109, 2.139
73.92, 1.108, -0.6646
73.93, 1.107, 0.8169
73.94, 1.106, 2.444
73.95, 1.105, 1.281
73.96, 1.104, -0.8346
73.97, 1.103, 0.7789
73.98, 1.102, 1.980
73.99, 1.101, 0.4947
74.00, 1.100, 0.6658
74.01, 1.099, 0.3506
74.02, 1.098, -0.7281
74.03, 1.097, 1.716
74.04, 1.096, 0.4926
74.05, 1.095, -1.856
74.06, 1.094, 3.296
74.07, 1.093, -1.040
74.08, 1.092, 1.403
74.09, 1.091, 2.669
74.10, 1.090, -1.732
74.11, 1.089, 2.550
74.12, 1.088, 0.8282
74.13, 1.087, 0.6707
74.14, 1.086, 1.481
74.15, 1.085, 1.451
74.16, 1.084, 0.9405
74.17, 1.083, 2.404
74.18, 1.082, 0.9297
74.19, 1.081, 2.372
74.20, 1.080, 1.289
74.21, 1.079, -0.8471
74.22, 1.078, -1.082
74.23, 1.077, 3.659
74.24, 1.076, -2.276
74.25, 1.075, 0.9623
74.26, 1.074, 3.888
74.27, 1.073, 1.160
74.28, 1.072, 1.766
74.29, 1.071, 1.020
74.30, 1.070, -1.738
74.31, 1.069, 1.322
74.32, 1.068, 0.3100
74.33, 1.067, -2.584
74.34, 1.066, 0.9901
74.35, 1.065, -0.9388
74.36, 1.064, 0.6505
74.37, 1.063, 1.505
74.38, 1.062, -2.023
74.39, 1.061, -1.672
74.40, 1.060, 1.117
74.41, 1.059, -0.6861
74.42, 1.058, 0.001945
74.43, 1.057, -0.7012
74.44, 1.056, -1.071
74.45, 1.055, 0.5629
74.46, 1.054, 0.3232
74.47, 1.053, -0.1993
74.48, 1.052, 0.9372
74.49, 1.051, -1.946
74.50, 1.050, -2.388
74.51, 1.049, -0.02787
74.52, 1.048, -0.3834
74.53, 1.047, -1.705
74.54, 1.046, 2.033
74.55, 1.045, -2.660
74.56, 1.044, -0.9908
74.57, 1.043, -0.5631
74.58, 1.042, -0.1596
74.59, 1.041, -2.868
74.60, 1.040, 1.510
74.61, 1.039, -0.7517
74.62, 1.038, 0.2058
74.63, 1.037, -1.524
74.64, 1.036, -2.289
74.65, 1.035, -0.2304
74.66, 1.034, 2.006
74.67, 1.033, -1.195
74.68, 1.032, -0.4870
74.69, 1.031, 1.406
74.70, 1.030, -2.532
74.71, 1.029, -0.2994
74.72, 1.028, 0.5580
74.73, 1.027, -2.147
74.74, 1.026, -1.865
74.75, 1.025, 0.7163
74.76, 1.024, -2.060
74.77, 1.023, -0.8442
74.78, 1.022, -3.492
74.79, 1.021, -3.550
74.80, 1.020, -3.956
74.81, 1.019, -1.891
74.82, 1.018, -3.226
74.83, 1.017, -1.804
74.84, 1.016, -0.9723
74.85, 1.015, -1.884
74.86, 1.014, -1.695
74.87, 1.013, -1.167
74.88, 1.012, -3.263
74.89, 1.011, -1.138
74.90, 1.010, -1.528
74.91, 1.009, -1.403
74.92, 1.008, -1.521
74.93, 1.007, 0.1873
74.94, 1.006, -2.334
74.95, 1.005, -0.7483
74.96, 1.004, -1.783
74.97, 1.003, -2.265
74.98, 1.002, -2.225
74.99, 1.001, -1.103
75.00, 1.000, 0.8806
75.01, 0.9990, -1.061
75.02, 0.9980, -1.481
75.03, 0.9970, -0.9795
75.04, 0.9960, -3.011
75.05, 0.9950, -0.4951
75.06, 0.9940, -0.8972
75.07, 0.9930, -0.2022
75.08, 0.9920, 1.194
75.09, 0.9910, -2.459
75.10, 0.9900, -1.419
75.11, 0.9890, 1.531
75.12, 0.9880, -2.580
75.13, 0.9870, -1.735
75.14, 0.9860, -2.193
75.15, 0.9850, -4.251
75.16, 0.9840, -2.561
75.17, 0.9830, -3.409
75.18, 0.9820, -4.225
75.19, 0.9810, -1.906
75.20, 0.9800, -2.902
75.21, 0.9790, -4.267
75.22, 0.9780, -3.937
75.23, 0.9770, -1.272
75.24, 0.9760, -2.275
75.25, 0.9750, -1.423
75.26, 0.9740, -2.682
75.27, 0.9730, -3.454
75.28, 0.9720, -4.465
75.29, 0.9710, -2.784
75.30, 0.9700, -3.081
75.31, 0.9690, -3.212
75.32, 0.9680, -2.221
75.33, 0.9670, -1.162
75.34, 0.9660, -2.715
75.35, 0.9650, -3.546
75.36, 0.9640, -2.188
75.37, 0.9630, -2.781
75.38, 0.9620, -3.003
75.39, 0.9610, -1.642
75.40, 0.9600, -2.258
75.41, 0.9590, -1.650
75.42, 0.9580, -3.264
75.43, 0.9570, -3.929
75.44, 0.9560, 0.7057
75.45, 0.9550, -1.481
75.46, 0.9540, -0.9419
75.47, 0.9530, -1.107
75.48, 0.9520, -3.166
75.49, 0.9510, -1.766
75.50, 0.9500, -1.759
75.51, 0.9490, -2.553
75.52, 0.9480, -0.4623
75.53, 0.9470, -2.770
75.54, 0.9460, -2.070
75.55, 0.9450, -2.053
75.56, 0.9440, -3.276
75.57, 0.9430, -2.686
75.58, 0.9420, -2.897
75.59, 0.9410, -2.058
75.60, 0.9400, -3.103
75.61, 0.9390, -5.500
75.62, 0.9380, -1.539
75.63, 0.9370, -3.410
75.64, 0.9360, -2.894
75.65, 0.9350, -2.305
75.66, 0.9340, -2.462
75.67, 0.9330, -5.326
75.68, 0.9320, -4.667
75.69, 0.9310, -1.954
75.70, 0.9300, -3.414
75.71, 0.9290, -2.148
75.72, 0.9280, -4.233
75.73, 0.9270, -4.156
75.74, 0.9260, -3.292
75.75, 0.9250, -4.743
75.76, 0.9240, -3.035
75.77, 0.9230, -3.167
75.78, 0.9220, -2.946
75.79, 0.9210, -3.267
75.80, 0.9200, -3.092
75.81, 0.9190, -4.785
75.82, 0.9180, -2.019
75.83, 0.9170, -2.098
75.84, 0.9160, -5.316
75.85, 0.9150, -2.156
75.86, 0.9140, -5.098
75.87, 0.9130, -2.945
75.88, 0.9120, -1.525
75.89, 0.9110, -3.762
75.90, 0.9100, -3.858
75.91, 0.9090, -2.995
75.92, 0.9080, -3.787
75.93, 0.9070, -2.092
75.94, 0.9060, -1.153
75.95, 0.9050, -4.285
75.96, 0.9040, -1.705
75.97, 0.9030, -1.819
75.98, 0.9020, -4.509
75.99, 0.9010, -2.323
76.00, 0.9000, -5.301
76.01, 0.8990, -3.416
76.02, 0.8980, -2.543
76.03, 0.8970, -4.377
76.04, 0.8960, -5.588
76.05, 0.8950, -2.204
76.06, 0.8940, -6.613
76.07, 0.8930, -5.049
76.08, 0.8920, -4.852
76.09, 0.8910, -3.525
76.10, 0.8900, -5.206
76.11, 0.8890, -5.342
76.12, 0.8880, -5.397
76.13, 0.8870, -1.530
76.14, 0.8860, -5.565
76.15, 0.8850, -4.280
76.16, 0.8840, -2.759
76.17, 0.8830, -2.761
76.18, 0.8820, -4.850
76.19, 0.8810, -2.617
76.20, 0.8800, -4.232
76.21, 0.8790, -4.634
76.22, 0.8780, -2.604
76.23, 0.8770, -2.346
76.24, 0.8760, -1.670
76.25, 0.8750, -3.276
76.26, 0.8740, -5.089
76.27, 0.8730, -1.256
76.28, 0.8720, -3.637
76.29, 0.8710, -2.356
76.30, 0.8700, -2.228
76.31, 0.8690, -5.098
76.32, 0.8680, -5.270
76.33, 0.8670, -1.634
76.34, 0.8660, -2.414
76.35, 0.8650, -4.024
76.36, 0.8640, -3.358
76.37, 0.8630, -4.442
76.38, 0.8620, -3.753
76.39, 0.8610, -4.454
76.40, 0.8600, -3.370
76.41, 0.8590, -3.638
76.42, 0.8580, -5.261
76.43, 0.8570, -5.900
76.44, 0.8560, -4.176
76.45, 0.8550, -3.798
76.46, 0.8540, -5.803
76.47, 0.8530, -3.515
76.48, 0.8520, -6.219
76.49, 0.8510, -4.975
76.50, 0.8500, -4.265
76.51, 0.8490, -4.098
76.52, 0.8480, -5.812
76.53, 0.8470, -4.256
76.54, 0.8460, -4.457
76.55, 0.8450, -6.283
76.56, 0.8440, -2.596
76.57, 0.8430, -4.290
76.58, 0.8420, -4.930
76.59, 0.8410, -2.398
76.60, 0.8400, -4.763
76.61, 0.8390, -4.913
76.62, 0.8380, -3.311
76.63, 0.8370, -5.275
76.64, 0.8360, -5.304
76.65, 0.8350, -4.694
76.66, 0.8340, -5.458
76.67, 0.8330, -5.528
76.68, 0.8320, -2.976
76.69, 0.8310, -3.435
76.70, 0.8300, -3.954
76.71, 0.8290, -4.068
76.72, 0.8280, -4.043
76.73, 0.8270, -6.173
76.74, 0.8260, -2.502
76.75, 0.8250, -4.384
76.76, 0.8240, -4.287
76.77, 0.8230, -4.561
76.78, 0.8220, -4.388
76.79, 0.8210, -7.247
76.80, 0.8200, -3.113
76.81, 0.8190, -3.527
76.82, 0.8180, -5.214
76.83, 0.8170, -3.675
76.84, 0.8160, -6.297
76.85, 0.8150, -5.479
76.86, 0.8140, -6.220
76.87, 0.8130, -4.575
76.88, 0.8120, -6.650
76.89, 0.8110, -5.192
76.90, 0.8100, -4.219
76.91, 0.8090, -5.221
76.92, 0.8080, -6.059
76.93, 0.8070, -6.550
76.94, 0.8060, -7.718
76.95, 0.8050, -5.436
76.96, 0.8040, -4.275
76.97, 0.8030, -5.194
76.98, 0.8020, -6.979
76.99, 0.8010, -2.842
77.00, 0.8000, -5.739
77.01, 0.7990, -4.460
77.02, 0.7980, -7.403
77.03, 0.7970, -5.463
77.04, 0.7960, -5.419
77.05, 0.7950, -3.664
77.06, 0.7940, -5.725
77.07, 0.7930, -4.060
77.08, 0.7920, -6.736
77.09, 0.7910, -5.236
77.10, 0.7900, -5.140
77.11, 0.7890, -4.002
77.12, 0.7880, -4.496
77.13, 0.7870, -4.339
77.14, 0.7860, -6.822
77.15, 0.7850, -5.641
77.16, 0.7840, -3.815
77.17, 0.7830, -5.143
77.18, 0.7820, -4.592
77.19, 0.7810, -4.084
77.20, 0.7800, -5.133
77.21, 0.7790, -4.732
77.22, 0.7780, -2.144
77.23, 0.7770, -5.552
77.24, 0.7760, -5.551
77.25, 0.7750, -3.932
77.26, 0.7740, -6.403
77.27, 0.7730, -5.574
77.28, 0.7720, -6.137
77.29, 0.7710, -6.546
77.30, 0.7700, -5.612
77.31, 0.7690, -5.819
77.32, 0.7680, -7.064
77.33, 0.7670, -5.193
77.34, 0.7660, -3.307
77.35, 0.7650, -7.751
77.36, 0.7640, -5.507
77.37, 0.7630, -5.137
77.38, 0.7620, -5.385
77.39, 0.7610, -6.455
77.40, 0.7600, -4.617
77.41, 0.7590, -7.062
77.42, 0.7580, -5.975
77.43, 0.7570, -4.173
77.44, 0.7560, -5.117
77.45, 0.7550, -5.843
77.46, 0.7540, -4.072
77.47, 0.7530, -5.044
77.48, 0.7520, -5.746
77.49, 0.7510, -6.007
77.50, 0.7500, -3.363
77.51, 0.7490, -4.139
77.52, 0.7480, -5.371
77.53, 0.7470, -4.234
77.54, 0.7460, -2.665
77.55, 0.7450, -6.323
77.56, 0.7440, -5.864
77.57, 0.7430, -4.761
77.58, 0.7420, -6.112
77.59, 0.7410, -3.791
77.60, 0.7400, -5.921
77.61, 0.7390, -6.586
77.62, 0.7380, -4.349
77.63, 0.7370, -5.406
77.64, 0.7360, -5.437
77.65, 0.7350, -5.193
77.66, 0.7340, -6.309
77.67, 0.7330, -6.206
77.68, 0.7320, -6.362
77.69, 0.7310, -6.456
77.70, 0.7300, -6.112
77.71, 0.7290, -4.594
77.72, 0.7280, -7.854
77.73, 0.7270, -5.660
77.74, 0.7260, -6.475
77.75, 0.7250, -6.502
77.76, 0.7240, -6.543
77.77, 0.7230, -5.435
77.78, 0.7220, -5.466
77.79, 0.7210, -5.218
77.80, 0.7200, -6.987
77.81, 0.7190, -5.094
77.82, 0.7180, -5.414
77.83, 0.7170, -6.760
77.84, 0.7160, -7.261
77.85, 0.7150, -5.278
77.86, 0.7140, -5.675
77.87, 0.7130, -5.395
77.88, 0.7120, -5.567
77.89, 0.7110, -6.403
77.90, 0.7100, -4.107
77.91, 0.7090, -6.397
77.92, 0.7080, -5.761
77.93, 0.7070, -4.954
77.94, 0.7060, -6.740
77.95, 0.7050, -7.190
77.96, 0.7040, -5.284
77.97, 0.7030, -6.328
77.98, 0.7020, -5.551
77.99, 0.7010, -5.321
78.00, 0.7000, -4.575
78.01, 0.6990, -6.168
78.02, 0.6980, -4.156
78.03, 0.6970, -7.399
78.04, 0.6960, -5.259
78.05, 0.6950, -4.162
78.06, 0.6940, -6.332
78.07, 0.6930, -5.217
78.08, 0.6920, -5.727
78.09, 0.6910, -7.347
78.10, 0.6900, -6.034
78.11, 0.6890, -4.542
78.12, 0.6880, -5.674
78.13, 0.6870, -7.377
78.14, 0.6860, -5.019
78.15, 0.6850, -6.893
78.16, 0.6840, -7.751
78.17, 0.6830, -6.000
78.18, 0.6820, -8.778
78.19, 0.6810, -6.046
78.20, 0.6800, -4.848
78.21, 0.6790, -5.629
78.22, 0.6780, -7.335
78.23, 0.6770, -5.287
78.24, 0.6760, -5.736
78.25, 0.6750, -5.109
78.26, 0.6740, -4.637
78.27, 0.6730, -7.450
78.28, 0.6720, -6.081
78.29, 0.6710, -5.304
78.30, 0.6700, -6.259
78.31, 0.6690, -7.414
78.32, 0.6680, -6.391
78.33, 0.6670, -6.442
78.34, 0.6660, -4.420
78.35, 0.6650, -5.992
78.36, 0.6640, -5.994
78.37, 0.6630, -5.337
78.38, 0.6620, -6.608
78.39, 0.6610, -6.369
78.40, 0.6600, -5.747
78.41, 0.6590, -7.412
78.42, 0.6580, -6.564
78.43, 0.6570, -5.327
78.44, 0.6560, -5.372
78.45, 0.6550, -5.863
78.46, 0.6540, -5.079
78.47, 0.6530, -7.571
78.48, 0.6520, -6.355
78.49, 0.6510, -6.649
78.50, 0.6500, -6.946
78.51, 0.6490, -6.960
78.52, 0.6480, -6.532
78.53, 0.6470, -7.933
78.54, 0.6460, -5.585
78.55, 0.6450, -7.549
78.56, 0.6440, -8.330
78.57, 0.6430, -5.950
78.58, 0.6420, -9.702
78.59, 0.6410, -6.535
78.60, 0.6400, -5.593
78.61, 0.6390, -8.005
78.62, 0.6380, -7.515
78.63, 0.6370, -5.527
78.64, 0.6360, -7.016
78.65, 0.6350, -6.805
78.66, 0.6340, -7.908
78.67, 0.6330, -6.203
78.68, 0.6320, -5.946
78.69, 0.6310, -7.890
78.70, 0.6300, -7.026
78.71, 0.6290, -4.665
78.72, 0.6280, -7.899
78.73, 0.6270, -7.474
78.74, 0.6260, -4.733
78.75, 0.6250, -5.981
78.76, 0.6240, -7.778
78.77, 0.6230, -5.481
78.78, 0.6220, -7.292
78.79, 0.6210, -6.029
78.80, 0.6200, -5.205
78.81, 0.6190, -6.958
78.82, 0.6180, -8.289
78.83, 0.6170, -6.790
78.84, 0.6160, -6.481
78.85, 0.6150, -5.896
78.86, 0.6140, -5.795
78.87, 0.6130, -6.593
78.88, 0.6120, -6.788
78.89, 0.6110, -7.542
78.90, 0.6100, -7.637
78.91, 0.6090, -6.233
78.92, 0.6080, -7.657
78.93, 0.6070, -6.676
78.94, 0.6060, -5.437
78.95, 0.6050, -8.613
78.96, 0.6040, -7.060
78.97, 0.6030, -7.230
78.98, 0.6020, -8.494
78.99, 0.6010, -7.522
79.00, 0.6000, -6.051
79.01, 0.5990, -8.348
79.02, 0.5980, -7.543
79.03, 0.5970, -7.024
79.04, 0.5960, -8.390
79.05, 0.5950, -7.374
79.06, 0.5940, -6.781
79.07, 0.5930, -6.062
79.08, 0.5920, -5.897
79.09, 0.5910, -8.772
79.10, 0.5900, -7.820
79.11, 0.5890, -7.995
79.12, 0.5880, -7.103
79.13, 0.5870, -7.465
79.14, 0.5860, -5.606
79.15, 0.5850, -7.097
79.16, 0.5840, -5.963
79.17, 0.5830, -7.915
79.18, 0.5820, -7.013
79.19, 0.5810, -6.134
79.20, 0.5800, -8.460
79.21, 0.5790, -8.305
79.22, 0.5780, -5.424
79.23, 0.5770, -7.841
79.24, 0.5760, -6.834
79.25, 0.5750, -7.492
79.26, 0.5740, -7.052
79.27, 0.5730, -6.254
79.28, 0.5720, -7.036
79.29, 0.5710, -6.592
79.30, 0.5700, -7.082
79.31, 0.5690, -7.873
79.32, 0.5680, -7.724
79.33, 0.5670, -8.173
79.34, 0.5660, -6.663
79.35, 0.5650, -7.420
79.36, 0.5640, -8.473
79.37, 0.5630, -6.018
79.38, 0.5620, -9.257
79.39, 0.5610, -9.189
79.40, 0.5600, -8.551
79.41, 0.5590, -9.015
79.42, 0.5580, -7.994
79.43, 0.5570, -8.493
79.44, 0.5560, -9.740
79.45, 0.5550, -6.667
79.46, 0.5540, -9.617
79.47, 0.5530, -8.310
79.48, 0.5520, -7.184
79.49, 0.5510, -9.137
79.50, 0.5500, -7.592
79.51, 0.5490, -7.127
79.52, 0.5480, -10.72
79.53, 0.5470, -9.268
79.54, 0.5460, -7.532
79.55, 0.5450, -8.872
79.56, 0.5440, -8.069
79.57, 0.5430, -7.479
79.58, 0.5420, -8.741
79.59, 0.5410, -7.879
79.60, 0.5400, -8.094
79.61, 0.5390, -7.403
79.62, 0.5380, -7.420
79.63, 0.5370, -7.149
79.64, 0.5360, -8.473
79.65, 0.5350, -8.529
79.66, 0.5340, -8.273
79.67, 0.5330, -7.990
79.68, 0.5320, -7.047
79.69, 0.5310, -8.841
79.70, 0.5300, -7.968
79.71, 0.5290, -7.497
79.72, 0.5280, -7.675
79.73, 0.5270, -7.498
79.74, 0.5260, -7.638
79.75, 0.5250, -8.090
79.76, 0.5240, -6.711
79.77, 0.5230, -8.469
79.78, 0.5220, -7.490
79.79, 0.5210, -8.349
79.80, 0.5200, -9.387
79.81, 0.5190, -7.932
79.82, 0.5180, -9.505
79.83, 0.5170, -9.261
79.84, 0.5160, -8.837
79.85, 0.5150, -9.353
79.86, 0.5140, -9.424
79.87, 0.5130, -6.829
79.88, 0.5120, -9.312
79.89, 0.5110, -7.968
79.90, 0.5100, -8.053
79.91, 0.5090, -8.857
79.92, 0.5080, -8.627
79.93, 0.5070, -9.117
79.94, 0.5060, -8.564
79.95, 0.5050, -7.882
79.96, 0.5040, -8.276
79.97, 0.5030, -8.684
79.98, 0.5020, -7.297
79.99, 0.5010, -8.184
80.00, 0.5000, -7.850
80.01, 0.4990, -8.764
80.02, 0.4980, -8.460
80.03, 0.4970, -6.206
80.04, 0.4960, -9.420
80.05, 0.4950, -8.555
80.06, 0.4940, -6.662
80.07, 0.4930, -11.53
80.08, 0.4920, -9.410
80.09, 0.4910, -7.662
80.10, 0.4900, -9.097
80.11, 0.4890, -6.394
80.12, 0.4880, -9.105
80.13, 0.4870, -7.874
80.14, 0.4860, -6.653
80.15, 0.4850, -9.848
80.16, 0.4840, -8.812
80.17, 0.4830, -7.754
80.18, 0.4820, -8.753
80.19, 0.4810, -7.395
80.20, 0.4800, -8.396
80.21, 0.4790, -10.36
80.22, 0.4780, -8.432
80.23, 0.4770, -10.88
80.24, 0.4760, -8.979
80.25, 0.4750, -9.623
80.26, 0.4740, -9.731
80.27, 0.4730, -9.036
80.28, 0.4720, -10.01
80.29, 0.4710, -9.452
80.30, 0.4700, -10.08
80.31, 0.4690, -10.64
80.32, 0.4680, -8.579
80.33, 0.4670, -10.33
80.34, 0.4660, -10.31
80.35, 0.4650, -8.766
80.36, 0.4640, -9.268
80.37, 0.4630, -10.27
80.38, 0.4620, -8.407
80.39, 0.4610, -8.651
80.40, 0.4600, -10.31
80.41, 0.4590, -8.375
80.42, 0.4580, -9.151
80.43, 0.4570, -9.559
80.44, 0.4560, -8.224
80.45, 0.4550, -10.32
80.46, 0.4540, -8.440
80.47, 0.4530, -7.508
80.48, 0.4520, -9.313
80.49, 0.4510, -9.012
80.50, 0.4500, -9.368
80.51, 0.4490, -9.187
80.52, 0.4480, -9.035
80.53, 0.4470, -9.548
80.54, 0.4460, -9.013
80.55, 0.4450, -9.727
80.56, 0.4440, -9.001
80.57, 0.4430, -10.01
80.58, 0.4420, -8.411
80.59, 0.4410, -10.36
80.60, 0.4400, -7.547
80.61, 0.4390, -9.115
80.62, 0.4380, -8.025
80.63, 0.4370, -11.09
80.64, 0.4360, -10.99
80.65, 0.4350, -9.071
80.66, 0.4340, -10.46
80.67, 0.4330, -9.689
80.68, 0.4320, -11.48
80.69, 0.4310, -10.24
80.70, 0.4300, -7.664
80.71, 0.4290, -10.93
80.72, 0.4280, -11.44
80.73, 0.4270, -10.61
80.74, 0.4260, -9.898
80.75, 0.4250, -9.119
80.76, 0.4240, -9.038
80.77, 0.4230, -10.37
80.78, 0.4220, -7.838
80.79, 0.4210, -11.19
80.80, 0.4200, -10.48
80.81, 0.4190, -10.14
80.82, 0.4180, -10.56
80.83, 0.4170, -10.79
80.84, 0.4160, -9.605
80.85, 0.4150, -9.852
80.86, 0.4140, -8.912
80.87, 0.4130, -9.909
80.88, 0.4120, -9.244
80.89, 0.4110, -8.660
80.90, 0.4100, -10.77
80.91, 0.4090, -10.44
80.92, 0.4080, -9.534
80.93, 0.4070, -9.861
80.94, 0.4060, -9.496
80.95, 0.4050, -9.763
80.96, 0.4040, -10.04
80.97, 0.4030, -8.707
80.98, 0.4020, -9.745
80.99, 0.4010, -8.804
81.00, 0.4000, -8.586
81.01, 0.3990, -10.24
81.02, 0.3980, -11.22
81.03, 0.3970, -9.912
81.04, 0.3960, -10.99
81.05, 0.3950, -10.48
81.06, 0.3940, -12.07
81.07, 0.3930, -12.93
81.08, 0.3920, -9.857
81.09, 0.3910, -11.46
81.10, 0.3900, -11.40
81.11, 0.3890, -11.19
81.12, 0.3880, -11.43
81.13, 0.3870, -10.28
81.14, 0.3860, -10.57
81.15, 0.3850, -10.85
81.16, 0.3840, -9.969
81.17, 0.3830, -10.95
81.18, 0.3820, -11.24
81.19, 0.3810, -10.26
81.20, 0.3800, -12.09
81.21, 0.3790, -10.40
81.22, 0.3780, -10.50
81.23, 0.3770, -11.11
81.24, 0.3760, -9.861
81.25, 0.3750, -10.41
81.26, 0.3740, -11.51
81.27, 0.3730, -7.940
81.28, 0.3720, -10.42
81.29, 0.3710, -9.867
81.30, 0.3700, -11.26
81.31, 0.3690, -11.93
81.32, 0.3680, -10.33
81.33, 0.3670, -11.42
81.34, 0.3660, -11.11
81.35, 0.3650, -10.84
81.36, 0.3640, -10.87
81.37, 0.3630, -10.65
81.38, 0.3620, -9.846
81.39, 0.3610, -9.824
81.40, 0.3600, -10.72
81.41, 0.3590, -8.894
81.42, 0.3580, -10.39
81.43, 0.3570, -10.82
81.44, 0.3560, -11.11
81.45, 0.3550, -10.38
81.46, 0.3540, -10.86
81.47, 0.3530, -11.22
81.48, 0.3520, -12.06
81.49, 0.3510, -11.34
81.50, 0.3500, -13.35
81.51, 0.3490, -11.12
81.52, 0.3480, -11.46
81.53, 0.3470, -12.87
81.54, 0.3460, -11.18
81.55, 0.3450, -13.32
81.56, 0.3440, -11.61
81.57, 0.3430, -12.02
81.58, 0.3420, -13.29
81.59, 0.3410, -11.63
81.60, 0.3400, -12.45
81.61, 0.3390, -12.77
81.62, 0.3380, -9.945
81.63, 0.3370, -12.42
81.64, 0.3360, -10.00
81.65, 0.3350, -12.25
81.66, 0.3340, -11.46
81.67, 0.3330, -10.65
81.68, 0.3320, -12.58
81.69, 0.3310, -11.69
81.70, 0.3300, -11.25
81.71, 0.3290, -12.18
81.72, 0.3280, -12.97
81.73, 0.3270, -10.27
81.74, 0.3260, -11.17
81.75, 0.3250, -12.53
81.76, 0.3240, -12.34
81.77, 0.3230, -12.20
81.78, 0.3220, -9.774
81.79, 0.3210, -11.52
81.80, 0.3200, -12.04
81.81, 0.3190, -10.39
81.82, 0.3180, -12.70
81.83, 0.3170, -11.15
81.84, 0.3160, -10.81
81.85, 0.3150, -11.39
81.86, 0.3140, -11.87
81.87, 0.3130, -12.81
81.88, 0.3120, -11.02
81.89, 0.3110, -11.37
81.90, 0.3100, -12.47
81.91, 0.3090, -13.92
81.92, 0.3080, -13.05
81.93, 0.3070, -13.36
81.94, 0.3060, -12.46
81.95, 0.3050, -12.85
81.96, 0.3040, -13.30
81.97, 0.3030, -12.15
81.98, 0.3020, -13.31
81.99, 0.3010, -13.75
82.00, 0.3000, -12.27
82.01, 0.2990, -15.04
82.02, 0.2980, -13.30
82.03, 0.2970, -12.63
82.04, 0.2960, -12.93
82.05, 0.2950, -12.25
82.06, 0.2940, -14.10
82.07, 0.2930, -13.28
82.08, 0.2920, -12.49
82.09, 0.2910, -13.57
82.10, 0.2900, -13.40
82.11, 0.2890, -10.96
82.12, 0.2880, -14.07
82.13, 0.2870, -13.86
82.14, 0.2860, -13.56
82.15, 0.2850, -12.51
82.16, 0.2840, -12.32
82.17, 0.2830, -14.31
82.18, 0.2820, -11.96
82.19, 0.2810, -12.96
82.20, 0.2800, -12.66
82.21, 0.2790, -12.25
82.22, 0.2780, -14.54
82.23, 0.2770, -12.19
82.24, 0.2760, -12.59
82.25, 0.2750, -13.52
82.26, 0.2740, -12.59
82.27, 0.2730, -13.38
82.28, 0.2720, -13.67
82.29, 0.2710, -12.84
82.30, 0.2700, -13.67
82.31, 0.2690, -13.12
82.32, 0.2680, -14.43
82.33, 0.2670, -14.97
82.34, 0.2660, -14.13
82.35, 0.2650, -13.21
82.36, 0.2640, -14.77
82.37, 0.2630, -14.71
82.38, 0.2620, -13.99
82.39, 0.2610, -14.45
82.40, 0.2600, -13.18
82.41, 0.2590, -15.67
82.42, 0.2580, -13.76
82.43, 0.2570, -14.69
82.44, 0.2560, -14.11
82.45, 0.2550, -12.75
82.46, 0.2540, -14.18
82.47, 0.2530, -14.27
82.48, 0.2520, -13.75
82.49, 0.2510, -14.74
82.50, 0.2500, -12.44
82.51, 0.2490, -13.52
82.52, 0.2480, -14.03
82.53, 0.2470, -11.89
82.54, 0.2460, -13.42
82.55, 0.2450, -15.04
82.56, 0.2440, -14.98
82.57, 0.2430, -14.52
82.58, 0.2420, -12.54
82.59, 0.2410, -13.44
82.60, 0.2400, -13.23
82.61, 0.2390, -13.93
82.62, 0.2380, -13.53
82.63, 0.2370, -13.73
82.64, 0.2360, -14.38
82.65, 0.2350, -14.91
82.66, 0.2340, -12.70
82.67, 0.2330, -13.88
82.68, 0.2320, -12.98
82.69, 0.2310, -15.07
82.70, 0.2300, -14.70
82.71, 0.2290, -13.12
82.72, 0.2280, -14.23
82.73, 0.2270, -14.06
82.74, 0.2260, -15.01
82.75, 0.2250, -16.64
82.76, 0.2240, -14.54
82.77, 0.2230, -15.62
82.78, 0.2220, -15.37
82.79, 0.2210, -14.43
82.80, 0.2200, -16.62
82.81, 0.2190, -14.15
82.82, 0.2180, -14.46
82.83, 0.2170, -14.38
82.84, 0.2160, -14.51
82.85, 0.2150, -14.38
82.86, 0.2140, -15.36
82.87, 0.2130, -14.18
82.88, 0.2120, -16.63
82.89, 0.2110, -15.23
82.90, 0.2100, -14.92
82.91, 0.2090, -16.35
82.92, 0.2080, -15.64
82.93, 0.2070, -16.02
82.94, 0.2060, -15.00
82.95, 0.2050, -14.06
82.96, 0.2040, -16.19
82.97, 0.2030, -15.07
82.98, 0.2020, -14.76
82.99, 0.2010, -14.79
83.00, 0.2000, -15.10
83.01, 0.1990, -14.98
83.02, 0.1980, -15.88
83.03, 0.1970, -14.90
83.04, 0.1960, -15.81
83.05, 0.1950, -15.14
83.06, 0.1940, -16.15
83.07, 0.1930, -14.66
83.08, 0.1920, -14.71
83.09, 0.1910, -16.35
83.10, 0.1900, -14.71
83.11, 0.1890, -15.66
83.12, 0.1880, -14.74
83.13, 0.1870, -14.92
83.14, 0.1860, -16.93
83.15, 0.1850, -17.26
83.16, 0.1840, -15.85
83.17, 0.1830, -17.16
83.18, 0.1820, -16.18
83.19, 0.1810, -16.42
83.20, 0.1800, -17.58
83.21, 0.1790, -16.40
83.22, 0.1780, -16.29
83.23, 0.1770, -16.44
83.24, 0.1760, -17.06
83.25, 0.1750, -17.39
83.26, 0.1740, -16.53
83.27, 0.1730, -17.18
83.28, 0.1720, -14.30
83.29, 0.1710, -17.19
83.30, 0.1700, -15.68
83.31, 0.1690, -14.76
83.32, 0.1680, -17.42
83.33, 0.1670, -17.11
83.34, 0.1660, -16.58
83.35, 0.1650, -16.30
83.36, 0.1640, -14.20
83.37, 0.1630, -16.99
83.38, 0.1620, -15.84
83.39, 0.1610, -15.33
83.40, 0.1600, -15.78
83.41, 0.1590, -16.06
83.42, 0.1580, -15.77
83.43, 0.1570, -16.12
83.44, 0.1560, -15.01
83.45, 0.1550, -16.61
83.46, 0.1540, -14.81
83.47, 0.1530, -16.61
83.48, 0.1520, -16.49
83.49, 0.1510, -14.71
83.50, 0.1500, -15.42
83.51, 0.1490, -16.19
83.52, 0.1480, -15.91
83.53, 0.1470, -15.79
83.54, 0.1460, -15.79
83.55, 0.1450, -18.39
83.56, 0.1440, -16.87
83.57, 0.1430, -17.50
83.58, 0.1420, -18.85
83.59, 0.1410, -16.55
83.60, 0.1400, -16.98
83.61, 0.1390, -17.95
83.62, 0.1380, -18.05
83.63, 0.1370, -17.06
83.64, 0.1360, -17.35
83.65, 0.1350, -17.82
83.66, 0.1340, -19.10
83.67, 0.1330, -17.40
83.68, 0.1320, -16.66
83.69, 0.1310, -18.57
83.70, 0.1300, -18.37
83.71, 0.1290, -17.12
83.72, 0.1280, -18.46
83.73, 0.1270, -16.65
83.74, 0.1260, -17.76
83.75, 0.1250, -17.29
83.76, 0.1240, -16.91
83.77, 0.1230, -18.77
83.78, 0.1220, -17.57
83.79, 0.1210, -16.96
83.80, 0.1200, -18.06
83.81, 0.1190, -14.98
83.82, 0.1180, -17.38
83.83, 0.1170, -16.66
83.84, 0.1160, -16.53
83.85, 0.1150, -16.87
83.86, 0.1140, -16.10
83.87, 0.1130, -17.83
83.88, 0.1120, -16.28
83.89, 0.1110, -16.31
83.90, 0.1100, -17.87
83.91, 0.1090, -16.86
83.92, 0.1080, -16.98
83.93, 0.1070, -16.87
83.94, 0.1060, -16.52
83.95, 0.1050, -16.57
83.96, 0.1040, -18.50
83.97, 0.1030, -15.80
83.98, 0.1020, -16.91
83.99, 0.1010, -16.25
84.00, 0.1000, -18.03
84.01, 0.09900, -18.24
84.02, 0.09800, -18.91
84.03, 0.09700, -19.29
84.04, 0.09600, -17.87
84.05, 0.09500, -20.30
84.06, 0.09400, -17.40
84.07, 0.09300, -16.87
84.08, 0.09200, -19.45
84.09, 0.09100, -17.77
84.10, 0.09000, -20.00
84.11, 0.08900, -17.97
84.12, 0.08800, -17.64
84.13, 0.08700, -19.81
84.14, 0.08600, -16.73
84.15, 0.08500, -18.03
84.16, 0.08400, -19.17
84.17, 0.08300, -17.48
84.18, 0.08200, -19.77
84.19, 0.08100, -18.01
84.20, 0.08000, -17.13
84.21, 0.07900, -18.83
84.22, 0.07800, -17.80
84.23, 0.07700, -18.72
84.24, 0.07600, -18.73
84.25, 0.07500, -17.56
84.26, 0.07400, -19.70
84.27, 0.07300, -18.02
84.28, 0.07200, -17.57
84.29, 0.07100, -16.91
84.30, 0.07000, -16.40
84.31, 0.06900, -19.23
84.32, 0.06800, -17.91
84.33, 0.06700, -17.28
84.34, 0.06600, -18.89
84.35, 0.06500, -18.69
84.36, 0.06400, -17.07
84.37, 0.06300, -17.57
84.38, 0.06200, -17.04
84.39, 0.06100, -18.37
84.40, 0.06000, -18.18
84.41, 0.05900, -16.62
84.42, 0.05800, -19.25
84.43, 0.05700, -19.15
84.44, 0.05600, -18.08
84.45, 0.05500, -20.58
84.46, 0.05400, -18.21
84.47, 0.05300, -20.85
84.48, 0.05200, -18.72
84.49, 0.05100, -17.71
84.50, 0.05000, -20.97
84.51, 0.04900, -18.59
84.52, 0.04800, -19.74
84.53, 0.04700, -19.59
84.54, 0.04600, -17.82
84.55, 0.04500, -19.36
84.56, 0.04400, -20.48
84.57, 0.04300, -19.34
84.58, 0.04200, -20.77
84.59, 0.04100, -19.88
84.60, 0.04000, -19.84
84.61, 0.03900, -19.02
84.62, 0.03800, -19.67
84.63, 0.03700, -20.03
84.64, 0.03600, -18.64
84.65, 0.03500, -17.27
84.66, 0.03400, -20.44
84.67, 0.03300, -19.63
84.68, 0.03200, -20.50
84.69, 0.03100, -19.10
84.70, 0.03000, -16.85
84.71, 0.02900, -20.17
84.72, 0.02800, -18.52
84.73, 0.02700, -17.36
84.74, 0.02600, -19.90
84.75, 0.02500, -19.32
84.76, 0.02400, -19.93
84.77, 0.02300, -18.98
84.78, 0.02200, -18.07
84.79, 0.02100, -20.01
84.80, 0.02000, -20.04
84.81, 0.01900, -21.03
84.82, 0.01800, -22.08
84.83, 0.01700, -20.63
84.84, 0.01600, -18.37
84.85, 0.01500, -21.61
84.86, 0.01400, -19.80
84.87, 0.01300, -19.57
84.88, 0.01200, -19.32
84.89, 0.01100, -20.83
84.90, 0.01000, -20.24
84.91, 0.009000, -20.82
84.92, 0.008000, -19.01
84.93, 0.007000, -19.49
84.94, 0.006000, -20.25
84.95, 0.005000, -18.71
84.96, 0.004000, -21.21
84.97, 0.003000, -20.44
84.98, 0.002000, -19.85
84.99, 0.001000, -21.87
85.00, 0.000, -14.96
