0.01000, -0.8000, -37.69
0.02000, -0.8000, -26.33
0.03000, -0.8000, -21.64
0.04000, -0.8000, -20.00
0.05000, -0.8000, -18.48
0.06000, -0.8000, -16.24
0.07000, -0.8000, -15.91
0.08000, -0.8000, -16.23
0.09000, -0.8000, -14.86
0.1000, -0.8000, -13.56
0.1100, -0.8000, -14.46
0.1200, -0.8000, -12.63
0.1300, -0.8000, -12.67
0.1400, -0.8000, -11.57
0.1500, -0.8000, -12.23
0.1600, -0.8000, -12.44
0.1700, -0.8000, -11.05
0.1800, -0.8000, -12.83
0.1900, -0.8000, -12.06
0.2000, -0.8000, -12.76
0.2100, -0.8000, -11.90
0.2200, -0.8000, -11.39
0.2300, -0.8000, -12.07
0.2400, -0.8000, -11.34
0.2500, -0.8000, -11.59
0.2600, -0.8000, -11.87
0.2700, -0.8000, -11.42
0.2800, -0.8000, -11.18
0.2900, -0.8000, -11.43
0.3000, -0.8000, -11.25
0.3100, -0.8000, -10.54
0.3200, -0.8000, -11.93
0.3300, -0.8000, -10.44
0.3400, -0.8000, -10.90
0.3500, -0.8000, -10.30
0.3600, -0.8000, -9.981
0.3700, -0.8000, -11.17
0.3800, -0.8000, -10.61
0.3900, -0.8000, -11.93
0.4000, -0.8000, -10.10
0.4100, -0.8000, -10.82
0.4200, -0.8000, -10.37
0.4300, -0.8000, -10.49
0.4400, -0.8000, -10.89
0.4500, -0.8000, -9.839
0.4600, -0.8000, -9.889
0.4700, -0.8000, -10.67
0.4800, -0.8000, -9.530
0.4900, -0.8000, -10.18
0.5000, -0.8000, -11.61
0.5100, -0.8000, -11.05
0.5200, -0.8000, -10.77
0.5300, -0.8000, -10.18
0.5400, -0.8000, -9.766
0.5500, -0.8000, -11.03
0.5600, -0.8000, -10.11
0.5700, -0.8000, -10.39
0.5800, -0.8000, -10.16
0.5900, -0.8000, -9.494
0.6000, -0.8000, -8.849
0.6100, -0.8000, -9.975
0.6200, -0.8000, -10.59
0.6300, -0.8000, -10.02
0.6400, -0.8000, -9.773
0.6500, -0.8000, -11.05
0.6600, -0.8000, -9.853
0.6700, -0.8000, -9.922
0.6800, -0.8000, -9.772
0.6900, -0.8000, -9.898
0.7000, -0.8000, -9.673
0.7100, -0.8000, -9.978
0.7200, -0.8000, -9.290
0.7300, -0.8000, -11.10
0.7400, -0.8000, -8.896
0.7500, -0.8000, -9.790
0.7600, -0.8000, -9.234
0.7700, -0.8000, -10.08
0.7800, -0.8000, -10.67
0.7900, -0.8000, -9.758
0.8000, -0.8000, -9.256
0.8100, -0.8000, -10.19
0.8200, -0.8000, -9.734
0.8300, -0.8000, -10.21
0.8400, -0.8000, -9.491
0.8500, -0.8000, -10.51
0.8600, -0.8000, -8.826
0.8700, -0.8000, -9.660
0.8800, -0.8000, -9.856
0.8900, -0.8000, -8.393
0.9000, -0.8000, -10.79
0.9100, -0.8000, -9.081
0.9200, -0.8000, -9.802
0.9300, -0.8000, -9.759
0.9400, -0.8000, -10.32
0.9500, -0.8000, -9.594
0.9600, -0.8000, -9.875
0.9700, -0.8000, -10.27
0.9800, -0.8000, -9.987
0.9900, -0.8000, -9.783
1.000, -0.8000, -9.084
1.010, -0.8000, -9.850
1.020, -0.8000, -9.211
1.030, -0.8000, -9.342
1.040, -0.8000, -9.649
1.050, -0.8000, -9.682
1.060, -0.8000, -9.535
1.070, -0.8000, -8.296
1.080, -0.8000, -9.403
1.090, -0.8000, -9.616
1.100, -0.8000, -9.679
1.110, -0.8000, -9.741
1.120, -0.8000, -8.810
1.130, -0.8000, -9.878
1.140, -0.8000, -10.71
1.150, -0.8000, -10.49
1.160, -0.8000, -10.27
1.170, -0.8000, -9.285
1.180, -0.8000, -9.207
1.190, -0.8000, -9.407
1.200, -0.8000, -8.962
1.210, -0.8000, -8.256
1.220, -0.8000, -9.552
1.230, -0.8000, -9.269
1.240, -0.8000, -9.979
1.250, -0.8000, -8.726
1.260, -0.8000, -9.603
1.270, -0.8000, -9.423
1.280, -0.8000, -10.37
1.290, -0.8000, -8.896
1.300, -0.8000, -9.980
1.310, -0.8000, -9.610
1.320, -0.8000, -10.08
1.330, -0.8000, -8.399
1.340, -0.8000, -8.845
1.350, -0.8000, -9.502
1.360, -0.8000, -9.441
1.370, -0.8000, -8.326
1.380, -0.8000, -9.555
1.390, -0.8000, -9.805
1.400, -0.8000, -9.080
1.410, -0.8000, -9.072
1.420, -0.8000, -10.62
1.430, -0.8000, -9.164
1.440, -0.8000, -9.306
1.450, -0.8000, -9.829
1.460, -0.8000, -10.18
1.470, -0.8000, -9.022
1.480, -0.8000, -9.241
1.490, -0.8000, -8.731
1.500, -0.8000, -8.053
1.510, -0.8000, -8.686
1.520, -0.8000, -9.777
1.530, -0.8000, -9.642
1.540, -0.8000, -10.03
1.550, -0.8000, -8.359
1.560, -0.8000, -9.396
1.570, -0.8000, -9.776
1.580, -0.8000, -8.967
1.590, -0.8000, -9.988
1.600, -0.8000, -10.49
1.610, -0.8000, -9.325
1.620, -0.8000, -9.120
1.630, -0.8000, -8.968
1.640, -0.8000, -9.254
1.650, -0.8000, -9.462
1.660, -0.8000, -9.263
1.670, -0.8000, -9.261
1.680, -0.8000, -9.637
1.690, -0.8000, -7.860
1.700, -0.8000, -9.020
1.710, -0.8000, -9.757
1.720, -0.8000, -7.848
1.730, -0.8000, -9.644
1.740, -0.8000, -9.579
1.750, -0.8000, -9.065
1.760, -0.8000, -10.84
1.770, -0.8000, -9.814
1.780, -0.8000, -9.311
1.790, -0.8000, -8.949
1.800, -0.8000, -8.645
1.810, -0.8000, -10.02
1.820, -0.8000, -9.504
1.830, -0.8000, -8.613
1.840, -0.8000, -9.005
1.850, -0.8000, -10.43
1.860, -0.8000, -9.397
1.870, -0.8000, -9.365
1.880, -0.8000, -11.09
1.890, -0.8000, -8.286
1.900, -0.8000, -8.973
1.910, -0.8000, -9.187
1.920, -0.8000, -7.659
1.930, -0.8000, -8.970
1.940, -0.8000, -9.119
1.950, -0.8000, -10.05
1.960, -0.8000, -8.297
1.970, -0.8000, -8.653
1.980, -0.8000, -9.679
1.990, -0.8000, -8.717
2.000, -0.8000, -10.42
2.010, -0.8000, -9.689
2.020, -0.8000, -8.338
2.030, -0.8000, -7.839
2.040, -0.8000, -8.380
2.050, -0.8000, -9.292
2.060, -0.8000, -9.026
2.070, -0.8000, -10.26
2.080, -0.8000, -10.29
2.090, -0.8000, -10.91
2.100, -0.8000, -8.960
2.110, -0.8000, -8.951
2.120, -0.8000, -7.829
2.130, -0.8000, -8.711
2.140, -0.8000, -9.463
2.150, -0.8000, -9.036
2.160, -0.8000, -8.222
2.170, -0.8000, -8.955
2.180, -0.8000, -9.751
2.190, -0.8000, -9.000
2.200, -0.8000, -10.70
2.210, -0.8000, -10.03
2.220, -0.8000, -8.621
2.230, -0.8000, -9.342
2.240, -0.8000, -9.846
2.250, -0.8000, -9.324
2.260, -0.8000, -9.398
2.270, -0.8000, -9.575
2.280, -0.8000, -9.416
2.290, -0.8000, -10.48
2.300, -0.8000, -10.51
2.310, -0.8000, -9.204
2.320, -0.8000, -9.190
2.330, -0.8000, -9.690
2.340, -0.8000, -9.253
2.350, -0.8000, -8.469
2.360, -0.8000, -9.395
2.370, -0.8000, -8.878
2.380, -0.8000, -9.541
2.390, -0.8000, -9.275
2.400, -0.8000, -9.959
2.410, -0.8000, -10.78
2.420, -0.8000, -9.487
2.430, -0.8000, -9.265
2.440, -0.8000, -8.420
2.450, -0.8000, -9.028
2.460, -0.8000, -9.716
2.470, -0.8000, -8.501
2.480, -0.8000, -9.204
2.490, -0.8000, -8.616
2.500, -0.8000, -8.091
2.510, -0.8000, -9.667
2.520, -0.8000, -9.166
2.530, -0.8000, -9.765
2.540, -0.8000, -9.269
2.550, -0.8000, -9.655
2.560, -0.8000, -9.102
2.570, -0.8000, -7.554
2.580, -0.8000, -9.552
2.590, -0.8000, -9.614
2.600, -0.8000, -9.349
2.610, -0.8000, -9.738
2.620, -0.8000, -8.985
2.630, -0.8000, -11.41
2.640, -0.8000, -10.80
2.650, -0.8000, -8.345
2.660, -0.8000, -8.599
2.670, -0.8000, -9.379
2.680, -0.8000, -9.383
2.690, -0.8000, -9.378
2.700, -0.8000, -9.394
2.710, -0.8000, -8.815
2.720, -0.8000, -8.949
2.730, -0.8000, -8.726
2.740, -0.8000, -9.874
2.750, -0.8000, -10.19
2.760, -0.8000, -9.976
2.770, -0.8000, -9.979
2.780, -0.8000, -9.070
2.790, -0.8000, -8.098
2.800, -0.8000, -8.814
2.810, -0.8000, -9.626
2.820, -0.8000, -8.524
2.830, -0.8000, -9.557
2.840, -0.8000, -9.771
2.850, -0.8000, -9.683
2.860, -0.8000, -8.512
2.870, -0.8000, -9.547
2.880, -0.8000, -10.17
2.890, -0.8000, -9.060
2.900, -0.8000, -9.865
2.910, -0.8000, -9.617
2.920, -0.8000, -8.846
2.930, -0.8000, -9.777
2.940, -0.8000, -8.417
2.950, -0.8000, -9.051
2.960, -0.8000, -8.297
2.970, -0.8000, -9.122
2.980, -0.8000, -9.501
2.990, -0.8000, -8.781
3.000, -0.8000, -8.522
3.010, -0.8000, -9.247
3.020, -0.8000, -10.29
3.030, -0.8000, -9.493
3.040, -0.8000, -8.492
3.050, -0.8000, -8.624
3.060, -0.8000, -8.847
3.070, -0.8000, -9.256
3.080, -0.8000, -9.190
3.090, -0.8000, -8.948
3.100, -0.8000, -10.08
3.110, -0.8000, -10.22
3.120, -0.8000, -8.693
3.130, -0.8000, -8.582
3.140, -0.8000, -7.742
3.150, -0.8000, -8.570
3.160, -0.8000, -7.861
3.170, -0.8000, -8.753
3.180, -0.8000, -9.947
3.190, -0.8000, -7.978
3.200, -0.8000, -10.67
3.210, -0.8000, -9.746
3.220, -0.8000, -9.249
3.230, -0.8000, -10.39
3.240, -0.8000, -8.045
3.250, -0.8000, -7.905
3.260, -0.8000, -9.373
3.270, -0.8000, -9.869
3.280, -0.8000, -8.191
3.290, -0.8000, -7.539
3.300, -0.8000, -9.878
3.310, -0.8000, -8.224
3.320, -0.8000, -10.39
3.330, -0.8000, -8.689
3.340, -0.8000, -9.028
3.350, -0.8000, -8.791
3.360, -0.8000, -8.638
3.370, -0.8000, -9.857
3.380, -0.8000, -9.086
3.390, -0.8000, -10.05
3.400, -0.8000, -9.189
3.410, -0.8000, -8.589
3.420, -0.8000, -10.15
3.430, -0.8000, -9.930
3.440, -0.8000, -9.555
3.450, -0.8000, -8.246
3.460, -0.8000, -10.41
3.470, -0.8000, -8.552
3.480, -0.8000, -9.885
3.490, -0.8000, -8.043
3.500, -0.8000, -8.875
3.510, -0.8000, -8.996
3.520, -0.8000, -10.17
3.530, -0.8000, -9.024
3.540, -0.8000, -8.882
3.550, -0.8000, -8.228
3.560, -0.8000, -9.274
3.570, -0.8000, -8.580
3.580, -0.8000, -9.651
3.590, -0.8000, -10.37
3.600, -0.8000, -9.448
3.610, -0.8000, -8.584
3.620, -0.8000, -9.531
3.630, -0.8000, -10.25
3.640, -0.8000, -8.864
3.650, -0.8000, -8.650
3.660, -0.8000, -10.10
3.670, -0.8000, -9.074
3.680, -0.8000, -8.699
3.690, -0.8000, -8.312
3.700, -0.8000, -8.066
3.710, -0.8000, -10.22
3.720, -0.8000, -9.026
3.730, -0.8000, -9.484
3.740, -0.8000, -8.345
3.750, -0.8000, -8.221
3.760, -0.8000, -9.925
3.770, -0.8000, -8.821
3.780, -0.8000, -10.15
3.790, -0.8000, -10.37
3.800, -0.8000, -9.801
3.810, -0.8000, -9.827
3.820, -0.8000, -9.100
3.830, -0.8000, -10.13
3.840, -0.8000, -8.246
3.850, -0.8000, -10.18
3.860, -0.8000, -8.321
3.870, -0.8000, -8.940
3.880, -0.8000, -8.672
3.890, -0.8000, -10.45
3.900, -0.8000, -9.862
3.910, -0.8000, -8.429
3.920, -0.8000, -7.586
3.930, -0.8000, -8.976
3.940, -0.8000, -8.162
3.950, -0.8000, -8.381
3.960, -0.8000, -10.70
3.970, -0.8000, -10.06
3.980, -0.8000, -10.49
3.990, -0.8000, -9.745
4.000, -0.8000, -10.30
4.010, -0.8000, -10.03
4.020, -0.8000, -11.28
4.030, -0.8000, -8.941
4.040, -0.8000, -8.911
4.050, -0.8000, -8.460
4.060, -0.8000, -8.695
4.070, -0.8000, -10.97
4.080, -0.8000, -10.48
4.090, -0.8000, -7.833
4.100, -0.8000, -9.183
4.110, -0.8000, -8.437
4.120, -0.8000, -8.074
4.130, -0.8000, -9.014
4.140, -0.8000, -7.371
4.150, -0.8000, -8.929
4.160, -0.8000, -9.644
4.170, -0.8000, -9.068
4.180, -0.8000, -8.398
4.190, -0.8000, -8.013
4.200, -0.8000, -9.618
4.210, -0.8000, -9.190
4.220, -0.8000, -9.490
4.230, -0.8000, -10.15
4.240, -0.8000, -9.152
4.250, -0.8000, -9.292
4.260, -0.8000, -7.552
4.270, -0.8000, -8.559
4.280, -0.8000, -8.078
4.290, -0.8000, -9.069
4.300, -0.8000, -10.21
4.310, -0.8000, -10.15
4.320, -0.8000, -9.805
4.330, -0.8000, -9.126
4.340, -0.8000, -8.515
4.350, -0.8000, -8.698
4.360, -0.8000, -8.419
4.370, -0.8000, -8.494
4.380, -0.8000, -8.694
4.390, -0.8000, -9.123
4.400, -0.8000, -7.956
4.410, -0.8000, -9.599
4.420, -0.8000, -10.48
4.430, -0.8000, -9.455
4.440, -0.8000, -8.216
4.450, -0.8000, -9.009
4.460, -0.8000, -8.506
4.470, -0.8000, -8.577
4.480, -0.8000, -10.66
4.490, -0.8000, -8.443
4.500, -0.8000, -9.041
4.510, -0.8000, -9.541
4.520, -0.8000, -9.139
4.530, -0.8000, -8.156
4.540, -0.8000, -7.886
4.550, -0.8000, -9.191
4.560, -0.8000, -9.403
4.570, -0.8000, -9.442
4.580, -0.8000, -10.36
4.590, -0.8000, -8.722
4.600, -0.8000, -8.480
4.610, -0.8000, -10.02
4.620, -0.8000, -7.701
4.630, -0.8000, -9.128
4.640, -0.8000, -9.103
4.650, -0.8000, -9.398
4.660, -0.8000, -7.600
4.670, -0.8000, -10.15
4.680, -0.8000, -9.239
4.690, -0.8000, -10.81
4.700, -0.8000, -9.437
4.710, -0.8000, -6.968
4.720, -0.8000, -8.556
4.730, -0.8000, -8.727
4.740, -0.8000, -9.738
4.750, -0.8000, -7.824
4.760, -0.8000, -9.869
4.770, -0.8000, -8.126
4.780, -0.8000, -9.284
4.790, -0.8000, -8.230
4.800, -0.8000, -9.285
4.810, -0.8000, -8.561
4.820, -0.8000, -8.016
4.830, -0.8000, -8.703
4.840, -0.8000, -8.543
4.850, -0.8000, -8.552
4.860, -0.8000, -9.988
4.870, -0.8000, -9.668
4.880, -0.8000, -9.471
4.890, -0.8000, -8.804
4.900, -0.8000, -9.007
4.910, -0.8000, -7.907
4.920, -0.8000, -9.147
4.930, -0.8000, -10.16
4.940, -0.8000, -8.998
4.950, -0.8000, -9.086
4.960, -0.8000, -8.940
4.970, -0.8000, -8.059
4.980, -0.8000, -9.479
4.990, -0.8000, -8.996
5.000, -0.8000, -9.568
5.010, -0.8000, -9.337
5.020, -0.8000, -9.658
5.030, -0.8000, -9.381
5.040, -0.8000, -9.286
5.050, -0.8000, -8.327
5.060, -0.8000, -9.533
5.070, -0.8000, -9.515
5.080, -0.8000, -9.685
5.090, -0.8000, -8.855
5.100, -0.8000, -9.037
5.110, -0.8000, -9.264
5.120, -0.8000, -7.755
5.130, -0.8000, -8.175
5.140, -0.8000, -8.803
5.150, -0.8000, -9.623
5.160, -0.8000, -8.654
5.170, -0.8000, -9.224
5.180, -0.8000, -8.946
5.190, -0.8000, -8.541
5.200, -0.8000, -8.691
5.210, -0.8000, -7.657
5.220, -0.8000, -8.206
5.230, -0.8000, -8.457
5.240, -0.8000, -9.832
5.250, -0.8000, -8.379
5.260, -0.8000, -9.557
5.270, -0.8000, -7.547
5.280, -0.8000, -10.12
5.290, -0.8000, -9.230
5.300, -0.8000, -8.231
5.310, -0.8000, -8.560
5.320, -0.8000, -8.763
5.330, -0.8000, -10.47
5.340, -0.8000, -8.512
5.350, -0.8000, -8.230
5.360, -0.8000, -8.457
5.370, -0.8000, -9.367
5.380, -0.8000, -9.992
5.390, -0.8000, -10.31
5.400, -0.8000, -8.780
5.410, -0.8000, -9.057
5.420, -0.8000, -8.604
5.430, -0.8000, -8.174
5.440, -0.8000, -7.980
5.450, -0.8000, -9.734
5.460, -0.8000, -9.264
5.470, -0.8000, -8.100
5.480, -0.8000, -8.652
5.490, -0.8000, -8.165
5.500, -0.8000, -9.240
5.510, -0.8000, -9.611
5.520, -0.8000, -8.076
5.530, -0.8000, -9.255
5.540, -0.8000, -9.850
5.550, -0.8000, -8.767
5.560, -0.8000, -9.406
5.570, -0.8000, -7.357
5.580, -0.8000, -8.496
5.590, -0.8000, -9.300
5.600, -0.8000, -9.521
5.610, -0.8000, -7.643
5.620, -0.8000, -8.945
5.630, -0.8000, -9.656
5.640, -0.8000, -10.90
5.650, -0.8000, -10.36
5.660, -0.8000, -9.818
5.670, -0.8000, -10.22
5.680, -0.8000, -7.880
5.690, -0.8000, -10.16
5.700, -0.8000, -8.322
5.710, -0.8000, -8.926
5.720, -0.8000, -8.700
5.730, -0.8000, -9.073
5.740, -0.8000, -9.381
5.750, -0.8000, -10.53
5.760, -0.8000, -8.284
5.770, -0.8000, -6.950
5.780, -0.8000, -7.425
5.790, -0.8000, -9.539
5.800, -0.8000, -8.833
5.810, -0.8000, -8.923
5.820, -0.8000, -10.22
5.830, -0.8000, -9.788
5.840, -0.8000, -9.747
5.850, -0.8000, -7.605
5.860, -0.8000, -8.534
5.870, -0.8000, -8.446
5.880, -0.8000, -7.995
5.890, -0.8000, -7.965
5.900, -0.8000, -8.380
5.910, -0.8000, -9.064
5.920, -0.8000, -10.42
5.930, -0.8000, -9.771
5.940, -0.8000, -7.806
5.950, -0.8000, -9.282
5.960, -0.8000, -8.478
5.970, -0.8000, -9.108
5.980, -0.8000, -9.582
5.990, -0.8000, -8.528
6.000, -0.8000, -8.804
6.010, -0.8000, -9.435
6.020, -0.8000, -9.880
6.030, -0.8000, -9.245
6.040, -0.8000, -8.963
6.050, -0.8000, -8.860
6.060, -0.8000, -8.649
6.070, -0.8000, -9.595
6.080, -0.8000, -9.075
6.090, -0.8000, -9.512
6.100, -0.8000, -9.139
6.110, -0.8000, -7.844
6.120, -0.8000, -10.34
6.130, -0.8000, -9.419
6.140, -0.8000, -9.180
6.150, -0.8000, -8.182
6.160, -0.8000, -7.403
6.170, -0.8000, -9.320
6.180, -0.8000, -8.012
6.190, -0.8000, -9.874
6.200, -0.8000, -8.168
6.210, -0.8000, -8.921
6.220, -0.8000, -10.23
6.230, -0.8000, -9.203
6.240, -0.8000, -8.991
6.250, -0.8000, -9.806
6.260, -0.8000, -8.597
6.270, -0.8000, -7.784
6.280, -0.8000, -8.297
6.290, -0.8000, -7.953
6.300, -0.8000, -8.424
6.310, -0.8000, -8.832
6.320, -0.8000, -9.543
6.330, -0.8000, -9.537
6.340, -0.8000, -9.001
6.350, -0.8000, -9.093
6.360, -0.8000, -10.27
6.370, -0.8000, -8.271
6.380, -0.8000, -7.937
6.390, -0.8000, -8.305
6.400, -0.8000, -9.512
6.410, -0.8000, -8.796
6.420, -0.8000, -9.872
6.430, -0.8000, -7.782
6.440, -0.8000, -10.59
6.450, -0.8000, -9.010
6.460, -0.8000, -8.875
6.470, -0.8000, -8.731
6.480, -0.8000, -7.967
6.490, -0.8000, -8.080
6.500, -0.8000, -8.892
6.510, -0.8000, -8.519
6.520, -0.8000, -8.171
6.530, -0.8000, -8.313
6.540, -0.8000, -9.050
6.550, -0.8000, -8.280
6.560, -0.8000, -9.527
6.570, -0.8000, -8.834
6.580, -0.8000, -9.386
6.590, -0.8000, -7.961
6.600, -0.8000, -8.031
6.610, -0.8000, -7.972
6.620, -0.8000, -8.908
6.630, -0.8000, -10.16
6.640, -0.8000, -10.45
6.650, -0.8000, -8.266
6.660, -0.8000, -7.677
6.670, -0.8000, -6.952
6.680, -0.8000, -9.165
6.690, -0.8000, -7.557
6.700, -0.8000, -9.235
6.710, -0.8000, -9.419
6.720, -0.8000, -8.893
6.730, -0.8000, -10.07
6.740, -0.8000, -7.150
6.750, -0.8000, -8.535
6.760, -0.8000, -8.633
6.770, -0.8000, -8.527
6.780, -0.8000, -9.025
6.790, -0.8000, -7.694
6.800, -0.8000, -9.877
6.810, -0.8000, -10.17
6.820, -0.8000, -9.666
6.830, -0.8000, -9.394
6.840, -0.8000, -8.049
6.850, -0.8000, -8.223
6.860, -0.8000, -9.134
6.870, -0.8000, -8.604
6.880, -0.8000, -9.556
6.890, -0.8000, -8.546
6.900, -0.8000, -9.155
6.910, -0.8000, -8.945
6.920, -0.8000, -9.893
6.930, -0.8000, -9.819
6.940, -0.8000, -8.259
6.950, -0.8000, -8.493
6.960, -0.8000, -10.11
6.970, -0.8000, -8.260
6.980, -0.8000, -8.479
6.990, -0.8000, -8.899
7.000, -0.8000, -9.536
7.010, -0.8000, -8.667
7.020, -0.8000, -9.217
7.030, -0.8000, -9.246
7.040, -0.8000, -8.161
7.050, -0.8000, -9.364
7.060, -0.8000, -10.30
7.070, -0.8000, -8.503
7.080, -0.8000, -8.503
7.090, -0.8000, -8.675
7.100, -0.8000, -7.820
7.110, -0.8000, -9.207
7.120, -0.8000, -9.122
7.130, -0.8000, -9.454
7.140, -0.8000, -8.695
7.150, -0.8000, -8.260
7.160, -0.8000, -8.102
7.170, -0.8000, -8.367
7.180, -0.8000, -9.987
7.190, -0.8000, -9.358
7.200, -0.8000, -9.424
7.210, -0.8000, -7.655
7.220, -0.8000, -8.904
7.230, -0.8000, -8.950
7.240, -0.8000, -9.692
7.250, -0.8000, -9.099
7.260, -0.8000, -9.473
7.270, -0.8000, -8.970
7.280, -0.8000, -8.794
7.290, -0.8000, -9.085
7.300, -0.8000, -9.769
7.310, -0.8000, -9.428
7.320, -0.8000, -8.342
7.330, -0.8000, -9.617
7.340, -0.8000, -9.179
7.350, -0.8000, -8.324
7.360, -0.8000, -7.846
7.370, -0.8000, -8.075
7.380, -0.8000, -8.528
7.390, -0.8000, -8.138
7.400, -0.8000, -9.940
7.410, -0.8000, -8.415
7.420, -0.8000, -8.885
7.430, -0.8000, -8.467
7.440, -0.8000, -9.214
7.450, -0.8000, -8.219
7.460, -0.8000, -8.679
7.470, -0.8000, -9.393
7.480, -0.8000, -7.930
7.490, -0.8000, -8.752
7.500, -0.8000, -8.730
7.510, -0.8000, -8.845
7.520, -0.8000, -8.590
7.530, -0.8000, -8.123
7.540, -0.8000, -8.612
7.550, -0.8000, -8.021
7.560, -0.8000, -8.658
7.570, -0.8000, -7.862
7.580, -0.8000, -9.014
7.590, -0.8000, -9.113
7.600, -0.8000, -9.675
7.610, -0.8000, -9.533
7.620, -0.8000, -9.316
7.630, -0.8000, -8.425
7.640, -0.8000, -9.145
7.650, -0.8000, -9.168
7.660, -0.8000, -7.560
7.670, -0.8000, -8.650
7.680, -0.8000, -9.376
7.690, -0.8000, -9.245
7.700, -0.8000, -9.010
7.710, -0.8000, -7.987
7.720, -0.8000, -8.957
7.730, -0.8000, -8.658
7.740, -0.8000, -7.850
7.750, -0.8000, -9.259
7.760, -0.8000, -8.636
7.770, -0.8000, -9.241
7.780, -0.8000, -9.217
7.790, -0.8000, -9.199
7.800, -0.8000, -7.796
7.810, -0.8000, -10.05
7.820, -0.8000, -8.105
7.830, -0.8000, -9.082
7.840, -0.8000, -8.120
7.850, -0.8000, -9.579
7.860, -0.8000, -8.306
7.870, -0.8000, -8.419
7.880, -0.8000, -10.42
7.890, -0.8000, -8.637
7.900, -0.8000, -8.741
7.910, -0.8000, -9.589
7.920, -0.8000, -9.693
7.930, -0.8000, -8.816
7.940, -0.8000, -8.500
7.950, -0.8000, -8.429
7.960, -0.8000, -7.817
7.970, -0.8000, -8.243
7.980, -0.8000, -8.939
7.990, -0.8000, -8.783
8.000, -0.8000, -7.714
8.010, -0.8000, -8.998
8.020, -0.8000, -9.407
8.030, -0.8000, -8.254
8.040, -0.8000, -7.544
8.050, -0.8000, -8.969
8.060, -0.8000, -8.112
8.070, -0.8000, -7.482
8.080, -0.8000, -8.435
8.090, -0.8000, -10.47
8.100, -0.8000, -9.481
8.110, -0.8000, -9.296
8.120, -0.8000, -7.972
8.130, -0.8000, -7.345
8.140, -0.8000, -9.397
8.150, -0.8000, -7.812
8.160, -0.8000, -8.594
8.170, -0.8000, -8.524
8.180, -0.8000, -9.055
8.190, -0.8000, -9.487
8.200, -0.8000, -9.349
8.210, -0.8000, -8.890
8.220, -0.8000, -8.174
8.230, -0.8000, -8.061
8.240, -0.8000, -7.877
8.250, -0.8000, -7.959
8.260, -0.8000, -9.159
8.270, -0.8000, -9.525
8.280, -0.8000, -8.819
8.290, -0.8000, -9.427
8.300, -0.8000, -8.045
8.310, -0.8000, -10.05
8.320, -0.8000, -8.186
8.330, -0.8000, -8.119
8.340, -0.8000, -7.490
8.350, -0.8000, -9.030
8.360, -0.8000, -8.563
8.370, -0.8000, -8.178
8.380, -0.8000, -8.143
8.390, -0.8000, -7.818
8.400, -0.8000, -9.430
8.410, -0.8000, -9.556
8.420, -0.8000, -9.443
8.430, -0.8000, -8.744
8.440, -0.8000, -7.453
8.450, -0.8000, -9.292
8.460, -0.8000, -7.350
8.470, -0.8000, -7.574
8.480, -0.8000, -7.509
8.490, -0.8000, -8.149
8.500, -0.8000, -9.960
8.510, -0.8000, -8.048
8.520, -0.8000, -8.657
8.530, -0.8000, -8.530
8.540, -0.8000, -7.391
8.550, -0.8000, -7.808
8.560, -0.8000, -8.392
8.570, -0.8000, -8.932
8.580, -0.8000, -8.408
8.590, -0.8000, -7.765
8.600, -0.8000, -10.00
8.610, -0.8000, -8.796
8.620, -0.8000, -8.310
8.630, -0.8000, -9.510
8.640, -0.8000, -8.881
8.650, -0.8000, -7.998
8.660, -0.8000, -9.175
8.670, -0.8000, -9.413
8.680, -0.8000, -8.189
8.690, -0.8000, -7.827
8.700, -0.8000, -8.624
8.710, -0.8000, -10.00
8.720, -0.8000, -8.017
8.730, -0.8000, -7.656
8.740, -0.8000, -9.335
8.750, -0.8000, -10.00
8.760, -0.8000, -8.448
8.770, -0.8000, -9.840
8.780, -0.8000, -8.370
8.790, -0.8000, -8.575
8.800, -0.8000, -7.853
8.810, -0.8000, -8.591
8.820, -0.8000, -8.992
8.830, -0.8000, -8.519
8.840, -0.8000, -8.229
8.850, -0.8000, -8.874
8.860, -0.8000, -8.375
8.870, -0.8000, -8.601
8.880, -0.8000, -8.358
8.890, -0.8000, -8.995
8.900, -0.8000, -8.480
8.910, -0.8000, -9.314
8.920, -0.8000, -9.965
8.930, -0.8000, -8.413
8.940, -0.8000, -7.584
8.950, -0.8000, -7.975
8.960, -0.8000, -9.096
8.970, -0.8000, -8.579
8.980, -0.8000, -8.280
8.990, -0.8000, -7.874
9.000, -0.8000, -8.148
9.010, -0.8000, -8.661
9.020, -0.8000, -8.640
9.030, -0.8000, -7.761
9.040, -0.8000, -8.262
9.050, -0.8000, -10.38
9.060, -0.8000, -7.328
9.070, -0.8000, -9.369
9.080, -0.8000, -8.283
9.090, -0.8000, -8.492
9.100, -0.8000, -7.617
9.110, -0.8000, -8.016
9.120, -0.8000, -9.294
9.130, -0.8000, -9.057
9.140, -0.8000, -9.990
9.150, -0.8000, -9.041
9.160, -0.8000, -7.948
9.170, -0.8000, -7.752
9.180, -0.8000, -9.606
9.190, -0.8000, -8.564
9.200, -0.8000, -8.979
9.210, -0.8000, -8.211
9.220, -0.8000, -9.797
9.230, -0.8000, -7.631
9.240, -0.8000, -8.026
9.250, -0.8000, -10.01
9.260, -0.8000, -8.588
9.270, -0.8000, -9.727
9.280, -0.8000, -8.691
9.290, -0.8000, -8.491
9.300, -0.8000, -8.614
9.310, -0.8000, -10.16
9.320, -0.8000, -8.835
9.330, -0.8000, -9.368
9.340, -0.8000, -9.060
9.350, -0.8000, -8.127
9.360, -0.8000, -8.970
9.370, -0.8000, -7.716
9.380, -0.8000, -8.608
9.390, -0.8000, -9.313
9.400, -0.8000, -9.343
9.410, -0.8000, -9.723
9.420, -0.8000, -8.757
9.430, -0.8000, -9.155
9.440, -0.8000, -9.651
9.450, -0.8000, -7.815
9.460, -0.8000, -6.588
9.470, -0.8000, -9.358
9.480, -0.8000, -8.044
9.490, -0.8000, -8.772
9.500, -0.8000, -9.695
9.510, -0.8000, -10.32
9.520, -0.8000, -8.380
9.530, -0.8000, -8.977
9.540, -0.8000, -8.099
9.550, -0.8000, -8.599
9.560, -0.8000, -7.515
9.570, -0.8000, -7.871
9.580, -0.8000, -9.095
9.590, -0.8000, -8.732
9.600, -0.8000, -9.162
9.610, -0.8000, -9.522
9.620, -0.8000, -8.318
9.630, -0.8000, -9.141
9.640, -0.8000, -8.524
9.650, -0.8000, -8.499
9.660, -0.8000, -8.019
9.670, -0.8000, -8.506
9.680, -0.8000, -8.775
9.690, -0.8000, -7.264
9.700, -0.8000, -10.01
9.710, -0.8000, -9.058
9.720, -0.8000, -7.371
9.730, -0.8000, -7.792
9.740, -0.8000, -9.771
9.750, -0.8000, -8.904
9.760, -0.8000, -8.069
9.770, -0.8000, -8.608
9.780, -0.8000, -8.271
9.790, -0.8000, -9.012
9.800, -0.8000, -8.173
9.810, -0.8000, -7.849
9.820, -0.8000, -8.705
9.830, -0.8000, -9.629
9.840, -0.8000, -8.650
9.850, -0.8000, -9.522
9.860, -0.8000, -9.387
9.870, -0.8000, -8.828
9.880, -0.8000, -7.996
9.890, -0.8000, -9.122
9.900, -0.8000, -8.956
9.910, -0.8000, -7.754
9.920, -0.8000, -8.351
9.930, -0.8000, -8.535
9.940, -0.8000, -8.220
9.950, -0.8000, -8.806
9.960, -0.8000, -6.898
9.970, -0.8000, -8.836
9.980, -0.8000, -8.237
9.990, -0.8000, -7.357
10.00, -0.8000, -8.650
10.01, -0.8000, -9.993
10.02, -0.8000, -7.604
10.03, -0.8000, -9.092
10.04, -0.8000, -9.278
10.05, -0.8000, -9.729
10.06, -0.8000, -10.13
10.07, -0.8000, -7.621
10.08, -0.8000, -8.058
10.09, -0.8000, -8.166
10.10, -0.8000, -9.037
10.11, -0.8000, -8.319
10.12, -0.8000, -9.677
10.13, -0.8000, -8.240
10.14, -0.8000, -7.463
10.15, -0.8000, -9.612
10.16, -0.8000, -8.966
10.17, -0.8000, -10.41
10.18, -0.8000, -9.904
10.19, -0.8000, -8.112
10.20, -0.8000, -8.361
10.21, -0.8000, -8.864
10.22, -0.8000, -7.924
10.23, -0.8000, -9.620
10.24, -0.8000, -9.235
10.25, -0.8000, -9.006
10.26, -0.8000, -8.185
10.27, -0.8000, -8.438
10.28, -0.8000, -9.134
10.29, -0.8000, -10.13
10.30, -0.8000, -8.095
10.31, -0.8000, -9.215
10.32, -0.8000, -7.620
10.33, -0.8000, -7.233
10.34, -0.8000, -8.906
10.35, -0.8000, -9.231
10.36, -0.8000, -9.612
10.37, -0.8000, -7.879
10.38, -0.8000, -8.399
10.39, -0.8000, -8.599
10.40, -0.8000, -7.427
10.41, -0.8000, -7.972
10.42, -0.8000, -7.530
10.43, -0.8000, -9.079
10.44, -0.8000, -8.115
10.45, -0.8000, -8.172
10.46, -0.8000, -9.716
10.47, -0.8000, -7.644
10.48, -0.8000, -8.776
10.49, -0.8000, -8.936
10.50, -0.8000, -9.614
10.51, -0.8000, -8.880
10.52, -0.8000, -9.529
10.53, -0.8000, -9.544
10.54, -0.8000, -9.082
10.55, -0.8000, -9.411
10.56, -0.8000, -7.774
10.57, -0.8000, -7.804
10.58, -0.8000, -8.696
10.59, -0.8000, -8.723
10.60, -0.8000, -8.679
10.61, -0.8000, -8.884
10.62, -0.8000, -8.317
10.63, -0.8000, -8.958
10.64, -0.8000, -8.207
10.65, -0.8000, -9.601
10.66, -0.8000, -7.944
10.67, -0.8000, -7.872
10.68, -0.8000, -8.180
10.69, -0.8000, -8.433
10.70, -0.8000, -7.822
10.71, -0.8000, -8.353
10.72, -0.8000, -8.441
10.73, -0.8000, -8.674
10.74, -0.8000, -10.12
10.75, -0.8000, -7.086
10.76, -0.8000, -7.408
10.77, -0.8000, -9.293
10.78, -0.8000, -9.108
10.79, -0.8000, -9.031
10.80, -0.8000, -7.290
10.81, -0.8000, -8.177
10.82, -0.8000, -8.206
10.83, -0.8000, -7.891
10.84, -0.8000, -9.525
10.85, -0.8000, -8.998
10.86, -0.8000, -9.517
10.87, -0.8000, -10.15
10.88, -0.8000, -7.734
10.89, -0.8000, -8.922
10.90, -0.8000, -9.239
10.91, -0.8000, -9.059
10.92, -0.8000, -8.605
10.93, -0.8000, -8.855
10.94, -0.8000, -7.603
10.95, -0.8000, -8.498
10.96, -0.8000, -6.745
10.97, -0.8000, -8.250
10.98, -0.8000, -8.106
10.99, -0.8000, -9.139
11.00, -0.8000, -8.830
11.01, -0.8000, -8.352
11.02, -0.8000, -9.506
11.03, -0.8000, -9.355
11.04, -0.8000, -7.838
11.05, -0.8000, -9.632
11.06, -0.8000, -7.942
11.07, -0.8000, -9.072
11.08, -0.8000, -8.373
11.09, -0.8000, -9.630
11.10, -0.8000, -9.467
11.11, -0.8000, -8.173
11.12, -0.8000, -8.654
11.13, -0.8000, -8.961
11.14, -0.8000, -8.815
11.15, -0.8000, -9.054
11.16, -0.8000, -7.553
11.17, -0.8000, -7.645
11.18, -0.8000, -7.565
11.19, -0.8000, -10.00
11.20, -0.8000, -8.397
11.21, -0.8000, -8.672
11.22, -0.8000, -7.823
11.23, -0.8000, -9.609
11.24, -0.8000, -8.707
11.25, -0.8000, -9.219
11.26, -0.8000, -6.908
11.27, -0.8000, -7.666
11.28, -0.8000, -9.041
11.29, -0.8000, -7.444
11.30, -0.8000, -8.466
11.31, -0.8000, -8.973
11.32, -0.8000, -8.999
11.33, -0.8000, -10.17
11.34, -0.8000, -9.878
11.35, -0.8000, -8.614
11.36, -0.8000, -8.321
11.37, -0.8000, -7.876
11.38, -0.8000, -7.577
11.39, -0.8000, -6.882
11.40, -0.8000, -10.13
11.41, -0.8000, -8.513
11.42, -0.8000, -8.609
11.43, -0.8000, -8.443
11.44, -0.8000, -7.916
11.45, -0.8000, -9.470
11.46, -0.8000, -8.207
11.47, -0.8000, -9.240
11.48, -0.8000, -9.972
11.49, -0.8000, -7.724
11.50, -0.8000, -7.848
11.51, -0.8000, -8.619
11.52, -0.8000, -8.146
11.53, -0.8000, -10.28
11.54, -0.8000, -8.767
11.55, -0.8000, -9.617
11.56, -0.8000, -8.996
11.57, -0.8000, -8.731
11.58, -0.8000, -7.312
11.59, -0.8000, -10.32
11.60, -0.8000, -7.887
11.61, -0.8000, -7.834
11.62, -0.8000, -8.027
11.63, -0.8000, -7.981
11.64, -0.8000, -7.836
11.65, -0.8000, -9.468
11.66, -0.8000, -10.13
11.67, -0.8000, -8.748
11.68, -0.8000, -7.777
11.69, -0.8000, -9.815
11.70, -0.8000, -8.969
11.71, -0.8000, -8.501
11.72, -0.8000, -7.561
11.73, -0.8000, -8.329
11.74, -0.8000, -8.728
11.75, -0.8000, -7.301
11.76, -0.8000, -9.214
11.77, -0.8000, -8.728
11.78, -0.8000, -8.902
11.79, -0.8000, -6.962
11.80, -0.8000, -8.326
11.81, -0.8000, -7.682
11.82, -0.8000, -10.51
11.83, -0.8000, -8.436
11.84, -0.8000, -9.659
11.85, -0.8000, -7.170
11.86, -0.8000, -9.487
11.87, -0.8000, -8.501
11.88, -0.8000, -11.02
11.89, -0.8000, -9.045
11.90, -0.8000, -8.884
11.91, -0.8000, -9.375
11.92, -0.8000, -9.398
11.93, -0.8000, -9.366
11.94, -0.8000, -7.332
11.95, -0.8000, -7.713
11.96, -0.8000, -7.229
11.97, -0.8000, -8.202
11.98, -0.8000, -7.364
11.99, -0.8000, -8.090
12.00, -0.8000, -8.262
12.01, -0.8000, -6.621
12.02, -0.8000, -8.460
12.03, -0.8000, -8.674
12.04, -0.8000, -8.000
12.05, -0.8000, -7.981
12.06, -0.8000, -9.223
12.07, -0.8000, -7.635
12.08, -0.8000, -8.732
12.09, -0.8000, -9.055
12.10, -0.8000, -9.908
12.11, -0.8000, -9.403
12.12, -0.8000, -8.653
12.13, -0.8000, -8.703
12.14, -0.8000, -7.911
12.15, -0.8000, -9.720
12.16, -0.8000, -9.002
12.17, -0.8000, -8.105
12.18, -0.8000, -8.948
12.19, -0.8000, -6.176
12.20, -0.8000, -7.934
12.21, -0.8000, -7.622
12.22, -0.8000, -8.067
12.23, -0.8000, -9.159
12.24, -0.8000, -10.75
12.25, -0.8000, -9.582
12.26, -0.8000, -7.225
12.27, -0.8000, -8.256
12.28, -0.8000, -8.723
12.29, -0.8000, -9.426
12.30, -0.8000, -7.544
12.31, -0.8000, -8.803
12.32, -0.8000, -8.460
12.33, -0.8000, -8.625
12.34, -0.8000, -9.116
12.35, -0.8000, -9.289
12.36, -0.8000, -8.337
12.37, -0.8000, -8.138
12.38, -0.8000, -8.643
12.39, -0.8000, -9.578
12.40, -0.8000, -9.629
12.41, -0.8000, -9.724
12.42, -0.8000, -9.409
12.43, -0.8000, -8.412
12.44, -0.8000, -8.612
12.45, -0.8000, -7.331
12.46, -0.8000, -8.109
12.47, -0.8000, -8.021
12.48, -0.8000, -8.683
12.49, -0.8000, -9.073
12.50, -0.8000, -8.876
12.51, -0.8000, -10.02
12.52, -0.8000, -8.286
12.53, -0.8000, -8.641
12.54, -0.8000, -7.873
12.55, -0.8000, -7.678
12.56, -0.8000, -7.269
12.57, -0.8000, -9.885
12.58, -0.8000, -9.007
12.59, -0.8000, -7.852
12.60, -0.8000, -8.486
12.61, -0.8000, -7.638
12.62, -0.8000, -10.60
12.63, -0.8000, -8.282
12.64, -0.8000, -8.878
12.65, -0.8000, -7.767
12.66, -0.8000, -8.664
12.67, -0.8000, -10.10
12.68, -0.8000, -8.725
12.69, -0.8000, -7.889
12.70, -0.8000, -8.654
12.71, -0.8000, -8.746
12.72, -0.8000, -10.22
12.73, -0.8000, -8.608
12.74, -0.8000, -9.282
12.75, -0.8000, -8.928
12.76, -0.8000, -10.02
12.77, -0.8000, -8.521
12.78, -0.8000, -7.763
12.79, -0.8000, -7.843
12.80, -0.8000, -8.913
12.81, -0.8000, -8.285
12.82, -0.8000, -7.405
12.83, -0.8000, -9.085
12.84, -0.8000, -9.339
12.85, -0.8000, -8.201
12.86, -0.8000, -9.038
12.87, -0.8000, -10.30
12.88, -0.8000, -8.012
12.89, -0.8000, -8.038
12.90, -0.8000, -7.991
12.91, -0.8000, -7.292
12.92, -0.8000, -8.205
12.93, -0.8000, -8.578
12.94, -0.8000, -7.998
12.95, -0.8000, -9.993
12.96, -0.8000, -7.547
12.97, -0.8000, -7.432
12.98, -0.8000, -7.970
12.99, -0.8000, -7.592
13.00, -0.8000, -8.524
13.01, -0.8000, -9.023
13.02, -0.8000, -9.104
13.03, -0.8000, -8.436
13.04, -0.8000, -9.054
13.05, -0.8000, -8.168
13.06, -0.8000, -7.626
13.07, -0.8000, -8.293
13.08, -0.8000, -7.695
13.09, -0.8000, -8.338
13.10, -0.8000, -8.719
13.11, -0.8000, -8.315
13.12, -0.8000, -7.887
13.13, -0.8000, -9.639
13.14, -0.8000, -8.488
13.15, -0.8000, -7.937
13.16, -0.8000, -8.328
13.17, -0.8000, -8.514
13.18, -0.8000, -8.105
13.19, -0.8000, -7.961
13.20, -0.8000, -7.647
13.21, -0.8000, -9.601
13.22, -0.8000, -8.777
13.23, -0.8000, -8.894
13.24, -0.8000, -7.672
13.25, -0.8000, -9.435
13.26, -0.8000, -7.834
13.27, -0.8000, -7.154
13.28, -0.8000, -8.766
13.29, -0.8000, -8.378
13.30, -0.8000, -7.837
13.31, -0.8000, -8.859
13.32, -0.8000, -9.144
13.33, -0.8000, -9.018
13.34, -0.8000, -8.046
13.35, -0.8000, -9.124
13.36, -0.8000, -9.070
13.37, -0.8000, -7.313
13.38, -0.8000, -7.486
13.39, -0.8000, -8.030
13.40, -0.8000, -9.462
13.41, -0.8000, -9.300
13.42, -0.8000, -8.114
13.43, -0.8000, -9.001
13.44, -0.8000, -8.766
13.45, -0.8000, -8.972
13.46, -0.8000, -8.368
13.47, -0.8000, -7.905
13.48, -0.8000, -7.836
13.49, -0.8000, -8.917
13.50, -0.8000, -9.176
13.51, -0.8000, -7.392
13.52, -0.8000, -8.226
13.53, -0.8000, -9.257
13.54, -0.8000, -8.048
13.55, -0.8000, -9.115
13.56, -0.8000, -9.096
13.57, -0.8000, -8.912
13.58, -0.8000, -8.739
13.59, -0.8000, -7.621
13.60, -0.8000, -8.578
13.61, -0.8000, -8.136
13.62, -0.8000, -7.627
13.63, -0.8000, -7.453
13.64, -0.8000, -9.416
13.65, -0.8000, -9.271
13.66, -0.8000, -8.257
13.67, -0.8000, -8.934
13.68, -0.8000, -8.512
13.69, -0.8000, -8.322
13.70, -0.8000, -9.479
13.71, -0.8000, -8.969
13.72, -0.8000, -9.385
13.73, -0.8000, -7.132
13.74, -0.8000, -8.886
13.75, -0.8000, -8.048
13.76, -0.8000, -8.537
13.77, -0.8000, -9.625
13.78, -0.8000, -8.058
13.79, -0.8000, -8.467
13.80, -0.8000, -8.427
13.81, -0.8000, -8.012
13.82, -0.8000, -9.292
13.83, -0.8000, -7.814
13.84, -0.8000, -8.858
13.85, -0.8000, -8.423
13.86, -0.8000, -7.048
13.87, -0.8000, -7.646
13.88, -0.8000, -9.167
13.89, -0.8000, -7.787
13.90, -0.8000, -9.208
13.91, -0.8000, -8.186
13.92, -0.8000, -7.438
13.93, -0.8000, -7.885
13.94, -0.8000, -9.252
13.95, -0.8000, -8.896
13.96, -0.8000, -7.985
13.97, -0.8000, -9.383
13.98, -0.8000, -7.804
13.99, -0.8000, -7.881
14.00, -0.8000, -9.007
14.01, -0.8000, -8.721
14.02, -0.8000, -8.529
14.03, -0.8000, -9.718
14.04, -0.8000, -10.88
14.05, -0.8000, -9.044
14.06, -0.8000, -9.763
14.07, -0.8000, -8.460
14.08, -0.8000, -8.095
14.09, -0.8000, -8.200
14.10, -0.8000, -8.311
14.11, -0.8000, -8.377
14.12, -0.8000, -7.037
14.13, -0.8000, -8.916
14.14, -0.8000, -8.533
14.15, -0.8000, -10.15
14.16, -0.8000, -8.086
14.17, -0.8000, -8.590
14.18, -0.8000, -6.842
14.19, -0.8000, -8.824
14.20, -0.8000, -9.306
14.21, -0.8000, -7.951
14.22, -0.8000, -8.361
14.23, -0.8000, -9.400
14.24, -0.8000, -9.296
14.25, -0.8000, -8.843
14.26, -0.8000, -9.292
14.27, -0.8000, -8.257
14.28, -0.8000, -7.634
14.29, -0.8000, -8.838
14.30, -0.8000, -9.021
14.31, -0.8000, -7.327
14.32, -0.8000, -9.074
14.33, -0.8000, -8.459
14.34, -0.8000, -9.445
14.35, -0.8000, -7.913
14.36, -0.8000, -8.315
14.37, -0.8000, -8.296
14.38, -0.8000, -7.770
14.39, -0.8000, -8.933
14.40, -0.8000, -8.163
14.41, -0.8000, -7.722
14.42, -0.8000, -8.991
14.43, -0.8000, -9.318
14.44, -0.8000, -7.464
14.45, -0.8000, -9.102
14.46, -0.8000, -8.868
14.47, -0.8000, -8.335
14.48, -0.8000, -9.085
14.49, -0.8000, -7.704
14.50, -0.8000, -9.588
14.51, -0.8000, -9.142
14.52, -0.8000, -7.865
14.53, -0.8000, -9.280
14.54, -0.8000, -8.736
14.55, -0.8000, -7.286
14.56, -0.8000, -9.303
14.57, -0.8000, -8.928
14.58, -0.8000, -8.708
14.59, -0.8000, -8.239
14.60, -0.8000, -7.971
14.61, -0.8000, -9.201
14.62, -0.8000, -9.076
14.63, -0.8000, -8.932
14.64, -0.8000, -9.874
14.65, -0.8000, -8.314
14.66, -0.8000, -7.294
14.67, -0.8000, -9.273
14.68, -0.8000, -9.678
14.69, -0.8000, -7.169
14.70, -0.8000, -8.717
14.71, -0.8000, -10.35
14.72, -0.8000, -7.099
14.73, -0.8000, -7.775
14.74, -0.8000, -8.993
14.75, -0.8000, -8.281
14.76, -0.8000, -7.017
14.77, -0.8000, -9.600
14.78, -0.8000, -9.018
14.79, -0.8000, -8.567
14.80, -0.8000, -7.892
14.81, -0.8000, -8.221
14.82, -0.8000, -7.440
14.83, -0.8000, -9.242
14.84, -0.8000, -7.837
14.85, -0.8000, -8.985
14.86, -0.8000, -8.623
14.87, -0.8000, -8.359
14.88, -0.8000, -8.851
14.89, -0.8000, -9.655
14.90, -0.8000, -7.562
14.91, -0.8000, -9.239
14.92, -0.8000, -7.055
14.93, -0.8000, -6.393
14.94, -0.8000, -7.116
14.95, -0.8000, -8.239
14.96, -0.8000, -8.599
14.97, -0.8000, -8.454
14.98, -0.8000, -7.775
14.99, -0.8000, -9.703
15.00, -0.8000, -9.298
15.01, -0.8000, -8.843
15.02, -0.8000, -9.406
15.03, -0.8000, -8.721
15.04, -0.8000, -8.576
15.05, -0.8000, -8.778
15.06, -0.8000, -8.436
15.07, -0.8000, -9.365
15.08, -0.8000, -7.860
15.09, -0.8000, -9.348
15.10, -0.8000, -8.767
15.11, -0.8000, -9.440
15.12, -0.8000, -7.999
15.13, -0.8000, -7.755
15.14, -0.8000, -8.649
15.15, -0.8000, -9.084
15.16, -0.8000, -7.726
15.17, -0.8000, -9.007
15.18, -0.8000, -10.13
15.19, -0.8000, -8.689
15.20, -0.8000, -8.885
15.21, -0.8000, -6.927
15.22, -0.8000, -8.785
15.23, -0.8000, -9.219
15.24, -0.8000, -8.735
15.25, -0.8000, -8.943
15.26, -0.8000, -7.049
15.27, -0.8000, -10.41
15.28, -0.8000, -7.963
15.29, -0.8000, -8.305
15.30, -0.8000, -8.556
15.31, -0.8000, -7.846
15.32, -0.8000, -8.578
15.33, -0.8000, -7.186
15.34, -0.8000, -8.534
15.35, -0.8000, -8.562
15.36, -0.8000, -9.643
15.37, -0.8000, -9.574
15.38, -0.8000, -7.575
15.39, -0.8000, -8.915
15.40, -0.8000, -8.028
15.41, -0.8000, -7.528
15.42, -0.8000, -9.022
15.43, -0.8000, -8.222
15.44, -0.8000, -9.659
15.45, -0.8000, -8.855
15.46, -0.8000, -7.974
15.47, -0.8000, -8.603
15.48, -0.8000, -8.151
15.49, -0.8000, -8.719
15.50, -0.8000, -7.723
15.51, -0.8000, -8.381
15.52, -0.8000, -8.876
15.53, -0.8000, -8.502
15.54, -0.8000, -7.936
15.55, -0.8000, -8.196
15.56, -0.8000, -8.215
15.57, -0.8000, -8.225
15.58, -0.8000, -8.546
15.59, -0.8000, -7.363
15.60, -0.8000, -8.292
15.61, -0.8000, -9.105
15.62, -0.8000, -7.613
15.63, -0.8000, -8.921
15.64, -0.8000, -8.002
15.65, -0.8000, -8.985
15.66, -0.8000, -9.137
15.67, -0.8000, -9.154
15.68, -0.8000, -9.347
15.69, -0.8000, -8.472
15.70, -0.8000, -8.076
15.71, -0.8000, -7.640
15.72, -0.8000, -8.457
15.73, -0.8000, -8.532
15.74, -0.8000, -8.472
15.75, -0.8000, -8.244
15.76, -0.8000, -8.518
15.77, -0.8000, -8.188
15.78, -0.8000, -9.431
15.79, -0.8000, -7.362
15.80, -0.8000, -7.710
15.81, -0.8000, -7.355
15.82, -0.8000, -9.420
15.83, -0.8000, -7.455
15.84, -0.8000, -8.290
15.85, -0.8000, -7.822
15.86, -0.8000, -7.655
15.87, -0.8000, -8.797
15.88, -0.8000, -8.466
15.89, -0.8000, -8.435
15.90, -0.8000, -7.269
15.91, -0.8000, -9.265
15.92, -0.8000, -8.819
15.93, -0.8000, -7.982
15.94, -0.8000, -9.623
15.95, -0.8000, -7.311
15.96, -0.8000, -8.749
15.97, -0.8000, -9.149
15.98, -0.8000, -9.709
15.99, -0.8000, -8.986
16.00, -0.8000, -8.680
16.01, -0.8000, -7.383
16.02, -0.8000, -7.782
16.03, -0.8000, -8.753
16.04, -0.8000, -8.573
16.05, -0.8000, -8.656
16.06, -0.8000, -9.222
16.07, -0.8000, -8.105
16.08, -0.8000, -8.430
16.09, -0.8000, -7.574
16.10, -0.8000, -7.783
16.11, -0.8000, -8.490
16.12, -0.8000, -7.485
16.13, -0.8000, -8.453
16.14, -0.8000, -8.807
16.15, -0.8000, -8.487
16.16, -0.8000, -8.981
16.17, -0.8000, -9.116
16.18, -0.8000, -8.722
16.19, -0.8000, -7.279
16.20, -0.8000, -10.02
16.21, -0.8000, -7.766
16.22, -0.8000, -7.131
16.23, -0.8000, -7.452
16.24, -0.8000, -8.686
16.25, -0.8000, -7.486
16.26, -0.8000, -9.330
16.27, -0.8000, -8.771
16.28, -0.8000, -8.972
16.29, -0.8000, -8.813
16.30, -0.8000, -8.075
16.31, -0.8000, -9.761
16.32, -0.8000, -7.612
16.33, -0.8000, -8.293
16.34, -0.8000, -7.735
16.35, -0.8000, -8.200
16.36, -0.8000, -8.717
16.37, -0.8000, -7.097
16.38, -0.8000, -8.125
16.39, -0.8000, -8.060
16.40, -0.8000, -9.472
16.41, -0.8000, -7.964
16.42, -0.8000, -8.289
16.43, -0.8000, -8.309
16.44, -0.8000, -7.405
16.45, -0.8000, -6.733
16.46, -0.8000, -7.967
16.47, -0.8000, -7.478
16.48, -0.8000, -7.250
16.49, -0.8000, -9.321
16.50, -0.8000, -8.442
16.51, -0.8000, -9.034
16.52, -0.8000, -8.502
16.53, -0.8000, -8.900
16.54, -0.8000, -8.773
16.55, -0.8000, -7.977
16.56, -0.8000, -7.607
16.57, -0.8000, -8.091
16.58, -0.8000, -7.413
16.59, -0.8000, -8.523
16.60, -0.8000, -7.957
16.61, -0.8000, -8.715
16.62, -0.8000, -7.379
16.63, -0.8000, -7.284
16.64, -0.8000, -8.103
16.65, -0.8000, -8.237
16.66, -0.8000, -8.138
16.67, -0.8000, -7.969
16.68, -0.8000, -8.502
16.69, -0.8000, -7.852
16.70, -0.8000, -7.743
16.71, -0.8000, -7.150
16.72, -0.8000, -6.733
16.73, -0.8000, -8.331
16.74, -0.8000, -7.476
16.75, -0.8000, -7.659
16.76, -0.8000, -8.990
16.77, -0.8000, -8.374
16.78, -0.8000, -8.930
16.79, -0.8000, -9.194
16.80, -0.8000, -8.866
16.81, -0.8000, -7.685
16.82, -0.8000, -9.677
16.83, -0.8000, -8.156
16.84, -0.8000, -8.084
16.85, -0.8000, -9.531
16.86, -0.8000, -8.893
16.87, -0.8000, -8.347
16.88, -0.8000, -8.324
16.89, -0.8000, -7.584
16.90, -0.8000, -8.313
16.91, -0.8000, -8.723
16.92, -0.8000, -8.004
16.93, -0.8000, -8.297
16.94, -0.8000, -7.926
16.95, -0.8000, -9.604
16.96, -0.8000, -8.029
16.97, -0.8000, -8.104
16.98, -0.8000, -9.367
16.99, -0.8000, -8.312
17.00, -0.8000, -7.902
17.01, -0.8000, -7.322
17.02, -0.8000, -7.588
17.03, -0.8000, -7.869
17.04, -0.8000, -7.868
17.05, -0.8000, -7.557
17.06, -0.8000, -7.726
17.07, -0.8000, -7.738
17.08, -0.8000, -8.417
17.09, -0.8000, -7.404
17.10, -0.8000, -9.187
17.11, -0.8000, -8.423
17.12, -0.8000, -8.947
17.13, -0.8000, -9.330
17.14, -0.8000, -8.987
17.15, -0.8000, -7.042
17.16, -0.8000, -7.190
17.17, -0.8000, -8.707
17.18, -0.8000, -8.062
17.19, -0.8000, -7.892
17.20, -0.8000, -9.162
17.21, -0.8000, -9.622
17.22, -0.8000, -7.996
17.23, -0.8000, -8.691
17.24, -0.8000, -9.649
17.25, -0.8000, -8.456
17.26, -0.8000, -7.389
17.27, -0.8000, -7.445
17.28, -0.8000, -8.086
17.29, -0.8000, -9.194
17.30, -0.8000, -9.237
17.31, -0.8000, -8.060
17.32, -0.8000, -8.570
17.33, -0.8000, -9.039
17.34, -0.8000, -8.555
17.35, -0.8000, -8.976
17.36, -0.8000, -8.009
17.37, -0.8000, -8.173
17.38, -0.8000, -8.665
17.39, -0.8000, -7.757
17.40, -0.8000, -8.885
17.41, -0.8000, -8.922
17.42, -0.8000, -8.513
17.43, -0.8000, -9.681
17.44, -0.8000, -7.719
17.45, -0.8000, -7.674
17.46, -0.8000, -7.751
17.47, -0.8000, -6.745
17.48, -0.8000, -7.923
17.49, -0.8000, -8.334
17.50, -0.8000, -8.636
17.51, -0.8000, -8.707
17.52, -0.8000, -7.452
17.53, -0.8000, -8.538
17.54, -0.8000, -8.478
17.55, -0.8000, -7.948
17.56, -0.8000, -9.531
17.57, -0.8000, -9.627
17.58, -0.8000, -8.830
17.59, -0.8000, -7.342
17.60, -0.8000, -7.797
17.61, -0.8000, -8.104
17.62, -0.8000, -7.969
17.63, -0.8000, -8.083
17.64, -0.8000, -8.437
17.65, -0.8000, -8.607
17.66, -0.8000, -7.427
17.67, -0.8000, -7.502
17.68, -0.8000, -8.999
17.69, -0.8000, -6.757
17.70, -0.8000, -7.827
17.71, -0.8000, -8.407
17.72, -0.8000, -7.416
17.73, -0.8000, -8.479
17.74, -0.8000, -7.879
17.75, -0.8000, -7.955
17.76, -0.8000, -8.520
17.77, -0.8000, -9.068
17.78, -0.8000, -7.733
17.79, -0.8000, -7.662
17.80, -0.8000, -8.090
17.81, -0.8000, -7.000
17.82, -0.8000, -8.210
17.83, -0.8000, -7.290
17.84, -0.8000, -8.345
17.85, -0.8000, -8.302
17.86, -0.8000, -9.304
17.87, -0.8000, -7.319
17.88, -0.8000, -9.149
17.89, -0.8000, -8.583
17.90, -0.8000, -7.608
17.91, -0.8000, -9.430
17.92, -0.8000, -8.150
17.93, -0.8000, -8.196
17.94, -0.8000, -7.573
17.95, -0.8000, -7.579
17.96, -0.8000, -8.216
17.97, -0.8000, -9.259
17.98, -0.8000, -8.513
17.99, -0.8000, -8.516
18.00, -0.8000, -8.495
18.01, -0.8000, -8.473
18.02, -0.8000, -7.578
18.03, -0.8000, -6.643
18.04, -0.8000, -7.930
18.05, -0.8000, -6.875
18.06, -0.8000, -7.402
18.07, -0.8000, -8.651
18.08, -0.8000, -8.853
18.09, -0.8000, -8.021
18.10, -0.8000, -8.693
18.11, -0.8000, -7.425
18.12, -0.8000, -8.159
18.13, -0.8000, -8.258
18.14, -0.8000, -8.460
18.15, -0.8000, -8.013
18.16, -0.8000, -6.760
18.17, -0.8000, -8.878
18.18, -0.8000, -9.352
18.19, -0.8000, -7.923
18.20, -0.8000, -7.854
18.21, -0.8000, -7.123
18.22, -0.8000, -8.582
18.23, -0.8000, -8.520
18.24, -0.8000, -9.265
18.25, -0.8000, -8.296
18.26, -0.8000, -6.646
18.27, -0.8000, -8.028
18.28, -0.8000, -7.149
18.29, -0.8000, -8.100
18.30, -0.8000, -7.470
18.31, -0.8000, -8.205
18.32, -0.8000, -7.675
18.33, -0.8000, -8.575
18.34, -0.8000, -8.320
18.35, -0.8000, -7.964
18.36, -0.8000, -8.250
18.37, -0.8000, -7.711
18.38, -0.8000, -6.694
18.39, -0.8000, -8.840
18.40, -0.8000, -7.418
18.41, -0.8000, -9.020
18.42, -0.8000, -7.690
18.43, -0.8000, -7.401
18.44, -0.8000, -8.657
18.45, -0.8000, -9.647
18.46, -0.8000, -8.200
18.47, -0.8000, -7.027
18.48, -0.8000, -8.004
18.49, -0.8000, -7.305
18.50, -0.8000, -7.811
18.51, -0.8000, -9.252
18.52, -0.8000, -8.281
18.53, -0.8000, -6.993
18.54, -0.8000, -7.609
18.55, -0.8000, -7.212
18.56, -0.8000, -7.568
18.57, -0.8000, -8.448
18.58, -0.8000, -9.181
18.59, -0.8000, -7.083
18.60, -0.8000, -8.316
18.61, -0.8000, -6.348
18.62, -0.8000, -8.916
18.63, -0.8000, -7.601
18.64, -0.8000, -8.129
18.65, -0.8000, -9.122
18.66, -0.8000, -8.238
18.67, -0.8000, -8.591
18.68, -0.8000, -7.583
18.69, -0.8000, -9.876
18.70, -0.8000, -7.462
18.71, -0.8000, -8.317
18.72, -0.8000, -8.101
18.73, -0.8000, -7.854
18.74, -0.8000, -8.863
18.75, -0.8000, -6.909
18.76, -0.8000, -7.799
18.77, -0.8000, -8.879
18.78, -0.8000, -7.201
18.79, -0.8000, -7.405
18.80, -0.8000, -7.416
18.81, -0.8000, -7.219
18.82, -0.8000, -8.449
18.83, -0.8000, -8.478
18.84, -0.8000, -7.844
18.85, -0.8000, -8.874
18.86, -0.8000, -7.254
18.87, -0.8000, -6.498
18.88, -0.8000, -7.146
18.89, -0.8000, -9.042
18.90, -0.8000, -7.199
18.91, -0.8000, -7.987
18.92, -0.8000, -7.493
18.93, -0.8000, -8.117
18.94, -0.8000, -7.028
18.95, -0.8000, -8.492
18.96, -0.8000, -9.188
18.97, -0.8000, -7.105
18.98, -0.8000, -8.640
18.99, -0.8000, -6.824
19.00, -0.8000, -7.877
19.01, -0.8000, -8.222
19.02, -0.8000, -7.541
19.03, -0.8000, -8.747
19.04, -0.8000, -8.781
19.05, -0.8000, -7.840
19.06, -0.8000, -7.696
19.07, -0.8000, -8.448
19.08, -0.8000, -8.708
19.09, -0.8000, -7.742
19.10, -0.8000, -8.479
19.11, -0.8000, -6.663
19.12, -0.8000, -8.546
19.13, -0.8000, -8.023
19.14, -0.8000, -8.546
19.15, -0.8000, -7.158
19.16, -0.8000, -8.322
19.17, -0.8000, -9.264
19.18, -0.8000, -6.897
19.19, -0.8000, -7.351
19.20, -0.8000, -7.880
19.21, -0.8000, -8.464
19.22, -0.8000, -6.749
19.23, -0.8000, -9.300
19.24, -0.8000, -7.521
19.25, -0.8000, -9.249
19.26, -0.8000, -9.185
19.27, -0.8000, -7.140
19.28, -0.8000, -7.273
19.29, -0.8000, -7.295
19.30, -0.8000, -7.250
19.31, -0.8000, -8.178
19.32, -0.8000, -9.582
19.33, -0.8000, -7.914
19.34, -0.8000, -9.341
19.35, -0.8000, -7.181
19.36, -0.8000, -8.674
19.37, -0.8000, -8.185
19.38, -0.8000, -6.968
19.39, -0.8000, -7.345
19.40, -0.8000, -8.269
19.41, -0.8000, -7.076
19.42, -0.8000, -7.432
19.43, -0.8000, -8.310
19.44, -0.8000, -8.047
19.45, -0.8000, -8.892
19.46, -0.8000, -9.283
19.47, -0.8000, -9.540
19.48, -0.8000, -8.902
19.49, -0.8000, -7.197
19.50, -0.8000, -7.480
19.51, -0.8000, -6.832
19.52, -0.8000, -6.621
19.53, -0.8000, -8.492
19.54, -0.8000, -8.455
19.55, -0.8000, -6.853
19.56, -0.8000, -7.692
19.57, -0.8000, -7.312
19.58, -0.8000, -8.815
19.59, -0.8000, -9.116
19.60, -0.8000, -8.845
19.61, -0.8000, -7.755
19.62, -0.8000, -7.740
19.63, -0.8000, -8.681
19.64, -0.8000, -8.615
19.65, -0.8000, -6.787
19.66, -0.8000, -7.648
19.67, -0.8000, -7.171
19.68, -0.8000, -8.051
19.69, -0.8000, -7.321
19.70, -0.8000, -9.345
19.71, -0.8000, -7.892
19.72, -0.8000, -8.650
19.73, -0.8000, -8.365
19.74, -0.8000, -7.334
19.75, -0.8000, -8.067
19.76, -0.8000, -7.145
19.77, -0.8000, -8.045
19.78, -0.8000, -8.072
19.79, -0.8000, -9.059
19.80, -0.8000, -9.374
19.81, -0.8000, -8.333
19.82, -0.8000, -9.203
19.83, -0.8000, -9.205
19.84, -0.8000, -8.228
19.85, -0.8000, -7.501
19.86, -0.8000, -8.657
19.87, -0.8000, -8.803
19.88, -0.8000, -6.925
19.89, -0.8000, -7.673
19.90, -0.8000, -8.387
19.91, -0.8000, -8.857
19.92, -0.8000, -6.952
19.93, -0.8000, -6.691
19.94, -0.8000, -8.543
19.95, -0.8000, -7.285
19.96, -0.8000, -8.938
19.97, -0.8000, -8.476
19.98, -0.8000, -9.829
19.99, -0.8000, -7.540
20.00, -0.8000, -8.222
20.01, -0.8000, -7.940
20.02, -0.8000, -7.835
20.03, -0.8000, -7.214
20.04, -0.8000, -7.206
20.05, -0.8000, -9.008
20.06, -0.8000, -9.102
20.07, -0.8000, -7.833
20.08, -0.8000, -7.718
20.09, -0.8000, -8.991
20.10, -0.8000, -8.618
20.11, -0.8000, -7.548
20.12, -0.8000, -7.951
20.13, -0.8000, -7.837
20.14, -0.8000, -6.156
20.15, -0.8000, -7.690
20.16, -0.8000, -7.794
20.17, -0.8000, -7.556
20.18, -0.8000, -8.611
20.19, -0.8000, -9.387
20.20, -0.8000, -9.485
20.21, -0.8000, -7.497
20.22, -0.8000, -8.803
20.23, -0.8000, -8.010
20.24, -0.8000, -6.469
20.25, -0.8000, -7.447
20.26, -0.8000, -7.425
20.27, -0.8000, -7.753
20.28, -0.8000, -9.715
20.29, -0.8000, -7.691
20.30, -0.8000, -8.683
20.31, -0.8000, -7.770
20.32, -0.8000, -7.878
20.33, -0.8000, -8.357
20.34, -0.8000, -8.604
20.35, -0.8000, -8.822
20.36, -0.8000, -8.037
20.37, -0.8000, -7.725
20.38, -0.8000, -7.935
20.39, -0.8000, -8.346
20.40, -0.8000, -7.491
20.41, -0.8000, -8.366
20.42, -0.8000, -8.015
20.43, -0.8000, -7.377
20.44, -0.8000, -6.515
20.45, -0.8000, -8.258
20.46, -0.8000, -8.501
20.47, -0.8000, -7.393
20.48, -0.8000, -8.215
20.49, -0.8000, -8.659
20.50, -0.8000, -7.908
20.51, -0.8000, -8.034
20.52, -0.8000, -8.679
20.53, -0.8000, -8.542
20.54, -0.8000, -8.563
20.55, -0.8000, -7.981
20.56, -0.8000, -8.735
20.57, -0.8000, -8.076
20.58, -0.8000, -8.193
20.59, -0.8000, -9.802
20.60, -0.8000, -8.101
20.61, -0.8000, -7.121
20.62, -0.8000, -7.540
20.63, -0.8000, -8.703
20.64, -0.8000, -9.130
20.65, -0.8000, -10.09
20.66, -0.8000, -8.738
20.67, -0.8000, -7.997
20.68, -0.8000, -8.567
20.69, -0.8000, -6.664
20.70, -0.8000, -7.333
20.71, -0.8000, -8.379
20.72, -0.8000, -7.747
20.73, -0.8000, -8.025
20.74, -0.8000, -7.029
20.75, -0.8000, -8.152
20.76, -0.8000, -8.991
20.77, -0.8000, -8.979
20.78, -0.8000, -7.006
20.79, -0.8000, -8.350
20.80, -0.8000, -7.197
20.81, -0.8000, -8.914
20.82, -0.8000, -7.432
20.83, -0.8000, -7.775
20.84, -0.8000, -6.746
20.85, -0.8000, -7.995
20.86, -0.8000, -8.144
20.87, -0.8000, -8.549
20.88, -0.8000, -8.096
20.89, -0.8000, -8.663
20.90, -0.8000, -6.744
20.91, -0.8000, -7.305
20.92, -0.8000, -7.050
20.93, -0.8000, -8.794
20.94, -0.8000, -8.415
20.95, -0.8000, -9.404
20.96, -0.8000, -9.258
20.97, -0.8000, -8.690
20.98, -0.8000, -7.618
20.99, -0.8000, -8.764
21.00, -0.8000, -7.313
21.01, -0.8000, -8.085
21.02, -0.8000, -7.310
21.03, -0.8000, -7.944
21.04, -0.8000, -8.591
21.05, -0.8000, -7.397
21.06, -0.8000, -7.130
21.07, -0.8000, -9.478
21.08, -0.8000, -7.390
21.09, -0.8000, -8.190
21.10, -0.8000, -8.011
21.11, -0.8000, -9.775
21.12, -0.8000, -6.759
21.13, -0.8000, -8.400
21.14, -0.8000, -8.185
21.15, -0.8000, -7.546
21.16, -0.8000, -7.571
21.17, -0.8000, -8.136
21.18, -0.8000, -7.860
21.19, -0.8000, -7.985
21.20, -0.8000, -6.786
21.21, -0.8000, -8.280
21.22, -0.8000, -7.445
21.23, -0.8000, -6.599
21.24, -0.8000, -6.631
21.25, -0.8000, -8.454
21.26, -0.8000, -7.922
21.27, -0.8000, -7.091
21.28, -0.8000, -7.571
21.29, -0.8000, -8.869
21.30, -0.8000, -8.740
21.31, -0.8000, -8.954
21.32, -0.8000, -9.258
21.33, -0.8000, -8.473
21.34, -0.8000, -8.141
21.35, -0.8000, -8.168
21.36, -0.8000, -7.947
21.37, -0.8000, -7.289
21.38, -0.8000, -7.635
21.39, -0.8000, -8.075
21.40, -0.8000, -7.639
21.41, -0.8000, -8.613
21.42, -0.8000, -8.123
21.43, -0.8000, -8.376
21.44, -0.8000, -8.057
21.45, -0.8000, -8.220
21.46, -0.8000, -8.428
21.47, -0.8000, -7.910
21.48, -0.8000, -8.670
21.49, -0.8000, -7.239
21.50, -0.8000, -7.425
21.51, -0.8000, -8.773
21.52, -0.8000, -8.791
21.53, -0.8000, -8.231
21.54, -0.8000, -7.675
21.55, -0.8000, -9.541
21.56, -0.8000, -8.430
21.57, -0.8000, -8.373
21.58, -0.8000, -8.316
21.59, -0.8000, -7.621
21.60, -0.8000, -6.430
21.61, -0.8000, -6.574
21.62, -0.8000, -8.536
21.63, -0.8000, -8.015
21.64, -0.8000, -7.140
21.65, -0.8000, -8.073
21.66, -0.8000, -9.423
21.67, -0.8000, -9.762
21.68, -0.8000, -8.062
21.69, -0.8000, -8.385
21.70, -0.8000, -7.854
21.71, -0.8000, -8.286
21.72, -0.8000, -6.536
21.73, -0.8000, -9.360
21.74, -0.8000, -7.038
21.75, -0.8000, -7.842
21.76, -0.8000, -7.582
21.77, -0.8000, -8.186
21.78, -0.8000, -7.559
21.79, -0.8000, -8.466
21.80, -0.8000, -6.930
21.81, -0.8000, -8.436
21.82, -0.8000, -8.361
21.83, -0.8000, -8.158
21.84, -0.8000, -8.284
21.85, -0.8000, -7.675
21.86, -0.8000, -8.594
21.87, -0.8000, -8.697
21.88, -0.8000, -7.618
21.89, -0.8000, -7.690
21.90, -0.8000, -7.962
21.91, -0.8000, -7.662
21.92, -0.8000, -8.136
21.93, -0.8000, -8.552
21.94, -0.8000, -7.404
21.95, -0.8000, -6.115
21.96, -0.8000, -8.594
21.97, -0.8000, -7.495
21.98, -0.8000, -9.221
21.99, -0.8000, -9.482
22.00, -0.8000, -7.678
22.01, -0.8000, -7.473
22.02, -0.8000, -7.622
22.03, -0.8000, -7.659
22.04, -0.8000, -8.283
22.05, -0.8000, -7.719
22.06, -0.8000, -7.475
22.07, -0.8000, -8.932
22.08, -0.8000, -7.272
22.09, -0.8000, -7.516
22.10, -0.8000, -8.945
22.11, -0.8000, -8.862
22.12, -0.8000, -8.381
22.13, -0.8000, -8.019
22.14, -0.8000, -7.813
22.15, -0.8000, -9.312
22.16, -0.8000, -7.524
22.17, -0.8000, -6.781
22.18, -0.8000, -8.073
22.19, -0.8000, -6.999
22.20, -0.8000, -7.965
22.21, -0.8000, -8.089
22.22, -0.8000, -8.465
22.23, -0.8000, -7.644
22.24, -0.8000, -8.263
22.25, -0.8000, -7.956
22.26, -0.8000, -9.072
22.27, -0.8000, -7.747
22.28, -0.8000, -7.395
22.29, -0.8000, -7.743
22.30, -0.8000, -6.881
22.31, -0.8000, -7.327
22.32, -0.8000, -7.999
22.33, -0.8000, -8.223
22.34, -0.8000, -8.016
22.35, -0.8000, -8.976
22.36, -0.8000, -9.403
22.37, -0.8000, -8.426
22.38, -0.8000, -8.269
22.39, -0.8000, -6.715
22.40, -0.8000, -6.569
22.41, -0.8000, -8.060
22.42, -0.8000, -8.799
22.43, -0.8000, -7.755
22.44, -0.8000, -7.699
22.45, -0.8000, -7.502
22.46, -0.8000, -9.250
22.47, -0.8000, -8.524
22.48, -0.8000, -7.922
22.49, -0.8000, -8.312
22.50, -0.8000, -8.311
22.51, -0.8000, -8.078
22.52, -0.8000, -8.836
22.53, -0.8000, -8.138
22.54, -0.8000, -8.175
22.55, -0.8000, -7.907
22.56, -0.8000, -8.170
22.57, -0.8000, -8.419
22.58, -0.8000, -7.733
22.59, -0.8000, -7.762
22.60, -0.8000, -8.022
22.61, -0.8000, -7.866
22.62, -0.8000, -7.842
22.63, -0.8000, -7.744
22.64, -0.8000, -9.579
22.65, -0.8000, -8.460
22.66, -0.8000, -8.452
22.67, -0.8000, -8.097
22.68, -0.8000, -7.874
22.69, -0.8000, -6.742
22.70, -0.8000, -8.278
22.71, -0.8000, -8.782
22.72, -0.8000, -7.122
22.73, -0.8000, -7.642
22.74, -0.8000, -8.028
22.75, -0.8000, -6.535
22.76, -0.8000, -8.406
22.77, -0.8000, -8.310
22.78, -0.8000, -8.802
22.79, -0.8000, -6.870
22.80, -0.8000, -8.994
22.81, -0.8000, -8.264
22.82, -0.8000, -7.961
22.83, -0.8000, -6.956
22.84, -0.8000, -8.709
22.85, -0.8000, -6.651
22.86, -0.8000, -6.642
22.87, -0.8000, -8.400
22.88, -0.8000, -7.701
22.89, -0.8000, -9.315
22.90, -0.8000, -8.816
22.91, -0.8000, -7.828
22.92, -0.8000, -8.000
22.93, -0.8000, -7.645
22.94, -0.8000, -7.467
22.95, -0.8000, -7.493
22.96, -0.8000, -7.811
22.97, -0.8000, -6.932
22.98, -0.8000, -8.954
22.99, -0.8000, -9.277
23.00, -0.8000, -7.282
23.01, -0.8000, -7.289
23.02, -0.8000, -9.952
23.03, -0.8000, -8.279
23.04, -0.8000, -8.224
23.05, -0.8000, -7.906
23.06, -0.8000, -7.968
23.07, -0.8000, -7.741
23.08, -0.8000, -7.210
23.09, -0.8000, -8.058
23.10, -0.8000, -8.975
23.11, -0.8000, -7.909
23.12, -0.8000, -8.330
23.13, -0.8000, -9.024
23.14, -0.8000, -7.815
23.15, -0.8000, -7.845
23.16, -0.8000, -7.970
23.17, -0.8000, -9.277
23.18, -0.8000, -7.917
23.19, -0.8000, -8.016
23.20, -0.8000, -7.626
23.21, -0.8000, -6.827
23.22, -0.8000, -7.108
23.23, -0.8000, -8.192
23.24, -0.8000, -8.538
23.25, -0.8000, -8.788
23.26, -0.8000, -8.541
23.27, -0.8000, -7.632
23.28, -0.8000, -8.250
23.29, -0.8000, -8.807
23.30, -0.8000, -8.755
23.31, -0.8000, -8.272
23.32, -0.8000, -7.916
23.33, -0.8000, -6.544
23.34, -0.8000, -7.873
23.35, -0.8000, -6.988
23.36, -0.8000, -7.027
23.37, -0.8000, -8.113
23.38, -0.8000, -6.374
23.39, -0.8000, -7.409
23.40, -0.8000, -8.085
23.41, -0.8000, -7.162
23.42, -0.8000, -8.144
23.43, -0.8000, -6.525
23.44, -0.8000, -7.359
23.45, -0.8000, -7.546
23.46, -0.8000, -8.305
23.47, -0.8000, -8.307
23.48, -0.8000, -8.431
23.49, -0.8000, -7.897
23.50, -0.8000, -8.271
23.51, -0.8000, -8.718
23.52, -0.8000, -7.449
23.53, -0.8000, -8.512
23.54, -0.8000, -6.982
23.55, -0.8000, -8.295
23.56, -0.8000, -7.181
23.57, -0.8000, -7.046
23.58, -0.8000, -8.495
23.59, -0.8000, -6.558
23.60, -0.8000, -7.770
23.61, -0.8000, -7.849
23.62, -0.8000, -8.556
23.63, -0.8000, -8.257
23.64, -0.8000, -8.624
23.65, -0.8000, -8.506
23.66, -0.8000, -8.334
23.67, -0.8000, -8.099
23.68, -0.8000, -6.708
23.69, -0.8000, -6.208
23.70, -0.8000, -7.559
23.71, -0.8000, -7.753
23.72, -0.8000, -7.106
23.73, -0.8000, -8.019
23.74, -0.8000, -8.109
23.75, -0.8000, -8.065
23.76, -0.8000, -8.123
23.77, -0.8000, -7.216
23.78, -0.8000, -6.803
23.79, -0.8000, -7.034
23.80, -0.8000, -6.790
23.81, -0.8000, -8.867
23.82, -0.8000, -7.924
23.83, -0.8000, -7.627
23.84, -0.8000, -8.034
23.85, -0.8000, -8.426
23.86, -0.8000, -7.623
23.87, -0.8000, -7.560
23.88, -0.8000, -7.599
23.89, -0.8000, -7.458
23.90, -0.8000, -7.488
23.91, -0.8000, -7.693
23.92, -0.8000, -6.249
23.93, -0.8000, -7.638
23.94, -0.8000, -6.583
23.95, -0.8000, -7.539
23.96, -0.8000, -7.530
23.97, -0.8000, -9.251
23.98, -0.8000, -8.941
23.99, -0.8000, -7.874
24.00, -0.8000, -7.200
24.01, -0.8000, -9.443
24.02, -0.8000, -8.136
24.03, -0.8000, -7.736
24.04, -0.8000, -7.540
24.05, -0.8000, -7.042
24.06, -0.8000, -7.467
24.07, -0.8000, -8.969
24.08, -0.8000, -8.443
24.09, -0.8000, -8.453
24.10, -0.8000, -8.397
24.11, -0.8000, -7.925
24.12, -0.8000, -9.905
24.13, -0.8000, -8.375
24.14, -0.8000, -7.052
24.15, -0.8000, -6.919
24.16, -0.8000, -8.118
24.17, -0.8000, -7.809
24.18, -0.8000, -7.578
24.19, -0.8000, -7.969
24.20, -0.8000, -9.254
24.21, -0.8000, -8.084
24.22, -0.8000, -8.387
24.23, -0.8000, -8.656
24.24, -0.8000, -6.919
24.25, -0.8000, -7.299
24.26, -0.8000, -7.511
24.27, -0.8000, -8.648
24.28, -0.8000, -8.883
24.29, -0.8000, -8.388
24.30, -0.8000, -8.920
24.31, -0.8000, -7.174
24.32, -0.8000, -9.493
24.33, -0.8000, -8.795
24.34, -0.8000, -6.869
24.35, -0.8000, -7.715
24.36, -0.8000, -8.900
24.37, -0.8000, -7.638
24.38, -0.8000, -7.679
24.39, -0.8000, -8.449
24.40, -0.8000, -9.095
24.41, -0.8000, -7.060
24.42, -0.8000, -7.687
24.43, -0.8000, -8.182
24.44, -0.8000, -9.635
24.45, -0.8000, -7.215
24.46, -0.8000, -6.699
24.47, -0.8000, -8.805
24.48, -0.8000, -7.109
24.49, -0.8000, -8.932
24.50, -0.8000, -7.182
24.51, -0.8000, -7.579
24.52, -0.8000, -8.481
24.53, -0.8000, -9.072
24.54, -0.8000, -8.868
24.55, -0.8000, -7.764
24.56, -0.8000, -7.933
24.57, -0.8000, -7.215
24.58, -0.8000, -7.823
24.59, -0.8000, -7.555
24.60, -0.8000, -7.306
24.61, -0.8000, -6.701
24.62, -0.8000, -8.691
24.63, -0.8000, -7.001
24.64, -0.8000, -8.067
24.65, -0.8000, -6.632
24.66, -0.8000, -7.751
24.67, -0.8000, -9.018
24.68, -0.8000, -7.063
24.69, -0.8000, -9.459
24.70, -0.8000, -7.508
24.71, -0.8000, -6.923
24.72, -0.8000, -7.537
24.73, -0.8000, -8.434
24.74, -0.8000, -7.063
24.75, -0.8000, -8.321
24.76, -0.8000, -5.978
24.77, -0.8000, -7.735
24.78, -0.8000, -7.411
24.79, -0.8000, -8.018
24.80, -0.8000, -6.652
24.81, -0.8000, -6.724
24.82, -0.8000, -8.061
24.83, -0.8000, -7.148
24.84, -0.8000, -8.670
24.85, -0.8000, -8.459
24.86, -0.8000, -8.387
24.87, -0.8000, -8.166
24.88, -0.8000, -7.235
24.89, -0.8000, -7.017
24.90, -0.8000, -7.767
24.91, -0.8000, -8.283
24.92, -0.8000, -6.883
24.93, -0.8000, -7.037
24.94, -0.8000, -6.659
24.95, -0.8000, -7.534
24.96, -0.8000, -6.181
24.97, -0.8000, -6.838
24.98, -0.8000, -7.437
24.99, -0.8000, -8.536
25.00, -0.8000, -7.193
25.01, -0.8000, -8.185
25.02, -0.8000, -7.477
25.03, -0.8000, -7.649
25.04, -0.8000, -8.261
25.05, -0.8000, -7.462
25.06, -0.8000, -6.769
25.07, -0.8000, -8.169
25.08, -0.8000, -6.645
25.09, -0.8000, -7.607
25.10, -0.8000, -7.994
25.11, -0.8000, -7.783
25.12, -0.8000, -7.948
25.13, -0.8000, -8.038
25.14, -0.8000, -8.310
25.15, -0.8000, -7.650
25.16, -0.8000, -8.127
25.17, -0.8000, -9.134
25.18, -0.8000, -8.336
25.19, -0.8000, -8.302
25.20, -0.8000, -7.191
25.21, -0.8000, -7.333
25.22, -0.8000, -7.038
25.23, -0.8000, -6.838
25.24, -0.8000, -7.194
25.25, -0.8000, -6.800
25.26, -0.8000, -8.282
25.27, -0.8000, -8.055
25.28, -0.8000, -6.935
25.29, -0.8000, -7.789
25.30, -0.8000, -8.612
25.31, -0.8000, -8.380
25.32, -0.8000, -8.131
25.33, -0.8000, -8.935
25.34, -0.8000, -9.383
25.35, -0.8000, -8.618
25.36, -0.8000, -8.495
25.37, -0.8000, -7.840
25.38, -0.8000, -8.663
25.39, -0.8000, -6.773
25.40, -0.8000, -7.444
25.41, -0.8000, -8.451
25.42, -0.8000, -8.671
25.43, -0.8000, -8.144
25.44, -0.8000, -7.362
25.45, -0.8000, -8.058
25.46, -0.8000, -8.330
25.47, -0.8000, -8.165
25.48, -0.8000, -8.504
25.49, -0.8000, -8.243
25.50, -0.8000, -7.217
25.51, -0.8000, -6.490
25.52, -0.8000, -7.411
25.53, -0.8000, -6.542
25.54, -0.8000, -7.161
25.55, -0.8000, -7.595
25.56, -0.8000, -7.662
25.57, -0.8000, -6.871
25.58, -0.8000, -8.329
25.59, -0.8000, -7.274
25.60, -0.8000, -7.208
25.61, -0.8000, -8.088
25.62, -0.8000, -9.073
25.63, -0.8000, -9.077
25.64, -0.8000, -7.798
25.65, -0.8000, -7.972
25.66, -0.8000, -8.228
25.67, -0.8000, -6.468
25.68, -0.8000, -6.568
25.69, -0.8000, -6.731
25.70, -0.8000, -6.457
25.71, -0.8000, -7.633
25.72, -0.8000, -8.262
25.73, -0.8000, -9.576
25.74, -0.8000, -8.808
25.75, -0.8000, -8.071
25.76, -0.8000, -9.040
25.77, -0.8000, -7.930
25.78, -0.8000, -5.981
25.79, -0.8000, -6.793
25.80, -0.8000, -7.867
25.81, -0.8000, -6.581
25.82, -0.8000, -6.669
25.83, -0.8000, -6.921
25.84, -0.8000, -8.222
25.85, -0.8000, -9.050
25.86, -0.8000, -7.871
25.87, -0.8000, -7.112
25.88, -0.8000, -7.301
25.89, -0.8000, -8.315
25.90, -0.8000, -7.341
25.91, -0.8000, -7.480
25.92, -0.8000, -6.466
25.93, -0.8000, -7.986
25.94, -0.8000, -6.209
25.95, -0.8000, -8.466
25.96, -0.8000, -7.659
25.97, -0.8000, -7.520
25.98, -0.8000, -8.878
25.99, -0.8000, -7.687
26.00, -0.8000, -9.082
26.01, -0.8000, -8.559
26.02, -0.8000, -7.303
26.03, -0.8000, -8.054
26.04, -0.8000, -6.785
26.05, -0.8000, -8.550
26.06, -0.8000, -7.516
26.07, -0.8000, -7.762
26.08, -0.8000, -6.778
26.09, -0.8000, -6.549
26.10, -0.8000, -7.201
26.11, -0.8000, -6.940
26.12, -0.8000, -7.535
26.13, -0.8000, -6.519
26.14, -0.8000, -7.988
26.15, -0.8000, -7.417
26.16, -0.8000, -7.021
26.17, -0.8000, -7.831
26.18, -0.8000, -8.214
26.19, -0.8000, -7.644
26.20, -0.8000, -6.897
26.21, -0.8000, -6.562
26.22, -0.8000, -6.988
26.23, -0.8000, -7.769
26.24, -0.8000, -6.351
26.25, -0.8000, -7.566
26.26, -0.8000, -7.059
26.27, -0.8000, -7.892
26.28, -0.8000, -8.818
26.29, -0.8000, -7.119
26.30, -0.8000, -8.357
26.31, -0.8000, -8.013
26.32, -0.8000, -8.372
26.33, -0.8000, -7.404
26.34, -0.8000, -7.647
26.35, -0.8000, -6.812
26.36, -0.8000, -7.140
26.37, -0.8000, -7.614
26.38, -0.8000, -7.891
26.39, -0.8000, -7.311
26.40, -0.8000, -7.235
26.41, -0.8000, -9.275
26.42, -0.8000, -7.290
26.43, -0.8000, -7.663
26.44, -0.8000, -7.616
26.45, -0.8000, -9.163
26.46, -0.8000, -6.933
26.47, -0.8000, -5.398
26.48, -0.8000, -6.544
26.49, -0.8000, -8.102
26.50, -0.8000, -8.150
26.51, -0.8000, -7.806
26.52, -0.8000, -7.460
26.53, -0.8000, -8.794
26.54, -0.8000, -6.773
26.55, -0.8000, -8.967
26.56, -0.8000, -8.260
26.57, -0.8000, -8.968
26.58, -0.8000, -8.453
26.59, -0.8000, -7.844
26.60, -0.8000, -7.560
26.61, -0.8000, -6.759
26.62, -0.8000, -7.197
26.63, -0.8000, -7.926
26.64, -0.8000, -6.990
26.65, -0.8000, -7.750
26.66, -0.8000, -6.840
26.67, -0.8000, -8.573
26.68, -0.8000, -7.137
26.69, -0.8000, -6.891
26.70, -0.8000, -8.572
26.71, -0.8000, -8.531
26.72, -0.8000, -7.940
26.73, -0.8000, -7.596
26.74, -0.8000, -8.435
26.75, -0.8000, -7.836
26.76, -0.8000, -7.920
26.77, -0.8000, -7.259
26.78, -0.8000, -8.099
26.79, -0.8000, -7.261
26.80, -0.8000, -6.432
26.81, -0.8000, -6.073
26.82, -0.8000, -7.967
26.83, -0.8000, -7.493
26.84, -0.8000, -6.844
26.85, -0.8000, -8.546
26.86, -0.8000, -7.961
26.87, -0.8000, -7.886
26.88, -0.8000, -6.815
26.89, -0.8000, -7.432
26.90, -0.8000, -7.285
26.91, -0.8000, -7.238
26.92, -0.8000, -7.499
26.93, -0.8000, -7.454
26.94, -0.8000, -7.370
26.95, -0.8000, -7.828
26.96, -0.8000, -8.924
26.97, -0.8000, -7.428
26.98, -0.8000, -8.304
26.99, -0.8000, -7.203
27.00, -0.8000, -9.004
27.01, -0.8000, -8.074
27.02, -0.8000, -8.381
27.03, -0.8000, -7.691
27.04, -0.8000, -6.299
27.05, -0.8000, -6.500
27.06, -0.8000, -6.127
27.07, -0.8000, -7.205
27.08, -0.8000, -7.744
27.09, -0.8000, -7.523
27.10, -0.8000, -7.865
27.11, -0.8000, -8.009
27.12, -0.8000, -8.158
27.13, -0.8000, -8.881
27.14, -0.8000, -8.475
27.15, -0.8000, -7.358
27.16, -0.8000, -7.755
27.17, -0.8000, -7.668
27.18, -0.8000, -9.157
27.19, -0.8000, -7.044
27.20, -0.8000, -8.207
27.21, -0.8000, -7.489
27.22, -0.8000, -8.515
27.23, -0.8000, -7.301
27.24, -0.8000, -7.489
27.25, -0.8000, -6.670
27.26, -0.8000, -7.709
27.27, -0.8000, -6.798
27.28, -0.8000, -6.875
27.29, -0.8000, -6.661
27.30, -0.8000, -8.044
27.31, -0.8000, -7.985
27.32, -0.8000, -8.441
27.33, -0.8000, -7.899
27.34, -0.8000, -7.707
27.35, -0.8000, -7.076
27.36, -0.8000, -7.132
27.37, -0.8000, -8.694
27.38, -0.8000, -7.494
27.39, -0.8000, -7.991
27.40, -0.8000, -8.877
27.41, -0.8000, -8.481
27.42, -0.8000, -7.419
27.43, -0.8000, -7.814
27.44, -0.8000, -7.158
27.45, -0.8000, -6.907
27.46, -0.8000, -7.091
27.47, -0.8000, -6.961
27.48, -0.8000, -7.156
27.49, -0.8000, -8.604
27.50, -0.8000, -7.814
27.51, -0.8000, -7.420
27.52, -0.8000, -6.941
27.53, -0.8000, -7.312
27.54, -0.8000, -7.213
27.55, -0.8000, -7.149
27.56, -0.8000, -7.465
27.57, -0.8000, -7.758
27.58, -0.8000, -8.591
27.59, -0.8000, -8.007
27.60, -0.8000, -7.435
27.61, -0.8000, -7.487
27.62, -0.8000, -7.357
27.63, -0.8000, -7.214
27.64, -0.8000, -6.995
27.65, -0.8000, -7.610
27.66, -0.8000, -6.601
27.67, -0.8000, -7.296
27.68, -0.8000, -7.030
27.69, -0.8000, -7.953
27.70, -0.8000, -7.408
27.71, -0.8000, -7.986
27.72, -0.8000, -7.463
27.73, -0.8000, -7.599
27.74, -0.8000, -7.497
27.75, -0.8000, -9.153
27.76, -0.8000, -8.063
27.77, -0.8000, -6.994
27.78, -0.8000, -8.499
27.79, -0.8000, -6.494
27.80, -0.8000, -7.375
27.81, -0.8000, -8.130
27.82, -0.8000, -7.371
27.83, -0.8000, -9.224
27.84, -0.8000, -7.588
27.85, -0.8000, -7.585
27.86, -0.8000, -7.896
27.87, -0.8000, -8.044
27.88, -0.8000, -6.746
27.89, -0.8000, -7.707
27.90, -0.8000, -8.159
27.91, -0.8000, -8.513
27.92, -0.8000, -7.207
27.93, -0.8000, -7.198
27.94, -0.8000, -9.093
27.95, -0.8000, -8.364
27.96, -0.8000, -7.507
27.97, -0.8000, -7.259
27.98, -0.8000, -7.443
27.99, -0.8000, -6.602
28.00, -0.8000, -7.029
28.01, -0.8000, -6.591
28.02, -0.8000, -7.112
28.03, -0.8000, -8.061
28.04, -0.8000, -7.593
28.05, -0.8000, -6.899
28.06, -0.8000, -7.671
28.07, -0.8000, -8.462
28.08, -0.8000, -8.108
28.09, -0.8000, -7.457
28.10, -0.8000, -8.776
28.11, -0.8000, -7.757
28.12, -0.8000, -7.381
28.13, -0.8000, -7.491
28.14, -0.8000, -6.858
28.15, -0.8000, -8.116
28.16, -0.8000, -6.520
28.17, -0.8000, -6.200
28.18, -0.8000, -6.137
28.19, -0.8000, -7.156
28.20, -0.8000, -6.959
28.21, -0.8000, -7.593
28.22, -0.8000, -7.976
28.23, -0.8000, -7.364
28.24, -0.8000, -8.070
28.25, -0.8000, -6.905
28.26, -0.8000, -6.078
28.27, -0.8000, -7.790
28.28, -0.8000, -8.881
28.29, -0.8000, -8.234
28.30, -0.8000, -7.930
28.31, -0.8000, -7.515
28.32, -0.8000, -6.800
28.33, -0.8000, -7.616
28.34, -0.8000, -7.988
28.35, -0.8000, -8.136
28.36, -0.8000, -5.952
28.37, -0.8000, -6.667
28.38, -0.8000, -8.042
28.39, -0.8000, -7.439
28.40, -0.8000, -7.418
28.41, -0.8000, -8.197
28.42, -0.8000, -7.978
28.43, -0.8000, -7.699
28.44, -0.8000, -8.385
28.45, -0.8000, -7.593
28.46, -0.8000, -7.327
28.47, -0.8000, -6.781
28.48, -0.8000, -6.981
28.49, -0.8000, -8.367
28.50, -0.8000, -8.745
28.51, -0.8000, -6.721
28.52, -0.8000, -6.397
28.53, -0.8000, -8.052
28.54, -0.8000, -6.608
28.55, -0.8000, -7.415
28.56, -0.8000, -6.324
28.57, -0.8000, -6.884
28.58, -0.8000, -7.502
28.59, -0.8000, -8.050
28.60, -0.8000, -7.056
28.61, -0.8000, -7.479
28.62, -0.8000, -6.984
28.63, -0.8000, -6.430
28.64, -0.8000, -7.307
28.65, -0.8000, -6.882
28.66, -0.8000, -6.719
28.67, -0.8000, -7.550
28.68, -0.8000, -6.933
28.69, -0.8000, -7.072
28.70, -0.8000, -7.465
28.71, -0.8000, -8.560
28.72, -0.8000, -7.751
28.73, -0.8000, -8.840
28.74, -0.8000, -7.118
28.75, -0.8000, -8.526
28.76, -0.8000, -7.957
28.77, -0.8000, -6.290
28.78, -0.8000, -7.881
28.79, -0.8000, -7.880
28.80, -0.8000, -6.143
28.81, -0.8000, -8.087
28.82, -0.8000, -7.932
28.83, -0.8000, -6.739
28.84, -0.8000, -7.556
28.85, -0.8000, -6.240
28.86, -0.8000, -7.697
28.87, -0.8000, -7.000
28.88, -0.8000, -6.639
28.89, -0.8000, -7.044
28.90, -0.8000, -6.950
28.91, -0.8000, -8.422
28.92, -0.8000, -7.489
28.93, -0.8000, -7.617
28.94, -0.8000, -8.537
28.95, -0.8000, -8.268
28.96, -0.8000, -8.508
28.97, -0.8000, -6.444
28.98, -0.8000, -7.371
28.99, -0.8000, -5.980
29.00, -0.8000, -7.776
29.01, -0.8000, -8.471
29.02, -0.8000, -7.492
29.03, -0.8000, -6.966
29.04, -0.8000, -8.043
29.05, -0.8000, -6.689
29.06, -0.8000, -6.943
29.07, -0.8000, -6.649
29.08, -0.8000, -8.154
29.09, -0.8000, -8.767
29.10, -0.8000, -6.633
29.11, -0.8000, -7.394
29.12, -0.8000, -7.742
29.13, -0.8000, -7.557
29.14, -0.8000, -7.244
29.15, -0.8000, -7.693
29.16, -0.8000, -6.951
29.17, -0.8000, -5.956
29.18, -0.8000, -6.133
29.19, -0.8000, -7.630
29.20, -0.8000, -6.980
29.21, -0.8000, -7.358
29.22, -0.8000, -7.688
29.23, -0.8000, -7.234
29.24, -0.8000, -7.771
29.25, -0.8000, -6.985
29.26, -0.8000, -7.451
29.27, -0.8000, -7.337
29.28, -0.8000, -9.070
29.29, -0.8000, -7.294
29.30, -0.8000, -7.587
29.31, -0.8000, -7.885
29.32, -0.8000, -6.914
29.33, -0.8000, -7.723
29.34, -0.8000, -8.512
29.35, -0.8000, -6.988
29.36, -0.8000, -6.484
29.37, -0.8000, -7.379
29.38, -0.8000, -7.072
29.39, -0.8000, -6.472
29.40, -0.8000, -7.793
29.41, -0.8000, -6.915
29.42, -0.8000, -9.163
29.43, -0.8000, -6.681
29.44, -0.8000, -6.633
29.45, -0.8000, -7.793
29.46, -0.8000, -8.334
29.47, -0.8000, -6.552
29.48, -0.8000, -6.612
29.49, -0.8000, -8.017
29.50, -0.8000, -7.770
29.51, -0.8000, -8.916
29.52, -0.8000, -7.843
29.53, -0.8000, -6.899
29.54, -0.8000, -6.462
29.55, -0.8000, -7.919
29.56, -0.8000, -6.680
29.57, -0.8000, -7.300
29.58, -0.8000, -7.230
29.59, -0.8000, -7.133
29.60, -0.8000, -7.089
29.61, -0.8000, -6.981
29.62, -0.8000, -7.506
29.63, -0.8000, -7.644
29.64, -0.8000, -8.066
29.65, -0.8000, -8.061
29.66, -0.8000, -8.471
29.67, -0.8000, -7.230
29.68, -0.8000, -7.288
29.69, -0.8000, -7.622
29.70, -0.8000, -7.294
29.71, -0.8000, -8.160
29.72, -0.8000, -7.182
29.73, -0.8000, -7.487
29.74, -0.8000, -8.136
29.75, -0.8000, -7.068
29.76, -0.8000, -7.137
29.77, -0.8000, -8.678
29.78, -0.8000, -7.488
29.79, -0.8000, -6.930
29.80, -0.8000, -5.987
29.81, -0.8000, -7.110
29.82, -0.8000, -6.363
29.83, -0.8000, -7.682
29.84, -0.8000, -6.899
29.85, -0.8000, -8.996
29.86, -0.8000, -7.612
29.87, -0.8000, -7.346
29.88, -0.8000, -7.512
29.89, -0.8000, -7.081
29.90, -0.8000, -7.886
29.91, -0.8000, -8.667
29.92, -0.8000, -6.246
29.93, -0.8000, -6.656
29.94, -0.8000, -7.114
29.95, -0.8000, -6.534
29.96, -0.8000, -6.869
29.97, -0.8000, -7.395
29.98, -0.8000, -7.444
29.99, -0.8000, -8.722
30.00, -0.8000, -7.701
30.01, -0.8000, -6.329
30.02, -0.8000, -6.783
30.03, -0.8000, -7.176
30.04, -0.8000, -8.013
30.05, -0.8000, -8.107
30.06, -0.8000, -7.418
30.07, -0.8000, -8.330
30.08, -0.8000, -6.715
30.09, -0.8000, -7.406
30.10, -0.8000, -6.661
30.11, -0.8000, -7.920
30.12, -0.8000, -7.767
30.13, -0.8000, -7.030
30.14, -0.8000, -7.810
30.15, -0.8000, -6.533
30.16, -0.8000, -8.432
30.17, -0.8000, -7.036
30.18, -0.8000, -7.592
30.19, -0.8000, -8.023
30.20, -0.8000, -8.175
30.21, -0.8000, -7.719
30.22, -0.8000, -8.707
30.23, -0.8000, -7.876
30.24, -0.8000, -7.435
30.25, -0.8000, -6.284
30.26, -0.8000, -7.237
30.27, -0.8000, -8.534
30.28, -0.8000, -6.626
30.29, -0.8000, -7.704
30.30, -0.8000, -7.814
30.31, -0.8000, -7.736
30.32, -0.8000, -8.465
30.33, -0.8000, -7.609
30.34, -0.8000, -7.006
30.35, -0.8000, -7.593
30.36, -0.8000, -7.476
30.37, -0.8000, -7.889
30.38, -0.8000, -7.517
30.39, -0.8000, -8.203
30.40, -0.8000, -8.836
30.41, -0.8000, -6.651
30.42, -0.8000, -7.850
30.43, -0.8000, -6.219
30.44, -0.8000, -7.581
30.45, -0.8000, -7.540
30.46, -0.8000, -6.995
30.47, -0.8000, -6.721
30.48, -0.8000, -7.241
30.49, -0.8000, -8.161
30.50, -0.8000, -8.922
30.51, -0.8000, -7.888
30.52, -0.8000, -7.026
30.53, -0.8000, -8.617
30.54, -0.8000, -8.725
30.55, -0.8000, -6.898
30.56, -0.8000, -7.929
30.57, -0.8000, -6.603
30.58, -0.8000, -7.802
30.59, -0.8000, -7.309
30.60, -0.8000, -7.147
30.61, -0.8000, -8.152
30.62, -0.8000, -6.924
30.63, -0.8000, -7.816
30.64, -0.8000, -7.990
30.65, -0.8000, -8.482
30.66, -0.8000, -7.952
30.67, -0.8000, -6.662
30.68, -0.8000, -7.586
30.69, -0.8000, -6.494
30.70, -0.8000, -7.319
30.71, -0.8000, -6.777
30.72, -0.8000, -8.030
30.73, -0.8000, -5.861
30.74, -0.8000, -7.542
30.75, -0.8000, -7.169
30.76, -0.8000, -5.787
30.77, -0.8000, -9.338
30.78, -0.8000, -6.937
30.79, -0.8000, -5.900
30.80, -0.8000, -7.135
30.81, -0.8000, -8.196
30.82, -0.8000, -7.577
30.83, -0.8000, -8.399
30.84, -0.8000, -9.025
30.85, -0.8000, -8.964
30.86, -0.8000, -7.199
30.87, -0.8000, -5.716
30.88, -0.8000, -8.041
30.89, -0.8000, -7.784
30.90, -0.8000, -7.513
30.91, -0.8000, -7.350
30.92, -0.8000, -6.572
30.93, -0.8000, -7.809
30.94, -0.8000, -6.933
30.95, -0.8000, -8.531
30.96, -0.8000, -8.032
30.97, -0.8000, -7.753
30.98, -0.8000, -7.100
30.99, -0.8000, -8.119
31.00, -0.8000, -6.188
31.01, -0.8000, -6.073
31.02, -0.8000, -6.111
31.03, -0.8000, -7.834
31.04, -0.8000, -7.204
31.05, -0.8000, -7.281
31.06, -0.8000, -8.103
31.07, -0.8000, -7.361
31.08, -0.8000, -6.219
31.09, -0.8000, -7.189
31.10, -0.8000, -7.703
31.11, -0.8000, -7.950
31.12, -0.8000, -8.707
31.13, -0.8000, -6.609
31.14, -0.8000, -7.110
31.15, -0.8000, -7.782
31.16, -0.8000, -7.805
31.17, -0.8000, -7.082
31.18, -0.8000, -8.160
31.19, -0.8000, -6.517
31.20, -0.8000, -9.136
31.21, -0.8000, -8.275
31.22, -0.8000, -6.446
31.23, -0.8000, -6.703
31.24, -0.8000, -6.931
31.25, -0.8000, -7.593
31.26, -0.8000, -7.725
31.27, -0.8000, -7.531
31.28, -0.8000, -7.263
31.29, -0.8000, -7.325
31.30, -0.8000, -6.113
31.31, -0.8000, -6.991
31.32, -0.8000, -6.301
31.33, -0.8000, -8.037
31.34, -0.8000, -6.564
31.35, -0.8000, -7.208
31.36, -0.8000, -7.828
31.37, -0.8000, -7.824
31.38, -0.8000, -9.656
31.39, -0.8000, -7.886
31.40, -0.8000, -7.376
31.41, -0.8000, -6.086
31.42, -0.8000, -8.941
31.43, -0.8000, -6.858
31.44, -0.8000, -7.631
31.45, -0.8000, -7.268
31.46, -0.8000, -7.216
31.47, -0.8000, -6.476
31.48, -0.8000, -8.014
31.49, -0.8000, -8.170
31.50, -0.8000, -7.327
31.51, -0.8000, -6.849
31.52, -0.8000, -5.863
31.53, -0.8000, -8.023
31.54, -0.8000, -6.043
31.55, -0.8000, -8.185
31.56, -0.8000, -6.760
31.57, -0.8000, -7.829
31.58, -0.8000, -8.351
31.59, -0.8000, -7.295
31.60, -0.8000, -6.825
31.61, -0.8000, -7.171
31.62, -0.8000, -7.111
31.63, -0.8000, -6.394
31.64, -0.8000, -7.103
31.65, -0.8000, -7.533
31.66, -0.8000, -7.077
31.67, -0.8000, -7.670
31.68, -0.8000, -8.898
31.69, -0.8000, -7.262
31.70, -0.8000, -7.322
31.71, -0.8000, -7.176
31.72, -0.8000, -7.710
31.73, -0.8000, -7.645
31.74, -0.8000, -7.594
31.75, -0.8000, -8.547
31.76, -0.8000, -7.725
31.77, -0.8000, -7.055
31.78, -0.8000, -6.764
31.79, -0.8000, -6.703
31.80, -0.8000, -8.109
31.81, -0.8000, -7.605
31.82, -0.8000, -6.152
31.83, -0.8000, -7.010
31.84, -0.8000, -6.542
31.85, -0.8000, -7.230
31.86, -0.8000, -7.513
31.87, -0.8000, -7.177
31.88, -0.8000, -6.637
31.89, -0.8000, -8.085
31.90, -0.8000, -7.093
31.91, -0.8000, -8.159
31.92, -0.8000, -7.432
31.93, -0.8000, -8.191
31.94, -0.8000, -6.282
31.95, -0.8000, -7.196
31.96, -0.8000, -6.903
31.97, -0.8000, -6.495
31.98, -0.8000, -7.404
31.99, -0.8000, -7.848
32.00, -0.8000, -7.164
32.01, -0.8000, -8.286
32.02, -0.8000, -7.134
32.03, -0.8000, -9.014
32.04, -0.8000, -8.304
32.05, -0.8000, -6.445
32.06, -0.8000, -8.431
32.07, -0.8000, -6.020
32.08, -0.8000, -7.854
32.09, -0.8000, -6.897
32.10, -0.8000, -8.752
32.11, -0.8000, -5.968
32.12, -0.8000, -7.318
32.13, -0.8000, -7.852
32.14, -0.8000, -7.044
32.15, -0.8000, -5.101
32.16, -0.8000, -5.946
32.17, -0.8000, -7.395
32.18, -0.8000, -5.585
32.19, -0.8000, -5.765
32.20, -0.8000, -7.332
32.21, -0.8000, -8.196
32.22, -0.8000, -8.681
32.23, -0.8000, -7.712
32.24, -0.8000, -7.671
32.25, -0.8000, -6.837
32.26, -0.8000, -7.297
32.27, -0.8000, -7.337
32.28, -0.8000, -7.814
32.29, -0.8000, -8.550
32.30, -0.8000, -7.983
32.31, -0.8000, -7.313
32.32, -0.8000, -6.591
32.33, -0.8000, -7.357
32.34, -0.8000, -7.811
32.35, -0.8000, -7.386
32.36, -0.8000, -7.361
32.37, -0.8000, -7.170
32.38, -0.8000, -7.667
32.39, -0.8000, -6.834
32.40, -0.8000, -7.654
32.41, -0.8000, -8.394
32.42, -0.8000, -9.202
32.43, -0.8000, -10.03
32.44, -0.8000, -7.859
32.45, -0.8000, -7.735
32.46, -0.8000, -7.404
32.47, -0.8000, -6.619
32.48, -0.8000, -9.662
32.49, -0.8000, -6.072
32.50, -0.8000, -5.437
32.51, -0.8000, -7.399
32.52, -0.8000, -7.789
32.53, -0.8000, -9.042
32.54, -0.8000, -8.107
32.55, -0.8000, -8.198
32.56, -0.8000, -6.416
32.57, -0.8000, -7.763
32.58, -0.8000, -9.291
32.59, -0.8000, -8.661
32.60, -0.8000, -8.045
32.61, -0.8000, -6.103
32.62, -0.8000, -8.405
32.63, -0.8000, -7.244
32.64, -0.8000, -7.247
32.65, -0.8000, -8.585
32.66, -0.8000, -8.578
32.67, -0.8000, -7.751
32.68, -0.8000, -6.496
32.69, -0.8000, -5.871
32.70, -0.8000, -7.051
32.71, -0.8000, -7.113
32.72, -0.8000, -7.357
32.73, -0.8000, -6.441
32.74, -0.8000, -7.803
32.75, -0.8000, -7.399
32.76, -0.8000, -7.334
32.77, -0.8000, -8.869
32.78, -0.8000, -9.074
32.79, -0.8000, -8.984
32.80, -0.8000, -6.975
32.81, -0.8000, -6.293
32.82, -0.8000, -6.254
32.83, -0.8000, -6.666
32.84, -0.8000, -7.910
32.85, -0.8000, -6.450
32.86, -0.8000, -7.197
32.87, -0.8000, -8.936
32.88, -0.8000, -6.663
32.89, -0.8000, -8.077
32.90, -0.8000, -8.151
32.91, -0.8000, -8.301
32.92, -0.8000, -7.511
32.93, -0.8000, -6.683
32.94, -0.8000, -6.764
32.95, -0.8000, -5.941
32.96, -0.8000, -8.033
32.97, -0.8000, -6.671
32.98, -0.8000, -7.292
32.99, -0.8000, -6.684
33.00, -0.8000, -7.769
33.01, -0.8000, -8.277
33.02, -0.8000, -7.698
33.03, -0.8000, -7.379
33.04, -0.8000, -8.682
33.05, -0.8000, -7.130
33.06, -0.8000, -6.793
33.07, -0.8000, -6.306
33.08, -0.8000, -6.798
33.09, -0.8000, -6.458
33.10, -0.8000, -6.959
33.11, -0.8000, -6.590
33.12, -0.8000, -7.471
33.13, -0.8000, -7.170
33.14, -0.8000, -6.362
33.15, -0.8000, -7.336
33.16, -0.8000, -8.039
33.17, -0.8000, -6.071
33.18, -0.8000, -7.121
33.19, -0.8000, -7.638
33.20, -0.8000, -7.292
33.21, -0.8000, -8.191
33.22, -0.8000, -8.866
33.23, -0.8000, -6.071
33.24, -0.8000, -8.743
33.25, -0.8000, -6.326
33.26, -0.8000, -7.332
33.27, -0.8000, -7.643
33.28, -0.8000, -8.438
33.29, -0.8000, -7.357
33.30, -0.8000, -6.458
33.31, -0.8000, -7.467
33.32, -0.8000, -6.211
33.33, -0.8000, -8.190
33.34, -0.8000, -8.468
33.35, -0.8000, -7.438
33.36, -0.8000, -6.820
33.37, -0.8000, -6.284
33.38, -0.8000, -6.931
33.39, -0.8000, -7.343
33.40, -0.8000, -5.965
33.41, -0.8000, -6.942
33.42, -0.8000, -8.349
33.43, -0.8000, -6.959
33.44, -0.8000, -7.215
33.45, -0.8000, -7.871
33.46, -0.8000, -7.025
33.47, -0.8000, -8.039
33.48, -0.8000, -5.704
33.49, -0.8000, -7.528
33.50, -0.8000, -8.507
33.51, -0.8000, -6.800
33.52, -0.8000, -6.672
33.53, -0.8000, -5.411
33.54, -0.8000, -8.128
33.55, -0.8000, -7.879
33.56, -0.8000, -6.409
33.57, -0.8000, -5.932
33.58, -0.8000, -7.039
33.59, -0.8000, -7.633
33.60, -0.8000, -7.844
33.61, -0.8000, -6.343
33.62, -0.8000, -8.209
33.63, -0.8000, -7.011
33.64, -0.8000, -7.127
33.65, -0.8000, -6.827
33.66, -0.8000, -6.725
33.67, -0.8000, -8.161
33.68, -0.8000, -8.040
33.69, -0.8000, -7.148
33.70, -0.8000, -7.985
33.71, -0.8000, -8.154
33.72, -0.8000, -7.730
33.73, -0.8000, -8.178
33.74, -0.8000, -7.131
33.75, -0.8000, -8.111
33.76, -0.8000, -8.246
33.77, -0.8000, -5.929
33.78, -0.8000, -7.557
33.79, -0.8000, -7.519
33.80, -0.8000, -8.284
33.81, -0.8000, -7.284
33.82, -0.8000, -7.002
33.83, -0.8000, -7.581
33.84, -0.8000, -8.760
33.85, -0.8000, -7.253
33.86, -0.8000, -6.587
33.87, -0.8000, -5.846
33.88, -0.8000, -6.658
33.89, -0.8000, -8.126
33.90, -0.8000, -8.002
33.91, -0.8000, -6.787
33.92, -0.8000, -8.380
33.93, -0.8000, -7.899
33.94, -0.8000, -7.440
33.95, -0.8000, -7.295
33.96, -0.8000, -9.186
33.97, -0.8000, -6.498
33.98, -0.8000, -5.461
33.99, -0.8000, -7.544
34.00, -0.8000, -7.523
34.01, -0.8000, -7.538
34.02, -0.8000, -9.007
34.03, -0.8000, -8.247
34.04, -0.8000, -8.087
34.05, -0.8000, -8.147
34.06, -0.8000, -6.458
34.07, -0.8000, -6.056
34.08, -0.8000, -8.292
34.09, -0.8000, -7.419
34.10, -0.8000, -7.373
34.11, -0.8000, -7.275
34.12, -0.8000, -6.749
34.13, -0.8000, -6.859
34.14, -0.8000, -7.607
34.15, -0.8000, -8.662
34.16, -0.8000, -7.241
34.17, -0.8000, -6.916
34.18, -0.8000, -8.234
34.19, -0.8000, -6.800
34.20, -0.8000, -6.400
34.21, -0.8000, -6.669
34.22, -0.8000, -6.124
34.23, -0.8000, -7.051
34.24, -0.8000, -6.924
34.25, -0.8000, -6.731
34.26, -0.8000, -6.763
34.27, -0.8000, -5.887
34.28, -0.8000, -6.224
34.29, -0.8000, -7.209
34.30, -0.8000, -8.111
34.31, -0.8000, -7.649
34.32, -0.8000, -7.067
34.33, -0.8000, -6.391
34.34, -0.8000, -6.111
34.35, -0.8000, -7.598
34.36, -0.8000, -6.904
34.37, -0.8000, -8.131
34.38, -0.8000, -6.017
34.39, -0.8000, -7.330
34.40, -0.8000, -8.285
34.41, -0.8000, -6.771
34.42, -0.8000, -7.906
34.43, -0.8000, -5.810
34.44, -0.8000, -6.190
34.45, -0.8000, -6.399
34.46, -0.8000, -6.732
34.47, -0.8000, -7.764
34.48, -0.8000, -6.287
34.49, -0.8000, -6.691
34.50, -0.8000, -6.676
34.51, -0.8000, -7.695
34.52, -0.8000, -9.272
34.53, -0.8000, -8.750
34.54, -0.8000, -7.446
34.55, -0.8000, -6.027
34.56, -0.8000, -5.460
34.57, -0.8000, -7.002
34.58, -0.8000, -8.231
34.59, -0.8000, -7.359
34.60, -0.8000, -7.533
34.61, -0.8000, -6.849
34.62, -0.8000, -7.575
34.63, -0.8000, -5.802
34.64, -0.8000, -8.431
34.65, -0.8000, -7.823
34.66, -0.8000, -7.658
34.67, -0.8000, -6.845
34.68, -0.8000, -6.112
34.69, -0.8000, -5.762
34.70, -0.8000, -5.292
34.71, -0.8000, -5.486
34.72, -0.8000, -6.454
34.73, -0.8000, -8.304
34.74, -0.8000, -7.184
34.75, -0.8000, -6.498
34.76, -0.8000, -6.621
34.77, -0.8000, -6.958
34.78, -0.8000, -6.365
34.79, -0.8000, -7.120
34.80, -0.8000, -8.027
34.81, -0.8000, -6.902
34.82, -0.8000, -8.262
34.83, -0.8000, -5.835
34.84, -0.8000, -7.805
34.85, -0.8000, -7.209
34.86, -0.8000, -8.492
34.87, -0.8000, -7.295
34.88, -0.8000, -8.191
34.89, -0.8000, -6.181
34.90, -0.8000, -8.318
34.91, -0.8000, -7.522
34.92, -0.8000, -7.273
34.93, -0.8000, -6.238
34.94, -0.8000, -9.139
34.95, -0.8000, -8.740
34.96, -0.8000, -7.779
34.97, -0.8000, -6.240
34.98, -0.8000, -8.285
34.99, -0.8000, -6.101
35.00, -0.8000, -6.665
35.01, -0.8000, -6.360
35.02, -0.8000, -7.601
35.03, -0.8000, -7.463
35.04, -0.8000, -7.783
35.05, -0.8000, -6.872
35.06, -0.8000, -7.684
35.07, -0.8000, -7.392
35.08, -0.8000, -6.505
35.09, -0.8000, -8.056
35.10, -0.8000, -6.218
35.11, -0.8000, -7.687
35.12, -0.8000, -8.453
35.13, -0.8000, -7.255
35.14, -0.8000, -5.593
35.15, -0.8000, -6.441
35.16, -0.8000, -6.408
35.17, -0.8000, -7.148
35.18, -0.8000, -6.007
35.19, -0.8000, -7.738
35.20, -0.8000, -7.128
35.21, -0.8000, -6.286
35.22, -0.8000, -8.609
35.23, -0.8000, -7.973
35.24, -0.8000, -6.533
35.25, -0.8000, -7.426
35.26, -0.8000, -6.775
35.27, -0.8000, -7.555
35.28, -0.8000, -7.532
35.29, -0.8000, -6.066
35.30, -0.8000, -7.621
35.31, -0.8000, -6.448
35.32, -0.8000, -7.564
35.33, -0.8000, -7.716
35.34, -0.8000, -7.276
35.35, -0.8000, -7.451
35.36, -0.8000, -7.300
35.37, -0.8000, -7.716
35.38, -0.8000, -6.932
35.39, -0.8000, -7.873
35.40, -0.8000, -6.976
35.41, -0.8000, -6.122
35.42, -0.8000, -7.297
35.43, -0.8000, -7.281
35.44, -0.8000, -5.938
35.45, -0.8000, -7.702
35.46, -0.8000, -8.130
35.47, -0.8000, -7.183
35.48, -0.8000, -7.779
35.49, -0.8000, -7.915
35.50, -0.8000, -7.825
35.51, -0.8000, -8.256
35.52, -0.8000, -6.744
35.53, -0.8000, -6.415
35.54, -0.8000, -6.760
35.55, -0.8000, -7.667
35.56, -0.8000, -7.975
35.57, -0.8000, -7.629
35.58, -0.8000, -6.515
35.59, -0.8000, -5.995
35.60, -0.8000, -6.914
35.61, -0.8000, -7.297
35.62, -0.8000, -7.645
35.63, -0.8000, -7.216
35.64, -0.8000, -6.670
35.65, -0.8000, -7.271
35.66, -0.8000, -7.081
35.67, -0.8000, -7.450
35.68, -0.8000, -7.745
35.69, -0.8000, -7.209
35.70, -0.8000, -8.061
35.71, -0.8000, -7.536
35.72, -0.8000, -6.760
35.73, -0.8000, -6.625
35.74, -0.8000, -6.623
35.75, -0.8000, -7.066
35.76, -0.8000, -6.143
35.77, -0.8000, -6.827
35.78, -0.8000, -7.804
35.79, -0.8000, -7.950
35.80, -0.8000, -7.701
35.81, -0.8000, -6.588
35.82, -0.8000, -7.836
35.83, -0.8000, -7.650
35.84, -0.8000, -5.617
35.85, -0.8000, -6.579
35.86, -0.8000, -6.192
35.87, -0.8000, -7.845
35.88, -0.8000, -7.604
35.89, -0.8000, -8.326
35.90, -0.8000, -6.572
35.91, -0.8000, -7.882
35.92, -0.8000, -6.689
35.93, -0.8000, -8.026
35.94, -0.8000, -6.793
35.95, -0.8000, -6.137
35.96, -0.8000, -6.275
35.97, -0.8000, -6.247
35.98, -0.8000, -7.878
35.99, -0.8000, -7.243
36.00, -0.8000, -7.805
36.01, -0.8000, -6.437
36.02, -0.8000, -7.193
36.03, -0.8000, -8.140
36.04, -0.8000, -7.205
36.05, -0.8000, -8.959
36.06, -0.8000, -7.269
36.07, -0.8000, -6.649
36.08, -0.8000, -7.133
36.09, -0.8000, -6.022
36.10, -0.8000, -7.728
36.11, -0.8000, -7.488
36.12, -0.8000, -6.805
36.13, -0.8000, -8.132
36.14, -0.8000, -7.761
36.15, -0.8000, -6.828
36.16, -0.8000, -6.136
36.17, -0.8000, -6.863
36.18, -0.8000, -7.699
36.19, -0.8000, -7.057
36.20, -0.8000, -7.411
36.21, -0.8000, -6.225
36.22, -0.8000, -7.509
36.23, -0.8000, -6.120
36.24, -0.8000, -6.894
36.25, -0.8000, -8.995
36.26, -0.8000, -7.893
36.27, -0.8000, -7.413
36.28, -0.8000, -6.557
36.29, -0.8000, -7.050
36.30, -0.8000, -6.249
36.31, -0.8000, -6.087
36.32, -0.8000, -5.861
36.33, -0.8000, -7.668
36.34, -0.8000, -7.306
36.35, -0.8000, -5.989
36.36, -0.8000, -6.560
36.37, -0.8000, -6.400
36.38, -0.8000, -6.494
36.39, -0.8000, -6.647
36.40, -0.8000, -9.314
36.41, -0.8000, -8.165
36.42, -0.8000, -7.730
36.43, -0.8000, -5.505
36.44, -0.8000, -6.412
36.45, -0.8000, -7.018
36.46, -0.8000, -7.013
36.47, -0.8000, -7.697
36.48, -0.8000, -7.316
36.49, -0.8000, -7.452
36.50, -0.8000, -7.742
36.51, -0.8000, -8.751
36.52, -0.8000, -7.063
36.53, -0.8000, -7.628
36.54, -0.8000, -6.356
36.55, -0.8000, -8.416
36.56, -0.8000, -7.594
36.57, -0.8000, -6.083
36.58, -0.8000, -6.094
36.59, -0.8000, -6.888
36.60, -0.8000, -7.542
36.61, -0.8000, -7.619
36.62, -0.8000, -7.446
36.63, -0.8000, -8.027
36.64, -0.8000, -7.295
36.65, -0.8000, -7.321
36.66, -0.8000, -5.691
36.67, -0.8000, -8.531
36.68, -0.8000, -6.850
36.69, -0.8000, -7.831
36.70, -0.8000, -6.203
36.71, -0.8000, -6.965
36.72, -0.8000, -7.520
36.73, -0.8000, -6.920
36.74, -0.8000, -7.512
36.75, -0.8000, -8.456
36.76, -0.8000, -7.055
36.77, -0.8000, -7.827
36.78, -0.8000, -6.318
36.79, -0.8000, -8.273
36.80, -0.8000, -7.335
36.81, -0.8000, -8.098
36.82, -0.8000, -7.117
36.83, -0.8000, -8.259
36.84, -0.8000, -7.363
36.85, -0.8000, -6.873
36.86, -0.8000, -6.425
36.87, -0.8000, -7.948
36.88, -0.8000, -7.202
36.89, -0.8000, -7.073
36.90, -0.8000, -7.596
36.91, -0.8000, -6.517
36.92, -0.8000, -6.818
36.93, -0.8000, -7.459
36.94, -0.8000, -7.786
36.95, -0.8000, -7.372
36.96, -0.8000, -7.286
36.97, -0.8000, -5.861
36.98, -0.8000, -8.753
36.99, -0.8000, -5.478
37.00, -0.8000, -7.252
37.01, -0.8000, -6.566
37.02, -0.8000, -7.876
37.03, -0.8000, -8.034
37.04, -0.8000, -7.206
37.05, -0.8000, -7.057
37.06, -0.8000, -6.975
37.07, -0.8000, -7.439
37.08, -0.8000, -6.827
37.09, -0.8000, -6.526
37.10, -0.8000, -6.706
37.11, -0.8000, -7.630
37.12, -0.8000, -8.467
37.13, -0.8000, -6.124
37.14, -0.8000, -7.175
37.15, -0.8000, -8.071
37.16, -0.8000, -5.785
37.17, -0.8000, -7.832
37.18, -0.8000, -7.048
37.19, -0.8000, -6.428
37.20, -0.8000, -8.421
37.21, -0.8000, -6.614
37.22, -0.8000, -7.356
37.23, -0.8000, -6.392
37.24, -0.8000, -5.358
37.25, -0.8000, -7.069
37.26, -0.8000, -6.446
37.27, -0.8000, -5.997
37.28, -0.8000, -7.357
37.29, -0.8000, -7.076
37.30, -0.8000, -6.743
37.31, -0.8000, -6.382
37.32, -0.8000, -6.465
37.33, -0.8000, -7.820
37.34, -0.8000, -6.461
37.35, -0.8000, -6.815
37.36, -0.8000, -6.785
37.37, -0.8000, -7.629
37.38, -0.8000, -9.188
37.39, -0.8000, -6.692
37.40, -0.8000, -6.135
37.41, -0.8000, -5.316
37.42, -0.8000, -6.893
37.43, -0.8000, -5.998
37.44, -0.8000, -6.334
37.45, -0.8000, -6.166
37.46, -0.8000, -7.074
37.47, -0.8000, -7.159
37.48, -0.8000, -8.408
37.49, -0.8000, -6.090
37.50, -0.8000, -6.057
37.51, -0.8000, -6.616
37.52, -0.8000, -7.210
37.53, -0.8000, -6.962
37.54, -0.8000, -7.850
37.55, -0.8000, -5.174
37.56, -0.8000, -6.824
37.57, -0.8000, -7.422
37.58, -0.8000, -6.644
37.59, -0.8000, -7.600
37.60, -0.8000, -6.744
37.61, -0.8000, -5.502
37.62, -0.8000, -8.129
37.63, -0.8000, -7.612
37.64, -0.8000, -6.941
37.65, -0.8000, -5.948
37.66, -0.8000, -6.189
37.67, -0.8000, -6.756
37.68, -0.8000, -5.536
37.69, -0.8000, -5.147
37.70, -0.8000, -6.023
37.71, -0.8000, -7.339
37.72, -0.8000, -6.920
37.73, -0.8000, -8.237
37.74, -0.8000, -5.655
37.75, -0.8000, -8.805
37.76, -0.8000, -7.892
37.77, -0.8000, -5.740
37.78, -0.8000, -7.853
37.79, -0.8000, -5.593
37.80, -0.8000, -6.499
37.81, -0.8000, -8.205
37.82, -0.8000, -6.121
37.83, -0.8000, -7.867
37.84, -0.8000, -7.051
37.85, -0.8000, -6.766
37.86, -0.8000, -7.184
37.87, -0.8000, -9.095
37.88, -0.8000, -7.929
37.89, -0.8000, -6.529
37.90, -0.8000, -8.546
37.91, -0.8000, -6.631
37.92, -0.8000, -7.355
37.93, -0.8000, -7.434
37.94, -0.8000, -5.881
37.95, -0.8000, -6.556
37.96, -0.8000, -6.954
37.97, -0.8000, -6.171
37.98, -0.8000, -5.791
37.99, -0.8000, -7.183
38.00, -0.8000, -8.844
38.01, -0.8000, -8.164
38.02, -0.8000, -7.483
38.03, -0.8000, -6.170
38.04, -0.8000, -7.467
38.05, -0.8000, -7.557
38.06, -0.8000, -5.232
38.07, -0.8000, -6.147
38.08, -0.8000, -5.678
38.09, -0.8000, -6.989
38.10, -0.8000, -7.895
38.11, -0.8000, -7.200
38.12, -0.8000, -5.869
38.13, -0.8000, -7.653
38.14, -0.8000, -7.320
38.15, -0.8000, -6.096
38.16, -0.8000, -7.935
38.17, -0.8000, -8.454
38.18, -0.8000, -7.539
38.19, -0.8000, -6.935
38.20, -0.8000, -6.988
38.21, -0.8000, -6.875
38.22, -0.8000, -6.070
38.23, -0.8000, -5.471
38.24, -0.8000, -6.276
38.25, -0.8000, -6.397
38.26, -0.8000, -7.184
38.27, -0.8000, -7.193
38.28, -0.8000, -6.546
38.29, -0.8000, -6.821
38.30, -0.8000, -7.698
38.31, -0.8000, -7.758
38.32, -0.8000, -7.941
38.33, -0.8000, -7.507
38.34, -0.8000, -7.846
38.35, -0.8000, -7.883
38.36, -0.8000, -7.913
38.37, -0.8000, -7.208
38.38, -0.8000, -6.155
38.39, -0.8000, -6.086
38.40, -0.8000, -6.928
38.41, -0.8000, -7.869
38.42, -0.8000, -7.184
38.43, -0.8000, -8.022
38.44, -0.8000, -6.526
38.45, -0.8000, -7.634
38.46, -0.8000, -7.026
38.47, -0.8000, -7.737
38.48, -0.8000, -9.345
38.49, -0.8000, -6.483
38.50, -0.8000, -6.657
38.51, -0.8000, -6.142
38.52, -0.8000, -6.853
38.53, -0.8000, -7.589
38.54, -0.8000, -6.915
38.55, -0.8000, -5.987
38.56, -0.8000, -6.304
38.57, -0.8000, -5.754
38.58, -0.8000, -7.268
38.59, -0.8000, -6.587
38.60, -0.8000, -6.236
38.61, -0.8000, -7.684
38.62, -0.8000, -6.454
38.63, -0.8000, -8.062
38.64, -0.8000, -6.848
38.65, -0.8000, -5.928
38.66, -0.8000, -7.073
38.67, -0.8000, -6.178
38.68, -0.8000, -5.151
38.69, -0.8000, -6.204
38.70, -0.8000, -7.112
38.71, -0.8000, -7.112
38.72, -0.8000, -7.719
38.73, -0.8000, -7.482
38.74, -0.8000, -7.263
38.75, -0.8000, -7.934
38.76, -0.8000, -8.571
38.77, -0.8000, -7.588
38.78, -0.8000, -8.794
38.79, -0.8000, -7.457
38.80, -0.8000, -5.638
38.81, -0.8000, -5.557
38.82, -0.8000, -6.604
38.83, -0.8000, -5.897
38.84, -0.8000, -5.723
38.85, -0.8000, -6.631
38.86, -0.8000, -7.279
38.87, -0.8000, -6.391
38.88, -0.8000, -6.728
38.89, -0.8000, -8.230
38.90, -0.8000, -7.892
38.91, -0.8000, -7.395
38.92, -0.8000, -7.591
38.93, -0.8000, -6.748
38.94, -0.8000, -6.615
38.95, -0.8000, -8.334
38.96, -0.8000, -8.163
38.97, -0.8000, -5.714
38.98, -0.8000, -7.135
38.99, -0.8000, -5.369
39.00, -0.8000, -5.722
39.01, -0.8000, -7.322
39.02, -0.8000, -6.162
39.03, -0.8000, -7.263
39.04, -0.8000, -5.738
39.05, -0.8000, -5.388
39.06, -0.8000, -8.103
39.07, -0.8000, -6.898
39.08, -0.8000, -5.685
39.09, -0.8000, -5.706
39.10, -0.8000, -8.190
39.11, -0.8000, -7.204
39.12, -0.8000, -7.239
39.13, -0.8000, -7.098
39.14, -0.8000, -6.040
39.15, -0.8000, -5.616
39.16, -0.8000, -5.868
39.17, -0.8000, -6.292
39.18, -0.8000, -5.983
39.19, -0.8000, -7.279
39.20, -0.8000, -6.077
39.21, -0.8000, -6.581
39.22, -0.8000, -6.857
39.23, -0.8000, -6.333
39.24, -0.8000, -8.305
39.25, -0.8000, -6.017
39.26, -0.8000, -7.466
39.27, -0.8000, -6.050
39.28, -0.8000, -7.451
39.29, -0.8000, -5.954
39.30, -0.8000, -5.759
39.31, -0.8000, -7.779
39.32, -0.8000, -6.983
39.33, -0.8000, -5.343
39.34, -0.8000, -6.366
39.35, -0.8000, -8.662
39.36, -0.8000, -6.869
39.37, -0.8000, -7.435
39.38, -0.8000, -7.905
39.39, -0.8000, -6.533
39.40, -0.8000, -6.804
39.41, -0.8000, -6.152
39.42, -0.8000, -5.733
39.43, -0.8000, -7.344
39.44, -0.8000, -6.602
39.45, -0.8000, -7.874
39.46, -0.8000, -6.730
39.47, -0.8000, -5.934
39.48, -0.8000, -5.475
39.49, -0.8000, -6.384
39.50, -0.8000, -7.514
39.51, -0.8000, -6.968
39.52, -0.8000, -6.865
39.53, -0.8000, -8.078
39.54, -0.8000, -7.954
39.55, -0.8000, -6.979
39.56, -0.8000, -5.333
39.57, -0.8000, -5.571
39.58, -0.8000, -7.022
39.59, -0.8000, -6.075
39.60, -0.8000, -6.139
39.61, -0.8000, -7.455
39.62, -0.8000, -7.279
39.63, -0.8000, -7.276
39.64, -0.8000, -6.944
39.65, -0.8000, -8.332
39.66, -0.8000, -6.953
39.67, -0.8000, -7.555
39.68, -0.8000, -6.592
39.69, -0.8000, -8.577
39.70, -0.8000, -6.037
39.71, -0.8000, -5.842
39.72, -0.8000, -7.199
39.73, -0.8000, -5.862
39.74, -0.8000, -7.158
39.75, -0.8000, -5.597
39.76, -0.8000, -5.569
39.77, -0.8000, -7.659
39.78, -0.8000, -7.610
39.79, -0.8000, -5.818
39.80, -0.8000, -6.130
39.81, -0.8000, -8.932
39.82, -0.8000, -6.537
39.83, -0.8000, -7.091
39.84, -0.8000, -7.033
39.85, -0.8000, -5.858
39.86, -0.8000, -6.649
39.87, -0.8000, -6.586
39.88, -0.8000, -7.273
39.89, -0.8000, -7.142
39.90, -0.8000, -6.540
39.91, -0.8000, -5.841
39.92, -0.8000, -7.673
39.93, -0.8000, -7.603
39.94, -0.8000, -6.878
39.95, -0.8000, -7.301
39.96, -0.8000, -7.533
39.97, -0.8000, -6.181
39.98, -0.8000, -7.221
39.99, -0.8000, -6.932
40.00, -0.8000, -5.383
40.01, -0.8000, -6.113
40.02, -0.8000, -6.036
40.03, -0.8000, -7.057
40.04, -0.8000, -6.533
40.05, -0.8000, -5.889
40.06, -0.8000, -5.899
40.07, -0.8000, -7.459
40.08, -0.8000, -6.569
40.09, -0.8000, -5.908
40.10, -0.8000, -6.844
40.11, -0.8000, -7.348
40.12, -0.8000, -7.698
40.13, -0.8000, -6.171
40.14, -0.8000, -7.261
40.15, -0.8000, -6.570
40.16, -0.8000, -7.692
40.17, -0.8000, -6.870
40.18, -0.8000, -6.922
40.19, -0.8000, -9.457
40.20, -0.8000, -6.649
40.21, -0.8000, -7.670
40.22, -0.8000, -6.792
40.23, -0.8000, -5.464
40.24, -0.8000, -7.382
40.25, -0.8000, -6.346
40.26, -0.8000, -6.816
40.27, -0.8000, -6.456
40.28, -0.8000, -6.641
40.29, -0.8000, -7.424
40.30, -0.8000, -8.190
40.31, -0.8000, -8.157
40.32, -0.8000, -7.771
40.33, -0.8000, -7.643
40.34, -0.8000, -6.252
40.35, -0.8000, -7.503
40.36, -0.8000, -7.115
40.37, -0.8000, -6.463
40.38, -0.8000, -6.941
40.39, -0.8000, -5.660
40.40, -0.8000, -7.609
40.41, -0.8000, -7.151
40.42, -0.8000, -6.607
40.43, -0.8000, -7.540
40.44, -0.8000, -7.529
40.45, -0.8000, -6.703
40.46, -0.8000, -6.878
40.47, -0.8000, -7.330
40.48, -0.8000, -8.115
40.49, -0.8000, -7.870
40.50, -0.8000, -5.958
40.51, -0.8000, -7.866
40.52, -0.8000, -6.693
40.53, -0.8000, -7.552
40.54, -0.8000, -6.837
40.55, -0.8000, -6.819
40.56, -0.8000, -6.551
40.57, -0.8000, -6.498
40.58, -0.8000, -6.706
40.59, -0.8000, -7.054
40.60, -0.8000, -6.513
40.61, -0.8000, -5.808
40.62, -0.8000, -7.284
40.63, -0.8000, -8.640
40.64, -0.8000, -8.258
40.65, -0.8000, -5.415
40.66, -0.8000, -7.693
40.67, -0.8000, -8.034
40.68, -0.8000, -7.540
40.69, -0.8000, -6.886
40.70, -0.8000, -6.685
40.71, -0.8000, -5.234
40.72, -0.8000, -6.916
40.73, -0.8000, -6.203
40.74, -0.8000, -7.216
40.75, -0.8000, -5.285
40.76, -0.8000, -6.099
40.77, -0.8000, -8.224
40.78, -0.8000, -6.384
40.79, -0.8000, -7.341
40.80, -0.8000, -8.316
40.81, -0.8000, -8.021
40.82, -0.8000, -6.691
40.83, -0.8000, -8.510
40.84, -0.8000, -6.212
40.85, -0.8000, -6.731
40.86, -0.8000, -8.077
40.87, -0.8000, -7.116
40.88, -0.8000, -4.929
40.89, -0.8000, -5.777
40.90, -0.8000, -6.922
40.91, -0.8000, -7.141
40.92, -0.8000, -7.196
40.93, -0.8000, -7.778
40.94, -0.8000, -7.100
40.95, -0.8000, -7.423
40.96, -0.8000, -8.038
40.97, -0.8000, -6.746
40.98, -0.8000, -6.014
40.99, -0.8000, -6.977
41.00, -0.8000, -6.491
41.01, -0.8000, -7.252
41.02, -0.8000, -7.011
41.03, -0.8000, -7.990
41.04, -0.8000, -6.758
41.05, -0.8000, -5.079
41.06, -0.8000, -7.957
41.07, -0.8000, -7.161
41.08, -0.8000, -6.648
41.09, -0.8000, -6.808
41.10, -0.8000, -6.831
41.11, -0.8000, -6.597
41.12, -0.8000, -5.938
41.13, -0.8000, -6.288
41.14, -0.8000, -7.470
41.15, -0.8000, -8.544
41.16, -0.8000, -7.638
41.17, -0.8000, -7.353
41.18, -0.8000, -5.871
41.19, -0.8000, -6.508
41.20, -0.8000, -5.927
41.21, -0.8000, -6.444
41.22, -0.8000, -7.297
41.23, -0.8000, -7.354
41.24, -0.8000, -6.788
41.25, -0.8000, -7.176
41.26, -0.8000, -7.859
41.27, -0.8000, -5.875
41.28, -0.8000, -7.800
41.29, -0.8000, -6.819
41.30, -0.8000, -6.699
41.31, -0.8000, -6.747
41.32, -0.8000, -8.250
41.33, -0.8000, -6.604
41.34, -0.8000, -7.304
41.35, -0.8000, -6.599
41.36, -0.8000, -5.599
41.37, -0.8000, -6.589
41.38, -0.8000, -6.112
41.39, -0.8000, -7.314
41.40, -0.8000, -5.989
41.41, -0.8000, -8.490
41.42, -0.8000, -6.840
41.43, -0.8000, -8.158
41.44, -0.8000, -7.419
41.45, -0.8000, -7.079
41.46, -0.8000, -6.417
41.47, -0.8000, -7.556
41.48, -0.8000, -7.423
41.49, -0.8000, -7.087
41.50, -0.8000, -6.798
41.51, -0.8000, -6.582
41.52, -0.8000, -5.318
41.53, -0.8000, -7.763
41.54, -0.8000, -5.619
41.55, -0.8000, -8.020
41.56, -0.8000, -6.886
41.57, -0.8000, -8.039
41.58, -0.8000, -7.537
41.59, -0.8000, -6.443
41.60, -0.8000, -5.454
41.61, -0.8000, -5.967
41.62, -0.8000, -6.016
41.63, -0.8000, -7.044
41.64, -0.8000, -6.012
41.65, -0.8000, -6.663
41.66, -0.8000, -6.849
41.67, -0.8000, -7.481
41.68, -0.8000, -6.982
41.69, -0.8000, -7.549
41.70, -0.8000, -6.694
41.71, -0.8000, -5.238
41.72, -0.8000, -5.415
41.73, -0.8000, -9.067
41.74, -0.8000, -8.158
41.75, -0.8000, -7.362
41.76, -0.8000, -5.605
41.77, -0.8000, -5.641
41.78, -0.8000, -7.408
41.79, -0.8000, -6.490
41.80, -0.8000, -8.188
41.81, -0.8000, -7.842
41.82, -0.8000, -8.801
41.83, -0.8000, -7.678
41.84, -0.8000, -6.686
41.85, -0.8000, -5.874
41.86, -0.8000, -4.792
41.87, -0.8000, -6.863
41.88, -0.8000, -7.327
41.89, -0.8000, -6.956
41.90, -0.8000, -7.055
41.91, -0.8000, -6.013
41.92, -0.8000, -8.113
41.93, -0.8000, -7.727
41.94, -0.8000, -7.464
41.95, -0.8000, -7.122
41.96, -0.8000, -6.784
41.97, -0.8000, -7.712
41.98, -0.8000, -8.450
41.99, -0.8000, -7.632
42.00, -0.8000, -6.860
42.01, -0.8000, -7.815
42.02, -0.8000, -7.737
42.03, -0.8000, -5.246
42.04, -0.8000, -5.997
42.05, -0.8000, -6.275
42.06, -0.8000, -5.271
42.07, -0.8000, -5.933
42.08, -0.8000, -6.064
42.09, -0.8000, -6.988
42.10, -0.8000, -6.476
42.11, -0.8000, -5.982
42.12, -0.8000, -6.919
42.13, -0.8000, -6.757
42.14, -0.8000, -6.658
42.15, -0.8000, -6.533
42.16, -0.8000, -6.815
42.17, -0.8000, -6.127
42.18, -0.8000, -7.391
42.19, -0.8000, -7.469
42.20, -0.8000, -7.925
42.21, -0.8000, -8.242
42.22, -0.8000, -7.268
42.23, -0.8000, -7.016
42.24, -0.8000, -7.274
42.25, -0.8000, -5.657
42.26, -0.8000, -6.204
42.27, -0.8000, -6.713
42.28, -0.8000, -6.310
42.29, -0.8000, -6.671
42.30, -0.8000, -5.808
42.31, -0.8000, -7.335
42.32, -0.8000, -5.564
42.33, -0.8000, -6.669
42.34, -0.8000, -6.356
42.35, -0.8000, -6.656
42.36, -0.8000, -6.910
42.37, -0.8000, -6.997
42.38, -0.8000, -6.534
42.39, -0.8000, -8.585
42.40, -0.8000, -7.226
42.41, -0.8000, -7.300
42.42, -0.8000, -6.520
42.43, -0.8000, -5.182
42.44, -0.8000, -5.553
42.45, -0.8000, -7.144
42.46, -0.8000, -5.705
42.47, -0.8000, -7.172
42.48, -0.8000, -7.436
42.49, -0.8000, -7.009
42.50, -0.8000, -7.580
42.51, -0.8000, -6.918
42.52, -0.8000, -6.217
42.53, -0.8000, -7.084
42.54, -0.8000, -7.112
42.55, -0.8000, -6.928
42.56, -0.8000, -7.661
42.57, -0.8000, -7.888
42.58, -0.8000, -7.577
42.59, -0.8000, -7.690
42.60, -0.8000, -6.837
42.61, -0.8000, -5.956
42.62, -0.8000, -6.317
42.63, -0.8000, -5.864
42.64, -0.8000, -7.101
42.65, -0.8000, -7.314
42.66, -0.8000, -5.823
42.67, -0.8000, -6.227
42.68, -0.8000, -6.628
42.69, -0.8000, -6.602
42.70, -0.8000, -7.034
42.71, -0.8000, -6.153
42.72, -0.8000, -7.624
42.73, -0.8000, -8.513
42.74, -0.8000, -7.448
42.75, -0.8000, -7.215
42.76, -0.8000, -6.539
42.77, -0.8000, -7.351
42.78, -0.8000, -7.135
42.79, -0.8000, -6.634
42.80, -0.8000, -6.157
42.81, -0.8000, -6.635
42.82, -0.8000, -7.426
42.83, -0.8000, -6.780
42.84, -0.8000, -7.022
42.85, -0.8000, -6.427
42.86, -0.8000, -6.991
42.87, -0.8000, -6.761
42.88, -0.8000, -6.384
42.89, -0.8000, -8.155
42.90, -0.8000, -7.751
42.91, -0.8000, -5.404
42.92, -0.8000, -7.185
42.93, -0.8000, -7.452
42.94, -0.8000, -7.137
42.95, -0.8000, -5.627
42.96, -0.8000, -7.411
42.97, -0.8000, -6.810
42.98, -0.8000, -5.958
42.99, -0.8000, -6.422
43.00, -0.8000, -8.043
43.01, -0.8000, -5.754
43.02, -0.8000, -5.622
43.03, -0.8000, -7.560
43.04, -0.8000, -7.882
43.05, -0.8000, -6.034
43.06, -0.8000, -7.647
43.07, -0.8000, -6.836
43.08, -0.8000, -7.645
43.09, -0.8000, -6.487
43.10, -0.8000, -7.499
43.11, -0.8000, -8.213
43.12, -0.8000, -7.494
43.13, -0.8000, -5.700
43.14, -0.8000, -6.072
43.15, -0.8000, -5.689
43.16, -0.8000, -6.691
43.17, -0.8000, -6.446
43.18, -0.8000, -5.975
43.19, -0.8000, -6.326
43.20, -0.8000, -7.594
43.21, -0.8000, -6.341
43.22, -0.8000, -7.175
43.23, -0.8000, -7.689
43.24, -0.8000, -8.287
43.25, -0.8000, -5.894
43.26, -0.8000, -6.757
43.27, -0.8000, -6.600
43.28, -0.8000, -6.660
43.29, -0.8000, -7.720
43.30, -0.8000, -7.884
43.31, -0.8000, -7.346
43.32, -0.8000, -6.903
43.33, -0.8000, -5.506
43.34, -0.8000, -6.216
43.35, -0.8000, -5.631
43.36, -0.8000, -5.965
43.37, -0.8000, -5.292
43.38, -0.8000, -6.790
43.39, -0.8000, -6.539
43.40, -0.8000, -7.095
43.41, -0.8000, -6.329
43.42, -0.8000, -7.712
43.43, -0.8000, -7.250
43.44, -0.8000, -7.085
43.45, -0.8000, -6.900
43.46, -0.8000, -7.730
43.47, -0.8000, -7.277
43.48, -0.8000, -7.569
43.49, -0.8000, -6.672
43.50, -0.8000, -6.843
43.51, -0.8000, -8.199
43.52, -0.8000, -7.852
43.53, -0.8000, -6.814
43.54, -0.8000, -6.065
43.55, -0.8000, -6.147
43.56, -0.8000, -5.621
43.57, -0.8000, -6.150
43.58, -0.8000, -6.504
43.59, -0.8000, -6.197
43.60, -0.8000, -5.834
43.61, -0.8000, -7.162
43.62, -0.8000, -6.563
43.63, -0.8000, -5.982
43.64, -0.8000, -7.792
43.65, -0.8000, -5.672
43.66, -0.8000, -6.451
43.67, -0.8000, -7.594
43.68, -0.8000, -7.550
43.69, -0.8000, -7.545
43.70, -0.8000, -6.578
43.71, -0.8000, -5.967
43.72, -0.8000, -6.926
43.73, -0.8000, -5.333
43.74, -0.8000, -7.731
43.75, -0.8000, -6.212
43.76, -0.8000, -6.545
43.77, -0.8000, -7.500
43.78, -0.8000, -6.695
43.79, -0.8000, -7.379
43.80, -0.8000, -6.256
43.81, -0.8000, -6.142
43.82, -0.8000, -7.175
43.83, -0.8000, -7.119
43.84, -0.8000, -6.446
43.85, -0.8000, -7.330
43.86, -0.8000, -7.800
43.87, -0.8000, -5.784
43.88, -0.8000, -4.853
43.89, -0.8000, -7.344
43.90, -0.8000, -5.448
43.91, -0.8000, -7.134
43.92, -0.8000, -5.406
43.93, -0.8000, -6.660
43.94, -0.8000, -7.131
43.95, -0.8000, -7.474
43.96, -0.8000, -7.672
43.97, -0.8000, -5.913
43.98, -0.8000, -7.704
43.99, -0.8000, -6.496
44.00, -0.8000, -6.429
44.01, -0.8000, -5.099
44.02, -0.8000, -6.262
44.03, -0.8000, -5.892
44.04, -0.8000, -6.717
44.05, -0.8000, -7.124
44.06, -0.8000, -5.977
44.07, -0.8000, -6.077
44.08, -0.8000, -7.206
44.09, -0.8000, -5.859
44.10, -0.8000, -8.576
44.11, -0.8000, -8.313
44.12, -0.8000, -7.626
44.13, -0.8000, -8.695
44.14, -0.8000, -6.894
44.15, -0.8000, -7.089
44.16, -0.8000, -7.438
44.17, -0.8000, -6.495
44.18, -0.8000, -6.750
44.19, -0.8000, -5.323
44.20, -0.8000, -7.232
44.21, -0.8000, -8.042
44.22, -0.8000, -5.644
44.23, -0.8000, -6.249
44.24, -0.8000, -6.801
44.25, -0.8000, -6.986
44.26, -0.8000, -6.867
44.27, -0.8000, -6.115
44.28, -0.8000, -7.790
44.29, -0.8000, -7.495
44.30, -0.8000, -7.911
44.31, -0.8000, -6.200
44.32, -0.8000, -6.926
44.33, -0.8000, -6.856
44.34, -0.8000, -4.861
44.35, -0.8000, -7.129
44.36, -0.8000, -6.183
44.37, -0.8000, -6.132
44.38, -0.8000, -6.479
44.39, -0.8000, -5.438
44.40, -0.8000, -6.996
44.41, -0.8000, -5.826
44.42, -0.8000, -6.575
44.43, -0.8000, -7.163
44.44, -0.8000, -5.976
44.45, -0.8000, -7.380
44.46, -0.8000, -6.766
44.47, -0.8000, -7.269
44.48, -0.8000, -6.617
44.49, -0.8000, -6.815
44.50, -0.8000, -6.713
44.51, -0.8000, -6.835
44.52, -0.8000, -7.651
44.53, -0.8000, -6.319
44.54, -0.8000, -6.308
44.55, -0.8000, -6.190
44.56, -0.8000, -5.787
44.57, -0.8000, -6.771
44.58, -0.8000, -6.534
44.59, -0.8000, -6.609
44.60, -0.8000, -6.055
44.61, -0.8000, -5.913
44.62, -0.8000, -8.106
44.63, -0.8000, -6.745
44.64, -0.8000, -7.643
44.65, -0.8000, -6.962
44.66, -0.8000, -7.239
44.67, -0.8000, -6.659
44.68, -0.8000, -7.771
44.69, -0.8000, -7.922
44.70, -0.8000, -4.946
44.71, -0.8000, -7.833
44.72, -0.8000, -7.163
44.73, -0.8000, -6.404
44.74, -0.8000, -7.547
44.75, -0.8000, -5.748
44.76, -0.8000, -7.525
44.77, -0.8000, -6.281
44.78, -0.8000, -7.522
44.79, -0.8000, -7.420
44.80, -0.8000, -8.000
44.81, -0.8000, -6.015
44.82, -0.8000, -7.677
44.83, -0.8000, -8.273
44.84, -0.8000, -7.129
44.85, -0.8000, -6.814
44.86, -0.8000, -6.247
44.87, -0.8000, -5.652
44.88, -0.8000, -4.599
44.89, -0.8000, -6.626
44.90, -0.8000, -5.422
44.91, -0.8000, -7.581
44.92, -0.8000, -7.432
44.93, -0.8000, -5.804
44.94, -0.8000, -6.423
44.95, -0.8000, -7.401
44.96, -0.8000, -6.567
44.97, -0.8000, -6.520
44.98, -0.8000, -5.717
44.99, -0.8000, -6.411
45.00, 0.000, -7.005
45.01, 0.001000, 147.9
45.02, 0.002000, 59.43
45.03, 0.003000, 36.34
45.04, 0.004000, 25.20
45.05, 0.005000, 19.09
45.06, 0.006000, 13.65
45.07, 0.007000, 11.98
45.08, 0.008000, 9.887
45.09, 0.009000, 8.492
45.10, 0.01000, 7.884
45.11, 0.01100, 6.243
45.12, 0.01200, 5.188
45.13, 0.01300, 4.322
45.14, 0.01400, 4.282
45.15, 0.01500, 4.223
45.16, 0.01600, 3.417
45.17, 0.01700, 3.592
45.18, 0.01800, 2.587
45.19, 0.01900, 2.461
45.20, 0.02000, 0.9111
45.21, 0.02100, 2.251
45.22, 0.02200, 1.316
45.23, 0.02300, -0.6403
45.24, 0.02400, 0.03660
45.25, 0.02500, 0.8895
45.26, 0.02600, 2.425
45.27, 0.02700, 2.852
45.28, 0.02800, 2.710
45.29, 0.02900, 3.420
45.30, 0.03000, 1.758
45.31, 0.03100, 2.140
45.32, 0.03200, -0.9272
45.33, 0.03300, 0.5892
45.34, 0.03400, 2.067
45.35, 0.03500, -0.4341
45.36, 0.03600, 0.3625
45.37, 0.03700, 0.4741
45.38, 0.03800, 0.2163
45.39, 0.03900, 0.2741
45.40, 0.04000, -0.8014
45.41, 0.04100, 0.1577
45.42, 0.04200, -1.564
45.43, 0.04300, -0.2551
45.44, 0.04400, -0.4476
45.45, 0.04500, -1.007
45.46, 0.04600, -1.518
45.47, 0.04700, -0.3924
45.48, 0.04800, -0.2636
45.49, 0.04900, -0.7940
45.50, 0.05000, -2.884
45.51, 0.05100, 0.8455
45.52, 0.05200, -0.3662
45.53, 0.05300, -2.073
45.54, 0.05400, 0.2062
45.55, 0.05500, 1.171
45.56, 0.05600, -0.2499
45.57, 0.05700, -0.6590
45.58, 0.05800, -0.09665
45.59, 0.05900, -0.7673
45.60, 0.06000, -1.874
45.61, 0.06100, -1.258
45.62, 0.06200, -0.5682
45.63, 0.06300, -0.7665
45.64, 0.06400, -0.9413
45.65, 0.06500, -1.770
45.66, 0.06600, -1.450
45.67, 0.06700, -1.161
45.68, 0.06800, -1.531
45.69, 0.06900, 0.3460
45.70, 0.07000, 0.8269
45.71, 0.07100, -0.9613
45.72, 0.07200, 0.8238
45.73, 0.07300, -0.7829
45.74, 0.07400, 0.1482
45.75, 0.07500, 0.2839
45.76, 0.07600, 2.040
45.77, 0.07700, -0.2140
45.78, 0.07800, -1.164
45.79, 0.07900, 1.310
45.80, 0.08000, 1.808
45.81, 0.08100, 0.6843
45.82, 0.08200, -0.7933
45.83, 0.08300, -0.2952
45.84, 0.08400, 0.5587
45.85, 0.08500, 0.4215
45.86, 0.08600, -1.299
45.87, 0.08700, -0.5998
45.88, 0.08800, -0.9058
45.89, 0.08900, -0.06145
45.90, 0.09000, -0.1926
45.91, 0.09100, -2.569
45.92, 0.09200, -0.6389
45.93, 0.09300, -1.792
45.94, 0.09400, -1.703
45.95, 0.09500, -1.246
45.96, 0.09600, -0.7650
45.97, 0.09700, -0.4030
45.98, 0.09800, -1.866
45.99, 0.09900, -1.873
46.00, 0.1000, -1.975
46.01, 0.1010, 0.1985
46.02, 0.1020, 0.1042
46.03, 0.1030, 0.2933
46.04, 0.1040, -1.166
46.05, 0.1050, -0.1346
46.06, 0.1060, -0.9587
46.07, 0.1070, 0.6734
46.08, 0.1080, 0.1568
46.09, 0.1090, 1.472
46.10, 0.1100, 0.7388
46.11, 0.1110, 0.2795
46.12, 0.1120, 0.9836
46.13, 0.1130, 0.8440
46.14, 0.1140, 0.1409
46.15, 0.1150, -0.1554
46.16, 0.1160, -0.8933
46.17, 0.1170, 1.240
46.18, 0.1180, 1.098
46.19, 0.1190, 1.138
46.20, 0.1200, 1.581
46.21, 0.1210, 1.002
46.22, 0.1220, 0.9462
46.23, 0.1230, 0.4084
46.24, 0.1240, -0.3099
46.25, 0.1250, 0.5903
46.26, 0.1260, -1.778
46.27, 0.1270, -1.924
46.28, 0.1280, -0.3224
46.29, 0.1290, 1.362
46.30, 0.1300, 0.3530
46.31, 0.1310, 1.599
46.32, 0.1320, 2.115
46.33, 0.1330, 1.178
46.34, 0.1340, 2.016
46.35, 0.1350, 0.8631
46.36, 0.1360, -0.09576
46.37, 0.1370, 1.588
46.38, 0.1380, -0.2825
46.39, 0.1390, -1.869
46.40, 0.1400, 0.5577
46.41, 0.1410, 0.6324
46.42, 0.1420, -0.2296
46.43, 0.1430, 1.332
46.44, 0.1440, -0.1657
46.45, 0.1450, 0.5533
46.46, 0.1460, -0.8651
46.47, 0.1470, 2.274
46.48, 0.1480, 2.249
46.49, 0.1490, 2.193
46.50, 0.1500, 2.207
46.51, 0.1510, 2.802
46.52, 0.1520, 0.5549
46.53, 0.1530, 2.697
46.54, 0.1540, 1.457
46.55, 0.1550, 1.092
46.56, 0.1560, 1.944
46.57, 0.1570, 0.6181
46.58, 0.1580, 1.812
46.59, 0.1590, 3.146
46.60, 0.1600, 1.656
46.61, 0.1610, 1.075
46.62, 0.1620, -0.2267
46.63, 0.1630, 0.5235
46.64, 0.1640, 0.9432
46.65, 0.1650, 2.177
46.66, 0.1660, 0.3638
46.67, 0.1670, 2.352
46.68, 0.1680, 1.249
46.69, 0.1690, 1.509
46.70, 0.1700, 0.7482
46.71, 0.1710, 2.725
46.72, 0.1720, 2.564
46.73, 0.1730, 1.926
46.74, 0.1740, 2.805
46.75, 0.1750, 3.580
46.76, 0.1760, 3.362
46.77, 0.1770, 0.8686
46.78, 0.1780, -0.01013
46.79, 0.1790, 1.346
46.80, 0.1800, 1.750
46.81, 0.1810, 2.171
46.82, 0.1820, 1.826
46.83, 0.1830, 1.801
46.84, 0.1840, 1.084
46.85, 0.1850, 1.450
46.86, 0.1860, 3.117
46.87, 0.1870, 1.795
46.88, 0.1880, 3.231
46.89, 0.1890, 1.469
46.90, 0.1900, 0.8466
46.91, 0.1910, 2.776
46.92, 0.1920, 3.145
46.93, 0.1930, 1.584
46.94, 0.1940, 3.584
46.95, 0.1950, 3.163
46.96, 0.1960, 0.8389
46.97, 0.1970, 5.051
46.98, 0.1980, 4.160
46.99, 0.1990, 2.482
47.00, 0.2000, 3.085
47.01, 0.2010, 4.239
47.02, 0.2020, 3.200
47.03, 0.2030, 4.701
47.04, 0.2040, 4.671
47.05, 0.2050, 3.653
47.06, 0.2060, 2.844
47.07, 0.2070, 5.559
47.08, 0.2080, 5.031
47.09, 0.2090, 3.699
47.10, 0.2100, 4.410
47.11, 0.2110, 2.776
47.12, 0.2120, 4.131
47.13, 0.2130, 2.440
47.14, 0.2140, 3.836
47.15, 0.2150, 2.878
47.16, 0.2160, 3.611
47.17, 0.2170, 2.904
47.18, 0.2180, 3.075
47.19, 0.2190, 3.701
47.20, 0.2200, 2.650
47.21, 0.2210, 3.793
47.22, 0.2220, 4.494
47.23, 0.2230, 4.645
47.24, 0.2240, 4.935
47.25, 0.2250, 3.082
47.26, 0.2260, 2.774
47.27, 0.2270, 4.411
47.28, 0.2280, 5.239
47.29, 0.2290, 3.449
47.30, 0.2300, 2.436
47.31, 0.2310, 4.573
47.32, 0.2320, 4.266
47.33, 0.2330, 4.738
47.34, 0.2340, 4.865
47.35, 0.2350, 4.709
47.36, 0.2360, 5.857
47.37, 0.2370, 4.599
47.38, 0.2380, 5.669
47.39, 0.2390, 6.192
47.40, 0.2400, 5.904
47.41, 0.2410, 5.422
47.42, 0.2420, 6.269
47.43, 0.2430, 5.245
47.44, 0.2440, 5.361
47.45, 0.2450, 6.244
47.46, 0.2460, 7.238
47.47, 0.2470, 6.036
47.48, 0.2480, 4.858
47.49, 0.2490, 5.854
47.50, 0.2500, 6.205
47.51, 0.2510, 4.858
47.52, 0.2520, 5.538
47.53, 0.2530, 5.198
47.54, 0.2540, 4.155
47.55, 0.2550, 4.652
47.56, 0.2560, 6.441
47.57, 0.2570, 6.211
47.58, 0.2580, 4.646
47.59, 0.2590, 4.668
47.60, 0.2600, 5.216
47.61, 0.2610, 5.776
47.62, 0.2620, 6.595
47.63, 0.2630, 5.743
47.64, 0.2640, 6.310
47.65, 0.2650, 5.709
47.66, 0.2660, 7.242
47.67, 0.2670, 5.390
47.68, 0.2680, 5.514
47.69, 0.2690, 7.687
47.70, 0.2700, 6.368
47.71, 0.2710, 5.829
47.72, 0.2720, 7.303
47.73, 0.2730, 6.273
47.74, 0.2740, 6.161
47.75, 0.2750, 5.652
47.76, 0.2760, 5.697
47.77, 0.2770, 6.220
47.78, 0.2780, 6.102
47.79, 0.2790, 6.112
47.80, 0.2800, 7.583
47.81, 0.2810, 7.257
47.82, 0.2820, 7.446
47.83, 0.2830, 8.210
47.84, 0.2840, 9.165
47.85, 0.2850, 7.257
47.86, 0.2860, 8.507
47.87, 0.2870, 7.568
47.88, 0.2880, 7.909
47.89, 0.2890, 8.906
47.90, 0.2900, 8.161
47.91, 0.2910, 8.949
47.92, 0.2920, 8.877
47.93, 0.2930, 9.466
47.94, 0.2940, 9.452
47.95, 0.2950, 7.659
47.96, 0.2960, 8.880
47.97, 0.2970, 8.970
47.98, 0.2980, 8.923
47.99, 0.2990, 8.512
48.00, 0.3000, 8.601
48.01, 0.3010, 7.421
48.02, 0.3020, 8.656
48.03, 0.3030, 9.457
48.04, 0.3040, 8.112
48.05, 0.3050, 8.271
48.06, 0.3060, 8.285
48.07, 0.3070, 8.706
48.08, 0.3080, 7.708
48.09, 0.3090, 8.297
48.10, 0.3100, 8.496
48.11, 0.3110, 8.210
48.12, 0.3120, 7.880
48.13, 0.3130, 9.396
48.14, 0.3140, 8.801
48.15, 0.3150, 7.795
48.16, 0.3160, 7.767
48.17, 0.3170, 9.359
48.18, 0.3180, 10.63
48.19, 0.3190, 9.277
48.20, 0.3200, 9.394
48.21, 0.3210, 8.868
48.22, 0.3220, 10.32
48.23, 0.3230, 11.59
48.24, 0.3240, 9.319
48.25, 0.3250, 10.85
48.26, 0.3260, 10.58
48.27, 0.3270, 9.400
48.28, 0.3280, 10.41
48.29, 0.3290, 9.800
48.30, 0.3300, 11.38
48.31, 0.3310, 10.34
48.32, 0.3320, 11.06
48.33, 0.3330, 10.06
48.34, 0.3340, 10.41
48.35, 0.3350, 9.556
48.36, 0.3360, 9.657
48.37, 0.3370, 11.13
48.38, 0.3380, 11.02
48.39, 0.3390, 10.65
48.40, 0.3400, 9.191
48.41, 0.3410, 11.07
48.42, 0.3420, 11.08
48.43, 0.3430, 10.38
48.44, 0.3440, 9.621
48.45, 0.3450, 11.22
48.46, 0.3460, 9.965
48.47, 0.3470, 9.983
48.48, 0.3480, 9.814
48.49, 0.3490, 10.84
48.50, 0.3500, 9.535
48.51, 0.3510, 10.02
48.52, 0.3520, 10.26
48.53, 0.3530, 9.451
48.54, 0.3540, 10.67
48.55, 0.3550, 10.91
48.56, 0.3560, 11.25
48.57, 0.3570, 10.42
48.58, 0.3580, 9.568
48.59, 0.3590, 10.34
48.60, 0.3600, 10.63
48.61, 0.3610, 10.62
48.62, 0.3620, 11.33
48.63, 0.3630, 12.41
48.64, 0.3640, 9.442
48.65, 0.3650, 11.62
48.66, 0.3660, 10.66
48.67, 0.3670, 11.81
48.68, 0.3680, 11.94
48.69, 0.3690, 10.19
48.70, 0.3700, 11.53
48.71, 0.3710, 12.64
48.72, 0.3720, 10.11
48.73, 0.3730, 12.94
48.74, 0.3740, 12.01
48.75, 0.3750, 12.87
48.76, 0.3760, 11.11
48.77, 0.3770, 11.68
48.78, 0.3780, 10.93
48.79, 0.3790, 11.83
48.80, 0.3800, 12.61
48.81, 0.3810, 11.53
48.82, 0.3820, 12.44
48.83, 0.3830, 12.15
48.84, 0.3840, 12.89
48.85, 0.3850, 12.96
48.86, 0.3860, 13.08
48.87, 0.3870, 13.58
48.88, 0.3880, 12.78
48.89, 0.3890, 12.09
48.90, 0.3900, 12.66
48.91, 0.3910, 12.73
48.92, 0.3920, 12.18
48.93, 0.3930, 11.15
48.94, 0.3940, 13.01
48.95, 0.3950, 13.01
48.96, 0.3960, 12.13
48.97, 0.3970, 12.42
48.98, 0.3980, 12.43
48.99, 0.3990, 12.63
49.00, 0.4000, 11.23
49.01, 0.4010, 12.66
49.02, 0.4020, 13.64
49.03, 0.4030, 13.17
49.04, 0.4040, 13.01
49.05, 0.4050, 12.67
49.06, 0.4060, 12.89
49.07, 0.4070, 11.58
49.08, 0.4080, 13.24
49.09, 0.4090, 12.84
49.10, 0.4100, 13.90
49.11, 0.4110, 13.88
49.12, 0.4120, 13.58
49.13, 0.4130, 13.38
49.14, 0.4140, 14.25
49.15, 0.4150, 13.73
49.16, 0.4160, 12.43
49.17, 0.4170, 14.10
49.18, 0.4180, 13.86
49.19, 0.4190, 14.30
49.20, 0.4200, 13.77
49.21, 0.4210, 14.40
49.22, 0.4220, 14.34
49.23, 0.4230, 13.52
49.24, 0.4240, 14.20
49.25, 0.4250, 14.49
49.26, 0.4260, 14.17
49.27, 0.4270, 13.52
49.28, 0.4280, 15.15
49.29, 0.4290, 14.96
49.30, 0.4300, 13.45
49.31, 0.4310, 13.66
49.32, 0.4320, 13.62
49.33, 0.4330, 14.02
49.34, 0.4340, 13.43
49.35, 0.4350, 14.14
49.36, 0.4360, 13.52
49.37, 0.4370, 14.77
49.38, 0.4380, 14.87
49.39, 0.4390, 12.75
49.40, 0.4400, 12.51
49.41, 0.4410, 13.84
49.42, 0.4420, 12.97
49.43, 0.4430, 13.31
49.44, 0.4440, 13.53
49.45, 0.4450, 13.95
49.46, 0.4460, 14.79
49.47, 0.4470, 13.91
49.48, 0.4480, 14.37
49.49, 0.4490, 14.19
49.50, 0.4500, 14.58
49.51, 0.4510, 14.36
49.52, 0.4520, 16.00
49.53, 0.4530, 15.03
49.54, 0.4540, 15.27
49.55, 0.4550, 14.78
49.56, 0.4560, 15.34
49.57, 0.4570, 14.33
49.58, 0.4580, 15.72
49.59, 0.4590, 15.44
49.60, 0.4600, 15.24
49.61, 0.4610, 14.98
49.62, 0.4620, 14.72
49.63, 0.4630, 15.85
49.64, 0.4640, 15.86
49.65, 0.4650, 14.90
49.66, 0.4660, 13.80
49.67, 0.4670, 13.59
49.68, 0.4680, 15.09
49.69, 0.4690, 14.39
49.70, 0.4700, 13.21
49.71, 0.4710, 15.09
49.72, 0.4720, 14.38
49.73, 0.4730, 14.92
49.74, 0.4740, 15.03
49.75, 0.4750, 15.15
49.76, 0.4760, 12.46
49.77, 0.4770, 14.06
49.78, 0.4780, 14.84
49.79, 0.4790, 15.05
49.80, 0.4800, 14.31
49.81, 0.4810, 15.75
49.82, 0.4820, 15.79
49.83, 0.4830, 14.98
49.84, 0.4840, 16.00
49.85, 0.4850, 15.25
49.86, 0.4860, 15.29
49.87, 0.4870, 16.12
49.88, 0.4880, 16.90
49.89, 0.4890, 15.67
49.90, 0.4900, 15.97
49.91, 0.4910, 15.72
49.92, 0.4920, 15.53
49.93, 0.4930, 15.74
49.94, 0.4940, 14.41
49.95, 0.4950, 16.58
49.96, 0.4960, 15.57
49.97, 0.4970, 13.31
49.98, 0.4980, 14.28
49.99, 0.4990, 16.31
50.00, 0.5000, 15.45
50.01, 0.5010, 14.18
50.02, 0.5020, 14.58
50.03, 0.5030, 15.38
50.04, 0.5040, 15.50
50.05, 0.5050, 13.87
50.06, 0.5060, 14.28
50.07, 0.5070, 15.60
50.08, 0.5080, 16.82
50.09, 0.5090, 15.13
50.10, 0.5100, 15.86
50.11, 0.5110, 16.24
50.12, 0.5120, 15.37
50.13, 0.5130, 14.85
50.14, 0.5140, 15.24
50.15, 0.5150, 15.09
50.16, 0.5160, 15.94
50.17, 0.5170, 15.83
50.18, 0.5180, 14.13
50.19, 0.5190, 14.13
50.20, 0.5200, 15.71
50.21, 0.5210, 14.02
50.22, 0.5220, 13.64
50.23, 0.5230, 13.94
50.24, 0.5240, 14.54
50.25, 0.5250, 16.19
50.26, 0.5260, 15.19
50.27, 0.5270, 14.84
50.28, 0.5280, 14.55
50.29, 0.5290, 15.10
50.30, 0.5300, 16.13
50.31, 0.5310, 16.92
50.32, 0.5320, 16.16
50.33, 0.5330, 16.87
50.34, 0.5340, 16.46
50.35, 0.5350, 18.09
50.36, 0.5360, 16.46
50.37, 0.5370, 15.22
50.38, 0.5380, 15.56
50.39, 0.5390, 16.28
50.40, 0.5400, 16.17
50.41, 0.5410, 15.62
50.42, 0.5420, 17.09
50.43, 0.5430, 15.36
50.44, 0.5440, 16.04
50.45, 0.5450, 15.99
50.46, 0.5460, 16.53
50.47, 0.5470, 16.83
50.48, 0.5480, 16.21
50.49, 0.5490, 16.00
50.50, 0.5500, 15.89
50.51, 0.5510, 16.58
50.52, 0.5520, 15.69
50.53, 0.5530, 15.06
50.54, 0.5540, 17.10
50.55, 0.5550, 14.34
50.56, 0.5560, 15.45
50.57, 0.5570, 15.64
50.58, 0.5580, 14.58
50.59, 0.5590, 15.58
50.60, 0.5600, 15.67
50.61, 0.5610, 15.73
50.62, 0.5620, 17.02
50.63, 0.5630, 16.35
50.64, 0.5640, 16.02
50.65, 0.5650, 15.65
50.66, 0.5660, 16.63
50.67, 0.5670, 15.01
50.68, 0.5680, 13.48
50.69, 0.5690, 15.91
50.70, 0.5700, 17.02
50.71, 0.5710, 15.41
50.72, 0.5720, 15.93
50.73, 0.5730, 14.27
50.74, 0.5740, 15.92
50.75, 0.5750, 17.46
50.76, 0.5760, 16.69
50.77, 0.5770, 16.83
50.78, 0.5780, 17.38
50.79, 0.5790, 16.23
50.80, 0.5800, 16.39
50.81, 0.5810, 18.03
50.82, 0.5820, 17.30
50.83, 0.5830, 17.65
50.84, 0.5840, 15.91
50.85, 0.5850, 16.82
50.86, 0.5860, 17.66
50.87, 0.5870, 16.12
50.88, 0.5880, 16.12
50.89, 0.5890, 15.46
50.90, 0.5900, 15.30
50.91, 0.5910, 15.93
50.92, 0.5920, 15.28
50.93, 0.5930, 15.82
50.94, 0.5940, 15.87
50.95, 0.5950, 15.46
50.96, 0.5960, 16.86
50.97, 0.5970, 17.94
50.98, 0.5980, 16.98
50.99, 0.5990, 16.59
51.00, 0.6000, 15.99
51.01, 0.6010, 17.45
51.02, 0.6020, 16.13
51.03, 0.6030, 16.00
51.04, 0.6040, 15.81
51.05, 0.6050, 16.02
51.06, 0.6060, 16.89
51.07, 0.6070, 15.58
51.08, 0.6080, 16.36
51.09, 0.6090, 14.72
51.10, 0.6100, 14.88
51.11, 0.6110, 16.67
51.12, 0.6120, 17.01
51.13, 0.6130, 16.02
51.14, 0.6140, 15.28
51.15, 0.6150, 18.82
51.16, 0.6160, 17.43
51.17, 0.6170, 17.62
51.18, 0.6180, 18.57
51.19, 0.6190, 17.82
51.20, 0.6200, 17.01
51.21, 0.6210, 17.14
51.22, 0.6220, 16.77
51.23, 0.6230, 17.31
51.24, 0.6240, 16.06
51.25, 0.6250, 17.74
51.26, 0.6260, 15.07
51.27, 0.6270, 15.81
51.28, 0.6280, 16.66
51.29, 0.6290, 17.58
51.30, 0.6300, 15.95
51.31, 0.6310, 16.98
51.32, 0.6320, 17.41
51.33, 0.6330, 17.21
51.34, 0.6340, 17.66
51.35, 0.6350, 17.53
51.36, 0.6360, 18.84
51.37, 0.6370, 17.79
51.38, 0.6380, 16.85
51.39, 0.6390, 17.01
51.40, 0.6400, 16.88
51.41, 0.6410, 16.78
51.42, 0.6420, 15.97
51.43, 0.6430, 16.15
51.44, 0.6440, 16.00
51.45, 0.6450, 16.64
51.46, 0.6460, 16.50
51.47, 0.6470, 15.31
51.48, 0.6480, 15.73
51.49, 0.6490, 18.66
51.50, 0.6500, 17.79
51.51, 0.6510, 17.00
51.52, 0.6520, 18.16
51.53, 0.6530, 19.16
51.54, 0.6540, 18.27
51.55, 0.6550, 17.24
51.56, 0.6560, 18.41
51.57, 0.6570, 17.61
51.58, 0.6580, 16.46
51.59, 0.6590, 17.18
51.60, 0.6600, 17.44
51.61, 0.6610, 16.52
51.62, 0.6620, 16.76
51.63, 0.6630, 17.53
51.64, 0.6640, 18.56
51.65, 0.6650, 17.69
51.66, 0.6660, 17.92
51.67, 0.6670, 18.04
51.68, 0.6680, 17.54
51.69, 0.6690, 19.10
51.70, 0.6700, 18.55
51.71, 0.6710, 17.80
51.72, 0.6720, 17.82
51.73, 0.6730, 18.02
51.74, 0.6740, 19.27
51.75, 0.6750, 16.13
51.76, 0.6760, 18.50
51.77, 0.6770, 18.15
51.78, 0.6780, 17.63
51.79, 0.6790, 18.63
51.80, 0.6800, 17.45
51.81, 0.6810, 17.94
51.82, 0.6820, 18.04
51.83, 0.6830, 16.62
51.84, 0.6840, 17.76
51.85, 0.6850, 16.60
51.86, 0.6860, 18.98
51.87, 0.6870, 17.67
51.88, 0.6880, 19.39
51.89, 0.6890, 17.81
51.90, 0.6900, 18.12
51.91, 0.6910, 17.42
51.92, 0.6920, 17.28
51.93, 0.6930, 18.30
51.94, 0.6940, 18.17
51.95, 0.6950, 18.26
51.96, 0.6960, 17.47
51.97, 0.6970, 18.03
51.98, 0.6980, 17.98
51.99, 0.6990, 17.89
52.00, 0.7000, 17.80
52.01, 0.7010, 19.21
52.02, 0.7020, 18.13
52.03, 0.7030, 19.23
52.04, 0.7040, 17.07
52.05, 0.7050, 18.81
52.06, 0.7060, 19.03
52.07, 0.7070, 19.22
52.08, 0.7080, 19.14
52.09, 0.7090, 19.88
52.10, 0.7100, 18.37
52.11, 0.7110, 18.51
52.12, 0.7120, 18.77
52.13, 0.7130, 20.39
52.14, 0.7140, 18.73
52.15, 0.7150, 19.37
52.16, 0.7160, 18.51
52.17, 0.7170, 19.32
52.18, 0.7180, 19.41
52.19, 0.7190, 18.71
52.20, 0.7200, 19.43
52.21, 0.7210, 19.37
52.22, 0.7220, 18.75
52.23, 0.7230, 19.16
52.24, 0.7240, 18.07
52.25, 0.7250, 18.20
52.26, 0.7260, 17.87
52.27, 0.7270, 18.61
52.28, 0.7280, 17.21
52.29, 0.7290, 18.59
52.30, 0.7300, 17.34
52.31, 0.7310, 18.21
52.32, 0.7320, 18.14
52.33, 0.7330, 18.56
52.34, 0.7340, 19.55
52.35, 0.7350, 19.31
52.36, 0.7360, 19.79
52.37, 0.7370, 19.27
52.38, 0.7380, 19.04
52.39, 0.7390, 20.55
52.40, 0.7400, 20.06
52.41, 0.7410, 19.85
52.42, 0.7420, 19.40
52.43, 0.7430, 19.32
52.44, 0.7440, 19.81
52.45, 0.7450, 20.29
52.46, 0.7460, 20.11
52.47, 0.7470, 20.09
52.48, 0.7480, 18.93
52.49, 0.7490, 19.65
52.50, 0.7500, 19.36
52.51, 0.7510, 17.58
52.52, 0.7520, 18.41
52.53, 0.7530, 18.99
52.54, 0.7540, 19.37
52.55, 0.7550, 18.87
52.56, 0.7560, 19.11
52.57, 0.7570, 19.94
52.58, 0.7580, 19.00
52.59, 0.7590, 20.58
52.60, 0.7600, 19.71
52.61, 0.7610, 20.65
52.62, 0.7620, 19.86
52.63, 0.7630, 19.21
52.64, 0.7640, 19.46
52.65, 0.7650, 19.27
52.66, 0.7660, 19.04
52.67, 0.7670, 19.57
52.68, 0.7680, 20.39
52.69, 0.7690, 19.26
52.70, 0.7700, 18.72
52.71, 0.7710, 18.88
52.72, 0.7720, 18.78
52.73, 0.7730, 18.84
52.74, 0.7740, 18.66
52.75, 0.7750, 19.48
52.76, 0.7760, 19.40
52.77, 0.7770, 19.60
52.78, 0.7780, 21.03
52.79, 0.7790, 19.02
52.80, 0.7800, 18.76
52.81, 0.7810, 18.29
52.82, 0.7820, 20.00
52.83, 0.7830, 18.65
52.84, 0.7840, 18.87
52.85, 0.7850, 21.11
52.86, 0.7860, 19.33
52.87, 0.7870, 21.46
52.88, 0.7880, 21.03
52.89, 0.7890, 20.88
52.90, 0.7900, 21.70
52.91, 0.7910, 21.26
52.92, 0.7920, 20.31
52.93, 0.7930, 21.17
52.94, 0.7940, 19.38
52.95, 0.7950, 19.81
52.96, 0.7960, 20.79
52.97, 0.7970, 19.20
52.98, 0.7980, 18.78
52.99, 0.7990, 19.74
53.00, 0.8000, 21.08
53.01, 0.8010, 20.79
53.02, 0.8020, 19.85
53.03, 0.8030, 19.59
53.04, 0.8040, 19.90
53.05, 0.8050, 20.43
53.06, 0.8060, 19.02
53.07, 0.8070, 19.29
53.08, 0.8080, 20.51
53.09, 0.8090, 19.43
53.10, 0.8100, 20.85
53.11, 0.8110, 21.14
53.12, 0.8120, 19.54
53.13, 0.8130, 20.84
53.14, 0.8140, 21.02
53.15, 0.8150, 20.82
53.16, 0.8160, 19.69
53.17, 0.8170, 20.08
53.18, 0.8180, 19.87
53.19, 0.8190, 20.18
53.20, 0.8200, 20.60
53.21, 0.8210, 19.37
53.22, 0.8220, 19.40
53.23, 0.8230, 20.40
53.24, 0.8240, 20.23
53.25, 0.8250, 20.85
53.26, 0.8260, 20.69
53.27, 0.8270, 18.92
53.28, 0.8280, 20.90
53.29, 0.8290, 19.79
53.30, 0.8300, 20.57
53.31, 0.8310, 20.41
53.32, 0.8320, 21.46
53.33, 0.8330, 22.12
53.34, 0.8340, 22.57
53.35, 0.8350, 21.91
53.36, 0.8360, 20.99
53.37, 0.8370, 20.53
53.38, 0.8380, 21.70
53.39, 0.8390, 22.49
53.40, 0.8400, 21.85
53.41, 0.8410, 21.43
53.42, 0.8420, 21.72
53.43, 0.8430, 21.08
53.44, 0.8440, 20.65
53.45, 0.8450, 21.21
53.46, 0.8460, 21.44
53.47, 0.8470, 18.60
53.48, 0.8480, 21.64
53.49, 0.8490, 21.87
53.50, 0.8500, 20.92
53.51, 0.8510, 20.91
53.52, 0.8520, 19.95
53.53, 0.8530, 21.66
53.54, 0.8540, 21.25
53.55, 0.8550, 21.19
53.56, 0.8560, 22.35
53.57, 0.8570, 22.81
53.58, 0.8580, 21.73
53.59, 0.8590, 21.87
53.60, 0.8600, 21.56
53.61, 0.8610, 20.91
53.62, 0.8620, 19.55
53.63, 0.8630, 22.37
53.64, 0.8640, 20.89
53.65, 0.8650, 21.47
53.66, 0.8660, 21.40
53.67, 0.8670, 21.86
53.68, 0.8680, 22.48
53.69, 0.8690, 22.28
53.70, 0.8700, 22.09
53.71, 0.8710, 23.30
53.72, 0.8720, 20.75
53.73, 0.8730, 19.92
53.74, 0.8740, 22.19
53.75, 0.8750, 20.74
53.76, 0.8760, 20.99
53.77, 0.8770, 22.78
53.78, 0.8780, 22.73
53.79, 0.8790, 22.97
53.80, 0.8800, 22.87
53.81, 0.8810, 22.30
53.82, 0.8820, 24.10
53.83, 0.8830, 24.50
53.84, 0.8840, 21.85
53.85, 0.8850, 22.27
53.86, 0.8860, 21.67
53.87, 0.8870, 22.29
53.88, 0.8880, 21.92
53.89, 0.8890, 22.14
53.90, 0.8900, 22.55
53.91, 0.8910, 21.64
53.92, 0.8920, 21.90
53.93, 0.8930, 22.18
53.94, 0.8940, 22.20
53.95, 0.8950, 23.18
53.96, 0.8960, 22.32
53.97, 0.8970, 21.00
53.98, 0.8980, 22.85
53.99, 0.8990, 22.60
54.00, 0.9000, 22.00
54.01, 0.9010, 22.54
54.02, 0.9020, 23.28
54.03, 0.9030, 23.00
54.04, 0.9040, 23.51
54.05, 0.9050, 23.85
54.06, 0.9060, 23.51
54.07, 0.9070, 23.23
54.08, 0.9080, 23.99
54.09, 0.9090, 23.60
54.10, 0.9100, 22.26
54.11, 0.9110, 23.50
54.12, 0.9120, 22.76
54.13, 0.9130, 24.93
54.14, 0.9140, 23.94
54.15, 0.9150, 23.69
54.16, 0.9160, 25.62
54.17, 0.9170, 23.42
54.18, 0.9180, 23.83
54.19, 0.9190, 24.16
54.20, 0.9200, 24.77
54.21, 0.9210, 24.23
54.22, 0.9220, 23.57
54.23, 0.9230, 22.48
54.24, 0.9240, 23.85
54.25, 0.9250, 23.51
54.26, 0.9260, 23.84
54.27, 0.9270, 22.47
54.28, 0.9280, 24.04
54.29, 0.9290, 24.22
54.30, 0.9300, 24.40
54.31, 0.9310, 24.71
54.32, 0.9320, 23.84
54.33, 0.9330, 25.94
54.34, 0.9340, 23.07
54.35, 0.9350, 24.44
54.36, 0.9360, 23.87
54.37, 0.9370, 23.94
54.38, 0.9380, 23.48
54.39, 0.9390, 24.79
54.40, 0.9400, 23.93
54.41, 0.9410, 23.55
54.42, 0.9420, 24.60
54.43, 0.9430, 23.98
54.44, 0.9440, 23.78
54.45, 0.9450, 23.71
54.46, 0.9460, 24.39
54.47, 0.9470, 24.51
54.48, 0.9480, 24.67
54.49, 0.9490, 24.36
54.50, 0.9500, 25.48
54.51, 0.9510, 25.39
54.52, 0.9520, 24.60
54.53, 0.9530, 25.64
54.54, 0.9540, 26.66
54.55, 0.9550, 26.59
54.56, 0.9560, 26.45
54.57, 0.9570, 26.43
54.58, 0.9580, 25.65
54.59, 0.9590, 27.00
54.60, 0.9600, 26.33
54.61, 0.9610, 27.31
54.62, 0.9620, 25.35
54.63, 0.9630, 24.57
54.64, 0.9640, 26.42
54.65, 0.9650, 26.02
54.66, 0.9660, 26.12
54.67, 0.9670, 25.25
54.68, 0.9680, 26.51
54.69, 0.9690, 25.89
54.70, 0.9700, 25.90
54.71, 0.9710, 25.10
54.72, 0.9720, 26.70
54.73, 0.9730, 25.49
54.74, 0.9740, 24.74
54.75, 0.9750, 26.04
54.76, 0.9760, 26.12
54.77, 0.9770, 25.67
54.78, 0.9780, 25.61
54.79, 0.9790, 25.42
54.80, 0.9800, 25.64
54.81, 0.9810, 26.81
54.82, 0.9820, 24.95
54.83, 0.9830, 26.70
54.84, 0.9840, 26.64
54.85, 0.9850, 27.85
54.86, 0.9860, 27.41
54.87, 0.9870, 26.26
54.88, 0.9880, 26.76
54.89, 0.9890, 26.81
54.90, 0.9900, 26.54
54.91, 0.9910, 27.57
54.92, 0.9920, 28.11
54.93, 0.9930, 27.79
54.94, 0.9940, 26.96
54.95, 0.9950, 27.67
54.96, 0.9960, 28.50
54.97, 0.9970, 28.43
54.98, 0.9980, 27.25
54.99, 0.9990, 27.20
55.00, 1.000, 28.68
55.01, 1.001, 23.86
55.02, 1.002, 27.90
55.03, 1.003, 27.05
55.04, 1.004, 26.62
55.05, 1.005, 26.38
55.06, 1.006, 26.52
55.07, 1.007, 25.63
55.08, 1.008, 28.23
55.09, 1.009, 25.70
55.10, 1.010, 26.84
55.11, 1.011, 28.10
55.12, 1.012, 27.28
55.13, 1.013, 27.37
55.14, 1.014, 27.91
55.15, 1.015, 27.69
55.16, 1.016, 28.51
55.17, 1.017, 28.60
55.18, 1.018, 28.49
55.19, 1.019, 28.25
55.20, 1.020, 29.43
55.21, 1.021, 28.92
55.22, 1.022, 29.56
55.23, 1.023, 28.38
55.24, 1.024, 29.20
55.25, 1.025, 30.20
55.26, 1.026, 28.91
55.27, 1.027, 29.07
55.28, 1.028, 29.47
55.29, 1.029, 29.06
55.30, 1.030, 27.65
55.31, 1.031, 29.53
55.32, 1.032, 29.02
55.33, 1.033, 28.00
55.34, 1.034, 29.32
55.35, 1.035, 29.69
55.36, 1.036, 29.77
55.37, 1.037, 29.60
55.38, 1.038, 30.04
55.39, 1.039, 31.11
55.40, 1.040, 32.14
55.41, 1.041, 31.74
55.42, 1.042, 30.84
55.43, 1.043, 31.17
55.44, 1.044, 32.35
55.45, 1.045, 29.36
55.46, 1.046, 30.75
55.47, 1.047, 31.20
55.48, 1.048, 30.94
55.49, 1.049, 30.48
55.50, 1.050, 29.99
55.51, 1.051, 30.80
55.52, 1.052, 30.37
55.53, 1.053, 31.09
55.54, 1.054, 31.28
55.55, 1.055, 31.53
55.56, 1.056, 33.80
55.57, 1.057, 30.83
55.58, 1.058, 31.58
55.59, 1.059, 32.74
55.60, 1.060, 30.33
55.61, 1.061, 33.20
55.62, 1.062, 32.19
55.63, 1.063, 32.13
55.64, 1.064, 32.10
55.65, 1.065, 32.34
55.66, 1.066, 31.19
55.67, 1.067, 31.13
55.68, 1.068, 31.56
55.69, 1.069, 32.76
55.70, 1.070, 31.10
55.71, 1.071, 31.26
55.72, 1.072, 32.85
55.73, 1.073, 33.09
55.74, 1.074, 33.53
55.75, 1.075, 34.23
55.76, 1.076, 34.98
55.77, 1.077, 33.72
55.78, 1.078, 33.98
55.79, 1.079, 33.80
55.80, 1.080, 33.73
55.81, 1.081, 33.89
55.82, 1.082, 35.04
55.83, 1.083, 34.61
55.84, 1.084, 35.14
55.85, 1.085, 35.49
55.86, 1.086, 35.39
55.87, 1.087, 34.85
55.88, 1.088, 37.04
55.89, 1.089, 35.62
55.90, 1.090, 36.86
55.91, 1.091, 35.29
55.92, 1.092, 36.29
55.93, 1.093, 38.13
55.94, 1.094, 37.02
55.95, 1.095, 36.25
55.96, 1.096, 38.11
55.97, 1.097, 36.52
55.98, 1.098, 36.80
55.99, 1.099, 36.37
56.00, 1.100, 36.34
56.01, 1.101, 36.13
56.02, 1.102, 36.41
56.03, 1.103, 36.34
56.04, 1.104, 36.73
56.05, 1.105, 35.90
56.06, 1.106, 39.86
56.07, 1.107, 38.70
56.08, 1.108, 39.74
56.09, 1.109, 40.28
56.10, 1.110, 38.79
56.11, 1.111, 38.30
56.12, 1.112, 37.39
56.13, 1.113, 38.44
56.14, 1.114, 38.70
56.15, 1.115, 39.65
56.16, 1.116, 39.42
56.17, 1.117, 38.62
56.18, 1.118, 40.22
56.19, 1.119, 38.01
56.20, 1.120, 39.69
56.21, 1.121, 39.68
56.22, 1.122, 42.29
56.23, 1.123, 42.72
56.24, 1.124, 43.00
56.25, 1.125, 41.89
56.26, 1.126, 40.59
56.27, 1.127, 39.99
56.28, 1.128, 41.18
56.29, 1.129, 42.13
56.30, 1.130, 41.49
56.31, 1.131, 41.78
56.32, 1.132, 42.01
56.33, 1.133, 41.40
56.34, 1.134, 42.02
56.35, 1.135, 42.92
56.36, 1.136, 41.96
56.37, 1.137, 44.07
56.38, 1.138, 44.72
56.39, 1.139, 44.64
56.40, 1.140, 44.30
56.41, 1.141, 43.79
56.42, 1.142, 44.23
56.43, 1.143, 44.00
56.44, 1.144, 45.47
56.45, 1.145, 44.26
56.46, 1.146, 42.96
56.47, 1.147, 44.62
56.48, 1.148, 45.08
56.49, 1.149, 44.86
56.50, 1.150, 44.76
56.51, 1.151, 44.18
56.52, 1.152, 44.48
56.53, 1.153, 45.40
56.54, 1.154, 46.40
56.55, 1.155, 47.19
56.56, 1.156, 46.96
56.57, 1.157, 48.34
56.58, 1.158, 47.31
56.59, 1.159, 46.36
56.60, 1.160, 47.58
56.61, 1.161, 46.79
56.62, 1.162, 47.23
56.63, 1.163, 48.15
56.64, 1.164, 49.17
56.65, 1.165, 48.06
56.66, 1.166, 50.31
56.67, 1.167, 49.04
56.68, 1.168, 49.73
56.69, 1.169, 50.29
56.70, 1.170, 50.34
56.71, 1.171, 50.93
56.72, 1.172, 50.81
56.73, 1.173, 49.65
56.74, 1.174, 51.45
56.75, 1.175, 50.69
56.76, 1.176, 51.76
56.77, 1.177, 50.75
56.78, 1.178, 50.90
56.79, 1.179, 51.42
56.80, 1.180, 51.37
56.81, 1.181, 51.66
56.82, 1.182, 51.57
56.83, 1.183, 52.01
56.84, 1.184, 53.20
56.85, 1.185, 52.64
56.86, 1.186, 53.86
56.87, 1.187, 53.31
56.88, 1.188, 55.14
56.89, 1.189, 53.85
56.90, 1.190, 54.37
56.91, 1.191, 55.20
56.92, 1.192, 54.48
56.93, 1.193, 54.53
56.94, 1.194, 55.00
56.95, 1.195, 56.00
56.96, 1.196, 54.63
56.97, 1.197, 55.51
56.98, 1.198, 55.72
56.99, 1.199, 55.16
57.00, 1.200, 55.42
57.01, 1.201, 55.46
57.02, 1.202, 55.84
57.03, 1.203, 57.59
57.04, 1.204, 57.61
57.05, 1.205, 59.17
57.06, 1.206, 59.29
57.07, 1.207, 60.10
57.08, 1.208, 59.60
57.09, 1.209, 58.87
57.10, 1.210, 60.46
57.11, 1.211, 59.95
57.12, 1.212, 60.09
57.13, 1.213, 59.27
57.14, 1.214, 59.56
57.15, 1.215, 60.33
57.16, 1.216, 61.16
57.17, 1.217, 61.39
57.18, 1.218, 60.58
57.19, 1.219, 60.53
57.20, 1.220, 61.07
57.21, 1.221, 61.71
57.22, 1.222, 61.25
57.23, 1.223, 63.12
57.24, 1.224, 62.42
57.25, 1.225, 63.56
57.26, 1.226, 63.50
57.27, 1.227, 63.97
57.28, 1.228, 64.99
57.29, 1.229, 64.21
57.30, 1.230, 64.52
57.31, 1.231, 65.49
57.32, 1.232, 65.49
57.33, 1.233, 64.13
57.34, 1.234, 65.54
57.35, 1.235, 66.22
57.36, 1.236, 63.70
57.37, 1.237, 66.19
57.38, 1.238, 66.51
57.39, 1.239, 65.52
57.40, 1.240, 64.53
57.41, 1.241, 65.31
57.42, 1.242, 66.32
57.43, 1.243, 65.84
57.44, 1.244, 65.94
57.45, 1.245, 68.14
57.46, 1.246, 68.71
57.47, 1.247, 68.74
57.48, 1.248, 70.09
57.49, 1.249, 71.31
57.50, 1.250, 70.72
57.51, 1.251, 68.70
57.52, 1.252, 70.00
57.53, 1.253, 69.50
57.54, 1.254, 68.99
57.55, 1.255, 69.22
57.56, 1.256, 70.78
57.57, 1.257, 71.51
57.58, 1.258, 70.82
57.59, 1.259, 70.43
57.60, 1.260, 71.89
57.61, 1.261, 70.86
57.62, 1.262, 71.10
57.63, 1.263, 72.00
57.64, 1.264, 71.42
57.65, 1.265, 71.99
57.66, 1.266, 71.88
57.67, 1.267, 71.99
57.68, 1.268, 72.93
57.69, 1.269, 73.63
57.70, 1.270, 72.85
57.71, 1.271, 72.88
57.72, 1.272, 73.56
57.73, 1.273, 72.87
57.74, 1.274, 72.68
57.75, 1.275, 72.86
57.76, 1.276, 74.37
57.77, 1.277, 74.56
57.78, 1.278, 76.04
57.79, 1.279, 75.73
57.80, 1.280, 77.54
57.81, 1.281, 75.89
57.82, 1.282, 76.30
57.83, 1.283, 77.02
57.84, 1.284, 76.76
57.85, 1.285, 77.05
57.86, 1.286, 77.08
57.87, 1.287, 77.75
57.88, 1.288, 78.50
57.89, 1.289, 78.25
57.90, 1.290, 78.32
57.91, 1.291, 78.81
57.92, 1.292, 79.46
57.93, 1.293, 78.74
57.94, 1.294, 78.13
57.95, 1.295, 79.27
57.96, 1.296, 79.56
57.97, 1.297, 79.32
57.98, 1.298, 79.20
57.99, 1.299, 80.05
58.00, 1.300, 79.20
58.01, 1.301, 79.98
58.02, 1.302, 81.36
58.03, 1.303, 79.74
58.04, 1.304, 80.78
58.05, 1.305, 81.15
58.06, 1.306, 83.21
58.07, 1.307, 81.71
58.08, 1.308, 83.22
58.09, 1.309, 84.07
58.10, 1.310, 82.45
58.11, 1.311, 82.68
58.12, 1.312, 82.11
58.13, 1.313, 84.19
58.14, 1.314, 81.69
58.15, 1.315, 82.12
58.16, 1.316, 81.64
58.17, 1.317, 82.44
58.18, 1.318, 83.08
58.19, 1.319, 82.37
58.20, 1.320, 82.58
58.21, 1.321, 83.74
58.22, 1.322, 83.23
58.23, 1.323, 82.88
58.24, 1.324, 82.99
58.25, 1.325, 83.43
58.26, 1.326, 81.77
58.27, 1.327, 82.29
58.28, 1.328, 85.18
58.29, 1.329, 84.47
58.30, 1.330, 84.72
58.31, 1.331, 85.49
58.32, 1.332, 86.88
58.33, 1.333, 85.98
58.34, 1.334, 87.09
58.35, 1.335, 87.62
58.36, 1.336, 87.46
58.37, 1.337, 87.36
58.38, 1.338, 87.54
58.39, 1.339, 88.18
58.40, 1.340, 88.98
58.41, 1.341, 88.32
58.42, 1.342, 86.81
58.43, 1.343, 87.23
58.44, 1.344, 87.79
58.45, 1.345, 88.25
58.46, 1.346, 88.27
58.47, 1.347, 87.79
58.48, 1.348, 88.43
58.49, 1.349, 86.45
58.50, 1.350, 87.49
58.51, 1.351, 87.64
58.52, 1.352, 88.08
58.53, 1.353, 87.99
58.54, 1.354, 88.36
58.55, 1.355, 89.27
58.56, 1.356, 88.78
58.57, 1.357, 89.47
58.58, 1.358, 89.40
58.59, 1.359, 89.63
58.60, 1.360, 88.96
58.61, 1.361, 89.71
58.62, 1.362, 89.42
58.63, 1.363, 87.51
58.64, 1.364, 91.12
58.65, 1.365, 90.78
58.66, 1.366, 90.41
58.67, 1.367, 91.54
58.68, 1.368, 90.92
58.69, 1.369, 89.85
58.70, 1.370, 91.29
58.71, 1.371, 92.28
58.72, 1.372, 89.63
58.73, 1.373, 92.05
58.74, 1.374, 91.17
58.75, 1.375, 92.91
58.76, 1.376, 91.04
58.77, 1.377, 90.54
58.78, 1.378, 91.13
58.79, 1.379, 90.28
58.80, 1.380, 91.60
58.81, 1.381, 91.86
58.82, 1.382, 91.95
58.83, 1.383, 92.48
58.84, 1.384, 92.71
58.85, 1.385, 91.05
58.86, 1.386, 92.72
58.87, 1.387, 92.21
58.88, 1.388, 93.20
58.89, 1.389, 93.40
58.90, 1.390, 94.45
58.91, 1.391, 92.69
58.92, 1.392, 92.54
58.93, 1.393, 92.86
58.94, 1.394, 93.39
58.95, 1.395, 94.20
58.96, 1.396, 93.51
58.97, 1.397, 94.08
58.98, 1.398, 94.76
58.99, 1.399, 93.09
59.00, 1.400, 94.27
59.01, 1.401, 93.05
59.02, 1.402, 93.13
59.03, 1.403, 93.18
59.04, 1.404, 93.39
59.05, 1.405, 94.18
59.06, 1.406, 94.95
59.07, 1.407, 95.47
59.08, 1.408, 95.31
59.09, 1.409, 96.33
59.10, 1.410, 95.26
59.11, 1.411, 96.02
59.12, 1.412, 95.42
59.13, 1.413, 97.15
59.14, 1.414, 96.75
59.15, 1.415, 95.39
59.16, 1.416, 97.62
59.17, 1.417, 97.41
59.18, 1.418, 97.09
59.19, 1.419, 95.99
59.20, 1.420, 97.82
59.21, 1.421, 97.59
59.22, 1.422, 96.25
59.23, 1.423, 96.68
59.24, 1.424, 97.91
59.25, 1.425, 96.86
59.26, 1.426, 97.80
59.27, 1.427, 97.32
59.28, 1.428, 98.19
59.29, 1.429, 99.93
59.30, 1.430, 100.5
59.31, 1.431, 98.62
59.32, 1.432, 99.74
59.33, 1.433, 100.1
59.34, 1.434, 98.50
59.35, 1.435, 100.3
59.36, 1.436, 100.2
59.37, 1.437, 101.5
59.38, 1.438, 100.1
59.39, 1.439, 99.78
59.40, 1.440, 100.6
59.41, 1.441, 99.17
59.42, 1.442, 101.1
59.43, 1.443, 101.2
59.44, 1.444, 99.58
59.45, 1.445, 100.4
59.46, 1.446, 101.3
59.47, 1.447, 101.4
59.48, 1.448, 101.7
59.49, 1.449, 101.8
59.50, 1.450, 101.5
59.51, 1.451, 102.6
59.52, 1.452, 102.2
59.53, 1.453, 102.0
59.54, 1.454, 101.3
59.55, 1.455, 102.1
59.56, 1.456, 102.3
59.57, 1.457, 102.2
59.58, 1.458, 102.3
59.59, 1.459, 104.9
59.60, 1.460, 104.3
59.61, 1.461, 104.5
59.62, 1.462, 106.0
59.63, 1.463, 105.2
59.64, 1.464, 105.8
59.65, 1.465, 106.3
59.66, 1.466, 107.2
59.67, 1.467, 107.3
59.68, 1.468, 106.1
59.69, 1.469, 107.2
59.70, 1.470, 107.2
59.71, 1.471, 106.5
59.72, 1.472, 107.3
59.73, 1.473, 105.6
59.74, 1.474, 106.5
59.75, 1.475, 107.4
59.76, 1.476, 107.4
59.77, 1.477, 106.8
59.78, 1.478, 107.4
59.79, 1.479, 108.5
59.80, 1.480, 108.3
59.81, 1.481, 108.2
59.82, 1.482, 107.0
59.83, 1.483, 108.1
59.84, 1.484, 110.3
59.85, 1.485, 110.6
59.86, 1.486, 109.8
59.87, 1.487, 110.2
59.88, 1.488, 110.9
59.89, 1.489, 110.3
59.90, 1.490, 109.6
59.91, 1.491, 110.8
59.92, 1.492, 111.3
59.93, 1.493, 111.9
59.94, 1.494, 111.5
59.95, 1.495, 111.0
59.96, 1.496, 110.6
59.97, 1.497, 112.2
59.98, 1.498, 112.7
59.99, 1.499, 113.0
60.00, 1.500, 113.3
60.01, 1.501, 111.7
60.02, 1.502, 112.8
60.03, 1.503, 112.4
60.04, 1.504, 112.5
60.05, 1.505, 112.8
60.06, 1.506, 113.1
60.07, 1.507, 113.0
60.08, 1.508, 112.7
60.09, 1.509, 112.9
60.10, 1.510, 114.4
60.11, 1.511, 115.3
60.12, 1.512, 114.1
60.13, 1.513, 114.8
60.14, 1.514, 115.2
60.15, 1.515, 116.2
60.16, 1.516, 117.0
60.17, 1.517, 116.0
60.18, 1.518, 118.3
60.19, 1.519, 118.2
60.20, 1.520, 117.3
60.21, 1.521, 117.9
60.22, 1.522, 119.8
60.23, 1.523, 119.9
60.24, 1.524, 118.9
60.25, 1.525, 119.4
60.26, 1.526, 119.3
60.27, 1.527, 120.7
60.28, 1.528, 119.3
60.29, 1.529, 119.5
60.30, 1.530, 120.1
60.31, 1.531, 121.3
60.32, 1.532, 120.8
60.33, 1.533, 121.3
60.34, 1.534, 120.6
60.35, 1.535, 122.0
60.36, 1.536, 123.1
60.37, 1.537, 121.8
60.38, 1.538, 122.8
60.39, 1.539, 122.0
60.40, 1.540, 122.5
60.41, 1.541, 122.9
60.42, 1.542, 124.7
60.43, 1.543, 123.5
60.44, 1.544, 123.2
60.45, 1.545, 124.4
60.46, 1.546, 125.9
60.47, 1.547, 127.5
60.48, 1.548, 127.5
60.49, 1.549, 127.6
60.50, 1.550, 127.8
60.51, 1.551, 128.7
60.52, 1.552, 127.3
60.53, 1.553, 129.7
60.54, 1.554, 129.8
60.55, 1.555, 129.2
60.56, 1.556, 130.6
60.57, 1.557, 130.7
60.58, 1.558, 130.1
60.59, 1.559, 130.9
60.60, 1.560, 130.1
60.61, 1.561, 131.2
60.62, 1.562, 132.2
60.63, 1.563, 131.6
60.64, 1.564, 130.4
60.65, 1.565, 131.7
60.66, 1.566, 131.6
60.67, 1.567, 131.3
60.68, 1.568, 132.9
60.69, 1.569, 132.4
60.70, 1.570, 132.5
60.71, 1.571, 133.0
60.72, 1.572, 132.8
60.73, 1.573, 133.9
60.74, 1.574, 132.5
60.75, 1.575, 134.8
60.76, 1.576, 134.6
60.77, 1.577, 134.9
60.78, 1.578, 137.4
60.79, 1.579, 138.0
60.80, 1.580, 137.1
60.81, 1.581, 137.5
60.82, 1.582, 138.9
60.83, 1.583, 138.7
60.84, 1.584, 138.8
60.85, 1.585, 140.5
60.86, 1.586, 140.4
60.87, 1.587, 140.2
60.88, 1.588, 141.3
60.89, 1.589, 140.4
60.90, 1.590, 141.3
60.91, 1.591, 141.7
60.92, 1.592, 141.7
60.93, 1.593, 142.6
60.94, 1.594, 140.9
60.95, 1.595, 141.2
60.96, 1.596, 142.3
60.97, 1.597, 143.0
60.98, 1.598, 143.2
60.99, 1.599, 143.9
61.00, 1.600, 145.0
61.01, 1.601, 146.1
61.02, 1.602, 146.1
61.03, 1.603, 145.8
61.04, 1.604, 147.0
61.05, 1.605, 147.6
61.06, 1.606, 148.0
61.07, 1.607, 147.1
61.08, 1.608, 148.2
61.09, 1.609, 148.1
61.10, 1.610, 148.7
61.11, 1.611, 147.6
61.12, 1.612, 149.1
61.13, 1.613, 149.3
61.14, 1.614, 148.6
61.15, 1.615, 151.1
61.16, 1.616, 152.0
61.17, 1.617, 151.6
61.18, 1.618, 152.2
61.19, 1.619, 152.6
61.20, 1.620, 153.0
61.21, 1.621, 154.0
61.22, 1.622, 154.6
61.23, 1.623, 155.3
61.24, 1.624, 156.8
61.25, 1.625, 157.0
61.26, 1.626, 155.5
61.27, 1.627, 156.2
61.28, 1.628, 156.1
61.29, 1.629, 156.9
61.30, 1.630, 157.7
61.31, 1.631, 157.6
61.32, 1.632, 158.2
61.33, 1.633, 158.3
61.34, 1.634, 159.1
61.35, 1.635, 158.9
61.36, 1.636, 158.9
61.37, 1.637, 160.4
61.38, 1.638, 161.0
61.39, 1.639, 162.2
61.40, 1.640, 163.1
61.41, 1.641, 162.6
61.42, 1.642, 161.7
61.43, 1.643, 162.9
61.44, 1.644, 164.9
61.45, 1.645, 165.6
61.46, 1.646, 165.0
61.47, 1.647, 166.9
61.48, 1.648, 167.0
61.49, 1.649, 167.2
61.50, 1.650, 165.5
61.51, 1.651, 168.0
61.52, 1.652, 168.0
61.53, 1.653, 167.5
61.54, 1.654, 168.2
61.55, 1.655, 169.6
61.56, 1.656, 170.7
61.57, 1.657, 170.8
61.58, 1.658, 170.8
61.59, 1.659, 172.2
61.60, 1.660, 172.2
61.61, 1.661, 172.3
61.62, 1.662, 172.5
61.63, 1.663, 174.2
61.64, 1.664, 175.0
61.65, 1.665, 176.1
61.66, 1.666, 176.1
61.67, 1.667, 176.5
61.68, 1.668, 177.1
61.69, 1.669, 178.7
61.70, 1.670, 181.2
61.71, 1.671, 180.0
61.72, 1.672, 181.7
61.73, 1.673, 180.9
61.74, 1.674, 181.9
61.75, 1.675, 184.3
61.76, 1.676, 184.9
61.77, 1.677, 184.2
61.78, 1.678, 186.4
61.79, 1.679, 187.1
61.80, 1.680, 187.0
61.81, 1.681, 187.8
61.82, 1.682, 187.7
61.83, 1.683, 188.1
61.84, 1.684, 188.3
61.85, 1.685, 188.2
61.86, 1.686, 190.0
61.87, 1.687, 190.6
61.88, 1.688, 191.4
61.89, 1.689, 190.1
61.90, 1.690, 191.8
61.91, 1.691, 194.1
61.92, 1.692, 192.9
61.93, 1.693, 194.7
61.94, 1.694, 192.5
61.95, 1.695, 195.0
61.96, 1.696, 196.6
61.97, 1.697, 196.2
61.98, 1.698, 197.8
61.99, 1.699, 199.0
62.00, 1.700, 198.3
62.01, 1.701, 198.1
62.02, 1.702, 200.8
62.03, 1.703, 201.6
62.04, 1.704, 202.3
62.05, 1.705, 202.8
62.06, 1.706, 203.8
62.07, 1.707, 206.7
62.08, 1.708, 206.4
62.09, 1.709, 207.8
62.10, 1.710, 209.2
62.11, 1.711, 210.8
62.12, 1.712, 209.2
62.13, 1.713, 211.8
62.14, 1.714, 210.7
62.15, 1.715, 213.3
62.16, 1.716, 213.0
62.17, 1.717, 215.6
62.18, 1.718, 214.8
62.19, 1.719, 216.5
62.20, 1.720, 217.0
62.21, 1.721, 216.8
62.22, 1.722, 217.1
62.23, 1.723, 219.0
62.24, 1.724, 219.0
62.25, 1.725, 219.7
62.26, 1.726, 219.9
62.27, 1.727, 223.3
62.28, 1.728, 224.2
62.29, 1.729, 223.4
62.30, 1.730, 224.5
62.31, 1.731, 225.6
62.32, 1.732, 226.4
62.33, 1.733, 228.1
62.34, 1.734, 229.5
62.35, 1.735, 230.3
62.36, 1.736, 230.8
62.37, 1.737, 232.8
62.38, 1.738, 233.2
62.39, 1.739, 234.7
62.40, 1.740, 235.6
62.41, 1.741, 235.8
62.42, 1.742, 238.0
62.43, 1.743, 237.5
62.44, 1.744, 239.3
62.45, 1.745, 240.1
62.46, 1.746, 241.7
62.47, 1.747, 242.1
62.48, 1.748, 243.1
62.49, 1.749, 242.8
62.50, 1.750, 245.2
62.51, 1.751, 245.3
62.52, 1.752, 246.0
62.53, 1.753, 247.6
62.54, 1.754, 247.4
62.55, 1.755, 249.1
62.56, 1.756, 251.3
62.57, 1.757, 253.1
62.58, 1.758, 254.1
62.59, 1.759, 254.6
62.60, 1.760, 255.5
62.61, 1.761, 255.5
62.62, 1.762, 259.9
62.63, 1.763, 259.5
62.64, 1.764, 259.8
62.65, 1.765, 262.0
62.66, 1.766, 262.9
62.67, 1.767, 263.1
62.68, 1.768, 264.8
62.69, 1.769, 265.4
62.70, 1.770, 267.1
62.71, 1.771, 267.4
62.72, 1.772, 267.3
62.73, 1.773, 270.0
62.74, 1.774, 272.1
62.75, 1.775, 272.6
62.76, 1.776, 272.3
62.77, 1.777, 274.8
62.78, 1.778, 276.0
62.79, 1.779, 276.4
62.80, 1.780, 276.7
62.81, 1.781, 279.4
62.82, 1.782, 281.3
62.83, 1.783, 279.6
62.84, 1.784, 283.4
62.85, 1.785, 284.4
62.86, 1.786, 287.1
62.87, 1.787, 286.1
62.88, 1.788, 285.6
62.89, 1.789, 289.0
62.90, 1.790, 291.1
62.91, 1.791, 289.5
62.92, 1.792, 292.3
62.93, 1.793, 295.8
62.94, 1.794, 296.2
62.95, 1.795, 297.5
62.96, 1.796, 299.5
62.97, 1.797, 301.6
62.98, 1.798, 300.2
62.99, 1.799, 303.8
63.00, 1.800, 305.2
63.01, 1.801, 305.7
63.02, 1.802, 307.0
63.03, 1.803, 307.6
63.04, 1.804, 310.2
63.05, 1.805, 311.4
63.06, 1.806, 312.1
63.07, 1.807, 313.2
63.08, 1.808, 314.9
63.09, 1.809, 315.3
63.10, 1.810, 317.2
63.11, 1.811, 319.3
63.12, 1.812, 320.9
63.13, 1.813, 322.3
63.14, 1.814, 324.0
63.15, 1.815, 323.4
63.16, 1.816, 325.1
63.17, 1.817, 327.9
63.18, 1.818, 328.4
63.19, 1.819, 330.8
63.20, 1.820, 333.0
63.21, 1.821, 332.7
63.22, 1.822, 336.4
63.23, 1.823, 336.4
63.24, 1.824, 338.3
63.25, 1.825, 340.7
63.26, 1.826, 341.2
63.27, 1.827, 343.9
63.28, 1.828, 342.7
63.29, 1.829, 347.6
63.30, 1.830, 347.0
63.31, 1.831, 348.5
63.32, 1.832, 349.6
63.33, 1.833, 350.8
63.34, 1.834, 352.5
63.35, 1.835, 355.0
63.36, 1.836, 357.4
63.37, 1.837, 356.1
63.38, 1.838, 360.3
63.39, 1.839, 360.9
63.40, 1.840, 364.1
63.41, 1.841, 363.8
63.42, 1.842, 365.4
63.43, 1.843, 367.2
63.44, 1.844, 369.1
63.45, 1.845, 371.0
63.46, 1.846, 371.7
63.47, 1.847, 373.5
63.48, 1.848, 375.4
63.49, 1.849, 377.9
63.50, 1.850, 378.4
63.51, 1.851, 378.9
63.52, 1.852, 381.7
63.53, 1.853, 383.2
63.54, 1.854, 385.2
63.55, 1.855, 386.1
63.56, 1.856, 389.1
63.57, 1.857, 389.8
63.58, 1.858, 391.7
63.59, 1.859, 394.4
63.60, 1.860, 394.7
63.61, 1.861, 397.4
63.62, 1.862, 397.8
63.63, 1.863, 399.1
63.64, 1.864, 401.7
63.65, 1.865, 402.5
63.66, 1.866, 407.4
63.67, 1.867, 408.7
63.68, 1.868, 411.9
63.69, 1.869, 412.1
63.70, 1.870, 414.3
63.71, 1.871, 415.1
63.72, 1.872, 415.7
63.73, 1.873, 416.4
63.74, 1.874, 419.5
63.75, 1.875, 420.4
63.76, 1.876, 424.4
63.77, 1.877, 422.9
63.78, 1.878, 425.3
63.79, 1.879, 427.1
63.80, 1.880, 430.0
63.81, 1.881, 432.5
63.82, 1.882, 435.0
63.83, 1.883, 434.9
63.84, 1.884, 436.5
63.85, 1.885, 439.1
63.86, 1.886, 441.5
63.87, 1.887, 442.9
63.88, 1.888, 442.7
63.89, 1.889, 446.3
63.90, 1.890, 449.6
63.91, 1.891, 451.4
63.92, 1.892, 451.8
63.93, 1.893, 454.1
63.94, 1.894, 456.4
63.95, 1.895, 458.5
63.96, 1.896, 460.6
63.97, 1.897, 462.6
63.98, 1.898, 464.4
63.99, 1.899, 465.9
64.00, 1.900, 468.0
64.01, 1.901, 469.6
64.02, 1.902, 471.3
64.03, 1.903, 473.4
64.04, 1.904, 475.7
64.05, 1.905, 477.0
64.06, 1.906, 479.1
64.07, 1.907, 480.6
64.08, 1.908, 481.4
64.09, 1.909, 483.2
64.10, 1.910, 484.8
64.11, 1.911, 486.4
64.12, 1.912, 490.4
64.13, 1.913, 490.5
64.14, 1.914, 494.4
64.15, 1.915, 494.7
64.16, 1.916, 495.1
64.17, 1.917, 500.0
64.18, 1.918, 503.4
64.19, 1.919, 503.4
64.20, 1.920, 506.0
64.21, 1.921, 509.5
64.22, 1.922, 510.1
64.23, 1.923, 512.4
64.24, 1.924, 514.7
64.25, 1.925, 515.4
64.26, 1.926, 519.5
64.27, 1.927, 518.7
64.28, 1.928, 523.8
64.29, 1.929, 525.3
64.30, 1.930, 525.4
64.31, 1.931, 527.1
64.32, 1.932, 531.3
64.33, 1.933, 533.5
64.34, 1.934, 533.6
64.35, 1.935, 536.6
64.36, 1.936, 538.6
64.37, 1.937, 541.9
64.38, 1.938, 543.9
64.39, 1.939, 544.4
64.40, 1.940, 546.0
64.41, 1.941, 548.7
64.42, 1.942, 550.8
64.43, 1.943, 551.5
64.44, 1.944, 554.2
64.45, 1.945, 557.5
64.46, 1.946, 560.5
64.47, 1.947, 562.7
64.48, 1.948, 564.5
64.49, 1.949, 565.7
64.50, 1.950, 568.9
64.51, 1.951, 569.8
64.52, 1.952, 571.6
64.53, 1.953, 574.4
64.54, 1.954, 574.1
64.55, 1.955, 575.4
64.56, 1.956, 579.5
64.57, 1.957, 580.1
64.58, 1.958, 583.2
64.59, 1.959, 585.2
64.60, 1.960, 586.7
64.61, 1.961, 590.4
64.62, 1.962, 590.9
64.63, 1.963, 592.6
64.64, 1.964, 594.5
64.65, 1.965, 599.4
64.66, 1.966, 599.4
64.67, 1.967, 603.0
64.68, 1.968, 603.5
64.69, 1.969, 607.0
64.70, 1.970, 607.7
64.71, 1.971, 611.3
64.72, 1.972, 613.8
64.73, 1.973, 614.5
64.74, 1.974, 616.7
64.75, 1.975, 621.0
64.76, 1.976, 621.3
64.77, 1.977, 626.1
64.78, 1.978, 626.3
64.79, 1.979, 629.1
64.80, 1.980, 631.3
64.81, 1.981, 632.4
64.82, 1.982, 634.6
64.83, 1.983, 634.7
64.84, 1.984, 635.9
64.85, 1.985, 636.2
64.86, 1.986, 634.4
64.87, 1.987, 635.6
64.88, 1.988, 636.9
64.89, 1.989, 637.1
64.90, 1.990, 638.1
64.91, 1.991, 638.1
64.92, 1.992, 638.5
64.93, 1.993, 640.1
64.94, 1.994, 640.3
64.95, 1.995, 640.5
64.96, 1.996, 641.0
64.97, 1.997, 639.9
64.98, 1.998, 641.5
64.99, 1.999, 641.0
65.00, 2.000, 641.1
65.01, 1.999, 642.8
65.02, 1.998, 643.8
65.03, 1.997, 643.5
65.04, 1.996, 644.3
65.05, 1.995, 645.5
65.06, 1.994, 645.5
65.07, 1.993, 645.4
65.08, 1.992, 645.1
65.09, 1.991, 645.4
65.10, 1.990, 647.3
65.11, 1.989, 647.0
65.12, 1.988, 646.0
65.13, 1.987, 648.3
65.14, 1.986, 647.5
65.15, 1.985, 647.2
65.16, 1.984, 649.0
65.17, 1.983, 649.6
65.18, 1.982, 648.0
65.19, 1.981, 649.3
65.20, 1.980, 649.0
65.21, 1.979, 646.5
65.22, 1.978, 645.7
65.23, 1.977, 646.4
65.24, 1.976, 643.1
65.25, 1.975, 641.5
65.26, 1.974, 640.9
65.27, 1.973, 640.2
65.28, 1.972, 637.4
65.29, 1.971, 637.0
65.30, 1.970, 633.7
65.31, 1.969, 633.2
65.32, 1.968, 632.8
65.33, 1.967, 631.6
65.34, 1.966, 628.6
65.35, 1.965, 629.2
65.36, 1.964, 626.6
65.37, 1.963, 626.5
65.38, 1.962, 624.9
65.39, 1.961, 625.3
65.40, 1.960, 622.1
65.41, 1.959, 620.9
65.42, 1.958, 620.2
65.43, 1.957, 619.1
65.44, 1.956, 617.1
65.45, 1.955, 614.1
65.46, 1.954, 612.8
65.47, 1.953, 611.2
65.48, 1.952, 610.2
65.49, 1.951, 607.7
65.50, 1.950, 606.2
65.51, 1.949, 604.4
65.52, 1.948, 603.5
65.53, 1.947, 602.3
65.54, 1.946, 600.4
65.55, 1.945, 599.6
65.56, 1.944, 598.7
65.57, 1.943, 595.4
65.58, 1.942, 595.5
65.59, 1.941, 593.3
65.60, 1.940, 591.6
65.61, 1.939, 591.9
65.62, 1.938, 591.9
65.63, 1.937, 590.6
65.64, 1.936, 588.0
65.65, 1.935, 587.9
65.66, 1.934, 585.8
65.67, 1.933, 586.1
65.68, 1.932, 584.3
65.69, 1.931, 581.1
65.70, 1.930, 581.0
65.71, 1.929, 580.0
65.72, 1.928, 578.4
65.73, 1.927, 578.2
65.74, 1.926, 575.5
65.75, 1.925, 572.7
65.76, 1.924, 573.4
65.77, 1.923, 571.1
65.78, 1.922, 571.6
65.79, 1.921, 568.5
65.80, 1.920, 567.8
65.81, 1.919, 564.9
65.82, 1.918, 564.2
65.83, 1.917, 561.8
65.84, 1.916, 562.3
65.85, 1.915, 559.0
65.86, 1.914, 558.9
65.87, 1.913, 556.1
65.88, 1.912, 556.1
65.89, 1.911, 552.2
65.90, 1.910, 551.2
65.91, 1.909, 549.6
65.92, 1.908, 547.8
65.93, 1.907, 546.2
65.94, 1.906, 544.8
65.95, 1.905, 543.5
65.96, 1.904, 543.8
65.97, 1.903, 540.7
65.98, 1.902, 539.7
65.99, 1.901, 538.2
66.00, 1.900, 536.3
66.01, 1.899, 536.3
66.02, 1.898, 530.7
66.03, 1.897, 531.6
66.04, 1.896, 529.2
66.05, 1.895, 529.0
66.06, 1.894, 527.8
66.07, 1.893, 524.2
66.08, 1.892, 524.3
66.09, 1.891, 524.3
66.10, 1.890, 522.1
66.11, 1.889, 519.0
66.12, 1.888, 519.0
66.13, 1.887, 517.7
66.14, 1.886, 515.0
66.15, 1.885, 515.5
66.16, 1.884, 513.0
66.17, 1.883, 511.3
66.18, 1.882, 510.0
66.19, 1.881, 507.7
66.20, 1.880, 508.3
66.21, 1.879, 507.4
66.22, 1.878, 504.6
66.23, 1.877, 503.2
66.24, 1.876, 501.6
66.25, 1.875, 505.0
66.26, 1.874, 501.0
66.27, 1.873, 499.9
66.28, 1.872, 498.4
66.29, 1.871, 494.8
66.30, 1.870, 493.5
66.31, 1.869, 493.2
66.32, 1.868, 488.6
66.33, 1.867, 487.8
66.34, 1.866, 486.3
66.35, 1.865, 483.7
66.36, 1.864, 484.5
66.37, 1.863, 481.4
66.38, 1.862, 479.3
66.39, 1.861, 475.9
66.40, 1.860, 478.1
66.41, 1.859, 475.0
66.42, 1.858, 473.8
66.43, 1.857, 472.4
66.44, 1.856, 470.8
66.45, 1.855, 468.7
66.46, 1.854, 468.5
66.47, 1.853, 465.9
66.48, 1.852, 465.6
66.49, 1.851, 464.3
66.50, 1.850, 463.9
66.51, 1.849, 461.0
66.52, 1.848, 462.6
66.53, 1.847, 459.1
66.54, 1.846, 456.7
66.55, 1.845, 456.1
66.56, 1.844, 455.2
66.57, 1.843, 452.7
66.58, 1.842, 451.7
66.59, 1.841, 449.4
66.60, 1.840, 449.5
66.61, 1.839, 446.4
66.62, 1.838, 444.2
66.63, 1.837, 444.9
66.64, 1.836, 442.6
66.65, 1.835, 438.9
66.66, 1.834, 439.5
66.67, 1.833, 436.0
66.68, 1.832, 436.0
66.69, 1.831, 433.9
66.70, 1.830, 434.3
66.71, 1.829, 431.7
66.72, 1.828, 431.6
66.73, 1.827, 428.0
66.74, 1.826, 425.8
66.75, 1.825, 423.6
66.76, 1.824, 423.2
66.77, 1.823, 419.9
66.78, 1.822, 419.1
66.79, 1.821, 419.2
66.80, 1.820, 415.5
66.81, 1.819, 416.6
66.82, 1.818, 414.2
66.83, 1.817, 412.1
66.84, 1.816, 412.1
66.85, 1.815, 410.4
66.86, 1.814, 407.7
66.87, 1.813, 407.8
66.88, 1.812, 407.9
66.89, 1.811, 406.8
66.90, 1.810, 405.3
66.91, 1.809, 402.5
66.92, 1.808, 402.6
66.93, 1.807, 398.1
66.94, 1.806, 397.5
66.95, 1.805, 396.8
66.96, 1.804, 394.6
66.97, 1.803, 392.7
66.98, 1.802, 391.9
66.99, 1.801, 389.9
67.00, 1.800, 388.5
67.01, 1.799, 387.3
67.02, 1.798, 385.6
67.03, 1.797, 384.2
67.04, 1.796, 381.4
67.05, 1.795, 381.9
67.06, 1.794, 380.3
67.07, 1.793, 378.9
67.08, 1.792, 376.2
67.09, 1.791, 375.6
67.10, 1.790, 373.9
67.11, 1.789, 373.0
67.12, 1.788, 370.7
67.13, 1.787, 369.9
67.14, 1.786, 368.1
67.15, 1.785, 364.8
67.16, 1.784, 364.6
67.17, 1.783, 363.8
67.18, 1.782, 361.2
67.19, 1.781, 359.8
67.20, 1.780, 358.3
67.21, 1.779, 357.1
67.22, 1.778, 356.2
67.23, 1.777, 356.0
67.24, 1.776, 356.2
67.25, 1.775, 351.6
67.26, 1.774, 349.2
67.27, 1.773, 348.4
67.28, 1.772, 347.6
67.29, 1.771, 344.9
67.30, 1.770, 345.4
67.31, 1.769, 341.8
67.32, 1.768, 341.3
67.33, 1.767, 338.7
67.34, 1.766, 338.8
67.35, 1.765, 336.4
67.36, 1.764, 333.7
67.37, 1.763, 333.5
67.38, 1.762, 333.0
67.39, 1.761, 331.9
67.40, 1.760, 329.0
67.41, 1.759, 327.6
67.42, 1.758, 326.6
67.43, 1.757, 325.9
67.44, 1.756, 322.9
67.45, 1.755, 321.9
67.46, 1.754, 320.9
67.47, 1.753, 318.3
67.48, 1.752, 317.0
67.49, 1.751, 316.8
67.50, 1.750, 317.6
67.51, 1.749, 314.4
67.52, 1.748, 313.5
67.53, 1.747, 313.3
67.54, 1.746, 312.6
67.55, 1.745, 309.6
67.56, 1.744, 308.4
67.57, 1.743, 305.9
67.58, 1.742, 305.6
67.59, 1.741, 302.8
67.60, 1.740, 302.8
67.61, 1.739, 302.3
67.62, 1.738, 299.7
67.63, 1.737, 296.5
67.64, 1.736, 297.4
67.65, 1.735, 298.3
67.66, 1.734, 295.0
67.67, 1.733, 293.8
67.68, 1.732, 290.2
67.69, 1.731, 290.0
67.70, 1.730, 288.1
67.71, 1.729, 287.1
67.72, 1.728, 287.0
67.73, 1.727, 285.1
67.74, 1.726, 282.3
67.75, 1.725, 280.8
67.76, 1.724, 280.3
67.77, 1.723, 276.0
67.78, 1.722, 276.8
67.79, 1.721, 276.0
67.80, 1.720, 273.2
67.81, 1.719, 273.1
67.82, 1.718, 272.0
67.83, 1.717, 270.7
67.84, 1.716, 268.4
67.85, 1.715, 267.8
67.86, 1.714, 266.2
67.87, 1.713, 264.6
67.88, 1.712, 263.3
67.89, 1.711, 259.1
67.90, 1.710, 259.5
67.91, 1.709, 260.8
67.92, 1.708, 256.8
67.93, 1.707, 255.8
67.94, 1.706, 252.8
67.95, 1.705, 253.7
67.96, 1.704, 251.7
67.97, 1.703, 249.4
67.98, 1.702, 248.0
67.99, 1.701, 247.3
68.00, 1.700, 245.8
68.01, 1.699, 243.7
68.02, 1.698, 241.9
68.03, 1.697, 241.2
68.04, 1.696, 240.5
68.05, 1.695, 237.7
68.06, 1.694, 238.3
68.07, 1.693, 237.4
68.08, 1.692, 234.5
68.09, 1.691, 233.2
68.10, 1.690, 231.7
68.11, 1.689, 230.6
68.12, 1.688, 232.7
68.13, 1.687, 230.1
68.14, 1.686, 227.0
68.15, 1.685, 226.0
68.16, 1.684, 225.2
68.17, 1.683, 223.7
68.18, 1.682, 223.2
68.19, 1.681, 221.6
68.20, 1.680, 219.7
68.21, 1.679, 218.8
68.22, 1.678, 217.3
68.23, 1.677, 215.1
68.24, 1.676, 215.5
68.25, 1.675, 212.3
68.26, 1.674, 212.5
68.27, 1.673, 210.7
68.28, 1.672, 209.9
68.29, 1.671, 208.3
68.30, 1.670, 208.8
68.31, 1.669, 208.1
68.32, 1.668, 204.5
68.33, 1.667, 204.8
68.34, 1.666, 201.7
68.35, 1.665, 201.7
68.36, 1.664, 199.1
68.37, 1.663, 199.1
68.38, 1.662, 199.2
68.39, 1.661, 197.0
68.40, 1.660, 195.9
68.41, 1.659, 195.0
68.42, 1.658, 191.3
68.43, 1.657, 191.6
68.44, 1.656, 189.9
68.45, 1.655, 188.7
68.46, 1.654, 188.1
68.47, 1.653, 186.6
68.48, 1.652, 186.3
68.49, 1.651, 182.6
68.50, 1.650, 181.2
68.51, 1.649, 180.0
68.52, 1.648, 180.8
68.53, 1.647, 177.6
68.54, 1.646, 177.5
68.55, 1.645, 178.0
68.56, 1.644, 176.0
68.57, 1.643, 175.9
68.58, 1.642, 175.2
68.59, 1.641, 173.0
68.60, 1.640, 172.8
68.61, 1.639, 170.4
68.62, 1.638, 170.4
68.63, 1.637, 168.7
68.64, 1.636, 167.2
68.65, 1.635, 165.9
68.66, 1.634, 164.8
68.67, 1.633, 163.3
68.68, 1.632, 161.9
68.69, 1.631, 162.8
68.70, 1.630, 162.2
68.71, 1.629, 161.8
68.72, 1.628, 158.5
68.73, 1.627, 155.9
68.74, 1.626, 155.7
68.75, 1.625, 157.0
68.76, 1.624, 156.0
68.77, 1.623, 155.4
68.78, 1.622, 153.5
68.79, 1.621, 152.2
68.80, 1.620, 152.9
68.81, 1.619, 150.2
68.82, 1.618, 149.4
68.83, 1.617, 148.2
68.84, 1.616, 147.9
68.85, 1.615, 146.5
68.86, 1.614, 144.7
68.87, 1.613, 142.5
68.88, 1.612, 142.8
68.89, 1.611, 143.4
68.90, 1.610, 141.7
68.91, 1.609, 139.9
68.92, 1.608, 137.6
68.93, 1.607, 136.4
68.94, 1.606, 137.2
68.95, 1.605, 136.2
68.96, 1.604, 133.2
68.97, 1.603, 132.0
68.98, 1.602, 133.5
68.99, 1.601, 131.4
69.00, 1.600, 130.5
69.01, 1.599, 128.8
69.02, 1.598, 128.5
69.03, 1.597, 126.8
69.04, 1.596, 125.4
69.05, 1.595, 123.9
69.06, 1.594, 126.0
69.07, 1.593, 123.5
69.08, 1.592, 122.8
69.09, 1.591, 122.3
69.10, 1.590, 119.4
69.11, 1.589, 121.0
69.12, 1.588, 119.0
69.13, 1.587, 118.9
69.14, 1.586, 119.4
69.15, 1.585, 116.7
69.16, 1.584, 116.3
69.17, 1.583, 117.4
69.18, 1.582, 115.3
69.19, 1.581, 113.4
69.20, 1.580, 112.6
69.21, 1.579, 112.2
69.22, 1.578, 110.1
69.23, 1.577, 109.7
69.24, 1.576, 110.3
69.25, 1.575, 108.2
69.26, 1.574, 107.2
69.27, 1.573, 106.0
69.28, 1.572, 105.3
69.29, 1.571, 103.3
69.30, 1.570, 102.6
69.31, 1.569, 101.9
69.32, 1.568, 100.6
69.33, 1.567, 100.1
69.34, 1.566, 100.1
69.35, 1.565, 98.89
69.36, 1.564, 96.67
69.37, 1.563, 98.67
69.38, 1.562, 96.06
69.39, 1.561, 95.09
69.40, 1.560, 94.87
69.41, 1.559, 93.82
69.42, 1.558, 93.54
69.43, 1.557, 92.83
69.44, 1.556, 92.91
69.45, 1.555, 92.30
69.46, 1.554, 92.36
69.47, 1.553, 90.08
69.48, 1.552, 88.52
69.49, 1.551, 89.65
69.50, 1.550, 89.61
69.51, 1.549, 89.03
69.52, 1.548, 87.69
69.53, 1.547, 85.38
69.54, 1.546, 87.61
69.55, 1.545, 84.78
69.56, 1.544, 83.51
69.57, 1.543, 84.47
69.58, 1.542, 83.33
69.59, 1.541, 83.34
69.60, 1.540, 81.16
69.61, 1.539, 82.77
69.62, 1.538, 80.15
69.63, 1.537, 79.43
69.64, 1.536, 78.94
69.65, 1.535, 77.70
69.66, 1.534, 78.28
69.67, 1.533, 79.02
69.68, 1.532, 77.76
69.69, 1.531, 76.49
69.70, 1.530, 73.98
69.71, 1.529, 75.11
69.72, 1.528, 73.54
69.73, 1.527, 72.51
69.74, 1.526, 71.77
69.75, 1.525, 70.85
69.76, 1.524, 72.32
69.77, 1.523, 72.06
69.78, 1.522, 68.73
69.79, 1.521, 68.36
69.80, 1.520, 69.41
69.81, 1.519, 67.32
69.82, 1.518, 67.74
69.83, 1.517, 65.86
69.84, 1.516, 68.68
69.85, 1.515, 65.48
69.86, 1.514, 66.32
69.87, 1.513, 65.72
69.88, 1.512, 63.49
69.89, 1.511, 64.02
69.90, 1.510, 62.99
69.91, 1.509, 63.75
69.92, 1.508, 62.25
69.93, 1.507, 63.73
69.94, 1.506, 62.15
69.95, 1.505, 59.35
69.96, 1.504, 59.73
69.97, 1.503, 60.66
69.98, 1.502, 57.74
69.99, 1.501, 57.24
70.00, 1.500, 61.63
70.01, 1.499, 60.01
70.02, 1.498, 58.84
70.03, 1.497, 56.12
70.04, 1.496, 58.43
70.05, 1.495, 57.92
70.06, 1.494, 55.04
70.07, 1.493, 55.35
70.08, 1.492, 51.59
70.09, 1.491, 53.96
70.10, 1.490, 50.88
70.11, 1.489, 50.66
70.12, 1.488, 51.85
70.13, 1.487, 50.92
70.14, 1.486, 49.15
70.15, 1.485, 50.38
70.16, 1.484, 50.46
70.17, 1.483, 48.11
70.18, 1.482, 50.22
70.19, 1.481, 48.77
70.20, 1.480, 47.60
70.21, 1.479, 46.91
70.22, 1.478, 47.85
70.23, 1.477, 47.76
70.24, 1.476, 47.00
70.25, 1.475, 45.42
70.26, 1.474, 44.33
70.27, 1.473, 46.54
70.28, 1.472, 45.24
70.29, 1.471, 45.40
70.30, 1.470, 43.90
70.31, 1.469, 44.21
70.32, 1.468, 42.84
70.33, 1.467, 43.57
70.34, 1.466, 42.73
70.35, 1.465, 41.78
70.36, 1.464, 40.36
70.37, 1.463, 40.83
70.38, 1.462, 40.59
70.39, 1.461, 40.65
70.40, 1.460, 40.58
70.41, 1.459, 39.37
70.42, 1.458, 38.35
70.43, 1.457, 39.84
70.44, 1.456, 39.70
70.45, 1.455, 38.44
70.46, 1.454, 36.98
70.47, 1.453, 37.84
70.48, 1.452, 38.00
70.49, 1.451, 37.60
70.50, 1.450, 35.88
70.51, 1.449, 35.92
70.52, 1.448, 34.29
70.53, 1.447, 33.23
70.54, 1.446, 33.69
70.55, 1.445, 33.67
70.56, 1.444, 34.19
70.57, 1.443, 32.72
70.58, 1.442, 32.48
70.59, 1.441, 32.54
70.60, 1.440, 32.17
70.61, 1.439, 32.75
70.62, 1.438, 32.56
70.63, 1.437, 31.09
70.64, 1.436, 30.70
70.65, 1.435, 30.58
70.66, 1.434, 30.51
70.67, 1.433, 29.25
70.68, 1.432, 29.10
70.69, 1.431, 30.64
70.70, 1.430, 29.29
70.71, 1.429, 28.54
70.72, 1.428, 30.01
70.73, 1.427, 27.91
70.74, 1.426, 29.70
70.75, 1.425, 28.02
70.76, 1.424, 27.16
70.77, 1.423, 27.66
70.78, 1.422, 26.80
70.79, 1.421, 28.68
70.80, 1.420, 27.52
70.81, 1.419, 27.54
70.82, 1.418, 27.11
70.83, 1.417, 26.40
70.84, 1.416, 26.06
70.85, 1.415, 27.54
70.86, 1.414, 25.26
70.87, 1.413, 26.25
70.88, 1.412, 25.64
70.89, 1.411, 26.34
70.90, 1.410, 26.26
70.91, 1.409, 25.16
70.92, 1.408, 23.79
70.93, 1.407, 25.34
70.94, 1.406, 24.54
70.95, 1.405, 22.34
70.96, 1.404, 22.34
70.97, 1.403, 22.14
70.98, 1.402, 22.88
70.99, 1.401, 22.47
71.00, 1.400, 21.72
71.01, 1.399, 21.52
71.02, 1.398, 22.48
71.03, 1.397, 22.20
71.04, 1.396, 19.99
71.05, 1.395, 18.93
71.06, 1.394, 18.48
71.07, 1.393, 19.42
71.08, 1.392, 20.31
71.09, 1.391, 20.72
71.10, 1.390, 20.81
71.11, 1.389, 20.55
71.12, 1.388, 20.63
71.13, 1.387, 19.33
71.14, 1.386, 18.73
71.15, 1.385, 20.76
71.16, 1.384, 19.78
71.17, 1.383, 19.51
71.18, 1.382, 19.06
71.19, 1.381, 19.53
71.20, 1.380, 17.99
71.21, 1.379, 18.52
71.22, 1.378, 17.56
71.23, 1.377, 18.73
71.24, 1.376, 16.87
71.25, 1.375, 19.68
71.26, 1.374, 18.82
71.27, 1.373, 18.00
71.28, 1.372, 19.59
71.29, 1.371, 18.14
71.30, 1.370, 17.63
71.31, 1.369, 17.63
71.32, 1.368, 16.66
71.33, 1.367, 18.14
71.34, 1.366, 18.24
71.35, 1.365, 15.40
71.36, 1.364, 16.11
71.37, 1.363, 16.65
71.38, 1.362, 16.21
71.39, 1.361, 14.91
71.40, 1.360, 14.42
71.41, 1.359, 13.25
71.42, 1.358, 15.40
71.43, 1.357, 13.73
71.44, 1.356, 13.89
71.45, 1.355, 13.46
71.46, 1.354, 13.27
71.47, 1.353, 13.79
71.48, 1.352, 14.60
71.49, 1.351, 12.67
71.50, 1.350, 11.72
71.51, 1.349, 12.78
71.52, 1.348, 12.51
71.53, 1.347, 12.77
71.54, 1.346, 14.14
71.55, 1.345, 12.04
71.56, 1.344, 13.76
71.57, 1.343, 12.74
71.58, 1.342, 12.96
71.59, 1.341, 12.51
71.60, 1.340, 13.47
71.61, 1.339, 13.69
71.62, 1.338, 11.43
71.63, 1.337, 11.97
71.64, 1.336, 11.49
71.65, 1.335, 12.66
71.66, 1.334, 11.70
71.67, 1.333, 11.17
71.68, 1.332, 11.92
71.69, 1.331, 12.09
71.70, 1.330, 13.11
71.71, 1.329, 13.22
71.72, 1.328, 12.66
71.73, 1.327, 11.74
71.74, 1.326, 13.38
71.75, 1.325, 12.17
71.76, 1.324, 13.00
71.77, 1.323, 11.56
71.78, 1.322, 10.36
71.79, 1.321, 11.12
71.80, 1.320, 10.86
71.81, 1.319, 10.32
71.82, 1.318, 10.44
71.83, 1.317, 9.150
71.84, 1.316, 10.54
71.85, 1.315, 9.437
71.86, 1.314, 9.035
71.87, 1.313, 10.63
71.88, 1.312, 11.11
71.89, 1.311, 9.760
71.90, 1.310, 7.969
71.91, 1.309, 10.43
71.92, 1.308, 8.997
71.93, 1.307, 10.61
71.94, 1.306, 10.39
71.95, 1.305, 8.816
71.96, 1.304, 8.718
71.97, 1.303, 9.998
71.98, 1.302, 11.12
71.99, 1.301, 10.75
72.00, 1.300, 9.221
72.01, 1.299, 8.458
72.02, 1.298, 10.55
72.03, 1.297, 9.388
72.04, 1.296, 8.568
72.05, 1.295, 9.803
72.06, 1.294, 10.79
72.07, 1.293, 10.26
72.08, 1.292, 10.69
72.09, 1.291, 8.990
72.10, 1.290, 9.846
72.11, 1.289, 10.10
72.12, 1.288, 8.438
72.13, 1.287, 9.761
72.14, 1.286, 9.552
72.15, 1.285, 9.477
72.16, 1.284, 9.426
72.17, 1.283, 9.645
72.18, 1.282, 10.39
72.19, 1.281, 9.741
72.20, 1.280, 8.818
72.21, 1.279, 9.011
72.22, 1.278, 6.857
72.23, 1.277, 8.368
72.24, 1.276, 9.003
72.25, 1.275, 9.505
72.26, 1.274, 6.893
72.27, 1.273, 6.762
72.28, 1.272, 8.255
72.29, 1.271, 8.928
72.30, 1.270, 7.547
72.31, 1.269, 7.582
72.32, 1.268, 6.037
72.33, 1.267, 6.924
72.34, 1.266, 8.422
72.35, 1.265, 7.648
72.36, 1.264, 7.283
72.37, 1.263, 7.667
72.38, 1.262, 8.375
72.39, 1.261, 6.606
72.40, 1.260, 8.011
72.41, 1.259, 9.430
72.42, 1.258, 8.448
72.43, 1.257, 8.458
72.44, 1.256, 6.472
72.45, 1.255, 8.183
72.46, 1.254, 7.937
72.47, 1.253, 6.606
72.48, 1.252, 7.064
72.49, 1.251, 8.328
72.50, 1.250, 10.39
72.51, 1.249, 9.051
72.52, 1.248, 8.778
72.53, 1.247, 8.106
72.54, 1.246, 7.848
72.55, 1.245, 8.565
72.56, 1.244, 7.858
72.57, 1.243, 7.539
72.58, 1.242, 8.116
72.59, 1.241, 9.422
72.60, 1.240, 7.298
72.61, 1.239, 7.157
72.62, 1.238, 7.773
72.63, 1.237, 6.675
72.64, 1.236, 6.152
72.65, 1.235, 6.296
72.66, 1.234, 7.451
72.67, 1.233, 6.220
72.68, 1.232, 6.066
72.69, 1.231, 6.811
72.70, 1.230, 3.702
72.71, 1.229, 5.530
72.72, 1.228, 4.690
72.73, 1.227, 4.525
72.74, 1.226, 6.126
72.75, 1.225, 4.759
72.76, 1.224, 3.638
72.77, 1.223, 3.518
72.78, 1.222, 6.727
72.79, 1.221, 5.297
72.80, 1.220, 4.553
72.81, 1.219, 5.289
72.82, 1.218, 5.813
72.83, 1.217, 4.243
72.84, 1.216, 4.702
72.85, 1.215, 4.929
72.86, 1.214, 4.350
72.87, 1.213, 5.036
72.88, 1.212, 4.855
72.89, 1.211, 4.310
72.90, 1.210, 3.914
72.91, 1.209, 5.561
72.92, 1.208, 5.034
72.93, 1.207, 5.046
72.94, 1.206, 4.167
72.95, 1.205, 4.229
72.96, 1.204, 5.192
72.97, 1.203, 4.432
72.98, 1.202, 4.625
72.99, 1.201, 4.417
73.00, 1.200, 5.847
73.01, 1.199, 3.277
73.02, 1.198, 3.442
73.03, 1.197, 4.304
73.04, 1.196, 2.109
73.05, 1.195, 3.802
73.06, 1.194, 4.037
73.07, 1.193, 2.461
73.08, 1.192, 4.755
73.09, 1.191, 1.961
73.10, 1.190, 1.490
73.11, 1.189, 2.413
73.12, 1.188, 4.879
73.13, 1.187, 1.959
73.14, 1.186, 4.480
73.15, 1.185, 3.953
73.16, 1.184, 3.425
73.17, 1.183, 3.505
73.18, 1.182, 2.051
73.19, 1.181, 2.190
73.20, 1.180, 2.817
73.21, 1.179, 1.906
73.22, 1.178, 2.446
73.23, 1.177, 1.776
73.24, 1.176, 2.607
73.25, 1.175, 2.594
73.26, 1.174, 4.789
73.27, 1.173, 3.927
73.28, 1.172, 1.856
73.29, 1.171, 2.341
73.30, 1.170, 4.362
73.31, 1.169, 2.599
73.32, 1.168, 3.156
73.33, 1.167, 3.346
73.34, 1.166, 2.347
73.35, 1.165, 3.609
73.36, 1.164, 4.182
73.37, 1.163, 3.802
73.38, 1.162, 2.571
73.39, 1.161, 3.397
73.40, 1.160, 5.505
73.41, 1.159, 3.590
73.42, 1.158, 1.955
73.43, 1.157, 3.543
73.44, 1.156, 3.338
73.45, 1.155, 4.043
73.46, 1.154, 2.828
73.47, 1.153, 1.556
73.48, 1.152, 1.355
73.49, 1.151, 2.565
73.50, 1.150, 2.791
73.51, 1.149, 3.919
73.52, 1.148, 1.066
73.53, 1.147, 1.597
73.54, 1.146, -1.836
73.55, 1.145, 1.728
73.56, 1.144, 2.248
73.57, 1.143, 1.445
73.58, 1.142, -0.7571
73.59, 1.141, 3.211
73.60, 1.140, 1.803
73.61, 1.139, 0.9224
73.62, 1.138, 0.6975
73.63, 1.137, -0.1019
73.64, 1.136, -0.05749
73.65, 1.135, 2.889
73.66, 1.134, 0.8584
73.67, 1.133, 1.681
73.68, 1.132, 0.8710
73.69, 1.131, -0.7154
73.70, 1.130, 1.820
73.71, 1.129, 0.1131
73.72, 1.128, 1.841
73.73, 1.127, -0.05708
73.74, 1.126, 2.461
73.75, 1.125, 2.415
73.76, 1.124, 1.928
73.77, 1.123, -0.1835
73.78, 1.122, 1.347
73.79, 1.121, 2.599
73.80, 1.120, -0.3887
73.81, 1.119, 1.231
73.82, 1.118, 2.152
73.83, 1.117, 0.9714
73.84, 1.116, 1.552
73.85, 1.115, 2.835
73.86, 1.114, 3.171
73.87, 1.113, 1.271
73.88, 1.112, 1.015
73.89, 1.111, 1.246
73.90, 1.110, 1.127
73.91, 1.109, 0.5039
73.92, 1.108, -0.5271
73.93, 1.107, 0.03511
73.94, 1.106, -1.900
73.95, 1.105, 0.1281
73.96, 1.104, 1.488
73.97, 1.103, -1.271
73.98, 1.102, 0.5936
73.99, 1.101, -1.289
74.00, 1.100, -1.508
74.01, 1.099, -0.6783
74.02, 1.098, -0.4584
74.03, 1.097, -0.3227
74.04, 1.096, 0.07908
74.05, 1.095, -0.6582
74.06, 1.094, 1.612
74.07, 1.093, 0.6157
74.08, 1.092, 0.5194
74.09, 1.091, 1.624
74.10, 1.090, -1.303
74.11, 1.089, -1.916
74.12, 1.088, -0.1239
74.13, 1.087, -1.834
74.14, 1.086, -1.479
74.15, 1.085, -1.166
74.16, 1.084, -1.433
74.17, 1.083, 0.2267
74.18, 1.082, 2.089
74.19, 1.081, -1.220
74.20, 1.080, -1.559
74.21, 1.079, 0.2862
74.22, 1.078, 0.7056
74.23, 1.077, 0.8744
74.24, 1.076, -2.596
74.25, 1.075, -1.961
74.26, 1.074, -1.257
74.27, 1.073, 0.1893
74.28, 1.072, 0.7736
74.29, 1.071, -1.489
74.30, 1.070, -0.7697
74.31, 1.069, -3.164
74.32, 1.068, -2.290
74.33, 1.067, -2.026
74.34, 1.066, -1.631
74.35, 1.065, -0.7792
74.36, 1.064, -3.512
74.37, 1.063, -1.015
74.38, 1.062, -2.109
74.39, 1.061, -3.430
74.40, 1.060, -1.826
74.41, 1.059, -2.643
74.42, 1.058, -1.232
74.43, 1.057, -1.786
74.44, 1.056, -3.843
74.45, 1.055, -2.621
74.46, 1.054, -1.224
74.47, 1.053, -1.032
74.48, 1.052, -4.497
74.49, 1.051, -2.040
74.50, 1.050, -1.380
74.51, 1.049, -2.312
74.52, 1.048, -3.102
74.53, 1.047, -0.9532
74.54, 1.046, -2.421
74.55, 1.045, -2.349
74.56, 1.044, -1.264
74.57, 1.043, -0.2248
74.58, 1.042, -4.122
74.59, 1.041, -1.517
74.60, 1.040, -0.6993
74.61, 1.039, -1.749
74.62, 1.038, -0.7762
74.63, 1.037, 1.052
74.64, 1.036, -1.512
74.65, 1.035, -0.6445
74.66, 1.034, -1.405
74.67, 1.033, 1.109
74.68, 1.032, -0.1169
74.69, 1.031, -0.9563
74.70, 1.030, -0.6066
74.71, 1.029, 0.8269
74.72, 1.028, -1.135
74.73, 1.027, -2.651
74.74, 1.026, -0.7268
74.75, 1.025, -1.594
74.76, 1.024, -2.218
74.77, 1.023, -0.8920
74.78, 1.022, -3.706
74.79, 1.021, -3.281
74.80, 1.020, -3.225
74.81, 1.019, -2.432
74.82, 1.018, -2.474
74.83, 1.017, -2.952
74.84, 1.016, -1.292
74.85, 1.015, -2.197
74.86, 1.014, -2.933
74.87, 1.013, -3.332
74.88, 1.012, -1.642
74.89, 1.011, -0.5907
74.90, 1.010, -3.814
74.91, 1.009, -2.912
74.92, 1.008, -1.737
74.93, 1.007, -1.250
74.94, 1.006, -3.578
74.95, 1.005, -2.488
74.96, 1.004, -2.469
74.97, 1.003, -2.476
74.98, 1.002, -1.960
74.99, 1.001, -4.028
75.00, 1.000, 0.9180
75.01, 0.9990, -2.433
75.02, 0.9980, 0.1873
75.03, 0.9970, -1.746
75.04, 0.9960, -0.6762
75.05, 0.9950, -1.734
75.06, 0.9940, -1.746
75.07, 0.9930, -1.643
75.08, 0.9920, -2.463
75.09, 0.9910, -2.209
75.10, 0.9900, -2.226
75.11, 0.9890, -2.677
75.12, 0.9880, -1.657
75.13, 0.9870, -1.275
75.14, 0.9860, -4.158
75.15, 0.9850, -3.918
75.16, 0.9840, -2.700
75.17, 0.9830, -3.636
75.18, 0.9820, -5.108
75.19, 0.9810, -5.491
75.20, 0.9800, -3.650
75.21, 0.9790, -2.683
75.22, 0.9780, -3.247
75.23, 0.9770, -4.149
75.24, 0.9760, -5.126
75.25, 0.9750, -3.646
75.26, 0.9740, -3.655
75.27, 0.9730, -4.269
75.28, 0.9720, -4.088
75.29, 0.9710, -5.236
75.30, 0.9700, -2.712
75.31, 0.9690, -1.642
75.32, 0.9680, -3.045
75.33, 0.9670, -4.041
75.34, 0.9660, -4.457
75.35, 0.9650, -2.552
75.36, 0.9640, -4.441
75.37, 0.9630, -4.938
75.38, 0.9620, -2.765
75.39, 0.9610, -2.737
75.40, 0.9600, -3.479
75.41, 0.9590, -2.964
75.42, 0.9580, -2.576
75.43, 0.9570, -1.488
75.44, 0.9560, -2.407
75.45, 0.9550, -2.073
75.46, 0.9540, -4.985
75.47, 0.9530, -3.566
75.48, 0.9520, -1.860
75.49, 0.9510, -4.210
75.50, 0.9500, -1.790
75.51, 0.9490, -4.145
75.52, 0.9480, -0.5895
75.53, 0.9470, -2.469
75.54, 0.9460, -4.968
75.55, 0.9450, -2.104
75.56, 0.9440, -3.553
75.57, 0.9430, -2.465
75.58, 0.9420, -3.996
75.59, 0.9410, -5.190
75.60, 0.9400, -3.765
75.61, 0.9390, -4.317
75.62, 0.9380, -4.165
75.63, 0.9370, -5.335
75.64, 0.9360, -4.110
75.65, 0.9350, -3.767
75.66, 0.9340, -3.646
75.67, 0.9330, -4.046
75.68, 0.9320, -4.771
75.69, 0.9310, -3.970
75.70, 0.9300, -4.711
75.71, 0.9290, -4.481
75.72, 0.9280, -3.877
75.73, 0.9270, -4.616
75.74, 0.9260, -4.128
75.75, 0.9250, -3.663
75.76, 0.9240, -3.217
75.77, 0.9230, -4.315
75.78, 0.9220, -4.184
75.79, 0.9210, -2.222
75.80, 0.9200, -3.311
75.81, 0.9190, -2.921
75.82, 0.9180, -4.598
75.83, 0.9170, -3.060
75.84, 0.9160, -3.914
75.85, 0.9150, -2.286
75.86, 0.9140, -3.243
75.87, 0.9130, -1.939
75.88, 0.9120, -3.076
75.89, 0.9110, -4.606
75.90, 0.9100, -2.865
75.91, 0.9090, -2.745
75.92, 0.9080, -2.665
75.93, 0.9070, -1.458
75.94, 0.9060, -2.143
75.95, 0.9050, -4.865
75.96, 0.9040, -4.048
75.97, 0.9030, -4.287
75.98, 0.9020, -3.725
75.99, 0.9010, -3.230
76.00, 0.9000, -5.543
76.01, 0.8990, -4.528
76.02, 0.8980, -5.101
76.03, 0.8970, -5.129
76.04, 0.8960, -5.335
76.05, 0.8950, -4.686
76.06, 0.8940, -5.659
76.07, 0.8930, -5.936
76.08, 0.8920, -4.277
76.09, 0.8910, -4.097
76.10, 0.8900, -4.346
76.11, 0.8890, -3.711
76.12, 0.8880, -4.910
76.13, 0.8870, -5.059
76.14, 0.8860, -3.807
76.15, 0.8850, -4.767
76.16, 0.8840, -4.199
76.17, 0.8830, -5.426
76.18, 0.8820, -3.744
76.19, 0.8810, -4.339
76.20, 0.8800, -3.199
76.21, 0.8790, -3.994
76.22, 0.8780, -4.868
76.23, 0.8770, -4.737
76.24, 0.8760, -3.904
76.25, 0.8750, -2.392
76.26, 0.8740, -2.825
76.27, 0.8730, -7.123
76.28, 0.8720, -4.992
76.29, 0.8710, -2.620
76.30, 0.8700, -3.354
76.31, 0.8690, -3.045
76.32, 0.8680, -3.777
76.33, 0.8670, -4.655
76.34, 0.8660, -4.944
76.35, 0.8650, -4.344
76.36, 0.8640, -4.549
76.37, 0.8630, -4.108
76.38, 0.8620, -3.932
76.39, 0.8610, -2.369
76.40, 0.8600, -5.061
76.41, 0.8590, -5.203
76.42, 0.8580, -5.839
76.43, 0.8570, -3.710
76.44, 0.8560, -4.878
76.45, 0.8550, -5.513
76.46, 0.8540, -4.953
76.47, 0.8530, -5.933
76.48, 0.8520, -5.922
76.49, 0.8510, -6.301
76.50, 0.8500, -5.158
76.51, 0.8490, -5.164
76.52, 0.8480, -5.431
76.53, 0.8470, -6.632
76.54, 0.8460, -4.707
76.55, 0.8450, -4.755
76.56, 0.8440, -5.589
76.57, 0.8430, -5.762
76.58, 0.8420, -4.944
76.59, 0.8410, -4.909
76.60, 0.8400, -6.927
76.61, 0.8390, -4.908
76.62, 0.8380, -3.748
76.63, 0.8370, -4.304
76.64, 0.8360, -6.428
76.65, 0.8350, -4.457
76.66, 0.8340, -3.791
76.67, 0.8330, -5.497
76.68, 0.8320, -3.768
76.69, 0.8310, -5.033
76.70, 0.8300, -5.593
76.71, 0.8290, -5.836
76.72, 0.8280, -4.705
76.73, 0.8270, -4.310
76.74, 0.8260, -7.505
76.75, 0.8250, -6.292
76.76, 0.8240, -5.147
76.77, 0.8230, -4.423
76.78, 0.8220, -3.937
76.79, 0.8210, -6.445
76.80, 0.8200, -3.980
76.81, 0.8190, -5.194
76.82, 0.8180, -4.905
76.83, 0.8170, -6.193
76.84, 0.8160, -5.738
76.85, 0.8150, -6.373
76.86, 0.8140, -4.543
76.87, 0.8130, -3.542
76.88, 0.8120, -5.723
76.89, 0.8110, -5.987
76.90, 0.8100, -6.062
76.91, 0.8090, -4.447
76.92, 0.8080, -7.082
76.93, 0.8070, -6.839
76.94, 0.8060, -5.796
76.95, 0.8050, -4.285
76.96, 0.8040, -4.110
76.97, 0.8030, -7.075
76.98, 0.8020, -6.774
76.99, 0.8010, -4.465
77.00, 0.8000, -4.577
77.01, 0.7990, -6.207
77.02, 0.7980, -3.966
77.03, 0.7970, -5.607
77.04, 0.7960, -5.452
77.05, 0.7950, -4.403
77.06, 0.7940, -4.020
77.07, 0.7930, -3.972
77.08, 0.7920, -4.480
77.09, 0.7910, -5.780
77.10, 0.7900, -4.707
77.11, 0.7890, -4.323
77.12, 0.7880, -3.518
77.13, 0.7870, -4.433
77.14, 0.7860, -4.195
77.15, 0.7850, -3.261
77.16, 0.7840, -4.927
77.17, 0.7830, -3.475
77.18, 0.7820, -4.520
77.19, 0.7810, -4.234
77.20, 0.7800, -4.969
77.21, 0.7790, -2.926
77.22, 0.7780, -4.215
77.23, 0.7770, -4.958
77.24, 0.7760, -6.259
77.25, 0.7750, -5.580
77.26, 0.7740, -5.566
77.27, 0.7730, -6.216
77.28, 0.7720, -6.315
77.29, 0.7710, -7.265
77.30, 0.7700, -6.713
77.31, 0.7690, -7.597
77.32, 0.7680, -5.627
77.33, 0.7670, -6.478
77.34, 0.7660, -5.836
77.35, 0.7650, -6.864
77.36, 0.7640, -7.035
77.37, 0.7630, -5.721
77.38, 0.7620, -6.289
77.39, 0.7610, -6.996
77.40, 0.7600, -6.754
77.41, 0.7590, -6.999
77.42, 0.7580, -5.734
77.43, 0.7570, -5.581
77.44, 0.7560, -5.621
77.45, 0.7550, -5.912
77.46, 0.7540, -5.335
77.47, 0.7530, -5.751
77.48, 0.7520, -5.576
77.49, 0.7510, -6.576
77.50, 0.7500, -4.059
77.51, 0.7490, -4.342
77.52, 0.7480, -4.303
77.53, 0.7470, -6.721
77.54, 0.7460, -5.795
77.55, 0.7450, -4.489
77.56, 0.7440, -4.397
77.57, 0.7430, -3.674
77.58, 0.7420, -4.378
77.59, 0.7410, -4.444
77.60, 0.7400, -4.558
77.61, 0.7390, -4.148
77.62, 0.7380, -4.060
77.63, 0.7370, -5.801
77.64, 0.7360, -3.878
77.65, 0.7350, -4.313
77.66, 0.7340, -6.251
77.67, 0.7330, -4.704
77.68, 0.7320, -6.653
77.69, 0.7310, -6.087
77.70, 0.7300, -6.685
77.71, 0.7290, -6.539
77.72, 0.7280, -5.082
77.73, 0.7270, -6.539
77.74, 0.7260, -5.433
77.75, 0.7250, -5.060
77.76, 0.7240, -5.643
77.77, 0.7230, -5.438
77.78, 0.7220, -5.213
77.79, 0.7210, -4.799
77.80, 0.7200, -5.040
77.81, 0.7190, -6.280
77.82, 0.7180, -8.975
77.83, 0.7170, -6.108
77.84, 0.7160, -5.382
77.85, 0.7150, -7.493
77.86, 0.7140, -6.140
77.87, 0.7130, -6.964
77.88, 0.7120, -6.698
77.89, 0.7110, -6.994
77.90, 0.7100, -6.842
77.91, 0.7090, -6.811
77.92, 0.7080, -7.102
77.93, 0.7070, -7.414
77.94, 0.7060, -8.246
77.95, 0.7050, -6.415
77.96, 0.7040, -5.679
77.97, 0.7030, -7.065
77.98, 0.7020, -5.132
77.99, 0.7010, -6.408
78.00, 0.7000, -6.173
78.01, 0.6990, -6.555
78.02, 0.6980, -5.735
78.03, 0.6970, -5.521
78.04, 0.6960, -6.440
78.05, 0.6950, -5.878
78.06, 0.6940, -5.476
78.07, 0.6930, -6.286
78.08, 0.6920, -5.636
78.09, 0.6910, -8.200
78.10, 0.6900, -7.655
78.11, 0.6890, -7.466
78.12, 0.6880, -6.269
78.13, 0.6870, -6.143
78.14, 0.6860, -7.538
78.15, 0.6850, -8.698
78.16, 0.6840, -6.941
78.17, 0.6830, -6.139
78.18, 0.6820, -6.428
78.19, 0.6810, -7.611
78.20, 0.6800, -8.136
78.21, 0.6790, -5.792
78.22, 0.6780, -6.898
78.23, 0.6770, -6.699
78.24, 0.6760, -6.963
78.25, 0.6750, -7.119
78.26, 0.6740, -4.881
78.27, 0.6730, -7.632
78.28, 0.6720, -6.975
78.29, 0.6710, -6.362
78.30, 0.6700, -5.131
78.31, 0.6690, -6.353
78.32, 0.6680, -5.536
78.33, 0.6670, -5.483
78.34, 0.6660, -7.415
78.35, 0.6650, -6.033
78.36, 0.6640, -5.761
78.37, 0.6630, -6.362
78.38, 0.6620, -7.079
78.39, 0.6610, -6.026
78.40, 0.6600, -5.460
78.41, 0.6590, -6.306
78.42, 0.6580, -4.918
78.43, 0.6570, -6.796
78.44, 0.6560, -5.529
78.45, 0.6550, -5.868
78.46, 0.6540, -5.341
78.47, 0.6530, -5.886
78.48, 0.6520, -5.230
78.49, 0.6510, -6.092
78.50, 0.6500, -5.156
78.51, 0.6490, -7.899
78.52, 0.6480, -8.322
78.53, 0.6470, -7.211
78.54, 0.6460, -9.179
78.55, 0.6450, -8.493
78.56, 0.6440, -8.482
78.57, 0.6430, -7.899
78.58, 0.6420, -8.575
78.59, 0.6410, -7.101
78.60, 0.6400, -8.509
78.61, 0.6390, -8.442
78.62, 0.6380, -7.929
78.63, 0.6370, -8.825
78.64, 0.6360, -6.533
78.65, 0.6350, -8.617
78.66, 0.6340, -7.731
78.67, 0.6330, -7.373
78.68, 0.6320, -7.573
78.69, 0.6310, -8.657
78.70, 0.6300, -9.549
78.71, 0.6290, -8.074
78.72, 0.6280, -7.899
78.73, 0.6270, -7.367
78.74, 0.6260, -8.347
78.75, 0.6250, -7.013
78.76, 0.6240, -7.356
78.77, 0.6230, -7.682
78.78, 0.6220, -6.754
78.79, 0.6210, -6.766
78.80, 0.6200, -7.626
78.81, 0.6190, -7.049
78.82, 0.6180, -7.172
78.83, 0.6170, -7.165
78.84, 0.6160, -7.929
78.85, 0.6150, -8.308
78.86, 0.6140, -8.402
78.87, 0.6130, -7.056
78.88, 0.6120, -7.539
78.89, 0.6110, -8.516
78.90, 0.6100, -6.923
78.91, 0.6090, -6.772
78.92, 0.6080, -7.012
78.93, 0.6070, -7.559
78.94, 0.6060, -7.433
78.95, 0.6050, -8.231
78.96, 0.6040, -9.673
78.97, 0.6030, -8.659
78.98, 0.6020, -7.505
78.99, 0.6010, -9.346
79.00, 0.6000, -8.174
79.01, 0.5990, -8.389
79.02, 0.5980, -7.097
79.03, 0.5970, -8.360
79.04, 0.5960, -8.667
79.05, 0.5950, -8.565
79.06, 0.5940, -7.546
79.07, 0.5930, -7.681
79.08, 0.5920, -8.356
79.09, 0.5910, -8.940
79.10, 0.5900, -8.112
79.11, 0.5890, -6.621
79.12, 0.5880, -7.975
79.13, 0.5870, -8.636
79.14, 0.5860, -7.263
79.15, 0.5850, -7.344
79.16, 0.5840, -9.378
79.17, 0.5830, -7.877
79.18, 0.5820, -8.588
79.19, 0.5810, -7.100
79.20, 0.5800, -8.483
79.21, 0.5790, -7.087
79.22, 0.5780, -8.017
79.23, 0.5770, -8.053
79.24, 0.5760, -9.682
79.25, 0.5750, -8.715
79.26, 0.5740, -8.115
79.27, 0.5730, -7.894
79.28, 0.5720, -7.713
79.29, 0.5710, -8.577
79.30, 0.5700, -9.079
79.31, 0.5690, -8.446
79.32, 0.5680, -8.724
79.33, 0.5670, -6.683
79.34, 0.5660, -6.367
79.35, 0.5650, -7.929
79.36, 0.5640, -8.197
79.37, 0.5630, -9.204
79.38, 0.5620, -10.25
79.39, 0.5610, -8.939
79.40, 0.5600, -9.789
79.41, 0.5590, -9.299
79.42, 0.5580, -9.197
79.43, 0.5570, -8.994
79.44, 0.5560, -8.357
79.45, 0.5550, -8.816
79.46, 0.5540, -8.649
79.47, 0.5530, -9.067
79.48, 0.5520, -8.777
79.49, 0.5510, -8.020
79.50, 0.5500, -8.426
79.51, 0.5490, -7.051
79.52, 0.5480, -8.346
79.53, 0.5470, -6.532
79.54, 0.5460, -7.152
79.55, 0.5450, -7.468
79.56, 0.5440, -8.053
79.57, 0.5430, -7.181
79.58, 0.5420, -6.894
79.59, 0.5410, -7.866
79.60, 0.5400, -7.141
79.61, 0.5390, -8.340
79.62, 0.5380, -8.692
79.63, 0.5370, -7.502
79.64, 0.5360, -8.069
79.65, 0.5350, -8.407
79.66, 0.5340, -8.379
79.67, 0.5330, -8.578
79.68, 0.5320, -6.775
79.69, 0.5310, -8.711
79.70, 0.5300, -7.020
79.71, 0.5290, -7.450
79.72, 0.5280, -8.393
79.73, 0.5270, -8.495
79.74, 0.5260, -7.887
79.75, 0.5250, -8.040
79.76, 0.5240, -7.441
79.77, 0.5230, -8.223
79.78, 0.5220, -8.745
79.79, 0.5210, -10.42
79.80, 0.5200, -8.274
79.81, 0.5190, -9.980
79.82, 0.5180, -9.554
79.83, 0.5170, -9.378
79.84, 0.5160, -9.257
79.85, 0.5150, -10.41
79.86, 0.5140, -9.419
79.87, 0.5130, -10.04
79.88, 0.5120, -9.847
79.89, 0.5110, -10.28
79.90, 0.5100, -10.14
79.91, 0.5090, -10.32
79.92, 0.5080, -9.112
79.93, 0.5070, -8.537
79.94, 0.5060, -10.32
79.95, 0.5050, -9.517
79.96, 0.5040, -9.710
79.97, 0.5030, -9.850
79.98, 0.5020, -9.731
79.99, 0.5010, -10.49
80.00, 0.5000, -8.178
80.01, 0.4990, -8.993
80.02, 0.4980, -9.510
80.03, 0.4970, -10.75
80.04, 0.4960, -8.818
80.05, 0.4950, -8.271
80.06, 0.4940, -9.708
80.07, 0.4930, -9.496
80.08, 0.4920, -8.923
80.09, 0.4910, -8.972
80.10, 0.4900, -8.257
80.11, 0.4890, -9.198
80.12, 0.4880, -8.802
80.13, 0.4870, -9.385
80.14, 0.4860, -9.773
80.15, 0.4850, -8.662
80.16, 0.4840, -9.864
80.17, 0.4830, -8.874
80.18, 0.4820, -8.468
80.19, 0.4810, -9.301
80.20, 0.4800, -9.343
80.21, 0.4790, -12.11
80.22, 0.4780, -10.57
80.23, 0.4770, -9.738
80.24, 0.4760, -10.74
80.25, 0.4750, -10.66
80.26, 0.4740, -11.01
80.27, 0.4730, -10.11
80.28, 0.4720, -9.675
80.29, 0.4710, -9.786
80.30, 0.4700, -8.763
80.31, 0.4690, -10.95
80.32, 0.4680, -10.14
80.33, 0.4670, -9.777
80.34, 0.4660, -11.06
80.35, 0.4650, -8.616
80.36, 0.4640, -9.496
80.37, 0.4630, -11.58
80.38, 0.4620, -9.988
80.39, 0.4610, -8.779
80.40, 0.4600, -9.566
80.41, 0.4590, -9.847
80.42, 0.4580, -9.398
80.43, 0.4570, -9.072
80.44, 0.4560, -10.10
80.45, 0.4550, -10.61
80.46, 0.4540, -10.24
80.47, 0.4530, -10.16
80.48, 0.4520, -11.02
80.49, 0.4510, -10.17
80.50, 0.4500, -9.722
80.51, 0.4490, -10.13
80.52, 0.4480, -10.20
80.53, 0.4470, -10.33
80.54, 0.4460, -9.435
80.55, 0.4450, -10.24
80.56, 0.4440, -9.404
80.57, 0.4430, -9.938
80.58, 0.4420, -8.727
80.59, 0.4410, -10.10
80.60, 0.4400, -10.32
80.61, 0.4390, -10.32
80.62, 0.4380, -10.04
80.63, 0.4370, -10.88
80.64, 0.4360, -10.28
80.65, 0.4350, -12.67
80.66, 0.4340, -10.68
80.67, 0.4330, -10.95
80.68, 0.4320, -11.54
80.69, 0.4310, -11.38
80.70, 0.4300, -9.768
80.71, 0.4290, -10.77
80.72, 0.4280, -11.71
80.73, 0.4270, -11.56
80.74, 0.4260, -10.99
80.75, 0.4250, -11.99
80.76, 0.4240, -9.463
80.77, 0.4230, -9.450
80.78, 0.4220, -9.951
80.79, 0.4210, -9.149
80.80, 0.4200, -8.717
80.81, 0.4190, -10.60
80.82, 0.4180, -10.29
80.83, 0.4170, -11.82
80.84, 0.4160, -9.975
80.85, 0.4150, -9.519
80.86, 0.4140, -9.658
80.87, 0.4130, -9.254
80.88, 0.4120, -9.677
80.89, 0.4110, -8.468
80.90, 0.4100, -10.15
80.91, 0.4090, -10.53
80.92, 0.4080, -10.97
80.93, 0.4070, -8.506
80.94, 0.4060, -9.199
80.95, 0.4050, -8.941
80.96, 0.4040, -9.153
80.97, 0.4030, -10.11
80.98, 0.4020, -9.239
80.99, 0.4010, -8.718
81.00, 0.4000, -8.866
81.01, 0.3990, -8.412
81.02, 0.3980, -10.72
81.03, 0.3970, -11.20
81.04, 0.3960, -9.998
81.05, 0.3950, -11.01
81.06, 0.3940, -9.679
81.07, 0.3930, -12.47
81.08, 0.3920, -9.990
81.09, 0.3910, -11.02
81.10, 0.3900, -12.33
81.11, 0.3890, -11.01
81.12, 0.3880, -11.57
81.13, 0.3870, -13.16
81.14, 0.3860, -9.869
81.15, 0.3850, -11.99
81.16, 0.3840, -11.07
81.17, 0.3830, -10.16
81.18, 0.3820, -10.24
81.19, 0.3810, -12.23
81.20, 0.3800, -10.83
81.21, 0.3790, -11.09
81.22, 0.3780, -12.19
81.23, 0.3770, -10.83
81.24, 0.3760, -11.32
81.25, 0.3750, -10.87
81.26, 0.3740, -10.35
81.27, 0.3730, -9.106
81.28, 0.3720, -9.836
81.29, 0.3710, -10.19
81.30, 0.3700, -9.680
81.31, 0.3690, -11.08
81.32, 0.3680, -10.69
81.33, 0.3670, -11.48
81.34, 0.3660, -12.00
81.35, 0.3650, -11.69
81.36, 0.3640, -12.76
81.37, 0.3630, -9.778
81.38, 0.3620, -10.46
81.39, 0.3610, -10.71
81.40, 0.3600, -11.85
81.41, 0.3590, -10.94
81.42, 0.3580, -10.82
81.43, 0.3570, -11.29
81.44, 0.3560, -11.72
81.45, 0.3550, -12.32
81.46, 0.3540, -12.32
81.47, 0.3530, -12.51
81.48, 0.3520, -13.01
81.49, 0.3510, -14.43
81.50, 0.3500, -12.60
81.51, 0.3490, -13.30
81.52, 0.3480, -12.90
81.53, 0.3470, -13.29
81.54, 0.3460, -13.45
81.55, 0.3450, -13.69
81.56, 0.3440, -13.57
81.57, 0.3430, -11.56
81.58, 0.3420, -13.05
81.59, 0.3410, -14.15
81.60, 0.3400, -12.11
81.61, 0.3390, -13.17
81.62, 0.3380, -12.43
81.63, 0.3370, -13.74
81.64, 0.3360, -13.33
81.65, 0.3350, -13.94
81.66, 0.3340, -14.69
81.67, 0.3330, -12.49
81.68, 0.3320, -13.15
81.69, 0.3310, -13.18
81.70, 0.3300, -11.69
81.71, 0.3290, -13.62
81.72, 0.3280, -12.21
81.73, 0.3270, -13.47
81.74, 0.3260, -13.00
81.75, 0.3250, -13.09
81.76, 0.3240, -12.67
81.77, 0.3230, -12.58
81.78, 0.3220, -12.69
81.79, 0.3210, -11.78
81.80, 0.3200, -11.98
81.81, 0.3190, -14.13
81.82, 0.3180, -14.16
81.83, 0.3170, -12.81
81.84, 0.3160, -12.73
81.85, 0.3150, -12.63
81.86, 0.3140, -13.54
81.87, 0.3130, -13.00
81.88, 0.3120, -13.12
81.89, 0.3110, -12.48
81.90, 0.3100, -13.18
81.91, 0.3090, -16.20
81.92, 0.3080, -14.99
81.93, 0.3070, -13.59
81.94, 0.3060, -14.75
81.95, 0.3050, -14.76
81.96, 0.3040, -14.87
81.97, 0.3030, -13.71
81.98, 0.3020, -14.54
81.99, 0.3010, -15.68
82.00, 0.3000, -15.26
82.01, 0.2990, -14.04
82.02, 0.2980, -14.85
82.03, 0.2970, -14.22
82.04, 0.2960, -13.47
82.05, 0.2950, -13.87
82.06, 0.2940, -14.62
82.07, 0.2930, -13.64
82.08, 0.2920, -14.75
82.09, 0.2910, -14.10
82.10, 0.2900, -14.50
82.11, 0.2890, -13.81
82.12, 0.2880, -13.68
82.13, 0.2870, -15.11
82.14, 0.2860, -12.44
82.15, 0.2850, -13.71
82.16, 0.2840, -13.23
82.17, 0.2830, -13.90
82.18, 0.2820, -14.03
82.19, 0.2810, -14.04
82.20, 0.2800, -13.72
82.21, 0.2790, -13.90
82.22, 0.2780, -14.22
82.23, 0.2770, -14.03
82.24, 0.2760, -14.00
82.25, 0.2750, -13.18
82.26, 0.2740, -13.76
82.27, 0.2730, -13.99
82.28, 0.2720, -15.34
82.29, 0.2710, -14.59
82.30, 0.2700, -15.67
82.31, 0.2690, -14.74
82.32, 0.2680, -14.71
82.33, 0.2670, -16.13
82.34, 0.2660, -15.47
82.35, 0.2650, -15.65
82.36, 0.2640, -17.03
82.37, 0.2630, -16.14
82.38, 0.2620, -14.59
82.39, 0.2610, -15.81
82.40, 0.2600, -15.10
82.41, 0.2590, -14.86
82.42, 0.2580, -15.42
82.43, 0.2570, -16.02
82.44, 0.2560, -15.29
82.45, 0.2550, -16.52
82.46, 0.2540, -16.63
82.47, 0.2530, -15.36
82.48, 0.2520, -14.79
82.49, 0.2510, -15.71
82.50, 0.2500, -14.77
82.51, 0.2490, -14.79
82.52, 0.2480, -13.77
82.53, 0.2470, -15.23
82.54, 0.2460, -14.32
82.55, 0.2450, -15.43
82.56, 0.2440, -15.29
82.57, 0.2430, -15.23
82.58, 0.2420, -14.37
82.59, 0.2410, -14.51
82.60, 0.2400, -14.51
82.61, 0.2390, -14.12
82.62, 0.2380, -14.24
82.63, 0.2370, -15.95
82.64, 0.2360, -15.17
82.65, 0.2350, -15.28
82.66, 0.2340, -14.05
82.67, 0.2330, -15.29
82.68, 0.2320, -15.09
82.69, 0.2310, -15.21
82.70, 0.2300, -14.18
82.71, 0.2290, -14.83
82.72, 0.2280, -16.11
82.73, 0.2270, -14.70
82.74, 0.2260, -15.46
82.75, 0.2250, -15.86
82.76, 0.2240, -16.87
82.77, 0.2230, -15.68
82.78, 0.2220, -16.82
82.79, 0.2210, -16.23
82.80, 0.2200, -16.76
82.81, 0.2190, -15.18
82.82, 0.2180, -16.77
82.83, 0.2170, -16.69
82.84, 0.2160, -17.41
82.85, 0.2150, -15.28
82.86, 0.2140, -15.91
82.87, 0.2130, -15.67
82.88, 0.2120, -15.97
82.89, 0.2110, -15.86
82.90, 0.2100, -15.26
82.91, 0.2090, -15.88
82.92, 0.2080, -16.18
82.93, 0.2070, -15.24
82.94, 0.2060, -16.29
82.95, 0.2050, -14.50
82.96, 0.2040, -15.40
82.97, 0.2030, -14.57
82.98, 0.2020, -17.50
82.99, 0.2010, -16.76
83.00, 0.2000, -15.11
83.01, 0.1990, -16.88
83.02, 0.1980, -16.51
83.03, 0.1970, -15.95
83.04, 0.1960, -16.12
83.05, 0.1950, -14.45
83.06, 0.1940, -15.34
83.07, 0.1930, -16.09
83.08, 0.1920, -17.18
83.09, 0.1910, -15.14
83.10, 0.1900, -17.18
83.11, 0.1890, -16.85
83.12, 0.1880, -15.85
83.13, 0.1870, -16.21
83.14, 0.1860, -16.50
83.15, 0.1850, -15.80
83.16, 0.1840, -16.77
83.17, 0.1830, -16.25
83.18, 0.1820, -17.47
83.19, 0.1810, -17.22
83.20, 0.1800, -17.58
83.21, 0.1790, -17.41
83.22, 0.1780, -17.97
83.23, 0.1770, -18.40
83.24, 0.1760, -17.68
83.25, 0.1750, -17.73
83.26, 0.1740, -17.70
83.27, 0.1730, -18.29
83.28, 0.1720, -17.67
83.29, 0.1710, -17.40
83.30, 0.1700, -17.04
83.31, 0.1690, -17.38
83.32, 0.1680, -16.69
83.33, 0.1670, -16.50
83.34, 0.1660, -16.30
83.35, 0.1650, -17.25
83.36, 0.1640, -16.50
83.37, 0.1630, -16.83
83.38, 0.1620, -18.61
83.39, 0.1610, -17.30
83.40, 0.1600, -16.79
83.41, 0.1590, -16.93
83.42, 0.1580, -17.73
83.43, 0.1570, -18.38
83.44, 0.1560, -16.17
83.45, 0.1550, -14.99
83.46, 0.1540, -17.74
83.47, 0.1530, -18.97
83.48, 0.1520, -16.33
83.49, 0.1510, -15.70
83.50, 0.1500, -17.58
83.51, 0.1490, -16.73
83.52, 0.1480, -16.53
83.53, 0.1470, -17.17
83.54, 0.1460, -17.62
83.55, 0.1450, -18.17
83.56, 0.1440, -17.77
83.57, 0.1430, -17.84
83.58, 0.1420, -17.64
83.59, 0.1410, -17.97
83.60, 0.1400, -17.41
83.61, 0.1390, -17.97
83.62, 0.1380, -17.02
83.63, 0.1370, -18.69
83.64, 0.1360, -16.81
83.65, 0.1350, -18.62
83.66, 0.1340, -17.48
83.67, 0.1330, -18.33
83.68, 0.1320, -16.90
83.69, 0.1310, -17.89
83.70, 0.1300, -18.32
83.71, 0.1290, -18.67
83.72, 0.1280, -16.96
83.73, 0.1270, -17.50
83.74, 0.1260, -17.57
83.75, 0.1250, -17.06
83.76, 0.1240, -17.02
83.77, 0.1230, -17.96
83.78, 0.1220, -17.71
83.79, 0.1210, -17.45
83.80, 0.1200, -18.05
83.81, 0.1190, -18.44
83.82, 0.1180, -18.65
83.83, 0.1170, -17.49
83.84, 0.1160, -16.10
83.85, 0.1150, -17.82
83.86, 0.1140, -19.24
83.87, 0.1130, -16.40
83.88, 0.1120, -18.37
83.89, 0.1110, -19.05
83.90, 0.1100, -17.83
83.91, 0.1090, -16.23
83.92, 0.1080, -17.46
83.93, 0.1070, -18.33
83.94, 0.1060, -17.43
83.95, 0.1050, -17.05
83.96, 0.1040, -18.64
83.97, 0.1030, -18.12
83.98, 0.1020, -19.08
83.99, 0.1010, -17.49
84.00, 0.1000, -19.44
84.01, 0.09900, -18.17
84.02, 0.09800, -19.43
84.03, 0.09700, -18.95
84.04, 0.09600, -19.97
84.05, 0.09500, -19.39
84.06, 0.09400, -20.02
84.07, 0.09300, -18.69
84.08, 0.09200, -19.90
84.09, 0.09100, -18.87
84.10, 0.09000, -18.51
84.11, 0.08900, -18.74
84.12, 0.08800, -17.88
84.13, 0.08700, -18.69
84.14, 0.08600, -17.79
84.15, 0.08500, -19.40
84.16, 0.08400, -19.68
84.17, 0.08300, -17.38
84.18, 0.08200, -17.61
84.19, 0.08100, -17.35
84.20, 0.08000, -19.58
84.21, 0.07900, -17.85
84.22, 0.07800, -18.94
84.23, 0.07700, -20.71
84.24, 0.07600, -18.88
84.25, 0.07500, -18.16
84.26, 0.07400, -17.72
84.27, 0.07300, -18.31
84.28, 0.07200, -17.10
84.29, 0.07100, -18.11
84.30, 0.07000, -18.48
84.31, 0.06900, -20.37
84.32, 0.06800, -18.58
84.33, 0.06700, -19.81
84.34, 0.06600, -18.90
84.35, 0.06500, -18.21
84.36, 0.06400, -19.25
84.37, 0.06300, -17.93
84.38, 0.06200, -17.19
84.39, 0.06100, -18.95
84.40, 0.06000, -17.58
84.41, 0.05900, -19.51
84.42, 0.05800, -18.70
84.43, 0.05700, -20.42
84.44, 0.05600, -18.66
84.45, 0.05500, -19.52
84.46, 0.05400, -19.72
84.47, 0.05300, -18.78
84.48, 0.05200, -19.18
84.49, 0.05100, -19.41
84.50, 0.05000, -21.10
84.51, 0.04900, -19.87
84.52, 0.04800, -19.42
84.53, 0.04700, -17.88
84.54, 0.04600, -18.74
84.55, 0.04500, -19.73
84.56, 0.04400, -19.92
84.57, 0.04300, -18.90
84.58, 0.04200, -19.01
84.59, 0.04100, -17.93
84.60, 0.04000, -19.46
84.61, 0.03900, -20.44
84.62, 0.03800, -19.03
84.63, 0.03700, -18.42
84.64, 0.03600, -19.39
84.65, 0.03500, -19.13
84.66, 0.03400, -19.29
84.67, 0.03300, -19.22
84.68, 0.03200, -19.35
84.69, 0.03100, -20.11
84.70, 0.03000, -19.19
84.71, 0.02900, -18.97
84.72, 0.02800, -18.36
84.73, 0.02700, -19.76
84.74, 0.02600, -20.05
84.75, 0.02500, -19.01
84.76, 0.02400, -20.57
84.77, 0.02300, -19.67
84.78, 0.02200, -20.97
84.79, 0.02100, -21.12
84.80, 0.02000, -19.92
84.81, 0.01900, -20.59
84.82, 0.01800, -19.41
84.83, 0.01700, -21.68
84.84, 0.01600, -19.92
84.85, 0.01500, -21.30
84.86, 0.01400, -20.01
84.87, 0.01300, -21.15
84.88, 0.01200, -20.15
84.89, 0.01100, -21.08
84.90, 0.01000, -21.83
84.91, 0.009000, -20.19
84.92, 0.008000, -20.97
84.93, 0.007000, -21.42
84.94, 0.006000, -20.86
84.95, 0.005000, -20.69
84.96, 0.004000, -22.44
84.97, 0.003000, -21.55
84.98, 0.002000, -19.21
84.99, 0.001000, -21.92
85.00, 0.000, -15.87
