0.01000, -0.8000, -44.96
0.02000, -0.8000, -32.64
0.03000, -0.8000, -26.75
0.04000, -0.8000, -22.63
0.05000, -0.8000, -19.68
0.06000, -0.8000, -19.79
0.07000, -0.8000, -16.78
0.08000, -0.8000, -15.62
0.09000, -0.8000, -17.40
0.1000, -0.8000, -14.47
0.1100, -0.8000, -14.55
0.1200, -0.8000, -13.81
0.1300, -0.8000, -13.23
0.1400, -0.8000, -13.83
0.1500, -0.8000, -12.54
0.1600, -0.8000, -13.32
0.1700, -0.8000, -13.15
0.1800, -0.8000, -14.31
0.1900, -0.8000, -12.83
0.2000, -0.8000, -12.47
0.2100, -0.8000, -12.36
0.2200, -0.8000, -12.02
0.2300, -0.8000, -13.75
0.2400, -0.8000, -11.87
0.2500, -0.8000, -11.46
0.2600, -0.8000, -11.86
0.2700, -0.8000, -11.18
0.2800, -0.8000, -10.15
0.2900, -0.8000, -12.06
0.3000, -0.8000, -11.60
0.3100, -0.8000, -11.23
0.3200, -0.8000, -10.69
0.3300, -0.8000, -11.36
0.3400, -0.8000, -11.05
0.3500, -0.8000, -11.07
0.3600, -0.8000, -11.33
0.3700, -0.8000, -10.17
0.3800, -0.8000, -10.96
0.3900, -0.8000, -11.88
0.4000, -0.8000, -10.81
0.4100, -0.8000, -10.30
0.4200, -0.8000, -11.32
0.4300, -0.8000, -10.33
0.4400, -0.8000, -9.784
0.4500, -0.8000, -10.80
0.4600, -0.8000, -10.89
0.4700, -0.8000, -11.06
0.4800, -0.8000, -11.07
0.4900, -0.8000, -10.80
0.5000, -0.8000, -10.35
0.5100, -0.8000, -9.498
0.5200, -0.8000, -10.46
0.5300, -0.8000, -10.13
0.5400, -0.8000, -10.37
0.5500, -0.8000, -11.15
0.5600, -0.8000, -10.60
0.5700, -0.8000, -10.08
0.5800, -0.8000, -10.99
0.5900, -0.8000, -10.02
0.6000, -0.8000, -10.43
0.6100, -0.8000, -10.62
0.6200, -0.8000, -9.383
0.6300, -0.8000, -9.297
0.6400, -0.8000, -11.62
0.6500, -0.8000, -10.11
0.6600, -0.8000, -10.21
0.6700, -0.8000, -9.271
0.6800, -0.8000, -8.982
0.6900, -0.8000, -9.649
0.7000, -0.8000, -9.823
0.7100, -0.8000, -9.075
0.7200, -0.8000, -10.10
0.7300, -0.8000, -10.33
0.7400, -0.8000, -9.883
0.7500, -0.8000, -8.415
0.7600, -0.8000, -10.02
0.7700, -0.8000, -9.384
0.7800, -0.8000, -9.440
0.7900, -0.8000, -9.347
0.8000, -0.8000, -9.267
0.8100, -0.8000, -11.09
0.8200, -0.8000, -9.008
0.8300, -0.8000, -9.944
0.8400, -0.8000, -9.344
0.8500, -0.8000, -10.26
0.8600, -0.8000, -8.513
0.8700, -0.8000, -9.405
0.8800, -0.8000, -9.631
0.8900, -0.8000, -9.980
0.9000, -0.8000, -10.28
0.9100, -0.8000, -8.365
0.9200, -0.8000, -8.883
0.9300, -0.8000, -9.248
0.9400, -0.8000, -8.975
0.9500, -0.8000, -10.10
0.9600, -0.8000, -9.804
0.9700, -0.8000, -10.15
0.9800, -0.8000, -8.764
0.9900, -0.8000, -9.219
1.000, -0.8000, -8.840
1.010, -0.8000, -9.475
1.020, -0.8000, -8.629
1.030, -0.8000, -10.23
1.040, -0.8000, -10.62
1.050, -0.8000, -9.212
1.060, -0.8000, -10.62
1.070, -0.8000, -8.340
1.080, -0.8000, -9.761
1.090, -0.8000, -10.55
1.100, -0.8000, -9.768
1.110, -0.8000, -8.679
1.120, -0.8000, -9.649
1.130, -0.8000, -9.728
1.140, -0.8000, -8.715
1.150, -0.8000, -9.138
1.160, -0.8000, -10.45
1.170, -0.8000, -10.12
1.180, -0.8000, -9.083
1.190, -0.8000, -8.946
1.200, -0.8000, -8.331
1.210, -0.8000, -9.748
1.220, -0.8000, -9.859
1.230, -0.8000, -9.314
1.240, -0.8000, -8.419
1.250, -0.8000, -9.232
1.260, -0.8000, -9.466
1.270, -0.8000, -10.00
1.280, -0.8000, -9.069
1.290, -0.8000, -11.26
1.300, -0.8000, -9.582
1.310, -0.8000, -8.475
1.320, -0.8000, -9.769
1.330, -0.8000, -9.331
1.340, -0.8000, -8.123
1.350, -0.8000, -8.371
1.360, -0.8000, -7.857
1.370, -0.8000, -10.13
1.380, -0.8000, -8.118
1.390, -0.8000, -9.393
1.400, -0.8000, -9.412
1.410, -0.8000, -9.088
1.420, -0.8000, -9.537
1.430, -0.8000, -8.340
1.440, -0.8000, -10.48
1.450, -0.8000, -9.537
1.460, -0.8000, -7.677
1.470, -0.8000, -8.290
1.480, -0.8000, -8.757
1.490, -0.8000, -10.74
1.500, -0.8000, -9.821
1.510, -0.8000, -9.721
1.520, -0.8000, -8.556
1.530, -0.8000, -10.65
1.540, -0.8000, -8.404
1.550, -0.8000, -8.292
1.560, -0.8000, -9.757
1.570, -0.8000, -9.761
1.580, -0.8000, -9.381
1.590, -0.8000, -10.32
1.600, -0.8000, -9.720
1.610, -0.8000, -9.885
1.620, -0.8000, -8.680
1.630, -0.8000, -8.460
1.640, -0.8000, -9.615
1.650, -0.8000, -8.486
1.660, -0.8000, -9.658
1.670, -0.8000, -8.987
1.680, -0.8000, -9.925
1.690, -0.8000, -9.275
1.700, -0.8000, -10.20
1.710, -0.8000, -8.014
1.720, -0.8000, -10.22
1.730, -0.8000, -8.673
1.740, -0.8000, -9.139
1.750, -0.8000, -8.673
1.760, -0.8000, -8.773
1.770, -0.8000, -9.447
1.780, -0.8000, -8.417
1.790, -0.8000, -8.536
1.800, -0.8000, -9.234
1.810, -0.8000, -8.370
1.820, -0.8000, -10.45
1.830, -0.8000, -9.134
1.840, -0.8000, -10.67
1.850, -0.8000, -8.462
1.860, -0.8000, -9.544
1.870, -0.8000, -9.289
1.880, -0.8000, -9.781
1.890, -0.8000, -8.796
1.900, -0.8000, -9.090
1.910, -0.8000, -8.060
1.920, -0.8000, -8.485
1.930, -0.8000, -8.618
1.940, -0.8000, -10.07
1.950, -0.8000, -8.137
1.960, -0.8000, -8.982
1.970, -0.8000, -8.127
1.980, -0.8000, -9.007
1.990, -0.8000, -8.703
2.000, -0.8000, -9.973
2.010, -0.8000, -9.483
2.020, -0.8000, -9.367
2.030, -0.8000, -9.390
2.040, -0.8000, -8.900
2.050, -0.8000, -9.221
2.060, -0.8000, -9.760
2.070, -0.8000, -9.148
2.080, -0.8000, -9.372
2.090, -0.8000, -9.862
2.100, -0.8000, -8.328
2.110, -0.8000, -9.073
2.120, -0.8000, -9.182
2.130, -0.8000, -9.308
2.140, -0.8000, -7.888
2.150, -0.8000, -9.377
2.160, -0.8000, -9.648
2.170, -0.8000, -8.730
2.180, -0.8000, -8.764
2.190, -0.8000, -8.042
2.200, -0.8000, -9.335
2.210, -0.8000, -8.727
2.220, -0.8000, -8.763
2.230, -0.8000, -7.800
2.240, -0.8000, -9.530
2.250, -0.8000, -9.822
2.260, -0.8000, -9.170
2.270, -0.8000, -8.689
2.280, -0.8000, -9.626
2.290, -0.8000, -8.199
2.300, -0.8000, -8.115
2.310, -0.8000, -7.830
2.320, -0.8000, -9.175
2.330, -0.8000, -9.077
2.340, -0.8000, -9.342
2.350, -0.8000, -9.619
2.360, -0.8000, -8.541
2.370, -0.8000, -7.710
2.380, -0.8000, -9.008
2.390, -0.8000, -10.02
2.400, -0.8000, -8.349
2.410, -0.8000, -10.16
2.420, -0.8000, -9.487
2.430, -0.8000, -8.793
2.440, -0.8000, -8.152
2.450, -0.8000, -8.693
2.460, -0.8000, -10.18
2.470, -0.8000, -8.501
2.480, -0.8000, -7.711
2.490, -0.8000, -9.557
2.500, -0.8000, -9.090
2.510, -0.8000, -8.921
2.520, -0.8000, -8.930
2.530, -0.8000, -9.228
2.540, -0.8000, -9.565
2.550, -0.8000, -9.281
2.560, -0.8000, -8.441
2.570, -0.8000, -9.266
2.580, -0.8000, -10.80
2.590, -0.8000, -10.43
2.600, -0.8000, -9.101
2.610, -0.8000, -8.300
2.620, -0.8000, -8.707
2.630, -0.8000, -9.269
2.640, -0.8000, -7.392
2.650, -0.8000, -8.184
2.660, -0.8000, -8.624
2.670, -0.8000, -10.30
2.680, -0.8000, -8.762
2.690, -0.8000, -8.277
2.700, -0.8000, -8.977
2.710, -0.8000, -8.342
2.720, -0.8000, -7.959
2.730, -0.8000, -9.582
2.740, -0.8000, -9.393
2.750, -0.8000, -9.131
2.760, -0.8000, -9.169
2.770, -0.8000, -9.010
2.780, -0.8000, -8.249
2.790, -0.8000, -10.27
2.800, -0.8000, -8.485
2.810, -0.8000, -9.587
2.820, -0.8000, -8.394
2.830, -0.8000, -9.112
2.840, -0.8000, -6.945
2.850, -0.8000, -9.983
2.860, -0.8000, -8.854
2.870, -0.8000, -10.59
2.880, -0.8000, -8.321
2.890, -0.8000, -8.942
2.900, -0.8000, -7.833
2.910, -0.8000, -8.461
2.920, -0.8000, -8.838
2.930, -0.8000, -8.135
2.940, -0.8000, -9.758
2.950, -0.8000, -7.176
2.960, -0.8000, -10.55
2.970, -0.8000, -7.924
2.980, -0.8000, -8.251
2.990, -0.8000, -9.289
3.000, -0.8000, -10.05
3.010, -0.8000, -9.791
3.020, -0.8000, -9.405
3.030, -0.8000, -7.285
3.040, -0.8000, -7.840
3.050, -0.8000, -9.276
3.060, -0.8000, -8.237
3.070, -0.8000, -9.409
3.080, -0.8000, -9.143
3.090, -0.8000, -9.393
3.100, -0.8000, -7.655
3.110, -0.8000, -9.916
3.120, -0.8000, -9.112
3.130, -0.8000, -9.675
3.140, -0.8000, -8.356
3.150, -0.8000, -8.609
3.160, -0.8000, -10.84
3.170, -0.8000, -11.12
3.180, -0.8000, -8.277
3.190, -0.8000, -9.821
3.200, -0.8000, -9.119
3.210, -0.8000, -9.863
3.220, -0.8000, -8.754
3.230, -0.8000, -9.073
3.240, -0.8000, -8.320
3.250, -0.8000, -9.211
3.260, -0.8000, -9.477
3.270, -0.8000, -8.792
3.280, -0.8000, -9.603
3.290, -0.8000, -8.946
3.300, -0.8000, -9.649
3.310, -0.8000, -8.923
3.320, -0.8000, -7.906
3.330, -0.8000, -9.836
3.340, -0.8000, -9.669
3.350, -0.8000, -9.209
3.360, -0.8000, -8.816
3.370, -0.8000, -9.826
3.380, -0.8000, -8.584
3.390, -0.8000, -9.150
3.400, -0.8000, -8.239
3.410, -0.8000, -8.308
3.420, -0.8000, -9.009
3.430, -0.8000, -9.462
3.440, -0.8000, -9.007
3.450, -0.8000, -8.317
3.460, -0.8000, -8.633
3.470, -0.8000, -8.515
3.480, -0.8000, -8.237
3.490, -0.8000, -9.895
3.500, -0.8000, -10.58
3.510, -0.8000, -7.955
3.520, -0.8000, -8.503
3.530, -0.8000, -9.392
3.540, -0.8000, -9.615
3.550, -0.8000, -8.906
3.560, -0.8000, -8.769
3.570, -0.8000, -9.542
3.580, -0.8000, -8.916
3.590, -0.8000, -8.001
3.600, -0.8000, -8.917
3.610, -0.8000, -9.791
3.620, -0.8000, -9.379
3.630, -0.8000, -8.031
3.640, -0.8000, -8.762
3.650, -0.8000, -8.924
3.660, -0.8000, -8.934
3.670, -0.8000, -7.747
3.680, -0.8000, -8.853
3.690, -0.8000, -8.010
3.700, -0.8000, -8.980
3.710, -0.8000, -7.920
3.720, -0.8000, -8.325
3.730, -0.8000, -9.643
3.740, -0.8000, -9.756
3.750, -0.8000, -9.321
3.760, -0.8000, -8.734
3.770, -0.8000, -8.382
3.780, -0.8000, -8.940
3.790, -0.8000, -8.241
3.800, -0.8000, -8.446
3.810, -0.8000, -8.676
3.820, -0.8000, -9.429
3.830, -0.8000, -8.877
3.840, -0.8000, -9.319
3.850, -0.8000, -8.403
3.860, -0.8000, -8.367
3.870, -0.8000, -8.587
3.880, -0.8000, -8.697
3.890, -0.8000, -8.985
3.900, -0.8000, -9.851
3.910, -0.8000, -8.315
3.920, -0.8000, -8.164
3.930, -0.8000, -9.173
3.940, -0.8000, -9.034
3.950, -0.8000, -8.121
3.960, -0.8000, -8.843
3.970, -0.8000, -8.452
3.980, -0.8000, -9.411
3.990, -0.8000, -9.270
4.000, -0.8000, -8.871
4.010, -0.8000, -9.080
4.020, -0.8000, -8.603
4.030, -0.8000, -7.657
4.040, -0.8000, -8.053
4.050, -0.8000, -9.830
4.060, -0.8000, -8.497
4.070, -0.8000, -8.745
4.080, -0.8000, -9.098
4.090, -0.8000, -8.938
4.100, -0.8000, -9.228
4.110, -0.8000, -7.951
4.120, -0.8000, -8.074
4.130, -0.8000, -8.714
4.140, -0.8000, -9.138
4.150, -0.8000, -8.942
4.160, -0.8000, -9.010
4.170, -0.8000, -8.456
4.180, -0.8000, -9.650
4.190, -0.8000, -8.961
4.200, -0.8000, -9.605
4.210, -0.8000, -8.287
4.220, -0.8000, -9.526
4.230, -0.8000, -8.497
4.240, -0.8000, -8.733
4.250, -0.8000, -7.751
4.260, -0.8000, -8.852
4.270, -0.8000, -8.634
4.280, -0.8000, -8.334
4.290, -0.8000, -8.420
4.300, -0.8000, -9.614
4.310, -0.8000, -8.417
4.320, -0.8000, -9.627
4.330, -0.8000, -8.691
4.340, -0.8000, -9.724
4.350, -0.8000, -7.659
4.360, -0.8000, -7.292
4.370, -0.8000, -8.901
4.380, -0.8000, -9.570
4.390, -0.8000, -7.413
4.400, -0.8000, -7.769
4.410, -0.8000, -9.351
4.420, -0.8000, -8.857
4.430, -0.8000, -8.564
4.440, -0.8000, -9.471
4.450, -0.8000, -9.316
4.460, -0.8000, -8.820
4.470, -0.8000, -8.469
4.480, -0.8000, -8.892
4.490, -0.8000, -9.514
4.500, -0.8000, -8.006
4.510, -0.8000, -8.932
4.520, -0.8000, -8.689
4.530, -0.8000, -9.656
4.540, -0.8000, -8.474
4.550, -0.8000, -8.949
4.560, -0.8000, -8.362
4.570, -0.8000, -10.27
4.580, -0.8000, -8.439
4.590, -0.8000, -8.095
4.600, -0.8000, -9.404
4.610, -0.8000, -8.915
4.620, -0.8000, -8.109
4.630, -0.8000, -7.793
4.640, -0.8000, -10.22
4.650, -0.8000, -8.773
4.660, -0.8000, -8.931
4.670, -0.8000, -8.661
4.680, -0.8000, -9.037
4.690, -0.8000, -8.839
4.700, -0.8000, -8.829
4.710, -0.8000, -8.840
4.720, -0.8000, -9.208
4.730, -0.8000, -8.661
4.740, -0.8000, -9.437
4.750, -0.8000, -9.345
4.760, -0.8000, -8.625
4.770, -0.8000, -8.002
4.780, -0.8000, -8.536
4.790, -0.8000, -9.615
4.800, -0.8000, -8.064
4.810, -0.8000, -8.792
4.820, -0.8000, -8.598
4.830, -0.8000, -9.092
4.840, -0.8000, -8.073
4.850, -0.8000, -9.341
4.860, -0.8000, -8.480
4.870, -0.8000, -8.745
4.880, -0.8000, -8.700
4.890, -0.8000, -7.984
4.900, -0.8000, -9.026
4.910, -0.8000, -9.030
4.920, -0.8000, -8.125
4.930, -0.8000, -8.423
4.940, -0.8000, -8.935
4.950, -0.8000, -7.207
4.960, -0.8000, -8.759
4.970, -0.8000, -9.740
4.980, -0.8000, -9.417
4.990, -0.8000, -8.165
5.000, -0.8000, -8.619
5.010, -0.8000, -9.415
5.020, -0.8000, -9.495
5.030, -0.8000, -8.850
5.040, -0.8000, -8.784
5.050, -0.8000, -8.774
5.060, -0.8000, -8.196
5.070, -0.8000, -9.000
5.080, -0.8000, -8.623
5.090, -0.8000, -9.861
5.100, -0.8000, -9.382
5.110, -0.8000, -8.583
5.120, -0.8000, -8.601
5.130, -0.8000, -10.62
5.140, -0.8000, -8.599
5.150, -0.8000, -9.731
5.160, -0.8000, -9.041
5.170, -0.8000, -10.77
5.180, -0.8000, -8.276
5.190, -0.8000, -8.618
5.200, -0.8000, -7.873
5.210, -0.8000, -8.733
5.220, -0.8000, -9.016
5.230, -0.8000, -7.789
5.240, -0.8000, -8.988
5.250, -0.8000, -9.039
5.260, -0.8000, -8.002
5.270, -0.8000, -8.202
5.280, -0.8000, -8.813
5.290, -0.8000, -8.986
5.300, -0.8000, -8.087
5.310, -0.8000, -9.157
5.320, -0.8000, -9.054
5.330, -0.8000, -8.916
5.340, -0.8000, -8.603
5.350, -0.8000, -8.843
5.360, -0.8000, -9.674
5.370, -0.8000, -8.338
5.380, -0.8000, -8.110
5.390, -0.8000, -7.968
5.400, -0.8000, -8.248
5.410, -0.8000, -8.766
5.420, -0.8000, -8.357
5.430, -0.8000, -8.377
5.440, -0.8000, -8.137
5.450, -0.8000, -9.607
5.460, -0.8000, -8.249
5.470, -0.8000, -8.316
5.480, -0.8000, -9.763
5.490, -0.8000, -10.74
5.500, -0.8000, -8.571
5.510, -0.8000, -7.910
5.520, -0.8000, -8.017
5.530, -0.8000, -9.032
5.540, -0.8000, -9.976
5.550, -0.8000, -9.229
5.560, -0.8000, -8.419
5.570, -0.8000, -10.01
5.580, -0.8000, -7.596
5.590, -0.8000, -8.706
5.600, -0.8000, -9.287
5.610, -0.8000, -9.079
5.620, -0.8000, -8.801
5.630, -0.8000, -8.740
5.640, -0.8000, -8.831
5.650, -0.8000, -8.495
5.660, -0.8000, -9.541
5.670, -0.8000, -8.983
5.680, -0.8000, -9.277
5.690, -0.8000, -9.148
5.700, -0.8000, -8.595
5.710, -0.8000, -9.352
5.720, -0.8000, -10.01
5.730, -0.8000, -8.813
5.740, -0.8000, -8.547
5.750, -0.8000, -9.397
5.760, -0.8000, -9.664
5.770, -0.8000, -8.960
5.780, -0.8000, -9.704
5.790, -0.8000, -8.809
5.800, -0.8000, -9.509
5.810, -0.8000, -8.170
5.820, -0.8000, -7.439
5.830, -0.8000, -8.258
5.840, -0.8000, -10.01
5.850, -0.8000, -7.926
5.860, -0.8000, -8.179
5.870, -0.8000, -8.256
5.880, -0.8000, -9.002
5.890, -0.8000, -8.851
5.900, -0.8000, -7.573
5.910, -0.8000, -8.264
5.920, -0.8000, -9.575
5.930, -0.8000, -8.398
5.940, -0.8000, -8.326
5.950, -0.8000, -8.025
5.960, -0.8000, -9.794
5.970, -0.8000, -8.291
5.980, -0.8000, -9.628
5.990, -0.8000, -8.348
6.000, -0.8000, -9.648
6.010, -0.8000, -8.771
6.020, -0.8000, -10.02
6.030, -0.8000, -8.015
6.040, -0.8000, -9.839
6.050, -0.8000, -7.212
6.060, -0.8000, -8.146
6.070, -0.8000, -9.596
6.080, -0.8000, -10.45
6.090, -0.8000, -7.729
6.100, -0.8000, -9.014
6.110, -0.8000, -9.896
6.120, -0.8000, -9.420
6.130, -0.8000, -7.340
6.140, -0.8000, -8.354
6.150, -0.8000, -9.444
6.160, -0.8000, -9.914
6.170, -0.8000, -7.757
6.180, -0.8000, -8.120
6.190, -0.8000, -9.136
6.200, -0.8000, -8.315
6.210, -0.8000, -8.524
6.220, -0.8000, -8.194
6.230, -0.8000, -9.116
6.240, -0.8000, -9.755
6.250, -0.8000, -9.181
6.260, -0.8000, -8.747
6.270, -0.8000, -9.300
6.280, -0.8000, -8.324
6.290, -0.8000, -8.876
6.300, -0.8000, -10.27
6.310, -0.8000, -8.479
6.320, -0.8000, -8.937
6.330, -0.8000, -8.789
6.340, -0.8000, -9.729
6.350, -0.8000, -7.988
6.360, -0.8000, -9.232
6.370, -0.8000, -9.016
6.380, -0.8000, -8.247
6.390, -0.8000, -8.123
6.400, -0.8000, -9.563
6.410, -0.8000, -9.235
6.420, -0.8000, -8.046
6.430, -0.8000, -7.882
6.440, -0.8000, -7.926
6.450, -0.8000, -8.352
6.460, -0.8000, -7.677
6.470, -0.8000, -8.416
6.480, -0.8000, -9.461
6.490, -0.8000, -7.993
6.500, -0.8000, -7.683
6.510, -0.8000, -9.172
6.520, -0.8000, -8.956
6.530, -0.8000, -7.534
6.540, -0.8000, -8.599
6.550, -0.8000, -8.223
6.560, -0.8000, -8.695
6.570, -0.8000, -7.566
6.580, -0.8000, -8.073
6.590, -0.8000, -8.960
6.600, -0.8000, -8.891
6.610, -0.8000, -8.857
6.620, -0.8000, -8.817
6.630, -0.8000, -10.08
6.640, -0.8000, -8.289
6.650, -0.8000, -8.273
6.660, -0.8000, -9.887
6.670, -0.8000, -9.016
6.680, -0.8000, -8.922
6.690, -0.8000, -10.28
6.700, -0.8000, -8.516
6.710, -0.8000, -10.20
6.720, -0.8000, -8.621
6.730, -0.8000, -8.509
6.740, -0.8000, -8.659
6.750, -0.8000, -9.448
6.760, -0.8000, -9.023
6.770, -0.8000, -9.652
6.780, -0.8000, -7.905
6.790, -0.8000, -9.642
6.800, -0.8000, -8.241
6.810, -0.8000, -8.755
6.820, -0.8000, -8.910
6.830, -0.8000, -7.696
6.840, -0.8000, -7.832
6.850, -0.8000, -9.041
6.860, -0.8000, -8.583
6.870, -0.8000, -7.965
6.880, -0.8000, -9.416
6.890, -0.8000, -9.051
6.900, -0.8000, -9.842
6.910, -0.8000, -8.420
6.920, -0.8000, -7.801
6.930, -0.8000, -8.933
6.940, -0.8000, -8.025
6.950, -0.8000, -9.208
6.960, -0.8000, -9.601
6.970, -0.8000, -8.948
6.980, -0.8000, -9.382
6.990, -0.8000, -8.516
7.000, -0.8000, -8.369
7.010, -0.8000, -9.128
7.020, -0.8000, -9.315
7.030, -0.8000, -8.559
7.040, -0.8000, -9.326
7.050, -0.8000, -9.058
7.060, -0.8000, -8.005
7.070, -0.8000, -9.458
7.080, -0.8000, -8.769
7.090, -0.8000, -8.957
7.100, -0.8000, -9.491
7.110, -0.8000, -8.939
7.120, -0.8000, -9.399
7.130, -0.8000, -9.402
7.140, -0.8000, -8.655
7.150, -0.8000, -9.388
7.160, -0.8000, -8.824
7.170, -0.8000, -9.001
7.180, -0.8000, -8.323
7.190, -0.8000, -8.452
7.200, -0.8000, -7.786
7.210, -0.8000, -9.906
7.220, -0.8000, -8.674
7.230, -0.8000, -9.689
7.240, -0.8000, -7.833
7.250, -0.8000, -7.873
7.260, -0.8000, -9.397
7.270, -0.8000, -9.029
7.280, -0.8000, -8.052
7.290, -0.8000, -7.924
7.300, -0.8000, -8.573
7.310, -0.8000, -8.896
7.320, -0.8000, -9.898
7.330, -0.8000, -8.596
7.340, -0.8000, -8.757
7.350, -0.8000, -7.969
7.360, -0.8000, -8.796
7.370, -0.8000, -7.472
7.380, -0.8000, -9.380
7.390, -0.8000, -7.582
7.400, -0.8000, -8.693
7.410, -0.8000, -9.222
7.420, -0.8000, -8.352
7.430, -0.8000, -7.744
7.440, -0.8000, -9.159
7.450, -0.8000, -8.016
7.460, -0.8000, -8.485
7.470, -0.8000, -8.563
7.480, -0.8000, -8.658
7.490, -0.8000, -9.171
7.500, -0.8000, -8.660
7.510, -0.8000, -7.799
7.520, -0.8000, -8.515
7.530, -0.8000, -9.420
7.540, -0.8000, -8.851
7.550, -0.8000, -8.869
7.560, -0.8000, -9.644
7.570, -0.8000, -9.262
7.580, -0.8000, -8.724
7.590, -0.8000, -9.242
7.600, -0.8000, -8.478
7.610, -0.8000, -8.678
7.620, -0.8000, -8.465
7.630, -0.8000, -8.427
7.640, -0.8000, -10.26
7.650, -0.8000, -8.476
7.660, -0.8000, -8.291
7.670, -0.8000, -8.781
7.680, -0.8000, -8.281
7.690, -0.8000, -9.177
7.700, -0.8000, -7.569
7.710, -0.8000, -8.821
7.720, -0.8000, -10.07
7.730, -0.8000, -9.824
7.740, -0.8000, -9.332
7.750, -0.8000, -9.153
7.760, -0.8000, -8.702
7.770, -0.8000, -9.546
7.780, -0.8000, -8.559
7.790, -0.8000, -7.490
7.800, -0.8000, -8.369
7.810, -0.8000, -9.676
7.820, -0.8000, -8.075
7.830, -0.8000, -10.12
7.840, -0.8000, -8.519
7.850, -0.8000, -8.548
7.860, -0.8000, -8.921
7.870, -0.8000, -8.832
7.880, -0.8000, -7.762
7.890, -0.8000, -9.503
7.900, -0.8000, -8.072
7.910, -0.8000, -8.483
7.920, -0.8000, -9.204
7.930, -0.8000, -9.585
7.940, -0.8000, -8.866
7.950, -0.8000, -9.454
7.960, -0.8000, -8.446
7.970, -0.8000, -9.326
7.980, -0.8000, -9.077
7.990, -0.8000, -8.257
8.000, -0.8000, -8.612
8.010, -0.8000, -8.690
8.020, -0.8000, -8.858
8.030, -0.8000, -8.811
8.040, -0.8000, -8.726
8.050, -0.8000, -9.519
8.060, -0.8000, -7.487
8.070, -0.8000, -8.548
8.080, -0.8000, -9.136
8.090, -0.8000, -9.739
8.100, -0.8000, -7.980
8.110, -0.8000, -8.642
8.120, -0.8000, -7.804
8.130, -0.8000, -9.245
8.140, -0.8000, -8.585
8.150, -0.8000, -9.053
8.160, -0.8000, -8.571
8.170, -0.8000, -7.981
8.180, -0.8000, -8.567
8.190, -0.8000, -7.732
8.200, -0.8000, -9.604
8.210, -0.8000, -9.505
8.220, -0.8000, -8.182
8.230, -0.8000, -9.533
8.240, -0.8000, -8.977
8.250, -0.8000, -8.394
8.260, -0.8000, -9.038
8.270, -0.8000, -8.632
8.280, -0.8000, -9.548
8.290, -0.8000, -10.09
8.300, -0.8000, -8.793
8.310, -0.8000, -9.319
8.320, -0.8000, -8.510
8.330, -0.8000, -10.04
8.340, -0.8000, -7.773
8.350, -0.8000, -9.126
8.360, -0.8000, -9.053
8.370, -0.8000, -9.501
8.380, -0.8000, -8.152
8.390, -0.8000, -8.468
8.400, -0.8000, -9.192
8.410, -0.8000, -7.949
8.420, -0.8000, -9.114
8.430, -0.8000, -9.867
8.440, -0.8000, -8.317
8.450, -0.8000, -9.902
8.460, -0.8000, -7.693
8.470, -0.8000, -8.938
8.480, -0.8000, -8.169
8.490, -0.8000, -9.024
8.500, -0.8000, -9.532
8.510, -0.8000, -9.248
8.520, -0.8000, -8.127
8.530, -0.8000, -8.676
8.540, -0.8000, -9.432
8.550, -0.8000, -8.630
8.560, -0.8000, -9.325
8.570, -0.8000, -9.911
8.580, -0.8000, -9.190
8.590, -0.8000, -8.243
8.600, -0.8000, -8.113
8.610, -0.8000, -10.60
8.620, -0.8000, -8.587
8.630, -0.8000, -8.362
8.640, -0.8000, -8.621
8.650, -0.8000, -8.098
8.660, -0.8000, -7.626
8.670, -0.8000, -8.145
8.680, -0.8000, -8.407
8.690, -0.8000, -9.543
8.700, -0.8000, -8.250
8.710, -0.8000, -8.831
8.720, -0.8000, -8.186
8.730, -0.8000, -8.604
8.740, -0.8000, -7.801
8.750, -0.8000, -8.426
8.760, -0.8000, -8.455
8.770, -0.8000, -8.764
8.780, -0.8000, -9.565
8.790, -0.8000, -7.663
8.800, -0.8000, -9.606
8.810, -0.8000, -10.16
8.820, -0.8000, -7.321
8.830, -0.8000, -8.965
8.840, -0.8000, -9.241
8.850, -0.8000, -9.342
8.860, -0.8000, -9.048
8.870, -0.8000, -8.236
8.880, -0.8000, -8.927
8.890, -0.8000, -8.620
8.900, -0.8000, -7.586
8.910, -0.8000, -7.407
8.920, -0.8000, -7.975
8.930, -0.8000, -9.522
8.940, -0.8000, -7.819
8.950, -0.8000, -8.332
8.960, -0.8000, -8.505
8.970, -0.8000, -9.851
8.980, -0.8000, -8.427
8.990, -0.8000, -8.505
9.000, -0.8000, -8.628
9.010, -0.8000, -9.732
9.020, -0.8000, -7.977
9.030, -0.8000, -8.675
9.040, -0.8000, -8.592
9.050, -0.8000, -9.129
9.060, -0.8000, -8.634
9.070, -0.8000, -8.903
9.080, -0.8000, -8.713
9.090, -0.8000, -7.665
9.100, -0.8000, -8.787
9.110, -0.8000, -9.528
9.120, -0.8000, -8.819
9.130, -0.8000, -8.017
9.140, -0.8000, -8.486
9.150, -0.8000, -9.158
9.160, -0.8000, -8.389
9.170, -0.8000, -8.502
9.180, -0.8000, -8.627
9.190, -0.8000, -8.500
9.200, -0.8000, -8.908
9.210, -0.8000, -8.238
9.220, -0.8000, -7.832
9.230, -0.8000, -8.947
9.240, -0.8000, -9.802
9.250, -0.8000, -8.556
9.260, -0.8000, -9.341
9.270, -0.8000, -8.612
9.280, -0.8000, -8.256
9.290, -0.8000, -9.457
9.300, -0.8000, -9.061
9.310, -0.8000, -9.045
9.320, -0.8000, -8.411
9.330, -0.8000, -8.787
9.340, -0.8000, -8.388
9.350, -0.8000, -8.730
9.360, -0.8000, -9.500
9.370, -0.8000, -8.614
9.380, -0.8000, -8.018
9.390, -0.8000, -8.343
9.400, -0.8000, -8.630
9.410, -0.8000, -8.359
9.420, -0.8000, -8.923
9.430, -0.8000, -10.28
9.440, -0.8000, -9.085
9.450, -0.8000, -8.637
9.460, -0.8000, -8.661
9.470, -0.8000, -8.174
9.480, -0.8000, -8.088
9.490, -0.8000, -9.882
9.500, -0.8000, -8.701
9.510, -0.8000, -8.193
9.520, -0.8000, -7.248
9.530, -0.8000, -8.086
9.540, -0.8000, -9.337
9.550, -0.8000, -7.313
9.560, -0.8000, -9.420
9.570, -0.8000, -7.983
9.580, -0.8000, -9.543
9.590, -0.8000, -7.524
9.600, -0.8000, -9.530
9.610, -0.8000, -7.410
9.620, -0.8000, -7.704
9.630, -0.8000, -8.234
9.640, -0.8000, -8.409
9.650, -0.8000, -8.234
9.660, -0.8000, -9.289
9.670, -0.8000, -8.638
9.680, -0.8000, -8.993
9.690, -0.8000, -9.147
9.700, -0.8000, -10.79
9.710, -0.8000, -9.770
9.720, -0.8000, -8.275
9.730, -0.8000, -9.176
9.740, -0.8000, -9.049
9.750, -0.8000, -8.223
9.760, -0.8000, -9.572
9.770, -0.8000, -8.888
9.780, -0.8000, -9.277
9.790, -0.8000, -7.444
9.800, -0.8000, -9.372
9.810, -0.8000, -8.648
9.820, -0.8000, -8.190
9.830, -0.8000, -9.429
9.840, -0.8000, -8.164
9.850, -0.8000, -8.454
9.860, -0.8000, -9.216
9.870, -0.8000, -8.178
9.880, -0.8000, -7.823
9.890, -0.8000, -8.638
9.900, -0.8000, -9.407
9.910, -0.8000, -8.958
9.920, -0.8000, -8.649
9.930, -0.8000, -9.574
9.940, -0.8000, -8.504
9.950, -0.8000, -9.864
9.960, -0.8000, -8.536
9.970, -0.8000, -8.471
9.980, -0.8000, -8.261
9.990, -0.8000, -9.477
10.00, -0.8000, -8.214
10.01, -0.8000, -9.732
10.02, -0.8000, -9.358
10.03, -0.8000, -8.258
10.04, -0.8000, -9.393
10.05, -0.8000, -8.600
10.06, -0.8000, -8.129
10.07, -0.8000, -9.009
10.08, -0.8000, -7.868
10.09, -0.8000, -9.318
10.10, -0.8000, -8.655
10.11, -0.8000, -8.509
10.12, -0.8000, -8.112
10.13, -0.8000, -8.922
10.14, -0.8000, -9.633
10.15, -0.8000, -9.062
10.16, -0.8000, -8.644
10.17, -0.8000, -8.644
10.18, -0.8000, -8.580
10.19, -0.8000, -9.548
10.20, -0.8000, -8.265
10.21, -0.8000, -8.457
10.22, -0.8000, -8.545
10.23, -0.8000, -8.587
10.24, -0.8000, -8.359
10.25, -0.8000, -8.882
10.26, -0.8000, -10.32
10.27, -0.8000, -7.803
10.28, -0.8000, -8.267
10.29, -0.8000, -8.718
10.30, -0.8000, -9.088
10.31, -0.8000, -7.423
10.32, -0.8000, -10.33
10.33, -0.8000, -8.499
10.34, -0.8000, -8.827
10.35, -0.8000, -7.730
10.36, -0.8000, -7.804
10.37, -0.8000, -8.931
10.38, -0.8000, -8.590
10.39, -0.8000, -8.404
10.40, -0.8000, -10.56
10.41, -0.8000, -9.203
10.42, -0.8000, -8.881
10.43, -0.8000, -7.916
10.44, -0.8000, -8.629
10.45, -0.8000, -10.54
10.46, -0.8000, -8.857
10.47, -0.8000, -8.756
10.48, -0.8000, -8.747
10.49, -0.8000, -8.978
10.50, -0.8000, -7.779
10.51, -0.8000, -8.490
10.52, -0.8000, -9.077
10.53, -0.8000, -8.020
10.54, -0.8000, -8.895
10.55, -0.8000, -8.021
10.56, -0.8000, -9.541
10.57, -0.8000, -7.896
10.58, -0.8000, -8.867
10.59, -0.8000, -8.453
10.60, -0.8000, -8.510
10.61, -0.8000, -9.486
10.62, -0.8000, -8.708
10.63, -0.8000, -9.037
10.64, -0.8000, -9.351
10.65, -0.8000, -6.990
10.66, -0.8000, -8.487
10.67, -0.8000, -8.266
10.68, -0.8000, -8.953
10.69, -0.8000, -9.109
10.70, -0.8000, -9.014
10.71, -0.8000, -9.140
10.72, -0.8000, -9.592
10.73, -0.8000, -8.458
10.74, -0.8000, -9.613
10.75, -0.8000, -7.688
10.76, -0.8000, -8.775
10.77, -0.8000, -9.011
10.78, -0.8000, -7.549
10.79, -0.8000, -9.027
10.80, -0.8000, -8.994
10.81, -0.8000, -10.38
10.82, -0.8000, -8.136
10.83, -0.8000, -7.782
10.84, -0.8000, -7.889
10.85, -0.8000, -8.614
10.86, -0.8000, -7.518
10.87, -0.8000, -8.690
10.88, -0.8000, -8.698
10.89, -0.8000, -7.881
10.90, -0.8000, -9.298
10.91, -0.8000, -8.271
10.92, -0.8000, -9.547
10.93, -0.8000, -8.970
10.94, -0.8000, -8.885
10.95, -0.8000, -8.044
10.96, -0.8000, -9.818
10.97, -0.8000, -7.878
10.98, -0.8000, -7.964
10.99, -0.8000, -8.424
11.00, -0.8000, -8.606
11.01, -0.8000, -7.408
11.02, -0.8000, -10.28
11.03, -0.8000, -8.807
11.04, -0.8000, -8.100
11.05, -0.8000, -8.487
11.06, -0.8000, -8.645
11.07, -0.8000, -9.051
11.08, -0.8000, -8.008
11.09, -0.8000, -7.661
11.10, -0.8000, -8.177
11.11, -0.8000, -8.548
11.12, -0.8000, -9.529
11.13, -0.8000, -7.245
11.14, -0.8000, -9.102
11.15, -0.8000, -9.035
11.16, -0.8000, -9.122
11.17, -0.8000, -7.475
11.18, -0.8000, -9.266
11.19, -0.8000, -9.217
11.20, -0.8000, -8.298
11.21, -0.8000, -8.513
11.22, -0.8000, -8.187
11.23, -0.8000, -9.174
11.24, -0.8000, -8.658
11.25, -0.8000, -8.904
11.26, -0.8000, -9.595
11.27, -0.8000, -9.240
11.28, -0.8000, -8.796
11.29, -0.8000, -8.003
11.30, -0.8000, -9.665
11.31, -0.8000, -8.707
11.32, -0.8000, -8.787
11.33, -0.8000, -8.269
11.34, -0.8000, -8.870
11.35, -0.8000, -9.084
11.36, -0.8000, -8.566
11.37, -0.8000, -8.428
11.38, -0.8000, -8.669
11.39, -0.8000, -9.169
11.40, -0.8000, -8.976
11.41, -0.8000, -7.108
11.42, -0.8000, -7.874
11.43, -0.8000, -9.867
11.44, -0.8000, -9.206
11.45, -0.8000, -9.344
11.46, -0.8000, -8.286
11.47, -0.8000, -9.394
11.48, -0.8000, -8.472
11.49, -0.8000, -8.289
11.50, -0.8000, -8.987
11.51, -0.8000, -8.975
11.52, -0.8000, -8.489
11.53, -0.8000, -9.658
11.54, -0.8000, -9.312
11.55, -0.8000, -9.642
11.56, -0.8000, -7.445
11.57, -0.8000, -9.045
11.58, -0.8000, -7.844
11.59, -0.8000, -10.68
11.60, -0.8000, -7.304
11.61, -0.8000, -8.684
11.62, -0.8000, -10.32
11.63, -0.8000, -9.130
11.64, -0.8000, -7.023
11.65, -0.8000, -8.459
11.66, -0.8000, -9.433
11.67, -0.8000, -8.676
11.68, -0.8000, -8.147
11.69, -0.8000, -8.008
11.70, -0.8000, -8.847
11.71, -0.8000, -8.461
11.72, -0.8000, -8.220
11.73, -0.8000, -10.16
11.74, -0.8000, -8.249
11.75, -0.8000, -8.220
11.76, -0.8000, -8.066
11.77, -0.8000, -9.861
11.78, -0.8000, -8.617
11.79, -0.8000, -8.848
11.80, -0.8000, -9.943
11.81, -0.8000, -8.696
11.82, -0.8000, -8.974
11.83, -0.8000, -9.263
11.84, -0.8000, -8.735
11.85, -0.8000, -7.886
11.86, -0.8000, -8.792
11.87, -0.8000, -9.077
11.88, -0.8000, -9.123
11.89, -0.8000, -9.520
11.90, -0.8000, -8.935
11.91, -0.8000, -8.671
11.92, -0.8000, -10.12
11.93, -0.8000, -9.219
11.94, -0.8000, -10.49
11.95, -0.8000, -9.023
11.96, -0.8000, -7.922
11.97, -0.8000, -8.041
11.98, -0.8000, -9.261
11.99, -0.8000, -7.971
12.00, -0.8000, -9.403
12.01, -0.8000, -9.977
12.02, -0.8000, -8.759
12.03, -0.8000, -7.902
12.04, -0.8000, -8.594
12.05, -0.8000, -8.874
12.06, -0.8000, -9.079
12.07, -0.8000, -7.960
12.08, -0.8000, -9.398
12.09, -0.8000, -8.804
12.10, -0.8000, -8.273
12.11, -0.8000, -9.262
12.12, -0.8000, -9.455
12.13, -0.8000, -8.262
12.14, -0.8000, -7.665
12.15, -0.8000, -8.099
12.16, -0.8000, -7.998
12.17, -0.8000, -8.125
12.18, -0.8000, -7.988
12.19, -0.8000, -8.116
12.20, -0.8000, -8.093
12.21, -0.8000, -7.916
12.22, -0.8000, -7.410
12.23, -0.8000, -7.985
12.24, -0.8000, -8.827
12.25, -0.8000, -8.074
12.26, -0.8000, -8.913
12.27, -0.8000, -9.049
12.28, -0.8000, -9.082
12.29, -0.8000, -8.659
12.30, -0.8000, -8.920
12.31, -0.8000, -9.176
12.32, -0.8000, -9.708
12.33, -0.8000, -8.411
12.34, -0.8000, -8.256
12.35, -0.8000, -7.933
12.36, -0.8000, -8.219
12.37, -0.8000, -7.752
12.38, -0.8000, -9.196
12.39, -0.8000, -9.141
12.40, -0.8000, -8.622
12.41, -0.8000, -8.332
12.42, -0.8000, -9.243
12.43, -0.8000, -10.29
12.44, -0.8000, -9.196
12.45, -0.8000, -8.506
12.46, -0.8000, -9.358
12.47, -0.8000, -9.173
12.48, -0.8000, -8.437
12.49, -0.8000, -8.325
12.50, -0.8000, -8.698
12.51, -0.8000, -8.144
12.52, -0.8000, -8.744
12.53, -0.8000, -9.155
12.54, -0.8000, -8.859
12.55, -0.8000, -9.240
12.56, -0.8000, -7.736
12.57, -0.8000, -10.09
12.58, -0.8000, -8.794
12.59, -0.8000, -8.406
12.60, -0.8000, -8.818
12.61, -0.8000, -8.835
12.62, -0.8000, -7.951
12.63, -0.8000, -7.790
12.64, -0.8000, -8.103
12.65, -0.8000, -8.503
12.66, -0.8000, -8.109
12.67, -0.8000, -8.499
12.68, -0.8000, -8.935
12.69, -0.8000, -8.836
12.70, -0.8000, -8.184
12.71, -0.8000, -9.039
12.72, -0.8000, -8.681
12.73, -0.8000, -8.101
12.74, -0.8000, -9.027
12.75, -0.8000, -9.104
12.76, -0.8000, -9.447
12.77, -0.8000, -8.683
12.78, -0.8000, -8.355
12.79, -0.8000, -9.421
12.80, -0.8000, -7.934
12.81, -0.8000, -8.172
12.82, -0.8000, -7.870
12.83, -0.8000, -8.848
12.84, -0.8000, -7.291
12.85, -0.8000, -8.457
12.86, -0.8000, -8.663
12.87, -0.8000, -9.857
12.88, -0.8000, -7.782
12.89, -0.8000, -8.759
12.90, -0.8000, -8.355
12.91, -0.8000, -9.002
12.92, -0.8000, -8.341
12.93, -0.8000, -8.636
12.94, -0.8000, -8.185
12.95, -0.8000, -9.276
12.96, -0.8000, -7.456
12.97, -0.8000, -8.479
12.98, -0.8000, -9.465
12.99, -0.8000, -7.390
13.00, -0.8000, -8.366
13.01, -0.8000, -8.488
13.02, -0.8000, -9.376
13.03, -0.8000, -8.202
13.04, -0.8000, -8.120
13.05, -0.8000, -9.889
13.06, -0.8000, -7.853
13.07, -0.8000, -9.245
13.08, -0.8000, -9.410
13.09, -0.8000, -8.920
13.10, -0.8000, -8.148
13.11, -0.8000, -8.511
13.12, -0.8000, -8.460
13.13, -0.8000, -8.004
13.14, -0.8000, -8.885
13.15, -0.8000, -8.633
13.16, -0.8000, -8.911
13.17, -0.8000, -7.914
13.18, -0.8000, -9.145
13.19, -0.8000, -8.926
13.20, -0.8000, -7.412
13.21, -0.8000, -8.503
13.22, -0.8000, -8.635
13.23, -0.8000, -10.13
13.24, -0.8000, -8.728
13.25, -0.8000, -7.609
13.26, -0.8000, -9.724
13.27, -0.8000, -9.241
13.28, -0.8000, -7.891
13.29, -0.8000, -8.979
13.30, -0.8000, -8.563
13.31, -0.8000, -8.198
13.32, -0.8000, -8.071
13.33, -0.8000, -9.034
13.34, -0.8000, -8.859
13.35, -0.8000, -7.901
13.36, -0.8000, -7.766
13.37, -0.8000, -8.505
13.38, -0.8000, -9.529
13.39, -0.8000, -8.625
13.40, -0.8000, -8.116
13.41, -0.8000, -9.624
13.42, -0.8000, -9.174
13.43, -0.8000, -8.773
13.44, -0.8000, -7.965
13.45, -0.8000, -8.868
13.46, -0.8000, -9.104
13.47, -0.8000, -9.272
13.48, -0.8000, -8.197
13.49, -0.8000, -10.40
13.50, -0.8000, -8.801
13.51, -0.8000, -7.868
13.52, -0.8000, -9.334
13.53, -0.8000, -9.320
13.54, -0.8000, -7.842
13.55, -0.8000, -8.407
13.56, -0.8000, -8.293
13.57, -0.8000, -10.53
13.58, -0.8000, -8.155
13.59, -0.8000, -8.270
13.60, -0.8000, -7.673
13.61, -0.8000, -8.041
13.62, -0.8000, -7.828
13.63, -0.8000, -7.719
13.64, -0.8000, -8.950
13.65, -0.8000, -8.425
13.66, -0.8000, -9.236
13.67, -0.8000, -8.581
13.68, -0.8000, -8.889
13.69, -0.8000, -9.230
13.70, -0.8000, -7.247
13.71, -0.8000, -8.999
13.72, -0.8000, -8.988
13.73, -0.8000, -8.254
13.74, -0.8000, -8.160
13.75, -0.8000, -8.610
13.76, -0.8000, -8.653
13.77, -0.8000, -7.746
13.78, -0.8000, -7.500
13.79, -0.8000, -7.786
13.80, -0.8000, -9.054
13.81, -0.8000, -8.255
13.82, -0.8000, -8.254
13.83, -0.8000, -8.454
13.84, -0.8000, -8.865
13.85, -0.8000, -8.469
13.86, -0.8000, -8.644
13.87, -0.8000, -8.663
13.88, -0.8000, -9.203
13.89, -0.8000, -8.345
13.90, -0.8000, -8.646
13.91, -0.8000, -7.999
13.92, -0.8000, -8.259
13.93, -0.8000, -8.948
13.94, -0.8000, -7.434
13.95, -0.8000, -7.932
13.96, -0.8000, -8.965
13.97, -0.8000, -9.230
13.98, -0.8000, -9.066
13.99, -0.8000, -9.032
14.00, -0.8000, -8.306
14.01, -0.8000, -8.641
14.02, -0.8000, -9.196
14.03, -0.8000, -9.304
14.04, -0.8000, -9.346
14.05, -0.8000, -8.484
14.06, -0.8000, -8.303
14.07, -0.8000, -7.980
14.08, -0.8000, -9.501
14.09, -0.8000, -9.064
14.10, -0.8000, -9.517
14.11, -0.8000, -8.789
14.12, -0.8000, -8.730
14.13, -0.8000, -8.973
14.14, -0.8000, -8.457
14.15, -0.8000, -7.799
14.16, -0.8000, -9.437
14.17, -0.8000, -7.619
14.18, -0.8000, -7.856
14.19, -0.8000, -8.247
14.20, -0.8000, -7.772
14.21, -0.8000, -8.483
14.22, -0.8000, -8.718
14.23, -0.8000, -7.826
14.24, -0.8000, -8.428
14.25, -0.8000, -8.741
14.26, -0.8000, -9.314
14.27, -0.8000, -7.939
14.28, -0.8000, -7.863
14.29, -0.8000, -8.214
14.30, -0.8000, -9.264
14.31, -0.8000, -7.845
14.32, -0.8000, -7.731
14.33, -0.8000, -9.607
14.34, -0.8000, -10.39
14.35, -0.8000, -8.346
14.36, -0.8000, -7.872
14.37, -0.8000, -8.856
14.38, -0.8000, -8.975
14.39, -0.8000, -8.765
14.40, -0.8000, -8.963
14.41, -0.8000, -8.115
14.42, -0.8000, -8.331
14.43, -0.8000, -9.472
14.44, -0.8000, -6.289
14.45, -0.8000, -8.245
14.46, -0.8000, -9.082
14.47, -0.8000, -9.275
14.48, -0.8000, -7.708
14.49, -0.8000, -8.679
14.50, -0.8000, -9.484
14.51, -0.8000, -8.844
14.52, -0.8000, -8.239
14.53, -0.8000, -7.748
14.54, -0.8000, -8.846
14.55, -0.8000, -10.15
14.56, -0.8000, -8.602
14.57, -0.8000, -8.856
14.58, -0.8000, -8.659
14.59, -0.8000, -8.200
14.60, -0.8000, -7.921
14.61, -0.8000, -8.905
14.62, -0.8000, -8.246
14.63, -0.8000, -10.03
14.64, -0.8000, -8.341
14.65, -0.8000, -7.704
14.66, -0.8000, -9.499
14.67, -0.8000, -8.059
14.68, -0.8000, -8.478
14.69, -0.8000, -8.446
14.70, -0.8000, -8.518
14.71, -0.8000, -8.424
14.72, -0.8000, -7.762
14.73, -0.8000, -7.555
14.74, -0.8000, -8.317
14.75, -0.8000, -8.507
14.76, -0.8000, -7.187
14.77, -0.8000, -9.398
14.78, -0.8000, -9.374
14.79, -0.8000, -8.257
14.80, -0.8000, -9.334
14.81, -0.8000, -8.153
14.82, -0.8000, -8.182
14.83, -0.8000, -8.006
14.84, -0.8000, -7.514
14.85, -0.8000, -8.220
14.86, -0.8000, -9.146
14.87, -0.8000, -9.259
14.88, -0.8000, -8.349
14.89, -0.8000, -7.650
14.90, -0.8000, -9.697
14.91, -0.8000, -8.598
14.92, -0.8000, -8.183
14.93, -0.8000, -8.706
14.94, -0.8000, -9.071
14.95, -0.8000, -7.256
14.96, -0.8000, -8.983
14.97, -0.8000, -7.970
14.98, -0.8000, -8.338
14.99, -0.8000, -8.760
15.00, -0.8000, -9.606
15.01, -0.8000, -8.097
15.02, -0.8000, -7.760
15.03, -0.8000, -9.433
15.04, -0.8000, -8.463
15.05, -0.8000, -7.967
15.06, -0.8000, -9.910
15.07, -0.8000, -10.08
15.08, -0.8000, -9.247
15.09, -0.8000, -7.610
15.10, -0.8000, -9.018
15.11, -0.8000, -9.408
15.12, -0.8000, -7.082
15.13, -0.8000, -8.933
15.14, -0.8000, -9.010
15.15, -0.8000, -7.900
15.16, -0.8000, -7.443
15.17, -0.8000, -8.485
15.18, -0.8000, -8.479
15.19, -0.8000, -8.240
15.20, -0.8000, -8.745
15.21, -0.8000, -8.319
15.22, -0.8000, -8.023
15.23, -0.8000, -8.760
15.24, -0.8000, -9.120
15.25, -0.8000, -9.122
15.26, -0.8000, -9.251
15.27, -0.8000, -8.101
15.28, -0.8000, -9.064
15.29, -0.8000, -8.777
15.30, -0.8000, -9.131
15.31, -0.8000, -9.071
15.32, -0.8000, -8.144
15.33, -0.8000, -7.179
15.34, -0.8000, -8.671
15.35, -0.8000, -9.032
15.36, -0.8000, -8.382
15.37, -0.8000, -8.290
15.38, -0.8000, -7.488
15.39, -0.8000, -8.742
15.40, -0.8000, -10.03
15.41, -0.8000, -7.936
15.42, -0.8000, -8.446
15.43, -0.8000, -8.621
15.44, -0.8000, -9.379
15.45, -0.8000, -7.024
15.46, -0.8000, -7.142
15.47, -0.8000, -7.822
15.48, -0.8000, -9.557
15.49, -0.8000, -7.413
15.50, -0.8000, -7.923
15.51, -0.8000, -8.447
15.52, -0.8000, -8.541
15.53, -0.8000, -8.301
15.54, -0.8000, -8.274
15.55, -0.8000, -7.369
15.56, -0.8000, -8.026
15.57, -0.8000, -8.935
15.58, -0.8000, -8.442
15.59, -0.8000, -7.794
15.60, -0.8000, -8.426
15.61, -0.8000, -7.990
15.62, -0.8000, -8.805
15.63, -0.8000, -8.327
15.64, -0.8000, -6.803
15.65, -0.8000, -7.255
15.66, -0.8000, -7.669
15.67, -0.8000, -7.691
15.68, -0.8000, -7.432
15.69, -0.8000, -7.007
15.70, -0.8000, -8.574
15.71, -0.8000, -8.503
15.72, -0.8000, -8.895
15.73, -0.8000, -7.735
15.74, -0.8000, -8.112
15.75, -0.8000, -10.20
15.76, -0.8000, -8.971
15.77, -0.8000, -8.690
15.78, -0.8000, -8.630
15.79, -0.8000, -6.805
15.80, -0.8000, -9.828
15.81, -0.8000, -7.375
15.82, -0.8000, -8.487
15.83, -0.8000, -8.699
15.84, -0.8000, -9.726
15.85, -0.8000, -8.471
15.86, -0.8000, -8.433
15.87, -0.8000, -8.350
15.88, -0.8000, -7.952
15.89, -0.8000, -9.333
15.90, -0.8000, -8.191
15.91, -0.8000, -6.888
15.92, -0.8000, -7.035
15.93, -0.8000, -8.164
15.94, -0.8000, -9.833
15.95, -0.8000, -7.245
15.96, -0.8000, -8.091
15.97, -0.8000, -9.309
15.98, -0.8000, -9.735
15.99, -0.8000, -7.803
16.00, -0.8000, -7.163
16.01, -0.8000, -8.392
16.02, -0.8000, -9.085
16.03, -0.8000, -8.928
16.04, -0.8000, -8.204
16.05, -0.8000, -8.434
16.06, -0.8000, -9.285
16.07, -0.8000, -7.925
16.08, -0.8000, -8.279
16.09, -0.8000, -8.475
16.10, -0.8000, -8.053
16.11, -0.8000, -9.186
16.12, -0.8000, -7.841
16.13, -0.8000, -8.272
16.14, -0.8000, -7.075
16.15, -0.8000, -9.096
16.16, -0.8000, -8.286
16.17, -0.8000, -8.495
16.18, -0.8000, -8.895
16.19, -0.8000, -9.280
16.20, -0.8000, -9.370
16.21, -0.8000, -8.755
16.22, -0.8000, -8.060
16.23, -0.8000, -9.487
16.24, -0.8000, -6.919
16.25, -0.8000, -7.698
16.26, -0.8000, -7.022
16.27, -0.8000, -10.72
16.28, -0.8000, -7.444
16.29, -0.8000, -8.193
16.30, -0.8000, -9.143
16.31, -0.8000, -7.922
16.32, -0.8000, -9.353
16.33, -0.8000, -7.919
16.34, -0.8000, -8.517
16.35, -0.8000, -8.039
16.36, -0.8000, -8.449
16.37, -0.8000, -8.783
16.38, -0.8000, -8.431
16.39, -0.8000, -7.502
16.40, -0.8000, -9.730
16.41, -0.8000, -9.293
16.42, -0.8000, -9.181
16.43, -0.8000, -7.615
16.44, -0.8000, -8.386
16.45, -0.8000, -8.967
16.46, -0.8000, -8.577
16.47, -0.8000, -7.548
16.48, -0.8000, -8.432
16.49, -0.8000, -8.254
16.50, -0.8000, -9.089
16.51, -0.8000, -8.810
16.52, -0.8000, -8.490
16.53, -0.8000, -7.458
16.54, -0.8000, -9.290
16.55, -0.8000, -7.386
16.56, -0.8000, -8.603
16.57, -0.8000, -8.279
16.58, -0.8000, -8.535
16.59, -0.8000, -9.157
16.60, -0.8000, -8.385
16.61, -0.8000, -8.097
16.62, -0.8000, -8.294
16.63, -0.8000, -9.810
16.64, -0.8000, -8.900
16.65, -0.8000, -9.114
16.66, -0.8000, -7.356
16.67, -0.8000, -7.615
16.68, -0.8000, -9.368
16.69, -0.8000, -8.048
16.70, -0.8000, -7.866
16.71, -0.8000, -8.874
16.72, -0.8000, -8.393
16.73, -0.8000, -8.060
16.74, -0.8000, -8.655
16.75, -0.8000, -8.298
16.76, -0.8000, -8.227
16.77, -0.8000, -8.044
16.78, -0.8000, -8.300
16.79, -0.8000, -8.290
16.80, -0.8000, -8.465
16.81, -0.8000, -8.201
16.82, -0.8000, -7.847
16.83, -0.8000, -9.224
16.84, -0.8000, -7.867
16.85, -0.8000, -8.373
16.86, -0.8000, -9.043
16.87, -0.8000, -7.768
16.88, -0.8000, -7.958
16.89, -0.8000, -8.589
16.90, -0.8000, -8.158
16.91, -0.8000, -9.653
16.92, -0.8000, -7.845
16.93, -0.8000, -8.276
16.94, -0.8000, -9.578
16.95, -0.8000, -8.013
16.96, -0.8000, -8.013
16.97, -0.8000, -8.595
16.98, -0.8000, -8.860
16.99, -0.8000, -8.392
17.00, -0.8000, -8.235
17.01, -0.8000, -8.595
17.02, -0.8000, -9.203
17.03, -0.8000, -9.225
17.04, -0.8000, -8.345
17.05, -0.8000, -9.322
17.06, -0.8000, -7.895
17.07, -0.8000, -8.923
17.08, -0.8000, -9.494
17.09, -0.8000, -7.695
17.10, -0.8000, -8.825
17.11, -0.8000, -7.676
17.12, -0.8000, -8.077
17.13, -0.8000, -7.276
17.14, -0.8000, -8.860
17.15, -0.8000, -7.656
17.16, -0.8000, -8.747
17.17, -0.8000, -8.425
17.18, -0.8000, -7.583
17.19, -0.8000, -9.314
17.20, -0.8000, -7.992
17.21, -0.8000, -7.948
17.22, -0.8000, -8.508
17.23, -0.8000, -8.032
17.24, -0.8000, -9.222
17.25, -0.8000, -8.799
17.26, -0.8000, -9.034
17.27, -0.8000, -8.511
17.28, -0.8000, -9.069
17.29, -0.8000, -8.778
17.30, -0.8000, -8.211
17.31, -0.8000, -7.700
17.32, -0.8000, -9.579
17.33, -0.8000, -7.840
17.34, -0.8000, -7.268
17.35, -0.8000, -7.568
17.36, -0.8000, -8.978
17.37, -0.8000, -8.083
17.38, -0.8000, -7.275
17.39, -0.8000, -9.235
17.40, -0.8000, -7.785
17.41, -0.8000, -7.623
17.42, -0.8000, -8.073
17.43, -0.8000, -7.478
17.44, -0.8000, -9.286
17.45, -0.8000, -8.113
17.46, -0.8000, -7.778
17.47, -0.8000, -7.979
17.48, -0.8000, -9.413
17.49, -0.8000, -7.467
17.50, -0.8000, -8.345
17.51, -0.8000, -8.428
17.52, -0.8000, -7.651
17.53, -0.8000, -7.492
17.54, -0.8000, -8.180
17.55, -0.8000, -8.958
17.56, -0.8000, -8.749
17.57, -0.8000, -8.847
17.58, -0.8000, -8.296
17.59, -0.8000, -7.902
17.60, -0.8000, -8.471
17.61, -0.8000, -7.609
17.62, -0.8000, -8.770
17.63, -0.8000, -8.494
17.64, -0.8000, -7.597
17.65, -0.8000, -9.563
17.66, -0.8000, -7.696
17.67, -0.8000, -8.246
17.68, -0.8000, -9.093
17.69, -0.8000, -8.834
17.70, -0.8000, -7.287
17.71, -0.8000, -9.131
17.72, -0.8000, -8.233
17.73, -0.8000, -8.911
17.74, -0.8000, -7.828
17.75, -0.8000, -7.567
17.76, -0.8000, -8.941
17.77, -0.8000, -7.383
17.78, -0.8000, -6.901
17.79, -0.8000, -7.843
17.80, -0.8000, -8.156
17.81, -0.8000, -9.477
17.82, -0.8000, -8.301
17.83, -0.8000, -8.233
17.84, -0.8000, -8.417
17.85, -0.8000, -8.383
17.86, -0.8000, -8.038
17.87, -0.8000, -7.893
17.88, -0.8000, -7.259
17.89, -0.8000, -7.801
17.90, -0.8000, -8.114
17.91, -0.8000, -8.378
17.92, -0.8000, -8.291
17.93, -0.8000, -7.788
17.94, -0.8000, -9.012
17.95, -0.8000, -8.889
17.96, -0.8000, -7.227
17.97, -0.8000, -9.066
17.98, -0.8000, -8.798
17.99, -0.8000, -9.421
18.00, -0.8000, -9.027
18.01, -0.8000, -7.445
18.02, -0.8000, -8.984
18.03, -0.8000, -8.511
18.04, -0.8000, -8.671
18.05, -0.8000, -8.192
18.06, -0.8000, -7.175
18.07, -0.8000, -8.522
18.08, -0.8000, -10.03
18.09, -0.8000, -8.170
18.10, -0.8000, -8.446
18.11, -0.8000, -8.314
18.12, -0.8000, -8.890
18.13, -0.8000, -9.360
18.14, -0.8000, -7.683
18.15, -0.8000, -7.630
18.16, -0.8000, -9.119
18.17, -0.8000, -8.815
18.18, -0.8000, -8.301
18.19, -0.8000, -7.580
18.20, -0.8000, -8.884
18.21, -0.8000, -7.297
18.22, -0.8000, -9.553
18.23, -0.8000, -8.558
18.24, -0.8000, -8.490
18.25, -0.8000, -8.061
18.26, -0.8000, -7.325
18.27, -0.8000, -7.902
18.28, -0.8000, -7.995
18.29, -0.8000, -8.781
18.30, -0.8000, -7.180
18.31, -0.8000, -8.787
18.32, -0.8000, -8.010
18.33, -0.8000, -7.351
18.34, -0.8000, -8.055
18.35, -0.8000, -8.832
18.36, -0.8000, -9.099
18.37, -0.8000, -6.891
18.38, -0.8000, -7.621
18.39, -0.8000, -8.807
18.40, -0.8000, -8.695
18.41, -0.8000, -7.865
18.42, -0.8000, -9.373
18.43, -0.8000, -7.525
18.44, -0.8000, -9.169
18.45, -0.8000, -10.13
18.46, -0.8000, -8.798
18.47, -0.8000, -7.808
18.48, -0.8000, -8.541
18.49, -0.8000, -8.938
18.50, -0.8000, -8.990
18.51, -0.8000, -9.261
18.52, -0.8000, -10.02
18.53, -0.8000, -8.405
18.54, -0.8000, -6.743
18.55, -0.8000, -8.351
18.56, -0.8000, -7.694
18.57, -0.8000, -8.681
18.58, -0.8000, -8.021
18.59, -0.8000, -8.428
18.60, -0.8000, -8.683
18.61, -0.8000, -8.519
18.62, -0.8000, -8.098
18.63, -0.8000, -8.815
18.64, -0.8000, -9.450
18.65, -0.8000, -8.004
18.66, -0.8000, -9.111
18.67, -0.8000, -7.538
18.68, -0.8000, -10.15
18.69, -0.8000, -8.802
18.70, -0.8000, -8.709
18.71, -0.8000, -7.432
18.72, -0.8000, -8.107
18.73, -0.8000, -8.925
18.74, -0.8000, -8.948
18.75, -0.8000, -9.139
18.76, -0.8000, -8.326
18.77, -0.8000, -8.508
18.78, -0.8000, -8.992
18.79, -0.8000, -7.001
18.80, -0.8000, -7.990
18.81, -0.8000, -8.918
18.82, -0.8000, -9.165
18.83, -0.8000, -7.952
18.84, -0.8000, -7.679
18.85, -0.8000, -8.140
18.86, -0.8000, -7.625
18.87, -0.8000, -8.469
18.88, -0.8000, -8.506
18.89, -0.8000, -8.149
18.90, -0.8000, -8.018
18.91, -0.8000, -8.596
18.92, -0.8000, -9.531
18.93, -0.8000, -7.607
18.94, -0.8000, -8.406
18.95, -0.8000, -7.950
18.96, -0.8000, -9.326
18.97, -0.8000, -8.053
18.98, -0.8000, -7.121
18.99, -0.8000, -8.337
19.00, -0.8000, -9.519
19.01, -0.8000, -9.528
19.02, -0.8000, -7.007
19.03, -0.8000, -7.555
19.04, -0.8000, -9.291
19.05, -0.8000, -8.028
19.06, -0.8000, -8.294
19.07, -0.8000, -8.276
19.08, -0.8000, -8.486
19.09, -0.8000, -7.788
19.10, -0.8000, -8.390
19.11, -0.8000, -6.953
19.12, -0.8000, -7.411
19.13, -0.8000, -8.342
19.14, -0.8000, -9.084
19.15, -0.8000, -7.329
19.16, -0.8000, -7.662
19.17, -0.8000, -7.688
19.18, -0.8000, -8.390
19.19, -0.8000, -8.329
19.20, -0.8000, -8.179
19.21, -0.8000, -8.722
19.22, -0.8000, -8.987
19.23, -0.8000, -8.748
19.24, -0.8000, -7.445
19.25, -0.8000, -8.320
19.26, -0.8000, -9.072
19.27, -0.8000, -9.502
19.28, -0.8000, -9.472
19.29, -0.8000, -7.109
19.30, -0.8000, -7.372
19.31, -0.8000, -9.011
19.32, -0.8000, -9.615
19.33, -0.8000, -8.759
19.34, -0.8000, -8.399
19.35, -0.8000, -7.976
19.36, -0.8000, -7.785
19.37, -0.8000, -7.105
19.38, -0.8000, -9.402
19.39, -0.8000, -7.697
19.40, -0.8000, -6.770
19.41, -0.8000, -9.604
19.42, -0.8000, -8.803
19.43, -0.8000, -9.049
19.44, -0.8000, -9.438
19.45, -0.8000, -8.976
19.46, -0.8000, -8.465
19.47, -0.8000, -7.433
19.48, -0.8000, -6.613
19.49, -0.8000, -7.985
19.50, -0.8000, -7.950
19.51, -0.8000, -9.333
19.52, -0.8000, -8.378
19.53, -0.8000, -7.888
19.54, -0.8000, -7.087
19.55, -0.8000, -8.576
19.56, -0.8000, -7.865
19.57, -0.8000, -6.025
19.58, -0.8000, -8.209
19.59, -0.8000, -8.851
19.60, -0.8000, -8.080
19.61, -0.8000, -9.019
19.62, -0.8000, -8.121
19.63, -0.8000, -8.187
19.64, -0.8000, -8.634
19.65, -0.8000, -8.173
19.66, -0.8000, -8.005
19.67, -0.8000, -6.849
19.68, -0.8000, -8.299
19.69, -0.8000, -8.364
19.70, -0.8000, -7.843
19.71, -0.8000, -7.670
19.72, -0.8000, -7.816
19.73, -0.8000, -9.751
19.74, -0.8000, -7.545
19.75, -0.8000, -7.539
19.76, -0.8000, -8.221
19.77, -0.8000, -7.347
19.78, -0.8000, -7.498
19.79, -0.8000, -8.253
19.80, -0.8000, -7.923
19.81, -0.8000, -8.191
19.82, -0.8000, -8.150
19.83, -0.8000, -9.082
19.84, -0.8000, -7.346
19.85, -0.8000, -8.926
19.86, -0.8000, -8.423
19.87, -0.8000, -8.408
19.88, -0.8000, -7.744
19.89, -0.8000, -7.173
19.90, -0.8000, -7.761
19.91, -0.8000, -8.102
19.92, -0.8000, -8.593
19.93, -0.8000, -6.933
19.94, -0.8000, -7.882
19.95, -0.8000, -8.202
19.96, -0.8000, -9.076
19.97, -0.8000, -7.253
19.98, -0.8000, -7.163
19.99, -0.8000, -6.719
20.00, -0.8000, -9.275
20.01, -0.8000, -8.140
20.02, -0.8000, -9.721
20.03, -0.8000, -7.706
20.04, -0.8000, -8.269
20.05, -0.8000, -9.516
20.06, -0.8000, -9.466
20.07, -0.8000, -8.345
20.08, -0.8000, -7.635
20.09, -0.8000, -7.724
20.10, -0.8000, -8.104
20.11, -0.8000, -7.989
20.12, -0.8000, -8.211
20.13, -0.8000, -7.813
20.14, -0.8000, -7.388
20.15, -0.8000, -7.580
20.16, -0.8000, -9.043
20.17, -0.8000, -7.890
20.18, -0.8000, -8.199
20.19, -0.8000, -9.825
20.20, -0.8000, -9.005
20.21, -0.8000, -8.228
20.22, -0.8000, -7.378
20.23, -0.8000, -8.612
20.24, -0.8000, -8.207
20.25, -0.8000, -7.380
20.26, -0.8000, -8.547
20.27, -0.8000, -7.889
20.28, -0.8000, -8.007
20.29, -0.8000, -8.518
20.30, -0.8000, -8.436
20.31, -0.8000, -8.832
20.32, -0.8000, -8.588
20.33, -0.8000, -8.055
20.34, -0.8000, -8.387
20.35, -0.8000, -9.405
20.36, -0.8000, -8.715
20.37, -0.8000, -7.212
20.38, -0.8000, -7.803
20.39, -0.8000, -9.497
20.40, -0.8000, -6.634
20.41, -0.8000, -7.094
20.42, -0.8000, -8.714
20.43, -0.8000, -7.984
20.44, -0.8000, -8.216
20.45, -0.8000, -9.530
20.46, -0.8000, -8.731
20.47, -0.8000, -8.862
20.48, -0.8000, -9.056
20.49, -0.8000, -7.701
20.50, -0.8000, -9.125
20.51, -0.8000, -10.04
20.52, -0.8000, -8.690
20.53, -0.8000, -8.398
20.54, -0.8000, -8.206
20.55, -0.8000, -8.238
20.56, -0.8000, -9.843
20.57, -0.8000, -7.324
20.58, -0.8000, -7.722
20.59, -0.8000, -10.23
20.60, -0.8000, -10.09
20.61, -0.8000, -7.620
20.62, -0.8000, -7.250
20.63, -0.8000, -7.497
20.64, -0.8000, -8.507
20.65, -0.8000, -9.209
20.66, -0.8000, -8.060
20.67, -0.8000, -8.772
20.68, -0.8000, -9.751
20.69, -0.8000, -7.788
20.70, -0.8000, -7.915
20.71, -0.8000, -8.711
20.72, -0.8000, -7.938
20.73, -0.8000, -8.177
20.74, -0.8000, -7.399
20.75, -0.8000, -8.325
20.76, -0.8000, -7.236
20.77, -0.8000, -8.413
20.78, -0.8000, -8.260
20.79, -0.8000, -7.998
20.80, -0.8000, -8.422
20.81, -0.8000, -8.279
20.82, -0.8000, -9.773
20.83, -0.8000, -7.349
20.84, -0.8000, -8.654
20.85, -0.8000, -8.269
20.86, -0.8000, -8.871
20.87, -0.8000, -8.632
20.88, -0.8000, -8.445
20.89, -0.8000, -9.270
20.90, -0.8000, -8.592
20.91, -0.8000, -9.166
20.92, -0.8000, -8.393
20.93, -0.8000, -7.902
20.94, -0.8000, -7.467
20.95, -0.8000, -8.551
20.96, -0.8000, -8.272
20.97, -0.8000, -7.664
20.98, -0.8000, -9.404
20.99, -0.8000, -8.363
21.00, -0.8000, -8.513
21.01, -0.8000, -6.152
21.02, -0.8000, -8.051
21.03, -0.8000, -9.805
21.04, -0.8000, -9.401
21.05, -0.8000, -7.811
21.06, -0.8000, -7.701
21.07, -0.8000, -7.643
21.08, -0.8000, -8.950
21.09, -0.8000, -8.960
21.10, -0.8000, -7.193
21.11, -0.8000, -9.311
21.12, -0.8000, -8.182
21.13, -0.8000, -9.291
21.14, -0.8000, -7.294
21.15, -0.8000, -7.537
21.16, -0.8000, -8.107
21.17, -0.8000, -8.174
21.18, -0.8000, -7.577
21.19, -0.8000, -8.023
21.20, -0.8000, -7.699
21.21, -0.8000, -8.341
21.22, -0.8000, -7.706
21.23, -0.8000, -7.188
21.24, -0.8000, -8.182
21.25, -0.8000, -7.924
21.26, -0.8000, -8.542
21.27, -0.8000, -7.479
21.28, -0.8000, -8.258
21.29, -0.8000, -7.395
21.30, -0.8000, -9.057
21.31, -0.8000, -8.235
21.32, -0.8000, -7.931
21.33, -0.8000, -8.250
21.34, -0.8000, -9.588
21.35, -0.8000, -8.113
21.36, -0.8000, -7.950
21.37, -0.8000, -8.396
21.38, -0.8000, -8.645
21.39, -0.8000, -8.983
21.40, -0.8000, -7.196
21.41, -0.8000, -7.675
21.42, -0.8000, -8.804
21.43, -0.8000, -7.716
21.44, -0.8000, -8.432
21.45, -0.8000, -8.146
21.46, -0.8000, -8.209
21.47, -0.8000, -8.108
21.48, -0.8000, -9.007
21.49, -0.8000, -8.317
21.50, -0.8000, -8.034
21.51, -0.8000, -8.168
21.52, -0.8000, -7.646
21.53, -0.8000, -7.345
21.54, -0.8000, -9.511
21.55, -0.8000, -8.710
21.56, -0.8000, -8.396
21.57, -0.8000, -7.125
21.58, -0.8000, -7.880
21.59, -0.8000, -9.709
21.60, -0.8000, -7.821
21.61, -0.8000, -8.103
21.62, -0.8000, -7.983
21.63, -0.8000, -7.467
21.64, -0.8000, -8.392
21.65, -0.8000, -9.240
21.66, -0.8000, -8.063
21.67, -0.8000, -7.817
21.68, -0.8000, -7.249
21.69, -0.8000, -7.242
21.70, -0.8000, -9.379
21.71, -0.8000, -8.734
21.72, -0.8000, -7.294
21.73, -0.8000, -7.386
21.74, -0.8000, -8.323
21.75, -0.8000, -9.691
21.76, -0.8000, -8.501
21.77, -0.8000, -6.386
21.78, -0.8000, -7.409
21.79, -0.8000, -7.587
21.80, -0.8000, -8.211
21.81, -0.8000, -7.600
21.82, -0.8000, -8.286
21.83, -0.8000, -8.129
21.84, -0.8000, -7.863
21.85, -0.8000, -8.217
21.86, -0.8000, -8.265
21.87, -0.8000, -7.124
21.88, -0.8000, -8.358
21.89, -0.8000, -7.729
21.90, -0.8000, -7.355
21.91, -0.8000, -8.394
21.92, -0.8000, -7.514
21.93, -0.8000, -7.445
21.94, -0.8000, -8.049
21.95, -0.8000, -8.489
21.96, -0.8000, -8.164
21.97, -0.8000, -7.721
21.98, -0.8000, -7.517
21.99, -0.8000, -8.652
22.00, -0.8000, -8.536
22.01, -0.8000, -8.228
22.02, -0.8000, -7.648
22.03, -0.8000, -8.012
22.04, -0.8000, -9.376
22.05, -0.8000, -7.137
22.06, -0.8000, -7.968
22.07, -0.8000, -8.498
22.08, -0.8000, -8.015
22.09, -0.8000, -7.696
22.10, -0.8000, -7.890
22.11, -0.8000, -7.963
22.12, -0.8000, -7.627
22.13, -0.8000, -8.564
22.14, -0.8000, -7.788
22.15, -0.8000, -8.187
22.16, -0.8000, -7.961
22.17, -0.8000, -7.190
22.18, -0.8000, -8.208
22.19, -0.8000, -9.676
22.20, -0.8000, -8.748
22.21, -0.8000, -7.865
22.22, -0.8000, -8.706
22.23, -0.8000, -8.510
22.24, -0.8000, -8.838
22.25, -0.8000, -8.002
22.26, -0.8000, -9.693
22.27, -0.8000, -8.209
22.28, -0.8000, -8.605
22.29, -0.8000, -9.025
22.30, -0.8000, -7.771
22.31, -0.8000, -8.188
22.32, -0.8000, -8.205
22.33, -0.8000, -8.360
22.34, -0.8000, -6.767
22.35, -0.8000, -7.710
22.36, -0.8000, -7.620
22.37, -0.8000, -8.037
22.38, -0.8000, -6.762
22.39, -0.8000, -7.852
22.40, -0.8000, -8.657
22.41, -0.8000, -8.471
22.42, -0.8000, -8.326
22.43, -0.8000, -6.811
22.44, -0.8000, -8.978
22.45, -0.8000, -7.143
22.46, -0.8000, -8.635
22.47, -0.8000, -7.583
22.48, -0.8000, -8.998
22.49, -0.8000, -7.970
22.50, -0.8000, -9.953
22.51, -0.8000, -7.985
22.52, -0.8000, -6.572
22.53, -0.8000, -6.943
22.54, -0.8000, -9.568
22.55, -0.8000, -8.241
22.56, -0.8000, -8.673
22.57, -0.8000, -8.023
22.58, -0.8000, -8.253
22.59, -0.8000, -8.079
22.60, -0.8000, -7.437
22.61, -0.8000, -9.205
22.62, -0.8000, -6.391
22.63, -0.8000, -7.843
22.64, -0.8000, -6.652
22.65, -0.8000, -8.128
22.66, -0.8000, -8.850
22.67, -0.8000, -8.471
22.68, -0.8000, -8.546
22.69, -0.8000, -8.213
22.70, -0.8000, -9.855
22.71, -0.8000, -8.082
22.72, -0.8000, -6.674
22.73, -0.8000, -6.470
22.74, -0.8000, -8.243
22.75, -0.8000, -7.678
22.76, -0.8000, -8.093
22.77, -0.8000, -6.380
22.78, -0.8000, -8.169
22.79, -0.8000, -8.966
22.80, -0.8000, -7.795
22.81, -0.8000, -8.217
22.82, -0.8000, -7.607
22.83, -0.8000, -8.374
22.84, -0.8000, -7.446
22.85, -0.8000, -8.098
22.86, -0.8000, -7.907
22.87, -0.8000, -7.517
22.88, -0.8000, -8.801
22.89, -0.8000, -8.802
22.90, -0.8000, -7.323
22.91, -0.8000, -6.542
22.92, -0.8000, -8.644
22.93, -0.8000, -7.349
22.94, -0.8000, -8.457
22.95, -0.8000, -7.953
22.96, -0.8000, -8.744
22.97, -0.8000, -8.718
22.98, -0.8000, -7.707
22.99, -0.8000, -9.560
23.00, -0.8000, -8.430
23.01, -0.8000, -7.123
23.02, -0.8000, -8.489
23.03, -0.8000, -7.326
23.04, -0.8000, -10.11
23.05, -0.8000, -7.069
23.06, -0.8000, -8.589
23.07, -0.8000, -8.759
23.08, -0.8000, -8.252
23.09, -0.8000, -9.072
23.10, -0.8000, -9.614
23.11, -0.8000, -6.860
23.12, -0.8000, -7.212
23.13, -0.8000, -8.137
23.14, -0.8000, -8.569
23.15, -0.8000, -8.340
23.16, -0.8000, -7.009
23.17, -0.8000, -8.273
23.18, -0.8000, -8.946
23.19, -0.8000, -8.894
23.20, -0.8000, -6.586
23.21, -0.8000, -7.045
23.22, -0.8000, -6.920
23.23, -0.8000, -8.964
23.24, -0.8000, -9.174
23.25, -0.8000, -7.634
23.26, -0.8000, -8.036
23.27, -0.8000, -7.621
23.28, -0.8000, -9.838
23.29, -0.8000, -8.154
23.30, -0.8000, -7.173
23.31, -0.8000, -8.537
23.32, -0.8000, -9.003
23.33, -0.8000, -8.130
23.34, -0.8000, -7.848
23.35, -0.8000, -6.770
23.36, -0.8000, -7.849
23.37, -0.8000, -7.495
23.38, -0.8000, -8.403
23.39, -0.8000, -7.210
23.40, -0.8000, -10.15
23.41, -0.8000, -8.957
23.42, -0.8000, -8.683
23.43, -0.8000, -7.802
23.44, -0.8000, -6.749
23.45, -0.8000, -7.266
23.46, -0.8000, -8.589
23.47, -0.8000, -6.750
23.48, -0.8000, -9.216
23.49, -0.8000, -7.010
23.50, -0.8000, -8.175
23.51, -0.8000, -7.888
23.52, -0.8000, -6.435
23.53, -0.8000, -9.127
23.54, -0.8000, -7.127
23.55, -0.8000, -9.354
23.56, -0.8000, -8.325
23.57, -0.8000, -8.217
23.58, -0.8000, -7.584
23.59, -0.8000, -6.996
23.60, -0.8000, -7.965
23.61, -0.8000, -7.435
23.62, -0.8000, -10.25
23.63, -0.8000, -7.085
23.64, -0.8000, -6.774
23.65, -0.8000, -8.153
23.66, -0.8000, -7.228
23.67, -0.8000, -8.085
23.68, -0.8000, -7.746
23.69, -0.8000, -7.337
23.70, -0.8000, -8.324
23.71, -0.8000, -8.344
23.72, -0.8000, -7.307
23.73, -0.8000, -7.614
23.74, -0.8000, -8.415
23.75, -0.8000, -8.436
23.76, -0.8000, -8.416
23.77, -0.8000, -7.811
23.78, -0.8000, -9.008
23.79, -0.8000, -7.650
23.80, -0.8000, -8.220
23.81, -0.8000, -7.941
23.82, -0.8000, -8.450
23.83, -0.8000, -8.458
23.84, -0.8000, -7.678
23.85, -0.8000, -6.522
23.86, -0.8000, -7.427
23.87, -0.8000, -9.566
23.88, -0.8000, -8.108
23.89, -0.8000, -7.450
23.90, -0.8000, -7.842
23.91, -0.8000, -8.112
23.92, -0.8000, -8.373
23.93, -0.8000, -8.678
23.94, -0.8000, -7.900
23.95, -0.8000, -8.738
23.96, -0.8000, -7.913
23.97, -0.8000, -9.053
23.98, -0.8000, -7.405
23.99, -0.8000, -7.539
24.00, -0.8000, -8.092
24.01, -0.8000, -7.395
24.02, -0.8000, -7.966
24.03, -0.8000, -8.731
24.04, -0.8000, -7.812
24.05, -0.8000, -8.828
24.06, -0.8000, -6.285
24.07, -0.8000, -8.434
24.08, -0.8000, -8.626
24.09, -0.8000, -7.665
24.10, -0.8000, -7.867
24.11, -0.8000, -9.085
24.12, -0.8000, -7.439
24.13, -0.8000, -8.060
24.14, -0.8000, -9.634
24.15, -0.8000, -6.466
24.16, -0.8000, -8.009
24.17, -0.8000, -7.549
24.18, -0.8000, -9.051
24.19, -0.8000, -7.996
24.20, -0.8000, -8.001
24.21, -0.8000, -8.328
24.22, -0.8000, -8.197
24.23, -0.8000, -7.799
24.24, -0.8000, -7.528
24.25, -0.8000, -8.431
24.26, -0.8000, -8.180
24.27, -0.8000, -8.528
24.28, -0.8000, -7.742
24.29, -0.8000, -8.206
24.30, -0.8000, -9.173
24.31, -0.8000, -8.480
24.32, -0.8000, -8.105
24.33, -0.8000, -7.384
24.34, -0.8000, -7.566
24.35, -0.8000, -9.036
24.36, -0.8000, -7.351
24.37, -0.8000, -9.061
24.38, -0.8000, -7.409
24.39, -0.8000, -7.323
24.40, -0.8000, -7.868
24.41, -0.8000, -8.378
24.42, -0.8000, -7.639
24.43, -0.8000, -8.657
24.44, -0.8000, -7.950
24.45, -0.8000, -8.401
24.46, -0.8000, -7.166
24.47, -0.8000, -8.412
24.48, -0.8000, -8.578
24.49, -0.8000, -6.978
24.50, -0.8000, -8.887
24.51, -0.8000, -8.102
24.52, -0.8000, -8.354
24.53, -0.8000, -8.239
24.54, -0.8000, -7.296
24.55, -0.8000, -7.048
24.56, -0.8000, -7.011
24.57, -0.8000, -8.009
24.58, -0.8000, -8.257
24.59, -0.8000, -7.490
24.60, -0.8000, -6.890
24.61, -0.8000, -8.745
24.62, -0.8000, -8.328
24.63, -0.8000, -7.339
24.64, -0.8000, -7.690
24.65, -0.8000, -7.457
24.66, -0.8000, -9.502
24.67, -0.8000, -7.825
24.68, -0.8000, -7.390
24.69, -0.8000, -7.985
24.70, -0.8000, -8.486
24.71, -0.8000, -7.435
24.72, -0.8000, -7.393
24.73, -0.8000, -8.781
24.74, -0.8000, -8.267
24.75, -0.8000, -8.187
24.76, -0.8000, -7.634
24.77, -0.8000, -7.393
24.78, -0.8000, -8.099
24.79, -0.8000, -8.829
24.80, -0.8000, -7.854
24.81, -0.8000, -8.150
24.82, -0.8000, -7.564
24.83, -0.8000, -8.003
24.84, -0.8000, -8.130
24.85, -0.8000, -8.271
24.86, -0.8000, -7.773
24.87, -0.8000, -8.023
24.88, -0.8000, -7.558
24.89, -0.8000, -7.563
24.90, -0.8000, -7.570
24.91, -0.8000, -7.382
24.92, -0.8000, -7.783
24.93, -0.8000, -7.946
24.94, -0.8000, -9.488
24.95, -0.8000, -8.105
24.96, -0.8000, -8.850
24.97, -0.8000, -8.391
24.98, -0.8000, -6.778
24.99, -0.8000, -7.553
25.00, -0.8000, -7.406
25.01, -0.8000, -7.319
25.02, -0.8000, -8.137
25.03, -0.8000, -7.676
25.04, -0.8000, -7.554
25.05, -0.8000, -8.420
25.06, -0.8000, -9.980
25.07, -0.8000, -8.018
25.08, -0.8000, -7.926
25.09, -0.8000, -7.314
25.10, -0.8000, -9.023
25.11, -0.8000, -7.871
25.12, -0.8000, -7.258
25.13, -0.8000, -7.514
25.14, -0.8000, -8.410
25.15, -0.8000, -9.636
25.16, -0.8000, -7.711
25.17, -0.8000, -8.537
25.18, -0.8000, -8.692
25.19, -0.8000, -7.554
25.20, -0.8000, -7.845
25.21, -0.8000, -8.050
25.22, -0.8000, -8.187
25.23, -0.8000, -8.381
25.24, -0.8000, -8.536
25.25, -0.8000, -7.380
25.26, -0.8000, -6.313
25.27, -0.8000, -6.816
25.28, -0.8000, -8.922
25.29, -0.8000, -7.419
25.30, -0.8000, -7.381
25.31, -0.8000, -7.473
25.32, -0.8000, -8.567
25.33, -0.8000, -7.914
25.34, -0.8000, -7.663
25.35, -0.8000, -7.776
25.36, -0.8000, -8.009
25.37, -0.8000, -8.422
25.38, -0.8000, -8.442
25.39, -0.8000, -6.792
25.40, -0.8000, -7.879
25.41, -0.8000, -8.958
25.42, -0.8000, -9.112
25.43, -0.8000, -7.178
25.44, -0.8000, -8.632
25.45, -0.8000, -8.451
25.46, -0.8000, -8.349
25.47, -0.8000, -7.625
25.48, -0.8000, -8.307
25.49, -0.8000, -7.310
25.50, -0.8000, -8.676
25.51, -0.8000, -8.441
25.52, -0.8000, -7.569
25.53, -0.8000, -7.043
25.54, -0.8000, -7.182
25.55, -0.8000, -8.433
25.56, -0.8000, -7.627
25.57, -0.8000, -6.224
25.58, -0.8000, -9.735
25.59, -0.8000, -7.588
25.60, -0.8000, -9.290
25.61, -0.8000, -8.043
25.62, -0.8000, -6.765
25.63, -0.8000, -8.378
25.64, -0.8000, -8.394
25.65, -0.8000, -8.339
25.66, -0.8000, -8.817
25.67, -0.8000, -7.544
25.68, -0.8000, -7.143
25.69, -0.8000, -7.757
25.70, -0.8000, -8.345
25.71, -0.8000, -6.667
25.72, -0.8000, -6.644
25.73, -0.8000, -8.003
25.74, -0.8000, -8.378
25.75, -0.8000, -8.140
25.76, -0.8000, -7.611
25.77, -0.8000, -7.822
25.78, -0.8000, -7.845
25.79, -0.8000, -7.382
25.80, -0.8000, -7.892
25.81, -0.8000, -8.041
25.82, -0.8000, -8.629
25.83, -0.8000, -8.475
25.84, -0.8000, -8.876
25.85, -0.8000, -7.363
25.86, -0.8000, -7.916
25.87, -0.8000, -7.730
25.88, -0.8000, -7.913
25.89, -0.8000, -8.977
25.90, -0.8000, -8.100
25.91, -0.8000, -7.822
25.92, -0.8000, -8.634
25.93, -0.8000, -8.978
25.94, -0.8000, -9.021
25.95, -0.8000, -7.317
25.96, -0.8000, -7.315
25.97, -0.8000, -6.936
25.98, -0.8000, -7.827
25.99, -0.8000, -7.752
26.00, -0.8000, -6.687
26.01, -0.8000, -6.781
26.02, -0.8000, -7.755
26.03, -0.8000, -7.979
26.04, -0.8000, -7.975
26.05, -0.8000, -7.414
26.06, -0.8000, -7.978
26.07, -0.8000, -8.037
26.08, -0.8000, -8.117
26.09, -0.8000, -7.517
26.10, -0.8000, -8.360
26.11, -0.8000, -7.528
26.12, -0.8000, -7.690
26.13, -0.8000, -6.584
26.14, -0.8000, -7.439
26.15, -0.8000, -9.221
26.16, -0.8000, -8.516
26.17, -0.8000, -7.976
26.18, -0.8000, -8.109
26.19, -0.8000, -8.446
26.20, -0.8000, -7.312
26.21, -0.8000, -7.622
26.22, -0.8000, -7.283
26.23, -0.8000, -7.462
26.24, -0.8000, -7.648
26.25, -0.8000, -8.657
26.26, -0.8000, -7.975
26.27, -0.8000, -7.651
26.28, -0.8000, -9.244
26.29, -0.8000, -7.499
26.30, -0.8000, -8.754
26.31, -0.8000, -7.881
26.32, -0.8000, -7.219
26.33, -0.8000, -7.763
26.34, -0.8000, -8.254
26.35, -0.8000, -7.474
26.36, -0.8000, -6.649
26.37, -0.8000, -6.935
26.38, -0.8000, -7.843
26.39, -0.8000, -7.294
26.40, -0.8000, -7.967
26.41, -0.8000, -8.172
26.42, -0.8000, -7.934
26.43, -0.8000, -7.960
26.44, -0.8000, -8.380
26.45, -0.8000, -7.874
26.46, -0.8000, -7.284
26.47, -0.8000, -7.584
26.48, -0.8000, -7.072
26.49, -0.8000, -7.163
26.50, -0.8000, -8.106
26.51, -0.8000, -8.071
26.52, -0.8000, -8.014
26.53, -0.8000, -8.166
26.54, -0.8000, -7.133
26.55, -0.8000, -7.629
26.56, -0.8000, -8.587
26.57, -0.8000, -7.350
26.58, -0.8000, -7.599
26.59, -0.8000, -8.463
26.60, -0.8000, -8.860
26.61, -0.8000, -6.918
26.62, -0.8000, -8.938
26.63, -0.8000, -8.772
26.64, -0.8000, -7.603
26.65, -0.8000, -6.994
26.66, -0.8000, -7.655
26.67, -0.8000, -7.865
26.68, -0.8000, -7.721
26.69, -0.8000, -7.399
26.70, -0.8000, -7.676
26.71, -0.8000, -8.009
26.72, -0.8000, -7.040
26.73, -0.8000, -8.199
26.74, -0.8000, -7.198
26.75, -0.8000, -6.843
26.76, -0.8000, -6.940
26.77, -0.8000, -8.735
26.78, -0.8000, -8.347
26.79, -0.8000, -6.506
26.80, -0.8000, -7.254
26.81, -0.8000, -7.932
26.82, -0.8000, -8.146
26.83, -0.8000, -7.831
26.84, -0.8000, -9.222
26.85, -0.8000, -7.830
26.86, -0.8000, -7.487
26.87, -0.8000, -6.933
26.88, -0.8000, -7.555
26.89, -0.8000, -8.511
26.90, -0.8000, -7.001
26.91, -0.8000, -9.059
26.92, -0.8000, -7.098
26.93, -0.8000, -8.453
26.94, -0.8000, -7.673
26.95, -0.8000, -8.091
26.96, -0.8000, -8.998
26.97, -0.8000, -8.117
26.98, -0.8000, -8.394
26.99, -0.8000, -7.600
27.00, -0.8000, -9.730
27.01, -0.8000, -6.942
27.02, -0.8000, -7.072
27.03, -0.8000, -6.211
27.04, -0.8000, -7.355
27.05, -0.8000, -9.779
27.06, -0.8000, -8.449
27.07, -0.8000, -6.799
27.08, -0.8000, -8.895
27.09, -0.8000, -7.713
27.10, -0.8000, -7.528
27.11, -0.8000, -6.478
27.12, -0.8000, -6.120
27.13, -0.8000, -6.206
27.14, -0.8000, -7.611
27.15, -0.8000, -7.649
27.16, -0.8000, -6.660
27.17, -0.8000, -7.547
27.18, -0.8000, -7.904
27.19, -0.8000, -7.751
27.20, -0.8000, -8.982
27.21, -0.8000, -7.059
27.22, -0.8000, -7.281
27.23, -0.8000, -8.293
27.24, -0.8000, -6.593
27.25, -0.8000, -8.551
27.26, -0.8000, -8.578
27.27, -0.8000, -8.070
27.28, -0.8000, -7.563
27.29, -0.8000, -7.957
27.30, -0.8000, -9.241
27.31, -0.8000, -7.524
27.32, -0.8000, -7.362
27.33, -0.8000, -7.366
27.34, -0.8000, -7.013
27.35, -0.8000, -8.328
27.36, -0.8000, -7.613
27.37, -0.8000, -8.446
27.38, -0.8000, -7.543
27.39, -0.8000, -8.219
27.40, -0.8000, -8.054
27.41, -0.8000, -8.524
27.42, -0.8000, -7.732
27.43, -0.8000, -7.181
27.44, -0.8000, -7.880
27.45, -0.8000, -8.969
27.46, -0.8000, -8.089
27.47, -0.8000, -7.681
27.48, -0.8000, -7.614
27.49, -0.8000, -7.106
27.50, -0.8000, -7.797
27.51, -0.8000, -7.786
27.52, -0.8000, -6.652
27.53, -0.8000, -7.772
27.54, -0.8000, -7.669
27.55, -0.8000, -9.029
27.56, -0.8000, -7.219
27.57, -0.8000, -7.555
27.58, -0.8000, -7.272
27.59, -0.8000, -7.615
27.60, -0.8000, -7.923
27.61, -0.8000, -8.272
27.62, -0.8000, -8.241
27.63, -0.8000, -8.720
27.64, -0.8000, -9.274
27.65, -0.8000, -8.274
27.66, -0.8000, -8.542
27.67, -0.8000, -7.094
27.68, -0.8000, -6.204
27.69, -0.8000, -7.678
27.70, -0.8000, -8.868
27.71, -0.8000, -8.967
27.72, -0.8000, -9.488
27.73, -0.8000, -8.667
27.74, -0.8000, -8.172
27.75, -0.8000, -9.660
27.76, -0.8000, -7.413
27.77, -0.8000, -8.311
27.78, -0.8000, -6.792
27.79, -0.8000, -8.792
27.80, -0.8000, -7.234
27.81, -0.8000, -6.276
27.82, -0.8000, -7.036
27.83, -0.8000, -8.239
27.84, -0.8000, -8.814
27.85, -0.8000, -7.100
27.86, -0.8000, -6.989
27.87, -0.8000, -7.854
27.88, -0.8000, -7.073
27.89, -0.8000, -8.442
27.90, -0.8000, -8.600
27.91, -0.8000, -7.465
27.92, -0.8000, -7.190
27.93, -0.8000, -7.791
27.94, -0.8000, -7.429
27.95, -0.8000, -8.075
27.96, -0.8000, -6.910
27.97, -0.8000, -8.890
27.98, -0.8000, -8.052
27.99, -0.8000, -8.762
28.00, -0.8000, -8.310
28.01, -0.8000, -7.281
28.02, -0.8000, -7.272
28.03, -0.8000, -8.884
28.04, -0.8000, -6.659
28.05, -0.8000, -8.180
28.06, -0.8000, -6.896
28.07, -0.8000, -7.984
28.08, -0.8000, -8.457
28.09, -0.8000, -7.813
28.10, -0.8000, -8.532
28.11, -0.8000, -7.088
28.12, -0.8000, -7.098
28.13, -0.8000, -7.416
28.14, -0.8000, -7.876
28.15, -0.8000, -8.266
28.16, -0.8000, -6.687
28.17, -0.8000, -8.315
28.18, -0.8000, -7.936
28.19, -0.8000, -8.621
28.20, -0.8000, -7.647
28.21, -0.8000, -7.591
28.22, -0.8000, -8.438
28.23, -0.8000, -8.081
28.24, -0.8000, -7.020
28.25, -0.8000, -6.828
28.26, -0.8000, -6.797
28.27, -0.8000, -8.247
28.28, -0.8000, -7.411
28.29, -0.8000, -7.208
28.30, -0.8000, -8.730
28.31, -0.8000, -7.851
28.32, -0.8000, -7.946
28.33, -0.8000, -6.731
28.34, -0.8000, -7.650
28.35, -0.8000, -8.840
28.36, -0.8000, -6.728
28.37, -0.8000, -6.430
28.38, -0.8000, -6.341
28.39, -0.8000, -7.248
28.40, -0.8000, -9.256
28.41, -0.8000, -8.047
28.42, -0.8000, -7.427
28.43, -0.8000, -8.412
28.44, -0.8000, -8.426
28.45, -0.8000, -7.963
28.46, -0.8000, -7.817
28.47, -0.8000, -7.905
28.48, -0.8000, -7.354
28.49, -0.8000, -8.186
28.50, -0.8000, -7.743
28.51, -0.8000, -6.635
28.52, -0.8000, -7.762
28.53, -0.8000, -7.376
28.54, -0.8000, -9.597
28.55, -0.8000, -7.146
28.56, -0.8000, -9.243
28.57, -0.8000, -7.293
28.58, -0.8000, -7.721
28.59, -0.8000, -8.037
28.60, -0.8000, -7.631
28.61, -0.8000, -7.927
28.62, -0.8000, -7.001
28.63, -0.8000, -6.628
28.64, -0.8000, -6.389
28.65, -0.8000, -8.182
28.66, -0.8000, -8.319
28.67, -0.8000, -7.737
28.68, -0.8000, -8.426
28.69, -0.8000, -7.236
28.70, -0.8000, -10.21
28.71, -0.8000, -8.381
28.72, -0.8000, -7.508
28.73, -0.8000, -7.511
28.74, -0.8000, -8.110
28.75, -0.8000, -7.240
28.76, -0.8000, -9.122
28.77, -0.8000, -7.035
28.78, -0.8000, -7.903
28.79, -0.8000, -8.199
28.80, -0.8000, -8.492
28.81, -0.8000, -7.133
28.82, -0.8000, -8.950
28.83, -0.8000, -7.380
28.84, -0.8000, -8.972
28.85, -0.8000, -7.082
28.86, -0.8000, -7.153
28.87, -0.8000, -7.552
28.88, -0.8000, -7.550
28.89, -0.8000, -7.266
28.90, -0.8000, -7.814
28.91, -0.8000, -7.331
28.92, -0.8000, -7.057
28.93, -0.8000, -6.335
28.94, -0.8000, -8.812
28.95, -0.8000, -7.709
28.96, -0.8000, -7.550
28.97, -0.8000, -7.369
28.98, -0.8000, -6.173
28.99, -0.8000, -8.617
29.00, -0.8000, -7.348
29.01, -0.8000, -7.799
29.02, -0.8000, -7.884
29.03, -0.8000, -6.479
29.04, -0.8000, -9.439
29.05, -0.8000, -9.215
29.06, -0.8000, -7.760
29.07, -0.8000, -7.096
29.08, -0.8000, -7.027
29.09, -0.8000, -8.102
29.10, -0.8000, -7.794
29.11, -0.8000, -6.856
29.12, -0.8000, -7.117
29.13, -0.8000, -7.115
29.14, -0.8000, -7.581
29.15, -0.8000, -6.947
29.16, -0.8000, -9.190
29.17, -0.8000, -6.687
29.18, -0.8000, -8.316
29.19, -0.8000, -8.270
29.20, -0.8000, -8.005
29.21, -0.8000, -7.470
29.22, -0.8000, -6.866
29.23, -0.8000, -8.824
29.24, -0.8000, -7.582
29.25, -0.8000, -8.921
29.26, -0.8000, -6.653
29.27, -0.8000, -7.693
29.28, -0.8000, -6.608
29.29, -0.8000, -7.737
29.30, -0.8000, -8.882
29.31, -0.8000, -6.301
29.32, -0.8000, -7.272
29.33, -0.8000, -8.384
29.34, -0.8000, -8.184
29.35, -0.8000, -7.189
29.36, -0.8000, -8.043
29.37, -0.8000, -7.022
29.38, -0.8000, -6.758
29.39, -0.8000, -7.652
29.40, -0.8000, -6.909
29.41, -0.8000, -7.196
29.42, -0.8000, -6.867
29.43, -0.8000, -8.606
29.44, -0.8000, -7.597
29.45, -0.8000, -7.137
29.46, -0.8000, -8.936
29.47, -0.8000, -7.603
29.48, -0.8000, -8.114
29.49, -0.8000, -8.516
29.50, -0.8000, -5.753
29.51, -0.8000, -7.517
29.52, -0.8000, -6.532
29.53, -0.8000, -7.383
29.54, -0.8000, -8.485
29.55, -0.8000, -7.946
29.56, -0.8000, -8.619
29.57, -0.8000, -7.859
29.58, -0.8000, -7.415
29.59, -0.8000, -7.535
29.60, -0.8000, -6.685
29.61, -0.8000, -7.173
29.62, -0.8000, -9.388
29.63, -0.8000, -9.233
29.64, -0.8000, -8.100
29.65, -0.8000, -6.680
29.66, -0.8000, -8.389
29.67, -0.8000, -8.318
29.68, -0.8000, -8.428
29.69, -0.8000, -7.701
29.70, -0.8000, -8.631
29.71, -0.8000, -7.260
29.72, -0.8000, -7.963
29.73, -0.8000, -8.451
29.74, -0.8000, -7.511
29.75, -0.8000, -7.409
29.76, -0.8000, -8.011
29.77, -0.8000, -7.703
29.78, -0.8000, -8.401
29.79, -0.8000, -7.015
29.80, -0.8000, -7.953
29.81, -0.8000, -7.716
29.82, -0.8000, -8.742
29.83, -0.8000, -8.189
29.84, -0.8000, -5.919
29.85, -0.8000, -8.426
29.86, -0.8000, -8.649
29.87, -0.8000, -8.927
29.88, -0.8000, -7.308
29.89, -0.8000, -7.129
29.90, -0.8000, -8.037
29.91, -0.8000, -7.985
29.92, -0.8000, -8.118
29.93, -0.8000, -6.841
29.94, -0.8000, -6.772
29.95, -0.8000, -8.260
29.96, -0.8000, -8.014
29.97, -0.8000, -8.287
29.98, -0.8000, -6.765
29.99, -0.8000, -7.573
30.00, -0.8000, -6.742
30.01, -0.8000, -8.102
30.02, -0.8000, -8.029
30.03, -0.8000, -7.924
30.04, -0.8000, -7.188
30.05, -0.8000, -8.076
30.06, -0.8000, -8.844
30.07, -0.8000, -7.840
30.08, -0.8000, -9.395
30.09, -0.8000, -8.609
30.10, -0.8000, -8.488
30.11, -0.8000, -8.366
30.12, -0.8000, -7.561
30.13, -0.8000, -7.886
30.14, -0.8000, -7.040
30.15, -0.8000, -9.087
30.16, -0.8000, -7.168
30.17, -0.8000, -7.164
30.18, -0.8000, -6.971
30.19, -0.8000, -6.974
30.20, -0.8000, -7.414
30.21, -0.8000, -8.111
30.22, -0.8000, -8.589
30.23, -0.8000, -7.119
30.24, -0.8000, -6.736
30.25, -0.8000, -7.338
30.26, -0.8000, -7.312
30.27, -0.8000, -7.834
30.28, -0.8000, -6.904
30.29, -0.8000, -7.792
30.30, -0.8000, -7.908
30.31, -0.8000, -7.154
30.32, -0.8000, -7.455
30.33, -0.8000, -7.061
30.34, -0.8000, -7.729
30.35, -0.8000, -7.307
30.36, -0.8000, -7.266
30.37, -0.8000, -8.510
30.38, -0.8000, -8.200
30.39, -0.8000, -8.375
30.40, -0.8000, -7.877
30.41, -0.8000, -7.894
30.42, -0.8000, -7.821
30.43, -0.8000, -8.153
30.44, -0.8000, -7.624
30.45, -0.8000, -7.416
30.46, -0.8000, -7.709
30.47, -0.8000, -7.758
30.48, -0.8000, -8.290
30.49, -0.8000, -7.749
30.50, -0.8000, -8.520
30.51, -0.8000, -7.346
30.52, -0.8000, -8.024
30.53, -0.8000, -8.071
30.54, -0.8000, -7.138
30.55, -0.8000, -7.439
30.56, -0.8000, -8.264
30.57, -0.8000, -7.357
30.58, -0.8000, -8.038
30.59, -0.8000, -6.201
30.60, -0.8000, -8.309
30.61, -0.8000, -7.626
30.62, -0.8000, -8.168
30.63, -0.8000, -7.386
30.64, -0.8000, -6.706
30.65, -0.8000, -7.039
30.66, -0.8000, -7.262
30.67, -0.8000, -7.615
30.68, -0.8000, -6.920
30.69, -0.8000, -7.516
30.70, -0.8000, -7.096
30.71, -0.8000, -7.414
30.72, -0.8000, -7.935
30.73, -0.8000, -7.966
30.74, -0.8000, -6.466
30.75, -0.8000, -6.163
30.76, -0.8000, -6.692
30.77, -0.8000, -7.490
30.78, -0.8000, -6.674
30.79, -0.8000, -6.941
30.80, -0.8000, -7.772
30.81, -0.8000, -7.809
30.82, -0.8000, -7.214
30.83, -0.8000, -7.657
30.84, -0.8000, -7.607
30.85, -0.8000, -7.525
30.86, -0.8000, -8.743
30.87, -0.8000, -7.438
30.88, -0.8000, -7.875
30.89, -0.8000, -7.221
30.90, -0.8000, -7.614
30.91, -0.8000, -7.011
30.92, -0.8000, -6.361
30.93, -0.8000, -7.668
30.94, -0.8000, -7.804
30.95, -0.8000, -7.911
30.96, -0.8000, -7.330
30.97, -0.8000, -8.425
30.98, -0.8000, -6.664
30.99, -0.8000, -8.445
31.00, -0.8000, -6.706
31.01, -0.8000, -7.443
31.02, -0.8000, -6.793
31.03, -0.8000, -8.105
31.04, -0.8000, -7.955
31.05, -0.8000, -7.399
31.06, -0.8000, -7.058
31.07, -0.8000, -7.286
31.08, -0.8000, -7.233
31.09, -0.8000, -7.978
31.10, -0.8000, -6.971
31.11, -0.8000, -7.866
31.12, -0.8000, -7.706
31.13, -0.8000, -8.042
31.14, -0.8000, -6.562
31.15, -0.8000, -5.823
31.16, -0.8000, -7.095
31.17, -0.8000, -8.786
31.18, -0.8000, -7.472
31.19, -0.8000, -7.461
31.20, -0.8000, -7.739
31.21, -0.8000, -7.996
31.22, -0.8000, -7.585
31.23, -0.8000, -8.066
31.24, -0.8000, -7.360
31.25, -0.8000, -7.009
31.26, -0.8000, -9.250
31.27, -0.8000, -7.070
31.28, -0.8000, -8.059
31.29, -0.8000, -8.243
31.30, -0.8000, -7.412
31.31, -0.8000, -7.128
31.32, -0.8000, -7.128
31.33, -0.8000, -6.613
31.34, -0.8000, -6.742
31.35, -0.8000, -7.704
31.36, -0.8000, -8.784
31.37, -0.8000, -6.909
31.38, -0.8000, -7.840
31.39, -0.8000, -7.510
31.40, -0.8000, -7.756
31.41, -0.8000, -8.194
31.42, -0.8000, -6.681
31.43, -0.8000, -7.142
31.44, -0.8000, -6.295
31.45, -0.8000, -7.988
31.46, -0.8000, -6.305
31.47, -0.8000, -7.490
31.48, -0.8000, -8.182
31.49, -0.8000, -8.223
31.50, -0.8000, -6.777
31.51, -0.8000, -7.093
31.52, -0.8000, -6.691
31.53, -0.8000, -9.234
31.54, -0.8000, -7.703
31.55, -0.8000, -7.524
31.56, -0.8000, -7.079
31.57, -0.8000, -6.409
31.58, -0.8000, -7.885
31.59, -0.8000, -8.606
31.60, -0.8000, -7.663
31.61, -0.8000, -7.713
31.62, -0.8000, -7.370
31.63, -0.8000, -7.650
31.64, -0.8000, -7.541
31.65, -0.8000, -8.462
31.66, -0.8000, -6.872
31.67, -0.8000, -8.853
31.68, -0.8000, -6.811
31.69, -0.8000, -8.289
31.70, -0.8000, -7.633
31.71, -0.8000, -7.798
31.72, -0.8000, -8.580
31.73, -0.8000, -7.218
31.74, -0.8000, -6.894
31.75, -0.8000, -7.426
31.76, -0.8000, -7.796
31.77, -0.8000, -8.147
31.78, -0.8000, -7.462
31.79, -0.8000, -6.212
31.80, -0.8000, -6.954
31.81, -0.8000, -8.718
31.82, -0.8000, -7.270
31.83, -0.8000, -6.344
31.84, -0.8000, -7.998
31.85, -0.8000, -8.134
31.86, -0.8000, -7.334
31.87, -0.8000, -7.846
31.88, -0.8000, -7.675
31.89, -0.8000, -8.151
31.90, -0.8000, -7.860
31.91, -0.8000, -7.459
31.92, -0.8000, -8.348
31.93, -0.8000, -7.984
31.94, -0.8000, -8.699
31.95, -0.8000, -7.954
31.96, -0.8000, -6.222
31.97, -0.8000, -7.462
31.98, -0.8000, -7.804
31.99, -0.8000, -6.821
32.00, -0.8000, -6.806
32.01, -0.8000, -7.417
32.02, -0.8000, -8.650
32.03, -0.8000, -7.029
32.04, -0.8000, -7.874
32.05, -0.8000, -6.657
32.06, -0.8000, -6.145
32.07, -0.8000, -8.048
32.08, -0.8000, -7.703
32.09, -0.8000, -7.399
32.10, -0.8000, -6.459
32.11, -0.8000, -8.551
32.12, -0.8000, -8.218
32.13, -0.8000, -7.032
32.14, -0.8000, -7.572
32.15, -0.8000, -6.808
32.16, -0.8000, -7.888
32.17, -0.8000, -7.079
32.18, -0.8000, -6.595
32.19, -0.8000, -8.633
32.20, -0.8000, -7.241
32.21, -0.8000, -7.224
32.22, -0.8000, -8.319
32.23, -0.8000, -7.259
32.24, -0.8000, -7.813
32.25, -0.8000, -7.321
32.26, -0.8000, -7.715
32.27, -0.8000, -6.705
32.28, -0.8000, -7.077
32.29, -0.8000, -7.224
32.30, -0.8000, -7.457
32.31, -0.8000, -7.223
32.32, -0.8000, -6.979
32.33, -0.8000, -7.093
32.34, -0.8000, -7.866
32.35, -0.8000, -6.952
32.36, -0.8000, -6.487
32.37, -0.8000, -7.844
32.38, -0.8000, -7.596
32.39, -0.8000, -7.435
32.40, -0.8000, -6.610
32.41, -0.8000, -6.652
32.42, -0.8000, -7.615
32.43, -0.8000, -8.207
32.44, -0.8000, -8.153
32.45, -0.8000, -6.899
32.46, -0.8000, -6.226
32.47, -0.8000, -7.686
32.48, -0.8000, -7.748
32.49, -0.8000, -7.208
32.50, -0.8000, -6.803
32.51, -0.8000, -7.203
32.52, -0.8000, -7.294
32.53, -0.8000, -7.934
32.54, -0.8000, -6.485
32.55, -0.8000, -7.848
32.56, -0.8000, -8.068
32.57, -0.8000, -7.320
32.58, -0.8000, -6.485
32.59, -0.8000, -7.740
32.60, -0.8000, -7.198
32.61, -0.8000, -8.275
32.62, -0.8000, -6.164
32.63, -0.8000, -7.741
32.64, -0.8000, -6.919
32.65, -0.8000, -7.312
32.66, -0.8000, -7.552
32.67, -0.8000, -6.809
32.68, -0.8000, -7.287
32.69, -0.8000, -6.926
32.70, -0.8000, -8.360
32.71, -0.8000, -7.744
32.72, -0.8000, -6.954
32.73, -0.8000, -7.816
32.74, -0.8000, -6.536
32.75, -0.8000, -6.834
32.76, -0.8000, -6.255
32.77, -0.8000, -7.407
32.78, -0.8000, -8.180
32.79, -0.8000, -7.802
32.80, -0.8000, -8.662
32.81, -0.8000, -6.619
32.82, -0.8000, -7.199
32.83, -0.8000, -6.946
32.84, -0.8000, -7.282
32.85, -0.8000, -8.476
32.86, -0.8000, -7.019
32.87, -0.8000, -7.389
32.88, -0.8000, -7.604
32.89, -0.8000, -7.193
32.90, -0.8000, -6.824
32.91, -0.8000, -7.510
32.92, -0.8000, -5.780
32.93, -0.8000, -7.304
32.94, -0.8000, -7.284
32.95, -0.8000, -6.889
32.96, -0.8000, -6.626
32.97, -0.8000, -7.658
32.98, -0.8000, -8.841
32.99, -0.8000, -9.360
33.00, -0.8000, -7.126
33.01, -0.8000, -6.784
33.02, -0.8000, -6.837
33.03, -0.8000, -8.046
33.04, -0.8000, -7.908
33.05, -0.8000, -7.063
33.06, -0.8000, -6.709
33.07, -0.8000, -7.125
33.08, -0.8000, -8.044
33.09, -0.8000, -8.297
33.10, -0.8000, -5.259
33.11, -0.8000, -6.713
33.12, -0.8000, -7.618
33.13, -0.8000, -7.579
33.14, -0.8000, -7.721
33.15, -0.8000, -6.806
33.16, -0.8000, -7.541
33.17, -0.8000, -7.152
33.18, -0.8000, -7.522
33.19, -0.8000, -6.524
33.20, -0.8000, -7.561
33.21, -0.8000, -7.480
33.22, -0.8000, -7.763
33.23, -0.8000, -7.483
33.24, -0.8000, -6.497
33.25, -0.8000, -7.362
33.26, -0.8000, -8.449
33.27, -0.8000, -8.414
33.28, -0.8000, -6.219
33.29, -0.8000, -7.231
33.30, -0.8000, -7.824
33.31, -0.8000, -7.799
33.32, -0.8000, -7.973
33.33, -0.8000, -7.470
33.34, -0.8000, -7.882
33.35, -0.8000, -7.088
33.36, -0.8000, -7.675
33.37, -0.8000, -6.675
33.38, -0.8000, -8.082
33.39, -0.8000, -6.645
33.40, -0.8000, -7.011
33.41, -0.8000, -7.045
33.42, -0.8000, -6.900
33.43, -0.8000, -7.747
33.44, -0.8000, -8.585
33.45, -0.8000, -7.433
33.46, -0.8000, -8.836
33.47, -0.8000, -5.812
33.48, -0.8000, -7.125
33.49, -0.8000, -7.301
33.50, -0.8000, -8.805
33.51, -0.8000, -6.762
33.52, -0.8000, -6.660
33.53, -0.8000, -7.417
33.54, -0.8000, -7.358
33.55, -0.8000, -6.985
33.56, -0.8000, -6.509
33.57, -0.8000, -7.798
33.58, -0.8000, -6.747
33.59, -0.8000, -8.712
33.60, -0.8000, -7.427
33.61, -0.8000, -6.943
33.62, -0.8000, -6.804
33.63, -0.8000, -7.525
33.64, -0.8000, -7.773
33.65, -0.8000, -5.747
33.66, -0.8000, -7.318
33.67, -0.8000, -6.836
33.68, -0.8000, -6.970
33.69, -0.8000, -8.686
33.70, -0.8000, -7.537
33.71, -0.8000, -8.419
33.72, -0.8000, -7.070
33.73, -0.8000, -7.089
33.74, -0.8000, -7.198
33.75, -0.8000, -6.440
33.76, -0.8000, -6.437
33.77, -0.8000, -6.954
33.78, -0.8000, -6.968
33.79, -0.8000, -8.254
33.80, -0.8000, -7.671
33.81, -0.8000, -7.176
33.82, -0.8000, -7.444
33.83, -0.8000, -8.156
33.84, -0.8000, -6.929
33.85, -0.8000, -7.748
33.86, -0.8000, -6.862
33.87, -0.8000, -8.263
33.88, -0.8000, -7.360
33.89, -0.8000, -7.500
33.90, -0.8000, -7.276
33.91, -0.8000, -7.369
33.92, -0.8000, -7.226
33.93, -0.8000, -7.512
33.94, -0.8000, -7.102
33.95, -0.8000, -7.234
33.96, -0.8000, -7.453
33.97, -0.8000, -7.088
33.98, -0.8000, -6.888
33.99, -0.8000, -7.171
34.00, -0.8000, -7.646
34.01, -0.8000, -8.671
34.02, -0.8000, -6.932
34.03, -0.8000, -8.426
34.04, -0.8000, -7.514
34.05, -0.8000, -7.592
34.06, -0.8000, -6.652
34.07, -0.8000, -6.283
34.08, -0.8000, -7.144
34.09, -0.8000, -7.455
34.10, -0.8000, -6.466
34.11, -0.8000, -6.528
34.12, -0.8000, -7.811
34.13, -0.8000, -7.063
34.14, -0.8000, -7.536
34.15, -0.8000, -6.461
34.16, -0.8000, -7.011
34.17, -0.8000, -7.417
34.18, -0.8000, -8.104
34.19, -0.8000, -7.632
34.20, -0.8000, -7.233
34.21, -0.8000, -7.797
34.22, -0.8000, -7.856
34.23, -0.8000, -7.241
34.24, -0.8000, -7.296
34.25, -0.8000, -7.148
34.26, -0.8000, -6.462
34.27, -0.8000, -7.300
34.28, -0.8000, -6.120
34.29, -0.8000, -5.946
34.30, -0.8000, -8.016
34.31, -0.8000, -6.818
34.32, -0.8000, -7.677
34.33, -0.8000, -7.873
34.34, -0.8000, -7.407
34.35, -0.8000, -7.398
34.36, -0.8000, -8.082
34.37, -0.8000, -6.833
34.38, -0.8000, -8.341
34.39, -0.8000, -7.595
34.40, -0.8000, -6.467
34.41, -0.8000, -8.717
34.42, -0.8000, -7.598
34.43, -0.8000, -7.062
34.44, -0.8000, -6.434
34.45, -0.8000, -7.242
34.46, -0.8000, -6.782
34.47, -0.8000, -7.986
34.48, -0.8000, -7.175
34.49, -0.8000, -5.717
34.50, -0.8000, -7.389
34.51, -0.8000, -7.063
34.52, -0.8000, -8.201
34.53, -0.8000, -7.848
34.54, -0.8000, -8.163
34.55, -0.8000, -6.395
34.56, -0.8000, -7.771
34.57, -0.8000, -7.256
34.58, -0.8000, -6.287
34.59, -0.8000, -8.363
34.60, -0.8000, -7.159
34.61, -0.8000, -7.471
34.62, -0.8000, -6.995
34.63, -0.8000, -7.288
34.64, -0.8000, -7.964
34.65, -0.8000, -6.885
34.66, -0.8000, -6.798
34.67, -0.8000, -8.219
34.68, -0.8000, -8.172
34.69, -0.8000, -7.394
34.70, -0.8000, -6.813
34.71, -0.8000, -5.978
34.72, -0.8000, -7.041
34.73, -0.8000, -8.850
34.74, -0.8000, -6.252
34.75, -0.8000, -7.314
34.76, -0.8000, -7.230
34.77, -0.8000, -6.908
34.78, -0.8000, -6.715
34.79, -0.8000, -7.225
34.80, -0.8000, -6.691
34.81, -0.8000, -6.825
34.82, -0.8000, -8.594
34.83, -0.8000, -6.050
34.84, -0.8000, -6.575
34.85, -0.8000, -7.603
34.86, -0.8000, -8.701
34.87, -0.8000, -6.949
34.88, -0.8000, -7.579
34.89, -0.8000, -7.425
34.90, -0.8000, -7.554
34.91, -0.8000, -8.252
34.92, -0.8000, -7.499
34.93, -0.8000, -6.725
34.94, -0.8000, -7.782
34.95, -0.8000, -8.632
34.96, -0.8000, -8.427
34.97, -0.8000, -6.130
34.98, -0.8000, -8.239
34.99, -0.8000, -7.442
35.00, -0.8000, -7.913
35.01, -0.8000, -6.943
35.02, -0.8000, -6.521
35.03, -0.8000, -8.250
35.04, -0.8000, -8.435
35.05, -0.8000, -6.726
35.06, -0.8000, -7.160
35.07, -0.8000, -6.625
35.08, -0.8000, -7.309
35.09, -0.8000, -6.907
35.10, -0.8000, -5.893
35.11, -0.8000, -9.302
35.12, -0.8000, -7.645
35.13, -0.8000, -6.120
35.14, -0.8000, -8.170
35.15, -0.8000, -6.834
35.16, -0.8000, -7.513
35.17, -0.8000, -7.049
35.18, -0.8000, -6.027
35.19, -0.8000, -7.185
35.20, -0.8000, -8.060
35.21, -0.8000, -7.841
35.22, -0.8000, -7.450
35.23, -0.8000, -6.258
35.24, -0.8000, -7.702
35.25, -0.8000, -7.768
35.26, -0.8000, -6.811
35.27, -0.8000, -7.473
35.28, -0.8000, -6.238
35.29, -0.8000, -8.173
35.30, -0.8000, -9.015
35.31, -0.8000, -6.684
35.32, -0.8000, -7.278
35.33, -0.8000, -7.317
35.34, -0.8000, -8.132
35.35, -0.8000, -6.071
35.36, -0.8000, -7.677
35.37, -0.8000, -6.835
35.38, -0.8000, -7.326
35.39, -0.8000, -8.699
35.40, -0.8000, -7.457
35.41, -0.8000, -6.586
35.42, -0.8000, -7.427
35.43, -0.8000, -8.316
35.44, -0.8000, -7.588
35.45, -0.8000, -7.320
35.46, -0.8000, -7.101
35.47, -0.8000, -6.326
35.48, -0.8000, -8.685
35.49, -0.8000, -5.995
35.50, -0.8000, -8.658
35.51, -0.8000, -8.573
35.52, -0.8000, -7.170
35.53, -0.8000, -7.076
35.54, -0.8000, -6.181
35.55, -0.8000, -7.141
35.56, -0.8000, -6.748
35.57, -0.8000, -7.970
35.58, -0.8000, -6.809
35.59, -0.8000, -5.403
35.60, -0.8000, -7.567
35.61, -0.8000, -8.057
35.62, -0.8000, -6.793
35.63, -0.8000, -7.259
35.64, -0.8000, -5.971
35.65, -0.8000, -7.352
35.66, -0.8000, -9.167
35.67, -0.8000, -7.344
35.68, -0.8000, -7.423
35.69, -0.8000, -8.648
35.70, -0.8000, -8.247
35.71, -0.8000, -7.619
35.72, -0.8000, -8.046
35.73, -0.8000, -6.344
35.74, -0.8000, -7.112
35.75, -0.8000, -7.063
35.76, -0.8000, -7.339
35.77, -0.8000, -8.164
35.78, -0.8000, -5.537
35.79, -0.8000, -7.438
35.80, -0.8000, -8.587
35.81, -0.8000, -7.981
35.82, -0.8000, -7.402
35.83, -0.8000, -6.240
35.84, -0.8000, -7.398
35.85, -0.8000, -7.964
35.86, -0.8000, -6.443
35.87, -0.8000, -6.654
35.88, -0.8000, -6.388
35.89, -0.8000, -8.082
35.90, -0.8000, -8.466
35.91, -0.8000, -8.835
35.92, -0.8000, -6.100
35.93, -0.8000, -8.166
35.94, -0.8000, -6.480
35.95, -0.8000, -6.512
35.96, -0.8000, -6.466
35.97, -0.8000, -7.640
35.98, -0.8000, -8.003
35.99, -0.8000, -6.680
36.00, -0.8000, -6.990
36.01, -0.8000, -7.002
36.02, -0.8000, -7.676
36.03, -0.8000, -7.564
36.04, -0.8000, -6.875
36.05, -0.8000, -6.412
36.06, -0.8000, -7.275
36.07, -0.8000, -6.911
36.08, -0.8000, -7.261
36.09, -0.8000, -7.853
36.10, -0.8000, -7.125
36.11, -0.8000, -7.198
36.12, -0.8000, -7.131
36.13, -0.8000, -7.459
36.14, -0.8000, -6.756
36.15, -0.8000, -7.321
36.16, -0.8000, -7.502
36.17, -0.8000, -6.870
36.18, -0.8000, -8.221
36.19, -0.8000, -7.680
36.20, -0.8000, -8.771
36.21, -0.8000, -6.321
36.22, -0.8000, -7.708
36.23, -0.8000, -7.448
36.24, -0.8000, -6.612
36.25, -0.8000, -6.657
36.26, -0.8000, -7.652
36.27, -0.8000, -6.800
36.28, -0.8000, -7.285
36.29, -0.8000, -6.874
36.30, -0.8000, -6.810
36.31, -0.8000, -6.665
36.32, -0.8000, -7.260
36.33, -0.8000, -7.017
36.34, -0.8000, -7.171
36.35, -0.8000, -7.055
36.36, -0.8000, -8.472
36.37, -0.8000, -9.245
36.38, -0.8000, -6.831
36.39, -0.8000, -8.087
36.40, -0.8000, -7.291
36.41, -0.8000, -7.791
36.42, -0.8000, -7.172
36.43, -0.8000, -7.257
36.44, -0.8000, -7.752
36.45, -0.8000, -6.335
36.46, -0.8000, -8.370
36.47, -0.8000, -7.202
36.48, -0.8000, -6.919
36.49, -0.8000, -6.115
36.50, -0.8000, -8.119
36.51, -0.8000, -7.945
36.52, -0.8000, -7.147
36.53, -0.8000, -8.079
36.54, -0.8000, -6.346
36.55, -0.8000, -7.295
36.56, -0.8000, -7.846
36.57, -0.8000, -6.888
36.58, -0.8000, -7.028
36.59, -0.8000, -7.684
36.60, -0.8000, -6.918
36.61, -0.8000, -7.678
36.62, -0.8000, -7.172
36.63, -0.8000, -7.641
36.64, -0.8000, -8.820
36.65, -0.8000, -6.524
36.66, -0.8000, -6.621
36.67, -0.8000, -7.203
36.68, -0.8000, -6.683
36.69, -0.8000, -8.214
36.70, -0.8000, -6.565
36.71, -0.8000, -8.036
36.72, -0.8000, -8.033
36.73, -0.8000, -6.875
36.74, -0.8000, -6.178
36.75, -0.8000, -6.046
36.76, -0.8000, -5.974
36.77, -0.8000, -6.679
36.78, -0.8000, -7.495
36.79, -0.8000, -7.151
36.80, -0.8000, -7.796
36.81, -0.8000, -6.994
36.82, -0.8000, -6.718
36.83, -0.8000, -6.965
36.84, -0.8000, -7.291
36.85, -0.8000, -7.981
36.86, -0.8000, -7.012
36.87, -0.8000, -8.046
36.88, -0.8000, -7.532
36.89, -0.8000, -7.537
36.90, -0.8000, -7.610
36.91, -0.8000, -8.694
36.92, -0.8000, -8.293
36.93, -0.8000, -7.736
36.94, -0.8000, -6.768
36.95, -0.8000, -7.342
36.96, -0.8000, -7.696
36.97, -0.8000, -7.211
36.98, -0.8000, -7.878
36.99, -0.8000, -7.422
37.00, -0.8000, -7.227
37.01, -0.8000, -7.283
37.02, -0.8000, -8.297
37.03, -0.8000, -6.390
37.04, -0.8000, -7.272
37.05, -0.8000, -8.040
37.06, -0.8000, -6.528
37.07, -0.8000, -7.835
37.08, -0.8000, -6.315
37.09, -0.8000, -7.303
37.10, -0.8000, -7.104
37.11, -0.8000, -6.751
37.12, -0.8000, -6.545
37.13, -0.8000, -6.530
37.14, -0.8000, -7.151
37.15, -0.8000, -7.581
37.16, -0.8000, -7.581
37.17, -0.8000, -7.489
37.18, -0.8000, -7.878
37.19, -0.8000, -7.584
37.20, -0.8000, -7.382
37.21, -0.8000, -7.185
37.22, -0.8000, -6.784
37.23, -0.8000, -8.068
37.24, -0.8000, -8.036
37.25, -0.8000, -6.346
37.26, -0.8000, -7.079
37.27, -0.8000, -7.226
37.28, -0.8000, -7.257
37.29, -0.8000, -8.152
37.30, -0.8000, -6.532
37.31, -0.8000, -7.048
37.32, -0.8000, -7.527
37.33, -0.8000, -7.320
37.34, -0.8000, -6.589
37.35, -0.8000, -6.515
37.36, -0.8000, -6.735
37.37, -0.8000, -7.712
37.38, -0.8000, -6.848
37.39, -0.8000, -7.376
37.40, -0.8000, -7.786
37.41, -0.8000, -7.808
37.42, -0.8000, -7.099
37.43, -0.8000, -8.813
37.44, -0.8000, -7.377
37.45, -0.8000, -7.189
37.46, -0.8000, -8.150
37.47, -0.8000, -7.141
37.48, -0.8000, -7.166
37.49, -0.8000, -7.319
37.50, -0.8000, -7.000
37.51, -0.8000, -7.891
37.52, -0.8000, -7.659
37.53, -0.8000, -6.989
37.54, -0.8000, -7.256
37.55, -0.8000, -7.318
37.56, -0.8000, -7.466
37.57, -0.8000, -5.967
37.58, -0.8000, -7.449
37.59, -0.8000, -7.316
37.60, -0.8000, -6.881
37.61, -0.8000, -7.809
37.62, -0.8000, -6.360
37.63, -0.8000, -6.436
37.64, -0.8000, -8.417
37.65, -0.8000, -7.736
37.66, -0.8000, -7.177
37.67, -0.8000, -6.979
37.68, -0.8000, -8.448
37.69, -0.8000, -6.226
37.70, -0.8000, -7.409
37.71, -0.8000, -6.394
37.72, -0.8000, -7.487
37.73, -0.8000, -6.557
37.74, -0.8000, -7.749
37.75, -0.8000, -7.224
37.76, -0.8000, -6.708
37.77, -0.8000, -6.675
37.78, -0.8000, -6.915
37.79, -0.8000, -7.347
37.80, -0.8000, -7.385
37.81, -0.8000, -7.307
37.82, -0.8000, -6.444
37.83, -0.8000, -6.570
37.84, -0.8000, -7.163
37.85, -0.8000, -6.491
37.86, -0.8000, -7.168
37.87, -0.8000, -6.994
37.88, -0.8000, -7.318
37.89, -0.8000, -6.316
37.90, -0.8000, -6.978
37.91, -0.8000, -7.390
37.92, -0.8000, -8.180
37.93, -0.8000, -6.835
37.94, -0.8000, -7.060
37.95, -0.8000, -7.376
37.96, -0.8000, -7.571
37.97, -0.8000, -7.753
37.98, -0.8000, -7.358
37.99, -0.8000, -7.015
38.00, -0.8000, -7.052
38.01, -0.8000, -8.066
38.02, -0.8000, -6.749
38.03, -0.8000, -6.861
38.04, -0.8000, -7.598
38.05, -0.8000, -7.729
38.06, -0.8000, -5.906
38.07, -0.8000, -6.659
38.08, -0.8000, -7.070
38.09, -0.8000, -7.618
38.10, -0.8000, -7.660
38.11, -0.8000, -6.955
38.12, -0.8000, -6.796
38.13, -0.8000, -7.629
38.14, -0.8000, -7.090
38.15, -0.8000, -6.665
38.16, -0.8000, -7.000
38.17, -0.8000, -7.046
38.18, -0.8000, -7.301
38.19, -0.8000, -6.887
38.20, -0.8000, -7.179
38.21, -0.8000, -7.087
38.22, -0.8000, -7.428
38.23, -0.8000, -9.069
38.24, -0.8000, -6.377
38.25, -0.8000, -7.917
38.26, -0.8000, -6.748
38.27, -0.8000, -7.135
38.28, -0.8000, -7.617
38.29, -0.8000, -7.835
38.30, -0.8000, -6.291
38.31, -0.8000, -7.322
38.32, -0.8000, -7.726
38.33, -0.8000, -6.571
38.34, -0.8000, -7.238
38.35, -0.8000, -7.098
38.36, -0.8000, -6.602
38.37, -0.8000, -7.165
38.38, -0.8000, -6.846
38.39, -0.8000, -6.154
38.40, -0.8000, -7.546
38.41, -0.8000, -7.439
38.42, -0.8000, -7.591
38.43, -0.8000, -6.992
38.44, -0.8000, -6.597
38.45, -0.8000, -7.748
38.46, -0.8000, -7.135
38.47, -0.8000, -7.341
38.48, -0.8000, -7.557
38.49, -0.8000, -7.863
38.50, -0.8000, -6.733
38.51, -0.8000, -7.129
38.52, -0.8000, -7.927
38.53, -0.8000, -5.865
38.54, -0.8000, -6.080
38.55, -0.8000, -6.775
38.56, -0.8000, -6.008
38.57, -0.8000, -6.974
38.58, -0.8000, -7.577
38.59, -0.8000, -6.639
38.60, -0.8000, -6.943
38.61, -0.8000, -6.171
38.62, -0.8000, -7.260
38.63, -0.8000, -7.859
38.64, -0.8000, -6.957
38.65, -0.8000, -6.404
38.66, -0.8000, -6.589
38.67, -0.8000, -8.155
38.68, -0.8000, -5.746
38.69, -0.8000, -6.629
38.70, -0.8000, -7.772
38.71, -0.8000, -5.996
38.72, -0.8000, -6.855
38.73, -0.8000, -7.285
38.74, -0.8000, -7.403
38.75, -0.8000, -7.165
38.76, -0.8000, -7.860
38.77, -0.8000, -6.528
38.78, -0.8000, -9.016
38.79, -0.8000, -5.790
38.80, -0.8000, -6.796
38.81, -0.8000, -7.350
38.82, -0.8000, -7.516
38.83, -0.8000, -6.683
38.84, -0.8000, -7.665
38.85, -0.8000, -6.468
38.86, -0.8000, -6.126
38.87, -0.8000, -6.930
38.88, -0.8000, -7.801
38.89, -0.8000, -7.021
38.90, -0.8000, -7.296
38.91, -0.8000, -6.567
38.92, -0.8000, -7.783
38.93, -0.8000, -7.952
38.94, -0.8000, -6.518
38.95, -0.8000, -7.541
38.96, -0.8000, -7.161
38.97, -0.8000, -7.249
38.98, -0.8000, -7.083
38.99, -0.8000, -6.639
39.00, -0.8000, -7.506
39.01, -0.8000, -7.820
39.02, -0.8000, -7.183
39.03, -0.8000, -6.073
39.04, -0.8000, -6.226
39.05, -0.8000, -9.111
39.06, -0.8000, -6.451
39.07, -0.8000, -7.003
39.08, -0.8000, -7.559
39.09, -0.8000, -7.580
39.10, -0.8000, -7.596
39.11, -0.8000, -7.886
39.12, -0.8000, -6.489
39.13, -0.8000, -7.016
39.14, -0.8000, -6.550
39.15, -0.8000, -6.378
39.16, -0.8000, -7.436
39.17, -0.8000, -7.009
39.18, -0.8000, -6.684
39.19, -0.8000, -5.937
39.20, -0.8000, -7.048
39.21, -0.8000, -7.404
39.22, -0.8000, -7.613
39.23, -0.8000, -6.342
39.24, -0.8000, -6.316
39.25, -0.8000, -7.127
39.26, -0.8000, -7.609
39.27, -0.8000, -7.806
39.28, -0.8000, -6.218
39.29, -0.8000, -8.067
39.30, -0.8000, -7.098
39.31, -0.8000, -7.317
39.32, -0.8000, -6.755
39.33, -0.8000, -7.372
39.34, -0.8000, -7.283
39.35, -0.8000, -7.429
39.36, -0.8000, -7.357
39.37, -0.8000, -6.926
39.38, -0.8000, -6.546
39.39, -0.8000, -7.162
39.40, -0.8000, -7.206
39.41, -0.8000, -5.923
39.42, -0.8000, -6.073
39.43, -0.8000, -8.053
39.44, -0.8000, -6.567
39.45, -0.8000, -8.216
39.46, -0.8000, -6.524
39.47, -0.8000, -8.680
39.48, -0.8000, -5.951
39.49, -0.8000, -6.141
39.50, -0.8000, -7.258
39.51, -0.8000, -7.697
39.52, -0.8000, -6.083
39.53, -0.8000, -5.388
39.54, -0.8000, -6.629
39.55, -0.8000, -7.006
39.56, -0.8000, -5.921
39.57, -0.8000, -6.840
39.58, -0.8000, -7.520
39.59, -0.8000, -7.647
39.60, -0.8000, -7.379
39.61, -0.8000, -7.043
39.62, -0.8000, -6.921
39.63, -0.8000, -8.243
39.64, -0.8000, -7.776
39.65, -0.8000, -6.785
39.66, -0.8000, -7.102
39.67, -0.8000, -8.551
39.68, -0.8000, -5.853
39.69, -0.8000, -6.886
39.70, -0.8000, -7.179
39.71, -0.8000, -7.220
39.72, -0.8000, -6.674
39.73, -0.8000, -6.010
39.74, -0.8000, -7.197
39.75, -0.8000, -7.809
39.76, -0.8000, -6.365
39.77, -0.8000, -6.672
39.78, -0.8000, -6.252
39.79, -0.8000, -8.169
39.80, -0.8000, -7.096
39.81, -0.8000, -7.574
39.82, -0.8000, -7.081
39.83, -0.8000, -6.717
39.84, -0.8000, -7.484
39.85, -0.8000, -7.594
39.86, -0.8000, -8.210
39.87, -0.8000, -7.138
39.88, -0.8000, -6.905
39.89, -0.8000, -6.869
39.90, -0.8000, -7.602
39.91, -0.8000, -7.630
39.92, -0.8000, -6.986
39.93, -0.8000, -6.425
39.94, -0.8000, -6.247
39.95, -0.8000, -7.060
39.96, -0.8000, -6.104
39.97, -0.8000, -7.867
39.98, -0.8000, -7.662
39.99, -0.8000, -7.673
40.00, -0.8000, -6.342
40.01, -0.8000, -6.308
40.02, -0.8000, -7.844
40.03, -0.8000, -7.463
40.04, -0.8000, -6.358
40.05, -0.8000, -6.702
40.06, -0.8000, -6.560
40.07, -0.8000, -7.061
40.08, -0.8000, -7.236
40.09, -0.8000, -7.446
40.10, -0.8000, -6.624
40.11, -0.8000, -6.340
40.12, -0.8000, -7.573
40.13, -0.8000, -6.925
40.14, -0.8000, -7.189
40.15, -0.8000, -6.551
40.16, -0.8000, -6.511
40.17, -0.8000, -6.014
40.18, -0.8000, -7.490
40.19, -0.8000, -7.776
40.20, -0.8000, -6.773
40.21, -0.8000, -7.306
40.22, -0.8000, -7.545
40.23, -0.8000, -7.133
40.24, -0.8000, -6.043
40.25, -0.8000, -6.012
40.26, -0.8000, -5.797
40.27, -0.8000, -6.865
40.28, -0.8000, -5.517
40.29, -0.8000, -6.540
40.30, -0.8000, -6.507
40.31, -0.8000, -7.846
40.32, -0.8000, -6.965
40.33, -0.8000, -6.285
40.34, -0.8000, -7.605
40.35, -0.8000, -7.224
40.36, -0.8000, -6.495
40.37, -0.8000, -6.528
40.38, -0.8000, -7.119
40.39, -0.8000, -7.741
40.40, -0.8000, -6.477
40.41, -0.8000, -6.221
40.42, -0.8000, -6.911
40.43, -0.8000, -7.841
40.44, -0.8000, -8.012
40.45, -0.8000, -5.768
40.46, -0.8000, -6.749
40.47, -0.8000, -7.861
40.48, -0.8000, -6.003
40.49, -0.8000, -6.254
40.50, -0.8000, -6.451
40.51, -0.8000, -7.302
40.52, -0.8000, -5.143
40.53, -0.8000, -6.456
40.54, -0.8000, -7.128
40.55, -0.8000, -6.648
40.56, -0.8000, -6.577
40.57, -0.8000, -6.859
40.58, -0.8000, -7.440
40.59, -0.8000, -6.623
40.60, -0.8000, -6.427
40.61, -0.8000, -6.577
40.62, -0.8000, -7.878
40.63, -0.8000, -7.703
40.64, -0.8000, -5.514
40.65, -0.8000, -8.392
40.66, -0.8000, -6.855
40.67, -0.8000, -7.177
40.68, -0.8000, -7.136
40.69, -0.8000, -7.629
40.70, -0.8000, -7.539
40.71, -0.8000, -6.021
40.72, -0.8000, -8.725
40.73, -0.8000, -6.348
40.74, -0.8000, -7.867
40.75, -0.8000, -6.945
40.76, -0.8000, -7.363
40.77, -0.8000, -6.956
40.78, -0.8000, -6.839
40.79, -0.8000, -6.965
40.80, -0.8000, -6.202
40.81, -0.8000, -7.451
40.82, -0.8000, -6.914
40.83, -0.8000, -6.500
40.84, -0.8000, -7.615
40.85, -0.8000, -5.970
40.86, -0.8000, -7.830
40.87, -0.8000, -6.932
40.88, -0.8000, -7.391
40.89, -0.8000, -7.287
40.90, -0.8000, -6.593
40.91, -0.8000, -7.261
40.92, -0.8000, -6.484
40.93, -0.8000, -6.582
40.94, -0.8000, -5.871
40.95, -0.8000, -6.878
40.96, -0.8000, -7.362
40.97, -0.8000, -7.554
40.98, -0.8000, -7.591
40.99, -0.8000, -8.057
41.00, -0.8000, -7.863
41.01, -0.8000, -6.416
41.02, -0.8000, -7.357
41.03, -0.8000, -6.799
41.04, -0.8000, -7.822
41.05, -0.8000, -6.190
41.06, -0.8000, -6.690
41.07, -0.8000, -6.649
41.08, -0.8000, -7.162
41.09, -0.8000, -5.535
41.10, -0.8000, -5.998
41.11, -0.8000, -7.777
41.12, -0.8000, -7.524
41.13, -0.8000, -6.443
41.14, -0.8000, -6.458
41.15, -0.8000, -6.875
41.16, -0.8000, -6.102
41.17, -0.8000, -6.699
41.18, -0.8000, -5.688
41.19, -0.8000, -7.771
41.20, -0.8000, -6.934
41.21, -0.8000, -6.443
41.22, -0.8000, -7.131
41.23, -0.8000, -5.932
41.24, -0.8000, -6.687
41.25, -0.8000, -7.131
41.26, -0.8000, -5.973
41.27, -0.8000, -7.411
41.28, -0.8000, -6.264
41.29, -0.8000, -6.120
41.30, -0.8000, -7.043
41.31, -0.8000, -6.557
41.32, -0.8000, -5.979
41.33, -0.8000, -8.237
41.34, -0.8000, -6.742
41.35, -0.8000, -6.359
41.36, -0.8000, -5.754
41.37, -0.8000, -6.141
41.38, -0.8000, -6.822
41.39, -0.8000, -7.669
41.40, -0.8000, -6.665
41.41, -0.8000, -7.344
41.42, -0.8000, -6.911
41.43, -0.8000, -7.157
41.44, -0.8000, -6.361
41.45, -0.8000, -7.274
41.46, -0.8000, -6.409
41.47, -0.8000, -6.793
41.48, -0.8000, -7.753
41.49, -0.8000, -6.421
41.50, -0.8000, -6.637
41.51, -0.8000, -7.305
41.52, -0.8000, -6.981
41.53, -0.8000, -7.294
41.54, -0.8000, -6.718
41.55, -0.8000, -6.905
41.56, -0.8000, -7.754
41.57, -0.8000, -7.956
41.58, -0.8000, -7.266
41.59, -0.8000, -7.467
41.60, -0.8000, -6.429
41.61, -0.8000, -8.081
41.62, -0.8000, -5.117
41.63, -0.8000, -6.837
41.64, -0.8000, -8.055
41.65, -0.8000, -6.823
41.66, -0.8000, -5.912
41.67, -0.8000, -6.877
41.68, -0.8000, -6.043
41.69, -0.8000, -7.060
41.70, -0.8000, -6.774
41.71, -0.8000, -6.903
41.72, -0.8000, -6.258
41.73, -0.8000, -6.710
41.74, -0.8000, -7.753
41.75, -0.8000, -6.355
41.76, -0.8000, -6.358
41.77, -0.8000, -7.241
41.78, -0.8000, -7.188
41.79, -0.8000, -8.028
41.80, -0.8000, -6.419
41.81, -0.8000, -8.168
41.82, -0.8000, -7.531
41.83, -0.8000, -7.824
41.84, -0.8000, -5.942
41.85, -0.8000, -6.033
41.86, -0.8000, -7.950
41.87, -0.8000, -7.042
41.88, -0.8000, -6.185
41.89, -0.8000, -7.626
41.90, -0.8000, -6.801
41.91, -0.8000, -6.878
41.92, -0.8000, -8.167
41.93, -0.8000, -6.773
41.94, -0.8000, -5.161
41.95, -0.8000, -7.501
41.96, -0.8000, -8.188
41.97, -0.8000, -5.412
41.98, -0.8000, -6.936
41.99, -0.8000, -6.142
42.00, -0.8000, -6.980
42.01, -0.8000, -6.151
42.02, -0.8000, -6.680
42.03, -0.8000, -6.923
42.04, -0.8000, -8.008
42.05, -0.8000, -6.410
42.06, -0.8000, -6.607
42.07, -0.8000, -7.487
42.08, -0.8000, -5.989
42.09, -0.8000, -7.979
42.10, -0.8000, -7.040
42.11, -0.8000, -7.898
42.12, -0.8000, -6.282
42.13, -0.8000, -6.464
42.14, -0.8000, -8.109
42.15, -0.8000, -6.949
42.16, -0.8000, -6.125
42.17, -0.8000, -6.693
42.18, -0.8000, -6.517
42.19, -0.8000, -7.374
42.20, -0.8000, -6.384
42.21, -0.8000, -6.961
42.22, -0.8000, -7.912
42.23, -0.8000, -7.623
42.24, -0.8000, -6.765
42.25, -0.8000, -6.741
42.26, -0.8000, -5.120
42.27, -0.8000, -7.603
42.28, -0.8000, -7.087
42.29, -0.8000, -6.069
42.30, -0.8000, -6.797
42.31, -0.8000, -7.304
42.32, -0.8000, -7.855
42.33, -0.8000, -6.260
42.34, -0.8000, -6.814
42.35, -0.8000, -7.614
42.36, -0.8000, -6.071
42.37, -0.8000, -7.365
42.38, -0.8000, -5.211
42.39, -0.8000, -6.588
42.40, -0.8000, -6.326
42.41, -0.8000, -8.891
42.42, -0.8000, -7.067
42.43, -0.8000, -6.640
42.44, -0.8000, -7.575
42.45, -0.8000, -6.763
42.46, -0.8000, -7.250
42.47, -0.8000, -7.514
42.48, -0.8000, -7.306
42.49, -0.8000, -7.383
42.50, -0.8000, -5.757
42.51, -0.8000, -7.382
42.52, -0.8000, -6.216
42.53, -0.8000, -7.422
42.54, -0.8000, -6.332
42.55, -0.8000, -7.189
42.56, -0.8000, -6.449
42.57, -0.8000, -6.582
42.58, -0.8000, -7.399
42.59, -0.8000, -6.283
42.60, -0.8000, -7.165
42.61, -0.8000, -7.206
42.62, -0.8000, -6.731
42.63, -0.8000, -7.712
42.64, -0.8000, -8.647
42.65, -0.8000, -7.256
42.66, -0.8000, -7.128
42.67, -0.8000, -7.953
42.68, -0.8000, -7.364
42.69, -0.8000, -6.900
42.70, -0.8000, -6.920
42.71, -0.8000, -6.538
42.72, -0.8000, -5.905
42.73, -0.8000, -7.190
42.74, -0.8000, -6.853
42.75, -0.8000, -8.005
42.76, -0.8000, -8.001
42.77, -0.8000, -6.787
42.78, -0.8000, -6.141
42.79, -0.8000, -7.393
42.80, -0.8000, -7.591
42.81, -0.8000, -6.377
42.82, -0.8000, -5.693
42.83, -0.8000, -6.836
42.84, -0.8000, -7.011
42.85, -0.8000, -5.931
42.86, -0.8000, -6.283
42.87, -0.8000, -7.656
42.88, -0.8000, -7.040
42.89, -0.8000, -6.817
42.90, -0.8000, -6.695
42.91, -0.8000, -6.647
42.92, -0.8000, -8.961
42.93, -0.8000, -6.714
42.94, -0.8000, -6.860
42.95, -0.8000, -7.645
42.96, -0.8000, -7.199
42.97, -0.8000, -7.247
42.98, -0.8000, -5.995
42.99, -0.8000, -7.050
43.00, -0.8000, -6.978
43.01, -0.8000, -6.635
43.02, -0.8000, -5.792
43.03, -0.8000, -7.031
43.04, -0.8000, -6.139
43.05, -0.8000, -5.704
43.06, -0.8000, -6.243
43.07, -0.8000, -6.285
43.08, -0.8000, -7.284
43.09, -0.8000, -6.392
43.10, -0.8000, -6.611
43.11, -0.8000, -6.594
43.12, -0.8000, -7.028
43.13, -0.8000, -7.281
43.14, -0.8000, -7.092
43.15, -0.8000, -6.729
43.16, -0.8000, -9.442
43.17, -0.8000, -7.257
43.18, -0.8000, -6.854
43.19, -0.8000, -6.449
43.20, -0.8000, -6.966
43.21, -0.8000, -7.132
43.22, -0.8000, -6.747
43.23, -0.8000, -6.903
43.24, -0.8000, -6.552
43.25, -0.8000, -6.895
43.26, -0.8000, -7.231
43.27, -0.8000, -6.705
43.28, -0.8000, -8.061
43.29, -0.8000, -6.136
43.30, -0.8000, -5.950
43.31, -0.8000, -7.886
43.32, -0.8000, -7.011
43.33, -0.8000, -7.213
43.34, -0.8000, -6.148
43.35, -0.8000, -6.801
43.36, -0.8000, -6.852
43.37, -0.8000, -7.113
43.38, -0.8000, -6.323
43.39, -0.8000, -7.435
43.40, -0.8000, -6.409
43.41, -0.8000, -7.155
43.42, -0.8000, -6.345
43.43, -0.8000, -7.608
43.44, -0.8000, -7.629
43.45, -0.8000, -8.961
43.46, -0.8000, -7.534
43.47, -0.8000, -7.321
43.48, -0.8000, -5.804
43.49, -0.8000, -6.260
43.50, -0.8000, -5.783
43.51, -0.8000, -6.503
43.52, -0.8000, -7.483
43.53, -0.8000, -6.646
43.54, -0.8000, -7.313
43.55, -0.8000, -5.612
43.56, -0.8000, -6.930
43.57, -0.8000, -6.625
43.58, -0.8000, -8.290
43.59, -0.8000, -6.025
43.60, -0.8000, -6.876
43.61, -0.8000, -7.440
43.62, -0.8000, -6.781
43.63, -0.8000, -6.354
43.64, -0.8000, -6.309
43.65, -0.8000, -6.443
43.66, -0.8000, -7.216
43.67, -0.8000, -7.718
43.68, -0.8000, -6.635
43.69, -0.8000, -7.237
43.70, -0.8000, -7.269
43.71, -0.8000, -8.400
43.72, -0.8000, -7.570
43.73, -0.8000, -6.861
43.74, -0.8000, -6.157
43.75, -0.8000, -6.900
43.76, -0.8000, -6.806
43.77, -0.8000, -6.310
43.78, -0.8000, -6.424
43.79, -0.8000, -6.180
43.80, -0.8000, -5.901
43.81, -0.8000, -6.340
43.82, -0.8000, -6.686
43.83, -0.8000, -8.838
43.84, -0.8000, -6.982
43.85, -0.8000, -6.408
43.86, -0.8000, -6.440
43.87, -0.8000, -6.893
43.88, -0.8000, -7.631
43.89, -0.8000, -6.800
43.90, -0.8000, -7.272
43.91, -0.8000, -6.157
43.92, -0.8000, -7.483
43.93, -0.8000, -6.221
43.94, -0.8000, -6.580
43.95, -0.8000, -7.649
43.96, -0.8000, -6.485
43.97, -0.8000, -6.568
43.98, -0.8000, -6.027
43.99, -0.8000, -6.131
44.00, -0.8000, -7.235
44.01, -0.8000, -6.516
44.02, -0.8000, -5.101
44.03, -0.8000, -6.231
44.04, -0.8000, -6.438
44.05, -0.8000, -6.880
44.06, -0.8000, -6.269
44.07, -0.8000, -7.017
44.08, -0.8000, -7.432
44.09, -0.8000, -7.530
44.10, -0.8000, -5.801
44.11, -0.8000, -7.529
44.12, -0.8000, -6.143
44.13, -0.8000, -7.794
44.14, -0.8000, -5.949
44.15, -0.8000, -6.826
44.16, -0.8000, -6.382
44.17, -0.8000, -7.381
44.18, -0.8000, -5.929
44.19, -0.8000, -6.413
44.20, -0.8000, -7.373
44.21, -0.8000, -6.905
44.22, -0.8000, -8.025
44.23, -0.8000, -6.382
44.24, -0.8000, -6.936
44.25, -0.8000, -6.110
44.26, -0.8000, -7.515
44.27, -0.8000, -5.501
44.28, -0.8000, -6.634
44.29, -0.8000, -6.442
44.30, -0.8000, -7.276
44.31, -0.8000, -7.410
44.32, -0.8000, -5.909
44.33, -0.8000, -6.626
44.34, -0.8000, -8.038
44.35, -0.8000, -7.423
44.36, -0.8000, -6.274
44.37, -0.8000, -6.916
44.38, -0.8000, -7.048
44.39, -0.8000, -7.040
44.40, -0.8000, -6.243
44.41, -0.8000, -7.006
44.42, -0.8000, -6.607
44.43, -0.8000, -7.495
44.44, -0.8000, -7.298
44.45, -0.8000, -7.610
44.46, -0.8000, -6.884
44.47, -0.8000, -7.034
44.48, -0.8000, -6.548
44.49, -0.8000, -6.959
44.50, -0.8000, -7.677
44.51, -0.8000, -6.550
44.52, -0.8000, -6.998
44.53, -0.8000, -6.291
44.54, -0.8000, -5.664
44.55, -0.8000, -6.424
44.56, -0.8000, -6.571
44.57, -0.8000, -6.917
44.58, -0.8000, -5.634
44.59, -0.8000, -6.418
44.60, -0.8000, -6.694
44.61, -0.8000, -7.344
44.62, -0.8000, -6.671
44.63, -0.8000, -6.746
44.64, -0.8000, -8.088
44.65, -0.8000, -6.810
44.66, -0.8000, -6.834
44.67, -0.8000, -5.636
44.68, -0.8000, -6.561
44.69, -0.8000, -6.606
44.70, -0.8000, -7.253
44.71, -0.8000, -6.480
44.72, -0.8000, -5.855
44.73, -0.8000, -6.989
44.74, -0.8000, -7.356
44.75, -0.8000, -6.057
44.76, -0.8000, -6.382
44.77, -0.8000, -6.732
44.78, -0.8000, -6.671
44.79, -0.8000, -7.221
44.80, -0.8000, -5.740
44.81, -0.8000, -6.648
44.82, -0.8000, -7.322
44.83, -0.8000, -7.897
44.84, -0.8000, -5.779
44.85, -0.8000, -7.265
44.86, -0.8000, -7.100
44.87, -0.8000, -8.552
44.88, -0.8000, -6.591
44.89, -0.8000, -6.725
44.90, -0.8000, -6.438
44.91, -0.8000, -7.457
44.92, -0.8000, -7.337
44.93, -0.8000, -7.122
44.94, -0.8000, -7.199
44.95, -0.8000, -8.197
44.96, -0.8000, -7.118
44.97, -0.8000, -6.068
44.98, -0.8000, -6.474
44.99, -0.8000, -6.402
45.00, 0.000, -7.802
45.01, 0.001000, 154.1
45.02, 0.002000, 64.44
45.03, 0.003000, 37.53
45.04, 0.004000, 25.35
45.05, 0.005000, 18.57
45.06, 0.006000, 16.78
45.07, 0.007000, 11.18
45.08, 0.008000, 10.55
45.09, 0.009000, 7.917
45.10, 0.01000, 7.117
45.11, 0.01100, 7.518
45.12, 0.01200, 6.675
45.13, 0.01300, 4.079
45.14, 0.01400, 4.834
45.15, 0.01500, 5.944
45.16, 0.01600, 3.132
45.17, 0.01700, 4.398
45.18, 0.01800, 2.895
45.19, 0.01900, 3.262
45.20, 0.02000, 2.374
45.21, 0.02100, 3.192
45.22, 0.02200, -0.4600
45.23, 0.02300, -0.08375
45.24, 0.02400, 3.826
45.25, 0.02500, 2.186
45.26, 0.02600, 0.9599
45.27, 0.02700, 0.3329
45.28, 0.02800, 2.178
45.29, 0.02900, 3.185
45.30, 0.03000, 2.307
45.31, 0.03100, 1.392
45.32, 0.03200, 3.479
45.33, 0.03300, 0.7759
45.34, 0.03400, 1.634
45.35, 0.03500, -0.5612
45.36, 0.03600, -0.1093
45.37, 0.03700, 2.144
45.38, 0.03800, 1.246
45.39, 0.03900, 0.3978
45.40, 0.04000, 0.7845
45.41, 0.04100, 1.971
45.42, 0.04200, 0.1700
45.43, 0.04300, 0.1098
45.44, 0.04400, -0.5198
45.45, 0.04500, -2.725
45.46, 0.04600, 0.2580
45.47, 0.04700, 0.4320
45.48, 0.04800, 0.4141
45.49, 0.04900, -1.912
45.50, 0.05000, -0.09912
45.51, 0.05100, 0.9134
45.52, 0.05200, -1.189
45.53, 0.05300, -0.7391
45.54, 0.05400, -0.9164
45.55, 0.05500, 0.7951
45.56, 0.05600, -0.7847
45.57, 0.05700, -0.3410
45.58, 0.05800, -0.6233
45.59, 0.05900, -0.2728
45.60, 0.06000, -0.006316
45.61, 0.06100, -0.1115
45.62, 0.06200, -1.599
45.63, 0.06300, -1.060
45.64, 0.06400, -0.8785
45.65, 0.06500, -1.447
45.66, 0.06600, -0.3801
45.67, 0.06700, 0.1591
45.68, 0.06800, 0.9775
45.69, 0.06900, 2.128
45.70, 0.07000, -0.4348
45.71, 0.07100, 0.03334
45.72, 0.07200, 0.4618
45.73, 0.07300, -0.7797
45.74, 0.07400, 2.200
45.75, 0.07500, -0.5064
45.76, 0.07600, 2.233
45.77, 0.07700, 0.2155
45.78, 0.07800, -1.145
45.79, 0.07900, -0.8804
45.80, 0.08000, -1.177
45.81, 0.08100, 0.9552
45.82, 0.08200, 0.4908
45.83, 0.08300, -1.322
45.84, 0.08400, 0.1189
45.85, 0.08500, -0.4066
45.86, 0.08600, 0.6424
45.87, 0.08700, -0.7557
45.88, 0.08800, -1.462
45.89, 0.08900, -0.7404
45.90, 0.09000, 0.1656
45.91, 0.09100, 0.2245
45.92, 0.09200, 0.7572
45.93, 0.09300, -1.731
45.94, 0.09400, 0.9939
45.95, 0.09500, 0.2476
45.96, 0.09600, 0.1320
45.97, 0.09700, -0.2870
45.98, 0.09800, -0.3145
45.99, 0.09900, -2.102
46.00, 0.1000, -1.287
46.01, 0.1010, -0.5449
46.02, 0.1020, -1.791
46.03, 0.1030, 0.2217
46.04, 0.1040, 0.8361
46.05, 0.1050, 0.2796
46.06, 0.1060, -0.1522
46.07, 0.1070, 1.768
46.08, 0.1080, -0.9408
46.09, 0.1090, 0.1690
46.10, 0.1100, 0.6613
46.11, 0.1110, 1.876
46.12, 0.1120, 1.589
46.13, 0.1130, 1.139
46.14, 0.1140, 0.2143
46.15, 0.1150, 0.006580
46.16, 0.1160, 1.635
46.17, 0.1170, 0.4957
46.18, 0.1180, 2.263
46.19, 0.1190, -1.224
46.20, 0.1200, 1.320
46.21, 0.1210, 1.063
46.22, 0.1220, -0.2678
46.23, 0.1230, 0.7610
46.24, 0.1240, 0.0006610
46.25, 0.1250, 1.618
46.26, 0.1260, 0.7060
46.27, 0.1270, 0.7642
46.28, 0.1280, -0.8046
46.29, 0.1290, 1.907
46.30, 0.1300, 1.358
46.31, 0.1310, 0.2651
46.32, 0.1320, 0.6881
46.33, 0.1330, -0.1138
46.34, 0.1340, 2.319
46.35, 0.1350, 0.6590
46.36, 0.1360, 1.642
46.37, 0.1370, 1.159
46.38, 0.1380, 0.1615
46.39, 0.1390, 2.750
46.40, 0.1400, 2.081
46.41, 0.1410, 1.059
46.42, 0.1420, -1.139
46.43, 0.1430, 0.8526
46.44, 0.1440, 1.346
46.45, 0.1450, 1.226
46.46, 0.1460, -0.1617
46.47, 0.1470, -1.278
46.48, 0.1480, 3.620
46.49, 0.1490, 1.728
46.50, 0.1500, 1.194
46.51, 0.1510, 1.576
46.52, 0.1520, 2.752
46.53, 0.1530, 2.830
46.54, 0.1540, 2.141
46.55, 0.1550, 3.689
46.56, 0.1560, 2.939
46.57, 0.1570, 4.070
46.58, 0.1580, 3.367
46.59, 0.1590, 1.611
46.60, 0.1600, 3.073
46.61, 0.1610, 3.095
46.62, 0.1620, 2.672
46.63, 0.1630, 2.096
46.64, 0.1640, 1.104
46.65, 0.1650, 2.041
46.66, 0.1660, 2.758
46.67, 0.1670, 1.319
46.68, 0.1680, 0.9435
46.69, 0.1690, 2.574
46.70, 0.1700, 2.433
46.71, 0.1710, 4.625
46.72, 0.1720, 4.658
46.73, 0.1730, 3.482
46.74, 0.1740, 3.331
46.75, 0.1750, 2.628
46.76, 0.1760, 1.871
46.77, 0.1770, 3.023
46.78, 0.1780, 2.890
46.79, 0.1790, 3.699
46.80, 0.1800, 4.008
46.81, 0.1810, 2.438
46.82, 0.1820, 2.794
46.83, 0.1830, 2.856
46.84, 0.1840, 4.757
46.85, 0.1850, 4.047
46.86, 0.1860, 2.515
46.87, 0.1870, 3.543
46.88, 0.1880, 1.526
46.89, 0.1890, 3.724
46.90, 0.1900, 1.814
46.91, 0.1910, 2.423
46.92, 0.1920, 1.948
46.93, 0.1930, 2.920
46.94, 0.1940, 5.054
46.95, 0.1950, 3.658
46.96, 0.1960, 2.225
46.97, 0.1970, 4.976
46.98, 0.1980, 3.524
46.99, 0.1990, 4.147
47.00, 0.2000, 5.157
47.01, 0.2010, 3.547
47.02, 0.2020, 4.583
47.03, 0.2030, 4.827
47.04, 0.2040, 3.308
47.05, 0.2050, 3.323
47.06, 0.2060, 4.252
47.07, 0.2070, 4.895
47.08, 0.2080, 3.979
47.09, 0.2090, 4.011
47.10, 0.2100, 5.803
47.11, 0.2110, 4.582
47.12, 0.2120, 5.764
47.13, 0.2130, 4.922
47.14, 0.2140, 4.581
47.15, 0.2150, 3.621
47.16, 0.2160, 4.729
47.17, 0.2170, 3.453
47.18, 0.2180, 5.424
47.19, 0.2190, 6.051
47.20, 0.2200, 4.307
47.21, 0.2210, 6.386
47.22, 0.2220, 5.863
47.23, 0.2230, 4.922
47.24, 0.2240, 5.299
47.25, 0.2250, 5.737
47.26, 0.2260, 4.253
47.27, 0.2270, 6.442
47.28, 0.2280, 3.755
47.29, 0.2290, 6.433
47.30, 0.2300, 6.992
47.31, 0.2310, 4.729
47.32, 0.2320, 4.840
47.33, 0.2330, 5.601
47.34, 0.2340, 5.110
47.35, 0.2350, 5.577
47.36, 0.2360, 7.026
47.37, 0.2370, 5.791
47.38, 0.2380, 7.516
47.39, 0.2390, 5.984
47.40, 0.2400, 6.691
47.41, 0.2410, 6.377
47.42, 0.2420, 7.571
47.43, 0.2430, 7.943
47.44, 0.2440, 7.314
47.45, 0.2450, 7.238
47.46, 0.2460, 6.639
47.47, 0.2470, 7.245
47.48, 0.2480, 6.962
47.49, 0.2490, 6.982
47.50, 0.2500, 7.800
47.51, 0.2510, 6.306
47.52, 0.2520, 7.093
47.53, 0.2530, 7.355
47.54, 0.2540, 6.490
47.55, 0.2550, 5.084
47.56, 0.2560, 6.962
47.57, 0.2570, 6.436
47.58, 0.2580, 6.932
47.59, 0.2590, 6.999
47.60, 0.2600, 7.789
47.61, 0.2610, 7.495
47.62, 0.2620, 5.677
47.63, 0.2630, 6.969
47.64, 0.2640, 8.066
47.65, 0.2650, 7.412
47.66, 0.2660, 6.537
47.67, 0.2670, 8.153
47.68, 0.2680, 8.408
47.69, 0.2690, 7.543
47.70, 0.2700, 7.348
47.71, 0.2710, 7.344
47.72, 0.2720, 7.484
47.73, 0.2730, 8.281
47.74, 0.2740, 6.988
47.75, 0.2750, 7.638
47.76, 0.2760, 6.080
47.77, 0.2770, 8.168
47.78, 0.2780, 9.557
47.79, 0.2790, 8.866
47.80, 0.2800, 7.791
47.81, 0.2810, 8.000
47.82, 0.2820, 10.60
47.83, 0.2830, 7.575
47.84, 0.2840, 8.752
47.85, 0.2850, 9.678
47.86, 0.2860, 9.607
47.87, 0.2870, 7.796
47.88, 0.2880, 8.995
47.89, 0.2890, 9.530
47.90, 0.2900, 9.266
47.91, 0.2910, 9.661
47.92, 0.2920, 8.172
47.93, 0.2930, 9.086
47.94, 0.2940, 7.313
47.95, 0.2950, 9.748
47.96, 0.2960, 9.982
47.97, 0.2970, 9.733
47.98, 0.2980, 9.492
47.99, 0.2990, 9.805
48.00, 0.3000, 9.490
48.01, 0.3010, 10.16
48.02, 0.3020, 8.516
48.03, 0.3030, 7.937
48.04, 0.3040, 8.120
48.05, 0.3050, 9.007
48.06, 0.3060, 8.584
48.07, 0.3070, 9.936
48.08, 0.3080, 8.227
48.09, 0.3090, 11.11
48.10, 0.3100, 9.983
48.11, 0.3110, 10.49
48.12, 0.3120, 9.260
48.13, 0.3130, 9.365
48.14, 0.3140, 9.818
48.15, 0.3150, 9.816
48.16, 0.3160, 9.794
48.17, 0.3170, 9.918
48.18, 0.3180, 10.81
48.19, 0.3190, 9.424
48.20, 0.3200, 9.812
48.21, 0.3210, 9.512
48.22, 0.3220, 11.66
48.23, 0.3230, 10.44
48.24, 0.3240, 10.96
48.25, 0.3250, 9.341
48.26, 0.3260, 9.603
48.27, 0.3270, 11.92
48.28, 0.3280, 12.92
48.29, 0.3290, 10.15
48.30, 0.3300, 10.94
48.31, 0.3310, 10.56
48.32, 0.3320, 10.74
48.33, 0.3330, 11.39
48.34, 0.3340, 10.65
48.35, 0.3350, 10.68
48.36, 0.3360, 9.633
48.37, 0.3370, 11.08
48.38, 0.3380, 11.66
48.39, 0.3390, 11.02
48.40, 0.3400, 9.713
48.41, 0.3410, 11.26
48.42, 0.3420, 12.07
48.43, 0.3430, 11.50
48.44, 0.3440, 11.50
48.45, 0.3450, 11.88
48.46, 0.3460, 10.41
48.47, 0.3470, 12.53
48.48, 0.3480, 12.38
48.49, 0.3490, 12.59
48.50, 0.3500, 9.420
48.51, 0.3510, 10.80
48.52, 0.3520, 13.29
48.53, 0.3530, 12.08
48.54, 0.3540, 10.70
48.55, 0.3550, 11.40
48.56, 0.3560, 11.03
48.57, 0.3570, 10.44
48.58, 0.3580, 11.08
48.59, 0.3590, 11.51
48.60, 0.3600, 11.03
48.61, 0.3610, 13.36
48.62, 0.3620, 13.30
48.63, 0.3630, 11.82
48.64, 0.3640, 12.30
48.65, 0.3650, 11.83
48.66, 0.3660, 13.09
48.67, 0.3670, 12.18
48.68, 0.3680, 12.28
48.69, 0.3690, 12.00
48.70, 0.3700, 11.82
48.71, 0.3710, 13.52
48.72, 0.3720, 12.94
48.73, 0.3730, 11.81
48.74, 0.3740, 12.41
48.75, 0.3750, 14.16
48.76, 0.3760, 12.96
48.77, 0.3770, 12.63
48.78, 0.3780, 11.47
48.79, 0.3790, 12.45
48.80, 0.3800, 14.09
48.81, 0.3810, 12.84
48.82, 0.3820, 12.03
48.83, 0.3830, 11.48
48.84, 0.3840, 10.95
48.85, 0.3850, 13.81
48.86, 0.3860, 14.40
48.87, 0.3870, 12.54
48.88, 0.3880, 13.94
48.89, 0.3890, 11.26
48.90, 0.3900, 14.13
48.91, 0.3910, 13.38
48.92, 0.3920, 12.57
48.93, 0.3930, 11.17
48.94, 0.3940, 14.97
48.95, 0.3950, 13.15
48.96, 0.3960, 12.15
48.97, 0.3970, 12.58
48.98, 0.3980, 12.34
48.99, 0.3990, 13.32
49.00, 0.4000, 13.36
49.01, 0.4010, 13.14
49.02, 0.4020, 13.09
49.03, 0.4030, 13.97
49.04, 0.4040, 12.86
49.05, 0.4050, 14.02
49.06, 0.4060, 12.81
49.07, 0.4070, 13.72
49.08, 0.4080, 13.67
49.09, 0.4090, 14.45
49.10, 0.4100, 13.29
49.11, 0.4110, 14.05
49.12, 0.4120, 13.82
49.13, 0.4130, 14.69
49.14, 0.4140, 14.84
49.15, 0.4150, 14.36
49.16, 0.4160, 15.06
49.17, 0.4170, 15.17
49.18, 0.4180, 14.24
49.19, 0.4190, 12.86
49.20, 0.4200, 14.12
49.21, 0.4210, 14.63
49.22, 0.4220, 14.26
49.23, 0.4230, 13.24
49.24, 0.4240, 14.31
49.25, 0.4250, 14.06
49.26, 0.4260, 14.15
49.27, 0.4270, 13.19
49.28, 0.4280, 14.29
49.29, 0.4290, 14.18
49.30, 0.4300, 13.81
49.31, 0.4310, 13.82
49.32, 0.4320, 13.48
49.33, 0.4330, 15.44
49.34, 0.4340, 15.47
49.35, 0.4350, 14.50
49.36, 0.4360, 13.45
49.37, 0.4370, 13.69
49.38, 0.4380, 14.95
49.39, 0.4390, 14.86
49.40, 0.4400, 13.17
49.41, 0.4410, 13.46
49.42, 0.4420, 13.43
49.43, 0.4430, 15.95
49.44, 0.4440, 14.47
49.45, 0.4450, 13.60
49.46, 0.4460, 14.24
49.47, 0.4470, 15.61
49.48, 0.4480, 14.01
49.49, 0.4490, 15.86
49.50, 0.4500, 13.31
49.51, 0.4510, 14.75
49.52, 0.4520, 16.51
49.53, 0.4530, 15.90
49.54, 0.4540, 14.74
49.55, 0.4550, 14.42
49.56, 0.4560, 14.63
49.57, 0.4570, 15.67
49.58, 0.4580, 14.75
49.59, 0.4590, 15.47
49.60, 0.4600, 14.07
49.61, 0.4610, 15.51
49.62, 0.4620, 14.73
49.63, 0.4630, 14.86
49.64, 0.4640, 14.80
49.65, 0.4650, 15.15
49.66, 0.4660, 14.14
49.67, 0.4670, 15.95
49.68, 0.4680, 13.49
49.69, 0.4690, 15.52
49.70, 0.4700, 13.12
49.71, 0.4710, 14.08
49.72, 0.4720, 13.83
49.73, 0.4730, 14.53
49.74, 0.4740, 13.61
49.75, 0.4750, 15.29
49.76, 0.4760, 15.05
49.77, 0.4770, 15.02
49.78, 0.4780, 14.99
49.79, 0.4790, 14.78
49.80, 0.4800, 16.44
49.81, 0.4810, 15.22
49.82, 0.4820, 13.98
49.83, 0.4830, 15.50
49.84, 0.4840, 14.30
49.85, 0.4850, 17.17
49.86, 0.4860, 15.83
49.87, 0.4870, 14.45
49.88, 0.4880, 15.42
49.89, 0.4890, 15.46
49.90, 0.4900, 16.48
49.91, 0.4910, 16.64
49.92, 0.4920, 17.71
49.93, 0.4930, 16.25
49.94, 0.4940, 16.25
49.95, 0.4950, 15.53
49.96, 0.4960, 16.49
49.97, 0.4970, 16.70
49.98, 0.4980, 14.78
49.99, 0.4990, 14.18
50.00, 0.5000, 15.04
50.01, 0.5010, 13.79
50.02, 0.5020, 15.04
50.03, 0.5030, 15.78
50.04, 0.5040, 15.25
50.05, 0.5050, 14.64
50.06, 0.5060, 15.56
50.07, 0.5070, 14.60
50.08, 0.5080, 14.26
50.09, 0.5090, 16.00
50.10, 0.5100, 16.57
50.11, 0.5110, 15.67
50.12, 0.5120, 15.68
50.13, 0.5130, 14.95
50.14, 0.5140, 14.39
50.15, 0.5150, 14.12
50.16, 0.5160, 16.80
50.17, 0.5170, 15.38
50.18, 0.5180, 16.99
50.19, 0.5190, 14.17
50.20, 0.5200, 15.85
50.21, 0.5210, 16.08
50.22, 0.5220, 15.28
50.23, 0.5230, 16.09
50.24, 0.5240, 15.12
50.25, 0.5250, 17.24
50.26, 0.5260, 14.60
50.27, 0.5270, 16.67
50.28, 0.5280, 14.65
50.29, 0.5290, 13.44
50.30, 0.5300, 16.90
50.31, 0.5310, 16.46
50.32, 0.5320, 16.32
50.33, 0.5330, 15.87
50.34, 0.5340, 15.00
50.35, 0.5350, 17.17
50.36, 0.5360, 15.79
50.37, 0.5370, 16.51
50.38, 0.5380, 16.80
50.39, 0.5390, 17.08
50.40, 0.5400, 18.03
50.41, 0.5410, 17.29
50.42, 0.5420, 15.69
50.43, 0.5430, 15.14
50.44, 0.5440, 16.66
50.45, 0.5450, 16.71
50.46, 0.5460, 14.75
50.47, 0.5470, 15.38
50.48, 0.5480, 15.25
50.49, 0.5490, 15.30
50.50, 0.5500, 15.37
50.51, 0.5510, 16.93
50.52, 0.5520, 16.35
50.53, 0.5530, 15.36
50.54, 0.5540, 16.48
50.55, 0.5550, 16.35
50.56, 0.5560, 15.95
50.57, 0.5570, 14.84
50.58, 0.5580, 16.22
50.59, 0.5590, 16.72
50.60, 0.5600, 17.19
50.61, 0.5610, 15.39
50.62, 0.5620, 14.78
50.63, 0.5630, 14.51
50.64, 0.5640, 15.91
50.65, 0.5650, 16.42
50.66, 0.5660, 16.71
50.67, 0.5670, 15.38
50.68, 0.5680, 15.85
50.69, 0.5690, 15.91
50.70, 0.5700, 14.32
50.71, 0.5710, 15.67
50.72, 0.5720, 14.77
50.73, 0.5730, 15.44
50.74, 0.5740, 17.71
50.75, 0.5750, 16.27
50.76, 0.5760, 14.93
50.77, 0.5770, 16.31
50.78, 0.5780, 17.21
50.79, 0.5790, 16.74
50.80, 0.5800, 16.04
50.81, 0.5810, 15.97
50.82, 0.5820, 15.66
50.83, 0.5830, 17.23
50.84, 0.5840, 15.88
50.85, 0.5850, 16.37
50.86, 0.5860, 16.27
50.87, 0.5870, 15.95
50.88, 0.5880, 17.84
50.89, 0.5890, 16.72
50.90, 0.5900, 18.06
50.91, 0.5910, 17.03
50.92, 0.5920, 15.27
50.93, 0.5930, 17.97
50.94, 0.5940, 16.39
50.95, 0.5950, 15.39
50.96, 0.5960, 16.58
50.97, 0.5970, 16.07
50.98, 0.5980, 16.59
50.99, 0.5990, 16.88
51.00, 0.6000, 16.97
51.01, 0.6010, 14.56
51.02, 0.6020, 15.86
51.03, 0.6030, 16.16
51.04, 0.6040, 16.67
51.05, 0.6050, 15.46
51.06, 0.6060, 15.95
51.07, 0.6070, 18.32
51.08, 0.6080, 14.90
51.09, 0.6090, 17.11
51.10, 0.6100, 16.47
51.11, 0.6110, 16.93
51.12, 0.6120, 17.25
51.13, 0.6130, 16.31
51.14, 0.6140, 16.23
51.15, 0.6150, 15.93
51.16, 0.6160, 17.35
51.17, 0.6170, 17.83
51.18, 0.6180, 17.43
51.19, 0.6190, 17.02
51.20, 0.6200, 17.77
51.21, 0.6210, 17.93
51.22, 0.6220, 18.61
51.23, 0.6230, 16.90
51.24, 0.6240, 16.95
51.25, 0.6250, 17.43
51.26, 0.6260, 17.38
51.27, 0.6270, 15.77
51.28, 0.6280, 18.31
51.29, 0.6290, 17.67
51.30, 0.6300, 16.53
51.31, 0.6310, 18.20
51.32, 0.6320, 17.07
51.33, 0.6330, 17.21
51.34, 0.6340, 15.53
51.35, 0.6350, 17.21
51.36, 0.6360, 17.43
51.37, 0.6370, 18.48
51.38, 0.6380, 18.15
51.39, 0.6390, 17.35
51.40, 0.6400, 17.48
51.41, 0.6410, 17.03
51.42, 0.6420, 17.03
51.43, 0.6430, 17.75
51.44, 0.6440, 16.90
51.45, 0.6450, 18.04
51.46, 0.6460, 16.10
51.47, 0.6470, 17.37
51.48, 0.6480, 17.15
51.49, 0.6490, 18.26
51.50, 0.6500, 18.40
51.51, 0.6510, 17.30
51.52, 0.6520, 18.75
51.53, 0.6530, 17.00
51.54, 0.6540, 18.32
51.55, 0.6550, 16.35
51.56, 0.6560, 17.84
51.57, 0.6570, 16.67
51.58, 0.6580, 18.39
51.59, 0.6590, 17.39
51.60, 0.6600, 18.20
51.61, 0.6610, 17.77
51.62, 0.6620, 18.13
51.63, 0.6630, 18.78
51.64, 0.6640, 19.60
51.65, 0.6650, 17.99
51.66, 0.6660, 19.57
51.67, 0.6670, 18.53
51.68, 0.6680, 18.15
51.69, 0.6690, 17.30
51.70, 0.6700, 18.03
51.71, 0.6710, 17.93
51.72, 0.6720, 18.70
51.73, 0.6730, 17.25
51.74, 0.6740, 18.85
51.75, 0.6750, 20.34
51.76, 0.6760, 19.26
51.77, 0.6770, 17.57
51.78, 0.6780, 19.54
51.79, 0.6790, 17.70
51.80, 0.6800, 17.18
51.81, 0.6810, 18.71
51.82, 0.6820, 19.22
51.83, 0.6830, 17.85
51.84, 0.6840, 19.92
51.85, 0.6850, 18.17
51.86, 0.6860, 18.62
51.87, 0.6870, 18.99
51.88, 0.6880, 17.38
51.89, 0.6890, 17.67
51.90, 0.6900, 17.98
51.91, 0.6910, 17.45
51.92, 0.6920, 17.69
51.93, 0.6930, 19.47
51.94, 0.6940, 16.79
51.95, 0.6950, 18.74
51.96, 0.6960, 18.17
51.97, 0.6970, 17.74
51.98, 0.6980, 19.76
51.99, 0.6990, 17.71
52.00, 0.7000, 18.48
52.01, 0.7010, 18.95
52.02, 0.7020, 18.16
52.03, 0.7030, 20.65
52.04, 0.7040, 18.68
52.05, 0.7050, 17.83
52.06, 0.7060, 18.09
52.07, 0.7070, 18.07
52.08, 0.7080, 17.96
52.09, 0.7090, 19.59
52.10, 0.7100, 19.86
52.11, 0.7110, 19.55
52.12, 0.7120, 20.04
52.13, 0.7130, 18.54
52.14, 0.7140, 20.20
52.15, 0.7150, 20.66
52.16, 0.7160, 20.14
52.17, 0.7170, 18.84
52.18, 0.7180, 19.15
52.19, 0.7190, 19.80
52.20, 0.7200, 20.10
52.21, 0.7210, 19.80
52.22, 0.7220, 19.15
52.23, 0.7230, 17.71
52.24, 0.7240, 17.12
52.25, 0.7250, 20.57
52.26, 0.7260, 19.61
52.27, 0.7270, 17.54
52.28, 0.7280, 18.98
52.29, 0.7290, 18.09
52.30, 0.7300, 18.15
52.31, 0.7310, 19.43
52.32, 0.7320, 18.31
52.33, 0.7330, 17.80
52.34, 0.7340, 18.51
52.35, 0.7350, 20.30
52.36, 0.7360, 18.37
52.37, 0.7370, 20.20
52.38, 0.7380, 18.40
52.39, 0.7390, 20.04
52.40, 0.7400, 19.19
52.41, 0.7410, 20.71
52.42, 0.7420, 20.90
52.43, 0.7430, 20.08
52.44, 0.7440, 20.35
52.45, 0.7450, 19.29
52.46, 0.7460, 21.48
52.47, 0.7470, 20.28
52.48, 0.7480, 21.05
52.49, 0.7490, 19.32
52.50, 0.7500, 18.60
52.51, 0.7510, 18.00
52.52, 0.7520, 20.29
52.53, 0.7530, 19.64
52.54, 0.7540, 19.37
52.55, 0.7550, 18.95
52.56, 0.7560, 19.56
52.57, 0.7570, 20.37
52.58, 0.7580, 20.29
52.59, 0.7590, 19.07
52.60, 0.7600, 19.20
52.61, 0.7610, 19.59
52.62, 0.7620, 20.36
52.63, 0.7630, 21.11
52.64, 0.7640, 18.93
52.65, 0.7650, 19.05
52.66, 0.7660, 17.78
52.67, 0.7670, 17.96
52.68, 0.7680, 18.37
52.69, 0.7690, 20.95
52.70, 0.7700, 19.06
52.71, 0.7710, 16.85
52.72, 0.7720, 20.72
52.73, 0.7730, 21.02
52.74, 0.7740, 18.80
52.75, 0.7750, 18.74
52.76, 0.7760, 18.63
52.77, 0.7770, 19.06
52.78, 0.7780, 20.07
52.79, 0.7790, 20.14
52.80, 0.7800, 20.99
52.81, 0.7810, 18.94
52.82, 0.7820, 18.05
52.83, 0.7830, 20.19
52.84, 0.7840, 20.48
52.85, 0.7850, 20.03
52.86, 0.7860, 19.58
52.87, 0.7870, 20.29
52.88, 0.7880, 20.78
52.89, 0.7890, 23.10
52.90, 0.7900, 19.47
52.91, 0.7910, 19.75
52.92, 0.7920, 21.19
52.93, 0.7930, 20.71
52.94, 0.7940, 21.70
52.95, 0.7950, 20.85
52.96, 0.7960, 22.42
52.97, 0.7970, 20.76
52.98, 0.7980, 20.42
52.99, 0.7990, 19.69
53.00, 0.8000, 21.32
53.01, 0.8010, 20.64
53.02, 0.8020, 21.62
53.03, 0.8030, 20.16
53.04, 0.8040, 18.32
53.05, 0.8050, 19.81
53.06, 0.8060, 21.01
53.07, 0.8070, 20.94
53.08, 0.8080, 22.05
53.09, 0.8090, 19.93
53.10, 0.8100, 19.13
53.11, 0.8110, 21.74
53.12, 0.8120, 20.07
53.13, 0.8130, 20.75
53.14, 0.8140, 19.35
53.15, 0.8150, 20.31
53.16, 0.8160, 18.98
53.17, 0.8170, 20.51
53.18, 0.8180, 21.31
53.19, 0.8190, 19.79
53.20, 0.8200, 21.26
53.21, 0.8210, 20.59
53.22, 0.8220, 22.07
53.23, 0.8230, 20.52
53.24, 0.8240, 21.30
53.25, 0.8250, 21.18
53.26, 0.8260, 22.14
53.27, 0.8270, 22.22
53.28, 0.8280, 21.08
53.29, 0.8290, 20.72
53.30, 0.8300, 21.08
53.31, 0.8310, 21.87
53.32, 0.8320, 22.30
53.33, 0.8330, 21.15
53.34, 0.8340, 19.80
53.35, 0.8350, 20.48
53.36, 0.8360, 22.35
53.37, 0.8370, 22.13
53.38, 0.8380, 20.89
53.39, 0.8390, 20.56
53.40, 0.8400, 20.18
53.41, 0.8410, 22.01
53.42, 0.8420, 22.74
53.43, 0.8430, 21.57
53.44, 0.8440, 20.05
53.45, 0.8450, 20.32
53.46, 0.8460, 21.21
53.47, 0.8470, 21.07
53.48, 0.8480, 20.95
53.49, 0.8490, 21.13
53.50, 0.8500, 19.96
53.51, 0.8510, 22.19
53.52, 0.8520, 21.49
53.53, 0.8530, 22.05
53.54, 0.8540, 22.01
53.55, 0.8550, 19.97
53.56, 0.8560, 21.79
53.57, 0.8570, 22.75
53.58, 0.8580, 21.58
53.59, 0.8590, 22.31
53.60, 0.8600, 21.24
53.61, 0.8610, 21.43
53.62, 0.8620, 21.98
53.63, 0.8630, 21.61
53.64, 0.8640, 21.69
53.65, 0.8650, 21.63
53.66, 0.8660, 21.84
53.67, 0.8670, 22.34
53.68, 0.8680, 23.37
53.69, 0.8690, 21.21
53.70, 0.8700, 22.74
53.71, 0.8710, 22.31
53.72, 0.8720, 21.61
53.73, 0.8730, 23.18
53.74, 0.8740, 22.64
53.75, 0.8750, 22.25
53.76, 0.8760, 22.87
53.77, 0.8770, 23.40
53.78, 0.8780, 23.40
53.79, 0.8790, 23.38
53.80, 0.8800, 22.20
53.81, 0.8810, 22.98
53.82, 0.8820, 22.67
53.83, 0.8830, 22.59
53.84, 0.8840, 20.85
53.85, 0.8850, 22.09
53.86, 0.8860, 23.75
53.87, 0.8870, 23.99
53.88, 0.8880, 23.55
53.89, 0.8890, 22.13
53.90, 0.8900, 23.68
53.91, 0.8910, 22.89
53.92, 0.8920, 22.37
53.93, 0.8930, 23.16
53.94, 0.8940, 23.27
53.95, 0.8950, 22.61
53.96, 0.8960, 21.57
53.97, 0.8970, 25.02
53.98, 0.8980, 23.32
53.99, 0.8990, 22.83
54.00, 0.9000, 22.44
54.01, 0.9010, 21.93
54.02, 0.9020, 21.91
54.03, 0.9030, 23.14
54.04, 0.9040, 23.18
54.05, 0.9050, 22.55
54.06, 0.9060, 21.78
54.07, 0.9070, 24.95
54.08, 0.9080, 22.92
54.09, 0.9090, 23.33
54.10, 0.9100, 24.57
54.11, 0.9110, 24.00
54.12, 0.9120, 22.90
54.13, 0.9130, 25.39
54.14, 0.9140, 25.14
54.15, 0.9150, 22.62
54.16, 0.9160, 23.56
54.17, 0.9170, 24.73
54.18, 0.9180, 25.06
54.19, 0.9190, 24.98
54.20, 0.9200, 24.61
54.21, 0.9210, 24.38
54.22, 0.9220, 23.79
54.23, 0.9230, 24.72
54.24, 0.9240, 23.42
54.25, 0.9250, 24.23
54.26, 0.9260, 23.53
54.27, 0.9270, 26.38
54.28, 0.9280, 23.63
54.29, 0.9290, 23.99
54.30, 0.9300, 22.87
54.31, 0.9310, 24.60
54.32, 0.9320, 24.25
54.33, 0.9330, 25.36
54.34, 0.9340, 24.77
54.35, 0.9350, 24.49
54.36, 0.9360, 24.82
54.37, 0.9370, 26.06
54.38, 0.9380, 25.47
54.39, 0.9390, 24.27
54.40, 0.9400, 24.44
54.41, 0.9410, 25.33
54.42, 0.9420, 24.95
54.43, 0.9430, 24.42
54.44, 0.9440, 24.27
54.45, 0.9450, 23.94
54.46, 0.9460, 26.61
54.47, 0.9470, 26.06
54.48, 0.9480, 25.32
54.49, 0.9490, 24.77
54.50, 0.9500, 24.21
54.51, 0.9510, 25.09
54.52, 0.9520, 27.10
54.53, 0.9530, 25.96
54.54, 0.9540, 24.81
54.55, 0.9550, 27.16
54.56, 0.9560, 26.07
54.57, 0.9570, 26.75
54.58, 0.9580, 26.52
54.59, 0.9590, 25.80
54.60, 0.9600, 26.10
54.61, 0.9610, 28.38
54.62, 0.9620, 25.57
54.63, 0.9630, 27.09
54.64, 0.9640, 26.14
54.65, 0.9650, 26.06
54.66, 0.9660, 27.49
54.67, 0.9670, 27.65
54.68, 0.9680, 27.70
54.69, 0.9690, 25.98
54.70, 0.9700, 27.53
54.71, 0.9710, 28.02
54.72, 0.9720, 27.37
54.73, 0.9730, 25.88
54.74, 0.9740, 26.84
54.75, 0.9750, 27.05
54.76, 0.9760, 25.77
54.77, 0.9770, 26.61
54.78, 0.9780, 26.58
54.79, 0.9790, 26.83
54.80, 0.9800, 28.33
54.81, 0.9810, 27.59
54.82, 0.9820, 26.83
54.83, 0.9830, 26.72
54.84, 0.9840, 27.24
54.85, 0.9850, 27.89
54.86, 0.9860, 28.48
54.87, 0.9870, 26.11
54.88, 0.9880, 27.03
54.89, 0.9890, 28.12
54.90, 0.9900, 28.36
54.91, 0.9910, 27.49
54.92, 0.9920, 28.65
54.93, 0.9930, 28.37
54.94, 0.9940, 28.63
54.95, 0.9950, 29.91
54.96, 0.9960, 27.44
54.97, 0.9970, 29.01
54.98, 0.9980, 30.55
54.99, 0.9990, 29.65
55.00, 1.000, 28.09
55.01, 1.001, 25.09
55.02, 1.002, 26.82
55.03, 1.003, 28.38
55.04, 1.004, 28.19
55.05, 1.005, 27.36
55.06, 1.006, 28.04
55.07, 1.007, 29.30
55.08, 1.008, 28.87
55.09, 1.009, 27.73
55.10, 1.010, 26.84
55.11, 1.011, 29.30
55.12, 1.012, 28.83
55.13, 1.013, 28.64
55.14, 1.014, 28.03
55.15, 1.015, 28.39
55.16, 1.016, 28.98
55.17, 1.017, 30.10
55.18, 1.018, 27.96
55.19, 1.019, 28.49
55.20, 1.020, 28.05
55.21, 1.021, 30.64
55.22, 1.022, 27.75
55.23, 1.023, 28.43
55.24, 1.024, 28.63
55.25, 1.025, 30.66
55.26, 1.026, 29.44
55.27, 1.027, 29.93
55.28, 1.028, 30.58
55.29, 1.029, 28.13
55.30, 1.030, 30.28
55.31, 1.031, 31.43
55.32, 1.032, 29.72
55.33, 1.033, 30.92
55.34, 1.034, 32.43
55.35, 1.035, 31.69
55.36, 1.036, 31.75
55.37, 1.037, 30.99
55.38, 1.038, 29.11
55.39, 1.039, 33.61
55.40, 1.040, 32.69
55.41, 1.041, 30.38
55.42, 1.042, 31.16
55.43, 1.043, 32.57
55.44, 1.044, 31.62
55.45, 1.045, 32.59
55.46, 1.046, 32.46
55.47, 1.047, 31.14
55.48, 1.048, 32.30
55.49, 1.049, 32.64
55.50, 1.050, 32.30
55.51, 1.051, 31.00
55.52, 1.052, 32.30
55.53, 1.053, 32.23
55.54, 1.054, 33.38
55.55, 1.055, 31.77
55.56, 1.056, 32.42
55.57, 1.057, 32.66
55.58, 1.058, 35.19
55.59, 1.059, 33.00
55.60, 1.060, 32.76
55.61, 1.061, 33.22
55.62, 1.062, 34.02
55.63, 1.063, 34.53
55.64, 1.064, 33.86
55.65, 1.065, 34.34
55.66, 1.066, 33.81
55.67, 1.067, 33.91
55.68, 1.068, 34.36
55.69, 1.069, 34.89
55.70, 1.070, 33.09
55.71, 1.071, 34.39
55.72, 1.072, 34.57
55.73, 1.073, 33.76
55.74, 1.074, 34.30
55.75, 1.075, 33.68
55.76, 1.076, 34.95
55.77, 1.077, 36.86
55.78, 1.078, 36.32
55.79, 1.079, 35.64
55.80, 1.080, 35.27
55.81, 1.081, 36.28
55.82, 1.082, 37.37
55.83, 1.083, 37.61
55.84, 1.084, 37.50
55.85, 1.085, 37.54
55.86, 1.086, 36.63
55.87, 1.087, 37.68
55.88, 1.088, 36.93
55.89, 1.089, 36.95
55.90, 1.090, 37.87
55.91, 1.091, 38.32
55.92, 1.092, 39.02
55.93, 1.093, 38.81
55.94, 1.094, 37.46
55.95, 1.095, 38.19
55.96, 1.096, 38.18
55.97, 1.097, 36.94
55.98, 1.098, 38.96
55.99, 1.099, 37.11
56.00, 1.100, 39.46
56.01, 1.101, 37.79
56.02, 1.102, 40.85
56.03, 1.103, 38.65
56.04, 1.104, 39.74
56.05, 1.105, 40.72
56.06, 1.106, 40.82
56.07, 1.107, 40.15
56.08, 1.108, 41.36
56.09, 1.109, 39.64
56.10, 1.110, 41.37
56.11, 1.111, 40.52
56.12, 1.112, 41.14
56.13, 1.113, 39.42
56.14, 1.114, 41.34
56.15, 1.115, 41.50
56.16, 1.116, 41.26
56.17, 1.117, 42.74
56.18, 1.118, 41.30
56.19, 1.119, 41.10
56.20, 1.120, 41.08
56.21, 1.121, 42.48
56.22, 1.122, 40.75
56.23, 1.123, 44.17
56.24, 1.124, 42.63
56.25, 1.125, 45.00
56.26, 1.126, 42.09
56.27, 1.127, 42.30
56.28, 1.128, 44.28
56.29, 1.129, 43.69
56.30, 1.130, 42.50
56.31, 1.131, 43.34
56.32, 1.132, 46.20
56.33, 1.133, 44.73
56.34, 1.134, 45.36
56.35, 1.135, 44.37
56.36, 1.136, 45.78
56.37, 1.137, 45.52
56.38, 1.138, 46.68
56.39, 1.139, 45.88
56.40, 1.140, 42.94
56.41, 1.141, 47.27
56.42, 1.142, 45.17
56.43, 1.143, 45.23
56.44, 1.144, 46.51
56.45, 1.145, 47.47
56.46, 1.146, 46.97
56.47, 1.147, 47.84
56.48, 1.148, 46.60
56.49, 1.149, 47.34
56.50, 1.150, 48.19
56.51, 1.151, 48.44
56.52, 1.152, 45.90
56.53, 1.153, 49.37
56.54, 1.154, 47.94
56.55, 1.155, 49.50
56.56, 1.156, 47.59
56.57, 1.157, 47.93
56.58, 1.158, 48.37
56.59, 1.159, 51.66
56.60, 1.160, 49.21
56.61, 1.161, 49.64
56.62, 1.162, 51.06
56.63, 1.163, 49.30
56.64, 1.164, 50.79
56.65, 1.165, 51.81
56.66, 1.166, 51.30
56.67, 1.167, 50.83
56.68, 1.168, 52.21
56.69, 1.169, 52.87
56.70, 1.170, 51.32
56.71, 1.171, 50.83
56.72, 1.172, 54.01
56.73, 1.173, 51.26
56.74, 1.174, 52.54
56.75, 1.175, 53.14
56.76, 1.176, 54.56
56.77, 1.177, 53.89
56.78, 1.178, 53.44
56.79, 1.179, 53.81
56.80, 1.180, 52.87
56.81, 1.181, 55.45
56.82, 1.182, 54.54
56.83, 1.183, 54.88
56.84, 1.184, 53.88
56.85, 1.185, 56.23
56.86, 1.186, 55.79
56.87, 1.187, 56.37
56.88, 1.188, 56.97
56.89, 1.189, 55.30
56.90, 1.190, 56.40
56.91, 1.191, 56.09
56.92, 1.192, 56.76
56.93, 1.193, 55.69
56.94, 1.194, 57.05
56.95, 1.195, 57.66
56.96, 1.196, 55.70
56.97, 1.197, 56.94
56.98, 1.198, 58.87
56.99, 1.199, 57.39
57.00, 1.200, 57.14
57.01, 1.201, 58.84
57.02, 1.202, 60.02
57.03, 1.203, 59.56
57.04, 1.204, 58.63
57.05, 1.205, 59.12
57.06, 1.206, 61.04
57.07, 1.207, 60.79
57.08, 1.208, 61.25
57.09, 1.209, 61.08
57.10, 1.210, 60.17
57.11, 1.211, 62.05
57.12, 1.212, 60.80
57.13, 1.213, 62.22
57.14, 1.214, 61.37
57.15, 1.215, 63.59
57.16, 1.216, 61.82
57.17, 1.217, 63.06
57.18, 1.218, 63.02
57.19, 1.219, 64.06
57.20, 1.220, 64.05
57.21, 1.221, 62.50
57.22, 1.222, 63.38
57.23, 1.223, 64.92
57.24, 1.224, 65.59
57.25, 1.225, 65.30
57.26, 1.226, 65.87
57.27, 1.227, 64.18
57.28, 1.228, 65.97
57.29, 1.229, 66.11
57.30, 1.230, 65.44
57.31, 1.231, 65.09
57.32, 1.232, 66.80
57.33, 1.233, 66.12
57.34, 1.234, 65.65
57.35, 1.235, 65.88
57.36, 1.236, 68.41
57.37, 1.237, 66.97
57.38, 1.238, 67.04
57.39, 1.239, 67.38
57.40, 1.240, 68.00
57.41, 1.241, 69.12
57.42, 1.242, 68.12
57.43, 1.243, 68.30
57.44, 1.244, 68.63
57.45, 1.245, 68.99
57.46, 1.246, 69.43
57.47, 1.247, 70.49
57.48, 1.248, 69.63
57.49, 1.249, 71.88
57.50, 1.250, 70.83
57.51, 1.251, 69.76
57.52, 1.252, 67.79
57.53, 1.253, 70.88
57.54, 1.254, 71.38
57.55, 1.255, 71.58
57.56, 1.256, 70.97
57.57, 1.257, 72.00
57.58, 1.258, 72.06
57.59, 1.259, 71.78
57.60, 1.260, 73.16
57.61, 1.261, 71.88
57.62, 1.262, 72.75
57.63, 1.263, 72.09
57.64, 1.264, 71.84
57.65, 1.265, 72.07
57.66, 1.266, 73.99
57.67, 1.267, 75.21
57.68, 1.268, 75.10
57.69, 1.269, 73.73
57.70, 1.270, 73.75
57.71, 1.271, 75.17
57.72, 1.272, 75.42
57.73, 1.273, 73.94
57.74, 1.274, 75.44
57.75, 1.275, 75.40
57.76, 1.276, 75.55
57.77, 1.277, 77.11
57.78, 1.278, 76.28
57.79, 1.279, 77.33
57.80, 1.280, 76.45
57.81, 1.281, 77.26
57.82, 1.282, 75.20
57.83, 1.283, 77.15
57.84, 1.284, 74.35
57.85, 1.285, 77.75
57.86, 1.286, 78.47
57.87, 1.287, 77.53
57.88, 1.288, 77.78
57.89, 1.289, 78.77
57.90, 1.290, 78.92
57.91, 1.291, 79.88
57.92, 1.292, 80.58
57.93, 1.293, 79.31
57.94, 1.294, 78.77
57.95, 1.295, 81.69
57.96, 1.296, 80.63
57.97, 1.297, 79.93
57.98, 1.298, 79.60
57.99, 1.299, 80.70
58.00, 1.300, 82.47
58.01, 1.301, 79.32
58.02, 1.302, 80.66
58.03, 1.303, 83.49
58.04, 1.304, 81.44
58.05, 1.305, 83.66
58.06, 1.306, 81.39
58.07, 1.307, 80.82
58.08, 1.308, 82.14
58.09, 1.309, 83.43
58.10, 1.310, 82.38
58.11, 1.311, 81.62
58.12, 1.312, 83.79
58.13, 1.313, 83.07
58.14, 1.314, 83.32
58.15, 1.315, 80.54
58.16, 1.316, 83.14
58.17, 1.317, 83.67
58.18, 1.318, 83.60
58.19, 1.319, 82.84
58.20, 1.320, 84.44
58.21, 1.321, 82.14
58.22, 1.322, 84.22
58.23, 1.323, 83.03
58.24, 1.324, 84.22
58.25, 1.325, 82.83
58.26, 1.326, 84.32
58.27, 1.327, 84.96
58.28, 1.328, 84.19
58.29, 1.329, 84.30
58.30, 1.330, 86.43
58.31, 1.331, 84.62
58.32, 1.332, 85.91
58.33, 1.333, 85.10
58.34, 1.334, 86.25
58.35, 1.335, 86.02
58.36, 1.336, 87.53
58.37, 1.337, 86.96
58.38, 1.338, 87.38
58.39, 1.339, 86.77
58.40, 1.340, 87.51
58.41, 1.341, 86.83
58.42, 1.342, 86.87
58.43, 1.343, 88.88
58.44, 1.344, 87.52
58.45, 1.345, 85.33
58.46, 1.346, 86.17
58.47, 1.347, 88.24
58.48, 1.348, 87.07
58.49, 1.349, 87.12
58.50, 1.350, 88.71
58.51, 1.351, 89.76
58.52, 1.352, 87.67
58.53, 1.353, 88.14
58.54, 1.354, 87.08
58.55, 1.355, 90.10
58.56, 1.356, 89.68
58.57, 1.357, 87.85
58.58, 1.358, 87.18
58.59, 1.359, 89.60
58.60, 1.360, 88.91
58.61, 1.361, 88.37
58.62, 1.362, 88.30
58.63, 1.363, 89.35
58.64, 1.364, 90.56
58.65, 1.365, 89.43
58.66, 1.366, 89.23
58.67, 1.367, 89.90
58.68, 1.368, 90.09
58.69, 1.369, 90.84
58.70, 1.370, 90.48
58.71, 1.371, 90.34
58.72, 1.372, 89.16
58.73, 1.373, 92.59
58.74, 1.374, 92.42
58.75, 1.375, 91.91
58.76, 1.376, 90.95
58.77, 1.377, 90.28
58.78, 1.378, 93.10
58.79, 1.379, 92.78
58.80, 1.380, 92.37
58.81, 1.381, 91.42
58.82, 1.382, 90.57
58.83, 1.383, 90.61
58.84, 1.384, 93.45
58.85, 1.385, 93.40
58.86, 1.386, 92.26
58.87, 1.387, 92.18
58.88, 1.388, 91.51
58.89, 1.389, 93.97
58.90, 1.390, 92.98
58.91, 1.391, 93.04
58.92, 1.392, 93.22
58.93, 1.393, 92.85
58.94, 1.394, 93.42
58.95, 1.395, 93.61
58.96, 1.396, 93.05
58.97, 1.397, 92.96
58.98, 1.398, 94.56
58.99, 1.399, 94.20
59.00, 1.400, 93.42
59.01, 1.401, 94.00
59.02, 1.402, 94.08
59.03, 1.403, 94.56
59.04, 1.404, 93.93
59.05, 1.405, 92.88
59.06, 1.406, 96.40
59.07, 1.407, 97.16
59.08, 1.408, 95.18
59.09, 1.409, 93.73
59.10, 1.410, 93.54
59.11, 1.411, 95.19
59.12, 1.412, 96.15
59.13, 1.413, 97.08
59.14, 1.414, 95.47
59.15, 1.415, 97.01
59.16, 1.416, 98.48
59.17, 1.417, 97.24
59.18, 1.418, 98.03
59.19, 1.419, 99.44
59.20, 1.420, 97.19
59.21, 1.421, 99.49
59.22, 1.422, 98.24
59.23, 1.423, 97.98
59.24, 1.424, 97.67
59.25, 1.425, 99.44
59.26, 1.426, 99.21
59.27, 1.427, 99.73
59.28, 1.428, 99.91
59.29, 1.429, 97.64
59.30, 1.430, 99.98
59.31, 1.431, 101.5
59.32, 1.432, 99.58
59.33, 1.433, 99.57
59.34, 1.434, 99.04
59.35, 1.435, 101.3
59.36, 1.436, 102.5
59.37, 1.437, 100.5
59.38, 1.438, 100.3
59.39, 1.439, 98.97
59.40, 1.440, 100.9
59.41, 1.441, 101.3
59.42, 1.442, 102.9
59.43, 1.443, 102.7
59.44, 1.444, 100.1
59.45, 1.445, 101.4
59.46, 1.446, 102.6
59.47, 1.447, 102.7
59.48, 1.448, 102.2
59.49, 1.449, 101.7
59.50, 1.450, 102.8
59.51, 1.451, 103.1
59.52, 1.452, 104.6
59.53, 1.453, 104.0
59.54, 1.454, 104.3
59.55, 1.455, 102.1
59.56, 1.456, 104.3
59.57, 1.457, 104.0
59.58, 1.458, 105.6
59.59, 1.459, 105.0
59.60, 1.460, 105.7
59.61, 1.461, 106.0
59.62, 1.462, 104.8
59.63, 1.463, 108.4
59.64, 1.464, 107.1
59.65, 1.465, 106.7
59.66, 1.466, 106.3
59.67, 1.467, 108.4
59.68, 1.468, 107.9
59.69, 1.469, 108.5
59.70, 1.470, 106.1
59.71, 1.471, 106.9
59.72, 1.472, 107.1
59.73, 1.473, 109.5
59.74, 1.474, 107.2
59.75, 1.475, 106.9
59.76, 1.476, 108.5
59.77, 1.477, 110.6
59.78, 1.478, 108.1
59.79, 1.479, 110.4
59.80, 1.480, 110.7
59.81, 1.481, 110.5
59.82, 1.482, 111.8
59.83, 1.483, 110.8
59.84, 1.484, 111.2
59.85, 1.485, 110.2
59.86, 1.486, 110.7
59.87, 1.487, 111.3
59.88, 1.488, 111.7
59.89, 1.489, 110.9
59.90, 1.490, 112.7
59.91, 1.491, 113.7
59.92, 1.492, 112.3
59.93, 1.493, 113.0
59.94, 1.494, 112.4
59.95, 1.495, 112.3
59.96, 1.496, 115.3
59.97, 1.497, 116.3
59.98, 1.498, 113.6
59.99, 1.499, 114.6
60.00, 1.500, 116.2
60.01, 1.501, 114.7
60.02, 1.502, 113.1
60.03, 1.503, 115.3
60.04, 1.504, 115.4
60.05, 1.505, 115.0
60.06, 1.506, 116.7
60.07, 1.507, 116.3
60.08, 1.508, 115.7
60.09, 1.509, 116.5
60.10, 1.510, 117.3
60.11, 1.511, 119.0
60.12, 1.512, 116.6
60.13, 1.513, 116.1
60.14, 1.514, 117.7
60.15, 1.515, 119.7
60.16, 1.516, 117.6
60.17, 1.517, 117.7
60.18, 1.518, 118.2
60.19, 1.519, 119.8
60.20, 1.520, 120.5
60.21, 1.521, 119.1
60.22, 1.522, 118.9
60.23, 1.523, 119.8
60.24, 1.524, 121.5
60.25, 1.525, 119.9
60.26, 1.526, 120.9
60.27, 1.527, 119.5
60.28, 1.528, 121.0
60.29, 1.529, 123.5
60.30, 1.530, 123.7
60.31, 1.531, 122.8
60.32, 1.532, 121.6
60.33, 1.533, 122.9
60.34, 1.534, 124.0
60.35, 1.535, 124.8
60.36, 1.536, 122.3
60.37, 1.537, 124.3
60.38, 1.538, 123.9
60.39, 1.539, 126.3
60.40, 1.540, 127.6
60.41, 1.541, 127.6
60.42, 1.542, 126.7
60.43, 1.543, 124.6
60.44, 1.544, 127.8
60.45, 1.545, 129.0
60.46, 1.546, 128.2
60.47, 1.547, 129.0
60.48, 1.548, 128.8
60.49, 1.549, 127.6
60.50, 1.550, 129.9
60.51, 1.551, 128.4
60.52, 1.552, 129.9
60.53, 1.553, 129.6
60.54, 1.554, 132.2
60.55, 1.555, 131.8
60.56, 1.556, 131.5
60.57, 1.557, 131.8
60.58, 1.558, 130.7
60.59, 1.559, 132.0
60.60, 1.560, 133.8
60.61, 1.561, 133.1
60.62, 1.562, 133.0
60.63, 1.563, 132.9
60.64, 1.564, 135.2
60.65, 1.565, 134.3
60.66, 1.566, 132.6
60.67, 1.567, 134.4
60.68, 1.568, 133.7
60.69, 1.569, 134.9
60.70, 1.570, 136.6
60.71, 1.571, 135.7
60.72, 1.572, 136.1
60.73, 1.573, 133.8
60.74, 1.574, 137.9
60.75, 1.575, 139.5
60.76, 1.576, 138.5
60.77, 1.577, 138.2
60.78, 1.578, 140.1
60.79, 1.579, 138.0
60.80, 1.580, 137.5
60.81, 1.581, 141.4
60.82, 1.582, 141.3
60.83, 1.583, 140.0
60.84, 1.584, 140.1
60.85, 1.585, 142.0
60.86, 1.586, 143.6
60.87, 1.587, 141.7
60.88, 1.588, 142.2
60.89, 1.589, 143.4
60.90, 1.590, 142.9
60.91, 1.591, 143.7
60.92, 1.592, 144.2
60.93, 1.593, 145.9
60.94, 1.594, 144.7
60.95, 1.595, 145.6
60.96, 1.596, 149.5
60.97, 1.597, 147.9
60.98, 1.598, 146.9
60.99, 1.599, 146.3
61.00, 1.600, 147.2
61.01, 1.601, 147.5
61.02, 1.602, 149.1
61.03, 1.603, 148.8
61.04, 1.604, 149.7
61.05, 1.605, 148.6
61.06, 1.606, 151.0
61.07, 1.607, 151.4
61.08, 1.608, 151.3
61.09, 1.609, 152.0
61.10, 1.610, 152.0
61.11, 1.611, 152.7
61.12, 1.612, 154.1
61.13, 1.613, 153.4
61.14, 1.614, 152.5
61.15, 1.615, 153.4
61.16, 1.616, 155.0
61.17, 1.617, 155.9
61.18, 1.618, 155.6
61.19, 1.619, 154.4
61.20, 1.620, 156.7
61.21, 1.621, 158.8
61.22, 1.622, 158.1
61.23, 1.623, 158.4
61.24, 1.624, 158.3
61.25, 1.625, 159.5
61.26, 1.626, 160.4
61.27, 1.627, 160.1
61.28, 1.628, 159.8
61.29, 1.629, 161.4
61.30, 1.630, 160.8
61.31, 1.631, 163.6
61.32, 1.632, 162.4
61.33, 1.633, 163.4
61.34, 1.634, 163.3
61.35, 1.635, 164.4
61.36, 1.636, 166.2
61.37, 1.637, 166.7
61.38, 1.638, 167.7
61.39, 1.639, 167.4
61.40, 1.640, 165.6
61.41, 1.641, 169.2
61.42, 1.642, 168.5
61.43, 1.643, 169.6
61.44, 1.644, 170.6
61.45, 1.645, 169.0
61.46, 1.646, 171.6
61.47, 1.647, 171.3
61.48, 1.648, 169.5
61.49, 1.649, 171.8
61.50, 1.650, 172.3
61.51, 1.651, 174.7
61.52, 1.652, 174.3
61.53, 1.653, 173.6
61.54, 1.654, 175.5
61.55, 1.655, 175.3
61.56, 1.656, 177.1
61.57, 1.657, 177.0
61.58, 1.658, 176.5
61.59, 1.659, 177.0
61.60, 1.660, 179.0
61.61, 1.661, 182.2
61.62, 1.662, 180.0
61.63, 1.663, 179.6
61.64, 1.664, 181.7
61.65, 1.665, 182.2
61.66, 1.666, 182.3
61.67, 1.667, 183.3
61.68, 1.668, 185.7
61.69, 1.669, 185.5
61.70, 1.670, 186.5
61.71, 1.671, 186.8
61.72, 1.672, 189.2
61.73, 1.673, 187.3
61.74, 1.674, 189.7
61.75, 1.675, 189.4
61.76, 1.676, 190.8
61.77, 1.677, 189.9
61.78, 1.678, 193.0
61.79, 1.679, 193.2
61.80, 1.680, 195.1
61.81, 1.681, 194.0
61.82, 1.682, 193.1
61.83, 1.683, 197.9
61.84, 1.684, 196.8
61.85, 1.685, 195.9
61.86, 1.686, 197.3
61.87, 1.687, 197.6
61.88, 1.688, 197.7
61.89, 1.689, 200.4
61.90, 1.690, 199.7
61.91, 1.691, 202.9
61.92, 1.692, 202.8
61.93, 1.693, 200.7
61.94, 1.694, 204.3
61.95, 1.695, 204.1
61.96, 1.696, 205.9
61.97, 1.697, 205.3
61.98, 1.698, 207.1
61.99, 1.699, 207.2
62.00, 1.700, 210.6
62.01, 1.701, 207.6
62.02, 1.702, 210.8
62.03, 1.703, 212.0
62.04, 1.704, 211.0
62.05, 1.705, 213.7
62.06, 1.706, 213.5
62.07, 1.707, 212.0
62.08, 1.708, 215.0
62.09, 1.709, 216.8
62.10, 1.710, 216.0
62.11, 1.711, 218.2
62.12, 1.712, 219.6
62.13, 1.713, 220.4
62.14, 1.714, 221.1
62.15, 1.715, 220.7
62.16, 1.716, 223.8
62.17, 1.717, 225.8
62.18, 1.718, 225.3
62.19, 1.719, 226.3
62.20, 1.720, 224.6
62.21, 1.721, 225.3
62.22, 1.722, 229.0
62.23, 1.723, 229.1
62.24, 1.724, 230.2
62.25, 1.725, 232.0
62.26, 1.726, 232.1
62.27, 1.727, 233.3
62.28, 1.728, 235.0
62.29, 1.729, 235.2
62.30, 1.730, 236.2
62.31, 1.731, 234.4
62.32, 1.732, 236.3
62.33, 1.733, 237.2
62.34, 1.734, 241.1
62.35, 1.735, 243.4
62.36, 1.736, 241.7
62.37, 1.737, 240.5
62.38, 1.738, 240.9
62.39, 1.739, 243.9
62.40, 1.740, 244.3
62.41, 1.741, 247.0
62.42, 1.742, 248.0
62.43, 1.743, 249.8
62.44, 1.744, 246.3
62.45, 1.745, 250.1
62.46, 1.746, 251.3
62.47, 1.747, 252.1
62.48, 1.748, 255.5
62.49, 1.749, 256.6
62.50, 1.750, 257.9
62.51, 1.751, 257.1
62.52, 1.752, 256.4
62.53, 1.753, 258.0
62.54, 1.754, 258.1
62.55, 1.755, 262.7
62.56, 1.756, 263.6
62.57, 1.757, 263.6
62.58, 1.758, 262.1
62.59, 1.759, 264.8
62.60, 1.760, 268.5
62.61, 1.761, 269.6
62.62, 1.762, 267.7
62.63, 1.763, 269.9
62.64, 1.764, 271.2
62.65, 1.765, 271.4
62.66, 1.766, 273.7
62.67, 1.767, 276.5
62.68, 1.768, 276.2
62.69, 1.769, 275.2
62.70, 1.770, 278.1
62.71, 1.771, 277.8
62.72, 1.772, 279.4
62.73, 1.773, 282.1
62.74, 1.774, 282.8
62.75, 1.775, 284.0
62.76, 1.776, 285.8
62.77, 1.777, 287.0
62.78, 1.778, 287.6
62.79, 1.779, 288.6
62.80, 1.780, 290.9
62.81, 1.781, 291.3
62.82, 1.782, 292.4
62.83, 1.783, 293.7
62.84, 1.784, 293.9
62.85, 1.785, 294.5
62.86, 1.786, 296.6
62.87, 1.787, 299.6
62.88, 1.788, 300.6
62.89, 1.789, 301.5
62.90, 1.790, 300.8
62.91, 1.791, 302.8
62.92, 1.792, 304.0
62.93, 1.793, 305.2
62.94, 1.794, 309.3
62.95, 1.795, 310.9
62.96, 1.796, 312.4
62.97, 1.797, 312.2
62.98, 1.798, 313.7
62.99, 1.799, 312.8
63.00, 1.800, 317.4
63.01, 1.801, 319.5
63.02, 1.802, 317.5
63.03, 1.803, 322.6
63.04, 1.804, 323.5
63.05, 1.805, 321.2
63.06, 1.806, 322.9
63.07, 1.807, 326.2
63.08, 1.808, 329.4
63.09, 1.809, 329.6
63.10, 1.810, 331.4
63.11, 1.811, 331.9
63.12, 1.812, 330.4
63.13, 1.813, 334.2
63.14, 1.814, 334.5
63.15, 1.815, 337.2
63.16, 1.816, 339.0
63.17, 1.817, 338.4
63.18, 1.818, 339.9
63.19, 1.819, 340.8
63.20, 1.820, 344.0
63.21, 1.821, 344.6
63.22, 1.822, 345.6
63.23, 1.823, 346.0
63.24, 1.824, 348.7
63.25, 1.825, 351.9
63.26, 1.826, 351.7
63.27, 1.827, 354.9
63.28, 1.828, 355.3
63.29, 1.829, 356.5
63.30, 1.830, 357.4
63.31, 1.831, 358.3
63.32, 1.832, 359.7
63.33, 1.833, 363.0
63.34, 1.834, 364.7
63.35, 1.835, 366.1
63.36, 1.836, 366.5
63.37, 1.837, 367.6
63.38, 1.838, 371.8
63.39, 1.839, 371.8
63.40, 1.840, 374.2
63.41, 1.841, 374.4
63.42, 1.842, 375.7
63.43, 1.843, 378.0
63.44, 1.844, 381.0
63.45, 1.845, 381.7
63.46, 1.846, 383.4
63.47, 1.847, 386.1
63.48, 1.848, 385.8
63.49, 1.849, 386.7
63.50, 1.850, 389.5
63.51, 1.851, 391.8
63.52, 1.852, 392.0
63.53, 1.853, 394.2
63.54, 1.854, 393.7
63.55, 1.855, 396.2
63.56, 1.856, 397.9
63.57, 1.857, 398.6
63.58, 1.858, 402.0
63.59, 1.859, 405.0
63.60, 1.860, 406.8
63.61, 1.861, 405.6
63.62, 1.862, 408.3
63.63, 1.863, 409.5
63.64, 1.864, 411.8
63.65, 1.865, 412.9
63.66, 1.866, 416.0
63.67, 1.867, 415.3
63.68, 1.868, 418.3
63.69, 1.869, 419.9
63.70, 1.870, 418.9
63.71, 1.871, 421.8
63.72, 1.872, 423.1
63.73, 1.873, 427.8
63.74, 1.874, 428.2
63.75, 1.875, 430.6
63.76, 1.876, 429.5
63.77, 1.877, 431.0
63.78, 1.878, 434.5
63.79, 1.879, 436.9
63.80, 1.880, 438.7
63.81, 1.881, 439.2
63.82, 1.882, 442.7
63.83, 1.883, 444.1
63.84, 1.884, 442.7
63.85, 1.885, 448.1
63.86, 1.886, 450.4
63.87, 1.887, 450.9
63.88, 1.888, 452.0
63.89, 1.889, 453.8
63.90, 1.890, 455.3
63.91, 1.891, 458.6
63.92, 1.892, 456.6
63.93, 1.893, 458.8
63.94, 1.894, 460.5
63.95, 1.895, 460.8
63.96, 1.896, 463.4
63.97, 1.897, 465.1
63.98, 1.898, 468.3
63.99, 1.899, 470.6
64.00, 1.900, 472.4
64.01, 1.901, 473.3
64.02, 1.902, 474.5
64.03, 1.903, 477.8
64.04, 1.904, 479.6
64.05, 1.905, 479.2
64.06, 1.906, 481.8
64.07, 1.907, 485.1
64.08, 1.908, 485.3
64.09, 1.909, 487.5
64.10, 1.910, 490.1
64.11, 1.911, 489.7
64.12, 1.912, 492.3
64.13, 1.913, 494.2
64.14, 1.914, 496.5
64.15, 1.915, 498.6
64.16, 1.916, 502.4
64.17, 1.917, 501.1
64.18, 1.918, 503.8
64.19, 1.919, 505.8
64.20, 1.920, 509.4
64.21, 1.921, 512.4
64.22, 1.922, 512.8
64.23, 1.923, 510.9
64.24, 1.924, 515.6
64.25, 1.925, 518.5
64.26, 1.926, 520.7
64.27, 1.927, 522.6
64.28, 1.928, 523.5
64.29, 1.929, 525.3
64.30, 1.930, 528.1
64.31, 1.931, 528.1
64.32, 1.932, 531.8
64.33, 1.933, 533.2
64.34, 1.934, 535.5
64.35, 1.935, 535.5
64.36, 1.936, 539.1
64.37, 1.937, 540.6
64.38, 1.938, 542.8
64.39, 1.939, 542.2
64.40, 1.940, 544.8
64.41, 1.941, 547.0
64.42, 1.942, 547.6
64.43, 1.943, 549.3
64.44, 1.944, 551.7
64.45, 1.945, 554.3
64.46, 1.946, 554.9
64.47, 1.947, 557.3
64.48, 1.948, 560.2
64.49, 1.949, 560.9
64.50, 1.950, 564.0
64.51, 1.951, 565.5
64.52, 1.952, 566.7
64.53, 1.953, 567.9
64.54, 1.954, 570.2
64.55, 1.955, 570.5
64.56, 1.956, 573.8
64.57, 1.957, 577.1
64.58, 1.958, 578.1
64.59, 1.959, 578.8
64.60, 1.960, 581.4
64.61, 1.961, 582.9
64.62, 1.962, 585.0
64.63, 1.963, 590.0
64.64, 1.964, 590.6
64.65, 1.965, 590.8
64.66, 1.966, 591.7
64.67, 1.967, 596.2
64.68, 1.968, 597.9
64.69, 1.969, 599.8
64.70, 1.970, 602.1
64.71, 1.971, 601.2
64.72, 1.972, 604.0
64.73, 1.973, 607.6
64.74, 1.974, 610.0
64.75, 1.975, 611.2
64.76, 1.976, 614.0
64.77, 1.977, 613.3
64.78, 1.978, 615.5
64.79, 1.979, 617.9
64.80, 1.980, 618.3
64.81, 1.981, 621.4
64.82, 1.982, 623.2
64.83, 1.983, 623.0
64.84, 1.984, 623.8
64.85, 1.985, 624.2
64.86, 1.986, 623.2
64.87, 1.987, 622.7
64.88, 1.988, 624.5
64.89, 1.989, 625.9
64.90, 1.990, 624.2
64.91, 1.991, 626.1
64.92, 1.992, 626.5
64.93, 1.993, 625.1
64.94, 1.994, 627.5
64.95, 1.995, 628.2
64.96, 1.996, 626.0
64.97, 1.997, 628.5
64.98, 1.998, 628.4
64.99, 1.999, 627.0
65.00, 2.000, 628.7
65.01, 1.999, 630.5
65.02, 1.998, 628.5
65.03, 1.997, 626.9
65.04, 1.996, 628.2
65.05, 1.995, 628.5
65.06, 1.994, 631.1
65.07, 1.993, 630.6
65.08, 1.992, 630.1
65.09, 1.991, 631.7
65.10, 1.990, 631.0
65.11, 1.989, 631.1
65.12, 1.988, 632.3
65.13, 1.987, 633.1
65.14, 1.986, 633.1
65.15, 1.985, 633.2
65.16, 1.984, 633.1
65.17, 1.983, 633.2
65.18, 1.982, 633.2
65.19, 1.981, 633.0
65.20, 1.980, 632.0
65.21, 1.979, 630.9
65.22, 1.978, 629.0
65.23, 1.977, 627.6
65.24, 1.976, 627.1
65.25, 1.975, 627.0
65.26, 1.974, 626.6
65.27, 1.973, 623.1
65.28, 1.972, 620.3
65.29, 1.971, 621.6
65.30, 1.970, 618.9
65.31, 1.969, 618.5
65.32, 1.968, 615.8
65.33, 1.967, 612.9
65.34, 1.966, 614.1
65.35, 1.965, 612.7
65.36, 1.964, 612.7
65.37, 1.963, 608.2
65.38, 1.962, 609.0
65.39, 1.961, 607.6
65.40, 1.960, 606.4
65.41, 1.959, 605.2
65.42, 1.958, 602.9
65.43, 1.957, 602.3
65.44, 1.956, 599.4
65.45, 1.955, 597.2
65.46, 1.954, 597.4
65.47, 1.953, 596.8
65.48, 1.952, 594.5
65.49, 1.951, 593.8
65.50, 1.950, 591.0
65.51, 1.949, 590.6
65.52, 1.948, 589.8
65.53, 1.947, 587.4
65.54, 1.946, 585.5
65.55, 1.945, 584.6
65.56, 1.944, 581.2
65.57, 1.943, 582.4
65.58, 1.942, 581.0
65.59, 1.941, 577.9
65.60, 1.940, 575.3
65.61, 1.939, 576.0
65.62, 1.938, 576.7
65.63, 1.937, 577.6
65.64, 1.936, 573.3
65.65, 1.935, 571.9
65.66, 1.934, 569.7
65.67, 1.933, 569.4
65.68, 1.932, 568.0
65.69, 1.931, 566.0
65.70, 1.930, 564.8
65.71, 1.929, 562.3
65.72, 1.928, 560.3
65.73, 1.927, 563.5
65.74, 1.926, 561.0
65.75, 1.925, 558.9
65.76, 1.924, 553.9
65.77, 1.923, 556.8
65.78, 1.922, 555.0
65.79, 1.921, 555.2
65.80, 1.920, 552.8
65.81, 1.919, 551.4
65.82, 1.918, 548.0
65.83, 1.917, 548.2
65.84, 1.916, 547.3
65.85, 1.915, 546.0
65.86, 1.914, 541.7
65.87, 1.913, 540.2
65.88, 1.912, 540.4
65.89, 1.911, 537.0
65.90, 1.910, 537.1
65.91, 1.909, 535.9
65.92, 1.908, 533.7
65.93, 1.907, 533.8
65.94, 1.906, 529.9
65.95, 1.905, 527.6
65.96, 1.904, 529.5
65.97, 1.903, 526.0
65.98, 1.902, 525.5
65.99, 1.901, 522.7
66.00, 1.900, 521.1
66.01, 1.899, 522.0
66.02, 1.898, 520.2
66.03, 1.897, 517.2
66.04, 1.896, 515.0
66.05, 1.895, 514.6
66.06, 1.894, 513.5
66.07, 1.893, 511.4
66.08, 1.892, 512.6
66.09, 1.891, 509.2
66.10, 1.890, 506.8
66.11, 1.889, 507.6
66.12, 1.888, 506.4
66.13, 1.887, 504.6
66.14, 1.886, 502.4
66.15, 1.885, 500.9
66.16, 1.884, 497.5
66.17, 1.883, 498.2
66.18, 1.882, 497.0
66.19, 1.881, 494.1
66.20, 1.880, 490.1
66.21, 1.879, 492.7
66.22, 1.878, 488.7
66.23, 1.877, 488.1
66.24, 1.876, 489.1
66.25, 1.875, 488.6
66.26, 1.874, 486.4
66.27, 1.873, 484.9
66.28, 1.872, 481.3
66.29, 1.871, 481.5
66.30, 1.870, 479.8
66.31, 1.869, 478.9
66.32, 1.868, 477.9
66.33, 1.867, 473.5
66.34, 1.866, 474.1
66.35, 1.865, 471.0
66.36, 1.864, 469.1
66.37, 1.863, 470.0
66.38, 1.862, 465.8
66.39, 1.861, 465.9
66.40, 1.860, 467.3
66.41, 1.859, 461.0
66.42, 1.858, 459.1
66.43, 1.857, 460.1
66.44, 1.856, 457.7
66.45, 1.855, 459.2
66.46, 1.854, 455.4
66.47, 1.853, 454.7
66.48, 1.852, 452.7
66.49, 1.851, 450.7
66.50, 1.850, 449.7
66.51, 1.849, 449.4
66.52, 1.848, 444.7
66.53, 1.847, 445.6
66.54, 1.846, 444.8
66.55, 1.845, 442.8
66.56, 1.844, 441.7
66.57, 1.843, 440.2
66.58, 1.842, 439.0
66.59, 1.841, 435.9
66.60, 1.840, 435.0
66.61, 1.839, 435.9
66.62, 1.838, 433.1
66.63, 1.837, 429.9
66.64, 1.836, 428.7
66.65, 1.835, 429.0
66.66, 1.834, 428.5
66.67, 1.833, 425.6
66.68, 1.832, 425.1
66.69, 1.831, 422.9
66.70, 1.830, 420.9
66.71, 1.829, 420.9
66.72, 1.828, 420.9
66.73, 1.827, 416.8
66.74, 1.826, 415.1
66.75, 1.825, 411.5
66.76, 1.824, 412.5
66.77, 1.823, 411.1
66.78, 1.822, 410.5
66.79, 1.821, 408.6
66.80, 1.820, 404.1
66.81, 1.819, 401.9
66.82, 1.818, 400.9
66.83, 1.817, 403.2
66.84, 1.816, 399.7
66.85, 1.815, 399.0
66.86, 1.814, 395.5
66.87, 1.813, 398.6
66.88, 1.812, 397.2
66.89, 1.811, 396.0
66.90, 1.810, 393.2
66.91, 1.809, 390.6
66.92, 1.808, 389.8
66.93, 1.807, 392.1
66.94, 1.806, 389.6
66.95, 1.805, 384.5
66.96, 1.804, 383.2
66.97, 1.803, 382.0
66.98, 1.802, 380.4
66.99, 1.801, 381.3
67.00, 1.800, 381.4
67.01, 1.799, 377.0
67.02, 1.798, 376.5
67.03, 1.797, 376.5
67.04, 1.796, 372.7
67.05, 1.795, 371.6
67.06, 1.794, 368.1
67.07, 1.793, 369.2
67.08, 1.792, 366.0
67.09, 1.791, 365.2
67.10, 1.790, 364.8
67.11, 1.789, 365.9
67.12, 1.788, 361.4
67.13, 1.787, 358.4
67.14, 1.786, 359.4
67.15, 1.785, 353.9
67.16, 1.784, 354.5
67.17, 1.783, 354.7
67.18, 1.782, 351.3
67.19, 1.781, 350.9
67.20, 1.780, 347.9
67.21, 1.779, 349.0
67.22, 1.778, 346.9
67.23, 1.777, 345.2
67.24, 1.776, 343.2
67.25, 1.775, 342.3
67.26, 1.774, 341.7
67.27, 1.773, 340.0
67.28, 1.772, 339.2
67.29, 1.771, 336.6
67.30, 1.770, 335.0
67.31, 1.769, 331.9
67.32, 1.768, 333.4
67.33, 1.767, 332.8
67.34, 1.766, 332.3
67.35, 1.765, 327.3
67.36, 1.764, 327.3
67.37, 1.763, 324.7
67.38, 1.762, 323.2
67.39, 1.761, 324.4
67.40, 1.760, 322.6
67.41, 1.759, 319.7
67.42, 1.758, 320.4
67.43, 1.757, 317.7
67.44, 1.756, 315.9
67.45, 1.755, 316.9
67.46, 1.754, 314.9
67.47, 1.753, 309.6
67.48, 1.752, 311.7
67.49, 1.751, 309.6
67.50, 1.750, 309.8
67.51, 1.749, 309.4
67.52, 1.748, 307.1
67.53, 1.747, 306.0
67.54, 1.746, 305.1
67.55, 1.745, 305.2
67.56, 1.744, 303.5
67.57, 1.743, 299.9
67.58, 1.742, 296.9
67.59, 1.741, 298.2
67.60, 1.740, 294.4
67.61, 1.739, 295.1
67.62, 1.738, 295.1
67.63, 1.737, 291.9
67.64, 1.736, 289.6
67.65, 1.735, 289.5
67.66, 1.734, 288.0
67.67, 1.733, 287.3
67.68, 1.732, 285.9
67.69, 1.731, 285.3
67.70, 1.730, 282.7
67.71, 1.729, 280.9
67.72, 1.728, 278.7
67.73, 1.727, 279.5
67.74, 1.726, 278.4
67.75, 1.725, 276.5
67.76, 1.724, 275.0
67.77, 1.723, 272.9
67.78, 1.722, 272.0
67.79, 1.721, 272.5
67.80, 1.720, 270.0
67.81, 1.719, 269.2
67.82, 1.718, 267.2
67.83, 1.717, 263.7
67.84, 1.716, 265.1
67.85, 1.715, 263.6
67.86, 1.714, 262.5
67.87, 1.713, 262.5
67.88, 1.712, 259.6
67.89, 1.711, 260.1
67.90, 1.710, 258.9
67.91, 1.709, 258.6
67.92, 1.708, 253.9
67.93, 1.707, 252.7
67.94, 1.706, 250.5
67.95, 1.705, 250.8
67.96, 1.704, 248.7
67.97, 1.703, 250.6
67.98, 1.702, 245.8
67.99, 1.701, 245.6
68.00, 1.700, 242.6
68.01, 1.699, 243.4
68.02, 1.698, 241.9
68.03, 1.697, 238.8
68.04, 1.696, 237.5
68.05, 1.695, 237.1
68.06, 1.694, 237.1
68.07, 1.693, 234.9
68.08, 1.692, 232.5
68.09, 1.691, 231.7
68.10, 1.690, 229.1
68.11, 1.689, 229.0
68.12, 1.688, 230.7
68.13, 1.687, 227.2
68.14, 1.686, 227.5
68.15, 1.685, 225.0
68.16, 1.684, 223.9
68.17, 1.683, 224.3
68.18, 1.682, 223.6
68.19, 1.681, 220.5
68.20, 1.680, 219.9
68.21, 1.679, 219.0
68.22, 1.678, 216.2
68.23, 1.677, 217.9
68.24, 1.676, 216.5
68.25, 1.675, 213.6
68.26, 1.674, 212.4
68.27, 1.673, 212.4
68.28, 1.672, 211.7
68.29, 1.671, 211.5
68.30, 1.670, 208.7
68.31, 1.669, 208.1
68.32, 1.668, 207.1
68.33, 1.667, 207.1
68.34, 1.666, 206.0
68.35, 1.665, 202.2
68.36, 1.664, 201.8
68.37, 1.663, 201.5
68.38, 1.662, 200.0
68.39, 1.661, 200.3
68.40, 1.660, 195.5
68.41, 1.659, 194.0
68.42, 1.658, 193.6
68.43, 1.657, 194.5
68.44, 1.656, 193.7
68.45, 1.655, 190.7
68.46, 1.654, 191.3
68.47, 1.653, 189.5
68.48, 1.652, 187.2
68.49, 1.651, 185.9
68.50, 1.650, 183.9
68.51, 1.649, 186.0
68.52, 1.648, 184.4
68.53, 1.647, 184.7
68.54, 1.646, 181.9
68.55, 1.645, 181.6
68.56, 1.644, 178.8
68.57, 1.643, 178.5
68.58, 1.642, 178.4
68.59, 1.641, 177.6
68.60, 1.640, 173.8
68.61, 1.639, 176.1
68.62, 1.638, 173.6
68.63, 1.637, 172.9
68.64, 1.636, 173.0
68.65, 1.635, 171.8
68.66, 1.634, 169.7
68.67, 1.633, 167.4
68.68, 1.632, 167.7
68.69, 1.631, 169.0
68.70, 1.630, 167.1
68.71, 1.629, 167.5
68.72, 1.628, 164.1
68.73, 1.627, 162.6
68.74, 1.626, 161.1
68.75, 1.625, 162.7
68.76, 1.624, 162.5
68.77, 1.623, 160.3
68.78, 1.622, 159.5
68.79, 1.621, 158.7
68.80, 1.620, 156.8
68.81, 1.619, 157.9
68.82, 1.618, 155.9
68.83, 1.617, 152.8
68.84, 1.616, 151.9
68.85, 1.615, 151.0
68.86, 1.614, 151.1
68.87, 1.613, 149.9
68.88, 1.612, 149.5
68.89, 1.611, 145.2
68.90, 1.610, 146.4
68.91, 1.609, 147.3
68.92, 1.608, 146.6
68.93, 1.607, 142.6
68.94, 1.606, 143.7
68.95, 1.605, 141.7
68.96, 1.604, 141.1
68.97, 1.603, 140.9
68.98, 1.602, 138.9
68.99, 1.601, 137.1
69.00, 1.600, 138.3
69.01, 1.599, 137.0
69.02, 1.598, 136.7
69.03, 1.597, 137.8
69.04, 1.596, 134.7
69.05, 1.595, 132.3
69.06, 1.594, 132.7
69.07, 1.593, 132.6
69.08, 1.592, 130.3
69.09, 1.591, 130.3
69.10, 1.590, 128.9
69.11, 1.589, 129.5
69.12, 1.588, 128.8
69.13, 1.587, 127.2
69.14, 1.586, 125.8
69.15, 1.585, 125.4
69.16, 1.584, 124.5
69.17, 1.583, 125.0
69.18, 1.582, 122.2
69.19, 1.581, 120.2
69.20, 1.580, 120.3
69.21, 1.579, 119.3
69.22, 1.578, 120.1
69.23, 1.577, 116.3
69.24, 1.576, 117.3
69.25, 1.575, 116.3
69.26, 1.574, 116.4
69.27, 1.573, 113.3
69.28, 1.572, 112.6
69.29, 1.571, 112.2
69.30, 1.570, 109.9
69.31, 1.569, 111.6
69.32, 1.568, 111.8
69.33, 1.567, 108.3
69.34, 1.566, 106.4
69.35, 1.565, 107.5
69.36, 1.564, 105.3
69.37, 1.563, 108.7
69.38, 1.562, 105.7
69.39, 1.561, 104.4
69.40, 1.560, 102.9
69.41, 1.559, 103.5
69.42, 1.558, 103.0
69.43, 1.557, 100.2
69.44, 1.556, 100.3
69.45, 1.555, 97.65
69.46, 1.554, 100.1
69.47, 1.553, 98.61
69.48, 1.552, 98.07
69.49, 1.551, 95.70
69.50, 1.550, 95.97
69.51, 1.549, 94.79
69.52, 1.548, 94.91
69.53, 1.547, 94.34
69.54, 1.546, 94.17
69.55, 1.545, 90.88
69.56, 1.544, 93.04
69.57, 1.543, 88.30
69.58, 1.542, 91.99
69.59, 1.541, 90.95
69.60, 1.540, 87.74
69.61, 1.539, 88.65
69.62, 1.538, 86.88
69.63, 1.537, 85.90
69.64, 1.536, 88.02
69.65, 1.535, 84.35
69.66, 1.534, 84.14
69.67, 1.533, 80.08
69.68, 1.532, 82.79
69.69, 1.531, 82.33
69.70, 1.530, 81.63
69.71, 1.529, 80.32
69.72, 1.528, 78.64
69.73, 1.527, 78.19
69.74, 1.526, 78.16
69.75, 1.525, 77.52
69.76, 1.524, 78.35
69.77, 1.523, 74.11
69.78, 1.522, 75.22
69.79, 1.521, 74.11
69.80, 1.520, 74.72
69.81, 1.519, 73.23
69.82, 1.518, 71.78
69.83, 1.517, 70.46
69.84, 1.516, 72.31
69.85, 1.515, 71.50
69.86, 1.514, 71.48
69.87, 1.513, 69.60
69.88, 1.512, 69.06
69.89, 1.511, 67.91
69.90, 1.510, 68.19
69.91, 1.509, 67.43
69.92, 1.508, 65.73
69.93, 1.507, 65.63
69.94, 1.506, 65.31
69.95, 1.505, 64.66
69.96, 1.504, 66.20
69.97, 1.503, 62.86
69.98, 1.502, 61.82
69.99, 1.501, 60.76
70.00, 1.500, 65.56
70.01, 1.499, 64.53
70.02, 1.498, 63.93
70.03, 1.497, 60.60
70.04, 1.496, 60.88
70.05, 1.495, 60.91
70.06, 1.494, 61.23
70.07, 1.493, 60.86
70.08, 1.492, 57.39
70.09, 1.491, 55.93
70.10, 1.490, 55.82
70.11, 1.489, 55.02
70.12, 1.488, 53.93
70.13, 1.487, 55.16
70.14, 1.486, 54.14
70.15, 1.485, 52.93
70.16, 1.484, 52.37
70.17, 1.483, 52.25
70.18, 1.482, 52.46
70.19, 1.481, 49.79
70.20, 1.480, 50.49
70.21, 1.479, 48.94
70.22, 1.478, 47.91
70.23, 1.477, 50.58
70.24, 1.476, 47.10
70.25, 1.475, 48.97
70.26, 1.474, 46.64
70.27, 1.473, 46.30
70.28, 1.472, 47.16
70.29, 1.471, 45.30
70.30, 1.470, 45.99
70.31, 1.469, 45.95
70.32, 1.468, 44.83
70.33, 1.467, 45.08
70.34, 1.466, 43.67
70.35, 1.465, 43.97
70.36, 1.464, 44.37
70.37, 1.463, 42.32
70.38, 1.462, 42.38
70.39, 1.461, 43.46
70.40, 1.460, 43.58
70.41, 1.459, 43.07
70.42, 1.458, 39.89
70.43, 1.457, 40.41
70.44, 1.456, 40.61
70.45, 1.455, 40.53
70.46, 1.454, 39.24
70.47, 1.453, 40.31
70.48, 1.452, 37.83
70.49, 1.451, 37.09
70.50, 1.450, 38.59
70.51, 1.449, 36.39
70.52, 1.448, 36.30
70.53, 1.447, 35.25
70.54, 1.446, 35.64
70.55, 1.445, 34.99
70.56, 1.444, 36.28
70.57, 1.443, 33.71
70.58, 1.442, 34.16
70.59, 1.441, 32.86
70.60, 1.440, 33.43
70.61, 1.439, 33.24
70.62, 1.438, 33.91
70.63, 1.437, 30.62
70.64, 1.436, 31.44
70.65, 1.435, 32.55
70.66, 1.434, 32.51
70.67, 1.433, 30.91
70.68, 1.432, 30.10
70.69, 1.431, 31.20
70.70, 1.430, 31.26
70.71, 1.429, 30.03
70.72, 1.428, 27.25
70.73, 1.427, 28.66
70.74, 1.426, 28.98
70.75, 1.425, 29.97
70.76, 1.424, 26.68
70.77, 1.423, 28.04
70.78, 1.422, 28.72
70.79, 1.421, 28.21
70.80, 1.420, 28.27
70.81, 1.419, 26.66
70.82, 1.418, 26.66
70.83, 1.417, 27.23
70.84, 1.416, 27.89
70.85, 1.415, 27.85
70.86, 1.414, 24.78
70.87, 1.413, 25.97
70.88, 1.412, 25.44
70.89, 1.411, 25.18
70.90, 1.410, 24.75
70.91, 1.409, 24.44
70.92, 1.408, 23.82
70.93, 1.407, 25.19
70.94, 1.406, 25.55
70.95, 1.405, 22.98
70.96, 1.404, 21.13
70.97, 1.403, 22.43
70.98, 1.402, 22.30
70.99, 1.401, 21.00
71.00, 1.400, 21.74
71.01, 1.399, 20.28
71.02, 1.398, 20.66
71.03, 1.397, 22.26
71.04, 1.396, 20.65
71.05, 1.395, 20.75
71.06, 1.394, 19.68
71.07, 1.393, 19.87
71.08, 1.392, 21.40
71.09, 1.391, 20.24
71.10, 1.390, 19.72
71.11, 1.389, 19.35
71.12, 1.388, 20.97
71.13, 1.387, 21.26
71.14, 1.386, 19.46
71.15, 1.385, 18.34
71.16, 1.384, 17.83
71.17, 1.383, 19.98
71.18, 1.382, 18.49
71.19, 1.381, 17.42
71.20, 1.380, 17.90
71.21, 1.379, 18.28
71.22, 1.378, 17.88
71.23, 1.377, 18.77
71.24, 1.376, 18.50
71.25, 1.375, 18.51
71.26, 1.374, 19.37
71.27, 1.373, 15.69
71.28, 1.372, 18.48
71.29, 1.371, 20.00
71.30, 1.370, 19.50
71.31, 1.369, 15.91
71.32, 1.368, 17.86
71.33, 1.367, 18.17
71.34, 1.366, 16.87
71.35, 1.365, 16.62
71.36, 1.364, 15.91
71.37, 1.363, 14.57
71.38, 1.362, 15.12
71.39, 1.361, 15.22
71.40, 1.360, 14.69
71.41, 1.359, 13.46
71.42, 1.358, 13.71
71.43, 1.357, 13.97
71.44, 1.356, 15.18
71.45, 1.355, 13.41
71.46, 1.354, 12.92
71.47, 1.353, 12.56
71.48, 1.352, 14.42
71.49, 1.351, 14.27
71.50, 1.350, 11.07
71.51, 1.349, 11.98
71.52, 1.348, 12.43
71.53, 1.347, 11.13
71.54, 1.346, 13.02
71.55, 1.345, 12.74
71.56, 1.344, 12.45
71.57, 1.343, 13.11
71.58, 1.342, 13.07
71.59, 1.341, 12.94
71.60, 1.340, 13.94
71.61, 1.339, 11.54
71.62, 1.338, 11.10
71.63, 1.337, 12.67
71.64, 1.336, 12.93
71.65, 1.335, 12.33
71.66, 1.334, 10.73
71.67, 1.333, 11.07
71.68, 1.332, 10.23
71.69, 1.331, 11.05
71.70, 1.330, 12.21
71.71, 1.329, 12.48
71.72, 1.328, 12.44
71.73, 1.327, 10.96
71.74, 1.326, 9.989
71.75, 1.325, 11.54
71.76, 1.324, 10.81
71.77, 1.323, 9.639
71.78, 1.322, 11.62
71.79, 1.321, 9.734
71.80, 1.320, 8.333
71.81, 1.319, 10.67
71.82, 1.318, 8.836
71.83, 1.317, 8.308
71.84, 1.316, 7.438
71.85, 1.315, 8.227
71.86, 1.314, 8.431
71.87, 1.313, 9.448
71.88, 1.312, 9.228
71.89, 1.311, 9.381
71.90, 1.310, 7.766
71.91, 1.309, 8.240
71.92, 1.308, 8.772
71.93, 1.307, 8.549
71.94, 1.306, 6.795
71.95, 1.305, 8.618
71.96, 1.304, 7.826
71.97, 1.303, 7.891
71.98, 1.302, 9.056
71.99, 1.301, 9.212
72.00, 1.300, 8.410
72.01, 1.299, 9.939
72.02, 1.298, 9.348
72.03, 1.297, 9.740
72.04, 1.296, 8.312
72.05, 1.295, 7.102
72.06, 1.294, 8.203
72.07, 1.293, 8.143
72.08, 1.292, 7.799
72.09, 1.291, 8.594
72.10, 1.290, 6.277
72.11, 1.289, 7.324
72.12, 1.288, 7.970
72.13, 1.287, 8.015
72.14, 1.286, 7.917
72.15, 1.285, 8.028
72.16, 1.284, 7.296
72.17, 1.283, 7.422
72.18, 1.282, 7.170
72.19, 1.281, 7.479
72.20, 1.280, 8.179
72.21, 1.279, 7.043
72.22, 1.278, 6.946
72.23, 1.277, 6.828
72.24, 1.276, 5.417
72.25, 1.275, 5.358
72.26, 1.274, 4.718
72.27, 1.273, 3.939
72.28, 1.272, 4.189
72.29, 1.271, 7.331
72.30, 1.270, 6.572
72.31, 1.269, 4.528
72.32, 1.268, 6.073
72.33, 1.267, 5.987
72.34, 1.266, 7.400
72.35, 1.265, 8.016
72.36, 1.264, 6.192
72.37, 1.263, 5.663
72.38, 1.262, 6.307
72.39, 1.261, 5.357
72.40, 1.260, 5.116
72.41, 1.259, 5.837
72.42, 1.258, 5.256
72.43, 1.257, 5.571
72.44, 1.256, 5.238
72.45, 1.255, 5.977
72.46, 1.254, 5.926
72.47, 1.253, 5.946
72.48, 1.252, 6.945
72.49, 1.251, 4.620
72.50, 1.250, 7.295
72.51, 1.249, 6.863
72.52, 1.248, 8.740
72.53, 1.247, 5.615
72.54, 1.246, 6.151
72.55, 1.245, 6.184
72.56, 1.244, 5.053
72.57, 1.243, 6.653
72.58, 1.242, 6.371
72.59, 1.241, 7.013
72.60, 1.240, 5.177
72.61, 1.239, 4.490
72.62, 1.238, 3.727
72.63, 1.237, 3.043
72.64, 1.236, 5.666
72.65, 1.235, 3.782
72.66, 1.234, 4.996
72.67, 1.233, 3.842
72.68, 1.232, 5.247
72.69, 1.231, 4.565
72.70, 1.230, 5.274
72.71, 1.229, 4.180
72.72, 1.228, 3.630
72.73, 1.227, 4.192
72.74, 1.226, 3.644
72.75, 1.225, 2.177
72.76, 1.224, 3.878
72.77, 1.223, 3.690
72.78, 1.222, 3.444
72.79, 1.221, 2.950
72.80, 1.220, 3.109
72.81, 1.219, 5.022
72.82, 1.218, 6.552
72.83, 1.217, 4.053
72.84, 1.216, 3.112
72.85, 1.215, 3.663
72.86, 1.214, 2.673
72.87, 1.213, 2.599
72.88, 1.212, 4.066
72.89, 1.211, 5.412
72.90, 1.210, 1.807
72.91, 1.209, 2.390
72.92, 1.208, 5.846
72.93, 1.207, 5.050
72.94, 1.206, 2.947
72.95, 1.205, 3.898
72.96, 1.204, 5.370
72.97, 1.203, 3.633
72.98, 1.202, 4.399
72.99, 1.201, 4.721
73.00, 1.200, 4.239
73.01, 1.199, 4.541
73.02, 1.198, 3.167
73.03, 1.197, 1.388
73.04, 1.196, 4.835
73.05, 1.195, 3.700
73.06, 1.194, 2.501
73.07, 1.193, 1.668
73.08, 1.192, 4.498
73.09, 1.191, 1.868
73.10, 1.190, 1.873
73.11, 1.189, 2.299
73.12, 1.188, 5.563
73.13, 1.187, 3.966
73.14, 1.186, 0.3900
73.15, 1.185, 2.670
73.16, 1.184, 2.956
73.17, 1.183, 0.1562
73.18, 1.182, 2.491
73.19, 1.181, 4.396
73.20, 1.180, 1.568
73.21, 1.179, 1.204
73.22, 1.178, 1.236
73.23, 1.177, 0.2231
73.24, 1.176, 3.928
73.25, 1.175, 1.933
73.26, 1.174, 0.6675
73.27, 1.173, 0.4079
73.28, 1.172, -0.1984
73.29, 1.171, 0.8647
73.30, 1.170, 2.272
73.31, 1.169, 3.541
73.32, 1.168, 1.101
73.33, 1.167, 2.929
73.34, 1.166, 1.625
73.35, 1.165, 3.056
73.36, 1.164, 3.851
73.37, 1.163, 2.213
73.38, 1.162, 3.242
73.39, 1.161, 0.3697
73.40, 1.160, 0.3437
73.41, 1.159, 2.494
73.42, 1.158, 1.263
73.43, 1.157, 3.086
73.44, 1.156, 2.797
73.45, 1.155, 1.918
73.46, 1.154, 0.6816
73.47, 1.153, 0.5937
73.48, 1.152, -1.956
73.49, 1.151, -1.782
73.50, 1.150, -0.8270
73.51, 1.149, 0.7947
73.52, 1.148, -0.07258
73.53, 1.147, -1.729
73.54, 1.146, -0.6839
73.55, 1.145, -0.0007820
73.56, 1.144, -0.5588
73.57, 1.143, 2.500
73.58, 1.142, 0.7472
73.59, 1.141, 1.658
73.60, 1.140, -0.4586
73.61, 1.139, 0.03498
73.62, 1.138, 0.6481
73.63, 1.137, 1.662
73.64, 1.136, 0.01997
73.65, 1.135, 0.2780
73.66, 1.134, -1.951
73.67, 1.133, 1.235
73.68, 1.132, -1.362
73.69, 1.131, -0.5448
73.70, 1.130, -1.434
73.71, 1.129, 2.624
73.72, 1.128, 0.2383
73.73, 1.127, -1.301
73.74, 1.126, -1.750
73.75, 1.125, 0.2578
73.76, 1.124, 0.7498
73.77, 1.123, 2.447
73.78, 1.122, 0.2679
73.79, 1.121, 0.6307
73.80, 1.120, 0.7857
73.81, 1.119, -1.301
73.82, 1.118, 0.2869
73.83, 1.117, 2.185
73.84, 1.116, 1.257
73.85, 1.115, 1.388
73.86, 1.114, -0.8699
73.87, 1.113, -3.002
73.88, 1.112, -1.776
73.89, 1.111, 1.310
73.90, 1.110, 0.2168
73.91, 1.109, -1.057
73.92, 1.108, -0.7868
73.93, 1.107, -4.028
73.94, 1.106, -0.2906
73.95, 1.105, -2.964
73.96, 1.104, -0.08934
73.97, 1.103, 0.2114
73.98, 1.102, 0.6879
73.99, 1.101, -0.4135
74.00, 1.100, -3.267
74.01, 1.099, -2.595
74.02, 1.098, -1.977
74.03, 1.097, 0.3473
74.04, 1.096, -0.03141
74.05, 1.095, -0.9299
74.06, 1.094, -1.458
74.07, 1.093, -0.8595
74.08, 1.092, 1.301
74.09, 1.091, 1.069
74.10, 1.090, -0.5956
74.11, 1.089, -0.5410
74.12, 1.088, -2.613
74.13, 1.087, -2.852
74.14, 1.086, -0.09711
74.15, 1.085, 0.06435
74.16, 1.084, -0.2838
74.17, 1.083, -2.198
74.18, 1.082, 0.4948
74.19, 1.081, -0.2385
74.20, 1.080, 0.09713
74.21, 1.079, 0.002901
74.22, 1.078, 0.6014
74.23, 1.077, -2.315
74.24, 1.076, -1.304
74.25, 1.075, -0.6025
74.26, 1.074, 0.8134
74.27, 1.073, 1.502
74.28, 1.072, 0.2012
74.29, 1.071, -1.433
74.30, 1.070, -2.408
74.31, 1.069, -1.270
74.32, 1.068, -2.785
74.33, 1.067, -0.8574
74.34, 1.066, -2.613
74.35, 1.065, -2.903
74.36, 1.064, -2.408
74.37, 1.063, -2.029
74.38, 1.062, -2.159
74.39, 1.061, -1.011
74.40, 1.060, -2.346
74.41, 1.059, -2.978
74.42, 1.058, -4.001
74.43, 1.057, 0.2342
74.44, 1.056, -2.462
74.45, 1.055, -2.716
74.46, 1.054, -3.696
74.47, 1.053, -3.267
74.48, 1.052, -2.739
74.49, 1.051, -2.295
74.50, 1.050, -1.595
74.51, 1.049, -2.042
74.52, 1.048, -3.464
74.53, 1.047, -3.829
74.54, 1.046, -2.403
74.55, 1.045, 0.5005
74.56, 1.044, -0.2438
74.57, 1.043, -2.038
74.58, 1.042, -1.434
74.59, 1.041, -1.913
74.60, 1.040, -3.221
74.61, 1.039, -1.022
74.62, 1.038, -0.4264
74.63, 1.037, -1.349
74.64, 1.036, -3.595
74.65, 1.035, -2.276
74.66, 1.034, -0.5619
74.67, 1.033, -0.8214
74.68, 1.032, -3.662
74.69, 1.031, -1.452
74.70, 1.030, -2.546
74.71, 1.029, -1.823
74.72, 1.028, -2.789
74.73, 1.027, -4.729
74.74, 1.026, -3.244
74.75, 1.025, -1.619
74.76, 1.024, -3.126
74.77, 1.023, -4.487
74.78, 1.022, -2.983
74.79, 1.021, -3.900
74.80, 1.020, -3.591
74.81, 1.019, -1.907
74.82, 1.018, -2.184
74.83, 1.017, -4.502
74.84, 1.016, -3.951
74.85, 1.015, -4.342
74.86, 1.014, -4.144
74.87, 1.013, -0.7967
74.88, 1.012, -1.851
74.89, 1.011, -0.9218
74.90, 1.010, -4.036
74.91, 1.009, -5.286
74.92, 1.008, -2.009
74.93, 1.007, -1.858
74.94, 1.006, -3.889
74.95, 1.005, -1.895
74.96, 1.004, -2.812
74.97, 1.003, -2.241
74.98, 1.002, -1.254
74.99, 1.001, -1.653
75.00, 1.000, 1.807
75.01, 0.9990, -1.537
75.02, 0.9980, -2.128
75.03, 0.9970, -1.593
75.04, 0.9960, -0.01453
75.05, 0.9950, -0.9291
75.06, 0.9940, -3.185
75.07, 0.9930, -2.664
75.08, 0.9920, -1.498
75.09, 0.9910, -0.4576
75.10, 0.9900, -3.070
75.11, 0.9890, -2.371
75.12, 0.9880, -1.825
75.13, 0.9870, -2.665
75.14, 0.9860, -4.375
75.15, 0.9850, -3.212
75.16, 0.9840, -3.338
75.17, 0.9830, -3.277
75.18, 0.9820, -4.079
75.19, 0.9810, -4.187
75.20, 0.9800, -3.232
75.21, 0.9790, -4.816
75.22, 0.9780, -1.771
75.23, 0.9770, -3.247
75.24, 0.9760, -4.240
75.25, 0.9750, -4.795
75.26, 0.9740, -5.965
75.27, 0.9730, -3.827
75.28, 0.9720, -5.265
75.29, 0.9710, -4.104
75.30, 0.9700, -3.261
75.31, 0.9690, -2.466
75.32, 0.9680, -3.991
75.33, 0.9670, -3.663
75.34, 0.9660, -3.847
75.35, 0.9650, -1.995
75.36, 0.9640, -2.408
75.37, 0.9630, -2.694
75.38, 0.9620, -2.110
75.39, 0.9610, -3.832
75.40, 0.9600, -4.948
75.41, 0.9590, -3.104
75.42, 0.9580, -2.199
75.43, 0.9570, -2.915
75.44, 0.9560, -1.839
75.45, 0.9550, -4.657
75.46, 0.9540, -3.690
75.47, 0.9530, -2.090
75.48, 0.9520, -2.019
75.49, 0.9510, -1.130
75.50, 0.9500, -3.356
75.51, 0.9490, -4.538
75.52, 0.9480, -4.440
75.53, 0.9470, -3.809
75.54, 0.9460, -3.876
75.55, 0.9450, -1.733
75.56, 0.9440, -0.4317
75.57, 0.9430, -3.301
75.58, 0.9420, -3.597
75.59, 0.9410, -5.072
75.60, 0.9400, -4.500
75.61, 0.9390, -3.323
75.62, 0.9380, -3.537
75.63, 0.9370, -3.819
75.64, 0.9360, -6.334
75.65, 0.9350, -5.803
75.66, 0.9340, -4.524
75.67, 0.9330, -5.460
75.68, 0.9320, -3.924
75.69, 0.9310, -2.909
75.70, 0.9300, -3.348
75.71, 0.9290, -6.086
75.72, 0.9280, -4.653
75.73, 0.9270, -6.010
75.74, 0.9260, -2.424
75.75, 0.9250, -4.609
75.76, 0.9240, -4.528
75.77, 0.9230, -4.847
75.78, 0.9220, -3.154
75.79, 0.9210, -5.147
75.80, 0.9200, -4.133
75.81, 0.9190, -2.464
75.82, 0.9180, -3.431
75.83, 0.9170, -5.639
75.84, 0.9160, -3.203
75.85, 0.9150, -3.833
75.86, 0.9140, -3.095
75.87, 0.9130, -3.810
75.88, 0.9120, -3.211
75.89, 0.9110, -4.127
75.90, 0.9100, -2.733
75.91, 0.9090, -4.514
75.92, 0.9080, -3.332
75.93, 0.9070, -4.484
75.94, 0.9060, -2.501
75.95, 0.9050, -1.596
75.96, 0.9040, -4.378
75.97, 0.9030, -2.699
75.98, 0.9020, -5.503
75.99, 0.9010, -4.666
76.00, 0.9000, -5.345
76.01, 0.8990, -4.848
76.02, 0.8980, -5.386
76.03, 0.8970, -5.793
76.04, 0.8960, -3.332
76.05, 0.8950, -5.763
76.06, 0.8940, -3.177
76.07, 0.8930, -4.039
76.08, 0.8920, -4.707
76.09, 0.8910, -5.837
76.10, 0.8900, -4.849
76.11, 0.8890, -4.864
76.12, 0.8880, -3.202
76.13, 0.8870, -4.390
76.14, 0.8860, -5.341
76.15, 0.8850, -5.464
76.16, 0.8840, -4.630
76.17, 0.8830, -3.687
76.18, 0.8820, -2.144
76.19, 0.8810, -5.086
76.20, 0.8800, -4.810
76.21, 0.8790, -4.461
76.22, 0.8780, -4.692
76.23, 0.8770, -3.856
76.24, 0.8760, -4.565
76.25, 0.8750, -3.439
76.26, 0.8740, -5.418
76.27, 0.8730, -4.852
76.28, 0.8720, -5.170
76.29, 0.8710, -3.507
76.30, 0.8700, -4.326
76.31, 0.8690, -5.317
76.32, 0.8680, -6.083
76.33, 0.8670, -5.334
76.34, 0.8660, -5.236
76.35, 0.8650, -4.770
76.36, 0.8640, -2.802
76.37, 0.8630, -6.206
76.38, 0.8620, -4.304
76.39, 0.8610, -5.817
76.40, 0.8600, -4.151
76.41, 0.8590, -3.018
76.42, 0.8580, -5.947
76.43, 0.8570, -7.171
76.44, 0.8560, -4.505
76.45, 0.8550, -4.396
76.46, 0.8540, -3.791
76.47, 0.8530, -6.569
76.48, 0.8520, -5.199
76.49, 0.8510, -4.627
76.50, 0.8500, -5.433
76.51, 0.8490, -5.726
76.52, 0.8480, -5.513
76.53, 0.8470, -3.591
76.54, 0.8460, -4.116
76.55, 0.8450, -4.747
76.56, 0.8440, -5.429
76.57, 0.8430, -6.473
76.58, 0.8420, -5.508
76.59, 0.8410, -3.737
76.60, 0.8400, -3.943
76.61, 0.8390, -5.423
76.62, 0.8380, -5.349
76.63, 0.8370, -4.878
76.64, 0.8360, -5.499
76.65, 0.8350, -3.946
76.66, 0.8340, -3.249
76.67, 0.8330, -5.148
76.68, 0.8320, -5.616
76.69, 0.8310, -5.511
76.70, 0.8300, -6.572
76.71, 0.8290, -4.127
76.72, 0.8280, -5.132
76.73, 0.8270, -6.292
76.74, 0.8260, -5.273
76.75, 0.8250, -5.976
76.76, 0.8240, -4.178
76.77, 0.8230, -4.476
76.78, 0.8220, -4.816
76.79, 0.8210, -5.716
76.80, 0.8200, -5.446
76.81, 0.8190, -5.147
76.82, 0.8180, -4.922
76.83, 0.8170, -4.481
76.84, 0.8160, -6.703
76.85, 0.8150, -5.079
76.86, 0.8140, -6.153
76.87, 0.8130, -3.093
76.88, 0.8120, -3.367
76.89, 0.8110, -4.873
76.90, 0.8100, -4.829
76.91, 0.8090, -7.405
76.92, 0.8080, -6.093
76.93, 0.8070, -5.748
76.94, 0.8060, -5.218
76.95, 0.8050, -5.380
76.96, 0.8040, -5.982
76.97, 0.8030, -6.183
76.98, 0.8020, -6.168
76.99, 0.8010, -2.820
77.00, 0.8000, -5.022
77.01, 0.7990, -6.333
77.02, 0.7980, -4.876
77.03, 0.7970, -5.914
77.04, 0.7960, -3.669
77.05, 0.7950, -4.581
77.06, 0.7940, -5.370
77.07, 0.7930, -4.888
77.08, 0.7920, -5.391
77.09, 0.7910, -5.952
77.10, 0.7900, -4.333
77.11, 0.7890, -3.025
77.12, 0.7880, -5.988
77.13, 0.7870, -5.164
77.14, 0.7860, -6.160
77.15, 0.7850, -4.291
77.16, 0.7840, -4.865
77.17, 0.7830, -3.910
77.18, 0.7820, -4.029
77.19, 0.7810, -4.222
77.20, 0.7800, -5.893
77.21, 0.7790, -4.708
77.22, 0.7780, -4.790
77.23, 0.7770, -4.690
77.24, 0.7760, -5.131
77.25, 0.7750, -4.867
77.26, 0.7740, -6.684
77.27, 0.7730, -4.433
77.28, 0.7720, -7.788
77.29, 0.7710, -6.229
77.30, 0.7700, -5.559
77.31, 0.7690, -6.730
77.32, 0.7680, -6.397
77.33, 0.7670, -6.901
77.34, 0.7660, -5.533
77.35, 0.7650, -5.971
77.36, 0.7640, -6.113
77.37, 0.7630, -6.212
77.38, 0.7620, -5.251
77.39, 0.7610, -6.284
77.40, 0.7600, -4.894
77.41, 0.7590, -4.546
77.42, 0.7580, -6.680
77.43, 0.7570, -4.741
77.44, 0.7560, -6.788
77.45, 0.7550, -6.408
77.46, 0.7540, -5.601
77.47, 0.7530, -3.903
77.48, 0.7520, -6.301
77.49, 0.7510, -5.905
77.50, 0.7500, -5.365
77.51, 0.7490, -4.505
77.52, 0.7480, -3.832
77.53, 0.7470, -4.753
77.54, 0.7460, -6.475
77.55, 0.7450, -4.131
77.56, 0.7440, -6.037
77.57, 0.7430, -4.618
77.58, 0.7420, -3.475
77.59, 0.7410, -4.629
77.60, 0.7400, -6.735
77.61, 0.7390, -3.791
77.62, 0.7380, -4.178
77.63, 0.7370, -4.313
77.64, 0.7360, -6.315
77.65, 0.7350, -6.049
77.66, 0.7340, -6.102
77.67, 0.7330, -5.513
77.68, 0.7320, -6.351
77.69, 0.7310, -6.326
77.70, 0.7300, -7.930
77.71, 0.7290, -8.392
77.72, 0.7280, -6.581
77.73, 0.7270, -5.206
77.74, 0.7260, -5.451
77.75, 0.7250, -6.209
77.76, 0.7240, -6.769
77.77, 0.7230, -5.678
77.78, 0.7220, -5.271
77.79, 0.7210, -5.396
77.80, 0.7200, -7.121
77.81, 0.7190, -5.387
77.82, 0.7180, -6.593
77.83, 0.7170, -4.679
77.84, 0.7160, -5.954
77.85, 0.7150, -6.697
77.86, 0.7140, -5.641
77.87, 0.7130, -6.645
77.88, 0.7120, -4.363
77.89, 0.7110, -5.196
77.90, 0.7100, -5.282
77.91, 0.7090, -6.131
77.92, 0.7080, -6.599
77.93, 0.7070, -4.759
77.94, 0.7060, -5.517
77.95, 0.7050, -5.940
77.96, 0.7040, -5.124
77.97, 0.7030, -5.840
77.98, 0.7020, -7.390
77.99, 0.7010, -5.541
78.00, 0.7000, -4.885
78.01, 0.6990, -6.150
78.02, 0.6980, -5.635
78.03, 0.6970, -6.596
78.04, 0.6960, -5.793
78.05, 0.6950, -6.140
78.06, 0.6940, -6.404
78.07, 0.6930, -6.479
78.08, 0.6920, -6.179
78.09, 0.6910, -7.312
78.10, 0.6900, -5.763
78.11, 0.6890, -5.256
78.12, 0.6880, -6.821
78.13, 0.6870, -7.591
78.14, 0.6860, -7.454
78.15, 0.6850, -7.399
78.16, 0.6840, -5.331
78.17, 0.6830, -8.050
78.18, 0.6820, -7.450
78.19, 0.6810, -8.359
78.20, 0.6800, -7.410
78.21, 0.6790, -5.684
78.22, 0.6780, -6.602
78.23, 0.6770, -8.493
78.24, 0.6760, -6.407
78.25, 0.6750, -6.313
78.26, 0.6740, -6.734
78.27, 0.6730, -6.604
78.28, 0.6720, -6.011
78.29, 0.6710, -8.392
78.30, 0.6700, -6.851
78.31, 0.6690, -7.273
78.32, 0.6680, -5.828
78.33, 0.6670, -6.585
78.34, 0.6660, -6.389
78.35, 0.6650, -6.985
78.36, 0.6640, -6.357
78.37, 0.6630, -5.117
78.38, 0.6620, -7.070
78.39, 0.6610, -5.753
78.40, 0.6600, -6.802
78.41, 0.6590, -8.093
78.42, 0.6580, -6.266
78.43, 0.6570, -6.325
78.44, 0.6560, -5.476
78.45, 0.6550, -5.424
78.46, 0.6540, -7.054
78.47, 0.6530, -7.026
78.48, 0.6520, -3.724
78.49, 0.6510, -7.617
78.50, 0.6500, -6.073
78.51, 0.6490, -6.865
78.52, 0.6480, -6.861
78.53, 0.6470, -8.306
78.54, 0.6460, -7.572
78.55, 0.6450, -6.278
78.56, 0.6440, -7.496
78.57, 0.6430, -8.489
78.58, 0.6420, -7.919
78.59, 0.6410, -6.537
78.60, 0.6400, -7.031
78.61, 0.6390, -6.784
78.62, 0.6380, -7.724
78.63, 0.6370, -10.06
78.64, 0.6360, -8.121
78.65, 0.6350, -7.332
78.66, 0.6340, -7.618
78.67, 0.6330, -7.216
78.68, 0.6320, -8.100
78.69, 0.6310, -7.752
78.70, 0.6300, -7.542
78.71, 0.6290, -4.659
78.72, 0.6280, -8.569
78.73, 0.6270, -7.321
78.74, 0.6260, -7.129
78.75, 0.6250, -5.943
78.76, 0.6240, -8.153
78.77, 0.6230, -5.021
78.78, 0.6220, -5.181
78.79, 0.6210, -7.698
78.80, 0.6200, -6.556
78.81, 0.6190, -5.604
78.82, 0.6180, -6.255
78.83, 0.6170, -6.006
78.84, 0.6160, -6.391
78.85, 0.6150, -6.692
78.86, 0.6140, -6.705
78.87, 0.6130, -8.914
78.88, 0.6120, -5.565
78.89, 0.6110, -6.522
78.90, 0.6100, -6.370
78.91, 0.6090, -6.458
78.92, 0.6080, -7.162
78.93, 0.6070, -7.664
78.94, 0.6060, -6.651
78.95, 0.6050, -7.644
78.96, 0.6040, -7.006
78.97, 0.6030, -8.115
78.98, 0.6020, -8.574
78.99, 0.6010, -9.648
79.00, 0.6000, -8.654
79.01, 0.5990, -8.566
79.02, 0.5980, -7.570
79.03, 0.5970, -8.522
79.04, 0.5960, -7.481
79.05, 0.5950, -9.570
79.06, 0.5940, -8.076
79.07, 0.5930, -7.878
79.08, 0.5920, -6.807
79.09, 0.5910, -8.139
79.10, 0.5900, -7.373
79.11, 0.5890, -8.610
79.12, 0.5880, -8.910
79.13, 0.5870, -5.868
79.14, 0.5860, -8.523
79.15, 0.5850, -6.931
79.16, 0.5840, -9.504
79.17, 0.5830, -7.525
79.18, 0.5820, -6.864
79.19, 0.5810, -5.959
79.20, 0.5800, -7.726
79.21, 0.5790, -8.246
79.22, 0.5780, -9.070
79.23, 0.5770, -8.225
79.24, 0.5760, -6.443
79.25, 0.5750, -8.228
79.26, 0.5740, -6.713
79.27, 0.5730, -7.062
79.28, 0.5720, -7.609
79.29, 0.5710, -6.863
79.30, 0.5700, -7.061
79.31, 0.5690, -6.116
79.32, 0.5680, -6.856
79.33, 0.5670, -7.641
79.34, 0.5660, -8.108
79.35, 0.5650, -8.458
79.36, 0.5640, -7.223
79.37, 0.5630, -8.107
79.38, 0.5620, -8.142
79.39, 0.5610, -9.732
79.40, 0.5600, -9.493
79.41, 0.5590, -7.658
79.42, 0.5580, -8.325
79.43, 0.5570, -9.197
79.44, 0.5560, -7.950
79.45, 0.5550, -7.898
79.46, 0.5540, -8.113
79.47, 0.5530, -6.601
79.48, 0.5520, -6.219
79.49, 0.5510, -9.784
79.50, 0.5500, -7.940
79.51, 0.5490, -8.837
79.52, 0.5480, -7.912
79.53, 0.5470, -5.907
79.54, 0.5460, -7.367
79.55, 0.5450, -8.470
79.56, 0.5440, -6.783
79.57, 0.5430, -8.837
79.58, 0.5420, -7.939
79.59, 0.5410, -7.994
79.60, 0.5400, -8.025
79.61, 0.5390, -8.948
79.62, 0.5380, -9.046
79.63, 0.5370, -8.316
79.64, 0.5360, -7.944
79.65, 0.5350, -8.278
79.66, 0.5340, -8.602
79.67, 0.5330, -6.636
79.68, 0.5320, -10.28
79.69, 0.5310, -7.895
79.70, 0.5300, -5.800
79.71, 0.5290, -8.542
79.72, 0.5280, -7.377
79.73, 0.5270, -8.334
79.74, 0.5260, -9.190
79.75, 0.5250, -9.674
79.76, 0.5240, -6.128
79.77, 0.5230, -7.900
79.78, 0.5220, -9.789
79.79, 0.5210, -9.266
79.80, 0.5200, -8.219
79.81, 0.5190, -10.10
79.82, 0.5180, -8.371
79.83, 0.5170, -9.303
79.84, 0.5160, -8.253
79.85, 0.5150, -8.948
79.86, 0.5140, -7.515
79.87, 0.5130, -8.557
79.88, 0.5120, -7.978
79.89, 0.5110, -7.680
79.90, 0.5100, -8.334
79.91, 0.5090, -9.155
79.92, 0.5080, -9.173
79.93, 0.5070, -9.591
79.94, 0.5060, -9.081
79.95, 0.5050, -9.538
79.96, 0.5040, -9.140
79.97, 0.5030, -10.14
79.98, 0.5020, -7.884
79.99, 0.5010, -7.809
80.00, 0.5000, -6.379
80.01, 0.4990, -9.315
80.02, 0.4980, -9.041
80.03, 0.4970, -8.262
80.04, 0.4960, -7.312
80.05, 0.4950, -8.789
80.06, 0.4940, -8.279
80.07, 0.4930, -9.636
80.08, 0.4920, -8.995
80.09, 0.4910, -9.061
80.10, 0.4900, -6.565
80.11, 0.4890, -8.671
80.12, 0.4880, -8.588
80.13, 0.4870, -7.938
80.14, 0.4860, -9.064
80.15, 0.4850, -7.828
80.16, 0.4840, -8.309
80.17, 0.4830, -7.442
80.18, 0.4820, -8.926
80.19, 0.4810, -8.737
80.20, 0.4800, -9.805
80.21, 0.4790, -9.188
80.22, 0.4780, -8.366
80.23, 0.4770, -8.701
80.24, 0.4760, -9.369
80.25, 0.4750, -10.10
80.26, 0.4740, -9.117
80.27, 0.4730, -8.665
80.28, 0.4720, -8.825
80.29, 0.4710, -10.00
80.30, 0.4700, -10.79
80.31, 0.4690, -8.394
80.32, 0.4680, -9.917
80.33, 0.4670, -9.081
80.34, 0.4660, -8.885
80.35, 0.4650, -8.765
80.36, 0.4640, -10.06
80.37, 0.4630, -9.154
80.38, 0.4620, -8.783
80.39, 0.4610, -9.374
80.40, 0.4600, -8.299
80.41, 0.4590, -8.425
80.42, 0.4580, -10.30
80.43, 0.4570, -9.724
80.44, 0.4560, -8.870
80.45, 0.4550, -9.079
80.46, 0.4540, -8.936
80.47, 0.4530, -9.406
80.48, 0.4520, -11.14
80.49, 0.4510, -8.157
80.50, 0.4500, -8.171
80.51, 0.4490, -9.410
80.52, 0.4480, -9.526
80.53, 0.4470, -9.796
80.54, 0.4460, -9.535
80.55, 0.4450, -7.942
80.56, 0.4440, -9.318
80.57, 0.4430, -9.787
80.58, 0.4420, -9.069
80.59, 0.4410, -10.57
80.60, 0.4400, -8.749
80.61, 0.4390, -9.556
80.62, 0.4380, -9.377
80.63, 0.4370, -10.39
80.64, 0.4360, -10.85
80.65, 0.4350, -9.432
80.66, 0.4340, -9.549
80.67, 0.4330, -10.68
80.68, 0.4320, -11.70
80.69, 0.4310, -11.03
80.70, 0.4300, -10.29
80.71, 0.4290, -9.606
80.72, 0.4280, -11.49
80.73, 0.4270, -10.77
80.74, 0.4260, -10.16
80.75, 0.4250, -11.48
80.76, 0.4240, -8.712
80.77, 0.4230, -10.68
80.78, 0.4220, -11.84
80.79, 0.4210, -10.53
80.80, 0.4200, -11.39
80.81, 0.4190, -10.33
80.82, 0.4180, -11.26
80.83, 0.4170, -10.32
80.84, 0.4160, -11.04
80.85, 0.4150, -10.44
80.86, 0.4140, -9.874
80.87, 0.4130, -11.35
80.88, 0.4120, -10.80
80.89, 0.4110, -9.813
80.90, 0.4100, -9.868
80.91, 0.4090, -9.248
80.92, 0.4080, -10.36
80.93, 0.4070, -9.867
80.94, 0.4060, -10.52
80.95, 0.4050, -10.36
80.96, 0.4040, -9.625
80.97, 0.4030, -9.564
80.98, 0.4020, -9.821
80.99, 0.4010, -8.991
81.00, 0.4000, -8.686
81.01, 0.3990, -10.43
81.02, 0.3980, -8.913
81.03, 0.3970, -10.64
81.04, 0.3960, -10.30
81.05, 0.3950, -11.44
81.06, 0.3940, -11.15
81.07, 0.3930, -11.96
81.08, 0.3920, -10.61
81.09, 0.3910, -10.90
81.10, 0.3900, -12.23
81.11, 0.3890, -11.67
81.12, 0.3880, -13.00
81.13, 0.3870, -10.62
81.14, 0.3860, -10.55
81.15, 0.3850, -10.56
81.16, 0.3840, -12.34
81.17, 0.3830, -11.70
81.18, 0.3820, -10.64
81.19, 0.3810, -11.11
81.20, 0.3800, -10.72
81.21, 0.3790, -11.81
81.22, 0.3780, -10.32
81.23, 0.3770, -11.53
81.24, 0.3760, -10.15
81.25, 0.3750, -9.701
81.26, 0.3740, -10.91
81.27, 0.3730, -10.88
81.28, 0.3720, -11.79
81.29, 0.3710, -11.36
81.30, 0.3700, -12.07
81.31, 0.3690, -12.45
81.32, 0.3680, -10.93
81.33, 0.3670, -11.63
81.34, 0.3660, -11.01
81.35, 0.3650, -10.21
81.36, 0.3640, -10.77
81.37, 0.3630, -9.850
81.38, 0.3620, -11.82
81.39, 0.3610, -10.14
81.40, 0.3600, -9.856
81.41, 0.3590, -10.38
81.42, 0.3580, -11.00
81.43, 0.3570, -11.35
81.44, 0.3560, -12.21
81.45, 0.3550, -11.10
81.46, 0.3540, -11.20
81.47, 0.3530, -12.38
81.48, 0.3520, -13.04
81.49, 0.3510, -14.26
81.50, 0.3500, -12.37
81.51, 0.3490, -12.15
81.52, 0.3480, -12.24
81.53, 0.3470, -12.61
81.54, 0.3460, -13.77
81.55, 0.3450, -13.21
81.56, 0.3440, -11.52
81.57, 0.3430, -12.89
81.58, 0.3420, -13.40
81.59, 0.3410, -11.73
81.60, 0.3400, -12.94
81.61, 0.3390, -11.84
81.62, 0.3380, -10.91
81.63, 0.3370, -12.72
81.64, 0.3360, -12.70
81.65, 0.3350, -12.50
81.66, 0.3340, -14.00
81.67, 0.3330, -13.18
81.68, 0.3320, -11.21
81.69, 0.3310, -12.83
81.70, 0.3300, -12.70
81.71, 0.3290, -12.33
81.72, 0.3280, -11.73
81.73, 0.3270, -12.52
81.74, 0.3260, -12.23
81.75, 0.3250, -12.71
81.76, 0.3240, -12.78
81.77, 0.3230, -10.53
81.78, 0.3220, -11.76
81.79, 0.3210, -12.81
81.80, 0.3200, -11.79
81.81, 0.3190, -11.43
81.82, 0.3180, -12.64
81.83, 0.3170, -12.97
81.84, 0.3160, -12.93
81.85, 0.3150, -12.45
81.86, 0.3140, -12.75
81.87, 0.3130, -11.66
81.88, 0.3120, -13.00
81.89, 0.3110, -11.81
81.90, 0.3100, -13.59
81.91, 0.3090, -13.36
81.92, 0.3080, -12.89
81.93, 0.3070, -13.33
81.94, 0.3060, -13.47
81.95, 0.3050, -13.95
81.96, 0.3040, -15.11
81.97, 0.3030, -14.13
81.98, 0.3020, -13.40
81.99, 0.3010, -12.69
82.00, 0.3000, -13.03
82.01, 0.2990, -13.25
82.02, 0.2980, -15.47
82.03, 0.2970, -11.98
82.04, 0.2960, -12.47
82.05, 0.2950, -13.38
82.06, 0.2940, -13.80
82.07, 0.2930, -12.82
82.08, 0.2920, -13.32
82.09, 0.2910, -13.18
82.10, 0.2900, -12.96
82.11, 0.2890, -13.02
82.12, 0.2880, -13.47
82.13, 0.2870, -12.65
82.14, 0.2860, -12.99
82.15, 0.2850, -10.99
82.16, 0.2840, -11.87
82.17, 0.2830, -13.78
82.18, 0.2820, -14.37
82.19, 0.2810, -11.46
82.20, 0.2800, -13.25
82.21, 0.2790, -12.44
82.22, 0.2780, -13.26
82.23, 0.2770, -12.84
82.24, 0.2760, -13.90
82.25, 0.2750, -12.87
82.26, 0.2740, -13.11
82.27, 0.2730, -12.74
82.28, 0.2720, -13.66
82.29, 0.2710, -13.54
82.30, 0.2700, -13.34
82.31, 0.2690, -15.46
82.32, 0.2680, -14.29
82.33, 0.2670, -14.16
82.34, 0.2660, -14.63
82.35, 0.2650, -13.65
82.36, 0.2640, -14.53
82.37, 0.2630, -15.63
82.38, 0.2620, -13.94
82.39, 0.2610, -15.02
82.40, 0.2600, -14.03
82.41, 0.2590, -13.49
82.42, 0.2580, -14.23
82.43, 0.2570, -13.68
82.44, 0.2560, -15.01
82.45, 0.2550, -13.73
82.46, 0.2540, -14.04
82.47, 0.2530, -15.19
82.48, 0.2520, -14.60
82.49, 0.2510, -14.32
82.50, 0.2500, -13.37
82.51, 0.2490, -13.79
82.52, 0.2480, -13.42
82.53, 0.2470, -13.73
82.54, 0.2460, -12.96
82.55, 0.2450, -12.88
82.56, 0.2440, -13.22
82.57, 0.2430, -14.93
82.58, 0.2420, -14.06
82.59, 0.2410, -15.31
82.60, 0.2400, -13.71
82.61, 0.2390, -14.20
82.62, 0.2380, -13.83
82.63, 0.2370, -13.85
82.64, 0.2360, -15.72
82.65, 0.2350, -14.77
82.66, 0.2340, -13.35
82.67, 0.2330, -14.63
82.68, 0.2320, -15.27
82.69, 0.2310, -15.11
82.70, 0.2300, -14.32
82.71, 0.2290, -13.75
82.72, 0.2280, -15.36
82.73, 0.2270, -16.30
82.74, 0.2260, -16.36
82.75, 0.2250, -15.27
82.76, 0.2240, -13.78
82.77, 0.2230, -15.06
82.78, 0.2220, -17.20
82.79, 0.2210, -14.87
82.80, 0.2200, -15.25
82.81, 0.2190, -14.38
82.82, 0.2180, -15.75
82.83, 0.2170, -16.09
82.84, 0.2160, -15.24
82.85, 0.2150, -14.10
82.86, 0.2140, -15.70
82.87, 0.2130, -15.08
82.88, 0.2120, -15.45
82.89, 0.2110, -14.75
82.90, 0.2100, -14.64
82.91, 0.2090, -14.49
82.92, 0.2080, -14.28
82.93, 0.2070, -15.83
82.94, 0.2060, -15.37
82.95, 0.2050, -14.51
82.96, 0.2040, -14.36
82.97, 0.2030, -14.86
82.98, 0.2020, -15.93
82.99, 0.2010, -15.46
83.00, 0.2000, -14.14
83.01, 0.1990, -14.90
83.02, 0.1980, -15.41
83.03, 0.1970, -16.84
83.04, 0.1960, -16.09
83.05, 0.1950, -14.38
83.06, 0.1940, -14.15
83.07, 0.1930, -15.62
83.08, 0.1920, -15.21
83.09, 0.1910, -15.35
83.10, 0.1900, -15.14
83.11, 0.1890, -14.35
83.12, 0.1880, -13.91
83.13, 0.1870, -16.23
83.14, 0.1860, -16.20
83.15, 0.1850, -17.81
83.16, 0.1840, -15.79
83.17, 0.1830, -14.92
83.18, 0.1820, -17.47
83.19, 0.1810, -15.86
83.20, 0.1800, -16.77
83.21, 0.1790, -15.93
83.22, 0.1780, -16.59
83.23, 0.1770, -17.02
83.24, 0.1760, -16.76
83.25, 0.1750, -17.85
83.26, 0.1740, -15.04
83.27, 0.1730, -15.60
83.28, 0.1720, -16.79
83.29, 0.1710, -15.83
83.30, 0.1700, -16.84
83.31, 0.1690, -17.12
83.32, 0.1680, -15.82
83.33, 0.1670, -17.07
83.34, 0.1660, -17.83
83.35, 0.1650, -16.27
83.36, 0.1640, -16.50
83.37, 0.1630, -15.79
83.38, 0.1620, -15.49
83.39, 0.1610, -16.05
83.40, 0.1600, -16.18
83.41, 0.1590, -16.67
83.42, 0.1580, -14.62
83.43, 0.1570, -15.58
83.44, 0.1560, -16.40
83.45, 0.1550, -16.30
83.46, 0.1540, -17.08
83.47, 0.1530, -17.64
83.48, 0.1520, -14.21
83.49, 0.1510, -15.17
83.50, 0.1500, -16.51
83.51, 0.1490, -17.40
83.52, 0.1480, -17.20
83.53, 0.1470, -16.10
83.54, 0.1460, -15.66
83.55, 0.1450, -15.76
83.56, 0.1440, -16.88
83.57, 0.1430, -16.33
83.58, 0.1420, -15.98
83.59, 0.1410, -15.74
83.60, 0.1400, -16.26
83.61, 0.1390, -16.35
83.62, 0.1380, -16.58
83.63, 0.1370, -16.75
83.64, 0.1360, -16.55
83.65, 0.1350, -17.40
83.66, 0.1340, -18.71
83.67, 0.1330, -18.12
83.68, 0.1320, -17.43
83.69, 0.1310, -16.80
83.70, 0.1300, -17.49
83.71, 0.1290, -17.20
83.72, 0.1280, -17.25
83.73, 0.1270, -19.24
83.74, 0.1260, -17.42
83.75, 0.1250, -14.50
83.76, 0.1240, -16.78
83.77, 0.1230, -17.45
83.78, 0.1220, -16.44
83.79, 0.1210, -17.90
83.80, 0.1200, -18.47
83.81, 0.1190, -16.60
83.82, 0.1180, -16.89
83.83, 0.1170, -17.02
83.84, 0.1160, -17.03
83.85, 0.1150, -17.35
83.86, 0.1140, -17.18
83.87, 0.1130, -15.86
83.88, 0.1120, -17.78
83.89, 0.1110, -16.03
83.90, 0.1100, -16.94
83.91, 0.1090, -16.29
83.92, 0.1080, -17.13
83.93, 0.1070, -16.83
83.94, 0.1060, -17.51
83.95, 0.1050, -16.45
83.96, 0.1040, -16.50
83.97, 0.1030, -17.17
83.98, 0.1020, -15.85
83.99, 0.1010, -18.02
84.00, 0.1000, -17.83
84.01, 0.09900, -18.70
84.02, 0.09800, -17.28
84.03, 0.09700, -18.17
84.04, 0.09600, -17.31
84.05, 0.09500, -19.14
84.06, 0.09400, -18.19
84.07, 0.09300, -17.87
84.08, 0.09200, -19.20
84.09, 0.09100, -18.13
84.10, 0.09000, -19.16
84.11, 0.08900, -19.87
84.12, 0.08800, -18.47
84.13, 0.08700, -18.88
84.14, 0.08600, -17.77
84.15, 0.08500, -17.46
84.16, 0.08400, -19.45
84.17, 0.08300, -18.15
84.18, 0.08200, -18.77
84.19, 0.08100, -19.25
84.20, 0.08000, -17.40
84.21, 0.07900, -16.33
84.22, 0.07800, -17.67
84.23, 0.07700, -18.37
84.24, 0.07600, -18.10
84.25, 0.07500, -18.20
84.26, 0.07400, -17.49
84.27, 0.07300, -16.72
84.28, 0.07200, -18.02
84.29, 0.07100, -17.54
84.30, 0.07000, -17.86
84.31, 0.06900, -17.20
84.32, 0.06800, -18.27
84.33, 0.06700, -18.86
84.34, 0.06600, -17.40
84.35, 0.06500, -18.16
84.36, 0.06400, -18.49
84.37, 0.06300, -18.12
84.38, 0.06200, -17.89
84.39, 0.06100, -18.96
84.40, 0.06000, -19.35
84.41, 0.05900, -18.78
84.42, 0.05800, -17.07
84.43, 0.05700, -18.66
84.44, 0.05600, -19.28
84.45, 0.05500, -18.48
84.46, 0.05400, -19.50
84.47, 0.05300, -21.87
84.48, 0.05200, -21.58
84.49, 0.05100, -19.01
84.50, 0.05000, -19.56
84.51, 0.04900, -19.27
84.52, 0.04800, -21.29
84.53, 0.04700, -18.58
84.54, 0.04600, -18.76
84.55, 0.04500, -20.14
84.56, 0.04400, -19.71
84.57, 0.04300, -19.58
84.58, 0.04200, -17.80
84.59, 0.04100, -17.86
84.60, 0.04000, -19.14
84.61, 0.03900, -19.12
84.62, 0.03800, -18.85
84.63, 0.03700, -20.82
84.64, 0.03600, -18.39
84.65, 0.03500, -18.21
84.66, 0.03400, -18.61
84.67, 0.03300, -19.03
84.68, 0.03200, -18.48
84.69, 0.03100, -18.56
84.70, 0.03000, -20.37
84.71, 0.02900, -18.61
84.72, 0.02800, -18.51
84.73, 0.02700, -17.93
84.74, 0.02600, -17.93
84.75, 0.02500, -18.91
84.76, 0.02400, -19.99
84.77, 0.02300, -18.42
84.78, 0.02200, -17.17
84.79, 0.02100, -19.78
84.80, 0.02000, -18.62
84.81, 0.01900, -19.43
84.82, 0.01800, -19.41
84.83, 0.01700, -20.24
84.84, 0.01600, -18.37
84.85, 0.01500, -17.91
84.86, 0.01400, -20.36
84.87, 0.01300, -19.78
84.88, 0.01200, -19.09
84.89, 0.01100, -20.22
84.90, 0.01000, -20.24
84.91, 0.009000, -21.93
84.92, 0.008000, -18.85
84.93, 0.007000, -20.38
84.94, 0.006000, -19.38
84.95, 0.005000, -20.13
84.96, 0.004000, -22.19
84.97, 0.003000, -20.60
84.98, 0.002000, -20.60
84.99, 0.001000, -20.75
85.00, 0.000, -16.39
