0.01000, -0.8000, -19.84
0.02000, -0.8000, -16.82
0.03000, -0.8000, -14.47
0.04000, -0.8000, -13.40
0.05000, -0.8000, -12.26
0.06000, -0.8000, -13.03
0.07000, -0.8000, -11.17
0.08000, -0.8000, -10.99
0.09000, -0.8000, -12.09
0.1000, -0.8000, -10.47
0.1100, -0.8000, -11.13
0.1200, -0.8000, -10.39
0.1300, -0.8000, -10.70
0.1400, -0.8000, -10.43
0.1500, -0.8000, -9.303
0.1600, -0.8000, -9.804
0.1700, -0.8000, -9.498
0.1800, -0.8000, -9.016
0.1900, -0.8000, -9.440
0.2000, -0.8000, -10.64
0.2100, -0.8000, -9.814
0.2200, -0.8000, -8.835
0.2300, -0.8000, -10.40
0.2400, -0.8000, -9.131
0.2500, -0.8000, -10.61
0.2600, -0.8000, -8.793
0.2700, -0.8000, -8.914
0.2800, -0.8000, -9.039
0.2900, -0.8000, -8.693
0.3000, -0.8000, -8.998
0.3100, -0.8000, -8.697
0.3200, -0.8000, -9.835
0.3300, -0.8000, -8.867
0.3400, -0.8000, -10.23
0.3500, -0.8000, -8.922
0.3600, -0.8000, -8.919
0.3700, -0.8000, -8.457
0.3800, -0.8000, -8.137
0.3900, -0.8000, -8.955
0.4000, -0.8000, -9.977
0.4100, -0.8000, -9.249
0.4200, -0.8000, -9.302
0.4300, -0.8000, -9.142
0.4400, -0.8000, -8.498
0.4500, -0.8000, -8.027
0.4600, -0.8000, -8.949
0.4700, -0.8000, -9.662
0.4800, -0.8000, -9.095
0.4900, -0.8000, -8.538
0.5000, -0.8000, -8.742
0.5100, -0.8000, -8.399
0.5200, -0.8000, -8.360
0.5300, -0.8000, -9.193
0.5400, -0.8000, -8.971
0.5500, -0.8000, -9.691
0.5600, -0.8000, -9.095
0.5700, -0.8000, -8.026
0.5800, -0.8000, -9.764
0.5900, -0.8000, -9.161
0.6000, -0.8000, -8.563
0.6100, -0.8000, -8.594
0.6200, -0.8000, -9.277
0.6300, -0.8000, -9.579
0.6400, -0.8000, -7.732
0.6500, -0.8000, -8.605
0.6600, -0.8000, -7.848
0.6700, -0.8000, -8.944
0.6800, -0.8000, -9.256
0.6900, -0.8000, -9.920
0.7000, -0.8000, -8.184
0.7100, -0.8000, -9.368
0.7200, -0.8000, -7.838
0.7300, -0.8000, -9.146
0.7400, -0.8000, -9.369
0.7500, -0.8000, -8.151
0.7600, -0.8000, -8.250
0.7700, -0.8000, -8.142
0.7800, -0.8000, -8.673
0.7900, -0.8000, -8.048
0.8000, -0.8000, -7.508
0.8100, -0.8000, -8.711
0.8200, -0.8000, -7.997
0.8300, -0.8000, -8.731
0.8400, -0.8000, -7.994
0.8500, -0.8000, -8.849
0.8600, -0.8000, -8.502
0.8700, -0.8000, -8.834
0.8800, -0.8000, -7.405
0.8900, -0.8000, -8.918
0.9000, -0.8000, -8.311
0.9100, -0.8000, -8.238
0.9200, -0.8000, -9.577
0.9300, -0.8000, -9.203
0.9400, -0.8000, -8.933
0.9500, -0.8000, -8.386
0.9600, -0.8000, -8.814
0.9700, -0.8000, -8.527
0.9800, -0.8000, -8.117
0.9900, -0.8000, -7.803
1.000, -0.8000, -8.249
1.010, -0.8000, -7.290
1.020, -0.8000, -8.881
1.030, -0.8000, -7.880
1.040, -0.8000, -8.745
1.050, -0.8000, -8.734
1.060, -0.8000, -7.289
1.070, -0.8000, -8.297
1.080, -0.8000, -9.060
1.090, -0.8000, -7.852
1.100, -0.8000, -8.129
1.110, -0.8000, -9.170
1.120, -0.8000, -7.432
1.130, -0.8000, -8.282
1.140, -0.8000, -7.920
1.150, -0.8000, -8.335
1.160, -0.8000, -7.968
1.170, -0.8000, -9.267
1.180, -0.8000, -8.631
1.190, -0.8000, -7.051
1.200, -0.8000, -8.859
1.210, -0.8000, -6.910
1.220, -0.8000, -7.196
1.230, -0.8000, -8.925
1.240, -0.8000, -8.983
1.250, -0.8000, -7.592
1.260, -0.8000, -7.994
1.270, -0.8000, -7.390
1.280, -0.8000, -7.092
1.290, -0.8000, -7.085
1.300, -0.8000, -8.064
1.310, -0.8000, -7.648
1.320, -0.8000, -8.567
1.330, -0.8000, -8.244
1.340, -0.8000, -8.228
1.350, -0.8000, -7.930
1.360, -0.8000, -9.049
1.370, -0.8000, -7.763
1.380, -0.8000, -9.652
1.390, -0.8000, -7.152
1.400, -0.8000, -7.570
1.410, -0.8000, -7.611
1.420, -0.8000, -8.240
1.430, -0.8000, -9.660
1.440, -0.8000, -8.629
1.450, -0.8000, -9.000
1.460, -0.8000, -8.170
1.470, -0.8000, -8.078
1.480, -0.8000, -7.529
1.490, -0.8000, -8.495
1.500, -0.8000, -7.890
1.510, -0.8000, -8.731
1.520, -0.8000, -8.561
1.530, -0.8000, -8.654
1.540, -0.8000, -9.202
1.550, -0.8000, -8.111
1.560, -0.8000, -7.395
1.570, -0.8000, -8.395
1.580, -0.8000, -7.843
1.590, -0.8000, -6.609
1.600, -0.8000, -7.172
1.610, -0.8000, -7.113
1.620, -0.8000, -9.345
1.630, -0.8000, -7.160
1.640, -0.8000, -8.646
1.650, -0.8000, -8.016
1.660, -0.8000, -8.805
1.670, -0.8000, -7.429
1.680, -0.8000, -8.360
1.690, -0.8000, -8.045
1.700, -0.8000, -8.143
1.710, -0.8000, -8.335
1.720, -0.8000, -7.662
1.730, -0.8000, -7.869
1.740, -0.8000, -8.262
1.750, -0.8000, -8.641
1.760, -0.8000, -7.658
1.770, -0.8000, -7.656
1.780, -0.8000, -8.816
1.790, -0.8000, -9.333
1.800, -0.8000, -8.041
1.810, -0.8000, -7.265
1.820, -0.8000, -8.186
1.830, -0.8000, -8.722
1.840, -0.8000, -6.837
1.850, -0.8000, -8.670
1.860, -0.8000, -7.911
1.870, -0.8000, -8.573
1.880, -0.8000, -8.309
1.890, -0.8000, -7.878
1.900, -0.8000, -7.369
1.910, -0.8000, -7.698
1.920, -0.8000, -8.292
1.930, -0.8000, -7.544
1.940, -0.8000, -8.059
1.950, -0.8000, -8.329
1.960, -0.8000, -8.644
1.970, -0.8000, -7.878
1.980, -0.8000, -7.760
1.990, -0.8000, -8.277
2.000, -0.8000, -7.407
2.010, -0.8000, -7.904
2.020, -0.8000, -8.024
2.030, -0.8000, -8.317
2.040, -0.8000, -8.469
2.050, -0.8000, -7.629
2.060, -0.8000, -8.918
2.070, -0.8000, -7.243
2.080, -0.8000, -8.060
2.090, -0.8000, -9.238
2.100, -0.8000, -8.520
2.110, -0.8000, -7.280
2.120, -0.8000, -7.886
2.130, -0.8000, -8.245
2.140, -0.8000, -8.410
2.150, -0.8000, -7.797
2.160, -0.8000, -7.282
2.170, -0.8000, -7.542
2.180, -0.8000, -8.773
2.190, -0.8000, -7.704
2.200, -0.8000, -9.025
2.210, -0.8000, -7.170
2.220, -0.8000, -8.312
2.230, -0.8000, -7.483
2.240, -0.8000, -7.367
2.250, -0.8000, -8.182
2.260, -0.8000, -7.210
2.270, -0.8000, -7.922
2.280, -0.8000, -7.382
2.290, -0.8000, -8.170
2.300, -0.8000, -8.158
2.310, -0.8000, -7.708
2.320, -0.8000, -8.704
2.330, -0.8000, -8.106
2.340, -0.8000, -7.542
2.350, -0.8000, -7.641
2.360, -0.8000, -7.352
2.370, -0.8000, -8.948
2.380, -0.8000, -7.183
2.390, -0.8000, -7.608
2.400, -0.8000, -7.225
2.410, -0.8000, -7.796
2.420, -0.8000, -7.511
2.430, -0.8000, -9.144
2.440, -0.8000, -9.096
2.450, -0.8000, -7.668
2.460, -0.8000, -8.831
2.470, -0.8000, -7.252
2.480, -0.8000, -8.913
2.490, -0.8000, -8.239
2.500, -0.8000, -7.090
2.510, -0.8000, -7.240
2.520, -0.8000, -7.423
2.530, -0.8000, -7.938
2.540, -0.8000, -6.186
2.550, -0.8000, -8.466
2.560, -0.8000, -7.556
2.570, -0.8000, -7.622
2.580, -0.8000, -8.886
2.590, -0.8000, -7.630
2.600, -0.8000, -6.959
2.610, -0.8000, -8.601
2.620, -0.8000, -7.564
2.630, -0.8000, -6.814
2.640, -0.8000, -8.409
2.650, -0.8000, -8.356
2.660, -0.8000, -8.200
2.670, -0.8000, -8.764
2.680, -0.8000, -8.179
2.690, -0.8000, -8.543
2.700, -0.8000, -7.750
2.710, -0.8000, -9.063
2.720, -0.8000, -9.782
2.730, -0.8000, -7.868
2.740, -0.8000, -6.917
2.750, -0.8000, -7.208
2.760, -0.8000, -7.481
2.770, -0.8000, -7.868
2.780, -0.8000, -8.099
2.790, -0.8000, -8.618
2.800, -0.8000, -7.814
2.810, -0.8000, -7.991
2.820, -0.8000, -7.567
2.830, -0.8000, -8.012
2.840, -0.8000, -7.869
2.850, -0.8000, -7.367
2.860, -0.8000, -8.178
2.870, -0.8000, -7.523
2.880, -0.8000, -7.678
2.890, -0.8000, -8.848
2.900, -0.8000, -8.142
2.910, -0.8000, -6.815
2.920, -0.8000, -8.193
2.930, -0.8000, -7.819
2.940, -0.8000, -8.112
2.950, -0.8000, -9.103
2.960, -0.8000, -6.888
2.970, -0.8000, -7.926
2.980, -0.8000, -7.891
2.990, -0.8000, -7.861
3.000, -0.8000, -8.217
3.010, -0.8000, -9.110
3.020, -0.8000, -9.370
3.030, -0.8000, -7.729
3.040, -0.8000, -7.168
3.050, -0.8000, -8.920
3.060, -0.8000, -7.743
3.070, -0.8000, -8.231
3.080, -0.8000, -8.640
3.090, -0.8000, -8.062
3.100, -0.8000, -8.009
3.110, -0.8000, -8.115
3.120, -0.8000, -7.990
3.130, -0.8000, -8.462
3.140, -0.8000, -9.096
3.150, -0.8000, -8.805
3.160, -0.8000, -7.524
3.170, -0.8000, -7.256
3.180, -0.8000, -6.334
3.190, -0.8000, -8.405
3.200, -0.8000, -7.246
3.210, -0.8000, -7.972
3.220, -0.8000, -8.480
3.230, -0.8000, -7.320
3.240, -0.8000, -7.320
3.250, -0.8000, -6.987
3.260, -0.8000, -6.724
3.270, -0.8000, -7.269
3.280, -0.8000, -7.417
3.290, -0.8000, -8.000
3.300, -0.8000, -7.922
3.310, -0.8000, -8.706
3.320, -0.8000, -8.471
3.330, -0.8000, -7.731
3.340, -0.8000, -7.717
3.350, -0.8000, -7.878
3.360, -0.8000, -7.652
3.370, -0.8000, -8.445
3.380, -0.8000, -8.573
3.390, -0.8000, -7.260
3.400, -0.8000, -8.108
3.410, -0.8000, -8.893
3.420, -0.8000, -7.208
3.430, -0.8000, -7.840
3.440, -0.8000, -8.529
3.450, -0.8000, -7.637
3.460, -0.8000, -7.559
3.470, -0.8000, -6.506
3.480, -0.8000, -7.589
3.490, -0.8000, -8.014
3.500, -0.8000, -6.990
3.510, -0.8000, -7.519
3.520, -0.8000, -7.757
3.530, -0.8000, -7.804
3.540, -0.8000, -7.615
3.550, -0.8000, -8.135
3.560, -0.8000, -8.154
3.570, -0.8000, -8.533
3.580, -0.8000, -7.547
3.590, -0.8000, -7.165
3.600, -0.8000, -7.480
3.610, -0.8000, -6.878
3.620, -0.8000, -8.040
3.630, -0.8000, -7.255
3.640, -0.8000, -7.667
3.650, -0.8000, -7.513
3.660, -0.8000, -7.145
3.670, -0.8000, -8.201
3.680, -0.8000, -7.331
3.690, -0.8000, -8.535
3.700, -0.8000, -7.842
3.710, -0.8000, -9.062
3.720, -0.8000, -7.847
3.730, -0.8000, -8.969
3.740, -0.8000, -7.553
3.750, -0.8000, -8.903
3.760, -0.8000, -8.332
3.770, -0.8000, -9.235
3.780, -0.8000, -7.877
3.790, -0.8000, -7.381
3.800, -0.8000, -7.588
3.810, -0.8000, -7.994
3.820, -0.8000, -8.535
3.830, -0.8000, -6.835
3.840, -0.8000, -7.228
3.850, -0.8000, -8.752
3.860, -0.8000, -8.285
3.870, -0.8000, -7.987
3.880, -0.8000, -7.698
3.890, -0.8000, -8.181
3.900, -0.8000, -7.322
3.910, -0.8000, -8.827
3.920, -0.8000, -7.487
3.930, -0.8000, -7.521
3.940, -0.8000, -7.338
3.950, -0.8000, -8.119
3.960, -0.8000, -8.715
3.970, -0.8000, -7.980
3.980, -0.8000, -9.048
3.990, -0.8000, -6.924
4.000, -0.8000, -7.737
4.010, -0.8000, -8.944
4.020, -0.8000, -7.469
4.030, -0.8000, -9.056
4.040, -0.8000, -7.143
4.050, -0.8000, -7.535
4.060, -0.8000, -9.022
4.070, -0.8000, -8.117
4.080, -0.8000, -8.085
4.090, -0.8000, -8.369
4.100, -0.8000, -7.278
4.110, -0.8000, -7.076
4.120, -0.8000, -7.294
4.130, -0.8000, -8.186
4.140, -0.8000, -7.847
4.150, -0.8000, -8.357
4.160, -0.8000, -8.235
4.170, -0.8000, -7.797
4.180, -0.8000, -8.994
4.190, -0.8000, -7.402
4.200, -0.8000, -7.816
4.210, -0.8000, -7.807
4.220, -0.8000, -7.657
4.230, -0.8000, -8.382
4.240, -0.8000, -8.530
4.250, -0.8000, -7.324
4.260, -0.8000, -7.830
4.270, -0.8000, -8.403
4.280, -0.8000, -9.014
4.290, -0.8000, -7.369
4.300, -0.8000, -8.932
4.310, -0.8000, -8.107
4.320, -0.8000, -7.824
4.330, -0.8000, -7.878
4.340, -0.8000, -8.317
4.350, -0.8000, -7.868
4.360, -0.8000, -7.262
4.370, -0.8000, -8.285
4.380, -0.8000, -7.120
4.390, -0.8000, -9.023
4.400, -0.8000, -7.828
4.410, -0.8000, -7.300
4.420, -0.8000, -7.096
4.430, -0.8000, -7.805
4.440, -0.8000, -8.663
4.450, -0.8000, -8.329
4.460, -0.8000, -9.170
4.470, -0.8000, -7.357
4.480, -0.8000, -8.860
4.490, -0.8000, -7.995
4.500, -0.8000, -6.695
4.510, -0.8000, -9.091
4.520, -0.8000, -8.206
4.530, -0.8000, -8.736
4.540, -0.8000, -8.560
4.550, -0.8000, -8.576
4.560, -0.8000, -8.439
4.570, -0.8000, -8.306
4.580, -0.8000, -8.711
4.590, -0.8000, -7.809
4.600, -0.8000, -8.096
4.610, -0.8000, -7.545
4.620, -0.8000, -7.411
4.630, -0.8000, -8.493
4.640, -0.8000, -7.865
4.650, -0.8000, -7.479
4.660, -0.8000, -7.661
4.670, -0.8000, -7.722
4.680, -0.8000, -7.587
4.690, -0.8000, -8.809
4.700, -0.8000, -7.982
4.710, -0.8000, -7.752
4.720, -0.8000, -8.468
4.730, -0.8000, -8.100
4.740, -0.8000, -7.485
4.750, -0.8000, -7.679
4.760, -0.8000, -8.132
4.770, -0.8000, -8.168
4.780, -0.8000, -8.279
4.790, -0.8000, -7.156
4.800, -0.8000, -8.107
4.810, -0.8000, -8.103
4.820, -0.8000, -7.159
4.830, -0.8000, -7.956
4.840, -0.8000, -7.238
4.850, -0.8000, -7.561
4.860, -0.8000, -8.278
4.870, -0.8000, -6.535
4.880, -0.8000, -8.461
4.890, -0.8000, -9.173
4.900, -0.8000, -7.356
4.910, -0.8000, -8.067
4.920, -0.8000, -7.182
4.930, -0.8000, -8.322
4.940, -0.8000, -7.977
4.950, -0.8000, -7.320
4.960, -0.8000, -6.969
4.970, -0.8000, -7.161
4.980, -0.8000, -7.899
4.990, -0.8000, -8.620
5.000, -0.8000, -7.759
5.010, -0.8000, -7.289
5.020, -0.8000, -8.655
5.030, -0.8000, -8.155
5.040, -0.8000, -7.524
5.050, -0.8000, -8.629
5.060, -0.8000, -7.081
5.070, -0.8000, -7.817
5.080, -0.8000, -8.262
5.090, -0.8000, -7.667
5.100, -0.8000, -8.191
5.110, -0.8000, -8.679
5.120, -0.8000, -8.875
5.130, -0.8000, -8.213
5.140, -0.8000, -8.539
5.150, -0.8000, -8.194
5.160, -0.8000, -7.329
5.170, -0.8000, -7.470
5.180, -0.8000, -6.474
5.190, -0.8000, -6.659
5.200, -0.8000, -7.419
5.210, -0.8000, -7.735
5.220, -0.8000, -8.183
5.230, -0.8000, -6.847
5.240, -0.8000, -7.663
5.250, -0.8000, -7.535
5.260, -0.8000, -8.454
5.270, -0.8000, -8.231
5.280, -0.8000, -7.985
5.290, -0.8000, -8.017
5.300, -0.8000, -7.990
5.310, -0.8000, -6.859
5.320, -0.8000, -6.940
5.330, -0.8000, -8.434
5.340, -0.8000, -7.212
5.350, -0.8000, -7.511
5.360, -0.8000, -8.231
5.370, -0.8000, -7.547
5.380, -0.8000, -7.380
5.390, -0.8000, -6.877
5.400, -0.8000, -8.457
5.410, -0.8000, -8.057
5.420, -0.8000, -8.445
5.430, -0.8000, -7.677
5.440, -0.8000, -8.719
5.450, -0.8000, -7.703
5.460, -0.8000, -8.206
5.470, -0.8000, -9.528
5.480, -0.8000, -7.765
5.490, -0.8000, -6.815
5.500, -0.8000, -7.884
5.510, -0.8000, -7.164
5.520, -0.8000, -7.361
5.530, -0.8000, -8.443
5.540, -0.8000, -7.489
5.550, -0.8000, -7.529
5.560, -0.8000, -7.108
5.570, -0.8000, -8.344
5.580, -0.8000, -6.940
5.590, -0.8000, -8.188
5.600, -0.8000, -7.951
5.610, -0.8000, -7.830
5.620, -0.8000, -8.622
5.630, -0.8000, -7.073
5.640, -0.8000, -8.077
5.650, -0.8000, -8.379
5.660, -0.8000, -7.237
5.670, -0.8000, -7.966
5.680, -0.8000, -7.071
5.690, -0.8000, -8.312
5.700, -0.8000, -7.140
5.710, -0.8000, -8.326
5.720, -0.8000, -7.354
5.730, -0.8000, -8.101
5.740, -0.8000, -7.590
5.750, -0.8000, -7.023
5.760, -0.8000, -7.590
5.770, -0.8000, -8.932
5.780, -0.8000, -7.512
5.790, -0.8000, -7.273
5.800, -0.8000, -8.811
5.810, -0.8000, -7.398
5.820, -0.8000, -7.658
5.830, -0.8000, -9.150
5.840, -0.8000, -7.647
5.850, -0.8000, -8.622
5.860, -0.8000, -7.486
5.870, -0.8000, -8.414
5.880, -0.8000, -7.942
5.890, -0.8000, -8.302
5.900, -0.8000, -8.580
5.910, -0.8000, -7.340
5.920, -0.8000, -8.260
5.930, -0.8000, -7.792
5.940, -0.8000, -7.574
5.950, -0.8000, -7.423
5.960, -0.8000, -8.079
5.970, -0.8000, -7.518
5.980, -0.8000, -8.109
5.990, -0.8000, -7.938
6.000, -0.8000, -7.470
6.010, -0.8000, -7.581
6.020, -0.8000, -8.165
6.030, -0.8000, -8.041
6.040, -0.8000, -7.012
6.050, -0.8000, -7.437
6.060, -0.8000, -6.746
6.070, -0.8000, -7.864
6.080, -0.8000, -7.357
6.090, -0.8000, -7.022
6.100, -0.8000, -8.082
6.110, -0.8000, -8.233
6.120, -0.8000, -8.577
6.130, -0.8000, -8.029
6.140, -0.8000, -8.062
6.150, -0.8000, -7.906
6.160, -0.8000, -8.586
6.170, -0.8000, -8.242
6.180, -0.8000, -7.424
6.190, -0.8000, -8.305
6.200, -0.8000, -8.656
6.210, -0.8000, -8.078
6.220, -0.8000, -8.082
6.230, -0.8000, -8.584
6.240, -0.8000, -7.394
6.250, -0.8000, -7.936
6.260, -0.8000, -6.716
6.270, -0.8000, -7.166
6.280, -0.8000, -7.070
6.290, -0.8000, -7.546
6.300, -0.8000, -8.055
6.310, -0.8000, -6.945
6.320, -0.8000, -7.809
6.330, -0.8000, -8.154
6.340, -0.8000, -7.869
6.350, -0.8000, -8.307
6.360, -0.8000, -7.194
6.370, -0.8000, -7.497
6.380, -0.8000, -8.540
6.390, -0.8000, -7.339
6.400, -0.8000, -8.004
6.410, -0.8000, -8.030
6.420, -0.8000, -7.575
6.430, -0.8000, -7.639
6.440, -0.8000, -8.785
6.450, -0.8000, -7.031
6.460, -0.8000, -7.553
6.470, -0.8000, -9.021
6.480, -0.8000, -8.587
6.490, -0.8000, -6.790
6.500, -0.8000, -7.967
6.510, -0.8000, -8.916
6.520, -0.8000, -7.112
6.530, -0.8000, -8.149
6.540, -0.8000, -8.562
6.550, -0.8000, -6.538
6.560, -0.8000, -7.672
6.570, -0.8000, -7.431
6.580, -0.8000, -8.085
6.590, -0.8000, -7.770
6.600, -0.8000, -8.009
6.610, -0.8000, -6.876
6.620, -0.8000, -7.815
6.630, -0.8000, -7.951
6.640, -0.8000, -8.120
6.650, -0.8000, -8.559
6.660, -0.8000, -8.647
6.670, -0.8000, -8.663
6.680, -0.8000, -7.599
6.690, -0.8000, -7.030
6.700, -0.8000, -8.026
6.710, -0.8000, -6.507
6.720, -0.8000, -8.699
6.730, -0.8000, -7.045
6.740, -0.8000, -8.516
6.750, -0.8000, -6.756
6.760, -0.8000, -7.935
6.770, -0.8000, -6.896
6.780, -0.8000, -7.106
6.790, -0.8000, -7.552
6.800, -0.8000, -7.541
6.810, -0.8000, -8.812
6.820, -0.8000, -7.282
6.830, -0.8000, -7.813
6.840, -0.8000, -8.512
6.850, -0.8000, -7.493
6.860, -0.8000, -7.513
6.870, -0.8000, -7.195
6.880, -0.8000, -6.799
6.890, -0.8000, -7.872
6.900, -0.8000, -6.607
6.910, -0.8000, -8.351
6.920, -0.8000, -7.723
6.930, -0.8000, -7.793
6.940, -0.8000, -7.259
6.950, -0.8000, -7.784
6.960, -0.8000, -7.311
6.970, -0.8000, -7.173
6.980, -0.8000, -8.016
6.990, -0.8000, -7.260
7.000, -0.8000, -7.187
7.010, -0.8000, -8.018
7.020, -0.8000, -6.998
7.030, -0.8000, -7.607
7.040, -0.8000, -7.777
7.050, -0.8000, -7.775
7.060, -0.8000, -7.247
7.070, -0.8000, -7.886
7.080, -0.8000, -8.179
7.090, -0.8000, -6.490
7.100, -0.8000, -8.271
7.110, -0.8000, -7.833
7.120, -0.8000, -7.811
7.130, -0.8000, -6.919
7.140, -0.8000, -7.192
7.150, -0.8000, -8.180
7.160, -0.8000, -6.347
7.170, -0.8000, -7.710
7.180, -0.8000, -8.391
7.190, -0.8000, -7.091
7.200, -0.8000, -7.817
7.210, -0.8000, -9.173
7.220, -0.8000, -6.787
7.230, -0.8000, -7.516
7.240, -0.8000, -7.622
7.250, -0.8000, -7.622
7.260, -0.8000, -7.136
7.270, -0.8000, -6.640
7.280, -0.8000, -8.640
7.290, -0.8000, -6.224
7.300, -0.8000, -7.725
7.310, -0.8000, -8.409
7.320, -0.8000, -7.281
7.330, -0.8000, -8.631
7.340, -0.8000, -8.686
7.350, -0.8000, -8.144
7.360, -0.8000, -7.819
7.370, -0.8000, -7.820
7.380, -0.8000, -7.895
7.390, -0.8000, -7.352
7.400, -0.8000, -8.268
7.410, -0.8000, -8.231
7.420, -0.8000, -8.724
7.430, -0.8000, -8.336
7.440, -0.8000, -7.312
7.450, -0.8000, -7.061
7.460, -0.8000, -8.939
7.470, -0.8000, -8.754
7.480, -0.8000, -7.849
7.490, -0.8000, -8.443
7.500, -0.8000, -7.432
7.510, -0.8000, -7.994
7.520, -0.8000, -7.334
7.530, -0.8000, -7.781
7.540, -0.8000, -7.637
7.550, -0.8000, -7.877
7.560, -0.8000, -7.574
7.570, -0.8000, -7.244
7.580, -0.8000, -7.542
7.590, -0.8000, -7.804
7.600, -0.8000, -8.721
7.610, -0.8000, -6.578
7.620, -0.8000, -7.614
7.630, -0.8000, -7.869
7.640, -0.8000, -8.771
7.650, -0.8000, -8.552
7.660, -0.8000, -7.657
7.670, -0.8000, -7.140
7.680, -0.8000, -7.015
7.690, -0.8000, -7.280
7.700, -0.8000, -7.509
7.710, -0.8000, -8.792
7.720, -0.8000, -7.523
7.730, -0.8000, -8.324
7.740, -0.8000, -7.270
7.750, -0.8000, -7.213
7.760, -0.8000, -8.814
7.770, -0.8000, -7.774
7.780, -0.8000, -8.439
7.790, -0.8000, -7.956
7.800, -0.8000, -9.362
7.810, -0.8000, -7.060
7.820, -0.8000, -8.139
7.830, -0.8000, -9.377
7.840, -0.8000, -8.004
7.850, -0.8000, -7.679
7.860, -0.8000, -7.790
7.870, -0.8000, -8.218
7.880, -0.8000, -7.734
7.890, -0.8000, -6.884
7.900, -0.8000, -8.599
7.910, -0.8000, -8.290
7.920, -0.8000, -7.814
7.930, -0.8000, -7.855
7.940, -0.8000, -7.370
7.950, -0.8000, -7.864
7.960, -0.8000, -7.485
7.970, -0.8000, -7.940
7.980, -0.8000, -7.361
7.990, -0.8000, -7.190
8.000, -0.8000, -7.479
8.010, -0.8000, -8.473
8.020, -0.8000, -7.385
8.030, -0.8000, -7.358
8.040, -0.8000, -8.646
8.050, -0.8000, -7.970
8.060, -0.8000, -8.362
8.070, -0.8000, -8.234
8.080, -0.8000, -8.499
8.090, -0.8000, -6.653
8.100, -0.8000, -8.694
8.110, -0.8000, -8.065
8.120, -0.8000, -8.521
8.130, -0.8000, -7.108
8.140, -0.8000, -7.553
8.150, -0.8000, -7.756
8.160, -0.8000, -8.310
8.170, -0.8000, -8.013
8.180, -0.8000, -6.486
8.190, -0.8000, -7.947
8.200, -0.8000, -6.394
8.210, -0.8000, -7.927
8.220, -0.8000, -7.595
8.230, -0.8000, -8.621
8.240, -0.8000, -8.595
8.250, -0.8000, -8.314
8.260, -0.8000, -7.752
8.270, -0.8000, -8.930
8.280, -0.8000, -8.897
8.290, -0.8000, -7.221
8.300, -0.8000, -7.388
8.310, -0.8000, -6.482
8.320, -0.8000, -7.514
8.330, -0.8000, -7.018
8.340, -0.8000, -7.085
8.350, -0.8000, -7.474
8.360, -0.8000, -7.250
8.370, -0.8000, -6.882
8.380, -0.8000, -7.634
8.390, -0.8000, -8.860
8.400, -0.8000, -7.349
8.410, -0.8000, -7.654
8.420, -0.8000, -8.047
8.430, -0.8000, -7.389
8.440, -0.8000, -8.702
8.450, -0.8000, -7.051
8.460, -0.8000, -6.822
8.470, -0.8000, -7.693
8.480, -0.8000, -6.873
8.490, -0.8000, -7.330
8.500, -0.8000, -7.791
8.510, -0.8000, -7.377
8.520, -0.8000, -7.804
8.530, -0.8000, -8.344
8.540, -0.8000, -8.327
8.550, -0.8000, -8.325
8.560, -0.8000, -7.832
8.570, -0.8000, -6.998
8.580, -0.8000, -7.248
8.590, -0.8000, -7.565
8.600, -0.8000, -8.226
8.610, -0.8000, -7.713
8.620, -0.8000, -7.481
8.630, -0.8000, -7.448
8.640, -0.8000, -7.204
8.650, -0.8000, -7.733
8.660, -0.8000, -8.296
8.670, -0.8000, -8.112
8.680, -0.8000, -8.136
8.690, -0.8000, -7.712
8.700, -0.8000, -7.310
8.710, -0.8000, -7.615
8.720, -0.8000, -8.660
8.730, -0.8000, -7.559
8.740, -0.8000, -6.512
8.750, -0.8000, -6.510
8.760, -0.8000, -8.443
8.770, -0.8000, -7.066
8.780, -0.8000, -7.882
8.790, -0.8000, -7.228
8.800, -0.8000, -7.601
8.810, -0.8000, -6.811
8.820, -0.8000, -6.773
8.830, -0.8000, -6.757
8.840, -0.8000, -6.961
8.850, -0.8000, -6.728
8.860, -0.8000, -7.541
8.870, -0.8000, -7.182
8.880, -0.8000, -8.390
8.890, -0.8000, -9.078
8.900, -0.8000, -8.231
8.910, -0.8000, -8.032
8.920, -0.8000, -6.837
8.930, -0.8000, -7.105
8.940, -0.8000, -7.026
8.950, -0.8000, -7.879
8.960, -0.8000, -6.698
8.970, -0.8000, -6.744
8.980, -0.8000, -7.381
8.990, -0.8000, -8.314
9.000, -0.8000, -7.629
9.010, -0.8000, -7.679
9.020, -0.8000, -7.881
9.030, -0.8000, -8.301
9.040, -0.8000, -7.300
9.050, -0.8000, -6.403
9.060, -0.8000, -8.089
9.070, -0.8000, -8.305
9.080, -0.8000, -7.302
9.090, -0.8000, -7.692
9.100, -0.8000, -8.717
9.110, -0.8000, -7.196
9.120, -0.8000, -6.446
9.130, -0.8000, -7.034
9.140, -0.8000, -7.448
9.150, -0.8000, -7.844
9.160, -0.8000, -6.669
9.170, -0.8000, -7.430
9.180, -0.8000, -7.376
9.190, -0.8000, -7.040
9.200, -0.8000, -8.448
9.210, -0.8000, -7.469
9.220, -0.8000, -7.606
9.230, -0.8000, -7.423
9.240, -0.8000, -7.474
9.250, -0.8000, -7.307
9.260, -0.8000, -7.191
9.270, -0.8000, -8.283
9.280, -0.8000, -7.110
9.290, -0.8000, -6.929
9.300, -0.8000, -6.780
9.310, -0.8000, -8.093
9.320, -0.8000, -7.668
9.330, -0.8000, -8.075
9.340, -0.8000, -6.808
9.350, -0.8000, -7.506
9.360, -0.8000, -7.361
9.370, -0.8000, -7.853
9.380, -0.8000, -7.212
9.390, -0.8000, -7.016
9.400, -0.8000, -7.561
9.410, -0.8000, -7.607
9.420, -0.8000, -7.881
9.430, -0.8000, -7.924
9.440, -0.8000, -7.933
9.450, -0.8000, -6.558
9.460, -0.8000, -6.870
9.470, -0.8000, -7.661
9.480, -0.8000, -7.715
9.490, -0.8000, -7.040
9.500, -0.8000, -6.831
9.510, -0.8000, -9.010
9.520, -0.8000, -7.344
9.530, -0.8000, -8.154
9.540, -0.8000, -7.710
9.550, -0.8000, -7.740
9.560, -0.8000, -7.031
9.570, -0.8000, -7.295
9.580, -0.8000, -8.222
9.590, -0.8000, -8.141
9.600, -0.8000, -8.789
9.610, -0.8000, -7.664
9.620, -0.8000, -7.960
9.630, -0.8000, -8.013
9.640, -0.8000, -8.299
9.650, -0.8000, -6.028
9.660, -0.8000, -8.426
9.670, -0.8000, -7.917
9.680, -0.8000, -7.608
9.690, -0.8000, -8.613
9.700, -0.8000, -8.057
9.710, -0.8000, -6.597
9.720, -0.8000, -7.361
9.730, -0.8000, -7.742
9.740, -0.8000, -7.877
9.750, -0.8000, -8.644
9.760, -0.8000, -7.363
9.770, -0.8000, -7.510
9.780, -0.8000, -7.912
9.790, -0.8000, -8.936
9.800, -0.8000, -7.791
9.810, -0.8000, -7.157
9.820, -0.8000, -7.896
9.830, -0.8000, -6.925
9.840, -0.8000, -7.921
9.850, -0.8000, -7.404
9.860, -0.8000, -8.245
9.870, -0.8000, -8.793
9.880, -0.8000, -6.623
9.890, -0.8000, -7.670
9.900, -0.8000, -8.616
9.910, -0.8000, -7.810
9.920, -0.8000, -7.882
9.930, -0.8000, -6.697
9.940, -0.8000, -7.379
9.950, -0.8000, -7.142
9.960, -0.8000, -8.358
9.970, -0.8000, -6.875
9.980, -0.8000, -7.045
9.990, -0.8000, -6.624
10.00, -0.8000, -7.839
10.01, -0.8000, -7.270
10.02, -0.8000, -7.977
10.03, -0.8000, -8.782
10.04, -0.8000, -7.839
10.05, -0.8000, -8.076
10.06, -0.8000, -7.207
10.07, -0.8000, -6.758
10.08, -0.8000, -8.374
10.09, -0.8000, -7.370
10.10, -0.8000, -7.373
10.11, -0.8000, -6.685
10.12, -0.8000, -7.999
10.13, -0.8000, -8.089
10.14, -0.8000, -7.186
10.15, -0.8000, -7.747
10.16, -0.8000, -6.440
10.17, -0.8000, -8.225
10.18, -0.8000, -7.037
10.19, -0.8000, -7.095
10.20, -0.8000, -8.586
10.21, -0.8000, -7.690
10.22, -0.8000, -8.247
10.23, -0.8000, -8.062
10.24, -0.8000, -7.482
10.25, -0.8000, -7.828
10.26, -0.8000, -8.221
10.27, -0.8000, -7.570
10.28, -0.8000, -6.710
10.29, -0.8000, -7.335
10.30, -0.8000, -6.708
10.31, -0.8000, -7.845
10.32, -0.8000, -8.388
10.33, -0.8000, -8.055
10.34, -0.8000, -7.654
10.35, -0.8000, -7.053
10.36, -0.8000, -8.011
10.37, -0.8000, -7.182
10.38, -0.8000, -7.329
10.39, -0.8000, -7.669
10.40, -0.8000, -8.292
10.41, -0.8000, -7.409
10.42, -0.8000, -7.635
10.43, -0.8000, -7.960
10.44, -0.8000, -7.531
10.45, -0.8000, -7.781
10.46, -0.8000, -6.209
10.47, -0.8000, -8.828
10.48, -0.8000, -6.540
10.49, -0.8000, -8.321
10.50, -0.8000, -8.119
10.51, -0.8000, -8.016
10.52, -0.8000, -7.526
10.53, -0.8000, -7.744
10.54, -0.8000, -6.914
10.55, -0.8000, -5.964
10.56, -0.8000, -8.221
10.57, -0.8000, -7.471
10.58, -0.8000, -7.022
10.59, -0.8000, -7.983
10.60, -0.8000, -8.290
10.61, -0.8000, -8.473
10.62, -0.8000, -6.379
10.63, -0.8000, -8.549
10.64, -0.8000, -7.913
10.65, -0.8000, -7.369
10.66, -0.8000, -7.364
10.67, -0.8000, -8.206
10.68, -0.8000, -7.711
10.69, -0.8000, -7.336
10.70, -0.8000, -7.570
10.71, -0.8000, -7.344
10.72, -0.8000, -6.572
10.73, -0.8000, -7.877
10.74, -0.8000, -7.385
10.75, -0.8000, -7.710
10.76, -0.8000, -7.744
10.77, -0.8000, -7.854
10.78, -0.8000, -7.389
10.79, -0.8000, -6.668
10.80, -0.8000, -6.843
10.81, -0.8000, -8.970
10.82, -0.8000, -8.490
10.83, -0.8000, -7.909
10.84, -0.8000, -7.015
10.85, -0.8000, -8.239
10.86, -0.8000, -7.115
10.87, -0.8000, -7.584
10.88, -0.8000, -9.076
10.89, -0.8000, -7.195
10.90, -0.8000, -7.446
10.91, -0.8000, -7.699
10.92, -0.8000, -7.454
10.93, -0.8000, -7.484
10.94, -0.8000, -6.615
10.95, -0.8000, -7.854
10.96, -0.8000, -7.592
10.97, -0.8000, -7.891
10.98, -0.8000, -7.571
10.99, -0.8000, -6.839
11.00, -0.8000, -6.244
11.01, -0.8000, -6.181
11.02, -0.8000, -7.406
11.03, -0.8000, -6.578
11.04, -0.8000, -7.494
11.05, -0.8000, -6.368
11.06, -0.8000, -6.691
11.07, -0.8000, -6.725
11.08, -0.8000, -7.361
11.09, -0.8000, -7.869
11.10, -0.8000, -7.129
11.11, -0.8000, -8.489
11.12, -0.8000, -8.217
11.13, -0.8000, -7.663
11.14, -0.8000, -8.217
11.15, -0.8000, -8.108
11.16, -0.8000, -6.917
11.17, -0.8000, -7.983
11.18, -0.8000, -7.088
11.19, -0.8000, -6.632
11.20, -0.8000, -7.981
11.21, -0.8000, -7.219
11.22, -0.8000, -6.863
11.23, -0.8000, -6.960
11.24, -0.8000, -7.728
11.25, -0.8000, -7.016
11.26, -0.8000, -7.397
11.27, -0.8000, -8.573
11.28, -0.8000, -7.391
11.29, -0.8000, -6.664
11.30, -0.8000, -6.758
11.31, -0.8000, -7.148
11.32, -0.8000, -7.228
11.33, -0.8000, -8.579
11.34, -0.8000, -7.786
11.35, -0.8000, -7.176
11.36, -0.8000, -7.435
11.37, -0.8000, -7.797
11.38, -0.8000, -6.496
11.39, -0.8000, -7.969
11.40, -0.8000, -7.778
11.41, -0.8000, -8.548
11.42, -0.8000, -6.880
11.43, -0.8000, -7.857
11.44, -0.8000, -7.293
11.45, -0.8000, -6.727
11.46, -0.8000, -8.650
11.47, -0.8000, -7.127
11.48, -0.8000, -7.793
11.49, -0.8000, -7.318
11.50, -0.8000, -8.747
11.51, -0.8000, -6.786
11.52, -0.8000, -6.879
11.53, -0.8000, -7.396
11.54, -0.8000, -9.171
11.55, -0.8000, -8.118
11.56, -0.8000, -7.695
11.57, -0.8000, -8.054
11.58, -0.8000, -8.104
11.59, -0.8000, -8.280
11.60, -0.8000, -7.396
11.61, -0.8000, -7.569
11.62, -0.8000, -7.788
11.63, -0.8000, -8.041
11.64, -0.8000, -6.727
11.65, -0.8000, -8.205
11.66, -0.8000, -6.595
11.67, -0.8000, -7.248
11.68, -0.8000, -6.742
11.69, -0.8000, -7.737
11.70, -0.8000, -7.371
11.71, -0.8000, -7.699
11.72, -0.8000, -8.484
11.73, -0.8000, -6.658
11.74, -0.8000, -7.490
11.75, -0.8000, -6.898
11.76, -0.8000, -7.665
11.77, -0.8000, -7.542
11.78, -0.8000, -7.572
11.79, -0.8000, -7.439
11.80, -0.8000, -8.358
11.81, -0.8000, -7.244
11.82, -0.8000, -8.088
11.83, -0.8000, -6.698
11.84, -0.8000, -7.055
11.85, -0.8000, -7.367
11.86, -0.8000, -6.668
11.87, -0.8000, -6.607
11.88, -0.8000, -8.072
11.89, -0.8000, -6.803
11.90, -0.8000, -8.564
11.91, -0.8000, -6.549
11.92, -0.8000, -7.981
11.93, -0.8000, -7.382
11.94, -0.8000, -7.477
11.95, -0.8000, -7.912
11.96, -0.8000, -6.665
11.97, -0.8000, -7.664
11.98, -0.8000, -7.915
11.99, -0.8000, -8.224
12.00, -0.8000, -7.551
12.01, -0.8000, -6.803
12.02, -0.8000, -8.817
12.03, -0.8000, -6.367
12.04, -0.8000, -8.741
12.05, -0.8000, -7.557
12.06, -0.8000, -7.417
12.07, -0.8000, -8.645
12.08, -0.8000, -6.700
12.09, -0.8000, -8.134
12.10, -0.8000, -7.461
12.11, -0.8000, -7.192
12.12, -0.8000, -7.022
12.13, -0.8000, -7.010
12.14, -0.8000, -7.003
12.15, -0.8000, -6.122
12.16, -0.8000, -7.779
12.17, -0.8000, -7.719
12.18, -0.8000, -7.067
12.19, -0.8000, -7.128
12.20, -0.8000, -7.570
12.21, -0.8000, -7.948
12.22, -0.8000, -7.601
12.23, -0.8000, -7.705
12.24, -0.8000, -7.086
12.25, -0.8000, -7.273
12.26, -0.8000, -8.925
12.27, -0.8000, -8.710
12.28, -0.8000, -8.212
12.29, -0.8000, -8.064
12.30, -0.8000, -8.189
12.31, -0.8000, -7.820
12.32, -0.8000, -7.491
12.33, -0.8000, -8.559
12.34, -0.8000, -7.376
12.35, -0.8000, -7.738
12.36, -0.8000, -8.020
12.37, -0.8000, -7.943
12.38, -0.8000, -7.286
12.39, -0.8000, -8.449
12.40, -0.8000, -7.102
12.41, -0.8000, -7.172
12.42, -0.8000, -7.063
12.43, -0.8000, -7.511
12.44, -0.8000, -7.386
12.45, -0.8000, -7.489
12.46, -0.8000, -7.736
12.47, -0.8000, -7.170
12.48, -0.8000, -6.934
12.49, -0.8000, -8.724
12.50, -0.8000, -7.624
12.51, -0.8000, -8.091
12.52, -0.8000, -8.889
12.53, -0.8000, -7.367
12.54, -0.8000, -7.589
12.55, -0.8000, -7.702
12.56, -0.8000, -7.404
12.57, -0.8000, -7.292
12.58, -0.8000, -7.696
12.59, -0.8000, -7.418
12.60, -0.8000, -7.817
12.61, -0.8000, -8.582
12.62, -0.8000, -6.966
12.63, -0.8000, -8.071
12.64, -0.8000, -7.549
12.65, -0.8000, -6.821
12.66, -0.8000, -8.272
12.67, -0.8000, -7.154
12.68, -0.8000, -8.158
12.69, -0.8000, -8.100
12.70, -0.8000, -7.860
12.71, -0.8000, -7.943
12.72, -0.8000, -6.897
12.73, -0.8000, -8.646
12.74, -0.8000, -7.768
12.75, -0.8000, -7.194
12.76, -0.8000, -7.844
12.77, -0.8000, -7.237
12.78, -0.8000, -8.286
12.79, -0.8000, -7.741
12.80, -0.8000, -7.679
12.81, -0.8000, -6.808
12.82, -0.8000, -7.542
12.83, -0.8000, -6.953
12.84, -0.8000, -7.191
12.85, -0.8000, -7.266
12.86, -0.8000, -7.822
12.87, -0.8000, -7.910
12.88, -0.8000, -7.141
12.89, -0.8000, -7.588
12.90, -0.8000, -7.892
12.91, -0.8000, -7.122
12.92, -0.8000, -8.243
12.93, -0.8000, -6.188
12.94, -0.8000, -7.987
12.95, -0.8000, -6.771
12.96, -0.8000, -8.013
12.97, -0.8000, -6.910
12.98, -0.8000, -7.638
12.99, -0.8000, -8.214
13.00, -0.8000, -7.175
13.01, -0.8000, -7.553
13.02, -0.8000, -7.968
13.03, -0.8000, -6.905
13.04, -0.8000, -7.144
13.05, -0.8000, -6.677
13.06, -0.8000, -9.032
13.07, -0.8000, -6.873
13.08, -0.8000, -7.951
13.09, -0.8000, -6.617
13.10, -0.8000, -6.164
13.11, -0.8000, -8.505
13.12, -0.8000, -6.556
13.13, -0.8000, -8.152
13.14, -0.8000, -7.777
13.15, -0.8000, -8.395
13.16, -0.8000, -8.283
13.17, -0.8000, -7.152
13.18, -0.8000, -7.809
13.19, -0.8000, -7.409
13.20, -0.8000, -8.903
13.21, -0.8000, -6.886
13.22, -0.8000, -7.055
13.23, -0.8000, -7.089
13.24, -0.8000, -8.164
13.25, -0.8000, -8.696
13.26, -0.8000, -7.657
13.27, -0.8000, -8.155
13.28, -0.8000, -8.377
13.29, -0.8000, -7.757
13.30, -0.8000, -6.680
13.31, -0.8000, -7.024
13.32, -0.8000, -7.779
13.33, -0.8000, -6.681
13.34, -0.8000, -7.820
13.35, -0.8000, -6.700
13.36, -0.8000, -7.959
13.37, -0.8000, -7.611
13.38, -0.8000, -6.881
13.39, -0.8000, -7.371
13.40, -0.8000, -6.754
13.41, -0.8000, -7.416
13.42, -0.8000, -6.609
13.43, -0.8000, -8.325
13.44, -0.8000, -7.295
13.45, -0.8000, -7.172
13.46, -0.8000, -7.476
13.47, -0.8000, -6.650
13.48, -0.8000, -8.768
13.49, -0.8000, -7.441
13.50, -0.8000, -7.055
13.51, -0.8000, -7.073
13.52, -0.8000, -8.825
13.53, -0.8000, -7.097
13.54, -0.8000, -6.910
13.55, -0.8000, -7.291
13.56, -0.8000, -7.221
13.57, -0.8000, -7.296
13.58, -0.8000, -7.959
13.59, -0.8000, -7.020
13.60, -0.8000, -6.986
13.61, -0.8000, -6.285
13.62, -0.8000, -7.175
13.63, -0.8000, -6.259
13.64, -0.8000, -7.681
13.65, -0.8000, -8.410
13.66, -0.8000, -8.084
13.67, -0.8000, -6.760
13.68, -0.8000, -6.528
13.69, -0.8000, -7.040
13.70, -0.8000, -6.350
13.71, -0.8000, -7.567
13.72, -0.8000, -6.845
13.73, -0.8000, -7.656
13.74, -0.8000, -6.715
13.75, -0.8000, -6.642
13.76, -0.8000, -7.638
13.77, -0.8000, -8.502
13.78, -0.8000, -6.869
13.79, -0.8000, -8.308
13.80, -0.8000, -7.482
13.81, -0.8000, -6.595
13.82, -0.8000, -7.723
13.83, -0.8000, -7.313
13.84, -0.8000, -7.784
13.85, -0.8000, -7.335
13.86, -0.8000, -7.499
13.87, -0.8000, -7.955
13.88, -0.8000, -7.605
13.89, -0.8000, -7.114
13.90, -0.8000, -7.576
13.91, -0.8000, -7.866
13.92, -0.8000, -6.764
13.93, -0.8000, -7.796
13.94, -0.8000, -7.227
13.95, -0.8000, -7.950
13.96, -0.8000, -7.123
13.97, -0.8000, -7.066
13.98, -0.8000, -6.724
13.99, -0.8000, -6.817
14.00, -0.8000, -8.050
14.01, -0.8000, -7.629
14.02, -0.8000, -7.628
14.03, -0.8000, -7.028
14.04, -0.8000, -8.391
14.05, -0.8000, -7.832
14.06, -0.8000, -7.519
14.07, -0.8000, -7.333
14.08, -0.8000, -7.192
14.09, -0.8000, -6.926
14.10, -0.8000, -7.109
14.11, -0.8000, -6.366
14.12, -0.8000, -8.651
14.13, -0.8000, -6.034
14.14, -0.8000, -8.465
14.15, -0.8000, -6.433
14.16, -0.8000, -6.849
14.17, -0.8000, -7.785
14.18, -0.8000, -7.168
14.19, -0.8000, -8.027
14.20, -0.8000, -8.525
14.21, -0.8000, -8.235
14.22, -0.8000, -7.599
14.23, -0.8000, -8.328
14.24, -0.8000, -8.742
14.25, -0.8000, -8.025
14.26, -0.8000, -8.622
14.27, -0.8000, -6.137
14.28, -0.8000, -6.486
14.29, -0.8000, -7.024
14.30, -0.8000, -6.356
14.31, -0.8000, -7.420
14.32, -0.8000, -6.924
14.33, -0.8000, -7.652
14.34, -0.8000, -7.367
14.35, -0.8000, -8.550
14.36, -0.8000, -7.790
14.37, -0.8000, -7.560
14.38, -0.8000, -7.113
14.39, -0.8000, -8.158
14.40, -0.8000, -7.540
14.41, -0.8000, -7.050
14.42, -0.8000, -7.642
14.43, -0.8000, -8.259
14.44, -0.8000, -6.877
14.45, -0.8000, -7.420
14.46, -0.8000, -7.584
14.47, -0.8000, -7.609
14.48, -0.8000, -6.965
14.49, -0.8000, -7.847
14.50, -0.8000, -8.543
14.51, -0.8000, -6.881
14.52, -0.8000, -9.237
14.53, -0.8000, -7.165
14.54, -0.8000, -6.921
14.55, -0.8000, -7.962
14.56, -0.8000, -6.594
14.57, -0.8000, -6.857
14.58, -0.8000, -7.744
14.59, -0.8000, -7.461
14.60, -0.8000, -7.232
14.61, -0.8000, -7.301
14.62, -0.8000, -7.490
14.63, -0.8000, -8.013
14.64, -0.8000, -7.360
14.65, -0.8000, -7.250
14.66, -0.8000, -7.778
14.67, -0.8000, -7.687
14.68, -0.8000, -6.620
14.69, -0.8000, -7.770
14.70, -0.8000, -6.532
14.71, -0.8000, -7.544
14.72, -0.8000, -7.742
14.73, -0.8000, -7.309
14.74, -0.8000, -7.366
14.75, -0.8000, -6.488
14.76, -0.8000, -7.983
14.77, -0.8000, -6.652
14.78, -0.8000, -8.642
14.79, -0.8000, -6.372
14.80, -0.8000, -8.708
14.81, -0.8000, -7.020
14.82, -0.8000, -7.507
14.83, -0.8000, -6.505
14.84, -0.8000, -6.615
14.85, -0.8000, -6.505
14.86, -0.8000, -8.284
14.87, -0.8000, -6.768
14.88, -0.8000, -7.935
14.89, -0.8000, -6.742
14.90, -0.8000, -7.499
14.91, -0.8000, -6.684
14.92, -0.8000, -6.620
14.93, -0.8000, -8.211
14.94, -0.8000, -6.843
14.95, -0.8000, -8.579
14.96, -0.8000, -7.793
14.97, -0.8000, -8.359
14.98, -0.8000, -8.093
14.99, -0.8000, -7.543
15.00, -0.8000, -7.757
15.01, -0.8000, -6.692
15.02, -0.8000, -7.210
15.03, -0.8000, -6.566
15.04, -0.8000, -6.389
15.05, -0.8000, -7.209
15.06, -0.8000, -7.286
15.07, -0.8000, -8.167
15.08, -0.8000, -6.929
15.09, -0.8000, -8.298
15.10, -0.8000, -6.958
15.11, -0.8000, -8.328
15.12, -0.8000, -7.577
15.13, -0.8000, -8.803
15.14, -0.8000, -8.265
15.15, -0.8000, -8.194
15.16, -0.8000, -7.015
15.17, -0.8000, -6.998
15.18, -0.8000, -6.532
15.19, -0.8000, -7.129
15.20, -0.8000, -6.949
15.21, -0.8000, -7.085
15.22, -0.8000, -7.104
15.23, -0.8000, -8.331
15.24, -0.8000, -6.943
15.25, -0.8000, -7.422
15.26, -0.8000, -7.714
15.27, -0.8000, -8.154
15.28, -0.8000, -6.728
15.29, -0.8000, -6.691
15.30, -0.8000, -7.178
15.31, -0.8000, -6.033
15.32, -0.8000, -7.212
15.33, -0.8000, -7.235
15.34, -0.8000, -8.547
15.35, -0.8000, -7.030
15.36, -0.8000, -7.239
15.37, -0.8000, -6.843
15.38, -0.8000, -6.867
15.39, -0.8000, -7.003
15.40, -0.8000, -8.381
15.41, -0.8000, -6.571
15.42, -0.8000, -6.851
15.43, -0.8000, -6.227
15.44, -0.8000, -7.246
15.45, -0.8000, -7.622
15.46, -0.8000, -8.244
15.47, -0.8000, -6.824
15.48, -0.8000, -6.804
15.49, -0.8000, -8.580
15.50, -0.8000, -7.275
15.51, -0.8000, -6.611
15.52, -0.8000, -6.220
15.53, -0.8000, -8.166
15.54, -0.8000, -6.335
15.55, -0.8000, -7.203
15.56, -0.8000, -7.103
15.57, -0.8000, -7.218
15.58, -0.8000, -7.162
15.59, -0.8000, -8.152
15.60, -0.8000, -7.625
15.61, -0.8000, -6.750
15.62, -0.8000, -7.837
15.63, -0.8000, -7.693
15.64, -0.8000, -7.668
15.65, -0.8000, -7.496
15.66, -0.8000, -7.093
15.67, -0.8000, -5.928
15.68, -0.8000, -7.459
15.69, -0.8000, -7.231
15.70, -0.8000, -7.878
15.71, -0.8000, -8.392
15.72, -0.8000, -7.099
15.73, -0.8000, -6.770
15.74, -0.8000, -7.480
15.75, -0.8000, -7.946
15.76, -0.8000, -6.905
15.77, -0.8000, -7.531
15.78, -0.8000, -6.573
15.79, -0.8000, -7.108
15.80, -0.8000, -7.726
15.81, -0.8000, -7.755
15.82, -0.8000, -7.830
15.83, -0.8000, -6.953
15.84, -0.8000, -6.556
15.85, -0.8000, -7.919
15.86, -0.8000, -7.275
15.87, -0.8000, -7.399
15.88, -0.8000, -8.508
15.89, -0.8000, -7.662
15.90, -0.8000, -8.770
15.91, -0.8000, -6.529
15.92, -0.8000, -6.777
15.93, -0.8000, -6.703
15.94, -0.8000, -7.786
15.95, -0.8000, -6.980
15.96, -0.8000, -7.089
15.97, -0.8000, -7.944
15.98, -0.8000, -6.066
15.99, -0.8000, -7.568
16.00, -0.8000, -6.386
16.01, -0.8000, -7.966
16.02, -0.8000, -5.832
16.03, -0.8000, -7.277
16.04, -0.8000, -6.787
16.05, -0.8000, -6.977
16.06, -0.8000, -6.864
16.07, -0.8000, -7.810
16.08, -0.8000, -7.381
16.09, -0.8000, -8.173
16.10, -0.8000, -8.357
16.11, -0.8000, -7.131
16.12, -0.8000, -7.332
16.13, -0.8000, -7.169
16.14, -0.8000, -6.341
16.15, -0.8000, -8.446
16.16, -0.8000, -7.325
16.17, -0.8000, -8.709
16.18, -0.8000, -7.450
16.19, -0.8000, -8.011
16.20, -0.8000, -7.025
16.21, -0.8000, -6.832
16.22, -0.8000, -7.746
16.23, -0.8000, -6.655
16.24, -0.8000, -7.259
16.25, -0.8000, -7.720
16.26, -0.8000, -7.287
16.27, -0.8000, -7.235
16.28, -0.8000, -6.614
16.29, -0.8000, -8.496
16.30, -0.8000, -6.525
16.31, -0.8000, -7.793
16.32, -0.8000, -8.706
16.33, -0.8000, -7.964
16.34, -0.8000, -8.053
16.35, -0.8000, -7.560
16.36, -0.8000, -8.479
16.37, -0.8000, -7.615
16.38, -0.8000, -6.969
16.39, -0.8000, -7.458
16.40, -0.8000, -7.759
16.41, -0.8000, -8.054
16.42, -0.8000, -7.749
16.43, -0.8000, -7.263
16.44, -0.8000, -6.516
16.45, -0.8000, -7.706
16.46, -0.8000, -6.973
16.47, -0.8000, -7.883
16.48, -0.8000, -7.309
16.49, -0.8000, -8.001
16.50, -0.8000, -8.558
16.51, -0.8000, -7.389
16.52, -0.8000, -6.733
16.53, -0.8000, -7.174
16.54, -0.8000, -7.175
16.55, -0.8000, -7.422
16.56, -0.8000, -8.468
16.57, -0.8000, -7.051
16.58, -0.8000, -7.988
16.59, -0.8000, -8.079
16.60, -0.8000, -6.582
16.61, -0.8000, -8.363
16.62, -0.8000, -6.730
16.63, -0.8000, -7.170
16.64, -0.8000, -5.836
16.65, -0.8000, -9.105
16.66, -0.8000, -6.580
16.67, -0.8000, -9.190
16.68, -0.8000, -6.655
16.69, -0.8000, -7.530
16.70, -0.8000, -8.352
16.71, -0.8000, -6.814
16.72, -0.8000, -8.269
16.73, -0.8000, -8.335
16.74, -0.8000, -7.752
16.75, -0.8000, -7.154
16.76, -0.8000, -8.149
16.77, -0.8000, -8.023
16.78, -0.8000, -6.977
16.79, -0.8000, -6.533
16.80, -0.8000, -6.334
16.81, -0.8000, -7.989
16.82, -0.8000, -6.838
16.83, -0.8000, -7.812
16.84, -0.8000, -7.401
16.85, -0.8000, -7.863
16.86, -0.8000, -7.308
16.87, -0.8000, -7.362
16.88, -0.8000, -6.955
16.89, -0.8000, -7.972
16.90, -0.8000, -7.150
16.91, -0.8000, -8.675
16.92, -0.8000, -7.147
16.93, -0.8000, -7.135
16.94, -0.8000, -7.101
16.95, -0.8000, -7.145
16.96, -0.8000, -7.683
16.97, -0.8000, -6.547
16.98, -0.8000, -8.341
16.99, -0.8000, -6.262
17.00, -0.8000, -6.615
17.01, -0.8000, -6.821
17.02, -0.8000, -7.402
17.03, -0.8000, -6.677
17.04, -0.8000, -7.338
17.05, -0.8000, -6.557
17.06, -0.8000, -6.417
17.07, -0.8000, -7.641
17.08, -0.8000, -7.342
17.09, -0.8000, -7.527
17.10, -0.8000, -6.750
17.11, -0.8000, -7.626
17.12, -0.8000, -7.297
17.13, -0.8000, -8.349
17.14, -0.8000, -7.560
17.15, -0.8000, -7.464
17.16, -0.8000, -6.637
17.17, -0.8000, -7.536
17.18, -0.8000, -7.630
17.19, -0.8000, -6.611
17.20, -0.8000, -7.001
17.21, -0.8000, -7.249
17.22, -0.8000, -7.666
17.23, -0.8000, -8.208
17.24, -0.8000, -7.476
17.25, -0.8000, -7.450
17.26, -0.8000, -7.854
17.27, -0.8000, -7.890
17.28, -0.8000, -7.552
17.29, -0.8000, -7.907
17.30, -0.8000, -7.688
17.31, -0.8000, -7.405
17.32, -0.8000, -8.361
17.33, -0.8000, -7.207
17.34, -0.8000, -6.735
17.35, -0.8000, -7.815
17.36, -0.8000, -8.278
17.37, -0.8000, -7.265
17.38, -0.8000, -7.327
17.39, -0.8000, -6.953
17.40, -0.8000, -7.372
17.41, -0.8000, -6.847
17.42, -0.8000, -6.797
17.43, -0.8000, -7.093
17.44, -0.8000, -7.741
17.45, -0.8000, -8.228
17.46, -0.8000, -7.147
17.47, -0.8000, -7.024
17.48, -0.8000, -8.043
17.49, -0.8000, -7.274
17.50, -0.8000, -7.013
17.51, -0.8000, -6.461
17.52, -0.8000, -8.290
17.53, -0.8000, -7.179
17.54, -0.8000, -8.227
17.55, -0.8000, -7.443
17.56, -0.8000, -8.112
17.57, -0.8000, -6.308
17.58, -0.8000, -7.041
17.59, -0.8000, -6.389
17.60, -0.8000, -6.956
17.61, -0.8000, -7.622
17.62, -0.8000, -7.411
17.63, -0.8000, -7.080
17.64, -0.8000, -7.354
17.65, -0.8000, -6.846
17.66, -0.8000, -7.871
17.67, -0.8000, -7.061
17.68, -0.8000, -6.917
17.69, -0.8000, -8.486
17.70, -0.8000, -6.260
17.71, -0.8000, -7.467
17.72, -0.8000, -7.139
17.73, -0.8000, -8.519
17.74, -0.8000, -7.269
17.75, -0.8000, -7.614
17.76, -0.8000, -6.209
17.77, -0.8000, -7.009
17.78, -0.8000, -6.897
17.79, -0.8000, -7.386
17.80, -0.8000, -7.115
17.81, -0.8000, -6.575
17.82, -0.8000, -8.101
17.83, -0.8000, -8.043
17.84, -0.8000, -7.670
17.85, -0.8000, -7.628
17.86, -0.8000, -8.543
17.87, -0.8000, -7.071
17.88, -0.8000, -7.662
17.89, -0.8000, -7.350
17.90, -0.8000, -7.783
17.91, -0.8000, -6.894
17.92, -0.8000, -7.196
17.93, -0.8000, -9.008
17.94, -0.8000, -8.073
17.95, -0.8000, -8.885
17.96, -0.8000, -7.984
17.97, -0.8000, -7.808
17.98, -0.8000, -7.179
17.99, -0.8000, -7.973
18.00, -0.8000, -6.775
18.01, -0.8000, -7.307
18.02, -0.8000, -7.186
18.03, -0.8000, -6.317
18.04, -0.8000, -8.114
18.05, -0.8000, -7.620
18.06, -0.8000, -7.873
18.07, -0.8000, -6.307
18.08, -0.8000, -7.519
18.09, -0.8000, -6.804
18.10, -0.8000, -6.640
18.11, -0.8000, -6.502
18.12, -0.8000, -6.864
18.13, -0.8000, -6.628
18.14, -0.8000, -6.435
18.15, -0.8000, -7.112
18.16, -0.8000, -6.714
18.17, -0.8000, -6.733
18.18, -0.8000, -7.028
18.19, -0.8000, -8.135
18.20, -0.8000, -7.070
18.21, -0.8000, -8.396
18.22, -0.8000, -8.575
18.23, -0.8000, -7.232
18.24, -0.8000, -8.231
18.25, -0.8000, -7.980
18.26, -0.8000, -7.139
18.27, -0.8000, -7.720
18.28, -0.8000, -7.443
18.29, -0.8000, -6.343
18.30, -0.8000, -8.123
18.31, -0.8000, -7.691
18.32, -0.8000, -6.567
18.33, -0.8000, -6.283
18.34, -0.8000, -6.927
18.35, -0.8000, -7.188
18.36, -0.8000, -7.865
18.37, -0.8000, -7.513
18.38, -0.8000, -7.775
18.39, -0.8000, -7.773
18.40, -0.8000, -7.585
18.41, -0.8000, -7.328
18.42, -0.8000, -7.143
18.43, -0.8000, -7.446
18.44, -0.8000, -6.760
18.45, -0.8000, -8.198
18.46, -0.8000, -7.889
18.47, -0.8000, -6.253
18.48, -0.8000, -6.431
18.49, -0.8000, -7.664
18.50, -0.8000, -7.780
18.51, -0.8000, -7.664
18.52, -0.8000, -8.243
18.53, -0.8000, -7.237
18.54, -0.8000, -7.115
18.55, -0.8000, -6.399
18.56, -0.8000, -7.184
18.57, -0.8000, -6.658
18.58, -0.8000, -7.623
18.59, -0.8000, -7.156
18.60, -0.8000, -8.288
18.61, -0.8000, -7.357
18.62, -0.8000, -7.592
18.63, -0.8000, -7.084
18.64, -0.8000, -7.362
18.65, -0.8000, -6.385
18.66, -0.8000, -7.445
18.67, -0.8000, -8.597
18.68, -0.8000, -7.814
18.69, -0.8000, -5.795
18.70, -0.8000, -6.809
18.71, -0.8000, -6.945
18.72, -0.8000, -6.358
18.73, -0.8000, -6.846
18.74, -0.8000, -7.575
18.75, -0.8000, -8.181
18.76, -0.8000, -7.190
18.77, -0.8000, -7.929
18.78, -0.8000, -6.895
18.79, -0.8000, -7.952
18.80, -0.8000, -7.381
18.81, -0.8000, -7.063
18.82, -0.8000, -6.012
18.83, -0.8000, -7.396
18.84, -0.8000, -7.033
18.85, -0.8000, -7.601
18.86, -0.8000, -7.916
18.87, -0.8000, -7.736
18.88, -0.8000, -7.704
18.89, -0.8000, -8.586
18.90, -0.8000, -7.005
18.91, -0.8000, -6.729
18.92, -0.8000, -6.865
18.93, -0.8000, -6.449
18.94, -0.8000, -7.433
18.95, -0.8000, -7.081
18.96, -0.8000, -7.408
18.97, -0.8000, -8.160
18.98, -0.8000, -6.914
18.99, -0.8000, -7.605
19.00, -0.8000, -7.138
19.01, -0.8000, -7.690
19.02, -0.8000, -6.394
19.03, -0.8000, -7.586
19.04, -0.8000, -6.928
19.05, -0.8000, -7.653
19.06, -0.8000, -6.979
19.07, -0.8000, -7.685
19.08, -0.8000, -6.447
19.09, -0.8000, -7.114
19.10, -0.8000, -6.938
19.11, -0.8000, -6.332
19.12, -0.8000, -7.034
19.13, -0.8000, -6.882
19.14, -0.8000, -7.110
19.15, -0.8000, -7.568
19.16, -0.8000, -7.741
19.17, -0.8000, -6.977
19.18, -0.8000, -6.272
19.19, -0.8000, -7.928
19.20, -0.8000, -7.115
19.21, -0.8000, -6.393
19.22, -0.8000, -7.562
19.23, -0.8000, -7.637
19.24, -0.8000, -6.444
19.25, -0.8000, -8.189
19.26, -0.8000, -6.648
19.27, -0.8000, -7.069
19.28, -0.8000, -7.201
19.29, -0.8000, -7.582
19.30, -0.8000, -7.232
19.31, -0.8000, -6.283
19.32, -0.8000, -7.014
19.33, -0.8000, -7.818
19.34, -0.8000, -8.131
19.35, -0.8000, -7.739
19.36, -0.8000, -8.407
19.37, -0.8000, -6.986
19.38, -0.8000, -7.256
19.39, -0.8000, -6.435
19.40, -0.8000, -6.745
19.41, -0.8000, -7.202
19.42, -0.8000, -8.367
19.43, -0.8000, -7.257
19.44, -0.8000, -7.605
19.45, -0.8000, -8.259
19.46, -0.8000, -6.949
19.47, -0.8000, -8.028
19.48, -0.8000, -7.505
19.49, -0.8000, -7.070
19.50, -0.8000, -8.502
19.51, -0.8000, -7.769
19.52, -0.8000, -7.483
19.53, -0.8000, -6.645
19.54, -0.8000, -6.889
19.55, -0.8000, -6.922
19.56, -0.8000, -6.495
19.57, -0.8000, -7.030
19.58, -0.8000, -6.339
19.59, -0.8000, -8.634
19.60, -0.8000, -7.206
19.61, -0.8000, -8.175
19.62, -0.8000, -6.616
19.63, -0.8000, -6.903
19.64, -0.8000, -7.484
19.65, -0.8000, -6.530
19.66, -0.8000, -7.776
19.67, -0.8000, -6.834
19.68, -0.8000, -6.963
19.69, -0.8000, -7.001
19.70, -0.8000, -7.767
19.71, -0.8000, -7.594
19.72, -0.8000, -5.701
19.73, -0.8000, -7.960
19.74, -0.8000, -7.046
19.75, -0.8000, -7.070
19.76, -0.8000, -5.886
19.77, -0.8000, -7.333
19.78, -0.8000, -7.098
19.79, -0.8000, -6.775
19.80, -0.8000, -7.778
19.81, -0.8000, -7.432
19.82, -0.8000, -7.913
19.83, -0.8000, -6.660
19.84, -0.8000, -7.064
19.85, -0.8000, -7.735
19.86, -0.8000, -7.648
19.87, -0.8000, -8.374
19.88, -0.8000, -6.796
19.89, -0.8000, -8.522
19.90, -0.8000, -6.586
19.91, -0.8000, -7.385
19.92, -0.8000, -8.621
19.93, -0.8000, -6.709
19.94, -0.8000, -7.030
19.95, -0.8000, -7.385
19.96, -0.8000, -8.040
19.97, -0.8000, -7.424
19.98, -0.8000, -7.195
19.99, -0.8000, -6.148
20.00, -0.8000, -6.264
20.01, -0.8000, -8.250
20.02, -0.8000, -6.852
20.03, -0.8000, -7.638
20.04, -0.8000, -7.060
20.05, -0.8000, -8.383
20.06, -0.8000, -6.950
20.07, -0.8000, -6.784
20.08, -0.8000, -6.984
20.09, -0.8000, -6.319
20.10, -0.8000, -6.242
20.11, -0.8000, -8.037
20.12, -0.8000, -7.460
20.13, -0.8000, -6.737
20.14, -0.8000, -8.124
20.15, -0.8000, -7.956
20.16, -0.8000, -7.478
20.17, -0.8000, -7.038
20.18, -0.8000, -6.963
20.19, -0.8000, -6.675
20.20, -0.8000, -7.256
20.21, -0.8000, -7.111
20.22, -0.8000, -7.013
20.23, -0.8000, -6.335
20.24, -0.8000, -7.135
20.25, -0.8000, -7.369
20.26, -0.8000, -6.663
20.27, -0.8000, -7.910
20.28, -0.8000, -6.897
20.29, -0.8000, -6.152
20.30, -0.8000, -6.702
20.31, -0.8000, -7.693
20.32, -0.8000, -6.905
20.33, -0.8000, -7.789
20.34, -0.8000, -7.086
20.35, -0.8000, -6.233
20.36, -0.8000, -7.136
20.37, -0.8000, -7.760
20.38, -0.8000, -7.369
20.39, -0.8000, -7.014
20.40, -0.8000, -7.937
20.41, -0.8000, -6.924
20.42, -0.8000, -7.148
20.43, -0.8000, -6.550
20.44, -0.8000, -6.437
20.45, -0.8000, -6.007
20.46, -0.8000, -8.051
20.47, -0.8000, -6.999
20.48, -0.8000, -7.044
20.49, -0.8000, -6.650
20.50, -0.8000, -8.277
20.51, -0.8000, -6.854
20.52, -0.8000, -8.246
20.53, -0.8000, -7.009
20.54, -0.8000, -6.334
20.55, -0.8000, -8.189
20.56, -0.8000, -6.658
20.57, -0.8000, -6.260
20.58, -0.8000, -6.209
20.59, -0.8000, -6.877
20.60, -0.8000, -6.130
20.61, -0.8000, -6.394
20.62, -0.8000, -6.546
20.63, -0.8000, -6.416
20.64, -0.8000, -6.890
20.65, -0.8000, -7.340
20.66, -0.8000, -7.980
20.67, -0.8000, -6.804
20.68, -0.8000, -7.190
20.69, -0.8000, -7.013
20.70, -0.8000, -8.642
20.71, -0.8000, -7.924
20.72, -0.8000, -7.090
20.73, -0.8000, -6.968
20.74, -0.8000, -6.142
20.75, -0.8000, -6.438
20.76, -0.8000, -8.130
20.77, -0.8000, -6.413
20.78, -0.8000, -7.407
20.79, -0.8000, -7.391
20.80, -0.8000, -6.900
20.81, -0.8000, -8.298
20.82, -0.8000, -7.249
20.83, -0.8000, -8.929
20.84, -0.8000, -7.288
20.85, -0.8000, -7.204
20.86, -0.8000, -8.009
20.87, -0.8000, -7.430
20.88, -0.8000, -7.441
20.89, -0.8000, -6.246
20.90, -0.8000, -7.173
20.91, -0.8000, -6.794
20.92, -0.8000, -7.350
20.93, -0.8000, -8.372
20.94, -0.8000, -7.203
20.95, -0.8000, -6.412
20.96, -0.8000, -7.028
20.97, -0.8000, -6.740
20.98, -0.8000, -8.346
20.99, -0.8000, -8.011
21.00, -0.8000, -7.584
21.01, -0.8000, -7.261
21.02, -0.8000, -6.672
21.03, -0.8000, -6.334
21.04, -0.8000, -7.768
21.05, -0.8000, -6.510
21.06, -0.8000, -7.527
21.07, -0.8000, -7.904
21.08, -0.8000, -7.644
21.09, -0.8000, -7.215
21.10, -0.8000, -7.082
21.11, -0.8000, -8.046
21.12, -0.8000, -7.319
21.13, -0.8000, -7.972
21.14, -0.8000, -8.018
21.15, -0.8000, -7.801
21.16, -0.8000, -6.652
21.17, -0.8000, -6.926
21.18, -0.8000, -7.347
21.19, -0.8000, -6.029
21.20, -0.8000, -7.607
21.21, -0.8000, -6.652
21.22, -0.8000, -6.658
21.23, -0.8000, -8.254
21.24, -0.8000, -7.253
21.25, -0.8000, -7.411
21.26, -0.8000, -7.512
21.27, -0.8000, -7.512
21.28, -0.8000, -6.986
21.29, -0.8000, -7.263
21.30, -0.8000, -7.436
21.31, -0.8000, -6.953
21.32, -0.8000, -6.183
21.33, -0.8000, -7.086
21.34, -0.8000, -7.379
21.35, -0.8000, -8.252
21.36, -0.8000, -7.179
21.37, -0.8000, -8.211
21.38, -0.8000, -7.228
21.39, -0.8000, -6.923
21.40, -0.8000, -6.472
21.41, -0.8000, -6.355
21.42, -0.8000, -7.027
21.43, -0.8000, -7.722
21.44, -0.8000, -6.806
21.45, -0.8000, -7.197
21.46, -0.8000, -7.652
21.47, -0.8000, -6.929
21.48, -0.8000, -7.048
21.49, -0.8000, -7.559
21.50, -0.8000, -7.562
21.51, -0.8000, -7.339
21.52, -0.8000, -8.819
21.53, -0.8000, -6.586
21.54, -0.8000, -7.609
21.55, -0.8000, -6.254
21.56, -0.8000, -7.756
21.57, -0.8000, -6.418
21.58, -0.8000, -7.559
21.59, -0.8000, -7.015
21.60, -0.8000, -6.836
21.61, -0.8000, -6.169
21.62, -0.8000, -6.943
21.63, -0.8000, -7.142
21.64, -0.8000, -6.664
21.65, -0.8000, -6.717
21.66, -0.8000, -7.412
21.67, -0.8000, -7.888
21.68, -0.8000, -6.930
21.69, -0.8000, -6.283
21.70, -0.8000, -6.251
21.71, -0.8000, -6.689
21.72, -0.8000, -7.765
21.73, -0.8000, -6.317
21.74, -0.8000, -7.584
21.75, -0.8000, -7.140
21.76, -0.8000, -7.799
21.77, -0.8000, -6.943
21.78, -0.8000, -7.084
21.79, -0.8000, -6.456
21.80, -0.8000, -6.810
21.81, -0.8000, -6.590
21.82, -0.8000, -6.860
21.83, -0.8000, -6.643
21.84, -0.8000, -6.965
21.85, -0.8000, -8.004
21.86, -0.8000, -8.602
21.87, -0.8000, -5.760
21.88, -0.8000, -7.686
21.89, -0.8000, -7.693
21.90, -0.8000, -6.764
21.91, -0.8000, -7.326
21.92, -0.8000, -6.562
21.93, -0.8000, -8.233
21.94, -0.8000, -6.951
21.95, -0.8000, -6.202
21.96, -0.8000, -7.369
21.97, -0.8000, -6.334
21.98, -0.8000, -7.495
21.99, -0.8000, -6.971
22.00, -0.8000, -6.263
22.01, -0.8000, -7.625
22.02, -0.8000, -5.927
22.03, -0.8000, -6.718
22.04, -0.8000, -6.593
22.05, -0.8000, -7.496
22.06, -0.8000, -6.561
22.07, -0.8000, -7.989
22.08, -0.8000, -7.522
22.09, -0.8000, -7.442
22.10, -0.8000, -7.575
22.11, -0.8000, -7.935
22.12, -0.8000, -7.031
22.13, -0.8000, -6.515
22.14, -0.8000, -5.497
22.15, -0.8000, -6.538
22.16, -0.8000, -7.451
22.17, -0.8000, -7.603
22.18, -0.8000, -7.777
22.19, -0.8000, -7.852
22.20, -0.8000, -7.357
22.21, -0.8000, -6.107
22.22, -0.8000, -7.521
22.23, -0.8000, -7.102
22.24, -0.8000, -6.606
22.25, -0.8000, -7.576
22.26, -0.8000, -7.073
22.27, -0.8000, -7.013
22.28, -0.8000, -6.871
22.29, -0.8000, -7.843
22.30, -0.8000, -7.172
22.31, -0.8000, -7.987
22.32, -0.8000, -6.025
22.33, -0.8000, -7.366
22.34, -0.8000, -6.100
22.35, -0.8000, -6.494
22.36, -0.8000, -7.256
22.37, -0.8000, -6.901
22.38, -0.8000, -8.216
22.39, -0.8000, -8.305
22.40, -0.8000, -7.665
22.41, -0.8000, -6.759
22.42, -0.8000, -6.490
22.43, -0.8000, -6.496
22.44, -0.8000, -7.641
22.45, -0.8000, -6.320
22.46, -0.8000, -7.392
22.47, -0.8000, -7.092
22.48, -0.8000, -7.595
22.49, -0.8000, -5.985
22.50, -0.8000, -7.446
22.51, -0.8000, -7.493
22.52, -0.8000, -6.598
22.53, -0.8000, -7.255
22.54, -0.8000, -6.607
22.55, -0.8000, -7.505
22.56, -0.8000, -7.555
22.57, -0.8000, -9.038
22.58, -0.8000, -7.114
22.59, -0.8000, -6.218
22.60, -0.8000, -8.153
22.61, -0.8000, -6.219
22.62, -0.8000, -6.634
22.63, -0.8000, -7.625
22.64, -0.8000, -7.537
22.65, -0.8000, -7.743
22.66, -0.8000, -6.454
22.67, -0.8000, -7.978
22.68, -0.8000, -7.123
22.69, -0.8000, -6.527
22.70, -0.8000, -6.927
22.71, -0.8000, -7.002
22.72, -0.8000, -5.691
22.73, -0.8000, -7.275
22.74, -0.8000, -7.648
22.75, -0.8000, -7.009
22.76, -0.8000, -6.647
22.77, -0.8000, -7.358
22.78, -0.8000, -6.269
22.79, -0.8000, -6.458
22.80, -0.8000, -7.892
22.81, -0.8000, -8.013
22.82, -0.8000, -7.497
22.83, -0.8000, -7.698
22.84, -0.8000, -6.504
22.85, -0.8000, -5.860
22.86, -0.8000, -6.764
22.87, -0.8000, -6.248
22.88, -0.8000, -6.211
22.89, -0.8000, -6.023
22.90, -0.8000, -6.029
22.91, -0.8000, -7.355
22.92, -0.8000, -8.702
22.93, -0.8000, -5.921
22.94, -0.8000, -7.058
22.95, -0.8000, -7.761
22.96, -0.8000, -6.582
22.97, -0.8000, -8.138
22.98, -0.8000, -7.213
22.99, -0.8000, -6.650
23.00, -0.8000, -6.725
23.01, -0.8000, -7.585
23.02, -0.8000, -6.595
23.03, -0.8000, -6.402
23.04, -0.8000, -6.702
23.05, -0.8000, -7.651
23.06, -0.8000, -6.301
23.07, -0.8000, -6.724
23.08, -0.8000, -8.043
23.09, -0.8000, -6.865
23.10, -0.8000, -7.680
23.11, -0.8000, -6.776
23.12, -0.8000, -6.509
23.13, -0.8000, -6.645
23.14, -0.8000, -7.696
23.15, -0.8000, -6.579
23.16, -0.8000, -7.178
23.17, -0.8000, -6.780
23.18, -0.8000, -6.077
23.19, -0.8000, -7.559
23.20, -0.8000, -6.150
23.21, -0.8000, -6.436
23.22, -0.8000, -6.315
23.23, -0.8000, -6.990
23.24, -0.8000, -6.926
23.25, -0.8000, -7.697
23.26, -0.8000, -7.356
23.27, -0.8000, -6.627
23.28, -0.8000, -6.987
23.29, -0.8000, -7.275
23.30, -0.8000, -7.714
23.31, -0.8000, -7.052
23.32, -0.8000, -6.473
23.33, -0.8000, -6.968
23.34, -0.8000, -7.581
23.35, -0.8000, -7.530
23.36, -0.8000, -7.409
23.37, -0.8000, -6.807
23.38, -0.8000, -7.126
23.39, -0.8000, -7.844
23.40, -0.8000, -6.503
23.41, -0.8000, -6.262
23.42, -0.8000, -6.735
23.43, -0.8000, -7.597
23.44, -0.8000, -6.366
23.45, -0.8000, -6.780
23.46, -0.8000, -7.680
23.47, -0.8000, -7.280
23.48, -0.8000, -7.002
23.49, -0.8000, -6.268
23.50, -0.8000, -7.385
23.51, -0.8000, -6.671
23.52, -0.8000, -6.680
23.53, -0.8000, -7.104
23.54, -0.8000, -6.231
23.55, -0.8000, -7.287
23.56, -0.8000, -7.603
23.57, -0.8000, -7.292
23.58, -0.8000, -6.212
23.59, -0.8000, -7.048
23.60, -0.8000, -7.831
23.61, -0.8000, -7.447
23.62, -0.8000, -6.271
23.63, -0.8000, -7.455
23.64, -0.8000, -7.244
23.65, -0.8000, -7.606
23.66, -0.8000, -6.891
23.67, -0.8000, -6.121
23.68, -0.8000, -7.863
23.69, -0.8000, -7.255
23.70, -0.8000, -6.610
23.71, -0.8000, -7.016
23.72, -0.8000, -6.816
23.73, -0.8000, -7.053
23.74, -0.8000, -7.461
23.75, -0.8000, -7.198
23.76, -0.8000, -5.850
23.77, -0.8000, -6.557
23.78, -0.8000, -6.856
23.79, -0.8000, -7.662
23.80, -0.8000, -7.890
23.81, -0.8000, -7.554
23.82, -0.8000, -7.291
23.83, -0.8000, -5.963
23.84, -0.8000, -7.139
23.85, -0.8000, -8.012
23.86, -0.8000, -8.531
23.87, -0.8000, -6.022
23.88, -0.8000, -8.845
23.89, -0.8000, -7.540
23.90, -0.8000, -7.079
23.91, -0.8000, -6.698
23.92, -0.8000, -8.526
23.93, -0.8000, -7.346
23.94, -0.8000, -6.473
23.95, -0.8000, -6.596
23.96, -0.8000, -6.940
23.97, -0.8000, -6.367
23.98, -0.8000, -8.267
23.99, -0.8000, -7.790
24.00, -0.8000, -6.183
24.01, -0.8000, -7.933
24.02, -0.8000, -7.000
24.03, -0.8000, -6.910
24.04, -0.8000, -8.094
24.05, -0.8000, -7.596
24.06, -0.8000, -6.490
24.07, -0.8000, -6.682
24.08, -0.8000, -6.387
24.09, -0.8000, -7.904
24.10, -0.8000, -6.485
24.11, -0.8000, -6.525
24.12, -0.8000, -8.105
24.13, -0.8000, -7.261
24.14, -0.8000, -6.629
24.15, -0.8000, -6.051
24.16, -0.8000, -7.048
24.17, -0.8000, -7.302
24.18, -0.8000, -7.071
24.19, -0.8000, -7.139
24.20, -0.8000, -8.088
24.21, -0.8000, -6.686
24.22, -0.8000, -8.232
24.23, -0.8000, -7.617
24.24, -0.8000, -6.775
24.25, -0.8000, -5.413
24.26, -0.8000, -6.941
24.27, -0.8000, -5.921
24.28, -0.8000, -5.992
24.29, -0.8000, -6.403
24.30, -0.8000, -6.876
24.31, -0.8000, -7.092
24.32, -0.8000, -6.978
24.33, -0.8000, -7.447
24.34, -0.8000, -6.190
24.35, -0.8000, -5.962
24.36, -0.8000, -6.682
24.37, -0.8000, -7.777
24.38, -0.8000, -7.193
24.39, -0.8000, -7.402
24.40, -0.8000, -8.514
24.41, -0.8000, -6.460
24.42, -0.8000, -7.198
24.43, -0.8000, -7.880
24.44, -0.8000, -7.079
24.45, -0.8000, -7.709
24.46, -0.8000, -8.452
24.47, -0.8000, -6.359
24.48, -0.8000, -6.798
24.49, -0.8000, -6.864
24.50, -0.8000, -6.283
24.51, -0.8000, -7.005
24.52, -0.8000, -8.582
24.53, -0.8000, -6.288
24.54, -0.8000, -7.772
24.55, -0.8000, -7.686
24.56, -0.8000, -8.422
24.57, -0.8000, -5.939
24.58, -0.8000, -6.223
24.59, -0.8000, -6.866
24.60, -0.8000, -6.903
24.61, -0.8000, -7.323
24.62, -0.8000, -7.055
24.63, -0.8000, -7.214
24.64, -0.8000, -6.147
24.65, -0.8000, -6.731
24.66, -0.8000, -7.390
24.67, -0.8000, -7.849
24.68, -0.8000, -7.057
24.69, -0.8000, -6.774
24.70, -0.8000, -6.796
24.71, -0.8000, -6.650
24.72, -0.8000, -7.762
24.73, -0.8000, -7.181
24.74, -0.8000, -5.718
24.75, -0.8000, -6.550
24.76, -0.8000, -6.576
24.77, -0.8000, -5.901
24.78, -0.8000, -5.964
24.79, -0.8000, -6.533
24.80, -0.8000, -7.347
24.81, -0.8000, -7.893
24.82, -0.8000, -6.995
24.83, -0.8000, -5.973
24.84, -0.8000, -5.967
24.85, -0.8000, -5.579
24.86, -0.8000, -7.441
24.87, -0.8000, -6.367
24.88, -0.8000, -6.266
24.89, -0.8000, -6.913
24.90, -0.8000, -9.286
24.91, -0.8000, -7.145
24.92, -0.8000, -7.505
24.93, -0.8000, -6.827
24.94, -0.8000, -5.954
24.95, -0.8000, -7.076
24.96, -0.8000, -7.582
24.97, -0.8000, -5.509
24.98, -0.8000, -6.912
24.99, -0.8000, -5.661
25.00, -0.8000, -6.901
25.01, -0.8000, -6.229
25.02, -0.8000, -7.844
25.03, -0.8000, -6.668
25.04, -0.8000, -7.051
25.05, -0.8000, -6.855
25.06, -0.8000, -6.545
25.07, -0.8000, -6.013
25.08, -0.8000, -7.910
25.09, -0.8000, -6.135
25.10, -0.8000, -6.435
25.11, -0.8000, -5.791
25.12, -0.8000, -7.501
25.13, -0.8000, -8.551
25.14, -0.8000, -6.760
25.15, -0.8000, -6.389
25.16, -0.8000, -7.086
25.17, -0.8000, -6.459
25.18, -0.8000, -7.817
25.19, -0.8000, -6.410
25.20, -0.8000, -6.753
25.21, -0.8000, -7.279
25.22, -0.8000, -7.779
25.23, -0.8000, -6.078
25.24, -0.8000, -7.563
25.25, -0.8000, -6.693
25.26, -0.8000, -8.037
25.27, -0.8000, -6.278
25.28, -0.8000, -6.809
25.29, -0.8000, -6.280
25.30, -0.8000, -7.618
25.31, -0.8000, -5.809
25.32, -0.8000, -5.808
25.33, -0.8000, -6.968
25.34, -0.8000, -5.189
25.35, -0.8000, -6.400
25.36, -0.8000, -5.947
25.37, -0.8000, -7.819
25.38, -0.8000, -7.574
25.39, -0.8000, -7.414
25.40, -0.8000, -6.048
25.41, -0.8000, -6.723
25.42, -0.8000, -6.887
25.43, -0.8000, -4.948
25.44, -0.8000, -6.375
25.45, -0.8000, -8.112
25.46, -0.8000, -6.456
25.47, -0.8000, -7.592
25.48, -0.8000, -8.144
25.49, -0.8000, -8.482
25.50, -0.8000, -8.253
25.51, -0.8000, -7.098
25.52, -0.8000, -5.468
25.53, -0.8000, -8.843
25.54, -0.8000, -7.596
25.55, -0.8000, -6.265
25.56, -0.8000, -7.609
25.57, -0.8000, -7.408
25.58, -0.8000, -7.855
25.59, -0.8000, -8.622
25.60, -0.8000, -6.939
25.61, -0.8000, -6.606
25.62, -0.8000, -8.332
25.63, -0.8000, -6.030
25.64, -0.8000, -6.016
25.65, -0.8000, -6.199
25.66, -0.8000, -9.074
25.67, -0.8000, -7.084
25.68, -0.8000, -6.974
25.69, -0.8000, -6.256
25.70, -0.8000, -5.897
25.71, -0.8000, -8.648
25.72, -0.8000, -7.544
25.73, -0.8000, -7.756
25.74, -0.8000, -7.500
25.75, -0.8000, -6.517
25.76, -0.8000, -6.432
25.77, -0.8000, -6.343
25.78, -0.8000, -5.988
25.79, -0.8000, -5.539
25.80, -0.8000, -5.900
25.81, -0.8000, -7.208
25.82, -0.8000, -6.213
25.83, -0.8000, -6.509
25.84, -0.8000, -5.868
25.85, -0.8000, -5.867
25.86, -0.8000, -6.950
25.87, -0.8000, -5.502
25.88, -0.8000, -6.089
25.89, -0.8000, -7.385
25.90, -0.8000, -8.993
25.91, -0.8000, -5.537
25.92, -0.8000, -7.080
25.93, -0.8000, -6.899
25.94, -0.8000, -5.918
25.95, -0.8000, -6.290
25.96, -0.8000, -6.455
25.97, -0.8000, -7.171
25.98, -0.8000, -6.709
25.99, -0.8000, -5.711
26.00, -0.8000, -7.175
26.01, -0.8000, -8.462
26.02, -0.8000, -6.452
26.03, -0.8000, -8.161
26.04, -0.8000, -4.999
26.05, -0.8000, -6.554
26.06, -0.8000, -6.729
26.07, -0.8000, -5.594
26.08, -0.8000, -7.343
26.09, -0.8000, -8.786
26.10, -0.8000, -7.283
26.11, -0.8000, -6.254
26.12, -0.8000, -7.805
26.13, -0.8000, -6.000
26.14, -0.8000, -7.204
26.15, -0.8000, -6.245
26.16, -0.8000, -6.562
26.17, -0.8000, -6.781
26.18, -0.8000, -6.478
26.19, -0.8000, -6.115
26.20, -0.8000, -6.911
26.21, -0.8000, -6.190
26.22, -0.8000, -6.694
26.23, -0.8000, -6.445
26.24, -0.8000, -7.308
26.25, -0.8000, -5.622
26.26, -0.8000, -6.849
26.27, -0.8000, -6.070
26.28, -0.8000, -5.889
26.29, -0.8000, -6.422
26.30, -0.8000, -7.855
26.31, -0.8000, -6.800
26.32, -0.8000, -6.769
26.33, -0.8000, -6.184
26.34, -0.8000, -6.773
26.35, -0.8000, -5.690
26.36, -0.8000, -7.534
26.37, -0.8000, -7.056
26.38, -0.8000, -6.720
26.39, -0.8000, -7.968
26.40, -0.8000, -6.676
26.41, -0.8000, -6.522
26.42, -0.8000, -7.014
26.43, -0.8000, -6.211
26.44, -0.8000, -5.960
26.45, -0.8000, -6.997
26.46, -0.8000, -6.643
26.47, -0.8000, -7.545
26.48, -0.8000, -6.963
26.49, -0.8000, -6.168
26.50, -0.8000, -7.351
26.51, -0.8000, -6.406
26.52, -0.8000, -6.151
26.53, -0.8000, -6.219
26.54, -0.8000, -5.676
26.55, -0.8000, -6.196
26.56, -0.8000, -5.129
26.57, -0.8000, -6.520
26.58, -0.8000, -6.337
26.59, -0.8000, -6.272
26.60, -0.8000, -5.707
26.61, -0.8000, -6.631
26.62, -0.8000, -7.521
26.63, -0.8000, -6.138
26.64, -0.8000, -6.036
26.65, -0.8000, -5.580
26.66, -0.8000, -6.697
26.67, -0.8000, -8.317
26.68, -0.8000, -7.671
26.69, -0.8000, -5.799
26.70, -0.8000, -6.801
26.71, -0.8000, -7.110
26.72, -0.8000, -7.924
26.73, -0.8000, -7.158
26.74, -0.8000, -6.684
26.75, -0.8000, -7.244
26.76, -0.8000, -6.359
26.77, -0.8000, -6.811
26.78, -0.8000, -7.134
26.79, -0.8000, -7.117
26.80, -0.8000, -7.020
26.81, -0.8000, -7.436
26.82, -0.8000, -6.268
26.83, -0.8000, -6.808
26.84, -0.8000, -7.135
26.85, -0.8000, -6.397
26.86, -0.8000, -5.129
26.87, -0.8000, -7.578
26.88, -0.8000, -6.000
26.89, -0.8000, -6.545
26.90, -0.8000, -6.358
26.91, -0.8000, -5.837
26.92, -0.8000, -5.773
26.93, -0.8000, -6.661
26.94, -0.8000, -6.613
26.95, -0.8000, -6.911
26.96, -0.8000, -6.293
26.97, -0.8000, -6.291
26.98, -0.8000, -6.236
26.99, -0.8000, -6.919
27.00, -0.8000, -7.711
27.01, -0.8000, -6.892
27.02, -0.8000, -7.465
27.03, -0.8000, -7.248
27.04, -0.8000, -5.685
27.05, -0.8000, -5.704
27.06, -0.8000, -6.799
27.07, -0.8000, -6.402
27.08, -0.8000, -6.878
27.09, -0.8000, -7.526
27.10, -0.8000, -6.978
27.11, -0.8000, -6.517
27.12, -0.8000, -5.730
27.13, -0.8000, -6.628
27.14, -0.8000, -5.244
27.15, -0.8000, -6.323
27.16, -0.8000, -6.502
27.17, -0.8000, -6.208
27.18, -0.8000, -6.689
27.19, -0.8000, -6.751
27.20, -0.8000, -7.109
27.21, -0.8000, -6.313
27.22, -0.8000, -5.390
27.23, -0.8000, -7.684
27.24, -0.8000, -5.963
27.25, -0.8000, -6.931
27.26, -0.8000, -6.246
27.27, -0.8000, -5.719
27.28, -0.8000, -6.462
27.29, -0.8000, -6.559
27.30, -0.8000, -7.668
27.31, -0.8000, -5.946
27.32, -0.8000, -5.771
27.33, -0.8000, -5.925
27.34, -0.8000, -6.468
27.35, -0.8000, -5.720
27.36, -0.8000, -8.197
27.37, -0.8000, -7.075
27.38, -0.8000, -6.823
27.39, -0.8000, -6.306
27.40, -0.8000, -6.524
27.41, -0.8000, -6.671
27.42, -0.8000, -5.865
27.43, -0.8000, -6.693
27.44, -0.8000, -7.527
27.45, -0.8000, -6.277
27.46, -0.8000, -7.472
27.47, -0.8000, -6.392
27.48, -0.8000, -6.382
27.49, -0.8000, -6.677
27.50, -0.8000, -5.908
27.51, -0.8000, -7.416
27.52, -0.8000, -6.414
27.53, -0.8000, -6.791
27.54, -0.8000, -7.880
27.55, -0.8000, -6.502
27.56, -0.8000, -6.291
27.57, -0.8000, -7.660
27.58, -0.8000, -7.156
27.59, -0.8000, -7.629
27.60, -0.8000, -7.251
27.61, -0.8000, -7.188
27.62, -0.8000, -6.266
27.63, -0.8000, -7.144
27.64, -0.8000, -7.375
27.65, -0.8000, -7.431
27.66, -0.8000, -6.444
27.67, -0.8000, -6.037
27.68, -0.8000, -5.619
27.69, -0.8000, -5.502
27.70, -0.8000, -7.276
27.71, -0.8000, -6.632
27.72, -0.8000, -7.073
27.73, -0.8000, -7.180
27.74, -0.8000, -6.136
27.75, -0.8000, -6.392
27.76, -0.8000, -5.289
27.77, -0.8000, -7.035
27.78, -0.8000, -5.613
27.79, -0.8000, -7.001
27.80, -0.8000, -6.703
27.81, -0.8000, -6.110
27.82, -0.8000, -6.058
27.83, -0.8000, -7.509
27.84, -0.8000, -6.617
27.85, -0.8000, -6.108
27.86, -0.8000, -7.010
27.87, -0.8000, -5.859
27.88, -0.8000, -6.895
27.89, -0.8000, -7.417
27.90, -0.8000, -6.111
27.91, -0.8000, -5.445
27.92, -0.8000, -6.572
27.93, -0.8000, -7.566
27.94, -0.8000, -7.446
27.95, -0.8000, -6.951
27.96, -0.8000, -6.093
27.97, -0.8000, -7.709
27.98, -0.8000, -6.492
27.99, -0.8000, -7.911
28.00, -0.8000, -5.639
28.01, -0.8000, -6.151
28.02, -0.8000, -6.467
28.03, -0.8000, -6.040
28.04, -0.8000, -6.549
28.05, -0.8000, -7.387
28.06, -0.8000, -5.694
28.07, -0.8000, -6.161
28.08, -0.8000, -7.351
28.09, -0.8000, -7.245
28.10, -0.8000, -6.449
28.11, -0.8000, -6.950
28.12, -0.8000, -6.746
28.13, -0.8000, -7.600
28.14, -0.8000, -7.063
28.15, -0.8000, -7.252
28.16, -0.8000, -6.548
28.17, -0.8000, -5.926
28.18, -0.8000, -6.711
28.19, -0.8000, -6.596
28.20, -0.8000, -6.340
28.21, -0.8000, -6.083
28.22, -0.8000, -6.913
28.23, -0.8000, -7.335
28.24, -0.8000, -6.671
28.25, -0.8000, -5.583
28.26, -0.8000, -6.643
28.27, -0.8000, -5.742
28.28, -0.8000, -6.010
28.29, -0.8000, -6.705
28.30, -0.8000, -6.436
28.31, -0.8000, -5.072
28.32, -0.8000, -6.805
28.33, -0.8000, -5.846
28.34, -0.8000, -6.035
28.35, -0.8000, -7.179
28.36, -0.8000, -6.957
28.37, -0.8000, -6.249
28.38, -0.8000, -7.253
28.39, -0.8000, -6.430
28.40, -0.8000, -6.607
28.41, -0.8000, -6.417
28.42, -0.8000, -5.809
28.43, -0.8000, -7.701
28.44, -0.8000, -6.030
28.45, -0.8000, -7.461
28.46, -0.8000, -7.886
28.47, -0.8000, -7.290
28.48, -0.8000, -6.728
28.49, -0.8000, -6.589
28.50, -0.8000, -6.134
28.51, -0.8000, -6.476
28.52, -0.8000, -6.997
28.53, -0.8000, -7.193
28.54, -0.8000, -7.284
28.55, -0.8000, -6.897
28.56, -0.8000, -5.296
28.57, -0.8000, -5.496
28.58, -0.8000, -5.764
28.59, -0.8000, -5.354
28.60, -0.8000, -5.998
28.61, -0.8000, -6.577
28.62, -0.8000, -6.362
28.63, -0.8000, -7.128
28.64, -0.8000, -5.308
28.65, -0.8000, -7.822
28.66, -0.8000, -7.484
28.67, -0.8000, -5.745
28.68, -0.8000, -6.385
28.69, -0.8000, -6.256
28.70, -0.8000, -5.975
28.71, -0.8000, -6.475
28.72, -0.8000, -7.656
28.73, -0.8000, -5.936
28.74, -0.8000, -5.339
28.75, -0.8000, -6.282
28.76, -0.8000, -5.230
28.77, -0.8000, -6.086
28.78, -0.8000, -5.513
28.79, -0.8000, -7.083
28.80, -0.8000, -5.980
28.81, -0.8000, -5.772
28.82, -0.8000, -7.324
28.83, -0.8000, -6.213
28.84, -0.8000, -7.116
28.85, -0.8000, -7.045
28.86, -0.8000, -7.366
28.87, -0.8000, -6.785
28.88, -0.8000, -5.771
28.89, -0.8000, -5.249
28.90, -0.8000, -7.724
28.91, -0.8000, -5.760
28.92, -0.8000, -5.188
28.93, -0.8000, -5.765
28.94, -0.8000, -6.080
28.95, -0.8000, -7.472
28.96, -0.8000, -6.907
28.97, -0.8000, -6.830
28.98, -0.8000, -6.308
28.99, -0.8000, -7.679
29.00, -0.8000, -6.709
29.01, -0.8000, -6.530
29.02, -0.8000, -6.281
29.03, -0.8000, -5.815
29.04, -0.8000, -6.164
29.05, -0.8000, -5.735
29.06, -0.8000, -6.580
29.07, -0.8000, -6.330
29.08, -0.8000, -6.013
29.09, -0.8000, -7.003
29.10, -0.8000, -5.504
29.11, -0.8000, -7.018
29.12, -0.8000, -5.779
29.13, -0.8000, -6.421
29.14, -0.8000, -7.015
29.15, -0.8000, -7.042
29.16, -0.8000, -5.217
29.17, -0.8000, -6.459
29.18, -0.8000, -7.325
29.19, -0.8000, -6.959
29.20, -0.8000, -6.306
29.21, -0.8000, -6.525
29.22, -0.8000, -6.643
29.23, -0.8000, -5.448
29.24, -0.8000, -7.318
29.25, -0.8000, -5.772
29.26, -0.8000, -7.966
29.27, -0.8000, -5.786
29.28, -0.8000, -5.684
29.29, -0.8000, -5.541
29.30, -0.8000, -6.178
29.31, -0.8000, -7.899
29.32, -0.8000, -7.722
29.33, -0.8000, -7.696
29.34, -0.8000, -6.597
29.35, -0.8000, -6.576
29.36, -0.8000, -6.974
29.37, -0.8000, -5.394
29.38, -0.8000, -5.388
29.39, -0.8000, -5.734
29.40, -0.8000, -5.983
29.41, -0.8000, -5.819
29.42, -0.8000, -5.925
29.43, -0.8000, -7.327
29.44, -0.8000, -6.048
29.45, -0.8000, -6.966
29.46, -0.8000, -6.913
29.47, -0.8000, -6.835
29.48, -0.8000, -6.058
29.49, -0.8000, -6.793
29.50, -0.8000, -6.649
29.51, -0.8000, -6.697
29.52, -0.8000, -6.086
29.53, -0.8000, -7.582
29.54, -0.8000, -6.213
29.55, -0.8000, -6.865
29.56, -0.8000, -6.589
29.57, -0.8000, -7.218
29.58, -0.8000, -6.435
29.59, -0.8000, -7.365
29.60, -0.8000, -7.872
29.61, -0.8000, -7.636
29.62, -0.8000, -7.750
29.63, -0.8000, -6.131
29.64, -0.8000, -5.237
29.65, -0.8000, -6.027
29.66, -0.8000, -5.910
29.67, -0.8000, -6.364
29.68, -0.8000, -7.030
29.69, -0.8000, -6.958
29.70, -0.8000, -6.865
29.71, -0.8000, -5.908
29.72, -0.8000, -6.473
29.73, -0.8000, -6.666
29.74, -0.8000, -6.313
29.75, -0.8000, -7.019
29.76, -0.8000, -6.430
29.77, -0.8000, -6.088
29.78, -0.8000, -4.860
29.79, -0.8000, -6.461
29.80, -0.8000, -6.698
29.81, -0.8000, -7.604
29.82, -0.8000, -6.690
29.83, -0.8000, -6.328
29.84, -0.8000, -5.905
29.85, -0.8000, -5.723
29.86, -0.8000, -5.775
29.87, -0.8000, -6.030
29.88, -0.8000, -6.975
29.89, -0.8000, -4.343
29.90, -0.8000, -5.718
29.91, -0.8000, -6.300
29.92, -0.8000, -6.568
29.93, -0.8000, -6.911
29.94, -0.8000, -6.318
29.95, -0.8000, -5.441
29.96, -0.8000, -6.550
29.97, -0.8000, -6.968
29.98, -0.8000, -6.460
29.99, -0.8000, -6.906
30.00, -0.8000, -6.232
30.01, -0.8000, -5.748
30.02, -0.8000, -7.039
30.03, -0.8000, -6.763
30.04, -0.8000, -5.616
30.05, -0.8000, -6.132
30.06, -0.8000, -5.417
30.07, -0.8000, -8.180
30.08, -0.8000, -5.970
30.09, -0.8000, -6.046
30.10, -0.8000, -5.348
30.11, -0.8000, -5.587
30.12, -0.8000, -6.810
30.13, -0.8000, -6.311
30.14, -0.8000, -6.519
30.15, -0.8000, -6.039
30.16, -0.8000, -6.306
30.17, -0.8000, -6.742
30.18, -0.8000, -7.433
30.19, -0.8000, -5.877
30.20, -0.8000, -5.827
30.21, -0.8000, -6.358
30.22, -0.8000, -6.431
30.23, -0.8000, -7.163
30.24, -0.8000, -5.971
30.25, -0.8000, -5.885
30.26, -0.8000, -5.569
30.27, -0.8000, -5.730
30.28, -0.8000, -6.416
30.29, -0.8000, -6.125
30.30, -0.8000, -5.873
30.31, -0.8000, -7.369
30.32, -0.8000, -5.986
30.33, -0.8000, -6.239
30.34, -0.8000, -5.427
30.35, -0.8000, -7.289
30.36, -0.8000, -6.484
30.37, -0.8000, -5.291
30.38, -0.8000, -5.047
30.39, -0.8000, -7.142
30.40, -0.8000, -6.675
30.41, -0.8000, -5.770
30.42, -0.8000, -6.585
30.43, -0.8000, -4.563
30.44, -0.8000, -5.414
30.45, -0.8000, -4.840
30.46, -0.8000, -5.902
30.47, -0.8000, -6.862
30.48, -0.8000, -7.164
30.49, -0.8000, -6.496
30.50, -0.8000, -5.819
30.51, -0.8000, -6.038
30.52, -0.8000, -6.756
30.53, -0.8000, -7.657
30.54, -0.8000, -5.923
30.55, -0.8000, -6.615
30.56, -0.8000, -5.532
30.57, -0.8000, -6.688
30.58, -0.8000, -5.850
30.59, -0.8000, -6.234
30.60, -0.8000, -5.895
30.61, -0.8000, -6.834
30.62, -0.8000, -5.971
30.63, -0.8000, -5.813
30.64, -0.8000, -6.135
30.65, -0.8000, -5.570
30.66, -0.8000, -5.731
30.67, -0.8000, -7.412
30.68, -0.8000, -7.465
30.69, -0.8000, -6.345
30.70, -0.8000, -5.849
30.71, -0.8000, -6.097
30.72, -0.8000, -5.497
30.73, -0.8000, -6.411
30.74, -0.8000, -6.975
30.75, -0.8000, -5.130
30.76, -0.8000, -5.616
30.77, -0.8000, -6.421
30.78, -0.8000, -5.849
30.79, -0.8000, -6.776
30.80, -0.8000, -7.134
30.81, -0.8000, -6.849
30.82, -0.8000, -6.422
30.83, -0.8000, -5.731
30.84, -0.8000, -7.148
30.85, -0.8000, -5.240
30.86, -0.8000, -6.407
30.87, -0.8000, -5.188
30.88, -0.8000, -7.804
30.89, -0.8000, -5.680
30.90, -0.8000, -7.487
30.91, -0.8000, -5.457
30.92, -0.8000, -5.921
30.93, -0.8000, -6.240
30.94, -0.8000, -6.336
30.95, -0.8000, -6.891
30.96, -0.8000, -5.749
30.97, -0.8000, -6.091
30.98, -0.8000, -5.782
30.99, -0.8000, -7.413
31.00, -0.8000, -5.404
31.01, -0.8000, -6.372
31.02, -0.8000, -6.328
31.03, -0.8000, -6.733
31.04, -0.8000, -7.699
31.05, -0.8000, -5.801
31.06, -0.8000, -5.792
31.07, -0.8000, -6.261
31.08, -0.8000, -7.479
31.09, -0.8000, -6.168
31.10, -0.8000, -6.172
31.11, -0.8000, -5.256
31.12, -0.8000, -5.835
31.13, -0.8000, -7.743
31.14, -0.8000, -5.913
31.15, -0.8000, -5.199
31.16, -0.8000, -5.960
31.17, -0.8000, -6.285
31.18, -0.8000, -7.877
31.19, -0.8000, -6.251
31.20, -0.8000, -6.072
31.21, -0.8000, -5.318
31.22, -0.8000, -5.297
31.23, -0.8000, -7.296
31.24, -0.8000, -6.097
31.25, -0.8000, -5.257
31.26, -0.8000, -5.772
31.27, -0.8000, -5.860
31.28, -0.8000, -4.927
31.29, -0.8000, -6.331
31.30, -0.8000, -7.044
31.31, -0.8000, -5.845
31.32, -0.8000, -6.247
31.33, -0.8000, -6.462
31.34, -0.8000, -5.944
31.35, -0.8000, -5.837
31.36, -0.8000, -5.360
31.37, -0.8000, -5.712
31.38, -0.8000, -6.729
31.39, -0.8000, -6.205
31.40, -0.8000, -6.609
31.41, -0.8000, -5.754
31.42, -0.8000, -5.491
31.43, -0.8000, -5.863
31.44, -0.8000, -7.138
31.45, -0.8000, -6.584
31.46, -0.8000, -7.152
31.47, -0.8000, -5.057
31.48, -0.8000, -7.066
31.49, -0.8000, -7.042
31.50, -0.8000, -5.828
31.51, -0.8000, -5.419
31.52, -0.8000, -6.161
31.53, -0.8000, -5.812
31.54, -0.8000, -5.945
31.55, -0.8000, -7.170
31.56, -0.8000, -6.391
31.57, -0.8000, -6.134
31.58, -0.8000, -5.389
31.59, -0.8000, -7.589
31.60, -0.8000, -6.674
31.61, -0.8000, -7.433
31.62, -0.8000, -6.526
31.63, -0.8000, -5.729
31.64, -0.8000, -7.375
31.65, -0.8000, -5.448
31.66, -0.8000, -7.537
31.67, -0.8000, -6.947
31.68, -0.8000, -6.877
31.69, -0.8000, -5.866
31.70, -0.8000, -6.362
31.71, -0.8000, -5.118
31.72, -0.8000, -6.809
31.73, -0.8000, -6.980
31.74, -0.8000, -6.734
31.75, -0.8000, -6.324
31.76, -0.8000, -6.758
31.77, -0.8000, -6.082
31.78, -0.8000, -5.922
31.79, -0.8000, -5.771
31.80, -0.8000, -6.194
31.81, -0.8000, -6.019
31.82, -0.8000, -5.819
31.83, -0.8000, -6.382
31.84, -0.8000, -5.905
31.85, -0.8000, -5.240
31.86, -0.8000, -7.085
31.87, -0.8000, -4.665
31.88, -0.8000, -5.352
31.89, -0.8000, -6.905
31.90, -0.8000, -7.899
31.91, -0.8000, -6.848
31.92, -0.8000, -7.209
31.93, -0.8000, -5.148
31.94, -0.8000, -4.805
31.95, -0.8000, -5.047
31.96, -0.8000, -5.735
31.97, -0.8000, -5.594
31.98, -0.8000, -5.679
31.99, -0.8000, -5.339
32.00, -0.8000, -5.652
32.01, -0.8000, -4.999
32.02, -0.8000, -6.413
32.03, -0.8000, -5.782
32.04, -0.8000, -5.781
32.05, -0.8000, -6.275
32.06, -0.8000, -6.325
32.07, -0.8000, -5.823
32.08, -0.8000, -7.017
32.09, -0.8000, -7.279
32.10, -0.8000, -7.791
32.11, -0.8000, -6.902
32.12, -0.8000, -5.920
32.13, -0.8000, -5.440
32.14, -0.8000, -6.372
32.15, -0.8000, -5.771
32.16, -0.8000, -5.414
32.17, -0.8000, -6.695
32.18, -0.8000, -5.252
32.19, -0.8000, -6.006
32.20, -0.8000, -5.890
32.21, -0.8000, -6.832
32.22, -0.8000, -7.145
32.23, -0.8000, -6.653
32.24, -0.8000, -6.539
32.25, -0.8000, -5.739
32.26, -0.8000, -5.477
32.27, -0.8000, -6.731
32.28, -0.8000, -8.064
32.29, -0.8000, -6.206
32.30, -0.8000, -6.428
32.31, -0.8000, -5.434
32.32, -0.8000, -7.152
32.33, -0.8000, -6.024
32.34, -0.8000, -4.836
32.35, -0.8000, -5.958
32.36, -0.8000, -4.850
32.37, -0.8000, -5.562
32.38, -0.8000, -5.389
32.39, -0.8000, -5.944
32.40, -0.8000, -6.306
32.41, -0.8000, -6.156
32.42, -0.8000, -6.527
32.43, -0.8000, -6.824
32.44, -0.8000, -6.442
32.45, -0.8000, -6.186
32.46, -0.8000, -6.989
32.47, -0.8000, -5.592
32.48, -0.8000, -5.192
32.49, -0.8000, -6.263
32.50, -0.8000, -5.070
32.51, -0.8000, -5.378
32.52, -0.8000, -4.786
32.53, -0.8000, -6.086
32.54, -0.8000, -5.331
32.55, -0.8000, -5.463
32.56, -0.8000, -6.972
32.57, -0.8000, -7.241
32.58, -0.8000, -5.666
32.59, -0.8000, -6.841
32.60, -0.8000, -5.957
32.61, -0.8000, -7.626
32.62, -0.8000, -7.345
32.63, -0.8000, -7.153
32.64, -0.8000, -6.027
32.65, -0.8000, -5.085
32.66, -0.8000, -7.247
32.67, -0.8000, -5.708
32.68, -0.8000, -6.515
32.69, -0.8000, -6.378
32.70, -0.8000, -6.238
32.71, -0.8000, -6.229
32.72, -0.8000, -6.433
32.73, -0.8000, -5.699
32.74, -0.8000, -6.003
32.75, -0.8000, -6.215
32.76, -0.8000, -6.008
32.77, -0.8000, -6.049
32.78, -0.8000, -5.295
32.79, -0.8000, -5.907
32.80, -0.8000, -6.460
32.81, -0.8000, -6.296
32.82, -0.8000, -6.953
32.83, -0.8000, -6.178
32.84, -0.8000, -6.866
32.85, -0.8000, -6.086
32.86, -0.8000, -6.944
32.87, -0.8000, -5.922
32.88, -0.8000, -5.596
32.89, -0.8000, -6.161
32.90, -0.8000, -5.692
32.91, -0.8000, -6.671
32.92, -0.8000, -6.604
32.93, -0.8000, -6.675
32.94, -0.8000, -6.012
32.95, -0.8000, -6.006
32.96, -0.8000, -5.708
32.97, -0.8000, -5.542
32.98, -0.8000, -6.307
32.99, -0.8000, -6.437
33.00, -0.8000, -5.599
33.01, -0.8000, -6.737
33.02, -0.8000, -5.844
33.03, -0.8000, -5.896
33.04, -0.8000, -6.452
33.05, -0.8000, -7.126
33.06, -0.8000, -6.097
33.07, -0.8000, -5.796
33.08, -0.8000, -5.658
33.09, -0.8000, -6.119
33.10, -0.8000, -6.406
33.11, -0.8000, -6.753
33.12, -0.8000, -7.232
33.13, -0.8000, -4.812
33.14, -0.8000, -5.940
33.15, -0.8000, -4.819
33.16, -0.8000, -6.615
33.17, -0.8000, -5.518
33.18, -0.8000, -6.671
33.19, -0.8000, -5.858
33.20, -0.8000, -6.579
33.21, -0.8000, -7.145
33.22, -0.8000, -5.998
33.23, -0.8000, -5.235
33.24, -0.8000, -5.231
33.25, -0.8000, -5.641
33.26, -0.8000, -7.426
33.27, -0.8000, -6.777
33.28, -0.8000, -6.550
33.29, -0.8000, -6.714
33.30, -0.8000, -5.486
33.31, -0.8000, -6.021
33.32, -0.8000, -6.391
33.33, -0.8000, -5.914
33.34, -0.8000, -6.029
33.35, -0.8000, -7.017
33.36, -0.8000, -5.007
33.37, -0.8000, -7.333
33.38, -0.8000, -6.722
33.39, -0.8000, -6.010
33.40, -0.8000, -6.448
33.41, -0.8000, -6.612
33.42, -0.8000, -4.932
33.43, -0.8000, -5.553
33.44, -0.8000, -4.718
33.45, -0.8000, -6.817
33.46, -0.8000, -5.232
33.47, -0.8000, -6.357
33.48, -0.8000, -5.259
33.49, -0.8000, -5.326
33.50, -0.8000, -5.779
33.51, -0.8000, -6.703
33.52, -0.8000, -5.695
33.53, -0.8000, -6.600
33.54, -0.8000, -6.402
33.55, -0.8000, -5.268
33.56, -0.8000, -5.137
33.57, -0.8000, -7.086
33.58, -0.8000, -5.477
33.59, -0.8000, -4.854
33.60, -0.8000, -5.525
33.61, -0.8000, -5.499
33.62, -0.8000, -5.990
33.63, -0.8000, -5.123
33.64, -0.8000, -7.140
33.65, -0.8000, -7.301
33.66, -0.8000, -7.264
33.67, -0.8000, -4.758
33.68, -0.8000, -5.036
33.69, -0.8000, -5.453
33.70, -0.8000, -5.419
33.71, -0.8000, -7.021
33.72, -0.8000, -6.527
33.73, -0.8000, -5.496
33.74, -0.8000, -5.418
33.75, -0.8000, -5.365
33.76, -0.8000, -5.234
33.77, -0.8000, -6.878
33.78, -0.8000, -6.015
33.79, -0.8000, -5.892
33.80, -0.8000, -5.323
33.81, -0.8000, -5.379
33.82, -0.8000, -6.068
33.83, -0.8000, -6.409
33.84, -0.8000, -5.929
33.85, -0.8000, -6.094
33.86, -0.8000, -7.065
33.87, -0.8000, -6.263
33.88, -0.8000, -5.666
33.89, -0.8000, -4.913
33.90, -0.8000, -7.220
33.91, -0.8000, -6.055
33.92, -0.8000, -4.478
33.93, -0.8000, -5.746
33.94, -0.8000, -6.283
33.95, -0.8000, -5.379
33.96, -0.8000, -5.179
33.97, -0.8000, -5.527
33.98, -0.8000, -5.920
33.99, -0.8000, -6.758
34.00, -0.8000, -6.928
34.01, -0.8000, -6.830
34.02, -0.8000, -5.705
34.03, -0.8000, -5.175
34.04, -0.8000, -6.814
34.05, -0.8000, -6.611
34.06, -0.8000, -4.973
34.07, -0.8000, -7.262
34.08, -0.8000, -4.945
34.09, -0.8000, -5.339
34.10, -0.8000, -6.100
34.11, -0.8000, -5.633
34.12, -0.8000, -5.973
34.13, -0.8000, -6.527
34.14, -0.8000, -5.569
34.15, -0.8000, -4.765
34.16, -0.8000, -7.601
34.17, -0.8000, -6.950
34.18, -0.8000, -5.638
34.19, -0.8000, -6.896
34.20, -0.8000, -5.386
34.21, -0.8000, -5.056
34.22, -0.8000, -4.997
34.23, -0.8000, -6.727
34.24, -0.8000, -7.403
34.25, -0.8000, -6.235
34.26, -0.8000, -6.990
34.27, -0.8000, -6.565
34.28, -0.8000, -5.428
34.29, -0.8000, -5.486
34.30, -0.8000, -6.849
34.31, -0.8000, -7.540
34.32, -0.8000, -6.253
34.33, -0.8000, -6.007
34.34, -0.8000, -4.934
34.35, -0.8000, -6.324
34.36, -0.8000, -5.710
34.37, -0.8000, -5.663
34.38, -0.8000, -6.421
34.39, -0.8000, -6.462
34.40, -0.8000, -7.157
34.41, -0.8000, -6.873
34.42, -0.8000, -6.708
34.43, -0.8000, -7.058
34.44, -0.8000, -5.679
34.45, -0.8000, -5.551
34.46, -0.8000, -5.455
34.47, -0.8000, -4.917
34.48, -0.8000, -5.650
34.49, -0.8000, -5.799
34.50, -0.8000, -6.016
34.51, -0.8000, -6.204
34.52, -0.8000, -5.636
34.53, -0.8000, -6.519
34.54, -0.8000, -5.919
34.55, -0.8000, -5.426
34.56, -0.8000, -6.262
34.57, -0.8000, -6.980
34.58, -0.8000, -8.417
34.59, -0.8000, -5.652
34.60, -0.8000, -6.045
34.61, -0.8000, -6.483
34.62, -0.8000, -4.924
34.63, -0.8000, -5.258
34.64, -0.8000, -5.923
34.65, -0.8000, -6.564
34.66, -0.8000, -7.168
34.67, -0.8000, -5.545
34.68, -0.8000, -5.663
34.69, -0.8000, -5.903
34.70, -0.8000, -6.753
34.71, -0.8000, -5.592
34.72, -0.8000, -5.697
34.73, -0.8000, -6.631
34.74, -0.8000, -5.960
34.75, -0.8000, -6.163
34.76, -0.8000, -6.707
34.77, -0.8000, -5.862
34.78, -0.8000, -6.267
34.79, -0.8000, -5.452
34.80, -0.8000, -6.757
34.81, -0.8000, -6.645
34.82, -0.8000, -6.264
34.83, -0.8000, -5.554
34.84, -0.8000, -5.471
34.85, -0.8000, -6.497
34.86, -0.8000, -7.553
34.87, -0.8000, -6.422
34.88, -0.8000, -5.972
34.89, -0.8000, -6.022
34.90, -0.8000, -6.135
34.91, -0.8000, -6.646
34.92, -0.8000, -5.449
34.93, -0.8000, -5.138
34.94, -0.8000, -6.495
34.95, -0.8000, -5.610
34.96, -0.8000, -6.370
34.97, -0.8000, -6.262
34.98, -0.8000, -6.698
34.99, -0.8000, -6.143
35.00, -0.8000, -4.957
35.01, -0.8000, -5.691
35.02, -0.8000, -5.577
35.03, -0.8000, -5.634
35.04, -0.8000, -6.921
35.05, -0.8000, -6.747
35.06, -0.8000, -6.642
35.07, -0.8000, -6.237
35.08, -0.8000, -6.199
35.09, -0.8000, -5.397
35.10, -0.8000, -5.601
35.11, -0.8000, -6.150
35.12, -0.8000, -7.069
35.13, -0.8000, -5.694
35.14, -0.8000, -5.437
35.15, -0.8000, -6.350
35.16, -0.8000, -6.190
35.17, -0.8000, -6.465
35.18, -0.8000, -5.398
35.19, -0.8000, -4.987
35.20, -0.8000, -7.437
35.21, -0.8000, -6.452
35.22, -0.8000, -6.589
35.23, -0.8000, -6.165
35.24, -0.8000, -5.566
35.25, -0.8000, -7.344
35.26, -0.8000, -5.144
35.27, -0.8000, -5.237
35.28, -0.8000, -5.469
35.29, -0.8000, -7.015
35.30, -0.8000, -7.186
35.31, -0.8000, -5.310
35.32, -0.8000, -5.747
35.33, -0.8000, -4.510
35.34, -0.8000, -6.522
35.35, -0.8000, -5.985
35.36, -0.8000, -6.009
35.37, -0.8000, -6.328
35.38, -0.8000, -5.547
35.39, -0.8000, -6.468
35.40, -0.8000, -6.442
35.41, -0.8000, -5.054
35.42, -0.8000, -6.964
35.43, -0.8000, -6.936
35.44, -0.8000, -5.582
35.45, -0.8000, -6.026
35.46, -0.8000, -6.605
35.47, -0.8000, -5.937
35.48, -0.8000, -6.931
35.49, -0.8000, -4.749
35.50, -0.8000, -5.936
35.51, -0.8000, -5.617
35.52, -0.8000, -5.905
35.53, -0.8000, -5.617
35.54, -0.8000, -6.241
35.55, -0.8000, -4.882
35.56, -0.8000, -5.765
35.57, -0.8000, -6.344
35.58, -0.8000, -5.373
35.59, -0.8000, -6.595
35.60, -0.8000, -6.074
35.61, -0.8000, -6.223
35.62, -0.8000, -6.427
35.63, -0.8000, -5.708
35.64, -0.8000, -6.784
35.65, -0.8000, -6.060
35.66, -0.8000, -5.509
35.67, -0.8000, -6.397
35.68, -0.8000, -6.076
35.69, -0.8000, -4.902
35.70, -0.8000, -5.511
35.71, -0.8000, -6.386
35.72, -0.8000, -6.516
35.73, -0.8000, -7.253
35.74, -0.8000, -5.551
35.75, -0.8000, -6.390
35.76, -0.8000, -5.479
35.77, -0.8000, -5.632
35.78, -0.8000, -7.260
35.79, -0.8000, -6.802
35.80, -0.8000, -6.015
35.81, -0.8000, -7.227
35.82, -0.8000, -6.037
35.83, -0.8000, -6.086
35.84, -0.8000, -5.395
35.85, -0.8000, -5.292
35.86, -0.8000, -6.517
35.87, -0.8000, -5.800
35.88, -0.8000, -6.747
35.89, -0.8000, -5.072
35.90, -0.8000, -5.533
35.91, -0.8000, -6.882
35.92, -0.8000, -4.961
35.93, -0.8000, -6.211
35.94, -0.8000, -6.015
35.95, -0.8000, -6.429
35.96, -0.8000, -5.911
35.97, -0.8000, -5.568
35.98, -0.8000, -5.138
35.99, -0.8000, -6.988
36.00, -0.8000, -5.604
36.01, -0.8000, -6.067
36.02, -0.8000, -6.188
36.03, -0.8000, -5.620
36.04, -0.8000, -4.865
36.05, -0.8000, -7.398
36.06, -0.8000, -6.711
36.07, -0.8000, -5.320
36.08, -0.8000, -5.850
36.09, -0.8000, -5.570
36.10, -0.8000, -6.144
36.11, -0.8000, -4.916
36.12, -0.8000, -4.933
36.13, -0.8000, -5.144
36.14, -0.8000, -4.749
36.15, -0.8000, -5.369
36.16, -0.8000, -5.155
36.17, -0.8000, -6.327
36.18, -0.8000, -4.722
36.19, -0.8000, -5.363
36.20, -0.8000, -6.072
36.21, -0.8000, -5.966
36.22, -0.8000, -6.534
36.23, -0.8000, -5.678
36.24, -0.8000, -5.781
36.25, -0.8000, -5.999
36.26, -0.8000, -5.573
36.27, -0.8000, -6.221
36.28, -0.8000, -5.427
36.29, -0.8000, -5.921
36.30, -0.8000, -5.453
36.31, -0.8000, -5.339
36.32, -0.8000, -5.798
36.33, -0.8000, -6.217
36.34, -0.8000, -4.593
36.35, -0.8000, -5.256
36.36, -0.8000, -6.500
36.37, -0.8000, -5.979
36.38, -0.8000, -6.931
36.39, -0.8000, -6.082
36.40, -0.8000, -5.668
36.41, -0.8000, -6.334
36.42, -0.8000, -5.714
36.43, -0.8000, -6.703
36.44, -0.8000, -5.336
36.45, -0.8000, -5.357
36.46, -0.8000, -6.666
36.47, -0.8000, -5.643
36.48, -0.8000, -6.677
36.49, -0.8000, -6.414
36.50, -0.8000, -6.641
36.51, -0.8000, -4.925
36.52, -0.8000, -7.014
36.53, -0.8000, -4.811
36.54, -0.8000, -5.461
36.55, -0.8000, -6.109
36.56, -0.8000, -4.856
36.57, -0.8000, -6.088
36.58, -0.8000, -5.809
36.59, -0.8000, -5.920
36.60, -0.8000, -5.876
36.61, -0.8000, -5.358
36.62, -0.8000, -5.942
36.63, -0.8000, -5.342
36.64, -0.8000, -6.922
36.65, -0.8000, -5.609
36.66, -0.8000, -7.152
36.67, -0.8000, -4.861
36.68, -0.8000, -6.041
36.69, -0.8000, -5.210
36.70, -0.8000, -5.986
36.71, -0.8000, -6.198
36.72, -0.8000, -5.603
36.73, -0.8000, -5.324
36.74, -0.8000, -4.916
36.75, -0.8000, -6.905
36.76, -0.8000, -7.158
36.77, -0.8000, -5.406
36.78, -0.8000, -5.310
36.79, -0.8000, -5.557
36.80, -0.8000, -6.800
36.81, -0.8000, -5.654
36.82, -0.8000, -5.349
36.83, -0.8000, -5.902
36.84, -0.8000, -6.069
36.85, -0.8000, -6.323
36.86, -0.8000, -6.702
36.87, -0.8000, -4.775
36.88, -0.8000, -5.324
36.89, -0.8000, -5.869
36.90, -0.8000, -6.731
36.91, -0.8000, -5.736
36.92, -0.8000, -6.312
36.93, -0.8000, -6.905
36.94, -0.8000, -5.309
36.95, -0.8000, -6.876
36.96, -0.8000, -6.380
36.97, -0.8000, -5.674
36.98, -0.8000, -5.306
36.99, -0.8000, -7.290
37.00, -0.8000, -6.890
37.01, -0.8000, -5.686
37.02, -0.8000, -7.299
37.03, -0.8000, -6.080
37.04, -0.8000, -6.687
37.05, -0.8000, -6.177
37.06, -0.8000, -5.759
37.07, -0.8000, -4.638
37.08, -0.8000, -6.448
37.09, -0.8000, -6.959
37.10, -0.8000, -5.504
37.11, -0.8000, -5.566
37.12, -0.8000, -5.373
37.13, -0.8000, -5.334
37.14, -0.8000, -5.052
37.15, -0.8000, -5.190
37.16, -0.8000, -5.538
37.17, -0.8000, -6.476
37.18, -0.8000, -5.755
37.19, -0.8000, -4.791
37.20, -0.8000, -6.007
37.21, -0.8000, -4.934
37.22, -0.8000, -6.973
37.23, -0.8000, -6.957
37.24, -0.8000, -6.165
37.25, -0.8000, -6.802
37.26, -0.8000, -5.191
37.27, -0.8000, -5.452
37.28, -0.8000, -5.762
37.29, -0.8000, -5.923
37.30, -0.8000, -6.338
37.31, -0.8000, -5.352
37.32, -0.8000, -7.544
37.33, -0.8000, -4.313
37.34, -0.8000, -6.022
37.35, -0.8000, -5.808
37.36, -0.8000, -5.482
37.37, -0.8000, -6.269
37.38, -0.8000, -6.038
37.39, -0.8000, -6.633
37.40, -0.8000, -4.832
37.41, -0.8000, -6.629
37.42, -0.8000, -6.094
37.43, -0.8000, -5.518
37.44, -0.8000, -6.234
37.45, -0.8000, -5.659
37.46, -0.8000, -6.444
37.47, -0.8000, -6.502
37.48, -0.8000, -5.774
37.49, -0.8000, -5.462
37.50, -0.8000, -6.273
37.51, -0.8000, -6.555
37.52, -0.8000, -5.024
37.53, -0.8000, -5.923
37.54, -0.8000, -5.002
37.55, -0.8000, -7.150
37.56, -0.8000, -6.558
37.57, -0.8000, -5.660
37.58, -0.8000, -5.836
37.59, -0.8000, -4.961
37.60, -0.8000, -5.946
37.61, -0.8000, -5.270
37.62, -0.8000, -6.301
37.63, -0.8000, -4.845
37.64, -0.8000, -6.936
37.65, -0.8000, -5.611
37.66, -0.8000, -5.170
37.67, -0.8000, -6.718
37.68, -0.8000, -5.977
37.69, -0.8000, -5.996
37.70, -0.8000, -6.475
37.71, -0.8000, -6.104
37.72, -0.8000, -7.374
37.73, -0.8000, -5.615
37.74, -0.8000, -6.302
37.75, -0.8000, -6.166
37.76, -0.8000, -5.373
37.77, -0.8000, -6.624
37.78, -0.8000, -4.961
37.79, -0.8000, -6.305
37.80, -0.8000, -5.946
37.81, -0.8000, -5.523
37.82, -0.8000, -6.109
37.83, -0.8000, -6.902
37.84, -0.8000, -6.401
37.85, -0.8000, -6.380
37.86, -0.8000, -5.592
37.87, -0.8000, -5.255
37.88, -0.8000, -6.768
37.89, -0.8000, -5.984
37.90, -0.8000, -6.805
37.91, -0.8000, -6.662
37.92, -0.8000, -5.413
37.93, -0.8000, -5.791
37.94, -0.8000, -6.314
37.95, -0.8000, -6.542
37.96, -0.8000, -5.214
37.97, -0.8000, -5.424
37.98, -0.8000, -6.674
37.99, -0.8000, -6.116
38.00, -0.8000, -6.952
38.01, -0.8000, -5.167
38.02, -0.8000, -5.882
38.03, -0.8000, -6.377
38.04, -0.8000, -6.216
38.05, -0.8000, -6.696
38.06, -0.8000, -5.410
38.07, -0.8000, -6.282
38.08, -0.8000, -5.611
38.09, -0.8000, -4.387
38.10, -0.8000, -6.787
38.11, -0.8000, -5.217
38.12, -0.8000, -5.216
38.13, -0.8000, -6.724
38.14, -0.8000, -5.883
38.15, -0.8000, -7.081
38.16, -0.8000, -6.032
38.17, -0.8000, -6.869
38.18, -0.8000, -5.446
38.19, -0.8000, -7.215
38.20, -0.8000, -5.980
38.21, -0.8000, -7.706
38.22, -0.8000, -6.082
38.23, -0.8000, -5.566
38.24, -0.8000, -6.260
38.25, -0.8000, -6.511
38.26, -0.8000, -6.805
38.27, -0.8000, -6.672
38.28, -0.8000, -5.300
38.29, -0.8000, -6.952
38.30, -0.8000, -5.569
38.31, -0.8000, -6.641
38.32, -0.8000, -5.665
38.33, -0.8000, -5.153
38.34, -0.8000, -5.945
38.35, -0.8000, -6.637
38.36, -0.8000, -5.973
38.37, -0.8000, -6.206
38.38, -0.8000, -6.303
38.39, -0.8000, -6.358
38.40, -0.8000, -5.798
38.41, -0.8000, -7.193
38.42, -0.8000, -6.627
38.43, -0.8000, -6.003
38.44, -0.8000, -4.969
38.45, -0.8000, -5.302
38.46, -0.8000, -5.328
38.47, -0.8000, -6.273
38.48, -0.8000, -5.222
38.49, -0.8000, -6.764
38.50, -0.8000, -6.405
38.51, -0.8000, -5.615
38.52, -0.8000, -5.427
38.53, -0.8000, -6.729
38.54, -0.8000, -6.133
38.55, -0.8000, -6.179
38.56, -0.8000, -4.626
38.57, -0.8000, -5.936
38.58, -0.8000, -6.045
38.59, -0.8000, -6.083
38.60, -0.8000, -4.589
38.61, -0.8000, -6.011
38.62, -0.8000, -5.136
38.63, -0.8000, -5.742
38.64, -0.8000, -5.733
38.65, -0.8000, -6.940
38.66, -0.8000, -6.268
38.67, -0.8000, -5.607
38.68, -0.8000, -6.248
38.69, -0.8000, -6.972
38.70, -0.8000, -4.912
38.71, -0.8000, -6.858
38.72, -0.8000, -6.616
38.73, -0.8000, -6.242
38.74, -0.8000, -5.428
38.75, -0.8000, -5.581
38.76, -0.8000, -6.430
38.77, -0.8000, -6.619
38.78, -0.8000, -5.780
38.79, -0.8000, -6.184
38.80, -0.8000, -5.191
38.81, -0.8000, -5.026
38.82, -0.8000, -5.864
38.83, -0.8000, -6.604
38.84, -0.8000, -5.115
38.85, -0.8000, -5.191
38.86, -0.8000, -6.585
38.87, -0.8000, -7.411
38.88, -0.8000, -5.874
38.89, -0.8000, -5.112
38.90, -0.8000, -4.270
38.91, -0.8000, -5.174
38.92, -0.8000, -5.566
38.93, -0.8000, -5.947
38.94, -0.8000, -7.225
38.95, -0.8000, -6.128
38.96, -0.8000, -5.487
38.97, -0.8000, -4.964
38.98, -0.8000, -5.816
38.99, -0.8000, -7.009
39.00, -0.8000, -5.777
39.01, -0.8000, -5.662
39.02, -0.8000, -6.259
39.03, -0.8000, -6.118
39.04, -0.8000, -7.362
39.05, -0.8000, -6.892
39.06, -0.8000, -6.621
39.07, -0.8000, -6.029
39.08, -0.8000, -5.511
39.09, -0.8000, -7.208
39.10, -0.8000, -5.915
39.11, -0.8000, -6.009
39.12, -0.8000, -4.714
39.13, -0.8000, -5.247
39.14, -0.8000, -5.808
39.15, -0.8000, -6.203
39.16, -0.8000, -6.812
39.17, -0.8000, -6.756
39.18, -0.8000, -5.233
39.19, -0.8000, -4.737
39.20, -0.8000, -6.373
39.21, -0.8000, -5.113
39.22, -0.8000, -6.702
39.23, -0.8000, -6.740
39.24, -0.8000, -6.452
39.25, -0.8000, -5.151
39.26, -0.8000, -6.399
39.27, -0.8000, -6.341
39.28, -0.8000, -4.617
39.29, -0.8000, -5.474
39.30, -0.8000, -5.229
39.31, -0.8000, -5.904
39.32, -0.8000, -4.729
39.33, -0.8000, -6.146
39.34, -0.8000, -5.915
39.35, -0.8000, -5.061
39.36, -0.8000, -6.208
39.37, -0.8000, -6.419
39.38, -0.8000, -6.694
39.39, -0.8000, -5.408
39.40, -0.8000, -5.948
39.41, -0.8000, -5.535
39.42, -0.8000, -5.224
39.43, -0.8000, -5.076
39.44, -0.8000, -6.493
39.45, -0.8000, -6.960
39.46, -0.8000, -4.805
39.47, -0.8000, -5.885
39.48, -0.8000, -6.494
39.49, -0.8000, -5.688
39.50, -0.8000, -5.915
39.51, -0.8000, -5.853
39.52, -0.8000, -4.750
39.53, -0.8000, -5.375
39.54, -0.8000, -6.474
39.55, -0.8000, -5.883
39.56, -0.8000, -7.066
39.57, -0.8000, -5.169
39.58, -0.8000, -6.152
39.59, -0.8000, -5.738
39.60, -0.8000, -6.639
39.61, -0.8000, -4.501
39.62, -0.8000, -6.505
39.63, -0.8000, -4.833
39.64, -0.8000, -5.772
39.65, -0.8000, -6.188
39.66, -0.8000, -5.967
39.67, -0.8000, -6.595
39.68, -0.8000, -5.447
39.69, -0.8000, -6.333
39.70, -0.8000, -5.569
39.71, -0.8000, -5.992
39.72, -0.8000, -6.699
39.73, -0.8000, -5.471
39.74, -0.8000, -6.160
39.75, -0.8000, -5.915
39.76, -0.8000, -6.441
39.77, -0.8000, -5.982
39.78, -0.8000, -6.265
39.79, -0.8000, -5.737
39.80, -0.8000, -6.163
39.81, -0.8000, -5.058
39.82, -0.8000, -6.418
39.83, -0.8000, -5.930
39.84, -0.8000, -6.941
39.85, -0.8000, -5.809
39.86, -0.8000, -5.497
39.87, -0.8000, -6.547
39.88, -0.8000, -4.790
39.89, -0.8000, -7.104
39.90, -0.8000, -4.519
39.91, -0.8000, -5.675
39.92, -0.8000, -6.978
39.93, -0.8000, -6.697
39.94, -0.8000, -6.503
39.95, -0.8000, -4.165
39.96, -0.8000, -5.966
39.97, -0.8000, -5.930
39.98, -0.8000, -5.845
39.99, -0.8000, -6.429
40.00, -0.8000, -7.030
40.01, -0.8000, -6.003
40.02, -0.8000, -6.515
40.03, -0.8000, -5.642
40.04, -0.8000, -5.461
40.05, -0.8000, -4.882
40.06, -0.8000, -7.926
40.07, -0.8000, -6.949
40.08, -0.8000, -5.958
40.09, -0.8000, -5.135
40.10, -0.8000, -5.180
40.11, -0.8000, -5.077
40.12, -0.8000, -5.892
40.13, -0.8000, -6.587
40.14, -0.8000, -6.060
40.15, -0.8000, -6.460
40.16, -0.8000, -5.445
40.17, -0.8000, -5.944
40.18, -0.8000, -6.666
40.19, -0.8000, -6.707
40.20, -0.8000, -5.678
40.21, -0.8000, -6.272
40.22, -0.8000, -5.891
40.23, -0.8000, -4.730
40.24, -0.8000, -6.079
40.25, -0.8000, -5.708
40.26, -0.8000, -6.877
40.27, -0.8000, -5.543
40.28, -0.8000, -5.150
40.29, -0.8000, -6.049
40.30, -0.8000, -5.834
40.31, -0.8000, -6.957
40.32, -0.8000, -5.942
40.33, -0.8000, -7.713
40.34, -0.8000, -5.477
40.35, -0.8000, -5.598
40.36, -0.8000, -6.814
40.37, -0.8000, -4.678
40.38, -0.8000, -6.473
40.39, -0.8000, -4.495
40.40, -0.8000, -6.705
40.41, -0.8000, -6.970
40.42, -0.8000, -5.816
40.43, -0.8000, -5.814
40.44, -0.8000, -6.732
40.45, -0.8000, -5.924
40.46, -0.8000, -5.591
40.47, -0.8000, -4.033
40.48, -0.8000, -7.665
40.49, -0.8000, -5.603
40.50, -0.8000, -5.684
40.51, -0.8000, -5.631
40.52, -0.8000, -5.310
40.53, -0.8000, -7.690
40.54, -0.8000, -5.977
40.55, -0.8000, -6.715
40.56, -0.8000, -6.809
40.57, -0.8000, -4.712
40.58, -0.8000, -5.872
40.59, -0.8000, -6.597
40.60, -0.8000, -6.158
40.61, -0.8000, -5.016
40.62, -0.8000, -6.512
40.63, -0.8000, -5.854
40.64, -0.8000, -5.955
40.65, -0.8000, -6.553
40.66, -0.8000, -5.590
40.67, -0.8000, -6.434
40.68, -0.8000, -6.077
40.69, -0.8000, -6.361
40.70, -0.8000, -5.312
40.71, -0.8000, -5.199
40.72, -0.8000, -5.657
40.73, -0.8000, -5.340
40.74, -0.8000, -5.400
40.75, -0.8000, -5.487
40.76, -0.8000, -6.362
40.77, -0.8000, -6.066
40.78, -0.8000, -5.586
40.79, -0.8000, -5.633
40.80, -0.8000, -5.592
40.81, -0.8000, -5.621
40.82, -0.8000, -5.199
40.83, -0.8000, -6.055
40.84, -0.8000, -6.386
40.85, -0.8000, -5.850
40.86, -0.8000, -4.185
40.87, -0.8000, -6.204
40.88, -0.8000, -5.408
40.89, -0.8000, -6.401
40.90, -0.8000, -7.368
40.91, -0.8000, -6.144
40.92, -0.8000, -6.126
40.93, -0.8000, -6.296
40.94, -0.8000, -5.273
40.95, -0.8000, -5.312
40.96, -0.8000, -6.209
40.97, -0.8000, -6.381
40.98, -0.8000, -6.688
40.99, -0.8000, -5.705
41.00, -0.8000, -5.668
41.01, -0.8000, -4.908
41.02, -0.8000, -5.975
41.03, -0.8000, -4.513
41.04, -0.8000, -4.780
41.05, -0.8000, -4.210
41.06, -0.8000, -5.000
41.07, -0.8000, -6.413
41.08, -0.8000, -7.379
41.09, -0.8000, -5.516
41.10, -0.8000, -4.907
41.11, -0.8000, -5.376
41.12, -0.8000, -4.806
41.13, -0.8000, -6.509
41.14, -0.8000, -6.628
41.15, -0.8000, -5.951
41.16, -0.8000, -5.964
41.17, -0.8000, -5.646
41.18, -0.8000, -6.609
41.19, -0.8000, -6.599
41.20, -0.8000, -7.024
41.21, -0.8000, -5.701
41.22, -0.8000, -5.317
41.23, -0.8000, -5.310
41.24, -0.8000, -5.246
41.25, -0.8000, -5.316
41.26, -0.8000, -6.442
41.27, -0.8000, -6.701
41.28, -0.8000, -5.850
41.29, -0.8000, -6.204
41.30, -0.8000, -5.195
41.31, -0.8000, -5.801
41.32, -0.8000, -5.983
41.33, -0.8000, -5.866
41.34, -0.8000, -5.088
41.35, -0.8000, -4.875
41.36, -0.8000, -5.188
41.37, -0.8000, -6.597
41.38, -0.8000, -7.125
41.39, -0.8000, -5.825
41.40, -0.8000, -5.139
41.41, -0.8000, -6.125
41.42, -0.8000, -5.214
41.43, -0.8000, -6.431
41.44, -0.8000, -6.461
41.45, -0.8000, -4.455
41.46, -0.8000, -6.310
41.47, -0.8000, -7.933
41.48, -0.8000, -4.753
41.49, -0.8000, -6.084
41.50, -0.8000, -5.252
41.51, -0.8000, -5.509
41.52, -0.8000, -5.766
41.53, -0.8000, -5.084
41.54, -0.8000, -5.784
41.55, -0.8000, -5.667
41.56, -0.8000, -5.028
41.57, -0.8000, -6.758
41.58, -0.8000, -6.329
41.59, -0.8000, -5.903
41.60, -0.8000, -6.311
41.61, -0.8000, -4.712
41.62, -0.8000, -6.267
41.63, -0.8000, -5.500
41.64, -0.8000, -5.872
41.65, -0.8000, -5.790
41.66, -0.8000, -7.238
41.67, -0.8000, -4.104
41.68, -0.8000, -5.060
41.69, -0.8000, -5.416
41.70, -0.8000, -5.426
41.71, -0.8000, -4.868
41.72, -0.8000, -4.552
41.73, -0.8000, -6.403
41.74, -0.8000, -4.784
41.75, -0.8000, -6.693
41.76, -0.8000, -6.163
41.77, -0.8000, -6.953
41.78, -0.8000, -5.594
41.79, -0.8000, -6.596
41.80, -0.8000, -5.074
41.81, -0.8000, -5.694
41.82, -0.8000, -4.561
41.83, -0.8000, -5.768
41.84, -0.8000, -6.496
41.85, -0.8000, -4.364
41.86, -0.8000, -4.344
41.87, -0.8000, -5.247
41.88, -0.8000, -6.764
41.89, -0.8000, -4.436
41.90, -0.8000, -5.714
41.91, -0.8000, -4.902
41.92, -0.8000, -5.325
41.93, -0.8000, -5.313
41.94, -0.8000, -3.938
41.95, -0.8000, -6.270
41.96, -0.8000, -6.279
41.97, -0.8000, -8.246
41.98, -0.8000, -5.300
41.99, -0.8000, -4.319
42.00, -0.8000, -7.493
42.01, -0.8000, -7.340
42.02, -0.8000, -4.888
42.03, -0.8000, -6.397
42.04, -0.8000, -4.672
42.05, -0.8000, -6.046
42.06, -0.8000, -5.087
42.07, -0.8000, -6.908
42.08, -0.8000, -5.895
42.09, -0.8000, -6.913
42.10, -0.8000, -5.467
42.11, -0.8000, -5.905
42.12, -0.8000, -6.404
42.13, -0.8000, -4.908
42.14, -0.8000, -5.376
42.15, -0.8000, -5.250
42.16, -0.8000, -6.710
42.17, -0.8000, -6.401
42.18, -0.8000, -6.714
42.19, -0.8000, -6.291
42.20, -0.8000, -5.870
42.21, -0.8000, -7.560
42.22, -0.8000, -5.565
42.23, -0.8000, -7.014
42.24, -0.8000, -4.700
42.25, -0.8000, -7.168
42.26, -0.8000, -5.859
42.27, -0.8000, -6.166
42.28, -0.8000, -7.167
42.29, -0.8000, -6.710
42.30, -0.8000, -7.102
42.31, -0.8000, -5.373
42.32, -0.8000, -4.654
42.33, -0.8000, -4.896
42.34, -0.8000, -4.951
42.35, -0.8000, -6.115
42.36, -0.8000, -6.303
42.37, -0.8000, -5.876
42.38, -0.8000, -5.326
42.39, -0.8000, -6.319
42.40, -0.8000, -5.038
42.41, -0.8000, -5.317
42.42, -0.8000, -5.176
42.43, -0.8000, -6.280
42.44, -0.8000, -5.523
42.45, -0.8000, -6.514
42.46, -0.8000, -6.574
42.47, -0.8000, -4.778
42.48, -0.8000, -5.341
42.49, -0.8000, -6.424
42.50, -0.8000, -6.014
42.51, -0.8000, -5.503
42.52, -0.8000, -6.466
42.53, -0.8000, -6.133
42.54, -0.8000, -5.209
42.55, -0.8000, -6.488
42.56, -0.8000, -6.199
42.57, -0.8000, -5.342
42.58, -0.8000, -6.069
42.59, -0.8000, -6.787
42.60, -0.8000, -6.376
42.61, -0.8000, -5.427
42.62, -0.8000, -6.600
42.63, -0.8000, -5.403
42.64, -0.8000, -6.355
42.65, -0.8000, -5.373
42.66, -0.8000, -5.980
42.67, -0.8000, -5.317
42.68, -0.8000, -5.174
42.69, -0.8000, -5.897
42.70, -0.8000, -5.307
42.71, -0.8000, -6.114
42.72, -0.8000, -5.300
42.73, -0.8000, -4.837
42.74, -0.8000, -6.183
42.75, -0.8000, -6.532
42.76, -0.8000, -5.161
42.77, -0.8000, -5.328
42.78, -0.8000, -6.397
42.79, -0.8000, -6.659
42.80, -0.8000, -5.096
42.81, -0.8000, -6.421
42.82, -0.8000, -5.875
42.83, -0.8000, -5.768
42.84, -0.8000, -6.380
42.85, -0.8000, -5.709
42.86, -0.8000, -5.594
42.87, -0.8000, -5.608
42.88, -0.8000, -4.432
42.89, -0.8000, -5.168
42.90, -0.8000, -5.194
42.91, -0.8000, -5.795
42.92, -0.8000, -7.228
42.93, -0.8000, -5.759
42.94, -0.8000, -5.027
42.95, -0.8000, -5.895
42.96, -0.8000, -5.176
42.97, -0.8000, -6.017
42.98, -0.8000, -5.880
42.99, -0.8000, -5.836
43.00, -0.8000, -6.758
43.01, -0.8000, -5.888
43.02, -0.8000, -6.085
43.03, -0.8000, -5.324
43.04, -0.8000, -6.660
43.05, -0.8000, -5.144
43.06, -0.8000, -5.057
43.07, -0.8000, -5.189
43.08, -0.8000, -6.235
43.09, -0.8000, -7.168
43.10, -0.8000, -5.490
43.11, -0.8000, -6.889
43.12, -0.8000, -5.849
43.13, -0.8000, -6.668
43.14, -0.8000, -5.286
43.15, -0.8000, -6.042
43.16, -0.8000, -5.686
43.17, -0.8000, -6.765
43.18, -0.8000, -5.986
43.19, -0.8000, -6.143
43.20, -0.8000, -5.588
43.21, -0.8000, -5.610
43.22, -0.8000, -6.683
43.23, -0.8000, -5.640
43.24, -0.8000, -4.659
43.25, -0.8000, -6.547
43.26, -0.8000, -7.054
43.27, -0.8000, -6.489
43.28, -0.8000, -6.665
43.29, -0.8000, -4.589
43.30, -0.8000, -7.202
43.31, -0.8000, -4.973
43.32, -0.8000, -5.559
43.33, -0.8000, -4.878
43.34, -0.8000, -6.208
43.35, -0.8000, -7.113
43.36, -0.8000, -4.966
43.37, -0.8000, -5.829
43.38, -0.8000, -5.389
43.39, -0.8000, -5.502
43.40, -0.8000, -6.639
43.41, -0.8000, -4.829
43.42, -0.8000, -5.586
43.43, -0.8000, -6.110
43.44, -0.8000, -5.190
43.45, -0.8000, -4.981
43.46, -0.8000, -6.660
43.47, -0.8000, -7.368
43.48, -0.8000, -5.838
43.49, -0.8000, -6.422
43.50, -0.8000, -4.578
43.51, -0.8000, -5.387
43.52, -0.8000, -6.439
43.53, -0.8000, -5.760
43.54, -0.8000, -5.719
43.55, -0.8000, -7.219
43.56, -0.8000, -5.995
43.57, -0.8000, -5.644
43.58, -0.8000, -4.512
43.59, -0.8000, -4.996
43.60, -0.8000, -6.262
43.61, -0.8000, -5.150
43.62, -0.8000, -5.748
43.63, -0.8000, -5.732
43.64, -0.8000, -4.385
43.65, -0.8000, -6.390
43.66, -0.8000, -6.173
43.67, -0.8000, -6.071
43.68, -0.8000, -5.471
43.69, -0.8000, -5.601
43.70, -0.8000, -5.835
43.71, -0.8000, -7.493
43.72, -0.8000, -6.773
43.73, -0.8000, -5.314
43.74, -0.8000, -6.900
43.75, -0.8000, -5.873
43.76, -0.8000, -4.614
43.77, -0.8000, -5.481
43.78, -0.8000, -6.142
43.79, -0.8000, -6.899
43.80, -0.8000, -4.499
43.81, -0.8000, -6.360
43.82, -0.8000, -6.607
43.83, -0.8000, -6.467
43.84, -0.8000, -5.663
43.85, -0.8000, -4.007
43.86, -0.8000, -5.354
43.87, -0.8000, -4.799
43.88, -0.8000, -4.695
43.89, -0.8000, -5.135
43.90, -0.8000, -6.459
43.91, -0.8000, -6.329
43.92, -0.8000, -5.630
43.93, -0.8000, -4.958
43.94, -0.8000, -5.601
43.95, -0.8000, -5.925
43.96, -0.8000, -6.333
43.97, -0.8000, -6.309
43.98, -0.8000, -6.244
43.99, -0.8000, -5.080
44.00, -0.8000, -6.331
44.01, -0.8000, -6.026
44.02, -0.8000, -6.727
44.03, -0.8000, -5.638
44.04, -0.8000, -5.612
44.05, -0.8000, -6.871
44.06, -0.8000, -6.257
44.07, -0.8000, -6.374
44.08, -0.8000, -5.109
44.09, -0.8000, -5.916
44.10, -0.8000, -6.489
44.11, -0.8000, -4.911
44.12, -0.8000, -6.312
44.13, -0.8000, -4.779
44.14, -0.8000, -7.437
44.15, -0.8000, -5.736
44.16, -0.8000, -5.102
44.17, -0.8000, -5.061
44.18, -0.8000, -5.105
44.19, -0.8000, -6.158
44.20, -0.8000, -5.151
44.21, -0.8000, -6.357
44.22, -0.8000, -5.825
44.23, -0.8000, -5.483
44.24, -0.8000, -6.712
44.25, -0.8000, -6.331
44.26, -0.8000, -6.128
44.27, -0.8000, -5.035
44.28, -0.8000, -5.941
44.29, -0.8000, -5.713
44.30, -0.8000, -5.104
44.31, -0.8000, -5.854
44.32, -0.8000, -5.372
44.33, -0.8000, -6.804
44.34, -0.8000, -6.447
44.35, -0.8000, -5.200
44.36, -0.8000, -6.070
44.37, -0.8000, -5.788
44.38, -0.8000, -6.869
44.39, -0.8000, -6.923
44.40, -0.8000, -5.266
44.41, -0.8000, -5.675
44.42, -0.8000, -5.091
44.43, -0.8000, -6.009
44.44, -0.8000, -6.583
44.45, -0.8000, -5.743
44.46, -0.8000, -5.659
44.47, -0.8000, -5.505
44.48, -0.8000, -6.134
44.49, -0.8000, -5.459
44.50, -0.8000, -6.420
44.51, -0.8000, -6.692
44.52, -0.8000, -6.753
44.53, -0.8000, -5.773
44.54, -0.8000, -6.335
44.55, -0.8000, -6.981
44.56, -0.8000, -5.276
44.57, -0.8000, -5.659
44.58, -0.8000, -5.995
44.59, -0.8000, -6.252
44.60, -0.8000, -5.645
44.61, -0.8000, -6.513
44.62, -0.8000, -5.478
44.63, -0.8000, -5.718
44.64, -0.8000, -7.411
44.65, -0.8000, -6.478
44.66, -0.8000, -5.726
44.67, -0.8000, -5.773
44.68, -0.8000, -5.497
44.69, -0.8000, -4.790
44.70, -0.8000, -6.674
44.71, -0.8000, -6.008
44.72, -0.8000, -6.742
44.73, -0.8000, -6.022
44.74, -0.8000, -5.999
44.75, -0.8000, -6.786
44.76, -0.8000, -5.726
44.77, -0.8000, -6.031
44.78, -0.8000, -6.358
44.79, -0.8000, -6.744
44.80, -0.8000, -5.836
44.81, -0.8000, -5.656
44.82, -0.8000, -6.359
44.83, -0.8000, -7.566
44.84, -0.8000, -4.918
44.85, -0.8000, -4.600
44.86, -0.8000, -5.061
44.87, -0.8000, -5.452
44.88, -0.8000, -6.783
44.89, -0.8000, -5.483
44.90, -0.8000, -4.761
44.91, -0.8000, -4.931
44.92, -0.8000, -5.817
44.93, -0.8000, -5.609
44.94, -0.8000, -4.662
44.95, -0.8000, -6.733
44.96, -0.8000, -6.340
44.97, -0.8000, -6.479
44.98, -0.8000, -6.033
44.99, -0.8000, -6.099
45.00, 0.000, -5.851
45.01, 0.001000, 72.19
45.02, 0.002000, 30.80
45.03, 0.003000, 20.03
45.04, 0.004000, 13.95
45.05, 0.005000, 12.35
45.06, 0.006000, 9.519
45.07, 0.007000, 6.075
45.08, 0.008000, 5.589
45.09, 0.009000, 6.370
45.10, 0.01000, 5.661
45.11, 0.01100, 3.352
45.12, 0.01200, 5.124
45.13, 0.01300, 4.288
45.14, 0.01400, 2.790
45.15, 0.01500, 3.272
45.16, 0.01600, 3.617
45.17, 0.01700, 2.618
45.18, 0.01800, 1.110
45.19, 0.01900, 1.388
45.20, 0.02000, 2.531
45.21, 0.02100, 1.381
45.22, 0.02200, 1.143
45.23, 0.02300, 2.612
45.24, 0.02400, 0.4555
45.25, 0.02500, 0.7161
45.26, 0.02600, 0.3249
45.27, 0.02700, -0.7961
45.28, 0.02800, 2.193
45.29, 0.02900, -0.2588
45.30, 0.03000, 0.4086
45.31, 0.03100, 0.4008
45.32, 0.03200, 1.029
45.33, 0.03300, 2.498
45.34, 0.03400, -2.466
45.35, 0.03500, 0.5558
45.36, 0.03600, -1.149
45.37, 0.03700, -0.1167
45.38, 0.03800, -0.6381
45.39, 0.03900, -1.506
45.40, 0.04000, -1.373
45.41, 0.04100, -1.369
45.42, 0.04200, -2.072
45.43, 0.04300, -1.414
45.44, 0.04400, -2.324
45.45, 0.04500, -1.264
45.46, 0.04600, -2.547
45.47, 0.04700, -2.799
45.48, 0.04800, -2.367
45.49, 0.04900, -2.580
45.50, 0.05000, -1.469
45.51, 0.05100, -3.451
45.52, 0.05200, -1.917
45.53, 0.05300, -2.073
45.54, 0.05400, -4.078
45.55, 0.05500, -0.4816
45.56, 0.05600, -3.118
45.57, 0.05700, -2.446
45.58, 0.05800, -2.202
45.59, 0.05900, -1.922
45.60, 0.06000, -0.6933
45.61, 0.06100, -2.975
45.62, 0.06200, -3.896
45.63, 0.06300, -2.501
45.64, 0.06400, -1.673
45.65, 0.06500, -3.505
45.66, 0.06600, -1.273
45.67, 0.06700, -2.837
45.68, 0.06800, -1.039
45.69, 0.06900, -1.253
45.70, 0.07000, -1.034
45.71, 0.07100, -0.9481
45.72, 0.07200, 0.4510
45.73, 0.07300, -2.787
45.74, 0.07400, -1.307
45.75, 0.07500, -1.754
45.76, 0.07600, -1.355
45.77, 0.07700, 0.7939
45.78, 0.07800, -0.4714
45.79, 0.07900, -2.481
45.80, 0.08000, -0.7489
45.81, 0.08100, -1.457
45.82, 0.08200, -1.688
45.83, 0.08300, -2.360
45.84, 0.08400, -1.092
45.85, 0.08500, -3.600
45.86, 0.08600, -0.7543
45.87, 0.08700, -0.1704
45.88, 0.08800, -3.053
45.89, 0.08900, -0.3382
45.90, 0.09000, -2.193
45.91, 0.09100, -1.961
45.92, 0.09200, -1.141
45.93, 0.09300, -1.612
45.94, 0.09400, -0.7014
45.95, 0.09500, -1.014
45.96, 0.09600, -0.3994
45.97, 0.09700, -2.507
45.98, 0.09800, -2.834
45.99, 0.09900, -1.547
46.00, 0.1000, -1.097
46.01, 0.1010, -2.086
46.02, 0.1020, -2.008
46.03, 0.1030, -1.224
46.04, 0.1040, -2.973
46.05, 0.1050, -1.083
46.06, 0.1060, -0.9578
46.07, 0.1070, -2.615
46.08, 0.1080, -1.857
46.09, 0.1090, -0.2882
46.10, 0.1100, -1.579
46.11, 0.1110, -1.509
46.12, 0.1120, -1.589
46.13, 0.1130, -0.1606
46.14, 0.1140, -0.6493
46.15, 0.1150, -0.3686
46.16, 0.1160, 1.350
46.17, 0.1170, -0.2898
46.18, 0.1180, -3.341
46.19, 0.1190, 0.4074
46.20, 0.1200, -1.830
46.21, 0.1210, 0.4413
46.22, 0.1220, -1.672
46.23, 0.1230, -2.358
46.24, 0.1240, -1.424
46.25, 0.1250, -0.7760
46.26, 0.1260, -0.8631
46.27, 0.1270, 0.4139
46.28, 0.1280, -1.528
46.29, 0.1290, -1.318
46.30, 0.1300, -0.2310
46.31, 0.1310, -1.081
46.32, 0.1320, -0.3495
46.33, 0.1330, 0.2087
46.34, 0.1340, -0.2787
46.35, 0.1350, -0.5932
46.36, 0.1360, -0.4076
46.37, 0.1370, -0.5971
46.38, 0.1380, -2.389
46.39, 0.1390, -1.196
46.40, 0.1400, 0.1238
46.41, 0.1410, -1.181
46.42, 0.1420, -2.528
46.43, 0.1430, -1.510
46.44, 0.1440, -0.03109
46.45, 0.1450, -0.6668
46.46, 0.1460, 0.2010
46.47, 0.1470, -2.181
46.48, 0.1480, -1.217
46.49, 0.1490, -0.7060
46.50, 0.1500, -1.081
46.51, 0.1510, -1.813
46.52, 0.1520, 0.7755
46.53, 0.1530, 0.2458
46.54, 0.1540, 0.4925
46.55, 0.1550, -0.9341
46.56, 0.1560, -1.718
46.57, 0.1570, 0.1587
46.58, 0.1580, -0.02867
46.59, 0.1590, -0.8732
46.60, 0.1600, -0.5803
46.61, 0.1610, -0.5346
46.62, 0.1620, 0.3791
46.63, 0.1630, 0.9946
46.64, 0.1640, 0.8922
46.65, 0.1650, 0.02786
46.66, 0.1660, 0.7602
46.67, 0.1670, -0.3670
46.68, 0.1680, -1.163
46.69, 0.1690, 0.7923
46.70, 0.1700, 1.391
46.71, 0.1710, -1.360
46.72, 0.1720, -1.191
46.73, 0.1730, -0.4388
46.74, 0.1740, 0.5597
46.75, 0.1750, -0.3553
46.76, 0.1760, -1.017
46.77, 0.1770, 0.3681
46.78, 0.1780, 0.5297
46.79, 0.1790, -0.1003
46.80, 0.1800, -1.405
46.81, 0.1810, 2.270
46.82, 0.1820, -0.9436
46.83, 0.1830, 0.3420
46.84, 0.1840, -2.118
46.85, 0.1850, -0.03968
46.86, 0.1860, 1.870
46.87, 0.1870, -0.5105
46.88, 0.1880, 2.263
46.89, 0.1890, 0.03012
46.90, 0.1900, 1.743
46.91, 0.1910, 1.283
46.92, 0.1920, 1.626
46.93, 0.1930, 1.394
46.94, 0.1940, 1.317
46.95, 0.1950, 0.01170
46.96, 0.1960, -0.1523
46.97, 0.1970, 0.8695
46.98, 0.1980, 2.478
46.99, 0.1990, 1.446
47.00, 0.2000, 3.265
47.01, 0.2010, 0.4764
47.02, 0.2020, 1.135
47.03, 0.2030, 1.049
47.04, 0.2040, 0.3420
47.05, 0.2050, 2.061
47.06, 0.2060, 1.524
47.07, 0.2070, 1.518
47.08, 0.2080, 2.572
47.09, 0.2090, 1.677
47.10, 0.2100, 2.729
47.11, 0.2110, 2.570
47.12, 0.2120, 3.134
47.13, 0.2130, 0.3753
47.14, 0.2140, 1.139
47.15, 0.2150, 2.661
47.16, 0.2160, 1.562
47.17, 0.2170, 2.900
47.18, 0.2180, 1.106
47.19, 0.2190, 2.206
47.20, 0.2200, 2.399
47.21, 0.2210, 1.660
47.22, 0.2220, 1.247
47.23, 0.2230, 3.788
47.24, 0.2240, 4.373
47.25, 0.2250, 2.006
47.26, 0.2260, 2.835
47.27, 0.2270, 2.521
47.28, 0.2280, 1.923
47.29, 0.2290, 2.833
47.30, 0.2300, 3.362
47.31, 0.2310, 2.957
47.32, 0.2320, 3.343
47.33, 0.2330, 0.6332
47.34, 0.2340, 3.819
47.35, 0.2350, 3.755
47.36, 0.2360, 4.559
47.37, 0.2370, 5.571
47.38, 0.2380, 4.233
47.39, 0.2390, 4.798
47.40, 0.2400, 5.222
47.41, 0.2410, 6.284
47.42, 0.2420, 5.630
47.43, 0.2430, 5.839
47.44, 0.2440, 4.501
47.45, 0.2450, 3.291
47.46, 0.2460, 5.164
47.47, 0.2470, 5.276
47.48, 0.2480, 4.563
47.49, 0.2490, 5.729
47.50, 0.2500, 4.380
47.51, 0.2510, 4.216
47.52, 0.2520, 4.613
47.53, 0.2530, 3.743
47.54, 0.2540, 4.384
47.55, 0.2550, 5.390
47.56, 0.2560, 4.580
47.57, 0.2570, 4.797
47.58, 0.2580, 4.048
47.59, 0.2590, 3.886
47.60, 0.2600, 5.020
47.61, 0.2610, 4.273
47.62, 0.2620, 4.328
47.63, 0.2630, 5.699
47.64, 0.2640, 6.093
47.65, 0.2650, 5.891
47.66, 0.2660, 5.460
47.67, 0.2670, 6.666
47.68, 0.2680, 6.372
47.69, 0.2690, 6.850
47.70, 0.2700, 6.720
47.71, 0.2710, 7.172
47.72, 0.2720, 6.092
47.73, 0.2730, 7.524
47.74, 0.2740, 7.672
47.75, 0.2750, 7.455
47.76, 0.2760, 7.677
47.77, 0.2770, 9.446
47.78, 0.2780, 7.963
47.79, 0.2790, 8.122
47.80, 0.2800, 8.155
47.81, 0.2810, 9.629
47.82, 0.2820, 8.510
47.83, 0.2830, 7.780
47.84, 0.2840, 9.259
47.85, 0.2850, 8.584
47.86, 0.2860, 8.197
47.87, 0.2870, 9.864
47.88, 0.2880, 9.650
47.89, 0.2890, 9.994
47.90, 0.2900, 9.034
47.91, 0.2910, 10.39
47.92, 0.2920, 10.85
47.93, 0.2930, 11.40
47.94, 0.2940, 10.80
47.95, 0.2950, 10.77
47.96, 0.2960, 10.57
47.97, 0.2970, 10.54
47.98, 0.2980, 9.256
47.99, 0.2990, 11.05
48.00, 0.3000, 9.964
48.01, 0.3010, 11.96
48.02, 0.3020, 11.35
48.03, 0.3030, 11.97
48.04, 0.3040, 10.47
48.05, 0.3050, 12.39
48.06, 0.3060, 11.97
48.07, 0.3070, 11.96
48.08, 0.3080, 12.56
48.09, 0.3090, 11.30
48.10, 0.3100, 12.42
48.11, 0.3110, 12.83
48.12, 0.3120, 12.29
48.13, 0.3130, 12.44
48.14, 0.3140, 12.53
48.15, 0.3150, 14.15
48.16, 0.3160, 12.93
48.17, 0.3170, 14.53
48.18, 0.3180, 14.53
48.19, 0.3190, 14.05
48.20, 0.3200, 15.70
48.21, 0.3210, 13.10
48.22, 0.3220, 15.34
48.23, 0.3230, 16.35
48.24, 0.3240, 15.94
48.25, 0.3250, 16.56
48.26, 0.3260, 13.84
48.27, 0.3270, 17.27
48.28, 0.3280, 15.95
48.29, 0.3290, 15.32
48.30, 0.3300, 16.50
48.31, 0.3310, 16.26
48.32, 0.3320, 16.78
48.33, 0.3330, 15.70
48.34, 0.3340, 17.06
48.35, 0.3350, 17.95
48.36, 0.3360, 18.03
48.37, 0.3370, 18.57
48.38, 0.3380, 18.57
48.39, 0.3390, 17.95
48.40, 0.3400, 18.52
48.41, 0.3410, 18.68
48.42, 0.3420, 18.37
48.43, 0.3430, 18.57
48.44, 0.3440, 18.71
48.45, 0.3450, 19.67
48.46, 0.3460, 17.02
48.47, 0.3470, 19.33
48.48, 0.3480, 19.87
48.49, 0.3490, 19.19
48.50, 0.3500, 20.72
48.51, 0.3510, 19.61
48.52, 0.3520, 20.83
48.53, 0.3530, 20.84
48.54, 0.3540, 19.87
48.55, 0.3550, 19.57
48.56, 0.3560, 21.43
48.57, 0.3570, 22.54
48.58, 0.3580, 20.97
48.59, 0.3590, 21.08
48.60, 0.3600, 21.36
48.61, 0.3610, 19.64
48.62, 0.3620, 21.40
48.63, 0.3630, 21.64
48.64, 0.3640, 21.92
48.65, 0.3650, 23.11
48.66, 0.3660, 21.87
48.67, 0.3670, 23.77
48.68, 0.3680, 23.29
48.69, 0.3690, 24.39
48.70, 0.3700, 23.00
48.71, 0.3710, 25.28
48.72, 0.3720, 23.71
48.73, 0.3730, 24.76
48.74, 0.3740, 24.37
48.75, 0.3750, 23.57
48.76, 0.3760, 24.39
48.77, 0.3770, 25.23
48.78, 0.3780, 25.06
48.79, 0.3790, 24.50
48.80, 0.3800, 25.00
48.81, 0.3810, 23.58
48.82, 0.3820, 25.05
48.83, 0.3830, 24.13
48.84, 0.3840, 25.34
48.85, 0.3850, 25.33
48.86, 0.3860, 24.71
48.87, 0.3870, 26.07
48.88, 0.3880, 24.73
48.89, 0.3890, 26.31
48.90, 0.3900, 24.45
48.91, 0.3910, 26.95
48.92, 0.3920, 26.71
48.93, 0.3930, 26.91
48.94, 0.3940, 26.39
48.95, 0.3950, 26.51
48.96, 0.3960, 25.88
48.97, 0.3970, 26.66
48.98, 0.3980, 26.64
48.99, 0.3990, 27.29
49.00, 0.4000, 26.43
49.01, 0.4010, 27.62
49.02, 0.4020, 27.76
49.03, 0.4030, 27.38
49.04, 0.4040, 26.90
49.05, 0.4050, 28.23
49.06, 0.4060, 28.68
49.07, 0.4070, 27.71
49.08, 0.4080, 28.57
49.09, 0.4090, 29.43
49.10, 0.4100, 29.71
49.11, 0.4110, 28.65
49.12, 0.4120, 28.27
49.13, 0.4130, 28.71
49.14, 0.4140, 28.32
49.15, 0.4150, 30.42
49.16, 0.4160, 29.11
49.17, 0.4170, 29.82
49.18, 0.4180, 29.80
49.19, 0.4190, 28.67
49.20, 0.4200, 29.36
49.21, 0.4210, 30.25
49.22, 0.4220, 29.22
49.23, 0.4230, 28.32
49.24, 0.4240, 30.51
49.25, 0.4250, 30.54
49.26, 0.4260, 30.71
49.27, 0.4270, 30.90
49.28, 0.4280, 30.36
49.29, 0.4290, 29.50
49.30, 0.4300, 30.86
49.31, 0.4310, 30.94
49.32, 0.4320, 32.49
49.33, 0.4330, 30.09
49.34, 0.4340, 31.55
49.35, 0.4350, 32.11
49.36, 0.4360, 29.62
49.37, 0.4370, 32.46
49.38, 0.4380, 29.03
49.39, 0.4390, 32.53
49.40, 0.4400, 31.12
49.41, 0.4410, 31.79
49.42, 0.4420, 30.63
49.43, 0.4430, 30.76
49.44, 0.4440, 32.33
49.45, 0.4450, 30.62
49.46, 0.4460, 31.61
49.47, 0.4470, 32.97
49.48, 0.4480, 31.35
49.49, 0.4490, 31.56
49.50, 0.4500, 33.11
49.51, 0.4510, 32.68
49.52, 0.4520, 32.99
49.53, 0.4530, 33.61
49.54, 0.4540, 33.28
49.55, 0.4550, 32.68
49.56, 0.4560, 32.55
49.57, 0.4570, 32.06
49.58, 0.4580, 31.84
49.59, 0.4590, 33.81
49.60, 0.4600, 34.14
49.61, 0.4610, 34.59
49.62, 0.4620, 32.09
49.63, 0.4630, 33.36
49.64, 0.4640, 33.09
49.65, 0.4650, 33.54
49.66, 0.4660, 32.83
49.67, 0.4670, 34.22
49.68, 0.4680, 33.06
49.69, 0.4690, 34.54
49.70, 0.4700, 33.64
49.71, 0.4710, 32.71
49.72, 0.4720, 33.15
49.73, 0.4730, 34.31
49.74, 0.4740, 32.61
49.75, 0.4750, 33.01
49.76, 0.4760, 34.31
49.77, 0.4770, 34.04
49.78, 0.4780, 32.85
49.79, 0.4790, 33.77
49.80, 0.4800, 33.07
49.81, 0.4810, 33.39
49.82, 0.4820, 33.11
49.83, 0.4830, 33.91
49.84, 0.4840, 32.95
49.85, 0.4850, 33.92
49.86, 0.4860, 33.27
49.87, 0.4870, 33.51
49.88, 0.4880, 34.45
49.89, 0.4890, 32.38
49.90, 0.4900, 34.03
49.91, 0.4910, 33.22
49.92, 0.4920, 36.59
49.93, 0.4930, 34.13
49.94, 0.4940, 34.89
49.95, 0.4950, 34.34
49.96, 0.4960, 34.50
49.97, 0.4970, 34.52
49.98, 0.4980, 35.18
49.99, 0.4990, 34.60
50.00, 0.5000, 34.62
50.01, 0.5010, 32.20
50.02, 0.5020, 32.87
50.03, 0.5030, 33.62
50.04, 0.5040, 34.69
50.05, 0.5050, 33.29
50.06, 0.5060, 33.96
50.07, 0.5070, 33.99
50.08, 0.5080, 33.23
50.09, 0.5090, 33.28
50.10, 0.5100, 33.79
50.11, 0.5110, 34.71
50.12, 0.5120, 34.60
50.13, 0.5130, 34.74
50.14, 0.5140, 33.69
50.15, 0.5150, 33.85
50.16, 0.5160, 34.20
50.17, 0.5170, 34.17
50.18, 0.5180, 32.13
50.19, 0.5190, 34.69
50.20, 0.5200, 33.13
50.21, 0.5210, 35.05
50.22, 0.5220, 33.22
50.23, 0.5230, 34.93
50.24, 0.5240, 34.94
50.25, 0.5250, 34.34
50.26, 0.5260, 34.68
50.27, 0.5270, 33.64
50.28, 0.5280, 34.83
50.29, 0.5290, 33.94
50.30, 0.5300, 34.82
50.31, 0.5310, 33.64
50.32, 0.5320, 36.27
50.33, 0.5330, 36.27
50.34, 0.5340, 36.51
50.35, 0.5350, 35.60
50.36, 0.5360, 35.37
50.37, 0.5370, 35.84
50.38, 0.5380, 32.82
50.39, 0.5390, 36.28
50.40, 0.5400, 35.55
50.41, 0.5410, 35.37
50.42, 0.5420, 34.52
50.43, 0.5430, 36.64
50.44, 0.5440, 34.72
50.45, 0.5450, 34.21
50.46, 0.5460, 35.22
50.47, 0.5470, 35.82
50.48, 0.5480, 35.19
50.49, 0.5490, 34.33
50.50, 0.5500, 33.64
50.51, 0.5510, 34.86
50.52, 0.5520, 34.51
50.53, 0.5530, 35.25
50.54, 0.5540, 34.75
50.55, 0.5550, 35.42
50.56, 0.5560, 35.58
50.57, 0.5570, 36.29
50.58, 0.5580, 33.70
50.59, 0.5590, 34.46
50.60, 0.5600, 32.68
50.61, 0.5610, 35.00
50.62, 0.5620, 34.44
50.63, 0.5630, 35.24
50.64, 0.5640, 32.38
50.65, 0.5650, 34.05
50.66, 0.5660, 34.87
50.67, 0.5670, 35.56
50.68, 0.5680, 35.73
50.69, 0.5690, 34.42
50.70, 0.5700, 35.66
50.71, 0.5710, 33.52
50.72, 0.5720, 34.37
50.73, 0.5730, 33.26
50.74, 0.5740, 35.14
50.75, 0.5750, 34.99
50.76, 0.5760, 34.47
50.77, 0.5770, 34.95
50.78, 0.5780, 36.31
50.79, 0.5790, 35.86
50.80, 0.5800, 34.00
50.81, 0.5810, 35.90
50.82, 0.5820, 35.11
50.83, 0.5830, 35.36
50.84, 0.5840, 33.66
50.85, 0.5850, 34.98
50.86, 0.5860, 34.60
50.87, 0.5870, 35.62
50.88, 0.5880, 35.58
50.89, 0.5890, 34.52
50.90, 0.5900, 34.36
50.91, 0.5910, 34.98
50.92, 0.5920, 36.06
50.93, 0.5930, 35.22
50.94, 0.5940, 34.13
50.95, 0.5950, 34.43
50.96, 0.5960, 34.01
50.97, 0.5970, 33.32
50.98, 0.5980, 34.87
50.99, 0.5990, 35.47
51.00, 0.6000, 33.97
51.01, 0.6010, 34.96
51.02, 0.6020, 33.94
51.03, 0.6030, 33.81
51.04, 0.6040, 33.29
51.05, 0.6050, 36.31
51.06, 0.6060, 33.95
51.07, 0.6070, 36.53
51.08, 0.6080, 33.40
51.09, 0.6090, 34.98
51.10, 0.6100, 34.11
51.11, 0.6110, 34.99
51.12, 0.6120, 34.56
51.13, 0.6130, 32.82
51.14, 0.6140, 35.23
51.15, 0.6150, 34.36
51.16, 0.6160, 34.34
51.17, 0.6170, 33.78
51.18, 0.6180, 33.88
51.19, 0.6190, 34.37
51.20, 0.6200, 35.05
51.21, 0.6210, 36.14
51.22, 0.6220, 34.52
51.23, 0.6230, 35.37
51.24, 0.6240, 35.49
51.25, 0.6250, 35.33
51.26, 0.6260, 34.21
51.27, 0.6270, 34.14
51.28, 0.6280, 35.23
51.29, 0.6290, 34.67
51.30, 0.6300, 35.50
51.31, 0.6310, 35.35
51.32, 0.6320, 35.46
51.33, 0.6330, 34.14
51.34, 0.6340, 34.96
51.35, 0.6350, 34.40
51.36, 0.6360, 35.59
51.37, 0.6370, 34.45
51.38, 0.6380, 35.27
51.39, 0.6390, 35.75
51.40, 0.6400, 35.01
51.41, 0.6410, 33.79
51.42, 0.6420, 34.08
51.43, 0.6430, 32.05
51.44, 0.6440, 35.25
51.45, 0.6450, 35.60
51.46, 0.6460, 33.18
51.47, 0.6470, 35.74
51.48, 0.6480, 34.59
51.49, 0.6490, 32.86
51.50, 0.6500, 34.75
51.51, 0.6510, 34.63
51.52, 0.6520, 34.15
51.53, 0.6530, 34.32
51.54, 0.6540, 34.47
51.55, 0.6550, 34.21
51.56, 0.6560, 34.70
51.57, 0.6570, 33.79
51.58, 0.6580, 35.66
51.59, 0.6590, 34.39
51.60, 0.6600, 35.31
51.61, 0.6610, 34.60
51.62, 0.6620, 34.89
51.63, 0.6630, 34.34
51.64, 0.6640, 35.93
51.65, 0.6650, 35.80
51.66, 0.6660, 34.95
51.67, 0.6670, 34.45
51.68, 0.6680, 34.52
51.69, 0.6690, 34.97
51.70, 0.6700, 34.34
51.71, 0.6710, 36.61
51.72, 0.6720, 35.12
51.73, 0.6730, 34.18
51.74, 0.6740, 35.63
51.75, 0.6750, 33.33
51.76, 0.6760, 34.77
51.77, 0.6770, 35.63
51.78, 0.6780, 34.10
51.79, 0.6790, 36.28
51.80, 0.6800, 34.37
51.81, 0.6810, 34.86
51.82, 0.6820, 35.25
51.83, 0.6830, 35.53
51.84, 0.6840, 34.43
51.85, 0.6850, 35.93
51.86, 0.6860, 35.06
51.87, 0.6870, 34.65
51.88, 0.6880, 34.48
51.89, 0.6890, 34.18
51.90, 0.6900, 34.38
51.91, 0.6910, 33.22
51.92, 0.6920, 34.54
51.93, 0.6930, 34.88
51.94, 0.6940, 35.80
51.95, 0.6950, 33.73
51.96, 0.6960, 34.68
51.97, 0.6970, 35.03
51.98, 0.6980, 36.16
51.99, 0.6990, 34.08
52.00, 0.7000, 34.21
52.01, 0.7010, 35.97
52.02, 0.7020, 34.43
52.03, 0.7030, 35.79
52.04, 0.7040, 35.67
52.05, 0.7050, 34.99
52.06, 0.7060, 35.83
52.07, 0.7070, 34.67
52.08, 0.7080, 35.26
52.09, 0.7090, 35.09
52.10, 0.7100, 33.69
52.11, 0.7110, 36.52
52.12, 0.7120, 35.30
52.13, 0.7130, 34.33
52.14, 0.7140, 33.64
52.15, 0.7150, 34.90
52.16, 0.7160, 35.51
52.17, 0.7170, 35.38
52.18, 0.7180, 34.44
52.19, 0.7190, 35.63
52.20, 0.7200, 35.23
52.21, 0.7210, 34.59
52.22, 0.7220, 34.86
52.23, 0.7230, 33.45
52.24, 0.7240, 33.87
52.25, 0.7250, 34.48
52.26, 0.7260, 34.92
52.27, 0.7270, 34.17
52.28, 0.7280, 36.03
52.29, 0.7290, 35.49
52.30, 0.7300, 34.90
52.31, 0.7310, 36.19
52.32, 0.7320, 34.17
52.33, 0.7330, 34.57
52.34, 0.7340, 35.35
52.35, 0.7350, 33.12
52.36, 0.7360, 34.01
52.37, 0.7370, 35.28
52.38, 0.7380, 35.08
52.39, 0.7390, 34.24
52.40, 0.7400, 34.84
52.41, 0.7410, 34.78
52.42, 0.7420, 35.68
52.43, 0.7430, 33.99
52.44, 0.7440, 35.01
52.45, 0.7450, 34.90
52.46, 0.7460, 35.12
52.47, 0.7470, 33.47
52.48, 0.7480, 35.30
52.49, 0.7490, 34.70
52.50, 0.7500, 35.67
52.51, 0.7510, 33.29
52.52, 0.7520, 34.59
52.53, 0.7530, 34.94
52.54, 0.7540, 34.60
52.55, 0.7550, 33.10
52.56, 0.7560, 32.75
52.57, 0.7570, 33.11
52.58, 0.7580, 34.04
52.59, 0.7590, 34.82
52.60, 0.7600, 34.28
52.61, 0.7610, 34.47
52.62, 0.7620, 35.33
52.63, 0.7630, 33.29
52.64, 0.7640, 34.63
52.65, 0.7650, 35.01
52.66, 0.7660, 34.62
52.67, 0.7670, 34.57
52.68, 0.7680, 33.35
52.69, 0.7690, 33.79
52.70, 0.7700, 33.92
52.71, 0.7710, 33.55
52.72, 0.7720, 34.51
52.73, 0.7730, 35.13
52.74, 0.7740, 33.11
52.75, 0.7750, 34.99
52.76, 0.7760, 33.18
52.77, 0.7770, 34.20
52.78, 0.7780, 34.10
52.79, 0.7790, 35.47
52.80, 0.7800, 34.39
52.81, 0.7810, 34.17
52.82, 0.7820, 34.79
52.83, 0.7830, 35.58
52.84, 0.7840, 34.40
52.85, 0.7850, 34.86
52.86, 0.7860, 34.29
52.87, 0.7870, 34.38
52.88, 0.7880, 33.70
52.89, 0.7890, 34.86
52.90, 0.7900, 34.63
52.91, 0.7910, 35.15
52.92, 0.7920, 34.73
52.93, 0.7930, 32.83
52.94, 0.7940, 34.62
52.95, 0.7950, 34.44
52.96, 0.7960, 35.64
52.97, 0.7970, 34.06
52.98, 0.7980, 35.60
52.99, 0.7990, 35.10
53.00, 0.8000, 33.65
53.01, 0.8010, 33.77
53.02, 0.8020, 34.43
53.03, 0.8030, 34.67
53.04, 0.8040, 34.81
53.05, 0.8050, 35.38
53.06, 0.8060, 35.14
53.07, 0.8070, 34.19
53.08, 0.8080, 34.16
53.09, 0.8090, 34.94
53.10, 0.8100, 33.23
53.11, 0.8110, 33.67
53.12, 0.8120, 35.60
53.13, 0.8130, 35.81
53.14, 0.8140, 33.85
53.15, 0.8150, 33.31
53.16, 0.8160, 33.78
53.17, 0.8170, 33.85
53.18, 0.8180, 34.16
53.19, 0.8190, 33.89
53.20, 0.8200, 31.90
53.21, 0.8210, 33.43
53.22, 0.8220, 35.80
53.23, 0.8230, 34.33
53.24, 0.8240, 33.55
53.25, 0.8250, 33.87
53.26, 0.8260, 34.08
53.27, 0.8270, 34.85
53.28, 0.8280, 33.42
53.29, 0.8290, 34.04
53.30, 0.8300, 35.68
53.31, 0.8310, 35.57
53.32, 0.8320, 36.57
53.33, 0.8330, 36.00
53.34, 0.8340, 35.11
53.35, 0.8350, 36.65
53.36, 0.8360, 35.81
53.37, 0.8370, 35.33
53.38, 0.8380, 34.62
53.39, 0.8390, 35.58
53.40, 0.8400, 34.89
53.41, 0.8410, 33.57
53.42, 0.8420, 33.89
53.43, 0.8430, 35.64
53.44, 0.8440, 34.66
53.45, 0.8450, 35.58
53.46, 0.8460, 35.40
53.47, 0.8470, 34.42
53.48, 0.8480, 33.83
53.49, 0.8490, 33.26
53.50, 0.8500, 35.07
53.51, 0.8510, 34.48
53.52, 0.8520, 33.93
53.53, 0.8530, 34.07
53.54, 0.8540, 33.61
53.55, 0.8550, 34.00
53.56, 0.8560, 34.16
53.57, 0.8570, 35.33
53.58, 0.8580, 35.38
53.59, 0.8590, 33.97
53.60, 0.8600, 34.48
53.61, 0.8610, 34.80
53.62, 0.8620, 34.26
53.63, 0.8630, 34.51
53.64, 0.8640, 35.04
53.65, 0.8650, 35.57
53.66, 0.8660, 34.53
53.67, 0.8670, 35.63
53.68, 0.8680, 35.00
53.69, 0.8690, 34.22
53.70, 0.8700, 35.74
53.71, 0.8710, 35.87
53.72, 0.8720, 35.88
53.73, 0.8730, 36.34
53.74, 0.8740, 34.35
53.75, 0.8750, 35.73
53.76, 0.8760, 34.15
53.77, 0.8770, 35.26
53.78, 0.8780, 34.34
53.79, 0.8790, 34.79
53.80, 0.8800, 34.60
53.81, 0.8810, 35.77
53.82, 0.8820, 35.51
53.83, 0.8830, 35.17
53.84, 0.8840, 36.34
53.85, 0.8850, 34.75
53.86, 0.8860, 36.84
53.87, 0.8870, 35.00
53.88, 0.8880, 36.53
53.89, 0.8890, 34.40
53.90, 0.8900, 35.07
53.91, 0.8910, 34.99
53.92, 0.8920, 34.57
53.93, 0.8930, 35.74
53.94, 0.8940, 34.89
53.95, 0.8950, 34.47
53.96, 0.8960, 33.83
53.97, 0.8970, 35.55
53.98, 0.8980, 34.83
53.99, 0.8990, 35.21
54.00, 0.9000, 35.39
54.01, 0.9010, 35.93
54.02, 0.9020, 36.16
54.03, 0.9030, 35.80
54.04, 0.9040, 35.70
54.05, 0.9050, 34.56
54.06, 0.9060, 36.00
54.07, 0.9070, 35.33
54.08, 0.9080, 36.06
54.09, 0.9090, 36.20
54.10, 0.9100, 36.74
54.11, 0.9110, 37.14
54.12, 0.9120, 36.14
54.13, 0.9130, 36.84
54.14, 0.9140, 36.92
54.15, 0.9150, 37.29
54.16, 0.9160, 36.15
54.17, 0.9170, 35.66
54.18, 0.9180, 34.96
54.19, 0.9190, 36.68
54.20, 0.9200, 37.48
54.21, 0.9210, 36.64
54.22, 0.9220, 36.22
54.23, 0.9230, 36.53
54.24, 0.9240, 36.75
54.25, 0.9250, 36.43
54.26, 0.9260, 37.13
54.27, 0.9270, 35.98
54.28, 0.9280, 35.72
54.29, 0.9290, 36.24
54.30, 0.9300, 36.62
54.31, 0.9310, 37.60
54.32, 0.9320, 37.02
54.33, 0.9330, 35.56
54.34, 0.9340, 37.40
54.35, 0.9350, 37.08
54.36, 0.9360, 37.34
54.37, 0.9370, 35.74
54.38, 0.9380, 38.44
54.39, 0.9390, 36.83
54.40, 0.9400, 36.92
54.41, 0.9410, 35.60
54.42, 0.9420, 36.66
54.43, 0.9430, 36.77
54.44, 0.9440, 36.17
54.45, 0.9450, 37.52
54.46, 0.9460, 37.22
54.47, 0.9470, 36.38
54.48, 0.9480, 36.03
54.49, 0.9490, 37.26
54.50, 0.9500, 37.79
54.51, 0.9510, 38.72
54.52, 0.9520, 36.25
54.53, 0.9530, 36.76
54.54, 0.9540, 37.43
54.55, 0.9550, 37.44
54.56, 0.9560, 38.21
54.57, 0.9570, 37.68
54.58, 0.9580, 37.87
54.59, 0.9590, 38.18
54.60, 0.9600, 37.70
54.61, 0.9610, 37.81
54.62, 0.9620, 39.35
54.63, 0.9630, 38.18
54.64, 0.9640, 39.03
54.65, 0.9650, 37.40
54.66, 0.9660, 39.33
54.67, 0.9670, 36.60
54.68, 0.9680, 38.71
54.69, 0.9690, 38.93
54.70, 0.9700, 37.06
54.71, 0.9710, 39.23
54.72, 0.9720, 39.20
54.73, 0.9730, 39.10
54.74, 0.9740, 37.93
54.75, 0.9750, 38.81
54.76, 0.9760, 39.12
54.77, 0.9770, 38.60
54.78, 0.9780, 38.79
54.79, 0.9790, 38.59
54.80, 0.9800, 39.07
54.81, 0.9810, 38.47
54.82, 0.9820, 38.85
54.83, 0.9830, 38.48
54.84, 0.9840, 39.48
54.85, 0.9850, 38.40
54.86, 0.9860, 40.02
54.87, 0.9870, 37.67
54.88, 0.9880, 39.14
54.89, 0.9890, 37.48
54.90, 0.9900, 39.00
54.91, 0.9910, 39.26
54.92, 0.9920, 38.70
54.93, 0.9930, 40.37
54.94, 0.9940, 38.72
54.95, 0.9950, 40.29
54.96, 0.9960, 40.49
54.97, 0.9970, 40.08
54.98, 0.9980, 39.58
54.99, 0.9990, 41.38
55.00, 1.000, 41.31
55.01, 1.001, 39.20
55.02, 1.002, 40.18
55.03, 1.003, 38.31
55.04, 1.004, 39.48
55.05, 1.005, 38.95
55.06, 1.006, 38.95
55.07, 1.007, 37.87
55.08, 1.008, 41.31
55.09, 1.009, 39.44
55.10, 1.010, 39.29
55.11, 1.011, 38.17
55.12, 1.012, 40.39
55.13, 1.013, 40.21
55.14, 1.014, 39.48
55.15, 1.015, 40.08
55.16, 1.016, 39.48
55.17, 1.017, 40.31
55.18, 1.018, 39.62
55.19, 1.019, 41.01
55.20, 1.020, 39.46
55.21, 1.021, 41.27
55.22, 1.022, 38.43
55.23, 1.023, 40.88
55.24, 1.024, 40.17
55.25, 1.025, 39.56
55.26, 1.026, 41.96
55.27, 1.027, 40.89
55.28, 1.028, 41.11
55.29, 1.029, 39.24
55.30, 1.030, 41.53
55.31, 1.031, 41.03
55.32, 1.032, 41.35
55.33, 1.033, 39.93
55.34, 1.034, 41.36
55.35, 1.035, 39.87
55.36, 1.036, 41.29
55.37, 1.037, 42.00
55.38, 1.038, 42.45
55.39, 1.039, 41.28
55.40, 1.040, 42.16
55.41, 1.041, 43.35
55.42, 1.042, 41.15
55.43, 1.043, 42.59
55.44, 1.044, 42.52
55.45, 1.045, 43.72
55.46, 1.046, 40.86
55.47, 1.047, 41.89
55.48, 1.048, 43.10
55.49, 1.049, 42.96
55.50, 1.050, 42.48
55.51, 1.051, 42.68
55.52, 1.052, 43.74
55.53, 1.053, 41.55
55.54, 1.054, 43.14
55.55, 1.055, 42.54
55.56, 1.056, 44.23
55.57, 1.057, 42.13
55.58, 1.058, 44.06
55.59, 1.059, 41.64
55.60, 1.060, 41.92
55.61, 1.061, 43.97
55.62, 1.062, 43.76
55.63, 1.063, 42.75
55.64, 1.064, 43.43
55.65, 1.065, 42.50
55.66, 1.066, 43.36
55.67, 1.067, 40.94
55.68, 1.068, 40.78
55.69, 1.069, 44.73
55.70, 1.070, 44.18
55.71, 1.071, 42.70
55.72, 1.072, 41.98
55.73, 1.073, 43.86
55.74, 1.074, 44.07
55.75, 1.075, 43.77
55.76, 1.076, 45.01
55.77, 1.077, 43.53
55.78, 1.078, 44.22
55.79, 1.079, 45.39
55.80, 1.080, 45.72
55.81, 1.081, 46.86
55.82, 1.082, 44.27
55.83, 1.083, 43.83
55.84, 1.084, 44.36
55.85, 1.085, 46.12
55.86, 1.086, 45.21
55.87, 1.087, 45.39
55.88, 1.088, 46.24
55.89, 1.089, 45.70
55.90, 1.090, 45.43
55.91, 1.091, 45.69
55.92, 1.092, 45.90
55.93, 1.093, 45.41
55.94, 1.094, 45.32
55.95, 1.095, 45.08
55.96, 1.096, 46.75
55.97, 1.097, 44.26
55.98, 1.098, 47.69
55.99, 1.099, 47.26
56.00, 1.100, 45.50
56.01, 1.101, 47.44
56.02, 1.102, 44.81
56.03, 1.103, 47.83
56.04, 1.104, 47.19
56.05, 1.105, 48.36
56.06, 1.106, 46.00
56.07, 1.107, 48.72
56.08, 1.108, 48.06
56.09, 1.109, 46.56
56.10, 1.110, 45.88
56.11, 1.111, 45.66
56.12, 1.112, 46.66
56.13, 1.113, 47.81
56.14, 1.114, 48.62
56.15, 1.115, 46.29
56.16, 1.116, 49.04
56.17, 1.117, 50.01
56.18, 1.118, 46.20
56.19, 1.119, 47.60
56.20, 1.120, 48.17
56.21, 1.121, 48.87
56.22, 1.122, 49.39
56.23, 1.123, 48.58
56.24, 1.124, 49.06
56.25, 1.125, 48.57
56.26, 1.126, 49.29
56.27, 1.127, 50.21
56.28, 1.128, 49.87
56.29, 1.129, 47.59
56.30, 1.130, 48.95
56.31, 1.131, 47.86
56.32, 1.132, 48.98
56.33, 1.133, 49.40
56.34, 1.134, 49.37
56.35, 1.135, 49.20
56.36, 1.136, 48.87
56.37, 1.137, 49.86
56.38, 1.138, 50.70
56.39, 1.139, 50.60
56.40, 1.140, 47.80
56.41, 1.141, 50.42
56.42, 1.142, 50.16
56.43, 1.143, 51.00
56.44, 1.144, 51.27
56.45, 1.145, 50.35
56.46, 1.146, 50.72
56.47, 1.147, 51.41
56.48, 1.148, 49.98
56.49, 1.149, 50.96
56.50, 1.150, 50.57
56.51, 1.151, 50.13
56.52, 1.152, 49.41
56.53, 1.153, 52.53
56.54, 1.154, 51.39
56.55, 1.155, 50.99
56.56, 1.156, 51.78
56.57, 1.157, 49.88
56.58, 1.158, 52.12
56.59, 1.159, 52.29
56.60, 1.160, 52.45
56.61, 1.161, 51.70
56.62, 1.162, 52.52
56.63, 1.163, 52.43
56.64, 1.164, 53.53
56.65, 1.165, 53.01
56.66, 1.166, 53.69
56.67, 1.167, 51.62
56.68, 1.168, 53.97
56.69, 1.169, 54.25
56.70, 1.170, 54.22
56.71, 1.171, 53.23
56.72, 1.172, 55.00
56.73, 1.173, 54.34
56.74, 1.174, 52.94
56.75, 1.175, 54.51
56.76, 1.176, 54.48
56.77, 1.177, 55.31
56.78, 1.178, 54.55
56.79, 1.179, 54.62
56.80, 1.180, 54.91
56.81, 1.181, 55.63
56.82, 1.182, 54.54
56.83, 1.183, 55.43
56.84, 1.184, 55.50
56.85, 1.185, 56.65
56.86, 1.186, 54.39
56.87, 1.187, 56.79
56.88, 1.188, 53.94
56.89, 1.189, 55.64
56.90, 1.190, 56.53
56.91, 1.191, 55.75
56.92, 1.192, 56.52
56.93, 1.193, 55.91
56.94, 1.194, 56.48
56.95, 1.195, 56.10
56.96, 1.196, 56.69
56.97, 1.197, 54.81
56.98, 1.198, 55.98
56.99, 1.199, 56.67
57.00, 1.200, 57.26
57.01, 1.201, 55.14
57.02, 1.202, 56.77
57.03, 1.203, 58.50
57.04, 1.204, 58.09
57.05, 1.205, 57.80
57.06, 1.206, 58.99
57.07, 1.207, 58.78
57.08, 1.208, 57.95
57.09, 1.209, 59.45
57.10, 1.210, 60.34
57.11, 1.211, 59.65
57.12, 1.212, 59.06
57.13, 1.213, 59.49
57.14, 1.214, 59.78
57.15, 1.215, 59.56
57.16, 1.216, 60.91
57.17, 1.217, 59.60
57.18, 1.218, 59.65
57.19, 1.219, 59.51
57.20, 1.220, 59.31
57.21, 1.221, 58.40
57.22, 1.222, 60.48
57.23, 1.223, 60.34
57.24, 1.224, 60.62
57.25, 1.225, 59.86
57.26, 1.226, 59.59
57.27, 1.227, 61.64
57.28, 1.228, 61.46
57.29, 1.229, 62.19
57.30, 1.230, 60.28
57.31, 1.231, 63.03
57.32, 1.232, 62.88
57.33, 1.233, 61.46
57.34, 1.234, 62.85
57.35, 1.235, 60.97
57.36, 1.236, 63.54
57.37, 1.237, 61.70
57.38, 1.238, 61.80
57.39, 1.239, 61.85
57.40, 1.240, 62.87
57.41, 1.241, 62.63
57.42, 1.242, 61.26
57.43, 1.243, 64.03
57.44, 1.244, 61.25
57.45, 1.245, 62.37
57.46, 1.246, 65.06
57.47, 1.247, 63.44
57.48, 1.248, 64.73
57.49, 1.249, 62.58
57.50, 1.250, 63.23
57.51, 1.251, 62.61
57.52, 1.252, 63.24
57.53, 1.253, 64.61
57.54, 1.254, 63.42
57.55, 1.255, 65.19
57.56, 1.256, 65.90
57.57, 1.257, 65.71
57.58, 1.258, 65.65
57.59, 1.259, 65.94
57.60, 1.260, 65.23
57.61, 1.261, 65.42
57.62, 1.262, 66.70
57.63, 1.263, 64.05
57.64, 1.264, 65.01
57.65, 1.265, 64.04
57.66, 1.266, 65.06
57.67, 1.267, 65.63
57.68, 1.268, 65.56
57.69, 1.269, 65.01
57.70, 1.270, 65.31
57.71, 1.271, 65.12
57.72, 1.272, 66.39
57.73, 1.273, 67.28
57.74, 1.274, 65.47
57.75, 1.275, 66.46
57.76, 1.276, 65.65
57.77, 1.277, 66.33
57.78, 1.278, 66.80
57.79, 1.279, 66.35
57.80, 1.280, 68.29
57.81, 1.281, 66.52
57.82, 1.282, 69.17
57.83, 1.283, 68.89
57.84, 1.284, 68.59
57.85, 1.285, 69.80
57.86, 1.286, 69.11
57.87, 1.287, 69.01
57.88, 1.288, 66.73
57.89, 1.289, 68.40
57.90, 1.290, 68.32
57.91, 1.291, 68.80
57.92, 1.292, 70.39
57.93, 1.293, 70.58
57.94, 1.294, 71.12
57.95, 1.295, 69.18
57.96, 1.296, 70.60
57.97, 1.297, 70.63
57.98, 1.298, 70.31
57.99, 1.299, 69.86
58.00, 1.300, 70.26
58.01, 1.301, 70.54
58.02, 1.302, 69.86
58.03, 1.303, 70.15
58.04, 1.304, 67.92
58.05, 1.305, 70.67
58.06, 1.306, 71.11
58.07, 1.307, 71.78
58.08, 1.308, 70.82
58.09, 1.309, 71.88
58.10, 1.310, 71.64
58.11, 1.311, 71.98
58.12, 1.312, 71.43
58.13, 1.313, 71.50
58.14, 1.314, 71.57
58.15, 1.315, 71.46
58.16, 1.316, 71.07
58.17, 1.317, 73.31
58.18, 1.318, 71.26
58.19, 1.319, 71.77
58.20, 1.320, 71.73
58.21, 1.321, 71.67
58.22, 1.322, 72.33
58.23, 1.323, 73.35
58.24, 1.324, 72.47
58.25, 1.325, 71.43
58.26, 1.326, 74.28
58.27, 1.327, 71.32
58.28, 1.328, 72.46
58.29, 1.329, 72.43
58.30, 1.330, 73.74
58.31, 1.331, 73.00
58.32, 1.332, 74.37
58.33, 1.333, 75.24
58.34, 1.334, 74.26
58.35, 1.335, 74.50
58.36, 1.336, 75.30
58.37, 1.337, 74.85
58.38, 1.338, 75.55
58.39, 1.339, 75.97
58.40, 1.340, 76.20
58.41, 1.341, 74.42
58.42, 1.342, 76.72
58.43, 1.343, 75.53
58.44, 1.344, 75.01
58.45, 1.345, 76.93
58.46, 1.346, 75.49
58.47, 1.347, 76.96
58.48, 1.348, 75.97
58.49, 1.349, 75.78
58.50, 1.350, 75.62
58.51, 1.351, 76.21
58.52, 1.352, 77.05
58.53, 1.353, 76.54
58.54, 1.354, 76.32
58.55, 1.355, 78.23
58.56, 1.356, 77.57
58.57, 1.357, 76.31
58.58, 1.358, 76.69
58.59, 1.359, 78.71
58.60, 1.360, 76.68
58.61, 1.361, 76.36
58.62, 1.362, 77.80
58.63, 1.363, 77.77
58.64, 1.364, 78.41
58.65, 1.365, 78.74
58.66, 1.366, 77.75
58.67, 1.367, 78.35
58.68, 1.368, 79.47
58.69, 1.369, 77.90
58.70, 1.370, 78.68
58.71, 1.371, 79.03
58.72, 1.372, 79.22
58.73, 1.373, 79.27
58.74, 1.374, 80.25
58.75, 1.375, 80.47
58.76, 1.376, 80.55
58.77, 1.377, 81.80
58.78, 1.378, 79.86
58.79, 1.379, 81.19
58.80, 1.380, 79.96
58.81, 1.381, 80.66
58.82, 1.382, 81.42
58.83, 1.383, 79.85
58.84, 1.384, 79.91
58.85, 1.385, 79.58
58.86, 1.386, 82.08
58.87, 1.387, 81.07
58.88, 1.388, 81.97
58.89, 1.389, 80.19
58.90, 1.390, 81.68
58.91, 1.391, 82.99
58.92, 1.392, 80.45
58.93, 1.393, 83.25
58.94, 1.394, 81.56
58.95, 1.395, 81.63
58.96, 1.396, 81.32
58.97, 1.397, 83.25
58.98, 1.398, 83.47
58.99, 1.399, 82.22
59.00, 1.400, 83.39
59.01, 1.401, 84.13
59.02, 1.402, 83.66
59.03, 1.403, 81.97
59.04, 1.404, 83.55
59.05, 1.405, 84.66
59.06, 1.406, 83.02
59.07, 1.407, 84.39
59.08, 1.408, 84.70
59.09, 1.409, 84.27
59.10, 1.410, 84.47
59.11, 1.411, 83.34
59.12, 1.412, 86.64
59.13, 1.413, 85.96
59.14, 1.414, 85.01
59.15, 1.415, 86.64
59.16, 1.416, 86.52
59.17, 1.417, 87.78
59.18, 1.418, 84.56
59.19, 1.419, 86.97
59.20, 1.420, 87.51
59.21, 1.421, 88.34
59.22, 1.422, 86.21
59.23, 1.423, 85.15
59.24, 1.424, 86.59
59.25, 1.425, 88.13
59.26, 1.426, 88.08
59.27, 1.427, 88.26
59.28, 1.428, 86.50
59.29, 1.429, 88.25
59.30, 1.430, 89.40
59.31, 1.431, 87.63
59.32, 1.432, 86.78
59.33, 1.433, 87.92
59.34, 1.434, 89.91
59.35, 1.435, 88.17
59.36, 1.436, 90.18
59.37, 1.437, 88.18
59.38, 1.438, 88.76
59.39, 1.439, 88.55
59.40, 1.440, 89.69
59.41, 1.441, 89.50
59.42, 1.442, 88.58
59.43, 1.443, 91.09
59.44, 1.444, 90.30
59.45, 1.445, 89.30
59.46, 1.446, 89.21
59.47, 1.447, 90.91
59.48, 1.448, 89.47
59.49, 1.449, 90.76
59.50, 1.450, 90.26
59.51, 1.451, 90.69
59.52, 1.452, 91.60
59.53, 1.453, 90.43
59.54, 1.454, 90.86
59.55, 1.455, 90.53
59.56, 1.456, 91.65
59.57, 1.457, 91.91
59.58, 1.458, 93.33
59.59, 1.459, 93.76
59.60, 1.460, 95.20
59.61, 1.461, 93.33
59.62, 1.462, 94.67
59.63, 1.463, 93.75
59.64, 1.464, 92.95
59.65, 1.465, 94.70
59.66, 1.466, 93.26
59.67, 1.467, 92.69
59.68, 1.468, 94.39
59.69, 1.469, 93.28
59.70, 1.470, 95.84
59.71, 1.471, 95.77
59.72, 1.472, 95.54
59.73, 1.473, 94.70
59.74, 1.474, 96.24
59.75, 1.475, 97.05
59.76, 1.476, 94.87
59.77, 1.477, 96.22
59.78, 1.478, 95.90
59.79, 1.479, 97.15
59.80, 1.480, 96.66
59.81, 1.481, 96.56
59.82, 1.482, 98.01
59.83, 1.483, 96.45
59.84, 1.484, 96.85
59.85, 1.485, 98.73
59.86, 1.486, 98.30
59.87, 1.487, 98.45
59.88, 1.488, 98.08
59.89, 1.489, 99.05
59.90, 1.490, 98.34
59.91, 1.491, 98.29
59.92, 1.492, 99.02
59.93, 1.493, 97.75
59.94, 1.494, 100.7
59.95, 1.495, 99.57
59.96, 1.496, 100.9
59.97, 1.497, 100.1
59.98, 1.498, 101.5
59.99, 1.499, 100.5
60.00, 1.500, 101.5
60.01, 1.501, 100.9
60.02, 1.502, 99.72
60.03, 1.503, 100.1
60.04, 1.504, 100.1
60.05, 1.505, 100.9
60.06, 1.506, 101.6
60.07, 1.507, 101.5
60.08, 1.508, 103.7
60.09, 1.509, 102.1
60.10, 1.510, 103.4
60.11, 1.511, 100.3
60.12, 1.512, 102.6
60.13, 1.513, 103.4
60.14, 1.514, 101.3
60.15, 1.515, 106.0
60.16, 1.516, 103.7
60.17, 1.517, 103.4
60.18, 1.518, 104.3
60.19, 1.519, 103.8
60.20, 1.520, 104.1
60.21, 1.521, 103.9
60.22, 1.522, 105.1
60.23, 1.523, 103.9
60.24, 1.524, 106.0
60.25, 1.525, 103.6
60.26, 1.526, 105.1
60.27, 1.527, 106.3
60.28, 1.528, 105.8
60.29, 1.529, 106.9
60.30, 1.530, 107.2
60.31, 1.531, 108.2
60.32, 1.532, 106.4
60.33, 1.533, 106.2
60.34, 1.534, 107.0
60.35, 1.535, 107.6
60.36, 1.536, 105.8
60.37, 1.537, 106.8
60.38, 1.538, 106.8
60.39, 1.539, 108.4
60.40, 1.540, 108.7
60.41, 1.541, 109.4
60.42, 1.542, 107.7
60.43, 1.543, 111.1
60.44, 1.544, 110.1
60.45, 1.545, 110.3
60.46, 1.546, 110.8
60.47, 1.547, 110.3
60.48, 1.548, 112.5
60.49, 1.549, 110.3
60.50, 1.550, 111.6
60.51, 1.551, 111.4
60.52, 1.552, 112.1
60.53, 1.553, 113.2
60.54, 1.554, 112.3
60.55, 1.555, 113.2
60.56, 1.556, 114.6
60.57, 1.557, 113.5
60.58, 1.558, 113.0
60.59, 1.559, 113.4
60.60, 1.560, 112.9
60.61, 1.561, 114.9
60.62, 1.562, 114.7
60.63, 1.563, 114.3
60.64, 1.564, 114.0
60.65, 1.565, 114.2
60.66, 1.566, 115.0
60.67, 1.567, 116.0
60.68, 1.568, 117.5
60.69, 1.569, 114.9
60.70, 1.570, 115.2
60.71, 1.571, 115.5
60.72, 1.572, 115.0
60.73, 1.573, 116.4
60.74, 1.574, 116.1
60.75, 1.575, 116.8
60.76, 1.576, 117.2
60.77, 1.577, 117.0
60.78, 1.578, 118.7
60.79, 1.579, 118.1
60.80, 1.580, 119.4
60.81, 1.581, 117.1
60.82, 1.582, 118.5
60.83, 1.583, 119.3
60.84, 1.584, 120.3
60.85, 1.585, 118.1
60.86, 1.586, 119.6
60.87, 1.587, 121.9
60.88, 1.588, 122.0
60.89, 1.589, 122.3
60.90, 1.590, 120.3
60.91, 1.591, 122.2
60.92, 1.592, 122.7
60.93, 1.593, 123.0
60.94, 1.594, 124.0
60.95, 1.595, 120.0
60.96, 1.596, 121.1
60.97, 1.597, 124.3
60.98, 1.598, 124.6
60.99, 1.599, 125.4
61.00, 1.600, 123.2
61.01, 1.601, 124.6
61.02, 1.602, 124.8
61.03, 1.603, 123.9
61.04, 1.604, 125.2
61.05, 1.605, 123.9
61.06, 1.606, 125.4
61.07, 1.607, 125.9
61.08, 1.608, 126.7
61.09, 1.609, 127.9
61.10, 1.610, 126.5
61.11, 1.611, 126.8
61.12, 1.612, 126.6
61.13, 1.613, 126.1
61.14, 1.614, 128.5
61.15, 1.615, 128.2
61.16, 1.616, 131.6
61.17, 1.617, 132.0
61.18, 1.618, 133.9
61.19, 1.619, 133.3
61.20, 1.620, 134.9
61.21, 1.621, 133.0
61.22, 1.622, 134.8
61.23, 1.623, 136.1
61.24, 1.624, 135.6
61.25, 1.625, 136.6
61.26, 1.626, 136.1
61.27, 1.627, 135.2
61.28, 1.628, 137.9
61.29, 1.629, 138.8
61.30, 1.630, 138.3
61.31, 1.631, 138.3
61.32, 1.632, 139.3
61.33, 1.633, 137.8
61.34, 1.634, 140.4
61.35, 1.635, 140.7
61.36, 1.636, 141.2
61.37, 1.637, 141.3
61.38, 1.638, 142.3
61.39, 1.639, 141.6
61.40, 1.640, 142.6
61.41, 1.641, 142.9
61.42, 1.642, 143.1
61.43, 1.643, 143.9
61.44, 1.644, 144.5
61.45, 1.645, 142.0
61.46, 1.646, 144.6
61.47, 1.647, 146.2
61.48, 1.648, 146.0
61.49, 1.649, 147.9
61.50, 1.650, 145.3
61.51, 1.651, 147.3
61.52, 1.652, 147.5
61.53, 1.653, 147.2
61.54, 1.654, 148.0
61.55, 1.655, 148.0
61.56, 1.656, 147.6
61.57, 1.657, 149.3
61.58, 1.658, 148.7
61.59, 1.659, 148.5
61.60, 1.660, 148.9
61.61, 1.661, 151.6
61.62, 1.662, 149.7
61.63, 1.663, 152.0
61.64, 1.664, 151.8
61.65, 1.665, 152.0
61.66, 1.666, 151.7
61.67, 1.667, 151.8
61.68, 1.668, 153.5
61.69, 1.669, 154.8
61.70, 1.670, 154.6
61.71, 1.671, 154.9
61.72, 1.672, 155.8
61.73, 1.673, 154.9
61.74, 1.674, 155.7
61.75, 1.675, 156.3
61.76, 1.676, 156.0
61.77, 1.677, 157.4
61.78, 1.678, 157.3
61.79, 1.679, 156.7
61.80, 1.680, 158.1
61.81, 1.681, 157.2
61.82, 1.682, 158.2
61.83, 1.683, 159.7
61.84, 1.684, 160.4
61.85, 1.685, 160.9
61.86, 1.686, 159.0
61.87, 1.687, 161.5
61.88, 1.688, 161.5
61.89, 1.689, 159.7
61.90, 1.690, 159.9
61.91, 1.691, 160.4
61.92, 1.692, 163.5
61.93, 1.693, 163.3
61.94, 1.694, 162.3
61.95, 1.695, 163.6
61.96, 1.696, 164.1
61.97, 1.697, 165.0
61.98, 1.698, 165.4
61.99, 1.699, 165.9
62.00, 1.700, 163.4
62.01, 1.701, 166.0
62.02, 1.702, 166.7
62.03, 1.703, 166.9
62.04, 1.704, 166.5
62.05, 1.705, 168.0
62.06, 1.706, 168.6
62.07, 1.707, 170.6
62.08, 1.708, 169.7
62.09, 1.709, 169.6
62.10, 1.710, 170.0
62.11, 1.711, 170.4
62.12, 1.712, 170.9
62.13, 1.713, 171.2
62.14, 1.714, 173.2
62.15, 1.715, 172.3
62.16, 1.716, 171.6
62.17, 1.717, 172.8
62.18, 1.718, 173.2
62.19, 1.719, 174.3
62.20, 1.720, 173.2
62.21, 1.721, 174.5
62.22, 1.722, 177.2
62.23, 1.723, 174.1
62.24, 1.724, 176.0
62.25, 1.725, 175.5
62.26, 1.726, 177.7
62.27, 1.727, 177.4
62.28, 1.728, 177.3
62.29, 1.729, 179.9
62.30, 1.730, 179.3
62.31, 1.731, 178.8
62.32, 1.732, 179.9
62.33, 1.733, 180.2
62.34, 1.734, 181.3
62.35, 1.735, 180.3
62.36, 1.736, 181.1
62.37, 1.737, 180.8
62.38, 1.738, 182.2
62.39, 1.739, 182.3
62.40, 1.740, 181.6
62.41, 1.741, 184.7
62.42, 1.742, 184.2
62.43, 1.743, 186.8
62.44, 1.744, 184.5
62.45, 1.745, 187.0
62.46, 1.746, 188.0
62.47, 1.747, 188.7
62.48, 1.748, 189.2
62.49, 1.749, 187.5
62.50, 1.750, 189.4
62.51, 1.751, 189.4
62.52, 1.752, 187.5
62.53, 1.753, 190.8
62.54, 1.754, 190.1
62.55, 1.755, 191.0
62.56, 1.756, 190.7
62.57, 1.757, 193.0
62.58, 1.758, 194.3
62.59, 1.759, 192.6
62.60, 1.760, 193.3
62.61, 1.761, 193.4
62.62, 1.762, 194.8
62.63, 1.763, 195.1
62.64, 1.764, 196.1
62.65, 1.765, 197.9
62.66, 1.766, 195.8
62.67, 1.767, 196.2
62.68, 1.768, 196.1
62.69, 1.769, 196.6
62.70, 1.770, 199.2
62.71, 1.771, 198.5
62.72, 1.772, 199.7
62.73, 1.773, 199.0
62.74, 1.774, 199.2
62.75, 1.775, 202.4
62.76, 1.776, 200.8
62.77, 1.777, 203.9
62.78, 1.778, 202.4
62.79, 1.779, 202.9
62.80, 1.780, 204.0
62.81, 1.781, 204.2
62.82, 1.782, 205.1
62.83, 1.783, 203.7
62.84, 1.784, 205.1
62.85, 1.785, 205.6
62.86, 1.786, 205.7
62.87, 1.787, 207.6
62.88, 1.788, 207.8
62.89, 1.789, 207.9
62.90, 1.790, 208.1
62.91, 1.791, 210.1
62.92, 1.792, 210.2
62.93, 1.793, 211.3
62.94, 1.794, 212.3
62.95, 1.795, 214.2
62.96, 1.796, 213.7
62.97, 1.797, 215.6
62.98, 1.798, 215.0
62.99, 1.799, 215.8
63.00, 1.800, 214.0
63.01, 1.801, 216.5
63.02, 1.802, 218.5
63.03, 1.803, 218.7
63.04, 1.804, 220.6
63.05, 1.805, 218.6
63.06, 1.806, 220.1
63.07, 1.807, 221.7
63.08, 1.808, 221.1
63.09, 1.809, 221.7
63.10, 1.810, 221.3
63.11, 1.811, 223.2
63.12, 1.812, 223.9
63.13, 1.813, 224.1
63.14, 1.814, 224.9
63.15, 1.815, 225.0
63.16, 1.816, 224.6
63.17, 1.817, 225.7
63.18, 1.818, 226.1
63.19, 1.819, 227.9
63.20, 1.820, 228.3
63.21, 1.821, 229.5
63.22, 1.822, 227.6
63.23, 1.823, 229.4
63.24, 1.824, 229.9
63.25, 1.825, 230.6
63.26, 1.826, 232.8
63.27, 1.827, 233.0
63.28, 1.828, 233.4
63.29, 1.829, 233.6
63.30, 1.830, 234.8
63.31, 1.831, 237.0
63.32, 1.832, 237.1
63.33, 1.833, 237.6
63.34, 1.834, 236.9
63.35, 1.835, 238.0
63.36, 1.836, 240.2
63.37, 1.837, 239.4
63.38, 1.838, 243.1
63.39, 1.839, 241.5
63.40, 1.840, 242.2
63.41, 1.841, 244.3
63.42, 1.842, 243.9
63.43, 1.843, 244.9
63.44, 1.844, 246.2
63.45, 1.845, 248.2
63.46, 1.846, 246.6
63.47, 1.847, 247.1
63.48, 1.848, 249.7
63.49, 1.849, 250.6
63.50, 1.850, 251.4
63.51, 1.851, 250.5
63.52, 1.852, 253.9
63.53, 1.853, 252.2
63.54, 1.854, 255.0
63.55, 1.855, 255.7
63.56, 1.856, 256.8
63.57, 1.857, 257.6
63.58, 1.858, 257.0
63.59, 1.859, 259.2
63.60, 1.860, 260.1
63.61, 1.861, 259.0
63.62, 1.862, 261.1
63.63, 1.863, 260.6
63.64, 1.864, 262.5
63.65, 1.865, 263.4
63.66, 1.866, 263.2
63.67, 1.867, 265.6
63.68, 1.868, 265.3
63.69, 1.869, 267.0
63.70, 1.870, 265.7
63.71, 1.871, 267.7
63.72, 1.872, 268.1
63.73, 1.873, 268.9
63.74, 1.874, 270.6
63.75, 1.875, 270.7
63.76, 1.876, 273.8
63.77, 1.877, 271.4
63.78, 1.878, 274.1
63.79, 1.879, 276.3
63.80, 1.880, 275.7
63.81, 1.881, 275.3
63.82, 1.882, 277.2
63.83, 1.883, 279.6
63.84, 1.884, 279.7
63.85, 1.885, 280.9
63.86, 1.886, 280.9
63.87, 1.887, 282.0
63.88, 1.888, 285.3
63.89, 1.889, 285.4
63.90, 1.890, 287.5
63.91, 1.891, 287.5
63.92, 1.892, 287.5
63.93, 1.893, 288.9
63.94, 1.894, 289.8
63.95, 1.895, 292.0
63.96, 1.896, 291.4
63.97, 1.897, 293.4
63.98, 1.898, 294.2
63.99, 1.899, 295.5
64.00, 1.900, 297.1
64.01, 1.901, 295.4
64.02, 1.902, 297.8
64.03, 1.903, 297.9
64.04, 1.904, 299.8
64.05, 1.905, 301.5
64.06, 1.906, 301.3
64.07, 1.907, 302.2
64.08, 1.908, 302.3
64.09, 1.909, 303.9
64.10, 1.910, 305.3
64.11, 1.911, 306.4
64.12, 1.912, 308.1
64.13, 1.913, 306.9
64.14, 1.914, 308.9
64.15, 1.915, 309.0
64.16, 1.916, 311.0
64.17, 1.917, 312.8
64.18, 1.918, 312.4
64.19, 1.919, 314.3
64.20, 1.920, 316.9
64.21, 1.921, 317.2
64.22, 1.922, 319.3
64.23, 1.923, 319.0
64.24, 1.924, 320.3
64.25, 1.925, 320.3
64.26, 1.926, 322.5
64.27, 1.927, 324.4
64.28, 1.928, 323.7
64.29, 1.929, 325.8
64.30, 1.930, 325.6
64.31, 1.931, 327.7
64.32, 1.932, 329.6
64.33, 1.933, 331.1
64.34, 1.934, 331.5
64.35, 1.935, 331.5
64.36, 1.936, 334.2
64.37, 1.937, 335.2
64.38, 1.938, 333.3
64.39, 1.939, 334.7
64.40, 1.940, 336.6
64.41, 1.941, 338.8
64.42, 1.942, 338.6
64.43, 1.943, 340.0
64.44, 1.944, 339.8
64.45, 1.945, 340.7
64.46, 1.946, 344.4
64.47, 1.947, 342.9
64.48, 1.948, 344.6
64.49, 1.949, 346.9
64.50, 1.950, 348.0
64.51, 1.951, 348.3
64.52, 1.952, 349.7
64.53, 1.953, 351.0
64.54, 1.954, 351.8
64.55, 1.955, 353.5
64.56, 1.956, 354.2
64.57, 1.957, 355.1
64.58, 1.958, 356.8
64.59, 1.959, 358.0
64.60, 1.960, 357.4
64.61, 1.961, 360.1
64.62, 1.962, 359.8
64.63, 1.963, 363.3
64.64, 1.964, 363.5
64.65, 1.965, 366.4
64.66, 1.966, 365.0
64.67, 1.967, 367.7
64.68, 1.968, 369.4
64.69, 1.969, 370.4
64.70, 1.970, 370.7
64.71, 1.971, 371.9
64.72, 1.972, 373.1
64.73, 1.973, 375.3
64.74, 1.974, 375.3
64.75, 1.975, 377.8
64.76, 1.976, 378.3
64.77, 1.977, 380.1
64.78, 1.978, 381.0
64.79, 1.979, 382.5
64.80, 1.980, 381.4
64.81, 1.981, 383.8
64.82, 1.982, 384.4
64.83, 1.983, 384.7
64.84, 1.984, 384.8
64.85, 1.985, 384.9
64.86, 1.986, 385.0
64.87, 1.987, 384.4
64.88, 1.988, 385.2
64.89, 1.989, 384.3
64.90, 1.990, 385.2
64.91, 1.991, 384.7
64.92, 1.992, 384.3
64.93, 1.993, 384.6
64.94, 1.994, 385.3
64.95, 1.995, 385.4
64.96, 1.996, 384.1
64.97, 1.997, 384.9
64.98, 1.998, 385.3
64.99, 1.999, 385.9
65.00, 2.000, 385.3
65.01, 1.999, 385.0
65.02, 1.998, 384.0
65.03, 1.997, 385.0
65.04, 1.996, 385.9
65.05, 1.995, 386.5
65.06, 1.994, 386.4
65.07, 1.993, 387.0
65.08, 1.992, 387.3
65.09, 1.991, 387.6
65.10, 1.990, 387.4
65.11, 1.989, 386.7
65.12, 1.988, 386.3
65.13, 1.987, 387.8
65.14, 1.986, 386.8
65.15, 1.985, 386.7
65.16, 1.984, 385.7
65.17, 1.983, 385.3
65.18, 1.982, 386.3
65.19, 1.981, 384.7
65.20, 1.980, 385.1
65.21, 1.979, 385.6
65.22, 1.978, 383.3
65.23, 1.977, 384.5
65.24, 1.976, 381.7
65.25, 1.975, 381.3
65.26, 1.974, 378.6
65.27, 1.973, 379.6
65.28, 1.972, 377.5
65.29, 1.971, 377.5
65.30, 1.970, 376.9
65.31, 1.969, 375.2
65.32, 1.968, 374.9
65.33, 1.967, 371.3
65.34, 1.966, 371.6
65.35, 1.965, 370.7
65.36, 1.964, 370.2
65.37, 1.963, 369.4
65.38, 1.962, 367.5
65.39, 1.961, 367.8
65.40, 1.960, 365.5
65.41, 1.959, 365.5
65.42, 1.958, 362.0
65.43, 1.957, 361.6
65.44, 1.956, 361.4
65.45, 1.955, 359.6
65.46, 1.954, 357.4
65.47, 1.953, 357.3
65.48, 1.952, 356.9
65.49, 1.951, 354.6
65.50, 1.950, 355.1
65.51, 1.949, 353.1
65.52, 1.948, 353.0
65.53, 1.947, 351.1
65.54, 1.946, 349.5
65.55, 1.945, 348.3
65.56, 1.944, 346.3
65.57, 1.943, 346.2
65.58, 1.942, 345.0
65.59, 1.941, 345.8
65.60, 1.940, 342.7
65.61, 1.939, 343.9
65.62, 1.938, 342.8
65.63, 1.937, 342.9
65.64, 1.936, 340.4
65.65, 1.935, 340.2
65.66, 1.934, 338.2
65.67, 1.933, 335.9
65.68, 1.932, 335.6
65.69, 1.931, 334.0
65.70, 1.930, 336.5
65.71, 1.929, 333.2
65.72, 1.928, 333.4
65.73, 1.927, 332.5
65.74, 1.926, 332.8
65.75, 1.925, 329.9
65.76, 1.924, 329.7
65.77, 1.923, 328.3
65.78, 1.922, 329.0
65.79, 1.921, 327.1
65.80, 1.920, 326.7
65.81, 1.919, 324.2
65.82, 1.918, 323.0
65.83, 1.917, 321.7
65.84, 1.916, 321.5
65.85, 1.915, 322.0
65.86, 1.914, 320.5
65.87, 1.913, 318.4
65.88, 1.912, 318.3
65.89, 1.911, 317.4
65.90, 1.910, 316.2
65.91, 1.909, 314.3
65.92, 1.908, 313.1
65.93, 1.907, 312.0
65.94, 1.906, 310.3
65.95, 1.905, 309.4
65.96, 1.904, 309.7
65.97, 1.903, 307.9
65.98, 1.902, 308.7
65.99, 1.901, 306.2
66.00, 1.900, 305.5
66.01, 1.899, 304.1
66.02, 1.898, 303.7
66.03, 1.897, 301.6
66.04, 1.896, 301.6
66.05, 1.895, 301.5
66.06, 1.894, 301.1
66.07, 1.893, 300.2
66.08, 1.892, 297.2
66.09, 1.891, 298.0
66.10, 1.890, 296.5
66.11, 1.889, 297.4
66.12, 1.888, 295.1
66.13, 1.887, 294.2
66.14, 1.886, 293.7
66.15, 1.885, 292.3
66.16, 1.884, 291.9
66.17, 1.883, 291.8
66.18, 1.882, 290.4
66.19, 1.881, 289.5
66.20, 1.880, 288.6
66.21, 1.879, 286.9
66.22, 1.878, 286.0
66.23, 1.877, 286.8
66.24, 1.876, 284.6
66.25, 1.875, 285.6
66.26, 1.874, 282.6
66.27, 1.873, 283.0
66.28, 1.872, 281.4
66.29, 1.871, 281.3
66.30, 1.870, 277.3
66.31, 1.869, 279.5
66.32, 1.868, 278.0
66.33, 1.867, 276.8
66.34, 1.866, 275.2
66.35, 1.865, 275.0
66.36, 1.864, 274.0
66.37, 1.863, 273.6
66.38, 1.862, 273.2
66.39, 1.861, 270.7
66.40, 1.860, 271.4
66.41, 1.859, 268.5
66.42, 1.858, 267.7
66.43, 1.857, 265.7
66.44, 1.856, 265.7
66.45, 1.855, 267.2
66.46, 1.854, 264.3
66.47, 1.853, 263.8
66.48, 1.852, 263.6
66.49, 1.851, 262.2
66.50, 1.850, 260.6
66.51, 1.849, 259.4
66.52, 1.848, 258.8
66.53, 1.847, 258.6
66.54, 1.846, 257.6
66.55, 1.845, 254.5
66.56, 1.844, 255.7
66.57, 1.843, 254.7
66.58, 1.842, 253.7
66.59, 1.841, 253.6
66.60, 1.840, 253.0
66.61, 1.839, 253.1
66.62, 1.838, 251.3
66.63, 1.837, 249.7
66.64, 1.836, 248.1
66.65, 1.835, 248.4
66.66, 1.834, 247.5
66.67, 1.833, 246.0
66.68, 1.832, 245.6
66.69, 1.831, 244.3
66.70, 1.830, 243.7
66.71, 1.829, 243.3
66.72, 1.828, 242.3
66.73, 1.827, 242.0
66.74, 1.826, 240.1
66.75, 1.825, 239.9
66.76, 1.824, 239.0
66.77, 1.823, 237.4
66.78, 1.822, 235.5
66.79, 1.821, 236.0
66.80, 1.820, 234.6
66.81, 1.819, 233.5
66.82, 1.818, 233.2
66.83, 1.817, 231.9
66.84, 1.816, 232.6
66.85, 1.815, 230.4
66.86, 1.814, 229.7
66.87, 1.813, 230.9
66.88, 1.812, 229.4
66.89, 1.811, 227.4
66.90, 1.810, 226.7
66.91, 1.809, 227.0
66.92, 1.808, 226.2
66.93, 1.807, 224.5
66.94, 1.806, 226.0
66.95, 1.805, 222.7
66.96, 1.804, 221.5
66.97, 1.803, 221.6
66.98, 1.802, 219.5
66.99, 1.801, 220.4
67.00, 1.800, 218.6
67.01, 1.799, 219.6
67.02, 1.798, 217.8
67.03, 1.797, 217.1
67.04, 1.796, 216.0
67.05, 1.795, 214.5
67.06, 1.794, 214.7
67.07, 1.793, 213.5
67.08, 1.792, 213.0
67.09, 1.791, 213.8
67.10, 1.790, 212.3
67.11, 1.789, 212.6
67.12, 1.788, 210.3
67.13, 1.787, 209.8
67.14, 1.786, 208.7
67.15, 1.785, 206.6
67.16, 1.784, 206.7
67.17, 1.783, 205.7
67.18, 1.782, 205.2
67.19, 1.781, 203.5
67.20, 1.780, 203.5
67.21, 1.779, 201.6
67.22, 1.778, 201.9
67.23, 1.777, 200.5
67.24, 1.776, 200.5
67.25, 1.775, 199.6
67.26, 1.774, 198.6
67.27, 1.773, 199.1
67.28, 1.772, 196.6
67.29, 1.771, 197.3
67.30, 1.770, 196.9
67.31, 1.769, 195.6
67.32, 1.768, 197.0
67.33, 1.767, 193.3
67.34, 1.766, 195.1
67.35, 1.765, 193.2
67.36, 1.764, 191.6
67.37, 1.763, 189.9
67.38, 1.762, 190.0
67.39, 1.761, 190.0
67.40, 1.760, 190.3
67.41, 1.759, 190.3
67.42, 1.758, 187.4
67.43, 1.757, 187.6
67.44, 1.756, 187.0
67.45, 1.755, 185.4
67.46, 1.754, 182.9
67.47, 1.753, 184.2
67.48, 1.752, 183.6
67.49, 1.751, 183.2
67.50, 1.750, 183.8
67.51, 1.749, 181.7
67.52, 1.748, 182.1
67.53, 1.747, 181.9
67.54, 1.746, 180.1
67.55, 1.745, 180.9
67.56, 1.744, 179.5
67.57, 1.743, 179.7
67.58, 1.742, 177.8
67.59, 1.741, 176.4
67.60, 1.740, 175.7
67.61, 1.739, 175.1
67.62, 1.738, 174.4
67.63, 1.737, 173.5
67.64, 1.736, 171.2
67.65, 1.735, 172.1
67.66, 1.734, 171.4
67.67, 1.733, 170.1
67.68, 1.732, 169.6
67.69, 1.731, 170.0
67.70, 1.730, 168.2
67.71, 1.729, 168.9
67.72, 1.728, 168.1
67.73, 1.727, 168.8
67.74, 1.726, 166.5
67.75, 1.725, 164.3
67.76, 1.724, 164.4
67.77, 1.723, 164.1
67.78, 1.722, 164.6
67.79, 1.721, 163.2
67.80, 1.720, 161.9
67.81, 1.719, 161.5
67.82, 1.718, 160.7
67.83, 1.717, 161.2
67.84, 1.716, 160.6
67.85, 1.715, 161.4
67.86, 1.714, 158.1
67.87, 1.713, 159.2
67.88, 1.712, 158.4
67.89, 1.711, 158.4
67.90, 1.710, 156.9
67.91, 1.709, 155.1
67.92, 1.708, 156.1
67.93, 1.707, 154.8
67.94, 1.706, 153.9
67.95, 1.705, 154.1
67.96, 1.704, 152.3
67.97, 1.703, 154.1
67.98, 1.702, 151.2
67.99, 1.701, 151.0
68.00, 1.700, 149.4
68.01, 1.699, 149.3
68.02, 1.698, 149.6
68.03, 1.697, 147.0
68.04, 1.696, 147.2
68.05, 1.695, 147.7
68.06, 1.694, 145.0
68.07, 1.693, 145.6
68.08, 1.692, 145.4
68.09, 1.691, 144.5
68.10, 1.690, 145.2
68.11, 1.689, 143.2
68.12, 1.688, 144.0
68.13, 1.687, 142.7
68.14, 1.686, 141.7
68.15, 1.685, 141.8
68.16, 1.684, 140.3
68.17, 1.683, 139.9
68.18, 1.682, 138.4
68.19, 1.681, 138.9
68.20, 1.680, 138.7
68.21, 1.679, 138.6
68.22, 1.678, 138.0
68.23, 1.677, 137.4
68.24, 1.676, 136.1
68.25, 1.675, 136.6
68.26, 1.674, 134.4
68.27, 1.673, 134.7
68.28, 1.672, 136.4
68.29, 1.671, 134.2
68.30, 1.670, 133.0
68.31, 1.669, 133.0
68.32, 1.668, 131.3
68.33, 1.667, 133.0
68.34, 1.666, 132.6
68.35, 1.665, 132.2
68.36, 1.664, 132.3
68.37, 1.663, 130.2
68.38, 1.662, 130.1
68.39, 1.661, 128.4
68.40, 1.660, 130.6
68.41, 1.659, 125.8
68.42, 1.658, 127.7
68.43, 1.657, 126.8
68.44, 1.656, 123.6
68.45, 1.655, 126.1
68.46, 1.654, 124.1
68.47, 1.653, 123.3
68.48, 1.652, 122.5
68.49, 1.651, 122.9
68.50, 1.650, 122.1
68.51, 1.649, 121.1
68.52, 1.648, 119.8
68.53, 1.647, 121.3
68.54, 1.646, 120.1
68.55, 1.645, 121.0
68.56, 1.644, 119.2
68.57, 1.643, 119.3
68.58, 1.642, 118.8
68.59, 1.641, 117.5
68.60, 1.640, 118.4
68.61, 1.639, 116.1
68.62, 1.638, 118.1
68.63, 1.637, 114.5
68.64, 1.636, 115.9
68.65, 1.635, 114.2
68.66, 1.634, 114.5
68.67, 1.633, 114.4
68.68, 1.632, 112.2
68.69, 1.631, 113.6
68.70, 1.630, 113.4
68.71, 1.629, 111.8
68.72, 1.628, 112.9
68.73, 1.627, 109.9
68.74, 1.626, 110.2
68.75, 1.625, 110.4
68.76, 1.624, 109.0
68.77, 1.623, 109.7
68.78, 1.622, 107.8
68.79, 1.621, 109.3
68.80, 1.620, 107.4
68.81, 1.619, 108.0
68.82, 1.618, 105.7
68.83, 1.617, 105.3
68.84, 1.616, 105.9
68.85, 1.615, 103.5
68.86, 1.614, 104.7
68.87, 1.613, 101.9
68.88, 1.612, 102.5
68.89, 1.611, 101.0
68.90, 1.610, 102.7
68.91, 1.609, 101.5
68.92, 1.608, 101.2
68.93, 1.607, 101.5
68.94, 1.606, 100.8
68.95, 1.605, 99.50
68.96, 1.604, 99.96
68.97, 1.603, 98.92
68.98, 1.602, 99.95
68.99, 1.601, 97.64
69.00, 1.600, 98.02
69.01, 1.599, 96.07
69.02, 1.598, 97.22
69.03, 1.597, 97.24
69.04, 1.596, 95.98
69.05, 1.595, 95.26
69.06, 1.594, 94.54
69.07, 1.593, 94.56
69.08, 1.592, 94.60
69.09, 1.591, 94.12
69.10, 1.590, 94.71
69.11, 1.589, 94.70
69.12, 1.588, 92.07
69.13, 1.587, 91.89
69.14, 1.586, 91.74
69.15, 1.585, 92.71
69.16, 1.584, 90.77
69.17, 1.583, 89.47
69.18, 1.582, 88.78
69.19, 1.581, 88.60
69.20, 1.580, 90.42
69.21, 1.579, 87.95
69.22, 1.578, 90.28
69.23, 1.577, 87.32
69.24, 1.576, 86.57
69.25, 1.575, 85.45
69.26, 1.574, 85.59
69.27, 1.573, 84.66
69.28, 1.572, 84.68
69.29, 1.571, 83.56
69.30, 1.570, 82.30
69.31, 1.569, 83.13
69.32, 1.568, 81.13
69.33, 1.567, 82.04
69.34, 1.566, 80.94
69.35, 1.565, 80.19
69.36, 1.564, 79.53
69.37, 1.563, 80.43
69.38, 1.562, 78.02
69.39, 1.561, 77.92
69.40, 1.560, 79.42
69.41, 1.559, 79.53
69.42, 1.558, 78.12
69.43, 1.557, 76.19
69.44, 1.556, 75.94
69.45, 1.555, 76.09
69.46, 1.554, 74.29
69.47, 1.553, 74.99
69.48, 1.552, 74.11
69.49, 1.551, 74.65
69.50, 1.550, 73.40
69.51, 1.549, 74.03
69.52, 1.548, 74.42
69.53, 1.547, 73.62
69.54, 1.546, 72.79
69.55, 1.545, 71.58
69.56, 1.544, 70.14
69.57, 1.543, 71.23
69.58, 1.542, 69.73
69.59, 1.541, 69.14
69.60, 1.540, 68.51
69.61, 1.539, 69.52
69.62, 1.538, 68.29
69.63, 1.537, 66.81
69.64, 1.536, 67.22
69.65, 1.535, 66.78
69.66, 1.534, 65.83
69.67, 1.533, 66.38
69.68, 1.532, 64.65
69.69, 1.531, 63.20
69.70, 1.530, 63.20
69.71, 1.529, 63.79
69.72, 1.528, 63.33
69.73, 1.527, 61.41
69.74, 1.526, 61.35
69.75, 1.525, 60.44
69.76, 1.524, 61.43
69.77, 1.523, 60.72
69.78, 1.522, 59.93
69.79, 1.521, 59.28
69.80, 1.520, 59.14
69.81, 1.519, 59.45
69.82, 1.518, 58.43
69.83, 1.517, 58.09
69.84, 1.516, 59.18
69.85, 1.515, 57.94
69.86, 1.514, 56.96
69.87, 1.513, 57.33
69.88, 1.512, 55.75
69.89, 1.511, 56.12
69.90, 1.510, 55.04
69.91, 1.509, 54.31
69.92, 1.508, 53.80
69.93, 1.507, 53.15
69.94, 1.506, 53.25
69.95, 1.505, 51.51
69.96, 1.504, 53.43
69.97, 1.503, 53.23
69.98, 1.502, 49.52
69.99, 1.501, 50.47
70.00, 1.500, 51.00
70.01, 1.499, 51.56
70.02, 1.498, 51.15
70.03, 1.497, 48.86
70.04, 1.496, 50.55
70.05, 1.495, 50.93
70.06, 1.494, 49.25
70.07, 1.493, 47.99
70.08, 1.492, 48.68
70.09, 1.491, 46.78
70.10, 1.490, 45.33
70.11, 1.489, 47.13
70.12, 1.488, 45.15
70.13, 1.487, 44.64
70.14, 1.486, 44.66
70.15, 1.485, 42.90
70.16, 1.484, 42.98
70.17, 1.483, 41.10
70.18, 1.482, 43.04
70.19, 1.481, 43.45
70.20, 1.480, 42.33
70.21, 1.479, 41.25
70.22, 1.478, 41.21
70.23, 1.477, 40.90
70.24, 1.476, 40.57
70.25, 1.475, 41.41
70.26, 1.474, 40.87
70.27, 1.473, 41.20
70.28, 1.472, 40.04
70.29, 1.471, 40.20
70.30, 1.470, 39.20
70.31, 1.469, 38.64
70.32, 1.468, 38.62
70.33, 1.467, 36.75
70.34, 1.466, 36.94
70.35, 1.465, 38.62
70.36, 1.464, 37.40
70.37, 1.463, 36.88
70.38, 1.462, 36.06
70.39, 1.461, 36.46
70.40, 1.460, 35.12
70.41, 1.459, 35.19
70.42, 1.458, 33.05
70.43, 1.457, 34.38
70.44, 1.456, 33.71
70.45, 1.455, 33.18
70.46, 1.454, 35.51
70.47, 1.453, 34.86
70.48, 1.452, 35.49
70.49, 1.451, 32.91
70.50, 1.450, 33.46
70.51, 1.449, 32.09
70.52, 1.448, 31.33
70.53, 1.447, 31.33
70.54, 1.446, 30.36
70.55, 1.445, 29.43
70.56, 1.444, 31.84
70.57, 1.443, 30.10
70.58, 1.442, 31.36
70.59, 1.441, 28.82
70.60, 1.440, 27.09
70.61, 1.439, 29.70
70.62, 1.438, 28.98
70.63, 1.437, 29.28
70.64, 1.436, 27.74
70.65, 1.435, 28.38
70.66, 1.434, 28.73
70.67, 1.433, 27.41
70.68, 1.432, 28.40
70.69, 1.431, 26.69
70.70, 1.430, 28.66
70.71, 1.429, 29.23
70.72, 1.428, 26.61
70.73, 1.427, 27.56
70.74, 1.426, 27.74
70.75, 1.425, 26.65
70.76, 1.424, 27.06
70.77, 1.423, 25.58
70.78, 1.422, 26.91
70.79, 1.421, 27.00
70.80, 1.420, 26.26
70.81, 1.419, 27.56
70.82, 1.418, 26.31
70.83, 1.417, 26.39
70.84, 1.416, 26.15
70.85, 1.415, 26.50
70.86, 1.414, 26.76
70.87, 1.413, 24.72
70.88, 1.412, 24.72
70.89, 1.411, 23.78
70.90, 1.410, 25.58
70.91, 1.409, 25.60
70.92, 1.408, 23.98
70.93, 1.407, 25.78
70.94, 1.406, 23.12
70.95, 1.405, 24.66
70.96, 1.404, 22.64
70.97, 1.403, 23.22
70.98, 1.402, 23.74
70.99, 1.401, 22.54
71.00, 1.400, 23.56
71.01, 1.399, 22.82
71.02, 1.398, 22.83
71.03, 1.397, 23.28
71.04, 1.396, 19.90
71.05, 1.395, 22.02
71.06, 1.394, 22.15
71.07, 1.393, 20.99
71.08, 1.392, 21.07
71.09, 1.391, 21.27
71.10, 1.390, 19.50
71.11, 1.389, 23.16
71.12, 1.388, 21.54
71.13, 1.387, 22.12
71.14, 1.386, 21.67
71.15, 1.385, 22.39
71.16, 1.384, 21.19
71.17, 1.383, 20.14
71.18, 1.382, 21.47
71.19, 1.381, 20.44
71.20, 1.380, 19.21
71.21, 1.379, 20.05
71.22, 1.378, 20.86
71.23, 1.377, 21.02
71.24, 1.376, 22.51
71.25, 1.375, 22.22
71.26, 1.374, 20.28
71.27, 1.373, 19.37
71.28, 1.372, 19.58
71.29, 1.371, 21.02
71.30, 1.370, 20.43
71.31, 1.369, 20.45
71.32, 1.368, 20.86
71.33, 1.367, 19.74
71.34, 1.366, 17.79
71.35, 1.365, 16.65
71.36, 1.364, 18.99
71.37, 1.363, 19.53
71.38, 1.362, 17.95
71.39, 1.361, 18.38
71.40, 1.360, 17.27
71.41, 1.359, 17.47
71.42, 1.358, 19.05
71.43, 1.357, 18.04
71.44, 1.356, 18.36
71.45, 1.355, 18.98
71.46, 1.354, 17.82
71.47, 1.353, 16.92
71.48, 1.352, 16.50
71.49, 1.351, 17.71
71.50, 1.350, 18.49
71.51, 1.349, 16.70
71.52, 1.348, 18.96
71.53, 1.347, 19.00
71.54, 1.346, 18.22
71.55, 1.345, 19.47
71.56, 1.344, 18.64
71.57, 1.343, 17.29
71.58, 1.342, 15.89
71.59, 1.341, 18.45
71.60, 1.340, 18.65
71.61, 1.339, 17.32
71.62, 1.338, 16.34
71.63, 1.337, 16.06
71.64, 1.336, 17.40
71.65, 1.335, 17.79
71.66, 1.334, 18.53
71.67, 1.333, 18.19
71.68, 1.332, 17.13
71.69, 1.331, 16.65
71.70, 1.330, 17.35
71.71, 1.329, 18.26
71.72, 1.328, 19.49
71.73, 1.327, 16.82
71.74, 1.326, 16.20
71.75, 1.325, 17.75
71.76, 1.324, 16.54
71.77, 1.323, 16.10
71.78, 1.322, 14.73
71.79, 1.321, 13.89
71.80, 1.320, 13.99
71.81, 1.319, 14.54
71.82, 1.318, 14.80
71.83, 1.317, 16.02
71.84, 1.316, 16.17
71.85, 1.315, 14.98
71.86, 1.314, 15.65
71.87, 1.313, 15.49
71.88, 1.312, 14.47
71.89, 1.311, 15.31
71.90, 1.310, 14.77
71.91, 1.309, 15.77
71.92, 1.308, 15.58
71.93, 1.307, 14.23
71.94, 1.306, 14.72
71.95, 1.305, 14.33
71.96, 1.304, 15.93
71.97, 1.303, 15.12
71.98, 1.302, 13.71
71.99, 1.301, 15.55
72.00, 1.300, 14.77
72.01, 1.299, 15.32
72.02, 1.298, 15.25
72.03, 1.297, 15.72
72.04, 1.296, 15.92
72.05, 1.295, 15.12
72.06, 1.294, 15.65
72.07, 1.293, 15.65
72.08, 1.292, 16.07
72.09, 1.291, 14.84
72.10, 1.290, 13.79
72.11, 1.289, 16.65
72.12, 1.288, 15.07
72.13, 1.287, 15.19
72.14, 1.286, 15.12
72.15, 1.285, 13.38
72.16, 1.284, 15.88
72.17, 1.283, 13.25
72.18, 1.282, 14.14
72.19, 1.281, 14.29
72.20, 1.280, 13.04
72.21, 1.279, 15.18
72.22, 1.278, 12.42
72.23, 1.277, 14.13
72.24, 1.276, 13.60
72.25, 1.275, 13.16
72.26, 1.274, 12.98
72.27, 1.273, 12.12
72.28, 1.272, 12.00
72.29, 1.271, 11.60
72.30, 1.270, 13.36
72.31, 1.269, 13.15
72.32, 1.268, 13.36
72.33, 1.267, 12.83
72.34, 1.266, 13.91
72.35, 1.265, 13.06
72.36, 1.264, 13.20
72.37, 1.263, 12.14
72.38, 1.262, 12.58
72.39, 1.261, 12.70
72.40, 1.260, 13.02
72.41, 1.259, 13.43
72.42, 1.258, 12.83
72.43, 1.257, 12.55
72.44, 1.256, 12.32
72.45, 1.255, 13.98
72.46, 1.254, 13.65
72.47, 1.253, 13.71
72.48, 1.252, 12.21
72.49, 1.251, 11.01
72.50, 1.250, 14.66
72.51, 1.249, 12.21
72.52, 1.248, 12.87
72.53, 1.247, 12.81
72.54, 1.246, 12.79
72.55, 1.245, 12.20
72.56, 1.244, 11.69
72.57, 1.243, 12.53
72.58, 1.242, 13.68
72.59, 1.241, 12.79
72.60, 1.240, 13.91
72.61, 1.239, 12.61
72.62, 1.238, 13.35
72.63, 1.237, 11.08
72.64, 1.236, 12.83
72.65, 1.235, 12.53
72.66, 1.234, 10.82
72.67, 1.233, 12.21
72.68, 1.232, 11.93
72.69, 1.231, 10.19
72.70, 1.230, 11.27
72.71, 1.229, 11.67
72.72, 1.228, 10.89
72.73, 1.227, 9.450
72.74, 1.226, 12.13
72.75, 1.225, 10.06
72.76, 1.224, 10.07
72.77, 1.223, 11.78
72.78, 1.222, 10.86
72.79, 1.221, 10.95
72.80, 1.220, 10.39
72.81, 1.219, 10.41
72.82, 1.218, 11.72
72.83, 1.217, 12.06
72.84, 1.216, 11.04
72.85, 1.215, 10.79
72.86, 1.214, 12.97
72.87, 1.213, 11.63
72.88, 1.212, 12.05
72.89, 1.211, 13.39
72.90, 1.210, 11.44
72.91, 1.209, 9.948
72.92, 1.208, 11.34
72.93, 1.207, 10.20
72.94, 1.206, 11.83
72.95, 1.205, 9.173
72.96, 1.204, 11.63
72.97, 1.203, 10.61
72.98, 1.202, 8.901
72.99, 1.201, 10.62
73.00, 1.200, 9.713
73.01, 1.199, 10.69
73.02, 1.198, 10.67
73.03, 1.197, 10.42
73.04, 1.196, 10.34
73.05, 1.195, 10.71
73.06, 1.194, 10.58
73.07, 1.193, 9.520
73.08, 1.192, 10.17
73.09, 1.191, 11.36
73.10, 1.190, 8.967
73.11, 1.189, 10.10
73.12, 1.188, 7.809
73.13, 1.187, 10.13
73.14, 1.186, 10.93
73.15, 1.185, 9.168
73.16, 1.184, 9.791
73.17, 1.183, 8.897
73.18, 1.182, 10.13
73.19, 1.181, 8.272
73.20, 1.180, 9.137
73.21, 1.179, 10.02
73.22, 1.178, 9.247
73.23, 1.177, 10.13
73.24, 1.176, 8.840
73.25, 1.175, 8.643
73.26, 1.174, 10.33
73.27, 1.173, 9.037
73.28, 1.172, 9.767
73.29, 1.171, 9.381
73.30, 1.170, 9.423
73.31, 1.169, 8.971
73.32, 1.168, 10.01
73.33, 1.167, 9.980
73.34, 1.166, 10.41
73.35, 1.165, 9.979
73.36, 1.164, 9.151
73.37, 1.163, 9.505
73.38, 1.162, 10.87
73.39, 1.161, 10.02
73.40, 1.160, 9.445
73.41, 1.159, 8.729
73.42, 1.158, 10.42
73.43, 1.157, 10.47
73.44, 1.156, 9.796
73.45, 1.155, 10.10
73.46, 1.154, 7.434
73.47, 1.153, 8.684
73.48, 1.152, 8.420
73.49, 1.151, 8.027
73.50, 1.150, 9.007
73.51, 1.149, 7.428
73.52, 1.148, 8.462
73.53, 1.147, 7.351
73.54, 1.146, 7.567
73.55, 1.145, 8.818
73.56, 1.144, 7.366
73.57, 1.143, 9.011
73.58, 1.142, 7.961
73.59, 1.141, 9.728
73.60, 1.140, 9.136
73.61, 1.139, 9.226
73.62, 1.138, 9.256
73.63, 1.137, 7.547
73.64, 1.136, 8.769
73.65, 1.135, 9.119
73.66, 1.134, 7.879
73.67, 1.133, 9.847
73.68, 1.132, 8.535
73.69, 1.131, 9.366
73.70, 1.130, 7.512
73.71, 1.129, 8.469
73.72, 1.128, 7.843
73.73, 1.127, 8.972
73.74, 1.126, 9.927
73.75, 1.125, 8.182
73.76, 1.124, 9.779
73.77, 1.123, 8.251
73.78, 1.122, 8.574
73.79, 1.121, 8.853
73.80, 1.120, 8.990
73.81, 1.119, 8.139
73.82, 1.118, 7.877
73.83, 1.117, 7.549
73.84, 1.116, 7.756
73.85, 1.115, 8.987
73.86, 1.114, 9.455
73.87, 1.113, 7.869
73.88, 1.112, 7.597
73.89, 1.111, 7.713
73.90, 1.110, 6.659
73.91, 1.109, 7.557
73.92, 1.108, 5.569
73.93, 1.107, 7.785
73.94, 1.106, 6.975
73.95, 1.105, 6.154
73.96, 1.104, 8.209
73.97, 1.103, 5.674
73.98, 1.102, 7.965
73.99, 1.101, 7.283
74.00, 1.100, 6.983
74.01, 1.099, 7.799
74.02, 1.098, 5.815
74.03, 1.097, 7.338
74.04, 1.096, 7.212
74.05, 1.095, 6.689
74.06, 1.094, 6.706
74.07, 1.093, 7.633
74.08, 1.092, 8.334
74.09, 1.091, 7.899
74.10, 1.090, 8.637
74.11, 1.089, 6.194
74.12, 1.088, 9.035
74.13, 1.087, 7.597
74.14, 1.086, 7.281
74.15, 1.085, 8.413
74.16, 1.084, 6.542
74.17, 1.083, 8.236
74.18, 1.082, 7.452
74.19, 1.081, 6.348
74.20, 1.080, 6.370
74.21, 1.079, 7.674
74.22, 1.078, 7.717
74.23, 1.077, 6.800
74.24, 1.076, 7.823
74.25, 1.075, 7.793
74.26, 1.074, 8.249
74.27, 1.073, 8.462
74.28, 1.072, 7.332
74.29, 1.071, 7.934
74.30, 1.070, 5.925
74.31, 1.069, 7.046
74.32, 1.068, 4.151
74.33, 1.067, 4.240
74.34, 1.066, 7.315
74.35, 1.065, 5.257
74.36, 1.064, 5.351
74.37, 1.063, 6.261
74.38, 1.062, 5.838
74.39, 1.061, 6.580
74.40, 1.060, 5.878
74.41, 1.059, 5.594
74.42, 1.058, 3.609
74.43, 1.057, 5.948
74.44, 1.056, 7.415
74.45, 1.055, 6.756
74.46, 1.054, 6.197
74.47, 1.053, 5.299
74.48, 1.052, 4.513
74.49, 1.051, 7.661
74.50, 1.050, 5.007
74.51, 1.049, 7.534
74.52, 1.048, 6.061
74.53, 1.047, 7.393
74.54, 1.046, 6.941
74.55, 1.045, 6.188
74.56, 1.044, 7.396
74.57, 1.043, 6.034
74.58, 1.042, 6.632
74.59, 1.041, 7.438
74.60, 1.040, 6.855
74.61, 1.039, 5.180
74.62, 1.038, 5.660
74.63, 1.037, 7.438
74.64, 1.036, 5.233
74.65, 1.035, 5.959
74.66, 1.034, 6.191
74.67, 1.033, 5.361
74.68, 1.032, 6.530
74.69, 1.031, 6.343
74.70, 1.030, 6.331
74.71, 1.029, 6.955
74.72, 1.028, 5.563
74.73, 1.027, 5.883
74.74, 1.026, 5.664
74.75, 1.025, 5.700
74.76, 1.024, 3.808
74.77, 1.023, 5.172
74.78, 1.022, 4.884
74.79, 1.021, 4.309
74.80, 1.020, 5.440
74.81, 1.019, 4.621
74.82, 1.018, 5.338
74.83, 1.017, 4.580
74.84, 1.016, 3.291
74.85, 1.015, 5.076
74.86, 1.014, 3.888
74.87, 1.013, 4.027
74.88, 1.012, 5.142
74.89, 1.011, 5.579
74.90, 1.010, 6.692
74.91, 1.009, 5.537
74.92, 1.008, 5.217
74.93, 1.007, 5.424
74.94, 1.006, 6.037
74.95, 1.005, 4.721
74.96, 1.004, 6.143
74.97, 1.003, 5.989
74.98, 1.002, 5.434
74.99, 1.001, 5.402
75.00, 1.000, 5.248
75.01, 0.9990, 5.039
75.02, 0.9980, 4.455
75.03, 0.9970, 4.957
75.04, 0.9960, 4.653
75.05, 0.9950, 5.350
75.06, 0.9940, 4.263
75.07, 0.9930, 6.613
75.08, 0.9920, 5.584
75.09, 0.9910, 4.789
75.10, 0.9900, 5.352
75.11, 0.9890, 5.863
75.12, 0.9880, 3.682
75.13, 0.9870, 6.321
75.14, 0.9860, 2.799
75.15, 0.9850, 4.431
75.16, 0.9840, 4.843
75.17, 0.9830, 4.489
75.18, 0.9820, 4.443
75.19, 0.9810, 3.921
75.20, 0.9800, 2.450
75.21, 0.9790, 4.936
75.22, 0.9780, 4.836
75.23, 0.9770, 4.993
75.24, 0.9760, 3.039
75.25, 0.9750, 1.968
75.26, 0.9740, 4.947
75.27, 0.9730, 4.221
75.28, 0.9720, 4.417
75.29, 0.9710, 3.956
75.30, 0.9700, 4.788
75.31, 0.9690, 5.495
75.32, 0.9680, 3.680
75.33, 0.9670, 1.895
75.34, 0.9660, 4.101
75.35, 0.9650, 3.941
75.36, 0.9640, 4.340
75.37, 0.9630, 5.427
75.38, 0.9620, 5.145
75.39, 0.9610, 3.549
75.40, 0.9600, 3.438
75.41, 0.9590, 4.902
75.42, 0.9580, 2.393
75.43, 0.9570, 3.927
75.44, 0.9560, 3.907
75.45, 0.9550, 4.611
75.46, 0.9540, 4.069
75.47, 0.9530, 3.574
75.48, 0.9520, 4.993
75.49, 0.9510, 3.030
75.50, 0.9500, 2.328
75.51, 0.9490, 4.986
75.52, 0.9480, 3.175
75.53, 0.9470, 5.028
75.54, 0.9460, 3.109
75.55, 0.9450, 3.624
75.56, 0.9440, 3.734
75.57, 0.9430, 3.477
75.58, 0.9420, 4.765
75.59, 0.9410, 2.327
75.60, 0.9400, 2.273
75.61, 0.9390, 3.296
75.62, 0.9380, 4.434
75.63, 0.9370, 4.633
75.64, 0.9360, 1.249
75.65, 0.9350, 2.736
75.66, 0.9340, 4.927
75.67, 0.9330, 2.074
75.68, 0.9320, 3.328
75.69, 0.9310, 3.841
75.70, 0.9300, 3.372
75.71, 0.9290, 4.294
75.72, 0.9280, 2.868
75.73, 0.9270, 3.802
75.74, 0.9260, 2.302
75.75, 0.9250, 2.905
75.76, 0.9240, 4.009
75.77, 0.9230, 2.382
75.78, 0.9220, 4.902
75.79, 0.9210, 4.938
75.80, 0.9200, 3.683
75.81, 0.9190, 4.437
75.82, 0.9180, 2.843
75.83, 0.9170, 4.449
75.84, 0.9160, 4.363
75.85, 0.9150, 4.416
75.86, 0.9140, 2.127
75.87, 0.9130, 3.217
75.88, 0.9120, 3.574
75.89, 0.9110, 3.707
75.90, 0.9100, 2.976
75.91, 0.9090, 2.612
75.92, 0.9080, 2.633
75.93, 0.9070, 4.375
75.94, 0.9060, 3.982
75.95, 0.9050, 3.910
75.96, 0.9040, 3.579
75.97, 0.9030, 3.142
75.98, 0.9020, 4.826
75.99, 0.9010, 2.603
76.00, 0.9000, 2.354
76.01, 0.8990, 2.008
76.02, 0.8980, 2.453
76.03, 0.8970, 2.764
76.04, 0.8960, 1.378
76.05, 0.8950, 2.001
76.06, 0.8940, 3.025
76.07, 0.8930, 0.5800
76.08, 0.8920, 2.960
76.09, 0.8910, -0.01393
76.10, 0.8900, 3.151
76.11, 0.8890, 2.739
76.12, 0.8880, 1.135
76.13, 0.8870, 3.274
76.14, 0.8860, 0.8579
76.15, 0.8850, 3.116
76.16, 0.8840, 1.489
76.17, 0.8830, 0.2110
76.18, 0.8820, 3.351
76.19, 0.8810, 2.487
76.20, 0.8800, 3.203
76.21, 0.8790, 3.091
76.22, 0.8780, 2.511
76.23, 0.8770, 0.2679
76.24, 0.8760, 2.017
76.25, 0.8750, 2.368
76.26, 0.8740, 3.206
76.27, 0.8730, 1.405
76.28, 0.8720, 1.664
76.29, 0.8710, 2.103
76.30, 0.8700, 3.614
76.31, 0.8690, 3.730
76.32, 0.8680, 1.088
76.33, 0.8670, 3.717
76.34, 0.8660, 2.862
76.35, 0.8650, 1.039
76.36, 0.8640, 2.501
76.37, 0.8630, 1.725
76.38, 0.8620, 3.147
76.39, 0.8610, 4.248
76.40, 0.8600, 0.1572
76.41, 0.8590, 1.173
76.42, 0.8580, 0.3620
76.43, 0.8570, 3.002
76.44, 0.8560, 2.677
76.45, 0.8550, -0.1461
76.46, 0.8540, 1.979
76.47, 0.8530, 1.293
76.48, 0.8520, 1.587
76.49, 0.8510, 2.293
76.50, 0.8500, 1.714
76.51, 0.8490, 0.2200
76.52, 0.8480, 1.094
76.53, 0.8470, 0.6953
76.54, 0.8460, 2.861
76.55, 0.8450, 2.642
76.56, 0.8440, 0.7164
76.57, 0.8430, 1.022
76.58, 0.8420, 0.4418
76.59, 0.8410, 0.2281
76.60, 0.8400, 0.7314
76.61, 0.8390, 2.691
76.62, 0.8380, 0.1477
76.63, 0.8370, 0.9314
76.64, 0.8360, 0.2831
76.65, 0.8350, 0.2963
76.66, 0.8340, -1.089
76.67, 0.8330, 0.8359
76.68, 0.8320, 0.1537
76.69, 0.8310, 1.233
76.70, 0.8300, 1.199
76.71, 0.8290, 1.787
76.72, 0.8280, 1.819
76.73, 0.8270, 0.4251
76.74, 0.8260, 2.525
76.75, 0.8250, 1.981
76.76, 0.8240, 1.395
76.77, 0.8230, 2.157
76.78, 0.8220, 1.340
76.79, 0.8210, 0.3860
76.80, 0.8200, 0.09038
76.81, 0.8190, -0.7656
76.82, 0.8180, 2.168
76.83, 0.8170, -0.4716
76.84, 0.8160, 0.7827
76.85, 0.8150, 0.2897
76.86, 0.8140, -0.8109
76.87, 0.8130, 0.7591
76.88, 0.8120, -0.2592
76.89, 0.8110, -0.5647
76.90, 0.8100, -1.375
76.91, 0.8090, -1.597
76.92, 0.8080, 0.03057
76.93, 0.8070, -0.1455
76.94, 0.8060, 0.5840
76.95, 0.8050, 1.531
76.96, 0.8040, -2.245
76.97, 0.8030, 0.6057
76.98, 0.8020, -1.157
76.99, 0.8010, 1.196
77.00, 0.8000, -1.268
77.01, 0.7990, 2.219
77.02, 0.7980, -0.4346
77.03, 0.7970, 2.128
77.04, 0.7960, 2.663
77.05, 0.7950, 0.4265
77.06, 0.7940, -1.942
77.07, 0.7930, -0.1240
77.08, 0.7920, 2.479
77.09, 0.7910, 2.413
77.10, 0.7900, 1.417
77.11, 0.7890, 0.9677
77.12, 0.7880, -1.819
77.13, 0.7870, 0.4433
77.14, 0.7860, 1.985
77.15, 0.7850, 1.506
77.16, 0.7840, 0.8491
77.17, 0.7830, 1.533
77.18, 0.7820, 0.4179
77.19, 0.7810, 1.954
77.20, 0.7800, 1.060
77.21, 0.7790, 1.846
77.22, 0.7780, -2.036
77.23, 0.7770, -1.828
77.24, 0.7760, -2.432
77.25, 0.7750, -2.147
77.26, 0.7740, 0.7598
77.27, 0.7730, -0.9951
77.28, 0.7720, -0.4080
77.29, 0.7710, -1.675
77.30, 0.7700, -2.609
77.31, 0.7690, -0.3777
77.32, 0.7680, -1.368
77.33, 0.7670, -0.4135
77.34, 0.7660, 0.9981
77.35, 0.7650, -0.4907
77.36, 0.7640, -1.428
77.37, 0.7630, -1.176
77.38, 0.7620, -0.3100
77.39, 0.7610, -0.01112
77.40, 0.7600, 0.1969
77.41, 0.7590, 1.296
77.42, 0.7580, -0.5295
77.43, 0.7570, -1.368
77.44, 0.7560, -0.08731
77.45, 0.7550, -0.6137
77.46, 0.7540, -1.925
77.47, 0.7530, -2.310
77.48, 0.7520, 1.715
77.49, 0.7510, -0.2026
77.50, 0.7500, 1.047
77.51, 0.7490, 1.421
77.52, 0.7480, -2.652
77.53, 0.7470, 0.8347
77.54, 0.7460, -1.170
77.55, 0.7450, 0.7952
77.56, 0.7440, 0.7373
77.57, 0.7430, -0.8308
77.58, 0.7420, 1.496
77.59, 0.7410, 0.7119
77.60, 0.7400, 0.4645
77.61, 0.7390, -0.8377
77.62, 0.7380, -0.1692
77.63, 0.7370, -0.8498
77.64, 0.7360, 0.2386
77.65, 0.7350, -1.028
77.66, 0.7340, -0.9545
77.67, 0.7330, -2.630
77.68, 0.7320, -1.483
77.69, 0.7310, -2.593
77.70, 0.7300, -0.7632
77.71, 0.7290, -3.026
77.72, 0.7280, -0.5576
77.73, 0.7270, -2.162
77.74, 0.7260, -1.633
77.75, 0.7250, -1.029
77.76, 0.7240, -1.965
77.77, 0.7230, -1.311
77.78, 0.7220, -1.689
77.79, 0.7210, -1.834
77.80, 0.7200, -1.076
77.81, 0.7190, -2.394
77.82, 0.7180, -0.5692
77.83, 0.7170, -0.6297
77.84, 0.7160, -1.430
77.85, 0.7150, -1.053
77.86, 0.7140, -0.2746
77.87, 0.7130, 0.01496
77.88, 0.7120, -3.386
77.89, 0.7110, 0.07604
77.90, 0.7100, -1.404
77.91, 0.7090, -1.351
77.92, 0.7080, -3.936
77.93, 0.7070, -1.488
77.94, 0.7060, -0.7025
77.95, 0.7050, -0.8143
77.96, 0.7040, -2.033
77.97, 0.7030, -0.9570
77.98, 0.7020, -1.608
77.99, 0.7010, -2.830
78.00, 0.7000, -2.250
78.01, 0.6990, -1.655
78.02, 0.6980, -2.933
78.03, 0.6970, -2.918
78.04, 0.6960, -1.351
78.05, 0.6950, 0.01366
78.06, 0.6940, 0.4410
78.07, 0.6930, -3.490
78.08, 0.6920, -1.738
78.09, 0.6910, -2.018
78.10, 0.6900, -1.860
78.11, 0.6890, -1.259
78.12, 0.6880, -2.743
78.13, 0.6870, -2.269
78.14, 0.6860, -2.762
78.15, 0.6850, -1.005
78.16, 0.6840, -3.496
78.17, 0.6830, -2.613
78.18, 0.6820, -3.434
78.19, 0.6810, -3.938
78.20, 0.6800, -2.157
78.21, 0.6790, -1.481
78.22, 0.6780, -3.655
78.23, 0.6770, -3.023
78.24, 0.6760, -3.877
78.25, 0.6750, -4.741
78.26, 0.6740, -2.435
78.27, 0.6730, -3.526
78.28, 0.6720, -1.806
78.29, 0.6710, -1.945
78.30, 0.6700, -3.457
78.31, 0.6690, -3.609
78.32, 0.6680, -2.199
78.33, 0.6670, -1.461
78.34, 0.6660, -1.656
78.35, 0.6650, -3.659
78.36, 0.6640, -2.515
78.37, 0.6630, -2.638
78.38, 0.6620, -1.568
78.39, 0.6610, -2.405
78.40, 0.6600, -0.3960
78.41, 0.6590, -3.207
78.42, 0.6580, -3.808
78.43, 0.6570, -1.226
78.44, 0.6560, -3.691
78.45, 0.6550, 0.2270
78.46, 0.6540, -0.2802
78.47, 0.6530, -1.468
78.48, 0.6520, -0.5702
78.49, 0.6510, -1.648
78.50, 0.6500, -1.256
78.51, 0.6490, -2.320
78.52, 0.6480, -3.517
78.53, 0.6470, -3.472
78.54, 0.6460, -5.640
78.55, 0.6450, -2.104
78.56, 0.6440, -3.318
78.57, 0.6430, -2.166
78.58, 0.6420, -2.384
78.59, 0.6410, -3.579
78.60, 0.6400, -4.071
78.61, 0.6390, -4.221
78.62, 0.6380, -3.221
78.63, 0.6370, -4.948
78.64, 0.6360, -3.817
78.65, 0.6350, -3.365
78.66, 0.6340, -3.299
78.67, 0.6330, -3.356
78.68, 0.6320, -4.424
78.69, 0.6310, -2.280
78.70, 0.6300, -3.643
78.71, 0.6290, -3.150
78.72, 0.6280, -1.167
78.73, 0.6270, -2.734
78.74, 0.6260, -3.874
78.75, 0.6250, -4.216
78.76, 0.6240, -3.522
78.77, 0.6230, -2.247
78.78, 0.6220, -4.302
78.79, 0.6210, -2.913
78.80, 0.6200, -2.789
78.81, 0.6190, -2.705
78.82, 0.6180, -4.723
78.83, 0.6170, -3.388
78.84, 0.6160, -2.579
78.85, 0.6150, -3.684
78.86, 0.6140, -4.736
78.87, 0.6130, -2.775
78.88, 0.6120, -2.243
78.89, 0.6110, -2.445
78.90, 0.6100, -2.117
78.91, 0.6090, -3.947
78.92, 0.6080, -3.191
78.93, 0.6070, -3.984
78.94, 0.6060, -2.341
78.95, 0.6050, -5.746
78.96, 0.6040, -5.313
78.97, 0.6030, -4.782
78.98, 0.6020, -5.632
78.99, 0.6010, -4.699
79.00, 0.6000, -5.076
79.01, 0.5990, -4.569
79.02, 0.5980, -2.774
79.03, 0.5970, -4.986
79.04, 0.5960, -4.610
79.05, 0.5950, -3.068
79.06, 0.5940, -2.735
79.07, 0.5930, -4.345
79.08, 0.5920, -6.469
79.09, 0.5910, -5.171
79.10, 0.5900, -4.115
79.11, 0.5890, -4.956
79.12, 0.5880, -3.952
79.13, 0.5870, -3.502
79.14, 0.5860, -4.721
79.15, 0.5850, -4.682
79.16, 0.5840, -3.717
79.17, 0.5830, -4.334
79.18, 0.5820, -4.229
79.19, 0.5810, -4.534
79.20, 0.5800, -2.857
79.21, 0.5790, -4.561
79.22, 0.5780, -4.934
79.23, 0.5770, -5.499
79.24, 0.5760, -3.396
79.25, 0.5750, -4.452
79.26, 0.5740, -3.534
79.27, 0.5730, -3.184
79.28, 0.5720, -3.921
79.29, 0.5710, -4.527
79.30, 0.5700, -3.768
79.31, 0.5690, -4.970
79.32, 0.5680, -5.107
79.33, 0.5670, -4.593
79.34, 0.5660, -5.639
79.35, 0.5650, -6.407
79.36, 0.5640, -6.517
79.37, 0.5630, -4.796
79.38, 0.5620, -5.471
79.39, 0.5610, -5.595
79.40, 0.5600, -5.399
79.41, 0.5590, -5.652
79.42, 0.5580, -5.844
79.43, 0.5570, -4.770
79.44, 0.5560, -5.981
79.45, 0.5550, -3.648
79.46, 0.5540, -4.505
79.47, 0.5530, -5.508
79.48, 0.5520, -6.743
79.49, 0.5510, -6.221
79.50, 0.5500, -4.756
79.51, 0.5490, -4.952
79.52, 0.5480, -5.879
79.53, 0.5470, -4.649
79.54, 0.5460, -5.182
79.55, 0.5450, -4.573
79.56, 0.5440, -6.374
79.57, 0.5430, -5.104
79.58, 0.5420, -3.674
79.59, 0.5410, -3.955
79.60, 0.5400, -4.704
79.61, 0.5390, -4.972
79.62, 0.5380, -7.181
79.63, 0.5370, -7.894
79.64, 0.5360, -5.718
79.65, 0.5350, -4.291
79.66, 0.5340, -4.671
79.67, 0.5330, -5.315
79.68, 0.5320, -4.395
79.69, 0.5310, -3.759
79.70, 0.5300, -4.312
79.71, 0.5290, -4.410
79.72, 0.5280, -5.182
79.73, 0.5270, -4.397
79.74, 0.5260, -4.531
79.75, 0.5250, -6.127
79.76, 0.5240, -4.740
79.77, 0.5230, -3.950
79.78, 0.5220, -5.426
79.79, 0.5210, -6.149
79.80, 0.5200, -5.166
79.81, 0.5190, -5.423
79.82, 0.5180, -5.864
79.83, 0.5170, -7.362
79.84, 0.5160, -7.032
79.85, 0.5150, -7.018
79.86, 0.5140, -6.866
79.87, 0.5130, -6.379
79.88, 0.5120, -6.328
79.89, 0.5110, -6.398
79.90, 0.5100, -5.194
79.91, 0.5090, -6.261
79.92, 0.5080, -7.258
79.93, 0.5070, -6.191
79.94, 0.5060, -4.708
79.95, 0.5050, -5.778
79.96, 0.5040, -4.384
79.97, 0.5030, -5.244
79.98, 0.5020, -5.393
79.99, 0.5010, -6.216
80.00, 0.5000, -4.938
80.01, 0.4990, -6.190
80.02, 0.4980, -7.371
80.03, 0.4970, -4.873
80.04, 0.4960, -7.192
80.05, 0.4950, -5.589
80.06, 0.4940, -5.962
80.07, 0.4930, -5.438
80.08, 0.4920, -5.968
80.09, 0.4910, -5.440
80.10, 0.4900, -7.701
80.11, 0.4890, -5.402
80.12, 0.4880, -6.453
80.13, 0.4870, -4.822
80.14, 0.4860, -5.651
80.15, 0.4850, -5.493
80.16, 0.4840, -4.599
80.17, 0.4830, -6.411
80.18, 0.4820, -6.785
80.19, 0.4810, -7.210
80.20, 0.4800, -6.647
80.21, 0.4790, -6.369
80.22, 0.4780, -7.573
80.23, 0.4770, -6.102
80.24, 0.4760, -7.745
80.25, 0.4750, -6.740
80.26, 0.4740, -5.498
80.27, 0.4730, -6.350
80.28, 0.4720, -6.737
80.29, 0.4710, -7.047
80.30, 0.4700, -6.292
80.31, 0.4690, -5.056
80.32, 0.4680, -6.819
80.33, 0.4670, -7.400
80.34, 0.4660, -7.072
80.35, 0.4650, -7.680
80.36, 0.4640, -5.238
80.37, 0.4630, -7.041
80.38, 0.4620, -7.343
80.39, 0.4610, -5.477
80.40, 0.4600, -7.160
80.41, 0.4590, -5.229
80.42, 0.4580, -6.469
80.43, 0.4570, -8.294
80.44, 0.4560, -6.280
80.45, 0.4550, -7.626
80.46, 0.4540, -6.569
80.47, 0.4530, -6.461
80.48, 0.4520, -6.706
80.49, 0.4510, -5.514
80.50, 0.4500, -7.539
80.51, 0.4490, -6.365
80.52, 0.4480, -6.614
80.53, 0.4470, -7.093
80.54, 0.4460, -6.533
80.55, 0.4450, -6.675
80.56, 0.4440, -5.217
80.57, 0.4430, -6.459
80.58, 0.4420, -6.840
80.59, 0.4410, -5.864
80.60, 0.4400, -6.748
80.61, 0.4390, -7.834
80.62, 0.4380, -6.127
80.63, 0.4370, -7.043
80.64, 0.4360, -8.016
80.65, 0.4350, -8.832
80.66, 0.4340, -7.431
80.67, 0.4330, -6.633
80.68, 0.4320, -8.444
80.69, 0.4310, -6.988
80.70, 0.4300, -8.503
80.71, 0.4290, -8.229
80.72, 0.4280, -7.856
80.73, 0.4270, -6.702
80.74, 0.4260, -7.331
80.75, 0.4250, -7.265
80.76, 0.4240, -7.704
80.77, 0.4230, -7.898
80.78, 0.4220, -7.047
80.79, 0.4210, -8.752
80.80, 0.4200, -6.476
80.81, 0.4190, -9.789
80.82, 0.4180, -6.590
80.83, 0.4170, -6.425
80.84, 0.4160, -6.075
80.85, 0.4150, -7.415
80.86, 0.4140, -7.622
80.87, 0.4130, -7.297
80.88, 0.4120, -7.743
80.89, 0.4110, -7.900
80.90, 0.4100, -7.553
80.91, 0.4090, -7.508
80.92, 0.4080, -7.428
80.93, 0.4070, -6.334
80.94, 0.4060, -8.639
80.95, 0.4050, -6.228
80.96, 0.4040, -7.190
80.97, 0.4030, -7.252
80.98, 0.4020, -7.461
80.99, 0.4010, -6.704
81.00, 0.4000, -9.248
81.01, 0.3990, -6.519
81.02, 0.3980, -6.581
81.03, 0.3970, -7.708
81.04, 0.3960, -7.776
81.05, 0.3950, -8.668
81.06, 0.3940, -8.063
81.07, 0.3930, -10.14
81.08, 0.3920, -8.544
81.09, 0.3910, -8.599
81.10, 0.3900, -8.993
81.11, 0.3890, -8.322
81.12, 0.3880, -8.356
81.13, 0.3870, -7.444
81.14, 0.3860, -8.903
81.15, 0.3850, -7.025
81.16, 0.3840, -8.641
81.17, 0.3830, -7.652
81.18, 0.3820, -7.455
81.19, 0.3810, -8.938
81.20, 0.3800, -6.851
81.21, 0.3790, -8.007
81.22, 0.3780, -10.77
81.23, 0.3770, -8.014
81.24, 0.3760, -11.34
81.25, 0.3750, -9.246
81.26, 0.3740, -7.002
81.27, 0.3730, -8.014
81.28, 0.3720, -10.49
81.29, 0.3710, -9.383
81.30, 0.3700, -8.881
81.31, 0.3690, -7.633
81.32, 0.3680, -8.916
81.33, 0.3670, -7.512
81.34, 0.3660, -8.872
81.35, 0.3650, -8.179
81.36, 0.3640, -8.172
81.37, 0.3630, -9.084
81.38, 0.3620, -9.042
81.39, 0.3610, -8.274
81.40, 0.3600, -8.550
81.41, 0.3590, -7.507
81.42, 0.3580, -9.140
81.43, 0.3570, -8.990
81.44, 0.3560, -8.444
81.45, 0.3550, -10.21
81.46, 0.3540, -8.888
81.47, 0.3530, -9.170
81.48, 0.3520, -9.691
81.49, 0.3510, -8.999
81.50, 0.3500, -10.33
81.51, 0.3490, -9.453
81.52, 0.3480, -9.243
81.53, 0.3470, -11.02
81.54, 0.3460, -9.305
81.55, 0.3450, -9.351
81.56, 0.3440, -8.585
81.57, 0.3430, -9.809
81.58, 0.3420, -10.65
81.59, 0.3410, -9.100
81.60, 0.3400, -8.501
81.61, 0.3390, -10.42
81.62, 0.3380, -8.085
81.63, 0.3370, -9.095
81.64, 0.3360, -8.923
81.65, 0.3350, -7.565
81.66, 0.3340, -8.755
81.67, 0.3330, -8.556
81.68, 0.3320, -8.293
81.69, 0.3310, -8.377
81.70, 0.3300, -8.502
81.71, 0.3290, -9.766
81.72, 0.3280, -8.887
81.73, 0.3270, -9.691
81.74, 0.3260, -11.02
81.75, 0.3250, -10.26
81.76, 0.3240, -10.29
81.77, 0.3230, -9.005
81.78, 0.3220, -8.847
81.79, 0.3210, -8.770
81.80, 0.3200, -9.227
81.81, 0.3190, -9.625
81.82, 0.3180, -10.22
81.83, 0.3170, -8.634
81.84, 0.3160, -8.881
81.85, 0.3150, -9.675
81.86, 0.3140, -9.464
81.87, 0.3130, -9.975
81.88, 0.3120, -8.814
81.89, 0.3110, -11.23
81.90, 0.3100, -8.507
81.91, 0.3090, -11.18
81.92, 0.3080, -9.838
81.93, 0.3070, -10.63
81.94, 0.3060, -10.53
81.95, 0.3050, -8.973
81.96, 0.3040, -10.63
81.97, 0.3030, -9.028
81.98, 0.3020, -10.21
81.99, 0.3010, -9.989
82.00, 0.3000, -9.095
82.01, 0.2990, -9.371
82.02, 0.2980, -9.151
82.03, 0.2970, -11.44
82.04, 0.2960, -9.570
82.05, 0.2950, -8.817
82.06, 0.2940, -9.864
82.07, 0.2930, -10.34
82.08, 0.2920, -11.31
82.09, 0.2910, -9.502
82.10, 0.2900, -8.644
82.11, 0.2890, -10.82
82.12, 0.2880, -10.86
82.13, 0.2870, -8.444
82.14, 0.2860, -9.644
82.15, 0.2850, -9.148
82.16, 0.2840, -8.397
82.17, 0.2830, -9.431
82.18, 0.2820, -11.05
82.19, 0.2810, -10.11
82.20, 0.2800, -9.517
82.21, 0.2790, -9.056
82.22, 0.2780, -9.545
82.23, 0.2770, -8.111
82.24, 0.2760, -11.67
82.25, 0.2750, -9.281
82.26, 0.2740, -9.359
82.27, 0.2730, -9.898
82.28, 0.2720, -9.869
82.29, 0.2710, -10.07
82.30, 0.2700, -9.222
82.31, 0.2690, -9.264
82.32, 0.2680, -10.10
82.33, 0.2670, -10.49
82.34, 0.2660, -10.87
82.35, 0.2650, -10.49
82.36, 0.2640, -10.50
82.37, 0.2630, -11.16
82.38, 0.2620, -9.420
82.39, 0.2610, -11.77
82.40, 0.2600, -11.53
82.41, 0.2590, -10.54
82.42, 0.2580, -10.58
82.43, 0.2570, -9.892
82.44, 0.2560, -11.17
82.45, 0.2550, -12.68
82.46, 0.2540, -11.35
82.47, 0.2530, -10.12
82.48, 0.2520, -10.20
82.49, 0.2510, -10.31
82.50, 0.2500, -9.705
82.51, 0.2490, -12.10
82.52, 0.2480, -10.48
82.53, 0.2470, -10.09
82.54, 0.2460, -9.550
82.55, 0.2450, -10.84
82.56, 0.2440, -9.151
82.57, 0.2430, -10.07
82.58, 0.2420, -10.82
82.59, 0.2410, -10.31
82.60, 0.2400, -9.795
82.61, 0.2390, -11.08
82.62, 0.2380, -10.75
82.63, 0.2370, -8.898
82.64, 0.2360, -10.59
82.65, 0.2350, -12.08
82.66, 0.2340, -9.222
82.67, 0.2330, -9.613
82.68, 0.2320, -9.565
82.69, 0.2310, -10.61
82.70, 0.2300, -10.82
82.71, 0.2290, -11.84
82.72, 0.2280, -10.80
82.73, 0.2270, -11.59
82.74, 0.2260, -12.22
82.75, 0.2250, -10.44
82.76, 0.2240, -10.95
82.77, 0.2230, -10.59
82.78, 0.2220, -11.20
82.79, 0.2210, -12.47
82.80, 0.2200, -12.97
82.81, 0.2190, -11.47
82.82, 0.2180, -10.90
82.83, 0.2170, -10.87
82.84, 0.2160, -10.93
82.85, 0.2150, -11.40
82.86, 0.2140, -12.26
82.87, 0.2130, -11.25
82.88, 0.2120, -11.27
82.89, 0.2110, -11.99
82.90, 0.2100, -12.42
82.91, 0.2090, -9.999
82.92, 0.2080, -11.68
82.93, 0.2070, -10.47
82.94, 0.2060, -11.09
82.95, 0.2050, -11.18
82.96, 0.2040, -11.37
82.97, 0.2030, -12.13
82.98, 0.2020, -12.09
82.99, 0.2010, -11.92
83.00, 0.2000, -11.02
83.01, 0.1990, -11.45
83.02, 0.1980, -11.01
83.03, 0.1970, -11.02
83.04, 0.1960, -11.36
83.05, 0.1950, -12.29
83.06, 0.1940, -12.08
83.07, 0.1930, -11.89
83.08, 0.1920, -11.29
83.09, 0.1910, -12.32
83.10, 0.1900, -12.34
83.11, 0.1890, -10.87
83.12, 0.1880, -10.25
83.13, 0.1870, -12.23
83.14, 0.1860, -11.04
83.15, 0.1850, -12.23
83.16, 0.1840, -11.92
83.17, 0.1830, -12.21
83.18, 0.1820, -12.72
83.19, 0.1810, -12.19
83.20, 0.1800, -12.98
83.21, 0.1790, -12.21
83.22, 0.1780, -13.07
83.23, 0.1770, -12.21
83.24, 0.1760, -11.87
83.25, 0.1750, -13.99
83.26, 0.1740, -12.92
83.27, 0.1730, -12.55
83.28, 0.1720, -12.33
83.29, 0.1710, -10.60
83.30, 0.1700, -12.09
83.31, 0.1690, -11.45
83.32, 0.1680, -12.90
83.33, 0.1670, -11.98
83.34, 0.1660, -14.20
83.35, 0.1650, -13.07
83.36, 0.1640, -11.37
83.37, 0.1630, -12.20
83.38, 0.1620, -11.98
83.39, 0.1610, -13.49
83.40, 0.1600, -12.44
83.41, 0.1590, -14.47
83.42, 0.1580, -13.60
83.43, 0.1570, -11.77
83.44, 0.1560, -11.70
83.45, 0.1550, -10.87
83.46, 0.1540, -12.46
83.47, 0.1530, -14.53
83.48, 0.1520, -12.22
83.49, 0.1510, -12.43
83.50, 0.1500, -10.61
83.51, 0.1490, -13.83
83.52, 0.1480, -11.68
83.53, 0.1470, -11.15
83.54, 0.1460, -12.71
83.55, 0.1450, -12.17
83.56, 0.1440, -13.72
83.57, 0.1430, -13.41
83.58, 0.1420, -12.04
83.59, 0.1410, -12.77
83.60, 0.1400, -12.16
83.61, 0.1390, -13.41
83.62, 0.1380, -13.13
83.63, 0.1370, -13.14
83.64, 0.1360, -13.53
83.65, 0.1350, -13.02
83.66, 0.1340, -14.38
83.67, 0.1330, -13.48
83.68, 0.1320, -11.53
83.69, 0.1310, -12.71
83.70, 0.1300, -12.25
83.71, 0.1290, -14.64
83.72, 0.1280, -12.80
83.73, 0.1270, -13.70
83.74, 0.1260, -14.15
83.75, 0.1250, -13.09
83.76, 0.1240, -13.71
83.77, 0.1230, -12.33
83.78, 0.1220, -13.52
83.79, 0.1210, -13.62
83.80, 0.1200, -12.88
83.81, 0.1190, -13.99
83.82, 0.1180, -13.00
83.83, 0.1170, -13.04
83.84, 0.1160, -13.46
83.85, 0.1150, -14.67
83.86, 0.1140, -12.90
83.87, 0.1130, -13.69
83.88, 0.1120, -15.25
83.89, 0.1110, -13.77
83.90, 0.1100, -13.47
83.91, 0.1090, -15.38
83.92, 0.1080, -13.27
83.93, 0.1070, -12.40
83.94, 0.1060, -13.18
83.95, 0.1050, -13.29
83.96, 0.1040, -15.90
83.97, 0.1030, -14.51
83.98, 0.1020, -12.78
83.99, 0.1010, -14.82
84.00, 0.1000, -15.84
84.01, 0.09900, -16.31
84.02, 0.09800, -15.34
84.03, 0.09700, -14.40
84.04, 0.09600, -15.22
84.05, 0.09500, -14.00
84.06, 0.09400, -14.16
84.07, 0.09300, -15.19
84.08, 0.09200, -15.31
84.09, 0.09100, -14.76
84.10, 0.09000, -15.24
84.11, 0.08900, -16.49
84.12, 0.08800, -14.28
84.13, 0.08700, -14.31
84.14, 0.08600, -15.08
84.15, 0.08500, -15.34
84.16, 0.08400, -14.51
84.17, 0.08300, -13.42
84.18, 0.08200, -14.43
84.19, 0.08100, -14.69
84.20, 0.08000, -14.82
84.21, 0.07900, -14.52
84.22, 0.07800, -14.51
84.23, 0.07700, -14.43
84.24, 0.07600, -14.37
84.25, 0.07500, -13.94
84.26, 0.07400, -13.65
84.27, 0.07300, -14.41
84.28, 0.07200, -14.66
84.29, 0.07100, -14.50
84.30, 0.07000, -14.82
84.31, 0.06900, -14.30
84.32, 0.06800, -16.37
84.33, 0.06700, -15.13
84.34, 0.06600, -17.09
84.35, 0.06500, -16.77
84.36, 0.06400, -15.72
84.37, 0.06300, -16.26
84.38, 0.06200, -13.88
84.39, 0.06100, -14.28
84.40, 0.06000, -17.49
84.41, 0.05900, -14.20
84.42, 0.05800, -14.61
84.43, 0.05700, -16.05
84.44, 0.05600, -15.27
84.45, 0.05500, -15.26
84.46, 0.05400, -15.33
84.47, 0.05300, -15.77
84.48, 0.05200, -15.60
84.49, 0.05100, -15.26
84.50, 0.05000, -16.21
84.51, 0.04900, -16.52
84.52, 0.04800, -16.18
84.53, 0.04700, -15.34
84.54, 0.04600, -16.83
84.55, 0.04500, -15.68
84.56, 0.04400, -17.67
84.57, 0.04300, -16.35
84.58, 0.04200, -15.20
84.59, 0.04100, -15.28
84.60, 0.04000, -15.01
84.61, 0.03900, -16.77
84.62, 0.03800, -16.31
84.63, 0.03700, -15.56
84.64, 0.03600, -15.70
84.65, 0.03500, -14.69
84.66, 0.03400, -17.68
84.67, 0.03300, -15.93
84.68, 0.03200, -16.09
84.69, 0.03100, -15.02
84.70, 0.03000, -15.47
84.71, 0.02900, -16.47
84.72, 0.02800, -16.66
84.73, 0.02700, -17.07
84.74, 0.02600, -16.65
84.75, 0.02500, -16.34
84.76, 0.02400, -16.14
84.77, 0.02300, -16.22
84.78, 0.02200, -14.92
84.79, 0.02100, -16.73
84.80, 0.02000, -15.72
84.81, 0.01900, -15.87
84.82, 0.01800, -15.93
84.83, 0.01700, -15.40
84.84, 0.01600, -16.95
84.85, 0.01500, -17.89
84.86, 0.01400, -15.62
84.87, 0.01300, -16.38
84.88, 0.01200, -15.26
84.89, 0.01100, -16.56
84.90, 0.01000, -16.58
84.91, 0.009000, -16.88
84.92, 0.008000, -18.20
84.93, 0.007000, -16.46
84.94, 0.006000, -17.86
84.95, 0.005000, -16.19
84.96, 0.004000, -15.51
84.97, 0.003000, -16.87
84.98, 0.002000, -16.37
84.99, 0.001000, -16.12
85.00, 0.000, -14.36
