0.01000, -0.8000, -19.84
0.02000, -0.8000, -16.39
0.03000, -0.8000, -15.00
0.04000, -0.8000, -13.55
0.05000, -0.8000, -13.15
0.06000, -0.8000, -12.95
0.07000, -0.8000, -11.41
0.08000, -0.8000, -11.75
0.09000, -0.8000, -11.25
0.1000, -0.8000, -11.40
0.1100, -0.8000, -11.06
0.1200, -0.8000, -9.764
0.1300, -0.8000, -10.36
0.1400, -0.8000, -10.42
0.1500, -0.8000, -9.707
0.1600, -0.8000, -9.924
0.1700, -0.8000, -9.859
0.1800, -0.8000, -9.585
0.1900, -0.8000, -9.819
0.2000, -0.8000, -7.857
0.2100, -0.8000, -9.395
0.2200, -0.8000, -9.079
0.2300, -0.8000, -10.09
0.2400, -0.8000, -10.44
0.2500, -0.8000, -8.871
0.2600, -0.8000, -9.433
0.2700, -0.8000, -8.257
0.2800, -0.8000, -8.752
0.2900, -0.8000, -9.095
0.3000, -0.8000, -8.552
0.3100, -0.8000, -9.115
0.3200, -0.8000, -9.118
0.3300, -0.8000, -9.315
0.3400, -0.8000, -8.823
0.3500, -0.8000, -8.378
0.3600, -0.8000, -8.448
0.3700, -0.8000, -9.139
0.3800, -0.8000, -9.153
0.3900, -0.8000, -8.347
0.4000, -0.8000, -8.717
0.4100, -0.8000, -7.762
0.4200, -0.8000, -8.650
0.4300, -0.8000, -8.723
0.4400, -0.8000, -8.488
0.4500, -0.8000, -8.842
0.4600, -0.8000, -9.117
0.4700, -0.8000, -8.115
0.4800, -0.8000, -8.353
0.4900, -0.8000, -8.811
0.5000, -0.8000, -8.615
0.5100, -0.8000, -8.004
0.5200, -0.8000, -8.042
0.5300, -0.8000, -8.404
0.5400, -0.8000, -8.067
0.5500, -0.8000, -8.741
0.5600, -0.8000, -8.675
0.5700, -0.8000, -7.966
0.5800, -0.8000, -8.727
0.5900, -0.8000, -7.408
0.6000, -0.8000, -8.047
0.6100, -0.8000, -7.741
0.6200, -0.8000, -8.375
0.6300, -0.8000, -8.508
0.6400, -0.8000, -8.904
0.6500, -0.8000, -8.636
0.6600, -0.8000, -8.307
0.6700, -0.8000, -7.820
0.6800, -0.8000, -8.853
0.6900, -0.8000, -8.408
0.7000, -0.8000, -8.195
0.7100, -0.8000, -8.581
0.7200, -0.8000, -8.961
0.7300, -0.8000, -7.889
0.7400, -0.8000, -8.514
0.7500, -0.8000, -8.936
0.7600, -0.8000, -9.030
0.7700, -0.8000, -7.937
0.7800, -0.8000, -9.009
0.7900, -0.8000, -8.345
0.8000, -0.8000, -8.026
0.8100, -0.8000, -7.583
0.8200, -0.8000, -8.268
0.8300, -0.8000, -8.955
0.8400, -0.8000, -8.172
0.8500, -0.8000, -8.493
0.8600, -0.8000, -8.324
0.8700, -0.8000, -7.179
0.8800, -0.8000, -8.214
0.8900, -0.8000, -7.907
0.9000, -0.8000, -7.801
0.9100, -0.8000, -8.714
0.9200, -0.8000, -8.503
0.9300, -0.8000, -7.361
0.9400, -0.8000, -7.338
0.9500, -0.8000, -8.539
0.9600, -0.8000, -9.588
0.9700, -0.8000, -8.259
0.9800, -0.8000, -8.552
0.9900, -0.8000, -6.918
1.000, -0.8000, -7.771
1.010, -0.8000, -7.666
1.020, -0.8000, -7.138
1.030, -0.8000, -8.693
1.040, -0.8000, -7.319
1.050, -0.8000, -7.081
1.060, -0.8000, -8.660
1.070, -0.8000, -8.212
1.080, -0.8000, -7.097
1.090, -0.8000, -8.009
1.100, -0.8000, -7.367
1.110, -0.8000, -8.500
1.120, -0.8000, -7.793
1.130, -0.8000, -7.602
1.140, -0.8000, -8.499
1.150, -0.8000, -7.757
1.160, -0.8000, -8.566
1.170, -0.8000, -8.305
1.180, -0.8000, -8.244
1.190, -0.8000, -8.314
1.200, -0.8000, -8.425
1.210, -0.8000, -7.787
1.220, -0.8000, -7.960
1.230, -0.8000, -7.575
1.240, -0.8000, -7.564
1.250, -0.8000, -7.382
1.260, -0.8000, -7.778
1.270, -0.8000, -8.087
1.280, -0.8000, -7.535
1.290, -0.8000, -8.304
1.300, -0.8000, -7.682
1.310, -0.8000, -7.935
1.320, -0.8000, -8.111
1.330, -0.8000, -8.108
1.340, -0.8000, -7.179
1.350, -0.8000, -8.159
1.360, -0.8000, -6.837
1.370, -0.8000, -8.487
1.380, -0.8000, -7.356
1.390, -0.8000, -7.605
1.400, -0.8000, -7.186
1.410, -0.8000, -7.915
1.420, -0.8000, -8.143
1.430, -0.8000, -7.287
1.440, -0.8000, -8.255
1.450, -0.8000, -8.140
1.460, -0.8000, -7.954
1.470, -0.8000, -9.604
1.480, -0.8000, -7.889
1.490, -0.8000, -7.027
1.500, -0.8000, -8.428
1.510, -0.8000, -8.223
1.520, -0.8000, -8.037
1.530, -0.8000, -7.314
1.540, -0.8000, -8.093
1.550, -0.8000, -9.148
1.560, -0.8000, -7.726
1.570, -0.8000, -7.872
1.580, -0.8000, -7.833
1.590, -0.8000, -7.134
1.600, -0.8000, -8.257
1.610, -0.8000, -8.666
1.620, -0.8000, -8.036
1.630, -0.8000, -7.759
1.640, -0.8000, -8.083
1.650, -0.8000, -8.163
1.660, -0.8000, -7.393
1.670, -0.8000, -7.820
1.680, -0.8000, -8.040
1.690, -0.8000, -8.168
1.700, -0.8000, -7.820
1.710, -0.8000, -7.865
1.720, -0.8000, -8.903
1.730, -0.8000, -8.349
1.740, -0.8000, -7.843
1.750, -0.8000, -8.120
1.760, -0.8000, -8.213
1.770, -0.8000, -8.050
1.780, -0.8000, -7.250
1.790, -0.8000, -7.710
1.800, -0.8000, -8.077
1.810, -0.8000, -8.648
1.820, -0.8000, -6.548
1.830, -0.8000, -8.105
1.840, -0.8000, -8.195
1.850, -0.8000, -7.608
1.860, -0.8000, -7.472
1.870, -0.8000, -6.963
1.880, -0.8000, -8.386
1.890, -0.8000, -7.297
1.900, -0.8000, -7.458
1.910, -0.8000, -8.085
1.920, -0.8000, -8.299
1.930, -0.8000, -7.431
1.940, -0.8000, -8.210
1.950, -0.8000, -6.197
1.960, -0.8000, -7.422
1.970, -0.8000, -7.316
1.980, -0.8000, -8.512
1.990, -0.8000, -7.961
2.000, -0.8000, -7.611
2.010, -0.8000, -7.254
2.020, -0.8000, -8.198
2.030, -0.8000, -7.417
2.040, -0.8000, -8.268
2.050, -0.8000, -6.872
2.060, -0.8000, -7.590
2.070, -0.8000, -8.247
2.080, -0.8000, -6.572
2.090, -0.8000, -8.074
2.100, -0.8000, -7.201
2.110, -0.8000, -6.684
2.120, -0.8000, -7.254
2.130, -0.8000, -8.226
2.140, -0.8000, -7.454
2.150, -0.8000, -8.425
2.160, -0.8000, -8.388
2.170, -0.8000, -7.042
2.180, -0.8000, -8.508
2.190, -0.8000, -7.907
2.200, -0.8000, -7.976
2.210, -0.8000, -8.489
2.220, -0.8000, -6.765
2.230, -0.8000, -8.080
2.240, -0.8000, -7.036
2.250, -0.8000, -8.710
2.260, -0.8000, -8.126
2.270, -0.8000, -7.848
2.280, -0.8000, -8.017
2.290, -0.8000, -7.729
2.300, -0.8000, -6.480
2.310, -0.8000, -8.117
2.320, -0.8000, -6.635
2.330, -0.8000, -8.169
2.340, -0.8000, -7.298
2.350, -0.8000, -8.098
2.360, -0.8000, -7.656
2.370, -0.8000, -7.391
2.380, -0.8000, -8.537
2.390, -0.8000, -7.736
2.400, -0.8000, -7.827
2.410, -0.8000, -7.461
2.420, -0.8000, -7.455
2.430, -0.8000, -7.253
2.440, -0.8000, -7.700
2.450, -0.8000, -8.346
2.460, -0.8000, -8.063
2.470, -0.8000, -7.837
2.480, -0.8000, -7.218
2.490, -0.8000, -7.443
2.500, -0.8000, -7.422
2.510, -0.8000, -6.934
2.520, -0.8000, -8.122
2.530, -0.8000, -7.165
2.540, -0.8000, -8.082
2.550, -0.8000, -6.939
2.560, -0.8000, -8.007
2.570, -0.8000, -7.508
2.580, -0.8000, -8.192
2.590, -0.8000, -7.015
2.600, -0.8000, -7.344
2.610, -0.8000, -7.581
2.620, -0.8000, -6.746
2.630, -0.8000, -6.988
2.640, -0.8000, -8.003
2.650, -0.8000, -7.987
2.660, -0.8000, -8.367
2.670, -0.8000, -7.752
2.680, -0.8000, -7.759
2.690, -0.8000, -8.042
2.700, -0.8000, -7.275
2.710, -0.8000, -7.403
2.720, -0.8000, -8.204
2.730, -0.8000, -8.189
2.740, -0.8000, -8.119
2.750, -0.8000, -8.432
2.760, -0.8000, -7.912
2.770, -0.8000, -7.614
2.780, -0.8000, -7.435
2.790, -0.8000, -8.398
2.800, -0.8000, -7.656
2.810, -0.8000, -7.120
2.820, -0.8000, -7.908
2.830, -0.8000, -7.542
2.840, -0.8000, -8.390
2.850, -0.8000, -7.291
2.860, -0.8000, -7.591
2.870, -0.8000, -7.099
2.880, -0.8000, -7.463
2.890, -0.8000, -6.475
2.900, -0.8000, -7.496
2.910, -0.8000, -8.099
2.920, -0.8000, -6.719
2.930, -0.8000, -7.252
2.940, -0.8000, -7.317
2.950, -0.8000, -7.664
2.960, -0.8000, -6.804
2.970, -0.8000, -7.880
2.980, -0.8000, -8.345
2.990, -0.8000, -9.281
3.000, -0.8000, -7.265
3.010, -0.8000, -8.287
3.020, -0.8000, -7.009
3.030, -0.8000, -7.394
3.040, -0.8000, -6.951
3.050, -0.8000, -8.077
3.060, -0.8000, -7.693
3.070, -0.8000, -7.725
3.080, -0.8000, -6.954
3.090, -0.8000, -8.220
3.100, -0.8000, -8.083
3.110, -0.8000, -6.773
3.120, -0.8000, -7.424
3.130, -0.8000, -7.257
3.140, -0.8000, -8.216
3.150, -0.8000, -6.011
3.160, -0.8000, -7.119
3.170, -0.8000, -7.684
3.180, -0.8000, -8.278
3.190, -0.8000, -6.199
3.200, -0.8000, -8.420
3.210, -0.8000, -6.789
3.220, -0.8000, -7.909
3.230, -0.8000, -6.924
3.240, -0.8000, -7.844
3.250, -0.8000, -7.346
3.260, -0.8000, -7.294
3.270, -0.8000, -6.349
3.280, -0.8000, -7.596
3.290, -0.8000, -8.497
3.300, -0.8000, -7.481
3.310, -0.8000, -7.704
3.320, -0.8000, -7.821
3.330, -0.8000, -7.304
3.340, -0.8000, -9.285
3.350, -0.8000, -7.816
3.360, -0.8000, -7.474
3.370, -0.8000, -7.229
3.380, -0.8000, -7.448
3.390, -0.8000, -7.776
3.400, -0.8000, -8.329
3.410, -0.8000, -7.789
3.420, -0.8000, -6.949
3.430, -0.8000, -7.221
3.440, -0.8000, -7.614
3.450, -0.8000, -7.410
3.460, -0.8000, -8.248
3.470, -0.8000, -7.210
3.480, -0.8000, -7.797
3.490, -0.8000, -7.635
3.500, -0.8000, -8.935
3.510, -0.8000, -6.636
3.520, -0.8000, -7.307
3.530, -0.8000, -7.991
3.540, -0.8000, -8.290
3.550, -0.8000, -8.294
3.560, -0.8000, -6.110
3.570, -0.8000, -7.074
3.580, -0.8000, -7.481
3.590, -0.8000, -7.624
3.600, -0.8000, -7.184
3.610, -0.8000, -7.397
3.620, -0.8000, -8.111
3.630, -0.8000, -6.145
3.640, -0.8000, -8.060
3.650, -0.8000, -7.353
3.660, -0.8000, -8.265
3.670, -0.8000, -7.984
3.680, -0.8000, -9.285
3.690, -0.8000, -6.633
3.700, -0.8000, -7.503
3.710, -0.8000, -7.619
3.720, -0.8000, -6.745
3.730, -0.8000, -7.382
3.740, -0.8000, -7.971
3.750, -0.8000, -7.306
3.760, -0.8000, -6.498
3.770, -0.8000, -8.657
3.780, -0.8000, -7.074
3.790, -0.8000, -6.956
3.800, -0.8000, -8.671
3.810, -0.8000, -7.701
3.820, -0.8000, -7.571
3.830, -0.8000, -8.070
3.840, -0.8000, -6.735
3.850, -0.8000, -6.002
3.860, -0.8000, -7.511
3.870, -0.8000, -7.436
3.880, -0.8000, -7.118
3.890, -0.8000, -7.680
3.900, -0.8000, -7.798
3.910, -0.8000, -9.173
3.920, -0.8000, -6.161
3.930, -0.8000, -7.455
3.940, -0.8000, -7.233
3.950, -0.8000, -7.699
3.960, -0.8000, -7.369
3.970, -0.8000, -7.886
3.980, -0.8000, -6.734
3.990, -0.8000, -7.864
4.000, -0.8000, -7.310
4.010, -0.8000, -8.473
4.020, -0.8000, -7.847
4.030, -0.8000, -7.547
4.040, -0.8000, -7.307
4.050, -0.8000, -7.198
4.060, -0.8000, -6.642
4.070, -0.8000, -7.883
4.080, -0.8000, -7.647
4.090, -0.8000, -7.752
4.100, -0.8000, -7.268
4.110, -0.8000, -7.318
4.120, -0.8000, -7.356
4.130, -0.8000, -7.122
4.140, -0.8000, -7.373
4.150, -0.8000, -7.735
4.160, -0.8000, -7.205
4.170, -0.8000, -7.479
4.180, -0.8000, -8.001
4.190, -0.8000, -7.749
4.200, -0.8000, -8.102
4.210, -0.8000, -7.679
4.220, -0.8000, -6.185
4.230, -0.8000, -6.789
4.240, -0.8000, -7.090
4.250, -0.8000, -7.175
4.260, -0.8000, -7.435
4.270, -0.8000, -8.012
4.280, -0.8000, -6.969
4.290, -0.8000, -6.685
4.300, -0.8000, -7.560
4.310, -0.8000, -7.452
4.320, -0.8000, -6.815
4.330, -0.8000, -7.895
4.340, -0.8000, -7.394
4.350, -0.8000, -7.661
4.360, -0.8000, -8.584
4.370, -0.8000, -8.446
4.380, -0.8000, -9.105
4.390, -0.8000, -7.949
4.400, -0.8000, -7.660
4.410, -0.8000, -7.789
4.420, -0.8000, -7.491
4.430, -0.8000, -8.318
4.440, -0.8000, -6.933
4.450, -0.8000, -7.498
4.460, -0.8000, -7.580
4.470, -0.8000, -9.000
4.480, -0.8000, -7.355
4.490, -0.8000, -8.060
4.500, -0.8000, -7.766
4.510, -0.8000, -8.335
4.520, -0.8000, -7.784
4.530, -0.8000, -8.113
4.540, -0.8000, -7.202
4.550, -0.8000, -7.571
4.560, -0.8000, -7.692
4.570, -0.8000, -7.863
4.580, -0.8000, -8.060
4.590, -0.8000, -7.109
4.600, -0.8000, -8.531
4.610, -0.8000, -7.538
4.620, -0.8000, -7.957
4.630, -0.8000, -7.820
4.640, -0.8000, -7.826
4.650, -0.8000, -7.852
4.660, -0.8000, -7.339
4.670, -0.8000, -7.505
4.680, -0.8000, -8.306
4.690, -0.8000, -7.406
4.700, -0.8000, -7.124
4.710, -0.8000, -8.195
4.720, -0.8000, -7.392
4.730, -0.8000, -6.381
4.740, -0.8000, -7.253
4.750, -0.8000, -7.297
4.760, -0.8000, -7.183
4.770, -0.8000, -7.609
4.780, -0.8000, -7.205
4.790, -0.8000, -7.247
4.800, -0.8000, -7.114
4.810, -0.8000, -7.227
4.820, -0.8000, -8.169
4.830, -0.8000, -6.431
4.840, -0.8000, -7.620
4.850, -0.8000, -8.347
4.860, -0.8000, -8.282
4.870, -0.8000, -8.343
4.880, -0.8000, -7.706
4.890, -0.8000, -8.333
4.900, -0.8000, -7.388
4.910, -0.8000, -7.716
4.920, -0.8000, -8.081
4.930, -0.8000, -7.369
4.940, -0.8000, -7.958
4.950, -0.8000, -6.906
4.960, -0.8000, -8.022
4.970, -0.8000, -7.906
4.980, -0.8000, -6.774
4.990, -0.8000, -8.224
5.000, -0.8000, -7.621
5.010, -0.8000, -8.372
5.020, -0.8000, -7.356
5.030, -0.8000, -7.002
5.040, -0.8000, -7.472
5.050, -0.8000, -6.907
5.060, -0.8000, -9.502
5.070, -0.8000, -6.230
5.080, -0.8000, -7.810
5.090, -0.8000, -7.179
5.100, -0.8000, -7.548
5.110, -0.8000, -8.107
5.120, -0.8000, -7.345
5.130, -0.8000, -7.178
5.140, -0.8000, -7.233
5.150, -0.8000, -8.086
5.160, -0.8000, -6.647
5.170, -0.8000, -7.220
5.180, -0.8000, -6.961
5.190, -0.8000, -7.994
5.200, -0.8000, -7.515
5.210, -0.8000, -8.162
5.220, -0.8000, -7.060
5.230, -0.8000, -7.887
5.240, -0.8000, -6.750
5.250, -0.8000, -7.710
5.260, -0.8000, -5.993
5.270, -0.8000, -7.746
5.280, -0.8000, -7.123
5.290, -0.8000, -6.697
5.300, -0.8000, -7.088
5.310, -0.8000, -7.152
5.320, -0.8000, -7.302
5.330, -0.8000, -7.630
5.340, -0.8000, -6.669
5.350, -0.8000, -7.564
5.360, -0.8000, -8.076
5.370, -0.8000, -6.716
5.380, -0.8000, -6.328
5.390, -0.8000, -6.476
5.400, -0.8000, -6.500
5.410, -0.8000, -8.350
5.420, -0.8000, -7.537
5.430, -0.8000, -8.144
5.440, -0.8000, -7.296
5.450, -0.8000, -6.295
5.460, -0.8000, -7.495
5.470, -0.8000, -7.280
5.480, -0.8000, -6.910
5.490, -0.8000, -8.056
5.500, -0.8000, -8.713
5.510, -0.8000, -7.865
5.520, -0.8000, -7.247
5.530, -0.8000, -6.891
5.540, -0.8000, -7.573
5.550, -0.8000, -7.872
5.560, -0.8000, -7.165
5.570, -0.8000, -7.423
5.580, -0.8000, -7.262
5.590, -0.8000, -7.114
5.600, -0.8000, -8.151
5.610, -0.8000, -7.588
5.620, -0.8000, -7.255
5.630, -0.8000, -8.658
5.640, -0.8000, -6.992
5.650, -0.8000, -7.089
5.660, -0.8000, -6.057
5.670, -0.8000, -7.045
5.680, -0.8000, -7.912
5.690, -0.8000, -8.644
5.700, -0.8000, -6.642
5.710, -0.8000, -8.139
5.720, -0.8000, -6.040
5.730, -0.8000, -7.201
5.740, -0.8000, -6.908
5.750, -0.8000, -7.339
5.760, -0.8000, -6.180
5.770, -0.8000, -7.392
5.780, -0.8000, -8.420
5.790, -0.8000, -6.766
5.800, -0.8000, -6.327
5.810, -0.8000, -7.938
5.820, -0.8000, -10.01
5.830, -0.8000, -8.394
5.840, -0.8000, -8.471
5.850, -0.8000, -8.662
5.860, -0.8000, -6.965
5.870, -0.8000, -6.889
5.880, -0.8000, -7.703
5.890, -0.8000, -7.726
5.900, -0.8000, -9.010
5.910, -0.8000, -7.911
5.920, -0.8000, -7.292
5.930, -0.8000, -7.213
5.940, -0.8000, -7.292
5.950, -0.8000, -8.290
5.960, -0.8000, -7.659
5.970, -0.8000, -6.908
5.980, -0.8000, -7.559
5.990, -0.8000, -6.877
6.000, -0.8000, -7.226
6.010, -0.8000, -6.358
6.020, -0.8000, -6.637
6.030, -0.8000, -6.511
6.040, -0.8000, -7.107
6.050, -0.8000, -7.968
6.060, -0.8000, -6.425
6.070, -0.8000, -8.307
6.080, -0.8000, -7.516
6.090, -0.8000, -7.606
6.100, -0.8000, -7.585
6.110, -0.8000, -8.137
6.120, -0.8000, -7.372
6.130, -0.8000, -7.018
6.140, -0.8000, -7.416
6.150, -0.8000, -7.494
6.160, -0.8000, -7.955
6.170, -0.8000, -8.623
6.180, -0.8000, -6.462
6.190, -0.8000, -6.185
6.200, -0.8000, -7.994
6.210, -0.8000, -8.142
6.220, -0.8000, -6.762
6.230, -0.8000, -6.846
6.240, -0.8000, -6.975
6.250, -0.8000, -6.913
6.260, -0.8000, -7.917
6.270, -0.8000, -7.302
6.280, -0.8000, -8.193
6.290, -0.8000, -8.558
6.300, -0.8000, -6.755
6.310, -0.8000, -7.818
6.320, -0.8000, -7.019
6.330, -0.8000, -7.582
6.340, -0.8000, -8.164
6.350, -0.8000, -7.358
6.360, -0.8000, -8.148
6.370, -0.8000, -7.267
6.380, -0.8000, -8.433
6.390, -0.8000, -8.435
6.400, -0.8000, -6.907
6.410, -0.8000, -6.627
6.420, -0.8000, -6.940
6.430, -0.8000, -7.385
6.440, -0.8000, -7.660
6.450, -0.8000, -7.056
6.460, -0.8000, -8.072
6.470, -0.8000, -7.609
6.480, -0.8000, -6.328
6.490, -0.8000, -8.174
6.500, -0.8000, -9.289
6.510, -0.8000, -7.311
6.520, -0.8000, -6.914
6.530, -0.8000, -7.628
6.540, -0.8000, -7.354
6.550, -0.8000, -7.646
6.560, -0.8000, -7.984
6.570, -0.8000, -7.617
6.580, -0.8000, -8.474
6.590, -0.8000, -7.876
6.600, -0.8000, -7.973
6.610, -0.8000, -6.668
6.620, -0.8000, -6.489
6.630, -0.8000, -8.095
6.640, -0.8000, -7.050
6.650, -0.8000, -6.806
6.660, -0.8000, -7.792
6.670, -0.8000, -7.635
6.680, -0.8000, -9.001
6.690, -0.8000, -7.879
6.700, -0.8000, -6.383
6.710, -0.8000, -6.558
6.720, -0.8000, -7.187
6.730, -0.8000, -7.247
6.740, -0.8000, -7.711
6.750, -0.8000, -7.081
6.760, -0.8000, -6.931
6.770, -0.8000, -7.530
6.780, -0.8000, -7.782
6.790, -0.8000, -7.163
6.800, -0.8000, -7.125
6.810, -0.8000, -7.851
6.820, -0.8000, -7.081
6.830, -0.8000, -8.631
6.840, -0.8000, -7.854
6.850, -0.8000, -7.463
6.860, -0.8000, -6.941
6.870, -0.8000, -8.316
6.880, -0.8000, -7.978
6.890, -0.8000, -7.456
6.900, -0.8000, -6.859
6.910, -0.8000, -8.308
6.920, -0.8000, -8.114
6.930, -0.8000, -7.675
6.940, -0.8000, -8.006
6.950, -0.8000, -7.063
6.960, -0.8000, -7.002
6.970, -0.8000, -7.433
6.980, -0.8000, -7.607
6.990, -0.8000, -6.920
7.000, -0.8000, -8.547
7.010, -0.8000, -6.858
7.020, -0.8000, -7.530
7.030, -0.8000, -6.905
7.040, -0.8000, -7.570
7.050, -0.8000, -7.151
7.060, -0.8000, -7.179
7.070, -0.8000, -7.558
7.080, -0.8000, -7.394
7.090, -0.8000, -6.803
7.100, -0.8000, -7.399
7.110, -0.8000, -7.448
7.120, -0.8000, -7.716
7.130, -0.8000, -8.152
7.140, -0.8000, -7.605
7.150, -0.8000, -7.585
7.160, -0.8000, -6.382
7.170, -0.8000, -7.334
7.180, -0.8000, -7.546
7.190, -0.8000, -7.273
7.200, -0.8000, -7.651
7.210, -0.8000, -6.746
7.220, -0.8000, -7.669
7.230, -0.8000, -7.222
7.240, -0.8000, -6.025
7.250, -0.8000, -7.833
7.260, -0.8000, -6.951
7.270, -0.8000, -6.756
7.280, -0.8000, -8.657
7.290, -0.8000, -7.372
7.300, -0.8000, -7.354
7.310, -0.8000, -7.754
7.320, -0.8000, -7.227
7.330, -0.8000, -7.595
7.340, -0.8000, -6.606
7.350, -0.8000, -8.364
7.360, -0.8000, -7.557
7.370, -0.8000, -7.043
7.380, -0.8000, -8.010
7.390, -0.8000, -6.513
7.400, -0.8000, -7.751
7.410, -0.8000, -7.883
7.420, -0.8000, -6.147
7.430, -0.8000, -8.189
7.440, -0.8000, -7.428
7.450, -0.8000, -7.200
7.460, -0.8000, -7.462
7.470, -0.8000, -8.133
7.480, -0.8000, -7.068
7.490, -0.8000, -7.654
7.500, -0.8000, -8.202
7.510, -0.8000, -7.154
7.520, -0.8000, -5.676
7.530, -0.8000, -7.910
7.540, -0.8000, -7.883
7.550, -0.8000, -7.261
7.560, -0.8000, -7.776
7.570, -0.8000, -7.641
7.580, -0.8000, -7.065
7.590, -0.8000, -7.568
7.600, -0.8000, -8.356
7.610, -0.8000, -6.876
7.620, -0.8000, -8.830
7.630, -0.8000, -6.208
7.640, -0.8000, -6.698
7.650, -0.8000, -8.439
7.660, -0.8000, -6.962
7.670, -0.8000, -7.426
7.680, -0.8000, -6.741
7.690, -0.8000, -7.804
7.700, -0.8000, -8.259
7.710, -0.8000, -6.906
7.720, -0.8000, -7.728
7.730, -0.8000, -6.643
7.740, -0.8000, -7.522
7.750, -0.8000, -7.618
7.760, -0.8000, -7.455
7.770, -0.8000, -7.548
7.780, -0.8000, -8.069
7.790, -0.8000, -7.242
7.800, -0.8000, -7.821
7.810, -0.8000, -7.487
7.820, -0.8000, -6.989
7.830, -0.8000, -7.634
7.840, -0.8000, -6.824
7.850, -0.8000, -8.066
7.860, -0.8000, -6.573
7.870, -0.8000, -7.511
7.880, -0.8000, -7.725
7.890, -0.8000, -6.828
7.900, -0.8000, -7.757
7.910, -0.8000, -8.446
7.920, -0.8000, -7.262
7.930, -0.8000, -7.325
7.940, -0.8000, -7.979
7.950, -0.8000, -7.912
7.960, -0.8000, -7.255
7.970, -0.8000, -7.182
7.980, -0.8000, -7.398
7.990, -0.8000, -6.040
8.000, -0.8000, -7.490
8.010, -0.8000, -7.199
8.020, -0.8000, -6.666
8.030, -0.8000, -6.529
8.040, -0.8000, -8.620
8.050, -0.8000, -6.615
8.060, -0.8000, -6.792
8.070, -0.8000, -7.543
8.080, -0.8000, -8.376
8.090, -0.8000, -7.012
8.100, -0.8000, -8.237
8.110, -0.8000, -6.658
8.120, -0.8000, -7.057
8.130, -0.8000, -8.406
8.140, -0.8000, -7.446
8.150, -0.8000, -7.948
8.160, -0.8000, -7.737
8.170, -0.8000, -7.020
8.180, -0.8000, -7.684
8.190, -0.8000, -7.716
8.200, -0.8000, -8.958
8.210, -0.8000, -7.642
8.220, -0.8000, -8.587
8.230, -0.8000, -6.594
8.240, -0.8000, -7.085
8.250, -0.8000, -7.911
8.260, -0.8000, -6.413
8.270, -0.8000, -7.412
8.280, -0.8000, -7.119
8.290, -0.8000, -7.453
8.300, -0.8000, -7.464
8.310, -0.8000, -6.083
8.320, -0.8000, -7.400
8.330, -0.8000, -7.268
8.340, -0.8000, -7.359
8.350, -0.8000, -7.370
8.360, -0.8000, -7.276
8.370, -0.8000, -7.484
8.380, -0.8000, -6.741
8.390, -0.8000, -7.610
8.400, -0.8000, -7.066
8.410, -0.8000, -6.352
8.420, -0.8000, -7.972
8.430, -0.8000, -6.910
8.440, -0.8000, -6.788
8.450, -0.8000, -6.845
8.460, -0.8000, -6.913
8.470, -0.8000, -7.612
8.480, -0.8000, -6.945
8.490, -0.8000, -7.412
8.500, -0.8000, -7.118
8.510, -0.8000, -7.367
8.520, -0.8000, -6.799
8.530, -0.8000, -8.455
8.540, -0.8000, -7.027
8.550, -0.8000, -7.445
8.560, -0.8000, -6.659
8.570, -0.8000, -7.394
8.580, -0.8000, -8.291
8.590, -0.8000, -8.503
8.600, -0.8000, -6.962
8.610, -0.8000, -7.709
8.620, -0.8000, -6.721
8.630, -0.8000, -7.122
8.640, -0.8000, -6.993
8.650, -0.8000, -7.255
8.660, -0.8000, -7.895
8.670, -0.8000, -8.346
8.680, -0.8000, -7.962
8.690, -0.8000, -6.924
8.700, -0.8000, -7.423
8.710, -0.8000, -7.621
8.720, -0.8000, -7.288
8.730, -0.8000, -7.810
8.740, -0.8000, -8.231
8.750, -0.8000, -6.873
8.760, -0.8000, -8.075
8.770, -0.8000, -8.362
8.780, -0.8000, -6.338
8.790, -0.8000, -7.233
8.800, -0.8000, -7.133
8.810, -0.8000, -7.753
8.820, -0.8000, -7.360
8.830, -0.8000, -7.811
8.840, -0.8000, -6.281
8.850, -0.8000, -8.576
8.860, -0.8000, -7.918
8.870, -0.8000, -6.196
8.880, -0.8000, -6.925
8.890, -0.8000, -7.137
8.900, -0.8000, -8.511
8.910, -0.8000, -5.998
8.920, -0.8000, -7.162
8.930, -0.8000, -7.621
8.940, -0.8000, -7.863
8.950, -0.8000, -8.153
8.960, -0.8000, -6.308
8.970, -0.8000, -6.819
8.980, -0.8000, -7.533
8.990, -0.8000, -7.063
9.000, -0.8000, -7.776
9.010, -0.8000, -7.564
9.020, -0.8000, -6.956
9.030, -0.8000, -7.787
9.040, -0.8000, -6.831
9.050, -0.8000, -8.149
9.060, -0.8000, -7.264
9.070, -0.8000, -7.787
9.080, -0.8000, -7.060
9.090, -0.8000, -6.959
9.100, -0.8000, -6.875
9.110, -0.8000, -7.142
9.120, -0.8000, -7.322
9.130, -0.8000, -8.117
9.140, -0.8000, -8.297
9.150, -0.8000, -7.400
9.160, -0.8000, -7.162
9.170, -0.8000, -6.768
9.180, -0.8000, -6.900
9.190, -0.8000, -7.547
9.200, -0.8000, -7.331
9.210, -0.8000, -7.322
9.220, -0.8000, -8.295
9.230, -0.8000, -7.609
9.240, -0.8000, -6.999
9.250, -0.8000, -7.755
9.260, -0.8000, -6.395
9.270, -0.8000, -7.751
9.280, -0.8000, -8.124
9.290, -0.8000, -6.415
9.300, -0.8000, -8.104
9.310, -0.8000, -7.088
9.320, -0.8000, -7.088
9.330, -0.8000, -7.877
9.340, -0.8000, -7.575
9.350, -0.8000, -7.172
9.360, -0.8000, -7.600
9.370, -0.8000, -7.751
9.380, -0.8000, -6.798
9.390, -0.8000, -6.985
9.400, -0.8000, -7.344
9.410, -0.8000, -7.369
9.420, -0.8000, -8.345
9.430, -0.8000, -7.128
9.440, -0.8000, -6.643
9.450, -0.8000, -8.378
9.460, -0.8000, -6.656
9.470, -0.8000, -8.244
9.480, -0.8000, -6.964
9.490, -0.8000, -7.662
9.500, -0.8000, -6.907
9.510, -0.8000, -7.809
9.520, -0.8000, -7.075
9.530, -0.8000, -7.512
9.540, -0.8000, -8.250
9.550, -0.8000, -7.626
9.560, -0.8000, -6.864
9.570, -0.8000, -5.722
9.580, -0.8000, -7.326
9.590, -0.8000, -7.689
9.600, -0.8000, -6.369
9.610, -0.8000, -7.738
9.620, -0.8000, -6.179
9.630, -0.8000, -6.926
9.640, -0.8000, -6.872
9.650, -0.8000, -6.268
9.660, -0.8000, -7.015
9.670, -0.8000, -7.215
9.680, -0.8000, -6.667
9.690, -0.8000, -6.945
9.700, -0.8000, -7.363
9.710, -0.8000, -7.903
9.720, -0.8000, -6.875
9.730, -0.8000, -8.240
9.740, -0.8000, -7.555
9.750, -0.8000, -6.283
9.760, -0.8000, -7.481
9.770, -0.8000, -7.200
9.780, -0.8000, -7.511
9.790, -0.8000, -7.455
9.800, -0.8000, -7.934
9.810, -0.8000, -6.546
9.820, -0.8000, -7.976
9.830, -0.8000, -7.723
9.840, -0.8000, -7.154
9.850, -0.8000, -8.259
9.860, -0.8000, -7.299
9.870, -0.8000, -7.796
9.880, -0.8000, -6.937
9.890, -0.8000, -7.239
9.900, -0.8000, -6.948
9.910, -0.8000, -6.933
9.920, -0.8000, -7.226
9.930, -0.8000, -6.894
9.940, -0.8000, -7.387
9.950, -0.8000, -7.021
9.960, -0.8000, -7.527
9.970, -0.8000, -6.812
9.980, -0.8000, -7.033
9.990, -0.8000, -7.293
10.00, -0.8000, -7.132
10.01, -0.8000, -7.735
10.02, -0.8000, -7.303
10.03, -0.8000, -7.189
10.04, -0.8000, -7.829
10.05, -0.8000, -7.225
10.06, -0.8000, -8.063
10.07, -0.8000, -6.563
10.08, -0.8000, -6.291
10.09, -0.8000, -7.535
10.10, -0.8000, -7.203
10.11, -0.8000, -8.069
10.12, -0.8000, -5.955
10.13, -0.8000, -6.548
10.14, -0.8000, -7.279
10.15, -0.8000, -6.685
10.16, -0.8000, -7.810
10.17, -0.8000, -6.932
10.18, -0.8000, -8.375
10.19, -0.8000, -7.549
10.20, -0.8000, -7.012
10.21, -0.8000, -7.811
10.22, -0.8000, -7.194
10.23, -0.8000, -7.596
10.24, -0.8000, -7.185
10.25, -0.8000, -8.417
10.26, -0.8000, -6.734
10.27, -0.8000, -6.631
10.28, -0.8000, -7.642
10.29, -0.8000, -5.963
10.30, -0.8000, -7.509
10.31, -0.8000, -7.756
10.32, -0.8000, -8.020
10.33, -0.8000, -5.842
10.34, -0.8000, -7.199
10.35, -0.8000, -6.746
10.36, -0.8000, -7.292
10.37, -0.8000, -6.139
10.38, -0.8000, -7.731
10.39, -0.8000, -7.507
10.40, -0.8000, -8.173
10.41, -0.8000, -7.354
10.42, -0.8000, -7.125
10.43, -0.8000, -7.883
10.44, -0.8000, -7.094
10.45, -0.8000, -7.389
10.46, -0.8000, -6.575
10.47, -0.8000, -7.109
10.48, -0.8000, -7.781
10.49, -0.8000, -7.145
10.50, -0.8000, -8.567
10.51, -0.8000, -7.277
10.52, -0.8000, -7.739
10.53, -0.8000, -6.898
10.54, -0.8000, -7.229
10.55, -0.8000, -7.800
10.56, -0.8000, -7.397
10.57, -0.8000, -7.221
10.58, -0.8000, -7.295
10.59, -0.8000, -7.087
10.60, -0.8000, -7.707
10.61, -0.8000, -6.592
10.62, -0.8000, -7.367
10.63, -0.8000, -7.212
10.64, -0.8000, -8.405
10.65, -0.8000, -6.276
10.66, -0.8000, -7.594
10.67, -0.8000, -8.609
10.68, -0.8000, -6.927
10.69, -0.8000, -7.853
10.70, -0.8000, -6.723
10.71, -0.8000, -6.904
10.72, -0.8000, -7.815
10.73, -0.8000, -7.158
10.74, -0.8000, -7.911
10.75, -0.8000, -6.923
10.76, -0.8000, -7.186
10.77, -0.8000, -7.238
10.78, -0.8000, -7.963
10.79, -0.8000, -7.701
10.80, -0.8000, -6.575
10.81, -0.8000, -6.615
10.82, -0.8000, -7.399
10.83, -0.8000, -7.522
10.84, -0.8000, -7.618
10.85, -0.8000, -7.045
10.86, -0.8000, -7.907
10.87, -0.8000, -7.234
10.88, -0.8000, -6.837
10.89, -0.8000, -7.739
10.90, -0.8000, -7.342
10.91, -0.8000, -6.952
10.92, -0.8000, -7.827
10.93, -0.8000, -7.576
10.94, -0.8000, -7.597
10.95, -0.8000, -8.080
10.96, -0.8000, -6.705
10.97, -0.8000, -6.851
10.98, -0.8000, -6.896
10.99, -0.8000, -7.575
11.00, -0.8000, -6.165
11.01, -0.8000, -7.132
11.02, -0.8000, -7.522
11.03, -0.8000, -6.847
11.04, -0.8000, -8.915
11.05, -0.8000, -6.688
11.06, -0.8000, -7.344
11.07, -0.8000, -8.081
11.08, -0.8000, -7.424
11.09, -0.8000, -6.890
11.10, -0.8000, -7.099
11.11, -0.8000, -7.070
11.12, -0.8000, -6.675
11.13, -0.8000, -6.595
11.14, -0.8000, -8.428
11.15, -0.8000, -6.803
11.16, -0.8000, -7.115
11.17, -0.8000, -6.932
11.18, -0.8000, -7.170
11.19, -0.8000, -7.342
11.20, -0.8000, -6.935
11.21, -0.8000, -7.146
11.22, -0.8000, -6.426
11.23, -0.8000, -7.270
11.24, -0.8000, -7.058
11.25, -0.8000, -6.159
11.26, -0.8000, -6.951
11.27, -0.8000, -7.423
11.28, -0.8000, -8.164
11.29, -0.8000, -7.734
11.30, -0.8000, -6.039
11.31, -0.8000, -7.013
11.32, -0.8000, -6.645
11.33, -0.8000, -7.629
11.34, -0.8000, -8.688
11.35, -0.8000, -7.771
11.36, -0.8000, -7.885
11.37, -0.8000, -6.631
11.38, -0.8000, -6.425
11.39, -0.8000, -6.421
11.40, -0.8000, -7.219
11.41, -0.8000, -7.912
11.42, -0.8000, -7.391
11.43, -0.8000, -6.502
11.44, -0.8000, -7.662
11.45, -0.8000, -7.566
11.46, -0.8000, -6.178
11.47, -0.8000, -6.092
11.48, -0.8000, -6.993
11.49, -0.8000, -6.851
11.50, -0.8000, -7.636
11.51, -0.8000, -7.476
11.52, -0.8000, -6.758
11.53, -0.8000, -7.413
11.54, -0.8000, -6.566
11.55, -0.8000, -7.129
11.56, -0.8000, -7.382
11.57, -0.8000, -6.509
11.58, -0.8000, -7.143
11.59, -0.8000, -7.324
11.60, -0.8000, -6.907
11.61, -0.8000, -7.327
11.62, -0.8000, -7.444
11.63, -0.8000, -6.889
11.64, -0.8000, -6.490
11.65, -0.8000, -7.128
11.66, -0.8000, -7.384
11.67, -0.8000, -8.011
11.68, -0.8000, -6.578
11.69, -0.8000, -6.709
11.70, -0.8000, -6.883
11.71, -0.8000, -6.722
11.72, -0.8000, -7.256
11.73, -0.8000, -7.867
11.74, -0.8000, -6.260
11.75, -0.8000, -6.796
11.76, -0.8000, -7.284
11.77, -0.8000, -7.516
11.78, -0.8000, -7.315
11.79, -0.8000, -7.163
11.80, -0.8000, -6.541
11.81, -0.8000, -7.390
11.82, -0.8000, -6.849
11.83, -0.8000, -7.290
11.84, -0.8000, -8.117
11.85, -0.8000, -7.694
11.86, -0.8000, -7.651
11.87, -0.8000, -7.622
11.88, -0.8000, -7.095
11.89, -0.8000, -7.438
11.90, -0.8000, -7.845
11.91, -0.8000, -7.010
11.92, -0.8000, -7.207
11.93, -0.8000, -7.010
11.94, -0.8000, -5.678
11.95, -0.8000, -6.907
11.96, -0.8000, -6.809
11.97, -0.8000, -6.643
11.98, -0.8000, -7.541
11.99, -0.8000, -6.502
12.00, -0.8000, -6.989
12.01, -0.8000, -7.229
12.02, -0.8000, -6.697
12.03, -0.8000, -6.466
12.04, -0.8000, -8.091
12.05, -0.8000, -7.361
12.06, -0.8000, -7.381
12.07, -0.8000, -7.967
12.08, -0.8000, -7.292
12.09, -0.8000, -6.995
12.10, -0.8000, -6.790
12.11, -0.8000, -8.399
12.12, -0.8000, -7.749
12.13, -0.8000, -6.541
12.14, -0.8000, -7.653
12.15, -0.8000, -8.773
12.16, -0.8000, -7.244
12.17, -0.8000, -6.822
12.18, -0.8000, -6.506
12.19, -0.8000, -7.044
12.20, -0.8000, -7.894
12.21, -0.8000, -7.680
12.22, -0.8000, -7.462
12.23, -0.8000, -7.295
12.24, -0.8000, -7.360
12.25, -0.8000, -6.559
12.26, -0.8000, -7.389
12.27, -0.8000, -6.638
12.28, -0.8000, -7.229
12.29, -0.8000, -7.064
12.30, -0.8000, -8.461
12.31, -0.8000, -7.453
12.32, -0.8000, -7.003
12.33, -0.8000, -7.553
12.34, -0.8000, -7.347
12.35, -0.8000, -6.191
12.36, -0.8000, -7.187
12.37, -0.8000, -7.461
12.38, -0.8000, -7.607
12.39, -0.8000, -7.473
12.40, -0.8000, -6.992
12.41, -0.8000, -7.306
12.42, -0.8000, -6.985
12.43, -0.8000, -6.769
12.44, -0.8000, -7.420
12.45, -0.8000, -7.754
12.46, -0.8000, -8.383
12.47, -0.8000, -7.109
12.48, -0.8000, -6.523
12.49, -0.8000, -7.532
12.50, -0.8000, -8.321
12.51, -0.8000, -7.064
12.52, -0.8000, -7.443
12.53, -0.8000, -7.014
12.54, -0.8000, -7.056
12.55, -0.8000, -7.261
12.56, -0.8000, -6.428
12.57, -0.8000, -6.869
12.58, -0.8000, -8.431
12.59, -0.8000, -6.930
12.60, -0.8000, -7.763
12.61, -0.8000, -6.930
12.62, -0.8000, -7.105
12.63, -0.8000, -6.408
12.64, -0.8000, -7.020
12.65, -0.8000, -7.036
12.66, -0.8000, -7.511
12.67, -0.8000, -6.094
12.68, -0.8000, -7.949
12.69, -0.8000, -6.032
12.70, -0.8000, -8.188
12.71, -0.8000, -7.822
12.72, -0.8000, -7.383
12.73, -0.8000, -6.760
12.74, -0.8000, -7.664
12.75, -0.8000, -6.811
12.76, -0.8000, -7.153
12.77, -0.8000, -7.454
12.78, -0.8000, -6.728
12.79, -0.8000, -6.992
12.80, -0.8000, -6.831
12.81, -0.8000, -7.005
12.82, -0.8000, -5.971
12.83, -0.8000, -7.669
12.84, -0.8000, -7.166
12.85, -0.8000, -7.566
12.86, -0.8000, -7.637
12.87, -0.8000, -7.147
12.88, -0.8000, -7.420
12.89, -0.8000, -7.086
12.90, -0.8000, -7.036
12.91, -0.8000, -6.950
12.92, -0.8000, -7.010
12.93, -0.8000, -7.311
12.94, -0.8000, -6.845
12.95, -0.8000, -6.951
12.96, -0.8000, -6.970
12.97, -0.8000, -7.270
12.98, -0.8000, -6.540
12.99, -0.8000, -7.270
13.00, -0.8000, -6.442
13.01, -0.8000, -7.565
13.02, -0.8000, -7.046
13.03, -0.8000, -6.625
13.04, -0.8000, -6.323
13.05, -0.8000, -7.678
13.06, -0.8000, -7.315
13.07, -0.8000, -8.250
13.08, -0.8000, -6.236
13.09, -0.8000, -5.804
13.10, -0.8000, -7.545
13.11, -0.8000, -7.107
13.12, -0.8000, -7.850
13.13, -0.8000, -6.879
13.14, -0.8000, -6.723
13.15, -0.8000, -7.385
13.16, -0.8000, -6.482
13.17, -0.8000, -6.278
13.18, -0.8000, -7.805
13.19, -0.8000, -6.806
13.20, -0.8000, -5.731
13.21, -0.8000, -5.693
13.22, -0.8000, -7.720
13.23, -0.8000, -7.788
13.24, -0.8000, -7.365
13.25, -0.8000, -7.187
13.26, -0.8000, -7.228
13.27, -0.8000, -5.606
13.28, -0.8000, -7.907
13.29, -0.8000, -7.826
13.30, -0.8000, -6.792
13.31, -0.8000, -8.482
13.32, -0.8000, -7.704
13.33, -0.8000, -6.648
13.34, -0.8000, -7.109
13.35, -0.8000, -7.934
13.36, -0.8000, -7.135
13.37, -0.8000, -7.237
13.38, -0.8000, -6.765
13.39, -0.8000, -6.689
13.40, -0.8000, -7.678
13.41, -0.8000, -8.107
13.42, -0.8000, -8.089
13.43, -0.8000, -6.106
13.44, -0.8000, -6.464
13.45, -0.8000, -6.917
13.46, -0.8000, -6.530
13.47, -0.8000, -5.961
13.48, -0.8000, -8.094
13.49, -0.8000, -7.178
13.50, -0.8000, -7.133
13.51, -0.8000, -6.786
13.52, -0.8000, -6.668
13.53, -0.8000, -7.821
13.54, -0.8000, -7.180
13.55, -0.8000, -5.701
13.56, -0.8000, -6.651
13.57, -0.8000, -6.957
13.58, -0.8000, -6.283
13.59, -0.8000, -6.519
13.60, -0.8000, -7.248
13.61, -0.8000, -6.619
13.62, -0.8000, -6.619
13.63, -0.8000, -7.334
13.64, -0.8000, -7.559
13.65, -0.8000, -7.150
13.66, -0.8000, -7.519
13.67, -0.8000, -7.025
13.68, -0.8000, -5.897
13.69, -0.8000, -7.967
13.70, -0.8000, -7.021
13.71, -0.8000, -7.755
13.72, -0.8000, -7.970
13.73, -0.8000, -7.280
13.74, -0.8000, -7.182
13.75, -0.8000, -7.354
13.76, -0.8000, -7.075
13.77, -0.8000, -7.538
13.78, -0.8000, -7.756
13.79, -0.8000, -9.240
13.80, -0.8000, -7.014
13.81, -0.8000, -6.566
13.82, -0.8000, -7.383
13.83, -0.8000, -7.124
13.84, -0.8000, -7.496
13.85, -0.8000, -7.913
13.86, -0.8000, -7.511
13.87, -0.8000, -6.579
13.88, -0.8000, -6.928
13.89, -0.8000, -7.480
13.90, -0.8000, -7.060
13.91, -0.8000, -7.653
13.92, -0.8000, -6.537
13.93, -0.8000, -7.986
13.94, -0.8000, -7.407
13.95, -0.8000, -6.646
13.96, -0.8000, -7.188
13.97, -0.8000, -7.221
13.98, -0.8000, -7.449
13.99, -0.8000, -7.617
14.00, -0.8000, -7.070
14.01, -0.8000, -6.739
14.02, -0.8000, -7.421
14.03, -0.8000, -6.853
14.04, -0.8000, -6.704
14.05, -0.8000, -6.876
14.06, -0.8000, -7.694
14.07, -0.8000, -6.684
14.08, -0.8000, -8.293
14.09, -0.8000, -7.568
14.10, -0.8000, -7.517
14.11, -0.8000, -6.299
14.12, -0.8000, -6.539
14.13, -0.8000, -6.817
14.14, -0.8000, -8.068
14.15, -0.8000, -6.908
14.16, -0.8000, -7.571
14.17, -0.8000, -7.284
14.18, -0.8000, -7.430
14.19, -0.8000, -8.299
14.20, -0.8000, -6.640
14.21, -0.8000, -6.935
14.22, -0.8000, -6.915
14.23, -0.8000, -8.155
14.24, -0.8000, -7.595
14.25, -0.8000, -7.518
14.26, -0.8000, -7.124
14.27, -0.8000, -6.709
14.28, -0.8000, -7.358
14.29, -0.8000, -9.241
14.30, -0.8000, -7.441
14.31, -0.8000, -6.965
14.32, -0.8000, -6.327
14.33, -0.8000, -6.942
14.34, -0.8000, -6.583
14.35, -0.8000, -5.802
14.36, -0.8000, -7.235
14.37, -0.8000, -7.207
14.38, -0.8000, -7.024
14.39, -0.8000, -6.547
14.40, -0.8000, -6.584
14.41, -0.8000, -8.540
14.42, -0.8000, -7.535
14.43, -0.8000, -6.068
14.44, -0.8000, -6.342
14.45, -0.8000, -7.951
14.46, -0.8000, -6.954
14.47, -0.8000, -7.758
14.48, -0.8000, -6.698
14.49, -0.8000, -6.249
14.50, -0.8000, -8.142
14.51, -0.8000, -7.109
14.52, -0.8000, -7.231
14.53, -0.8000, -7.665
14.54, -0.8000, -6.406
14.55, -0.8000, -7.642
14.56, -0.8000, -7.337
14.57, -0.8000, -7.180
14.58, -0.8000, -7.676
14.59, -0.8000, -7.447
14.60, -0.8000, -7.113
14.61, -0.8000, -7.134
14.62, -0.8000, -6.026
14.63, -0.8000, -7.190
14.64, -0.8000, -7.055
14.65, -0.8000, -6.836
14.66, -0.8000, -7.740
14.67, -0.8000, -7.128
14.68, -0.8000, -7.156
14.69, -0.8000, -6.882
14.70, -0.8000, -7.058
14.71, -0.8000, -7.452
14.72, -0.8000, -6.921
14.73, -0.8000, -7.267
14.74, -0.8000, -7.580
14.75, -0.8000, -7.613
14.76, -0.8000, -6.775
14.77, -0.8000, -6.835
14.78, -0.8000, -7.742
14.79, -0.8000, -7.297
14.80, -0.8000, -6.277
14.81, -0.8000, -7.499
14.82, -0.8000, -6.735
14.83, -0.8000, -7.127
14.84, -0.8000, -6.831
14.85, -0.8000, -7.267
14.86, -0.8000, -6.965
14.87, -0.8000, -7.348
14.88, -0.8000, -7.372
14.89, -0.8000, -6.549
14.90, -0.8000, -8.606
14.91, -0.8000, -7.501
14.92, -0.8000, -6.992
14.93, -0.8000, -5.739
14.94, -0.8000, -7.089
14.95, -0.8000, -6.866
14.96, -0.8000, -4.987
14.97, -0.8000, -6.683
14.98, -0.8000, -7.446
14.99, -0.8000, -7.553
15.00, -0.8000, -7.981
15.01, -0.8000, -6.981
15.02, -0.8000, -6.495
15.03, -0.8000, -8.833
15.04, -0.8000, -7.028
15.05, -0.8000, -5.988
15.06, -0.8000, -8.051
15.07, -0.8000, -6.669
15.08, -0.8000, -6.130
15.09, -0.8000, -8.332
15.10, -0.8000, -7.173
15.11, -0.8000, -6.978
15.12, -0.8000, -7.629
15.13, -0.8000, -6.975
15.14, -0.8000, -6.421
15.15, -0.8000, -8.543
15.16, -0.8000, -7.045
15.17, -0.8000, -7.056
15.18, -0.8000, -6.212
15.19, -0.8000, -6.583
15.20, -0.8000, -7.882
15.21, -0.8000, -6.848
15.22, -0.8000, -6.941
15.23, -0.8000, -8.032
15.24, -0.8000, -8.099
15.25, -0.8000, -7.115
15.26, -0.8000, -7.256
15.27, -0.8000, -6.828
15.28, -0.8000, -7.599
15.29, -0.8000, -7.885
15.30, -0.8000, -7.092
15.31, -0.8000, -6.881
15.32, -0.8000, -6.716
15.33, -0.8000, -7.461
15.34, -0.8000, -6.856
15.35, -0.8000, -7.985
15.36, -0.8000, -6.983
15.37, -0.8000, -7.025
15.38, -0.8000, -6.960
15.39, -0.8000, -7.826
15.40, -0.8000, -8.679
15.41, -0.8000, -7.410
15.42, -0.8000, -7.530
15.43, -0.8000, -6.877
15.44, -0.8000, -7.745
15.45, -0.8000, -6.471
15.46, -0.8000, -6.238
15.47, -0.8000, -6.887
15.48, -0.8000, -5.901
15.49, -0.8000, -6.723
15.50, -0.8000, -7.621
15.51, -0.8000, -6.696
15.52, -0.8000, -8.627
15.53, -0.8000, -6.446
15.54, -0.8000, -6.694
15.55, -0.8000, -7.077
15.56, -0.8000, -6.670
15.57, -0.8000, -6.141
15.58, -0.8000, -6.912
15.59, -0.8000, -7.450
15.60, -0.8000, -7.770
15.61, -0.8000, -7.713
15.62, -0.8000, -6.359
15.63, -0.8000, -7.379
15.64, -0.8000, -7.923
15.65, -0.8000, -6.789
15.66, -0.8000, -8.355
15.67, -0.8000, -7.209
15.68, -0.8000, -6.614
15.69, -0.8000, -6.308
15.70, -0.8000, -7.025
15.71, -0.8000, -7.067
15.72, -0.8000, -6.568
15.73, -0.8000, -7.176
15.74, -0.8000, -6.975
15.75, -0.8000, -6.110
15.76, -0.8000, -6.321
15.77, -0.8000, -7.114
15.78, -0.8000, -7.662
15.79, -0.8000, -7.610
15.80, -0.8000, -7.484
15.81, -0.8000, -6.686
15.82, -0.8000, -6.943
15.83, -0.8000, -7.159
15.84, -0.8000, -6.975
15.85, -0.8000, -7.788
15.86, -0.8000, -8.543
15.87, -0.8000, -7.193
15.88, -0.8000, -7.427
15.89, -0.8000, -6.102
15.90, -0.8000, -6.221
15.91, -0.8000, -6.177
15.92, -0.8000, -7.355
15.93, -0.8000, -7.125
15.94, -0.8000, -7.249
15.95, -0.8000, -7.054
15.96, -0.8000, -8.155
15.97, -0.8000, -7.335
15.98, -0.8000, -7.236
15.99, -0.8000, -7.163
16.00, -0.8000, -6.935
16.01, -0.8000, -7.128
16.02, -0.8000, -6.706
16.03, -0.8000, -7.187
16.04, -0.8000, -7.553
16.05, -0.8000, -6.103
16.06, -0.8000, -8.305
16.07, -0.8000, -6.808
16.08, -0.8000, -7.065
16.09, -0.8000, -7.629
16.10, -0.8000, -7.070
16.11, -0.8000, -5.787
16.12, -0.8000, -7.339
16.13, -0.8000, -6.988
16.14, -0.8000, -5.887
16.15, -0.8000, -7.213
16.16, -0.8000, -5.828
16.17, -0.8000, -6.332
16.18, -0.8000, -7.745
16.19, -0.8000, -7.371
16.20, -0.8000, -7.179
16.21, -0.8000, -7.042
16.22, -0.8000, -6.171
16.23, -0.8000, -5.880
16.24, -0.8000, -6.885
16.25, -0.8000, -8.434
16.26, -0.8000, -6.989
16.27, -0.8000, -6.997
16.28, -0.8000, -7.390
16.29, -0.8000, -6.171
16.30, -0.8000, -6.558
16.31, -0.8000, -6.765
16.32, -0.8000, -7.038
16.33, -0.8000, -5.963
16.34, -0.8000, -6.983
16.35, -0.8000, -7.411
16.36, -0.8000, -6.083
16.37, -0.8000, -7.702
16.38, -0.8000, -7.621
16.39, -0.8000, -7.864
16.40, -0.8000, -7.362
16.41, -0.8000, -6.664
16.42, -0.8000, -8.508
16.43, -0.8000, -7.714
16.44, -0.8000, -6.891
16.45, -0.8000, -6.401
16.46, -0.8000, -6.711
16.47, -0.8000, -6.654
16.48, -0.8000, -6.013
16.49, -0.8000, -7.027
16.50, -0.8000, -8.125
16.51, -0.8000, -6.405
16.52, -0.8000, -6.679
16.53, -0.8000, -8.006
16.54, -0.8000, -7.385
16.55, -0.8000, -6.687
16.56, -0.8000, -6.560
16.57, -0.8000, -6.645
16.58, -0.8000, -6.380
16.59, -0.8000, -7.097
16.60, -0.8000, -6.840
16.61, -0.8000, -7.176
16.62, -0.8000, -7.000
16.63, -0.8000, -6.897
16.64, -0.8000, -6.323
16.65, -0.8000, -8.227
16.66, -0.8000, -7.920
16.67, -0.8000, -6.267
16.68, -0.8000, -6.825
16.69, -0.8000, -8.637
16.70, -0.8000, -6.362
16.71, -0.8000, -7.762
16.72, -0.8000, -8.216
16.73, -0.8000, -6.840
16.74, -0.8000, -8.039
16.75, -0.8000, -6.297
16.76, -0.8000, -7.665
16.77, -0.8000, -7.578
16.78, -0.8000, -7.222
16.79, -0.8000, -6.959
16.80, -0.8000, -7.057
16.81, -0.8000, -7.867
16.82, -0.8000, -7.285
16.83, -0.8000, -6.753
16.84, -0.8000, -6.512
16.85, -0.8000, -7.040
16.86, -0.8000, -6.617
16.87, -0.8000, -7.746
16.88, -0.8000, -7.820
16.89, -0.8000, -7.581
16.90, -0.8000, -8.025
16.91, -0.8000, -7.388
16.92, -0.8000, -6.289
16.93, -0.8000, -6.098
16.94, -0.8000, -6.874
16.95, -0.8000, -7.209
16.96, -0.8000, -7.736
16.97, -0.8000, -7.537
16.98, -0.8000, -7.902
16.99, -0.8000, -6.758
17.00, -0.8000, -7.192
17.01, -0.8000, -7.323
17.02, -0.8000, -7.299
17.03, -0.8000, -7.876
17.04, -0.8000, -6.970
17.05, -0.8000, -6.589
17.06, -0.8000, -6.990
17.07, -0.8000, -7.524
17.08, -0.8000, -7.555
17.09, -0.8000, -6.934
17.10, -0.8000, -7.190
17.11, -0.8000, -6.290
17.12, -0.8000, -6.672
17.13, -0.8000, -7.214
17.14, -0.8000, -5.458
17.15, -0.8000, -7.197
17.16, -0.8000, -6.599
17.17, -0.8000, -6.940
17.18, -0.8000, -7.331
17.19, -0.8000, -6.745
17.20, -0.8000, -6.990
17.21, -0.8000, -6.916
17.22, -0.8000, -6.008
17.23, -0.8000, -6.737
17.24, -0.8000, -8.372
17.25, -0.8000, -6.944
17.26, -0.8000, -6.369
17.27, -0.8000, -8.541
17.28, -0.8000, -7.422
17.29, -0.8000, -7.815
17.30, -0.8000, -6.990
17.31, -0.8000, -6.423
17.32, -0.8000, -8.857
17.33, -0.8000, -7.973
17.34, -0.8000, -5.752
17.35, -0.8000, -8.600
17.36, -0.8000, -7.594
17.37, -0.8000, -7.240
17.38, -0.8000, -9.216
17.39, -0.8000, -7.104
17.40, -0.8000, -7.655
17.41, -0.8000, -6.439
17.42, -0.8000, -7.895
17.43, -0.8000, -8.329
17.44, -0.8000, -7.272
17.45, -0.8000, -8.651
17.46, -0.8000, -7.858
17.47, -0.8000, -5.205
17.48, -0.8000, -8.359
17.49, -0.8000, -7.237
17.50, -0.8000, -6.148
17.51, -0.8000, -8.308
17.52, -0.8000, -7.378
17.53, -0.8000, -6.465
17.54, -0.8000, -6.885
17.55, -0.8000, -8.278
17.56, -0.8000, -6.320
17.57, -0.8000, -7.022
17.58, -0.8000, -7.413
17.59, -0.8000, -7.422
17.60, -0.8000, -8.805
17.61, -0.8000, -6.330
17.62, -0.8000, -6.537
17.63, -0.8000, -7.311
17.64, -0.8000, -6.329
17.65, -0.8000, -7.967
17.66, -0.8000, -6.680
17.67, -0.8000, -6.804
17.68, -0.8000, -6.589
17.69, -0.8000, -6.869
17.70, -0.8000, -7.691
17.71, -0.8000, -7.294
17.72, -0.8000, -7.150
17.73, -0.8000, -7.668
17.74, -0.8000, -7.424
17.75, -0.8000, -6.919
17.76, -0.8000, -6.771
17.77, -0.8000, -6.664
17.78, -0.8000, -7.683
17.79, -0.8000, -7.120
17.80, -0.8000, -6.287
17.81, -0.8000, -7.625
17.82, -0.8000, -7.883
17.83, -0.8000, -6.811
17.84, -0.8000, -7.464
17.85, -0.8000, -6.967
17.86, -0.8000, -6.755
17.87, -0.8000, -7.203
17.88, -0.8000, -6.887
17.89, -0.8000, -7.220
17.90, -0.8000, -8.264
17.91, -0.8000, -6.935
17.92, -0.8000, -5.862
17.93, -0.8000, -7.528
17.94, -0.8000, -6.698
17.95, -0.8000, -7.660
17.96, -0.8000, -6.959
17.97, -0.8000, -6.451
17.98, -0.8000, -6.879
17.99, -0.8000, -6.221
18.00, -0.8000, -6.897
18.01, -0.8000, -7.769
18.02, -0.8000, -6.392
18.03, -0.8000, -7.150
18.04, -0.8000, -6.316
18.05, -0.8000, -6.991
18.06, -0.8000, -7.223
18.07, -0.8000, -7.610
18.08, -0.8000, -7.099
18.09, -0.8000, -7.279
18.10, -0.8000, -5.860
18.11, -0.8000, -6.545
18.12, -0.8000, -6.211
18.13, -0.8000, -6.372
18.14, -0.8000, -7.542
18.15, -0.8000, -7.500
18.16, -0.8000, -6.095
18.17, -0.8000, -7.826
18.18, -0.8000, -6.745
18.19, -0.8000, -6.667
18.20, -0.8000, -7.352
18.21, -0.8000, -6.801
18.22, -0.8000, -6.816
18.23, -0.8000, -8.027
18.24, -0.8000, -7.069
18.25, -0.8000, -7.537
18.26, -0.8000, -5.782
18.27, -0.8000, -6.372
18.28, -0.8000, -6.762
18.29, -0.8000, -7.028
18.30, -0.8000, -7.550
18.31, -0.8000, -7.007
18.32, -0.8000, -6.510
18.33, -0.8000, -6.973
18.34, -0.8000, -7.512
18.35, -0.8000, -6.545
18.36, -0.8000, -6.639
18.37, -0.8000, -6.711
18.38, -0.8000, -6.540
18.39, -0.8000, -6.816
18.40, -0.8000, -6.741
18.41, -0.8000, -7.600
18.42, -0.8000, -7.116
18.43, -0.8000, -7.438
18.44, -0.8000, -8.693
18.45, -0.8000, -6.986
18.46, -0.8000, -7.072
18.47, -0.8000, -8.106
18.48, -0.8000, -7.468
18.49, -0.8000, -6.310
18.50, -0.8000, -6.913
18.51, -0.8000, -7.541
18.52, -0.8000, -6.959
18.53, -0.8000, -7.056
18.54, -0.8000, -7.180
18.55, -0.8000, -7.184
18.56, -0.8000, -6.663
18.57, -0.8000, -6.094
18.58, -0.8000, -6.567
18.59, -0.8000, -7.039
18.60, -0.8000, -6.473
18.61, -0.8000, -5.569
18.62, -0.8000, -7.256
18.63, -0.8000, -5.880
18.64, -0.8000, -7.967
18.65, -0.8000, -7.285
18.66, -0.8000, -8.389
18.67, -0.8000, -6.494
18.68, -0.8000, -6.369
18.69, -0.8000, -6.209
18.70, -0.8000, -7.304
18.71, -0.8000, -6.498
18.72, -0.8000, -7.041
18.73, -0.8000, -6.294
18.74, -0.8000, -7.041
18.75, -0.8000, -8.297
18.76, -0.8000, -6.856
18.77, -0.8000, -7.020
18.78, -0.8000, -6.214
18.79, -0.8000, -7.206
18.80, -0.8000, -6.696
18.81, -0.8000, -6.483
18.82, -0.8000, -7.200
18.83, -0.8000, -8.495
18.84, -0.8000, -6.676
18.85, -0.8000, -7.883
18.86, -0.8000, -7.201
18.87, -0.8000, -6.339
18.88, -0.8000, -7.060
18.89, -0.8000, -7.626
18.90, -0.8000, -6.667
18.91, -0.8000, -7.483
18.92, -0.8000, -7.077
18.93, -0.8000, -6.092
18.94, -0.8000, -7.996
18.95, -0.8000, -8.237
18.96, -0.8000, -7.603
18.97, -0.8000, -6.598
18.98, -0.8000, -8.786
18.99, -0.8000, -8.141
19.00, -0.8000, -6.539
19.01, -0.8000, -7.017
19.02, -0.8000, -6.196
19.03, -0.8000, -6.888
19.04, -0.8000, -7.403
19.05, -0.8000, -6.381
19.06, -0.8000, -7.102
19.07, -0.8000, -7.122
19.08, -0.8000, -7.056
19.09, -0.8000, -6.957
19.10, -0.8000, -6.453
19.11, -0.8000, -7.334
19.12, -0.8000, -7.675
19.13, -0.8000, -7.057
19.14, -0.8000, -7.402
19.15, -0.8000, -8.184
19.16, -0.8000, -6.353
19.17, -0.8000, -7.802
19.18, -0.8000, -6.593
19.19, -0.8000, -7.812
19.20, -0.8000, -8.194
19.21, -0.8000, -6.477
19.22, -0.8000, -7.883
19.23, -0.8000, -8.368
19.24, -0.8000, -6.052
19.25, -0.8000, -7.183
19.26, -0.8000, -7.382
19.27, -0.8000, -7.739
19.28, -0.8000, -7.349
19.29, -0.8000, -5.868
19.30, -0.8000, -7.274
19.31, -0.8000, -6.640
19.32, -0.8000, -5.998
19.33, -0.8000, -7.027
19.34, -0.8000, -6.427
19.35, -0.8000, -8.413
19.36, -0.8000, -7.386
19.37, -0.8000, -7.345
19.38, -0.8000, -6.926
19.39, -0.8000, -6.964
19.40, -0.8000, -5.691
19.41, -0.8000, -6.548
19.42, -0.8000, -5.645
19.43, -0.8000, -6.797
19.44, -0.8000, -7.101
19.45, -0.8000, -6.643
19.46, -0.8000, -6.798
19.47, -0.8000, -8.010
19.48, -0.8000, -7.088
19.49, -0.8000, -6.974
19.50, -0.8000, -6.857
19.51, -0.8000, -6.197
19.52, -0.8000, -7.419
19.53, -0.8000, -6.666
19.54, -0.8000, -6.857
19.55, -0.8000, -6.671
19.56, -0.8000, -7.146
19.57, -0.8000, -6.230
19.58, -0.8000, -7.414
19.59, -0.8000, -5.906
19.60, -0.8000, -7.721
19.61, -0.8000, -7.488
19.62, -0.8000, -6.368
19.63, -0.8000, -7.423
19.64, -0.8000, -6.644
19.65, -0.8000, -7.104
19.66, -0.8000, -6.879
19.67, -0.8000, -6.984
19.68, -0.8000, -8.410
19.69, -0.8000, -6.633
19.70, -0.8000, -6.909
19.71, -0.8000, -7.053
19.72, -0.8000, -5.622
19.73, -0.8000, -7.944
19.74, -0.8000, -7.498
19.75, -0.8000, -7.084
19.76, -0.8000, -6.501
19.77, -0.8000, -6.322
19.78, -0.8000, -7.323
19.79, -0.8000, -6.044
19.80, -0.8000, -5.844
19.81, -0.8000, -7.316
19.82, -0.8000, -6.339
19.83, -0.8000, -6.199
19.84, -0.8000, -7.807
19.85, -0.8000, -6.599
19.86, -0.8000, -7.066
19.87, -0.8000, -5.783
19.88, -0.8000, -7.203
19.89, -0.8000, -6.487
19.90, -0.8000, -6.971
19.91, -0.8000, -7.154
19.92, -0.8000, -8.167
19.93, -0.8000, -7.936
19.94, -0.8000, -7.576
19.95, -0.8000, -8.147
19.96, -0.8000, -7.103
19.97, -0.8000, -6.842
19.98, -0.8000, -7.376
19.99, -0.8000, -7.423
20.00, -0.8000, -6.604
20.01, -0.8000, -7.206
20.02, -0.8000, -7.561
20.03, -0.8000, -8.271
20.04, -0.8000, -8.446
20.05, -0.8000, -6.680
20.06, -0.8000, -7.112
20.07, -0.8000, -7.647
20.08, -0.8000, -4.796
20.09, -0.8000, -7.542
20.10, -0.8000, -7.042
20.11, -0.8000, -6.867
20.12, -0.8000, -7.078
20.13, -0.8000, -7.023
20.14, -0.8000, -7.206
20.15, -0.8000, -7.616
20.16, -0.8000, -7.239
20.17, -0.8000, -7.288
20.18, -0.8000, -6.694
20.19, -0.8000, -8.563
20.20, -0.8000, -7.496
20.21, -0.8000, -7.448
20.22, -0.8000, -7.316
20.23, -0.8000, -7.260
20.24, -0.8000, -7.672
20.25, -0.8000, -7.194
20.26, -0.8000, -6.759
20.27, -0.8000, -7.138
20.28, -0.8000, -6.428
20.29, -0.8000, -5.884
20.30, -0.8000, -5.953
20.31, -0.8000, -7.684
20.32, -0.8000, -7.091
20.33, -0.8000, -6.682
20.34, -0.8000, -6.815
20.35, -0.8000, -6.588
20.36, -0.8000, -7.072
20.37, -0.8000, -6.824
20.38, -0.8000, -6.338
20.39, -0.8000, -6.554
20.40, -0.8000, -7.163
20.41, -0.8000, -6.910
20.42, -0.8000, -7.072
20.43, -0.8000, -7.080
20.44, -0.8000, -6.118
20.45, -0.8000, -8.154
20.46, -0.8000, -6.840
20.47, -0.8000, -6.509
20.48, -0.8000, -8.547
20.49, -0.8000, -6.746
20.50, -0.8000, -6.610
20.51, -0.8000, -6.254
20.52, -0.8000, -6.312
20.53, -0.8000, -7.594
20.54, -0.8000, -7.029
20.55, -0.8000, -7.002
20.56, -0.8000, -7.587
20.57, -0.8000, -6.465
20.58, -0.8000, -8.309
20.59, -0.8000, -6.486
20.60, -0.8000, -6.586
20.61, -0.8000, -6.462
20.62, -0.8000, -6.241
20.63, -0.8000, -6.939
20.64, -0.8000, -7.021
20.65, -0.8000, -7.282
20.66, -0.8000, -6.777
20.67, -0.8000, -6.840
20.68, -0.8000, -8.143
20.69, -0.8000, -8.121
20.70, -0.8000, -6.497
20.71, -0.8000, -6.896
20.72, -0.8000, -6.418
20.73, -0.8000, -8.113
20.74, -0.8000, -6.542
20.75, -0.8000, -6.338
20.76, -0.8000, -7.627
20.77, -0.8000, -6.610
20.78, -0.8000, -5.559
20.79, -0.8000, -6.730
20.80, -0.8000, -6.410
20.81, -0.8000, -7.132
20.82, -0.8000, -7.416
20.83, -0.8000, -7.169
20.84, -0.8000, -7.320
20.85, -0.8000, -6.422
20.86, -0.8000, -6.199
20.87, -0.8000, -7.480
20.88, -0.8000, -6.618
20.89, -0.8000, -6.372
20.90, -0.8000, -7.482
20.91, -0.8000, -7.266
20.92, -0.8000, -7.089
20.93, -0.8000, -7.404
20.94, -0.8000, -6.977
20.95, -0.8000, -7.474
20.96, -0.8000, -6.971
20.97, -0.8000, -6.295
20.98, -0.8000, -7.067
20.99, -0.8000, -6.483
21.00, -0.8000, -8.270
21.01, -0.8000, -7.046
21.02, -0.8000, -8.525
21.03, -0.8000, -6.577
21.04, -0.8000, -7.189
21.05, -0.8000, -6.525
21.06, -0.8000, -6.370
21.07, -0.8000, -7.896
21.08, -0.8000, -7.874
21.09, -0.8000, -6.922
21.10, -0.8000, -7.325
21.11, -0.8000, -6.732
21.12, -0.8000, -6.393
21.13, -0.8000, -6.672
21.14, -0.8000, -7.043
21.15, -0.8000, -6.278
21.16, -0.8000, -6.902
21.17, -0.8000, -6.898
21.18, -0.8000, -7.688
21.19, -0.8000, -6.834
21.20, -0.8000, -7.538
21.21, -0.8000, -6.753
21.22, -0.8000, -6.322
21.23, -0.8000, -8.152
21.24, -0.8000, -7.014
21.25, -0.8000, -7.505
21.26, -0.8000, -7.645
21.27, -0.8000, -6.176
21.28, -0.8000, -6.614
21.29, -0.8000, -7.016
21.30, -0.8000, -7.698
21.31, -0.8000, -6.224
21.32, -0.8000, -6.858
21.33, -0.8000, -7.571
21.34, -0.8000, -8.456
21.35, -0.8000, -6.085
21.36, -0.8000, -7.594
21.37, -0.8000, -7.254
21.38, -0.8000, -7.313
21.39, -0.8000, -6.895
21.40, -0.8000, -6.587
21.41, -0.8000, -7.430
21.42, -0.8000, -8.278
21.43, -0.8000, -7.073
21.44, -0.8000, -7.824
21.45, -0.8000, -6.989
21.46, -0.8000, -6.622
21.47, -0.8000, -7.155
21.48, -0.8000, -6.934
21.49, -0.8000, -7.050
21.50, -0.8000, -7.169
21.51, -0.8000, -6.659
21.52, -0.8000, -5.747
21.53, -0.8000, -6.796
21.54, -0.8000, -6.669
21.55, -0.8000, -7.068
21.56, -0.8000, -7.193
21.57, -0.8000, -7.357
21.58, -0.8000, -8.689
21.59, -0.8000, -6.807
21.60, -0.8000, -7.322
21.61, -0.8000, -7.207
21.62, -0.8000, -6.445
21.63, -0.8000, -7.479
21.64, -0.8000, -6.570
21.65, -0.8000, -7.632
21.66, -0.8000, -6.583
21.67, -0.8000, -7.016
21.68, -0.8000, -7.555
21.69, -0.8000, -6.896
21.70, -0.8000, -7.212
21.71, -0.8000, -6.310
21.72, -0.8000, -6.318
21.73, -0.8000, -7.172
21.74, -0.8000, -6.173
21.75, -0.8000, -5.623
21.76, -0.8000, -6.523
21.77, -0.8000, -7.041
21.78, -0.8000, -6.721
21.79, -0.8000, -7.012
21.80, -0.8000, -8.242
21.81, -0.8000, -6.329
21.82, -0.8000, -6.435
21.83, -0.8000, -7.206
21.84, -0.8000, -7.354
21.85, -0.8000, -6.831
21.86, -0.8000, -7.137
21.87, -0.8000, -6.810
21.88, -0.8000, -7.168
21.89, -0.8000, -7.007
21.90, -0.8000, -7.049
21.91, -0.8000, -6.984
21.92, -0.8000, -9.424
21.93, -0.8000, -6.865
21.94, -0.8000, -7.885
21.95, -0.8000, -7.107
21.96, -0.8000, -7.041
21.97, -0.8000, -7.492
21.98, -0.8000, -6.426
21.99, -0.8000, -6.508
22.00, -0.8000, -7.676
22.01, -0.8000, -6.574
22.02, -0.8000, -8.811
22.03, -0.8000, -7.685
22.04, -0.8000, -7.582
22.05, -0.8000, -7.118
22.06, -0.8000, -6.148
22.07, -0.8000, -6.531
22.08, -0.8000, -7.588
22.09, -0.8000, -6.336
22.10, -0.8000, -7.348
22.11, -0.8000, -7.095
22.12, -0.8000, -6.919
22.13, -0.8000, -7.517
22.14, -0.8000, -6.111
22.15, -0.8000, -7.635
22.16, -0.8000, -6.195
22.17, -0.8000, -6.485
22.18, -0.8000, -6.856
22.19, -0.8000, -6.924
22.20, -0.8000, -8.225
22.21, -0.8000, -7.284
22.22, -0.8000, -7.511
22.23, -0.8000, -6.890
22.24, -0.8000, -6.899
22.25, -0.8000, -7.344
22.26, -0.8000, -6.939
22.27, -0.8000, -5.399
22.28, -0.8000, -6.588
22.29, -0.8000, -6.814
22.30, -0.8000, -6.894
22.31, -0.8000, -5.702
22.32, -0.8000, -6.801
22.33, -0.8000, -8.751
22.34, -0.8000, -6.996
22.35, -0.8000, -6.587
22.36, -0.8000, -6.016
22.37, -0.8000, -6.945
22.38, -0.8000, -8.101
22.39, -0.8000, -7.897
22.40, -0.8000, -6.250
22.41, -0.8000, -6.871
22.42, -0.8000, -6.705
22.43, -0.8000, -6.506
22.44, -0.8000, -7.358
22.45, -0.8000, -6.618
22.46, -0.8000, -6.967
22.47, -0.8000, -6.235
22.48, -0.8000, -7.117
22.49, -0.8000, -7.193
22.50, -0.8000, -7.937
22.51, -0.8000, -6.949
22.52, -0.8000, -8.139
22.53, -0.8000, -6.907
22.54, -0.8000, -5.783
22.55, -0.8000, -6.805
22.56, -0.8000, -7.012
22.57, -0.8000, -7.291
22.58, -0.8000, -6.459
22.59, -0.8000, -5.932
22.60, -0.8000, -6.912
22.61, -0.8000, -6.944
22.62, -0.8000, -6.263
22.63, -0.8000, -6.594
22.64, -0.8000, -5.922
22.65, -0.8000, -7.310
22.66, -0.8000, -6.753
22.67, -0.8000, -6.521
22.68, -0.8000, -6.066
22.69, -0.8000, -6.302
22.70, -0.8000, -6.930
22.71, -0.8000, -6.186
22.72, -0.8000, -6.039
22.73, -0.8000, -5.947
22.74, -0.8000, -6.612
22.75, -0.8000, -6.226
22.76, -0.8000, -5.329
22.77, -0.8000, -6.961
22.78, -0.8000, -7.707
22.79, -0.8000, -7.086
22.80, -0.8000, -6.494
22.81, -0.8000, -7.139
22.82, -0.8000, -6.716
22.83, -0.8000, -7.202
22.84, -0.8000, -6.707
22.85, -0.8000, -7.883
22.86, -0.8000, -6.648
22.87, -0.8000, -7.598
22.88, -0.8000, -6.906
22.89, -0.8000, -6.488
22.90, -0.8000, -7.129
22.91, -0.8000, -8.085
22.92, -0.8000, -6.948
22.93, -0.8000, -7.040
22.94, -0.8000, -6.180
22.95, -0.8000, -6.391
22.96, -0.8000, -7.861
22.97, -0.8000, -6.971
22.98, -0.8000, -7.136
22.99, -0.8000, -7.251
23.00, -0.8000, -5.946
23.01, -0.8000, -5.809
23.02, -0.8000, -7.156
23.03, -0.8000, -7.186
23.04, -0.8000, -7.512
23.05, -0.8000, -6.069
23.06, -0.8000, -7.036
23.07, -0.8000, -7.461
23.08, -0.8000, -6.439
23.09, -0.8000, -6.722
23.10, -0.8000, -6.098
23.11, -0.8000, -6.316
23.12, -0.8000, -6.777
23.13, -0.8000, -6.974
23.14, -0.8000, -5.510
23.15, -0.8000, -7.852
23.16, -0.8000, -7.344
23.17, -0.8000, -7.388
23.18, -0.8000, -6.361
23.19, -0.8000, -8.116
23.20, -0.8000, -6.898
23.21, -0.8000, -7.313
23.22, -0.8000, -7.425
23.23, -0.8000, -6.576
23.24, -0.8000, -6.806
23.25, -0.8000, -7.466
23.26, -0.8000, -6.732
23.27, -0.8000, -6.834
23.28, -0.8000, -7.380
23.29, -0.8000, -7.654
23.30, -0.8000, -6.804
23.31, -0.8000, -6.159
23.32, -0.8000, -6.068
23.33, -0.8000, -7.520
23.34, -0.8000, -5.420
23.35, -0.8000, -6.636
23.36, -0.8000, -6.881
23.37, -0.8000, -6.512
23.38, -0.8000, -8.076
23.39, -0.8000, -6.840
23.40, -0.8000, -8.085
23.41, -0.8000, -7.355
23.42, -0.8000, -6.832
23.43, -0.8000, -7.202
23.44, -0.8000, -5.679
23.45, -0.8000, -6.998
23.46, -0.8000, -8.135
23.47, -0.8000, -6.683
23.48, -0.8000, -7.074
23.49, -0.8000, -6.935
23.50, -0.8000, -6.724
23.51, -0.8000, -6.452
23.52, -0.8000, -5.988
23.53, -0.8000, -6.383
23.54, -0.8000, -6.441
23.55, -0.8000, -5.562
23.56, -0.8000, -7.195
23.57, -0.8000, -6.532
23.58, -0.8000, -6.302
23.59, -0.8000, -7.147
23.60, -0.8000, -7.794
23.61, -0.8000, -6.736
23.62, -0.8000, -6.842
23.63, -0.8000, -9.062
23.64, -0.8000, -7.413
23.65, -0.8000, -7.942
23.66, -0.8000, -6.465
23.67, -0.8000, -7.715
23.68, -0.8000, -6.877
23.69, -0.8000, -6.070
23.70, -0.8000, -5.751
23.71, -0.8000, -6.248
23.72, -0.8000, -6.213
23.73, -0.8000, -5.835
23.74, -0.8000, -7.183
23.75, -0.8000, -6.672
23.76, -0.8000, -6.978
23.77, -0.8000, -7.174
23.78, -0.8000, -7.073
23.79, -0.8000, -6.812
23.80, -0.8000, -7.001
23.81, -0.8000, -7.311
23.82, -0.8000, -6.323
23.83, -0.8000, -6.580
23.84, -0.8000, -6.267
23.85, -0.8000, -6.607
23.86, -0.8000, -6.216
23.87, -0.8000, -9.021
23.88, -0.8000, -6.716
23.89, -0.8000, -6.865
23.90, -0.8000, -6.851
23.91, -0.8000, -6.391
23.92, -0.8000, -6.369
23.93, -0.8000, -5.920
23.94, -0.8000, -5.475
23.95, -0.8000, -7.484
23.96, -0.8000, -6.852
23.97, -0.8000, -6.662
23.98, -0.8000, -7.210
23.99, -0.8000, -6.931
24.00, -0.8000, -7.183
24.01, -0.8000, -6.998
24.02, -0.8000, -6.915
24.03, -0.8000, -7.509
24.04, -0.8000, -7.406
24.05, -0.8000, -5.892
24.06, -0.8000, -6.450
24.07, -0.8000, -7.628
24.08, -0.8000, -7.092
24.09, -0.8000, -6.865
24.10, -0.8000, -6.377
24.11, -0.8000, -7.528
24.12, -0.8000, -7.101
24.13, -0.8000, -7.241
24.14, -0.8000, -6.660
24.15, -0.8000, -5.932
24.16, -0.8000, -6.218
24.17, -0.8000, -7.118
24.18, -0.8000, -7.002
24.19, -0.8000, -6.732
24.20, -0.8000, -6.456
24.21, -0.8000, -7.784
24.22, -0.8000, -6.150
24.23, -0.8000, -6.208
24.24, -0.8000, -7.491
24.25, -0.8000, -6.312
24.26, -0.8000, -7.324
24.27, -0.8000, -6.593
24.28, -0.8000, -6.371
24.29, -0.8000, -7.264
24.30, -0.8000, -5.367
24.31, -0.8000, -6.251
24.32, -0.8000, -7.222
24.33, -0.8000, -7.114
24.34, -0.8000, -7.666
24.35, -0.8000, -5.843
24.36, -0.8000, -7.233
24.37, -0.8000, -6.447
24.38, -0.8000, -6.583
24.39, -0.8000, -6.943
24.40, -0.8000, -7.215
24.41, -0.8000, -7.102
24.42, -0.8000, -5.527
24.43, -0.8000, -6.479
24.44, -0.8000, -6.021
24.45, -0.8000, -5.593
24.46, -0.8000, -7.003
24.47, -0.8000, -7.119
24.48, -0.8000, -6.727
24.49, -0.8000, -7.518
24.50, -0.8000, -8.466
24.51, -0.8000, -7.190
24.52, -0.8000, -7.316
24.53, -0.8000, -6.494
24.54, -0.8000, -7.142
24.55, -0.8000, -6.415
24.56, -0.8000, -5.867
24.57, -0.8000, -6.958
24.58, -0.8000, -6.551
24.59, -0.8000, -6.316
24.60, -0.8000, -6.658
24.61, -0.8000, -6.497
24.62, -0.8000, -7.684
24.63, -0.8000, -6.079
24.64, -0.8000, -5.663
24.65, -0.8000, -6.914
24.66, -0.8000, -6.327
24.67, -0.8000, -7.484
24.68, -0.8000, -5.609
24.69, -0.8000, -5.973
24.70, -0.8000, -6.477
24.71, -0.8000, -5.997
24.72, -0.8000, -5.891
24.73, -0.8000, -7.093
24.74, -0.8000, -7.058
24.75, -0.8000, -7.112
24.76, -0.8000, -7.284
24.77, -0.8000, -6.604
24.78, -0.8000, -6.518
24.79, -0.8000, -6.427
24.80, -0.8000, -6.801
24.81, -0.8000, -6.070
24.82, -0.8000, -6.760
24.83, -0.8000, -6.264
24.84, -0.8000, -7.105
24.85, -0.8000, -7.551
24.86, -0.8000, -6.577
24.87, -0.8000, -6.979
24.88, -0.8000, -7.516
24.89, -0.8000, -6.526
24.90, -0.8000, -7.456
24.91, -0.8000, -6.226
24.92, -0.8000, -7.971
24.93, -0.8000, -5.586
24.94, -0.8000, -7.864
24.95, -0.8000, -7.560
24.96, -0.8000, -7.229
24.97, -0.8000, -6.501
24.98, -0.8000, -6.009
24.99, -0.8000, -6.527
25.00, -0.8000, -7.109
25.01, -0.8000, -8.037
25.02, -0.8000, -6.251
25.03, -0.8000, -6.580
25.04, -0.8000, -6.672
25.05, -0.8000, -6.270
25.06, -0.8000, -5.994
25.07, -0.8000, -7.915
25.08, -0.8000, -7.280
25.09, -0.8000, -6.464
25.10, -0.8000, -6.593
25.11, -0.8000, -7.487
25.12, -0.8000, -6.432
25.13, -0.8000, -6.690
25.14, -0.8000, -7.083
25.15, -0.8000, -7.357
25.16, -0.8000, -7.045
25.17, -0.8000, -6.850
25.18, -0.8000, -6.587
25.19, -0.8000, -6.986
25.20, -0.8000, -6.042
25.21, -0.8000, -7.340
25.22, -0.8000, -6.872
25.23, -0.8000, -7.782
25.24, -0.8000, -7.195
25.25, -0.8000, -7.093
25.26, -0.8000, -7.172
25.27, -0.8000, -5.869
25.28, -0.8000, -6.787
25.29, -0.8000, -6.709
25.30, -0.8000, -6.048
25.31, -0.8000, -7.239
25.32, -0.8000, -7.418
25.33, -0.8000, -6.684
25.34, -0.8000, -6.719
25.35, -0.8000, -7.859
25.36, -0.8000, -6.866
25.37, -0.8000, -5.348
25.38, -0.8000, -5.688
25.39, -0.8000, -6.155
25.40, -0.8000, -6.856
25.41, -0.8000, -7.073
25.42, -0.8000, -6.963
25.43, -0.8000, -7.084
25.44, -0.8000, -6.463
25.45, -0.8000, -6.445
25.46, -0.8000, -6.914
25.47, -0.8000, -7.538
25.48, -0.8000, -6.735
25.49, -0.8000, -8.178
25.50, -0.8000, -7.335
25.51, -0.8000, -7.338
25.52, -0.8000, -6.606
25.53, -0.8000, -7.172
25.54, -0.8000, -6.863
25.55, -0.8000, -6.815
25.56, -0.8000, -7.158
25.57, -0.8000, -6.123
25.58, -0.8000, -7.282
25.59, -0.8000, -6.340
25.60, -0.8000, -6.706
25.61, -0.8000, -6.672
25.62, -0.8000, -6.326
25.63, -0.8000, -6.654
25.64, -0.8000, -6.360
25.65, -0.8000, -6.022
25.66, -0.8000, -7.202
25.67, -0.8000, -7.333
25.68, -0.8000, -6.786
25.69, -0.8000, -6.506
25.70, -0.8000, -7.632
25.71, -0.8000, -7.736
25.72, -0.8000, -6.253
25.73, -0.8000, -6.994
25.74, -0.8000, -5.584
25.75, -0.8000, -6.972
25.76, -0.8000, -6.912
25.77, -0.8000, -7.033
25.78, -0.8000, -6.772
25.79, -0.8000, -7.517
25.80, -0.8000, -6.487
25.81, -0.8000, -6.447
25.82, -0.8000, -6.244
25.83, -0.8000, -7.820
25.84, -0.8000, -7.042
25.85, -0.8000, -8.478
25.86, -0.8000, -5.869
25.87, -0.8000, -6.764
25.88, -0.8000, -4.773
25.89, -0.8000, -6.471
25.90, -0.8000, -6.468
25.91, -0.8000, -7.079
25.92, -0.8000, -6.824
25.93, -0.8000, -6.063
25.94, -0.8000, -5.486
25.95, -0.8000, -6.429
25.96, -0.8000, -6.090
25.97, -0.8000, -6.630
25.98, -0.8000, -6.020
25.99, -0.8000, -6.751
26.00, -0.8000, -6.197
26.01, -0.8000, -7.108
26.02, -0.8000, -8.570
26.03, -0.8000, -7.197
26.04, -0.8000, -8.648
26.05, -0.8000, -6.789
26.06, -0.8000, -6.553
26.07, -0.8000, -6.726
26.08, -0.8000, -6.953
26.09, -0.8000, -6.452
26.10, -0.8000, -6.516
26.11, -0.8000, -6.864
26.12, -0.8000, -7.156
26.13, -0.8000, -7.511
26.14, -0.8000, -6.750
26.15, -0.8000, -6.865
26.16, -0.8000, -6.547
26.17, -0.8000, -6.519
26.18, -0.8000, -6.587
26.19, -0.8000, -6.928
26.20, -0.8000, -6.545
26.21, -0.8000, -7.843
26.22, -0.8000, -7.360
26.23, -0.8000, -6.019
26.24, -0.8000, -6.734
26.25, -0.8000, -6.946
26.26, -0.8000, -6.960
26.27, -0.8000, -6.446
26.28, -0.8000, -7.126
26.29, -0.8000, -7.241
26.30, -0.8000, -7.305
26.31, -0.8000, -6.434
26.32, -0.8000, -6.153
26.33, -0.8000, -7.630
26.34, -0.8000, -6.483
26.35, -0.8000, -6.436
26.36, -0.8000, -5.957
26.37, -0.8000, -8.521
26.38, -0.8000, -7.246
26.39, -0.8000, -6.447
26.40, -0.8000, -7.815
26.41, -0.8000, -6.603
26.42, -0.8000, -6.528
26.43, -0.8000, -7.099
26.44, -0.8000, -6.690
26.45, -0.8000, -7.145
26.46, -0.8000, -7.681
26.47, -0.8000, -4.991
26.48, -0.8000, -6.911
26.49, -0.8000, -6.934
26.50, -0.8000, -7.340
26.51, -0.8000, -7.236
26.52, -0.8000, -6.125
26.53, -0.8000, -6.809
26.54, -0.8000, -6.938
26.55, -0.8000, -7.218
26.56, -0.8000, -7.321
26.57, -0.8000, -7.450
26.58, -0.8000, -7.338
26.59, -0.8000, -6.737
26.60, -0.8000, -6.749
26.61, -0.8000, -6.842
26.62, -0.8000, -6.609
26.63, -0.8000, -6.570
26.64, -0.8000, -6.606
26.65, -0.8000, -6.447
26.66, -0.8000, -6.396
26.67, -0.8000, -7.039
26.68, -0.8000, -6.744
26.69, -0.8000, -6.892
26.70, -0.8000, -6.101
26.71, -0.8000, -6.370
26.72, -0.8000, -6.650
26.73, -0.8000, -6.686
26.74, -0.8000, -5.735
26.75, -0.8000, -7.281
26.76, -0.8000, -7.616
26.77, -0.8000, -6.624
26.78, -0.8000, -5.886
26.79, -0.8000, -6.764
26.80, -0.8000, -6.312
26.81, -0.8000, -7.332
26.82, -0.8000, -7.609
26.83, -0.8000, -6.850
26.84, -0.8000, -6.732
26.85, -0.8000, -7.686
26.86, -0.8000, -6.491
26.87, -0.8000, -7.632
26.88, -0.8000, -6.594
26.89, -0.8000, -6.176
26.90, -0.8000, -6.475
26.91, -0.8000, -6.681
26.92, -0.8000, -7.633
26.93, -0.8000, -7.502
26.94, -0.8000, -6.703
26.95, -0.8000, -6.133
26.96, -0.8000, -7.778
26.97, -0.8000, -7.389
26.98, -0.8000, -6.444
26.99, -0.8000, -7.278
27.00, -0.8000, -8.250
27.01, -0.8000, -7.318
27.02, -0.8000, -6.736
27.03, -0.8000, -5.387
27.04, -0.8000, -6.771
27.05, -0.8000, -7.255
27.06, -0.8000, -6.365
27.07, -0.8000, -7.271
27.08, -0.8000, -6.343
27.09, -0.8000, -6.194
27.10, -0.8000, -7.434
27.11, -0.8000, -6.597
27.12, -0.8000, -7.887
27.13, -0.8000, -7.073
27.14, -0.8000, -6.302
27.15, -0.8000, -7.794
27.16, -0.8000, -6.383
27.17, -0.8000, -7.295
27.18, -0.8000, -6.271
27.19, -0.8000, -7.541
27.20, -0.8000, -6.343
27.21, -0.8000, -7.330
27.22, -0.8000, -6.833
27.23, -0.8000, -6.929
27.24, -0.8000, -6.415
27.25, -0.8000, -8.005
27.26, -0.8000, -6.583
27.27, -0.8000, -6.598
27.28, -0.8000, -5.351
27.29, -0.8000, -6.347
27.30, -0.8000, -7.260
27.31, -0.8000, -7.409
27.32, -0.8000, -7.922
27.33, -0.8000, -6.921
27.34, -0.8000, -6.249
27.35, -0.8000, -7.602
27.36, -0.8000, -7.039
27.37, -0.8000, -6.792
27.38, -0.8000, -6.490
27.39, -0.8000, -6.843
27.40, -0.8000, -7.446
27.41, -0.8000, -6.842
27.42, -0.8000, -8.005
27.43, -0.8000, -5.362
27.44, -0.8000, -5.415
27.45, -0.8000, -7.486
27.46, -0.8000, -6.435
27.47, -0.8000, -7.715
27.48, -0.8000, -7.153
27.49, -0.8000, -7.749
27.50, -0.8000, -7.034
27.51, -0.8000, -6.131
27.52, -0.8000, -7.485
27.53, -0.8000, -6.269
27.54, -0.8000, -5.728
27.55, -0.8000, -6.264
27.56, -0.8000, -6.621
27.57, -0.8000, -6.751
27.58, -0.8000, -7.044
27.59, -0.8000, -7.022
27.60, -0.8000, -5.807
27.61, -0.8000, -7.242
27.62, -0.8000, -7.040
27.63, -0.8000, -7.555
27.64, -0.8000, -6.724
27.65, -0.8000, -6.274
27.66, -0.8000, -6.623
27.67, -0.8000, -6.058
27.68, -0.8000, -5.913
27.69, -0.8000, -6.732
27.70, -0.8000, -6.343
27.71, -0.8000, -7.595
27.72, -0.8000, -6.683
27.73, -0.8000, -7.595
27.74, -0.8000, -7.018
27.75, -0.8000, -6.252
27.76, -0.8000, -7.954
27.77, -0.8000, -7.539
27.78, -0.8000, -6.979
27.79, -0.8000, -6.584
27.80, -0.8000, -6.979
27.81, -0.8000, -6.631
27.82, -0.8000, -5.311
27.83, -0.8000, -5.951
27.84, -0.8000, -6.371
27.85, -0.8000, -6.864
27.86, -0.8000, -6.831
27.87, -0.8000, -7.236
27.88, -0.8000, -6.928
27.89, -0.8000, -6.442
27.90, -0.8000, -5.814
27.91, -0.8000, -5.893
27.92, -0.8000, -6.852
27.93, -0.8000, -5.843
27.94, -0.8000, -5.205
27.95, -0.8000, -6.724
27.96, -0.8000, -6.402
27.97, -0.8000, -7.266
27.98, -0.8000, -6.551
27.99, -0.8000, -6.192
28.00, -0.8000, -6.949
28.01, -0.8000, -6.033
28.02, -0.8000, -6.530
28.03, -0.8000, -6.438
28.04, -0.8000, -7.327
28.05, -0.8000, -7.308
28.06, -0.8000, -6.086
28.07, -0.8000, -5.654
28.08, -0.8000, -6.332
28.09, -0.8000, -6.063
28.10, -0.8000, -6.773
28.11, -0.8000, -6.710
28.12, -0.8000, -8.233
28.13, -0.8000, -5.859
28.14, -0.8000, -7.310
28.15, -0.8000, -7.176
28.16, -0.8000, -7.309
28.17, -0.8000, -7.394
28.18, -0.8000, -6.982
28.19, -0.8000, -7.722
28.20, -0.8000, -5.785
28.21, -0.8000, -6.665
28.22, -0.8000, -5.381
28.23, -0.8000, -7.329
28.24, -0.8000, -6.925
28.25, -0.8000, -5.880
28.26, -0.8000, -6.770
28.27, -0.8000, -6.499
28.28, -0.8000, -7.782
28.29, -0.8000, -7.283
28.30, -0.8000, -7.800
28.31, -0.8000, -6.869
28.32, -0.8000, -6.619
28.33, -0.8000, -5.708
28.34, -0.8000, -5.848
28.35, -0.8000, -5.501
28.36, -0.8000, -5.722
28.37, -0.8000, -6.306
28.38, -0.8000, -6.246
28.39, -0.8000, -6.704
28.40, -0.8000, -7.164
28.41, -0.8000, -6.280
28.42, -0.8000, -6.096
28.43, -0.8000, -6.878
28.44, -0.8000, -8.542
28.45, -0.8000, -6.696
28.46, -0.8000, -6.562
28.47, -0.8000, -6.305
28.48, -0.8000, -6.272
28.49, -0.8000, -5.976
28.50, -0.8000, -6.845
28.51, -0.8000, -7.127
28.52, -0.8000, -5.914
28.53, -0.8000, -6.411
28.54, -0.8000, -6.425
28.55, -0.8000, -6.883
28.56, -0.8000, -7.692
28.57, -0.8000, -6.316
28.58, -0.8000, -6.594
28.59, -0.8000, -5.736
28.60, -0.8000, -6.727
28.61, -0.8000, -6.887
28.62, -0.8000, -5.277
28.63, -0.8000, -6.882
28.64, -0.8000, -6.297
28.65, -0.8000, -7.321
28.66, -0.8000, -7.401
28.67, -0.8000, -6.667
28.68, -0.8000, -6.703
28.69, -0.8000, -5.372
28.70, -0.8000, -6.715
28.71, -0.8000, -6.942
28.72, -0.8000, -5.709
28.73, -0.8000, -7.657
28.74, -0.8000, -6.440
28.75, -0.8000, -6.591
28.76, -0.8000, -4.945
28.77, -0.8000, -5.860
28.78, -0.8000, -7.318
28.79, -0.8000, -6.095
28.80, -0.8000, -6.087
28.81, -0.8000, -6.717
28.82, -0.8000, -6.240
28.83, -0.8000, -6.273
28.84, -0.8000, -5.945
28.85, -0.8000, -7.032
28.86, -0.8000, -6.382
28.87, -0.8000, -5.992
28.88, -0.8000, -6.531
28.89, -0.8000, -6.416
28.90, -0.8000, -6.607
28.91, -0.8000, -6.461
28.92, -0.8000, -6.206
28.93, -0.8000, -6.937
28.94, -0.8000, -7.197
28.95, -0.8000, -7.330
28.96, -0.8000, -7.027
28.97, -0.8000, -6.264
28.98, -0.8000, -5.781
28.99, -0.8000, -6.460
29.00, -0.8000, -7.428
29.01, -0.8000, -7.365
29.02, -0.8000, -7.199
29.03, -0.8000, -6.851
29.04, -0.8000, -6.622
29.05, -0.8000, -5.866
29.06, -0.8000, -6.404
29.07, -0.8000, -6.359
29.08, -0.8000, -6.551
29.09, -0.8000, -6.895
29.10, -0.8000, -7.508
29.11, -0.8000, -6.480
29.12, -0.8000, -6.395
29.13, -0.8000, -6.378
29.14, -0.8000, -6.450
29.15, -0.8000, -7.281
29.16, -0.8000, -6.700
29.17, -0.8000, -6.317
29.18, -0.8000, -5.908
29.19, -0.8000, -5.894
29.20, -0.8000, -5.454
29.21, -0.8000, -7.747
29.22, -0.8000, -6.313
29.23, -0.8000, -6.501
29.24, -0.8000, -6.401
29.25, -0.8000, -6.150
29.26, -0.8000, -6.981
29.27, -0.8000, -5.624
29.28, -0.8000, -6.967
29.29, -0.8000, -7.070
29.30, -0.8000, -6.251
29.31, -0.8000, -7.697
29.32, -0.8000, -6.722
29.33, -0.8000, -6.654
29.34, -0.8000, -6.006
29.35, -0.8000, -6.017
29.36, -0.8000, -6.391
29.37, -0.8000, -5.031
29.38, -0.8000, -6.802
29.39, -0.8000, -6.926
29.40, -0.8000, -6.406
29.41, -0.8000, -7.736
29.42, -0.8000, -6.385
29.43, -0.8000, -6.365
29.44, -0.8000, -5.977
29.45, -0.8000, -7.126
29.46, -0.8000, -7.307
29.47, -0.8000, -6.021
29.48, -0.8000, -6.474
29.49, -0.8000, -6.635
29.50, -0.8000, -5.874
29.51, -0.8000, -6.444
29.52, -0.8000, -6.524
29.53, -0.8000, -6.806
29.54, -0.8000, -7.233
29.55, -0.8000, -6.885
29.56, -0.8000, -6.656
29.57, -0.8000, -6.800
29.58, -0.8000, -6.321
29.59, -0.8000, -7.350
29.60, -0.8000, -6.693
29.61, -0.8000, -6.609
29.62, -0.8000, -6.395
29.63, -0.8000, -5.805
29.64, -0.8000, -6.019
29.65, -0.8000, -6.870
29.66, -0.8000, -6.926
29.67, -0.8000, -7.357
29.68, -0.8000, -5.921
29.69, -0.8000, -7.472
29.70, -0.8000, -6.557
29.71, -0.8000, -5.655
29.72, -0.8000, -6.619
29.73, -0.8000, -6.285
29.74, -0.8000, -6.863
29.75, -0.8000, -6.725
29.76, -0.8000, -7.339
29.77, -0.8000, -6.181
29.78, -0.8000, -5.614
29.79, -0.8000, -7.169
29.80, -0.8000, -6.010
29.81, -0.8000, -6.391
29.82, -0.8000, -5.872
29.83, -0.8000, -6.585
29.84, -0.8000, -6.499
29.85, -0.8000, -6.571
29.86, -0.8000, -6.646
29.87, -0.8000, -6.869
29.88, -0.8000, -6.782
29.89, -0.8000, -6.603
29.90, -0.8000, -6.418
29.91, -0.8000, -6.601
29.92, -0.8000, -6.818
29.93, -0.8000, -6.182
29.94, -0.8000, -5.818
29.95, -0.8000, -7.329
29.96, -0.8000, -7.435
29.97, -0.8000, -6.313
29.98, -0.8000, -6.306
29.99, -0.8000, -6.907
30.00, -0.8000, -5.945
30.01, -0.8000, -5.917
30.02, -0.8000, -6.457
30.03, -0.8000, -6.607
30.04, -0.8000, -5.627
30.05, -0.8000, -6.729
30.06, -0.8000, -7.396
30.07, -0.8000, -6.678
30.08, -0.8000, -6.443
30.09, -0.8000, -5.724
30.10, -0.8000, -6.392
30.11, -0.8000, -6.432
30.12, -0.8000, -6.836
30.13, -0.8000, -7.920
30.14, -0.8000, -7.362
30.15, -0.8000, -6.015
30.16, -0.8000, -6.859
30.17, -0.8000, -7.035
30.18, -0.8000, -6.791
30.19, -0.8000, -6.469
30.20, -0.8000, -6.093
30.21, -0.8000, -6.142
30.22, -0.8000, -7.312
30.23, -0.8000, -6.700
30.24, -0.8000, -5.960
30.25, -0.8000, -5.877
30.26, -0.8000, -5.468
30.27, -0.8000, -6.664
30.28, -0.8000, -6.748
30.29, -0.8000, -6.061
30.30, -0.8000, -7.112
30.31, -0.8000, -6.431
30.32, -0.8000, -6.267
30.33, -0.8000, -6.076
30.34, -0.8000, -6.788
30.35, -0.8000, -6.360
30.36, -0.8000, -6.803
30.37, -0.8000, -6.854
30.38, -0.8000, -6.363
30.39, -0.8000, -5.640
30.40, -0.8000, -6.159
30.41, -0.8000, -6.823
30.42, -0.8000, -6.441
30.43, -0.8000, -7.440
30.44, -0.8000, -6.395
30.45, -0.8000, -6.663
30.46, -0.8000, -6.666
30.47, -0.8000, -6.132
30.48, -0.8000, -6.832
30.49, -0.8000, -5.347
30.50, -0.8000, -7.128
30.51, -0.8000, -6.063
30.52, -0.8000, -6.489
30.53, -0.8000, -6.890
30.54, -0.8000, -6.204
30.55, -0.8000, -6.444
30.56, -0.8000, -6.365
30.57, -0.8000, -6.546
30.58, -0.8000, -6.833
30.59, -0.8000, -6.491
30.60, -0.8000, -6.151
30.61, -0.8000, -6.281
30.62, -0.8000, -6.607
30.63, -0.8000, -6.931
30.64, -0.8000, -6.449
30.65, -0.8000, -7.037
30.66, -0.8000, -6.600
30.67, -0.8000, -6.370
30.68, -0.8000, -7.204
30.69, -0.8000, -6.324
30.70, -0.8000, -6.832
30.71, -0.8000, -6.182
30.72, -0.8000, -5.868
30.73, -0.8000, -6.738
30.74, -0.8000, -7.786
30.75, -0.8000, -6.927
30.76, -0.8000, -5.893
30.77, -0.8000, -5.690
30.78, -0.8000, -6.121
30.79, -0.8000, -6.026
30.80, -0.8000, -6.053
30.81, -0.8000, -6.324
30.82, -0.8000, -5.894
30.83, -0.8000, -7.504
30.84, -0.8000, -6.164
30.85, -0.8000, -7.185
30.86, -0.8000, -6.042
30.87, -0.8000, -7.245
30.88, -0.8000, -5.299
30.89, -0.8000, -5.962
30.90, -0.8000, -6.735
30.91, -0.8000, -6.283
30.92, -0.8000, -6.648
30.93, -0.8000, -5.185
30.94, -0.8000, -7.062
30.95, -0.8000, -5.919
30.96, -0.8000, -6.777
30.97, -0.8000, -6.606
30.98, -0.8000, -6.398
30.99, -0.8000, -6.405
31.00, -0.8000, -6.477
31.01, -0.8000, -5.650
31.02, -0.8000, -6.022
31.03, -0.8000, -7.431
31.04, -0.8000, -7.017
31.05, -0.8000, -6.067
31.06, -0.8000, -6.544
31.07, -0.8000, -6.322
31.08, -0.8000, -6.907
31.09, -0.8000, -7.014
31.10, -0.8000, -5.979
31.11, -0.8000, -6.656
31.12, -0.8000, -5.177
31.13, -0.8000, -5.695
31.14, -0.8000, -7.751
31.15, -0.8000, -7.715
31.16, -0.8000, -7.617
31.17, -0.8000, -7.463
31.18, -0.8000, -5.739
31.19, -0.8000, -6.910
31.20, -0.8000, -5.106
31.21, -0.8000, -6.359
31.22, -0.8000, -7.091
31.23, -0.8000, -6.137
31.24, -0.8000, -6.045
31.25, -0.8000, -6.450
31.26, -0.8000, -5.611
31.27, -0.8000, -6.436
31.28, -0.8000, -6.759
31.29, -0.8000, -6.506
31.30, -0.8000, -6.601
31.31, -0.8000, -6.401
31.32, -0.8000, -6.438
31.33, -0.8000, -5.734
31.34, -0.8000, -7.177
31.35, -0.8000, -6.370
31.36, -0.8000, -5.519
31.37, -0.8000, -6.278
31.38, -0.8000, -5.757
31.39, -0.8000, -5.163
31.40, -0.8000, -7.398
31.41, -0.8000, -6.965
31.42, -0.8000, -6.666
31.43, -0.8000, -5.908
31.44, -0.8000, -6.788
31.45, -0.8000, -6.061
31.46, -0.8000, -6.515
31.47, -0.8000, -5.471
31.48, -0.8000, -5.134
31.49, -0.8000, -6.543
31.50, -0.8000, -6.003
31.51, -0.8000, -7.173
31.52, -0.8000, -5.975
31.53, -0.8000, -5.796
31.54, -0.8000, -5.309
31.55, -0.8000, -5.660
31.56, -0.8000, -6.009
31.57, -0.8000, -5.953
31.58, -0.8000, -6.482
31.59, -0.8000, -6.772
31.60, -0.8000, -6.055
31.61, -0.8000, -6.570
31.62, -0.8000, -5.613
31.63, -0.8000, -6.728
31.64, -0.8000, -6.830
31.65, -0.8000, -6.055
31.66, -0.8000, -6.296
31.67, -0.8000, -5.159
31.68, -0.8000, -5.335
31.69, -0.8000, -5.643
31.70, -0.8000, -6.040
31.71, -0.8000, -5.082
31.72, -0.8000, -7.849
31.73, -0.8000, -6.451
31.74, -0.8000, -6.174
31.75, -0.8000, -7.022
31.76, -0.8000, -5.913
31.77, -0.8000, -6.178
31.78, -0.8000, -6.257
31.79, -0.8000, -6.110
31.80, -0.8000, -7.246
31.81, -0.8000, -6.047
31.82, -0.8000, -7.210
31.83, -0.8000, -7.707
31.84, -0.8000, -5.865
31.85, -0.8000, -5.432
31.86, -0.8000, -6.359
31.87, -0.8000, -6.478
31.88, -0.8000, -6.455
31.89, -0.8000, -7.253
31.90, -0.8000, -7.078
31.91, -0.8000, -6.666
31.92, -0.8000, -5.872
31.93, -0.8000, -5.312
31.94, -0.8000, -6.905
31.95, -0.8000, -6.308
31.96, -0.8000, -6.108
31.97, -0.8000, -4.625
31.98, -0.8000, -5.382
31.99, -0.8000, -6.778
32.00, -0.8000, -6.611
32.01, -0.8000, -6.061
32.02, -0.8000, -5.312
32.03, -0.8000, -5.977
32.04, -0.8000, -7.036
32.05, -0.8000, -6.807
32.06, -0.8000, -6.323
32.07, -0.8000, -5.576
32.08, -0.8000, -6.717
32.09, -0.8000, -5.791
32.10, -0.8000, -7.004
32.11, -0.8000, -6.908
32.12, -0.8000, -6.174
32.13, -0.8000, -6.260
32.14, -0.8000, -6.443
32.15, -0.8000, -6.183
32.16, -0.8000, -7.172
32.17, -0.8000, -5.863
32.18, -0.8000, -5.897
32.19, -0.8000, -7.827
32.20, -0.8000, -5.303
32.21, -0.8000, -7.271
32.22, -0.8000, -6.645
32.23, -0.8000, -6.199
32.24, -0.8000, -6.879
32.25, -0.8000, -4.656
32.26, -0.8000, -6.190
32.27, -0.8000, -6.856
32.28, -0.8000, -6.965
32.29, -0.8000, -5.780
32.30, -0.8000, -6.472
32.31, -0.8000, -6.213
32.32, -0.8000, -6.902
32.33, -0.8000, -5.929
32.34, -0.8000, -6.546
32.35, -0.8000, -7.176
32.36, -0.8000, -5.759
32.37, -0.8000, -6.103
32.38, -0.8000, -5.951
32.39, -0.8000, -6.333
32.40, -0.8000, -6.187
32.41, -0.8000, -7.420
32.42, -0.8000, -6.701
32.43, -0.8000, -5.986
32.44, -0.8000, -6.407
32.45, -0.8000, -8.821
32.46, -0.8000, -6.906
32.47, -0.8000, -6.805
32.48, -0.8000, -5.775
32.49, -0.8000, -6.211
32.50, -0.8000, -5.006
32.51, -0.8000, -6.852
32.52, -0.8000, -6.654
32.53, -0.8000, -6.075
32.54, -0.8000, -7.308
32.55, -0.8000, -6.275
32.56, -0.8000, -6.862
32.57, -0.8000, -6.843
32.58, -0.8000, -6.280
32.59, -0.8000, -6.054
32.60, -0.8000, -6.828
32.61, -0.8000, -6.080
32.62, -0.8000, -6.348
32.63, -0.8000, -6.603
32.64, -0.8000, -6.298
32.65, -0.8000, -6.477
32.66, -0.8000, -6.510
32.67, -0.8000, -6.696
32.68, -0.8000, -6.132
32.69, -0.8000, -6.562
32.70, -0.8000, -6.220
32.71, -0.8000, -6.755
32.72, -0.8000, -6.043
32.73, -0.8000, -6.723
32.74, -0.8000, -5.750
32.75, -0.8000, -6.103
32.76, -0.8000, -6.178
32.77, -0.8000, -7.249
32.78, -0.8000, -5.900
32.79, -0.8000, -5.938
32.80, -0.8000, -5.995
32.81, -0.8000, -4.915
32.82, -0.8000, -7.425
32.83, -0.8000, -6.457
32.84, -0.8000, -5.872
32.85, -0.8000, -6.874
32.86, -0.8000, -6.137
32.87, -0.8000, -6.557
32.88, -0.8000, -4.831
32.89, -0.8000, -6.102
32.90, -0.8000, -7.334
32.91, -0.8000, -5.721
32.92, -0.8000, -7.106
32.93, -0.8000, -6.682
32.94, -0.8000, -5.783
32.95, -0.8000, -5.696
32.96, -0.8000, -5.668
32.97, -0.8000, -6.911
32.98, -0.8000, -6.048
32.99, -0.8000, -6.585
33.00, -0.8000, -7.065
33.01, -0.8000, -6.607
33.02, -0.8000, -6.269
33.03, -0.8000, -7.337
33.04, -0.8000, -6.132
33.05, -0.8000, -5.505
33.06, -0.8000, -6.188
33.07, -0.8000, -7.569
33.08, -0.8000, -6.495
33.09, -0.8000, -6.177
33.10, -0.8000, -6.367
33.11, -0.8000, -4.471
33.12, -0.8000, -5.732
33.13, -0.8000, -6.211
33.14, -0.8000, -7.864
33.15, -0.8000, -6.201
33.16, -0.8000, -5.970
33.17, -0.8000, -5.983
33.18, -0.8000, -6.039
33.19, -0.8000, -6.297
33.20, -0.8000, -6.077
33.21, -0.8000, -5.752
33.22, -0.8000, -6.119
33.23, -0.8000, -8.105
33.24, -0.8000, -6.516
33.25, -0.8000, -5.921
33.26, -0.8000, -6.878
33.27, -0.8000, -6.501
33.28, -0.8000, -7.126
33.29, -0.8000, -6.714
33.30, -0.8000, -7.114
33.31, -0.8000, -8.024
33.32, -0.8000, -6.144
33.33, -0.8000, -6.842
33.34, -0.8000, -6.429
33.35, -0.8000, -6.508
33.36, -0.8000, -5.973
33.37, -0.8000, -6.386
33.38, -0.8000, -6.432
33.39, -0.8000, -6.293
33.40, -0.8000, -6.469
33.41, -0.8000, -7.485
33.42, -0.8000, -6.577
33.43, -0.8000, -6.194
33.44, -0.8000, -6.324
33.45, -0.8000, -6.969
33.46, -0.8000, -6.110
33.47, -0.8000, -7.605
33.48, -0.8000, -4.797
33.49, -0.8000, -7.178
33.50, -0.8000, -6.709
33.51, -0.8000, -6.466
33.52, -0.8000, -6.616
33.53, -0.8000, -6.716
33.54, -0.8000, -6.157
33.55, -0.8000, -5.959
33.56, -0.8000, -6.012
33.57, -0.8000, -6.604
33.58, -0.8000, -6.120
33.59, -0.8000, -6.956
33.60, -0.8000, -4.630
33.61, -0.8000, -7.263
33.62, -0.8000, -6.723
33.63, -0.8000, -6.694
33.64, -0.8000, -7.689
33.65, -0.8000, -5.280
33.66, -0.8000, -6.680
33.67, -0.8000, -6.157
33.68, -0.8000, -6.330
33.69, -0.8000, -6.783
33.70, -0.8000, -6.525
33.71, -0.8000, -7.065
33.72, -0.8000, -6.219
33.73, -0.8000, -6.626
33.74, -0.8000, -6.352
33.75, -0.8000, -4.622
33.76, -0.8000, -6.431
33.77, -0.8000, -5.802
33.78, -0.8000, -6.471
33.79, -0.8000, -6.711
33.80, -0.8000, -4.992
33.81, -0.8000, -5.221
33.82, -0.8000, -6.521
33.83, -0.8000, -7.436
33.84, -0.8000, -6.674
33.85, -0.8000, -5.599
33.86, -0.8000, -6.617
33.87, -0.8000, -7.170
33.88, -0.8000, -6.410
33.89, -0.8000, -6.962
33.90, -0.8000, -5.942
33.91, -0.8000, -6.052
33.92, -0.8000, -6.774
33.93, -0.8000, -5.718
33.94, -0.8000, -6.182
33.95, -0.8000, -4.713
33.96, -0.8000, -6.010
33.97, -0.8000, -5.972
33.98, -0.8000, -6.372
33.99, -0.8000, -5.261
34.00, -0.8000, -5.826
34.01, -0.8000, -5.992
34.02, -0.8000, -6.081
34.03, -0.8000, -6.963
34.04, -0.8000, -6.084
34.05, -0.8000, -7.050
34.06, -0.8000, -7.236
34.07, -0.8000, -5.308
34.08, -0.8000, -5.899
34.09, -0.8000, -6.240
34.10, -0.8000, -7.195
34.11, -0.8000, -5.577
34.12, -0.8000, -5.434
34.13, -0.8000, -6.215
34.14, -0.8000, -6.041
34.15, -0.8000, -6.960
34.16, -0.8000, -6.204
34.17, -0.8000, -6.189
34.18, -0.8000, -5.980
34.19, -0.8000, -5.705
34.20, -0.8000, -6.986
34.21, -0.8000, -6.748
34.22, -0.8000, -6.740
34.23, -0.8000, -6.354
34.24, -0.8000, -5.946
34.25, -0.8000, -6.871
34.26, -0.8000, -6.380
34.27, -0.8000, -6.945
34.28, -0.8000, -6.310
34.29, -0.8000, -6.215
34.30, -0.8000, -5.440
34.31, -0.8000, -6.782
34.32, -0.8000, -6.170
34.33, -0.8000, -5.990
34.34, -0.8000, -5.821
34.35, -0.8000, -5.880
34.36, -0.8000, -7.861
34.37, -0.8000, -6.453
34.38, -0.8000, -6.268
34.39, -0.8000, -6.507
34.40, -0.8000, -5.822
34.41, -0.8000, -5.774
34.42, -0.8000, -6.703
34.43, -0.8000, -5.737
34.44, -0.8000, -6.642
34.45, -0.8000, -5.922
34.46, -0.8000, -5.161
34.47, -0.8000, -6.254
34.48, -0.8000, -6.453
34.49, -0.8000, -7.066
34.50, -0.8000, -5.777
34.51, -0.8000, -5.403
34.52, -0.8000, -5.584
34.53, -0.8000, -6.477
34.54, -0.8000, -6.930
34.55, -0.8000, -6.723
34.56, -0.8000, -6.061
34.57, -0.8000, -5.040
34.58, -0.8000, -6.319
34.59, -0.8000, -6.772
34.60, -0.8000, -5.476
34.61, -0.8000, -6.195
34.62, -0.8000, -5.572
34.63, -0.8000, -6.543
34.64, -0.8000, -5.726
34.65, -0.8000, -6.157
34.66, -0.8000, -5.657
34.67, -0.8000, -5.969
34.68, -0.8000, -6.055
34.69, -0.8000, -6.339
34.70, -0.8000, -6.574
34.71, -0.8000, -6.635
34.72, -0.8000, -5.998
34.73, -0.8000, -7.306
34.74, -0.8000, -5.487
34.75, -0.8000, -6.224
34.76, -0.8000, -7.177
34.77, -0.8000, -5.899
34.78, -0.8000, -6.346
34.79, -0.8000, -6.360
34.80, -0.8000, -6.791
34.81, -0.8000, -6.580
34.82, -0.8000, -6.602
34.83, -0.8000, -6.181
34.84, -0.8000, -5.173
34.85, -0.8000, -5.848
34.86, -0.8000, -6.057
34.87, -0.8000, -6.672
34.88, -0.8000, -6.921
34.89, -0.8000, -5.801
34.90, -0.8000, -6.998
34.91, -0.8000, -6.632
34.92, -0.8000, -6.344
34.93, -0.8000, -5.839
34.94, -0.8000, -5.586
34.95, -0.8000, -6.336
34.96, -0.8000, -6.043
34.97, -0.8000, -6.387
34.98, -0.8000, -6.955
34.99, -0.8000, -5.222
35.00, -0.8000, -6.869
35.01, -0.8000, -6.163
35.02, -0.8000, -6.727
35.03, -0.8000, -7.191
35.04, -0.8000, -6.476
35.05, -0.8000, -6.842
35.06, -0.8000, -6.390
35.07, -0.8000, -5.752
35.08, -0.8000, -5.455
35.09, -0.8000, -6.675
35.10, -0.8000, -6.635
35.11, -0.8000, -7.443
35.12, -0.8000, -6.728
35.13, -0.8000, -7.671
35.14, -0.8000, -4.696
35.15, -0.8000, -6.029
35.16, -0.8000, -6.767
35.17, -0.8000, -5.666
35.18, -0.8000, -6.600
35.19, -0.8000, -5.440
35.20, -0.8000, -6.068
35.21, -0.8000, -5.575
35.22, -0.8000, -6.102
35.23, -0.8000, -5.824
35.24, -0.8000, -5.825
35.25, -0.8000, -5.934
35.26, -0.8000, -6.122
35.27, -0.8000, -6.407
35.28, -0.8000, -7.344
35.29, -0.8000, -6.010
35.30, -0.8000, -6.876
35.31, -0.8000, -6.266
35.32, -0.8000, -6.681
35.33, -0.8000, -6.334
35.34, -0.8000, -6.598
35.35, -0.8000, -6.486
35.36, -0.8000, -5.471
35.37, -0.8000, -6.714
35.38, -0.8000, -6.355
35.39, -0.8000, -5.988
35.40, -0.8000, -6.503
35.41, -0.8000, -5.662
35.42, -0.8000, -6.179
35.43, -0.8000, -6.285
35.44, -0.8000, -5.457
35.45, -0.8000, -4.902
35.46, -0.8000, -6.775
35.47, -0.8000, -6.396
35.48, -0.8000, -6.240
35.49, -0.8000, -7.272
35.50, -0.8000, -5.505
35.51, -0.8000, -6.335
35.52, -0.8000, -5.720
35.53, -0.8000, -5.752
35.54, -0.8000, -5.836
35.55, -0.8000, -5.931
35.56, -0.8000, -6.653
35.57, -0.8000, -6.319
35.58, -0.8000, -5.889
35.59, -0.8000, -6.919
35.60, -0.8000, -8.487
35.61, -0.8000, -5.195
35.62, -0.8000, -6.415
35.63, -0.8000, -6.175
35.64, -0.8000, -7.237
35.65, -0.8000, -6.666
35.66, -0.8000, -5.598
35.67, -0.8000, -6.449
35.68, -0.8000, -5.860
35.69, -0.8000, -6.376
35.70, -0.8000, -6.117
35.71, -0.8000, -6.074
35.72, -0.8000, -6.631
35.73, -0.8000, -6.006
35.74, -0.8000, -6.083
35.75, -0.8000, -6.471
35.76, -0.8000, -5.990
35.77, -0.8000, -6.445
35.78, -0.8000, -6.393
35.79, -0.8000, -5.414
35.80, -0.8000, -6.744
35.81, -0.8000, -6.342
35.82, -0.8000, -5.337
35.83, -0.8000, -6.329
35.84, -0.8000, -5.850
35.85, -0.8000, -7.381
35.86, -0.8000, -5.244
35.87, -0.8000, -6.218
35.88, -0.8000, -6.726
35.89, -0.8000, -5.413
35.90, -0.8000, -6.780
35.91, -0.8000, -5.823
35.92, -0.8000, -6.580
35.93, -0.8000, -6.485
35.94, -0.8000, -5.526
35.95, -0.8000, -7.285
35.96, -0.8000, -6.355
35.97, -0.8000, -5.420
35.98, -0.8000, -7.474
35.99, -0.8000, -6.331
36.00, -0.8000, -5.976
36.01, -0.8000, -6.569
36.02, -0.8000, -5.997
36.03, -0.8000, -7.139
36.04, -0.8000, -6.131
36.05, -0.8000, -5.351
36.06, -0.8000, -5.419
36.07, -0.8000, -5.982
36.08, -0.8000, -6.398
36.09, -0.8000, -6.312
36.10, -0.8000, -6.402
36.11, -0.8000, -5.866
36.12, -0.8000, -5.823
36.13, -0.8000, -6.568
36.14, -0.8000, -6.334
36.15, -0.8000, -6.295
36.16, -0.8000, -6.351
36.17, -0.8000, -6.331
36.18, -0.8000, -6.379
36.19, -0.8000, -6.244
36.20, -0.8000, -5.985
36.21, -0.8000, -6.365
36.22, -0.8000, -6.396
36.23, -0.8000, -6.278
36.24, -0.8000, -6.788
36.25, -0.8000, -7.092
36.26, -0.8000, -6.777
36.27, -0.8000, -6.601
36.28, -0.8000, -6.394
36.29, -0.8000, -5.417
36.30, -0.8000, -5.892
36.31, -0.8000, -6.771
36.32, -0.8000, -6.159
36.33, -0.8000, -6.425
36.34, -0.8000, -5.876
36.35, -0.8000, -5.517
36.36, -0.8000, -6.317
36.37, -0.8000, -5.923
36.38, -0.8000, -6.687
36.39, -0.8000, -5.614
36.40, -0.8000, -6.457
36.41, -0.8000, -6.743
36.42, -0.8000, -6.152
36.43, -0.8000, -6.265
36.44, -0.8000, -5.783
36.45, -0.8000, -6.579
36.46, -0.8000, -6.479
36.47, -0.8000, -6.206
36.48, -0.8000, -6.390
36.49, -0.8000, -6.742
36.50, -0.8000, -6.125
36.51, -0.8000, -6.204
36.52, -0.8000, -6.151
36.53, -0.8000, -6.238
36.54, -0.8000, -6.716
36.55, -0.8000, -5.272
36.56, -0.8000, -6.483
36.57, -0.8000, -5.889
36.58, -0.8000, -5.408
36.59, -0.8000, -6.280
36.60, -0.8000, -6.605
36.61, -0.8000, -6.578
36.62, -0.8000, -6.249
36.63, -0.8000, -5.984
36.64, -0.8000, -6.519
36.65, -0.8000, -6.201
36.66, -0.8000, -7.043
36.67, -0.8000, -6.241
36.68, -0.8000, -6.476
36.69, -0.8000, -6.399
36.70, -0.8000, -6.517
36.71, -0.8000, -7.204
36.72, -0.8000, -6.986
36.73, -0.8000, -6.303
36.74, -0.8000, -6.357
36.75, -0.8000, -5.934
36.76, -0.8000, -6.818
36.77, -0.8000, -7.299
36.78, -0.8000, -6.094
36.79, -0.8000, -4.489
36.80, -0.8000, -6.868
36.81, -0.8000, -5.154
36.82, -0.8000, -7.011
36.83, -0.8000, -6.366
36.84, -0.8000, -5.833
36.85, -0.8000, -7.464
36.86, -0.8000, -6.307
36.87, -0.8000, -6.047
36.88, -0.8000, -6.580
36.89, -0.8000, -6.946
36.90, -0.8000, -6.616
36.91, -0.8000, -5.979
36.92, -0.8000, -6.519
36.93, -0.8000, -6.208
36.94, -0.8000, -6.972
36.95, -0.8000, -5.783
36.96, -0.8000, -6.193
36.97, -0.8000, -5.769
36.98, -0.8000, -6.096
36.99, -0.8000, -6.232
37.00, -0.8000, -5.188
37.01, -0.8000, -5.281
37.02, -0.8000, -5.870
37.03, -0.8000, -6.201
37.04, -0.8000, -4.943
37.05, -0.8000, -5.496
37.06, -0.8000, -4.539
37.07, -0.8000, -6.754
37.08, -0.8000, -5.947
37.09, -0.8000, -5.979
37.10, -0.8000, -6.431
37.11, -0.8000, -5.980
37.12, -0.8000, -6.541
37.13, -0.8000, -6.395
37.14, -0.8000, -5.858
37.15, -0.8000, -6.474
37.16, -0.8000, -4.941
37.17, -0.8000, -7.386
37.18, -0.8000, -6.697
37.19, -0.8000, -6.530
37.20, -0.8000, -6.119
37.21, -0.8000, -5.922
37.22, -0.8000, -6.332
37.23, -0.8000, -5.614
37.24, -0.8000, -6.963
37.25, -0.8000, -5.917
37.26, -0.8000, -6.429
37.27, -0.8000, -6.158
37.28, -0.8000, -5.195
37.29, -0.8000, -6.125
37.30, -0.8000, -6.033
37.31, -0.8000, -6.422
37.32, -0.8000, -6.507
37.33, -0.8000, -5.935
37.34, -0.8000, -5.906
37.35, -0.8000, -5.929
37.36, -0.8000, -5.470
37.37, -0.8000, -6.826
37.38, -0.8000, -6.912
37.39, -0.8000, -5.642
37.40, -0.8000, -6.206
37.41, -0.8000, -5.525
37.42, -0.8000, -6.847
37.43, -0.8000, -6.567
37.44, -0.8000, -5.760
37.45, -0.8000, -6.246
37.46, -0.8000, -5.605
37.47, -0.8000, -6.785
37.48, -0.8000, -6.708
37.49, -0.8000, -5.130
37.50, -0.8000, -6.742
37.51, -0.8000, -5.790
37.52, -0.8000, -6.412
37.53, -0.8000, -6.412
37.54, -0.8000, -5.634
37.55, -0.8000, -6.061
37.56, -0.8000, -5.654
37.57, -0.8000, -6.421
37.58, -0.8000, -6.736
37.59, -0.8000, -6.154
37.60, -0.8000, -5.900
37.61, -0.8000, -5.966
37.62, -0.8000, -6.370
37.63, -0.8000, -5.888
37.64, -0.8000, -4.994
37.65, -0.8000, -5.796
37.66, -0.8000, -6.230
37.67, -0.8000, -6.068
37.68, -0.8000, -6.292
37.69, -0.8000, -6.334
37.70, -0.8000, -7.407
37.71, -0.8000, -6.519
37.72, -0.8000, -5.385
37.73, -0.8000, -5.502
37.74, -0.8000, -5.920
37.75, -0.8000, -6.134
37.76, -0.8000, -6.273
37.77, -0.8000, -5.250
37.78, -0.8000, -6.597
37.79, -0.8000, -5.765
37.80, -0.8000, -7.260
37.81, -0.8000, -6.189
37.82, -0.8000, -5.704
37.83, -0.8000, -5.902
37.84, -0.8000, -6.008
37.85, -0.8000, -7.008
37.86, -0.8000, -5.631
37.87, -0.8000, -6.341
37.88, -0.8000, -6.399
37.89, -0.8000, -6.491
37.90, -0.8000, -6.088
37.91, -0.8000, -5.503
37.92, -0.8000, -6.931
37.93, -0.8000, -6.197
37.94, -0.8000, -6.432
37.95, -0.8000, -6.497
37.96, -0.8000, -4.486
37.97, -0.8000, -6.341
37.98, -0.8000, -6.054
37.99, -0.8000, -6.289
38.00, -0.8000, -6.740
38.01, -0.8000, -5.481
38.02, -0.8000, -6.073
38.03, -0.8000, -6.241
38.04, -0.8000, -5.666
38.05, -0.8000, -6.269
38.06, -0.8000, -6.062
38.07, -0.8000, -7.547
38.08, -0.8000, -6.164
38.09, -0.8000, -6.046
38.10, -0.8000, -5.155
38.11, -0.8000, -6.922
38.12, -0.8000, -6.173
38.13, -0.8000, -5.441
38.14, -0.8000, -4.669
38.15, -0.8000, -4.932
38.16, -0.8000, -5.916
38.17, -0.8000, -4.920
38.18, -0.8000, -4.893
38.19, -0.8000, -6.739
38.20, -0.8000, -5.041
38.21, -0.8000, -6.016
38.22, -0.8000, -4.997
38.23, -0.8000, -5.453
38.24, -0.8000, -6.368
38.25, -0.8000, -5.373
38.26, -0.8000, -5.741
38.27, -0.8000, -7.038
38.28, -0.8000, -5.434
38.29, -0.8000, -4.923
38.30, -0.8000, -6.749
38.31, -0.8000, -6.475
38.32, -0.8000, -7.076
38.33, -0.8000, -5.180
38.34, -0.8000, -6.822
38.35, -0.8000, -5.547
38.36, -0.8000, -6.997
38.37, -0.8000, -6.578
38.38, -0.8000, -5.492
38.39, -0.8000, -5.647
38.40, -0.8000, -5.377
38.41, -0.8000, -6.081
38.42, -0.8000, -5.379
38.43, -0.8000, -6.153
38.44, -0.8000, -5.770
38.45, -0.8000, -5.943
38.46, -0.8000, -7.010
38.47, -0.8000, -6.686
38.48, -0.8000, -5.130
38.49, -0.8000, -6.858
38.50, -0.8000, -5.746
38.51, -0.8000, -6.472
38.52, -0.8000, -6.523
38.53, -0.8000, -6.416
38.54, -0.8000, -6.080
38.55, -0.8000, -6.822
38.56, -0.8000, -5.553
38.57, -0.8000, -6.111
38.58, -0.8000, -6.387
38.59, -0.8000, -6.531
38.60, -0.8000, -5.279
38.61, -0.8000, -5.015
38.62, -0.8000, -5.908
38.63, -0.8000, -4.642
38.64, -0.8000, -6.692
38.65, -0.8000, -5.587
38.66, -0.8000, -7.496
38.67, -0.8000, -6.285
38.68, -0.8000, -6.823
38.69, -0.8000, -6.168
38.70, -0.8000, -6.894
38.71, -0.8000, -6.002
38.72, -0.8000, -4.681
38.73, -0.8000, -7.952
38.74, -0.8000, -5.904
38.75, -0.8000, -5.332
38.76, -0.8000, -6.624
38.77, -0.8000, -7.056
38.78, -0.8000, -6.278
38.79, -0.8000, -6.446
38.80, -0.8000, -5.686
38.81, -0.8000, -6.442
38.82, -0.8000, -4.922
38.83, -0.8000, -5.664
38.84, -0.8000, -6.465
38.85, -0.8000, -7.317
38.86, -0.8000, -5.969
38.87, -0.8000, -5.716
38.88, -0.8000, -6.508
38.89, -0.8000, -5.448
38.90, -0.8000, -5.874
38.91, -0.8000, -6.939
38.92, -0.8000, -5.709
38.93, -0.8000, -6.102
38.94, -0.8000, -5.431
38.95, -0.8000, -6.203
38.96, -0.8000, -5.953
38.97, -0.8000, -6.332
38.98, -0.8000, -5.822
38.99, -0.8000, -4.990
39.00, -0.8000, -6.421
39.01, -0.8000, -5.846
39.02, -0.8000, -5.023
39.03, -0.8000, -5.919
39.04, -0.8000, -6.253
39.05, -0.8000, -6.277
39.06, -0.8000, -6.324
39.07, -0.8000, -6.731
39.08, -0.8000, -5.955
39.09, -0.8000, -5.908
39.10, -0.8000, -6.190
39.11, -0.8000, -5.498
39.12, -0.8000, -5.901
39.13, -0.8000, -6.162
39.14, -0.8000, -5.318
39.15, -0.8000, -7.311
39.16, -0.8000, -5.712
39.17, -0.8000, -6.391
39.18, -0.8000, -4.957
39.19, -0.8000, -5.858
39.20, -0.8000, -7.038
39.21, -0.8000, -6.129
39.22, -0.8000, -6.102
39.23, -0.8000, -5.883
39.24, -0.8000, -6.179
39.25, -0.8000, -6.300
39.26, -0.8000, -6.001
39.27, -0.8000, -7.585
39.28, -0.8000, -5.704
39.29, -0.8000, -6.208
39.30, -0.8000, -5.809
39.31, -0.8000, -6.746
39.32, -0.8000, -5.007
39.33, -0.8000, -6.013
39.34, -0.8000, -5.627
39.35, -0.8000, -7.305
39.36, -0.8000, -6.145
39.37, -0.8000, -4.947
39.38, -0.8000, -6.529
39.39, -0.8000, -6.099
39.40, -0.8000, -6.348
39.41, -0.8000, -6.750
39.42, -0.8000, -5.585
39.43, -0.8000, -6.755
39.44, -0.8000, -6.163
39.45, -0.8000, -6.003
39.46, -0.8000, -6.750
39.47, -0.8000, -6.460
39.48, -0.8000, -6.406
39.49, -0.8000, -6.288
39.50, -0.8000, -6.076
39.51, -0.8000, -6.296
39.52, -0.8000, -6.827
39.53, -0.8000, -6.163
39.54, -0.8000, -5.395
39.55, -0.8000, -5.805
39.56, -0.8000, -4.767
39.57, -0.8000, -5.303
39.58, -0.8000, -6.578
39.59, -0.8000, -7.528
39.60, -0.8000, -6.591
39.61, -0.8000, -6.174
39.62, -0.8000, -5.728
39.63, -0.8000, -5.984
39.64, -0.8000, -5.780
39.65, -0.8000, -6.847
39.66, -0.8000, -6.466
39.67, -0.8000, -7.956
39.68, -0.8000, -6.116
39.69, -0.8000, -9.197
39.70, -0.8000, -5.314
39.71, -0.8000, -6.713
39.72, -0.8000, -5.612
39.73, -0.8000, -6.078
39.74, -0.8000, -5.854
39.75, -0.8000, -6.243
39.76, -0.8000, -5.917
39.77, -0.8000, -7.245
39.78, -0.8000, -6.898
39.79, -0.8000, -5.721
39.80, -0.8000, -6.683
39.81, -0.8000, -7.130
39.82, -0.8000, -5.656
39.83, -0.8000, -5.857
39.84, -0.8000, -7.459
39.85, -0.8000, -4.501
39.86, -0.8000, -6.541
39.87, -0.8000, -5.539
39.88, -0.8000, -6.283
39.89, -0.8000, -6.075
39.90, -0.8000, -6.479
39.91, -0.8000, -5.795
39.92, -0.8000, -4.658
39.93, -0.8000, -5.818
39.94, -0.8000, -5.856
39.95, -0.8000, -7.155
39.96, -0.8000, -4.166
39.97, -0.8000, -6.054
39.98, -0.8000, -6.153
39.99, -0.8000, -6.239
40.00, -0.8000, -6.750
40.01, -0.8000, -4.482
40.02, -0.8000, -6.562
40.03, -0.8000, -5.972
40.04, -0.8000, -6.125
40.05, -0.8000, -5.450
40.06, -0.8000, -4.434
40.07, -0.8000, -5.401
40.08, -0.8000, -5.856
40.09, -0.8000, -6.592
40.10, -0.8000, -6.215
40.11, -0.8000, -5.235
40.12, -0.8000, -5.273
40.13, -0.8000, -6.321
40.14, -0.8000, -6.053
40.15, -0.8000, -5.110
40.16, -0.8000, -6.470
40.17, -0.8000, -6.204
40.18, -0.8000, -6.324
40.19, -0.8000, -6.553
40.20, -0.8000, -5.926
40.21, -0.8000, -5.432
40.22, -0.8000, -5.231
40.23, -0.8000, -5.960
40.24, -0.8000, -6.070
40.25, -0.8000, -6.288
40.26, -0.8000, -6.684
40.27, -0.8000, -6.018
40.28, -0.8000, -6.210
40.29, -0.8000, -5.281
40.30, -0.8000, -6.618
40.31, -0.8000, -5.071
40.32, -0.8000, -6.538
40.33, -0.8000, -6.462
40.34, -0.8000, -4.647
40.35, -0.8000, -5.523
40.36, -0.8000, -6.714
40.37, -0.8000, -6.535
40.38, -0.8000, -6.308
40.39, -0.8000, -5.275
40.40, -0.8000, -5.800
40.41, -0.8000, -6.091
40.42, -0.8000, -6.649
40.43, -0.8000, -6.418
40.44, -0.8000, -5.895
40.45, -0.8000, -6.750
40.46, -0.8000, -5.577
40.47, -0.8000, -5.829
40.48, -0.8000, -6.022
40.49, -0.8000, -4.971
40.50, -0.8000, -5.917
40.51, -0.8000, -6.035
40.52, -0.8000, -6.178
40.53, -0.8000, -6.528
40.54, -0.8000, -6.294
40.55, -0.8000, -6.470
40.56, -0.8000, -5.249
40.57, -0.8000, -4.723
40.58, -0.8000, -7.116
40.59, -0.8000, -6.942
40.60, -0.8000, -6.587
40.61, -0.8000, -6.740
40.62, -0.8000, -5.635
40.63, -0.8000, -6.403
40.64, -0.8000, -7.236
40.65, -0.8000, -5.215
40.66, -0.8000, -4.798
40.67, -0.8000, -6.731
40.68, -0.8000, -5.705
40.69, -0.8000, -5.828
40.70, -0.8000, -5.653
40.71, -0.8000, -5.842
40.72, -0.8000, -6.679
40.73, -0.8000, -6.100
40.74, -0.8000, -6.060
40.75, -0.8000, -6.621
40.76, -0.8000, -5.160
40.77, -0.8000, -5.560
40.78, -0.8000, -5.973
40.79, -0.8000, -6.491
40.80, -0.8000, -5.419
40.81, -0.8000, -5.615
40.82, -0.8000, -5.533
40.83, -0.8000, -6.329
40.84, -0.8000, -6.005
40.85, -0.8000, -6.611
40.86, -0.8000, -4.974
40.87, -0.8000, -5.846
40.88, -0.8000, -6.045
40.89, -0.8000, -5.892
40.90, -0.8000, -6.859
40.91, -0.8000, -6.369
40.92, -0.8000, -6.838
40.93, -0.8000, -5.486
40.94, -0.8000, -6.430
40.95, -0.8000, -6.584
40.96, -0.8000, -4.886
40.97, -0.8000, -6.276
40.98, -0.8000, -6.035
40.99, -0.8000, -5.199
41.00, -0.8000, -7.512
41.01, -0.8000, -6.158
41.02, -0.8000, -7.245
41.03, -0.8000, -5.965
41.04, -0.8000, -6.719
41.05, -0.8000, -6.649
41.06, -0.8000, -5.600
41.07, -0.8000, -5.700
41.08, -0.8000, -5.920
41.09, -0.8000, -6.163
41.10, -0.8000, -5.619
41.11, -0.8000, -6.160
41.12, -0.8000, -6.141
41.13, -0.8000, -4.363
41.14, -0.8000, -6.461
41.15, -0.8000, -7.226
41.16, -0.8000, -5.162
41.17, -0.8000, -6.432
41.18, -0.8000, -5.483
41.19, -0.8000, -7.141
41.20, -0.8000, -4.877
41.21, -0.8000, -6.628
41.22, -0.8000, -7.454
41.23, -0.8000, -5.438
41.24, -0.8000, -6.075
41.25, -0.8000, -6.309
41.26, -0.8000, -6.586
41.27, -0.8000, -6.174
41.28, -0.8000, -7.468
41.29, -0.8000, -5.530
41.30, -0.8000, -6.991
41.31, -0.8000, -7.083
41.32, -0.8000, -5.733
41.33, -0.8000, -4.330
41.34, -0.8000, -6.573
41.35, -0.8000, -5.294
41.36, -0.8000, -6.908
41.37, -0.8000, -5.332
41.38, -0.8000, -5.770
41.39, -0.8000, -7.315
41.40, -0.8000, -5.900
41.41, -0.8000, -6.649
41.42, -0.8000, -5.980
41.43, -0.8000, -6.295
41.44, -0.8000, -7.108
41.45, -0.8000, -6.266
41.46, -0.8000, -6.091
41.47, -0.8000, -6.450
41.48, -0.8000, -6.366
41.49, -0.8000, -5.667
41.50, -0.8000, -5.452
41.51, -0.8000, -7.064
41.52, -0.8000, -5.742
41.53, -0.8000, -5.295
41.54, -0.8000, -5.905
41.55, -0.8000, -4.911
41.56, -0.8000, -6.319
41.57, -0.8000, -5.555
41.58, -0.8000, -5.606
41.59, -0.8000, -6.243
41.60, -0.8000, -5.535
41.61, -0.8000, -5.046
41.62, -0.8000, -6.298
41.63, -0.8000, -6.431
41.64, -0.8000, -5.995
41.65, -0.8000, -4.565
41.66, -0.8000, -5.899
41.67, -0.8000, -6.831
41.68, -0.8000, -5.125
41.69, -0.8000, -5.928
41.70, -0.8000, -5.857
41.71, -0.8000, -6.204
41.72, -0.8000, -6.253
41.73, -0.8000, -5.681
41.74, -0.8000, -5.751
41.75, -0.8000, -5.294
41.76, -0.8000, -6.849
41.77, -0.8000, -6.553
41.78, -0.8000, -5.578
41.79, -0.8000, -6.113
41.80, -0.8000, -5.555
41.81, -0.8000, -4.770
41.82, -0.8000, -6.336
41.83, -0.8000, -5.624
41.84, -0.8000, -5.502
41.85, -0.8000, -6.234
41.86, -0.8000, -7.186
41.87, -0.8000, -5.234
41.88, -0.8000, -4.927
41.89, -0.8000, -5.487
41.90, -0.8000, -5.790
41.91, -0.8000, -5.979
41.92, -0.8000, -5.339
41.93, -0.8000, -6.687
41.94, -0.8000, -6.727
41.95, -0.8000, -5.905
41.96, -0.8000, -5.372
41.97, -0.8000, -5.984
41.98, -0.8000, -6.154
41.99, -0.8000, -7.051
42.00, -0.8000, -6.439
42.01, -0.8000, -5.819
42.02, -0.8000, -5.438
42.03, -0.8000, -5.607
42.04, -0.8000, -5.295
42.05, -0.8000, -5.359
42.06, -0.8000, -7.378
42.07, -0.8000, -6.188
42.08, -0.8000, -6.000
42.09, -0.8000, -5.795
42.10, -0.8000, -5.666
42.11, -0.8000, -6.795
42.12, -0.8000, -6.085
42.13, -0.8000, -6.655
42.14, -0.8000, -5.106
42.15, -0.8000, -6.304
42.16, -0.8000, -5.489
42.17, -0.8000, -4.258
42.18, -0.8000, -5.921
42.19, -0.8000, -5.250
42.20, -0.8000, -4.436
42.21, -0.8000, -5.852
42.22, -0.8000, -5.221
42.23, -0.8000, -6.239
42.24, -0.8000, -5.874
42.25, -0.8000, -5.535
42.26, -0.8000, -5.337
42.27, -0.8000, -5.198
42.28, -0.8000, -4.853
42.29, -0.8000, -6.447
42.30, -0.8000, -6.446
42.31, -0.8000, -5.063
42.32, -0.8000, -5.868
42.33, -0.8000, -5.703
42.34, -0.8000, -6.113
42.35, -0.8000, -5.098
42.36, -0.8000, -6.182
42.37, -0.8000, -5.815
42.38, -0.8000, -4.262
42.39, -0.8000, -6.753
42.40, -0.8000, -5.756
42.41, -0.8000, -5.560
42.42, -0.8000, -6.857
42.43, -0.8000, -6.581
42.44, -0.8000, -6.242
42.45, -0.8000, -5.076
42.46, -0.8000, -8.136
42.47, -0.8000, -4.534
42.48, -0.8000, -6.329
42.49, -0.8000, -5.853
42.50, -0.8000, -4.824
42.51, -0.8000, -5.795
42.52, -0.8000, -5.844
42.53, -0.8000, -5.327
42.54, -0.8000, -5.030
42.55, -0.8000, -7.607
42.56, -0.8000, -5.372
42.57, -0.8000, -5.336
42.58, -0.8000, -6.274
42.59, -0.8000, -5.848
42.60, -0.8000, -5.026
42.61, -0.8000, -5.995
42.62, -0.8000, -5.975
42.63, -0.8000, -5.816
42.64, -0.8000, -5.367
42.65, -0.8000, -6.500
42.66, -0.8000, -5.474
42.67, -0.8000, -6.054
42.68, -0.8000, -5.455
42.69, -0.8000, -5.473
42.70, -0.8000, -5.461
42.71, -0.8000, -4.774
42.72, -0.8000, -6.068
42.73, -0.8000, -6.552
42.74, -0.8000, -7.429
42.75, -0.8000, -6.396
42.76, -0.8000, -5.960
42.77, -0.8000, -6.173
42.78, -0.8000, -6.102
42.79, -0.8000, -6.548
42.80, -0.8000, -6.277
42.81, -0.8000, -7.566
42.82, -0.8000, -5.868
42.83, -0.8000, -6.101
42.84, -0.8000, -4.820
42.85, -0.8000, -6.724
42.86, -0.8000, -6.411
42.87, -0.8000, -6.112
42.88, -0.8000, -6.269
42.89, -0.8000, -5.399
42.90, -0.8000, -6.590
42.91, -0.8000, -5.395
42.92, -0.8000, -5.808
42.93, -0.8000, -5.785
42.94, -0.8000, -5.793
42.95, -0.8000, -6.167
42.96, -0.8000, -5.453
42.97, -0.8000, -6.609
42.98, -0.8000, -7.703
42.99, -0.8000, -5.768
43.00, -0.8000, -6.174
43.01, -0.8000, -5.557
43.02, -0.8000, -5.402
43.03, -0.8000, -5.549
43.04, -0.8000, -6.450
43.05, -0.8000, -6.278
43.06, -0.8000, -6.201
43.07, -0.8000, -5.696
43.08, -0.8000, -6.605
43.09, -0.8000, -5.754
43.10, -0.8000, -6.496
43.11, -0.8000, -5.183
43.12, -0.8000, -5.634
43.13, -0.8000, -5.263
43.14, -0.8000, -5.496
43.15, -0.8000, -5.716
43.16, -0.8000, -5.753
43.17, -0.8000, -7.415
43.18, -0.8000, -5.104
43.19, -0.8000, -5.161
43.20, -0.8000, -5.723
43.21, -0.8000, -5.923
43.22, -0.8000, -4.723
43.23, -0.8000, -6.477
43.24, -0.8000, -4.782
43.25, -0.8000, -5.491
43.26, -0.8000, -5.769
43.27, -0.8000, -5.194
43.28, -0.8000, -5.926
43.29, -0.8000, -6.385
43.30, -0.8000, -3.456
43.31, -0.8000, -5.896
43.32, -0.8000, -5.789
43.33, -0.8000, -5.582
43.34, -0.8000, -6.014
43.35, -0.8000, -5.325
43.36, -0.8000, -5.975
43.37, -0.8000, -6.403
43.38, -0.8000, -5.743
43.39, -0.8000, -5.983
43.40, -0.8000, -4.860
43.41, -0.8000, -5.916
43.42, -0.8000, -5.050
43.43, -0.8000, -5.347
43.44, -0.8000, -5.658
43.45, -0.8000, -5.652
43.46, -0.8000, -6.252
43.47, -0.8000, -6.362
43.48, -0.8000, -6.445
43.49, -0.8000, -5.622
43.50, -0.8000, -5.602
43.51, -0.8000, -5.722
43.52, -0.8000, -6.434
43.53, -0.8000, -6.269
43.54, -0.8000, -5.703
43.55, -0.8000, -6.046
43.56, -0.8000, -5.352
43.57, -0.8000, -5.096
43.58, -0.8000, -5.803
43.59, -0.8000, -4.903
43.60, -0.8000, -6.274
43.61, -0.8000, -5.925
43.62, -0.8000, -4.590
43.63, -0.8000, -5.304
43.64, -0.8000, -5.663
43.65, -0.8000, -6.615
43.66, -0.8000, -5.228
43.67, -0.8000, -6.043
43.68, -0.8000, -5.777
43.69, -0.8000, -7.156
43.70, -0.8000, -5.843
43.71, -0.8000, -6.519
43.72, -0.8000, -5.511
43.73, -0.8000, -6.057
43.74, -0.8000, -5.341
43.75, -0.8000, -5.473
43.76, -0.8000, -5.475
43.77, -0.8000, -5.552
43.78, -0.8000, -7.490
43.79, -0.8000, -6.648
43.80, -0.8000, -5.289
43.81, -0.8000, -5.314
43.82, -0.8000, -6.095
43.83, -0.8000, -5.303
43.84, -0.8000, -5.387
43.85, -0.8000, -5.534
43.86, -0.8000, -5.529
43.87, -0.8000, -4.443
43.88, -0.8000, -6.078
43.89, -0.8000, -5.724
43.90, -0.8000, -5.492
43.91, -0.8000, -6.537
43.92, -0.8000, -6.477
43.93, -0.8000, -7.614
43.94, -0.8000, -5.241
43.95, -0.8000, -6.209
43.96, -0.8000, -4.971
43.97, -0.8000, -5.443
43.98, -0.8000, -4.756
43.99, -0.8000, -5.807
44.00, -0.8000, -6.790
44.01, -0.8000, -5.893
44.02, -0.8000, -6.074
44.03, -0.8000, -5.320
44.04, -0.8000, -5.618
44.05, -0.8000, -5.860
44.06, -0.8000, -5.423
44.07, -0.8000, -5.753
44.08, -0.8000, -5.679
44.09, -0.8000, -5.593
44.10, -0.8000, -5.954
44.11, -0.8000, -6.535
44.12, -0.8000, -5.293
44.13, -0.8000, -5.268
44.14, -0.8000, -5.979
44.15, -0.8000, -5.424
44.16, -0.8000, -6.206
44.17, -0.8000, -5.246
44.18, -0.8000, -5.089
44.19, -0.8000, -5.933
44.20, -0.8000, -7.517
44.21, -0.8000, -6.269
44.22, -0.8000, -5.633
44.23, -0.8000, -6.804
44.24, -0.8000, -6.905
44.25, -0.8000, -6.613
44.26, -0.8000, -6.141
44.27, -0.8000, -5.018
44.28, -0.8000, -6.071
44.29, -0.8000, -5.723
44.30, -0.8000, -5.870
44.31, -0.8000, -5.728
44.32, -0.8000, -7.383
44.33, -0.8000, -5.316
44.34, -0.8000, -6.122
44.35, -0.8000, -5.629
44.36, -0.8000, -6.185
44.37, -0.8000, -6.960
44.38, -0.8000, -6.263
44.39, -0.8000, -5.759
44.40, -0.8000, -6.617
44.41, -0.8000, -6.993
44.42, -0.8000, -5.391
44.43, -0.8000, -6.236
44.44, -0.8000, -5.988
44.45, -0.8000, -6.363
44.46, -0.8000, -7.208
44.47, -0.8000, -4.924
44.48, -0.8000, -5.665
44.49, -0.8000, -6.282
44.50, -0.8000, -7.598
44.51, -0.8000, -5.973
44.52, -0.8000, -6.340
44.53, -0.8000, -5.948
44.54, -0.8000, -6.241
44.55, -0.8000, -6.565
44.56, -0.8000, -5.075
44.57, -0.8000, -5.495
44.58, -0.8000, -6.556
44.59, -0.8000, -6.373
44.60, -0.8000, -6.092
44.61, -0.8000, -3.934
44.62, -0.8000, -6.121
44.63, -0.8000, -6.213
44.64, -0.8000, -6.627
44.65, -0.8000, -5.736
44.66, -0.8000, -5.026
44.67, -0.8000, -6.372
44.68, -0.8000, -5.356
44.69, -0.8000, -5.560
44.70, -0.8000, -5.867
44.71, -0.8000, -5.413
44.72, -0.8000, -8.054
44.73, -0.8000, -6.651
44.74, -0.8000, -6.380
44.75, -0.8000, -5.570
44.76, -0.8000, -6.145
44.77, -0.8000, -6.170
44.78, -0.8000, -6.641
44.79, -0.8000, -6.107
44.80, -0.8000, -8.176
44.81, -0.8000, -5.518
44.82, -0.8000, -6.276
44.83, -0.8000, -5.248
44.84, -0.8000, -6.664
44.85, -0.8000, -5.970
44.86, -0.8000, -4.989
44.87, -0.8000, -5.480
44.88, -0.8000, -5.455
44.89, -0.8000, -6.020
44.90, -0.8000, -5.271
44.91, -0.8000, -6.064
44.92, -0.8000, -6.848
44.93, -0.8000, -5.474
44.94, -0.8000, -6.201
44.95, -0.8000, -5.737
44.96, -0.8000, -5.877
44.97, -0.8000, -5.250
44.98, -0.8000, -6.424
44.99, -0.8000, -5.749
45.00, 0.000, -5.438
45.01, 0.001000, 53.96
45.02, 0.002000, 23.76
45.03, 0.003000, 12.99
45.04, 0.004000, 8.910
45.05, 0.005000, 7.327
45.06, 0.006000, 6.076
45.07, 0.007000, 3.501
45.08, 0.008000, 2.642
45.09, 0.009000, 4.547
45.10, 0.01000, 1.460
45.11, 0.01100, 2.029
45.12, 0.01200, 2.402
45.13, 0.01300, 0.5308
45.14, 0.01400, 1.681
45.15, 0.01500, -0.2803
45.16, 0.01600, 0.8149
45.17, 0.01700, 0.1505
45.18, 0.01800, -1.216
45.19, 0.01900, -0.01071
45.20, 0.02000, -0.5141
45.21, 0.02100, 0.8550
45.22, 0.02200, -1.078
45.23, 0.02300, -1.727
45.24, 0.02400, -1.116
45.25, 0.02500, -1.355
45.26, 0.02600, -0.3334
45.27, 0.02700, -0.8586
45.28, 0.02800, -0.8219
45.29, 0.02900, 1.286
45.30, 0.03000, -1.294
45.31, 0.03100, -0.5523
45.32, 0.03200, -1.690
45.33, 0.03300, -1.292
45.34, 0.03400, -1.052
45.35, 0.03500, -0.3704
45.36, 0.03600, -1.835
45.37, 0.03700, -1.423
45.38, 0.03800, -2.714
45.39, 0.03900, -1.573
45.40, 0.04000, -0.7032
45.41, 0.04100, -2.595
45.42, 0.04200, -1.530
45.43, 0.04300, -3.079
45.44, 0.04400, -2.206
45.45, 0.04500, -2.613
45.46, 0.04600, -2.278
45.47, 0.04700, -2.406
45.48, 0.04800, -2.975
45.49, 0.04900, -0.8708
45.50, 0.05000, -3.585
45.51, 0.05100, -1.159
45.52, 0.05200, -2.740
45.53, 0.05300, -3.434
45.54, 0.05400, -2.464
45.55, 0.05500, -1.650
45.56, 0.05600, -2.856
45.57, 0.05700, -2.429
45.58, 0.05800, -1.917
45.59, 0.05900, -3.777
45.60, 0.06000, -3.492
45.61, 0.06100, -2.299
45.62, 0.06200, -4.284
45.63, 0.06300, -3.338
45.64, 0.06400, -1.681
45.65, 0.06500, -1.148
45.66, 0.06600, -2.575
45.67, 0.06700, -2.165
45.68, 0.06800, -3.167
45.69, 0.06900, -3.138
45.70, 0.07000, -0.3142
45.71, 0.07100, -2.176
45.72, 0.07200, -0.9312
45.73, 0.07300, -1.594
45.74, 0.07400, -2.505
45.75, 0.07500, -1.152
45.76, 0.07600, -2.188
45.77, 0.07700, -1.462
45.78, 0.07800, -2.191
45.79, 0.07900, -3.265
45.80, 0.08000, -1.568
45.81, 0.08100, -3.233
45.82, 0.08200, -2.487
45.83, 0.08300, -3.410
45.84, 0.08400, -2.403
45.85, 0.08500, -3.488
45.86, 0.08600, -2.282
45.87, 0.08700, -2.136
45.88, 0.08800, -2.252
45.89, 0.08900, -0.7081
45.90, 0.09000, -3.320
45.91, 0.09100, -3.432
45.92, 0.09200, -2.014
45.93, 0.09300, -3.469
45.94, 0.09400, -2.967
45.95, 0.09500, -4.999
45.96, 0.09600, -3.432
45.97, 0.09700, -2.891
45.98, 0.09800, -2.810
45.99, 0.09900, -1.935
46.00, 0.1000, -2.391
46.01, 0.1010, -1.863
46.02, 0.1020, -1.659
46.03, 0.1030, -2.301
46.04, 0.1040, -1.154
46.05, 0.1050, -2.466
46.06, 0.1060, -2.560
46.07, 0.1070, -2.032
46.08, 0.1080, -3.055
46.09, 0.1090, -1.888
46.10, 0.1100, -1.875
46.11, 0.1110, -1.894
46.12, 0.1120, -0.8686
46.13, 0.1130, -2.712
46.14, 0.1140, -1.731
46.15, 0.1150, -0.4289
46.16, 0.1160, -1.702
46.17, 0.1170, -1.484
46.18, 0.1180, -2.253
46.19, 0.1190, -1.981
46.20, 0.1200, -3.708
46.21, 0.1210, -1.189
46.22, 0.1220, -1.753
46.23, 0.1230, -3.568
46.24, 0.1240, -1.481
46.25, 0.1250, -2.203
46.26, 0.1260, -1.721
46.27, 0.1270, -2.197
46.28, 0.1280, -1.812
46.29, 0.1290, -1.704
46.30, 0.1300, -3.636
46.31, 0.1310, -2.275
46.32, 0.1320, -1.497
46.33, 0.1330, -4.061
46.34, 0.1340, -2.737
46.35, 0.1350, -2.355
46.36, 0.1360, -2.666
46.37, 0.1370, -2.263
46.38, 0.1380, -3.110
46.39, 0.1390, -0.4560
46.40, 0.1400, -2.818
46.41, 0.1410, -1.992
46.42, 0.1420, -0.3445
46.43, 0.1430, -1.491
46.44, 0.1440, -2.730
46.45, 0.1450, -3.083
46.46, 0.1460, -2.341
46.47, 0.1470, -2.650
46.48, 0.1480, -2.153
46.49, 0.1490, -2.195
46.50, 0.1500, -0.3333
46.51, 0.1510, -0.3614
46.52, 0.1520, -1.448
46.53, 0.1530, -0.1744
46.54, 0.1540, -1.785
46.55, 0.1550, -1.830
46.56, 0.1560, -2.162
46.57, 0.1570, -1.895
46.58, 0.1580, -0.7045
46.59, 0.1590, -1.999
46.60, 0.1600, -1.652
46.61, 0.1610, -2.004
46.62, 0.1620, -1.488
46.63, 0.1630, -2.881
46.64, 0.1640, -1.048
46.65, 0.1650, -2.454
46.66, 0.1660, -0.6013
46.67, 0.1670, -1.544
46.68, 0.1680, -0.7614
46.69, 0.1690, -0.5372
46.70, 0.1700, -1.836
46.71, 0.1710, -1.586
46.72, 0.1720, -0.5475
46.73, 0.1730, -2.536
46.74, 0.1740, -1.908
46.75, 0.1750, -2.132
46.76, 0.1760, -0.04159
46.77, 0.1770, -2.482
46.78, 0.1780, -1.557
46.79, 0.1790, -3.550
46.80, 0.1800, -0.08725
46.81, 0.1810, -2.074
46.82, 0.1820, -1.779
46.83, 0.1830, -0.3635
46.84, 0.1840, -0.4651
46.85, 0.1850, -0.4297
46.86, 0.1860, -1.251
46.87, 0.1870, -1.425
46.88, 0.1880, -2.041
46.89, 0.1890, -0.5196
46.90, 0.1900, -0.6232
46.91, 0.1910, -1.871
46.92, 0.1920, 0.2223
46.93, 0.1930, 0.8195
46.94, 0.1940, -0.3812
46.95, 0.1950, 0.2774
46.96, 0.1960, -0.2350
46.97, 0.1970, 0.1746
46.98, 0.1980, -1.080
46.99, 0.1990, 1.169
47.00, 0.2000, 0.1123
47.01, 0.2010, 1.112
47.02, 0.2020, -1.108
47.03, 0.2030, -0.8611
47.04, 0.2040, 0.2312
47.05, 0.2050, 0.6104
47.06, 0.2060, -0.1902
47.07, 0.2070, -0.8656
47.08, 0.2080, 0.5510
47.09, 0.2090, -0.3397
47.10, 0.2100, 0.7010
47.11, 0.2110, -0.02451
47.12, 0.2120, -1.269
47.13, 0.2130, 0.1936
47.14, 0.2140, -1.119
47.15, 0.2150, 0.7132
47.16, 0.2160, 0.6779
47.17, 0.2170, 0.6276
47.18, 0.2180, 0.1560
47.19, 0.2190, -0.1636
47.20, 0.2200, -0.7863
47.21, 0.2210, -0.7582
47.22, 0.2220, -0.4760
47.23, 0.2230, -2.328
47.24, 0.2240, 0.4311
47.25, 0.2250, -0.2073
47.26, 0.2260, 0.2935
47.27, 0.2270, 1.420
47.28, 0.2280, 1.282
47.29, 0.2290, 0.03032
47.30, 0.2300, 0.7506
47.31, 0.2310, 1.305
47.32, 0.2320, 1.669
47.33, 0.2330, -0.1416
47.34, 0.2340, 1.636
47.35, 0.2350, 1.186
47.36, 0.2360, 1.605
47.37, 0.2370, 1.750
47.38, 0.2380, 2.621
47.39, 0.2390, 0.3777
47.40, 0.2400, 2.352
47.41, 0.2410, 2.345
47.42, 0.2420, 2.163
47.43, 0.2430, 2.119
47.44, 0.2440, 0.4896
47.45, 0.2450, 2.209
47.46, 0.2460, 2.366
47.47, 0.2470, 2.797
47.48, 0.2480, 0.2789
47.49, 0.2490, 1.471
47.50, 0.2500, 2.242
47.51, 0.2510, 2.617
47.52, 0.2520, 2.431
47.53, 0.2530, 3.257
47.54, 0.2540, 2.698
47.55, 0.2550, 1.910
47.56, 0.2560, 3.128
47.57, 0.2570, 2.140
47.58, 0.2580, 4.026
47.59, 0.2590, 1.744
47.60, 0.2600, 1.747
47.61, 0.2610, 1.336
47.62, 0.2620, 1.336
47.63, 0.2630, 3.690
47.64, 0.2640, 2.874
47.65, 0.2650, 2.562
47.66, 0.2660, 3.191
47.67, 0.2670, 1.399
47.68, 0.2680, 2.785
47.69, 0.2690, 2.724
47.70, 0.2700, 0.7405
47.71, 0.2710, 3.561
47.72, 0.2720, 3.727
47.73, 0.2730, 3.927
47.74, 0.2740, 4.497
47.75, 0.2750, 4.654
47.76, 0.2760, 3.645
47.77, 0.2770, 4.469
47.78, 0.2780, 3.272
47.79, 0.2790, 3.603
47.80, 0.2800, 4.531
47.81, 0.2810, 5.010
47.82, 0.2820, 5.952
47.83, 0.2830, 3.856
47.84, 0.2840, 5.091
47.85, 0.2850, 3.624
47.86, 0.2860, 5.099
47.87, 0.2870, 5.977
47.88, 0.2880, 5.464
47.89, 0.2890, 4.005
47.90, 0.2900, 2.215
47.91, 0.2910, 5.130
47.92, 0.2920, 5.966
47.93, 0.2930, 7.022
47.94, 0.2940, 5.821
47.95, 0.2950, 5.661
47.96, 0.2960, 6.197
47.97, 0.2970, 7.388
47.98, 0.2980, 7.783
47.99, 0.2990, 6.068
48.00, 0.3000, 6.727
48.01, 0.3010, 6.415
48.02, 0.3020, 6.647
48.03, 0.3030, 6.247
48.04, 0.3040, 7.816
48.05, 0.3050, 8.058
48.06, 0.3060, 6.000
48.07, 0.3070, 4.456
48.08, 0.3080, 8.504
48.09, 0.3090, 7.466
48.10, 0.3100, 7.807
48.11, 0.3110, 7.891
48.12, 0.3120, 7.646
48.13, 0.3130, 7.446
48.14, 0.3140, 8.089
48.15, 0.3150, 7.313
48.16, 0.3160, 8.512
48.17, 0.3170, 9.754
48.18, 0.3180, 8.961
48.19, 0.3190, 8.380
48.20, 0.3200, 9.782
48.21, 0.3210, 8.590
48.22, 0.3220, 10.95
48.23, 0.3230, 8.442
48.24, 0.3240, 10.94
48.25, 0.3250, 10.29
48.26, 0.3260, 9.181
48.27, 0.3270, 12.13
48.28, 0.3280, 11.02
48.29, 0.3290, 10.04
48.30, 0.3300, 10.26
48.31, 0.3310, 10.79
48.32, 0.3320, 11.83
48.33, 0.3330, 10.24
48.34, 0.3340, 11.43
48.35, 0.3350, 11.48
48.36, 0.3360, 10.66
48.37, 0.3370, 10.90
48.38, 0.3380, 10.59
48.39, 0.3390, 11.50
48.40, 0.3400, 12.33
48.41, 0.3410, 9.909
48.42, 0.3420, 12.34
48.43, 0.3430, 12.80
48.44, 0.3440, 13.42
48.45, 0.3450, 12.45
48.46, 0.3460, 13.36
48.47, 0.3470, 12.97
48.48, 0.3480, 12.75
48.49, 0.3490, 12.37
48.50, 0.3500, 13.70
48.51, 0.3510, 12.60
48.52, 0.3520, 14.47
48.53, 0.3530, 14.46
48.54, 0.3540, 14.84
48.55, 0.3550, 13.51
48.56, 0.3560, 14.59
48.57, 0.3570, 14.23
48.58, 0.3580, 14.00
48.59, 0.3590, 15.52
48.60, 0.3600, 15.08
48.61, 0.3610, 15.20
48.62, 0.3620, 16.01
48.63, 0.3630, 15.87
48.64, 0.3640, 16.06
48.65, 0.3650, 16.43
48.66, 0.3660, 17.81
48.67, 0.3670, 16.87
48.68, 0.3680, 16.25
48.69, 0.3690, 16.88
48.70, 0.3700, 17.28
48.71, 0.3710, 17.79
48.72, 0.3720, 17.03
48.73, 0.3730, 19.03
48.74, 0.3740, 17.42
48.75, 0.3750, 19.07
48.76, 0.3760, 17.14
48.77, 0.3770, 17.61
48.78, 0.3780, 18.09
48.79, 0.3790, 16.76
48.80, 0.3800, 17.87
48.81, 0.3810, 18.29
48.82, 0.3820, 18.02
48.83, 0.3830, 19.26
48.84, 0.3840, 18.81
48.85, 0.3850, 19.13
48.86, 0.3860, 17.80
48.87, 0.3870, 19.02
48.88, 0.3880, 19.50
48.89, 0.3890, 19.87
48.90, 0.3900, 20.85
48.91, 0.3910, 17.80
48.92, 0.3920, 19.99
48.93, 0.3930, 20.67
48.94, 0.3940, 21.74
48.95, 0.3950, 20.50
48.96, 0.3960, 19.63
48.97, 0.3970, 20.41
48.98, 0.3980, 19.40
48.99, 0.3990, 21.06
49.00, 0.4000, 19.86
49.01, 0.4010, 20.18
49.02, 0.4020, 22.36
49.03, 0.4030, 22.34
49.04, 0.4040, 22.15
49.05, 0.4050, 22.12
49.06, 0.4060, 21.68
49.07, 0.4070, 23.32
49.08, 0.4080, 21.87
49.09, 0.4090, 24.29
49.10, 0.4100, 23.17
49.11, 0.4110, 21.53
49.12, 0.4120, 23.60
49.13, 0.4130, 23.84
49.14, 0.4140, 22.35
49.15, 0.4150, 24.50
49.16, 0.4160, 24.15
49.17, 0.4170, 22.46
49.18, 0.4180, 24.07
49.19, 0.4190, 21.89
49.20, 0.4200, 25.55
49.21, 0.4210, 23.87
49.22, 0.4220, 23.91
49.23, 0.4230, 23.20
49.24, 0.4240, 22.97
49.25, 0.4250, 24.92
49.26, 0.4260, 24.65
49.27, 0.4270, 24.35
49.28, 0.4280, 24.55
49.29, 0.4290, 23.56
49.30, 0.4300, 25.47
49.31, 0.4310, 24.98
49.32, 0.4320, 25.63
49.33, 0.4330, 24.66
49.34, 0.4340, 25.64
49.35, 0.4350, 26.37
49.36, 0.4360, 25.09
49.37, 0.4370, 25.15
49.38, 0.4380, 26.58
49.39, 0.4390, 24.11
49.40, 0.4400, 25.93
49.41, 0.4410, 25.90
49.42, 0.4420, 26.56
49.43, 0.4430, 26.05
49.44, 0.4440, 25.76
49.45, 0.4450, 26.55
49.46, 0.4460, 26.79
49.47, 0.4470, 27.16
49.48, 0.4480, 26.89
49.49, 0.4490, 27.08
49.50, 0.4500, 27.76
49.51, 0.4510, 27.66
49.52, 0.4520, 25.80
49.53, 0.4530, 27.97
49.54, 0.4540, 27.93
49.55, 0.4550, 26.25
49.56, 0.4560, 27.52
49.57, 0.4570, 27.90
49.58, 0.4580, 28.62
49.59, 0.4590, 27.44
49.60, 0.4600, 27.69
49.61, 0.4610, 27.96
49.62, 0.4620, 27.18
49.63, 0.4630, 26.85
49.64, 0.4640, 27.76
49.65, 0.4650, 27.06
49.66, 0.4660, 27.25
49.67, 0.4670, 28.89
49.68, 0.4680, 27.16
49.69, 0.4690, 27.61
49.70, 0.4700, 27.77
49.71, 0.4710, 29.43
49.72, 0.4720, 28.53
49.73, 0.4730, 28.64
49.74, 0.4740, 28.57
49.75, 0.4750, 27.64
49.76, 0.4760, 28.88
49.77, 0.4770, 29.38
49.78, 0.4780, 28.99
49.79, 0.4790, 28.03
49.80, 0.4800, 30.17
49.81, 0.4810, 29.80
49.82, 0.4820, 28.86
49.83, 0.4830, 29.38
49.84, 0.4840, 28.94
49.85, 0.4850, 28.73
49.86, 0.4860, 29.85
49.87, 0.4870, 29.71
49.88, 0.4880, 30.11
49.89, 0.4890, 28.73
49.90, 0.4900, 29.76
49.91, 0.4910, 30.17
49.92, 0.4920, 29.85
49.93, 0.4930, 30.04
49.94, 0.4940, 29.47
49.95, 0.4950, 29.70
49.96, 0.4960, 30.77
49.97, 0.4970, 29.60
49.98, 0.4980, 30.76
49.99, 0.4990, 29.96
50.00, 0.5000, 30.33
50.01, 0.5010, 29.62
50.02, 0.5020, 28.65
50.03, 0.5030, 30.33
50.04, 0.5040, 29.09
50.05, 0.5050, 29.55
50.06, 0.5060, 28.79
50.07, 0.5070, 27.46
50.08, 0.5080, 30.40
50.09, 0.5090, 29.26
50.10, 0.5100, 29.54
50.11, 0.5110, 29.86
50.12, 0.5120, 30.34
50.13, 0.5130, 30.61
50.14, 0.5140, 28.69
50.15, 0.5150, 30.54
50.16, 0.5160, 30.05
50.17, 0.5170, 29.06
50.18, 0.5180, 30.18
50.19, 0.5190, 30.34
50.20, 0.5200, 29.18
50.21, 0.5210, 30.29
50.22, 0.5220, 28.01
50.23, 0.5230, 30.62
50.24, 0.5240, 29.81
50.25, 0.5250, 30.55
50.26, 0.5260, 30.65
50.27, 0.5270, 31.06
50.28, 0.5280, 30.79
50.29, 0.5290, 30.50
50.30, 0.5300, 31.25
50.31, 0.5310, 30.97
50.32, 0.5320, 31.15
50.33, 0.5330, 31.49
50.34, 0.5340, 30.35
50.35, 0.5350, 32.06
50.36, 0.5360, 30.41
50.37, 0.5370, 31.36
50.38, 0.5380, 31.43
50.39, 0.5390, 31.36
50.40, 0.5400, 31.07
50.41, 0.5410, 30.55
50.42, 0.5420, 31.14
50.43, 0.5430, 30.33
50.44, 0.5440, 31.74
50.45, 0.5450, 31.77
50.46, 0.5460, 31.82
50.47, 0.5470, 30.74
50.48, 0.5480, 29.95
50.49, 0.5490, 31.16
50.50, 0.5500, 30.49
50.51, 0.5510, 30.47
50.52, 0.5520, 30.96
50.53, 0.5530, 29.18
50.54, 0.5540, 31.14
50.55, 0.5550, 30.24
50.56, 0.5560, 29.59
50.57, 0.5570, 30.37
50.58, 0.5580, 31.44
50.59, 0.5590, 29.76
50.60, 0.5600, 30.71
50.61, 0.5610, 29.24
50.62, 0.5620, 29.57
50.63, 0.5630, 30.75
50.64, 0.5640, 30.41
50.65, 0.5650, 30.13
50.66, 0.5660, 30.20
50.67, 0.5670, 29.99
50.68, 0.5680, 29.42
50.69, 0.5690, 31.73
50.70, 0.5700, 29.80
50.71, 0.5710, 31.75
50.72, 0.5720, 30.70
50.73, 0.5730, 31.47
50.74, 0.5740, 31.11
50.75, 0.5750, 29.83
50.76, 0.5760, 30.96
50.77, 0.5770, 31.31
50.78, 0.5780, 30.43
50.79, 0.5790, 31.44
50.80, 0.5800, 29.97
50.81, 0.5810, 32.75
50.82, 0.5820, 29.84
50.83, 0.5830, 30.90
50.84, 0.5840, 30.76
50.85, 0.5850, 28.62
50.86, 0.5860, 31.87
50.87, 0.5870, 30.88
50.88, 0.5880, 31.05
50.89, 0.5890, 30.92
50.90, 0.5900, 30.52
50.91, 0.5910, 31.69
50.92, 0.5920, 30.51
50.93, 0.5930, 30.26
50.94, 0.5940, 30.46
50.95, 0.5950, 31.05
50.96, 0.5960, 30.18
50.97, 0.5970, 30.42
50.98, 0.5980, 29.68
50.99, 0.5990, 29.04
51.00, 0.6000, 31.01
51.01, 0.6010, 30.86
51.02, 0.6020, 30.10
51.03, 0.6030, 31.37
51.04, 0.6040, 31.53
51.05, 0.6050, 29.98
51.06, 0.6060, 30.07
51.07, 0.6070, 29.53
51.08, 0.6080, 31.51
51.09, 0.6090, 30.07
51.10, 0.6100, 29.57
51.11, 0.6110, 31.39
51.12, 0.6120, 30.32
51.13, 0.6130, 30.93
51.14, 0.6140, 30.71
51.15, 0.6150, 31.25
51.16, 0.6160, 31.55
51.17, 0.6170, 30.88
51.18, 0.6180, 30.93
51.19, 0.6190, 30.39
51.20, 0.6200, 31.26
51.21, 0.6210, 31.48
51.22, 0.6220, 31.87
51.23, 0.6230, 30.99
51.24, 0.6240, 30.05
51.25, 0.6250, 31.92
51.26, 0.6260, 30.39
51.27, 0.6270, 29.99
51.28, 0.6280, 30.74
51.29, 0.6290, 29.33
51.30, 0.6300, 30.16
51.31, 0.6310, 31.28
51.32, 0.6320, 30.04
51.33, 0.6330, 30.67
51.34, 0.6340, 30.12
51.35, 0.6350, 31.48
51.36, 0.6360, 30.27
51.37, 0.6370, 30.65
51.38, 0.6380, 30.78
51.39, 0.6390, 30.99
51.40, 0.6400, 31.15
51.41, 0.6410, 30.89
51.42, 0.6420, 30.49
51.43, 0.6430, 31.63
51.44, 0.6440, 28.53
51.45, 0.6450, 32.02
51.46, 0.6460, 29.53
51.47, 0.6470, 31.09
51.48, 0.6480, 30.52
51.49, 0.6490, 30.74
51.50, 0.6500, 31.25
51.51, 0.6510, 30.88
51.52, 0.6520, 30.88
51.53, 0.6530, 31.09
51.54, 0.6540, 30.45
51.55, 0.6550, 29.65
51.56, 0.6560, 29.19
51.57, 0.6570, 29.26
51.58, 0.6580, 31.73
51.59, 0.6590, 31.22
51.60, 0.6600, 31.46
51.61, 0.6610, 30.93
51.62, 0.6620, 28.74
51.63, 0.6630, 31.62
51.64, 0.6640, 30.05
51.65, 0.6650, 30.89
51.66, 0.6660, 31.84
51.67, 0.6670, 31.12
51.68, 0.6680, 32.08
51.69, 0.6690, 32.28
51.70, 0.6700, 31.18
51.71, 0.6710, 30.54
51.72, 0.6720, 29.87
51.73, 0.6730, 31.76
51.74, 0.6740, 32.00
51.75, 0.6750, 29.41
51.76, 0.6760, 31.61
51.77, 0.6770, 30.93
51.78, 0.6780, 31.62
51.79, 0.6790, 31.71
51.80, 0.6800, 30.24
51.81, 0.6810, 31.37
51.82, 0.6820, 30.95
51.83, 0.6830, 30.95
51.84, 0.6840, 31.52
51.85, 0.6850, 30.46
51.86, 0.6860, 31.03
51.87, 0.6870, 30.73
51.88, 0.6880, 31.25
51.89, 0.6890, 30.48
51.90, 0.6900, 31.20
51.91, 0.6910, 31.66
51.92, 0.6920, 30.78
51.93, 0.6930, 31.40
51.94, 0.6940, 30.63
51.95, 0.6950, 29.98
51.96, 0.6960, 30.86
51.97, 0.6970, 31.56
51.98, 0.6980, 31.83
51.99, 0.6990, 31.10
52.00, 0.7000, 30.57
52.01, 0.7010, 32.16
52.02, 0.7020, 30.05
52.03, 0.7030, 31.86
52.04, 0.7040, 30.80
52.05, 0.7050, 32.30
52.06, 0.7060, 32.76
52.07, 0.7070, 31.32
52.08, 0.7080, 31.38
52.09, 0.7090, 30.88
52.10, 0.7100, 30.02
52.11, 0.7110, 31.11
52.12, 0.7120, 30.95
52.13, 0.7130, 32.14
52.14, 0.7140, 29.85
52.15, 0.7150, 31.17
52.16, 0.7160, 31.04
52.17, 0.7170, 30.77
52.18, 0.7180, 31.66
52.19, 0.7190, 32.45
52.20, 0.7200, 31.13
52.21, 0.7210, 30.81
52.22, 0.7220, 30.80
52.23, 0.7230, 30.41
52.24, 0.7240, 30.54
52.25, 0.7250, 31.14
52.26, 0.7260, 30.39
52.27, 0.7270, 31.28
52.28, 0.7280, 29.64
52.29, 0.7290, 30.10
52.30, 0.7300, 31.01
52.31, 0.7310, 29.56
52.32, 0.7320, 30.85
52.33, 0.7330, 29.14
52.34, 0.7340, 29.73
52.35, 0.7350, 30.63
52.36, 0.7360, 30.73
52.37, 0.7370, 31.83
52.38, 0.7380, 29.26
52.39, 0.7390, 31.39
52.40, 0.7400, 30.71
52.41, 0.7410, 32.01
52.42, 0.7420, 30.96
52.43, 0.7430, 30.96
52.44, 0.7440, 32.15
52.45, 0.7450, 32.09
52.46, 0.7460, 30.18
52.47, 0.7470, 31.82
52.48, 0.7480, 31.81
52.49, 0.7490, 30.43
52.50, 0.7500, 30.60
52.51, 0.7510, 29.68
52.52, 0.7520, 29.64
52.53, 0.7530, 31.35
52.54, 0.7540, 30.28
52.55, 0.7550, 31.02
52.56, 0.7560, 29.87
52.57, 0.7570, 31.24
52.58, 0.7580, 29.66
52.59, 0.7590, 29.61
52.60, 0.7600, 29.38
52.61, 0.7610, 29.83
52.62, 0.7620, 29.70
52.63, 0.7630, 30.53
52.64, 0.7640, 29.28
52.65, 0.7650, 29.95
52.66, 0.7660, 31.01
52.67, 0.7670, 28.86
52.68, 0.7680, 29.63
52.69, 0.7690, 30.48
52.70, 0.7700, 30.57
52.71, 0.7710, 30.33
52.72, 0.7720, 31.10
52.73, 0.7730, 28.53
52.74, 0.7740, 30.81
52.75, 0.7750, 29.97
52.76, 0.7760, 31.39
52.77, 0.7770, 31.63
52.78, 0.7780, 29.74
52.79, 0.7790, 29.18
52.80, 0.7800, 29.51
52.81, 0.7810, 30.56
52.82, 0.7820, 31.32
52.83, 0.7830, 30.88
52.84, 0.7840, 30.18
52.85, 0.7850, 31.34
52.86, 0.7860, 31.17
52.87, 0.7870, 30.30
52.88, 0.7880, 31.29
52.89, 0.7890, 31.69
52.90, 0.7900, 31.25
52.91, 0.7910, 30.16
52.92, 0.7920, 31.60
52.93, 0.7930, 30.78
52.94, 0.7940, 31.52
52.95, 0.7950, 29.91
52.96, 0.7960, 30.95
52.97, 0.7970, 30.23
52.98, 0.7980, 30.85
52.99, 0.7990, 29.25
53.00, 0.8000, 29.09
53.01, 0.8010, 31.12
53.02, 0.8020, 28.82
53.03, 0.8030, 29.13
53.04, 0.8040, 30.34
53.05, 0.8050, 30.84
53.06, 0.8060, 30.48
53.07, 0.8070, 30.14
53.08, 0.8080, 29.93
53.09, 0.8090, 30.33
53.10, 0.8100, 30.02
53.11, 0.8110, 30.31
53.12, 0.8120, 30.63
53.13, 0.8130, 30.26
53.14, 0.8140, 29.34
53.15, 0.8150, 29.85
53.16, 0.8160, 29.63
53.17, 0.8170, 28.55
53.18, 0.8180, 30.82
53.19, 0.8190, 29.38
53.20, 0.8200, 28.63
53.21, 0.8210, 30.42
53.22, 0.8220, 29.41
53.23, 0.8230, 32.09
53.24, 0.8240, 30.18
53.25, 0.8250, 30.58
53.26, 0.8260, 31.06
53.27, 0.8270, 30.66
53.28, 0.8280, 31.06
53.29, 0.8290, 31.35
53.30, 0.8300, 31.11
53.31, 0.8310, 30.45
53.32, 0.8320, 30.00
53.33, 0.8330, 30.84
53.34, 0.8340, 29.43
53.35, 0.8350, 30.25
53.36, 0.8360, 30.11
53.37, 0.8370, 31.01
53.38, 0.8380, 30.43
53.39, 0.8390, 30.47
53.40, 0.8400, 31.17
53.41, 0.8410, 31.31
53.42, 0.8420, 31.17
53.43, 0.8430, 30.59
53.44, 0.8440, 31.69
53.45, 0.8450, 29.72
53.46, 0.8460, 29.57
53.47, 0.8470, 29.90
53.48, 0.8480, 31.74
53.49, 0.8490, 31.09
53.50, 0.8500, 30.19
53.51, 0.8510, 29.71
53.52, 0.8520, 29.15
53.53, 0.8530, 29.87
53.54, 0.8540, 31.44
53.55, 0.8550, 28.98
53.56, 0.8560, 30.75
53.57, 0.8570, 30.42
53.58, 0.8580, 30.56
53.59, 0.8590, 30.32
53.60, 0.8600, 30.21
53.61, 0.8610, 30.63
53.62, 0.8620, 30.96
53.63, 0.8630, 29.59
53.64, 0.8640, 29.66
53.65, 0.8650, 31.02
53.66, 0.8660, 29.76
53.67, 0.8670, 31.49
53.68, 0.8680, 31.08
53.69, 0.8690, 30.92
53.70, 0.8700, 31.65
53.71, 0.8710, 32.12
53.72, 0.8720, 30.83
53.73, 0.8730, 31.63
53.74, 0.8740, 29.51
53.75, 0.8750, 30.27
53.76, 0.8760, 29.96
53.77, 0.8770, 29.82
53.78, 0.8780, 32.08
53.79, 0.8790, 30.42
53.80, 0.8800, 30.81
53.81, 0.8810, 30.69
53.82, 0.8820, 28.08
53.83, 0.8830, 30.17
53.84, 0.8840, 30.17
53.85, 0.8850, 30.85
53.86, 0.8860, 31.81
53.87, 0.8870, 30.80
53.88, 0.8880, 29.40
53.89, 0.8890, 31.64
53.90, 0.8900, 29.88
53.91, 0.8910, 30.77
53.92, 0.8920, 30.43
53.93, 0.8930, 30.41
53.94, 0.8940, 29.65
53.95, 0.8950, 29.67
53.96, 0.8960, 31.26
53.97, 0.8970, 30.69
53.98, 0.8980, 30.54
53.99, 0.8990, 31.15
54.00, 0.9000, 30.42
54.01, 0.9010, 30.56
54.02, 0.9020, 31.02
54.03, 0.9030, 30.28
54.04, 0.9040, 30.61
54.05, 0.9050, 29.51
54.06, 0.9060, 30.62
54.07, 0.9070, 32.35
54.08, 0.9080, 29.76
54.09, 0.9090, 30.84
54.10, 0.9100, 32.99
54.11, 0.9110, 31.76
54.12, 0.9120, 30.94
54.13, 0.9130, 32.61
54.14, 0.9140, 32.61
54.15, 0.9150, 31.71
54.16, 0.9160, 31.24
54.17, 0.9170, 31.27
54.18, 0.9180, 33.45
54.19, 0.9190, 31.03
54.20, 0.9200, 30.42
54.21, 0.9210, 30.46
54.22, 0.9220, 29.31
54.23, 0.9230, 31.64
54.24, 0.9240, 31.75
54.25, 0.9250, 29.73
54.26, 0.9260, 31.77
54.27, 0.9270, 31.43
54.28, 0.9280, 31.59
54.29, 0.9290, 32.36
54.30, 0.9300, 31.88
54.31, 0.9310, 30.91
54.32, 0.9320, 32.29
54.33, 0.9330, 32.84
54.34, 0.9340, 32.52
54.35, 0.9350, 31.58
54.36, 0.9360, 31.96
54.37, 0.9370, 32.56
54.38, 0.9380, 32.36
54.39, 0.9390, 32.24
54.40, 0.9400, 31.91
54.41, 0.9410, 29.92
54.42, 0.9420, 32.09
54.43, 0.9430, 31.20
54.44, 0.9440, 30.87
54.45, 0.9450, 33.11
54.46, 0.9460, 32.13
54.47, 0.9470, 30.83
54.48, 0.9480, 32.52
54.49, 0.9490, 31.22
54.50, 0.9500, 31.19
54.51, 0.9510, 33.02
54.52, 0.9520, 33.23
54.53, 0.9530, 32.57
54.54, 0.9540, 32.72
54.55, 0.9550, 31.51
54.56, 0.9560, 32.16
54.57, 0.9570, 32.31
54.58, 0.9580, 32.57
54.59, 0.9590, 34.12
54.60, 0.9600, 32.35
54.61, 0.9610, 32.13
54.62, 0.9620, 33.28
54.63, 0.9630, 33.29
54.64, 0.9640, 32.63
54.65, 0.9650, 32.02
54.66, 0.9660, 34.12
54.67, 0.9670, 30.52
54.68, 0.9680, 33.37
54.69, 0.9690, 34.84
54.70, 0.9700, 33.44
54.71, 0.9710, 34.05
54.72, 0.9720, 32.78
54.73, 0.9730, 33.02
54.74, 0.9740, 34.30
54.75, 0.9750, 32.09
54.76, 0.9760, 31.44
54.77, 0.9770, 31.94
54.78, 0.9780, 30.75
54.79, 0.9790, 31.95
54.80, 0.9800, 32.82
54.81, 0.9810, 33.02
54.82, 0.9820, 33.71
54.83, 0.9830, 33.23
54.84, 0.9840, 33.66
54.85, 0.9850, 32.93
54.86, 0.9860, 33.15
54.87, 0.9870, 33.52
54.88, 0.9880, 33.26
54.89, 0.9890, 30.66
54.90, 0.9900, 33.30
54.91, 0.9910, 33.87
54.92, 0.9920, 32.05
54.93, 0.9930, 33.85
54.94, 0.9940, 34.16
54.95, 0.9950, 34.27
54.96, 0.9960, 34.60
54.97, 0.9970, 33.76
54.98, 0.9980, 33.58
54.99, 0.9990, 35.46
55.00, 1.000, 34.80
55.01, 1.001, 32.35
55.02, 1.002, 33.38
55.03, 1.003, 33.09
55.04, 1.004, 33.32
55.05, 1.005, 33.22
55.06, 1.006, 33.37
55.07, 1.007, 34.48
55.08, 1.008, 34.05
55.09, 1.009, 34.15
55.10, 1.010, 31.86
55.11, 1.011, 31.98
55.12, 1.012, 33.83
55.13, 1.013, 34.42
55.14, 1.014, 34.43
55.15, 1.015, 34.76
55.16, 1.016, 33.97
55.17, 1.017, 34.22
55.18, 1.018, 31.62
55.19, 1.019, 34.11
55.20, 1.020, 36.22
55.21, 1.021, 34.05
55.22, 1.022, 35.02
55.23, 1.023, 33.97
55.24, 1.024, 33.82
55.25, 1.025, 34.94
55.26, 1.026, 35.18
55.27, 1.027, 33.98
55.28, 1.028, 33.62
55.29, 1.029, 34.87
55.30, 1.030, 34.58
55.31, 1.031, 35.35
55.32, 1.032, 34.27
55.33, 1.033, 35.68
55.34, 1.034, 35.33
55.35, 1.035, 35.75
55.36, 1.036, 36.09
55.37, 1.037, 35.02
55.38, 1.038, 36.07
55.39, 1.039, 34.85
55.40, 1.040, 36.26
55.41, 1.041, 35.89
55.42, 1.042, 36.50
55.43, 1.043, 37.48
55.44, 1.044, 33.31
55.45, 1.045, 35.58
55.46, 1.046, 37.07
55.47, 1.047, 35.06
55.48, 1.048, 37.06
55.49, 1.049, 35.51
55.50, 1.050, 36.20
55.51, 1.051, 36.88
55.52, 1.052, 35.69
55.53, 1.053, 35.96
55.54, 1.054, 36.05
55.55, 1.055, 35.26
55.56, 1.056, 36.51
55.57, 1.057, 36.42
55.58, 1.058, 36.71
55.59, 1.059, 37.24
55.60, 1.060, 35.74
55.61, 1.061, 36.19
55.62, 1.062, 37.15
55.63, 1.063, 35.97
55.64, 1.064, 38.33
55.65, 1.065, 37.19
55.66, 1.066, 35.13
55.67, 1.067, 37.48
55.68, 1.068, 36.60
55.69, 1.069, 37.66
55.70, 1.070, 36.41
55.71, 1.071, 36.71
55.72, 1.072, 37.05
55.73, 1.073, 36.39
55.74, 1.074, 36.74
55.75, 1.075, 38.35
55.76, 1.076, 36.53
55.77, 1.077, 38.40
55.78, 1.078, 38.31
55.79, 1.079, 36.47
55.80, 1.080, 39.24
55.81, 1.081, 38.21
55.82, 1.082, 37.34
55.83, 1.083, 38.40
55.84, 1.084, 38.75
55.85, 1.085, 39.40
55.86, 1.086, 38.24
55.87, 1.087, 38.07
55.88, 1.088, 39.16
55.89, 1.089, 38.50
55.90, 1.090, 39.29
55.91, 1.091, 37.68
55.92, 1.092, 39.06
55.93, 1.093, 37.73
55.94, 1.094, 38.81
55.95, 1.095, 39.05
55.96, 1.096, 38.33
55.97, 1.097, 38.43
55.98, 1.098, 38.95
55.99, 1.099, 39.75
56.00, 1.100, 39.36
56.01, 1.101, 39.03
56.02, 1.102, 37.63
56.03, 1.103, 39.64
56.04, 1.104, 39.86
56.05, 1.105, 39.04
56.06, 1.106, 39.07
56.07, 1.107, 39.23
56.08, 1.108, 40.16
56.09, 1.109, 40.42
56.10, 1.110, 40.59
56.11, 1.111, 40.22
56.12, 1.112, 40.58
56.13, 1.113, 38.57
56.14, 1.114, 41.55
56.15, 1.115, 39.66
56.16, 1.116, 38.10
56.17, 1.117, 40.77
56.18, 1.118, 40.56
56.19, 1.119, 41.62
56.20, 1.120, 41.92
56.21, 1.121, 39.93
56.22, 1.122, 41.69
56.23, 1.123, 42.85
56.24, 1.124, 41.94
56.25, 1.125, 43.41
56.26, 1.126, 41.19
56.27, 1.127, 41.45
56.28, 1.128, 41.63
56.29, 1.129, 41.49
56.30, 1.130, 42.46
56.31, 1.131, 41.30
56.32, 1.132, 42.23
56.33, 1.133, 44.02
56.34, 1.134, 40.40
56.35, 1.135, 43.80
56.36, 1.136, 41.34
56.37, 1.137, 41.24
56.38, 1.138, 42.68
56.39, 1.139, 42.32
56.40, 1.140, 42.45
56.41, 1.141, 42.86
56.42, 1.142, 42.94
56.43, 1.143, 44.43
56.44, 1.144, 42.33
56.45, 1.145, 43.67
56.46, 1.146, 43.35
56.47, 1.147, 43.13
56.48, 1.148, 43.05
56.49, 1.149, 41.86
56.50, 1.150, 43.56
56.51, 1.151, 42.90
56.52, 1.152, 42.41
56.53, 1.153, 44.18
56.54, 1.154, 42.81
56.55, 1.155, 43.20
56.56, 1.156, 44.62
56.57, 1.157, 43.37
56.58, 1.158, 42.62
56.59, 1.159, 43.79
56.60, 1.160, 43.58
56.61, 1.161, 44.54
56.62, 1.162, 45.11
56.63, 1.163, 44.16
56.64, 1.164, 46.04
56.65, 1.165, 45.33
56.66, 1.166, 46.14
56.67, 1.167, 46.15
56.68, 1.168, 45.94
56.69, 1.169, 47.05
56.70, 1.170, 46.33
56.71, 1.171, 46.05
56.72, 1.172, 46.50
56.73, 1.173, 45.54
56.74, 1.174, 47.02
56.75, 1.175, 45.88
56.76, 1.176, 45.12
56.77, 1.177, 45.90
56.78, 1.178, 45.57
56.79, 1.179, 46.81
56.80, 1.180, 47.08
56.81, 1.181, 48.52
56.82, 1.182, 45.31
56.83, 1.183, 48.74
56.84, 1.184, 48.00
56.85, 1.185, 46.96
56.86, 1.186, 45.91
56.87, 1.187, 46.83
56.88, 1.188, 46.50
56.89, 1.189, 45.46
56.90, 1.190, 47.51
56.91, 1.191, 46.88
56.92, 1.192, 48.06
56.93, 1.193, 47.91
56.94, 1.194, 49.00
56.95, 1.195, 49.47
56.96, 1.196, 46.66
56.97, 1.197, 48.40
56.98, 1.198, 48.82
56.99, 1.199, 48.22
57.00, 1.200, 47.53
57.01, 1.201, 48.73
57.02, 1.202, 49.61
57.03, 1.203, 50.27
57.04, 1.204, 48.90
57.05, 1.205, 50.35
57.06, 1.206, 50.77
57.07, 1.207, 49.55
57.08, 1.208, 50.27
57.09, 1.209, 50.65
57.10, 1.210, 48.76
57.11, 1.211, 48.64
57.12, 1.212, 51.38
57.13, 1.213, 48.69
57.14, 1.214, 51.76
57.15, 1.215, 49.56
57.16, 1.216, 51.08
57.17, 1.217, 51.66
57.18, 1.218, 50.99
57.19, 1.219, 51.00
57.20, 1.220, 50.55
57.21, 1.221, 50.29
57.22, 1.222, 51.31
57.23, 1.223, 50.93
57.24, 1.224, 51.90
57.25, 1.225, 49.86
57.26, 1.226, 53.03
57.27, 1.227, 52.21
57.28, 1.228, 51.74
57.29, 1.229, 53.23
57.30, 1.230, 51.89
57.31, 1.231, 53.25
57.32, 1.232, 52.49
57.33, 1.233, 53.36
57.34, 1.234, 53.01
57.35, 1.235, 53.13
57.36, 1.236, 53.10
57.37, 1.237, 53.08
57.38, 1.238, 53.68
57.39, 1.239, 53.23
57.40, 1.240, 53.08
57.41, 1.241, 53.80
57.42, 1.242, 52.96
57.43, 1.243, 54.34
57.44, 1.244, 53.54
57.45, 1.245, 54.86
57.46, 1.246, 54.82
57.47, 1.247, 54.68
57.48, 1.248, 54.65
57.49, 1.249, 55.39
57.50, 1.250, 55.58
57.51, 1.251, 52.78
57.52, 1.252, 54.98
57.53, 1.253, 54.47
57.54, 1.254, 55.49
57.55, 1.255, 52.78
57.56, 1.256, 54.58
57.57, 1.257, 55.21
57.58, 1.258, 55.73
57.59, 1.259, 55.61
57.60, 1.260, 55.21
57.61, 1.261, 54.83
57.62, 1.262, 57.67
57.63, 1.263, 55.70
57.64, 1.264, 55.90
57.65, 1.265, 54.68
57.66, 1.266, 55.15
57.67, 1.267, 55.57
57.68, 1.268, 56.52
57.69, 1.269, 57.12
57.70, 1.270, 56.17
57.71, 1.271, 57.54
57.72, 1.272, 56.09
57.73, 1.273, 56.82
57.74, 1.274, 57.11
57.75, 1.275, 54.93
57.76, 1.276, 55.93
57.77, 1.277, 57.31
57.78, 1.278, 56.81
57.79, 1.279, 57.05
57.80, 1.280, 57.76
57.81, 1.281, 56.44
57.82, 1.282, 58.22
57.83, 1.283, 56.91
57.84, 1.284, 57.86
57.85, 1.285, 58.36
57.86, 1.286, 57.66
57.87, 1.287, 59.08
57.88, 1.288, 58.78
57.89, 1.289, 58.95
57.90, 1.290, 58.95
57.91, 1.291, 58.87
57.92, 1.292, 60.14
57.93, 1.293, 60.59
57.94, 1.294, 57.42
57.95, 1.295, 59.77
57.96, 1.296, 58.76
57.97, 1.297, 60.66
57.98, 1.298, 60.31
57.99, 1.299, 59.00
58.00, 1.300, 59.70
58.01, 1.301, 58.62
58.02, 1.302, 59.31
58.03, 1.303, 58.33
58.04, 1.304, 60.25
58.05, 1.305, 61.87
58.06, 1.306, 60.48
58.07, 1.307, 59.47
58.08, 1.308, 61.04
58.09, 1.309, 60.55
58.10, 1.310, 59.79
58.11, 1.311, 61.96
58.12, 1.312, 60.38
58.13, 1.313, 61.90
58.14, 1.314, 60.57
58.15, 1.315, 60.43
58.16, 1.316, 62.52
58.17, 1.317, 61.57
58.18, 1.318, 61.75
58.19, 1.319, 61.63
58.20, 1.320, 62.18
58.21, 1.321, 62.10
58.22, 1.322, 61.78
58.23, 1.323, 61.27
58.24, 1.324, 61.14
58.25, 1.325, 61.49
58.26, 1.326, 62.60
58.27, 1.327, 61.54
58.28, 1.328, 60.61
58.29, 1.329, 63.84
58.30, 1.330, 62.84
58.31, 1.331, 64.14
58.32, 1.332, 63.08
58.33, 1.333, 63.08
58.34, 1.334, 64.07
58.35, 1.335, 64.20
58.36, 1.336, 63.89
58.37, 1.337, 64.67
58.38, 1.338, 63.50
58.39, 1.339, 64.46
58.40, 1.340, 64.14
58.41, 1.341, 64.79
58.42, 1.342, 63.77
58.43, 1.343, 64.38
58.44, 1.344, 63.53
58.45, 1.345, 66.56
58.46, 1.346, 65.08
58.47, 1.347, 63.29
58.48, 1.348, 65.76
58.49, 1.349, 63.80
58.50, 1.350, 65.66
58.51, 1.351, 66.50
58.52, 1.352, 65.88
58.53, 1.353, 66.58
58.54, 1.354, 64.86
58.55, 1.355, 65.60
58.56, 1.356, 66.90
58.57, 1.357, 65.38
58.58, 1.358, 66.05
58.59, 1.359, 65.89
58.60, 1.360, 65.52
58.61, 1.361, 67.83
58.62, 1.362, 65.28
58.63, 1.363, 66.39
58.64, 1.364, 66.18
58.65, 1.365, 64.85
58.66, 1.366, 68.09
58.67, 1.367, 68.41
58.68, 1.368, 67.03
58.69, 1.369, 65.81
58.70, 1.370, 66.70
58.71, 1.371, 68.46
58.72, 1.372, 68.06
58.73, 1.373, 67.65
58.74, 1.374, 69.29
58.75, 1.375, 68.74
58.76, 1.376, 67.76
58.77, 1.377, 68.76
58.78, 1.378, 67.91
58.79, 1.379, 70.97
58.80, 1.380, 68.56
58.81, 1.381, 69.14
58.82, 1.382, 70.99
58.83, 1.383, 68.45
58.84, 1.384, 70.48
58.85, 1.385, 68.94
58.86, 1.386, 70.50
58.87, 1.387, 69.48
58.88, 1.388, 67.99
58.89, 1.389, 69.67
58.90, 1.390, 70.56
58.91, 1.391, 70.18
58.92, 1.392, 70.59
58.93, 1.393, 69.29
58.94, 1.394, 71.23
58.95, 1.395, 69.84
58.96, 1.396, 70.07
58.97, 1.397, 69.60
58.98, 1.398, 70.85
58.99, 1.399, 71.81
59.00, 1.400, 69.79
59.01, 1.401, 70.64
59.02, 1.402, 71.87
59.03, 1.403, 71.75
59.04, 1.404, 71.97
59.05, 1.405, 71.65
59.06, 1.406, 72.78
59.07, 1.407, 71.71
59.08, 1.408, 73.06
59.09, 1.409, 73.36
59.10, 1.410, 70.10
59.11, 1.411, 72.43
59.12, 1.412, 71.27
59.13, 1.413, 73.64
59.14, 1.414, 72.72
59.15, 1.415, 72.92
59.16, 1.416, 74.77
59.17, 1.417, 74.14
59.18, 1.418, 76.13
59.19, 1.419, 74.36
59.20, 1.420, 75.37
59.21, 1.421, 75.01
59.22, 1.422, 73.85
59.23, 1.423, 74.86
59.24, 1.424, 75.71
59.25, 1.425, 75.79
59.26, 1.426, 74.91
59.27, 1.427, 75.61
59.28, 1.428, 77.10
59.29, 1.429, 75.34
59.30, 1.430, 76.11
59.31, 1.431, 75.60
59.32, 1.432, 75.57
59.33, 1.433, 76.47
59.34, 1.434, 75.76
59.35, 1.435, 77.03
59.36, 1.436, 77.15
59.37, 1.437, 75.22
59.38, 1.438, 76.56
59.39, 1.439, 75.76
59.40, 1.440, 77.10
59.41, 1.441, 78.38
59.42, 1.442, 77.25
59.43, 1.443, 78.00
59.44, 1.444, 78.99
59.45, 1.445, 77.56
59.46, 1.446, 78.15
59.47, 1.447, 77.89
59.48, 1.448, 78.92
59.49, 1.449, 78.70
59.50, 1.450, 77.81
59.51, 1.451, 78.66
59.52, 1.452, 80.66
59.53, 1.453, 78.70
59.54, 1.454, 78.14
59.55, 1.455, 78.55
59.56, 1.456, 79.99
59.57, 1.457, 81.00
59.58, 1.458, 79.38
59.59, 1.459, 81.36
59.60, 1.460, 80.62
59.61, 1.461, 80.29
59.62, 1.462, 82.19
59.63, 1.463, 80.85
59.64, 1.464, 81.12
59.65, 1.465, 81.04
59.66, 1.466, 80.39
59.67, 1.467, 84.01
59.68, 1.468, 82.99
59.69, 1.469, 80.20
59.70, 1.470, 83.44
59.71, 1.471, 82.55
59.72, 1.472, 82.47
59.73, 1.473, 82.75
59.74, 1.474, 82.14
59.75, 1.475, 82.75
59.76, 1.476, 83.86
59.77, 1.477, 85.80
59.78, 1.478, 84.91
59.79, 1.479, 83.08
59.80, 1.480, 84.08
59.81, 1.481, 82.63
59.82, 1.482, 85.09
59.83, 1.483, 85.44
59.84, 1.484, 86.16
59.85, 1.485, 85.82
59.86, 1.486, 84.89
59.87, 1.487, 86.72
59.88, 1.488, 85.58
59.89, 1.489, 84.55
59.90, 1.490, 86.13
59.91, 1.491, 85.99
59.92, 1.492, 85.95
59.93, 1.493, 86.38
59.94, 1.494, 85.97
59.95, 1.495, 88.39
59.96, 1.496, 87.70
59.97, 1.497, 88.53
59.98, 1.498, 89.76
59.99, 1.499, 89.04
60.00, 1.500, 89.08
60.01, 1.501, 87.44
60.02, 1.502, 87.38
60.03, 1.503, 87.01
60.04, 1.504, 89.19
60.05, 1.505, 88.45
60.06, 1.506, 87.17
60.07, 1.507, 89.82
60.08, 1.508, 89.16
60.09, 1.509, 88.79
60.10, 1.510, 89.62
60.11, 1.511, 89.66
60.12, 1.512, 91.09
60.13, 1.513, 90.75
60.14, 1.514, 91.32
60.15, 1.515, 91.11
60.16, 1.516, 91.99
60.17, 1.517, 93.97
60.18, 1.518, 92.11
60.19, 1.519, 92.84
60.20, 1.520, 92.28
60.21, 1.521, 92.53
60.22, 1.522, 93.37
60.23, 1.523, 93.90
60.24, 1.524, 93.74
60.25, 1.525, 94.78
60.26, 1.526, 93.62
60.27, 1.527, 95.72
60.28, 1.528, 92.61
60.29, 1.529, 94.77
60.30, 1.530, 93.77
60.31, 1.531, 94.97
60.32, 1.532, 93.93
60.33, 1.533, 96.13
60.34, 1.534, 96.65
60.35, 1.535, 95.65
60.36, 1.536, 96.46
60.37, 1.537, 96.04
60.38, 1.538, 97.41
60.39, 1.539, 97.89
60.40, 1.540, 98.75
60.41, 1.541, 98.05
60.42, 1.542, 100.9
60.43, 1.543, 101.4
60.44, 1.544, 103.5
60.45, 1.545, 100.7
60.46, 1.546, 101.2
60.47, 1.547, 102.7
60.48, 1.548, 101.6
60.49, 1.549, 103.0
60.50, 1.550, 104.0
60.51, 1.551, 104.1
60.52, 1.552, 104.6
60.53, 1.553, 104.3
60.54, 1.554, 104.8
60.55, 1.555, 105.9
60.56, 1.556, 103.7
60.57, 1.557, 106.3
60.58, 1.558, 106.6
60.59, 1.559, 106.7
60.60, 1.560, 107.1
60.61, 1.561, 104.8
60.62, 1.562, 106.2
60.63, 1.563, 107.0
60.64, 1.564, 106.2
60.65, 1.565, 106.8
60.66, 1.566, 108.3
60.67, 1.567, 108.4
60.68, 1.568, 108.7
60.69, 1.569, 108.1
60.70, 1.570, 111.4
60.71, 1.571, 110.2
60.72, 1.572, 109.5
60.73, 1.573, 109.7
60.74, 1.574, 110.0
60.75, 1.575, 111.8
60.76, 1.576, 112.4
60.77, 1.577, 111.1
60.78, 1.578, 111.6
60.79, 1.579, 112.5
60.80, 1.580, 113.6
60.81, 1.581, 113.6
60.82, 1.582, 115.1
60.83, 1.583, 113.5
60.84, 1.584, 115.2
60.85, 1.585, 116.3
60.86, 1.586, 115.8
60.87, 1.587, 117.7
60.88, 1.588, 115.8
60.89, 1.589, 116.7
60.90, 1.590, 118.3
60.91, 1.591, 116.7
60.92, 1.592, 117.8
60.93, 1.593, 119.4
60.94, 1.594, 118.2
60.95, 1.595, 120.5
60.96, 1.596, 118.2
60.97, 1.597, 118.8
60.98, 1.598, 118.8
60.99, 1.599, 118.4
61.00, 1.600, 121.8
61.01, 1.601, 120.2
61.02, 1.602, 120.1
61.03, 1.603, 121.3
61.04, 1.604, 121.5
61.05, 1.605, 123.0
61.06, 1.606, 122.5
61.07, 1.607, 123.4
61.08, 1.608, 124.3
61.09, 1.609, 123.5
61.10, 1.610, 125.7
61.11, 1.611, 124.6
61.12, 1.612, 126.7
61.13, 1.613, 125.9
61.14, 1.614, 127.2
61.15, 1.615, 126.7
61.16, 1.616, 126.7
61.17, 1.617, 127.3
61.18, 1.618, 127.4
61.19, 1.619, 130.0
61.20, 1.620, 129.3
61.21, 1.621, 129.0
61.22, 1.622, 129.4
61.23, 1.623, 131.1
61.24, 1.624, 129.6
61.25, 1.625, 132.4
61.26, 1.626, 131.2
61.27, 1.627, 132.4
61.28, 1.628, 132.8
61.29, 1.629, 132.8
61.30, 1.630, 132.8
61.31, 1.631, 133.3
61.32, 1.632, 131.4
61.33, 1.633, 133.0
61.34, 1.634, 134.1
61.35, 1.635, 133.8
61.36, 1.636, 136.5
61.37, 1.637, 135.2
61.38, 1.638, 135.6
61.39, 1.639, 137.4
61.40, 1.640, 137.9
61.41, 1.641, 136.4
61.42, 1.642, 137.6
61.43, 1.643, 138.9
61.44, 1.644, 138.0
61.45, 1.645, 139.3
61.46, 1.646, 138.7
61.47, 1.647, 140.0
61.48, 1.648, 140.1
61.49, 1.649, 139.3
61.50, 1.650, 141.0
61.51, 1.651, 140.4
61.52, 1.652, 141.1
61.53, 1.653, 144.0
61.54, 1.654, 142.6
61.55, 1.655, 143.5
61.56, 1.656, 144.4
61.57, 1.657, 144.7
61.58, 1.658, 144.2
61.59, 1.659, 144.7
61.60, 1.660, 146.8
61.61, 1.661, 147.1
61.62, 1.662, 146.7
61.63, 1.663, 148.7
61.64, 1.664, 146.3
61.65, 1.665, 149.1
61.66, 1.666, 149.2
61.67, 1.667, 149.9
61.68, 1.668, 151.5
61.69, 1.669, 150.0
61.70, 1.670, 153.8
61.71, 1.671, 151.1
61.72, 1.672, 154.4
61.73, 1.673, 152.8
61.74, 1.674, 153.0
61.75, 1.675, 154.4
61.76, 1.676, 155.2
61.77, 1.677, 153.0
61.78, 1.678, 154.8
61.79, 1.679, 154.9
61.80, 1.680, 155.9
61.81, 1.681, 157.7
61.82, 1.682, 156.6
61.83, 1.683, 157.9
61.84, 1.684, 158.1
61.85, 1.685, 160.1
61.86, 1.686, 160.2
61.87, 1.687, 158.3
61.88, 1.688, 160.0
61.89, 1.689, 159.7
61.90, 1.690, 160.8
61.91, 1.691, 160.2
61.92, 1.692, 162.6
61.93, 1.693, 163.1
61.94, 1.694, 162.8
61.95, 1.695, 162.3
61.96, 1.696, 164.5
61.97, 1.697, 164.4
61.98, 1.698, 165.3
61.99, 1.699, 165.6
62.00, 1.700, 165.7
62.01, 1.701, 165.1
62.02, 1.702, 165.8
62.03, 1.703, 168.1
62.04, 1.704, 167.1
62.05, 1.705, 167.0
62.06, 1.706, 167.7
62.07, 1.707, 168.3
62.08, 1.708, 171.7
62.09, 1.709, 170.3
62.10, 1.710, 172.7
62.11, 1.711, 171.7
62.12, 1.712, 172.0
62.13, 1.713, 173.4
62.14, 1.714, 173.0
62.15, 1.715, 172.6
62.16, 1.716, 175.1
62.17, 1.717, 174.8
62.18, 1.718, 177.2
62.19, 1.719, 176.6
62.20, 1.720, 176.9
62.21, 1.721, 176.7
62.22, 1.722, 176.1
62.23, 1.723, 178.6
62.24, 1.724, 177.6
62.25, 1.725, 180.5
62.26, 1.726, 180.6
62.27, 1.727, 183.0
62.28, 1.728, 181.5
62.29, 1.729, 182.9
62.30, 1.730, 183.6
62.31, 1.731, 183.5
62.32, 1.732, 182.7
62.33, 1.733, 184.3
62.34, 1.734, 186.7
62.35, 1.735, 187.5
62.36, 1.736, 186.6
62.37, 1.737, 189.4
62.38, 1.738, 189.3
62.39, 1.739, 190.2
62.40, 1.740, 191.0
62.41, 1.741, 191.9
62.42, 1.742, 192.6
62.43, 1.743, 192.0
62.44, 1.744, 193.6
62.45, 1.745, 195.6
62.46, 1.746, 193.5
62.47, 1.747, 195.0
62.48, 1.748, 196.3
62.49, 1.749, 197.4
62.50, 1.750, 198.7
62.51, 1.751, 198.3
62.52, 1.752, 198.0
62.53, 1.753, 198.6
62.54, 1.754, 199.8
62.55, 1.755, 199.9
62.56, 1.756, 201.8
62.57, 1.757, 202.8
62.58, 1.758, 203.7
62.59, 1.759, 203.7
62.60, 1.760, 205.6
62.61, 1.761, 207.3
62.62, 1.762, 206.7
62.63, 1.763, 207.3
62.64, 1.764, 209.5
62.65, 1.765, 209.2
62.66, 1.766, 208.7
62.67, 1.767, 210.6
62.68, 1.768, 212.0
62.69, 1.769, 212.4
62.70, 1.770, 213.5
62.71, 1.771, 214.7
62.72, 1.772, 215.9
62.73, 1.773, 215.5
62.74, 1.774, 217.5
62.75, 1.775, 217.6
62.76, 1.776, 218.6
62.77, 1.777, 220.2
62.78, 1.778, 219.0
62.79, 1.779, 218.9
62.80, 1.780, 222.2
62.81, 1.781, 223.1
62.82, 1.782, 223.1
62.83, 1.783, 223.0
62.84, 1.784, 226.2
62.85, 1.785, 224.1
62.86, 1.786, 227.2
62.87, 1.787, 227.2
62.88, 1.788, 228.0
62.89, 1.789, 229.0
62.90, 1.790, 228.8
62.91, 1.791, 232.1
62.92, 1.792, 232.4
62.93, 1.793, 233.0
62.94, 1.794, 235.1
62.95, 1.795, 232.9
62.96, 1.796, 235.9
62.97, 1.797, 235.6
62.98, 1.798, 239.6
62.99, 1.799, 237.6
63.00, 1.800, 240.4
63.01, 1.801, 241.8
63.02, 1.802, 242.3
63.03, 1.803, 243.7
63.04, 1.804, 244.3
63.05, 1.805, 246.0
63.06, 1.806, 244.2
63.07, 1.807, 248.0
63.08, 1.808, 247.0
63.09, 1.809, 248.2
63.10, 1.810, 250.8
63.11, 1.811, 251.0
63.12, 1.812, 251.9
63.13, 1.813, 253.9
63.14, 1.814, 252.2
63.15, 1.815, 255.4
63.16, 1.816, 255.5
63.17, 1.817, 257.5
63.18, 1.818, 257.6
63.19, 1.819, 258.1
63.20, 1.820, 258.9
63.21, 1.821, 258.7
63.22, 1.822, 260.7
63.23, 1.823, 262.2
63.24, 1.824, 262.8
63.25, 1.825, 263.7
63.26, 1.826, 264.6
63.27, 1.827, 266.7
63.28, 1.828, 266.3
63.29, 1.829, 269.4
63.30, 1.830, 268.2
63.31, 1.831, 270.7
63.32, 1.832, 273.2
63.33, 1.833, 272.8
63.34, 1.834, 274.8
63.35, 1.835, 274.0
63.36, 1.836, 276.2
63.37, 1.837, 278.8
63.38, 1.838, 278.2
63.39, 1.839, 281.1
63.40, 1.840, 278.9
63.41, 1.841, 282.0
63.42, 1.842, 282.7
63.43, 1.843, 284.8
63.44, 1.844, 286.1
63.45, 1.845, 285.6
63.46, 1.846, 286.7
63.47, 1.847, 287.6
63.48, 1.848, 288.6
63.49, 1.849, 291.7
63.50, 1.850, 291.6
63.51, 1.851, 291.8
63.52, 1.852, 293.9
63.53, 1.853, 293.0
63.54, 1.854, 296.4
63.55, 1.855, 296.5
63.56, 1.856, 298.4
63.57, 1.857, 297.9
63.58, 1.858, 300.7
63.59, 1.859, 301.1
63.60, 1.860, 302.6
63.61, 1.861, 303.6
63.62, 1.862, 303.6
63.63, 1.863, 305.8
63.64, 1.864, 307.9
63.65, 1.865, 308.1
63.66, 1.866, 309.3
63.67, 1.867, 310.2
63.68, 1.868, 312.7
63.69, 1.869, 312.5
63.70, 1.870, 313.8
63.71, 1.871, 316.7
63.72, 1.872, 317.4
63.73, 1.873, 319.4
63.74, 1.874, 320.1
63.75, 1.875, 320.7
63.76, 1.876, 322.6
63.77, 1.877, 321.6
63.78, 1.878, 323.4
63.79, 1.879, 324.2
63.80, 1.880, 327.8
63.81, 1.881, 327.3
63.82, 1.882, 329.6
63.83, 1.883, 330.5
63.84, 1.884, 332.5
63.85, 1.885, 334.5
63.86, 1.886, 335.8
63.87, 1.887, 336.3
63.88, 1.888, 338.8
63.89, 1.889, 339.4
63.90, 1.890, 340.9
63.91, 1.891, 340.5
63.92, 1.892, 339.2
63.93, 1.893, 343.6
63.94, 1.894, 343.4
63.95, 1.895, 347.0
63.96, 1.896, 347.2
63.97, 1.897, 348.5
63.98, 1.898, 350.0
63.99, 1.899, 351.2
64.00, 1.900, 353.2
64.01, 1.901, 352.8
64.02, 1.902, 354.0
64.03, 1.903, 355.7
64.04, 1.904, 355.8
64.05, 1.905, 360.5
64.06, 1.906, 359.2
64.07, 1.907, 361.6
64.08, 1.908, 363.3
64.09, 1.909, 364.7
64.10, 1.910, 365.3
64.11, 1.911, 366.9
64.12, 1.912, 369.3
64.13, 1.913, 369.6
64.14, 1.914, 372.0
64.15, 1.915, 371.4
64.16, 1.916, 374.3
64.17, 1.917, 375.7
64.18, 1.918, 375.9
64.19, 1.919, 379.2
64.20, 1.920, 379.6
64.21, 1.921, 381.3
64.22, 1.922, 383.0
64.23, 1.923, 384.3
64.24, 1.924, 387.6
64.25, 1.925, 387.4
64.26, 1.926, 390.3
64.27, 1.927, 390.6
64.28, 1.928, 391.9
64.29, 1.929, 393.7
64.30, 1.930, 393.7
64.31, 1.931, 394.7
64.32, 1.932, 398.6
64.33, 1.933, 400.1
64.34, 1.934, 401.2
64.35, 1.935, 401.7
64.36, 1.936, 404.7
64.37, 1.937, 404.6
64.38, 1.938, 405.8
64.39, 1.939, 407.5
64.40, 1.940, 408.0
64.41, 1.941, 409.9
64.42, 1.942, 411.0
64.43, 1.943, 412.0
64.44, 1.944, 413.9
64.45, 1.945, 416.5
64.46, 1.946, 416.9
64.47, 1.947, 417.8
64.48, 1.948, 419.0
64.49, 1.949, 423.1
64.50, 1.950, 423.9
64.51, 1.951, 425.0
64.52, 1.952, 425.4
64.53, 1.953, 427.0
64.54, 1.954, 430.3
64.55, 1.955, 428.5
64.56, 1.956, 434.0
64.57, 1.957, 433.8
64.58, 1.958, 435.5
64.59, 1.959, 437.6
64.60, 1.960, 435.8
64.61, 1.961, 441.5
64.62, 1.962, 441.3
64.63, 1.963, 443.7
64.64, 1.964, 445.7
64.65, 1.965, 447.5
64.66, 1.966, 451.5
64.67, 1.967, 451.4
64.68, 1.968, 452.6
64.69, 1.969, 454.3
64.70, 1.970, 453.6
64.71, 1.971, 457.1
64.72, 1.972, 456.7
64.73, 1.973, 461.4
64.74, 1.974, 461.3
64.75, 1.975, 463.3
64.76, 1.976, 465.1
64.77, 1.977, 467.1
64.78, 1.978, 466.0
64.79, 1.979, 469.8
64.80, 1.980, 469.6
64.81, 1.981, 471.5
64.82, 1.982, 471.3
64.83, 1.983, 471.8
64.84, 1.984, 472.1
64.85, 1.985, 473.2
64.86, 1.986, 473.2
64.87, 1.987, 473.2
64.88, 1.988, 473.3
64.89, 1.989, 474.3
64.90, 1.990, 474.7
64.91, 1.991, 474.1
64.92, 1.992, 474.3
64.93, 1.993, 474.9
64.94, 1.994, 475.5
64.95, 1.995, 474.8
64.96, 1.996, 475.3
64.97, 1.997, 475.4
64.98, 1.998, 475.4
64.99, 1.999, 475.6
65.00, 2.000, 475.9
65.01, 1.999, 475.7
65.02, 1.998, 476.2
65.03, 1.997, 476.2
65.04, 1.996, 477.1
65.05, 1.995, 477.1
65.06, 1.994, 477.3
65.07, 1.993, 477.7
65.08, 1.992, 477.3
65.09, 1.991, 478.2
65.10, 1.990, 479.0
65.11, 1.989, 477.3
65.12, 1.988, 477.9
65.13, 1.987, 479.5
65.14, 1.986, 478.6
65.15, 1.985, 478.4
65.16, 1.984, 480.6
65.17, 1.983, 478.4
65.18, 1.982, 478.6
65.19, 1.981, 479.2
65.20, 1.980, 477.2
65.21, 1.979, 475.9
65.22, 1.978, 475.5
65.23, 1.977, 475.3
65.24, 1.976, 472.7
65.25, 1.975, 470.1
65.26, 1.974, 471.0
65.27, 1.973, 469.8
65.28, 1.972, 468.4
65.29, 1.971, 466.8
65.30, 1.970, 465.0
65.31, 1.969, 464.6
65.32, 1.968, 464.7
65.33, 1.967, 462.0
65.34, 1.966, 460.8
65.35, 1.965, 458.2
65.36, 1.964, 459.8
65.37, 1.963, 456.6
65.38, 1.962, 455.5
65.39, 1.961, 454.2
65.40, 1.960, 453.4
65.41, 1.959, 452.1
65.42, 1.958, 450.5
65.43, 1.957, 448.5
65.44, 1.956, 449.4
65.45, 1.955, 447.6
65.46, 1.954, 445.7
65.47, 1.953, 444.1
65.48, 1.952, 443.7
65.49, 1.951, 440.8
65.50, 1.950, 439.1
65.51, 1.949, 437.9
65.52, 1.948, 438.2
65.53, 1.947, 433.9
65.54, 1.946, 435.5
65.55, 1.945, 433.1
65.56, 1.944, 433.0
65.57, 1.943, 431.0
65.58, 1.942, 429.4
65.59, 1.941, 430.5
65.60, 1.940, 426.1
65.61, 1.939, 425.3
65.62, 1.938, 424.4
65.63, 1.937, 424.5
65.64, 1.936, 423.9
65.65, 1.935, 420.2
65.66, 1.934, 421.1
65.67, 1.933, 419.7
65.68, 1.932, 420.0
65.69, 1.931, 417.2
65.70, 1.930, 417.0
65.71, 1.929, 416.1
65.72, 1.928, 413.9
65.73, 1.927, 411.7
65.74, 1.926, 412.8
65.75, 1.925, 409.8
65.76, 1.924, 411.5
65.77, 1.923, 407.9
65.78, 1.922, 407.4
65.79, 1.921, 406.7
65.80, 1.920, 403.1
65.81, 1.919, 402.3
65.82, 1.918, 402.8
65.83, 1.917, 400.9
65.84, 1.916, 400.7
65.85, 1.915, 397.5
65.86, 1.914, 399.7
65.87, 1.913, 394.4
65.88, 1.912, 395.4
65.89, 1.911, 393.8
65.90, 1.910, 391.6
65.91, 1.909, 390.0
65.92, 1.908, 388.8
65.93, 1.907, 388.2
65.94, 1.906, 388.0
65.95, 1.905, 386.0
65.96, 1.904, 384.3
65.97, 1.903, 382.8
65.98, 1.902, 381.5
65.99, 1.901, 380.8
66.00, 1.900, 379.3
66.01, 1.899, 377.1
66.02, 1.898, 377.2
66.03, 1.897, 377.4
66.04, 1.896, 375.9
66.05, 1.895, 374.4
66.06, 1.894, 373.4
66.07, 1.893, 371.9
66.08, 1.892, 370.2
66.09, 1.891, 370.6
66.10, 1.890, 369.2
66.11, 1.889, 367.8
66.12, 1.888, 365.7
66.13, 1.887, 363.5
66.14, 1.886, 365.6
66.15, 1.885, 363.6
66.16, 1.884, 361.0
66.17, 1.883, 360.8
66.18, 1.882, 358.4
66.19, 1.881, 359.6
66.20, 1.880, 355.8
66.21, 1.879, 354.9
66.22, 1.878, 355.5
66.23, 1.877, 353.9
66.24, 1.876, 353.4
66.25, 1.875, 351.7
66.26, 1.874, 350.7
66.27, 1.873, 350.2
66.28, 1.872, 349.6
66.29, 1.871, 348.9
66.30, 1.870, 345.2
66.31, 1.869, 344.2
66.32, 1.868, 344.3
66.33, 1.867, 340.3
66.34, 1.866, 339.3
66.35, 1.865, 339.9
66.36, 1.864, 338.4
66.37, 1.863, 339.4
66.38, 1.862, 336.7
66.39, 1.861, 335.6
66.40, 1.860, 335.4
66.41, 1.859, 331.1
66.42, 1.858, 331.5
66.43, 1.857, 331.1
66.44, 1.856, 329.8
66.45, 1.855, 326.9
66.46, 1.854, 327.2
66.47, 1.853, 325.9
66.48, 1.852, 324.8
66.49, 1.851, 325.2
66.50, 1.850, 321.0
66.51, 1.849, 322.2
66.52, 1.848, 322.8
66.53, 1.847, 320.0
66.54, 1.846, 320.4
66.55, 1.845, 318.7
66.56, 1.844, 316.5
66.57, 1.843, 316.3
66.58, 1.842, 314.3
66.59, 1.841, 312.3
66.60, 1.840, 314.0
66.61, 1.839, 312.3
66.62, 1.838, 308.3
66.63, 1.837, 307.7
66.64, 1.836, 307.7
66.65, 1.835, 306.4
66.66, 1.834, 307.7
66.67, 1.833, 304.5
66.68, 1.832, 305.4
66.69, 1.831, 303.6
66.70, 1.830, 302.2
66.71, 1.829, 301.2
66.72, 1.828, 300.2
66.73, 1.827, 297.8
66.74, 1.826, 297.4
66.75, 1.825, 294.3
66.76, 1.824, 295.8
66.77, 1.823, 292.5
66.78, 1.822, 293.2
66.79, 1.821, 290.9
66.80, 1.820, 289.5
66.81, 1.819, 288.1
66.82, 1.818, 287.7
66.83, 1.817, 287.8
66.84, 1.816, 285.7
66.85, 1.815, 284.6
66.86, 1.814, 283.2
66.87, 1.813, 284.1
66.88, 1.812, 282.0
66.89, 1.811, 280.4
66.90, 1.810, 278.4
66.91, 1.809, 278.2
66.92, 1.808, 279.0
66.93, 1.807, 277.0
66.94, 1.806, 275.6
66.95, 1.805, 275.9
66.96, 1.804, 274.3
66.97, 1.803, 273.6
66.98, 1.802, 270.7
66.99, 1.801, 269.5
67.00, 1.800, 270.3
67.01, 1.799, 266.8
67.02, 1.798, 267.1
67.03, 1.797, 266.3
67.04, 1.796, 264.9
67.05, 1.795, 265.7
67.06, 1.794, 263.1
67.07, 1.793, 263.3
67.08, 1.792, 261.2
67.09, 1.791, 261.9
67.10, 1.790, 260.1
67.11, 1.789, 257.4
67.12, 1.788, 258.0
67.13, 1.787, 255.9
67.14, 1.786, 255.0
67.15, 1.785, 253.2
67.16, 1.784, 251.2
67.17, 1.783, 250.6
67.18, 1.782, 248.3
67.19, 1.781, 248.9
67.20, 1.780, 247.5
67.21, 1.779, 247.3
67.22, 1.778, 243.9
67.23, 1.777, 243.4
67.24, 1.776, 243.6
67.25, 1.775, 241.9
67.26, 1.774, 240.8
67.27, 1.773, 240.3
67.28, 1.772, 238.1
67.29, 1.771, 239.0
67.30, 1.770, 239.5
67.31, 1.769, 237.7
67.32, 1.768, 234.5
67.33, 1.767, 234.3
67.34, 1.766, 233.7
67.35, 1.765, 232.7
67.36, 1.764, 232.3
67.37, 1.763, 231.2
67.38, 1.762, 229.6
67.39, 1.761, 229.1
67.40, 1.760, 228.5
67.41, 1.759, 227.0
67.42, 1.758, 227.6
67.43, 1.757, 225.5
67.44, 1.756, 222.7
67.45, 1.755, 223.4
67.46, 1.754, 221.0
67.47, 1.753, 221.9
67.48, 1.752, 219.1
67.49, 1.751, 216.8
67.50, 1.750, 220.9
67.51, 1.749, 217.8
67.52, 1.748, 218.9
67.53, 1.747, 217.0
67.54, 1.746, 216.5
67.55, 1.745, 215.7
67.56, 1.744, 213.8
67.57, 1.743, 211.2
67.58, 1.742, 211.0
67.59, 1.741, 209.7
67.60, 1.740, 208.8
67.61, 1.739, 207.7
67.62, 1.738, 207.7
67.63, 1.737, 203.2
67.64, 1.736, 204.9
67.65, 1.735, 204.3
67.66, 1.734, 203.4
67.67, 1.733, 202.1
67.68, 1.732, 201.5
67.69, 1.731, 201.9
67.70, 1.730, 198.4
67.71, 1.729, 198.8
67.72, 1.728, 197.7
67.73, 1.727, 196.7
67.74, 1.726, 196.8
67.75, 1.725, 193.8
67.76, 1.724, 195.4
67.77, 1.723, 191.4
67.78, 1.722, 192.2
67.79, 1.721, 192.0
67.80, 1.720, 190.8
67.81, 1.719, 189.7
67.82, 1.718, 190.6
67.83, 1.717, 191.4
67.84, 1.716, 188.1
67.85, 1.715, 187.2
67.86, 1.714, 183.7
67.87, 1.713, 183.5
67.88, 1.712, 183.1
67.89, 1.711, 181.3
67.90, 1.710, 183.3
67.91, 1.709, 180.8
67.92, 1.708, 179.7
67.93, 1.707, 178.8
67.94, 1.706, 177.4
67.95, 1.705, 180.4
67.96, 1.704, 177.3
67.97, 1.703, 177.4
67.98, 1.702, 174.6
67.99, 1.701, 172.5
68.00, 1.700, 173.3
68.01, 1.699, 170.7
68.02, 1.698, 170.4
68.03, 1.697, 169.3
68.04, 1.696, 168.3
68.05, 1.695, 168.2
68.06, 1.694, 166.6
68.07, 1.693, 166.3
68.08, 1.692, 163.4
68.09, 1.691, 164.4
68.10, 1.690, 163.2
68.11, 1.689, 163.5
68.12, 1.688, 161.2
68.13, 1.687, 161.7
68.14, 1.686, 161.3
68.15, 1.685, 159.4
68.16, 1.684, 160.1
68.17, 1.683, 157.6
68.18, 1.682, 158.2
68.19, 1.681, 155.9
68.20, 1.680, 155.1
68.21, 1.679, 155.0
68.22, 1.678, 153.6
68.23, 1.677, 155.5
68.24, 1.676, 152.9
68.25, 1.675, 151.8
68.26, 1.674, 151.9
68.27, 1.673, 151.9
68.28, 1.672, 150.2
68.29, 1.671, 149.4
68.30, 1.670, 150.7
68.31, 1.669, 148.5
68.32, 1.668, 147.6
68.33, 1.667, 147.8
68.34, 1.666, 146.3
68.35, 1.665, 145.5
68.36, 1.664, 144.7
68.37, 1.663, 144.8
68.38, 1.662, 142.7
68.39, 1.661, 140.9
68.40, 1.660, 141.0
68.41, 1.659, 138.7
68.42, 1.658, 141.1
68.43, 1.657, 140.0
68.44, 1.656, 138.7
68.45, 1.655, 138.0
68.46, 1.654, 135.7
68.47, 1.653, 136.5
68.48, 1.652, 134.0
68.49, 1.651, 132.9
68.50, 1.650, 132.2
68.51, 1.649, 128.7
68.52, 1.648, 133.6
68.53, 1.647, 131.2
68.54, 1.646, 132.4
68.55, 1.645, 130.4
68.56, 1.644, 128.0
68.57, 1.643, 129.7
68.58, 1.642, 128.1
68.59, 1.641, 128.3
68.60, 1.640, 124.3
68.61, 1.639, 125.4
68.62, 1.638, 124.3
68.63, 1.637, 124.0
68.64, 1.636, 124.0
68.65, 1.635, 123.5
68.66, 1.634, 123.1
68.67, 1.633, 123.9
68.68, 1.632, 119.0
68.69, 1.631, 122.3
68.70, 1.630, 120.1
68.71, 1.629, 120.5
68.72, 1.628, 118.4
68.73, 1.627, 117.9
68.74, 1.626, 117.9
68.75, 1.625, 117.5
68.76, 1.624, 118.0
68.77, 1.623, 116.0
68.78, 1.622, 114.7
68.79, 1.621, 116.8
68.80, 1.620, 113.9
68.81, 1.619, 115.0
68.82, 1.618, 113.5
68.83, 1.617, 112.9
68.84, 1.616, 111.9
68.85, 1.615, 110.9
68.86, 1.614, 112.1
68.87, 1.613, 108.8
68.88, 1.612, 108.3
68.89, 1.611, 108.1
68.90, 1.610, 106.0
68.91, 1.609, 106.7
68.92, 1.608, 106.2
68.93, 1.607, 105.9
68.94, 1.606, 107.2
68.95, 1.605, 106.4
68.96, 1.604, 104.7
68.97, 1.603, 102.5
68.98, 1.602, 102.1
68.99, 1.601, 103.8
69.00, 1.600, 100.9
69.01, 1.599, 100.4
69.02, 1.598, 99.08
69.03, 1.597, 100.3
69.04, 1.596, 99.58
69.05, 1.595, 97.31
69.06, 1.594, 101.9
69.07, 1.593, 97.90
69.08, 1.592, 98.99
69.09, 1.591, 97.24
69.10, 1.590, 96.72
69.11, 1.589, 96.10
69.12, 1.588, 95.68
69.13, 1.587, 96.59
69.14, 1.586, 95.52
69.15, 1.585, 95.73
69.16, 1.584, 96.10
69.17, 1.583, 93.87
69.18, 1.582, 92.70
69.19, 1.581, 92.66
69.20, 1.580, 92.34
69.21, 1.579, 91.12
69.22, 1.578, 89.49
69.23, 1.577, 90.63
69.24, 1.576, 90.54
69.25, 1.575, 88.91
69.26, 1.574, 90.44
69.27, 1.573, 86.94
69.28, 1.572, 88.48
69.29, 1.571, 86.23
69.30, 1.570, 84.79
69.31, 1.569, 85.09
69.32, 1.568, 85.58
69.33, 1.567, 83.65
69.34, 1.566, 84.73
69.35, 1.565, 83.86
69.36, 1.564, 84.00
69.37, 1.563, 82.31
69.38, 1.562, 82.08
69.39, 1.561, 81.20
69.40, 1.560, 80.82
69.41, 1.559, 81.98
69.42, 1.558, 81.96
69.43, 1.557, 80.76
69.44, 1.556, 80.40
69.45, 1.555, 77.63
69.46, 1.554, 79.52
69.47, 1.553, 78.99
69.48, 1.552, 75.49
69.49, 1.551, 79.65
69.50, 1.550, 75.91
69.51, 1.549, 76.50
69.52, 1.548, 77.48
69.53, 1.547, 76.38
69.54, 1.546, 75.67
69.55, 1.545, 75.39
69.56, 1.544, 73.70
69.57, 1.543, 74.28
69.58, 1.542, 73.07
69.59, 1.541, 72.34
69.60, 1.540, 73.61
69.61, 1.539, 72.78
69.62, 1.538, 71.82
69.63, 1.537, 71.22
69.64, 1.536, 71.00
69.65, 1.535, 71.87
69.66, 1.534, 70.12
69.67, 1.533, 68.90
69.68, 1.532, 69.60
69.69, 1.531, 67.91
69.70, 1.530, 68.63
69.71, 1.529, 64.86
69.72, 1.528, 64.77
69.73, 1.527, 65.19
69.74, 1.526, 64.83
69.75, 1.525, 66.19
69.76, 1.524, 62.62
69.77, 1.523, 64.91
69.78, 1.522, 62.62
69.79, 1.521, 62.16
69.80, 1.520, 61.65
69.81, 1.519, 61.22
69.82, 1.518, 63.20
69.83, 1.517, 62.21
69.84, 1.516, 63.11
69.85, 1.515, 63.09
69.86, 1.514, 59.82
69.87, 1.513, 59.84
69.88, 1.512, 57.46
69.89, 1.511, 57.04
69.90, 1.510, 59.60
69.91, 1.509, 57.78
69.92, 1.508, 60.30
69.93, 1.507, 58.24
69.94, 1.506, 57.61
69.95, 1.505, 57.32
69.96, 1.504, 56.05
69.97, 1.503, 57.02
69.98, 1.502, 55.90
69.99, 1.501, 56.48
70.00, 1.500, 57.78
70.01, 1.499, 55.80
70.02, 1.498, 55.23
70.03, 1.497, 54.79
70.04, 1.496, 55.92
70.05, 1.495, 54.15
70.06, 1.494, 51.83
70.07, 1.493, 53.01
70.08, 1.492, 52.34
70.09, 1.491, 52.86
70.10, 1.490, 51.39
70.11, 1.489, 49.56
70.12, 1.488, 52.75
70.13, 1.487, 48.80
70.14, 1.486, 48.15
70.15, 1.485, 48.87
70.16, 1.484, 46.73
70.17, 1.483, 48.25
70.18, 1.482, 47.45
70.19, 1.481, 48.46
70.20, 1.480, 46.92
70.21, 1.479, 47.02
70.22, 1.478, 46.19
70.23, 1.477, 45.02
70.24, 1.476, 44.61
70.25, 1.475, 46.55
70.26, 1.474, 43.63
70.27, 1.473, 45.86
70.28, 1.472, 44.95
70.29, 1.471, 43.56
70.30, 1.470, 44.60
70.31, 1.469, 41.97
70.32, 1.468, 45.30
70.33, 1.467, 40.09
70.34, 1.466, 43.39
70.35, 1.465, 42.34
70.36, 1.464, 40.76
70.37, 1.463, 42.75
70.38, 1.462, 37.80
70.39, 1.461, 41.88
70.40, 1.460, 39.07
70.41, 1.459, 41.99
70.42, 1.458, 39.06
70.43, 1.457, 37.53
70.44, 1.456, 40.42
70.45, 1.455, 37.62
70.46, 1.454, 39.56
70.47, 1.453, 36.66
70.48, 1.452, 38.89
70.49, 1.451, 38.05
70.50, 1.450, 36.49
70.51, 1.449, 37.58
70.52, 1.448, 35.39
70.53, 1.447, 34.59
70.54, 1.446, 36.00
70.55, 1.445, 33.95
70.56, 1.444, 33.54
70.57, 1.443, 33.35
70.58, 1.442, 32.87
70.59, 1.441, 33.81
70.60, 1.440, 33.48
70.61, 1.439, 32.10
70.62, 1.438, 31.87
70.63, 1.437, 33.09
70.64, 1.436, 32.14
70.65, 1.435, 32.13
70.66, 1.434, 32.12
70.67, 1.433, 29.44
70.68, 1.432, 31.53
70.69, 1.431, 29.99
70.70, 1.430, 29.38
70.71, 1.429, 29.50
70.72, 1.428, 28.59
70.73, 1.427, 31.33
70.74, 1.426, 29.65
70.75, 1.425, 31.18
70.76, 1.424, 30.39
70.77, 1.423, 29.71
70.78, 1.422, 30.00
70.79, 1.421, 29.66
70.80, 1.420, 28.82
70.81, 1.419, 27.68
70.82, 1.418, 29.14
70.83, 1.417, 28.19
70.84, 1.416, 27.48
70.85, 1.415, 28.83
70.86, 1.414, 28.49
70.87, 1.413, 27.50
70.88, 1.412, 27.58
70.89, 1.411, 28.88
70.90, 1.410, 25.90
70.91, 1.409, 25.46
70.92, 1.408, 27.12
70.93, 1.407, 25.27
70.94, 1.406, 25.99
70.95, 1.405, 25.55
70.96, 1.404, 24.94
70.97, 1.403, 24.51
70.98, 1.402, 23.86
70.99, 1.401, 24.54
71.00, 1.400, 25.06
71.01, 1.399, 22.04
71.02, 1.398, 23.78
71.03, 1.397, 22.25
71.04, 1.396, 22.17
71.05, 1.395, 23.56
71.06, 1.394, 22.15
71.07, 1.393, 22.12
71.08, 1.392, 21.19
71.09, 1.391, 24.17
71.10, 1.390, 21.66
71.11, 1.389, 20.67
71.12, 1.388, 20.81
71.13, 1.387, 21.13
71.14, 1.386, 20.82
71.15, 1.385, 21.19
71.16, 1.384, 20.44
71.17, 1.383, 23.46
71.18, 1.382, 20.65
71.19, 1.381, 21.52
71.20, 1.380, 20.42
71.21, 1.379, 21.40
71.22, 1.378, 21.40
71.23, 1.377, 20.00
71.24, 1.376, 20.27
71.25, 1.375, 20.24
71.26, 1.374, 21.70
71.27, 1.373, 21.30
71.28, 1.372, 20.97
71.29, 1.371, 20.75
71.30, 1.370, 19.14
71.31, 1.369, 18.50
71.32, 1.368, 19.03
71.33, 1.367, 21.09
71.34, 1.366, 18.98
71.35, 1.365, 18.99
71.36, 1.364, 17.97
71.37, 1.363, 18.07
71.38, 1.362, 17.66
71.39, 1.361, 17.30
71.40, 1.360, 18.80
71.41, 1.359, 17.83
71.42, 1.358, 17.41
71.43, 1.357, 18.34
71.44, 1.356, 18.52
71.45, 1.355, 18.13
71.46, 1.354, 18.39
71.47, 1.353, 16.41
71.48, 1.352, 17.34
71.49, 1.351, 16.05
71.50, 1.350, 15.36
71.51, 1.349, 15.25
71.52, 1.348, 15.44
71.53, 1.347, 17.39
71.54, 1.346, 15.65
71.55, 1.345, 16.84
71.56, 1.344, 17.81
71.57, 1.343, 17.03
71.58, 1.342, 17.67
71.59, 1.341, 15.64
71.60, 1.340, 16.00
71.61, 1.339, 16.79
71.62, 1.338, 15.59
71.63, 1.337, 16.35
71.64, 1.336, 16.62
71.65, 1.335, 15.81
71.66, 1.334, 16.95
71.67, 1.333, 14.88
71.68, 1.332, 13.69
71.69, 1.331, 14.48
71.70, 1.330, 15.33
71.71, 1.329, 15.77
71.72, 1.328, 16.67
71.73, 1.327, 16.07
71.74, 1.326, 15.51
71.75, 1.325, 15.81
71.76, 1.324, 13.49
71.77, 1.323, 14.84
71.78, 1.322, 15.54
71.79, 1.321, 14.59
71.80, 1.320, 14.71
71.81, 1.319, 12.72
71.82, 1.318, 14.66
71.83, 1.317, 14.74
71.84, 1.316, 11.50
71.85, 1.315, 14.08
71.86, 1.314, 14.46
71.87, 1.313, 14.16
71.88, 1.312, 14.31
71.89, 1.311, 16.06
71.90, 1.310, 13.42
71.91, 1.309, 13.91
71.92, 1.308, 14.47
71.93, 1.307, 13.00
71.94, 1.306, 13.77
71.95, 1.305, 13.86
71.96, 1.304, 13.66
71.97, 1.303, 14.36
71.98, 1.302, 12.38
71.99, 1.301, 14.23
72.00, 1.300, 13.09
72.01, 1.299, 13.99
72.02, 1.298, 14.28
72.03, 1.297, 14.28
72.04, 1.296, 13.79
72.05, 1.295, 12.41
72.06, 1.294, 14.51
72.07, 1.293, 12.65
72.08, 1.292, 13.80
72.09, 1.291, 11.00
72.10, 1.290, 14.45
72.11, 1.289, 13.81
72.12, 1.288, 13.50
72.13, 1.287, 12.76
72.14, 1.286, 13.45
72.15, 1.285, 12.89
72.16, 1.284, 13.31
72.17, 1.283, 13.53
72.18, 1.282, 11.11
72.19, 1.281, 12.35
72.20, 1.280, 12.51
72.21, 1.279, 11.15
72.22, 1.278, 12.95
72.23, 1.277, 12.74
72.24, 1.276, 14.01
72.25, 1.275, 10.85
72.26, 1.274, 12.54
72.27, 1.273, 11.30
72.28, 1.272, 10.28
72.29, 1.271, 11.57
72.30, 1.270, 12.52
72.31, 1.269, 12.24
72.32, 1.268, 10.59
72.33, 1.267, 12.40
72.34, 1.266, 10.48
72.35, 1.265, 9.351
72.36, 1.264, 11.30
72.37, 1.263, 10.83
72.38, 1.262, 12.07
72.39, 1.261, 9.249
72.40, 1.260, 11.85
72.41, 1.259, 10.96
72.42, 1.258, 12.54
72.43, 1.257, 10.26
72.44, 1.256, 9.546
72.45, 1.255, 10.03
72.46, 1.254, 10.76
72.47, 1.253, 11.42
72.48, 1.252, 10.70
72.49, 1.251, 10.52
72.50, 1.250, 13.27
72.51, 1.249, 10.53
72.52, 1.248, 10.95
72.53, 1.247, 11.18
72.54, 1.246, 11.95
72.55, 1.245, 12.14
72.56, 1.244, 12.12
72.57, 1.243, 9.716
72.58, 1.242, 12.29
72.59, 1.241, 12.25
72.60, 1.240, 11.18
72.61, 1.239, 11.28
72.62, 1.238, 10.45
72.63, 1.237, 9.262
72.64, 1.236, 9.617
72.65, 1.235, 9.580
72.66, 1.234, 9.900
72.67, 1.233, 10.05
72.68, 1.232, 8.402
72.69, 1.231, 11.02
72.70, 1.230, 10.41
72.71, 1.229, 10.56
72.72, 1.228, 10.32
72.73, 1.227, 10.38
72.74, 1.226, 9.105
72.75, 1.225, 9.516
72.76, 1.224, 9.625
72.77, 1.223, 7.579
72.78, 1.222, 10.74
72.79, 1.221, 9.656
72.80, 1.220, 10.41
72.81, 1.219, 10.48
72.82, 1.218, 8.728
72.83, 1.217, 11.07
72.84, 1.216, 10.30
72.85, 1.215, 10.12
72.86, 1.214, 9.952
72.87, 1.213, 9.285
72.88, 1.212, 7.053
72.89, 1.211, 9.675
72.90, 1.210, 9.980
72.91, 1.209, 10.64
72.92, 1.208, 10.25
72.93, 1.207, 7.817
72.94, 1.206, 9.449
72.95, 1.205, 9.383
72.96, 1.204, 10.37
72.97, 1.203, 9.937
72.98, 1.202, 10.96
72.99, 1.201, 6.952
73.00, 1.200, 9.968
73.01, 1.199, 11.27
73.02, 1.198, 8.914
73.03, 1.197, 10.60
73.04, 1.196, 9.586
73.05, 1.195, 7.503
73.06, 1.194, 8.606
73.07, 1.193, 8.783
73.08, 1.192, 8.570
73.09, 1.191, 8.573
73.10, 1.190, 8.548
73.11, 1.189, 6.958
73.12, 1.188, 10.46
73.13, 1.187, 7.062
73.14, 1.186, 9.016
73.15, 1.185, 6.707
73.16, 1.184, 9.084
73.17, 1.183, 6.592
73.18, 1.182, 6.439
73.19, 1.181, 7.772
73.20, 1.180, 9.400
73.21, 1.179, 10.04
73.22, 1.178, 6.363
73.23, 1.177, 7.647
73.24, 1.176, 7.354
73.25, 1.175, 8.200
73.26, 1.174, 8.515
73.27, 1.173, 6.516
73.28, 1.172, 11.12
73.29, 1.171, 6.839
73.30, 1.170, 8.887
73.31, 1.169, 7.767
73.32, 1.168, 8.259
73.33, 1.167, 9.564
73.34, 1.166, 7.658
73.35, 1.165, 9.327
73.36, 1.164, 7.701
73.37, 1.163, 8.008
73.38, 1.162, 9.218
73.39, 1.161, 7.803
73.40, 1.160, 10.54
73.41, 1.159, 8.210
73.42, 1.158, 8.900
73.43, 1.157, 8.131
73.44, 1.156, 7.969
73.45, 1.155, 8.941
73.46, 1.154, 8.330
73.47, 1.153, 7.686
73.48, 1.152, 6.255
73.49, 1.151, 6.545
73.50, 1.150, 6.388
73.51, 1.149, 6.683
73.52, 1.148, 8.254
73.53, 1.147, 3.443
73.54, 1.146, 5.168
73.55, 1.145, 5.850
73.56, 1.144, 5.638
73.57, 1.143, 5.181
73.58, 1.142, 6.452
73.59, 1.141, 8.221
73.60, 1.140, 8.034
73.61, 1.139, 8.369
73.62, 1.138, 7.151
73.63, 1.137, 8.113
73.64, 1.136, 5.387
73.65, 1.135, 6.480
73.66, 1.134, 7.451
73.67, 1.133, 7.137
73.68, 1.132, 8.310
73.69, 1.131, 6.716
73.70, 1.130, 8.208
73.71, 1.129, 7.761
73.72, 1.128, 7.987
73.73, 1.127, 7.594
73.74, 1.126, 7.609
73.75, 1.125, 6.927
73.76, 1.124, 7.193
73.77, 1.123, 6.651
73.78, 1.122, 6.410
73.79, 1.121, 6.924
73.80, 1.120, 6.424
73.81, 1.119, 7.622
73.82, 1.118, 8.250
73.83, 1.117, 8.234
73.84, 1.116, 7.014
73.85, 1.115, 8.148
73.86, 1.114, 5.663
73.87, 1.113, 5.500
73.88, 1.112, 4.760
73.89, 1.111, 5.211
73.90, 1.110, 6.472
73.91, 1.109, 4.914
73.92, 1.108, 5.462
73.93, 1.107, 4.344
73.94, 1.106, 6.403
73.95, 1.105, 4.100
73.96, 1.104, 6.958
73.97, 1.103, 6.597
73.98, 1.102, 6.025
73.99, 1.101, 5.485
74.00, 1.100, 4.079
74.01, 1.099, 6.184
74.02, 1.098, 5.279
74.03, 1.097, 7.820
74.04, 1.096, 5.729
74.05, 1.095, 6.875
74.06, 1.094, 6.684
74.07, 1.093, 5.656
74.08, 1.092, 5.830
74.09, 1.091, 5.909
74.10, 1.090, 6.215
74.11, 1.089, 5.703
74.12, 1.088, 6.550
74.13, 1.087, 4.658
74.14, 1.086, 5.526
74.15, 1.085, 6.706
74.16, 1.084, 5.682
74.17, 1.083, 6.143
74.18, 1.082, 3.569
74.19, 1.081, 5.991
74.20, 1.080, 6.426
74.21, 1.079, 6.686
74.22, 1.078, 6.318
74.23, 1.077, 4.688
74.24, 1.076, 6.439
74.25, 1.075, 6.057
74.26, 1.074, 6.893
74.27, 1.073, 5.507
74.28, 1.072, 6.717
74.29, 1.071, 4.133
74.30, 1.070, 5.120
74.31, 1.069, 6.159
74.32, 1.068, 5.083
74.33, 1.067, 4.792
74.34, 1.066, 3.954
74.35, 1.065, 4.200
74.36, 1.064, 3.267
74.37, 1.063, 6.424
74.38, 1.062, 4.367
74.39, 1.061, 5.333
74.40, 1.060, 5.380
74.41, 1.059, 6.216
74.42, 1.058, 6.218
74.43, 1.057, 3.990
74.44, 1.056, 2.925
74.45, 1.055, 5.437
74.46, 1.054, 3.823
74.47, 1.053, 5.340
74.48, 1.052, 5.280
74.49, 1.051, 6.307
74.50, 1.050, 4.641
74.51, 1.049, 5.115
74.52, 1.048, 5.469
74.53, 1.047, 5.530
74.54, 1.046, 4.372
74.55, 1.045, 4.386
74.56, 1.044, 5.646
74.57, 1.043, 3.998
74.58, 1.042, 4.422
74.59, 1.041, 4.433
74.60, 1.040, 4.802
74.61, 1.039, 5.944
74.62, 1.038, 4.188
74.63, 1.037, 5.344
74.64, 1.036, 5.164
74.65, 1.035, 3.820
74.66, 1.034, 5.349
74.67, 1.033, 4.705
74.68, 1.032, 5.540
74.69, 1.031, 4.803
74.70, 1.030, 5.338
74.71, 1.029, 3.600
74.72, 1.028, 0.7108
74.73, 1.027, 4.368
74.74, 1.026, 5.099
74.75, 1.025, 4.817
74.76, 1.024, 2.901
74.77, 1.023, 3.667
74.78, 1.022, 2.774
74.79, 1.021, 4.067
74.80, 1.020, 1.272
74.81, 1.019, 4.325
74.82, 1.018, 2.182
74.83, 1.017, 3.607
74.84, 1.016, 4.243
74.85, 1.015, 3.443
74.86, 1.014, 1.854
74.87, 1.013, 4.178
74.88, 1.012, 4.501
74.89, 1.011, 3.881
74.90, 1.010, 4.178
74.91, 1.009, 3.338
74.92, 1.008, 4.813
74.93, 1.007, 3.593
74.94, 1.006, 4.679
74.95, 1.005, 3.911
74.96, 1.004, 3.543
74.97, 1.003, 4.409
74.98, 1.002, 4.318
74.99, 1.001, 3.215
75.00, 1.000, 6.174
75.01, 0.9990, 4.241
75.02, 0.9980, 3.714
75.03, 0.9970, 4.973
75.04, 0.9960, 3.995
75.05, 0.9950, 5.077
75.06, 0.9940, 4.842
75.07, 0.9930, 4.866
75.08, 0.9920, 4.235
75.09, 0.9910, 4.823
75.10, 0.9900, 4.755
75.11, 0.9890, 2.956
75.12, 0.9880, 1.661
75.13, 0.9870, 3.492
75.14, 0.9860, 2.987
75.15, 0.9850, 2.983
75.16, 0.9840, 3.676
75.17, 0.9830, 4.551
75.18, 0.9820, 3.801
75.19, 0.9810, 2.705
75.20, 0.9800, 3.110
75.21, 0.9790, 0.7016
75.22, 0.9780, 2.491
75.23, 0.9770, 2.583
75.24, 0.9760, 3.716
75.25, 0.9750, 1.965
75.26, 0.9740, 3.112
75.27, 0.9730, 2.956
75.28, 0.9720, 3.223
75.29, 0.9710, 2.121
75.30, 0.9700, 3.608
75.31, 0.9690, 3.794
75.32, 0.9680, 1.889
75.33, 0.9670, 2.056
75.34, 0.9660, 4.525
75.35, 0.9650, 2.128
75.36, 0.9640, 4.297
75.37, 0.9630, 4.151
75.38, 0.9620, 2.903
75.39, 0.9610, 4.558
75.40, 0.9600, 3.603
75.41, 0.9590, 4.696
75.42, 0.9580, 3.562
75.43, 0.9570, 3.599
75.44, 0.9560, 4.167
75.45, 0.9550, 3.111
75.46, 0.9540, 2.259
75.47, 0.9530, 3.241
75.48, 0.9520, 4.188
75.49, 0.9510, -0.4764
75.50, 0.9500, 2.605
75.51, 0.9490, 4.324
75.52, 0.9480, 3.472
75.53, 0.9470, 4.084
75.54, 0.9460, 4.195
75.55, 0.9450, 3.031
75.56, 0.9440, 1.483
75.57, 0.9430, 3.021
75.58, 0.9420, 2.090
75.59, 0.9410, 2.362
75.60, 0.9400, 0.5037
75.61, 0.9390, 0.2173
75.62, 0.9380, 2.934
75.63, 0.9370, 0.9829
75.64, 0.9360, 1.295
75.65, 0.9350, 1.831
75.66, 0.9340, 2.970
75.67, 0.9330, 1.704
75.68, 0.9320, 2.762
75.69, 0.9310, 2.872
75.70, 0.9300, 3.376
75.71, 0.9290, 1.496
75.72, 0.9280, 1.258
75.73, 0.9270, 0.8653
75.74, 0.9260, 3.085
75.75, 0.9250, 2.296
75.76, 0.9240, 1.294
75.77, 0.9230, 2.327
75.78, 0.9220, 0.8629
75.79, 0.9210, 2.553
75.80, 0.9200, 2.615
75.81, 0.9190, 2.909
75.82, 0.9180, 1.699
75.83, 0.9170, 4.071
75.84, 0.9160, 0.9071
75.85, 0.9150, 1.354
75.86, 0.9140, 2.092
75.87, 0.9130, 1.857
75.88, 0.9120, 2.926
75.89, 0.9110, 1.386
75.90, 0.9100, 1.336
75.91, 0.9090, 2.049
75.92, 0.9080, 1.278
75.93, 0.9070, 2.140
75.94, 0.9060, 1.892
75.95, 0.9050, 0.8828
75.96, 0.9040, 1.859
75.97, 0.9030, 3.795
75.98, 0.9020, 1.371
75.99, 0.9010, 0.9911
76.00, 0.9000, -0.5075
76.01, 0.8990, 1.580
76.02, 0.8980, 0.8880
76.03, 0.8970, -0.08437
76.04, 0.8960, 1.129
76.05, 0.8950, 0.1209
76.06, 0.8940, 0.4299
76.07, 0.8930, -0.2202
76.08, 0.8920, 2.016
76.09, 0.8910, 1.047
76.10, 0.8900, -0.2662
76.11, 0.8890, 1.188
76.12, 0.8880, -1.633
76.13, 0.8870, 0.6483
76.14, 0.8860, 0.3064
76.15, 0.8850, 0.4259
76.16, 0.8840, -0.7388
76.17, 0.8830, 1.298
76.18, 0.8820, -0.6498
76.19, 0.8810, 1.645
76.20, 0.8800, 2.131
76.21, 0.8790, 1.193
76.22, 0.8780, 0.8715
76.23, 0.8770, 1.304
76.24, 0.8760, 1.694
76.25, 0.8750, -0.1764
76.26, 0.8740, 0.8445
76.27, 0.8730, 2.011
76.28, 0.8720, 3.436
76.29, 0.8710, 1.382
76.30, 0.8700, 2.364
76.31, 0.8690, 2.844
76.32, 0.8680, 2.134
76.33, 0.8670, 2.525
76.34, 0.8660, 1.500
76.35, 0.8650, 1.659
76.36, 0.8640, 1.871
76.37, 0.8630, 0.8626
76.38, 0.8620, 1.010
76.39, 0.8610, -0.2964
76.40, 0.8600, 0.8914
76.41, 0.8590, 0.05041
76.42, 0.8580, 0.1706
76.43, 0.8570, 0.3062
76.44, 0.8560, 0.5239
76.45, 0.8550, -1.181
76.46, 0.8540, -0.3041
76.47, 0.8530, 0.5801
76.48, 0.8520, 1.498
76.49, 0.8510, 1.639
76.50, 0.8500, -0.4749
76.51, 0.8490, 0.1818
76.52, 0.8480, -2.384
76.53, 0.8470, 2.302
76.54, 0.8460, 0.8650
76.55, 0.8450, 0.3996
76.56, 0.8440, -0.5726
76.57, 0.8430, -1.354
76.58, 0.8420, -0.3517
76.59, 0.8410, -1.456
76.60, 0.8400, 0.3785
76.61, 0.8390, -0.3176
76.62, 0.8380, 1.364
76.63, 0.8370, -0.4565
76.64, 0.8360, 1.130
76.65, 0.8350, 0.2908
76.66, 0.8340, 2.521
76.67, 0.8330, 0.7417
76.68, 0.8320, 1.407
76.69, 0.8310, 1.725
76.70, 0.8300, -0.1094
76.71, 0.8290, 1.736
76.72, 0.8280, 1.359
76.73, 0.8270, 2.472
76.74, 0.8260, 0.3431
76.75, 0.8250, 1.632
76.76, 0.8240, 1.388
76.77, 0.8230, 1.112
76.78, 0.8220, 1.253
76.79, 0.8210, 1.089
76.80, 0.8200, 0.8705
76.81, 0.8190, 0.1979
76.82, 0.8180, -0.3506
76.83, 0.8170, 0.8736
76.84, 0.8160, -0.2433
76.85, 0.8150, -4.013
76.86, 0.8140, -2.031
76.87, 0.8130, 0.9369
76.88, 0.8120, -1.256
76.89, 0.8110, -0.8554
76.90, 0.8100, 0.6767
76.91, 0.8090, -1.588
76.92, 0.8080, -0.9614
76.93, 0.8070, -0.3404
76.94, 0.8060, 0.08241
76.95, 0.8050, 0.4487
76.96, 0.8040, -0.4839
76.97, 0.8030, -0.01581
76.98, 0.8020, -2.034
76.99, 0.8010, -1.613
77.00, 0.8000, -0.5027
77.01, 0.7990, -1.407
77.02, 0.7980, 0.9224
77.03, 0.7970, -0.1587
77.04, 0.7960, -0.7841
77.05, 0.7950, 0.9129
77.06, 0.7940, -1.858
77.07, 0.7930, -0.03813
77.08, 0.7920, -0.1551
77.09, 0.7910, -0.2129
77.10, 0.7900, -0.8524
77.11, 0.7890, -1.440
77.12, 0.7880, -0.6122
77.13, 0.7870, -0.7162
77.14, 0.7860, -0.1376
77.15, 0.7850, -1.514
77.16, 0.7840, -0.4286
77.17, 0.7830, -2.380
77.18, 0.7820, -1.468
77.19, 0.7810, 0.2121
77.20, 0.7800, -0.6498
77.21, 0.7790, 0.5924
77.22, 0.7780, -3.787
77.23, 0.7770, -0.3346
77.24, 0.7760, 0.7228
77.25, 0.7750, -2.801
77.26, 0.7740, -2.212
77.27, 0.7730, -2.085
77.28, 0.7720, -2.803
77.29, 0.7710, -0.6870
77.30, 0.7700, -2.080
77.31, 0.7690, -1.619
77.32, 0.7680, -2.579
77.33, 0.7670, -1.720
77.34, 0.7660, -2.086
77.35, 0.7650, 0.3941
77.36, 0.7640, -3.820
77.37, 0.7630, -1.945
77.38, 0.7620, -1.734
77.39, 0.7610, -1.953
77.40, 0.7600, -3.301
77.41, 0.7590, -1.580
77.42, 0.7580, 0.1135
77.43, 0.7570, -1.282
77.44, 0.7560, -1.886
77.45, 0.7550, -0.06649
77.46, 0.7540, -2.833
77.47, 0.7530, -1.219
77.48, 0.7520, -2.052
77.49, 0.7510, -3.723
77.50, 0.7500, 0.3625
77.51, 0.7490, -4.012
77.52, 0.7480, -0.9414
77.53, 0.7470, -1.168
77.54, 0.7460, -1.026
77.55, 0.7450, 0.8779
77.56, 0.7440, -0.5439
77.57, 0.7430, -0.7389
77.58, 0.7420, -0.4757
77.59, 0.7410, -2.282
77.60, 0.7400, -0.1684
77.61, 0.7390, -2.401
77.62, 0.7380, -0.03984
77.63, 0.7370, -1.003
77.64, 0.7360, -0.6251
77.65, 0.7350, -2.751
77.66, 0.7340, -1.035
77.67, 0.7330, -3.537
77.68, 0.7320, -3.078
77.69, 0.7310, -1.303
77.70, 0.7300, -3.254
77.71, 0.7290, -2.889
77.72, 0.7280, -3.113
77.73, 0.7270, -2.938
77.74, 0.7260, -3.116
77.75, 0.7250, -1.891
77.76, 0.7240, -3.462
77.77, 0.7230, -2.439
77.78, 0.7220, -2.582
77.79, 0.7210, -1.753
77.80, 0.7200, -2.195
77.81, 0.7190, -2.107
77.82, 0.7180, -2.261
77.83, 0.7170, -2.957
77.84, 0.7160, -1.770
77.85, 0.7150, -1.158
77.86, 0.7140, -1.625
77.87, 0.7130, -2.679
77.88, 0.7120, -0.8944
77.89, 0.7110, -1.782
77.90, 0.7100, -1.433
77.91, 0.7090, -2.389
77.92, 0.7080, -1.223
77.93, 0.7070, -2.884
77.94, 0.7060, -0.7913
77.95, 0.7050, -0.5981
77.96, 0.7040, -2.926
77.97, 0.7030, -3.001
77.98, 0.7020, -3.302
77.99, 0.7010, -2.294
78.00, 0.7000, -1.876
78.01, 0.6990, -1.977
78.02, 0.6980, -2.551
78.03, 0.6970, -2.378
78.04, 0.6960, -2.734
78.05, 0.6950, -2.646
78.06, 0.6940, -4.079
78.07, 0.6930, -2.327
78.08, 0.6920, -2.393
78.09, 0.6910, -5.902
78.10, 0.6900, -2.681
78.11, 0.6890, -3.040
78.12, 0.6880, -3.753
78.13, 0.6870, -4.324
78.14, 0.6860, -3.101
78.15, 0.6850, -2.547
78.16, 0.6840, -3.928
78.17, 0.6830, -3.178
78.18, 0.6820, -3.425
78.19, 0.6810, -4.304
78.20, 0.6800, -2.442
78.21, 0.6790, -3.706
78.22, 0.6780, -2.601
78.23, 0.6770, -3.485
78.24, 0.6760, -3.447
78.25, 0.6750, -1.846
78.26, 0.6740, -3.718
78.27, 0.6730, -2.752
78.28, 0.6720, -2.236
78.29, 0.6710, -4.589
78.30, 0.6700, -1.848
78.31, 0.6690, -2.977
78.32, 0.6680, -3.504
78.33, 0.6670, -3.146
78.34, 0.6660, -1.693
78.35, 0.6650, -3.180
78.36, 0.6640, -3.203
78.37, 0.6630, -1.989
78.38, 0.6620, -3.529
78.39, 0.6610, -4.115
78.40, 0.6600, -2.219
78.41, 0.6590, -4.715
78.42, 0.6580, -3.609
78.43, 0.6570, -4.067
78.44, 0.6560, -2.045
78.45, 0.6550, -3.617
78.46, 0.6540, -4.332
78.47, 0.6530, -3.261
78.48, 0.6520, -3.021
78.49, 0.6510, -4.859
78.50, 0.6500, -2.709
78.51, 0.6490, -3.907
78.52, 0.6480, -3.968
78.53, 0.6470, -4.576
78.54, 0.6460, -4.771
78.55, 0.6450, -5.022
78.56, 0.6440, -4.910
78.57, 0.6430, -4.797
78.58, 0.6420, -4.823
78.59, 0.6410, -3.547
78.60, 0.6400, -4.865
78.61, 0.6390, -3.929
78.62, 0.6380, -4.477
78.63, 0.6370, -4.118
78.64, 0.6360, -4.546
78.65, 0.6350, -3.900
78.66, 0.6340, -4.117
78.67, 0.6330, -2.751
78.68, 0.6320, -5.294
78.69, 0.6310, -2.616
78.70, 0.6300, -4.126
78.71, 0.6290, -4.074
78.72, 0.6280, -3.578
78.73, 0.6270, -3.768
78.74, 0.6260, -3.716
78.75, 0.6250, -2.991
78.76, 0.6240, -5.617
78.77, 0.6230, -3.161
78.78, 0.6220, -3.439
78.79, 0.6210, -4.136
78.80, 0.6200, -5.594
78.81, 0.6190, -4.822
78.82, 0.6180, -3.620
78.83, 0.6170, -3.348
78.84, 0.6160, -4.939
78.85, 0.6150, -4.099
78.86, 0.6140, -2.682
78.87, 0.6130, -3.939
78.88, 0.6120, -2.873
78.89, 0.6110, -4.230
78.90, 0.6100, -3.318
78.91, 0.6090, -3.279
78.92, 0.6080, -4.545
78.93, 0.6070, -5.859
78.94, 0.6060, -3.749
78.95, 0.6050, -4.986
78.96, 0.6040, -7.067
78.97, 0.6030, -5.683
78.98, 0.6020, -3.646
78.99, 0.6010, -6.437
79.00, 0.6000, -5.054
79.01, 0.5990, -5.433
79.02, 0.5980, -4.619
79.03, 0.5970, -6.835
79.04, 0.5960, -5.147
79.05, 0.5950, -6.066
79.06, 0.5940, -6.888
79.07, 0.5930, -5.938
79.08, 0.5920, -4.937
79.09, 0.5910, -5.011
79.10, 0.5900, -7.741
79.11, 0.5890, -4.318
79.12, 0.5880, -4.731
79.13, 0.5870, -3.834
79.14, 0.5860, -5.251
79.15, 0.5850, -4.463
79.16, 0.5840, -6.444
79.17, 0.5830, -6.284
79.18, 0.5820, -5.229
79.19, 0.5810, -5.493
79.20, 0.5800, -4.788
79.21, 0.5790, -2.901
79.22, 0.5780, -5.401
79.23, 0.5770, -3.437
79.24, 0.5760, -3.519
79.25, 0.5750, -6.987
79.26, 0.5740, -5.179
79.27, 0.5730, -4.504
79.28, 0.5720, -3.665
79.29, 0.5710, -5.538
79.30, 0.5700, -3.404
79.31, 0.5690, -6.047
79.32, 0.5680, -6.077
79.33, 0.5670, -4.328
79.34, 0.5660, -5.343
79.35, 0.5650, -5.601
79.36, 0.5640, -4.675
79.37, 0.5630, -5.567
79.38, 0.5620, -4.484
79.39, 0.5610, -7.446
79.40, 0.5600, -6.294
79.41, 0.5590, -7.142
79.42, 0.5580, -5.257
79.43, 0.5570, -7.323
79.44, 0.5560, -5.900
79.45, 0.5550, -6.687
79.46, 0.5540, -4.435
79.47, 0.5530, -7.029
79.48, 0.5520, -5.429
79.49, 0.5510, -7.163
79.50, 0.5500, -7.386
79.51, 0.5490, -6.447
79.52, 0.5480, -5.765
79.53, 0.5470, -6.795
79.54, 0.5460, -6.545
79.55, 0.5450, -5.683
79.56, 0.5440, -5.435
79.57, 0.5430, -5.343
79.58, 0.5420, -6.986
79.59, 0.5410, -5.724
79.60, 0.5400, -5.661
79.61, 0.5390, -6.136
79.62, 0.5380, -5.161
79.63, 0.5370, -5.523
79.64, 0.5360, -6.539
79.65, 0.5350, -4.738
79.66, 0.5340, -6.701
79.67, 0.5330, -7.213
79.68, 0.5320, -4.504
79.69, 0.5310, -4.982
79.70, 0.5300, -5.452
79.71, 0.5290, -6.420
79.72, 0.5280, -6.660
79.73, 0.5270, -5.566
79.74, 0.5260, -7.531
79.75, 0.5250, -4.678
79.76, 0.5240, -7.146
79.77, 0.5230, -5.770
79.78, 0.5220, -6.580
79.79, 0.5210, -5.929
79.80, 0.5200, -6.631
79.81, 0.5190, -7.569
79.82, 0.5180, -6.661
79.83, 0.5170, -6.881
79.84, 0.5160, -7.557
79.85, 0.5150, -7.027
79.86, 0.5140, -7.012
79.87, 0.5130, -7.343
79.88, 0.5120, -6.014
79.89, 0.5110, -5.815
79.90, 0.5100, -6.831
79.91, 0.5090, -5.755
79.92, 0.5080, -5.402
79.93, 0.5070, -6.870
79.94, 0.5060, -7.273
79.95, 0.5050, -5.873
79.96, 0.5040, -6.386
79.97, 0.5030, -6.349
79.98, 0.5020, -6.261
79.99, 0.5010, -5.181
80.00, 0.5000, -4.878
80.01, 0.4990, -6.669
80.02, 0.4980, -5.344
80.03, 0.4970, -6.811
80.04, 0.4960, -4.962
80.05, 0.4950, -5.824
80.06, 0.4940, -5.478
80.07, 0.4930, -6.621
80.08, 0.4920, -5.843
80.09, 0.4910, -6.573
80.10, 0.4900, -6.517
80.11, 0.4890, -4.891
80.12, 0.4880, -6.346
80.13, 0.4870, -8.572
80.14, 0.4860, -6.780
80.15, 0.4850, -5.313
80.16, 0.4840, -5.541
80.17, 0.4830, -7.130
80.18, 0.4820, -5.468
80.19, 0.4810, -8.624
80.20, 0.4800, -7.530
80.21, 0.4790, -7.977
80.22, 0.4780, -7.184
80.23, 0.4770, -6.399
80.24, 0.4760, -7.137
80.25, 0.4750, -6.758
80.26, 0.4740, -6.915
80.27, 0.4730, -7.311
80.28, 0.4720, -6.478
80.29, 0.4710, -7.530
80.30, 0.4700, -7.800
80.31, 0.4690, -7.200
80.32, 0.4680, -7.417
80.33, 0.4670, -6.903
80.34, 0.4660, -6.160
80.35, 0.4650, -6.739
80.36, 0.4640, -6.151
80.37, 0.4630, -7.746
80.38, 0.4620, -6.606
80.39, 0.4610, -7.459
80.40, 0.4600, -5.819
80.41, 0.4590, -7.197
80.42, 0.4580, -7.316
80.43, 0.4570, -6.411
80.44, 0.4560, -6.795
80.45, 0.4550, -6.560
80.46, 0.4540, -6.789
80.47, 0.4530, -6.723
80.48, 0.4520, -7.561
80.49, 0.4510, -7.414
80.50, 0.4500, -6.879
80.51, 0.4490, -5.588
80.52, 0.4480, -6.987
80.53, 0.4470, -6.422
80.54, 0.4460, -6.737
80.55, 0.4450, -6.662
80.56, 0.4440, -8.288
80.57, 0.4430, -7.034
80.58, 0.4420, -9.470
80.59, 0.4410, -7.076
80.60, 0.4400, -7.840
80.61, 0.4390, -6.052
80.62, 0.4380, -7.960
80.63, 0.4370, -6.603
80.64, 0.4360, -8.288
80.65, 0.4350, -7.476
80.66, 0.4340, -8.422
80.67, 0.4330, -7.758
80.68, 0.4320, -8.067
80.69, 0.4310, -7.373
80.70, 0.4300, -8.765
80.71, 0.4290, -9.216
80.72, 0.4280, -7.822
80.73, 0.4270, -8.590
80.74, 0.4260, -7.689
80.75, 0.4250, -8.053
80.76, 0.4240, -8.010
80.77, 0.4230, -8.439
80.78, 0.4220, -6.212
80.79, 0.4210, -8.798
80.80, 0.4200, -6.579
80.81, 0.4190, -8.498
80.82, 0.4180, -7.006
80.83, 0.4170, -7.121
80.84, 0.4160, -7.384
80.85, 0.4150, -9.203
80.86, 0.4140, -7.357
80.87, 0.4130, -7.526
80.88, 0.4120, -8.341
80.89, 0.4110, -9.377
80.90, 0.4100, -6.669
80.91, 0.4090, -6.683
80.92, 0.4080, -8.414
80.93, 0.4070, -6.747
80.94, 0.4060, -7.903
80.95, 0.4050, -6.797
80.96, 0.4040, -7.292
80.97, 0.4030, -7.103
80.98, 0.4020, -7.868
80.99, 0.4010, -8.038
81.00, 0.4000, -6.978
81.01, 0.3990, -8.632
81.02, 0.3980, -7.647
81.03, 0.3970, -7.373
81.04, 0.3960, -8.023
81.05, 0.3950, -8.829
81.06, 0.3940, -7.058
81.07, 0.3930, -8.932
81.08, 0.3920, -8.056
81.09, 0.3910, -7.445
81.10, 0.3900, -10.15
81.11, 0.3890, -9.044
81.12, 0.3880, -8.748
81.13, 0.3870, -7.917
81.14, 0.3860, -8.252
81.15, 0.3850, -10.33
81.16, 0.3840, -10.80
81.17, 0.3830, -7.795
81.18, 0.3820, -8.764
81.19, 0.3810, -8.901
81.20, 0.3800, -8.359
81.21, 0.3790, -7.958
81.22, 0.3780, -9.059
81.23, 0.3770, -8.728
81.24, 0.3760, -11.10
81.25, 0.3750, -7.455
81.26, 0.3740, -8.255
81.27, 0.3730, -9.651
81.28, 0.3720, -9.737
81.29, 0.3710, -8.308
81.30, 0.3700, -10.77
81.31, 0.3690, -9.551
81.32, 0.3680, -6.904
81.33, 0.3670, -8.432
81.34, 0.3660, -8.624
81.35, 0.3650, -8.211
81.36, 0.3640, -8.322
81.37, 0.3630, -9.405
81.38, 0.3620, -9.420
81.39, 0.3610, -8.093
81.40, 0.3600, -7.703
81.41, 0.3590, -9.125
81.42, 0.3580, -8.249
81.43, 0.3570, -9.069
81.44, 0.3560, -9.608
81.45, 0.3550, -8.502
81.46, 0.3540, -9.761
81.47, 0.3530, -9.407
81.48, 0.3520, -9.005
81.49, 0.3510, -9.633
81.50, 0.3500, -10.90
81.51, 0.3490, -10.22
81.52, 0.3480, -9.844
81.53, 0.3470, -11.37
81.54, 0.3460, -10.36
81.55, 0.3450, -11.34
81.56, 0.3440, -11.23
81.57, 0.3430, -10.13
81.58, 0.3420, -10.73
81.59, 0.3410, -10.37
81.60, 0.3400, -9.975
81.61, 0.3390, -10.30
81.62, 0.3380, -10.19
81.63, 0.3370, -10.19
81.64, 0.3360, -9.597
81.65, 0.3350, -10.94
81.66, 0.3340, -10.40
81.67, 0.3330, -11.50
81.68, 0.3320, -10.63
81.69, 0.3310, -9.203
81.70, 0.3300, -9.902
81.71, 0.3290, -10.69
81.72, 0.3280, -10.12
81.73, 0.3270, -11.08
81.74, 0.3260, -10.07
81.75, 0.3250, -8.905
81.76, 0.3240, -10.14
81.77, 0.3230, -9.763
81.78, 0.3220, -9.485
81.79, 0.3210, -9.989
81.80, 0.3200, -9.649
81.81, 0.3190, -9.967
81.82, 0.3180, -9.015
81.83, 0.3170, -11.25
81.84, 0.3160, -8.704
81.85, 0.3150, -9.044
81.86, 0.3140, -9.511
81.87, 0.3130, -10.91
81.88, 0.3120, -10.77
81.89, 0.3110, -10.06
81.90, 0.3100, -9.402
81.91, 0.3090, -9.962
81.92, 0.3080, -11.41
81.93, 0.3070, -11.11
81.94, 0.3060, -11.18
81.95, 0.3050, -10.18
81.96, 0.3040, -11.09
81.97, 0.3030, -10.15
81.98, 0.3020, -11.05
81.99, 0.3010, -10.63
82.00, 0.3000, -11.35
82.01, 0.2990, -9.627
82.02, 0.2980, -11.19
82.03, 0.2970, -10.65
82.04, 0.2960, -10.48
82.05, 0.2950, -10.71
82.06, 0.2940, -9.428
82.07, 0.2930, -10.30
82.08, 0.2920, -10.33
82.09, 0.2910, -11.05
82.10, 0.2900, -10.65
82.11, 0.2890, -9.272
82.12, 0.2880, -10.19
82.13, 0.2870, -9.941
82.14, 0.2860, -9.194
82.15, 0.2850, -10.56
82.16, 0.2840, -11.10
82.17, 0.2830, -10.06
82.18, 0.2820, -11.24
82.19, 0.2810, -9.988
82.20, 0.2800, -9.657
82.21, 0.2790, -10.81
82.22, 0.2780, -12.02
82.23, 0.2770, -9.478
82.24, 0.2760, -10.52
82.25, 0.2750, -10.76
82.26, 0.2740, -12.29
82.27, 0.2730, -9.993
82.28, 0.2720, -11.05
82.29, 0.2710, -9.917
82.30, 0.2700, -11.20
82.31, 0.2690, -10.79
82.32, 0.2680, -11.31
82.33, 0.2670, -10.94
82.34, 0.2660, -10.88
82.35, 0.2650, -10.85
82.36, 0.2640, -10.90
82.37, 0.2630, -10.93
82.38, 0.2620, -11.01
82.39, 0.2610, -11.39
82.40, 0.2600, -11.12
82.41, 0.2590, -11.04
82.42, 0.2580, -11.21
82.43, 0.2570, -12.92
82.44, 0.2560, -9.449
82.45, 0.2550, -12.19
82.46, 0.2540, -10.10
82.47, 0.2530, -9.939
82.48, 0.2520, -10.25
82.49, 0.2510, -12.19
82.50, 0.2500, -8.116
82.51, 0.2490, -10.43
82.52, 0.2480, -9.934
82.53, 0.2470, -10.72
82.54, 0.2460, -11.25
82.55, 0.2450, -10.17
82.56, 0.2440, -13.22
82.57, 0.2430, -11.78
82.58, 0.2420, -11.23
82.59, 0.2410, -10.44
82.60, 0.2400, -10.50
82.61, 0.2390, -10.25
82.62, 0.2380, -10.75
82.63, 0.2370, -9.739
82.64, 0.2360, -10.13
82.65, 0.2350, -10.44
82.66, 0.2340, -11.71
82.67, 0.2330, -9.867
82.68, 0.2320, -10.61
82.69, 0.2310, -10.82
82.70, 0.2300, -10.61
82.71, 0.2290, -11.09
82.72, 0.2280, -11.36
82.73, 0.2270, -11.47
82.74, 0.2260, -12.35
82.75, 0.2250, -13.31
82.76, 0.2240, -12.01
82.77, 0.2230, -11.80
82.78, 0.2220, -11.67
82.79, 0.2210, -12.51
82.80, 0.2200, -10.60
82.81, 0.2190, -12.01
82.82, 0.2180, -12.12
82.83, 0.2170, -11.61
82.84, 0.2160, -12.06
82.85, 0.2150, -12.29
82.86, 0.2140, -12.91
82.87, 0.2130, -12.97
82.88, 0.2120, -12.60
82.89, 0.2110, -10.80
82.90, 0.2100, -11.71
82.91, 0.2090, -13.32
82.92, 0.2080, -10.64
82.93, 0.2070, -10.78
82.94, 0.2060, -11.84
82.95, 0.2050, -11.10
82.96, 0.2040, -11.19
82.97, 0.2030, -12.73
82.98, 0.2020, -12.75
82.99, 0.2010, -11.44
83.00, 0.2000, -12.14
83.01, 0.1990, -11.77
83.02, 0.1980, -12.37
83.03, 0.1970, -11.85
83.04, 0.1960, -10.73
83.05, 0.1950, -11.94
83.06, 0.1940, -10.83
83.07, 0.1930, -11.49
83.08, 0.1920, -11.83
83.09, 0.1910, -11.36
83.10, 0.1900, -13.61
83.11, 0.1890, -12.12
83.12, 0.1880, -12.02
83.13, 0.1870, -12.58
83.14, 0.1860, -11.95
83.15, 0.1850, -12.84
83.16, 0.1840, -12.49
83.17, 0.1830, -10.69
83.18, 0.1820, -12.47
83.19, 0.1810, -12.38
83.20, 0.1800, -12.21
83.21, 0.1790, -13.13
83.22, 0.1780, -13.32
83.23, 0.1770, -12.83
83.24, 0.1760, -11.98
83.25, 0.1750, -12.64
83.26, 0.1740, -13.96
83.27, 0.1730, -13.38
83.28, 0.1720, -12.35
83.29, 0.1710, -12.65
83.30, 0.1700, -11.73
83.31, 0.1690, -12.82
83.32, 0.1680, -12.52
83.33, 0.1670, -12.49
83.34, 0.1660, -13.62
83.35, 0.1650, -13.57
83.36, 0.1640, -14.49
83.37, 0.1630, -12.01
83.38, 0.1620, -11.48
83.39, 0.1610, -11.89
83.40, 0.1600, -11.54
83.41, 0.1590, -12.14
83.42, 0.1580, -11.94
83.43, 0.1570, -12.28
83.44, 0.1560, -11.32
83.45, 0.1550, -11.81
83.46, 0.1540, -12.35
83.47, 0.1530, -11.48
83.48, 0.1520, -12.80
83.49, 0.1510, -12.32
83.50, 0.1500, -12.49
83.51, 0.1490, -14.06
83.52, 0.1480, -13.44
83.53, 0.1470, -11.50
83.54, 0.1460, -11.56
83.55, 0.1450, -12.24
83.56, 0.1440, -13.28
83.57, 0.1430, -13.23
83.58, 0.1420, -13.19
83.59, 0.1410, -12.55
83.60, 0.1400, -13.32
83.61, 0.1390, -13.96
83.62, 0.1380, -12.01
83.63, 0.1370, -11.52
83.64, 0.1360, -13.94
83.65, 0.1350, -15.48
83.66, 0.1340, -12.66
83.67, 0.1330, -13.77
83.68, 0.1320, -13.18
83.69, 0.1310, -13.26
83.70, 0.1300, -12.52
83.71, 0.1290, -13.37
83.72, 0.1280, -12.95
83.73, 0.1270, -14.36
83.74, 0.1260, -12.84
83.75, 0.1250, -11.59
83.76, 0.1240, -14.72
83.77, 0.1230, -12.68
83.78, 0.1220, -14.10
83.79, 0.1210, -12.62
83.80, 0.1200, -13.95
83.81, 0.1190, -12.46
83.82, 0.1180, -13.58
83.83, 0.1170, -12.80
83.84, 0.1160, -12.29
83.85, 0.1150, -12.52
83.86, 0.1140, -12.59
83.87, 0.1130, -12.03
83.88, 0.1120, -12.63
83.89, 0.1110, -12.81
83.90, 0.1100, -14.07
83.91, 0.1090, -12.85
83.92, 0.1080, -13.65
83.93, 0.1070, -12.94
83.94, 0.1060, -13.49
83.95, 0.1050, -13.69
83.96, 0.1040, -12.75
83.97, 0.1030, -13.81
83.98, 0.1020, -13.66
83.99, 0.1010, -14.94
84.00, 0.1000, -15.95
84.01, 0.09900, -13.88
84.02, 0.09800, -13.19
84.03, 0.09700, -13.25
84.04, 0.09600, -14.57
84.05, 0.09500, -14.78
84.06, 0.09400, -14.60
84.07, 0.09300, -14.57
84.08, 0.09200, -14.33
84.09, 0.09100, -13.36
84.10, 0.09000, -14.35
84.11, 0.08900, -13.69
84.12, 0.08800, -15.17
84.13, 0.08700, -13.67
84.14, 0.08600, -14.12
84.15, 0.08500, -15.13
84.16, 0.08400, -12.87
84.17, 0.08300, -14.42
84.18, 0.08200, -14.52
84.19, 0.08100, -13.38
84.20, 0.08000, -13.86
84.21, 0.07900, -15.44
84.22, 0.07800, -13.63
84.23, 0.07700, -13.69
84.24, 0.07600, -13.80
84.25, 0.07500, -15.84
84.26, 0.07400, -13.62
84.27, 0.07300, -15.48
84.28, 0.07200, -15.54
84.29, 0.07100, -13.23
84.30, 0.07000, -13.77
84.31, 0.06900, -14.24
84.32, 0.06800, -14.54
84.33, 0.06700, -12.97
84.34, 0.06600, -13.54
84.35, 0.06500, -13.76
84.36, 0.06400, -15.27
84.37, 0.06300, -14.18
84.38, 0.06200, -15.45
84.39, 0.06100, -14.18
84.40, 0.06000, -14.97
84.41, 0.05900, -15.11
84.42, 0.05800, -15.06
84.43, 0.05700, -15.86
84.44, 0.05600, -15.86
84.45, 0.05500, -15.36
84.46, 0.05400, -15.50
84.47, 0.05300, -14.94
84.48, 0.05200, -15.97
84.49, 0.05100, -14.69
84.50, 0.05000, -15.66
84.51, 0.04900, -14.91
84.52, 0.04800, -14.45
84.53, 0.04700, -16.83
84.54, 0.04600, -14.80
84.55, 0.04500, -16.11
84.56, 0.04400, -15.96
84.57, 0.04300, -13.43
84.58, 0.04200, -16.21
84.59, 0.04100, -13.78
84.60, 0.04000, -17.08
84.61, 0.03900, -14.22
84.62, 0.03800, -14.68
84.63, 0.03700, -13.73
84.64, 0.03600, -14.83
84.65, 0.03500, -14.26
84.66, 0.03400, -15.45
84.67, 0.03300, -15.09
84.68, 0.03200, -14.55
84.69, 0.03100, -14.75
84.70, 0.03000, -14.10
84.71, 0.02900, -14.34
84.72, 0.02800, -14.36
84.73, 0.02700, -15.72
84.74, 0.02600, -14.68
84.75, 0.02500, -16.41
84.76, 0.02400, -15.94
84.77, 0.02300, -15.01
84.78, 0.02200, -14.52
84.79, 0.02100, -16.25
84.80, 0.02000, -14.43
84.81, 0.01900, -15.74
84.82, 0.01800, -14.00
84.83, 0.01700, -15.91
84.84, 0.01600, -14.74
84.85, 0.01500, -16.92
84.86, 0.01400, -16.09
84.87, 0.01300, -17.15
84.88, 0.01200, -16.54
84.89, 0.01100, -17.30
84.90, 0.01000, -16.07
84.91, 0.009000, -16.50
84.92, 0.008000, -15.74
84.93, 0.007000, -16.38
84.94, 0.006000, -16.75
84.95, 0.005000, -17.03
84.96, 0.004000, -17.06
84.97, 0.003000, -17.45
84.98, 0.002000, -15.51
84.99, 0.001000, -15.40
85.00, 0.000, -13.60
