0.01000, -0.8000, -24.71
0.02000, -0.8000, -20.10
0.03000, -0.8000, -18.17
0.04000, -0.8000, -15.98
0.05000, -0.8000, -15.27
0.06000, -0.8000, -13.68
0.07000, -0.8000, -13.33
0.08000, -0.8000, -13.45
0.09000, -0.8000, -11.88
0.1000, -0.8000, -12.61
0.1100, -0.8000, -12.39
0.1200, -0.8000, -11.38
0.1300, -0.8000, -11.04
0.1400, -0.8000, -12.04
0.1500, -0.8000, -12.22
0.1600, -0.8000, -11.76
0.1700, -0.8000, -11.55
0.1800, -0.8000, -11.10
0.1900, -0.8000, -10.25
0.2000, -0.8000, -9.261
0.2100, -0.8000, -9.925
0.2200, -0.8000, -11.33
0.2300, -0.8000, -11.02
0.2400, -0.8000, -9.953
0.2500, -0.8000, -9.916
0.2600, -0.8000, -9.366
0.2700, -0.8000, -8.900
0.2800, -0.8000, -10.21
0.2900, -0.8000, -10.45
0.3000, -0.8000, -9.283
0.3100, -0.8000, -9.581
0.3200, -0.8000, -9.788
0.3300, -0.8000, -9.430
0.3400, -0.8000, -9.426
0.3500, -0.8000, -9.467
0.3600, -0.8000, -8.638
0.3700, -0.8000, -8.206
0.3800, -0.8000, -9.393
0.3900, -0.8000, -9.857
0.4000, -0.8000, -9.465
0.4100, -0.8000, -8.508
0.4200, -0.8000, -9.265
0.4300, -0.8000, -8.662
0.4400, -0.8000, -9.110
0.4500, -0.8000, -9.737
0.4600, -0.8000, -10.05
0.4700, -0.8000, -9.406
0.4800, -0.8000, -8.798
0.4900, -0.8000, -9.680
0.5000, -0.8000, -8.957
0.5100, -0.8000, -9.634
0.5200, -0.8000, -8.857
0.5300, -0.8000, -8.412
0.5400, -0.8000, -9.131
0.5500, -0.8000, -8.246
0.5600, -0.8000, -10.02
0.5700, -0.8000, -9.739
0.5800, -0.8000, -10.45
0.5900, -0.8000, -9.463
0.6000, -0.8000, -10.11
0.6100, -0.8000, -9.628
0.6200, -0.8000, -9.873
0.6300, -0.8000, -8.282
0.6400, -0.8000, -9.037
0.6500, -0.8000, -8.161
0.6600, -0.8000, -8.948
0.6700, -0.8000, -7.798
0.6800, -0.8000, -8.773
0.6900, -0.8000, -9.016
0.7000, -0.8000, -9.405
0.7100, -0.8000, -7.908
0.7200, -0.8000, -9.003
0.7300, -0.8000, -8.227
0.7400, -0.8000, -10.02
0.7500, -0.8000, -8.740
0.7600, -0.8000, -8.834
0.7700, -0.8000, -9.169
0.7800, -0.8000, -8.996
0.7900, -0.8000, -8.753
0.8000, -0.8000, -9.011
0.8100, -0.8000, -8.894
0.8200, -0.8000, -8.564
0.8300, -0.8000, -8.292
0.8400, -0.8000, -9.049
0.8500, -0.8000, -8.491
0.8600, -0.8000, -9.073
0.8700, -0.8000, -9.575
0.8800, -0.8000, -8.556
0.8900, -0.8000, -8.026
0.9000, -0.8000, -9.334
0.9100, -0.8000, -7.920
0.9200, -0.8000, -8.965
0.9300, -0.8000, -8.360
0.9400, -0.8000, -8.449
0.9500, -0.8000, -9.881
0.9600, -0.8000, -9.383
0.9700, -0.8000, -10.14
0.9800, -0.8000, -7.409
0.9900, -0.8000, -9.198
1.000, -0.8000, -8.597
1.010, -0.8000, -8.288
1.020, -0.8000, -8.881
1.030, -0.8000, -8.076
1.040, -0.8000, -8.802
1.050, -0.8000, -8.817
1.060, -0.8000, -8.062
1.070, -0.8000, -7.818
1.080, -0.8000, -7.549
1.090, -0.8000, -9.354
1.100, -0.8000, -8.656
1.110, -0.8000, -9.059
1.120, -0.8000, -7.389
1.130, -0.8000, -8.058
1.140, -0.8000, -8.740
1.150, -0.8000, -7.387
1.160, -0.8000, -8.239
1.170, -0.8000, -8.224
1.180, -0.8000, -7.594
1.190, -0.8000, -8.935
1.200, -0.8000, -8.830
1.210, -0.8000, -9.457
1.220, -0.8000, -8.958
1.230, -0.8000, -8.526
1.240, -0.8000, -9.361
1.250, -0.8000, -9.201
1.260, -0.8000, -8.001
1.270, -0.8000, -9.260
1.280, -0.8000, -8.184
1.290, -0.8000, -8.528
1.300, -0.8000, -8.212
1.310, -0.8000, -9.064
1.320, -0.8000, -8.328
1.330, -0.8000, -8.743
1.340, -0.8000, -8.255
1.350, -0.8000, -8.069
1.360, -0.8000, -7.817
1.370, -0.8000, -8.042
1.380, -0.8000, -8.664
1.390, -0.8000, -9.351
1.400, -0.8000, -8.711
1.410, -0.8000, -7.243
1.420, -0.8000, -7.908
1.430, -0.8000, -7.617
1.440, -0.8000, -8.086
1.450, -0.8000, -8.775
1.460, -0.8000, -9.031
1.470, -0.8000, -8.160
1.480, -0.8000, -8.635
1.490, -0.8000, -8.546
1.500, -0.8000, -8.830
1.510, -0.8000, -7.687
1.520, -0.8000, -8.570
1.530, -0.8000, -8.147
1.540, -0.8000, -8.932
1.550, -0.8000, -8.070
1.560, -0.8000, -8.750
1.570, -0.8000, -8.791
1.580, -0.8000, -7.642
1.590, -0.8000, -8.846
1.600, -0.8000, -7.872
1.610, -0.8000, -8.294
1.620, -0.8000, -8.420
1.630, -0.8000, -8.715
1.640, -0.8000, -7.162
1.650, -0.8000, -7.684
1.660, -0.8000, -7.893
1.670, -0.8000, -8.684
1.680, -0.8000, -7.225
1.690, -0.8000, -7.514
1.700, -0.8000, -8.272
1.710, -0.8000, -8.155
1.720, -0.8000, -8.486
1.730, -0.8000, -8.957
1.740, -0.8000, -7.683
1.750, -0.8000, -7.675
1.760, -0.8000, -8.602
1.770, -0.8000, -7.891
1.780, -0.8000, -8.218
1.790, -0.8000, -7.629
1.800, -0.8000, -8.035
1.810, -0.8000, -7.756
1.820, -0.8000, -8.816
1.830, -0.8000, -8.290
1.840, -0.8000, -8.510
1.850, -0.8000, -7.665
1.860, -0.8000, -8.712
1.870, -0.8000, -7.731
1.880, -0.8000, -8.433
1.890, -0.8000, -8.018
1.900, -0.8000, -7.577
1.910, -0.8000, -7.989
1.920, -0.8000, -7.678
1.930, -0.8000, -8.243
1.940, -0.8000, -9.107
1.950, -0.8000, -7.720
1.960, -0.8000, -7.590
1.970, -0.8000, -9.089
1.980, -0.8000, -8.051
1.990, -0.8000, -7.718
2.000, -0.8000, -8.104
2.010, -0.8000, -8.781
2.020, -0.8000, -7.472
2.030, -0.8000, -7.758
2.040, -0.8000, -8.247
2.050, -0.8000, -7.111
2.060, -0.8000, -8.384
2.070, -0.8000, -7.802
2.080, -0.8000, -8.455
2.090, -0.8000, -8.032
2.100, -0.8000, -8.293
2.110, -0.8000, -6.759
2.120, -0.8000, -7.370
2.130, -0.8000, -7.891
2.140, -0.8000, -7.911
2.150, -0.8000, -7.589
2.160, -0.8000, -7.376
2.170, -0.8000, -9.127
2.180, -0.8000, -7.835
2.190, -0.8000, -7.997
2.200, -0.8000, -7.538
2.210, -0.8000, -7.679
2.220, -0.8000, -7.937
2.230, -0.8000, -8.811
2.240, -0.8000, -8.657
2.250, -0.8000, -8.555
2.260, -0.8000, -8.322
2.270, -0.8000, -8.014
2.280, -0.8000, -7.599
2.290, -0.8000, -7.977
2.300, -0.8000, -7.197
2.310, -0.8000, -9.096
2.320, -0.8000, -8.673
2.330, -0.8000, -7.330
2.340, -0.8000, -8.229
2.350, -0.8000, -7.884
2.360, -0.8000, -7.976
2.370, -0.8000, -7.863
2.380, -0.8000, -6.931
2.390, -0.8000, -7.790
2.400, -0.8000, -7.961
2.410, -0.8000, -7.473
2.420, -0.8000, -7.648
2.430, -0.8000, -7.692
2.440, -0.8000, -8.140
2.450, -0.8000, -7.221
2.460, -0.8000, -7.016
2.470, -0.8000, -8.551
2.480, -0.8000, -7.003
2.490, -0.8000, -9.310
2.500, -0.8000, -7.757
2.510, -0.8000, -7.468
2.520, -0.8000, -7.066
2.530, -0.8000, -8.932
2.540, -0.8000, -7.368
2.550, -0.8000, -8.888
2.560, -0.8000, -7.992
2.570, -0.8000, -9.110
2.580, -0.8000, -7.799
2.590, -0.8000, -8.595
2.600, -0.8000, -8.390
2.610, -0.8000, -8.310
2.620, -0.8000, -7.616
2.630, -0.8000, -8.758
2.640, -0.8000, -8.120
2.650, -0.8000, -8.342
2.660, -0.8000, -8.392
2.670, -0.8000, -8.742
2.680, -0.8000, -7.947
2.690, -0.8000, -9.437
2.700, -0.8000, -7.435
2.710, -0.8000, -7.794
2.720, -0.8000, -8.535
2.730, -0.8000, -7.152
2.740, -0.8000, -7.885
2.750, -0.8000, -8.216
2.760, -0.8000, -8.245
2.770, -0.8000, -7.016
2.780, -0.8000, -8.529
2.790, -0.8000, -7.562
2.800, -0.8000, -8.144
2.810, -0.8000, -8.163
2.820, -0.8000, -8.502
2.830, -0.8000, -7.572
2.840, -0.8000, -8.215
2.850, -0.8000, -6.714
2.860, -0.8000, -7.830
2.870, -0.8000, -7.628
2.880, -0.8000, -7.117
2.890, -0.8000, -8.040
2.900, -0.8000, -8.221
2.910, -0.8000, -8.360
2.920, -0.8000, -7.701
2.930, -0.8000, -8.298
2.940, -0.8000, -8.612
2.950, -0.8000, -7.742
2.960, -0.8000, -7.139
2.970, -0.8000, -6.953
2.980, -0.8000, -7.535
2.990, -0.8000, -7.681
3.000, -0.8000, -7.260
3.010, -0.8000, -8.745
3.020, -0.8000, -6.953
3.030, -0.8000, -7.947
3.040, -0.8000, -8.749
3.050, -0.8000, -8.446
3.060, -0.8000, -8.390
3.070, -0.8000, -6.562
3.080, -0.8000, -7.268
3.090, -0.8000, -7.819
3.100, -0.8000, -7.542
3.110, -0.8000, -8.933
3.120, -0.8000, -8.162
3.130, -0.8000, -8.152
3.140, -0.8000, -7.432
3.150, -0.8000, -7.457
3.160, -0.8000, -7.850
3.170, -0.8000, -7.806
3.180, -0.8000, -6.927
3.190, -0.8000, -7.854
3.200, -0.8000, -7.560
3.210, -0.8000, -7.390
3.220, -0.8000, -7.022
3.230, -0.8000, -7.666
3.240, -0.8000, -7.752
3.250, -0.8000, -7.625
3.260, -0.8000, -7.856
3.270, -0.8000, -8.407
3.280, -0.8000, -8.348
3.290, -0.8000, -7.968
3.300, -0.8000, -8.828
3.310, -0.8000, -7.773
3.320, -0.8000, -9.239
3.330, -0.8000, -8.882
3.340, -0.8000, -8.430
3.350, -0.8000, -7.863
3.360, -0.8000, -8.302
3.370, -0.8000, -7.374
3.380, -0.8000, -9.076
3.390, -0.8000, -7.965
3.400, -0.8000, -8.355
3.410, -0.8000, -8.389
3.420, -0.8000, -7.674
3.430, -0.8000, -7.441
3.440, -0.8000, -7.856
3.450, -0.8000, -7.450
3.460, -0.8000, -7.538
3.470, -0.8000, -7.687
3.480, -0.8000, -6.993
3.490, -0.8000, -7.273
3.500, -0.8000, -7.442
3.510, -0.8000, -7.381
3.520, -0.8000, -7.989
3.530, -0.8000, -6.884
3.540, -0.8000, -9.009
3.550, -0.8000, -7.237
3.560, -0.8000, -8.441
3.570, -0.8000, -6.834
3.580, -0.8000, -7.433
3.590, -0.8000, -7.843
3.600, -0.8000, -7.639
3.610, -0.8000, -7.220
3.620, -0.8000, -6.888
3.630, -0.8000, -8.274
3.640, -0.8000, -8.390
3.650, -0.8000, -6.966
3.660, -0.8000, -7.954
3.670, -0.8000, -8.008
3.680, -0.8000, -6.867
3.690, -0.8000, -8.851
3.700, -0.8000, -7.155
3.710, -0.8000, -8.939
3.720, -0.8000, -7.992
3.730, -0.8000, -8.552
3.740, -0.8000, -7.373
3.750, -0.8000, -8.019
3.760, -0.8000, -7.828
3.770, -0.8000, -8.736
3.780, -0.8000, -6.544
3.790, -0.8000, -7.018
3.800, -0.8000, -7.729
3.810, -0.8000, -8.183
3.820, -0.8000, -6.914
3.830, -0.8000, -8.388
3.840, -0.8000, -7.175
3.850, -0.8000, -7.417
3.860, -0.8000, -7.823
3.870, -0.8000, -7.827
3.880, -0.8000, -7.542
3.890, -0.8000, -6.971
3.900, -0.8000, -7.562
3.910, -0.8000, -8.036
3.920, -0.8000, -7.426
3.930, -0.8000, -7.126
3.940, -0.8000, -6.963
3.950, -0.8000, -7.800
3.960, -0.8000, -7.122
3.970, -0.8000, -7.432
3.980, -0.8000, -8.796
3.990, -0.8000, -7.996
4.000, -0.8000, -6.809
4.010, -0.8000, -8.007
4.020, -0.8000, -7.500
4.030, -0.8000, -7.276
4.040, -0.8000, -6.870
4.050, -0.8000, -8.385
4.060, -0.8000, -7.047
4.070, -0.8000, -8.137
4.080, -0.8000, -7.311
4.090, -0.8000, -7.372
4.100, -0.8000, -7.859
4.110, -0.8000, -7.513
4.120, -0.8000, -6.365
4.130, -0.8000, -6.444
4.140, -0.8000, -8.373
4.150, -0.8000, -7.207
4.160, -0.8000, -7.288
4.170, -0.8000, -7.630
4.180, -0.8000, -7.423
4.190, -0.8000, -7.484
4.200, -0.8000, -7.936
4.210, -0.8000, -9.169
4.220, -0.8000, -8.687
4.230, -0.8000, -7.826
4.240, -0.8000, -7.374
4.250, -0.8000, -7.411
4.260, -0.8000, -8.296
4.270, -0.8000, -7.027
4.280, -0.8000, -6.948
4.290, -0.8000, -8.131
4.300, -0.8000, -8.580
4.310, -0.8000, -7.482
4.320, -0.8000, -8.280
4.330, -0.8000, -8.686
4.340, -0.8000, -7.790
4.350, -0.8000, -6.879
4.360, -0.8000, -7.774
4.370, -0.8000, -7.421
4.380, -0.8000, -7.262
4.390, -0.8000, -8.410
4.400, -0.8000, -8.657
4.410, -0.8000, -7.113
4.420, -0.8000, -8.683
4.430, -0.8000, -7.637
4.440, -0.8000, -7.457
4.450, -0.8000, -7.435
4.460, -0.8000, -6.946
4.470, -0.8000, -7.522
4.480, -0.8000, -6.859
4.490, -0.8000, -6.851
4.500, -0.8000, -7.692
4.510, -0.8000, -8.081
4.520, -0.8000, -8.538
4.530, -0.8000, -6.850
4.540, -0.8000, -7.282
4.550, -0.8000, -7.899
4.560, -0.8000, -8.755
4.570, -0.8000, -8.353
4.580, -0.8000, -8.431
4.590, -0.8000, -7.302
4.600, -0.8000, -8.316
4.610, -0.8000, -6.888
4.620, -0.8000, -7.504
4.630, -0.8000, -7.586
4.640, -0.8000, -7.886
4.650, -0.8000, -7.817
4.660, -0.8000, -7.979
4.670, -0.8000, -7.919
4.680, -0.8000, -7.545
4.690, -0.8000, -8.684
4.700, -0.8000, -6.906
4.710, -0.8000, -8.139
4.720, -0.8000, -8.228
4.730, -0.8000, -7.183
4.740, -0.8000, -6.768
4.750, -0.8000, -6.719
4.760, -0.8000, -8.386
4.770, -0.8000, -6.620
4.780, -0.8000, -7.024
4.790, -0.8000, -7.585
4.800, -0.8000, -8.324
4.810, -0.8000, -8.182
4.820, -0.8000, -8.804
4.830, -0.8000, -7.752
4.840, -0.8000, -8.361
4.850, -0.8000, -8.096
4.860, -0.8000, -7.276
4.870, -0.8000, -7.095
4.880, -0.8000, -8.110
4.890, -0.8000, -7.797
4.900, -0.8000, -8.276
4.910, -0.8000, -8.176
4.920, -0.8000, -7.380
4.930, -0.8000, -7.894
4.940, -0.8000, -8.294
4.950, -0.8000, -8.182
4.960, -0.8000, -8.137
4.970, -0.8000, -7.054
4.980, -0.8000, -6.973
4.990, -0.8000, -8.265
5.000, -0.8000, -8.661
5.010, -0.8000, -8.317
5.020, -0.8000, -7.877
5.030, -0.8000, -8.251
5.040, -0.8000, -6.814
5.050, -0.8000, -7.422
5.060, -0.8000, -7.461
5.070, -0.8000, -7.847
5.080, -0.8000, -8.201
5.090, -0.8000, -8.696
5.100, -0.8000, -8.482
5.110, -0.8000, -7.891
5.120, -0.8000, -7.977
5.130, -0.8000, -7.605
5.140, -0.8000, -8.174
5.150, -0.8000, -7.772
5.160, -0.8000, -6.508
5.170, -0.8000, -8.181
5.180, -0.8000, -7.215
5.190, -0.8000, -8.391
5.200, -0.8000, -7.547
5.210, -0.8000, -8.147
5.220, -0.8000, -7.614
5.230, -0.8000, -8.079
5.240, -0.8000, -7.307
5.250, -0.8000, -7.648
5.260, -0.8000, -7.690
5.270, -0.8000, -6.971
5.280, -0.8000, -7.789
5.290, -0.8000, -7.292
5.300, -0.8000, -7.173
5.310, -0.8000, -6.369
5.320, -0.8000, -9.319
5.330, -0.8000, -8.653
5.340, -0.8000, -7.716
5.350, -0.8000, -7.626
5.360, -0.8000, -7.835
5.370, -0.8000, -6.842
5.380, -0.8000, -7.577
5.390, -0.8000, -8.698
5.400, -0.8000, -8.859
5.410, -0.8000, -6.991
5.420, -0.8000, -8.205
5.430, -0.8000, -7.969
5.440, -0.8000, -8.180
5.450, -0.8000, -7.710
5.460, -0.8000, -8.408
5.470, -0.8000, -6.993
5.480, -0.8000, -7.979
5.490, -0.8000, -8.148
5.500, -0.8000, -6.826
5.510, -0.8000, -8.732
5.520, -0.8000, -7.585
5.530, -0.8000, -7.233
5.540, -0.8000, -8.046
5.550, -0.8000, -6.379
5.560, -0.8000, -7.692
5.570, -0.8000, -6.541
5.580, -0.8000, -6.647
5.590, -0.8000, -7.778
5.600, -0.8000, -7.391
5.610, -0.8000, -7.091
5.620, -0.8000, -7.929
5.630, -0.8000, -8.094
5.640, -0.8000, -6.655
5.650, -0.8000, -7.244
5.660, -0.8000, -7.539
5.670, -0.8000, -7.866
5.680, -0.8000, -8.191
5.690, -0.8000, -7.880
5.700, -0.8000, -6.737
5.710, -0.8000, -7.868
5.720, -0.8000, -7.909
5.730, -0.8000, -7.286
5.740, -0.8000, -7.642
5.750, -0.8000, -6.916
5.760, -0.8000, -6.016
5.770, -0.8000, -7.428
5.780, -0.8000, -7.557
5.790, -0.8000, -7.132
5.800, -0.8000, -6.744
5.810, -0.8000, -7.021
5.820, -0.8000, -7.872
5.830, -0.8000, -6.773
5.840, -0.8000, -6.808
5.850, -0.8000, -7.101
5.860, -0.8000, -8.080
5.870, -0.8000, -7.415
5.880, -0.8000, -6.430
5.890, -0.8000, -7.857
5.900, -0.8000, -8.100
5.910, -0.8000, -7.209
5.920, -0.8000, -7.857
5.930, -0.8000, -6.835
5.940, -0.8000, -7.227
5.950, -0.8000, -6.676
5.960, -0.8000, -6.940
5.970, -0.8000, -7.597
5.980, -0.8000, -7.006
5.990, -0.8000, -7.392
6.000, -0.8000, -7.359
6.010, -0.8000, -8.297
6.020, -0.8000, -7.494
6.030, -0.8000, -7.270
6.040, -0.8000, -7.186
6.050, -0.8000, -7.187
6.060, -0.8000, -7.685
6.070, -0.8000, -7.092
6.080, -0.8000, -7.832
6.090, -0.8000, -6.929
6.100, -0.8000, -8.173
6.110, -0.8000, -7.603
6.120, -0.8000, -6.779
6.130, -0.8000, -6.938
6.140, -0.8000, -7.149
6.150, -0.8000, -6.496
6.160, -0.8000, -6.676
6.170, -0.8000, -7.887
6.180, -0.8000, -7.708
6.190, -0.8000, -6.791
6.200, -0.8000, -7.413
6.210, -0.8000, -7.441
6.220, -0.8000, -7.286
6.230, -0.8000, -8.400
6.240, -0.8000, -7.837
6.250, -0.8000, -7.970
6.260, -0.8000, -7.311
6.270, -0.8000, -6.553
6.280, -0.8000, -7.588
6.290, -0.8000, -7.558
6.300, -0.8000, -7.795
6.310, -0.8000, -8.708
6.320, -0.8000, -7.231
6.330, -0.8000, -9.166
6.340, -0.8000, -6.853
6.350, -0.8000, -8.416
6.360, -0.8000, -8.468
6.370, -0.8000, -8.151
6.380, -0.8000, -7.983
6.390, -0.8000, -8.752
6.400, -0.8000, -7.973
6.410, -0.8000, -7.726
6.420, -0.8000, -7.263
6.430, -0.8000, -7.534
6.440, -0.8000, -7.451
6.450, -0.8000, -8.753
6.460, -0.8000, -6.732
6.470, -0.8000, -8.152
6.480, -0.8000, -6.378
6.490, -0.8000, -7.658
6.500, -0.8000, -7.508
6.510, -0.8000, -8.519
6.520, -0.8000, -8.188
6.530, -0.8000, -8.531
6.540, -0.8000, -7.503
6.550, -0.8000, -7.445
6.560, -0.8000, -6.580
6.570, -0.8000, -7.707
6.580, -0.8000, -6.563
6.590, -0.8000, -7.433
6.600, -0.8000, -6.905
6.610, -0.8000, -7.787
6.620, -0.8000, -6.601
6.630, -0.8000, -7.360
6.640, -0.8000, -7.376
6.650, -0.8000, -7.210
6.660, -0.8000, -7.723
6.670, -0.8000, -7.934
6.680, -0.8000, -7.040
6.690, -0.8000, -6.385
6.700, -0.8000, -7.476
6.710, -0.8000, -6.414
6.720, -0.8000, -7.320
6.730, -0.8000, -7.514
6.740, -0.8000, -8.563
6.750, -0.8000, -7.144
6.760, -0.8000, -7.693
6.770, -0.8000, -7.612
6.780, -0.8000, -8.239
6.790, -0.8000, -8.323
6.800, -0.8000, -7.541
6.810, -0.8000, -8.685
6.820, -0.8000, -8.001
6.830, -0.8000, -7.667
6.840, -0.8000, -7.561
6.850, -0.8000, -8.197
6.860, -0.8000, -9.364
6.870, -0.8000, -7.066
6.880, -0.8000, -8.659
6.890, -0.8000, -8.433
6.900, -0.8000, -7.571
6.910, -0.8000, -6.744
6.920, -0.8000, -7.548
6.930, -0.8000, -8.672
6.940, -0.8000, -6.791
6.950, -0.8000, -6.902
6.960, -0.8000, -7.676
6.970, -0.8000, -7.633
6.980, -0.8000, -7.456
6.990, -0.8000, -8.175
7.000, -0.8000, -6.892
7.010, -0.8000, -8.476
7.020, -0.8000, -7.648
7.030, -0.8000, -7.589
7.040, -0.8000, -7.618
7.050, -0.8000, -7.323
7.060, -0.8000, -7.581
7.070, -0.8000, -6.116
7.080, -0.8000, -8.017
7.090, -0.8000, -6.690
7.100, -0.8000, -7.067
7.110, -0.8000, -7.283
7.120, -0.8000, -9.115
7.130, -0.8000, -6.777
7.140, -0.8000, -8.643
7.150, -0.8000, -7.984
7.160, -0.8000, -7.411
7.170, -0.8000, -7.547
7.180, -0.8000, -8.741
7.190, -0.8000, -7.094
7.200, -0.8000, -7.369
7.210, -0.8000, -6.786
7.220, -0.8000, -8.374
7.230, -0.8000, -6.429
7.240, -0.8000, -7.584
7.250, -0.8000, -6.416
7.260, -0.8000, -8.083
7.270, -0.8000, -7.133
7.280, -0.8000, -7.519
7.290, -0.8000, -8.406
7.300, -0.8000, -7.354
7.310, -0.8000, -7.932
7.320, -0.8000, -6.520
7.330, -0.8000, -7.114
7.340, -0.8000, -8.917
7.350, -0.8000, -6.720
7.360, -0.8000, -7.059
7.370, -0.8000, -7.965
7.380, -0.8000, -7.627
7.390, -0.8000, -7.090
7.400, -0.8000, -7.210
7.410, -0.8000, -6.595
7.420, -0.8000, -7.409
7.430, -0.8000, -7.210
7.440, -0.8000, -6.932
7.450, -0.8000, -7.162
7.460, -0.8000, -6.976
7.470, -0.8000, -6.491
7.480, -0.8000, -7.067
7.490, -0.8000, -8.846
7.500, -0.8000, -7.594
7.510, -0.8000, -7.238
7.520, -0.8000, -8.308
7.530, -0.8000, -8.437
7.540, -0.8000, -7.337
7.550, -0.8000, -7.828
7.560, -0.8000, -7.509
7.570, -0.8000, -6.714
7.580, -0.8000, -6.867
7.590, -0.8000, -7.449
7.600, -0.8000, -7.512
7.610, -0.8000, -7.649
7.620, -0.8000, -8.235
7.630, -0.8000, -7.620
7.640, -0.8000, -6.745
7.650, -0.8000, -7.015
7.660, -0.8000, -7.512
7.670, -0.8000, -6.674
7.680, -0.8000, -8.090
7.690, -0.8000, -7.619
7.700, -0.8000, -7.059
7.710, -0.8000, -6.602
7.720, -0.8000, -6.601
7.730, -0.8000, -6.337
7.740, -0.8000, -7.095
7.750, -0.8000, -7.681
7.760, -0.8000, -7.255
7.770, -0.8000, -7.146
7.780, -0.8000, -8.778
7.790, -0.8000, -8.069
7.800, -0.8000, -8.144
7.810, -0.8000, -8.307
7.820, -0.8000, -6.694
7.830, -0.8000, -6.714
7.840, -0.8000, -6.928
7.850, -0.8000, -7.455
7.860, -0.8000, -7.027
7.870, -0.8000, -7.003
7.880, -0.8000, -8.092
7.890, -0.8000, -7.602
7.900, -0.8000, -7.299
7.910, -0.8000, -7.046
7.920, -0.8000, -6.939
7.930, -0.8000, -7.605
7.940, -0.8000, -7.956
7.950, -0.8000, -8.222
7.960, -0.8000, -7.541
7.970, -0.8000, -5.953
7.980, -0.8000, -6.941
7.990, -0.8000, -7.191
8.000, -0.8000, -7.130
8.010, -0.8000, -6.817
8.020, -0.8000, -7.804
8.030, -0.8000, -8.955
8.040, -0.8000, -6.951
8.050, -0.8000, -7.465
8.060, -0.8000, -6.772
8.070, -0.8000, -7.112
8.080, -0.8000, -7.506
8.090, -0.8000, -7.528
8.100, -0.8000, -7.486
8.110, -0.8000, -7.465
8.120, -0.8000, -6.082
8.130, -0.8000, -7.566
8.140, -0.8000, -7.287
8.150, -0.8000, -7.489
8.160, -0.8000, -8.660
8.170, -0.8000, -7.907
8.180, -0.8000, -6.726
8.190, -0.8000, -6.858
8.200, -0.8000, -6.287
8.210, -0.8000, -7.077
8.220, -0.8000, -6.327
8.230, -0.8000, -9.126
8.240, -0.8000, -7.374
8.250, -0.8000, -7.660
8.260, -0.8000, -7.918
8.270, -0.8000, -8.551
8.280, -0.8000, -7.466
8.290, -0.8000, -6.814
8.300, -0.8000, -6.683
8.310, -0.8000, -6.292
8.320, -0.8000, -6.985
8.330, -0.8000, -8.099
8.340, -0.8000, -6.805
8.350, -0.8000, -7.888
8.360, -0.8000, -8.463
8.370, -0.8000, -7.875
8.380, -0.8000, -7.296
8.390, -0.8000, -6.968
8.400, -0.8000, -6.521
8.410, -0.8000, -8.734
8.420, -0.8000, -7.249
8.430, -0.8000, -7.330
8.440, -0.8000, -8.515
8.450, -0.8000, -8.232
8.460, -0.8000, -7.939
8.470, -0.8000, -7.468
8.480, -0.8000, -6.772
8.490, -0.8000, -8.175
8.500, -0.8000, -7.376
8.510, -0.8000, -6.199
8.520, -0.8000, -6.882
8.530, -0.8000, -6.792
8.540, -0.8000, -8.121
8.550, -0.8000, -7.257
8.560, -0.8000, -6.357
8.570, -0.8000, -7.178
8.580, -0.8000, -8.099
8.590, -0.8000, -6.936
8.600, -0.8000, -8.394
8.610, -0.8000, -6.834
8.620, -0.8000, -8.449
8.630, -0.8000, -6.224
8.640, -0.8000, -8.312
8.650, -0.8000, -7.887
8.660, -0.8000, -7.477
8.670, -0.8000, -6.247
8.680, -0.8000, -7.149
8.690, -0.8000, -8.241
8.700, -0.8000, -7.130
8.710, -0.8000, -6.927
8.720, -0.8000, -7.811
8.730, -0.8000, -8.968
8.740, -0.8000, -8.001
8.750, -0.8000, -8.853
8.760, -0.8000, -7.852
8.770, -0.8000, -7.897
8.780, -0.8000, -7.489
8.790, -0.8000, -8.142
8.800, -0.8000, -7.755
8.810, -0.8000, -8.230
8.820, -0.8000, -7.859
8.830, -0.8000, -7.110
8.840, -0.8000, -7.199
8.850, -0.8000, -7.436
8.860, -0.8000, -7.009
8.870, -0.8000, -6.645
8.880, -0.8000, -7.980
8.890, -0.8000, -7.055
8.900, -0.8000, -7.558
8.910, -0.8000, -8.481
8.920, -0.8000, -7.499
8.930, -0.8000, -7.163
8.940, -0.8000, -6.706
8.950, -0.8000, -6.746
8.960, -0.8000, -8.064
8.970, -0.8000, -8.000
8.980, -0.8000, -6.044
8.990, -0.8000, -8.493
9.000, -0.8000, -7.250
9.010, -0.8000, -7.523
9.020, -0.8000, -6.359
9.030, -0.8000, -8.032
9.040, -0.8000, -6.680
9.050, -0.8000, -6.779
9.060, -0.8000, -6.696
9.070, -0.8000, -7.270
9.080, -0.8000, -7.901
9.090, -0.8000, -7.341
9.100, -0.8000, -6.925
9.110, -0.8000, -6.150
9.120, -0.8000, -8.967
9.130, -0.8000, -6.968
9.140, -0.8000, -6.666
9.150, -0.8000, -7.760
9.160, -0.8000, -6.703
9.170, -0.8000, -7.897
9.180, -0.8000, -8.298
9.190, -0.8000, -7.521
9.200, -0.8000, -8.556
9.210, -0.8000, -7.635
9.220, -0.8000, -6.878
9.230, -0.8000, -7.028
9.240, -0.8000, -8.497
9.250, -0.8000, -7.490
9.260, -0.8000, -6.954
9.270, -0.8000, -8.406
9.280, -0.8000, -7.244
9.290, -0.8000, -7.079
9.300, -0.8000, -7.461
9.310, -0.8000, -7.383
9.320, -0.8000, -7.553
9.330, -0.8000, -8.707
9.340, -0.8000, -7.038
9.350, -0.8000, -7.033
9.360, -0.8000, -7.511
9.370, -0.8000, -7.304
9.380, -0.8000, -7.374
9.390, -0.8000, -8.853
9.400, -0.8000, -7.034
9.410, -0.8000, -6.934
9.420, -0.8000, -8.072
9.430, -0.8000, -7.485
9.440, -0.8000, -7.231
9.450, -0.8000, -7.882
9.460, -0.8000, -7.384
9.470, -0.8000, -7.831
9.480, -0.8000, -7.715
9.490, -0.8000, -7.582
9.500, -0.8000, -7.656
9.510, -0.8000, -6.971
9.520, -0.8000, -6.485
9.530, -0.8000, -6.990
9.540, -0.8000, -8.102
9.550, -0.8000, -6.985
9.560, -0.8000, -7.179
9.570, -0.8000, -7.914
9.580, -0.8000, -7.904
9.590, -0.8000, -7.275
9.600, -0.8000, -6.006
9.610, -0.8000, -7.710
9.620, -0.8000, -6.736
9.630, -0.8000, -7.225
9.640, -0.8000, -6.599
9.650, -0.8000, -6.945
9.660, -0.8000, -6.508
9.670, -0.8000, -7.119
9.680, -0.8000, -7.540
9.690, -0.8000, -7.875
9.700, -0.8000, -7.063
9.710, -0.8000, -7.951
9.720, -0.8000, -6.846
9.730, -0.8000, -7.240
9.740, -0.8000, -6.379
9.750, -0.8000, -7.905
9.760, -0.8000, -6.743
9.770, -0.8000, -7.094
9.780, -0.8000, -8.357
9.790, -0.8000, -7.233
9.800, -0.8000, -6.702
9.810, -0.8000, -7.381
9.820, -0.8000, -7.744
9.830, -0.8000, -8.462
9.840, -0.8000, -6.186
9.850, -0.8000, -7.111
9.860, -0.8000, -7.179
9.870, -0.8000, -6.633
9.880, -0.8000, -6.730
9.890, -0.8000, -7.533
9.900, -0.8000, -7.764
9.910, -0.8000, -8.164
9.920, -0.8000, -7.196
9.930, -0.8000, -7.703
9.940, -0.8000, -7.257
9.950, -0.8000, -6.900
9.960, -0.8000, -7.795
9.970, -0.8000, -6.720
9.980, -0.8000, -6.946
9.990, -0.8000, -6.701
10.00, -0.8000, -6.689
10.01, -0.8000, -7.265
10.02, -0.8000, -7.145
10.03, -0.8000, -7.129
10.04, -0.8000, -7.972
10.05, -0.8000, -7.143
10.06, -0.8000, -7.424
10.07, -0.8000, -6.594
10.08, -0.8000, -7.302
10.09, -0.8000, -6.065
10.10, -0.8000, -7.581
10.11, -0.8000, -6.822
10.12, -0.8000, -7.382
10.13, -0.8000, -6.332
10.14, -0.8000, -6.936
10.15, -0.8000, -6.626
10.16, -0.8000, -9.150
10.17, -0.8000, -7.452
10.18, -0.8000, -7.008
10.19, -0.8000, -6.734
10.20, -0.8000, -7.929
10.21, -0.8000, -8.090
10.22, -0.8000, -8.119
10.23, -0.8000, -6.776
10.24, -0.8000, -7.901
10.25, -0.8000, -6.788
10.26, -0.8000, -8.206
10.27, -0.8000, -7.594
10.28, -0.8000, -7.290
10.29, -0.8000, -7.237
10.30, -0.8000, -6.603
10.31, -0.8000, -7.300
10.32, -0.8000, -7.395
10.33, -0.8000, -7.153
10.34, -0.8000, -6.930
10.35, -0.8000, -7.490
10.36, -0.8000, -8.490
10.37, -0.8000, -7.689
10.38, -0.8000, -7.474
10.39, -0.8000, -8.259
10.40, -0.8000, -7.988
10.41, -0.8000, -7.438
10.42, -0.8000, -7.556
10.43, -0.8000, -7.689
10.44, -0.8000, -7.800
10.45, -0.8000, -7.080
10.46, -0.8000, -6.159
10.47, -0.8000, -8.285
10.48, -0.8000, -8.104
10.49, -0.8000, -7.211
10.50, -0.8000, -6.798
10.51, -0.8000, -6.999
10.52, -0.8000, -7.242
10.53, -0.8000, -6.907
10.54, -0.8000, -8.191
10.55, -0.8000, -6.839
10.56, -0.8000, -6.272
10.57, -0.8000, -8.803
10.58, -0.8000, -6.540
10.59, -0.8000, -7.073
10.60, -0.8000, -7.779
10.61, -0.8000, -6.965
10.62, -0.8000, -7.818
10.63, -0.8000, -7.546
10.64, -0.8000, -7.963
10.65, -0.8000, -7.364
10.66, -0.8000, -6.807
10.67, -0.8000, -6.976
10.68, -0.8000, -6.622
10.69, -0.8000, -7.942
10.70, -0.8000, -6.796
10.71, -0.8000, -6.263
10.72, -0.8000, -7.162
10.73, -0.8000, -7.211
10.74, -0.8000, -8.065
10.75, -0.8000, -7.135
10.76, -0.8000, -6.970
10.77, -0.8000, -7.849
10.78, -0.8000, -8.182
10.79, -0.8000, -8.138
10.80, -0.8000, -8.085
10.81, -0.8000, -7.028
10.82, -0.8000, -6.520
10.83, -0.8000, -8.241
10.84, -0.8000, -6.592
10.85, -0.8000, -7.174
10.86, -0.8000, -7.140
10.87, -0.8000, -7.242
10.88, -0.8000, -8.567
10.89, -0.8000, -7.156
10.90, -0.8000, -7.298
10.91, -0.8000, -7.064
10.92, -0.8000, -7.682
10.93, -0.8000, -6.036
10.94, -0.8000, -6.907
10.95, -0.8000, -8.113
10.96, -0.8000, -7.661
10.97, -0.8000, -6.624
10.98, -0.8000, -7.537
10.99, -0.8000, -7.515
11.00, -0.8000, -7.944
11.01, -0.8000, -7.920
11.02, -0.8000, -7.393
11.03, -0.8000, -7.434
11.04, -0.8000, -6.838
11.05, -0.8000, -6.247
11.06, -0.8000, -8.133
11.07, -0.8000, -6.246
11.08, -0.8000, -6.199
11.09, -0.8000, -7.287
11.10, -0.8000, -6.613
11.11, -0.8000, -7.039
11.12, -0.8000, -6.714
11.13, -0.8000, -6.885
11.14, -0.8000, -6.982
11.15, -0.8000, -8.054
11.16, -0.8000, -6.968
11.17, -0.8000, -6.123
11.18, -0.8000, -6.893
11.19, -0.8000, -7.693
11.20, -0.8000, -8.703
11.21, -0.8000, -7.994
11.22, -0.8000, -7.870
11.23, -0.8000, -6.608
11.24, -0.8000, -7.345
11.25, -0.8000, -7.153
11.26, -0.8000, -7.026
11.27, -0.8000, -7.170
11.28, -0.8000, -7.649
11.29, -0.8000, -6.543
11.30, -0.8000, -8.411
11.31, -0.8000, -7.232
11.32, -0.8000, -7.994
11.33, -0.8000, -6.116
11.34, -0.8000, -7.910
11.35, -0.8000, -6.632
11.36, -0.8000, -6.312
11.37, -0.8000, -7.873
11.38, -0.8000, -7.653
11.39, -0.8000, -6.567
11.40, -0.8000, -6.960
11.41, -0.8000, -7.622
11.42, -0.8000, -7.404
11.43, -0.8000, -7.400
11.44, -0.8000, -6.799
11.45, -0.8000, -6.854
11.46, -0.8000, -8.205
11.47, -0.8000, -7.138
11.48, -0.8000, -7.144
11.49, -0.8000, -6.852
11.50, -0.8000, -7.637
11.51, -0.8000, -7.159
11.52, -0.8000, -6.605
11.53, -0.8000, -7.200
11.54, -0.8000, -7.407
11.55, -0.8000, -8.468
11.56, -0.8000, -7.568
11.57, -0.8000, -6.766
11.58, -0.8000, -6.610
11.59, -0.8000, -6.550
11.60, -0.8000, -6.721
11.61, -0.8000, -6.454
11.62, -0.8000, -7.229
11.63, -0.8000, -6.798
11.64, -0.8000, -7.947
11.65, -0.8000, -6.758
11.66, -0.8000, -7.286
11.67, -0.8000, -6.213
11.68, -0.8000, -7.162
11.69, -0.8000, -8.108
11.70, -0.8000, -8.233
11.71, -0.8000, -6.061
11.72, -0.8000, -6.208
11.73, -0.8000, -5.538
11.74, -0.8000, -7.249
11.75, -0.8000, -7.561
11.76, -0.8000, -6.906
11.77, -0.8000, -6.883
11.78, -0.8000, -7.632
11.79, -0.8000, -6.295
11.80, -0.8000, -6.997
11.81, -0.8000, -6.038
11.82, -0.8000, -8.436
11.83, -0.8000, -6.935
11.84, -0.8000, -7.784
11.85, -0.8000, -7.050
11.86, -0.8000, -7.022
11.87, -0.8000, -8.958
11.88, -0.8000, -8.244
11.89, -0.8000, -7.279
11.90, -0.8000, -7.557
11.91, -0.8000, -8.347
11.92, -0.8000, -7.638
11.93, -0.8000, -8.143
11.94, -0.8000, -7.359
11.95, -0.8000, -7.236
11.96, -0.8000, -6.945
11.97, -0.8000, -7.609
11.98, -0.8000, -7.266
11.99, -0.8000, -6.880
12.00, -0.8000, -6.923
12.01, -0.8000, -7.047
12.02, -0.8000, -7.350
12.03, -0.8000, -8.292
12.04, -0.8000, -7.761
12.05, -0.8000, -7.835
12.06, -0.8000, -6.476
12.07, -0.8000, -7.643
12.08, -0.8000, -6.046
12.09, -0.8000, -8.201
12.10, -0.8000, -8.359
12.11, -0.8000, -6.685
12.12, -0.8000, -7.152
12.13, -0.8000, -7.399
12.14, -0.8000, -6.104
12.15, -0.8000, -7.876
12.16, -0.8000, -8.263
12.17, -0.8000, -7.684
12.18, -0.8000, -7.689
12.19, -0.8000, -7.031
12.20, -0.8000, -6.708
12.21, -0.8000, -5.725
12.22, -0.8000, -7.756
12.23, -0.8000, -7.571
12.24, -0.8000, -6.408
12.25, -0.8000, -6.766
12.26, -0.8000, -7.264
12.27, -0.8000, -6.940
12.28, -0.8000, -8.119
12.29, -0.8000, -6.675
12.30, -0.8000, -7.825
12.31, -0.8000, -6.833
12.32, -0.8000, -6.946
12.33, -0.8000, -6.507
12.34, -0.8000, -8.427
12.35, -0.8000, -7.136
12.36, -0.8000, -6.917
12.37, -0.8000, -7.102
12.38, -0.8000, -6.375
12.39, -0.8000, -7.730
12.40, -0.8000, -7.057
12.41, -0.8000, -7.396
12.42, -0.8000, -8.111
12.43, -0.8000, -7.898
12.44, -0.8000, -7.364
12.45, -0.8000, -7.549
12.46, -0.8000, -7.216
12.47, -0.8000, -6.524
12.48, -0.8000, -8.325
12.49, -0.8000, -7.142
12.50, -0.8000, -7.719
12.51, -0.8000, -7.808
12.52, -0.8000, -7.083
12.53, -0.8000, -8.308
12.54, -0.8000, -7.039
12.55, -0.8000, -7.798
12.56, -0.8000, -7.862
12.57, -0.8000, -6.930
12.58, -0.8000, -6.498
12.59, -0.8000, -7.594
12.60, -0.8000, -6.655
12.61, -0.8000, -7.323
12.62, -0.8000, -7.354
12.63, -0.8000, -7.333
12.64, -0.8000, -6.593
12.65, -0.8000, -7.417
12.66, -0.8000, -6.710
12.67, -0.8000, -7.669
12.68, -0.8000, -7.627
12.69, -0.8000, -7.473
12.70, -0.8000, -7.415
12.71, -0.8000, -6.682
12.72, -0.8000, -7.128
12.73, -0.8000, -6.695
12.74, -0.8000, -6.747
12.75, -0.8000, -6.440
12.76, -0.8000, -8.698
12.77, -0.8000, -6.798
12.78, -0.8000, -7.622
12.79, -0.8000, -6.674
12.80, -0.8000, -7.124
12.81, -0.8000, -7.970
12.82, -0.8000, -7.938
12.83, -0.8000, -8.042
12.84, -0.8000, -6.875
12.85, -0.8000, -7.090
12.86, -0.8000, -6.738
12.87, -0.8000, -6.640
12.88, -0.8000, -7.452
12.89, -0.8000, -7.609
12.90, -0.8000, -6.239
12.91, -0.8000, -7.360
12.92, -0.8000, -7.207
12.93, -0.8000, -8.523
12.94, -0.8000, -7.799
12.95, -0.8000, -7.547
12.96, -0.8000, -8.235
12.97, -0.8000, -7.536
12.98, -0.8000, -6.525
12.99, -0.8000, -6.323
13.00, -0.8000, -7.871
13.01, -0.8000, -7.162
13.02, -0.8000, -7.862
13.03, -0.8000, -7.324
13.04, -0.8000, -6.516
13.05, -0.8000, -6.147
13.06, -0.8000, -8.303
13.07, -0.8000, -7.767
13.08, -0.8000, -8.096
13.09, -0.8000, -7.165
13.10, -0.8000, -6.577
13.11, -0.8000, -6.138
13.12, -0.8000, -7.436
13.13, -0.8000, -6.952
13.14, -0.8000, -7.205
13.15, -0.8000, -6.660
13.16, -0.8000, -8.321
13.17, -0.8000, -7.704
13.18, -0.8000, -6.625
13.19, -0.8000, -8.279
13.20, -0.8000, -7.374
13.21, -0.8000, -8.054
13.22, -0.8000, -6.869
13.23, -0.8000, -7.769
13.24, -0.8000, -7.715
13.25, -0.8000, -6.891
13.26, -0.8000, -8.327
13.27, -0.8000, -6.984
13.28, -0.8000, -8.653
13.29, -0.8000, -6.605
13.30, -0.8000, -7.005
13.31, -0.8000, -6.667
13.32, -0.8000, -7.832
13.33, -0.8000, -6.449
13.34, -0.8000, -7.639
13.35, -0.8000, -7.320
13.36, -0.8000, -7.048
13.37, -0.8000, -7.514
13.38, -0.8000, -8.797
13.39, -0.8000, -6.441
13.40, -0.8000, -6.906
13.41, -0.8000, -7.275
13.42, -0.8000, -6.852
13.43, -0.8000, -7.161
13.44, -0.8000, -6.951
13.45, -0.8000, -6.787
13.46, -0.8000, -6.715
13.47, -0.8000, -7.303
13.48, -0.8000, -6.372
13.49, -0.8000, -7.158
13.50, -0.8000, -8.359
13.51, -0.8000, -7.945
13.52, -0.8000, -7.491
13.53, -0.8000, -7.241
13.54, -0.8000, -6.996
13.55, -0.8000, -7.721
13.56, -0.8000, -7.426
13.57, -0.8000, -7.077
13.58, -0.8000, -7.078
13.59, -0.8000, -6.353
13.60, -0.8000, -7.774
13.61, -0.8000, -7.529
13.62, -0.8000, -8.397
13.63, -0.8000, -6.543
13.64, -0.8000, -6.738
13.65, -0.8000, -7.731
13.66, -0.8000, -7.137
13.67, -0.8000, -7.712
13.68, -0.8000, -8.040
13.69, -0.8000, -6.867
13.70, -0.8000, -7.425
13.71, -0.8000, -6.372
13.72, -0.8000, -7.109
13.73, -0.8000, -7.503
13.74, -0.8000, -7.716
13.75, -0.8000, -7.696
13.76, -0.8000, -7.648
13.77, -0.8000, -7.992
13.78, -0.8000, -7.487
13.79, -0.8000, -6.325
13.80, -0.8000, -7.422
13.81, -0.8000, -6.685
13.82, -0.8000, -6.932
13.83, -0.8000, -7.202
13.84, -0.8000, -7.184
13.85, -0.8000, -6.980
13.86, -0.8000, -7.088
13.87, -0.8000, -8.366
13.88, -0.8000, -6.364
13.89, -0.8000, -7.767
13.90, -0.8000, -6.227
13.91, -0.8000, -8.573
13.92, -0.8000, -7.235
13.93, -0.8000, -7.785
13.94, -0.8000, -7.082
13.95, -0.8000, -7.225
13.96, -0.8000, -6.559
13.97, -0.8000, -7.569
13.98, -0.8000, -6.282
13.99, -0.8000, -6.883
14.00, -0.8000, -7.161
14.01, -0.8000, -7.608
14.02, -0.8000, -7.158
14.03, -0.8000, -8.016
14.04, -0.8000, -7.547
14.05, -0.8000, -6.725
14.06, -0.8000, -7.121
14.07, -0.8000, -6.544
14.08, -0.8000, -8.421
14.09, -0.8000, -7.282
14.10, -0.8000, -7.377
14.11, -0.8000, -6.166
14.12, -0.8000, -7.402
14.13, -0.8000, -8.135
14.14, -0.8000, -7.235
14.15, -0.8000, -6.857
14.16, -0.8000, -5.598
14.17, -0.8000, -8.796
14.18, -0.8000, -6.230
14.19, -0.8000, -6.918
14.20, -0.8000, -6.940
14.21, -0.8000, -7.687
14.22, -0.8000, -7.682
14.23, -0.8000, -7.293
14.24, -0.8000, -7.492
14.25, -0.8000, -7.077
14.26, -0.8000, -7.099
14.27, -0.8000, -6.512
14.28, -0.8000, -7.535
14.29, -0.8000, -5.956
14.30, -0.8000, -6.942
14.31, -0.8000, -7.229
14.32, -0.8000, -6.744
14.33, -0.8000, -6.490
14.34, -0.8000, -6.808
14.35, -0.8000, -7.330
14.36, -0.8000, -7.344
14.37, -0.8000, -7.358
14.38, -0.8000, -7.173
14.39, -0.8000, -6.916
14.40, -0.8000, -7.457
14.41, -0.8000, -7.243
14.42, -0.8000, -6.705
14.43, -0.8000, -8.170
14.44, -0.8000, -6.418
14.45, -0.8000, -7.595
14.46, -0.8000, -6.909
14.47, -0.8000, -7.166
14.48, -0.8000, -7.005
14.49, -0.8000, -7.684
14.50, -0.8000, -7.134
14.51, -0.8000, -7.964
14.52, -0.8000, -6.816
14.53, -0.8000, -7.951
14.54, -0.8000, -7.151
14.55, -0.8000, -6.228
14.56, -0.8000, -6.782
14.57, -0.8000, -7.396
14.58, -0.8000, -7.965
14.59, -0.8000, -7.224
14.60, -0.8000, -6.377
14.61, -0.8000, -7.445
14.62, -0.8000, -7.743
14.63, -0.8000, -6.900
14.64, -0.8000, -6.705
14.65, -0.8000, -6.342
14.66, -0.8000, -8.087
14.67, -0.8000, -7.156
14.68, -0.8000, -7.903
14.69, -0.8000, -6.736
14.70, -0.8000, -7.288
14.71, -0.8000, -7.015
14.72, -0.8000, -6.858
14.73, -0.8000, -7.951
14.74, -0.8000, -6.785
14.75, -0.8000, -7.807
14.76, -0.8000, -7.576
14.77, -0.8000, -7.446
14.78, -0.8000, -7.269
14.79, -0.8000, -8.199
14.80, -0.8000, -7.008
14.81, -0.8000, -7.459
14.82, -0.8000, -7.584
14.83, -0.8000, -7.746
14.84, -0.8000, -7.612
14.85, -0.8000, -6.920
14.86, -0.8000, -6.990
14.87, -0.8000, -6.268
14.88, -0.8000, -6.960
14.89, -0.8000, -6.393
14.90, -0.8000, -7.563
14.91, -0.8000, -6.326
14.92, -0.8000, -7.437
14.93, -0.8000, -7.848
14.94, -0.8000, -6.368
14.95, -0.8000, -6.932
14.96, -0.8000, -7.810
14.97, -0.8000, -8.109
14.98, -0.8000, -5.983
14.99, -0.8000, -7.004
15.00, -0.8000, -6.887
15.01, -0.8000, -7.927
15.02, -0.8000, -7.337
15.03, -0.8000, -7.014
15.04, -0.8000, -7.246
15.05, -0.8000, -6.287
15.06, -0.8000, -7.550
15.07, -0.8000, -6.271
15.08, -0.8000, -6.758
15.09, -0.8000, -7.725
15.10, -0.8000, -7.244
15.11, -0.8000, -7.040
15.12, -0.8000, -8.479
15.13, -0.8000, -7.011
15.14, -0.8000, -8.240
15.15, -0.8000, -7.060
15.16, -0.8000, -7.825
15.17, -0.8000, -8.497
15.18, -0.8000, -7.807
15.19, -0.8000, -6.994
15.20, -0.8000, -7.155
15.21, -0.8000, -6.710
15.22, -0.8000, -6.962
15.23, -0.8000, -6.768
15.24, -0.8000, -8.320
15.25, -0.8000, -7.108
15.26, -0.8000, -7.560
15.27, -0.8000, -6.151
15.28, -0.8000, -7.013
15.29, -0.8000, -7.068
15.30, -0.8000, -6.907
15.31, -0.8000, -6.348
15.32, -0.8000, -6.310
15.33, -0.8000, -7.069
15.34, -0.8000, -8.078
15.35, -0.8000, -7.881
15.36, -0.8000, -8.269
15.37, -0.8000, -6.917
15.38, -0.8000, -7.243
15.39, -0.8000, -7.390
15.40, -0.8000, -7.629
15.41, -0.8000, -6.887
15.42, -0.8000, -6.924
15.43, -0.8000, -6.933
15.44, -0.8000, -6.653
15.45, -0.8000, -5.834
15.46, -0.8000, -7.745
15.47, -0.8000, -6.344
15.48, -0.8000, -7.515
15.49, -0.8000, -7.086
15.50, -0.8000, -6.725
15.51, -0.8000, -6.920
15.52, -0.8000, -7.774
15.53, -0.8000, -7.214
15.54, -0.8000, -6.369
15.55, -0.8000, -7.646
15.56, -0.8000, -6.215
15.57, -0.8000, -6.966
15.58, -0.8000, -5.707
15.59, -0.8000, -6.640
15.60, -0.8000, -6.554
15.61, -0.8000, -8.400
15.62, -0.8000, -7.928
15.63, -0.8000, -7.319
15.64, -0.8000, -6.021
15.65, -0.8000, -6.832
15.66, -0.8000, -7.051
15.67, -0.8000, -7.531
15.68, -0.8000, -7.171
15.69, -0.8000, -7.153
15.70, -0.8000, -7.363
15.71, -0.8000, -7.083
15.72, -0.8000, -6.246
15.73, -0.8000, -6.946
15.74, -0.8000, -7.922
15.75, -0.8000, -6.892
15.76, -0.8000, -7.712
15.77, -0.8000, -6.446
15.78, -0.8000, -7.373
15.79, -0.8000, -6.139
15.80, -0.8000, -7.805
15.81, -0.8000, -6.958
15.82, -0.8000, -7.327
15.83, -0.8000, -6.753
15.84, -0.8000, -8.036
15.85, -0.8000, -6.995
15.86, -0.8000, -6.603
15.87, -0.8000, -6.471
15.88, -0.8000, -7.986
15.89, -0.8000, -7.176
15.90, -0.8000, -6.575
15.91, -0.8000, -6.084
15.92, -0.8000, -7.111
15.93, -0.8000, -6.595
15.94, -0.8000, -6.965
15.95, -0.8000, -6.791
15.96, -0.8000, -8.595
15.97, -0.8000, -7.408
15.98, -0.8000, -5.886
15.99, -0.8000, -7.057
16.00, -0.8000, -7.724
16.01, -0.8000, -6.300
16.02, -0.8000, -6.225
16.03, -0.8000, -6.232
16.04, -0.8000, -6.277
16.05, -0.8000, -7.699
16.06, -0.8000, -6.543
16.07, -0.8000, -7.317
16.08, -0.8000, -6.844
16.09, -0.8000, -6.458
16.10, -0.8000, -6.696
16.11, -0.8000, -7.724
16.12, -0.8000, -6.836
16.13, -0.8000, -6.771
16.14, -0.8000, -7.500
16.15, -0.8000, -6.194
16.16, -0.8000, -7.073
16.17, -0.8000, -8.444
16.18, -0.8000, -7.701
16.19, -0.8000, -6.957
16.20, -0.8000, -6.889
16.21, -0.8000, -7.095
16.22, -0.8000, -8.000
16.23, -0.8000, -6.892
16.24, -0.8000, -7.113
16.25, -0.8000, -6.699
16.26, -0.8000, -7.052
16.27, -0.8000, -7.452
16.28, -0.8000, -7.368
16.29, -0.8000, -8.260
16.30, -0.8000, -6.682
16.31, -0.8000, -6.523
16.32, -0.8000, -6.718
16.33, -0.8000, -7.731
16.34, -0.8000, -7.636
16.35, -0.8000, -6.045
16.36, -0.8000, -6.659
16.37, -0.8000, -6.177
16.38, -0.8000, -7.012
16.39, -0.8000, -7.181
16.40, -0.8000, -6.339
16.41, -0.8000, -7.270
16.42, -0.8000, -7.759
16.43, -0.8000, -7.245
16.44, -0.8000, -8.209
16.45, -0.8000, -6.688
16.46, -0.8000, -6.344
16.47, -0.8000, -8.223
16.48, -0.8000, -7.989
16.49, -0.8000, -6.981
16.50, -0.8000, -6.674
16.51, -0.8000, -8.034
16.52, -0.8000, -8.040
16.53, -0.8000, -8.478
16.54, -0.8000, -8.012
16.55, -0.8000, -6.176
16.56, -0.8000, -7.397
16.57, -0.8000, -7.885
16.58, -0.8000, -7.658
16.59, -0.8000, -6.962
16.60, -0.8000, -6.838
16.61, -0.8000, -6.857
16.62, -0.8000, -7.859
16.63, -0.8000, -8.010
16.64, -0.8000, -7.028
16.65, -0.8000, -6.363
16.66, -0.8000, -6.947
16.67, -0.8000, -6.796
16.68, -0.8000, -7.714
16.69, -0.8000, -5.984
16.70, -0.8000, -6.743
16.71, -0.8000, -6.424
16.72, -0.8000, -7.226
16.73, -0.8000, -6.911
16.74, -0.8000, -7.040
16.75, -0.8000, -7.038
16.76, -0.8000, -6.790
16.77, -0.8000, -6.546
16.78, -0.8000, -7.237
16.79, -0.8000, -6.385
16.80, -0.8000, -7.599
16.81, -0.8000, -6.797
16.82, -0.8000, -7.128
16.83, -0.8000, -7.032
16.84, -0.8000, -6.800
16.85, -0.8000, -7.322
16.86, -0.8000, -7.508
16.87, -0.8000, -8.263
16.88, -0.8000, -6.383
16.89, -0.8000, -7.753
16.90, -0.8000, -7.150
16.91, -0.8000, -6.651
16.92, -0.8000, -6.690
16.93, -0.8000, -7.168
16.94, -0.8000, -5.981
16.95, -0.8000, -7.348
16.96, -0.8000, -6.121
16.97, -0.8000, -8.066
16.98, -0.8000, -7.756
16.99, -0.8000, -7.051
17.00, -0.8000, -6.638
17.01, -0.8000, -6.781
17.02, -0.8000, -5.860
17.03, -0.8000, -8.338
17.04, -0.8000, -7.141
17.05, -0.8000, -7.140
17.06, -0.8000, -6.987
17.07, -0.8000, -6.421
17.08, -0.8000, -7.329
17.09, -0.8000, -6.370
17.10, -0.8000, -7.594
17.11, -0.8000, -7.867
17.12, -0.8000, -7.412
17.13, -0.8000, -8.436
17.14, -0.8000, -6.995
17.15, -0.8000, -6.949
17.16, -0.8000, -6.044
17.17, -0.8000, -7.897
17.18, -0.8000, -7.498
17.19, -0.8000, -7.408
17.20, -0.8000, -8.651
17.21, -0.8000, -7.227
17.22, -0.8000, -7.816
17.23, -0.8000, -6.800
17.24, -0.8000, -7.946
17.25, -0.8000, -6.918
17.26, -0.8000, -7.436
17.27, -0.8000, -7.530
17.28, -0.8000, -6.720
17.29, -0.8000, -8.011
17.30, -0.8000, -7.267
17.31, -0.8000, -5.771
17.32, -0.8000, -6.854
17.33, -0.8000, -6.998
17.34, -0.8000, -5.691
17.35, -0.8000, -6.757
17.36, -0.8000, -8.231
17.37, -0.8000, -7.793
17.38, -0.8000, -6.891
17.39, -0.8000, -6.242
17.40, -0.8000, -7.273
17.41, -0.8000, -5.913
17.42, -0.8000, -6.379
17.43, -0.8000, -6.927
17.44, -0.8000, -7.756
17.45, -0.8000, -7.146
17.46, -0.8000, -6.490
17.47, -0.8000, -8.211
17.48, -0.8000, -7.087
17.49, -0.8000, -7.029
17.50, -0.8000, -7.753
17.51, -0.8000, -5.839
17.52, -0.8000, -8.187
17.53, -0.8000, -7.092
17.54, -0.8000, -7.047
17.55, -0.8000, -7.445
17.56, -0.8000, -6.666
17.57, -0.8000, -6.988
17.58, -0.8000, -8.521
17.59, -0.8000, -6.522
17.60, -0.8000, -7.021
17.61, -0.8000, -6.736
17.62, -0.8000, -6.996
17.63, -0.8000, -6.991
17.64, -0.8000, -6.105
17.65, -0.8000, -6.070
17.66, -0.8000, -8.401
17.67, -0.8000, -6.462
17.68, -0.8000, -7.475
17.69, -0.8000, -6.512
17.70, -0.8000, -6.375
17.71, -0.8000, -6.613
17.72, -0.8000, -8.037
17.73, -0.8000, -6.274
17.74, -0.8000, -6.387
17.75, -0.8000, -5.512
17.76, -0.8000, -7.333
17.77, -0.8000, -6.874
17.78, -0.8000, -7.474
17.79, -0.8000, -7.556
17.80, -0.8000, -7.226
17.81, -0.8000, -6.526
17.82, -0.8000, -6.757
17.83, -0.8000, -7.981
17.84, -0.8000, -7.121
17.85, -0.8000, -7.334
17.86, -0.8000, -7.531
17.87, -0.8000, -6.629
17.88, -0.8000, -7.350
17.89, -0.8000, -6.874
17.90, -0.8000, -7.284
17.91, -0.8000, -6.718
17.92, -0.8000, -6.852
17.93, -0.8000, -5.785
17.94, -0.8000, -7.979
17.95, -0.8000, -7.399
17.96, -0.8000, -6.834
17.97, -0.8000, -7.681
17.98, -0.8000, -7.860
17.99, -0.8000, -7.250
18.00, -0.8000, -6.060
18.01, -0.8000, -8.157
18.02, -0.8000, -6.199
18.03, -0.8000, -6.494
18.04, -0.8000, -6.556
18.05, -0.8000, -6.240
18.06, -0.8000, -6.820
18.07, -0.8000, -6.468
18.08, -0.8000, -7.933
18.09, -0.8000, -6.214
18.10, -0.8000, -6.792
18.11, -0.8000, -8.145
18.12, -0.8000, -6.652
18.13, -0.8000, -7.758
18.14, -0.8000, -7.344
18.15, -0.8000, -7.072
18.16, -0.8000, -7.680
18.17, -0.8000, -7.753
18.18, -0.8000, -7.673
18.19, -0.8000, -7.532
18.20, -0.8000, -7.253
18.21, -0.8000, -7.537
18.22, -0.8000, -6.430
18.23, -0.8000, -7.392
18.24, -0.8000, -6.417
18.25, -0.8000, -6.837
18.26, -0.8000, -7.085
18.27, -0.8000, -7.359
18.28, -0.8000, -7.194
18.29, -0.8000, -6.485
18.30, -0.8000, -7.096
18.31, -0.8000, -6.127
18.32, -0.8000, -6.375
18.33, -0.8000, -6.812
18.34, -0.8000, -6.340
18.35, -0.8000, -7.301
18.36, -0.8000, -6.326
18.37, -0.8000, -6.683
18.38, -0.8000, -6.446
18.39, -0.8000, -6.073
18.40, -0.8000, -6.729
18.41, -0.8000, -7.136
18.42, -0.8000, -7.601
18.43, -0.8000, -7.684
18.44, -0.8000, -6.335
18.45, -0.8000, -7.185
18.46, -0.8000, -7.645
18.47, -0.8000, -6.558
18.48, -0.8000, -6.986
18.49, -0.8000, -7.490
18.50, -0.8000, -7.710
18.51, -0.8000, -7.443
18.52, -0.8000, -7.320
18.53, -0.8000, -6.875
18.54, -0.8000, -6.462
18.55, -0.8000, -8.668
18.56, -0.8000, -7.048
18.57, -0.8000, -6.084
18.58, -0.8000, -7.640
18.59, -0.8000, -8.133
18.60, -0.8000, -6.361
18.61, -0.8000, -8.094
18.62, -0.8000, -7.465
18.63, -0.8000, -8.324
18.64, -0.8000, -6.614
18.65, -0.8000, -7.143
18.66, -0.8000, -6.954
18.67, -0.8000, -7.616
18.68, -0.8000, -7.291
18.69, -0.8000, -6.996
18.70, -0.8000, -6.948
18.71, -0.8000, -8.027
18.72, -0.8000, -6.203
18.73, -0.8000, -6.385
18.74, -0.8000, -7.212
18.75, -0.8000, -7.230
18.76, -0.8000, -7.420
18.77, -0.8000, -6.561
18.78, -0.8000, -6.597
18.79, -0.8000, -7.131
18.80, -0.8000, -7.521
18.81, -0.8000, -5.987
18.82, -0.8000, -7.234
18.83, -0.8000, -6.645
18.84, -0.8000, -7.275
18.85, -0.8000, -7.787
18.86, -0.8000, -6.638
18.87, -0.8000, -6.756
18.88, -0.8000, -8.277
18.89, -0.8000, -6.110
18.90, -0.8000, -6.818
18.91, -0.8000, -8.030
18.92, -0.8000, -7.149
18.93, -0.8000, -6.105
18.94, -0.8000, -7.154
18.95, -0.8000, -6.466
18.96, -0.8000, -7.580
18.97, -0.8000, -6.422
18.98, -0.8000, -7.163
18.99, -0.8000, -6.393
19.00, -0.8000, -7.861
19.01, -0.8000, -5.795
19.02, -0.8000, -7.701
19.03, -0.8000, -5.762
19.04, -0.8000, -6.789
19.05, -0.8000, -6.030
19.06, -0.8000, -6.976
19.07, -0.8000, -7.718
19.08, -0.8000, -5.934
19.09, -0.8000, -5.853
19.10, -0.8000, -6.467
19.11, -0.8000, -7.328
19.12, -0.8000, -7.201
19.13, -0.8000, -7.408
19.14, -0.8000, -6.785
19.15, -0.8000, -6.606
19.16, -0.8000, -7.534
19.17, -0.8000, -7.856
19.18, -0.8000, -6.890
19.19, -0.8000, -7.462
19.20, -0.8000, -7.567
19.21, -0.8000, -7.338
19.22, -0.8000, -7.287
19.23, -0.8000, -5.309
19.24, -0.8000, -7.609
19.25, -0.8000, -6.884
19.26, -0.8000, -5.208
19.27, -0.8000, -6.407
19.28, -0.8000, -6.327
19.29, -0.8000, -6.586
19.30, -0.8000, -6.391
19.31, -0.8000, -6.807
19.32, -0.8000, -5.930
19.33, -0.8000, -6.872
19.34, -0.8000, -6.835
19.35, -0.8000, -6.861
19.36, -0.8000, -6.399
19.37, -0.8000, -6.146
19.38, -0.8000, -7.252
19.39, -0.8000, -7.347
19.40, -0.8000, -6.922
19.41, -0.8000, -6.264
19.42, -0.8000, -6.899
19.43, -0.8000, -7.768
19.44, -0.8000, -6.812
19.45, -0.8000, -6.103
19.46, -0.8000, -7.841
19.47, -0.8000, -7.634
19.48, -0.8000, -7.132
19.49, -0.8000, -7.609
19.50, -0.8000, -5.959
19.51, -0.8000, -7.420
19.52, -0.8000, -6.270
19.53, -0.8000, -6.980
19.54, -0.8000, -7.766
19.55, -0.8000, -6.811
19.56, -0.8000, -5.689
19.57, -0.8000, -6.800
19.58, -0.8000, -6.678
19.59, -0.8000, -6.252
19.60, -0.8000, -6.314
19.61, -0.8000, -8.274
19.62, -0.8000, -6.363
19.63, -0.8000, -7.126
19.64, -0.8000, -7.500
19.65, -0.8000, -6.666
19.66, -0.8000, -7.833
19.67, -0.8000, -7.906
19.68, -0.8000, -8.612
19.69, -0.8000, -6.797
19.70, -0.8000, -7.533
19.71, -0.8000, -7.252
19.72, -0.8000, -6.529
19.73, -0.8000, -8.017
19.74, -0.8000, -7.197
19.75, -0.8000, -5.738
19.76, -0.8000, -6.791
19.77, -0.8000, -6.478
19.78, -0.8000, -6.558
19.79, -0.8000, -7.198
19.80, -0.8000, -7.823
19.81, -0.8000, -7.527
19.82, -0.8000, -7.096
19.83, -0.8000, -6.008
19.84, -0.8000, -6.508
19.85, -0.8000, -6.251
19.86, -0.8000, -6.320
19.87, -0.8000, -7.182
19.88, -0.8000, -7.027
19.89, -0.8000, -8.059
19.90, -0.8000, -6.318
19.91, -0.8000, -5.570
19.92, -0.8000, -6.742
19.93, -0.8000, -6.837
19.94, -0.8000, -7.231
19.95, -0.8000, -6.349
19.96, -0.8000, -7.787
19.97, -0.8000, -6.460
19.98, -0.8000, -6.557
19.99, -0.8000, -7.445
20.00, -0.8000, -7.331
20.01, -0.8000, -6.598
20.02, -0.8000, -8.351
20.03, -0.8000, -6.303
20.04, -0.8000, -6.836
20.05, -0.8000, -7.132
20.06, -0.8000, -6.172
20.07, -0.8000, -6.877
20.08, -0.8000, -8.225
20.09, -0.8000, -6.993
20.10, -0.8000, -7.986
20.11, -0.8000, -5.738
20.12, -0.8000, -6.696
20.13, -0.8000, -6.736
20.14, -0.8000, -6.168
20.15, -0.8000, -6.733
20.16, -0.8000, -6.124
20.17, -0.8000, -7.670
20.18, -0.8000, -6.645
20.19, -0.8000, -6.471
20.20, -0.8000, -7.591
20.21, -0.8000, -6.175
20.22, -0.8000, -8.201
20.23, -0.8000, -7.096
20.24, -0.8000, -7.876
20.25, -0.8000, -6.712
20.26, -0.8000, -7.550
20.27, -0.8000, -6.226
20.28, -0.8000, -7.423
20.29, -0.8000, -6.038
20.30, -0.8000, -6.749
20.31, -0.8000, -5.828
20.32, -0.8000, -6.689
20.33, -0.8000, -7.087
20.34, -0.8000, -6.875
20.35, -0.8000, -6.309
20.36, -0.8000, -7.212
20.37, -0.8000, -6.112
20.38, -0.8000, -6.584
20.39, -0.8000, -7.110
20.40, -0.8000, -6.699
20.41, -0.8000, -7.043
20.42, -0.8000, -5.861
20.43, -0.8000, -8.289
20.44, -0.8000, -7.569
20.45, -0.8000, -6.768
20.46, -0.8000, -7.542
20.47, -0.8000, -6.273
20.48, -0.8000, -6.852
20.49, -0.8000, -6.268
20.50, -0.8000, -6.722
20.51, -0.8000, -6.803
20.52, -0.8000, -7.363
20.53, -0.8000, -7.630
20.54, -0.8000, -7.515
20.55, -0.8000, -6.833
20.56, -0.8000, -5.945
20.57, -0.8000, -6.161
20.58, -0.8000, -6.480
20.59, -0.8000, -5.919
20.60, -0.8000, -5.842
20.61, -0.8000, -7.249
20.62, -0.8000, -7.609
20.63, -0.8000, -6.317
20.64, -0.8000, -6.334
20.65, -0.8000, -6.544
20.66, -0.8000, -6.933
20.67, -0.8000, -6.736
20.68, -0.8000, -6.102
20.69, -0.8000, -6.659
20.70, -0.8000, -6.490
20.71, -0.8000, -7.936
20.72, -0.8000, -5.647
20.73, -0.8000, -7.512
20.74, -0.8000, -8.203
20.75, -0.8000, -7.554
20.76, -0.8000, -8.551
20.77, -0.8000, -6.978
20.78, -0.8000, -7.288
20.79, -0.8000, -6.357
20.80, -0.8000, -6.587
20.81, -0.8000, -7.466
20.82, -0.8000, -7.404
20.83, -0.8000, -6.577
20.84, -0.8000, -7.044
20.85, -0.8000, -6.186
20.86, -0.8000, -8.148
20.87, -0.8000, -7.019
20.88, -0.8000, -8.753
20.89, -0.8000, -6.561
20.90, -0.8000, -6.483
20.91, -0.8000, -6.453
20.92, -0.8000, -6.828
20.93, -0.8000, -6.388
20.94, -0.8000, -6.898
20.95, -0.8000, -6.312
20.96, -0.8000, -6.718
20.97, -0.8000, -5.744
20.98, -0.8000, -7.535
20.99, -0.8000, -6.662
21.00, -0.8000, -7.664
21.01, -0.8000, -7.220
21.02, -0.8000, -7.540
21.03, -0.8000, -6.767
21.04, -0.8000, -6.844
21.05, -0.8000, -6.582
21.06, -0.8000, -7.537
21.07, -0.8000, -6.751
21.08, -0.8000, -6.757
21.09, -0.8000, -6.812
21.10, -0.8000, -7.380
21.11, -0.8000, -6.073
21.12, -0.8000, -7.100
21.13, -0.8000, -6.696
21.14, -0.8000, -7.811
21.15, -0.8000, -7.384
21.16, -0.8000, -6.217
21.17, -0.8000, -4.988
21.18, -0.8000, -6.511
21.19, -0.8000, -6.518
21.20, -0.8000, -7.552
21.21, -0.8000, -5.947
21.22, -0.8000, -6.490
21.23, -0.8000, -6.345
21.24, -0.8000, -7.431
21.25, -0.8000, -6.285
21.26, -0.8000, -6.038
21.27, -0.8000, -8.194
21.28, -0.8000, -7.052
21.29, -0.8000, -6.104
21.30, -0.8000, -6.317
21.31, -0.8000, -7.096
21.32, -0.8000, -7.987
21.33, -0.8000, -7.432
21.34, -0.8000, -7.269
21.35, -0.8000, -4.960
21.36, -0.8000, -6.912
21.37, -0.8000, -6.573
21.38, -0.8000, -6.564
21.39, -0.8000, -6.909
21.40, -0.8000, -5.820
21.41, -0.8000, -6.172
21.42, -0.8000, -6.243
21.43, -0.8000, -7.405
21.44, -0.8000, -8.322
21.45, -0.8000, -6.618
21.46, -0.8000, -5.941
21.47, -0.8000, -7.452
21.48, -0.8000, -8.381
21.49, -0.8000, -6.741
21.50, -0.8000, -6.655
21.51, -0.8000, -6.140
21.52, -0.8000, -6.259
21.53, -0.8000, -5.491
21.54, -0.8000, -7.096
21.55, -0.8000, -7.339
21.56, -0.8000, -5.994
21.57, -0.8000, -6.770
21.58, -0.8000, -7.595
21.59, -0.8000, -5.664
21.60, -0.8000, -6.156
21.61, -0.8000, -6.107
21.62, -0.8000, -6.909
21.63, -0.8000, -7.122
21.64, -0.8000, -7.024
21.65, -0.8000, -7.020
21.66, -0.8000, -6.904
21.67, -0.8000, -6.468
21.68, -0.8000, -6.664
21.69, -0.8000, -6.806
21.70, -0.8000, -6.455
21.71, -0.8000, -5.906
21.72, -0.8000, -6.579
21.73, -0.8000, -5.894
21.74, -0.8000, -5.668
21.75, -0.8000, -5.967
21.76, -0.8000, -7.329
21.77, -0.8000, -5.837
21.78, -0.8000, -6.044
21.79, -0.8000, -7.456
21.80, -0.8000, -7.325
21.81, -0.8000, -7.650
21.82, -0.8000, -6.609
21.83, -0.8000, -6.203
21.84, -0.8000, -6.932
21.85, -0.8000, -6.922
21.86, -0.8000, -6.333
21.87, -0.8000, -5.831
21.88, -0.8000, -6.027
21.89, -0.8000, -7.563
21.90, -0.8000, -5.559
21.91, -0.8000, -7.769
21.92, -0.8000, -7.750
21.93, -0.8000, -6.515
21.94, -0.8000, -8.297
21.95, -0.8000, -6.510
21.96, -0.8000, -7.093
21.97, -0.8000, -6.782
21.98, -0.8000, -7.654
21.99, -0.8000, -6.367
22.00, -0.8000, -6.051
22.01, -0.8000, -6.380
22.02, -0.8000, -6.967
22.03, -0.8000, -7.912
22.04, -0.8000, -6.272
22.05, -0.8000, -7.798
22.06, -0.8000, -6.871
22.07, -0.8000, -6.886
22.08, -0.8000, -6.627
22.09, -0.8000, -6.992
22.10, -0.8000, -6.290
22.11, -0.8000, -7.917
22.12, -0.8000, -6.363
22.13, -0.8000, -6.756
22.14, -0.8000, -7.753
22.15, -0.8000, -7.335
22.16, -0.8000, -7.245
22.17, -0.8000, -7.156
22.18, -0.8000, -7.092
22.19, -0.8000, -5.853
22.20, -0.8000, -6.239
22.21, -0.8000, -5.931
22.22, -0.8000, -6.216
22.23, -0.8000, -6.280
22.24, -0.8000, -7.277
22.25, -0.8000, -6.902
22.26, -0.8000, -6.577
22.27, -0.8000, -6.268
22.28, -0.8000, -5.642
22.29, -0.8000, -6.279
22.30, -0.8000, -6.288
22.31, -0.8000, -6.425
22.32, -0.8000, -7.415
22.33, -0.8000, -7.200
22.34, -0.8000, -7.204
22.35, -0.8000, -6.297
22.36, -0.8000, -5.812
22.37, -0.8000, -7.976
22.38, -0.8000, -6.765
22.39, -0.8000, -6.529
22.40, -0.8000, -7.608
22.41, -0.8000, -6.356
22.42, -0.8000, -6.359
22.43, -0.8000, -7.235
22.44, -0.8000, -7.016
22.45, -0.8000, -6.762
22.46, -0.8000, -7.270
22.47, -0.8000, -7.312
22.48, -0.8000, -7.448
22.49, -0.8000, -6.412
22.50, -0.8000, -6.755
22.51, -0.8000, -7.553
22.52, -0.8000, -7.376
22.53, -0.8000, -6.986
22.54, -0.8000, -7.143
22.55, -0.8000, -5.999
22.56, -0.8000, -6.401
22.57, -0.8000, -6.940
22.58, -0.8000, -7.491
22.59, -0.8000, -6.551
22.60, -0.8000, -7.679
22.61, -0.8000, -7.545
22.62, -0.8000, -6.493
22.63, -0.8000, -6.683
22.64, -0.8000, -7.447
22.65, -0.8000, -6.209
22.66, -0.8000, -5.956
22.67, -0.8000, -5.960
22.68, -0.8000, -8.146
22.69, -0.8000, -7.658
22.70, -0.8000, -7.402
22.71, -0.8000, -6.796
22.72, -0.8000, -7.874
22.73, -0.8000, -7.353
22.74, -0.8000, -6.439
22.75, -0.8000, -5.626
22.76, -0.8000, -6.657
22.77, -0.8000, -6.000
22.78, -0.8000, -7.294
22.79, -0.8000, -6.120
22.80, -0.8000, -7.714
22.81, -0.8000, -6.648
22.82, -0.8000, -7.846
22.83, -0.8000, -7.536
22.84, -0.8000, -7.431
22.85, -0.8000, -6.451
22.86, -0.8000, -7.980
22.87, -0.8000, -6.598
22.88, -0.8000, -6.576
22.89, -0.8000, -6.233
22.90, -0.8000, -6.543
22.91, -0.8000, -6.726
22.92, -0.8000, -6.290
22.93, -0.8000, -6.192
22.94, -0.8000, -6.756
22.95, -0.8000, -6.957
22.96, -0.8000, -6.313
22.97, -0.8000, -6.183
22.98, -0.8000, -8.138
22.99, -0.8000, -6.749
23.00, -0.8000, -7.181
23.01, -0.8000, -6.353
23.02, -0.8000, -8.015
23.03, -0.8000, -6.905
23.04, -0.8000, -7.916
23.05, -0.8000, -7.486
23.06, -0.8000, -7.910
23.07, -0.8000, -7.519
23.08, -0.8000, -5.400
23.09, -0.8000, -7.974
23.10, -0.8000, -6.438
23.11, -0.8000, -7.451
23.12, -0.8000, -7.922
23.13, -0.8000, -6.618
23.14, -0.8000, -7.471
23.15, -0.8000, -6.899
23.16, -0.8000, -5.729
23.17, -0.8000, -6.530
23.18, -0.8000, -6.437
23.19, -0.8000, -5.733
23.20, -0.8000, -7.841
23.21, -0.8000, -7.157
23.22, -0.8000, -7.377
23.23, -0.8000, -7.037
23.24, -0.8000, -6.233
23.25, -0.8000, -6.216
23.26, -0.8000, -7.128
23.27, -0.8000, -6.917
23.28, -0.8000, -6.767
23.29, -0.8000, -6.353
23.30, -0.8000, -6.245
23.31, -0.8000, -7.213
23.32, -0.8000, -6.808
23.33, -0.8000, -6.421
23.34, -0.8000, -7.721
23.35, -0.8000, -6.455
23.36, -0.8000, -6.571
23.37, -0.8000, -6.287
23.38, -0.8000, -7.142
23.39, -0.8000, -6.739
23.40, -0.8000, -6.600
23.41, -0.8000, -6.913
23.42, -0.8000, -7.907
23.43, -0.8000, -6.774
23.44, -0.8000, -6.289
23.45, -0.8000, -6.909
23.46, -0.8000, -5.924
23.47, -0.8000, -6.875
23.48, -0.8000, -5.881
23.49, -0.8000, -6.897
23.50, -0.8000, -6.516
23.51, -0.8000, -6.913
23.52, -0.8000, -6.723
23.53, -0.8000, -6.232
23.54, -0.8000, -7.008
23.55, -0.8000, -5.525
23.56, -0.8000, -7.146
23.57, -0.8000, -7.391
23.58, -0.8000, -7.137
23.59, -0.8000, -7.074
23.60, -0.8000, -7.527
23.61, -0.8000, -5.913
23.62, -0.8000, -5.585
23.63, -0.8000, -7.650
23.64, -0.8000, -7.513
23.65, -0.8000, -5.796
23.66, -0.8000, -8.126
23.67, -0.8000, -7.012
23.68, -0.8000, -6.300
23.69, -0.8000, -7.205
23.70, -0.8000, -6.331
23.71, -0.8000, -6.477
23.72, -0.8000, -6.221
23.73, -0.8000, -7.041
23.74, -0.8000, -7.895
23.75, -0.8000, -7.275
23.76, -0.8000, -7.144
23.77, -0.8000, -6.726
23.78, -0.8000, -5.875
23.79, -0.8000, -7.184
23.80, -0.8000, -7.096
23.81, -0.8000, -7.099
23.82, -0.8000, -6.768
23.83, -0.8000, -5.841
23.84, -0.8000, -6.583
23.85, -0.8000, -7.148
23.86, -0.8000, -6.308
23.87, -0.8000, -7.284
23.88, -0.8000, -5.927
23.89, -0.8000, -7.254
23.90, -0.8000, -7.651
23.91, -0.8000, -5.609
23.92, -0.8000, -7.822
23.93, -0.8000, -7.353
23.94, -0.8000, -7.162
23.95, -0.8000, -6.363
23.96, -0.8000, -6.919
23.97, -0.8000, -6.248
23.98, -0.8000, -6.767
23.99, -0.8000, -6.193
24.00, -0.8000, -6.732
24.01, -0.8000, -6.823
24.02, -0.8000, -6.901
24.03, -0.8000, -7.638
24.04, -0.8000, -5.685
24.05, -0.8000, -5.595
24.06, -0.8000, -6.245
24.07, -0.8000, -7.823
24.08, -0.8000, -6.813
24.09, -0.8000, -6.844
24.10, -0.8000, -5.742
24.11, -0.8000, -6.946
24.12, -0.8000, -7.746
24.13, -0.8000, -6.720
24.14, -0.8000, -6.905
24.15, -0.8000, -6.712
24.16, -0.8000, -6.390
24.17, -0.8000, -7.280
24.18, -0.8000, -6.509
24.19, -0.8000, -7.479
24.20, -0.8000, -6.984
24.21, -0.8000, -7.354
24.22, -0.8000, -5.670
24.23, -0.8000, -7.380
24.24, -0.8000, -6.139
24.25, -0.8000, -6.793
24.26, -0.8000, -6.110
24.27, -0.8000, -7.008
24.28, -0.8000, -6.679
24.29, -0.8000, -6.851
24.30, -0.8000, -7.202
24.31, -0.8000, -7.510
24.32, -0.8000, -6.454
24.33, -0.8000, -6.538
24.34, -0.8000, -6.603
24.35, -0.8000, -6.875
24.36, -0.8000, -7.116
24.37, -0.8000, -6.205
24.38, -0.8000, -5.714
24.39, -0.8000, -7.853
24.40, -0.8000, -6.661
24.41, -0.8000, -6.198
24.42, -0.8000, -7.394
24.43, -0.8000, -6.909
24.44, -0.8000, -7.135
24.45, -0.8000, -8.153
24.46, -0.8000, -5.505
24.47, -0.8000, -6.017
24.48, -0.8000, -8.246
24.49, -0.8000, -6.746
24.50, -0.8000, -6.874
24.51, -0.8000, -7.336
24.52, -0.8000, -7.253
24.53, -0.8000, -7.347
24.54, -0.8000, -6.408
24.55, -0.8000, -7.070
24.56, -0.8000, -5.098
24.57, -0.8000, -5.945
24.58, -0.8000, -7.133
24.59, -0.8000, -6.746
24.60, -0.8000, -6.200
24.61, -0.8000, -6.255
24.62, -0.8000, -6.629
24.63, -0.8000, -6.033
24.64, -0.8000, -8.539
24.65, -0.8000, -5.774
24.66, -0.8000, -6.120
24.67, -0.8000, -5.768
24.68, -0.8000, -6.480
24.69, -0.8000, -5.894
24.70, -0.8000, -6.935
24.71, -0.8000, -5.920
24.72, -0.8000, -7.607
24.73, -0.8000, -5.665
24.74, -0.8000, -6.558
24.75, -0.8000, -7.062
24.76, -0.8000, -6.392
24.77, -0.8000, -7.078
24.78, -0.8000, -6.299
24.79, -0.8000, -6.385
24.80, -0.8000, -7.250
24.81, -0.8000, -6.169
24.82, -0.8000, -6.923
24.83, -0.8000, -6.538
24.84, -0.8000, -7.182
24.85, -0.8000, -6.518
24.86, -0.8000, -7.270
24.87, -0.8000, -5.460
24.88, -0.8000, -7.266
24.89, -0.8000, -5.534
24.90, -0.8000, -7.068
24.91, -0.8000, -6.409
24.92, -0.8000, -7.045
24.93, -0.8000, -5.970
24.94, -0.8000, -6.012
24.95, -0.8000, -6.323
24.96, -0.8000, -7.221
24.97, -0.8000, -7.612
24.98, -0.8000, -7.407
24.99, -0.8000, -7.215
25.00, -0.8000, -6.338
25.01, -0.8000, -6.833
25.02, -0.8000, -6.124
25.03, -0.8000, -5.702
25.04, -0.8000, -6.926
25.05, -0.8000, -6.898
25.06, -0.8000, -6.364
25.07, -0.8000, -6.566
25.08, -0.8000, -6.296
25.09, -0.8000, -6.266
25.10, -0.8000, -5.656
25.11, -0.8000, -7.481
25.12, -0.8000, -6.172
25.13, -0.8000, -7.426
25.14, -0.8000, -6.780
25.15, -0.8000, -6.394
25.16, -0.8000, -6.806
25.17, -0.8000, -6.639
25.18, -0.8000, -5.796
25.19, -0.8000, -6.949
25.20, -0.8000, -6.254
25.21, -0.8000, -7.162
25.22, -0.8000, -7.806
25.23, -0.8000, -5.861
25.24, -0.8000, -7.283
25.25, -0.8000, -6.364
25.26, -0.8000, -7.099
25.27, -0.8000, -5.615
25.28, -0.8000, -5.886
25.29, -0.8000, -6.841
25.30, -0.8000, -6.145
25.31, -0.8000, -6.477
25.32, -0.8000, -7.769
25.33, -0.8000, -7.895
25.34, -0.8000, -6.301
25.35, -0.8000, -7.730
25.36, -0.8000, -6.860
25.37, -0.8000, -5.664
25.38, -0.8000, -6.065
25.39, -0.8000, -6.855
25.40, -0.8000, -7.970
25.41, -0.8000, -7.585
25.42, -0.8000, -5.654
25.43, -0.8000, -7.848
25.44, -0.8000, -5.765
25.45, -0.8000, -6.577
25.46, -0.8000, -5.443
25.47, -0.8000, -6.227
25.48, -0.8000, -6.744
25.49, -0.8000, -7.180
25.50, -0.8000, -5.725
25.51, -0.8000, -6.389
25.52, -0.8000, -6.838
25.53, -0.8000, -7.529
25.54, -0.8000, -5.543
25.55, -0.8000, -6.358
25.56, -0.8000, -5.723
25.57, -0.8000, -6.085
25.58, -0.8000, -7.523
25.59, -0.8000, -5.942
25.60, -0.8000, -6.346
25.61, -0.8000, -6.135
25.62, -0.8000, -7.737
25.63, -0.8000, -7.488
25.64, -0.8000, -7.907
25.65, -0.8000, -7.195
25.66, -0.8000, -7.375
25.67, -0.8000, -6.352
25.68, -0.8000, -6.973
25.69, -0.8000, -7.044
25.70, -0.8000, -7.180
25.71, -0.8000, -5.982
25.72, -0.8000, -6.776
25.73, -0.8000, -6.873
25.74, -0.8000, -6.333
25.75, -0.8000, -6.030
25.76, -0.8000, -6.991
25.77, -0.8000, -7.060
25.78, -0.8000, -7.249
25.79, -0.8000, -6.692
25.80, -0.8000, -5.611
25.81, -0.8000, -6.915
25.82, -0.8000, -6.162
25.83, -0.8000, -7.595
25.84, -0.8000, -6.158
25.85, -0.8000, -7.700
25.86, -0.8000, -5.535
25.87, -0.8000, -6.139
25.88, -0.8000, -6.362
25.89, -0.8000, -5.581
25.90, -0.8000, -6.074
25.91, -0.8000, -6.109
25.92, -0.8000, -6.289
25.93, -0.8000, -7.831
25.94, -0.8000, -6.662
25.95, -0.8000, -6.871
25.96, -0.8000, -7.059
25.97, -0.8000, -7.206
25.98, -0.8000, -6.789
25.99, -0.8000, -5.661
26.00, -0.8000, -6.324
26.01, -0.8000, -6.779
26.02, -0.8000, -5.977
26.03, -0.8000, -6.323
26.04, -0.8000, -5.916
26.05, -0.8000, -6.176
26.06, -0.8000, -5.901
26.07, -0.8000, -6.494
26.08, -0.8000, -6.257
26.09, -0.8000, -7.098
26.10, -0.8000, -5.793
26.11, -0.8000, -6.104
26.12, -0.8000, -6.455
26.13, -0.8000, -7.185
26.14, -0.8000, -6.684
26.15, -0.8000, -7.000
26.16, -0.8000, -6.635
26.17, -0.8000, -6.760
26.18, -0.8000, -5.481
26.19, -0.8000, -6.019
26.20, -0.8000, -7.825
26.21, -0.8000, -7.187
26.22, -0.8000, -6.991
26.23, -0.8000, -7.615
26.24, -0.8000, -6.623
26.25, -0.8000, -5.624
26.26, -0.8000, -7.809
26.27, -0.8000, -7.438
26.28, -0.8000, -7.082
26.29, -0.8000, -8.416
26.30, -0.8000, -6.689
26.31, -0.8000, -7.220
26.32, -0.8000, -6.982
26.33, -0.8000, -8.151
26.34, -0.8000, -7.427
26.35, -0.8000, -7.421
26.36, -0.8000, -5.523
26.37, -0.8000, -7.223
26.38, -0.8000, -7.401
26.39, -0.8000, -6.504
26.40, -0.8000, -6.291
26.41, -0.8000, -6.511
26.42, -0.8000, -7.194
26.43, -0.8000, -6.253
26.44, -0.8000, -6.837
26.45, -0.8000, -7.010
26.46, -0.8000, -6.423
26.47, -0.8000, -7.069
26.48, -0.8000, -5.648
26.49, -0.8000, -5.774
26.50, -0.8000, -6.752
26.51, -0.8000, -6.349
26.52, -0.8000, -5.656
26.53, -0.8000, -7.673
26.54, -0.8000, -5.926
26.55, -0.8000, -5.009
26.56, -0.8000, -6.406
26.57, -0.8000, -6.082
26.58, -0.8000, -6.154
26.59, -0.8000, -7.506
26.60, -0.8000, -7.816
26.61, -0.8000, -7.231
26.62, -0.8000, -6.316
26.63, -0.8000, -6.266
26.64, -0.8000, -6.375
26.65, -0.8000, -6.259
26.66, -0.8000, -6.558
26.67, -0.8000, -5.686
26.68, -0.8000, -6.763
26.69, -0.8000, -5.221
26.70, -0.8000, -5.464
26.71, -0.8000, -6.055
26.72, -0.8000, -5.439
26.73, -0.8000, -5.979
26.74, -0.8000, -7.789
26.75, -0.8000, -6.349
26.76, -0.8000, -6.914
26.77, -0.8000, -6.659
26.78, -0.8000, -6.939
26.79, -0.8000, -5.632
26.80, -0.8000, -5.924
26.81, -0.8000, -7.326
26.82, -0.8000, -6.324
26.83, -0.8000, -5.889
26.84, -0.8000, -6.609
26.85, -0.8000, -5.886
26.86, -0.8000, -6.390
26.87, -0.8000, -7.003
26.88, -0.8000, -6.503
26.89, -0.8000, -6.195
26.90, -0.8000, -5.992
26.91, -0.8000, -7.232
26.92, -0.8000, -6.617
26.93, -0.8000, -7.105
26.94, -0.8000, -7.059
26.95, -0.8000, -6.083
26.96, -0.8000, -5.415
26.97, -0.8000, -6.717
26.98, -0.8000, -5.906
26.99, -0.8000, -6.678
27.00, -0.8000, -6.180
27.01, -0.8000, -5.351
27.02, -0.8000, -6.811
27.03, -0.8000, -6.769
27.04, -0.8000, -6.102
27.05, -0.8000, -6.768
27.06, -0.8000, -5.937
27.07, -0.8000, -6.302
27.08, -0.8000, -8.183
27.09, -0.8000, -6.627
27.10, -0.8000, -7.064
27.11, -0.8000, -5.574
27.12, -0.8000, -6.568
27.13, -0.8000, -6.407
27.14, -0.8000, -7.578
27.15, -0.8000, -6.123
27.16, -0.8000, -6.684
27.17, -0.8000, -6.176
27.18, -0.8000, -5.787
27.19, -0.8000, -5.458
27.20, -0.8000, -7.167
27.21, -0.8000, -6.697
27.22, -0.8000, -5.965
27.23, -0.8000, -5.556
27.24, -0.8000, -7.708
27.25, -0.8000, -6.762
27.26, -0.8000, -6.781
27.27, -0.8000, -6.777
27.28, -0.8000, -6.086
27.29, -0.8000, -5.761
27.30, -0.8000, -7.262
27.31, -0.8000, -5.320
27.32, -0.8000, -6.023
27.33, -0.8000, -5.967
27.34, -0.8000, -8.198
27.35, -0.8000, -6.409
27.36, -0.8000, -5.505
27.37, -0.8000, -5.579
27.38, -0.8000, -5.944
27.39, -0.8000, -6.549
27.40, -0.8000, -7.338
27.41, -0.8000, -6.148
27.42, -0.8000, -5.794
27.43, -0.8000, -6.128
27.44, -0.8000, -8.014
27.45, -0.8000, -5.946
27.46, -0.8000, -5.971
27.47, -0.8000, -6.266
27.48, -0.8000, -6.986
27.49, -0.8000, -6.546
27.50, -0.8000, -6.791
27.51, -0.8000, -5.155
27.52, -0.8000, -7.278
27.53, -0.8000, -5.386
27.54, -0.8000, -6.712
27.55, -0.8000, -7.225
27.56, -0.8000, -6.832
27.57, -0.8000, -7.113
27.58, -0.8000, -6.953
27.59, -0.8000, -5.554
27.60, -0.8000, -6.609
27.61, -0.8000, -6.425
27.62, -0.8000, -7.002
27.63, -0.8000, -6.579
27.64, -0.8000, -6.076
27.65, -0.8000, -5.901
27.66, -0.8000, -7.368
27.67, -0.8000, -7.642
27.68, -0.8000, -6.606
27.69, -0.8000, -5.545
27.70, -0.8000, -7.119
27.71, -0.8000, -6.334
27.72, -0.8000, -6.719
27.73, -0.8000, -5.525
27.74, -0.8000, -6.128
27.75, -0.8000, -7.353
27.76, -0.8000, -7.054
27.77, -0.8000, -6.431
27.78, -0.8000, -5.628
27.79, -0.8000, -4.439
27.80, -0.8000, -6.187
27.81, -0.8000, -6.978
27.82, -0.8000, -6.550
27.83, -0.8000, -6.207
27.84, -0.8000, -6.476
27.85, -0.8000, -5.408
27.86, -0.8000, -6.280
27.87, -0.8000, -5.631
27.88, -0.8000, -7.239
27.89, -0.8000, -5.584
27.90, -0.8000, -5.985
27.91, -0.8000, -5.025
27.92, -0.8000, -7.412
27.93, -0.8000, -7.164
27.94, -0.8000, -6.407
27.95, -0.8000, -7.033
27.96, -0.8000, -7.535
27.97, -0.8000, -5.873
27.98, -0.8000, -7.237
27.99, -0.8000, -6.213
28.00, -0.8000, -8.002
28.01, -0.8000, -5.454
28.02, -0.8000, -6.324
28.03, -0.8000, -6.209
28.04, -0.8000, -7.328
28.05, -0.8000, -7.170
28.06, -0.8000, -7.502
28.07, -0.8000, -5.406
28.08, -0.8000, -5.813
28.09, -0.8000, -6.295
28.10, -0.8000, -5.702
28.11, -0.8000, -6.444
28.12, -0.8000, -6.800
28.13, -0.8000, -6.314
28.14, -0.8000, -5.060
28.15, -0.8000, -5.497
28.16, -0.8000, -7.638
28.17, -0.8000, -6.844
28.18, -0.8000, -6.805
28.19, -0.8000, -6.386
28.20, -0.8000, -7.269
28.21, -0.8000, -5.764
28.22, -0.8000, -6.956
28.23, -0.8000, -6.257
28.24, -0.8000, -7.384
28.25, -0.8000, -7.732
28.26, -0.8000, -6.447
28.27, -0.8000, -7.157
28.28, -0.8000, -5.231
28.29, -0.8000, -7.068
28.30, -0.8000, -5.224
28.31, -0.8000, -6.719
28.32, -0.8000, -7.495
28.33, -0.8000, -6.250
28.34, -0.8000, -6.694
28.35, -0.8000, -5.955
28.36, -0.8000, -5.739
28.37, -0.8000, -8.097
28.38, -0.8000, -5.362
28.39, -0.8000, -6.611
28.40, -0.8000, -6.434
28.41, -0.8000, -7.034
28.42, -0.8000, -6.606
28.43, -0.8000, -6.977
28.44, -0.8000, -5.810
28.45, -0.8000, -6.273
28.46, -0.8000, -7.486
28.47, -0.8000, -7.052
28.48, -0.8000, -7.686
28.49, -0.8000, -5.693
28.50, -0.8000, -6.258
28.51, -0.8000, -5.638
28.52, -0.8000, -5.492
28.53, -0.8000, -6.419
28.54, -0.8000, -5.853
28.55, -0.8000, -5.940
28.56, -0.8000, -7.289
28.57, -0.8000, -6.184
28.58, -0.8000, -6.665
28.59, -0.8000, -7.338
28.60, -0.8000, -7.497
28.61, -0.8000, -5.722
28.62, -0.8000, -5.253
28.63, -0.8000, -7.029
28.64, -0.8000, -6.747
28.65, -0.8000, -6.490
28.66, -0.8000, -5.756
28.67, -0.8000, -5.362
28.68, -0.8000, -6.263
28.69, -0.8000, -7.315
28.70, -0.8000, -6.286
28.71, -0.8000, -6.471
28.72, -0.8000, -5.993
28.73, -0.8000, -6.913
28.74, -0.8000, -7.850
28.75, -0.8000, -6.403
28.76, -0.8000, -6.913
28.77, -0.8000, -4.862
28.78, -0.8000, -5.577
28.79, -0.8000, -5.388
28.80, -0.8000, -5.325
28.81, -0.8000, -5.163
28.82, -0.8000, -6.365
28.83, -0.8000, -6.558
28.84, -0.8000, -5.484
28.85, -0.8000, -6.122
28.86, -0.8000, -5.622
28.87, -0.8000, -6.253
28.88, -0.8000, -6.226
28.89, -0.8000, -6.342
28.90, -0.8000, -6.355
28.91, -0.8000, -6.597
28.92, -0.8000, -6.816
28.93, -0.8000, -6.761
28.94, -0.8000, -6.050
28.95, -0.8000, -6.609
28.96, -0.8000, -5.536
28.97, -0.8000, -6.482
28.98, -0.8000, -6.613
28.99, -0.8000, -7.410
29.00, -0.8000, -6.340
29.01, -0.8000, -6.678
29.02, -0.8000, -5.726
29.03, -0.8000, -7.708
29.04, -0.8000, -7.395
29.05, -0.8000, -5.804
29.06, -0.8000, -5.297
29.07, -0.8000, -4.707
29.08, -0.8000, -5.684
29.09, -0.8000, -5.665
29.10, -0.8000, -5.234
29.11, -0.8000, -5.350
29.12, -0.8000, -5.464
29.13, -0.8000, -5.761
29.14, -0.8000, -5.909
29.15, -0.8000, -7.463
29.16, -0.8000, -5.526
29.17, -0.8000, -6.739
29.18, -0.8000, -6.389
29.19, -0.8000, -6.554
29.20, -0.8000, -5.760
29.21, -0.8000, -5.744
29.22, -0.8000, -6.635
29.23, -0.8000, -7.040
29.24, -0.8000, -5.378
29.25, -0.8000, -7.486
29.26, -0.8000, -6.187
29.27, -0.8000, -6.643
29.28, -0.8000, -6.413
29.29, -0.8000, -8.080
29.30, -0.8000, -6.521
29.31, -0.8000, -7.068
29.32, -0.8000, -6.509
29.33, -0.8000, -6.355
29.34, -0.8000, -5.887
29.35, -0.8000, -5.951
29.36, -0.8000, -6.571
29.37, -0.8000, -6.561
29.38, -0.8000, -6.672
29.39, -0.8000, -5.720
29.40, -0.8000, -5.688
29.41, -0.8000, -5.649
29.42, -0.8000, -6.873
29.43, -0.8000, -6.412
29.44, -0.8000, -5.847
29.45, -0.8000, -5.970
29.46, -0.8000, -6.284
29.47, -0.8000, -6.308
29.48, -0.8000, -6.292
29.49, -0.8000, -6.062
29.50, -0.8000, -5.532
29.51, -0.8000, -6.312
29.52, -0.8000, -5.475
29.53, -0.8000, -5.826
29.54, -0.8000, -6.181
29.55, -0.8000, -7.174
29.56, -0.8000, -5.563
29.57, -0.8000, -6.016
29.58, -0.8000, -6.180
29.59, -0.8000, -6.732
29.60, -0.8000, -6.133
29.61, -0.8000, -6.755
29.62, -0.8000, -7.719
29.63, -0.8000, -6.637
29.64, -0.8000, -5.836
29.65, -0.8000, -8.005
29.66, -0.8000, -6.006
29.67, -0.8000, -5.566
29.68, -0.8000, -5.346
29.69, -0.8000, -7.306
29.70, -0.8000, -7.336
29.71, -0.8000, -5.689
29.72, -0.8000, -6.877
29.73, -0.8000, -7.029
29.74, -0.8000, -6.309
29.75, -0.8000, -7.077
29.76, -0.8000, -5.942
29.77, -0.8000, -7.185
29.78, -0.8000, -5.836
29.79, -0.8000, -6.967
29.80, -0.8000, -6.245
29.81, -0.8000, -5.505
29.82, -0.8000, -5.510
29.83, -0.8000, -7.113
29.84, -0.8000, -7.409
29.85, -0.8000, -7.827
29.86, -0.8000, -6.679
29.87, -0.8000, -5.262
29.88, -0.8000, -5.461
29.89, -0.8000, -6.819
29.90, -0.8000, -6.956
29.91, -0.8000, -5.786
29.92, -0.8000, -5.652
29.93, -0.8000, -6.233
29.94, -0.8000, -5.995
29.95, -0.8000, -6.440
29.96, -0.8000, -6.040
29.97, -0.8000, -5.829
29.98, -0.8000, -5.552
29.99, -0.8000, -6.444
30.00, -0.8000, -5.953
30.01, -0.8000, -5.686
30.02, -0.8000, -5.988
30.03, -0.8000, -6.522
30.04, -0.8000, -6.006
30.05, -0.8000, -6.498
30.06, -0.8000, -7.120
30.07, -0.8000, -7.022
30.08, -0.8000, -5.890
30.09, -0.8000, -7.331
30.10, -0.8000, -5.345
30.11, -0.8000, -5.757
30.12, -0.8000, -6.633
30.13, -0.8000, -6.801
30.14, -0.8000, -6.161
30.15, -0.8000, -6.173
30.16, -0.8000, -5.669
30.17, -0.8000, -6.138
30.18, -0.8000, -6.811
30.19, -0.8000, -5.393
30.20, -0.8000, -6.870
30.21, -0.8000, -6.017
30.22, -0.8000, -6.068
30.23, -0.8000, -5.960
30.24, -0.8000, -7.010
30.25, -0.8000, -7.014
30.26, -0.8000, -6.439
30.27, -0.8000, -7.263
30.28, -0.8000, -5.785
30.29, -0.8000, -5.659
30.30, -0.8000, -6.244
30.31, -0.8000, -5.147
30.32, -0.8000, -5.847
30.33, -0.8000, -6.062
30.34, -0.8000, -6.353
30.35, -0.8000, -6.802
30.36, -0.8000, -5.501
30.37, -0.8000, -6.594
30.38, -0.8000, -6.458
30.39, -0.8000, -6.883
30.40, -0.8000, -5.716
30.41, -0.8000, -7.267
30.42, -0.8000, -5.718
30.43, -0.8000, -6.563
30.44, -0.8000, -7.003
30.45, -0.8000, -6.004
30.46, -0.8000, -5.864
30.47, -0.8000, -7.104
30.48, -0.8000, -6.430
30.49, -0.8000, -6.446
30.50, -0.8000, -5.694
30.51, -0.8000, -7.339
30.52, -0.8000, -5.660
30.53, -0.8000, -6.131
30.54, -0.8000, -7.572
30.55, -0.8000, -6.083
30.56, -0.8000, -5.217
30.57, -0.8000, -6.284
30.58, -0.8000, -6.994
30.59, -0.8000, -5.954
30.60, -0.8000, -5.393
30.61, -0.8000, -8.299
30.62, -0.8000, -6.153
30.63, -0.8000, -5.814
30.64, -0.8000, -6.337
30.65, -0.8000, -6.251
30.66, -0.8000, -6.014
30.67, -0.8000, -7.374
30.68, -0.8000, -6.059
30.69, -0.8000, -6.045
30.70, -0.8000, -5.980
30.71, -0.8000, -7.992
30.72, -0.8000, -6.083
30.73, -0.8000, -6.186
30.74, -0.8000, -6.019
30.75, -0.8000, -6.288
30.76, -0.8000, -5.583
30.77, -0.8000, -5.758
30.78, -0.8000, -5.747
30.79, -0.8000, -5.517
30.80, -0.8000, -5.950
30.81, -0.8000, -5.828
30.82, -0.8000, -7.854
30.83, -0.8000, -6.099
30.84, -0.8000, -7.299
30.85, -0.8000, -7.085
30.86, -0.8000, -6.152
30.87, -0.8000, -4.399
30.88, -0.8000, -7.170
30.89, -0.8000, -6.212
30.90, -0.8000, -6.906
30.91, -0.8000, -6.541
30.92, -0.8000, -6.008
30.93, -0.8000, -6.528
30.94, -0.8000, -5.977
30.95, -0.8000, -5.692
30.96, -0.8000, -6.896
30.97, -0.8000, -4.738
30.98, -0.8000, -6.138
30.99, -0.8000, -6.278
31.00, -0.8000, -5.788
31.01, -0.8000, -6.538
31.02, -0.8000, -6.810
31.03, -0.8000, -7.199
31.04, -0.8000, -6.182
31.05, -0.8000, -7.575
31.06, -0.8000, -5.167
31.07, -0.8000, -5.402
31.08, -0.8000, -5.951
31.09, -0.8000, -6.243
31.10, -0.8000, -5.440
31.11, -0.8000, -5.994
31.12, -0.8000, -7.598
31.13, -0.8000, -6.516
31.14, -0.8000, -5.328
31.15, -0.8000, -6.416
31.16, -0.8000, -7.557
31.17, -0.8000, -7.015
31.18, -0.8000, -6.520
31.19, -0.8000, -7.347
31.20, -0.8000, -6.180
31.21, -0.8000, -5.978
31.22, -0.8000, -7.310
31.23, -0.8000, -6.752
31.24, -0.8000, -6.913
31.25, -0.8000, -6.805
31.26, -0.8000, -6.766
31.27, -0.8000, -5.869
31.28, -0.8000, -6.809
31.29, -0.8000, -6.123
31.30, -0.8000, -5.991
31.31, -0.8000, -6.281
31.32, -0.8000, -6.898
31.33, -0.8000, -6.484
31.34, -0.8000, -6.384
31.35, -0.8000, -6.999
31.36, -0.8000, -5.780
31.37, -0.8000, -6.154
31.38, -0.8000, -5.619
31.39, -0.8000, -6.304
31.40, -0.8000, -8.080
31.41, -0.8000, -7.598
31.42, -0.8000, -5.893
31.43, -0.8000, -6.602
31.44, -0.8000, -6.238
31.45, -0.8000, -5.372
31.46, -0.8000, -5.486
31.47, -0.8000, -7.011
31.48, -0.8000, -5.252
31.49, -0.8000, -5.802
31.50, -0.8000, -6.485
31.51, -0.8000, -5.570
31.52, -0.8000, -6.406
31.53, -0.8000, -5.577
31.54, -0.8000, -5.359
31.55, -0.8000, -4.771
31.56, -0.8000, -5.324
31.57, -0.8000, -6.438
31.58, -0.8000, -5.415
31.59, -0.8000, -5.130
31.60, -0.8000, -7.090
31.61, -0.8000, -5.638
31.62, -0.8000, -6.353
31.63, -0.8000, -6.240
31.64, -0.8000, -6.752
31.65, -0.8000, -7.866
31.66, -0.8000, -5.990
31.67, -0.8000, -6.310
31.68, -0.8000, -6.748
31.69, -0.8000, -6.710
31.70, -0.8000, -6.487
31.71, -0.8000, -7.431
31.72, -0.8000, -6.368
31.73, -0.8000, -6.864
31.74, -0.8000, -6.155
31.75, -0.8000, -5.687
31.76, -0.8000, -5.045
31.77, -0.8000, -7.834
31.78, -0.8000, -5.820
31.79, -0.8000, -7.025
31.80, -0.8000, -5.107
31.81, -0.8000, -6.490
31.82, -0.8000, -5.242
31.83, -0.8000, -7.082
31.84, -0.8000, -6.311
31.85, -0.8000, -5.312
31.86, -0.8000, -6.339
31.87, -0.8000, -5.729
31.88, -0.8000, -5.343
31.89, -0.8000, -6.635
31.90, -0.8000, -5.306
31.91, -0.8000, -5.681
31.92, -0.8000, -5.394
31.93, -0.8000, -5.929
31.94, -0.8000, -6.624
31.95, -0.8000, -7.559
31.96, -0.8000, -7.001
31.97, -0.8000, -5.755
31.98, -0.8000, -6.779
31.99, -0.8000, -5.765
32.00, -0.8000, -5.979
32.01, -0.8000, -6.381
32.02, -0.8000, -6.579
32.03, -0.8000, -5.939
32.04, -0.8000, -6.005
32.05, -0.8000, -6.770
32.06, -0.8000, -7.590
32.07, -0.8000, -6.258
32.08, -0.8000, -5.373
32.09, -0.8000, -5.595
32.10, -0.8000, -5.141
32.11, -0.8000, -6.660
32.12, -0.8000, -6.683
32.13, -0.8000, -6.646
32.14, -0.8000, -7.120
32.15, -0.8000, -5.820
32.16, -0.8000, -5.418
32.17, -0.8000, -4.921
32.18, -0.8000, -6.334
32.19, -0.8000, -6.620
32.20, -0.8000, -5.283
32.21, -0.8000, -6.862
32.22, -0.8000, -5.729
32.23, -0.8000, -6.850
32.24, -0.8000, -5.376
32.25, -0.8000, -5.123
32.26, -0.8000, -6.236
32.27, -0.8000, -5.335
32.28, -0.8000, -5.114
32.29, -0.8000, -5.639
32.30, -0.8000, -6.449
32.31, -0.8000, -6.826
32.32, -0.8000, -5.247
32.33, -0.8000, -7.221
32.34, -0.8000, -6.592
32.35, -0.8000, -5.312
32.36, -0.8000, -5.279
32.37, -0.8000, -6.523
32.38, -0.8000, -5.961
32.39, -0.8000, -5.557
32.40, -0.8000, -5.188
32.41, -0.8000, -5.267
32.42, -0.8000, -6.098
32.43, -0.8000, -6.132
32.44, -0.8000, -6.729
32.45, -0.8000, -5.494
32.46, -0.8000, -6.133
32.47, -0.8000, -5.951
32.48, -0.8000, -6.062
32.49, -0.8000, -6.647
32.50, -0.8000, -6.268
32.51, -0.8000, -7.619
32.52, -0.8000, -6.163
32.53, -0.8000, -5.961
32.54, -0.8000, -5.655
32.55, -0.8000, -6.704
32.56, -0.8000, -6.787
32.57, -0.8000, -5.375
32.58, -0.8000, -5.851
32.59, -0.8000, -6.574
32.60, -0.8000, -6.627
32.61, -0.8000, -6.029
32.62, -0.8000, -5.273
32.63, -0.8000, -6.117
32.64, -0.8000, -7.743
32.65, -0.8000, -5.164
32.66, -0.8000, -7.752
32.67, -0.8000, -5.794
32.68, -0.8000, -5.235
32.69, -0.8000, -5.357
32.70, -0.8000, -5.423
32.71, -0.8000, -7.812
32.72, -0.8000, -5.812
32.73, -0.8000, -7.030
32.74, -0.8000, -5.181
32.75, -0.8000, -6.557
32.76, -0.8000, -5.511
32.77, -0.8000, -5.546
32.78, -0.8000, -7.325
32.79, -0.8000, -5.566
32.80, -0.8000, -5.836
32.81, -0.8000, -4.919
32.82, -0.8000, -5.531
32.83, -0.8000, -6.937
32.84, -0.8000, -5.777
32.85, -0.8000, -7.044
32.86, -0.8000, -6.570
32.87, -0.8000, -5.367
32.88, -0.8000, -6.963
32.89, -0.8000, -5.814
32.90, -0.8000, -5.778
32.91, -0.8000, -6.746
32.92, -0.8000, -7.572
32.93, -0.8000, -6.854
32.94, -0.8000, -7.376
32.95, -0.8000, -4.746
32.96, -0.8000, -6.204
32.97, -0.8000, -8.027
32.98, -0.8000, -6.674
32.99, -0.8000, -5.565
33.00, -0.8000, -4.482
33.01, -0.8000, -7.353
33.02, -0.8000, -5.558
33.03, -0.8000, -5.047
33.04, -0.8000, -4.639
33.05, -0.8000, -5.812
33.06, -0.8000, -6.657
33.07, -0.8000, -6.102
33.08, -0.8000, -6.141
33.09, -0.8000, -6.697
33.10, -0.8000, -6.058
33.11, -0.8000, -6.804
33.12, -0.8000, -7.058
33.13, -0.8000, -4.729
33.14, -0.8000, -6.490
33.15, -0.8000, -5.533
33.16, -0.8000, -6.166
33.17, -0.8000, -4.407
33.18, -0.8000, -6.775
33.19, -0.8000, -6.117
33.20, -0.8000, -6.177
33.21, -0.8000, -5.688
33.22, -0.8000, -7.065
33.23, -0.8000, -6.993
33.24, -0.8000, -5.403
33.25, -0.8000, -8.022
33.26, -0.8000, -4.543
33.27, -0.8000, -6.056
33.28, -0.8000, -6.512
33.29, -0.8000, -7.242
33.30, -0.8000, -8.061
33.31, -0.8000, -4.341
33.32, -0.8000, -5.742
33.33, -0.8000, -6.299
33.34, -0.8000, -6.256
33.35, -0.8000, -6.163
33.36, -0.8000, -6.312
33.37, -0.8000, -4.771
33.38, -0.8000, -5.173
33.39, -0.8000, -6.819
33.40, -0.8000, -6.019
33.41, -0.8000, -5.068
33.42, -0.8000, -5.623
33.43, -0.8000, -7.289
33.44, -0.8000, -5.762
33.45, -0.8000, -6.279
33.46, -0.8000, -6.935
33.47, -0.8000, -6.137
33.48, -0.8000, -5.068
33.49, -0.8000, -5.105
33.50, -0.8000, -7.869
33.51, -0.8000, -5.520
33.52, -0.8000, -4.802
33.53, -0.8000, -5.913
33.54, -0.8000, -5.924
33.55, -0.8000, -6.069
33.56, -0.8000, -5.776
33.57, -0.8000, -7.648
33.58, -0.8000, -5.776
33.59, -0.8000, -6.707
33.60, -0.8000, -5.724
33.61, -0.8000, -6.289
33.62, -0.8000, -6.186
33.63, -0.8000, -5.438
33.64, -0.8000, -6.732
33.65, -0.8000, -6.001
33.66, -0.8000, -7.588
33.67, -0.8000, -6.215
33.68, -0.8000, -5.363
33.69, -0.8000, -6.643
33.70, -0.8000, -5.127
33.71, -0.8000, -7.037
33.72, -0.8000, -6.016
33.73, -0.8000, -5.615
33.74, -0.8000, -4.896
33.75, -0.8000, -5.601
33.76, -0.8000, -6.304
33.77, -0.8000, -5.875
33.78, -0.8000, -5.646
33.79, -0.8000, -5.709
33.80, -0.8000, -5.665
33.81, -0.8000, -5.216
33.82, -0.8000, -6.447
33.83, -0.8000, -7.329
33.84, -0.8000, -6.461
33.85, -0.8000, -5.334
33.86, -0.8000, -6.651
33.87, -0.8000, -7.488
33.88, -0.8000, -4.757
33.89, -0.8000, -7.366
33.90, -0.8000, -4.881
33.91, -0.8000, -6.191
33.92, -0.8000, -6.523
33.93, -0.8000, -5.029
33.94, -0.8000, -5.558
33.95, -0.8000, -8.133
33.96, -0.8000, -6.438
33.97, -0.8000, -6.649
33.98, -0.8000, -4.593
33.99, -0.8000, -5.109
34.00, -0.8000, -6.033
34.01, -0.8000, -6.631
34.02, -0.8000, -5.461
34.03, -0.8000, -7.327
34.04, -0.8000, -6.826
34.05, -0.8000, -7.060
34.06, -0.8000, -5.113
34.07, -0.8000, -5.560
34.08, -0.8000, -5.765
34.09, -0.8000, -7.802
34.10, -0.8000, -4.706
34.11, -0.8000, -6.072
34.12, -0.8000, -5.137
34.13, -0.8000, -6.286
34.14, -0.8000, -4.993
34.15, -0.8000, -6.207
34.16, -0.8000, -5.626
34.17, -0.8000, -4.461
34.18, -0.8000, -4.186
34.19, -0.8000, -6.275
34.20, -0.8000, -5.951
34.21, -0.8000, -5.899
34.22, -0.8000, -7.638
34.23, -0.8000, -6.161
34.24, -0.8000, -5.359
34.25, -0.8000, -5.390
34.26, -0.8000, -8.437
34.27, -0.8000, -7.940
34.28, -0.8000, -5.704
34.29, -0.8000, -6.932
34.30, -0.8000, -5.680
34.31, -0.8000, -5.865
34.32, -0.8000, -7.102
34.33, -0.8000, -6.770
34.34, -0.8000, -7.119
34.35, -0.8000, -5.175
34.36, -0.8000, -5.653
34.37, -0.8000, -5.352
34.38, -0.8000, -7.490
34.39, -0.8000, -4.656
34.40, -0.8000, -5.178
34.41, -0.8000, -5.556
34.42, -0.8000, -6.352
34.43, -0.8000, -5.599
34.44, -0.8000, -4.851
34.45, -0.8000, -7.324
34.46, -0.8000, -5.108
34.47, -0.8000, -6.755
34.48, -0.8000, -6.951
34.49, -0.8000, -6.016
34.50, -0.8000, -7.675
34.51, -0.8000, -4.757
34.52, -0.8000, -4.363
34.53, -0.8000, -7.456
34.54, -0.8000, -3.792
34.55, -0.8000, -5.133
34.56, -0.8000, -5.701
34.57, -0.8000, -6.050
34.58, -0.8000, -4.788
34.59, -0.8000, -5.734
34.60, -0.8000, -5.269
34.61, -0.8000, -5.986
34.62, -0.8000, -4.496
34.63, -0.8000, -5.730
34.64, -0.8000, -6.309
34.65, -0.8000, -6.746
34.66, -0.8000, -5.784
34.67, -0.8000, -6.611
34.68, -0.8000, -7.328
34.69, -0.8000, -5.610
34.70, -0.8000, -7.352
34.71, -0.8000, -6.895
34.72, -0.8000, -5.680
34.73, -0.8000, -6.437
34.74, -0.8000, -5.840
34.75, -0.8000, -6.188
34.76, -0.8000, -6.220
34.77, -0.8000, -4.952
34.78, -0.8000, -6.793
34.79, -0.8000, -7.002
34.80, -0.8000, -6.956
34.81, -0.8000, -6.774
34.82, -0.8000, -6.681
34.83, -0.8000, -7.280
34.84, -0.8000, -6.976
34.85, -0.8000, -6.930
34.86, -0.8000, -5.584
34.87, -0.8000, -4.790
34.88, -0.8000, -4.748
34.89, -0.8000, -7.115
34.90, -0.8000, -5.189
34.91, -0.8000, -6.218
34.92, -0.8000, -5.779
34.93, -0.8000, -5.643
34.94, -0.8000, -6.911
34.95, -0.8000, -4.942
34.96, -0.8000, -6.610
34.97, -0.8000, -6.513
34.98, -0.8000, -5.585
34.99, -0.8000, -5.673
35.00, -0.8000, -4.809
35.01, -0.8000, -5.858
35.02, -0.8000, -6.729
35.03, -0.8000, -5.232
35.04, -0.8000, -5.791
35.05, -0.8000, -6.319
35.06, -0.8000, -5.072
35.07, -0.8000, -6.348
35.08, -0.8000, -5.466
35.09, -0.8000, -6.673
35.10, -0.8000, -6.292
35.11, -0.8000, -6.147
35.12, -0.8000, -6.579
35.13, -0.8000, -5.329
35.14, -0.8000, -6.959
35.15, -0.8000, -4.488
35.16, -0.8000, -6.017
35.17, -0.8000, -6.717
35.18, -0.8000, -5.118
35.19, -0.8000, -5.163
35.20, -0.8000, -5.782
35.21, -0.8000, -7.441
35.22, -0.8000, -4.957
35.23, -0.8000, -6.446
35.24, -0.8000, -5.173
35.25, -0.8000, -5.201
35.26, -0.8000, -6.706
35.27, -0.8000, -4.762
35.28, -0.8000, -7.144
35.29, -0.8000, -6.468
35.30, -0.8000, -7.217
35.31, -0.8000, -5.682
35.32, -0.8000, -6.967
35.33, -0.8000, -5.427
35.34, -0.8000, -6.870
35.35, -0.8000, -6.521
35.36, -0.8000, -6.071
35.37, -0.8000, -6.446
35.38, -0.8000, -6.572
35.39, -0.8000, -6.861
35.40, -0.8000, -6.485
35.41, -0.8000, -5.995
35.42, -0.8000, -6.796
35.43, -0.8000, -3.934
35.44, -0.8000, -5.104
35.45, -0.8000, -8.301
35.46, -0.8000, -7.007
35.47, -0.8000, -4.693
35.48, -0.8000, -5.148
35.49, -0.8000, -5.418
35.50, -0.8000, -6.094
35.51, -0.8000, -7.891
35.52, -0.8000, -4.875
35.53, -0.8000, -5.988
35.54, -0.8000, -6.262
35.55, -0.8000, -5.518
35.56, -0.8000, -7.548
35.57, -0.8000, -5.167
35.58, -0.8000, -5.744
35.59, -0.8000, -4.794
35.60, -0.8000, -5.673
35.61, -0.8000, -6.934
35.62, -0.8000, -6.227
35.63, -0.8000, -4.601
35.64, -0.8000, -6.454
35.65, -0.8000, -5.092
35.66, -0.8000, -5.581
35.67, -0.8000, -7.050
35.68, -0.8000, -7.920
35.69, -0.8000, -4.839
35.70, -0.8000, -6.742
35.71, -0.8000, -6.192
35.72, -0.8000, -6.681
35.73, -0.8000, -7.054
35.74, -0.8000, -7.315
35.75, -0.8000, -6.099
35.76, -0.8000, -5.926
35.77, -0.8000, -6.718
35.78, -0.8000, -5.729
35.79, -0.8000, -6.047
35.80, -0.8000, -5.673
35.81, -0.8000, -5.750
35.82, -0.8000, -5.582
35.83, -0.8000, -5.852
35.84, -0.8000, -5.927
35.85, -0.8000, -6.321
35.86, -0.8000, -5.663
35.87, -0.8000, -7.682
35.88, -0.8000, -5.470
35.89, -0.8000, -6.056
35.90, -0.8000, -5.692
35.91, -0.8000, -6.098
35.92, -0.8000, -4.727
35.93, -0.8000, -6.143
35.94, -0.8000, -6.737
35.95, -0.8000, -5.816
35.96, -0.8000, -6.597
35.97, -0.8000, -6.901
35.98, -0.8000, -5.501
35.99, -0.8000, -5.753
36.00, -0.8000, -4.945
36.01, -0.8000, -6.495
36.02, -0.8000, -4.354
36.03, -0.8000, -6.161
36.04, -0.8000, -5.907
36.05, -0.8000, -3.997
36.06, -0.8000, -5.757
36.07, -0.8000, -6.294
36.08, -0.8000, -5.391
36.09, -0.8000, -5.585
36.10, -0.8000, -5.259
36.11, -0.8000, -6.508
36.12, -0.8000, -6.164
36.13, -0.8000, -5.643
36.14, -0.8000, -5.282
36.15, -0.8000, -5.589
36.16, -0.8000, -4.305
36.17, -0.8000, -4.847
36.18, -0.8000, -5.401
36.19, -0.8000, -6.934
36.20, -0.8000, -5.757
36.21, -0.8000, -5.685
36.22, -0.8000, -5.689
36.23, -0.8000, -5.850
36.24, -0.8000, -6.706
36.25, -0.8000, -5.858
36.26, -0.8000, -4.406
36.27, -0.8000, -6.415
36.28, -0.8000, -5.974
36.29, -0.8000, -5.879
36.30, -0.8000, -5.841
36.31, -0.8000, -4.857
36.32, -0.8000, -6.014
36.33, -0.8000, -6.721
36.34, -0.8000, -7.032
36.35, -0.8000, -6.149
36.36, -0.8000, -5.781
36.37, -0.8000, -5.272
36.38, -0.8000, -5.384
36.39, -0.8000, -5.644
36.40, -0.8000, -6.726
36.41, -0.8000, -5.168
36.42, -0.8000, -5.870
36.43, -0.8000, -5.990
36.44, -0.8000, -5.246
36.45, -0.8000, -4.496
36.46, -0.8000, -5.125
36.47, -0.8000, -6.409
36.48, -0.8000, -4.905
36.49, -0.8000, -6.104
36.50, -0.8000, -5.963
36.51, -0.8000, -5.822
36.52, -0.8000, -4.916
36.53, -0.8000, -6.905
36.54, -0.8000, -5.092
36.55, -0.8000, -6.386
36.56, -0.8000, -4.743
36.57, -0.8000, -5.647
36.58, -0.8000, -6.302
36.59, -0.8000, -6.310
36.60, -0.8000, -4.984
36.61, -0.8000, -5.806
36.62, -0.8000, -6.783
36.63, -0.8000, -5.340
36.64, -0.8000, -5.948
36.65, -0.8000, -5.205
36.66, -0.8000, -6.400
36.67, -0.8000, -4.735
36.68, -0.8000, -5.870
36.69, -0.8000, -5.000
36.70, -0.8000, -6.217
36.71, -0.8000, -6.771
36.72, -0.8000, -5.096
36.73, -0.8000, -5.386
36.74, -0.8000, -6.279
36.75, -0.8000, -4.818
36.76, -0.8000, -5.598
36.77, -0.8000, -5.645
36.78, -0.8000, -6.720
36.79, -0.8000, -5.084
36.80, -0.8000, -5.987
36.81, -0.8000, -5.977
36.82, -0.8000, -6.865
36.83, -0.8000, -6.020
36.84, -0.8000, -5.749
36.85, -0.8000, -4.944
36.86, -0.8000, -6.141
36.87, -0.8000, -4.695
36.88, -0.8000, -5.958
36.89, -0.8000, -6.730
36.90, -0.8000, -5.350
36.91, -0.8000, -5.712
36.92, -0.8000, -5.994
36.93, -0.8000, -6.298
36.94, -0.8000, -7.228
36.95, -0.8000, -4.626
36.96, -0.8000, -7.559
36.97, -0.8000, -5.306
36.98, -0.8000, -5.588
36.99, -0.8000, -5.371
37.00, -0.8000, -4.734
37.01, -0.8000, -5.965
37.02, -0.8000, -5.990
37.03, -0.8000, -5.627
37.04, -0.8000, -5.556
37.05, -0.8000, -5.286
37.06, -0.8000, -6.033
37.07, -0.8000, -5.026
37.08, -0.8000, -5.546
37.09, -0.8000, -4.924
37.10, -0.8000, -5.766
37.11, -0.8000, -6.550
37.12, -0.8000, -5.570
37.13, -0.8000, -5.481
37.14, -0.8000, -6.921
37.15, -0.8000, -5.398
37.16, -0.8000, -4.659
37.17, -0.8000, -5.729
37.18, -0.8000, -4.432
37.19, -0.8000, -5.203
37.20, -0.8000, -5.333
37.21, -0.8000, -5.816
37.22, -0.8000, -5.969
37.23, -0.8000, -7.552
37.24, -0.8000, -6.100
37.25, -0.8000, -6.793
37.26, -0.8000, -5.572
37.27, -0.8000, -6.071
37.28, -0.8000, -5.838
37.29, -0.8000, -5.125
37.30, -0.8000, -5.253
37.31, -0.8000, -5.331
37.32, -0.8000, -4.379
37.33, -0.8000, -5.428
37.34, -0.8000, -5.481
37.35, -0.8000, -5.951
37.36, -0.8000, -5.318
37.37, -0.8000, -5.947
37.38, -0.8000, -6.319
37.39, -0.8000, -6.644
37.40, -0.8000, -6.394
37.41, -0.8000, -6.939
37.42, -0.8000, -6.426
37.43, -0.8000, -7.427
37.44, -0.8000, -5.455
37.45, -0.8000, -5.776
37.46, -0.8000, -4.741
37.47, -0.8000, -6.074
37.48, -0.8000, -5.100
37.49, -0.8000, -5.738
37.50, -0.8000, -5.024
37.51, -0.8000, -6.009
37.52, -0.8000, -5.629
37.53, -0.8000, -5.241
37.54, -0.8000, -6.000
37.55, -0.8000, -5.645
37.56, -0.8000, -4.995
37.57, -0.8000, -5.548
37.58, -0.8000, -5.639
37.59, -0.8000, -5.089
37.60, -0.8000, -6.023
37.61, -0.8000, -7.108
37.62, -0.8000, -6.356
37.63, -0.8000, -4.957
37.64, -0.8000, -7.133
37.65, -0.8000, -4.883
37.66, -0.8000, -5.694
37.67, -0.8000, -5.623
37.68, -0.8000, -5.829
37.69, -0.8000, -6.054
37.70, -0.8000, -6.080
37.71, -0.8000, -4.266
37.72, -0.8000, -5.788
37.73, -0.8000, -6.171
37.74, -0.8000, -5.201
37.75, -0.8000, -5.218
37.76, -0.8000, -6.005
37.77, -0.8000, -5.530
37.78, -0.8000, -7.375
37.79, -0.8000, -5.806
37.80, -0.8000, -4.944
37.81, -0.8000, -4.995
37.82, -0.8000, -5.386
37.83, -0.8000, -4.429
37.84, -0.8000, -5.855
37.85, -0.8000, -6.433
37.86, -0.8000, -7.220
37.87, -0.8000, -7.502
37.88, -0.8000, -6.957
37.89, -0.8000, -5.385
37.90, -0.8000, -5.598
37.91, -0.8000, -6.454
37.92, -0.8000, -7.242
37.93, -0.8000, -5.547
37.94, -0.8000, -5.780
37.95, -0.8000, -4.571
37.96, -0.8000, -6.547
37.97, -0.8000, -4.833
37.98, -0.8000, -5.725
37.99, -0.8000, -5.332
38.00, -0.8000, -4.749
38.01, -0.8000, -6.482
38.02, -0.8000, -7.148
38.03, -0.8000, -7.015
38.04, -0.8000, -6.635
38.05, -0.8000, -4.312
38.06, -0.8000, -5.920
38.07, -0.8000, -5.451
38.08, -0.8000, -6.810
38.09, -0.8000, -5.649
38.10, -0.8000, -5.357
38.11, -0.8000, -5.382
38.12, -0.8000, -5.975
38.13, -0.8000, -4.211
38.14, -0.8000, -4.969
38.15, -0.8000, -4.308
38.16, -0.8000, -6.078
38.17, -0.8000, -6.622
38.18, -0.8000, -5.872
38.19, -0.8000, -4.978
38.20, -0.8000, -4.998
38.21, -0.8000, -5.374
38.22, -0.8000, -5.717
38.23, -0.8000, -6.075
38.24, -0.8000, -4.589
38.25, -0.8000, -6.405
38.26, -0.8000, -6.116
38.27, -0.8000, -6.529
38.28, -0.8000, -4.762
38.29, -0.8000, -5.507
38.30, -0.8000, -4.693
38.31, -0.8000, -7.127
38.32, -0.8000, -4.427
38.33, -0.8000, -5.642
38.34, -0.8000, -5.730
38.35, -0.8000, -6.658
38.36, -0.8000, -5.795
38.37, -0.8000, -5.690
38.38, -0.8000, -6.195
38.39, -0.8000, -5.470
38.40, -0.8000, -4.484
38.41, -0.8000, -6.219
38.42, -0.8000, -5.572
38.43, -0.8000, -4.526
38.44, -0.8000, -5.954
38.45, -0.8000, -5.530
38.46, -0.8000, -5.895
38.47, -0.8000, -6.359
38.48, -0.8000, -4.734
38.49, -0.8000, -6.088
38.50, -0.8000, -4.107
38.51, -0.8000, -5.692
38.52, -0.8000, -6.006
38.53, -0.8000, -6.517
38.54, -0.8000, -5.906
38.55, -0.8000, -6.368
38.56, -0.8000, -5.018
38.57, -0.8000, -5.332
38.58, -0.8000, -4.556
38.59, -0.8000, -7.274
38.60, -0.8000, -4.602
38.61, -0.8000, -6.215
38.62, -0.8000, -7.122
38.63, -0.8000, -5.658
38.64, -0.8000, -4.910
38.65, -0.8000, -5.546
38.66, -0.8000, -4.457
38.67, -0.8000, -6.163
38.68, -0.8000, -5.320
38.69, -0.8000, -5.722
38.70, -0.8000, -4.484
38.71, -0.8000, -5.026
38.72, -0.8000, -6.079
38.73, -0.8000, -5.958
38.74, -0.8000, -5.373
38.75, -0.8000, -5.759
38.76, -0.8000, -5.118
38.77, -0.8000, -5.791
38.78, -0.8000, -5.816
38.79, -0.8000, -5.881
38.80, -0.8000, -5.193
38.81, -0.8000, -6.914
38.82, -0.8000, -6.974
38.83, -0.8000, -6.215
38.84, -0.8000, -5.601
38.85, -0.8000, -6.253
38.86, -0.8000, -5.957
38.87, -0.8000, -5.723
38.88, -0.8000, -4.555
38.89, -0.8000, -7.181
38.90, -0.8000, -5.476
38.91, -0.8000, -6.968
38.92, -0.8000, -6.791
38.93, -0.8000, -7.003
38.94, -0.8000, -7.203
38.95, -0.8000, -6.119
38.96, -0.8000, -6.652
38.97, -0.8000, -5.088
38.98, -0.8000, -4.633
38.99, -0.8000, -5.943
39.00, -0.8000, -6.408
39.01, -0.8000, -6.849
39.02, -0.8000, -4.800
39.03, -0.8000, -5.018
39.04, -0.8000, -5.087
39.05, -0.8000, -4.608
39.06, -0.8000, -4.873
39.07, -0.8000, -6.488
39.08, -0.8000, -4.765
39.09, -0.8000, -5.498
39.10, -0.8000, -5.974
39.11, -0.8000, -5.125
39.12, -0.8000, -5.281
39.13, -0.8000, -5.074
39.14, -0.8000, -6.776
39.15, -0.8000, -5.032
39.16, -0.8000, -6.761
39.17, -0.8000, -5.495
39.18, -0.8000, -6.540
39.19, -0.8000, -6.349
39.20, -0.8000, -5.879
39.21, -0.8000, -4.079
39.22, -0.8000, -4.793
39.23, -0.8000, -5.089
39.24, -0.8000, -4.511
39.25, -0.8000, -5.132
39.26, -0.8000, -5.164
39.27, -0.8000, -4.764
39.28, -0.8000, -6.609
39.29, -0.8000, -6.489
39.30, -0.8000, -4.962
39.31, -0.8000, -6.009
39.32, -0.8000, -6.567
39.33, -0.8000, -4.559
39.34, -0.8000, -5.282
39.35, -0.8000, -4.827
39.36, -0.8000, -6.501
39.37, -0.8000, -6.931
39.38, -0.8000, -5.488
39.39, -0.8000, -5.622
39.40, -0.8000, -4.991
39.41, -0.8000, -5.326
39.42, -0.8000, -5.433
39.43, -0.8000, -5.456
39.44, -0.8000, -4.378
39.45, -0.8000, -4.787
39.46, -0.8000, -5.979
39.47, -0.8000, -5.620
39.48, -0.8000, -5.848
39.49, -0.8000, -6.157
39.50, -0.8000, -5.683
39.51, -0.8000, -5.555
39.52, -0.8000, -5.539
39.53, -0.8000, -4.768
39.54, -0.8000, -5.997
39.55, -0.8000, -7.021
39.56, -0.8000, -6.072
39.57, -0.8000, -5.067
39.58, -0.8000, -5.771
39.59, -0.8000, -5.906
39.60, -0.8000, -5.617
39.61, -0.8000, -5.960
39.62, -0.8000, -6.806
39.63, -0.8000, -4.918
39.64, -0.8000, -6.319
39.65, -0.8000, -5.841
39.66, -0.8000, -5.885
39.67, -0.8000, -6.290
39.68, -0.8000, -5.785
39.69, -0.8000, -5.027
39.70, -0.8000, -4.974
39.71, -0.8000, -6.473
39.72, -0.8000, -3.907
39.73, -0.8000, -5.153
39.74, -0.8000, -4.893
39.75, -0.8000, -4.412
39.76, -0.8000, -6.229
39.77, -0.8000, -4.950
39.78, -0.8000, -4.758
39.79, -0.8000, -6.673
39.80, -0.8000, -3.769
39.81, -0.8000, -4.327
39.82, -0.8000, -5.897
39.83, -0.8000, -7.456
39.84, -0.8000, -6.086
39.85, -0.8000, -6.549
39.86, -0.8000, -5.533
39.87, -0.8000, -6.849
39.88, -0.8000, -6.331
39.89, -0.8000, -5.082
39.90, -0.8000, -4.356
39.91, -0.8000, -3.964
39.92, -0.8000, -5.828
39.93, -0.8000, -5.712
39.94, -0.8000, -5.615
39.95, -0.8000, -4.848
39.96, -0.8000, -6.625
39.97, -0.8000, -5.776
39.98, -0.8000, -4.200
39.99, -0.8000, -5.353
40.00, -0.8000, -4.757
40.01, -0.8000, -6.328
40.02, -0.8000, -4.845
40.03, -0.8000, -5.178
40.04, -0.8000, -5.242
40.05, -0.8000, -6.002
40.06, -0.8000, -5.843
40.07, -0.8000, -5.583
40.08, -0.8000, -5.844
40.09, -0.8000, -7.278
40.10, -0.8000, -4.889
40.11, -0.8000, -5.237
40.12, -0.8000, -5.880
40.13, -0.8000, -4.655
40.14, -0.8000, -5.750
40.15, -0.8000, -7.059
40.16, -0.8000, -6.134
40.17, -0.8000, -7.202
40.18, -0.8000, -5.404
40.19, -0.8000, -5.646
40.20, -0.8000, -7.314
40.21, -0.8000, -6.580
40.22, -0.8000, -7.163
40.23, -0.8000, -6.303
40.24, -0.8000, -4.913
40.25, -0.8000, -5.434
40.26, -0.8000, -6.197
40.27, -0.8000, -4.659
40.28, -0.8000, -6.018
40.29, -0.8000, -4.365
40.30, -0.8000, -5.682
40.31, -0.8000, -6.543
40.32, -0.8000, -6.271
40.33, -0.8000, -6.299
40.34, -0.8000, -5.997
40.35, -0.8000, -5.565
40.36, -0.8000, -6.956
40.37, -0.8000, -7.394
40.38, -0.8000, -6.117
40.39, -0.8000, -6.028
40.40, -0.8000, -6.050
40.41, -0.8000, -4.298
40.42, -0.8000, -5.367
40.43, -0.8000, -5.776
40.44, -0.8000, -7.539
40.45, -0.8000, -6.369
40.46, -0.8000, -5.549
40.47, -0.8000, -6.422
40.48, -0.8000, -6.456
40.49, -0.8000, -4.828
40.50, -0.8000, -6.211
40.51, -0.8000, -6.812
40.52, -0.8000, -5.735
40.53, -0.8000, -6.811
40.54, -0.8000, -7.461
40.55, -0.8000, -5.964
40.56, -0.8000, -6.009
40.57, -0.8000, -4.833
40.58, -0.8000, -5.544
40.59, -0.8000, -4.911
40.60, -0.8000, -5.579
40.61, -0.8000, -5.600
40.62, -0.8000, -5.368
40.63, -0.8000, -4.667
40.64, -0.8000, -6.085
40.65, -0.8000, -6.564
40.66, -0.8000, -6.322
40.67, -0.8000, -5.668
40.68, -0.8000, -5.925
40.69, -0.8000, -5.369
40.70, -0.8000, -4.732
40.71, -0.8000, -6.672
40.72, -0.8000, -4.367
40.73, -0.8000, -6.030
40.74, -0.8000, -3.763
40.75, -0.8000, -6.265
40.76, -0.8000, -5.874
40.77, -0.8000, -6.042
40.78, -0.8000, -5.047
40.79, -0.8000, -6.316
40.80, -0.8000, -5.654
40.81, -0.8000, -6.087
40.82, -0.8000, -4.888
40.83, -0.8000, -5.152
40.84, -0.8000, -5.412
40.85, -0.8000, -6.532
40.86, -0.8000, -4.339
40.87, -0.8000, -4.816
40.88, -0.8000, -5.148
40.89, -0.8000, -6.388
40.90, -0.8000, -6.892
40.91, -0.8000, -4.198
40.92, -0.8000, -4.161
40.93, -0.8000, -5.662
40.94, -0.8000, -5.822
40.95, -0.8000, -5.385
40.96, -0.8000, -4.183
40.97, -0.8000, -5.765
40.98, -0.8000, -5.185
40.99, -0.8000, -4.972
41.00, -0.8000, -5.984
41.01, -0.8000, -6.614
41.02, -0.8000, -4.737
41.03, -0.8000, -6.410
41.04, -0.8000, -7.300
41.05, -0.8000, -5.323
41.06, -0.8000, -5.663
41.07, -0.8000, -5.721
41.08, -0.8000, -5.611
41.09, -0.8000, -5.005
41.10, -0.8000, -5.845
41.11, -0.8000, -4.410
41.12, -0.8000, -5.867
41.13, -0.8000, -5.701
41.14, -0.8000, -5.040
41.15, -0.8000, -4.965
41.16, -0.8000, -6.998
41.17, -0.8000, -5.905
41.18, -0.8000, -6.446
41.19, -0.8000, -5.264
41.20, -0.8000, -6.791
41.21, -0.8000, -6.633
41.22, -0.8000, -6.770
41.23, -0.8000, -5.044
41.24, -0.8000, -5.052
41.25, -0.8000, -4.610
41.26, -0.8000, -5.722
41.27, -0.8000, -6.273
41.28, -0.8000, -6.496
41.29, -0.8000, -4.969
41.30, -0.8000, -5.080
41.31, -0.8000, -5.890
41.32, -0.8000, -6.159
41.33, -0.8000, -5.148
41.34, -0.8000, -5.682
41.35, -0.8000, -4.962
41.36, -0.8000, -7.066
41.37, -0.8000, -7.406
41.38, -0.8000, -5.813
41.39, -0.8000, -6.326
41.40, -0.8000, -5.982
41.41, -0.8000, -4.587
41.42, -0.8000, -5.636
41.43, -0.8000, -5.152
41.44, -0.8000, -6.991
41.45, -0.8000, -4.610
41.46, -0.8000, -5.739
41.47, -0.8000, -6.804
41.48, -0.8000, -6.972
41.49, -0.8000, -6.975
41.50, -0.8000, -4.786
41.51, -0.8000, -4.995
41.52, -0.8000, -5.211
41.53, -0.8000, -5.949
41.54, -0.8000, -5.800
41.55, -0.8000, -5.938
41.56, -0.8000, -5.349
41.57, -0.8000, -5.253
41.58, -0.8000, -5.681
41.59, -0.8000, -6.947
41.60, -0.8000, -5.852
41.61, -0.8000, -6.377
41.62, -0.8000, -4.699
41.63, -0.8000, -6.765
41.64, -0.8000, -4.512
41.65, -0.8000, -5.863
41.66, -0.8000, -4.916
41.67, -0.8000, -7.248
41.68, -0.8000, -5.235
41.69, -0.8000, -4.921
41.70, -0.8000, -5.497
41.71, -0.8000, -5.883
41.72, -0.8000, -7.291
41.73, -0.8000, -6.972
41.74, -0.8000, -7.552
41.75, -0.8000, -6.499
41.76, -0.8000, -5.146
41.77, -0.8000, -5.173
41.78, -0.8000, -4.885
41.79, -0.8000, -6.527
41.80, -0.8000, -6.069
41.81, -0.8000, -5.694
41.82, -0.8000, -6.009
41.83, -0.8000, -5.278
41.84, -0.8000, -6.170
41.85, -0.8000, -7.205
41.86, -0.8000, -7.402
41.87, -0.8000, -6.731
41.88, -0.8000, -6.044
41.89, -0.8000, -5.448
41.90, -0.8000, -4.481
41.91, -0.8000, -6.926
41.92, -0.8000, -4.134
41.93, -0.8000, -6.542
41.94, -0.8000, -6.461
41.95, -0.8000, -4.674
41.96, -0.8000, -4.400
41.97, -0.8000, -7.097
41.98, -0.8000, -4.473
41.99, -0.8000, -4.919
42.00, -0.8000, -5.565
42.01, -0.8000, -5.329
42.02, -0.8000, -5.471
42.03, -0.8000, -6.506
42.04, -0.8000, -4.921
42.05, -0.8000, -5.609
42.06, -0.8000, -5.414
42.07, -0.8000, -6.037
42.08, -0.8000, -5.744
42.09, -0.8000, -4.692
42.10, -0.8000, -5.818
42.11, -0.8000, -4.825
42.12, -0.8000, -5.590
42.13, -0.8000, -5.294
42.14, -0.8000, -4.775
42.15, -0.8000, -5.793
42.16, -0.8000, -6.193
42.17, -0.8000, -5.533
42.18, -0.8000, -6.292
42.19, -0.8000, -4.426
42.20, -0.8000, -6.733
42.21, -0.8000, -5.180
42.22, -0.8000, -5.221
42.23, -0.8000, -7.414
42.24, -0.8000, -4.977
42.25, -0.8000, -4.517
42.26, -0.8000, -3.341
42.27, -0.8000, -6.948
42.28, -0.8000, -6.581
42.29, -0.8000, -6.054
42.30, -0.8000, -5.216
42.31, -0.8000, -5.505
42.32, -0.8000, -5.995
42.33, -0.8000, -5.165
42.34, -0.8000, -6.296
42.35, -0.8000, -6.460
42.36, -0.8000, -5.554
42.37, -0.8000, -6.518
42.38, -0.8000, -4.960
42.39, -0.8000, -5.050
42.40, -0.8000, -5.266
42.41, -0.8000, -6.242
42.42, -0.8000, -5.633
42.43, -0.8000, -6.650
42.44, -0.8000, -4.848
42.45, -0.8000, -6.477
42.46, -0.8000, -6.864
42.47, -0.8000, -6.711
42.48, -0.8000, -5.832
42.49, -0.8000, -5.613
42.50, -0.8000, -4.300
42.51, -0.8000, -5.101
42.52, -0.8000, -5.391
42.53, -0.8000, -7.872
42.54, -0.8000, -7.196
42.55, -0.8000, -4.874
42.56, -0.8000, -4.172
42.57, -0.8000, -5.401
42.58, -0.8000, -4.435
42.59, -0.8000, -5.506
42.60, -0.8000, -4.152
42.61, -0.8000, -5.773
42.62, -0.8000, -4.826
42.63, -0.8000, -6.018
42.64, -0.8000, -5.818
42.65, -0.8000, -4.747
42.66, -0.8000, -6.260
42.67, -0.8000, -5.113
42.68, -0.8000, -4.856
42.69, -0.8000, -4.751
42.70, -0.8000, -6.462
42.71, -0.8000, -4.748
42.72, -0.8000, -5.878
42.73, -0.8000, -6.768
42.74, -0.8000, -6.530
42.75, -0.8000, -4.103
42.76, -0.8000, -5.255
42.77, -0.8000, -4.405
42.78, -0.8000, -6.816
42.79, -0.8000, -3.668
42.80, -0.8000, -6.811
42.81, -0.8000, -4.761
42.82, -0.8000, -5.463
42.83, -0.8000, -7.359
42.84, -0.8000, -4.110
42.85, -0.8000, -6.408
42.86, -0.8000, -4.907
42.87, -0.8000, -4.382
42.88, -0.8000, -4.736
42.89, -0.8000, -4.865
42.90, -0.8000, -4.931
42.91, -0.8000, -6.387
42.92, -0.8000, -4.616
42.93, -0.8000, -5.031
42.94, -0.8000, -4.606
42.95, -0.8000, -5.826
42.96, -0.8000, -6.215
42.97, -0.8000, -7.203
42.98, -0.8000, -5.087
42.99, -0.8000, -6.402
43.00, -0.8000, -6.980
43.01, -0.8000, -4.148
43.02, -0.8000, -3.915
43.03, -0.8000, -5.912
43.04, -0.8000, -6.328
43.05, -0.8000, -4.509
43.06, -0.8000, -3.953
43.07, -0.8000, -4.331
43.08, -0.8000, -6.312
43.09, -0.8000, -4.831
43.10, -0.8000, -7.032
43.11, -0.8000, -4.597
43.12, -0.8000, -4.775
43.13, -0.8000, -4.053
43.14, -0.8000, -5.155
43.15, -0.8000, -5.009
43.16, -0.8000, -3.910
43.17, -0.8000, -5.065
43.18, -0.8000, -5.850
43.19, -0.8000, -4.627
43.20, -0.8000, -5.275
43.21, -0.8000, -5.923
43.22, -0.8000, -5.882
43.23, -0.8000, -3.996
43.24, -0.8000, -6.812
43.25, -0.8000, -4.920
43.26, -0.8000, -5.007
43.27, -0.8000, -4.053
43.28, -0.8000, -4.808
43.29, -0.8000, -6.408
43.30, -0.8000, -7.140
43.31, -0.8000, -5.781
43.32, -0.8000, -5.123
43.33, -0.8000, -3.765
43.34, -0.8000, -5.803
43.35, -0.8000, -7.505
43.36, -0.8000, -7.053
43.37, -0.8000, -5.630
43.38, -0.8000, -6.904
43.39, -0.8000, -5.685
43.40, -0.8000, -6.341
43.41, -0.8000, -5.318
43.42, -0.8000, -6.611
43.43, -0.8000, -4.539
43.44, -0.8000, -6.630
43.45, -0.8000, -7.672
43.46, -0.8000, -4.986
43.47, -0.8000, -5.448
43.48, -0.8000, -5.333
43.49, -0.8000, -6.632
43.50, -0.8000, -4.140
43.51, -0.8000, -5.025
43.52, -0.8000, -4.765
43.53, -0.8000, -5.815
43.54, -0.8000, -7.899
43.55, -0.8000, -5.077
43.56, -0.8000, -6.951
43.57, -0.8000, -5.571
43.58, -0.8000, -5.301
43.59, -0.8000, -6.673
43.60, -0.8000, -5.103
43.61, -0.8000, -6.317
43.62, -0.8000, -4.716
43.63, -0.8000, -5.726
43.64, -0.8000, -6.005
43.65, -0.8000, -5.890
43.66, -0.8000, -5.992
43.67, -0.8000, -6.370
43.68, -0.8000, -6.711
43.69, -0.8000, -5.952
43.70, -0.8000, -4.292
43.71, -0.8000, -5.463
43.72, -0.8000, -6.990
43.73, -0.8000, -6.080
43.74, -0.8000, -4.835
43.75, -0.8000, -5.469
43.76, -0.8000, -5.444
43.77, -0.8000, -4.592
43.78, -0.8000, -4.932
43.79, -0.8000, -5.965
43.80, -0.8000, -4.750
43.81, -0.8000, -6.261
43.82, -0.8000, -4.873
43.83, -0.8000, -6.220
43.84, -0.8000, -4.514
43.85, -0.8000, -4.655
43.86, -0.8000, -4.874
43.87, -0.8000, -4.131
43.88, -0.8000, -6.523
43.89, -0.8000, -5.071
43.90, -0.8000, -5.942
43.91, -0.8000, -6.553
43.92, -0.8000, -5.504
43.93, -0.8000, -5.251
43.94, -0.8000, -5.402
43.95, -0.8000, -5.810
43.96, -0.8000, -5.595
43.97, -0.8000, -5.756
43.98, -0.8000, -5.598
43.99, -0.8000, -5.783
44.00, -0.8000, -4.505
44.01, -0.8000, -5.844
44.02, -0.8000, -3.942
44.03, -0.8000, -6.021
44.04, -0.8000, -4.742
44.05, -0.8000, -5.500
44.06, -0.8000, -4.361
44.07, -0.8000, -6.723
44.08, -0.8000, -5.997
44.09, -0.8000, -7.000
44.10, -0.8000, -5.773
44.11, -0.8000, -6.074
44.12, -0.8000, -3.568
44.13, -0.8000, -4.082
44.14, -0.8000, -4.998
44.15, -0.8000, -4.862
44.16, -0.8000, -4.697
44.17, -0.8000, -6.787
44.18, -0.8000, -4.505
44.19, -0.8000, -4.121
44.20, -0.8000, -5.918
44.21, -0.8000, -7.014
44.22, -0.8000, -5.755
44.23, -0.8000, -7.130
44.24, -0.8000, -5.962
44.25, -0.8000, -6.681
44.26, -0.8000, -6.054
44.27, -0.8000, -5.298
44.28, -0.8000, -6.618
44.29, -0.8000, -3.457
44.30, -0.8000, -5.878
44.31, -0.8000, -6.571
44.32, -0.8000, -6.009
44.33, -0.8000, -4.984
44.34, -0.8000, -6.594
44.35, -0.8000, -4.656
44.36, -0.8000, -4.354
44.37, -0.8000, -6.308
44.38, -0.8000, -5.040
44.39, -0.8000, -4.458
44.40, -0.8000, -5.931
44.41, -0.8000, -4.587
44.42, -0.8000, -6.523
44.43, -0.8000, -5.147
44.44, -0.8000, -5.066
44.45, -0.8000, -4.179
44.46, -0.8000, -5.048
44.47, -0.8000, -6.719
44.48, -0.8000, -5.036
44.49, -0.8000, -5.902
44.50, -0.8000, -5.999
44.51, -0.8000, -5.836
44.52, -0.8000, -4.556
44.53, -0.8000, -4.459
44.54, -0.8000, -6.015
44.55, -0.8000, -4.295
44.56, -0.8000, -6.232
44.57, -0.8000, -5.221
44.58, -0.8000, -5.792
44.59, -0.8000, -4.550
44.60, -0.8000, -4.857
44.61, -0.8000, -6.123
44.62, -0.8000, -5.413
44.63, -0.8000, -4.922
44.64, -0.8000, -5.699
44.65, -0.8000, -6.165
44.66, -0.8000, -5.614
44.67, -0.8000, -4.985
44.68, -0.8000, -5.094
44.69, -0.8000, -6.030
44.70, -0.8000, -6.000
44.71, -0.8000, -3.853
44.72, -0.8000, -5.832
44.73, -0.8000, -6.172
44.74, -0.8000, -5.653
44.75, -0.8000, -7.076
44.76, -0.8000, -5.656
44.77, -0.8000, -5.481
44.78, -0.8000, -5.417
44.79, -0.8000, -6.212
44.80, -0.8000, -5.712
44.81, -0.8000, -4.414
44.82, -0.8000, -5.704
44.83, -0.8000, -5.655
44.84, -0.8000, -4.656
44.85, -0.8000, -6.056
44.86, -0.8000, -5.114
44.87, -0.8000, -6.217
44.88, -0.8000, -5.780
44.89, -0.8000, -6.689
44.90, -0.8000, -4.687
44.91, -0.8000, -5.427
44.92, -0.8000, -6.011
44.93, -0.8000, -6.696
44.94, -0.8000, -5.223
44.95, -0.8000, -6.723
44.96, -0.8000, -4.937
44.97, -0.8000, -5.785
44.98, -0.8000, -6.531
44.99, -0.8000, -4.793
45.00, 0.000, -5.619
45.01, 0.001000, 61.21
45.02, 0.002000, 26.48
45.03, 0.003000, 12.95
45.04, 0.004000, 11.55
45.05, 0.005000, 7.842
45.06, 0.006000, 7.620
45.07, 0.007000, 3.470
45.08, 0.008000, 4.061
45.09, 0.009000, 2.382
45.10, 0.01000, 1.915
45.11, 0.01100, 3.484
45.12, 0.01200, 2.830
45.13, 0.01300, 1.518
45.14, 0.01400, 2.110
45.15, 0.01500, 1.398
45.16, 0.01600, 0.4988
45.17, 0.01700, -2.549
45.18, 0.01800, 0.8764
45.19, 0.01900, -0.7439
45.20, 0.02000, -1.586
45.21, 0.02100, 0.1627
45.22, 0.02200, 0.5008
45.23, 0.02300, -0.4979
45.24, 0.02400, 1.657
45.25, 0.02500, -3.512
45.26, 0.02600, -0.4919
45.27, 0.02700, 0.07621
45.28, 0.02800, -1.662
45.29, 0.02900, -1.090
45.30, 0.03000, 0.4964
45.31, 0.03100, -2.861
45.32, 0.03200, 0.7862
45.33, 0.03300, 0.1637
45.34, 0.03400, -0.4504
45.35, 0.03500, -1.296
45.36, 0.03600, -0.7278
45.37, 0.03700, -1.457
45.38, 0.03800, -0.1615
45.39, 0.03900, 0.3491
45.40, 0.04000, -1.772
45.41, 0.04100, -0.8005
45.42, 0.04200, -0.5013
45.43, 0.04300, 0.4561
45.44, 0.04400, -2.874
45.45, 0.04500, -2.250
45.46, 0.04600, -2.178
45.47, 0.04700, -1.822
45.48, 0.04800, -1.661
45.49, 0.04900, -1.381
45.50, 0.05000, -0.04648
45.51, 0.05100, -1.486
45.52, 0.05200, -1.204
45.53, 0.05300, -3.197
45.54, 0.05400, -3.143
45.55, 0.05500, -2.161
45.56, 0.05600, -2.561
45.57, 0.05700, -2.033
45.58, 0.05800, -2.386
45.59, 0.05900, -2.043
45.60, 0.06000, -2.736
45.61, 0.06100, -0.9478
45.62, 0.06200, -3.375
45.63, 0.06300, -0.6452
45.64, 0.06400, -1.729
45.65, 0.06500, -2.960
45.66, 0.06600, -4.805
45.67, 0.06700, -3.834
45.68, 0.06800, -2.296
45.69, 0.06900, -1.150
45.70, 0.07000, 0.2602
45.71, 0.07100, -2.780
45.72, 0.07200, -2.549
45.73, 0.07300, 1.065
45.74, 0.07400, -0.8979
45.75, 0.07500, -1.394
45.76, 0.07600, -2.925
45.77, 0.07700, -2.345
45.78, 0.07800, -1.686
45.79, 0.07900, 1.006
45.80, 0.08000, -1.939
45.81, 0.08100, -1.945
45.82, 0.08200, -1.184
45.83, 0.08300, -0.3367
45.84, 0.08400, -0.08897
45.85, 0.08500, -2.086
45.86, 0.08600, -1.882
45.87, 0.08700, -1.289
45.88, 0.08800, -4.360
45.89, 0.08900, 0.3951
45.90, 0.09000, -0.6805
45.91, 0.09100, -3.544
45.92, 0.09200, -0.6438
45.93, 0.09300, -1.228
45.94, 0.09400, -1.466
45.95, 0.09500, -2.469
45.96, 0.09600, -2.365
45.97, 0.09700, -2.232
45.98, 0.09800, -1.115
45.99, 0.09900, -3.475
46.00, 0.1000, -2.492
46.01, 0.1010, -1.832
46.02, 0.1020, -3.759
46.03, 0.1030, -2.028
46.04, 0.1040, -3.069
46.05, 0.1050, -2.804
46.06, 0.1060, -0.7027
46.07, 0.1070, -1.591
46.08, 0.1080, -1.863
46.09, 0.1090, 0.1905
46.10, 0.1100, -2.511
46.11, 0.1110, -1.287
46.12, 0.1120, -1.781
46.13, 0.1130, 0.6957
46.14, 0.1140, 0.6319
46.15, 0.1150, -1.700
46.16, 0.1160, -1.429
46.17, 0.1170, -2.096
46.18, 0.1180, -0.6526
46.19, 0.1190, -2.782
46.20, 0.1200, -2.452
46.21, 0.1210, -2.712
46.22, 0.1220, 0.09624
46.23, 0.1230, -0.7294
46.24, 0.1240, -2.793
46.25, 0.1250, -0.7815
46.26, 0.1260, -1.297
46.27, 0.1270, -4.155
46.28, 0.1280, -0.003971
46.29, 0.1290, -1.117
46.30, 0.1300, -2.068
46.31, 0.1310, -1.477
46.32, 0.1320, -2.296
46.33, 0.1330, -1.813
46.34, 0.1340, -1.843
46.35, 0.1350, -0.03517
46.36, 0.1360, -1.348
46.37, 0.1370, -0.9595
46.38, 0.1380, -3.222
46.39, 0.1390, -0.7504
46.40, 0.1400, -1.986
46.41, 0.1410, -0.5311
46.42, 0.1420, -2.145
46.43, 0.1430, 0.08138
46.44, 0.1440, -1.310
46.45, 0.1450, -3.501
46.46, 0.1460, -0.8506
46.47, 0.1470, -0.9355
46.48, 0.1480, -0.9722
46.49, 0.1490, -0.4204
46.50, 0.1500, -2.096
46.51, 0.1510, -1.149
46.52, 0.1520, -0.03179
46.53, 0.1530, -1.271
46.54, 0.1540, 0.2073
46.55, 0.1550, -0.4299
46.56, 0.1560, -1.102
46.57, 0.1570, -1.384
46.58, 0.1580, -0.6936
46.59, 0.1590, -1.012
46.60, 0.1600, 0.2047
46.61, 0.1610, 0.4650
46.62, 0.1620, -1.385
46.63, 0.1630, 1.350
46.64, 0.1640, -1.261
46.65, 0.1650, -2.028
46.66, 0.1660, 0.8062
46.67, 0.1670, 1.290
46.68, 0.1680, -1.265
46.69, 0.1690, -0.4948
46.70, 0.1700, 0.7606
46.71, 0.1710, -0.1026
46.72, 0.1720, -0.4899
46.73, 0.1730, 0.5072
46.74, 0.1740, -2.129
46.75, 0.1750, -0.07430
46.76, 0.1760, -1.068
46.77, 0.1770, 0.7666
46.78, 0.1780, -0.2176
46.79, 0.1790, -0.07005
46.80, 0.1800, 0.8784
46.81, 0.1810, -1.439
46.82, 0.1820, 0.6736
46.83, 0.1830, 1.200
46.84, 0.1840, -1.570
46.85, 0.1850, -0.1745
46.86, 0.1860, 1.228
46.87, 0.1870, 0.3007
46.88, 0.1880, 1.896
46.89, 0.1890, -0.6974
46.90, 0.1900, 1.058
46.91, 0.1910, 0.1964
46.92, 0.1920, 0.9749
46.93, 0.1930, 0.2632
46.94, 0.1940, 0.5493
46.95, 0.1950, 0.01876
46.96, 0.1960, 2.389
46.97, 0.1970, 1.628
46.98, 0.1980, 2.232
46.99, 0.1990, 1.375
47.00, 0.2000, 2.211
47.01, 0.2010, 1.725
47.02, 0.2020, 1.892
47.03, 0.2030, 0.9563
47.04, 0.2040, 0.5354
47.05, 0.2050, 0.2898
47.06, 0.2060, 1.957
47.07, 0.2070, 1.785
47.08, 0.2080, 1.740
47.09, 0.2090, 3.178
47.10, 0.2100, 3.276
47.11, 0.2110, 0.4278
47.12, 0.2120, 1.401
47.13, 0.2130, 3.275
47.14, 0.2140, 3.625
47.15, 0.2150, 1.309
47.16, 0.2160, 2.371
47.17, 0.2170, 2.263
47.18, 0.2180, 2.895
47.19, 0.2190, 2.760
47.20, 0.2200, 3.865
47.21, 0.2210, 2.533
47.22, 0.2220, 2.995
47.23, 0.2230, 4.045
47.24, 0.2240, 1.503
47.25, 0.2250, 3.448
47.26, 0.2260, 0.9044
47.27, 0.2270, 1.098
47.28, 0.2280, 3.506
47.29, 0.2290, 2.041
47.30, 0.2300, 4.771
47.31, 0.2310, 3.806
47.32, 0.2320, 3.272
47.33, 0.2330, 3.803
47.34, 0.2340, 3.432
47.35, 0.2350, 3.785
47.36, 0.2360, 4.250
47.37, 0.2370, 4.543
47.38, 0.2380, 3.388
47.39, 0.2390, 4.667
47.40, 0.2400, 3.821
47.41, 0.2410, 3.040
47.42, 0.2420, 4.193
47.43, 0.2430, 4.961
47.44, 0.2440, 4.752
47.45, 0.2450, 3.740
47.46, 0.2460, 3.778
47.47, 0.2470, 3.913
47.48, 0.2480, 2.848
47.49, 0.2490, 5.499
47.50, 0.2500, 3.704
47.51, 0.2510, 1.947
47.52, 0.2520, 4.230
47.53, 0.2530, 3.748
47.54, 0.2540, 5.313
47.55, 0.2550, 5.630
47.56, 0.2560, 2.974
47.57, 0.2570, 3.230
47.58, 0.2580, 4.604
47.59, 0.2590, 4.902
47.60, 0.2600, 5.168
47.61, 0.2610, 6.673
47.62, 0.2620, 5.219
47.63, 0.2630, 2.854
47.64, 0.2640, 3.909
47.65, 0.2650, 4.773
47.66, 0.2660, 5.671
47.67, 0.2670, 4.330
47.68, 0.2680, 4.756
47.69, 0.2690, 5.457
47.70, 0.2700, 4.234
47.71, 0.2710, 4.507
47.72, 0.2720, 6.482
47.73, 0.2730, 7.131
47.74, 0.2740, 6.368
47.75, 0.2750, 6.429
47.76, 0.2760, 5.888
47.77, 0.2770, 6.656
47.78, 0.2780, 6.379
47.79, 0.2790, 7.462
47.80, 0.2800, 7.228
47.81, 0.2810, 8.643
47.82, 0.2820, 7.218
47.83, 0.2830, 8.615
47.84, 0.2840, 8.090
47.85, 0.2850, 7.991
47.86, 0.2860, 5.385
47.87, 0.2870, 7.466
47.88, 0.2880, 8.159
47.89, 0.2890, 7.798
47.90, 0.2900, 7.658
47.91, 0.2910, 7.359
47.92, 0.2920, 7.419
47.93, 0.2930, 8.635
47.94, 0.2940, 10.09
47.95, 0.2950, 8.182
47.96, 0.2960, 8.504
47.97, 0.2970, 8.841
47.98, 0.2980, 10.41
47.99, 0.2990, 9.000
48.00, 0.3000, 10.49
48.01, 0.3010, 9.071
48.02, 0.3020, 9.317
48.03, 0.3030, 10.00
48.04, 0.3040, 10.94
48.05, 0.3050, 10.68
48.06, 0.3060, 11.08
48.07, 0.3070, 9.372
48.08, 0.3080, 11.54
48.09, 0.3090, 12.28
48.10, 0.3100, 11.43
48.11, 0.3110, 11.71
48.12, 0.3120, 9.648
48.13, 0.3130, 10.70
48.14, 0.3140, 12.17
48.15, 0.3150, 12.54
48.16, 0.3160, 12.13
48.17, 0.3170, 12.02
48.18, 0.3180, 10.39
48.19, 0.3190, 12.50
48.20, 0.3200, 13.43
48.21, 0.3210, 12.25
48.22, 0.3220, 14.10
48.23, 0.3230, 14.26
48.24, 0.3240, 15.06
48.25, 0.3250, 13.30
48.26, 0.3260, 13.63
48.27, 0.3270, 14.02
48.28, 0.3280, 14.32
48.29, 0.3290, 14.29
48.30, 0.3300, 15.66
48.31, 0.3310, 15.16
48.32, 0.3320, 14.36
48.33, 0.3330, 14.72
48.34, 0.3340, 16.08
48.35, 0.3350, 15.40
48.36, 0.3360, 16.88
48.37, 0.3370, 17.05
48.38, 0.3380, 15.72
48.39, 0.3390, 15.17
48.40, 0.3400, 17.17
48.41, 0.3410, 16.18
48.42, 0.3420, 16.49
48.43, 0.3430, 17.62
48.44, 0.3440, 17.18
48.45, 0.3450, 17.30
48.46, 0.3460, 17.06
48.47, 0.3470, 16.65
48.48, 0.3480, 17.71
48.49, 0.3490, 17.79
48.50, 0.3500, 18.01
48.51, 0.3510, 17.58
48.52, 0.3520, 18.99
48.53, 0.3530, 19.46
48.54, 0.3540, 19.03
48.55, 0.3550, 18.56
48.56, 0.3560, 19.49
48.57, 0.3570, 17.33
48.58, 0.3580, 20.34
48.59, 0.3590, 18.69
48.60, 0.3600, 19.30
48.61, 0.3610, 17.60
48.62, 0.3620, 20.48
48.63, 0.3630, 19.08
48.64, 0.3640, 21.88
48.65, 0.3650, 21.62
48.66, 0.3660, 22.68
48.67, 0.3670, 19.69
48.68, 0.3680, 20.41
48.69, 0.3690, 20.95
48.70, 0.3700, 21.95
48.71, 0.3710, 20.98
48.72, 0.3720, 21.38
48.73, 0.3730, 22.01
48.74, 0.3740, 20.50
48.75, 0.3750, 22.78
48.76, 0.3760, 22.13
48.77, 0.3770, 22.34
48.78, 0.3780, 21.06
48.79, 0.3790, 22.16
48.80, 0.3800, 21.50
48.81, 0.3810, 22.44
48.82, 0.3820, 23.82
48.83, 0.3830, 23.23
48.84, 0.3840, 21.67
48.85, 0.3850, 23.01
48.86, 0.3860, 23.45
48.87, 0.3870, 24.39
48.88, 0.3880, 22.11
48.89, 0.3890, 23.78
48.90, 0.3900, 23.64
48.91, 0.3910, 23.33
48.92, 0.3920, 24.11
48.93, 0.3930, 24.84
48.94, 0.3940, 26.16
48.95, 0.3950, 25.83
48.96, 0.3960, 24.84
48.97, 0.3970, 26.19
48.98, 0.3980, 25.48
48.99, 0.3990, 24.96
49.00, 0.4000, 25.73
49.01, 0.4010, 23.43
49.02, 0.4020, 24.96
49.03, 0.4030, 25.04
49.04, 0.4040, 26.30
49.05, 0.4050, 24.93
49.06, 0.4060, 26.06
49.07, 0.4070, 26.55
49.08, 0.4080, 26.52
49.09, 0.4090, 27.08
49.10, 0.4100, 27.51
49.11, 0.4110, 25.78
49.12, 0.4120, 26.04
49.13, 0.4130, 27.22
49.14, 0.4140, 25.29
49.15, 0.4150, 25.01
49.16, 0.4160, 27.79
49.17, 0.4170, 27.67
49.18, 0.4180, 28.15
49.19, 0.4190, 28.77
49.20, 0.4200, 28.70
49.21, 0.4210, 28.29
49.22, 0.4220, 27.87
49.23, 0.4230, 26.62
49.24, 0.4240, 28.77
49.25, 0.4250, 27.79
49.26, 0.4260, 27.69
49.27, 0.4270, 28.72
49.28, 0.4280, 29.20
49.29, 0.4290, 29.03
49.30, 0.4300, 28.76
49.31, 0.4310, 28.05
49.32, 0.4320, 30.04
49.33, 0.4330, 29.21
49.34, 0.4340, 29.93
49.35, 0.4350, 28.48
49.36, 0.4360, 30.61
49.37, 0.4370, 29.48
49.38, 0.4380, 30.34
49.39, 0.4390, 29.35
49.40, 0.4400, 30.83
49.41, 0.4410, 28.48
49.42, 0.4420, 27.63
49.43, 0.4430, 28.79
49.44, 0.4440, 31.47
49.45, 0.4450, 29.79
49.46, 0.4460, 29.66
49.47, 0.4470, 29.64
49.48, 0.4480, 31.06
49.49, 0.4490, 30.66
49.50, 0.4500, 31.14
49.51, 0.4510, 31.82
49.52, 0.4520, 31.88
49.53, 0.4530, 31.63
49.54, 0.4540, 31.77
49.55, 0.4550, 31.02
49.56, 0.4560, 28.76
49.57, 0.4570, 29.71
49.58, 0.4580, 30.92
49.59, 0.4590, 29.17
49.60, 0.4600, 30.89
49.61, 0.4610, 32.36
49.62, 0.4620, 31.45
49.63, 0.4630, 30.23
49.64, 0.4640, 31.79
49.65, 0.4650, 30.23
49.66, 0.4660, 30.97
49.67, 0.4670, 31.39
49.68, 0.4680, 30.52
49.69, 0.4690, 31.52
49.70, 0.4700, 32.38
49.71, 0.4710, 31.30
49.72, 0.4720, 31.26
49.73, 0.4730, 32.58
49.74, 0.4740, 31.65
49.75, 0.4750, 28.83
49.76, 0.4760, 32.12
49.77, 0.4770, 32.35
49.78, 0.4780, 32.89
49.79, 0.4790, 31.48
49.80, 0.4800, 32.08
49.81, 0.4810, 29.62
49.82, 0.4820, 30.33
49.83, 0.4830, 30.88
49.84, 0.4840, 32.90
49.85, 0.4850, 32.17
49.86, 0.4860, 30.96
49.87, 0.4870, 30.07
49.88, 0.4880, 33.71
49.89, 0.4890, 33.31
49.90, 0.4900, 31.89
49.91, 0.4910, 33.09
49.92, 0.4920, 32.82
49.93, 0.4930, 32.98
49.94, 0.4940, 34.60
49.95, 0.4950, 31.64
49.96, 0.4960, 34.94
49.97, 0.4970, 33.61
49.98, 0.4980, 32.36
49.99, 0.4990, 31.73
50.00, 0.5000, 32.72
50.01, 0.5010, 30.38
50.02, 0.5020, 33.04
50.03, 0.5030, 31.75
50.04, 0.5040, 33.17
50.05, 0.5050, 32.61
50.06, 0.5060, 32.80
50.07, 0.5070, 32.97
50.08, 0.5080, 31.95
50.09, 0.5090, 32.57
50.10, 0.5100, 33.04
50.11, 0.5110, 30.64
50.12, 0.5120, 32.53
50.13, 0.5130, 32.27
50.14, 0.5140, 32.17
50.15, 0.5150, 31.81
50.16, 0.5160, 32.17
50.17, 0.5170, 30.91
50.18, 0.5180, 30.99
50.19, 0.5190, 32.03
50.20, 0.5200, 32.29
50.21, 0.5210, 33.78
50.22, 0.5220, 32.34
50.23, 0.5230, 33.95
50.24, 0.5240, 33.25
50.25, 0.5250, 32.66
50.26, 0.5260, 30.91
50.27, 0.5270, 33.26
50.28, 0.5280, 32.01
50.29, 0.5290, 33.01
50.30, 0.5300, 33.47
50.31, 0.5310, 32.33
50.32, 0.5320, 32.66
50.33, 0.5330, 32.88
50.34, 0.5340, 32.88
50.35, 0.5350, 32.45
50.36, 0.5360, 32.31
50.37, 0.5370, 34.94
50.38, 0.5380, 31.75
50.39, 0.5390, 33.03
50.40, 0.5400, 33.81
50.41, 0.5410, 32.43
50.42, 0.5420, 31.62
50.43, 0.5430, 33.37
50.44, 0.5440, 30.80
50.45, 0.5450, 31.95
50.46, 0.5460, 32.42
50.47, 0.5470, 33.08
50.48, 0.5480, 34.14
50.49, 0.5490, 31.05
50.50, 0.5500, 33.69
50.51, 0.5510, 33.19
50.52, 0.5520, 32.39
50.53, 0.5530, 32.77
50.54, 0.5540, 33.18
50.55, 0.5550, 32.92
50.56, 0.5560, 31.29
50.57, 0.5570, 33.37
50.58, 0.5580, 31.38
50.59, 0.5590, 32.01
50.60, 0.5600, 32.26
50.61, 0.5610, 32.45
50.62, 0.5620, 32.35
50.63, 0.5630, 33.22
50.64, 0.5640, 33.91
50.65, 0.5650, 32.33
50.66, 0.5660, 32.67
50.67, 0.5670, 31.89
50.68, 0.5680, 32.17
50.69, 0.5690, 33.66
50.70, 0.5700, 33.10
50.71, 0.5710, 31.43
50.72, 0.5720, 32.32
50.73, 0.5730, 34.71
50.74, 0.5740, 34.27
50.75, 0.5750, 32.48
50.76, 0.5760, 33.17
50.77, 0.5770, 32.14
50.78, 0.5780, 33.10
50.79, 0.5790, 33.71
50.80, 0.5800, 33.77
50.81, 0.5810, 31.47
50.82, 0.5820, 31.99
50.83, 0.5830, 33.23
50.84, 0.5840, 31.54
50.85, 0.5850, 32.35
50.86, 0.5860, 31.73
50.87, 0.5870, 33.08
50.88, 0.5880, 34.48
50.89, 0.5890, 34.10
50.90, 0.5900, 32.37
50.91, 0.5910, 32.47
50.92, 0.5920, 31.37
50.93, 0.5930, 32.85
50.94, 0.5940, 31.81
50.95, 0.5950, 32.66
50.96, 0.5960, 31.56
50.97, 0.5970, 31.30
50.98, 0.5980, 32.64
50.99, 0.5990, 33.65
51.00, 0.6000, 30.74
51.01, 0.6010, 32.40
51.02, 0.6020, 31.63
51.03, 0.6030, 34.22
51.04, 0.6040, 32.85
51.05, 0.6050, 31.27
51.06, 0.6060, 33.32
51.07, 0.6070, 32.72
51.08, 0.6080, 31.26
51.09, 0.6090, 33.06
51.10, 0.6100, 33.08
51.11, 0.6110, 32.28
51.12, 0.6120, 31.20
51.13, 0.6130, 33.00
51.14, 0.6140, 32.21
51.15, 0.6150, 34.39
51.16, 0.6160, 31.36
51.17, 0.6170, 34.44
51.18, 0.6180, 33.74
51.19, 0.6190, 32.44
51.20, 0.6200, 32.78
51.21, 0.6210, 33.85
51.22, 0.6220, 32.90
51.23, 0.6230, 34.04
51.24, 0.6240, 33.28
51.25, 0.6250, 34.27
51.26, 0.6260, 32.68
51.27, 0.6270, 31.86
51.28, 0.6280, 31.78
51.29, 0.6290, 32.64
51.30, 0.6300, 32.57
51.31, 0.6310, 31.16
51.32, 0.6320, 32.15
51.33, 0.6330, 33.06
51.34, 0.6340, 32.53
51.35, 0.6350, 32.89
51.36, 0.6360, 31.45
51.37, 0.6370, 32.63
51.38, 0.6380, 33.71
51.39, 0.6390, 32.00
51.40, 0.6400, 32.86
51.41, 0.6410, 32.35
51.42, 0.6420, 34.81
51.43, 0.6430, 32.63
51.44, 0.6440, 32.53
51.45, 0.6450, 33.43
51.46, 0.6460, 32.20
51.47, 0.6470, 32.13
51.48, 0.6480, 31.98
51.49, 0.6490, 32.38
51.50, 0.6500, 31.61
51.51, 0.6510, 32.16
51.52, 0.6520, 32.42
51.53, 0.6530, 33.11
51.54, 0.6540, 32.12
51.55, 0.6550, 33.13
51.56, 0.6560, 32.72
51.57, 0.6570, 32.32
51.58, 0.6580, 33.50
51.59, 0.6590, 32.53
51.60, 0.6600, 33.42
51.61, 0.6610, 34.54
51.62, 0.6620, 32.45
51.63, 0.6630, 32.58
51.64, 0.6640, 33.12
51.65, 0.6650, 34.47
51.66, 0.6660, 33.57
51.67, 0.6670, 33.21
51.68, 0.6680, 33.27
51.69, 0.6690, 33.07
51.70, 0.6700, 33.35
51.71, 0.6710, 32.86
51.72, 0.6720, 31.87
51.73, 0.6730, 33.93
51.74, 0.6740, 32.80
51.75, 0.6750, 31.58
51.76, 0.6760, 30.67
51.77, 0.6770, 34.24
51.78, 0.6780, 33.37
51.79, 0.6790, 33.04
51.80, 0.6800, 32.85
51.81, 0.6810, 32.61
51.82, 0.6820, 33.55
51.83, 0.6830, 33.77
51.84, 0.6840, 32.20
51.85, 0.6850, 33.16
51.86, 0.6860, 32.43
51.87, 0.6870, 33.62
51.88, 0.6880, 34.00
51.89, 0.6890, 33.19
51.90, 0.6900, 31.99
51.91, 0.6910, 32.03
51.92, 0.6920, 32.64
51.93, 0.6930, 32.37
51.94, 0.6940, 32.01
51.95, 0.6950, 33.56
51.96, 0.6960, 30.87
51.97, 0.6970, 31.98
51.98, 0.6980, 33.02
51.99, 0.6990, 32.85
52.00, 0.7000, 32.66
52.01, 0.7010, 33.96
52.02, 0.7020, 31.53
52.03, 0.7030, 32.44
52.04, 0.7040, 31.25
52.05, 0.7050, 34.13
52.06, 0.7060, 33.45
52.07, 0.7070, 32.31
52.08, 0.7080, 33.48
52.09, 0.7090, 33.76
52.10, 0.7100, 33.61
52.11, 0.7110, 31.92
52.12, 0.7120, 31.81
52.13, 0.7130, 33.40
52.14, 0.7140, 33.41
52.15, 0.7150, 33.26
52.16, 0.7160, 32.80
52.17, 0.7170, 33.18
52.18, 0.7180, 32.05
52.19, 0.7190, 31.77
52.20, 0.7200, 32.84
52.21, 0.7210, 31.09
52.22, 0.7220, 32.56
52.23, 0.7230, 34.12
52.24, 0.7240, 32.58
52.25, 0.7250, 34.28
52.26, 0.7260, 31.92
52.27, 0.7270, 33.08
52.28, 0.7280, 31.83
52.29, 0.7290, 34.01
52.30, 0.7300, 31.86
52.31, 0.7310, 33.70
52.32, 0.7320, 32.51
52.33, 0.7330, 32.76
52.34, 0.7340, 30.32
52.35, 0.7350, 32.93
52.36, 0.7360, 32.32
52.37, 0.7370, 31.49
52.38, 0.7380, 32.34
52.39, 0.7390, 31.63
52.40, 0.7400, 32.27
52.41, 0.7410, 33.48
52.42, 0.7420, 33.22
52.43, 0.7430, 32.97
52.44, 0.7440, 33.16
52.45, 0.7450, 33.18
52.46, 0.7460, 34.58
52.47, 0.7470, 31.67
52.48, 0.7480, 33.05
52.49, 0.7490, 34.64
52.50, 0.7500, 32.73
52.51, 0.7510, 31.73
52.52, 0.7520, 31.28
52.53, 0.7530, 32.39
52.54, 0.7540, 30.42
52.55, 0.7550, 29.90
52.56, 0.7560, 30.41
52.57, 0.7570, 31.18
52.58, 0.7580, 32.07
52.59, 0.7590, 33.43
52.60, 0.7600, 31.10
52.61, 0.7610, 31.48
52.62, 0.7620, 31.60
52.63, 0.7630, 32.56
52.64, 0.7640, 31.81
52.65, 0.7650, 31.70
52.66, 0.7660, 30.34
52.67, 0.7670, 32.34
52.68, 0.7680, 31.35
52.69, 0.7690, 30.30
52.70, 0.7700, 33.58
52.71, 0.7710, 31.63
52.72, 0.7720, 32.65
52.73, 0.7730, 31.75
52.74, 0.7740, 29.51
52.75, 0.7750, 33.13
52.76, 0.7760, 31.86
52.77, 0.7770, 30.19
52.78, 0.7780, 30.32
52.79, 0.7790, 32.74
52.80, 0.7800, 31.76
52.81, 0.7810, 32.08
52.82, 0.7820, 30.78
52.83, 0.7830, 30.90
52.84, 0.7840, 30.51
52.85, 0.7850, 31.94
52.86, 0.7860, 31.27
52.87, 0.7870, 32.31
52.88, 0.7880, 33.02
52.89, 0.7890, 31.17
52.90, 0.7900, 31.91
52.91, 0.7910, 32.62
52.92, 0.7920, 33.25
52.93, 0.7930, 33.14
52.94, 0.7940, 33.05
52.95, 0.7950, 32.62
52.96, 0.7960, 31.54
52.97, 0.7970, 31.68
52.98, 0.7980, 31.34
52.99, 0.7990, 33.28
53.00, 0.8000, 31.61
53.01, 0.8010, 31.87
53.02, 0.8020, 32.57
53.03, 0.8030, 31.48
53.04, 0.8040, 32.19
53.05, 0.8050, 31.53
53.06, 0.8060, 30.67
53.07, 0.8070, 32.03
53.08, 0.8080, 33.10
53.09, 0.8090, 32.66
53.10, 0.8100, 31.57
53.11, 0.8110, 32.44
53.12, 0.8120, 31.51
53.13, 0.8130, 33.08
53.14, 0.8140, 31.21
53.15, 0.8150, 31.90
53.16, 0.8160, 30.58
53.17, 0.8170, 32.77
53.18, 0.8180, 31.31
53.19, 0.8190, 32.22
53.20, 0.8200, 30.55
53.21, 0.8210, 30.97
53.22, 0.8220, 30.76
53.23, 0.8230, 31.23
53.24, 0.8240, 32.32
53.25, 0.8250, 32.64
53.26, 0.8260, 30.63
53.27, 0.8270, 32.18
53.28, 0.8280, 33.52
53.29, 0.8290, 31.69
53.30, 0.8300, 34.44
53.31, 0.8310, 32.47
53.32, 0.8320, 32.90
53.33, 0.8330, 32.78
53.34, 0.8340, 31.65
53.35, 0.8350, 32.39
53.36, 0.8360, 34.07
53.37, 0.8370, 30.50
53.38, 0.8380, 32.39
53.39, 0.8390, 32.27
53.40, 0.8400, 32.58
53.41, 0.8410, 31.49
53.42, 0.8420, 32.51
53.43, 0.8430, 31.60
53.44, 0.8440, 32.38
53.45, 0.8450, 32.49
53.46, 0.8460, 30.77
53.47, 0.8470, 31.66
53.48, 0.8480, 32.63
53.49, 0.8490, 32.66
53.50, 0.8500, 32.64
53.51, 0.8510, 32.29
53.52, 0.8520, 30.37
53.53, 0.8530, 33.49
53.54, 0.8540, 31.65
53.55, 0.8550, 32.80
53.56, 0.8560, 33.18
53.57, 0.8570, 33.40
53.58, 0.8580, 31.23
53.59, 0.8590, 32.72
53.60, 0.8600, 30.17
53.61, 0.8610, 32.18
53.62, 0.8620, 31.16
53.63, 0.8630, 31.36
53.64, 0.8640, 32.36
53.65, 0.8650, 33.14
53.66, 0.8660, 31.26
53.67, 0.8670, 32.25
53.68, 0.8680, 33.23
53.69, 0.8690, 30.83
53.70, 0.8700, 32.20
53.71, 0.8710, 34.14
53.72, 0.8720, 33.44
53.73, 0.8730, 33.81
53.74, 0.8740, 33.14
53.75, 0.8750, 33.08
53.76, 0.8760, 32.69
53.77, 0.8770, 30.59
53.78, 0.8780, 31.71
53.79, 0.8790, 32.63
53.80, 0.8800, 33.35
53.81, 0.8810, 30.78
53.82, 0.8820, 32.26
53.83, 0.8830, 32.36
53.84, 0.8840, 33.77
53.85, 0.8850, 31.81
53.86, 0.8860, 32.14
53.87, 0.8870, 33.92
53.88, 0.8880, 31.62
53.89, 0.8890, 32.53
53.90, 0.8900, 32.35
53.91, 0.8910, 32.76
53.92, 0.8920, 32.67
53.93, 0.8930, 34.37
53.94, 0.8940, 32.81
53.95, 0.8950, 33.02
53.96, 0.8960, 34.02
53.97, 0.8970, 32.39
53.98, 0.8980, 33.01
53.99, 0.8990, 33.81
54.00, 0.9000, 33.50
54.01, 0.9010, 32.69
54.02, 0.9020, 34.12
54.03, 0.9030, 32.79
54.04, 0.9040, 33.83
54.05, 0.9050, 33.12
54.06, 0.9060, 33.26
54.07, 0.9070, 32.50
54.08, 0.9080, 33.75
54.09, 0.9090, 33.16
54.10, 0.9100, 32.85
54.11, 0.9110, 34.02
54.12, 0.9120, 32.60
54.13, 0.9130, 34.20
54.14, 0.9140, 33.63
54.15, 0.9150, 33.92
54.16, 0.9160, 32.57
54.17, 0.9170, 34.36
54.18, 0.9180, 31.97
54.19, 0.9190, 32.61
54.20, 0.9200, 33.49
54.21, 0.9210, 33.91
54.22, 0.9220, 33.48
54.23, 0.9230, 34.79
54.24, 0.9240, 33.39
54.25, 0.9250, 35.27
54.26, 0.9260, 33.21
54.27, 0.9270, 33.57
54.28, 0.9280, 32.95
54.29, 0.9290, 33.55
54.30, 0.9300, 33.54
54.31, 0.9310, 34.26
54.32, 0.9320, 33.66
54.33, 0.9330, 34.43
54.34, 0.9340, 35.00
54.35, 0.9350, 33.92
54.36, 0.9360, 35.16
54.37, 0.9370, 34.15
54.38, 0.9380, 33.30
54.39, 0.9390, 32.98
54.40, 0.9400, 34.46
54.41, 0.9410, 35.16
54.42, 0.9420, 33.93
54.43, 0.9430, 34.58
54.44, 0.9440, 33.92
54.45, 0.9450, 34.23
54.46, 0.9460, 34.18
54.47, 0.9470, 33.18
54.48, 0.9480, 34.17
54.49, 0.9490, 33.27
54.50, 0.9500, 34.29
54.51, 0.9510, 33.29
54.52, 0.9520, 35.56
54.53, 0.9530, 35.59
54.54, 0.9540, 34.52
54.55, 0.9550, 34.71
54.56, 0.9560, 35.05
54.57, 0.9570, 36.24
54.58, 0.9580, 35.00
54.59, 0.9590, 35.81
54.60, 0.9600, 35.16
54.61, 0.9610, 34.38
54.62, 0.9620, 36.37
54.63, 0.9630, 35.27
54.64, 0.9640, 35.56
54.65, 0.9650, 34.50
54.66, 0.9660, 35.13
54.67, 0.9670, 35.73
54.68, 0.9680, 34.80
54.69, 0.9690, 36.16
54.70, 0.9700, 35.60
54.71, 0.9710, 34.42
54.72, 0.9720, 36.07
54.73, 0.9730, 34.73
54.74, 0.9740, 35.58
54.75, 0.9750, 34.18
54.76, 0.9760, 36.47
54.77, 0.9770, 35.41
54.78, 0.9780, 36.00
54.79, 0.9790, 36.10
54.80, 0.9800, 36.99
54.81, 0.9810, 35.61
54.82, 0.9820, 36.53
54.83, 0.9830, 35.67
54.84, 0.9840, 36.49
54.85, 0.9850, 35.78
54.86, 0.9860, 36.61
54.87, 0.9870, 36.30
54.88, 0.9880, 37.37
54.89, 0.9890, 36.52
54.90, 0.9900, 35.18
54.91, 0.9910, 35.79
54.92, 0.9920, 35.15
54.93, 0.9930, 36.38
54.94, 0.9940, 36.87
54.95, 0.9950, 38.17
54.96, 0.9960, 36.96
54.97, 0.9970, 36.21
54.98, 0.9980, 37.25
54.99, 0.9990, 38.33
55.00, 1.000, 36.37
55.01, 1.001, 34.12
55.02, 1.002, 36.27
55.03, 1.003, 36.21
55.04, 1.004, 34.53
55.05, 1.005, 36.69
55.06, 1.006, 35.10
55.07, 1.007, 37.89
55.08, 1.008, 36.34
55.09, 1.009, 37.81
55.10, 1.010, 35.92
55.11, 1.011, 37.71
55.12, 1.012, 39.06
55.13, 1.013, 37.93
55.14, 1.014, 36.15
55.15, 1.015, 35.66
55.16, 1.016, 37.29
55.17, 1.017, 37.51
55.18, 1.018, 36.52
55.19, 1.019, 36.10
55.20, 1.020, 38.70
55.21, 1.021, 37.87
55.22, 1.022, 37.07
55.23, 1.023, 38.34
55.24, 1.024, 38.29
55.25, 1.025, 37.22
55.26, 1.026, 36.91
55.27, 1.027, 36.74
55.28, 1.028, 37.24
55.29, 1.029, 36.93
55.30, 1.030, 36.19
55.31, 1.031, 37.29
55.32, 1.032, 38.47
55.33, 1.033, 36.30
55.34, 1.034, 39.63
55.35, 1.035, 37.08
55.36, 1.036, 39.40
55.37, 1.037, 36.84
55.38, 1.038, 39.26
55.39, 1.039, 40.69
55.40, 1.040, 40.61
55.41, 1.041, 38.39
55.42, 1.042, 40.97
55.43, 1.043, 39.22
55.44, 1.044, 39.77
55.45, 1.045, 37.82
55.46, 1.046, 39.71
55.47, 1.047, 40.22
55.48, 1.048, 36.87
55.49, 1.049, 40.82
55.50, 1.050, 40.06
55.51, 1.051, 39.61
55.52, 1.052, 39.80
55.53, 1.053, 40.14
55.54, 1.054, 40.23
55.55, 1.055, 39.51
55.56, 1.056, 38.05
55.57, 1.057, 39.09
55.58, 1.058, 40.35
55.59, 1.059, 38.26
55.60, 1.060, 40.71
55.61, 1.061, 39.98
55.62, 1.062, 39.04
55.63, 1.063, 40.73
55.64, 1.064, 40.21
55.65, 1.065, 40.91
55.66, 1.066, 39.57
55.67, 1.067, 40.78
55.68, 1.068, 40.40
55.69, 1.069, 40.53
55.70, 1.070, 40.82
55.71, 1.071, 42.00
55.72, 1.072, 39.23
55.73, 1.073, 40.37
55.74, 1.074, 40.49
55.75, 1.075, 40.74
55.76, 1.076, 39.81
55.77, 1.077, 41.10
55.78, 1.078, 41.50
55.79, 1.079, 41.49
55.80, 1.080, 41.57
55.81, 1.081, 42.49
55.82, 1.082, 41.82
55.83, 1.083, 42.12
55.84, 1.084, 41.33
55.85, 1.085, 41.93
55.86, 1.086, 41.81
55.87, 1.087, 41.52
55.88, 1.088, 41.49
55.89, 1.089, 42.44
55.90, 1.090, 41.54
55.91, 1.091, 42.01
55.92, 1.092, 42.83
55.93, 1.093, 42.21
55.94, 1.094, 42.18
55.95, 1.095, 43.53
55.96, 1.096, 41.40
55.97, 1.097, 42.46
55.98, 1.098, 40.42
55.99, 1.099, 42.53
56.00, 1.100, 39.93
56.01, 1.101, 43.45
56.02, 1.102, 42.69
56.03, 1.103, 43.88
56.04, 1.104, 42.68
56.05, 1.105, 44.31
56.06, 1.106, 42.28
56.07, 1.107, 42.98
56.08, 1.108, 42.80
56.09, 1.109, 44.38
56.10, 1.110, 41.88
56.11, 1.111, 44.77
56.12, 1.112, 42.27
56.13, 1.113, 44.08
56.14, 1.114, 44.87
56.15, 1.115, 44.28
56.16, 1.116, 42.36
56.17, 1.117, 44.59
56.18, 1.118, 44.01
56.19, 1.119, 44.08
56.20, 1.120, 43.45
56.21, 1.121, 45.35
56.22, 1.122, 45.31
56.23, 1.123, 44.25
56.24, 1.124, 44.75
56.25, 1.125, 45.16
56.26, 1.126, 45.33
56.27, 1.127, 45.85
56.28, 1.128, 46.52
56.29, 1.129, 44.90
56.30, 1.130, 44.86
56.31, 1.131, 46.11
56.32, 1.132, 44.73
56.33, 1.133, 46.24
56.34, 1.134, 45.63
56.35, 1.135, 44.78
56.36, 1.136, 44.77
56.37, 1.137, 46.12
56.38, 1.138, 46.98
56.39, 1.139, 46.82
56.40, 1.140, 45.91
56.41, 1.141, 45.57
56.42, 1.142, 45.95
56.43, 1.143, 46.12
56.44, 1.144, 46.35
56.45, 1.145, 48.42
56.46, 1.146, 46.91
56.47, 1.147, 45.24
56.48, 1.148, 45.35
56.49, 1.149, 47.67
56.50, 1.150, 46.55
56.51, 1.151, 47.68
56.52, 1.152, 46.93
56.53, 1.153, 47.19
56.54, 1.154, 46.36
56.55, 1.155, 47.96
56.56, 1.156, 47.32
56.57, 1.157, 48.07
56.58, 1.158, 48.42
56.59, 1.159, 48.08
56.60, 1.160, 47.62
56.61, 1.161, 47.98
56.62, 1.162, 49.24
56.63, 1.163, 48.96
56.64, 1.164, 49.78
56.65, 1.165, 49.44
56.66, 1.166, 50.64
56.67, 1.167, 50.07
56.68, 1.168, 50.26
56.69, 1.169, 50.98
56.70, 1.170, 50.03
56.71, 1.171, 49.59
56.72, 1.172, 51.07
56.73, 1.173, 50.61
56.74, 1.174, 50.27
56.75, 1.175, 49.40
56.76, 1.176, 50.68
56.77, 1.177, 49.76
56.78, 1.178, 49.06
56.79, 1.179, 50.77
56.80, 1.180, 50.53
56.81, 1.181, 51.35
56.82, 1.182, 50.52
56.83, 1.183, 50.34
56.84, 1.184, 51.06
56.85, 1.185, 50.25
56.86, 1.186, 50.30
56.87, 1.187, 52.57
56.88, 1.188, 50.39
56.89, 1.189, 51.55
56.90, 1.190, 50.32
56.91, 1.191, 51.02
56.92, 1.192, 53.07
56.93, 1.193, 53.70
56.94, 1.194, 49.52
56.95, 1.195, 52.15
56.96, 1.196, 52.22
56.97, 1.197, 52.41
56.98, 1.198, 50.24
56.99, 1.199, 53.55
57.00, 1.200, 53.54
57.01, 1.201, 51.27
57.02, 1.202, 53.10
57.03, 1.203, 53.29
57.04, 1.204, 54.36
57.05, 1.205, 52.67
57.06, 1.206, 55.24
57.07, 1.207, 51.85
57.08, 1.208, 55.52
57.09, 1.209, 55.17
57.10, 1.210, 55.09
57.11, 1.211, 53.97
57.12, 1.212, 55.49
57.13, 1.213, 52.77
57.14, 1.214, 53.18
57.15, 1.215, 53.34
57.16, 1.216, 56.70
57.17, 1.217, 54.09
57.18, 1.218, 55.68
57.19, 1.219, 53.89
57.20, 1.220, 55.92
57.21, 1.221, 54.54
57.22, 1.222, 55.80
57.23, 1.223, 55.50
57.24, 1.224, 54.70
57.25, 1.225, 54.66
57.26, 1.226, 55.52
57.27, 1.227, 57.67
57.28, 1.228, 55.28
57.29, 1.229, 57.96
57.30, 1.230, 56.89
57.31, 1.231, 58.30
57.32, 1.232, 55.05
57.33, 1.233, 56.06
57.34, 1.234, 55.30
57.35, 1.235, 57.95
57.36, 1.236, 56.43
57.37, 1.237, 58.46
57.38, 1.238, 58.90
57.39, 1.239, 58.61
57.40, 1.240, 54.83
57.41, 1.241, 58.31
57.42, 1.242, 56.26
57.43, 1.243, 58.61
57.44, 1.244, 60.44
57.45, 1.245, 59.03
57.46, 1.246, 58.74
57.47, 1.247, 60.65
57.48, 1.248, 60.96
57.49, 1.249, 58.26
57.50, 1.250, 60.74
57.51, 1.251, 56.42
57.52, 1.252, 59.57
57.53, 1.253, 59.82
57.54, 1.254, 60.31
57.55, 1.255, 58.34
57.56, 1.256, 57.62
57.57, 1.257, 59.69
57.58, 1.258, 58.94
57.59, 1.259, 59.51
57.60, 1.260, 60.97
57.61, 1.261, 61.36
57.62, 1.262, 59.70
57.63, 1.263, 60.08
57.64, 1.264, 60.58
57.65, 1.265, 60.84
57.66, 1.266, 61.15
57.67, 1.267, 61.76
57.68, 1.268, 60.86
57.69, 1.269, 60.39
57.70, 1.270, 60.94
57.71, 1.271, 61.32
57.72, 1.272, 60.96
57.73, 1.273, 62.41
57.74, 1.274, 60.79
57.75, 1.275, 62.42
57.76, 1.276, 62.05
57.77, 1.277, 59.18
57.78, 1.278, 58.44
57.79, 1.279, 60.83
57.80, 1.280, 60.20
57.81, 1.281, 62.99
57.82, 1.282, 62.57
57.83, 1.283, 62.65
57.84, 1.284, 62.40
57.85, 1.285, 60.33
57.86, 1.286, 62.28
57.87, 1.287, 62.03
57.88, 1.288, 64.62
57.89, 1.289, 62.36
57.90, 1.290, 62.63
57.91, 1.291, 64.19
57.92, 1.292, 62.93
57.93, 1.293, 63.75
57.94, 1.294, 65.29
57.95, 1.295, 62.44
57.96, 1.296, 63.86
57.97, 1.297, 64.21
57.98, 1.298, 64.92
57.99, 1.299, 64.27
58.00, 1.300, 65.03
58.01, 1.301, 63.38
58.02, 1.302, 64.90
58.03, 1.303, 65.64
58.04, 1.304, 66.32
58.05, 1.305, 63.77
58.06, 1.306, 64.03
58.07, 1.307, 66.56
58.08, 1.308, 65.35
58.09, 1.309, 65.52
58.10, 1.310, 64.46
58.11, 1.311, 64.95
58.12, 1.312, 64.05
58.13, 1.313, 66.11
58.14, 1.314, 66.93
58.15, 1.315, 64.52
58.16, 1.316, 65.72
58.17, 1.317, 66.36
58.18, 1.318, 66.71
58.19, 1.319, 67.22
58.20, 1.320, 64.80
58.21, 1.321, 65.92
58.22, 1.322, 67.20
58.23, 1.323, 66.38
58.24, 1.324, 67.43
58.25, 1.325, 66.88
58.26, 1.326, 66.39
58.27, 1.327, 67.66
58.28, 1.328, 66.74
58.29, 1.329, 69.17
58.30, 1.330, 68.54
58.31, 1.331, 69.90
58.32, 1.332, 65.10
58.33, 1.333, 69.70
58.34, 1.334, 67.84
58.35, 1.335, 68.23
58.36, 1.336, 68.48
58.37, 1.337, 68.97
58.38, 1.338, 68.72
58.39, 1.339, 68.54
58.40, 1.340, 68.92
58.41, 1.341, 69.42
58.42, 1.342, 69.42
58.43, 1.343, 70.72
58.44, 1.344, 68.87
58.45, 1.345, 70.35
58.46, 1.346, 68.66
58.47, 1.347, 69.78
58.48, 1.348, 70.63
58.49, 1.349, 70.36
58.50, 1.350, 68.28
58.51, 1.351, 71.27
58.52, 1.352, 69.40
58.53, 1.353, 70.58
58.54, 1.354, 68.00
58.55, 1.355, 71.13
58.56, 1.356, 69.19
58.57, 1.357, 70.91
58.58, 1.358, 70.50
58.59, 1.359, 73.06
58.60, 1.360, 71.46
58.61, 1.361, 71.95
58.62, 1.362, 71.02
58.63, 1.363, 72.27
58.64, 1.364, 70.74
58.65, 1.365, 71.38
58.66, 1.366, 70.32
58.67, 1.367, 72.33
58.68, 1.368, 71.68
58.69, 1.369, 73.10
58.70, 1.370, 70.18
58.71, 1.371, 73.83
58.72, 1.372, 73.28
58.73, 1.373, 74.09
58.74, 1.374, 72.59
58.75, 1.375, 74.44
58.76, 1.376, 73.14
58.77, 1.377, 73.44
58.78, 1.378, 73.49
58.79, 1.379, 74.89
58.80, 1.380, 74.63
58.81, 1.381, 75.39
58.82, 1.382, 73.39
58.83, 1.383, 75.56
58.84, 1.384, 74.13
58.85, 1.385, 74.62
58.86, 1.386, 74.00
58.87, 1.387, 75.08
58.88, 1.388, 75.02
58.89, 1.389, 72.66
58.90, 1.390, 74.20
58.91, 1.391, 74.91
58.92, 1.392, 74.71
58.93, 1.393, 74.20
58.94, 1.394, 74.38
58.95, 1.395, 75.63
58.96, 1.396, 75.00
58.97, 1.397, 76.18
58.98, 1.398, 76.61
58.99, 1.399, 77.28
59.00, 1.400, 74.64
59.01, 1.401, 77.34
59.02, 1.402, 74.17
59.03, 1.403, 77.42
59.04, 1.404, 73.85
59.05, 1.405, 77.58
59.06, 1.406, 74.91
59.07, 1.407, 77.38
59.08, 1.408, 76.00
59.09, 1.409, 75.39
59.10, 1.410, 76.43
59.11, 1.411, 76.74
59.12, 1.412, 77.72
59.13, 1.413, 77.73
59.14, 1.414, 76.73
59.15, 1.415, 78.72
59.16, 1.416, 78.00
59.17, 1.417, 78.16
59.18, 1.418, 80.05
59.19, 1.419, 79.45
59.20, 1.420, 79.10
59.21, 1.421, 80.44
59.22, 1.422, 79.49
59.23, 1.423, 79.24
59.24, 1.424, 78.39
59.25, 1.425, 78.72
59.26, 1.426, 77.68
59.27, 1.427, 79.37
59.28, 1.428, 79.49
59.29, 1.429, 80.64
59.30, 1.430, 80.43
59.31, 1.431, 80.26
59.32, 1.432, 81.36
59.33, 1.433, 80.80
59.34, 1.434, 81.47
59.35, 1.435, 79.93
59.36, 1.436, 81.46
59.37, 1.437, 81.53
59.38, 1.438, 80.49
59.39, 1.439, 81.44
59.40, 1.440, 81.94
59.41, 1.441, 80.06
59.42, 1.442, 82.45
59.43, 1.443, 80.07
59.44, 1.444, 83.01
59.45, 1.445, 81.27
59.46, 1.446, 83.08
59.47, 1.447, 81.84
59.48, 1.448, 84.28
59.49, 1.449, 82.61
59.50, 1.450, 84.07
59.51, 1.451, 83.03
59.52, 1.452, 82.04
59.53, 1.453, 83.36
59.54, 1.454, 82.90
59.55, 1.455, 83.02
59.56, 1.456, 84.75
59.57, 1.457, 85.14
59.58, 1.458, 84.32
59.59, 1.459, 84.65
59.60, 1.460, 85.70
59.61, 1.461, 84.72
59.62, 1.462, 84.27
59.63, 1.463, 84.69
59.64, 1.464, 85.80
59.65, 1.465, 86.48
59.66, 1.466, 86.01
59.67, 1.467, 87.26
59.68, 1.468, 87.37
59.69, 1.469, 86.48
59.70, 1.470, 86.79
59.71, 1.471, 86.35
59.72, 1.472, 86.08
59.73, 1.473, 87.77
59.74, 1.474, 87.26
59.75, 1.475, 88.67
59.76, 1.476, 86.22
59.77, 1.477, 89.23
59.78, 1.478, 87.83
59.79, 1.479, 89.20
59.80, 1.480, 88.30
59.81, 1.481, 89.57
59.82, 1.482, 87.81
59.83, 1.483, 89.77
59.84, 1.484, 87.81
59.85, 1.485, 89.67
59.86, 1.486, 87.91
59.87, 1.487, 89.68
59.88, 1.488, 88.39
59.89, 1.489, 90.56
59.90, 1.490, 89.43
59.91, 1.491, 90.63
59.92, 1.492, 89.75
59.93, 1.493, 90.98
59.94, 1.494, 91.13
59.95, 1.495, 91.17
59.96, 1.496, 89.58
59.97, 1.497, 92.15
59.98, 1.498, 89.90
59.99, 1.499, 91.55
60.00, 1.500, 91.07
60.01, 1.501, 92.04
60.02, 1.502, 91.15
60.03, 1.503, 92.76
60.04, 1.504, 92.48
60.05, 1.505, 93.49
60.06, 1.506, 93.14
60.07, 1.507, 92.61
60.08, 1.508, 92.28
60.09, 1.509, 91.98
60.10, 1.510, 93.02
60.11, 1.511, 94.05
60.12, 1.512, 93.32
60.13, 1.513, 94.96
60.14, 1.514, 94.58
60.15, 1.515, 94.12
60.16, 1.516, 93.60
60.17, 1.517, 94.60
60.18, 1.518, 92.92
60.19, 1.519, 96.07
60.20, 1.520, 94.40
60.21, 1.521, 94.18
60.22, 1.522, 94.30
60.23, 1.523, 93.96
60.24, 1.524, 97.13
60.25, 1.525, 96.56
60.26, 1.526, 96.79
60.27, 1.527, 94.44
60.28, 1.528, 97.36
60.29, 1.529, 97.76
60.30, 1.530, 97.16
60.31, 1.531, 96.65
60.32, 1.532, 100.2
60.33, 1.533, 97.29
60.34, 1.534, 97.98
60.35, 1.535, 98.10
60.36, 1.536, 98.29
60.37, 1.537, 98.09
60.38, 1.538, 99.90
60.39, 1.539, 99.97
60.40, 1.540, 100.9
60.41, 1.541, 98.54
60.42, 1.542, 101.4
60.43, 1.543, 100.3
60.44, 1.544, 101.2
60.45, 1.545, 100.6
60.46, 1.546, 101.0
60.47, 1.547, 100.2
60.48, 1.548, 102.6
60.49, 1.549, 101.7
60.50, 1.550, 101.8
60.51, 1.551, 101.9
60.52, 1.552, 104.0
60.53, 1.553, 102.1
60.54, 1.554, 103.9
60.55, 1.555, 103.1
60.56, 1.556, 103.9
60.57, 1.557, 105.0
60.58, 1.558, 104.8
60.59, 1.559, 105.3
60.60, 1.560, 104.7
60.61, 1.561, 106.1
60.62, 1.562, 106.6
60.63, 1.563, 106.0
60.64, 1.564, 104.5
60.65, 1.565, 107.4
60.66, 1.566, 107.0
60.67, 1.567, 106.1
60.68, 1.568, 107.7
60.69, 1.569, 108.9
60.70, 1.570, 106.7
60.71, 1.571, 107.4
60.72, 1.572, 108.6
60.73, 1.573, 110.5
60.74, 1.574, 109.8
60.75, 1.575, 108.5
60.76, 1.576, 110.6
60.77, 1.577, 110.4
60.78, 1.578, 109.5
60.79, 1.579, 110.5
60.80, 1.580, 109.3
60.81, 1.581, 111.5
60.82, 1.582, 111.3
60.83, 1.583, 112.1
60.84, 1.584, 111.9
60.85, 1.585, 113.8
60.86, 1.586, 114.6
60.87, 1.587, 113.3
60.88, 1.588, 115.1
60.89, 1.589, 115.0
60.90, 1.590, 115.6
60.91, 1.591, 114.6
60.92, 1.592, 117.1
60.93, 1.593, 116.6
60.94, 1.594, 119.1
60.95, 1.595, 118.1
60.96, 1.596, 118.2
60.97, 1.597, 118.3
60.98, 1.598, 118.5
60.99, 1.599, 119.7
61.00, 1.600, 120.1
61.01, 1.601, 118.7
61.02, 1.602, 120.8
61.03, 1.603, 121.6
61.04, 1.604, 122.5
61.05, 1.605, 121.6
61.06, 1.606, 121.6
61.07, 1.607, 122.5
61.08, 1.608, 124.2
61.09, 1.609, 124.3
61.10, 1.610, 126.2
61.11, 1.611, 123.9
61.12, 1.612, 126.7
61.13, 1.613, 124.7
61.14, 1.614, 126.5
61.15, 1.615, 126.3
61.16, 1.616, 127.1
61.17, 1.617, 125.7
61.18, 1.618, 128.9
61.19, 1.619, 129.8
61.20, 1.620, 128.2
61.21, 1.621, 128.8
61.22, 1.622, 127.7
61.23, 1.623, 130.4
61.24, 1.624, 131.7
61.25, 1.625, 132.2
61.26, 1.626, 130.4
61.27, 1.627, 132.5
61.28, 1.628, 132.4
61.29, 1.629, 132.7
61.30, 1.630, 135.5
61.31, 1.631, 135.0
61.32, 1.632, 135.3
61.33, 1.633, 137.1
61.34, 1.634, 135.4
61.35, 1.635, 138.1
61.36, 1.636, 138.8
61.37, 1.637, 137.9
61.38, 1.638, 138.5
61.39, 1.639, 137.5
61.40, 1.640, 139.2
61.41, 1.641, 139.7
61.42, 1.642, 139.2
61.43, 1.643, 139.5
61.44, 1.644, 141.3
61.45, 1.645, 143.0
61.46, 1.646, 144.6
61.47, 1.647, 145.7
61.48, 1.648, 146.7
61.49, 1.649, 146.0
61.50, 1.650, 147.8
61.51, 1.651, 145.9
61.52, 1.652, 149.0
61.53, 1.653, 147.2
61.54, 1.654, 148.5
61.55, 1.655, 149.6
61.56, 1.656, 150.3
61.57, 1.657, 151.2
61.58, 1.658, 151.6
61.59, 1.659, 150.4
61.60, 1.660, 153.4
61.61, 1.661, 152.7
61.62, 1.662, 153.1
61.63, 1.663, 154.4
61.64, 1.664, 155.0
61.65, 1.665, 155.1
61.66, 1.666, 157.0
61.67, 1.667, 157.6
61.68, 1.668, 158.6
61.69, 1.669, 158.8
61.70, 1.670, 161.5
61.71, 1.671, 161.7
61.72, 1.672, 162.5
61.73, 1.673, 162.8
61.74, 1.674, 163.6
61.75, 1.675, 165.3
61.76, 1.676, 168.1
61.77, 1.677, 167.4
61.78, 1.678, 168.8
61.79, 1.679, 168.5
61.80, 1.680, 169.7
61.81, 1.681, 169.4
61.82, 1.682, 171.0
61.83, 1.683, 173.5
61.84, 1.684, 173.7
61.85, 1.685, 172.3
61.86, 1.686, 172.5
61.87, 1.687, 175.2
61.88, 1.688, 176.1
61.89, 1.689, 176.7
61.90, 1.690, 176.6
61.91, 1.691, 178.7
61.92, 1.692, 179.3
61.93, 1.693, 179.0
61.94, 1.694, 180.7
61.95, 1.695, 180.5
61.96, 1.696, 181.9
61.97, 1.697, 181.7
61.98, 1.698, 182.9
61.99, 1.699, 186.6
62.00, 1.700, 185.4
62.01, 1.701, 187.1
62.02, 1.702, 188.4
62.03, 1.703, 189.7
62.04, 1.704, 189.3
62.05, 1.705, 190.7
62.06, 1.706, 190.4
62.07, 1.707, 191.9
62.08, 1.708, 193.4
62.09, 1.709, 194.0
62.10, 1.710, 194.9
62.11, 1.711, 196.7
62.12, 1.712, 196.7
62.13, 1.713, 199.7
62.14, 1.714, 199.5
62.15, 1.715, 199.6
62.16, 1.716, 199.9
62.17, 1.717, 201.7
62.18, 1.718, 203.2
62.19, 1.719, 202.3
62.20, 1.720, 204.2
62.21, 1.721, 204.9
62.22, 1.722, 204.0
62.23, 1.723, 205.3
62.24, 1.724, 206.2
62.25, 1.725, 205.8
62.26, 1.726, 208.6
62.27, 1.727, 210.2
62.28, 1.728, 210.4
62.29, 1.729, 211.1
62.30, 1.730, 211.7
62.31, 1.731, 210.0
62.32, 1.732, 212.2
62.33, 1.733, 213.6
62.34, 1.734, 215.3
62.35, 1.735, 214.0
62.36, 1.736, 216.0
62.37, 1.737, 216.4
62.38, 1.738, 217.6
62.39, 1.739, 218.5
62.40, 1.740, 219.6
62.41, 1.741, 220.0
62.42, 1.742, 222.1
62.43, 1.743, 223.4
62.44, 1.744, 222.5
62.45, 1.745, 223.8
62.46, 1.746, 223.3
62.47, 1.747, 224.3
62.48, 1.748, 227.1
62.49, 1.749, 227.3
62.50, 1.750, 228.4
62.51, 1.751, 228.6
62.52, 1.752, 227.6
62.53, 1.753, 228.9
62.54, 1.754, 229.1
62.55, 1.755, 229.9
62.56, 1.756, 230.9
62.57, 1.757, 233.4
62.58, 1.758, 233.8
62.59, 1.759, 233.7
62.60, 1.760, 233.3
62.61, 1.761, 235.4
62.62, 1.762, 234.4
62.63, 1.763, 235.4
62.64, 1.764, 237.6
62.65, 1.765, 237.8
62.66, 1.766, 237.8
62.67, 1.767, 240.2
62.68, 1.768, 238.6
62.69, 1.769, 241.8
62.70, 1.770, 240.4
62.71, 1.771, 242.1
62.72, 1.772, 242.1
62.73, 1.773, 243.3
62.74, 1.774, 243.3
62.75, 1.775, 245.6
62.76, 1.776, 246.5
62.77, 1.777, 248.1
62.78, 1.778, 248.8
62.79, 1.779, 249.7
62.80, 1.780, 251.6
62.81, 1.781, 249.6
62.82, 1.782, 252.4
62.83, 1.783, 251.8
62.84, 1.784, 253.5
62.85, 1.785, 252.0
62.86, 1.786, 254.9
62.87, 1.787, 254.6
62.88, 1.788, 256.8
62.89, 1.789, 256.2
62.90, 1.790, 257.7
62.91, 1.791, 258.8
62.92, 1.792, 258.9
62.93, 1.793, 261.3
62.94, 1.794, 262.3
62.95, 1.795, 263.2
62.96, 1.796, 263.7
62.97, 1.797, 264.0
62.98, 1.798, 262.0
62.99, 1.799, 266.4
63.00, 1.800, 265.4
63.01, 1.801, 268.1
63.02, 1.802, 268.5
63.03, 1.803, 268.6
63.04, 1.804, 271.0
63.05, 1.805, 271.0
63.06, 1.806, 270.9
63.07, 1.807, 273.4
63.08, 1.808, 272.6
63.09, 1.809, 274.8
63.10, 1.810, 274.4
63.11, 1.811, 274.5
63.12, 1.812, 276.4
63.13, 1.813, 277.4
63.14, 1.814, 275.8
63.15, 1.815, 275.9
63.16, 1.816, 278.2
63.17, 1.817, 279.7
63.18, 1.818, 279.5
63.19, 1.819, 283.0
63.20, 1.820, 283.3
63.21, 1.821, 284.9
63.22, 1.822, 285.5
63.23, 1.823, 283.8
63.24, 1.824, 286.8
63.25, 1.825, 286.1
63.26, 1.826, 289.8
63.27, 1.827, 287.1
63.28, 1.828, 290.5
63.29, 1.829, 288.8
63.30, 1.830, 290.6
63.31, 1.831, 290.8
63.32, 1.832, 291.9
63.33, 1.833, 294.3
63.34, 1.834, 293.7
63.35, 1.835, 294.7
63.36, 1.836, 296.8
63.37, 1.837, 296.6
63.38, 1.838, 298.2
63.39, 1.839, 300.5
63.40, 1.840, 301.5
63.41, 1.841, 300.9
63.42, 1.842, 302.4
63.43, 1.843, 302.9
63.44, 1.844, 304.6
63.45, 1.845, 306.8
63.46, 1.846, 304.9
63.47, 1.847, 307.5
63.48, 1.848, 308.6
63.49, 1.849, 309.3
63.50, 1.850, 308.7
63.51, 1.851, 310.5
63.52, 1.852, 308.4
63.53, 1.853, 311.7
63.54, 1.854, 310.9
63.55, 1.855, 313.1
63.56, 1.856, 314.5
63.57, 1.857, 315.9
63.58, 1.858, 315.5
63.59, 1.859, 318.0
63.60, 1.860, 319.6
63.61, 1.861, 317.4
63.62, 1.862, 320.3
63.63, 1.863, 318.6
63.64, 1.864, 321.4
63.65, 1.865, 322.0
63.66, 1.866, 322.3
63.67, 1.867, 323.5
63.68, 1.868, 325.4
63.69, 1.869, 325.0
63.70, 1.870, 325.1
63.71, 1.871, 325.6
63.72, 1.872, 327.1
63.73, 1.873, 330.1
63.74, 1.874, 329.2
63.75, 1.875, 332.7
63.76, 1.876, 332.1
63.77, 1.877, 332.2
63.78, 1.878, 331.8
63.79, 1.879, 335.2
63.80, 1.880, 335.8
63.81, 1.881, 336.2
63.82, 1.882, 338.2
63.83, 1.883, 339.6
63.84, 1.884, 340.1
63.85, 1.885, 340.6
63.86, 1.886, 340.7
63.87, 1.887, 343.0
63.88, 1.888, 342.7
63.89, 1.889, 345.3
63.90, 1.890, 345.6
63.91, 1.891, 346.7
63.92, 1.892, 346.6
63.93, 1.893, 348.7
63.94, 1.894, 348.4
63.95, 1.895, 350.4
63.96, 1.896, 351.8
63.97, 1.897, 353.5
63.98, 1.898, 353.7
63.99, 1.899, 353.7
64.00, 1.900, 355.5
64.01, 1.901, 355.9
64.02, 1.902, 355.6
64.03, 1.903, 358.7
64.04, 1.904, 359.3
64.05, 1.905, 359.9
64.06, 1.906, 361.3
64.07, 1.907, 362.6
64.08, 1.908, 362.5
64.09, 1.909, 363.1
64.10, 1.910, 363.5
64.11, 1.911, 366.7
64.12, 1.912, 365.1
64.13, 1.913, 368.3
64.14, 1.914, 367.3
64.15, 1.915, 370.7
64.16, 1.916, 369.3
64.17, 1.917, 371.8
64.18, 1.918, 372.3
64.19, 1.919, 372.6
64.20, 1.920, 375.6
64.21, 1.921, 376.6
64.22, 1.922, 378.3
64.23, 1.923, 379.0
64.24, 1.924, 380.0
64.25, 1.925, 380.4
64.26, 1.926, 382.7
64.27, 1.927, 382.9
64.28, 1.928, 385.4
64.29, 1.929, 386.0
64.30, 1.930, 385.9
64.31, 1.931, 387.8
64.32, 1.932, 388.6
64.33, 1.933, 389.2
64.34, 1.934, 391.3
64.35, 1.935, 392.6
64.36, 1.936, 394.0
64.37, 1.937, 394.3
64.38, 1.938, 396.2
64.39, 1.939, 396.1
64.40, 1.940, 396.1
64.41, 1.941, 398.1
64.42, 1.942, 400.3
64.43, 1.943, 399.9
64.44, 1.944, 401.7
64.45, 1.945, 402.3
64.46, 1.946, 403.4
64.47, 1.947, 403.7
64.48, 1.948, 405.7
64.49, 1.949, 407.5
64.50, 1.950, 408.7
64.51, 1.951, 408.5
64.52, 1.952, 410.7
64.53, 1.953, 412.8
64.54, 1.954, 412.4
64.55, 1.955, 412.0
64.56, 1.956, 414.2
64.57, 1.957, 415.9
64.58, 1.958, 418.3
64.59, 1.959, 418.8
64.60, 1.960, 420.0
64.61, 1.961, 421.1
64.62, 1.962, 421.9
64.63, 1.963, 424.5
64.64, 1.964, 426.2
64.65, 1.965, 425.8
64.66, 1.966, 427.4
64.67, 1.967, 428.9
64.68, 1.968, 430.6
64.69, 1.969, 432.2
64.70, 1.970, 432.2
64.71, 1.971, 434.4
64.72, 1.972, 436.2
64.73, 1.973, 434.9
64.74, 1.974, 437.7
64.75, 1.975, 439.5
64.76, 1.976, 441.4
64.77, 1.977, 443.3
64.78, 1.978, 442.6
64.79, 1.979, 444.0
64.80, 1.980, 444.7
64.81, 1.981, 446.3
64.82, 1.982, 446.0
64.83, 1.983, 446.8
64.84, 1.984, 447.8
64.85, 1.985, 446.6
64.86, 1.986, 448.8
64.87, 1.987, 446.8
64.88, 1.988, 448.7
64.89, 1.989, 448.0
64.90, 1.990, 448.7
64.91, 1.991, 449.3
64.92, 1.992, 449.2
64.93, 1.993, 448.8
64.94, 1.994, 448.3
64.95, 1.995, 449.0
64.96, 1.996, 448.6
64.97, 1.997, 449.4
64.98, 1.998, 449.3
64.99, 1.999, 448.7
65.00, 2.000, 449.3
65.01, 1.999, 449.7
65.02, 1.998, 449.4
65.03, 1.997, 450.3
65.04, 1.996, 450.0
65.05, 1.995, 449.0
65.06, 1.994, 449.9
65.07, 1.993, 449.5
65.08, 1.992, 449.5
65.09, 1.991, 449.8
65.10, 1.990, 449.8
65.11, 1.989, 450.1
65.12, 1.988, 448.1
65.13, 1.987, 450.7
65.14, 1.986, 449.8
65.15, 1.985, 449.7
65.16, 1.984, 449.9
65.17, 1.983, 451.6
65.18, 1.982, 449.8
65.19, 1.981, 450.1
65.20, 1.980, 448.7
65.21, 1.979, 448.4
65.22, 1.978, 446.8
65.23, 1.977, 445.8
65.24, 1.976, 445.2
65.25, 1.975, 445.6
65.26, 1.974, 444.5
65.27, 1.973, 443.6
65.28, 1.972, 441.4
65.29, 1.971, 443.0
65.30, 1.970, 441.3
65.31, 1.969, 440.2
65.32, 1.968, 437.5
65.33, 1.967, 439.1
65.34, 1.966, 437.0
65.35, 1.965, 436.4
65.36, 1.964, 435.7
65.37, 1.963, 434.8
65.38, 1.962, 433.4
65.39, 1.961, 432.9
65.40, 1.960, 431.3
65.41, 1.959, 429.7
65.42, 1.958, 428.6
65.43, 1.957, 429.3
65.44, 1.956, 429.0
65.45, 1.955, 426.5
65.46, 1.954, 425.2
65.47, 1.953, 423.6
65.48, 1.952, 422.8
65.49, 1.951, 421.8
65.50, 1.950, 421.0
65.51, 1.949, 419.2
65.52, 1.948, 420.9
65.53, 1.947, 419.0
65.54, 1.946, 418.1
65.55, 1.945, 416.4
65.56, 1.944, 416.7
65.57, 1.943, 413.6
65.58, 1.942, 413.3
65.59, 1.941, 412.2
65.60, 1.940, 413.8
65.61, 1.939, 410.1
65.62, 1.938, 411.2
65.63, 1.937, 411.3
65.64, 1.936, 409.4
65.65, 1.935, 409.4
65.66, 1.934, 407.8
65.67, 1.933, 407.2
65.68, 1.932, 406.0
65.69, 1.931, 406.4
65.70, 1.930, 404.4
65.71, 1.929, 403.9
65.72, 1.928, 400.1
65.73, 1.927, 402.1
65.74, 1.926, 401.1
65.75, 1.925, 400.8
65.76, 1.924, 398.8
65.77, 1.923, 398.3
65.78, 1.922, 398.5
65.79, 1.921, 395.6
65.80, 1.920, 395.3
65.81, 1.919, 394.2
65.82, 1.918, 393.6
65.83, 1.917, 391.9
65.84, 1.916, 392.4
65.85, 1.915, 391.5
65.86, 1.914, 389.7
65.87, 1.913, 388.8
65.88, 1.912, 388.2
65.89, 1.911, 387.4
65.90, 1.910, 385.2
65.91, 1.909, 383.3
65.92, 1.908, 383.4
65.93, 1.907, 383.1
65.94, 1.906, 383.4
65.95, 1.905, 380.3
65.96, 1.904, 380.3
65.97, 1.903, 380.6
65.98, 1.902, 378.3
65.99, 1.901, 378.5
66.00, 1.900, 376.6
66.01, 1.899, 376.7
66.02, 1.898, 375.7
66.03, 1.897, 373.7
66.04, 1.896, 372.9
66.05, 1.895, 373.4
66.06, 1.894, 370.4
66.07, 1.893, 369.9
66.08, 1.892, 369.8
66.09, 1.891, 368.3
66.10, 1.890, 368.8
66.11, 1.889, 367.8
66.12, 1.888, 367.4
66.13, 1.887, 365.5
66.14, 1.886, 365.8
66.15, 1.885, 364.3
66.16, 1.884, 363.0
66.17, 1.883, 362.4
66.18, 1.882, 361.3
66.19, 1.881, 360.1
66.20, 1.880, 359.5
66.21, 1.879, 357.4
66.22, 1.878, 358.1
66.23, 1.877, 357.0
66.24, 1.876, 354.3
66.25, 1.875, 357.8
66.26, 1.874, 356.3
66.27, 1.873, 354.8
66.28, 1.872, 352.8
66.29, 1.871, 352.5
66.30, 1.870, 351.0
66.31, 1.869, 351.6
66.32, 1.868, 348.5
66.33, 1.867, 347.9
66.34, 1.866, 345.9
66.35, 1.865, 347.8
66.36, 1.864, 346.3
66.37, 1.863, 345.1
66.38, 1.862, 345.2
66.39, 1.861, 344.0
66.40, 1.860, 343.4
66.41, 1.859, 342.5
66.42, 1.858, 341.5
66.43, 1.857, 339.9
66.44, 1.856, 340.5
66.45, 1.855, 337.9
66.46, 1.854, 336.4
66.47, 1.853, 337.2
66.48, 1.852, 336.0
66.49, 1.851, 335.4
66.50, 1.850, 336.0
66.51, 1.849, 333.4
66.52, 1.848, 330.6
66.53, 1.847, 329.3
66.54, 1.846, 330.8
66.55, 1.845, 328.3
66.56, 1.844, 329.9
66.57, 1.843, 328.7
66.58, 1.842, 328.8
66.59, 1.841, 325.7
66.60, 1.840, 325.4
66.61, 1.839, 323.5
66.62, 1.838, 325.0
66.63, 1.837, 323.9
66.64, 1.836, 323.1
66.65, 1.835, 322.1
66.66, 1.834, 321.9
66.67, 1.833, 318.8
66.68, 1.832, 320.0
66.69, 1.831, 318.2
66.70, 1.830, 317.9
66.71, 1.829, 315.2
66.72, 1.828, 317.0
66.73, 1.827, 313.7
66.74, 1.826, 314.5
66.75, 1.825, 312.5
66.76, 1.824, 311.8
66.77, 1.823, 310.8
66.78, 1.822, 309.5
66.79, 1.821, 307.4
66.80, 1.820, 310.6
66.81, 1.819, 306.8
66.82, 1.818, 307.7
66.83, 1.817, 306.2
66.84, 1.816, 306.4
66.85, 1.815, 303.3
66.86, 1.814, 303.4
66.87, 1.813, 302.6
66.88, 1.812, 302.3
66.89, 1.811, 299.4
66.90, 1.810, 300.5
66.91, 1.809, 299.1
66.92, 1.808, 299.3
66.93, 1.807, 299.7
66.94, 1.806, 297.2
66.95, 1.805, 296.9
66.96, 1.804, 295.5
66.97, 1.803, 294.5
66.98, 1.802, 294.8
66.99, 1.801, 294.4
67.00, 1.800, 292.3
67.01, 1.799, 291.9
67.02, 1.798, 290.8
67.03, 1.797, 291.7
67.04, 1.796, 288.3
67.05, 1.795, 288.5
67.06, 1.794, 288.1
67.07, 1.793, 288.1
67.08, 1.792, 285.0
67.09, 1.791, 286.0
67.10, 1.790, 284.4
67.11, 1.789, 284.5
67.12, 1.788, 282.0
67.13, 1.787, 280.6
67.14, 1.786, 279.4
67.15, 1.785, 278.3
67.16, 1.784, 278.8
67.17, 1.783, 278.5
67.18, 1.782, 277.9
67.19, 1.781, 275.4
67.20, 1.780, 275.1
67.21, 1.779, 274.4
67.22, 1.778, 273.3
67.23, 1.777, 272.7
67.24, 1.776, 271.7
67.25, 1.775, 270.2
67.26, 1.774, 270.8
67.27, 1.773, 271.0
67.28, 1.772, 269.0
67.29, 1.771, 268.2
67.30, 1.770, 268.1
67.31, 1.769, 268.1
67.32, 1.768, 266.3
67.33, 1.767, 264.7
67.34, 1.766, 264.6
67.35, 1.765, 262.6
67.36, 1.764, 262.2
67.37, 1.763, 261.5
67.38, 1.762, 262.2
67.39, 1.761, 260.1
67.40, 1.760, 260.0
67.41, 1.759, 260.6
67.42, 1.758, 257.7
67.43, 1.757, 257.1
67.44, 1.756, 256.3
67.45, 1.755, 254.7
67.46, 1.754, 254.6
67.47, 1.753, 253.8
67.48, 1.752, 252.5
67.49, 1.751, 250.5
67.50, 1.750, 254.6
67.51, 1.749, 252.2
67.52, 1.748, 252.7
67.53, 1.747, 250.5
67.54, 1.746, 250.5
67.55, 1.745, 248.0
67.56, 1.744, 246.0
67.57, 1.743, 246.5
67.58, 1.742, 246.1
67.59, 1.741, 242.3
67.60, 1.740, 242.1
67.61, 1.739, 242.8
67.62, 1.738, 242.3
67.63, 1.737, 240.1
67.64, 1.736, 240.3
67.65, 1.735, 239.3
67.66, 1.734, 238.9
67.67, 1.733, 238.1
67.68, 1.732, 237.0
67.69, 1.731, 236.6
67.70, 1.730, 235.9
67.71, 1.729, 234.1
67.72, 1.728, 233.3
67.73, 1.727, 233.4
67.74, 1.726, 233.4
67.75, 1.725, 229.2
67.76, 1.724, 230.6
67.77, 1.723, 230.2
67.78, 1.722, 228.0
67.79, 1.721, 228.5
67.80, 1.720, 227.2
67.81, 1.719, 227.0
67.82, 1.718, 225.4
67.83, 1.717, 224.9
67.84, 1.716, 223.2
67.85, 1.715, 224.5
67.86, 1.714, 221.8
67.87, 1.713, 221.0
67.88, 1.712, 221.8
67.89, 1.711, 220.1
67.90, 1.710, 220.5
67.91, 1.709, 217.7
67.92, 1.708, 217.6
67.93, 1.707, 216.6
67.94, 1.706, 217.1
67.95, 1.705, 215.0
67.96, 1.704, 214.9
67.97, 1.703, 212.7
67.98, 1.702, 212.4
67.99, 1.701, 211.8
68.00, 1.700, 210.1
68.01, 1.699, 207.1
68.02, 1.698, 207.7
68.03, 1.697, 207.1
68.04, 1.696, 205.7
68.05, 1.695, 205.7
68.06, 1.694, 203.0
68.07, 1.693, 204.7
68.08, 1.692, 203.9
68.09, 1.691, 202.6
68.10, 1.690, 201.3
68.11, 1.689, 201.7
68.12, 1.688, 200.4
68.13, 1.687, 199.9
68.14, 1.686, 197.4
68.15, 1.685, 198.7
68.16, 1.684, 197.2
68.17, 1.683, 197.0
68.18, 1.682, 193.8
68.19, 1.681, 194.6
68.20, 1.680, 194.6
68.21, 1.679, 194.2
68.22, 1.678, 192.2
68.23, 1.677, 192.5
68.24, 1.676, 192.3
68.25, 1.675, 189.8
68.26, 1.674, 189.5
68.27, 1.673, 187.3
68.28, 1.672, 189.3
68.29, 1.671, 188.0
68.30, 1.670, 186.7
68.31, 1.669, 184.0
68.32, 1.668, 185.6
68.33, 1.667, 182.4
68.34, 1.666, 184.6
68.35, 1.665, 183.0
68.36, 1.664, 180.2
68.37, 1.663, 178.9
68.38, 1.662, 179.4
68.39, 1.661, 178.2
68.40, 1.660, 177.3
68.41, 1.659, 175.9
68.42, 1.658, 175.3
68.43, 1.657, 176.2
68.44, 1.656, 173.0
68.45, 1.655, 171.2
68.46, 1.654, 170.4
68.47, 1.653, 171.7
68.48, 1.652, 170.9
68.49, 1.651, 169.8
68.50, 1.650, 168.2
68.51, 1.649, 168.7
68.52, 1.648, 167.3
68.53, 1.647, 166.3
68.54, 1.646, 167.0
68.55, 1.645, 163.8
68.56, 1.644, 163.9
68.57, 1.643, 162.8
68.58, 1.642, 163.2
68.59, 1.641, 161.6
68.60, 1.640, 162.1
68.61, 1.639, 160.0
68.62, 1.638, 159.3
68.63, 1.637, 157.9
68.64, 1.636, 158.2
68.65, 1.635, 158.5
68.66, 1.634, 156.5
68.67, 1.633, 155.3
68.68, 1.632, 155.5
68.69, 1.631, 153.7
68.70, 1.630, 152.3
68.71, 1.629, 151.7
68.72, 1.628, 152.5
68.73, 1.627, 151.5
68.74, 1.626, 149.5
68.75, 1.625, 149.7
68.76, 1.624, 150.2
68.77, 1.623, 147.6
68.78, 1.622, 146.7
68.79, 1.621, 147.0
68.80, 1.620, 145.2
68.81, 1.619, 145.5
68.82, 1.618, 144.1
68.83, 1.617, 143.1
68.84, 1.616, 141.1
68.85, 1.615, 140.3
68.86, 1.614, 139.6
68.87, 1.613, 139.7
68.88, 1.612, 137.4
68.89, 1.611, 137.6
68.90, 1.610, 137.4
68.91, 1.609, 136.5
68.92, 1.608, 135.0
68.93, 1.607, 134.2
68.94, 1.606, 134.2
68.95, 1.605, 134.1
68.96, 1.604, 132.1
68.97, 1.603, 132.2
68.98, 1.602, 129.4
68.99, 1.601, 131.1
69.00, 1.600, 128.8
69.01, 1.599, 129.6
69.02, 1.598, 128.6
69.03, 1.597, 125.6
69.04, 1.596, 128.3
69.05, 1.595, 124.9
69.06, 1.594, 125.6
69.07, 1.593, 122.9
69.08, 1.592, 123.0
69.09, 1.591, 120.7
69.10, 1.590, 121.5
69.11, 1.589, 119.9
69.12, 1.588, 122.3
69.13, 1.587, 119.1
69.14, 1.586, 119.1
69.15, 1.585, 118.5
69.16, 1.584, 116.9
69.17, 1.583, 116.0
69.18, 1.582, 116.0
69.19, 1.581, 114.9
69.20, 1.580, 112.9
69.21, 1.579, 114.8
69.22, 1.578, 113.9
69.23, 1.577, 112.8
69.24, 1.576, 109.2
69.25, 1.575, 110.5
69.26, 1.574, 108.6
69.27, 1.573, 110.6
69.28, 1.572, 107.8
69.29, 1.571, 107.2
69.30, 1.570, 106.0
69.31, 1.569, 105.7
69.32, 1.568, 104.3
69.33, 1.567, 105.6
69.34, 1.566, 103.1
69.35, 1.565, 103.0
69.36, 1.564, 101.4
69.37, 1.563, 103.1
69.38, 1.562, 99.13
69.39, 1.561, 101.1
69.40, 1.560, 98.58
69.41, 1.559, 98.92
69.42, 1.558, 98.32
69.43, 1.557, 98.33
69.44, 1.556, 96.70
69.45, 1.555, 96.01
69.46, 1.554, 96.19
69.47, 1.553, 93.86
69.48, 1.552, 94.37
69.49, 1.551, 94.00
69.50, 1.550, 94.24
69.51, 1.549, 91.00
69.52, 1.548, 90.50
69.53, 1.547, 91.74
69.54, 1.546, 91.59
69.55, 1.545, 87.96
69.56, 1.544, 88.32
69.57, 1.543, 88.13
69.58, 1.542, 86.97
69.59, 1.541, 85.79
69.60, 1.540, 84.62
69.61, 1.539, 85.02
69.62, 1.538, 84.62
69.63, 1.537, 83.19
69.64, 1.536, 82.45
69.65, 1.535, 83.70
69.66, 1.534, 81.19
69.67, 1.533, 82.16
69.68, 1.532, 79.17
69.69, 1.531, 80.23
69.70, 1.530, 77.59
69.71, 1.529, 77.33
69.72, 1.528, 78.43
69.73, 1.527, 76.45
69.74, 1.526, 75.76
69.75, 1.525, 74.70
69.76, 1.524, 74.44
69.77, 1.523, 72.74
69.78, 1.522, 74.22
69.79, 1.521, 72.92
69.80, 1.520, 72.75
69.81, 1.519, 71.52
69.82, 1.518, 72.07
69.83, 1.517, 68.49
69.84, 1.516, 69.77
69.85, 1.515, 69.69
69.86, 1.514, 69.77
69.87, 1.513, 68.26
69.88, 1.512, 66.09
69.89, 1.511, 66.18
69.90, 1.510, 64.92
69.91, 1.509, 64.95
69.92, 1.508, 65.91
69.93, 1.507, 64.55
69.94, 1.506, 63.68
69.95, 1.505, 62.93
69.96, 1.504, 63.71
69.97, 1.503, 63.06
69.98, 1.502, 61.33
69.99, 1.501, 60.38
70.00, 1.500, 61.53
70.01, 1.499, 61.71
70.02, 1.498, 60.03
70.03, 1.497, 61.28
70.04, 1.496, 60.58
70.05, 1.495, 59.53
70.06, 1.494, 57.27
70.07, 1.493, 57.91
70.08, 1.492, 54.85
70.09, 1.491, 56.91
70.10, 1.490, 55.06
70.11, 1.489, 53.55
70.12, 1.488, 53.31
70.13, 1.487, 53.37
70.14, 1.486, 53.39
70.15, 1.485, 53.31
70.16, 1.484, 50.06
70.17, 1.483, 50.32
70.18, 1.482, 51.01
70.19, 1.481, 51.17
70.20, 1.480, 50.13
70.21, 1.479, 49.56
70.22, 1.478, 49.50
70.23, 1.477, 48.01
70.24, 1.476, 49.76
70.25, 1.475, 47.16
70.26, 1.474, 47.34
70.27, 1.473, 46.51
70.28, 1.472, 47.22
70.29, 1.471, 44.47
70.30, 1.470, 46.45
70.31, 1.469, 46.21
70.32, 1.468, 43.91
70.33, 1.467, 44.92
70.34, 1.466, 44.74
70.35, 1.465, 43.50
70.36, 1.464, 43.40
70.37, 1.463, 41.28
70.38, 1.462, 41.40
70.39, 1.461, 40.40
70.40, 1.460, 41.03
70.41, 1.459, 41.51
70.42, 1.458, 40.89
70.43, 1.457, 40.02
70.44, 1.456, 40.95
70.45, 1.455, 37.27
70.46, 1.454, 40.10
70.47, 1.453, 39.14
70.48, 1.452, 37.35
70.49, 1.451, 37.97
70.50, 1.450, 37.74
70.51, 1.449, 36.79
70.52, 1.448, 36.95
70.53, 1.447, 35.02
70.54, 1.446, 35.69
70.55, 1.445, 36.18
70.56, 1.444, 33.88
70.57, 1.443, 34.64
70.58, 1.442, 32.91
70.59, 1.441, 34.47
70.60, 1.440, 32.87
70.61, 1.439, 34.72
70.62, 1.438, 33.80
70.63, 1.437, 33.52
70.64, 1.436, 32.70
70.65, 1.435, 33.85
70.66, 1.434, 32.16
70.67, 1.433, 33.29
70.68, 1.432, 31.46
70.69, 1.431, 32.59
70.70, 1.430, 29.99
70.71, 1.429, 31.51
70.72, 1.428, 31.80
70.73, 1.427, 31.31
70.74, 1.426, 29.72
70.75, 1.425, 31.31
70.76, 1.424, 28.81
70.77, 1.423, 30.40
70.78, 1.422, 29.90
70.79, 1.421, 30.45
70.80, 1.420, 29.75
70.81, 1.419, 30.24
70.82, 1.418, 29.26
70.83, 1.417, 28.49
70.84, 1.416, 27.32
70.85, 1.415, 26.66
70.86, 1.414, 28.07
70.87, 1.413, 27.45
70.88, 1.412, 29.31
70.89, 1.411, 26.68
70.90, 1.410, 27.34
70.91, 1.409, 26.74
70.92, 1.408, 28.00
70.93, 1.407, 25.95
70.94, 1.406, 25.87
70.95, 1.405, 26.23
70.96, 1.404, 24.73
70.97, 1.403, 26.27
70.98, 1.402, 26.29
70.99, 1.401, 25.11
71.00, 1.400, 24.81
71.01, 1.399, 24.54
71.02, 1.398, 25.14
71.03, 1.397, 23.15
71.04, 1.396, 23.97
71.05, 1.395, 23.33
71.06, 1.394, 23.90
71.07, 1.393, 24.41
71.08, 1.392, 24.02
71.09, 1.391, 24.62
71.10, 1.390, 23.32
71.11, 1.389, 24.47
71.12, 1.388, 24.94
71.13, 1.387, 23.77
71.14, 1.386, 22.42
71.15, 1.385, 24.31
71.16, 1.384, 24.28
71.17, 1.383, 23.99
71.18, 1.382, 20.66
71.19, 1.381, 22.58
71.20, 1.380, 21.24
71.21, 1.379, 23.03
71.22, 1.378, 22.20
71.23, 1.377, 21.58
71.24, 1.376, 22.59
71.25, 1.375, 23.42
71.26, 1.374, 23.60
71.27, 1.373, 22.87
71.28, 1.372, 22.35
71.29, 1.371, 22.17
71.30, 1.370, 21.04
71.31, 1.369, 21.08
71.32, 1.368, 21.77
71.33, 1.367, 21.10
71.34, 1.366, 21.92
71.35, 1.365, 19.61
71.36, 1.364, 22.49
71.37, 1.363, 20.02
71.38, 1.362, 19.48
71.39, 1.361, 20.89
71.40, 1.360, 20.52
71.41, 1.359, 20.76
71.42, 1.358, 20.77
71.43, 1.357, 19.42
71.44, 1.356, 19.54
71.45, 1.355, 19.35
71.46, 1.354, 19.78
71.47, 1.353, 19.76
71.48, 1.352, 19.05
71.49, 1.351, 20.33
71.50, 1.350, 19.71
71.51, 1.349, 20.00
71.52, 1.348, 18.80
71.53, 1.347, 20.36
71.54, 1.346, 18.62
71.55, 1.345, 19.33
71.56, 1.344, 19.13
71.57, 1.343, 21.09
71.58, 1.342, 19.41
71.59, 1.341, 20.06
71.60, 1.340, 19.08
71.61, 1.339, 18.91
71.62, 1.338, 19.00
71.63, 1.337, 18.58
71.64, 1.336, 17.35
71.65, 1.335, 20.08
71.66, 1.334, 19.08
71.67, 1.333, 19.29
71.68, 1.332, 17.79
71.69, 1.331, 18.65
71.70, 1.330, 18.30
71.71, 1.329, 18.29
71.72, 1.328, 18.15
71.73, 1.327, 18.31
71.74, 1.326, 19.01
71.75, 1.325, 18.55
71.76, 1.324, 17.08
71.77, 1.323, 18.45
71.78, 1.322, 18.90
71.79, 1.321, 17.26
71.80, 1.320, 17.00
71.81, 1.319, 15.97
71.82, 1.318, 16.01
71.83, 1.317, 16.63
71.84, 1.316, 16.80
71.85, 1.315, 17.78
71.86, 1.314, 15.85
71.87, 1.313, 18.70
71.88, 1.312, 15.88
71.89, 1.311, 16.63
71.90, 1.310, 15.61
71.91, 1.309, 17.48
71.92, 1.308, 14.96
71.93, 1.307, 17.56
71.94, 1.306, 15.30
71.95, 1.305, 16.87
71.96, 1.304, 15.82
71.97, 1.303, 19.05
71.98, 1.302, 15.92
71.99, 1.301, 16.46
72.00, 1.300, 16.26
72.01, 1.299, 16.97
72.02, 1.298, 16.23
72.03, 1.297, 17.20
72.04, 1.296, 16.04
72.05, 1.295, 15.61
72.06, 1.294, 16.53
72.07, 1.293, 16.97
72.08, 1.292, 17.76
72.09, 1.291, 16.99
72.10, 1.290, 14.47
72.11, 1.289, 17.09
72.12, 1.288, 15.89
72.13, 1.287, 17.37
72.14, 1.286, 14.89
72.15, 1.285, 15.90
72.16, 1.284, 16.88
72.17, 1.283, 15.85
72.18, 1.282, 16.25
72.19, 1.281, 16.15
72.20, 1.280, 14.65
72.21, 1.279, 15.15
72.22, 1.278, 14.92
72.23, 1.277, 13.88
72.24, 1.276, 13.79
72.25, 1.275, 15.60
72.26, 1.274, 14.77
72.27, 1.273, 14.69
72.28, 1.272, 13.66
72.29, 1.271, 14.73
72.30, 1.270, 13.13
72.31, 1.269, 15.52
72.32, 1.268, 13.16
72.33, 1.267, 13.91
72.34, 1.266, 14.42
72.35, 1.265, 14.01
72.36, 1.264, 14.93
72.37, 1.263, 15.01
72.38, 1.262, 14.43
72.39, 1.261, 13.04
72.40, 1.260, 14.33
72.41, 1.259, 15.57
72.42, 1.258, 14.45
72.43, 1.257, 15.90
72.44, 1.256, 14.01
72.45, 1.255, 14.45
72.46, 1.254, 13.96
72.47, 1.253, 14.30
72.48, 1.252, 14.54
72.49, 1.251, 14.43
72.50, 1.250, 13.39
72.51, 1.249, 13.82
72.52, 1.248, 14.07
72.53, 1.247, 12.04
72.54, 1.246, 12.68
72.55, 1.245, 14.67
72.56, 1.244, 14.47
72.57, 1.243, 14.56
72.58, 1.242, 14.28
72.59, 1.241, 13.45
72.60, 1.240, 13.11
72.61, 1.239, 13.46
72.62, 1.238, 13.94
72.63, 1.237, 13.13
72.64, 1.236, 11.79
72.65, 1.235, 12.82
72.66, 1.234, 11.69
72.67, 1.233, 12.79
72.68, 1.232, 12.95
72.69, 1.231, 13.02
72.70, 1.230, 12.54
72.71, 1.229, 11.01
72.72, 1.228, 11.44
72.73, 1.227, 12.24
72.74, 1.226, 12.97
72.75, 1.225, 12.95
72.76, 1.224, 11.71
72.77, 1.223, 13.01
72.78, 1.222, 10.97
72.79, 1.221, 11.63
72.80, 1.220, 11.58
72.81, 1.219, 12.97
72.82, 1.218, 12.43
72.83, 1.217, 12.25
72.84, 1.216, 13.83
72.85, 1.215, 10.53
72.86, 1.214, 11.57
72.87, 1.213, 12.72
72.88, 1.212, 12.94
72.89, 1.211, 12.03
72.90, 1.210, 11.78
72.91, 1.209, 12.62
72.92, 1.208, 11.62
72.93, 1.207, 11.08
72.94, 1.206, 13.36
72.95, 1.205, 13.09
72.96, 1.204, 12.60
72.97, 1.203, 11.98
72.98, 1.202, 13.28
72.99, 1.201, 11.70
73.00, 1.200, 12.26
73.01, 1.199, 11.70
73.02, 1.198, 11.98
73.03, 1.197, 10.95
73.04, 1.196, 11.59
73.05, 1.195, 9.077
73.06, 1.194, 10.51
73.07, 1.193, 10.32
73.08, 1.192, 11.92
73.09, 1.191, 11.42
73.10, 1.190, 9.699
73.11, 1.189, 10.03
73.12, 1.188, 11.93
73.13, 1.187, 11.31
73.14, 1.186, 11.24
73.15, 1.185, 9.075
73.16, 1.184, 12.22
73.17, 1.183, 9.924
73.18, 1.182, 10.90
73.19, 1.181, 11.67
73.20, 1.180, 11.83
73.21, 1.179, 10.72
73.22, 1.178, 10.84
73.23, 1.177, 9.894
73.24, 1.176, 10.08
73.25, 1.175, 10.31
73.26, 1.174, 11.40
73.27, 1.173, 11.83
73.28, 1.172, 11.33
73.29, 1.171, 8.801
73.30, 1.170, 11.68
73.31, 1.169, 10.29
73.32, 1.168, 11.01
73.33, 1.167, 9.443
73.34, 1.166, 10.93
73.35, 1.165, 9.650
73.36, 1.164, 11.41
73.37, 1.163, 10.72
73.38, 1.162, 10.88
73.39, 1.161, 10.06
73.40, 1.160, 10.63
73.41, 1.159, 9.894
73.42, 1.158, 11.11
73.43, 1.157, 10.74
73.44, 1.156, 10.14
73.45, 1.155, 9.919
73.46, 1.154, 9.436
73.47, 1.153, 8.501
73.48, 1.152, 10.74
73.49, 1.151, 9.210
73.50, 1.150, 7.848
73.51, 1.149, 7.624
73.52, 1.148, 8.359
73.53, 1.147, 8.698
73.54, 1.146, 8.867
73.55, 1.145, 8.564
73.56, 1.144, 9.038
73.57, 1.143, 8.394
73.58, 1.142, 9.706
73.59, 1.141, 9.912
73.60, 1.140, 8.348
73.61, 1.139, 8.041
73.62, 1.138, 7.800
73.63, 1.137, 10.19
73.64, 1.136, 10.37
73.65, 1.135, 9.700
73.66, 1.134, 8.039
73.67, 1.133, 8.911
73.68, 1.132, 9.510
73.69, 1.131, 10.33
73.70, 1.130, 8.103
73.71, 1.129, 9.905
73.72, 1.128, 8.299
73.73, 1.127, 10.89
73.74, 1.126, 8.674
73.75, 1.125, 9.499
73.76, 1.124, 10.68
73.77, 1.123, 8.478
73.78, 1.122, 7.284
73.79, 1.121, 10.30
73.80, 1.120, 7.282
73.81, 1.119, 9.509
73.82, 1.118, 7.852
73.83, 1.117, 9.499
73.84, 1.116, 9.516
73.85, 1.115, 10.02
73.86, 1.114, 8.201
73.87, 1.113, 9.355
73.88, 1.112, 7.820
73.89, 1.111, 8.148
73.90, 1.110, 7.464
73.91, 1.109, 7.872
73.92, 1.108, 7.370
73.93, 1.107, 7.758
73.94, 1.106, 8.086
73.95, 1.105, 9.436
73.96, 1.104, 7.268
73.97, 1.103, 7.576
73.98, 1.102, 7.784
73.99, 1.101, 9.219
74.00, 1.100, 8.478
74.01, 1.099, 8.559
74.02, 1.098, 8.536
74.03, 1.097, 8.892
74.04, 1.096, 7.412
74.05, 1.095, 9.199
74.06, 1.094, 8.152
74.07, 1.093, 9.664
74.08, 1.092, 8.402
74.09, 1.091, 7.900
74.10, 1.090, 6.125
74.11, 1.089, 8.286
74.12, 1.088, 8.020
74.13, 1.087, 7.498
74.14, 1.086, 7.856
74.15, 1.085, 7.696
74.16, 1.084, 6.532
74.17, 1.083, 8.969
74.18, 1.082, 8.508
74.19, 1.081, 7.991
74.20, 1.080, 7.195
74.21, 1.079, 8.163
74.22, 1.078, 8.045
74.23, 1.077, 8.558
74.24, 1.076, 5.636
74.25, 1.075, 7.887
74.26, 1.074, 7.611
74.27, 1.073, 8.123
74.28, 1.072, 7.323
74.29, 1.071, 7.463
74.30, 1.070, 7.030
74.31, 1.069, 8.195
74.32, 1.068, 5.338
74.33, 1.067, 7.465
74.34, 1.066, 7.053
74.35, 1.065, 5.824
74.36, 1.064, 7.590
74.37, 1.063, 6.355
74.38, 1.062, 7.252
74.39, 1.061, 6.540
74.40, 1.060, 4.976
74.41, 1.059, 7.095
74.42, 1.058, 6.820
74.43, 1.057, 7.495
74.44, 1.056, 5.840
74.45, 1.055, 7.180
74.46, 1.054, 7.304
74.47, 1.053, 9.369
74.48, 1.052, 6.459
74.49, 1.051, 7.624
74.50, 1.050, 6.730
74.51, 1.049, 6.715
74.52, 1.048, 5.478
74.53, 1.047, 6.863
74.54, 1.046, 7.763
74.55, 1.045, 6.630
74.56, 1.044, 7.724
74.57, 1.043, 8.206
74.58, 1.042, 6.027
74.59, 1.041, 6.559
74.60, 1.040, 6.265
74.61, 1.039, 7.110
74.62, 1.038, 6.811
74.63, 1.037, 8.030
74.64, 1.036, 7.847
74.65, 1.035, 7.320
74.66, 1.034, 5.386
74.67, 1.033, 6.567
74.68, 1.032, 6.848
74.69, 1.031, 6.733
74.70, 1.030, 7.658
74.71, 1.029, 6.586
74.72, 1.028, 6.433
74.73, 1.027, 6.844
74.74, 1.026, 3.839
74.75, 1.025, 5.347
74.76, 1.024, 4.849
74.77, 1.023, 5.246
74.78, 1.022, 5.555
74.79, 1.021, 6.317
74.80, 1.020, 5.768
74.81, 1.019, 5.410
74.82, 1.018, 4.659
74.83, 1.017, 3.824
74.84, 1.016, 6.543
74.85, 1.015, 6.775
74.86, 1.014, 6.316
74.87, 1.013, 5.012
74.88, 1.012, 4.683
74.89, 1.011, 6.494
74.90, 1.010, 5.852
74.91, 1.009, 5.770
74.92, 1.008, 4.993
74.93, 1.007, 7.013
74.94, 1.006, 4.943
74.95, 1.005, 7.320
74.96, 1.004, 6.284
74.97, 1.003, 7.364
74.98, 1.002, 6.107
74.99, 1.001, 6.850
75.00, 1.000, 5.809
75.01, 0.9990, 7.232
75.02, 0.9980, 4.970
75.03, 0.9970, 5.225
75.04, 0.9960, 6.155
75.05, 0.9950, 5.122
75.06, 0.9940, 5.598
75.07, 0.9930, 5.961
75.08, 0.9920, 5.374
75.09, 0.9910, 7.091
75.10, 0.9900, 6.086
75.11, 0.9890, 5.876
75.12, 0.9880, 4.160
75.13, 0.9870, 4.836
75.14, 0.9860, 4.543
75.15, 0.9850, 5.867
75.16, 0.9840, 5.043
75.17, 0.9830, 5.855
75.18, 0.9820, 2.461
75.19, 0.9810, 4.957
75.20, 0.9800, 3.542
75.21, 0.9790, 3.192
75.22, 0.9780, 5.131
75.23, 0.9770, 5.649
75.24, 0.9760, 5.351
75.25, 0.9750, 5.623
75.26, 0.9740, 4.127
75.27, 0.9730, 5.671
75.28, 0.9720, 4.444
75.29, 0.9710, 5.283
75.30, 0.9700, 5.656
75.31, 0.9690, 4.966
75.32, 0.9680, 4.053
75.33, 0.9670, 4.266
75.34, 0.9660, 4.008
75.35, 0.9650, 6.373
75.36, 0.9640, 4.853
75.37, 0.9630, 5.290
75.38, 0.9620, 4.248
75.39, 0.9610, 4.600
75.40, 0.9600, 5.842
75.41, 0.9590, 6.088
75.42, 0.9580, 4.614
75.43, 0.9570, 5.005
75.44, 0.9560, 4.763
75.45, 0.9550, 4.986
75.46, 0.9540, 3.966
75.47, 0.9530, 4.467
75.48, 0.9520, 4.109
75.49, 0.9510, 6.178
75.50, 0.9500, 5.497
75.51, 0.9490, 4.343
75.52, 0.9480, 5.072
75.53, 0.9470, 5.557
75.54, 0.9460, 4.618
75.55, 0.9450, 4.487
75.56, 0.9440, 3.384
75.57, 0.9430, 4.654
75.58, 0.9420, 3.977
75.59, 0.9410, 3.113
75.60, 0.9400, 3.174
75.61, 0.9390, 4.798
75.62, 0.9380, 5.494
75.63, 0.9370, 4.941
75.64, 0.9360, 2.353
75.65, 0.9350, 4.315
75.66, 0.9340, 3.936
75.67, 0.9330, 4.493
75.68, 0.9320, 3.532
75.69, 0.9310, 5.793
75.70, 0.9300, 3.288
75.71, 0.9290, 5.691
75.72, 0.9280, 4.896
75.73, 0.9270, 4.991
75.74, 0.9260, 3.629
75.75, 0.9250, 4.093
75.76, 0.9240, 3.090
75.77, 0.9230, 3.373
75.78, 0.9220, 4.376
75.79, 0.9210, 5.300
75.80, 0.9200, 3.341
75.81, 0.9190, 3.561
75.82, 0.9180, 3.814
75.83, 0.9170, 4.000
75.84, 0.9160, 2.089
75.85, 0.9150, 3.965
75.86, 0.9140, 2.039
75.87, 0.9130, 4.522
75.88, 0.9120, 3.780
75.89, 0.9110, 3.567
75.90, 0.9100, 4.478
75.91, 0.9090, 5.368
75.92, 0.9080, 4.102
75.93, 0.9070, 4.876
75.94, 0.9060, 2.440
75.95, 0.9050, 2.994
75.96, 0.9040, 3.356
75.97, 0.9030, 2.368
75.98, 0.9020, 1.415
75.99, 0.9010, 3.346
76.00, 0.9000, 2.913
76.01, 0.8990, 3.246
76.02, 0.8980, 2.577
76.03, 0.8970, 1.997
76.04, 0.8960, 3.380
76.05, 0.8950, 3.454
76.06, 0.8940, 2.685
76.07, 0.8930, 1.934
76.08, 0.8920, 1.220
76.09, 0.8910, 3.192
76.10, 0.8900, 3.849
76.11, 0.8890, 3.032
76.12, 0.8880, 2.754
76.13, 0.8870, 3.648
76.14, 0.8860, 2.598
76.15, 0.8850, 2.982
76.16, 0.8840, 3.989
76.17, 0.8830, 2.135
76.18, 0.8820, 3.597
76.19, 0.8810, 3.048
76.20, 0.8800, 4.065
76.21, 0.8790, 3.099
76.22, 0.8780, 4.114
76.23, 0.8770, 3.874
76.24, 0.8760, 3.624
76.25, 0.8750, 5.066
76.26, 0.8740, 3.644
76.27, 0.8730, 3.001
76.28, 0.8720, 4.096
76.29, 0.8710, 3.320
76.30, 0.8700, 3.281
76.31, 0.8690, 5.288
76.32, 0.8680, 4.434
76.33, 0.8670, 3.830
76.34, 0.8660, 1.807
76.35, 0.8650, 3.813
76.36, 0.8640, 1.535
76.37, 0.8630, 2.718
76.38, 0.8620, 3.061
76.39, 0.8610, 3.934
76.40, 0.8600, 2.429
76.41, 0.8590, 2.522
76.42, 0.8580, 2.447
76.43, 0.8570, 3.230
76.44, 0.8560, 2.184
76.45, 0.8550, 3.945
76.46, 0.8540, -0.3016
76.47, 0.8530, 0.9032
76.48, 0.8520, 1.946
76.49, 0.8510, 2.993
76.50, 0.8500, 1.615
76.51, 0.8490, 0.3072
76.52, 0.8480, 2.687
76.53, 0.8470, 1.976
76.54, 0.8460, 1.559
76.55, 0.8450, 2.785
76.56, 0.8440, 3.076
76.57, 0.8430, 1.523
76.58, 0.8420, 3.094
76.59, 0.8410, 2.833
76.60, 0.8400, 4.004
76.61, 0.8390, 1.819
76.62, 0.8380, 2.423
76.63, 0.8370, 2.656
76.64, 0.8360, 1.295
76.65, 0.8350, 4.111
76.66, 0.8340, 1.287
76.67, 0.8330, 2.756
76.68, 0.8320, 3.364
76.69, 0.8310, 0.9934
76.70, 0.8300, 3.753
76.71, 0.8290, 1.755
76.72, 0.8280, 4.104
76.73, 0.8270, -0.07138
76.74, 0.8260, 2.935
76.75, 0.8250, -0.8839
76.76, 0.8240, 2.108
76.77, 0.8230, 2.110
76.78, 0.8220, 1.991
76.79, 0.8210, 0.2052
76.80, 0.8200, 0.8498
76.81, 0.8190, 1.509
76.82, 0.8180, 2.197
76.83, 0.8170, 1.320
76.84, 0.8160, 3.018
76.85, 0.8150, 1.575
76.86, 0.8140, 1.651
76.87, 0.8130, 2.121
76.88, 0.8120, 0.9194
76.89, 0.8110, -1.113
76.90, 0.8100, 1.051
76.91, 0.8090, 1.068
76.92, 0.8080, 0.2881
76.93, 0.8070, -0.2085
76.94, 0.8060, 2.712
76.95, 0.8050, 0.07854
76.96, 0.8040, -0.1179
76.97, 0.8030, 2.496
76.98, 0.8020, 0.5328
76.99, 0.8010, 3.070
77.00, 0.8000, 2.021
77.01, 0.7990, 2.758
77.02, 0.7980, 1.128
77.03, 0.7970, 2.669
77.04, 0.7960, 3.053
77.05, 0.7950, 2.667
77.06, 0.7940, 1.301
77.07, 0.7930, 0.6842
77.08, 0.7920, 1.424
77.09, 0.7910, 0.6994
77.10, 0.7900, 0.4994
77.11, 0.7890, 1.009
77.12, 0.7880, 1.821
77.13, 0.7870, 2.358
77.14, 0.7860, 1.954
77.15, 0.7850, 1.816
77.16, 0.7840, 1.083
77.17, 0.7830, -0.7990
77.18, 0.7820, 0.7982
77.19, 0.7810, -0.7872
77.20, 0.7800, 1.507
77.21, 0.7790, 0.03360
77.22, 0.7780, 2.020
77.23, 0.7770, 1.459
77.24, 0.7760, 0.7470
77.25, 0.7750, -0.9523
77.26, 0.7740, 0.2518
77.27, 0.7730, -0.01203
77.28, 0.7720, -0.01661
77.29, 0.7710, -2.366
77.30, 0.7700, 0.7659
77.31, 0.7690, -1.465
77.32, 0.7680, -3.847
77.33, 0.7670, 1.177
77.34, 0.7660, -1.807
77.35, 0.7650, 0.5775
77.36, 0.7640, 0.4934
77.37, 0.7630, -0.3496
77.38, 0.7620, 1.761
77.39, 0.7610, 0.4412
77.40, 0.7600, 0.07293
77.41, 0.7590, 0.3031
77.42, 0.7580, 0.06682
77.43, 0.7570, 1.591
77.44, 0.7560, 1.532
77.45, 0.7550, 0.6821
77.46, 0.7540, 0.9673
77.47, 0.7530, -0.2205
77.48, 0.7520, -0.2174
77.49, 0.7510, 0.9436
77.50, 0.7500, 2.455
77.51, 0.7490, -0.9047
77.52, 0.7480, -0.8605
77.53, 0.7470, -0.06801
77.54, 0.7460, 0.6408
77.55, 0.7450, 0.01803
77.56, 0.7440, 0.6420
77.57, 0.7430, -0.03930
77.58, 0.7420, 1.292
77.59, 0.7410, -0.5846
77.60, 0.7400, -1.393
77.61, 0.7390, -1.528
77.62, 0.7380, 1.613
77.63, 0.7370, 0.6151
77.64, 0.7360, -1.226
77.65, 0.7350, 1.269
77.66, 0.7340, 0.6107
77.67, 0.7330, 1.349
77.68, 0.7320, -2.140
77.69, 0.7310, -0.01352
77.70, 0.7300, -0.8898
77.71, 0.7290, -1.146
77.72, 0.7280, -0.006687
77.73, 0.7270, -0.6702
77.74, 0.7260, -4.078
77.75, 0.7250, 1.558
77.76, 0.7240, -0.6960
77.77, 0.7230, -1.153
77.78, 0.7220, -1.182
77.79, 0.7210, 0.4353
77.80, 0.7200, -0.9259
77.81, 0.7190, -0.1329
77.82, 0.7180, 0.8266
77.83, 0.7170, -1.019
77.84, 0.7160, 0.2519
77.85, 0.7150, -0.7732
77.86, 0.7140, -1.650
77.87, 0.7130, 0.3146
77.88, 0.7120, -0.4612
77.89, 0.7110, -1.174
77.90, 0.7100, -2.163
77.91, 0.7090, -0.9304
77.92, 0.7080, -1.464
77.93, 0.7070, -0.6033
77.94, 0.7060, -1.642
77.95, 0.7050, 0.3430
77.96, 0.7040, -2.231
77.97, 0.7030, -1.769
77.98, 0.7020, -0.1153
77.99, 0.7010, -0.6972
78.00, 0.7000, -4.101
78.01, 0.6990, -3.380
78.02, 0.6980, -0.1484
78.03, 0.6970, 0.7349
78.04, 0.6960, -0.1186
78.05, 0.6950, -3.008
78.06, 0.6940, 0.6986
78.07, 0.6930, -1.462
78.08, 0.6920, -0.5589
78.09, 0.6910, -1.424
78.10, 0.6900, -1.810
78.11, 0.6890, -0.9954
78.12, 0.6880, 0.6025
78.13, 0.6870, -4.730
78.14, 0.6860, -1.809
78.15, 0.6850, -1.164
78.16, 0.6840, -3.095
78.17, 0.6830, 0.1805
78.18, 0.6820, -2.276
78.19, 0.6810, -0.07715
78.20, 0.6800, -3.819
78.21, 0.6790, -1.057
78.22, 0.6780, -0.9100
78.23, 0.6770, -3.384
78.24, 0.6760, -1.832
78.25, 0.6750, -1.751
78.26, 0.6740, -2.565
78.27, 0.6730, -4.657
78.28, 0.6720, -1.454
78.29, 0.6710, -2.986
78.30, 0.6700, -2.510
78.31, 0.6690, -1.999
78.32, 0.6680, -2.315
78.33, 0.6670, -2.427
78.34, 0.6660, -1.701
78.35, 0.6650, -2.084
78.36, 0.6640, -2.265
78.37, 0.6630, -0.8302
78.38, 0.6620, -1.978
78.39, 0.6610, -1.614
78.40, 0.6600, -0.8204
78.41, 0.6590, -2.693
78.42, 0.6580, -3.029
78.43, 0.6570, -1.115
78.44, 0.6560, -3.359
78.45, 0.6550, -1.904
78.46, 0.6540, -1.345
78.47, 0.6530, -1.382
78.48, 0.6520, -1.492
78.49, 0.6510, -3.922
78.50, 0.6500, -3.605
78.51, 0.6490, -3.546
78.52, 0.6480, -2.246
78.53, 0.6470, -3.162
78.54, 0.6460, -3.080
78.55, 0.6450, -2.661
78.56, 0.6440, -3.541
78.57, 0.6430, -4.263
78.58, 0.6420, -3.880
78.59, 0.6410, -2.228
78.60, 0.6400, -3.888
78.61, 0.6390, -4.335
78.62, 0.6380, -2.961
78.63, 0.6370, -4.442
78.64, 0.6360, -2.994
78.65, 0.6350, -4.276
78.66, 0.6340, -3.912
78.67, 0.6330, -2.750
78.68, 0.6320, -5.099
78.69, 0.6310, -2.817
78.70, 0.6300, -2.730
78.71, 0.6290, -2.846
78.72, 0.6280, -2.184
78.73, 0.6270, -3.027
78.74, 0.6260, -2.656
78.75, 0.6250, -0.8608
78.76, 0.6240, -3.180
78.77, 0.6230, -2.569
78.78, 0.6220, -2.780
78.79, 0.6210, -1.605
78.80, 0.6200, -1.582
78.81, 0.6190, -3.406
78.82, 0.6180, -0.9527
78.83, 0.6170, -1.915
78.84, 0.6160, -3.459
78.85, 0.6150, -1.970
78.86, 0.6140, -2.282
78.87, 0.6130, -1.421
78.88, 0.6120, -2.083
78.89, 0.6110, -2.523
78.90, 0.6100, -0.9554
78.91, 0.6090, -2.550
78.92, 0.6080, -1.465
78.93, 0.6070, -3.731
78.94, 0.6060, -3.236
78.95, 0.6050, -6.116
78.96, 0.6040, -3.490
78.97, 0.6030, -7.724
78.98, 0.6020, -4.468
78.99, 0.6010, -4.397
79.00, 0.6000, -4.748
79.01, 0.5990, -1.744
79.02, 0.5980, -4.656
79.03, 0.5970, -5.835
79.04, 0.5960, -4.562
79.05, 0.5950, -3.298
79.06, 0.5940, -2.833
79.07, 0.5930, -3.761
79.08, 0.5920, -4.682
79.09, 0.5910, -3.853
79.10, 0.5900, -5.575
79.11, 0.5890, -3.728
79.12, 0.5880, -5.751
79.13, 0.5870, -2.197
79.14, 0.5860, -3.879
79.15, 0.5850, -3.358
79.16, 0.5840, -3.281
79.17, 0.5830, -5.185
79.18, 0.5820, -4.680
79.19, 0.5810, -4.296
79.20, 0.5800, -3.426
79.21, 0.5790, -5.155
79.22, 0.5780, -3.212
79.23, 0.5770, -5.938
79.24, 0.5760, -5.910
79.25, 0.5750, -4.295
79.26, 0.5740, -4.488
79.27, 0.5730, -6.532
79.28, 0.5720, -4.329
79.29, 0.5710, -3.964
79.30, 0.5700, -6.594
79.31, 0.5690, -3.353
79.32, 0.5680, -5.095
79.33, 0.5670, -2.381
79.34, 0.5660, -4.682
79.35, 0.5650, -3.527
79.36, 0.5640, -3.880
79.37, 0.5630, -4.309
79.38, 0.5620, -4.121
79.39, 0.5610, -5.595
79.40, 0.5600, -4.041
79.41, 0.5590, -4.065
79.42, 0.5580, -5.769
79.43, 0.5570, -6.609
79.44, 0.5560, -5.543
79.45, 0.5550, -5.459
79.46, 0.5540, -3.612
79.47, 0.5530, -5.569
79.48, 0.5520, -5.488
79.49, 0.5510, -5.784
79.50, 0.5500, -4.788
79.51, 0.5490, -4.919
79.52, 0.5480, -3.404
79.53, 0.5470, -4.715
79.54, 0.5460, -5.356
79.55, 0.5450, -6.949
79.56, 0.5440, -5.186
79.57, 0.5430, -4.584
79.58, 0.5420, -5.798
79.59, 0.5410, -4.054
79.60, 0.5400, -3.133
79.61, 0.5390, -5.738
79.62, 0.5380, -3.926
79.63, 0.5370, -5.029
79.64, 0.5360, -4.140
79.65, 0.5350, -5.861
79.66, 0.5340, -4.403
79.67, 0.5330, -5.597
79.68, 0.5320, -5.703
79.69, 0.5310, -3.890
79.70, 0.5300, -6.039
79.71, 0.5290, -3.420
79.72, 0.5280, -4.599
79.73, 0.5270, -3.890
79.74, 0.5260, -5.950
79.75, 0.5250, -3.863
79.76, 0.5240, -4.242
79.77, 0.5230, -4.963
79.78, 0.5220, -5.530
79.79, 0.5210, -4.845
79.80, 0.5200, -5.798
79.81, 0.5190, -5.651
79.82, 0.5180, -7.641
79.83, 0.5170, -6.624
79.84, 0.5160, -4.305
79.85, 0.5150, -5.362
79.86, 0.5140, -5.006
79.87, 0.5130, -4.956
79.88, 0.5120, -5.458
79.89, 0.5110, -5.658
79.90, 0.5100, -5.124
79.91, 0.5090, -6.189
79.92, 0.5080, -5.313
79.93, 0.5070, -4.824
79.94, 0.5060, -7.389
79.95, 0.5050, -6.101
79.96, 0.5040, -5.413
79.97, 0.5030, -4.841
79.98, 0.5020, -3.553
79.99, 0.5010, -5.503
80.00, 0.5000, -4.486
80.01, 0.4990, -6.230
80.02, 0.4980, -5.943
80.03, 0.4970, -6.168
80.04, 0.4960, -4.912
80.05, 0.4950, -7.684
80.06, 0.4940, -4.240
80.07, 0.4930, -5.310
80.08, 0.4920, -5.076
80.09, 0.4910, -6.169
80.10, 0.4900, -4.327
80.11, 0.4890, -7.058
80.12, 0.4880, -6.218
80.13, 0.4870, -4.835
80.14, 0.4860, -5.537
80.15, 0.4850, -7.441
80.16, 0.4840, -5.407
80.17, 0.4830, -5.498
80.18, 0.4820, -5.240
80.19, 0.4810, -5.990
80.20, 0.4800, -6.706
80.21, 0.4790, -7.583
80.22, 0.4780, -5.783
80.23, 0.4770, -5.702
80.24, 0.4760, -8.212
80.25, 0.4750, -6.620
80.26, 0.4740, -6.748
80.27, 0.4730, -6.285
80.28, 0.4720, -6.442
80.29, 0.4710, -6.998
80.30, 0.4700, -7.098
80.31, 0.4690, -4.611
80.32, 0.4680, -5.526
80.33, 0.4670, -5.446
80.34, 0.4660, -6.427
80.35, 0.4650, -7.611
80.36, 0.4640, -6.612
80.37, 0.4630, -5.347
80.38, 0.4620, -5.513
80.39, 0.4610, -6.050
80.40, 0.4600, -5.488
80.41, 0.4590, -5.564
80.42, 0.4580, -6.169
80.43, 0.4570, -7.338
80.44, 0.4560, -4.641
80.45, 0.4550, -5.338
80.46, 0.4540, -4.635
80.47, 0.4530, -6.230
80.48, 0.4520, -6.140
80.49, 0.4510, -7.051
80.50, 0.4500, -6.631
80.51, 0.4490, -7.637
80.52, 0.4480, -5.935
80.53, 0.4470, -8.228
80.54, 0.4460, -4.474
80.55, 0.4450, -5.021
80.56, 0.4440, -4.058
80.57, 0.4430, -4.993
80.58, 0.4420, -7.734
80.59, 0.4410, -5.662
80.60, 0.4400, -8.256
80.61, 0.4390, -6.568
80.62, 0.4380, -5.643
80.63, 0.4370, -7.453
80.64, 0.4360, -5.752
80.65, 0.4350, -7.011
80.66, 0.4340, -5.039
80.67, 0.4330, -6.702
80.68, 0.4320, -7.760
80.69, 0.4310, -6.462
80.70, 0.4300, -5.496
80.71, 0.4290, -7.183
80.72, 0.4280, -7.647
80.73, 0.4270, -7.096
80.74, 0.4260, -5.561
80.75, 0.4250, -6.417
80.76, 0.4240, -6.333
80.77, 0.4230, -5.995
80.78, 0.4220, -7.115
80.79, 0.4210, -7.289
80.80, 0.4200, -5.467
80.81, 0.4190, -6.067
80.82, 0.4180, -6.129
80.83, 0.4170, -5.766
80.84, 0.4160, -6.658
80.85, 0.4150, -6.448
80.86, 0.4140, -5.798
80.87, 0.4130, -7.368
80.88, 0.4120, -6.919
80.89, 0.4110, -5.881
80.90, 0.4100, -6.427
80.91, 0.4090, -6.702
80.92, 0.4080, -6.823
80.93, 0.4070, -5.734
80.94, 0.4060, -6.194
80.95, 0.4050, -5.936
80.96, 0.4040, -6.988
80.97, 0.4030, -7.091
80.98, 0.4020, -7.878
80.99, 0.4010, -8.366
81.00, 0.4000, -5.973
81.01, 0.3990, -6.790
81.02, 0.3980, -8.206
81.03, 0.3970, -7.785
81.04, 0.3960, -6.737
81.05, 0.3950, -8.105
81.06, 0.3940, -8.498
81.07, 0.3930, -7.192
81.08, 0.3920, -8.308
81.09, 0.3910, -6.364
81.10, 0.3900, -8.267
81.11, 0.3890, -7.248
81.12, 0.3880, -7.479
81.13, 0.3870, -7.799
81.14, 0.3860, -9.048
81.15, 0.3850, -6.665
81.16, 0.3840, -9.094
81.17, 0.3830, -7.486
81.18, 0.3820, -8.529
81.19, 0.3810, -6.960
81.20, 0.3800, -7.576
81.21, 0.3790, -5.754
81.22, 0.3780, -6.378
81.23, 0.3770, -8.652
81.24, 0.3760, -8.556
81.25, 0.3750, -9.422
81.26, 0.3740, -7.921
81.27, 0.3730, -6.739
81.28, 0.3720, -7.467
81.29, 0.3710, -6.593
81.30, 0.3700, -7.840
81.31, 0.3690, -9.688
81.32, 0.3680, -7.771
81.33, 0.3670, -8.653
81.34, 0.3660, -8.357
81.35, 0.3650, -7.664
81.36, 0.3640, -6.677
81.37, 0.3630, -6.849
81.38, 0.3620, -6.806
81.39, 0.3610, -8.148
81.40, 0.3600, -5.940
81.41, 0.3590, -8.009
81.42, 0.3580, -7.111
81.43, 0.3570, -7.167
81.44, 0.3560, -6.978
81.45, 0.3550, -7.995
81.46, 0.3540, -8.901
81.47, 0.3530, -8.720
81.48, 0.3520, -9.387
81.49, 0.3510, -8.165
81.50, 0.3500, -7.841
81.51, 0.3490, -8.569
81.52, 0.3480, -8.223
81.53, 0.3470, -10.63
81.54, 0.3460, -8.451
81.55, 0.3450, -8.573
81.56, 0.3440, -7.619
81.57, 0.3430, -9.978
81.58, 0.3420, -10.25
81.59, 0.3410, -7.651
81.60, 0.3400, -7.712
81.61, 0.3390, -7.048
81.62, 0.3380, -8.204
81.63, 0.3370, -8.173
81.64, 0.3360, -9.892
81.65, 0.3350, -7.901
81.66, 0.3340, -7.655
81.67, 0.3330, -7.533
81.68, 0.3320, -8.287
81.69, 0.3310, -7.418
81.70, 0.3300, -10.11
81.71, 0.3290, -9.499
81.72, 0.3280, -9.555
81.73, 0.3270, -6.673
81.74, 0.3260, -10.32
81.75, 0.3250, -6.922
81.76, 0.3240, -10.27
81.77, 0.3230, -8.368
81.78, 0.3220, -9.889
81.79, 0.3210, -7.628
81.80, 0.3200, -9.051
81.81, 0.3190, -8.307
81.82, 0.3180, -8.501
81.83, 0.3170, -10.53
81.84, 0.3160, -7.095
81.85, 0.3150, -7.932
81.86, 0.3140, -9.206
81.87, 0.3130, -8.984
81.88, 0.3120, -7.651
81.89, 0.3110, -9.070
81.90, 0.3100, -10.57
81.91, 0.3090, -9.499
81.92, 0.3080, -9.020
81.93, 0.3070, -9.615
81.94, 0.3060, -8.303
81.95, 0.3050, -9.798
81.96, 0.3040, -8.590
81.97, 0.3030, -9.334
81.98, 0.3020, -10.55
81.99, 0.3010, -8.610
82.00, 0.3000, -8.578
82.01, 0.2990, -10.46
82.02, 0.2980, -8.868
82.03, 0.2970, -7.575
82.04, 0.2960, -8.600
82.05, 0.2950, -8.882
82.06, 0.2940, -8.605
82.07, 0.2930, -8.173
82.08, 0.2920, -8.133
82.09, 0.2910, -10.04
82.10, 0.2900, -8.789
82.11, 0.2890, -8.673
82.12, 0.2880, -8.321
82.13, 0.2870, -8.376
82.14, 0.2860, -9.776
82.15, 0.2850, -8.745
82.16, 0.2840, -7.984
82.17, 0.2830, -8.220
82.18, 0.2820, -9.081
82.19, 0.2810, -8.190
82.20, 0.2800, -8.657
82.21, 0.2790, -8.184
82.22, 0.2780, -8.168
82.23, 0.2770, -8.710
82.24, 0.2760, -8.446
82.25, 0.2750, -8.424
82.26, 0.2740, -8.551
82.27, 0.2730, -8.871
82.28, 0.2720, -10.49
82.29, 0.2710, -9.161
82.30, 0.2700, -8.715
82.31, 0.2690, -8.820
82.32, 0.2680, -10.03
82.33, 0.2670, -9.373
82.34, 0.2660, -9.739
82.35, 0.2650, -9.691
82.36, 0.2640, -9.580
82.37, 0.2630, -8.763
82.38, 0.2620, -9.016
82.39, 0.2610, -10.60
82.40, 0.2600, -10.02
82.41, 0.2590, -9.632
82.42, 0.2580, -9.716
82.43, 0.2570, -9.591
82.44, 0.2560, -9.286
82.45, 0.2550, -9.977
82.46, 0.2540, -8.311
82.47, 0.2530, -10.32
82.48, 0.2520, -9.812
82.49, 0.2510, -10.51
82.50, 0.2500, -8.565
82.51, 0.2490, -8.444
82.52, 0.2480, -9.318
82.53, 0.2470, -9.073
82.54, 0.2460, -7.481
82.55, 0.2450, -8.573
82.56, 0.2440, -9.391
82.57, 0.2430, -9.620
82.58, 0.2420, -9.459
82.59, 0.2410, -10.96
82.60, 0.2400, -8.365
82.61, 0.2390, -10.90
82.62, 0.2380, -8.192
82.63, 0.2370, -9.721
82.64, 0.2360, -8.449
82.65, 0.2350, -9.457
82.66, 0.2340, -9.433
82.67, 0.2330, -10.72
82.68, 0.2320, -9.357
82.69, 0.2310, -9.618
82.70, 0.2300, -8.144
82.71, 0.2290, -9.900
82.72, 0.2280, -9.414
82.73, 0.2270, -10.02
82.74, 0.2260, -11.10
82.75, 0.2250, -9.109
82.76, 0.2240, -8.543
82.77, 0.2230, -9.345
82.78, 0.2220, -8.966
82.79, 0.2210, -11.31
82.80, 0.2200, -11.00
82.81, 0.2190, -10.24
82.82, 0.2180, -11.91
82.83, 0.2170, -10.04
82.84, 0.2160, -9.861
82.85, 0.2150, -11.36
82.86, 0.2140, -9.732
82.87, 0.2130, -10.52
82.88, 0.2120, -10.56
82.89, 0.2110, -9.092
82.90, 0.2100, -7.902
82.91, 0.2090, -9.158
82.92, 0.2080, -10.37
82.93, 0.2070, -11.12
82.94, 0.2060, -10.08
82.95, 0.2050, -8.511
82.96, 0.2040, -11.56
82.97, 0.2030, -9.709
82.98, 0.2020, -10.97
82.99, 0.2010, -10.09
83.00, 0.2000, -9.197
83.01, 0.1990, -9.690
83.02, 0.1980, -9.583
83.03, 0.1970, -9.938
83.04, 0.1960, -9.521
83.05, 0.1950, -10.06
83.06, 0.1940, -10.06
83.07, 0.1930, -9.837
83.08, 0.1920, -10.59
83.09, 0.1910, -10.97
83.10, 0.1900, -8.867
83.11, 0.1890, -9.877
83.12, 0.1880, -10.99
83.13, 0.1870, -10.13
83.14, 0.1860, -10.64
83.15, 0.1850, -9.863
83.16, 0.1840, -10.47
83.17, 0.1830, -9.778
83.18, 0.1820, -11.12
83.19, 0.1810, -13.03
83.20, 0.1800, -10.87
83.21, 0.1790, -13.16
83.22, 0.1780, -11.95
83.23, 0.1770, -11.13
83.24, 0.1760, -9.391
83.25, 0.1750, -10.06
83.26, 0.1740, -9.228
83.27, 0.1730, -11.49
83.28, 0.1720, -10.85
83.29, 0.1710, -11.09
83.30, 0.1700, -12.08
83.31, 0.1690, -11.22
83.32, 0.1680, -10.36
83.33, 0.1670, -11.18
83.34, 0.1660, -9.403
83.35, 0.1650, -10.67
83.36, 0.1640, -11.07
83.37, 0.1630, -11.61
83.38, 0.1620, -10.50
83.39, 0.1610, -10.84
83.40, 0.1600, -9.938
83.41, 0.1590, -12.04
83.42, 0.1580, -10.97
83.43, 0.1570, -10.49
83.44, 0.1560, -10.65
83.45, 0.1550, -10.88
83.46, 0.1540, -11.66
83.47, 0.1530, -12.72
83.48, 0.1520, -10.91
83.49, 0.1510, -11.34
83.50, 0.1500, -11.28
83.51, 0.1490, -10.13
83.52, 0.1480, -10.45
83.53, 0.1470, -11.80
83.54, 0.1460, -10.55
83.55, 0.1450, -12.68
83.56, 0.1440, -11.34
83.57, 0.1430, -12.06
83.58, 0.1420, -12.25
83.59, 0.1410, -10.83
83.60, 0.1400, -12.12
83.61, 0.1390, -11.98
83.62, 0.1380, -10.75
83.63, 0.1370, -12.51
83.64, 0.1360, -11.60
83.65, 0.1350, -12.08
83.66, 0.1340, -11.13
83.67, 0.1330, -11.28
83.68, 0.1320, -12.85
83.69, 0.1310, -12.77
83.70, 0.1300, -11.35
83.71, 0.1290, -12.65
83.72, 0.1280, -11.60
83.73, 0.1270, -10.97
83.74, 0.1260, -11.96
83.75, 0.1250, -13.59
83.76, 0.1240, -12.58
83.77, 0.1230, -11.98
83.78, 0.1220, -13.63
83.79, 0.1210, -12.13
83.80, 0.1200, -11.56
83.81, 0.1190, -11.90
83.82, 0.1180, -11.59
83.83, 0.1170, -11.63
83.84, 0.1160, -13.82
83.85, 0.1150, -12.28
83.86, 0.1140, -11.21
83.87, 0.1130, -11.48
83.88, 0.1120, -12.37
83.89, 0.1110, -13.14
83.90, 0.1100, -12.11
83.91, 0.1090, -12.50
83.92, 0.1080, -12.03
83.93, 0.1070, -11.77
83.94, 0.1060, -12.64
83.95, 0.1050, -14.19
83.96, 0.1040, -11.16
83.97, 0.1030, -13.11
83.98, 0.1020, -12.48
83.99, 0.1010, -13.46
84.00, 0.1000, -13.34
84.01, 0.09900, -14.31
84.02, 0.09800, -12.94
84.03, 0.09700, -13.91
84.04, 0.09600, -14.75
84.05, 0.09500, -14.11
84.06, 0.09400, -11.82
84.07, 0.09300, -13.89
84.08, 0.09200, -13.95
84.09, 0.09100, -13.04
84.10, 0.09000, -13.74
84.11, 0.08900, -12.76
84.12, 0.08800, -12.14
84.13, 0.08700, -12.73
84.14, 0.08600, -13.96
84.15, 0.08500, -13.16
84.16, 0.08400, -14.93
84.17, 0.08300, -12.81
84.18, 0.08200, -13.39
84.19, 0.08100, -12.76
84.20, 0.08000, -13.05
84.21, 0.07900, -13.86
84.22, 0.07800, -14.19
84.23, 0.07700, -13.00
84.24, 0.07600, -12.97
84.25, 0.07500, -13.24
84.26, 0.07400, -11.89
84.27, 0.07300, -13.67
84.28, 0.07200, -13.94
84.29, 0.07100, -11.84
84.30, 0.07000, -14.43
84.31, 0.06900, -14.47
84.32, 0.06800, -13.08
84.33, 0.06700, -11.71
84.34, 0.06600, -14.83
84.35, 0.06500, -13.92
84.36, 0.06400, -13.34
84.37, 0.06300, -14.19
84.38, 0.06200, -13.53
84.39, 0.06100, -13.59
84.40, 0.06000, -13.68
84.41, 0.05900, -15.11
84.42, 0.05800, -13.75
84.43, 0.05700, -14.71
84.44, 0.05600, -14.42
84.45, 0.05500, -15.66
84.46, 0.05400, -14.51
84.47, 0.05300, -13.48
84.48, 0.05200, -15.34
84.49, 0.05100, -15.28
84.50, 0.05000, -13.76
84.51, 0.04900, -15.32
84.52, 0.04800, -14.55
84.53, 0.04700, -13.89
84.54, 0.04600, -14.68
84.55, 0.04500, -14.92
84.56, 0.04400, -12.47
84.57, 0.04300, -14.82
84.58, 0.04200, -14.26
84.59, 0.04100, -15.69
84.60, 0.04000, -13.27
84.61, 0.03900, -14.63
84.62, 0.03800, -13.99
84.63, 0.03700, -15.08
84.64, 0.03600, -14.42
84.65, 0.03500, -13.45
84.66, 0.03400, -14.70
84.67, 0.03300, -14.61
84.68, 0.03200, -15.56
84.69, 0.03100, -15.20
84.70, 0.03000, -12.92
84.71, 0.02900, -13.52
84.72, 0.02800, -14.52
84.73, 0.02700, -15.50
84.74, 0.02600, -14.19
84.75, 0.02500, -15.61
84.76, 0.02400, -14.14
84.77, 0.02300, -14.31
84.78, 0.02200, -13.57
84.79, 0.02100, -14.78
84.80, 0.02000, -14.45
84.81, 0.01900, -15.40
84.82, 0.01800, -16.36
84.83, 0.01700, -15.92
84.84, 0.01600, -14.52
84.85, 0.01500, -14.96
84.86, 0.01400, -15.36
84.87, 0.01300, -16.20
84.88, 0.01200, -15.96
84.89, 0.01100, -14.87
84.90, 0.01000, -14.83
84.91, 0.009000, -14.65
84.92, 0.008000, -14.81
84.93, 0.007000, -15.33
84.94, 0.006000, -15.18
84.95, 0.005000, -16.70
84.96, 0.004000, -15.13
84.97, 0.003000, -14.94
84.98, 0.002000, -14.57
84.99, 0.001000, -16.88
85.00, 0.000, -12.65
