0.01000, -0.8000, -100.5
0.02000, -0.8000, -47.48
0.03000, -0.8000, -31.71
0.04000, -0.8000, -25.80
0.05000, -0.8000, -23.42
0.06000, -0.8000, -22.50
0.07000, -0.8000, -19.58
0.08000, -0.8000, -20.36
0.09000, -0.8000, -19.10
0.1000, -0.8000, -22.61
0.1100, -0.8000, -16.57
0.1200, -0.8000, -16.81
0.1300, -0.8000, -15.40
0.1400, -0.8000, -15.63
0.1500, -0.8000, -14.20
0.1600, -0.8000, -14.33
0.1700, -0.8000, -14.67
0.1800, -0.8000, -13.36
0.1900, -0.8000, -15.05
0.2000, -0.8000, -13.95
0.2100, -0.8000, -14.23
0.2200, -0.8000, -13.69
0.2300, -0.8000, -12.39
0.2400, -0.8000, -13.11
0.2500, -0.8000, -13.26
0.2600, -0.8000, -13.27
0.2700, -0.8000, -11.94
0.2800, -0.8000, -12.22
0.2900, -0.8000, -13.12
0.3000, -0.8000, -14.26
0.3100, -0.8000, -12.49
0.3200, -0.8000, -13.72
0.3300, -0.8000, -13.43
0.3400, -0.8000, -12.07
0.3500, -0.8000, -11.46
0.3600, -0.8000, -11.84
0.3700, -0.8000, -11.75
0.3800, -0.8000, -12.14
0.3900, -0.8000, -11.80
0.4000, -0.8000, -11.23
0.4100, -0.8000, -12.39
0.4200, -0.8000, -12.35
0.4300, -0.8000, -11.86
0.4400, -0.8000, -11.97
0.4500, -0.8000, -11.66
0.4600, -0.8000, -12.96
0.4700, -0.8000, -10.99
0.4800, -0.8000, -11.20
0.4900, -0.8000, -13.49
0.5000, -0.8000, -11.22
0.5100, -0.8000, -13.13
0.5200, -0.8000, -12.42
0.5300, -0.8000, -12.15
0.5400, -0.8000, -13.12
0.5500, -0.8000, -12.06
0.5600, -0.8000, -12.21
0.5700, -0.8000, -11.64
0.5800, -0.8000, -11.28
0.5900, -0.8000, -11.52
0.6000, -0.8000, -12.88
0.6100, -0.8000, -11.87
0.6200, -0.8000, -11.88
0.6300, -0.8000, -12.42
0.6400, -0.8000, -10.54
0.6500, -0.8000, -10.07
0.6600, -0.8000, -11.13
0.6700, -0.8000, -12.40
0.6800, -0.8000, -11.33
0.6900, -0.8000, -10.58
0.7000, -0.8000, -11.88
0.7100, -0.8000, -11.48
0.7200, -0.8000, -11.94
0.7300, -0.8000, -10.77
0.7400, -0.8000, -11.57
0.7500, -0.8000, -12.32
0.7600, -0.8000, -11.47
0.7700, -0.8000, -11.28
0.7800, -0.8000, -11.27
0.7900, -0.8000, -10.88
0.8000, -0.8000, -12.39
0.8100, -0.8000, -12.32
0.8200, -0.8000, -11.90
0.8300, -0.8000, -11.06
0.8400, -0.8000, -12.03
0.8500, -0.8000, -11.29
0.8600, -0.8000, -11.33
0.8700, -0.8000, -12.05
0.8800, -0.8000, -10.72
0.8900, -0.8000, -11.38
0.9000, -0.8000, -11.84
0.9100, -0.8000, -11.80
0.9200, -0.8000, -10.96
0.9300, -0.8000, -10.68
0.9400, -0.8000, -11.10
0.9500, -0.8000, -10.77
0.9600, -0.8000, -11.19
0.9700, -0.8000, -11.54
0.9800, -0.8000, -11.31
0.9900, -0.8000, -11.27
1.000, -0.8000, -11.64
1.010, -0.8000, -10.35
1.020, -0.8000, -12.08
1.030, -0.8000, -10.42
1.040, -0.8000, -11.11
1.050, -0.8000, -10.82
1.060, -0.8000, -11.56
1.070, -0.8000, -12.58
1.080, -0.8000, -11.41
1.090, -0.8000, -11.78
1.100, -0.8000, -12.05
1.110, -0.8000, -11.26
1.120, -0.8000, -12.29
1.130, -0.8000, -11.89
1.140, -0.8000, -11.76
1.150, -0.8000, -10.20
1.160, -0.8000, -10.52
1.170, -0.8000, -11.14
1.180, -0.8000, -11.24
1.190, -0.8000, -11.85
1.200, -0.8000, -11.45
1.210, -0.8000, -11.38
1.220, -0.8000, -10.44
1.230, -0.8000, -11.65
1.240, -0.8000, -10.29
1.250, -0.8000, -10.83
1.260, -0.8000, -11.68
1.270, -0.8000, -10.69
1.280, -0.8000, -10.78
1.290, -0.8000, -11.75
1.300, -0.8000, -10.93
1.310, -0.8000, -13.14
1.320, -0.8000, -11.38
1.330, -0.8000, -12.61
1.340, -0.8000, -12.32
1.350, -0.8000, -11.47
1.360, -0.8000, -11.29
1.370, -0.8000, -11.49
1.380, -0.8000, -11.79
1.390, -0.8000, -11.11
1.400, -0.8000, -12.52
1.410, -0.8000, -11.17
1.420, -0.8000, -11.67
1.430, -0.8000, -11.28
1.440, -0.8000, -10.61
1.450, -0.8000, -11.83
1.460, -0.8000, -11.93
1.470, -0.8000, -11.29
1.480, -0.8000, -10.97
1.490, -0.8000, -10.20
1.500, -0.8000, -11.34
1.510, -0.8000, -11.29
1.520, -0.8000, -10.40
1.530, -0.8000, -10.21
1.540, -0.8000, -10.52
1.550, -0.8000, -10.95
1.560, -0.8000, -11.24
1.570, -0.8000, -11.44
1.580, -0.8000, -10.34
1.590, -0.8000, -11.38
1.600, -0.8000, -12.22
1.610, -0.8000, -11.32
1.620, -0.8000, -11.92
1.630, -0.8000, -11.11
1.640, -0.8000, -11.30
1.650, -0.8000, -11.66
1.660, -0.8000, -10.72
1.670, -0.8000, -10.40
1.680, -0.8000, -10.43
1.690, -0.8000, -10.50
1.700, -0.8000, -10.60
1.710, -0.8000, -10.53
1.720, -0.8000, -11.28
1.730, -0.8000, -11.00
1.740, -0.8000, -11.76
1.750, -0.8000, -11.33
1.760, -0.8000, -11.56
1.770, -0.8000, -10.55
1.780, -0.8000, -10.23
1.790, -0.8000, -10.71
1.800, -0.8000, -10.51
1.810, -0.8000, -10.93
1.820, -0.8000, -11.23
1.830, -0.8000, -11.05
1.840, -0.8000, -11.07
1.850, -0.8000, -10.91
1.860, -0.8000, -11.22
1.870, -0.8000, -9.906
1.880, -0.8000, -10.92
1.890, -0.8000, -9.868
1.900, -0.8000, -10.99
1.910, -0.8000, -11.17
1.920, -0.8000, -10.91
1.930, -0.8000, -10.31
1.940, -0.8000, -11.43
1.950, -0.8000, -11.63
1.960, -0.8000, -10.30
1.970, -0.8000, -11.22
1.980, -0.8000, -11.22
1.990, -0.8000, -11.33
2.000, -0.8000, -11.55
2.010, -0.8000, -11.06
2.020, -0.8000, -11.41
2.030, -0.8000, -11.12
2.040, -0.8000, -10.85
2.050, -0.8000, -11.11
2.060, -0.8000, -11.39
2.070, -0.8000, -11.16
2.080, -0.8000, -11.62
2.090, -0.8000, -10.52
2.100, -0.8000, -10.70
2.110, -0.8000, -11.15
2.120, -0.8000, -10.78
2.130, -0.8000, -11.40
2.140, -0.8000, -11.21
2.150, -0.8000, -11.04
2.160, -0.8000, -11.11
2.170, -0.8000, -11.16
2.180, -0.8000, -10.84
2.190, -0.8000, -11.08
2.200, -0.8000, -11.08
2.210, -0.8000, -10.98
2.220, -0.8000, -10.30
2.230, -0.8000, -10.96
2.240, -0.8000, -10.29
2.250, -0.8000, -10.55
2.260, -0.8000, -12.06
2.270, -0.8000, -11.71
2.280, -0.8000, -10.24
2.290, -0.8000, -11.37
2.300, -0.8000, -10.22
2.310, -0.8000, -11.15
2.320, -0.8000, -10.65
2.330, -0.8000, -9.811
2.340, -0.8000, -11.70
2.350, -0.8000, -10.86
2.360, -0.8000, -9.684
2.370, -0.8000, -10.82
2.380, -0.8000, -10.51
2.390, -0.8000, -10.35
2.400, -0.8000, -9.956
2.410, -0.8000, -9.828
2.420, -0.8000, -11.43
2.430, -0.8000, -9.574
2.440, -0.8000, -10.53
2.450, -0.8000, -11.22
2.460, -0.8000, -10.78
2.470, -0.8000, -9.823
2.480, -0.8000, -11.46
2.490, -0.8000, -9.987
2.500, -0.8000, -10.36
2.510, -0.8000, -10.32
2.520, -0.8000, -10.40
2.530, -0.8000, -11.42
2.540, -0.8000, -11.08
2.550, -0.8000, -9.755
2.560, -0.8000, -11.43
2.570, -0.8000, -10.61
2.580, -0.8000, -11.89
2.590, -0.8000, -11.67
2.600, -0.8000, -10.52
2.610, -0.8000, -10.30
2.620, -0.8000, -11.07
2.630, -0.8000, -10.43
2.640, -0.8000, -10.64
2.650, -0.8000, -10.55
2.660, -0.8000, -11.59
2.670, -0.8000, -10.63
2.680, -0.8000, -11.13
2.690, -0.8000, -11.19
2.700, -0.8000, -11.34
2.710, -0.8000, -10.51
2.720, -0.8000, -10.45
2.730, -0.8000, -10.80
2.740, -0.8000, -11.34
2.750, -0.8000, -10.09
2.760, -0.8000, -10.68
2.770, -0.8000, -11.10
2.780, -0.8000, -11.08
2.790, -0.8000, -10.74
2.800, -0.8000, -10.76
2.810, -0.8000, -10.65
2.820, -0.8000, -11.19
2.830, -0.8000, -10.59
2.840, -0.8000, -11.55
2.850, -0.8000, -11.78
2.860, -0.8000, -9.526
2.870, -0.8000, -10.04
2.880, -0.8000, -10.29
2.890, -0.8000, -10.34
2.900, -0.8000, -11.27
2.910, -0.8000, -10.30
2.920, -0.8000, -10.16
2.930, -0.8000, -11.23
2.940, -0.8000, -10.85
2.950, -0.8000, -11.22
2.960, -0.8000, -10.14
2.970, -0.8000, -10.82
2.980, -0.8000, -10.78
2.990, -0.8000, -10.91
3.000, -0.8000, -10.68
3.010, -0.8000, -10.73
3.020, -0.8000, -10.92
3.030, -0.8000, -10.95
3.040, -0.8000, -10.94
3.050, -0.8000, -11.84
3.060, -0.8000, -10.42
3.070, -0.8000, -11.03
3.080, -0.8000, -10.68
3.090, -0.8000, -12.05
3.100, -0.8000, -11.62
3.110, -0.8000, -10.82
3.120, -0.8000, -11.02
3.130, -0.8000, -10.48
3.140, -0.8000, -10.61
3.150, -0.8000, -9.707
3.160, -0.8000, -11.01
3.170, -0.8000, -11.59
3.180, -0.8000, -11.71
3.190, -0.8000, -11.69
3.200, -0.8000, -10.04
3.210, -0.8000, -10.13
3.220, -0.8000, -11.13
3.230, -0.8000, -9.839
3.240, -0.8000, -10.69
3.250, -0.8000, -10.05
3.260, -0.8000, -11.24
3.270, -0.8000, -9.396
3.280, -0.8000, -9.701
3.290, -0.8000, -10.07
3.300, -0.8000, -9.389
3.310, -0.8000, -10.39
3.320, -0.8000, -11.13
3.330, -0.8000, -9.773
3.340, -0.8000, -11.16
3.350, -0.8000, -10.00
3.360, -0.8000, -9.678
3.370, -0.8000, -11.48
3.380, -0.8000, -10.71
3.390, -0.8000, -11.40
3.400, -0.8000, -9.779
3.410, -0.8000, -11.00
3.420, -0.8000, -10.36
3.430, -0.8000, -10.29
3.440, -0.8000, -9.345
3.450, -0.8000, -11.11
3.460, -0.8000, -10.58
3.470, -0.8000, -9.510
3.480, -0.8000, -10.36
3.490, -0.8000, -10.16
3.500, -0.8000, -9.116
3.510, -0.8000, -9.819
3.520, -0.8000, -10.59
3.530, -0.8000, -10.15
3.540, -0.8000, -11.76
3.550, -0.8000, -10.18
3.560, -0.8000, -10.69
3.570, -0.8000, -10.65
3.580, -0.8000, -10.23
3.590, -0.8000, -10.89
3.600, -0.8000, -11.07
3.610, -0.8000, -10.45
3.620, -0.8000, -9.660
3.630, -0.8000, -10.57
3.640, -0.8000, -11.39
3.650, -0.8000, -9.863
3.660, -0.8000, -10.38
3.670, -0.8000, -11.20
3.680, -0.8000, -10.71
3.690, -0.8000, -10.28
3.700, -0.8000, -9.673
3.710, -0.8000, -10.49
3.720, -0.8000, -9.863
3.730, -0.8000, -10.49
3.740, -0.8000, -10.96
3.750, -0.8000, -10.51
3.760, -0.8000, -10.48
3.770, -0.8000, -9.982
3.780, -0.8000, -11.60
3.790, -0.8000, -10.93
3.800, -0.8000, -11.10
3.810, -0.8000, -11.15
3.820, -0.8000, -10.05
3.830, -0.8000, -11.17
3.840, -0.8000, -11.47
3.850, -0.8000, -10.57
3.860, -0.8000, -10.61
3.870, -0.8000, -11.79
3.880, -0.8000, -10.89
3.890, -0.8000, -10.64
3.900, -0.8000, -9.224
3.910, -0.8000, -11.13
3.920, -0.8000, -10.26
3.930, -0.8000, -10.63
3.940, -0.8000, -11.64
3.950, -0.8000, -10.64
3.960, -0.8000, -9.520
3.970, -0.8000, -9.932
3.980, -0.8000, -10.37
3.990, -0.8000, -10.40
4.000, -0.8000, -11.43
4.010, -0.8000, -9.937
4.020, -0.8000, -10.43
4.030, -0.8000, -10.04
4.040, -0.8000, -10.23
4.050, -0.8000, -10.78
4.060, -0.8000, -11.90
4.070, -0.8000, -11.09
4.080, -0.8000, -11.15
4.090, -0.8000, -10.97
4.100, -0.8000, -10.11
4.110, -0.8000, -12.22
4.120, -0.8000, -10.35
4.130, -0.8000, -10.30
4.140, -0.8000, -11.22
4.150, -0.8000, -9.926
4.160, -0.8000, -10.76
4.170, -0.8000, -10.03
4.180, -0.8000, -10.79
4.190, -0.8000, -11.38
4.200, -0.8000, -11.64
4.210, -0.8000, -10.24
4.220, -0.8000, -10.74
4.230, -0.8000, -10.39
4.240, -0.8000, -9.254
4.250, -0.8000, -10.14
4.260, -0.8000, -10.79
4.270, -0.8000, -9.814
4.280, -0.8000, -9.531
4.290, -0.8000, -9.934
4.300, -0.8000, -9.931
4.310, -0.8000, -10.05
4.320, -0.8000, -10.18
4.330, -0.8000, -11.01
4.340, -0.8000, -9.938
4.350, -0.8000, -10.03
4.360, -0.8000, -9.804
4.370, -0.8000, -10.78
4.380, -0.8000, -10.25
4.390, -0.8000, -10.33
4.400, -0.8000, -10.32
4.410, -0.8000, -11.11
4.420, -0.8000, -11.53
4.430, -0.8000, -11.27
4.440, -0.8000, -11.18
4.450, -0.8000, -11.77
4.460, -0.8000, -10.14
4.470, -0.8000, -10.68
4.480, -0.8000, -9.733
4.490, -0.8000, -10.41
4.500, -0.8000, -10.55
4.510, -0.8000, -10.04
4.520, -0.8000, -10.94
4.530, -0.8000, -10.25
4.540, -0.8000, -9.668
4.550, -0.8000, -9.758
4.560, -0.8000, -10.56
4.570, -0.8000, -10.64
4.580, -0.8000, -9.986
4.590, -0.8000, -10.89
4.600, -0.8000, -10.93
4.610, -0.8000, -9.896
4.620, -0.8000, -9.779
4.630, -0.8000, -10.17
4.640, -0.8000, -11.07
4.650, -0.8000, -11.17
4.660, -0.8000, -10.13
4.670, -0.8000, -9.838
4.680, -0.8000, -10.30
4.690, -0.8000, -10.25
4.700, -0.8000, -10.18
4.710, -0.8000, -10.14
4.720, -0.8000, -10.20
4.730, -0.8000, -9.979
4.740, -0.8000, -10.17
4.750, -0.8000, -9.931
4.760, -0.8000, -10.81
4.770, -0.8000, -9.530
4.780, -0.8000, -10.16
4.790, -0.8000, -10.67
4.800, -0.8000, -10.60
4.810, -0.8000, -11.37
4.820, -0.8000, -10.66
4.830, -0.8000, -10.13
4.840, -0.8000, -9.986
4.850, -0.8000, -10.23
4.860, -0.8000, -9.788
4.870, -0.8000, -10.37
4.880, -0.8000, -10.56
4.890, -0.8000, -10.18
4.900, -0.8000, -9.953
4.910, -0.8000, -10.76
4.920, -0.8000, -10.08
4.930, -0.8000, -11.37
4.940, -0.8000, -9.376
4.950, -0.8000, -10.06
4.960, -0.8000, -10.14
4.970, -0.8000, -8.905
4.980, -0.8000, -8.825
4.990, -0.8000, -9.410
5.000, -0.8000, -9.499
5.010, -0.8000, -9.956
5.020, -0.8000, -9.875
5.030, -0.8000, -8.825
5.040, -0.8000, -10.89
5.050, -0.8000, -9.500
5.060, -0.8000, -10.89
5.070, -0.8000, -11.22
5.080, -0.8000, -10.84
5.090, -0.8000, -10.77
5.100, -0.8000, -9.685
5.110, -0.8000, -10.01
5.120, -0.8000, -10.54
5.130, -0.8000, -10.47
5.140, -0.8000, -10.26
5.150, -0.8000, -9.985
5.160, -0.8000, -10.14
5.170, -0.8000, -9.011
5.180, -0.8000, -10.94
5.190, -0.8000, -9.729
5.200, -0.8000, -10.21
5.210, -0.8000, -10.63
5.220, -0.8000, -11.03
5.230, -0.8000, -11.10
5.240, -0.8000, -9.778
5.250, -0.8000, -10.14
5.260, -0.8000, -11.19
5.270, -0.8000, -10.23
5.280, -0.8000, -10.01
5.290, -0.8000, -10.94
5.300, -0.8000, -10.19
5.310, -0.8000, -10.28
5.320, -0.8000, -9.865
5.330, -0.8000, -9.944
5.340, -0.8000, -10.35
5.350, -0.8000, -10.56
5.360, -0.8000, -10.47
5.370, -0.8000, -10.54
5.380, -0.8000, -10.06
5.390, -0.8000, -11.03
5.400, -0.8000, -9.753
5.410, -0.8000, -9.981
5.420, -0.8000, -9.551
5.430, -0.8000, -10.27
5.440, -0.8000, -11.14
5.450, -0.8000, -10.38
5.460, -0.8000, -9.740
5.470, -0.8000, -10.15
5.480, -0.8000, -10.00
5.490, -0.8000, -11.71
5.500, -0.8000, -10.35
5.510, -0.8000, -10.79
5.520, -0.8000, -9.830
5.530, -0.8000, -9.821
5.540, -0.8000, -10.27
5.550, -0.8000, -10.04
5.560, -0.8000, -10.08
5.570, -0.8000, -10.47
5.580, -0.8000, -10.76
5.590, -0.8000, -10.26
5.600, -0.8000, -9.772
5.610, -0.8000, -9.559
5.620, -0.8000, -10.41
5.630, -0.8000, -10.49
5.640, -0.8000, -8.898
5.650, -0.8000, -10.47
5.660, -0.8000, -9.080
5.670, -0.8000, -11.32
5.680, -0.8000, -9.957
5.690, -0.8000, -10.49
5.700, -0.8000, -10.55
5.710, -0.8000, -9.806
5.720, -0.8000, -10.12
5.730, -0.8000, -10.17
5.740, -0.8000, -8.979
5.750, -0.8000, -10.18
5.760, -0.8000, -9.788
5.770, -0.8000, -9.732
5.780, -0.8000, -9.763
5.790, -0.8000, -12.10
5.800, -0.8000, -9.859
5.810, -0.8000, -11.81
5.820, -0.8000, -10.45
5.830, -0.8000, -9.506
5.840, -0.8000, -9.909
5.850, -0.8000, -9.533
5.860, -0.8000, -10.59
5.870, -0.8000, -9.355
5.880, -0.8000, -11.24
5.890, -0.8000, -10.17
5.900, -0.8000, -10.20
5.910, -0.8000, -10.31
5.920, -0.8000, -9.854
5.930, -0.8000, -9.917
5.940, -0.8000, -10.13
5.950, -0.8000, -10.39
5.960, -0.8000, -10.83
5.970, -0.8000, -9.500
5.980, -0.8000, -9.234
5.990, -0.8000, -9.731
6.000, -0.8000, -9.565
6.010, -0.8000, -9.805
6.020, -0.8000, -10.17
6.030, -0.8000, -10.94
6.040, -0.8000, -11.19
6.050, -0.8000, -9.662
6.060, -0.8000, -10.27
6.070, -0.8000, -9.549
6.080, -0.8000, -10.85
6.090, -0.8000, -10.49
6.100, -0.8000, -10.67
6.110, -0.8000, -11.30
6.120, -0.8000, -10.23
6.130, -0.8000, -8.804
6.140, -0.8000, -10.65
6.150, -0.8000, -9.733
6.160, -0.8000, -11.44
6.170, -0.8000, -9.372
6.180, -0.8000, -9.430
6.190, -0.8000, -10.65
6.200, -0.8000, -9.877
6.210, -0.8000, -9.449
6.220, -0.8000, -10.53
6.230, -0.8000, -9.382
6.240, -0.8000, -10.01
6.250, -0.8000, -10.87
6.260, -0.8000, -10.31
6.270, -0.8000, -10.81
6.280, -0.8000, -10.16
6.290, -0.8000, -10.00
6.300, -0.8000, -10.37
6.310, -0.8000, -11.04
6.320, -0.8000, -9.394
6.330, -0.8000, -9.723
6.340, -0.8000, -9.848
6.350, -0.8000, -9.765
6.360, -0.8000, -9.803
6.370, -0.8000, -10.39
6.380, -0.8000, -9.992
6.390, -0.8000, -9.599
6.400, -0.8000, -9.805
6.410, -0.8000, -10.92
6.420, -0.8000, -10.40
6.430, -0.8000, -9.493
6.440, -0.8000, -9.726
6.450, -0.8000, -10.00
6.460, -0.8000, -10.40
6.470, -0.8000, -9.136
6.480, -0.8000, -10.62
6.490, -0.8000, -11.30
6.500, -0.8000, -11.20
6.510, -0.8000, -9.301
6.520, -0.8000, -10.10
6.530, -0.8000, -10.08
6.540, -0.8000, -10.29
6.550, -0.8000, -10.22
6.560, -0.8000, -9.421
6.570, -0.8000, -9.787
6.580, -0.8000, -9.663
6.590, -0.8000, -9.889
6.600, -0.8000, -9.758
6.610, -0.8000, -9.009
6.620, -0.8000, -9.456
6.630, -0.8000, -10.56
6.640, -0.8000, -9.854
6.650, -0.8000, -9.924
6.660, -0.8000, -9.774
6.670, -0.8000, -10.90
6.680, -0.8000, -9.288
6.690, -0.8000, -10.45
6.700, -0.8000, -10.53
6.710, -0.8000, -10.21
6.720, -0.8000, -9.547
6.730, -0.8000, -9.439
6.740, -0.8000, -9.833
6.750, -0.8000, -9.368
6.760, -0.8000, -8.724
6.770, -0.8000, -9.387
6.780, -0.8000, -10.70
6.790, -0.8000, -10.53
6.800, -0.8000, -9.655
6.810, -0.8000, -9.911
6.820, -0.8000, -11.43
6.830, -0.8000, -10.79
6.840, -0.8000, -10.51
6.850, -0.8000, -10.60
6.860, -0.8000, -10.11
6.870, -0.8000, -10.87
6.880, -0.8000, -10.16
6.890, -0.8000, -11.25
6.900, -0.8000, -9.596
6.910, -0.8000, -9.839
6.920, -0.8000, -10.90
6.930, -0.8000, -10.43
6.940, -0.8000, -10.07
6.950, -0.8000, -9.774
6.960, -0.8000, -10.24
6.970, -0.8000, -10.04
6.980, -0.8000, -9.540
6.990, -0.8000, -9.510
7.000, -0.8000, -9.126
7.010, -0.8000, -9.839
7.020, -0.8000, -9.882
7.030, -0.8000, -10.74
7.040, -0.8000, -10.57
7.050, -0.8000, -11.03
7.060, -0.8000, -9.507
7.070, -0.8000, -10.16
7.080, -0.8000, -9.694
7.090, -0.8000, -9.497
7.100, -0.8000, -10.01
7.110, -0.8000, -9.612
7.120, -0.8000, -10.21
7.130, -0.8000, -10.39
7.140, -0.8000, -9.976
7.150, -0.8000, -10.13
7.160, -0.8000, -9.870
7.170, -0.8000, -11.54
7.180, -0.8000, -10.58
7.190, -0.8000, -9.852
7.200, -0.8000, -9.683
7.210, -0.8000, -9.624
7.220, -0.8000, -9.728
7.230, -0.8000, -9.450
7.240, -0.8000, -9.544
7.250, -0.8000, -9.281
7.260, -0.8000, -8.513
7.270, -0.8000, -10.21
7.280, -0.8000, -9.347
7.290, -0.8000, -9.394
7.300, -0.8000, -11.17
7.310, -0.8000, -9.584
7.320, -0.8000, -10.53
7.330, -0.8000, -9.843
7.340, -0.8000, -10.57
7.350, -0.8000, -10.17
7.360, -0.8000, -9.183
7.370, -0.8000, -9.685
7.380, -0.8000, -9.235
7.390, -0.8000, -9.877
7.400, -0.8000, -8.829
7.410, -0.8000, -9.815
7.420, -0.8000, -9.557
7.430, -0.8000, -10.12
7.440, -0.8000, -9.576
7.450, -0.8000, -9.718
7.460, -0.8000, -8.932
7.470, -0.8000, -10.18
7.480, -0.8000, -8.802
7.490, -0.8000, -9.811
7.500, -0.8000, -9.618
7.510, -0.8000, -9.304
7.520, -0.8000, -9.691
7.530, -0.8000, -8.966
7.540, -0.8000, -9.991
7.550, -0.8000, -10.03
7.560, -0.8000, -10.27
7.570, -0.8000, -10.03
7.580, -0.8000, -10.69
7.590, -0.8000, -9.405
7.600, -0.8000, -9.438
7.610, -0.8000, -10.32
7.620, -0.8000, -9.577
7.630, -0.8000, -9.896
7.640, -0.8000, -10.93
7.650, -0.8000, -8.715
7.660, -0.8000, -9.189
7.670, -0.8000, -10.91
7.680, -0.8000, -9.898
7.690, -0.8000, -9.326
7.700, -0.8000, -9.966
7.710, -0.8000, -9.792
7.720, -0.8000, -9.487
7.730, -0.8000, -10.33
7.740, -0.8000, -8.418
7.750, -0.8000, -11.25
7.760, -0.8000, -9.559
7.770, -0.8000, -10.12
7.780, -0.8000, -9.812
7.790, -0.8000, -9.351
7.800, -0.8000, -10.09
7.810, -0.8000, -9.876
7.820, -0.8000, -9.723
7.830, -0.8000, -9.909
7.840, -0.8000, -10.09
7.850, -0.8000, -10.62
7.860, -0.8000, -9.247
7.870, -0.8000, -9.817
7.880, -0.8000, -10.34
7.890, -0.8000, -9.776
7.900, -0.8000, -10.73
7.910, -0.8000, -10.04
7.920, -0.8000, -10.31
7.930, -0.8000, -10.78
7.940, -0.8000, -11.08
7.950, -0.8000, -9.501
7.960, -0.8000, -9.069
7.970, -0.8000, -9.313
7.980, -0.8000, -9.023
7.990, -0.8000, -9.573
8.000, -0.8000, -9.579
8.010, -0.8000, -8.860
8.020, -0.8000, -10.24
8.030, -0.8000, -9.237
8.040, -0.8000, -8.899
8.050, -0.8000, -9.681
8.060, -0.8000, -10.20
8.070, -0.8000, -9.713
8.080, -0.8000, -9.746
8.090, -0.8000, -8.967
8.100, -0.8000, -10.47
8.110, -0.8000, -9.843
8.120, -0.8000, -9.758
8.130, -0.8000, -9.667
8.140, -0.8000, -10.46
8.150, -0.8000, -9.177
8.160, -0.8000, -10.21
8.170, -0.8000, -10.03
8.180, -0.8000, -10.99
8.190, -0.8000, -10.17
8.200, -0.8000, -9.421
8.210, -0.8000, -10.03
8.220, -0.8000, -10.57
8.230, -0.8000, -9.250
8.240, -0.8000, -9.434
8.250, -0.8000, -9.005
8.260, -0.8000, -8.460
8.270, -0.8000, -9.461
8.280, -0.8000, -9.050
8.290, -0.8000, -9.653
8.300, -0.8000, -9.912
8.310, -0.8000, -9.396
8.320, -0.8000, -10.15
8.330, -0.8000, -8.826
8.340, -0.8000, -9.601
8.350, -0.8000, -9.601
8.360, -0.8000, -10.41
8.370, -0.8000, -9.504
8.380, -0.8000, -9.734
8.390, -0.8000, -10.39
8.400, -0.8000, -9.199
8.410, -0.8000, -9.679
8.420, -0.8000, -10.36
8.430, -0.8000, -10.09
8.440, -0.8000, -10.10
8.450, -0.8000, -8.919
8.460, -0.8000, -8.765
8.470, -0.8000, -9.912
8.480, -0.8000, -9.231
8.490, -0.8000, -9.972
8.500, -0.8000, -9.522
8.510, -0.8000, -10.57
8.520, -0.8000, -10.07
8.530, -0.8000, -10.12
8.540, -0.8000, -10.22
8.550, -0.8000, -10.60
8.560, -0.8000, -9.466
8.570, -0.8000, -9.088
8.580, -0.8000, -10.43
8.590, -0.8000, -10.14
8.600, -0.8000, -9.092
8.610, -0.8000, -9.422
8.620, -0.8000, -10.35
8.630, -0.8000, -8.352
8.640, -0.8000, -11.07
8.650, -0.8000, -10.29
8.660, -0.8000, -8.793
8.670, -0.8000, -9.793
8.680, -0.8000, -8.223
8.690, -0.8000, -8.941
8.700, -0.8000, -9.676
8.710, -0.8000, -8.959
8.720, -0.8000, -9.054
8.730, -0.8000, -9.714
8.740, -0.8000, -9.818
8.750, -0.8000, -8.914
8.760, -0.8000, -9.774
8.770, -0.8000, -9.528
8.780, -0.8000, -10.04
8.790, -0.8000, -9.369
8.800, -0.8000, -10.01
8.810, -0.8000, -9.435
8.820, -0.8000, -10.46
8.830, -0.8000, -10.58
8.840, -0.8000, -9.534
8.850, -0.8000, -9.134
8.860, -0.8000, -10.54
8.870, -0.8000, -9.983
8.880, -0.8000, -9.036
8.890, -0.8000, -8.726
8.900, -0.8000, -9.710
8.910, -0.8000, -9.715
8.920, -0.8000, -10.25
8.930, -0.8000, -8.526
8.940, -0.8000, -9.242
8.950, -0.8000, -9.396
8.960, -0.8000, -9.632
8.970, -0.8000, -9.371
8.980, -0.8000, -9.588
8.990, -0.8000, -9.580
9.000, -0.8000, -10.07
9.010, -0.8000, -9.275
9.020, -0.8000, -10.42
9.030, -0.8000, -8.875
9.040, -0.8000, -8.622
9.050, -0.8000, -8.422
9.060, -0.8000, -8.621
9.070, -0.8000, -9.785
9.080, -0.8000, -8.578
9.090, -0.8000, -9.055
9.100, -0.8000, -9.078
9.110, -0.8000, -9.489
9.120, -0.8000, -9.841
9.130, -0.8000, -10.29
9.140, -0.8000, -9.941
9.150, -0.8000, -8.585
9.160, -0.8000, -9.814
9.170, -0.8000, -9.220
9.180, -0.8000, -9.688
9.190, -0.8000, -9.728
9.200, -0.8000, -9.027
9.210, -0.8000, -8.529
9.220, -0.8000, -8.609
9.230, -0.8000, -9.459
9.240, -0.8000, -9.098
9.250, -0.8000, -9.059
9.260, -0.8000, -8.743
9.270, -0.8000, -9.104
9.280, -0.8000, -9.377
9.290, -0.8000, -10.16
9.300, -0.8000, -9.657
9.310, -0.8000, -9.726
9.320, -0.8000, -10.41
9.330, -0.8000, -9.027
9.340, -0.8000, -9.000
9.350, -0.8000, -8.416
9.360, -0.8000, -9.926
9.370, -0.8000, -9.878
9.380, -0.8000, -9.471
9.390, -0.8000, -9.393
9.400, -0.8000, -9.419
9.410, -0.8000, -9.380
9.420, -0.8000, -9.345
9.430, -0.8000, -10.01
9.440, -0.8000, -8.868
9.450, -0.8000, -8.900
9.460, -0.8000, -9.818
9.470, -0.8000, -9.433
9.480, -0.8000, -8.883
9.490, -0.8000, -9.255
9.500, -0.8000, -8.907
9.510, -0.8000, -9.657
9.520, -0.8000, -9.684
9.530, -0.8000, -10.01
9.540, -0.8000, -8.737
9.550, -0.8000, -10.15
9.560, -0.8000, -9.107
9.570, -0.8000, -9.484
9.580, -0.8000, -9.400
9.590, -0.8000, -9.403
9.600, -0.8000, -9.113
9.610, -0.8000, -9.952
9.620, -0.8000, -11.12
9.630, -0.8000, -9.472
9.640, -0.8000, -9.504
9.650, -0.8000, -10.21
9.660, -0.8000, -10.36
9.670, -0.8000, -9.075
9.680, -0.8000, -10.05
9.690, -0.8000, -9.162
9.700, -0.8000, -9.014
9.710, -0.8000, -9.590
9.720, -0.8000, -8.420
9.730, -0.8000, -9.143
9.740, -0.8000, -9.026
9.750, -0.8000, -9.126
9.760, -0.8000, -10.31
9.770, -0.8000, -9.089
9.780, -0.8000, -9.332
9.790, -0.8000, -9.373
9.800, -0.8000, -9.943
9.810, -0.8000, -9.673
9.820, -0.8000, -9.522
9.830, -0.8000, -8.797
9.840, -0.8000, -10.10
9.850, -0.8000, -10.19
9.860, -0.8000, -9.534
9.870, -0.8000, -9.076
9.880, -0.8000, -9.221
9.890, -0.8000, -9.410
9.900, -0.8000, -9.311
9.910, -0.8000, -9.429
9.920, -0.8000, -9.403
9.930, -0.8000, -9.995
9.940, -0.8000, -9.368
9.950, -0.8000, -10.03
9.960, -0.8000, -8.722
9.970, -0.8000, -9.839
9.980, -0.8000, -9.796
9.990, -0.8000, -9.403
10.00, -0.8000, -9.845
10.01, -0.8000, -9.289
10.02, -0.8000, -9.653
10.03, -0.8000, -9.188
10.04, -0.8000, -9.836
10.05, -0.8000, -9.038
10.06, -0.8000, -9.706
10.07, -0.8000, -9.461
10.08, -0.8000, -8.836
10.09, -0.8000, -9.544
10.10, -0.8000, -10.23
10.11, -0.8000, -8.560
10.12, -0.8000, -8.874
10.13, -0.8000, -10.42
10.14, -0.8000, -9.620
10.15, -0.8000, -9.199
10.16, -0.8000, -8.611
10.17, -0.8000, -9.116
10.18, -0.8000, -8.399
10.19, -0.8000, -8.861
10.20, -0.8000, -9.652
10.21, -0.8000, -8.600
10.22, -0.8000, -9.459
10.23, -0.8000, -9.143
10.24, -0.8000, -9.829
10.25, -0.8000, -8.783
10.26, -0.8000, -10.49
10.27, -0.8000, -9.801
10.28, -0.8000, -8.778
10.29, -0.8000, -8.734
10.30, -0.8000, -9.848
10.31, -0.8000, -9.099
10.32, -0.8000, -9.200
10.33, -0.8000, -10.46
10.34, -0.8000, -9.533
10.35, -0.8000, -9.722
10.36, -0.8000, -9.449
10.37, -0.8000, -9.164
10.38, -0.8000, -9.330
10.39, -0.8000, -10.95
10.40, -0.8000, -9.696
10.41, -0.8000, -10.38
10.42, -0.8000, -9.874
10.43, -0.8000, -10.24
10.44, -0.8000, -9.486
10.45, -0.8000, -10.37
10.46, -0.8000, -8.303
10.47, -0.8000, -8.914
10.48, -0.8000, -10.57
10.49, -0.8000, -9.071
10.50, -0.8000, -9.746
10.51, -0.8000, -9.105
10.52, -0.8000, -9.827
10.53, -0.8000, -8.870
10.54, -0.8000, -9.802
10.55, -0.8000, -9.363
10.56, -0.8000, -8.940
10.57, -0.8000, -8.952
10.58, -0.8000, -9.311
10.59, -0.8000, -9.285
10.60, -0.8000, -8.922
10.61, -0.8000, -9.374
10.62, -0.8000, -10.20
10.63, -0.8000, -10.12
10.64, -0.8000, -9.644
10.65, -0.8000, -10.42
10.66, -0.8000, -10.01
10.67, -0.8000, -9.809
10.68, -0.8000, -9.571
10.69, -0.8000, -10.42
10.70, -0.8000, -9.290
10.71, -0.8000, -10.23
10.72, -0.8000, -10.02
10.73, -0.8000, -9.219
10.74, -0.8000, -9.606
10.75, -0.8000, -8.660
10.76, -0.8000, -8.588
10.77, -0.8000, -10.07
10.78, -0.8000, -10.62
10.79, -0.8000, -9.412
10.80, -0.8000, -10.01
10.81, -0.8000, -9.402
10.82, -0.8000, -9.244
10.83, -0.8000, -8.908
10.84, -0.8000, -9.994
10.85, -0.8000, -9.204
10.86, -0.8000, -9.184
10.87, -0.8000, -10.09
10.88, -0.8000, -9.334
10.89, -0.8000, -8.991
10.90, -0.8000, -8.042
10.91, -0.8000, -9.442
10.92, -0.8000, -10.50
10.93, -0.8000, -9.695
10.94, -0.8000, -9.073
10.95, -0.8000, -9.230
10.96, -0.8000, -9.449
10.97, -0.8000, -9.325
10.98, -0.8000, -8.305
10.99, -0.8000, -8.865
11.00, -0.8000, -9.675
11.01, -0.8000, -9.837
11.02, -0.8000, -10.15
11.03, -0.8000, -8.922
11.04, -0.8000, -9.100
11.05, -0.8000, -9.728
11.06, -0.8000, -10.74
11.07, -0.8000, -10.61
11.08, -0.8000, -9.711
11.09, -0.8000, -9.256
11.10, -0.8000, -7.759
11.11, -0.8000, -9.152
11.12, -0.8000, -10.00
11.13, -0.8000, -9.753
11.14, -0.8000, -8.252
11.15, -0.8000, -10.43
11.16, -0.8000, -9.193
11.17, -0.8000, -8.831
11.18, -0.8000, -9.217
11.19, -0.8000, -9.427
11.20, -0.8000, -11.03
11.21, -0.8000, -9.186
11.22, -0.8000, -9.505
11.23, -0.8000, -8.511
11.24, -0.8000, -7.626
11.25, -0.8000, -8.726
11.26, -0.8000, -8.719
11.27, -0.8000, -9.060
11.28, -0.8000, -9.015
11.29, -0.8000, -9.247
11.30, -0.8000, -9.344
11.31, -0.8000, -9.507
11.32, -0.8000, -9.240
11.33, -0.8000, -8.841
11.34, -0.8000, -9.649
11.35, -0.8000, -9.047
11.36, -0.8000, -9.635
11.37, -0.8000, -10.23
11.38, -0.8000, -9.650
11.39, -0.8000, -9.305
11.40, -0.8000, -9.497
11.41, -0.8000, -8.527
11.42, -0.8000, -8.252
11.43, -0.8000, -9.449
11.44, -0.8000, -8.932
11.45, -0.8000, -8.154
11.46, -0.8000, -9.641
11.47, -0.8000, -10.08
11.48, -0.8000, -8.912
11.49, -0.8000, -9.354
11.50, -0.8000, -9.494
11.51, -0.8000, -9.559
11.52, -0.8000, -9.769
11.53, -0.8000, -9.251
11.54, -0.8000, -9.161
11.55, -0.8000, -9.202
11.56, -0.8000, -8.802
11.57, -0.8000, -9.273
11.58, -0.8000, -9.356
11.59, -0.8000, -8.502
11.60, -0.8000, -9.232
11.61, -0.8000, -10.26
11.62, -0.8000, -9.596
11.63, -0.8000, -9.853
11.64, -0.8000, -9.426
11.65, -0.8000, -9.050
11.66, -0.8000, -8.555
11.67, -0.8000, -9.326
11.68, -0.8000, -9.335
11.69, -0.8000, -9.464
11.70, -0.8000, -9.193
11.71, -0.8000, -10.05
11.72, -0.8000, -10.03
11.73, -0.8000, -9.709
11.74, -0.8000, -10.42
11.75, -0.8000, -9.978
11.76, -0.8000, -10.19
11.77, -0.8000, -8.720
11.78, -0.8000, -10.32
11.79, -0.8000, -9.408
11.80, -0.8000, -9.878
11.81, -0.8000, -9.365
11.82, -0.8000, -8.680
11.83, -0.8000, -8.814
11.84, -0.8000, -8.522
11.85, -0.8000, -8.458
11.86, -0.8000, -8.708
11.87, -0.8000, -8.775
11.88, -0.8000, -8.989
11.89, -0.8000, -9.151
11.90, -0.8000, -8.897
11.91, -0.8000, -9.773
11.92, -0.8000, -10.02
11.93, -0.8000, -10.85
11.94, -0.8000, -9.408
11.95, -0.8000, -8.605
11.96, -0.8000, -8.719
11.97, -0.8000, -9.189
11.98, -0.8000, -8.769
11.99, -0.8000, -9.906
12.00, -0.8000, -8.281
12.01, -0.8000, -9.536
12.02, -0.8000, -8.617
12.03, -0.8000, -8.521
12.04, -0.8000, -8.012
12.05, -0.8000, -8.484
12.06, -0.8000, -8.417
12.07, -0.8000, -8.597
12.08, -0.8000, -9.811
12.09, -0.8000, -9.739
12.10, -0.8000, -9.103
12.11, -0.8000, -8.880
12.12, -0.8000, -9.454
12.13, -0.8000, -9.226
12.14, -0.8000, -9.475
12.15, -0.8000, -9.337
12.16, -0.8000, -8.893
12.17, -0.8000, -10.72
12.18, -0.8000, -8.608
12.19, -0.8000, -9.461
12.20, -0.8000, -9.377
12.21, -0.8000, -8.908
12.22, -0.8000, -8.730
12.23, -0.8000, -9.032
12.24, -0.8000, -9.530
12.25, -0.8000, -10.44
12.26, -0.8000, -9.178
12.27, -0.8000, -7.879
12.28, -0.8000, -8.294
12.29, -0.8000, -9.625
12.30, -0.8000, -8.627
12.31, -0.8000, -8.620
12.32, -0.8000, -8.521
12.33, -0.8000, -8.702
12.34, -0.8000, -9.066
12.35, -0.8000, -10.31
12.36, -0.8000, -8.752
12.37, -0.8000, -9.349
12.38, -0.8000, -8.959
12.39, -0.8000, -9.220
12.40, -0.8000, -8.446
12.41, -0.8000, -8.717
12.42, -0.8000, -9.372
12.43, -0.8000, -9.079
12.44, -0.8000, -8.716
12.45, -0.8000, -9.708
12.46, -0.8000, -9.522
12.47, -0.8000, -9.949
12.48, -0.8000, -10.11
12.49, -0.8000, -9.252
12.50, -0.8000, -9.053
12.51, -0.8000, -8.916
12.52, -0.8000, -9.233
12.53, -0.8000, -9.927
12.54, -0.8000, -8.628
12.55, -0.8000, -9.559
12.56, -0.8000, -8.715
12.57, -0.8000, -8.719
12.58, -0.8000, -8.892
12.59, -0.8000, -9.169
12.60, -0.8000, -8.739
12.61, -0.8000, -8.215
12.62, -0.8000, -8.703
12.63, -0.8000, -8.152
12.64, -0.8000, -9.516
12.65, -0.8000, -8.879
12.66, -0.8000, -9.461
12.67, -0.8000, -8.355
12.68, -0.8000, -8.810
12.69, -0.8000, -8.796
12.70, -0.8000, -9.249
12.71, -0.8000, -8.448
12.72, -0.8000, -8.858
12.73, -0.8000, -8.797
12.74, -0.8000, -9.405
12.75, -0.8000, -9.518
12.76, -0.8000, -9.221
12.77, -0.8000, -8.468
12.78, -0.8000, -8.432
12.79, -0.8000, -8.589
12.80, -0.8000, -9.065
12.81, -0.8000, -9.052
12.82, -0.8000, -9.895
12.83, -0.8000, -8.168
12.84, -0.8000, -8.142
12.85, -0.8000, -8.452
12.86, -0.8000, -10.13
12.87, -0.8000, -9.843
12.88, -0.8000, -9.409
12.89, -0.8000, -10.36
12.90, -0.8000, -8.679
12.91, -0.8000, -8.910
12.92, -0.8000, -9.180
12.93, -0.8000, -9.701
12.94, -0.8000, -9.412
12.95, -0.8000, -9.801
12.96, -0.8000, -8.940
12.97, -0.8000, -9.329
12.98, -0.8000, -8.085
12.99, -0.8000, -9.433
13.00, -0.8000, -9.505
13.01, -0.8000, -9.706
13.02, -0.8000, -9.577
13.03, -0.8000, -8.584
13.04, -0.8000, -9.603
13.05, -0.8000, -9.365
13.06, -0.8000, -9.174
13.07, -0.8000, -8.834
13.08, -0.8000, -8.830
13.09, -0.8000, -8.878
13.10, -0.8000, -9.748
13.11, -0.8000, -9.872
13.12, -0.8000, -9.683
13.13, -0.8000, -10.01
13.14, -0.8000, -9.087
13.15, -0.8000, -9.793
13.16, -0.8000, -10.00
13.17, -0.8000, -8.935
13.18, -0.8000, -9.216
13.19, -0.8000, -9.167
13.20, -0.8000, -8.950
13.21, -0.8000, -9.033
13.22, -0.8000, -8.998
13.23, -0.8000, -9.019
13.24, -0.8000, -9.445
13.25, -0.8000, -9.199
13.26, -0.8000, -8.630
13.27, -0.8000, -8.356
13.28, -0.8000, -8.062
13.29, -0.8000, -9.841
13.30, -0.8000, -8.713
13.31, -0.8000, -10.17
13.32, -0.8000, -8.257
13.33, -0.8000, -9.662
13.34, -0.8000, -8.101
13.35, -0.8000, -9.362
13.36, -0.8000, -8.750
13.37, -0.8000, -9.325
13.38, -0.8000, -8.868
13.39, -0.8000, -9.245
13.40, -0.8000, -9.242
13.41, -0.8000, -9.750
13.42, -0.8000, -9.358
13.43, -0.8000, -9.441
13.44, -0.8000, -9.713
13.45, -0.8000, -9.128
13.46, -0.8000, -8.725
13.47, -0.8000, -8.891
13.48, -0.8000, -8.654
13.49, -0.8000, -8.465
13.50, -0.8000, -11.04
13.51, -0.8000, -10.87
13.52, -0.8000, -9.872
13.53, -0.8000, -10.63
13.54, -0.8000, -8.123
13.55, -0.8000, -8.174
13.56, -0.8000, -9.454
13.57, -0.8000, -9.039
13.58, -0.8000, -9.507
13.59, -0.8000, -9.681
13.60, -0.8000, -9.254
13.61, -0.8000, -9.159
13.62, -0.8000, -8.911
13.63, -0.8000, -10.59
13.64, -0.8000, -9.033
13.65, -0.8000, -9.795
13.66, -0.8000, -10.06
13.67, -0.8000, -8.899
13.68, -0.8000, -8.744
13.69, -0.8000, -8.491
13.70, -0.8000, -9.650
13.71, -0.8000, -8.723
13.72, -0.8000, -9.881
13.73, -0.8000, -9.485
13.74, -0.8000, -9.018
13.75, -0.8000, -9.732
13.76, -0.8000, -9.610
13.77, -0.8000, -8.641
13.78, -0.8000, -10.32
13.79, -0.8000, -9.492
13.80, -0.8000, -8.453
13.81, -0.8000, -9.134
13.82, -0.8000, -8.546
13.83, -0.8000, -9.179
13.84, -0.8000, -9.417
13.85, -0.8000, -9.272
13.86, -0.8000, -8.753
13.87, -0.8000, -8.588
13.88, -0.8000, -9.634
13.89, -0.8000, -9.205
13.90, -0.8000, -8.972
13.91, -0.8000, -8.544
13.92, -0.8000, -8.441
13.93, -0.8000, -8.035
13.94, -0.8000, -9.111
13.95, -0.8000, -7.783
13.96, -0.8000, -9.149
13.97, -0.8000, -9.238
13.98, -0.8000, -8.673
13.99, -0.8000, -8.235
14.00, -0.8000, -8.734
14.01, -0.8000, -8.319
14.02, -0.8000, -9.664
14.03, -0.8000, -8.981
14.04, -0.8000, -9.931
14.05, -0.8000, -8.988
14.06, -0.8000, -8.595
14.07, -0.8000, -8.742
14.08, -0.8000, -9.504
14.09, -0.8000, -8.607
14.10, -0.8000, -8.247
14.11, -0.8000, -8.505
14.12, -0.8000, -8.946
14.13, -0.8000, -7.977
14.14, -0.8000, -8.900
14.15, -0.8000, -9.336
14.16, -0.8000, -8.509
14.17, -0.8000, -8.656
14.18, -0.8000, -9.730
14.19, -0.8000, -9.166
14.20, -0.8000, -9.513
14.21, -0.8000, -8.673
14.22, -0.8000, -9.483
14.23, -0.8000, -9.047
14.24, -0.8000, -8.884
14.25, -0.8000, -7.788
14.26, -0.8000, -8.498
14.27, -0.8000, -9.380
14.28, -0.8000, -8.247
14.29, -0.8000, -9.423
14.30, -0.8000, -8.525
14.31, -0.8000, -8.482
14.32, -0.8000, -9.221
14.33, -0.8000, -8.469
14.34, -0.8000, -7.705
14.35, -0.8000, -9.758
14.36, -0.8000, -8.779
14.37, -0.8000, -9.076
14.38, -0.8000, -8.711
14.39, -0.8000, -9.005
14.40, -0.8000, -8.913
14.41, -0.8000, -8.892
14.42, -0.8000, -9.450
14.43, -0.8000, -8.449
14.44, -0.8000, -8.428
14.45, -0.8000, -8.301
14.46, -0.8000, -9.271
14.47, -0.8000, -9.118
14.48, -0.8000, -9.129
14.49, -0.8000, -8.584
14.50, -0.8000, -9.830
14.51, -0.8000, -8.730
14.52, -0.8000, -9.846
14.53, -0.8000, -8.514
14.54, -0.8000, -9.624
14.55, -0.8000, -8.239
14.56, -0.8000, -9.521
14.57, -0.8000, -8.436
14.58, -0.8000, -9.580
14.59, -0.8000, -9.046
14.60, -0.8000, -9.019
14.61, -0.8000, -9.108
14.62, -0.8000, -9.574
14.63, -0.8000, -8.580
14.64, -0.8000, -8.724
14.65, -0.8000, -8.463
14.66, -0.8000, -8.054
14.67, -0.8000, -8.357
14.68, -0.8000, -8.583
14.69, -0.8000, -8.756
14.70, -0.8000, -9.320
14.71, -0.8000, -8.038
14.72, -0.8000, -8.400
14.73, -0.8000, -9.010
14.74, -0.8000, -8.283
14.75, -0.8000, -8.990
14.76, -0.8000, -8.194
14.77, -0.8000, -8.691
14.78, -0.8000, -8.029
14.79, -0.8000, -8.033
14.80, -0.8000, -8.101
14.81, -0.8000, -8.598
14.82, -0.8000, -8.600
14.83, -0.8000, -9.716
14.84, -0.8000, -9.029
14.85, -0.8000, -8.915
14.86, -0.8000, -8.738
14.87, -0.8000, -8.688
14.88, -0.8000, -9.904
14.89, -0.8000, -8.706
14.90, -0.8000, -9.159
14.91, -0.8000, -9.193
14.92, -0.8000, -9.175
14.93, -0.8000, -8.808
14.94, -0.8000, -8.409
14.95, -0.8000, -9.401
14.96, -0.8000, -9.389
14.97, -0.8000, -9.295
14.98, -0.8000, -9.920
14.99, -0.8000, -8.528
15.00, -0.8000, -8.932
15.01, -0.8000, -9.671
15.02, -0.8000, -9.789
15.03, -0.8000, -8.826
15.04, -0.8000, -9.033
15.05, -0.8000, -10.41
15.06, -0.8000, -10.10
15.07, -0.8000, -8.855
15.08, -0.8000, -8.360
15.09, -0.8000, -9.361
15.10, -0.8000, -7.817
15.11, -0.8000, -9.091
15.12, -0.8000, -8.735
15.13, -0.8000, -8.870
15.14, -0.8000, -8.214
15.15, -0.8000, -10.22
15.16, -0.8000, -8.044
15.17, -0.8000, -9.241
15.18, -0.8000, -9.615
15.19, -0.8000, -8.031
15.20, -0.8000, -8.591
15.21, -0.8000, -9.641
15.22, -0.8000, -9.283
15.23, -0.8000, -8.348
15.24, -0.8000, -9.434
15.25, -0.8000, -9.176
15.26, -0.8000, -8.282
15.27, -0.8000, -8.861
15.28, -0.8000, -9.857
15.29, -0.8000, -8.935
15.30, -0.8000, -8.034
15.31, -0.8000, -9.856
15.32, -0.8000, -9.416
15.33, -0.8000, -8.871
15.34, -0.8000, -8.728
15.35, -0.8000, -9.787
15.36, -0.8000, -8.094
15.37, -0.8000, -8.827
15.38, -0.8000, -8.950
15.39, -0.8000, -10.11
15.40, -0.8000, -8.713
15.41, -0.8000, -8.609
15.42, -0.8000, -9.274
15.43, -0.8000, -9.421
15.44, -0.8000, -8.894
15.45, -0.8000, -9.644
15.46, -0.8000, -9.437
15.47, -0.8000, -7.821
15.48, -0.8000, -9.652
15.49, -0.8000, -8.818
15.50, -0.8000, -9.976
15.51, -0.8000, -8.897
15.52, -0.8000, -8.015
15.53, -0.8000, -8.689
15.54, -0.8000, -9.398
15.55, -0.8000, -8.556
15.56, -0.8000, -8.792
15.57, -0.8000, -7.919
15.58, -0.8000, -9.376
15.59, -0.8000, -8.971
15.60, -0.8000, -9.821
15.61, -0.8000, -8.698
15.62, -0.8000, -8.295
15.63, -0.8000, -7.333
15.64, -0.8000, -8.481
15.65, -0.8000, -8.124
15.66, -0.8000, -8.498
15.67, -0.8000, -8.885
15.68, -0.8000, -9.217
15.69, -0.8000, -8.494
15.70, -0.8000, -7.656
15.71, -0.8000, -8.385
15.72, -0.8000, -9.576
15.73, -0.8000, -8.285
15.74, -0.8000, -9.016
15.75, -0.8000, -9.862
15.76, -0.8000, -9.274
15.77, -0.8000, -8.958
15.78, -0.8000, -9.450
15.79, -0.8000, -9.800
15.80, -0.8000, -9.107
15.81, -0.8000, -9.131
15.82, -0.8000, -8.942
15.83, -0.8000, -7.909
15.84, -0.8000, -9.220
15.85, -0.8000, -7.770
15.86, -0.8000, -7.849
15.87, -0.8000, -9.176
15.88, -0.8000, -8.401
15.89, -0.8000, -9.647
15.90, -0.8000, -8.952
15.91, -0.8000, -8.951
15.92, -0.8000, -9.007
15.93, -0.8000, -8.061
15.94, -0.8000, -8.816
15.95, -0.8000, -8.709
15.96, -0.8000, -9.431
15.97, -0.8000, -8.739
15.98, -0.8000, -9.374
15.99, -0.8000, -8.707
16.00, -0.8000, -8.497
16.01, -0.8000, -8.823
16.02, -0.8000, -9.184
16.03, -0.8000, -8.801
16.04, -0.8000, -9.459
16.05, -0.8000, -8.565
16.06, -0.8000, -8.010
16.07, -0.8000, -8.239
16.08, -0.8000, -8.086
16.09, -0.8000, -8.702
16.10, -0.8000, -9.072
16.11, -0.8000, -8.800
16.12, -0.8000, -8.582
16.13, -0.8000, -8.739
16.14, -0.8000, -8.648
16.15, -0.8000, -10.23
16.16, -0.8000, -10.03
16.17, -0.8000, -8.277
16.18, -0.8000, -9.786
16.19, -0.8000, -8.825
16.20, -0.8000, -8.084
16.21, -0.8000, -9.306
16.22, -0.8000, -7.853
16.23, -0.8000, -8.455
16.24, -0.8000, -8.454
16.25, -0.8000, -9.221
16.26, -0.8000, -9.456
16.27, -0.8000, -9.679
16.28, -0.8000, -8.680
16.29, -0.8000, -9.083
16.30, -0.8000, -8.886
16.31, -0.8000, -7.717
16.32, -0.8000, -8.845
16.33, -0.8000, -8.839
16.34, -0.8000, -9.070
16.35, -0.8000, -9.212
16.36, -0.8000, -8.639
16.37, -0.8000, -7.509
16.38, -0.8000, -9.058
16.39, -0.8000, -8.761
16.40, -0.8000, -9.497
16.41, -0.8000, -8.894
16.42, -0.8000, -8.137
16.43, -0.8000, -8.502
16.44, -0.8000, -8.540
16.45, -0.8000, -7.804
16.46, -0.8000, -8.153
16.47, -0.8000, -8.197
16.48, -0.8000, -8.598
16.49, -0.8000, -7.902
16.50, -0.8000, -8.408
16.51, -0.8000, -8.742
16.52, -0.8000, -9.000
16.53, -0.8000, -9.663
16.54, -0.8000, -8.351
16.55, -0.8000, -8.357
16.56, -0.8000, -9.348
16.57, -0.8000, -8.485
16.58, -0.8000, -8.278
16.59, -0.8000, -9.067
16.60, -0.8000, -9.799
16.61, -0.8000, -9.285
16.62, -0.8000, -8.356
16.63, -0.8000, -8.313
16.64, -0.8000, -8.438
16.65, -0.8000, -8.501
16.66, -0.8000, -9.407
16.67, -0.8000, -8.028
16.68, -0.8000, -8.966
16.69, -0.8000, -9.110
16.70, -0.8000, -9.258
16.71, -0.8000, -9.144
16.72, -0.8000, -7.825
16.73, -0.8000, -8.141
16.74, -0.8000, -8.434
16.75, -0.8000, -8.960
16.76, -0.8000, -8.445
16.77, -0.8000, -10.19
16.78, -0.8000, -8.797
16.79, -0.8000, -8.250
16.80, -0.8000, -8.630
16.81, -0.8000, -8.131
16.82, -0.8000, -8.028
16.83, -0.8000, -9.188
16.84, -0.8000, -9.258
16.85, -0.8000, -8.230
16.86, -0.8000, -9.095
16.87, -0.8000, -8.722
16.88, -0.8000, -7.344
16.89, -0.8000, -8.469
16.90, -0.8000, -9.431
16.91, -0.8000, -8.100
16.92, -0.8000, -8.248
16.93, -0.8000, -7.284
16.94, -0.8000, -8.747
16.95, -0.8000, -8.307
16.96, -0.8000, -9.092
16.97, -0.8000, -7.833
16.98, -0.8000, -7.575
16.99, -0.8000, -9.222
17.00, -0.8000, -8.624
17.01, -0.8000, -8.749
17.02, -0.8000, -8.726
17.03, -0.8000, -9.459
17.04, -0.8000, -8.851
17.05, -0.8000, -8.214
17.06, -0.8000, -7.813
17.07, -0.8000, -8.931
17.08, -0.8000, -8.980
17.09, -0.8000, -8.332
17.10, -0.8000, -9.002
17.11, -0.8000, -9.370
17.12, -0.8000, -9.545
17.13, -0.8000, -8.402
17.14, -0.8000, -10.08
17.15, -0.8000, -9.197
17.16, -0.8000, -8.796
17.17, -0.8000, -8.823
17.18, -0.8000, -9.642
17.19, -0.8000, -8.945
17.20, -0.8000, -9.751
17.21, -0.8000, -8.721
17.22, -0.8000, -8.117
17.23, -0.8000, -13.45
17.24, -0.8000, -10.12
17.25, -0.8000, -9.315
17.26, -0.8000, -9.075
17.27, -0.8000, -10.10
17.28, -0.8000, -7.697
17.29, -0.8000, -8.124
17.30, -0.8000, -9.333
17.31, -0.8000, -8.618
17.32, -0.8000, -8.920
17.33, -0.8000, -8.760
17.34, -0.8000, -9.263
17.35, -0.8000, -8.366
17.36, -0.8000, -8.444
17.37, -0.8000, -8.947
17.38, -0.8000, -7.514
17.39, -0.8000, -7.995
17.40, -0.8000, -8.337
17.41, -0.8000, -8.538
17.42, -0.8000, -7.666
17.43, -0.8000, -8.121
17.44, -0.8000, -8.351
17.45, -0.8000, -8.855
17.46, -0.8000, -8.562
17.47, -0.8000, -8.241
17.48, -0.8000, -9.567
17.49, -0.8000, -9.413
17.50, -0.8000, -8.897
17.51, -0.8000, -8.642
17.52, -0.8000, -8.523
17.53, -0.8000, -7.977
17.54, -0.8000, -9.982
17.55, -0.8000, -7.760
17.56, -0.8000, -9.210
17.57, -0.8000, -9.193
17.58, -0.8000, -8.304
17.59, -0.8000, -7.961
17.60, -0.8000, -9.160
17.61, -0.8000, -9.554
17.62, -0.8000, -7.877
17.63, -0.8000, -9.252
17.64, -0.8000, -8.723
17.65, -0.8000, -7.281
17.66, -0.8000, -9.153
17.67, -0.8000, -9.121
17.68, -0.8000, -8.579
17.69, -0.8000, -9.116
17.70, -0.8000, -8.388
17.71, -0.8000, -9.166
17.72, -0.8000, -8.628
17.73, -0.8000, -8.697
17.74, -0.8000, -7.945
17.75, -0.8000, -8.348
17.76, -0.8000, -8.534
17.77, -0.8000, -8.774
17.78, -0.8000, -9.819
17.79, -0.8000, -9.321
17.80, -0.8000, -8.958
17.81, -0.8000, -8.212
17.82, -0.8000, -8.229
17.83, -0.8000, -8.759
17.84, -0.8000, -9.605
17.85, -0.8000, -8.973
17.86, -0.8000, -10.88
17.87, -0.8000, -8.884
17.88, -0.8000, -9.262
17.89, -0.8000, -9.265
17.90, -0.8000, -8.655
17.91, -0.8000, -9.387
17.92, -0.8000, -9.970
17.93, -0.8000, -8.181
17.94, -0.8000, -8.526
17.95, -0.8000, -9.011
17.96, -0.8000, -8.303
17.97, -0.8000, -9.018
17.98, -0.8000, -8.269
17.99, -0.8000, -8.761
18.00, -0.8000, -9.973
18.01, -0.8000, -8.154
18.02, -0.8000, -7.822
18.03, -0.8000, -9.350
18.04, -0.8000, -8.629
18.05, -0.8000, -8.447
18.06, -0.8000, -7.346
18.07, -0.8000, -8.934
18.08, -0.8000, -8.385
18.09, -0.8000, -8.301
18.10, -0.8000, -9.643
18.11, -0.8000, -8.056
18.12, -0.8000, -8.374
18.13, -0.8000, -8.918
18.14, -0.8000, -8.203
18.15, -0.8000, -9.117
18.16, -0.8000, -7.278
18.17, -0.8000, -9.041
18.18, -0.8000, -9.125
18.19, -0.8000, -9.521
18.20, -0.8000, -8.356
18.21, -0.8000, -8.332
18.22, -0.8000, -8.093
18.23, -0.8000, -10.17
18.24, -0.8000, -8.933
18.25, -0.8000, -7.493
18.26, -0.8000, -9.094
18.27, -0.8000, -8.102
18.28, -0.8000, -8.696
18.29, -0.8000, -8.549
18.30, -0.8000, -8.237
18.31, -0.8000, -7.601
18.32, -0.8000, -9.078
18.33, -0.8000, -8.719
18.34, -0.8000, -9.352
18.35, -0.8000, -8.258
18.36, -0.8000, -9.294
18.37, -0.8000, -9.722
18.38, -0.8000, -9.611
18.39, -0.8000, -8.911
18.40, -0.8000, -10.34
18.41, -0.8000, -8.415
18.42, -0.8000, -9.441
18.43, -0.8000, -9.020
18.44, -0.8000, -8.009
18.45, -0.8000, -8.350
18.46, -0.8000, -8.168
18.47, -0.8000, -8.298
18.48, -0.8000, -8.534
18.49, -0.8000, -9.413
18.50, -0.8000, -8.527
18.51, -0.8000, -8.661
18.52, -0.8000, -8.354
18.53, -0.8000, -7.453
18.54, -0.8000, -8.032
18.55, -0.8000, -9.009
18.56, -0.8000, -9.263
18.57, -0.8000, -9.621
18.58, -0.8000, -8.418
18.59, -0.8000, -8.611
18.60, -0.8000, -10.15
18.61, -0.8000, -9.133
18.62, -0.8000, -8.116
18.63, -0.8000, -7.460
18.64, -0.8000, -8.871
18.65, -0.8000, -8.225
18.66, -0.8000, -8.108
18.67, -0.8000, -8.726
18.68, -0.8000, -8.276
18.69, -0.8000, -7.405
18.70, -0.8000, -8.806
18.71, -0.8000, -7.712
18.72, -0.8000, -9.210
18.73, -0.8000, -7.610
18.74, -0.8000, -8.271
18.75, -0.8000, -8.087
18.76, -0.8000, -7.459
18.77, -0.8000, -9.159
18.78, -0.8000, -8.640
18.79, -0.8000, -8.618
18.80, -0.8000, -8.443
18.81, -0.8000, -8.132
18.82, -0.8000, -8.769
18.83, -0.8000, -8.990
18.84, -0.8000, -7.569
18.85, -0.8000, -8.744
18.86, -0.8000, -7.735
18.87, -0.8000, -8.193
18.88, -0.8000, -7.910
18.89, -0.8000, -8.016
18.90, -0.8000, -8.824
18.91, -0.8000, -8.732
18.92, -0.8000, -8.582
18.93, -0.8000, -9.004
18.94, -0.8000, -7.928
18.95, -0.8000, -7.252
18.96, -0.8000, -8.600
18.97, -0.8000, -8.838
18.98, -0.8000, -8.236
18.99, -0.8000, -9.377
19.00, -0.8000, -8.884
19.01, -0.8000, -8.518
19.02, -0.8000, -9.792
19.03, -0.8000, -8.859
19.04, -0.8000, -8.987
19.05, -0.8000, -7.852
19.06, -0.8000, -9.133
19.07, -0.8000, -7.805
19.08, -0.8000, -8.979
19.09, -0.8000, -9.026
19.10, -0.8000, -8.794
19.11, -0.8000, -8.369
19.12, -0.8000, -8.414
19.13, -0.8000, -8.130
19.14, -0.8000, -8.606
19.15, -0.8000, -7.830
19.16, -0.8000, -9.029
19.17, -0.8000, -9.097
19.18, -0.8000, -9.278
19.19, -0.8000, -8.086
19.20, -0.8000, -8.402
19.21, -0.8000, -8.058
19.22, -0.8000, -8.465
19.23, -0.8000, -8.471
19.24, -0.8000, -8.596
19.25, -0.8000, -7.570
19.26, -0.8000, -9.197
19.27, -0.8000, -8.017
19.28, -0.8000, -8.418
19.29, -0.8000, -9.571
19.30, -0.8000, -9.462
19.31, -0.8000, -7.616
19.32, -0.8000, -8.072
19.33, -0.8000, -8.806
19.34, -0.8000, -6.386
19.35, -0.8000, -7.853
19.36, -0.8000, -8.167
19.37, -0.8000, -9.002
19.38, -0.8000, -8.781
19.39, -0.8000, -7.992
19.40, -0.8000, -8.400
19.41, -0.8000, -9.136
19.42, -0.8000, -8.821
19.43, -0.8000, -8.369
19.44, -0.8000, -8.144
19.45, -0.8000, -7.858
19.46, -0.8000, -9.203
19.47, -0.8000, -8.779
19.48, -0.8000, -8.290
19.49, -0.8000, -8.687
19.50, -0.8000, -8.497
19.51, -0.8000, -8.543
19.52, -0.8000, -8.621
19.53, -0.8000, -8.193
19.54, -0.8000, -8.009
19.55, -0.8000, -7.457
19.56, -0.8000, -7.850
19.57, -0.8000, -8.529
19.58, -0.8000, -7.924
19.59, -0.8000, -7.957
19.60, -0.8000, -9.065
19.61, -0.8000, -9.193
19.62, -0.8000, -7.834
19.63, -0.8000, -8.738
19.64, -0.8000, -8.409
19.65, -0.8000, -8.429
19.66, -0.8000, -9.220
19.67, -0.8000, -8.395
19.68, -0.8000, -8.822
19.69, -0.8000, -8.176
19.70, -0.8000, -7.477
19.71, -0.8000, -8.248
19.72, -0.8000, -9.071
19.73, -0.8000, -7.815
19.74, -0.8000, -8.555
19.75, -0.8000, -8.281
19.76, -0.8000, -7.694
19.77, -0.8000, -8.705
19.78, -0.8000, -9.383
19.79, -0.8000, -8.385
19.80, -0.8000, -8.622
19.81, -0.8000, -8.676
19.82, -0.8000, -8.930
19.83, -0.8000, -9.082
19.84, -0.8000, -9.961
19.85, -0.8000, -8.243
19.86, -0.8000, -8.982
19.87, -0.8000, -7.977
19.88, -0.8000, -8.332
19.89, -0.8000, -7.946
19.90, -0.8000, -8.890
19.91, -0.8000, -7.991
19.92, -0.8000, -8.211
19.93, -0.8000, -7.919
19.94, -0.8000, -8.648
19.95, -0.8000, -8.070
19.96, -0.8000, -8.816
19.97, -0.8000, -8.586
19.98, -0.8000, -8.156
19.99, -0.8000, -8.844
20.00, -0.8000, -9.393
20.01, -0.8000, -8.660
20.02, -0.8000, -8.318
20.03, -0.8000, -8.368
20.04, -0.8000, -7.959
20.05, -0.8000, -8.703
20.06, -0.8000, -7.785
20.07, -0.8000, -8.877
20.08, -0.8000, -8.332
20.09, -0.8000, -8.402
20.10, -0.8000, -7.979
20.11, -0.8000, -7.769
20.12, -0.8000, -8.346
20.13, -0.8000, -8.881
20.14, -0.8000, -8.225
20.15, -0.8000, -7.094
20.16, -0.8000, -7.244
20.17, -0.8000, -9.143
20.18, -0.8000, -9.345
20.19, -0.8000, -9.007
20.20, -0.8000, -7.673
20.21, -0.8000, -8.921
20.22, -0.8000, -9.264
20.23, -0.8000, -7.886
20.24, -0.8000, -8.420
20.25, -0.8000, -7.216
20.26, -0.8000, -9.317
20.27, -0.8000, -7.731
20.28, -0.8000, -7.791
20.29, -0.8000, -8.533
20.30, -0.8000, -8.383
20.31, -0.8000, -7.679
20.32, -0.8000, -7.885
20.33, -0.8000, -8.038
20.34, -0.8000, -7.711
20.35, -0.8000, -10.16
20.36, -0.8000, -8.366
20.37, -0.8000, -8.998
20.38, -0.8000, -7.755
20.39, -0.8000, -7.759
20.40, -0.8000, -8.077
20.41, -0.8000, -8.887
20.42, -0.8000, -8.637
20.43, -0.8000, -8.132
20.44, -0.8000, -9.098
20.45, -0.8000, -9.013
20.46, -0.8000, -8.686
20.47, -0.8000, -8.232
20.48, -0.8000, -7.471
20.49, -0.8000, -7.568
20.50, -0.8000, -7.551
20.51, -0.8000, -8.157
20.52, -0.8000, -9.001
20.53, -0.8000, -8.250
20.54, -0.8000, -8.095
20.55, -0.8000, -8.428
20.56, -0.8000, -8.440
20.57, -0.8000, -7.680
20.58, -0.8000, -8.444
20.59, -0.8000, -8.136
20.60, -0.8000, -9.204
20.61, -0.8000, -8.960
20.62, -0.8000, -8.919
20.63, -0.8000, -7.795
20.64, -0.8000, -8.533
20.65, -0.8000, -7.912
20.66, -0.8000, -9.677
20.67, -0.8000, -6.865
20.68, -0.8000, -8.081
20.69, -0.8000, -8.515
20.70, -0.8000, -7.937
20.71, -0.8000, -8.856
20.72, -0.8000, -7.668
20.73, -0.8000, -8.733
20.74, -0.8000, -9.494
20.75, -0.8000, -8.072
20.76, -0.8000, -9.035
20.77, -0.8000, -7.722
20.78, -0.8000, -7.493
20.79, -0.8000, -8.088
20.80, -0.8000, -8.545
20.81, -0.8000, -7.334
20.82, -0.8000, -8.594
20.83, -0.8000, -8.248
20.84, -0.8000, -8.575
20.85, -0.8000, -9.186
20.86, -0.8000, -8.254
20.87, -0.8000, -8.161
20.88, -0.8000, -8.428
20.89, -0.8000, -8.533
20.90, -0.8000, -10.04
20.91, -0.8000, -8.150
20.92, -0.8000, -8.879
20.93, -0.8000, -8.615
20.94, -0.8000, -8.915
20.95, -0.8000, -8.512
20.96, -0.8000, -9.112
20.97, -0.8000, -8.076
20.98, -0.8000, -9.613
20.99, -0.8000, -8.438
21.00, -0.8000, -8.104
21.01, -0.8000, -6.855
21.02, -0.8000, -9.317
21.03, -0.8000, -9.488
21.04, -0.8000, -7.409
21.05, -0.8000, -7.658
21.06, -0.8000, -7.837
21.07, -0.8000, -8.707
21.08, -0.8000, -8.872
21.09, -0.8000, -8.544
21.10, -0.8000, -9.148
21.11, -0.8000, -9.211
21.12, -0.8000, -8.513
21.13, -0.8000, -8.731
21.14, -0.8000, -8.729
21.15, -0.8000, -8.337
21.16, -0.8000, -7.428
21.17, -0.8000, -8.417
21.18, -0.8000, -8.297
21.19, -0.8000, -8.188
21.20, -0.8000, -8.548
21.21, -0.8000, -9.199
21.22, -0.8000, -9.318
21.23, -0.8000, -8.750
21.24, -0.8000, -7.999
21.25, -0.8000, -7.778
21.26, -0.8000, -8.430
21.27, -0.8000, -8.180
21.28, -0.8000, -8.608
21.29, -0.8000, -8.132
21.30, -0.8000, -8.583
21.31, -0.8000, -9.349
21.32, -0.8000, -8.491
21.33, -0.8000, -7.570
21.34, -0.8000, -7.211
21.35, -0.8000, -9.059
21.36, -0.8000, -8.253
21.37, -0.8000, -7.773
21.38, -0.8000, -7.742
21.39, -0.8000, -8.439
21.40, -0.8000, -8.668
21.41, -0.8000, -7.883
21.42, -0.8000, -8.377
21.43, -0.8000, -8.525
21.44, -0.8000, -8.355
21.45, -0.8000, -7.983
21.46, -0.8000, -8.408
21.47, -0.8000, -8.704
21.48, -0.8000, -8.209
21.49, -0.8000, -8.581
21.50, -0.8000, -7.669
21.51, -0.8000, -8.221
21.52, -0.8000, -9.473
21.53, -0.8000, -8.682
21.54, -0.8000, -9.166
21.55, -0.8000, -8.939
21.56, -0.8000, -7.259
21.57, -0.8000, -7.462
21.58, -0.8000, -8.348
21.59, -0.8000, -7.915
21.60, -0.8000, -7.733
21.61, -0.8000, -8.087
21.62, -0.8000, -9.021
21.63, -0.8000, -9.135
21.64, -0.8000, -9.756
21.65, -0.8000, -9.514
21.66, -0.8000, -7.635
21.67, -0.8000, -7.741
21.68, -0.8000, -8.654
21.69, -0.8000, -8.784
21.70, -0.8000, -8.950
21.71, -0.8000, -8.881
21.72, -0.8000, -8.673
21.73, -0.8000, -7.347
21.74, -0.8000, -8.251
21.75, -0.8000, -8.096
21.76, -0.8000, -6.826
21.77, -0.8000, -8.013
21.78, -0.8000, -8.996
21.79, -0.8000, -7.819
21.80, -0.8000, -8.035
21.81, -0.8000, -8.531
21.82, -0.8000, -8.137
21.83, -0.8000, -9.657
21.84, -0.8000, -9.210
21.85, -0.8000, -7.990
21.86, -0.8000, -8.158
21.87, -0.8000, -8.299
21.88, -0.8000, -7.378
21.89, -0.8000, -7.976
21.90, -0.8000, -7.827
21.91, -0.8000, -7.557
21.92, -0.8000, -8.017
21.93, -0.8000, -7.116
21.94, -0.8000, -8.602
21.95, -0.8000, -8.496
21.96, -0.8000, -8.566
21.97, -0.8000, -8.561
21.98, -0.8000, -8.921
21.99, -0.8000, -8.544
22.00, -0.8000, -7.733
22.01, -0.8000, -8.714
22.02, -0.8000, -8.541
22.03, -0.8000, -8.822
22.04, -0.8000, -7.987
22.05, -0.8000, -8.373
22.06, -0.8000, -7.535
22.07, -0.8000, -8.227
22.08, -0.8000, -9.375
22.09, -0.8000, -7.794
22.10, -0.8000, -8.074
22.11, -0.8000, -7.372
22.12, -0.8000, -7.347
22.13, -0.8000, -6.870
22.14, -0.8000, -7.408
22.15, -0.8000, -8.162
22.16, -0.8000, -9.699
22.17, -0.8000, -8.326
22.18, -0.8000, -7.436
22.19, -0.8000, -9.199
22.20, -0.8000, -8.035
22.21, -0.8000, -8.819
22.22, -0.8000, -9.402
22.23, -0.8000, -8.241
22.24, -0.8000, -7.673
22.25, -0.8000, -9.412
22.26, -0.8000, -8.099
22.27, -0.8000, -8.273
22.28, -0.8000, -7.646
22.29, -0.8000, -8.656
22.30, -0.8000, -8.117
22.31, -0.8000, -7.625
22.32, -0.8000, -8.590
22.33, -0.8000, -8.535
22.34, -0.8000, -9.004
22.35, -0.8000, -8.327
22.36, -0.8000, -7.519
22.37, -0.8000, -7.875
22.38, -0.8000, -7.489
22.39, -0.8000, -8.143
22.40, -0.8000, -9.353
22.41, -0.8000, -8.242
22.42, -0.8000, -8.550
22.43, -0.8000, -7.843
22.44, -0.8000, -8.213
22.45, -0.8000, -8.187
22.46, -0.8000, -7.992
22.47, -0.8000, -8.069
22.48, -0.8000, -8.618
22.49, -0.8000, -9.037
22.50, -0.8000, -8.387
22.51, -0.8000, -8.941
22.52, -0.8000, -8.231
22.53, -0.8000, -7.080
22.54, -0.8000, -7.536
22.55, -0.8000, -7.301
22.56, -0.8000, -7.501
22.57, -0.8000, -7.787
22.58, -0.8000, -7.787
22.59, -0.8000, -8.044
22.60, -0.8000, -8.361
22.61, -0.8000, -7.477
22.62, -0.8000, -9.231
22.63, -0.8000, -8.227
22.64, -0.8000, -8.226
22.65, -0.8000, -8.520
22.66, -0.8000, -8.104
22.67, -0.8000, -8.812
22.68, -0.8000, -7.755
22.69, -0.8000, -8.829
22.70, -0.8000, -8.140
22.71, -0.8000, -8.625
22.72, -0.8000, -8.542
22.73, -0.8000, -8.078
22.74, -0.8000, -7.217
22.75, -0.8000, -7.849
22.76, -0.8000, -7.455
22.77, -0.8000, -7.686
22.78, -0.8000, -7.203
22.79, -0.8000, -6.816
22.80, -0.8000, -8.313
22.81, -0.8000, -7.487
22.82, -0.8000, -8.223
22.83, -0.8000, -7.865
22.84, -0.8000, -8.175
22.85, -0.8000, -7.515
22.86, -0.8000, -7.597
22.87, -0.8000, -8.289
22.88, -0.8000, -8.023
22.89, -0.8000, -8.512
22.90, -0.8000, -8.010
22.91, -0.8000, -8.406
22.92, -0.8000, -8.319
22.93, -0.8000, -6.760
22.94, -0.8000, -6.880
22.95, -0.8000, -7.518
22.96, -0.8000, -8.409
22.97, -0.8000, -7.659
22.98, -0.8000, -7.888
22.99, -0.8000, -7.879
23.00, -0.8000, -9.071
23.01, -0.8000, -7.396
23.02, -0.8000, -7.673
23.03, -0.8000, -8.508
23.04, -0.8000, -8.652
23.05, -0.8000, -8.176
23.06, -0.8000, -8.651
23.07, -0.8000, -8.015
23.08, -0.8000, -7.767
23.09, -0.8000, -7.577
23.10, -0.8000, -8.728
23.11, -0.8000, -8.027
23.12, -0.8000, -8.065
23.13, -0.8000, -8.008
23.14, -0.8000, -8.441
23.15, -0.8000, -6.872
23.16, -0.8000, -8.821
23.17, -0.8000, -8.530
23.18, -0.8000, -8.279
23.19, -0.8000, -8.805
23.20, -0.8000, -9.385
23.21, -0.8000, -7.798
23.22, -0.8000, -7.691
23.23, -0.8000, -8.643
23.24, -0.8000, -8.314
23.25, -0.8000, -9.039
23.26, -0.8000, -8.294
23.27, -0.8000, -8.411
23.28, -0.8000, -8.816
23.29, -0.8000, -7.938
23.30, -0.8000, -7.637
23.31, -0.8000, -7.578
23.32, -0.8000, -7.011
23.33, -0.8000, -7.609
23.34, -0.8000, -7.168
23.35, -0.8000, -8.915
23.36, -0.8000, -8.614
23.37, -0.8000, -7.748
23.38, -0.8000, -7.267
23.39, -0.8000, -9.187
23.40, -0.8000, -8.130
23.41, -0.8000, -8.283
23.42, -0.8000, -6.650
23.43, -0.8000, -8.297
23.44, -0.8000, -7.276
23.45, -0.8000, -9.142
23.46, -0.8000, -8.889
23.47, -0.8000, -9.117
23.48, -0.8000, -8.274
23.49, -0.8000, -7.868
23.50, -0.8000, -7.689
23.51, -0.8000, -8.442
23.52, -0.8000, -8.750
23.53, -0.8000, -8.808
23.54, -0.8000, -8.406
23.55, -0.8000, -7.888
23.56, -0.8000, -7.488
23.57, -0.8000, -8.465
23.58, -0.8000, -7.321
23.59, -0.8000, -7.819
23.60, -0.8000, -8.692
23.61, -0.8000, -7.833
23.62, -0.8000, -9.090
23.63, -0.8000, -7.688
23.64, -0.8000, -7.653
23.65, -0.8000, -8.121
23.66, -0.8000, -6.488
23.67, -0.8000, -7.255
23.68, -0.8000, -7.836
23.69, -0.8000, -7.656
23.70, -0.8000, -8.389
23.71, -0.8000, -8.879
23.72, -0.8000, -7.779
23.73, -0.8000, -7.798
23.74, -0.8000, -8.507
23.75, -0.8000, -8.693
23.76, -0.8000, -8.025
23.77, -0.8000, -8.034
23.78, -0.8000, -8.231
23.79, -0.8000, -8.247
23.80, -0.8000, -8.168
23.81, -0.8000, -8.021
23.82, -0.8000, -7.340
23.83, -0.8000, -8.515
23.84, -0.8000, -6.658
23.85, -0.8000, -8.200
23.86, -0.8000, -8.371
23.87, -0.8000, -8.620
23.88, -0.8000, -9.063
23.89, -0.8000, -8.336
23.90, -0.8000, -7.200
23.91, -0.8000, -8.677
23.92, -0.8000, -9.583
23.93, -0.8000, -7.902
23.94, -0.8000, -8.731
23.95, -0.8000, -7.562
23.96, -0.8000, -8.066
23.97, -0.8000, -7.926
23.98, -0.8000, -6.697
23.99, -0.8000, -8.600
24.00, -0.8000, -8.029
24.01, -0.8000, -7.751
24.02, -0.8000, -7.913
24.03, -0.8000, -8.219
24.04, -0.8000, -8.560
24.05, -0.8000, -8.360
24.06, -0.8000, -7.096
24.07, -0.8000, -8.332
24.08, -0.8000, -7.355
24.09, -0.8000, -8.074
24.10, -0.8000, -7.498
24.11, -0.8000, -8.240
24.12, -0.8000, -7.604
24.13, -0.8000, -7.991
24.14, -0.8000, -7.377
24.15, -0.8000, -7.520
24.16, -0.8000, -8.384
24.17, -0.8000, -11.52
24.18, -0.8000, -7.749
24.19, -0.8000, -8.189
24.20, -0.8000, -7.926
24.21, -0.8000, -8.202
24.22, -0.8000, -9.073
24.23, -0.8000, -8.353
24.24, -0.8000, -9.013
24.25, -0.8000, -8.246
24.26, -0.8000, -8.280
24.27, -0.8000, -7.403
24.28, -0.8000, -8.626
24.29, -0.8000, -7.780
24.30, -0.8000, -7.944
24.31, -0.8000, -7.306
24.32, -0.8000, -9.108
24.33, -0.8000, -8.330
24.34, -0.8000, -7.018
24.35, -0.8000, -8.432
24.36, -0.8000, -7.028
24.37, -0.8000, -8.016
24.38, -0.8000, -7.359
24.39, -0.8000, -8.826
24.40, -0.8000, -8.058
24.41, -0.8000, -8.006
24.42, -0.8000, -7.373
24.43, -0.8000, -8.145
24.44, -0.8000, -7.952
24.45, -0.8000, -9.614
24.46, -0.8000, -8.326
24.47, -0.8000, -7.998
24.48, -0.8000, -7.289
24.49, -0.8000, -8.442
24.50, -0.8000, -8.247
24.51, -0.8000, -7.038
24.52, -0.8000, -8.321
24.53, -0.8000, -7.748
24.54, -0.8000, -8.080
24.55, -0.8000, -8.872
24.56, -0.8000, -8.448
24.57, -0.8000, -7.817
24.58, -0.8000, -8.909
24.59, -0.8000, -7.321
24.60, -0.8000, -7.802
24.61, -0.8000, -9.689
24.62, -0.8000, -7.898
24.63, -0.8000, -8.259
24.64, -0.8000, -9.276
24.65, -0.8000, -8.019
24.66, -0.8000, -7.433
24.67, -0.8000, -7.522
24.68, -0.8000, -7.436
24.69, -0.8000, -7.969
24.70, -0.8000, -8.175
24.71, -0.8000, -9.271
24.72, -0.8000, -8.526
24.73, -0.8000, -8.854
24.74, -0.8000, -8.148
24.75, -0.8000, -7.959
24.76, -0.8000, -8.261
24.77, -0.8000, -8.964
24.78, -0.8000, -8.118
24.79, -0.8000, -7.554
24.80, -0.8000, -9.237
24.81, -0.8000, -8.261
24.82, -0.8000, -9.086
24.83, -0.8000, -7.541
24.84, -0.8000, -9.116
24.85, -0.8000, -8.516
24.86, -0.8000, -7.733
24.87, -0.8000, -8.406
24.88, -0.8000, -8.561
24.89, -0.8000, -7.999
24.90, -0.8000, -7.406
24.91, -0.8000, -7.745
24.92, -0.8000, -6.495
24.93, -0.8000, -7.899
24.94, -0.8000, -8.524
24.95, -0.8000, -8.225
24.96, -0.8000, -8.807
24.97, -0.8000, -8.664
24.98, -0.8000, -8.406
24.99, -0.8000, -8.345
25.00, -0.8000, -6.976
25.01, -0.8000, -8.398
25.02, -0.8000, -7.406
25.03, -0.8000, -8.315
25.04, -0.8000, -7.521
25.05, -0.8000, -9.018
25.06, -0.8000, -8.189
25.07, -0.8000, -7.439
25.08, -0.8000, -8.058
25.09, -0.8000, -7.740
25.10, -0.8000, -7.356
25.11, -0.8000, -8.759
25.12, -0.8000, -7.604
25.13, -0.8000, -8.147
25.14, -0.8000, -8.958
25.15, -0.8000, -8.490
25.16, -0.8000, -8.302
25.17, -0.8000, -8.258
25.18, -0.8000, -7.535
25.19, -0.8000, -8.465
25.20, -0.8000, -8.559
25.21, -0.8000, -7.912
25.22, -0.8000, -9.053
25.23, -0.8000, -9.728
25.24, -0.8000, -8.189
25.25, -0.8000, -7.646
25.26, -0.8000, -8.055
25.27, -0.8000, -7.327
25.28, -0.8000, -7.727
25.29, -0.8000, -8.489
25.30, -0.8000, -7.195
25.31, -0.8000, -8.443
25.32, -0.8000, -8.729
25.33, -0.8000, -7.570
25.34, -0.8000, -8.866
25.35, -0.8000, -7.454
25.36, -0.8000, -8.170
25.37, -0.8000, -7.547
25.38, -0.8000, -8.799
25.39, -0.8000, -7.237
25.40, -0.8000, -6.490
25.41, -0.8000, -8.889
25.42, -0.8000, -7.404
25.43, -0.8000, -7.110
25.44, -0.8000, -6.686
25.45, -0.8000, -8.093
25.46, -0.8000, -7.065
25.47, -0.8000, -7.449
25.48, -0.8000, -7.471
25.49, -0.8000, -8.265
25.50, -0.8000, -8.429
25.51, -0.8000, -8.206
25.52, -0.8000, -7.461
25.53, -0.8000, -8.205
25.54, -0.8000, -7.737
25.55, -0.8000, -7.737
25.56, -0.8000, -9.023
25.57, -0.8000, -7.658
25.58, -0.8000, -7.958
25.59, -0.8000, -7.980
25.60, -0.8000, -7.763
25.61, -0.8000, -7.271
25.62, -0.8000, -7.622
25.63, -0.8000, -7.882
25.64, -0.8000, -8.139
25.65, -0.8000, -8.071
25.66, -0.8000, -7.152
25.67, -0.8000, -7.712
25.68, -0.8000, -8.785
25.69, -0.8000, -7.245
25.70, -0.8000, -7.953
25.71, -0.8000, -7.751
25.72, -0.8000, -7.589
25.73, -0.8000, -8.572
25.74, -0.8000, -8.263
25.75, -0.8000, -8.948
25.76, -0.8000, -8.363
25.77, -0.8000, -8.754
25.78, -0.8000, -8.310
25.79, -0.8000, -8.201
25.80, -0.8000, -7.416
25.81, -0.8000, -7.727
25.82, -0.8000, -8.157
25.83, -0.8000, -8.258
25.84, -0.8000, -7.623
25.85, -0.8000, -7.691
25.86, -0.8000, -7.756
25.87, -0.8000, -7.875
25.88, -0.8000, -7.232
25.89, -0.8000, -8.155
25.90, -0.8000, -8.080
25.91, -0.8000, -7.988
25.92, -0.8000, -8.355
25.93, -0.8000, -8.232
25.94, -0.8000, -8.605
25.95, -0.8000, -8.583
25.96, -0.8000, -7.408
25.97, -0.8000, -7.589
25.98, -0.8000, -8.552
25.99, -0.8000, -7.836
26.00, -0.8000, -7.599
26.01, -0.8000, -8.887
26.02, -0.8000, -7.365
26.03, -0.8000, -8.564
26.04, -0.8000, -7.218
26.05, -0.8000, -7.833
26.06, -0.8000, -7.205
26.07, -0.8000, -8.044
26.08, -0.8000, -7.971
26.09, -0.8000, -7.670
26.10, -0.8000, -7.223
26.11, -0.8000, -7.534
26.12, -0.8000, -9.157
26.13, -0.8000, -8.346
26.14, -0.8000, -7.389
26.15, -0.8000, -7.252
26.16, -0.8000, -7.811
26.17, -0.8000, -7.762
26.18, -0.8000, -8.105
26.19, -0.8000, -7.936
26.20, -0.8000, -7.565
26.21, -0.8000, -7.445
26.22, -0.8000, -7.969
26.23, -0.8000, -8.750
26.24, -0.8000, -8.628
26.25, -0.8000, -8.007
26.26, -0.8000, -7.361
26.27, -0.8000, -7.092
26.28, -0.8000, -8.542
26.29, -0.8000, -8.298
26.30, -0.8000, -8.278
26.31, -0.8000, -8.670
26.32, -0.8000, -8.725
26.33, -0.8000, -8.275
26.34, -0.8000, -7.624
26.35, -0.8000, -7.135
26.36, -0.8000, -7.856
26.37, -0.8000, -7.663
26.38, -0.8000, -8.192
26.39, -0.8000, -7.699
26.40, -0.8000, -7.522
26.41, -0.8000, -7.932
26.42, -0.8000, -6.871
26.43, -0.8000, -8.219
26.44, -0.8000, -7.990
26.45, -0.8000, -7.862
26.46, -0.8000, -7.675
26.47, -0.8000, -8.757
26.48, -0.8000, -7.794
26.49, -0.8000, -7.343
26.50, -0.8000, -8.277
26.51, -0.8000, -7.790
26.52, -0.8000, -8.132
26.53, -0.8000, -8.385
26.54, -0.8000, -9.826
26.55, -0.8000, -8.129
26.56, -0.8000, -7.534
26.57, -0.8000, -7.977
26.58, -0.8000, -7.022
26.59, -0.8000, -8.118
26.60, -0.8000, -9.510
26.61, -0.8000, -7.689
26.62, -0.8000, -8.666
26.63, -0.8000, -8.029
26.64, -0.8000, -8.231
26.65, -0.8000, -6.942
26.66, -0.8000, -7.130
26.67, -0.8000, -7.996
26.68, -0.8000, -8.019
26.69, -0.8000, -7.477
26.70, -0.8000, -7.591
26.71, -0.8000, -8.086
26.72, -0.8000, -8.409
26.73, -0.8000, -9.638
26.74, -0.8000, -7.617
26.75, -0.8000, -8.031
26.76, -0.8000, -8.153
26.77, -0.8000, -8.844
26.78, -0.8000, -8.422
26.79, -0.8000, -7.167
26.80, -0.8000, -8.523
26.81, -0.8000, -7.282
26.82, -0.8000, -7.018
26.83, -0.8000, -7.157
26.84, -0.8000, -8.096
26.85, -0.8000, -8.000
26.86, -0.8000, -7.068
26.87, -0.8000, -8.438
26.88, -0.8000, -8.456
26.89, -0.8000, -7.713
26.90, -0.8000, -7.751
26.91, -0.8000, -8.605
26.92, -0.8000, -7.865
26.93, -0.8000, -8.084
26.94, -0.8000, -7.035
26.95, -0.8000, -8.238
26.96, -0.8000, -8.394
26.97, -0.8000, -7.505
26.98, -0.8000, -9.133
26.99, -0.8000, -7.534
27.00, -0.8000, -6.946
27.01, -0.8000, -7.403
27.02, -0.8000, -7.594
27.03, -0.8000, -7.293
27.04, -0.8000, -6.996
27.05, -0.8000, -6.875
27.06, -0.8000, -8.062
27.07, -0.8000, -8.190
27.08, -0.8000, -8.260
27.09, -0.8000, -8.634
27.10, -0.8000, -8.062
27.11, -0.8000, -7.737
27.12, -0.8000, -9.489
27.13, -0.8000, -8.102
27.14, -0.8000, -8.244
27.15, -0.8000, -8.170
27.16, -0.8000, -7.634
27.17, -0.8000, -7.694
27.18, -0.8000, -8.899
27.19, -0.8000, -7.317
27.20, -0.8000, -7.360
27.21, -0.8000, -7.579
27.22, -0.8000, -7.943
27.23, -0.8000, -7.962
27.24, -0.8000, -7.895
27.25, -0.8000, -7.826
27.26, -0.8000, -7.400
27.27, -0.8000, -7.732
27.28, -0.8000, -7.388
27.29, -0.8000, -7.515
27.30, -0.8000, -7.814
27.31, -0.8000, -7.670
27.32, -0.8000, -7.816
27.33, -0.8000, -7.503
27.34, -0.8000, -8.596
27.35, -0.8000, -8.435
27.36, -0.8000, -9.326
27.37, -0.8000, -9.062
27.38, -0.8000, -8.449
27.39, -0.8000, -8.038
27.40, -0.8000, -7.500
27.41, -0.8000, -7.486
27.42, -0.8000, -8.881
27.43, -0.8000, -7.902
27.44, -0.8000, -7.412
27.45, -0.8000, -7.805
27.46, -0.8000, -8.013
27.47, -0.8000, -7.979
27.48, -0.8000, -6.979
27.49, -0.8000, -7.682
27.50, -0.8000, -6.703
27.51, -0.8000, -7.530
27.52, -0.8000, -8.088
27.53, -0.8000, -8.264
27.54, -0.8000, -7.354
27.55, -0.8000, -8.712
27.56, -0.8000, -8.367
27.57, -0.8000, -7.999
27.58, -0.8000, -7.696
27.59, -0.8000, -8.091
27.60, -0.8000, -8.276
27.61, -0.8000, -7.800
27.62, -0.8000, -7.555
27.63, -0.8000, -7.490
27.64, -0.8000, -8.852
27.65, -0.8000, -7.698
27.66, -0.8000, -7.903
27.67, -0.8000, -7.862
27.68, -0.8000, -7.459
27.69, -0.8000, -8.157
27.70, -0.8000, -8.923
27.71, -0.8000, -8.646
27.72, -0.8000, -7.752
27.73, -0.8000, -8.199
27.74, -0.8000, -8.749
27.75, -0.8000, -8.117
27.76, -0.8000, -8.081
27.77, -0.8000, -7.812
27.78, -0.8000, -8.004
27.79, -0.8000, -7.327
27.80, -0.8000, -6.710
27.81, -0.8000, -7.464
27.82, -0.8000, -7.648
27.83, -0.8000, -7.542
27.84, -0.8000, -7.551
27.85, -0.8000, -8.001
27.86, -0.8000, -8.922
27.87, -0.8000, -7.443
27.88, -0.8000, -8.221
27.89, -0.8000, -7.765
27.90, -0.8000, -8.051
27.91, -0.8000, -7.672
27.92, -0.8000, -7.642
27.93, -0.8000, -7.219
27.94, -0.8000, -7.984
27.95, -0.8000, -8.048
27.96, -0.8000, -7.166
27.97, -0.8000, -7.781
27.98, -0.8000, -7.004
27.99, -0.8000, -8.165
28.00, -0.8000, -7.375
28.01, -0.8000, -7.709
28.02, -0.8000, -8.117
28.03, -0.8000, -8.103
28.04, -0.8000, -7.072
28.05, -0.8000, -7.701
28.06, -0.8000, -7.770
28.07, -0.8000, -6.498
28.08, -0.8000, -7.264
28.09, -0.8000, -7.336
28.10, -0.8000, -7.712
28.11, -0.8000, -7.466
28.12, -0.8000, -7.599
28.13, -0.8000, -7.392
28.14, -0.8000, -7.820
28.15, -0.8000, -7.575
28.16, -0.8000, -8.306
28.17, -0.8000, -8.424
28.18, -0.8000, -9.102
28.19, -0.8000, -8.058
28.20, -0.8000, -8.170
28.21, -0.8000, -7.441
28.22, -0.8000, -8.361
28.23, -0.8000, -7.122
28.24, -0.8000, -7.909
28.25, -0.8000, -7.184
28.26, -0.8000, -7.025
28.27, -0.8000, -8.361
28.28, -0.8000, -8.432
28.29, -0.8000, -6.576
28.30, -0.8000, -6.772
28.31, -0.8000, -7.241
28.32, -0.8000, -8.094
28.33, -0.8000, -7.113
28.34, -0.8000, -7.216
28.35, -0.8000, -7.730
28.36, -0.8000, -7.700
28.37, -0.8000, -6.979
28.38, -0.8000, -7.484
28.39, -0.8000, -7.791
28.40, -0.8000, -8.315
28.41, -0.8000, -7.969
28.42, -0.8000, -6.932
28.43, -0.8000, -7.671
28.44, -0.8000, -8.210
28.45, -0.8000, -8.991
28.46, -0.8000, -7.047
28.47, -0.8000, -7.866
28.48, -0.8000, -8.168
28.49, -0.8000, -8.979
28.50, -0.8000, -8.410
28.51, -0.8000, -7.127
28.52, -0.8000, -8.531
28.53, -0.8000, -7.478
28.54, -0.8000, -7.281
28.55, -0.8000, -7.646
28.56, -0.8000, -8.760
28.57, -0.8000, -7.884
28.58, -0.8000, -6.936
28.59, -0.8000, -8.647
28.60, -0.8000, -8.039
28.61, -0.8000, -7.502
28.62, -0.8000, -7.228
28.63, -0.8000, -8.056
28.64, -0.8000, -8.186
28.65, -0.8000, -8.432
28.66, -0.8000, -6.937
28.67, -0.8000, -7.948
28.68, -0.8000, -7.445
28.69, -0.8000, -8.414
28.70, -0.8000, -8.518
28.71, -0.8000, -8.083
28.72, -0.8000, -7.208
28.73, -0.8000, -7.597
28.74, -0.8000, -7.512
28.75, -0.8000, -7.526
28.76, -0.8000, -7.762
28.77, -0.8000, -9.056
28.78, -0.8000, -7.676
28.79, -0.8000, -7.460
28.80, -0.8000, -9.145
28.81, -0.8000, -7.255
28.82, -0.8000, -7.409
28.83, -0.8000, -7.969
28.84, -0.8000, -7.363
28.85, -0.8000, -6.934
28.86, -0.8000, -7.272
28.87, -0.8000, -7.725
28.88, -0.8000, -7.892
28.89, -0.8000, -6.676
28.90, -0.8000, -8.176
28.91, -0.8000, -8.050
28.92, -0.8000, -8.114
28.93, -0.8000, -7.337
28.94, -0.8000, -7.659
28.95, -0.8000, -7.060
28.96, -0.8000, -7.765
28.97, -0.8000, -8.229
28.98, -0.8000, -7.884
28.99, -0.8000, -7.788
29.00, -0.8000, -7.751
29.01, -0.8000, -8.890
29.02, -0.8000, -7.721
29.03, -0.8000, -7.140
29.04, -0.8000, -8.274
29.05, -0.8000, -7.516
29.06, -0.8000, -7.303
29.07, -0.8000, -6.987
29.08, -0.8000, -7.630
29.09, -0.8000, -8.014
29.10, -0.8000, -7.588
29.11, -0.8000, -7.417
29.12, -0.8000, -8.782
29.13, -0.8000, -7.438
29.14, -0.8000, -6.949
29.15, -0.8000, -6.913
29.16, -0.8000, -7.917
29.17, -0.8000, -8.280
29.18, -0.8000, -8.041
29.19, -0.8000, -7.046
29.20, -0.8000, -8.013
29.21, -0.8000, -8.745
29.22, -0.8000, -8.374
29.23, -0.8000, -7.924
29.24, -0.8000, -6.663
29.25, -0.8000, -8.818
29.26, -0.8000, -7.597
29.27, -0.8000, -8.125
29.28, -0.8000, -7.328
29.29, -0.8000, -6.848
29.30, -0.8000, -8.000
29.31, -0.8000, -9.219
29.32, -0.8000, -7.285
29.33, -0.8000, -7.898
29.34, -0.8000, -7.525
29.35, -0.8000, -7.871
29.36, -0.8000, -7.595
29.37, -0.8000, -7.197
29.38, -0.8000, -7.222
29.39, -0.8000, -7.460
29.40, -0.8000, -8.111
29.41, -0.8000, -8.110
29.42, -0.8000, -6.937
29.43, -0.8000, -7.768
29.44, -0.8000, -7.578
29.45, -0.8000, -8.638
29.46, -0.8000, -8.262
29.47, -0.8000, -8.460
29.48, -0.8000, -7.822
29.49, -0.8000, -7.991
29.50, -0.8000, -8.018
29.51, -0.8000, -7.491
29.52, -0.8000, -8.049
29.53, -0.8000, -7.579
29.54, -0.8000, -6.704
29.55, -0.8000, -7.560
29.56, -0.8000, -7.657
29.57, -0.8000, -7.896
29.58, -0.8000, -8.385
29.59, -0.8000, -8.438
29.60, -0.8000, -8.467
29.61, -0.8000, -7.430
29.62, -0.8000, -8.068
29.63, -0.8000, -8.217
29.64, -0.8000, -8.685
29.65, -0.8000, -7.156
29.66, -0.8000, -8.968
29.67, -0.8000, -6.330
29.68, -0.8000, -7.979
29.69, -0.8000, -7.037
29.70, -0.8000, -7.947
29.71, -0.8000, -8.018
29.72, -0.8000, -7.416
29.73, -0.8000, -9.462
29.74, -0.8000, -7.944
29.75, -0.8000, -7.267
29.76, -0.8000, -6.830
29.77, -0.8000, -8.896
29.78, -0.8000, -7.935
29.79, -0.8000, -8.150
29.80, -0.8000, -8.180
29.81, -0.8000, -7.540
29.82, -0.8000, -8.669
29.83, -0.8000, -7.435
29.84, -0.8000, -6.724
29.85, -0.8000, -7.534
29.86, -0.8000, -7.847
29.87, -0.8000, -7.114
29.88, -0.8000, -7.201
29.89, -0.8000, -8.671
29.90, -0.8000, -7.615
29.91, -0.8000, -7.681
29.92, -0.8000, -7.370
29.93, -0.8000, -7.887
29.94, -0.8000, -7.067
29.95, -0.8000, -7.811
29.96, -0.8000, -8.389
29.97, -0.8000, -7.584
29.98, -0.8000, -8.263
29.99, -0.8000, -8.259
30.00, -0.8000, -8.037
30.01, -0.8000, -8.262
30.02, -0.8000, -7.941
30.03, -0.8000, -7.822
30.04, -0.8000, -8.738
30.05, -0.8000, -8.028
30.06, -0.8000, -8.133
30.07, -0.8000, -9.223
30.08, -0.8000, -8.868
30.09, -0.8000, -8.614
30.10, -0.8000, -7.016
30.11, -0.8000, -7.591
30.12, -0.8000, -8.034
30.13, -0.8000, -6.465
30.14, -0.8000, -7.981
30.15, -0.8000, -7.686
30.16, -0.8000, -8.901
30.17, -0.8000, -7.045
30.18, -0.8000, -8.078
30.19, -0.8000, -7.952
30.20, -0.8000, -7.599
30.21, -0.8000, -7.209
30.22, -0.8000, -7.146
30.23, -0.8000, -7.979
30.24, -0.8000, -7.078
30.25, -0.8000, -7.434
30.26, -0.8000, -6.990
30.27, -0.8000, -7.091
30.28, -0.8000, -8.987
30.29, -0.8000, -8.301
30.30, -0.8000, -7.538
30.31, -0.8000, -8.613
30.32, -0.8000, -8.509
30.33, -0.8000, -7.616
30.34, -0.8000, -7.540
30.35, -0.8000, -8.207
30.36, -0.8000, -7.571
30.37, -0.8000, -8.253
30.38, -0.8000, -7.816
30.39, -0.8000, -7.669
30.40, -0.8000, -7.630
30.41, -0.8000, -7.932
30.42, -0.8000, -8.897
30.43, -0.8000, -8.565
30.44, -0.8000, -7.618
30.45, -0.8000, -7.153
30.46, -0.8000, -7.573
30.47, -0.8000, -7.443
30.48, -0.8000, -7.909
30.49, -0.8000, -7.174
30.50, -0.8000, -6.878
30.51, -0.8000, -7.954
30.52, -0.8000, -7.971
30.53, -0.8000, -7.255
30.54, -0.8000, -6.751
30.55, -0.8000, -8.555
30.56, -0.8000, -7.246
30.57, -0.8000, -7.015
30.58, -0.8000, -7.709
30.59, -0.8000, -7.044
30.60, -0.8000, -8.122
30.61, -0.8000, -7.876
30.62, -0.8000, -7.823
30.63, -0.8000, -8.116
30.64, -0.8000, -8.233
30.65, -0.8000, -7.372
30.66, -0.8000, -8.051
30.67, -0.8000, -7.632
30.68, -0.8000, -8.070
30.69, -0.8000, -8.183
30.70, -0.8000, -8.062
30.71, -0.8000, -7.941
30.72, -0.8000, -9.412
30.73, -0.8000, -8.696
30.74, -0.8000, -7.633
30.75, -0.8000, -7.438
30.76, -0.8000, -7.827
30.77, -0.8000, -7.741
30.78, -0.8000, -7.171
30.79, -0.8000, -7.196
30.80, -0.8000, -7.891
30.81, -0.8000, -7.750
30.82, -0.8000, -8.369
30.83, -0.8000, -8.601
30.84, -0.8000, -7.093
30.85, -0.8000, -7.368
30.86, -0.8000, -8.673
30.87, -0.8000, -8.124
30.88, -0.8000, -7.372
30.89, -0.8000, -7.971
30.90, -0.8000, -7.655
30.91, -0.8000, -7.163
30.92, -0.8000, -7.373
30.93, -0.8000, -7.516
30.94, -0.8000, -7.878
30.95, -0.8000, -7.875
30.96, -0.8000, -8.111
30.97, -0.8000, -7.942
30.98, -0.8000, -7.577
30.99, -0.8000, -8.135
31.00, -0.8000, -8.323
31.01, -0.8000, -7.454
31.02, -0.8000, -7.393
31.03, -0.8000, -7.615
31.04, -0.8000, -7.577
31.05, -0.8000, -6.424
31.06, -0.8000, -7.152
31.07, -0.8000, -6.946
31.08, -0.8000, -6.259
31.09, -0.8000, -7.376
31.10, -0.8000, -8.252
31.11, -0.8000, -6.984
31.12, -0.8000, -8.370
31.13, -0.8000, -7.402
31.14, -0.8000, -8.279
31.15, -0.8000, -7.603
31.16, -0.8000, -8.527
31.17, -0.8000, -7.798
31.18, -0.8000, -7.592
31.19, -0.8000, -7.378
31.20, -0.8000, -8.144
31.21, -0.8000, -7.178
31.22, -0.8000, -8.786
31.23, -0.8000, -7.553
31.24, -0.8000, -7.912
31.25, -0.8000, -7.450
31.26, -0.8000, -7.662
31.27, -0.8000, -8.586
31.28, -0.8000, -8.466
31.29, -0.8000, -8.170
31.30, -0.8000, -7.091
31.31, -0.8000, -8.072
31.32, -0.8000, -7.314
31.33, -0.8000, -7.945
31.34, -0.8000, -8.773
31.35, -0.8000, -8.246
31.36, -0.8000, -8.949
31.37, -0.8000, -7.196
31.38, -0.8000, -8.047
31.39, -0.8000, -7.559
31.40, -0.8000, -7.692
31.41, -0.8000, -8.143
31.42, -0.8000, -7.988
31.43, -0.8000, -7.970
31.44, -0.8000, -7.341
31.45, -0.8000, -7.634
31.46, -0.8000, -7.056
31.47, -0.8000, -7.467
31.48, -0.8000, -7.449
31.49, -0.8000, -7.708
31.50, -0.8000, -7.389
31.51, -0.8000, -8.605
31.52, -0.8000, -7.159
31.53, -0.8000, -7.915
31.54, -0.8000, -7.728
31.55, -0.8000, -6.867
31.56, -0.8000, -8.309
31.57, -0.8000, -6.761
31.58, -0.8000, -7.878
31.59, -0.8000, -7.173
31.60, -0.8000, -7.108
31.61, -0.8000, -7.067
31.62, -0.8000, -6.512
31.63, -0.8000, -7.678
31.64, -0.8000, -6.877
31.65, -0.8000, -7.932
31.66, -0.8000, -6.487
31.67, -0.8000, -8.398
31.68, -0.8000, -7.561
31.69, -0.8000, -7.921
31.70, -0.8000, -7.037
31.71, -0.8000, -7.872
31.72, -0.8000, -7.507
31.73, -0.8000, -7.859
31.74, -0.8000, -6.996
31.75, -0.8000, -7.853
31.76, -0.8000, -7.517
31.77, -0.8000, -6.896
31.78, -0.8000, -7.363
31.79, -0.8000, -7.244
31.80, -0.8000, -7.098
31.81, -0.8000, -7.793
31.82, -0.8000, -7.187
31.83, -0.8000, -8.204
31.84, -0.8000, -7.187
31.85, -0.8000, -7.877
31.86, -0.8000, -7.601
31.87, -0.8000, -9.079
31.88, -0.8000, -7.377
31.89, -0.8000, -8.319
31.90, -0.8000, -7.383
31.91, -0.8000, -7.943
31.92, -0.8000, -7.363
31.93, -0.8000, -7.572
31.94, -0.8000, -7.641
31.95, -0.8000, -7.613
31.96, -0.8000, -7.751
31.97, -0.8000, -8.661
31.98, -0.8000, -7.596
31.99, -0.8000, -7.352
32.00, -0.8000, -7.582
32.01, -0.8000, -8.199
32.02, -0.8000, -8.146
32.03, -0.8000, -7.293
32.04, -0.8000, -7.594
32.05, -0.8000, -7.559
32.06, -0.8000, -8.847
32.07, -0.8000, -7.666
32.08, -0.8000, -7.804
32.09, -0.8000, -7.860
32.10, -0.8000, -7.005
32.11, -0.8000, -7.494
32.12, -0.8000, -7.445
32.13, -0.8000, -8.273
32.14, -0.8000, -7.118
32.15, -0.8000, -6.662
32.16, -0.8000, -6.372
32.17, -0.8000, -8.191
32.18, -0.8000, -7.016
32.19, -0.8000, -6.805
32.20, -0.8000, -6.352
32.21, -0.8000, -8.034
32.22, -0.8000, -8.129
32.23, -0.8000, -8.179
32.24, -0.8000, -6.534
32.25, -0.8000, -6.711
32.26, -0.8000, -7.442
32.27, -0.8000, -7.341
32.28, -0.8000, -8.019
32.29, -0.8000, -7.153
32.30, -0.8000, -9.206
32.31, -0.8000, -6.683
32.32, -0.8000, -8.144
32.33, -0.8000, -8.098
32.34, -0.8000, -8.272
32.35, -0.8000, -7.883
32.36, -0.8000, -7.199
32.37, -0.8000, -8.063
32.38, -0.8000, -7.634
32.39, -0.8000, -7.188
32.40, -0.8000, -7.755
32.41, -0.8000, -8.480
32.42, -0.8000, -8.712
32.43, -0.8000, -8.185
32.44, -0.8000, -7.056
32.45, -0.8000, -8.074
32.46, -0.8000, -7.552
32.47, -0.8000, -7.564
32.48, -0.8000, -7.465
32.49, -0.8000, -6.432
32.50, -0.8000, -6.977
32.51, -0.8000, -7.342
32.52, -0.8000, -7.191
32.53, -0.8000, -6.803
32.54, -0.8000, -7.451
32.55, -0.8000, -7.588
32.56, -0.8000, -8.279
32.57, -0.8000, -7.847
32.58, -0.8000, -7.339
32.59, -0.8000, -7.703
32.60, -0.8000, -7.675
32.61, -0.8000, -8.658
32.62, -0.8000, -7.149
32.63, -0.8000, -7.469
32.64, -0.8000, -7.571
32.65, -0.8000, -8.307
32.66, -0.8000, -8.083
32.67, -0.8000, -8.447
32.68, -0.8000, -7.859
32.69, -0.8000, -8.710
32.70, -0.8000, -8.268
32.71, -0.8000, -8.048
32.72, -0.8000, -8.095
32.73, -0.8000, -8.532
32.74, -0.8000, -7.601
32.75, -0.8000, -8.582
32.76, -0.8000, -7.819
32.77, -0.8000, -7.129
32.78, -0.8000, -8.592
32.79, -0.8000, -9.597
32.80, -0.8000, -7.313
32.81, -0.8000, -7.874
32.82, -0.8000, -7.631
32.83, -0.8000, -8.169
32.84, -0.8000, -6.787
32.85, -0.8000, -7.011
32.86, -0.8000, -7.673
32.87, -0.8000, -8.947
32.88, -0.8000, -7.156
32.89, -0.8000, -7.453
32.90, -0.8000, -8.827
32.91, -0.8000, -6.864
32.92, -0.8000, -7.483
32.93, -0.8000, -7.834
32.94, -0.8000, -7.016
32.95, -0.8000, -8.380
32.96, -0.8000, -7.695
32.97, -0.8000, -6.823
32.98, -0.8000, -7.027
32.99, -0.8000, -6.637
33.00, -0.8000, -6.940
33.01, -0.8000, -8.725
33.02, -0.8000, -7.157
33.03, -0.8000, -6.895
33.04, -0.8000, -7.788
33.05, -0.8000, -7.627
33.06, -0.8000, -7.202
33.07, -0.8000, -6.791
33.08, -0.8000, -8.789
33.09, -0.8000, -7.593
33.10, -0.8000, -7.697
33.11, -0.8000, -7.507
33.12, -0.8000, -8.486
33.13, -0.8000, -7.821
33.14, -0.8000, -6.650
33.15, -0.8000, -8.090
33.16, -0.8000, -8.360
33.17, -0.8000, -8.015
33.18, -0.8000, -7.553
33.19, -0.8000, -8.061
33.20, -0.8000, -7.663
33.21, -0.8000, -7.079
33.22, -0.8000, -7.269
33.23, -0.8000, -7.625
33.24, -0.8000, -6.960
33.25, -0.8000, -7.319
33.26, -0.8000, -8.196
33.27, -0.8000, -7.862
33.28, -0.8000, -7.103
33.29, -0.8000, -8.197
33.30, -0.8000, -6.831
33.31, -0.8000, -7.950
33.32, -0.8000, -7.618
33.33, -0.8000, -8.064
33.34, -0.8000, -9.157
33.35, -0.8000, -8.172
33.36, -0.8000, -7.513
33.37, -0.8000, -8.365
33.38, -0.8000, -8.784
33.39, -0.8000, -8.276
33.40, -0.8000, -7.214
33.41, -0.8000, -7.071
33.42, -0.8000, -8.857
33.43, -0.8000, -7.314
33.44, -0.8000, -8.326
33.45, -0.8000, -9.918
33.46, -0.8000, -7.726
33.47, -0.8000, -7.832
33.48, -0.8000, -8.153
33.49, -0.8000, -8.325
33.50, -0.8000, -8.789
33.51, -0.8000, -7.937
33.52, -0.8000, -8.095
33.53, -0.8000, -6.815
33.54, -0.8000, -7.536
33.55, -0.8000, -7.603
33.56, -0.8000, -8.920
33.57, -0.8000, -7.239
33.58, -0.8000, -7.003
33.59, -0.8000, -7.554
33.60, -0.8000, -6.317
33.61, -0.8000, -7.155
33.62, -0.8000, -6.843
33.63, -0.8000, -6.334
33.64, -0.8000, -7.353
33.65, -0.8000, -7.412
33.66, -0.8000, -6.735
33.67, -0.8000, -7.006
33.68, -0.8000, -8.697
33.69, -0.8000, -7.901
33.70, -0.8000, -8.745
33.71, -0.8000, -9.655
33.72, -0.8000, -8.165
33.73, -0.8000, -8.134
33.74, -0.8000, -7.594
33.75, -0.8000, -7.862
33.76, -0.8000, -7.887
33.77, -0.8000, -7.572
33.78, -0.8000, -7.430
33.79, -0.8000, -7.978
33.80, -0.8000, -7.563
33.81, -0.8000, -6.780
33.82, -0.8000, -8.880
33.83, -0.8000, -7.763
33.84, -0.8000, -8.149
33.85, -0.8000, -8.032
33.86, -0.8000, -7.063
33.87, -0.8000, -8.713
33.88, -0.8000, -8.440
33.89, -0.8000, -7.557
33.90, -0.8000, -7.706
33.91, -0.8000, -7.697
33.92, -0.8000, -8.672
33.93, -0.8000, -7.917
33.94, -0.8000, -7.303
33.95, -0.8000, -8.269
33.96, -0.8000, -8.838
33.97, -0.8000, -7.601
33.98, -0.8000, -7.686
33.99, -0.8000, -7.843
34.00, -0.8000, -8.224
34.01, -0.8000, -7.974
34.02, -0.8000, -6.731
34.03, -0.8000, -6.981
34.04, -0.8000, -7.267
34.05, -0.8000, -6.863
34.06, -0.8000, -7.117
34.07, -0.8000, -7.627
34.08, -0.8000, -7.322
34.09, -0.8000, -7.072
34.10, -0.8000, -7.177
34.11, -0.8000, -7.862
34.12, -0.8000, -7.523
34.13, -0.8000, -7.543
34.14, -0.8000, -6.911
34.15, -0.8000, -7.368
34.16, -0.8000, -7.909
34.17, -0.8000, -7.592
34.18, -0.8000, -8.039
34.19, -0.8000, -8.224
34.20, -0.8000, -6.952
34.21, -0.8000, -7.381
34.22, -0.8000, -7.927
34.23, -0.8000, -7.441
34.24, -0.8000, -7.612
34.25, -0.8000, -8.372
34.26, -0.8000, -7.820
34.27, -0.8000, -7.003
34.28, -0.8000, -9.131
34.29, -0.8000, -8.630
34.30, -0.8000, -7.852
34.31, -0.8000, -7.409
34.32, -0.8000, -7.868
34.33, -0.8000, -7.095
34.34, -0.8000, -6.270
34.35, -0.8000, -7.256
34.36, -0.8000, -7.884
34.37, -0.8000, -8.186
34.38, -0.8000, -7.236
34.39, -0.8000, -7.187
34.40, -0.8000, -7.944
34.41, -0.8000, -7.048
34.42, -0.8000, -6.752
34.43, -0.8000, -7.562
34.44, -0.8000, -7.456
34.45, -0.8000, -9.052
34.46, -0.8000, -7.208
34.47, -0.8000, -6.868
34.48, -0.8000, -7.569
34.49, -0.8000, -7.728
34.50, -0.8000, -7.682
34.51, -0.8000, -8.014
34.52, -0.8000, -7.424
34.53, -0.8000, -7.557
34.54, -0.8000, -8.972
34.55, -0.8000, -7.132
34.56, -0.8000, -7.610
34.57, -0.8000, -7.877
34.58, -0.8000, -7.692
34.59, -0.8000, -7.018
34.60, -0.8000, -6.674
34.61, -0.8000, -8.396
34.62, -0.8000, -7.683
34.63, -0.8000, -7.030
34.64, -0.8000, -7.926
34.65, -0.8000, -8.048
34.66, -0.8000, -8.129
34.67, -0.8000, -8.649
34.68, -0.8000, -8.423
34.69, -0.8000, -7.740
34.70, -0.8000, -7.973
34.71, -0.8000, -7.075
34.72, -0.8000, -8.077
34.73, -0.8000, -8.170
34.74, -0.8000, -6.811
34.75, -0.8000, -7.373
34.76, -0.8000, -7.729
34.77, -0.8000, -7.320
34.78, -0.8000, -7.791
34.79, -0.8000, -8.504
34.80, -0.8000, -6.874
34.81, -0.8000, -7.587
34.82, -0.8000, -6.737
34.83, -0.8000, -8.666
34.84, -0.8000, -7.963
34.85, -0.8000, -7.163
34.86, -0.8000, -8.402
34.87, -0.8000, -7.142
34.88, -0.8000, -7.116
34.89, -0.8000, -6.766
34.90, -0.8000, -7.267
34.91, -0.8000, -7.805
34.92, -0.8000, -8.086
34.93, -0.8000, -7.774
34.94, -0.8000, -7.074
34.95, -0.8000, -8.486
34.96, -0.8000, -8.075
34.97, -0.8000, -7.393
34.98, -0.8000, -7.128
34.99, -0.8000, -7.923
35.00, -0.8000, -8.689
35.01, -0.8000, -7.137
35.02, -0.8000, -8.642
35.03, -0.8000, -7.921
35.04, -0.8000, -7.190
35.05, -0.8000, -8.883
35.06, -0.8000, -6.057
35.07, -0.8000, -8.074
35.08, -0.8000, -8.560
35.09, -0.8000, -7.305
35.10, -0.8000, -7.128
35.11, -0.8000, -7.880
35.12, -0.8000, -6.899
35.13, -0.8000, -7.461
35.14, -0.8000, -7.109
35.15, -0.8000, -7.999
35.16, -0.8000, -8.780
35.17, -0.8000, -7.670
35.18, -0.8000, -7.440
35.19, -0.8000, -7.396
35.20, -0.8000, -7.285
35.21, -0.8000, -7.516
35.22, -0.8000, -8.270
35.23, -0.8000, -7.178
35.24, -0.8000, -7.419
35.25, -0.8000, -8.179
35.26, -0.8000, -8.733
35.27, -0.8000, -7.957
35.28, -0.8000, -7.223
35.29, -0.8000, -8.428
35.30, -0.8000, -7.589
35.31, -0.8000, -7.303
35.32, -0.8000, -8.426
35.33, -0.8000, -8.245
35.34, -0.8000, -8.824
35.35, -0.8000, -8.259
35.36, -0.8000, -7.471
35.37, -0.8000, -7.872
35.38, -0.8000, -8.113
35.39, -0.8000, -8.113
35.40, -0.8000, -7.165
35.41, -0.8000, -7.573
35.42, -0.8000, -8.220
35.43, -0.8000, -8.340
35.44, -0.8000, -7.112
35.45, -0.8000, -7.111
35.46, -0.8000, -8.047
35.47, -0.8000, -6.774
35.48, -0.8000, -8.499
35.49, -0.8000, -7.496
35.50, -0.8000, -7.204
35.51, -0.8000, -7.106
35.52, -0.8000, -7.657
35.53, -0.8000, -7.663
35.54, -0.8000, -7.223
35.55, -0.8000, -7.514
35.56, -0.8000, -7.727
35.57, -0.8000, -7.162
35.58, -0.8000, -7.055
35.59, -0.8000, -6.966
35.60, -0.8000, -7.058
35.61, -0.8000, -7.179
35.62, -0.8000, -6.977
35.63, -0.8000, -8.716
35.64, -0.8000, -7.854
35.65, -0.8000, -7.643
35.66, -0.8000, -8.794
35.67, -0.8000, -8.149
35.68, -0.8000, -7.667
35.69, -0.8000, -8.241
35.70, -0.8000, -7.053
35.71, -0.8000, -7.119
35.72, -0.8000, -7.185
35.73, -0.8000, -8.094
35.74, -0.8000, -6.958
35.75, -0.8000, -7.607
35.76, -0.8000, -8.236
35.77, -0.8000, -8.546
35.78, -0.8000, -8.349
35.79, -0.8000, -8.103
35.80, -0.8000, -7.403
35.81, -0.8000, -8.497
35.82, -0.8000, -8.619
35.83, -0.8000, -7.519
35.84, -0.8000, -7.810
35.85, -0.8000, -7.944
35.86, -0.8000, -7.816
35.87, -0.8000, -7.903
35.88, -0.8000, -7.659
35.89, -0.8000, -8.470
35.90, -0.8000, -7.341
35.91, -0.8000, -7.091
35.92, -0.8000, -7.126
35.93, -0.8000, -7.528
35.94, -0.8000, -8.350
35.95, -0.8000, -6.907
35.96, -0.8000, -6.361
35.97, -0.8000, -6.983
35.98, -0.8000, -7.578
35.99, -0.8000, -8.510
36.00, -0.8000, -7.444
36.01, -0.8000, -7.579
36.02, -0.8000, -6.793
36.03, -0.8000, -7.988
36.04, -0.8000, -8.156
36.05, -0.8000, -7.457
36.06, -0.8000, -8.709
36.07, -0.8000, -7.230
36.08, -0.8000, -7.063
36.09, -0.8000, -8.275
36.10, -0.8000, -7.934
36.11, -0.8000, -5.850
36.12, -0.8000, -7.526
36.13, -0.8000, -7.011
36.14, -0.8000, -7.669
36.15, -0.8000, -7.836
36.16, -0.8000, -6.550
36.17, -0.8000, -6.963
36.18, -0.8000, -6.177
36.19, -0.8000, -7.356
36.20, -0.8000, -8.961
36.21, -0.8000, -7.731
36.22, -0.8000, -7.564
36.23, -0.8000, -9.352
36.24, -0.8000, -8.360
36.25, -0.8000, -8.505
36.26, -0.8000, -8.095
36.27, -0.8000, -7.874
36.28, -0.8000, -8.204
36.29, -0.8000, -8.518
36.30, -0.8000, -6.620
36.31, -0.8000, -7.992
36.32, -0.8000, -8.117
36.33, -0.8000, -8.257
36.34, -0.8000, -7.040
36.35, -0.8000, -7.519
36.36, -0.8000, -8.507
36.37, -0.8000, -8.169
36.38, -0.8000, -7.548
36.39, -0.8000, -7.277
36.40, -0.8000, -8.851
36.41, -0.8000, -8.050
36.42, -0.8000, -6.809
36.43, -0.8000, -6.807
36.44, -0.8000, -8.562
36.45, -0.8000, -8.945
36.46, -0.8000, -8.519
36.47, -0.8000, -6.988
36.48, -0.8000, -8.266
36.49, -0.8000, -8.182
36.50, -0.8000, -9.181
36.51, -0.8000, -7.698
36.52, -0.8000, -7.258
36.53, -0.8000, -6.820
36.54, -0.8000, -6.995
36.55, -0.8000, -7.175
36.56, -0.8000, -7.653
36.57, -0.8000, -6.935
36.58, -0.8000, -7.112
36.59, -0.8000, -6.204
36.60, -0.8000, -6.757
36.61, -0.8000, -7.473
36.62, -0.8000, -7.731
36.63, -0.8000, -7.854
36.64, -0.8000, -7.830
36.65, -0.8000, -7.469
36.66, -0.8000, -7.593
36.67, -0.8000, -7.188
36.68, -0.8000, -7.138
36.69, -0.8000, -7.903
36.70, -0.8000, -8.075
36.71, -0.8000, -8.202
36.72, -0.8000, -8.348
36.73, -0.8000, -8.054
36.74, -0.8000, -7.499
36.75, -0.8000, -7.604
36.76, -0.8000, -7.733
36.77, -0.8000, -8.012
36.78, -0.8000, -7.293
36.79, -0.8000, -8.485
36.80, -0.8000, -7.073
36.81, -0.8000, -8.096
36.82, -0.8000, -8.317
36.83, -0.8000, -8.530
36.84, -0.8000, -9.115
36.85, -0.8000, -6.950
36.86, -0.8000, -7.449
36.87, -0.8000, -7.711
36.88, -0.8000, -7.128
36.89, -0.8000, -7.537
36.90, -0.8000, -7.615
36.91, -0.8000, -7.867
36.92, -0.8000, -7.304
36.93, -0.8000, -7.269
36.94, -0.8000, -8.018
36.95, -0.8000, -9.161
36.96, -0.8000, -8.095
36.97, -0.8000, -8.326
36.98, -0.8000, -7.916
36.99, -0.8000, -7.124
37.00, -0.8000, -8.337
37.01, -0.8000, -8.231
37.02, -0.8000, -8.280
37.03, -0.8000, -6.723
37.04, -0.8000, -7.868
37.05, -0.8000, -8.218
37.06, -0.8000, -7.386
37.07, -0.8000, -7.637
37.08, -0.8000, -7.990
37.09, -0.8000, -8.681
37.10, -0.8000, -7.750
37.11, -0.8000, -9.820
37.12, -0.8000, -8.222
37.13, -0.8000, -8.231
37.14, -0.8000, -7.450
37.15, -0.8000, -7.604
37.16, -0.8000, -7.624
37.17, -0.8000, -7.706
37.18, -0.8000, -6.452
37.19, -0.8000, -7.591
37.20, -0.8000, -7.698
37.21, -0.8000, -7.417
37.22, -0.8000, -7.524
37.23, -0.8000, -7.191
37.24, -0.8000, -6.854
37.25, -0.8000, -7.878
37.26, -0.8000, -7.200
37.27, -0.8000, -7.962
37.28, -0.8000, -7.889
37.29, -0.8000, -6.449
37.30, -0.8000, -7.896
37.31, -0.8000, -7.045
37.32, -0.8000, -7.185
37.33, -0.8000, -7.827
37.34, -0.8000, -7.484
37.35, -0.8000, -7.458
37.36, -0.8000, -7.730
37.37, -0.8000, -8.040
37.38, -0.8000, -8.812
37.39, -0.8000, -8.253
37.40, -0.8000, -7.839
37.41, -0.8000, -8.640
37.42, -0.8000, -8.489
37.43, -0.8000, -7.447
37.44, -0.8000, -7.494
37.45, -0.8000, -7.270
37.46, -0.8000, -8.064
37.47, -0.8000, -7.847
37.48, -0.8000, -7.542
37.49, -0.8000, -7.937
37.50, -0.8000, -7.378
37.51, -0.8000, -6.665
37.52, -0.8000, -6.908
37.53, -0.8000, -6.317
37.54, -0.8000, -6.420
37.55, -0.8000, -7.801
37.56, -0.8000, -8.262
37.57, -0.8000, -8.144
37.58, -0.8000, -7.637
37.59, -0.8000, -8.701
37.60, -0.8000, -6.920
37.61, -0.8000, -7.371
37.62, -0.8000, -7.810
37.63, -0.8000, -7.851
37.64, -0.8000, -8.444
37.65, -0.8000, -8.018
37.66, -0.8000, -7.586
37.67, -0.8000, -7.316
37.68, -0.8000, -8.418
37.69, -0.8000, -7.952
37.70, -0.8000, -7.940
37.71, -0.8000, -7.660
37.72, -0.8000, -7.658
37.73, -0.8000, -6.949
37.74, -0.8000, -8.167
37.75, -0.8000, -8.623
37.76, -0.8000, -7.879
37.77, -0.8000, -6.876
37.78, -0.8000, -8.140
37.79, -0.8000, -8.031
37.80, -0.8000, -8.609
37.81, -0.8000, -7.964
37.82, -0.8000, -7.894
37.83, -0.8000, -7.483
37.84, -0.8000, -7.759
37.85, -0.8000, -7.337
37.86, -0.8000, -8.513
37.87, -0.8000, -7.615
37.88, -0.8000, -7.964
37.89, -0.8000, -6.946
37.90, -0.8000, -7.624
37.91, -0.8000, -7.310
37.92, -0.8000, -7.051
37.93, -0.8000, -8.440
37.94, -0.8000, -9.207
37.95, -0.8000, -8.811
37.96, -0.8000, -7.112
37.97, -0.8000, -6.728
37.98, -0.8000, -7.757
37.99, -0.8000, -6.771
38.00, -0.8000, -7.684
38.01, -0.8000, -8.323
38.02, -0.8000, -7.084
38.03, -0.8000, -8.621
38.04, -0.8000, -7.897
38.05, -0.8000, -7.771
38.06, -0.8000, -8.631
38.07, -0.8000, -7.172
38.08, -0.8000, -8.003
38.09, -0.8000, -8.283
38.10, -0.8000, -7.650
38.11, -0.8000, -8.275
38.12, -0.8000, -7.511
38.13, -0.8000, -7.395
38.14, -0.8000, -7.747
38.15, -0.8000, -6.611
38.16, -0.8000, -6.978
38.17, -0.8000, -6.399
38.18, -0.8000, -6.725
38.19, -0.8000, -8.092
38.20, -0.8000, -7.671
38.21, -0.8000, -7.220
38.22, -0.8000, -8.663
38.23, -0.8000, -7.170
38.24, -0.8000, -7.301
38.25, -0.8000, -7.392
38.26, -0.8000, -7.353
38.27, -0.8000, -8.416
38.28, -0.8000, -7.137
38.29, -0.8000, -7.586
38.30, -0.8000, -7.714
38.31, -0.8000, -8.430
38.32, -0.8000, -7.035
38.33, -0.8000, -7.986
38.34, -0.8000, -7.886
38.35, -0.8000, -8.284
38.36, -0.8000, -7.167
38.37, -0.8000, -7.893
38.38, -0.8000, -9.078
38.39, -0.8000, -8.058
38.40, -0.8000, -8.253
38.41, -0.8000, -6.779
38.42, -0.8000, -7.823
38.43, -0.8000, -7.410
38.44, -0.8000, -7.733
38.45, -0.8000, -7.455
38.46, -0.8000, -7.839
38.47, -0.8000, -7.582
38.48, -0.8000, -7.386
38.49, -0.8000, -8.313
38.50, -0.8000, -7.895
38.51, -0.8000, -7.151
38.52, -0.8000, -7.357
38.53, -0.8000, -8.134
38.54, -0.8000, -8.182
38.55, -0.8000, -7.775
38.56, -0.8000, -7.250
38.57, -0.8000, -7.918
38.58, -0.8000, -7.007
38.59, -0.8000, -7.814
38.60, -0.8000, -7.194
38.61, -0.8000, -7.685
38.62, -0.8000, -8.335
38.63, -0.8000, -7.923
38.64, -0.8000, -8.192
38.65, -0.8000, -8.362
38.66, -0.8000, -7.947
38.67, -0.8000, -7.324
38.68, -0.8000, -8.364
38.69, -0.8000, -8.730
38.70, -0.8000, -8.355
38.71, -0.8000, -7.436
38.72, -0.8000, -7.776
38.73, -0.8000, -7.023
38.74, -0.8000, -7.612
38.75, -0.8000, -8.423
38.76, -0.8000, -6.298
38.77, -0.8000, -9.131
38.78, -0.8000, -6.324
38.79, -0.8000, -7.122
38.80, -0.8000, -8.206
38.81, -0.8000, -7.743
38.82, -0.8000, -8.622
38.83, -0.8000, -7.679
38.84, -0.8000, -7.868
38.85, -0.8000, -8.074
38.86, -0.8000, -8.642
38.87, -0.8000, -7.388
38.88, -0.8000, -7.662
38.89, -0.8000, -8.374
38.90, -0.8000, -7.602
38.91, -0.8000, -8.019
38.92, -0.8000, -7.890
38.93, -0.8000, -8.054
38.94, -0.8000, -6.858
38.95, -0.8000, -7.738
38.96, -0.8000, -8.452
38.97, -0.8000, -7.131
38.98, -0.8000, -8.199
38.99, -0.8000, -8.339
39.00, -0.8000, -7.054
39.01, -0.8000, -8.213
39.02, -0.8000, -9.180
39.03, -0.8000, -7.645
39.04, -0.8000, -8.322
39.05, -0.8000, -8.517
39.06, -0.8000, -9.322
39.07, -0.8000, -8.109
39.08, -0.8000, -7.864
39.09, -0.8000, -7.982
39.10, -0.8000, -7.843
39.11, -0.8000, -7.267
39.12, -0.8000, -7.067
39.13, -0.8000, -8.191
39.14, -0.8000, -8.142
39.15, -0.8000, -9.075
39.16, -0.8000, -7.319
39.17, -0.8000, -8.094
39.18, -0.8000, -8.105
39.19, -0.8000, -6.451
39.20, -0.8000, -8.737
39.21, -0.8000, -7.529
39.22, -0.8000, -7.826
39.23, -0.8000, -7.479
39.24, -0.8000, -8.178
39.25, -0.8000, -7.631
39.26, -0.8000, -7.691
39.27, -0.8000, -7.714
39.28, -0.8000, -8.302
39.29, -0.8000, -7.712
39.30, -0.8000, -8.184
39.31, -0.8000, -7.905
39.32, -0.8000, -7.267
39.33, -0.8000, -8.433
39.34, -0.8000, -7.501
39.35, -0.8000, -7.335
39.36, -0.8000, -7.659
39.37, -0.8000, -9.276
39.38, -0.8000, -8.787
39.39, -0.8000, -8.202
39.40, -0.8000, -7.059
39.41, -0.8000, -7.723
39.42, -0.8000, -7.737
39.43, -0.8000, -8.538
39.44, -0.8000, -7.931
39.45, -0.8000, -7.978
39.46, -0.8000, -8.466
39.47, -0.8000, -7.469
39.48, -0.8000, -7.716
39.49, -0.8000, -8.650
39.50, -0.8000, -7.878
39.51, -0.8000, -8.072
39.52, -0.8000, -7.668
39.53, -0.8000, -8.093
39.54, -0.8000, -7.345
39.55, -0.8000, -8.231
39.56, -0.8000, -7.824
39.57, -0.8000, -7.745
39.58, -0.8000, -7.090
39.59, -0.8000, -7.496
39.60, -0.8000, -8.550
39.61, -0.8000, -8.242
39.62, -0.8000, -7.585
39.63, -0.8000, -8.218
39.64, -0.8000, -6.852
39.65, -0.8000, -8.037
39.66, -0.8000, -7.310
39.67, -0.8000, -8.430
39.68, -0.8000, -8.492
39.69, -0.8000, -8.211
39.70, -0.8000, -7.027
39.71, -0.8000, -7.453
39.72, -0.8000, -8.165
39.73, -0.8000, -8.094
39.74, -0.8000, -7.126
39.75, -0.8000, -8.086
39.76, -0.8000, -7.200
39.77, -0.8000, -8.255
39.78, -0.8000, -8.487
39.79, -0.8000, -6.731
39.80, -0.8000, -7.254
39.81, -0.8000, -7.737
39.82, -0.8000, -7.477
39.83, -0.8000, -8.021
39.84, -0.8000, -7.960
39.85, -0.8000, -6.910
39.86, -0.8000, -7.418
39.87, -0.8000, -8.788
39.88, -0.8000, -7.571
39.89, -0.8000, -7.646
39.90, -0.8000, -8.347
39.91, -0.8000, -7.437
39.92, -0.8000, -7.411
39.93, -0.8000, -7.554
39.94, -0.8000, -7.914
39.95, -0.8000, -6.033
39.96, -0.8000, -6.730
39.97, -0.8000, -7.069
39.98, -0.8000, -9.483
39.99, -0.8000, -7.957
40.00, -0.8000, -7.909
40.01, -0.8000, -7.637
40.02, -0.8000, -8.662
40.03, -0.8000, -6.961
40.04, -0.8000, -7.614
40.05, -0.8000, -7.096
40.06, -0.8000, -7.503
40.07, -0.8000, -6.628
40.08, -0.8000, -7.566
40.09, -0.8000, -7.928
40.10, -0.8000, -8.486
40.11, -0.8000, -7.181
40.12, -0.8000, -7.680
40.13, -0.8000, -8.122
40.14, -0.8000, -7.421
40.15, -0.8000, -8.045
40.16, -0.8000, -8.264
40.17, -0.8000, -9.077
40.18, -0.8000, -8.264
40.19, -0.8000, -7.409
40.20, -0.8000, -8.190
40.21, -0.8000, -8.334
40.22, -0.8000, -8.116
40.23, -0.8000, -7.690
40.24, -0.8000, -7.363
40.25, -0.8000, -7.826
40.26, -0.8000, -8.852
40.27, -0.8000, -7.814
40.28, -0.8000, -8.124
40.29, -0.8000, -7.147
40.30, -0.8000, -8.413
40.31, -0.8000, -7.967
40.32, -0.8000, -7.401
40.33, -0.8000, -7.951
40.34, -0.8000, -8.127
40.35, -0.8000, -7.014
40.36, -0.8000, -7.584
40.37, -0.8000, -6.784
40.38, -0.8000, -8.601
40.39, -0.8000, -8.158
40.40, -0.8000, -8.530
40.41, -0.8000, -7.247
40.42, -0.8000, -8.357
40.43, -0.8000, -7.134
40.44, -0.8000, -8.440
40.45, -0.8000, -7.283
40.46, -0.8000, -8.329
40.47, -0.8000, -8.478
40.48, -0.8000, -7.400
40.49, -0.8000, -7.769
40.50, -0.8000, -8.365
40.51, -0.8000, -7.364
40.52, -0.8000, -8.076
40.53, -0.8000, -7.297
40.54, -0.8000, -8.226
40.55, -0.8000, -7.212
40.56, -0.8000, -7.493
40.57, -0.8000, -6.582
40.58, -0.8000, -8.010
40.59, -0.8000, -7.501
40.60, -0.8000, -7.545
40.61, -0.8000, -7.525
40.62, -0.8000, -8.396
40.63, -0.8000, -7.779
40.64, -0.8000, -7.922
40.65, -0.8000, -7.595
40.66, -0.8000, -7.344
40.67, -0.8000, -7.828
40.68, -0.8000, -7.421
40.69, -0.8000, -7.131
40.70, -0.8000, -6.923
40.71, -0.8000, -7.638
40.72, -0.8000, -7.584
40.73, -0.8000, -7.539
40.74, -0.8000, -8.487
40.75, -0.8000, -7.045
40.76, -0.8000, -7.306
40.77, -0.8000, -6.861
40.78, -0.8000, -8.207
40.79, -0.8000, -7.067
40.80, -0.8000, -8.180
40.81, -0.8000, -7.752
40.82, -0.8000, -7.558
40.83, -0.8000, -7.835
40.84, -0.8000, -7.298
40.85, -0.8000, -7.964
40.86, -0.8000, -7.010
40.87, -0.8000, -7.637
40.88, -0.8000, -7.839
40.89, -0.8000, -7.708
40.90, -0.8000, -7.306
40.91, -0.8000, -8.657
40.92, -0.8000, -7.287
40.93, -0.8000, -8.371
40.94, -0.8000, -7.736
40.95, -0.8000, -6.863
40.96, -0.8000, -7.956
40.97, -0.8000, -8.155
40.98, -0.8000, -7.175
40.99, -0.8000, -7.573
41.00, -0.8000, -8.568
41.01, -0.8000, -6.250
41.02, -0.8000, -6.922
41.03, -0.8000, -7.122
41.04, -0.8000, -7.282
41.05, -0.8000, -7.327
41.06, -0.8000, -7.020
41.07, -0.8000, -7.992
41.08, -0.8000, -7.730
41.09, -0.8000, -9.591
41.10, -0.8000, -7.368
41.11, -0.8000, -7.577
41.12, -0.8000, -7.656
41.13, -0.8000, -8.104
41.14, -0.8000, -7.940
41.15, -0.8000, -7.725
41.16, -0.8000, -8.542
41.17, -0.8000, -8.045
41.18, -0.8000, -7.472
41.19, -0.8000, -7.499
41.20, -0.8000, -7.480
41.21, -0.8000, -8.257
41.22, -0.8000, -7.738
41.23, -0.8000, -7.818
41.24, -0.8000, -6.937
41.25, -0.8000, -7.626
41.26, -0.8000, -8.059
41.27, -0.8000, -7.009
41.28, -0.8000, -8.305
41.29, -0.8000, -7.865
41.30, -0.8000, -7.757
41.31, -0.8000, -7.237
41.32, -0.8000, -7.523
41.33, -0.8000, -7.760
41.34, -0.8000, -8.407
41.35, -0.8000, -7.233
41.36, -0.8000, -6.644
41.37, -0.8000, -7.965
41.38, -0.8000, -7.955
41.39, -0.8000, -7.723
41.40, -0.8000, -7.698
41.41, -0.8000, -7.508
41.42, -0.8000, -7.083
41.43, -0.8000, -7.569
41.44, -0.8000, -7.880
41.45, -0.8000, -7.725
41.46, -0.8000, -8.345
41.47, -0.8000, -7.716
41.48, -0.8000, -8.508
41.49, -0.8000, -6.883
41.50, -0.8000, -7.806
41.51, -0.8000, -7.501
41.52, -0.8000, -7.608
41.53, -0.8000, -7.907
41.54, -0.8000, -8.093
41.55, -0.8000, -8.115
41.56, -0.8000, -6.294
41.57, -0.8000, -7.742
41.58, -0.8000, -7.988
41.59, -0.8000, -8.271
41.60, -0.8000, -7.251
41.61, -0.8000, -7.835
41.62, -0.8000, -7.404
41.63, -0.8000, -8.158
41.64, -0.8000, -7.703
41.65, -0.8000, -7.069
41.66, -0.8000, -8.778
41.67, -0.8000, -7.895
41.68, -0.8000, -8.176
41.69, -0.8000, -7.655
41.70, -0.8000, -6.877
41.71, -0.8000, -6.822
41.72, -0.8000, -7.439
41.73, -0.8000, -9.164
41.74, -0.8000, -7.041
41.75, -0.8000, -8.267
41.76, -0.8000, -6.897
41.77, -0.8000, -7.172
41.78, -0.8000, -7.520
41.79, -0.8000, -7.337
41.80, -0.8000, -8.561
41.81, -0.8000, -7.039
41.82, -0.8000, -6.941
41.83, -0.8000, -7.761
41.84, -0.8000, -9.102
41.85, -0.8000, -7.403
41.86, -0.8000, -7.908
41.87, -0.8000, -8.086
41.88, -0.8000, -7.322
41.89, -0.8000, -8.487
41.90, -0.8000, -8.143
41.91, -0.8000, -8.650
41.92, -0.8000, -8.498
41.93, -0.8000, -7.754
41.94, -0.8000, -7.813
41.95, -0.8000, -7.565
41.96, -0.8000, -7.214
41.97, -0.8000, -7.425
41.98, -0.8000, -7.067
41.99, -0.8000, -7.016
42.00, -0.8000, -7.503
42.01, -0.8000, -7.529
42.02, -0.8000, -8.733
42.03, -0.8000, -8.031
42.04, -0.8000, -7.486
42.05, -0.8000, -8.128
42.06, -0.8000, -7.808
42.07, -0.8000, -8.052
42.08, -0.8000, -8.368
42.09, -0.8000, -7.749
42.10, -0.8000, -7.683
42.11, -0.8000, -7.048
42.12, -0.8000, -6.776
42.13, -0.8000, -7.901
42.14, -0.8000, -8.087
42.15, -0.8000, -7.387
42.16, -0.8000, -7.452
42.17, -0.8000, -7.548
42.18, -0.8000, -7.701
42.19, -0.8000, -8.339
42.20, -0.8000, -7.560
42.21, -0.8000, -7.584
42.22, -0.8000, -8.493
42.23, -0.8000, -8.097
42.24, -0.8000, -8.034
42.25, -0.8000, -7.406
42.26, -0.8000, -8.202
42.27, -0.8000, -7.509
42.28, -0.8000, -8.155
42.29, -0.8000, -7.188
42.30, -0.8000, -8.083
42.31, -0.8000, -7.203
42.32, -0.8000, -8.839
42.33, -0.8000, -7.320
42.34, -0.8000, -8.190
42.35, -0.8000, -7.389
42.36, -0.8000, -7.817
42.37, -0.8000, -7.522
42.38, -0.8000, -8.697
42.39, -0.8000, -7.238
42.40, -0.8000, -7.142
42.41, -0.8000, -7.542
42.42, -0.8000, -7.126
42.43, -0.8000, -7.641
42.44, -0.8000, -7.734
42.45, -0.8000, -7.709
42.46, -0.8000, -7.203
42.47, -0.8000, -7.810
42.48, -0.8000, -6.928
42.49, -0.8000, -7.690
42.50, -0.8000, -7.108
42.51, -0.8000, -7.791
42.52, -0.8000, -7.437
42.53, -0.8000, -7.941
42.54, -0.8000, -8.165
42.55, -0.8000, -8.149
42.56, -0.8000, -9.105
42.57, -0.8000, -7.993
42.58, -0.8000, -7.741
42.59, -0.8000, -7.681
42.60, -0.8000, -7.157
42.61, -0.8000, -7.978
42.62, -0.8000, -7.353
42.63, -0.8000, -7.817
42.64, -0.8000, -7.438
42.65, -0.8000, -7.515
42.66, -0.8000, -8.683
42.67, -0.8000, -8.193
42.68, -0.8000, -7.261
42.69, -0.8000, -7.224
42.70, -0.8000, -7.017
42.71, -0.8000, -8.099
42.72, -0.8000, -7.320
42.73, -0.8000, -8.557
42.74, -0.8000, -7.703
42.75, -0.8000, -8.816
42.76, -0.8000, -7.874
42.77, -0.8000, -7.598
42.78, -0.8000, -7.938
42.79, -0.8000, -7.266
42.80, -0.8000, -7.199
42.81, -0.8000, -8.509
42.82, -0.8000, -7.685
42.83, -0.8000, -7.207
42.84, -0.8000, -7.955
42.85, -0.8000, -8.299
42.86, -0.8000, -8.282
42.87, -0.8000, -8.247
42.88, -0.8000, -7.291
42.89, -0.8000, -7.979
42.90, -0.8000, -7.368
42.91, -0.8000, -7.918
42.92, -0.8000, -7.572
42.93, -0.8000, -8.008
42.94, -0.8000, -7.973
42.95, -0.8000, -7.505
42.96, -0.8000, -6.907
42.97, -0.8000, -7.696
42.98, -0.8000, -8.152
42.99, -0.8000, -8.184
43.00, -0.8000, -7.049
43.01, -0.8000, -7.084
43.02, -0.8000, -7.754
43.03, -0.8000, -6.658
43.04, -0.8000, -7.890
43.05, -0.8000, -7.663
43.06, -0.8000, -7.486
43.07, -0.8000, -8.428
43.08, -0.8000, -8.223
43.09, -0.8000, -9.003
43.10, -0.8000, -9.113
43.11, -0.8000, -8.583
43.12, -0.8000, -8.951
43.13, -0.8000, -8.068
43.14, -0.8000, -8.096
43.15, -0.8000, -7.277
43.16, -0.8000, -7.324
43.17, -0.8000, -6.753
43.18, -0.8000, -7.173
43.19, -0.8000, -8.601
43.20, -0.8000, -8.078
43.21, -0.8000, -7.360
43.22, -0.8000, -6.716
43.23, -0.8000, -8.162
43.24, -0.8000, -7.172
43.25, -0.8000, -7.755
43.26, -0.8000, -7.097
43.27, -0.8000, -8.477
43.28, -0.8000, -9.135
43.29, -0.8000, -7.486
43.30, -0.8000, -7.770
43.31, -0.8000, -8.259
43.32, -0.8000, -7.249
43.33, -0.8000, -9.518
43.34, -0.8000, -8.401
43.35, -0.8000, -7.686
43.36, -0.8000, -8.025
43.37, -0.8000, -7.548
43.38, -0.8000, -8.374
43.39, -0.8000, -8.194
43.40, -0.8000, -7.924
43.41, -0.8000, -7.358
43.42, -0.8000, -7.881
43.43, -0.8000, -7.242
43.44, -0.8000, -7.558
43.45, -0.8000, -8.002
43.46, -0.8000, -6.827
43.47, -0.8000, -6.914
43.48, -0.8000, -7.017
43.49, -0.8000, -8.590
43.50, -0.8000, -6.825
43.51, -0.8000, -7.872
43.52, -0.8000, -8.476
43.53, -0.8000, -7.626
43.54, -0.8000, -8.507
43.55, -0.8000, -7.916
43.56, -0.8000, -9.159
43.57, -0.8000, -8.563
43.58, -0.8000, -7.278
43.59, -0.8000, -8.281
43.60, -0.8000, -7.980
43.61, -0.8000, -7.915
43.62, -0.8000, -7.736
43.63, -0.8000, -7.301
43.64, -0.8000, -6.689
43.65, -0.8000, -8.366
43.66, -0.8000, -8.027
43.67, -0.8000, -7.478
43.68, -0.8000, -7.173
43.69, -0.8000, -6.829
43.70, -0.8000, -7.436
43.71, -0.8000, -7.678
43.72, -0.8000, -7.157
43.73, -0.8000, -8.362
43.74, -0.8000, -8.138
43.75, -0.8000, -8.153
43.76, -0.8000, -8.088
43.77, -0.8000, -7.231
43.78, -0.8000, -8.126
43.79, -0.8000, -8.127
43.80, -0.8000, -8.803
43.81, -0.8000, -7.731
43.82, -0.8000, -8.102
43.83, -0.8000, -7.688
43.84, -0.8000, -7.372
43.85, -0.8000, -7.309
43.86, -0.8000, -6.995
43.87, -0.8000, -8.595
43.88, -0.8000, -8.399
43.89, -0.8000, -8.148
43.90, -0.8000, -7.967
43.91, -0.8000, -8.480
43.92, -0.8000, -8.167
43.93, -0.8000, -7.621
43.94, -0.8000, -8.041
43.95, -0.8000, -6.918
43.96, -0.8000, -6.191
43.97, -0.8000, -8.678
43.98, -0.8000, -7.184
43.99, -0.8000, -6.990
44.00, -0.8000, -7.271
44.01, -0.8000, -8.427
44.02, -0.8000, -7.111
44.03, -0.8000, -7.365
44.04, -0.8000, -9.363
44.05, -0.8000, -8.493
44.06, -0.8000, -7.620
44.07, -0.8000, -8.215
44.08, -0.8000, -7.530
44.09, -0.8000, -8.162
44.10, -0.8000, -7.883
44.11, -0.8000, -7.714
44.12, -0.8000, -7.706
44.13, -0.8000, -7.049
44.14, -0.8000, -8.124
44.15, -0.8000, -7.673
44.16, -0.8000, -8.254
44.17, -0.8000, -6.867
44.18, -0.8000, -7.115
44.19, -0.8000, -7.746
44.20, -0.8000, -7.852
44.21, -0.8000, -9.016
44.22, -0.8000, -7.604
44.23, -0.8000, -9.148
44.24, -0.8000, -8.734
44.25, -0.8000, -8.620
44.26, -0.8000, -7.178
44.27, -0.8000, -7.170
44.28, -0.8000, -8.221
44.29, -0.8000, -7.984
44.30, -0.8000, -7.474
44.31, -0.8000, -8.950
44.32, -0.8000, -7.475
44.33, -0.8000, -7.284
44.34, -0.8000, -7.141
44.35, -0.8000, -7.134
44.36, -0.8000, -6.361
44.37, -0.8000, -7.998
44.38, -0.8000, -6.855
44.39, -0.8000, -7.346
44.40, -0.8000, -7.863
44.41, -0.8000, -7.178
44.42, -0.8000, -6.522
44.43, -0.8000, -6.725
44.44, -0.8000, -7.963
44.45, -0.8000, -9.242
44.46, -0.8000, -8.696
44.47, -0.8000, -7.609
44.48, -0.8000, -7.919
44.49, -0.8000, -8.333
44.50, -0.8000, -8.761
44.51, -0.8000, -8.666
44.52, -0.8000, -8.140
44.53, -0.8000, -7.536
44.54, -0.8000, -7.202
44.55, -0.8000, -8.179
44.56, -0.8000, -7.702
44.57, -0.8000, -8.655
44.58, -0.8000, -7.284
44.59, -0.8000, -7.208
44.60, -0.8000, -8.084
44.61, -0.8000, -8.542
44.62, -0.8000, -7.966
44.63, -0.8000, -7.698
44.64, -0.8000, -6.664
44.65, -0.8000, -7.612
44.66, -0.8000, -7.666
44.67, -0.8000, -7.099
44.68, -0.8000, -7.050
44.69, -0.8000, -8.245
44.70, -0.8000, -8.303
44.71, -0.8000, -6.910
44.72, -0.8000, -7.134
44.73, -0.8000, -7.063
44.74, -0.8000, -7.645
44.75, -0.8000, -8.569
44.76, -0.8000, -7.224
44.77, -0.8000, -6.882
44.78, -0.8000, -7.395
44.79, -0.8000, -7.570
44.80, -0.8000, -8.107
44.81, -0.8000, -8.617
44.82, -0.8000, -8.390
44.83, -0.8000, -7.896
44.84, -0.8000, -7.390
44.85, -0.8000, -7.499
44.86, -0.8000, -6.917
44.87, -0.8000, -7.627
44.88, -0.8000, -7.364
44.89, -0.8000, -7.987
44.90, -0.8000, -7.428
44.91, -0.8000, -7.075
44.92, -0.8000, -7.418
44.93, -0.8000, -8.067
44.94, -0.8000, -9.376
44.95, -0.8000, -7.762
44.96, -0.8000, -7.843
44.97, -0.8000, -7.618
44.98, -0.8000, -7.879
44.99, -0.8000, -8.779
45.00, 0.000, -7.549
45.01, 0.001000, 69.63
45.02, 0.002000, 30.70
45.03, 0.003000, 20.60
45.04, 0.004000, 14.20
45.05, 0.005000, 11.82
45.06, 0.006000, 9.871
45.07, 0.007000, 7.799
45.08, 0.008000, 7.436
45.09, 0.009000, 5.173
45.10, 0.01000, 3.973
45.11, 0.01100, 4.800
45.12, 0.01200, 2.659
45.13, 0.01300, 2.258
45.14, 0.01400, 3.538
45.15, 0.01500, 1.983
45.16, 0.01600, 2.795
45.17, 0.01700, 0.4068
45.18, 0.01800, 1.364
45.19, 0.01900, 1.266
45.20, 0.02000, 1.794
45.21, 0.02100, 0.9457
45.22, 0.02200, 0.7387
45.23, 0.02300, 0.8837
45.24, 0.02400, 0.1610
45.25, 0.02500, -0.2976
45.26, 0.02600, 1.376
45.27, 0.02700, 1.013
45.28, 0.02800, 0.9255
45.29, 0.02900, 0.1623
45.30, 0.03000, 1.054
45.31, 0.03100, 0.07678
45.32, 0.03200, -0.2260
45.33, 0.03300, 2.003
45.34, 0.03400, 1.523
45.35, 0.03500, 0.5688
45.36, 0.03600, -1.460
45.37, 0.03700, 1.236
45.38, 0.03800, -0.5849
45.39, 0.03900, -1.734
45.40, 0.04000, -0.2213
45.41, 0.04100, -2.046
45.42, 0.04200, -0.9510
45.43, 0.04300, -0.4419
45.44, 0.04400, -0.7982
45.45, 0.04500, -2.617
45.46, 0.04600, -1.491
45.47, 0.04700, -1.000
45.48, 0.04800, -0.2969
45.49, 0.04900, -3.187
45.50, 0.05000, -0.3020
45.51, 0.05100, -2.932
45.52, 0.05200, -2.851
45.53, 0.05300, -2.385
45.54, 0.05400, -0.7449
45.55, 0.05500, -2.841
45.56, 0.05600, -2.625
45.57, 0.05700, -1.139
45.58, 0.05800, -2.728
45.59, 0.05900, -1.652
45.60, 0.06000, -2.765
45.61, 0.06100, -2.296
45.62, 0.06200, -2.077
45.63, 0.06300, -1.523
45.64, 0.06400, -2.056
45.65, 0.06500, -2.668
45.66, 0.06600, -1.705
45.67, 0.06700, -0.5788
45.68, 0.06800, -0.3750
45.69, 0.06900, -0.9800
45.70, 0.07000, -0.3065
45.71, 0.07100, -1.535
45.72, 0.07200, 0.5369
45.73, 0.07300, -1.285
45.74, 0.07400, -2.136
45.75, 0.07500, -1.687
45.76, 0.07600, -2.107
45.77, 0.07700, -1.693
45.78, 0.07800, -1.204
45.79, 0.07900, -2.355
45.80, 0.08000, -1.481
45.81, 0.08100, -2.297
45.82, 0.08200, -2.204
45.83, 0.08300, -1.923
45.84, 0.08400, -1.955
45.85, 0.08500, -2.119
45.86, 0.08600, -1.402
45.87, 0.08700, -1.828
45.88, 0.08800, -1.507
45.89, 0.08900, -1.031
45.90, 0.09000, -1.676
45.91, 0.09100, -2.268
45.92, 0.09200, -0.5493
45.93, 0.09300, -0.05510
45.94, 0.09400, -3.098
45.95, 0.09500, -1.264
45.96, 0.09600, 0.1597
45.97, 0.09700, -0.8736
45.98, 0.09800, -0.2735
45.99, 0.09900, -1.106
46.00, 0.1000, -3.526
46.01, 0.1010, -2.588
46.02, 0.1020, -0.5293
46.03, 0.1030, -2.791
46.04, 0.1040, -1.737
46.05, 0.1050, -1.596
46.06, 0.1060, -0.4600
46.07, 0.1070, -1.203
46.08, 0.1080, -0.8294
46.09, 0.1090, -2.531
46.10, 0.1100, -0.8883
46.11, 0.1110, -0.9992
46.12, 0.1120, -1.769
46.13, 0.1130, 0.5664
46.14, 0.1140, -0.8415
46.15, 0.1150, -0.1010
46.16, 0.1160, 0.2343
46.17, 0.1170, -0.7257
46.18, 0.1180, -1.266
46.19, 0.1190, -0.3220
46.20, 0.1200, -0.7092
46.21, 0.1210, -1.336
46.22, 0.1220, -2.452
46.23, 0.1230, -2.338
46.24, 0.1240, -1.797
46.25, 0.1250, -1.039
46.26, 0.1260, -0.09163
46.27, 0.1270, -1.308
46.28, 0.1280, -0.9060
46.29, 0.1290, -1.556
46.30, 0.1300, -1.105
46.31, 0.1310, 0.6289
46.32, 0.1320, -0.1963
46.33, 0.1330, 0.02048
46.34, 0.1340, 0.1329
46.35, 0.1350, -0.2844
46.36, 0.1360, -1.708
46.37, 0.1370, -0.3327
46.38, 0.1380, -1.844
46.39, 0.1390, -1.814
46.40, 0.1400, 0.3649
46.41, 0.1410, 0.1758
46.42, 0.1420, -2.388
46.43, 0.1430, -0.9279
46.44, 0.1440, -1.603
46.45, 0.1450, -0.7811
46.46, 0.1460, -0.09324
46.47, 0.1470, -0.3560
46.48, 0.1480, -0.3292
46.49, 0.1490, 0.06324
46.50, 0.1500, 1.215
46.51, 0.1510, -0.8804
46.52, 0.1520, -0.3580
46.53, 0.1530, -0.9655
46.54, 0.1540, -0.07896
46.55, 0.1550, 0.9608
46.56, 0.1560, 1.096
46.57, 0.1570, 0.2202
46.58, 0.1580, -0.2351
46.59, 0.1590, 0.7851
46.60, 0.1600, 0.08838
46.61, 0.1610, 0.4195
46.62, 0.1620, 0.04501
46.63, 0.1630, 0.9648
46.64, 0.1640, 0.6901
46.65, 0.1650, 0.2259
46.66, 0.1660, 0.7316
46.67, 0.1670, -0.4087
46.68, 0.1680, -0.07859
46.69, 0.1690, 0.4474
46.70, 0.1700, -0.9771
46.71, 0.1710, 0.09787
46.72, 0.1720, 1.373
46.73, 0.1730, 1.216
46.74, 0.1740, 0.3918
46.75, 0.1750, -0.5092
46.76, 0.1760, 1.332
46.77, 0.1770, 1.522
46.78, 0.1780, 1.265
46.79, 0.1790, 0.01029
46.80, 0.1800, 0.1958
46.81, 0.1810, 0.2270
46.82, 0.1820, 2.049
46.83, 0.1830, 2.246
46.84, 0.1840, 0.8224
46.85, 0.1850, 1.813
46.86, 0.1860, 1.339
46.87, 0.1870, 0.8172
46.88, 0.1880, 0.8535
46.89, 0.1890, 1.152
46.90, 0.1900, 0.8409
46.91, 0.1910, 2.669
46.92, 0.1920, 1.914
46.93, 0.1930, 1.545
46.94, 0.1940, 2.666
46.95, 0.1950, 3.837
46.96, 0.1960, 3.953
46.97, 0.1970, 3.548
46.98, 0.1980, 4.434
46.99, 0.1990, 3.929
47.00, 0.2000, 3.543
47.01, 0.2010, 4.090
47.02, 0.2020, 4.927
47.03, 0.2030, 6.219
47.04, 0.2040, 5.140
47.05, 0.2050, 5.817
47.06, 0.2060, 6.881
47.07, 0.2070, 6.299
47.08, 0.2080, 6.178
47.09, 0.2090, 5.872
47.10, 0.2100, 7.008
47.11, 0.2110, 7.084
47.12, 0.2120, 6.697
47.13, 0.2130, 7.082
47.14, 0.2140, 7.876
47.15, 0.2150, 8.558
47.16, 0.2160, 9.198
47.17, 0.2170, 8.736
47.18, 0.2180, 8.564
47.19, 0.2190, 9.473
47.20, 0.2200, 9.715
47.21, 0.2210, 9.700
47.22, 0.2220, 9.581
47.23, 0.2230, 10.83
47.24, 0.2240, 10.43
47.25, 0.2250, 12.07
47.26, 0.2260, 11.83
47.27, 0.2270, 12.28
47.28, 0.2280, 11.63
47.29, 0.2290, 13.13
47.30, 0.2300, 13.87
47.31, 0.2310, 12.38
47.32, 0.2320, 15.07
47.33, 0.2330, 14.31
47.34, 0.2340, 15.65
47.35, 0.2350, 15.28
47.36, 0.2360, 15.37
47.37, 0.2370, 16.42
47.38, 0.2380, 16.60
47.39, 0.2390, 17.73
47.40, 0.2400, 18.58
47.41, 0.2410, 17.48
47.42, 0.2420, 18.49
47.43, 0.2430, 19.28
47.44, 0.2440, 19.71
47.45, 0.2450, 20.37
47.46, 0.2460, 20.12
47.47, 0.2470, 19.44
47.48, 0.2480, 21.34
47.49, 0.2490, 19.92
47.50, 0.2500, 21.21
47.51, 0.2510, 17.97
47.52, 0.2520, 19.78
47.53, 0.2530, 20.38
47.54, 0.2540, 20.62
47.55, 0.2550, 20.93
47.56, 0.2560, 20.77
47.57, 0.2570, 21.09
47.58, 0.2580, 22.38
47.59, 0.2590, 20.25
47.60, 0.2600, 21.31
47.61, 0.2610, 21.61
47.62, 0.2620, 22.47
47.63, 0.2630, 21.82
47.64, 0.2640, 21.86
47.65, 0.2650, 21.42
47.66, 0.2660, 21.77
47.67, 0.2670, 19.98
47.68, 0.2680, 20.62
47.69, 0.2690, 21.51
47.70, 0.2700, 22.28
47.71, 0.2710, 21.16
47.72, 0.2720, 21.74
47.73, 0.2730, 20.91
47.74, 0.2740, 20.64
47.75, 0.2750, 20.46
47.76, 0.2760, 21.73
47.77, 0.2770, 20.45
47.78, 0.2780, 22.74
47.79, 0.2790, 21.91
47.80, 0.2800, 21.52
47.81, 0.2810, 21.41
47.82, 0.2820, 18.65
47.83, 0.2830, 20.49
47.84, 0.2840, 20.03
47.85, 0.2850, 18.64
47.86, 0.2860, 18.97
47.87, 0.2870, 18.56
47.88, 0.2880, 18.95
47.89, 0.2890, 18.71
47.90, 0.2900, 18.39
47.91, 0.2910, 19.13
47.92, 0.2920, 18.44
47.93, 0.2930, 18.53
47.94, 0.2940, 17.47
47.95, 0.2950, 18.06
47.96, 0.2960, 15.12
47.97, 0.2970, 17.48
47.98, 0.2980, 16.42
47.99, 0.2990, 17.22
48.00, 0.3000, 15.84
48.01, 0.3010, 17.17
48.02, 0.3020, 18.13
48.03, 0.3030, 15.69
48.04, 0.3040, 16.56
48.05, 0.3050, 16.83
48.06, 0.3060, 16.28
48.07, 0.3070, 16.26
48.08, 0.3080, 16.36
48.09, 0.3090, 16.22
48.10, 0.3100, 14.64
48.11, 0.3110, 15.54
48.12, 0.3120, 16.37
48.13, 0.3130, 15.84
48.14, 0.3140, 14.30
48.15, 0.3150, 14.47
48.16, 0.3160, 15.05
48.17, 0.3170, 14.23
48.18, 0.3180, 14.32
48.19, 0.3190, 13.95
48.20, 0.3200, 13.93
48.21, 0.3210, 14.53
48.22, 0.3220, 15.29
48.23, 0.3230, 14.74
48.24, 0.3240, 15.81
48.25, 0.3250, 14.10
48.26, 0.3260, 15.13
48.27, 0.3270, 14.03
48.28, 0.3280, 14.79
48.29, 0.3290, 13.51
48.30, 0.3300, 13.88
48.31, 0.3310, 14.29
48.32, 0.3320, 13.09
48.33, 0.3330, 13.04
48.34, 0.3340, 12.80
48.35, 0.3350, 11.58
48.36, 0.3360, 12.86
48.37, 0.3370, 13.02
48.38, 0.3380, 12.85
48.39, 0.3390, 12.03
48.40, 0.3400, 11.83
48.41, 0.3410, 12.47
48.42, 0.3420, 12.13
48.43, 0.3430, 11.62
48.44, 0.3440, 12.27
48.45, 0.3450, 11.96
48.46, 0.3460, 12.23
48.47, 0.3470, 11.32
48.48, 0.3480, 11.29
48.49, 0.3490, 11.01
48.50, 0.3500, 11.67
48.51, 0.3510, 12.12
48.52, 0.3520, 11.47
48.53, 0.3530, 10.90
48.54, 0.3540, 10.67
48.55, 0.3550, 10.89
48.56, 0.3560, 12.62
48.57, 0.3570, 10.91
48.58, 0.3580, 10.98
48.59, 0.3590, 11.16
48.60, 0.3600, 11.94
48.61, 0.3610, 11.85
48.62, 0.3620, 11.21
48.63, 0.3630, 12.61
48.64, 0.3640, 12.14
48.65, 0.3650, 11.86
48.66, 0.3660, 11.01
48.67, 0.3670, 10.09
48.68, 0.3680, 10.60
48.69, 0.3690, 10.22
48.70, 0.3700, 10.07
48.71, 0.3710, 9.891
48.72, 0.3720, 10.74
48.73, 0.3730, 10.23
48.74, 0.3740, 11.20
48.75, 0.3750, 10.51
48.76, 0.3760, 9.411
48.77, 0.3770, 10.63
48.78, 0.3780, 9.723
48.79, 0.3790, 10.90
48.80, 0.3800, 9.722
48.81, 0.3810, 10.65
48.82, 0.3820, 10.42
48.83, 0.3830, 9.789
48.84, 0.3840, 11.35
48.85, 0.3850, 8.832
48.86, 0.3860, 10.44
48.87, 0.3870, 10.16
48.88, 0.3880, 9.139
48.89, 0.3890, 8.878
48.90, 0.3900, 9.268
48.91, 0.3910, 7.859
48.92, 0.3920, 9.519
48.93, 0.3930, 9.935
48.94, 0.3940, 9.404
48.95, 0.3950, 9.362
48.96, 0.3960, 10.09
48.97, 0.3970, 9.670
48.98, 0.3980, 10.44
48.99, 0.3990, 9.284
49.00, 0.4000, 8.195
49.01, 0.4010, 9.498
49.02, 0.4020, 8.272
49.03, 0.4030, 9.565
49.04, 0.4040, 9.864
49.05, 0.4050, 10.48
49.06, 0.4060, 9.615
49.07, 0.4070, 9.428
49.08, 0.4080, 8.218
49.09, 0.4090, 8.936
49.10, 0.4100, 8.572
49.11, 0.4110, 8.928
49.12, 0.4120, 8.909
49.13, 0.4130, 7.958
49.14, 0.4140, 9.650
49.15, 0.4150, 7.768
49.16, 0.4160, 8.956
49.17, 0.4170, 9.080
49.18, 0.4180, 9.765
49.19, 0.4190, 8.251
49.20, 0.4200, 7.780
49.21, 0.4210, 8.555
49.22, 0.4220, 8.801
49.23, 0.4230, 8.584
49.24, 0.4240, 8.421
49.25, 0.4250, 9.006
49.26, 0.4260, 7.799
49.27, 0.4270, 7.402
49.28, 0.4280, 8.519
49.29, 0.4290, 7.217
49.30, 0.4300, 8.778
49.31, 0.4310, 6.993
49.32, 0.4320, 8.540
49.33, 0.4330, 8.493
49.34, 0.4340, 8.377
49.35, 0.4350, 7.860
49.36, 0.4360, 7.177
49.37, 0.4370, 8.000
49.38, 0.4380, 8.300
49.39, 0.4390, 7.483
49.40, 0.4400, 7.037
49.41, 0.4410, 7.721
49.42, 0.4420, 7.420
49.43, 0.4430, 9.264
49.44, 0.4440, 8.091
49.45, 0.4450, 9.110
49.46, 0.4460, 9.273
49.47, 0.4470, 9.480
49.48, 0.4480, 8.777
49.49, 0.4490, 8.335
49.50, 0.4500, 8.394
49.51, 0.4510, 7.530
49.52, 0.4520, 8.550
49.53, 0.4530, 8.233
49.54, 0.4540, 8.357
49.55, 0.4550, 8.652
49.56, 0.4560, 8.110
49.57, 0.4570, 8.205
49.58, 0.4580, 7.313
49.59, 0.4590, 6.733
49.60, 0.4600, 6.440
49.61, 0.4610, 8.547
49.62, 0.4620, 8.101
49.63, 0.4630, 7.664
49.64, 0.4640, 6.540
49.65, 0.4650, 5.468
49.66, 0.4660, 8.266
49.67, 0.4670, 6.794
49.68, 0.4680, 6.620
49.69, 0.4690, 6.617
49.70, 0.4700, 6.489
49.71, 0.4710, 8.007
49.72, 0.4720, 7.316
49.73, 0.4730, 7.865
49.74, 0.4740, 7.317
49.75, 0.4750, 7.225
49.76, 0.4760, 7.703
49.77, 0.4770, 7.735
49.78, 0.4780, 5.854
49.79, 0.4790, 6.173
49.80, 0.4800, 6.947
49.81, 0.4810, 7.293
49.82, 0.4820, 6.263
49.83, 0.4830, 6.110
49.84, 0.4840, 7.594
49.85, 0.4850, 4.776
49.86, 0.4860, 6.484
49.87, 0.4870, 6.818
49.88, 0.4880, 6.471
49.89, 0.4890, 6.138
49.90, 0.4900, 7.377
49.91, 0.4910, 7.363
49.92, 0.4920, 7.144
49.93, 0.4930, 6.572
49.94, 0.4940, 8.209
49.95, 0.4950, 7.015
49.96, 0.4960, 8.011
49.97, 0.4970, 7.468
49.98, 0.4980, 8.023
49.99, 0.4990, 7.775
50.00, 0.5000, 8.321
50.01, 0.5010, 6.995
50.02, 0.5020, 7.565
50.03, 0.5030, 6.241
50.04, 0.5040, 7.230
50.05, 0.5050, 6.274
50.06, 0.5060, 7.120
50.07, 0.5070, 6.501
50.08, 0.5080, 7.376
50.09, 0.5090, 6.970
50.10, 0.5100, 6.228
50.11, 0.5110, 6.368
50.12, 0.5120, 6.269
50.13, 0.5130, 6.040
50.14, 0.5140, 5.864
50.15, 0.5150, 6.881
50.16, 0.5160, 6.574
50.17, 0.5170, 6.466
50.18, 0.5180, 6.783
50.19, 0.5190, 6.138
50.20, 0.5200, 6.428
50.21, 0.5210, 7.297
50.22, 0.5220, 6.556
50.23, 0.5230, 7.586
50.24, 0.5240, 7.266
50.25, 0.5250, 6.752
50.26, 0.5260, 6.530
50.27, 0.5270, 7.020
50.28, 0.5280, 6.013
50.29, 0.5290, 4.832
50.30, 0.5300, 6.797
50.31, 0.5310, 7.713
50.32, 0.5320, 6.403
50.33, 0.5330, 4.921
50.34, 0.5340, 6.119
50.35, 0.5350, 6.127
50.36, 0.5360, 6.938
50.37, 0.5370, 7.986
50.38, 0.5380, 5.230
50.39, 0.5390, 6.945
50.40, 0.5400, 6.462
50.41, 0.5410, 7.740
50.42, 0.5420, 6.034
50.43, 0.5430, 6.467
50.44, 0.5440, 6.713
50.45, 0.5450, 7.589
50.46, 0.5460, 6.426
50.47, 0.5470, 6.818
50.48, 0.5480, 7.605
50.49, 0.5490, 7.602
50.50, 0.5500, 6.874
50.51, 0.5510, 5.694
50.52, 0.5520, 4.907
50.53, 0.5530, 6.611
50.54, 0.5540, 7.266
50.55, 0.5550, 5.796
50.56, 0.5560, 6.564
50.57, 0.5570, 4.697
50.58, 0.5580, 6.304
50.59, 0.5590, 4.371
50.60, 0.5600, 5.741
50.61, 0.5610, 6.663
50.62, 0.5620, 5.616
50.63, 0.5630, 6.819
50.64, 0.5640, 5.981
50.65, 0.5650, 6.037
50.66, 0.5660, 5.857
50.67, 0.5670, 6.397
50.68, 0.5680, 6.344
50.69, 0.5690, 5.887
50.70, 0.5700, 5.468
50.71, 0.5710, 7.563
50.72, 0.5720, 6.027
50.73, 0.5730, 5.700
50.74, 0.5740, 7.002
50.75, 0.5750, 5.195
50.76, 0.5760, 6.669
50.77, 0.5770, 7.124
50.78, 0.5780, 5.173
50.79, 0.5790, 5.429
50.80, 0.5800, 7.668
50.81, 0.5810, 4.067
50.82, 0.5820, 7.308
50.83, 0.5830, 6.389
50.84, 0.5840, 6.638
50.85, 0.5850, 4.999
50.86, 0.5860, 6.186
50.87, 0.5870, 5.495
50.88, 0.5880, 5.568
50.89, 0.5890, 5.040
50.90, 0.5900, 6.146
50.91, 0.5910, 6.197
50.92, 0.5920, 5.280
50.93, 0.5930, 5.512
50.94, 0.5940, 5.892
50.95, 0.5950, 7.040
50.96, 0.5960, 5.410
50.97, 0.5970, 5.995
50.98, 0.5980, 5.832
50.99, 0.5990, 4.962
51.00, 0.6000, 6.341
51.01, 0.6010, 7.013
51.02, 0.6020, 7.104
51.03, 0.6030, 5.990
51.04, 0.6040, 5.860
51.05, 0.6050, 6.857
51.06, 0.6060, 6.583
51.07, 0.6070, 4.608
51.08, 0.6080, 7.101
51.09, 0.6090, 4.746
51.10, 0.6100, 5.231
51.11, 0.6110, 5.470
51.12, 0.6120, 5.574
51.13, 0.6130, 5.722
51.14, 0.6140, 5.952
51.15, 0.6150, 6.882
51.16, 0.6160, 6.382
51.17, 0.6170, 6.475
51.18, 0.6180, 6.347
51.19, 0.6190, 6.308
51.20, 0.6200, 6.564
51.21, 0.6210, 6.046
51.22, 0.6220, 5.882
51.23, 0.6230, 4.184
51.24, 0.6240, 6.206
51.25, 0.6250, 6.418
51.26, 0.6260, 5.559
51.27, 0.6270, 6.714
51.28, 0.6280, 4.620
51.29, 0.6290, 6.832
51.30, 0.6300, 5.773
51.31, 0.6310, 6.059
51.32, 0.6320, 5.896
51.33, 0.6330, 5.673
51.34, 0.6340, 5.117
51.35, 0.6350, 6.756
51.36, 0.6360, 3.853
51.37, 0.6370, 5.420
51.38, 0.6380, 6.004
51.39, 0.6390, 6.272
51.40, 0.6400, 5.763
51.41, 0.6410, 6.617
51.42, 0.6420, 6.121
51.43, 0.6430, 6.040
51.44, 0.6440, 4.952
51.45, 0.6450, 4.826
51.46, 0.6460, 5.450
51.47, 0.6470, 6.256
51.48, 0.6480, 5.203
51.49, 0.6490, 6.618
51.50, 0.6500, 5.792
51.51, 0.6510, 5.892
51.52, 0.6520, 6.057
51.53, 0.6530, 4.172
51.54, 0.6540, 5.349
51.55, 0.6550, 5.068
51.56, 0.6560, 6.615
51.57, 0.6570, 5.250
51.58, 0.6580, 6.680
51.59, 0.6590, 4.757
51.60, 0.6600, 6.528
51.61, 0.6610, 6.179
51.62, 0.6620, 5.356
51.63, 0.6630, 6.412
51.64, 0.6640, 5.624
51.65, 0.6650, 4.731
51.66, 0.6660, 3.676
51.67, 0.6670, 5.124
51.68, 0.6680, 5.026
51.69, 0.6690, 5.500
51.70, 0.6700, 6.356
51.71, 0.6710, 4.326
51.72, 0.6720, 5.186
51.73, 0.6730, 6.724
51.74, 0.6740, 5.207
51.75, 0.6750, 5.462
51.76, 0.6760, 3.481
51.77, 0.6770, 4.788
51.78, 0.6780, 4.782
51.79, 0.6790, 5.408
51.80, 0.6800, 5.760
51.81, 0.6810, 5.871
51.82, 0.6820, 6.276
51.83, 0.6830, 6.188
51.84, 0.6840, 4.705
51.85, 0.6850, 4.225
51.86, 0.6860, 5.768
51.87, 0.6870, 3.676
51.88, 0.6880, 5.761
51.89, 0.6890, 5.910
51.90, 0.6900, 5.241
51.91, 0.6910, 4.482
51.92, 0.6920, 5.727
51.93, 0.6930, 4.273
51.94, 0.6940, 4.557
51.95, 0.6950, 4.684
51.96, 0.6960, 5.644
51.97, 0.6970, 5.078
51.98, 0.6980, 5.304
51.99, 0.6990, 5.134
52.00, 0.7000, 5.873
52.01, 0.7010, 4.924
52.02, 0.7020, 6.208
52.03, 0.7030, 4.622
52.04, 0.7040, 6.046
52.05, 0.7050, 5.762
52.06, 0.7060, 5.649
52.07, 0.7070, 5.764
52.08, 0.7080, 3.951
52.09, 0.7090, 4.349
52.10, 0.7100, 5.079
52.11, 0.7110, 5.326
52.12, 0.7120, 4.435
52.13, 0.7130, 4.221
52.14, 0.7140, 5.008
52.15, 0.7150, 4.689
52.16, 0.7160, 4.705
52.17, 0.7170, 6.039
52.18, 0.7180, 5.457
52.19, 0.7190, 4.561
52.20, 0.7200, 4.647
52.21, 0.7210, 6.004
52.22, 0.7220, 5.087
52.23, 0.7230, 3.403
52.24, 0.7240, 5.289
52.25, 0.7250, 5.188
52.26, 0.7260, 4.126
52.27, 0.7270, 4.567
52.28, 0.7280, 6.077
52.29, 0.7290, 5.440
52.30, 0.7300, 5.570
52.31, 0.7310, 5.481
52.32, 0.7320, 5.066
52.33, 0.7330, 5.132
52.34, 0.7340, 4.507
52.35, 0.7350, 3.961
52.36, 0.7360, 3.590
52.37, 0.7370, 4.579
52.38, 0.7380, 5.861
52.39, 0.7390, 4.276
52.40, 0.7400, 4.511
52.41, 0.7410, 4.960
52.42, 0.7420, 5.363
52.43, 0.7430, 4.774
52.44, 0.7440, 5.170
52.45, 0.7450, 4.764
52.46, 0.7460, 5.222
52.47, 0.7470, 4.553
52.48, 0.7480, 6.060
52.49, 0.7490, 6.015
52.50, 0.7500, 3.790
52.51, 0.7510, 4.306
52.52, 0.7520, 4.496
52.53, 0.7530, 5.862
52.54, 0.7540, 5.860
52.55, 0.7550, 4.146
52.56, 0.7560, 4.583
52.57, 0.7570, 5.476
52.58, 0.7580, 5.452
52.59, 0.7590, 4.043
52.60, 0.7600, 4.254
52.61, 0.7610, 4.062
52.62, 0.7620, 4.574
52.63, 0.7630, 5.279
52.64, 0.7640, 3.643
52.65, 0.7650, 5.277
52.66, 0.7660, 4.916
52.67, 0.7670, 4.875
52.68, 0.7680, 4.131
52.69, 0.7690, 4.055
52.70, 0.7700, 4.194
52.71, 0.7710, 5.171
52.72, 0.7720, 4.133
52.73, 0.7730, 5.108
52.74, 0.7740, 4.782
52.75, 0.7750, 5.196
52.76, 0.7760, 3.404
52.77, 0.7770, 3.943
52.78, 0.7780, 4.303
52.79, 0.7790, 3.360
52.80, 0.7800, 5.042
52.81, 0.7810, 5.921
52.82, 0.7820, 4.810
52.83, 0.7830, 4.809
52.84, 0.7840, 5.412
52.85, 0.7850, 6.357
52.86, 0.7860, 5.668
52.87, 0.7870, 5.885
52.88, 0.7880, 5.538
52.89, 0.7890, 5.840
52.90, 0.7900, 4.880
52.91, 0.7910, 5.242
52.92, 0.7920, 4.657
52.93, 0.7930, 5.761
52.94, 0.7940, 5.766
52.95, 0.7950, 4.782
52.96, 0.7960, 3.807
52.97, 0.7970, 5.110
52.98, 0.7980, 3.847
52.99, 0.7990, 4.568
53.00, 0.8000, 5.938
53.01, 0.8010, 5.336
53.02, 0.8020, 5.515
53.03, 0.8030, 4.888
53.04, 0.8040, 5.301
53.05, 0.8050, 5.465
53.06, 0.8060, 5.316
53.07, 0.8070, 4.476
53.08, 0.8080, 4.937
53.09, 0.8090, 6.823
53.10, 0.8100, 5.073
53.11, 0.8110, 5.654
53.12, 0.8120, 5.201
53.13, 0.8130, 4.393
53.14, 0.8140, 4.777
53.15, 0.8150, 4.956
53.16, 0.8160, 3.123
53.17, 0.8170, 5.287
53.18, 0.8180, 3.145
53.19, 0.8190, 4.389
53.20, 0.8200, 5.533
53.21, 0.8210, 4.918
53.22, 0.8220, 5.021
53.23, 0.8230, 4.412
53.24, 0.8240, 4.824
53.25, 0.8250, 6.034
53.26, 0.8260, 5.078
53.27, 0.8270, 5.651
53.28, 0.8280, 4.910
53.29, 0.8290, 5.270
53.30, 0.8300, 5.147
53.31, 0.8310, 4.503
53.32, 0.8320, 5.238
53.33, 0.8330, 4.598
53.34, 0.8340, 6.765
53.35, 0.8350, 5.328
53.36, 0.8360, 7.008
53.37, 0.8370, 6.086
53.38, 0.8380, 5.829
53.39, 0.8390, 6.724
53.40, 0.8400, 6.068
53.41, 0.8410, 6.664
53.42, 0.8420, 4.215
53.43, 0.8430, 4.620
53.44, 0.8440, 4.606
53.45, 0.8450, 3.852
53.46, 0.8460, 5.877
53.47, 0.8470, 5.808
53.48, 0.8480, 4.626
53.49, 0.8490, 5.032
53.50, 0.8500, 3.912
53.51, 0.8510, 5.225
53.52, 0.8520, 5.623
53.53, 0.8530, 6.714
53.54, 0.8540, 4.732
53.55, 0.8550, 5.442
53.56, 0.8560, 4.778
53.57, 0.8570, 5.399
53.58, 0.8580, 5.397
53.59, 0.8590, 4.835
53.60, 0.8600, 5.331
53.61, 0.8610, 4.801
53.62, 0.8620, 4.529
53.63, 0.8630, 5.778
53.64, 0.8640, 6.025
53.65, 0.8650, 5.860
53.66, 0.8660, 6.465
53.67, 0.8670, 5.989
53.68, 0.8680, 5.107
53.69, 0.8690, 5.503
53.70, 0.8700, 6.348
53.71, 0.8710, 7.015
53.72, 0.8720, 6.454
53.73, 0.8730, 5.898
53.74, 0.8740, 6.457
53.75, 0.8750, 5.361
53.76, 0.8760, 5.263
53.77, 0.8770, 5.102
53.78, 0.8780, 5.761
53.79, 0.8790, 5.855
53.80, 0.8800, 5.721
53.81, 0.8810, 6.034
53.82, 0.8820, 3.840
53.83, 0.8830, 6.014
53.84, 0.8840, 6.456
53.85, 0.8850, 6.013
53.86, 0.8860, 5.065
53.87, 0.8870, 3.354
53.88, 0.8880, 5.742
53.89, 0.8890, 4.756
53.90, 0.8900, 4.206
53.91, 0.8910, 3.450
53.92, 0.8920, 4.358
53.93, 0.8930, 4.197
53.94, 0.8940, 5.440
53.95, 0.8950, 5.217
53.96, 0.8960, 5.424
53.97, 0.8970, 5.066
53.98, 0.8980, 5.957
53.99, 0.8990, 5.081
54.00, 0.9000, 4.670
54.01, 0.9010, 7.133
54.02, 0.9020, 5.884
54.03, 0.9030, 5.290
54.04, 0.9040, 5.903
54.05, 0.9050, 5.904
54.06, 0.9060, 5.413
54.07, 0.9070, 6.633
54.08, 0.9080, 5.102
54.09, 0.9090, 7.158
54.10, 0.9100, 6.597
54.11, 0.9110, 7.382
54.12, 0.9120, 6.343
54.13, 0.9130, 6.564
54.14, 0.9140, 6.410
54.15, 0.9150, 6.729
54.16, 0.9160, 6.113
54.17, 0.9170, 5.133
54.18, 0.9180, 6.056
54.19, 0.9190, 5.471
54.20, 0.9200, 6.132
54.21, 0.9210, 6.441
54.22, 0.9220, 7.194
54.23, 0.9230, 5.185
54.24, 0.9240, 5.349
54.25, 0.9250, 6.079
54.26, 0.9260, 5.817
54.27, 0.9270, 4.613
54.28, 0.9280, 7.315
54.29, 0.9290, 6.213
54.30, 0.9300, 6.238
54.31, 0.9310, 6.887
54.32, 0.9320, 6.176
54.33, 0.9330, 4.746
54.34, 0.9340, 5.674
54.35, 0.9350, 6.197
54.36, 0.9360, 6.048
54.37, 0.9370, 6.154
54.38, 0.9380, 7.265
54.39, 0.9390, 5.864
54.40, 0.9400, 6.312
54.41, 0.9410, 5.281
54.42, 0.9420, 5.571
54.43, 0.9430, 5.435
54.44, 0.9440, 6.062
54.45, 0.9450, 4.385
54.46, 0.9460, 5.870
54.47, 0.9470, 5.464
54.48, 0.9480, 6.600
54.49, 0.9490, 5.188
54.50, 0.9500, 5.865
54.51, 0.9510, 5.284
54.52, 0.9520, 4.282
54.53, 0.9530, 6.033
54.54, 0.9540, 4.987
54.55, 0.9550, 7.050
54.56, 0.9560, 6.027
54.57, 0.9570, 5.505
54.58, 0.9580, 6.051
54.59, 0.9590, 7.295
54.60, 0.9600, 6.776
54.61, 0.9610, 6.495
54.62, 0.9620, 4.914
54.63, 0.9630, 6.535
54.64, 0.9640, 7.899
54.65, 0.9650, 5.900
54.66, 0.9660, 6.182
54.67, 0.9670, 6.701
54.68, 0.9680, 6.991
54.69, 0.9690, 5.767
54.70, 0.9700, 5.512
54.71, 0.9710, 7.146
54.72, 0.9720, 6.988
54.73, 0.9730, 7.187
54.74, 0.9740, 6.411
54.75, 0.9750, 8.236
54.76, 0.9760, 7.232
54.77, 0.9770, 7.227
54.78, 0.9780, 7.668
54.79, 0.9790, 7.494
54.80, 0.9800, 7.006
54.81, 0.9810, 6.415
54.82, 0.9820, 5.441
54.83, 0.9830, 6.744
54.84, 0.9840, 7.259
54.85, 0.9850, 6.064
54.86, 0.9860, 6.377
54.87, 0.9870, 6.709
54.88, 0.9880, 6.283
54.89, 0.9890, 7.173
54.90, 0.9900, 7.382
54.91, 0.9910, 6.941
54.92, 0.9920, 6.915
54.93, 0.9930, 6.569
54.94, 0.9940, 6.474
54.95, 0.9950, 7.886
54.96, 0.9960, 4.833
54.97, 0.9970, 7.347
54.98, 0.9980, 7.482
54.99, 0.9990, 6.225
55.00, 1.000, 8.464
55.01, 1.001, 6.387
55.02, 1.002, 7.041
55.03, 1.003, 8.145
55.04, 1.004, 8.121
55.05, 1.005, 7.925
55.06, 1.006, 7.975
55.07, 1.007, 7.802
55.08, 1.008, 7.346
55.09, 1.009, 6.110
55.10, 1.010, 7.382
55.11, 1.011, 7.000
55.12, 1.012, 7.274
55.13, 1.013, 5.803
55.14, 1.014, 7.970
55.15, 1.015, 7.415
55.16, 1.016, 8.246
55.17, 1.017, 7.377
55.18, 1.018, 7.247
55.19, 1.019, 8.386
55.20, 1.020, 8.942
55.21, 1.021, 7.388
55.22, 1.022, 8.025
55.23, 1.023, 6.753
55.24, 1.024, 6.803
55.25, 1.025, 7.625
55.26, 1.026, 7.132
55.27, 1.027, 6.229
55.28, 1.028, 7.678
55.29, 1.029, 6.487
55.30, 1.030, 6.962
55.31, 1.031, 6.807
55.32, 1.032, 8.277
55.33, 1.033, 7.056
55.34, 1.034, 8.649
55.35, 1.035, 6.710
55.36, 1.036, 8.176
55.37, 1.037, 8.271
55.38, 1.038, 8.201
55.39, 1.039, 8.246
55.40, 1.040, 8.007
55.41, 1.041, 8.098
55.42, 1.042, 8.918
55.43, 1.043, 9.842
55.44, 1.044, 8.973
55.45, 1.045, 8.702
55.46, 1.046, 8.673
55.47, 1.047, 9.417
55.48, 1.048, 8.979
55.49, 1.049, 8.418
55.50, 1.050, 8.004
55.51, 1.051, 9.136
55.52, 1.052, 9.056
55.53, 1.053, 9.219
55.54, 1.054, 8.751
55.55, 1.055, 8.927
55.56, 1.056, 8.882
55.57, 1.057, 9.410
55.58, 1.058, 9.374
55.59, 1.059, 7.895
55.60, 1.060, 8.620
55.61, 1.061, 8.278
55.62, 1.062, 7.969
55.63, 1.063, 9.911
55.64, 1.064, 8.571
55.65, 1.065, 9.326
55.66, 1.066, 9.220
55.67, 1.067, 8.892
55.68, 1.068, 8.712
55.69, 1.069, 9.420
55.70, 1.070, 8.598
55.71, 1.071, 9.889
55.72, 1.072, 9.111
55.73, 1.073, 10.10
55.74, 1.074, 9.275
55.75, 1.075, 9.805
55.76, 1.076, 10.28
55.77, 1.077, 9.843
55.78, 1.078, 9.645
55.79, 1.079, 9.419
55.80, 1.080, 11.31
55.81, 1.081, 11.55
55.82, 1.082, 11.30
55.83, 1.083, 10.87
55.84, 1.084, 9.901
55.85, 1.085, 11.22
55.86, 1.086, 10.45
55.87, 1.087, 9.781
55.88, 1.088, 10.54
55.89, 1.089, 11.24
55.90, 1.090, 11.15
55.91, 1.091, 10.61
55.92, 1.092, 10.16
55.93, 1.093, 10.53
55.94, 1.094, 11.31
55.95, 1.095, 10.89
55.96, 1.096, 10.09
55.97, 1.097, 10.49
55.98, 1.098, 10.26
55.99, 1.099, 10.72
56.00, 1.100, 10.12
56.01, 1.101, 11.08
56.02, 1.102, 10.18
56.03, 1.103, 11.14
56.04, 1.104, 12.27
56.05, 1.105, 11.67
56.06, 1.106, 11.26
56.07, 1.107, 11.60
56.08, 1.108, 11.13
56.09, 1.109, 11.38
56.10, 1.110, 10.35
56.11, 1.111, 11.03
56.12, 1.112, 9.473
56.13, 1.113, 10.73
56.14, 1.114, 10.07
56.15, 1.115, 12.33
56.16, 1.116, 11.28
56.17, 1.117, 11.42
56.18, 1.118, 12.76
56.19, 1.119, 12.16
56.20, 1.120, 12.41
56.21, 1.121, 12.37
56.22, 1.122, 13.00
56.23, 1.123, 13.19
56.24, 1.124, 14.14
56.25, 1.125, 13.20
56.26, 1.126, 13.86
56.27, 1.127, 14.29
56.28, 1.128, 12.52
56.29, 1.129, 12.56
56.30, 1.130, 13.12
56.31, 1.131, 12.80
56.32, 1.132, 12.84
56.33, 1.133, 12.17
56.34, 1.134, 13.10
56.35, 1.135, 11.84
56.36, 1.136, 13.75
56.37, 1.137, 13.92
56.38, 1.138, 13.38
56.39, 1.139, 13.34
56.40, 1.140, 14.77
56.41, 1.141, 13.58
56.42, 1.142, 13.11
56.43, 1.143, 13.53
56.44, 1.144, 13.76
56.45, 1.145, 13.35
56.46, 1.146, 14.03
56.47, 1.147, 13.55
56.48, 1.148, 14.28
56.49, 1.149, 14.37
56.50, 1.150, 14.10
56.51, 1.151, 14.05
56.52, 1.152, 14.44
56.53, 1.153, 13.93
56.54, 1.154, 14.43
56.55, 1.155, 14.59
56.56, 1.156, 14.30
56.57, 1.157, 14.80
56.58, 1.158, 14.28
56.59, 1.159, 15.28
56.60, 1.160, 16.18
56.61, 1.161, 15.92
56.62, 1.162, 16.88
56.63, 1.163, 16.05
56.64, 1.164, 15.16
56.65, 1.165, 15.50
56.66, 1.166, 16.07
56.67, 1.167, 16.43
56.68, 1.168, 15.91
56.69, 1.169, 16.49
56.70, 1.170, 17.15
56.71, 1.171, 15.98
56.72, 1.172, 17.65
56.73, 1.173, 16.65
56.74, 1.174, 17.23
56.75, 1.175, 17.25
56.76, 1.176, 17.52
56.77, 1.177, 17.00
56.78, 1.178, 17.36
56.79, 1.179, 17.88
56.80, 1.180, 18.13
56.81, 1.181, 17.52
56.82, 1.182, 16.22
56.83, 1.183, 18.08
56.84, 1.184, 17.58
56.85, 1.185, 17.97
56.86, 1.186, 18.76
56.87, 1.187, 17.79
56.88, 1.188, 17.91
56.89, 1.189, 17.87
56.90, 1.190, 18.26
56.91, 1.191, 17.78
56.92, 1.192, 17.93
56.93, 1.193, 18.17
56.94, 1.194, 18.07
56.95, 1.195, 18.50
56.96, 1.196, 18.03
56.97, 1.197, 18.22
56.98, 1.198, 19.07
56.99, 1.199, 18.85
57.00, 1.200, 19.29
57.01, 1.201, 19.61
57.02, 1.202, 19.70
57.03, 1.203, 19.84
57.04, 1.204, 19.50
57.05, 1.205, 19.53
57.06, 1.206, 18.77
57.07, 1.207, 19.68
57.08, 1.208, 19.60
57.09, 1.209, 18.86
57.10, 1.210, 19.96
57.11, 1.211, 19.96
57.12, 1.212, 19.88
57.13, 1.213, 20.46
57.14, 1.214, 19.72
57.15, 1.215, 20.73
57.16, 1.216, 20.65
57.17, 1.217, 20.77
57.18, 1.218, 21.58
57.19, 1.219, 19.71
57.20, 1.220, 21.64
57.21, 1.221, 21.45
57.22, 1.222, 20.82
57.23, 1.223, 21.16
57.24, 1.224, 21.28
57.25, 1.225, 21.93
57.26, 1.226, 21.96
57.27, 1.227, 20.24
57.28, 1.228, 22.10
57.29, 1.229, 21.74
57.30, 1.230, 22.82
57.31, 1.231, 20.80
57.32, 1.232, 21.76
57.33, 1.233, 22.09
57.34, 1.234, 22.22
57.35, 1.235, 21.64
57.36, 1.236, 22.60
57.37, 1.237, 22.35
57.38, 1.238, 22.42
57.39, 1.239, 23.50
57.40, 1.240, 22.40
57.41, 1.241, 22.79
57.42, 1.242, 21.98
57.43, 1.243, 22.04
57.44, 1.244, 23.05
57.45, 1.245, 22.07
57.46, 1.246, 22.23
57.47, 1.247, 22.52
57.48, 1.248, 22.33
57.49, 1.249, 23.27
57.50, 1.250, 24.00
57.51, 1.251, 22.07
57.52, 1.252, 22.61
57.53, 1.253, 22.60
57.54, 1.254, 22.94
57.55, 1.255, 23.20
57.56, 1.256, 23.64
57.57, 1.257, 24.06
57.58, 1.258, 22.90
57.59, 1.259, 24.55
57.60, 1.260, 24.02
57.61, 1.261, 24.04
57.62, 1.262, 23.47
57.63, 1.263, 24.04
57.64, 1.264, 24.13
57.65, 1.265, 25.56
57.66, 1.266, 24.92
57.67, 1.267, 24.78
57.68, 1.268, 24.42
57.69, 1.269, 25.45
57.70, 1.270, 24.40
57.71, 1.271, 24.29
57.72, 1.272, 24.33
57.73, 1.273, 26.55
57.74, 1.274, 25.87
57.75, 1.275, 26.05
57.76, 1.276, 25.10
57.77, 1.277, 24.50
57.78, 1.278, 26.57
57.79, 1.279, 24.46
57.80, 1.280, 24.96
57.81, 1.281, 25.87
57.82, 1.282, 25.84
57.83, 1.283, 25.13
57.84, 1.284, 26.08
57.85, 1.285, 26.90
57.86, 1.286, 26.12
57.87, 1.287, 25.73
57.88, 1.288, 25.39
57.89, 1.289, 27.21
57.90, 1.290, 26.42
57.91, 1.291, 25.09
57.92, 1.292, 26.37
57.93, 1.293, 26.47
57.94, 1.294, 26.90
57.95, 1.295, 26.72
57.96, 1.296, 27.28
57.97, 1.297, 27.18
57.98, 1.298, 26.94
57.99, 1.299, 25.66
58.00, 1.300, 28.23
58.01, 1.301, 27.31
58.02, 1.302, 27.00
58.03, 1.303, 27.36
58.04, 1.304, 28.45
58.05, 1.305, 27.95
58.06, 1.306, 28.33
58.07, 1.307, 27.35
58.08, 1.308, 27.62
58.09, 1.309, 28.92
58.10, 1.310, 27.79
58.11, 1.311, 27.70
58.12, 1.312, 27.54
58.13, 1.313, 28.24
58.14, 1.314, 26.26
58.15, 1.315, 27.30
58.16, 1.316, 27.32
58.17, 1.317, 28.10
58.18, 1.318, 27.53
58.19, 1.319, 27.96
58.20, 1.320, 27.19
58.21, 1.321, 29.05
58.22, 1.322, 28.96
58.23, 1.323, 29.18
58.24, 1.324, 28.74
58.25, 1.325, 28.53
58.26, 1.326, 28.98
58.27, 1.327, 28.82
58.28, 1.328, 27.90
58.29, 1.329, 28.83
58.30, 1.330, 29.14
58.31, 1.331, 29.90
58.32, 1.332, 29.88
58.33, 1.333, 30.54
58.34, 1.334, 27.77
58.35, 1.335, 29.51
58.36, 1.336, 30.17
58.37, 1.337, 29.50
58.38, 1.338, 30.07
58.39, 1.339, 30.51
58.40, 1.340, 31.25
58.41, 1.341, 29.12
58.42, 1.342, 30.68
58.43, 1.343, 31.80
58.44, 1.344, 30.28
58.45, 1.345, 30.86
58.46, 1.346, 30.71
58.47, 1.347, 31.11
58.48, 1.348, 31.98
58.49, 1.349, 31.96
58.50, 1.350, 31.11
58.51, 1.351, 30.58
58.52, 1.352, 32.38
58.53, 1.353, 31.33
58.54, 1.354, 31.93
58.55, 1.355, 31.66
58.56, 1.356, 31.13
58.57, 1.357, 32.28
58.58, 1.358, 32.69
58.59, 1.359, 31.92
58.60, 1.360, 32.71
58.61, 1.361, 32.24
58.62, 1.362, 32.96
58.63, 1.363, 33.62
58.64, 1.364, 34.59
58.65, 1.365, 32.51
58.66, 1.366, 35.41
58.67, 1.367, 39.72
58.68, 1.368, 42.00
58.69, 1.369, 40.64
58.70, 1.370, 41.50
58.71, 1.371, 40.63
58.72, 1.372, 41.49
58.73, 1.373, 43.23
58.74, 1.374, 43.02
58.75, 1.375, 44.21
58.76, 1.376, 45.35
58.77, 1.377, 49.35
58.78, 1.378, 49.34
58.79, 1.379, 47.58
58.80, 1.380, 46.72
58.81, 1.381, 50.44
58.82, 1.382, 52.31
58.83, 1.383, 50.55
58.84, 1.384, 48.89
58.85, 1.385, 51.87
58.86, 1.386, 52.02
58.87, 1.387, 50.13
58.88, 1.388, 51.00
58.89, 1.389, 51.10
58.90, 1.390, 52.89
58.91, 1.391, 52.96
58.92, 1.392, 54.36
58.93, 1.393, 52.94
58.94, 1.394, 56.32
58.95, 1.395, 54.56
58.96, 1.396, 56.88
58.97, 1.397, 56.12
58.98, 1.398, 56.00
58.99, 1.399, 57.46
59.00, 1.400, 57.73
59.01, 1.401, 57.37
59.02, 1.402, 58.44
59.03, 1.403, 59.12
59.04, 1.404, 60.94
59.05, 1.405, 63.20
59.06, 1.406, 61.59
59.07, 1.407, 63.56
59.08, 1.408, 62.37
59.09, 1.409, 62.26
59.10, 1.410, 64.28
59.11, 1.411, 65.13
59.12, 1.412, 66.31
59.13, 1.413, 66.78
59.14, 1.414, 68.12
59.15, 1.415, 70.80
59.16, 1.416, 70.72
59.17, 1.417, 71.34
59.18, 1.418, 70.63
59.19, 1.419, 73.53
59.20, 1.420, 74.95
59.21, 1.421, 77.20
59.22, 1.422, 76.05
59.23, 1.423, 77.98
59.24, 1.424, 76.12
59.25, 1.425, 77.99
59.26, 1.426, 78.11
59.27, 1.427, 80.43
59.28, 1.428, 80.93
59.29, 1.429, 80.96
59.30, 1.430, 82.04
59.31, 1.431, 81.52
59.32, 1.432, 83.19
59.33, 1.433, 82.85
59.34, 1.434, 83.88
59.35, 1.435, 85.60
59.36, 1.436, 86.74
59.37, 1.437, 87.84
59.38, 1.438, 89.32
59.39, 1.439, 89.65
59.40, 1.440, 91.16
59.41, 1.441, 91.72
59.42, 1.442, 92.90
59.43, 1.443, 92.89
59.44, 1.444, 93.79
59.45, 1.445, 95.94
59.46, 1.446, 97.09
59.47, 1.447, 97.42
59.48, 1.448, 98.20
59.49, 1.449, 100.2
59.50, 1.450, 101.7
59.51, 1.451, 103.1
59.52, 1.452, 103.2
59.53, 1.453, 103.4
59.54, 1.454, 106.5
59.55, 1.455, 107.4
59.56, 1.456, 108.2
59.57, 1.457, 111.1
59.58, 1.458, 110.7
59.59, 1.459, 112.8
59.60, 1.460, 114.6
59.61, 1.461, 115.2
59.62, 1.462, 115.8
59.63, 1.463, 117.7
59.64, 1.464, 118.9
59.65, 1.465, 121.0
59.66, 1.466, 120.9
59.67, 1.467, 122.5
59.68, 1.468, 125.3
59.69, 1.469, 125.1
59.70, 1.470, 126.3
59.71, 1.471, 127.9
59.72, 1.472, 130.0
59.73, 1.473, 130.6
59.74, 1.474, 132.1
59.75, 1.475, 133.5
59.76, 1.476, 135.2
59.77, 1.477, 135.1
59.78, 1.478, 138.1
59.79, 1.479, 138.8
59.80, 1.480, 139.8
59.81, 1.481, 141.7
59.82, 1.482, 143.2
59.83, 1.483, 145.2
59.84, 1.484, 144.2
59.85, 1.485, 147.8
59.86, 1.486, 147.0
59.87, 1.487, 149.3
59.88, 1.488, 150.3
59.89, 1.489, 151.4
59.90, 1.490, 151.2
59.91, 1.491, 153.6
59.92, 1.492, 155.9
59.93, 1.493, 156.7
59.94, 1.494, 158.6
59.95, 1.495, 159.3
59.96, 1.496, 160.7
59.97, 1.497, 161.1
59.98, 1.498, 163.9
59.99, 1.499, 165.7
60.00, 1.500, 166.8
60.01, 1.501, 166.6
60.02, 1.502, 167.6
60.03, 1.503, 168.5
60.04, 1.504, 169.9
60.05, 1.505, 170.7
60.06, 1.506, 172.0
60.07, 1.507, 173.3
60.08, 1.508, 176.7
60.09, 1.509, 176.0
60.10, 1.510, 178.1
60.11, 1.511, 179.5
60.12, 1.512, 181.2
60.13, 1.513, 181.5
60.14, 1.514, 184.4
60.15, 1.515, 184.6
60.16, 1.516, 187.6
60.17, 1.517, 187.6
60.18, 1.518, 188.6
60.19, 1.519, 190.1
60.20, 1.520, 193.8
60.21, 1.521, 191.9
60.22, 1.522, 195.4
60.23, 1.523, 194.7
60.24, 1.524, 198.7
60.25, 1.525, 197.8
60.26, 1.526, 201.3
60.27, 1.527, 201.1
60.28, 1.528, 204.5
60.29, 1.529, 205.9
60.30, 1.530, 207.1
60.31, 1.531, 208.2
60.32, 1.532, 210.3
60.33, 1.533, 210.5
60.34, 1.534, 212.5
60.35, 1.535, 214.4
60.36, 1.536, 216.8
60.37, 1.537, 217.5
60.38, 1.538, 218.3
60.39, 1.539, 220.3
60.40, 1.540, 222.2
60.41, 1.541, 224.5
60.42, 1.542, 226.2
60.43, 1.543, 226.6
60.44, 1.544, 228.8
60.45, 1.545, 229.9
60.46, 1.546, 232.1
60.47, 1.547, 232.4
60.48, 1.548, 236.1
60.49, 1.549, 236.2
60.50, 1.550, 237.5
60.51, 1.551, 239.3
60.52, 1.552, 240.7
60.53, 1.553, 242.9
60.54, 1.554, 244.4
60.55, 1.555, 245.8
60.56, 1.556, 247.3
60.57, 1.557, 250.0
60.58, 1.558, 252.1
60.59, 1.559, 254.2
60.60, 1.560, 256.9
60.61, 1.561, 257.1
60.62, 1.562, 260.8
60.63, 1.563, 260.2
60.64, 1.564, 262.4
60.65, 1.565, 262.4
60.66, 1.566, 263.9
60.67, 1.567, 265.4
60.68, 1.568, 267.4
60.69, 1.569, 269.0
60.70, 1.570, 271.4
60.71, 1.571, 272.6
60.72, 1.572, 274.8
60.73, 1.573, 275.9
60.74, 1.574, 279.2
60.75, 1.575, 279.4
60.76, 1.576, 281.2
60.77, 1.577, 282.0
60.78, 1.578, 286.4
60.79, 1.579, 285.7
60.80, 1.580, 288.6
60.81, 1.581, 290.0
60.82, 1.582, 292.5
60.83, 1.583, 294.0
60.84, 1.584, 294.8
60.85, 1.585, 298.8
60.86, 1.586, 301.7
60.87, 1.587, 301.1
60.88, 1.588, 304.1
60.89, 1.589, 306.4
60.90, 1.590, 307.7
60.91, 1.591, 309.6
60.92, 1.592, 312.1
60.93, 1.593, 314.3
60.94, 1.594, 316.8
60.95, 1.595, 317.6
60.96, 1.596, 319.2
60.97, 1.597, 320.1
60.98, 1.598, 323.4
60.99, 1.599, 324.4
61.00, 1.600, 328.2
61.01, 1.601, 329.3
61.02, 1.602, 331.8
61.03, 1.603, 333.2
61.04, 1.604, 335.7
61.05, 1.605, 337.1
61.06, 1.606, 338.9
61.07, 1.607, 341.0
61.08, 1.608, 343.2
61.09, 1.609, 345.1
61.10, 1.610, 347.4
61.11, 1.611, 347.8
61.12, 1.612, 351.0
61.13, 1.613, 353.1
61.14, 1.614, 353.7
61.15, 1.615, 355.9
61.16, 1.616, 357.9
61.17, 1.617, 360.6
61.18, 1.618, 362.4
61.19, 1.619, 364.4
61.20, 1.620, 365.9
61.21, 1.621, 366.3
61.22, 1.622, 369.6
61.23, 1.623, 371.1
61.24, 1.624, 374.5
61.25, 1.625, 375.8
61.26, 1.626, 379.8
61.27, 1.627, 379.1
61.28, 1.628, 381.3
61.29, 1.629, 383.3
61.30, 1.630, 385.4
61.31, 1.631, 388.3
61.32, 1.632, 389.4
61.33, 1.633, 392.6
61.34, 1.634, 394.2
61.35, 1.635, 396.2
61.36, 1.636, 398.6
61.37, 1.637, 401.3
61.38, 1.638, 401.8
61.39, 1.639, 403.8
61.40, 1.640, 406.1
61.41, 1.641, 408.8
61.42, 1.642, 408.7
61.43, 1.643, 411.2
61.44, 1.644, 412.7
61.45, 1.645, 415.7
61.46, 1.646, 418.8
61.47, 1.647, 421.0
61.48, 1.648, 422.6
61.49, 1.649, 426.8
61.50, 1.650, 426.3
61.51, 1.651, 427.5
61.52, 1.652, 432.2
61.53, 1.653, 432.5
61.54, 1.654, 435.7
61.55, 1.655, 435.7
61.56, 1.656, 440.3
61.57, 1.657, 441.5
61.58, 1.658, 444.0
61.59, 1.659, 445.3
61.60, 1.660, 447.7
61.61, 1.661, 450.3
61.62, 1.662, 451.7
61.63, 1.663, 453.7
61.64, 1.664, 456.7
61.65, 1.665, 458.2
61.66, 1.666, 460.1
61.67, 1.667, 463.3
61.68, 1.668, 465.3
61.69, 1.669, 467.5
61.70, 1.670, 469.0
61.71, 1.671, 472.6
61.72, 1.672, 474.5
61.73, 1.673, 476.9
61.74, 1.674, 476.7
61.75, 1.675, 480.9
61.76, 1.676, 481.9
61.77, 1.677, 485.2
61.78, 1.678, 485.6
61.79, 1.679, 490.2
61.80, 1.680, 490.4
61.81, 1.681, 495.0
61.82, 1.682, 495.3
61.83, 1.683, 498.5
61.84, 1.684, 500.6
61.85, 1.685, 504.0
61.86, 1.686, 506.6
61.87, 1.687, 507.8
61.88, 1.688, 510.5
61.89, 1.689, 509.4
61.90, 1.690, 513.5
61.91, 1.691, 516.7
61.92, 1.692, 518.2
61.93, 1.693, 518.8
61.94, 1.694, 520.5
61.95, 1.695, 523.8
61.96, 1.696, 525.5
61.97, 1.697, 528.2
61.98, 1.698, 529.9
61.99, 1.699, 531.0
62.00, 1.700, 533.1
62.01, 1.701, 535.5
62.02, 1.702, 537.7
62.03, 1.703, 541.5
62.04, 1.704, 541.7
62.05, 1.705, 543.2
62.06, 1.706, 546.2
62.07, 1.707, 548.5
62.08, 1.708, 552.3
62.09, 1.709, 553.5
62.10, 1.710, 556.6
62.11, 1.711, 558.6
62.12, 1.712, 562.0
62.13, 1.713, 564.1
62.14, 1.714, 566.6
62.15, 1.715, 569.8
62.16, 1.716, 572.0
62.17, 1.717, 574.1
62.18, 1.718, 574.5
62.19, 1.719, 578.8
62.20, 1.720, 579.1
62.21, 1.721, 582.6
62.22, 1.722, 583.1
62.23, 1.723, 586.5
62.24, 1.724, 588.0
62.25, 1.725, 590.7
62.26, 1.726, 593.2
62.27, 1.727, 596.2
62.28, 1.728, 597.5
62.29, 1.729, 599.5
62.30, 1.730, 603.4
62.31, 1.731, 604.3
62.32, 1.732, 608.5
62.33, 1.733, 609.4
62.34, 1.734, 611.2
62.35, 1.735, 614.5
62.36, 1.736, 614.3
62.37, 1.737, 615.4
62.38, 1.738, 619.0
62.39, 1.739, 623.0
62.40, 1.740, 623.3
62.41, 1.741, 625.3
62.42, 1.742, 628.9
62.43, 1.743, 631.1
62.44, 1.744, 630.9
62.45, 1.745, 634.1
62.46, 1.746, 637.9
62.47, 1.747, 639.0
62.48, 1.748, 642.9
62.49, 1.749, 643.4
62.50, 1.750, 647.8
62.51, 1.751, 646.4
62.52, 1.752, 647.6
62.53, 1.753, 647.4
62.54, 1.754, 653.3
62.55, 1.755, 655.2
62.56, 1.756, 659.2
62.57, 1.757, 659.3
62.58, 1.758, 662.3
62.59, 1.759, 663.1
62.60, 1.760, 667.0
62.61, 1.761, 667.9
62.62, 1.762, 671.2
62.63, 1.763, 672.2
62.64, 1.764, 675.0
62.65, 1.765, 677.0
62.66, 1.766, 679.8
62.67, 1.767, 681.7
62.68, 1.768, 684.0
62.69, 1.769, 686.8
62.70, 1.770, 689.7
62.71, 1.771, 690.9
62.72, 1.772, 693.7
62.73, 1.773, 694.7
62.74, 1.774, 695.7
62.75, 1.775, 697.3
62.76, 1.776, 702.2
62.77, 1.777, 704.5
62.78, 1.778, 704.4
62.79, 1.779, 707.3
62.80, 1.780, 708.1
62.81, 1.781, 711.3
62.82, 1.782, 715.6
62.83, 1.783, 715.1
62.84, 1.784, 718.6
62.85, 1.785, 719.4
62.86, 1.786, 722.5
62.87, 1.787, 724.3
62.88, 1.788, 727.2
62.89, 1.789, 728.2
62.90, 1.790, 732.8
62.91, 1.791, 733.4
62.92, 1.792, 736.3
62.93, 1.793, 739.6
62.94, 1.794, 739.5
62.95, 1.795, 743.7
62.96, 1.796, 747.6
62.97, 1.797, 749.7
62.98, 1.798, 751.4
62.99, 1.799, 752.9
63.00, 1.800, 754.9
63.01, 1.801, 756.5
63.02, 1.802, 758.8
63.03, 1.803, 760.6
63.04, 1.804, 765.6
63.05, 1.805, 767.6
63.06, 1.806, 767.0
63.07, 1.807, 771.5
63.08, 1.808, 772.7
63.09, 1.809, 774.5
63.10, 1.810, 775.4
63.11, 1.811, 781.3
63.12, 1.812, 782.1
63.13, 1.813, 784.4
63.14, 1.814, 783.4
63.15, 1.815, 787.2
63.16, 1.816, 787.8
63.17, 1.817, 791.8
63.18, 1.818, 793.0
63.19, 1.819, 792.0
63.20, 1.820, 797.9
63.21, 1.821, 799.4
63.22, 1.822, 802.8
63.23, 1.823, 802.5
63.24, 1.824, 806.1
63.25, 1.825, 807.1
63.26, 1.826, 807.9
63.27, 1.827, 810.5
63.28, 1.828, 811.6
63.29, 1.829, 815.1
63.30, 1.830, 816.1
63.31, 1.831, 818.1
63.32, 1.832, 821.3
63.33, 1.833, 823.8
63.34, 1.834, 824.6
63.35, 1.835, 826.2
63.36, 1.836, 829.5
63.37, 1.837, 831.7
63.38, 1.838, 834.4
63.39, 1.839, 834.2
63.40, 1.840, 839.1
63.41, 1.841, 839.4
63.42, 1.842, 842.4
63.43, 1.843, 845.2
63.44, 1.844, 848.3
63.45, 1.845, 848.9
63.46, 1.846, 851.3
63.47, 1.847, 854.1
63.48, 1.848, 853.1
63.49, 1.849, 858.7
63.50, 1.850, 857.3
63.51, 1.851, 861.1
63.52, 1.852, 862.5
63.53, 1.853, 865.5
63.54, 1.854, 866.2
63.55, 1.855, 870.0
63.56, 1.856, 871.6
63.57, 1.857, 873.7
63.58, 1.858, 875.0
63.59, 1.859, 878.3
63.60, 1.860, 879.3
63.61, 1.861, 880.7
63.62, 1.862, 882.4
63.63, 1.863, 884.9
63.64, 1.864, 886.6
63.65, 1.865, 887.5
63.66, 1.866, 891.5
63.67, 1.867, 891.5
63.68, 1.868, 895.1
63.69, 1.869, 895.6
63.70, 1.870, 897.3
63.71, 1.871, 899.6
63.72, 1.872, 901.7
63.73, 1.873, 904.0
63.74, 1.874, 904.7
63.75, 1.875, 906.2
63.76, 1.876, 908.2
63.77, 1.877, 909.0
63.78, 1.878, 911.3
63.79, 1.879, 912.8
63.80, 1.880, 916.9
63.81, 1.881, 918.9
63.82, 1.882, 921.3
63.83, 1.883, 922.7
63.84, 1.884, 924.1
63.85, 1.885, 925.3
63.86, 1.886, 928.7
63.87, 1.887, 929.6
63.88, 1.888, 931.0
63.89, 1.889, 934.0
63.90, 1.890, 936.3
63.91, 1.891, 936.5
63.92, 1.892, 936.6
63.93, 1.893, 941.1
63.94, 1.894, 941.6
63.95, 1.895, 943.3
63.96, 1.896, 943.5
63.97, 1.897, 946.7
63.98, 1.898, 948.5
63.99, 1.899, 951.8
64.00, 1.900, 950.4
64.01, 1.901, 953.3
64.02, 1.902, 955.3
64.03, 1.903, 958.2
64.04, 1.904, 958.9
64.05, 1.905, 961.4
64.06, 1.906, 961.5
64.07, 1.907, 964.4
64.08, 1.908, 965.9
64.09, 1.909, 968.0
64.10, 1.910, 968.6
64.11, 1.911, 973.4
64.12, 1.912, 973.4
64.13, 1.913, 974.7
64.14, 1.914, 977.7
64.15, 1.915, 981.1
64.16, 1.916, 981.7
64.17, 1.917, 983.6
64.18, 1.918, 985.5
64.19, 1.919, 986.2
64.20, 1.920, 989.4
64.21, 1.921, 992.4
64.22, 1.922, 992.6
64.23, 1.923, 995.1
64.24, 1.924, 996.9
64.25, 1.925, 996.6
64.26, 1.926, 998.4
64.27, 1.927, 999.2
64.28, 1.928, 999.7
64.29, 1.929, 1000
64.30, 1.930, 1000
64.31, 1.931, 1000
64.32, 1.932, 1000
64.33, 1.933, 1000
64.34, 1.934, 1000
64.35, 1.935, 1000
64.36, 1.936, 1000
64.37, 1.937, 1000
64.38, 1.938, 1000
64.39, 1.939, 1000
64.40, 1.940, 1000
64.41, 1.941, 1000
64.42, 1.942, 1000
64.43, 1.943, 1000
64.44, 1.944, 1000
64.45, 1.945, 1000
64.46, 1.946, 1000
64.47, 1.947, 1000
64.48, 1.948, 1000
64.49, 1.949, 1000
64.50, 1.950, 1000
64.51, 1.951, 1000
64.52, 1.952, 1000
64.53, 1.953, 1000
64.54, 1.954, 1000
64.55, 1.955, 1000
64.56, 1.956, 1000
64.57, 1.957, 1000
64.58, 1.958, 1000
64.59, 1.959, 1000
64.60, 1.960, 1000
64.61, 1.961, 1000
64.62, 1.962, 1000
64.63, 1.963, 1000
64.64, 1.964, 1000
64.65, 1.965, 1000
64.66, 1.966, 1000
64.67, 1.967, 1000
64.68, 1.968, 1000
64.69, 1.969, 1000
64.70, 1.970, 1000
64.71, 1.971, 1000
64.72, 1.972, 1000
64.73, 1.973, 1000
64.74, 1.974, 1000
64.75, 1.975, 1000
64.76, 1.976, 1000
64.77, 1.977, 1000
64.78, 1.978, 1000
64.79, 1.979, 1000
64.80, 1.980, 1000
64.81, 1.981, 1000
64.82, 1.982, 1000
64.83, 1.983, 1000
64.84, 1.984, 1000
64.85, 1.985, 1000
64.86, 1.986, 1000
64.87, 1.987, 1000
64.88, 1.988, 1000
64.89, 1.989, 1000
64.90, 1.990, 1000
64.91, 1.991, 1000
64.92, 1.992, 1000
64.93, 1.993, 1000
64.94, 1.994, 1000
64.95, 1.995, 1000
64.96, 1.996, 1000
64.97, 1.997, 1000
64.98, 1.998, 1000
64.99, 1.999, 1000
65.00, 2.000, 1000
65.01, 1.999, 1000
65.02, 1.998, 1000
65.03, 1.997, 1000
65.04, 1.996, 1000
65.05, 1.995, 1000
65.06, 1.994, 1000
65.07, 1.993, 1000
65.08, 1.992, 1000
65.09, 1.991, 1000
65.10, 1.990, 1000
65.11, 1.989, 1000
65.12, 1.988, 1000
65.13, 1.987, 1000
65.14, 1.986, 1000
65.15, 1.985, 1000
65.16, 1.984, 1000
65.17, 1.983, 1000
65.18, 1.982, 1000
65.19, 1.981, 1000
65.20, 1.980, 1000
65.21, 1.979, 1000
65.22, 1.978, 1000
65.23, 1.977, 1000
65.24, 1.976, 1000
65.25, 1.975, 1000
65.26, 1.974, 1000
65.27, 1.973, 1000
65.28, 1.972, 1000
65.29, 1.971, 1000
65.30, 1.970, 1000
65.31, 1.969, 1000
65.32, 1.968, 1000
65.33, 1.967, 1000
65.34, 1.966, 1000
65.35, 1.965, 1000
65.36, 1.964, 1000
65.37, 1.963, 1000
65.38, 1.962, 1000
65.39, 1.961, 1000
65.40, 1.960, 1000
65.41, 1.959, 1000
65.42, 1.958, 1000
65.43, 1.957, 1000
65.44, 1.956, 1000
65.45, 1.955, 1000
65.46, 1.954, 1000
65.47, 1.953, 1000
65.48, 1.952, 1000
65.49, 1.951, 1000
65.50, 1.950, 1000
65.51, 1.949, 1000
65.52, 1.948, 1000
65.53, 1.947, 1000
65.54, 1.946, 1000
65.55, 1.945, 1000
65.56, 1.944, 1000
65.57, 1.943, 1000
65.58, 1.942, 1000
65.59, 1.941, 1000
65.60, 1.940, 1000
65.61, 1.939, 1000
65.62, 1.938, 1000
65.63, 1.937, 1000
65.64, 1.936, 1000
65.65, 1.935, 1000
65.66, 1.934, 999.6
65.67, 1.933, 999.1
65.68, 1.932, 999.7
65.69, 1.931, 996.4
65.70, 1.930, 996.8
65.71, 1.929, 994.1
65.72, 1.928, 992.9
65.73, 1.927, 989.4
65.74, 1.926, 988.1
65.75, 1.925, 986.5
65.76, 1.924, 985.0
65.77, 1.923, 982.1
65.78, 1.922, 981.9
65.79, 1.921, 979.8
65.80, 1.920, 977.5
65.81, 1.919, 974.3
65.82, 1.918, 974.2
65.83, 1.917, 971.6
65.84, 1.916, 970.4
65.85, 1.915, 967.1
65.86, 1.914, 967.1
65.87, 1.913, 963.2
65.88, 1.912, 961.3
65.89, 1.911, 959.7
65.90, 1.910, 957.5
65.91, 1.909, 955.3
65.92, 1.908, 952.1
65.93, 1.907, 952.3
65.94, 1.906, 950.0
65.95, 1.905, 948.5
65.96, 1.904, 946.2
65.97, 1.903, 945.0
65.98, 1.902, 941.9
65.99, 1.901, 939.6
66.00, 1.900, 937.5
66.01, 1.899, 936.9
66.02, 1.898, 933.2
66.03, 1.897, 930.8
66.04, 1.896, 929.2
66.05, 1.895, 925.9
66.06, 1.894, 924.8
66.07, 1.893, 923.7
66.08, 1.892, 919.8
66.09, 1.891, 921.1
66.10, 1.890, 919.4
66.11, 1.889, 917.9
66.12, 1.888, 914.6
66.13, 1.887, 914.4
66.14, 1.886, 911.5
66.15, 1.885, 909.8
66.16, 1.884, 908.1
66.17, 1.883, 904.9
66.18, 1.882, 902.8
66.19, 1.881, 900.6
66.20, 1.880, 899.1
66.21, 1.879, 898.4
66.22, 1.878, 897.0
66.23, 1.877, 894.2
66.24, 1.876, 890.4
66.25, 1.875, 892.3
66.26, 1.874, 889.9
66.27, 1.873, 888.2
66.28, 1.872, 886.5
66.29, 1.871, 883.9
66.30, 1.870, 883.2
66.31, 1.869, 878.4
66.32, 1.868, 878.4
66.33, 1.867, 876.1
66.34, 1.866, 873.0
66.35, 1.865, 871.1
66.36, 1.864, 870.8
66.37, 1.863, 868.2
66.38, 1.862, 865.3
66.39, 1.861, 864.5
66.40, 1.860, 862.7
66.41, 1.859, 860.6
66.42, 1.858, 858.4
66.43, 1.857, 855.5
66.44, 1.856, 854.0
66.45, 1.855, 851.7
66.46, 1.854, 848.0
66.47, 1.853, 846.7
66.48, 1.852, 846.0
66.49, 1.851, 844.6
66.50, 1.850, 843.2
66.51, 1.849, 839.6
66.52, 1.848, 838.8
66.53, 1.847, 837.5
66.54, 1.846, 833.4
66.55, 1.845, 830.0
66.56, 1.844, 830.7
66.57, 1.843, 830.2
66.58, 1.842, 826.2
66.59, 1.841, 824.0
66.60, 1.840, 823.7
66.61, 1.839, 822.1
66.62, 1.838, 819.5
66.63, 1.837, 817.2
66.64, 1.836, 815.7
66.65, 1.835, 813.2
66.66, 1.834, 812.2
66.67, 1.833, 811.8
66.68, 1.832, 808.3
66.69, 1.831, 807.8
66.70, 1.830, 804.1
66.71, 1.829, 802.6
66.72, 1.828, 800.2
66.73, 1.827, 799.5
66.74, 1.826, 794.3
66.75, 1.825, 795.0
66.76, 1.824, 793.1
66.77, 1.823, 789.8
66.78, 1.822, 787.1
66.79, 1.821, 786.0
66.80, 1.820, 784.7
66.81, 1.819, 782.7
66.82, 1.818, 781.6
66.83, 1.817, 777.4
66.84, 1.816, 777.4
66.85, 1.815, 773.6
66.86, 1.814, 773.0
66.87, 1.813, 771.4
66.88, 1.812, 770.1
66.89, 1.811, 766.9
66.90, 1.810, 766.6
66.91, 1.809, 764.1
66.92, 1.808, 762.6
66.93, 1.807, 759.1
66.94, 1.806, 758.0
66.95, 1.805, 754.9
66.96, 1.804, 755.2
66.97, 1.803, 749.7
66.98, 1.802, 750.5
66.99, 1.801, 746.6
67.00, 1.800, 746.9
67.01, 1.799, 745.0
67.02, 1.798, 740.3
67.03, 1.797, 741.6
67.04, 1.796, 738.1
67.05, 1.795, 737.7
67.06, 1.794, 732.7
67.07, 1.793, 731.9
67.08, 1.792, 729.6
67.09, 1.791, 730.1
67.10, 1.790, 725.5
67.11, 1.789, 723.0
67.12, 1.788, 722.1
67.13, 1.787, 720.8
67.14, 1.786, 717.9
67.15, 1.785, 714.8
67.16, 1.784, 713.3
67.17, 1.783, 713.1
67.18, 1.782, 709.2
67.19, 1.781, 708.9
67.20, 1.780, 707.9
67.21, 1.779, 702.8
67.22, 1.778, 703.3
67.23, 1.777, 702.5
67.24, 1.776, 701.2
67.25, 1.775, 697.1
67.26, 1.774, 696.2
67.27, 1.773, 692.4
67.28, 1.772, 692.8
67.29, 1.771, 688.3
67.30, 1.770, 687.5
67.31, 1.769, 685.5
67.32, 1.768, 683.3
67.33, 1.767, 681.6
67.34, 1.766, 679.9
67.35, 1.765, 679.8
67.36, 1.764, 676.0
67.37, 1.763, 675.1
67.38, 1.762, 672.0
67.39, 1.761, 670.6
67.40, 1.760, 669.1
67.41, 1.759, 665.8
67.42, 1.758, 666.0
67.43, 1.757, 662.2
67.44, 1.756, 660.9
67.45, 1.755, 659.8
67.46, 1.754, 658.4
67.47, 1.753, 654.4
67.48, 1.752, 654.1
67.49, 1.751, 649.7
67.50, 1.750, 652.0
67.51, 1.749, 650.1
67.52, 1.748, 648.3
67.53, 1.747, 646.4
67.54, 1.746, 642.9
67.55, 1.745, 642.0
67.56, 1.744, 641.3
67.57, 1.743, 638.6
67.58, 1.742, 637.5
67.59, 1.741, 633.1
67.60, 1.740, 632.0
67.61, 1.739, 630.8
67.62, 1.738, 627.2
67.63, 1.737, 624.6
67.64, 1.736, 623.4
67.65, 1.735, 621.4
67.66, 1.734, 620.3
67.67, 1.733, 617.9
67.68, 1.732, 615.7
67.69, 1.731, 613.5
67.70, 1.730, 613.6
67.71, 1.729, 610.2
67.72, 1.728, 608.4
67.73, 1.727, 606.2
67.74, 1.726, 603.9
67.75, 1.725, 603.8
67.76, 1.724, 601.5
67.77, 1.723, 599.8
67.78, 1.722, 598.3
67.79, 1.721, 595.3
67.80, 1.720, 593.7
67.81, 1.719, 591.9
67.82, 1.718, 590.1
67.83, 1.717, 587.2
67.84, 1.716, 584.6
67.85, 1.715, 584.6
67.86, 1.714, 581.7
67.87, 1.713, 581.7
67.88, 1.712, 578.6
67.89, 1.711, 575.3
67.90, 1.710, 575.2
67.91, 1.709, 573.7
67.92, 1.708, 571.9
67.93, 1.707, 569.6
67.94, 1.706, 567.1
67.95, 1.705, 565.6
67.96, 1.704, 562.6
67.97, 1.703, 562.2
67.98, 1.702, 559.2
67.99, 1.701, 558.0
68.00, 1.700, 555.4
68.01, 1.699, 553.3
68.02, 1.698, 550.4
68.03, 1.697, 547.8
68.04, 1.696, 546.8
68.05, 1.695, 544.5
68.06, 1.694, 541.7
68.07, 1.693, 540.4
68.08, 1.692, 538.9
68.09, 1.691, 537.0
68.10, 1.690, 534.2
68.11, 1.689, 534.4
68.12, 1.688, 533.9
68.13, 1.687, 531.6
68.14, 1.686, 528.1
68.15, 1.685, 527.5
68.16, 1.684, 524.8
68.17, 1.683, 522.4
68.18, 1.682, 521.8
68.19, 1.681, 517.5
68.20, 1.680, 516.0
68.21, 1.679, 514.9
68.22, 1.678, 513.7
68.23, 1.677, 510.9
68.24, 1.676, 510.8
68.25, 1.675, 508.5
68.26, 1.674, 507.3
68.27, 1.673, 502.8
68.28, 1.672, 503.5
68.29, 1.671, 499.8
68.30, 1.670, 497.1
68.31, 1.669, 496.0
68.32, 1.668, 494.7
68.33, 1.667, 494.7
68.34, 1.666, 490.9
68.35, 1.665, 489.2
68.36, 1.664, 488.0
68.37, 1.663, 486.9
68.38, 1.662, 483.2
68.39, 1.661, 480.8
68.40, 1.660, 479.8
68.41, 1.659, 477.1
68.42, 1.658, 474.8
68.43, 1.657, 473.8
68.44, 1.656, 470.5
68.45, 1.655, 468.7
68.46, 1.654, 467.8
68.47, 1.653, 466.1
68.48, 1.652, 461.7
68.49, 1.651, 461.4
68.50, 1.650, 458.6
68.51, 1.649, 456.9
68.52, 1.648, 454.7
68.53, 1.647, 454.5
68.54, 1.646, 450.7
68.55, 1.645, 449.4
68.56, 1.644, 447.3
68.57, 1.643, 446.0
68.58, 1.642, 443.7
68.59, 1.641, 441.0
68.60, 1.640, 440.7
68.61, 1.639, 437.7
68.62, 1.638, 436.0
68.63, 1.637, 432.9
68.64, 1.636, 432.2
68.65, 1.635, 430.5
68.66, 1.634, 428.1
68.67, 1.633, 426.1
68.68, 1.632, 425.6
68.69, 1.631, 420.9
68.70, 1.630, 420.6
68.71, 1.629, 418.7
68.72, 1.628, 414.9
68.73, 1.627, 414.6
68.74, 1.626, 414.5
68.75, 1.625, 413.8
68.76, 1.624, 412.8
68.77, 1.623, 409.4
68.78, 1.622, 408.3
68.79, 1.621, 405.1
68.80, 1.620, 405.5
68.81, 1.619, 401.0
68.82, 1.618, 399.5
68.83, 1.617, 397.7
68.84, 1.616, 395.5
68.85, 1.615, 391.9
68.86, 1.614, 391.9
68.87, 1.613, 387.8
68.88, 1.612, 386.3
68.89, 1.611, 384.2
68.90, 1.610, 382.0
68.91, 1.609, 381.2
68.92, 1.608, 380.1
68.93, 1.607, 377.2
68.94, 1.606, 373.7
68.95, 1.605, 372.2
68.96, 1.604, 370.8
68.97, 1.603, 369.4
68.98, 1.602, 366.6
68.99, 1.601, 366.0
69.00, 1.600, 363.4
69.01, 1.599, 362.4
69.02, 1.598, 360.8
69.03, 1.597, 359.1
69.04, 1.596, 357.1
69.05, 1.595, 353.8
69.06, 1.594, 353.9
69.07, 1.593, 352.8
69.08, 1.592, 349.4
69.09, 1.591, 348.1
69.10, 1.590, 346.4
69.11, 1.589, 344.5
69.12, 1.588, 342.3
69.13, 1.587, 341.3
69.14, 1.586, 337.6
69.15, 1.585, 337.2
69.16, 1.584, 336.6
69.17, 1.583, 331.5
69.18, 1.582, 331.7
69.19, 1.581, 327.3
69.20, 1.580, 326.4
69.21, 1.579, 326.1
69.22, 1.578, 324.4
69.23, 1.577, 322.4
69.24, 1.576, 319.4
69.25, 1.575, 317.9
69.26, 1.574, 313.9
69.27, 1.573, 315.1
69.28, 1.572, 310.3
69.29, 1.571, 310.3
69.30, 1.570, 307.3
69.31, 1.569, 305.5
69.32, 1.568, 301.8
69.33, 1.567, 301.3
69.34, 1.566, 301.2
69.35, 1.565, 298.2
69.36, 1.564, 296.7
69.37, 1.563, 296.9
69.38, 1.562, 295.3
69.39, 1.561, 293.2
69.40, 1.560, 291.6
69.41, 1.559, 291.1
69.42, 1.558, 289.0
69.43, 1.557, 286.1
69.44, 1.556, 284.2
69.45, 1.555, 283.1
69.46, 1.554, 279.6
69.47, 1.553, 279.1
69.48, 1.552, 276.1
69.49, 1.551, 275.9
69.50, 1.550, 272.7
69.51, 1.549, 271.1
69.52, 1.548, 269.7
69.53, 1.547, 268.5
69.54, 1.546, 266.2
69.55, 1.545, 264.5
69.56, 1.544, 264.1
69.57, 1.543, 261.3
69.58, 1.542, 260.6
69.59, 1.541, 257.3
69.60, 1.540, 254.9
69.61, 1.539, 254.6
69.62, 1.538, 253.7
69.63, 1.537, 250.9
69.64, 1.536, 249.0
69.65, 1.535, 247.5
69.66, 1.534, 243.8
69.67, 1.533, 243.3
69.68, 1.532, 241.5
69.69, 1.531, 240.0
69.70, 1.530, 237.9
69.71, 1.529, 234.9
69.72, 1.528, 234.4
69.73, 1.527, 232.9
69.74, 1.526, 231.0
69.75, 1.525, 229.1
69.76, 1.524, 227.3
69.77, 1.523, 226.8
69.78, 1.522, 223.8
69.79, 1.521, 223.7
69.80, 1.520, 220.3
69.81, 1.519, 218.6
69.82, 1.518, 217.9
69.83, 1.517, 215.7
69.84, 1.516, 215.4
69.85, 1.515, 214.4
69.86, 1.514, 210.9
69.87, 1.513, 209.7
69.88, 1.512, 209.0
69.89, 1.511, 206.0
69.90, 1.510, 205.5
69.91, 1.509, 203.9
69.92, 1.508, 203.1
69.93, 1.507, 199.5
69.94, 1.506, 198.3
69.95, 1.505, 197.5
69.96, 1.504, 195.7
69.97, 1.503, 194.8
69.98, 1.502, 191.6
69.99, 1.501, 190.0
70.00, 1.500, 193.0
70.01, 1.499, 192.5
70.02, 1.498, 187.7
70.03, 1.497, 188.2
70.04, 1.496, 184.9
70.05, 1.495, 185.6
70.06, 1.494, 182.1
70.07, 1.493, 181.6
70.08, 1.492, 178.2
70.09, 1.491, 178.7
70.10, 1.490, 175.2
70.11, 1.489, 173.9
70.12, 1.488, 171.5
70.13, 1.487, 169.4
70.14, 1.486, 168.3
70.15, 1.485, 167.0
70.16, 1.484, 166.2
70.17, 1.483, 165.0
70.18, 1.482, 163.4
70.19, 1.481, 160.6
70.20, 1.480, 160.5
70.21, 1.479, 158.9
70.22, 1.478, 155.1
70.23, 1.477, 155.4
70.24, 1.476, 153.1
70.25, 1.475, 153.1
70.26, 1.474, 150.5
70.27, 1.473, 150.5
70.28, 1.472, 147.0
70.29, 1.471, 147.1
70.30, 1.470, 145.0
70.31, 1.469, 144.4
70.32, 1.468, 143.2
70.33, 1.467, 141.7
70.34, 1.466, 141.4
70.35, 1.465, 140.4
70.36, 1.464, 138.0
70.37, 1.463, 137.2
70.38, 1.462, 136.3
70.39, 1.461, 135.4
70.40, 1.460, 133.9
70.41, 1.459, 133.5
70.42, 1.458, 129.5
70.43, 1.457, 130.7
70.44, 1.456, 127.5
70.45, 1.455, 126.9
70.46, 1.454, 124.6
70.47, 1.453, 124.9
70.48, 1.452, 123.8
70.49, 1.451, 121.6
70.50, 1.450, 119.2
70.51, 1.449, 118.6
70.52, 1.448, 116.0
70.53, 1.447, 114.0
70.54, 1.446, 114.5
70.55, 1.445, 110.8
70.56, 1.444, 112.6
70.57, 1.443, 109.8
70.58, 1.442, 109.5
70.59, 1.441, 108.6
70.60, 1.440, 105.6
70.61, 1.439, 106.1
70.62, 1.438, 104.6
70.63, 1.437, 105.1
70.64, 1.436, 102.5
70.65, 1.435, 103.1
70.66, 1.434, 100.6
70.67, 1.433, 98.96
70.68, 1.432, 97.86
70.69, 1.431, 97.79
70.70, 1.430, 93.76
70.71, 1.429, 95.75
70.72, 1.428, 93.10
70.73, 1.427, 91.87
70.74, 1.426, 91.39
70.75, 1.425, 91.40
70.76, 1.424, 89.73
70.77, 1.423, 89.37
70.78, 1.422, 86.36
70.79, 1.421, 88.67
70.80, 1.420, 85.96
70.81, 1.419, 83.59
70.82, 1.418, 84.95
70.83, 1.417, 83.85
70.84, 1.416, 82.84
70.85, 1.415, 81.26
70.86, 1.414, 76.99
70.87, 1.413, 79.37
70.88, 1.412, 77.26
70.89, 1.411, 76.68
70.90, 1.410, 75.41
70.91, 1.409, 75.68
70.92, 1.408, 73.52
70.93, 1.407, 71.08
70.94, 1.406, 72.52
70.95, 1.405, 70.58
70.96, 1.404, 68.77
70.97, 1.403, 68.21
70.98, 1.402, 66.95
70.99, 1.401, 66.65
71.00, 1.400, 64.84
71.01, 1.399, 65.44
71.02, 1.398, 62.86
71.03, 1.397, 63.30
71.04, 1.396, 61.36
71.05, 1.395, 61.88
71.06, 1.394, 59.94
71.07, 1.393, 59.39
71.08, 1.392, 58.85
71.09, 1.391, 57.07
71.10, 1.390, 58.66
71.11, 1.389, 56.32
71.12, 1.388, 55.60
71.13, 1.387, 55.93
71.14, 1.386, 54.12
71.15, 1.385, 54.04
71.16, 1.384, 51.74
71.17, 1.383, 51.43
71.18, 1.382, 52.13
71.19, 1.381, 50.45
71.20, 1.380, 50.56
71.21, 1.379, 49.64
71.22, 1.378, 48.35
71.23, 1.377, 46.35
71.24, 1.376, 47.15
71.25, 1.375, 47.42
71.26, 1.374, 45.51
71.27, 1.373, 46.66
71.28, 1.372, 44.46
71.29, 1.371, 44.75
71.30, 1.370, 42.99
71.31, 1.369, 43.66
71.32, 1.368, 41.51
71.33, 1.367, 39.23
71.34, 1.366, 39.42
71.35, 1.365, 40.01
71.36, 1.364, 37.92
71.37, 1.363, 36.95
71.38, 1.362, 37.04
71.39, 1.361, 37.46
71.40, 1.360, 36.54
71.41, 1.359, 35.76
71.42, 1.358, 33.09
71.43, 1.357, 34.42
71.44, 1.356, 34.49
71.45, 1.355, 33.63
71.46, 1.354, 31.92
71.47, 1.353, 32.30
71.48, 1.352, 31.80
71.49, 1.351, 30.48
71.50, 1.350, 30.42
71.51, 1.349, 29.21
71.52, 1.348, 28.17
71.53, 1.347, 27.75
71.54, 1.346, 26.95
71.55, 1.345, 27.12
71.56, 1.344, 28.03
71.57, 1.343, 26.47
71.58, 1.342, 26.08
71.59, 1.341, 26.53
71.60, 1.340, 25.83
71.61, 1.339, 26.05
71.62, 1.338, 25.43
71.63, 1.337, 25.12
71.64, 1.336, 25.51
71.65, 1.335, 25.09
71.66, 1.334, 22.07
71.67, 1.333, 21.55
71.68, 1.332, 22.72
71.69, 1.331, 22.62
71.70, 1.330, 21.92
71.71, 1.329, 21.95
71.72, 1.328, 20.81
71.73, 1.327, 21.05
71.74, 1.326, 21.15
71.75, 1.325, 19.63
71.76, 1.324, 20.57
71.77, 1.323, 18.53
71.78, 1.322, 18.18
71.79, 1.321, 18.86
71.80, 1.320, 17.75
71.81, 1.319, 18.09
71.82, 1.318, 17.01
71.83, 1.317, 16.04
71.84, 1.316, 16.17
71.85, 1.315, 15.72
71.86, 1.314, 15.66
71.87, 1.313, 15.60
71.88, 1.312, 15.90
71.89, 1.311, 14.72
71.90, 1.310, 15.09
71.91, 1.309, 15.17
71.92, 1.308, 14.04
71.93, 1.307, 14.26
71.94, 1.306, 13.26
71.95, 1.305, 12.38
71.96, 1.304, 12.66
71.97, 1.303, 13.30
71.98, 1.302, 11.52
71.99, 1.301, 13.16
72.00, 1.300, 12.22
72.01, 1.299, 12.79
72.02, 1.298, 12.59
72.03, 1.297, 11.63
72.04, 1.296, 11.69
72.05, 1.295, 10.77
72.06, 1.294, 10.58
72.07, 1.293, 9.370
72.08, 1.292, 9.954
72.09, 1.291, 9.647
72.10, 1.290, 9.212
72.11, 1.289, 10.34
72.12, 1.288, 9.702
72.13, 1.287, 8.971
72.14, 1.286, 9.562
72.15, 1.285, 9.669
72.16, 1.284, 7.465
72.17, 1.283, 9.006
72.18, 1.282, 6.904
72.19, 1.281, 8.487
72.20, 1.280, 7.246
72.21, 1.279, 7.773
72.22, 1.278, 7.077
72.23, 1.277, 7.431
72.24, 1.276, 6.538
72.25, 1.275, 7.468
72.26, 1.274, 7.037
72.27, 1.273, 6.572
72.28, 1.272, 8.512
72.29, 1.271, 6.131
72.30, 1.270, 4.660
72.31, 1.269, 5.812
72.32, 1.268, 5.447
72.33, 1.267, 5.524
72.34, 1.266, 4.067
72.35, 1.265, 6.962
72.36, 1.264, 6.246
72.37, 1.263, 6.167
72.38, 1.262, 6.392
72.39, 1.261, 5.931
72.40, 1.260, 5.878
72.41, 1.259, 4.845
72.42, 1.258, 5.746
72.43, 1.257, 3.938
72.44, 1.256, 5.320
72.45, 1.255, 5.816
72.46, 1.254, 5.215
72.47, 1.253, 5.180
72.48, 1.252, 5.082
72.49, 1.251, 5.339
72.50, 1.250, 5.150
72.51, 1.249, 3.025
72.52, 1.248, 3.661
72.53, 1.247, 4.414
72.54, 1.246, 4.330
72.55, 1.245, 4.459
72.56, 1.244, 3.954
72.57, 1.243, 4.728
72.58, 1.242, 3.449
72.59, 1.241, 2.555
72.60, 1.240, 2.362
72.61, 1.239, 3.598
72.62, 1.238, 3.665
72.63, 1.237, 1.638
72.64, 1.236, 0.8611
72.65, 1.235, 1.218
72.66, 1.234, -0.4556
72.67, 1.233, -0.3306
72.68, 1.232, -1.276
72.69, 1.231, 0.5045
72.70, 1.230, 0.1671
72.71, 1.229, -0.6373
72.72, 1.228, -0.2427
72.73, 1.227, -0.4387
72.74, 1.226, -0.9079
72.75, 1.225, -0.9195
72.76, 1.224, 0.08039
72.77, 1.223, -4.284
72.78, 1.222, -0.5121
72.79, 1.221, -3.581
72.80, 1.220, -3.095
72.81, 1.219, -3.741
72.82, 1.218, -2.997
72.83, 1.217, -3.943
72.84, 1.216, -2.656
72.85, 1.215, -2.720
72.86, 1.214, -4.621
72.87, 1.213, -5.554
72.88, 1.212, -5.057
72.89, 1.211, -5.093
72.90, 1.210, -6.367
72.91, 1.209, -5.606
72.92, 1.208, -6.795
72.93, 1.207, -3.785
72.94, 1.206, -7.611
72.95, 1.205, -5.149
72.96, 1.204, -8.543
72.97, 1.203, -5.859
72.98, 1.202, -8.723
72.99, 1.201, -5.522
73.00, 1.200, -9.067
73.01, 1.199, -8.189
73.02, 1.198, -8.799
73.03, 1.197, -8.420
73.04, 1.196, -8.805
73.05, 1.195, -9.024
73.06, 1.194, -8.339
73.07, 1.193, -8.709
73.08, 1.192, -8.512
73.09, 1.191, -8.699
73.10, 1.190, -7.661
73.11, 1.189, -6.376
73.12, 1.188, -5.877
73.13, 1.187, -6.046
73.14, 1.186, -7.264
73.15, 1.185, -5.910
73.16, 1.184, -4.854
73.17, 1.183, -5.690
73.18, 1.182, -6.022
73.19, 1.181, -3.563
73.20, 1.180, -4.745
73.21, 1.179, -4.060
73.22, 1.178, -4.603
73.23, 1.177, -4.652
73.24, 1.176, -5.085
73.25, 1.175, -3.548
73.26, 1.174, -5.087
73.27, 1.173, -3.565
73.28, 1.172, -4.934
73.29, 1.171, -4.325
73.30, 1.170, -2.101
73.31, 1.169, -4.151
73.32, 1.168, -1.901
73.33, 1.167, -4.464
73.34, 1.166, -2.580
73.35, 1.165, -5.368
73.36, 1.164, -3.286
73.37, 1.163, -3.204
73.38, 1.162, -4.395
73.39, 1.161, -4.260
73.40, 1.160, -3.207
73.41, 1.159, -4.712
73.42, 1.158, -2.768
73.43, 1.157, -3.012
73.44, 1.156, -3.940
73.45, 1.155, -4.978
73.46, 1.154, -2.639
73.47, 1.153, -4.196
73.48, 1.152, -4.669
73.49, 1.151, -5.258
73.50, 1.150, -4.996
73.51, 1.149, -5.519
73.52, 1.148, -4.435
73.53, 1.147, -4.650
73.54, 1.146, -6.551
73.55, 1.145, -3.076
73.56, 1.144, -4.704
73.57, 1.143, -3.689
73.58, 1.142, -4.917
73.59, 1.141, -4.483
73.60, 1.140, -2.601
73.61, 1.139, -3.229
73.62, 1.138, -3.207
73.63, 1.137, -4.080
73.64, 1.136, -4.439
73.65, 1.135, -3.317
73.66, 1.134, -4.343
73.67, 1.133, -4.065
73.68, 1.132, -3.128
73.69, 1.131, -4.409
73.70, 1.130, -3.856
73.71, 1.129, -2.386
73.72, 1.128, -1.788
73.73, 1.127, -2.432
73.74, 1.126, -1.998
73.75, 1.125, -2.171
73.76, 1.124, -1.389
73.77, 1.123, -2.426
73.78, 1.122, -2.217
73.79, 1.121, -1.021
73.80, 1.120, -4.029
73.81, 1.119, -3.327
73.82, 1.118, -2.043
73.83, 1.117, -1.980
73.84, 1.116, -4.365
73.85, 1.115, -3.166
73.86, 1.114, -2.231
73.87, 1.113, -2.707
73.88, 1.112, -3.356
73.89, 1.111, -4.578
73.90, 1.110, -2.819
73.91, 1.109, -2.760
73.92, 1.108, -4.177
73.93, 1.107, -3.900
73.94, 1.106, -2.852
73.95, 1.105, -2.759
73.96, 1.104, -4.214
73.97, 1.103, -1.952
73.98, 1.102, -2.474
73.99, 1.101, -1.955
74.00, 1.100, -1.280
74.01, 1.099, -3.659
74.02, 1.098, -0.8634
74.03, 1.097, -4.799
74.04, 1.096, -1.320
74.05, 1.095, -2.738
74.06, 1.094, -1.228
74.07, 1.093, -2.403
74.08, 1.092, -0.6316
74.09, 1.091, -1.472
74.10, 1.090, -2.035
74.11, 1.089, -1.558
74.12, 1.088, -1.360
74.13, 1.087, -0.5924
74.14, 1.086, -3.570
74.15, 1.085, -0.8825
74.16, 1.084, -1.783
74.17, 1.083, -2.246
74.18, 1.082, -2.987
74.19, 1.081, 0.1163
74.20, 1.080, -2.540
74.21, 1.079, -3.740
74.22, 1.078, -1.793
74.23, 1.077, -2.116
74.24, 1.076, -1.682
74.25, 1.075, -0.9517
74.26, 1.074, -0.1145
74.27, 1.073, -2.498
74.28, 1.072, -1.127
74.29, 1.071, -0.5820
74.30, 1.070, -3.056
74.31, 1.069, -1.384
74.32, 1.068, -3.278
74.33, 1.067, -2.533
74.34, 1.066, 0.09686
74.35, 1.065, -1.455
74.36, 1.064, -2.746
74.37, 1.063, -1.593
74.38, 1.062, -1.966
74.39, 1.061, -0.9153
74.40, 1.060, -1.275
74.41, 1.059, -1.694
74.42, 1.058, -1.897
74.43, 1.057, -2.423
74.44, 1.056, -1.240
74.45, 1.055, -1.479
74.46, 1.054, -2.401
74.47, 1.053, -2.048
74.48, 1.052, -3.438
74.49, 1.051, -2.860
74.50, 1.050, 0.5924
74.51, 1.049, -1.723
74.52, 1.048, -2.482
74.53, 1.047, -2.713
74.54, 1.046, -0.6500
74.55, 1.045, -3.701
74.56, 1.044, -1.815
74.57, 1.043, -1.428
74.58, 1.042, -1.865
74.59, 1.041, -1.614
74.60, 1.040, -1.357
74.61, 1.039, -1.956
74.62, 1.038, -1.238
74.63, 1.037, -2.268
74.64, 1.036, -2.071
74.65, 1.035, -2.365
74.66, 1.034, -2.279
74.67, 1.033, -1.545
74.68, 1.032, -3.381
74.69, 1.031, -0.1055
74.70, 1.030, -0.1349
74.71, 1.029, -0.2392
74.72, 1.028, -2.086
74.73, 1.027, -1.956
74.74, 1.026, -3.738
74.75, 1.025, -2.403
74.76, 1.024, -1.344
74.77, 1.023, -2.426
74.78, 1.022, -4.557
74.79, 1.021, -3.814
74.80, 1.020, -3.353
74.81, 1.019, -3.494
74.82, 1.018, -2.889
74.83, 1.017, -1.713
74.84, 1.016, -2.800
74.85, 1.015, -1.308
74.86, 1.014, -2.525
74.87, 1.013, -1.227
74.88, 1.012, -1.546
74.89, 1.011, -1.765
74.90, 1.010, -1.534
74.91, 1.009, -2.579
74.92, 1.008, -0.9330
74.93, 1.007, -1.654
74.94, 1.006, -2.498
74.95, 1.005, -0.5297
74.96, 1.004, -3.518
74.97, 1.003, -1.717
74.98, 1.002, -3.184
74.99, 1.001, -1.200
75.00, 1.000, -0.07435
75.01, 0.9990, -1.104
75.02, 0.9980, -3.168
75.03, 0.9970, -1.578
75.04, 0.9960, -1.791
75.05, 0.9950, -3.056
75.06, 0.9940, -0.7009
75.07, 0.9930, -2.255
75.08, 0.9920, 0.3759
75.09, 0.9910, -2.743
75.10, 0.9900, -0.7668
75.11, 0.9890, -0.6553
75.12, 0.9880, 0.1701
75.13, 0.9870, -2.790
75.14, 0.9860, -1.551
75.15, 0.9850, -2.342
75.16, 0.9840, -3.757
75.17, 0.9830, -2.333
75.18, 0.9820, -1.929
75.19, 0.9810, -1.203
75.20, 0.9800, -2.532
75.21, 0.9790, -2.828
75.22, 0.9780, -3.051
75.23, 0.9770, -0.9685
75.24, 0.9760, -3.450
75.25, 0.9750, -1.233
75.26, 0.9740, -2.446
75.27, 0.9730, -3.445
75.28, 0.9720, -3.022
75.29, 0.9710, -1.632
75.30, 0.9700, -2.370
75.31, 0.9690, -2.282
75.32, 0.9680, -1.739
75.33, 0.9670, -0.9221
75.34, 0.9660, -3.283
75.35, 0.9650, -2.379
75.36, 0.9640, -2.570
75.37, 0.9630, -1.223
75.38, 0.9620, -2.484
75.39, 0.9610, -4.154
75.40, 0.9600, -0.3631
75.41, 0.9590, -2.311
75.42, 0.9580, -1.745
75.43, 0.9570, -0.6224
75.44, 0.9560, 0.5709
75.45, 0.9550, -2.812
75.46, 0.9540, -0.9121
75.47, 0.9530, -2.329
75.48, 0.9520, -1.586
75.49, 0.9510, -2.926
75.50, 0.9500, -3.147
75.51, 0.9490, -2.818
75.52, 0.9480, -2.569
75.53, 0.9470, -2.498
75.54, 0.9460, -1.564
75.55, 0.9450, -2.462
75.56, 0.9440, -2.036
75.57, 0.9430, -2.607
75.58, 0.9420, -0.7468
75.59, 0.9410, -2.254
75.60, 0.9400, -1.128
75.61, 0.9390, 0.2227
75.62, 0.9380, -1.666
75.63, 0.9370, -3.559
75.64, 0.9360, -2.105
75.65, 0.9350, -1.850
75.66, 0.9340, -1.690
75.67, 0.9330, -3.153
75.68, 0.9320, -0.5256
75.69, 0.9310, -0.7008
75.70, 0.9300, -1.783
75.71, 0.9290, -2.046
75.72, 0.9280, -2.943
75.73, 0.9270, -1.487
75.74, 0.9260, -2.456
75.75, 0.9250, -2.756
75.76, 0.9240, -2.502
75.77, 0.9230, -2.004
75.78, 0.9220, -1.436
75.79, 0.9210, -1.820
75.80, 0.9200, -2.635
75.81, 0.9190, -3.684
75.82, 0.9180, -2.547
75.83, 0.9170, -3.377
75.84, 0.9160, -1.663
75.85, 0.9150, -4.260
75.86, 0.9140, -2.200
75.87, 0.9130, -3.267
75.88, 0.9120, -1.790
75.89, 0.9110, -1.973
75.90, 0.9100, -2.934
75.91, 0.9090, -2.328
75.92, 0.9080, -2.275
75.93, 0.9070, -2.020
75.94, 0.9060, -2.677
75.95, 0.9050, -1.752
75.96, 0.9040, -2.056
75.97, 0.9030, -2.797
75.98, 0.9020, -3.271
75.99, 0.9010, -2.182
76.00, 0.9000, -3.508
76.01, 0.8990, -2.556
76.02, 0.8980, -2.174
76.03, 0.8970, -2.716
76.04, 0.8960, -1.838
76.05, 0.8950, -3.199
76.06, 0.8940, -1.539
76.07, 0.8930, -3.475
76.08, 0.8920, 0.02474
76.09, 0.8910, -1.093
76.10, 0.8900, -1.532
76.11, 0.8890, -2.904
76.12, 0.8880, -3.119
76.13, 0.8870, -3.562
76.14, 0.8860, -2.107
76.15, 0.8850, -3.341
76.16, 0.8840, -2.335
76.17, 0.8830, -2.586
76.18, 0.8820, -0.7209
76.19, 0.8810, -3.174
76.20, 0.8800, -1.927
76.21, 0.8790, -0.8639
76.22, 0.8780, -1.607
76.23, 0.8770, -1.676
76.24, 0.8760, -2.522
76.25, 0.8750, -0.2469
76.26, 0.8740, -2.682
76.27, 0.8730, -2.327
76.28, 0.8720, -1.138
76.29, 0.8710, -1.615
76.30, 0.8700, -3.927
76.31, 0.8690, -3.210
76.32, 0.8680, -2.241
76.33, 0.8670, -2.453
76.34, 0.8660, -4.339
76.35, 0.8650, -1.987
76.36, 0.8640, -3.528
76.37, 0.8630, -1.519
76.38, 0.8620, -2.310
76.39, 0.8610, -1.846
76.40, 0.8600, -1.601
76.41, 0.8590, -1.647
76.42, 0.8580, -3.715
76.43, 0.8570, -3.043
76.44, 0.8560, -3.435
76.45, 0.8550, -3.883
76.46, 0.8540, -3.872
76.47, 0.8530, -3.555
76.48, 0.8520, -1.984
76.49, 0.8510, -3.384
76.50, 0.8500, -1.951
76.51, 0.8490, -2.545
76.52, 0.8480, -3.152
76.53, 0.8470, -2.051
76.54, 0.8460, -3.557
76.55, 0.8450, -2.966
76.56, 0.8440, -1.296
76.57, 0.8430, -2.298
76.58, 0.8420, -2.282
76.59, 0.8410, -4.223
76.60, 0.8400, -1.259
76.61, 0.8390, -3.571
76.62, 0.8380, -3.159
76.63, 0.8370, -2.195
76.64, 0.8360, -3.461
76.65, 0.8350, -2.680
76.66, 0.8340, -1.911
76.67, 0.8330, -2.244
76.68, 0.8320, -1.945
76.69, 0.8310, -3.681
76.70, 0.8300, -1.141
76.71, 0.8290, -3.699
76.72, 0.8280, -2.097
76.73, 0.8270, -1.238
76.74, 0.8260, -1.579
76.75, 0.8250, -2.664
76.76, 0.8240, -2.796
76.77, 0.8230, -2.395
76.78, 0.8220, -3.100
76.79, 0.8210, -2.298
76.80, 0.8200, -3.616
76.81, 0.8190, -1.557
76.82, 0.8180, -4.498
76.83, 0.8170, -3.682
76.84, 0.8160, -4.159
76.85, 0.8150, -3.670
76.86, 0.8140, -3.532
76.87, 0.8130, -2.625
76.88, 0.8120, -4.480
76.89, 0.8110, -2.818
76.90, 0.8100, -3.633
76.91, 0.8090, -2.655
76.92, 0.8080, -2.642
76.93, 0.8070, -2.620
76.94, 0.8060, -4.497
76.95, 0.8050, -3.767
76.96, 0.8040, -3.467
76.97, 0.8030, -4.835
76.98, 0.8020, -3.089
76.99, 0.8010, -2.801
77.00, 0.8000, -3.428
77.01, 0.7990, -2.828
77.02, 0.7980, -3.132
77.03, 0.7970, -3.259
77.04, 0.7960, -2.651
77.05, 0.7950, -1.304
77.06, 0.7940, -1.588
77.07, 0.7930, -2.447
77.08, 0.7920, -3.058
77.09, 0.7910, -2.610
77.10, 0.7900, -3.407
77.11, 0.7890, -3.819
77.12, 0.7880, -3.169
77.13, 0.7870, -2.524
77.14, 0.7860, -1.564
77.15, 0.7850, -3.618
77.16, 0.7840, -1.736
77.17, 0.7830, -3.347
77.18, 0.7820, -2.905
77.19, 0.7810, -3.227
77.20, 0.7800, -2.802
77.21, 0.7790, -2.967
77.22, 0.7780, -0.3793
77.23, 0.7770, -2.516
77.24, 0.7760, -1.842
77.25, 0.7750, -3.539
77.26, 0.7740, -2.765
77.27, 0.7730, -3.703
77.28, 0.7720, -4.345
77.29, 0.7710, -3.914
77.30, 0.7700, -2.397
77.31, 0.7690, -3.169
77.32, 0.7680, -4.231
77.33, 0.7670, -3.583
77.34, 0.7660, -3.422
77.35, 0.7650, -4.032
77.36, 0.7640, -3.565
77.37, 0.7630, -4.038
77.38, 0.7620, -2.977
77.39, 0.7610, -3.802
77.40, 0.7600, -2.936
77.41, 0.7590, -2.482
77.42, 0.7580, -1.778
77.43, 0.7570, -3.183
77.44, 0.7560, -2.845
77.45, 0.7550, -3.417
77.46, 0.7540, -2.668
77.47, 0.7530, -2.709
77.48, 0.7520, -2.271
77.49, 0.7510, -3.583
77.50, 0.7500, -3.621
77.51, 0.7490, -2.715
77.52, 0.7480, -3.017
77.53, 0.7470, -4.042
77.54, 0.7460, -2.502
77.55, 0.7450, -3.561
77.56, 0.7440, -1.680
77.57, 0.7430, -3.737
77.58, 0.7420, -4.101
77.59, 0.7410, -2.543
77.60, 0.7400, -1.347
77.61, 0.7390, -3.635
77.62, 0.7380, -1.816
77.63, 0.7370, -1.923
77.64, 0.7360, -3.284
77.65, 0.7350, -1.377
77.66, 0.7340, -3.272
77.67, 0.7330, -4.456
77.68, 0.7320, -2.759
77.69, 0.7310, -4.173
77.70, 0.7300, -2.153
77.71, 0.7290, -3.825
77.72, 0.7280, -3.151
77.73, 0.7270, -4.248
77.74, 0.7260, -3.028
77.75, 0.7250, -3.532
77.76, 0.7240, -3.668
77.77, 0.7230, -2.823
77.78, 0.7220, -3.386
77.79, 0.7210, -1.863
77.80, 0.7200, -3.423
77.81, 0.7190, -2.365
77.82, 0.7180, -2.936
77.83, 0.7170, -3.190
77.84, 0.7160, -3.170
77.85, 0.7150, -2.365
77.86, 0.7140, -1.997
77.87, 0.7130, -2.685
77.88, 0.7120, -3.658
77.89, 0.7110, -3.061
77.90, 0.7100, -3.542
77.91, 0.7090, -1.898
77.92, 0.7080, -2.748
77.93, 0.7070, -3.497
77.94, 0.7060, -3.224
77.95, 0.7050, -2.413
77.96, 0.7040, -3.226
77.97, 0.7030, -0.1374
77.98, 0.7020, -3.680
77.99, 0.7010, -2.095
78.00, 0.7000, -3.172
78.01, 0.6990, -2.286
78.02, 0.6980, -2.788
78.03, 0.6970, -2.941
78.04, 0.6960, -4.054
78.05, 0.6950, -3.522
78.06, 0.6940, -3.863
78.07, 0.6930, -2.406
78.08, 0.6920, -3.408
78.09, 0.6910, -3.241
78.10, 0.6900, -3.524
78.11, 0.6890, -2.667
78.12, 0.6880, -2.860
78.13, 0.6870, -4.183
78.14, 0.6860, -3.307
78.15, 0.6850, -1.635
78.16, 0.6840, -3.160
78.17, 0.6830, -2.154
78.18, 0.6820, -2.315
78.19, 0.6810, -2.823
78.20, 0.6800, -1.573
78.21, 0.6790, -2.203
78.22, 0.6780, -3.121
78.23, 0.6770, -3.478
78.24, 0.6760, -2.421
78.25, 0.6750, -2.352
78.26, 0.6740, -3.108
78.27, 0.6730, -4.674
78.28, 0.6720, -3.262
78.29, 0.6710, -2.974
78.30, 0.6700, -2.435
78.31, 0.6690, -1.728
78.32, 0.6680, -2.330
78.33, 0.6670, -2.227
78.34, 0.6660, -3.148
78.35, 0.6650, -2.431
78.36, 0.6640, -3.000
78.37, 0.6630, -2.955
78.38, 0.6620, -1.182
78.39, 0.6610, -4.064
78.40, 0.6600, -1.509
78.41, 0.6590, -3.173
78.42, 0.6580, -1.915
78.43, 0.6570, -2.856
78.44, 0.6560, -1.947
78.45, 0.6550, -1.980
78.46, 0.6540, -3.156
78.47, 0.6530, -2.559
78.48, 0.6520, -2.865
78.49, 0.6510, -3.040
78.50, 0.6500, -3.109
78.51, 0.6490, -3.031
78.52, 0.6480, -2.591
78.53, 0.6470, -4.055
78.54, 0.6460, -3.507
78.55, 0.6450, -2.601
78.56, 0.6440, -4.546
78.57, 0.6430, -2.479
78.58, 0.6420, -2.075
78.59, 0.6410, -1.844
78.60, 0.6400, -3.460
78.61, 0.6390, -2.225
78.62, 0.6380, -2.222
78.63, 0.6370, -1.667
78.64, 0.6360, -4.087
78.65, 0.6350, -5.144
78.66, 0.6340, -4.127
78.67, 0.6330, -2.222
78.68, 0.6320, -4.062
78.69, 0.6310, -3.898
78.70, 0.6300, -3.170
78.71, 0.6290, -2.875
78.72, 0.6280, -2.974
78.73, 0.6270, -2.991
78.74, 0.6260, -3.803
78.75, 0.6250, -4.741
78.76, 0.6240, -3.180
78.77, 0.6230, -2.722
78.78, 0.6220, -2.368
78.79, 0.6210, -3.966
78.80, 0.6200, -4.312
78.81, 0.6190, -3.190
78.82, 0.6180, -2.243
78.83, 0.6170, -2.649
78.84, 0.6160, -3.032
78.85, 0.6150, -2.321
78.86, 0.6140, -3.404
78.87, 0.6130, -2.212
78.88, 0.6120, -3.810
78.89, 0.6110, -2.401
78.90, 0.6100, -3.545
78.91, 0.6090, -1.881
78.92, 0.6080, -2.520
78.93, 0.6070, -4.394
78.94, 0.6060, -3.317
78.95, 0.6050, -2.929
78.96, 0.6040, -4.325
78.97, 0.6030, -3.356
78.98, 0.6020, -3.334
78.99, 0.6010, -2.237
79.00, 0.6000, -3.863
79.01, 0.5990, -3.937
79.02, 0.5980, -2.842
79.03, 0.5970, -2.649
79.04, 0.5960, -2.755
79.05, 0.5950, -4.052
79.06, 0.5940, -3.907
79.07, 0.5930, -3.932
79.08, 0.5920, -2.428
79.09, 0.5910, -2.335
79.10, 0.5900, -2.192
79.11, 0.5890, -2.319
79.12, 0.5880, -3.839
79.13, 0.5870, -3.380
79.14, 0.5860, -3.851
79.15, 0.5850, -2.986
79.16, 0.5840, -2.064
79.17, 0.5830, -3.059
79.18, 0.5820, -3.314
79.19, 0.5810, -4.709
79.20, 0.5800, -2.745
79.21, 0.5790, -3.074
79.22, 0.5780, -3.907
79.23, 0.5770, -3.218
79.24, 0.5760, -3.065
79.25, 0.5750, -2.377
79.26, 0.5740, -3.554
79.27, 0.5730, -3.957
79.28, 0.5720, -4.081
79.29, 0.5710, -3.425
79.30, 0.5700, -3.705
79.31, 0.5690, -4.982
79.32, 0.5680, -3.374
79.33, 0.5670, -3.785
79.34, 0.5660, -3.413
79.35, 0.5650, -2.887
79.36, 0.5640, -5.335
79.37, 0.5630, -2.340
79.38, 0.5620, -3.984
79.39, 0.5610, -3.766
79.40, 0.5600, -3.661
79.41, 0.5590, -4.178
79.42, 0.5580, -4.162
79.43, 0.5570, -4.174
79.44, 0.5560, -4.630
79.45, 0.5550, -3.638
79.46, 0.5540, -3.220
79.47, 0.5530, -5.519
79.48, 0.5520, -3.430
79.49, 0.5510, -3.326
79.50, 0.5500, -2.724
79.51, 0.5490, -3.826
79.52, 0.5480, -4.371
79.53, 0.5470, -3.883
79.54, 0.5460, -3.625
79.55, 0.5450, -4.951
79.56, 0.5440, -4.114
79.57, 0.5430, -4.308
79.58, 0.5420, -3.927
79.59, 0.5410, -3.859
79.60, 0.5400, -3.035
79.61, 0.5390, -3.397
79.62, 0.5380, -1.876
79.63, 0.5370, -4.133
79.64, 0.5360, -2.445
79.65, 0.5350, -3.658
79.66, 0.5340, -3.149
79.67, 0.5330, -3.910
79.68, 0.5320, -4.015
79.69, 0.5310, -5.598
79.70, 0.5300, -3.457
79.71, 0.5290, -2.442
79.72, 0.5280, -2.790
79.73, 0.5270, -3.726
79.74, 0.5260, -3.307
79.75, 0.5250, -4.856
79.76, 0.5240, -3.031
79.77, 0.5230, -5.650
79.78, 0.5220, -4.302
79.79, 0.5210, -5.798
79.80, 0.5200, -3.610
79.81, 0.5190, -4.430
79.82, 0.5180, -5.503
79.83, 0.5170, -5.541
79.84, 0.5160, -3.879
79.85, 0.5150, -5.440
79.86, 0.5140, -3.735
79.87, 0.5130, -3.413
79.88, 0.5120, -4.821
79.89, 0.5110, -4.581
79.90, 0.5100, -3.703
79.91, 0.5090, -4.298
79.92, 0.5080, -5.132
79.93, 0.5070, -4.258
79.94, 0.5060, -4.057
79.95, 0.5050, -4.052
79.96, 0.5040, -3.798
79.97, 0.5030, -4.499
79.98, 0.5020, -4.267
79.99, 0.5010, -3.301
80.00, 0.5000, -2.230
80.01, 0.4990, -3.068
80.02, 0.4980, -5.068
80.03, 0.4970, -3.306
80.04, 0.4960, -2.500
80.05, 0.4950, -2.833
80.06, 0.4940, -2.568
80.07, 0.4930, -3.222
80.08, 0.4920, -3.339
80.09, 0.4910, -1.354
80.10, 0.4900, -4.253
80.11, 0.4890, -3.990
80.12, 0.4880, -2.775
80.13, 0.4870, -3.535
80.14, 0.4860, -3.386
80.15, 0.4850, -2.742
80.16, 0.4840, -3.578
80.17, 0.4830, -4.050
80.18, 0.4820, -6.218
80.19, 0.4810, -4.732
80.20, 0.4800, -3.194
80.21, 0.4790, -5.104
80.22, 0.4780, -5.243
80.23, 0.4770, -5.179
80.24, 0.4760, -5.889
80.25, 0.4750, -4.569
80.26, 0.4740, -5.083
80.27, 0.4730, -4.803
80.28, 0.4720, -5.007
80.29, 0.4710, -4.572
80.30, 0.4700, -3.968
80.31, 0.4690, -4.342
80.32, 0.4680, -3.289
80.33, 0.4670, -4.766
80.34, 0.4660, -5.140
80.35, 0.4650, -4.622
80.36, 0.4640, -4.068
80.37, 0.4630, -3.668
80.38, 0.4620, -3.759
80.39, 0.4610, -2.196
80.40, 0.4600, -4.195
80.41, 0.4590, -4.181
80.42, 0.4580, -4.117
80.43, 0.4570, -4.343
80.44, 0.4560, -4.387
80.45, 0.4550, -4.565
80.46, 0.4540, -4.552
80.47, 0.4530, -4.337
80.48, 0.4520, -4.373
80.49, 0.4510, -5.511
80.50, 0.4500, -4.822
80.51, 0.4490, -4.571
80.52, 0.4480, -5.220
80.53, 0.4470, -3.698
80.54, 0.4460, -5.045
80.55, 0.4450, -4.756
80.56, 0.4440, -5.395
80.57, 0.4430, -2.970
80.58, 0.4420, -5.457
80.59, 0.4410, -3.824
80.60, 0.4400, -5.352
80.61, 0.4390, -4.377
80.62, 0.4380, -4.710
80.63, 0.4370, -6.286
80.64, 0.4360, -6.520
80.65, 0.4350, -5.164
80.66, 0.4340, -4.883
80.67, 0.4330, -3.837
80.68, 0.4320, -5.623
80.69, 0.4310, -4.225
80.70, 0.4300, -5.789
80.71, 0.4290, -4.789
80.72, 0.4280, -6.213
80.73, 0.4270, -6.369
80.74, 0.4260, -4.898
80.75, 0.4250, -4.559
80.76, 0.4240, -5.549
80.77, 0.4230, -5.593
80.78, 0.4220, -5.001
80.79, 0.4210, -4.380
80.80, 0.4200, -5.936
80.81, 0.4190, -5.056
80.82, 0.4180, -5.155
80.83, 0.4170, -3.925
80.84, 0.4160, -4.710
80.85, 0.4150, -4.055
80.86, 0.4140, -5.217
80.87, 0.4130, -3.838
80.88, 0.4120, -3.986
80.89, 0.4110, -4.913
80.90, 0.4100, -4.890
80.91, 0.4090, -4.667
80.92, 0.4080, -4.480
80.93, 0.4070, -3.841
80.94, 0.4060, -6.053
80.95, 0.4050, -4.145
80.96, 0.4040, -5.669
80.97, 0.4030, -3.905
80.98, 0.4020, -4.624
80.99, 0.4010, -4.604
81.00, 0.4000, -4.230
81.01, 0.3990, -5.171
81.02, 0.3980, -4.273
81.03, 0.3970, -5.930
81.04, 0.3960, -4.733
81.05, 0.3950, -7.383
81.06, 0.3940, -5.366
81.07, 0.3930, -6.989
81.08, 0.3920, -7.147
81.09, 0.3910, -4.769
81.10, 0.3900, -5.939
81.11, 0.3890, -5.137
81.12, 0.3880, -5.152
81.13, 0.3870, -6.085
81.14, 0.3860, -6.731
81.15, 0.3850, -5.638
81.16, 0.3840, -6.627
81.17, 0.3830, -6.941
81.18, 0.3820, -5.285
81.19, 0.3810, -6.565
81.20, 0.3800, -5.494
81.21, 0.3790, -6.698
81.22, 0.3780, -5.711
81.23, 0.3770, -6.970
81.24, 0.3760, -6.595
81.25, 0.3750, -6.215
81.26, 0.3740, -6.460
81.27, 0.3730, -5.721
81.28, 0.3720, -6.189
81.29, 0.3710, -5.524
81.30, 0.3700, -5.568
81.31, 0.3690, -7.173
81.32, 0.3680, -6.053
81.33, 0.3670, -6.016
81.34, 0.3660, -6.072
81.35, 0.3650, -5.927
81.36, 0.3640, -5.908
81.37, 0.3630, -4.962
81.38, 0.3620, -6.654
81.39, 0.3610, -7.040
81.40, 0.3600, -5.793
81.41, 0.3590, -6.221
81.42, 0.3580, -7.396
81.43, 0.3570, -6.703
81.44, 0.3560, -6.580
81.45, 0.3550, -7.774
81.46, 0.3540, -7.256
81.47, 0.3530, -8.052
81.48, 0.3520, -7.986
81.49, 0.3510, -7.977
81.50, 0.3500, -9.724
81.51, 0.3490, -7.937
81.52, 0.3480, -9.314
81.53, 0.3470, -8.714
81.54, 0.3460, -9.671
81.55, 0.3450, -8.607
81.56, 0.3440, -9.124
81.57, 0.3430, -9.171
81.58, 0.3420, -9.654
81.59, 0.3410, -9.942
81.60, 0.3400, -9.118
81.61, 0.3390, -9.443
81.62, 0.3380, -10.74
81.63, 0.3370, -10.28
81.64, 0.3360, -10.06
81.65, 0.3350, -9.433
81.66, 0.3340, -10.66
81.67, 0.3330, -9.555
81.68, 0.3320, -10.15
81.69, 0.3310, -9.558
81.70, 0.3300, -10.43
81.71, 0.3290, -9.816
81.72, 0.3280, -10.25
81.73, 0.3270, -9.303
81.74, 0.3260, -9.427
81.75, 0.3250, -9.913
81.76, 0.3240, -9.413
81.77, 0.3230, -10.14
81.78, 0.3220, -9.899
81.79, 0.3210, -10.85
81.80, 0.3200, -12.21
81.81, 0.3190, -10.16
81.82, 0.3180, -11.05
81.83, 0.3170, -9.910
81.84, 0.3160, -10.16
81.85, 0.3150, -11.91
81.86, 0.3140, -9.961
81.87, 0.3130, -10.38
81.88, 0.3120, -12.04
81.89, 0.3110, -11.36
81.90, 0.3100, -12.28
81.91, 0.3090, -11.22
81.92, 0.3080, -12.96
81.93, 0.3070, -13.23
81.94, 0.3060, -12.25
81.95, 0.3050, -13.00
81.96, 0.3040, -12.11
81.97, 0.3030, -14.26
81.98, 0.3020, -12.15
81.99, 0.3010, -13.97
82.00, 0.3000, -12.56
82.01, 0.2990, -13.38
82.02, 0.2980, -12.62
82.03, 0.2970, -11.08
82.04, 0.2960, -13.02
82.05, 0.2950, -12.40
82.06, 0.2940, -12.14
82.07, 0.2930, -13.30
82.08, 0.2920, -11.88
82.09, 0.2910, -12.76
82.10, 0.2900, -11.91
82.11, 0.2890, -13.92
82.12, 0.2880, -11.31
82.13, 0.2870, -12.17
82.14, 0.2860, -12.88
82.15, 0.2850, -12.65
82.16, 0.2840, -13.05
82.17, 0.2830, -12.91
82.18, 0.2820, -13.71
82.19, 0.2810, -12.70
82.20, 0.2800, -13.49
82.21, 0.2790, -13.21
82.22, 0.2780, -13.12
82.23, 0.2770, -12.31
82.24, 0.2760, -14.84
82.25, 0.2750, -13.32
82.26, 0.2740, -13.73
82.27, 0.2730, -14.04
82.28, 0.2720, -13.93
82.29, 0.2710, -12.42
82.30, 0.2700, -14.55
82.31, 0.2690, -15.41
82.32, 0.2680, -14.97
82.33, 0.2670, -13.72
82.34, 0.2660, -13.90
82.35, 0.2650, -13.71
82.36, 0.2640, -13.44
82.37, 0.2630, -13.69
82.38, 0.2620, -13.53
82.39, 0.2610, -12.93
82.40, 0.2600, -13.72
82.41, 0.2590, -13.85
82.42, 0.2580, -13.80
82.43, 0.2570, -13.89
82.44, 0.2560, -13.38
82.45, 0.2550, -13.26
82.46, 0.2540, -13.22
82.47, 0.2530, -14.62
82.48, 0.2520, -14.45
82.49, 0.2510, -12.57
82.50, 0.2500, -11.56
82.51, 0.2490, -11.71
82.52, 0.2480, -13.29
82.53, 0.2470, -12.76
82.54, 0.2460, -13.63
82.55, 0.2450, -13.58
82.56, 0.2440, -13.75
82.57, 0.2430, -13.86
82.58, 0.2420, -13.51
82.59, 0.2410, -13.58
82.60, 0.2400, -12.81
82.61, 0.2390, -12.20
82.62, 0.2380, -14.62
82.63, 0.2370, -13.85
82.64, 0.2360, -13.86
82.65, 0.2350, -12.79
82.66, 0.2340, -14.19
82.67, 0.2330, -13.33
82.68, 0.2320, -14.87
82.69, 0.2310, -14.20
82.70, 0.2300, -13.84
82.71, 0.2290, -14.53
82.72, 0.2280, -13.47
82.73, 0.2270, -13.26
82.74, 0.2260, -15.82
82.75, 0.2250, -14.85
82.76, 0.2240, -14.94
82.77, 0.2230, -13.86
82.78, 0.2220, -14.34
82.79, 0.2210, -13.30
82.80, 0.2200, -12.50
82.81, 0.2190, -12.66
82.82, 0.2180, -12.62
82.83, 0.2170, -13.07
82.84, 0.2160, -13.56
82.85, 0.2150, -13.85
82.86, 0.2140, -13.71
82.87, 0.2130, -13.73
82.88, 0.2120, -13.21
82.89, 0.2110, -13.31
82.90, 0.2100, -14.02
82.91, 0.2090, -14.70
82.92, 0.2080, -13.12
82.93, 0.2070, -13.99
82.94, 0.2060, -14.10
82.95, 0.2050, -13.40
82.96, 0.2040, -13.00
82.97, 0.2030, -12.58
82.98, 0.2020, -12.70
82.99, 0.2010, -13.61
83.00, 0.2000, -13.48
83.01, 0.1990, -13.16
83.02, 0.1980, -12.97
83.03, 0.1970, -13.81
83.04, 0.1960, -12.15
83.05, 0.1950, -12.03
83.06, 0.1940, -12.39
83.07, 0.1930, -14.37
83.08, 0.1920, -12.76
83.09, 0.1910, -14.04
83.10, 0.1900, -12.43
83.11, 0.1890, -12.35
83.12, 0.1880, -12.57
83.13, 0.1870, -12.93
83.14, 0.1860, -14.02
83.15, 0.1850, -14.00
83.16, 0.1840, -13.93
83.17, 0.1830, -12.96
83.18, 0.1820, -13.50
83.19, 0.1810, -13.34
83.20, 0.1800, -13.29
83.21, 0.1790, -12.59
83.22, 0.1780, -14.15
83.23, 0.1770, -13.14
83.24, 0.1760, -13.42
83.25, 0.1750, -13.26
83.26, 0.1740, -12.96
83.27, 0.1730, -12.09
83.28, 0.1720, -13.34
83.29, 0.1710, -13.95
83.30, 0.1700, -13.37
83.31, 0.1690, -12.79
83.32, 0.1680, -14.40
83.33, 0.1670, -12.26
83.34, 0.1660, -13.23
83.35, 0.1650, -12.34
83.36, 0.1640, -13.26
83.37, 0.1630, -12.79
83.38, 0.1620, -11.74
83.39, 0.1610, -13.66
83.40, 0.1600, -13.70
83.41, 0.1590, -12.57
83.42, 0.1580, -12.23
83.43, 0.1570, -12.97
83.44, 0.1560, -14.05
83.45, 0.1550, -14.06
83.46, 0.1540, -11.95
83.47, 0.1530, -13.54
83.48, 0.1520, -12.22
83.49, 0.1510, -12.15
83.50, 0.1500, -12.11
83.51, 0.1490, -12.90
83.52, 0.1480, -11.98
83.53, 0.1470, -13.38
83.54, 0.1460, -12.29
83.55, 0.1450, -12.46
83.56, 0.1440, -12.96
83.57, 0.1430, -13.72
83.58, 0.1420, -13.15
83.59, 0.1410, -12.65
83.60, 0.1400, -13.92
83.61, 0.1390, -13.19
83.62, 0.1380, -11.84
83.63, 0.1370, -12.32
83.64, 0.1360, -12.18
83.65, 0.1350, -13.19
83.66, 0.1340, -12.97
83.67, 0.1330, -13.31
83.68, 0.1320, -12.92
83.69, 0.1310, -13.45
83.70, 0.1300, -12.16
83.71, 0.1290, -13.16
83.72, 0.1280, -11.77
83.73, 0.1270, -11.50
83.74, 0.1260, -11.69
83.75, 0.1250, -11.48
83.76, 0.1240, -12.69
83.77, 0.1230, -13.27
83.78, 0.1220, -11.27
83.79, 0.1210, -12.30
83.80, 0.1200, -12.18
83.81, 0.1190, -11.86
83.82, 0.1180, -11.27
83.83, 0.1170, -12.90
83.84, 0.1160, -10.79
83.85, 0.1150, -13.28
83.86, 0.1140, -11.62
83.87, 0.1130, -12.44
83.88, 0.1120, -13.52
83.89, 0.1110, -12.96
83.90, 0.1100, -12.54
83.91, 0.1090, -12.54
83.92, 0.1080, -12.03
83.93, 0.1070, -13.54
83.94, 0.1060, -12.35
83.95, 0.1050, -12.54
83.96, 0.1040, -12.07
83.97, 0.1030, -12.77
83.98, 0.1020, -11.97
83.99, 0.1010, -12.56
84.00, 0.1000, -13.62
84.01, 0.09900, -12.69
84.02, 0.09800, -12.13
84.03, 0.09700, -12.53
84.04, 0.09600, -12.69
84.05, 0.09500, -12.61
84.06, 0.09400, -11.59
84.07, 0.09300, -12.32
84.08, 0.09200, -12.68
84.09, 0.09100, -12.67
84.10, 0.09000, -12.44
84.11, 0.08900, -13.33
84.12, 0.08800, -12.07
84.13, 0.08700, -12.63
84.14, 0.08600, -13.37
84.15, 0.08500, -13.27
84.16, 0.08400, -13.06
84.17, 0.08300, -12.33
84.18, 0.08200, -11.54
84.19, 0.08100, -11.88
84.20, 0.08000, -11.74
84.21, 0.07900, -11.68
84.22, 0.07800, -12.87
84.23, 0.07700, -11.44
84.24, 0.07600, -13.23
84.25, 0.07500, -12.33
84.26, 0.07400, -10.79
84.27, 0.07300, -10.83
84.28, 0.07200, -11.68
84.29, 0.07100, -11.95
84.30, 0.07000, -12.05
84.31, 0.06900, -11.07
84.32, 0.06800, -12.77
84.33, 0.06700, -12.52
84.34, 0.06600, -10.28
84.35, 0.06500, -11.09
84.36, 0.06400, -12.25
84.37, 0.06300, -11.57
84.38, 0.06200, -11.57
84.39, 0.06100, -11.32
84.40, 0.06000, -12.73
84.41, 0.05900, -11.38
84.42, 0.05800, -12.34
84.43, 0.05700, -13.54
84.44, 0.05600, -12.57
84.45, 0.05500, -12.17
84.46, 0.05400, -11.90
84.47, 0.05300, -11.84
84.48, 0.05200, -12.34
84.49, 0.05100, -12.67
84.50, 0.05000, -11.36
84.51, 0.04900, -11.33
84.52, 0.04800, -13.27
84.53, 0.04700, -12.03
84.54, 0.04600, -12.29
84.55, 0.04500, -12.54
84.56, 0.04400, -11.08
84.57, 0.04300, -12.63
84.58, 0.04200, -12.77
84.59, 0.04100, -12.42
84.60, 0.04000, -12.39
84.61, 0.03900, -12.60
84.62, 0.03800, -11.66
84.63, 0.03700, -10.90
84.64, 0.03600, -11.75
84.65, 0.03500, -11.99
84.66, 0.03400, -11.92
84.67, 0.03300, -12.20
84.68, 0.03200, -12.09
84.69, 0.03100, -11.33
84.70, 0.03000, -11.74
84.71, 0.02900, -10.96
84.72, 0.02800, -10.97
84.73, 0.02700, -12.68
84.74, 0.02600, -12.27
84.75, 0.02500, -11.34
84.76, 0.02400, -12.45
84.77, 0.02300, -12.01
84.78, 0.02200, -11.75
84.79, 0.02100, -12.29
84.80, 0.02000, -11.46
84.81, 0.01900, -12.23
84.82, 0.01800, -11.87
84.83, 0.01700, -12.77
84.84, 0.01600, -11.67
84.85, 0.01500, -13.10
84.86, 0.01400, -12.35
84.87, 0.01300, -13.29
84.88, 0.01200, -12.67
84.89, 0.01100, -14.04
84.90, 0.01000, -12.50
84.91, 0.009000, -13.68
84.92, 0.008000, -11.89
84.93, 0.007000, -12.10
84.94, 0.006000, -13.03
84.95, 0.005000, -13.77
84.96, 0.004000, -11.98
84.97, 0.003000, -12.05
84.98, 0.002000, -12.29
84.99, 0.001000, -12.27
85.00, 0.000, -9.913
