0.01000, -0.8000, -27.18
0.02000, -0.8000, -18.10
0.03000, -0.8000, -15.95
0.04000, -0.8000, -13.52
0.05000, -0.8000, -12.57
0.06000, -0.8000, -11.83
0.07000, -0.8000, -10.88
0.08000, -0.8000, -11.79
0.09000, -0.8000, -11.57
0.1000, -0.8000, -10.17
0.1100, -0.8000, -9.416
0.1200, -0.8000, -10.56
0.1300, -0.8000, -9.700
0.1400, -0.8000, -9.584
0.1500, -0.8000, -9.881
0.1600, -0.8000, -9.934
0.1700, -0.8000, -10.15
0.1800, -0.8000, -10.34
0.1900, -0.8000, -9.480
0.2000, -0.8000, -8.560
0.2100, -0.8000, -8.015
0.2200, -0.8000, -8.973
0.2300, -0.8000, -10.26
0.2400, -0.8000, -9.433
0.2500, -0.8000, -8.912
0.2600, -0.8000, -9.349
0.2700, -0.8000, -9.440
0.2800, -0.8000, -8.267
0.2900, -0.8000, -8.729
0.3000, -0.8000, -8.293
0.3100, -0.8000, -9.613
0.3200, -0.8000, -9.977
0.3300, -0.8000, -7.861
0.3400, -0.8000, -8.579
0.3500, -0.8000, -9.021
0.3600, -0.8000, -7.975
0.3700, -0.8000, -8.263
0.3800, -0.8000, -7.564
0.3900, -0.8000, -9.016
0.4000, -0.8000, -7.809
0.4100, -0.8000, -7.875
0.4200, -0.8000, -7.635
0.4300, -0.8000, -7.986
0.4400, -0.8000, -8.812
0.4500, -0.8000, -7.667
0.4600, -0.8000, -8.679
0.4700, -0.8000, -7.611
0.4800, -0.8000, -7.753
0.4900, -0.8000, -7.688
0.5000, -0.8000, -8.225
0.5100, -0.8000, -7.609
0.5200, -0.8000, -8.618
0.5300, -0.8000, -8.470
0.5400, -0.8000, -8.363
0.5500, -0.8000, -8.382
0.5600, -0.8000, -7.773
0.5700, -0.8000, -7.477
0.5800, -0.8000, -7.236
0.5900, -0.8000, -8.230
0.6000, -0.8000, -8.499
0.6100, -0.8000, -8.598
0.6200, -0.8000, -7.950
0.6300, -0.8000, -7.904
0.6400, -0.8000, -8.293
0.6500, -0.8000, -7.654
0.6600, -0.8000, -7.761
0.6700, -0.8000, -7.634
0.6800, -0.8000, -7.998
0.6900, -0.8000, -8.482
0.7000, -0.8000, -8.894
0.7100, -0.8000, -9.685
0.7200, -0.8000, -8.370
0.7300, -0.8000, -7.237
0.7400, -0.8000, -8.040
0.7500, -0.8000, -9.788
0.7600, -0.8000, -7.892
0.7700, -0.8000, -8.780
0.7800, -0.8000, -8.976
0.7900, -0.8000, -9.522
0.8000, -0.8000, -8.340
0.8100, -0.8000, -8.307
0.8200, -0.8000, -8.286
0.8300, -0.8000, -8.162
0.8400, -0.8000, -8.462
0.8500, -0.8000, -7.736
0.8600, -0.8000, -8.360
0.8700, -0.8000, -7.486
0.8800, -0.8000, -8.656
0.8900, -0.8000, -8.286
0.9000, -0.8000, -7.714
0.9100, -0.8000, -7.995
0.9200, -0.8000, -7.096
0.9300, -0.8000, -7.562
0.9400, -0.8000, -7.767
0.9500, -0.8000, -8.842
0.9600, -0.8000, -8.706
0.9700, -0.8000, -8.193
0.9800, -0.8000, -7.220
0.9900, -0.8000, -7.404
1.000, -0.8000, -8.214
1.010, -0.8000, -7.250
1.020, -0.8000, -7.837
1.030, -0.8000, -6.916
1.040, -0.8000, -7.807
1.050, -0.8000, -8.501
1.060, -0.8000, -8.067
1.070, -0.8000, -8.903
1.080, -0.8000, -8.074
1.090, -0.8000, -8.031
1.100, -0.8000, -8.328
1.110, -0.8000, -8.440
1.120, -0.8000, -7.661
1.130, -0.8000, -9.113
1.140, -0.8000, -8.104
1.150, -0.8000, -7.212
1.160, -0.8000, -8.554
1.170, -0.8000, -6.806
1.180, -0.8000, -8.778
1.190, -0.8000, -8.059
1.200, -0.8000, -7.630
1.210, -0.8000, -9.199
1.220, -0.8000, -8.000
1.230, -0.8000, -9.018
1.240, -0.8000, -8.429
1.250, -0.8000, -8.378
1.260, -0.8000, -7.833
1.270, -0.8000, -7.793
1.280, -0.8000, -8.590
1.290, -0.8000, -8.145
1.300, -0.8000, -8.864
1.310, -0.8000, -7.238
1.320, -0.8000, -7.841
1.330, -0.8000, -7.367
1.340, -0.8000, -7.736
1.350, -0.8000, -8.190
1.360, -0.8000, -8.534
1.370, -0.8000, -7.883
1.380, -0.8000, -8.477
1.390, -0.8000, -7.495
1.400, -0.8000, -7.641
1.410, -0.8000, -8.595
1.420, -0.8000, -7.807
1.430, -0.8000, -6.521
1.440, -0.8000, -8.280
1.450, -0.8000, -6.929
1.460, -0.8000, -8.036
1.470, -0.8000, -7.618
1.480, -0.8000, -8.697
1.490, -0.8000, -8.622
1.500, -0.8000, -7.548
1.510, -0.8000, -7.689
1.520, -0.8000, -8.582
1.530, -0.8000, -7.666
1.540, -0.8000, -9.680
1.550, -0.8000, -9.417
1.560, -0.8000, -9.452
1.570, -0.8000, -7.776
1.580, -0.8000, -8.009
1.590, -0.8000, -8.358
1.600, -0.8000, -7.777
1.610, -0.8000, -9.035
1.620, -0.8000, -8.297
1.630, -0.8000, -7.491
1.640, -0.8000, -8.465
1.650, -0.8000, -8.469
1.660, -0.8000, -9.166
1.670, -0.8000, -7.779
1.680, -0.8000, -7.729
1.690, -0.8000, -8.538
1.700, -0.8000, -8.573
1.710, -0.8000, -9.150
1.720, -0.8000, -9.491
1.730, -0.8000, -6.801
1.740, -0.8000, -9.718
1.750, -0.8000, -7.969
1.760, -0.8000, -8.576
1.770, -0.8000, -9.971
1.780, -0.8000, -9.247
1.790, -0.8000, -9.177
1.800, -0.8000, -7.976
1.810, -0.8000, -7.922
1.820, -0.8000, -8.273
1.830, -0.8000, -8.853
1.840, -0.8000, -8.163
1.850, -0.8000, -10.07
1.860, -0.8000, -8.527
1.870, -0.8000, -8.033
1.880, -0.8000, -8.249
1.890, -0.8000, -7.812
1.900, -0.8000, -8.585
1.910, -0.8000, -8.986
1.920, -0.8000, -8.546
1.930, -0.8000, -8.532
1.940, -0.8000, -8.978
1.950, -0.8000, -8.762
1.960, -0.8000, -8.687
1.970, -0.8000, -7.941
1.980, -0.8000, -7.827
1.990, -0.8000, -8.926
2.000, -0.8000, -8.167
2.010, -0.8000, -7.719
2.020, -0.8000, -9.040
2.030, -0.8000, -8.321
2.040, -0.8000, -8.450
2.050, -0.8000, -9.156
2.060, -0.8000, -8.120
2.070, -0.8000, -8.013
2.080, -0.8000, -7.242
2.090, -0.8000, -7.627
2.100, -0.8000, -7.505
2.110, -0.8000, -8.497
2.120, -0.8000, -7.979
2.130, -0.8000, -7.695
2.140, -0.8000, -8.740
2.150, -0.8000, -9.042
2.160, -0.8000, -8.599
2.170, -0.8000, -7.279
2.180, -0.8000, -7.987
2.190, -0.8000, -7.749
2.200, -0.8000, -8.168
2.210, -0.8000, -8.189
2.220, -0.8000, -7.940
2.230, -0.8000, -8.099
2.240, -0.8000, -8.298
2.250, -0.8000, -9.195
2.260, -0.8000, -8.648
2.270, -0.8000, -8.056
2.280, -0.8000, -8.751
2.290, -0.8000, -7.997
2.300, -0.8000, -7.545
2.310, -0.8000, -8.476
2.320, -0.8000, -8.441
2.330, -0.8000, -7.858
2.340, -0.8000, -8.542
2.350, -0.8000, -8.242
2.360, -0.8000, -7.630
2.370, -0.8000, -8.402
2.380, -0.8000, -8.038
2.390, -0.8000, -9.096
2.400, -0.8000, -8.536
2.410, -0.8000, -8.351
2.420, -0.8000, -8.379
2.430, -0.8000, -8.015
2.440, -0.8000, -8.342
2.450, -0.8000, -7.639
2.460, -0.8000, -9.167
2.470, -0.8000, -9.053
2.480, -0.8000, -9.395
2.490, -0.8000, -8.152
2.500, -0.8000, -8.141
2.510, -0.8000, -7.318
2.520, -0.8000, -8.349
2.530, -0.8000, -7.815
2.540, -0.8000, -8.157
2.550, -0.8000, -8.173
2.560, -0.8000, -8.859
2.570, -0.8000, -8.467
2.580, -0.8000, -8.402
2.590, -0.8000, -9.942
2.600, -0.8000, -9.079
2.610, -0.8000, -8.552
2.620, -0.8000, -8.163
2.630, -0.8000, -8.971
2.640, -0.8000, -7.772
2.650, -0.8000, -8.549
2.660, -0.8000, -8.111
2.670, -0.8000, -8.458
2.680, -0.8000, -8.049
2.690, -0.8000, -8.576
2.700, -0.8000, -8.046
2.710, -0.8000, -8.456
2.720, -0.8000, -7.772
2.730, -0.8000, -8.184
2.740, -0.8000, -7.836
2.750, -0.8000, -7.941
2.760, -0.8000, -7.972
2.770, -0.8000, -7.723
2.780, -0.8000, -7.870
2.790, -0.8000, -7.658
2.800, -0.8000, -9.037
2.810, -0.8000, -9.688
2.820, -0.8000, -7.677
2.830, -0.8000, -9.548
2.840, -0.8000, -8.097
2.850, -0.8000, -7.865
2.860, -0.8000, -8.127
2.870, -0.8000, -7.609
2.880, -0.8000, -7.711
2.890, -0.8000, -8.328
2.900, -0.8000, -8.392
2.910, -0.8000, -8.450
2.920, -0.8000, -8.460
2.930, -0.8000, -7.741
2.940, -0.8000, -8.277
2.950, -0.8000, -8.180
2.960, -0.8000, -8.245
2.970, -0.8000, -6.753
2.980, -0.8000, -8.298
2.990, -0.8000, -7.903
3.000, -0.8000, -8.900
3.010, -0.8000, -7.868
3.020, -0.8000, -8.839
3.030, -0.8000, -9.262
3.040, -0.8000, -8.461
3.050, -0.8000, -8.261
3.060, -0.8000, -8.328
3.070, -0.8000, -8.700
3.080, -0.8000, -8.083
3.090, -0.8000, -7.731
3.100, -0.8000, -8.295
3.110, -0.8000, -8.487
3.120, -0.8000, -8.621
3.130, -0.8000, -8.221
3.140, -0.8000, -8.681
3.150, -0.8000, -6.926
3.160, -0.8000, -9.693
3.170, -0.8000, -8.439
3.180, -0.8000, -8.554
3.190, -0.8000, -8.487
3.200, -0.8000, -8.226
3.210, -0.8000, -7.400
3.220, -0.8000, -8.647
3.230, -0.8000, -7.607
3.240, -0.8000, -8.270
3.250, -0.8000, -7.425
3.260, -0.8000, -9.152
3.270, -0.8000, -9.259
3.280, -0.8000, -8.608
3.290, -0.8000, -8.048
3.300, -0.8000, -7.527
3.310, -0.8000, -8.037
3.320, -0.8000, -8.518
3.330, -0.8000, -7.790
3.340, -0.8000, -7.608
3.350, -0.8000, -8.565
3.360, -0.8000, -7.814
3.370, -0.8000, -7.672
3.380, -0.8000, -7.994
3.390, -0.8000, -8.722
3.400, -0.8000, -7.911
3.410, -0.8000, -8.640
3.420, -0.8000, -8.173
3.430, -0.8000, -8.341
3.440, -0.8000, -7.474
3.450, -0.8000, -6.888
3.460, -0.8000, -8.158
3.470, -0.8000, -7.805
3.480, -0.8000, -7.585
3.490, -0.8000, -6.894
3.500, -0.8000, -8.456
3.510, -0.8000, -7.753
3.520, -0.8000, -8.137
3.530, -0.8000, -8.174
3.540, -0.8000, -7.340
3.550, -0.8000, -9.288
3.560, -0.8000, -7.733
3.570, -0.8000, -9.680
3.580, -0.8000, -8.883
3.590, -0.8000, -8.648
3.600, -0.8000, -7.998
3.610, -0.8000, -8.915
3.620, -0.8000, -8.090
3.630, -0.8000, -7.973
3.640, -0.8000, -7.644
3.650, -0.8000, -7.646
3.660, -0.8000, -8.769
3.670, -0.8000, -7.353
3.680, -0.8000, -7.295
3.690, -0.8000, -8.485
3.700, -0.8000, -7.912
3.710, -0.8000, -7.811
3.720, -0.8000, -7.873
3.730, -0.8000, -7.790
3.740, -0.8000, -8.411
3.750, -0.8000, -8.368
3.760, -0.8000, -7.995
3.770, -0.8000, -8.613
3.780, -0.8000, -8.144
3.790, -0.8000, -7.521
3.800, -0.8000, -7.736
3.810, -0.8000, -7.883
3.820, -0.8000, -8.443
3.830, -0.8000, -8.101
3.840, -0.8000, -8.195
3.850, -0.8000, -9.712
3.860, -0.8000, -8.681
3.870, -0.8000, -7.636
3.880, -0.8000, -8.106
3.890, -0.8000, -9.079
3.900, -0.8000, -8.287
3.910, -0.8000, -8.005
3.920, -0.8000, -7.413
3.930, -0.8000, -8.323
3.940, -0.8000, -7.995
3.950, -0.8000, -8.555
3.960, -0.8000, -7.778
3.970, -0.8000, -8.416
3.980, -0.8000, -7.846
3.990, -0.8000, -7.813
4.000, -0.8000, -9.403
4.010, -0.8000, -8.096
4.020, -0.8000, -8.135
4.030, -0.8000, -9.320
4.040, -0.8000, -8.337
4.050, -0.8000, -8.834
4.060, -0.8000, -8.410
4.070, -0.8000, -8.227
4.080, -0.8000, -8.545
4.090, -0.8000, -8.146
4.100, -0.8000, -8.079
4.110, -0.8000, -7.949
4.120, -0.8000, -8.262
4.130, -0.8000, -8.365
4.140, -0.8000, -8.074
4.150, -0.8000, -7.937
4.160, -0.8000, -7.792
4.170, -0.8000, -9.391
4.180, -0.8000, -9.091
4.190, -0.8000, -7.461
4.200, -0.8000, -8.370
4.210, -0.8000, -9.190
4.220, -0.8000, -9.355
4.230, -0.8000, -8.029
4.240, -0.8000, -8.166
4.250, -0.8000, -8.293
4.260, -0.8000, -8.154
4.270, -0.8000, -9.132
4.280, -0.8000, -8.111
4.290, -0.8000, -8.894
4.300, -0.8000, -8.062
4.310, -0.8000, -8.425
4.320, -0.8000, -8.538
4.330, -0.8000, -8.526
4.340, -0.8000, -7.605
4.350, -0.8000, -7.244
4.360, -0.8000, -9.381
4.370, -0.8000, -8.686
4.380, -0.8000, -9.000
4.390, -0.8000, -8.118
4.400, -0.8000, -9.111
4.410, -0.8000, -8.365
4.420, -0.8000, -9.905
4.430, -0.8000, -9.824
4.440, -0.8000, -8.528
4.450, -0.8000, -9.605
4.460, -0.8000, -7.590
4.470, -0.8000, -7.819
4.480, -0.8000, -8.733
4.490, -0.8000, -8.866
4.500, -0.8000, -8.267
4.510, -0.8000, -8.335
4.520, -0.8000, -9.117
4.530, -0.8000, -8.802
4.540, -0.8000, -8.198
4.550, -0.8000, -8.409
4.560, -0.8000, -7.419
4.570, -0.8000, -7.691
4.580, -0.8000, -9.419
4.590, -0.8000, -8.242
4.600, -0.8000, -8.172
4.610, -0.8000, -8.716
4.620, -0.8000, -9.386
4.630, -0.8000, -7.848
4.640, -0.8000, -7.981
4.650, -0.8000, -8.536
4.660, -0.8000, -9.006
4.670, -0.8000, -7.888
4.680, -0.8000, -8.630
4.690, -0.8000, -8.530
4.700, -0.8000, -8.116
4.710, -0.8000, -8.105
4.720, -0.8000, -8.964
4.730, -0.8000, -7.863
4.740, -0.8000, -7.849
4.750, -0.8000, -9.503
4.760, -0.8000, -8.441
4.770, -0.8000, -9.227
4.780, -0.8000, -7.834
4.790, -0.8000, -7.802
4.800, -0.8000, -7.845
4.810, -0.8000, -8.584
4.820, -0.8000, -8.681
4.830, -0.8000, -8.779
4.840, -0.8000, -8.637
4.850, -0.8000, -8.270
4.860, -0.8000, -8.406
4.870, -0.8000, -8.219
4.880, -0.8000, -8.317
4.890, -0.8000, -7.969
4.900, -0.8000, -8.358
4.910, -0.8000, -8.807
4.920, -0.8000, -7.664
4.930, -0.8000, -8.642
4.940, -0.8000, -8.103
4.950, -0.8000, -7.598
4.960, -0.8000, -8.862
4.970, -0.8000, -8.665
4.980, -0.8000, -7.337
4.990, -0.8000, -7.402
5.000, -0.8000, -9.047
5.010, -0.8000, -7.983
5.020, -0.8000, -7.209
5.030, -0.8000, -8.157
5.040, -0.8000, -7.729
5.050, -0.8000, -8.864
5.060, -0.8000, -8.010
5.070, -0.8000, -8.668
5.080, -0.8000, -8.571
5.090, -0.8000, -8.049
5.100, -0.8000, -8.472
5.110, -0.8000, -8.656
5.120, -0.8000, -7.767
5.130, -0.8000, -7.556
5.140, -0.8000, -8.008
5.150, -0.8000, -8.504
5.160, -0.8000, -8.140
5.170, -0.8000, -8.616
5.180, -0.8000, -7.769
5.190, -0.8000, -9.188
5.200, -0.8000, -7.630
5.210, -0.8000, -8.633
5.220, -0.8000, -7.812
5.230, -0.8000, -7.191
5.240, -0.8000, -7.805
5.250, -0.8000, -8.550
5.260, -0.8000, -7.705
5.270, -0.8000, -9.039
5.280, -0.8000, -8.837
5.290, -0.8000, -8.627
5.300, -0.8000, -7.756
5.310, -0.8000, -8.002
5.320, -0.8000, -8.427
5.330, -0.8000, -8.884
5.340, -0.8000, -8.172
5.350, -0.8000, -8.148
5.360, -0.8000, -7.288
5.370, -0.8000, -7.863
5.380, -0.8000, -8.015
5.390, -0.8000, -8.689
5.400, -0.8000, -8.216
5.410, -0.8000, -8.764
5.420, -0.8000, -8.647
5.430, -0.8000, -9.122
5.440, -0.8000, -7.457
5.450, -0.8000, -8.792
5.460, -0.8000, -8.785
5.470, -0.8000, -8.169
5.480, -0.8000, -9.156
5.490, -0.8000, -8.545
5.500, -0.8000, -7.799
5.510, -0.8000, -8.293
5.520, -0.8000, -8.350
5.530, -0.8000, -9.202
5.540, -0.8000, -8.839
5.550, -0.8000, -7.723
5.560, -0.8000, -8.228
5.570, -0.8000, -7.981
5.580, -0.8000, -8.204
5.590, -0.8000, -8.641
5.600, -0.8000, -7.680
5.610, -0.8000, -9.998
5.620, -0.8000, -8.014
5.630, -0.8000, -8.284
5.640, -0.8000, -7.641
5.650, -0.8000, -8.478
5.660, -0.8000, -8.209
5.670, -0.8000, -7.123
5.680, -0.8000, -8.414
5.690, -0.8000, -7.338
5.700, -0.8000, -8.345
5.710, -0.8000, -8.297
5.720, -0.8000, -8.432
5.730, -0.8000, -8.086
5.740, -0.8000, -8.170
5.750, -0.8000, -8.358
5.760, -0.8000, -9.536
5.770, -0.8000, -8.199
5.780, -0.8000, -8.645
5.790, -0.8000, -8.603
5.800, -0.8000, -7.633
5.810, -0.8000, -8.362
5.820, -0.8000, -8.416
5.830, -0.8000, -8.062
5.840, -0.8000, -7.635
5.850, -0.8000, -9.290
5.860, -0.8000, -8.048
5.870, -0.8000, -7.980
5.880, -0.8000, -8.429
5.890, -0.8000, -7.308
5.900, -0.8000, -8.645
5.910, -0.8000, -6.859
5.920, -0.8000, -9.352
5.930, -0.8000, -8.675
5.940, -0.8000, -7.587
5.950, -0.8000, -7.743
5.960, -0.8000, -7.803
5.970, -0.8000, -7.665
5.980, -0.8000, -8.120
5.990, -0.8000, -7.533
6.000, -0.8000, -7.960
6.010, -0.8000, -7.884
6.020, -0.8000, -7.148
6.030, -0.8000, -8.245
6.040, -0.8000, -9.400
6.050, -0.8000, -8.750
6.060, -0.8000, -8.809
6.070, -0.8000, -8.430
6.080, -0.8000, -8.175
6.090, -0.8000, -8.781
6.100, -0.8000, -8.441
6.110, -0.8000, -8.867
6.120, -0.8000, -8.402
6.130, -0.8000, -9.530
6.140, -0.8000, -8.148
6.150, -0.8000, -8.707
6.160, -0.8000, -8.373
6.170, -0.8000, -7.914
6.180, -0.8000, -7.315
6.190, -0.8000, -8.520
6.200, -0.8000, -7.971
6.210, -0.8000, -7.733
6.220, -0.8000, -7.954
6.230, -0.8000, -8.427
6.240, -0.8000, -8.231
6.250, -0.8000, -8.271
6.260, -0.8000, -8.259
6.270, -0.8000, -8.021
6.280, -0.8000, -8.351
6.290, -0.8000, -8.336
6.300, -0.8000, -7.705
6.310, -0.8000, -8.349
6.320, -0.8000, -8.467
6.330, -0.8000, -8.090
6.340, -0.8000, -8.160
6.350, -0.8000, -8.313
6.360, -0.8000, -8.715
6.370, -0.8000, -8.952
6.380, -0.8000, -7.879
6.390, -0.8000, -8.420
6.400, -0.8000, -7.784
6.410, -0.8000, -7.292
6.420, -0.8000, -8.316
6.430, -0.8000, -7.768
6.440, -0.8000, -8.375
6.450, -0.8000, -8.733
6.460, -0.8000, -7.429
6.470, -0.8000, -7.948
6.480, -0.8000, -8.008
6.490, -0.8000, -7.080
6.500, -0.8000, -8.215
6.510, -0.8000, -7.354
6.520, -0.8000, -8.601
6.530, -0.8000, -7.812
6.540, -0.8000, -7.032
6.550, -0.8000, -7.317
6.560, -0.8000, -7.832
6.570, -0.8000, -7.358
6.580, -0.8000, -7.740
6.590, -0.8000, -7.464
6.600, -0.8000, -7.975
6.610, -0.8000, -7.829
6.620, -0.8000, -7.944
6.630, -0.8000, -7.910
6.640, -0.8000, -7.411
6.650, -0.8000, -7.882
6.660, -0.8000, -6.896
6.670, -0.8000, -8.061
6.680, -0.8000, -8.103
6.690, -0.8000, -8.510
6.700, -0.8000, -8.358
6.710, -0.8000, -8.730
6.720, -0.8000, -8.207
6.730, -0.8000, -7.482
6.740, -0.8000, -8.529
6.750, -0.8000, -8.121
6.760, -0.8000, -8.314
6.770, -0.8000, -8.755
6.780, -0.8000, -7.923
6.790, -0.8000, -8.608
6.800, -0.8000, -8.215
6.810, -0.8000, -8.170
6.820, -0.8000, -8.552
6.830, -0.8000, -8.775
6.840, -0.8000, -7.810
6.850, -0.8000, -8.330
6.860, -0.8000, -8.252
6.870, -0.8000, -8.511
6.880, -0.8000, -7.821
6.890, -0.8000, -8.456
6.900, -0.8000, -9.053
6.910, -0.8000, -8.426
6.920, -0.8000, -8.164
6.930, -0.8000, -8.393
6.940, -0.8000, -7.417
6.950, -0.8000, -9.686
6.960, -0.8000, -8.418
6.970, -0.8000, -8.103
6.980, -0.8000, -7.332
6.990, -0.8000, -7.949
7.000, -0.8000, -7.909
7.010, -0.8000, -7.877
7.020, -0.8000, -9.841
7.030, -0.8000, -8.745
7.040, -0.8000, -7.568
7.050, -0.8000, -8.330
7.060, -0.8000, -8.419
7.070, -0.8000, -8.147
7.080, -0.8000, -8.402
7.090, -0.8000, -9.146
7.100, -0.8000, -8.684
7.110, -0.8000, -7.446
7.120, -0.8000, -8.029
7.130, -0.8000, -8.576
7.140, -0.8000, -8.859
7.150, -0.8000, -8.485
7.160, -0.8000, -7.923
7.170, -0.8000, -8.883
7.180, -0.8000, -8.358
7.190, -0.8000, -8.522
7.200, -0.8000, -7.453
7.210, -0.8000, -8.682
7.220, -0.8000, -8.302
7.230, -0.8000, -8.271
7.240, -0.8000, -8.559
7.250, -0.8000, -9.729
7.260, -0.8000, -8.056
7.270, -0.8000, -9.035
7.280, -0.8000, -7.821
7.290, -0.8000, -8.707
7.300, -0.8000, -8.181
7.310, -0.8000, -7.986
7.320, -0.8000, -9.209
7.330, -0.8000, -8.482
7.340, -0.8000, -7.536
7.350, -0.8000, -10.14
7.360, -0.8000, -7.525
7.370, -0.8000, -7.602
7.380, -0.8000, -7.990
7.390, -0.8000, -7.841
7.400, -0.8000, -8.103
7.410, -0.8000, -9.479
7.420, -0.8000, -8.695
7.430, -0.8000, -8.510
7.440, -0.8000, -7.630
7.450, -0.8000, -8.029
7.460, -0.8000, -7.833
7.470, -0.8000, -8.210
7.480, -0.8000, -7.993
7.490, -0.8000, -9.031
7.500, -0.8000, -8.254
7.510, -0.8000, -8.848
7.520, -0.8000, -7.643
7.530, -0.8000, -7.927
7.540, -0.8000, -8.193
7.550, -0.8000, -7.853
7.560, -0.8000, -8.890
7.570, -0.8000, -8.467
7.580, -0.8000, -7.904
7.590, -0.8000, -8.589
7.600, -0.8000, -8.347
7.610, -0.8000, -8.111
7.620, -0.8000, -7.711
7.630, -0.8000, -8.011
7.640, -0.8000, -7.866
7.650, -0.8000, -7.702
7.660, -0.8000, -8.280
7.670, -0.8000, -8.257
7.680, -0.8000, -8.226
7.690, -0.8000, -8.557
7.700, -0.8000, -7.827
7.710, -0.8000, -7.893
7.720, -0.8000, -8.215
7.730, -0.8000, -7.611
7.740, -0.8000, -7.582
7.750, -0.8000, -8.472
7.760, -0.8000, -8.255
7.770, -0.8000, -8.238
7.780, -0.8000, -7.490
7.790, -0.8000, -7.742
7.800, -0.8000, -8.630
7.810, -0.8000, -7.547
7.820, -0.8000, -7.794
7.830, -0.8000, -8.868
7.840, -0.8000, -7.120
7.850, -0.8000, -8.192
7.860, -0.8000, -8.467
7.870, -0.8000, -7.133
7.880, -0.8000, -8.231
7.890, -0.8000, -8.270
7.900, -0.8000, -8.596
7.910, -0.8000, -8.602
7.920, -0.8000, -9.812
7.930, -0.8000, -8.648
7.940, -0.8000, -8.776
7.950, -0.8000, -8.982
7.960, -0.8000, -8.142
7.970, -0.8000, -8.821
7.980, -0.8000, -8.343
7.990, -0.8000, -8.010
8.000, -0.8000, -9.792
8.010, -0.8000, -7.961
8.020, -0.8000, -8.142
8.030, -0.8000, -8.077
8.040, -0.8000, -7.862
8.050, -0.8000, -8.463
8.060, -0.8000, -9.196
8.070, -0.8000, -7.748
8.080, -0.8000, -9.205
8.090, -0.8000, -7.446
8.100, -0.8000, -8.031
8.110, -0.8000, -8.217
8.120, -0.8000, -7.571
8.130, -0.8000, -8.079
8.140, -0.8000, -8.522
8.150, -0.8000, -8.267
8.160, -0.8000, -10.29
8.170, -0.8000, -7.915
8.180, -0.8000, -7.585
8.190, -0.8000, -8.272
8.200, -0.8000, -7.813
8.210, -0.8000, -8.504
8.220, -0.8000, -8.600
8.230, -0.8000, -8.532
8.240, -0.8000, -7.053
8.250, -0.8000, -7.371
8.260, -0.8000, -8.363
8.270, -0.8000, -8.595
8.280, -0.8000, -10.33
8.290, -0.8000, -8.602
8.300, -0.8000, -7.619
8.310, -0.8000, -8.234
8.320, -0.8000, -8.205
8.330, -0.8000, -9.006
8.340, -0.8000, -8.500
8.350, -0.8000, -8.473
8.360, -0.8000, -8.098
8.370, -0.8000, -8.991
8.380, -0.8000, -9.176
8.390, -0.8000, -7.939
8.400, -0.8000, -9.735
8.410, -0.8000, -8.661
8.420, -0.8000, -7.681
8.430, -0.8000, -8.351
8.440, -0.8000, -9.979
8.450, -0.8000, -6.581
8.460, -0.8000, -7.584
8.470, -0.8000, -7.921
8.480, -0.8000, -7.712
8.490, -0.8000, -8.513
8.500, -0.8000, -9.091
8.510, -0.8000, -8.147
8.520, -0.8000, -8.394
8.530, -0.8000, -7.308
8.540, -0.8000, -7.755
8.550, -0.8000, -9.635
8.560, -0.8000, -8.559
8.570, -0.8000, -7.797
8.580, -0.8000, -8.490
8.590, -0.8000, -8.290
8.600, -0.8000, -7.760
8.610, -0.8000, -7.642
8.620, -0.8000, -8.133
8.630, -0.8000, -9.548
8.640, -0.8000, -8.538
8.650, -0.8000, -7.722
8.660, -0.8000, -8.024
8.670, -0.8000, -7.859
8.680, -0.8000, -8.112
8.690, -0.8000, -8.313
8.700, -0.8000, -8.269
8.710, -0.8000, -7.154
8.720, -0.8000, -8.251
8.730, -0.8000, -8.576
8.740, -0.8000, -7.964
8.750, -0.8000, -7.336
8.760, -0.8000, -7.546
8.770, -0.8000, -8.672
8.780, -0.8000, -7.747
8.790, -0.8000, -7.447
8.800, -0.8000, -6.753
8.810, -0.8000, -7.101
8.820, -0.8000, -7.865
8.830, -0.8000, -8.680
8.840, -0.8000, -8.101
8.850, -0.8000, -9.334
8.860, -0.8000, -7.542
8.870, -0.8000, -8.956
8.880, -0.8000, -8.560
8.890, -0.8000, -7.727
8.900, -0.8000, -8.310
8.910, -0.8000, -8.628
8.920, -0.8000, -7.948
8.930, -0.8000, -8.524
8.940, -0.8000, -7.487
8.950, -0.8000, -7.030
8.960, -0.8000, -8.307
8.970, -0.8000, -8.989
8.980, -0.8000, -7.443
8.990, -0.8000, -6.726
9.000, -0.8000, -8.126
9.010, -0.8000, -7.271
9.020, -0.8000, -8.127
9.030, -0.8000, -7.238
9.040, -0.8000, -8.447
9.050, -0.8000, -7.445
9.060, -0.8000, -7.366
9.070, -0.8000, -8.330
9.080, -0.8000, -8.099
9.090, -0.8000, -8.552
9.100, -0.8000, -8.161
9.110, -0.8000, -7.489
9.120, -0.8000, -7.569
9.130, -0.8000, -8.143
9.140, -0.8000, -8.863
9.150, -0.8000, -8.281
9.160, -0.8000, -9.224
9.170, -0.8000, -8.031
9.180, -0.8000, -7.738
9.190, -0.8000, -6.971
9.200, -0.8000, -8.960
9.210, -0.8000, -8.569
9.220, -0.8000, -7.884
9.230, -0.8000, -7.795
9.240, -0.8000, -7.242
9.250, -0.8000, -8.180
9.260, -0.8000, -7.787
9.270, -0.8000, -7.580
9.280, -0.8000, -8.137
9.290, -0.8000, -7.779
9.300, -0.8000, -7.872
9.310, -0.8000, -7.420
9.320, -0.8000, -7.337
9.330, -0.8000, -8.660
9.340, -0.8000, -8.996
9.350, -0.8000, -9.078
9.360, -0.8000, -8.749
9.370, -0.8000, -8.273
9.380, -0.8000, -8.179
9.390, -0.8000, -8.444
9.400, -0.8000, -8.559
9.410, -0.8000, -8.936
9.420, -0.8000, -9.385
9.430, -0.8000, -8.582
9.440, -0.8000, -7.810
9.450, -0.8000, -8.228
9.460, -0.8000, -8.002
9.470, -0.8000, -7.823
9.480, -0.8000, -8.597
9.490, -0.8000, -7.458
9.500, -0.8000, -8.313
9.510, -0.8000, -7.618
9.520, -0.8000, -8.969
9.530, -0.8000, -8.091
9.540, -0.8000, -8.399
9.550, -0.8000, -7.307
9.560, -0.8000, -7.977
9.570, -0.8000, -7.819
9.580, -0.8000, -8.175
9.590, -0.8000, -8.521
9.600, -0.8000, -8.262
9.610, -0.8000, -8.350
9.620, -0.8000, -7.252
9.630, -0.8000, -9.213
9.640, -0.8000, -7.555
9.650, -0.8000, -8.805
9.660, -0.8000, -7.788
9.670, -0.8000, -7.003
9.680, -0.8000, -9.058
9.690, -0.8000, -8.136
9.700, -0.8000, -7.924
9.710, -0.8000, -8.366
9.720, -0.8000, -8.008
9.730, -0.8000, -8.264
9.740, -0.8000, -8.086
9.750, -0.8000, -7.273
9.760, -0.8000, -8.538
9.770, -0.8000, -7.882
9.780, -0.8000, -7.767
9.790, -0.8000, -8.696
9.800, -0.8000, -7.746
9.810, -0.8000, -7.827
9.820, -0.8000, -7.807
9.830, -0.8000, -8.667
9.840, -0.8000, -7.709
9.850, -0.8000, -6.937
9.860, -0.8000, -7.792
9.870, -0.8000, -8.041
9.880, -0.8000, -7.880
9.890, -0.8000, -8.115
9.900, -0.8000, -8.208
9.910, -0.8000, -8.022
9.920, -0.8000, -6.920
9.930, -0.8000, -8.329
9.940, -0.8000, -7.735
9.950, -0.8000, -7.367
9.960, -0.8000, -7.258
9.970, -0.8000, -7.073
9.980, -0.8000, -7.549
9.990, -0.8000, -7.921
10.00, -0.8000, -7.506
10.01, -0.8000, -8.513
10.02, -0.8000, -8.140
10.03, -0.8000, -9.093
10.04, -0.8000, -9.722
10.05, -0.8000, -8.496
10.06, -0.8000, -7.580
10.07, -0.8000, -7.361
10.08, -0.8000, -8.495
10.09, -0.8000, -7.601
10.10, -0.8000, -8.679
10.11, -0.8000, -8.179
10.12, -0.8000, -8.526
10.13, -0.8000, -7.880
10.14, -0.8000, -8.395
10.15, -0.8000, -7.557
10.16, -0.8000, -7.667
10.17, -0.8000, -9.671
10.18, -0.8000, -7.935
10.19, -0.8000, -7.543
10.20, -0.8000, -8.434
10.21, -0.8000, -9.382
10.22, -0.8000, -7.583
10.23, -0.8000, -7.638
10.24, -0.8000, -6.927
10.25, -0.8000, -8.389
10.26, -0.8000, -8.666
10.27, -0.8000, -8.517
10.28, -0.8000, -7.915
10.29, -0.8000, -7.977
10.30, -0.8000, -8.334
10.31, -0.8000, -8.764
10.32, -0.8000, -7.174
10.33, -0.8000, -7.708
10.34, -0.8000, -8.660
10.35, -0.8000, -8.902
10.36, -0.8000, -8.343
10.37, -0.8000, -7.332
10.38, -0.8000, -7.829
10.39, -0.8000, -9.087
10.40, -0.8000, -7.664
10.41, -0.8000, -6.546
10.42, -0.8000, -7.953
10.43, -0.8000, -7.651
10.44, -0.8000, -9.169
10.45, -0.8000, -8.454
10.46, -0.8000, -7.548
10.47, -0.8000, -7.633
10.48, -0.8000, -7.810
10.49, -0.8000, -7.870
10.50, -0.8000, -7.991
10.51, -0.8000, -8.561
10.52, -0.8000, -8.671
10.53, -0.8000, -8.581
10.54, -0.8000, -8.892
10.55, -0.8000, -8.965
10.56, -0.8000, -9.285
10.57, -0.8000, -8.649
10.58, -0.8000, -9.860
10.59, -0.8000, -9.375
10.60, -0.8000, -9.867
10.61, -0.8000, -8.468
10.62, -0.8000, -7.437
10.63, -0.8000, -8.149
10.64, -0.8000, -8.709
10.65, -0.8000, -8.334
10.66, -0.8000, -7.958
10.67, -0.8000, -7.105
10.68, -0.8000, -8.513
10.69, -0.8000, -7.807
10.70, -0.8000, -7.733
10.71, -0.8000, -8.447
10.72, -0.8000, -7.674
10.73, -0.8000, -8.696
10.74, -0.8000, -8.311
10.75, -0.8000, -9.471
10.76, -0.8000, -9.440
10.77, -0.8000, -7.752
10.78, -0.8000, -8.552
10.79, -0.8000, -8.628
10.80, -0.8000, -7.781
10.81, -0.8000, -8.981
10.82, -0.8000, -7.946
10.83, -0.8000, -8.637
10.84, -0.8000, -7.779
10.85, -0.8000, -8.599
10.86, -0.8000, -8.151
10.87, -0.8000, -8.173
10.88, -0.8000, -8.764
10.89, -0.8000, -7.564
10.90, -0.8000, -9.598
10.91, -0.8000, -8.019
10.92, -0.8000, -7.259
10.93, -0.8000, -7.766
10.94, -0.8000, -7.872
10.95, -0.8000, -7.230
10.96, -0.8000, -8.500
10.97, -0.8000, -6.971
10.98, -0.8000, -9.254
10.99, -0.8000, -7.723
11.00, -0.8000, -8.576
11.01, -0.8000, -8.778
11.02, -0.8000, -8.480
11.03, -0.8000, -9.563
11.04, -0.8000, -8.834
11.05, -0.8000, -7.727
11.06, -0.8000, -9.026
11.07, -0.8000, -8.061
11.08, -0.8000, -7.701
11.09, -0.8000, -7.763
11.10, -0.8000, -8.383
11.11, -0.8000, -7.798
11.12, -0.8000, -8.422
11.13, -0.8000, -9.787
11.14, -0.8000, -7.364
11.15, -0.8000, -7.312
11.16, -0.8000, -8.314
11.17, -0.8000, -7.835
11.18, -0.8000, -8.395
11.19, -0.8000, -7.182
11.20, -0.8000, -8.571
11.21, -0.8000, -8.166
11.22, -0.8000, -8.033
11.23, -0.8000, -7.304
11.24, -0.8000, -7.625
11.25, -0.8000, -7.791
11.26, -0.8000, -7.350
11.27, -0.8000, -8.435
11.28, -0.8000, -7.518
11.29, -0.8000, -9.107
11.30, -0.8000, -7.991
11.31, -0.8000, -7.528
11.32, -0.8000, -7.639
11.33, -0.8000, -7.763
11.34, -0.8000, -6.921
11.35, -0.8000, -7.331
11.36, -0.8000, -7.733
11.37, -0.8000, -7.172
11.38, -0.8000, -6.828
11.39, -0.8000, -7.741
11.40, -0.8000, -8.707
11.41, -0.8000, -7.683
11.42, -0.8000, -9.916
11.43, -0.8000, -8.883
11.44, -0.8000, -8.631
11.45, -0.8000, -8.674
11.46, -0.8000, -8.506
11.47, -0.8000, -7.148
11.48, -0.8000, -7.633
11.49, -0.8000, -7.728
11.50, -0.8000, -8.455
11.51, -0.8000, -7.378
11.52, -0.8000, -7.720
11.53, -0.8000, -7.697
11.54, -0.8000, -7.794
11.55, -0.8000, -8.094
11.56, -0.8000, -7.613
11.57, -0.8000, -8.149
11.58, -0.8000, -8.178
11.59, -0.8000, -7.995
11.60, -0.8000, -8.732
11.61, -0.8000, -7.699
11.62, -0.8000, -8.931
11.63, -0.8000, -9.516
11.64, -0.8000, -9.186
11.65, -0.8000, -8.465
11.66, -0.8000, -8.010
11.67, -0.8000, -9.418
11.68, -0.8000, -7.857
11.69, -0.8000, -7.714
11.70, -0.8000, -7.113
11.71, -0.8000, -7.452
11.72, -0.8000, -8.425
11.73, -0.8000, -7.605
11.74, -0.8000, -7.546
11.75, -0.8000, -8.066
11.76, -0.8000, -9.304
11.77, -0.8000, -7.673
11.78, -0.8000, -8.698
11.79, -0.8000, -8.342
11.80, -0.8000, -8.016
11.81, -0.8000, -8.769
11.82, -0.8000, -7.925
11.83, -0.8000, -9.793
11.84, -0.8000, -8.279
11.85, -0.8000, -7.650
11.86, -0.8000, -7.255
11.87, -0.8000, -8.357
11.88, -0.8000, -8.877
11.89, -0.8000, -8.280
11.90, -0.8000, -8.179
11.91, -0.8000, -8.248
11.92, -0.8000, -8.030
11.93, -0.8000, -8.016
11.94, -0.8000, -8.128
11.95, -0.8000, -7.710
11.96, -0.8000, -9.262
11.97, -0.8000, -7.304
11.98, -0.8000, -8.339
11.99, -0.8000, -8.017
12.00, -0.8000, -7.959
12.01, -0.8000, -8.376
12.02, -0.8000, -8.806
12.03, -0.8000, -8.167
12.04, -0.8000, -8.206
12.05, -0.8000, -8.113
12.06, -0.8000, -7.688
12.07, -0.8000, -8.733
12.08, -0.8000, -8.116
12.09, -0.8000, -8.693
12.10, -0.8000, -7.257
12.11, -0.8000, -7.383
12.12, -0.8000, -6.798
12.13, -0.8000, -8.370
12.14, -0.8000, -8.197
12.15, -0.8000, -7.339
12.16, -0.8000, -8.150
12.17, -0.8000, -8.532
12.18, -0.8000, -9.028
12.19, -0.8000, -8.843
12.20, -0.8000, -7.504
12.21, -0.8000, -8.956
12.22, -0.8000, -7.684
12.23, -0.8000, -7.309
12.24, -0.8000, -8.460
12.25, -0.8000, -7.848
12.26, -0.8000, -7.669
12.27, -0.8000, -7.156
12.28, -0.8000, -7.705
12.29, -0.8000, -7.479
12.30, -0.8000, -8.854
12.31, -0.8000, -8.305
12.32, -0.8000, -9.221
12.33, -0.8000, -7.064
12.34, -0.8000, -8.450
12.35, -0.8000, -9.067
12.36, -0.8000, -8.048
12.37, -0.8000, -7.587
12.38, -0.8000, -7.113
12.39, -0.8000, -9.293
12.40, -0.8000, -7.862
12.41, -0.8000, -8.011
12.42, -0.8000, -8.972
12.43, -0.8000, -8.856
12.44, -0.8000, -9.319
12.45, -0.8000, -8.382
12.46, -0.8000, -7.992
12.47, -0.8000, -7.705
12.48, -0.8000, -6.972
12.49, -0.8000, -7.537
12.50, -0.8000, -7.681
12.51, -0.8000, -8.235
12.52, -0.8000, -8.496
12.53, -0.8000, -8.727
12.54, -0.8000, -7.528
12.55, -0.8000, -6.845
12.56, -0.8000, -9.042
12.57, -0.8000, -8.884
12.58, -0.8000, -7.938
12.59, -0.8000, -9.209
12.60, -0.8000, -9.043
12.61, -0.8000, -7.421
12.62, -0.8000, -7.350
12.63, -0.8000, -7.959
12.64, -0.8000, -8.415
12.65, -0.8000, -8.329
12.66, -0.8000, -8.274
12.67, -0.8000, -7.989
12.68, -0.8000, -7.916
12.69, -0.8000, -8.453
12.70, -0.8000, -7.866
12.71, -0.8000, -8.273
12.72, -0.8000, -8.409
12.73, -0.8000, -8.159
12.74, -0.8000, -7.301
12.75, -0.8000, -8.020
12.76, -0.8000, -7.594
12.77, -0.8000, -8.298
12.78, -0.8000, -7.970
12.79, -0.8000, -8.533
12.80, -0.8000, -8.835
12.81, -0.8000, -8.133
12.82, -0.8000, -9.362
12.83, -0.8000, -7.320
12.84, -0.8000, -7.734
12.85, -0.8000, -7.606
12.86, -0.8000, -8.355
12.87, -0.8000, -7.978
12.88, -0.8000, -7.211
12.89, -0.8000, -8.198
12.90, -0.8000, -7.349
12.91, -0.8000, -8.430
12.92, -0.8000, -7.958
12.93, -0.8000, -6.970
12.94, -0.8000, -9.099
12.95, -0.8000, -7.479
12.96, -0.8000, -8.048
12.97, -0.8000, -7.636
12.98, -0.8000, -8.604
12.99, -0.8000, -8.477
13.00, -0.8000, -8.687
13.01, -0.8000, -8.619
13.02, -0.8000, -8.590
13.03, -0.8000, -8.121
13.04, -0.8000, -9.091
13.05, -0.8000, -9.488
13.06, -0.8000, -7.454
13.07, -0.8000, -7.589
13.08, -0.8000, -8.310
13.09, -0.8000, -8.042
13.10, -0.8000, -7.390
13.11, -0.8000, -9.118
13.12, -0.8000, -7.679
13.13, -0.8000, -7.758
13.14, -0.8000, -7.725
13.15, -0.8000, -6.995
13.16, -0.8000, -7.648
13.17, -0.8000, -7.839
13.18, -0.8000, -7.535
13.19, -0.8000, -8.895
13.20, -0.8000, -8.405
13.21, -0.8000, -8.338
13.22, -0.8000, -8.624
13.23, -0.8000, -8.029
13.24, -0.8000, -6.997
13.25, -0.8000, -7.704
13.26, -0.8000, -7.459
13.27, -0.8000, -8.170
13.28, -0.8000, -8.230
13.29, -0.8000, -9.310
13.30, -0.8000, -7.997
13.31, -0.8000, -8.373
13.32, -0.8000, -8.704
13.33, -0.8000, -7.963
13.34, -0.8000, -8.332
13.35, -0.8000, -8.842
13.36, -0.8000, -7.258
13.37, -0.8000, -7.572
13.38, -0.8000, -9.048
13.39, -0.8000, -8.931
13.40, -0.8000, -7.468
13.41, -0.8000, -9.033
13.42, -0.8000, -7.782
13.43, -0.8000, -7.581
13.44, -0.8000, -8.013
13.45, -0.8000, -8.324
13.46, -0.8000, -7.865
13.47, -0.8000, -9.018
13.48, -0.8000, -8.727
13.49, -0.8000, -8.132
13.50, -0.8000, -7.846
13.51, -0.8000, -7.908
13.52, -0.8000, -7.455
13.53, -0.8000, -7.823
13.54, -0.8000, -7.684
13.55, -0.8000, -7.864
13.56, -0.8000, -7.774
13.57, -0.8000, -7.026
13.58, -0.8000, -7.708
13.59, -0.8000, -8.183
13.60, -0.8000, -7.514
13.61, -0.8000, -8.911
13.62, -0.8000, -8.085
13.63, -0.8000, -8.085
13.64, -0.8000, -8.247
13.65, -0.8000, -7.891
13.66, -0.8000, -7.324
13.67, -0.8000, -7.487
13.68, -0.8000, -7.935
13.69, -0.8000, -9.986
13.70, -0.8000, -7.662
13.71, -0.8000, -8.121
13.72, -0.8000, -8.674
13.73, -0.8000, -8.579
13.74, -0.8000, -8.528
13.75, -0.8000, -8.213
13.76, -0.8000, -7.109
13.77, -0.8000, -9.515
13.78, -0.8000, -7.869
13.79, -0.8000, -7.896
13.80, -0.8000, -8.502
13.81, -0.8000, -8.387
13.82, -0.8000, -7.351
13.83, -0.8000, -7.226
13.84, -0.8000, -8.827
13.85, -0.8000, -7.805
13.86, -0.8000, -8.640
13.87, -0.8000, -7.837
13.88, -0.8000, -7.586
13.89, -0.8000, -9.103
13.90, -0.8000, -8.561
13.91, -0.8000, -8.645
13.92, -0.8000, -9.319
13.93, -0.8000, -8.372
13.94, -0.8000, -6.790
13.95, -0.8000, -8.131
13.96, -0.8000, -7.564
13.97, -0.8000, -9.158
13.98, -0.8000, -7.419
13.99, -0.8000, -7.555
14.00, -0.8000, -7.790
14.01, -0.8000, -8.398
14.02, -0.8000, -7.760
14.03, -0.8000, -8.398
14.04, -0.8000, -8.730
14.05, -0.8000, -7.561
14.06, -0.8000, -8.649
14.07, -0.8000, -7.534
14.08, -0.8000, -7.759
14.09, -0.8000, -8.377
14.10, -0.8000, -9.491
14.11, -0.8000, -7.224
14.12, -0.8000, -8.469
14.13, -0.8000, -8.092
14.14, -0.8000, -7.528
14.15, -0.8000, -7.153
14.16, -0.8000, -7.895
14.17, -0.8000, -8.102
14.18, -0.8000, -7.342
14.19, -0.8000, -7.252
14.20, -0.8000, -7.889
14.21, -0.8000, -8.173
14.22, -0.8000, -9.657
14.23, -0.8000, -7.495
14.24, -0.8000, -8.606
14.25, -0.8000, -8.226
14.26, -0.8000, -9.213
14.27, -0.8000, -8.236
14.28, -0.8000, -8.101
14.29, -0.8000, -8.068
14.30, -0.8000, -8.527
14.31, -0.8000, -8.180
14.32, -0.8000, -7.706
14.33, -0.8000, -8.231
14.34, -0.8000, -7.137
14.35, -0.8000, -8.044
14.36, -0.8000, -7.094
14.37, -0.8000, -7.449
14.38, -0.8000, -6.894
14.39, -0.8000, -7.765
14.40, -0.8000, -7.466
14.41, -0.8000, -8.013
14.42, -0.8000, -7.055
14.43, -0.8000, -8.711
14.44, -0.8000, -8.988
14.45, -0.8000, -8.114
14.46, -0.8000, -7.561
14.47, -0.8000, -7.141
14.48, -0.8000, -7.517
14.49, -0.8000, -8.051
14.50, -0.8000, -7.755
14.51, -0.8000, -7.936
14.52, -0.8000, -8.309
14.53, -0.8000, -7.662
14.54, -0.8000, -9.296
14.55, -0.8000, -8.912
14.56, -0.8000, -8.831
14.57, -0.8000, -7.350
14.58, -0.8000, -8.242
14.59, -0.8000, -7.849
14.60, -0.8000, -7.889
14.61, -0.8000, -7.755
14.62, -0.8000, -8.736
14.63, -0.8000, -8.242
14.64, -0.8000, -8.578
14.65, -0.8000, -8.137
14.66, -0.8000, -8.120
14.67, -0.8000, -8.440
14.68, -0.8000, -7.671
14.69, -0.8000, -8.673
14.70, -0.8000, -7.778
14.71, -0.8000, -8.451
14.72, -0.8000, -8.752
14.73, -0.8000, -7.491
14.74, -0.8000, -9.230
14.75, -0.8000, -7.994
14.76, -0.8000, -8.514
14.77, -0.8000, -7.631
14.78, -0.8000, -7.762
14.79, -0.8000, -8.713
14.80, -0.8000, -8.604
14.81, -0.8000, -7.971
14.82, -0.8000, -7.229
14.83, -0.8000, -7.983
14.84, -0.8000, -7.775
14.85, -0.8000, -9.029
14.86, -0.8000, -7.149
14.87, -0.8000, -7.657
14.88, -0.8000, -7.486
14.89, -0.8000, -9.096
14.90, -0.8000, -7.612
14.91, -0.8000, -8.027
14.92, -0.8000, -7.963
14.93, -0.8000, -8.251
14.94, -0.8000, -8.205
14.95, -0.8000, -7.980
14.96, -0.8000, -7.066
14.97, -0.8000, -8.374
14.98, -0.8000, -8.773
14.99, -0.8000, -8.265
15.00, -0.8000, -7.987
15.01, -0.8000, -7.065
15.02, -0.8000, -7.331
15.03, -0.8000, -9.807
15.04, -0.8000, -8.858
15.05, -0.8000, -7.867
15.06, -0.8000, -8.168
15.07, -0.8000, -7.783
15.08, -0.8000, -7.179
15.09, -0.8000, -9.420
15.10, -0.8000, -8.371
15.11, -0.8000, -9.003
15.12, -0.8000, -8.344
15.13, -0.8000, -7.781
15.14, -0.8000, -8.792
15.15, -0.8000, -7.471
15.16, -0.8000, -7.684
15.17, -0.8000, -7.796
15.18, -0.8000, -8.625
15.19, -0.8000, -8.443
15.20, -0.8000, -7.101
15.21, -0.8000, -7.129
15.22, -0.8000, -7.202
15.23, -0.8000, -7.890
15.24, -0.8000, -8.072
15.25, -0.8000, -7.294
15.26, -0.8000, -8.827
15.27, -0.8000, -7.469
15.28, -0.8000, -8.886
15.29, -0.8000, -8.878
15.30, -0.8000, -8.328
15.31, -0.8000, -8.114
15.32, -0.8000, -8.701
15.33, -0.8000, -8.268
15.34, -0.8000, -7.629
15.35, -0.8000, -7.716
15.36, -0.8000, -7.313
15.37, -0.8000, -8.596
15.38, -0.8000, -7.485
15.39, -0.8000, -7.985
15.40, -0.8000, -7.977
15.41, -0.8000, -7.923
15.42, -0.8000, -8.517
15.43, -0.8000, -8.643
15.44, -0.8000, -8.099
15.45, -0.8000, -7.452
15.46, -0.8000, -8.025
15.47, -0.8000, -8.185
15.48, -0.8000, -8.508
15.49, -0.8000, -7.783
15.50, -0.8000, -7.840
15.51, -0.8000, -9.840
15.52, -0.8000, -6.989
15.53, -0.8000, -9.249
15.54, -0.8000, -8.946
15.55, -0.8000, -8.286
15.56, -0.8000, -10.06
15.57, -0.8000, -8.914
15.58, -0.8000, -8.404
15.59, -0.8000, -8.591
15.60, -0.8000, -7.793
15.61, -0.8000, -8.587
15.62, -0.8000, -8.188
15.63, -0.8000, -8.113
15.64, -0.8000, -8.231
15.65, -0.8000, -9.014
15.66, -0.8000, -7.945
15.67, -0.8000, -7.861
15.68, -0.8000, -7.858
15.69, -0.8000, -7.443
15.70, -0.8000, -8.016
15.71, -0.8000, -7.521
15.72, -0.8000, -7.681
15.73, -0.8000, -8.990
15.74, -0.8000, -7.750
15.75, -0.8000, -8.326
15.76, -0.8000, -8.605
15.77, -0.8000, -8.368
15.78, -0.8000, -7.623
15.79, -0.8000, -9.553
15.80, -0.8000, -9.818
15.81, -0.8000, -7.756
15.82, -0.8000, -7.869
15.83, -0.8000, -8.398
15.84, -0.8000, -7.745
15.85, -0.8000, -7.611
15.86, -0.8000, -8.794
15.87, -0.8000, -8.975
15.88, -0.8000, -6.913
15.89, -0.8000, -7.186
15.90, -0.8000, -8.348
15.91, -0.8000, -8.126
15.92, -0.8000, -7.813
15.93, -0.8000, -7.395
15.94, -0.8000, -6.834
15.95, -0.8000, -9.156
15.96, -0.8000, -7.937
15.97, -0.8000, -8.692
15.98, -0.8000, -7.461
15.99, -0.8000, -7.890
16.00, -0.8000, -8.709
16.01, -0.8000, -8.578
16.02, -0.8000, -8.213
16.03, -0.8000, -8.574
16.04, -0.8000, -8.044
16.05, -0.8000, -9.108
16.06, -0.8000, -9.387
16.07, -0.8000, -8.200
16.08, -0.8000, -8.640
16.09, -0.8000, -7.954
16.10, -0.8000, -7.957
16.11, -0.8000, -7.711
16.12, -0.8000, -8.251
16.13, -0.8000, -8.981
16.14, -0.8000, -7.771
16.15, -0.8000, -8.253
16.16, -0.8000, -7.680
16.17, -0.8000, -7.986
16.18, -0.8000, -7.955
16.19, -0.8000, -7.614
16.20, -0.8000, -7.332
16.21, -0.8000, -7.335
16.22, -0.8000, -7.403
16.23, -0.8000, -8.416
16.24, -0.8000, -7.512
16.25, -0.8000, -7.811
16.26, -0.8000, -8.333
16.27, -0.8000, -7.989
16.28, -0.8000, -8.372
16.29, -0.8000, -8.450
16.30, -0.8000, -8.148
16.31, -0.8000, -8.232
16.32, -0.8000, -9.382
16.33, -0.8000, -7.905
16.34, -0.8000, -9.466
16.35, -0.8000, -7.605
16.36, -0.8000, -8.458
16.37, -0.8000, -7.761
16.38, -0.8000, -8.466
16.39, -0.8000, -8.299
16.40, -0.8000, -7.736
16.41, -0.8000, -7.763
16.42, -0.8000, -8.580
16.43, -0.8000, -8.330
16.44, -0.8000, -6.841
16.45, -0.8000, -8.256
16.46, -0.8000, -8.395
16.47, -0.8000, -8.889
16.48, -0.8000, -7.204
16.49, -0.8000, -8.048
16.50, -0.8000, -7.494
16.51, -0.8000, -7.241
16.52, -0.8000, -7.816
16.53, -0.8000, -8.667
16.54, -0.8000, -8.361
16.55, -0.8000, -7.982
16.56, -0.8000, -7.541
16.57, -0.8000, -7.946
16.58, -0.8000, -7.768
16.59, -0.8000, -8.693
16.60, -0.8000, -7.630
16.61, -0.8000, -9.281
16.62, -0.8000, -7.659
16.63, -0.8000, -7.904
16.64, -0.8000, -8.371
16.65, -0.8000, -7.654
16.66, -0.8000, -8.138
16.67, -0.8000, -8.100
16.68, -0.8000, -9.986
16.69, -0.8000, -9.300
16.70, -0.8000, -8.596
16.71, -0.8000, -7.907
16.72, -0.8000, -8.029
16.73, -0.8000, -8.080
16.74, -0.8000, -8.392
16.75, -0.8000, -8.232
16.76, -0.8000, -8.365
16.77, -0.8000, -7.692
16.78, -0.8000, -8.860
16.79, -0.8000, -8.004
16.80, -0.8000, -8.868
16.81, -0.8000, -7.975
16.82, -0.8000, -8.177
16.83, -0.8000, -8.293
16.84, -0.8000, -7.207
16.85, -0.8000, -7.388
16.86, -0.8000, -7.565
16.87, -0.8000, -8.071
16.88, -0.8000, -7.529
16.89, -0.8000, -7.268
16.90, -0.8000, -6.867
16.91, -0.8000, -7.422
16.92, -0.8000, -8.126
16.93, -0.8000, -9.009
16.94, -0.8000, -7.153
16.95, -0.8000, -7.639
16.96, -0.8000, -8.180
16.97, -0.8000, -7.437
16.98, -0.8000, -8.624
16.99, -0.8000, -8.293
17.00, -0.8000, -8.910
17.01, -0.8000, -8.094
17.02, -0.8000, -8.532
17.03, -0.8000, -9.305
17.04, -0.8000, -8.908
17.05, -0.8000, -7.723
17.06, -0.8000, -8.244
17.07, -0.8000, -7.185
17.08, -0.8000, -8.019
17.09, -0.8000, -7.706
17.10, -0.8000, -8.148
17.11, -0.8000, -7.622
17.12, -0.8000, -7.817
17.13, -0.8000, -7.813
17.14, -0.8000, -8.136
17.15, -0.8000, -8.220
17.16, -0.8000, -7.301
17.17, -0.8000, -8.338
17.18, -0.8000, -6.802
17.19, -0.8000, -7.961
17.20, -0.8000, -8.894
17.21, -0.8000, -8.986
17.22, -0.8000, -8.939
17.23, -0.8000, -8.510
17.24, -0.8000, -7.953
17.25, -0.8000, -9.541
17.26, -0.8000, -8.025
17.27, -0.8000, -8.019
17.28, -0.8000, -9.745
17.29, -0.8000, -8.961
17.30, -0.8000, -8.384
17.31, -0.8000, -7.805
17.32, -0.8000, -8.525
17.33, -0.8000, -8.268
17.34, -0.8000, -7.738
17.35, -0.8000, -7.632
17.36, -0.8000, -7.635
17.37, -0.8000, -7.409
17.38, -0.8000, -7.236
17.39, -0.8000, -7.796
17.40, -0.8000, -7.917
17.41, -0.8000, -7.562
17.42, -0.8000, -8.065
17.43, -0.8000, -7.660
17.44, -0.8000, -7.390
17.45, -0.8000, -7.946
17.46, -0.8000, -8.045
17.47, -0.8000, -7.483
17.48, -0.8000, -8.105
17.49, -0.8000, -6.807
17.50, -0.8000, -8.036
17.51, -0.8000, -8.461
17.52, -0.8000, -7.398
17.53, -0.8000, -8.116
17.54, -0.8000, -8.306
17.55, -0.8000, -9.682
17.56, -0.8000, -8.552
17.57, -0.8000, -8.410
17.58, -0.8000, -8.007
17.59, -0.8000, -7.699
17.60, -0.8000, -8.069
17.61, -0.8000, -8.488
17.62, -0.8000, -8.935
17.63, -0.8000, -7.897
17.64, -0.8000, -6.768
17.65, -0.8000, -8.098
17.66, -0.8000, -8.423
17.67, -0.8000, -7.248
17.68, -0.8000, -7.647
17.69, -0.8000, -8.168
17.70, -0.8000, -7.803
17.71, -0.8000, -8.879
17.72, -0.8000, -8.361
17.73, -0.8000, -8.705
17.74, -0.8000, -8.362
17.75, -0.8000, -7.902
17.76, -0.8000, -8.124
17.77, -0.8000, -8.238
17.78, -0.8000, -8.957
17.79, -0.8000, -9.690
17.80, -0.8000, -6.863
17.81, -0.8000, -7.826
17.82, -0.8000, -7.565
17.83, -0.8000, -7.603
17.84, -0.8000, -7.645
17.85, -0.8000, -8.923
17.86, -0.8000, -7.748
17.87, -0.8000, -7.458
17.88, -0.8000, -7.153
17.89, -0.8000, -6.764
17.90, -0.8000, -8.243
17.91, -0.8000, -7.577
17.92, -0.8000, -8.252
17.93, -0.8000, -7.754
17.94, -0.8000, -9.274
17.95, -0.8000, -7.715
17.96, -0.8000, -7.806
17.97, -0.8000, -8.292
17.98, -0.8000, -8.992
17.99, -0.8000, -7.350
18.00, -0.8000, -7.434
18.01, -0.8000, -8.621
18.02, -0.8000, -7.711
18.03, -0.8000, -7.373
18.04, -0.8000, -7.754
18.05, -0.8000, -7.850
18.06, -0.8000, -7.850
18.07, -0.8000, -8.896
18.08, -0.8000, -9.009
18.09, -0.8000, -7.987
18.10, -0.8000, -7.112
18.11, -0.8000, -9.446
18.12, -0.8000, -8.535
18.13, -0.8000, -8.008
18.14, -0.8000, -7.911
18.15, -0.8000, -9.352
18.16, -0.8000, -7.590
18.17, -0.8000, -7.682
18.18, -0.8000, -8.133
18.19, -0.8000, -6.866
18.20, -0.8000, -8.070
18.21, -0.8000, -7.580
18.22, -0.8000, -9.740
18.23, -0.8000, -8.516
18.24, -0.8000, -7.545
18.25, -0.8000, -7.512
18.26, -0.8000, -7.616
18.27, -0.8000, -7.977
18.28, -0.8000, -7.923
18.29, -0.8000, -7.944
18.30, -0.8000, -6.847
18.31, -0.8000, -7.784
18.32, -0.8000, -8.650
18.33, -0.8000, -7.856
18.34, -0.8000, -7.695
18.35, -0.8000, -8.085
18.36, -0.8000, -8.512
18.37, -0.8000, -8.110
18.38, -0.8000, -9.243
18.39, -0.8000, -10.33
18.40, -0.8000, -8.121
18.41, -0.8000, -6.981
18.42, -0.8000, -9.499
18.43, -0.8000, -8.274
18.44, -0.8000, -7.899
18.45, -0.8000, -8.665
18.46, -0.8000, -7.791
18.47, -0.8000, -8.776
18.48, -0.8000, -8.152
18.49, -0.8000, -7.291
18.50, -0.8000, -7.783
18.51, -0.8000, -7.512
18.52, -0.8000, -7.120
18.53, -0.8000, -7.717
18.54, -0.8000, -8.574
18.55, -0.8000, -7.699
18.56, -0.8000, -8.645
18.57, -0.8000, -8.000
18.58, -0.8000, -7.704
18.59, -0.8000, -8.696
18.60, -0.8000, -8.996
18.61, -0.8000, -7.880
18.62, -0.8000, -8.108
18.63, -0.8000, -7.511
18.64, -0.8000, -7.878
18.65, -0.8000, -8.725
18.66, -0.8000, -8.329
18.67, -0.8000, -8.410
18.68, -0.8000, -7.736
18.69, -0.8000, -7.582
18.70, -0.8000, -8.101
18.71, -0.8000, -7.052
18.72, -0.8000, -8.009
18.73, -0.8000, -7.151
18.74, -0.8000, -7.735
18.75, -0.8000, -7.598
18.76, -0.8000, -8.275
18.77, -0.8000, -8.233
18.78, -0.8000, -7.473
18.79, -0.8000, -7.942
18.80, -0.8000, -9.053
18.81, -0.8000, -6.543
18.82, -0.8000, -7.531
18.83, -0.8000, -7.845
18.84, -0.8000, -9.345
18.85, -0.8000, -7.943
18.86, -0.8000, -7.342
18.87, -0.8000, -9.747
18.88, -0.8000, -7.869
18.89, -0.8000, -9.070
18.90, -0.8000, -8.918
18.91, -0.8000, -9.202
18.92, -0.8000, -8.238
18.93, -0.8000, -6.933
18.94, -0.8000, -8.108
18.95, -0.8000, -7.671
18.96, -0.8000, -7.783
18.97, -0.8000, -7.873
18.98, -0.8000, -7.308
18.99, -0.8000, -6.833
19.00, -0.8000, -7.999
19.01, -0.8000, -6.926
19.02, -0.8000, -7.822
19.03, -0.8000, -9.119
19.04, -0.8000, -8.378
19.05, -0.8000, -8.759
19.06, -0.8000, -7.960
19.07, -0.8000, -7.907
19.08, -0.8000, -7.462
19.09, -0.8000, -8.917
19.10, -0.8000, -8.390
19.11, -0.8000, -9.575
19.12, -0.8000, -7.861
19.13, -0.8000, -9.233
19.14, -0.8000, -7.075
19.15, -0.8000, -9.132
19.16, -0.8000, -8.119
19.17, -0.8000, -8.159
19.18, -0.8000, -8.011
19.19, -0.8000, -7.636
19.20, -0.8000, -7.811
19.21, -0.8000, -8.647
19.22, -0.8000, -8.526
19.23, -0.8000, -8.912
19.24, -0.8000, -7.607
19.25, -0.8000, -8.759
19.26, -0.8000, -7.505
19.27, -0.8000, -7.717
19.28, -0.8000, -7.861
19.29, -0.8000, -8.192
19.30, -0.8000, -7.140
19.31, -0.8000, -7.835
19.32, -0.8000, -8.098
19.33, -0.8000, -7.947
19.34, -0.8000, -8.476
19.35, -0.8000, -8.558
19.36, -0.8000, -7.579
19.37, -0.8000, -9.198
19.38, -0.8000, -8.650
19.39, -0.8000, -8.919
19.40, -0.8000, -8.864
19.41, -0.8000, -8.548
19.42, -0.8000, -7.000
19.43, -0.8000, -7.943
19.44, -0.8000, -7.896
19.45, -0.8000, -7.261
19.46, -0.8000, -8.332
19.47, -0.8000, -7.310
19.48, -0.8000, -7.493
19.49, -0.8000, -7.386
19.50, -0.8000, -8.049
19.51, -0.8000, -8.172
19.52, -0.8000, -8.308
19.53, -0.8000, -8.294
19.54, -0.8000, -7.695
19.55, -0.8000, -8.497
19.56, -0.8000, -8.110
19.57, -0.8000, -7.352
19.58, -0.8000, -8.539
19.59, -0.8000, -7.571
19.60, -0.8000, -9.604
19.61, -0.8000, -7.420
19.62, -0.8000, -8.327
19.63, -0.8000, -7.739
19.64, -0.8000, -7.233
19.65, -0.8000, -7.120
19.66, -0.8000, -8.311
19.67, -0.8000, -8.102
19.68, -0.8000, -7.502
19.69, -0.8000, -7.579
19.70, -0.8000, -8.098
19.71, -0.8000, -7.651
19.72, -0.8000, -8.217
19.73, -0.8000, -7.840
19.74, -0.8000, -7.609
19.75, -0.8000, -8.188
19.76, -0.8000, -8.819
19.77, -0.8000, -7.913
19.78, -0.8000, -9.986
19.79, -0.8000, -7.108
19.80, -0.8000, -7.254
19.81, -0.8000, -7.409
19.82, -0.8000, -7.645
19.83, -0.8000, -7.823
19.84, -0.8000, -8.333
19.85, -0.8000, -7.657
19.86, -0.8000, -8.804
19.87, -0.8000, -7.240
19.88, -0.8000, -7.802
19.89, -0.8000, -7.704
19.90, -0.8000, -7.601
19.91, -0.8000, -7.182
19.92, -0.8000, -8.591
19.93, -0.8000, -7.671
19.94, -0.8000, -8.094
19.95, -0.8000, -7.421
19.96, -0.8000, -7.752
19.97, -0.8000, -7.479
19.98, -0.8000, -8.060
19.99, -0.8000, -7.843
20.00, -0.8000, -7.990
20.01, -0.8000, -8.154
20.02, -0.8000, -6.526
20.03, -0.8000, -8.059
20.04, -0.8000, -8.011
20.05, -0.8000, -8.902
20.06, -0.8000, -8.632
20.07, -0.8000, -8.290
20.08, -0.8000, -8.351
20.09, -0.8000, -8.907
20.10, -0.8000, -7.622
20.11, -0.8000, -8.129
20.12, -0.8000, -7.826
20.13, -0.8000, -9.832
20.14, -0.8000, -9.386
20.15, -0.8000, -9.049
20.16, -0.8000, -8.626
20.17, -0.8000, -8.602
20.18, -0.8000, -8.876
20.19, -0.8000, -7.961
20.20, -0.8000, -7.545
20.21, -0.8000, -8.509
20.22, -0.8000, -7.913
20.23, -0.8000, -8.149
20.24, -0.8000, -8.672
20.25, -0.8000, -8.249
20.26, -0.8000, -7.551
20.27, -0.8000, -9.730
20.28, -0.8000, -7.420
20.29, -0.8000, -7.390
20.30, -0.8000, -8.908
20.31, -0.8000, -9.271
20.32, -0.8000, -7.369
20.33, -0.8000, -7.638
20.34, -0.8000, -7.461
20.35, -0.8000, -7.434
20.36, -0.8000, -7.779
20.37, -0.8000, -8.259
20.38, -0.8000, -8.244
20.39, -0.8000, -8.012
20.40, -0.8000, -8.111
20.41, -0.8000, -9.778
20.42, -0.8000, -8.196
20.43, -0.8000, -7.175
20.44, -0.8000, -9.352
20.45, -0.8000, -8.130
20.46, -0.8000, -7.663
20.47, -0.8000, -8.378
20.48, -0.8000, -9.060
20.49, -0.8000, -8.554
20.50, -0.8000, -8.526
20.51, -0.8000, -8.254
20.52, -0.8000, -8.192
20.53, -0.8000, -7.794
20.54, -0.8000, -9.608
20.55, -0.8000, -9.454
20.56, -0.8000, -8.651
20.57, -0.8000, -8.418
20.58, -0.8000, -8.457
20.59, -0.8000, -7.730
20.60, -0.8000, -7.503
20.61, -0.8000, -7.275
20.62, -0.8000, -8.325
20.63, -0.8000, -8.871
20.64, -0.8000, -8.578
20.65, -0.8000, -8.189
20.66, -0.8000, -8.074
20.67, -0.8000, -8.275
20.68, -0.8000, -10.23
20.69, -0.8000, -8.346
20.70, -0.8000, -8.519
20.71, -0.8000, -8.057
20.72, -0.8000, -7.093
20.73, -0.8000, -7.741
20.74, -0.8000, -8.512
20.75, -0.8000, -7.757
20.76, -0.8000, -8.959
20.77, -0.8000, -7.575
20.78, -0.8000, -8.509
20.79, -0.8000, -8.479
20.80, -0.8000, -7.337
20.81, -0.8000, -8.525
20.82, -0.8000, -8.474
20.83, -0.8000, -8.370
20.84, -0.8000, -8.478
20.85, -0.8000, -8.784
20.86, -0.8000, -7.740
20.87, -0.8000, -8.888
20.88, -0.8000, -8.307
20.89, -0.8000, -8.078
20.90, -0.8000, -7.604
20.91, -0.8000, -7.672
20.92, -0.8000, -8.568
20.93, -0.8000, -6.847
20.94, -0.8000, -8.828
20.95, -0.8000, -8.418
20.96, -0.8000, -7.300
20.97, -0.8000, -8.652
20.98, -0.8000, -7.768
20.99, -0.8000, -7.772
21.00, -0.8000, -9.095
21.01, -0.8000, -9.507
21.02, -0.8000, -8.615
21.03, -0.8000, -8.795
21.04, -0.8000, -8.595
21.05, -0.8000, -8.929
21.06, -0.8000, -8.843
21.07, -0.8000, -7.289
21.08, -0.8000, -7.148
21.09, -0.8000, -7.484
21.10, -0.8000, -9.549
21.11, -0.8000, -8.610
21.12, -0.8000, -7.620
21.13, -0.8000, -7.860
21.14, -0.8000, -7.927
21.15, -0.8000, -8.911
21.16, -0.8000, -7.794
21.17, -0.8000, -8.068
21.18, -0.8000, -7.889
21.19, -0.8000, -8.002
21.20, -0.8000, -8.708
21.21, -0.8000, -8.268
21.22, -0.8000, -7.983
21.23, -0.8000, -9.188
21.24, -0.8000, -7.420
21.25, -0.8000, -8.291
21.26, -0.8000, -7.610
21.27, -0.8000, -7.825
21.28, -0.8000, -7.429
21.29, -0.8000, -9.019
21.30, -0.8000, -7.550
21.31, -0.8000, -7.862
21.32, -0.8000, -7.821
21.33, -0.8000, -9.339
21.34, -0.8000, -7.492
21.35, -0.8000, -8.544
21.36, -0.8000, -9.046
21.37, -0.8000, -8.520
21.38, -0.8000, -8.119
21.39, -0.8000, -8.784
21.40, -0.8000, -8.174
21.41, -0.8000, -7.418
21.42, -0.8000, -8.213
21.43, -0.8000, -8.372
21.44, -0.8000, -9.642
21.45, -0.8000, -10.24
21.46, -0.8000, -8.654
21.47, -0.8000, -7.906
21.48, -0.8000, -8.344
21.49, -0.8000, -8.004
21.50, -0.8000, -8.479
21.51, -0.8000, -8.112
21.52, -0.8000, -8.319
21.53, -0.8000, -8.529
21.54, -0.8000, -8.550
21.55, -0.8000, -8.609
21.56, -0.8000, -9.275
21.57, -0.8000, -7.835
21.58, -0.8000, -8.468
21.59, -0.8000, -8.317
21.60, -0.8000, -8.168
21.61, -0.8000, -6.839
21.62, -0.8000, -7.513
21.63, -0.8000, -7.577
21.64, -0.8000, -8.330
21.65, -0.8000, -8.815
21.66, -0.8000, -6.620
21.67, -0.8000, -7.241
21.68, -0.8000, -7.094
21.69, -0.8000, -7.845
21.70, -0.8000, -7.727
21.71, -0.8000, -7.945
21.72, -0.8000, -8.320
21.73, -0.8000, -8.341
21.74, -0.8000, -8.619
21.75, -0.8000, -7.791
21.76, -0.8000, -6.966
21.77, -0.8000, -7.882
21.78, -0.8000, -8.822
21.79, -0.8000, -9.167
21.80, -0.8000, -8.425
21.81, -0.8000, -7.643
21.82, -0.8000, -7.325
21.83, -0.8000, -8.675
21.84, -0.8000, -8.475
21.85, -0.8000, -8.535
21.86, -0.8000, -9.080
21.87, -0.8000, -8.728
21.88, -0.8000, -7.273
21.89, -0.8000, -8.067
21.90, -0.8000, -8.333
21.91, -0.8000, -7.397
21.92, -0.8000, -8.678
21.93, -0.8000, -7.616
21.94, -0.8000, -8.891
21.95, -0.8000, -7.915
21.96, -0.8000, -7.792
21.97, -0.8000, -7.108
21.98, -0.8000, -8.480
21.99, -0.8000, -7.414
22.00, -0.8000, -7.791
22.01, -0.8000, -9.673
22.02, -0.8000, -8.276
22.03, -0.8000, -7.804
22.04, -0.8000, -7.576
22.05, -0.8000, -8.542
22.06, -0.8000, -7.925
22.07, -0.8000, -8.974
22.08, -0.8000, -7.979
22.09, -0.8000, -7.756
22.10, -0.8000, -7.346
22.11, -0.8000, -8.590
22.12, -0.8000, -8.580
22.13, -0.8000, -7.494
22.14, -0.8000, -6.946
22.15, -0.8000, -8.281
22.16, -0.8000, -8.306
22.17, -0.8000, -7.453
22.18, -0.8000, -7.352
22.19, -0.8000, -6.588
22.20, -0.8000, -7.688
22.21, -0.8000, -9.096
22.22, -0.8000, -8.781
22.23, -0.8000, -7.888
22.24, -0.8000, -8.585
22.25, -0.8000, -6.924
22.26, -0.8000, -7.440
22.27, -0.8000, -7.822
22.28, -0.8000, -7.956
22.29, -0.8000, -8.655
22.30, -0.8000, -7.665
22.31, -0.8000, -8.142
22.32, -0.8000, -8.126
22.33, -0.8000, -8.496
22.34, -0.8000, -7.679
22.35, -0.8000, -9.389
22.36, -0.8000, -7.650
22.37, -0.8000, -7.954
22.38, -0.8000, -8.274
22.39, -0.8000, -8.451
22.40, -0.8000, -8.410
22.41, -0.8000, -7.398
22.42, -0.8000, -8.100
22.43, -0.8000, -8.311
22.44, -0.8000, -6.995
22.45, -0.8000, -8.580
22.46, -0.8000, -7.212
22.47, -0.8000, -8.068
22.48, -0.8000, -7.684
22.49, -0.8000, -8.369
22.50, -0.8000, -7.758
22.51, -0.8000, -7.062
22.52, -0.8000, -8.415
22.53, -0.8000, -8.158
22.54, -0.8000, -7.648
22.55, -0.8000, -7.569
22.56, -0.8000, -8.143
22.57, -0.8000, -8.733
22.58, -0.8000, -7.582
22.59, -0.8000, -8.724
22.60, -0.8000, -7.442
22.61, -0.8000, -7.920
22.62, -0.8000, -7.464
22.63, -0.8000, -7.949
22.64, -0.8000, -7.851
22.65, -0.8000, -9.197
22.66, -0.8000, -7.505
22.67, -0.8000, -7.960
22.68, -0.8000, -9.216
22.69, -0.8000, -6.985
22.70, -0.8000, -8.487
22.71, -0.8000, -8.439
22.72, -0.8000, -9.334
22.73, -0.8000, -7.507
22.74, -0.8000, -7.666
22.75, -0.8000, -6.966
22.76, -0.8000, -7.503
22.77, -0.8000, -7.269
22.78, -0.8000, -8.707
22.79, -0.8000, -8.977
22.80, -0.8000, -8.744
22.81, -0.8000, -8.172
22.82, -0.8000, -8.915
22.83, -0.8000, -8.625
22.84, -0.8000, -8.955
22.85, -0.8000, -8.374
22.86, -0.8000, -8.510
22.87, -0.8000, -8.368
22.88, -0.8000, -8.117
22.89, -0.8000, -7.956
22.90, -0.8000, -8.219
22.91, -0.8000, -8.306
22.92, -0.8000, -9.303
22.93, -0.8000, -8.060
22.94, -0.8000, -7.927
22.95, -0.8000, -7.814
22.96, -0.8000, -7.811
22.97, -0.8000, -8.949
22.98, -0.8000, -8.704
22.99, -0.8000, -7.128
23.00, -0.8000, -7.515
23.01, -0.8000, -8.757
23.02, -0.8000, -8.593
23.03, -0.8000, -8.369
23.04, -0.8000, -8.893
23.05, -0.8000, -7.636
23.06, -0.8000, -8.182
23.07, -0.8000, -7.873
23.08, -0.8000, -9.010
23.09, -0.8000, -8.741
23.10, -0.8000, -7.857
23.11, -0.8000, -8.559
23.12, -0.8000, -7.791
23.13, -0.8000, -8.735
23.14, -0.8000, -7.421
23.15, -0.8000, -8.305
23.16, -0.8000, -7.676
23.17, -0.8000, -8.856
23.18, -0.8000, -8.007
23.19, -0.8000, -8.110
23.20, -0.8000, -7.995
23.21, -0.8000, -7.426
23.22, -0.8000, -7.789
23.23, -0.8000, -7.669
23.24, -0.8000, -8.265
23.25, -0.8000, -8.098
23.26, -0.8000, -7.645
23.27, -0.8000, -6.947
23.28, -0.8000, -8.179
23.29, -0.8000, -9.149
23.30, -0.8000, -6.863
23.31, -0.8000, -6.777
23.32, -0.8000, -9.101
23.33, -0.8000, -6.974
23.34, -0.8000, -7.454
23.35, -0.8000, -8.329
23.36, -0.8000, -7.673
23.37, -0.8000, -8.742
23.38, -0.8000, -8.117
23.39, -0.8000, -7.138
23.40, -0.8000, -6.924
23.41, -0.8000, -8.517
23.42, -0.8000, -7.701
23.43, -0.8000, -8.020
23.44, -0.8000, -8.875
23.45, -0.8000, -7.485
23.46, -0.8000, -7.634
23.47, -0.8000, -7.191
23.48, -0.8000, -9.182
23.49, -0.8000, -8.057
23.50, -0.8000, -8.127
23.51, -0.8000, -9.092
23.52, -0.8000, -7.308
23.53, -0.8000, -7.787
23.54, -0.8000, -7.350
23.55, -0.8000, -8.547
23.56, -0.8000, -6.816
23.57, -0.8000, -6.578
23.58, -0.8000, -8.283
23.59, -0.8000, -8.624
23.60, -0.8000, -7.801
23.61, -0.8000, -9.341
23.62, -0.8000, -9.624
23.63, -0.8000, -7.206
23.64, -0.8000, -8.018
23.65, -0.8000, -7.605
23.66, -0.8000, -9.485
23.67, -0.8000, -8.213
23.68, -0.8000, -9.069
23.69, -0.8000, -9.296
23.70, -0.8000, -8.894
23.71, -0.8000, -7.726
23.72, -0.8000, -7.823
23.73, -0.8000, -8.199
23.74, -0.8000, -9.596
23.75, -0.8000, -8.828
23.76, -0.8000, -8.036
23.77, -0.8000, -8.466
23.78, -0.8000, -7.824
23.79, -0.8000, -7.388
23.80, -0.8000, -8.716
23.81, -0.8000, -7.752
23.82, -0.8000, -9.128
23.83, -0.8000, -8.887
23.84, -0.8000, -8.505
23.85, -0.8000, -8.235
23.86, -0.8000, -8.968
23.87, -0.8000, -9.278
23.88, -0.8000, -8.772
23.89, -0.8000, -8.981
23.90, -0.8000, -8.307
23.91, -0.8000, -7.451
23.92, -0.8000, -8.184
23.93, -0.8000, -7.730
23.94, -0.8000, -8.041
23.95, -0.8000, -8.334
23.96, -0.8000, -7.972
23.97, -0.8000, -8.645
23.98, -0.8000, -7.558
23.99, -0.8000, -7.736
24.00, -0.8000, -8.009
24.01, -0.8000, -7.891
24.02, -0.8000, -7.773
24.03, -0.8000, -7.263
24.04, -0.8000, -8.141
24.05, -0.8000, -8.313
24.06, -0.8000, -8.472
24.07, -0.8000, -7.472
24.08, -0.8000, -8.447
24.09, -0.8000, -8.850
24.10, -0.8000, -8.823
24.11, -0.8000, -7.793
24.12, -0.8000, -8.144
24.13, -0.8000, -7.427
24.14, -0.8000, -8.217
24.15, -0.8000, -7.747
24.16, -0.8000, -7.744
24.17, -0.8000, -8.023
24.18, -0.8000, -7.632
24.19, -0.8000, -9.131
24.20, -0.8000, -9.248
24.21, -0.8000, -7.986
24.22, -0.8000, -7.878
24.23, -0.8000, -6.773
24.24, -0.8000, -7.658
24.25, -0.8000, -10.21
24.26, -0.8000, -8.970
24.27, -0.8000, -8.066
24.28, -0.8000, -8.357
24.29, -0.8000, -7.351
24.30, -0.8000, -8.956
24.31, -0.8000, -8.457
24.32, -0.8000, -7.917
24.33, -0.8000, -7.598
24.34, -0.8000, -9.501
24.35, -0.8000, -8.666
24.36, -0.8000, -8.025
24.37, -0.8000, -7.538
24.38, -0.8000, -7.936
24.39, -0.8000, -7.930
24.40, -0.8000, -7.805
24.41, -0.8000, -7.353
24.42, -0.8000, -7.993
24.43, -0.8000, -8.826
24.44, -0.8000, -7.771
24.45, -0.8000, -8.008
24.46, -0.8000, -8.152
24.47, -0.8000, -7.387
24.48, -0.8000, -7.493
24.49, -0.8000, -8.205
24.50, -0.8000, -8.362
24.51, -0.8000, -9.778
24.52, -0.8000, -7.574
24.53, -0.8000, -8.262
24.54, -0.8000, -7.160
24.55, -0.8000, -8.971
24.56, -0.8000, -9.276
24.57, -0.8000, -7.731
24.58, -0.8000, -7.612
24.59, -0.8000, -7.942
24.60, -0.8000, -8.406
24.61, -0.8000, -7.835
24.62, -0.8000, -7.233
24.63, -0.8000, -7.709
24.64, -0.8000, -8.336
24.65, -0.8000, -8.423
24.66, -0.8000, -8.924
24.67, -0.8000, -7.615
24.68, -0.8000, -8.160
24.69, -0.8000, -6.818
24.70, -0.8000, -7.513
24.71, -0.8000, -7.061
24.72, -0.8000, -7.311
24.73, -0.8000, -7.845
24.74, -0.8000, -7.484
24.75, -0.8000, -8.502
24.76, -0.8000, -7.728
24.77, -0.8000, -7.728
24.78, -0.8000, -7.171
24.79, -0.8000, -8.366
24.80, -0.8000, -7.424
24.81, -0.8000, -7.960
24.82, -0.8000, -7.520
24.83, -0.8000, -7.774
24.84, -0.8000, -8.259
24.85, -0.8000, -7.230
24.86, -0.8000, -8.144
24.87, -0.8000, -8.028
24.88, -0.8000, -8.765
24.89, -0.8000, -8.376
24.90, -0.8000, -7.572
24.91, -0.8000, -7.539
24.92, -0.8000, -7.960
24.93, -0.8000, -7.253
24.94, -0.8000, -8.342
24.95, -0.8000, -7.692
24.96, -0.8000, -9.422
24.97, -0.8000, -7.396
24.98, -0.8000, -8.278
24.99, -0.8000, -9.126
25.00, -0.8000, -7.438
25.01, -0.8000, -7.945
25.02, -0.8000, -6.909
25.03, -0.8000, -7.359
25.04, -0.8000, -7.340
25.05, -0.8000, -7.936
25.06, -0.8000, -8.001
25.07, -0.8000, -8.203
25.08, -0.8000, -8.586
25.09, -0.8000, -8.463
25.10, -0.8000, -8.030
25.11, -0.8000, -7.730
25.12, -0.8000, -8.036
25.13, -0.8000, -7.149
25.14, -0.8000, -8.172
25.15, -0.8000, -7.775
25.16, -0.8000, -8.000
25.17, -0.8000, -8.495
25.18, -0.8000, -8.172
25.19, -0.8000, -7.304
25.20, -0.8000, -8.055
25.21, -0.8000, -9.133
25.22, -0.8000, -8.360
25.23, -0.8000, -8.091
25.24, -0.8000, -7.853
25.25, -0.8000, -8.172
25.26, -0.8000, -7.338
25.27, -0.8000, -7.157
25.28, -0.8000, -8.782
25.29, -0.8000, -8.415
25.30, -0.8000, -7.308
25.31, -0.8000, -7.945
25.32, -0.8000, -8.645
25.33, -0.8000, -7.557
25.34, -0.8000, -7.310
25.35, -0.8000, -7.109
25.36, -0.8000, -8.342
25.37, -0.8000, -7.520
25.38, -0.8000, -7.908
25.39, -0.8000, -8.128
25.40, -0.8000, -9.762
25.41, -0.8000, -9.258
25.42, -0.8000, -8.232
25.43, -0.8000, -6.996
25.44, -0.8000, -7.310
25.45, -0.8000, -7.698
25.46, -0.8000, -6.979
25.47, -0.8000, -8.095
25.48, -0.8000, -7.478
25.49, -0.8000, -7.940
25.50, -0.8000, -8.625
25.51, -0.8000, -8.479
25.52, -0.8000, -7.768
25.53, -0.8000, -7.715
25.54, -0.8000, -8.791
25.55, -0.8000, -8.296
25.56, -0.8000, -8.601
25.57, -0.8000, -7.118
25.58, -0.8000, -9.116
25.59, -0.8000, -8.081
25.60, -0.8000, -7.983
25.61, -0.8000, -8.572
25.62, -0.8000, -8.598
25.63, -0.8000, -8.415
25.64, -0.8000, -8.337
25.65, -0.8000, -8.155
25.66, -0.8000, -8.742
25.67, -0.8000, -7.879
25.68, -0.8000, -9.262
25.69, -0.8000, -8.327
25.70, -0.8000, -8.099
25.71, -0.8000, -8.145
25.72, -0.8000, -6.766
25.73, -0.8000, -7.694
25.74, -0.8000, -8.504
25.75, -0.8000, -7.364
25.76, -0.8000, -8.179
25.77, -0.8000, -7.966
25.78, -0.8000, -8.010
25.79, -0.8000, -8.377
25.80, -0.8000, -7.745
25.81, -0.8000, -8.935
25.82, -0.8000, -8.267
25.83, -0.8000, -8.332
25.84, -0.8000, -8.769
25.85, -0.8000, -8.601
25.86, -0.8000, -8.021
25.87, -0.8000, -7.948
25.88, -0.8000, -7.658
25.89, -0.8000, -8.462
25.90, -0.8000, -7.976
25.91, -0.8000, -7.312
25.92, -0.8000, -8.066
25.93, -0.8000, -7.666
25.94, -0.8000, -7.368
25.95, -0.8000, -8.150
25.96, -0.8000, -8.288
25.97, -0.8000, -8.569
25.98, -0.8000, -8.052
25.99, -0.8000, -7.871
26.00, -0.8000, -8.916
26.01, -0.8000, -8.179
26.02, -0.8000, -8.206
26.03, -0.8000, -8.714
26.04, -0.8000, -7.151
26.05, -0.8000, -7.245
26.06, -0.8000, -7.287
26.07, -0.8000, -9.240
26.08, -0.8000, -7.567
26.09, -0.8000, -7.929
26.10, -0.8000, -7.678
26.11, -0.8000, -7.404
26.12, -0.8000, -8.518
26.13, -0.8000, -8.545
26.14, -0.8000, -8.582
26.15, -0.8000, -8.897
26.16, -0.8000, -8.626
26.17, -0.8000, -8.869
26.18, -0.8000, -8.290
26.19, -0.8000, -7.680
26.20, -0.8000, -7.968
26.21, -0.8000, -7.755
26.22, -0.8000, -7.186
26.23, -0.8000, -8.858
26.24, -0.8000, -7.954
26.25, -0.8000, -7.263
26.26, -0.8000, -8.213
26.27, -0.8000, -7.604
26.28, -0.8000, -7.234
26.29, -0.8000, -8.113
26.30, -0.8000, -7.496
26.31, -0.8000, -8.223
26.32, -0.8000, -6.895
26.33, -0.8000, -8.742
26.34, -0.8000, -7.551
26.35, -0.8000, -8.318
26.36, -0.8000, -7.892
26.37, -0.8000, -8.306
26.38, -0.8000, -8.161
26.39, -0.8000, -8.513
26.40, -0.8000, -7.773
26.41, -0.8000, -7.964
26.42, -0.8000, -7.947
26.43, -0.8000, -7.779
26.44, -0.8000, -9.063
26.45, -0.8000, -7.953
26.46, -0.8000, -7.751
26.47, -0.8000, -7.682
26.48, -0.8000, -7.776
26.49, -0.8000, -7.498
26.50, -0.8000, -8.173
26.51, -0.8000, -8.062
26.52, -0.8000, -8.590
26.53, -0.8000, -7.822
26.54, -0.8000, -8.209
26.55, -0.8000, -9.251
26.56, -0.8000, -7.910
26.57, -0.8000, -7.052
26.58, -0.8000, -8.462
26.59, -0.8000, -8.789
26.60, -0.8000, -8.322
26.61, -0.8000, -8.543
26.62, -0.8000, -7.514
26.63, -0.8000, -9.764
26.64, -0.8000, -8.062
26.65, -0.8000, -8.359
26.66, -0.8000, -8.953
26.67, -0.8000, -7.646
26.68, -0.8000, -7.400
26.69, -0.8000, -7.338
26.70, -0.8000, -8.942
26.71, -0.8000, -8.926
26.72, -0.8000, -8.326
26.73, -0.8000, -6.962
26.74, -0.8000, -8.612
26.75, -0.8000, -8.275
26.76, -0.8000, -8.434
26.77, -0.8000, -8.802
26.78, -0.8000, -8.273
26.79, -0.8000, -8.780
26.80, -0.8000, -8.195
26.81, -0.8000, -7.809
26.82, -0.8000, -7.961
26.83, -0.8000, -7.807
26.84, -0.8000, -9.024
26.85, -0.8000, -7.844
26.86, -0.8000, -8.006
26.87, -0.8000, -8.663
26.88, -0.8000, -8.127
26.89, -0.8000, -7.429
26.90, -0.8000, -8.573
26.91, -0.8000, -8.367
26.92, -0.8000, -9.089
26.93, -0.8000, -7.140
26.94, -0.8000, -7.746
26.95, -0.8000, -7.456
26.96, -0.8000, -6.715
26.97, -0.8000, -7.871
26.98, -0.8000, -8.740
26.99, -0.8000, -8.718
27.00, -0.8000, -9.781
27.01, -0.8000, -8.588
27.02, -0.8000, -7.627
27.03, -0.8000, -8.843
27.04, -0.8000, -10.02
27.05, -0.8000, -8.530
27.06, -0.8000, -9.517
27.07, -0.8000, -7.940
27.08, -0.8000, -7.977
27.09, -0.8000, -7.420
27.10, -0.8000, -7.916
27.11, -0.8000, -7.959
27.12, -0.8000, -7.386
27.13, -0.8000, -7.100
27.14, -0.8000, -7.779
27.15, -0.8000, -7.243
27.16, -0.8000, -7.386
27.17, -0.8000, -8.070
27.18, -0.8000, -7.439
27.19, -0.8000, -8.561
27.20, -0.8000, -7.312
27.21, -0.8000, -7.222
27.22, -0.8000, -7.552
27.23, -0.8000, -8.998
27.24, -0.8000, -7.815
27.25, -0.8000, -8.977
27.26, -0.8000, -7.736
27.27, -0.8000, -7.958
27.28, -0.8000, -7.384
27.29, -0.8000, -7.460
27.30, -0.8000, -7.211
27.31, -0.8000, -8.179
27.32, -0.8000, -7.766
27.33, -0.8000, -7.494
27.34, -0.8000, -8.070
27.35, -0.8000, -7.517
27.36, -0.8000, -8.353
27.37, -0.8000, -8.731
27.38, -0.8000, -8.811
27.39, -0.8000, -8.540
27.40, -0.8000, -7.977
27.41, -0.8000, -8.550
27.42, -0.8000, -8.804
27.43, -0.8000, -8.457
27.44, -0.8000, -8.077
27.45, -0.8000, -8.414
27.46, -0.8000, -7.422
27.47, -0.8000, -7.788
27.48, -0.8000, -8.482
27.49, -0.8000, -7.757
27.50, -0.8000, -7.731
27.51, -0.8000, -9.329
27.52, -0.8000, -8.755
27.53, -0.8000, -8.329
27.54, -0.8000, -10.15
27.55, -0.8000, -7.666
27.56, -0.8000, -7.910
27.57, -0.8000, -7.718
27.58, -0.8000, -7.793
27.59, -0.8000, -8.896
27.60, -0.8000, -7.848
27.61, -0.8000, -9.203
27.62, -0.8000, -7.847
27.63, -0.8000, -8.023
27.64, -0.8000, -8.173
27.65, -0.8000, -8.128
27.66, -0.8000, -8.102
27.67, -0.8000, -7.248
27.68, -0.8000, -8.218
27.69, -0.8000, -8.236
27.70, -0.8000, -8.516
27.71, -0.8000, -9.047
27.72, -0.8000, -7.463
27.73, -0.8000, -8.438
27.74, -0.8000, -8.145
27.75, -0.8000, -7.831
27.76, -0.8000, -8.112
27.77, -0.8000, -8.458
27.78, -0.8000, -8.690
27.79, -0.8000, -7.649
27.80, -0.8000, -7.245
27.81, -0.8000, -8.477
27.82, -0.8000, -7.975
27.83, -0.8000, -8.965
27.84, -0.8000, -9.380
27.85, -0.8000, -7.736
27.86, -0.8000, -7.719
27.87, -0.8000, -9.049
27.88, -0.8000, -7.804
27.89, -0.8000, -7.334
27.90, -0.8000, -7.720
27.91, -0.8000, -7.408
27.92, -0.8000, -9.017
27.93, -0.8000, -8.022
27.94, -0.8000, -7.372
27.95, -0.8000, -8.599
27.96, -0.8000, -8.669
27.97, -0.8000, -7.454
27.98, -0.8000, -7.826
27.99, -0.8000, -8.094
28.00, -0.8000, -8.113
28.01, -0.8000, -8.376
28.02, -0.8000, -9.435
28.03, -0.8000, -9.421
28.04, -0.8000, -7.605
28.05, -0.8000, -8.334
28.06, -0.8000, -7.870
28.07, -0.8000, -7.384
28.08, -0.8000, -8.549
28.09, -0.8000, -7.843
28.10, -0.8000, -7.846
28.11, -0.8000, -8.901
28.12, -0.8000, -7.380
28.13, -0.8000, -8.130
28.14, -0.8000, -7.862
28.15, -0.8000, -8.573
28.16, -0.8000, -7.938
28.17, -0.8000, -8.243
28.18, -0.8000, -7.229
28.19, -0.8000, -8.707
28.20, -0.8000, -8.367
28.21, -0.8000, -8.259
28.22, -0.8000, -8.955
28.23, -0.8000, -8.728
28.24, -0.8000, -7.467
28.25, -0.8000, -8.671
28.26, -0.8000, -7.916
28.27, -0.8000, -8.104
28.28, -0.8000, -8.978
28.29, -0.8000, -8.349
28.30, -0.8000, -8.747
28.31, -0.8000, -7.918
28.32, -0.8000, -7.881
28.33, -0.8000, -8.597
28.34, -0.8000, -8.372
28.35, -0.8000, -8.729
28.36, -0.8000, -7.913
28.37, -0.8000, -7.047
28.38, -0.8000, -9.245
28.39, -0.8000, -8.584
28.40, -0.8000, -7.880
28.41, -0.8000, -9.523
28.42, -0.8000, -9.043
28.43, -0.8000, -7.106
28.44, -0.8000, -7.943
28.45, -0.8000, -8.448
28.46, -0.8000, -7.374
28.47, -0.8000, -8.049
28.48, -0.8000, -8.364
28.49, -0.8000, -7.377
28.50, -0.8000, -7.203
28.51, -0.8000, -7.493
28.52, -0.8000, -8.478
28.53, -0.8000, -8.104
28.54, -0.8000, -8.014
28.55, -0.8000, -8.589
28.56, -0.8000, -9.073
28.57, -0.8000, -7.115
28.58, -0.8000, -6.978
28.59, -0.8000, -9.040
28.60, -0.8000, -8.317
28.61, -0.8000, -7.358
28.62, -0.8000, -6.963
28.63, -0.8000, -8.150
28.64, -0.8000, -8.094
28.65, -0.8000, -8.527
28.66, -0.8000, -8.979
28.67, -0.8000, -8.604
28.68, -0.8000, -7.776
28.69, -0.8000, -8.807
28.70, -0.8000, -10.16
28.71, -0.8000, -8.781
28.72, -0.8000, -7.743
28.73, -0.8000, -7.191
28.74, -0.8000, -8.014
28.75, -0.8000, -8.959
28.76, -0.8000, -9.080
28.77, -0.8000, -8.091
28.78, -0.8000, -8.620
28.79, -0.8000, -7.667
28.80, -0.8000, -8.450
28.81, -0.8000, -7.781
28.82, -0.8000, -8.309
28.83, -0.8000, -8.014
28.84, -0.8000, -7.429
28.85, -0.8000, -8.005
28.86, -0.8000, -8.030
28.87, -0.8000, -7.573
28.88, -0.8000, -8.641
28.89, -0.8000, -8.725
28.90, -0.8000, -7.720
28.91, -0.8000, -7.546
28.92, -0.8000, -7.858
28.93, -0.8000, -7.907
28.94, -0.8000, -8.464
28.95, -0.8000, -8.380
28.96, -0.8000, -7.748
28.97, -0.8000, -7.352
28.98, -0.8000, -6.960
28.99, -0.8000, -8.762
29.00, -0.8000, -7.205
29.01, -0.8000, -8.939
29.02, -0.8000, -7.257
29.03, -0.8000, -7.727
29.04, -0.8000, -7.491
29.05, -0.8000, -7.714
29.06, -0.8000, -8.085
29.07, -0.8000, -8.359
29.08, -0.8000, -8.041
29.09, -0.8000, -7.944
29.10, -0.8000, -7.650
29.11, -0.8000, -8.511
29.12, -0.8000, -8.155
29.13, -0.8000, -7.586
29.14, -0.8000, -7.200
29.15, -0.8000, -8.824
29.16, -0.8000, -7.818
29.17, -0.8000, -9.587
29.18, -0.8000, -6.983
29.19, -0.8000, -8.547
29.20, -0.8000, -9.234
29.21, -0.8000, -8.974
29.22, -0.8000, -7.536
29.23, -0.8000, -8.712
29.24, -0.8000, -7.435
29.25, -0.8000, -7.460
29.26, -0.8000, -9.353
29.27, -0.8000, -7.886
29.28, -0.8000, -7.759
29.29, -0.8000, -7.563
29.30, -0.8000, -7.818
29.31, -0.8000, -9.671
29.32, -0.8000, -8.888
29.33, -0.8000, -8.804
29.34, -0.8000, -8.330
29.35, -0.8000, -7.364
29.36, -0.8000, -8.183
29.37, -0.8000, -8.489
29.38, -0.8000, -8.962
29.39, -0.8000, -7.387
29.40, -0.8000, -7.560
29.41, -0.8000, -9.974
29.42, -0.8000, -9.241
29.43, -0.8000, -7.738
29.44, -0.8000, -8.650
29.45, -0.8000, -8.943
29.46, -0.8000, -8.479
29.47, -0.8000, -8.160
29.48, -0.8000, -8.512
29.49, -0.8000, -7.563
29.50, -0.8000, -7.520
29.51, -0.8000, -9.328
29.52, -0.8000, -7.808
29.53, -0.8000, -7.477
29.54, -0.8000, -8.057
29.55, -0.8000, -7.538
29.56, -0.8000, -7.267
29.57, -0.8000, -7.705
29.58, -0.8000, -7.453
29.59, -0.8000, -9.387
29.60, -0.8000, -7.676
29.61, -0.8000, -7.469
29.62, -0.8000, -7.924
29.63, -0.8000, -6.485
29.64, -0.8000, -8.586
29.65, -0.8000, -8.502
29.66, -0.8000, -7.838
29.67, -0.8000, -7.376
29.68, -0.8000, -7.959
29.69, -0.8000, -9.054
29.70, -0.8000, -9.087
29.71, -0.8000, -8.367
29.72, -0.8000, -8.406
29.73, -0.8000, -7.999
29.74, -0.8000, -9.167
29.75, -0.8000, -8.846
29.76, -0.8000, -7.492
29.77, -0.8000, -7.719
29.78, -0.8000, -7.268
29.79, -0.8000, -9.225
29.80, -0.8000, -8.996
29.81, -0.8000, -8.769
29.82, -0.8000, -8.572
29.83, -0.8000, -8.214
29.84, -0.8000, -9.253
29.85, -0.8000, -7.594
29.86, -0.8000, -8.133
29.87, -0.8000, -7.181
29.88, -0.8000, -8.630
29.89, -0.8000, -8.343
29.90, -0.8000, -8.371
29.91, -0.8000, -7.879
29.92, -0.8000, -7.391
29.93, -0.8000, -6.791
29.94, -0.8000, -7.519
29.95, -0.8000, -8.288
29.96, -0.8000, -7.155
29.97, -0.8000, -7.861
29.98, -0.8000, -7.206
29.99, -0.8000, -7.050
30.00, -0.8000, -8.166
30.01, -0.8000, -8.636
30.02, -0.8000, -7.389
30.03, -0.8000, -8.594
30.04, -0.8000, -7.622
30.05, -0.8000, -8.460
30.06, -0.8000, -7.737
30.07, -0.8000, -7.521
30.08, -0.8000, -8.669
30.09, -0.8000, -8.963
30.10, -0.8000, -7.713
30.11, -0.8000, -8.508
30.12, -0.8000, -7.729
30.13, -0.8000, -7.358
30.14, -0.8000, -7.896
30.15, -0.8000, -7.797
30.16, -0.8000, -8.895
30.17, -0.8000, -8.933
30.18, -0.8000, -9.817
30.19, -0.8000, -7.040
30.20, -0.8000, -8.707
30.21, -0.8000, -8.705
30.22, -0.8000, -9.109
30.23, -0.8000, -9.407
30.24, -0.8000, -6.953
30.25, -0.8000, -9.026
30.26, -0.8000, -7.977
30.27, -0.8000, -10.04
30.28, -0.8000, -7.825
30.29, -0.8000, -7.980
30.30, -0.8000, -8.668
30.31, -0.8000, -8.519
30.32, -0.8000, -7.746
30.33, -0.8000, -8.556
30.34, -0.8000, -8.215
30.35, -0.8000, -8.172
30.36, -0.8000, -8.879
30.37, -0.8000, -8.898
30.38, -0.8000, -7.620
30.39, -0.8000, -8.396
30.40, -0.8000, -8.579
30.41, -0.8000, -7.501
30.42, -0.8000, -7.824
30.43, -0.8000, -7.914
30.44, -0.8000, -7.445
30.45, -0.8000, -8.640
30.46, -0.8000, -8.516
30.47, -0.8000, -8.579
30.48, -0.8000, -7.738
30.49, -0.8000, -8.504
30.50, -0.8000, -7.894
30.51, -0.8000, -7.446
30.52, -0.8000, -7.938
30.53, -0.8000, -7.852
30.54, -0.8000, -7.759
30.55, -0.8000, -7.714
30.56, -0.8000, -8.689
30.57, -0.8000, -8.160
30.58, -0.8000, -8.217
30.59, -0.8000, -7.964
30.60, -0.8000, -7.806
30.61, -0.8000, -8.247
30.62, -0.8000, -7.899
30.63, -0.8000, -8.253
30.64, -0.8000, -8.155
30.65, -0.8000, -8.566
30.66, -0.8000, -8.540
30.67, -0.8000, -7.746
30.68, -0.8000, -7.856
30.69, -0.8000, -7.829
30.70, -0.8000, -8.090
30.71, -0.8000, -8.010
30.72, -0.8000, -8.867
30.73, -0.8000, -8.496
30.74, -0.8000, -8.468
30.75, -0.8000, -8.746
30.76, -0.8000, -8.380
30.77, -0.8000, -7.759
30.78, -0.8000, -8.035
30.79, -0.8000, -7.723
30.80, -0.8000, -6.942
30.81, -0.8000, -9.469
30.82, -0.8000, -9.212
30.83, -0.8000, -7.362
30.84, -0.8000, -8.589
30.85, -0.8000, -8.162
30.86, -0.8000, -8.648
30.87, -0.8000, -6.982
30.88, -0.8000, -6.975
30.89, -0.8000, -7.851
30.90, -0.8000, -7.818
30.91, -0.8000, -8.168
30.92, -0.8000, -8.096
30.93, -0.8000, -8.122
30.94, -0.8000, -8.249
30.95, -0.8000, -8.523
30.96, -0.8000, -7.776
30.97, -0.8000, -8.129
30.98, -0.8000, -6.936
30.99, -0.8000, -8.955
31.00, -0.8000, -9.040
31.01, -0.8000, -8.005
31.02, -0.8000, -8.251
31.03, -0.8000, -9.180
31.04, -0.8000, -8.604
31.05, -0.8000, -7.214
31.06, -0.8000, -8.075
31.07, -0.8000, -8.242
31.08, -0.8000, -8.190
31.09, -0.8000, -7.912
31.10, -0.8000, -8.000
31.11, -0.8000, -8.239
31.12, -0.8000, -7.989
31.13, -0.8000, -8.280
31.14, -0.8000, -7.079
31.15, -0.8000, -9.138
31.16, -0.8000, -7.906
31.17, -0.8000, -9.618
31.18, -0.8000, -8.010
31.19, -0.8000, -8.842
31.20, -0.8000, -7.325
31.21, -0.8000, -8.444
31.22, -0.8000, -7.899
31.23, -0.8000, -7.901
31.24, -0.8000, -8.498
31.25, -0.8000, -7.864
31.26, -0.8000, -8.335
31.27, -0.8000, -7.896
31.28, -0.8000, -9.105
31.29, -0.8000, -7.839
31.30, -0.8000, -7.865
31.31, -0.8000, -7.826
31.32, -0.8000, -7.223
31.33, -0.8000, -7.941
31.34, -0.8000, -7.824
31.35, -0.8000, -7.145
31.36, -0.8000, -8.198
31.37, -0.8000, -8.126
31.38, -0.8000, -7.459
31.39, -0.8000, -7.784
31.40, -0.8000, -7.943
31.41, -0.8000, -7.196
31.42, -0.8000, -7.172
31.43, -0.8000, -7.502
31.44, -0.8000, -6.996
31.45, -0.8000, -7.934
31.46, -0.8000, -8.097
31.47, -0.8000, -7.988
31.48, -0.8000, -7.546
31.49, -0.8000, -8.778
31.50, -0.8000, -8.841
31.51, -0.8000, -9.768
31.52, -0.8000, -7.542
31.53, -0.8000, -8.142
31.54, -0.8000, -7.852
31.55, -0.8000, -7.900
31.56, -0.8000, -7.560
31.57, -0.8000, -9.235
31.58, -0.8000, -8.063
31.59, -0.8000, -8.686
31.60, -0.8000, -9.220
31.61, -0.8000, -7.801
31.62, -0.8000, -8.414
31.63, -0.8000, -9.390
31.64, -0.8000, -8.278
31.65, -0.8000, -8.675
31.66, -0.8000, -7.759
31.67, -0.8000, -7.937
31.68, -0.8000, -8.150
31.69, -0.8000, -7.608
31.70, -0.8000, -8.972
31.71, -0.8000, -7.749
31.72, -0.8000, -7.517
31.73, -0.8000, -7.033
31.74, -0.8000, -7.867
31.75, -0.8000, -7.041
31.76, -0.8000, -8.602
31.77, -0.8000, -7.422
31.78, -0.8000, -7.595
31.79, -0.8000, -8.699
31.80, -0.8000, -7.511
31.81, -0.8000, -10.01
31.82, -0.8000, -9.033
31.83, -0.8000, -7.935
31.84, -0.8000, -7.517
31.85, -0.8000, -7.993
31.86, -0.8000, -7.329
31.87, -0.8000, -7.180
31.88, -0.8000, -8.419
31.89, -0.8000, -8.130
31.90, -0.8000, -8.970
31.91, -0.8000, -8.427
31.92, -0.8000, -8.803
31.93, -0.8000, -7.898
31.94, -0.8000, -7.633
31.95, -0.8000, -8.641
31.96, -0.8000, -8.005
31.97, -0.8000, -9.695
31.98, -0.8000, -7.607
31.99, -0.8000, -8.675
32.00, -0.8000, -8.121
32.01, -0.8000, -8.173
32.02, -0.8000, -8.881
32.03, -0.8000, -8.932
32.04, -0.8000, -7.714
32.05, -0.8000, -7.613
32.06, -0.8000, -8.380
32.07, -0.8000, -7.965
32.08, -0.8000, -8.275
32.09, -0.8000, -7.901
32.10, -0.8000, -7.727
32.11, -0.8000, -7.748
32.12, -0.8000, -8.040
32.13, -0.8000, -8.153
32.14, -0.8000, -8.039
32.15, -0.8000, -8.331
32.16, -0.8000, -8.167
32.17, -0.8000, -8.233
32.18, -0.8000, -7.629
32.19, -0.8000, -6.626
32.20, -0.8000, -7.384
32.21, -0.8000, -9.021
32.22, -0.8000, -7.978
32.23, -0.8000, -8.348
32.24, -0.8000, -8.824
32.25, -0.8000, -7.807
32.26, -0.8000, -8.075
32.27, -0.8000, -8.400
32.28, -0.8000, -9.177
32.29, -0.8000, -8.650
32.30, -0.8000, -7.785
32.31, -0.8000, -7.876
32.32, -0.8000, -8.381
32.33, -0.8000, -8.128
32.34, -0.8000, -8.254
32.35, -0.8000, -8.027
32.36, -0.8000, -9.066
32.37, -0.8000, -7.956
32.38, -0.8000, -7.121
32.39, -0.8000, -7.441
32.40, -0.8000, -7.979
32.41, -0.8000, -8.731
32.42, -0.8000, -8.562
32.43, -0.8000, -8.505
32.44, -0.8000, -7.647
32.45, -0.8000, -7.456
32.46, -0.8000, -8.228
32.47, -0.8000, -8.575
32.48, -0.8000, -7.994
32.49, -0.8000, -8.293
32.50, -0.8000, -7.451
32.51, -0.8000, -8.293
32.52, -0.8000, -8.652
32.53, -0.8000, -7.429
32.54, -0.8000, -7.420
32.55, -0.8000, -7.640
32.56, -0.8000, -7.954
32.57, -0.8000, -8.840
32.58, -0.8000, -7.582
32.59, -0.8000, -7.976
32.60, -0.8000, -8.764
32.61, -0.8000, -7.974
32.62, -0.8000, -8.093
32.63, -0.8000, -8.574
32.64, -0.8000, -8.048
32.65, -0.8000, -7.877
32.66, -0.8000, -8.831
32.67, -0.8000, -7.938
32.68, -0.8000, -9.006
32.69, -0.8000, -7.372
32.70, -0.8000, -9.794
32.71, -0.8000, -7.700
32.72, -0.8000, -8.107
32.73, -0.8000, -7.396
32.74, -0.8000, -8.331
32.75, -0.8000, -7.973
32.76, -0.8000, -8.408
32.77, -0.8000, -7.908
32.78, -0.8000, -7.395
32.79, -0.8000, -7.803
32.80, -0.8000, -8.327
32.81, -0.8000, -7.759
32.82, -0.8000, -10.32
32.83, -0.8000, -7.621
32.84, -0.8000, -7.058
32.85, -0.8000, -7.049
32.86, -0.8000, -7.875
32.87, -0.8000, -8.811
32.88, -0.8000, -7.648
32.89, -0.8000, -7.585
32.90, -0.8000, -8.105
32.91, -0.8000, -8.738
32.92, -0.8000, -6.754
32.93, -0.8000, -7.453
32.94, -0.8000, -6.917
32.95, -0.8000, -8.445
32.96, -0.8000, -7.744
32.97, -0.8000, -7.973
32.98, -0.8000, -8.495
32.99, -0.8000, -8.021
33.00, -0.8000, -7.994
33.01, -0.8000, -8.635
33.02, -0.8000, -9.061
33.03, -0.8000, -8.945
33.04, -0.8000, -9.507
33.05, -0.8000, -7.877
33.06, -0.8000, -7.818
33.07, -0.8000, -9.053
33.08, -0.8000, -8.016
33.09, -0.8000, -9.145
33.10, -0.8000, -7.562
33.11, -0.8000, -8.169
33.12, -0.8000, -8.023
33.13, -0.8000, -8.338
33.14, -0.8000, -9.483
33.15, -0.8000, -7.392
33.16, -0.8000, -8.978
33.17, -0.8000, -7.787
33.18, -0.8000, -8.082
33.19, -0.8000, -8.166
33.20, -0.8000, -9.337
33.21, -0.8000, -8.013
33.22, -0.8000, -7.261
33.23, -0.8000, -8.006
33.24, -0.8000, -7.265
33.25, -0.8000, -8.501
33.26, -0.8000, -8.944
33.27, -0.8000, -8.622
33.28, -0.8000, -8.843
33.29, -0.8000, -7.559
33.30, -0.8000, -7.869
33.31, -0.8000, -7.574
33.32, -0.8000, -8.525
33.33, -0.8000, -7.137
33.34, -0.8000, -7.725
33.35, -0.8000, -7.484
33.36, -0.8000, -7.986
33.37, -0.8000, -7.994
33.38, -0.8000, -8.085
33.39, -0.8000, -6.806
33.40, -0.8000, -8.627
33.41, -0.8000, -7.196
33.42, -0.8000, -7.818
33.43, -0.8000, -8.055
33.44, -0.8000, -7.956
33.45, -0.8000, -8.334
33.46, -0.8000, -7.880
33.47, -0.8000, -7.533
33.48, -0.8000, -9.287
33.49, -0.8000, -8.336
33.50, -0.8000, -7.890
33.51, -0.8000, -8.224
33.52, -0.8000, -7.400
33.53, -0.8000, -7.894
33.54, -0.8000, -8.249
33.55, -0.8000, -7.841
33.56, -0.8000, -8.456
33.57, -0.8000, -9.718
33.58, -0.8000, -8.298
33.59, -0.8000, -9.447
33.60, -0.8000, -8.081
33.61, -0.8000, -8.673
33.62, -0.8000, -8.772
33.63, -0.8000, -7.847
33.64, -0.8000, -8.615
33.65, -0.8000, -7.219
33.66, -0.8000, -8.641
33.67, -0.8000, -8.851
33.68, -0.8000, -7.981
33.69, -0.8000, -7.743
33.70, -0.8000, -8.203
33.71, -0.8000, -6.773
33.72, -0.8000, -7.161
33.73, -0.8000, -6.797
33.74, -0.8000, -7.766
33.75, -0.8000, -7.074
33.76, -0.8000, -8.405
33.77, -0.8000, -8.953
33.78, -0.8000, -7.594
33.79, -0.8000, -7.032
33.80, -0.8000, -8.040
33.81, -0.8000, -9.026
33.82, -0.8000, -9.103
33.83, -0.8000, -9.033
33.84, -0.8000, -8.316
33.85, -0.8000, -8.526
33.86, -0.8000, -7.715
33.87, -0.8000, -8.030
33.88, -0.8000, -8.404
33.89, -0.8000, -9.541
33.90, -0.8000, -9.211
33.91, -0.8000, -8.760
33.92, -0.8000, -8.642
33.93, -0.8000, -8.927
33.94, -0.8000, -7.585
33.95, -0.8000, -8.976
33.96, -0.8000, -7.776
33.97, -0.8000, -8.210
33.98, -0.8000, -7.798
33.99, -0.8000, -7.199
34.00, -0.8000, -7.717
34.01, -0.8000, -7.291
34.02, -0.8000, -8.219
34.03, -0.8000, -7.116
34.04, -0.8000, -8.138
34.05, -0.8000, -8.504
34.06, -0.8000, -8.404
34.07, -0.8000, -9.051
34.08, -0.8000, -7.114
34.09, -0.8000, -9.440
34.10, -0.8000, -8.360
34.11, -0.8000, -8.031
34.12, -0.8000, -8.475
34.13, -0.8000, -7.744
34.14, -0.8000, -7.481
34.15, -0.8000, -7.257
34.16, -0.8000, -8.100
34.17, -0.8000, -9.655
34.18, -0.8000, -7.535
34.19, -0.8000, -7.631
34.20, -0.8000, -8.357
34.21, -0.8000, -8.261
34.22, -0.8000, -8.252
34.23, -0.8000, -7.795
34.24, -0.8000, -7.069
34.25, -0.8000, -7.334
34.26, -0.8000, -7.144
34.27, -0.8000, -7.078
34.28, -0.8000, -6.930
34.29, -0.8000, -7.481
34.30, -0.8000, -7.260
34.31, -0.8000, -6.201
34.32, -0.8000, -7.440
34.33, -0.8000, -7.757
34.34, -0.8000, -8.205
34.35, -0.8000, -8.425
34.36, -0.8000, -7.815
34.37, -0.8000, -8.002
34.38, -0.8000, -8.385
34.39, -0.8000, -8.598
34.40, -0.8000, -7.494
34.41, -0.8000, -8.404
34.42, -0.8000, -9.406
34.43, -0.8000, -8.498
34.44, -0.8000, -8.817
34.45, -0.8000, -7.514
34.46, -0.8000, -9.030
34.47, -0.8000, -7.673
34.48, -0.8000, -7.861
34.49, -0.8000, -8.502
34.50, -0.8000, -9.720
34.51, -0.8000, -8.753
34.52, -0.8000, -7.793
34.53, -0.8000, -8.842
34.54, -0.8000, -8.391
34.55, -0.8000, -7.393
34.56, -0.8000, -9.781
34.57, -0.8000, -8.275
34.58, -0.8000, -8.149
34.59, -0.8000, -7.802
34.60, -0.8000, -7.628
34.61, -0.8000, -8.874
34.62, -0.8000, -9.514
34.63, -0.8000, -9.832
34.64, -0.8000, -8.762
34.65, -0.8000, -9.192
34.66, -0.8000, -9.106
34.67, -0.8000, -8.654
34.68, -0.8000, -7.907
34.69, -0.8000, -7.663
34.70, -0.8000, -8.974
34.71, -0.8000, -8.406
34.72, -0.8000, -8.262
34.73, -0.8000, -9.121
34.74, -0.8000, -8.421
34.75, -0.8000, -8.272
34.76, -0.8000, -8.190
34.77, -0.8000, -7.936
34.78, -0.8000, -8.321
34.79, -0.8000, -8.366
34.80, -0.8000, -7.113
34.81, -0.8000, -7.936
34.82, -0.8000, -7.793
34.83, -0.8000, -8.239
34.84, -0.8000, -8.097
34.85, -0.8000, -6.824
34.86, -0.8000, -7.974
34.87, -0.8000, -9.138
34.88, -0.8000, -9.653
34.89, -0.8000, -7.878
34.90, -0.8000, -8.759
34.91, -0.8000, -7.849
34.92, -0.8000, -7.596
34.93, -0.8000, -8.297
34.94, -0.8000, -8.952
34.95, -0.8000, -8.487
34.96, -0.8000, -9.887
34.97, -0.8000, -8.108
34.98, -0.8000, -8.747
34.99, -0.8000, -8.716
35.00, -0.8000, -7.874
35.01, -0.8000, -8.436
35.02, -0.8000, -7.761
35.03, -0.8000, -7.077
35.04, -0.8000, -7.804
35.05, -0.8000, -7.651
35.06, -0.8000, -9.243
35.07, -0.8000, -9.495
35.08, -0.8000, -8.213
35.09, -0.8000, -8.465
35.10, -0.8000, -8.583
35.11, -0.8000, -9.073
35.12, -0.8000, -7.552
35.13, -0.8000, -7.048
35.14, -0.8000, -7.739
35.15, -0.8000, -7.678
35.16, -0.8000, -7.478
35.17, -0.8000, -7.725
35.18, -0.8000, -7.916
35.19, -0.8000, -9.208
35.20, -0.8000, -9.368
35.21, -0.8000, -8.448
35.22, -0.8000, -7.705
35.23, -0.8000, -7.452
35.24, -0.8000, -7.579
35.25, -0.8000, -7.618
35.26, -0.8000, -8.462
35.27, -0.8000, -7.791
35.28, -0.8000, -7.561
35.29, -0.8000, -8.180
35.30, -0.8000, -7.294
35.31, -0.8000, -7.504
35.32, -0.8000, -7.624
35.33, -0.8000, -7.454
35.34, -0.8000, -7.801
35.35, -0.8000, -7.224
35.36, -0.8000, -7.633
35.37, -0.8000, -8.035
35.38, -0.8000, -7.593
35.39, -0.8000, -8.255
35.40, -0.8000, -7.584
35.41, -0.8000, -7.786
35.42, -0.8000, -7.443
35.43, -0.8000, -7.173
35.44, -0.8000, -7.641
35.45, -0.8000, -7.354
35.46, -0.8000, -7.793
35.47, -0.8000, -8.226
35.48, -0.8000, -7.526
35.49, -0.8000, -7.723
35.50, -0.8000, -8.886
35.51, -0.8000, -7.363
35.52, -0.8000, -7.559
35.53, -0.8000, -7.479
35.54, -0.8000, -7.648
35.55, -0.8000, -7.202
35.56, -0.8000, -7.160
35.57, -0.8000, -7.713
35.58, -0.8000, -7.187
35.59, -0.8000, -8.432
35.60, -0.8000, -8.131
35.61, -0.8000, -7.480
35.62, -0.8000, -8.732
35.63, -0.8000, -7.703
35.64, -0.8000, -8.978
35.65, -0.8000, -6.492
35.66, -0.8000, -6.488
35.67, -0.8000, -7.856
35.68, -0.8000, -7.855
35.69, -0.8000, -7.036
35.70, -0.8000, -8.591
35.71, -0.8000, -8.714
35.72, -0.8000, -8.293
35.73, -0.8000, -7.807
35.74, -0.8000, -7.910
35.75, -0.8000, -7.705
35.76, -0.8000, -7.303
35.77, -0.8000, -8.433
35.78, -0.8000, -8.761
35.79, -0.8000, -8.167
35.80, -0.8000, -7.467
35.81, -0.8000, -8.008
35.82, -0.8000, -8.966
35.83, -0.8000, -7.096
35.84, -0.8000, -7.184
35.85, -0.8000, -8.898
35.86, -0.8000, -9.322
35.87, -0.8000, -7.002
35.88, -0.8000, -7.102
35.89, -0.8000, -7.680
35.90, -0.8000, -8.617
35.91, -0.8000, -8.633
35.92, -0.8000, -8.467
35.93, -0.8000, -7.827
35.94, -0.8000, -7.969
35.95, -0.8000, -6.724
35.96, -0.8000, -9.734
35.97, -0.8000, -7.153
35.98, -0.8000, -9.306
35.99, -0.8000, -7.472
36.00, -0.8000, -9.421
36.01, -0.8000, -7.890
36.02, -0.8000, -6.785
36.03, -0.8000, -7.580
36.04, -0.8000, -7.395
36.05, -0.8000, -8.209
36.06, -0.8000, -9.975
36.07, -0.8000, -9.824
36.08, -0.8000, -7.152
36.09, -0.8000, -9.424
36.10, -0.8000, -7.714
36.11, -0.8000, -8.375
36.12, -0.8000, -8.792
36.13, -0.8000, -7.978
36.14, -0.8000, -8.612
36.15, -0.8000, -8.038
36.16, -0.8000, -7.976
36.17, -0.8000, -7.865
36.18, -0.8000, -8.364
36.19, -0.8000, -7.231
36.20, -0.8000, -7.399
36.21, -0.8000, -8.702
36.22, -0.8000, -8.348
36.23, -0.8000, -9.068
36.24, -0.8000, -8.349
36.25, -0.8000, -8.016
36.26, -0.8000, -8.142
36.27, -0.8000, -8.060
36.28, -0.8000, -7.643
36.29, -0.8000, -8.296
36.30, -0.8000, -7.723
36.31, -0.8000, -7.703
36.32, -0.8000, -8.126
36.33, -0.8000, -7.015
36.34, -0.8000, -6.640
36.35, -0.8000, -7.077
36.36, -0.8000, -7.995
36.37, -0.8000, -7.563
36.38, -0.8000, -7.622
36.39, -0.8000, -7.928
36.40, -0.8000, -7.088
36.41, -0.8000, -7.305
36.42, -0.8000, -7.786
36.43, -0.8000, -7.557
36.44, -0.8000, -8.683
36.45, -0.8000, -7.070
36.46, -0.8000, -7.535
36.47, -0.8000, -8.828
36.48, -0.8000, -8.144
36.49, -0.8000, -7.707
36.50, -0.8000, -6.415
36.51, -0.8000, -7.195
36.52, -0.8000, -8.177
36.53, -0.8000, -8.208
36.54, -0.8000, -7.516
36.55, -0.8000, -7.879
36.56, -0.8000, -7.727
36.57, -0.8000, -8.622
36.58, -0.8000, -8.245
36.59, -0.8000, -8.804
36.60, -0.8000, -8.034
36.61, -0.8000, -7.848
36.62, -0.8000, -8.855
36.63, -0.8000, -7.355
36.64, -0.8000, -8.028
36.65, -0.8000, -7.042
36.66, -0.8000, -8.601
36.67, -0.8000, -7.457
36.68, -0.8000, -7.217
36.69, -0.8000, -9.773
36.70, -0.8000, -8.961
36.71, -0.8000, -6.519
36.72, -0.8000, -9.296
36.73, -0.8000, -9.280
36.74, -0.8000, -8.468
36.75, -0.8000, -7.306
36.76, -0.8000, -7.314
36.77, -0.8000, -7.725
36.78, -0.8000, -7.430
36.79, -0.8000, -8.549
36.80, -0.8000, -8.084
36.81, -0.8000, -7.250
36.82, -0.8000, -8.186
36.83, -0.8000, -7.198
36.84, -0.8000, -8.086
36.85, -0.8000, -6.778
36.86, -0.8000, -8.364
36.87, -0.8000, -8.118
36.88, -0.8000, -7.071
36.89, -0.8000, -8.742
36.90, -0.8000, -8.132
36.91, -0.8000, -7.151
36.92, -0.8000, -7.350
36.93, -0.8000, -8.033
36.94, -0.8000, -8.241
36.95, -0.8000, -7.684
36.96, -0.8000, -8.154
36.97, -0.8000, -8.716
36.98, -0.8000, -9.243
36.99, -0.8000, -8.915
37.00, -0.8000, -8.316
37.01, -0.8000, -8.219
37.02, -0.8000, -9.175
37.03, -0.8000, -7.753
37.04, -0.8000, -9.149
37.05, -0.8000, -7.839
37.06, -0.8000, -7.620
37.07, -0.8000, -7.556
37.08, -0.8000, -7.294
37.09, -0.8000, -8.404
37.10, -0.8000, -7.419
37.11, -0.8000, -8.845
37.12, -0.8000, -7.404
37.13, -0.8000, -8.115
37.14, -0.8000, -9.142
37.15, -0.8000, -7.510
37.16, -0.8000, -7.890
37.17, -0.8000, -8.034
37.18, -0.8000, -7.303
37.19, -0.8000, -7.327
37.20, -0.8000, -8.538
37.21, -0.8000, -7.266
37.22, -0.8000, -7.654
37.23, -0.8000, -7.413
37.24, -0.8000, -7.151
37.25, -0.8000, -8.479
37.26, -0.8000, -8.043
37.27, -0.8000, -7.905
37.28, -0.8000, -7.194
37.29, -0.8000, -8.520
37.30, -0.8000, -7.242
37.31, -0.8000, -7.367
37.32, -0.8000, -8.101
37.33, -0.8000, -7.187
37.34, -0.8000, -7.706
37.35, -0.8000, -8.479
37.36, -0.8000, -8.015
37.37, -0.8000, -8.372
37.38, -0.8000, -7.075
37.39, -0.8000, -8.083
37.40, -0.8000, -8.266
37.41, -0.8000, -7.085
37.42, -0.8000, -9.052
37.43, -0.8000, -8.286
37.44, -0.8000, -9.885
37.45, -0.8000, -7.721
37.46, -0.8000, -7.880
37.47, -0.8000, -8.215
37.48, -0.8000, -8.657
37.49, -0.8000, -8.006
37.50, -0.8000, -7.680
37.51, -0.8000, -8.619
37.52, -0.8000, -7.810
37.53, -0.8000, -7.898
37.54, -0.8000, -7.126
37.55, -0.8000, -8.510
37.56, -0.8000, -8.745
37.57, -0.8000, -8.108
37.58, -0.8000, -7.528
37.59, -0.8000, -7.970
37.60, -0.8000, -7.475
37.61, -0.8000, -8.055
37.62, -0.8000, -7.756
37.63, -0.8000, -7.779
37.64, -0.8000, -7.956
37.65, -0.8000, -8.621
37.66, -0.8000, -8.412
37.67, -0.8000, -8.018
37.68, -0.8000, -8.946
37.69, -0.8000, -7.600
37.70, -0.8000, -7.899
37.71, -0.8000, -8.601
37.72, -0.8000, -7.298
37.73, -0.8000, -7.659
37.74, -0.8000, -8.930
37.75, -0.8000, -7.170
37.76, -0.8000, -9.136
37.77, -0.8000, -8.369
37.78, -0.8000, -8.132
37.79, -0.8000, -7.781
37.80, -0.8000, -7.034
37.81, -0.8000, -7.867
37.82, -0.8000, -7.348
37.83, -0.8000, -8.152
37.84, -0.8000, -7.538
37.85, -0.8000, -9.194
37.86, -0.8000, -8.127
37.87, -0.8000, -7.617
37.88, -0.8000, -8.646
37.89, -0.8000, -8.148
37.90, -0.8000, -7.760
37.91, -0.8000, -8.484
37.92, -0.8000, -7.186
37.93, -0.8000, -7.719
37.94, -0.8000, -8.007
37.95, -0.8000, -8.253
37.96, -0.8000, -8.239
37.97, -0.8000, -7.490
37.98, -0.8000, -7.575
37.99, -0.8000, -7.468
38.00, -0.8000, -8.459
38.01, -0.8000, -9.165
38.02, -0.8000, -7.993
38.03, -0.8000, -7.919
38.04, -0.8000, -7.333
38.05, -0.8000, -9.516
38.06, -0.8000, -8.551
38.07, -0.8000, -8.217
38.08, -0.8000, -7.795
38.09, -0.8000, -7.967
38.10, -0.8000, -7.499
38.11, -0.8000, -8.386
38.12, -0.8000, -7.726
38.13, -0.8000, -6.784
38.14, -0.8000, -7.120
38.15, -0.8000, -8.544
38.16, -0.8000, -8.578
38.17, -0.8000, -8.062
38.18, -0.8000, -7.211
38.19, -0.8000, -8.516
38.20, -0.8000, -7.974
38.21, -0.8000, -7.916
38.22, -0.8000, -7.854
38.23, -0.8000, -7.756
38.24, -0.8000, -8.502
38.25, -0.8000, -9.283
38.26, -0.8000, -7.034
38.27, -0.8000, -7.698
38.28, -0.8000, -7.658
38.29, -0.8000, -7.503
38.30, -0.8000, -7.912
38.31, -0.8000, -8.117
38.32, -0.8000, -8.121
38.33, -0.8000, -8.282
38.34, -0.8000, -7.944
38.35, -0.8000, -9.082
38.36, -0.8000, -7.505
38.37, -0.8000, -7.554
38.38, -0.8000, -7.146
38.39, -0.8000, -8.208
38.40, -0.8000, -8.050
38.41, -0.8000, -9.216
38.42, -0.8000, -7.815
38.43, -0.8000, -7.222
38.44, -0.8000, -9.054
38.45, -0.8000, -9.183
38.46, -0.8000, -7.995
38.47, -0.8000, -7.751
38.48, -0.8000, -8.555
38.49, -0.8000, -8.443
38.50, -0.8000, -8.774
38.51, -0.8000, -7.004
38.52, -0.8000, -6.922
38.53, -0.8000, -6.673
38.54, -0.8000, -9.146
38.55, -0.8000, -8.095
38.56, -0.8000, -7.006
38.57, -0.8000, -7.587
38.58, -0.8000, -7.106
38.59, -0.8000, -6.690
38.60, -0.8000, -7.974
38.61, -0.8000, -7.618
38.62, -0.8000, -7.416
38.63, -0.8000, -6.849
38.64, -0.8000, -8.207
38.65, -0.8000, -7.644
38.66, -0.8000, -7.422
38.67, -0.8000, -7.411
38.68, -0.8000, -7.224
38.69, -0.8000, -8.618
38.70, -0.8000, -8.676
38.71, -0.8000, -6.816
38.72, -0.8000, -7.684
38.73, -0.8000, -7.166
38.74, -0.8000, -7.470
38.75, -0.8000, -8.749
38.76, -0.8000, -7.286
38.77, -0.8000, -7.371
38.78, -0.8000, -8.185
38.79, -0.8000, -8.424
38.80, -0.8000, -7.432
38.81, -0.8000, -8.155
38.82, -0.8000, -7.045
38.83, -0.8000, -7.542
38.84, -0.8000, -6.862
38.85, -0.8000, -7.116
38.86, -0.8000, -8.492
38.87, -0.8000, -7.797
38.88, -0.8000, -7.674
38.89, -0.8000, -6.899
38.90, -0.8000, -7.345
38.91, -0.8000, -7.315
38.92, -0.8000, -7.299
38.93, -0.8000, -9.158
38.94, -0.8000, -7.767
38.95, -0.8000, -7.623
38.96, -0.8000, -7.307
38.97, -0.8000, -8.567
38.98, -0.8000, -7.620
38.99, -0.8000, -8.688
39.00, -0.8000, -7.312
39.01, -0.8000, -6.695
39.02, -0.8000, -8.446
39.03, -0.8000, -8.321
39.04, -0.8000, -7.400
39.05, -0.8000, -7.353
39.06, -0.8000, -7.390
39.07, -0.8000, -7.546
39.08, -0.8000, -8.467
39.09, -0.8000, -7.375
39.10, -0.8000, -7.043
39.11, -0.8000, -7.850
39.12, -0.8000, -7.405
39.13, -0.8000, -6.767
39.14, -0.8000, -7.413
39.15, -0.8000, -7.285
39.16, -0.8000, -8.045
39.17, -0.8000, -7.843
39.18, -0.8000, -7.966
39.19, -0.8000, -7.397
39.20, -0.8000, -8.587
39.21, -0.8000, -8.043
39.22, -0.8000, -6.996
39.23, -0.8000, -8.589
39.24, -0.8000, -8.668
39.25, -0.8000, -8.213
39.26, -0.8000, -8.740
39.27, -0.8000, -9.736
39.28, -0.8000, -7.654
39.29, -0.8000, -7.895
39.30, -0.8000, -8.331
39.31, -0.8000, -7.835
39.32, -0.8000, -7.072
39.33, -0.8000, -7.211
39.34, -0.8000, -8.270
39.35, -0.8000, -7.782
39.36, -0.8000, -7.511
39.37, -0.8000, -7.456
39.38, -0.8000, -8.258
39.39, -0.8000, -7.634
39.40, -0.8000, -7.358
39.41, -0.8000, -7.310
39.42, -0.8000, -7.293
39.43, -0.8000, -6.926
39.44, -0.8000, -8.018
39.45, -0.8000, -8.183
39.46, -0.8000, -7.799
39.47, -0.8000, -8.733
39.48, -0.8000, -8.623
39.49, -0.8000, -7.213
39.50, -0.8000, -8.427
39.51, -0.8000, -8.522
39.52, -0.8000, -7.597
39.53, -0.8000, -7.178
39.54, -0.8000, -7.927
39.55, -0.8000, -7.486
39.56, -0.8000, -7.117
39.57, -0.8000, -7.323
39.58, -0.8000, -8.834
39.59, -0.8000, -7.271
39.60, -0.8000, -7.525
39.61, -0.8000, -7.174
39.62, -0.8000, -7.502
39.63, -0.8000, -7.123
39.64, -0.8000, -7.153
39.65, -0.8000, -7.783
39.66, -0.8000, -7.981
39.67, -0.8000, -8.159
39.68, -0.8000, -8.354
39.69, -0.8000, -8.082
39.70, -0.8000, -8.275
39.71, -0.8000, -7.620
39.72, -0.8000, -7.864
39.73, -0.8000, -7.666
39.74, -0.8000, -8.192
39.75, -0.8000, -8.177
39.76, -0.8000, -7.140
39.77, -0.8000, -8.179
39.78, -0.8000, -7.568
39.79, -0.8000, -6.789
39.80, -0.8000, -9.836
39.81, -0.8000, -8.118
39.82, -0.8000, -7.600
39.83, -0.8000, -8.560
39.84, -0.8000, -7.530
39.85, -0.8000, -7.712
39.86, -0.8000, -7.273
39.87, -0.8000, -7.264
39.88, -0.8000, -7.331
39.89, -0.8000, -7.776
39.90, -0.8000, -7.071
39.91, -0.8000, -7.569
39.92, -0.8000, -8.053
39.93, -0.8000, -7.446
39.94, -0.8000, -7.750
39.95, -0.8000, -8.740
39.96, -0.8000, -8.565
39.97, -0.8000, -7.704
39.98, -0.8000, -7.129
39.99, -0.8000, -8.652
40.00, -0.8000, -7.419
40.01, -0.8000, -7.623
40.02, -0.8000, -7.071
40.03, -0.8000, -7.396
40.04, -0.8000, -6.792
40.05, -0.8000, -7.983
40.06, -0.8000, -7.822
40.07, -0.8000, -8.377
40.08, -0.8000, -8.901
40.09, -0.8000, -7.487
40.10, -0.8000, -7.835
40.11, -0.8000, -6.822
40.12, -0.8000, -7.848
40.13, -0.8000, -7.661
40.14, -0.8000, -7.626
40.15, -0.8000, -8.311
40.16, -0.8000, -6.544
40.17, -0.8000, -7.423
40.18, -0.8000, -7.267
40.19, -0.8000, -7.514
40.20, -0.8000, -6.946
40.21, -0.8000, -8.292
40.22, -0.8000, -8.118
40.23, -0.8000, -6.882
40.24, -0.8000, -8.662
40.25, -0.8000, -7.468
40.26, -0.8000, -7.251
40.27, -0.8000, -7.230
40.28, -0.8000, -7.766
40.29, -0.8000, -8.745
40.30, -0.8000, -7.354
40.31, -0.8000, -6.951
40.32, -0.8000, -7.450
40.33, -0.8000, -7.654
40.34, -0.8000, -7.777
40.35, -0.8000, -7.730
40.36, -0.8000, -6.877
40.37, -0.8000, -7.547
40.38, -0.8000, -7.589
40.39, -0.8000, -7.978
40.40, -0.8000, -6.170
40.41, -0.8000, -7.217
40.42, -0.8000, -8.283
40.43, -0.8000, -7.069
40.44, -0.8000, -7.120
40.45, -0.8000, -8.255
40.46, -0.8000, -7.304
40.47, -0.8000, -8.009
40.48, -0.8000, -8.664
40.49, -0.8000, -7.833
40.50, -0.8000, -7.365
40.51, -0.8000, -6.987
40.52, -0.8000, -6.339
40.53, -0.8000, -7.987
40.54, -0.8000, -7.406
40.55, -0.8000, -6.829
40.56, -0.8000, -7.345
40.57, -0.8000, -8.228
40.58, -0.8000, -7.640
40.59, -0.8000, -8.175
40.60, -0.8000, -7.276
40.61, -0.8000, -7.542
40.62, -0.8000, -7.889
40.63, -0.8000, -7.715
40.64, -0.8000, -9.395
40.65, -0.8000, -7.460
40.66, -0.8000, -6.419
40.67, -0.8000, -7.580
40.68, -0.8000, -7.474
40.69, -0.8000, -7.504
40.70, -0.8000, -8.437
40.71, -0.8000, -8.083
40.72, -0.8000, -8.018
40.73, -0.8000, -7.460
40.74, -0.8000, -7.343
40.75, -0.8000, -7.151
40.76, -0.8000, -8.735
40.77, -0.8000, -8.952
40.78, -0.8000, -8.841
40.79, -0.8000, -8.103
40.80, -0.8000, -8.731
40.81, -0.8000, -7.234
40.82, -0.8000, -7.282
40.83, -0.8000, -7.970
40.84, -0.8000, -8.812
40.85, -0.8000, -7.465
40.86, -0.8000, -7.964
40.87, -0.8000, -8.811
40.88, -0.8000, -6.943
40.89, -0.8000, -7.468
40.90, -0.8000, -7.780
40.91, -0.8000, -7.990
40.92, -0.8000, -6.727
40.93, -0.8000, -7.991
40.94, -0.8000, -7.206
40.95, -0.8000, -8.390
40.96, -0.8000, -7.239
40.97, -0.8000, -7.346
40.98, -0.8000, -7.579
40.99, -0.8000, -7.390
41.00, -0.8000, -7.759
41.01, -0.8000, -8.850
41.02, -0.8000, -7.100
41.03, -0.8000, -6.748
41.04, -0.8000, -7.548
41.05, -0.8000, -7.193
41.06, -0.8000, -8.270
41.07, -0.8000, -7.832
41.08, -0.8000, -7.859
41.09, -0.8000, -8.868
41.10, -0.8000, -7.926
41.11, -0.8000, -8.238
41.12, -0.8000, -8.173
41.13, -0.8000, -8.542
41.14, -0.8000, -8.426
41.15, -0.8000, -7.425
41.16, -0.8000, -7.974
41.17, -0.8000, -7.984
41.18, -0.8000, -6.966
41.19, -0.8000, -6.934
41.20, -0.8000, -6.796
41.21, -0.8000, -7.710
41.22, -0.8000, -8.160
41.23, -0.8000, -7.685
41.24, -0.8000, -7.532
41.25, -0.8000, -7.524
41.26, -0.8000, -7.653
41.27, -0.8000, -7.036
41.28, -0.8000, -7.734
41.29, -0.8000, -7.666
41.30, -0.8000, -9.183
41.31, -0.8000, -7.126
41.32, -0.8000, -8.108
41.33, -0.8000, -7.024
41.34, -0.8000, -8.346
41.35, -0.8000, -8.030
41.36, -0.8000, -8.088
41.37, -0.8000, -8.107
41.38, -0.8000, -8.185
41.39, -0.8000, -5.968
41.40, -0.8000, -7.891
41.41, -0.8000, -7.990
41.42, -0.8000, -7.476
41.43, -0.8000, -7.972
41.44, -0.8000, -7.587
41.45, -0.8000, -9.292
41.46, -0.8000, -7.634
41.47, -0.8000, -9.839
41.48, -0.8000, -7.236
41.49, -0.8000, -6.918
41.50, -0.8000, -6.774
41.51, -0.8000, -7.644
41.52, -0.8000, -8.929
41.53, -0.8000, -7.727
41.54, -0.8000, -8.767
41.55, -0.8000, -7.090
41.56, -0.8000, -7.674
41.57, -0.8000, -6.936
41.58, -0.8000, -7.932
41.59, -0.8000, -8.297
41.60, -0.8000, -8.962
41.61, -0.8000, -7.657
41.62, -0.8000, -7.459
41.63, -0.8000, -7.257
41.64, -0.8000, -7.717
41.65, -0.8000, -8.850
41.66, -0.8000, -6.837
41.67, -0.8000, -7.676
41.68, -0.8000, -7.881
41.69, -0.8000, -6.673
41.70, -0.8000, -7.217
41.71, -0.8000, -7.701
41.72, -0.8000, -7.139
41.73, -0.8000, -8.850
41.74, -0.8000, -7.502
41.75, -0.8000, -7.029
41.76, -0.8000, -7.481
41.77, -0.8000, -7.110
41.78, -0.8000, -7.100
41.79, -0.8000, -8.341
41.80, -0.8000, -7.718
41.81, -0.8000, -8.804
41.82, -0.8000, -8.427
41.83, -0.8000, -9.390
41.84, -0.8000, -7.922
41.85, -0.8000, -8.824
41.86, -0.8000, -8.474
41.87, -0.8000, -6.792
41.88, -0.8000, -8.096
41.89, -0.8000, -7.560
41.90, -0.8000, -7.300
41.91, -0.8000, -7.683
41.92, -0.8000, -8.375
41.93, -0.8000, -7.083
41.94, -0.8000, -8.515
41.95, -0.8000, -6.872
41.96, -0.8000, -8.247
41.97, -0.8000, -6.724
41.98, -0.8000, -6.754
41.99, -0.8000, -7.885
42.00, -0.8000, -6.660
42.01, -0.8000, -7.164
42.02, -0.8000, -8.956
42.03, -0.8000, -8.262
42.04, -0.8000, -7.889
42.05, -0.8000, -7.373
42.06, -0.8000, -6.847
42.07, -0.8000, -6.939
42.08, -0.8000, -7.380
42.09, -0.8000, -7.991
42.10, -0.8000, -9.500
42.11, -0.8000, -6.839
42.12, -0.8000, -8.106
42.13, -0.8000, -6.614
42.14, -0.8000, -6.370
42.15, -0.8000, -8.151
42.16, -0.8000, -7.404
42.17, -0.8000, -8.151
42.18, -0.8000, -6.707
42.19, -0.8000, -7.425
42.20, -0.8000, -7.924
42.21, -0.8000, -6.951
42.22, -0.8000, -7.616
42.23, -0.8000, -6.935
42.24, -0.8000, -7.597
42.25, -0.8000, -7.768
42.26, -0.8000, -6.973
42.27, -0.8000, -7.031
42.28, -0.8000, -8.085
42.29, -0.8000, -8.485
42.30, -0.8000, -7.421
42.31, -0.8000, -7.573
42.32, -0.8000, -6.693
42.33, -0.8000, -7.470
42.34, -0.8000, -7.778
42.35, -0.8000, -7.815
42.36, -0.8000, -7.836
42.37, -0.8000, -8.359
42.38, -0.8000, -7.967
42.39, -0.8000, -7.392
42.40, -0.8000, -7.320
42.41, -0.8000, -7.400
42.42, -0.8000, -7.613
42.43, -0.8000, -8.485
42.44, -0.8000, -7.200
42.45, -0.8000, -7.805
42.46, -0.8000, -7.495
42.47, -0.8000, -7.980
42.48, -0.8000, -9.063
42.49, -0.8000, -7.705
42.50, -0.8000, -9.593
42.51, -0.8000, -7.406
42.52, -0.8000, -8.126
42.53, -0.8000, -7.468
42.54, -0.8000, -7.676
42.55, -0.8000, -8.848
42.56, -0.8000, -8.226
42.57, -0.8000, -6.951
42.58, -0.8000, -7.462
42.59, -0.8000, -7.907
42.60, -0.8000, -7.416
42.61, -0.8000, -7.659
42.62, -0.8000, -8.140
42.63, -0.8000, -7.139
42.64, -0.8000, -7.496
42.65, -0.8000, -7.462
42.66, -0.8000, -7.691
42.67, -0.8000, -7.381
42.68, -0.8000, -7.623
42.69, -0.8000, -7.526
42.70, -0.8000, -7.884
42.71, -0.8000, -6.928
42.72, -0.8000, -7.668
42.73, -0.8000, -7.386
42.74, -0.8000, -8.302
42.75, -0.8000, -7.484
42.76, -0.8000, -7.780
42.77, -0.8000, -7.267
42.78, -0.8000, -7.533
42.79, -0.8000, -7.438
42.80, -0.8000, -8.940
42.81, -0.8000, -7.569
42.82, -0.8000, -7.743
42.83, -0.8000, -7.182
42.84, -0.8000, -7.382
42.85, -0.8000, -7.905
42.86, -0.8000, -8.177
42.87, -0.8000, -6.480
42.88, -0.8000, -8.514
42.89, -0.8000, -7.487
42.90, -0.8000, -7.403
42.91, -0.8000, -6.740
42.92, -0.8000, -7.192
42.93, -0.8000, -6.274
42.94, -0.8000, -8.747
42.95, -0.8000, -7.286
42.96, -0.8000, -8.307
42.97, -0.8000, -9.017
42.98, -0.8000, -7.377
42.99, -0.8000, -7.928
43.00, -0.8000, -7.860
43.01, -0.8000, -7.662
43.02, -0.8000, -8.144
43.03, -0.8000, -7.748
43.04, -0.8000, -8.955
43.05, -0.8000, -6.967
43.06, -0.8000, -8.207
43.07, -0.8000, -7.290
43.08, -0.8000, -7.457
43.09, -0.8000, -7.211
43.10, -0.8000, -7.483
43.11, -0.8000, -7.288
43.12, -0.8000, -7.119
43.13, -0.8000, -7.208
43.14, -0.8000, -7.904
43.15, -0.8000, -6.734
43.16, -0.8000, -7.274
43.17, -0.8000, -7.777
43.18, -0.8000, -7.138
43.19, -0.8000, -7.555
43.20, -0.8000, -7.331
43.21, -0.8000, -7.007
43.22, -0.8000, -7.561
43.23, -0.8000, -7.754
43.24, -0.8000, -7.858
43.25, -0.8000, -6.820
43.26, -0.8000, -7.180
43.27, -0.8000, -7.093
43.28, -0.8000, -7.544
43.29, -0.8000, -7.927
43.30, -0.8000, -7.054
43.31, -0.8000, -7.039
43.32, -0.8000, -8.174
43.33, -0.8000, -8.014
43.34, -0.8000, -7.264
43.35, -0.8000, -6.924
43.36, -0.8000, -8.897
43.37, -0.8000, -7.220
43.38, -0.8000, -7.534
43.39, -0.8000, -7.937
43.40, -0.8000, -7.825
43.41, -0.8000, -6.837
43.42, -0.8000, -7.140
43.43, -0.8000, -7.104
43.44, -0.8000, -7.389
43.45, -0.8000, -7.444
43.46, -0.8000, -8.428
43.47, -0.8000, -7.857
43.48, -0.8000, -7.721
43.49, -0.8000, -7.930
43.50, -0.8000, -7.931
43.51, -0.8000, -6.419
43.52, -0.8000, -7.465
43.53, -0.8000, -6.436
43.54, -0.8000, -7.916
43.55, -0.8000, -8.422
43.56, -0.8000, -7.717
43.57, -0.8000, -7.258
43.58, -0.8000, -7.793
43.59, -0.8000, -7.662
43.60, -0.8000, -6.650
43.61, -0.8000, -6.701
43.62, -0.8000, -8.368
43.63, -0.8000, -8.569
43.64, -0.8000, -8.056
43.65, -0.8000, -7.919
43.66, -0.8000, -7.120
43.67, -0.8000, -8.340
43.68, -0.8000, -7.124
43.69, -0.8000, -7.824
43.70, -0.8000, -7.325
43.71, -0.8000, -6.845
43.72, -0.8000, -7.204
43.73, -0.8000, -8.355
43.74, -0.8000, -6.557
43.75, -0.8000, -6.816
43.76, -0.8000, -6.580
43.77, -0.8000, -7.205
43.78, -0.8000, -7.891
43.79, -0.8000, -7.317
43.80, -0.8000, -8.191
43.81, -0.8000, -7.577
43.82, -0.8000, -8.430
43.83, -0.8000, -8.034
43.84, -0.8000, -7.050
43.85, -0.8000, -8.711
43.86, -0.8000, -7.363
43.87, -0.8000, -7.589
43.88, -0.8000, -8.182
43.89, -0.8000, -7.428
43.90, -0.8000, -8.071
43.91, -0.8000, -7.546
43.92, -0.8000, -7.320
43.93, -0.8000, -7.324
43.94, -0.8000, -8.237
43.95, -0.8000, -8.839
43.96, -0.8000, -7.761
43.97, -0.8000, -7.006
43.98, -0.8000, -8.026
43.99, -0.8000, -7.189
44.00, -0.8000, -9.738
44.01, -0.8000, -7.999
44.02, -0.8000, -8.293
44.03, -0.8000, -8.142
44.04, -0.8000, -7.389
44.05, -0.8000, -8.088
44.06, -0.8000, -7.248
44.07, -0.8000, -7.010
44.08, -0.8000, -8.655
44.09, -0.8000, -7.679
44.10, -0.8000, -6.590
44.11, -0.8000, -7.321
44.12, -0.8000, -7.676
44.13, -0.8000, -7.771
44.14, -0.8000, -7.574
44.15, -0.8000, -7.490
44.16, -0.8000, -8.751
44.17, -0.8000, -7.039
44.18, -0.8000, -8.250
44.19, -0.8000, -7.528
44.20, -0.8000, -7.725
44.21, -0.8000, -7.671
44.22, -0.8000, -6.894
44.23, -0.8000, -7.277
44.24, -0.8000, -8.627
44.25, -0.8000, -8.151
44.26, -0.8000, -7.519
44.27, -0.8000, -8.069
44.28, -0.8000, -6.843
44.29, -0.8000, -6.767
44.30, -0.8000, -8.483
44.31, -0.8000, -6.421
44.32, -0.8000, -8.722
44.33, -0.8000, -7.372
44.34, -0.8000, -8.461
44.35, -0.8000, -8.268
44.36, -0.8000, -7.457
44.37, -0.8000, -8.997
44.38, -0.8000, -7.148
44.39, -0.8000, -7.757
44.40, -0.8000, -7.794
44.41, -0.8000, -7.592
44.42, -0.8000, -7.974
44.43, -0.8000, -8.564
44.44, -0.8000, -8.308
44.45, -0.8000, -7.104
44.46, -0.8000, -7.084
44.47, -0.8000, -8.257
44.48, -0.8000, -7.843
44.49, -0.8000, -7.026
44.50, -0.8000, -7.923
44.51, -0.8000, -7.910
44.52, -0.8000, -8.538
44.53, -0.8000, -8.113
44.54, -0.8000, -7.535
44.55, -0.8000, -8.450
44.56, -0.8000, -7.453
44.57, -0.8000, -8.092
44.58, -0.8000, -8.097
44.59, -0.8000, -7.924
44.60, -0.8000, -7.193
44.61, -0.8000, -7.996
44.62, -0.8000, -8.135
44.63, -0.8000, -7.282
44.64, -0.8000, -7.692
44.65, -0.8000, -7.771
44.66, -0.8000, -6.525
44.67, -0.8000, -6.830
44.68, -0.8000, -8.044
44.69, -0.8000, -6.649
44.70, -0.8000, -8.450
44.71, -0.8000, -7.115
44.72, -0.8000, -7.581
44.73, -0.8000, -7.367
44.74, -0.8000, -7.664
44.75, -0.8000, -8.125
44.76, -0.8000, -7.524
44.77, -0.8000, -8.229
44.78, -0.8000, -7.643
44.79, -0.8000, -7.985
44.80, -0.8000, -8.070
44.81, -0.8000, -7.995
44.82, -0.8000, -8.202
44.83, -0.8000, -7.963
44.84, -0.8000, -8.583
44.85, -0.8000, -7.827
44.86, -0.8000, -7.431
44.87, -0.8000, -6.600
44.88, -0.8000, -7.635
44.89, -0.8000, -7.923
44.90, -0.8000, -7.383
44.91, -0.8000, -7.478
44.92, -0.8000, -7.501
44.93, -0.8000, -7.647
44.94, -0.8000, -7.817
44.95, -0.8000, -7.026
44.96, -0.8000, -8.383
44.97, -0.8000, -7.197
44.98, -0.8000, -7.367
44.99, -0.8000, -7.972
45.00, 0.000, -7.358
45.01, 0.001000, 66.17
45.02, 0.002000, 26.13
45.03, 0.003000, 15.84
45.04, 0.004000, 11.08
45.05, 0.005000, 7.085
45.06, 0.006000, 5.289
45.07, 0.007000, 4.596
45.08, 0.008000, 4.507
45.09, 0.009000, 3.121
45.10, 0.01000, 2.574
45.11, 0.01100, 0.4706
45.12, 0.01200, 1.595
45.13, 0.01300, 0.9142
45.14, 0.01400, 1.329
45.15, 0.01500, -1.872
45.16, 0.01600, -1.167
45.17, 0.01700, -0.1361
45.18, 0.01800, -0.8163
45.19, 0.01900, -1.565
45.20, 0.02000, -0.8277
45.21, 0.02100, -1.607
45.22, 0.02200, -0.4105
45.23, 0.02300, -1.401
45.24, 0.02400, -1.165
45.25, 0.02500, -0.8617
45.26, 0.02600, -0.8196
45.27, 0.02700, -0.9919
45.28, 0.02800, -1.299
45.29, 0.02900, -0.7307
45.30, 0.03000, -0.4502
45.31, 0.03100, -2.072
45.32, 0.03200, -2.857
45.33, 0.03300, -1.536
45.34, 0.03400, -1.428
45.35, 0.03500, -0.9897
45.36, 0.03600, -3.501
45.37, 0.03700, -2.244
45.38, 0.03800, -1.751
45.39, 0.03900, -3.479
45.40, 0.04000, -1.420
45.41, 0.04100, -1.275
45.42, 0.04200, -1.985
45.43, 0.04300, -2.374
45.44, 0.04400, -3.585
45.45, 0.04500, -1.430
45.46, 0.04600, -2.882
45.47, 0.04700, -1.137
45.48, 0.04800, -3.545
45.49, 0.04900, -4.031
45.50, 0.05000, -2.512
45.51, 0.05100, -3.006
45.52, 0.05200, -2.514
45.53, 0.05300, -2.612
45.54, 0.05400, -4.433
45.55, 0.05500, -3.513
45.56, 0.05600, -3.180
45.57, 0.05700, -2.852
45.58, 0.05800, -3.865
45.59, 0.05900, -4.630
45.60, 0.06000, -3.155
45.61, 0.06100, -3.364
45.62, 0.06200, -2.867
45.63, 0.06300, -3.045
45.64, 0.06400, -4.977
45.65, 0.06500, -3.512
45.66, 0.06600, -3.398
45.67, 0.06700, -3.077
45.68, 0.06800, -3.977
45.69, 0.06900, -2.029
45.70, 0.07000, -3.590
45.71, 0.07100, -2.467
45.72, 0.07200, -2.614
45.73, 0.07300, -1.255
45.74, 0.07400, -2.715
45.75, 0.07500, -3.015
45.76, 0.07600, -2.727
45.77, 0.07700, -1.442
45.78, 0.07800, -3.250
45.79, 0.07900, -3.025
45.80, 0.08000, -1.806
45.81, 0.08100, -3.861
45.82, 0.08200, -4.160
45.83, 0.08300, -2.361
45.84, 0.08400, -4.024
45.85, 0.08500, -3.727
45.86, 0.08600, -4.843
45.87, 0.08700, -4.511
45.88, 0.08800, -3.459
45.89, 0.08900, -3.514
45.90, 0.09000, -3.816
45.91, 0.09100, -2.308
45.92, 0.09200, -2.838
45.93, 0.09300, -4.760
45.94, 0.09400, -4.320
45.95, 0.09500, -4.552
45.96, 0.09600, -4.076
45.97, 0.09700, -3.737
45.98, 0.09800, -3.591
45.99, 0.09900, -3.690
46.00, 0.1000, -3.420
46.01, 0.1010, -3.115
46.02, 0.1020, -3.703
46.03, 0.1030, -3.609
46.04, 0.1040, -4.346
46.05, 0.1050, -2.599
46.06, 0.1060, -3.999
46.07, 0.1070, -4.038
46.08, 0.1080, -2.644
46.09, 0.1090, -2.511
46.10, 0.1100, -2.645
46.11, 0.1110, -2.785
46.12, 0.1120, -2.386
46.13, 0.1130, -1.976
46.14, 0.1140, -2.011
46.15, 0.1150, -2.936
46.16, 0.1160, -3.044
46.17, 0.1170, -2.571
46.18, 0.1180, -3.875
46.19, 0.1190, -1.848
46.20, 0.1200, -2.612
46.21, 0.1210, -1.370
46.22, 0.1220, -5.325
46.23, 0.1230, -2.108
46.24, 0.1240, -1.711
46.25, 0.1250, -2.930
46.26, 0.1260, -3.058
46.27, 0.1270, -3.604
46.28, 0.1280, -4.557
46.29, 0.1290, -5.004
46.30, 0.1300, -2.223
46.31, 0.1310, -2.531
46.32, 0.1320, -3.891
46.33, 0.1330, -4.018
46.34, 0.1340, -4.698
46.35, 0.1350, -5.452
46.36, 0.1360, -3.977
46.37, 0.1370, -3.769
46.38, 0.1380, -3.522
46.39, 0.1390, -4.773
46.40, 0.1400, -3.079
46.41, 0.1410, -3.518
46.42, 0.1420, -2.034
46.43, 0.1430, -4.190
46.44, 0.1440, -4.461
46.45, 0.1450, -2.769
46.46, 0.1460, -2.952
46.47, 0.1470, -2.970
46.48, 0.1480, -3.137
46.49, 0.1490, -3.655
46.50, 0.1500, -3.017
46.51, 0.1510, -3.369
46.52, 0.1520, -3.446
46.53, 0.1530, -2.106
46.54, 0.1540, -3.232
46.55, 0.1550, -3.482
46.56, 0.1560, -3.390
46.57, 0.1570, -2.921
46.58, 0.1580, -3.335
46.59, 0.1590, -3.134
46.60, 0.1600, -2.573
46.61, 0.1610, -1.953
46.62, 0.1620, -4.099
46.63, 0.1630, -2.386
46.64, 0.1640, -4.173
46.65, 0.1650, -3.732
46.66, 0.1660, -3.536
46.67, 0.1670, -2.408
46.68, 0.1680, -3.613
46.69, 0.1690, -2.794
46.70, 0.1700, -1.637
46.71, 0.1710, -4.257
46.72, 0.1720, -1.666
46.73, 0.1730, -2.156
46.74, 0.1740, -1.258
46.75, 0.1750, -1.559
46.76, 0.1760, -3.539
46.77, 0.1770, -1.776
46.78, 0.1780, -0.9843
46.79, 0.1790, -1.476
46.80, 0.1800, -1.730
46.81, 0.1810, -3.030
46.82, 0.1820, -2.004
46.83, 0.1830, -0.3852
46.84, 0.1840, -2.928
46.85, 0.1850, -1.801
46.86, 0.1860, 0.05306
46.87, 0.1870, -2.022
46.88, 0.1880, -0.8930
46.89, 0.1890, -2.448
46.90, 0.1900, -1.932
46.91, 0.1910, -0.9407
46.92, 0.1920, -1.371
46.93, 0.1930, -0.4359
46.94, 0.1940, -0.8121
46.95, 0.1950, 0.4381
46.96, 0.1960, 0.5255
46.97, 0.1970, 1.413
46.98, 0.1980, 2.121
46.99, 0.1990, 1.799
47.00, 0.2000, 1.578
47.01, 0.2010, 2.550
47.02, 0.2020, 2.114
47.03, 0.2030, 1.813
47.04, 0.2040, 1.816
47.05, 0.2050, 2.265
47.06, 0.2060, 1.291
47.07, 0.2070, 3.961
47.08, 0.2080, 3.089
47.09, 0.2090, 3.346
47.10, 0.2100, 3.584
47.11, 0.2110, 4.393
47.12, 0.2120, 2.889
47.13, 0.2130, 3.902
47.14, 0.2140, 5.106
47.15, 0.2150, 4.004
47.16, 0.2160, 5.165
47.17, 0.2170, 5.347
47.18, 0.2180, 4.406
47.19, 0.2190, 5.507
47.20, 0.2200, 5.772
47.21, 0.2210, 5.862
47.22, 0.2220, 5.752
47.23, 0.2230, 4.250
47.24, 0.2240, 6.071
47.25, 0.2250, 7.665
47.26, 0.2260, 6.769
47.27, 0.2270, 6.639
47.28, 0.2280, 7.322
47.29, 0.2290, 7.220
47.30, 0.2300, 7.165
47.31, 0.2310, 7.502
47.32, 0.2320, 6.983
47.33, 0.2330, 7.267
47.34, 0.2340, 7.705
47.35, 0.2350, 5.771
47.36, 0.2360, 7.877
47.37, 0.2370, 7.016
47.38, 0.2380, 7.813
47.39, 0.2390, 7.202
47.40, 0.2400, 7.713
47.41, 0.2410, 7.942
47.42, 0.2420, 8.701
47.43, 0.2430, 7.668
47.44, 0.2440, 7.944
47.45, 0.2450, 8.180
47.46, 0.2460, 7.615
47.47, 0.2470, 7.258
47.48, 0.2480, 8.088
47.49, 0.2490, 5.476
47.50, 0.2500, 7.191
47.51, 0.2510, 6.810
47.52, 0.2520, 7.943
47.53, 0.2530, 7.743
47.54, 0.2540, 6.028
47.55, 0.2550, 6.213
47.56, 0.2560, 5.443
47.57, 0.2570, 6.990
47.58, 0.2580, 6.857
47.59, 0.2590, 6.154
47.60, 0.2600, 7.324
47.61, 0.2610, 4.806
47.62, 0.2620, 6.049
47.63, 0.2630, 5.981
47.64, 0.2640, 6.457
47.65, 0.2650, 5.085
47.66, 0.2660, 5.836
47.67, 0.2670, 4.751
47.68, 0.2680, 6.674
47.69, 0.2690, 5.669
47.70, 0.2700, 7.028
47.71, 0.2710, 5.465
47.72, 0.2720, 5.019
47.73, 0.2730, 5.826
47.74, 0.2740, 4.762
47.75, 0.2750, 4.999
47.76, 0.2760, 4.846
47.77, 0.2770, 5.185
47.78, 0.2780, 5.953
47.79, 0.2790, 4.886
47.80, 0.2800, 3.947
47.81, 0.2810, 6.180
47.82, 0.2820, 3.938
47.83, 0.2830, 4.268
47.84, 0.2840, 6.167
47.85, 0.2850, 5.034
47.86, 0.2860, 3.650
47.87, 0.2870, 4.672
47.88, 0.2880, 3.366
47.89, 0.2890, 2.232
47.90, 0.2900, 4.041
47.91, 0.2910, 3.529
47.92, 0.2920, 4.903
47.93, 0.2930, 4.346
47.94, 0.2940, 4.189
47.95, 0.2950, 3.871
47.96, 0.2960, 2.384
47.97, 0.2970, 1.970
47.98, 0.2980, 3.238
47.99, 0.2990, 3.367
48.00, 0.3000, 2.927
48.01, 0.3010, 2.710
48.02, 0.3020, 3.663
48.03, 0.3030, 3.922
48.04, 0.3040, 2.536
48.05, 0.3050, 2.384
48.06, 0.3060, 3.058
48.07, 0.3070, 4.387
48.08, 0.3080, 4.040
48.09, 0.3090, 3.023
48.10, 0.3100, 3.720
48.11, 0.3110, 1.591
48.12, 0.3120, 3.149
48.13, 0.3130, 2.371
48.14, 0.3140, 3.808
48.15, 0.3150, 4.032
48.16, 0.3160, 2.204
48.17, 0.3170, 2.670
48.18, 0.3180, 2.345
48.19, 0.3190, 2.838
48.20, 0.3200, 4.155
48.21, 0.3210, 3.594
48.22, 0.3220, 3.509
48.23, 0.3230, 3.955
48.24, 0.3240, 2.666
48.25, 0.3250, 3.265
48.26, 0.3260, 3.248
48.27, 0.3270, 3.710
48.28, 0.3280, 4.242
48.29, 0.3290, 1.297
48.30, 0.3300, 3.305
48.31, 0.3310, 3.928
48.32, 0.3320, 2.507
48.33, 0.3330, 2.404
48.34, 0.3340, 1.654
48.35, 0.3350, 1.566
48.36, 0.3360, 2.269
48.37, 0.3370, 2.024
48.38, 0.3380, 3.022
48.39, 0.3390, 0.9540
48.40, 0.3400, 2.341
48.41, 0.3410, 3.406
48.42, 0.3420, 2.810
48.43, 0.3430, 2.599
48.44, 0.3440, 0.6639
48.45, 0.3450, 1.407
48.46, 0.3460, 2.515
48.47, 0.3470, 0.6108
48.48, 0.3480, 1.855
48.49, 0.3490, 2.224
48.50, 0.3500, 2.573
48.51, 0.3510, 3.706
48.52, 0.3520, 1.688
48.53, 0.3530, 1.396
48.54, 0.3540, 1.973
48.55, 0.3550, 2.644
48.56, 0.3560, 0.4999
48.57, 0.3570, 1.824
48.58, 0.3580, 1.348
48.59, 0.3590, 1.387
48.60, 0.3600, 1.776
48.61, 0.3610, 1.905
48.62, 0.3620, 1.716
48.63, 0.3630, 2.106
48.64, 0.3640, 4.250
48.65, 0.3650, 2.494
48.66, 0.3660, 1.439
48.67, 0.3670, 1.910
48.68, 0.3680, 3.347
48.69, 0.3690, 1.657
48.70, 0.3700, 2.485
48.71, 0.3710, 2.714
48.72, 0.3720, 1.719
48.73, 0.3730, 2.311
48.74, 0.3740, 2.295
48.75, 0.3750, 1.827
48.76, 0.3760, 1.498
48.77, 0.3770, 2.328
48.78, 0.3780, 2.384
48.79, 0.3790, 2.596
48.80, 0.3800, 0.5144
48.81, 0.3810, 3.454
48.82, 0.3820, 0.5360
48.83, 0.3830, 2.469
48.84, 0.3840, 1.424
48.85, 0.3850, 1.274
48.86, 0.3860, 0.5319
48.87, 0.3870, 1.975
48.88, 0.3880, 0.6026
48.89, 0.3890, 1.188
48.90, 0.3900, 1.629
48.91, 0.3910, 0.1820
48.92, 0.3920, -0.05765
48.93, 0.3930, 0.9858
48.94, 0.3940, 2.098
48.95, 0.3950, -0.7285
48.96, 0.3960, -0.5382
48.97, 0.3970, -0.2656
48.98, 0.3980, 0.8429
48.99, 0.3990, -0.03327
49.00, 0.4000, 1.346
49.01, 0.4010, 0.3306
49.02, 0.4020, 1.185
49.03, 0.4030, 1.003
49.04, 0.4040, -0.8423
49.05, 0.4050, 1.915
49.06, 0.4060, 2.258
49.07, 0.4070, 2.224
49.08, 0.4080, 0.8444
49.09, 0.4090, 2.288
49.10, 0.4100, 2.606
49.11, 0.4110, -0.3881
49.12, 0.4120, 0.09418
49.13, 0.4130, 2.261
49.14, 0.4140, 1.156
49.15, 0.4150, 0.6628
49.16, 0.4160, 1.772
49.17, 0.4170, 1.024
49.18, 0.4180, -1.024
49.19, 0.4190, 0.7480
49.20, 0.4200, 2.369
49.21, 0.4210, 0.5389
49.22, 0.4220, 1.935
49.23, 0.4230, 0.4817
49.24, 0.4240, 1.402
49.25, 0.4250, 0.3454
49.26, 0.4260, 0.5007
49.27, 0.4270, 0.8753
49.28, 0.4280, 1.588
49.29, 0.4290, 0.6114
49.30, 0.4300, 1.675
49.31, 0.4310, 1.680
49.32, 0.4320, 2.137
49.33, 0.4330, 1.081
49.34, 0.4340, 1.046
49.35, 0.4350, 1.009
49.36, 0.4360, 1.773
49.37, 0.4370, -0.5516
49.38, 0.4380, 0.9754
49.39, 0.4390, 0.5422
49.40, 0.4400, -0.2257
49.41, 0.4410, 1.214
49.42, 0.4420, -0.4745
49.43, 0.4430, 2.231
49.44, 0.4440, 1.134
49.45, 0.4450, -1.254
49.46, 0.4460, 0.6595
49.47, 0.4470, 1.120
49.48, 0.4480, 0.09626
49.49, 0.4490, 0.09115
49.50, 0.4500, 0.5997
49.51, 0.4510, 0.4035
49.52, 0.4520, 1.298
49.53, 0.4530, -0.3517
49.54, 0.4540, -1.104
49.55, 0.4550, -0.009120
49.56, 0.4560, 1.226
49.57, 0.4570, 0.4606
49.58, 0.4580, 1.390
49.59, 0.4590, 1.102
49.60, 0.4600, 1.063
49.61, 0.4610, 0.9262
49.62, 0.4620, 0.8444
49.63, 0.4630, 0.3254
49.64, 0.4640, 1.545
49.65, 0.4650, 0.4085
49.66, 0.4660, 1.188
49.67, 0.4670, 1.364
49.68, 0.4680, 1.959
49.69, 0.4690, 2.225
49.70, 0.4700, 0.5551
49.71, 0.4710, 1.010
49.72, 0.4720, 0.9161
49.73, 0.4730, 0.4875
49.74, 0.4740, 0.9086
49.75, 0.4750, -0.2348
49.76, 0.4760, -0.07568
49.77, 0.4770, 0.7438
49.78, 0.4780, 0.4496
49.79, 0.4790, -1.215
49.80, 0.4800, 0.1098
49.81, 0.4810, -1.209
49.82, 0.4820, -0.4885
49.83, 0.4830, 0.4876
49.84, 0.4840, 0.6485
49.85, 0.4850, 1.989
49.86, 0.4860, -1.287
49.87, 0.4870, 2.236
49.88, 0.4880, 1.075
49.89, 0.4890, 1.260
49.90, 0.4900, 2.071
49.91, 0.4910, 1.115
49.92, 0.4920, 1.503
49.93, 0.4930, 0.3026
49.94, 0.4940, 2.351
49.95, 0.4950, 0.3703
49.96, 0.4960, 1.291
49.97, 0.4970, 2.083
49.98, 0.4980, 0.2568
49.99, 0.4990, -0.3570
50.00, 0.5000, 1.804
50.01, 0.5010, 0.3997
50.02, 0.5020, 0.6112
50.03, 0.5030, 0.9923
50.04, 0.5040, 0.6946
50.05, 0.5050, -1.481
50.06, 0.5060, -0.5227
50.07, 0.5070, 0.3271
50.08, 0.5080, -0.9170
50.09, 0.5090, 0.07294
50.10, 0.5100, -0.7057
50.11, 0.5110, -0.5940
50.12, 0.5120, 0.4180
50.13, 0.5130, 0.5442
50.14, 0.5140, 0.3005
50.15, 0.5150, 0.5063
50.16, 0.5160, 0.4203
50.17, 0.5170, -0.5298
50.18, 0.5180, -0.4098
50.19, 0.5190, -1.061
50.20, 0.5200, -0.2343
50.21, 0.5210, -0.04752
50.22, 0.5220, -1.498
50.23, 0.5230, 1.139
50.24, 0.5240, 1.470
50.25, 0.5250, 0.2830
50.26, 0.5260, -0.3817
50.27, 0.5270, 0.2951
50.28, 0.5280, 1.032
50.29, 0.5290, -1.291
50.30, 0.5300, 0.4047
50.31, 0.5310, 1.475
50.32, 0.5320, 0.7590
50.33, 0.5330, 2.083
50.34, 0.5340, -0.07166
50.35, 0.5350, 0.8059
50.36, 0.5360, 0.9462
50.37, 0.5370, -1.106
50.38, 0.5380, 0.5177
50.39, 0.5390, -1.049
50.40, 0.5400, 0.6960
50.41, 0.5410, 0.5061
50.42, 0.5420, 0.001801
50.43, 0.5430, 0.7173
50.44, 0.5440, -0.9129
50.45, 0.5450, 0.1322
50.46, 0.5460, -0.08127
50.47, 0.5470, 0.8942
50.48, 0.5480, -0.3494
50.49, 0.5490, -0.6002
50.50, 0.5500, 0.7954
50.51, 0.5510, -1.137
50.52, 0.5520, 0.09955
50.53, 0.5530, 0.1533
50.54, 0.5540, -0.1861
50.55, 0.5550, -0.7079
50.56, 0.5560, 0.2554
50.57, 0.5570, -0.2571
50.58, 0.5580, 0.1401
50.59, 0.5590, -0.5681
50.60, 0.5600, 0.03070
50.61, 0.5610, -0.01201
50.62, 0.5620, 0.3938
50.63, 0.5630, -1.877
50.64, 0.5640, 0.4467
50.65, 0.5650, 0.4071
50.66, 0.5660, 0.8988
50.67, 0.5670, -0.3760
50.68, 0.5680, -0.009705
50.69, 0.5690, -0.01895
50.70, 0.5700, -0.9950
50.71, 0.5710, 0.1073
50.72, 0.5720, 0.8220
50.73, 0.5730, 0.09154
50.74, 0.5740, 1.678
50.75, 0.5750, 2.228
50.76, 0.5760, 1.434
50.77, 0.5770, 0.7203
50.78, 0.5780, 2.644
50.79, 0.5790, 0.8475
50.80, 0.5800, -0.3107
50.81, 0.5810, 0.5109
50.82, 0.5820, -0.3524
50.83, 0.5830, 0.6663
50.84, 0.5840, -0.7339
50.85, 0.5850, -0.4730
50.86, 0.5860, 0.1767
50.87, 0.5870, 1.223
50.88, 0.5880, 0.08516
50.89, 0.5890, 0.9679
50.90, 0.5900, -1.081
50.91, 0.5910, 1.169
50.92, 0.5920, -0.5302
50.93, 0.5930, 0.1805
50.94, 0.5940, -0.02203
50.95, 0.5950, -0.4825
50.96, 0.5960, 0.5752
50.97, 0.5970, 0.4139
50.98, 0.5980, 0.3558
50.99, 0.5990, -0.08873
51.00, 0.6000, -0.08424
51.01, 0.6010, -0.1159
51.02, 0.6020, 1.252
51.03, 0.6030, -0.5395
51.04, 0.6040, -1.038
51.05, 0.6050, 0.6820
51.06, 0.6060, -0.3313
51.07, 0.6070, -1.028
51.08, 0.6080, 0.9965
51.09, 0.6090, -0.7593
51.10, 0.6100, -0.3233
51.11, 0.6110, 0.5960
51.12, 0.6120, -0.2285
51.13, 0.6130, -1.340
51.14, 0.6140, -0.3261
51.15, 0.6150, -0.2109
51.16, 0.6160, -0.1202
51.17, 0.6170, -1.353
51.18, 0.6180, 0.8452
51.19, 0.6190, 0.7982
51.20, 0.6200, 0.5477
51.21, 0.6210, 0.5736
51.22, 0.6220, -0.8145
51.23, 0.6230, 0.5823
51.24, 0.6240, -1.201
51.25, 0.6250, 1.717
51.26, 0.6260, -0.3010
51.27, 0.6270, 1.195
51.28, 0.6280, -1.212
51.29, 0.6290, -0.3866
51.30, 0.6300, 0.5928
51.31, 0.6310, -0.3194
51.32, 0.6320, -1.451
51.33, 0.6330, 0.2668
51.34, 0.6340, -0.3341
51.35, 0.6350, -0.5702
51.36, 0.6360, -1.779
51.37, 0.6370, 0.8927
51.38, 0.6380, -2.219
51.39, 0.6390, -0.9586
51.40, 0.6400, -0.8503
51.41, 0.6410, -2.240
51.42, 0.6420, 0.2228
51.43, 0.6430, -0.1579
51.44, 0.6440, 1.170
51.45, 0.6450, -0.8211
51.46, 0.6460, -0.4615
51.47, 0.6470, -1.300
51.48, 0.6480, -0.3385
51.49, 0.6490, -1.213
51.50, 0.6500, 0.4418
51.51, 0.6510, -0.4620
51.52, 0.6520, -2.451
51.53, 0.6530, 1.857
51.54, 0.6540, -0.4305
51.55, 0.6550, -0.8010
51.56, 0.6560, 0.4398
51.57, 0.6570, 1.133
51.58, 0.6580, 1.301
51.59, 0.6590, 2.026
51.60, 0.6600, 2.111
51.61, 0.6610, 1.849
51.62, 0.6620, 1.289
51.63, 0.6630, -0.07013
51.64, 0.6640, 1.645
51.65, 0.6650, 0.9948
51.66, 0.6660, -0.1704
51.67, 0.6670, 0.7119
51.68, 0.6680, 0.5089
51.69, 0.6690, -0.4977
51.70, 0.6700, 0.7602
51.71, 0.6710, 0.9332
51.72, 0.6720, -0.05969
51.73, 0.6730, -0.04993
51.74, 0.6740, -0.7354
51.75, 0.6750, -0.01092
51.76, 0.6760, -0.7843
51.77, 0.6770, 0.2751
51.78, 0.6780, -0.04727
51.79, 0.6790, 0.4673
51.80, 0.6800, -1.222
51.81, 0.6810, 0.2052
51.82, 0.6820, -1.276
51.83, 0.6830, 0.7298
51.84, 0.6840, -2.611
51.85, 0.6850, -0.6246
51.86, 0.6860, -0.3847
51.87, 0.6870, -0.4670
51.88, 0.6880, 0.4377
51.89, 0.6890, 0.4649
51.90, 0.6900, 0.3512
51.91, 0.6910, 0.6077
51.92, 0.6920, 0.1629
51.93, 0.6930, 0.1904
51.94, 0.6940, -0.5948
51.95, 0.6950, -0.08149
51.96, 0.6960, 1.577
51.97, 0.6970, 0.008120
51.98, 0.6980, 0.3859
51.99, 0.6990, 0.9247
52.00, 0.7000, 2.044
52.01, 0.7010, 0.3387
52.02, 0.7020, 1.899
52.03, 0.7030, 0.3606
52.04, 0.7040, 0.7403
52.05, 0.7050, -0.7004
52.06, 0.7060, 0.9599
52.07, 0.7070, 0.8125
52.08, 0.7080, -0.02910
52.09, 0.7090, -0.2388
52.10, 0.7100, -0.2029
52.11, 0.7110, 0.8867
52.12, 0.7120, -0.5170
52.13, 0.7130, 0.9391
52.14, 0.7140, 0.8493
52.15, 0.7150, 0.3383
52.16, 0.7160, -1.260
52.17, 0.7170, 1.012
52.18, 0.7180, 0.3760
52.19, 0.7190, -0.8619
52.20, 0.7200, -1.763
52.21, 0.7210, -0.9521
52.22, 0.7220, -0.5069
52.23, 0.7230, 0.03685
52.24, 0.7240, -0.1161
52.25, 0.7250, 0.2428
52.26, 0.7260, -0.5317
52.27, 0.7270, -1.175
52.28, 0.7280, 0.1617
52.29, 0.7290, -1.247
52.30, 0.7300, -0.9646
52.31, 0.7310, -0.1455
52.32, 0.7320, -0.8060
52.33, 0.7330, 0.4434
52.34, 0.7340, -1.926
52.35, 0.7350, 0.6672
52.36, 0.7360, 0.3121
52.37, 0.7370, 0.3894
52.38, 0.7380, 0.5829
52.39, 0.7390, 0.2758
52.40, 0.7400, 0.5518
52.41, 0.7410, -0.2553
52.42, 0.7420, -0.1686
52.43, 0.7430, 1.734
52.44, 0.7440, 1.358
52.45, 0.7450, -0.2359
52.46, 0.7460, 0.3360
52.47, 0.7470, 0.09485
52.48, 0.7480, -0.1882
52.49, 0.7490, -1.094
52.50, 0.7500, 0.8169
52.51, 0.7510, 1.230
52.52, 0.7520, 0.3802
52.53, 0.7530, 0.3072
52.54, 0.7540, 1.035
52.55, 0.7550, -1.065
52.56, 0.7560, -1.006
52.57, 0.7570, -0.7714
52.58, 0.7580, -0.6901
52.59, 0.7590, -0.7437
52.60, 0.7600, 0.9018
52.61, 0.7610, -1.428
52.62, 0.7620, 0.02802
52.63, 0.7630, -2.330
52.64, 0.7640, 0.4429
52.65, 0.7650, 0.1547
52.66, 0.7660, -2.487
52.67, 0.7670, 1.049
52.68, 0.7680, 1.182
52.69, 0.7690, -2.169
52.70, 0.7700, -0.6571
52.71, 0.7710, 0.03052
52.72, 0.7720, -0.03811
52.73, 0.7730, -1.278
52.74, 0.7740, -1.398
52.75, 0.7750, -0.04009
52.76, 0.7760, 0.9324
52.77, 0.7770, -1.240
52.78, 0.7780, -0.4321
52.79, 0.7790, 0.5175
52.80, 0.7800, -0.007812
52.81, 0.7810, -0.8700
52.82, 0.7820, -0.1082
52.83, 0.7830, 1.341
52.84, 0.7840, 1.208
52.85, 0.7850, 1.146
52.86, 0.7860, 1.926
52.87, 0.7870, 2.229
52.88, 0.7880, 0.6205
52.89, 0.7890, 0.9488
52.90, 0.7900, 0.1560
52.91, 0.7910, 0.5972
52.92, 0.7920, -0.1813
52.93, 0.7930, 0.3266
52.94, 0.7940, 0.5329
52.95, 0.7950, 0.8745
52.96, 0.7960, 1.197
52.97, 0.7970, 0.6571
52.98, 0.7980, -0.1571
52.99, 0.7990, 0.1956
53.00, 0.8000, 0.2893
53.01, 0.8010, 0.5394
53.02, 0.8020, 0.003585
53.03, 0.8030, -0.5062
53.04, 0.8040, -0.1403
53.05, 0.8050, -0.03407
53.06, 0.8060, -0.5685
53.07, 0.8070, 1.025
53.08, 0.8080, -0.2902
53.09, 0.8090, -0.6016
53.10, 0.8100, 0.01789
53.11, 0.8110, 0.8746
53.12, 0.8120, 0.2289
53.13, 0.8130, -0.01401
53.14, 0.8140, 0.1099
53.15, 0.8150, -0.5499
53.16, 0.8160, 0.5151
53.17, 0.8170, 0.07584
53.18, 0.8180, 0.2828
53.19, 0.8190, 0.1876
53.20, 0.8200, 0.1487
53.21, 0.8210, 1.076
53.22, 0.8220, 0.6797
53.23, 0.8230, 0.08532
53.24, 0.8240, 0.6588
53.25, 0.8250, 1.124
53.26, 0.8260, -0.1129
53.27, 0.8270, -0.6076
53.28, 0.8280, 1.377
53.29, 0.8290, 1.641
53.30, 0.8300, 0.5565
53.31, 0.8310, 0.5924
53.32, 0.8320, 1.740
53.33, 0.8330, 0.5170
53.34, 0.8340, 1.359
53.35, 0.8350, 1.769
53.36, 0.8360, 0.1870
53.37, 0.8370, 1.016
53.38, 0.8380, 0.7512
53.39, 0.8390, 0.7261
53.40, 0.8400, 0.9419
53.41, 0.8410, 0.6347
53.42, 0.8420, 1.548
53.43, 0.8430, 0.4665
53.44, 0.8440, -0.07164
53.45, 0.8450, 0.2953
53.46, 0.8460, 0.5828
53.47, 0.8470, 0.5997
53.48, 0.8480, -0.1221
53.49, 0.8490, -0.09130
53.50, 0.8500, -0.1235
53.51, 0.8510, 0.08714
53.52, 0.8520, -0.6834
53.53, 0.8530, 0.6803
53.54, 0.8540, -0.1697
53.55, 0.8550, -0.1140
53.56, 0.8560, -0.1375
53.57, 0.8570, 0.6112
53.58, 0.8580, 0.2867
53.59, 0.8590, -1.001
53.60, 0.8600, -0.4542
53.61, 0.8610, 1.030
53.62, 0.8620, -1.264
53.63, 0.8630, 0.3573
53.64, 0.8640, 0.9590
53.65, 0.8650, -0.3011
53.66, 0.8660, 1.151
53.67, 0.8670, 0.1433
53.68, 0.8680, 0.4741
53.69, 0.8690, 1.096
53.70, 0.8700, 2.453
53.71, 0.8710, 0.6332
53.72, 0.8720, 1.684
53.73, 0.8730, 0.8229
53.74, 0.8740, -0.5746
53.75, 0.8750, -0.9060
53.76, 0.8760, 0.2813
53.77, 0.8770, -0.6928
53.78, 0.8780, 1.643
53.79, 0.8790, 2.243
53.80, 0.8800, 0.8298
53.81, 0.8810, 1.802
53.82, 0.8820, 0.6830
53.83, 0.8830, -0.3763
53.84, 0.8840, 0.06364
53.85, 0.8850, 0.5128
53.86, 0.8860, 0.4837
53.87, 0.8870, 1.194
53.88, 0.8880, 1.611
53.89, 0.8890, 1.862
53.90, 0.8900, 0.9181
53.91, 0.8910, -0.5653
53.92, 0.8920, 0.2033
53.93, 0.8930, 0.4359
53.94, 0.8940, 0.4814
53.95, 0.8950, 1.695
53.96, 0.8960, 0.6368
53.97, 0.8970, 1.433
53.98, 0.8980, 1.631
53.99, 0.8990, 0.2343
54.00, 0.9000, 2.303
54.01, 0.9010, 0.2026
54.02, 0.9020, -0.8764
54.03, 0.9030, 0.3047
54.04, 0.9040, 1.058
54.05, 0.9050, 1.177
54.06, 0.9060, 0.2245
54.07, 0.9070, 0.2271
54.08, 0.9080, 1.151
54.09, 0.9090, 0.8711
54.10, 0.9100, 1.888
54.11, 0.9110, 1.503
54.12, 0.9120, 0.5020
54.13, 0.9130, 3.191
54.14, 0.9140, 0.3420
54.15, 0.9150, 2.750
54.16, 0.9160, 0.1014
54.17, 0.9170, 2.128
54.18, 0.9180, 2.754
54.19, 0.9190, 1.621
54.20, 0.9200, 2.094
54.21, 0.9210, 1.840
54.22, 0.9220, 1.140
54.23, 0.9230, -0.09047
54.24, 0.9240, 2.558
54.25, 0.9250, 2.184
54.26, 0.9260, 0.8450
54.27, 0.9270, 0.6974
54.28, 0.9280, 1.290
54.29, 0.9290, 1.193
54.30, 0.9300, 2.117
54.31, 0.9310, 0.5285
54.32, 0.9320, 0.6911
54.33, 0.9330, 0.2896
54.34, 0.9340, 0.1475
54.35, 0.9350, 1.119
54.36, 0.9360, 2.527
54.37, 0.9370, 1.274
54.38, 0.9380, 2.177
54.39, 0.9390, 0.9952
54.40, 0.9400, 1.514
54.41, 0.9410, 2.297
54.42, 0.9420, 1.638
54.43, 0.9430, 1.987
54.44, 0.9440, 1.158
54.45, 0.9450, 2.687
54.46, 0.9460, 3.285
54.47, 0.9470, 1.099
54.48, 0.9480, 2.491
54.49, 0.9490, 2.942
54.50, 0.9500, 2.366
54.51, 0.9510, 1.253
54.52, 0.9520, 1.828
54.53, 0.9530, 2.391
54.54, 0.9540, 3.773
54.55, 0.9550, 1.166
54.56, 0.9560, 3.355
54.57, 0.9570, 3.033
54.58, 0.9580, 2.787
54.59, 0.9590, 2.324
54.60, 0.9600, 2.172
54.61, 0.9610, 1.579
54.62, 0.9620, 1.602
54.63, 0.9630, 1.978
54.64, 0.9640, 1.903
54.65, 0.9650, 2.391
54.66, 0.9660, 0.9376
54.67, 0.9670, 2.749
54.68, 0.9680, 0.7844
54.69, 0.9690, 1.083
54.70, 0.9700, 3.149
54.71, 0.9710, 2.320
54.72, 0.9720, 3.421
54.73, 0.9730, 3.170
54.74, 0.9740, 2.338
54.75, 0.9750, 2.755
54.76, 0.9760, 3.111
54.77, 0.9770, 3.166
54.78, 0.9780, 2.076
54.79, 0.9790, 0.3440
54.80, 0.9800, 2.711
54.81, 0.9810, 3.000
54.82, 0.9820, 2.581
54.83, 0.9830, 1.242
54.84, 0.9840, 1.809
54.85, 0.9850, 3.162
54.86, 0.9860, 2.997
54.87, 0.9870, 1.773
54.88, 0.9880, 1.526
54.89, 0.9890, 2.980
54.90, 0.9900, 1.950
54.91, 0.9910, 2.738
54.92, 0.9920, 3.188
54.93, 0.9930, 3.420
54.94, 0.9940, 3.797
54.95, 0.9950, 4.398
54.96, 0.9960, 2.752
54.97, 0.9970, 3.168
54.98, 0.9980, 2.704
54.99, 0.9990, 4.265
55.00, 1.000, 3.452
55.01, 1.001, 0.7794
55.02, 1.002, 2.250
55.03, 1.003, 2.723
55.04, 1.004, 2.253
55.05, 1.005, 3.372
55.06, 1.006, 2.381
55.07, 1.007, 1.580
55.08, 1.008, 3.107
55.09, 1.009, 3.099
55.10, 1.010, 3.864
55.11, 1.011, 1.320
55.12, 1.012, 4.173
55.13, 1.013, 3.725
55.14, 1.014, 2.659
55.15, 1.015, 1.499
55.16, 1.016, 1.342
55.17, 1.017, 2.708
55.18, 1.018, 3.163
55.19, 1.019, 3.787
55.20, 1.020, 1.754
55.21, 1.021, 3.014
55.22, 1.022, 2.634
55.23, 1.023, 2.773
55.24, 1.024, 3.332
55.25, 1.025, 2.917
55.26, 1.026, 1.842
55.27, 1.027, 2.782
55.28, 1.028, 3.654
55.29, 1.029, 3.550
55.30, 1.030, 4.498
55.31, 1.031, 3.768
55.32, 1.032, 3.241
55.33, 1.033, 2.261
55.34, 1.034, 3.042
55.35, 1.035, 2.840
55.36, 1.036, 4.821
55.37, 1.037, 4.222
55.38, 1.038, 4.865
55.39, 1.039, 3.567
55.40, 1.040, 4.273
55.41, 1.041, 3.072
55.42, 1.042, 3.818
55.43, 1.043, 3.009
55.44, 1.044, 3.749
55.45, 1.045, 3.549
55.46, 1.046, 4.650
55.47, 1.047, 4.603
55.48, 1.048, 3.746
55.49, 1.049, 5.015
55.50, 1.050, 4.016
55.51, 1.051, 4.791
55.52, 1.052, 5.301
55.53, 1.053, 4.052
55.54, 1.054, 4.358
55.55, 1.055, 2.556
55.56, 1.056, 2.341
55.57, 1.057, 3.155
55.58, 1.058, 3.944
55.59, 1.059, 4.526
55.60, 1.060, 4.231
55.61, 1.061, 4.622
55.62, 1.062, 4.221
55.63, 1.063, 3.786
55.64, 1.064, 2.034
55.65, 1.065, 3.441
55.66, 1.066, 5.490
55.67, 1.067, 4.158
55.68, 1.068, 3.503
55.69, 1.069, 4.025
55.70, 1.070, 4.399
55.71, 1.071, 3.602
55.72, 1.072, 4.884
55.73, 1.073, 4.723
55.74, 1.074, 4.095
55.75, 1.075, 3.776
55.76, 1.076, 4.998
55.77, 1.077, 4.898
55.78, 1.078, 3.555
55.79, 1.079, 3.623
55.80, 1.080, 5.799
55.81, 1.081, 4.145
55.82, 1.082, 4.766
55.83, 1.083, 5.187
55.84, 1.084, 4.558
55.85, 1.085, 5.011
55.86, 1.086, 4.656
55.87, 1.087, 6.493
55.88, 1.088, 5.869
55.89, 1.089, 4.706
55.90, 1.090, 5.207
55.91, 1.091, 5.126
55.92, 1.092, 6.405
55.93, 1.093, 4.781
55.94, 1.094, 5.953
55.95, 1.095, 5.496
55.96, 1.096, 6.033
55.97, 1.097, 6.050
55.98, 1.098, 6.143
55.99, 1.099, 5.574
56.00, 1.100, 6.228
56.01, 1.101, 6.425
56.02, 1.102, 5.941
56.03, 1.103, 6.075
56.04, 1.104, 4.430
56.05, 1.105, 6.319
56.06, 1.106, 5.592
56.07, 1.107, 6.420
56.08, 1.108, 6.893
56.09, 1.109, 6.282
56.10, 1.110, 7.120
56.11, 1.111, 5.607
56.12, 1.112, 5.278
56.13, 1.113, 4.901
56.14, 1.114, 6.321
56.15, 1.115, 6.462
56.16, 1.116, 6.140
56.17, 1.117, 5.197
56.18, 1.118, 7.186
56.19, 1.119, 6.779
56.20, 1.120, 7.201
56.21, 1.121, 6.165
56.22, 1.122, 7.168
56.23, 1.123, 7.898
56.24, 1.124, 7.667
56.25, 1.125, 7.066
56.26, 1.126, 7.149
56.27, 1.127, 6.634
56.28, 1.128, 7.197
56.29, 1.129, 7.596
56.30, 1.130, 5.962
56.31, 1.131, 7.440
56.32, 1.132, 6.775
56.33, 1.133, 7.389
56.34, 1.134, 8.376
56.35, 1.135, 7.942
56.36, 1.136, 8.083
56.37, 1.137, 6.278
56.38, 1.138, 8.556
56.39, 1.139, 7.038
56.40, 1.140, 7.962
56.41, 1.141, 7.825
56.42, 1.142, 7.777
56.43, 1.143, 6.065
56.44, 1.144, 6.417
56.45, 1.145, 8.296
56.46, 1.146, 7.604
56.47, 1.147, 7.459
56.48, 1.148, 7.439
56.49, 1.149, 8.088
56.50, 1.150, 6.920
56.51, 1.151, 7.169
56.52, 1.152, 8.044
56.53, 1.153, 7.683
56.54, 1.154, 8.556
56.55, 1.155, 7.936
56.56, 1.156, 9.198
56.57, 1.157, 8.150
56.58, 1.158, 8.062
56.59, 1.159, 8.841
56.60, 1.160, 9.267
56.61, 1.161, 9.025
56.62, 1.162, 8.890
56.63, 1.163, 8.401
56.64, 1.164, 9.528
56.65, 1.165, 9.904
56.66, 1.166, 8.891
56.67, 1.167, 9.024
56.68, 1.168, 10.71
56.69, 1.169, 9.288
56.70, 1.170, 9.521
56.71, 1.171, 8.820
56.72, 1.172, 9.789
56.73, 1.173, 8.293
56.74, 1.174, 9.521
56.75, 1.175, 9.047
56.76, 1.176, 9.423
56.77, 1.177, 9.606
56.78, 1.178, 9.998
56.79, 1.179, 9.889
56.80, 1.180, 9.454
56.81, 1.181, 8.601
56.82, 1.182, 9.473
56.83, 1.183, 10.34
56.84, 1.184, 9.222
56.85, 1.185, 9.555
56.86, 1.186, 9.763
56.87, 1.187, 9.506
56.88, 1.188, 10.03
56.89, 1.189, 9.100
56.90, 1.190, 8.862
56.91, 1.191, 9.629
56.92, 1.192, 9.756
56.93, 1.193, 10.59
56.94, 1.194, 10.82
56.95, 1.195, 11.05
56.96, 1.196, 10.14
56.97, 1.197, 9.433
56.98, 1.198, 9.467
56.99, 1.199, 9.475
57.00, 1.200, 9.474
57.01, 1.201, 11.04
57.02, 1.202, 10.18
57.03, 1.203, 10.52
57.04, 1.204, 10.33
57.05, 1.205, 10.89
57.06, 1.206, 11.97
57.07, 1.207, 12.06
57.08, 1.208, 10.52
57.09, 1.209, 10.89
57.10, 1.210, 10.76
57.11, 1.211, 10.33
57.12, 1.212, 12.28
57.13, 1.213, 11.96
57.14, 1.214, 11.75
57.15, 1.215, 12.76
57.16, 1.216, 12.34
57.17, 1.217, 12.21
57.18, 1.218, 11.13
57.19, 1.219, 12.52
57.20, 1.220, 12.12
57.21, 1.221, 11.30
57.22, 1.222, 12.32
57.23, 1.223, 11.76
57.24, 1.224, 11.54
57.25, 1.225, 11.88
57.26, 1.226, 12.95
57.27, 1.227, 11.13
57.28, 1.228, 11.54
57.29, 1.229, 12.08
57.30, 1.230, 12.14
57.31, 1.231, 12.44
57.32, 1.232, 12.24
57.33, 1.233, 12.89
57.34, 1.234, 11.87
57.35, 1.235, 11.79
57.36, 1.236, 11.10
57.37, 1.237, 12.86
57.38, 1.238, 12.66
57.39, 1.239, 12.19
57.40, 1.240, 12.76
57.41, 1.241, 13.07
57.42, 1.242, 12.79
57.43, 1.243, 13.49
57.44, 1.244, 12.64
57.45, 1.245, 12.30
57.46, 1.246, 13.35
57.47, 1.247, 13.32
57.48, 1.248, 14.33
57.49, 1.249, 13.26
57.50, 1.250, 14.14
57.51, 1.251, 13.50
57.52, 1.252, 14.20
57.53, 1.253, 13.07
57.54, 1.254, 13.36
57.55, 1.255, 14.08
57.56, 1.256, 11.77
57.57, 1.257, 12.35
57.58, 1.258, 13.52
57.59, 1.259, 13.42
57.60, 1.260, 14.61
57.61, 1.261, 12.45
57.62, 1.262, 13.37
57.63, 1.263, 14.10
57.64, 1.264, 12.95
57.65, 1.265, 12.42
57.66, 1.266, 13.32
57.67, 1.267, 14.42
57.68, 1.268, 13.93
57.69, 1.269, 14.68
57.70, 1.270, 15.34
57.71, 1.271, 13.67
57.72, 1.272, 13.11
57.73, 1.273, 13.01
57.74, 1.274, 14.71
57.75, 1.275, 14.83
57.76, 1.276, 13.72
57.77, 1.277, 14.43
57.78, 1.278, 15.34
57.79, 1.279, 13.04
57.80, 1.280, 14.43
57.81, 1.281, 14.12
57.82, 1.282, 13.82
57.83, 1.283, 14.25
57.84, 1.284, 15.41
57.85, 1.285, 15.45
57.86, 1.286, 13.41
57.87, 1.287, 14.16
57.88, 1.288, 14.79
57.89, 1.289, 14.74
57.90, 1.290, 15.50
57.91, 1.291, 15.12
57.92, 1.292, 16.49
57.93, 1.293, 15.49
57.94, 1.294, 16.20
57.95, 1.295, 16.05
57.96, 1.296, 17.58
57.97, 1.297, 15.79
57.98, 1.298, 14.68
57.99, 1.299, 16.56
58.00, 1.300, 15.73
58.01, 1.301, 15.99
58.02, 1.302, 17.74
58.03, 1.303, 16.29
58.04, 1.304, 16.86
58.05, 1.305, 16.66
58.06, 1.306, 16.13
58.07, 1.307, 16.57
58.08, 1.308, 16.06
58.09, 1.309, 18.13
58.10, 1.310, 16.67
58.11, 1.311, 16.47
58.12, 1.312, 16.64
58.13, 1.313, 17.02
58.14, 1.314, 16.44
58.15, 1.315, 15.62
58.16, 1.316, 18.04
58.17, 1.317, 17.79
58.18, 1.318, 17.71
58.19, 1.319, 17.49
58.20, 1.320, 17.31
58.21, 1.321, 15.84
58.22, 1.322, 17.58
58.23, 1.323, 16.94
58.24, 1.324, 17.26
58.25, 1.325, 17.63
58.26, 1.326, 17.52
58.27, 1.327, 17.66
58.28, 1.328, 17.75
58.29, 1.329, 17.52
58.30, 1.330, 17.74
58.31, 1.331, 18.25
58.32, 1.332, 19.66
58.33, 1.333, 19.79
58.34, 1.334, 18.19
58.35, 1.335, 18.02
58.36, 1.336, 18.83
58.37, 1.337, 19.05
58.38, 1.338, 20.69
58.39, 1.339, 19.73
58.40, 1.340, 19.46
58.41, 1.341, 19.00
58.42, 1.342, 19.00
58.43, 1.343, 19.77
58.44, 1.344, 21.27
58.45, 1.345, 19.28
58.46, 1.346, 19.08
58.47, 1.347, 20.36
58.48, 1.348, 19.90
58.49, 1.349, 20.05
58.50, 1.350, 20.28
58.51, 1.351, 21.29
58.52, 1.352, 21.00
58.53, 1.353, 21.20
58.54, 1.354, 19.67
58.55, 1.355, 20.86
58.56, 1.356, 21.34
58.57, 1.357, 21.67
58.58, 1.358, 21.14
58.59, 1.359, 22.02
58.60, 1.360, 19.14
58.61, 1.361, 20.07
58.62, 1.362, 21.38
58.63, 1.363, 20.65
58.64, 1.364, 21.36
58.65, 1.365, 22.07
58.66, 1.366, 23.04
58.67, 1.367, 22.04
58.68, 1.368, 21.73
58.69, 1.369, 21.58
58.70, 1.370, 21.90
58.71, 1.371, 23.45
58.72, 1.372, 21.64
58.73, 1.373, 23.55
58.74, 1.374, 23.57
58.75, 1.375, 23.52
58.76, 1.376, 24.18
58.77, 1.377, 23.04
58.78, 1.378, 23.66
58.79, 1.379, 23.20
58.80, 1.380, 25.62
58.81, 1.381, 24.67
58.82, 1.382, 24.77
58.83, 1.383, 26.05
58.84, 1.384, 26.26
58.85, 1.385, 25.83
58.86, 1.386, 26.25
58.87, 1.387, 25.76
58.88, 1.388, 26.06
58.89, 1.389, 25.88
58.90, 1.390, 25.96
58.91, 1.391, 25.81
58.92, 1.392, 26.45
58.93, 1.393, 26.10
58.94, 1.394, 26.76
58.95, 1.395, 26.48
58.96, 1.396, 26.88
58.97, 1.397, 27.37
58.98, 1.398, 25.05
58.99, 1.399, 26.92
59.00, 1.400, 25.96
59.01, 1.401, 26.08
59.02, 1.402, 27.82
59.03, 1.403, 28.62
59.04, 1.404, 28.30
59.05, 1.405, 29.43
59.06, 1.406, 28.43
59.07, 1.407, 28.60
59.08, 1.408, 29.61
59.09, 1.409, 27.91
59.10, 1.410, 29.07
59.11, 1.411, 29.82
59.12, 1.412, 29.28
59.13, 1.413, 30.01
59.14, 1.414, 32.48
59.15, 1.415, 31.58
59.16, 1.416, 32.16
59.17, 1.417, 32.24
59.18, 1.418, 32.57
59.19, 1.419, 32.04
59.20, 1.420, 33.14
59.21, 1.421, 33.09
59.22, 1.422, 33.53
59.23, 1.423, 33.40
59.24, 1.424, 33.66
59.25, 1.425, 33.55
59.26, 1.426, 33.75
59.27, 1.427, 33.87
59.28, 1.428, 34.02
59.29, 1.429, 34.25
59.30, 1.430, 35.29
59.31, 1.431, 34.75
59.32, 1.432, 33.91
59.33, 1.433, 36.34
59.34, 1.434, 37.05
59.35, 1.435, 34.80
59.36, 1.436, 35.64
59.37, 1.437, 33.84
59.38, 1.438, 35.79
59.39, 1.439, 35.74
59.40, 1.440, 36.32
59.41, 1.441, 35.38
59.42, 1.442, 36.17
59.43, 1.443, 37.36
59.44, 1.444, 36.19
59.45, 1.445, 37.75
59.46, 1.446, 36.95
59.47, 1.447, 37.57
59.48, 1.448, 39.32
59.49, 1.449, 39.77
59.50, 1.450, 40.11
59.51, 1.451, 40.62
59.52, 1.452, 38.88
59.53, 1.453, 39.89
59.54, 1.454, 40.44
59.55, 1.455, 40.86
59.56, 1.456, 39.87
59.57, 1.457, 42.09
59.58, 1.458, 41.29
59.59, 1.459, 41.89
59.60, 1.460, 41.34
59.61, 1.461, 42.01
59.62, 1.462, 45.31
59.63, 1.463, 44.64
59.64, 1.464, 43.65
59.65, 1.465, 46.94
59.66, 1.466, 46.11
59.67, 1.467, 45.25
59.68, 1.468, 46.38
59.69, 1.469, 47.38
59.70, 1.470, 46.93
59.71, 1.471, 48.72
59.72, 1.472, 48.11
59.73, 1.473, 49.64
59.74, 1.474, 49.51
59.75, 1.475, 50.74
59.76, 1.476, 51.29
59.77, 1.477, 53.35
59.78, 1.478, 51.87
59.79, 1.479, 54.14
59.80, 1.480, 53.48
59.81, 1.481, 55.83
59.82, 1.482, 55.00
59.83, 1.483, 57.71
59.84, 1.484, 57.30
59.85, 1.485, 59.21
59.86, 1.486, 60.69
59.87, 1.487, 61.91
59.88, 1.488, 61.62
59.89, 1.489, 61.54
59.90, 1.490, 63.69
59.91, 1.491, 64.98
59.92, 1.492, 66.01
59.93, 1.493, 67.07
59.94, 1.494, 68.46
59.95, 1.495, 69.17
59.96, 1.496, 69.75
59.97, 1.497, 72.58
59.98, 1.498, 72.71
59.99, 1.499, 75.69
60.00, 1.500, 75.52
60.01, 1.501, 75.82
60.02, 1.502, 75.95
60.03, 1.503, 78.42
60.04, 1.504, 78.71
60.05, 1.505, 80.46
60.06, 1.506, 80.31
60.07, 1.507, 82.75
60.08, 1.508, 83.41
60.09, 1.509, 84.77
60.10, 1.510, 87.07
60.11, 1.511, 85.32
60.12, 1.512, 88.44
60.13, 1.513, 89.24
60.14, 1.514, 91.74
60.15, 1.515, 92.69
60.16, 1.516, 94.05
60.17, 1.517, 95.98
60.18, 1.518, 96.14
60.19, 1.519, 98.50
60.20, 1.520, 99.20
60.21, 1.521, 99.86
60.22, 1.522, 102.7
60.23, 1.523, 102.8
60.24, 1.524, 104.9
60.25, 1.525, 104.5
60.26, 1.526, 107.9
60.27, 1.527, 109.2
60.28, 1.528, 110.4
60.29, 1.529, 111.5
60.30, 1.530, 113.7
60.31, 1.531, 114.7
60.32, 1.532, 116.3
60.33, 1.533, 117.0
60.34, 1.534, 118.6
60.35, 1.535, 118.8
60.36, 1.536, 120.8
60.37, 1.537, 122.9
60.38, 1.538, 124.2
60.39, 1.539, 125.6
60.40, 1.540, 128.7
60.41, 1.541, 130.5
60.42, 1.542, 131.3
60.43, 1.543, 133.9
60.44, 1.544, 134.9
60.45, 1.545, 137.2
60.46, 1.546, 138.4
60.47, 1.547, 138.8
60.48, 1.548, 140.4
60.49, 1.549, 142.3
60.50, 1.550, 144.5
60.51, 1.551, 146.6
60.52, 1.552, 147.9
60.53, 1.553, 148.4
60.54, 1.554, 150.5
60.55, 1.555, 152.8
60.56, 1.556, 154.5
60.57, 1.557, 156.2
60.58, 1.558, 157.5
60.59, 1.559, 159.6
60.60, 1.560, 161.7
60.61, 1.561, 163.2
60.62, 1.562, 164.0
60.63, 1.563, 164.3
60.64, 1.564, 166.2
60.65, 1.565, 168.1
60.66, 1.566, 170.2
60.67, 1.567, 172.3
60.68, 1.568, 173.4
60.69, 1.569, 174.3
60.70, 1.570, 177.3
60.71, 1.571, 178.9
60.72, 1.572, 178.6
60.73, 1.573, 182.8
60.74, 1.574, 181.9
60.75, 1.575, 184.5
60.76, 1.576, 186.7
60.77, 1.577, 189.1
60.78, 1.578, 189.4
60.79, 1.579, 192.6
60.80, 1.580, 193.0
60.81, 1.581, 193.8
60.82, 1.582, 197.4
60.83, 1.583, 199.0
60.84, 1.584, 199.6
60.85, 1.585, 203.4
60.86, 1.586, 204.1
60.87, 1.587, 205.7
60.88, 1.588, 207.9
60.89, 1.589, 210.7
60.90, 1.590, 213.6
60.91, 1.591, 213.1
60.92, 1.592, 215.2
60.93, 1.593, 218.7
60.94, 1.594, 219.7
60.95, 1.595, 219.5
60.96, 1.596, 223.0
60.97, 1.597, 224.4
60.98, 1.598, 225.7
60.99, 1.599, 228.7
61.00, 1.600, 226.8
61.01, 1.601, 230.2
61.02, 1.602, 233.2
61.03, 1.603, 233.6
61.04, 1.604, 235.7
61.05, 1.605, 237.5
61.06, 1.606, 239.6
61.07, 1.607, 242.0
61.08, 1.608, 243.6
61.09, 1.609, 244.9
61.10, 1.610, 248.2
61.11, 1.611, 248.2
61.12, 1.612, 250.8
61.13, 1.613, 253.8
61.14, 1.614, 255.3
61.15, 1.615, 256.4
61.16, 1.616, 258.4
61.17, 1.617, 259.5
61.18, 1.618, 260.7
61.19, 1.619, 264.0
61.20, 1.620, 265.0
61.21, 1.621, 268.6
61.22, 1.622, 269.4
61.23, 1.623, 269.6
61.24, 1.624, 272.5
61.25, 1.625, 275.4
61.26, 1.626, 276.1
61.27, 1.627, 277.3
61.28, 1.628, 279.3
61.29, 1.629, 281.7
61.30, 1.630, 282.2
61.31, 1.631, 284.8
61.32, 1.632, 286.4
61.33, 1.633, 287.4
61.34, 1.634, 289.6
61.35, 1.635, 292.5
61.36, 1.636, 294.2
61.37, 1.637, 296.9
61.38, 1.638, 295.9
61.39, 1.639, 297.2
61.40, 1.640, 300.8
61.41, 1.641, 302.8
61.42, 1.642, 304.3
61.43, 1.643, 304.3
61.44, 1.644, 306.0
61.45, 1.645, 308.0
61.46, 1.646, 309.7
61.47, 1.647, 313.0
61.48, 1.648, 313.7
61.49, 1.649, 315.7
61.50, 1.650, 316.1
61.51, 1.651, 320.0
61.52, 1.652, 321.3
61.53, 1.653, 322.3
61.54, 1.654, 325.0
61.55, 1.655, 325.9
61.56, 1.656, 328.5
61.57, 1.657, 330.7
61.58, 1.658, 332.3
61.59, 1.659, 332.2
61.60, 1.660, 334.3
61.61, 1.661, 338.3
61.62, 1.662, 338.7
61.63, 1.663, 341.1
61.64, 1.664, 343.2
61.65, 1.665, 343.4
61.66, 1.666, 345.3
61.67, 1.667, 346.8
61.68, 1.668, 348.7
61.69, 1.669, 351.6
61.70, 1.670, 353.0
61.71, 1.671, 354.4
61.72, 1.672, 358.6
61.73, 1.673, 357.8
61.74, 1.674, 359.7
61.75, 1.675, 361.6
61.76, 1.676, 364.8
61.77, 1.677, 363.7
61.78, 1.678, 364.7
61.79, 1.679, 367.5
61.80, 1.680, 370.5
61.81, 1.681, 371.0
61.82, 1.682, 373.0
61.83, 1.683, 374.9
61.84, 1.684, 377.0
61.85, 1.685, 379.6
61.86, 1.686, 381.1
61.87, 1.687, 380.9
61.88, 1.688, 383.0
61.89, 1.689, 384.5
61.90, 1.690, 384.7
61.91, 1.691, 387.5
61.92, 1.692, 390.3
61.93, 1.693, 390.5
61.94, 1.694, 392.2
61.95, 1.695, 393.8
61.96, 1.696, 394.5
61.97, 1.697, 396.9
61.98, 1.698, 399.2
61.99, 1.699, 399.7
62.00, 1.700, 401.7
62.01, 1.701, 403.6
62.02, 1.702, 404.7
62.03, 1.703, 405.7
62.04, 1.704, 408.1
62.05, 1.705, 407.9
62.06, 1.706, 412.0
62.07, 1.707, 412.4
62.08, 1.708, 414.6
62.09, 1.709, 415.0
62.10, 1.710, 415.3
62.11, 1.711, 417.7
62.12, 1.712, 420.1
62.13, 1.713, 422.3
62.14, 1.714, 424.7
62.15, 1.715, 425.0
62.16, 1.716, 425.3
62.17, 1.717, 428.8
62.18, 1.718, 427.7
62.19, 1.719, 430.3
62.20, 1.720, 431.7
62.21, 1.721, 432.2
62.22, 1.722, 435.2
62.23, 1.723, 436.2
62.24, 1.724, 437.4
62.25, 1.725, 438.9
62.26, 1.726, 441.4
62.27, 1.727, 441.7
62.28, 1.728, 443.9
62.29, 1.729, 445.3
62.30, 1.730, 445.6
62.31, 1.731, 447.3
62.32, 1.732, 449.6
62.33, 1.733, 451.0
62.34, 1.734, 452.2
62.35, 1.735, 453.3
62.36, 1.736, 454.5
62.37, 1.737, 455.4
62.38, 1.738, 458.4
62.39, 1.739, 457.1
62.40, 1.740, 460.5
62.41, 1.741, 461.5
62.42, 1.742, 464.3
62.43, 1.743, 465.5
62.44, 1.744, 466.9
62.45, 1.745, 466.5
62.46, 1.746, 468.9
62.47, 1.747, 471.1
62.48, 1.748, 472.2
62.49, 1.749, 473.1
62.50, 1.750, 474.9
62.51, 1.751, 475.1
62.52, 1.752, 475.2
62.53, 1.753, 477.1
62.54, 1.754, 478.3
62.55, 1.755, 479.0
62.56, 1.756, 480.8
62.57, 1.757, 482.1
62.58, 1.758, 483.9
62.59, 1.759, 485.0
62.60, 1.760, 487.9
62.61, 1.761, 488.0
62.62, 1.762, 487.7
62.63, 1.763, 490.6
62.64, 1.764, 491.5
62.65, 1.765, 492.5
62.66, 1.766, 493.7
62.67, 1.767, 497.7
62.68, 1.768, 496.0
62.69, 1.769, 496.6
62.70, 1.770, 501.1
62.71, 1.771, 502.5
62.72, 1.772, 503.3
62.73, 1.773, 505.9
62.74, 1.774, 506.8
62.75, 1.775, 506.5
62.76, 1.776, 508.0
62.77, 1.777, 511.5
62.78, 1.778, 510.0
62.79, 1.779, 512.8
62.80, 1.780, 513.9
62.81, 1.781, 514.5
62.82, 1.782, 518.2
62.83, 1.783, 517.4
62.84, 1.784, 520.0
62.85, 1.785, 520.6
62.86, 1.786, 521.1
62.87, 1.787, 524.0
62.88, 1.788, 524.1
62.89, 1.789, 526.0
62.90, 1.790, 529.5
62.91, 1.791, 529.9
62.92, 1.792, 530.2
62.93, 1.793, 532.1
62.94, 1.794, 534.1
62.95, 1.795, 532.4
62.96, 1.796, 536.7
62.97, 1.797, 538.7
62.98, 1.798, 539.4
62.99, 1.799, 539.4
63.00, 1.800, 540.5
63.01, 1.801, 542.3
63.02, 1.802, 544.5
63.03, 1.803, 546.1
63.04, 1.804, 545.8
63.05, 1.805, 547.4
63.06, 1.806, 549.0
63.07, 1.807, 549.7
63.08, 1.808, 550.1
63.09, 1.809, 552.0
63.10, 1.810, 553.2
63.11, 1.811, 554.6
63.12, 1.812, 555.0
63.13, 1.813, 557.1
63.14, 1.814, 558.0
63.15, 1.815, 559.8
63.16, 1.816, 562.4
63.17, 1.817, 562.7
63.18, 1.818, 562.2
63.19, 1.819, 563.3
63.20, 1.820, 566.2
63.21, 1.821, 567.6
63.22, 1.822, 566.8
63.23, 1.823, 568.6
63.24, 1.824, 569.4
63.25, 1.825, 572.6
63.26, 1.826, 573.7
63.27, 1.827, 574.9
63.28, 1.828, 576.6
63.29, 1.829, 578.2
63.30, 1.830, 577.4
63.31, 1.831, 578.1
63.32, 1.832, 580.4
63.33, 1.833, 582.9
63.34, 1.834, 583.5
63.35, 1.835, 583.5
63.36, 1.836, 586.0
63.37, 1.837, 588.5
63.38, 1.838, 588.0
63.39, 1.839, 588.2
63.40, 1.840, 589.0
63.41, 1.841, 592.7
63.42, 1.842, 593.8
63.43, 1.843, 593.3
63.44, 1.844, 597.1
63.45, 1.845, 596.7
63.46, 1.846, 598.1
63.47, 1.847, 601.9
63.48, 1.848, 601.0
63.49, 1.849, 602.0
63.50, 1.850, 605.2
63.51, 1.851, 603.3
63.52, 1.852, 603.5
63.53, 1.853, 604.1
63.54, 1.854, 609.2
63.55, 1.855, 609.8
63.56, 1.856, 611.1
63.57, 1.857, 610.7
63.58, 1.858, 612.8
63.59, 1.859, 614.9
63.60, 1.860, 615.2
63.61, 1.861, 616.1
63.62, 1.862, 616.7
63.63, 1.863, 618.8
63.64, 1.864, 618.9
63.65, 1.865, 620.3
63.66, 1.866, 623.0
63.67, 1.867, 623.6
63.68, 1.868, 624.3
63.69, 1.869, 626.3
63.70, 1.870, 625.2
63.71, 1.871, 628.8
63.72, 1.872, 628.4
63.73, 1.873, 628.9
63.74, 1.874, 632.1
63.75, 1.875, 634.8
63.76, 1.876, 634.1
63.77, 1.877, 635.1
63.78, 1.878, 635.5
63.79, 1.879, 636.0
63.80, 1.880, 638.6
63.81, 1.881, 638.6
63.82, 1.882, 640.9
63.83, 1.883, 642.5
63.84, 1.884, 643.1
63.85, 1.885, 645.6
63.86, 1.886, 646.1
63.87, 1.887, 647.3
63.88, 1.888, 649.8
63.89, 1.889, 648.7
63.90, 1.890, 650.0
63.91, 1.891, 651.8
63.92, 1.892, 652.5
63.93, 1.893, 654.3
63.94, 1.894, 650.8
63.95, 1.895, 656.7
63.96, 1.896, 654.9
63.97, 1.897, 655.7
63.98, 1.898, 656.8
63.99, 1.899, 660.2
64.00, 1.900, 660.5
64.01, 1.901, 661.2
64.02, 1.902, 661.7
64.03, 1.903, 662.9
64.04, 1.904, 664.2
64.05, 1.905, 665.1
64.06, 1.906, 665.6
64.07, 1.907, 667.2
64.08, 1.908, 667.7
64.09, 1.909, 668.4
64.10, 1.910, 670.7
64.11, 1.911, 672.4
64.12, 1.912, 671.7
64.13, 1.913, 673.4
64.14, 1.914, 674.3
64.15, 1.915, 675.0
64.16, 1.916, 675.4
64.17, 1.917, 677.6
64.18, 1.918, 679.2
64.19, 1.919, 679.3
64.20, 1.920, 678.2
64.21, 1.921, 682.3
64.22, 1.922, 683.4
64.23, 1.923, 681.9
64.24, 1.924, 683.9
64.25, 1.925, 683.9
64.26, 1.926, 686.4
64.27, 1.927, 686.4
64.28, 1.928, 685.3
64.29, 1.929, 687.1
64.30, 1.930, 689.1
64.31, 1.931, 688.9
64.32, 1.932, 689.0
64.33, 1.933, 690.7
64.34, 1.934, 691.8
64.35, 1.935, 692.8
64.36, 1.936, 691.7
64.37, 1.937, 693.1
64.38, 1.938, 695.3
64.39, 1.939, 694.8
64.40, 1.940, 694.4
64.41, 1.941, 696.0
64.42, 1.942, 697.1
64.43, 1.943, 697.6
64.44, 1.944, 697.3
64.45, 1.945, 697.9
64.46, 1.946, 698.7
64.47, 1.947, 698.2
64.48, 1.948, 699.2
64.49, 1.949, 702.4
64.50, 1.950, 703.0
64.51, 1.951, 703.1
64.52, 1.952, 704.2
64.53, 1.953, 704.4
64.54, 1.954, 704.9
64.55, 1.955, 706.3
64.56, 1.956, 706.5
64.57, 1.957, 706.4
64.58, 1.958, 707.0
64.59, 1.959, 706.4
64.60, 1.960, 707.8
64.61, 1.961, 707.6
64.62, 1.962, 707.7
64.63, 1.963, 709.8
64.64, 1.964, 710.1
64.65, 1.965, 710.6
64.66, 1.966, 712.0
64.67, 1.967, 713.5
64.68, 1.968, 713.5
64.69, 1.969, 714.9
64.70, 1.970, 714.1
64.71, 1.971, 716.1
64.72, 1.972, 714.6
64.73, 1.973, 716.4
64.74, 1.974, 717.7
64.75, 1.975, 716.3
64.76, 1.976, 717.2
64.77, 1.977, 719.9
64.78, 1.978, 718.1
64.79, 1.979, 719.9
64.80, 1.980, 720.7
64.81, 1.981, 719.8
64.82, 1.982, 720.3
64.83, 1.983, 718.6
64.84, 1.984, 718.3
64.85, 1.985, 715.2
64.86, 1.986, 716.2
64.87, 1.987, 715.4
64.88, 1.988, 714.2
64.89, 1.989, 715.5
64.90, 1.990, 713.9
64.91, 1.991, 712.6
64.92, 1.992, 713.0
64.93, 1.993, 712.5
64.94, 1.994, 710.7
64.95, 1.995, 710.4
64.96, 1.996, 711.4
64.97, 1.997, 708.7
64.98, 1.998, 709.4
64.99, 1.999, 707.4
65.00, 2.000, 707.6
65.01, 1.999, 706.3
65.02, 1.998, 706.9
65.03, 1.997, 706.0
65.04, 1.996, 705.9
65.05, 1.995, 705.1
65.06, 1.994, 702.9
65.07, 1.993, 703.9
65.08, 1.992, 702.9
65.09, 1.991, 700.2
65.10, 1.990, 702.7
65.11, 1.989, 702.2
65.12, 1.988, 700.1
65.13, 1.987, 700.8
65.14, 1.986, 698.5
65.15, 1.985, 698.2
65.16, 1.984, 698.0
65.17, 1.983, 699.3
65.18, 1.982, 698.1
65.19, 1.981, 697.1
65.20, 1.980, 695.6
65.21, 1.979, 692.3
65.22, 1.978, 693.2
65.23, 1.977, 690.0
65.24, 1.976, 689.5
65.25, 1.975, 684.9
65.26, 1.974, 685.4
65.27, 1.973, 683.1
65.28, 1.972, 682.6
65.29, 1.971, 679.7
65.30, 1.970, 678.6
65.31, 1.969, 677.8
65.32, 1.968, 675.9
65.33, 1.967, 673.8
65.34, 1.966, 672.1
65.35, 1.965, 671.1
65.36, 1.964, 670.0
65.37, 1.963, 668.4
65.38, 1.962, 664.8
65.39, 1.961, 664.8
65.40, 1.960, 662.5
65.41, 1.959, 660.0
65.42, 1.958, 659.2
65.43, 1.957, 657.2
65.44, 1.956, 657.0
65.45, 1.955, 655.0
65.46, 1.954, 652.4
65.47, 1.953, 652.8
65.48, 1.952, 650.7
65.49, 1.951, 647.6
65.50, 1.950, 647.2
65.51, 1.949, 646.2
65.52, 1.948, 645.5
65.53, 1.947, 643.1
65.54, 1.946, 641.1
65.55, 1.945, 638.2
65.56, 1.944, 639.3
65.57, 1.943, 636.9
65.58, 1.942, 636.3
65.59, 1.941, 634.3
65.60, 1.940, 632.3
65.61, 1.939, 628.8
65.62, 1.938, 629.1
65.63, 1.937, 628.7
65.64, 1.936, 627.2
65.65, 1.935, 624.8
65.66, 1.934, 626.1
65.67, 1.933, 623.1
65.68, 1.932, 621.3
65.69, 1.931, 619.7
65.70, 1.930, 618.5
65.71, 1.929, 616.7
65.72, 1.928, 615.1
65.73, 1.927, 614.0
65.74, 1.926, 612.9
65.75, 1.925, 610.5
65.76, 1.924, 607.5
65.77, 1.923, 608.1
65.78, 1.922, 606.4
65.79, 1.921, 604.1
65.80, 1.920, 604.6
65.81, 1.919, 603.5
65.82, 1.918, 603.3
65.83, 1.917, 599.0
65.84, 1.916, 598.9
65.85, 1.915, 598.7
65.86, 1.914, 595.2
65.87, 1.913, 595.9
65.88, 1.912, 591.6
65.89, 1.911, 589.7
65.90, 1.910, 590.4
65.91, 1.909, 591.1
65.92, 1.908, 588.6
65.93, 1.907, 585.3
65.94, 1.906, 585.2
65.95, 1.905, 583.3
65.96, 1.904, 582.3
65.97, 1.903, 579.9
65.98, 1.902, 576.7
65.99, 1.901, 576.6
66.00, 1.900, 576.0
66.01, 1.899, 573.5
66.02, 1.898, 572.9
66.03, 1.897, 571.6
66.04, 1.896, 571.0
66.05, 1.895, 569.4
66.06, 1.894, 567.9
66.07, 1.893, 565.8
66.08, 1.892, 566.2
66.09, 1.891, 565.3
66.10, 1.890, 562.2
66.11, 1.889, 559.5
66.12, 1.888, 560.8
66.13, 1.887, 558.2
66.14, 1.886, 556.6
66.15, 1.885, 556.0
66.16, 1.884, 552.3
66.17, 1.883, 551.7
66.18, 1.882, 552.0
66.19, 1.881, 550.4
66.20, 1.880, 549.2
66.21, 1.879, 548.2
66.22, 1.878, 544.3
66.23, 1.877, 544.9
66.24, 1.876, 543.6
66.25, 1.875, 543.8
66.26, 1.874, 542.5
66.27, 1.873, 541.5
66.28, 1.872, 541.4
66.29, 1.871, 540.6
66.30, 1.870, 537.3
66.31, 1.869, 533.8
66.32, 1.868, 533.9
66.33, 1.867, 530.4
66.34, 1.866, 530.4
66.35, 1.865, 527.2
66.36, 1.864, 528.2
66.37, 1.863, 525.7
66.38, 1.862, 524.7
66.39, 1.861, 523.1
66.40, 1.860, 524.0
66.41, 1.859, 520.0
66.42, 1.858, 517.9
66.43, 1.857, 519.2
66.44, 1.856, 517.0
66.45, 1.855, 515.3
66.46, 1.854, 514.0
66.47, 1.853, 512.5
66.48, 1.852, 512.4
66.49, 1.851, 509.1
66.50, 1.850, 507.2
66.51, 1.849, 507.9
66.52, 1.848, 505.6
66.53, 1.847, 504.3
66.54, 1.846, 498.4
66.55, 1.845, 500.4
66.56, 1.844, 499.3
66.57, 1.843, 499.0
66.58, 1.842, 496.6
66.59, 1.841, 494.2
66.60, 1.840, 493.6
66.61, 1.839, 493.2
66.62, 1.838, 489.9
66.63, 1.837, 487.4
66.64, 1.836, 487.8
66.65, 1.835, 487.2
66.66, 1.834, 484.9
66.67, 1.833, 486.0
66.68, 1.832, 483.6
66.69, 1.831, 480.3
66.70, 1.830, 482.4
66.71, 1.829, 479.8
66.72, 1.828, 478.0
66.73, 1.827, 476.9
66.74, 1.826, 474.1
66.75, 1.825, 474.1
66.76, 1.824, 472.9
66.77, 1.823, 470.1
66.78, 1.822, 468.9
66.79, 1.821, 469.0
66.80, 1.820, 466.3
66.81, 1.819, 465.6
66.82, 1.818, 462.4
66.83, 1.817, 461.0
66.84, 1.816, 462.0
66.85, 1.815, 459.8
66.86, 1.814, 456.9
66.87, 1.813, 459.9
66.88, 1.812, 454.7
66.89, 1.811, 454.6
66.90, 1.810, 453.8
66.91, 1.809, 452.0
66.92, 1.808, 450.7
66.93, 1.807, 450.4
66.94, 1.806, 449.1
66.95, 1.805, 448.1
66.96, 1.804, 445.7
66.97, 1.803, 443.3
66.98, 1.802, 442.3
66.99, 1.801, 442.5
67.00, 1.800, 440.6
67.01, 1.799, 440.2
67.02, 1.798, 437.8
67.03, 1.797, 437.8
67.04, 1.796, 436.7
67.05, 1.795, 435.8
67.06, 1.794, 433.1
67.07, 1.793, 431.3
67.08, 1.792, 430.1
67.09, 1.791, 429.1
67.10, 1.790, 428.3
67.11, 1.789, 427.8
67.12, 1.788, 425.0
67.13, 1.787, 424.8
67.14, 1.786, 424.3
67.15, 1.785, 421.2
67.16, 1.784, 417.5
67.17, 1.783, 417.2
67.18, 1.782, 416.8
67.19, 1.781, 415.5
67.20, 1.780, 415.2
67.21, 1.779, 413.4
67.22, 1.778, 412.3
67.23, 1.777, 410.7
67.24, 1.776, 409.4
67.25, 1.775, 407.2
67.26, 1.774, 406.1
67.27, 1.773, 405.2
67.28, 1.772, 404.8
67.29, 1.771, 403.3
67.30, 1.770, 401.8
67.31, 1.769, 399.3
67.32, 1.768, 398.5
67.33, 1.767, 398.9
67.34, 1.766, 397.2
67.35, 1.765, 397.4
67.36, 1.764, 394.8
67.37, 1.763, 394.1
67.38, 1.762, 392.1
67.39, 1.761, 391.8
67.40, 1.760, 390.0
67.41, 1.759, 389.0
67.42, 1.758, 388.5
67.43, 1.757, 385.9
67.44, 1.756, 384.3
67.45, 1.755, 381.8
67.46, 1.754, 381.4
67.47, 1.753, 380.6
67.48, 1.752, 379.5
67.49, 1.751, 377.7
67.50, 1.750, 379.2
67.51, 1.749, 378.0
67.52, 1.748, 375.8
67.53, 1.747, 374.4
67.54, 1.746, 372.8
67.55, 1.745, 373.9
67.56, 1.744, 371.6
67.57, 1.743, 370.0
67.58, 1.742, 368.5
67.59, 1.741, 366.9
67.60, 1.740, 365.3
67.61, 1.739, 365.2
67.62, 1.738, 362.6
67.63, 1.737, 362.0
67.64, 1.736, 359.1
67.65, 1.735, 361.0
67.66, 1.734, 358.5
67.67, 1.733, 357.9
67.68, 1.732, 355.3
67.69, 1.731, 355.8
67.70, 1.730, 354.6
67.71, 1.729, 353.0
67.72, 1.728, 350.4
67.73, 1.727, 350.6
67.74, 1.726, 348.0
67.75, 1.725, 347.5
67.76, 1.724, 347.4
67.77, 1.723, 344.9
67.78, 1.722, 345.6
67.79, 1.721, 342.7
67.80, 1.720, 343.8
67.81, 1.719, 342.2
67.82, 1.718, 340.3
67.83, 1.717, 339.6
67.84, 1.716, 339.0
67.85, 1.715, 336.4
67.86, 1.714, 334.0
67.87, 1.713, 334.6
67.88, 1.712, 333.5
67.89, 1.711, 332.4
67.90, 1.710, 332.0
67.91, 1.709, 328.8
67.92, 1.708, 327.3
67.93, 1.707, 327.1
67.94, 1.706, 325.9
67.95, 1.705, 324.3
67.96, 1.704, 322.9
67.97, 1.703, 323.3
67.98, 1.702, 321.5
67.99, 1.701, 320.1
68.00, 1.700, 317.4
68.01, 1.699, 317.2
68.02, 1.698, 317.6
68.03, 1.697, 315.9
68.04, 1.696, 312.9
68.05, 1.695, 312.1
68.06, 1.694, 311.4
68.07, 1.693, 307.0
68.08, 1.692, 309.3
68.09, 1.691, 309.3
68.10, 1.690, 305.8
68.11, 1.689, 305.1
68.12, 1.688, 307.2
68.13, 1.687, 303.9
68.14, 1.686, 301.8
68.15, 1.685, 301.6
68.16, 1.684, 301.5
68.17, 1.683, 299.6
68.18, 1.682, 298.1
68.19, 1.681, 297.3
68.20, 1.680, 296.7
68.21, 1.679, 295.4
68.22, 1.678, 294.0
68.23, 1.677, 292.3
68.24, 1.676, 290.8
68.25, 1.675, 292.0
68.26, 1.674, 289.3
68.27, 1.673, 288.9
68.28, 1.672, 288.2
68.29, 1.671, 286.5
68.30, 1.670, 286.5
68.31, 1.669, 285.5
68.32, 1.668, 286.1
68.33, 1.667, 282.8
68.34, 1.666, 282.9
68.35, 1.665, 282.1
68.36, 1.664, 279.9
68.37, 1.663, 278.3
68.38, 1.662, 277.4
68.39, 1.661, 276.1
68.40, 1.660, 274.4
68.41, 1.659, 274.3
68.42, 1.658, 272.8
68.43, 1.657, 270.6
68.44, 1.656, 269.4
68.45, 1.655, 268.1
68.46, 1.654, 267.6
68.47, 1.653, 267.8
68.48, 1.652, 266.9
68.49, 1.651, 262.7
68.50, 1.650, 261.0
68.51, 1.649, 261.0
68.52, 1.648, 261.5
68.53, 1.647, 259.5
68.54, 1.646, 257.7
68.55, 1.645, 259.0
68.56, 1.644, 254.6
68.57, 1.643, 255.3
68.58, 1.642, 254.4
68.59, 1.641, 252.0
68.60, 1.640, 252.6
68.61, 1.639, 250.3
68.62, 1.638, 248.0
68.63, 1.637, 248.1
68.64, 1.636, 249.5
68.65, 1.635, 246.3
68.66, 1.634, 245.6
68.67, 1.633, 244.3
68.68, 1.632, 241.1
68.69, 1.631, 242.8
68.70, 1.630, 240.4
68.71, 1.629, 240.6
68.72, 1.628, 238.6
68.73, 1.627, 236.7
68.74, 1.626, 235.5
68.75, 1.625, 238.5
68.76, 1.624, 235.6
68.77, 1.623, 235.2
68.78, 1.622, 233.6
68.79, 1.621, 232.8
68.80, 1.620, 231.9
68.81, 1.619, 229.5
68.82, 1.618, 228.8
68.83, 1.617, 227.6
68.84, 1.616, 226.9
68.85, 1.615, 224.5
68.86, 1.614, 222.2
68.87, 1.613, 222.4
68.88, 1.612, 219.5
68.89, 1.611, 219.9
68.90, 1.610, 217.7
68.91, 1.609, 215.9
68.92, 1.608, 216.5
68.93, 1.607, 215.2
68.94, 1.606, 213.8
68.95, 1.605, 213.0
68.96, 1.604, 209.7
68.97, 1.603, 209.8
68.98, 1.602, 209.7
68.99, 1.601, 205.1
69.00, 1.600, 204.4
69.01, 1.599, 204.0
69.02, 1.598, 204.6
69.03, 1.597, 201.5
69.04, 1.596, 201.1
69.05, 1.595, 199.8
69.06, 1.594, 199.6
69.07, 1.593, 197.0
69.08, 1.592, 196.6
69.09, 1.591, 195.0
69.10, 1.590, 195.1
69.11, 1.589, 194.4
69.12, 1.588, 191.1
69.13, 1.587, 189.7
69.14, 1.586, 189.6
69.15, 1.585, 189.8
69.16, 1.584, 187.8
69.17, 1.583, 186.6
69.18, 1.582, 184.0
69.19, 1.581, 183.9
69.20, 1.580, 180.6
69.21, 1.579, 180.3
69.22, 1.578, 181.7
69.23, 1.577, 177.6
69.24, 1.576, 176.5
69.25, 1.575, 176.7
69.26, 1.574, 175.2
69.27, 1.573, 173.8
69.28, 1.572, 171.7
69.29, 1.571, 169.5
69.30, 1.570, 168.4
69.31, 1.569, 168.3
69.32, 1.568, 166.4
69.33, 1.567, 163.4
69.34, 1.566, 162.6
69.35, 1.565, 162.9
69.36, 1.564, 160.5
69.37, 1.563, 162.9
69.38, 1.562, 160.8
69.39, 1.561, 158.0
69.40, 1.560, 155.4
69.41, 1.559, 155.9
69.42, 1.558, 153.7
69.43, 1.557, 153.6
69.44, 1.556, 152.5
69.45, 1.555, 150.3
69.46, 1.554, 149.2
69.47, 1.553, 147.5
69.48, 1.552, 147.1
69.49, 1.551, 145.9
69.50, 1.550, 144.4
69.51, 1.549, 144.2
69.52, 1.548, 142.2
69.53, 1.547, 142.2
69.54, 1.546, 140.8
69.55, 1.545, 139.3
69.56, 1.544, 137.7
69.57, 1.543, 138.2
69.58, 1.542, 136.8
69.59, 1.541, 134.2
69.60, 1.540, 133.3
69.61, 1.539, 131.5
69.62, 1.538, 128.3
69.63, 1.537, 131.1
69.64, 1.536, 128.3
69.65, 1.535, 128.3
69.66, 1.534, 126.1
69.67, 1.533, 125.3
69.68, 1.532, 124.2
69.69, 1.531, 121.3
69.70, 1.530, 118.8
69.71, 1.529, 118.4
69.72, 1.528, 118.6
69.73, 1.527, 117.1
69.74, 1.526, 114.7
69.75, 1.525, 113.6
69.76, 1.524, 111.2
69.77, 1.523, 110.4
69.78, 1.522, 109.7
69.79, 1.521, 109.0
69.80, 1.520, 108.2
69.81, 1.519, 105.3
69.82, 1.518, 104.4
69.83, 1.517, 103.5
69.84, 1.516, 102.6
69.85, 1.515, 101.9
69.86, 1.514, 100.8
69.87, 1.513, 100.3
69.88, 1.512, 97.39
69.89, 1.511, 96.82
69.90, 1.510, 95.11
69.91, 1.509, 93.48
69.92, 1.508, 92.61
69.93, 1.507, 92.74
69.94, 1.506, 91.24
69.95, 1.505, 89.74
69.96, 1.504, 89.08
69.97, 1.503, 87.54
69.98, 1.502, 86.51
69.99, 1.501, 85.00
70.00, 1.500, 89.21
70.01, 1.499, 87.08
70.02, 1.498, 84.75
70.03, 1.497, 82.20
70.04, 1.496, 83.25
70.05, 1.495, 79.76
70.06, 1.494, 79.59
70.07, 1.493, 78.21
70.08, 1.492, 76.72
70.09, 1.491, 74.66
70.10, 1.490, 74.04
70.11, 1.489, 73.92
70.12, 1.488, 72.11
70.13, 1.487, 70.90
70.14, 1.486, 71.25
70.15, 1.485, 68.64
70.16, 1.484, 66.10
70.17, 1.483, 65.51
70.18, 1.482, 63.14
70.19, 1.481, 64.06
70.20, 1.480, 64.57
70.21, 1.479, 62.87
70.22, 1.478, 59.94
70.23, 1.477, 60.12
70.24, 1.476, 58.62
70.25, 1.475, 57.17
70.26, 1.474, 58.43
70.27, 1.473, 56.49
70.28, 1.472, 54.75
70.29, 1.471, 52.81
70.30, 1.470, 52.63
70.31, 1.469, 53.33
70.32, 1.468, 50.89
70.33, 1.467, 50.09
70.34, 1.466, 49.95
70.35, 1.465, 47.83
70.36, 1.464, 46.96
70.37, 1.463, 46.68
70.38, 1.462, 44.75
70.39, 1.461, 45.92
70.40, 1.460, 44.96
70.41, 1.459, 42.50
70.42, 1.458, 41.41
70.43, 1.457, 42.22
70.44, 1.456, 39.62
70.45, 1.455, 38.42
70.46, 1.454, 38.17
70.47, 1.453, 38.61
70.48, 1.452, 37.06
70.49, 1.451, 37.11
70.50, 1.450, 33.91
70.51, 1.449, 33.35
70.52, 1.448, 32.07
70.53, 1.447, 31.97
70.54, 1.446, 30.73
70.55, 1.445, 30.39
70.56, 1.444, 30.31
70.57, 1.443, 27.94
70.58, 1.442, 25.66
70.59, 1.441, 25.91
70.60, 1.440, 26.83
70.61, 1.439, 25.37
70.62, 1.438, 26.83
70.63, 1.437, 25.69
70.64, 1.436, 23.88
70.65, 1.435, 23.10
70.66, 1.434, 21.94
70.67, 1.433, 20.85
70.68, 1.432, 21.50
70.69, 1.431, 19.49
70.70, 1.430, 18.73
70.71, 1.429, 17.83
70.72, 1.428, 16.74
70.73, 1.427, 17.33
70.74, 1.426, 15.09
70.75, 1.425, 15.76
70.76, 1.424, 14.02
70.77, 1.423, 14.44
70.78, 1.422, 15.02
70.79, 1.421, 13.10
70.80, 1.420, 12.84
70.81, 1.419, 11.99
70.82, 1.418, 12.08
70.83, 1.417, 10.52
70.84, 1.416, 10.90
70.85, 1.415, 11.03
70.86, 1.414, 10.35
70.87, 1.413, 9.171
70.88, 1.412, 8.599
70.89, 1.411, 7.713
70.90, 1.410, 6.953
70.91, 1.409, 5.638
70.92, 1.408, 6.231
70.93, 1.407, 5.048
70.94, 1.406, 5.602
70.95, 1.405, 3.395
70.96, 1.404, 2.125
70.97, 1.403, 0.3524
70.98, 1.402, 1.668
70.99, 1.401, 1.464
71.00, 1.400, -0.3388
71.01, 1.399, -0.4605
71.02, 1.398, -2.130
71.03, 1.397, -2.144
71.04, 1.396, -2.551
71.05, 1.395, -3.566
71.06, 1.394, -2.529
71.07, 1.393, -4.513
71.08, 1.392, -5.436
71.09, 1.391, -3.869
71.10, 1.390, -5.218
71.11, 1.389, -5.478
71.12, 1.388, -6.158
71.13, 1.387, -6.765
71.14, 1.386, -6.061
71.15, 1.385, -7.648
71.16, 1.384, -8.806
71.17, 1.383, -6.087
71.18, 1.382, -6.551
71.19, 1.381, -7.228
71.20, 1.380, -8.357
71.21, 1.379, -10.03
71.22, 1.378, -9.964
71.23, 1.377, -10.33
71.24, 1.376, -9.973
71.25, 1.375, -8.529
71.26, 1.374, -10.37
71.27, 1.373, -10.82
71.28, 1.372, -12.14
71.29, 1.371, -9.687
71.30, 1.370, -10.15
71.31, 1.369, -11.97
71.32, 1.368, -12.26
71.33, 1.367, -12.60
71.34, 1.366, -12.11
71.35, 1.365, -11.72
71.36, 1.364, -15.40
71.37, 1.363, -14.63
71.38, 1.362, -13.67
71.39, 1.361, -13.47
71.40, 1.360, -14.79
71.41, 1.359, -13.71
71.42, 1.358, -13.11
71.43, 1.357, -14.57
71.44, 1.356, -13.94
71.45, 1.355, -16.76
71.46, 1.354, -15.56
71.47, 1.353, -16.13
71.48, 1.352, -16.05
71.49, 1.351, -16.75
71.50, 1.350, -17.25
71.51, 1.349, -16.98
71.52, 1.348, -17.34
71.53, 1.347, -16.14
71.54, 1.346, -18.23
71.55, 1.345, -17.63
71.56, 1.344, -17.38
71.57, 1.343, -18.45
71.58, 1.342, -18.97
71.59, 1.341, -18.10
71.60, 1.340, -16.79
71.61, 1.339, -18.79
71.62, 1.338, -18.00
71.63, 1.337, -19.75
71.64, 1.336, -16.98
71.65, 1.335, -18.77
71.66, 1.334, -18.62
71.67, 1.333, -18.25
71.68, 1.332, -17.57
71.69, 1.331, -18.51
71.70, 1.330, -17.75
71.71, 1.329, -18.95
71.72, 1.328, -18.81
71.73, 1.327, -17.51
71.74, 1.326, -18.43
71.75, 1.325, -18.87
71.76, 1.324, -18.65
71.77, 1.323, -19.36
71.78, 1.322, -20.80
71.79, 1.321, -21.12
71.80, 1.320, -20.10
71.81, 1.319, -21.15
71.82, 1.318, -20.34
71.83, 1.317, -19.92
71.84, 1.316, -21.68
71.85, 1.315, -21.69
71.86, 1.314, -22.19
71.87, 1.313, -21.78
71.88, 1.312, -19.99
71.89, 1.311, -21.81
71.90, 1.310, -22.14
71.91, 1.309, -20.69
71.92, 1.308, -20.77
71.93, 1.307, -22.13
71.94, 1.306, -21.82
71.95, 1.305, -20.73
71.96, 1.304, -21.55
71.97, 1.303, -20.76
71.98, 1.302, -19.37
71.99, 1.301, -21.18
72.00, 1.300, -20.71
72.01, 1.299, -20.42
72.02, 1.298, -20.29
72.03, 1.297, -19.84
72.04, 1.296, -19.35
72.05, 1.295, -20.89
72.06, 1.294, -21.87
72.07, 1.293, -19.87
72.08, 1.292, -22.06
72.09, 1.291, -21.01
72.10, 1.290, -22.29
72.11, 1.289, -21.06
72.12, 1.288, -19.31
72.13, 1.287, -21.72
72.14, 1.286, -22.11
72.15, 1.285, -19.47
72.16, 1.284, -20.08
72.17, 1.283, -22.01
72.18, 1.282, -21.48
72.19, 1.281, -21.85
72.20, 1.280, -19.72
72.21, 1.279, -21.59
72.22, 1.278, -19.81
72.23, 1.277, -21.48
72.24, 1.276, -22.20
72.25, 1.275, -20.00
72.26, 1.274, -20.24
72.27, 1.273, -20.84
72.28, 1.272, -20.08
72.29, 1.271, -20.11
72.30, 1.270, -20.67
72.31, 1.269, -22.11
72.32, 1.268, -20.32
72.33, 1.267, -18.28
72.34, 1.266, -19.25
72.35, 1.265, -21.05
72.36, 1.264, -20.55
72.37, 1.263, -19.44
72.38, 1.262, -18.99
72.39, 1.261, -18.95
72.40, 1.260, -20.26
72.41, 1.259, -18.50
72.42, 1.258, -20.46
72.43, 1.257, -20.24
72.44, 1.256, -19.04
72.45, 1.255, -21.23
72.46, 1.254, -18.71
72.47, 1.253, -19.00
72.48, 1.252, -19.41
72.49, 1.251, -21.39
72.50, 1.250, -17.15
72.51, 1.249, -16.25
72.52, 1.248, -18.40
72.53, 1.247, -17.60
72.54, 1.246, -15.90
72.55, 1.245, -17.23
72.56, 1.244, -17.13
72.57, 1.243, -17.43
72.58, 1.242, -17.19
72.59, 1.241, -17.52
72.60, 1.240, -16.80
72.61, 1.239, -17.70
72.62, 1.238, -18.75
72.63, 1.237, -16.62
72.64, 1.236, -18.93
72.65, 1.235, -17.86
72.66, 1.234, -18.20
72.67, 1.233, -17.37
72.68, 1.232, -17.44
72.69, 1.231, -19.00
72.70, 1.230, -19.46
72.71, 1.229, -19.09
72.72, 1.228, -18.48
72.73, 1.227, -18.21
72.74, 1.226, -18.45
72.75, 1.225, -18.00
72.76, 1.224, -16.62
72.77, 1.223, -17.38
72.78, 1.222, -16.28
72.79, 1.221, -17.44
72.80, 1.220, -16.65
72.81, 1.219, -15.56
72.82, 1.218, -16.66
72.83, 1.217, -15.29
72.84, 1.216, -16.27
72.85, 1.215, -16.13
72.86, 1.214, -16.42
72.87, 1.213, -16.26
72.88, 1.212, -16.72
72.89, 1.211, -15.56
72.90, 1.210, -16.17
72.91, 1.209, -15.47
72.92, 1.208, -16.09
72.93, 1.207, -15.38
72.94, 1.206, -15.81
72.95, 1.205, -15.21
72.96, 1.204, -16.26
72.97, 1.203, -15.64
72.98, 1.202, -14.89
72.99, 1.201, -14.09
73.00, 1.200, -14.98
73.01, 1.199, -15.25
73.02, 1.198, -14.96
73.03, 1.197, -15.70
73.04, 1.196, -16.88
73.05, 1.195, -14.76
73.06, 1.194, -15.04
73.07, 1.193, -15.31
73.08, 1.192, -14.12
73.09, 1.191, -15.89
73.10, 1.190, -15.12
73.11, 1.189, -16.26
73.12, 1.188, -12.07
73.13, 1.187, -13.95
73.14, 1.186, -15.26
73.15, 1.185, -14.41
73.16, 1.184, -15.87
73.17, 1.183, -14.42
73.18, 1.182, -13.71
73.19, 1.181, -16.04
73.20, 1.180, -14.40
73.21, 1.179, -15.91
73.22, 1.178, -15.64
73.23, 1.177, -14.52
73.24, 1.176, -15.51
73.25, 1.175, -15.70
73.26, 1.174, -12.89
73.27, 1.173, -13.58
73.28, 1.172, -13.02
73.29, 1.171, -12.60
73.30, 1.170, -12.95
73.31, 1.169, -12.10
73.32, 1.168, -12.63
73.33, 1.167, -14.18
73.34, 1.166, -12.11
73.35, 1.165, -12.09
73.36, 1.164, -12.29
73.37, 1.163, -13.01
73.38, 1.162, -12.58
73.39, 1.161, -14.76
73.40, 1.160, -11.82
73.41, 1.159, -12.07
73.42, 1.158, -13.69
73.43, 1.157, -11.88
73.44, 1.156, -12.15
73.45, 1.155, -12.71
73.46, 1.154, -11.89
73.47, 1.153, -13.34
73.48, 1.152, -13.40
73.49, 1.151, -12.28
73.50, 1.150, -13.16
73.51, 1.149, -12.77
73.52, 1.148, -12.98
73.53, 1.147, -13.03
73.54, 1.146, -14.74
73.55, 1.145, -13.46
73.56, 1.144, -12.52
73.57, 1.143, -15.29
73.58, 1.142, -12.57
73.59, 1.141, -11.60
73.60, 1.140, -12.83
73.61, 1.139, -11.97
73.62, 1.138, -11.76
73.63, 1.137, -12.33
73.64, 1.136, -12.44
73.65, 1.135, -11.50
73.66, 1.134, -12.87
73.67, 1.133, -11.76
73.68, 1.132, -13.36
73.69, 1.131, -11.16
73.70, 1.130, -11.16
73.71, 1.129, -12.35
73.72, 1.128, -10.52
73.73, 1.127, -12.46
73.74, 1.126, -12.07
73.75, 1.125, -10.30
73.76, 1.124, -10.16
73.77, 1.123, -10.54
73.78, 1.122, -10.69
73.79, 1.121, -8.974
73.80, 1.120, -10.00
73.81, 1.119, -9.491
73.82, 1.118, -11.82
73.83, 1.117, -9.930
73.84, 1.116, -9.414
73.85, 1.115, -8.758
73.86, 1.114, -11.37
73.87, 1.113, -10.60
73.88, 1.112, -10.87
73.89, 1.111, -12.01
73.90, 1.110, -10.92
73.91, 1.109, -12.64
73.92, 1.108, -13.09
73.93, 1.107, -10.58
73.94, 1.106, -13.26
73.95, 1.105, -11.70
73.96, 1.104, -11.31
73.97, 1.103, -10.69
73.98, 1.102, -9.720
73.99, 1.101, -11.41
74.00, 1.100, -11.39
74.01, 1.099, -11.09
74.02, 1.098, -10.59
74.03, 1.097, -10.11
74.04, 1.096, -10.84
74.05, 1.095, -10.37
74.06, 1.094, -9.804
74.07, 1.093, -11.20
74.08, 1.092, -10.04
74.09, 1.091, -9.842
74.10, 1.090, -10.04
74.11, 1.089, -9.424
74.12, 1.088, -8.660
74.13, 1.087, -10.95
74.14, 1.086, -9.415
74.15, 1.085, -9.210
74.16, 1.084, -8.471
74.17, 1.083, -11.24
74.18, 1.082, -9.424
74.19, 1.081, -8.539
74.20, 1.080, -10.19
74.21, 1.079, -9.226
74.22, 1.078, -8.530
74.23, 1.077, -7.883
74.24, 1.076, -10.13
74.25, 1.075, -8.564
74.26, 1.074, -8.437
74.27, 1.073, -9.308
74.28, 1.072, -10.88
74.29, 1.071, -9.983
74.30, 1.070, -10.88
74.31, 1.069, -9.795
74.32, 1.068, -10.22
74.33, 1.067, -11.73
74.34, 1.066, -9.986
74.35, 1.065, -10.92
74.36, 1.064, -10.43
74.37, 1.063, -9.850
74.38, 1.062, -8.989
74.39, 1.061, -9.912
74.40, 1.060, -9.112
74.41, 1.059, -8.977
74.42, 1.058, -10.06
74.43, 1.057, -9.428
74.44, 1.056, -9.198
74.45, 1.055, -8.629
74.46, 1.054, -7.732
74.47, 1.053, -9.721
74.48, 1.052, -8.294
74.49, 1.051, -9.814
74.50, 1.050, -8.901
74.51, 1.049, -10.32
74.52, 1.048, -10.44
74.53, 1.047, -8.389
74.54, 1.046, -9.496
74.55, 1.045, -7.741
74.56, 1.044, -7.287
74.57, 1.043, -7.389
74.58, 1.042, -7.849
74.59, 1.041, -9.207
74.60, 1.040, -7.813
74.61, 1.039, -7.676
74.62, 1.038, -7.295
74.63, 1.037, -9.053
74.64, 1.036, -7.024
74.65, 1.035, -7.967
74.66, 1.034, -7.038
74.67, 1.033, -7.034
74.68, 1.032, -8.938
74.69, 1.031, -8.275
74.70, 1.030, -6.588
74.71, 1.029, -8.544
74.72, 1.028, -10.17
74.73, 1.027, -8.987
74.74, 1.026, -8.578
74.75, 1.025, -9.596
74.76, 1.024, -9.164
74.77, 1.023, -8.191
74.78, 1.022, -10.36
74.79, 1.021, -8.797
74.80, 1.020, -8.011
74.81, 1.019, -9.996
74.82, 1.018, -9.194
74.83, 1.017, -8.799
74.84, 1.016, -6.968
74.85, 1.015, -9.066
74.86, 1.014, -9.463
74.87, 1.013, -8.216
74.88, 1.012, -8.503
74.89, 1.011, -7.713
74.90, 1.010, -9.103
74.91, 1.009, -9.873
74.92, 1.008, -7.805
74.93, 1.007, -9.039
74.94, 1.006, -9.087
74.95, 1.005, -8.818
74.96, 1.004, -7.814
74.97, 1.003, -7.695
74.98, 1.002, -6.266
74.99, 1.001, -8.954
75.00, 1.000, -5.107
75.01, 0.9990, -5.867
75.02, 0.9980, -6.894
75.03, 0.9970, -8.201
75.04, 0.9960, -6.934
75.05, 0.9950, -8.704
75.06, 0.9940, -6.325
75.07, 0.9930, -8.019
75.08, 0.9920, -7.916
75.09, 0.9910, -7.529
75.10, 0.9900, -7.181
75.11, 0.9890, -7.434
75.12, 0.9880, -6.594
75.13, 0.9870, -7.473
75.14, 0.9860, -8.346
75.15, 0.9850, -6.920
75.16, 0.9840, -7.359
75.17, 0.9830, -10.05
75.18, 0.9820, -8.895
75.19, 0.9810, -7.632
75.20, 0.9800, -7.736
75.21, 0.9790, -8.891
75.22, 0.9780, -8.635
75.23, 0.9770, -9.814
75.24, 0.9760, -10.42
75.25, 0.9750, -8.855
75.26, 0.9740, -8.889
75.27, 0.9730, -8.972
75.28, 0.9720, -7.658
75.29, 0.9710, -8.395
75.30, 0.9700, -8.516
75.31, 0.9690, -7.532
75.32, 0.9680, -9.398
75.33, 0.9670, -7.627
75.34, 0.9660, -7.945
75.35, 0.9650, -7.779
75.36, 0.9640, -7.631
75.37, 0.9630, -7.859
75.38, 0.9620, -7.903
75.39, 0.9610, -7.237
75.40, 0.9600, -7.835
75.41, 0.9590, -7.748
75.42, 0.9580, -7.112
75.43, 0.9570, -7.650
75.44, 0.9560, -8.862
75.45, 0.9550, -9.066
75.46, 0.9540, -9.029
75.47, 0.9530, -8.961
75.48, 0.9520, -6.216
75.49, 0.9510, -6.938
75.50, 0.9500, -7.421
75.51, 0.9490, -7.514
75.52, 0.9480, -7.572
75.53, 0.9470, -8.168
75.54, 0.9460, -7.350
75.55, 0.9450, -6.660
75.56, 0.9440, -8.753
75.57, 0.9430, -8.363
75.58, 0.9420, -7.396
75.59, 0.9410, -8.287
75.60, 0.9400, -8.839
75.61, 0.9390, -7.374
75.62, 0.9380, -6.358
75.63, 0.9370, -7.683
75.64, 0.9360, -9.105
75.65, 0.9350, -7.380
75.66, 0.9340, -8.769
75.67, 0.9330, -7.236
75.68, 0.9320, -8.506
75.69, 0.9310, -7.283
75.70, 0.9300, -7.471
75.71, 0.9290, -7.871
75.72, 0.9280, -6.829
75.73, 0.9270, -7.572
75.74, 0.9260, -6.957
75.75, 0.9250, -6.680
75.76, 0.9240, -7.719
75.77, 0.9230, -7.794
75.78, 0.9220, -7.526
75.79, 0.9210, -9.071
75.80, 0.9200, -6.095
75.81, 0.9190, -7.376
75.82, 0.9180, -9.028
75.83, 0.9170, -6.617
75.84, 0.9160, -7.117
75.85, 0.9150, -9.328
75.86, 0.9140, -7.232
75.87, 0.9130, -6.251
75.88, 0.9120, -8.691
75.89, 0.9110, -7.812
75.90, 0.9100, -8.288
75.91, 0.9090, -7.548
75.92, 0.9080, -8.074
75.93, 0.9070, -6.387
75.94, 0.9060, -6.019
75.95, 0.9050, -7.251
75.96, 0.9040, -7.534
75.97, 0.9030, -7.623
75.98, 0.9020, -8.566
75.99, 0.9010, -8.282
76.00, 0.9000, -8.738
76.01, 0.8990, -7.316
76.02, 0.8980, -8.038
76.03, 0.8970, -8.088
76.04, 0.8960, -9.110
76.05, 0.8950, -7.892
76.06, 0.8940, -7.246
76.07, 0.8930, -9.197
76.08, 0.8920, -7.533
76.09, 0.8910, -8.019
76.10, 0.8900, -7.472
76.11, 0.8890, -8.688
76.12, 0.8880, -7.891
76.13, 0.8870, -7.402
76.14, 0.8860, -7.345
76.15, 0.8850, -7.101
76.16, 0.8840, -7.474
76.17, 0.8830, -8.445
76.18, 0.8820, -7.153
76.19, 0.8810, -7.937
76.20, 0.8800, -7.434
76.21, 0.8790, -8.249
76.22, 0.8780, -8.471
76.23, 0.8770, -7.074
76.24, 0.8760, -6.372
76.25, 0.8750, -5.888
76.26, 0.8740, -6.124
76.27, 0.8730, -8.033
76.28, 0.8720, -6.768
76.29, 0.8710, -6.011
76.30, 0.8700, -6.596
76.31, 0.8690, -7.217
76.32, 0.8680, -6.703
76.33, 0.8670, -5.753
76.34, 0.8660, -7.474
76.35, 0.8650, -7.871
76.36, 0.8640, -8.394
76.37, 0.8630, -6.344
76.38, 0.8620, -7.480
76.39, 0.8610, -8.283
76.40, 0.8600, -6.961
76.41, 0.8590, -7.111
76.42, 0.8580, -6.889
76.43, 0.8570, -7.820
76.44, 0.8560, -7.338
76.45, 0.8550, -6.663
76.46, 0.8540, -7.483
76.47, 0.8530, -8.064
76.48, 0.8520, -8.542
76.49, 0.8510, -7.234
76.50, 0.8500, -6.930
76.51, 0.8490, -7.008
76.52, 0.8480, -6.804
76.53, 0.8470, -7.861
76.54, 0.8460, -7.328
76.55, 0.8450, -8.187
76.56, 0.8440, -6.553
76.57, 0.8430, -7.304
76.58, 0.8420, -6.776
76.59, 0.8410, -6.100
76.60, 0.8400, -6.117
76.61, 0.8390, -7.321
76.62, 0.8380, -5.956
76.63, 0.8370, -6.413
76.64, 0.8360, -6.635
76.65, 0.8350, -6.784
76.66, 0.8340, -6.818
76.67, 0.8330, -7.497
76.68, 0.8320, -6.498
76.69, 0.8310, -6.465
76.70, 0.8300, -5.703
76.71, 0.8290, -6.227
76.72, 0.8280, -6.556
76.73, 0.8270, -6.840
76.74, 0.8260, -5.868
76.75, 0.8250, -6.636
76.76, 0.8240, -4.738
76.77, 0.8230, -7.018
76.78, 0.8220, -6.972
76.79, 0.8210, -5.247
76.80, 0.8200, -5.266
76.81, 0.8190, -6.061
76.82, 0.8180, -6.759
76.83, 0.8170, -5.899
76.84, 0.8160, -5.925
76.85, 0.8150, -6.862
76.86, 0.8140, -7.630
76.87, 0.8130, -6.600
76.88, 0.8120, -7.353
76.89, 0.8110, -6.369
76.90, 0.8100, -6.869
76.91, 0.8090, -6.292
76.92, 0.8080, -6.876
76.93, 0.8070, -6.224
76.94, 0.8060, -7.512
76.95, 0.8050, -5.764
76.96, 0.8040, -7.905
76.97, 0.8030, -6.289
76.98, 0.8020, -5.371
76.99, 0.8010, -6.832
77.00, 0.8000, -6.798
77.01, 0.7990, -5.210
77.02, 0.7980, -6.161
77.03, 0.7970, -6.851
77.04, 0.7960, -6.965
77.05, 0.7950, -5.979
77.06, 0.7940, -6.813
77.07, 0.7930, -4.930
77.08, 0.7920, -6.495
77.09, 0.7910, -6.839
77.10, 0.7900, -7.166
77.11, 0.7890, -5.062
77.12, 0.7880, -5.523
77.13, 0.7870, -5.383
77.14, 0.7860, -7.231
77.15, 0.7850, -6.752
77.16, 0.7840, -6.143
77.17, 0.7830, -5.167
77.18, 0.7820, -5.780
77.19, 0.7810, -6.773
77.20, 0.7800, -7.503
77.21, 0.7790, -6.219
77.22, 0.7780, -6.022
77.23, 0.7770, -5.881
77.24, 0.7760, -5.957
77.25, 0.7750, -8.481
77.26, 0.7740, -7.289
77.27, 0.7730, -6.769
77.28, 0.7720, -7.243
77.29, 0.7710, -7.002
77.30, 0.7700, -6.525
77.31, 0.7690, -8.005
77.32, 0.7680, -8.122
77.33, 0.7670, -10.05
77.34, 0.7660, -5.997
77.35, 0.7650, -8.757
77.36, 0.7640, -8.744
77.37, 0.7630, -7.756
77.38, 0.7620, -7.602
77.39, 0.7610, -7.767
77.40, 0.7600, -6.624
77.41, 0.7590, -7.358
77.42, 0.7580, -6.421
77.43, 0.7570, -8.072
77.44, 0.7560, -8.407
77.45, 0.7550, -7.811
77.46, 0.7540, -6.737
77.47, 0.7530, -6.307
77.48, 0.7520, -6.819
77.49, 0.7510, -7.494
77.50, 0.7500, -7.379
77.51, 0.7490, -6.914
77.52, 0.7480, -7.053
77.53, 0.7470, -7.298
77.54, 0.7460, -5.170
77.55, 0.7450, -7.260
77.56, 0.7440, -5.947
77.57, 0.7430, -5.707
77.58, 0.7420, -5.830
77.59, 0.7410, -8.035
77.60, 0.7400, -6.276
77.61, 0.7390, -5.835
77.62, 0.7380, -6.453
77.63, 0.7370, -6.332
77.64, 0.7360, -6.337
77.65, 0.7350, -7.309
77.66, 0.7340, -6.190
77.67, 0.7330, -6.263
77.68, 0.7320, -7.286
77.69, 0.7310, -6.382
77.70, 0.7300, -8.048
77.71, 0.7290, -7.928
77.72, 0.7280, -6.891
77.73, 0.7270, -7.330
77.74, 0.7260, -8.832
77.75, 0.7250, -7.655
77.76, 0.7240, -8.182
77.77, 0.7230, -8.320
77.78, 0.7220, -7.249
77.79, 0.7210, -6.080
77.80, 0.7200, -7.317
77.81, 0.7190, -7.464
77.82, 0.7180, -7.150
77.83, 0.7170, -7.878
77.84, 0.7160, -6.934
77.85, 0.7150, -5.462
77.86, 0.7140, -7.485
77.87, 0.7130, -7.139
77.88, 0.7120, -6.525
77.89, 0.7110, -7.364
77.90, 0.7100, -7.610
77.91, 0.7090, -7.065
77.92, 0.7080, -5.027
77.93, 0.7070, -6.870
77.94, 0.7060, -5.913
77.95, 0.7050, -7.209
77.96, 0.7040, -8.525
77.97, 0.7030, -5.500
77.98, 0.7020, -7.169
77.99, 0.7010, -6.133
78.00, 0.7000, -7.667
78.01, 0.6990, -6.200
78.02, 0.6980, -6.455
78.03, 0.6970, -6.704
78.04, 0.6960, -7.200
78.05, 0.6950, -6.158
78.06, 0.6940, -6.462
78.07, 0.6930, -6.855
78.08, 0.6920, -7.610
78.09, 0.6910, -7.421
78.10, 0.6900, -7.007
78.11, 0.6890, -8.379
78.12, 0.6880, -6.025
78.13, 0.6870, -7.093
78.14, 0.6860, -7.582
78.15, 0.6850, -7.578
78.16, 0.6840, -6.694
78.17, 0.6830, -7.487
78.18, 0.6820, -7.739
78.19, 0.6810, -8.002
78.20, 0.6800, -8.046
78.21, 0.6790, -5.512
78.22, 0.6780, -6.478
78.23, 0.6770, -6.977
78.24, 0.6760, -8.006
78.25, 0.6750, -7.890
78.26, 0.6740, -7.370
78.27, 0.6730, -7.962
78.28, 0.6720, -4.743
78.29, 0.6710, -7.864
78.30, 0.6700, -6.463
78.31, 0.6690, -6.820
78.32, 0.6680, -8.075
78.33, 0.6670, -7.781
78.34, 0.6660, -6.611
78.35, 0.6650, -6.581
78.36, 0.6640, -6.398
78.37, 0.6630, -6.187
78.38, 0.6620, -6.623
78.39, 0.6610, -7.587
78.40, 0.6600, -5.478
78.41, 0.6590, -7.550
78.42, 0.6580, -5.408
78.43, 0.6570, -7.123
78.44, 0.6560, -6.317
78.45, 0.6550, -5.442
78.46, 0.6540, -6.470
78.47, 0.6530, -7.080
78.48, 0.6520, -6.490
78.49, 0.6510, -5.694
78.50, 0.6500, -5.776
78.51, 0.6490, -6.635
78.52, 0.6480, -7.322
78.53, 0.6470, -7.275
78.54, 0.6460, -6.367
78.55, 0.6450, -6.642
78.56, 0.6440, -6.451
78.57, 0.6430, -7.417
78.58, 0.6420, -7.087
78.59, 0.6410, -6.720
78.60, 0.6400, -6.680
78.61, 0.6390, -7.667
78.62, 0.6380, -7.266
78.63, 0.6370, -6.542
78.64, 0.6360, -7.353
78.65, 0.6350, -7.845
78.66, 0.6340, -7.953
78.67, 0.6330, -6.268
78.68, 0.6320, -6.413
78.69, 0.6310, -6.061
78.70, 0.6300, -5.592
78.71, 0.6290, -7.105
78.72, 0.6280, -7.036
78.73, 0.6270, -6.022
78.74, 0.6260, -7.404
78.75, 0.6250, -6.395
78.76, 0.6240, -7.335
78.77, 0.6230, -7.127
78.78, 0.6220, -6.132
78.79, 0.6210, -4.694
78.80, 0.6200, -7.154
78.81, 0.6190, -6.467
78.82, 0.6180, -6.157
78.83, 0.6170, -7.615
78.84, 0.6160, -6.943
78.85, 0.6150, -6.023
78.86, 0.6140, -7.868
78.87, 0.6130, -7.170
78.88, 0.6120, -8.095
78.89, 0.6110, -6.893
78.90, 0.6100, -6.495
78.91, 0.6090, -5.993
78.92, 0.6080, -5.571
78.93, 0.6070, -7.170
78.94, 0.6060, -8.371
78.95, 0.6050, -6.913
78.96, 0.6040, -7.655
78.97, 0.6030, -6.991
78.98, 0.6020, -7.726
78.99, 0.6010, -8.978
79.00, 0.6000, -7.378
79.01, 0.5990, -7.319
79.02, 0.5980, -6.094
79.03, 0.5970, -6.693
79.04, 0.5960, -8.741
79.05, 0.5950, -5.741
79.06, 0.5940, -5.382
79.07, 0.5930, -7.236
79.08, 0.5920, -7.710
79.09, 0.5910, -7.144
79.10, 0.5900, -9.103
79.11, 0.5890, -7.568
79.12, 0.5880, -5.899
79.13, 0.5870, -7.660
79.14, 0.5860, -6.155
79.15, 0.5850, -5.883
79.16, 0.5840, -6.650
79.17, 0.5830, -7.681
79.18, 0.5820, -6.306
79.19, 0.5810, -8.606
79.20, 0.5800, -6.911
79.21, 0.5790, -4.995
79.22, 0.5780, -5.913
79.23, 0.5770, -7.703
79.24, 0.5760, -5.960
79.25, 0.5750, -7.211
79.26, 0.5740, -7.074
79.27, 0.5730, -7.482
79.28, 0.5720, -8.571
79.29, 0.5710, -8.344
79.30, 0.5700, -6.102
79.31, 0.5690, -6.873
79.32, 0.5680, -7.253
79.33, 0.5670, -6.001
79.34, 0.5660, -8.043
79.35, 0.5650, -7.396
79.36, 0.5640, -7.455
79.37, 0.5630, -5.322
79.38, 0.5620, -8.025
79.39, 0.5610, -7.439
79.40, 0.5600, -7.588
79.41, 0.5590, -9.013
79.42, 0.5580, -8.631
79.43, 0.5570, -7.744
79.44, 0.5560, -9.002
79.45, 0.5550, -8.407
79.46, 0.5540, -7.211
79.47, 0.5530, -7.068
79.48, 0.5520, -6.805
79.49, 0.5510, -6.720
79.50, 0.5500, -7.882
79.51, 0.5490, -6.643
79.52, 0.5480, -6.468
79.53, 0.5470, -7.520
79.54, 0.5460, -8.049
79.55, 0.5450, -7.096
79.56, 0.5440, -6.700
79.57, 0.5430, -7.004
79.58, 0.5420, -7.317
79.59, 0.5410, -6.836
79.60, 0.5400, -6.354
79.61, 0.5390, -8.174
79.62, 0.5380, -8.220
79.63, 0.5370, -6.617
79.64, 0.5360, -7.295
79.65, 0.5350, -6.160
79.66, 0.5340, -6.821
79.67, 0.5330, -8.449
79.68, 0.5320, -7.218
79.69, 0.5310, -7.022
79.70, 0.5300, -7.564
79.71, 0.5290, -6.337
79.72, 0.5280, -7.493
79.73, 0.5270, -6.256
79.74, 0.5260, -7.565
79.75, 0.5250, -6.183
79.76, 0.5240, -8.226
79.77, 0.5230, -7.399
79.78, 0.5220, -7.703
79.79, 0.5210, -7.758
79.80, 0.5200, -6.735
79.81, 0.5190, -6.375
79.82, 0.5180, -7.000
79.83, 0.5170, -7.720
79.84, 0.5160, -7.347
79.85, 0.5150, -8.228
79.86, 0.5140, -7.520
79.87, 0.5130, -7.264
79.88, 0.5120, -6.837
79.89, 0.5110, -7.427
79.90, 0.5100, -6.213
79.91, 0.5090, -7.508
79.92, 0.5080, -7.552
79.93, 0.5070, -6.671
79.94, 0.5060, -7.563
79.95, 0.5050, -7.764
79.96, 0.5040, -7.665
79.97, 0.5030, -7.231
79.98, 0.5020, -7.123
79.99, 0.5010, -7.306
80.00, 0.5000, -6.466
80.01, 0.4990, -7.569
80.02, 0.4980, -7.999
80.03, 0.4970, -6.964
80.04, 0.4960, -7.635
80.05, 0.4950, -6.512
80.06, 0.4940, -7.702
80.07, 0.4930, -7.217
80.08, 0.4920, -6.428
80.09, 0.4910, -6.792
80.10, 0.4900, -8.010
80.11, 0.4890, -7.217
80.12, 0.4880, -7.109
80.13, 0.4870, -7.636
80.14, 0.4860, -7.042
80.15, 0.4850, -6.801
80.16, 0.4840, -7.271
80.17, 0.4830, -7.056
80.18, 0.4820, -7.245
80.19, 0.4810, -6.470
80.20, 0.4800, -7.708
80.21, 0.4790, -8.070
80.22, 0.4780, -7.513
80.23, 0.4770, -7.140
80.24, 0.4760, -7.611
80.25, 0.4750, -8.788
80.26, 0.4740, -8.352
80.27, 0.4730, -7.915
80.28, 0.4720, -9.248
80.29, 0.4710, -9.029
80.30, 0.4700, -7.665
80.31, 0.4690, -7.277
80.32, 0.4680, -7.015
80.33, 0.4670, -9.054
80.34, 0.4660, -7.687
80.35, 0.4650, -7.876
80.36, 0.4640, -6.887
80.37, 0.4630, -6.624
80.38, 0.4620, -7.885
80.39, 0.4610, -8.383
80.40, 0.4600, -8.013
80.41, 0.4590, -7.537
80.42, 0.4580, -7.440
80.43, 0.4570, -7.180
80.44, 0.4560, -8.536
80.45, 0.4550, -6.924
80.46, 0.4540, -7.005
80.47, 0.4530, -7.690
80.48, 0.4520, -6.731
80.49, 0.4510, -7.998
80.50, 0.4500, -6.887
80.51, 0.4490, -8.337
80.52, 0.4480, -7.040
80.53, 0.4470, -6.682
80.54, 0.4460, -7.663
80.55, 0.4450, -7.055
80.56, 0.4440, -8.470
80.57, 0.4430, -7.429
80.58, 0.4420, -7.260
80.59, 0.4410, -7.410
80.60, 0.4400, -8.737
80.61, 0.4390, -8.863
80.62, 0.4380, -7.172
80.63, 0.4370, -7.798
80.64, 0.4360, -8.364
80.65, 0.4350, -8.517
80.66, 0.4340, -9.165
80.67, 0.4330, -9.665
80.68, 0.4320, -7.744
80.69, 0.4310, -8.988
80.70, 0.4300, -9.462
80.71, 0.4290, -8.743
80.72, 0.4280, -10.25
80.73, 0.4270, -9.944
80.74, 0.4260, -9.022
80.75, 0.4250, -9.082
80.76, 0.4240, -9.660
80.77, 0.4230, -7.462
80.78, 0.4220, -7.124
80.79, 0.4210, -8.096
80.80, 0.4200, -8.257
80.81, 0.4190, -8.797
80.82, 0.4180, -8.433
80.83, 0.4170, -8.419
80.84, 0.4160, -9.624
80.85, 0.4150, -7.447
80.86, 0.4140, -8.919
80.87, 0.4130, -8.695
80.88, 0.4120, -8.145
80.89, 0.4110, -9.279
80.90, 0.4100, -9.349
80.91, 0.4090, -9.559
80.92, 0.4080, -7.595
80.93, 0.4070, -8.436
80.94, 0.4060, -9.182
80.95, 0.4050, -8.503
80.96, 0.4040, -10.37
80.97, 0.4030, -8.061
80.98, 0.4020, -8.788
80.99, 0.4010, -8.527
81.00, 0.4000, -9.664
81.01, 0.3990, -9.952
81.02, 0.3980, -8.632
81.03, 0.3970, -10.42
81.04, 0.3960, -8.928
81.05, 0.3950, -9.400
81.06, 0.3940, -11.28
81.07, 0.3930, -12.17
81.08, 0.3920, -9.053
81.09, 0.3910, -10.55
81.10, 0.3900, -10.33
81.11, 0.3890, -11.43
81.12, 0.3880, -11.89
81.13, 0.3870, -10.97
81.14, 0.3860, -11.22
81.15, 0.3850, -11.80
81.16, 0.3840, -10.72
81.17, 0.3830, -11.39
81.18, 0.3820, -11.46
81.19, 0.3810, -12.31
81.20, 0.3800, -12.23
81.21, 0.3790, -10.71
81.22, 0.3780, -10.54
81.23, 0.3770, -11.66
81.24, 0.3760, -12.54
81.25, 0.3750, -10.44
81.26, 0.3740, -12.35
81.27, 0.3730, -11.37
81.28, 0.3720, -12.29
81.29, 0.3710, -11.05
81.30, 0.3700, -11.99
81.31, 0.3690, -11.19
81.32, 0.3680, -12.12
81.33, 0.3670, -11.62
81.34, 0.3660, -11.50
81.35, 0.3650, -12.02
81.36, 0.3640, -10.89
81.37, 0.3630, -11.58
81.38, 0.3620, -11.29
81.39, 0.3610, -11.23
81.40, 0.3600, -12.21
81.41, 0.3590, -12.58
81.42, 0.3580, -11.29
81.43, 0.3570, -12.66
81.44, 0.3560, -12.28
81.45, 0.3550, -12.02
81.46, 0.3540, -12.02
81.47, 0.3530, -12.78
81.48, 0.3520, -11.57
81.49, 0.3510, -12.28
81.50, 0.3500, -12.96
81.51, 0.3490, -12.88
81.52, 0.3480, -12.43
81.53, 0.3470, -11.95
81.54, 0.3460, -13.67
81.55, 0.3450, -13.37
81.56, 0.3440, -12.91
81.57, 0.3430, -13.47
81.58, 0.3420, -12.62
81.59, 0.3410, -12.28
81.60, 0.3400, -13.00
81.61, 0.3390, -11.57
81.62, 0.3380, -11.82
81.63, 0.3370, -12.88
81.64, 0.3360, -13.60
81.65, 0.3350, -13.78
81.66, 0.3340, -13.51
81.67, 0.3330, -12.68
81.68, 0.3320, -13.28
81.69, 0.3310, -11.81
81.70, 0.3300, -13.16
81.71, 0.3290, -13.20
81.72, 0.3280, -12.08
81.73, 0.3270, -11.88
81.74, 0.3260, -12.98
81.75, 0.3250, -11.17
81.76, 0.3240, -11.30
81.77, 0.3230, -12.41
81.78, 0.3220, -12.23
81.79, 0.3210, -12.54
81.80, 0.3200, -11.95
81.81, 0.3190, -11.00
81.82, 0.3180, -12.02
81.83, 0.3170, -13.02
81.84, 0.3160, -12.27
81.85, 0.3150, -12.92
81.86, 0.3140, -11.66
81.87, 0.3130, -11.85
81.88, 0.3120, -11.14
81.89, 0.3110, -11.75
81.90, 0.3100, -12.54
81.91, 0.3090, -11.98
81.92, 0.3080, -12.50
81.93, 0.3070, -12.82
81.94, 0.3060, -13.75
81.95, 0.3050, -12.67
81.96, 0.3040, -12.13
81.97, 0.3030, -13.21
81.98, 0.3020, -12.13
81.99, 0.3010, -11.84
82.00, 0.3000, -11.11
82.01, 0.2990, -14.37
82.02, 0.2980, -11.72
82.03, 0.2970, -12.01
82.04, 0.2960, -12.72
82.05, 0.2950, -11.67
82.06, 0.2940, -12.80
82.07, 0.2930, -11.16
82.08, 0.2920, -11.55
82.09, 0.2910, -12.85
82.10, 0.2900, -12.34
82.11, 0.2890, -11.38
82.12, 0.2880, -11.66
82.13, 0.2870, -12.41
82.14, 0.2860, -12.35
82.15, 0.2850, -12.18
82.16, 0.2840, -12.95
82.17, 0.2830, -11.79
82.18, 0.2820, -12.83
82.19, 0.2810, -12.42
82.20, 0.2800, -11.41
82.21, 0.2790, -11.87
82.22, 0.2780, -12.36
82.23, 0.2770, -10.20
82.24, 0.2760, -11.26
82.25, 0.2750, -11.63
82.26, 0.2740, -10.85
82.27, 0.2730, -11.34
82.28, 0.2720, -12.25
82.29, 0.2710, -12.28
82.30, 0.2700, -13.07
82.31, 0.2690, -13.50
82.32, 0.2680, -12.36
82.33, 0.2670, -12.29
82.34, 0.2660, -13.35
82.35, 0.2650, -12.79
82.36, 0.2640, -13.70
82.37, 0.2630, -12.05
82.38, 0.2620, -12.30
82.39, 0.2610, -11.82
82.40, 0.2600, -12.60
82.41, 0.2590, -13.05
82.42, 0.2580, -12.82
82.43, 0.2570, -13.29
82.44, 0.2560, -12.85
82.45, 0.2550, -12.26
82.46, 0.2540, -12.60
82.47, 0.2530, -13.62
82.48, 0.2520, -13.33
82.49, 0.2510, -11.27
82.50, 0.2500, -12.50
82.51, 0.2490, -11.42
82.52, 0.2480, -12.27
82.53, 0.2470, -12.40
82.54, 0.2460, -12.29
82.55, 0.2450, -12.28
82.56, 0.2440, -11.78
82.57, 0.2430, -11.13
82.58, 0.2420, -12.30
82.59, 0.2410, -13.24
82.60, 0.2400, -11.42
82.61, 0.2390, -13.05
82.62, 0.2380, -13.09
82.63, 0.2370, -11.40
82.64, 0.2360, -12.23
82.65, 0.2350, -12.25
82.66, 0.2340, -13.31
82.67, 0.2330, -12.48
82.68, 0.2320, -12.06
82.69, 0.2310, -12.23
82.70, 0.2300, -13.53
82.71, 0.2290, -12.29
82.72, 0.2280, -12.29
82.73, 0.2270, -12.55
82.74, 0.2260, -13.40
82.75, 0.2250, -12.65
82.76, 0.2240, -12.67
82.77, 0.2230, -11.43
82.78, 0.2220, -13.02
82.79, 0.2210, -13.05
82.80, 0.2200, -13.47
82.81, 0.2190, -12.34
82.82, 0.2180, -13.07
82.83, 0.2170, -11.92
82.84, 0.2160, -12.80
82.85, 0.2150, -11.35
82.86, 0.2140, -11.73
82.87, 0.2130, -11.48
82.88, 0.2120, -11.88
82.89, 0.2110, -12.27
82.90, 0.2100, -12.16
82.91, 0.2090, -12.77
82.92, 0.2080, -11.51
82.93, 0.2070, -11.57
82.94, 0.2060, -12.51
82.95, 0.2050, -13.00
82.96, 0.2040, -12.50
82.97, 0.2030, -12.46
82.98, 0.2020, -12.72
82.99, 0.2010, -11.95
83.00, 0.2000, -12.23
83.01, 0.1990, -11.63
83.02, 0.1980, -12.11
83.03, 0.1970, -11.09
83.04, 0.1960, -11.39
83.05, 0.1950, -12.33
83.06, 0.1940, -12.42
83.07, 0.1930, -11.48
83.08, 0.1920, -12.03
83.09, 0.1910, -12.38
83.10, 0.1900, -12.46
83.11, 0.1890, -12.76
83.12, 0.1880, -11.49
83.13, 0.1870, -13.00
83.14, 0.1860, -13.55
83.15, 0.1850, -12.01
83.16, 0.1840, -14.04
83.17, 0.1830, -12.92
83.18, 0.1820, -13.09
83.19, 0.1810, -12.34
83.20, 0.1800, -14.06
83.21, 0.1790, -14.17
83.22, 0.1780, -12.49
83.23, 0.1770, -12.43
83.24, 0.1760, -13.60
83.25, 0.1750, -13.18
83.26, 0.1740, -12.34
83.27, 0.1730, -13.45
83.28, 0.1720, -12.24
83.29, 0.1710, -14.08
83.30, 0.1700, -11.91
83.31, 0.1690, -11.65
83.32, 0.1680, -12.14
83.33, 0.1670, -12.17
83.34, 0.1660, -11.38
83.35, 0.1650, -11.95
83.36, 0.1640, -11.62
83.37, 0.1630, -12.09
83.38, 0.1620, -12.25
83.39, 0.1610, -12.45
83.40, 0.1600, -11.22
83.41, 0.1590, -11.59
83.42, 0.1580, -12.75
83.43, 0.1570, -11.38
83.44, 0.1560, -11.14
83.45, 0.1550, -12.61
83.46, 0.1540, -11.55
83.47, 0.1530, -11.85
83.48, 0.1520, -13.91
83.49, 0.1510, -12.92
83.50, 0.1500, -12.11
83.51, 0.1490, -12.31
83.52, 0.1480, -12.05
83.53, 0.1470, -13.00
83.54, 0.1460, -12.23
83.55, 0.1450, -12.91
83.56, 0.1440, -13.75
83.57, 0.1430, -13.39
83.58, 0.1420, -13.22
83.59, 0.1410, -12.41
83.60, 0.1400, -12.39
83.61, 0.1390, -12.54
83.62, 0.1380, -13.65
83.63, 0.1370, -12.35
83.64, 0.1360, -13.12
83.65, 0.1350, -12.07
83.66, 0.1340, -13.73
83.67, 0.1330, -12.94
83.68, 0.1320, -13.38
83.69, 0.1310, -11.92
83.70, 0.1300, -12.44
83.71, 0.1290, -11.78
83.72, 0.1280, -14.24
83.73, 0.1270, -12.43
83.74, 0.1260, -12.03
83.75, 0.1250, -12.72
83.76, 0.1240, -12.29
83.77, 0.1230, -12.37
83.78, 0.1220, -12.07
83.79, 0.1210, -12.48
83.80, 0.1200, -13.79
83.81, 0.1190, -13.02
83.82, 0.1180, -13.20
83.83, 0.1170, -12.52
83.84, 0.1160, -13.17
83.85, 0.1150, -12.09
83.86, 0.1140, -13.46
83.87, 0.1130, -13.51
83.88, 0.1120, -12.32
83.89, 0.1110, -12.28
83.90, 0.1100, -12.84
83.91, 0.1090, -12.95
83.92, 0.1080, -10.86
83.93, 0.1070, -11.58
83.94, 0.1060, -11.08
83.95, 0.1050, -13.80
83.96, 0.1040, -11.95
83.97, 0.1030, -12.00
83.98, 0.1020, -12.78
83.99, 0.1010, -13.10
84.00, 0.1000, -12.45
84.01, 0.09900, -12.72
84.02, 0.09800, -13.04
84.03, 0.09700, -12.95
84.04, 0.09600, -13.70
84.05, 0.09500, -13.73
84.06, 0.09400, -12.27
84.07, 0.09300, -12.69
84.08, 0.09200, -14.00
84.09, 0.09100, -13.76
84.10, 0.09000, -12.66
84.11, 0.08900, -14.82
84.12, 0.08800, -13.66
84.13, 0.08700, -13.44
84.14, 0.08600, -13.97
84.15, 0.08500, -12.31
84.16, 0.08400, -14.00
84.17, 0.08300, -12.85
84.18, 0.08200, -12.98
84.19, 0.08100, -14.09
84.20, 0.08000, -12.59
84.21, 0.07900, -12.78
84.22, 0.07800, -12.71
84.23, 0.07700, -12.30
84.24, 0.07600, -13.89
84.25, 0.07500, -12.85
84.26, 0.07400, -12.17
84.27, 0.07300, -12.11
84.28, 0.07200, -11.69
84.29, 0.07100, -13.82
84.30, 0.07000, -13.42
84.31, 0.06900, -13.20
84.32, 0.06800, -13.60
84.33, 0.06700, -13.00
84.34, 0.06600, -14.08
84.35, 0.06500, -13.29
84.36, 0.06400, -12.84
84.37, 0.06300, -12.47
84.38, 0.06200, -13.70
84.39, 0.06100, -13.29
84.40, 0.06000, -12.93
84.41, 0.05900, -13.32
84.42, 0.05800, -12.98
84.43, 0.05700, -14.01
84.44, 0.05600, -13.32
84.45, 0.05500, -13.42
84.46, 0.05400, -13.02
84.47, 0.05300, -13.39
84.48, 0.05200, -12.63
84.49, 0.05100, -12.93
84.50, 0.05000, -14.37
84.51, 0.04900, -14.14
84.52, 0.04800, -13.97
84.53, 0.04700, -12.21
84.54, 0.04600, -13.16
84.55, 0.04500, -13.51
84.56, 0.04400, -13.50
84.57, 0.04300, -12.73
84.58, 0.04200, -13.41
84.59, 0.04100, -12.95
84.60, 0.04000, -13.53
84.61, 0.03900, -12.67
84.62, 0.03800, -12.15
84.63, 0.03700, -13.72
84.64, 0.03600, -14.79
84.65, 0.03500, -14.00
84.66, 0.03400, -14.09
84.67, 0.03300, -12.77
84.68, 0.03200, -13.00
84.69, 0.03100, -13.79
84.70, 0.03000, -12.67
84.71, 0.02900, -13.45
84.72, 0.02800, -13.22
84.73, 0.02700, -12.57
84.74, 0.02600, -12.42
84.75, 0.02500, -11.81
84.76, 0.02400, -13.43
84.77, 0.02300, -12.54
84.78, 0.02200, -12.95
84.79, 0.02100, -13.11
84.80, 0.02000, -13.20
84.81, 0.01900, -14.99
84.82, 0.01800, -14.14
84.83, 0.01700, -13.58
84.84, 0.01600, -13.78
84.85, 0.01500, -14.98
84.86, 0.01400, -14.16
84.87, 0.01300, -13.90
84.88, 0.01200, -14.83
84.89, 0.01100, -14.40
84.90, 0.01000, -12.28
84.91, 0.009000, -13.79
84.92, 0.008000, -14.23
84.93, 0.007000, -13.17
84.94, 0.006000, -13.12
84.95, 0.005000, -13.64
84.96, 0.004000, -13.39
84.97, 0.003000, -14.01
84.98, 0.002000, -12.70
84.99, 0.001000, -14.84
85.00, 0.000, -11.20
