0.01000, -0.8000, -47.27
0.02000, -0.8000, -28.67
0.03000, -0.8000, -23.15
0.04000, -0.8000, -18.79
0.05000, -0.8000, -17.54
0.06000, -0.8000, -16.97
0.07000, -0.8000, -14.77
0.08000, -0.8000, -14.65
0.09000, -0.8000, -15.04
0.1000, -0.8000, -12.85
0.1100, -0.8000, -12.94
0.1200, -0.8000, -13.64
0.1300, -0.8000, -12.38
0.1400, -0.8000, -12.22
0.1500, -0.8000, -10.45
0.1600, -0.8000, -11.60
0.1700, -0.8000, -11.79
0.1800, -0.8000, -10.47
0.1900, -0.8000, -10.96
0.2000, -0.8000, -11.23
0.2100, -0.8000, -10.66
0.2200, -0.8000, -10.55
0.2300, -0.8000, -11.20
0.2400, -0.8000, -10.92
0.2500, -0.8000, -10.55
0.2600, -0.8000, -10.38
0.2700, -0.8000, -10.82
0.2800, -0.8000, -9.221
0.2900, -0.8000, -10.96
0.3000, -0.8000, -9.951
0.3100, -0.8000, -9.910
0.3200, -0.8000, -9.591
0.3300, -0.8000, -10.10
0.3400, -0.8000, -10.20
0.3500, -0.8000, -10.69
0.3600, -0.8000, -9.647
0.3700, -0.8000, -9.538
0.3800, -0.8000, -9.195
0.3900, -0.8000, -9.816
0.4000, -0.8000, -8.417
0.4100, -0.8000, -10.57
0.4200, -0.8000, -9.349
0.4300, -0.8000, -10.09
0.4400, -0.8000, -9.209
0.4500, -0.8000, -9.431
0.4600, -0.8000, -8.111
0.4700, -0.8000, -9.286
0.4800, -0.8000, -8.965
0.4900, -0.8000, -9.669
0.5000, -0.8000, -10.85
0.5100, -0.8000, -9.695
0.5200, -0.8000, -8.841
0.5300, -0.8000, -8.413
0.5400, -0.8000, -9.787
0.5500, -0.8000, -8.032
0.5600, -0.8000, -8.999
0.5700, -0.8000, -10.01
0.5800, -0.8000, -8.952
0.5900, -0.8000, -9.572
0.6000, -0.8000, -9.646
0.6100, -0.8000, -9.349
0.6200, -0.8000, -9.158
0.6300, -0.8000, -9.414
0.6400, -0.8000, -9.725
0.6500, -0.8000, -9.752
0.6600, -0.8000, -8.593
0.6700, -0.8000, -8.623
0.6800, -0.8000, -9.641
0.6900, -0.8000, -8.658
0.7000, -0.8000, -8.946
0.7100, -0.8000, -8.246
0.7200, -0.8000, -9.162
0.7300, -0.8000, -8.282
0.7400, -0.8000, -8.846
0.7500, -0.8000, -8.302
0.7600, -0.8000, -8.609
0.7700, -0.8000, -9.108
0.7800, -0.8000, -9.384
0.7900, -0.8000, -7.915
0.8000, -0.8000, -8.439
0.8100, -0.8000, -8.491
0.8200, -0.8000, -9.734
0.8300, -0.8000, -9.204
0.8400, -0.8000, -8.475
0.8500, -0.8000, -9.317
0.8600, -0.8000, -8.868
0.8700, -0.8000, -10.09
0.8800, -0.8000, -8.616
0.8900, -0.8000, -9.379
0.9000, -0.8000, -8.842
0.9100, -0.8000, -9.390
0.9200, -0.8000, -8.994
0.9300, -0.8000, -8.950
0.9400, -0.8000, -8.802
0.9500, -0.8000, -8.249
0.9600, -0.8000, -8.956
0.9700, -0.8000, -8.747
0.9800, -0.8000, -7.817
0.9900, -0.8000, -9.827
1.000, -0.8000, -8.304
1.010, -0.8000, -8.135
1.020, -0.8000, -8.194
1.030, -0.8000, -8.969
1.040, -0.8000, -8.492
1.050, -0.8000, -8.556
1.060, -0.8000, -9.279
1.070, -0.8000, -8.059
1.080, -0.8000, -9.162
1.090, -0.8000, -7.864
1.100, -0.8000, -8.851
1.110, -0.8000, -8.164
1.120, -0.8000, -8.939
1.130, -0.8000, -8.108
1.140, -0.8000, -8.677
1.150, -0.8000, -9.694
1.160, -0.8000, -8.622
1.170, -0.8000, -8.395
1.180, -0.8000, -7.670
1.190, -0.8000, -8.923
1.200, -0.8000, -8.266
1.210, -0.8000, -8.489
1.220, -0.8000, -9.047
1.230, -0.8000, -9.004
1.240, -0.8000, -7.509
1.250, -0.8000, -9.598
1.260, -0.8000, -7.382
1.270, -0.8000, -8.201
1.280, -0.8000, -8.838
1.290, -0.8000, -8.484
1.300, -0.8000, -8.772
1.310, -0.8000, -8.622
1.320, -0.8000, -9.031
1.330, -0.8000, -8.198
1.340, -0.8000, -8.570
1.350, -0.8000, -7.829
1.360, -0.8000, -7.711
1.370, -0.8000, -7.781
1.380, -0.8000, -9.410
1.390, -0.8000, -8.765
1.400, -0.8000, -7.600
1.410, -0.8000, -10.05
1.420, -0.8000, -8.824
1.430, -0.8000, -8.839
1.440, -0.8000, -8.699
1.450, -0.8000, -7.846
1.460, -0.8000, -8.253
1.470, -0.8000, -8.378
1.480, -0.8000, -8.318
1.490, -0.8000, -8.043
1.500, -0.8000, -7.557
1.510, -0.8000, -8.583
1.520, -0.8000, -8.595
1.530, -0.8000, -8.666
1.540, -0.8000, -7.598
1.550, -0.8000, -8.289
1.560, -0.8000, -7.139
1.570, -0.8000, -8.877
1.580, -0.8000, -8.632
1.590, -0.8000, -8.660
1.600, -0.8000, -8.006
1.610, -0.8000, -7.421
1.620, -0.8000, -7.666
1.630, -0.8000, -7.695
1.640, -0.8000, -8.104
1.650, -0.8000, -8.259
1.660, -0.8000, -8.375
1.670, -0.8000, -9.325
1.680, -0.8000, -7.615
1.690, -0.8000, -8.418
1.700, -0.8000, -9.808
1.710, -0.8000, -7.661
1.720, -0.8000, -7.427
1.730, -0.8000, -8.609
1.740, -0.8000, -8.683
1.750, -0.8000, -6.929
1.760, -0.8000, -9.072
1.770, -0.8000, -8.930
1.780, -0.8000, -8.284
1.790, -0.8000, -8.701
1.800, -0.8000, -7.677
1.810, -0.8000, -8.961
1.820, -0.8000, -8.566
1.830, -0.8000, -8.388
1.840, -0.8000, -8.248
1.850, -0.8000, -8.037
1.860, -0.8000, -8.740
1.870, -0.8000, -8.938
1.880, -0.8000, -7.912
1.890, -0.8000, -8.620
1.900, -0.8000, -8.194
1.910, -0.8000, -9.779
1.920, -0.8000, -7.379
1.930, -0.8000, -8.331
1.940, -0.8000, -7.087
1.950, -0.8000, -8.194
1.960, -0.8000, -8.058
1.970, -0.8000, -8.745
1.980, -0.8000, -7.544
1.990, -0.8000, -8.709
2.000, -0.8000, -7.845
2.010, -0.8000, -7.820
2.020, -0.8000, -7.699
2.030, -0.8000, -7.539
2.040, -0.8000, -8.598
2.050, -0.8000, -7.239
2.060, -0.8000, -7.838
2.070, -0.8000, -8.236
2.080, -0.8000, -8.001
2.090, -0.8000, -8.293
2.100, -0.8000, -7.174
2.110, -0.8000, -8.124
2.120, -0.8000, -9.135
2.130, -0.8000, -9.389
2.140, -0.8000, -8.656
2.150, -0.8000, -7.402
2.160, -0.8000, -8.775
2.170, -0.8000, -8.504
2.180, -0.8000, -8.020
2.190, -0.8000, -7.675
2.200, -0.8000, -7.885
2.210, -0.8000, -8.901
2.220, -0.8000, -7.676
2.230, -0.8000, -8.417
2.240, -0.8000, -7.531
2.250, -0.8000, -8.452
2.260, -0.8000, -7.664
2.270, -0.8000, -8.563
2.280, -0.8000, -7.930
2.290, -0.8000, -8.740
2.300, -0.8000, -7.889
2.310, -0.8000, -7.723
2.320, -0.8000, -7.950
2.330, -0.8000, -7.535
2.340, -0.8000, -8.421
2.350, -0.8000, -7.826
2.360, -0.8000, -8.373
2.370, -0.8000, -8.440
2.380, -0.8000, -8.816
2.390, -0.8000, -7.826
2.400, -0.8000, -8.345
2.410, -0.8000, -7.107
2.420, -0.8000, -8.179
2.430, -0.8000, -7.872
2.440, -0.8000, -7.643
2.450, -0.8000, -7.251
2.460, -0.8000, -8.551
2.470, -0.8000, -8.045
2.480, -0.8000, -7.987
2.490, -0.8000, -7.553
2.500, -0.8000, -8.942
2.510, -0.8000, -7.418
2.520, -0.8000, -7.922
2.530, -0.8000, -8.391
2.540, -0.8000, -7.336
2.550, -0.8000, -7.751
2.560, -0.8000, -7.926
2.570, -0.8000, -8.640
2.580, -0.8000, -7.812
2.590, -0.8000, -9.073
2.600, -0.8000, -8.479
2.610, -0.8000, -8.779
2.620, -0.8000, -9.010
2.630, -0.8000, -8.122
2.640, -0.8000, -7.444
2.650, -0.8000, -7.946
2.660, -0.8000, -8.501
2.670, -0.8000, -7.727
2.680, -0.8000, -8.167
2.690, -0.8000, -8.126
2.700, -0.8000, -8.425
2.710, -0.8000, -8.751
2.720, -0.8000, -8.380
2.730, -0.8000, -8.384
2.740, -0.8000, -8.543
2.750, -0.8000, -8.188
2.760, -0.8000, -7.729
2.770, -0.8000, -8.672
2.780, -0.8000, -7.010
2.790, -0.8000, -8.757
2.800, -0.8000, -7.811
2.810, -0.8000, -7.546
2.820, -0.8000, -7.999
2.830, -0.8000, -6.746
2.840, -0.8000, -7.853
2.850, -0.8000, -7.369
2.860, -0.8000, -8.238
2.870, -0.8000, -7.897
2.880, -0.8000, -7.360
2.890, -0.8000, -8.315
2.900, -0.8000, -7.949
2.910, -0.8000, -7.904
2.920, -0.8000, -8.395
2.930, -0.8000, -8.093
2.940, -0.8000, -8.204
2.950, -0.8000, -7.789
2.960, -0.8000, -7.798
2.970, -0.8000, -7.410
2.980, -0.8000, -7.515
2.990, -0.8000, -8.798
3.000, -0.8000, -7.644
3.010, -0.8000, -7.802
3.020, -0.8000, -8.331
3.030, -0.8000, -7.599
3.040, -0.8000, -9.386
3.050, -0.8000, -7.313
3.060, -0.8000, -7.823
3.070, -0.8000, -8.163
3.080, -0.8000, -8.302
3.090, -0.8000, -7.113
3.100, -0.8000, -8.332
3.110, -0.8000, -8.484
3.120, -0.8000, -6.740
3.130, -0.8000, -7.717
3.140, -0.8000, -7.970
3.150, -0.8000, -8.583
3.160, -0.8000, -7.229
3.170, -0.8000, -7.641
3.180, -0.8000, -8.035
3.190, -0.8000, -7.843
3.200, -0.8000, -8.355
3.210, -0.8000, -8.393
3.220, -0.8000, -7.768
3.230, -0.8000, -8.232
3.240, -0.8000, -7.845
3.250, -0.8000, -8.202
3.260, -0.8000, -7.989
3.270, -0.8000, -9.366
3.280, -0.8000, -7.997
3.290, -0.8000, -7.939
3.300, -0.8000, -7.257
3.310, -0.8000, -8.908
3.320, -0.8000, -7.787
3.330, -0.8000, -8.135
3.340, -0.8000, -6.814
3.350, -0.8000, -7.280
3.360, -0.8000, -8.054
3.370, -0.8000, -8.056
3.380, -0.8000, -6.990
3.390, -0.8000, -8.489
3.400, -0.8000, -7.245
3.410, -0.8000, -7.351
3.420, -0.8000, -7.113
3.430, -0.8000, -8.744
3.440, -0.8000, -7.793
3.450, -0.8000, -7.873
3.460, -0.8000, -7.014
3.470, -0.8000, -7.005
3.480, -0.8000, -8.229
3.490, -0.8000, -7.947
3.500, -0.8000, -7.413
3.510, -0.8000, -8.073
3.520, -0.8000, -7.007
3.530, -0.8000, -8.714
3.540, -0.8000, -8.646
3.550, -0.8000, -8.188
3.560, -0.8000, -7.996
3.570, -0.8000, -8.781
3.580, -0.8000, -7.672
3.590, -0.8000, -6.902
3.600, -0.8000, -8.131
3.610, -0.8000, -9.059
3.620, -0.8000, -7.914
3.630, -0.8000, -7.299
3.640, -0.8000, -7.308
3.650, -0.8000, -7.910
3.660, -0.8000, -8.094
3.670, -0.8000, -7.730
3.680, -0.8000, -8.299
3.690, -0.8000, -8.087
3.700, -0.8000, -7.833
3.710, -0.8000, -8.662
3.720, -0.8000, -8.381
3.730, -0.8000, -7.758
3.740, -0.8000, -7.846
3.750, -0.8000, -8.357
3.760, -0.8000, -7.749
3.770, -0.8000, -7.380
3.780, -0.8000, -7.634
3.790, -0.8000, -6.892
3.800, -0.8000, -7.981
3.810, -0.8000, -8.116
3.820, -0.8000, -7.566
3.830, -0.8000, -7.913
3.840, -0.8000, -6.925
3.850, -0.8000, -8.982
3.860, -0.8000, -7.594
3.870, -0.8000, -7.786
3.880, -0.8000, -7.235
3.890, -0.8000, -7.333
3.900, -0.8000, -7.100
3.910, -0.8000, -7.368
3.920, -0.8000, -7.614
3.930, -0.8000, -6.915
3.940, -0.8000, -7.235
3.950, -0.8000, -7.369
3.960, -0.8000, -8.034
3.970, -0.8000, -7.686
3.980, -0.8000, -7.100
3.990, -0.8000, -7.823
4.000, -0.8000, -8.406
4.010, -0.8000, -7.316
4.020, -0.8000, -8.120
4.030, -0.8000, -7.404
4.040, -0.8000, -8.332
4.050, -0.8000, -8.284
4.060, -0.8000, -7.512
4.070, -0.8000, -8.102
4.080, -0.8000, -6.603
4.090, -0.8000, -7.566
4.100, -0.8000, -7.471
4.110, -0.8000, -7.486
4.120, -0.8000, -6.628
4.130, -0.8000, -7.853
4.140, -0.8000, -8.716
4.150, -0.8000, -7.606
4.160, -0.8000, -9.687
4.170, -0.8000, -8.253
4.180, -0.8000, -7.862
4.190, -0.8000, -6.551
4.200, -0.8000, -8.163
4.210, -0.8000, -7.822
4.220, -0.8000, -6.681
4.230, -0.8000, -7.116
4.240, -0.8000, -7.026
4.250, -0.8000, -7.186
4.260, -0.8000, -6.732
4.270, -0.8000, -7.848
4.280, -0.8000, -7.899
4.290, -0.8000, -7.793
4.300, -0.8000, -8.074
4.310, -0.8000, -7.734
4.320, -0.8000, -7.286
4.330, -0.8000, -9.165
4.340, -0.8000, -7.296
4.350, -0.8000, -8.715
4.360, -0.8000, -8.282
4.370, -0.8000, -8.092
4.380, -0.8000, -7.286
4.390, -0.8000, -7.349
4.400, -0.8000, -7.857
4.410, -0.8000, -7.378
4.420, -0.8000, -7.403
4.430, -0.8000, -7.815
4.440, -0.8000, -7.558
4.450, -0.8000, -8.298
4.460, -0.8000, -7.000
4.470, -0.8000, -8.469
4.480, -0.8000, -6.708
4.490, -0.8000, -7.683
4.500, -0.8000, -7.299
4.510, -0.8000, -6.785
4.520, -0.8000, -8.259
4.530, -0.8000, -9.000
4.540, -0.8000, -7.145
4.550, -0.8000, -8.026
4.560, -0.8000, -6.708
4.570, -0.8000, -7.082
4.580, -0.8000, -8.445
4.590, -0.8000, -7.409
4.600, -0.8000, -7.699
4.610, -0.8000, -7.266
4.620, -0.8000, -7.371
4.630, -0.8000, -7.433
4.640, -0.8000, -9.044
4.650, -0.8000, -8.117
4.660, -0.8000, -7.462
4.670, -0.8000, -8.634
4.680, -0.8000, -7.165
4.690, -0.8000, -6.833
4.700, -0.8000, -7.024
4.710, -0.8000, -8.940
4.720, -0.8000, -7.516
4.730, -0.8000, -7.365
4.740, -0.8000, -7.608
4.750, -0.8000, -7.335
4.760, -0.8000, -7.504
4.770, -0.8000, -7.172
4.780, -0.8000, -7.493
4.790, -0.8000, -7.218
4.800, -0.8000, -8.288
4.810, -0.8000, -7.287
4.820, -0.8000, -8.076
4.830, -0.8000, -7.088
4.840, -0.8000, -7.670
4.850, -0.8000, -7.689
4.860, -0.8000, -7.574
4.870, -0.8000, -7.439
4.880, -0.8000, -7.139
4.890, -0.8000, -6.975
4.900, -0.8000, -7.225
4.910, -0.8000, -7.658
4.920, -0.8000, -8.014
4.930, -0.8000, -6.738
4.940, -0.8000, -7.857
4.950, -0.8000, -7.493
4.960, -0.8000, -7.835
4.970, -0.8000, -7.273
4.980, -0.8000, -7.657
4.990, -0.8000, -8.050
5.000, -0.8000, -7.153
5.010, -0.8000, -7.189
5.020, -0.8000, -7.135
5.030, -0.8000, -7.074
5.040, -0.8000, -7.707
5.050, -0.8000, -7.655
5.060, -0.8000, -7.684
5.070, -0.8000, -7.451
5.080, -0.8000, -8.521
5.090, -0.8000, -7.805
5.100, -0.8000, -8.859
5.110, -0.8000, -7.197
5.120, -0.8000, -8.503
5.130, -0.8000, -7.095
5.140, -0.8000, -7.383
5.150, -0.8000, -8.621
5.160, -0.8000, -7.610
5.170, -0.8000, -7.669
5.180, -0.8000, -7.580
5.190, -0.8000, -8.163
5.200, -0.8000, -8.563
5.210, -0.8000, -8.782
5.220, -0.8000, -8.358
5.230, -0.8000, -7.977
5.240, -0.8000, -7.756
5.250, -0.8000, -8.179
5.260, -0.8000, -7.877
5.270, -0.8000, -7.721
5.280, -0.8000, -7.780
5.290, -0.8000, -7.970
5.300, -0.8000, -7.105
5.310, -0.8000, -7.602
5.320, -0.8000, -8.673
5.330, -0.8000, -7.344
5.340, -0.8000, -7.505
5.350, -0.8000, -7.481
5.360, -0.8000, -8.200
5.370, -0.8000, -9.304
5.380, -0.8000, -8.552
5.390, -0.8000, -8.160
5.400, -0.8000, -7.054
5.410, -0.8000, -7.798
5.420, -0.8000, -7.173
5.430, -0.8000, -7.234
5.440, -0.8000, -8.166
5.450, -0.8000, -6.610
5.460, -0.8000, -7.262
5.470, -0.8000, -7.732
5.480, -0.8000, -7.615
5.490, -0.8000, -6.569
5.500, -0.8000, -7.324
5.510, -0.8000, -7.372
5.520, -0.8000, -7.709
5.530, -0.8000, -7.955
5.540, -0.8000, -7.244
5.550, -0.8000, -7.674
5.560, -0.8000, -7.186
5.570, -0.8000, -8.476
5.580, -0.8000, -7.832
5.590, -0.8000, -7.616
5.600, -0.8000, -7.524
5.610, -0.8000, -6.788
5.620, -0.8000, -7.559
5.630, -0.8000, -6.981
5.640, -0.8000, -8.976
5.650, -0.8000, -7.251
5.660, -0.8000, -8.247
5.670, -0.8000, -7.664
5.680, -0.8000, -8.039
5.690, -0.8000, -7.832
5.700, -0.8000, -7.767
5.710, -0.8000, -6.736
5.720, -0.8000, -8.006
5.730, -0.8000, -7.652
5.740, -0.8000, -7.878
5.750, -0.8000, -7.378
5.760, -0.8000, -8.374
5.770, -0.8000, -7.876
5.780, -0.8000, -8.310
5.790, -0.8000, -6.886
5.800, -0.8000, -8.167
5.810, -0.8000, -7.380
5.820, -0.8000, -7.881
5.830, -0.8000, -7.675
5.840, -0.8000, -6.543
5.850, -0.8000, -7.552
5.860, -0.8000, -7.702
5.870, -0.8000, -8.114
5.880, -0.8000, -7.263
5.890, -0.8000, -7.519
5.900, -0.8000, -7.310
5.910, -0.8000, -7.358
5.920, -0.8000, -8.275
5.930, -0.8000, -8.510
5.940, -0.8000, -8.638
5.950, -0.8000, -7.647
5.960, -0.8000, -8.754
5.970, -0.8000, -8.461
5.980, -0.8000, -8.647
5.990, -0.8000, -8.118
6.000, -0.8000, -7.537
6.010, -0.8000, -7.322
6.020, -0.8000, -7.356
6.030, -0.8000, -7.669
6.040, -0.8000, -6.906
6.050, -0.8000, -6.778
6.060, -0.8000, -7.208
6.070, -0.8000, -6.809
6.080, -0.8000, -7.102
6.090, -0.8000, -8.205
6.100, -0.8000, -7.559
6.110, -0.8000, -8.164
6.120, -0.8000, -7.734
6.130, -0.8000, -7.661
6.140, -0.8000, -7.838
6.150, -0.8000, -6.772
6.160, -0.8000, -8.117
6.170, -0.8000, -8.605
6.180, -0.8000, -8.648
6.190, -0.8000, -7.275
6.200, -0.8000, -8.095
6.210, -0.8000, -8.249
6.220, -0.8000, -9.334
6.230, -0.8000, -6.040
6.240, -0.8000, -8.385
6.250, -0.8000, -7.327
6.260, -0.8000, -7.791
6.270, -0.8000, -7.764
6.280, -0.8000, -7.883
6.290, -0.8000, -7.818
6.300, -0.8000, -8.206
6.310, -0.8000, -8.688
6.320, -0.8000, -7.304
6.330, -0.8000, -7.564
6.340, -0.8000, -7.790
6.350, -0.8000, -8.323
6.360, -0.8000, -7.213
6.370, -0.8000, -7.556
6.380, -0.8000, -7.729
6.390, -0.8000, -8.156
6.400, -0.8000, -8.445
6.410, -0.8000, -6.793
6.420, -0.8000, -8.762
6.430, -0.8000, -6.899
6.440, -0.8000, -7.359
6.450, -0.8000, -7.355
6.460, -0.8000, -7.178
6.470, -0.8000, -7.374
6.480, -0.8000, -7.054
6.490, -0.8000, -8.619
6.500, -0.8000, -7.754
6.510, -0.8000, -7.167
6.520, -0.8000, -8.214
6.530, -0.8000, -7.573
6.540, -0.8000, -7.857
6.550, -0.8000, -7.425
6.560, -0.8000, -6.589
6.570, -0.8000, -8.158
6.580, -0.8000, -7.414
6.590, -0.8000, -7.465
6.600, -0.8000, -8.296
6.610, -0.8000, -7.114
6.620, -0.8000, -8.435
6.630, -0.8000, -7.827
6.640, -0.8000, -8.746
6.650, -0.8000, -7.652
6.660, -0.8000, -8.012
6.670, -0.8000, -7.426
6.680, -0.8000, -7.594
6.690, -0.8000, -7.043
6.700, -0.8000, -7.171
6.710, -0.8000, -7.506
6.720, -0.8000, -7.220
6.730, -0.8000, -7.928
6.740, -0.8000, -8.854
6.750, -0.8000, -8.543
6.760, -0.8000, -8.780
6.770, -0.8000, -7.763
6.780, -0.8000, -9.150
6.790, -0.8000, -7.458
6.800, -0.8000, -8.050
6.810, -0.8000, -8.355
6.820, -0.8000, -7.319
6.830, -0.8000, -8.539
6.840, -0.8000, -6.693
6.850, -0.8000, -7.063
6.860, -0.8000, -7.304
6.870, -0.8000, -7.869
6.880, -0.8000, -7.817
6.890, -0.8000, -7.899
6.900, -0.8000, -7.441
6.910, -0.8000, -8.193
6.920, -0.8000, -7.742
6.930, -0.8000, -7.790
6.940, -0.8000, -8.522
6.950, -0.8000, -7.429
6.960, -0.8000, -7.919
6.970, -0.8000, -7.839
6.980, -0.8000, -8.715
6.990, -0.8000, -6.915
7.000, -0.8000, -7.629
7.010, -0.8000, -7.095
7.020, -0.8000, -8.729
7.030, -0.8000, -8.486
7.040, -0.8000, -7.936
7.050, -0.8000, -7.898
7.060, -0.8000, -8.792
7.070, -0.8000, -8.293
7.080, -0.8000, -8.733
7.090, -0.8000, -8.700
7.100, -0.8000, -7.555
7.110, -0.8000, -8.719
7.120, -0.8000, -8.726
7.130, -0.8000, -7.531
7.140, -0.8000, -7.286
7.150, -0.8000, -7.384
7.160, -0.8000, -7.557
7.170, -0.8000, -8.786
7.180, -0.8000, -8.865
7.190, -0.8000, -7.660
7.200, -0.8000, -8.647
7.210, -0.8000, -7.144
7.220, -0.8000, -7.579
7.230, -0.8000, -7.895
7.240, -0.8000, -7.242
7.250, -0.8000, -8.324
7.260, -0.8000, -7.527
7.270, -0.8000, -7.953
7.280, -0.8000, -8.479
7.290, -0.8000, -8.111
7.300, -0.8000, -8.431
7.310, -0.8000, -7.786
7.320, -0.8000, -7.435
7.330, -0.8000, -8.032
7.340, -0.8000, -8.478
7.350, -0.8000, -7.966
7.360, -0.8000, -7.881
7.370, -0.8000, -7.953
7.380, -0.8000, -8.710
7.390, -0.8000, -7.860
7.400, -0.8000, -8.343
7.410, -0.8000, -7.779
7.420, -0.8000, -7.233
7.430, -0.8000, -7.502
7.440, -0.8000, -7.512
7.450, -0.8000, -7.905
7.460, -0.8000, -8.032
7.470, -0.8000, -7.880
7.480, -0.8000, -8.208
7.490, -0.8000, -7.892
7.500, -0.8000, -7.690
7.510, -0.8000, -8.018
7.520, -0.8000, -7.113
7.530, -0.8000, -7.574
7.540, -0.8000, -8.341
7.550, -0.8000, -8.877
7.560, -0.8000, -8.179
7.570, -0.8000, -7.761
7.580, -0.8000, -7.704
7.590, -0.8000, -9.100
7.600, -0.8000, -9.497
7.610, -0.8000, -9.284
7.620, -0.8000, -7.287
7.630, -0.8000, -7.692
7.640, -0.8000, -7.963
7.650, -0.8000, -7.646
7.660, -0.8000, -8.170
7.670, -0.8000, -7.885
7.680, -0.8000, -8.352
7.690, -0.8000, -9.224
7.700, -0.8000, -7.773
7.710, -0.8000, -8.242
7.720, -0.8000, -7.506
7.730, -0.8000, -9.665
7.740, -0.8000, -7.810
7.750, -0.8000, -8.585
7.760, -0.8000, -7.036
7.770, -0.8000, -8.568
7.780, -0.8000, -7.795
7.790, -0.8000, -8.670
7.800, -0.8000, -7.041
7.810, -0.8000, -8.874
7.820, -0.8000, -7.010
7.830, -0.8000, -7.923
7.840, -0.8000, -9.227
7.850, -0.8000, -8.282
7.860, -0.8000, -8.876
7.870, -0.8000, -8.334
7.880, -0.8000, -8.278
7.890, -0.8000, -8.768
7.900, -0.8000, -7.965
7.910, -0.8000, -7.890
7.920, -0.8000, -7.691
7.930, -0.8000, -7.917
7.940, -0.8000, -7.526
7.950, -0.8000, -8.868
7.960, -0.8000, -7.683
7.970, -0.8000, -8.448
7.980, -0.8000, -8.239
7.990, -0.8000, -6.984
8.000, -0.8000, -8.112
8.010, -0.8000, -7.936
8.020, -0.8000, -9.263
8.030, -0.8000, -8.369
8.040, -0.8000, -8.270
8.050, -0.8000, -7.820
8.060, -0.8000, -7.612
8.070, -0.8000, -8.126
8.080, -0.8000, -7.594
8.090, -0.8000, -8.133
8.100, -0.8000, -7.049
8.110, -0.8000, -8.968
8.120, -0.8000, -8.398
8.130, -0.8000, -8.806
8.140, -0.8000, -8.866
8.150, -0.8000, -8.504
8.160, -0.8000, -9.432
8.170, -0.8000, -7.919
8.180, -0.8000, -8.274
8.190, -0.8000, -7.527
8.200, -0.8000, -7.774
8.210, -0.8000, -9.039
8.220, -0.8000, -7.982
8.230, -0.8000, -7.955
8.240, -0.8000, -7.727
8.250, -0.8000, -8.081
8.260, -0.8000, -7.679
8.270, -0.8000, -9.068
8.280, -0.8000, -7.145
8.290, -0.8000, -10.08
8.300, -0.8000, -8.280
8.310, -0.8000, -8.412
8.320, -0.8000, -7.769
8.330, -0.8000, -8.215
8.340, -0.8000, -7.737
8.350, -0.8000, -8.992
8.360, -0.8000, -8.129
8.370, -0.8000, -8.406
8.380, -0.8000, -8.075
8.390, -0.8000, -7.932
8.400, -0.8000, -8.526
8.410, -0.8000, -7.709
8.420, -0.8000, -8.100
8.430, -0.8000, -8.750
8.440, -0.8000, -8.404
8.450, -0.8000, -8.288
8.460, -0.8000, -7.754
8.470, -0.8000, -8.553
8.480, -0.8000, -7.024
8.490, -0.8000, -8.183
8.500, -0.8000, -8.594
8.510, -0.8000, -7.832
8.520, -0.8000, -8.161
8.530, -0.8000, -7.245
8.540, -0.8000, -7.421
8.550, -0.8000, -7.674
8.560, -0.8000, -7.975
8.570, -0.8000, -7.610
8.580, -0.8000, -9.000
8.590, -0.8000, -8.298
8.600, -0.8000, -8.211
8.610, -0.8000, -8.939
8.620, -0.8000, -7.712
8.630, -0.8000, -7.325
8.640, -0.8000, -8.856
8.650, -0.8000, -8.016
8.660, -0.8000, -8.398
8.670, -0.8000, -8.348
8.680, -0.8000, -8.115
8.690, -0.8000, -10.19
8.700, -0.8000, -7.911
8.710, -0.8000, -8.472
8.720, -0.8000, -8.197
8.730, -0.8000, -8.201
8.740, -0.8000, -8.423
8.750, -0.8000, -7.811
8.760, -0.8000, -8.509
8.770, -0.8000, -8.195
8.780, -0.8000, -9.665
8.790, -0.8000, -8.182
8.800, -0.8000, -8.693
8.810, -0.8000, -7.653
8.820, -0.8000, -8.545
8.830, -0.8000, -8.224
8.840, -0.8000, -9.334
8.850, -0.8000, -8.786
8.860, -0.8000, -9.113
8.870, -0.8000, -7.941
8.880, -0.8000, -8.654
8.890, -0.8000, -8.374
8.900, -0.8000, -8.067
8.910, -0.8000, -8.536
8.920, -0.8000, -8.552
8.930, -0.8000, -8.596
8.940, -0.8000, -9.285
8.950, -0.8000, -8.337
8.960, -0.8000, -8.410
8.970, -0.8000, -7.930
8.980, -0.8000, -8.495
8.990, -0.8000, -7.606
9.000, -0.8000, -8.537
9.010, -0.8000, -8.024
9.020, -0.8000, -8.656
9.030, -0.8000, -7.845
9.040, -0.8000, -8.014
9.050, -0.8000, -8.429
9.060, -0.8000, -8.428
9.070, -0.8000, -8.415
9.080, -0.8000, -8.962
9.090, -0.8000, -8.383
9.100, -0.8000, -8.857
9.110, -0.8000, -8.610
9.120, -0.8000, -8.697
9.130, -0.8000, -8.703
9.140, -0.8000, -9.494
9.150, -0.8000, -8.708
9.160, -0.8000, -8.417
9.170, -0.8000, -8.587
9.180, -0.8000, -8.557
9.190, -0.8000, -8.064
9.200, -0.8000, -9.819
9.210, -0.8000, -9.356
9.220, -0.8000, -9.268
9.230, -0.8000, -8.364
9.240, -0.8000, -7.996
9.250, -0.8000, -7.520
9.260, -0.8000, -8.950
9.270, -0.8000, -7.618
9.280, -0.8000, -9.171
9.290, -0.8000, -8.106
9.300, -0.8000, -9.146
9.310, -0.8000, -10.05
9.320, -0.8000, -8.837
9.330, -0.8000, -9.199
9.340, -0.8000, -8.254
9.350, -0.8000, -7.862
9.360, -0.8000, -8.038
9.370, -0.8000, -8.575
9.380, -0.8000, -7.849
9.390, -0.8000, -9.097
9.400, -0.8000, -9.453
9.410, -0.8000, -8.605
9.420, -0.8000, -7.750
9.430, -0.8000, -8.054
9.440, -0.8000, -8.017
9.450, -0.8000, -8.075
9.460, -0.8000, -8.423
9.470, -0.8000, -8.591
9.480, -0.8000, -8.879
9.490, -0.8000, -7.996
9.500, -0.8000, -8.919
9.510, -0.8000, -8.255
9.520, -0.8000, -8.253
9.530, -0.8000, -8.244
9.540, -0.8000, -8.623
9.550, -0.8000, -9.366
9.560, -0.8000, -8.008
9.570, -0.8000, -9.511
9.580, -0.8000, -9.472
9.590, -0.8000, -9.007
9.600, -0.8000, -8.480
9.610, -0.8000, -8.132
9.620, -0.8000, -8.345
9.630, -0.8000, -8.925
9.640, -0.8000, -8.354
9.650, -0.8000, -8.794
9.660, -0.8000, -8.539
9.670, -0.8000, -8.739
9.680, -0.8000, -8.622
9.690, -0.8000, -9.661
9.700, -0.8000, -9.522
9.710, -0.8000, -8.051
9.720, -0.8000, -8.925
9.730, -0.8000, -8.781
9.740, -0.8000, -8.330
9.750, -0.8000, -7.914
9.760, -0.8000, -8.516
9.770, -0.8000, -9.136
9.780, -0.8000, -7.861
9.790, -0.8000, -8.718
9.800, -0.8000, -7.548
9.810, -0.8000, -8.834
9.820, -0.8000, -7.490
9.830, -0.8000, -8.029
9.840, -0.8000, -7.308
9.850, -0.8000, -9.604
9.860, -0.8000, -9.657
9.870, -0.8000, -8.168
9.880, -0.8000, -9.034
9.890, -0.8000, -9.244
9.900, -0.8000, -7.664
9.910, -0.8000, -8.726
9.920, -0.8000, -8.669
9.930, -0.8000, -8.195
9.940, -0.8000, -8.790
9.950, -0.8000, -8.943
9.960, -0.8000, -8.189
9.970, -0.8000, -9.191
9.980, -0.8000, -9.379
9.990, -0.8000, -8.898
10.00, -0.8000, -8.066
10.01, -0.8000, -7.829
10.02, -0.8000, -8.251
10.03, -0.8000, -8.195
10.04, -0.8000, -8.336
10.05, -0.8000, -10.28
10.06, -0.8000, -8.771
10.07, -0.8000, -8.687
10.08, -0.8000, -9.355
10.09, -0.8000, -7.506
10.10, -0.8000, -9.339
10.11, -0.8000, -9.433
10.12, -0.8000, -8.732
10.13, -0.8000, -8.023
10.14, -0.8000, -8.998
10.15, -0.8000, -7.963
10.16, -0.8000, -8.578
10.17, -0.8000, -8.000
10.18, -0.8000, -8.337
10.19, -0.8000, -10.11
10.20, -0.8000, -7.845
10.21, -0.8000, -9.541
10.22, -0.8000, -8.768
10.23, -0.8000, -8.573
10.24, -0.8000, -9.377
10.25, -0.8000, -9.434
10.26, -0.8000, -9.102
10.27, -0.8000, -9.010
10.28, -0.8000, -9.284
10.29, -0.8000, -8.787
10.30, -0.8000, -8.754
10.31, -0.8000, -9.059
10.32, -0.8000, -9.225
10.33, -0.8000, -8.820
10.34, -0.8000, -8.630
10.35, -0.8000, -8.213
10.36, -0.8000, -8.255
10.37, -0.8000, -8.101
10.38, -0.8000, -8.702
10.39, -0.8000, -9.184
10.40, -0.8000, -9.184
10.41, -0.8000, -9.159
10.42, -0.8000, -8.686
10.43, -0.8000, -9.427
10.44, -0.8000, -8.376
10.45, -0.8000, -8.843
10.46, -0.8000, -9.160
10.47, -0.8000, -9.024
10.48, -0.8000, -9.447
10.49, -0.8000, -8.950
10.50, -0.8000, -9.556
10.51, -0.8000, -8.937
10.52, -0.8000, -8.677
10.53, -0.8000, -9.675
10.54, -0.8000, -8.829
10.55, -0.8000, -8.626
10.56, -0.8000, -8.808
10.57, -0.8000, -8.696
10.58, -0.8000, -9.737
10.59, -0.8000, -7.955
10.60, -0.8000, -8.899
10.61, -0.8000, -9.534
10.62, -0.8000, -8.569
10.63, -0.8000, -8.793
10.64, -0.8000, -8.686
10.65, -0.8000, -8.203
10.66, -0.8000, -9.010
10.67, -0.8000, -10.27
10.68, -0.8000, -8.823
10.69, -0.8000, -8.931
10.70, -0.8000, -9.095
10.71, -0.8000, -9.064
10.72, -0.8000, -7.884
10.73, -0.8000, -9.096
10.74, -0.8000, -8.640
10.75, -0.8000, -8.823
10.76, -0.8000, -9.118
10.77, -0.8000, -9.563
10.78, -0.8000, -8.792
10.79, -0.8000, -9.398
10.80, -0.8000, -8.858
10.81, -0.8000, -8.338
10.82, -0.8000, -8.305
10.83, -0.8000, -8.011
10.84, -0.8000, -9.069
10.85, -0.8000, -9.346
10.86, -0.8000, -9.203
10.87, -0.8000, -8.906
10.88, -0.8000, -9.050
10.89, -0.8000, -9.658
10.90, -0.8000, -8.037
10.91, -0.8000, -8.843
10.92, -0.8000, -9.197
10.93, -0.8000, -9.505
10.94, -0.8000, -9.695
10.95, -0.8000, -9.609
10.96, -0.8000, -8.898
10.97, -0.8000, -8.651
10.98, -0.8000, -8.881
10.99, -0.8000, -8.337
11.00, -0.8000, -8.528
11.01, -0.8000, -8.978
11.02, -0.8000, -8.917
11.03, -0.8000, -8.502
11.04, -0.8000, -8.772
11.05, -0.8000, -9.671
11.06, -0.8000, -9.383
11.07, -0.8000, -9.074
11.08, -0.8000, -8.494
11.09, -0.8000, -9.375
11.10, -0.8000, -8.584
11.11, -0.8000, -9.394
11.12, -0.8000, -9.063
11.13, -0.8000, -9.271
11.14, -0.8000, -9.167
11.15, -0.8000, -9.488
11.16, -0.8000, -9.875
11.17, -0.8000, -8.715
11.18, -0.8000, -9.460
11.19, -0.8000, -8.965
11.20, -0.8000, -8.905
11.21, -0.8000, -9.514
11.22, -0.8000, -9.032
11.23, -0.8000, -10.59
11.24, -0.8000, -9.063
11.25, -0.8000, -9.115
11.26, -0.8000, -8.682
11.27, -0.8000, -8.611
11.28, -0.8000, -9.701
11.29, -0.8000, -8.926
11.30, -0.8000, -7.977
11.31, -0.8000, -8.962
11.32, -0.8000, -8.713
11.33, -0.8000, -8.892
11.34, -0.8000, -7.601
11.35, -0.8000, -8.833
11.36, -0.8000, -9.274
11.37, -0.8000, -8.773
11.38, -0.8000, -9.194
11.39, -0.8000, -8.556
11.40, -0.8000, -9.820
11.41, -0.8000, -8.742
11.42, -0.8000, -9.165
11.43, -0.8000, -9.074
11.44, -0.8000, -8.508
11.45, -0.8000, -8.820
11.46, -0.8000, -9.075
11.47, -0.8000, -8.415
11.48, -0.8000, -8.850
11.49, -0.8000, -9.028
11.50, -0.8000, -8.477
11.51, -0.8000, -9.083
11.52, -0.8000, -9.990
11.53, -0.8000, -8.642
11.54, -0.8000, -11.08
11.55, -0.8000, -9.359
11.56, -0.8000, -9.485
11.57, -0.8000, -9.698
11.58, -0.8000, -9.098
11.59, -0.8000, -9.215
11.60, -0.8000, -10.05
11.61, -0.8000, -9.255
11.62, -0.8000, -9.000
11.63, -0.8000, -9.201
11.64, -0.8000, -8.189
11.65, -0.8000, -9.331
11.66, -0.8000, -9.058
11.67, -0.8000, -9.590
11.68, -0.8000, -9.219
11.69, -0.8000, -9.495
11.70, -0.8000, -9.863
11.71, -0.8000, -9.818
11.72, -0.8000, -8.514
11.73, -0.8000, -8.954
11.74, -0.8000, -9.333
11.75, -0.8000, -10.05
11.76, -0.8000, -9.219
11.77, -0.8000, -9.282
11.78, -0.8000, -10.32
11.79, -0.8000, -8.677
11.80, -0.8000, -9.752
11.81, -0.8000, -10.37
11.82, -0.8000, -9.262
11.83, -0.8000, -8.677
11.84, -0.8000, -9.868
11.85, -0.8000, -9.112
11.86, -0.8000, -9.837
11.87, -0.8000, -11.15
11.88, -0.8000, -8.184
11.89, -0.8000, -8.956
11.90, -0.8000, -9.708
11.91, -0.8000, -8.794
11.92, -0.8000, -9.890
11.93, -0.8000, -9.583
11.94, -0.8000, -7.934
11.95, -0.8000, -8.540
11.96, -0.8000, -9.808
11.97, -0.8000, -9.414
11.98, -0.8000, -9.401
11.99, -0.8000, -9.879
12.00, -0.8000, -8.850
12.01, -0.8000, -9.399
12.02, -0.8000, -8.959
12.03, -0.8000, -8.794
12.04, -0.8000, -9.024
12.05, -0.8000, -9.194
12.06, -0.8000, -11.12
12.07, -0.8000, -10.97
12.08, -0.8000, -10.20
12.09, -0.8000, -10.08
12.10, -0.8000, -9.069
12.11, -0.8000, -9.694
12.12, -0.8000, -10.84
12.13, -0.8000, -8.564
12.14, -0.8000, -9.393
12.15, -0.8000, -9.744
12.16, -0.8000, -9.254
12.17, -0.8000, -9.018
12.18, -0.8000, -9.889
12.19, -0.8000, -8.881
12.20, -0.8000, -9.163
12.21, -0.8000, -9.853
12.22, -0.8000, -9.762
12.23, -0.8000, -8.110
12.24, -0.8000, -9.925
12.25, -0.8000, -9.773
12.26, -0.8000, -9.584
12.27, -0.8000, -9.903
12.28, -0.8000, -10.01
12.29, -0.8000, -10.50
12.30, -0.8000, -9.542
12.31, -0.8000, -9.324
12.32, -0.8000, -8.661
12.33, -0.8000, -8.869
12.34, -0.8000, -9.203
12.35, -0.8000, -9.328
12.36, -0.8000, -9.230
12.37, -0.8000, -9.657
12.38, -0.8000, -8.362
12.39, -0.8000, -9.748
12.40, -0.8000, -8.931
12.41, -0.8000, -8.634
12.42, -0.8000, -9.102
12.43, -0.8000, -8.756
12.44, -0.8000, -9.858
12.45, -0.8000, -9.611
12.46, -0.8000, -10.00
12.47, -0.8000, -9.412
12.48, -0.8000, -9.442
12.49, -0.8000, -9.851
12.50, -0.8000, -9.058
12.51, -0.8000, -10.48
12.52, -0.8000, -9.000
12.53, -0.8000, -9.362
12.54, -0.8000, -9.090
12.55, -0.8000, -9.425
12.56, -0.8000, -10.13
12.57, -0.8000, -9.894
12.58, -0.8000, -9.126
12.59, -0.8000, -8.803
12.60, -0.8000, -10.17
12.61, -0.8000, -9.464
12.62, -0.8000, -9.182
12.63, -0.8000, -10.23
12.64, -0.8000, -10.51
12.65, -0.8000, -9.922
12.66, -0.8000, -9.924
12.67, -0.8000, -10.50
12.68, -0.8000, -9.419
12.69, -0.8000, -9.194
12.70, -0.8000, -9.390
12.71, -0.8000, -9.328
12.72, -0.8000, -10.14
12.73, -0.8000, -9.395
12.74, -0.8000, -8.729
12.75, -0.8000, -9.962
12.76, -0.8000, -9.959
12.77, -0.8000, -8.728
12.78, -0.8000, -9.264
12.79, -0.8000, -9.182
12.80, -0.8000, -9.938
12.81, -0.8000, -10.10
12.82, -0.8000, -9.389
12.83, -0.8000, -9.953
12.84, -0.8000, -9.849
12.85, -0.8000, -8.967
12.86, -0.8000, -9.430
12.87, -0.8000, -9.778
12.88, -0.8000, -9.229
12.89, -0.8000, -9.650
12.90, -0.8000, -9.068
12.91, -0.8000, -9.351
12.92, -0.8000, -11.12
12.93, -0.8000, -9.856
12.94, -0.8000, -9.789
12.95, -0.8000, -9.205
12.96, -0.8000, -9.955
12.97, -0.8000, -9.190
12.98, -0.8000, -10.06
12.99, -0.8000, -9.566
13.00, -0.8000, -10.36
13.01, -0.8000, -9.118
13.02, -0.8000, -9.444
13.03, -0.8000, -9.746
13.04, -0.8000, -8.649
13.05, -0.8000, -9.367
13.06, -0.8000, -9.244
13.07, -0.8000, -9.327
13.08, -0.8000, -9.510
13.09, -0.8000, -9.928
13.10, -0.8000, -9.087
13.11, -0.8000, -9.618
13.12, -0.8000, -10.01
13.13, -0.8000, -9.259
13.14, -0.8000, -10.99
13.15, -0.8000, -9.058
13.16, -0.8000, -10.11
13.17, -0.8000, -9.805
13.18, -0.8000, -9.567
13.19, -0.8000, -9.240
13.20, -0.8000, -10.04
13.21, -0.8000, -9.408
13.22, -0.8000, -8.805
13.23, -0.8000, -10.08
13.24, -0.8000, -11.01
13.25, -0.8000, -9.637
13.26, -0.8000, -10.04
13.27, -0.8000, -9.254
13.28, -0.8000, -9.790
13.29, -0.8000, -9.592
13.30, -0.8000, -10.29
13.31, -0.8000, -9.301
13.32, -0.8000, -10.89
13.33, -0.8000, -9.830
13.34, -0.8000, -10.73
13.35, -0.8000, -9.392
13.36, -0.8000, -10.81
13.37, -0.8000, -10.07
13.38, -0.8000, -8.785
13.39, -0.8000, -9.699
13.40, -0.8000, -9.921
13.41, -0.8000, -9.557
13.42, -0.8000, -9.390
13.43, -0.8000, -10.39
13.44, -0.8000, -9.889
13.45, -0.8000, -9.579
13.46, -0.8000, -8.643
13.47, -0.8000, -9.620
13.48, -0.8000, -10.14
13.49, -0.8000, -10.07
13.50, -0.8000, -9.733
13.51, -0.8000, -10.26
13.52, -0.8000, -10.21
13.53, -0.8000, -9.852
13.54, -0.8000, -10.35
13.55, -0.8000, -10.34
13.56, -0.8000, -9.914
13.57, -0.8000, -10.17
13.58, -0.8000, -9.592
13.59, -0.8000, -10.11
13.60, -0.8000, -9.639
13.61, -0.8000, -9.675
13.62, -0.8000, -10.81
13.63, -0.8000, -9.212
13.64, -0.8000, -9.248
13.65, -0.8000, -10.14
13.66, -0.8000, -10.52
13.67, -0.8000, -10.22
13.68, -0.8000, -10.51
13.69, -0.8000, -9.937
13.70, -0.8000, -10.59
13.71, -0.8000, -9.836
13.72, -0.8000, -9.216
13.73, -0.8000, -10.24
13.74, -0.8000, -9.552
13.75, -0.8000, -9.233
13.76, -0.8000, -9.402
13.77, -0.8000, -10.10
13.78, -0.8000, -10.01
13.79, -0.8000, -8.962
13.80, -0.8000, -8.740
13.81, -0.8000, -9.332
13.82, -0.8000, -9.951
13.83, -0.8000, -10.29
13.84, -0.8000, -10.12
13.85, -0.8000, -9.845
13.86, -0.8000, -10.94
13.87, -0.8000, -9.939
13.88, -0.8000, -9.944
13.89, -0.8000, -9.461
13.90, -0.8000, -9.280
13.91, -0.8000, -10.66
13.92, -0.8000, -10.50
13.93, -0.8000, -9.802
13.94, -0.8000, -9.292
13.95, -0.8000, -10.70
13.96, -0.8000, -10.53
13.97, -0.8000, -10.21
13.98, -0.8000, -9.325
13.99, -0.8000, -9.923
14.00, -0.8000, -9.063
14.01, -0.8000, -9.499
14.02, -0.8000, -9.608
14.03, -0.8000, -9.836
14.04, -0.8000, -10.27
14.05, -0.8000, -10.08
14.06, -0.8000, -9.930
14.07, -0.8000, -9.593
14.08, -0.8000, -10.48
14.09, -0.8000, -9.431
14.10, -0.8000, -9.455
14.11, -0.8000, -8.935
14.12, -0.8000, -10.14
14.13, -0.8000, -9.752
14.14, -0.8000, -11.30
14.15, -0.8000, -11.04
14.16, -0.8000, -9.386
14.17, -0.8000, -10.03
14.18, -0.8000, -9.804
14.19, -0.8000, -9.620
14.20, -0.8000, -10.03
14.21, -0.8000, -10.04
14.22, -0.8000, -10.21
14.23, -0.8000, -9.629
14.24, -0.8000, -9.978
14.25, -0.8000, -9.998
14.26, -0.8000, -10.26
14.27, -0.8000, -9.238
14.28, -0.8000, -10.27
14.29, -0.8000, -10.26
14.30, -0.8000, -10.32
14.31, -0.8000, -9.653
14.32, -0.8000, -9.908
14.33, -0.8000, -10.86
14.34, -0.8000, -9.877
14.35, -0.8000, -9.608
14.36, -0.8000, -9.630
14.37, -0.8000, -9.154
14.38, -0.8000, -10.52
14.39, -0.8000, -10.39
14.40, -0.8000, -9.940
14.41, -0.8000, -11.14
14.42, -0.8000, -9.283
14.43, -0.8000, -9.031
14.44, -0.8000, -10.62
14.45, -0.8000, -10.37
14.46, -0.8000, -10.49
14.47, -0.8000, -9.391
14.48, -0.8000, -9.399
14.49, -0.8000, -9.515
14.50, -0.8000, -10.44
14.51, -0.8000, -9.858
14.52, -0.8000, -9.912
14.53, -0.8000, -10.85
14.54, -0.8000, -9.752
14.55, -0.8000, -9.620
14.56, -0.8000, -9.593
14.57, -0.8000, -10.22
14.58, -0.8000, -10.73
14.59, -0.8000, -10.17
14.60, -0.8000, -9.786
14.61, -0.8000, -9.648
14.62, -0.8000, -9.557
14.63, -0.8000, -10.06
14.64, -0.8000, -9.921
14.65, -0.8000, -10.10
14.66, -0.8000, -10.58
14.67, -0.8000, -10.09
14.68, -0.8000, -9.301
14.69, -0.8000, -9.204
14.70, -0.8000, -10.17
14.71, -0.8000, -9.662
14.72, -0.8000, -10.14
14.73, -0.8000, -9.675
14.74, -0.8000, -10.15
14.75, -0.8000, -9.806
14.76, -0.8000, -9.908
14.77, -0.8000, -10.21
14.78, -0.8000, -9.596
14.79, -0.8000, -10.37
14.80, -0.8000, -10.80
14.81, -0.8000, -10.33
14.82, -0.8000, -10.50
14.83, -0.8000, -10.54
14.84, -0.8000, -10.12
14.85, -0.8000, -10.79
14.86, -0.8000, -10.54
14.87, -0.8000, -10.28
14.88, -0.8000, -9.979
14.89, -0.8000, -9.764
14.90, -0.8000, -8.977
14.91, -0.8000, -9.689
14.92, -0.8000, -9.811
14.93, -0.8000, -8.966
14.94, -0.8000, -9.829
14.95, -0.8000, -9.619
14.96, -0.8000, -10.30
14.97, -0.8000, -9.289
14.98, -0.8000, -10.32
14.99, -0.8000, -10.16
15.00, -0.8000, -10.65
15.01, -0.8000, -9.261
15.02, -0.8000, -9.492
15.03, -0.8000, -10.08
15.04, -0.8000, -8.863
15.05, -0.8000, -9.987
15.06, -0.8000, -9.912
15.07, -0.8000, -9.976
15.08, -0.8000, -10.33
15.09, -0.8000, -11.03
15.10, -0.8000, -10.99
15.11, -0.8000, -9.196
15.12, -0.8000, -9.876
15.13, -0.8000, -9.543
15.14, -0.8000, -10.21
15.15, -0.8000, -10.86
15.16, -0.8000, -9.205
15.17, -0.8000, -10.57
15.18, -0.8000, -10.33
15.19, -0.8000, -9.260
15.20, -0.8000, -10.15
15.21, -0.8000, -10.51
15.22, -0.8000, -9.963
15.23, -0.8000, -10.78
15.24, -0.8000, -9.642
15.25, -0.8000, -9.582
15.26, -0.8000, -10.22
15.27, -0.8000, -10.28
15.28, -0.8000, -10.73
15.29, -0.8000, -9.954
15.30, -0.8000, -9.997
15.31, -0.8000, -10.02
15.32, -0.8000, -9.913
15.33, -0.8000, -9.872
15.34, -0.8000, -10.10
15.35, -0.8000, -9.776
15.36, -0.8000, -10.67
15.37, -0.8000, -10.62
15.38, -0.8000, -9.289
15.39, -0.8000, -9.230
15.40, -0.8000, -10.58
15.41, -0.8000, -9.846
15.42, -0.8000, -11.30
15.43, -0.8000, -9.838
15.44, -0.8000, -10.92
15.45, -0.8000, -9.358
15.46, -0.8000, -9.359
15.47, -0.8000, -10.85
15.48, -0.8000, -10.87
15.49, -0.8000, -9.943
15.50, -0.8000, -10.92
15.51, -0.8000, -11.49
15.52, -0.8000, -9.670
15.53, -0.8000, -10.35
15.54, -0.8000, -11.39
15.55, -0.8000, -9.619
15.56, -0.8000, -9.727
15.57, -0.8000, -9.220
15.58, -0.8000, -9.921
15.59, -0.8000, -8.986
15.60, -0.8000, -9.925
15.61, -0.8000, -9.463
15.62, -0.8000, -11.09
15.63, -0.8000, -9.820
15.64, -0.8000, -9.502
15.65, -0.8000, -10.33
15.66, -0.8000, -10.72
15.67, -0.8000, -10.84
15.68, -0.8000, -9.294
15.69, -0.8000, -10.10
15.70, -0.8000, -9.248
15.71, -0.8000, -8.995
15.72, -0.8000, -8.671
15.73, -0.8000, -10.18
15.74, -0.8000, -9.451
15.75, -0.8000, -10.96
15.76, -0.8000, -10.90
15.77, -0.8000, -9.892
15.78, -0.8000, -10.79
15.79, -0.8000, -9.356
15.80, -0.8000, -9.329
15.81, -0.8000, -9.287
15.82, -0.8000, -9.956
15.83, -0.8000, -9.850
15.84, -0.8000, -9.945
15.85, -0.8000, -9.979
15.86, -0.8000, -9.840
15.87, -0.8000, -8.939
15.88, -0.8000, -10.14
15.89, -0.8000, -9.174
15.90, -0.8000, -9.430
15.91, -0.8000, -9.403
15.92, -0.8000, -11.73
15.93, -0.8000, -11.01
15.94, -0.8000, -10.32
15.95, -0.8000, -9.742
15.96, -0.8000, -11.38
15.97, -0.8000, -9.907
15.98, -0.8000, -10.36
15.99, -0.8000, -9.230
16.00, -0.8000, -9.922
16.01, -0.8000, -9.118
16.02, -0.8000, -9.948
16.03, -0.8000, -9.644
16.04, -0.8000, -10.65
16.05, -0.8000, -9.497
16.06, -0.8000, -9.479
16.07, -0.8000, -9.991
16.08, -0.8000, -9.271
16.09, -0.8000, -9.467
16.10, -0.8000, -9.600
16.11, -0.8000, -9.390
16.12, -0.8000, -12.07
16.13, -0.8000, -10.33
16.14, -0.8000, -9.855
16.15, -0.8000, -9.741
16.16, -0.8000, -9.892
16.17, -0.8000, -9.881
16.18, -0.8000, -10.34
16.19, -0.8000, -9.956
16.20, -0.8000, -10.49
16.21, -0.8000, -9.375
16.22, -0.8000, -8.847
16.23, -0.8000, -9.817
16.24, -0.8000, -10.51
16.25, -0.8000, -10.18
16.26, -0.8000, -9.547
16.27, -0.8000, -9.562
16.28, -0.8000, -9.842
16.29, -0.8000, -8.979
16.30, -0.8000, -10.48
16.31, -0.8000, -10.20
16.32, -0.8000, -9.976
16.33, -0.8000, -9.425
16.34, -0.8000, -10.94
16.35, -0.8000, -9.107
16.36, -0.8000, -9.772
16.37, -0.8000, -9.786
16.38, -0.8000, -9.764
16.39, -0.8000, -9.622
16.40, -0.8000, -10.26
16.41, -0.8000, -11.03
16.42, -0.8000, -10.15
16.43, -0.8000, -10.76
16.44, -0.8000, -9.084
16.45, -0.8000, -10.26
16.46, -0.8000, -9.044
16.47, -0.8000, -10.38
16.48, -0.8000, -10.27
16.49, -0.8000, -10.15
16.50, -0.8000, -10.35
16.51, -0.8000, -10.06
16.52, -0.8000, -10.16
16.53, -0.8000, -10.86
16.54, -0.8000, -11.43
16.55, -0.8000, -9.978
16.56, -0.8000, -9.917
16.57, -0.8000, -9.606
16.58, -0.8000, -9.444
16.59, -0.8000, -10.53
16.60, -0.8000, -10.21
16.61, -0.8000, -10.04
16.62, -0.8000, -10.82
16.63, -0.8000, -11.50
16.64, -0.8000, -9.080
16.65, -0.8000, -9.172
16.66, -0.8000, -9.913
16.67, -0.8000, -10.22
16.68, -0.8000, -9.272
16.69, -0.8000, -9.919
16.70, -0.8000, -9.540
16.71, -0.8000, -9.864
16.72, -0.8000, -9.777
16.73, -0.8000, -9.708
16.74, -0.8000, -9.650
16.75, -0.8000, -9.997
16.76, -0.8000, -10.41
16.77, -0.8000, -10.47
16.78, -0.8000, -10.26
16.79, -0.8000, -8.916
16.80, -0.8000, -9.703
16.81, -0.8000, -9.847
16.82, -0.8000, -10.69
16.83, -0.8000, -10.16
16.84, -0.8000, -9.505
16.85, -0.8000, -9.827
16.86, -0.8000, -9.426
16.87, -0.8000, -9.641
16.88, -0.8000, -9.841
16.89, -0.8000, -9.968
16.90, -0.8000, -9.692
16.91, -0.8000, -9.988
16.92, -0.8000, -9.785
16.93, -0.8000, -9.747
16.94, -0.8000, -10.17
16.95, -0.8000, -9.334
16.96, -0.8000, -10.12
16.97, -0.8000, -10.44
16.98, -0.8000, -10.04
16.99, -0.8000, -9.811
17.00, -0.8000, -10.06
17.01, -0.8000, -10.58
17.02, -0.8000, -11.25
17.03, -0.8000, -10.52
17.04, -0.8000, -10.53
17.05, -0.8000, -10.37
17.06, -0.8000, -10.64
17.07, -0.8000, -9.545
17.08, -0.8000, -9.306
17.09, -0.8000, -10.11
17.10, -0.8000, -10.17
17.11, -0.8000, -9.189
17.12, -0.8000, -9.943
17.13, -0.8000, -10.88
17.14, -0.8000, -11.66
17.15, -0.8000, -9.937
17.16, -0.8000, -9.909
17.17, -0.8000, -8.780
17.18, -0.8000, -10.64
17.19, -0.8000, -9.500
17.20, -0.8000, -10.63
17.21, -0.8000, -10.76
17.22, -0.8000, -11.32
17.23, -0.8000, -10.36
17.24, -0.8000, -10.25
17.25, -0.8000, -9.881
17.26, -0.8000, -10.67
17.27, -0.8000, -10.08
17.28, -0.8000, -10.29
17.29, -0.8000, -9.553
17.30, -0.8000, -10.73
17.31, -0.8000, -9.632
17.32, -0.8000, -11.86
17.33, -0.8000, -9.692
17.34, -0.8000, -10.53
17.35, -0.8000, -10.02
17.36, -0.8000, -10.08
17.37, -0.8000, -8.930
17.38, -0.8000, -11.41
17.39, -0.8000, -9.734
17.40, -0.8000, -9.874
17.41, -0.8000, -10.34
17.42, -0.8000, -11.46
17.43, -0.8000, -10.65
17.44, -0.8000, -10.27
17.45, -0.8000, -10.61
17.46, -0.8000, -10.60
17.47, -0.8000, -9.727
17.48, -0.8000, -9.461
17.49, -0.8000, -10.19
17.50, -0.8000, -9.773
17.51, -0.8000, -10.73
17.52, -0.8000, -10.63
17.53, -0.8000, -10.05
17.54, -0.8000, -10.07
17.55, -0.8000, -11.04
17.56, -0.8000, -9.655
17.57, -0.8000, -9.831
17.58, -0.8000, -10.37
17.59, -0.8000, -9.504
17.60, -0.8000, -10.18
17.61, -0.8000, -11.41
17.62, -0.8000, -10.36
17.63, -0.8000, -10.50
17.64, -0.8000, -9.832
17.65, -0.8000, -10.26
17.66, -0.8000, -9.541
17.67, -0.8000, -9.815
17.68, -0.8000, -9.743
17.69, -0.8000, -9.584
17.70, -0.8000, -9.836
17.71, -0.8000, -10.35
17.72, -0.8000, -11.55
17.73, -0.8000, -9.558
17.74, -0.8000, -10.35
17.75, -0.8000, -10.01
17.76, -0.8000, -9.720
17.77, -0.8000, -10.28
17.78, -0.8000, -9.236
17.79, -0.8000, -10.20
17.80, -0.8000, -9.575
17.81, -0.8000, -9.710
17.82, -0.8000, -11.25
17.83, -0.8000, -8.804
17.84, -0.8000, -10.06
17.85, -0.8000, -9.438
17.86, -0.8000, -10.65
17.87, -0.8000, -9.946
17.88, -0.8000, -10.99
17.89, -0.8000, -10.68
17.90, -0.8000, -10.10
17.91, -0.8000, -10.27
17.92, -0.8000, -10.10
17.93, -0.8000, -10.13
17.94, -0.8000, -10.82
17.95, -0.8000, -9.252
17.96, -0.8000, -9.695
17.97, -0.8000, -9.061
17.98, -0.8000, -9.701
17.99, -0.8000, -9.492
18.00, -0.8000, -8.686
18.01, -0.8000, -9.388
18.02, -0.8000, -9.273
18.03, -0.8000, -10.68
18.04, -0.8000, -9.777
18.05, -0.8000, -10.32
18.06, -0.8000, -9.701
18.07, -0.8000, -10.28
18.08, -0.8000, -9.677
18.09, -0.8000, -10.16
18.10, -0.8000, -10.04
18.11, -0.8000, -9.232
18.12, -0.8000, -9.973
18.13, -0.8000, -9.578
18.14, -0.8000, -10.27
18.15, -0.8000, -10.30
18.16, -0.8000, -10.33
18.17, -0.8000, -10.20
18.18, -0.8000, -9.608
18.19, -0.8000, -9.677
18.20, -0.8000, -12.10
18.21, -0.8000, -10.61
18.22, -0.8000, -10.30
18.23, -0.8000, -10.33
18.24, -0.8000, -9.914
18.25, -0.8000, -8.524
18.26, -0.8000, -11.29
18.27, -0.8000, -9.802
18.28, -0.8000, -10.60
18.29, -0.8000, -9.223
18.30, -0.8000, -9.313
18.31, -0.8000, -9.596
18.32, -0.8000, -9.974
18.33, -0.8000, -9.438
18.34, -0.8000, -9.743
18.35, -0.8000, -9.920
18.36, -0.8000, -8.650
18.37, -0.8000, -9.853
18.38, -0.8000, -10.31
18.39, -0.8000, -9.596
18.40, -0.8000, -9.698
18.41, -0.8000, -10.38
18.42, -0.8000, -10.58
18.43, -0.8000, -10.07
18.44, -0.8000, -10.11
18.45, -0.8000, -9.673
18.46, -0.8000, -9.775
18.47, -0.8000, -10.22
18.48, -0.8000, -10.97
18.49, -0.8000, -9.724
18.50, -0.8000, -10.46
18.51, -0.8000, -10.70
18.52, -0.8000, -9.992
18.53, -0.8000, -9.638
18.54, -0.8000, -9.856
18.55, -0.8000, -9.744
18.56, -0.8000, -9.786
18.57, -0.8000, -8.871
18.58, -0.8000, -10.14
18.59, -0.8000, -9.240
18.60, -0.8000, -10.21
18.61, -0.8000, -10.26
18.62, -0.8000, -10.52
18.63, -0.8000, -9.572
18.64, -0.8000, -10.38
18.65, -0.8000, -10.63
18.66, -0.8000, -10.21
18.67, -0.8000, -11.73
18.68, -0.8000, -9.813
18.69, -0.8000, -10.61
18.70, -0.8000, -10.53
18.71, -0.8000, -10.19
18.72, -0.8000, -9.667
18.73, -0.8000, -10.56
18.74, -0.8000, -9.967
18.75, -0.8000, -9.764
18.76, -0.8000, -9.985
18.77, -0.8000, -9.313
18.78, -0.8000, -8.892
18.79, -0.8000, -10.72
18.80, -0.8000, -10.45
18.81, -0.8000, -9.408
18.82, -0.8000, -9.707
18.83, -0.8000, -9.199
18.84, -0.8000, -9.440
18.85, -0.8000, -10.52
18.86, -0.8000, -9.563
18.87, -0.8000, -9.960
18.88, -0.8000, -9.538
18.89, -0.8000, -9.210
18.90, -0.8000, -10.66
18.91, -0.8000, -10.46
18.92, -0.8000, -9.207
18.93, -0.8000, -10.01
18.94, -0.8000, -9.209
18.95, -0.8000, -9.763
18.96, -0.8000, -9.924
18.97, -0.8000, -9.831
18.98, -0.8000, -10.57
18.99, -0.8000, -9.962
19.00, -0.8000, -9.630
19.01, -0.8000, -9.666
19.02, -0.8000, -9.531
19.03, -0.8000, -9.751
19.04, -0.8000, -9.587
19.05, -0.8000, -8.596
19.06, -0.8000, -9.832
19.07, -0.8000, -10.16
19.08, -0.8000, -9.663
19.09, -0.8000, -8.490
19.10, -0.8000, -9.924
19.11, -0.8000, -9.307
19.12, -0.8000, -9.971
19.13, -0.8000, -9.547
19.14, -0.8000, -10.58
19.15, -0.8000, -9.334
19.16, -0.8000, -10.11
19.17, -0.8000, -10.55
19.18, -0.8000, -9.263
19.19, -0.8000, -9.340
19.20, -0.8000, -9.196
19.21, -0.8000, -9.378
19.22, -0.8000, -10.67
19.23, -0.8000, -9.490
19.24, -0.8000, -10.25
19.25, -0.8000, -9.511
19.26, -0.8000, -9.373
19.27, -0.8000, -10.15
19.28, -0.8000, -9.434
19.29, -0.8000, -9.984
19.30, -0.8000, -9.630
19.31, -0.8000, -9.319
19.32, -0.8000, -11.26
19.33, -0.8000, -10.00
19.34, -0.8000, -9.252
19.35, -0.8000, -11.81
19.36, -0.8000, -10.12
19.37, -0.8000, -10.50
19.38, -0.8000, -9.416
19.39, -0.8000, -9.690
19.40, -0.8000, -10.49
19.41, -0.8000, -9.593
19.42, -0.8000, -11.02
19.43, -0.8000, -9.703
19.44, -0.8000, -9.491
19.45, -0.8000, -10.50
19.46, -0.8000, -9.367
19.47, -0.8000, -9.961
19.48, -0.8000, -9.975
19.49, -0.8000, -9.802
19.50, -0.8000, -9.610
19.51, -0.8000, -9.208
19.52, -0.8000, -8.934
19.53, -0.8000, -10.29
19.54, -0.8000, -8.887
19.55, -0.8000, -10.11
19.56, -0.8000, -9.702
19.57, -0.8000, -8.831
19.58, -0.8000, -10.07
19.59, -0.8000, -9.364
19.60, -0.8000, -10.89
19.61, -0.8000, -9.893
19.62, -0.8000, -10.34
19.63, -0.8000, -10.65
19.64, -0.8000, -9.810
19.65, -0.8000, -9.854
19.66, -0.8000, -9.908
19.67, -0.8000, -9.104
19.68, -0.8000, -10.79
19.69, -0.8000, -9.547
19.70, -0.8000, -10.32
19.71, -0.8000, -10.26
19.72, -0.8000, -9.269
19.73, -0.8000, -9.517
19.74, -0.8000, -9.707
19.75, -0.8000, -10.11
19.76, -0.8000, -9.662
19.77, -0.8000, -10.15
19.78, -0.8000, -9.845
19.79, -0.8000, -9.505
19.80, -0.8000, -9.193
19.81, -0.8000, -9.253
19.82, -0.8000, -9.761
19.83, -0.8000, -10.04
19.84, -0.8000, -9.231
19.85, -0.8000, -9.660
19.86, -0.8000, -9.078
19.87, -0.8000, -10.88
19.88, -0.8000, -8.746
19.89, -0.8000, -9.783
19.90, -0.8000, -9.304
19.91, -0.8000, -10.13
19.92, -0.8000, -8.967
19.93, -0.8000, -9.163
19.94, -0.8000, -9.206
19.95, -0.8000, -10.14
19.96, -0.8000, -9.225
19.97, -0.8000, -9.990
19.98, -0.8000, -9.035
19.99, -0.8000, -9.887
20.00, -0.8000, -9.370
20.01, -0.8000, -10.35
20.02, -0.8000, -10.74
20.03, -0.8000, -9.575
20.04, -0.8000, -8.742
20.05, -0.8000, -9.586
20.06, -0.8000, -9.527
20.07, -0.8000, -8.944
20.08, -0.8000, -9.976
20.09, -0.8000, -8.787
20.10, -0.8000, -9.099
20.11, -0.8000, -9.322
20.12, -0.8000, -9.675
20.13, -0.8000, -9.150
20.14, -0.8000, -8.879
20.15, -0.8000, -9.186
20.16, -0.8000, -9.794
20.17, -0.8000, -8.680
20.18, -0.8000, -8.708
20.19, -0.8000, -8.816
20.20, -0.8000, -9.586
20.21, -0.8000, -9.360
20.22, -0.8000, -9.717
20.23, -0.8000, -10.17
20.24, -0.8000, -10.64
20.25, -0.8000, -9.128
20.26, -0.8000, -10.39
20.27, -0.8000, -9.367
20.28, -0.8000, -8.715
20.29, -0.8000, -10.46
20.30, -0.8000, -8.614
20.31, -0.8000, -9.688
20.32, -0.8000, -9.712
20.33, -0.8000, -10.36
20.34, -0.8000, -9.814
20.35, -0.8000, -9.339
20.36, -0.8000, -10.51
20.37, -0.8000, -8.544
20.38, -0.8000, -9.131
20.39, -0.8000, -8.998
20.40, -0.8000, -9.119
20.41, -0.8000, -9.999
20.42, -0.8000, -9.757
20.43, -0.8000, -9.369
20.44, -0.8000, -9.022
20.45, -0.8000, -10.14
20.46, -0.8000, -9.404
20.47, -0.8000, -9.854
20.48, -0.8000, -9.957
20.49, -0.8000, -10.52
20.50, -0.8000, -9.537
20.51, -0.8000, -9.986
20.52, -0.8000, -10.47
20.53, -0.8000, -8.702
20.54, -0.8000, -9.016
20.55, -0.8000, -10.17
20.56, -0.8000, -9.992
20.57, -0.8000, -10.36
20.58, -0.8000, -9.458
20.59, -0.8000, -8.765
20.60, -0.8000, -10.28
20.61, -0.8000, -9.058
20.62, -0.8000, -11.05
20.63, -0.8000, -9.374
20.64, -0.8000, -9.065
20.65, -0.8000, -10.43
20.66, -0.8000, -9.981
20.67, -0.8000, -9.937
20.68, -0.8000, -9.732
20.69, -0.8000, -9.374
20.70, -0.8000, -9.996
20.71, -0.8000, -9.587
20.72, -0.8000, -8.983
20.73, -0.8000, -9.617
20.74, -0.8000, -9.963
20.75, -0.8000, -9.645
20.76, -0.8000, -8.934
20.77, -0.8000, -9.043
20.78, -0.8000, -8.562
20.79, -0.8000, -9.160
20.80, -0.8000, -9.307
20.81, -0.8000, -9.356
20.82, -0.8000, -10.16
20.83, -0.8000, -9.630
20.84, -0.8000, -9.293
20.85, -0.8000, -8.941
20.86, -0.8000, -9.856
20.87, -0.8000, -9.823
20.88, -0.8000, -10.62
20.89, -0.8000, -9.960
20.90, -0.8000, -9.313
20.91, -0.8000, -8.624
20.92, -0.8000, -9.482
20.93, -0.8000, -8.782
20.94, -0.8000, -9.273
20.95, -0.8000, -9.293
20.96, -0.8000, -9.148
20.97, -0.8000, -9.453
20.98, -0.8000, -9.570
20.99, -0.8000, -10.19
21.00, -0.8000, -11.02
21.01, -0.8000, -9.490
21.02, -0.8000, -9.299
21.03, -0.8000, -9.227
21.04, -0.8000, -9.718
21.05, -0.8000, -10.05
21.06, -0.8000, -8.928
21.07, -0.8000, -9.210
21.08, -0.8000, -10.04
21.09, -0.8000, -9.386
21.10, -0.8000, -9.843
21.11, -0.8000, -8.640
21.12, -0.8000, -8.976
21.13, -0.8000, -9.410
21.14, -0.8000, -10.28
21.15, -0.8000, -9.078
21.16, -0.8000, -9.682
21.17, -0.8000, -9.233
21.18, -0.8000, -10.11
21.19, -0.8000, -9.359
21.20, -0.8000, -8.761
21.21, -0.8000, -8.643
21.22, -0.8000, -10.39
21.23, -0.8000, -9.582
21.24, -0.8000, -9.401
21.25, -0.8000, -10.27
21.26, -0.8000, -10.06
21.27, -0.8000, -9.906
21.28, -0.8000, -10.25
21.29, -0.8000, -9.916
21.30, -0.8000, -9.606
21.31, -0.8000, -9.840
21.32, -0.8000, -9.727
21.33, -0.8000, -9.329
21.34, -0.8000, -8.856
21.35, -0.8000, -9.792
21.36, -0.8000, -8.918
21.37, -0.8000, -9.396
21.38, -0.8000, -8.896
21.39, -0.8000, -10.16
21.40, -0.8000, -10.15
21.41, -0.8000, -10.03
21.42, -0.8000, -9.909
21.43, -0.8000, -9.315
21.44, -0.8000, -9.762
21.45, -0.8000, -9.456
21.46, -0.8000, -8.917
21.47, -0.8000, -9.615
21.48, -0.8000, -9.683
21.49, -0.8000, -9.867
21.50, -0.8000, -9.652
21.51, -0.8000, -8.118
21.52, -0.8000, -8.952
21.53, -0.8000, -10.59
21.54, -0.8000, -9.110
21.55, -0.8000, -8.560
21.56, -0.8000, -9.584
21.57, -0.8000, -10.41
21.58, -0.8000, -8.418
21.59, -0.8000, -10.42
21.60, -0.8000, -9.264
21.61, -0.8000, -10.08
21.62, -0.8000, -10.20
21.63, -0.8000, -9.946
21.64, -0.8000, -8.117
21.65, -0.8000, -10.65
21.66, -0.8000, -9.546
21.67, -0.8000, -9.531
21.68, -0.8000, -9.524
21.69, -0.8000, -9.245
21.70, -0.8000, -9.084
21.71, -0.8000, -9.850
21.72, -0.8000, -8.969
21.73, -0.8000, -9.952
21.74, -0.8000, -9.058
21.75, -0.8000, -10.02
21.76, -0.8000, -9.479
21.77, -0.8000, -9.039
21.78, -0.8000, -9.782
21.79, -0.8000, -9.823
21.80, -0.8000, -8.171
21.81, -0.8000, -9.213
21.82, -0.8000, -9.724
21.83, -0.8000, -9.715
21.84, -0.8000, -10.10
21.85, -0.8000, -9.241
21.86, -0.8000, -10.09
21.87, -0.8000, -9.166
21.88, -0.8000, -9.112
21.89, -0.8000, -8.705
21.90, -0.8000, -9.260
21.91, -0.8000, -8.197
21.92, -0.8000, -9.183
21.93, -0.8000, -9.351
21.94, -0.8000, -8.961
21.95, -0.8000, -8.822
21.96, -0.8000, -10.08
21.97, -0.8000, -9.588
21.98, -0.8000, -9.967
21.99, -0.8000, -8.205
22.00, -0.8000, -8.895
22.01, -0.8000, -9.174
22.02, -0.8000, -9.403
22.03, -0.8000, -8.940
22.04, -0.8000, -8.940
22.05, -0.8000, -9.829
22.06, -0.8000, -9.626
22.07, -0.8000, -9.578
22.08, -0.8000, -9.073
22.09, -0.8000, -8.370
22.10, -0.8000, -8.973
22.11, -0.8000, -9.392
22.12, -0.8000, -10.73
22.13, -0.8000, -9.162
22.14, -0.8000, -10.08
22.15, -0.8000, -8.798
22.16, -0.8000, -9.758
22.17, -0.8000, -9.230
22.18, -0.8000, -9.389
22.19, -0.8000, -8.307
22.20, -0.8000, -9.800
22.21, -0.8000, -10.82
22.22, -0.8000, -9.975
22.23, -0.8000, -9.074
22.24, -0.8000, -8.195
22.25, -0.8000, -8.612
22.26, -0.8000, -9.217
22.27, -0.8000, -7.869
22.28, -0.8000, -10.08
22.29, -0.8000, -9.508
22.30, -0.8000, -8.567
22.31, -0.8000, -9.525
22.32, -0.8000, -8.712
22.33, -0.8000, -9.435
22.34, -0.8000, -9.361
22.35, -0.8000, -9.816
22.36, -0.8000, -9.753
22.37, -0.8000, -9.356
22.38, -0.8000, -8.885
22.39, -0.8000, -10.01
22.40, -0.8000, -9.323
22.41, -0.8000, -9.932
22.42, -0.8000, -8.552
22.43, -0.8000, -9.816
22.44, -0.8000, -9.424
22.45, -0.8000, -8.824
22.46, -0.8000, -9.864
22.47, -0.8000, -10.17
22.48, -0.8000, -8.659
22.49, -0.8000, -9.897
22.50, -0.8000, -8.947
22.51, -0.8000, -10.30
22.52, -0.8000, -8.340
22.53, -0.8000, -8.838
22.54, -0.8000, -8.757
22.55, -0.8000, -9.058
22.56, -0.8000, -9.877
22.57, -0.8000, -9.602
22.58, -0.8000, -10.22
22.59, -0.8000, -10.22
22.60, -0.8000, -10.67
22.61, -0.8000, -8.516
22.62, -0.8000, -10.84
22.63, -0.8000, -10.04
22.64, -0.8000, -9.248
22.65, -0.8000, -8.646
22.66, -0.8000, -8.893
22.67, -0.8000, -9.623
22.68, -0.8000, -8.391
22.69, -0.8000, -8.519
22.70, -0.8000, -9.965
22.71, -0.8000, -8.688
22.72, -0.8000, -9.034
22.73, -0.8000, -10.02
22.74, -0.8000, -8.404
22.75, -0.8000, -10.54
22.76, -0.8000, -8.532
22.77, -0.8000, -9.652
22.78, -0.8000, -7.924
22.79, -0.8000, -10.40
22.80, -0.8000, -8.232
22.81, -0.8000, -9.044
22.82, -0.8000, -8.704
22.83, -0.8000, -9.173
22.84, -0.8000, -8.710
22.85, -0.8000, -8.496
22.86, -0.8000, -9.038
22.87, -0.8000, -8.847
22.88, -0.8000, -9.640
22.89, -0.8000, -9.575
22.90, -0.8000, -8.493
22.91, -0.8000, -8.970
22.92, -0.8000, -10.70
22.93, -0.8000, -8.831
22.94, -0.8000, -9.600
22.95, -0.8000, -10.32
22.96, -0.8000, -8.873
22.97, -0.8000, -8.536
22.98, -0.8000, -9.084
22.99, -0.8000, -8.763
23.00, -0.8000, -8.997
23.01, -0.8000, -9.250
23.02, -0.8000, -9.375
23.03, -0.8000, -9.672
23.04, -0.8000, -8.163
23.05, -0.8000, -10.57
23.06, -0.8000, -9.214
23.07, -0.8000, -10.87
23.08, -0.8000, -8.609
23.09, -0.8000, -10.44
23.10, -0.8000, -8.636
23.11, -0.8000, -9.219
23.12, -0.8000, -9.408
23.13, -0.8000, -9.175
23.14, -0.8000, -7.931
23.15, -0.8000, -8.746
23.16, -0.8000, -9.027
23.17, -0.8000, -10.76
23.18, -0.8000, -8.810
23.19, -0.8000, -9.489
23.20, -0.8000, -9.095
23.21, -0.8000, -9.357
23.22, -0.8000, -8.597
23.23, -0.8000, -9.245
23.24, -0.8000, -9.191
23.25, -0.8000, -8.891
23.26, -0.8000, -8.837
23.27, -0.8000, -8.703
23.28, -0.8000, -8.021
23.29, -0.8000, -9.619
23.30, -0.8000, -9.458
23.31, -0.8000, -8.832
23.32, -0.8000, -9.043
23.33, -0.8000, -8.068
23.34, -0.8000, -9.308
23.35, -0.8000, -8.949
23.36, -0.8000, -9.658
23.37, -0.8000, -8.445
23.38, -0.8000, -8.908
23.39, -0.8000, -8.191
23.40, -0.8000, -9.674
23.41, -0.8000, -8.411
23.42, -0.8000, -10.39
23.43, -0.8000, -7.993
23.44, -0.8000, -8.502
23.45, -0.8000, -8.617
23.46, -0.8000, -8.764
23.47, -0.8000, -8.640
23.48, -0.8000, -8.860
23.49, -0.8000, -8.742
23.50, -0.8000, -7.959
23.51, -0.8000, -8.863
23.52, -0.8000, -7.817
23.53, -0.8000, -9.437
23.54, -0.8000, -9.581
23.55, -0.8000, -9.956
23.56, -0.8000, -8.297
23.57, -0.8000, -9.696
23.58, -0.8000, -9.022
23.59, -0.8000, -9.076
23.60, -0.8000, -9.368
23.61, -0.8000, -9.262
23.62, -0.8000, -9.582
23.63, -0.8000, -10.06
23.64, -0.8000, -8.968
23.65, -0.8000, -8.431
23.66, -0.8000, -8.809
23.67, -0.8000, -8.953
23.68, -0.8000, -8.795
23.69, -0.8000, -8.938
23.70, -0.8000, -10.04
23.71, -0.8000, -8.420
23.72, -0.8000, -8.457
23.73, -0.8000, -8.907
23.74, -0.8000, -8.713
23.75, -0.8000, -8.758
23.76, -0.8000, -7.956
23.77, -0.8000, -8.906
23.78, -0.8000, -8.488
23.79, -0.8000, -8.514
23.80, -0.8000, -9.502
23.81, -0.8000, -9.741
23.82, -0.8000, -8.598
23.83, -0.8000, -10.80
23.84, -0.8000, -8.236
23.85, -0.8000, -8.799
23.86, -0.8000, -9.048
23.87, -0.8000, -9.183
23.88, -0.8000, -9.291
23.89, -0.8000, -9.687
23.90, -0.8000, -9.616
23.91, -0.8000, -9.986
23.92, -0.8000, -8.616
23.93, -0.8000, -8.521
23.94, -0.8000, -9.455
23.95, -0.8000, -8.397
23.96, -0.8000, -9.284
23.97, -0.8000, -9.534
23.98, -0.8000, -9.318
23.99, -0.8000, -8.662
24.00, -0.8000, -8.111
24.01, -0.8000, -8.723
24.02, -0.8000, -9.268
24.03, -0.8000, -9.544
24.04, -0.8000, -8.831
24.05, -0.8000, -8.894
24.06, -0.8000, -9.192
24.07, -0.8000, -9.376
24.08, -0.8000, -9.397
24.09, -0.8000, -8.528
24.10, -0.8000, -9.721
24.11, -0.8000, -8.792
24.12, -0.8000, -9.051
24.13, -0.8000, -10.71
24.14, -0.8000, -8.344
24.15, -0.8000, -9.892
24.16, -0.8000, -9.638
24.17, -0.8000, -8.825
24.18, -0.8000, -10.04
24.19, -0.8000, -8.280
24.20, -0.8000, -8.717
24.21, -0.8000, -9.532
24.22, -0.8000, -9.570
24.23, -0.8000, -6.768
24.24, -0.8000, -8.128
24.25, -0.8000, -8.118
24.26, -0.8000, -9.352
24.27, -0.8000, -7.887
24.28, -0.8000, -8.894
24.29, -0.8000, -9.119
24.30, -0.8000, -9.173
24.31, -0.8000, -8.468
24.32, -0.8000, -7.826
24.33, -0.8000, -9.915
24.34, -0.8000, -8.803
24.35, -0.8000, -9.545
24.36, -0.8000, -8.954
24.37, -0.8000, -10.05
24.38, -0.8000, -8.945
24.39, -0.8000, -8.911
24.40, -0.8000, -8.170
24.41, -0.8000, -7.374
24.42, -0.8000, -8.980
24.43, -0.8000, -8.778
24.44, -0.8000, -8.916
24.45, -0.8000, -9.483
24.46, -0.8000, -9.093
24.47, -0.8000, -8.986
24.48, -0.8000, -10.11
24.49, -0.8000, -9.847
24.50, -0.8000, -8.953
24.51, -0.8000, -8.488
24.52, -0.8000, -10.25
24.53, -0.8000, -10.82
24.54, -0.8000, -8.632
24.55, -0.8000, -8.604
24.56, -0.8000, -8.975
24.57, -0.8000, -9.156
24.58, -0.8000, -9.679
24.59, -0.8000, -7.785
24.60, -0.8000, -8.227
24.61, -0.8000, -8.202
24.62, -0.8000, -9.157
24.63, -0.8000, -9.308
24.64, -0.8000, -8.867
24.65, -0.8000, -8.668
24.66, -0.8000, -8.820
24.67, -0.8000, -8.987
24.68, -0.8000, -7.829
24.69, -0.8000, -10.27
24.70, -0.8000, -9.964
24.71, -0.8000, -8.279
24.72, -0.8000, -10.07
24.73, -0.8000, -9.583
24.74, -0.8000, -8.916
24.75, -0.8000, -10.11
24.76, -0.8000, -8.726
24.77, -0.8000, -9.463
24.78, -0.8000, -8.700
24.79, -0.8000, -7.898
24.80, -0.8000, -10.27
24.81, -0.8000, -8.528
24.82, -0.8000, -9.374
24.83, -0.8000, -9.310
24.84, -0.8000, -10.81
24.85, -0.8000, -9.041
24.86, -0.8000, -8.682
24.87, -0.8000, -8.227
24.88, -0.8000, -9.401
24.89, -0.8000, -7.578
24.90, -0.8000, -9.191
24.91, -0.8000, -8.745
24.92, -0.8000, -9.610
24.93, -0.8000, -8.565
24.94, -0.8000, -8.167
24.95, -0.8000, -10.38
24.96, -0.8000, -8.590
24.97, -0.8000, -10.32
24.98, -0.8000, -8.316
24.99, -0.8000, -8.946
25.00, -0.8000, -8.993
25.01, -0.8000, -8.829
25.02, -0.8000, -9.283
25.03, -0.8000, -9.803
25.04, -0.8000, -8.952
25.05, -0.8000, -8.811
25.06, -0.8000, -9.638
25.07, -0.8000, -8.649
25.08, -0.8000, -9.371
25.09, -0.8000, -8.163
25.10, -0.8000, -8.625
25.11, -0.8000, -8.098
25.12, -0.8000, -9.097
25.13, -0.8000, -8.907
25.14, -0.8000, -9.520
25.15, -0.8000, -9.170
25.16, -0.8000, -8.773
25.17, -0.8000, -10.08
25.18, -0.8000, -8.610
25.19, -0.8000, -8.561
25.20, -0.8000, -8.440
25.21, -0.8000, -9.995
25.22, -0.8000, -8.920
25.23, -0.8000, -9.308
25.24, -0.8000, -8.465
25.25, -0.8000, -8.271
25.26, -0.8000, -8.995
25.27, -0.8000, -8.873
25.28, -0.8000, -9.622
25.29, -0.8000, -8.299
25.30, -0.8000, -8.317
25.31, -0.8000, -8.821
25.32, -0.8000, -9.525
25.33, -0.8000, -8.886
25.34, -0.8000, -8.945
25.35, -0.8000, -8.959
25.36, -0.8000, -9.116
25.37, -0.8000, -9.986
25.38, -0.8000, -8.203
25.39, -0.8000, -9.572
25.40, -0.8000, -8.236
25.41, -0.8000, -9.214
25.42, -0.8000, -8.691
25.43, -0.8000, -9.073
25.44, -0.8000, -9.478
25.45, -0.8000, -9.727
25.46, -0.8000, -8.975
25.47, -0.8000, -8.595
25.48, -0.8000, -9.276
25.49, -0.8000, -8.070
25.50, -0.8000, -8.681
25.51, -0.8000, -8.269
25.52, -0.8000, -8.356
25.53, -0.8000, -8.818
25.54, -0.8000, -8.758
25.55, -0.8000, -9.915
25.56, -0.8000, -8.198
25.57, -0.8000, -8.982
25.58, -0.8000, -9.160
25.59, -0.8000, -8.902
25.60, -0.8000, -7.103
25.61, -0.8000, -8.318
25.62, -0.8000, -9.226
25.63, -0.8000, -9.237
25.64, -0.8000, -7.963
25.65, -0.8000, -7.782
25.66, -0.8000, -7.348
25.67, -0.8000, -9.209
25.68, -0.8000, -8.980
25.69, -0.8000, -10.06
25.70, -0.8000, -9.316
25.71, -0.8000, -7.942
25.72, -0.8000, -9.499
25.73, -0.8000, -8.202
25.74, -0.8000, -9.163
25.75, -0.8000, -9.744
25.76, -0.8000, -9.393
25.77, -0.8000, -9.351
25.78, -0.8000, -9.297
25.79, -0.8000, -9.722
25.80, -0.8000, -8.477
25.81, -0.8000, -9.060
25.82, -0.8000, -8.175
25.83, -0.8000, -9.742
25.84, -0.8000, -8.492
25.85, -0.8000, -8.535
25.86, -0.8000, -8.360
25.87, -0.8000, -8.985
25.88, -0.8000, -8.819
25.89, -0.8000, -8.542
25.90, -0.8000, -9.339
25.91, -0.8000, -8.766
25.92, -0.8000, -8.642
25.93, -0.8000, -8.371
25.94, -0.8000, -8.893
25.95, -0.8000, -8.509
25.96, -0.8000, -9.272
25.97, -0.8000, -8.400
25.98, -0.8000, -8.883
25.99, -0.8000, -8.767
26.00, -0.8000, -9.008
26.01, -0.8000, -8.336
26.02, -0.8000, -9.044
26.03, -0.8000, -9.056
26.04, -0.8000, -9.005
26.05, -0.8000, -8.879
26.06, -0.8000, -8.954
26.07, -0.8000, -7.385
26.08, -0.8000, -8.530
26.09, -0.8000, -9.118
26.10, -0.8000, -9.581
26.11, -0.8000, -8.115
26.12, -0.8000, -9.059
26.13, -0.8000, -9.005
26.14, -0.8000, -8.492
26.15, -0.8000, -8.672
26.16, -0.8000, -9.287
26.17, -0.8000, -8.703
26.18, -0.8000, -8.534
26.19, -0.8000, -9.203
26.20, -0.8000, -8.913
26.21, -0.8000, -8.304
26.22, -0.8000, -8.635
26.23, -0.8000, -9.366
26.24, -0.8000, -8.668
26.25, -0.8000, -8.784
26.26, -0.8000, -8.424
26.27, -0.8000, -8.067
26.28, -0.8000, -8.525
26.29, -0.8000, -9.350
26.30, -0.8000, -8.205
26.31, -0.8000, -9.241
26.32, -0.8000, -7.578
26.33, -0.8000, -8.885
26.34, -0.8000, -8.550
26.35, -0.8000, -8.259
26.36, -0.8000, -7.793
26.37, -0.8000, -9.935
26.38, -0.8000, -8.533
26.39, -0.8000, -8.735
26.40, -0.8000, -8.938
26.41, -0.8000, -8.970
26.42, -0.8000, -9.340
26.43, -0.8000, -9.040
26.44, -0.8000, -8.147
26.45, -0.8000, -8.262
26.46, -0.8000, -9.162
26.47, -0.8000, -7.868
26.48, -0.8000, -8.653
26.49, -0.8000, -8.957
26.50, -0.8000, -8.936
26.51, -0.8000, -9.117
26.52, -0.8000, -8.724
26.53, -0.8000, -9.290
26.54, -0.8000, -8.580
26.55, -0.8000, -8.521
26.56, -0.8000, -8.401
26.57, -0.8000, -8.987
26.58, -0.8000, -8.826
26.59, -0.8000, -8.207
26.60, -0.8000, -9.623
26.61, -0.8000, -8.458
26.62, -0.8000, -8.260
26.63, -0.8000, -8.813
26.64, -0.8000, -8.106
26.65, -0.8000, -7.506
26.66, -0.8000, -9.403
26.67, -0.8000, -9.406
26.68, -0.8000, -9.165
26.69, -0.8000, -8.389
26.70, -0.8000, -8.872
26.71, -0.8000, -8.418
26.72, -0.8000, -8.351
26.73, -0.8000, -8.335
26.74, -0.8000, -9.183
26.75, -0.8000, -7.565
26.76, -0.8000, -7.890
26.77, -0.8000, -8.033
26.78, -0.8000, -8.903
26.79, -0.8000, -9.876
26.80, -0.8000, -8.136
26.81, -0.8000, -9.383
26.82, -0.8000, -8.426
26.83, -0.8000, -7.975
26.84, -0.8000, -7.551
26.85, -0.8000, -9.045
26.86, -0.8000, -9.952
26.87, -0.8000, -8.226
26.88, -0.8000, -8.959
26.89, -0.8000, -9.211
26.90, -0.8000, -9.208
26.91, -0.8000, -8.576
26.92, -0.8000, -8.832
26.93, -0.8000, -8.162
26.94, -0.8000, -8.108
26.95, -0.8000, -8.424
26.96, -0.8000, -8.116
26.97, -0.8000, -8.682
26.98, -0.8000, -8.099
26.99, -0.8000, -7.888
27.00, -0.8000, -8.958
27.01, -0.8000, -8.335
27.02, -0.8000, -8.303
27.03, -0.8000, -8.935
27.04, -0.8000, -7.441
27.05, -0.8000, -8.152
27.06, -0.8000, -7.819
27.07, -0.8000, -7.770
27.08, -0.8000, -8.104
27.09, -0.8000, -8.610
27.10, -0.8000, -8.436
27.11, -0.8000, -8.860
27.12, -0.8000, -9.007
27.13, -0.8000, -10.34
27.14, -0.8000, -8.065
27.15, -0.8000, -8.525
27.16, -0.8000, -8.285
27.17, -0.8000, -9.180
27.18, -0.8000, -8.236
27.19, -0.8000, -8.728
27.20, -0.8000, -7.929
27.21, -0.8000, -8.653
27.22, -0.8000, -9.410
27.23, -0.8000, -8.620
27.24, -0.8000, -8.679
27.25, -0.8000, -8.298
27.26, -0.8000, -8.800
27.27, -0.8000, -8.486
27.28, -0.8000, -8.431
27.29, -0.8000, -9.015
27.30, -0.8000, -8.933
27.31, -0.8000, -9.065
27.32, -0.8000, -8.150
27.33, -0.8000, -9.599
27.34, -0.8000, -9.050
27.35, -0.8000, -8.361
27.36, -0.8000, -9.479
27.37, -0.8000, -8.152
27.38, -0.8000, -8.465
27.39, -0.8000, -8.496
27.40, -0.8000, -7.308
27.41, -0.8000, -9.525
27.42, -0.8000, -9.356
27.43, -0.8000, -9.449
27.44, -0.8000, -7.431
27.45, -0.8000, -7.572
27.46, -0.8000, -7.234
27.47, -0.8000, -8.939
27.48, -0.8000, -8.487
27.49, -0.8000, -8.240
27.50, -0.8000, -8.979
27.51, -0.8000, -9.054
27.52, -0.8000, -9.216
27.53, -0.8000, -8.443
27.54, -0.8000, -8.314
27.55, -0.8000, -8.690
27.56, -0.8000, -8.197
27.57, -0.8000, -9.059
27.58, -0.8000, -8.865
27.59, -0.8000, -9.062
27.60, -0.8000, -9.241
27.61, -0.8000, -8.316
27.62, -0.8000, -8.204
27.63, -0.8000, -7.900
27.64, -0.8000, -8.849
27.65, -0.8000, -8.195
27.66, -0.8000, -8.795
27.67, -0.8000, -9.361
27.68, -0.8000, -8.919
27.69, -0.8000, -9.719
27.70, -0.8000, -8.670
27.71, -0.8000, -9.260
27.72, -0.8000, -7.934
27.73, -0.8000, -8.401
27.74, -0.8000, -8.557
27.75, -0.8000, -8.323
27.76, -0.8000, -8.166
27.77, -0.8000, -8.601
27.78, -0.8000, -9.345
27.79, -0.8000, -9.157
27.80, -0.8000, -8.530
27.81, -0.8000, -8.703
27.82, -0.8000, -8.456
27.83, -0.8000, -9.370
27.84, -0.8000, -8.290
27.85, -0.8000, -9.041
27.86, -0.8000, -7.107
27.87, -0.8000, -8.272
27.88, -0.8000, -8.241
27.89, -0.8000, -8.228
27.90, -0.8000, -8.432
27.91, -0.8000, -7.286
27.92, -0.8000, -8.930
27.93, -0.8000, -7.646
27.94, -0.8000, -8.638
27.95, -0.8000, -7.645
27.96, -0.8000, -8.026
27.97, -0.8000, -8.023
27.98, -0.8000, -8.053
27.99, -0.8000, -9.029
28.00, -0.8000, -8.084
28.01, -0.8000, -8.682
28.02, -0.8000, -9.907
28.03, -0.8000, -9.075
28.04, -0.8000, -7.499
28.05, -0.8000, -8.019
28.06, -0.8000, -7.945
28.07, -0.8000, -7.593
28.08, -0.8000, -8.910
28.09, -0.8000, -8.928
28.10, -0.8000, -9.546
28.11, -0.8000, -8.846
28.12, -0.8000, -8.621
28.13, -0.8000, -7.663
28.14, -0.8000, -8.146
28.15, -0.8000, -8.448
28.16, -0.8000, -8.559
28.17, -0.8000, -7.525
28.18, -0.8000, -7.743
28.19, -0.8000, -8.399
28.20, -0.8000, -9.125
28.21, -0.8000, -8.320
28.22, -0.8000, -8.346
28.23, -0.8000, -8.316
28.24, -0.8000, -8.194
28.25, -0.8000, -8.815
28.26, -0.8000, -8.077
28.27, -0.8000, -8.352
28.28, -0.8000, -7.962
28.29, -0.8000, -8.383
28.30, -0.8000, -8.317
28.31, -0.8000, -8.190
28.32, -0.8000, -9.021
28.33, -0.8000, -7.763
28.34, -0.8000, -8.430
28.35, -0.8000, -7.303
28.36, -0.8000, -7.822
28.37, -0.8000, -7.481
28.38, -0.8000, -7.989
28.39, -0.8000, -7.396
28.40, -0.8000, -8.168
28.41, -0.8000, -8.851
28.42, -0.8000, -8.894
28.43, -0.8000, -9.598
28.44, -0.8000, -6.971
28.45, -0.8000, -10.29
28.46, -0.8000, -8.281
28.47, -0.8000, -9.094
28.48, -0.8000, -8.197
28.49, -0.8000, -8.954
28.50, -0.8000, -9.338
28.51, -0.8000, -8.325
28.52, -0.8000, -9.375
28.53, -0.8000, -7.547
28.54, -0.8000, -8.265
28.55, -0.8000, -7.976
28.56, -0.8000, -9.102
28.57, -0.8000, -8.313
28.58, -0.8000, -9.501
28.59, -0.8000, -10.00
28.60, -0.8000, -8.423
28.61, -0.8000, -7.994
28.62, -0.8000, -8.589
28.63, -0.8000, -8.633
28.64, -0.8000, -7.892
28.65, -0.8000, -8.119
28.66, -0.8000, -7.692
28.67, -0.8000, -8.615
28.68, -0.8000, -8.226
28.69, -0.8000, -9.630
28.70, -0.8000, -8.383
28.71, -0.8000, -9.129
28.72, -0.8000, -8.142
28.73, -0.8000, -8.386
28.74, -0.8000, -9.888
28.75, -0.8000, -7.629
28.76, -0.8000, -8.697
28.77, -0.8000, -9.484
28.78, -0.8000, -8.259
28.79, -0.8000, -8.035
28.80, -0.8000, -8.304
28.81, -0.8000, -8.184
28.82, -0.8000, -8.217
28.83, -0.8000, -8.983
28.84, -0.8000, -8.582
28.85, -0.8000, -8.136
28.86, -0.8000, -8.208
28.87, -0.8000, -8.294
28.88, -0.8000, -9.115
28.89, -0.8000, -8.100
28.90, -0.8000, -7.681
28.91, -0.8000, -7.152
28.92, -0.8000, -8.276
28.93, -0.8000, -7.707
28.94, -0.8000, -8.121
28.95, -0.8000, -8.140
28.96, -0.8000, -8.269
28.97, -0.8000, -8.741
28.98, -0.8000, -8.752
28.99, -0.8000, -9.636
29.00, -0.8000, -7.984
29.01, -0.8000, -8.265
29.02, -0.8000, -7.753
29.03, -0.8000, -8.224
29.04, -0.8000, -9.345
29.05, -0.8000, -7.900
29.06, -0.8000, -7.266
29.07, -0.8000, -8.769
29.08, -0.8000, -9.585
29.09, -0.8000, -9.449
29.10, -0.8000, -8.468
29.11, -0.8000, -9.531
29.12, -0.8000, -8.504
29.13, -0.8000, -9.220
29.14, -0.8000, -7.711
29.15, -0.8000, -8.771
29.16, -0.8000, -7.061
29.17, -0.8000, -8.353
29.18, -0.8000, -8.260
29.19, -0.8000, -9.140
29.20, -0.8000, -8.753
29.21, -0.8000, -7.571
29.22, -0.8000, -9.807
29.23, -0.8000, -7.388
29.24, -0.8000, -9.028
29.25, -0.8000, -8.545
29.26, -0.8000, -9.269
29.27, -0.8000, -7.924
29.28, -0.8000, -8.930
29.29, -0.8000, -7.827
29.30, -0.8000, -8.428
29.31, -0.8000, -7.404
29.32, -0.8000, -8.464
29.33, -0.8000, -8.958
29.34, -0.8000, -7.939
29.35, -0.8000, -7.988
29.36, -0.8000, -8.108
29.37, -0.8000, -7.211
29.38, -0.8000, -8.110
29.39, -0.8000, -8.992
29.40, -0.8000, -8.231
29.41, -0.8000, -9.268
29.42, -0.8000, -9.462
29.43, -0.8000, -7.886
29.44, -0.8000, -9.077
29.45, -0.8000, -8.963
29.46, -0.8000, -7.702
29.47, -0.8000, -9.205
29.48, -0.8000, -8.329
29.49, -0.8000, -8.431
29.50, -0.8000, -7.312
29.51, -0.8000, -8.713
29.52, -0.8000, -8.332
29.53, -0.8000, -8.581
29.54, -0.8000, -6.933
29.55, -0.8000, -8.473
29.56, -0.8000, -8.301
29.57, -0.8000, -8.584
29.58, -0.8000, -7.997
29.59, -0.8000, -8.565
29.60, -0.8000, -8.008
29.61, -0.8000, -8.202
29.62, -0.8000, -8.075
29.63, -0.8000, -8.879
29.64, -0.8000, -8.077
29.65, -0.8000, -8.378
29.66, -0.8000, -7.568
29.67, -0.8000, -8.880
29.68, -0.8000, -9.055
29.69, -0.8000, -8.847
29.70, -0.8000, -8.836
29.71, -0.8000, -8.375
29.72, -0.8000, -8.261
29.73, -0.8000, -8.664
29.74, -0.8000, -8.208
29.75, -0.8000, -8.979
29.76, -0.8000, -8.139
29.77, -0.8000, -7.288
29.78, -0.8000, -8.581
29.79, -0.8000, -7.154
29.80, -0.8000, -8.553
29.81, -0.8000, -8.085
29.82, -0.8000, -8.546
29.83, -0.8000, -7.500
29.84, -0.8000, -9.357
29.85, -0.8000, -8.165
29.86, -0.8000, -8.527
29.87, -0.8000, -8.412
29.88, -0.8000, -7.717
29.89, -0.8000, -8.117
29.90, -0.8000, -7.881
29.91, -0.8000, -7.997
29.92, -0.8000, -7.993
29.93, -0.8000, -8.473
29.94, -0.8000, -7.553
29.95, -0.8000, -8.215
29.96, -0.8000, -7.834
29.97, -0.8000, -10.23
29.98, -0.8000, -8.408
29.99, -0.8000, -8.535
30.00, -0.8000, -7.536
30.01, -0.8000, -8.682
30.02, -0.8000, -8.289
30.03, -0.8000, -7.886
30.04, -0.8000, -7.666
30.05, -0.8000, -8.030
30.06, -0.8000, -7.689
30.07, -0.8000, -9.998
30.08, -0.8000, -8.581
30.09, -0.8000, -7.663
30.10, -0.8000, -8.427
30.11, -0.8000, -8.452
30.12, -0.8000, -8.196
30.13, -0.8000, -7.764
30.14, -0.8000, -9.264
30.15, -0.8000, -8.241
30.16, -0.8000, -8.533
30.17, -0.8000, -8.512
30.18, -0.8000, -7.314
30.19, -0.8000, -8.614
30.20, -0.8000, -8.461
30.21, -0.8000, -7.871
30.22, -0.8000, -8.258
30.23, -0.8000, -8.323
30.24, -0.8000, -7.665
30.25, -0.8000, -7.964
30.26, -0.8000, -7.583
30.27, -0.8000, -7.658
30.28, -0.8000, -9.782
30.29, -0.8000, -8.476
30.30, -0.8000, -8.416
30.31, -0.8000, -9.213
30.32, -0.8000, -8.703
30.33, -0.8000, -8.492
30.34, -0.8000, -8.364
30.35, -0.8000, -7.760
30.36, -0.8000, -7.946
30.37, -0.8000, -9.207
30.38, -0.8000, -8.290
30.39, -0.8000, -7.164
30.40, -0.8000, -8.279
30.41, -0.8000, -6.881
30.42, -0.8000, -8.445
30.43, -0.8000, -7.505
30.44, -0.8000, -8.038
30.45, -0.8000, -8.257
30.46, -0.8000, -8.908
30.47, -0.8000, -8.981
30.48, -0.8000, -8.603
30.49, -0.8000, -9.110
30.50, -0.8000, -8.166
30.51, -0.8000, -8.696
30.52, -0.8000, -8.502
30.53, -0.8000, -8.071
30.54, -0.8000, -6.918
30.55, -0.8000, -8.618
30.56, -0.8000, -8.467
30.57, -0.8000, -7.371
30.58, -0.8000, -8.050
30.59, -0.8000, -7.645
30.60, -0.8000, -9.362
30.61, -0.8000, -7.512
30.62, -0.8000, -8.517
30.63, -0.8000, -8.748
30.64, -0.8000, -9.110
30.65, -0.8000, -7.795
30.66, -0.8000, -8.760
30.67, -0.8000, -8.673
30.68, -0.8000, -8.930
30.69, -0.8000, -7.857
30.70, -0.8000, -7.882
30.71, -0.8000, -8.965
30.72, -0.8000, -8.176
30.73, -0.8000, -8.952
30.74, -0.8000, -8.382
30.75, -0.8000, -8.303
30.76, -0.8000, -7.281
30.77, -0.8000, -7.941
30.78, -0.8000, -8.512
30.79, -0.8000, -7.905
30.80, -0.8000, -8.200
30.81, -0.8000, -8.417
30.82, -0.8000, -8.682
30.83, -0.8000, -9.161
30.84, -0.8000, -8.528
30.85, -0.8000, -10.19
30.86, -0.8000, -8.603
30.87, -0.8000, -6.968
30.88, -0.8000, -8.593
30.89, -0.8000, -9.335
30.90, -0.8000, -8.497
30.91, -0.8000, -8.676
30.92, -0.8000, -7.564
30.93, -0.8000, -8.345
30.94, -0.8000, -8.455
30.95, -0.8000, -9.120
30.96, -0.8000, -7.672
30.97, -0.8000, -8.513
30.98, -0.8000, -8.019
30.99, -0.8000, -8.143
31.00, -0.8000, -7.489
31.01, -0.8000, -7.841
31.02, -0.8000, -8.771
31.03, -0.8000, -10.33
31.04, -0.8000, -8.217
31.05, -0.8000, -9.008
31.06, -0.8000, -8.073
31.07, -0.8000, -8.336
31.08, -0.8000, -8.315
31.09, -0.8000, -7.748
31.10, -0.8000, -8.315
31.11, -0.8000, -8.613
31.12, -0.8000, -8.009
31.13, -0.8000, -8.471
31.14, -0.8000, -9.835
31.15, -0.8000, -8.352
31.16, -0.8000, -8.353
31.17, -0.8000, -9.296
31.18, -0.8000, -7.366
31.19, -0.8000, -8.506
31.20, -0.8000, -9.408
31.21, -0.8000, -8.158
31.22, -0.8000, -8.156
31.23, -0.8000, -8.953
31.24, -0.8000, -8.479
31.25, -0.8000, -7.910
31.26, -0.8000, -8.731
31.27, -0.8000, -8.319
31.28, -0.8000, -8.790
31.29, -0.8000, -7.882
31.30, -0.8000, -7.292
31.31, -0.8000, -7.464
31.32, -0.8000, -8.753
31.33, -0.8000, -8.553
31.34, -0.8000, -6.758
31.35, -0.8000, -8.352
31.36, -0.8000, -7.383
31.37, -0.8000, -8.497
31.38, -0.8000, -8.251
31.39, -0.8000, -8.199
31.40, -0.8000, -8.779
31.41, -0.8000, -7.933
31.42, -0.8000, -8.287
31.43, -0.8000, -6.911
31.44, -0.8000, -8.380
31.45, -0.8000, -7.497
31.46, -0.8000, -9.845
31.47, -0.8000, -8.442
31.48, -0.8000, -7.889
31.49, -0.8000, -7.986
31.50, -0.8000, -9.192
31.51, -0.8000, -9.602
31.52, -0.8000, -9.038
31.53, -0.8000, -9.357
31.54, -0.8000, -8.474
31.55, -0.8000, -8.743
31.56, -0.8000, -7.968
31.57, -0.8000, -8.530
31.58, -0.8000, -7.319
31.59, -0.8000, -7.909
31.60, -0.8000, -8.220
31.61, -0.8000, -7.866
31.62, -0.8000, -9.646
31.63, -0.8000, -8.800
31.64, -0.8000, -8.267
31.65, -0.8000, -7.945
31.66, -0.8000, -8.500
31.67, -0.8000, -7.549
31.68, -0.8000, -8.834
31.69, -0.8000, -9.467
31.70, -0.8000, -8.639
31.71, -0.8000, -8.130
31.72, -0.8000, -7.787
31.73, -0.8000, -8.524
31.74, -0.8000, -8.513
31.75, -0.8000, -8.619
31.76, -0.8000, -8.376
31.77, -0.8000, -8.835
31.78, -0.8000, -8.288
31.79, -0.8000, -7.953
31.80, -0.8000, -9.263
31.81, -0.8000, -7.443
31.82, -0.8000, -8.569
31.83, -0.8000, -7.160
31.84, -0.8000, -7.849
31.85, -0.8000, -7.849
31.86, -0.8000, -9.419
31.87, -0.8000, -7.589
31.88, -0.8000, -7.952
31.89, -0.8000, -9.272
31.90, -0.8000, -7.369
31.91, -0.8000, -8.546
31.92, -0.8000, -6.496
31.93, -0.8000, -9.107
31.94, -0.8000, -8.159
31.95, -0.8000, -7.921
31.96, -0.8000, -7.815
31.97, -0.8000, -8.401
31.98, -0.8000, -8.208
31.99, -0.8000, -8.462
32.00, -0.8000, -7.292
32.01, -0.8000, -7.281
32.02, -0.8000, -8.706
32.03, -0.8000, -7.605
32.04, -0.8000, -8.507
32.05, -0.8000, -7.732
32.06, -0.8000, -7.888
32.07, -0.8000, -8.268
32.08, -0.8000, -7.848
32.09, -0.8000, -8.139
32.10, -0.8000, -8.248
32.11, -0.8000, -8.245
32.12, -0.8000, -8.537
32.13, -0.8000, -8.208
32.14, -0.8000, -8.817
32.15, -0.8000, -8.610
32.16, -0.8000, -9.315
32.17, -0.8000, -7.037
32.18, -0.8000, -8.611
32.19, -0.8000, -6.774
32.20, -0.8000, -8.232
32.21, -0.8000, -8.243
32.22, -0.8000, -8.250
32.23, -0.8000, -8.236
32.24, -0.8000, -8.976
32.25, -0.8000, -10.01
32.26, -0.8000, -7.333
32.27, -0.8000, -8.703
32.28, -0.8000, -8.342
32.29, -0.8000, -7.711
32.30, -0.8000, -8.044
32.31, -0.8000, -7.830
32.32, -0.8000, -7.970
32.33, -0.8000, -9.204
32.34, -0.8000, -8.153
32.35, -0.8000, -9.200
32.36, -0.8000, -8.614
32.37, -0.8000, -7.779
32.38, -0.8000, -7.953
32.39, -0.8000, -7.800
32.40, -0.8000, -8.388
32.41, -0.8000, -7.871
32.42, -0.8000, -8.386
32.43, -0.8000, -8.197
32.44, -0.8000, -8.372
32.45, -0.8000, -7.691
32.46, -0.8000, -7.332
32.47, -0.8000, -9.189
32.48, -0.8000, -7.936
32.49, -0.8000, -7.509
32.50, -0.8000, -8.875
32.51, -0.8000, -7.858
32.52, -0.8000, -8.037
32.53, -0.8000, -8.682
32.54, -0.8000, -7.924
32.55, -0.8000, -8.379
32.56, -0.8000, -8.334
32.57, -0.8000, -7.357
32.58, -0.8000, -8.196
32.59, -0.8000, -7.976
32.60, -0.8000, -8.698
32.61, -0.8000, -7.699
32.62, -0.8000, -8.727
32.63, -0.8000, -7.752
32.64, -0.8000, -7.477
32.65, -0.8000, -7.833
32.66, -0.8000, -7.619
32.67, -0.8000, -8.280
32.68, -0.8000, -8.337
32.69, -0.8000, -7.885
32.70, -0.8000, -8.110
32.71, -0.8000, -8.770
32.72, -0.8000, -8.546
32.73, -0.8000, -7.889
32.74, -0.8000, -7.304
32.75, -0.8000, -7.269
32.76, -0.8000, -7.953
32.77, -0.8000, -8.294
32.78, -0.8000, -7.636
32.79, -0.8000, -7.618
32.80, -0.8000, -7.030
32.81, -0.8000, -7.756
32.82, -0.8000, -6.868
32.83, -0.8000, -8.137
32.84, -0.8000, -8.372
32.85, -0.8000, -8.727
32.86, -0.8000, -7.413
32.87, -0.8000, -7.285
32.88, -0.8000, -7.814
32.89, -0.8000, -7.646
32.90, -0.8000, -7.237
32.91, -0.8000, -8.180
32.92, -0.8000, -7.709
32.93, -0.8000, -8.865
32.94, -0.8000, -7.546
32.95, -0.8000, -8.608
32.96, -0.8000, -7.473
32.97, -0.8000, -8.318
32.98, -0.8000, -7.009
32.99, -0.8000, -8.416
33.00, -0.8000, -7.510
33.01, -0.8000, -8.567
33.02, -0.8000, -7.615
33.03, -0.8000, -8.109
33.04, -0.8000, -8.997
33.05, -0.8000, -8.190
33.06, -0.8000, -7.554
33.07, -0.8000, -7.834
33.08, -0.8000, -7.860
33.09, -0.8000, -7.777
33.10, -0.8000, -8.016
33.11, -0.8000, -7.166
33.12, -0.8000, -7.865
33.13, -0.8000, -9.610
33.14, -0.8000, -8.264
33.15, -0.8000, -8.266
33.16, -0.8000, -7.713
33.17, -0.8000, -8.109
33.18, -0.8000, -7.987
33.19, -0.8000, -8.279
33.20, -0.8000, -8.345
33.21, -0.8000, -8.216
33.22, -0.8000, -7.544
33.23, -0.8000, -7.107
33.24, -0.8000, -8.510
33.25, -0.8000, -8.256
33.26, -0.8000, -7.698
33.27, -0.8000, -7.615
33.28, -0.8000, -8.320
33.29, -0.8000, -7.441
33.30, -0.8000, -8.409
33.31, -0.8000, -8.182
33.32, -0.8000, -8.074
33.33, -0.8000, -9.004
33.34, -0.8000, -8.245
33.35, -0.8000, -9.427
33.36, -0.8000, -7.610
33.37, -0.8000, -7.727
33.38, -0.8000, -7.894
33.39, -0.8000, -8.572
33.40, -0.8000, -7.587
33.41, -0.8000, -7.895
33.42, -0.8000, -8.989
33.43, -0.8000, -8.958
33.44, -0.8000, -7.607
33.45, -0.8000, -8.311
33.46, -0.8000, -8.030
33.47, -0.8000, -7.487
33.48, -0.8000, -8.526
33.49, -0.8000, -7.831
33.50, -0.8000, -8.098
33.51, -0.8000, -8.158
33.52, -0.8000, -7.840
33.53, -0.8000, -9.132
33.54, -0.8000, -8.066
33.55, -0.8000, -8.275
33.56, -0.8000, -8.168
33.57, -0.8000, -8.763
33.58, -0.8000, -8.585
33.59, -0.8000, -7.948
33.60, -0.8000, -8.646
33.61, -0.8000, -8.019
33.62, -0.8000, -7.398
33.63, -0.8000, -7.090
33.64, -0.8000, -8.150
33.65, -0.8000, -6.722
33.66, -0.8000, -8.258
33.67, -0.8000, -8.660
33.68, -0.8000, -7.454
33.69, -0.8000, -8.156
33.70, -0.8000, -7.794
33.71, -0.8000, -6.609
33.72, -0.8000, -7.742
33.73, -0.8000, -9.123
33.74, -0.8000, -7.739
33.75, -0.8000, -8.165
33.76, -0.8000, -7.913
33.77, -0.8000, -7.258
33.78, -0.8000, -8.586
33.79, -0.8000, -8.238
33.80, -0.8000, -7.419
33.81, -0.8000, -7.656
33.82, -0.8000, -8.051
33.83, -0.8000, -8.506
33.84, -0.8000, -9.632
33.85, -0.8000, -8.381
33.86, -0.8000, -8.499
33.87, -0.8000, -8.370
33.88, -0.8000, -7.147
33.89, -0.8000, -9.423
33.90, -0.8000, -7.400
33.91, -0.8000, -7.831
33.92, -0.8000, -8.207
33.93, -0.8000, -7.933
33.94, -0.8000, -8.087
33.95, -0.8000, -7.600
33.96, -0.8000, -8.449
33.97, -0.8000, -8.386
33.98, -0.8000, -8.788
33.99, -0.8000, -7.579
34.00, -0.8000, -7.216
34.01, -0.8000, -6.660
34.02, -0.8000, -7.901
34.03, -0.8000, -8.828
34.04, -0.8000, -6.966
34.05, -0.8000, -7.837
34.06, -0.8000, -7.567
34.07, -0.8000, -7.981
34.08, -0.8000, -7.290
34.09, -0.8000, -7.115
34.10, -0.8000, -8.034
34.11, -0.8000, -8.276
34.12, -0.8000, -8.260
34.13, -0.8000, -7.237
34.14, -0.8000, -7.954
34.15, -0.8000, -9.139
34.16, -0.8000, -7.820
34.17, -0.8000, -9.274
34.18, -0.8000, -8.201
34.19, -0.8000, -8.150
34.20, -0.8000, -7.912
34.21, -0.8000, -7.245
34.22, -0.8000, -8.343
34.23, -0.8000, -7.624
34.24, -0.8000, -8.768
34.25, -0.8000, -7.518
34.26, -0.8000, -8.043
34.27, -0.8000, -8.703
34.28, -0.8000, -8.190
34.29, -0.8000, -8.613
34.30, -0.8000, -6.826
34.31, -0.8000, -8.189
34.32, -0.8000, -7.304
34.33, -0.8000, -9.071
34.34, -0.8000, -7.627
34.35, -0.8000, -7.288
34.36, -0.8000, -6.825
34.37, -0.8000, -7.927
34.38, -0.8000, -8.241
34.39, -0.8000, -7.326
34.40, -0.8000, -7.221
34.41, -0.8000, -7.535
34.42, -0.8000, -7.974
34.43, -0.8000, -7.895
34.44, -0.8000, -8.370
34.45, -0.8000, -7.787
34.46, -0.8000, -8.755
34.47, -0.8000, -8.028
34.48, -0.8000, -7.783
34.49, -0.8000, -7.692
34.50, -0.8000, -7.962
34.51, -0.8000, -9.674
34.52, -0.8000, -7.952
34.53, -0.8000, -8.525
34.54, -0.8000, -9.198
34.55, -0.8000, -8.451
34.56, -0.8000, -8.136
34.57, -0.8000, -9.505
34.58, -0.8000, -7.517
34.59, -0.8000, -8.174
34.60, -0.8000, -7.493
34.61, -0.8000, -7.917
34.62, -0.8000, -8.899
34.63, -0.8000, -7.898
34.64, -0.8000, -8.675
34.65, -0.8000, -8.285
34.66, -0.8000, -7.025
34.67, -0.8000, -7.930
34.68, -0.8000, -8.657
34.69, -0.8000, -7.028
34.70, -0.8000, -8.718
34.71, -0.8000, -8.759
34.72, -0.8000, -8.764
34.73, -0.8000, -7.580
34.74, -0.8000, -7.078
34.75, -0.8000, -8.119
34.76, -0.8000, -6.963
34.77, -0.8000, -7.327
34.78, -0.8000, -9.029
34.79, -0.8000, -8.918
34.80, -0.8000, -8.186
34.81, -0.8000, -8.225
34.82, -0.8000, -7.765
34.83, -0.8000, -7.528
34.84, -0.8000, -7.123
34.85, -0.8000, -7.245
34.86, -0.8000, -7.409
34.87, -0.8000, -8.316
34.88, -0.8000, -8.281
34.89, -0.8000, -8.765
34.90, -0.8000, -8.346
34.91, -0.8000, -7.734
34.92, -0.8000, -7.780
34.93, -0.8000, -7.312
34.94, -0.8000, -7.905
34.95, -0.8000, -8.699
34.96, -0.8000, -8.243
34.97, -0.8000, -8.677
34.98, -0.8000, -8.407
34.99, -0.8000, -7.358
35.00, -0.8000, -8.723
35.01, -0.8000, -7.548
35.02, -0.8000, -7.697
35.03, -0.8000, -9.144
35.04, -0.8000, -7.914
35.05, -0.8000, -8.436
35.06, -0.8000, -8.241
35.07, -0.8000, -8.006
35.08, -0.8000, -7.161
35.09, -0.8000, -7.396
35.10, -0.8000, -7.493
35.11, -0.8000, -8.229
35.12, -0.8000, -8.248
35.13, -0.8000, -7.843
35.14, -0.8000, -9.039
35.15, -0.8000, -8.477
35.16, -0.8000, -8.591
35.17, -0.8000, -7.180
35.18, -0.8000, -8.175
35.19, -0.8000, -7.379
35.20, -0.8000, -7.399
35.21, -0.8000, -7.486
35.22, -0.8000, -8.236
35.23, -0.8000, -7.767
35.24, -0.8000, -8.104
35.25, -0.8000, -7.481
35.26, -0.8000, -7.149
35.27, -0.8000, -8.117
35.28, -0.8000, -7.164
35.29, -0.8000, -7.635
35.30, -0.8000, -8.777
35.31, -0.8000, -7.977
35.32, -0.8000, -7.598
35.33, -0.8000, -7.596
35.34, -0.8000, -7.578
35.35, -0.8000, -7.865
35.36, -0.8000, -7.614
35.37, -0.8000, -6.999
35.38, -0.8000, -7.460
35.39, -0.8000, -7.958
35.40, -0.8000, -7.424
35.41, -0.8000, -7.202
35.42, -0.8000, -8.284
35.43, -0.8000, -7.191
35.44, -0.8000, -8.104
35.45, -0.8000, -7.561
35.46, -0.8000, -9.480
35.47, -0.8000, -7.691
35.48, -0.8000, -7.825
35.49, -0.8000, -7.573
35.50, -0.8000, -8.258
35.51, -0.8000, -8.003
35.52, -0.8000, -7.667
35.53, -0.8000, -7.530
35.54, -0.8000, -7.738
35.55, -0.8000, -7.642
35.56, -0.8000, -6.767
35.57, -0.8000, -7.902
35.58, -0.8000, -8.378
35.59, -0.8000, -8.222
35.60, -0.8000, -7.792
35.61, -0.8000, -7.730
35.62, -0.8000, -7.844
35.63, -0.8000, -8.384
35.64, -0.8000, -7.912
35.65, -0.8000, -7.554
35.66, -0.8000, -7.426
35.67, -0.8000, -8.333
35.68, -0.8000, -7.276
35.69, -0.8000, -7.770
35.70, -0.8000, -8.274
35.71, -0.8000, -7.199
35.72, -0.8000, -7.441
35.73, -0.8000, -7.397
35.74, -0.8000, -8.100
35.75, -0.8000, -8.330
35.76, -0.8000, -8.223
35.77, -0.8000, -7.070
35.78, -0.8000, -7.355
35.79, -0.8000, -6.773
35.80, -0.8000, -8.783
35.81, -0.8000, -8.250
35.82, -0.8000, -8.191
35.83, -0.8000, -6.626
35.84, -0.8000, -7.956
35.85, -0.8000, -7.445
35.86, -0.8000, -8.484
35.87, -0.8000, -7.669
35.88, -0.8000, -7.713
35.89, -0.8000, -7.278
35.90, -0.8000, -7.672
35.91, -0.8000, -7.640
35.92, -0.8000, -8.158
35.93, -0.8000, -7.524
35.94, -0.8000, -7.593
35.95, -0.8000, -7.416
35.96, -0.8000, -7.890
35.97, -0.8000, -7.891
35.98, -0.8000, -7.546
35.99, -0.8000, -9.303
36.00, -0.8000, -7.921
36.01, -0.8000, -8.104
36.02, -0.8000, -7.244
36.03, -0.8000, -7.940
36.04, -0.8000, -6.501
36.05, -0.8000, -6.934
36.06, -0.8000, -8.044
36.07, -0.8000, -8.309
36.08, -0.8000, -8.082
36.09, -0.8000, -8.280
36.10, -0.8000, -7.622
36.11, -0.8000, -6.847
36.12, -0.8000, -8.401
36.13, -0.8000, -6.298
36.14, -0.8000, -8.117
36.15, -0.8000, -6.968
36.16, -0.8000, -8.466
36.17, -0.8000, -8.123
36.18, -0.8000, -7.737
36.19, -0.8000, -7.473
36.20, -0.8000, -8.065
36.21, -0.8000, -8.014
36.22, -0.8000, -7.267
36.23, -0.8000, -8.770
36.24, -0.8000, -8.038
36.25, -0.8000, -8.287
36.26, -0.8000, -8.549
36.27, -0.8000, -7.474
36.28, -0.8000, -6.784
36.29, -0.8000, -7.973
36.30, -0.8000, -7.538
36.31, -0.8000, -7.052
36.32, -0.8000, -7.595
36.33, -0.8000, -7.672
36.34, -0.8000, -7.427
36.35, -0.8000, -7.548
36.36, -0.8000, -7.957
36.37, -0.8000, -8.185
36.38, -0.8000, -9.739
36.39, -0.8000, -6.968
36.40, -0.8000, -7.507
36.41, -0.8000, -7.366
36.42, -0.8000, -8.426
36.43, -0.8000, -8.312
36.44, -0.8000, -7.422
36.45, -0.8000, -7.469
36.46, -0.8000, -8.097
36.47, -0.8000, -7.246
36.48, -0.8000, -7.767
36.49, -0.8000, -7.718
36.50, -0.8000, -7.771
36.51, -0.8000, -7.491
36.52, -0.8000, -7.732
36.53, -0.8000, -8.277
36.54, -0.8000, -7.118
36.55, -0.8000, -7.587
36.56, -0.8000, -8.573
36.57, -0.8000, -8.911
36.58, -0.8000, -7.617
36.59, -0.8000, -6.991
36.60, -0.8000, -8.457
36.61, -0.8000, -7.342
36.62, -0.8000, -8.331
36.63, -0.8000, -8.456
36.64, -0.8000, -8.079
36.65, -0.8000, -8.266
36.66, -0.8000, -8.080
36.67, -0.8000, -7.526
36.68, -0.8000, -7.574
36.69, -0.8000, -7.342
36.70, -0.8000, -7.492
36.71, -0.8000, -7.600
36.72, -0.8000, -8.019
36.73, -0.8000, -6.954
36.74, -0.8000, -7.751
36.75, -0.8000, -6.656
36.76, -0.8000, -7.754
36.77, -0.8000, -7.294
36.78, -0.8000, -9.324
36.79, -0.8000, -7.641
36.80, -0.8000, -7.408
36.81, -0.8000, -8.058
36.82, -0.8000, -6.927
36.83, -0.8000, -7.933
36.84, -0.8000, -6.686
36.85, -0.8000, -7.627
36.86, -0.8000, -7.335
36.87, -0.8000, -6.965
36.88, -0.8000, -6.936
36.89, -0.8000, -8.000
36.90, -0.8000, -8.817
36.91, -0.8000, -8.185
36.92, -0.8000, -7.839
36.93, -0.8000, -7.698
36.94, -0.8000, -8.034
36.95, -0.8000, -7.618
36.96, -0.8000, -7.177
36.97, -0.8000, -7.949
36.98, -0.8000, -9.147
36.99, -0.8000, -9.411
37.00, -0.8000, -7.491
37.01, -0.8000, -7.739
37.02, -0.8000, -8.435
37.03, -0.8000, -9.335
37.04, -0.8000, -7.774
37.05, -0.8000, -7.749
37.06, -0.8000, -7.164
37.07, -0.8000, -7.689
37.08, -0.8000, -8.140
37.09, -0.8000, -7.472
37.10, -0.8000, -8.124
37.11, -0.8000, -8.347
37.12, -0.8000, -7.396
37.13, -0.8000, -8.253
37.14, -0.8000, -7.767
37.15, -0.8000, -7.122
37.16, -0.8000, -7.592
37.17, -0.8000, -8.768
37.18, -0.8000, -7.270
37.19, -0.8000, -7.315
37.20, -0.8000, -7.232
37.21, -0.8000, -7.750
37.22, -0.8000, -7.919
37.23, -0.8000, -8.378
37.24, -0.8000, -7.519
37.25, -0.8000, -7.730
37.26, -0.8000, -7.483
37.27, -0.8000, -8.863
37.28, -0.8000, -7.514
37.29, -0.8000, -7.729
37.30, -0.8000, -8.258
37.31, -0.8000, -7.739
37.32, -0.8000, -8.629
37.33, -0.8000, -6.482
37.34, -0.8000, -8.146
37.35, -0.8000, -7.642
37.36, -0.8000, -8.280
37.37, -0.8000, -9.248
37.38, -0.8000, -8.149
37.39, -0.8000, -7.675
37.40, -0.8000, -6.495
37.41, -0.8000, -7.741
37.42, -0.8000, -6.680
37.43, -0.8000, -8.082
37.44, -0.8000, -7.945
37.45, -0.8000, -7.922
37.46, -0.8000, -8.641
37.47, -0.8000, -7.950
37.48, -0.8000, -7.848
37.49, -0.8000, -7.994
37.50, -0.8000, -7.097
37.51, -0.8000, -7.607
37.52, -0.8000, -8.916
37.53, -0.8000, -8.210
37.54, -0.8000, -8.792
37.55, -0.8000, -7.894
37.56, -0.8000, -7.191
37.57, -0.8000, -7.949
37.58, -0.8000, -6.289
37.59, -0.8000, -8.231
37.60, -0.8000, -7.415
37.61, -0.8000, -6.877
37.62, -0.8000, -8.217
37.63, -0.8000, -7.731
37.64, -0.8000, -7.220
37.65, -0.8000, -6.775
37.66, -0.8000, -7.786
37.67, -0.8000, -7.159
37.68, -0.8000, -7.407
37.69, -0.8000, -7.946
37.70, -0.8000, -8.577
37.71, -0.8000, -8.772
37.72, -0.8000, -6.941
37.73, -0.8000, -6.974
37.74, -0.8000, -7.506
37.75, -0.8000, -8.042
37.76, -0.8000, -6.918
37.77, -0.8000, -8.417
37.78, -0.8000, -7.574
37.79, -0.8000, -7.461
37.80, -0.8000, -7.407
37.81, -0.8000, -7.525
37.82, -0.8000, -7.835
37.83, -0.8000, -9.298
37.84, -0.8000, -9.102
37.85, -0.8000, -7.881
37.86, -0.8000, -8.844
37.87, -0.8000, -7.921
37.88, -0.8000, -8.142
37.89, -0.8000, -7.905
37.90, -0.8000, -8.766
37.91, -0.8000, -6.929
37.92, -0.8000, -7.886
37.93, -0.8000, -8.249
37.94, -0.8000, -7.400
37.95, -0.8000, -7.834
37.96, -0.8000, -8.480
37.97, -0.8000, -6.918
37.98, -0.8000, -8.008
37.99, -0.8000, -7.914
38.00, -0.8000, -7.906
38.01, -0.8000, -7.661
38.02, -0.8000, -7.754
38.03, -0.8000, -8.021
38.04, -0.8000, -7.796
38.05, -0.8000, -8.138
38.06, -0.8000, -8.063
38.07, -0.8000, -7.439
38.08, -0.8000, -7.416
38.09, -0.8000, -9.656
38.10, -0.8000, -7.071
38.11, -0.8000, -7.555
38.12, -0.8000, -8.921
38.13, -0.8000, -8.234
38.14, -0.8000, -6.895
38.15, -0.8000, -7.696
38.16, -0.8000, -7.863
38.17, -0.8000, -6.848
38.18, -0.8000, -8.112
38.19, -0.8000, -7.027
38.20, -0.8000, -7.704
38.21, -0.8000, -7.963
38.22, -0.8000, -6.592
38.23, -0.8000, -8.677
38.24, -0.8000, -7.479
38.25, -0.8000, -7.518
38.26, -0.8000, -7.210
38.27, -0.8000, -7.916
38.28, -0.8000, -8.167
38.29, -0.8000, -8.539
38.30, -0.8000, -7.388
38.31, -0.8000, -5.974
38.32, -0.8000, -7.561
38.33, -0.8000, -8.432
38.34, -0.8000, -8.692
38.35, -0.8000, -7.893
38.36, -0.8000, -8.152
38.37, -0.8000, -7.132
38.38, -0.8000, -7.629
38.39, -0.8000, -8.405
38.40, -0.8000, -7.966
38.41, -0.8000, -9.759
38.42, -0.8000, -7.580
38.43, -0.8000, -8.446
38.44, -0.8000, -7.182
38.45, -0.8000, -7.933
38.46, -0.8000, -7.759
38.47, -0.8000, -8.167
38.48, -0.8000, -6.382
38.49, -0.8000, -8.176
38.50, -0.8000, -8.709
38.51, -0.8000, -8.238
38.52, -0.8000, -7.285
38.53, -0.8000, -7.630
38.54, -0.8000, -7.198
38.55, -0.8000, -7.914
38.56, -0.8000, -7.847
38.57, -0.8000, -9.071
38.58, -0.8000, -6.834
38.59, -0.8000, -8.533
38.60, -0.8000, -8.307
38.61, -0.8000, -8.414
38.62, -0.8000, -8.681
38.63, -0.8000, -7.418
38.64, -0.8000, -6.862
38.65, -0.8000, -7.515
38.66, -0.8000, -7.622
38.67, -0.8000, -7.380
38.68, -0.8000, -8.381
38.69, -0.8000, -8.217
38.70, -0.8000, -8.047
38.71, -0.8000, -7.046
38.72, -0.8000, -7.803
38.73, -0.8000, -7.404
38.74, -0.8000, -8.032
38.75, -0.8000, -8.428
38.76, -0.8000, -7.696
38.77, -0.8000, -6.704
38.78, -0.8000, -7.743
38.79, -0.8000, -7.965
38.80, -0.8000, -7.630
38.81, -0.8000, -8.487
38.82, -0.8000, -7.749
38.83, -0.8000, -6.755
38.84, -0.8000, -7.921
38.85, -0.8000, -8.063
38.86, -0.8000, -8.058
38.87, -0.8000, -8.592
38.88, -0.8000, -7.089
38.89, -0.8000, -8.222
38.90, -0.8000, -6.566
38.91, -0.8000, -7.413
38.92, -0.8000, -7.749
38.93, -0.8000, -8.296
38.94, -0.8000, -9.205
38.95, -0.8000, -6.663
38.96, -0.8000, -7.511
38.97, -0.8000, -6.764
38.98, -0.8000, -8.423
38.99, -0.8000, -7.741
39.00, -0.8000, -7.561
39.01, -0.8000, -8.223
39.02, -0.8000, -7.556
39.03, -0.8000, -8.480
39.04, -0.8000, -7.072
39.05, -0.8000, -8.190
39.06, -0.8000, -7.956
39.07, -0.8000, -7.479
39.08, -0.8000, -7.169
39.09, -0.8000, -7.805
39.10, -0.8000, -7.787
39.11, -0.8000, -7.943
39.12, -0.8000, -7.638
39.13, -0.8000, -7.341
39.14, -0.8000, -7.469
39.15, -0.8000, -8.233
39.16, -0.8000, -8.170
39.17, -0.8000, -7.794
39.18, -0.8000, -7.473
39.19, -0.8000, -8.229
39.20, -0.8000, -7.574
39.21, -0.8000, -7.112
39.22, -0.8000, -7.588
39.23, -0.8000, -7.428
39.24, -0.8000, -7.707
39.25, -0.8000, -8.031
39.26, -0.8000, -7.878
39.27, -0.8000, -8.562
39.28, -0.8000, -7.490
39.29, -0.8000, -8.151
39.30, -0.8000, -7.348
39.31, -0.8000, -8.491
39.32, -0.8000, -6.651
39.33, -0.8000, -7.788
39.34, -0.8000, -7.594
39.35, -0.8000, -8.889
39.36, -0.8000, -7.441
39.37, -0.8000, -9.094
39.38, -0.8000, -8.167
39.39, -0.8000, -6.898
39.40, -0.8000, -7.250
39.41, -0.8000, -8.012
39.42, -0.8000, -7.515
39.43, -0.8000, -7.555
39.44, -0.8000, -9.266
39.45, -0.8000, -7.280
39.46, -0.8000, -8.327
39.47, -0.8000, -8.630
39.48, -0.8000, -7.368
39.49, -0.8000, -8.213
39.50, -0.8000, -7.345
39.51, -0.8000, -7.810
39.52, -0.8000, -8.211
39.53, -0.8000, -7.019
39.54, -0.8000, -7.864
39.55, -0.8000, -8.191
39.56, -0.8000, -7.981
39.57, -0.8000, -8.010
39.58, -0.8000, -7.109
39.59, -0.8000, -7.646
39.60, -0.8000, -7.404
39.61, -0.8000, -7.408
39.62, -0.8000, -7.330
39.63, -0.8000, -7.277
39.64, -0.8000, -6.545
39.65, -0.8000, -7.093
39.66, -0.8000, -8.818
39.67, -0.8000, -6.497
39.68, -0.8000, -7.533
39.69, -0.8000, -7.524
39.70, -0.8000, -8.586
39.71, -0.8000, -7.520
39.72, -0.8000, -8.256
39.73, -0.8000, -7.660
39.74, -0.8000, -8.407
39.75, -0.8000, -8.450
39.76, -0.8000, -7.295
39.77, -0.8000, -7.523
39.78, -0.8000, -7.171
39.79, -0.8000, -8.833
39.80, -0.8000, -8.060
39.81, -0.8000, -7.112
39.82, -0.8000, -7.667
39.83, -0.8000, -7.704
39.84, -0.8000, -7.496
39.85, -0.8000, -6.363
39.86, -0.8000, -7.383
39.87, -0.8000, -7.238
39.88, -0.8000, -7.373
39.89, -0.8000, -8.023
39.90, -0.8000, -7.374
39.91, -0.8000, -8.140
39.92, -0.8000, -7.015
39.93, -0.8000, -7.230
39.94, -0.8000, -8.683
39.95, -0.8000, -7.558
39.96, -0.8000, -7.295
39.97, -0.8000, -7.213
39.98, -0.8000, -7.317
39.99, -0.8000, -7.827
40.00, -0.8000, -7.622
40.01, -0.8000, -7.920
40.02, -0.8000, -7.126
40.03, -0.8000, -8.544
40.04, -0.8000, -8.259
40.05, -0.8000, -7.420
40.06, -0.8000, -7.356
40.07, -0.8000, -7.300
40.08, -0.8000, -8.757
40.09, -0.8000, -6.667
40.10, -0.8000, -8.025
40.11, -0.8000, -7.172
40.12, -0.8000, -7.856
40.13, -0.8000, -8.365
40.14, -0.8000, -8.588
40.15, -0.8000, -8.880
40.16, -0.8000, -7.068
40.17, -0.8000, -8.094
40.18, -0.8000, -7.705
40.19, -0.8000, -7.269
40.20, -0.8000, -6.263
40.21, -0.8000, -8.501
40.22, -0.8000, -7.935
40.23, -0.8000, -7.636
40.24, -0.8000, -8.179
40.25, -0.8000, -7.534
40.26, -0.8000, -7.990
40.27, -0.8000, -7.982
40.28, -0.8000, -7.705
40.29, -0.8000, -7.605
40.30, -0.8000, -7.621
40.31, -0.8000, -8.399
40.32, -0.8000, -8.137
40.33, -0.8000, -7.838
40.34, -0.8000, -8.034
40.35, -0.8000, -9.059
40.36, -0.8000, -7.867
40.37, -0.8000, -8.259
40.38, -0.8000, -8.128
40.39, -0.8000, -7.642
40.40, -0.8000, -8.469
40.41, -0.8000, -7.022
40.42, -0.8000, -7.637
40.43, -0.8000, -8.695
40.44, -0.8000, -7.405
40.45, -0.8000, -7.758
40.46, -0.8000, -7.247
40.47, -0.8000, -7.890
40.48, -0.8000, -7.482
40.49, -0.8000, -7.434
40.50, -0.8000, -8.002
40.51, -0.8000, -7.047
40.52, -0.8000, -6.748
40.53, -0.8000, -8.691
40.54, -0.8000, -7.641
40.55, -0.8000, -7.200
40.56, -0.8000, -8.253
40.57, -0.8000, -8.377
40.58, -0.8000, -6.459
40.59, -0.8000, -8.244
40.60, -0.8000, -8.354
40.61, -0.8000, -7.968
40.62, -0.8000, -7.680
40.63, -0.8000, -6.986
40.64, -0.8000, -6.578
40.65, -0.8000, -7.552
40.66, -0.8000, -7.412
40.67, -0.8000, -6.334
40.68, -0.8000, -7.199
40.69, -0.8000, -7.734
40.70, -0.8000, -6.780
40.71, -0.8000, -7.810
40.72, -0.8000, -8.399
40.73, -0.8000, -7.359
40.74, -0.8000, -8.051
40.75, -0.8000, -7.625
40.76, -0.8000, -7.487
40.77, -0.8000, -7.996
40.78, -0.8000, -7.527
40.79, -0.8000, -7.857
40.80, -0.8000, -7.316
40.81, -0.8000, -7.742
40.82, -0.8000, -7.608
40.83, -0.8000, -7.660
40.84, -0.8000, -6.086
40.85, -0.8000, -7.959
40.86, -0.8000, -6.586
40.87, -0.8000, -7.875
40.88, -0.8000, -7.942
40.89, -0.8000, -7.777
40.90, -0.8000, -7.744
40.91, -0.8000, -7.669
40.92, -0.8000, -7.995
40.93, -0.8000, -7.469
40.94, -0.8000, -6.817
40.95, -0.8000, -7.588
40.96, -0.8000, -7.620
40.97, -0.8000, -8.923
40.98, -0.8000, -7.952
40.99, -0.8000, -8.758
41.00, -0.8000, -7.787
41.01, -0.8000, -7.429
41.02, -0.8000, -8.911
41.03, -0.8000, -7.858
41.04, -0.8000, -7.562
41.05, -0.8000, -8.168
41.06, -0.8000, -6.700
41.07, -0.8000, -8.341
41.08, -0.8000, -7.976
41.09, -0.8000, -8.100
41.10, -0.8000, -7.505
41.11, -0.8000, -6.487
41.12, -0.8000, -7.283
41.13, -0.8000, -7.920
41.14, -0.8000, -7.381
41.15, -0.8000, -7.862
41.16, -0.8000, -8.209
41.17, -0.8000, -7.610
41.18, -0.8000, -8.130
41.19, -0.8000, -8.166
41.20, -0.8000, -7.983
41.21, -0.8000, -7.380
41.22, -0.8000, -6.938
41.23, -0.8000, -6.840
41.24, -0.8000, -8.032
41.25, -0.8000, -7.634
41.26, -0.8000, -7.508
41.27, -0.8000, -7.658
41.28, -0.8000, -7.579
41.29, -0.8000, -7.170
41.30, -0.8000, -7.381
41.31, -0.8000, -6.875
41.32, -0.8000, -7.163
41.33, -0.8000, -7.134
41.34, -0.8000, -6.545
41.35, -0.8000, -8.002
41.36, -0.8000, -7.488
41.37, -0.8000, -9.027
41.38, -0.8000, -8.347
41.39, -0.8000, -7.771
41.40, -0.8000, -7.391
41.41, -0.8000, -8.056
41.42, -0.8000, -7.563
41.43, -0.8000, -6.999
41.44, -0.8000, -6.775
41.45, -0.8000, -7.152
41.46, -0.8000, -6.855
41.47, -0.8000, -7.533
41.48, -0.8000, -8.364
41.49, -0.8000, -6.483
41.50, -0.8000, -7.572
41.51, -0.8000, -6.988
41.52, -0.8000, -7.517
41.53, -0.8000, -7.825
41.54, -0.8000, -6.554
41.55, -0.8000, -8.569
41.56, -0.8000, -7.239
41.57, -0.8000, -8.167
41.58, -0.8000, -6.965
41.59, -0.8000, -7.118
41.60, -0.8000, -7.229
41.61, -0.8000, -7.113
41.62, -0.8000, -7.246
41.63, -0.8000, -6.442
41.64, -0.8000, -7.549
41.65, -0.8000, -7.378
41.66, -0.8000, -7.449
41.67, -0.8000, -7.166
41.68, -0.8000, -7.210
41.69, -0.8000, -7.596
41.70, -0.8000, -7.841
41.71, -0.8000, -7.382
41.72, -0.8000, -7.625
41.73, -0.8000, -7.886
41.74, -0.8000, -7.829
41.75, -0.8000, -8.215
41.76, -0.8000, -8.257
41.77, -0.8000, -7.708
41.78, -0.8000, -7.730
41.79, -0.8000, -8.131
41.80, -0.8000, -7.807
41.81, -0.8000, -8.031
41.82, -0.8000, -6.697
41.83, -0.8000, -8.073
41.84, -0.8000, -7.030
41.85, -0.8000, -6.978
41.86, -0.8000, -8.006
41.87, -0.8000, -7.553
41.88, -0.8000, -7.739
41.89, -0.8000, -7.160
41.90, -0.8000, -7.654
41.91, -0.8000, -6.602
41.92, -0.8000, -9.597
41.93, -0.8000, -6.972
41.94, -0.8000, -7.334
41.95, -0.8000, -7.713
41.96, -0.8000, -7.215
41.97, -0.8000, -6.370
41.98, -0.8000, -6.285
41.99, -0.8000, -6.974
42.00, -0.8000, -7.749
42.01, -0.8000, -7.392
42.02, -0.8000, -7.518
42.03, -0.8000, -6.890
42.04, -0.8000, -8.169
42.05, -0.8000, -7.704
42.06, -0.8000, -7.807
42.07, -0.8000, -7.526
42.08, -0.8000, -7.685
42.09, -0.8000, -6.753
42.10, -0.8000, -7.580
42.11, -0.8000, -7.664
42.12, -0.8000, -6.094
42.13, -0.8000, -8.551
42.14, -0.8000, -7.355
42.15, -0.8000, -7.077
42.16, -0.8000, -8.898
42.17, -0.8000, -7.648
42.18, -0.8000, -8.362
42.19, -0.8000, -8.118
42.20, -0.8000, -7.522
42.21, -0.8000, -7.995
42.22, -0.8000, -8.326
42.23, -0.8000, -6.638
42.24, -0.8000, -8.024
42.25, -0.8000, -6.675
42.26, -0.8000, -8.270
42.27, -0.8000, -7.231
42.28, -0.8000, -6.479
42.29, -0.8000, -6.472
42.30, -0.8000, -7.437
42.31, -0.8000, -7.474
42.32, -0.8000, -7.912
42.33, -0.8000, -8.064
42.34, -0.8000, -7.821
42.35, -0.8000, -7.276
42.36, -0.8000, -7.860
42.37, -0.8000, -7.931
42.38, -0.8000, -7.381
42.39, -0.8000, -7.319
42.40, -0.8000, -7.674
42.41, -0.8000, -7.756
42.42, -0.8000, -6.616
42.43, -0.8000, -7.924
42.44, -0.8000, -7.872
42.45, -0.8000, -7.631
42.46, -0.8000, -8.252
42.47, -0.8000, -8.112
42.48, -0.8000, -7.687
42.49, -0.8000, -7.038
42.50, -0.8000, -7.361
42.51, -0.8000, -7.445
42.52, -0.8000, -8.762
42.53, -0.8000, -7.054
42.54, -0.8000, -7.362
42.55, -0.8000, -7.639
42.56, -0.8000, -8.029
42.57, -0.8000, -7.833
42.58, -0.8000, -8.344
42.59, -0.8000, -7.937
42.60, -0.8000, -7.040
42.61, -0.8000, -7.190
42.62, -0.8000, -7.964
42.63, -0.8000, -8.355
42.64, -0.8000, -7.022
42.65, -0.8000, -6.273
42.66, -0.8000, -7.187
42.67, -0.8000, -7.686
42.68, -0.8000, -9.032
42.69, -0.8000, -8.786
42.70, -0.8000, -7.727
42.71, -0.8000, -6.462
42.72, -0.8000, -7.757
42.73, -0.8000, -7.553
42.74, -0.8000, -8.098
42.75, -0.8000, -6.740
42.76, -0.8000, -7.605
42.77, -0.8000, -7.674
42.78, -0.8000, -6.726
42.79, -0.8000, -6.300
42.80, -0.8000, -8.197
42.81, -0.8000, -7.179
42.82, -0.8000, -7.538
42.83, -0.8000, -7.785
42.84, -0.8000, -7.345
42.85, -0.8000, -8.228
42.86, -0.8000, -8.781
42.87, -0.8000, -7.646
42.88, -0.8000, -6.868
42.89, -0.8000, -6.490
42.90, -0.8000, -7.147
42.91, -0.8000, -6.925
42.92, -0.8000, -8.165
42.93, -0.8000, -7.588
42.94, -0.8000, -6.970
42.95, -0.8000, -7.031
42.96, -0.8000, -7.538
42.97, -0.8000, -7.968
42.98, -0.8000, -7.818
42.99, -0.8000, -6.976
43.00, -0.8000, -7.768
43.01, -0.8000, -7.422
43.02, -0.8000, -7.141
43.03, -0.8000, -7.620
43.04, -0.8000, -8.978
43.05, -0.8000, -7.245
43.06, -0.8000, -7.210
43.07, -0.8000, -7.608
43.08, -0.8000, -7.511
43.09, -0.8000, -8.810
43.10, -0.8000, -7.622
43.11, -0.8000, -8.107
43.12, -0.8000, -8.033
43.13, -0.8000, -7.293
43.14, -0.8000, -8.259
43.15, -0.8000, -6.075
43.16, -0.8000, -8.303
43.17, -0.8000, -6.492
43.18, -0.8000, -7.633
43.19, -0.8000, -7.032
43.20, -0.8000, -7.310
43.21, -0.8000, -7.645
43.22, -0.8000, -7.197
43.23, -0.8000, -7.123
43.24, -0.8000, -6.479
43.25, -0.8000, -7.050
43.26, -0.8000, -7.345
43.27, -0.8000, -7.406
43.28, -0.8000, -7.848
43.29, -0.8000, -7.354
43.30, -0.8000, -7.465
43.31, -0.8000, -6.461
43.32, -0.8000, -8.329
43.33, -0.8000, -8.621
43.34, -0.8000, -6.723
43.35, -0.8000, -8.117
43.36, -0.8000, -9.595
43.37, -0.8000, -7.521
43.38, -0.8000, -7.976
43.39, -0.8000, -7.788
43.40, -0.8000, -6.410
43.41, -0.8000, -6.097
43.42, -0.8000, -7.316
43.43, -0.8000, -7.373
43.44, -0.8000, -6.843
43.45, -0.8000, -9.091
43.46, -0.8000, -7.088
43.47, -0.8000, -8.084
43.48, -0.8000, -8.602
43.49, -0.8000, -8.449
43.50, -0.8000, -6.855
43.51, -0.8000, -7.038
43.52, -0.8000, -8.315
43.53, -0.8000, -7.383
43.54, -0.8000, -7.907
43.55, -0.8000, -6.780
43.56, -0.8000, -6.481
43.57, -0.8000, -7.364
43.58, -0.8000, -6.465
43.59, -0.8000, -7.002
43.60, -0.8000, -7.666
43.61, -0.8000, -6.522
43.62, -0.8000, -7.233
43.63, -0.8000, -7.359
43.64, -0.8000, -7.963
43.65, -0.8000, -7.711
43.66, -0.8000, -7.437
43.67, -0.8000, -7.312
43.68, -0.8000, -7.751
43.69, -0.8000, -7.364
43.70, -0.8000, -7.872
43.71, -0.8000, -7.228
43.72, -0.8000, -7.878
43.73, -0.8000, -7.113
43.74, -0.8000, -8.587
43.75, -0.8000, -7.115
43.76, -0.8000, -7.873
43.77, -0.8000, -6.762
43.78, -0.8000, -8.302
43.79, -0.8000, -6.704
43.80, -0.8000, -6.550
43.81, -0.8000, -7.316
43.82, -0.8000, -8.027
43.83, -0.8000, -6.195
43.84, -0.8000, -7.411
43.85, -0.8000, -7.483
43.86, -0.8000, -7.084
43.87, -0.8000, -8.612
43.88, -0.8000, -7.119
43.89, -0.8000, -7.433
43.90, -0.8000, -7.724
43.91, -0.8000, -7.257
43.92, -0.8000, -7.553
43.93, -0.8000, -7.780
43.94, -0.8000, -7.112
43.95, -0.8000, -8.007
43.96, -0.8000, -7.195
43.97, -0.8000, -8.065
43.98, -0.8000, -6.424
43.99, -0.8000, -8.665
44.00, -0.8000, -6.903
44.01, -0.8000, -7.572
44.02, -0.8000, -7.047
44.03, -0.8000, -7.155
44.04, -0.8000, -6.841
44.05, -0.8000, -7.218
44.06, -0.8000, -7.564
44.07, -0.8000, -8.059
44.08, -0.8000, -7.972
44.09, -0.8000, -7.926
44.10, -0.8000, -7.151
44.11, -0.8000, -7.741
44.12, -0.8000, -7.321
44.13, -0.8000, -7.631
44.14, -0.8000, -7.769
44.15, -0.8000, -6.841
44.16, -0.8000, -7.833
44.17, -0.8000, -6.949
44.18, -0.8000, -8.517
44.19, -0.8000, -6.707
44.20, -0.8000, -9.410
44.21, -0.8000, -7.126
44.22, -0.8000, -7.296
44.23, -0.8000, -7.469
44.24, -0.8000, -7.677
44.25, -0.8000, -7.962
44.26, -0.8000, -7.455
44.27, -0.8000, -6.300
44.28, -0.8000, -8.226
44.29, -0.8000, -7.197
44.30, -0.8000, -7.179
44.31, -0.8000, -6.912
44.32, -0.8000, -6.404
44.33, -0.8000, -7.763
44.34, -0.8000, -6.470
44.35, -0.8000, -7.506
44.36, -0.8000, -8.557
44.37, -0.8000, -6.861
44.38, -0.8000, -6.588
44.39, -0.8000, -8.204
44.40, -0.8000, -6.985
44.41, -0.8000, -6.742
44.42, -0.8000, -7.371
44.43, -0.8000, -8.002
44.44, -0.8000, -7.113
44.45, -0.8000, -7.398
44.46, -0.8000, -7.263
44.47, -0.8000, -7.422
44.48, -0.8000, -8.222
44.49, -0.8000, -6.634
44.50, -0.8000, -7.380
44.51, -0.8000, -6.996
44.52, -0.8000, -7.250
44.53, -0.8000, -7.383
44.54, -0.8000, -7.370
44.55, -0.8000, -8.111
44.56, -0.8000, -7.655
44.57, -0.8000, -6.927
44.58, -0.8000, -7.113
44.59, -0.8000, -7.555
44.60, -0.8000, -7.154
44.61, -0.8000, -8.019
44.62, -0.8000, -8.264
44.63, -0.8000, -6.751
44.64, -0.8000, -6.782
44.65, -0.8000, -7.020
44.66, -0.8000, -6.717
44.67, -0.8000, -7.819
44.68, -0.8000, -7.260
44.69, -0.8000, -9.128
44.70, -0.8000, -7.213
44.71, -0.8000, -8.463
44.72, -0.8000, -7.338
44.73, -0.8000, -6.826
44.74, -0.8000, -6.125
44.75, -0.8000, -8.470
44.76, -0.8000, -7.158
44.77, -0.8000, -6.683
44.78, -0.8000, -7.679
44.79, -0.8000, -6.456
44.80, -0.8000, -7.265
44.81, -0.8000, -7.395
44.82, -0.8000, -7.176
44.83, -0.8000, -7.892
44.84, -0.8000, -6.798
44.85, -0.8000, -6.686
44.86, -0.8000, -6.924
44.87, -0.8000, -8.077
44.88, -0.8000, -7.165
44.89, -0.8000, -8.128
44.90, -0.8000, -7.835
44.91, -0.8000, -7.197
44.92, -0.8000, -8.118
44.93, -0.8000, -7.379
44.94, -0.8000, -6.839
44.95, -0.8000, -6.796
44.96, -0.8000, -7.096
44.97, -0.8000, -7.375
44.98, -0.8000, -7.774
44.99, -0.8000, -7.467
45.00, 0.000, -6.383
45.01, 0.001000, 64.59
45.02, 0.002000, 30.78
45.03, 0.003000, 19.98
45.04, 0.004000, 14.84
45.05, 0.005000, 11.80
45.06, 0.006000, 10.28
45.07, 0.007000, 9.142
45.08, 0.008000, 6.212
45.09, 0.009000, 6.128
45.10, 0.01000, 4.322
45.11, 0.01100, 4.784
45.12, 0.01200, 3.398
45.13, 0.01300, 3.001
45.14, 0.01400, 2.547
45.15, 0.01500, 2.441
45.16, 0.01600, 3.442
45.17, 0.01700, 1.514
45.18, 0.01800, 2.933
45.19, 0.01900, 1.752
45.20, 0.02000, 2.433
45.21, 0.02100, 2.008
45.22, 0.02200, 2.607
45.23, 0.02300, 1.521
45.24, 0.02400, 1.984
45.25, 0.02500, 2.137
45.26, 0.02600, 1.120
45.27, 0.02700, 1.847
45.28, 0.02800, 0.8083
45.29, 0.02900, -0.3500
45.30, 0.03000, 2.312
45.31, 0.03100, -0.1300
45.32, 0.03200, 0.1217
45.33, 0.03300, 0.09842
45.34, 0.03400, 0.7032
45.35, 0.03500, 1.330
45.36, 0.03600, 0.7175
45.37, 0.03700, 0.03449
45.38, 0.03800, -0.2881
45.39, 0.03900, 0.3342
45.40, 0.04000, 0.01144
45.41, 0.04100, 0.4101
45.42, 0.04200, -0.6439
45.43, 0.04300, -0.3301
45.44, 0.04400, 0.8273
45.45, 0.04500, -0.02370
45.46, 0.04600, -0.9612
45.47, 0.04700, 1.152
45.48, 0.04800, -0.3869
45.49, 0.04900, -1.109
45.50, 0.05000, -1.239
45.51, 0.05100, -0.6510
45.52, 0.05200, -0.1722
45.53, 0.05300, -0.9337
45.54, 0.05400, -1.388
45.55, 0.05500, -1.486
45.56, 0.05600, -2.403
45.57, 0.05700, -1.325
45.58, 0.05800, 0.3508
45.59, 0.05900, -0.6195
45.60, 0.06000, -1.229
45.61, 0.06100, -2.695
45.62, 0.06200, -1.770
45.63, 0.06300, -2.425
45.64, 0.06400, -1.047
45.65, 0.06500, -2.787
45.66, 0.06600, -0.8642
45.67, 0.06700, -0.9672
45.68, 0.06800, -1.186
45.69, 0.06900, -1.454
45.70, 0.07000, -1.077
45.71, 0.07100, -1.269
45.72, 0.07200, -0.4535
45.73, 0.07300, -0.9447
45.74, 0.07400, -0.2205
45.75, 0.07500, -1.471
45.76, 0.07600, -2.414
45.77, 0.07700, -1.606
45.78, 0.07800, -3.812
45.79, 0.07900, -1.422
45.80, 0.08000, -3.145
45.81, 0.08100, -2.555
45.82, 0.08200, -2.135
45.83, 0.08300, -1.886
45.84, 0.08400, -3.015
45.85, 0.08500, -0.6693
45.86, 0.08600, -3.722
45.87, 0.08700, -1.335
45.88, 0.08800, -4.067
45.89, 0.08900, -1.212
45.90, 0.09000, -1.884
45.91, 0.09100, -4.069
45.92, 0.09200, -3.640
45.93, 0.09300, -4.319
45.94, 0.09400, -3.270
45.95, 0.09500, -3.062
45.96, 0.09600, -3.099
45.97, 0.09700, -1.655
45.98, 0.09800, -3.535
45.99, 0.09900, -1.380
46.00, 0.1000, -4.047
46.01, 0.1010, -1.926
46.02, 0.1020, -2.683
46.03, 0.1030, -2.300
46.04, 0.1040, -3.351
46.05, 0.1050, -3.406
46.06, 0.1060, -3.550
46.07, 0.1070, -1.926
46.08, 0.1080, -1.364
46.09, 0.1090, -4.378
46.10, 0.1100, -2.751
46.11, 0.1110, -3.299
46.12, 0.1120, -1.956
46.13, 0.1130, -2.144
46.14, 0.1140, -3.261
46.15, 0.1150, -2.390
46.16, 0.1160, -2.442
46.17, 0.1170, -3.576
46.18, 0.1180, -3.115
46.19, 0.1190, -2.790
46.20, 0.1200, -2.572
46.21, 0.1210, -3.809
46.22, 0.1220, -4.246
46.23, 0.1230, -4.141
46.24, 0.1240, -3.042
46.25, 0.1250, -3.177
46.26, 0.1260, -3.831
46.27, 0.1270, -3.018
46.28, 0.1280, -2.763
46.29, 0.1290, -3.018
46.30, 0.1300, -2.546
46.31, 0.1310, -2.094
46.32, 0.1320, -3.529
46.33, 0.1330, -2.398
46.34, 0.1340, -2.427
46.35, 0.1350, -3.288
46.36, 0.1360, -3.247
46.37, 0.1370, -3.932
46.38, 0.1380, -2.556
46.39, 0.1390, -3.904
46.40, 0.1400, -5.009
46.41, 0.1410, -4.916
46.42, 0.1420, -3.712
46.43, 0.1430, -2.028
46.44, 0.1440, -3.357
46.45, 0.1450, -0.9833
46.46, 0.1460, -3.947
46.47, 0.1470, -0.6417
46.48, 0.1480, -3.511
46.49, 0.1490, -1.559
46.50, 0.1500, -3.019
46.51, 0.1510, -1.964
46.52, 0.1520, -2.649
46.53, 0.1530, -2.327
46.54, 0.1540, -2.907
46.55, 0.1550, -1.555
46.56, 0.1560, -2.914
46.57, 0.1570, -2.647
46.58, 0.1580, -3.354
46.59, 0.1590, -3.306
46.60, 0.1600, -4.139
46.61, 0.1610, -2.982
46.62, 0.1620, -2.297
46.63, 0.1630, -3.088
46.64, 0.1640, -2.641
46.65, 0.1650, -3.321
46.66, 0.1660, -2.398
46.67, 0.1670, -3.547
46.68, 0.1680, -3.190
46.69, 0.1690, -3.601
46.70, 0.1700, -3.676
46.71, 0.1710, -3.299
46.72, 0.1720, -2.569
46.73, 0.1730, -2.095
46.74, 0.1740, -2.396
46.75, 0.1750, -3.905
46.76, 0.1760, -4.696
46.77, 0.1770, -3.374
46.78, 0.1780, -3.227
46.79, 0.1790, -2.383
46.80, 0.1800, -1.852
46.81, 0.1810, -2.594
46.82, 0.1820, -2.895
46.83, 0.1830, -3.836
46.84, 0.1840, -3.062
46.85, 0.1850, -3.637
46.86, 0.1860, -2.521
46.87, 0.1870, -2.362
46.88, 0.1880, -4.436
46.89, 0.1890, -3.603
46.90, 0.1900, -2.869
46.91, 0.1910, -3.026
46.92, 0.1920, -2.427
46.93, 0.1930, -3.681
46.94, 0.1940, -2.167
46.95, 0.1950, -0.9165
46.96, 0.1960, -2.725
46.97, 0.1970, -1.893
46.98, 0.1980, -2.423
46.99, 0.1990, -4.106
47.00, 0.2000, -2.889
47.01, 0.2010, -3.413
47.02, 0.2020, -3.009
47.03, 0.2030, -2.654
47.04, 0.2040, -3.191
47.05, 0.2050, -3.842
47.06, 0.2060, -2.903
47.07, 0.2070, -2.567
47.08, 0.2080, -2.325
47.09, 0.2090, -2.030
47.10, 0.2100, -2.743
47.11, 0.2110, -3.321
47.12, 0.2120, -2.399
47.13, 0.2130, -3.206
47.14, 0.2140, -1.210
47.15, 0.2150, -1.115
47.16, 0.2160, -2.597
47.17, 0.2170, -3.490
47.18, 0.2180, -0.2877
47.19, 0.2190, -2.165
47.20, 0.2200, -2.360
47.21, 0.2210, -1.259
47.22, 0.2220, -1.775
47.23, 0.2230, -1.618
47.24, 0.2240, -1.854
47.25, 0.2250, -2.460
47.26, 0.2260, -0.8667
47.27, 0.2270, -3.197
47.28, 0.2280, -1.423
47.29, 0.2290, -1.385
47.30, 0.2300, -2.978
47.31, 0.2310, -1.380
47.32, 0.2320, -0.7821
47.33, 0.2330, -2.154
47.34, 0.2340, -1.548
47.35, 0.2350, -1.164
47.36, 0.2360, -0.4726
47.37, 0.2370, 0.07774
47.38, 0.2380, -0.8253
47.39, 0.2390, -4.237
47.40, 0.2400, -1.259
47.41, 0.2410, -1.524
47.42, 0.2420, 0.3780
47.43, 0.2430, -0.6077
47.44, 0.2440, -0.06574
47.45, 0.2450, -2.893
47.46, 0.2460, 0.1122
47.47, 0.2470, -1.346
47.48, 0.2480, -1.657
47.49, 0.2490, -0.5868
47.50, 0.2500, -0.9143
47.51, 0.2510, -2.120
47.52, 0.2520, -2.543
47.53, 0.2530, -0.6648
47.54, 0.2540, -0.5193
47.55, 0.2550, -2.225
47.56, 0.2560, -1.605
47.57, 0.2570, -2.227
47.58, 0.2580, -1.976
47.59, 0.2590, -0.1595
47.60, 0.2600, -2.944
47.61, 0.2610, -0.4722
47.62, 0.2620, -2.297
47.63, 0.2630, -1.631
47.64, 0.2640, -2.340
47.65, 0.2650, -2.252
47.66, 0.2660, -2.942
47.67, 0.2670, -2.774
47.68, 0.2680, -2.491
47.69, 0.2690, -2.281
47.70, 0.2700, -0.03161
47.71, 0.2710, -3.088
47.72, 0.2720, -0.7469
47.73, 0.2730, -1.255
47.74, 0.2740, -3.325
47.75, 0.2750, -1.766
47.76, 0.2760, -2.201
47.77, 0.2770, -1.753
47.78, 0.2780, -1.642
47.79, 0.2790, -1.179
47.80, 0.2800, -1.464
47.81, 0.2810, -2.163
47.82, 0.2820, -1.386
47.83, 0.2830, -0.5655
47.84, 0.2840, -1.049
47.85, 0.2850, -3.391
47.86, 0.2860, -2.754
47.87, 0.2870, -3.088
47.88, 0.2880, -1.537
47.89, 0.2890, -2.695
47.90, 0.2900, -0.9569
47.91, 0.2910, -2.002
47.92, 0.2920, -0.3348
47.93, 0.2930, -1.399
47.94, 0.2940, -1.068
47.95, 0.2950, -2.635
47.96, 0.2960, -2.570
47.97, 0.2970, -2.428
47.98, 0.2980, -1.578
47.99, 0.2990, -3.106
48.00, 0.3000, -2.089
48.01, 0.3010, -2.536
48.02, 0.3020, -2.887
48.03, 0.3030, -2.088
48.04, 0.3040, -1.475
48.05, 0.3050, -2.296
48.06, 0.3060, -1.722
48.07, 0.3070, -2.264
48.08, 0.3080, -2.076
48.09, 0.3090, -2.370
48.10, 0.3100, -2.460
48.11, 0.3110, -3.167
48.12, 0.3120, -2.356
48.13, 0.3130, -2.431
48.14, 0.3140, -2.077
48.15, 0.3150, -2.454
48.16, 0.3160, -3.444
48.17, 0.3170, -1.403
48.18, 0.3180, -1.567
48.19, 0.3190, -2.655
48.20, 0.3200, -3.459
48.21, 0.3210, -3.896
48.22, 0.3220, -1.694
48.23, 0.3230, -2.959
48.24, 0.3240, -1.997
48.25, 0.3250, -3.996
48.26, 0.3260, -1.071
48.27, 0.3270, -1.342
48.28, 0.3280, -1.907
48.29, 0.3290, -3.225
48.30, 0.3300, -2.963
48.31, 0.3310, -2.099
48.32, 0.3320, -3.168
48.33, 0.3330, -3.209
48.34, 0.3340, -3.132
48.35, 0.3350, -2.596
48.36, 0.3360, -3.525
48.37, 0.3370, -1.590
48.38, 0.3380, -2.694
48.39, 0.3390, -2.039
48.40, 0.3400, -2.090
48.41, 0.3410, -3.470
48.42, 0.3420, -0.6888
48.43, 0.3430, -2.725
48.44, 0.3440, -1.850
48.45, 0.3450, -2.317
48.46, 0.3460, -1.760
48.47, 0.3470, -1.648
48.48, 0.3480, -3.052
48.49, 0.3490, -4.291
48.50, 0.3500, -4.458
48.51, 0.3510, -3.018
48.52, 0.3520, -1.464
48.53, 0.3530, -1.853
48.54, 0.3540, -3.264
48.55, 0.3550, -2.715
48.56, 0.3560, -3.424
48.57, 0.3570, -2.554
48.58, 0.3580, -3.329
48.59, 0.3590, -4.578
48.60, 0.3600, -2.354
48.61, 0.3610, -3.891
48.62, 0.3620, -1.520
48.63, 0.3630, -2.127
48.64, 0.3640, -3.255
48.65, 0.3650, -2.060
48.66, 0.3660, -1.117
48.67, 0.3670, -3.295
48.68, 0.3680, -1.952
48.69, 0.3690, -2.963
48.70, 0.3700, -3.923
48.71, 0.3710, -3.504
48.72, 0.3720, -4.495
48.73, 0.3730, -0.9059
48.74, 0.3740, -3.432
48.75, 0.3750, -2.167
48.76, 0.3760, -4.373
48.77, 0.3770, -3.702
48.78, 0.3780, -3.094
48.79, 0.3790, -1.954
48.80, 0.3800, -3.377
48.81, 0.3810, -2.262
48.82, 0.3820, -3.604
48.83, 0.3830, -1.015
48.84, 0.3840, -0.6240
48.85, 0.3850, -3.134
48.86, 0.3860, -3.187
48.87, 0.3870, -1.522
48.88, 0.3880, -4.412
48.89, 0.3890, -3.970
48.90, 0.3900, -2.822
48.91, 0.3910, -2.688
48.92, 0.3920, -3.067
48.93, 0.3930, -2.694
48.94, 0.3940, -2.640
48.95, 0.3950, -2.459
48.96, 0.3960, -2.960
48.97, 0.3970, -2.622
48.98, 0.3980, -3.480
48.99, 0.3990, -2.389
49.00, 0.4000, -3.675
49.01, 0.4010, -4.173
49.02, 0.4020, -2.738
49.03, 0.4030, -2.749
49.04, 0.4040, -3.066
49.05, 0.4050, -2.700
49.06, 0.4060, -1.157
49.07, 0.4070, -2.371
49.08, 0.4080, -1.222
49.09, 0.4090, -2.596
49.10, 0.4100, -1.773
49.11, 0.4110, -2.588
49.12, 0.4120, -1.901
49.13, 0.4130, -0.9112
49.14, 0.4140, -2.147
49.15, 0.4150, -1.799
49.16, 0.4160, -2.889
49.17, 0.4170, -2.599
49.18, 0.4180, -3.080
49.19, 0.4190, -3.270
49.20, 0.4200, -2.678
49.21, 0.4210, -2.754
49.22, 0.4220, -2.550
49.23, 0.4230, -1.972
49.24, 0.4240, -2.511
49.25, 0.4250, -2.464
49.26, 0.4260, -3.121
49.27, 0.4270, -2.624
49.28, 0.4280, -4.832
49.29, 0.4290, -4.304
49.30, 0.4300, -2.003
49.31, 0.4310, -4.719
49.32, 0.4320, -2.620
49.33, 0.4330, -2.817
49.34, 0.4340, -1.042
49.35, 0.4350, -3.024
49.36, 0.4360, -1.907
49.37, 0.4370, -2.164
49.38, 0.4380, -1.274
49.39, 0.4390, -3.699
49.40, 0.4400, -2.736
49.41, 0.4410, -3.214
49.42, 0.4420, -2.570
49.43, 0.4430, -3.142
49.44, 0.4440, -2.705
49.45, 0.4450, -1.668
49.46, 0.4460, -3.525
49.47, 0.4470, -1.576
49.48, 0.4480, -3.798
49.49, 0.4490, -1.719
49.50, 0.4500, -3.186
49.51, 0.4510, -1.674
49.52, 0.4520, -3.091
49.53, 0.4530, -4.517
49.54, 0.4540, -1.405
49.55, 0.4550, -2.382
49.56, 0.4560, -1.628
49.57, 0.4570, -3.164
49.58, 0.4580, -1.513
49.59, 0.4590, -3.349
49.60, 0.4600, -1.926
49.61, 0.4610, -2.881
49.62, 0.4620, -3.037
49.63, 0.4630, -2.334
49.64, 0.4640, -2.502
49.65, 0.4650, -2.822
49.66, 0.4660, -2.505
49.67, 0.4670, -3.157
49.68, 0.4680, -3.749
49.69, 0.4690, -3.000
49.70, 0.4700, -2.925
49.71, 0.4710, -2.924
49.72, 0.4720, -3.362
49.73, 0.4730, -2.543
49.74, 0.4740, -3.040
49.75, 0.4750, -2.087
49.76, 0.4760, -4.551
49.77, 0.4770, -1.675
49.78, 0.4780, -2.511
49.79, 0.4790, -3.095
49.80, 0.4800, -3.783
49.81, 0.4810, -2.824
49.82, 0.4820, -2.837
49.83, 0.4830, -2.923
49.84, 0.4840, -2.332
49.85, 0.4850, -5.340
49.86, 0.4860, -2.947
49.87, 0.4870, -2.372
49.88, 0.4880, -2.127
49.89, 0.4890, -3.591
49.90, 0.4900, -3.237
49.91, 0.4910, -1.859
49.92, 0.4920, -2.391
49.93, 0.4930, -2.747
49.94, 0.4940, -2.439
49.95, 0.4950, -2.862
49.96, 0.4960, -3.415
49.97, 0.4970, -1.836
49.98, 0.4980, -3.106
49.99, 0.4990, -2.385
50.00, 0.5000, -2.704
50.01, 0.5010, -2.765
50.02, 0.5020, -3.375
50.03, 0.5030, -3.250
50.04, 0.5040, -1.860
50.05, 0.5050, -3.474
50.06, 0.5060, -2.944
50.07, 0.5070, -2.398
50.08, 0.5080, -2.176
50.09, 0.5090, -2.742
50.10, 0.5100, -2.217
50.11, 0.5110, -1.769
50.12, 0.5120, -2.629
50.13, 0.5130, -3.032
50.14, 0.5140, -3.377
50.15, 0.5150, -2.686
50.16, 0.5160, -3.705
50.17, 0.5170, -3.855
50.18, 0.5180, -2.817
50.19, 0.5190, -4.261
50.20, 0.5200, -4.584
50.21, 0.5210, -2.757
50.22, 0.5220, -2.796
50.23, 0.5230, -3.404
50.24, 0.5240, -3.001
50.25, 0.5250, -2.943
50.26, 0.5260, -3.796
50.27, 0.5270, -2.598
50.28, 0.5280, -2.733
50.29, 0.5290, -2.648
50.30, 0.5300, -3.059
50.31, 0.5310, -1.443
50.32, 0.5320, -3.075
50.33, 0.5330, -0.9634
50.34, 0.5340, -2.628
50.35, 0.5350, -2.082
50.36, 0.5360, -2.015
50.37, 0.5370, -2.888
50.38, 0.5380, -2.254
50.39, 0.5390, -3.271
50.40, 0.5400, -1.599
50.41, 0.5410, -1.270
50.42, 0.5420, -2.463
50.43, 0.5430, -4.297
50.44, 0.5440, -3.676
50.45, 0.5450, -2.971
50.46, 0.5460, -2.776
50.47, 0.5470, -3.267
50.48, 0.5480, -3.344
50.49, 0.5490, -2.772
50.50, 0.5500, -4.154
50.51, 0.5510, -3.274
50.52, 0.5520, -4.542
50.53, 0.5530, -1.658
50.54, 0.5540, -3.136
50.55, 0.5550, -2.519
50.56, 0.5560, -1.539
50.57, 0.5570, -3.061
50.58, 0.5580, -3.640
50.59, 0.5590, -2.479
50.60, 0.5600, -1.801
50.61, 0.5610, -2.671
50.62, 0.5620, -3.268
50.63, 0.5630, -2.088
50.64, 0.5640, -1.872
50.65, 0.5650, -1.641
50.66, 0.5660, -2.372
50.67, 0.5670, -2.462
50.68, 0.5680, -4.183
50.69, 0.5690, -2.970
50.70, 0.5700, -2.339
50.71, 0.5710, -3.429
50.72, 0.5720, -1.896
50.73, 0.5730, -1.021
50.74, 0.5740, -1.937
50.75, 0.5750, -2.225
50.76, 0.5760, -3.838
50.77, 0.5770, -2.822
50.78, 0.5780, -2.846
50.79, 0.5790, -2.624
50.80, 0.5800, -2.922
50.81, 0.5810, -2.181
50.82, 0.5820, -2.427
50.83, 0.5830, -2.351
50.84, 0.5840, -2.949
50.85, 0.5850, -2.198
50.86, 0.5860, -2.725
50.87, 0.5870, -2.972
50.88, 0.5880, -1.874
50.89, 0.5890, -3.546
50.90, 0.5900, -2.237
50.91, 0.5910, -2.361
50.92, 0.5920, -2.914
50.93, 0.5930, -2.335
50.94, 0.5940, -3.641
50.95, 0.5950, -1.117
50.96, 0.5960, -3.417
50.97, 0.5970, -2.039
50.98, 0.5980, -3.665
50.99, 0.5990, -2.917
51.00, 0.6000, -2.642
51.01, 0.6010, -3.862
51.02, 0.6020, -2.270
51.03, 0.6030, -2.455
51.04, 0.6040, -1.465
51.05, 0.6050, -2.960
51.06, 0.6060, -2.120
51.07, 0.6070, -3.042
51.08, 0.6080, -3.269
51.09, 0.6090, -1.996
51.10, 0.6100, -3.488
51.11, 0.6110, -1.834
51.12, 0.6120, -3.341
51.13, 0.6130, -3.464
51.14, 0.6140, -2.086
51.15, 0.6150, -1.671
51.16, 0.6160, -0.9868
51.17, 0.6170, -2.320
51.18, 0.6180, -1.136
51.19, 0.6190, -1.898
51.20, 0.6200, -2.579
51.21, 0.6210, -2.672
51.22, 0.6220, -2.214
51.23, 0.6230, -2.350
51.24, 0.6240, -1.294
51.25, 0.6250, -1.877
51.26, 0.6260, -1.831
51.27, 0.6270, -3.306
51.28, 0.6280, -2.951
51.29, 0.6290, -4.297
51.30, 0.6300, -0.9881
51.31, 0.6310, -3.960
51.32, 0.6320, -3.536
51.33, 0.6330, -2.783
51.34, 0.6340, -1.318
51.35, 0.6350, -2.773
51.36, 0.6360, -3.612
51.37, 0.6370, -2.225
51.38, 0.6380, -3.275
51.39, 0.6390, -2.137
51.40, 0.6400, -4.101
51.41, 0.6410, -1.279
51.42, 0.6420, -3.667
51.43, 0.6430, -2.275
51.44, 0.6440, -3.897
51.45, 0.6450, -1.002
51.46, 0.6460, -3.340
51.47, 0.6470, -2.731
51.48, 0.6480, -2.698
51.49, 0.6490, -2.674
51.50, 0.6500, -2.258
51.51, 0.6510, -3.692
51.52, 0.6520, -2.743
51.53, 0.6530, -2.631
51.54, 0.6540, -2.816
51.55, 0.6550, -2.294
51.56, 0.6560, -1.830
51.57, 0.6570, -2.769
51.58, 0.6580, -1.174
51.59, 0.6590, -3.407
51.60, 0.6600, -2.667
51.61, 0.6610, -1.607
51.62, 0.6620, -2.544
51.63, 0.6630, -2.606
51.64, 0.6640, -2.480
51.65, 0.6650, -1.097
51.66, 0.6660, -2.265
51.67, 0.6670, -2.095
51.68, 0.6680, -3.199
51.69, 0.6690, -3.068
51.70, 0.6700, -3.196
51.71, 0.6710, -2.451
51.72, 0.6720, -2.067
51.73, 0.6730, -3.394
51.74, 0.6740, -3.665
51.75, 0.6750, -2.724
51.76, 0.6760, -3.449
51.77, 0.6770, -1.671
51.78, 0.6780, -3.424
51.79, 0.6790, -2.010
51.80, 0.6800, -2.080
51.81, 0.6810, -3.496
51.82, 0.6820, -4.474
51.83, 0.6830, -2.834
51.84, 0.6840, -4.275
51.85, 0.6850, -1.498
51.86, 0.6860, -2.861
51.87, 0.6870, -2.301
51.88, 0.6880, -3.043
51.89, 0.6890, -4.551
51.90, 0.6900, -2.679
51.91, 0.6910, -2.587
51.92, 0.6920, -0.9946
51.93, 0.6930, -1.859
51.94, 0.6940, -2.866
51.95, 0.6950, -2.093
51.96, 0.6960, -1.749
51.97, 0.6970, -1.974
51.98, 0.6980, -3.973
51.99, 0.6990, -1.314
52.00, 0.7000, -2.840
52.01, 0.7010, -0.8025
52.02, 0.7020, -3.251
52.03, 0.7030, -1.819
52.04, 0.7040, -4.672
52.05, 0.7050, -1.645
52.06, 0.7060, -0.5742
52.07, 0.7070, -1.764
52.08, 0.7080, -2.548
52.09, 0.7090, -2.910
52.10, 0.7100, -2.539
52.11, 0.7110, -3.103
52.12, 0.7120, -2.576
52.13, 0.7130, -2.606
52.14, 0.7140, -1.927
52.15, 0.7150, -2.684
52.16, 0.7160, -3.413
52.17, 0.7170, -3.005
52.18, 0.7180, -2.405
52.19, 0.7190, -2.009
52.20, 0.7200, -2.029
52.21, 0.7210, -1.704
52.22, 0.7220, -2.549
52.23, 0.7230, -2.656
52.24, 0.7240, -4.034
52.25, 0.7250, -2.533
52.26, 0.7260, -2.084
52.27, 0.7270, -2.713
52.28, 0.7280, -3.275
52.29, 0.7290, -4.013
52.30, 0.7300, -2.137
52.31, 0.7310, -2.850
52.32, 0.7320, -2.385
52.33, 0.7330, -0.5656
52.34, 0.7340, -3.763
52.35, 0.7350, -2.188
52.36, 0.7360, -2.460
52.37, 0.7370, -2.211
52.38, 0.7380, -2.901
52.39, 0.7390, -3.878
52.40, 0.7400, -1.163
52.41, 0.7410, -3.695
52.42, 0.7420, -0.3437
52.43, 0.7430, -2.915
52.44, 0.7440, -2.582
52.45, 0.7450, -1.473
52.46, 0.7460, -1.335
52.47, 0.7470, -1.505
52.48, 0.7480, -1.898
52.49, 0.7490, -2.140
52.50, 0.7500, -3.073
52.51, 0.7510, -4.097
52.52, 0.7520, -1.579
52.53, 0.7530, -3.641
52.54, 0.7540, -2.315
52.55, 0.7550, -2.486
52.56, 0.7560, -1.231
52.57, 0.7570, -2.288
52.58, 0.7580, -2.613
52.59, 0.7590, -1.176
52.60, 0.7600, -2.922
52.61, 0.7610, -1.397
52.62, 0.7620, -2.151
52.63, 0.7630, -1.944
52.64, 0.7640, -2.095
52.65, 0.7650, -1.486
52.66, 0.7660, -3.168
52.67, 0.7670, -1.957
52.68, 0.7680, -1.098
52.69, 0.7690, -2.512
52.70, 0.7700, -1.504
52.71, 0.7710, -2.261
52.72, 0.7720, -0.6021
52.73, 0.7730, -2.215
52.74, 0.7740, -2.333
52.75, 0.7750, -1.560
52.76, 0.7760, -0.9674
52.77, 0.7770, -0.6260
52.78, 0.7780, -2.394
52.79, 0.7790, -1.967
52.80, 0.7800, -3.489
52.81, 0.7810, -0.7032
52.82, 0.7820, -1.888
52.83, 0.7830, -2.434
52.84, 0.7840, -1.161
52.85, 0.7850, -2.243
52.86, 0.7860, -2.043
52.87, 0.7870, -1.158
52.88, 0.7880, -0.4244
52.89, 0.7890, -2.104
52.90, 0.7900, -1.476
52.91, 0.7910, -0.7004
52.92, 0.7920, -2.533
52.93, 0.7930, -1.412
52.94, 0.7940, -2.601
52.95, 0.7950, -3.434
52.96, 0.7960, -1.942
52.97, 0.7970, -3.066
52.98, 0.7980, -1.971
52.99, 0.7990, -2.793
53.00, 0.8000, -1.805
53.01, 0.8010, -1.982
53.02, 0.8020, -3.332
53.03, 0.8030, -2.502
53.04, 0.8040, -2.361
53.05, 0.8050, -3.679
53.06, 0.8060, -1.047
53.07, 0.8070, -2.454
53.08, 0.8080, -3.023
53.09, 0.8090, -1.788
53.10, 0.8100, -2.388
53.11, 0.8110, -3.482
53.12, 0.8120, -2.952
53.13, 0.8130, -1.668
53.14, 0.8140, -2.171
53.15, 0.8150, -2.911
53.16, 0.8160, -2.747
53.17, 0.8170, -2.419
53.18, 0.8180, -1.347
53.19, 0.8190, -2.034
53.20, 0.8200, -2.762
53.21, 0.8210, -2.320
53.22, 0.8220, -2.534
53.23, 0.8230, -2.685
53.24, 0.8240, -3.352
53.25, 0.8250, -0.9202
53.26, 0.8260, -3.650
53.27, 0.8270, -2.833
53.28, 0.8280, -1.697
53.29, 0.8290, -3.292
53.30, 0.8300, -1.258
53.31, 0.8310, -1.360
53.32, 0.8320, -0.2081
53.33, 0.8330, -1.214
53.34, 0.8340, -1.005
53.35, 0.8350, -1.048
53.36, 0.8360, -1.653
53.37, 0.8370, -1.682
53.38, 0.8380, -2.087
53.39, 0.8390, -2.110
53.40, 0.8400, -2.603
53.41, 0.8410, -3.742
53.42, 0.8420, -1.146
53.43, 0.8430, -3.220
53.44, 0.8440, -0.3333
53.45, 0.8450, -2.045
53.46, 0.8460, -2.543
53.47, 0.8470, -2.852
53.48, 0.8480, -2.666
53.49, 0.8490, -2.088
53.50, 0.8500, -1.759
53.51, 0.8510, -2.295
53.52, 0.8520, -3.006
53.53, 0.8530, -1.705
53.54, 0.8540, -0.9730
53.55, 0.8550, -2.171
53.56, 0.8560, -1.448
53.57, 0.8570, -2.512
53.58, 0.8580, -1.945
53.59, 0.8590, -1.621
53.60, 0.8600, -2.492
53.61, 0.8610, -3.278
53.62, 0.8620, -3.225
53.63, 0.8630, -2.353
53.64, 0.8640, -3.063
53.65, 0.8650, -2.492
53.66, 0.8660, -1.044
53.67, 0.8670, -2.538
53.68, 0.8680, -1.565
53.69, 0.8690, -2.200
53.70, 0.8700, -2.147
53.71, 0.8710, -0.3726
53.72, 0.8720, -1.429
53.73, 0.8730, -0.8996
53.74, 0.8740, -2.159
53.75, 0.8750, -3.316
53.76, 0.8760, -1.594
53.77, 0.8770, -1.323
53.78, 0.8780, -1.000
53.79, 0.8790, -1.619
53.80, 0.8800, -2.642
53.81, 0.8810, -1.710
53.82, 0.8820, -3.513
53.83, 0.8830, -1.371
53.84, 0.8840, -0.6985
53.85, 0.8850, -0.6207
53.86, 0.8860, -1.248
53.87, 0.8870, -2.345
53.88, 0.8880, -1.624
53.89, 0.8890, -2.155
53.90, 0.8900, -1.263
53.91, 0.8910, -1.504
53.92, 0.8920, -1.070
53.93, 0.8930, -2.511
53.94, 0.8940, -2.856
53.95, 0.8950, -0.6235
53.96, 0.8960, -2.347
53.97, 0.8970, 0.2317
53.98, 0.8980, -1.789
53.99, 0.8990, -0.6884
54.00, 0.9000, -2.260
54.01, 0.9010, -2.625
54.02, 0.9020, -1.917
54.03, 0.9030, -2.339
54.04, 0.9040, -1.963
54.05, 0.9050, -0.4934
54.06, 0.9060, -0.7151
54.07, 0.9070, -0.4795
54.08, 0.9080, -1.963
54.09, 0.9090, -0.003924
54.10, 0.9100, -2.178
54.11, 0.9110, -0.1987
54.12, 0.9120, -2.139
54.13, 0.9130, 1.046
54.14, 0.9140, 0.7570
54.15, 0.9150, -1.000
54.16, 0.9160, 0.1420
54.17, 0.9170, -0.6564
54.18, 0.9180, -0.4559
54.19, 0.9190, -2.364
54.20, 0.9200, -1.573
54.21, 0.9210, -1.692
54.22, 0.9220, -1.504
54.23, 0.9230, -1.203
54.24, 0.9240, -1.301
54.25, 0.9250, -1.385
54.26, 0.9260, -1.410
54.27, 0.9270, -0.9773
54.28, 0.9280, -0.6269
54.29, 0.9290, -0.7283
54.30, 0.9300, -1.160
54.31, 0.9310, -1.267
54.32, 0.9320, -0.4315
54.33, 0.9330, -1.889
54.34, 0.9340, 0.4542
54.35, 0.9350, -0.001424
54.36, 0.9360, -1.140
54.37, 0.9370, 0.2662
54.38, 0.9380, -0.4082
54.39, 0.9390, 0.1306
54.40, 0.9400, -2.479
54.41, 0.9410, 0.4468
54.42, 0.9420, -1.450
54.43, 0.9430, -0.2986
54.44, 0.9440, -0.05416
54.45, 0.9450, -0.7421
54.46, 0.9460, 0.2691
54.47, 0.9470, -0.4120
54.48, 0.9480, -0.3375
54.49, 0.9490, -0.3518
54.50, 0.9500, 0.1856
54.51, 0.9510, 0.5530
54.52, 0.9520, 0.01117
54.53, 0.9530, -1.412
54.54, 0.9540, -1.479
54.55, 0.9550, 1.113
54.56, 0.9560, -1.310
54.57, 0.9570, 0.3090
54.58, 0.9580, 0.7288
54.59, 0.9590, -1.138
54.60, 0.9600, 1.288
54.61, 0.9610, -0.9950
54.62, 0.9620, -0.4122
54.63, 0.9630, -1.481
54.64, 0.9640, -0.9854
54.65, 0.9650, 1.152
54.66, 0.9660, 0.1778
54.67, 0.9670, 0.6111
54.68, 0.9680, 0.2392
54.69, 0.9690, -0.6530
54.70, 0.9700, -2.299
54.71, 0.9710, -1.128
54.72, 0.9720, 0.06452
54.73, 0.9730, 0.2850
54.74, 0.9740, -0.8490
54.75, 0.9750, -0.2744
54.76, 0.9760, -0.2556
54.77, 0.9770, -1.591
54.78, 0.9780, -1.316
54.79, 0.9790, 1.511
54.80, 0.9800, -0.7004
54.81, 0.9810, -0.7252
54.82, 0.9820, -0.7419
54.83, 0.9830, -1.365
54.84, 0.9840, -0.6163
54.85, 0.9850, -1.157
54.86, 0.9860, 0.2577
54.87, 0.9870, -0.6238
54.88, 0.9880, 1.017
54.89, 0.9890, 0.3072
54.90, 0.9900, -2.371
54.91, 0.9910, -0.1396
54.92, 0.9920, -0.5998
54.93, 0.9930, -0.3620
54.94, 0.9940, 1.121
54.95, 0.9950, -0.3764
54.96, 0.9960, 0.5792
54.97, 0.9970, -0.4656
54.98, 0.9980, 0.06957
54.99, 0.9990, 0.7473
55.00, 1.000, 1.153
55.01, 1.001, -1.090
55.02, 1.002, 1.066
55.03, 1.003, 0.1461
55.04, 1.004, 0.8170
55.05, 1.005, 0.1617
55.06, 1.006, 0.04456
55.07, 1.007, 0.5634
55.08, 1.008, 0.04475
55.09, 1.009, 0.6040
55.10, 1.010, -0.1622
55.11, 1.011, -0.3162
55.12, 1.012, 1.229
55.13, 1.013, -0.8234
55.14, 1.014, -0.08961
55.15, 1.015, 0.03226
55.16, 1.016, 1.003
55.17, 1.017, 0.04637
55.18, 1.018, -0.9579
55.19, 1.019, -0.2794
55.20, 1.020, 0.3213
55.21, 1.021, 0.5912
55.22, 1.022, 0.5685
55.23, 1.023, 0.9234
55.24, 1.024, 0.9022
55.25, 1.025, 0.2380
55.26, 1.026, 0.4659
55.27, 1.027, 1.144
55.28, 1.028, 0.9040
55.29, 1.029, 1.053
55.30, 1.030, -0.6131
55.31, 1.031, 2.242
55.32, 1.032, 0.2055
55.33, 1.033, -0.3860
55.34, 1.034, -0.8067
55.35, 1.035, 1.108
55.36, 1.036, 1.359
55.37, 1.037, 1.196
55.38, 1.038, 1.747
55.39, 1.039, 1.658
55.40, 1.040, 0.7389
55.41, 1.041, 2.446
55.42, 1.042, 1.146
55.43, 1.043, 1.133
55.44, 1.044, 2.007
55.45, 1.045, 0.2111
55.46, 1.046, 2.417
55.47, 1.047, 0.09022
55.48, 1.048, 0.1266
55.49, 1.049, 2.272
55.50, 1.050, 0.3661
55.51, 1.051, 1.326
55.52, 1.052, -0.01971
55.53, 1.053, 2.664
55.54, 1.054, 1.977
55.55, 1.055, 1.713
55.56, 1.056, 2.844
55.57, 1.057, 0.9207
55.58, 1.058, 1.265
55.59, 1.059, 2.290
55.60, 1.060, 2.290
55.61, 1.061, 1.234
55.62, 1.062, 0.9493
55.63, 1.063, 0.9409
55.64, 1.064, 2.270
55.65, 1.065, 0.7314
55.66, 1.066, 2.516
55.67, 1.067, 2.350
55.68, 1.068, 2.154
55.69, 1.069, 2.085
55.70, 1.070, 0.3247
55.71, 1.071, 1.428
55.72, 1.072, 2.050
55.73, 1.073, 1.466
55.74, 1.074, 3.355
55.75, 1.075, 0.7701
55.76, 1.076, 2.449
55.77, 1.077, 2.818
55.78, 1.078, 0.7995
55.79, 1.079, 1.646
55.80, 1.080, 0.3330
55.81, 1.081, 1.856
55.82, 1.082, 1.701
55.83, 1.083, 2.172
55.84, 1.084, 2.618
55.85, 1.085, 2.328
55.86, 1.086, 2.987
55.87, 1.087, 1.792
55.88, 1.088, 1.490
55.89, 1.089, 3.351
55.90, 1.090, 2.694
55.91, 1.091, 0.9339
55.92, 1.092, 4.101
55.93, 1.093, 2.860
55.94, 1.094, 2.132
55.95, 1.095, 1.093
55.96, 1.096, 1.503
55.97, 1.097, 3.645
55.98, 1.098, 0.9722
55.99, 1.099, 1.550
56.00, 1.100, 3.052
56.01, 1.101, 3.616
56.02, 1.102, 2.614
56.03, 1.103, 2.508
56.04, 1.104, 1.534
56.05, 1.105, 2.385
56.06, 1.106, 3.070
56.07, 1.107, 0.2033
56.08, 1.108, 3.452
56.09, 1.109, 3.428
56.10, 1.110, 4.191
56.11, 1.111, 2.634
56.12, 1.112, 2.997
56.13, 1.113, 1.365
56.14, 1.114, 2.415
56.15, 1.115, 3.146
56.16, 1.116, 2.362
56.17, 1.117, 4.568
56.18, 1.118, 4.006
56.19, 1.119, 2.098
56.20, 1.120, 2.968
56.21, 1.121, 2.947
56.22, 1.122, 4.825
56.23, 1.123, 3.371
56.24, 1.124, 3.574
56.25, 1.125, 3.346
56.26, 1.126, 4.151
56.27, 1.127, 3.228
56.28, 1.128, 4.204
56.29, 1.129, 2.913
56.30, 1.130, 4.162
56.31, 1.131, 4.461
56.32, 1.132, 4.649
56.33, 1.133, 5.029
56.34, 1.134, 4.276
56.35, 1.135, 4.024
56.36, 1.136, 4.218
56.37, 1.137, 3.111
56.38, 1.138, 4.731
56.39, 1.139, 4.207
56.40, 1.140, 5.331
56.41, 1.141, 2.280
56.42, 1.142, 2.467
56.43, 1.143, 2.759
56.44, 1.144, 3.277
56.45, 1.145, 3.795
56.46, 1.146, 3.283
56.47, 1.147, 3.394
56.48, 1.148, 3.262
56.49, 1.149, 4.731
56.50, 1.150, 2.826
56.51, 1.151, 4.678
56.52, 1.152, 4.291
56.53, 1.153, 4.684
56.54, 1.154, 3.480
56.55, 1.155, 3.862
56.56, 1.156, 4.034
56.57, 1.157, 5.417
56.58, 1.158, 4.039
56.59, 1.159, 3.775
56.60, 1.160, 5.535
56.61, 1.161, 4.200
56.62, 1.162, 6.153
56.63, 1.163, 4.054
56.64, 1.164, 5.736
56.65, 1.165, 5.027
56.66, 1.166, 4.603
56.67, 1.167, 6.198
56.68, 1.168, 5.015
56.69, 1.169, 5.390
56.70, 1.170, 3.495
56.71, 1.171, 4.933
56.72, 1.172, 5.214
56.73, 1.173, 5.624
56.74, 1.174, 5.703
56.75, 1.175, 5.113
56.76, 1.176, 3.788
56.77, 1.177, 4.942
56.78, 1.178, 5.508
56.79, 1.179, 4.726
56.80, 1.180, 5.496
56.81, 1.181, 5.504
56.82, 1.182, 5.196
56.83, 1.183, 5.130
56.84, 1.184, 5.006
56.85, 1.185, 4.972
56.86, 1.186, 6.573
56.87, 1.187, 3.618
56.88, 1.188, 4.867
56.89, 1.189, 6.516
56.90, 1.190, 6.112
56.91, 1.191, 5.604
56.92, 1.192, 5.884
56.93, 1.193, 5.831
56.94, 1.194, 5.489
56.95, 1.195, 5.100
56.96, 1.196, 5.490
56.97, 1.197, 5.593
56.98, 1.198, 6.185
56.99, 1.199, 5.411
57.00, 1.200, 5.120
57.01, 1.201, 6.186
57.02, 1.202, 4.730
57.03, 1.203, 6.920
57.04, 1.204, 6.714
57.05, 1.205, 6.677
57.06, 1.206, 6.322
57.07, 1.207, 8.173
57.08, 1.208, 6.378
57.09, 1.209, 6.288
57.10, 1.210, 5.284
57.11, 1.211, 7.739
57.12, 1.212, 6.875
57.13, 1.213, 5.677
57.14, 1.214, 7.221
57.15, 1.215, 6.245
57.16, 1.216, 6.350
57.17, 1.217, 6.351
57.18, 1.218, 6.121
57.19, 1.219, 6.795
57.20, 1.220, 7.657
57.21, 1.221, 5.985
57.22, 1.222, 7.193
57.23, 1.223, 6.465
57.24, 1.224, 7.609
57.25, 1.225, 7.065
57.26, 1.226, 6.361
57.27, 1.227, 5.822
57.28, 1.228, 7.218
57.29, 1.229, 6.664
57.30, 1.230, 6.557
57.31, 1.231, 7.141
57.32, 1.232, 7.947
57.33, 1.233, 6.567
57.34, 1.234, 8.293
57.35, 1.235, 7.221
57.36, 1.236, 6.901
57.37, 1.237, 7.194
57.38, 1.238, 7.602
57.39, 1.239, 6.860
57.40, 1.240, 7.097
57.41, 1.241, 6.945
57.42, 1.242, 7.849
57.43, 1.243, 7.764
57.44, 1.244, 8.591
57.45, 1.245, 8.773
57.46, 1.246, 8.214
57.47, 1.247, 8.289
57.48, 1.248, 8.291
57.49, 1.249, 7.705
57.50, 1.250, 8.037
57.51, 1.251, 6.662
57.52, 1.252, 8.081
57.53, 1.253, 7.879
57.54, 1.254, 8.963
57.55, 1.255, 6.792
57.56, 1.256, 8.810
57.57, 1.257, 6.391
57.58, 1.258, 9.197
57.59, 1.259, 7.519
57.60, 1.260, 7.664
57.61, 1.261, 8.612
57.62, 1.262, 6.759
57.63, 1.263, 7.135
57.64, 1.264, 7.270
57.65, 1.265, 8.419
57.66, 1.266, 9.346
57.67, 1.267, 7.082
57.68, 1.268, 8.816
57.69, 1.269, 8.196
57.70, 1.270, 8.442
57.71, 1.271, 8.819
57.72, 1.272, 8.017
57.73, 1.273, 9.167
57.74, 1.274, 8.040
57.75, 1.275, 9.725
57.76, 1.276, 7.637
57.77, 1.277, 9.843
57.78, 1.278, 8.905
57.79, 1.279, 9.799
57.80, 1.280, 8.972
57.81, 1.281, 8.883
57.82, 1.282, 9.906
57.83, 1.283, 8.054
57.84, 1.284, 9.291
57.85, 1.285, 8.620
57.86, 1.286, 8.975
57.87, 1.287, 8.946
57.88, 1.288, 10.18
57.89, 1.289, 9.289
57.90, 1.290, 10.49
57.91, 1.291, 9.832
57.92, 1.292, 10.44
57.93, 1.293, 9.610
57.94, 1.294, 10.34
57.95, 1.295, 9.039
57.96, 1.296, 9.115
57.97, 1.297, 10.58
57.98, 1.298, 9.239
57.99, 1.299, 8.712
58.00, 1.300, 10.19
58.01, 1.301, 11.75
58.02, 1.302, 10.04
58.03, 1.303, 10.16
58.04, 1.304, 10.26
58.05, 1.305, 10.27
58.06, 1.306, 10.71
58.07, 1.307, 10.34
58.08, 1.308, 11.07
58.09, 1.309, 11.42
58.10, 1.310, 12.01
58.11, 1.311, 10.79
58.12, 1.312, 11.90
58.13, 1.313, 10.61
58.14, 1.314, 11.76
58.15, 1.315, 11.50
58.16, 1.316, 11.36
58.17, 1.317, 11.70
58.18, 1.318, 11.38
58.19, 1.319, 10.48
58.20, 1.320, 10.41
58.21, 1.321, 10.48
58.22, 1.322, 11.60
58.23, 1.323, 11.94
58.24, 1.324, 12.46
58.25, 1.325, 11.09
58.26, 1.326, 11.50
58.27, 1.327, 12.21
58.28, 1.328, 11.31
58.29, 1.329, 12.43
58.30, 1.330, 12.71
58.31, 1.331, 11.42
58.32, 1.332, 12.49
58.33, 1.333, 12.05
58.34, 1.334, 13.24
58.35, 1.335, 12.84
58.36, 1.336, 13.60
58.37, 1.337, 12.63
58.38, 1.338, 13.66
58.39, 1.339, 13.14
58.40, 1.340, 14.10
58.41, 1.341, 12.06
58.42, 1.342, 12.18
58.43, 1.343, 13.09
58.44, 1.344, 13.95
58.45, 1.345, 12.67
58.46, 1.346, 13.19
58.47, 1.347, 14.88
58.48, 1.348, 13.03
58.49, 1.349, 14.12
58.50, 1.350, 13.71
58.51, 1.351, 14.06
58.52, 1.352, 14.36
58.53, 1.353, 14.41
58.54, 1.354, 13.66
58.55, 1.355, 14.44
58.56, 1.356, 14.15
58.57, 1.357, 14.99
58.58, 1.358, 14.20
58.59, 1.359, 14.71
58.60, 1.360, 14.11
58.61, 1.361, 15.44
58.62, 1.362, 15.34
58.63, 1.363, 14.35
58.64, 1.364, 16.08
58.65, 1.365, 15.64
58.66, 1.366, 15.88
58.67, 1.367, 14.49
58.68, 1.368, 16.09
58.69, 1.369, 16.15
58.70, 1.370, 15.99
58.71, 1.371, 16.46
58.72, 1.372, 16.53
58.73, 1.373, 17.32
58.74, 1.374, 17.84
58.75, 1.375, 17.80
58.76, 1.376, 16.64
58.77, 1.377, 18.12
58.78, 1.378, 17.10
58.79, 1.379, 19.47
58.80, 1.380, 17.76
58.81, 1.381, 17.81
58.82, 1.382, 16.49
58.83, 1.383, 17.93
58.84, 1.384, 19.00
58.85, 1.385, 18.85
58.86, 1.386, 20.05
58.87, 1.387, 18.70
58.88, 1.388, 17.75
58.89, 1.389, 18.64
58.90, 1.390, 18.90
58.91, 1.391, 18.58
58.92, 1.392, 20.15
58.93, 1.393, 19.98
58.94, 1.394, 19.69
58.95, 1.395, 19.56
58.96, 1.396, 22.42
58.97, 1.397, 23.36
58.98, 1.398, 22.05
58.99, 1.399, 24.25
59.00, 1.400, 23.12
59.01, 1.401, 22.17
59.02, 1.402, 22.23
59.03, 1.403, 22.48
59.04, 1.404, 23.78
59.05, 1.405, 22.67
59.06, 1.406, 24.48
59.07, 1.407, 23.00
59.08, 1.408, 24.10
59.09, 1.409, 23.78
59.10, 1.410, 22.84
59.11, 1.411, 23.37
59.12, 1.412, 25.11
59.13, 1.413, 26.87
59.14, 1.414, 25.90
59.15, 1.415, 27.33
59.16, 1.416, 25.03
59.17, 1.417, 26.86
59.18, 1.418, 26.98
59.19, 1.419, 29.16
59.20, 1.420, 28.55
59.21, 1.421, 28.82
59.22, 1.422, 28.39
59.23, 1.423, 26.73
59.24, 1.424, 28.34
59.25, 1.425, 30.78
59.26, 1.426, 32.16
59.27, 1.427, 31.53
59.28, 1.428, 34.64
59.29, 1.429, 35.65
59.30, 1.430, 37.12
59.31, 1.431, 34.14
59.32, 1.432, 35.25
59.33, 1.433, 37.28
59.34, 1.434, 38.37
59.35, 1.435, 38.77
59.36, 1.436, 37.86
59.37, 1.437, 38.21
59.38, 1.438, 37.93
59.39, 1.439, 37.48
59.40, 1.440, 38.21
59.41, 1.441, 39.40
59.42, 1.442, 39.27
59.43, 1.443, 39.66
59.44, 1.444, 40.64
59.45, 1.445, 41.41
59.46, 1.446, 42.61
59.47, 1.447, 42.40
59.48, 1.448, 42.43
59.49, 1.449, 43.18
59.50, 1.450, 45.22
59.51, 1.451, 44.25
59.52, 1.452, 45.80
59.53, 1.453, 45.12
59.54, 1.454, 45.52
59.55, 1.455, 46.24
59.56, 1.456, 46.71
59.57, 1.457, 47.36
59.58, 1.458, 48.02
59.59, 1.459, 49.18
59.60, 1.460, 50.65
59.61, 1.461, 51.79
59.62, 1.462, 52.11
59.63, 1.463, 52.95
59.64, 1.464, 53.65
59.65, 1.465, 55.10
59.66, 1.466, 54.95
59.67, 1.467, 55.45
59.68, 1.468, 57.02
59.69, 1.469, 56.30
59.70, 1.470, 58.60
59.71, 1.471, 58.00
59.72, 1.472, 60.16
59.73, 1.473, 61.10
59.74, 1.474, 61.02
59.75, 1.475, 62.39
59.76, 1.476, 64.39
59.77, 1.477, 65.06
59.78, 1.478, 65.41
59.79, 1.479, 66.73
59.80, 1.480, 69.61
59.81, 1.481, 70.63
59.82, 1.482, 71.69
59.83, 1.483, 72.80
59.84, 1.484, 74.24
59.85, 1.485, 74.87
59.86, 1.486, 76.36
59.87, 1.487, 76.71
59.88, 1.488, 79.84
59.89, 1.489, 78.85
59.90, 1.490, 81.58
59.91, 1.491, 82.98
59.92, 1.492, 85.25
59.93, 1.493, 84.69
59.94, 1.494, 85.20
59.95, 1.495, 88.27
59.96, 1.496, 90.37
59.97, 1.497, 91.53
59.98, 1.498, 92.75
59.99, 1.499, 94.43
60.00, 1.500, 94.96
60.01, 1.501, 95.96
60.02, 1.502, 95.63
60.03, 1.503, 99.87
60.04, 1.504, 100.3
60.05, 1.505, 100.8
60.06, 1.506, 103.3
60.07, 1.507, 104.3
60.08, 1.508, 107.1
60.09, 1.509, 107.4
60.10, 1.510, 109.5
60.11, 1.511, 109.0
60.12, 1.512, 113.5
60.13, 1.513, 113.7
60.14, 1.514, 114.7
60.15, 1.515, 118.8
60.16, 1.516, 118.7
60.17, 1.517, 120.1
60.18, 1.518, 122.4
60.19, 1.519, 122.9
60.20, 1.520, 125.7
60.21, 1.521, 124.4
60.22, 1.522, 130.3
60.23, 1.523, 130.3
60.24, 1.524, 132.5
60.25, 1.525, 134.4
60.26, 1.526, 135.0
60.27, 1.527, 138.5
60.28, 1.528, 137.5
60.29, 1.529, 140.2
60.30, 1.530, 140.7
60.31, 1.531, 143.4
60.32, 1.532, 145.9
60.33, 1.533, 145.8
60.34, 1.534, 149.1
60.35, 1.535, 148.0
60.36, 1.536, 152.0
60.37, 1.537, 151.7
60.38, 1.538, 155.0
60.39, 1.539, 156.0
60.40, 1.540, 158.6
60.41, 1.541, 161.0
60.42, 1.542, 162.0
60.43, 1.543, 163.6
60.44, 1.544, 166.1
60.45, 1.545, 167.7
60.46, 1.546, 170.1
60.47, 1.547, 170.7
60.48, 1.548, 173.1
60.49, 1.549, 174.7
60.50, 1.550, 175.6
60.51, 1.551, 177.4
60.52, 1.552, 178.2
60.53, 1.553, 180.1
60.54, 1.554, 183.2
60.55, 1.555, 183.3
60.56, 1.556, 185.8
60.57, 1.557, 188.9
60.58, 1.558, 190.6
60.59, 1.559, 192.2
60.60, 1.560, 192.5
60.61, 1.561, 194.9
60.62, 1.562, 197.5
60.63, 1.563, 197.4
60.64, 1.564, 199.7
60.65, 1.565, 200.2
60.66, 1.566, 202.7
60.67, 1.567, 202.9
60.68, 1.568, 206.0
60.69, 1.569, 207.4
60.70, 1.570, 208.1
60.71, 1.571, 212.6
60.72, 1.572, 212.7
60.73, 1.573, 214.9
60.74, 1.574, 217.2
60.75, 1.575, 218.9
60.76, 1.576, 222.1
60.77, 1.577, 221.5
60.78, 1.578, 225.9
60.79, 1.579, 226.2
60.80, 1.580, 227.5
60.81, 1.581, 230.5
60.82, 1.582, 232.0
60.83, 1.583, 233.2
60.84, 1.584, 234.3
60.85, 1.585, 237.9
60.86, 1.586, 238.9
60.87, 1.587, 242.7
60.88, 1.588, 243.0
60.89, 1.589, 246.2
60.90, 1.590, 247.0
60.91, 1.591, 250.3
60.92, 1.592, 252.1
60.93, 1.593, 254.5
60.94, 1.594, 258.4
60.95, 1.595, 257.3
60.96, 1.596, 260.3
60.97, 1.597, 261.9
60.98, 1.598, 262.0
60.99, 1.599, 265.0
61.00, 1.600, 265.2
61.01, 1.601, 268.9
61.02, 1.602, 272.0
61.03, 1.603, 272.8
61.04, 1.604, 274.3
61.05, 1.605, 275.6
61.06, 1.606, 279.3
61.07, 1.607, 280.6
61.08, 1.608, 283.7
61.09, 1.609, 285.6
61.10, 1.610, 285.6
61.11, 1.611, 288.6
61.12, 1.612, 290.9
61.13, 1.613, 292.9
61.14, 1.614, 293.8
61.15, 1.615, 296.7
61.16, 1.616, 297.7
61.17, 1.617, 298.7
61.18, 1.618, 302.4
61.19, 1.619, 302.3
61.20, 1.620, 304.6
61.21, 1.621, 306.8
61.22, 1.622, 308.8
61.23, 1.623, 310.9
61.24, 1.624, 313.5
61.25, 1.625, 316.6
61.26, 1.626, 316.9
61.27, 1.627, 319.7
61.28, 1.628, 320.7
61.29, 1.629, 323.2
61.30, 1.630, 325.2
61.31, 1.631, 327.3
61.32, 1.632, 328.9
61.33, 1.633, 331.0
61.34, 1.634, 334.4
61.35, 1.635, 334.9
61.36, 1.636, 338.0
61.37, 1.637, 340.6
61.38, 1.638, 341.5
61.39, 1.639, 345.7
61.40, 1.640, 347.0
61.41, 1.641, 347.4
61.42, 1.642, 349.2
61.43, 1.643, 349.9
61.44, 1.644, 354.1
61.45, 1.645, 356.0
61.46, 1.646, 357.8
61.47, 1.647, 360.1
61.48, 1.648, 361.6
61.49, 1.649, 365.0
61.50, 1.650, 365.3
61.51, 1.651, 368.8
61.52, 1.652, 370.2
61.53, 1.653, 371.4
61.54, 1.654, 372.4
61.55, 1.655, 375.5
61.56, 1.656, 378.2
61.57, 1.657, 380.5
61.58, 1.658, 380.5
61.59, 1.659, 382.0
61.60, 1.660, 384.4
61.61, 1.661, 388.9
61.62, 1.662, 387.9
61.63, 1.663, 392.5
61.64, 1.664, 394.5
61.65, 1.665, 396.1
61.66, 1.666, 397.0
61.67, 1.667, 401.0
61.68, 1.668, 402.6
61.69, 1.669, 402.8
61.70, 1.670, 408.3
61.71, 1.671, 409.0
61.72, 1.672, 410.7
61.73, 1.673, 414.1
61.74, 1.674, 415.1
61.75, 1.675, 418.3
61.76, 1.676, 420.4
61.77, 1.677, 423.2
61.78, 1.678, 422.8
61.79, 1.679, 425.6
61.80, 1.680, 429.8
61.81, 1.681, 429.4
61.82, 1.682, 432.6
61.83, 1.683, 435.6
61.84, 1.684, 436.3
61.85, 1.685, 436.5
61.86, 1.686, 439.7
61.87, 1.687, 442.1
61.88, 1.688, 444.7
61.89, 1.689, 446.0
61.90, 1.690, 447.9
61.91, 1.691, 448.7
61.92, 1.692, 453.4
61.93, 1.693, 453.5
61.94, 1.694, 455.7
61.95, 1.695, 456.9
61.96, 1.696, 458.7
61.97, 1.697, 460.2
61.98, 1.698, 462.0
61.99, 1.699, 467.0
62.00, 1.700, 467.5
62.01, 1.701, 471.3
62.02, 1.702, 472.0
62.03, 1.703, 474.2
62.04, 1.704, 477.3
62.05, 1.705, 477.4
62.06, 1.706, 480.8
62.07, 1.707, 482.4
62.08, 1.708, 484.7
62.09, 1.709, 487.1
62.10, 1.710, 488.3
62.11, 1.711, 491.8
62.12, 1.712, 493.2
62.13, 1.713, 495.9
62.14, 1.714, 499.1
62.15, 1.715, 501.0
62.16, 1.716, 504.5
62.17, 1.717, 504.0
62.18, 1.718, 507.3
62.19, 1.719, 509.3
62.20, 1.720, 512.0
62.21, 1.721, 512.3
62.22, 1.722, 516.9
62.23, 1.723, 518.0
62.24, 1.724, 521.0
62.25, 1.725, 521.5
62.26, 1.726, 522.6
62.27, 1.727, 525.3
62.28, 1.728, 527.9
62.29, 1.729, 530.4
62.30, 1.730, 532.3
62.31, 1.731, 533.9
62.32, 1.732, 536.1
62.33, 1.733, 536.8
62.34, 1.734, 540.9
62.35, 1.735, 541.3
62.36, 1.736, 543.9
62.37, 1.737, 546.6
62.38, 1.738, 548.2
62.39, 1.739, 551.0
62.40, 1.740, 551.0
62.41, 1.741, 554.0
62.42, 1.742, 554.5
62.43, 1.743, 559.0
62.44, 1.744, 560.2
62.45, 1.745, 562.3
62.46, 1.746, 565.0
62.47, 1.747, 566.0
62.48, 1.748, 569.8
62.49, 1.749, 569.4
62.50, 1.750, 573.0
62.51, 1.751, 574.4
62.52, 1.752, 574.2
62.53, 1.753, 574.5
62.54, 1.754, 578.8
62.55, 1.755, 581.5
62.56, 1.756, 582.9
62.57, 1.757, 585.1
62.58, 1.758, 586.1
62.59, 1.759, 587.5
62.60, 1.760, 591.8
62.61, 1.761, 594.2
62.62, 1.762, 596.3
62.63, 1.763, 596.4
62.64, 1.764, 599.6
62.65, 1.765, 600.3
62.66, 1.766, 601.5
62.67, 1.767, 605.7
62.68, 1.768, 606.5
62.69, 1.769, 607.0
62.70, 1.770, 610.8
62.71, 1.771, 613.7
62.72, 1.772, 615.4
62.73, 1.773, 614.9
62.74, 1.774, 618.8
62.75, 1.775, 620.3
62.76, 1.776, 621.3
62.77, 1.777, 625.1
62.78, 1.778, 626.2
62.79, 1.779, 628.4
62.80, 1.780, 632.6
62.81, 1.781, 633.0
62.82, 1.782, 634.2
62.83, 1.783, 637.7
62.84, 1.784, 637.9
62.85, 1.785, 641.2
62.86, 1.786, 643.6
62.87, 1.787, 643.4
62.88, 1.788, 646.7
62.89, 1.789, 649.0
62.90, 1.790, 650.3
62.91, 1.791, 653.0
62.92, 1.792, 653.1
62.93, 1.793, 657.9
62.94, 1.794, 659.7
62.95, 1.795, 661.9
62.96, 1.796, 663.6
62.97, 1.797, 667.5
62.98, 1.798, 664.4
62.99, 1.799, 667.8
63.00, 1.800, 672.0
63.01, 1.801, 671.9
63.02, 1.802, 675.8
63.03, 1.803, 678.3
63.04, 1.804, 679.1
63.05, 1.805, 682.3
63.06, 1.806, 683.4
63.07, 1.807, 686.2
63.08, 1.808, 687.2
63.09, 1.809, 690.0
63.10, 1.810, 690.4
63.11, 1.811, 693.9
63.12, 1.812, 692.5
63.13, 1.813, 698.7
63.14, 1.814, 696.1
63.15, 1.815, 699.5
63.16, 1.816, 701.2
63.17, 1.817, 704.3
63.18, 1.818, 704.0
63.19, 1.819, 707.3
63.20, 1.820, 709.3
63.21, 1.821, 709.3
63.22, 1.822, 712.9
63.23, 1.823, 714.6
63.24, 1.824, 716.0
63.25, 1.825, 718.7
63.26, 1.826, 720.3
63.27, 1.827, 723.7
63.28, 1.828, 723.9
63.29, 1.829, 723.6
63.30, 1.830, 728.6
63.31, 1.831, 727.8
63.32, 1.832, 731.0
63.33, 1.833, 733.4
63.34, 1.834, 735.2
63.35, 1.835, 736.2
63.36, 1.836, 739.0
63.37, 1.837, 742.3
63.38, 1.838, 742.9
63.39, 1.839, 746.2
63.40, 1.840, 748.2
63.41, 1.841, 750.0
63.42, 1.842, 751.8
63.43, 1.843, 753.3
63.44, 1.844, 756.7
63.45, 1.845, 757.3
63.46, 1.846, 760.3
63.47, 1.847, 760.4
63.48, 1.848, 762.7
63.49, 1.849, 767.8
63.50, 1.850, 765.5
63.51, 1.851, 769.0
63.52, 1.852, 771.1
63.53, 1.853, 771.9
63.54, 1.854, 773.7
63.55, 1.855, 774.9
63.56, 1.856, 779.0
63.57, 1.857, 778.4
63.58, 1.858, 781.9
63.59, 1.859, 781.2
63.60, 1.860, 786.2
63.61, 1.861, 784.6
63.62, 1.862, 788.2
63.63, 1.863, 789.8
63.64, 1.864, 791.4
63.65, 1.865, 794.0
63.66, 1.866, 794.4
63.67, 1.867, 796.8
63.68, 1.868, 798.3
63.69, 1.869, 800.2
63.70, 1.870, 803.3
63.71, 1.871, 801.5
63.72, 1.872, 806.5
63.73, 1.873, 808.6
63.74, 1.874, 811.8
63.75, 1.875, 812.2
63.76, 1.876, 816.8
63.77, 1.877, 814.8
63.78, 1.878, 817.8
63.79, 1.879, 819.7
63.80, 1.880, 820.3
63.81, 1.881, 825.3
63.82, 1.882, 824.8
63.83, 1.883, 828.4
63.84, 1.884, 830.1
63.85, 1.885, 830.3
63.86, 1.886, 832.9
63.87, 1.887, 833.6
63.88, 1.888, 834.9
63.89, 1.889, 837.0
63.90, 1.890, 838.9
63.91, 1.891, 841.0
63.92, 1.892, 840.9
63.93, 1.893, 842.5
63.94, 1.894, 843.6
63.95, 1.895, 848.8
63.96, 1.896, 848.3
63.97, 1.897, 849.2
63.98, 1.898, 850.8
63.99, 1.899, 852.3
64.00, 1.900, 854.1
64.01, 1.901, 854.7
64.02, 1.902, 856.9
64.03, 1.903, 859.2
64.04, 1.904, 860.5
64.05, 1.905, 861.9
64.06, 1.906, 864.5
64.07, 1.907, 867.1
64.08, 1.908, 867.5
64.09, 1.909, 867.5
64.10, 1.910, 870.1
64.11, 1.911, 868.8
64.12, 1.912, 872.8
64.13, 1.913, 873.7
64.14, 1.914, 876.3
64.15, 1.915, 876.3
64.16, 1.916, 879.9
64.17, 1.917, 879.2
64.18, 1.918, 880.8
64.19, 1.919, 885.5
64.20, 1.920, 884.5
64.21, 1.921, 888.8
64.22, 1.922, 889.5
64.23, 1.923, 889.9
64.24, 1.924, 892.1
64.25, 1.925, 893.9
64.26, 1.926, 896.3
64.27, 1.927, 897.0
64.28, 1.928, 897.5
64.29, 1.929, 897.5
64.30, 1.930, 901.9
64.31, 1.931, 901.8
64.32, 1.932, 901.0
64.33, 1.933, 906.7
64.34, 1.934, 904.9
64.35, 1.935, 907.2
64.36, 1.936, 910.0
64.37, 1.937, 910.7
64.38, 1.938, 914.0
64.39, 1.939, 912.0
64.40, 1.940, 910.8
64.41, 1.941, 914.5
64.42, 1.942, 916.2
64.43, 1.943, 915.8
64.44, 1.944, 918.4
64.45, 1.945, 921.9
64.46, 1.946, 922.6
64.47, 1.947, 923.5
64.48, 1.948, 924.0
64.49, 1.949, 925.1
64.50, 1.950, 926.7
64.51, 1.951, 925.6
64.52, 1.952, 929.3
64.53, 1.953, 934.0
64.54, 1.954, 933.5
64.55, 1.955, 932.5
64.56, 1.956, 933.9
64.57, 1.957, 937.0
64.58, 1.958, 937.4
64.59, 1.959, 940.2
64.60, 1.960, 940.5
64.61, 1.961, 944.4
64.62, 1.962, 942.7
64.63, 1.963, 945.7
64.64, 1.964, 947.7
64.65, 1.965, 946.5
64.66, 1.966, 952.0
64.67, 1.967, 951.2
64.68, 1.968, 951.7
64.69, 1.969, 955.0
64.70, 1.970, 955.3
64.71, 1.971, 957.0
64.72, 1.972, 958.6
64.73, 1.973, 961.8
64.74, 1.974, 962.2
64.75, 1.975, 961.8
64.76, 1.976, 963.7
64.77, 1.977, 965.0
64.78, 1.978, 967.3
64.79, 1.979, 969.3
64.80, 1.980, 969.7
64.81, 1.981, 970.2
64.82, 1.982, 969.5
64.83, 1.983, 971.4
64.84, 1.984, 970.7
64.85, 1.985, 971.2
64.86, 1.986, 969.4
64.87, 1.987, 970.6
64.88, 1.988, 968.6
64.89, 1.989, 967.8
64.90, 1.990, 967.0
64.91, 1.991, 969.1
64.92, 1.992, 967.1
64.93, 1.993, 967.7
64.94, 1.994, 966.3
64.95, 1.995, 966.7
64.96, 1.996, 964.7
64.97, 1.997, 966.2
64.98, 1.998, 966.0
64.99, 1.999, 965.2
65.00, 2.000, 964.1
65.01, 1.999, 964.5
65.02, 1.998, 964.8
65.03, 1.997, 963.0
65.04, 1.996, 963.3
65.05, 1.995, 961.9
65.06, 1.994, 962.0
65.07, 1.993, 962.5
65.08, 1.992, 962.9
65.09, 1.991, 962.1
65.10, 1.990, 961.3
65.11, 1.989, 958.8
65.12, 1.988, 962.3
65.13, 1.987, 960.5
65.14, 1.986, 960.5
65.15, 1.985, 959.4
65.16, 1.984, 959.4
65.17, 1.983, 957.3
65.18, 1.982, 959.1
65.19, 1.981, 957.9
65.20, 1.980, 956.2
65.21, 1.979, 952.5
65.22, 1.978, 953.5
65.23, 1.977, 950.8
65.24, 1.976, 948.2
65.25, 1.975, 946.6
65.26, 1.974, 943.7
65.27, 1.973, 944.1
65.28, 1.972, 939.7
65.29, 1.971, 937.4
65.30, 1.970, 937.4
65.31, 1.969, 933.1
65.32, 1.968, 934.0
65.33, 1.967, 930.4
65.34, 1.966, 929.1
65.35, 1.965, 926.3
65.36, 1.964, 926.4
65.37, 1.963, 922.4
65.38, 1.962, 919.2
65.39, 1.961, 919.3
65.40, 1.960, 914.4
65.41, 1.959, 910.9
65.42, 1.958, 911.4
65.43, 1.957, 909.0
65.44, 1.956, 908.7
65.45, 1.955, 906.7
65.46, 1.954, 904.5
65.47, 1.953, 901.6
65.48, 1.952, 898.7
65.49, 1.951, 897.4
65.50, 1.950, 896.3
65.51, 1.949, 892.0
65.52, 1.948, 891.8
65.53, 1.947, 888.9
65.54, 1.946, 888.0
65.55, 1.945, 884.4
65.56, 1.944, 883.3
65.57, 1.943, 879.3
65.58, 1.942, 878.6
65.59, 1.941, 877.0
65.60, 1.940, 873.8
65.61, 1.939, 869.5
65.62, 1.938, 871.3
65.63, 1.937, 868.9
65.64, 1.936, 865.5
65.65, 1.935, 863.0
65.66, 1.934, 863.7
65.67, 1.933, 860.6
65.68, 1.932, 858.9
65.69, 1.931, 859.1
65.70, 1.930, 853.6
65.71, 1.929, 854.2
65.72, 1.928, 851.3
65.73, 1.927, 849.8
65.74, 1.926, 847.7
65.75, 1.925, 844.9
65.76, 1.924, 844.4
65.77, 1.923, 840.4
65.78, 1.922, 841.6
65.79, 1.921, 838.2
65.80, 1.920, 835.9
65.81, 1.919, 833.1
65.82, 1.918, 831.3
65.83, 1.917, 830.1
65.84, 1.916, 827.9
65.85, 1.915, 824.5
65.86, 1.914, 824.6
65.87, 1.913, 821.3
65.88, 1.912, 820.1
65.89, 1.911, 816.6
65.90, 1.910, 815.3
65.91, 1.909, 813.4
65.92, 1.908, 810.0
65.93, 1.907, 810.2
65.94, 1.906, 808.1
65.95, 1.905, 804.5
65.96, 1.904, 802.6
65.97, 1.903, 800.6
65.98, 1.902, 799.6
65.99, 1.901, 795.0
66.00, 1.900, 795.3
66.01, 1.899, 792.9
66.02, 1.898, 793.0
66.03, 1.897, 789.1
66.04, 1.896, 785.2
66.05, 1.895, 787.0
66.06, 1.894, 781.6
66.07, 1.893, 780.3
66.08, 1.892, 779.7
66.09, 1.891, 777.6
66.10, 1.890, 776.6
66.11, 1.889, 772.3
66.12, 1.888, 771.5
66.13, 1.887, 769.0
66.14, 1.886, 767.0
66.15, 1.885, 766.2
66.16, 1.884, 763.6
66.17, 1.883, 762.4
66.18, 1.882, 757.9
66.19, 1.881, 759.7
66.20, 1.880, 757.2
66.21, 1.879, 754.1
66.22, 1.878, 752.9
66.23, 1.877, 750.6
66.24, 1.876, 746.3
66.25, 1.875, 747.2
66.26, 1.874, 745.3
66.27, 1.873, 744.7
66.28, 1.872, 741.0
66.29, 1.871, 736.1
66.30, 1.870, 736.9
66.31, 1.869, 734.8
66.32, 1.868, 732.7
66.33, 1.867, 728.7
66.34, 1.866, 728.6
66.35, 1.865, 726.6
66.36, 1.864, 724.5
66.37, 1.863, 725.1
66.38, 1.862, 720.5
66.39, 1.861, 717.6
66.40, 1.860, 718.4
66.41, 1.859, 715.3
66.42, 1.858, 712.7
66.43, 1.857, 710.9
66.44, 1.856, 708.2
66.45, 1.855, 706.8
66.46, 1.854, 705.6
66.47, 1.853, 700.5
66.48, 1.852, 702.0
66.49, 1.851, 699.6
66.50, 1.850, 695.4
66.51, 1.849, 696.2
66.52, 1.848, 692.9
66.53, 1.847, 690.3
66.54, 1.846, 688.6
66.55, 1.845, 687.6
66.56, 1.844, 686.6
66.57, 1.843, 683.6
66.58, 1.842, 682.9
66.59, 1.841, 679.7
66.60, 1.840, 678.3
66.61, 1.839, 676.6
66.62, 1.838, 673.8
66.63, 1.837, 673.3
66.64, 1.836, 671.2
66.65, 1.835, 667.0
66.66, 1.834, 664.7
66.67, 1.833, 664.9
66.68, 1.832, 662.5
66.69, 1.831, 659.3
66.70, 1.830, 660.1
66.71, 1.829, 656.5
66.72, 1.828, 652.6
66.73, 1.827, 653.9
66.74, 1.826, 648.7
66.75, 1.825, 649.2
66.76, 1.824, 645.0
66.77, 1.823, 645.4
66.78, 1.822, 641.6
66.79, 1.821, 640.4
66.80, 1.820, 638.5
66.81, 1.819, 634.9
66.82, 1.818, 633.4
66.83, 1.817, 632.4
66.84, 1.816, 628.8
66.85, 1.815, 629.0
66.86, 1.814, 626.4
66.87, 1.813, 625.1
66.88, 1.812, 624.9
66.89, 1.811, 620.1
66.90, 1.810, 619.8
66.91, 1.809, 618.6
66.92, 1.808, 615.2
66.93, 1.807, 613.2
66.94, 1.806, 609.3
66.95, 1.805, 610.7
66.96, 1.804, 608.0
66.97, 1.803, 604.7
66.98, 1.802, 606.0
66.99, 1.801, 602.1
67.00, 1.800, 598.8
67.01, 1.799, 597.2
67.02, 1.798, 596.3
67.03, 1.797, 596.1
67.04, 1.796, 592.7
67.05, 1.795, 593.0
67.06, 1.794, 591.4
67.07, 1.793, 587.4
67.08, 1.792, 586.3
67.09, 1.791, 584.9
67.10, 1.790, 580.3
67.11, 1.789, 580.9
67.12, 1.788, 577.4
67.13, 1.787, 576.3
67.14, 1.786, 573.7
67.15, 1.785, 571.3
67.16, 1.784, 569.6
67.17, 1.783, 566.4
67.18, 1.782, 565.1
67.19, 1.781, 563.1
67.20, 1.780, 560.7
67.21, 1.779, 560.0
67.22, 1.778, 556.7
67.23, 1.777, 554.9
67.24, 1.776, 555.6
67.25, 1.775, 551.0
67.26, 1.774, 549.2
67.27, 1.773, 546.8
67.28, 1.772, 545.3
67.29, 1.771, 543.5
67.30, 1.770, 542.3
67.31, 1.769, 540.4
67.32, 1.768, 537.2
67.33, 1.767, 535.2
67.34, 1.766, 536.5
67.35, 1.765, 533.3
67.36, 1.764, 531.5
67.37, 1.763, 528.8
67.38, 1.762, 525.8
67.39, 1.761, 526.4
67.40, 1.760, 522.6
67.41, 1.759, 522.0
67.42, 1.758, 519.4
67.43, 1.757, 517.0
67.44, 1.756, 516.0
67.45, 1.755, 514.1
67.46, 1.754, 511.6
67.47, 1.753, 510.0
67.48, 1.752, 506.3
67.49, 1.751, 505.8
67.50, 1.750, 508.1
67.51, 1.749, 506.0
67.52, 1.748, 503.4
67.53, 1.747, 500.4
67.54, 1.746, 496.5
67.55, 1.745, 497.1
67.56, 1.744, 494.0
67.57, 1.743, 489.0
67.58, 1.742, 488.5
67.59, 1.741, 488.5
67.60, 1.740, 484.9
67.61, 1.739, 483.3
67.62, 1.738, 478.9
67.63, 1.737, 477.6
67.64, 1.736, 477.6
67.65, 1.735, 477.5
67.66, 1.734, 474.1
67.67, 1.733, 471.2
67.68, 1.732, 468.3
67.69, 1.731, 466.1
67.70, 1.730, 465.8
67.71, 1.729, 463.0
67.72, 1.728, 461.7
67.73, 1.727, 458.5
67.74, 1.726, 459.5
67.75, 1.725, 456.3
67.76, 1.724, 454.1
67.77, 1.723, 452.9
67.78, 1.722, 452.4
67.79, 1.721, 450.2
67.80, 1.720, 448.1
67.81, 1.719, 443.5
67.82, 1.718, 444.0
67.83, 1.717, 441.7
67.84, 1.716, 439.4
67.85, 1.715, 440.2
67.86, 1.714, 434.8
67.87, 1.713, 434.3
67.88, 1.712, 432.5
67.89, 1.711, 429.0
67.90, 1.710, 428.8
67.91, 1.709, 426.2
67.92, 1.708, 423.5
67.93, 1.707, 423.4
67.94, 1.706, 420.2
67.95, 1.705, 419.2
67.96, 1.704, 416.2
67.97, 1.703, 416.2
67.98, 1.702, 414.4
67.99, 1.701, 411.6
68.00, 1.700, 408.4
68.01, 1.699, 406.6
68.02, 1.698, 404.6
68.03, 1.697, 401.7
68.04, 1.696, 399.3
68.05, 1.695, 398.2
68.06, 1.694, 396.5
68.07, 1.693, 394.8
68.08, 1.692, 391.6
68.09, 1.691, 390.6
68.10, 1.690, 389.1
68.11, 1.689, 384.4
68.12, 1.688, 387.3
68.13, 1.687, 383.5
68.14, 1.686, 383.0
68.15, 1.685, 379.2
68.16, 1.684, 377.0
68.17, 1.683, 376.9
68.18, 1.682, 373.1
68.19, 1.681, 372.1
68.20, 1.680, 370.8
68.21, 1.679, 368.3
68.22, 1.678, 365.1
68.23, 1.677, 363.9
68.24, 1.676, 362.1
68.25, 1.675, 361.0
68.26, 1.674, 359.1
68.27, 1.673, 357.3
68.28, 1.672, 354.8
68.29, 1.671, 353.3
68.30, 1.670, 352.9
68.31, 1.669, 348.8
68.32, 1.668, 348.8
68.33, 1.667, 345.0
68.34, 1.666, 343.7
68.35, 1.665, 341.5
68.36, 1.664, 338.5
68.37, 1.663, 339.0
68.38, 1.662, 336.7
68.39, 1.661, 330.9
68.40, 1.660, 333.1
68.41, 1.659, 329.2
68.42, 1.658, 326.4
68.43, 1.657, 325.5
68.44, 1.656, 323.1
68.45, 1.655, 321.5
68.46, 1.654, 319.6
68.47, 1.653, 316.8
68.48, 1.652, 316.1
68.49, 1.651, 312.3
68.50, 1.650, 310.6
68.51, 1.649, 310.0
68.52, 1.648, 307.3
68.53, 1.647, 305.2
68.54, 1.646, 303.5
68.55, 1.645, 301.8
68.56, 1.644, 301.5
68.57, 1.643, 297.8
68.58, 1.642, 295.3
68.59, 1.641, 294.0
68.60, 1.640, 291.6
68.61, 1.639, 290.2
68.62, 1.638, 290.4
68.63, 1.637, 286.5
68.64, 1.636, 284.9
68.65, 1.635, 281.2
68.66, 1.634, 282.1
68.67, 1.633, 279.4
68.68, 1.632, 276.4
68.69, 1.631, 276.7
68.70, 1.630, 273.8
68.71, 1.629, 271.1
68.72, 1.628, 268.9
68.73, 1.627, 268.4
68.74, 1.626, 266.5
68.75, 1.625, 264.6
68.76, 1.624, 263.4
68.77, 1.623, 263.6
68.78, 1.622, 259.1
68.79, 1.621, 259.1
68.80, 1.620, 255.9
68.81, 1.619, 255.7
68.82, 1.618, 251.3
68.83, 1.617, 250.6
68.84, 1.616, 248.0
68.85, 1.615, 243.5
68.86, 1.614, 242.1
68.87, 1.613, 240.7
68.88, 1.612, 238.7
68.89, 1.611, 237.8
68.90, 1.610, 235.1
68.91, 1.609, 233.7
68.92, 1.608, 231.2
68.93, 1.607, 229.9
68.94, 1.606, 229.9
68.95, 1.605, 227.7
68.96, 1.604, 224.0
68.97, 1.603, 222.8
68.98, 1.602, 220.8
68.99, 1.601, 219.4
69.00, 1.600, 217.1
69.01, 1.599, 214.4
69.02, 1.598, 215.1
69.03, 1.597, 212.5
69.04, 1.596, 208.6
69.05, 1.595, 208.2
69.06, 1.594, 206.3
69.07, 1.593, 206.0
69.08, 1.592, 203.1
69.09, 1.591, 199.7
69.10, 1.590, 201.0
69.11, 1.589, 198.9
69.12, 1.588, 195.8
69.13, 1.587, 193.2
69.14, 1.586, 191.1
69.15, 1.585, 191.8
69.16, 1.584, 190.3
69.17, 1.583, 186.4
69.18, 1.582, 187.0
69.19, 1.581, 182.8
69.20, 1.580, 180.7
69.21, 1.579, 178.2
69.22, 1.578, 178.1
69.23, 1.577, 178.4
69.24, 1.576, 174.0
69.25, 1.575, 172.2
69.26, 1.574, 169.9
69.27, 1.573, 168.6
69.28, 1.572, 165.8
69.29, 1.571, 164.6
69.30, 1.570, 163.9
69.31, 1.569, 159.9
69.32, 1.568, 158.4
69.33, 1.567, 158.8
69.34, 1.566, 155.7
69.35, 1.565, 154.7
69.36, 1.564, 150.4
69.37, 1.563, 152.6
69.38, 1.562, 151.2
69.39, 1.561, 148.9
69.40, 1.560, 145.4
69.41, 1.559, 147.1
69.42, 1.558, 143.7
69.43, 1.557, 142.0
69.44, 1.556, 141.1
69.45, 1.555, 139.6
69.46, 1.554, 137.4
69.47, 1.553, 135.2
69.48, 1.552, 134.2
69.49, 1.551, 133.0
69.50, 1.550, 131.7
69.51, 1.549, 128.8
69.52, 1.548, 128.4
69.53, 1.547, 124.9
69.54, 1.546, 124.7
69.55, 1.545, 122.6
69.56, 1.544, 122.6
69.57, 1.543, 122.5
69.58, 1.542, 117.9
69.59, 1.541, 117.0
69.60, 1.540, 114.9
69.61, 1.539, 113.0
69.62, 1.538, 112.6
69.63, 1.537, 110.6
69.64, 1.536, 108.3
69.65, 1.535, 108.9
69.66, 1.534, 106.6
69.67, 1.533, 105.3
69.68, 1.532, 102.5
69.69, 1.531, 101.3
69.70, 1.530, 100.5
69.71, 1.529, 97.57
69.72, 1.528, 97.09
69.73, 1.527, 95.00
69.74, 1.526, 93.84
69.75, 1.525, 91.82
69.76, 1.524, 90.07
69.77, 1.523, 89.27
69.78, 1.522, 86.88
69.79, 1.521, 85.61
69.80, 1.520, 86.82
69.81, 1.519, 83.96
69.82, 1.518, 83.56
69.83, 1.517, 81.30
69.84, 1.516, 80.71
69.85, 1.515, 78.58
69.86, 1.514, 76.79
69.87, 1.513, 77.29
69.88, 1.512, 72.91
69.89, 1.511, 75.03
69.90, 1.510, 73.79
69.91, 1.509, 72.07
69.92, 1.508, 69.98
69.93, 1.507, 69.68
69.94, 1.506, 68.55
69.95, 1.505, 66.92
69.96, 1.504, 65.75
69.97, 1.503, 63.50
69.98, 1.502, 63.24
69.99, 1.501, 62.24
70.00, 1.500, 62.75
70.01, 1.499, 62.43
70.02, 1.498, 59.37
70.03, 1.497, 58.02
70.04, 1.496, 58.38
70.05, 1.495, 56.23
70.06, 1.494, 56.71
70.07, 1.493, 54.08
70.08, 1.492, 52.19
70.09, 1.491, 53.28
70.10, 1.490, 50.32
70.11, 1.489, 48.80
70.12, 1.488, 47.03
70.13, 1.487, 46.12
70.14, 1.486, 45.17
70.15, 1.485, 44.36
70.16, 1.484, 43.83
70.17, 1.483, 43.61
70.18, 1.482, 42.02
70.19, 1.481, 41.46
70.20, 1.480, 39.55
70.21, 1.479, 39.93
70.22, 1.478, 37.61
70.23, 1.477, 38.71
70.24, 1.476, 36.55
70.25, 1.475, 34.13
70.26, 1.474, 34.67
70.27, 1.473, 34.76
70.28, 1.472, 34.32
70.29, 1.471, 32.18
70.30, 1.470, 29.71
70.31, 1.469, 30.91
70.32, 1.468, 27.86
70.33, 1.467, 28.56
70.34, 1.466, 26.51
70.35, 1.465, 25.57
70.36, 1.464, 24.04
70.37, 1.463, 25.22
70.38, 1.462, 25.33
70.39, 1.461, 24.31
70.40, 1.460, 23.02
70.41, 1.459, 20.86
70.42, 1.458, 19.30
70.43, 1.457, 22.29
70.44, 1.456, 19.70
70.45, 1.455, 20.23
70.46, 1.454, 18.71
70.47, 1.453, 18.20
70.48, 1.452, 18.70
70.49, 1.451, 16.56
70.50, 1.450, 16.15
70.51, 1.449, 13.41
70.52, 1.448, 16.75
70.53, 1.447, 12.01
70.54, 1.446, 11.22
70.55, 1.445, 12.96
70.56, 1.444, 10.99
70.57, 1.443, 10.98
70.58, 1.442, 9.870
70.59, 1.441, 10.34
70.60, 1.440, 7.727
70.61, 1.439, 8.360
70.62, 1.438, 9.035
70.63, 1.437, 7.933
70.64, 1.436, 7.681
70.65, 1.435, 4.105
70.66, 1.434, 7.534
70.67, 1.433, 2.220
70.68, 1.432, 5.200
70.69, 1.431, 4.147
70.70, 1.430, 5.682
70.71, 1.429, 2.622
70.72, 1.428, 2.885
70.73, 1.427, 3.055
70.74, 1.426, 0.2955
70.75, 1.425, 0.4847
70.76, 1.424, -0.06187
70.77, 1.423, -1.082
70.78, 1.422, 0.9401
70.79, 1.421, 0.4178
70.80, 1.420, -0.6504
70.81, 1.419, -2.409
70.82, 1.418, 0.7910
70.83, 1.417, -2.469
70.84, 1.416, -3.959
70.85, 1.415, -1.192
70.86, 1.414, -3.837
70.87, 1.413, -5.259
70.88, 1.412, -6.642
70.89, 1.411, -5.227
70.90, 1.410, -4.318
70.91, 1.409, -6.561
70.92, 1.408, -5.700
70.93, 1.407, -6.749
70.94, 1.406, -5.596
70.95, 1.405, -9.126
70.96, 1.404, -8.515
70.97, 1.403, -7.638
70.98, 1.402, -9.517
70.99, 1.401, -8.016
71.00, 1.400, -7.177
71.01, 1.399, -10.32
71.02, 1.398, -10.26
71.03, 1.397, -11.52
71.04, 1.396, -10.31
71.05, 1.395, -10.80
71.06, 1.394, -8.935
71.07, 1.393, -10.20
71.08, 1.392, -10.80
71.09, 1.391, -8.273
71.10, 1.390, -10.35
71.11, 1.389, -9.556
71.12, 1.388, -10.98
71.13, 1.387, -11.78
71.14, 1.386, -11.05
71.15, 1.385, -10.91
71.16, 1.384, -10.92
71.17, 1.383, -10.81
71.18, 1.382, -10.47
71.19, 1.381, -11.43
71.20, 1.380, -10.63
71.21, 1.379, -11.32
71.22, 1.378, -9.942
71.23, 1.377, -13.01
71.24, 1.376, -11.75
71.25, 1.375, -11.69
71.26, 1.374, -11.66
71.27, 1.373, -11.41
71.28, 1.372, -11.23
71.29, 1.371, -11.26
71.30, 1.370, -9.048
71.31, 1.369, -12.70
71.32, 1.368, -11.29
71.33, 1.367, -12.50
71.34, 1.366, -11.68
71.35, 1.365, -13.23
71.36, 1.364, -12.94
71.37, 1.363, -13.27
71.38, 1.362, -11.74
71.39, 1.361, -13.47
71.40, 1.360, -14.09
71.41, 1.359, -14.40
71.42, 1.358, -12.22
71.43, 1.357, -13.85
71.44, 1.356, -14.92
71.45, 1.355, -14.42
71.46, 1.354, -13.28
71.47, 1.353, -13.38
71.48, 1.352, -14.09
71.49, 1.351, -11.74
71.50, 1.350, -14.97
71.51, 1.349, -13.03
71.52, 1.348, -12.51
71.53, 1.347, -14.88
71.54, 1.346, -13.51
71.55, 1.345, -14.87
71.56, 1.344, -14.36
71.57, 1.343, -12.80
71.58, 1.342, -13.06
71.59, 1.341, -12.99
71.60, 1.340, -13.21
71.61, 1.339, -12.90
71.62, 1.338, -12.83
71.63, 1.337, -13.32
71.64, 1.336, -14.22
71.65, 1.335, -12.74
71.66, 1.334, -12.91
71.67, 1.333, -13.87
71.68, 1.332, -12.80
71.69, 1.331, -13.01
71.70, 1.330, -13.25
71.71, 1.329, -12.32
71.72, 1.328, -13.93
71.73, 1.327, -12.49
71.74, 1.326, -11.87
71.75, 1.325, -12.22
71.76, 1.324, -12.41
71.77, 1.323, -13.14
71.78, 1.322, -14.16
71.79, 1.321, -14.05
71.80, 1.320, -13.01
71.81, 1.319, -14.37
71.82, 1.318, -13.78
71.83, 1.317, -12.70
71.84, 1.316, -14.40
71.85, 1.315, -14.89
71.86, 1.314, -14.63
71.87, 1.313, -12.20
71.88, 1.312, -13.20
71.89, 1.311, -12.66
71.90, 1.310, -13.08
71.91, 1.309, -14.54
71.92, 1.308, -12.79
71.93, 1.307, -13.52
71.94, 1.306, -13.08
71.95, 1.305, -14.08
71.96, 1.304, -12.88
71.97, 1.303, -14.60
71.98, 1.302, -14.65
71.99, 1.301, -13.58
72.00, 1.300, -13.17
72.01, 1.299, -12.84
72.02, 1.298, -13.06
72.03, 1.297, -12.19
72.04, 1.296, -14.56
72.05, 1.295, -14.14
72.06, 1.294, -13.54
72.07, 1.293, -13.91
72.08, 1.292, -12.17
72.09, 1.291, -14.00
72.10, 1.290, -13.95
72.11, 1.289, -12.47
72.12, 1.288, -12.56
72.13, 1.287, -13.20
72.14, 1.286, -12.32
72.15, 1.285, -12.08
72.16, 1.284, -11.06
72.17, 1.283, -12.50
72.18, 1.282, -11.00
72.19, 1.281, -13.26
72.20, 1.280, -11.93
72.21, 1.279, -11.87
72.22, 1.278, -12.35
72.23, 1.277, -12.21
72.24, 1.276, -13.47
72.25, 1.275, -13.18
72.26, 1.274, -12.17
72.27, 1.273, -13.08
72.28, 1.272, -12.30
72.29, 1.271, -12.08
72.30, 1.270, -12.30
72.31, 1.269, -12.11
72.32, 1.268, -11.44
72.33, 1.267, -12.12
72.34, 1.266, -12.67
72.35, 1.265, -11.73
72.36, 1.264, -11.84
72.37, 1.263, -12.41
72.38, 1.262, -12.61
72.39, 1.261, -11.38
72.40, 1.260, -11.09
72.41, 1.259, -13.00
72.42, 1.258, -11.53
72.43, 1.257, -12.56
72.44, 1.256, -11.55
72.45, 1.255, -11.32
72.46, 1.254, -10.85
72.47, 1.253, -11.16
72.48, 1.252, -10.93
72.49, 1.251, -10.31
72.50, 1.250, -10.17
72.51, 1.249, -9.791
72.52, 1.248, -8.363
72.53, 1.247, -10.69
72.54, 1.246, -8.784
72.55, 1.245, -9.443
72.56, 1.244, -9.530
72.57, 1.243, -8.397
72.58, 1.242, -9.505
72.59, 1.241, -8.220
72.60, 1.240, -9.638
72.61, 1.239, -9.359
72.62, 1.238, -10.73
72.63, 1.237, -10.48
72.64, 1.236, -11.09
72.65, 1.235, -10.76
72.66, 1.234, -9.232
72.67, 1.233, -10.11
72.68, 1.232, -11.40
72.69, 1.231, -11.43
72.70, 1.230, -11.17
72.71, 1.229, -10.31
72.72, 1.228, -12.84
72.73, 1.227, -9.478
72.74, 1.226, -9.852
72.75, 1.225, -10.71
72.76, 1.224, -10.27
72.77, 1.223, -9.785
72.78, 1.222, -9.152
72.79, 1.221, -9.896
72.80, 1.220, -9.344
72.81, 1.219, -8.600
72.82, 1.218, -8.056
72.83, 1.217, -9.200
72.84, 1.216, -9.012
72.85, 1.215, -8.544
72.86, 1.214, -8.816
72.87, 1.213, -8.942
72.88, 1.212, -7.848
72.89, 1.211, -9.377
72.90, 1.210, -9.517
72.91, 1.209, -8.880
72.92, 1.208, -9.246
72.93, 1.207, -8.827
72.94, 1.206, -8.682
72.95, 1.205, -11.29
72.96, 1.204, -8.577
72.97, 1.203, -8.395
72.98, 1.202, -9.898
72.99, 1.201, -7.448
73.00, 1.200, -9.135
73.01, 1.199, -10.69
73.02, 1.198, -8.120
73.03, 1.197, -9.275
73.04, 1.196, -10.02
73.05, 1.195, -8.432
73.06, 1.194, -11.08
73.07, 1.193, -9.918
73.08, 1.192, -9.678
73.09, 1.191, -9.809
73.10, 1.190, -9.016
73.11, 1.189, -8.855
73.12, 1.188, -9.061
73.13, 1.187, -8.801
73.14, 1.186, -7.905
73.15, 1.185, -9.393
73.16, 1.184, -7.398
73.17, 1.183, -8.495
73.18, 1.182, -7.648
73.19, 1.181, -9.739
73.20, 1.180, -8.492
73.21, 1.179, -8.671
73.22, 1.178, -9.068
73.23, 1.177, -8.645
73.24, 1.176, -9.465
73.25, 1.175, -7.881
73.26, 1.174, -7.779
73.27, 1.173, -7.563
73.28, 1.172, -7.409
73.29, 1.171, -9.240
73.30, 1.170, -8.163
73.31, 1.169, -8.632
73.32, 1.168, -7.630
73.33, 1.167, -9.412
73.34, 1.166, -7.332
73.35, 1.165, -8.384
73.36, 1.164, -8.165
73.37, 1.163, -6.404
73.38, 1.162, -7.155
73.39, 1.161, -7.651
73.40, 1.160, -8.102
73.41, 1.159, -8.141
73.42, 1.158, -7.709
73.43, 1.157, -8.152
73.44, 1.156, -8.325
73.45, 1.155, -7.144
73.46, 1.154, -7.807
73.47, 1.153, -7.965
73.48, 1.152, -8.374
73.49, 1.151, -7.523
73.50, 1.150, -7.937
73.51, 1.149, -8.838
73.52, 1.148, -9.912
73.53, 1.147, -9.075
73.54, 1.146, -7.351
73.55, 1.145, -7.323
73.56, 1.144, -9.403
73.57, 1.143, -7.857
73.58, 1.142, -8.505
73.59, 1.141, -8.229
73.60, 1.140, -5.996
73.61, 1.139, -8.512
73.62, 1.138, -8.643
73.63, 1.137, -6.768
73.64, 1.136, -8.596
73.65, 1.135, -8.239
73.66, 1.134, -8.048
73.67, 1.133, -8.495
73.68, 1.132, -7.001
73.69, 1.131, -6.672
73.70, 1.130, -6.583
73.71, 1.129, -7.661
73.72, 1.128, -6.607
73.73, 1.127, -6.962
73.74, 1.126, -9.007
73.75, 1.125, -6.215
73.76, 1.124, -7.723
73.77, 1.123, -5.847
73.78, 1.122, -7.057
73.79, 1.121, -5.737
73.80, 1.120, -5.817
73.81, 1.119, -7.547
73.82, 1.118, -6.444
73.83, 1.117, -7.648
73.84, 1.116, -6.893
73.85, 1.115, -7.485
73.86, 1.114, -5.785
73.87, 1.113, -6.953
73.88, 1.112, -7.978
73.89, 1.111, -7.766
73.90, 1.110, -8.140
73.91, 1.109, -8.508
73.92, 1.108, -7.888
73.93, 1.107, -8.300
73.94, 1.106, -9.001
73.95, 1.105, -8.582
73.96, 1.104, -6.710
73.97, 1.103, -8.873
73.98, 1.102, -7.265
73.99, 1.101, -7.938
74.00, 1.100, -8.063
74.01, 1.099, -7.220
74.02, 1.098, -7.062
74.03, 1.097, -6.222
74.04, 1.096, -8.180
74.05, 1.095, -8.291
74.06, 1.094, -6.760
74.07, 1.093, -5.831
74.08, 1.092, -8.236
74.09, 1.091, -6.399
74.10, 1.090, -5.137
74.11, 1.089, -6.005
74.12, 1.088, -6.567
74.13, 1.087, -8.288
74.14, 1.086, -6.524
74.15, 1.085, -6.500
74.16, 1.084, -6.780
74.17, 1.083, -6.890
74.18, 1.082, -7.078
74.19, 1.081, -6.587
74.20, 1.080, -5.971
74.21, 1.079, -8.159
74.22, 1.078, -5.332
74.23, 1.077, -6.470
74.24, 1.076, -5.684
74.25, 1.075, -7.086
74.26, 1.074, -6.566
74.27, 1.073, -6.880
74.28, 1.072, -7.407
74.29, 1.071, -6.549
74.30, 1.070, -6.063
74.31, 1.069, -8.036
74.32, 1.068, -7.261
74.33, 1.067, -7.704
74.34, 1.066, -7.481
74.35, 1.065, -8.289
74.36, 1.064, -7.604
74.37, 1.063, -7.426
74.38, 1.062, -6.913
74.39, 1.061, -7.059
74.40, 1.060, -7.979
74.41, 1.059, -5.809
74.42, 1.058, -6.925
74.43, 1.057, -7.194
74.44, 1.056, -5.746
74.45, 1.055, -7.068
74.46, 1.054, -6.980
74.47, 1.053, -5.932
74.48, 1.052, -5.778
74.49, 1.051, -6.885
74.50, 1.050, -6.528
74.51, 1.049, -6.977
74.52, 1.048, -7.698
74.53, 1.047, -6.330
74.54, 1.046, -6.192
74.55, 1.045, -7.163
74.56, 1.044, -6.178
74.57, 1.043, -6.975
74.58, 1.042, -6.506
74.59, 1.041, -7.097
74.60, 1.040, -6.398
74.61, 1.039, -6.629
74.62, 1.038, -6.652
74.63, 1.037, -5.989
74.64, 1.036, -7.403
74.65, 1.035, -7.888
74.66, 1.034, -7.047
74.67, 1.033, -6.264
74.68, 1.032, -6.336
74.69, 1.031, -6.167
74.70, 1.030, -6.263
74.71, 1.029, -6.881
74.72, 1.028, -5.967
74.73, 1.027, -7.817
74.74, 1.026, -6.444
74.75, 1.025, -7.805
74.76, 1.024, -7.282
74.77, 1.023, -7.814
74.78, 1.022, -7.353
74.79, 1.021, -7.584
74.80, 1.020, -8.154
74.81, 1.019, -7.257
74.82, 1.018, -7.372
74.83, 1.017, -5.640
74.84, 1.016, -5.757
74.85, 1.015, -8.390
74.86, 1.014, -7.095
74.87, 1.013, -7.139
74.88, 1.012, -6.954
74.89, 1.011, -7.483
74.90, 1.010, -6.459
74.91, 1.009, -7.225
74.92, 1.008, -6.779
74.93, 1.007, -6.321
74.94, 1.006, -8.504
74.95, 1.005, -6.148
74.96, 1.004, -6.873
74.97, 1.003, -5.573
74.98, 1.002, -6.819
74.99, 1.001, -5.774
75.00, 1.000, -5.975
75.01, 0.9990, -5.978
75.02, 0.9980, -4.361
75.03, 0.9970, -5.691
75.04, 0.9960, -6.253
75.05, 0.9950, -4.793
75.06, 0.9940, -5.036
75.07, 0.9930, -4.530
75.08, 0.9920, -5.696
75.09, 0.9910, -6.226
75.10, 0.9900, -6.737
75.11, 0.9890, -5.814
75.12, 0.9880, -5.938
75.13, 0.9870, -6.175
75.14, 0.9860, -6.412
75.15, 0.9850, -6.911
75.16, 0.9840, -6.352
75.17, 0.9830, -6.662
75.18, 0.9820, -8.935
75.19, 0.9810, -7.239
75.20, 0.9800, -7.551
75.21, 0.9790, -6.561
75.22, 0.9780, -6.880
75.23, 0.9770, -7.488
75.24, 0.9760, -6.590
75.25, 0.9750, -7.886
75.26, 0.9740, -6.118
75.27, 0.9730, -6.312
75.28, 0.9720, -7.272
75.29, 0.9710, -6.358
75.30, 0.9700, -7.910
75.31, 0.9690, -5.196
75.32, 0.9680, -6.839
75.33, 0.9670, -4.997
75.34, 0.9660, -6.635
75.35, 0.9650, -5.703
75.36, 0.9640, -5.576
75.37, 0.9630, -8.024
75.38, 0.9620, -5.435
75.39, 0.9610, -7.745
75.40, 0.9600, -5.408
75.41, 0.9590, -8.050
75.42, 0.9580, -6.001
75.43, 0.9570, -6.118
75.44, 0.9560, -6.858
75.45, 0.9550, -4.522
75.46, 0.9540, -7.222
75.47, 0.9530, -5.153
75.48, 0.9520, -6.551
75.49, 0.9510, -6.216
75.50, 0.9500, -5.916
75.51, 0.9490, -6.749
75.52, 0.9480, -5.074
75.53, 0.9470, -5.897
75.54, 0.9460, -3.481
75.55, 0.9450, -5.769
75.56, 0.9440, -8.298
75.57, 0.9430, -6.107
75.58, 0.9420, -8.246
75.59, 0.9410, -6.352
75.60, 0.9400, -7.316
75.61, 0.9390, -7.671
75.62, 0.9380, -6.956
75.63, 0.9370, -5.746
75.64, 0.9360, -6.783
75.65, 0.9350, -7.543
75.66, 0.9340, -6.339
75.67, 0.9330, -7.139
75.68, 0.9320, -5.311
75.69, 0.9310, -6.314
75.70, 0.9300, -7.491
75.71, 0.9290, -6.179
75.72, 0.9280, -8.010
75.73, 0.9270, -6.637
75.74, 0.9260, -7.309
75.75, 0.9250, -7.805
75.76, 0.9240, -7.860
75.77, 0.9230, -6.618
75.78, 0.9220, -4.674
75.79, 0.9210, -7.077
75.80, 0.9200, -5.025
75.81, 0.9190, -6.114
75.82, 0.9180, -6.241
75.83, 0.9170, -6.008
75.84, 0.9160, -7.170
75.85, 0.9150, -5.845
75.86, 0.9140, -5.318
75.87, 0.9130, -5.460
75.88, 0.9120, -6.431
75.89, 0.9110, -5.285
75.90, 0.9100, -5.987
75.91, 0.9090, -5.703
75.92, 0.9080, -7.609
75.93, 0.9070, -5.549
75.94, 0.9060, -4.827
75.95, 0.9050, -5.673
75.96, 0.9040, -4.763
75.97, 0.9030, -6.512
75.98, 0.9020, -5.959
75.99, 0.9010, -4.838
76.00, 0.9000, -7.172
76.01, 0.8990, -6.132
76.02, 0.8980, -6.844
76.03, 0.8970, -8.278
76.04, 0.8960, -6.541
76.05, 0.8950, -6.652
76.06, 0.8940, -7.036
76.07, 0.8930, -8.108
76.08, 0.8920, -6.191
76.09, 0.8910, -6.983
76.10, 0.8900, -6.384
76.11, 0.8890, -6.136
76.12, 0.8880, -7.049
76.13, 0.8870, -5.278
76.14, 0.8860, -6.780
76.15, 0.8850, -8.285
76.16, 0.8840, -5.270
76.17, 0.8830, -7.815
76.18, 0.8820, -5.015
76.19, 0.8810, -6.051
76.20, 0.8800, -7.015
76.21, 0.8790, -7.248
76.22, 0.8780, -6.029
76.23, 0.8770, -5.703
76.24, 0.8760, -6.169
76.25, 0.8750, -5.995
76.26, 0.8740, -6.151
76.27, 0.8730, -7.197
76.28, 0.8720, -5.170
76.29, 0.8710, -6.193
76.30, 0.8700, -5.173
76.31, 0.8690, -7.032
76.32, 0.8680, -6.351
76.33, 0.8670, -5.121
76.34, 0.8660, -5.476
76.35, 0.8650, -4.893
76.36, 0.8640, -5.754
76.37, 0.8630, -6.190
76.38, 0.8620, -6.546
76.39, 0.8610, -6.942
76.40, 0.8600, -5.794
76.41, 0.8590, -8.123
76.42, 0.8580, -6.452
76.43, 0.8570, -6.407
76.44, 0.8560, -7.134
76.45, 0.8550, -7.025
76.46, 0.8540, -6.426
76.47, 0.8530, -6.486
76.48, 0.8520, -6.158
76.49, 0.8510, -5.946
76.50, 0.8500, -5.183
76.51, 0.8490, -7.335
76.52, 0.8480, -6.435
76.53, 0.8470, -5.793
76.54, 0.8460, -7.370
76.55, 0.8450, -6.900
76.56, 0.8440, -6.822
76.57, 0.8430, -5.600
76.58, 0.8420, -6.127
76.59, 0.8410, -7.644
76.60, 0.8400, -5.863
76.61, 0.8390, -6.902
76.62, 0.8380, -5.809
76.63, 0.8370, -6.175
76.64, 0.8360, -6.746
76.65, 0.8350, -6.132
76.66, 0.8340, -6.036
76.67, 0.8330, -6.467
76.68, 0.8320, -5.146
76.69, 0.8310, -7.434
76.70, 0.8300, -4.853
76.71, 0.8290, -6.453
76.72, 0.8280, -5.453
76.73, 0.8270, -6.550
76.74, 0.8260, -6.674
76.75, 0.8250, -5.173
76.76, 0.8240, -6.864
76.77, 0.8230, -4.252
76.78, 0.8220, -6.692
76.79, 0.8210, -6.853
76.80, 0.8200, -7.220
76.81, 0.8190, -6.651
76.82, 0.8180, -6.886
76.83, 0.8170, -6.273
76.84, 0.8160, -4.648
76.85, 0.8150, -5.584
76.86, 0.8140, -7.458
76.87, 0.8130, -6.265
76.88, 0.8120, -6.776
76.89, 0.8110, -7.059
76.90, 0.8100, -7.480
76.91, 0.8090, -6.087
76.92, 0.8080, -6.388
76.93, 0.8070, -7.248
76.94, 0.8060, -7.420
76.95, 0.8050, -5.398
76.96, 0.8040, -7.047
76.97, 0.8030, -5.663
76.98, 0.8020, -6.100
76.99, 0.8010, -6.857
77.00, 0.8000, -5.959
77.01, 0.7990, -7.373
77.02, 0.7980, -5.763
77.03, 0.7970, -5.323
77.04, 0.7960, -5.503
77.05, 0.7950, -6.326
77.06, 0.7940, -5.045
77.07, 0.7930, -5.914
77.08, 0.7920, -6.284
77.09, 0.7910, -6.576
77.10, 0.7900, -6.418
77.11, 0.7890, -4.476
77.12, 0.7880, -6.972
77.13, 0.7870, -5.936
77.14, 0.7860, -4.889
77.15, 0.7850, -4.575
77.16, 0.7840, -6.351
77.17, 0.7830, -7.709
77.18, 0.7820, -5.182
77.19, 0.7810, -6.610
77.20, 0.7800, -5.919
77.21, 0.7790, -5.226
77.22, 0.7780, -6.783
77.23, 0.7770, -6.304
77.24, 0.7760, -6.946
77.25, 0.7750, -5.895
77.26, 0.7740, -6.353
77.27, 0.7730, -6.070
77.28, 0.7720, -6.626
77.29, 0.7710, -7.231
77.30, 0.7700, -6.266
77.31, 0.7690, -6.594
77.32, 0.7680, -7.424
77.33, 0.7670, -6.311
77.34, 0.7660, -6.350
77.35, 0.7650, -6.726
77.36, 0.7640, -6.786
77.37, 0.7630, -7.058
77.38, 0.7620, -7.106
77.39, 0.7610, -7.143
77.40, 0.7600, -5.828
77.41, 0.7590, -7.215
77.42, 0.7580, -5.251
77.43, 0.7570, -7.691
77.44, 0.7560, -5.761
77.45, 0.7550, -4.863
77.46, 0.7540, -7.029
77.47, 0.7530, -5.575
77.48, 0.7520, -6.092
77.49, 0.7510, -5.143
77.50, 0.7500, -4.857
77.51, 0.7490, -4.445
77.52, 0.7480, -6.231
77.53, 0.7470, -7.175
77.54, 0.7460, -4.095
77.55, 0.7450, -6.938
77.56, 0.7440, -5.220
77.57, 0.7430, -6.153
77.58, 0.7420, -5.591
77.59, 0.7410, -6.235
77.60, 0.7400, -7.136
77.61, 0.7390, -5.572
77.62, 0.7380, -7.289
77.63, 0.7370, -7.422
77.64, 0.7360, -5.740
77.65, 0.7350, -6.103
77.66, 0.7340, -6.149
77.67, 0.7330, -5.483
77.68, 0.7320, -6.948
77.69, 0.7310, -5.309
77.70, 0.7300, -7.190
77.71, 0.7290, -6.468
77.72, 0.7280, -5.705
77.73, 0.7270, -6.284
77.74, 0.7260, -6.473
77.75, 0.7250, -7.626
77.76, 0.7240, -6.027
77.77, 0.7230, -6.515
77.78, 0.7220, -5.560
77.79, 0.7210, -6.384
77.80, 0.7200, -6.784
77.81, 0.7190, -6.815
77.82, 0.7180, -6.983
77.83, 0.7170, -5.775
77.84, 0.7160, -6.713
77.85, 0.7150, -5.852
77.86, 0.7140, -6.740
77.87, 0.7130, -5.899
77.88, 0.7120, -7.974
77.89, 0.7110, -5.482
77.90, 0.7100, -6.404
77.91, 0.7090, -4.866
77.92, 0.7080, -5.126
77.93, 0.7070, -3.995
77.94, 0.7060, -6.178
77.95, 0.7050, -7.032
77.96, 0.7040, -4.606
77.97, 0.7030, -5.961
77.98, 0.7020, -5.652
77.99, 0.7010, -6.701
78.00, 0.7000, -6.264
78.01, 0.6990, -6.240
78.02, 0.6980, -6.591
78.03, 0.6970, -6.067
78.04, 0.6960, -5.236
78.05, 0.6950, -5.744
78.06, 0.6940, -6.358
78.07, 0.6930, -7.147
78.08, 0.6920, -6.372
78.09, 0.6910, -6.270
78.10, 0.6900, -5.254
78.11, 0.6890, -6.841
78.12, 0.6880, -6.994
78.13, 0.6870, -6.593
78.14, 0.6860, -6.931
78.15, 0.6850, -7.203
78.16, 0.6840, -7.068
78.17, 0.6830, -7.227
78.18, 0.6820, -5.838
78.19, 0.6810, -6.815
78.20, 0.6800, -7.287
78.21, 0.6790, -6.464
78.22, 0.6780, -6.191
78.23, 0.6770, -6.029
78.24, 0.6760, -7.030
78.25, 0.6750, -6.070
78.26, 0.6740, -5.345
78.27, 0.6730, -5.669
78.28, 0.6720, -7.325
78.29, 0.6710, -6.053
78.30, 0.6700, -6.142
78.31, 0.6690, -6.094
78.32, 0.6680, -5.796
78.33, 0.6670, -6.981
78.34, 0.6660, -6.511
78.35, 0.6650, -6.996
78.36, 0.6640, -6.555
78.37, 0.6630, -5.606
78.38, 0.6620, -5.857
78.39, 0.6610, -8.003
78.40, 0.6600, -6.396
78.41, 0.6590, -6.029
78.42, 0.6580, -5.538
78.43, 0.6570, -8.153
78.44, 0.6560, -6.902
78.45, 0.6550, -6.677
78.46, 0.6540, -6.266
78.47, 0.6530, -5.508
78.48, 0.6520, -6.030
78.49, 0.6510, -7.332
78.50, 0.6500, -6.306
78.51, 0.6490, -6.209
78.52, 0.6480, -7.571
78.53, 0.6470, -7.363
78.54, 0.6460, -8.281
78.55, 0.6450, -8.102
78.56, 0.6440, -7.545
78.57, 0.6430, -6.937
78.58, 0.6420, -7.772
78.59, 0.6410, -7.298
78.60, 0.6400, -7.275
78.61, 0.6390, -7.023
78.62, 0.6380, -7.346
78.63, 0.6370, -6.512
78.64, 0.6360, -7.554
78.65, 0.6350, -8.071
78.66, 0.6340, -7.289
78.67, 0.6330, -6.953
78.68, 0.6320, -6.231
78.69, 0.6310, -7.069
78.70, 0.6300, -6.725
78.71, 0.6290, -5.971
78.72, 0.6280, -7.544
78.73, 0.6270, -7.587
78.74, 0.6260, -6.318
78.75, 0.6250, -8.793
78.76, 0.6240, -7.546
78.77, 0.6230, -5.815
78.78, 0.6220, -5.999
78.79, 0.6210, -4.934
78.80, 0.6200, -8.152
78.81, 0.6190, -5.468
78.82, 0.6180, -5.940
78.83, 0.6170, -7.409
78.84, 0.6160, -6.632
78.85, 0.6150, -6.802
78.86, 0.6140, -6.383
78.87, 0.6130, -6.738
78.88, 0.6120, -7.148
78.89, 0.6110, -7.186
78.90, 0.6100, -7.234
78.91, 0.6090, -5.398
78.92, 0.6080, -7.495
78.93, 0.6070, -7.345
78.94, 0.6060, -7.398
78.95, 0.6050, -7.156
78.96, 0.6040, -6.748
78.97, 0.6030, -6.416
78.98, 0.6020, -7.132
78.99, 0.6010, -7.758
79.00, 0.6000, -7.776
79.01, 0.5990, -6.912
79.02, 0.5980, -7.008
79.03, 0.5970, -7.666
79.04, 0.5960, -5.771
79.05, 0.5950, -6.531
79.06, 0.5940, -6.269
79.07, 0.5930, -7.853
79.08, 0.5920, -6.756
79.09, 0.5910, -6.445
79.10, 0.5900, -6.532
79.11, 0.5890, -6.609
79.12, 0.5880, -6.999
79.13, 0.5870, -6.104
79.14, 0.5860, -6.573
79.15, 0.5850, -6.418
79.16, 0.5840, -5.823
79.17, 0.5830, -5.282
79.18, 0.5820, -6.537
79.19, 0.5810, -5.111
79.20, 0.5800, -5.140
79.21, 0.5790, -7.224
79.22, 0.5780, -5.441
79.23, 0.5770, -6.921
79.24, 0.5760, -7.464
79.25, 0.5750, -6.066
79.26, 0.5740, -5.982
79.27, 0.5730, -7.115
79.28, 0.5720, -6.007
79.29, 0.5710, -5.468
79.30, 0.5700, -7.566
79.31, 0.5690, -7.212
79.32, 0.5680, -6.998
79.33, 0.5670, -6.818
79.34, 0.5660, -6.937
79.35, 0.5650, -8.153
79.36, 0.5640, -8.140
79.37, 0.5630, -6.776
79.38, 0.5620, -7.137
79.39, 0.5610, -6.176
79.40, 0.5600, -6.779
79.41, 0.5590, -7.559
79.42, 0.5580, -7.606
79.43, 0.5570, -6.608
79.44, 0.5560, -7.546
79.45, 0.5550, -7.140
79.46, 0.5540, -7.441
79.47, 0.5530, -7.387
79.48, 0.5520, -7.193
79.49, 0.5510, -6.800
79.50, 0.5500, -7.631
79.51, 0.5490, -6.257
79.52, 0.5480, -8.693
79.53, 0.5470, -5.637
79.54, 0.5460, -7.327
79.55, 0.5450, -7.457
79.56, 0.5440, -6.299
79.57, 0.5430, -6.568
79.58, 0.5420, -6.734
79.59, 0.5410, -6.747
79.60, 0.5400, -7.130
79.61, 0.5390, -7.099
79.62, 0.5380, -6.626
79.63, 0.5370, -5.991
79.64, 0.5360, -6.928
79.65, 0.5350, -5.280
79.66, 0.5340, -6.279
79.67, 0.5330, -5.412
79.68, 0.5320, -6.841
79.69, 0.5310, -6.143
79.70, 0.5300, -8.548
79.71, 0.5290, -7.150
79.72, 0.5280, -5.549
79.73, 0.5270, -6.843
79.74, 0.5260, -6.008
79.75, 0.5250, -7.640
79.76, 0.5240, -6.112
79.77, 0.5230, -6.230
79.78, 0.5220, -7.670
79.79, 0.5210, -7.519
79.80, 0.5200, -6.449
79.81, 0.5190, -7.887
79.82, 0.5180, -6.590
79.83, 0.5170, -7.214
79.84, 0.5160, -7.074
79.85, 0.5150, -7.488
79.86, 0.5140, -7.432
79.87, 0.5130, -8.456
79.88, 0.5120, -5.914
79.89, 0.5110, -8.047
79.90, 0.5100, -7.458
79.91, 0.5090, -7.702
79.92, 0.5080, -8.546
79.93, 0.5070, -7.120
79.94, 0.5060, -7.705
79.95, 0.5050, -6.691
79.96, 0.5040, -7.304
79.97, 0.5030, -6.933
79.98, 0.5020, -7.429
79.99, 0.5010, -8.279
80.00, 0.5000, -6.939
80.01, 0.4990, -7.776
80.02, 0.4980, -8.514
80.03, 0.4970, -6.489
80.04, 0.4960, -7.114
80.05, 0.4950, -7.206
80.06, 0.4940, -6.766
80.07, 0.4930, -7.203
80.08, 0.4920, -7.212
80.09, 0.4910, -6.335
80.10, 0.4900, -7.008
80.11, 0.4890, -7.196
80.12, 0.4880, -6.967
80.13, 0.4870, -7.928
80.14, 0.4860, -7.676
80.15, 0.4850, -6.718
80.16, 0.4840, -5.924
80.17, 0.4830, -6.415
80.18, 0.4820, -7.872
80.19, 0.4810, -6.644
80.20, 0.4800, -6.190
80.21, 0.4790, -5.977
80.22, 0.4780, -7.827
80.23, 0.4770, -8.211
80.24, 0.4760, -6.615
80.25, 0.4750, -8.351
80.26, 0.4740, -8.325
80.27, 0.4730, -6.762
80.28, 0.4720, -5.810
80.29, 0.4710, -7.503
80.30, 0.4700, -7.513
80.31, 0.4690, -7.333
80.32, 0.4680, -9.517
80.33, 0.4670, -6.774
80.34, 0.4660, -7.846
80.35, 0.4650, -5.835
80.36, 0.4640, -7.247
80.37, 0.4630, -6.269
80.38, 0.4620, -6.088
80.39, 0.4610, -7.346
80.40, 0.4600, -7.198
80.41, 0.4590, -9.054
80.42, 0.4580, -7.496
80.43, 0.4570, -7.310
80.44, 0.4560, -6.541
80.45, 0.4550, -6.927
80.46, 0.4540, -8.072
80.47, 0.4530, -7.445
80.48, 0.4520, -7.494
80.49, 0.4510, -8.728
80.50, 0.4500, -6.829
80.51, 0.4490, -7.551
80.52, 0.4480, -7.735
80.53, 0.4470, -7.650
80.54, 0.4460, -5.503
80.55, 0.4450, -6.739
80.56, 0.4440, -7.383
80.57, 0.4430, -6.140
80.58, 0.4420, -8.820
80.59, 0.4410, -8.069
80.60, 0.4400, -6.738
80.61, 0.4390, -8.232
80.62, 0.4380, -6.061
80.63, 0.4370, -10.30
80.64, 0.4360, -8.686
80.65, 0.4350, -7.793
80.66, 0.4340, -8.802
80.67, 0.4330, -8.210
80.68, 0.4320, -8.928
80.69, 0.4310, -7.778
80.70, 0.4300, -7.513
80.71, 0.4290, -8.134
80.72, 0.4280, -7.834
80.73, 0.4270, -9.085
80.74, 0.4260, -8.997
80.75, 0.4250, -7.912
80.76, 0.4240, -8.460
80.77, 0.4230, -7.353
80.78, 0.4220, -5.776
80.79, 0.4210, -7.851
80.80, 0.4200, -8.508
80.81, 0.4190, -7.915
80.82, 0.4180, -9.820
80.83, 0.4170, -7.771
80.84, 0.4160, -7.620
80.85, 0.4150, -9.044
80.86, 0.4140, -7.184
80.87, 0.4130, -6.181
80.88, 0.4120, -7.654
80.89, 0.4110, -6.905
80.90, 0.4100, -7.709
80.91, 0.4090, -5.972
80.92, 0.4080, -6.612
80.93, 0.4070, -8.635
80.94, 0.4060, -7.177
80.95, 0.4050, -7.372
80.96, 0.4040, -6.995
80.97, 0.4030, -6.542
80.98, 0.4020, -7.680
80.99, 0.4010, -7.052
81.00, 0.4000, -7.857
81.01, 0.3990, -6.994
81.02, 0.3980, -7.549
81.03, 0.3970, -8.657
81.04, 0.3960, -7.865
81.05, 0.3950, -8.464
81.06, 0.3940, -8.160
81.07, 0.3930, -9.324
81.08, 0.3920, -7.778
81.09, 0.3910, -8.404
81.10, 0.3900, -8.753
81.11, 0.3890, -7.773
81.12, 0.3880, -9.190
81.13, 0.3870, -6.795
81.14, 0.3860, -8.237
81.15, 0.3850, -9.572
81.16, 0.3840, -10.12
81.17, 0.3830, -9.055
81.18, 0.3820, -9.785
81.19, 0.3810, -8.044
81.20, 0.3800, -7.142
81.21, 0.3790, -8.622
81.22, 0.3780, -8.140
81.23, 0.3770, -8.160
81.24, 0.3760, -7.419
81.25, 0.3750, -6.766
81.26, 0.3740, -8.008
81.27, 0.3730, -7.586
81.28, 0.3720, -8.596
81.29, 0.3710, -8.823
81.30, 0.3700, -6.986
81.31, 0.3690, -8.324
81.32, 0.3680, -7.122
81.33, 0.3670, -8.359
81.34, 0.3660, -8.659
81.35, 0.3650, -7.646
81.36, 0.3640, -7.827
81.37, 0.3630, -7.277
81.38, 0.3620, -8.442
81.39, 0.3610, -8.992
81.40, 0.3600, -7.258
81.41, 0.3590, -8.462
81.42, 0.3580, -7.522
81.43, 0.3570, -7.488
81.44, 0.3560, -9.422
81.45, 0.3550, -7.012
81.46, 0.3540, -7.470
81.47, 0.3530, -8.007
81.48, 0.3520, -7.778
81.49, 0.3510, -8.599
81.50, 0.3500, -9.339
81.51, 0.3490, -8.377
81.52, 0.3480, -8.356
81.53, 0.3470, -8.631
81.54, 0.3460, -8.220
81.55, 0.3450, -7.617
81.56, 0.3440, -7.619
81.57, 0.3430, -7.924
81.58, 0.3420, -7.594
81.59, 0.3410, -8.358
81.60, 0.3400, -8.672
81.61, 0.3390, -7.530
81.62, 0.3380, -8.096
81.63, 0.3370, -9.336
81.64, 0.3360, -9.627
81.65, 0.3350, -8.846
81.66, 0.3340, -9.954
81.67, 0.3330, -8.621
81.68, 0.3320, -7.582
81.69, 0.3310, -8.585
81.70, 0.3300, -7.914
81.71, 0.3290, -8.378
81.72, 0.3280, -6.508
81.73, 0.3270, -8.605
81.74, 0.3260, -7.975
81.75, 0.3250, -8.700
81.76, 0.3240, -8.209
81.77, 0.3230, -7.975
81.78, 0.3220, -8.258
81.79, 0.3210, -8.722
81.80, 0.3200, -8.005
81.81, 0.3190, -8.262
81.82, 0.3180, -8.746
81.83, 0.3170, -9.565
81.84, 0.3160, -8.123
81.85, 0.3150, -8.335
81.86, 0.3140, -8.584
81.87, 0.3130, -8.563
81.88, 0.3120, -9.158
81.89, 0.3110, -8.133
81.90, 0.3100, -9.539
81.91, 0.3090, -9.180
81.92, 0.3080, -9.604
81.93, 0.3070, -8.244
81.94, 0.3060, -8.621
81.95, 0.3050, -10.35
81.96, 0.3040, -10.11
81.97, 0.3030, -8.185
81.98, 0.3020, -9.345
81.99, 0.3010, -9.026
82.00, 0.3000, -8.941
82.01, 0.2990, -8.100
82.02, 0.2980, -8.800
82.03, 0.2970, -8.520
82.04, 0.2960, -7.846
82.05, 0.2950, -8.890
82.06, 0.2940, -8.883
82.07, 0.2930, -7.442
82.08, 0.2920, -8.020
82.09, 0.2910, -8.381
82.10, 0.2900, -8.667
82.11, 0.2890, -8.166
82.12, 0.2880, -8.748
82.13, 0.2870, -8.424
82.14, 0.2860, -8.548
82.15, 0.2850, -7.634
82.16, 0.2840, -9.117
82.17, 0.2830, -9.340
82.18, 0.2820, -8.050
82.19, 0.2810, -8.904
82.20, 0.2800, -8.558
82.21, 0.2790, -7.111
82.22, 0.2780, -7.278
82.23, 0.2770, -7.976
82.24, 0.2760, -7.928
82.25, 0.2750, -8.275
82.26, 0.2740, -8.368
82.27, 0.2730, -7.630
82.28, 0.2720, -8.206
82.29, 0.2710, -9.838
82.30, 0.2700, -8.713
82.31, 0.2690, -9.705
82.32, 0.2680, -10.21
82.33, 0.2670, -9.019
82.34, 0.2660, -10.02
82.35, 0.2650, -9.471
82.36, 0.2640, -8.910
82.37, 0.2630, -9.430
82.38, 0.2620, -7.878
82.39, 0.2610, -10.04
82.40, 0.2600, -8.214
82.41, 0.2590, -9.549
82.42, 0.2580, -9.886
82.43, 0.2570, -8.811
82.44, 0.2560, -8.838
82.45, 0.2550, -9.717
82.46, 0.2540, -9.458
82.47, 0.2530, -9.037
82.48, 0.2520, -9.786
82.49, 0.2510, -9.167
82.50, 0.2500, -7.308
82.51, 0.2490, -10.23
82.52, 0.2480, -8.235
82.53, 0.2470, -9.170
82.54, 0.2460, -9.160
82.55, 0.2450, -7.932
82.56, 0.2440, -8.633
82.57, 0.2430, -8.858
82.58, 0.2420, -8.548
82.59, 0.2410, -8.805
82.60, 0.2400, -8.173
82.61, 0.2390, -8.010
82.62, 0.2380, -9.879
82.63, 0.2370, -9.116
82.64, 0.2360, -8.376
82.65, 0.2350, -9.505
82.66, 0.2340, -8.827
82.67, 0.2330, -9.842
82.68, 0.2320, -8.687
82.69, 0.2310, -9.172
82.70, 0.2300, -9.047
82.71, 0.2290, -7.894
82.72, 0.2280, -8.683
82.73, 0.2270, -9.608
82.74, 0.2260, -10.40
82.75, 0.2250, -10.93
82.76, 0.2240, -9.998
82.77, 0.2230, -10.19
82.78, 0.2220, -9.402
82.79, 0.2210, -9.019
82.80, 0.2200, -8.764
82.81, 0.2190, -9.280
82.82, 0.2180, -9.540
82.83, 0.2170, -10.52
82.84, 0.2160, -8.413
82.85, 0.2150, -8.500
82.86, 0.2140, -9.467
82.87, 0.2130, -9.101
82.88, 0.2120, -11.04
82.89, 0.2110, -10.32
82.90, 0.2100, -7.310
82.91, 0.2090, -9.678
82.92, 0.2080, -9.503
82.93, 0.2070, -7.932
82.94, 0.2060, -9.329
82.95, 0.2050, -8.663
82.96, 0.2040, -9.785
82.97, 0.2030, -9.268
82.98, 0.2020, -7.986
82.99, 0.2010, -8.805
83.00, 0.2000, -9.267
83.01, 0.1990, -8.788
83.02, 0.1980, -8.399
83.03, 0.1970, -9.031
83.04, 0.1960, -8.988
83.05, 0.1950, -9.183
83.06, 0.1940, -8.761
83.07, 0.1930, -9.275
83.08, 0.1920, -8.591
83.09, 0.1910, -8.940
83.10, 0.1900, -9.654
83.11, 0.1890, -7.783
83.12, 0.1880, -9.075
83.13, 0.1870, -8.875
83.14, 0.1860, -8.819
83.15, 0.1850, -8.408
83.16, 0.1840, -8.978
83.17, 0.1830, -10.28
83.18, 0.1820, -9.498
83.19, 0.1810, -9.457
83.20, 0.1800, -8.769
83.21, 0.1790, -9.083
83.22, 0.1780, -9.418
83.23, 0.1770, -10.01
83.24, 0.1760, -10.14
83.25, 0.1750, -9.368
83.26, 0.1740, -9.535
83.27, 0.1730, -10.07
83.28, 0.1720, -11.09
83.29, 0.1710, -8.870
83.30, 0.1700, -9.652
83.31, 0.1690, -10.19
83.32, 0.1680, -10.10
83.33, 0.1670, -9.604
83.34, 0.1660, -10.16
83.35, 0.1650, -9.121
83.36, 0.1640, -9.901
83.37, 0.1630, -8.828
83.38, 0.1620, -10.04
83.39, 0.1610, -9.901
83.40, 0.1600, -9.880
83.41, 0.1590, -9.211
83.42, 0.1580, -8.840
83.43, 0.1570, -9.851
83.44, 0.1560, -8.687
83.45, 0.1550, -9.061
83.46, 0.1540, -8.716
83.47, 0.1530, -7.306
83.48, 0.1520, -10.03
83.49, 0.1510, -8.152
83.50, 0.1500, -8.779
83.51, 0.1490, -9.076
83.52, 0.1480, -10.04
83.53, 0.1470, -9.573
83.54, 0.1460, -9.017
83.55, 0.1450, -9.918
83.56, 0.1440, -9.926
83.57, 0.1430, -10.02
83.58, 0.1420, -10.23
83.59, 0.1410, -10.22
83.60, 0.1400, -10.94
83.61, 0.1390, -10.34
83.62, 0.1380, -10.09
83.63, 0.1370, -10.94
83.64, 0.1360, -9.621
83.65, 0.1350, -11.04
83.66, 0.1340, -11.50
83.67, 0.1330, -9.958
83.68, 0.1320, -10.53
83.69, 0.1310, -8.493
83.70, 0.1300, -10.89
83.71, 0.1290, -9.698
83.72, 0.1280, -10.81
83.73, 0.1270, -10.07
83.74, 0.1260, -8.919
83.75, 0.1250, -9.715
83.76, 0.1240, -8.205
83.77, 0.1230, -10.97
83.78, 0.1220, -10.37
83.79, 0.1210, -9.177
83.80, 0.1200, -11.38
83.81, 0.1190, -8.948
83.82, 0.1180, -9.837
83.83, 0.1170, -8.467
83.84, 0.1160, -9.493
83.85, 0.1150, -10.35
83.86, 0.1140, -8.268
83.87, 0.1130, -8.946
83.88, 0.1120, -10.11
83.89, 0.1110, -7.980
83.90, 0.1100, -9.264
83.91, 0.1090, -9.679
83.92, 0.1080, -8.726
83.93, 0.1070, -8.157
83.94, 0.1060, -10.91
83.95, 0.1050, -10.25
83.96, 0.1040, -10.01
83.97, 0.1030, -8.155
83.98, 0.1020, -10.34
83.99, 0.1010, -9.007
84.00, 0.1000, -10.70
84.01, 0.09900, -9.991
84.02, 0.09800, -10.89
84.03, 0.09700, -8.490
84.04, 0.09600, -11.08
84.05, 0.09500, -9.965
84.06, 0.09400, -8.908
84.07, 0.09300, -10.49
84.08, 0.09200, -10.38
84.09, 0.09100, -10.07
84.10, 0.09000, -10.76
84.11, 0.08900, -10.78
84.12, 0.08800, -10.14
84.13, 0.08700, -9.520
84.14, 0.08600, -10.27
84.15, 0.08500, -8.522
84.16, 0.08400, -9.538
84.17, 0.08300, -10.87
84.18, 0.08200, -9.423
84.19, 0.08100, -10.08
84.20, 0.08000, -8.552
84.21, 0.07900, -10.84
84.22, 0.07800, -9.117
84.23, 0.07700, -9.369
84.24, 0.07600, -11.33
84.25, 0.07500, -9.455
84.26, 0.07400, -10.50
84.27, 0.07300, -10.10
84.28, 0.07200, -9.446
84.29, 0.07100, -9.286
84.30, 0.07000, -10.91
84.31, 0.06900, -10.56
84.32, 0.06800, -8.872
84.33, 0.06700, -9.241
84.34, 0.06600, -11.61
84.35, 0.06500, -9.317
84.36, 0.06400, -9.996
84.37, 0.06300, -8.787
84.38, 0.06200, -9.394
84.39, 0.06100, -9.162
84.40, 0.06000, -9.262
84.41, 0.05900, -9.308
84.42, 0.05800, -10.14
84.43, 0.05700, -10.51
84.44, 0.05600, -10.18
84.45, 0.05500, -9.778
84.46, 0.05400, -11.16
84.47, 0.05300, -11.02
84.48, 0.05200, -10.58
84.49, 0.05100, -10.63
84.50, 0.05000, -10.94
84.51, 0.04900, -10.33
84.52, 0.04800, -11.15
84.53, 0.04700, -10.32
84.54, 0.04600, -10.63
84.55, 0.04500, -9.922
84.56, 0.04400, -10.61
84.57, 0.04300, -10.06
84.58, 0.04200, -9.676
84.59, 0.04100, -10.77
84.60, 0.04000, -9.604
84.61, 0.03900, -9.635
84.62, 0.03800, -9.302
84.63, 0.03700, -9.554
84.64, 0.03600, -9.796
84.65, 0.03500, -10.15
84.66, 0.03400, -9.856
84.67, 0.03300, -9.360
84.68, 0.03200, -11.73
84.69, 0.03100, -9.684
84.70, 0.03000, -9.689
84.71, 0.02900, -10.36
84.72, 0.02800, -9.700
84.73, 0.02700, -10.24
84.74, 0.02600, -10.52
84.75, 0.02500, -9.969
84.76, 0.02400, -9.399
84.77, 0.02300, -10.12
84.78, 0.02200, -10.68
84.79, 0.02100, -10.60
84.80, 0.02000, -10.92
84.81, 0.01900, -10.17
84.82, 0.01800, -9.769
84.83, 0.01700, -11.09
84.84, 0.01600, -10.79
84.85, 0.01500, -10.49
84.86, 0.01400, -12.14
84.87, 0.01300, -10.69
84.88, 0.01200, -12.45
84.89, 0.01100, -10.31
84.90, 0.01000, -11.75
84.91, 0.009000, -10.57
84.92, 0.008000, -10.85
84.93, 0.007000, -10.80
84.94, 0.006000, -10.54
84.95, 0.005000, -12.15
84.96, 0.004000, -11.45
84.97, 0.003000, -9.909
84.98, 0.002000, -10.64
84.99, 0.001000, -9.487
85.00, 0.000, -10.44
