0.01000, -0.8000, -14.55
0.02000, -0.8000, -13.30
0.03000, -0.8000, -12.29
0.04000, -0.8000, -10.50
0.05000, -0.8000, -10.73
0.06000, -0.8000, -9.588
0.07000, -0.8000, -9.092
0.08000, -0.8000, -8.973
0.09000, -0.8000, -8.987
0.1000, -0.8000, -9.133
0.1100, -0.8000, -9.089
0.1200, -0.8000, -8.924
0.1300, -0.8000, -8.917
0.1400, -0.8000, -7.874
0.1500, -0.8000, -7.318
0.1600, -0.8000, -9.278
0.1700, -0.8000, -10.00
0.1800, -0.8000, -9.438
0.1900, -0.8000, -9.591
0.2000, -0.8000, -8.231
0.2100, -0.8000, -7.964
0.2200, -0.8000, -7.911
0.2300, -0.8000, -7.824
0.2400, -0.8000, -8.566
0.2500, -0.8000, -7.941
0.2600, -0.8000, -9.044
0.2700, -0.8000, -7.565
0.2800, -0.8000, -7.560
0.2900, -0.8000, -7.384
0.3000, -0.8000, -7.072
0.3100, -0.8000, -7.943
0.3200, -0.8000, -8.860
0.3300, -0.8000, -7.511
0.3400, -0.8000, -7.401
0.3500, -0.8000, -8.012
0.3600, -0.8000, -8.235
0.3700, -0.8000, -7.408
0.3800, -0.8000, -7.681
0.3900, -0.8000, -8.205
0.4000, -0.8000, -8.466
0.4100, -0.8000, -7.988
0.4200, -0.8000, -7.553
0.4300, -0.8000, -8.314
0.4400, -0.8000, -7.774
0.4500, -0.8000, -6.750
0.4600, -0.8000, -8.034
0.4700, -0.8000, -7.809
0.4800, -0.8000, -8.560
0.4900, -0.8000, -6.862
0.5000, -0.8000, -7.423
0.5100, -0.8000, -6.606
0.5200, -0.8000, -6.905
0.5300, -0.8000, -7.231
0.5400, -0.8000, -6.844
0.5500, -0.8000, -7.246
0.5600, -0.8000, -7.048
0.5700, -0.8000, -7.106
0.5800, -0.8000, -7.543
0.5900, -0.8000, -6.864
0.6000, -0.8000, -7.091
0.6100, -0.8000, -7.916
0.6200, -0.8000, -6.640
0.6300, -0.8000, -7.420
0.6400, -0.8000, -7.528
0.6500, -0.8000, -7.543
0.6600, -0.8000, -7.911
0.6700, -0.8000, -9.277
0.6800, -0.8000, -7.948
0.6900, -0.8000, -7.063
0.7000, -0.8000, -8.493
0.7100, -0.8000, -7.337
0.7200, -0.8000, -7.617
0.7300, -0.8000, -6.805
0.7400, -0.8000, -7.618
0.7500, -0.8000, -6.741
0.7600, -0.8000, -7.841
0.7700, -0.8000, -6.538
0.7800, -0.8000, -6.491
0.7900, -0.8000, -6.894
0.8000, -0.8000, -7.045
0.8100, -0.8000, -7.446
0.8200, -0.8000, -6.966
0.8300, -0.8000, -7.069
0.8400, -0.8000, -8.452
0.8500, -0.8000, -6.846
0.8600, -0.8000, -7.913
0.8700, -0.8000, -7.155
0.8800, -0.8000, -8.647
0.8900, -0.8000, -7.045
0.9000, -0.8000, -8.068
0.9100, -0.8000, -6.051
0.9200, -0.8000, -6.558
0.9300, -0.8000, -6.806
0.9400, -0.8000, -6.662
0.9500, -0.8000, -6.900
0.9600, -0.8000, -7.318
0.9700, -0.8000, -8.337
0.9800, -0.8000, -8.365
0.9900, -0.8000, -7.141
1.000, -0.8000, -7.205
1.010, -0.8000, -6.850
1.020, -0.8000, -7.656
1.030, -0.8000, -8.081
1.040, -0.8000, -7.581
1.050, -0.8000, -5.850
1.060, -0.8000, -7.814
1.070, -0.8000, -6.815
1.080, -0.8000, -7.840
1.090, -0.8000, -8.051
1.100, -0.8000, -7.959
1.110, -0.8000, -6.683
1.120, -0.8000, -8.291
1.130, -0.8000, -6.631
1.140, -0.8000, -5.482
1.150, -0.8000, -7.188
1.160, -0.8000, -6.658
1.170, -0.8000, -7.263
1.180, -0.8000, -7.848
1.190, -0.8000, -7.015
1.200, -0.8000, -6.831
1.210, -0.8000, -6.581
1.220, -0.8000, -6.482
1.230, -0.8000, -6.723
1.240, -0.8000, -7.355
1.250, -0.8000, -7.258
1.260, -0.8000, -6.866
1.270, -0.8000, -8.377
1.280, -0.8000, -7.359
1.290, -0.8000, -8.803
1.300, -0.8000, -7.608
1.310, -0.8000, -7.818
1.320, -0.8000, -7.175
1.330, -0.8000, -6.617
1.340, -0.8000, -6.579
1.350, -0.8000, -7.212
1.360, -0.8000, -7.578
1.370, -0.8000, -6.417
1.380, -0.8000, -7.023
1.390, -0.8000, -7.886
1.400, -0.8000, -7.564
1.410, -0.8000, -7.113
1.420, -0.8000, -7.275
1.430, -0.8000, -6.984
1.440, -0.8000, -7.010
1.450, -0.8000, -7.595
1.460, -0.8000, -7.119
1.470, -0.8000, -6.973
1.480, -0.8000, -8.378
1.490, -0.8000, -5.939
1.500, -0.8000, -7.281
1.510, -0.8000, -6.397
1.520, -0.8000, -6.661
1.530, -0.8000, -6.586
1.540, -0.8000, -6.909
1.550, -0.8000, -7.134
1.560, -0.8000, -6.675
1.570, -0.8000, -6.840
1.580, -0.8000, -6.632
1.590, -0.8000, -6.754
1.600, -0.8000, -6.810
1.610, -0.8000, -7.214
1.620, -0.8000, -6.996
1.630, -0.8000, -7.042
1.640, -0.8000, -6.936
1.650, -0.8000, -7.124
1.660, -0.8000, -6.486
1.670, -0.8000, -8.451
1.680, -0.8000, -7.233
1.690, -0.8000, -7.690
1.700, -0.8000, -7.440
1.710, -0.8000, -7.851
1.720, -0.8000, -7.465
1.730, -0.8000, -7.391
1.740, -0.8000, -7.042
1.750, -0.8000, -6.504
1.760, -0.8000, -7.561
1.770, -0.8000, -5.827
1.780, -0.8000, -6.424
1.790, -0.8000, -7.260
1.800, -0.8000, -7.219
1.810, -0.8000, -7.959
1.820, -0.8000, -7.084
1.830, -0.8000, -6.995
1.840, -0.8000, -6.891
1.850, -0.8000, -7.494
1.860, -0.8000, -8.072
1.870, -0.8000, -7.186
1.880, -0.8000, -6.244
1.890, -0.8000, -6.347
1.900, -0.8000, -7.818
1.910, -0.8000, -6.712
1.920, -0.8000, -7.370
1.930, -0.8000, -7.192
1.940, -0.8000, -7.091
1.950, -0.8000, -7.664
1.960, -0.8000, -7.114
1.970, -0.8000, -6.515
1.980, -0.8000, -6.916
1.990, -0.8000, -7.570
2.000, -0.8000, -6.952
2.010, -0.8000, -5.822
2.020, -0.8000, -7.440
2.030, -0.8000, -7.128
2.040, -0.8000, -6.977
2.050, -0.8000, -6.838
2.060, -0.8000, -7.955
2.070, -0.8000, -7.293
2.080, -0.8000, -6.712
2.090, -0.8000, -9.101
2.100, -0.8000, -7.334
2.110, -0.8000, -6.522
2.120, -0.8000, -7.440
2.130, -0.8000, -7.792
2.140, -0.8000, -6.283
2.150, -0.8000, -7.178
2.160, -0.8000, -8.678
2.170, -0.8000, -6.846
2.180, -0.8000, -6.300
2.190, -0.8000, -7.053
2.200, -0.8000, -6.529
2.210, -0.8000, -5.914
2.220, -0.8000, -8.424
2.230, -0.8000, -6.375
2.240, -0.8000, -7.217
2.250, -0.8000, -7.138
2.260, -0.8000, -6.350
2.270, -0.8000, -6.026
2.280, -0.8000, -6.835
2.290, -0.8000, -8.426
2.300, -0.8000, -7.607
2.310, -0.8000, -7.752
2.320, -0.8000, -7.470
2.330, -0.8000, -7.089
2.340, -0.8000, -7.272
2.350, -0.8000, -6.849
2.360, -0.8000, -6.806
2.370, -0.8000, -7.474
2.380, -0.8000, -7.143
2.390, -0.8000, -6.514
2.400, -0.8000, -6.643
2.410, -0.8000, -5.851
2.420, -0.8000, -6.789
2.430, -0.8000, -7.277
2.440, -0.8000, -7.175
2.450, -0.8000, -7.972
2.460, -0.8000, -6.888
2.470, -0.8000, -7.246
2.480, -0.8000, -7.210
2.490, -0.8000, -6.757
2.500, -0.8000, -6.221
2.510, -0.8000, -6.971
2.520, -0.8000, -7.031
2.530, -0.8000, -7.891
2.540, -0.8000, -6.566
2.550, -0.8000, -7.336
2.560, -0.8000, -7.599
2.570, -0.8000, -8.738
2.580, -0.8000, -7.250
2.590, -0.8000, -8.664
2.600, -0.8000, -6.491
2.610, -0.8000, -7.453
2.620, -0.8000, -6.086
2.630, -0.8000, -5.961
2.640, -0.8000, -7.155
2.650, -0.8000, -5.936
2.660, -0.8000, -7.652
2.670, -0.8000, -8.347
2.680, -0.8000, -6.708
2.690, -0.8000, -6.335
2.700, -0.8000, -6.526
2.710, -0.8000, -6.367
2.720, -0.8000, -6.854
2.730, -0.8000, -7.622
2.740, -0.8000, -6.810
2.750, -0.8000, -7.712
2.760, -0.8000, -7.944
2.770, -0.8000, -7.568
2.780, -0.8000, -6.623
2.790, -0.8000, -7.600
2.800, -0.8000, -7.713
2.810, -0.8000, -7.122
2.820, -0.8000, -7.233
2.830, -0.8000, -6.713
2.840, -0.8000, -6.078
2.850, -0.8000, -5.900
2.860, -0.8000, -6.552
2.870, -0.8000, -8.191
2.880, -0.8000, -6.752
2.890, -0.8000, -6.920
2.900, -0.8000, -7.086
2.910, -0.8000, -6.221
2.920, -0.8000, -7.849
2.930, -0.8000, -6.649
2.940, -0.8000, -6.911
2.950, -0.8000, -6.909
2.960, -0.8000, -6.822
2.970, -0.8000, -6.595
2.980, -0.8000, -5.865
2.990, -0.8000, -8.979
3.000, -0.8000, -8.199
3.010, -0.8000, -7.398
3.020, -0.8000, -6.166
3.030, -0.8000, -6.452
3.040, -0.8000, -6.648
3.050, -0.8000, -6.317
3.060, -0.8000, -7.099
3.070, -0.8000, -6.498
3.080, -0.8000, -6.484
3.090, -0.8000, -6.400
3.100, -0.8000, -6.647
3.110, -0.8000, -6.468
3.120, -0.8000, -6.744
3.130, -0.8000, -7.008
3.140, -0.8000, -7.669
3.150, -0.8000, -7.907
3.160, -0.8000, -7.471
3.170, -0.8000, -6.799
3.180, -0.8000, -6.653
3.190, -0.8000, -6.017
3.200, -0.8000, -6.933
3.210, -0.8000, -7.735
3.220, -0.8000, -7.408
3.230, -0.8000, -6.758
3.240, -0.8000, -6.421
3.250, -0.8000, -6.030
3.260, -0.8000, -6.212
3.270, -0.8000, -7.019
3.280, -0.8000, -7.103
3.290, -0.8000, -7.769
3.300, -0.8000, -7.336
3.310, -0.8000, -7.180
3.320, -0.8000, -5.701
3.330, -0.8000, -7.398
3.340, -0.8000, -7.043
3.350, -0.8000, -7.671
3.360, -0.8000, -6.118
3.370, -0.8000, -6.663
3.380, -0.8000, -5.904
3.390, -0.8000, -8.281
3.400, -0.8000, -7.217
3.410, -0.8000, -7.933
3.420, -0.8000, -7.108
3.430, -0.8000, -7.186
3.440, -0.8000, -6.916
3.450, -0.8000, -6.978
3.460, -0.8000, -7.268
3.470, -0.8000, -7.084
3.480, -0.8000, -7.545
3.490, -0.8000, -8.425
3.500, -0.8000, -7.170
3.510, -0.8000, -7.160
3.520, -0.8000, -7.845
3.530, -0.8000, -7.651
3.540, -0.8000, -6.804
3.550, -0.8000, -7.599
3.560, -0.8000, -6.234
3.570, -0.8000, -7.549
3.580, -0.8000, -7.814
3.590, -0.8000, -6.871
3.600, -0.8000, -7.503
3.610, -0.8000, -7.979
3.620, -0.8000, -7.628
3.630, -0.8000, -7.669
3.640, -0.8000, -8.187
3.650, -0.8000, -7.389
3.660, -0.8000, -7.590
3.670, -0.8000, -7.343
3.680, -0.8000, -8.017
3.690, -0.8000, -8.404
3.700, -0.8000, -7.553
3.710, -0.8000, -6.731
3.720, -0.8000, -6.823
3.730, -0.8000, -7.368
3.740, -0.8000, -7.372
3.750, -0.8000, -8.619
3.760, -0.8000, -8.046
3.770, -0.8000, -7.824
3.780, -0.8000, -7.359
3.790, -0.8000, -6.650
3.800, -0.8000, -7.756
3.810, -0.8000, -7.481
3.820, -0.8000, -5.892
3.830, -0.8000, -7.416
3.840, -0.8000, -8.785
3.850, -0.8000, -6.708
3.860, -0.8000, -7.949
3.870, -0.8000, -7.472
3.880, -0.8000, -6.626
3.890, -0.8000, -5.850
3.900, -0.8000, -6.689
3.910, -0.8000, -7.022
3.920, -0.8000, -6.572
3.930, -0.8000, -6.752
3.940, -0.8000, -7.557
3.950, -0.8000, -7.181
3.960, -0.8000, -7.023
3.970, -0.8000, -7.131
3.980, -0.8000, -6.187
3.990, -0.8000, -6.740
4.000, -0.8000, -5.479
4.010, -0.8000, -7.023
4.020, -0.8000, -7.191
4.030, -0.8000, -6.100
4.040, -0.8000, -6.715
4.050, -0.8000, -7.977
4.060, -0.8000, -7.460
4.070, -0.8000, -7.557
4.080, -0.8000, -6.939
4.090, -0.8000, -7.587
4.100, -0.8000, -6.738
4.110, -0.8000, -7.705
4.120, -0.8000, -7.433
4.130, -0.8000, -7.100
4.140, -0.8000, -7.035
4.150, -0.8000, -7.561
4.160, -0.8000, -6.927
4.170, -0.8000, -6.513
4.180, -0.8000, -7.537
4.190, -0.8000, -7.119
4.200, -0.8000, -6.380
4.210, -0.8000, -8.609
4.220, -0.8000, -6.127
4.230, -0.8000, -5.652
4.240, -0.8000, -7.418
4.250, -0.8000, -6.846
4.260, -0.8000, -6.745
4.270, -0.8000, -6.773
4.280, -0.8000, -6.763
4.290, -0.8000, -6.857
4.300, -0.8000, -7.105
4.310, -0.8000, -6.236
4.320, -0.8000, -7.293
4.330, -0.8000, -7.111
4.340, -0.8000, -6.555
4.350, -0.8000, -7.707
4.360, -0.8000, -7.347
4.370, -0.8000, -6.834
4.380, -0.8000, -7.840
4.390, -0.8000, -7.689
4.400, -0.8000, -7.350
4.410, -0.8000, -7.596
4.420, -0.8000, -6.565
4.430, -0.8000, -7.190
4.440, -0.8000, -7.200
4.450, -0.8000, -7.425
4.460, -0.8000, -6.765
4.470, -0.8000, -7.141
4.480, -0.8000, -6.571
4.490, -0.8000, -7.008
4.500, -0.8000, -5.477
4.510, -0.8000, -7.036
4.520, -0.8000, -6.214
4.530, -0.8000, -7.663
4.540, -0.8000, -7.634
4.550, -0.8000, -7.047
4.560, -0.8000, -8.235
4.570, -0.8000, -6.312
4.580, -0.8000, -7.514
4.590, -0.8000, -7.293
4.600, -0.8000, -7.065
4.610, -0.8000, -6.214
4.620, -0.8000, -9.138
4.630, -0.8000, -6.702
4.640, -0.8000, -7.454
4.650, -0.8000, -6.908
4.660, -0.8000, -6.765
4.670, -0.8000, -7.811
4.680, -0.8000, -6.569
4.690, -0.8000, -5.929
4.700, -0.8000, -6.347
4.710, -0.8000, -6.913
4.720, -0.8000, -7.482
4.730, -0.8000, -7.370
4.740, -0.8000, -6.322
4.750, -0.8000, -7.901
4.760, -0.8000, -6.328
4.770, -0.8000, -7.491
4.780, -0.8000, -7.230
4.790, -0.8000, -6.888
4.800, -0.8000, -6.968
4.810, -0.8000, -6.770
4.820, -0.8000, -7.220
4.830, -0.8000, -7.232
4.840, -0.8000, -7.590
4.850, -0.8000, -7.265
4.860, -0.8000, -8.308
4.870, -0.8000, -7.354
4.880, -0.8000, -6.217
4.890, -0.8000, -7.564
4.900, -0.8000, -6.329
4.910, -0.8000, -6.887
4.920, -0.8000, -7.913
4.930, -0.8000, -6.653
4.940, -0.8000, -6.864
4.950, -0.8000, -6.591
4.960, -0.8000, -6.064
4.970, -0.8000, -6.647
4.980, -0.8000, -7.481
4.990, -0.8000, -7.384
5.000, -0.8000, -7.798
5.010, -0.8000, -6.450
5.020, -0.8000, -7.323
5.030, -0.8000, -6.957
5.040, -0.8000, -6.464
5.050, -0.8000, -7.227
5.060, -0.8000, -6.819
5.070, -0.8000, -7.111
5.080, -0.8000, -6.323
5.090, -0.8000, -7.699
5.100, -0.8000, -7.508
5.110, -0.8000, -7.991
5.120, -0.8000, -7.168
5.130, -0.8000, -6.829
5.140, -0.8000, -6.155
5.150, -0.8000, -6.347
5.160, -0.8000, -8.089
5.170, -0.8000, -6.648
5.180, -0.8000, -6.693
5.190, -0.8000, -6.102
5.200, -0.8000, -6.111
5.210, -0.8000, -6.275
5.220, -0.8000, -6.690
5.230, -0.8000, -7.366
5.240, -0.8000, -6.762
5.250, -0.8000, -7.284
5.260, -0.8000, -7.847
5.270, -0.8000, -8.539
5.280, -0.8000, -5.914
5.290, -0.8000, -7.417
5.300, -0.8000, -8.059
5.310, -0.8000, -6.659
5.320, -0.8000, -7.177
5.330, -0.8000, -7.937
5.340, -0.8000, -6.172
5.350, -0.8000, -7.262
5.360, -0.8000, -6.287
5.370, -0.8000, -7.258
5.380, -0.8000, -7.389
5.390, -0.8000, -6.873
5.400, -0.8000, -7.078
5.410, -0.8000, -6.932
5.420, -0.8000, -8.201
5.430, -0.8000, -8.064
5.440, -0.8000, -8.298
5.450, -0.8000, -7.008
5.460, -0.8000, -6.309
5.470, -0.8000, -7.910
5.480, -0.8000, -8.269
5.490, -0.8000, -6.446
5.500, -0.8000, -6.654
5.510, -0.8000, -7.061
5.520, -0.8000, -7.200
5.530, -0.8000, -6.767
5.540, -0.8000, -6.375
5.550, -0.8000, -6.959
5.560, -0.8000, -7.415
5.570, -0.8000, -6.907
5.580, -0.8000, -6.843
5.590, -0.8000, -6.692
5.600, -0.8000, -6.632
5.610, -0.8000, -6.113
5.620, -0.8000, -6.075
5.630, -0.8000, -6.754
5.640, -0.8000, -8.771
5.650, -0.8000, -6.395
5.660, -0.8000, -6.449
5.670, -0.8000, -7.268
5.680, -0.8000, -5.716
5.690, -0.8000, -6.583
5.700, -0.8000, -6.228
5.710, -0.8000, -7.570
5.720, -0.8000, -6.819
5.730, -0.8000, -6.858
5.740, -0.8000, -6.633
5.750, -0.8000, -7.125
5.760, -0.8000, -7.505
5.770, -0.8000, -8.649
5.780, -0.8000, -7.114
5.790, -0.8000, -7.145
5.800, -0.8000, -7.066
5.810, -0.8000, -7.887
5.820, -0.8000, -6.467
5.830, -0.8000, -7.292
5.840, -0.8000, -6.608
5.850, -0.8000, -7.321
5.860, -0.8000, -6.660
5.870, -0.8000, -7.699
5.880, -0.8000, -6.820
5.890, -0.8000, -7.367
5.900, -0.8000, -6.799
5.910, -0.8000, -7.536
5.920, -0.8000, -8.532
5.930, -0.8000, -7.435
5.940, -0.8000, -6.968
5.950, -0.8000, -6.241
5.960, -0.8000, -6.695
5.970, -0.8000, -6.281
5.980, -0.8000, -6.914
5.990, -0.8000, -7.345
6.000, -0.8000, -6.330
6.010, -0.8000, -7.032
6.020, -0.8000, -6.610
6.030, -0.8000, -8.296
6.040, -0.8000, -7.096
6.050, -0.8000, -6.749
6.060, -0.8000, -8.366
6.070, -0.8000, -7.381
6.080, -0.8000, -6.218
6.090, -0.8000, -7.398
6.100, -0.8000, -8.286
6.110, -0.8000, -6.438
6.120, -0.8000, -8.183
6.130, -0.8000, -6.824
6.140, -0.8000, -6.158
6.150, -0.8000, -6.995
6.160, -0.8000, -8.448
6.170, -0.8000, -7.130
6.180, -0.8000, -7.126
6.190, -0.8000, -7.228
6.200, -0.8000, -7.574
6.210, -0.8000, -6.183
6.220, -0.8000, -6.413
6.230, -0.8000, -7.569
6.240, -0.8000, -7.607
6.250, -0.8000, -7.211
6.260, -0.8000, -7.055
6.270, -0.8000, -7.226
6.280, -0.8000, -7.366
6.290, -0.8000, -8.276
6.300, -0.8000, -6.440
6.310, -0.8000, -6.894
6.320, -0.8000, -6.306
6.330, -0.8000, -6.654
6.340, -0.8000, -7.180
6.350, -0.8000, -6.887
6.360, -0.8000, -6.594
6.370, -0.8000, -6.904
6.380, -0.8000, -6.422
6.390, -0.8000, -7.127
6.400, -0.8000, -7.281
6.410, -0.8000, -7.251
6.420, -0.8000, -6.552
6.430, -0.8000, -6.316
6.440, -0.8000, -7.152
6.450, -0.8000, -6.955
6.460, -0.8000, -8.144
6.470, -0.8000, -6.554
6.480, -0.8000, -7.923
6.490, -0.8000, -8.909
6.500, -0.8000, -7.541
6.510, -0.8000, -7.104
6.520, -0.8000, -7.353
6.530, -0.8000, -6.195
6.540, -0.8000, -7.368
6.550, -0.8000, -7.179
6.560, -0.8000, -9.113
6.570, -0.8000, -7.068
6.580, -0.8000, -6.733
6.590, -0.8000, -6.952
6.600, -0.8000, -6.509
6.610, -0.8000, -7.791
6.620, -0.8000, -7.573
6.630, -0.8000, -6.553
6.640, -0.8000, -6.819
6.650, -0.8000, -8.042
6.660, -0.8000, -8.052
6.670, -0.8000, -7.841
6.680, -0.8000, -8.636
6.690, -0.8000, -8.275
6.700, -0.8000, -6.302
6.710, -0.8000, -6.872
6.720, -0.8000, -7.971
6.730, -0.8000, -8.754
6.740, -0.8000, -6.766
6.750, -0.8000, -8.013
6.760, -0.8000, -8.058
6.770, -0.8000, -7.331
6.780, -0.8000, -7.087
6.790, -0.8000, -8.500
6.800, -0.8000, -8.577
6.810, -0.8000, -6.438
6.820, -0.8000, -7.241
6.830, -0.8000, -8.453
6.840, -0.8000, -8.009
6.850, -0.8000, -7.915
6.860, -0.8000, -6.896
6.870, -0.8000, -7.647
6.880, -0.8000, -6.592
6.890, -0.8000, -6.815
6.900, -0.8000, -8.042
6.910, -0.8000, -6.998
6.920, -0.8000, -6.610
6.930, -0.8000, -6.555
6.940, -0.8000, -6.713
6.950, -0.8000, -7.572
6.960, -0.8000, -7.068
6.970, -0.8000, -7.460
6.980, -0.8000, -8.576
6.990, -0.8000, -8.431
7.000, -0.8000, -7.707
7.010, -0.8000, -6.296
7.020, -0.8000, -6.636
7.030, -0.8000, -7.678
7.040, -0.8000, -6.328
7.050, -0.8000, -6.026
7.060, -0.8000, -8.264
7.070, -0.8000, -7.082
7.080, -0.8000, -7.471
7.090, -0.8000, -6.807
7.100, -0.8000, -7.179
7.110, -0.8000, -6.491
7.120, -0.8000, -6.484
7.130, -0.8000, -6.587
7.140, -0.8000, -6.761
7.150, -0.8000, -6.444
7.160, -0.8000, -6.797
7.170, -0.8000, -6.764
7.180, -0.8000, -6.171
7.190, -0.8000, -6.682
7.200, -0.8000, -8.104
7.210, -0.8000, -6.942
7.220, -0.8000, -6.217
7.230, -0.8000, -6.712
7.240, -0.8000, -7.208
7.250, -0.8000, -6.878
7.260, -0.8000, -6.215
7.270, -0.8000, -6.909
7.280, -0.8000, -6.476
7.290, -0.8000, -7.244
7.300, -0.8000, -6.306
7.310, -0.8000, -6.645
7.320, -0.8000, -5.899
7.330, -0.8000, -6.405
7.340, -0.8000, -7.333
7.350, -0.8000, -8.446
7.360, -0.8000, -6.781
7.370, -0.8000, -7.068
7.380, -0.8000, -6.515
7.390, -0.8000, -7.987
7.400, -0.8000, -6.721
7.410, -0.8000, -6.520
7.420, -0.8000, -8.145
7.430, -0.8000, -7.954
7.440, -0.8000, -6.470
7.450, -0.8000, -7.360
7.460, -0.8000, -8.704
7.470, -0.8000, -7.859
7.480, -0.8000, -6.609
7.490, -0.8000, -6.483
7.500, -0.8000, -6.400
7.510, -0.8000, -7.975
7.520, -0.8000, -6.744
7.530, -0.8000, -6.930
7.540, -0.8000, -6.087
7.550, -0.8000, -7.455
7.560, -0.8000, -6.718
7.570, -0.8000, -7.208
7.580, -0.8000, -6.197
7.590, -0.8000, -8.125
7.600, -0.8000, -7.391
7.610, -0.8000, -8.086
7.620, -0.8000, -6.397
7.630, -0.8000, -6.451
7.640, -0.8000, -7.253
7.650, -0.8000, -6.468
7.660, -0.8000, -7.962
7.670, -0.8000, -6.944
7.680, -0.8000, -6.240
7.690, -0.8000, -6.259
7.700, -0.8000, -7.608
7.710, -0.8000, -6.679
7.720, -0.8000, -7.261
7.730, -0.8000, -6.872
7.740, -0.8000, -6.166
7.750, -0.8000, -6.306
7.760, -0.8000, -6.585
7.770, -0.8000, -5.865
7.780, -0.8000, -7.554
7.790, -0.8000, -6.988
7.800, -0.8000, -7.851
7.810, -0.8000, -7.077
7.820, -0.8000, -6.284
7.830, -0.8000, -6.341
7.840, -0.8000, -6.102
7.850, -0.8000, -7.144
7.860, -0.8000, -7.814
7.870, -0.8000, -6.175
7.880, -0.8000, -6.142
7.890, -0.8000, -6.474
7.900, -0.8000, -7.259
7.910, -0.8000, -6.462
7.920, -0.8000, -6.836
7.930, -0.8000, -7.085
7.940, -0.8000, -6.167
7.950, -0.8000, -5.834
7.960, -0.8000, -6.666
7.970, -0.8000, -5.938
7.980, -0.8000, -7.147
7.990, -0.8000, -5.725
8.000, -0.8000, -5.903
8.010, -0.8000, -6.041
8.020, -0.8000, -8.056
8.030, -0.8000, -6.834
8.040, -0.8000, -7.070
8.050, -0.8000, -6.471
8.060, -0.8000, -6.798
8.070, -0.8000, -6.675
8.080, -0.8000, -8.110
8.090, -0.8000, -7.165
8.100, -0.8000, -8.834
8.110, -0.8000, -8.053
8.120, -0.8000, -7.709
8.130, -0.8000, -7.440
8.140, -0.8000, -7.811
8.150, -0.8000, -8.528
8.160, -0.8000, -7.150
8.170, -0.8000, -7.994
8.180, -0.8000, -8.066
8.190, -0.8000, -6.527
8.200, -0.8000, -6.319
8.210, -0.8000, -8.624
8.220, -0.8000, -6.909
8.230, -0.8000, -7.336
8.240, -0.8000, -7.244
8.250, -0.8000, -7.402
8.260, -0.8000, -6.917
8.270, -0.8000, -6.185
8.280, -0.8000, -7.083
8.290, -0.8000, -6.502
8.300, -0.8000, -7.919
8.310, -0.8000, -6.472
8.320, -0.8000, -7.127
8.330, -0.8000, -7.423
8.340, -0.8000, -6.587
8.350, -0.8000, -6.176
8.360, -0.8000, -7.103
8.370, -0.8000, -7.469
8.380, -0.8000, -7.384
8.390, -0.8000, -7.452
8.400, -0.8000, -8.848
8.410, -0.8000, -6.544
8.420, -0.8000, -6.428
8.430, -0.8000, -6.960
8.440, -0.8000, -6.555
8.450, -0.8000, -8.481
8.460, -0.8000, -7.528
8.470, -0.8000, -7.554
8.480, -0.8000, -6.850
8.490, -0.8000, -7.813
8.500, -0.8000, -7.610
8.510, -0.8000, -6.632
8.520, -0.8000, -6.453
8.530, -0.8000, -6.074
8.540, -0.8000, -7.242
8.550, -0.8000, -7.044
8.560, -0.8000, -6.030
8.570, -0.8000, -7.098
8.580, -0.8000, -7.145
8.590, -0.8000, -6.511
8.600, -0.8000, -7.118
8.610, -0.8000, -7.907
8.620, -0.8000, -7.060
8.630, -0.8000, -7.214
8.640, -0.8000, -6.929
8.650, -0.8000, -7.221
8.660, -0.8000, -6.954
8.670, -0.8000, -6.417
8.680, -0.8000, -7.871
8.690, -0.8000, -7.556
8.700, -0.8000, -7.277
8.710, -0.8000, -6.916
8.720, -0.8000, -6.020
8.730, -0.8000, -7.310
8.740, -0.8000, -6.519
8.750, -0.8000, -7.533
8.760, -0.8000, -6.789
8.770, -0.8000, -7.588
8.780, -0.8000, -5.755
8.790, -0.8000, -7.451
8.800, -0.8000, -6.437
8.810, -0.8000, -6.918
8.820, -0.8000, -7.497
8.830, -0.8000, -7.003
8.840, -0.8000, -6.083
8.850, -0.8000, -8.075
8.860, -0.8000, -6.165
8.870, -0.8000, -7.065
8.880, -0.8000, -6.458
8.890, -0.8000, -6.970
8.900, -0.8000, -5.781
8.910, -0.8000, -7.584
8.920, -0.8000, -8.617
8.930, -0.8000, -7.057
8.940, -0.8000, -7.771
8.950, -0.8000, -6.605
8.960, -0.8000, -6.956
8.970, -0.8000, -7.962
8.980, -0.8000, -7.464
8.990, -0.8000, -7.923
9.000, -0.8000, -7.082
9.010, -0.8000, -7.134
9.020, -0.8000, -7.446
9.030, -0.8000, -8.189
9.040, -0.8000, -6.891
9.050, -0.8000, -6.797
9.060, -0.8000, -6.509
9.070, -0.8000, -6.293
9.080, -0.8000, -7.238
9.090, -0.8000, -6.438
9.100, -0.8000, -7.300
9.110, -0.8000, -8.028
9.120, -0.8000, -8.550
9.130, -0.8000, -6.876
9.140, -0.8000, -7.012
9.150, -0.8000, -6.700
9.160, -0.8000, -7.455
9.170, -0.8000, -7.213
9.180, -0.8000, -7.656
9.190, -0.8000, -7.096
9.200, -0.8000, -6.895
9.210, -0.8000, -7.616
9.220, -0.8000, -8.546
9.230, -0.8000, -6.538
9.240, -0.8000, -6.360
9.250, -0.8000, -9.016
9.260, -0.8000, -6.622
9.270, -0.8000, -8.196
9.280, -0.8000, -7.187
9.290, -0.8000, -6.214
9.300, -0.8000, -7.915
9.310, -0.8000, -7.798
9.320, -0.8000, -8.101
9.330, -0.8000, -7.471
9.340, -0.8000, -5.861
9.350, -0.8000, -7.242
9.360, -0.8000, -5.943
9.370, -0.8000, -6.011
9.380, -0.8000, -7.063
9.390, -0.8000, -6.297
9.400, -0.8000, -6.727
9.410, -0.8000, -6.350
9.420, -0.8000, -6.879
9.430, -0.8000, -6.609
9.440, -0.8000, -6.896
9.450, -0.8000, -7.141
9.460, -0.8000, -7.961
9.470, -0.8000, -5.795
9.480, -0.8000, -6.291
9.490, -0.8000, -8.461
9.500, -0.8000, -7.356
9.510, -0.8000, -6.465
9.520, -0.8000, -5.331
9.530, -0.8000, -6.293
9.540, -0.8000, -7.478
9.550, -0.8000, -6.672
9.560, -0.8000, -9.176
9.570, -0.8000, -6.046
9.580, -0.8000, -7.560
9.590, -0.8000, -6.497
9.600, -0.8000, -8.643
9.610, -0.8000, -5.343
9.620, -0.8000, -7.431
9.630, -0.8000, -6.511
9.640, -0.8000, -6.456
9.650, -0.8000, -7.059
9.660, -0.8000, -7.034
9.670, -0.8000, -6.791
9.680, -0.8000, -6.809
9.690, -0.8000, -7.490
9.700, -0.8000, -7.329
9.710, -0.8000, -5.815
9.720, -0.8000, -6.467
9.730, -0.8000, -5.866
9.740, -0.8000, -6.184
9.750, -0.8000, -6.956
9.760, -0.8000, -7.379
9.770, -0.8000, -6.394
9.780, -0.8000, -6.594
9.790, -0.8000, -7.105
9.800, -0.8000, -7.147
9.810, -0.8000, -8.070
9.820, -0.8000, -7.141
9.830, -0.8000, -6.750
9.840, -0.8000, -7.787
9.850, -0.8000, -7.725
9.860, -0.8000, -6.760
9.870, -0.8000, -7.373
9.880, -0.8000, -6.705
9.890, -0.8000, -7.835
9.900, -0.8000, -7.679
9.910, -0.8000, -8.300
9.920, -0.8000, -7.282
9.930, -0.8000, -8.388
9.940, -0.8000, -6.251
9.950, -0.8000, -7.308
9.960, -0.8000, -7.079
9.970, -0.8000, -7.526
9.980, -0.8000, -7.680
9.990, -0.8000, -7.629
10.00, -0.8000, -7.155
10.01, -0.8000, -7.799
10.02, -0.8000, -6.670
10.03, -0.8000, -8.169
10.04, -0.8000, -7.037
10.05, -0.8000, -8.129
10.06, -0.8000, -7.041
10.07, -0.8000, -6.630
10.08, -0.8000, -6.268
10.09, -0.8000, -7.438
10.10, -0.8000, -6.462
10.11, -0.8000, -8.252
10.12, -0.8000, -6.372
10.13, -0.8000, -6.578
10.14, -0.8000, -6.647
10.15, -0.8000, -6.886
10.16, -0.8000, -6.513
10.17, -0.8000, -6.890
10.18, -0.8000, -7.864
10.19, -0.8000, -7.169
10.20, -0.8000, -7.453
10.21, -0.8000, -7.167
10.22, -0.8000, -6.714
10.23, -0.8000, -7.055
10.24, -0.8000, -8.576
10.25, -0.8000, -6.596
10.26, -0.8000, -7.895
10.27, -0.8000, -7.287
10.28, -0.8000, -6.743
10.29, -0.8000, -6.436
10.30, -0.8000, -6.902
10.31, -0.8000, -6.967
10.32, -0.8000, -6.766
10.33, -0.8000, -7.317
10.34, -0.8000, -7.774
10.35, -0.8000, -7.117
10.36, -0.8000, -7.077
10.37, -0.8000, -7.394
10.38, -0.8000, -7.044
10.39, -0.8000, -7.861
10.40, -0.8000, -7.273
10.41, -0.8000, -7.161
10.42, -0.8000, -7.399
10.43, -0.8000, -7.140
10.44, -0.8000, -7.081
10.45, -0.8000, -7.436
10.46, -0.8000, -7.223
10.47, -0.8000, -8.053
10.48, -0.8000, -7.679
10.49, -0.8000, -6.667
10.50, -0.8000, -7.246
10.51, -0.8000, -6.036
10.52, -0.8000, -7.930
10.53, -0.8000, -6.545
10.54, -0.8000, -6.782
10.55, -0.8000, -6.738
10.56, -0.8000, -7.201
10.57, -0.8000, -7.526
10.58, -0.8000, -6.919
10.59, -0.8000, -7.074
10.60, -0.8000, -6.806
10.61, -0.8000, -7.319
10.62, -0.8000, -6.738
10.63, -0.8000, -7.103
10.64, -0.8000, -7.246
10.65, -0.8000, -6.571
10.66, -0.8000, -6.593
10.67, -0.8000, -6.022
10.68, -0.8000, -6.473
10.69, -0.8000, -7.672
10.70, -0.8000, -5.700
10.71, -0.8000, -6.763
10.72, -0.8000, -6.224
10.73, -0.8000, -6.783
10.74, -0.8000, -7.200
10.75, -0.8000, -6.516
10.76, -0.8000, -6.291
10.77, -0.8000, -7.096
10.78, -0.8000, -7.114
10.79, -0.8000, -8.125
10.80, -0.8000, -7.642
10.81, -0.8000, -6.776
10.82, -0.8000, -8.043
10.83, -0.8000, -7.890
10.84, -0.8000, -6.344
10.85, -0.8000, -7.079
10.86, -0.8000, -6.164
10.87, -0.8000, -7.116
10.88, -0.8000, -6.378
10.89, -0.8000, -7.093
10.90, -0.8000, -7.068
10.91, -0.8000, -7.155
10.92, -0.8000, -8.298
10.93, -0.8000, -7.353
10.94, -0.8000, -6.934
10.95, -0.8000, -6.517
10.96, -0.8000, -7.111
10.97, -0.8000, -6.035
10.98, -0.8000, -7.040
10.99, -0.8000, -6.189
11.00, -0.8000, -6.047
11.01, -0.8000, -6.804
11.02, -0.8000, -7.576
11.03, -0.8000, -6.900
11.04, -0.8000, -7.192
11.05, -0.8000, -7.698
11.06, -0.8000, -6.875
11.07, -0.8000, -7.528
11.08, -0.8000, -7.318
11.09, -0.8000, -6.613
11.10, -0.8000, -6.028
11.11, -0.8000, -5.859
11.12, -0.8000, -7.297
11.13, -0.8000, -6.937
11.14, -0.8000, -7.101
11.15, -0.8000, -6.362
11.16, -0.8000, -6.297
11.17, -0.8000, -7.066
11.18, -0.8000, -6.343
11.19, -0.8000, -7.527
11.20, -0.8000, -7.826
11.21, -0.8000, -6.829
11.22, -0.8000, -6.903
11.23, -0.8000, -6.739
11.24, -0.8000, -7.281
11.25, -0.8000, -7.751
11.26, -0.8000, -7.155
11.27, -0.8000, -8.132
11.28, -0.8000, -7.002
11.29, -0.8000, -7.159
11.30, -0.8000, -6.600
11.31, -0.8000, -7.255
11.32, -0.8000, -6.220
11.33, -0.8000, -7.046
11.34, -0.8000, -6.986
11.35, -0.8000, -7.140
11.36, -0.8000, -7.695
11.37, -0.8000, -7.149
11.38, -0.8000, -6.521
11.39, -0.8000, -6.615
11.40, -0.8000, -6.624
11.41, -0.8000, -6.443
11.42, -0.8000, -5.976
11.43, -0.8000, -5.988
11.44, -0.8000, -7.278
11.45, -0.8000, -5.731
11.46, -0.8000, -6.043
11.47, -0.8000, -5.918
11.48, -0.8000, -6.113
11.49, -0.8000, -6.658
11.50, -0.8000, -7.851
11.51, -0.8000, -6.561
11.52, -0.8000, -7.427
11.53, -0.8000, -6.169
11.54, -0.8000, -6.538
11.55, -0.8000, -7.066
11.56, -0.8000, -8.128
11.57, -0.8000, -7.340
11.58, -0.8000, -8.566
11.59, -0.8000, -5.801
11.60, -0.8000, -7.431
11.61, -0.8000, -7.399
11.62, -0.8000, -8.281
11.63, -0.8000, -6.907
11.64, -0.8000, -6.473
11.65, -0.8000, -7.128
11.66, -0.8000, -6.371
11.67, -0.8000, -7.545
11.68, -0.8000, -7.096
11.69, -0.8000, -6.666
11.70, -0.8000, -7.214
11.71, -0.8000, -8.030
11.72, -0.8000, -6.526
11.73, -0.8000, -7.993
11.74, -0.8000, -6.628
11.75, -0.8000, -7.000
11.76, -0.8000, -8.144
11.77, -0.8000, -7.815
11.78, -0.8000, -6.662
11.79, -0.8000, -6.556
11.80, -0.8000, -7.410
11.81, -0.8000, -7.387
11.82, -0.8000, -7.789
11.83, -0.8000, -8.907
11.84, -0.8000, -7.491
11.85, -0.8000, -7.304
11.86, -0.8000, -6.669
11.87, -0.8000, -6.928
11.88, -0.8000, -6.625
11.89, -0.8000, -7.357
11.90, -0.8000, -8.235
11.91, -0.8000, -7.620
11.92, -0.8000, -6.771
11.93, -0.8000, -7.821
11.94, -0.8000, -7.449
11.95, -0.8000, -7.468
11.96, -0.8000, -7.701
11.97, -0.8000, -7.349
11.98, -0.8000, -8.017
11.99, -0.8000, -7.887
12.00, -0.8000, -7.274
12.01, -0.8000, -7.109
12.02, -0.8000, -6.785
12.03, -0.8000, -8.328
12.04, -0.8000, -6.929
12.05, -0.8000, -6.762
12.06, -0.8000, -6.520
12.07, -0.8000, -6.791
12.08, -0.8000, -8.037
12.09, -0.8000, -6.584
12.10, -0.8000, -6.848
12.11, -0.8000, -7.058
12.12, -0.8000, -6.416
12.13, -0.8000, -6.859
12.14, -0.8000, -6.499
12.15, -0.8000, -6.913
12.16, -0.8000, -6.665
12.17, -0.8000, -6.807
12.18, -0.8000, -7.323
12.19, -0.8000, -7.978
12.20, -0.8000, -6.831
12.21, -0.8000, -7.387
12.22, -0.8000, -7.711
12.23, -0.8000, -6.598
12.24, -0.8000, -6.825
12.25, -0.8000, -6.785
12.26, -0.8000, -5.863
12.27, -0.8000, -6.613
12.28, -0.8000, -6.682
12.29, -0.8000, -6.320
12.30, -0.8000, -7.369
12.31, -0.8000, -6.834
12.32, -0.8000, -6.596
12.33, -0.8000, -6.959
12.34, -0.8000, -7.936
12.35, -0.8000, -7.260
12.36, -0.8000, -6.318
12.37, -0.8000, -6.585
12.38, -0.8000, -6.530
12.39, -0.8000, -6.808
12.40, -0.8000, -7.191
12.41, -0.8000, -6.356
12.42, -0.8000, -7.194
12.43, -0.8000, -7.524
12.44, -0.8000, -5.573
12.45, -0.8000, -6.568
12.46, -0.8000, -7.268
12.47, -0.8000, -6.163
12.48, -0.8000, -5.503
12.49, -0.8000, -7.559
12.50, -0.8000, -6.165
12.51, -0.8000, -7.070
12.52, -0.8000, -7.044
12.53, -0.8000, -7.174
12.54, -0.8000, -7.467
12.55, -0.8000, -6.677
12.56, -0.8000, -6.152
12.57, -0.8000, -6.808
12.58, -0.8000, -7.078
12.59, -0.8000, -6.400
12.60, -0.8000, -6.198
12.61, -0.8000, -6.471
12.62, -0.8000, -5.522
12.63, -0.8000, -5.821
12.64, -0.8000, -6.649
12.65, -0.8000, -6.842
12.66, -0.8000, -7.566
12.67, -0.8000, -7.346
12.68, -0.8000, -7.797
12.69, -0.8000, -6.728
12.70, -0.8000, -6.837
12.71, -0.8000, -6.782
12.72, -0.8000, -5.498
12.73, -0.8000, -6.329
12.74, -0.8000, -7.199
12.75, -0.8000, -7.360
12.76, -0.8000, -6.465
12.77, -0.8000, -6.660
12.78, -0.8000, -7.170
12.79, -0.8000, -7.445
12.80, -0.8000, -6.290
12.81, -0.8000, -6.944
12.82, -0.8000, -6.614
12.83, -0.8000, -6.640
12.84, -0.8000, -7.082
12.85, -0.8000, -6.567
12.86, -0.8000, -6.162
12.87, -0.8000, -5.687
12.88, -0.8000, -7.824
12.89, -0.8000, -5.904
12.90, -0.8000, -7.604
12.91, -0.8000, -8.379
12.92, -0.8000, -7.597
12.93, -0.8000, -7.665
12.94, -0.8000, -7.402
12.95, -0.8000, -6.225
12.96, -0.8000, -6.329
12.97, -0.8000, -6.272
12.98, -0.8000, -7.251
12.99, -0.8000, -7.672
13.00, -0.8000, -8.193
13.01, -0.8000, -8.549
13.02, -0.8000, -7.769
13.03, -0.8000, -6.398
13.04, -0.8000, -6.737
13.05, -0.8000, -6.990
13.06, -0.8000, -7.202
13.07, -0.8000, -8.161
13.08, -0.8000, -6.699
13.09, -0.8000, -6.129
13.10, -0.8000, -7.317
13.11, -0.8000, -6.272
13.12, -0.8000, -6.232
13.13, -0.8000, -8.043
13.14, -0.8000, -7.572
13.15, -0.8000, -7.321
13.16, -0.8000, -6.390
13.17, -0.8000, -6.997
13.18, -0.8000, -6.536
13.19, -0.8000, -5.885
13.20, -0.8000, -7.311
13.21, -0.8000, -6.708
13.22, -0.8000, -7.118
13.23, -0.8000, -7.676
13.24, -0.8000, -6.617
13.25, -0.8000, -7.701
13.26, -0.8000, -7.884
13.27, -0.8000, -7.880
13.28, -0.8000, -6.238
13.29, -0.8000, -6.523
13.30, -0.8000, -8.318
13.31, -0.8000, -6.501
13.32, -0.8000, -6.870
13.33, -0.8000, -8.569
13.34, -0.8000, -7.812
13.35, -0.8000, -6.649
13.36, -0.8000, -7.024
13.37, -0.8000, -6.545
13.38, -0.8000, -7.606
13.39, -0.8000, -6.342
13.40, -0.8000, -8.195
13.41, -0.8000, -7.180
13.42, -0.8000, -7.379
13.43, -0.8000, -6.222
13.44, -0.8000, -8.369
13.45, -0.8000, -8.335
13.46, -0.8000, -7.383
13.47, -0.8000, -6.509
13.48, -0.8000, -6.691
13.49, -0.8000, -7.796
13.50, -0.8000, -7.788
13.51, -0.8000, -6.884
13.52, -0.8000, -7.573
13.53, -0.8000, -7.015
13.54, -0.8000, -7.583
13.55, -0.8000, -6.360
13.56, -0.8000, -7.669
13.57, -0.8000, -7.020
13.58, -0.8000, -7.132
13.59, -0.8000, -7.028
13.60, -0.8000, -6.660
13.61, -0.8000, -7.224
13.62, -0.8000, -7.436
13.63, -0.8000, -7.136
13.64, -0.8000, -7.888
13.65, -0.8000, -6.509
13.66, -0.8000, -6.722
13.67, -0.8000, -6.731
13.68, -0.8000, -6.174
13.69, -0.8000, -7.314
13.70, -0.8000, -6.497
13.71, -0.8000, -5.527
13.72, -0.8000, -7.091
13.73, -0.8000, -6.165
13.74, -0.8000, -7.729
13.75, -0.8000, -6.522
13.76, -0.8000, -7.098
13.77, -0.8000, -7.095
13.78, -0.8000, -7.862
13.79, -0.8000, -6.170
13.80, -0.8000, -7.165
13.81, -0.8000, -7.349
13.82, -0.8000, -7.775
13.83, -0.8000, -7.981
13.84, -0.8000, -7.482
13.85, -0.8000, -7.316
13.86, -0.8000, -7.360
13.87, -0.8000, -6.932
13.88, -0.8000, -6.958
13.89, -0.8000, -7.189
13.90, -0.8000, -6.766
13.91, -0.8000, -7.944
13.92, -0.8000, -7.836
13.93, -0.8000, -8.442
13.94, -0.8000, -6.244
13.95, -0.8000, -5.995
13.96, -0.8000, -7.699
13.97, -0.8000, -6.742
13.98, -0.8000, -8.672
13.99, -0.8000, -7.880
14.00, -0.8000, -6.763
14.01, -0.8000, -6.797
14.02, -0.8000, -6.464
14.03, -0.8000, -6.170
14.04, -0.8000, -6.775
14.05, -0.8000, -6.799
14.06, -0.8000, -6.628
14.07, -0.8000, -6.519
14.08, -0.8000, -6.677
14.09, -0.8000, -6.796
14.10, -0.8000, -6.583
14.11, -0.8000, -6.276
14.12, -0.8000, -6.901
14.13, -0.8000, -6.877
14.14, -0.8000, -8.072
14.15, -0.8000, -6.773
14.16, -0.8000, -7.179
14.17, -0.8000, -6.638
14.18, -0.8000, -7.366
14.19, -0.8000, -7.050
14.20, -0.8000, -6.801
14.21, -0.8000, -7.694
14.22, -0.8000, -7.596
14.23, -0.8000, -7.216
14.24, -0.8000, -5.872
14.25, -0.8000, -7.107
14.26, -0.8000, -7.811
14.27, -0.8000, -6.852
14.28, -0.8000, -6.938
14.29, -0.8000, -7.933
14.30, -0.8000, -8.127
14.31, -0.8000, -6.099
14.32, -0.8000, -6.934
14.33, -0.8000, -7.350
14.34, -0.8000, -6.429
14.35, -0.8000, -6.782
14.36, -0.8000, -6.372
14.37, -0.8000, -6.187
14.38, -0.8000, -8.300
14.39, -0.8000, -6.563
14.40, -0.8000, -6.803
14.41, -0.8000, -6.703
14.42, -0.8000, -7.699
14.43, -0.8000, -5.977
14.44, -0.8000, -7.765
14.45, -0.8000, -7.207
14.46, -0.8000, -6.667
14.47, -0.8000, -7.253
14.48, -0.8000, -7.112
14.49, -0.8000, -7.285
14.50, -0.8000, -7.211
14.51, -0.8000, -6.765
14.52, -0.8000, -8.788
14.53, -0.8000, -7.334
14.54, -0.8000, -6.578
14.55, -0.8000, -6.458
14.56, -0.8000, -6.598
14.57, -0.8000, -6.937
14.58, -0.8000, -6.817
14.59, -0.8000, -6.156
14.60, -0.8000, -7.898
14.61, -0.8000, -6.339
14.62, -0.8000, -7.119
14.63, -0.8000, -7.428
14.64, -0.8000, -7.294
14.65, -0.8000, -6.934
14.66, -0.8000, -6.380
14.67, -0.8000, -6.713
14.68, -0.8000, -7.072
14.69, -0.8000, -7.043
14.70, -0.8000, -6.041
14.71, -0.8000, -7.665
14.72, -0.8000, -6.008
14.73, -0.8000, -7.272
14.74, -0.8000, -7.000
14.75, -0.8000, -6.497
14.76, -0.8000, -6.104
14.77, -0.8000, -8.024
14.78, -0.8000, -6.452
14.79, -0.8000, -5.809
14.80, -0.8000, -6.894
14.81, -0.8000, -7.131
14.82, -0.8000, -7.355
14.83, -0.8000, -7.338
14.84, -0.8000, -7.044
14.85, -0.8000, -8.236
14.86, -0.8000, -7.476
14.87, -0.8000, -7.662
14.88, -0.8000, -8.467
14.89, -0.8000, -8.192
14.90, -0.8000, -6.762
14.91, -0.8000, -7.483
14.92, -0.8000, -6.483
14.93, -0.8000, -7.803
14.94, -0.8000, -8.007
14.95, -0.8000, -6.864
14.96, -0.8000, -6.538
14.97, -0.8000, -6.096
14.98, -0.8000, -8.741
14.99, -0.8000, -7.225
15.00, -0.8000, -9.091
15.01, -0.8000, -5.973
15.02, -0.8000, -6.570
15.03, -0.8000, -6.653
15.04, -0.8000, -5.697
15.05, -0.8000, -6.893
15.06, -0.8000, -5.835
15.07, -0.8000, -7.354
15.08, -0.8000, -6.458
15.09, -0.8000, -7.288
15.10, -0.8000, -6.862
15.11, -0.8000, -6.840
15.12, -0.8000, -6.367
15.13, -0.8000, -7.516
15.14, -0.8000, -7.761
15.15, -0.8000, -7.666
15.16, -0.8000, -8.123
15.17, -0.8000, -7.904
15.18, -0.8000, -6.434
15.19, -0.8000, -6.672
15.20, -0.8000, -6.323
15.21, -0.8000, -6.628
15.22, -0.8000, -6.862
15.23, -0.8000, -6.996
15.24, -0.8000, -6.522
15.25, -0.8000, -6.826
15.26, -0.8000, -6.966
15.27, -0.8000, -7.500
15.28, -0.8000, -8.265
15.29, -0.8000, -7.946
15.30, -0.8000, -6.385
15.31, -0.8000, -6.565
15.32, -0.8000, -6.866
15.33, -0.8000, -7.571
15.34, -0.8000, -6.739
15.35, -0.8000, -6.015
15.36, -0.8000, -7.467
15.37, -0.8000, -6.357
15.38, -0.8000, -7.348
15.39, -0.8000, -7.163
15.40, -0.8000, -7.282
15.41, -0.8000, -6.458
15.42, -0.8000, -7.906
15.43, -0.8000, -7.504
15.44, -0.8000, -6.087
15.45, -0.8000, -5.806
15.46, -0.8000, -6.718
15.47, -0.8000, -7.063
15.48, -0.8000, -7.541
15.49, -0.8000, -5.099
15.50, -0.8000, -6.688
15.51, -0.8000, -7.975
15.52, -0.8000, -5.602
15.53, -0.8000, -7.703
15.54, -0.8000, -6.838
15.55, -0.8000, -6.724
15.56, -0.8000, -7.117
15.57, -0.8000, -6.528
15.58, -0.8000, -6.868
15.59, -0.8000, -5.994
15.60, -0.8000, -6.541
15.61, -0.8000, -7.039
15.62, -0.8000, -7.273
15.63, -0.8000, -6.996
15.64, -0.8000, -6.455
15.65, -0.8000, -7.905
15.66, -0.8000, -6.868
15.67, -0.8000, -7.020
15.68, -0.8000, -6.744
15.69, -0.8000, -6.734
15.70, -0.8000, -7.873
15.71, -0.8000, -6.808
15.72, -0.8000, -6.553
15.73, -0.8000, -8.286
15.74, -0.8000, -6.289
15.75, -0.8000, -6.245
15.76, -0.8000, -6.135
15.77, -0.8000, -6.362
15.78, -0.8000, -6.468
15.79, -0.8000, -8.437
15.80, -0.8000, -6.082
15.81, -0.8000, -7.370
15.82, -0.8000, -6.730
15.83, -0.8000, -6.345
15.84, -0.8000, -6.252
15.85, -0.8000, -7.271
15.86, -0.8000, -6.915
15.87, -0.8000, -6.734
15.88, -0.8000, -6.807
15.89, -0.8000, -7.056
15.90, -0.8000, -7.645
15.91, -0.8000, -6.774
15.92, -0.8000, -8.470
15.93, -0.8000, -7.303
15.94, -0.8000, -7.424
15.95, -0.8000, -7.009
15.96, -0.8000, -7.498
15.97, -0.8000, -6.457
15.98, -0.8000, -7.574
15.99, -0.8000, -6.702
16.00, -0.8000, -6.391
16.01, -0.8000, -7.297
16.02, -0.8000, -6.956
16.03, -0.8000, -6.769
16.04, -0.8000, -6.299
16.05, -0.8000, -6.567
16.06, -0.8000, -6.511
16.07, -0.8000, -6.905
16.08, -0.8000, -7.826
16.09, -0.8000, -9.046
16.10, -0.8000, -7.229
16.11, -0.8000, -6.902
16.12, -0.8000, -8.494
16.13, -0.8000, -6.804
16.14, -0.8000, -7.219
16.15, -0.8000, -6.878
16.16, -0.8000, -8.539
16.17, -0.8000, -7.364
16.18, -0.8000, -7.286
16.19, -0.8000, -6.659
16.20, -0.8000, -6.200
16.21, -0.8000, -6.344
16.22, -0.8000, -6.331
16.23, -0.8000, -6.859
16.24, -0.8000, -7.486
16.25, -0.8000, -6.701
16.26, -0.8000, -7.680
16.27, -0.8000, -6.025
16.28, -0.8000, -7.302
16.29, -0.8000, -7.332
16.30, -0.8000, -6.158
16.31, -0.8000, -6.502
16.32, -0.8000, -6.138
16.33, -0.8000, -6.298
16.34, -0.8000, -7.077
16.35, -0.8000, -6.971
16.36, -0.8000, -8.090
16.37, -0.8000, -6.868
16.38, -0.8000, -5.320
16.39, -0.8000, -4.944
16.40, -0.8000, -6.274
16.41, -0.8000, -6.948
16.42, -0.8000, -7.148
16.43, -0.8000, -7.966
16.44, -0.8000, -7.593
16.45, -0.8000, -7.564
16.46, -0.8000, -6.337
16.47, -0.8000, -6.340
16.48, -0.8000, -6.560
16.49, -0.8000, -5.588
16.50, -0.8000, -7.637
16.51, -0.8000, -6.771
16.52, -0.8000, -6.708
16.53, -0.8000, -6.575
16.54, -0.8000, -6.878
16.55, -0.8000, -8.570
16.56, -0.8000, -7.769
16.57, -0.8000, -5.614
16.58, -0.8000, -7.753
16.59, -0.8000, -6.278
16.60, -0.8000, -6.934
16.61, -0.8000, -5.907
16.62, -0.8000, -7.101
16.63, -0.8000, -5.738
16.64, -0.8000, -7.073
16.65, -0.8000, -7.215
16.66, -0.8000, -7.255
16.67, -0.8000, -8.331
16.68, -0.8000, -6.081
16.69, -0.8000, -6.738
16.70, -0.8000, -6.475
16.71, -0.8000, -8.748
16.72, -0.8000, -7.070
16.73, -0.8000, -7.024
16.74, -0.8000, -6.335
16.75, -0.8000, -7.034
16.76, -0.8000, -6.688
16.77, -0.8000, -7.502
16.78, -0.8000, -5.670
16.79, -0.8000, -6.331
16.80, -0.8000, -8.221
16.81, -0.8000, -7.208
16.82, -0.8000, -7.941
16.83, -0.8000, -7.156
16.84, -0.8000, -7.128
16.85, -0.8000, -6.459
16.86, -0.8000, -6.144
16.87, -0.8000, -6.589
16.88, -0.8000, -6.412
16.89, -0.8000, -6.307
16.90, -0.8000, -7.667
16.91, -0.8000, -7.135
16.92, -0.8000, -7.957
16.93, -0.8000, -5.971
16.94, -0.8000, -6.610
16.95, -0.8000, -6.925
16.96, -0.8000, -6.418
16.97, -0.8000, -7.767
16.98, -0.8000, -6.792
16.99, -0.8000, -6.212
17.00, -0.8000, -6.785
17.01, -0.8000, -6.335
17.02, -0.8000, -7.024
17.03, -0.8000, -5.607
17.04, -0.8000, -7.026
17.05, -0.8000, -6.760
17.06, -0.8000, -7.206
17.07, -0.8000, -6.626
17.08, -0.8000, -7.037
17.09, -0.8000, -7.268
17.10, -0.8000, -8.033
17.11, -0.8000, -8.356
17.12, -0.8000, -6.548
17.13, -0.8000, -6.917
17.14, -0.8000, -6.598
17.15, -0.8000, -7.256
17.16, -0.8000, -6.685
17.17, -0.8000, -6.482
17.18, -0.8000, -7.255
17.19, -0.8000, -8.399
17.20, -0.8000, -7.312
17.21, -0.8000, -7.016
17.22, -0.8000, -6.605
17.23, -0.8000, -6.771
17.24, -0.8000, -7.850
17.25, -0.8000, -6.967
17.26, -0.8000, -7.755
17.27, -0.8000, -6.031
17.28, -0.8000, -6.969
17.29, -0.8000, -6.474
17.30, -0.8000, -6.710
17.31, -0.8000, -6.735
17.32, -0.8000, -6.739
17.33, -0.8000, -7.958
17.34, -0.8000, -6.800
17.35, -0.8000, -7.222
17.36, -0.8000, -6.700
17.37, -0.8000, -6.309
17.38, -0.8000, -7.299
17.39, -0.8000, -6.521
17.40, -0.8000, -7.246
17.41, -0.8000, -6.077
17.42, -0.8000, -6.984
17.43, -0.8000, -6.701
17.44, -0.8000, -7.296
17.45, -0.8000, -6.434
17.46, -0.8000, -6.409
17.47, -0.8000, -8.495
17.48, -0.8000, -5.874
17.49, -0.8000, -7.323
17.50, -0.8000, -7.367
17.51, -0.8000, -6.565
17.52, -0.8000, -5.684
17.53, -0.8000, -6.753
17.54, -0.8000, -6.671
17.55, -0.8000, -6.479
17.56, -0.8000, -7.094
17.57, -0.8000, -7.376
17.58, -0.8000, -6.999
17.59, -0.8000, -6.389
17.60, -0.8000, -7.212
17.61, -0.8000, -6.875
17.62, -0.8000, -5.826
17.63, -0.8000, -7.698
17.64, -0.8000, -7.183
17.65, -0.8000, -7.049
17.66, -0.8000, -6.853
17.67, -0.8000, -6.991
17.68, -0.8000, -8.234
17.69, -0.8000, -7.868
17.70, -0.8000, -6.875
17.71, -0.8000, -7.518
17.72, -0.8000, -7.034
17.73, -0.8000, -6.682
17.74, -0.8000, -7.403
17.75, -0.8000, -6.846
17.76, -0.8000, -8.301
17.77, -0.8000, -6.623
17.78, -0.8000, -6.913
17.79, -0.8000, -6.790
17.80, -0.8000, -6.340
17.81, -0.8000, -7.605
17.82, -0.8000, -7.165
17.83, -0.8000, -6.682
17.84, -0.8000, -7.210
17.85, -0.8000, -6.952
17.86, -0.8000, -7.888
17.87, -0.8000, -7.840
17.88, -0.8000, -6.462
17.89, -0.8000, -6.172
17.90, -0.8000, -6.754
17.91, -0.8000, -7.821
17.92, -0.8000, -7.214
17.93, -0.8000, -7.042
17.94, -0.8000, -6.920
17.95, -0.8000, -6.438
17.96, -0.8000, -7.775
17.97, -0.8000, -6.931
17.98, -0.8000, -6.710
17.99, -0.8000, -6.755
18.00, -0.8000, -6.806
18.01, -0.8000, -7.313
18.02, -0.8000, -6.524
18.03, -0.8000, -8.001
18.04, -0.8000, -7.985
18.05, -0.8000, -6.724
18.06, -0.8000, -7.919
18.07, -0.8000, -5.793
18.08, -0.8000, -7.076
18.09, -0.8000, -7.172
18.10, -0.8000, -7.926
18.11, -0.8000, -8.146
18.12, -0.8000, -6.457
18.13, -0.8000, -6.716
18.14, -0.8000, -6.470
18.15, -0.8000, -6.972
18.16, -0.8000, -6.667
18.17, -0.8000, -7.486
18.18, -0.8000, -7.006
18.19, -0.8000, -6.657
18.20, -0.8000, -6.852
18.21, -0.8000, -6.895
18.22, -0.8000, -8.419
18.23, -0.8000, -6.490
18.24, -0.8000, -6.529
18.25, -0.8000, -7.859
18.26, -0.8000, -7.372
18.27, -0.8000, -7.435
18.28, -0.8000, -7.805
18.29, -0.8000, -6.926
18.30, -0.8000, -6.914
18.31, -0.8000, -7.392
18.32, -0.8000, -6.312
18.33, -0.8000, -8.085
18.34, -0.8000, -6.628
18.35, -0.8000, -7.744
18.36, -0.8000, -6.867
18.37, -0.8000, -6.892
18.38, -0.8000, -7.002
18.39, -0.8000, -6.633
18.40, -0.8000, -6.123
18.41, -0.8000, -6.001
18.42, -0.8000, -7.050
18.43, -0.8000, -6.046
18.44, -0.8000, -7.339
18.45, -0.8000, -7.610
18.46, -0.8000, -6.434
18.47, -0.8000, -7.105
18.48, -0.8000, -8.007
18.49, -0.8000, -6.353
18.50, -0.8000, -6.083
18.51, -0.8000, -7.312
18.52, -0.8000, -7.793
18.53, -0.8000, -7.463
18.54, -0.8000, -8.492
18.55, -0.8000, -6.986
18.56, -0.8000, -7.081
18.57, -0.8000, -6.863
18.58, -0.8000, -6.741
18.59, -0.8000, -6.742
18.60, -0.8000, -7.243
18.61, -0.8000, -8.116
18.62, -0.8000, -6.321
18.63, -0.8000, -7.592
18.64, -0.8000, -6.743
18.65, -0.8000, -6.950
18.66, -0.8000, -7.170
18.67, -0.8000, -8.778
18.68, -0.8000, -8.099
18.69, -0.8000, -6.332
18.70, -0.8000, -7.170
18.71, -0.8000, -6.943
18.72, -0.8000, -7.874
18.73, -0.8000, -6.537
18.74, -0.8000, -7.371
18.75, -0.8000, -6.710
18.76, -0.8000, -7.050
18.77, -0.8000, -7.314
18.78, -0.8000, -8.436
18.79, -0.8000, -6.595
18.80, -0.8000, -7.260
18.81, -0.8000, -7.162
18.82, -0.8000, -7.417
18.83, -0.8000, -6.222
18.84, -0.8000, -6.733
18.85, -0.8000, -6.994
18.86, -0.8000, -6.872
18.87, -0.8000, -6.103
18.88, -0.8000, -7.376
18.89, -0.8000, -6.955
18.90, -0.8000, -6.320
18.91, -0.8000, -7.489
18.92, -0.8000, -6.538
18.93, -0.8000, -7.666
18.94, -0.8000, -6.853
18.95, -0.8000, -6.373
18.96, -0.8000, -7.511
18.97, -0.8000, -5.638
18.98, -0.8000, -6.273
18.99, -0.8000, -5.903
19.00, -0.8000, -6.351
19.01, -0.8000, -6.989
19.02, -0.8000, -8.000
19.03, -0.8000, -7.179
19.04, -0.8000, -7.280
19.05, -0.8000, -6.738
19.06, -0.8000, -6.025
19.07, -0.8000, -8.195
19.08, -0.8000, -6.136
19.09, -0.8000, -8.759
19.10, -0.8000, -8.296
19.11, -0.8000, -6.199
19.12, -0.8000, -7.059
19.13, -0.8000, -7.270
19.14, -0.8000, -5.398
19.15, -0.8000, -7.662
19.16, -0.8000, -7.932
19.17, -0.8000, -7.063
19.18, -0.8000, -6.823
19.19, -0.8000, -8.408
19.20, -0.8000, -6.809
19.21, -0.8000, -7.487
19.22, -0.8000, -6.289
19.23, -0.8000, -7.263
19.24, -0.8000, -7.631
19.25, -0.8000, -7.513
19.26, -0.8000, -6.422
19.27, -0.8000, -8.109
19.28, -0.8000, -6.327
19.29, -0.8000, -7.489
19.30, -0.8000, -8.551
19.31, -0.8000, -6.704
19.32, -0.8000, -7.465
19.33, -0.8000, -7.278
19.34, -0.8000, -6.789
19.35, -0.8000, -7.117
19.36, -0.8000, -6.844
19.37, -0.8000, -6.227
19.38, -0.8000, -5.752
19.39, -0.8000, -5.750
19.40, -0.8000, -6.709
19.41, -0.8000, -6.788
19.42, -0.8000, -6.984
19.43, -0.8000, -6.450
19.44, -0.8000, -5.625
19.45, -0.8000, -6.288
19.46, -0.8000, -6.543
19.47, -0.8000, -7.303
19.48, -0.8000, -7.121
19.49, -0.8000, -6.438
19.50, -0.8000, -6.385
19.51, -0.8000, -6.805
19.52, -0.8000, -7.291
19.53, -0.8000, -6.864
19.54, -0.8000, -7.591
19.55, -0.8000, -7.365
19.56, -0.8000, -6.399
19.57, -0.8000, -7.907
19.58, -0.8000, -5.952
19.59, -0.8000, -7.091
19.60, -0.8000, -6.547
19.61, -0.8000, -7.460
19.62, -0.8000, -6.977
19.63, -0.8000, -6.279
19.64, -0.8000, -7.227
19.65, -0.8000, -6.178
19.66, -0.8000, -7.183
19.67, -0.8000, -6.426
19.68, -0.8000, -8.157
19.69, -0.8000, -6.631
19.70, -0.8000, -6.802
19.71, -0.8000, -7.447
19.72, -0.8000, -5.601
19.73, -0.8000, -6.811
19.74, -0.8000, -7.442
19.75, -0.8000, -8.017
19.76, -0.8000, -6.490
19.77, -0.8000, -6.452
19.78, -0.8000, -6.579
19.79, -0.8000, -6.836
19.80, -0.8000, -7.136
19.81, -0.8000, -7.100
19.82, -0.8000, -9.058
19.83, -0.8000, -7.901
19.84, -0.8000, -6.632
19.85, -0.8000, -7.720
19.86, -0.8000, -7.266
19.87, -0.8000, -6.113
19.88, -0.8000, -6.626
19.89, -0.8000, -6.237
19.90, -0.8000, -7.669
19.91, -0.8000, -7.252
19.92, -0.8000, -8.798
19.93, -0.8000, -6.177
19.94, -0.8000, -8.091
19.95, -0.8000, -6.445
19.96, -0.8000, -5.954
19.97, -0.8000, -7.798
19.98, -0.8000, -8.212
19.99, -0.8000, -6.113
20.00, -0.8000, -6.905
20.01, -0.8000, -7.792
20.02, -0.8000, -7.288
20.03, -0.8000, -7.690
20.04, -0.8000, -7.282
20.05, -0.8000, -7.965
20.06, -0.8000, -6.791
20.07, -0.8000, -8.181
20.08, -0.8000, -7.285
20.09, -0.8000, -7.426
20.10, -0.8000, -6.591
20.11, -0.8000, -7.042
20.12, -0.8000, -7.635
20.13, -0.8000, -7.790
20.14, -0.8000, -6.923
20.15, -0.8000, -7.999
20.16, -0.8000, -7.102
20.17, -0.8000, -7.015
20.18, -0.8000, -6.723
20.19, -0.8000, -7.456
20.20, -0.8000, -7.422
20.21, -0.8000, -7.329
20.22, -0.8000, -6.275
20.23, -0.8000, -6.371
20.24, -0.8000, -8.043
20.25, -0.8000, -6.918
20.26, -0.8000, -6.588
20.27, -0.8000, -6.511
20.28, -0.8000, -7.058
20.29, -0.8000, -6.768
20.30, -0.8000, -6.962
20.31, -0.8000, -7.333
20.32, -0.8000, -6.700
20.33, -0.8000, -6.607
20.34, -0.8000, -5.823
20.35, -0.8000, -6.568
20.36, -0.8000, -7.638
20.37, -0.8000, -7.203
20.38, -0.8000, -6.836
20.39, -0.8000, -7.742
20.40, -0.8000, -6.858
20.41, -0.8000, -6.535
20.42, -0.8000, -7.580
20.43, -0.8000, -8.261
20.44, -0.8000, -6.582
20.45, -0.8000, -6.476
20.46, -0.8000, -6.617
20.47, -0.8000, -6.528
20.48, -0.8000, -6.085
20.49, -0.8000, -7.026
20.50, -0.8000, -7.593
20.51, -0.8000, -6.503
20.52, -0.8000, -6.707
20.53, -0.8000, -6.876
20.54, -0.8000, -6.959
20.55, -0.8000, -7.847
20.56, -0.8000, -8.379
20.57, -0.8000, -7.482
20.58, -0.8000, -5.768
20.59, -0.8000, -6.778
20.60, -0.8000, -7.024
20.61, -0.8000, -7.456
20.62, -0.8000, -8.012
20.63, -0.8000, -7.709
20.64, -0.8000, -7.173
20.65, -0.8000, -7.860
20.66, -0.8000, -7.231
20.67, -0.8000, -6.732
20.68, -0.8000, -8.894
20.69, -0.8000, -7.173
20.70, -0.8000, -7.771
20.71, -0.8000, -7.202
20.72, -0.8000, -7.330
20.73, -0.8000, -7.685
20.74, -0.8000, -7.434
20.75, -0.8000, -7.113
20.76, -0.8000, -7.489
20.77, -0.8000, -7.449
20.78, -0.8000, -7.492
20.79, -0.8000, -6.440
20.80, -0.8000, -7.511
20.81, -0.8000, -8.368
20.82, -0.8000, -6.815
20.83, -0.8000, -7.181
20.84, -0.8000, -7.322
20.85, -0.8000, -7.768
20.86, -0.8000, -6.969
20.87, -0.8000, -6.893
20.88, -0.8000, -6.170
20.89, -0.8000, -6.906
20.90, -0.8000, -6.813
20.91, -0.8000, -7.285
20.92, -0.8000, -6.844
20.93, -0.8000, -7.144
20.94, -0.8000, -7.326
20.95, -0.8000, -5.862
20.96, -0.8000, -6.893
20.97, -0.8000, -8.154
20.98, -0.8000, -6.763
20.99, -0.8000, -7.527
21.00, -0.8000, -7.607
21.01, -0.8000, -7.494
21.02, -0.8000, -7.475
21.03, -0.8000, -7.054
21.04, -0.8000, -7.899
21.05, -0.8000, -7.910
21.06, -0.8000, -6.199
21.07, -0.8000, -6.701
21.08, -0.8000, -6.912
21.09, -0.8000, -6.521
21.10, -0.8000, -6.958
21.11, -0.8000, -6.624
21.12, -0.8000, -7.128
21.13, -0.8000, -6.761
21.14, -0.8000, -8.939
21.15, -0.8000, -5.928
21.16, -0.8000, -6.335
21.17, -0.8000, -7.340
21.18, -0.8000, -7.658
21.19, -0.8000, -6.668
21.20, -0.8000, -6.991
21.21, -0.8000, -7.551
21.22, -0.8000, -7.379
21.23, -0.8000, -7.344
21.24, -0.8000, -7.129
21.25, -0.8000, -8.017
21.26, -0.8000, -7.569
21.27, -0.8000, -7.148
21.28, -0.8000, -7.808
21.29, -0.8000, -7.349
21.30, -0.8000, -7.060
21.31, -0.8000, -5.811
21.32, -0.8000, -7.643
21.33, -0.8000, -7.823
21.34, -0.8000, -8.145
21.35, -0.8000, -6.773
21.36, -0.8000, -7.995
21.37, -0.8000, -6.739
21.38, -0.8000, -6.840
21.39, -0.8000, -7.634
21.40, -0.8000, -8.598
21.41, -0.8000, -6.761
21.42, -0.8000, -6.657
21.43, -0.8000, -6.502
21.44, -0.8000, -6.474
21.45, -0.8000, -6.283
21.46, -0.8000, -7.513
21.47, -0.8000, -7.009
21.48, -0.8000, -6.534
21.49, -0.8000, -7.409
21.50, -0.8000, -7.310
21.51, -0.8000, -8.466
21.52, -0.8000, -6.379
21.53, -0.8000, -7.418
21.54, -0.8000, -7.083
21.55, -0.8000, -6.636
21.56, -0.8000, -6.864
21.57, -0.8000, -6.782
21.58, -0.8000, -6.855
21.59, -0.8000, -6.966
21.60, -0.8000, -7.370
21.61, -0.8000, -6.561
21.62, -0.8000, -6.281
21.63, -0.8000, -7.273
21.64, -0.8000, -7.398
21.65, -0.8000, -6.813
21.66, -0.8000, -7.147
21.67, -0.8000, -7.033
21.68, -0.8000, -7.159
21.69, -0.8000, -8.066
21.70, -0.8000, -6.555
21.71, -0.8000, -6.455
21.72, -0.8000, -7.493
21.73, -0.8000, -6.931
21.74, -0.8000, -7.089
21.75, -0.8000, -6.522
21.76, -0.8000, -7.026
21.77, -0.8000, -6.822
21.78, -0.8000, -6.215
21.79, -0.8000, -7.974
21.80, -0.8000, -7.091
21.81, -0.8000, -6.227
21.82, -0.8000, -7.192
21.83, -0.8000, -6.931
21.84, -0.8000, -8.086
21.85, -0.8000, -7.119
21.86, -0.8000, -7.451
21.87, -0.8000, -5.850
21.88, -0.8000, -6.357
21.89, -0.8000, -5.700
21.90, -0.8000, -6.459
21.91, -0.8000, -5.907
21.92, -0.8000, -6.184
21.93, -0.8000, -7.318
21.94, -0.8000, -6.558
21.95, -0.8000, -6.651
21.96, -0.8000, -6.583
21.97, -0.8000, -7.057
21.98, -0.8000, -6.773
21.99, -0.8000, -6.169
22.00, -0.8000, -6.156
22.01, -0.8000, -7.383
22.02, -0.8000, -7.348
22.03, -0.8000, -8.210
22.04, -0.8000, -7.073
22.05, -0.8000, -6.787
22.06, -0.8000, -6.544
22.07, -0.8000, -6.243
22.08, -0.8000, -7.264
22.09, -0.8000, -7.167
22.10, -0.8000, -6.668
22.11, -0.8000, -5.359
22.12, -0.8000, -6.423
22.13, -0.8000, -6.956
22.14, -0.8000, -6.673
22.15, -0.8000, -7.078
22.16, -0.8000, -6.295
22.17, -0.8000, -6.341
22.18, -0.8000, -6.838
22.19, -0.8000, -6.716
22.20, -0.8000, -8.222
22.21, -0.8000, -6.704
22.22, -0.8000, -8.582
22.23, -0.8000, -7.175
22.24, -0.8000, -7.414
22.25, -0.8000, -7.141
22.26, -0.8000, -6.526
22.27, -0.8000, -7.624
22.28, -0.8000, -8.370
22.29, -0.8000, -8.210
22.30, -0.8000, -7.263
22.31, -0.8000, -6.434
22.32, -0.8000, -7.249
22.33, -0.8000, -7.513
22.34, -0.8000, -7.171
22.35, -0.8000, -7.077
22.36, -0.8000, -8.105
22.37, -0.8000, -7.017
22.38, -0.8000, -7.976
22.39, -0.8000, -7.556
22.40, -0.8000, -6.999
22.41, -0.8000, -8.040
22.42, -0.8000, -5.418
22.43, -0.8000, -5.853
22.44, -0.8000, -6.650
22.45, -0.8000, -7.183
22.46, -0.8000, -6.624
22.47, -0.8000, -6.898
22.48, -0.8000, -5.789
22.49, -0.8000, -6.704
22.50, -0.8000, -7.555
22.51, -0.8000, -6.899
22.52, -0.8000, -5.432
22.53, -0.8000, -5.852
22.54, -0.8000, -6.701
22.55, -0.8000, -6.718
22.56, -0.8000, -7.611
22.57, -0.8000, -7.561
22.58, -0.8000, -7.180
22.59, -0.8000, -8.660
22.60, -0.8000, -9.274
22.61, -0.8000, -6.595
22.62, -0.8000, -7.927
22.63, -0.8000, -6.928
22.64, -0.8000, -7.790
22.65, -0.8000, -6.053
22.66, -0.8000, -7.187
22.67, -0.8000, -7.091
22.68, -0.8000, -6.239
22.69, -0.8000, -5.988
22.70, -0.8000, -6.524
22.71, -0.8000, -8.113
22.72, -0.8000, -6.819
22.73, -0.8000, -6.663
22.74, -0.8000, -6.715
22.75, -0.8000, -8.596
22.76, -0.8000, -7.253
22.77, -0.8000, -5.931
22.78, -0.8000, -7.376
22.79, -0.8000, -7.432
22.80, -0.8000, -7.824
22.81, -0.8000, -7.509
22.82, -0.8000, -7.092
22.83, -0.8000, -8.025
22.84, -0.8000, -7.617
22.85, -0.8000, -6.932
22.86, -0.8000, -7.175
22.87, -0.8000, -7.604
22.88, -0.8000, -6.084
22.89, -0.8000, -8.251
22.90, -0.8000, -6.855
22.91, -0.8000, -6.473
22.92, -0.8000, -6.847
22.93, -0.8000, -6.867
22.94, -0.8000, -6.925
22.95, -0.8000, -7.279
22.96, -0.8000, -6.975
22.97, -0.8000, -6.626
22.98, -0.8000, -6.797
22.99, -0.8000, -6.980
23.00, -0.8000, -6.380
23.01, -0.8000, -6.922
23.02, -0.8000, -6.417
23.03, -0.8000, -6.547
23.04, -0.8000, -6.686
23.05, -0.8000, -6.069
23.06, -0.8000, -5.886
23.07, -0.8000, -7.995
23.08, -0.8000, -7.689
23.09, -0.8000, -6.633
23.10, -0.8000, -7.553
23.11, -0.8000, -6.187
23.12, -0.8000, -7.192
23.13, -0.8000, -6.716
23.14, -0.8000, -6.047
23.15, -0.8000, -6.581
23.16, -0.8000, -5.955
23.17, -0.8000, -6.544
23.18, -0.8000, -6.787
23.19, -0.8000, -7.186
23.20, -0.8000, -6.752
23.21, -0.8000, -7.183
23.22, -0.8000, -6.595
23.23, -0.8000, -7.425
23.24, -0.8000, -7.097
23.25, -0.8000, -7.857
23.26, -0.8000, -6.069
23.27, -0.8000, -7.743
23.28, -0.8000, -6.598
23.29, -0.8000, -6.680
23.30, -0.8000, -5.739
23.31, -0.8000, -7.560
23.32, -0.8000, -6.254
23.33, -0.8000, -6.259
23.34, -0.8000, -6.414
23.35, -0.8000, -7.017
23.36, -0.8000, -7.305
23.37, -0.8000, -6.831
23.38, -0.8000, -7.851
23.39, -0.8000, -6.445
23.40, -0.8000, -7.018
23.41, -0.8000, -8.004
23.42, -0.8000, -7.975
23.43, -0.8000, -7.159
23.44, -0.8000, -7.436
23.45, -0.8000, -7.564
23.46, -0.8000, -6.618
23.47, -0.8000, -6.314
23.48, -0.8000, -6.299
23.49, -0.8000, -6.699
23.50, -0.8000, -6.470
23.51, -0.8000, -7.535
23.52, -0.8000, -7.164
23.53, -0.8000, -7.197
23.54, -0.8000, -6.748
23.55, -0.8000, -7.903
23.56, -0.8000, -5.951
23.57, -0.8000, -7.214
23.58, -0.8000, -7.043
23.59, -0.8000, -7.203
23.60, -0.8000, -7.633
23.61, -0.8000, -5.716
23.62, -0.8000, -6.968
23.63, -0.8000, -6.572
23.64, -0.8000, -7.894
23.65, -0.8000, -7.877
23.66, -0.8000, -7.112
23.67, -0.8000, -6.425
23.68, -0.8000, -7.047
23.69, -0.8000, -7.757
23.70, -0.8000, -6.716
23.71, -0.8000, -7.363
23.72, -0.8000, -7.448
23.73, -0.8000, -6.724
23.74, -0.8000, -6.839
23.75, -0.8000, -7.956
23.76, -0.8000, -6.747
23.77, -0.8000, -6.723
23.78, -0.8000, -7.727
23.79, -0.8000, -8.148
23.80, -0.8000, -7.041
23.81, -0.8000, -6.619
23.82, -0.8000, -8.584
23.83, -0.8000, -6.773
23.84, -0.8000, -7.484
23.85, -0.8000, -7.224
23.86, -0.8000, -6.496
23.87, -0.8000, -6.425
23.88, -0.8000, -7.808
23.89, -0.8000, -8.356
23.90, -0.8000, -7.191
23.91, -0.8000, -7.472
23.92, -0.8000, -7.697
23.93, -0.8000, -6.701
23.94, -0.8000, -6.410
23.95, -0.8000, -7.107
23.96, -0.8000, -7.322
23.97, -0.8000, -6.869
23.98, -0.8000, -7.734
23.99, -0.8000, -6.893
24.00, -0.8000, -6.557
24.01, -0.8000, -6.933
24.02, -0.8000, -6.352
24.03, -0.8000, -6.724
24.04, -0.8000, -6.191
24.05, -0.8000, -8.628
24.06, -0.8000, -7.576
24.07, -0.8000, -7.956
24.08, -0.8000, -6.627
24.09, -0.8000, -6.300
24.10, -0.8000, -6.615
24.11, -0.8000, -7.010
24.12, -0.8000, -6.241
24.13, -0.8000, -7.391
24.14, -0.8000, -7.724
24.15, -0.8000, -8.400
24.16, -0.8000, -6.677
24.17, -0.8000, -6.783
24.18, -0.8000, -6.870
24.19, -0.8000, -7.725
24.20, -0.8000, -6.809
24.21, -0.8000, -7.291
24.22, -0.8000, -6.821
24.23, -0.8000, -7.160
24.24, -0.8000, -7.871
24.25, -0.8000, -6.206
24.26, -0.8000, -6.055
24.27, -0.8000, -6.823
24.28, -0.8000, -6.883
24.29, -0.8000, -7.358
24.30, -0.8000, -6.195
24.31, -0.8000, -5.642
24.32, -0.8000, -7.255
24.33, -0.8000, -6.004
24.34, -0.8000, -7.442
24.35, -0.8000, -5.916
24.36, -0.8000, -6.717
24.37, -0.8000, -5.862
24.38, -0.8000, -7.068
24.39, -0.8000, -6.525
24.40, -0.8000, -6.828
24.41, -0.8000, -7.254
24.42, -0.8000, -6.673
24.43, -0.8000, -7.255
24.44, -0.8000, -6.793
24.45, -0.8000, -6.845
24.46, -0.8000, -6.448
24.47, -0.8000, -7.375
24.48, -0.8000, -7.807
24.49, -0.8000, -8.120
24.50, -0.8000, -6.838
24.51, -0.8000, -7.469
24.52, -0.8000, -6.954
24.53, -0.8000, -6.917
24.54, -0.8000, -7.056
24.55, -0.8000, -7.466
24.56, -0.8000, -7.426
24.57, -0.8000, -7.400
24.58, -0.8000, -7.655
24.59, -0.8000, -7.647
24.60, -0.8000, -8.325
24.61, -0.8000, -6.956
24.62, -0.8000, -6.473
24.63, -0.8000, -8.019
24.64, -0.8000, -8.236
24.65, -0.8000, -6.455
24.66, -0.8000, -6.775
24.67, -0.8000, -5.684
24.68, -0.8000, -5.847
24.69, -0.8000, -6.885
24.70, -0.8000, -6.550
24.71, -0.8000, -5.794
24.72, -0.8000, -6.009
24.73, -0.8000, -7.038
24.74, -0.8000, -6.305
24.75, -0.8000, -6.838
24.76, -0.8000, -6.168
24.77, -0.8000, -7.473
24.78, -0.8000, -5.996
24.79, -0.8000, -6.313
24.80, -0.8000, -7.140
24.81, -0.8000, -7.728
24.82, -0.8000, -6.025
24.83, -0.8000, -7.083
24.84, -0.8000, -8.402
24.85, -0.8000, -6.096
24.86, -0.8000, -6.483
24.87, -0.8000, -6.055
24.88, -0.8000, -7.101
24.89, -0.8000, -6.775
24.90, -0.8000, -8.194
24.91, -0.8000, -6.980
24.92, -0.8000, -5.998
24.93, -0.8000, -6.092
24.94, -0.8000, -6.357
24.95, -0.8000, -7.626
24.96, -0.8000, -7.229
24.97, -0.8000, -8.302
24.98, -0.8000, -6.490
24.99, -0.8000, -7.097
25.00, -0.8000, -6.924
25.01, -0.8000, -6.703
25.02, -0.8000, -7.243
25.03, -0.8000, -7.274
25.04, -0.8000, -6.681
25.05, -0.8000, -6.382
25.06, -0.8000, -7.480
25.07, -0.8000, -7.928
25.08, -0.8000, -7.063
25.09, -0.8000, -8.920
25.10, -0.8000, -6.428
25.11, -0.8000, -7.909
25.12, -0.8000, -6.484
25.13, -0.8000, -7.631
25.14, -0.8000, -7.468
25.15, -0.8000, -6.573
25.16, -0.8000, -7.438
25.17, -0.8000, -7.736
25.18, -0.8000, -6.624
25.19, -0.8000, -6.159
25.20, -0.8000, -7.441
25.21, -0.8000, -6.622
25.22, -0.8000, -6.681
25.23, -0.8000, -6.727
25.24, -0.8000, -6.984
25.25, -0.8000, -7.239
25.26, -0.8000, -7.237
25.27, -0.8000, -6.608
25.28, -0.8000, -6.727
25.29, -0.8000, -7.028
25.30, -0.8000, -7.790
25.31, -0.8000, -6.495
25.32, -0.8000, -7.276
25.33, -0.8000, -6.556
25.34, -0.8000, -7.784
25.35, -0.8000, -8.776
25.36, -0.8000, -5.708
25.37, -0.8000, -7.943
25.38, -0.8000, -6.663
25.39, -0.8000, -6.311
25.40, -0.8000, -6.452
25.41, -0.8000, -6.861
25.42, -0.8000, -5.852
25.43, -0.8000, -6.287
25.44, -0.8000, -7.104
25.45, -0.8000, -6.694
25.46, -0.8000, -5.903
25.47, -0.8000, -6.459
25.48, -0.8000, -6.371
25.49, -0.8000, -6.588
25.50, -0.8000, -7.255
25.51, -0.8000, -5.549
25.52, -0.8000, -7.384
25.53, -0.8000, -7.089
25.54, -0.8000, -7.425
25.55, -0.8000, -6.446
25.56, -0.8000, -6.941
25.57, -0.8000, -6.654
25.58, -0.8000, -5.811
25.59, -0.8000, -6.772
25.60, -0.8000, -6.584
25.61, -0.8000, -6.910
25.62, -0.8000, -7.372
25.63, -0.8000, -6.515
25.64, -0.8000, -6.043
25.65, -0.8000, -6.540
25.66, -0.8000, -7.613
25.67, -0.8000, -6.936
25.68, -0.8000, -7.008
25.69, -0.8000, -7.176
25.70, -0.8000, -6.221
25.71, -0.8000, -6.313
25.72, -0.8000, -7.118
25.73, -0.8000, -7.774
25.74, -0.8000, -6.629
25.75, -0.8000, -6.879
25.76, -0.8000, -6.802
25.77, -0.8000, -6.917
25.78, -0.8000, -6.313
25.79, -0.8000, -6.834
25.80, -0.8000, -8.162
25.81, -0.8000, -7.306
25.82, -0.8000, -6.206
25.83, -0.8000, -7.123
25.84, -0.8000, -6.114
25.85, -0.8000, -6.220
25.86, -0.8000, -7.102
25.87, -0.8000, -6.613
25.88, -0.8000, -6.439
25.89, -0.8000, -7.196
25.90, -0.8000, -7.103
25.91, -0.8000, -6.594
25.92, -0.8000, -8.367
25.93, -0.8000, -6.971
25.94, -0.8000, -6.061
25.95, -0.8000, -5.866
25.96, -0.8000, -5.772
25.97, -0.8000, -7.264
25.98, -0.8000, -7.490
25.99, -0.8000, -7.059
26.00, -0.8000, -7.170
26.01, -0.8000, -7.581
26.02, -0.8000, -6.612
26.03, -0.8000, -6.695
26.04, -0.8000, -6.126
26.05, -0.8000, -7.752
26.06, -0.8000, -7.781
26.07, -0.8000, -6.809
26.08, -0.8000, -6.907
26.09, -0.8000, -7.719
26.10, -0.8000, -7.210
26.11, -0.8000, -6.496
26.12, -0.8000, -7.001
26.13, -0.8000, -7.647
26.14, -0.8000, -6.420
26.15, -0.8000, -7.639
26.16, -0.8000, -6.525
26.17, -0.8000, -6.470
26.18, -0.8000, -6.850
26.19, -0.8000, -6.029
26.20, -0.8000, -6.040
26.21, -0.8000, -6.660
26.22, -0.8000, -6.368
26.23, -0.8000, -7.120
26.24, -0.8000, -7.086
26.25, -0.8000, -6.038
26.26, -0.8000, -6.586
26.27, -0.8000, -8.158
26.28, -0.8000, -6.606
26.29, -0.8000, -8.194
26.30, -0.8000, -7.016
26.31, -0.8000, -6.565
26.32, -0.8000, -7.503
26.33, -0.8000, -7.986
26.34, -0.8000, -7.924
26.35, -0.8000, -7.007
26.36, -0.8000, -7.385
26.37, -0.8000, -6.777
26.38, -0.8000, -6.417
26.39, -0.8000, -6.506
26.40, -0.8000, -6.600
26.41, -0.8000, -6.499
26.42, -0.8000, -5.884
26.43, -0.8000, -6.320
26.44, -0.8000, -5.995
26.45, -0.8000, -7.816
26.46, -0.8000, -6.499
26.47, -0.8000, -7.044
26.48, -0.8000, -7.381
26.49, -0.8000, -9.355
26.50, -0.8000, -7.903
26.51, -0.8000, -6.692
26.52, -0.8000, -7.635
26.53, -0.8000, -6.284
26.54, -0.8000, -7.679
26.55, -0.8000, -6.974
26.56, -0.8000, -8.097
26.57, -0.8000, -6.993
26.58, -0.8000, -7.865
26.59, -0.8000, -7.703
26.60, -0.8000, -5.827
26.61, -0.8000, -7.296
26.62, -0.8000, -6.564
26.63, -0.8000, -7.395
26.64, -0.8000, -6.429
26.65, -0.8000, -6.746
26.66, -0.8000, -6.759
26.67, -0.8000, -6.418
26.68, -0.8000, -7.500
26.69, -0.8000, -6.208
26.70, -0.8000, -6.775
26.71, -0.8000, -7.613
26.72, -0.8000, -6.496
26.73, -0.8000, -5.939
26.74, -0.8000, -7.085
26.75, -0.8000, -7.168
26.76, -0.8000, -7.994
26.77, -0.8000, -8.441
26.78, -0.8000, -7.458
26.79, -0.8000, -7.095
26.80, -0.8000, -7.585
26.81, -0.8000, -5.876
26.82, -0.8000, -6.887
26.83, -0.8000, -5.827
26.84, -0.8000, -8.107
26.85, -0.8000, -7.752
26.86, -0.8000, -6.655
26.87, -0.8000, -7.562
26.88, -0.8000, -7.492
26.89, -0.8000, -7.304
26.90, -0.8000, -7.055
26.91, -0.8000, -6.585
26.92, -0.8000, -6.850
26.93, -0.8000, -6.571
26.94, -0.8000, -8.313
26.95, -0.8000, -7.619
26.96, -0.8000, -7.036
26.97, -0.8000, -7.389
26.98, -0.8000, -7.068
26.99, -0.8000, -6.507
27.00, -0.8000, -7.870
27.01, -0.8000, -7.115
27.02, -0.8000, -6.381
27.03, -0.8000, -6.615
27.04, -0.8000, -6.812
27.05, -0.8000, -6.827
27.06, -0.8000, -6.107
27.07, -0.8000, -7.623
27.08, -0.8000, -6.469
27.09, -0.8000, -6.216
27.10, -0.8000, -5.404
27.11, -0.8000, -6.947
27.12, -0.8000, -7.900
27.13, -0.8000, -6.356
27.14, -0.8000, -6.970
27.15, -0.8000, -7.119
27.16, -0.8000, -6.328
27.17, -0.8000, -7.706
27.18, -0.8000, -7.080
27.19, -0.8000, -7.234
27.20, -0.8000, -5.875
27.21, -0.8000, -7.476
27.22, -0.8000, -6.906
27.23, -0.8000, -7.225
27.24, -0.8000, -6.611
27.25, -0.8000, -6.497
27.26, -0.8000, -5.618
27.27, -0.8000, -6.624
27.28, -0.8000, -6.254
27.29, -0.8000, -6.666
27.30, -0.8000, -5.825
27.31, -0.8000, -6.429
27.32, -0.8000, -6.194
27.33, -0.8000, -6.696
27.34, -0.8000, -7.425
27.35, -0.8000, -6.569
27.36, -0.8000, -7.583
27.37, -0.8000, -6.399
27.38, -0.8000, -7.152
27.39, -0.8000, -7.083
27.40, -0.8000, -6.940
27.41, -0.8000, -6.835
27.42, -0.8000, -7.175
27.43, -0.8000, -6.507
27.44, -0.8000, -5.897
27.45, -0.8000, -6.513
27.46, -0.8000, -6.785
27.47, -0.8000, -7.526
27.48, -0.8000, -6.175
27.49, -0.8000, -7.217
27.50, -0.8000, -6.328
27.51, -0.8000, -6.371
27.52, -0.8000, -6.264
27.53, -0.8000, -7.649
27.54, -0.8000, -6.086
27.55, -0.8000, -6.945
27.56, -0.8000, -6.840
27.57, -0.8000, -6.348
27.58, -0.8000, -7.945
27.59, -0.8000, -6.384
27.60, -0.8000, -7.194
27.61, -0.8000, -6.817
27.62, -0.8000, -6.435
27.63, -0.8000, -6.996
27.64, -0.8000, -6.353
27.65, -0.8000, -6.892
27.66, -0.8000, -5.382
27.67, -0.8000, -6.577
27.68, -0.8000, -7.958
27.69, -0.8000, -6.775
27.70, -0.8000, -7.090
27.71, -0.8000, -6.695
27.72, -0.8000, -8.053
27.73, -0.8000, -6.643
27.74, -0.8000, -6.633
27.75, -0.8000, -7.257
27.76, -0.8000, -5.852
27.77, -0.8000, -7.962
27.78, -0.8000, -7.449
27.79, -0.8000, -7.054
27.80, -0.8000, -7.771
27.81, -0.8000, -6.332
27.82, -0.8000, -8.123
27.83, -0.8000, -6.724
27.84, -0.8000, -7.373
27.85, -0.8000, -7.020
27.86, -0.8000, -7.549
27.87, -0.8000, -7.722
27.88, -0.8000, -6.496
27.89, -0.8000, -7.763
27.90, -0.8000, -7.302
27.91, -0.8000, -7.905
27.92, -0.8000, -6.709
27.93, -0.8000, -7.270
27.94, -0.8000, -6.271
27.95, -0.8000, -7.363
27.96, -0.8000, -6.279
27.97, -0.8000, -8.056
27.98, -0.8000, -7.064
27.99, -0.8000, -8.247
28.00, -0.8000, -6.561
28.01, -0.8000, -7.783
28.02, -0.8000, -6.154
28.03, -0.8000, -7.139
28.04, -0.8000, -7.068
28.05, -0.8000, -7.821
28.06, -0.8000, -7.000
28.07, -0.8000, -7.219
28.08, -0.8000, -7.048
28.09, -0.8000, -7.148
28.10, -0.8000, -6.147
28.11, -0.8000, -7.138
28.12, -0.8000, -6.795
28.13, -0.8000, -5.665
28.14, -0.8000, -6.291
28.15, -0.8000, -7.310
28.16, -0.8000, -7.063
28.17, -0.8000, -6.494
28.18, -0.8000, -6.736
28.19, -0.8000, -6.085
28.20, -0.8000, -6.990
28.21, -0.8000, -7.129
28.22, -0.8000, -7.654
28.23, -0.8000, -7.408
28.24, -0.8000, -6.538
28.25, -0.8000, -7.609
28.26, -0.8000, -6.893
28.27, -0.8000, -6.626
28.28, -0.8000, -6.466
28.29, -0.8000, -6.664
28.30, -0.8000, -6.602
28.31, -0.8000, -6.562
28.32, -0.8000, -6.248
28.33, -0.8000, -6.955
28.34, -0.8000, -6.170
28.35, -0.8000, -7.230
28.36, -0.8000, -7.528
28.37, -0.8000, -7.551
28.38, -0.8000, -6.305
28.39, -0.8000, -6.734
28.40, -0.8000, -5.819
28.41, -0.8000, -6.198
28.42, -0.8000, -6.932
28.43, -0.8000, -8.097
28.44, -0.8000, -6.972
28.45, -0.8000, -7.186
28.46, -0.8000, -7.455
28.47, -0.8000, -7.056
28.48, -0.8000, -6.084
28.49, -0.8000, -7.364
28.50, -0.8000, -8.160
28.51, -0.8000, -6.678
28.52, -0.8000, -6.531
28.53, -0.8000, -6.456
28.54, -0.8000, -7.344
28.55, -0.8000, -7.409
28.56, -0.8000, -8.884
28.57, -0.8000, -7.323
28.58, -0.8000, -8.280
28.59, -0.8000, -6.987
28.60, -0.8000, -5.957
28.61, -0.8000, -7.085
28.62, -0.8000, -7.463
28.63, -0.8000, -7.917
28.64, -0.8000, -6.998
28.65, -0.8000, -7.609
28.66, -0.8000, -6.447
28.67, -0.8000, -7.577
28.68, -0.8000, -6.018
28.69, -0.8000, -7.479
28.70, -0.8000, -6.780
28.71, -0.8000, -6.480
28.72, -0.8000, -8.137
28.73, -0.8000, -6.987
28.74, -0.8000, -6.522
28.75, -0.8000, -7.694
28.76, -0.8000, -6.792
28.77, -0.8000, -6.960
28.78, -0.8000, -7.978
28.79, -0.8000, -6.886
28.80, -0.8000, -7.492
28.81, -0.8000, -8.363
28.82, -0.8000, -6.753
28.83, -0.8000, -8.352
28.84, -0.8000, -7.083
28.85, -0.8000, -7.210
28.86, -0.8000, -6.901
28.87, -0.8000, -6.141
28.88, -0.8000, -7.200
28.89, -0.8000, -8.022
28.90, -0.8000, -8.023
28.91, -0.8000, -7.498
28.92, -0.8000, -6.702
28.93, -0.8000, -6.566
28.94, -0.8000, -6.022
28.95, -0.8000, -8.025
28.96, -0.8000, -7.977
28.97, -0.8000, -6.672
28.98, -0.8000, -6.614
28.99, -0.8000, -6.850
29.00, -0.8000, -7.160
29.01, -0.8000, -6.359
29.02, -0.8000, -7.876
29.03, -0.8000, -6.774
29.04, -0.8000, -5.816
29.05, -0.8000, -5.794
29.06, -0.8000, -6.834
29.07, -0.8000, -8.912
29.08, -0.8000, -7.070
29.09, -0.8000, -7.008
29.10, -0.8000, -6.896
29.11, -0.8000, -7.642
29.12, -0.8000, -6.985
29.13, -0.8000, -7.970
29.14, -0.8000, -6.726
29.15, -0.8000, -6.911
29.16, -0.8000, -5.874
29.17, -0.8000, -6.568
29.18, -0.8000, -7.500
29.19, -0.8000, -5.561
29.20, -0.8000, -7.495
29.21, -0.8000, -6.381
29.22, -0.8000, -6.972
29.23, -0.8000, -6.714
29.24, -0.8000, -6.881
29.25, -0.8000, -6.332
29.26, -0.8000, -7.494
29.27, -0.8000, -7.685
29.28, -0.8000, -7.245
29.29, -0.8000, -8.004
29.30, -0.8000, -6.669
29.31, -0.8000, -6.138
29.32, -0.8000, -6.119
29.33, -0.8000, -7.760
29.34, -0.8000, -7.213
29.35, -0.8000, -6.960
29.36, -0.8000, -6.861
29.37, -0.8000, -6.203
29.38, -0.8000, -7.694
29.39, -0.8000, -6.007
29.40, -0.8000, -7.819
29.41, -0.8000, -8.155
29.42, -0.8000, -6.496
29.43, -0.8000, -6.907
29.44, -0.8000, -7.783
29.45, -0.8000, -7.303
29.46, -0.8000, -6.408
29.47, -0.8000, -5.866
29.48, -0.8000, -6.358
29.49, -0.8000, -6.626
29.50, -0.8000, -5.814
29.51, -0.8000, -6.263
29.52, -0.8000, -7.096
29.53, -0.8000, -5.660
29.54, -0.8000, -6.585
29.55, -0.8000, -7.510
29.56, -0.8000, -6.841
29.57, -0.8000, -7.510
29.58, -0.8000, -7.943
29.59, -0.8000, -6.324
29.60, -0.8000, -8.302
29.61, -0.8000, -7.900
29.62, -0.8000, -6.309
29.63, -0.8000, -6.769
29.64, -0.8000, -7.792
29.65, -0.8000, -7.092
29.66, -0.8000, -7.385
29.67, -0.8000, -5.987
29.68, -0.8000, -6.509
29.69, -0.8000, -7.038
29.70, -0.8000, -6.868
29.71, -0.8000, -7.767
29.72, -0.8000, -6.957
29.73, -0.8000, -7.883
29.74, -0.8000, -7.849
29.75, -0.8000, -7.132
29.76, -0.8000, -5.901
29.77, -0.8000, -5.964
29.78, -0.8000, -6.852
29.79, -0.8000, -6.246
29.80, -0.8000, -6.853
29.81, -0.8000, -6.570
29.82, -0.8000, -6.394
29.83, -0.8000, -5.986
29.84, -0.8000, -6.826
29.85, -0.8000, -7.614
29.86, -0.8000, -6.656
29.87, -0.8000, -6.708
29.88, -0.8000, -7.602
29.89, -0.8000, -6.921
29.90, -0.8000, -7.247
29.91, -0.8000, -6.118
29.92, -0.8000, -7.857
29.93, -0.8000, -6.343
29.94, -0.8000, -7.077
29.95, -0.8000, -6.720
29.96, -0.8000, -6.610
29.97, -0.8000, -7.669
29.98, -0.8000, -5.809
29.99, -0.8000, -7.228
30.00, -0.8000, -6.260
30.01, -0.8000, -7.551
30.02, -0.8000, -7.293
30.03, -0.8000, -7.190
30.04, -0.8000, -6.687
30.05, -0.8000, -7.619
30.06, -0.8000, -6.859
30.07, -0.8000, -6.008
30.08, -0.8000, -7.286
30.09, -0.8000, -6.081
30.10, -0.8000, -5.917
30.11, -0.8000, -8.527
30.12, -0.8000, -8.010
30.13, -0.8000, -5.868
30.14, -0.8000, -6.500
30.15, -0.8000, -6.396
30.16, -0.8000, -7.101
30.17, -0.8000, -5.951
30.18, -0.8000, -5.792
30.19, -0.8000, -6.057
30.20, -0.8000, -6.494
30.21, -0.8000, -6.172
30.22, -0.8000, -5.763
30.23, -0.8000, -6.634
30.24, -0.8000, -8.044
30.25, -0.8000, -6.314
30.26, -0.8000, -7.471
30.27, -0.8000, -7.585
30.28, -0.8000, -6.950
30.29, -0.8000, -7.025
30.30, -0.8000, -7.073
30.31, -0.8000, -7.408
30.32, -0.8000, -8.220
30.33, -0.8000, -6.953
30.34, -0.8000, -6.750
30.35, -0.8000, -6.948
30.36, -0.8000, -7.377
30.37, -0.8000, -7.284
30.38, -0.8000, -8.268
30.39, -0.8000, -7.003
30.40, -0.8000, -7.548
30.41, -0.8000, -7.635
30.42, -0.8000, -6.341
30.43, -0.8000, -6.525
30.44, -0.8000, -5.868
30.45, -0.8000, -7.172
30.46, -0.8000, -5.591
30.47, -0.8000, -5.322
30.48, -0.8000, -6.281
30.49, -0.8000, -6.387
30.50, -0.8000, -7.456
30.51, -0.8000, -7.798
30.52, -0.8000, -6.954
30.53, -0.8000, -6.562
30.54, -0.8000, -7.082
30.55, -0.8000, -7.117
30.56, -0.8000, -6.980
30.57, -0.8000, -6.035
30.58, -0.8000, -5.914
30.59, -0.8000, -8.009
30.60, -0.8000, -8.299
30.61, -0.8000, -6.590
30.62, -0.8000, -7.879
30.63, -0.8000, -6.865
30.64, -0.8000, -6.119
30.65, -0.8000, -6.294
30.66, -0.8000, -8.393
30.67, -0.8000, -6.265
30.68, -0.8000, -6.962
30.69, -0.8000, -8.503
30.70, -0.8000, -7.639
30.71, -0.8000, -7.261
30.72, -0.8000, -7.102
30.73, -0.8000, -6.480
30.74, -0.8000, -5.982
30.75, -0.8000, -7.158
30.76, -0.8000, -7.822
30.77, -0.8000, -6.651
30.78, -0.8000, -6.920
30.79, -0.8000, -7.139
30.80, -0.8000, -6.536
30.81, -0.8000, -7.681
30.82, -0.8000, -5.830
30.83, -0.8000, -7.280
30.84, -0.8000, -7.092
30.85, -0.8000, -8.444
30.86, -0.8000, -7.306
30.87, -0.8000, -6.234
30.88, -0.8000, -5.973
30.89, -0.8000, -6.674
30.90, -0.8000, -7.040
30.91, -0.8000, -7.048
30.92, -0.8000, -8.128
30.93, -0.8000, -7.182
30.94, -0.8000, -7.790
30.95, -0.8000, -6.851
30.96, -0.8000, -6.132
30.97, -0.8000, -7.011
30.98, -0.8000, -6.542
30.99, -0.8000, -7.680
31.00, -0.8000, -6.075
31.01, -0.8000, -7.097
31.02, -0.8000, -6.256
31.03, -0.8000, -6.304
31.04, -0.8000, -6.304
31.05, -0.8000, -6.407
31.06, -0.8000, -5.634
31.07, -0.8000, -6.798
31.08, -0.8000, -7.312
31.09, -0.8000, -5.535
31.10, -0.8000, -6.541
31.11, -0.8000, -7.674
31.12, -0.8000, -6.005
31.13, -0.8000, -6.806
31.14, -0.8000, -7.288
31.15, -0.8000, -7.012
31.16, -0.8000, -7.155
31.17, -0.8000, -7.173
31.18, -0.8000, -6.752
31.19, -0.8000, -6.883
31.20, -0.8000, -6.602
31.21, -0.8000, -6.964
31.22, -0.8000, -6.628
31.23, -0.8000, -7.320
31.24, -0.8000, -6.420
31.25, -0.8000, -7.201
31.26, -0.8000, -7.313
31.27, -0.8000, -7.151
31.28, -0.8000, -6.053
31.29, -0.8000, -7.132
31.30, -0.8000, -6.073
31.31, -0.8000, -5.268
31.32, -0.8000, -7.696
31.33, -0.8000, -6.747
31.34, -0.8000, -6.813
31.35, -0.8000, -5.935
31.36, -0.8000, -6.045
31.37, -0.8000, -6.452
31.38, -0.8000, -4.471
31.39, -0.8000, -6.615
31.40, -0.8000, -6.364
31.41, -0.8000, -6.618
31.42, -0.8000, -6.686
31.43, -0.8000, -7.174
31.44, -0.8000, -6.461
31.45, -0.8000, -7.593
31.46, -0.8000, -6.810
31.47, -0.8000, -7.033
31.48, -0.8000, -5.966
31.49, -0.8000, -6.277
31.50, -0.8000, -6.910
31.51, -0.8000, -5.719
31.52, -0.8000, -7.759
31.53, -0.8000, -6.304
31.54, -0.8000, -6.628
31.55, -0.8000, -7.464
31.56, -0.8000, -7.323
31.57, -0.8000, -7.053
31.58, -0.8000, -7.608
31.59, -0.8000, -7.775
31.60, -0.8000, -7.209
31.61, -0.8000, -6.409
31.62, -0.8000, -6.911
31.63, -0.8000, -6.411
31.64, -0.8000, -7.262
31.65, -0.8000, -8.679
31.66, -0.8000, -7.078
31.67, -0.8000, -7.408
31.68, -0.8000, -8.209
31.69, -0.8000, -7.672
31.70, -0.8000, -6.985
31.71, -0.8000, -6.494
31.72, -0.8000, -7.202
31.73, -0.8000, -7.384
31.74, -0.8000, -5.974
31.75, -0.8000, -6.707
31.76, -0.8000, -5.649
31.77, -0.8000, -7.011
31.78, -0.8000, -6.574
31.79, -0.8000, -6.832
31.80, -0.8000, -6.361
31.81, -0.8000, -6.228
31.82, -0.8000, -8.744
31.83, -0.8000, -6.628
31.84, -0.8000, -6.420
31.85, -0.8000, -6.418
31.86, -0.8000, -7.357
31.87, -0.8000, -6.168
31.88, -0.8000, -6.179
31.89, -0.8000, -7.634
31.90, -0.8000, -6.412
31.91, -0.8000, -7.450
31.92, -0.8000, -6.739
31.93, -0.8000, -7.373
31.94, -0.8000, -6.410
31.95, -0.8000, -6.614
31.96, -0.8000, -7.195
31.97, -0.8000, -7.283
31.98, -0.8000, -6.008
31.99, -0.8000, -7.153
32.00, -0.8000, -7.248
32.01, -0.8000, -7.016
32.02, -0.8000, -6.198
32.03, -0.8000, -6.240
32.04, -0.8000, -6.527
32.05, -0.8000, -6.939
32.06, -0.8000, -6.682
32.07, -0.8000, -8.406
32.08, -0.8000, -6.294
32.09, -0.8000, -8.200
32.10, -0.8000, -6.746
32.11, -0.8000, -6.283
32.12, -0.8000, -6.541
32.13, -0.8000, -6.551
32.14, -0.8000, -7.445
32.15, -0.8000, -6.903
32.16, -0.8000, -6.339
32.17, -0.8000, -7.676
32.18, -0.8000, -6.591
32.19, -0.8000, -7.626
32.20, -0.8000, -6.379
32.21, -0.8000, -6.131
32.22, -0.8000, -6.925
32.23, -0.8000, -6.835
32.24, -0.8000, -5.828
32.25, -0.8000, -6.613
32.26, -0.8000, -6.351
32.27, -0.8000, -6.507
32.28, -0.8000, -7.727
32.29, -0.8000, -6.639
32.30, -0.8000, -7.016
32.31, -0.8000, -7.548
32.32, -0.8000, -6.704
32.33, -0.8000, -6.084
32.34, -0.8000, -6.676
32.35, -0.8000, -6.764
32.36, -0.8000, -6.205
32.37, -0.8000, -6.884
32.38, -0.8000, -6.581
32.39, -0.8000, -8.704
32.40, -0.8000, -7.106
32.41, -0.8000, -6.318
32.42, -0.8000, -7.441
32.43, -0.8000, -6.968
32.44, -0.8000, -7.226
32.45, -0.8000, -6.998
32.46, -0.8000, -6.441
32.47, -0.8000, -6.324
32.48, -0.8000, -5.945
32.49, -0.8000, -6.437
32.50, -0.8000, -7.283
32.51, -0.8000, -7.159
32.52, -0.8000, -7.819
32.53, -0.8000, -6.436
32.54, -0.8000, -7.085
32.55, -0.8000, -6.661
32.56, -0.8000, -6.485
32.57, -0.8000, -6.496
32.58, -0.8000, -7.580
32.59, -0.8000, -6.440
32.60, -0.8000, -7.463
32.61, -0.8000, -6.887
32.62, -0.8000, -7.382
32.63, -0.8000, -6.078
32.64, -0.8000, -7.487
32.65, -0.8000, -7.193
32.66, -0.8000, -6.532
32.67, -0.8000, -6.916
32.68, -0.8000, -8.049
32.69, -0.8000, -7.416
32.70, -0.8000, -7.180
32.71, -0.8000, -5.528
32.72, -0.8000, -6.994
32.73, -0.8000, -6.488
32.74, -0.8000, -6.550
32.75, -0.8000, -6.153
32.76, -0.8000, -5.071
32.77, -0.8000, -6.604
32.78, -0.8000, -6.008
32.79, -0.8000, -6.882
32.80, -0.8000, -6.442
32.81, -0.8000, -6.293
32.82, -0.8000, -7.078
32.83, -0.8000, -6.712
32.84, -0.8000, -7.129
32.85, -0.8000, -6.580
32.86, -0.8000, -6.385
32.87, -0.8000, -6.932
32.88, -0.8000, -7.815
32.89, -0.8000, -7.255
32.90, -0.8000, -6.306
32.91, -0.8000, -8.025
32.92, -0.8000, -6.896
32.93, -0.8000, -6.724
32.94, -0.8000, -5.908
32.95, -0.8000, -6.326
32.96, -0.8000, -7.478
32.97, -0.8000, -7.947
32.98, -0.8000, -6.358
32.99, -0.8000, -6.624
33.00, -0.8000, -5.824
33.01, -0.8000, -5.740
33.02, -0.8000, -6.603
33.03, -0.8000, -6.481
33.04, -0.8000, -5.323
33.05, -0.8000, -5.985
33.06, -0.8000, -6.693
33.07, -0.8000, -8.229
33.08, -0.8000, -6.624
33.09, -0.8000, -6.595
33.10, -0.8000, -6.368
33.11, -0.8000, -5.883
33.12, -0.8000, -6.121
33.13, -0.8000, -7.145
33.14, -0.8000, -6.571
33.15, -0.8000, -7.157
33.16, -0.8000, -7.011
33.17, -0.8000, -6.838
33.18, -0.8000, -6.283
33.19, -0.8000, -6.502
33.20, -0.8000, -7.392
33.21, -0.8000, -7.004
33.22, -0.8000, -6.632
33.23, -0.8000, -6.089
33.24, -0.8000, -6.767
33.25, -0.8000, -5.335
33.26, -0.8000, -7.672
33.27, -0.8000, -7.394
33.28, -0.8000, -7.210
33.29, -0.8000, -6.343
33.30, -0.8000, -6.590
33.31, -0.8000, -7.750
33.32, -0.8000, -6.267
33.33, -0.8000, -6.347
33.34, -0.8000, -6.845
33.35, -0.8000, -5.756
33.36, -0.8000, -5.702
33.37, -0.8000, -7.650
33.38, -0.8000, -6.025
33.39, -0.8000, -6.454
33.40, -0.8000, -6.721
33.41, -0.8000, -6.076
33.42, -0.8000, -6.479
33.43, -0.8000, -8.024
33.44, -0.8000, -5.751
33.45, -0.8000, -6.760
33.46, -0.8000, -5.722
33.47, -0.8000, -6.862
33.48, -0.8000, -6.095
33.49, -0.8000, -7.071
33.50, -0.8000, -7.321
33.51, -0.8000, -7.363
33.52, -0.8000, -6.474
33.53, -0.8000, -6.185
33.54, -0.8000, -6.193
33.55, -0.8000, -6.975
33.56, -0.8000, -7.236
33.57, -0.8000, -8.117
33.58, -0.8000, -6.091
33.59, -0.8000, -5.055
33.60, -0.8000, -5.581
33.61, -0.8000, -7.139
33.62, -0.8000, -6.031
33.63, -0.8000, -6.672
33.64, -0.8000, -6.571
33.65, -0.8000, -5.453
33.66, -0.8000, -5.856
33.67, -0.8000, -7.074
33.68, -0.8000, -7.013
33.69, -0.8000, -7.178
33.70, -0.8000, -5.709
33.71, -0.8000, -6.243
33.72, -0.8000, -6.117
33.73, -0.8000, -7.289
33.74, -0.8000, -6.234
33.75, -0.8000, -6.668
33.76, -0.8000, -6.410
33.77, -0.8000, -6.892
33.78, -0.8000, -7.367
33.79, -0.8000, -7.131
33.80, -0.8000, -6.580
33.81, -0.8000, -6.546
33.82, -0.8000, -6.760
33.83, -0.8000, -6.188
33.84, -0.8000, -5.857
33.85, -0.8000, -6.774
33.86, -0.8000, -6.839
33.87, -0.8000, -6.341
33.88, -0.8000, -6.254
33.89, -0.8000, -7.497
33.90, -0.8000, -6.100
33.91, -0.8000, -6.513
33.92, -0.8000, -6.361
33.93, -0.8000, -5.672
33.94, -0.8000, -6.459
33.95, -0.8000, -6.272
33.96, -0.8000, -5.699
33.97, -0.8000, -6.654
33.98, -0.8000, -5.892
33.99, -0.8000, -6.748
34.00, -0.8000, -7.049
34.01, -0.8000, -6.398
34.02, -0.8000, -6.644
34.03, -0.8000, -6.890
34.04, -0.8000, -7.674
34.05, -0.8000, -7.438
34.06, -0.8000, -8.265
34.07, -0.8000, -6.636
34.08, -0.8000, -6.716
34.09, -0.8000, -6.789
34.10, -0.8000, -6.268
34.11, -0.8000, -6.400
34.12, -0.8000, -7.101
34.13, -0.8000, -5.949
34.14, -0.8000, -6.718
34.15, -0.8000, -6.735
34.16, -0.8000, -7.226
34.17, -0.8000, -6.734
34.18, -0.8000, -8.247
34.19, -0.8000, -6.912
34.20, -0.8000, -6.228
34.21, -0.8000, -7.220
34.22, -0.8000, -7.047
34.23, -0.8000, -7.790
34.24, -0.8000, -6.234
34.25, -0.8000, -6.132
34.26, -0.8000, -6.733
34.27, -0.8000, -7.088
34.28, -0.8000, -6.606
34.29, -0.8000, -6.670
34.30, -0.8000, -7.385
34.31, -0.8000, -6.136
34.32, -0.8000, -6.587
34.33, -0.8000, -8.417
34.34, -0.8000, -7.082
34.35, -0.8000, -6.422
34.36, -0.8000, -6.724
34.37, -0.8000, -6.121
34.38, -0.8000, -7.178
34.39, -0.8000, -7.234
34.40, -0.8000, -7.041
34.41, -0.8000, -7.129
34.42, -0.8000, -6.269
34.43, -0.8000, -6.418
34.44, -0.8000, -6.460
34.45, -0.8000, -7.262
34.46, -0.8000, -6.720
34.47, -0.8000, -6.511
34.48, -0.8000, -6.311
34.49, -0.8000, -6.595
34.50, -0.8000, -6.236
34.51, -0.8000, -6.587
34.52, -0.8000, -7.501
34.53, -0.8000, -6.866
34.54, -0.8000, -6.560
34.55, -0.8000, -5.990
34.56, -0.8000, -6.086
34.57, -0.8000, -6.711
34.58, -0.8000, -6.322
34.59, -0.8000, -5.927
34.60, -0.8000, -7.022
34.61, -0.8000, -6.787
34.62, -0.8000, -6.635
34.63, -0.8000, -5.675
34.64, -0.8000, -6.083
34.65, -0.8000, -6.389
34.66, -0.8000, -7.305
34.67, -0.8000, -5.756
34.68, -0.8000, -6.652
34.69, -0.8000, -5.793
34.70, -0.8000, -7.088
34.71, -0.8000, -6.133
34.72, -0.8000, -7.896
34.73, -0.8000, -6.885
34.74, -0.8000, -6.855
34.75, -0.8000, -7.078
34.76, -0.8000, -6.167
34.77, -0.8000, -7.261
34.78, -0.8000, -5.799
34.79, -0.8000, -7.461
34.80, -0.8000, -6.728
34.81, -0.8000, -6.238
34.82, -0.8000, -7.752
34.83, -0.8000, -6.542
34.84, -0.8000, -6.636
34.85, -0.8000, -6.795
34.86, -0.8000, -6.489
34.87, -0.8000, -5.973
34.88, -0.8000, -6.524
34.89, -0.8000, -6.535
34.90, -0.8000, -5.663
34.91, -0.8000, -5.754
34.92, -0.8000, -7.291
34.93, -0.8000, -7.584
34.94, -0.8000, -6.886
34.95, -0.8000, -6.710
34.96, -0.8000, -6.049
34.97, -0.8000, -5.879
34.98, -0.8000, -6.655
34.99, -0.8000, -7.629
35.00, -0.8000, -6.408
35.01, -0.8000, -7.608
35.02, -0.8000, -5.684
35.03, -0.8000, -7.129
35.04, -0.8000, -6.942
35.05, -0.8000, -6.258
35.06, -0.8000, -4.989
35.07, -0.8000, -6.545
35.08, -0.8000, -7.022
35.09, -0.8000, -6.496
35.10, -0.8000, -6.931
35.11, -0.8000, -6.501
35.12, -0.8000, -5.914
35.13, -0.8000, -6.768
35.14, -0.8000, -6.814
35.15, -0.8000, -7.111
35.16, -0.8000, -5.900
35.17, -0.8000, -6.244
35.18, -0.8000, -6.380
35.19, -0.8000, -6.437
35.20, -0.8000, -6.619
35.21, -0.8000, -7.258
35.22, -0.8000, -6.871
35.23, -0.8000, -6.256
35.24, -0.8000, -6.318
35.25, -0.8000, -6.194
35.26, -0.8000, -5.536
35.27, -0.8000, -6.211
35.28, -0.8000, -6.047
35.29, -0.8000, -6.249
35.30, -0.8000, -6.628
35.31, -0.8000, -6.125
35.32, -0.8000, -6.680
35.33, -0.8000, -6.467
35.34, -0.8000, -6.396
35.35, -0.8000, -6.710
35.36, -0.8000, -6.043
35.37, -0.8000, -7.016
35.38, -0.8000, -6.211
35.39, -0.8000, -6.403
35.40, -0.8000, -7.725
35.41, -0.8000, -6.081
35.42, -0.8000, -6.204
35.43, -0.8000, -5.667
35.44, -0.8000, -7.274
35.45, -0.8000, -6.781
35.46, -0.8000, -6.113
35.47, -0.8000, -6.107
35.48, -0.8000, -7.454
35.49, -0.8000, -6.942
35.50, -0.8000, -6.961
35.51, -0.8000, -6.304
35.52, -0.8000, -7.178
35.53, -0.8000, -6.088
35.54, -0.8000, -6.232
35.55, -0.8000, -6.081
35.56, -0.8000, -5.772
35.57, -0.8000, -7.798
35.58, -0.8000, -6.394
35.59, -0.8000, -7.106
35.60, -0.8000, -5.747
35.61, -0.8000, -6.235
35.62, -0.8000, -8.135
35.63, -0.8000, -7.570
35.64, -0.8000, -7.372
35.65, -0.8000, -6.448
35.66, -0.8000, -7.233
35.67, -0.8000, -7.041
35.68, -0.8000, -5.975
35.69, -0.8000, -7.569
35.70, -0.8000, -6.593
35.71, -0.8000, -6.229
35.72, -0.8000, -6.348
35.73, -0.8000, -7.628
35.74, -0.8000, -7.215
35.75, -0.8000, -7.314
35.76, -0.8000, -7.593
35.77, -0.8000, -6.879
35.78, -0.8000, -6.644
35.79, -0.8000, -7.360
35.80, -0.8000, -7.257
35.81, -0.8000, -6.129
35.82, -0.8000, -7.359
35.83, -0.8000, -7.916
35.84, -0.8000, -7.754
35.85, -0.8000, -7.677
35.86, -0.8000, -8.315
35.87, -0.8000, -6.082
35.88, -0.8000, -7.327
35.89, -0.8000, -7.351
35.90, -0.8000, -7.744
35.91, -0.8000, -7.527
35.92, -0.8000, -5.844
35.93, -0.8000, -7.501
35.94, -0.8000, -6.442
35.95, -0.8000, -6.719
35.96, -0.8000, -6.604
35.97, -0.8000, -7.472
35.98, -0.8000, -6.840
35.99, -0.8000, -6.882
36.00, -0.8000, -5.551
36.01, -0.8000, -6.208
36.02, -0.8000, -6.296
36.03, -0.8000, -5.988
36.04, -0.8000, -6.469
36.05, -0.8000, -7.124
36.06, -0.8000, -6.867
36.07, -0.8000, -5.687
36.08, -0.8000, -7.361
36.09, -0.8000, -7.350
36.10, -0.8000, -7.051
36.11, -0.8000, -8.623
36.12, -0.8000, -6.626
36.13, -0.8000, -5.857
36.14, -0.8000, -6.212
36.15, -0.8000, -7.483
36.16, -0.8000, -6.922
36.17, -0.8000, -7.448
36.18, -0.8000, -6.560
36.19, -0.8000, -6.858
36.20, -0.8000, -6.352
36.21, -0.8000, -6.424
36.22, -0.8000, -5.903
36.23, -0.8000, -6.102
36.24, -0.8000, -6.924
36.25, -0.8000, -6.392
36.26, -0.8000, -6.483
36.27, -0.8000, -7.147
36.28, -0.8000, -7.707
36.29, -0.8000, -6.755
36.30, -0.8000, -7.510
36.31, -0.8000, -6.500
36.32, -0.8000, -6.337
36.33, -0.8000, -6.546
36.34, -0.8000, -5.639
36.35, -0.8000, -6.060
36.36, -0.8000, -6.701
36.37, -0.8000, -7.511
36.38, -0.8000, -6.738
36.39, -0.8000, -5.776
36.40, -0.8000, -5.391
36.41, -0.8000, -6.659
36.42, -0.8000, -7.417
36.43, -0.8000, -7.064
36.44, -0.8000, -7.668
36.45, -0.8000, -6.797
36.46, -0.8000, -6.845
36.47, -0.8000, -6.976
36.48, -0.8000, -6.644
36.49, -0.8000, -6.464
36.50, -0.8000, -6.780
36.51, -0.8000, -7.051
36.52, -0.8000, -8.074
36.53, -0.8000, -6.990
36.54, -0.8000, -6.732
36.55, -0.8000, -6.572
36.56, -0.8000, -6.980
36.57, -0.8000, -7.971
36.58, -0.8000, -6.645
36.59, -0.8000, -6.225
36.60, -0.8000, -5.842
36.61, -0.8000, -5.892
36.62, -0.8000, -7.089
36.63, -0.8000, -6.979
36.64, -0.8000, -8.487
36.65, -0.8000, -6.462
36.66, -0.8000, -8.346
36.67, -0.8000, -5.842
36.68, -0.8000, -6.256
36.69, -0.8000, -6.383
36.70, -0.8000, -7.183
36.71, -0.8000, -6.963
36.72, -0.8000, -7.291
36.73, -0.8000, -6.563
36.74, -0.8000, -7.212
36.75, -0.8000, -7.371
36.76, -0.8000, -6.075
36.77, -0.8000, -8.069
36.78, -0.8000, -6.944
36.79, -0.8000, -6.298
36.80, -0.8000, -6.615
36.81, -0.8000, -6.142
36.82, -0.8000, -6.964
36.83, -0.8000, -7.099
36.84, -0.8000, -6.648
36.85, -0.8000, -6.720
36.86, -0.8000, -6.844
36.87, -0.8000, -5.288
36.88, -0.8000, -7.280
36.89, -0.8000, -6.935
36.90, -0.8000, -6.632
36.91, -0.8000, -7.245
36.92, -0.8000, -6.312
36.93, -0.8000, -6.193
36.94, -0.8000, -7.931
36.95, -0.8000, -7.005
36.96, -0.8000, -7.130
36.97, -0.8000, -7.818
36.98, -0.8000, -6.234
36.99, -0.8000, -6.694
37.00, -0.8000, -7.792
37.01, -0.8000, -6.161
37.02, -0.8000, -6.835
37.03, -0.8000, -6.764
37.04, -0.8000, -7.733
37.05, -0.8000, -7.903
37.06, -0.8000, -5.645
37.07, -0.8000, -6.391
37.08, -0.8000, -6.720
37.09, -0.8000, -7.197
37.10, -0.8000, -5.496
37.11, -0.8000, -6.889
37.12, -0.8000, -6.385
37.13, -0.8000, -6.453
37.14, -0.8000, -6.016
37.15, -0.8000, -6.651
37.16, -0.8000, -7.767
37.17, -0.8000, -5.992
37.18, -0.8000, -6.860
37.19, -0.8000, -7.269
37.20, -0.8000, -7.191
37.21, -0.8000, -7.147
37.22, -0.8000, -7.919
37.23, -0.8000, -6.705
37.24, -0.8000, -5.811
37.25, -0.8000, -6.898
37.26, -0.8000, -5.798
37.27, -0.8000, -7.677
37.28, -0.8000, -8.241
37.29, -0.8000, -8.225
37.30, -0.8000, -6.360
37.31, -0.8000, -5.354
37.32, -0.8000, -7.013
37.33, -0.8000, -6.295
37.34, -0.8000, -6.662
37.35, -0.8000, -6.393
37.36, -0.8000, -8.324
37.37, -0.8000, -6.450
37.38, -0.8000, -6.482
37.39, -0.8000, -5.950
37.40, -0.8000, -7.326
37.41, -0.8000, -6.105
37.42, -0.8000, -5.715
37.43, -0.8000, -6.747
37.44, -0.8000, -5.908
37.45, -0.8000, -7.082
37.46, -0.8000, -5.619
37.47, -0.8000, -7.091
37.48, -0.8000, -6.866
37.49, -0.8000, -6.278
37.50, -0.8000, -6.126
37.51, -0.8000, -6.207
37.52, -0.8000, -6.902
37.53, -0.8000, -6.670
37.54, -0.8000, -6.179
37.55, -0.8000, -7.112
37.56, -0.8000, -5.825
37.57, -0.8000, -7.498
37.58, -0.8000, -5.804
37.59, -0.8000, -7.895
37.60, -0.8000, -7.160
37.61, -0.8000, -7.161
37.62, -0.8000, -6.690
37.63, -0.8000, -8.002
37.64, -0.8000, -6.447
37.65, -0.8000, -7.106
37.66, -0.8000, -7.036
37.67, -0.8000, -6.528
37.68, -0.8000, -5.725
37.69, -0.8000, -6.419
37.70, -0.8000, -6.695
37.71, -0.8000, -6.700
37.72, -0.8000, -6.565
37.73, -0.8000, -7.771
37.74, -0.8000, -5.946
37.75, -0.8000, -5.731
37.76, -0.8000, -7.267
37.77, -0.8000, -6.566
37.78, -0.8000, -6.734
37.79, -0.8000, -6.471
37.80, -0.8000, -6.400
37.81, -0.8000, -5.779
37.82, -0.8000, -6.362
37.83, -0.8000, -6.202
37.84, -0.8000, -6.071
37.85, -0.8000, -7.404
37.86, -0.8000, -7.306
37.87, -0.8000, -6.013
37.88, -0.8000, -6.223
37.89, -0.8000, -7.791
37.90, -0.8000, -6.882
37.91, -0.8000, -7.053
37.92, -0.8000, -6.712
37.93, -0.8000, -6.685
37.94, -0.8000, -7.384
37.95, -0.8000, -6.910
37.96, -0.8000, -5.251
37.97, -0.8000, -6.490
37.98, -0.8000, -7.086
37.99, -0.8000, -6.406
38.00, -0.8000, -6.157
38.01, -0.8000, -5.536
38.02, -0.8000, -6.729
38.03, -0.8000, -6.567
38.04, -0.8000, -6.243
38.05, -0.8000, -5.857
38.06, -0.8000, -7.195
38.07, -0.8000, -7.934
38.08, -0.8000, -7.500
38.09, -0.8000, -6.564
38.10, -0.8000, -6.511
38.11, -0.8000, -6.255
38.12, -0.8000, -6.850
38.13, -0.8000, -7.189
38.14, -0.8000, -6.191
38.15, -0.8000, -6.521
38.16, -0.8000, -6.728
38.17, -0.8000, -6.763
38.18, -0.8000, -6.412
38.19, -0.8000, -6.871
38.20, -0.8000, -6.475
38.21, -0.8000, -7.804
38.22, -0.8000, -6.622
38.23, -0.8000, -7.506
38.24, -0.8000, -6.414
38.25, -0.8000, -8.249
38.26, -0.8000, -7.606
38.27, -0.8000, -7.164
38.28, -0.8000, -7.130
38.29, -0.8000, -5.962
38.30, -0.8000, -6.834
38.31, -0.8000, -7.443
38.32, -0.8000, -6.145
38.33, -0.8000, -5.848
38.34, -0.8000, -7.952
38.35, -0.8000, -7.484
38.36, -0.8000, -7.308
38.37, -0.8000, -6.988
38.38, -0.8000, -7.249
38.39, -0.8000, -6.638
38.40, -0.8000, -6.026
38.41, -0.8000, -6.221
38.42, -0.8000, -6.033
38.43, -0.8000, -7.550
38.44, -0.8000, -8.773
38.45, -0.8000, -6.441
38.46, -0.8000, -6.796
38.47, -0.8000, -6.585
38.48, -0.8000, -6.867
38.49, -0.8000, -7.072
38.50, -0.8000, -6.108
38.51, -0.8000, -7.179
38.52, -0.8000, -6.270
38.53, -0.8000, -7.584
38.54, -0.8000, -6.361
38.55, -0.8000, -5.974
38.56, -0.8000, -6.299
38.57, -0.8000, -6.443
38.58, -0.8000, -6.202
38.59, -0.8000, -6.984
38.60, -0.8000, -6.669
38.61, -0.8000, -6.986
38.62, -0.8000, -6.075
38.63, -0.8000, -4.992
38.64, -0.8000, -5.950
38.65, -0.8000, -6.994
38.66, -0.8000, -6.989
38.67, -0.8000, -6.723
38.68, -0.8000, -5.221
38.69, -0.8000, -6.781
38.70, -0.8000, -7.461
38.71, -0.8000, -6.023
38.72, -0.8000, -5.719
38.73, -0.8000, -6.591
38.74, -0.8000, -6.882
38.75, -0.8000, -7.739
38.76, -0.8000, -6.644
38.77, -0.8000, -6.209
38.78, -0.8000, -6.380
38.79, -0.8000, -7.041
38.80, -0.8000, -6.919
38.81, -0.8000, -7.549
38.82, -0.8000, -7.228
38.83, -0.8000, -6.597
38.84, -0.8000, -7.745
38.85, -0.8000, -6.329
38.86, -0.8000, -8.290
38.87, -0.8000, -6.144
38.88, -0.8000, -7.104
38.89, -0.8000, -6.689
38.90, -0.8000, -6.788
38.91, -0.8000, -7.044
38.92, -0.8000, -5.688
38.93, -0.8000, -7.834
38.94, -0.8000, -6.027
38.95, -0.8000, -6.348
38.96, -0.8000, -5.954
38.97, -0.8000, -6.844
38.98, -0.8000, -6.742
38.99, -0.8000, -6.858
39.00, -0.8000, -6.862
39.01, -0.8000, -7.241
39.02, -0.8000, -6.229
39.03, -0.8000, -6.086
39.04, -0.8000, -6.019
39.05, -0.8000, -6.232
39.06, -0.8000, -7.551
39.07, -0.8000, -6.162
39.08, -0.8000, -7.629
39.09, -0.8000, -6.318
39.10, -0.8000, -7.035
39.11, -0.8000, -5.626
39.12, -0.8000, -7.346
39.13, -0.8000, -5.961
39.14, -0.8000, -6.725
39.15, -0.8000, -7.158
39.16, -0.8000, -6.466
39.17, -0.8000, -7.599
39.18, -0.8000, -6.811
39.19, -0.8000, -6.712
39.20, -0.8000, -6.723
39.21, -0.8000, -7.389
39.22, -0.8000, -6.223
39.23, -0.8000, -5.928
39.24, -0.8000, -7.007
39.25, -0.8000, -7.351
39.26, -0.8000, -8.274
39.27, -0.8000, -5.936
39.28, -0.8000, -5.401
39.29, -0.8000, -5.836
39.30, -0.8000, -6.054
39.31, -0.8000, -5.528
39.32, -0.8000, -6.226
39.33, -0.8000, -6.459
39.34, -0.8000, -6.673
39.35, -0.8000, -7.776
39.36, -0.8000, -5.668
39.37, -0.8000, -5.836
39.38, -0.8000, -6.844
39.39, -0.8000, -6.639
39.40, -0.8000, -6.068
39.41, -0.8000, -6.174
39.42, -0.8000, -6.993
39.43, -0.8000, -5.936
39.44, -0.8000, -6.834
39.45, -0.8000, -5.087
39.46, -0.8000, -5.740
39.47, -0.8000, -6.448
39.48, -0.8000, -5.824
39.49, -0.8000, -6.798
39.50, -0.8000, -6.414
39.51, -0.8000, -6.559
39.52, -0.8000, -6.014
39.53, -0.8000, -8.757
39.54, -0.8000, -7.146
39.55, -0.8000, -6.596
39.56, -0.8000, -5.949
39.57, -0.8000, -6.951
39.58, -0.8000, -7.342
39.59, -0.8000, -7.307
39.60, -0.8000, -7.148
39.61, -0.8000, -7.414
39.62, -0.8000, -6.555
39.63, -0.8000, -6.758
39.64, -0.8000, -6.047
39.65, -0.8000, -7.496
39.66, -0.8000, -7.074
39.67, -0.8000, -7.568
39.68, -0.8000, -8.810
39.69, -0.8000, -8.146
39.70, -0.8000, -7.023
39.71, -0.8000, -6.867
39.72, -0.8000, -6.106
39.73, -0.8000, -6.692
39.74, -0.8000, -7.848
39.75, -0.8000, -6.092
39.76, -0.8000, -6.053
39.77, -0.8000, -7.405
39.78, -0.8000, -5.813
39.79, -0.8000, -6.270
39.80, -0.8000, -7.245
39.81, -0.8000, -6.610
39.82, -0.8000, -7.323
39.83, -0.8000, -6.320
39.84, -0.8000, -7.896
39.85, -0.8000, -6.846
39.86, -0.8000, -7.981
39.87, -0.8000, -7.112
39.88, -0.8000, -6.938
39.89, -0.8000, -7.313
39.90, -0.8000, -6.866
39.91, -0.8000, -6.977
39.92, -0.8000, -7.336
39.93, -0.8000, -6.676
39.94, -0.8000, -7.685
39.95, -0.8000, -6.566
39.96, -0.8000, -5.997
39.97, -0.8000, -5.879
39.98, -0.8000, -7.222
39.99, -0.8000, -6.159
40.00, -0.8000, -7.383
40.01, -0.8000, -6.136
40.02, -0.8000, -6.240
40.03, -0.8000, -6.929
40.04, -0.8000, -7.071
40.05, -0.8000, -7.162
40.06, -0.8000, -6.689
40.07, -0.8000, -6.539
40.08, -0.8000, -6.819
40.09, -0.8000, -6.788
40.10, -0.8000, -6.328
40.11, -0.8000, -6.571
40.12, -0.8000, -7.195
40.13, -0.8000, -7.084
40.14, -0.8000, -6.920
40.15, -0.8000, -6.681
40.16, -0.8000, -7.401
40.17, -0.8000, -6.428
40.18, -0.8000, -7.193
40.19, -0.8000, -6.563
40.20, -0.8000, -7.590
40.21, -0.8000, -6.856
40.22, -0.8000, -6.947
40.23, -0.8000, -7.552
40.24, -0.8000, -7.459
40.25, -0.8000, -7.181
40.26, -0.8000, -6.418
40.27, -0.8000, -7.503
40.28, -0.8000, -7.886
40.29, -0.8000, -6.964
40.30, -0.8000, -7.502
40.31, -0.8000, -6.259
40.32, -0.8000, -6.494
40.33, -0.8000, -5.812
40.34, -0.8000, -8.203
40.35, -0.8000, -7.026
40.36, -0.8000, -6.726
40.37, -0.8000, -6.327
40.38, -0.8000, -6.684
40.39, -0.8000, -6.258
40.40, -0.8000, -7.207
40.41, -0.8000, -6.523
40.42, -0.8000, -7.159
40.43, -0.8000, -6.405
40.44, -0.8000, -6.881
40.45, -0.8000, -7.503
40.46, -0.8000, -6.290
40.47, -0.8000, -7.548
40.48, -0.8000, -5.535
40.49, -0.8000, -6.541
40.50, -0.8000, -7.637
40.51, -0.8000, -6.975
40.52, -0.8000, -7.333
40.53, -0.8000, -5.895
40.54, -0.8000, -6.638
40.55, -0.8000, -6.518
40.56, -0.8000, -5.644
40.57, -0.8000, -7.554
40.58, -0.8000, -6.828
40.59, -0.8000, -7.035
40.60, -0.8000, -6.311
40.61, -0.8000, -6.666
40.62, -0.8000, -6.896
40.63, -0.8000, -6.361
40.64, -0.8000, -6.901
40.65, -0.8000, -6.621
40.66, -0.8000, -5.747
40.67, -0.8000, -6.505
40.68, -0.8000, -6.693
40.69, -0.8000, -6.477
40.70, -0.8000, -6.965
40.71, -0.8000, -6.485
40.72, -0.8000, -5.894
40.73, -0.8000, -6.055
40.74, -0.8000, -6.249
40.75, -0.8000, -7.625
40.76, -0.8000, -7.182
40.77, -0.8000, -7.378
40.78, -0.8000, -6.818
40.79, -0.8000, -5.846
40.80, -0.8000, -7.195
40.81, -0.8000, -7.860
40.82, -0.8000, -6.245
40.83, -0.8000, -7.839
40.84, -0.8000, -6.002
40.85, -0.8000, -6.387
40.86, -0.8000, -7.340
40.87, -0.8000, -6.872
40.88, -0.8000, -7.122
40.89, -0.8000, -6.294
40.90, -0.8000, -7.381
40.91, -0.8000, -5.724
40.92, -0.8000, -6.097
40.93, -0.8000, -6.470
40.94, -0.8000, -6.729
40.95, -0.8000, -6.519
40.96, -0.8000, -7.833
40.97, -0.8000, -5.638
40.98, -0.8000, -7.398
40.99, -0.8000, -7.309
41.00, -0.8000, -7.270
41.01, -0.8000, -8.050
41.02, -0.8000, -6.793
41.03, -0.8000, -6.748
41.04, -0.8000, -7.227
41.05, -0.8000, -6.653
41.06, -0.8000, -6.326
41.07, -0.8000, -7.348
41.08, -0.8000, -7.618
41.09, -0.8000, -6.919
41.10, -0.8000, -6.211
41.11, -0.8000, -7.627
41.12, -0.8000, -7.947
41.13, -0.8000, -6.536
41.14, -0.8000, -6.518
41.15, -0.8000, -7.460
41.16, -0.8000, -5.990
41.17, -0.8000, -7.742
41.18, -0.8000, -7.703
41.19, -0.8000, -5.939
41.20, -0.8000, -6.917
41.21, -0.8000, -5.519
41.22, -0.8000, -5.242
41.23, -0.8000, -5.528
41.24, -0.8000, -7.577
41.25, -0.8000, -6.312
41.26, -0.8000, -6.500
41.27, -0.8000, -7.487
41.28, -0.8000, -6.474
41.29, -0.8000, -7.013
41.30, -0.8000, -7.278
41.31, -0.8000, -6.715
41.32, -0.8000, -5.418
41.33, -0.8000, -7.444
41.34, -0.8000, -6.759
41.35, -0.8000, -6.296
41.36, -0.8000, -7.077
41.37, -0.8000, -5.555
41.38, -0.8000, -6.825
41.39, -0.8000, -6.035
41.40, -0.8000, -7.405
41.41, -0.8000, -5.555
41.42, -0.8000, -8.016
41.43, -0.8000, -6.879
41.44, -0.8000, -6.400
41.45, -0.8000, -7.155
41.46, -0.8000, -5.801
41.47, -0.8000, -5.913
41.48, -0.8000, -5.732
41.49, -0.8000, -6.939
41.50, -0.8000, -5.797
41.51, -0.8000, -7.296
41.52, -0.8000, -6.725
41.53, -0.8000, -7.057
41.54, -0.8000, -7.270
41.55, -0.8000, -6.581
41.56, -0.8000, -7.092
41.57, -0.8000, -6.886
41.58, -0.8000, -6.740
41.59, -0.8000, -6.133
41.60, -0.8000, -6.924
41.61, -0.8000, -6.149
41.62, -0.8000, -7.370
41.63, -0.8000, -7.619
41.64, -0.8000, -6.215
41.65, -0.8000, -6.433
41.66, -0.8000, -6.600
41.67, -0.8000, -7.572
41.68, -0.8000, -5.888
41.69, -0.8000, -7.217
41.70, -0.8000, -6.534
41.71, -0.8000, -6.311
41.72, -0.8000, -6.402
41.73, -0.8000, -6.245
41.74, -0.8000, -6.792
41.75, -0.8000, -5.742
41.76, -0.8000, -5.828
41.77, -0.8000, -6.955
41.78, -0.8000, -6.045
41.79, -0.8000, -7.148
41.80, -0.8000, -7.570
41.81, -0.8000, -6.876
41.82, -0.8000, -6.927
41.83, -0.8000, -6.774
41.84, -0.8000, -5.878
41.85, -0.8000, -6.596
41.86, -0.8000, -5.538
41.87, -0.8000, -6.784
41.88, -0.8000, -5.161
41.89, -0.8000, -5.471
41.90, -0.8000, -5.501
41.91, -0.8000, -6.460
41.92, -0.8000, -6.783
41.93, -0.8000, -5.831
41.94, -0.8000, -6.415
41.95, -0.8000, -7.304
41.96, -0.8000, -7.404
41.97, -0.8000, -6.404
41.98, -0.8000, -6.001
41.99, -0.8000, -7.432
42.00, -0.8000, -6.211
42.01, -0.8000, -7.597
42.02, -0.8000, -7.005
42.03, -0.8000, -7.196
42.04, -0.8000, -6.285
42.05, -0.8000, -6.833
42.06, -0.8000, -6.399
42.07, -0.8000, -7.686
42.08, -0.8000, -5.678
42.09, -0.8000, -6.599
42.10, -0.8000, -7.012
42.11, -0.8000, -6.607
42.12, -0.8000, -5.848
42.13, -0.8000, -7.010
42.14, -0.8000, -6.543
42.15, -0.8000, -6.372
42.16, -0.8000, -7.235
42.17, -0.8000, -6.357
42.18, -0.8000, -7.963
42.19, -0.8000, -6.344
42.20, -0.8000, -7.256
42.21, -0.8000, -5.869
42.22, -0.8000, -6.866
42.23, -0.8000, -6.594
42.24, -0.8000, -7.673
42.25, -0.8000, -6.077
42.26, -0.8000, -6.498
42.27, -0.8000, -6.990
42.28, -0.8000, -7.330
42.29, -0.8000, -6.173
42.30, -0.8000, -6.299
42.31, -0.8000, -6.972
42.32, -0.8000, -7.171
42.33, -0.8000, -7.335
42.34, -0.8000, -6.169
42.35, -0.8000, -5.946
42.36, -0.8000, -8.081
42.37, -0.8000, -5.838
42.38, -0.8000, -7.089
42.39, -0.8000, -6.733
42.40, -0.8000, -7.400
42.41, -0.8000, -5.840
42.42, -0.8000, -5.780
42.43, -0.8000, -6.319
42.44, -0.8000, -5.621
42.45, -0.8000, -4.917
42.46, -0.8000, -5.677
42.47, -0.8000, -6.986
42.48, -0.8000, -7.366
42.49, -0.8000, -6.070
42.50, -0.8000, -7.314
42.51, -0.8000, -5.967
42.52, -0.8000, -7.226
42.53, -0.8000, -5.604
42.54, -0.8000, -6.301
42.55, -0.8000, -6.451
42.56, -0.8000, -5.752
42.57, -0.8000, -7.038
42.58, -0.8000, -7.643
42.59, -0.8000, -6.160
42.60, -0.8000, -6.248
42.61, -0.8000, -6.920
42.62, -0.8000, -5.961
42.63, -0.8000, -6.752
42.64, -0.8000, -6.396
42.65, -0.8000, -7.415
42.66, -0.8000, -7.417
42.67, -0.8000, -6.199
42.68, -0.8000, -7.215
42.69, -0.8000, -5.988
42.70, -0.8000, -8.180
42.71, -0.8000, -6.930
42.72, -0.8000, -6.879
42.73, -0.8000, -7.695
42.74, -0.8000, -7.351
42.75, -0.8000, -7.465
42.76, -0.8000, -6.203
42.77, -0.8000, -5.701
42.78, -0.8000, -8.513
42.79, -0.8000, -5.828
42.80, -0.8000, -7.320
42.81, -0.8000, -6.514
42.82, -0.8000, -6.913
42.83, -0.8000, -7.063
42.84, -0.8000, -7.364
42.85, -0.8000, -5.645
42.86, -0.8000, -7.216
42.87, -0.8000, -6.900
42.88, -0.8000, -5.373
42.89, -0.8000, -6.478
42.90, -0.8000, -6.875
42.91, -0.8000, -6.749
42.92, -0.8000, -7.432
42.93, -0.8000, -6.886
42.94, -0.8000, -7.024
42.95, -0.8000, -5.841
42.96, -0.8000, -7.697
42.97, -0.8000, -5.901
42.98, -0.8000, -6.664
42.99, -0.8000, -6.556
43.00, -0.8000, -6.345
43.01, -0.8000, -5.343
43.02, -0.8000, -6.839
43.03, -0.8000, -8.695
43.04, -0.8000, -7.425
43.05, -0.8000, -6.945
43.06, -0.8000, -7.351
43.07, -0.8000, -6.937
43.08, -0.8000, -6.345
43.09, -0.8000, -7.045
43.10, -0.8000, -7.308
43.11, -0.8000, -7.296
43.12, -0.8000, -6.114
43.13, -0.8000, -6.736
43.14, -0.8000, -6.713
43.15, -0.8000, -6.075
43.16, -0.8000, -6.274
43.17, -0.8000, -6.828
43.18, -0.8000, -6.339
43.19, -0.8000, -7.406
43.20, -0.8000, -6.378
43.21, -0.8000, -6.168
43.22, -0.8000, -6.216
43.23, -0.8000, -6.974
43.24, -0.8000, -6.727
43.25, -0.8000, -7.070
43.26, -0.8000, -6.696
43.27, -0.8000, -6.729
43.28, -0.8000, -6.670
43.29, -0.8000, -7.094
43.30, -0.8000, -6.129
43.31, -0.8000, -7.307
43.32, -0.8000, -5.861
43.33, -0.8000, -5.677
43.34, -0.8000, -6.866
43.35, -0.8000, -6.528
43.36, -0.8000, -6.028
43.37, -0.8000, -6.665
43.38, -0.8000, -5.575
43.39, -0.8000, -5.482
43.40, -0.8000, -6.121
43.41, -0.8000, -7.737
43.42, -0.8000, -6.777
43.43, -0.8000, -6.124
43.44, -0.8000, -7.317
43.45, -0.8000, -6.274
43.46, -0.8000, -8.318
43.47, -0.8000, -5.780
43.48, -0.8000, -6.210
43.49, -0.8000, -7.598
43.50, -0.8000, -6.987
43.51, -0.8000, -6.371
43.52, -0.8000, -6.583
43.53, -0.8000, -6.210
43.54, -0.8000, -7.029
43.55, -0.8000, -7.858
43.56, -0.8000, -6.518
43.57, -0.8000, -6.119
43.58, -0.8000, -7.366
43.59, -0.8000, -5.837
43.60, -0.8000, -7.965
43.61, -0.8000, -6.134
43.62, -0.8000, -5.987
43.63, -0.8000, -6.468
43.64, -0.8000, -7.649
43.65, -0.8000, -6.560
43.66, -0.8000, -5.553
43.67, -0.8000, -5.879
43.68, -0.8000, -6.433
43.69, -0.8000, -7.548
43.70, -0.8000, -5.983
43.71, -0.8000, -7.473
43.72, -0.8000, -5.441
43.73, -0.8000, -6.930
43.74, -0.8000, -6.770
43.75, -0.8000, -7.629
43.76, -0.8000, -7.637
43.77, -0.8000, -6.978
43.78, -0.8000, -6.971
43.79, -0.8000, -6.697
43.80, -0.8000, -7.082
43.81, -0.8000, -7.690
43.82, -0.8000, -6.715
43.83, -0.8000, -7.420
43.84, -0.8000, -7.196
43.85, -0.8000, -6.613
43.86, -0.8000, -7.324
43.87, -0.8000, -7.289
43.88, -0.8000, -6.800
43.89, -0.8000, -6.512
43.90, -0.8000, -7.187
43.91, -0.8000, -6.114
43.92, -0.8000, -6.480
43.93, -0.8000, -6.883
43.94, -0.8000, -6.857
43.95, -0.8000, -7.380
43.96, -0.8000, -8.219
43.97, -0.8000, -6.528
43.98, -0.8000, -6.616
43.99, -0.8000, -8.073
44.00, -0.8000, -6.541
44.01, -0.8000, -6.666
44.02, -0.8000, -5.717
44.03, -0.8000, -6.941
44.04, -0.8000, -6.637
44.05, -0.8000, -7.161
44.06, -0.8000, -7.127
44.07, -0.8000, -5.738
44.08, -0.8000, -6.768
44.09, -0.8000, -5.676
44.10, -0.8000, -6.899
44.11, -0.8000, -6.273
44.12, -0.8000, -6.312
44.13, -0.8000, -6.820
44.14, -0.8000, -6.742
44.15, -0.8000, -8.305
44.16, -0.8000, -6.397
44.17, -0.8000, -6.232
44.18, -0.8000, -6.647
44.19, -0.8000, -7.252
44.20, -0.8000, -6.181
44.21, -0.8000, -6.974
44.22, -0.8000, -6.920
44.23, -0.8000, -5.733
44.24, -0.8000, -6.138
44.25, -0.8000, -7.220
44.26, -0.8000, -5.715
44.27, -0.8000, -7.223
44.28, -0.8000, -7.525
44.29, -0.8000, -7.111
44.30, -0.8000, -7.414
44.31, -0.8000, -7.250
44.32, -0.8000, -6.797
44.33, -0.8000, -7.278
44.34, -0.8000, -6.543
44.35, -0.8000, -6.133
44.36, -0.8000, -6.633
44.37, -0.8000, -6.757
44.38, -0.8000, -6.757
44.39, -0.8000, -6.901
44.40, -0.8000, -7.502
44.41, -0.8000, -7.057
44.42, -0.8000, -8.160
44.43, -0.8000, -6.702
44.44, -0.8000, -7.110
44.45, -0.8000, -6.348
44.46, -0.8000, -6.085
44.47, -0.8000, -7.574
44.48, -0.8000, -7.786
44.49, -0.8000, -6.393
44.50, -0.8000, -6.188
44.51, -0.8000, -6.913
44.52, -0.8000, -7.076
44.53, -0.8000, -6.653
44.54, -0.8000, -6.477
44.55, -0.8000, -6.890
44.56, -0.8000, -5.337
44.57, -0.8000, -6.564
44.58, -0.8000, -6.514
44.59, -0.8000, -6.368
44.60, -0.8000, -6.547
44.61, -0.8000, -6.039
44.62, -0.8000, -6.973
44.63, -0.8000, -5.807
44.64, -0.8000, -6.563
44.65, -0.8000, -6.091
44.66, -0.8000, -6.088
44.67, -0.8000, -5.316
44.68, -0.8000, -6.951
44.69, -0.8000, -6.499
44.70, -0.8000, -7.040
44.71, -0.8000, -6.195
44.72, -0.8000, -5.548
44.73, -0.8000, -7.076
44.74, -0.8000, -6.593
44.75, -0.8000, -6.942
44.76, -0.8000, -8.062
44.77, -0.8000, -5.602
44.78, -0.8000, -7.163
44.79, -0.8000, -6.399
44.80, -0.8000, -6.321
44.81, -0.8000, -7.035
44.82, -0.8000, -6.662
44.83, -0.8000, -7.167
44.84, -0.8000, -6.534
44.85, -0.8000, -7.062
44.86, -0.8000, -6.913
44.87, -0.8000, -6.243
44.88, -0.8000, -7.663
44.89, -0.8000, -6.104
44.90, -0.8000, -7.817
44.91, -0.8000, -6.705
44.92, -0.8000, -7.403
44.93, -0.8000, -6.214
44.94, -0.8000, -6.904
44.95, -0.8000, -6.081
44.96, -0.8000, -6.427
44.97, -0.8000, -6.407
44.98, -0.8000, -5.670
44.99, -0.8000, -6.158
45.00, 0.000, -6.379
45.01, 0.001000, 53.18
45.02, 0.002000, 23.96
45.03, 0.003000, 16.48
45.04, 0.004000, 10.37
45.05, 0.005000, 10.09
45.06, 0.006000, 8.092
45.07, 0.007000, 5.867
45.08, 0.008000, 5.608
45.09, 0.009000, 3.251
45.10, 0.01000, 2.506
45.11, 0.01100, 1.724
45.12, 0.01200, 2.623
45.13, 0.01300, 0.2140
45.14, 0.01400, 2.787
45.15, 0.01500, -0.5355
45.16, 0.01600, -1.763
45.17, 0.01700, 0.1045
45.18, 0.01800, 0.05623
45.19, 0.01900, -0.5694
45.20, 0.02000, -1.599
45.21, 0.02100, 1.298
45.22, 0.02200, -0.7239
45.23, 0.02300, -2.721
45.24, 0.02400, -1.971
45.25, 0.02500, -1.741
45.26, 0.02600, -2.753
45.27, 0.02700, -0.8503
45.28, 0.02800, -1.436
45.29, 0.02900, -0.6446
45.30, 0.03000, -0.1546
45.31, 0.03100, -0.7199
45.32, 0.03200, -2.843
45.33, 0.03300, -2.076
45.34, 0.03400, -1.829
45.35, 0.03500, -1.193
45.36, 0.03600, -1.186
45.37, 0.03700, -0.8363
45.38, 0.03800, -2.715
45.39, 0.03900, -1.874
45.40, 0.04000, -2.871
45.41, 0.04100, -1.679
45.42, 0.04200, -2.565
45.43, 0.04300, -2.080
45.44, 0.04400, -2.488
45.45, 0.04500, -3.033
45.46, 0.04600, -2.741
45.47, 0.04700, -3.376
45.48, 0.04800, -4.692
45.49, 0.04900, -3.116
45.50, 0.05000, -2.985
45.51, 0.05100, -0.7045
45.52, 0.05200, -3.906
45.53, 0.05300, -3.123
45.54, 0.05400, -3.015
45.55, 0.05500, -1.728
45.56, 0.05600, -3.102
45.57, 0.05700, -2.644
45.58, 0.05800, -3.136
45.59, 0.05900, -4.448
45.60, 0.06000, -3.850
45.61, 0.06100, -2.799
45.62, 0.06200, -3.757
45.63, 0.06300, -1.718
45.64, 0.06400, -2.357
45.65, 0.06500, -3.880
45.66, 0.06600, -1.664
45.67, 0.06700, -3.128
45.68, 0.06800, -3.157
45.69, 0.06900, -2.047
45.70, 0.07000, -2.669
45.71, 0.07100, -3.374
45.72, 0.07200, -3.612
45.73, 0.07300, -0.6458
45.74, 0.07400, -2.916
45.75, 0.07500, -3.194
45.76, 0.07600, -3.909
45.77, 0.07700, -2.074
45.78, 0.07800, -1.741
45.79, 0.07900, -3.050
45.80, 0.08000, -2.116
45.81, 0.08100, -2.116
45.82, 0.08200, -2.967
45.83, 0.08300, -3.487
45.84, 0.08400, -2.494
45.85, 0.08500, -2.174
45.86, 0.08600, -1.213
45.87, 0.08700, -2.672
45.88, 0.08800, -3.200
45.89, 0.08900, -4.270
45.90, 0.09000, -1.985
45.91, 0.09100, -2.037
45.92, 0.09200, -2.975
45.93, 0.09300, -4.461
45.94, 0.09400, -2.169
45.95, 0.09500, -2.011
45.96, 0.09600, -2.746
45.97, 0.09700, -3.479
45.98, 0.09800, -1.285
45.99, 0.09900, -1.844
46.00, 0.1000, -4.326
46.01, 0.1010, -2.628
46.02, 0.1020, -3.896
46.03, 0.1030, -2.672
46.04, 0.1040, -4.214
46.05, 0.1050, -3.099
46.06, 0.1060, -2.799
46.07, 0.1070, -1.943
46.08, 0.1080, -2.577
46.09, 0.1090, -2.480
46.10, 0.1100, -3.496
46.11, 0.1110, -3.718
46.12, 0.1120, -1.328
46.13, 0.1130, -2.917
46.14, 0.1140, -1.778
46.15, 0.1150, -2.445
46.16, 0.1160, -2.503
46.17, 0.1170, -1.902
46.18, 0.1180, -3.269
46.19, 0.1190, -3.452
46.20, 0.1200, -2.813
46.21, 0.1210, -2.762
46.22, 0.1220, -2.466
46.23, 0.1230, -2.864
46.24, 0.1240, -2.442
46.25, 0.1250, -3.896
46.26, 0.1260, -1.777
46.27, 0.1270, -2.694
46.28, 0.1280, -3.118
46.29, 0.1290, -2.804
46.30, 0.1300, -2.436
46.31, 0.1310, -2.058
46.32, 0.1320, -3.471
46.33, 0.1330, -4.539
46.34, 0.1340, -2.507
46.35, 0.1350, -3.510
46.36, 0.1360, -2.363
46.37, 0.1370, -2.188
46.38, 0.1380, -2.275
46.39, 0.1390, -2.098
46.40, 0.1400, -2.204
46.41, 0.1410, -2.288
46.42, 0.1420, -1.979
46.43, 0.1430, -4.130
46.44, 0.1440, -4.514
46.45, 0.1450, -2.157
46.46, 0.1460, -3.497
46.47, 0.1470, -1.951
46.48, 0.1480, -1.065
46.49, 0.1490, -3.499
46.50, 0.1500, -2.065
46.51, 0.1510, -3.095
46.52, 0.1520, -1.171
46.53, 0.1530, -1.442
46.54, 0.1540, -2.047
46.55, 0.1550, -0.5141
46.56, 0.1560, -1.648
46.57, 0.1570, -3.863
46.58, 0.1580, -3.662
46.59, 0.1590, -2.074
46.60, 0.1600, -2.323
46.61, 0.1610, -3.068
46.62, 0.1620, -2.696
46.63, 0.1630, -2.021
46.64, 0.1640, -2.338
46.65, 0.1650, -3.090
46.66, 0.1660, -0.6942
46.67, 0.1670, -1.892
46.68, 0.1680, -0.8995
46.69, 0.1690, -2.694
46.70, 0.1700, -1.452
46.71, 0.1710, -2.536
46.72, 0.1720, -1.563
46.73, 0.1730, -1.859
46.74, 0.1740, -3.218
46.75, 0.1750, -3.410
46.76, 0.1760, -2.804
46.77, 0.1770, -3.263
46.78, 0.1780, -3.435
46.79, 0.1790, -2.181
46.80, 0.1800, -3.452
46.81, 0.1810, -2.455
46.82, 0.1820, -2.977
46.83, 0.1830, -1.872
46.84, 0.1840, -3.738
46.85, 0.1850, -0.5504
46.86, 0.1860, -2.032
46.87, 0.1870, -0.3843
46.88, 0.1880, -2.385
46.89, 0.1890, -3.088
46.90, 0.1900, -2.578
46.91, 0.1910, -2.403
46.92, 0.1920, -2.758
46.93, 0.1930, -2.678
46.94, 0.1940, -0.9239
46.95, 0.1950, -1.980
46.96, 0.1960, -1.534
46.97, 0.1970, -1.928
46.98, 0.1980, -1.307
46.99, 0.1990, -1.323
47.00, 0.2000, -2.182
47.01, 0.2010, -1.631
47.02, 0.2020, -1.495
47.03, 0.2030, -1.563
47.04, 0.2040, -0.8590
47.05, 0.2050, -1.673
47.06, 0.2060, -0.7563
47.07, 0.2070, -2.080
47.08, 0.2080, -3.745
47.09, 0.2090, -1.617
47.10, 0.2100, -0.9941
47.11, 0.2110, -0.7247
47.12, 0.2120, -1.943
47.13, 0.2130, -0.4824
47.14, 0.2140, -1.610
47.15, 0.2150, -1.305
47.16, 0.2160, -2.091
47.17, 0.2170, -0.4452
47.18, 0.2180, -0.5613
47.19, 0.2190, -0.3978
47.20, 0.2200, -2.011
47.21, 0.2210, -1.552
47.22, 0.2220, -1.090
47.23, 0.2230, -0.07086
47.24, 0.2240, -0.3370
47.25, 0.2250, -1.260
47.26, 0.2260, -1.454
47.27, 0.2270, -0.8362
47.28, 0.2280, -1.121
47.29, 0.2290, -1.856
47.30, 0.2300, -0.5601
47.31, 0.2310, -2.485
47.32, 0.2320, -1.776
47.33, 0.2330, -0.5741
47.34, 0.2340, 0.4308
47.35, 0.2350, -0.9577
47.36, 0.2360, -0.1151
47.37, 0.2370, 2.034
47.38, 0.2380, -0.4729
47.39, 0.2390, -1.155
47.40, 0.2400, 1.348
47.41, 0.2410, -0.1964
47.42, 0.2420, -1.291
47.43, 0.2430, -1.024
47.44, 0.2440, 0.9048
47.45, 0.2450, -2.331
47.46, 0.2460, 0.4816
47.47, 0.2470, -0.7435
47.48, 0.2480, 1.321
47.49, 0.2490, -0.4705
47.50, 0.2500, 0.8658
47.51, 0.2510, 0.2563
47.52, 0.2520, -0.7997
47.53, 0.2530, 0.5691
47.54, 0.2540, -0.6391
47.55, 0.2550, 0.005106
47.56, 0.2560, 0.7160
47.57, 0.2570, 0.5124
47.58, 0.2580, 0.7824
47.59, 0.2590, -1.540
47.60, 0.2600, -0.4596
47.61, 0.2610, 0.9435
47.62, 0.2620, -0.5373
47.63, 0.2630, 0.7393
47.64, 0.2640, 0.6553
47.65, 0.2650, -0.4434
47.66, 0.2660, 1.182
47.67, 0.2670, 1.254
47.68, 0.2680, 0.5099
47.69, 0.2690, 2.259
47.70, 0.2700, 1.052
47.71, 0.2710, -0.4824
47.72, 0.2720, 1.759
47.73, 0.2730, 0.9954
47.74, 0.2740, 1.555
47.75, 0.2750, 1.653
47.76, 0.2760, 2.138
47.77, 0.2770, 3.050
47.78, 0.2780, 1.501
47.79, 0.2790, 2.395
47.80, 0.2800, 1.429
47.81, 0.2810, 4.232
47.82, 0.2820, 2.100
47.83, 0.2830, 4.625
47.84, 0.2840, 3.557
47.85, 0.2850, 4.221
47.86, 0.2860, 3.184
47.87, 0.2870, 2.924
47.88, 0.2880, 2.872
47.89, 0.2890, 2.226
47.90, 0.2900, 1.670
47.91, 0.2910, 4.181
47.92, 0.2920, 4.009
47.93, 0.2930, 5.293
47.94, 0.2940, 3.798
47.95, 0.2950, 5.787
47.96, 0.2960, 3.246
47.97, 0.2970, 5.575
47.98, 0.2980, 4.944
47.99, 0.2990, 3.310
48.00, 0.3000, 4.169
48.01, 0.3010, 5.854
48.02, 0.3020, 5.130
48.03, 0.3030, 4.445
48.04, 0.3040, 6.225
48.05, 0.3050, 5.075
48.06, 0.3060, 6.252
48.07, 0.3070, 4.723
48.08, 0.3080, 4.212
48.09, 0.3090, 6.755
48.10, 0.3100, 7.302
48.11, 0.3110, 6.229
48.12, 0.3120, 5.328
48.13, 0.3130, 5.746
48.14, 0.3140, 4.567
48.15, 0.3150, 7.136
48.16, 0.3160, 4.845
48.17, 0.3170, 5.323
48.18, 0.3180, 6.868
48.19, 0.3190, 7.510
48.20, 0.3200, 7.085
48.21, 0.3210, 7.763
48.22, 0.3220, 7.400
48.23, 0.3230, 8.480
48.24, 0.3240, 7.170
48.25, 0.3250, 7.271
48.26, 0.3260, 8.639
48.27, 0.3270, 6.906
48.28, 0.3280, 7.603
48.29, 0.3290, 7.910
48.30, 0.3300, 7.200
48.31, 0.3310, 7.870
48.32, 0.3320, 9.336
48.33, 0.3330, 9.219
48.34, 0.3340, 8.928
48.35, 0.3350, 8.864
48.36, 0.3360, 9.811
48.37, 0.3370, 9.067
48.38, 0.3380, 8.538
48.39, 0.3390, 10.19
48.40, 0.3400, 10.20
48.41, 0.3410, 10.05
48.42, 0.3420, 10.56
48.43, 0.3430, 8.903
48.44, 0.3440, 10.00
48.45, 0.3450, 9.180
48.46, 0.3460, 10.80
48.47, 0.3470, 10.36
48.48, 0.3480, 10.60
48.49, 0.3490, 10.56
48.50, 0.3500, 9.543
48.51, 0.3510, 11.35
48.52, 0.3520, 9.609
48.53, 0.3530, 11.64
48.54, 0.3540, 10.56
48.55, 0.3550, 10.72
48.56, 0.3560, 9.849
48.57, 0.3570, 12.12
48.58, 0.3580, 11.92
48.59, 0.3590, 12.75
48.60, 0.3600, 12.58
48.61, 0.3610, 12.34
48.62, 0.3620, 11.32
48.63, 0.3630, 12.14
48.64, 0.3640, 13.23
48.65, 0.3650, 12.48
48.66, 0.3660, 12.22
48.67, 0.3670, 13.41
48.68, 0.3680, 13.30
48.69, 0.3690, 13.26
48.70, 0.3700, 13.66
48.71, 0.3710, 14.80
48.72, 0.3720, 13.63
48.73, 0.3730, 13.57
48.74, 0.3740, 14.32
48.75, 0.3750, 13.29
48.76, 0.3760, 13.02
48.77, 0.3770, 14.89
48.78, 0.3780, 14.34
48.79, 0.3790, 14.84
48.80, 0.3800, 14.19
48.81, 0.3810, 13.87
48.82, 0.3820, 14.77
48.83, 0.3830, 14.72
48.84, 0.3840, 14.14
48.85, 0.3850, 15.23
48.86, 0.3860, 14.96
48.87, 0.3870, 14.67
48.88, 0.3880, 16.15
48.89, 0.3890, 16.34
48.90, 0.3900, 14.73
48.91, 0.3910, 16.45
48.92, 0.3920, 16.00
48.93, 0.3930, 16.14
48.94, 0.3940, 16.86
48.95, 0.3950, 16.29
48.96, 0.3960, 15.82
48.97, 0.3970, 17.11
48.98, 0.3980, 17.42
48.99, 0.3990, 17.25
49.00, 0.4000, 17.19
49.01, 0.4010, 18.23
49.02, 0.4020, 19.00
49.03, 0.4030, 17.69
49.04, 0.4040, 17.78
49.05, 0.4050, 18.40
49.06, 0.4060, 18.81
49.07, 0.4070, 18.36
49.08, 0.4080, 17.73
49.09, 0.4090, 19.78
49.10, 0.4100, 19.73
49.11, 0.4110, 18.77
49.12, 0.4120, 18.75
49.13, 0.4130, 19.32
49.14, 0.4140, 20.10
49.15, 0.4150, 19.64
49.16, 0.4160, 19.80
49.17, 0.4170, 19.26
49.18, 0.4180, 19.85
49.19, 0.4190, 20.17
49.20, 0.4200, 20.11
49.21, 0.4210, 20.82
49.22, 0.4220, 20.02
49.23, 0.4230, 20.56
49.24, 0.4240, 18.77
49.25, 0.4250, 18.76
49.26, 0.4260, 20.81
49.27, 0.4270, 20.22
49.28, 0.4280, 21.85
49.29, 0.4290, 19.95
49.30, 0.4300, 21.91
49.31, 0.4310, 19.61
49.32, 0.4320, 22.28
49.33, 0.4330, 20.57
49.34, 0.4340, 22.38
49.35, 0.4350, 20.48
49.36, 0.4360, 20.60
49.37, 0.4370, 20.68
49.38, 0.4380, 21.43
49.39, 0.4390, 20.46
49.40, 0.4400, 20.62
49.41, 0.4410, 22.31
49.42, 0.4420, 20.96
49.43, 0.4430, 23.09
49.44, 0.4440, 20.63
49.45, 0.4450, 23.45
49.46, 0.4460, 23.77
49.47, 0.4470, 23.39
49.48, 0.4480, 23.10
49.49, 0.4490, 25.89
49.50, 0.4500, 22.86
49.51, 0.4510, 24.16
49.52, 0.4520, 22.93
49.53, 0.4530, 23.97
49.54, 0.4540, 23.56
49.55, 0.4550, 23.48
49.56, 0.4560, 23.04
49.57, 0.4570, 23.44
49.58, 0.4580, 25.48
49.59, 0.4590, 24.26
49.60, 0.4600, 23.68
49.61, 0.4610, 25.38
49.62, 0.4620, 24.64
49.63, 0.4630, 24.58
49.64, 0.4640, 24.92
49.65, 0.4650, 25.22
49.66, 0.4660, 24.28
49.67, 0.4670, 26.27
49.68, 0.4680, 23.17
49.69, 0.4690, 24.39
49.70, 0.4700, 25.52
49.71, 0.4710, 24.67
49.72, 0.4720, 25.17
49.73, 0.4730, 25.28
49.74, 0.4740, 25.31
49.75, 0.4750, 25.09
49.76, 0.4760, 25.38
49.77, 0.4770, 25.23
49.78, 0.4780, 24.58
49.79, 0.4790, 25.06
49.80, 0.4800, 26.44
49.81, 0.4810, 25.14
49.82, 0.4820, 25.63
49.83, 0.4830, 24.94
49.84, 0.4840, 24.67
49.85, 0.4850, 26.59
49.86, 0.4860, 25.00
49.87, 0.4870, 26.40
49.88, 0.4880, 25.93
49.89, 0.4890, 26.70
49.90, 0.4900, 27.53
49.91, 0.4910, 26.38
49.92, 0.4920, 27.75
49.93, 0.4930, 27.08
49.94, 0.4940, 28.20
49.95, 0.4950, 27.83
49.96, 0.4960, 27.51
49.97, 0.4970, 27.97
49.98, 0.4980, 28.13
49.99, 0.4990, 27.06
50.00, 0.5000, 27.80
50.01, 0.5010, 27.13
50.02, 0.5020, 27.00
50.03, 0.5030, 26.89
50.04, 0.5040, 26.24
50.05, 0.5050, 26.60
50.06, 0.5060, 26.89
50.07, 0.5070, 27.80
50.08, 0.5080, 26.92
50.09, 0.5090, 27.22
50.10, 0.5100, 28.33
50.11, 0.5110, 26.77
50.12, 0.5120, 27.76
50.13, 0.5130, 26.50
50.14, 0.5140, 29.05
50.15, 0.5150, 27.57
50.16, 0.5160, 27.55
50.17, 0.5170, 27.13
50.18, 0.5180, 27.76
50.19, 0.5190, 27.61
50.20, 0.5200, 28.04
50.21, 0.5210, 28.67
50.22, 0.5220, 28.55
50.23, 0.5230, 27.12
50.24, 0.5240, 27.93
50.25, 0.5250, 27.43
50.26, 0.5260, 28.48
50.27, 0.5270, 27.97
50.28, 0.5280, 27.73
50.29, 0.5290, 28.16
50.30, 0.5300, 27.92
50.31, 0.5310, 28.71
50.32, 0.5320, 28.22
50.33, 0.5330, 27.94
50.34, 0.5340, 27.89
50.35, 0.5350, 29.46
50.36, 0.5360, 28.18
50.37, 0.5370, 28.78
50.38, 0.5380, 29.48
50.39, 0.5390, 27.77
50.40, 0.5400, 28.80
50.41, 0.5410, 27.13
50.42, 0.5420, 29.13
50.43, 0.5430, 29.31
50.44, 0.5440, 27.99
50.45, 0.5450, 28.65
50.46, 0.5460, 27.47
50.47, 0.5470, 28.79
50.48, 0.5480, 28.33
50.49, 0.5490, 27.78
50.50, 0.5500, 29.28
50.51, 0.5510, 27.47
50.52, 0.5520, 28.84
50.53, 0.5530, 29.39
50.54, 0.5540, 28.30
50.55, 0.5550, 29.31
50.56, 0.5560, 29.62
50.57, 0.5570, 27.71
50.58, 0.5580, 28.93
50.59, 0.5590, 28.71
50.60, 0.5600, 28.07
50.61, 0.5610, 29.40
50.62, 0.5620, 28.83
50.63, 0.5630, 28.44
50.64, 0.5640, 28.82
50.65, 0.5650, 29.76
50.66, 0.5660, 28.56
50.67, 0.5670, 28.51
50.68, 0.5680, 28.43
50.69, 0.5690, 28.58
50.70, 0.5700, 28.50
50.71, 0.5710, 28.84
50.72, 0.5720, 29.04
50.73, 0.5730, 29.49
50.74, 0.5740, 29.28
50.75, 0.5750, 29.56
50.76, 0.5760, 30.22
50.77, 0.5770, 29.45
50.78, 0.5780, 29.73
50.79, 0.5790, 30.41
50.80, 0.5800, 28.03
50.81, 0.5810, 28.67
50.82, 0.5820, 29.64
50.83, 0.5830, 29.98
50.84, 0.5840, 29.91
50.85, 0.5850, 30.19
50.86, 0.5860, 28.28
50.87, 0.5870, 29.17
50.88, 0.5880, 30.25
50.89, 0.5890, 28.80
50.90, 0.5900, 27.74
50.91, 0.5910, 28.26
50.92, 0.5920, 28.65
50.93, 0.5930, 27.82
50.94, 0.5940, 28.09
50.95, 0.5950, 29.28
50.96, 0.5960, 29.44
50.97, 0.5970, 28.69
50.98, 0.5980, 30.08
50.99, 0.5990, 28.99
51.00, 0.6000, 28.13
51.01, 0.6010, 29.07
51.02, 0.6020, 28.63
51.03, 0.6030, 27.40
51.04, 0.6040, 29.19
51.05, 0.6050, 30.02
51.06, 0.6060, 29.49
51.07, 0.6070, 29.98
51.08, 0.6080, 28.78
51.09, 0.6090, 29.15
51.10, 0.6100, 29.02
51.11, 0.6110, 30.32
51.12, 0.6120, 30.23
51.13, 0.6130, 30.17
51.14, 0.6140, 29.03
51.15, 0.6150, 28.49
51.16, 0.6160, 30.04
51.17, 0.6170, 29.73
51.18, 0.6180, 28.76
51.19, 0.6190, 28.50
51.20, 0.6200, 29.18
51.21, 0.6210, 28.54
51.22, 0.6220, 29.32
51.23, 0.6230, 29.85
51.24, 0.6240, 31.12
51.25, 0.6250, 29.53
51.26, 0.6260, 28.52
51.27, 0.6270, 28.55
51.28, 0.6280, 28.71
51.29, 0.6290, 28.79
51.30, 0.6300, 29.83
51.31, 0.6310, 30.25
51.32, 0.6320, 28.82
51.33, 0.6330, 29.16
51.34, 0.6340, 28.38
51.35, 0.6350, 29.10
51.36, 0.6360, 29.24
51.37, 0.6370, 27.46
51.38, 0.6380, 28.05
51.39, 0.6390, 30.21
51.40, 0.6400, 29.43
51.41, 0.6410, 29.15
51.42, 0.6420, 27.61
51.43, 0.6430, 28.47
51.44, 0.6440, 28.65
51.45, 0.6450, 28.78
51.46, 0.6460, 28.94
51.47, 0.6470, 28.09
51.48, 0.6480, 29.68
51.49, 0.6490, 28.68
51.50, 0.6500, 28.83
51.51, 0.6510, 29.43
51.52, 0.6520, 28.25
51.53, 0.6530, 30.10
51.54, 0.6540, 28.36
51.55, 0.6550, 29.76
51.56, 0.6560, 28.99
51.57, 0.6570, 29.09
51.58, 0.6580, 28.98
51.59, 0.6590, 28.06
51.60, 0.6600, 29.96
51.61, 0.6610, 29.39
51.62, 0.6620, 30.12
51.63, 0.6630, 29.89
51.64, 0.6640, 30.74
51.65, 0.6650, 29.80
51.66, 0.6660, 28.41
51.67, 0.6670, 28.81
51.68, 0.6680, 29.08
51.69, 0.6690, 30.26
51.70, 0.6700, 29.89
51.71, 0.6710, 29.88
51.72, 0.6720, 28.85
51.73, 0.6730, 28.53
51.74, 0.6740, 29.65
51.75, 0.6750, 30.02
51.76, 0.6760, 29.98
51.77, 0.6770, 30.33
51.78, 0.6780, 30.38
51.79, 0.6790, 27.90
51.80, 0.6800, 29.06
51.81, 0.6810, 29.92
51.82, 0.6820, 28.93
51.83, 0.6830, 29.50
51.84, 0.6840, 28.03
51.85, 0.6850, 29.22
51.86, 0.6860, 29.45
51.87, 0.6870, 30.10
51.88, 0.6880, 27.86
51.89, 0.6890, 29.22
51.90, 0.6900, 29.02
51.91, 0.6910, 29.63
51.92, 0.6920, 28.30
51.93, 0.6930, 29.04
51.94, 0.6940, 30.10
51.95, 0.6950, 29.33
51.96, 0.6960, 28.75
51.97, 0.6970, 30.15
51.98, 0.6980, 30.17
51.99, 0.6990, 30.70
52.00, 0.7000, 30.36
52.01, 0.7010, 29.40
52.02, 0.7020, 29.53
52.03, 0.7030, 29.85
52.04, 0.7040, 29.20
52.05, 0.7050, 29.27
52.06, 0.7060, 29.33
52.07, 0.7070, 30.26
52.08, 0.7080, 30.13
52.09, 0.7090, 29.11
52.10, 0.7100, 29.55
52.11, 0.7110, 29.53
52.12, 0.7120, 29.22
52.13, 0.7130, 29.48
52.14, 0.7140, 29.09
52.15, 0.7150, 29.13
52.16, 0.7160, 28.58
52.17, 0.7170, 29.63
52.18, 0.7180, 29.32
52.19, 0.7190, 30.49
52.20, 0.7200, 28.97
52.21, 0.7210, 30.49
52.22, 0.7220, 28.73
52.23, 0.7230, 28.66
52.24, 0.7240, 29.99
52.25, 0.7250, 28.35
52.26, 0.7260, 28.83
52.27, 0.7270, 28.16
52.28, 0.7280, 27.01
52.29, 0.7290, 29.23
52.30, 0.7300, 28.78
52.31, 0.7310, 30.13
52.32, 0.7320, 29.65
52.33, 0.7330, 27.69
52.34, 0.7340, 28.16
52.35, 0.7350, 28.87
52.36, 0.7360, 28.81
52.37, 0.7370, 29.27
52.38, 0.7380, 27.85
52.39, 0.7390, 28.58
52.40, 0.7400, 29.85
52.41, 0.7410, 30.02
52.42, 0.7420, 29.11
52.43, 0.7430, 27.68
52.44, 0.7440, 29.13
52.45, 0.7450, 29.57
52.46, 0.7460, 29.60
52.47, 0.7470, 30.17
52.48, 0.7480, 27.89
52.49, 0.7490, 29.37
52.50, 0.7500, 29.07
52.51, 0.7510, 28.70
52.52, 0.7520, 27.92
52.53, 0.7530, 28.68
52.54, 0.7540, 29.44
52.55, 0.7550, 28.50
52.56, 0.7560, 28.39
52.57, 0.7570, 29.94
52.58, 0.7580, 29.68
52.59, 0.7590, 29.80
52.60, 0.7600, 28.61
52.61, 0.7610, 28.68
52.62, 0.7620, 30.40
52.63, 0.7630, 29.11
52.64, 0.7640, 28.27
52.65, 0.7650, 29.11
52.66, 0.7660, 28.47
52.67, 0.7670, 27.49
52.68, 0.7680, 28.82
52.69, 0.7690, 26.91
52.70, 0.7700, 29.36
52.71, 0.7710, 27.38
52.72, 0.7720, 29.39
52.73, 0.7730, 28.99
52.74, 0.7740, 28.55
52.75, 0.7750, 28.17
52.76, 0.7760, 27.13
52.77, 0.7770, 27.86
52.78, 0.7780, 27.17
52.79, 0.7790, 27.98
52.80, 0.7800, 28.12
52.81, 0.7810, 28.02
52.82, 0.7820, 28.64
52.83, 0.7830, 26.81
52.84, 0.7840, 29.61
52.85, 0.7850, 28.02
52.86, 0.7860, 28.78
52.87, 0.7870, 27.66
52.88, 0.7880, 28.01
52.89, 0.7890, 30.25
52.90, 0.7900, 27.91
52.91, 0.7910, 29.52
52.92, 0.7920, 28.32
52.93, 0.7930, 29.10
52.94, 0.7940, 28.56
52.95, 0.7950, 26.95
52.96, 0.7960, 29.19
52.97, 0.7970, 28.63
52.98, 0.7980, 28.70
52.99, 0.7990, 29.33
53.00, 0.8000, 28.31
53.01, 0.8010, 27.81
53.02, 0.8020, 28.23
53.03, 0.8030, 29.68
53.04, 0.8040, 28.00
53.05, 0.8050, 29.84
53.06, 0.8060, 29.44
53.07, 0.8070, 29.20
53.08, 0.8080, 28.44
53.09, 0.8090, 29.21
53.10, 0.8100, 28.66
53.11, 0.8110, 28.31
53.12, 0.8120, 28.83
53.13, 0.8130, 29.10
53.14, 0.8140, 27.43
53.15, 0.8150, 27.49
53.16, 0.8160, 27.78
53.17, 0.8170, 28.14
53.18, 0.8180, 28.14
53.19, 0.8190, 27.88
53.20, 0.8200, 27.24
53.21, 0.8210, 28.36
53.22, 0.8220, 26.49
53.23, 0.8230, 27.08
53.24, 0.8240, 29.20
53.25, 0.8250, 27.63
53.26, 0.8260, 28.84
53.27, 0.8270, 27.37
53.28, 0.8280, 29.45
53.29, 0.8290, 28.53
53.30, 0.8300, 28.87
53.31, 0.8310, 27.39
53.32, 0.8320, 28.14
53.33, 0.8330, 27.21
53.34, 0.8340, 28.06
53.35, 0.8350, 27.27
53.36, 0.8360, 27.19
53.37, 0.8370, 28.22
53.38, 0.8380, 27.60
53.39, 0.8390, 29.16
53.40, 0.8400, 27.79
53.41, 0.8410, 27.33
53.42, 0.8420, 27.57
53.43, 0.8430, 27.25
53.44, 0.8440, 27.45
53.45, 0.8450, 26.56
53.46, 0.8460, 27.63
53.47, 0.8470, 27.30
53.48, 0.8480, 26.31
53.49, 0.8490, 28.12
53.50, 0.8500, 26.92
53.51, 0.8510, 26.59
53.52, 0.8520, 28.41
53.53, 0.8530, 28.73
53.54, 0.8540, 27.86
53.55, 0.8550, 27.27
53.56, 0.8560, 29.11
53.57, 0.8570, 25.78
53.58, 0.8580, 27.86
53.59, 0.8590, 27.43
53.60, 0.8600, 27.76
53.61, 0.8610, 28.25
53.62, 0.8620, 28.28
53.63, 0.8630, 27.28
53.64, 0.8640, 28.12
53.65, 0.8650, 27.96
53.66, 0.8660, 27.47
53.67, 0.8670, 29.26
53.68, 0.8680, 26.81
53.69, 0.8690, 28.41
53.70, 0.8700, 28.14
53.71, 0.8710, 28.07
53.72, 0.8720, 29.76
53.73, 0.8730, 26.69
53.74, 0.8740, 28.67
53.75, 0.8750, 28.65
53.76, 0.8760, 27.95
53.77, 0.8770, 28.13
53.78, 0.8780, 28.10
53.79, 0.8790, 29.33
53.80, 0.8800, 27.74
53.81, 0.8810, 27.81
53.82, 0.8820, 27.32
53.83, 0.8830, 27.98
53.84, 0.8840, 28.84
53.85, 0.8850, 28.00
53.86, 0.8860, 28.16
53.87, 0.8870, 26.54
53.88, 0.8880, 28.19
53.89, 0.8890, 28.67
53.90, 0.8900, 28.56
53.91, 0.8910, 28.00
53.92, 0.8920, 28.12
53.93, 0.8930, 25.83
53.94, 0.8940, 27.17
53.95, 0.8950, 26.80
53.96, 0.8960, 28.70
53.97, 0.8970, 26.50
53.98, 0.8980, 28.48
53.99, 0.8990, 27.41
54.00, 0.9000, 27.29
54.01, 0.9010, 28.26
54.02, 0.9020, 29.46
54.03, 0.9030, 27.93
54.04, 0.9040, 28.99
54.05, 0.9050, 27.44
54.06, 0.9060, 27.20
54.07, 0.9070, 27.42
54.08, 0.9080, 28.14
54.09, 0.9090, 29.63
54.10, 0.9100, 28.33
54.11, 0.9110, 27.58
54.12, 0.9120, 29.39
54.13, 0.9130, 28.02
54.14, 0.9140, 28.89
54.15, 0.9150, 27.44
54.16, 0.9160, 28.36
54.17, 0.9170, 28.89
54.18, 0.9180, 29.04
54.19, 0.9190, 29.17
54.20, 0.9200, 28.17
54.21, 0.9210, 28.37
54.22, 0.9220, 27.07
54.23, 0.9230, 28.53
54.24, 0.9240, 27.42
54.25, 0.9250, 28.13
54.26, 0.9260, 28.07
54.27, 0.9270, 27.61
54.28, 0.9280, 28.64
54.29, 0.9290, 29.31
54.30, 0.9300, 28.25
54.31, 0.9310, 29.13
54.32, 0.9320, 28.37
54.33, 0.9330, 27.04
54.34, 0.9340, 28.88
54.35, 0.9350, 27.35
54.36, 0.9360, 27.39
54.37, 0.9370, 27.12
54.38, 0.9380, 27.34
54.39, 0.9390, 28.91
54.40, 0.9400, 27.62
54.41, 0.9410, 27.78
54.42, 0.9420, 27.85
54.43, 0.9430, 28.85
54.44, 0.9440, 26.64
54.45, 0.9450, 29.34
54.46, 0.9460, 27.32
54.47, 0.9470, 28.31
54.48, 0.9480, 29.43
54.49, 0.9490, 30.02
54.50, 0.9500, 30.19
54.51, 0.9510, 28.68
54.52, 0.9520, 29.94
54.53, 0.9530, 29.56
54.54, 0.9540, 28.83
54.55, 0.9550, 29.05
54.56, 0.9560, 30.73
54.57, 0.9570, 30.05
54.58, 0.9580, 28.39
54.59, 0.9590, 29.07
54.60, 0.9600, 28.99
54.61, 0.9610, 28.22
54.62, 0.9620, 29.29
54.63, 0.9630, 28.87
54.64, 0.9640, 29.43
54.65, 0.9650, 29.15
54.66, 0.9660, 28.62
54.67, 0.9670, 27.87
54.68, 0.9680, 30.24
54.69, 0.9690, 29.27
54.70, 0.9700, 30.51
54.71, 0.9710, 29.13
54.72, 0.9720, 29.35
54.73, 0.9730, 30.31
54.74, 0.9740, 29.36
54.75, 0.9750, 29.45
54.76, 0.9760, 28.89
54.77, 0.9770, 30.28
54.78, 0.9780, 28.05
54.79, 0.9790, 29.86
54.80, 0.9800, 29.07
54.81, 0.9810, 29.60
54.82, 0.9820, 30.00
54.83, 0.9830, 30.12
54.84, 0.9840, 30.85
54.85, 0.9850, 30.12
54.86, 0.9860, 28.69
54.87, 0.9870, 29.67
54.88, 0.9880, 30.52
54.89, 0.9890, 29.86
54.90, 0.9900, 29.02
54.91, 0.9910, 29.90
54.92, 0.9920, 29.85
54.93, 0.9930, 30.69
54.94, 0.9940, 28.69
54.95, 0.9950, 30.98
54.96, 0.9960, 30.82
54.97, 0.9970, 31.82
54.98, 0.9980, 31.35
54.99, 0.9990, 31.66
55.00, 1.000, 30.50
55.01, 1.001, 28.41
55.02, 1.002, 30.77
55.03, 1.003, 30.19
55.04, 1.004, 30.48
55.05, 1.005, 30.65
55.06, 1.006, 29.73
55.07, 1.007, 31.16
55.08, 1.008, 31.41
55.09, 1.009, 30.19
55.10, 1.010, 29.97
55.11, 1.011, 29.94
55.12, 1.012, 28.19
55.13, 1.013, 31.08
55.14, 1.014, 31.23
55.15, 1.015, 29.93
55.16, 1.016, 30.41
55.17, 1.017, 30.95
55.18, 1.018, 30.86
55.19, 1.019, 31.81
55.20, 1.020, 30.39
55.21, 1.021, 30.64
55.22, 1.022, 30.60
55.23, 1.023, 31.30
55.24, 1.024, 30.05
55.25, 1.025, 30.18
55.26, 1.026, 31.69
55.27, 1.027, 31.55
55.28, 1.028, 31.02
55.29, 1.029, 29.53
55.30, 1.030, 30.79
55.31, 1.031, 31.04
55.32, 1.032, 31.92
55.33, 1.033, 30.30
55.34, 1.034, 31.55
55.35, 1.035, 29.65
55.36, 1.036, 31.51
55.37, 1.037, 31.94
55.38, 1.038, 32.31
55.39, 1.039, 31.79
55.40, 1.040, 31.83
55.41, 1.041, 31.12
55.42, 1.042, 30.74
55.43, 1.043, 31.01
55.44, 1.044, 32.09
55.45, 1.045, 30.75
55.46, 1.046, 32.75
55.47, 1.047, 31.53
55.48, 1.048, 32.30
55.49, 1.049, 31.57
55.50, 1.050, 32.62
55.51, 1.051, 30.82
55.52, 1.052, 32.34
55.53, 1.053, 32.45
55.54, 1.054, 31.69
55.55, 1.055, 32.27
55.56, 1.056, 31.31
55.57, 1.057, 33.03
55.58, 1.058, 32.48
55.59, 1.059, 32.57
55.60, 1.060, 33.30
55.61, 1.061, 33.80
55.62, 1.062, 32.38
55.63, 1.063, 31.92
55.64, 1.064, 31.61
55.65, 1.065, 32.97
55.66, 1.066, 32.40
55.67, 1.067, 31.96
55.68, 1.068, 32.96
55.69, 1.069, 34.26
55.70, 1.070, 33.67
55.71, 1.071, 32.32
55.72, 1.072, 32.15
55.73, 1.073, 34.33
55.74, 1.074, 34.48
55.75, 1.075, 35.25
55.76, 1.076, 33.40
55.77, 1.077, 34.71
55.78, 1.078, 33.78
55.79, 1.079, 34.03
55.80, 1.080, 33.46
55.81, 1.081, 33.63
55.82, 1.082, 32.70
55.83, 1.083, 34.20
55.84, 1.084, 35.34
55.85, 1.085, 34.55
55.86, 1.086, 35.14
55.87, 1.087, 33.46
55.88, 1.088, 35.19
55.89, 1.089, 33.67
55.90, 1.090, 35.02
55.91, 1.091, 34.73
55.92, 1.092, 36.45
55.93, 1.093, 33.79
55.94, 1.094, 35.33
55.95, 1.095, 34.66
55.96, 1.096, 34.19
55.97, 1.097, 34.74
55.98, 1.098, 33.84
55.99, 1.099, 35.04
56.00, 1.100, 34.66
56.01, 1.101, 33.97
56.02, 1.102, 34.62
56.03, 1.103, 36.99
56.04, 1.104, 34.84
56.05, 1.105, 35.50
56.06, 1.106, 35.32
56.07, 1.107, 35.15
56.08, 1.108, 36.67
56.09, 1.109, 35.66
56.10, 1.110, 37.24
56.11, 1.111, 36.72
56.12, 1.112, 35.45
56.13, 1.113, 35.27
56.14, 1.114, 36.76
56.15, 1.115, 36.01
56.16, 1.116, 36.32
56.17, 1.117, 36.83
56.18, 1.118, 36.97
56.19, 1.119, 36.81
56.20, 1.120, 37.62
56.21, 1.121, 37.43
56.22, 1.122, 37.68
56.23, 1.123, 38.43
56.24, 1.124, 38.18
56.25, 1.125, 38.71
56.26, 1.126, 38.13
56.27, 1.127, 38.04
56.28, 1.128, 38.23
56.29, 1.129, 38.11
56.30, 1.130, 39.15
56.31, 1.131, 38.51
56.32, 1.132, 37.50
56.33, 1.133, 38.22
56.34, 1.134, 38.18
56.35, 1.135, 38.15
56.36, 1.136, 38.29
56.37, 1.137, 38.92
56.38, 1.138, 38.62
56.39, 1.139, 38.48
56.40, 1.140, 40.00
56.41, 1.141, 39.15
56.42, 1.142, 40.72
56.43, 1.143, 40.35
56.44, 1.144, 39.05
56.45, 1.145, 39.88
56.46, 1.146, 40.17
56.47, 1.147, 40.11
56.48, 1.148, 41.87
56.49, 1.149, 40.65
56.50, 1.150, 39.52
56.51, 1.151, 40.25
56.52, 1.152, 42.05
56.53, 1.153, 42.50
56.54, 1.154, 41.49
56.55, 1.155, 41.74
56.56, 1.156, 43.72
56.57, 1.157, 41.82
56.58, 1.158, 41.58
56.59, 1.159, 42.33
56.60, 1.160, 42.30
56.61, 1.161, 42.03
56.62, 1.162, 42.43
56.63, 1.163, 43.47
56.64, 1.164, 44.98
56.65, 1.165, 43.58
56.66, 1.166, 45.35
56.67, 1.167, 44.53
56.68, 1.168, 44.75
56.69, 1.169, 45.93
56.70, 1.170, 44.67
56.71, 1.171, 46.43
56.72, 1.172, 44.79
56.73, 1.173, 45.35
56.74, 1.174, 46.60
56.75, 1.175, 46.84
56.76, 1.176, 45.66
56.77, 1.177, 44.65
56.78, 1.178, 45.20
56.79, 1.179, 46.34
56.80, 1.180, 45.74
56.81, 1.181, 46.00
56.82, 1.182, 47.42
56.83, 1.183, 46.88
56.84, 1.184, 47.18
56.85, 1.185, 48.04
56.86, 1.186, 47.16
56.87, 1.187, 50.21
56.88, 1.188, 48.82
56.89, 1.189, 50.21
56.90, 1.190, 48.79
56.91, 1.191, 50.65
56.92, 1.192, 48.79
56.93, 1.193, 49.38
56.94, 1.194, 48.79
56.95, 1.195, 50.17
56.96, 1.196, 49.65
56.97, 1.197, 49.23
56.98, 1.198, 51.84
56.99, 1.199, 51.64
57.00, 1.200, 50.45
57.01, 1.201, 50.68
57.02, 1.202, 53.39
57.03, 1.203, 53.07
57.04, 1.204, 51.10
57.05, 1.205, 52.93
57.06, 1.206, 52.91
57.07, 1.207, 54.71
57.08, 1.208, 54.80
57.09, 1.209, 55.28
57.10, 1.210, 55.50
57.11, 1.211, 55.04
57.12, 1.212, 55.15
57.13, 1.213, 54.62
57.14, 1.214, 55.03
57.15, 1.215, 56.52
57.16, 1.216, 56.30
57.17, 1.217, 54.92
57.18, 1.218, 55.24
57.19, 1.219, 57.34
57.20, 1.220, 58.30
57.21, 1.221, 59.19
57.22, 1.222, 58.18
57.23, 1.223, 57.82
57.24, 1.224, 58.44
57.25, 1.225, 58.84
57.26, 1.226, 57.94
57.27, 1.227, 59.12
57.28, 1.228, 59.65
57.29, 1.229, 58.96
57.30, 1.230, 60.72
57.31, 1.231, 60.45
57.32, 1.232, 60.73
57.33, 1.233, 60.27
57.34, 1.234, 62.34
57.35, 1.235, 63.46
57.36, 1.236, 62.26
57.37, 1.237, 60.74
57.38, 1.238, 61.89
57.39, 1.239, 63.80
57.40, 1.240, 64.07
57.41, 1.241, 62.39
57.42, 1.242, 63.87
57.43, 1.243, 62.77
57.44, 1.244, 64.35
57.45, 1.245, 64.77
57.46, 1.246, 65.87
57.47, 1.247, 66.79
57.48, 1.248, 66.41
57.49, 1.249, 68.00
57.50, 1.250, 67.95
57.51, 1.251, 66.34
57.52, 1.252, 66.53
57.53, 1.253, 66.93
57.54, 1.254, 68.20
57.55, 1.255, 68.34
57.56, 1.256, 67.44
57.57, 1.257, 66.46
57.58, 1.258, 68.78
57.59, 1.259, 68.04
57.60, 1.260, 68.58
57.61, 1.261, 69.61
57.62, 1.262, 68.75
57.63, 1.263, 70.84
57.64, 1.264, 69.43
57.65, 1.265, 69.57
57.66, 1.266, 71.26
57.67, 1.267, 69.90
57.68, 1.268, 70.88
57.69, 1.269, 71.41
57.70, 1.270, 71.91
57.71, 1.271, 71.15
57.72, 1.272, 72.68
57.73, 1.273, 72.38
57.74, 1.274, 73.32
57.75, 1.275, 73.37
57.76, 1.276, 72.48
57.77, 1.277, 73.25
57.78, 1.278, 74.73
57.79, 1.279, 74.17
57.80, 1.280, 74.08
57.81, 1.281, 74.69
57.82, 1.282, 73.40
57.83, 1.283, 74.32
57.84, 1.284, 75.52
57.85, 1.285, 76.03
57.86, 1.286, 76.05
57.87, 1.287, 77.90
57.88, 1.288, 76.57
57.89, 1.289, 76.57
57.90, 1.290, 77.33
57.91, 1.291, 78.43
57.92, 1.292, 78.61
57.93, 1.293, 79.99
57.94, 1.294, 80.03
57.95, 1.295, 78.38
57.96, 1.296, 81.05
57.97, 1.297, 80.42
57.98, 1.298, 79.29
57.99, 1.299, 80.45
58.00, 1.300, 81.63
58.01, 1.301, 80.33
58.02, 1.302, 80.13
58.03, 1.303, 79.85
58.04, 1.304, 79.72
58.05, 1.305, 81.86
58.06, 1.306, 81.31
58.07, 1.307, 81.09
58.08, 1.308, 81.54
58.09, 1.309, 83.25
58.10, 1.310, 82.36
58.11, 1.311, 83.35
58.12, 1.312, 82.95
58.13, 1.313, 84.24
58.14, 1.314, 82.87
58.15, 1.315, 83.52
58.16, 1.316, 83.53
58.17, 1.317, 84.14
58.18, 1.318, 82.09
58.19, 1.319, 82.89
58.20, 1.320, 84.66
58.21, 1.321, 85.82
58.22, 1.322, 83.92
58.23, 1.323, 85.12
58.24, 1.324, 85.54
58.25, 1.325, 86.85
58.26, 1.326, 86.89
58.27, 1.327, 86.46
58.28, 1.328, 84.98
58.29, 1.329, 85.73
58.30, 1.330, 85.47
58.31, 1.331, 86.22
58.32, 1.332, 86.50
58.33, 1.333, 88.09
58.34, 1.334, 88.16
58.35, 1.335, 87.49
58.36, 1.336, 87.61
58.37, 1.337, 86.80
58.38, 1.338, 88.26
58.39, 1.339, 86.18
58.40, 1.340, 87.97
58.41, 1.341, 88.50
58.42, 1.342, 89.44
58.43, 1.343, 90.12
58.44, 1.344, 88.20
58.45, 1.345, 88.30
58.46, 1.346, 89.75
58.47, 1.347, 88.87
58.48, 1.348, 88.56
58.49, 1.349, 90.43
58.50, 1.350, 87.58
58.51, 1.351, 88.73
58.52, 1.352, 88.10
58.53, 1.353, 89.15
58.54, 1.354, 89.66
58.55, 1.355, 89.69
58.56, 1.356, 89.38
58.57, 1.357, 89.98
58.58, 1.358, 91.33
58.59, 1.359, 88.85
58.60, 1.360, 90.34
58.61, 1.361, 88.31
58.62, 1.362, 90.31
58.63, 1.363, 91.03
58.64, 1.364, 90.96
58.65, 1.365, 90.20
58.66, 1.366, 90.77
58.67, 1.367, 90.20
58.68, 1.368, 90.66
58.69, 1.369, 90.64
58.70, 1.370, 90.81
58.71, 1.371, 90.80
58.72, 1.372, 92.54
58.73, 1.373, 91.56
58.74, 1.374, 91.42
58.75, 1.375, 89.46
58.76, 1.376, 91.60
58.77, 1.377, 91.42
58.78, 1.378, 90.07
58.79, 1.379, 91.47
58.80, 1.380, 93.49
58.81, 1.381, 91.37
58.82, 1.382, 92.43
58.83, 1.383, 90.74
58.84, 1.384, 93.55
58.85, 1.385, 91.58
58.86, 1.386, 90.88
58.87, 1.387, 90.45
58.88, 1.388, 90.94
58.89, 1.389, 91.93
58.90, 1.390, 90.70
58.91, 1.391, 92.67
58.92, 1.392, 91.06
58.93, 1.393, 93.26
58.94, 1.394, 91.73
58.95, 1.395, 93.37
58.96, 1.396, 90.81
58.97, 1.397, 92.17
58.98, 1.398, 91.75
58.99, 1.399, 94.05
59.00, 1.400, 91.71
59.01, 1.401, 91.77
59.02, 1.402, 91.89
59.03, 1.403, 94.14
59.04, 1.404, 93.78
59.05, 1.405, 94.69
59.06, 1.406, 93.08
59.07, 1.407, 91.80
59.08, 1.408, 92.57
59.09, 1.409, 92.28
59.10, 1.410, 92.56
59.11, 1.411, 93.32
59.12, 1.412, 93.14
59.13, 1.413, 93.97
59.14, 1.414, 94.38
59.15, 1.415, 93.55
59.16, 1.416, 93.53
59.17, 1.417, 94.55
59.18, 1.418, 95.42
59.19, 1.419, 95.71
59.20, 1.420, 93.01
59.21, 1.421, 95.78
59.22, 1.422, 93.87
59.23, 1.423, 94.79
59.24, 1.424, 93.23
59.25, 1.425, 95.35
59.26, 1.426, 94.83
59.27, 1.427, 93.98
59.28, 1.428, 94.43
59.29, 1.429, 93.57
59.30, 1.430, 93.88
59.31, 1.431, 94.32
59.32, 1.432, 94.46
59.33, 1.433, 95.53
59.34, 1.434, 93.74
59.35, 1.435, 95.13
59.36, 1.436, 93.55
59.37, 1.437, 94.81
59.38, 1.438, 95.17
59.39, 1.439, 94.13
59.40, 1.440, 95.24
59.41, 1.441, 94.94
59.42, 1.442, 92.75
59.43, 1.443, 94.81
59.44, 1.444, 95.79
59.45, 1.445, 94.43
59.46, 1.446, 93.04
59.47, 1.447, 94.38
59.48, 1.448, 94.66
59.49, 1.449, 95.33
59.50, 1.450, 97.05
59.51, 1.451, 96.16
59.52, 1.452, 95.57
59.53, 1.453, 95.70
59.54, 1.454, 95.25
59.55, 1.455, 96.22
59.56, 1.456, 97.73
59.57, 1.457, 97.95
59.58, 1.458, 97.92
59.59, 1.459, 95.88
59.60, 1.460, 97.64
59.61, 1.461, 97.03
59.62, 1.462, 97.16
59.63, 1.463, 97.49
59.64, 1.464, 98.09
59.65, 1.465, 98.02
59.66, 1.466, 98.57
59.67, 1.467, 97.40
59.68, 1.468, 97.98
59.69, 1.469, 97.99
59.70, 1.470, 97.46
59.71, 1.471, 98.19
59.72, 1.472, 98.13
59.73, 1.473, 99.37
59.74, 1.474, 98.25
59.75, 1.475, 97.69
59.76, 1.476, 97.98
59.77, 1.477, 96.84
59.78, 1.478, 99.89
59.79, 1.479, 99.73
59.80, 1.480, 100.3
59.81, 1.481, 98.15
59.82, 1.482, 98.40
59.83, 1.483, 97.85
59.84, 1.484, 98.51
59.85, 1.485, 98.30
59.86, 1.486, 99.65
59.87, 1.487, 99.43
59.88, 1.488, 98.89
59.89, 1.489, 98.57
59.90, 1.490, 98.00
59.91, 1.491, 99.62
59.92, 1.492, 100.1
59.93, 1.493, 99.83
59.94, 1.494, 100.1
59.95, 1.495, 99.21
59.96, 1.496, 100.8
59.97, 1.497, 101.2
59.98, 1.498, 101.3
59.99, 1.499, 101.3
60.00, 1.500, 100.4
60.01, 1.501, 99.05
60.02, 1.502, 99.88
60.03, 1.503, 99.84
60.04, 1.504, 100.2
60.05, 1.505, 100.0
60.06, 1.506, 101.5
60.07, 1.507, 101.0
60.08, 1.508, 102.0
60.09, 1.509, 101.4
60.10, 1.510, 101.6
60.11, 1.511, 102.1
60.12, 1.512, 102.9
60.13, 1.513, 101.7
60.14, 1.514, 101.8
60.15, 1.515, 102.4
60.16, 1.516, 100.7
60.17, 1.517, 101.8
60.18, 1.518, 100.5
60.19, 1.519, 102.8
60.20, 1.520, 102.7
60.21, 1.521, 101.9
60.22, 1.522, 103.6
60.23, 1.523, 103.8
60.24, 1.524, 104.6
60.25, 1.525, 101.8
60.26, 1.526, 103.8
60.27, 1.527, 104.8
60.28, 1.528, 105.3
60.29, 1.529, 103.9
60.30, 1.530, 104.8
60.31, 1.531, 104.4
60.32, 1.532, 104.7
60.33, 1.533, 105.6
60.34, 1.534, 105.2
60.35, 1.535, 106.9
60.36, 1.536, 104.7
60.37, 1.537, 105.3
60.38, 1.538, 106.3
60.39, 1.539, 105.9
60.40, 1.540, 108.0
60.41, 1.541, 105.8
60.42, 1.542, 107.5
60.43, 1.543, 107.5
60.44, 1.544, 106.2
60.45, 1.545, 106.7
60.46, 1.546, 108.3
60.47, 1.547, 108.4
60.48, 1.548, 107.1
60.49, 1.549, 108.6
60.50, 1.550, 110.2
60.51, 1.551, 109.4
60.52, 1.552, 110.0
60.53, 1.553, 109.8
60.54, 1.554, 109.4
60.55, 1.555, 108.7
60.56, 1.556, 109.7
60.57, 1.557, 109.2
60.58, 1.558, 108.9
60.59, 1.559, 109.2
60.60, 1.560, 109.8
60.61, 1.561, 111.2
60.62, 1.562, 111.8
60.63, 1.563, 109.8
60.64, 1.564, 109.6
60.65, 1.565, 110.2
60.66, 1.566, 110.5
60.67, 1.567, 110.2
60.68, 1.568, 112.9
60.69, 1.569, 111.5
60.70, 1.570, 111.1
60.71, 1.571, 111.4
60.72, 1.572, 110.0
60.73, 1.573, 112.9
60.74, 1.574, 112.3
60.75, 1.575, 113.3
60.76, 1.576, 111.6
60.77, 1.577, 112.4
60.78, 1.578, 111.9
60.79, 1.579, 114.2
60.80, 1.580, 112.3
60.81, 1.581, 113.6
60.82, 1.582, 115.5
60.83, 1.583, 113.5
60.84, 1.584, 112.2
60.85, 1.585, 113.2
60.86, 1.586, 115.9
60.87, 1.587, 115.3
60.88, 1.588, 117.9
60.89, 1.589, 115.9
60.90, 1.590, 116.2
60.91, 1.591, 117.4
60.92, 1.592, 119.0
60.93, 1.593, 118.1
60.94, 1.594, 117.2
60.95, 1.595, 117.2
60.96, 1.596, 117.7
60.97, 1.597, 120.5
60.98, 1.598, 119.5
60.99, 1.599, 118.9
61.00, 1.600, 118.5
61.01, 1.601, 118.1
61.02, 1.602, 119.8
61.03, 1.603, 119.3
61.04, 1.604, 118.9
61.05, 1.605, 121.7
61.06, 1.606, 118.5
61.07, 1.607, 118.5
61.08, 1.608, 121.4
61.09, 1.609, 121.5
61.10, 1.610, 121.2
61.11, 1.611, 122.4
61.12, 1.612, 120.2
61.13, 1.613, 122.6
61.14, 1.614, 122.6
61.15, 1.615, 121.5
61.16, 1.616, 122.9
61.17, 1.617, 122.7
61.18, 1.618, 122.3
61.19, 1.619, 124.5
61.20, 1.620, 124.6
61.21, 1.621, 125.9
61.22, 1.622, 123.8
61.23, 1.623, 124.2
61.24, 1.624, 124.3
61.25, 1.625, 126.3
61.26, 1.626, 125.8
61.27, 1.627, 127.5
61.28, 1.628, 127.5
61.29, 1.629, 127.6
61.30, 1.630, 127.8
61.31, 1.631, 127.7
61.32, 1.632, 127.4
61.33, 1.633, 128.5
61.34, 1.634, 129.5
61.35, 1.635, 129.6
61.36, 1.636, 128.6
61.37, 1.637, 130.6
61.38, 1.638, 129.0
61.39, 1.639, 130.9
61.40, 1.640, 132.1
61.41, 1.641, 133.3
61.42, 1.642, 133.2
61.43, 1.643, 131.6
61.44, 1.644, 131.7
61.45, 1.645, 134.1
61.46, 1.646, 135.0
61.47, 1.647, 133.7
61.48, 1.648, 134.0
61.49, 1.649, 135.7
61.50, 1.650, 133.7
61.51, 1.651, 133.5
61.52, 1.652, 137.3
61.53, 1.653, 135.5
61.54, 1.654, 137.2
61.55, 1.655, 135.7
61.56, 1.656, 137.9
61.57, 1.657, 136.9
61.58, 1.658, 135.4
61.59, 1.659, 138.9
61.60, 1.660, 139.3
61.61, 1.661, 137.2
61.62, 1.662, 140.0
61.63, 1.663, 139.7
61.64, 1.664, 138.2
61.65, 1.665, 139.5
61.66, 1.666, 141.5
61.67, 1.667, 142.3
61.68, 1.668, 141.8
61.69, 1.669, 143.3
61.70, 1.670, 142.8
61.71, 1.671, 144.2
61.72, 1.672, 143.4
61.73, 1.673, 144.7
61.74, 1.674, 144.3
61.75, 1.675, 145.1
61.76, 1.676, 146.6
61.77, 1.677, 144.3
61.78, 1.678, 146.9
61.79, 1.679, 146.9
61.80, 1.680, 148.3
61.81, 1.681, 147.9
61.82, 1.682, 148.5
61.83, 1.683, 148.5
61.84, 1.684, 149.0
61.85, 1.685, 149.3
61.86, 1.686, 150.2
61.87, 1.687, 149.9
61.88, 1.688, 151.8
61.89, 1.689, 151.6
61.90, 1.690, 151.4
61.91, 1.691, 152.6
61.92, 1.692, 153.9
61.93, 1.693, 152.4
61.94, 1.694, 152.6
61.95, 1.695, 154.2
61.96, 1.696, 153.5
61.97, 1.697, 155.5
61.98, 1.698, 154.0
61.99, 1.699, 156.8
62.00, 1.700, 157.1
62.01, 1.701, 156.7
62.02, 1.702, 159.4
62.03, 1.703, 158.7
62.04, 1.704, 158.5
62.05, 1.705, 159.3
62.06, 1.706, 159.0
62.07, 1.707, 160.0
62.08, 1.708, 160.5
62.09, 1.709, 160.7
62.10, 1.710, 163.1
62.11, 1.711, 161.8
62.12, 1.712, 162.0
62.13, 1.713, 163.6
62.14, 1.714, 165.3
62.15, 1.715, 166.8
62.16, 1.716, 165.8
62.17, 1.717, 167.3
62.18, 1.718, 167.8
62.19, 1.719, 169.8
62.20, 1.720, 167.6
62.21, 1.721, 170.7
62.22, 1.722, 169.4
62.23, 1.723, 169.6
62.24, 1.724, 170.1
62.25, 1.725, 173.1
62.26, 1.726, 172.0
62.27, 1.727, 173.1
62.28, 1.728, 173.3
62.29, 1.729, 176.3
62.30, 1.730, 175.2
62.31, 1.731, 175.1
62.32, 1.732, 176.8
62.33, 1.733, 179.5
62.34, 1.734, 180.1
62.35, 1.735, 178.3
62.36, 1.736, 180.5
62.37, 1.737, 179.2
62.38, 1.738, 180.6
62.39, 1.739, 180.6
62.40, 1.740, 183.9
62.41, 1.741, 182.1
62.42, 1.742, 184.5
62.43, 1.743, 185.8
62.44, 1.744, 186.1
62.45, 1.745, 186.8
62.46, 1.746, 186.7
62.47, 1.747, 188.6
62.48, 1.748, 189.9
62.49, 1.749, 189.9
62.50, 1.750, 190.4
62.51, 1.751, 191.9
62.52, 1.752, 190.2
62.53, 1.753, 193.0
62.54, 1.754, 193.6
62.55, 1.755, 195.5
62.56, 1.756, 195.6
62.57, 1.757, 196.4
62.58, 1.758, 196.8
62.59, 1.759, 197.3
62.60, 1.760, 198.7
62.61, 1.761, 200.1
62.62, 1.762, 199.1
62.63, 1.763, 200.9
62.64, 1.764, 201.2
62.65, 1.765, 203.1
62.66, 1.766, 202.7
62.67, 1.767, 202.8
62.68, 1.768, 206.1
62.69, 1.769, 206.9
62.70, 1.770, 207.6
62.71, 1.771, 209.7
62.72, 1.772, 207.8
62.73, 1.773, 209.4
62.74, 1.774, 210.7
62.75, 1.775, 212.4
62.76, 1.776, 213.5
62.77, 1.777, 214.3
62.78, 1.778, 215.8
62.79, 1.779, 215.4
62.80, 1.780, 216.5
62.81, 1.781, 218.5
62.82, 1.782, 219.6
62.83, 1.783, 219.4
62.84, 1.784, 220.0
62.85, 1.785, 221.4
62.86, 1.786, 222.1
62.87, 1.787, 222.0
62.88, 1.788, 224.8
62.89, 1.789, 225.7
62.90, 1.790, 226.7
62.91, 1.791, 227.0
62.92, 1.792, 229.0
62.93, 1.793, 232.1
62.94, 1.794, 232.2
62.95, 1.795, 232.4
62.96, 1.796, 233.0
62.97, 1.797, 235.7
62.98, 1.798, 235.0
62.99, 1.799, 237.9
63.00, 1.800, 238.1
63.01, 1.801, 238.6
63.02, 1.802, 241.1
63.03, 1.803, 242.1
63.04, 1.804, 244.1
63.05, 1.805, 245.9
63.06, 1.806, 246.1
63.07, 1.807, 246.5
63.08, 1.808, 248.1
63.09, 1.809, 248.4
63.10, 1.810, 249.5
63.11, 1.811, 251.9
63.12, 1.812, 253.9
63.13, 1.813, 254.4
63.14, 1.814, 252.6
63.15, 1.815, 256.8
63.16, 1.816, 257.0
63.17, 1.817, 257.9
63.18, 1.818, 260.6
63.19, 1.819, 260.9
63.20, 1.820, 263.1
63.21, 1.821, 263.2
63.22, 1.822, 264.6
63.23, 1.823, 266.5
63.24, 1.824, 267.8
63.25, 1.825, 268.9
63.26, 1.826, 270.7
63.27, 1.827, 273.7
63.28, 1.828, 272.4
63.29, 1.829, 271.6
63.30, 1.830, 273.8
63.31, 1.831, 277.2
63.32, 1.832, 275.5
63.33, 1.833, 279.3
63.34, 1.834, 281.5
63.35, 1.835, 282.1
63.36, 1.836, 282.8
63.37, 1.837, 284.9
63.38, 1.838, 285.4
63.39, 1.839, 287.6
63.40, 1.840, 287.5
63.41, 1.841, 291.2
63.42, 1.842, 290.5
63.43, 1.843, 293.8
63.44, 1.844, 295.5
63.45, 1.845, 295.2
63.46, 1.846, 296.0
63.47, 1.847, 298.8
63.48, 1.848, 299.9
63.49, 1.849, 301.3
63.50, 1.850, 304.7
63.51, 1.851, 305.1
63.52, 1.852, 306.5
63.53, 1.853, 306.1
63.54, 1.854, 309.2
63.55, 1.855, 312.2
63.56, 1.856, 311.4
63.57, 1.857, 313.9
63.58, 1.858, 315.8
63.59, 1.859, 315.2
63.60, 1.860, 318.1
63.61, 1.861, 318.7
63.62, 1.862, 322.1
63.63, 1.863, 320.2
63.64, 1.864, 323.4
63.65, 1.865, 324.8
63.66, 1.866, 326.8
63.67, 1.867, 328.7
63.68, 1.868, 330.6
63.69, 1.869, 331.5
63.70, 1.870, 333.7
63.71, 1.871, 334.0
63.72, 1.872, 337.7
63.73, 1.873, 338.2
63.74, 1.874, 339.3
63.75, 1.875, 342.0
63.76, 1.876, 342.8
63.77, 1.877, 342.8
63.78, 1.878, 345.0
63.79, 1.879, 347.7
63.80, 1.880, 349.3
63.81, 1.881, 350.6
63.82, 1.882, 352.7
63.83, 1.883, 352.9
63.84, 1.884, 354.6
63.85, 1.885, 358.9
63.86, 1.886, 358.7
63.87, 1.887, 360.5
63.88, 1.888, 361.3
63.89, 1.889, 362.8
63.90, 1.890, 365.9
63.91, 1.891, 365.6
63.92, 1.892, 367.4
63.93, 1.893, 368.5
63.94, 1.894, 369.7
63.95, 1.895, 373.1
63.96, 1.896, 373.7
63.97, 1.897, 376.8
63.98, 1.898, 376.9
63.99, 1.899, 379.7
64.00, 1.900, 380.7
64.01, 1.901, 382.8
64.02, 1.902, 382.7
64.03, 1.903, 386.3
64.04, 1.904, 389.9
64.05, 1.905, 391.0
64.06, 1.906, 392.6
64.07, 1.907, 393.7
64.08, 1.908, 392.6
64.09, 1.909, 395.0
64.10, 1.910, 397.2
64.11, 1.911, 399.1
64.12, 1.912, 402.9
64.13, 1.913, 404.2
64.14, 1.914, 406.0
64.15, 1.915, 405.3
64.16, 1.916, 409.0
64.17, 1.917, 411.1
64.18, 1.918, 412.5
64.19, 1.919, 414.0
64.20, 1.920, 416.0
64.21, 1.921, 417.9
64.22, 1.922, 419.2
64.23, 1.923, 423.8
64.24, 1.924, 421.4
64.25, 1.925, 426.4
64.26, 1.926, 427.1
64.27, 1.927, 429.7
64.28, 1.928, 432.3
64.29, 1.929, 433.0
64.30, 1.930, 435.6
64.31, 1.931, 435.9
64.32, 1.932, 438.9
64.33, 1.933, 440.7
64.34, 1.934, 442.4
64.35, 1.935, 444.7
64.36, 1.936, 446.4
64.37, 1.937, 446.3
64.38, 1.938, 450.9
64.39, 1.939, 449.7
64.40, 1.940, 453.0
64.41, 1.941, 453.4
64.42, 1.942, 455.3
64.43, 1.943, 459.0
64.44, 1.944, 458.1
64.45, 1.945, 461.1
64.46, 1.946, 464.0
64.47, 1.947, 464.3
64.48, 1.948, 466.8
64.49, 1.949, 469.8
64.50, 1.950, 469.8
64.51, 1.951, 473.4
64.52, 1.952, 475.8
64.53, 1.953, 478.4
64.54, 1.954, 479.8
64.55, 1.955, 478.6
64.56, 1.956, 481.2
64.57, 1.957, 483.0
64.58, 1.958, 486.0
64.59, 1.959, 486.9
64.60, 1.960, 490.1
64.61, 1.961, 492.0
64.62, 1.962, 495.0
64.63, 1.963, 496.7
64.64, 1.964, 501.1
64.65, 1.965, 503.1
64.66, 1.966, 503.1
64.67, 1.967, 506.7
64.68, 1.968, 508.6
64.69, 1.969, 511.0
64.70, 1.970, 511.5
64.71, 1.971, 512.6
64.72, 1.972, 517.9
64.73, 1.973, 518.0
64.74, 1.974, 520.6
64.75, 1.975, 522.4
64.76, 1.976, 523.1
64.77, 1.977, 527.6
64.78, 1.978, 527.9
64.79, 1.979, 529.8
64.80, 1.980, 531.2
64.81, 1.981, 532.5
64.82, 1.982, 534.2
64.83, 1.983, 534.0
64.84, 1.984, 536.3
64.85, 1.985, 535.9
64.86, 1.986, 535.8
64.87, 1.987, 537.0
64.88, 1.988, 537.6
64.89, 1.989, 538.0
64.90, 1.990, 538.4
64.91, 1.991, 540.2
64.92, 1.992, 539.8
64.93, 1.993, 540.3
64.94, 1.994, 541.8
64.95, 1.995, 539.8
64.96, 1.996, 540.2
64.97, 1.997, 541.7
64.98, 1.998, 541.2
64.99, 1.999, 542.2
65.00, 2.000, 543.2
65.01, 1.999, 544.5
65.02, 1.998, 545.2
65.03, 1.997, 545.0
65.04, 1.996, 545.6
65.05, 1.995, 545.8
65.06, 1.994, 546.2
65.07, 1.993, 546.0
65.08, 1.992, 545.9
65.09, 1.991, 547.3
65.10, 1.990, 548.6
65.11, 1.989, 547.6
65.12, 1.988, 549.5
65.13, 1.987, 549.1
65.14, 1.986, 548.4
65.15, 1.985, 550.4
65.16, 1.984, 550.6
65.17, 1.983, 551.2
65.18, 1.982, 549.4
65.19, 1.981, 551.1
65.20, 1.980, 549.5
65.21, 1.979, 549.0
65.22, 1.978, 548.0
65.23, 1.977, 545.9
65.24, 1.976, 544.6
65.25, 1.975, 542.8
65.26, 1.974, 543.4
65.27, 1.973, 542.8
65.28, 1.972, 541.6
65.29, 1.971, 540.3
65.30, 1.970, 537.4
65.31, 1.969, 539.2
65.32, 1.968, 535.7
65.33, 1.967, 535.9
65.34, 1.966, 534.5
65.35, 1.965, 533.8
65.36, 1.964, 532.5
65.37, 1.963, 530.0
65.38, 1.962, 531.1
65.39, 1.961, 528.9
65.40, 1.960, 526.9
65.41, 1.959, 526.9
65.42, 1.958, 525.2
65.43, 1.957, 524.7
65.44, 1.956, 522.2
65.45, 1.955, 522.6
65.46, 1.954, 520.4
65.47, 1.953, 517.8
65.48, 1.952, 518.3
65.49, 1.951, 515.7
65.50, 1.950, 516.2
65.51, 1.949, 514.5
65.52, 1.948, 512.4
65.53, 1.947, 513.1
65.54, 1.946, 509.7
65.55, 1.945, 509.9
65.56, 1.944, 507.2
65.57, 1.943, 507.8
65.58, 1.942, 506.7
65.59, 1.941, 505.2
65.60, 1.940, 503.3
65.61, 1.939, 502.0
65.62, 1.938, 501.8
65.63, 1.937, 501.7
65.64, 1.936, 497.8
65.65, 1.935, 498.6
65.66, 1.934, 495.4
65.67, 1.933, 494.1
65.68, 1.932, 493.5
65.69, 1.931, 491.2
65.70, 1.930, 491.7
65.71, 1.929, 490.3
65.72, 1.928, 487.4
65.73, 1.927, 488.2
65.74, 1.926, 486.4
65.75, 1.925, 485.6
65.76, 1.924, 484.5
65.77, 1.923, 483.9
65.78, 1.922, 481.9
65.79, 1.921, 480.2
65.80, 1.920, 480.1
65.81, 1.919, 477.6
65.82, 1.918, 477.8
65.83, 1.917, 476.0
65.84, 1.916, 475.5
65.85, 1.915, 473.5
65.86, 1.914, 472.3
65.87, 1.913, 471.2
65.88, 1.912, 468.5
65.89, 1.911, 467.7
65.90, 1.910, 466.5
65.91, 1.909, 462.5
65.92, 1.908, 462.9
65.93, 1.907, 463.0
65.94, 1.906, 462.1
65.95, 1.905, 459.9
65.96, 1.904, 460.2
65.97, 1.903, 458.7
65.98, 1.902, 457.2
65.99, 1.901, 454.4
66.00, 1.900, 453.2
66.01, 1.899, 453.4
66.02, 1.898, 453.0
66.03, 1.897, 450.9
66.04, 1.896, 450.1
66.05, 1.895, 448.3
66.06, 1.894, 446.3
66.07, 1.893, 445.9
66.08, 1.892, 444.0
66.09, 1.891, 445.0
66.10, 1.890, 442.0
66.11, 1.889, 439.4
66.12, 1.888, 440.4
66.13, 1.887, 437.6
66.14, 1.886, 437.3
66.15, 1.885, 435.6
66.16, 1.884, 434.6
66.17, 1.883, 433.6
66.18, 1.882, 430.8
66.19, 1.881, 431.3
66.20, 1.880, 428.8
66.21, 1.879, 428.1
66.22, 1.878, 426.2
66.23, 1.877, 426.4
66.24, 1.876, 424.5
66.25, 1.875, 423.9
66.26, 1.874, 423.7
66.27, 1.873, 421.8
66.28, 1.872, 419.8
66.29, 1.871, 419.9
66.30, 1.870, 419.2
66.31, 1.869, 414.4
66.32, 1.868, 412.5
66.33, 1.867, 413.7
66.34, 1.866, 411.8
66.35, 1.865, 410.8
66.36, 1.864, 408.0
66.37, 1.863, 406.3
66.38, 1.862, 407.1
66.39, 1.861, 405.5
66.40, 1.860, 405.9
66.41, 1.859, 402.3
66.42, 1.858, 400.0
66.43, 1.857, 401.6
66.44, 1.856, 397.9
66.45, 1.855, 397.6
66.46, 1.854, 397.8
66.47, 1.853, 394.9
66.48, 1.852, 395.8
66.49, 1.851, 392.5
66.50, 1.850, 391.6
66.51, 1.849, 390.9
66.52, 1.848, 388.2
66.53, 1.847, 387.7
66.54, 1.846, 388.0
66.55, 1.845, 384.9
66.56, 1.844, 385.1
66.57, 1.843, 383.3
66.58, 1.842, 383.5
66.59, 1.841, 379.3
66.60, 1.840, 380.9
66.61, 1.839, 378.5
66.62, 1.838, 377.0
66.63, 1.837, 374.4
66.64, 1.836, 373.2
66.65, 1.835, 372.6
66.66, 1.834, 372.1
66.67, 1.833, 368.1
66.68, 1.832, 370.0
66.69, 1.831, 367.2
66.70, 1.830, 365.5
66.71, 1.829, 365.5
66.72, 1.828, 363.2
66.73, 1.827, 363.0
66.74, 1.826, 360.2
66.75, 1.825, 359.5
66.76, 1.824, 356.9
66.77, 1.823, 356.7
66.78, 1.822, 354.5
66.79, 1.821, 352.8
66.80, 1.820, 351.9
66.81, 1.819, 349.2
66.82, 1.818, 349.9
66.83, 1.817, 347.0
66.84, 1.816, 348.0
66.85, 1.815, 346.0
66.86, 1.814, 345.6
66.87, 1.813, 344.3
66.88, 1.812, 344.3
66.89, 1.811, 342.9
66.90, 1.810, 339.9
66.91, 1.809, 340.0
66.92, 1.808, 337.6
66.93, 1.807, 336.1
66.94, 1.806, 334.5
66.95, 1.805, 335.9
66.96, 1.804, 334.4
66.97, 1.803, 331.8
66.98, 1.802, 332.3
66.99, 1.801, 330.8
67.00, 1.800, 329.4
67.01, 1.799, 327.6
67.02, 1.798, 324.9
67.03, 1.797, 324.0
67.04, 1.796, 322.9
67.05, 1.795, 321.3
67.06, 1.794, 322.0
67.07, 1.793, 320.1
67.08, 1.792, 318.8
67.09, 1.791, 318.6
67.10, 1.790, 315.9
67.11, 1.789, 315.6
67.12, 1.788, 313.5
67.13, 1.787, 313.2
67.14, 1.786, 311.0
67.15, 1.785, 309.1
67.16, 1.784, 305.9
67.17, 1.783, 305.2
67.18, 1.782, 304.3
67.19, 1.781, 303.8
67.20, 1.780, 302.4
67.21, 1.779, 300.1
67.22, 1.778, 298.2
67.23, 1.777, 296.6
67.24, 1.776, 297.2
67.25, 1.775, 295.4
67.26, 1.774, 294.6
67.27, 1.773, 292.4
67.28, 1.772, 291.9
67.29, 1.771, 288.7
67.30, 1.770, 289.3
67.31, 1.769, 285.1
67.32, 1.768, 287.8
67.33, 1.767, 286.4
67.34, 1.766, 283.3
67.35, 1.765, 284.6
67.36, 1.764, 281.5
67.37, 1.763, 280.8
67.38, 1.762, 278.7
67.39, 1.761, 278.6
67.40, 1.760, 274.6
67.41, 1.759, 274.7
67.42, 1.758, 274.5
67.43, 1.757, 274.1
67.44, 1.756, 273.2
67.45, 1.755, 270.7
67.46, 1.754, 271.8
67.47, 1.753, 267.9
67.48, 1.752, 264.7
67.49, 1.751, 265.7
67.50, 1.750, 266.0
67.51, 1.749, 266.4
67.52, 1.748, 264.0
67.53, 1.747, 263.3
67.54, 1.746, 261.1
67.55, 1.745, 261.9
67.56, 1.744, 259.5
67.57, 1.743, 256.2
67.58, 1.742, 256.1
67.59, 1.741, 254.0
67.60, 1.740, 254.3
67.61, 1.739, 250.7
67.62, 1.738, 251.5
67.63, 1.737, 248.6
67.64, 1.736, 248.4
67.65, 1.735, 248.1
67.66, 1.734, 247.2
67.67, 1.733, 245.6
67.68, 1.732, 243.9
67.69, 1.731, 243.1
67.70, 1.730, 240.1
67.71, 1.729, 240.2
67.72, 1.728, 237.1
67.73, 1.727, 237.8
67.74, 1.726, 234.8
67.75, 1.725, 234.7
67.76, 1.724, 235.3
67.77, 1.723, 234.8
67.78, 1.722, 232.2
67.79, 1.721, 230.0
67.80, 1.720, 229.5
67.81, 1.719, 229.4
67.82, 1.718, 227.6
67.83, 1.717, 223.4
67.84, 1.716, 224.6
67.85, 1.715, 224.0
67.86, 1.714, 221.5
67.87, 1.713, 220.8
67.88, 1.712, 221.3
67.89, 1.711, 219.2
67.90, 1.710, 219.0
67.91, 1.709, 216.8
67.92, 1.708, 214.5
67.93, 1.707, 213.8
67.94, 1.706, 214.2
67.95, 1.705, 213.6
67.96, 1.704, 211.4
67.97, 1.703, 210.8
67.98, 1.702, 210.3
67.99, 1.701, 209.6
68.00, 1.700, 206.6
68.01, 1.699, 206.2
68.02, 1.698, 204.1
68.03, 1.697, 203.1
68.04, 1.696, 201.6
68.05, 1.695, 199.4
68.06, 1.694, 198.5
68.07, 1.693, 197.5
68.08, 1.692, 194.7
68.09, 1.691, 195.7
68.10, 1.690, 192.6
68.11, 1.689, 190.5
68.12, 1.688, 193.4
68.13, 1.687, 191.6
68.14, 1.686, 190.6
68.15, 1.685, 188.2
68.16, 1.684, 188.8
68.17, 1.683, 189.2
68.18, 1.682, 183.4
68.19, 1.681, 184.9
68.20, 1.680, 183.7
68.21, 1.679, 180.8
68.22, 1.678, 182.2
68.23, 1.677, 181.6
68.24, 1.676, 181.1
68.25, 1.675, 177.9
68.26, 1.674, 178.0
68.27, 1.673, 177.6
68.28, 1.672, 176.0
68.29, 1.671, 176.4
68.30, 1.670, 177.1
68.31, 1.669, 173.6
68.32, 1.668, 172.8
68.33, 1.667, 170.9
68.34, 1.666, 169.3
68.35, 1.665, 169.4
68.36, 1.664, 168.6
68.37, 1.663, 167.9
68.38, 1.662, 168.0
68.39, 1.661, 167.4
68.40, 1.660, 163.9
68.41, 1.659, 162.0
68.42, 1.658, 160.2
68.43, 1.657, 158.7
68.44, 1.656, 157.8
68.45, 1.655, 157.4
68.46, 1.654, 157.8
68.47, 1.653, 156.1
68.48, 1.652, 155.6
68.49, 1.651, 156.2
68.50, 1.650, 152.5
68.51, 1.649, 151.6
68.52, 1.648, 152.9
68.53, 1.647, 149.0
68.54, 1.646, 148.7
68.55, 1.645, 149.8
68.56, 1.644, 147.4
68.57, 1.643, 146.2
68.58, 1.642, 144.9
68.59, 1.641, 146.5
68.60, 1.640, 144.8
68.61, 1.639, 144.5
68.62, 1.638, 142.6
68.63, 1.637, 142.5
68.64, 1.636, 140.4
68.65, 1.635, 141.2
68.66, 1.634, 138.9
68.67, 1.633, 136.8
68.68, 1.632, 137.2
68.69, 1.631, 137.0
68.70, 1.630, 134.2
68.71, 1.629, 136.6
68.72, 1.628, 133.2
68.73, 1.627, 132.9
68.74, 1.626, 132.0
68.75, 1.625, 132.3
68.76, 1.624, 132.5
68.77, 1.623, 130.0
68.78, 1.622, 129.9
68.79, 1.621, 128.0
68.80, 1.620, 126.6
68.81, 1.619, 125.0
68.82, 1.618, 126.1
68.83, 1.617, 124.7
68.84, 1.616, 124.5
68.85, 1.615, 121.9
68.86, 1.614, 121.1
68.87, 1.613, 120.2
68.88, 1.612, 120.2
68.89, 1.611, 118.1
68.90, 1.610, 117.4
68.91, 1.609, 117.1
68.92, 1.608, 115.7
68.93, 1.607, 113.0
68.94, 1.606, 116.2
68.95, 1.605, 112.9
68.96, 1.604, 114.4
68.97, 1.603, 113.3
68.98, 1.602, 112.2
68.99, 1.601, 110.7
69.00, 1.600, 110.3
69.01, 1.599, 110.3
69.02, 1.598, 108.8
69.03, 1.597, 108.8
69.04, 1.596, 106.6
69.05, 1.595, 106.7
69.06, 1.594, 107.0
69.07, 1.593, 107.1
69.08, 1.592, 106.1
69.09, 1.591, 104.5
69.10, 1.590, 104.6
69.11, 1.589, 100.7
69.12, 1.588, 102.3
69.13, 1.587, 101.5
69.14, 1.586, 102.0
69.15, 1.585, 99.70
69.16, 1.584, 99.72
69.17, 1.583, 98.51
69.18, 1.582, 97.97
69.19, 1.581, 98.22
69.20, 1.580, 97.77
69.21, 1.579, 96.57
69.22, 1.578, 94.75
69.23, 1.577, 96.13
69.24, 1.576, 92.85
69.25, 1.575, 92.77
69.26, 1.574, 92.81
69.27, 1.573, 89.77
69.28, 1.572, 90.47
69.29, 1.571, 91.77
69.30, 1.570, 88.20
69.31, 1.569, 88.57
69.32, 1.568, 88.81
69.33, 1.567, 87.58
69.34, 1.566, 86.97
69.35, 1.565, 86.17
69.36, 1.564, 84.52
69.37, 1.563, 87.56
69.38, 1.562, 86.36
69.39, 1.561, 85.92
69.40, 1.560, 82.29
69.41, 1.559, 83.29
69.42, 1.558, 83.59
69.43, 1.557, 83.20
69.44, 1.556, 81.67
69.45, 1.555, 80.47
69.46, 1.554, 81.27
69.47, 1.553, 80.07
69.48, 1.552, 80.63
69.49, 1.551, 78.31
69.50, 1.550, 76.42
69.51, 1.549, 78.25
69.52, 1.548, 75.54
69.53, 1.547, 77.44
69.54, 1.546, 77.45
69.55, 1.545, 74.55
69.56, 1.544, 75.07
69.57, 1.543, 74.75
69.58, 1.542, 74.10
69.59, 1.541, 74.89
69.60, 1.540, 72.85
69.61, 1.539, 73.73
69.62, 1.538, 73.52
69.63, 1.537, 73.01
69.64, 1.536, 71.86
69.65, 1.535, 71.45
69.66, 1.534, 69.87
69.67, 1.533, 67.97
69.68, 1.532, 67.01
69.69, 1.531, 69.59
69.70, 1.530, 68.53
69.71, 1.529, 66.77
69.72, 1.528, 67.25
69.73, 1.527, 65.39
69.74, 1.526, 62.70
69.75, 1.525, 65.60
69.76, 1.524, 64.53
69.77, 1.523, 63.27
69.78, 1.522, 63.33
69.79, 1.521, 62.85
69.80, 1.520, 61.99
69.81, 1.519, 62.02
69.82, 1.518, 61.20
69.83, 1.517, 61.07
69.84, 1.516, 60.10
69.85, 1.515, 61.20
69.86, 1.514, 59.63
69.87, 1.513, 59.85
69.88, 1.512, 60.65
69.89, 1.511, 59.07
69.90, 1.510, 59.41
69.91, 1.509, 56.75
69.92, 1.508, 58.24
69.93, 1.507, 57.22
69.94, 1.506, 57.67
69.95, 1.505, 56.84
69.96, 1.504, 55.99
69.97, 1.503, 56.59
69.98, 1.502, 53.92
69.99, 1.501, 55.59
70.00, 1.500, 57.18
70.01, 1.499, 58.65
70.02, 1.498, 55.83
70.03, 1.497, 54.58
70.04, 1.496, 55.38
70.05, 1.495, 54.15
70.06, 1.494, 52.28
70.07, 1.493, 53.16
70.08, 1.492, 53.03
70.09, 1.491, 50.80
70.10, 1.490, 51.40
70.11, 1.489, 49.92
70.12, 1.488, 50.66
70.13, 1.487, 48.57
70.14, 1.486, 47.62
70.15, 1.485, 50.87
70.16, 1.484, 48.72
70.17, 1.483, 46.74
70.18, 1.482, 47.90
70.19, 1.481, 46.79
70.20, 1.480, 46.02
70.21, 1.479, 47.21
70.22, 1.478, 47.05
70.23, 1.477, 46.41
70.24, 1.476, 44.70
70.25, 1.475, 45.25
70.26, 1.474, 44.39
70.27, 1.473, 43.89
70.28, 1.472, 43.88
70.29, 1.471, 43.81
70.30, 1.470, 43.33
70.31, 1.469, 43.00
70.32, 1.468, 43.36
70.33, 1.467, 44.68
70.34, 1.466, 43.16
70.35, 1.465, 42.83
70.36, 1.464, 42.20
70.37, 1.463, 41.60
70.38, 1.462, 42.47
70.39, 1.461, 41.28
70.40, 1.460, 41.32
70.41, 1.459, 41.53
70.42, 1.458, 41.10
70.43, 1.457, 41.06
70.44, 1.456, 39.69
70.45, 1.455, 41.27
70.46, 1.454, 39.99
70.47, 1.453, 41.17
70.48, 1.452, 40.18
70.49, 1.451, 40.05
70.50, 1.450, 38.88
70.51, 1.449, 38.46
70.52, 1.448, 38.40
70.53, 1.447, 38.03
70.54, 1.446, 37.93
70.55, 1.445, 37.84
70.56, 1.444, 36.57
70.57, 1.443, 36.16
70.58, 1.442, 35.84
70.59, 1.441, 34.15
70.60, 1.440, 36.40
70.61, 1.439, 36.16
70.62, 1.438, 36.33
70.63, 1.437, 35.54
70.64, 1.436, 34.46
70.65, 1.435, 35.49
70.66, 1.434, 35.28
70.67, 1.433, 35.50
70.68, 1.432, 33.72
70.69, 1.431, 33.47
70.70, 1.430, 33.02
70.71, 1.429, 33.34
70.72, 1.428, 33.80
70.73, 1.427, 32.08
70.74, 1.426, 34.41
70.75, 1.425, 30.45
70.76, 1.424, 31.37
70.77, 1.423, 31.08
70.78, 1.422, 34.00
70.79, 1.421, 33.06
70.80, 1.420, 32.76
70.81, 1.419, 33.18
70.82, 1.418, 29.58
70.83, 1.417, 32.16
70.84, 1.416, 31.89
70.85, 1.415, 29.10
70.86, 1.414, 31.19
70.87, 1.413, 29.79
70.88, 1.412, 29.91
70.89, 1.411, 28.88
70.90, 1.410, 31.15
70.91, 1.409, 28.66
70.92, 1.408, 27.09
70.93, 1.407, 28.32
70.94, 1.406, 26.93
70.95, 1.405, 29.50
70.96, 1.404, 27.65
70.97, 1.403, 28.60
70.98, 1.402, 28.58
70.99, 1.401, 27.17
71.00, 1.400, 26.54
71.01, 1.399, 25.18
71.02, 1.398, 27.39
71.03, 1.397, 25.44
71.04, 1.396, 26.13
71.05, 1.395, 28.04
71.06, 1.394, 25.85
71.07, 1.393, 25.82
71.08, 1.392, 24.65
71.09, 1.391, 26.34
71.10, 1.390, 25.85
71.11, 1.389, 24.65
71.12, 1.388, 26.53
71.13, 1.387, 24.44
71.14, 1.386, 25.13
71.15, 1.385, 23.43
71.16, 1.384, 25.78
71.17, 1.383, 26.51
71.18, 1.382, 25.13
71.19, 1.381, 22.85
71.20, 1.380, 24.27
71.21, 1.379, 23.72
71.22, 1.378, 24.41
71.23, 1.377, 23.38
71.24, 1.376, 25.14
71.25, 1.375, 24.70
71.26, 1.374, 22.91
71.27, 1.373, 23.26
71.28, 1.372, 24.20
71.29, 1.371, 23.34
71.30, 1.370, 23.70
71.31, 1.369, 22.92
71.32, 1.368, 23.13
71.33, 1.367, 22.78
71.34, 1.366, 21.80
71.35, 1.365, 21.93
71.36, 1.364, 21.46
71.37, 1.363, 21.82
71.38, 1.362, 19.85
71.39, 1.361, 21.04
71.40, 1.360, 19.08
71.41, 1.359, 21.05
71.42, 1.358, 19.39
71.43, 1.357, 18.47
71.44, 1.356, 19.87
71.45, 1.355, 20.69
71.46, 1.354, 19.95
71.47, 1.353, 18.42
71.48, 1.352, 21.76
71.49, 1.351, 17.88
71.50, 1.350, 19.74
71.51, 1.349, 17.42
71.52, 1.348, 18.67
71.53, 1.347, 20.25
71.54, 1.346, 17.54
71.55, 1.345, 18.95
71.56, 1.344, 19.56
71.57, 1.343, 17.94
71.58, 1.342, 18.44
71.59, 1.341, 17.82
71.60, 1.340, 18.88
71.61, 1.339, 17.43
71.62, 1.338, 17.70
71.63, 1.337, 18.32
71.64, 1.336, 18.09
71.65, 1.335, 17.04
71.66, 1.334, 15.37
71.67, 1.333, 18.86
71.68, 1.332, 17.12
71.69, 1.331, 18.79
71.70, 1.330, 17.07
71.71, 1.329, 17.10
71.72, 1.328, 17.67
71.73, 1.327, 16.37
71.74, 1.326, 17.30
71.75, 1.325, 16.07
71.76, 1.324, 16.79
71.77, 1.323, 17.76
71.78, 1.322, 14.95
71.79, 1.321, 16.62
71.80, 1.320, 17.64
71.81, 1.319, 15.83
71.82, 1.318, 13.83
71.83, 1.317, 15.13
71.84, 1.316, 13.69
71.85, 1.315, 15.33
71.86, 1.314, 13.44
71.87, 1.313, 18.54
71.88, 1.312, 15.93
71.89, 1.311, 15.85
71.90, 1.310, 12.87
71.91, 1.309, 15.42
71.92, 1.308, 14.80
71.93, 1.307, 14.35
71.94, 1.306, 15.90
71.95, 1.305, 14.48
71.96, 1.304, 14.58
71.97, 1.303, 14.08
71.98, 1.302, 13.81
71.99, 1.301, 14.34
72.00, 1.300, 14.41
72.01, 1.299, 13.29
72.02, 1.298, 13.50
72.03, 1.297, 13.88
72.04, 1.296, 15.51
72.05, 1.295, 15.16
72.06, 1.294, 13.37
72.07, 1.293, 15.32
72.08, 1.292, 12.69
72.09, 1.291, 13.91
72.10, 1.290, 14.88
72.11, 1.289, 12.97
72.12, 1.288, 14.25
72.13, 1.287, 13.24
72.14, 1.286, 13.21
72.15, 1.285, 15.13
72.16, 1.284, 13.79
72.17, 1.283, 14.45
72.18, 1.282, 13.36
72.19, 1.281, 14.44
72.20, 1.280, 13.40
72.21, 1.279, 10.61
72.22, 1.278, 12.00
72.23, 1.277, 11.48
72.24, 1.276, 13.91
72.25, 1.275, 11.46
72.26, 1.274, 12.47
72.27, 1.273, 12.21
72.28, 1.272, 12.07
72.29, 1.271, 12.73
72.30, 1.270, 13.28
72.31, 1.269, 13.02
72.32, 1.268, 11.61
72.33, 1.267, 13.15
72.34, 1.266, 14.01
72.35, 1.265, 11.83
72.36, 1.264, 11.71
72.37, 1.263, 13.26
72.38, 1.262, 12.57
72.39, 1.261, 12.62
72.40, 1.260, 12.93
72.41, 1.259, 11.99
72.42, 1.258, 14.06
72.43, 1.257, 12.26
72.44, 1.256, 11.08
72.45, 1.255, 11.11
72.46, 1.254, 11.23
72.47, 1.253, 12.41
72.48, 1.252, 9.864
72.49, 1.251, 11.89
72.50, 1.250, 13.64
72.51, 1.249, 13.02
72.52, 1.248, 14.48
72.53, 1.247, 12.93
72.54, 1.246, 13.55
72.55, 1.245, 12.35
72.56, 1.244, 10.73
72.57, 1.243, 11.22
72.58, 1.242, 11.54
72.59, 1.241, 10.71
72.60, 1.240, 10.01
72.61, 1.239, 11.10
72.62, 1.238, 11.33
72.63, 1.237, 11.01
72.64, 1.236, 8.597
72.65, 1.235, 9.255
72.66, 1.234, 12.43
72.67, 1.233, 8.371
72.68, 1.232, 10.60
72.69, 1.231, 9.321
72.70, 1.230, 8.289
72.71, 1.229, 8.343
72.72, 1.228, 7.126
72.73, 1.227, 8.620
72.74, 1.226, 8.795
72.75, 1.225, 8.361
72.76, 1.224, 9.865
72.77, 1.223, 8.127
72.78, 1.222, 8.443
72.79, 1.221, 8.315
72.80, 1.220, 8.229
72.81, 1.219, 8.871
72.82, 1.218, 8.220
72.83, 1.217, 7.922
72.84, 1.216, 9.702
72.85, 1.215, 9.521
72.86, 1.214, 9.404
72.87, 1.213, 8.960
72.88, 1.212, 9.425
72.89, 1.211, 9.756
72.90, 1.210, 9.234
72.91, 1.209, 8.419
72.92, 1.208, 8.868
72.93, 1.207, 9.595
72.94, 1.206, 9.309
72.95, 1.205, 8.578
72.96, 1.204, 9.551
72.97, 1.203, 8.731
72.98, 1.202, 8.642
72.99, 1.201, 6.780
73.00, 1.200, 8.884
73.01, 1.199, 9.171
73.02, 1.198, 7.350
73.03, 1.197, 9.418
73.04, 1.196, 7.064
73.05, 1.195, 8.132
73.06, 1.194, 7.328
73.07, 1.193, 7.039
73.08, 1.192, 7.378
73.09, 1.191, 5.160
73.10, 1.190, 7.639
73.11, 1.189, 7.122
73.12, 1.188, 8.718
73.13, 1.187, 5.748
73.14, 1.186, 5.699
73.15, 1.185, 6.981
73.16, 1.184, 5.568
73.17, 1.183, 7.191
73.18, 1.182, 5.141
73.19, 1.181, 5.892
73.20, 1.180, 5.939
73.21, 1.179, 6.178
73.22, 1.178, 6.281
73.23, 1.177, 6.239
73.24, 1.176, 6.005
73.25, 1.175, 6.235
73.26, 1.174, 6.648
73.27, 1.173, 5.968
73.28, 1.172, 7.212
73.29, 1.171, 6.284
73.30, 1.170, 6.232
73.31, 1.169, 7.681
73.32, 1.168, 6.761
73.33, 1.167, 7.946
73.34, 1.166, 7.512
73.35, 1.165, 5.486
73.36, 1.164, 7.189
73.37, 1.163, 7.167
73.38, 1.162, 5.269
73.39, 1.161, 7.572
73.40, 1.160, 5.881
73.41, 1.159, 3.732
73.42, 1.158, 7.955
73.43, 1.157, 6.081
73.44, 1.156, 7.020
73.45, 1.155, 5.194
73.46, 1.154, 5.173
73.47, 1.153, 7.314
73.48, 1.152, 6.009
73.49, 1.151, 5.215
73.50, 1.150, 4.969
73.51, 1.149, 5.787
73.52, 1.148, 3.872
73.53, 1.147, 4.473
73.54, 1.146, 4.360
73.55, 1.145, 5.259
73.56, 1.144, 2.114
73.57, 1.143, 4.918
73.58, 1.142, 5.217
73.59, 1.141, 4.247
73.60, 1.140, 5.661
73.61, 1.139, 5.234
73.62, 1.138, 4.191
73.63, 1.137, 4.596
73.64, 1.136, 3.813
73.65, 1.135, 4.984
73.66, 1.134, 6.179
73.67, 1.133, 5.108
73.68, 1.132, 4.149
73.69, 1.131, 6.037
73.70, 1.130, 5.043
73.71, 1.129, 5.305
73.72, 1.128, 6.384
73.73, 1.127, 3.969
73.74, 1.126, 7.044
73.75, 1.125, 3.992
73.76, 1.124, 4.049
73.77, 1.123, 5.233
73.78, 1.122, 5.387
73.79, 1.121, 6.382
73.80, 1.120, 4.689
73.81, 1.119, 4.639
73.82, 1.118, 3.613
73.83, 1.117, 5.118
73.84, 1.116, 4.437
73.85, 1.115, 3.553
73.86, 1.114, 4.183
73.87, 1.113, 4.972
73.88, 1.112, 4.495
73.89, 1.111, 2.396
73.90, 1.110, 3.136
73.91, 1.109, 4.601
73.92, 1.108, 3.413
73.93, 1.107, 3.871
73.94, 1.106, 3.537
73.95, 1.105, 2.729
73.96, 1.104, 0.9608
73.97, 1.103, 4.161
73.98, 1.102, 3.010
73.99, 1.101, 3.729
74.00, 1.100, 2.031
74.01, 1.099, 3.871
74.02, 1.098, 3.159
74.03, 1.097, 3.273
74.04, 1.096, 4.199
74.05, 1.095, 3.897
74.06, 1.094, 5.275
74.07, 1.093, 2.108
74.08, 1.092, 2.903
74.09, 1.091, 3.868
74.10, 1.090, 3.739
74.11, 1.089, 3.590
74.12, 1.088, 4.718
74.13, 1.087, 4.988
74.14, 1.086, 4.654
74.15, 1.085, 4.435
74.16, 1.084, 3.150
74.17, 1.083, 2.550
74.18, 1.082, 3.238
74.19, 1.081, 3.835
74.20, 1.080, 4.452
74.21, 1.079, 1.744
74.22, 1.078, 3.839
74.23, 1.077, 4.371
74.24, 1.076, 2.362
74.25, 1.075, 3.935
74.26, 1.074, 3.771
74.27, 1.073, 3.297
74.28, 1.072, 5.392
74.29, 1.071, 3.298
74.30, 1.070, 0.9941
74.31, 1.069, 1.952
74.32, 1.068, 1.834
74.33, 1.067, 0.7212
74.34, 1.066, 3.693
74.35, 1.065, 1.881
74.36, 1.064, 2.400
74.37, 1.063, 2.580
74.38, 1.062, 0.1988
74.39, 1.061, 1.916
74.40, 1.060, 1.683
74.41, 1.059, 2.386
74.42, 1.058, 2.956
74.43, 1.057, 0.3616
74.44, 1.056, 0.8446
74.45, 1.055, -0.03192
74.46, 1.054, 1.473
74.47, 1.053, 3.011
74.48, 1.052, 3.213
74.49, 1.051, 0.9011
74.50, 1.050, 1.429
74.51, 1.049, 3.036
74.52, 1.048, 1.019
74.53, 1.047, 2.496
74.54, 1.046, 2.658
74.55, 1.045, 0.2185
74.56, 1.044, 0.9872
74.57, 1.043, 2.677
74.58, 1.042, 0.1286
74.59, 1.041, 1.703
74.60, 1.040, 1.740
74.61, 1.039, 1.506
74.62, 1.038, 1.831
74.63, 1.037, 2.064
74.64, 1.036, 2.211
74.65, 1.035, 2.177
74.66, 1.034, 3.988
74.67, 1.033, 2.800
74.68, 1.032, 1.233
74.69, 1.031, 3.921
74.70, 1.030, 0.7959
74.71, 1.029, 0.9788
74.72, 1.028, 1.759
74.73, 1.027, 1.816
74.74, 1.026, 0.4550
74.75, 1.025, -1.670
74.76, 1.024, -0.6543
74.77, 1.023, 0.2346
74.78, 1.022, 1.882
74.79, 1.021, -0.1233
74.80, 1.020, 1.503
74.81, 1.019, 0.3240
74.82, 1.018, -0.5574
74.83, 1.017, 2.190
74.84, 1.016, 1.515
74.85, 1.015, 0.4798
74.86, 1.014, 1.115
74.87, 1.013, 0.9140
74.88, 1.012, 1.547
74.89, 1.011, 0.7414
74.90, 1.010, 0.6408
74.91, 1.009, 0.1917
74.92, 1.008, 0.6349
74.93, 1.007, 0.5652
74.94, 1.006, 1.798
74.95, 1.005, -1.191
74.96, 1.004, 3.524
74.97, 1.003, 0.8288
74.98, 1.002, 2.122
74.99, 1.001, 1.370
75.00, 1.000, 5.124
75.01, 0.9990, 2.487
75.02, 0.9980, 2.030
75.03, 0.9970, 0.4014
75.04, 0.9960, 2.124
75.05, 0.9950, 2.009
75.06, 0.9940, 2.830
75.07, 0.9930, 1.696
75.08, 0.9920, 2.002
75.09, 0.9910, 1.192
75.10, 0.9900, 1.854
75.11, 0.9890, 4.553
75.12, 0.9880, 1.846
75.13, 0.9870, 0.8571
75.14, 0.9860, 1.544
75.15, 0.9850, 0.6934
75.16, 0.9840, -0.1875
75.17, 0.9830, 2.132
75.18, 0.9820, -1.656
75.19, 0.9810, -0.7365
75.20, 0.9800, -0.8678
75.21, 0.9790, 0.5860
75.22, 0.9780, -0.3160
75.23, 0.9770, -0.8937
75.24, 0.9760, -0.9517
75.25, 0.9750, -1.407
75.26, 0.9740, -0.1433
75.27, 0.9730, -2.419
75.28, 0.9720, -2.019
75.29, 0.9710, -0.6584
75.30, 0.9700, 0.9377
75.31, 0.9690, 1.657
75.32, 0.9680, 0.7282
75.33, 0.9670, -0.8168
75.34, 0.9660, -0.9825
75.35, 0.9650, -0.6383
75.36, 0.9640, -0.3588
75.37, 0.9630, -0.3155
75.38, 0.9620, 1.182
75.39, 0.9610, 0.1069
75.40, 0.9600, 0.7741
75.41, 0.9590, -1.801
75.42, 0.9580, -0.7723
75.43, 0.9570, -1.744
75.44, 0.9560, -2.073
75.45, 0.9550, -0.3985
75.46, 0.9540, 2.313
75.47, 0.9530, 0.9723
75.48, 0.9520, 2.880
75.49, 0.9510, 0.2077
75.50, 0.9500, 1.071
75.51, 0.9490, -1.088
75.52, 0.9480, 1.332
75.53, 0.9470, 2.346
75.54, 0.9460, -1.325
75.55, 0.9450, 0.09880
75.56, 0.9440, 0.8378
75.57, 0.9430, 1.962
75.58, 0.9420, -0.7153
75.59, 0.9410, -2.579
75.60, 0.9400, 0.0004390
75.61, 0.9390, -0.7116
75.62, 0.9380, 0.9792
75.63, 0.9370, -2.943
75.64, 0.9360, -0.1539
75.65, 0.9350, -1.476
75.66, 0.9340, -1.224
75.67, 0.9330, 0.2242
75.68, 0.9320, -1.923
75.69, 0.9310, -1.841
75.70, 0.9300, -0.3383
75.71, 0.9290, -2.592
75.72, 0.9280, 0.1537
75.73, 0.9270, -2.418
75.74, 0.9260, -0.6570
75.75, 0.9250, -0.3645
75.76, 0.9240, -0.8436
75.77, 0.9230, -2.173
75.78, 0.9220, -0.6058
75.79, 0.9210, 0.1948
75.80, 0.9200, -1.629
75.81, 0.9190, 2.139
75.82, 0.9180, 0.3910
75.83, 0.9170, 1.594
75.84, 0.9160, -0.6633
75.85, 0.9150, -1.336
75.86, 0.9140, 0.5808
75.87, 0.9130, -2.691
75.88, 0.9120, 0.1726
75.89, 0.9110, 0.2936
75.90, 0.9100, 1.959
75.91, 0.9090, -3.471
75.92, 0.9080, -0.7838
75.93, 0.9070, -1.393
75.94, 0.9060, -2.321
75.95, 0.9050, 0.2574
75.96, 0.9040, -0.2700
75.97, 0.9030, -0.6395
75.98, 0.9020, -2.223
75.99, 0.9010, 0.6564
76.00, 0.9000, -2.962
76.01, 0.8990, -1.520
76.02, 0.8980, -3.697
76.03, 0.8970, -1.505
76.04, 0.8960, -1.338
76.05, 0.8950, -2.223
76.06, 0.8940, -1.446
76.07, 0.8930, -1.963
76.08, 0.8920, -0.5757
76.09, 0.8910, -2.902
76.10, 0.8900, 0.6257
76.11, 0.8890, -3.867
76.12, 0.8880, -1.581
76.13, 0.8870, -0.5045
76.14, 0.8860, 0.7061
76.15, 0.8850, -0.8107
76.16, 0.8840, -1.610
76.17, 0.8830, -1.335
76.18, 0.8820, -2.817
76.19, 0.8810, -1.061
76.20, 0.8800, -0.7601
76.21, 0.8790, -0.1983
76.22, 0.8780, -0.05832
76.23, 0.8770, -2.559
76.24, 0.8760, -1.274
76.25, 0.8750, -0.1708
76.26, 0.8740, -0.3914
76.27, 0.8730, -1.114
76.28, 0.8720, -1.462
76.29, 0.8710, -0.9405
76.30, 0.8700, -1.735
76.31, 0.8690, -1.128
76.32, 0.8680, -1.078
76.33, 0.8670, -1.162
76.34, 0.8660, -1.480
76.35, 0.8650, -1.605
76.36, 0.8640, 1.773
76.37, 0.8630, -2.160
76.38, 0.8620, -2.089
76.39, 0.8610, -2.271
76.40, 0.8600, -2.240
76.41, 0.8590, -3.676
76.42, 0.8580, -2.446
76.43, 0.8570, -1.863
76.44, 0.8560, -2.321
76.45, 0.8550, -1.605
76.46, 0.8540, -3.314
76.47, 0.8530, -3.157
76.48, 0.8520, -2.459
76.49, 0.8510, -2.497
76.50, 0.8500, -2.467
76.51, 0.8490, -3.435
76.52, 0.8480, -1.985
76.53, 0.8470, -1.284
76.54, 0.8460, -0.2110
76.55, 0.8450, -1.483
76.56, 0.8440, -2.713
76.57, 0.8430, -2.571
76.58, 0.8420, -2.245
76.59, 0.8410, -3.505
76.60, 0.8400, -0.4647
76.61, 0.8390, -3.395
76.62, 0.8380, -0.6596
76.63, 0.8370, -0.5707
76.64, 0.8360, -3.407
76.65, 0.8350, -1.574
76.66, 0.8340, -1.113
76.67, 0.8330, -3.096
76.68, 0.8320, -0.8533
76.69, 0.8310, -3.255
76.70, 0.8300, -2.649
76.71, 0.8290, -1.630
76.72, 0.8280, -1.308
76.73, 0.8270, -1.468
76.74, 0.8260, -1.388
76.75, 0.8250, -1.509
76.76, 0.8240, -0.5480
76.77, 0.8230, -0.5705
76.78, 0.8220, -3.828
76.79, 0.8210, -1.838
76.80, 0.8200, -0.6103
76.81, 0.8190, -2.700
76.82, 0.8180, -2.440
76.83, 0.8170, -3.576
76.84, 0.8160, -2.441
76.85, 0.8150, -3.124
76.86, 0.8140, -3.387
76.87, 0.8130, -1.953
76.88, 0.8120, -1.822
76.89, 0.8110, -3.063
76.90, 0.8100, -1.209
76.91, 0.8090, -2.933
76.92, 0.8080, -1.628
76.93, 0.8070, -3.102
76.94, 0.8060, -2.332
76.95, 0.8050, -1.866
76.96, 0.8040, -4.208
76.97, 0.8030, -2.093
76.98, 0.8020, -4.869
76.99, 0.8010, -1.860
77.00, 0.8000, -1.825
77.01, 0.7990, -3.955
77.02, 0.7980, -1.524
77.03, 0.7970, -1.141
77.04, 0.7960, -3.019
77.05, 0.7950, -2.746
77.06, 0.7940, -2.158
77.07, 0.7930, -4.776
77.08, 0.7920, -1.356
77.09, 0.7910, -3.650
77.10, 0.7900, -2.745
77.11, 0.7890, -3.389
77.12, 0.7880, -2.469
77.13, 0.7870, -3.670
77.14, 0.7860, -3.761
77.15, 0.7850, 0.2257
77.16, 0.7840, -2.549
77.17, 0.7830, -2.707
77.18, 0.7820, -1.858
77.19, 0.7810, -1.950
77.20, 0.7800, -3.325
77.21, 0.7790, -0.7741
77.22, 0.7780, -3.142
77.23, 0.7770, -2.268
77.24, 0.7760, -1.766
77.25, 0.7750, -3.051
77.26, 0.7740, -1.822
77.27, 0.7730, -3.753
77.28, 0.7720, -2.009
77.29, 0.7710, -4.046
77.30, 0.7700, -4.830
77.31, 0.7690, -3.968
77.32, 0.7680, -3.046
77.33, 0.7670, -4.352
77.34, 0.7660, -1.490
77.35, 0.7650, -1.703
77.36, 0.7640, -2.580
77.37, 0.7630, -1.990
77.38, 0.7620, -2.429
77.39, 0.7610, -0.4281
77.40, 0.7600, -2.677
77.41, 0.7590, -1.350
77.42, 0.7580, -1.876
77.43, 0.7570, -2.157
77.44, 0.7560, -1.868
77.45, 0.7550, -2.586
77.46, 0.7540, -2.935
77.47, 0.7530, -2.062
77.48, 0.7520, -3.711
77.49, 0.7510, -1.838
77.50, 0.7500, -3.665
77.51, 0.7490, -2.005
77.52, 0.7480, -2.606
77.53, 0.7470, -1.668
77.54, 0.7460, -2.758
77.55, 0.7450, -3.590
77.56, 0.7440, -3.504
77.57, 0.7430, -2.684
77.58, 0.7420, -3.027
77.59, 0.7410, -2.171
77.60, 0.7400, -3.646
77.61, 0.7390, -1.439
77.62, 0.7380, -2.892
77.63, 0.7370, -1.566
77.64, 0.7360, -2.686
77.65, 0.7350, -1.799
77.66, 0.7340, -4.717
77.67, 0.7330, -3.092
77.68, 0.7320, -4.028
77.69, 0.7310, -5.059
77.70, 0.7300, -2.388
77.71, 0.7290, -6.391
77.72, 0.7280, -4.786
77.73, 0.7270, -5.575
77.74, 0.7260, -3.729
77.75, 0.7250, -3.160
77.76, 0.7240, -5.549
77.77, 0.7230, -3.056
77.78, 0.7220, -4.172
77.79, 0.7210, -2.049
77.80, 0.7200, -2.919
77.81, 0.7190, -4.736
77.82, 0.7180, -3.083
77.83, 0.7170, -2.588
77.84, 0.7160, -3.063
77.85, 0.7150, -2.915
77.86, 0.7140, -2.426
77.87, 0.7130, -1.465
77.88, 0.7120, -3.823
77.89, 0.7110, -3.351
77.90, 0.7100, -4.465
77.91, 0.7090, -3.916
77.92, 0.7080, -2.206
77.93, 0.7070, -3.153
77.94, 0.7060, -1.475
77.95, 0.7050, -1.945
77.96, 0.7040, -4.569
77.97, 0.7030, -2.274
77.98, 0.7020, -2.073
77.99, 0.7010, -5.003
78.00, 0.7000, -4.339
78.01, 0.6990, -4.655
78.02, 0.6980, -3.859
78.03, 0.6970, -2.568
78.04, 0.6960, -2.858
78.05, 0.6950, -3.918
78.06, 0.6940, -2.575
78.07, 0.6930, -3.829
78.08, 0.6920, -4.148
78.09, 0.6910, -3.105
78.10, 0.6900, -4.678
78.11, 0.6890, -3.412
78.12, 0.6880, -4.507
78.13, 0.6870, -5.343
78.14, 0.6860, -5.732
78.15, 0.6850, -5.601
78.16, 0.6840, -5.185
78.17, 0.6830, -4.054
78.18, 0.6820, -5.504
78.19, 0.6810, -4.257
78.20, 0.6800, -4.038
78.21, 0.6790, -6.087
78.22, 0.6780, -5.315
78.23, 0.6770, -5.613
78.24, 0.6760, -4.693
78.25, 0.6750, -4.140
78.26, 0.6740, -3.851
78.27, 0.6730, -3.908
78.28, 0.6720, -5.372
78.29, 0.6710, -3.084
78.30, 0.6700, -4.886
78.31, 0.6690, -5.493
78.32, 0.6680, -3.368
78.33, 0.6670, -3.646
78.34, 0.6660, -3.701
78.35, 0.6650, -5.728
78.36, 0.6640, -2.935
78.37, 0.6630, -4.986
78.38, 0.6620, -3.283
78.39, 0.6610, -6.132
78.40, 0.6600, -3.151
78.41, 0.6590, -5.033
78.42, 0.6580, -3.117
78.43, 0.6570, -4.729
78.44, 0.6560, -2.924
78.45, 0.6550, -5.616
78.46, 0.6540, -4.658
78.47, 0.6530, -4.144
78.48, 0.6520, -3.845
78.49, 0.6510, -4.343
78.50, 0.6500, -6.109
78.51, 0.6490, -3.786
78.52, 0.6480, -6.630
78.53, 0.6470, -4.412
78.54, 0.6460, -5.688
78.55, 0.6450, -5.878
78.56, 0.6440, -4.100
78.57, 0.6430, -5.379
78.58, 0.6420, -5.861
78.59, 0.6410, -6.111
78.60, 0.6400, -4.331
78.61, 0.6390, -5.428
78.62, 0.6380, -4.385
78.63, 0.6370, -4.516
78.64, 0.6360, -4.235
78.65, 0.6350, -4.977
78.66, 0.6340, -3.868
78.67, 0.6330, -3.125
78.68, 0.6320, -4.863
78.69, 0.6310, -3.423
78.70, 0.6300, -4.480
78.71, 0.6290, -5.801
78.72, 0.6280, -4.438
78.73, 0.6270, -3.615
78.74, 0.6260, -4.777
78.75, 0.6250, -3.777
78.76, 0.6240, -4.128
78.77, 0.6230, -5.028
78.78, 0.6220, -4.799
78.79, 0.6210, -4.237
78.80, 0.6200, -6.860
78.81, 0.6190, -5.668
78.82, 0.6180, -5.518
78.83, 0.6170, -4.776
78.84, 0.6160, -5.159
78.85, 0.6150, -4.112
78.86, 0.6140, -4.791
78.87, 0.6130, -4.206
78.88, 0.6120, -6.630
78.89, 0.6110, -4.885
78.90, 0.6100, -6.105
78.91, 0.6090, -5.595
78.92, 0.6080, -6.389
78.93, 0.6070, -6.074
78.94, 0.6060, -5.653
78.95, 0.6050, -5.904
78.96, 0.6040, -5.930
78.97, 0.6030, -4.747
78.98, 0.6020, -5.572
78.99, 0.6010, -7.465
79.00, 0.6000, -4.438
79.01, 0.5990, -6.383
79.02, 0.5980, -6.417
79.03, 0.5970, -6.632
79.04, 0.5960, -4.903
79.05, 0.5950, -6.813
79.06, 0.5940, -5.586
79.07, 0.5930, -5.181
79.08, 0.5920, -5.945
79.09, 0.5910, -5.362
79.10, 0.5900, -6.285
79.11, 0.5890, -5.834
79.12, 0.5880, -6.324
79.13, 0.5870, -5.337
79.14, 0.5860, -5.415
79.15, 0.5850, -5.795
79.16, 0.5840, -6.371
79.17, 0.5830, -6.295
79.18, 0.5820, -5.848
79.19, 0.5810, -6.633
79.20, 0.5800, -5.216
79.21, 0.5790, -6.900
79.22, 0.5780, -4.911
79.23, 0.5770, -6.662
79.24, 0.5760, -5.861
79.25, 0.5750, -5.317
79.26, 0.5740, -7.421
79.27, 0.5730, -4.299
79.28, 0.5720, -5.987
79.29, 0.5710, -5.764
79.30, 0.5700, -5.351
79.31, 0.5690, -4.612
79.32, 0.5680, -6.054
79.33, 0.5670, -6.233
79.34, 0.5660, -6.682
79.35, 0.5650, -6.520
79.36, 0.5640, -6.564
79.37, 0.5630, -5.322
79.38, 0.5620, -6.876
79.39, 0.5610, -7.232
79.40, 0.5600, -7.243
79.41, 0.5590, -7.180
79.42, 0.5580, -5.737
79.43, 0.5570, -7.840
79.44, 0.5560, -7.340
79.45, 0.5550, -6.641
79.46, 0.5540, -5.996
79.47, 0.5530, -7.673
79.48, 0.5520, -7.346
79.49, 0.5510, -5.946
79.50, 0.5500, -6.693
79.51, 0.5490, -6.206
79.52, 0.5480, -6.539
79.53, 0.5470, -6.665
79.54, 0.5460, -5.460
79.55, 0.5450, -5.824
79.56, 0.5440, -4.727
79.57, 0.5430, -5.190
79.58, 0.5420, -5.836
79.59, 0.5410, -5.569
79.60, 0.5400, -4.944
79.61, 0.5390, -5.985
79.62, 0.5380, -7.403
79.63, 0.5370, -6.207
79.64, 0.5360, -5.163
79.65, 0.5350, -4.673
79.66, 0.5340, -6.316
79.67, 0.5330, -6.655
79.68, 0.5320, -5.489
79.69, 0.5310, -6.452
79.70, 0.5300, -6.111
79.71, 0.5290, -5.985
79.72, 0.5280, -6.335
79.73, 0.5270, -5.991
79.74, 0.5260, -5.475
79.75, 0.5250, -6.204
79.76, 0.5240, -8.254
79.77, 0.5230, -7.482
79.78, 0.5220, -6.189
79.79, 0.5210, -7.087
79.80, 0.5200, -6.967
79.81, 0.5190, -7.794
79.82, 0.5180, -7.314
79.83, 0.5170, -9.071
79.84, 0.5160, -7.740
79.85, 0.5150, -6.246
79.86, 0.5140, -8.591
79.87, 0.5130, -7.346
79.88, 0.5120, -7.751
79.89, 0.5110, -6.460
79.90, 0.5100, -6.895
79.91, 0.5090, -8.086
79.92, 0.5080, -6.680
79.93, 0.5070, -6.752
79.94, 0.5060, -7.328
79.95, 0.5050, -7.074
79.96, 0.5040, -6.147
79.97, 0.5030, -5.794
79.98, 0.5020, -6.175
79.99, 0.5010, -5.014
80.00, 0.5000, -5.403
80.01, 0.4990, -6.631
80.02, 0.4980, -6.252
80.03, 0.4970, -6.594
80.04, 0.4960, -6.005
80.05, 0.4950, -6.368
80.06, 0.4940, -7.478
80.07, 0.4930, -5.368
80.08, 0.4920, -6.884
80.09, 0.4910, -5.855
80.10, 0.4900, -7.747
80.11, 0.4890, -6.089
80.12, 0.4880, -6.269
80.13, 0.4870, -6.919
80.14, 0.4860, -6.807
80.15, 0.4850, -6.738
80.16, 0.4840, -6.203
80.17, 0.4830, -6.172
80.18, 0.4820, -6.822
80.19, 0.4810, -7.387
80.20, 0.4800, -5.934
80.21, 0.4790, -6.414
80.22, 0.4780, -8.485
80.23, 0.4770, -8.180
80.24, 0.4760, -7.629
80.25, 0.4750, -8.041
80.26, 0.4740, -9.506
80.27, 0.4730, -9.133
80.28, 0.4720, -7.869
80.29, 0.4710, -8.028
80.30, 0.4700, -7.838
80.31, 0.4690, -7.314
80.32, 0.4680, -7.601
80.33, 0.4670, -8.497
80.34, 0.4660, -8.421
80.35, 0.4650, -8.270
80.36, 0.4640, -7.183
80.37, 0.4630, -7.469
80.38, 0.4620, -8.070
80.39, 0.4610, -7.937
80.40, 0.4600, -7.375
80.41, 0.4590, -7.573
80.42, 0.4580, -8.313
80.43, 0.4570, -6.828
80.44, 0.4560, -6.979
80.45, 0.4550, -6.912
80.46, 0.4540, -7.953
80.47, 0.4530, -8.141
80.48, 0.4520, -8.159
80.49, 0.4510, -5.903
80.50, 0.4500, -7.170
80.51, 0.4490, -7.891
80.52, 0.4480, -6.926
80.53, 0.4470, -7.707
80.54, 0.4460, -8.708
80.55, 0.4450, -7.094
80.56, 0.4440, -8.463
80.57, 0.4430, -6.951
80.58, 0.4420, -8.309
80.59, 0.4410, -6.821
80.60, 0.4400, -8.370
80.61, 0.4390, -7.421
80.62, 0.4380, -8.993
80.63, 0.4370, -7.222
80.64, 0.4360, -8.387
80.65, 0.4350, -7.033
80.66, 0.4340, -9.054
80.67, 0.4330, -8.662
80.68, 0.4320, -7.368
80.69, 0.4310, -6.877
80.70, 0.4300, -8.920
80.71, 0.4290, -7.737
80.72, 0.4280, -7.454
80.73, 0.4270, -8.419
80.74, 0.4260, -7.399
80.75, 0.4250, -8.557
80.76, 0.4240, -6.512
80.77, 0.4230, -7.043
80.78, 0.4220, -6.448
80.79, 0.4210, -7.056
80.80, 0.4200, -7.709
80.81, 0.4190, -8.255
80.82, 0.4180, -8.376
80.83, 0.4170, -8.144
80.84, 0.4160, -7.454
80.85, 0.4150, -7.933
80.86, 0.4140, -8.445
80.87, 0.4130, -8.790
80.88, 0.4120, -8.150
80.89, 0.4110, -6.583
80.90, 0.4100, -8.088
80.91, 0.4090, -8.855
80.92, 0.4080, -6.702
80.93, 0.4070, -8.950
80.94, 0.4060, -6.606
80.95, 0.4050, -6.762
80.96, 0.4040, -6.830
80.97, 0.4030, -7.919
80.98, 0.4020, -9.447
80.99, 0.4010, -8.201
81.00, 0.4000, -8.084
81.01, 0.3990, -7.756
81.02, 0.3980, -8.701
81.03, 0.3970, -8.280
81.04, 0.3960, -9.478
81.05, 0.3950, -8.358
81.06, 0.3940, -8.120
81.07, 0.3930, -8.967
81.08, 0.3920, -9.134
81.09, 0.3910, -9.592
81.10, 0.3900, -10.75
81.11, 0.3890, -9.333
81.12, 0.3880, -9.125
81.13, 0.3870, -7.754
81.14, 0.3860, -8.319
81.15, 0.3850, -9.457
81.16, 0.3840, -9.449
81.17, 0.3830, -8.479
81.18, 0.3820, -8.311
81.19, 0.3810, -8.716
81.20, 0.3800, -11.40
81.21, 0.3790, -8.423
81.22, 0.3780, -9.792
81.23, 0.3770, -8.545
81.24, 0.3760, -8.436
81.25, 0.3750, -7.436
81.26, 0.3740, -8.232
81.27, 0.3730, -9.873
81.28, 0.3720, -9.238
81.29, 0.3710, -8.825
81.30, 0.3700, -8.502
81.31, 0.3690, -9.485
81.32, 0.3680, -9.600
81.33, 0.3670, -9.322
81.34, 0.3660, -8.063
81.35, 0.3650, -7.893
81.36, 0.3640, -10.01
81.37, 0.3630, -7.740
81.38, 0.3620, -10.14
81.39, 0.3610, -11.03
81.40, 0.3600, -9.817
81.41, 0.3590, -8.631
81.42, 0.3580, -9.293
81.43, 0.3570, -9.416
81.44, 0.3560, -10.36
81.45, 0.3550, -10.36
81.46, 0.3540, -10.43
81.47, 0.3530, -11.15
81.48, 0.3520, -10.12
81.49, 0.3510, -10.46
81.50, 0.3500, -11.77
81.51, 0.3490, -11.28
81.52, 0.3480, -10.94
81.53, 0.3470, -12.00
81.54, 0.3460, -11.28
81.55, 0.3450, -11.57
81.56, 0.3440, -11.07
81.57, 0.3430, -12.80
81.58, 0.3420, -10.79
81.59, 0.3410, -12.54
81.60, 0.3400, -11.84
81.61, 0.3390, -10.15
81.62, 0.3380, -12.21
81.63, 0.3370, -10.26
81.64, 0.3360, -10.55
81.65, 0.3350, -10.99
81.66, 0.3340, -11.66
81.67, 0.3330, -12.02
81.68, 0.3320, -10.36
81.69, 0.3310, -11.38
81.70, 0.3300, -10.84
81.71, 0.3290, -10.48
81.72, 0.3280, -11.41
81.73, 0.3270, -11.28
81.74, 0.3260, -11.81
81.75, 0.3250, -10.51
81.76, 0.3240, -11.44
81.77, 0.3230, -10.89
81.78, 0.3220, -11.06
81.79, 0.3210, -11.16
81.80, 0.3200, -9.737
81.81, 0.3190, -10.35
81.82, 0.3180, -10.27
81.83, 0.3170, -9.571
81.84, 0.3160, -10.23
81.85, 0.3150, -11.89
81.86, 0.3140, -10.94
81.87, 0.3130, -10.48
81.88, 0.3120, -11.35
81.89, 0.3110, -10.44
81.90, 0.3100, -11.07
81.91, 0.3090, -10.06
81.92, 0.3080, -12.52
81.93, 0.3070, -11.27
81.94, 0.3060, -11.27
81.95, 0.3050, -11.87
81.96, 0.3040, -10.91
81.97, 0.3030, -10.86
81.98, 0.3020, -13.36
81.99, 0.3010, -10.32
82.00, 0.3000, -11.50
82.01, 0.2990, -10.83
82.02, 0.2980, -11.44
82.03, 0.2970, -12.30
82.04, 0.2960, -12.03
82.05, 0.2950, -10.98
82.06, 0.2940, -12.06
82.07, 0.2930, -11.08
82.08, 0.2920, -10.69
82.09, 0.2910, -11.26
82.10, 0.2900, -11.69
82.11, 0.2890, -10.59
82.12, 0.2880, -10.77
82.13, 0.2870, -11.58
82.14, 0.2860, -11.05
82.15, 0.2850, -10.98
82.16, 0.2840, -11.70
82.17, 0.2830, -11.26
82.18, 0.2820, -10.30
82.19, 0.2810, -11.47
82.20, 0.2800, -10.76
82.21, 0.2790, -12.45
82.22, 0.2780, -10.54
82.23, 0.2770, -10.96
82.24, 0.2760, -11.23
82.25, 0.2750, -11.11
82.26, 0.2740, -12.81
82.27, 0.2730, -10.77
82.28, 0.2720, -11.87
82.29, 0.2710, -12.18
82.30, 0.2700, -10.86
82.31, 0.2690, -13.22
82.32, 0.2680, -12.09
82.33, 0.2670, -11.57
82.34, 0.2660, -11.50
82.35, 0.2650, -12.55
82.36, 0.2640, -11.88
82.37, 0.2630, -12.42
82.38, 0.2620, -12.34
82.39, 0.2610, -12.77
82.40, 0.2600, -12.43
82.41, 0.2590, -12.19
82.42, 0.2580, -11.67
82.43, 0.2570, -10.60
82.44, 0.2560, -12.06
82.45, 0.2550, -11.00
82.46, 0.2540, -11.93
82.47, 0.2530, -11.03
82.48, 0.2520, -9.551
82.49, 0.2510, -12.59
82.50, 0.2500, -10.15
82.51, 0.2490, -11.94
82.52, 0.2480, -11.18
82.53, 0.2470, -10.86
82.54, 0.2460, -10.83
82.55, 0.2450, -11.60
82.56, 0.2440, -11.63
82.57, 0.2430, -11.26
82.58, 0.2420, -11.49
82.59, 0.2410, -11.61
82.60, 0.2400, -9.949
82.61, 0.2390, -10.70
82.62, 0.2380, -10.52
82.63, 0.2370, -10.94
82.64, 0.2360, -13.23
82.65, 0.2350, -11.34
82.66, 0.2340, -12.38
82.67, 0.2330, -10.68
82.68, 0.2320, -11.62
82.69, 0.2310, -10.25
82.70, 0.2300, -11.39
82.71, 0.2290, -12.88
82.72, 0.2280, -13.64
82.73, 0.2270, -12.08
82.74, 0.2260, -11.59
82.75, 0.2250, -14.15
82.76, 0.2240, -13.59
82.77, 0.2230, -13.04
82.78, 0.2220, -12.68
82.79, 0.2210, -14.16
82.80, 0.2200, -10.93
82.81, 0.2190, -12.46
82.82, 0.2180, -13.35
82.83, 0.2170, -13.19
82.84, 0.2160, -12.68
82.85, 0.2150, -12.12
82.86, 0.2140, -14.05
82.87, 0.2130, -11.68
82.88, 0.2120, -12.21
82.89, 0.2110, -12.38
82.90, 0.2100, -12.68
82.91, 0.2090, -12.75
82.92, 0.2080, -12.11
82.93, 0.2070, -11.90
82.94, 0.2060, -12.28
82.95, 0.2050, -12.37
82.96, 0.2040, -12.08
82.97, 0.2030, -12.31
82.98, 0.2020, -14.05
82.99, 0.2010, -12.08
83.00, 0.2000, -13.23
83.01, 0.1990, -10.95
83.02, 0.1980, -13.02
83.03, 0.1970, -11.48
83.04, 0.1960, -12.72
83.05, 0.1950, -12.92
83.06, 0.1940, -12.64
83.07, 0.1930, -12.25
83.08, 0.1920, -11.80
83.09, 0.1910, -11.54
83.10, 0.1900, -14.19
83.11, 0.1890, -11.21
83.12, 0.1880, -13.51
83.13, 0.1870, -12.06
83.14, 0.1860, -13.50
83.15, 0.1850, -13.18
83.16, 0.1840, -12.35
83.17, 0.1830, -13.43
83.18, 0.1820, -12.92
83.19, 0.1810, -14.04
83.20, 0.1800, -12.26
83.21, 0.1790, -12.82
83.22, 0.1780, -12.44
83.23, 0.1770, -12.43
83.24, 0.1760, -14.46
83.25, 0.1750, -13.21
83.26, 0.1740, -13.46
83.27, 0.1730, -13.13
83.28, 0.1720, -12.87
83.29, 0.1710, -12.54
83.30, 0.1700, -14.24
83.31, 0.1690, -12.52
83.32, 0.1680, -12.70
83.33, 0.1670, -12.22
83.34, 0.1660, -13.76
83.35, 0.1650, -14.34
83.36, 0.1640, -13.13
83.37, 0.1630, -13.23
83.38, 0.1620, -12.66
83.39, 0.1610, -12.79
83.40, 0.1600, -13.17
83.41, 0.1590, -14.25
83.42, 0.1580, -13.90
83.43, 0.1570, -13.16
83.44, 0.1560, -12.46
83.45, 0.1550, -13.48
83.46, 0.1540, -15.17
83.47, 0.1530, -13.32
83.48, 0.1520, -14.45
83.49, 0.1510, -13.62
83.50, 0.1500, -13.77
83.51, 0.1490, -14.23
83.52, 0.1480, -13.03
83.53, 0.1470, -13.14
83.54, 0.1460, -13.55
83.55, 0.1450, -12.61
83.56, 0.1440, -15.17
83.57, 0.1430, -14.04
83.58, 0.1420, -14.34
83.59, 0.1410, -14.95
83.60, 0.1400, -14.72
83.61, 0.1390, -14.36
83.62, 0.1380, -14.07
83.63, 0.1370, -15.50
83.64, 0.1360, -14.83
83.65, 0.1350, -15.09
83.66, 0.1340, -14.56
83.67, 0.1330, -15.00
83.68, 0.1320, -14.17
83.69, 0.1310, -15.69
83.70, 0.1300, -13.58
83.71, 0.1290, -15.51
83.72, 0.1280, -14.70
83.73, 0.1270, -15.12
83.74, 0.1260, -15.51
83.75, 0.1250, -15.66
83.76, 0.1240, -14.97
83.77, 0.1230, -15.09
83.78, 0.1220, -14.90
83.79, 0.1210, -13.83
83.80, 0.1200, -13.90
83.81, 0.1190, -14.27
83.82, 0.1180, -14.90
83.83, 0.1170, -14.40
83.84, 0.1160, -12.98
83.85, 0.1150, -14.15
83.86, 0.1140, -15.20
83.87, 0.1130, -14.71
83.88, 0.1120, -14.45
83.89, 0.1110, -13.70
83.90, 0.1100, -13.70
83.91, 0.1090, -13.79
83.92, 0.1080, -12.34
83.93, 0.1070, -13.08
83.94, 0.1060, -15.49
83.95, 0.1050, -13.23
83.96, 0.1040, -13.55
83.97, 0.1030, -16.08
83.98, 0.1020, -14.85
83.99, 0.1010, -14.97
84.00, 0.1000, -15.42
84.01, 0.09900, -16.05
84.02, 0.09800, -14.68
84.03, 0.09700, -15.87
84.04, 0.09600, -16.40
84.05, 0.09500, -15.70
84.06, 0.09400, -14.53
84.07, 0.09300, -15.60
84.08, 0.09200, -16.16
84.09, 0.09100, -15.30
84.10, 0.09000, -15.55
84.11, 0.08900, -16.68
84.12, 0.08800, -17.07
84.13, 0.08700, -15.70
84.14, 0.08600, -16.14
84.15, 0.08500, -14.61
84.16, 0.08400, -15.15
84.17, 0.08300, -15.65
84.18, 0.08200, -14.47
84.19, 0.08100, -15.66
84.20, 0.08000, -15.23
84.21, 0.07900, -15.72
84.22, 0.07800, -16.53
84.23, 0.07700, -14.35
84.24, 0.07600, -15.54
84.25, 0.07500, -16.04
84.26, 0.07400, -15.75
84.27, 0.07300, -14.49
84.28, 0.07200, -14.41
84.29, 0.07100, -16.79
84.30, 0.07000, -15.61
84.31, 0.06900, -15.88
84.32, 0.06800, -16.66
84.33, 0.06700, -14.42
84.34, 0.06600, -17.46
84.35, 0.06500, -14.60
84.36, 0.06400, -16.88
84.37, 0.06300, -16.23
84.38, 0.06200, -15.40
84.39, 0.06100, -14.87
84.40, 0.06000, -15.70
84.41, 0.05900, -16.22
84.42, 0.05800, -16.33
84.43, 0.05700, -16.49
84.44, 0.05600, -17.94
84.45, 0.05500, -16.04
84.46, 0.05400, -17.44
84.47, 0.05300, -17.46
84.48, 0.05200, -17.23
84.49, 0.05100, -15.99
84.50, 0.05000, -15.44
84.51, 0.04900, -15.12
84.52, 0.04800, -17.06
84.53, 0.04700, -15.39
84.54, 0.04600, -15.87
84.55, 0.04500, -16.31
84.56, 0.04400, -17.93
84.57, 0.04300, -17.20
84.58, 0.04200, -16.57
84.59, 0.04100, -16.41
84.60, 0.04000, -16.04
84.61, 0.03900, -16.33
84.62, 0.03800, -16.69
84.63, 0.03700, -16.50
84.64, 0.03600, -16.07
84.65, 0.03500, -16.52
84.66, 0.03400, -16.88
84.67, 0.03300, -15.53
84.68, 0.03200, -15.80
84.69, 0.03100, -16.14
84.70, 0.03000, -16.00
84.71, 0.02900, -17.12
84.72, 0.02800, -16.19
84.73, 0.02700, -17.80
84.74, 0.02600, -16.52
84.75, 0.02500, -15.65
84.76, 0.02400, -17.27
84.77, 0.02300, -17.05
84.78, 0.02200, -15.03
84.79, 0.02100, -16.31
84.80, 0.02000, -17.14
84.81, 0.01900, -16.90
84.82, 0.01800, -16.43
84.83, 0.01700, -15.99
84.84, 0.01600, -16.02
84.85, 0.01500, -16.49
84.86, 0.01400, -17.90
84.87, 0.01300, -17.83
84.88, 0.01200, -16.58
84.89, 0.01100, -17.27
84.90, 0.01000, -17.41
84.91, 0.009000, -17.62
84.92, 0.008000, -17.44
84.93, 0.007000, -18.27
84.94, 0.006000, -16.46
84.95, 0.005000, -16.44
84.96, 0.004000, -16.87
84.97, 0.003000, -17.87
84.98, 0.002000, -16.58
84.99, 0.001000, -16.84
85.00, 0.000, -13.33
