0.01000, -0.8000, -54.08
0.02000, -0.8000, -25.29
0.03000, -0.8000, -19.22
0.04000, -0.8000, -18.85
0.05000, -0.8000, -17.87
0.06000, -0.8000, -16.15
0.07000, -0.8000, -15.01
0.08000, -0.8000, -15.28
0.09000, -0.8000, -15.14
0.1000, -0.8000, -12.95
0.1100, -0.8000, -13.47
0.1200, -0.8000, -14.27
0.1300, -0.8000, -12.46
0.1400, -0.8000, -13.13
0.1500, -0.8000, -13.52
0.1600, -0.8000, -12.87
0.1700, -0.8000, -11.98
0.1800, -0.8000, -12.47
0.1900, -0.8000, -12.28
0.2000, -0.8000, -12.52
0.2100, -0.8000, -12.21
0.2200, -0.8000, -12.46
0.2300, -0.8000, -11.31
0.2400, -0.8000, -11.25
0.2500, -0.8000, -12.07
0.2600, -0.8000, -10.61
0.2700, -0.8000, -11.40
0.2800, -0.8000, -10.50
0.2900, -0.8000, -12.08
0.3000, -0.8000, -9.950
0.3100, -0.8000, -9.663
0.3200, -0.8000, -10.99
0.3300, -0.8000, -10.36
0.3400, -0.8000, -10.34
0.3500, -0.8000, -10.46
0.3600, -0.8000, -10.16
0.3700, -0.8000, -9.660
0.3800, -0.8000, -10.87
0.3900, -0.8000, -11.07
0.4000, -0.8000, -10.12
0.4100, -0.8000, -9.762
0.4200, -0.8000, -10.77
0.4300, -0.8000, -9.302
0.4400, -0.8000, -10.01
0.4500, -0.8000, -9.079
0.4600, -0.8000, -10.71
0.4700, -0.8000, -10.20
0.4800, -0.8000, -9.079
0.4900, -0.8000, -10.41
0.5000, -0.8000, -8.802
0.5100, -0.8000, -8.794
0.5200, -0.8000, -10.23
0.5300, -0.8000, -10.60
0.5400, -0.8000, -9.487
0.5500, -0.8000, -10.18
0.5600, -0.8000, -10.56
0.5700, -0.8000, -10.37
0.5800, -0.8000, -10.45
0.5900, -0.8000, -11.12
0.6000, -0.8000, -10.55
0.6100, -0.8000, -10.86
0.6200, -0.8000, -10.06
0.6300, -0.8000, -10.30
0.6400, -0.8000, -11.05
0.6500, -0.8000, -10.99
0.6600, -0.8000, -11.46
0.6700, -0.8000, -10.39
0.6800, -0.8000, -10.37
0.6900, -0.8000, -11.52
0.7000, -0.8000, -11.22
0.7100, -0.8000, -9.727
0.7200, -0.8000, -9.175
0.7300, -0.8000, -9.621
0.7400, -0.8000, -9.142
0.7500, -0.8000, -9.386
0.7600, -0.8000, -9.305
0.7700, -0.8000, -9.729
0.7800, -0.8000, -8.895
0.7900, -0.8000, -9.170
0.8000, -0.8000, -9.606
0.8100, -0.8000, -10.77
0.8200, -0.8000, -9.365
0.8300, -0.8000, -8.703
0.8400, -0.8000, -9.229
0.8500, -0.8000, -8.763
0.8600, -0.8000, -9.464
0.8700, -0.8000, -8.965
0.8800, -0.8000, -10.51
0.8900, -0.8000, -9.496
0.9000, -0.8000, -8.403
0.9100, -0.8000, -8.798
0.9200, -0.8000, -9.398
0.9300, -0.8000, -9.516
0.9400, -0.8000, -8.294
0.9500, -0.8000, -8.752
0.9600, -0.8000, -8.844
0.9700, -0.8000, -10.45
0.9800, -0.8000, -7.939
0.9900, -0.8000, -8.554
1.000, -0.8000, -9.483
1.010, -0.8000, -9.159
1.020, -0.8000, -9.453
1.030, -0.8000, -9.383
1.040, -0.8000, -9.966
1.050, -0.8000, -10.72
1.060, -0.8000, -10.51
1.070, -0.8000, -9.305
1.080, -0.8000, -10.52
1.090, -0.8000, -8.989
1.100, -0.8000, -9.591
1.110, -0.8000, -9.663
1.120, -0.8000, -9.704
1.130, -0.8000, -10.45
1.140, -0.8000, -9.036
1.150, -0.8000, -9.522
1.160, -0.8000, -8.650
1.170, -0.8000, -8.509
1.180, -0.8000, -9.125
1.190, -0.8000, -8.840
1.200, -0.8000, -9.250
1.210, -0.8000, -8.967
1.220, -0.8000, -9.363
1.230, -0.8000, -9.327
1.240, -0.8000, -9.035
1.250, -0.8000, -9.648
1.260, -0.8000, -9.078
1.270, -0.8000, -8.856
1.280, -0.8000, -9.272
1.290, -0.8000, -9.331
1.300, -0.8000, -9.539
1.310, -0.8000, -9.898
1.320, -0.8000, -10.04
1.330, -0.8000, -8.724
1.340, -0.8000, -8.430
1.350, -0.8000, -10.41
1.360, -0.8000, -8.795
1.370, -0.8000, -7.959
1.380, -0.8000, -8.738
1.390, -0.8000, -8.491
1.400, -0.8000, -8.115
1.410, -0.8000, -8.877
1.420, -0.8000, -8.489
1.430, -0.8000, -7.825
1.440, -0.8000, -8.827
1.450, -0.8000, -9.763
1.460, -0.8000, -10.46
1.470, -0.8000, -9.183
1.480, -0.8000, -9.320
1.490, -0.8000, -10.48
1.500, -0.8000, -10.33
1.510, -0.8000, -9.396
1.520, -0.8000, -10.68
1.530, -0.8000, -9.358
1.540, -0.8000, -9.028
1.550, -0.8000, -8.468
1.560, -0.8000, -10.80
1.570, -0.8000, -9.861
1.580, -0.8000, -9.158
1.590, -0.8000, -9.458
1.600, -0.8000, -8.075
1.610, -0.8000, -9.198
1.620, -0.8000, -8.961
1.630, -0.8000, -10.04
1.640, -0.8000, -8.706
1.650, -0.8000, -8.906
1.660, -0.8000, -9.635
1.670, -0.8000, -10.49
1.680, -0.8000, -8.150
1.690, -0.8000, -8.465
1.700, -0.8000, -8.657
1.710, -0.8000, -9.403
1.720, -0.8000, -8.520
1.730, -0.8000, -8.205
1.740, -0.8000, -8.488
1.750, -0.8000, -8.764
1.760, -0.8000, -9.914
1.770, -0.8000, -9.153
1.780, -0.8000, -8.397
1.790, -0.8000, -9.519
1.800, -0.8000, -9.803
1.810, -0.8000, -8.697
1.820, -0.8000, -9.838
1.830, -0.8000, -9.216
1.840, -0.8000, -9.087
1.850, -0.8000, -10.40
1.860, -0.8000, -8.922
1.870, -0.8000, -9.239
1.880, -0.8000, -9.586
1.890, -0.8000, -8.368
1.900, -0.8000, -9.568
1.910, -0.8000, -9.730
1.920, -0.8000, -9.034
1.930, -0.8000, -8.481
1.940, -0.8000, -8.483
1.950, -0.8000, -8.783
1.960, -0.8000, -10.18
1.970, -0.8000, -8.664
1.980, -0.8000, -9.231
1.990, -0.8000, -8.486
2.000, -0.8000, -9.639
2.010, -0.8000, -9.160
2.020, -0.8000, -8.949
2.030, -0.8000, -9.040
2.040, -0.8000, -8.796
2.050, -0.8000, -9.294
2.060, -0.8000, -10.64
2.070, -0.8000, -9.567
2.080, -0.8000, -9.361
2.090, -0.8000, -9.376
2.100, -0.8000, -8.562
2.110, -0.8000, -8.623
2.120, -0.8000, -9.154
2.130, -0.8000, -8.640
2.140, -0.8000, -8.364
2.150, -0.8000, -9.004
2.160, -0.8000, -8.476
2.170, -0.8000, -7.635
2.180, -0.8000, -8.810
2.190, -0.8000, -8.448
2.200, -0.8000, -8.412
2.210, -0.8000, -8.244
2.220, -0.8000, -7.704
2.230, -0.8000, -8.006
2.240, -0.8000, -9.268
2.250, -0.8000, -8.131
2.260, -0.8000, -7.703
2.270, -0.8000, -8.529
2.280, -0.8000, -7.875
2.290, -0.8000, -8.024
2.300, -0.8000, -8.149
2.310, -0.8000, -7.069
2.320, -0.8000, -9.775
2.330, -0.8000, -9.247
2.340, -0.8000, -8.328
2.350, -0.8000, -9.359
2.360, -0.8000, -9.271
2.370, -0.8000, -8.759
2.380, -0.8000, -8.609
2.390, -0.8000, -7.718
2.400, -0.8000, -8.756
2.410, -0.8000, -8.501
2.420, -0.8000, -9.042
2.430, -0.8000, -8.608
2.440, -0.8000, -9.056
2.450, -0.8000, -8.603
2.460, -0.8000, -8.740
2.470, -0.8000, -8.903
2.480, -0.8000, -7.468
2.490, -0.8000, -8.482
2.500, -0.8000, -8.230
2.510, -0.8000, -7.869
2.520, -0.8000, -8.207
2.530, -0.8000, -9.860
2.540, -0.8000, -8.524
2.550, -0.8000, -9.175
2.560, -0.8000, -8.466
2.570, -0.8000, -9.171
2.580, -0.8000, -11.06
2.590, -0.8000, -8.727
2.600, -0.8000, -9.677
2.610, -0.8000, -8.677
2.620, -0.8000, -9.473
2.630, -0.8000, -9.563
2.640, -0.8000, -9.577
2.650, -0.8000, -9.403
2.660, -0.8000, -8.857
2.670, -0.8000, -8.990
2.680, -0.8000, -8.832
2.690, -0.8000, -8.349
2.700, -0.8000, -7.874
2.710, -0.8000, -10.50
2.720, -0.8000, -8.479
2.730, -0.8000, -9.231
2.740, -0.8000, -9.191
2.750, -0.8000, -7.960
2.760, -0.8000, -8.343
2.770, -0.8000, -9.042
2.780, -0.8000, -8.209
2.790, -0.8000, -7.793
2.800, -0.8000, -8.294
2.810, -0.8000, -7.923
2.820, -0.8000, -8.214
2.830, -0.8000, -9.428
2.840, -0.8000, -8.886
2.850, -0.8000, -8.126
2.860, -0.8000, -7.983
2.870, -0.8000, -7.885
2.880, -0.8000, -9.489
2.890, -0.8000, -8.538
2.900, -0.8000, -8.124
2.910, -0.8000, -8.052
2.920, -0.8000, -8.393
2.930, -0.8000, -8.448
2.940, -0.8000, -8.036
2.950, -0.8000, -8.130
2.960, -0.8000, -7.208
2.970, -0.8000, -8.233
2.980, -0.8000, -7.539
2.990, -0.8000, -7.634
3.000, -0.8000, -7.895
3.010, -0.8000, -8.088
3.020, -0.8000, -9.492
3.030, -0.8000, -9.090
3.040, -0.8000, -8.041
3.050, -0.8000, -7.771
3.060, -0.8000, -7.032
3.070, -0.8000, -8.350
3.080, -0.8000, -8.567
3.090, -0.8000, -7.835
3.100, -0.8000, -8.613
3.110, -0.8000, -8.094
3.120, -0.8000, -7.282
3.130, -0.8000, -8.246
3.140, -0.8000, -7.778
3.150, -0.8000, -8.523
3.160, -0.8000, -8.036
3.170, -0.8000, -8.580
3.180, -0.8000, -7.783
3.190, -0.8000, -7.884
3.200, -0.8000, -8.814
3.210, -0.8000, -8.289
3.220, -0.8000, -7.319
3.230, -0.8000, -7.799
3.240, -0.8000, -8.169
3.250, -0.8000, -7.895
3.260, -0.8000, -8.366
3.270, -0.8000, -9.845
3.280, -0.8000, -8.175
3.290, -0.8000, -8.679
3.300, -0.8000, -8.238
3.310, -0.8000, -7.876
3.320, -0.8000, -8.665
3.330, -0.8000, -7.863
3.340, -0.8000, -7.273
3.350, -0.8000, -8.463
3.360, -0.8000, -7.840
3.370, -0.8000, -8.492
3.380, -0.8000, -8.636
3.390, -0.8000, -8.647
3.400, -0.8000, -8.900
3.410, -0.8000, -8.123
3.420, -0.8000, -8.046
3.430, -0.8000, -9.582
3.440, -0.8000, -8.823
3.450, -0.8000, -7.602
3.460, -0.8000, -9.306
3.470, -0.8000, -7.952
3.480, -0.8000, -10.30
3.490, -0.8000, -9.101
3.500, -0.8000, -7.719
3.510, -0.8000, -8.477
3.520, -0.8000, -9.093
3.530, -0.8000, -6.661
3.540, -0.8000, -7.862
3.550, -0.8000, -8.559
3.560, -0.8000, -8.128
3.570, -0.8000, -8.592
3.580, -0.8000, -8.623
3.590, -0.8000, -8.406
3.600, -0.8000, -8.784
3.610, -0.8000, -8.718
3.620, -0.8000, -7.978
3.630, -0.8000, -9.640
3.640, -0.8000, -8.732
3.650, -0.8000, -10.36
3.660, -0.8000, -8.557
3.670, -0.8000, -8.638
3.680, -0.8000, -10.03
3.690, -0.8000, -8.047
3.700, -0.8000, -8.463
3.710, -0.8000, -8.420
3.720, -0.8000, -8.101
3.730, -0.8000, -8.099
3.740, -0.8000, -8.580
3.750, -0.8000, -8.724
3.760, -0.8000, -7.555
3.770, -0.8000, -8.151
3.780, -0.8000, -8.949
3.790, -0.8000, -7.144
3.800, -0.8000, -8.880
3.810, -0.8000, -8.780
3.820, -0.8000, -8.358
3.830, -0.8000, -8.931
3.840, -0.8000, -8.606
3.850, -0.8000, -8.334
3.860, -0.8000, -8.415
3.870, -0.8000, -9.406
3.880, -0.8000, -7.487
3.890, -0.8000, -7.939
3.900, -0.8000, -8.608
3.910, -0.8000, -7.573
3.920, -0.8000, -7.981
3.930, -0.8000, -8.822
3.940, -0.8000, -8.349
3.950, -0.8000, -9.303
3.960, -0.8000, -9.115
3.970, -0.8000, -7.788
3.980, -0.8000, -8.105
3.990, -0.8000, -7.872
4.000, -0.8000, -9.023
4.010, -0.8000, -7.723
4.020, -0.8000, -7.761
4.030, -0.8000, -7.788
4.040, -0.8000, -8.614
4.050, -0.8000, -7.628
4.060, -0.8000, -7.310
4.070, -0.8000, -8.564
4.080, -0.8000, -7.813
4.090, -0.8000, -7.492
4.100, -0.8000, -8.120
4.110, -0.8000, -7.402
4.120, -0.8000, -8.218
4.130, -0.8000, -8.382
4.140, -0.8000, -8.507
4.150, -0.8000, -7.005
4.160, -0.8000, -8.500
4.170, -0.8000, -8.047
4.180, -0.8000, -9.169
4.190, -0.8000, -7.800
4.200, -0.8000, -9.014
4.210, -0.8000, -7.478
4.220, -0.8000, -7.149
4.230, -0.8000, -6.855
4.240, -0.8000, -9.060
4.250, -0.8000, -7.551
4.260, -0.8000, -7.891
4.270, -0.8000, -6.875
4.280, -0.8000, -8.573
4.290, -0.8000, -7.193
4.300, -0.8000, -7.901
4.310, -0.8000, -7.592
4.320, -0.8000, -8.825
4.330, -0.8000, -8.289
4.340, -0.8000, -9.572
4.350, -0.8000, -8.777
4.360, -0.8000, -9.564
4.370, -0.8000, -8.471
4.380, -0.8000, -9.361
4.390, -0.8000, -8.642
4.400, -0.8000, -8.467
4.410, -0.8000, -8.744
4.420, -0.8000, -9.537
4.430, -0.8000, -9.421
4.440, -0.8000, -9.275
4.450, -0.8000, -8.870
4.460, -0.8000, -8.418
4.470, -0.8000, -8.635
4.480, -0.8000, -9.319
4.490, -0.8000, -8.615
4.500, -0.8000, -7.385
4.510, -0.8000, -8.622
4.520, -0.8000, -7.345
4.530, -0.8000, -6.972
4.540, -0.8000, -8.019
4.550, -0.8000, -8.479
4.560, -0.8000, -7.290
4.570, -0.8000, -9.039
4.580, -0.8000, -9.364
4.590, -0.8000, -8.010
4.600, -0.8000, -7.987
4.610, -0.8000, -8.247
4.620, -0.8000, -8.034
4.630, -0.8000, -8.205
4.640, -0.8000, -8.853
4.650, -0.8000, -8.794
4.660, -0.8000, -8.798
4.670, -0.8000, -7.746
4.680, -0.8000, -8.132
4.690, -0.8000, -7.840
4.700, -0.8000, -8.740
4.710, -0.8000, -8.051
4.720, -0.8000, -7.475
4.730, -0.8000, -7.214
4.740, -0.8000, -9.179
4.750, -0.8000, -8.358
4.760, -0.8000, -8.600
4.770, -0.8000, -7.682
4.780, -0.8000, -7.971
4.790, -0.8000, -7.976
4.800, -0.8000, -7.812
4.810, -0.8000, -8.293
4.820, -0.8000, -7.417
4.830, -0.8000, -7.958
4.840, -0.8000, -8.009
4.850, -0.8000, -8.734
4.860, -0.8000, -7.579
4.870, -0.8000, -7.392
4.880, -0.8000, -7.836
4.890, -0.8000, -7.338
4.900, -0.8000, -6.683
4.910, -0.8000, -8.037
4.920, -0.8000, -6.807
4.930, -0.8000, -7.363
4.940, -0.8000, -7.883
4.950, -0.8000, -8.128
4.960, -0.8000, -8.030
4.970, -0.8000, -8.851
4.980, -0.8000, -7.398
4.990, -0.8000, -9.332
5.000, -0.8000, -8.187
5.010, -0.8000, -7.734
5.020, -0.8000, -8.754
5.030, -0.8000, -9.273
5.040, -0.8000, -9.162
5.050, -0.8000, -9.047
5.060, -0.8000, -8.864
5.070, -0.8000, -8.426
5.080, -0.8000, -8.029
5.090, -0.8000, -8.437
5.100, -0.8000, -10.42
5.110, -0.8000, -8.472
5.120, -0.8000, -7.808
5.130, -0.8000, -9.506
5.140, -0.8000, -9.073
5.150, -0.8000, -9.018
5.160, -0.8000, -8.949
5.170, -0.8000, -8.605
5.180, -0.8000, -8.771
5.190, -0.8000, -9.258
5.200, -0.8000, -8.599
5.210, -0.8000, -8.684
5.220, -0.8000, -8.370
5.230, -0.8000, -8.071
5.240, -0.8000, -9.170
5.250, -0.8000, -8.501
5.260, -0.8000, -9.530
5.270, -0.8000, -7.828
5.280, -0.8000, -8.850
5.290, -0.8000, -9.391
5.300, -0.8000, -8.472
5.310, -0.8000, -7.950
5.320, -0.8000, -7.796
5.330, -0.8000, -9.286
5.340, -0.8000, -8.148
5.350, -0.8000, -8.220
5.360, -0.8000, -7.582
5.370, -0.8000, -7.600
5.380, -0.8000, -8.143
5.390, -0.8000, -8.934
5.400, -0.8000, -8.222
5.410, -0.8000, -8.083
5.420, -0.8000, -7.669
5.430, -0.8000, -8.193
5.440, -0.8000, -7.655
5.450, -0.8000, -8.629
5.460, -0.8000, -9.497
5.470, -0.8000, -8.039
5.480, -0.8000, -8.798
5.490, -0.8000, -7.788
5.500, -0.8000, -7.655
5.510, -0.8000, -8.559
5.520, -0.8000, -7.739
5.530, -0.8000, -9.761
5.540, -0.8000, -8.360
5.550, -0.8000, -8.843
5.560, -0.8000, -8.330
5.570, -0.8000, -9.310
5.580, -0.8000, -8.824
5.590, -0.8000, -9.142
5.600, -0.8000, -8.827
5.610, -0.8000, -10.05
5.620, -0.8000, -9.618
5.630, -0.8000, -9.098
5.640, -0.8000, -9.058
5.650, -0.8000, -8.277
5.660, -0.8000, -7.671
5.670, -0.8000, -8.644
5.680, -0.8000, -7.610
5.690, -0.8000, -8.290
5.700, -0.8000, -8.856
5.710, -0.8000, -8.153
5.720, -0.8000, -9.007
5.730, -0.8000, -8.062
5.740, -0.8000, -8.998
5.750, -0.8000, -7.425
5.760, -0.8000, -8.705
5.770, -0.8000, -8.723
5.780, -0.8000, -8.016
5.790, -0.8000, -8.931
5.800, -0.8000, -8.360
5.810, -0.8000, -7.740
5.820, -0.8000, -8.901
5.830, -0.8000, -7.893
5.840, -0.8000, -8.241
5.850, -0.8000, -8.256
5.860, -0.8000, -8.513
5.870, -0.8000, -7.840
5.880, -0.8000, -8.547
5.890, -0.8000, -8.002
5.900, -0.8000, -8.106
5.910, -0.8000, -8.268
5.920, -0.8000, -8.066
5.930, -0.8000, -8.072
5.940, -0.8000, -7.324
5.950, -0.8000, -8.198
5.960, -0.8000, -7.244
5.970, -0.8000, -8.610
5.980, -0.8000, -8.000
5.990, -0.8000, -8.555
6.000, -0.8000, -7.018
6.010, -0.8000, -8.120
6.020, -0.8000, -9.085
6.030, -0.8000, -6.620
6.040, -0.8000, -7.432
6.050, -0.8000, -7.710
6.060, -0.8000, -7.849
6.070, -0.8000, -9.306
6.080, -0.8000, -6.998
6.090, -0.8000, -7.452
6.100, -0.8000, -8.775
6.110, -0.8000, -7.208
6.120, -0.8000, -7.781
6.130, -0.8000, -7.027
6.140, -0.8000, -7.613
6.150, -0.8000, -7.952
6.160, -0.8000, -7.852
6.170, -0.8000, -8.315
6.180, -0.8000, -8.989
6.190, -0.8000, -8.225
6.200, -0.8000, -9.617
6.210, -0.8000, -8.925
6.220, -0.8000, -8.668
6.230, -0.8000, -8.424
6.240, -0.8000, -8.126
6.250, -0.8000, -8.886
6.260, -0.8000, -8.029
6.270, -0.8000, -8.461
6.280, -0.8000, -7.702
6.290, -0.8000, -8.376
6.300, -0.8000, -7.733
6.310, -0.8000, -8.138
6.320, -0.8000, -8.650
6.330, -0.8000, -8.000
6.340, -0.8000, -8.261
6.350, -0.8000, -9.369
6.360, -0.8000, -7.299
6.370, -0.8000, -8.143
6.380, -0.8000, -8.110
6.390, -0.8000, -8.223
6.400, -0.8000, -8.136
6.410, -0.8000, -7.500
6.420, -0.8000, -8.121
6.430, -0.8000, -8.343
6.440, -0.8000, -8.801
6.450, -0.8000, -7.622
6.460, -0.8000, -8.471
6.470, -0.8000, -8.241
6.480, -0.8000, -7.368
6.490, -0.8000, -7.282
6.500, -0.8000, -7.956
6.510, -0.8000, -7.748
6.520, -0.8000, -7.881
6.530, -0.8000, -8.779
6.540, -0.8000, -9.293
6.550, -0.8000, -6.767
6.560, -0.8000, -9.013
6.570, -0.8000, -7.786
6.580, -0.8000, -8.676
6.590, -0.8000, -8.422
6.600, -0.8000, -8.576
6.610, -0.8000, -9.441
6.620, -0.8000, -7.846
6.630, -0.8000, -8.334
6.640, -0.8000, -8.251
6.650, -0.8000, -9.194
6.660, -0.8000, -7.950
6.670, -0.8000, -7.933
6.680, -0.8000, -8.361
6.690, -0.8000, -8.267
6.700, -0.8000, -8.095
6.710, -0.8000, -8.239
6.720, -0.8000, -8.426
6.730, -0.8000, -6.739
6.740, -0.8000, -8.404
6.750, -0.8000, -9.145
6.760, -0.8000, -8.336
6.770, -0.8000, -8.728
6.780, -0.8000, -9.249
6.790, -0.8000, -8.538
6.800, -0.8000, -9.610
6.810, -0.8000, -9.389
6.820, -0.8000, -8.024
6.830, -0.8000, -8.390
6.840, -0.8000, -9.460
6.850, -0.8000, -8.178
6.860, -0.8000, -9.486
6.870, -0.8000, -9.073
6.880, -0.8000, -9.072
6.890, -0.8000, -8.803
6.900, -0.8000, -9.442
6.910, -0.8000, -9.030
6.920, -0.8000, -7.736
6.930, -0.8000, -8.960
6.940, -0.8000, -9.983
6.950, -0.8000, -9.319
6.960, -0.8000, -8.322
6.970, -0.8000, -9.114
6.980, -0.8000, -8.146
6.990, -0.8000, -9.966
7.000, -0.8000, -8.598
7.010, -0.8000, -8.568
7.020, -0.8000, -9.432
7.030, -0.8000, -9.774
7.040, -0.8000, -9.158
7.050, -0.8000, -9.036
7.060, -0.8000, -9.749
7.070, -0.8000, -8.815
7.080, -0.8000, -8.285
7.090, -0.8000, -8.771
7.100, -0.8000, -9.503
7.110, -0.8000, -8.587
7.120, -0.8000, -8.535
7.130, -0.8000, -7.940
7.140, -0.8000, -8.664
7.150, -0.8000, -8.875
7.160, -0.8000, -7.435
7.170, -0.8000, -7.253
7.180, -0.8000, -7.744
7.190, -0.8000, -7.025
7.200, -0.8000, -7.464
7.210, -0.8000, -7.588
7.220, -0.8000, -7.250
7.230, -0.8000, -6.948
7.240, -0.8000, -7.647
7.250, -0.8000, -7.381
7.260, -0.8000, -7.260
7.270, -0.8000, -6.919
7.280, -0.8000, -7.195
7.290, -0.8000, -7.685
7.300, -0.8000, -7.034
7.310, -0.8000, -7.926
7.320, -0.8000, -6.972
7.330, -0.8000, -8.337
7.340, -0.8000, -7.499
7.350, -0.8000, -7.347
7.360, -0.8000, -8.190
7.370, -0.8000, -7.394
7.380, -0.8000, -8.121
7.390, -0.8000, -7.321
7.400, -0.8000, -6.570
7.410, -0.8000, -9.000
7.420, -0.8000, -7.753
7.430, -0.8000, -7.764
7.440, -0.8000, -8.037
7.450, -0.8000, -8.617
7.460, -0.8000, -8.279
7.470, -0.8000, -8.030
7.480, -0.8000, -7.792
7.490, -0.8000, -8.230
7.500, -0.8000, -7.667
7.510, -0.8000, -6.911
7.520, -0.8000, -7.763
7.530, -0.8000, -8.258
7.540, -0.8000, -7.276
7.550, -0.8000, -7.380
7.560, -0.8000, -7.941
7.570, -0.8000, -8.262
7.580, -0.8000, -7.958
7.590, -0.8000, -6.644
7.600, -0.8000, -8.823
7.610, -0.8000, -7.671
7.620, -0.8000, -8.459
7.630, -0.8000, -7.956
7.640, -0.8000, -7.975
7.650, -0.8000, -8.380
7.660, -0.8000, -8.223
7.670, -0.8000, -7.761
7.680, -0.8000, -6.994
7.690, -0.8000, -7.369
7.700, -0.8000, -7.222
7.710, -0.8000, -9.441
7.720, -0.8000, -9.065
7.730, -0.8000, -8.010
7.740, -0.8000, -7.962
7.750, -0.8000, -8.518
7.760, -0.8000, -8.388
7.770, -0.8000, -7.673
7.780, -0.8000, -8.450
7.790, -0.8000, -8.146
7.800, -0.8000, -8.028
7.810, -0.8000, -10.22
7.820, -0.8000, -9.071
7.830, -0.8000, -7.908
7.840, -0.8000, -8.780
7.850, -0.8000, -7.470
7.860, -0.8000, -8.801
7.870, -0.8000, -7.682
7.880, -0.8000, -7.851
7.890, -0.8000, -8.950
7.900, -0.8000, -9.120
7.910, -0.8000, -8.220
7.920, -0.8000, -8.566
7.930, -0.8000, -9.363
7.940, -0.8000, -9.232
7.950, -0.8000, -8.544
7.960, -0.8000, -9.535
7.970, -0.8000, -8.514
7.980, -0.8000, -10.07
7.990, -0.8000, -9.373
8.000, -0.8000, -9.350
8.010, -0.8000, -10.02
8.020, -0.8000, -8.988
8.030, -0.8000, -8.782
8.040, -0.8000, -9.153
8.050, -0.8000, -9.821
8.060, -0.8000, -9.343
8.070, -0.8000, -9.457
8.080, -0.8000, -8.699
8.090, -0.8000, -8.300
8.100, -0.8000, -9.215
8.110, -0.8000, -9.383
8.120, -0.8000, -8.181
8.130, -0.8000, -8.519
8.140, -0.8000, -9.650
8.150, -0.8000, -8.284
8.160, -0.8000, -8.383
8.170, -0.8000, -8.284
8.180, -0.8000, -7.620
8.190, -0.8000, -8.867
8.200, -0.8000, -9.352
8.210, -0.8000, -8.376
8.220, -0.8000, -8.164
8.230, -0.8000, -8.795
8.240, -0.8000, -8.432
8.250, -0.8000, -8.114
8.260, -0.8000, -9.510
8.270, -0.8000, -7.355
8.280, -0.8000, -9.137
8.290, -0.8000, -9.250
8.300, -0.8000, -10.05
8.310, -0.8000, -8.664
8.320, -0.8000, -8.181
8.330, -0.8000, -9.421
8.340, -0.8000, -8.306
8.350, -0.8000, -8.483
8.360, -0.8000, -7.936
8.370, -0.8000, -8.208
8.380, -0.8000, -8.484
8.390, -0.8000, -8.744
8.400, -0.8000, -9.126
8.410, -0.8000, -6.832
8.420, -0.8000, -8.173
8.430, -0.8000, -9.838
8.440, -0.8000, -7.962
8.450, -0.8000, -7.761
8.460, -0.8000, -8.542
8.470, -0.8000, -7.666
8.480, -0.8000, -8.532
8.490, -0.8000, -8.273
8.500, -0.8000, -8.835
8.510, -0.8000, -8.454
8.520, -0.8000, -8.772
8.530, -0.8000, -8.279
8.540, -0.8000, -9.390
8.550, -0.8000, -8.355
8.560, -0.8000, -7.939
8.570, -0.8000, -8.519
8.580, -0.8000, -8.172
8.590, -0.8000, -8.014
8.600, -0.8000, -8.120
8.610, -0.8000, -8.188
8.620, -0.8000, -8.934
8.630, -0.8000, -8.571
8.640, -0.8000, -8.797
8.650, -0.8000, -9.442
8.660, -0.8000, -8.055
8.670, -0.8000, -8.901
8.680, -0.8000, -8.235
8.690, -0.8000, -7.973
8.700, -0.8000, -8.948
8.710, -0.8000, -7.648
8.720, -0.8000, -8.035
8.730, -0.8000, -8.700
8.740, -0.8000, -8.303
8.750, -0.8000, -7.575
8.760, -0.8000, -7.774
8.770, -0.8000, -7.290
8.780, -0.8000, -9.030
8.790, -0.8000, -8.400
8.800, -0.8000, -9.033
8.810, -0.8000, -8.334
8.820, -0.8000, -8.698
8.830, -0.8000, -8.875
8.840, -0.8000, -9.475
8.850, -0.8000, -9.129
8.860, -0.8000, -8.972
8.870, -0.8000, -7.993
8.880, -0.8000, -8.007
8.890, -0.8000, -7.310
8.900, -0.8000, -7.369
8.910, -0.8000, -7.720
8.920, -0.8000, -7.725
8.930, -0.8000, -7.696
8.940, -0.8000, -7.139
8.950, -0.8000, -8.429
8.960, -0.8000, -8.541
8.970, -0.8000, -7.514
8.980, -0.8000, -7.344
8.990, -0.8000, -8.409
9.000, -0.8000, -8.327
9.010, -0.8000, -7.533
9.020, -0.8000, -8.613
9.030, -0.8000, -8.236
9.040, -0.8000, -8.723
9.050, -0.8000, -8.311
9.060, -0.8000, -7.938
9.070, -0.8000, -7.982
9.080, -0.8000, -9.678
9.090, -0.8000, -9.484
9.100, -0.8000, -8.379
9.110, -0.8000, -8.531
9.120, -0.8000, -8.641
9.130, -0.8000, -9.293
9.140, -0.8000, -8.453
9.150, -0.8000, -8.871
9.160, -0.8000, -8.781
9.170, -0.8000, -8.179
9.180, -0.8000, -7.819
9.190, -0.8000, -8.220
9.200, -0.8000, -8.378
9.210, -0.8000, -7.936
9.220, -0.8000, -8.585
9.230, -0.8000, -8.312
9.240, -0.8000, -7.768
9.250, -0.8000, -8.065
9.260, -0.8000, -7.533
9.270, -0.8000, -8.317
9.280, -0.8000, -7.011
9.290, -0.8000, -8.104
9.300, -0.8000, -8.868
9.310, -0.8000, -7.357
9.320, -0.8000, -8.396
9.330, -0.8000, -8.349
9.340, -0.8000, -7.661
9.350, -0.8000, -7.830
9.360, -0.8000, -7.456
9.370, -0.8000, -7.447
9.380, -0.8000, -8.011
9.390, -0.8000, -7.757
9.400, -0.8000, -7.266
9.410, -0.8000, -7.492
9.420, -0.8000, -7.511
9.430, -0.8000, -8.659
9.440, -0.8000, -8.184
9.450, -0.8000, -7.738
9.460, -0.8000, -7.719
9.470, -0.8000, -7.340
9.480, -0.8000, -7.506
9.490, -0.8000, -7.392
9.500, -0.8000, -7.318
9.510, -0.8000, -7.491
9.520, -0.8000, -6.966
9.530, -0.8000, -7.269
9.540, -0.8000, -7.245
9.550, -0.8000, -8.120
9.560, -0.8000, -8.056
9.570, -0.8000, -7.688
9.580, -0.8000, -8.277
9.590, -0.8000, -8.012
9.600, -0.8000, -8.531
9.610, -0.8000, -8.405
9.620, -0.8000, -8.880
9.630, -0.8000, -8.917
9.640, -0.8000, -9.400
9.650, -0.8000, -8.125
9.660, -0.8000, -8.134
9.670, -0.8000, -8.435
9.680, -0.8000, -7.876
9.690, -0.8000, -8.744
9.700, -0.8000, -7.716
9.710, -0.8000, -8.186
9.720, -0.8000, -7.489
9.730, -0.8000, -7.823
9.740, -0.8000, -7.789
9.750, -0.8000, -8.883
9.760, -0.8000, -8.084
9.770, -0.8000, -8.818
9.780, -0.8000, -6.911
9.790, -0.8000, -7.018
9.800, -0.8000, -8.526
9.810, -0.8000, -7.375
9.820, -0.8000, -7.129
9.830, -0.8000, -7.731
9.840, -0.8000, -7.019
9.850, -0.8000, -9.021
9.860, -0.8000, -7.464
9.870, -0.8000, -7.470
9.880, -0.8000, -7.635
9.890, -0.8000, -8.096
9.900, -0.8000, -6.758
9.910, -0.8000, -8.771
9.920, -0.8000, -7.875
9.930, -0.8000, -8.339
9.940, -0.8000, -8.078
9.950, -0.8000, -7.366
9.960, -0.8000, -7.484
9.970, -0.8000, -8.649
9.980, -0.8000, -7.393
9.990, -0.8000, -7.690
10.00, -0.8000, -7.856
10.01, -0.8000, -7.454
10.02, -0.8000, -7.577
10.03, -0.8000, -8.489
10.04, -0.8000, -7.921
10.05, -0.8000, -8.484
10.06, -0.8000, -8.839
10.07, -0.8000, -7.721
10.08, -0.8000, -8.486
10.09, -0.8000, -7.894
10.10, -0.8000, -8.730
10.11, -0.8000, -8.611
10.12, -0.8000, -7.824
10.13, -0.8000, -8.222
10.14, -0.8000, -7.717
10.15, -0.8000, -7.968
10.16, -0.8000, -7.717
10.17, -0.8000, -7.741
10.18, -0.8000, -8.123
10.19, -0.8000, -7.203
10.20, -0.8000, -7.601
10.21, -0.8000, -7.816
10.22, -0.8000, -8.441
10.23, -0.8000, -7.094
10.24, -0.8000, -6.943
10.25, -0.8000, -7.015
10.26, -0.8000, -6.779
10.27, -0.8000, -8.148
10.28, -0.8000, -7.569
10.29, -0.8000, -8.745
10.30, -0.8000, -7.503
10.31, -0.8000, -7.506
10.32, -0.8000, -7.136
10.33, -0.8000, -6.858
10.34, -0.8000, -8.241
10.35, -0.8000, -7.496
10.36, -0.8000, -6.434
10.37, -0.8000, -7.476
10.38, -0.8000, -7.745
10.39, -0.8000, -8.087
10.40, -0.8000, -7.599
10.41, -0.8000, -8.453
10.42, -0.8000, -7.428
10.43, -0.8000, -8.127
10.44, -0.8000, -7.849
10.45, -0.8000, -7.994
10.46, -0.8000, -7.990
10.47, -0.8000, -8.580
10.48, -0.8000, -7.489
10.49, -0.8000, -7.693
10.50, -0.8000, -7.129
10.51, -0.8000, -7.619
10.52, -0.8000, -8.068
10.53, -0.8000, -8.029
10.54, -0.8000, -6.517
10.55, -0.8000, -8.401
10.56, -0.8000, -7.266
10.57, -0.8000, -6.392
10.58, -0.8000, -7.612
10.59, -0.8000, -7.364
10.60, -0.8000, -8.153
10.61, -0.8000, -8.178
10.62, -0.8000, -8.080
10.63, -0.8000, -9.498
10.64, -0.8000, -7.791
10.65, -0.8000, -6.278
10.66, -0.8000, -7.226
10.67, -0.8000, -6.723
10.68, -0.8000, -6.858
10.69, -0.8000, -7.964
10.70, -0.8000, -7.810
10.71, -0.8000, -7.747
10.72, -0.8000, -7.342
10.73, -0.8000, -7.384
10.74, -0.8000, -7.773
10.75, -0.8000, -8.053
10.76, -0.8000, -7.734
10.77, -0.8000, -7.364
10.78, -0.8000, -8.314
10.79, -0.8000, -7.044
10.80, -0.8000, -7.098
10.81, -0.8000, -7.872
10.82, -0.8000, -7.669
10.83, -0.8000, -6.797
10.84, -0.8000, -7.187
10.85, -0.8000, -6.806
10.86, -0.8000, -7.400
10.87, -0.8000, -6.949
10.88, -0.8000, -6.395
10.89, -0.8000, -7.102
10.90, -0.8000, -8.260
10.91, -0.8000, -8.054
10.92, -0.8000, -7.321
10.93, -0.8000, -8.172
10.94, -0.8000, -7.064
10.95, -0.8000, -8.878
10.96, -0.8000, -8.207
10.97, -0.8000, -7.702
10.98, -0.8000, -7.472
10.99, -0.8000, -7.823
11.00, -0.8000, -8.569
11.01, -0.8000, -8.362
11.02, -0.8000, -7.637
11.03, -0.8000, -8.272
11.04, -0.8000, -7.327
11.05, -0.8000, -7.569
11.06, -0.8000, -7.403
11.07, -0.8000, -7.696
11.08, -0.8000, -7.048
11.09, -0.8000, -7.026
11.10, -0.8000, -7.565
11.11, -0.8000, -8.487
11.12, -0.8000, -7.634
11.13, -0.8000, -8.015
11.14, -0.8000, -8.324
11.15, -0.8000, -7.064
11.16, -0.8000, -7.679
11.17, -0.8000, -7.270
11.18, -0.8000, -8.260
11.19, -0.8000, -8.462
11.20, -0.8000, -7.759
11.21, -0.8000, -7.702
11.22, -0.8000, -8.248
11.23, -0.8000, -8.694
11.24, -0.8000, -9.395
11.25, -0.8000, -8.149
11.26, -0.8000, -8.917
11.27, -0.8000, -8.881
11.28, -0.8000, -8.788
11.29, -0.8000, -8.830
11.30, -0.8000, -8.195
11.31, -0.8000, -8.529
11.32, -0.8000, -9.503
11.33, -0.8000, -7.972
11.34, -0.8000, -6.669
11.35, -0.8000, -7.356
11.36, -0.8000, -8.056
11.37, -0.8000, -7.615
11.38, -0.8000, -6.917
11.39, -0.8000, -6.725
11.40, -0.8000, -7.268
11.41, -0.8000, -7.062
11.42, -0.8000, -7.470
11.43, -0.8000, -8.034
11.44, -0.8000, -8.560
11.45, -0.8000, -7.694
11.46, -0.8000, -7.221
11.47, -0.8000, -7.190
11.48, -0.8000, -7.192
11.49, -0.8000, -8.145
11.50, -0.8000, -7.769
11.51, -0.8000, -8.040
11.52, -0.8000, -7.618
11.53, -0.8000, -7.585
11.54, -0.8000, -6.906
11.55, -0.8000, -7.079
11.56, -0.8000, -7.396
11.57, -0.8000, -7.476
11.58, -0.8000, -9.014
11.59, -0.8000, -7.406
11.60, -0.8000, -7.961
11.61, -0.8000, -8.485
11.62, -0.8000, -7.292
11.63, -0.8000, -8.726
11.64, -0.8000, -8.389
11.65, -0.8000, -8.195
11.66, -0.8000, -8.303
11.67, -0.8000, -7.069
11.68, -0.8000, -8.356
11.69, -0.8000, -7.640
11.70, -0.8000, -7.644
11.71, -0.8000, -8.527
11.72, -0.8000, -7.615
11.73, -0.8000, -8.046
11.74, -0.8000, -7.740
11.75, -0.8000, -7.743
11.76, -0.8000, -8.198
11.77, -0.8000, -8.066
11.78, -0.8000, -7.464
11.79, -0.8000, -8.173
11.80, -0.8000, -7.539
11.81, -0.8000, -7.550
11.82, -0.8000, -7.675
11.83, -0.8000, -8.396
11.84, -0.8000, -7.405
11.85, -0.8000, -7.792
11.86, -0.8000, -6.679
11.87, -0.8000, -8.136
11.88, -0.8000, -7.314
11.89, -0.8000, -7.766
11.90, -0.8000, -8.455
11.91, -0.8000, -8.143
11.92, -0.8000, -8.702
11.93, -0.8000, -6.784
11.94, -0.8000, -8.080
11.95, -0.8000, -7.820
11.96, -0.8000, -7.241
11.97, -0.8000, -7.297
11.98, -0.8000, -7.531
11.99, -0.8000, -8.358
12.00, -0.8000, -7.923
12.01, -0.8000, -8.792
12.02, -0.8000, -8.053
12.03, -0.8000, -8.329
12.04, -0.8000, -7.745
12.05, -0.8000, -7.061
12.06, -0.8000, -8.088
12.07, -0.8000, -7.680
12.08, -0.8000, -7.283
12.09, -0.8000, -7.550
12.10, -0.8000, -7.306
12.11, -0.8000, -7.408
12.12, -0.8000, -7.698
12.13, -0.8000, -7.763
12.14, -0.8000, -7.890
12.15, -0.8000, -7.292
12.16, -0.8000, -6.773
12.17, -0.8000, -7.699
12.18, -0.8000, -7.808
12.19, -0.8000, -7.741
12.20, -0.8000, -7.708
12.21, -0.8000, -7.441
12.22, -0.8000, -8.018
12.23, -0.8000, -7.553
12.24, -0.8000, -7.801
12.25, -0.8000, -8.747
12.26, -0.8000, -8.488
12.27, -0.8000, -8.001
12.28, -0.8000, -8.184
12.29, -0.8000, -7.237
12.30, -0.8000, -7.721
12.31, -0.8000, -8.052
12.32, -0.8000, -7.362
12.33, -0.8000, -7.044
12.34, -0.8000, -6.597
12.35, -0.8000, -6.644
12.36, -0.8000, -6.955
12.37, -0.8000, -6.432
12.38, -0.8000, -8.649
12.39, -0.8000, -9.302
12.40, -0.8000, -8.491
12.41, -0.8000, -7.640
12.42, -0.8000, -7.849
12.43, -0.8000, -8.366
12.44, -0.8000, -8.875
12.45, -0.8000, -8.165
12.46, -0.8000, -8.480
12.47, -0.8000, -8.284
12.48, -0.8000, -8.611
12.49, -0.8000, -8.479
12.50, -0.8000, -9.207
12.51, -0.8000, -8.029
12.52, -0.8000, -8.019
12.53, -0.8000, -8.033
12.54, -0.8000, -8.168
12.55, -0.8000, -8.454
12.56, -0.8000, -7.806
12.57, -0.8000, -8.477
12.58, -0.8000, -8.508
12.59, -0.8000, -7.638
12.60, -0.8000, -7.247
12.61, -0.8000, -7.281
12.62, -0.8000, -7.205
12.63, -0.8000, -7.847
12.64, -0.8000, -7.448
12.65, -0.8000, -7.843
12.66, -0.8000, -8.534
12.67, -0.8000, -7.771
12.68, -0.8000, -8.393
12.69, -0.8000, -8.062
12.70, -0.8000, -8.523
12.71, -0.8000, -7.633
12.72, -0.8000, -6.935
12.73, -0.8000, -7.690
12.74, -0.8000, -8.772
12.75, -0.8000, -8.017
12.76, -0.8000, -9.374
12.77, -0.8000, -8.232
12.78, -0.8000, -7.804
12.79, -0.8000, -7.808
12.80, -0.8000, -7.446
12.81, -0.8000, -7.284
12.82, -0.8000, -7.198
12.83, -0.8000, -7.895
12.84, -0.8000, -7.418
12.85, -0.8000, -7.078
12.86, -0.8000, -8.101
12.87, -0.8000, -8.782
12.88, -0.8000, -7.092
12.89, -0.8000, -8.753
12.90, -0.8000, -7.610
12.91, -0.8000, -7.722
12.92, -0.8000, -7.373
12.93, -0.8000, -7.555
12.94, -0.8000, -6.969
12.95, -0.8000, -7.698
12.96, -0.8000, -7.496
12.97, -0.8000, -7.132
12.98, -0.8000, -7.338
12.99, -0.8000, -8.168
13.00, -0.8000, -7.176
13.01, -0.8000, -8.460
13.02, -0.8000, -7.341
13.03, -0.8000, -6.478
13.04, -0.8000, -7.113
13.05, -0.8000, -7.539
13.06, -0.8000, -8.502
13.07, -0.8000, -7.407
13.08, -0.8000, -6.926
13.09, -0.8000, -7.815
13.10, -0.8000, -7.121
13.11, -0.8000, -6.974
13.12, -0.8000, -7.628
13.13, -0.8000, -7.673
13.14, -0.8000, -7.612
13.15, -0.8000, -9.357
13.16, -0.8000, -9.113
13.17, -0.8000, -8.223
13.18, -0.8000, -8.916
13.19, -0.8000, -7.160
13.20, -0.8000, -9.223
13.21, -0.8000, -8.197
13.22, -0.8000, -9.376
13.23, -0.8000, -7.595
13.24, -0.8000, -8.273
13.25, -0.8000, -7.999
13.26, -0.8000, -8.532
13.27, -0.8000, -8.065
13.28, -0.8000, -8.013
13.29, -0.8000, -8.106
13.30, -0.8000, -8.348
13.31, -0.8000, -9.242
13.32, -0.8000, -8.509
13.33, -0.8000, -7.730
13.34, -0.8000, -7.716
13.35, -0.8000, -8.016
13.36, -0.8000, -8.381
13.37, -0.8000, -6.696
13.38, -0.8000, -8.422
13.39, -0.8000, -9.065
13.40, -0.8000, -6.473
13.41, -0.8000, -7.541
13.42, -0.8000, -7.870
13.43, -0.8000, -7.642
13.44, -0.8000, -7.608
13.45, -0.8000, -7.548
13.46, -0.8000, -7.874
13.47, -0.8000, -8.448
13.48, -0.8000, -9.004
13.49, -0.8000, -8.194
13.50, -0.8000, -8.360
13.51, -0.8000, -7.880
13.52, -0.8000, -7.457
13.53, -0.8000, -7.011
13.54, -0.8000, -6.961
13.55, -0.8000, -7.709
13.56, -0.8000, -8.616
13.57, -0.8000, -7.017
13.58, -0.8000, -7.738
13.59, -0.8000, -6.791
13.60, -0.8000, -6.953
13.61, -0.8000, -7.498
13.62, -0.8000, -8.430
13.63, -0.8000, -7.683
13.64, -0.8000, -7.838
13.65, -0.8000, -8.283
13.66, -0.8000, -8.222
13.67, -0.8000, -6.829
13.68, -0.8000, -7.194
13.69, -0.8000, -6.949
13.70, -0.8000, -7.141
13.71, -0.8000, -7.198
13.72, -0.8000, -8.529
13.73, -0.8000, -6.425
13.74, -0.8000, -6.559
13.75, -0.8000, -7.457
13.76, -0.8000, -8.126
13.77, -0.8000, -6.627
13.78, -0.8000, -7.396
13.79, -0.8000, -7.140
13.80, -0.8000, -7.655
13.81, -0.8000, -8.568
13.82, -0.8000, -6.699
13.83, -0.8000, -7.679
13.84, -0.8000, -7.258
13.85, -0.8000, -7.126
13.86, -0.8000, -7.266
13.87, -0.8000, -7.470
13.88, -0.8000, -8.493
13.89, -0.8000, -6.994
13.90, -0.8000, -7.433
13.91, -0.8000, -8.641
13.92, -0.8000, -7.613
13.93, -0.8000, -7.347
13.94, -0.8000, -6.842
13.95, -0.8000, -7.400
13.96, -0.8000, -6.107
13.97, -0.8000, -7.594
13.98, -0.8000, -7.995
13.99, -0.8000, -6.798
14.00, -0.8000, -7.509
14.01, -0.8000, -8.363
14.02, -0.8000, -7.889
14.03, -0.8000, -8.224
14.04, -0.8000, -7.771
14.05, -0.8000, -8.430
14.06, -0.8000, -8.298
14.07, -0.8000, -8.503
14.08, -0.8000, -7.996
14.09, -0.8000, -7.917
14.10, -0.8000, -6.942
14.11, -0.8000, -7.810
14.12, -0.8000, -7.910
14.13, -0.8000, -6.953
14.14, -0.8000, -8.440
14.15, -0.8000, -8.049
14.16, -0.8000, -7.130
14.17, -0.8000, -7.468
14.18, -0.8000, -7.716
14.19, -0.8000, -7.526
14.20, -0.8000, -7.016
14.21, -0.8000, -7.877
14.22, -0.8000, -6.923
14.23, -0.8000, -7.446
14.24, -0.8000, -8.340
14.25, -0.8000, -7.736
14.26, -0.8000, -7.718
14.27, -0.8000, -8.646
14.28, -0.8000, -7.658
14.29, -0.8000, -7.343
14.30, -0.8000, -6.942
14.31, -0.8000, -6.921
14.32, -0.8000, -7.501
14.33, -0.8000, -7.687
14.34, -0.8000, -7.000
14.35, -0.8000, -8.128
14.36, -0.8000, -7.300
14.37, -0.8000, -7.584
14.38, -0.8000, -7.211
14.39, -0.8000, -7.092
14.40, -0.8000, -7.135
14.41, -0.8000, -8.013
14.42, -0.8000, -8.007
14.43, -0.8000, -7.393
14.44, -0.8000, -7.201
14.45, -0.8000, -7.359
14.46, -0.8000, -7.563
14.47, -0.8000, -7.531
14.48, -0.8000, -7.458
14.49, -0.8000, -7.254
14.50, -0.8000, -8.249
14.51, -0.8000, -7.214
14.52, -0.8000, -6.829
14.53, -0.8000, -7.528
14.54, -0.8000, -6.379
14.55, -0.8000, -8.036
14.56, -0.8000, -7.566
14.57, -0.8000, -7.384
14.58, -0.8000, -7.603
14.59, -0.8000, -7.734
14.60, -0.8000, -7.651
14.61, -0.8000, -7.278
14.62, -0.8000, -7.285
14.63, -0.8000, -7.183
14.64, -0.8000, -6.924
14.65, -0.8000, -7.608
14.66, -0.8000, -7.251
14.67, -0.8000, -7.533
14.68, -0.8000, -7.689
14.69, -0.8000, -8.146
14.70, -0.8000, -6.641
14.71, -0.8000, -7.124
14.72, -0.8000, -7.318
14.73, -0.8000, -7.556
14.74, -0.8000, -7.023
14.75, -0.8000, -7.377
14.76, -0.8000, -6.799
14.77, -0.8000, -6.510
14.78, -0.8000, -7.338
14.79, -0.8000, -7.013
14.80, -0.8000, -7.642
14.81, -0.8000, -6.951
14.82, -0.8000, -7.508
14.83, -0.8000, -8.007
14.84, -0.8000, -7.261
14.85, -0.8000, -8.052
14.86, -0.8000, -7.073
14.87, -0.8000, -7.542
14.88, -0.8000, -7.774
14.89, -0.8000, -7.436
14.90, -0.8000, -7.644
14.91, -0.8000, -6.896
14.92, -0.8000, -7.072
14.93, -0.8000, -7.495
14.94, -0.8000, -7.164
14.95, -0.8000, -7.302
14.96, -0.8000, -7.646
14.97, -0.8000, -7.971
14.98, -0.8000, -7.658
14.99, -0.8000, -6.228
15.00, -0.8000, -7.258
15.01, -0.8000, -8.923
15.02, -0.8000, -7.147
15.03, -0.8000, -6.705
15.04, -0.8000, -7.671
15.05, -0.8000, -6.561
15.06, -0.8000, -7.127
15.07, -0.8000, -6.873
15.08, -0.8000, -6.855
15.09, -0.8000, -6.794
15.10, -0.8000, -6.661
15.11, -0.8000, -6.548
15.12, -0.8000, -7.865
15.13, -0.8000, -7.017
15.14, -0.8000, -6.421
15.15, -0.8000, -7.148
15.16, -0.8000, -8.329
15.17, -0.8000, -6.808
15.18, -0.8000, -8.225
15.19, -0.8000, -7.129
15.20, -0.8000, -6.502
15.21, -0.8000, -9.040
15.22, -0.8000, -6.696
15.23, -0.8000, -6.863
15.24, -0.8000, -7.929
15.25, -0.8000, -7.671
15.26, -0.8000, -6.426
15.27, -0.8000, -7.197
15.28, -0.8000, -7.095
15.29, -0.8000, -7.052
15.30, -0.8000, -6.380
15.31, -0.8000, -7.694
15.32, -0.8000, -6.975
15.33, -0.8000, -6.373
15.34, -0.8000, -7.920
15.35, -0.8000, -7.457
15.36, -0.8000, -7.665
15.37, -0.8000, -7.641
15.38, -0.8000, -6.445
15.39, -0.8000, -6.947
15.40, -0.8000, -7.081
15.41, -0.8000, -6.594
15.42, -0.8000, -6.853
15.43, -0.8000, -7.104
15.44, -0.8000, -8.167
15.45, -0.8000, -7.670
15.46, -0.8000, -7.221
15.47, -0.8000, -7.485
15.48, -0.8000, -7.289
15.49, -0.8000, -8.612
15.50, -0.8000, -8.041
15.51, -0.8000, -7.692
15.52, -0.8000, -7.989
15.53, -0.8000, -7.567
15.54, -0.8000, -9.289
15.55, -0.8000, -7.946
15.56, -0.8000, -7.311
15.57, -0.8000, -7.582
15.58, -0.8000, -7.152
15.59, -0.8000, -7.243
15.60, -0.8000, -7.441
15.61, -0.8000, -6.740
15.62, -0.8000, -6.963
15.63, -0.8000, -6.900
15.64, -0.8000, -7.364
15.65, -0.8000, -6.803
15.66, -0.8000, -7.615
15.67, -0.8000, -8.183
15.68, -0.8000, -7.316
15.69, -0.8000, -7.145
15.70, -0.8000, -7.231
15.71, -0.8000, -6.989
15.72, -0.8000, -6.349
15.73, -0.8000, -7.346
15.74, -0.8000, -7.765
15.75, -0.8000, -7.564
15.76, -0.8000, -7.260
15.77, -0.8000, -7.910
15.78, -0.8000, -8.300
15.79, -0.8000, -7.536
15.80, -0.8000, -8.246
15.81, -0.8000, -9.075
15.82, -0.8000, -7.133
15.83, -0.8000, -8.093
15.84, -0.8000, -8.180
15.85, -0.8000, -6.857
15.86, -0.8000, -8.199
15.87, -0.8000, -7.857
15.88, -0.8000, -8.104
15.89, -0.8000, -7.178
15.90, -0.8000, -9.031
15.91, -0.8000, -7.613
15.92, -0.8000, -8.454
15.93, -0.8000, -8.142
15.94, -0.8000, -7.097
15.95, -0.8000, -7.274
15.96, -0.8000, -7.230
15.97, -0.8000, -7.553
15.98, -0.8000, -7.635
15.99, -0.8000, -7.604
16.00, -0.8000, -7.624
16.01, -0.8000, -7.101
16.02, -0.8000, -6.509
16.03, -0.8000, -7.628
16.04, -0.8000, -7.954
16.05, -0.8000, -6.702
16.06, -0.8000, -7.348
16.07, -0.8000, -8.698
16.08, -0.8000, -7.087
16.09, -0.8000, -7.554
16.10, -0.8000, -6.862
16.11, -0.8000, -7.878
16.12, -0.8000, -8.355
16.13, -0.8000, -8.202
16.14, -0.8000, -7.816
16.15, -0.8000, -8.280
16.16, -0.8000, -8.748
16.17, -0.8000, -6.987
16.18, -0.8000, -9.030
16.19, -0.8000, -7.879
16.20, -0.8000, -8.860
16.21, -0.8000, -8.808
16.22, -0.8000, -8.743
16.23, -0.8000, -8.107
16.24, -0.8000, -7.547
16.25, -0.8000, -8.624
16.26, -0.8000, -7.559
16.27, -0.8000, -7.281
16.28, -0.8000, -7.682
16.29, -0.8000, -8.264
16.30, -0.8000, -7.387
16.31, -0.8000, -7.088
16.32, -0.8000, -7.335
16.33, -0.8000, -8.261
16.34, -0.8000, -8.116
16.35, -0.8000, -8.075
16.36, -0.8000, -7.146
16.37, -0.8000, -6.493
16.38, -0.8000, -9.017
16.39, -0.8000, -6.837
16.40, -0.8000, -6.209
16.41, -0.8000, -6.676
16.42, -0.8000, -7.509
16.43, -0.8000, -6.946
16.44, -0.8000, -7.621
16.45, -0.8000, -7.187
16.46, -0.8000, -7.734
16.47, -0.8000, -6.560
16.48, -0.8000, -7.973
16.49, -0.8000, -7.563
16.50, -0.8000, -7.916
16.51, -0.8000, -9.485
16.52, -0.8000, -7.861
16.53, -0.8000, -8.778
16.54, -0.8000, -9.183
16.55, -0.8000, -6.944
16.56, -0.8000, -8.702
16.57, -0.8000, -7.511
16.58, -0.8000, -7.332
16.59, -0.8000, -8.371
16.60, -0.8000, -7.640
16.61, -0.8000, -6.321
16.62, -0.8000, -7.603
16.63, -0.8000, -7.038
16.64, -0.8000, -7.932
16.65, -0.8000, -7.729
16.66, -0.8000, -6.826
16.67, -0.8000, -8.129
16.68, -0.8000, -7.179
16.69, -0.8000, -8.010
16.70, -0.8000, -7.268
16.71, -0.8000, -7.722
16.72, -0.8000, -7.101
16.73, -0.8000, -6.936
16.74, -0.8000, -7.247
16.75, -0.8000, -7.187
16.76, -0.8000, -7.189
16.77, -0.8000, -6.343
16.78, -0.8000, -7.775
16.79, -0.8000, -6.268
16.80, -0.8000, -6.413
16.81, -0.8000, -7.040
16.82, -0.8000, -6.980
16.83, -0.8000, -7.028
16.84, -0.8000, -7.647
16.85, -0.8000, -6.363
16.86, -0.8000, -6.380
16.87, -0.8000, -6.809
16.88, -0.8000, -6.269
16.89, -0.8000, -7.945
16.90, -0.8000, -6.501
16.91, -0.8000, -8.507
16.92, -0.8000, -7.711
16.93, -0.8000, -7.404
16.94, -0.8000, -6.583
16.95, -0.8000, -6.616
16.96, -0.8000, -6.328
16.97, -0.8000, -7.285
16.98, -0.8000, -6.075
16.99, -0.8000, -6.858
17.00, -0.8000, -6.413
17.01, -0.8000, -6.803
17.02, -0.8000, -6.427
17.03, -0.8000, -7.631
17.04, -0.8000, -7.738
17.05, -0.8000, -7.148
17.06, -0.8000, -8.539
17.07, -0.8000, -7.577
17.08, -0.8000, -6.963
17.09, -0.8000, -7.457
17.10, -0.8000, -9.193
17.11, -0.8000, -7.603
17.12, -0.8000, -8.702
17.13, -0.8000, -8.473
17.14, -0.8000, -7.452
17.15, -0.8000, -8.052
17.16, -0.8000, -7.811
17.17, -0.8000, -6.982
17.18, -0.8000, -6.803
17.19, -0.8000, -7.288
17.20, -0.8000, -7.934
17.21, -0.8000, -8.563
17.22, -0.8000, -7.084
17.23, -0.8000, -7.262
17.24, -0.8000, -7.783
17.25, -0.8000, -6.746
17.26, -0.8000, -6.924
17.27, -0.8000, -6.729
17.28, -0.8000, -7.582
17.29, -0.8000, -6.816
17.30, -0.8000, -7.224
17.31, -0.8000, -7.772
17.32, -0.8000, -7.324
17.33, -0.8000, -7.000
17.34, -0.8000, -6.560
17.35, -0.8000, -7.065
17.36, -0.8000, -6.407
17.37, -0.8000, -6.217
17.38, -0.8000, -6.162
17.39, -0.8000, -7.526
17.40, -0.8000, -8.050
17.41, -0.8000, -7.215
17.42, -0.8000, -8.561
17.43, -0.8000, -8.576
17.44, -0.8000, -8.049
17.45, -0.8000, -7.792
17.46, -0.8000, -7.943
17.47, -0.8000, -6.427
17.48, -0.8000, -7.787
17.49, -0.8000, -6.994
17.50, -0.8000, -6.825
17.51, -0.8000, -6.843
17.52, -0.8000, -7.286
17.53, -0.8000, -7.156
17.54, -0.8000, -6.649
17.55, -0.8000, -7.092
17.56, -0.8000, -7.326
17.57, -0.8000, -6.794
17.58, -0.8000, -7.542
17.59, -0.8000, -7.054
17.60, -0.8000, -7.772
17.61, -0.8000, -7.918
17.62, -0.8000, -6.014
17.63, -0.8000, -6.726
17.64, -0.8000, -6.969
17.65, -0.8000, -7.012
17.66, -0.8000, -7.151
17.67, -0.8000, -6.858
17.68, -0.8000, -6.988
17.69, -0.8000, -7.292
17.70, -0.8000, -7.066
17.71, -0.8000, -8.020
17.72, -0.8000, -6.737
17.73, -0.8000, -8.063
17.74, -0.8000, -7.523
17.75, -0.8000, -7.741
17.76, -0.8000, -7.498
17.77, -0.8000, -8.753
17.78, -0.8000, -8.063
17.79, -0.8000, -7.337
17.80, -0.8000, -7.090
17.81, -0.8000, -7.412
17.82, -0.8000, -6.913
17.83, -0.8000, -6.709
17.84, -0.8000, -6.167
17.85, -0.8000, -7.386
17.86, -0.8000, -6.727
17.87, -0.8000, -7.027
17.88, -0.8000, -8.366
17.89, -0.8000, -7.785
17.90, -0.8000, -7.407
17.91, -0.8000, -8.121
17.92, -0.8000, -7.091
17.93, -0.8000, -6.974
17.94, -0.8000, -7.258
17.95, -0.8000, -7.500
17.96, -0.8000, -7.255
17.97, -0.8000, -6.968
17.98, -0.8000, -6.776
17.99, -0.8000, -7.176
18.00, -0.8000, -7.885
18.01, -0.8000, -7.576
18.02, -0.8000, -8.015
18.03, -0.8000, -8.230
18.04, -0.8000, -7.679
18.05, -0.8000, -6.143
18.06, -0.8000, -7.221
18.07, -0.8000, -8.065
18.08, -0.8000, -7.394
18.09, -0.8000, -6.586
18.10, -0.8000, -7.860
18.11, -0.8000, -6.281
18.12, -0.8000, -6.151
18.13, -0.8000, -6.763
18.14, -0.8000, -6.657
18.15, -0.8000, -7.012
18.16, -0.8000, -6.994
18.17, -0.8000, -6.708
18.18, -0.8000, -7.870
18.19, -0.8000, -7.684
18.20, -0.8000, -8.020
18.21, -0.8000, -7.693
18.22, -0.8000, -8.266
18.23, -0.8000, -8.167
18.24, -0.8000, -8.267
18.25, -0.8000, -8.493
18.26, -0.8000, -7.876
18.27, -0.8000, -7.443
18.28, -0.8000, -8.281
18.29, -0.8000, -8.493
18.30, -0.8000, -7.083
18.31, -0.8000, -7.250
18.32, -0.8000, -7.336
18.33, -0.8000, -6.716
18.34, -0.8000, -7.372
18.35, -0.8000, -6.275
18.36, -0.8000, -6.973
18.37, -0.8000, -7.329
18.38, -0.8000, -6.820
18.39, -0.8000, -6.971
18.40, -0.8000, -7.254
18.41, -0.8000, -6.931
18.42, -0.8000, -6.967
18.43, -0.8000, -6.931
18.44, -0.8000, -6.097
18.45, -0.8000, -7.441
18.46, -0.8000, -7.069
18.47, -0.8000, -5.297
18.48, -0.8000, -7.207
18.49, -0.8000, -6.639
18.50, -0.8000, -6.320
18.51, -0.8000, -6.889
18.52, -0.8000, -8.466
18.53, -0.8000, -7.452
18.54, -0.8000, -6.773
18.55, -0.8000, -7.963
18.56, -0.8000, -7.182
18.57, -0.8000, -7.761
18.58, -0.8000, -7.560
18.59, -0.8000, -7.806
18.60, -0.8000, -8.544
18.61, -0.8000, -8.434
18.62, -0.8000, -8.288
18.63, -0.8000, -7.916
18.64, -0.8000, -8.757
18.65, -0.8000, -8.152
18.66, -0.8000, -7.575
18.67, -0.8000, -5.786
18.68, -0.8000, -7.878
18.69, -0.8000, -6.729
18.70, -0.8000, -6.880
18.71, -0.8000, -7.297
18.72, -0.8000, -8.179
18.73, -0.8000, -7.637
18.74, -0.8000, -6.457
18.75, -0.8000, -7.887
18.76, -0.8000, -8.006
18.77, -0.8000, -7.350
18.78, -0.8000, -6.624
18.79, -0.8000, -6.042
18.80, -0.8000, -7.376
18.81, -0.8000, -8.302
18.82, -0.8000, -7.637
18.83, -0.8000, -7.454
18.84, -0.8000, -8.236
18.85, -0.8000, -6.797
18.86, -0.8000, -8.179
18.87, -0.8000, -7.068
18.88, -0.8000, -6.007
18.89, -0.8000, -7.840
18.90, -0.8000, -6.597
18.91, -0.8000, -7.259
18.92, -0.8000, -6.525
18.93, -0.8000, -7.222
18.94, -0.8000, -7.726
18.95, -0.8000, -8.362
18.96, -0.8000, -7.683
18.97, -0.8000, -8.431
18.98, -0.8000, -7.601
18.99, -0.8000, -8.293
19.00, -0.8000, -7.183
19.01, -0.8000, -7.823
19.02, -0.8000, -8.125
19.03, -0.8000, -7.605
19.04, -0.8000, -7.415
19.05, -0.8000, -7.767
19.06, -0.8000, -7.138
19.07, -0.8000, -7.414
19.08, -0.8000, -7.561
19.09, -0.8000, -7.181
19.10, -0.8000, -8.188
19.11, -0.8000, -7.757
19.12, -0.8000, -7.676
19.13, -0.8000, -7.090
19.14, -0.8000, -6.755
19.15, -0.8000, -7.677
19.16, -0.8000, -6.447
19.17, -0.8000, -7.069
19.18, -0.8000, -7.831
19.19, -0.8000, -7.457
19.20, -0.8000, -7.190
19.21, -0.8000, -7.123
19.22, -0.8000, -7.786
19.23, -0.8000, -7.672
19.24, -0.8000, -7.369
19.25, -0.8000, -8.162
19.26, -0.8000, -6.669
19.27, -0.8000, -7.127
19.28, -0.8000, -6.909
19.29, -0.8000, -7.203
19.30, -0.8000, -7.300
19.31, -0.8000, -7.926
19.32, -0.8000, -7.096
19.33, -0.8000, -6.828
19.34, -0.8000, -6.452
19.35, -0.8000, -7.363
19.36, -0.8000, -6.725
19.37, -0.8000, -7.450
19.38, -0.8000, -6.253
19.39, -0.8000, -7.498
19.40, -0.8000, -8.285
19.41, -0.8000, -7.832
19.42, -0.8000, -6.778
19.43, -0.8000, -7.697
19.44, -0.8000, -8.155
19.45, -0.8000, -7.101
19.46, -0.8000, -8.101
19.47, -0.8000, -8.349
19.48, -0.8000, -7.326
19.49, -0.8000, -8.209
19.50, -0.8000, -7.758
19.51, -0.8000, -7.342
19.52, -0.8000, -6.473
19.53, -0.8000, -7.809
19.54, -0.8000, -7.235
19.55, -0.8000, -7.403
19.56, -0.8000, -6.918
19.57, -0.8000, -6.636
19.58, -0.8000, -6.651
19.59, -0.8000, -6.511
19.60, -0.8000, -6.952
19.61, -0.8000, -7.368
19.62, -0.8000, -7.994
19.63, -0.8000, -6.256
19.64, -0.8000, -7.689
19.65, -0.8000, -7.127
19.66, -0.8000, -6.471
19.67, -0.8000, -6.888
19.68, -0.8000, -6.019
19.69, -0.8000, -7.348
19.70, -0.8000, -7.025
19.71, -0.8000, -7.033
19.72, -0.8000, -7.684
19.73, -0.8000, -8.187
19.74, -0.8000, -7.851
19.75, -0.8000, -7.633
19.76, -0.8000, -8.963
19.77, -0.8000, -7.628
19.78, -0.8000, -8.133
19.79, -0.8000, -7.812
19.80, -0.8000, -8.470
19.81, -0.8000, -7.264
19.82, -0.8000, -6.591
19.83, -0.8000, -7.347
19.84, -0.8000, -6.265
19.85, -0.8000, -6.606
19.86, -0.8000, -6.137
19.87, -0.8000, -7.991
19.88, -0.8000, -7.599
19.89, -0.8000, -6.320
19.90, -0.8000, -6.727
19.91, -0.8000, -7.173
19.92, -0.8000, -6.513
19.93, -0.8000, -6.841
19.94, -0.8000, -7.011
19.95, -0.8000, -6.925
19.96, -0.8000, -7.012
19.97, -0.8000, -7.710
19.98, -0.8000, -7.117
19.99, -0.8000, -7.363
20.00, -0.8000, -6.913
20.01, -0.8000, -6.921
20.02, -0.8000, -6.711
20.03, -0.8000, -7.295
20.04, -0.8000, -6.873
20.05, -0.8000, -6.360
20.06, -0.8000, -6.348
20.07, -0.8000, -7.121
20.08, -0.8000, -5.912
20.09, -0.8000, -8.478
20.10, -0.8000, -6.912
20.11, -0.8000, -6.921
20.12, -0.8000, -6.820
20.13, -0.8000, -8.557
20.14, -0.8000, -7.925
20.15, -0.8000, -7.141
20.16, -0.8000, -8.176
20.17, -0.8000, -7.722
20.18, -0.8000, -7.232
20.19, -0.8000, -6.903
20.20, -0.8000, -7.767
20.21, -0.8000, -7.075
20.22, -0.8000, -6.726
20.23, -0.8000, -7.982
20.24, -0.8000, -6.898
20.25, -0.8000, -6.313
20.26, -0.8000, -6.853
20.27, -0.8000, -7.602
20.28, -0.8000, -6.791
20.29, -0.8000, -6.078
20.30, -0.8000, -7.106
20.31, -0.8000, -7.193
20.32, -0.8000, -6.739
20.33, -0.8000, -7.206
20.34, -0.8000, -6.204
20.35, -0.8000, -5.755
20.36, -0.8000, -7.373
20.37, -0.8000, -6.653
20.38, -0.8000, -6.129
20.39, -0.8000, -7.798
20.40, -0.8000, -6.275
20.41, -0.8000, -6.441
20.42, -0.8000, -7.067
20.43, -0.8000, -6.758
20.44, -0.8000, -6.723
20.45, -0.8000, -8.125
20.46, -0.8000, -7.222
20.47, -0.8000, -8.243
20.48, -0.8000, -7.317
20.49, -0.8000, -6.963
20.50, -0.8000, -7.554
20.51, -0.8000, -7.240
20.52, -0.8000, -7.606
20.53, -0.8000, -7.116
20.54, -0.8000, -8.533
20.55, -0.8000, -6.018
20.56, -0.8000, -8.369
20.57, -0.8000, -6.679
20.58, -0.8000, -6.235
20.59, -0.8000, -7.552
20.60, -0.8000, -6.228
20.61, -0.8000, -6.669
20.62, -0.8000, -6.050
20.63, -0.8000, -6.226
20.64, -0.8000, -5.923
20.65, -0.8000, -7.647
20.66, -0.8000, -6.071
20.67, -0.8000, -6.906
20.68, -0.8000, -8.137
20.69, -0.8000, -7.033
20.70, -0.8000, -7.038
20.71, -0.8000, -8.692
20.72, -0.8000, -8.333
20.73, -0.8000, -7.079
20.74, -0.8000, -7.629
20.75, -0.8000, -7.613
20.76, -0.8000, -7.715
20.77, -0.8000, -7.567
20.78, -0.8000, -7.925
20.79, -0.8000, -8.410
20.80, -0.8000, -6.589
20.81, -0.8000, -6.826
20.82, -0.8000, -7.341
20.83, -0.8000, -6.992
20.84, -0.8000, -6.673
20.85, -0.8000, -7.151
20.86, -0.8000, -6.599
20.87, -0.8000, -6.722
20.88, -0.8000, -6.503
20.89, -0.8000, -7.374
20.90, -0.8000, -6.569
20.91, -0.8000, -6.154
20.92, -0.8000, -7.048
20.93, -0.8000, -7.883
20.94, -0.8000, -6.883
20.95, -0.8000, -7.047
20.96, -0.8000, -6.753
20.97, -0.8000, -7.129
20.98, -0.8000, -6.757
20.99, -0.8000, -6.866
21.00, -0.8000, -6.887
21.01, -0.8000, -6.793
21.02, -0.8000, -7.039
21.03, -0.8000, -7.033
21.04, -0.8000, -6.880
21.05, -0.8000, -6.554
21.06, -0.8000, -6.636
21.07, -0.8000, -7.105
21.08, -0.8000, -7.281
21.09, -0.8000, -7.220
21.10, -0.8000, -7.284
21.11, -0.8000, -6.656
21.12, -0.8000, -7.459
21.13, -0.8000, -7.139
21.14, -0.8000, -7.437
21.15, -0.8000, -7.614
21.16, -0.8000, -7.526
21.17, -0.8000, -8.129
21.18, -0.8000, -8.276
21.19, -0.8000, -7.915
21.20, -0.8000, -7.461
21.21, -0.8000, -8.709
21.22, -0.8000, -7.596
21.23, -0.8000, -6.850
21.24, -0.8000, -7.025
21.25, -0.8000, -7.034
21.26, -0.8000, -6.635
21.27, -0.8000, -7.292
21.28, -0.8000, -7.786
21.29, -0.8000, -6.505
21.30, -0.8000, -6.629
21.31, -0.8000, -5.773
21.32, -0.8000, -6.680
21.33, -0.8000, -6.717
21.34, -0.8000, -7.197
21.35, -0.8000, -6.396
21.36, -0.8000, -7.097
21.37, -0.8000, -6.309
21.38, -0.8000, -5.795
21.39, -0.8000, -6.717
21.40, -0.8000, -6.478
21.41, -0.8000, -7.724
21.42, -0.8000, -7.704
21.43, -0.8000, -7.177
21.44, -0.8000, -6.723
21.45, -0.8000, -8.609
21.46, -0.8000, -8.646
21.47, -0.8000, -7.609
21.48, -0.8000, -7.955
21.49, -0.8000, -7.883
21.50, -0.8000, -7.067
21.51, -0.8000, -6.908
21.52, -0.8000, -7.400
21.53, -0.8000, -6.880
21.54, -0.8000, -7.585
21.55, -0.8000, -6.832
21.56, -0.8000, -6.113
21.57, -0.8000, -6.673
21.58, -0.8000, -7.213
21.59, -0.8000, -8.270
21.60, -0.8000, -6.054
21.61, -0.8000, -6.809
21.62, -0.8000, -7.453
21.63, -0.8000, -6.521
21.64, -0.8000, -7.393
21.65, -0.8000, -6.787
21.66, -0.8000, -6.771
21.67, -0.8000, -7.232
21.68, -0.8000, -6.429
21.69, -0.8000, -6.605
21.70, -0.8000, -8.600
21.71, -0.8000, -6.934
21.72, -0.8000, -6.926
21.73, -0.8000, -7.131
21.74, -0.8000, -8.800
21.75, -0.8000, -6.642
21.76, -0.8000, -7.433
21.77, -0.8000, -6.221
21.78, -0.8000, -7.771
21.79, -0.8000, -6.987
21.80, -0.8000, -7.255
21.81, -0.8000, -6.950
21.82, -0.8000, -6.744
21.83, -0.8000, -6.960
21.84, -0.8000, -7.102
21.85, -0.8000, -6.661
21.86, -0.8000, -6.318
21.87, -0.8000, -7.595
21.88, -0.8000, -6.464
21.89, -0.8000, -7.415
21.90, -0.8000, -7.608
21.91, -0.8000, -5.812
21.92, -0.8000, -6.876
21.93, -0.8000, -6.317
21.94, -0.8000, -6.839
21.95, -0.8000, -6.322
21.96, -0.8000, -6.749
21.97, -0.8000, -7.958
21.98, -0.8000, -6.767
21.99, -0.8000, -6.608
22.00, -0.8000, -7.493
22.01, -0.8000, -7.149
22.02, -0.8000, -7.371
22.03, -0.8000, -7.558
22.04, -0.8000, -7.205
22.05, -0.8000, -6.978
22.06, -0.8000, -6.914
22.07, -0.8000, -6.504
22.08, -0.8000, -6.806
22.09, -0.8000, -6.210
22.10, -0.8000, -6.163
22.11, -0.8000, -6.681
22.12, -0.8000, -6.903
22.13, -0.8000, -6.551
22.14, -0.8000, -6.134
22.15, -0.8000, -6.986
22.16, -0.8000, -6.981
22.17, -0.8000, -6.345
22.18, -0.8000, -7.847
22.19, -0.8000, -7.490
22.20, -0.8000, -7.330
22.21, -0.8000, -7.219
22.22, -0.8000, -8.120
22.23, -0.8000, -7.741
22.24, -0.8000, -7.853
22.25, -0.8000, -7.091
22.26, -0.8000, -7.691
22.27, -0.8000, -7.068
22.28, -0.8000, -6.740
22.29, -0.8000, -6.307
22.30, -0.8000, -6.932
22.31, -0.8000, -6.926
22.32, -0.8000, -7.608
22.33, -0.8000, -8.055
22.34, -0.8000, -6.935
22.35, -0.8000, -6.788
22.36, -0.8000, -7.635
22.37, -0.8000, -5.851
22.38, -0.8000, -7.089
22.39, -0.8000, -6.232
22.40, -0.8000, -6.365
22.41, -0.8000, -6.531
22.42, -0.8000, -6.466
22.43, -0.8000, -8.019
22.44, -0.8000, -6.883
22.45, -0.8000, -5.879
22.46, -0.8000, -7.641
22.47, -0.8000, -7.156
22.48, -0.8000, -6.989
22.49, -0.8000, -7.931
22.50, -0.8000, -7.198
22.51, -0.8000, -7.403
22.52, -0.8000, -8.134
22.53, -0.8000, -5.572
22.54, -0.8000, -7.125
22.55, -0.8000, -7.818
22.56, -0.8000, -7.732
22.57, -0.8000, -7.527
22.58, -0.8000, -8.434
22.59, -0.8000, -6.603
22.60, -0.8000, -6.436
22.61, -0.8000, -7.263
22.62, -0.8000, -6.911
22.63, -0.8000, -7.743
22.64, -0.8000, -6.930
22.65, -0.8000, -7.544
22.66, -0.8000, -7.064
22.67, -0.8000, -6.886
22.68, -0.8000, -6.353
22.69, -0.8000, -6.065
22.70, -0.8000, -7.167
22.71, -0.8000, -6.110
22.72, -0.8000, -6.674
22.73, -0.8000, -7.119
22.74, -0.8000, -5.940
22.75, -0.8000, -6.415
22.76, -0.8000, -7.181
22.77, -0.8000, -6.858
22.78, -0.8000, -6.527
22.79, -0.8000, -6.988
22.80, -0.8000, -6.982
22.81, -0.8000, -6.094
22.82, -0.8000, -5.940
22.83, -0.8000, -6.579
22.84, -0.8000, -6.198
22.85, -0.8000, -6.234
22.86, -0.8000, -6.839
22.87, -0.8000, -5.677
22.88, -0.8000, -7.148
22.89, -0.8000, -5.486
22.90, -0.8000, -5.798
22.91, -0.8000, -6.799
22.92, -0.8000, -6.085
22.93, -0.8000, -6.787
22.94, -0.8000, -6.944
22.95, -0.8000, -8.324
22.96, -0.8000, -7.327
22.97, -0.8000, -8.327
22.98, -0.8000, -7.116
22.99, -0.8000, -7.741
23.00, -0.8000, -7.034
23.01, -0.8000, -7.061
23.02, -0.8000, -7.834
23.03, -0.8000, -9.226
23.04, -0.8000, -7.620
23.05, -0.8000, -7.770
23.06, -0.8000, -7.477
23.07, -0.8000, -8.719
23.08, -0.8000, -7.289
23.09, -0.8000, -6.404
23.10, -0.8000, -6.598
23.11, -0.8000, -7.001
23.12, -0.8000, -7.026
23.13, -0.8000, -6.860
23.14, -0.8000, -6.859
23.15, -0.8000, -8.605
23.16, -0.8000, -8.555
23.17, -0.8000, -5.000
23.18, -0.8000, -6.627
23.19, -0.8000, -6.957
23.20, -0.8000, -6.947
23.21, -0.8000, -6.110
23.22, -0.8000, -6.790
23.23, -0.8000, -6.232
23.24, -0.8000, -7.179
23.25, -0.8000, -7.652
23.26, -0.8000, -7.807
23.27, -0.8000, -6.304
23.28, -0.8000, -6.414
23.29, -0.8000, -7.547
23.30, -0.8000, -5.877
23.31, -0.8000, -7.813
23.32, -0.8000, -6.347
23.33, -0.8000, -6.935
23.34, -0.8000, -6.466
23.35, -0.8000, -7.294
23.36, -0.8000, -6.478
23.37, -0.8000, -6.256
23.38, -0.8000, -5.732
23.39, -0.8000, -7.241
23.40, -0.8000, -7.094
23.41, -0.8000, -7.853
23.42, -0.8000, -7.651
23.43, -0.8000, -8.842
23.44, -0.8000, -7.701
23.45, -0.8000, -6.821
23.46, -0.8000, -7.128
23.47, -0.8000, -7.042
23.48, -0.8000, -6.191
23.49, -0.8000, -6.982
23.50, -0.8000, -6.343
23.51, -0.8000, -6.766
23.52, -0.8000, -6.918
23.53, -0.8000, -6.626
23.54, -0.8000, -6.117
23.55, -0.8000, -6.539
23.56, -0.8000, -6.852
23.57, -0.8000, -6.304
23.58, -0.8000, -7.254
23.59, -0.8000, -7.278
23.60, -0.8000, -7.556
23.61, -0.8000, -7.234
23.62, -0.8000, -6.773
23.63, -0.8000, -7.208
23.64, -0.8000, -6.777
23.65, -0.8000, -5.979
23.66, -0.8000, -6.600
23.67, -0.8000, -5.098
23.68, -0.8000, -7.213
23.69, -0.8000, -6.115
23.70, -0.8000, -7.310
23.71, -0.8000, -7.053
23.72, -0.8000, -7.293
23.73, -0.8000, -7.169
23.74, -0.8000, -6.688
23.75, -0.8000, -6.518
23.76, -0.8000, -8.335
23.77, -0.8000, -7.250
23.78, -0.8000, -7.359
23.79, -0.8000, -7.630
23.80, -0.8000, -7.520
23.81, -0.8000, -8.459
23.82, -0.8000, -7.791
23.83, -0.8000, -7.724
23.84, -0.8000, -6.667
23.85, -0.8000, -6.346
23.86, -0.8000, -6.839
23.87, -0.8000, -6.900
23.88, -0.8000, -6.529
23.89, -0.8000, -7.096
23.90, -0.8000, -7.121
23.91, -0.8000, -5.991
23.92, -0.8000, -6.928
23.93, -0.8000, -6.715
23.94, -0.8000, -5.887
23.95, -0.8000, -6.395
23.96, -0.8000, -7.374
23.97, -0.8000, -6.388
23.98, -0.8000, -6.234
23.99, -0.8000, -7.341
24.00, -0.8000, -6.826
24.01, -0.8000, -5.908
24.02, -0.8000, -6.766
24.03, -0.8000, -7.360
24.04, -0.8000, -6.498
24.05, -0.8000, -6.703
24.06, -0.8000, -7.637
24.07, -0.8000, -7.453
24.08, -0.8000, -6.456
24.09, -0.8000, -6.173
24.10, -0.8000, -6.650
24.11, -0.8000, -8.285
24.12, -0.8000, -6.446
24.13, -0.8000, -6.285
24.14, -0.8000, -7.008
24.15, -0.8000, -7.131
24.16, -0.8000, -7.108
24.17, -0.8000, -7.340
24.18, -0.8000, -7.274
24.19, -0.8000, -7.865
24.20, -0.8000, -6.657
24.21, -0.8000, -8.005
24.22, -0.8000, -9.424
24.23, -0.8000, -7.009
24.24, -0.8000, -7.310
24.25, -0.8000, -8.072
24.26, -0.8000, -8.180
24.27, -0.8000, -7.053
24.28, -0.8000, -6.985
24.29, -0.8000, -6.871
24.30, -0.8000, -6.785
24.31, -0.8000, -7.950
24.32, -0.8000, -8.030
24.33, -0.8000, -6.227
24.34, -0.8000, -5.762
24.35, -0.8000, -6.168
24.36, -0.8000, -6.203
24.37, -0.8000, -6.555
24.38, -0.8000, -6.975
24.39, -0.8000, -6.461
24.40, -0.8000, -6.906
24.41, -0.8000, -7.312
24.42, -0.8000, -6.673
24.43, -0.8000, -7.250
24.44, -0.8000, -6.270
24.45, -0.8000, -6.844
24.46, -0.8000, -7.341
24.47, -0.8000, -5.905
24.48, -0.8000, -6.766
24.49, -0.8000, -6.421
24.50, -0.8000, -6.425
24.51, -0.8000, -6.602
24.52, -0.8000, -6.606
24.53, -0.8000, -6.818
24.54, -0.8000, -6.846
24.55, -0.8000, -9.455
24.56, -0.8000, -7.405
24.57, -0.8000, -6.670
24.58, -0.8000, -6.859
24.59, -0.8000, -7.211
24.60, -0.8000, -7.780
24.61, -0.8000, -7.352
24.62, -0.8000, -7.934
24.63, -0.8000, -7.651
24.64, -0.8000, -7.937
24.65, -0.8000, -8.263
24.66, -0.8000, -7.735
24.67, -0.8000, -7.605
24.68, -0.8000, -7.302
24.69, -0.8000, -7.828
24.70, -0.8000, -8.265
24.71, -0.8000, -7.457
24.72, -0.8000, -6.169
24.73, -0.8000, -6.264
24.74, -0.8000, -7.528
24.75, -0.8000, -6.229
24.76, -0.8000, -7.087
24.77, -0.8000, -6.886
24.78, -0.8000, -6.553
24.79, -0.8000, -6.509
24.80, -0.8000, -6.795
24.81, -0.8000, -6.605
24.82, -0.8000, -7.095
24.83, -0.8000, -6.544
24.84, -0.8000, -6.675
24.85, -0.8000, -6.531
24.86, -0.8000, -7.362
24.87, -0.8000, -6.658
24.88, -0.8000, -6.948
24.89, -0.8000, -6.768
24.90, -0.8000, -6.152
24.91, -0.8000, -6.442
24.92, -0.8000, -6.545
24.93, -0.8000, -8.504
24.94, -0.8000, -7.300
24.95, -0.8000, -5.600
24.96, -0.8000, -7.452
24.97, -0.8000, -6.492
24.98, -0.8000, -5.829
24.99, -0.8000, -5.265
25.00, -0.8000, -6.078
25.01, -0.8000, -5.447
25.02, -0.8000, -6.753
25.03, -0.8000, -5.405
25.04, -0.8000, -6.190
25.05, -0.8000, -5.752
25.06, -0.8000, -7.093
25.07, -0.8000, -5.248
25.08, -0.8000, -6.426
25.09, -0.8000, -5.988
25.10, -0.8000, -6.107
25.11, -0.8000, -6.391
25.12, -0.8000, -5.939
25.13, -0.8000, -6.152
25.14, -0.8000, -5.649
25.15, -0.8000, -4.790
25.16, -0.8000, -5.935
25.17, -0.8000, -5.882
25.18, -0.8000, -6.869
25.19, -0.8000, -6.350
25.20, -0.8000, -6.928
25.21, -0.8000, -6.244
25.22, -0.8000, -6.615
25.23, -0.8000, -6.244
25.24, -0.8000, -6.743
25.25, -0.8000, -7.533
25.26, -0.8000, -6.747
25.27, -0.8000, -8.160
25.28, -0.8000, -7.797
25.29, -0.8000, -7.401
25.30, -0.8000, -7.324
25.31, -0.8000, -8.685
25.32, -0.8000, -7.498
25.33, -0.8000, -6.640
25.34, -0.8000, -7.075
25.35, -0.8000, -6.634
25.36, -0.8000, -6.023
25.37, -0.8000, -7.101
25.38, -0.8000, -6.407
25.39, -0.8000, -5.751
25.40, -0.8000, -7.072
25.41, -0.8000, -6.980
25.42, -0.8000, -5.670
25.43, -0.8000, -7.493
25.44, -0.8000, -6.637
25.45, -0.8000, -6.151
25.46, -0.8000, -6.941
25.47, -0.8000, -6.812
25.48, -0.8000, -6.570
25.49, -0.8000, -6.555
25.50, -0.8000, -6.762
25.51, -0.8000, -6.399
25.52, -0.8000, -5.844
25.53, -0.8000, -6.682
25.54, -0.8000, -6.086
25.55, -0.8000, -6.452
25.56, -0.8000, -6.413
25.57, -0.8000, -6.426
25.58, -0.8000, -6.677
25.59, -0.8000, -6.298
25.60, -0.8000, -6.242
25.61, -0.8000, -5.447
25.62, -0.8000, -6.802
25.63, -0.8000, -5.521
25.64, -0.8000, -7.259
25.65, -0.8000, -6.263
25.66, -0.8000, -7.328
25.67, -0.8000, -5.961
25.68, -0.8000, -6.834
25.69, -0.8000, -6.993
25.70, -0.8000, -8.559
25.71, -0.8000, -6.399
25.72, -0.8000, -6.896
25.73, -0.8000, -6.421
25.74, -0.8000, -6.429
25.75, -0.8000, -7.157
25.76, -0.8000, -6.861
25.77, -0.8000, -8.453
25.78, -0.8000, -7.616
25.79, -0.8000, -7.863
25.80, -0.8000, -8.679
25.81, -0.8000, -6.063
25.82, -0.8000, -7.949
25.83, -0.8000, -7.317
25.84, -0.8000, -7.242
25.85, -0.8000, -6.875
25.86, -0.8000, -6.211
25.87, -0.8000, -6.438
25.88, -0.8000, -7.554
25.89, -0.8000, -6.611
25.90, -0.8000, -7.734
25.91, -0.8000, -6.850
25.92, -0.8000, -7.611
25.93, -0.8000, -6.813
25.94, -0.8000, -7.696
25.95, -0.8000, -6.913
25.96, -0.8000, -6.955
25.97, -0.8000, -7.291
25.98, -0.8000, -6.452
25.99, -0.8000, -6.960
26.00, -0.8000, -6.736
26.01, -0.8000, -6.394
26.02, -0.8000, -6.637
26.03, -0.8000, -6.384
26.04, -0.8000, -8.476
26.05, -0.8000, -6.688
26.06, -0.8000, -7.297
26.07, -0.8000, -6.790
26.08, -0.8000, -5.673
26.09, -0.8000, -6.216
26.10, -0.8000, -6.494
26.11, -0.8000, -6.327
26.12, -0.8000, -6.410
26.13, -0.8000, -6.272
26.14, -0.8000, -6.759
26.15, -0.8000, -6.087
26.16, -0.8000, -7.094
26.17, -0.8000, -5.432
26.18, -0.8000, -7.157
26.19, -0.8000, -7.314
26.20, -0.8000, -6.391
26.21, -0.8000, -6.378
26.22, -0.8000, -7.333
26.23, -0.8000, -7.415
26.24, -0.8000, -7.378
26.25, -0.8000, -5.806
26.26, -0.8000, -7.022
26.27, -0.8000, -6.768
26.28, -0.8000, -6.784
26.29, -0.8000, -6.406
26.30, -0.8000, -6.544
26.31, -0.8000, -7.241
26.32, -0.8000, -4.877
26.33, -0.8000, -7.248
26.34, -0.8000, -8.374
26.35, -0.8000, -6.298
26.36, -0.8000, -7.373
26.37, -0.8000, -6.722
26.38, -0.8000, -6.020
26.39, -0.8000, -6.366
26.40, -0.8000, -8.118
26.41, -0.8000, -7.335
26.42, -0.8000, -7.325
26.43, -0.8000, -7.276
26.44, -0.8000, -7.892
26.45, -0.8000, -6.579
26.46, -0.8000, -8.343
26.47, -0.8000, -5.940
26.48, -0.8000, -6.872
26.49, -0.8000, -6.268
26.50, -0.8000, -7.239
26.51, -0.8000, -7.298
26.52, -0.8000, -8.144
26.53, -0.8000, -7.250
26.54, -0.8000, -7.845
26.55, -0.8000, -8.048
26.56, -0.8000, -6.803
26.57, -0.8000, -7.071
26.58, -0.8000, -6.445
26.59, -0.8000, -7.052
26.60, -0.8000, -6.402
26.61, -0.8000, -7.236
26.62, -0.8000, -5.898
26.63, -0.8000, -6.843
26.64, -0.8000, -6.696
26.65, -0.8000, -7.045
26.66, -0.8000, -6.101
26.67, -0.8000, -5.792
26.68, -0.8000, -6.750
26.69, -0.8000, -6.971
26.70, -0.8000, -7.157
26.71, -0.8000, -5.836
26.72, -0.8000, -7.528
26.73, -0.8000, -5.891
26.74, -0.8000, -6.762
26.75, -0.8000, -6.694
26.76, -0.8000, -7.618
26.77, -0.8000, -7.042
26.78, -0.8000, -6.388
26.79, -0.8000, -6.327
26.80, -0.8000, -7.715
26.81, -0.8000, -7.173
26.82, -0.8000, -6.099
26.83, -0.8000, -6.493
26.84, -0.8000, -6.425
26.85, -0.8000, -6.668
26.86, -0.8000, -6.420
26.87, -0.8000, -6.799
26.88, -0.8000, -7.905
26.89, -0.8000, -6.487
26.90, -0.8000, -6.326
26.91, -0.8000, -5.595
26.92, -0.8000, -6.759
26.93, -0.8000, -6.871
26.94, -0.8000, -5.658
26.95, -0.8000, -6.749
26.96, -0.8000, -6.521
26.97, -0.8000, -5.845
26.98, -0.8000, -7.492
26.99, -0.8000, -6.729
27.00, -0.8000, -5.759
27.01, -0.8000, -6.780
27.02, -0.8000, -7.663
27.03, -0.8000, -5.782
27.04, -0.8000, -5.823
27.05, -0.8000, -5.506
27.06, -0.8000, -6.080
27.07, -0.8000, -7.154
27.08, -0.8000, -6.805
27.09, -0.8000, -7.766
27.10, -0.8000, -6.415
27.11, -0.8000, -7.304
27.12, -0.8000, -7.327
27.13, -0.8000, -7.366
27.14, -0.8000, -6.119
27.15, -0.8000, -6.571
27.16, -0.8000, -8.244
27.17, -0.8000, -7.118
27.18, -0.8000, -7.060
27.19, -0.8000, -7.084
27.20, -0.8000, -6.552
27.21, -0.8000, -6.496
27.22, -0.8000, -7.265
27.23, -0.8000, -7.886
27.24, -0.8000, -5.550
27.25, -0.8000, -6.743
27.26, -0.8000, -7.202
27.27, -0.8000, -7.658
27.28, -0.8000, -7.343
27.29, -0.8000, -6.639
27.30, -0.8000, -6.857
27.31, -0.8000, -6.323
27.32, -0.8000, -7.703
27.33, -0.8000, -7.517
27.34, -0.8000, -8.218
27.35, -0.8000, -7.481
27.36, -0.8000, -7.292
27.37, -0.8000, -6.683
27.38, -0.8000, -7.576
27.39, -0.8000, -7.420
27.40, -0.8000, -7.256
27.41, -0.8000, -7.024
27.42, -0.8000, -6.402
27.43, -0.8000, -7.211
27.44, -0.8000, -7.067
27.45, -0.8000, -8.273
27.46, -0.8000, -6.714
27.47, -0.8000, -6.825
27.48, -0.8000, -6.599
27.49, -0.8000, -7.298
27.50, -0.8000, -6.721
27.51, -0.8000, -8.290
27.52, -0.8000, -7.443
27.53, -0.8000, -7.780
27.54, -0.8000, -7.089
27.55, -0.8000, -7.633
27.56, -0.8000, -7.056
27.57, -0.8000, -7.191
27.58, -0.8000, -7.785
27.59, -0.8000, -8.395
27.60, -0.8000, -7.427
27.61, -0.8000, -8.410
27.62, -0.8000, -7.488
27.63, -0.8000, -6.251
27.64, -0.8000, -6.414
27.65, -0.8000, -6.935
27.66, -0.8000, -5.273
27.67, -0.8000, -6.865
27.68, -0.8000, -6.378
27.69, -0.8000, -7.094
27.70, -0.8000, -7.429
27.71, -0.8000, -6.793
27.72, -0.8000, -6.963
27.73, -0.8000, -7.658
27.74, -0.8000, -5.713
27.75, -0.8000, -7.509
27.76, -0.8000, -6.735
27.77, -0.8000, -7.256
27.78, -0.8000, -6.307
27.79, -0.8000, -5.480
27.80, -0.8000, -7.051
27.81, -0.8000, -6.952
27.82, -0.8000, -5.953
27.83, -0.8000, -6.975
27.84, -0.8000, -5.746
27.85, -0.8000, -6.172
27.86, -0.8000, -6.044
27.87, -0.8000, -6.147
27.88, -0.8000, -5.486
27.89, -0.8000, -6.120
27.90, -0.8000, -6.068
27.91, -0.8000, -6.676
27.92, -0.8000, -4.931
27.93, -0.8000, -5.534
27.94, -0.8000, -6.915
27.95, -0.8000, -6.909
27.96, -0.8000, -7.288
27.97, -0.8000, -6.921
27.98, -0.8000, -5.969
27.99, -0.8000, -6.945
28.00, -0.8000, -6.851
28.01, -0.8000, -6.930
28.02, -0.8000, -9.186
28.03, -0.8000, -7.783
28.04, -0.8000, -7.081
28.05, -0.8000, -8.181
28.06, -0.8000, -7.031
28.07, -0.8000, -7.481
28.08, -0.8000, -7.342
28.09, -0.8000, -8.649
28.10, -0.8000, -7.068
28.11, -0.8000, -8.726
28.12, -0.8000, -7.309
28.13, -0.8000, -7.964
28.14, -0.8000, -7.148
28.15, -0.8000, -7.555
28.16, -0.8000, -7.255
28.17, -0.8000, -9.024
28.18, -0.8000, -6.636
28.19, -0.8000, -7.166
28.20, -0.8000, -5.556
28.21, -0.8000, -6.947
28.22, -0.8000, -7.703
28.23, -0.8000, -6.566
28.24, -0.8000, -6.413
28.25, -0.8000, -6.867
28.26, -0.8000, -5.685
28.27, -0.8000, -7.437
28.28, -0.8000, -4.739
28.29, -0.8000, -6.642
28.30, -0.8000, -7.798
28.31, -0.8000, -7.547
28.32, -0.8000, -6.521
28.33, -0.8000, -6.486
28.34, -0.8000, -5.919
28.35, -0.8000, -6.087
28.36, -0.8000, -6.235
28.37, -0.8000, -5.956
28.38, -0.8000, -7.155
28.39, -0.8000, -6.249
28.40, -0.8000, -5.939
28.41, -0.8000, -5.698
28.42, -0.8000, -6.696
28.43, -0.8000, -6.751
28.44, -0.8000, -5.088
28.45, -0.8000, -6.898
28.46, -0.8000, -7.246
28.47, -0.8000, -6.089
28.48, -0.8000, -6.322
28.49, -0.8000, -4.956
28.50, -0.8000, -5.909
28.51, -0.8000, -5.534
28.52, -0.8000, -6.963
28.53, -0.8000, -6.977
28.54, -0.8000, -6.877
28.55, -0.8000, -5.574
28.56, -0.8000, -6.456
28.57, -0.8000, -6.464
28.58, -0.8000, -7.135
28.59, -0.8000, -6.820
28.60, -0.8000, -6.463
28.61, -0.8000, -7.446
28.62, -0.8000, -7.139
28.63, -0.8000, -7.144
28.64, -0.8000, -6.849
28.65, -0.8000, -7.541
28.66, -0.8000, -7.999
28.67, -0.8000, -7.973
28.68, -0.8000, -7.278
28.69, -0.8000, -8.195
28.70, -0.8000, -6.842
28.71, -0.8000, -6.500
28.72, -0.8000, -6.193
28.73, -0.8000, -7.230
28.74, -0.8000, -7.891
28.75, -0.8000, -6.924
28.76, -0.8000, -7.307
28.77, -0.8000, -7.451
28.78, -0.8000, -8.310
28.79, -0.8000, -7.054
28.80, -0.8000, -7.025
28.81, -0.8000, -7.734
28.82, -0.8000, -8.116
28.83, -0.8000, -6.420
28.84, -0.8000, -6.795
28.85, -0.8000, -6.872
28.86, -0.8000, -5.846
28.87, -0.8000, -7.960
28.88, -0.8000, -6.607
28.89, -0.8000, -6.778
28.90, -0.8000, -8.015
28.91, -0.8000, -6.039
28.92, -0.8000, -6.828
28.93, -0.8000, -5.865
28.94, -0.8000, -6.634
28.95, -0.8000, -6.811
28.96, -0.8000, -5.727
28.97, -0.8000, -6.138
28.98, -0.8000, -6.211
28.99, -0.8000, -5.784
29.00, -0.8000, -5.536
29.01, -0.8000, -6.354
29.02, -0.8000, -7.139
29.03, -0.8000, -6.817
29.04, -0.8000, -6.886
29.05, -0.8000, -5.189
29.06, -0.8000, -6.541
29.07, -0.8000, -6.961
29.08, -0.8000, -6.415
29.09, -0.8000, -6.040
29.10, -0.8000, -6.433
29.11, -0.8000, -5.865
29.12, -0.8000, -7.660
29.13, -0.8000, -6.692
29.14, -0.8000, -6.489
29.15, -0.8000, -5.376
29.16, -0.8000, -5.896
29.17, -0.8000, -6.560
29.18, -0.8000, -7.064
29.19, -0.8000, -6.769
29.20, -0.8000, -6.393
29.21, -0.8000, -6.388
29.22, -0.8000, -6.537
29.23, -0.8000, -7.061
29.24, -0.8000, -7.599
29.25, -0.8000, -7.204
29.26, -0.8000, -8.241
29.27, -0.8000, -7.215
29.28, -0.8000, -7.191
29.29, -0.8000, -7.770
29.30, -0.8000, -7.253
29.31, -0.8000, -7.008
29.32, -0.8000, -6.124
29.33, -0.8000, -7.059
29.34, -0.8000, -7.131
29.35, -0.8000, -7.168
29.36, -0.8000, -8.065
29.37, -0.8000, -7.216
29.38, -0.8000, -5.588
29.39, -0.8000, -6.637
29.40, -0.8000, -6.759
29.41, -0.8000, -5.705
29.42, -0.8000, -6.412
29.43, -0.8000, -6.639
29.44, -0.8000, -6.306
29.45, -0.8000, -6.262
29.46, -0.8000, -6.920
29.47, -0.8000, -6.539
29.48, -0.8000, -7.372
29.49, -0.8000, -6.563
29.50, -0.8000, -6.371
29.51, -0.8000, -6.691
29.52, -0.8000, -6.347
29.53, -0.8000, -5.361
29.54, -0.8000, -6.964
29.55, -0.8000, -6.075
29.56, -0.8000, -6.237
29.57, -0.8000, -6.558
29.58, -0.8000, -5.890
29.59, -0.8000, -5.878
29.60, -0.8000, -8.122
29.61, -0.8000, -8.159
29.62, -0.8000, -7.314
29.63, -0.8000, -7.265
29.64, -0.8000, -7.485
29.65, -0.8000, -7.633
29.66, -0.8000, -6.360
29.67, -0.8000, -5.794
29.68, -0.8000, -5.932
29.69, -0.8000, -6.414
29.70, -0.8000, -6.111
29.71, -0.8000, -5.874
29.72, -0.8000, -7.066
29.73, -0.8000, -6.266
29.74, -0.8000, -5.890
29.75, -0.8000, -6.705
29.76, -0.8000, -6.221
29.77, -0.8000, -7.070
29.78, -0.8000, -7.275
29.79, -0.8000, -6.761
29.80, -0.8000, -5.697
29.81, -0.8000, -8.099
29.82, -0.8000, -6.224
29.83, -0.8000, -6.359
29.84, -0.8000, -5.631
29.85, -0.8000, -6.162
29.86, -0.8000, -7.165
29.87, -0.8000, -7.079
29.88, -0.8000, -8.925
29.89, -0.8000, -6.366
29.90, -0.8000, -6.870
29.91, -0.8000, -7.126
29.92, -0.8000, -6.402
29.93, -0.8000, -7.540
29.94, -0.8000, -8.831
29.95, -0.8000, -6.448
29.96, -0.8000, -6.862
29.97, -0.8000, -6.707
29.98, -0.8000, -5.143
29.99, -0.8000, -5.713
30.00, -0.8000, -6.499
30.01, -0.8000, -6.447
30.02, -0.8000, -6.495
30.03, -0.8000, -5.367
30.04, -0.8000, -5.933
30.05, -0.8000, -6.918
30.06, -0.8000, -6.586
30.07, -0.8000, -5.046
30.08, -0.8000, -6.871
30.09, -0.8000, -5.985
30.10, -0.8000, -6.709
30.11, -0.8000, -5.547
30.12, -0.8000, -6.422
30.13, -0.8000, -5.745
30.14, -0.8000, -5.220
30.15, -0.8000, -7.050
30.16, -0.8000, -8.157
30.17, -0.8000, -7.518
30.18, -0.8000, -8.311
30.19, -0.8000, -6.012
30.20, -0.8000, -6.503
30.21, -0.8000, -6.514
30.22, -0.8000, -5.665
30.23, -0.8000, -5.419
30.24, -0.8000, -6.395
30.25, -0.8000, -6.151
30.26, -0.8000, -7.036
30.27, -0.8000, -5.904
30.28, -0.8000, -5.741
30.29, -0.8000, -7.215
30.30, -0.8000, -6.439
30.31, -0.8000, -7.652
30.32, -0.8000, -6.671
30.33, -0.8000, -5.795
30.34, -0.8000, -6.630
30.35, -0.8000, -6.072
30.36, -0.8000, -6.118
30.37, -0.8000, -5.895
30.38, -0.8000, -6.035
30.39, -0.8000, -5.703
30.40, -0.8000, -6.356
30.41, -0.8000, -6.659
30.42, -0.8000, -7.349
30.43, -0.8000, -7.923
30.44, -0.8000, -7.278
30.45, -0.8000, -5.914
30.46, -0.8000, -6.593
30.47, -0.8000, -7.104
30.48, -0.8000, -6.377
30.49, -0.8000, -6.850
30.50, -0.8000, -7.113
30.51, -0.8000, -6.954
30.52, -0.8000, -6.790
30.53, -0.8000, -6.146
30.54, -0.8000, -5.602
30.55, -0.8000, -6.210
30.56, -0.8000, -6.667
30.57, -0.8000, -6.274
30.58, -0.8000, -5.472
30.59, -0.8000, -6.699
30.60, -0.8000, -6.045
30.61, -0.8000, -7.095
30.62, -0.8000, -5.508
30.63, -0.8000, -5.559
30.64, -0.8000, -5.537
30.65, -0.8000, -7.502
30.66, -0.8000, -7.379
30.67, -0.8000, -5.847
30.68, -0.8000, -6.131
30.69, -0.8000, -5.004
30.70, -0.8000, -6.272
30.71, -0.8000, -7.164
30.72, -0.8000, -7.084
30.73, -0.8000, -6.350
30.74, -0.8000, -6.761
30.75, -0.8000, -5.580
30.76, -0.8000, -5.379
30.77, -0.8000, -6.335
30.78, -0.8000, -5.040
30.79, -0.8000, -5.096
30.80, -0.8000, -6.915
30.81, -0.8000, -5.604
30.82, -0.8000, -6.229
30.83, -0.8000, -5.223
30.84, -0.8000, -7.459
30.85, -0.8000, -6.346
30.86, -0.8000, -6.716
30.87, -0.8000, -7.915
30.88, -0.8000, -6.838
30.89, -0.8000, -7.105
30.90, -0.8000, -7.957
30.91, -0.8000, -7.853
30.92, -0.8000, -7.588
30.93, -0.8000, -7.447
30.94, -0.8000, -6.979
30.95, -0.8000, -7.332
30.96, -0.8000, -6.529
30.97, -0.8000, -5.598
30.98, -0.8000, -6.217
30.99, -0.8000, -6.725
31.00, -0.8000, -7.026
31.01, -0.8000, -6.140
31.02, -0.8000, -5.565
31.03, -0.8000, -6.316
31.04, -0.8000, -5.094
31.05, -0.8000, -5.515
31.06, -0.8000, -7.232
31.07, -0.8000, -5.078
31.08, -0.8000, -6.727
31.09, -0.8000, -6.560
31.10, -0.8000, -5.917
31.11, -0.8000, -6.757
31.12, -0.8000, -6.525
31.13, -0.8000, -6.449
31.14, -0.8000, -5.636
31.15, -0.8000, -6.798
31.16, -0.8000, -5.712
31.17, -0.8000, -5.509
31.18, -0.8000, -6.187
31.19, -0.8000, -6.101
31.20, -0.8000, -5.405
31.21, -0.8000, -5.722
31.22, -0.8000, -5.634
31.23, -0.8000, -5.783
31.24, -0.8000, -8.983
31.25, -0.8000, -6.170
31.26, -0.8000, -5.685
31.27, -0.8000, -7.290
31.28, -0.8000, -7.215
31.29, -0.8000, -7.176
31.30, -0.8000, -7.799
31.31, -0.8000, -7.621
31.32, -0.8000, -6.737
31.33, -0.8000, -6.000
31.34, -0.8000, -7.149
31.35, -0.8000, -6.579
31.36, -0.8000, -6.121
31.37, -0.8000, -6.031
31.38, -0.8000, -6.368
31.39, -0.8000, -7.214
31.40, -0.8000, -5.485
31.41, -0.8000, -7.463
31.42, -0.8000, -6.823
31.43, -0.8000, -5.394
31.44, -0.8000, -7.000
31.45, -0.8000, -6.659
31.46, -0.8000, -6.129
31.47, -0.8000, -7.479
31.48, -0.8000, -6.523
31.49, -0.8000, -8.057
31.50, -0.8000, -6.316
31.51, -0.8000, -7.560
31.52, -0.8000, -4.903
31.53, -0.8000, -6.363
31.54, -0.8000, -7.224
31.55, -0.8000, -6.045
31.56, -0.8000, -5.216
31.57, -0.8000, -5.398
31.58, -0.8000, -6.515
31.59, -0.8000, -5.358
31.60, -0.8000, -5.657
31.61, -0.8000, -5.092
31.62, -0.8000, -6.635
31.63, -0.8000, -6.269
31.64, -0.8000, -7.114
31.65, -0.8000, -6.107
31.66, -0.8000, -7.049
31.67, -0.8000, -7.275
31.68, -0.8000, -7.153
31.69, -0.8000, -6.079
31.70, -0.8000, -6.907
31.71, -0.8000, -5.439
31.72, -0.8000, -6.931
31.73, -0.8000, -6.302
31.74, -0.8000, -5.692
31.75, -0.8000, -6.570
31.76, -0.8000, -6.423
31.77, -0.8000, -5.881
31.78, -0.8000, -5.474
31.79, -0.8000, -5.685
31.80, -0.8000, -5.817
31.81, -0.8000, -6.628
31.82, -0.8000, -6.321
31.83, -0.8000, -5.546
31.84, -0.8000, -6.443
31.85, -0.8000, -6.043
31.86, -0.8000, -5.644
31.87, -0.8000, -5.782
31.88, -0.8000, -6.081
31.89, -0.8000, -6.690
31.90, -0.8000, -7.027
31.91, -0.8000, -5.609
31.92, -0.8000, -6.268
31.93, -0.8000, -6.345
31.94, -0.8000, -7.111
31.95, -0.8000, -6.294
31.96, -0.8000, -4.904
31.97, -0.8000, -5.823
31.98, -0.8000, -6.426
31.99, -0.8000, -5.669
32.00, -0.8000, -6.303
32.01, -0.8000, -6.323
32.02, -0.8000, -7.419
32.03, -0.8000, -6.353
32.04, -0.8000, -6.941
32.05, -0.8000, -5.339
32.06, -0.8000, -6.483
32.07, -0.8000, -5.620
32.08, -0.8000, -6.202
32.09, -0.8000, -6.201
32.10, -0.8000, -4.619
32.11, -0.8000, -5.559
32.12, -0.8000, -7.461
32.13, -0.8000, -6.727
32.14, -0.8000, -5.998
32.15, -0.8000, -5.104
32.16, -0.8000, -6.627
32.17, -0.8000, -5.997
32.18, -0.8000, -6.214
32.19, -0.8000, -6.536
32.20, -0.8000, -6.915
32.21, -0.8000, -6.207
32.22, -0.8000, -6.912
32.23, -0.8000, -7.061
32.24, -0.8000, -6.130
32.25, -0.8000, -5.780
32.26, -0.8000, -7.026
32.27, -0.8000, -5.960
32.28, -0.8000, -5.345
32.29, -0.8000, -5.802
32.30, -0.8000, -5.840
32.31, -0.8000, -5.379
32.32, -0.8000, -6.535
32.33, -0.8000, -5.875
32.34, -0.8000, -6.530
32.35, -0.8000, -6.403
32.36, -0.8000, -6.019
32.37, -0.8000, -5.852
32.38, -0.8000, -5.265
32.39, -0.8000, -5.826
32.40, -0.8000, -5.396
32.41, -0.8000, -6.483
32.42, -0.8000, -5.393
32.43, -0.8000, -4.709
32.44, -0.8000, -6.017
32.45, -0.8000, -6.000
32.46, -0.8000, -6.864
32.47, -0.8000, -6.662
32.48, -0.8000, -6.782
32.49, -0.8000, -5.880
32.50, -0.8000, -5.395
32.51, -0.8000, -6.470
32.52, -0.8000, -7.239
32.53, -0.8000, -6.451
32.54, -0.8000, -7.311
32.55, -0.8000, -6.167
32.56, -0.8000, -7.580
32.57, -0.8000, -6.451
32.58, -0.8000, -7.472
32.59, -0.8000, -6.958
32.60, -0.8000, -8.066
32.61, -0.8000, -6.801
32.62, -0.8000, -7.086
32.63, -0.8000, -6.174
32.64, -0.8000, -6.474
32.65, -0.8000, -6.195
32.66, -0.8000, -6.467
32.67, -0.8000, -6.692
32.68, -0.8000, -6.746
32.69, -0.8000, -7.666
32.70, -0.8000, -6.051
32.71, -0.8000, -6.294
32.72, -0.8000, -6.381
32.73, -0.8000, -6.173
32.74, -0.8000, -5.919
32.75, -0.8000, -6.496
32.76, -0.8000, -5.695
32.77, -0.8000, -6.188
32.78, -0.8000, -6.575
32.79, -0.8000, -8.008
32.80, -0.8000, -6.751
32.81, -0.8000, -7.868
32.82, -0.8000, -5.847
32.83, -0.8000, -5.902
32.84, -0.8000, -5.971
32.85, -0.8000, -6.079
32.86, -0.8000, -6.464
32.87, -0.8000, -6.699
32.88, -0.8000, -5.635
32.89, -0.8000, -7.208
32.90, -0.8000, -6.325
32.91, -0.8000, -6.585
32.92, -0.8000, -5.944
32.93, -0.8000, -6.710
32.94, -0.8000, -5.536
32.95, -0.8000, -6.615
32.96, -0.8000, -5.625
32.97, -0.8000, -6.654
32.98, -0.8000, -6.362
32.99, -0.8000, -6.184
33.00, -0.8000, -6.274
33.01, -0.8000, -5.271
33.02, -0.8000, -6.524
33.03, -0.8000, -5.693
33.04, -0.8000, -6.438
33.05, -0.8000, -5.912
33.06, -0.8000, -5.120
33.07, -0.8000, -5.574
33.08, -0.8000, -4.770
33.09, -0.8000, -6.685
33.10, -0.8000, -5.840
33.11, -0.8000, -6.139
33.12, -0.8000, -6.031
33.13, -0.8000, -5.850
33.14, -0.8000, -5.582
33.15, -0.8000, -5.754
33.16, -0.8000, -4.962
33.17, -0.8000, -5.662
33.18, -0.8000, -6.462
33.19, -0.8000, -6.654
33.20, -0.8000, -5.648
33.21, -0.8000, -5.763
33.22, -0.8000, -6.770
33.23, -0.8000, -5.502
33.24, -0.8000, -4.309
33.25, -0.8000, -5.848
33.26, -0.8000, -5.219
33.27, -0.8000, -6.362
33.28, -0.8000, -6.546
33.29, -0.8000, -6.462
33.30, -0.8000, -6.122
33.31, -0.8000, -7.485
33.32, -0.8000, -7.680
33.33, -0.8000, -7.580
33.34, -0.8000, -7.363
33.35, -0.8000, -6.069
33.36, -0.8000, -6.466
33.37, -0.8000, -7.586
33.38, -0.8000, -6.263
33.39, -0.8000, -5.064
33.40, -0.8000, -7.640
33.41, -0.8000, -6.867
33.42, -0.8000, -7.139
33.43, -0.8000, -6.056
33.44, -0.8000, -8.268
33.45, -0.8000, -5.889
33.46, -0.8000, -6.480
33.47, -0.8000, -5.550
33.48, -0.8000, -5.945
33.49, -0.8000, -6.529
33.50, -0.8000, -5.845
33.51, -0.8000, -6.266
33.52, -0.8000, -5.859
33.53, -0.8000, -5.658
33.54, -0.8000, -5.201
33.55, -0.8000, -6.240
33.56, -0.8000, -6.421
33.57, -0.8000, -5.117
33.58, -0.8000, -5.441
33.59, -0.8000, -5.909
33.60, -0.8000, -6.815
33.61, -0.8000, -5.579
33.62, -0.8000, -5.033
33.63, -0.8000, -5.569
33.64, -0.8000, -6.649
33.65, -0.8000, -5.332
33.66, -0.8000, -6.646
33.67, -0.8000, -6.253
33.68, -0.8000, -5.234
33.69, -0.8000, -5.726
33.70, -0.8000, -4.831
33.71, -0.8000, -6.243
33.72, -0.8000, -6.551
33.73, -0.8000, -6.995
33.74, -0.8000, -7.429
33.75, -0.8000, -6.610
33.76, -0.8000, -7.570
33.77, -0.8000, -7.962
33.78, -0.8000, -7.308
33.79, -0.8000, -7.663
33.80, -0.8000, -6.872
33.81, -0.8000, -6.685
33.82, -0.8000, -5.689
33.83, -0.8000, -6.558
33.84, -0.8000, -6.421
33.85, -0.8000, -7.020
33.86, -0.8000, -5.176
33.87, -0.8000, -4.321
33.88, -0.8000, -5.208
33.89, -0.8000, -5.205
33.90, -0.8000, -5.294
33.91, -0.8000, -5.715
33.92, -0.8000, -5.758
33.93, -0.8000, -5.948
33.94, -0.8000, -5.919
33.95, -0.8000, -5.886
33.96, -0.8000, -4.824
33.97, -0.8000, -5.700
33.98, -0.8000, -6.169
33.99, -0.8000, -6.024
34.00, -0.8000, -5.537
34.01, -0.8000, -6.773
34.02, -0.8000, -5.463
34.03, -0.8000, -7.284
34.04, -0.8000, -6.279
34.05, -0.8000, -6.423
34.06, -0.8000, -7.134
34.07, -0.8000, -6.994
34.08, -0.8000, -7.668
34.09, -0.8000, -5.693
34.10, -0.8000, -6.345
34.11, -0.8000, -7.298
34.12, -0.8000, -5.470
34.13, -0.8000, -6.913
34.14, -0.8000, -6.353
34.15, -0.8000, -5.108
34.16, -0.8000, -5.647
34.17, -0.8000, -5.767
34.18, -0.8000, -6.392
34.19, -0.8000, -6.106
34.20, -0.8000, -5.327
34.21, -0.8000, -6.273
34.22, -0.8000, -6.733
34.23, -0.8000, -5.094
34.24, -0.8000, -6.179
34.25, -0.8000, -5.973
34.26, -0.8000, -6.503
34.27, -0.8000, -6.286
34.28, -0.8000, -6.899
34.29, -0.8000, -6.215
34.30, -0.8000, -5.974
34.31, -0.8000, -6.831
34.32, -0.8000, -4.890
34.33, -0.8000, -5.618
34.34, -0.8000, -6.344
34.35, -0.8000, -5.373
34.36, -0.8000, -5.849
34.37, -0.8000, -5.042
34.38, -0.8000, -5.664
34.39, -0.8000, -6.722
34.40, -0.8000, -6.255
34.41, -0.8000, -6.207
34.42, -0.8000, -7.397
34.43, -0.8000, -6.806
34.44, -0.8000, -6.862
34.45, -0.8000, -6.841
34.46, -0.8000, -6.587
34.47, -0.8000, -6.429
34.48, -0.8000, -5.850
34.49, -0.8000, -6.564
34.50, -0.8000, -7.019
34.51, -0.8000, -5.656
34.52, -0.8000, -5.556
34.53, -0.8000, -5.305
34.54, -0.8000, -6.242
34.55, -0.8000, -6.065
34.56, -0.8000, -5.708
34.57, -0.8000, -5.404
34.58, -0.8000, -5.403
34.59, -0.8000, -5.621
34.60, -0.8000, -6.371
34.61, -0.8000, -6.525
34.62, -0.8000, -6.378
34.63, -0.8000, -6.256
34.64, -0.8000, -5.873
34.65, -0.8000, -5.911
34.66, -0.8000, -5.391
34.67, -0.8000, -5.861
34.68, -0.8000, -5.992
34.69, -0.8000, -6.057
34.70, -0.8000, -6.774
34.71, -0.8000, -7.005
34.72, -0.8000, -5.816
34.73, -0.8000, -4.726
34.74, -0.8000, -5.975
34.75, -0.8000, -5.521
34.76, -0.8000, -6.016
34.77, -0.8000, -6.474
34.78, -0.8000, -5.451
34.79, -0.8000, -5.937
34.80, -0.8000, -5.718
34.81, -0.8000, -5.440
34.82, -0.8000, -4.823
34.83, -0.8000, -5.576
34.84, -0.8000, -6.235
34.85, -0.8000, -6.342
34.86, -0.8000, -7.801
34.87, -0.8000, -5.788
34.88, -0.8000, -5.361
34.89, -0.8000, -6.102
34.90, -0.8000, -6.614
34.91, -0.8000, -6.901
34.92, -0.8000, -8.589
34.93, -0.8000, -8.056
34.94, -0.8000, -6.501
34.95, -0.8000, -7.260
34.96, -0.8000, -6.475
34.97, -0.8000, -6.265
34.98, -0.8000, -6.736
34.99, -0.8000, -6.547
35.00, -0.8000, -6.077
35.01, -0.8000, -6.764
35.02, -0.8000, -6.230
35.03, -0.8000, -7.424
35.04, -0.8000, -6.725
35.05, -0.8000, -6.699
35.06, -0.8000, -6.555
35.07, -0.8000, -6.710
35.08, -0.8000, -6.607
35.09, -0.8000, -5.319
35.10, -0.8000, -5.113
35.11, -0.8000, -5.975
35.12, -0.8000, -4.929
35.13, -0.8000, -4.910
35.14, -0.8000, -5.125
35.15, -0.8000, -6.297
35.16, -0.8000, -5.774
35.17, -0.8000, -5.314
35.18, -0.8000, -5.389
35.19, -0.8000, -6.804
35.20, -0.8000, -6.041
35.21, -0.8000, -6.138
35.22, -0.8000, -5.811
35.23, -0.8000, -5.655
35.24, -0.8000, -6.347
35.25, -0.8000, -5.980
35.26, -0.8000, -5.187
35.27, -0.8000, -5.604
35.28, -0.8000, -5.535
35.29, -0.8000, -5.583
35.30, -0.8000, -5.360
35.31, -0.8000, -5.033
35.32, -0.8000, -3.755
35.33, -0.8000, -6.056
35.34, -0.8000, -4.774
35.35, -0.8000, -5.645
35.36, -0.8000, -5.678
35.37, -0.8000, -6.599
35.38, -0.8000, -5.262
35.39, -0.8000, -5.057
35.40, -0.8000, -6.206
35.41, -0.8000, -6.840
35.42, -0.8000, -4.996
35.43, -0.8000, -5.418
35.44, -0.8000, -5.993
35.45, -0.8000, -4.222
35.46, -0.8000, -4.858
35.47, -0.8000, -4.312
35.48, -0.8000, -5.009
35.49, -0.8000, -6.068
35.50, -0.8000, -5.792
35.51, -0.8000, -5.606
35.52, -0.8000, -5.235
35.53, -0.8000, -6.541
35.54, -0.8000, -4.841
35.55, -0.8000, -5.659
35.56, -0.8000, -4.728
35.57, -0.8000, -5.124
35.58, -0.8000, -5.820
35.59, -0.8000, -5.438
35.60, -0.8000, -7.526
35.61, -0.8000, -5.375
35.62, -0.8000, -5.924
35.63, -0.8000, -5.565
35.64, -0.8000, -6.318
35.65, -0.8000, -5.190
35.66, -0.8000, -6.516
35.67, -0.8000, -8.813
35.68, -0.8000, -6.988
35.69, -0.8000, -6.484
35.70, -0.8000, -6.575
35.71, -0.8000, -7.046
35.72, -0.8000, -6.375
35.73, -0.8000, -6.605
35.74, -0.8000, -6.333
35.75, -0.8000, -5.240
35.76, -0.8000, -6.629
35.77, -0.8000, -6.851
35.78, -0.8000, -6.325
35.79, -0.8000, -5.768
35.80, -0.8000, -6.424
35.81, -0.8000, -6.827
35.82, -0.8000, -5.419
35.83, -0.8000, -7.530
35.84, -0.8000, -6.046
35.85, -0.8000, -5.460
35.86, -0.8000, -6.099
35.87, -0.8000, -6.936
35.88, -0.8000, -5.595
35.89, -0.8000, -6.303
35.90, -0.8000, -7.194
35.91, -0.8000, -7.096
35.92, -0.8000, -7.336
35.93, -0.8000, -6.560
35.94, -0.8000, -5.414
35.95, -0.8000, -5.888
35.96, -0.8000, -7.377
35.97, -0.8000, -6.973
35.98, -0.8000, -6.627
35.99, -0.8000, -7.912
36.00, -0.8000, -5.906
36.01, -0.8000, -6.377
36.02, -0.8000, -5.510
36.03, -0.8000, -5.163
36.04, -0.8000, -6.278
36.05, -0.8000, -6.098
36.06, -0.8000, -6.627
36.07, -0.8000, -5.039
36.08, -0.8000, -5.987
36.09, -0.8000, -5.287
36.10, -0.8000, -5.982
36.11, -0.8000, -6.570
36.12, -0.8000, -5.581
36.13, -0.8000, -5.201
36.14, -0.8000, -6.591
36.15, -0.8000, -5.505
36.16, -0.8000, -5.455
36.17, -0.8000, -4.659
36.18, -0.8000, -6.425
36.19, -0.8000, -5.359
36.20, -0.8000, -5.018
36.21, -0.8000, -5.368
36.22, -0.8000, -5.673
36.23, -0.8000, -5.481
36.24, -0.8000, -6.213
36.25, -0.8000, -7.719
36.26, -0.8000, -6.844
36.27, -0.8000, -6.398
36.28, -0.8000, -6.762
36.29, -0.8000, -6.464
36.30, -0.8000, -6.419
36.31, -0.8000, -6.395
36.32, -0.8000, -6.206
36.33, -0.8000, -5.745
36.34, -0.8000, -4.928
36.35, -0.8000, -5.180
36.36, -0.8000, -6.031
36.37, -0.8000, -6.160
36.38, -0.8000, -6.980
36.39, -0.8000, -6.010
36.40, -0.8000, -5.563
36.41, -0.8000, -5.828
36.42, -0.8000, -5.449
36.43, -0.8000, -5.365
36.44, -0.8000, -6.345
36.45, -0.8000, -4.386
36.46, -0.8000, -6.278
36.47, -0.8000, -6.122
36.48, -0.8000, -5.324
36.49, -0.8000, -5.737
36.50, -0.8000, -5.271
36.51, -0.8000, -6.915
36.52, -0.8000, -6.495
36.53, -0.8000, -7.180
36.54, -0.8000, -6.739
36.55, -0.8000, -6.245
36.56, -0.8000, -6.520
36.57, -0.8000, -6.135
36.58, -0.8000, -6.313
36.59, -0.8000, -5.811
36.60, -0.8000, -5.639
36.61, -0.8000, -5.552
36.62, -0.8000, -5.036
36.63, -0.8000, -6.221
36.64, -0.8000, -6.471
36.65, -0.8000, -4.894
36.66, -0.8000, -5.174
36.67, -0.8000, -5.765
36.68, -0.8000, -5.344
36.69, -0.8000, -5.854
36.70, -0.8000, -4.501
36.71, -0.8000, -4.940
36.72, -0.8000, -7.391
36.73, -0.8000, -5.853
36.74, -0.8000, -5.460
36.75, -0.8000, -5.324
36.76, -0.8000, -6.700
36.77, -0.8000, -6.369
36.78, -0.8000, -6.730
36.79, -0.8000, -6.132
36.80, -0.8000, -6.144
36.81, -0.8000, -4.623
36.82, -0.8000, -6.944
36.83, -0.8000, -6.025
36.84, -0.8000, -6.394
36.85, -0.8000, -6.384
36.86, -0.8000, -5.045
36.87, -0.8000, -5.614
36.88, -0.8000, -5.789
36.89, -0.8000, -6.233
36.90, -0.8000, -5.949
36.91, -0.8000, -4.756
36.92, -0.8000, -5.761
36.93, -0.8000, -5.011
36.94, -0.8000, -4.480
36.95, -0.8000, -5.145
36.96, -0.8000, -5.422
36.97, -0.8000, -6.562
36.98, -0.8000, -6.980
36.99, -0.8000, -6.438
37.00, -0.8000, -6.959
37.01, -0.8000, -6.883
37.02, -0.8000, -6.580
37.03, -0.8000, -7.417
37.04, -0.8000, -6.118
37.05, -0.8000, -5.706
37.06, -0.8000, -5.934
37.07, -0.8000, -7.330
37.08, -0.8000, -5.955
37.09, -0.8000, -5.125
37.10, -0.8000, -5.306
37.11, -0.8000, -6.173
37.12, -0.8000, -6.033
37.13, -0.8000, -5.193
37.14, -0.8000, -7.375
37.15, -0.8000, -5.818
37.16, -0.8000, -5.700
37.17, -0.8000, -5.552
37.18, -0.8000, -6.504
37.19, -0.8000, -5.294
37.20, -0.8000, -5.664
37.21, -0.8000, -4.985
37.22, -0.8000, -5.759
37.23, -0.8000, -5.958
37.24, -0.8000, -5.104
37.25, -0.8000, -6.142
37.26, -0.8000, -6.585
37.27, -0.8000, -7.159
37.28, -0.8000, -6.403
37.29, -0.8000, -7.075
37.30, -0.8000, -7.352
37.31, -0.8000, -5.041
37.32, -0.8000, -6.299
37.33, -0.8000, -5.614
37.34, -0.8000, -6.044
37.35, -0.8000, -6.839
37.36, -0.8000, -5.607
37.37, -0.8000, -4.827
37.38, -0.8000, -4.707
37.39, -0.8000, -5.805
37.40, -0.8000, -5.991
37.41, -0.8000, -5.182
37.42, -0.8000, -5.402
37.43, -0.8000, -5.190
37.44, -0.8000, -6.606
37.45, -0.8000, -4.893
37.46, -0.8000, -5.814
37.47, -0.8000, -5.324
37.48, -0.8000, -6.741
37.49, -0.8000, -4.635
37.50, -0.8000, -5.181
37.51, -0.8000, -4.975
37.52, -0.8000, -5.900
37.53, -0.8000, -6.360
37.54, -0.8000, -6.016
37.55, -0.8000, -6.775
37.56, -0.8000, -5.813
37.57, -0.8000, -6.654
37.58, -0.8000, -6.544
37.59, -0.8000, -7.133
37.60, -0.8000, -6.085
37.61, -0.8000, -5.714
37.62, -0.8000, -4.881
37.63, -0.8000, -6.090
37.64, -0.8000, -6.576
37.65, -0.8000, -6.033
37.66, -0.8000, -6.550
37.67, -0.8000, -6.313
37.68, -0.8000, -5.262
37.69, -0.8000, -5.567
37.70, -0.8000, -4.605
37.71, -0.8000, -6.317
37.72, -0.8000, -5.502
37.73, -0.8000, -5.050
37.74, -0.8000, -5.473
37.75, -0.8000, -5.472
37.76, -0.8000, -5.921
37.77, -0.8000, -4.004
37.78, -0.8000, -5.554
37.79, -0.8000, -5.367
37.80, -0.8000, -5.306
37.81, -0.8000, -5.999
37.82, -0.8000, -5.609
37.83, -0.8000, -6.589
37.84, -0.8000, -6.210
37.85, -0.8000, -6.367
37.86, -0.8000, -6.340
37.87, -0.8000, -6.827
37.88, -0.8000, -6.521
37.89, -0.8000, -7.190
37.90, -0.8000, -5.931
37.91, -0.8000, -5.788
37.92, -0.8000, -4.885
37.93, -0.8000, -5.257
37.94, -0.8000, -6.073
37.95, -0.8000, -6.024
37.96, -0.8000, -5.969
37.97, -0.8000, -4.883
37.98, -0.8000, -6.012
37.99, -0.8000, -5.245
38.00, -0.8000, -5.446
38.01, -0.8000, -5.018
38.02, -0.8000, -6.276
38.03, -0.8000, -4.837
38.04, -0.8000, -5.946
38.05, -0.8000, -5.227
38.06, -0.8000, -4.803
38.07, -0.8000, -5.092
38.08, -0.8000, -4.787
38.09, -0.8000, -4.646
38.10, -0.8000, -4.858
38.11, -0.8000, -4.988
38.12, -0.8000, -5.637
38.13, -0.8000, -5.254
38.14, -0.8000, -5.184
38.15, -0.8000, -5.751
38.16, -0.8000, -5.565
38.17, -0.8000, -6.701
38.18, -0.8000, -6.797
38.19, -0.8000, -6.952
38.20, -0.8000, -6.344
38.21, -0.8000, -7.176
38.22, -0.8000, -6.734
38.23, -0.8000, -6.937
38.24, -0.8000, -6.220
38.25, -0.8000, -6.802
38.26, -0.8000, -5.272
38.27, -0.8000, -5.547
38.28, -0.8000, -6.178
38.29, -0.8000, -5.905
38.30, -0.8000, -6.088
38.31, -0.8000, -6.239
38.32, -0.8000, -5.322
38.33, -0.8000, -5.626
38.34, -0.8000, -7.202
38.35, -0.8000, -5.797
38.36, -0.8000, -5.566
38.37, -0.8000, -5.557
38.38, -0.8000, -4.108
38.39, -0.8000, -5.102
38.40, -0.8000, -5.885
38.41, -0.8000, -3.979
38.42, -0.8000, -6.201
38.43, -0.8000, -4.531
38.44, -0.8000, -5.873
38.45, -0.8000, -6.068
38.46, -0.8000, -6.087
38.47, -0.8000, -6.597
38.48, -0.8000, -5.908
38.49, -0.8000, -5.820
38.50, -0.8000, -6.385
38.51, -0.8000, -5.555
38.52, -0.8000, -6.394
38.53, -0.8000, -5.732
38.54, -0.8000, -5.787
38.55, -0.8000, -4.808
38.56, -0.8000, -5.315
38.57, -0.8000, -5.551
38.58, -0.8000, -6.208
38.59, -0.8000, -5.815
38.60, -0.8000, -5.572
38.61, -0.8000, -5.706
38.62, -0.8000, -6.191
38.63, -0.8000, -5.516
38.64, -0.8000, -6.489
38.65, -0.8000, -4.375
38.66, -0.8000, -4.465
38.67, -0.8000, -5.662
38.68, -0.8000, -5.564
38.69, -0.8000, -6.805
38.70, -0.8000, -4.459
38.71, -0.8000, -5.253
38.72, -0.8000, -5.326
38.73, -0.8000, -5.344
38.74, -0.8000, -6.054
38.75, -0.8000, -6.274
38.76, -0.8000, -5.661
38.77, -0.8000, -6.502
38.78, -0.8000, -6.849
38.79, -0.8000, -7.050
38.80, -0.8000, -6.452
38.81, -0.8000, -5.898
38.82, -0.8000, -6.912
38.83, -0.8000, -6.725
38.84, -0.8000, -5.552
38.85, -0.8000, -7.012
38.86, -0.8000, -5.720
38.87, -0.8000, -5.746
38.88, -0.8000, -5.449
38.89, -0.8000, -6.113
38.90, -0.8000, -4.720
38.91, -0.8000, -5.732
38.92, -0.8000, -6.375
38.93, -0.8000, -5.820
38.94, -0.8000, -5.938
38.95, -0.8000, -6.771
38.96, -0.8000, -6.410
38.97, -0.8000, -6.027
38.98, -0.8000, -6.250
38.99, -0.8000, -5.372
39.00, -0.8000, -5.796
39.01, -0.8000, -5.267
39.02, -0.8000, -4.675
39.03, -0.8000, -5.867
39.04, -0.8000, -6.112
39.05, -0.8000, -6.912
39.06, -0.8000, -4.926
39.07, -0.8000, -6.648
39.08, -0.8000, -4.833
39.09, -0.8000, -6.133
39.10, -0.8000, -5.073
39.11, -0.8000, -5.227
39.12, -0.8000, -5.936
39.13, -0.8000, -4.485
39.14, -0.8000, -5.080
39.15, -0.8000, -4.037
39.16, -0.8000, -5.770
39.17, -0.8000, -5.889
39.18, -0.8000, -6.713
39.19, -0.8000, -6.342
39.20, -0.8000, -6.641
39.21, -0.8000, -7.075
39.22, -0.8000, -7.176
39.23, -0.8000, -4.678
39.24, -0.8000, -6.218
39.25, -0.8000, -5.444
39.26, -0.8000, -5.316
39.27, -0.8000, -6.195
39.28, -0.8000, -5.306
39.29, -0.8000, -5.419
39.30, -0.8000, -5.749
39.31, -0.8000, -4.942
39.32, -0.8000, -5.936
39.33, -0.8000, -6.103
39.34, -0.8000, -6.164
39.35, -0.8000, -5.618
39.36, -0.8000, -7.882
39.37, -0.8000, -5.215
39.38, -0.8000, -4.671
39.39, -0.8000, -6.332
39.40, -0.8000, -4.329
39.41, -0.8000, -6.590
39.42, -0.8000, -4.663
39.43, -0.8000, -4.746
39.44, -0.8000, -6.102
39.45, -0.8000, -5.210
39.46, -0.8000, -6.964
39.47, -0.8000, -5.407
39.48, -0.8000, -6.051
39.49, -0.8000, -5.762
39.50, -0.8000, -7.103
39.51, -0.8000, -5.702
39.52, -0.8000, -8.005
39.53, -0.8000, -6.279
39.54, -0.8000, -5.787
39.55, -0.8000, -5.684
39.56, -0.8000, -6.808
39.57, -0.8000, -6.405
39.58, -0.8000, -6.589
39.59, -0.8000, -7.231
39.60, -0.8000, -6.879
39.61, -0.8000, -6.503
39.62, -0.8000, -6.590
39.63, -0.8000, -5.119
39.64, -0.8000, -5.649
39.65, -0.8000, -5.125
39.66, -0.8000, -5.675
39.67, -0.8000, -6.555
39.68, -0.8000, -6.477
39.69, -0.8000, -6.355
39.70, -0.8000, -6.045
39.71, -0.8000, -5.165
39.72, -0.8000, -5.709
39.73, -0.8000, -6.086
39.74, -0.8000, -5.791
39.75, -0.8000, -5.548
39.76, -0.8000, -5.212
39.77, -0.8000, -6.071
39.78, -0.8000, -5.557
39.79, -0.8000, -4.916
39.80, -0.8000, -6.089
39.81, -0.8000, -5.914
39.82, -0.8000, -5.898
39.83, -0.8000, -5.358
39.84, -0.8000, -7.424
39.85, -0.8000, -6.278
39.86, -0.8000, -6.866
39.87, -0.8000, -5.510
39.88, -0.8000, -5.003
39.89, -0.8000, -6.180
39.90, -0.8000, -4.015
39.91, -0.8000, -5.049
39.92, -0.8000, -5.981
39.93, -0.8000, -4.689
39.94, -0.8000, -4.342
39.95, -0.8000, -5.436
39.96, -0.8000, -5.480
39.97, -0.8000, -6.721
39.98, -0.8000, -5.894
39.99, -0.8000, -6.856
40.00, -0.8000, -7.551
40.01, -0.8000, -6.926
40.02, -0.8000, -6.819
40.03, -0.8000, -6.768
40.04, -0.8000, -6.444
40.05, -0.8000, -5.295
40.06, -0.8000, -6.513
40.07, -0.8000, -6.759
40.08, -0.8000, -5.497
40.09, -0.8000, -5.879
40.10, -0.8000, -4.886
40.11, -0.8000, -7.633
40.12, -0.8000, -5.892
40.13, -0.8000, -5.818
40.14, -0.8000, -4.823
40.15, -0.8000, -5.813
40.16, -0.8000, -5.886
40.17, -0.8000, -6.188
40.18, -0.8000, -5.931
40.19, -0.8000, -5.686
40.20, -0.8000, -7.133
40.21, -0.8000, -5.297
40.22, -0.8000, -6.300
40.23, -0.8000, -5.059
40.24, -0.8000, -5.588
40.25, -0.8000, -5.769
40.26, -0.8000, -5.781
40.27, -0.8000, -6.250
40.28, -0.8000, -4.582
40.29, -0.8000, -5.942
40.30, -0.8000, -6.230
40.31, -0.8000, -5.841
40.32, -0.8000, -6.327
40.33, -0.8000, -5.469
40.34, -0.8000, -5.374
40.35, -0.8000, -4.642
40.36, -0.8000, -5.964
40.37, -0.8000, -3.953
40.38, -0.8000, -5.680
40.39, -0.8000, -5.336
40.40, -0.8000, -6.467
40.41, -0.8000, -6.695
40.42, -0.8000, -6.167
40.43, -0.8000, -5.944
40.44, -0.8000, -6.587
40.45, -0.8000, -6.560
40.46, -0.8000, -6.648
40.47, -0.8000, -6.377
40.48, -0.8000, -5.881
40.49, -0.8000, -5.937
40.50, -0.8000, -5.913
40.51, -0.8000, -6.224
40.52, -0.8000, -5.724
40.53, -0.8000, -5.624
40.54, -0.8000, -4.887
40.55, -0.8000, -5.610
40.56, -0.8000, -5.675
40.57, -0.8000, -6.042
40.58, -0.8000, -5.626
40.59, -0.8000, -5.980
40.60, -0.8000, -5.308
40.61, -0.8000, -6.204
40.62, -0.8000, -6.227
40.63, -0.8000, -5.900
40.64, -0.8000, -5.277
40.65, -0.8000, -6.050
40.66, -0.8000, -6.267
40.67, -0.8000, -4.766
40.68, -0.8000, -5.165
40.69, -0.8000, -3.840
40.70, -0.8000, -4.432
40.71, -0.8000, -5.569
40.72, -0.8000, -4.196
40.73, -0.8000, -5.810
40.74, -0.8000, -4.751
40.75, -0.8000, -4.780
40.76, -0.8000, -6.952
40.77, -0.8000, -5.858
40.78, -0.8000, -6.181
40.79, -0.8000, -5.957
40.80, -0.8000, -7.308
40.81, -0.8000, -7.688
40.82, -0.8000, -6.940
40.83, -0.8000, -6.898
40.84, -0.8000, -6.338
40.85, -0.8000, -5.106
40.86, -0.8000, -4.952
40.87, -0.8000, -6.651
40.88, -0.8000, -4.814
40.89, -0.8000, -6.000
40.90, -0.8000, -5.853
40.91, -0.8000, -6.360
40.92, -0.8000, -5.658
40.93, -0.8000, -6.638
40.94, -0.8000, -5.891
40.95, -0.8000, -5.816
40.96, -0.8000, -6.901
40.97, -0.8000, -4.990
40.98, -0.8000, -5.562
40.99, -0.8000, -6.283
41.00, -0.8000, -5.464
41.01, -0.8000, -6.127
41.02, -0.8000, -5.645
41.03, -0.8000, -5.215
41.04, -0.8000, -5.082
41.05, -0.8000, -5.601
41.06, -0.8000, -4.357
41.07, -0.8000, -5.213
41.08, -0.8000, -4.936
41.09, -0.8000, -5.796
41.10, -0.8000, -6.307
41.11, -0.8000, -6.141
41.12, -0.8000, -5.526
41.13, -0.8000, -4.716
41.14, -0.8000, -6.435
41.15, -0.8000, -6.041
41.16, -0.8000, -5.189
41.17, -0.8000, -6.387
41.18, -0.8000, -5.089
41.19, -0.8000, -4.782
41.20, -0.8000, -4.732
41.21, -0.8000, -3.396
41.22, -0.8000, -5.828
41.23, -0.8000, -4.784
41.24, -0.8000, -5.266
41.25, -0.8000, -5.394
41.26, -0.8000, -5.646
41.27, -0.8000, -5.791
41.28, -0.8000, -5.890
41.29, -0.8000, -5.459
41.30, -0.8000, -7.377
41.31, -0.8000, -5.691
41.32, -0.8000, -5.892
41.33, -0.8000, -6.704
41.34, -0.8000, -5.969
41.35, -0.8000, -5.986
41.36, -0.8000, -5.869
41.37, -0.8000, -5.772
41.38, -0.8000, -6.871
41.39, -0.8000, -6.582
41.40, -0.8000, -6.909
41.41, -0.8000, -7.231
41.42, -0.8000, -6.385
41.43, -0.8000, -6.915
41.44, -0.8000, -6.145
41.45, -0.8000, -5.608
41.46, -0.8000, -6.122
41.47, -0.8000, -5.693
41.48, -0.8000, -6.265
41.49, -0.8000, -6.212
41.50, -0.8000, -6.609
41.51, -0.8000, -6.323
41.52, -0.8000, -5.760
41.53, -0.8000, -5.808
41.54, -0.8000, -6.445
41.55, -0.8000, -5.121
41.56, -0.8000, -6.055
41.57, -0.8000, -6.746
41.58, -0.8000, -6.681
41.59, -0.8000, -6.567
41.60, -0.8000, -6.000
41.61, -0.8000, -6.539
41.62, -0.8000, -5.495
41.63, -0.8000, -6.998
41.64, -0.8000, -6.737
41.65, -0.8000, -5.846
41.66, -0.8000, -4.453
41.67, -0.8000, -5.604
41.68, -0.8000, -5.733
41.69, -0.8000, -5.791
41.70, -0.8000, -4.976
41.71, -0.8000, -5.425
41.72, -0.8000, -5.706
41.73, -0.8000, -5.411
41.74, -0.8000, -4.192
41.75, -0.8000, -5.455
41.76, -0.8000, -5.775
41.77, -0.8000, -5.580
41.78, -0.8000, -6.265
41.79, -0.8000, -5.431
41.80, -0.8000, -5.943
41.81, -0.8000, -6.964
41.82, -0.8000, -5.884
41.83, -0.8000, -5.152
41.84, -0.8000, -4.637
41.85, -0.8000, -5.992
41.86, -0.8000, -6.356
41.87, -0.8000, -4.830
41.88, -0.8000, -5.598
41.89, -0.8000, -4.498
41.90, -0.8000, -5.747
41.91, -0.8000, -5.206
41.92, -0.8000, -4.315
41.93, -0.8000, -5.133
41.94, -0.8000, -5.617
41.95, -0.8000, -6.655
41.96, -0.8000, -6.338
41.97, -0.8000, -4.560
41.98, -0.8000, -5.670
41.99, -0.8000, -4.836
42.00, -0.8000, -5.248
42.01, -0.8000, -5.562
42.02, -0.8000, -5.107
42.03, -0.8000, -4.496
42.04, -0.8000, -5.157
42.05, -0.8000, -5.393
42.06, -0.8000, -5.156
42.07, -0.8000, -5.315
42.08, -0.8000, -6.701
42.09, -0.8000, -5.613
42.10, -0.8000, -4.361
42.11, -0.8000, -5.320
42.12, -0.8000, -5.344
42.13, -0.8000, -6.162
42.14, -0.8000, -4.600
42.15, -0.8000, -5.006
42.16, -0.8000, -5.708
42.17, -0.8000, -5.080
42.18, -0.8000, -6.305
42.19, -0.8000, -6.305
42.20, -0.8000, -5.198
42.21, -0.8000, -4.943
42.22, -0.8000, -5.833
42.23, -0.8000, -4.477
42.24, -0.8000, -6.248
42.25, -0.8000, -6.578
42.26, -0.8000, -6.639
42.27, -0.8000, -6.125
42.28, -0.8000, -6.427
42.29, -0.8000, -5.075
42.30, -0.8000, -5.801
42.31, -0.8000, -6.311
42.32, -0.8000, -7.365
42.33, -0.8000, -6.445
42.34, -0.8000, -5.628
42.35, -0.8000, -5.626
42.36, -0.8000, -6.624
42.37, -0.8000, -6.093
42.38, -0.8000, -6.688
42.39, -0.8000, -5.361
42.40, -0.8000, -6.644
42.41, -0.8000, -5.243
42.42, -0.8000, -5.802
42.43, -0.8000, -6.777
42.44, -0.8000, -6.108
42.45, -0.8000, -6.131
42.46, -0.8000, -5.977
42.47, -0.8000, -4.534
42.48, -0.8000, -5.911
42.49, -0.8000, -6.185
42.50, -0.8000, -5.067
42.51, -0.8000, -5.601
42.52, -0.8000, -6.451
42.53, -0.8000, -4.965
42.54, -0.8000, -5.714
42.55, -0.8000, -6.130
42.56, -0.8000, -4.464
42.57, -0.8000, -5.547
42.58, -0.8000, -5.235
42.59, -0.8000, -5.743
42.60, -0.8000, -6.767
42.61, -0.8000, -6.580
42.62, -0.8000, -5.773
42.63, -0.8000, -5.626
42.64, -0.8000, -5.379
42.65, -0.8000, -5.300
42.66, -0.8000, -6.085
42.67, -0.8000, -5.722
42.68, -0.8000, -4.841
42.69, -0.8000, -5.233
42.70, -0.8000, -4.189
42.71, -0.8000, -5.450
42.72, -0.8000, -4.969
42.73, -0.8000, -5.898
42.74, -0.8000, -4.716
42.75, -0.8000, -4.928
42.76, -0.8000, -4.951
42.77, -0.8000, -4.873
42.78, -0.8000, -5.430
42.79, -0.8000, -5.865
42.80, -0.8000, -4.942
42.81, -0.8000, -5.368
42.82, -0.8000, -6.509
42.83, -0.8000, -5.130
42.84, -0.8000, -7.004
42.85, -0.8000, -5.917
42.86, -0.8000, -5.177
42.87, -0.8000, -6.233
42.88, -0.8000, -3.950
42.89, -0.8000, -4.250
42.90, -0.8000, -5.639
42.91, -0.8000, -5.114
42.92, -0.8000, -5.601
42.93, -0.8000, -5.765
42.94, -0.8000, -4.962
42.95, -0.8000, -5.657
42.96, -0.8000, -5.769
42.97, -0.8000, -5.865
42.98, -0.8000, -3.696
42.99, -0.8000, -4.581
43.00, -0.8000, -6.511
43.01, -0.8000, -4.417
43.02, -0.8000, -6.023
43.03, -0.8000, -3.668
43.04, -0.8000, -5.276
43.05, -0.8000, -5.285
43.06, -0.8000, -6.661
43.07, -0.8000, -6.964
43.08, -0.8000, -5.767
43.09, -0.8000, -6.745
43.10, -0.8000, -8.080
43.11, -0.8000, -7.274
43.12, -0.8000, -5.402
43.13, -0.8000, -7.188
43.14, -0.8000, -6.950
43.15, -0.8000, -5.461
43.16, -0.8000, -5.686
43.17, -0.8000, -5.439
43.18, -0.8000, -5.361
43.19, -0.8000, -5.005
43.20, -0.8000, -5.660
43.21, -0.8000, -4.942
43.22, -0.8000, -5.783
43.23, -0.8000, -6.463
43.24, -0.8000, -5.401
43.25, -0.8000, -4.688
43.26, -0.8000, -5.851
43.27, -0.8000, -4.484
43.28, -0.8000, -5.875
43.29, -0.8000, -5.040
43.30, -0.8000, -5.879
43.31, -0.8000, -4.449
43.32, -0.8000, -6.259
43.33, -0.8000, -6.846
43.34, -0.8000, -6.784
43.35, -0.8000, -5.809
43.36, -0.8000, -6.377
43.37, -0.8000, -6.686
43.38, -0.8000, -6.235
43.39, -0.8000, -5.468
43.40, -0.8000, -4.632
43.41, -0.8000, -4.573
43.42, -0.8000, -7.234
43.43, -0.8000, -6.191
43.44, -0.8000, -5.587
43.45, -0.8000, -4.850
43.46, -0.8000, -5.541
43.47, -0.8000, -5.165
43.48, -0.8000, -5.846
43.49, -0.8000, -4.380
43.50, -0.8000, -5.490
43.51, -0.8000, -5.381
43.52, -0.8000, -5.224
43.53, -0.8000, -4.749
43.54, -0.8000, -5.330
43.55, -0.8000, -5.999
43.56, -0.8000, -5.444
43.57, -0.8000, -5.787
43.58, -0.8000, -4.771
43.59, -0.8000, -5.059
43.60, -0.8000, -4.582
43.61, -0.8000, -4.907
43.62, -0.8000, -4.413
43.63, -0.8000, -4.809
43.64, -0.8000, -6.436
43.65, -0.8000, -5.598
43.66, -0.8000, -5.671
43.67, -0.8000, -5.502
43.68, -0.8000, -6.184
43.69, -0.8000, -6.543
43.70, -0.8000, -6.519
43.71, -0.8000, -6.721
43.72, -0.8000, -6.684
43.73, -0.8000, -6.336
43.74, -0.8000, -6.661
43.75, -0.8000, -6.408
43.76, -0.8000, -7.321
43.77, -0.8000, -7.194
43.78, -0.8000, -4.121
43.79, -0.8000, -6.828
43.80, -0.8000, -5.664
43.81, -0.8000, -4.903
43.82, -0.8000, -4.693
43.83, -0.8000, -6.782
43.84, -0.8000, -5.804
43.85, -0.8000, -5.906
43.86, -0.8000, -4.643
43.87, -0.8000, -4.555
43.88, -0.8000, -5.841
43.89, -0.8000, -6.197
43.90, -0.8000, -5.034
43.91, -0.8000, -5.488
43.92, -0.8000, -4.659
43.93, -0.8000, -6.398
43.94, -0.8000, -6.361
43.95, -0.8000, -5.736
43.96, -0.8000, -6.227
43.97, -0.8000, -6.719
43.98, -0.8000, -7.303
43.99, -0.8000, -6.425
44.00, -0.8000, -6.524
44.01, -0.8000, -5.886
44.02, -0.8000, -6.626
44.03, -0.8000, -5.959
44.04, -0.8000, -4.883
44.05, -0.8000, -4.508
44.06, -0.8000, -4.605
44.07, -0.8000, -6.289
44.08, -0.8000, -6.659
44.09, -0.8000, -5.332
44.10, -0.8000, -5.428
44.11, -0.8000, -4.279
44.12, -0.8000, -3.901
44.13, -0.8000, -4.551
44.14, -0.8000, -5.785
44.15, -0.8000, -5.757
44.16, -0.8000, -5.711
44.17, -0.8000, -7.217
44.18, -0.8000, -7.069
44.19, -0.8000, -6.311
44.20, -0.8000, -5.803
44.21, -0.8000, -5.810
44.22, -0.8000, -5.607
44.23, -0.8000, -6.198
44.24, -0.8000, -5.204
44.25, -0.8000, -6.612
44.26, -0.8000, -5.423
44.27, -0.8000, -5.007
44.28, -0.8000, -6.119
44.29, -0.8000, -4.304
44.30, -0.8000, -4.057
44.31, -0.8000, -3.738
44.32, -0.8000, -5.510
44.33, -0.8000, -3.878
44.34, -0.8000, -5.009
44.35, -0.8000, -5.465
44.36, -0.8000, -4.095
44.37, -0.8000, -6.951
44.38, -0.8000, -6.467
44.39, -0.8000, -7.086
44.40, -0.8000, -5.539
44.41, -0.8000, -6.626
44.42, -0.8000, -6.610
44.43, -0.8000, -6.472
44.44, -0.8000, -6.188
44.45, -0.8000, -6.733
44.46, -0.8000, -5.233
44.47, -0.8000, -5.639
44.48, -0.8000, -6.135
44.49, -0.8000, -5.660
44.50, -0.8000, -5.098
44.51, -0.8000, -5.648
44.52, -0.8000, -6.541
44.53, -0.8000, -6.356
44.54, -0.8000, -4.821
44.55, -0.8000, -5.182
44.56, -0.8000, -6.247
44.57, -0.8000, -5.647
44.58, -0.8000, -4.083
44.59, -0.8000, -5.906
44.60, -0.8000, -5.319
44.61, -0.8000, -5.527
44.62, -0.8000, -4.260
44.63, -0.8000, -5.334
44.64, -0.8000, -6.185
44.65, -0.8000, -5.351
44.66, -0.8000, -4.178
44.67, -0.8000, -6.488
44.68, -0.8000, -6.087
44.69, -0.8000, -5.480
44.70, -0.8000, -5.637
44.71, -0.8000, -5.955
44.72, -0.8000, -6.574
44.73, -0.8000, -5.979
44.74, -0.8000, -5.492
44.75, -0.8000, -6.828
44.76, -0.8000, -6.593
44.77, -0.8000, -6.394
44.78, -0.8000, -7.428
44.79, -0.8000, -5.555
44.80, -0.8000, -7.075
44.81, -0.8000, -5.691
44.82, -0.8000, -5.024
44.83, -0.8000, -5.694
44.84, -0.8000, -5.214
44.85, -0.8000, -6.096
44.86, -0.8000, -6.097
44.87, -0.8000, -5.355
44.88, -0.8000, -5.837
44.89, -0.8000, -5.416
44.90, -0.8000, -6.231
44.91, -0.8000, -6.620
44.92, -0.8000, -5.049
44.93, -0.8000, -5.646
44.94, -0.8000, -4.857
44.95, -0.8000, -5.531
44.96, -0.8000, -4.935
44.97, -0.8000, -5.373
44.98, -0.8000, -4.664
44.99, -0.8000, -4.238
45.00, 0.000, -4.983
45.01, 0.001000, 74.69
45.02, 0.002000, 30.54
45.03, 0.003000, 17.55
45.04, 0.004000, 13.69
45.05, 0.005000, 10.54
45.06, 0.006000, 8.098
45.07, 0.007000, 6.135
45.08, 0.008000, 5.908
45.09, 0.009000, 4.143
45.10, 0.01000, 3.749
45.11, 0.01100, 3.085
45.12, 0.01200, 1.550
45.13, 0.01300, 1.312
45.14, 0.01400, 0.4481
45.15, 0.01500, 1.915
45.16, 0.01600, 1.780
45.17, 0.01700, -0.1947
45.18, 0.01800, 0.9211
45.19, 0.01900, 0.7211
45.20, 0.02000, 0.08939
45.21, 0.02100, 0.6771
45.22, 0.02200, 1.471
45.23, 0.02300, 0.5283
45.24, 0.02400, -0.7411
45.25, 0.02500, 0.8873
45.26, 0.02600, -1.210
45.27, 0.02700, -0.1677
45.28, 0.02800, 0.2191
45.29, 0.02900, -0.1877
45.30, 0.03000, -0.02967
45.31, 0.03100, 1.369
45.32, 0.03200, -0.8519
45.33, 0.03300, 1.083
45.34, 0.03400, -0.4236
45.35, 0.03500, -1.598
45.36, 0.03600, -1.872
45.37, 0.03700, -1.870
45.38, 0.03800, -0.6635
45.39, 0.03900, -2.446
45.40, 0.04000, -1.758
45.41, 0.04100, -1.278
45.42, 0.04200, -2.069
45.43, 0.04300, -0.8696
45.44, 0.04400, -1.446
45.45, 0.04500, -0.01114
45.46, 0.04600, -0.6719
45.47, 0.04700, -1.703
45.48, 0.04800, -1.828
45.49, 0.04900, -1.338
45.50, 0.05000, -0.7149
45.51, 0.05100, -0.8292
45.52, 0.05200, -0.7740
45.53, 0.05300, -1.242
45.54, 0.05400, -1.781
45.55, 0.05500, -2.122
45.56, 0.05600, -3.041
45.57, 0.05700, -0.2184
45.58, 0.05800, -2.478
45.59, 0.05900, -2.049
45.60, 0.06000, -1.415
45.61, 0.06100, -1.875
45.62, 0.06200, -0.5887
45.63, 0.06300, -3.061
45.64, 0.06400, -0.6742
45.65, 0.06500, -2.073
45.66, 0.06600, -2.610
45.67, 0.06700, 0.2701
45.68, 0.06800, -2.336
45.69, 0.06900, 0.1972
45.70, 0.07000, -2.116
45.71, 0.07100, -1.025
45.72, 0.07200, 1.250
45.73, 0.07300, -1.069
45.74, 0.07400, 0.03124
45.75, 0.07500, -0.6918
45.76, 0.07600, 0.3973
45.77, 0.07700, -1.722
45.78, 0.07800, -0.3460
45.79, 0.07900, -1.815
45.80, 0.08000, -1.788
45.81, 0.08100, -2.009
45.82, 0.08200, -1.636
45.83, 0.08300, -0.5288
45.84, 0.08400, -1.745
45.85, 0.08500, -1.534
45.86, 0.08600, -2.475
45.87, 0.08700, -0.5189
45.88, 0.08800, -1.426
45.89, 0.08900, -2.111
45.90, 0.09000, -2.203
45.91, 0.09100, -1.616
45.92, 0.09200, -0.1227
45.93, 0.09300, -2.375
45.94, 0.09400, -1.925
45.95, 0.09500, -1.264
45.96, 0.09600, -2.570
45.97, 0.09700, -1.317
45.98, 0.09800, -2.219
45.99, 0.09900, -2.455
46.00, 0.1000, -3.926
46.01, 0.1010, -2.323
46.02, 0.1020, -0.6425
46.03, 0.1030, -0.6839
46.04, 0.1040, -1.699
46.05, 0.1050, -1.444
46.06, 0.1060, -1.389
46.07, 0.1070, -0.5556
46.08, 0.1080, 0.8737
46.09, 0.1090, 0.04743
46.10, 0.1100, -0.5472
46.11, 0.1110, 1.362
46.12, 0.1120, 0.3007
46.13, 0.1130, 0.3260
46.14, 0.1140, -1.864
46.15, 0.1150, -0.6434
46.16, 0.1160, 0.4012
46.17, 0.1170, 0.2801
46.18, 0.1180, -1.499
46.19, 0.1190, -2.496
46.20, 0.1200, -0.02991
46.21, 0.1210, -0.2624
46.22, 0.1220, -0.05775
46.23, 0.1230, -1.161
46.24, 0.1240, 0.2040
46.25, 0.1250, -0.5912
46.26, 0.1260, -0.2656
46.27, 0.1270, -0.8956
46.28, 0.1280, -0.7744
46.29, 0.1290, 0.3060
46.30, 0.1300, -0.4500
46.31, 0.1310, -1.235
46.32, 0.1320, 0.03754
46.33, 0.1330, 1.157
46.34, 0.1340, -1.368
46.35, 0.1350, -0.5346
46.36, 0.1360, -1.211
46.37, 0.1370, -0.09811
46.38, 0.1380, -0.7021
46.39, 0.1390, -1.402
46.40, 0.1400, -0.6745
46.41, 0.1410, -1.083
46.42, 0.1420, -1.669
46.43, 0.1430, -0.6475
46.44, 0.1440, -1.022
46.45, 0.1450, -0.4386
46.46, 0.1460, 0.08087
46.47, 0.1470, -0.2804
46.48, 0.1480, 0.3287
46.49, 0.1490, 1.535
46.50, 0.1500, 0.7745
46.51, 0.1510, 0.6032
46.52, 0.1520, 2.021
46.53, 0.1530, 0.9922
46.54, 0.1540, 2.155
46.55, 0.1550, 2.521
46.56, 0.1560, 1.893
46.57, 0.1570, 1.053
46.58, 0.1580, 1.029
46.59, 0.1590, 0.4588
46.60, 0.1600, 2.142
46.61, 0.1610, 0.2907
46.62, 0.1620, 1.226
46.63, 0.1630, 2.745
46.64, 0.1640, 0.09292
46.65, 0.1650, 1.689
46.66, 0.1660, 0.8643
46.67, 0.1670, 1.300
46.68, 0.1680, 0.7368
46.69, 0.1690, 0.1800
46.70, 0.1700, 1.070
46.71, 0.1710, 1.483
46.72, 0.1720, 1.974
46.73, 0.1730, 3.267
46.74, 0.1740, 1.889
46.75, 0.1750, 3.368
46.76, 0.1760, 2.795
46.77, 0.1770, 3.242
46.78, 0.1780, 2.920
46.79, 0.1790, 3.222
46.80, 0.1800, 2.989
46.81, 0.1810, 3.745
46.82, 0.1820, 3.472
46.83, 0.1830, 1.768
46.84, 0.1840, 0.9976
46.85, 0.1850, 1.279
46.86, 0.1860, 2.824
46.87, 0.1870, 1.715
46.88, 0.1880, 3.217
46.89, 0.1890, 2.414
46.90, 0.1900, 2.784
46.91, 0.1910, 2.888
46.92, 0.1920, 2.817
46.93, 0.1930, 2.841
46.94, 0.1940, 3.399
46.95, 0.1950, 3.696
46.96, 0.1960, 4.024
46.97, 0.1970, 4.126
46.98, 0.1980, 4.366
46.99, 0.1990, 4.185
47.00, 0.2000, 4.644
47.01, 0.2010, 4.067
47.02, 0.2020, 3.643
47.03, 0.2030, 4.937
47.04, 0.2040, 6.698
47.05, 0.2050, 5.898
47.06, 0.2060, 6.577
47.07, 0.2070, 6.613
47.08, 0.2080, 5.875
47.09, 0.2090, 4.757
47.10, 0.2100, 5.222
47.11, 0.2110, 4.114
47.12, 0.2120, 3.481
47.13, 0.2130, 3.608
47.14, 0.2140, 5.561
47.15, 0.2150, 5.867
47.16, 0.2160, 3.847
47.17, 0.2170, 6.065
47.18, 0.2180, 4.979
47.19, 0.2190, 7.048
47.20, 0.2200, 4.067
47.21, 0.2210, 6.631
47.22, 0.2220, 7.702
47.23, 0.2230, 7.328
47.24, 0.2240, 6.265
47.25, 0.2250, 5.777
47.26, 0.2260, 5.327
47.27, 0.2270, 4.781
47.28, 0.2280, 5.220
47.29, 0.2290, 5.977
47.30, 0.2300, 4.976
47.31, 0.2310, 5.954
47.32, 0.2320, 5.522
47.33, 0.2330, 6.478
47.34, 0.2340, 6.262
47.35, 0.2350, 7.456
47.36, 0.2360, 6.769
47.37, 0.2370, 7.392
47.38, 0.2380, 7.040
47.39, 0.2390, 7.986
47.40, 0.2400, 7.758
47.41, 0.2410, 7.084
47.42, 0.2420, 6.963
47.43, 0.2430, 6.400
47.44, 0.2440, 6.606
47.45, 0.2450, 6.845
47.46, 0.2460, 6.174
47.47, 0.2470, 7.963
47.48, 0.2480, 7.422
47.49, 0.2490, 6.711
47.50, 0.2500, 6.000
47.51, 0.2510, 6.065
47.52, 0.2520, 6.535
47.53, 0.2530, 8.018
47.54, 0.2540, 7.535
47.55, 0.2550, 6.872
47.56, 0.2560, 6.834
47.57, 0.2570, 7.274
47.58, 0.2580, 7.329
47.59, 0.2590, 6.379
47.60, 0.2600, 6.163
47.61, 0.2610, 7.338
47.62, 0.2620, 6.552
47.63, 0.2630, 6.399
47.64, 0.2640, 7.036
47.65, 0.2650, 6.531
47.66, 0.2660, 7.650
47.67, 0.2670, 8.071
47.68, 0.2680, 7.875
47.69, 0.2690, 7.712
47.70, 0.2700, 6.878
47.71, 0.2710, 5.585
47.72, 0.2720, 6.415
47.73, 0.2730, 7.078
47.74, 0.2740, 7.438
47.75, 0.2750, 6.827
47.76, 0.2760, 7.962
47.77, 0.2770, 6.466
47.78, 0.2780, 8.734
47.79, 0.2790, 8.312
47.80, 0.2800, 9.932
47.81, 0.2810, 9.983
47.82, 0.2820, 6.940
47.83, 0.2830, 7.960
47.84, 0.2840, 8.194
47.85, 0.2850, 8.395
47.86, 0.2860, 7.622
47.87, 0.2870, 8.143
47.88, 0.2880, 8.620
47.89, 0.2890, 7.879
47.90, 0.2900, 7.469
47.91, 0.2910, 9.512
47.92, 0.2920, 8.257
47.93, 0.2930, 9.311
47.94, 0.2940, 8.957
47.95, 0.2950, 9.511
47.96, 0.2960, 9.306
47.97, 0.2970, 8.662
47.98, 0.2980, 7.962
47.99, 0.2990, 8.613
48.00, 0.3000, 8.251
48.01, 0.3010, 8.162
48.02, 0.3020, 9.147
48.03, 0.3030, 9.259
48.04, 0.3040, 9.019
48.05, 0.3050, 9.529
48.06, 0.3060, 9.460
48.07, 0.3070, 10.22
48.08, 0.3080, 10.36
48.09, 0.3090, 11.60
48.10, 0.3100, 11.05
48.11, 0.3110, 8.623
48.12, 0.3120, 8.237
48.13, 0.3130, 8.858
48.14, 0.3140, 8.456
48.15, 0.3150, 8.279
48.16, 0.3160, 9.452
48.17, 0.3170, 10.05
48.18, 0.3180, 9.235
48.19, 0.3190, 10.57
48.20, 0.3200, 10.91
48.21, 0.3210, 11.03
48.22, 0.3220, 9.166
48.23, 0.3230, 10.95
48.24, 0.3240, 11.83
48.25, 0.3250, 10.81
48.26, 0.3260, 11.45
48.27, 0.3270, 11.10
48.28, 0.3280, 10.99
48.29, 0.3290, 10.82
48.30, 0.3300, 12.02
48.31, 0.3310, 11.17
48.32, 0.3320, 11.32
48.33, 0.3330, 11.46
48.34, 0.3340, 11.12
48.35, 0.3350, 12.59
48.36, 0.3360, 11.20
48.37, 0.3370, 12.86
48.38, 0.3380, 11.89
48.39, 0.3390, 12.81
48.40, 0.3400, 12.43
48.41, 0.3410, 12.15
48.42, 0.3420, 12.48
48.43, 0.3430, 13.11
48.44, 0.3440, 11.02
48.45, 0.3450, 9.977
48.46, 0.3460, 11.85
48.47, 0.3470, 11.91
48.48, 0.3480, 11.86
48.49, 0.3490, 13.20
48.50, 0.3500, 12.33
48.51, 0.3510, 12.55
48.52, 0.3520, 12.19
48.53, 0.3530, 12.97
48.54, 0.3540, 11.94
48.55, 0.3550, 13.61
48.56, 0.3560, 13.15
48.57, 0.3570, 13.15
48.58, 0.3580, 13.17
48.59, 0.3590, 14.52
48.60, 0.3600, 13.67
48.61, 0.3610, 13.63
48.62, 0.3620, 14.06
48.63, 0.3630, 12.70
48.64, 0.3640, 13.73
48.65, 0.3650, 13.96
48.66, 0.3660, 13.03
48.67, 0.3670, 13.70
48.68, 0.3680, 13.75
48.69, 0.3690, 13.23
48.70, 0.3700, 14.95
48.71, 0.3710, 13.53
48.72, 0.3720, 13.75
48.73, 0.3730, 14.86
48.74, 0.3740, 15.67
48.75, 0.3750, 15.39
48.76, 0.3760, 14.27
48.77, 0.3770, 14.63
48.78, 0.3780, 13.48
48.79, 0.3790, 12.48
48.80, 0.3800, 13.66
48.81, 0.3810, 13.52
48.82, 0.3820, 14.45
48.83, 0.3830, 13.82
48.84, 0.3840, 15.26
48.85, 0.3850, 14.62
48.86, 0.3860, 13.52
48.87, 0.3870, 15.00
48.88, 0.3880, 14.95
48.89, 0.3890, 15.10
48.90, 0.3900, 15.54
48.91, 0.3910, 15.51
48.92, 0.3920, 15.82
48.93, 0.3930, 15.41
48.94, 0.3940, 15.91
48.95, 0.3950, 16.36
48.96, 0.3960, 14.43
48.97, 0.3970, 15.02
48.98, 0.3980, 15.44
48.99, 0.3990, 16.02
49.00, 0.4000, 14.17
49.01, 0.4010, 15.71
49.02, 0.4020, 15.25
49.03, 0.4030, 14.94
49.04, 0.4040, 16.29
49.05, 0.4050, 16.95
49.06, 0.4060, 15.38
49.07, 0.4070, 15.96
49.08, 0.4080, 16.58
49.09, 0.4090, 17.22
49.10, 0.4100, 16.76
49.11, 0.4110, 15.97
49.12, 0.4120, 17.54
49.13, 0.4130, 17.42
49.14, 0.4140, 17.61
49.15, 0.4150, 17.10
49.16, 0.4160, 17.68
49.17, 0.4170, 17.20
49.18, 0.4180, 18.22
49.19, 0.4190, 16.88
49.20, 0.4200, 16.05
49.21, 0.4210, 15.59
49.22, 0.4220, 15.58
49.23, 0.4230, 14.91
49.24, 0.4240, 15.38
49.25, 0.4250, 16.43
49.26, 0.4260, 16.28
49.27, 0.4270, 16.71
49.28, 0.4280, 16.36
49.29, 0.4290, 16.86
49.30, 0.4300, 15.34
49.31, 0.4310, 16.40
49.32, 0.4320, 16.81
49.33, 0.4330, 16.46
49.34, 0.4340, 16.12
49.35, 0.4350, 18.78
49.36, 0.4360, 17.91
49.37, 0.4370, 17.84
49.38, 0.4380, 18.17
49.39, 0.4390, 16.39
49.40, 0.4400, 16.91
49.41, 0.4410, 16.67
49.42, 0.4420, 15.73
49.43, 0.4430, 15.08
49.44, 0.4440, 16.90
49.45, 0.4450, 16.26
49.46, 0.4460, 17.35
49.47, 0.4470, 17.98
49.48, 0.4480, 17.71
49.49, 0.4490, 18.15
49.50, 0.4500, 18.25
49.51, 0.4510, 18.30
49.52, 0.4520, 18.63
49.53, 0.4530, 19.22
49.54, 0.4540, 18.05
49.55, 0.4550, 19.03
49.56, 0.4560, 17.96
49.57, 0.4570, 19.46
49.58, 0.4580, 18.10
49.59, 0.4590, 18.20
49.60, 0.4600, 17.19
49.61, 0.4610, 17.27
49.62, 0.4620, 16.54
49.63, 0.4630, 16.91
49.64, 0.4640, 18.69
49.65, 0.4650, 18.31
49.66, 0.4660, 18.08
49.67, 0.4670, 19.03
49.68, 0.4680, 17.50
49.69, 0.4690, 18.43
49.70, 0.4700, 18.80
49.71, 0.4710, 19.48
49.72, 0.4720, 19.90
49.73, 0.4730, 19.43
49.74, 0.4740, 17.56
49.75, 0.4750, 16.30
49.76, 0.4760, 17.78
49.77, 0.4770, 18.28
49.78, 0.4780, 16.97
49.79, 0.4790, 17.95
49.80, 0.4800, 17.60
49.81, 0.4810, 18.07
49.82, 0.4820, 18.87
49.83, 0.4830, 18.85
49.84, 0.4840, 18.80
49.85, 0.4850, 18.37
49.86, 0.4860, 19.19
49.87, 0.4870, 19.25
49.88, 0.4880, 20.17
49.89, 0.4890, 19.17
49.90, 0.4900, 18.09
49.91, 0.4910, 18.76
49.92, 0.4920, 18.25
49.93, 0.4930, 18.91
49.94, 0.4940, 17.15
49.95, 0.4950, 19.53
49.96, 0.4960, 18.89
49.97, 0.4970, 18.37
49.98, 0.4980, 19.54
49.99, 0.4990, 19.58
50.00, 0.5000, 17.43
50.01, 0.5010, 17.92
50.02, 0.5020, 17.66
50.03, 0.5030, 17.76
50.04, 0.5040, 20.10
50.05, 0.5050, 18.48
50.06, 0.5060, 17.18
50.07, 0.5070, 18.17
50.08, 0.5080, 17.26
50.09, 0.5090, 17.65
50.10, 0.5100, 18.16
50.11, 0.5110, 18.09
50.12, 0.5120, 17.08
50.13, 0.5130, 18.07
50.14, 0.5140, 19.55
50.15, 0.5150, 19.44
50.16, 0.5160, 19.19
50.17, 0.5170, 19.33
50.18, 0.5180, 18.15
50.19, 0.5190, 17.48
50.20, 0.5200, 18.16
50.21, 0.5210, 18.93
50.22, 0.5220, 18.24
50.23, 0.5230, 17.98
50.24, 0.5240, 18.33
50.25, 0.5250, 17.44
50.26, 0.5260, 18.46
50.27, 0.5270, 17.90
50.28, 0.5280, 19.74
50.29, 0.5290, 18.27
50.30, 0.5300, 18.38
50.31, 0.5310, 19.38
50.32, 0.5320, 19.28
50.33, 0.5330, 18.64
50.34, 0.5340, 19.37
50.35, 0.5350, 19.93
50.36, 0.5360, 20.46
50.37, 0.5370, 20.59
50.38, 0.5380, 20.85
50.39, 0.5390, 19.42
50.40, 0.5400, 18.46
50.41, 0.5410, 19.93
50.42, 0.5420, 18.81
50.43, 0.5430, 19.49
50.44, 0.5440, 19.93
50.45, 0.5450, 17.99
50.46, 0.5460, 18.51
50.47, 0.5470, 16.97
50.48, 0.5480, 18.04
50.49, 0.5490, 18.00
50.50, 0.5500, 17.34
50.51, 0.5510, 17.31
50.52, 0.5520, 17.12
50.53, 0.5530, 18.39
50.54, 0.5540, 18.79
50.55, 0.5550, 18.25
50.56, 0.5560, 18.80
50.57, 0.5570, 19.46
50.58, 0.5580, 19.07
50.59, 0.5590, 18.67
50.60, 0.5600, 18.81
50.61, 0.5610, 17.75
50.62, 0.5620, 19.44
50.63, 0.5630, 18.08
50.64, 0.5640, 19.50
50.65, 0.5650, 18.94
50.66, 0.5660, 18.38
50.67, 0.5670, 18.55
50.68, 0.5680, 18.84
50.69, 0.5690, 19.13
50.70, 0.5700, 19.07
50.71, 0.5710, 19.39
50.72, 0.5720, 17.55
50.73, 0.5730, 17.92
50.74, 0.5740, 18.56
50.75, 0.5750, 19.65
50.76, 0.5760, 18.84
50.77, 0.5770, 19.74
50.78, 0.5780, 19.61
50.79, 0.5790, 18.19
50.80, 0.5800, 20.14
50.81, 0.5810, 19.79
50.82, 0.5820, 19.88
50.83, 0.5830, 20.23
50.84, 0.5840, 20.24
50.85, 0.5850, 17.87
50.86, 0.5860, 17.92
50.87, 0.5870, 17.80
50.88, 0.5880, 18.69
50.89, 0.5890, 19.24
50.90, 0.5900, 18.89
50.91, 0.5910, 19.74
50.92, 0.5920, 18.54
50.93, 0.5930, 19.16
50.94, 0.5940, 20.09
50.95, 0.5950, 19.75
50.96, 0.5960, 20.65
50.97, 0.5970, 18.49
50.98, 0.5980, 18.89
50.99, 0.5990, 18.27
51.00, 0.6000, 17.81
51.01, 0.6010, 17.77
51.02, 0.6020, 18.90
51.03, 0.6030, 18.84
51.04, 0.6040, 19.60
51.05, 0.6050, 19.79
51.06, 0.6060, 18.40
51.07, 0.6070, 18.73
51.08, 0.6080, 20.00
51.09, 0.6090, 19.69
51.10, 0.6100, 18.12
51.11, 0.6110, 18.98
51.12, 0.6120, 17.68
51.13, 0.6130, 18.84
51.14, 0.6140, 20.67
51.15, 0.6150, 18.80
51.16, 0.6160, 21.59
51.17, 0.6170, 19.98
51.18, 0.6180, 20.74
51.19, 0.6190, 21.26
51.20, 0.6200, 21.62
51.21, 0.6210, 21.30
51.22, 0.6220, 20.59
51.23, 0.6230, 21.22
51.24, 0.6240, 20.33
51.25, 0.6250, 20.01
51.26, 0.6260, 18.83
51.27, 0.6270, 18.51
51.28, 0.6280, 17.96
51.29, 0.6290, 19.68
51.30, 0.6300, 20.31
51.31, 0.6310, 19.59
51.32, 0.6320, 20.33
51.33, 0.6330, 21.22
51.34, 0.6340, 20.65
51.35, 0.6350, 20.06
51.36, 0.6360, 20.99
51.37, 0.6370, 20.27
51.38, 0.6380, 21.23
51.39, 0.6390, 20.68
51.40, 0.6400, 20.67
51.41, 0.6410, 20.55
51.42, 0.6420, 20.35
51.43, 0.6430, 18.61
51.44, 0.6440, 18.27
51.45, 0.6450, 19.41
51.46, 0.6460, 19.02
51.47, 0.6470, 18.09
51.48, 0.6480, 19.42
51.49, 0.6490, 22.01
51.50, 0.6500, 21.01
51.51, 0.6510, 20.17
51.52, 0.6520, 18.43
51.53, 0.6530, 21.20
51.54, 0.6540, 20.89
51.55, 0.6550, 20.78
51.56, 0.6560, 21.02
51.57, 0.6570, 19.14
51.58, 0.6580, 20.48
51.59, 0.6590, 20.78
51.60, 0.6600, 20.65
51.61, 0.6610, 21.52
51.62, 0.6620, 20.74
51.63, 0.6630, 21.78
51.64, 0.6640, 21.94
51.65, 0.6650, 20.22
51.66, 0.6660, 21.74
51.67, 0.6670, 20.85
51.68, 0.6680, 21.16
51.69, 0.6690, 21.44
51.70, 0.6700, 21.92
51.71, 0.6710, 22.07
51.72, 0.6720, 20.88
51.73, 0.6730, 20.99
51.74, 0.6740, 19.82
51.75, 0.6750, 18.38
51.76, 0.6760, 18.14
51.77, 0.6770, 20.77
51.78, 0.6780, 20.17
51.79, 0.6790, 20.96
51.80, 0.6800, 21.14
51.81, 0.6810, 19.93
51.82, 0.6820, 20.24
51.83, 0.6830, 21.23
51.84, 0.6840, 21.24
51.85, 0.6850, 21.21
51.86, 0.6860, 21.66
51.87, 0.6870, 21.81
51.88, 0.6880, 22.41
51.89, 0.6890, 22.27
51.90, 0.6900, 20.64
51.91, 0.6910, 20.23
51.92, 0.6920, 20.79
51.93, 0.6930, 20.38
51.94, 0.6940, 19.68
51.95, 0.6950, 22.72
51.96, 0.6960, 20.85
51.97, 0.6970, 21.11
51.98, 0.6980, 21.44
51.99, 0.6990, 20.83
52.00, 0.7000, 22.21
52.01, 0.7010, 21.72
52.02, 0.7020, 21.00
52.03, 0.7030, 22.76
52.04, 0.7040, 21.06
52.05, 0.7050, 23.48
52.06, 0.7060, 22.95
52.07, 0.7070, 23.18
52.08, 0.7080, 22.72
52.09, 0.7090, 23.39
52.10, 0.7100, 20.04
52.11, 0.7110, 21.67
52.12, 0.7120, 21.09
52.13, 0.7130, 19.57
52.14, 0.7140, 20.67
52.15, 0.7150, 20.91
52.16, 0.7160, 22.44
52.17, 0.7170, 21.15
52.18, 0.7180, 20.90
52.19, 0.7190, 22.41
52.20, 0.7200, 22.66
52.21, 0.7210, 22.40
52.22, 0.7220, 21.92
52.23, 0.7230, 22.12
52.24, 0.7240, 22.81
52.25, 0.7250, 21.08
52.26, 0.7260, 20.60
52.27, 0.7270, 21.60
52.28, 0.7280, 20.04
52.29, 0.7290, 20.82
52.30, 0.7300, 19.60
52.31, 0.7310, 21.95
52.32, 0.7320, 20.54
52.33, 0.7330, 21.79
52.34, 0.7340, 22.16
52.35, 0.7350, 21.49
52.36, 0.7360, 21.93
52.37, 0.7370, 22.58
52.38, 0.7380, 22.55
52.39, 0.7390, 22.80
52.40, 0.7400, 23.30
52.41, 0.7410, 22.70
52.42, 0.7420, 23.04
52.43, 0.7430, 22.78
52.44, 0.7440, 22.58
52.45, 0.7450, 22.92
52.46, 0.7460, 22.98
52.47, 0.7470, 22.18
52.48, 0.7480, 22.93
52.49, 0.7490, 23.97
52.50, 0.7500, 22.83
52.51, 0.7510, 21.47
52.52, 0.7520, 23.06
52.53, 0.7530, 22.86
52.54, 0.7540, 21.90
52.55, 0.7550, 22.85
52.56, 0.7560, 23.22
52.57, 0.7570, 23.70
52.58, 0.7580, 23.48
52.59, 0.7590, 23.53
52.60, 0.7600, 21.19
52.61, 0.7610, 22.16
52.62, 0.7620, 21.60
52.63, 0.7630, 21.07
52.64, 0.7640, 20.45
52.65, 0.7650, 20.87
52.66, 0.7660, 22.02
52.67, 0.7670, 19.94
52.68, 0.7680, 21.90
52.69, 0.7690, 21.42
52.70, 0.7700, 21.58
52.71, 0.7710, 20.94
52.72, 0.7720, 21.19
52.73, 0.7730, 23.22
52.74, 0.7740, 23.47
52.75, 0.7750, 21.95
52.76, 0.7760, 23.20
52.77, 0.7770, 22.71
52.78, 0.7780, 22.65
52.79, 0.7790, 22.11
52.80, 0.7800, 22.15
52.81, 0.7810, 23.12
52.82, 0.7820, 22.52
52.83, 0.7830, 22.68
52.84, 0.7840, 24.08
52.85, 0.7850, 24.33
52.86, 0.7860, 23.78
52.87, 0.7870, 24.84
52.88, 0.7880, 24.07
52.89, 0.7890, 23.63
52.90, 0.7900, 24.46
52.91, 0.7910, 24.26
52.92, 0.7920, 24.98
52.93, 0.7930, 23.60
52.94, 0.7940, 23.35
52.95, 0.7950, 24.72
52.96, 0.7960, 24.40
52.97, 0.7970, 24.79
52.98, 0.7980, 23.28
52.99, 0.7990, 22.67
53.00, 0.8000, 22.68
53.01, 0.8010, 23.42
53.02, 0.8020, 22.01
53.03, 0.8030, 21.64
53.04, 0.8040, 23.19
53.05, 0.8050, 22.79
53.06, 0.8060, 22.74
53.07, 0.8070, 21.82
53.08, 0.8080, 22.53
53.09, 0.8090, 21.07
53.10, 0.8100, 22.61
53.11, 0.8110, 23.50
53.12, 0.8120, 22.73
53.13, 0.8130, 23.88
53.14, 0.8140, 23.40
53.15, 0.8150, 22.66
53.16, 0.8160, 24.09
53.17, 0.8170, 23.01
53.18, 0.8180, 22.60
53.19, 0.8190, 23.64
53.20, 0.8200, 22.61
53.21, 0.8210, 23.83
53.22, 0.8220, 24.79
53.23, 0.8230, 24.30
53.24, 0.8240, 23.06
53.25, 0.8250, 24.88
53.26, 0.8260, 25.12
53.27, 0.8270, 26.02
53.28, 0.8280, 25.86
53.29, 0.8290, 26.39
53.30, 0.8300, 25.82
53.31, 0.8310, 24.79
53.32, 0.8320, 25.92
53.33, 0.8330, 24.77
53.34, 0.8340, 24.86
53.35, 0.8350, 23.34
53.36, 0.8360, 23.28
53.37, 0.8370, 23.73
53.38, 0.8380, 23.48
53.39, 0.8390, 24.18
53.40, 0.8400, 23.49
53.41, 0.8410, 22.17
53.42, 0.8420, 20.99
53.43, 0.8430, 24.25
53.44, 0.8440, 23.55
53.45, 0.8450, 22.00
53.46, 0.8460, 22.38
53.47, 0.8470, 21.88
53.48, 0.8480, 24.28
53.49, 0.8490, 24.95
53.50, 0.8500, 22.65
53.51, 0.8510, 24.51
53.52, 0.8520, 24.06
53.53, 0.8530, 24.47
53.54, 0.8540, 24.25
53.55, 0.8550, 24.09
53.56, 0.8560, 24.80
53.57, 0.8570, 25.26
53.58, 0.8580, 23.95
53.59, 0.8590, 25.27
53.60, 0.8600, 24.07
53.61, 0.8610, 25.13
53.62, 0.8620, 24.82
53.63, 0.8630, 24.16
53.64, 0.8640, 25.89
53.65, 0.8650, 25.18
53.66, 0.8660, 25.49
53.67, 0.8670, 24.33
53.68, 0.8680, 26.07
53.69, 0.8690, 26.68
53.70, 0.8700, 26.19
53.71, 0.8710, 25.84
53.72, 0.8720, 26.07
53.73, 0.8730, 26.14
53.74, 0.8740, 25.63
53.75, 0.8750, 25.31
53.76, 0.8760, 23.51
53.77, 0.8770, 23.89
53.78, 0.8780, 25.26
53.79, 0.8790, 24.09
53.80, 0.8800, 24.17
53.81, 0.8810, 25.31
53.82, 0.8820, 24.81
53.83, 0.8830, 25.00
53.84, 0.8840, 25.29
53.85, 0.8850, 25.71
53.86, 0.8860, 26.19
53.87, 0.8870, 24.46
53.88, 0.8880, 24.25
53.89, 0.8890, 24.94
53.90, 0.8900, 24.68
53.91, 0.8910, 26.31
53.92, 0.8920, 26.09
53.93, 0.8930, 25.92
53.94, 0.8940, 25.55
53.95, 0.8950, 26.99
53.96, 0.8960, 25.88
53.97, 0.8970, 25.88
53.98, 0.8980, 26.34
53.99, 0.8990, 25.49
54.00, 0.9000, 26.02
54.01, 0.9010, 26.10
54.02, 0.9020, 26.48
54.03, 0.9030, 25.78
54.04, 0.9040, 24.67
54.05, 0.9050, 24.78
54.06, 0.9060, 24.24
54.07, 0.9070, 25.65
54.08, 0.9080, 25.26
54.09, 0.9090, 24.82
54.10, 0.9100, 27.11
54.11, 0.9110, 27.10
54.12, 0.9120, 24.65
54.13, 0.9130, 26.79
54.14, 0.9140, 27.08
54.15, 0.9150, 26.52
54.16, 0.9160, 27.87
54.17, 0.9170, 26.80
54.18, 0.9180, 26.79
54.19, 0.9190, 28.76
54.20, 0.9200, 27.47
54.21, 0.9210, 27.54
54.22, 0.9220, 26.80
54.23, 0.9230, 26.35
54.24, 0.9240, 25.70
54.25, 0.9250, 26.98
54.26, 0.9260, 24.71
54.27, 0.9270, 26.23
54.28, 0.9280, 26.26
54.29, 0.9290, 26.05
54.30, 0.9300, 27.66
54.31, 0.9310, 27.15
54.32, 0.9320, 26.83
54.33, 0.9330, 28.53
54.34, 0.9340, 27.71
54.35, 0.9350, 28.89
54.36, 0.9360, 27.42
54.37, 0.9370, 28.23
54.38, 0.9380, 25.55
54.39, 0.9390, 26.85
54.40, 0.9400, 27.55
54.41, 0.9410, 27.06
54.42, 0.9420, 28.07
54.43, 0.9430, 28.20
54.44, 0.9440, 26.15
54.45, 0.9450, 27.75
54.46, 0.9460, 28.27
54.47, 0.9470, 27.36
54.48, 0.9480, 27.87
54.49, 0.9490, 29.04
54.50, 0.9500, 28.50
54.51, 0.9510, 27.93
54.52, 0.9520, 27.88
54.53, 0.9530, 29.56
54.54, 0.9540, 28.29
54.55, 0.9550, 28.24
54.56, 0.9560, 27.94
54.57, 0.9570, 26.87
54.58, 0.9580, 28.54
54.59, 0.9590, 29.72
54.60, 0.9600, 29.14
54.61, 0.9610, 29.38
54.62, 0.9620, 28.31
54.63, 0.9630, 29.21
54.64, 0.9640, 28.22
54.65, 0.9650, 29.92
54.66, 0.9660, 30.29
54.67, 0.9670, 28.09
54.68, 0.9680, 28.38
54.69, 0.9690, 27.17
54.70, 0.9700, 27.39
54.71, 0.9710, 26.63
54.72, 0.9720, 27.52
54.73, 0.9730, 29.13
54.74, 0.9740, 30.30
54.75, 0.9750, 28.87
54.76, 0.9760, 30.06
54.77, 0.9770, 31.10
54.78, 0.9780, 30.04
54.79, 0.9790, 28.60
54.80, 0.9800, 28.64
54.81, 0.9810, 28.87
54.82, 0.9820, 28.30
54.83, 0.9830, 29.10
54.84, 0.9840, 29.91
54.85, 0.9850, 29.19
54.86, 0.9860, 30.98
54.87, 0.9870, 28.82
54.88, 0.9880, 30.21
54.89, 0.9890, 31.17
54.90, 0.9900, 30.14
54.91, 0.9910, 30.07
54.92, 0.9920, 27.82
54.93, 0.9930, 29.82
54.94, 0.9940, 29.68
54.95, 0.9950, 28.88
54.96, 0.9960, 30.07
54.97, 0.9970, 31.07
54.98, 0.9980, 31.25
54.99, 0.9990, 31.95
55.00, 1.000, 32.68
55.01, 1.001, 28.68
55.02, 1.002, 30.03
55.03, 1.003, 28.28
55.04, 1.004, 28.67
55.05, 1.005, 30.14
55.06, 1.006, 30.02
55.07, 1.007, 30.32
55.08, 1.008, 29.17
55.09, 1.009, 31.02
55.10, 1.010, 31.81
55.11, 1.011, 31.17
55.12, 1.012, 31.61
55.13, 1.013, 31.82
55.14, 1.014, 31.57
55.15, 1.015, 31.77
55.16, 1.016, 31.12
55.17, 1.017, 31.30
55.18, 1.018, 29.92
55.19, 1.019, 30.70
55.20, 1.020, 30.85
55.21, 1.021, 29.62
55.22, 1.022, 30.31
55.23, 1.023, 31.91
55.24, 1.024, 31.06
55.25, 1.025, 32.52
55.26, 1.026, 32.47
55.27, 1.027, 32.41
55.28, 1.028, 32.44
55.29, 1.029, 33.93
55.30, 1.030, 32.59
55.31, 1.031, 30.80
55.32, 1.032, 31.35
55.33, 1.033, 30.82
55.34, 1.034, 30.81
55.35, 1.035, 30.66
55.36, 1.036, 32.99
55.37, 1.037, 32.85
55.38, 1.038, 33.16
55.39, 1.039, 33.54
55.40, 1.040, 33.28
55.41, 1.041, 34.44
55.42, 1.042, 33.26
55.43, 1.043, 35.18
55.44, 1.044, 34.06
55.45, 1.045, 32.56
55.46, 1.046, 33.13
55.47, 1.047, 34.51
55.48, 1.048, 34.39
55.49, 1.049, 33.92
55.50, 1.050, 34.31
55.51, 1.051, 33.94
55.52, 1.052, 35.05
55.53, 1.053, 35.53
55.54, 1.054, 34.04
55.55, 1.055, 35.12
55.56, 1.056, 33.82
55.57, 1.057, 33.58
55.58, 1.058, 33.44
55.59, 1.059, 34.55
55.60, 1.060, 33.63
55.61, 1.061, 33.81
55.62, 1.062, 35.53
55.63, 1.063, 35.71
55.64, 1.064, 35.20
55.65, 1.065, 35.46
55.66, 1.066, 34.21
55.67, 1.067, 36.62
55.68, 1.068, 36.91
55.69, 1.069, 36.27
55.70, 1.070, 36.72
55.71, 1.071, 35.73
55.72, 1.072, 35.61
55.73, 1.073, 35.60
55.74, 1.074, 34.94
55.75, 1.075, 35.64
55.76, 1.076, 34.15
55.77, 1.077, 36.38
55.78, 1.078, 35.15
55.79, 1.079, 36.46
55.80, 1.080, 36.91
55.81, 1.081, 37.50
55.82, 1.082, 37.85
55.83, 1.083, 36.29
55.84, 1.084, 38.06
55.85, 1.085, 39.77
55.86, 1.086, 38.66
55.87, 1.087, 38.16
55.88, 1.088, 36.93
55.89, 1.089, 38.18
55.90, 1.090, 38.06
55.91, 1.091, 40.06
55.92, 1.092, 38.75
55.93, 1.093, 39.76
55.94, 1.094, 39.28
55.95, 1.095, 38.62
55.96, 1.096, 39.74
55.97, 1.097, 40.44
55.98, 1.098, 38.26
55.99, 1.099, 38.24
56.00, 1.100, 37.69
56.01, 1.101, 38.97
56.02, 1.102, 39.39
56.03, 1.103, 39.26
56.04, 1.104, 39.53
56.05, 1.105, 39.69
56.06, 1.106, 39.58
56.07, 1.107, 41.61
56.08, 1.108, 40.05
56.09, 1.109, 41.01
56.10, 1.110, 40.20
56.11, 1.111, 41.65
56.12, 1.112, 40.74
56.13, 1.113, 40.87
56.14, 1.114, 42.39
56.15, 1.115, 41.81
56.16, 1.116, 43.07
56.17, 1.117, 43.18
56.18, 1.118, 42.95
56.19, 1.119, 43.05
56.20, 1.120, 43.17
56.21, 1.121, 45.50
56.22, 1.122, 46.34
56.23, 1.123, 45.64
56.24, 1.124, 45.39
56.25, 1.125, 44.70
56.26, 1.126, 44.57
56.27, 1.127, 44.52
56.28, 1.128, 42.82
56.29, 1.129, 43.53
56.30, 1.130, 45.14
56.31, 1.131, 44.48
56.32, 1.132, 46.36
56.33, 1.133, 45.10
56.34, 1.134, 45.16
56.35, 1.135, 47.17
56.36, 1.136, 47.04
56.37, 1.137, 47.25
56.38, 1.138, 46.72
56.39, 1.139, 47.65
56.40, 1.140, 48.47
56.41, 1.141, 48.32
56.42, 1.142, 48.59
56.43, 1.143, 49.43
56.44, 1.144, 50.03
56.45, 1.145, 49.00
56.46, 1.146, 49.20
56.47, 1.147, 48.62
56.48, 1.148, 48.88
56.49, 1.149, 48.85
56.50, 1.150, 48.42
56.51, 1.151, 49.62
56.52, 1.152, 50.46
56.53, 1.153, 49.96
56.54, 1.154, 51.14
56.55, 1.155, 50.70
56.56, 1.156, 52.61
56.57, 1.157, 51.52
56.58, 1.158, 52.49
56.59, 1.159, 52.13
56.60, 1.160, 53.26
56.61, 1.161, 54.94
56.62, 1.162, 53.67
56.63, 1.163, 53.82
56.64, 1.164, 55.80
56.65, 1.165, 56.66
56.66, 1.166, 57.27
56.67, 1.167, 55.64
56.68, 1.168, 56.18
56.69, 1.169, 56.59
56.70, 1.170, 58.09
56.71, 1.171, 56.15
56.72, 1.172, 54.82
56.73, 1.173, 56.04
56.74, 1.174, 55.95
56.75, 1.175, 57.24
56.76, 1.176, 57.31
56.77, 1.177, 57.71
56.78, 1.178, 57.54
56.79, 1.179, 59.95
56.80, 1.180, 58.85
56.81, 1.181, 58.70
56.82, 1.182, 60.41
56.83, 1.183, 59.77
56.84, 1.184, 60.03
56.85, 1.185, 61.72
56.86, 1.186, 60.74
56.87, 1.187, 61.62
56.88, 1.188, 63.91
56.89, 1.189, 62.63
56.90, 1.190, 60.58
56.91, 1.191, 60.77
56.92, 1.192, 60.80
56.93, 1.193, 59.78
56.94, 1.194, 61.92
56.95, 1.195, 61.68
56.96, 1.196, 63.85
56.97, 1.197, 63.33
56.98, 1.198, 62.10
56.99, 1.199, 64.80
57.00, 1.200, 64.07
57.01, 1.201, 65.43
57.02, 1.202, 65.63
57.03, 1.203, 66.73
57.04, 1.204, 65.94
57.05, 1.205, 67.50
57.06, 1.206, 67.32
57.07, 1.207, 69.71
57.08, 1.208, 69.46
57.09, 1.209, 67.50
57.10, 1.210, 67.80
57.11, 1.211, 67.14
57.12, 1.212, 69.57
57.13, 1.213, 70.14
57.14, 1.214, 67.63
57.15, 1.215, 69.45
57.16, 1.216, 69.23
57.17, 1.217, 69.99
57.18, 1.218, 69.68
57.19, 1.219, 70.52
57.20, 1.220, 70.36
57.21, 1.221, 71.55
57.22, 1.222, 72.10
57.23, 1.223, 72.70
57.24, 1.224, 70.86
57.25, 1.225, 71.43
57.26, 1.226, 72.76
57.27, 1.227, 71.24
57.28, 1.228, 72.09
57.29, 1.229, 72.64
57.30, 1.230, 73.52
57.31, 1.231, 72.81
57.32, 1.232, 73.32
57.33, 1.233, 73.53
57.34, 1.234, 73.44
57.35, 1.235, 74.84
57.36, 1.236, 74.42
57.37, 1.237, 76.38
57.38, 1.238, 75.85
57.39, 1.239, 75.36
57.40, 1.240, 73.57
57.41, 1.241, 74.43
57.42, 1.242, 76.69
57.43, 1.243, 75.22
57.44, 1.244, 76.70
57.45, 1.245, 77.58
57.46, 1.246, 77.49
57.47, 1.247, 77.91
57.48, 1.248, 80.03
57.49, 1.249, 79.08
57.50, 1.250, 80.43
57.51, 1.251, 76.22
57.52, 1.252, 76.22
57.53, 1.253, 77.70
57.54, 1.254, 78.26
57.55, 1.255, 77.80
57.56, 1.256, 78.10
57.57, 1.257, 79.10
57.58, 1.258, 80.14
57.59, 1.259, 80.63
57.60, 1.260, 80.50
57.61, 1.261, 80.17
57.62, 1.262, 80.29
57.63, 1.263, 78.64
57.64, 1.264, 79.85
57.65, 1.265, 80.29
57.66, 1.266, 80.72
57.67, 1.267, 81.55
57.68, 1.268, 79.83
57.69, 1.269, 82.27
57.70, 1.270, 82.68
57.71, 1.271, 83.26
57.72, 1.272, 81.63
57.73, 1.273, 80.74
57.74, 1.274, 80.61
57.75, 1.275, 80.55
57.76, 1.276, 82.30
57.77, 1.277, 83.02
57.78, 1.278, 83.69
57.79, 1.279, 83.37
57.80, 1.280, 83.27
57.81, 1.281, 84.26
57.82, 1.282, 82.34
57.83, 1.283, 82.48
57.84, 1.284, 83.52
57.85, 1.285, 82.79
57.86, 1.286, 83.37
57.87, 1.287, 83.44
57.88, 1.288, 84.52
57.89, 1.289, 83.87
57.90, 1.290, 85.69
57.91, 1.291, 85.26
57.92, 1.292, 85.98
57.93, 1.293, 87.24
57.94, 1.294, 86.44
57.95, 1.295, 86.67
57.96, 1.296, 88.10
57.97, 1.297, 87.72
57.98, 1.298, 86.47
57.99, 1.299, 84.73
58.00, 1.300, 87.00
58.01, 1.301, 86.72
58.02, 1.302, 86.34
58.03, 1.303, 87.01
58.04, 1.304, 87.59
58.05, 1.305, 85.75
58.06, 1.306, 87.05
58.07, 1.307, 87.53
58.08, 1.308, 86.86
58.09, 1.309, 88.47
58.10, 1.310, 87.95
58.11, 1.311, 88.91
58.12, 1.312, 88.59
58.13, 1.313, 88.04
58.14, 1.314, 87.91
58.15, 1.315, 86.90
58.16, 1.316, 87.89
58.17, 1.317, 89.10
58.18, 1.318, 86.40
58.19, 1.319, 88.87
58.20, 1.320, 90.19
58.21, 1.321, 89.92
58.22, 1.322, 90.39
58.23, 1.323, 90.90
58.24, 1.324, 91.27
58.25, 1.325, 88.35
58.26, 1.326, 86.85
58.27, 1.327, 89.33
58.28, 1.328, 89.89
58.29, 1.329, 88.62
58.30, 1.330, 89.97
58.31, 1.331, 90.71
58.32, 1.332, 90.64
58.33, 1.333, 90.24
58.34, 1.334, 90.73
58.35, 1.335, 91.24
58.36, 1.336, 90.27
58.37, 1.337, 90.02
58.38, 1.338, 91.15
58.39, 1.339, 91.99
58.40, 1.340, 91.53
58.41, 1.341, 91.76
58.42, 1.342, 90.93
58.43, 1.343, 92.12
58.44, 1.344, 92.61
58.45, 1.345, 91.45
58.46, 1.346, 92.07
58.47, 1.347, 93.59
58.48, 1.348, 92.29
58.49, 1.349, 94.48
58.50, 1.350, 93.06
58.51, 1.351, 92.56
58.52, 1.352, 90.36
58.53, 1.353, 91.97
58.54, 1.354, 92.32
58.55, 1.355, 91.79
58.56, 1.356, 92.66
58.57, 1.357, 92.82
58.58, 1.358, 94.39
58.59, 1.359, 92.64
58.60, 1.360, 92.71
58.61, 1.361, 93.02
58.62, 1.362, 93.71
58.63, 1.363, 94.77
58.64, 1.364, 93.53
58.65, 1.365, 92.96
58.66, 1.366, 92.59
58.67, 1.367, 93.26
58.68, 1.368, 93.28
58.69, 1.369, 94.37
58.70, 1.370, 95.55
58.71, 1.371, 95.02
58.72, 1.372, 95.01
58.73, 1.373, 95.99
58.74, 1.374, 95.29
58.75, 1.375, 95.62
58.76, 1.376, 93.44
58.77, 1.377, 94.39
58.78, 1.378, 95.70
58.79, 1.379, 95.01
58.80, 1.380, 95.23
58.81, 1.381, 95.95
58.82, 1.382, 97.30
58.83, 1.383, 97.31
58.84, 1.384, 97.05
58.85, 1.385, 96.71
58.86, 1.386, 95.08
58.87, 1.387, 95.12
58.88, 1.388, 95.76
58.89, 1.389, 94.17
58.90, 1.390, 95.86
58.91, 1.391, 96.59
58.92, 1.392, 95.14
58.93, 1.393, 97.11
58.94, 1.394, 97.82
58.95, 1.395, 98.20
58.96, 1.396, 96.71
58.97, 1.397, 95.04
58.98, 1.398, 95.43
58.99, 1.399, 94.82
59.00, 1.400, 96.39
59.01, 1.401, 96.37
59.02, 1.402, 96.71
59.03, 1.403, 97.88
59.04, 1.404, 97.87
59.05, 1.405, 98.28
59.06, 1.406, 97.18
59.07, 1.407, 99.35
59.08, 1.408, 97.87
59.09, 1.409, 98.36
59.10, 1.410, 99.54
59.11, 1.411, 96.58
59.12, 1.412, 98.16
59.13, 1.413, 97.70
59.14, 1.414, 99.56
59.15, 1.415, 99.25
59.16, 1.416, 99.10
59.17, 1.417, 101.4
59.18, 1.418, 100.7
59.19, 1.419, 99.86
59.20, 1.420, 100.5
59.21, 1.421, 101.5
59.22, 1.422, 101.7
59.23, 1.423, 99.64
59.24, 1.424, 100.4
59.25, 1.425, 99.82
59.26, 1.426, 100.5
59.27, 1.427, 100.7
59.28, 1.428, 102.0
59.29, 1.429, 101.4
59.30, 1.430, 101.7
59.31, 1.431, 102.7
59.32, 1.432, 102.3
59.33, 1.433, 102.5
59.34, 1.434, 101.3
59.35, 1.435, 100.1
59.36, 1.436, 100.9
59.37, 1.437, 102.3
59.38, 1.438, 101.8
59.39, 1.439, 100.2
59.40, 1.440, 101.9
59.41, 1.441, 102.7
59.42, 1.442, 103.0
59.43, 1.443, 103.4
59.44, 1.444, 102.8
59.45, 1.445, 104.9
59.46, 1.446, 103.3
59.47, 1.447, 103.3
59.48, 1.448, 101.3
59.49, 1.449, 102.4
59.50, 1.450, 104.0
59.51, 1.451, 103.3
59.52, 1.452, 102.6
59.53, 1.453, 105.1
59.54, 1.454, 104.0
59.55, 1.455, 104.7
59.56, 1.456, 104.7
59.57, 1.457, 106.2
59.58, 1.458, 107.0
59.59, 1.459, 107.1
59.60, 1.460, 106.2
59.61, 1.461, 106.6
59.62, 1.462, 106.8
59.63, 1.463, 108.2
59.64, 1.464, 107.3
59.65, 1.465, 108.2
59.66, 1.466, 108.3
59.67, 1.467, 108.7
59.68, 1.468, 109.2
59.69, 1.469, 109.1
59.70, 1.470, 110.0
59.71, 1.471, 111.2
59.72, 1.472, 110.0
59.73, 1.473, 109.3
59.74, 1.474, 108.5
59.75, 1.475, 108.7
59.76, 1.476, 110.8
59.77, 1.477, 111.5
59.78, 1.478, 110.1
59.79, 1.479, 110.3
59.80, 1.480, 112.9
59.81, 1.481, 111.8
59.82, 1.482, 110.9
59.83, 1.483, 109.4
59.84, 1.484, 111.1
59.85, 1.485, 112.8
59.86, 1.486, 114.0
59.87, 1.487, 113.6
59.88, 1.488, 113.1
59.89, 1.489, 114.6
59.90, 1.490, 112.5
59.91, 1.491, 114.2
59.92, 1.492, 114.9
59.93, 1.493, 112.8
59.94, 1.494, 113.8
59.95, 1.495, 112.9
59.96, 1.496, 115.8
59.97, 1.497, 115.1
59.98, 1.498, 115.8
59.99, 1.499, 117.2
60.00, 1.500, 118.2
60.01, 1.501, 116.8
60.02, 1.502, 115.1
60.03, 1.503, 114.7
60.04, 1.504, 115.9
60.05, 1.505, 117.9
60.06, 1.506, 117.0
60.07, 1.507, 117.6
60.08, 1.508, 119.0
60.09, 1.509, 119.0
60.10, 1.510, 120.0
60.11, 1.511, 120.4
60.12, 1.512, 119.9
60.13, 1.513, 118.9
60.14, 1.514, 119.6
60.15, 1.515, 119.4
60.16, 1.516, 119.9
60.17, 1.517, 121.1
60.18, 1.518, 121.1
60.19, 1.519, 123.1
60.20, 1.520, 124.2
60.21, 1.521, 121.5
60.22, 1.522, 121.9
60.23, 1.523, 121.6
60.24, 1.524, 122.8
60.25, 1.525, 123.9
60.26, 1.526, 125.1
60.27, 1.527, 125.2
60.28, 1.528, 127.8
60.29, 1.529, 124.2
60.30, 1.530, 124.2
60.31, 1.531, 125.7
60.32, 1.532, 123.6
60.33, 1.533, 124.4
60.34, 1.534, 126.7
60.35, 1.535, 126.3
60.36, 1.536, 126.2
60.37, 1.537, 128.5
60.38, 1.538, 127.1
60.39, 1.539, 126.1
60.40, 1.540, 125.7
60.41, 1.541, 127.3
60.42, 1.542, 129.1
60.43, 1.543, 130.2
60.44, 1.544, 129.7
60.45, 1.545, 130.9
60.46, 1.546, 131.2
60.47, 1.547, 130.8
60.48, 1.548, 130.9
60.49, 1.549, 130.9
60.50, 1.550, 130.1
60.51, 1.551, 130.1
60.52, 1.552, 131.3
60.53, 1.553, 132.4
60.54, 1.554, 131.9
60.55, 1.555, 133.0
60.56, 1.556, 135.2
60.57, 1.557, 134.7
60.58, 1.558, 135.3
60.59, 1.559, 133.9
60.60, 1.560, 135.6
60.61, 1.561, 136.0
60.62, 1.562, 134.5
60.63, 1.563, 134.7
60.64, 1.564, 134.6
60.65, 1.565, 135.7
60.66, 1.566, 135.9
60.67, 1.567, 136.9
60.68, 1.568, 135.6
60.69, 1.569, 137.6
60.70, 1.570, 137.5
60.71, 1.571, 139.3
60.72, 1.572, 138.8
60.73, 1.573, 139.1
60.74, 1.574, 136.8
60.75, 1.575, 138.0
60.76, 1.576, 138.4
60.77, 1.577, 140.0
60.78, 1.578, 140.8
60.79, 1.579, 139.6
60.80, 1.580, 141.3
60.81, 1.581, 142.0
60.82, 1.582, 141.7
60.83, 1.583, 141.6
60.84, 1.584, 142.0
60.85, 1.585, 141.5
60.86, 1.586, 142.3
60.87, 1.587, 143.4
60.88, 1.588, 144.3
60.89, 1.589, 145.4
60.90, 1.590, 146.0
60.91, 1.591, 147.5
60.92, 1.592, 146.8
60.93, 1.593, 148.2
60.94, 1.594, 150.7
60.95, 1.595, 148.7
60.96, 1.596, 145.9
60.97, 1.597, 149.1
60.98, 1.598, 149.0
60.99, 1.599, 147.7
61.00, 1.600, 148.9
61.01, 1.601, 150.5
61.02, 1.602, 150.4
61.03, 1.603, 151.8
61.04, 1.604, 151.3
61.05, 1.605, 153.8
61.06, 1.606, 155.0
61.07, 1.607, 153.3
61.08, 1.608, 154.5
61.09, 1.609, 153.3
61.10, 1.610, 154.5
61.11, 1.611, 154.7
61.12, 1.612, 156.7
61.13, 1.613, 156.5
61.14, 1.614, 156.4
61.15, 1.615, 158.3
61.16, 1.616, 158.4
61.17, 1.617, 158.8
61.18, 1.618, 156.9
61.19, 1.619, 158.6
61.20, 1.620, 158.8
61.21, 1.621, 161.6
61.22, 1.622, 160.0
61.23, 1.623, 161.3
61.24, 1.624, 161.4
61.25, 1.625, 165.8
61.26, 1.626, 163.1
61.27, 1.627, 162.0
61.28, 1.628, 163.1
61.29, 1.629, 166.1
61.30, 1.630, 166.3
61.31, 1.631, 166.9
61.32, 1.632, 166.8
61.33, 1.633, 170.2
61.34, 1.634, 169.4
61.35, 1.635, 170.0
61.36, 1.636, 169.3
61.37, 1.637, 169.5
61.38, 1.638, 170.4
61.39, 1.639, 170.5
61.40, 1.640, 171.7
61.41, 1.641, 172.6
61.42, 1.642, 174.1
61.43, 1.643, 174.0
61.44, 1.644, 174.5
61.45, 1.645, 175.6
61.46, 1.646, 175.2
61.47, 1.647, 176.6
61.48, 1.648, 174.2
61.49, 1.649, 177.5
61.50, 1.650, 176.8
61.51, 1.651, 177.9
61.52, 1.652, 179.6
61.53, 1.653, 180.5
61.54, 1.654, 180.6
61.55, 1.655, 182.9
61.56, 1.656, 181.8
61.57, 1.657, 182.9
61.58, 1.658, 181.0
61.59, 1.659, 181.8
61.60, 1.660, 183.7
61.61, 1.661, 184.9
61.62, 1.662, 184.7
61.63, 1.663, 185.7
61.64, 1.664, 186.1
61.65, 1.665, 188.3
61.66, 1.666, 189.4
61.67, 1.667, 188.8
61.68, 1.668, 191.1
61.69, 1.669, 189.3
61.70, 1.670, 191.5
61.71, 1.671, 193.3
61.72, 1.672, 192.3
61.73, 1.673, 194.4
61.74, 1.674, 196.3
61.75, 1.675, 195.8
61.76, 1.676, 197.5
61.77, 1.677, 197.8
61.78, 1.678, 197.0
61.79, 1.679, 198.6
61.80, 1.680, 199.7
61.81, 1.681, 199.6
61.82, 1.682, 198.7
61.83, 1.683, 202.1
61.84, 1.684, 202.3
61.85, 1.685, 203.2
61.86, 1.686, 203.3
61.87, 1.687, 206.0
61.88, 1.688, 206.4
61.89, 1.689, 203.6
61.90, 1.690, 205.9
61.91, 1.691, 205.5
61.92, 1.692, 205.3
61.93, 1.693, 205.2
61.94, 1.694, 207.7
61.95, 1.695, 207.5
61.96, 1.696, 210.6
61.97, 1.697, 210.1
61.98, 1.698, 212.3
61.99, 1.699, 211.9
62.00, 1.700, 214.5
62.01, 1.701, 215.6
62.02, 1.702, 215.6
62.03, 1.703, 214.9
62.04, 1.704, 215.3
62.05, 1.705, 214.9
62.06, 1.706, 214.6
62.07, 1.707, 217.5
62.08, 1.708, 217.3
62.09, 1.709, 220.9
62.10, 1.710, 219.6
62.11, 1.711, 221.1
62.12, 1.712, 222.3
62.13, 1.713, 223.9
62.14, 1.714, 225.3
62.15, 1.715, 226.7
62.16, 1.716, 226.0
62.17, 1.717, 226.8
62.18, 1.718, 227.1
62.19, 1.719, 226.6
62.20, 1.720, 225.9
62.21, 1.721, 228.8
62.22, 1.722, 229.7
62.23, 1.723, 231.7
62.24, 1.724, 230.6
62.25, 1.725, 232.6
62.26, 1.726, 232.4
62.27, 1.727, 233.3
62.28, 1.728, 235.2
62.29, 1.729, 234.9
62.30, 1.730, 236.4
62.31, 1.731, 238.5
62.32, 1.732, 238.8
62.33, 1.733, 238.9
62.34, 1.734, 238.5
62.35, 1.735, 238.0
62.36, 1.736, 239.1
62.37, 1.737, 240.6
62.38, 1.738, 240.4
62.39, 1.739, 242.9
62.40, 1.740, 242.1
62.41, 1.741, 243.6
62.42, 1.742, 245.2
62.43, 1.743, 246.3
62.44, 1.744, 246.8
62.45, 1.745, 245.7
62.46, 1.746, 250.1
62.47, 1.747, 252.2
62.48, 1.748, 250.3
62.49, 1.749, 250.6
62.50, 1.750, 250.6
62.51, 1.751, 252.5
62.52, 1.752, 251.3
62.53, 1.753, 254.7
62.54, 1.754, 256.3
62.55, 1.755, 255.6
62.56, 1.756, 257.0
62.57, 1.757, 261.4
62.58, 1.758, 259.1
62.59, 1.759, 260.1
62.60, 1.760, 261.3
62.61, 1.761, 258.9
62.62, 1.762, 260.4
62.63, 1.763, 262.7
62.64, 1.764, 264.5
62.65, 1.765, 263.6
62.66, 1.766, 265.8
62.67, 1.767, 265.0
62.68, 1.768, 268.8
62.69, 1.769, 269.5
62.70, 1.770, 268.9
62.71, 1.771, 268.1
62.72, 1.772, 269.3
62.73, 1.773, 270.7
62.74, 1.774, 272.0
62.75, 1.775, 273.4
62.76, 1.776, 275.1
62.77, 1.777, 275.7
62.78, 1.778, 275.7
62.79, 1.779, 278.0
62.80, 1.780, 279.3
62.81, 1.781, 280.3
62.82, 1.782, 279.2
62.83, 1.783, 281.6
62.84, 1.784, 281.2
62.85, 1.785, 280.9
62.86, 1.786, 281.7
62.87, 1.787, 284.5
62.88, 1.788, 285.0
62.89, 1.789, 286.5
62.90, 1.790, 287.9
62.91, 1.791, 290.2
62.92, 1.792, 290.1
62.93, 1.793, 290.5
62.94, 1.794, 290.6
62.95, 1.795, 291.3
62.96, 1.796, 292.6
62.97, 1.797, 296.4
62.98, 1.798, 296.2
62.99, 1.799, 297.4
63.00, 1.800, 298.4
63.01, 1.801, 300.5
63.02, 1.802, 302.5
63.03, 1.803, 303.2
63.04, 1.804, 302.3
63.05, 1.805, 302.2
63.06, 1.806, 305.6
63.07, 1.807, 306.0
63.08, 1.808, 307.9
63.09, 1.809, 308.3
63.10, 1.810, 310.4
63.11, 1.811, 310.5
63.12, 1.812, 313.8
63.13, 1.813, 314.0
63.14, 1.814, 313.1
63.15, 1.815, 314.2
63.16, 1.816, 314.5
63.17, 1.817, 316.6
63.18, 1.818, 315.4
63.19, 1.819, 318.7
63.20, 1.820, 320.1
63.21, 1.821, 321.3
63.22, 1.822, 321.8
63.23, 1.823, 324.7
63.24, 1.824, 323.5
63.25, 1.825, 323.5
63.26, 1.826, 323.4
63.27, 1.827, 326.5
63.28, 1.828, 328.7
63.29, 1.829, 330.3
63.30, 1.830, 330.0
63.31, 1.831, 332.3
63.32, 1.832, 334.6
63.33, 1.833, 334.2
63.34, 1.834, 335.4
63.35, 1.835, 335.4
63.36, 1.836, 337.1
63.37, 1.837, 339.5
63.38, 1.838, 339.5
63.39, 1.839, 342.8
63.40, 1.840, 344.4
63.41, 1.841, 344.8
63.42, 1.842, 345.2
63.43, 1.843, 348.0
63.44, 1.844, 349.8
63.45, 1.845, 349.2
63.46, 1.846, 349.9
63.47, 1.847, 349.6
63.48, 1.848, 352.1
63.49, 1.849, 352.9
63.50, 1.850, 354.5
63.51, 1.851, 355.9
63.52, 1.852, 357.5
63.53, 1.853, 358.2
63.54, 1.854, 361.0
63.55, 1.855, 361.4
63.56, 1.856, 364.1
63.57, 1.857, 364.7
63.58, 1.858, 364.9
63.59, 1.859, 365.5
63.60, 1.860, 367.6
63.61, 1.861, 366.6
63.62, 1.862, 368.2
63.63, 1.863, 369.8
63.64, 1.864, 370.7
63.65, 1.865, 374.6
63.66, 1.866, 374.8
63.67, 1.867, 377.2
63.68, 1.868, 380.0
63.69, 1.869, 381.2
63.70, 1.870, 381.1
63.71, 1.871, 381.8
63.72, 1.872, 381.5
63.73, 1.873, 384.4
63.74, 1.874, 383.2
63.75, 1.875, 386.4
63.76, 1.876, 388.6
63.77, 1.877, 389.8
63.78, 1.878, 389.8
63.79, 1.879, 394.3
63.80, 1.880, 393.3
63.81, 1.881, 394.3
63.82, 1.882, 396.6
63.83, 1.883, 396.6
63.84, 1.884, 398.0
63.85, 1.885, 398.5
63.86, 1.886, 401.2
63.87, 1.887, 403.9
63.88, 1.888, 404.4
63.89, 1.889, 406.5
63.90, 1.890, 407.2
63.91, 1.891, 409.6
63.92, 1.892, 408.7
63.93, 1.893, 407.0
63.94, 1.894, 413.5
63.95, 1.895, 415.1
63.96, 1.896, 415.8
63.97, 1.897, 416.9
63.98, 1.898, 418.6
63.99, 1.899, 419.9
64.00, 1.900, 419.6
64.01, 1.901, 423.8
64.02, 1.902, 423.9
64.03, 1.903, 422.2
64.04, 1.904, 424.6
64.05, 1.905, 426.5
64.06, 1.906, 428.3
64.07, 1.907, 430.8
64.08, 1.908, 430.3
64.09, 1.909, 432.6
64.10, 1.910, 433.8
64.11, 1.911, 436.7
64.12, 1.912, 438.8
64.13, 1.913, 440.9
64.14, 1.914, 440.1
64.15, 1.915, 442.1
64.16, 1.916, 440.9
64.17, 1.917, 443.9
64.18, 1.918, 444.8
64.19, 1.919, 447.6
64.20, 1.920, 449.8
64.21, 1.921, 450.9
64.22, 1.922, 455.8
64.23, 1.923, 457.4
64.24, 1.924, 458.0
64.25, 1.925, 457.8
64.26, 1.926, 460.2
64.27, 1.927, 463.2
64.28, 1.928, 463.8
64.29, 1.929, 465.5
64.30, 1.930, 467.8
64.31, 1.931, 468.9
64.32, 1.932, 469.7
64.33, 1.933, 472.5
64.34, 1.934, 475.0
64.35, 1.935, 472.7
64.36, 1.936, 474.6
64.37, 1.937, 476.6
64.38, 1.938, 478.1
64.39, 1.939, 478.6
64.40, 1.940, 479.9
64.41, 1.941, 482.3
64.42, 1.942, 484.9
64.43, 1.943, 485.9
64.44, 1.944, 489.4
64.45, 1.945, 489.3
64.46, 1.946, 490.9
64.47, 1.947, 493.3
64.48, 1.948, 491.7
64.49, 1.949, 494.3
64.50, 1.950, 497.9
64.51, 1.951, 499.5
64.52, 1.952, 502.1
64.53, 1.953, 504.4
64.54, 1.954, 507.3
64.55, 1.955, 508.5
64.56, 1.956, 509.3
64.57, 1.957, 510.3
64.58, 1.958, 509.7
64.59, 1.959, 510.8
64.60, 1.960, 513.4
64.61, 1.961, 517.8
64.62, 1.962, 518.3
64.63, 1.963, 521.4
64.64, 1.964, 521.0
64.65, 1.965, 525.0
64.66, 1.966, 527.8
64.67, 1.967, 527.8
64.68, 1.968, 531.0
64.69, 1.969, 532.1
64.70, 1.970, 535.1
64.71, 1.971, 536.0
64.72, 1.972, 535.7
64.73, 1.973, 536.2
64.74, 1.974, 537.8
64.75, 1.975, 540.9
64.76, 1.976, 543.7
64.77, 1.977, 543.9
64.78, 1.978, 545.5
64.79, 1.979, 549.7
64.80, 1.980, 549.8
64.81, 1.981, 549.7
64.82, 1.982, 552.1
64.83, 1.983, 552.5
64.84, 1.984, 553.7
64.85, 1.985, 552.4
64.86, 1.986, 552.0
64.87, 1.987, 554.1
64.88, 1.988, 553.4
64.89, 1.989, 554.2
64.90, 1.990, 552.5
64.91, 1.991, 552.9
64.92, 1.992, 555.0
64.93, 1.993, 555.1
64.94, 1.994, 554.9
64.95, 1.995, 554.3
64.96, 1.996, 555.2
64.97, 1.997, 555.2
64.98, 1.998, 556.2
64.99, 1.999, 556.2
65.00, 2.000, 557.7
65.01, 1.999, 557.0
65.02, 1.998, 555.4
65.03, 1.997, 557.7
65.04, 1.996, 556.1
65.05, 1.995, 555.8
65.06, 1.994, 557.7
65.07, 1.993, 557.3
65.08, 1.992, 557.8
65.09, 1.991, 558.8
65.10, 1.990, 559.5
65.11, 1.989, 558.9
65.12, 1.988, 559.5
65.13, 1.987, 559.3
65.14, 1.986, 559.7
65.15, 1.985, 559.0
65.16, 1.984, 560.5
65.17, 1.983, 560.1
65.18, 1.982, 560.5
65.19, 1.981, 559.2
65.20, 1.980, 558.2
65.21, 1.979, 554.9
65.22, 1.978, 555.5
65.23, 1.977, 553.8
65.24, 1.976, 552.1
65.25, 1.975, 553.2
65.26, 1.974, 552.3
65.27, 1.973, 548.6
65.28, 1.972, 549.9
65.29, 1.971, 547.7
65.30, 1.970, 546.4
65.31, 1.969, 545.7
65.32, 1.968, 545.2
65.33, 1.967, 542.8
65.34, 1.966, 540.7
65.35, 1.965, 541.7
65.36, 1.964, 539.9
65.37, 1.963, 539.0
65.38, 1.962, 537.0
65.39, 1.961, 534.1
65.40, 1.960, 531.8
65.41, 1.959, 531.3
65.42, 1.958, 529.8
65.43, 1.957, 527.3
65.44, 1.956, 527.1
65.45, 1.955, 526.4
65.46, 1.954, 525.2
65.47, 1.953, 523.1
65.48, 1.952, 522.2
65.49, 1.951, 519.9
65.50, 1.950, 520.6
65.51, 1.949, 519.2
65.52, 1.948, 519.2
65.53, 1.947, 517.5
65.54, 1.946, 516.1
65.55, 1.945, 513.1
65.56, 1.944, 510.9
65.57, 1.943, 507.1
65.58, 1.942, 507.4
65.59, 1.941, 507.8
65.60, 1.940, 507.6
65.61, 1.939, 505.4
65.62, 1.938, 503.0
65.63, 1.937, 505.4
65.64, 1.936, 499.9
65.65, 1.935, 502.2
65.66, 1.934, 505.0
65.67, 1.933, 498.8
65.68, 1.932, 494.5
65.69, 1.931, 494.3
65.70, 1.930, 493.3
65.71, 1.929, 492.0
65.72, 1.928, 491.1
65.73, 1.927, 490.3
65.74, 1.926, 489.5
65.75, 1.925, 488.7
65.76, 1.924, 488.1
65.77, 1.923, 485.8
65.78, 1.922, 485.8
65.79, 1.921, 484.1
65.80, 1.920, 483.3
65.81, 1.919, 479.7
65.82, 1.918, 480.3
65.83, 1.917, 478.8
65.84, 1.916, 476.9
65.85, 1.915, 477.6
65.86, 1.914, 475.5
65.87, 1.913, 473.6
65.88, 1.912, 472.3
65.89, 1.911, 472.0
65.90, 1.910, 469.8
65.91, 1.909, 470.8
65.92, 1.908, 467.4
65.93, 1.907, 463.4
65.94, 1.906, 462.2
65.95, 1.905, 462.9
65.96, 1.904, 462.7
65.97, 1.903, 461.6
65.98, 1.902, 460.8
65.99, 1.901, 456.6
66.00, 1.900, 457.0
66.01, 1.899, 456.2
66.02, 1.898, 454.1
66.03, 1.897, 455.5
66.04, 1.896, 453.9
66.05, 1.895, 451.0
66.06, 1.894, 448.4
66.07, 1.893, 447.5
66.08, 1.892, 445.5
66.09, 1.891, 445.5
66.10, 1.890, 443.5
66.11, 1.889, 444.9
66.12, 1.888, 443.3
66.13, 1.887, 441.8
66.14, 1.886, 442.1
66.15, 1.885, 439.2
66.16, 1.884, 439.1
66.17, 1.883, 439.2
66.18, 1.882, 436.0
66.19, 1.881, 431.2
66.20, 1.880, 430.3
66.21, 1.879, 429.9
66.22, 1.878, 428.4
66.23, 1.877, 430.0
66.24, 1.876, 427.0
66.25, 1.875, 426.7
66.26, 1.874, 427.2
66.27, 1.873, 424.6
66.28, 1.872, 423.3
66.29, 1.871, 422.8
66.30, 1.870, 420.6
66.31, 1.869, 420.8
66.32, 1.868, 418.8
66.33, 1.867, 417.2
66.34, 1.866, 417.1
66.35, 1.865, 413.6
66.36, 1.864, 410.3
66.37, 1.863, 407.9
66.38, 1.862, 409.8
66.39, 1.861, 408.2
66.40, 1.860, 407.1
66.41, 1.859, 405.8
66.42, 1.858, 405.3
66.43, 1.857, 404.2
66.44, 1.856, 404.5
66.45, 1.855, 404.0
66.46, 1.854, 400.2
66.47, 1.853, 398.7
66.48, 1.852, 398.9
66.49, 1.851, 395.0
66.50, 1.850, 394.3
66.51, 1.849, 393.6
66.52, 1.848, 393.2
66.53, 1.847, 391.5
66.54, 1.846, 392.1
66.55, 1.845, 390.4
66.56, 1.844, 389.6
66.57, 1.843, 391.2
66.58, 1.842, 387.6
66.59, 1.841, 387.3
66.60, 1.840, 385.8
66.61, 1.839, 382.8
66.62, 1.838, 382.0
66.63, 1.837, 381.4
66.64, 1.836, 377.5
66.65, 1.835, 377.0
66.66, 1.834, 376.3
66.67, 1.833, 375.6
66.68, 1.832, 375.3
66.69, 1.831, 373.7
66.70, 1.830, 371.3
66.71, 1.829, 369.7
66.72, 1.828, 369.7
66.73, 1.827, 371.3
66.74, 1.826, 367.3
66.75, 1.825, 364.3
66.76, 1.824, 364.0
66.77, 1.823, 362.6
66.78, 1.822, 360.1
66.79, 1.821, 359.5
66.80, 1.820, 358.9
66.81, 1.819, 357.7
66.82, 1.818, 357.2
66.83, 1.817, 355.8
66.84, 1.816, 355.4
66.85, 1.815, 353.1
66.86, 1.814, 352.5
66.87, 1.813, 353.5
66.88, 1.812, 351.4
66.89, 1.811, 348.7
66.90, 1.810, 347.1
66.91, 1.809, 346.9
66.92, 1.808, 346.2
66.93, 1.807, 346.0
66.94, 1.806, 343.4
66.95, 1.805, 342.1
66.96, 1.804, 342.7
66.97, 1.803, 342.8
66.98, 1.802, 339.1
66.99, 1.801, 338.3
67.00, 1.800, 337.4
67.01, 1.799, 333.3
67.02, 1.798, 333.3
67.03, 1.797, 333.3
67.04, 1.796, 333.1
67.05, 1.795, 332.2
67.06, 1.794, 329.9
67.07, 1.793, 331.1
67.08, 1.792, 328.8
67.09, 1.791, 329.1
67.10, 1.790, 325.4
67.11, 1.789, 322.6
67.12, 1.788, 322.5
67.13, 1.787, 321.7
67.14, 1.786, 319.1
67.15, 1.785, 320.0
67.16, 1.784, 318.7
67.17, 1.783, 318.3
67.18, 1.782, 316.4
67.19, 1.781, 316.2
67.20, 1.780, 314.2
67.21, 1.779, 312.9
67.22, 1.778, 312.3
67.23, 1.777, 308.5
67.24, 1.776, 306.4
67.25, 1.775, 305.6
67.26, 1.774, 307.0
67.27, 1.773, 304.5
67.28, 1.772, 305.1
67.29, 1.771, 303.0
67.30, 1.770, 301.2
67.31, 1.769, 302.8
67.32, 1.768, 301.0
67.33, 1.767, 299.0
67.34, 1.766, 300.1
67.35, 1.765, 298.0
67.36, 1.764, 295.7
67.37, 1.763, 294.3
67.38, 1.762, 292.9
67.39, 1.761, 292.3
67.40, 1.760, 291.0
67.41, 1.759, 291.7
67.42, 1.758, 289.1
67.43, 1.757, 289.3
67.44, 1.756, 286.5
67.45, 1.755, 288.1
67.46, 1.754, 287.6
67.47, 1.753, 285.5
67.48, 1.752, 284.3
67.49, 1.751, 281.4
67.50, 1.750, 282.4
67.51, 1.749, 280.4
67.52, 1.748, 278.9
67.53, 1.747, 278.8
67.54, 1.746, 276.5
67.55, 1.745, 277.4
67.56, 1.744, 273.9
67.57, 1.743, 272.8
67.58, 1.742, 273.6
67.59, 1.741, 272.1
67.60, 1.740, 271.8
67.61, 1.739, 268.9
67.62, 1.738, 268.0
67.63, 1.737, 269.6
67.64, 1.736, 268.3
67.65, 1.735, 266.8
67.66, 1.734, 266.0
67.67, 1.733, 264.1
67.68, 1.732, 260.9
67.69, 1.731, 260.2
67.70, 1.730, 257.3
67.71, 1.729, 257.0
67.72, 1.728, 259.4
67.73, 1.727, 257.5
67.74, 1.726, 255.8
67.75, 1.725, 256.0
67.76, 1.724, 254.2
67.77, 1.723, 253.4
67.78, 1.722, 253.5
67.79, 1.721, 253.1
67.80, 1.720, 251.7
67.81, 1.719, 250.1
67.82, 1.718, 247.5
67.83, 1.717, 245.6
67.84, 1.716, 243.3
67.85, 1.715, 245.0
67.86, 1.714, 244.2
67.87, 1.713, 240.4
67.88, 1.712, 242.6
67.89, 1.711, 242.3
67.90, 1.710, 239.6
67.91, 1.709, 238.7
67.92, 1.708, 239.5
67.93, 1.707, 236.6
67.94, 1.706, 237.4
67.95, 1.705, 236.7
67.96, 1.704, 235.6
67.97, 1.703, 232.4
67.98, 1.702, 230.9
67.99, 1.701, 229.6
68.00, 1.700, 230.2
68.01, 1.699, 228.0
68.02, 1.698, 226.8
68.03, 1.697, 224.9
68.04, 1.696, 225.0
68.05, 1.695, 223.2
68.06, 1.694, 222.4
68.07, 1.693, 222.2
68.08, 1.692, 221.1
68.09, 1.691, 220.4
68.10, 1.690, 221.4
68.11, 1.689, 220.1
68.12, 1.688, 217.5
68.13, 1.687, 217.6
68.14, 1.686, 215.1
68.15, 1.685, 214.7
68.16, 1.684, 211.6
68.17, 1.683, 212.9
68.18, 1.682, 212.7
68.19, 1.681, 210.8
68.20, 1.680, 210.9
68.21, 1.679, 209.6
68.22, 1.678, 208.3
68.23, 1.677, 207.1
68.24, 1.676, 207.0
68.25, 1.675, 209.1
68.26, 1.674, 205.8
68.27, 1.673, 203.7
68.28, 1.672, 206.5
68.29, 1.671, 202.2
68.30, 1.670, 200.1
68.31, 1.669, 200.9
68.32, 1.668, 199.8
68.33, 1.667, 197.2
68.34, 1.666, 197.8
68.35, 1.665, 197.3
68.36, 1.664, 196.4
68.37, 1.663, 196.9
68.38, 1.662, 194.4
68.39, 1.661, 193.5
68.40, 1.660, 195.5
68.41, 1.659, 192.4
68.42, 1.658, 189.2
68.43, 1.657, 188.2
68.44, 1.656, 187.1
68.45, 1.655, 187.0
68.46, 1.654, 183.7
68.47, 1.653, 185.1
68.48, 1.652, 184.0
68.49, 1.651, 182.4
68.50, 1.650, 182.2
68.51, 1.649, 184.5
68.52, 1.648, 181.8
68.53, 1.647, 180.0
68.54, 1.646, 179.0
68.55, 1.645, 176.4
68.56, 1.644, 175.3
68.57, 1.643, 174.9
68.58, 1.642, 172.9
68.59, 1.641, 175.6
68.60, 1.640, 173.4
68.61, 1.639, 172.7
68.62, 1.638, 171.5
68.63, 1.637, 172.6
68.64, 1.636, 170.1
68.65, 1.635, 170.6
68.66, 1.634, 171.0
68.67, 1.633, 170.5
68.68, 1.632, 166.2
68.69, 1.631, 166.3
68.70, 1.630, 165.0
68.71, 1.629, 163.9
68.72, 1.628, 163.1
68.73, 1.627, 163.0
68.74, 1.626, 162.9
68.75, 1.625, 163.1
68.76, 1.624, 163.2
68.77, 1.623, 161.4
68.78, 1.622, 161.5
68.79, 1.621, 160.1
68.80, 1.620, 158.8
68.81, 1.619, 158.6
68.82, 1.618, 156.3
68.83, 1.617, 153.0
68.84, 1.616, 155.0
68.85, 1.615, 152.4
68.86, 1.614, 151.8
68.87, 1.613, 150.5
68.88, 1.612, 149.9
68.89, 1.611, 149.8
68.90, 1.610, 151.8
68.91, 1.609, 149.9
68.92, 1.608, 146.0
68.93, 1.607, 146.4
68.94, 1.606, 145.4
68.95, 1.605, 145.6
68.96, 1.604, 144.9
68.97, 1.603, 142.8
68.98, 1.602, 144.5
68.99, 1.601, 141.8
69.00, 1.600, 140.5
69.01, 1.599, 141.3
69.02, 1.598, 142.3
69.03, 1.597, 138.8
69.04, 1.596, 142.1
69.05, 1.595, 139.0
69.06, 1.594, 140.3
69.07, 1.593, 138.2
69.08, 1.592, 132.8
69.09, 1.591, 134.1
69.10, 1.590, 133.2
69.11, 1.589, 131.8
69.12, 1.588, 130.8
69.13, 1.587, 131.7
69.14, 1.586, 131.4
69.15, 1.585, 131.1
69.16, 1.584, 129.9
69.17, 1.583, 131.2
69.18, 1.582, 132.0
69.19, 1.581, 130.1
69.20, 1.580, 127.6
69.21, 1.579, 126.2
69.22, 1.578, 127.2
69.23, 1.577, 124.6
69.24, 1.576, 122.5
69.25, 1.575, 122.4
69.26, 1.574, 122.4
69.27, 1.573, 120.0
69.28, 1.572, 120.0
69.29, 1.571, 118.6
69.30, 1.570, 118.7
69.31, 1.569, 117.9
69.32, 1.568, 118.0
69.33, 1.567, 118.5
69.34, 1.566, 118.3
69.35, 1.565, 114.7
69.36, 1.564, 115.4
69.37, 1.563, 114.4
69.38, 1.562, 110.6
69.39, 1.561, 112.3
69.40, 1.560, 111.7
69.41, 1.559, 110.0
69.42, 1.558, 111.2
69.43, 1.557, 110.3
69.44, 1.556, 110.1
69.45, 1.555, 109.4
69.46, 1.554, 111.8
69.47, 1.553, 108.1
69.48, 1.552, 109.0
69.49, 1.551, 107.8
69.50, 1.550, 106.7
69.51, 1.549, 103.7
69.52, 1.548, 104.2
69.53, 1.547, 105.3
69.54, 1.546, 102.9
69.55, 1.545, 103.9
69.56, 1.544, 102.6
69.57, 1.543, 102.3
69.58, 1.542, 101.8
69.59, 1.541, 100.8
69.60, 1.540, 100.1
69.61, 1.539, 101.4
69.62, 1.538, 98.63
69.63, 1.537, 98.08
69.64, 1.536, 97.53
69.65, 1.535, 95.84
69.66, 1.534, 95.21
69.67, 1.533, 95.77
69.68, 1.532, 96.10
69.69, 1.531, 93.80
69.70, 1.530, 94.44
69.71, 1.529, 93.77
69.72, 1.528, 92.57
69.73, 1.527, 93.04
69.74, 1.526, 93.73
69.75, 1.525, 90.88
69.76, 1.524, 90.25
69.77, 1.523, 89.30
69.78, 1.522, 87.23
69.79, 1.521, 86.65
69.80, 1.520, 88.52
69.81, 1.519, 85.66
69.82, 1.518, 86.51
69.83, 1.517, 85.50
69.84, 1.516, 86.00
69.85, 1.515, 87.33
69.86, 1.514, 86.25
69.87, 1.513, 85.13
69.88, 1.512, 84.27
69.89, 1.511, 83.29
69.90, 1.510, 81.12
69.91, 1.509, 79.99
69.92, 1.508, 80.11
69.93, 1.507, 82.23
69.94, 1.506, 79.61
69.95, 1.505, 79.31
69.96, 1.504, 79.83
69.97, 1.503, 80.82
69.98, 1.502, 79.98
69.99, 1.501, 79.94
70.00, 1.500, 80.28
70.01, 1.499, 76.81
70.02, 1.498, 77.61
70.03, 1.497, 75.73
70.04, 1.496, 76.81
70.05, 1.495, 75.08
70.06, 1.494, 76.92
70.07, 1.493, 74.88
70.08, 1.492, 74.27
70.09, 1.491, 75.63
70.10, 1.490, 73.21
70.11, 1.489, 74.19
70.12, 1.488, 73.78
70.13, 1.487, 70.84
70.14, 1.486, 69.82
70.15, 1.485, 69.09
70.16, 1.484, 68.30
70.17, 1.483, 68.69
70.18, 1.482, 68.10
70.19, 1.481, 68.83
70.20, 1.480, 67.22
70.21, 1.479, 65.65
70.22, 1.478, 65.66
70.23, 1.477, 66.72
70.24, 1.476, 66.23
70.25, 1.475, 67.38
70.26, 1.474, 67.21
70.27, 1.473, 65.18
70.28, 1.472, 66.32
70.29, 1.471, 64.05
70.30, 1.470, 61.42
70.31, 1.469, 60.79
70.32, 1.468, 62.80
70.33, 1.467, 62.28
70.34, 1.466, 59.82
70.35, 1.465, 62.13
70.36, 1.464, 60.85
70.37, 1.463, 61.91
70.38, 1.462, 62.56
70.39, 1.461, 62.12
70.40, 1.460, 60.59
70.41, 1.459, 60.03
70.42, 1.458, 57.88
70.43, 1.457, 57.65
70.44, 1.456, 57.39
70.45, 1.455, 58.10
70.46, 1.454, 57.73
70.47, 1.453, 56.70
70.48, 1.452, 56.49
70.49, 1.451, 58.57
70.50, 1.450, 55.61
70.51, 1.449, 57.07
70.52, 1.448, 54.54
70.53, 1.447, 55.09
70.54, 1.446, 54.51
70.55, 1.445, 53.90
70.56, 1.444, 53.49
70.57, 1.443, 52.86
70.58, 1.442, 52.96
70.59, 1.441, 50.66
70.60, 1.440, 49.29
70.61, 1.439, 50.45
70.62, 1.438, 52.49
70.63, 1.437, 50.12
70.64, 1.436, 49.27
70.65, 1.435, 49.07
70.66, 1.434, 49.03
70.67, 1.433, 51.19
70.68, 1.432, 49.37
70.69, 1.431, 49.37
70.70, 1.430, 49.00
70.71, 1.429, 48.71
70.72, 1.428, 48.87
70.73, 1.427, 48.12
70.74, 1.426, 48.37
70.75, 1.425, 49.47
70.76, 1.424, 48.16
70.77, 1.423, 46.98
70.78, 1.422, 48.20
70.79, 1.421, 45.96
70.80, 1.420, 45.18
70.81, 1.419, 45.92
70.82, 1.418, 46.73
70.83, 1.417, 43.18
70.84, 1.416, 44.82
70.85, 1.415, 45.49
70.86, 1.414, 44.52
70.87, 1.413, 43.58
70.88, 1.412, 44.42
70.89, 1.411, 43.77
70.90, 1.410, 44.46
70.91, 1.409, 43.48
70.92, 1.408, 42.83
70.93, 1.407, 42.58
70.94, 1.406, 43.06
70.95, 1.405, 44.06
70.96, 1.404, 40.29
70.97, 1.403, 40.58
70.98, 1.402, 41.63
70.99, 1.401, 38.14
71.00, 1.400, 37.50
71.01, 1.399, 39.08
71.02, 1.398, 38.35
71.03, 1.397, 38.99
71.04, 1.396, 37.79
71.05, 1.395, 37.78
71.06, 1.394, 39.86
71.07, 1.393, 39.35
71.08, 1.392, 38.37
71.09, 1.391, 41.35
71.10, 1.390, 37.51
71.11, 1.389, 36.96
71.12, 1.388, 36.97
71.13, 1.387, 34.90
71.14, 1.386, 37.20
71.15, 1.385, 36.82
71.16, 1.384, 35.18
71.17, 1.383, 36.45
71.18, 1.382, 35.55
71.19, 1.381, 36.13
71.20, 1.380, 36.36
71.21, 1.379, 35.70
71.22, 1.378, 35.22
71.23, 1.377, 34.92
71.24, 1.376, 36.81
71.25, 1.375, 38.70
71.26, 1.374, 36.99
71.27, 1.373, 35.71
71.28, 1.372, 35.82
71.29, 1.371, 34.68
71.30, 1.370, 33.06
71.31, 1.369, 33.23
71.32, 1.368, 34.06
71.33, 1.367, 34.57
71.34, 1.366, 34.06
71.35, 1.365, 33.83
71.36, 1.364, 33.48
71.37, 1.363, 35.47
71.38, 1.362, 32.86
71.39, 1.361, 32.49
71.40, 1.360, 34.88
71.41, 1.359, 32.45
71.42, 1.358, 30.65
71.43, 1.357, 33.12
71.44, 1.356, 27.42
71.45, 1.355, 28.61
71.46, 1.354, 31.08
71.47, 1.353, 29.84
71.48, 1.352, 29.98
71.49, 1.351, 29.35
71.50, 1.350, 29.24
71.51, 1.349, 31.15
71.52, 1.348, 28.79
71.53, 1.347, 30.73
71.54, 1.346, 30.91
71.55, 1.345, 30.71
71.56, 1.344, 31.05
71.57, 1.343, 29.92
71.58, 1.342, 28.93
71.59, 1.341, 28.41
71.60, 1.340, 29.10
71.61, 1.339, 28.31
71.62, 1.338, 28.85
71.63, 1.337, 28.62
71.64, 1.336, 28.70
71.65, 1.335, 31.01
71.66, 1.334, 28.33
71.67, 1.333, 29.36
71.68, 1.332, 29.15
71.69, 1.331, 25.09
71.70, 1.330, 28.26
71.71, 1.329, 27.70
71.72, 1.328, 27.16
71.73, 1.327, 28.63
71.74, 1.326, 27.63
71.75, 1.325, 27.81
71.76, 1.324, 27.98
71.77, 1.323, 26.67
71.78, 1.322, 27.10
71.79, 1.321, 27.04
71.80, 1.320, 25.66
71.81, 1.319, 23.25
71.82, 1.318, 24.54
71.83, 1.317, 25.86
71.84, 1.316, 24.98
71.85, 1.315, 25.30
71.86, 1.314, 24.26
71.87, 1.313, 26.95
71.88, 1.312, 25.45
71.89, 1.311, 25.67
71.90, 1.310, 25.08
71.91, 1.309, 25.89
71.92, 1.308, 25.07
71.93, 1.307, 24.05
71.94, 1.306, 22.62
71.95, 1.305, 23.37
71.96, 1.304, 22.75
71.97, 1.303, 21.51
71.98, 1.302, 24.02
71.99, 1.301, 24.70
72.00, 1.300, 23.18
72.01, 1.299, 23.39
72.02, 1.298, 24.80
72.03, 1.297, 24.62
72.04, 1.296, 24.22
72.05, 1.295, 25.77
72.06, 1.294, 25.51
72.07, 1.293, 22.82
72.08, 1.292, 22.19
72.09, 1.291, 22.17
72.10, 1.290, 21.51
72.11, 1.289, 22.92
72.12, 1.288, 22.42
72.13, 1.287, 22.14
72.14, 1.286, 23.05
72.15, 1.285, 22.15
72.16, 1.284, 23.26
72.17, 1.283, 24.37
72.18, 1.282, 22.95
72.19, 1.281, 23.79
72.20, 1.280, 23.50
72.21, 1.279, 20.19
72.22, 1.278, 19.84
72.23, 1.277, 20.08
72.24, 1.276, 19.57
72.25, 1.275, 20.15
72.26, 1.274, 20.20
72.27, 1.273, 19.07
72.28, 1.272, 20.97
72.29, 1.271, 19.82
72.30, 1.270, 21.18
72.31, 1.269, 21.25
72.32, 1.268, 20.40
72.33, 1.267, 22.69
72.34, 1.266, 20.02
72.35, 1.265, 18.32
72.36, 1.264, 20.87
72.37, 1.263, 18.67
72.38, 1.262, 19.30
72.39, 1.261, 19.07
72.40, 1.260, 20.15
72.41, 1.259, 21.29
72.42, 1.258, 21.26
72.43, 1.257, 17.89
72.44, 1.256, 17.39
72.45, 1.255, 17.34
72.46, 1.254, 18.47
72.47, 1.253, 18.50
72.48, 1.252, 18.16
72.49, 1.251, 18.82
72.50, 1.250, 19.66
72.51, 1.249, 19.40
72.52, 1.248, 18.12
72.53, 1.247, 20.74
72.54, 1.246, 20.53
72.55, 1.245, 18.65
72.56, 1.244, 19.25
72.57, 1.243, 16.66
72.58, 1.242, 18.85
72.59, 1.241, 17.65
72.60, 1.240, 17.52
72.61, 1.239, 16.97
72.62, 1.238, 17.60
72.63, 1.237, 15.46
72.64, 1.236, 16.83
72.65, 1.235, 18.27
72.66, 1.234, 18.89
72.67, 1.233, 16.61
72.68, 1.232, 17.89
72.69, 1.231, 16.10
72.70, 1.230, 15.05
72.71, 1.229, 15.58
72.72, 1.228, 14.49
72.73, 1.227, 15.44
72.74, 1.226, 15.53
72.75, 1.225, 14.88
72.76, 1.224, 16.47
72.77, 1.223, 14.00
72.78, 1.222, 15.32
72.79, 1.221, 17.01
72.80, 1.220, 17.62
72.81, 1.219, 14.27
72.82, 1.218, 15.80
72.83, 1.217, 14.79
72.84, 1.216, 11.95
72.85, 1.215, 14.77
72.86, 1.214, 12.34
72.87, 1.213, 13.06
72.88, 1.212, 14.03
72.89, 1.211, 14.63
72.90, 1.210, 14.61
72.91, 1.209, 14.51
72.92, 1.208, 15.07
72.93, 1.207, 14.62
72.94, 1.206, 16.01
72.95, 1.205, 17.70
72.96, 1.204, 14.79
72.97, 1.203, 14.54
72.98, 1.202, 14.92
72.99, 1.201, 11.90
73.00, 1.200, 13.37
73.01, 1.199, 14.08
73.02, 1.198, 13.19
73.03, 1.197, 13.03
73.04, 1.196, 14.28
73.05, 1.195, 13.23
73.06, 1.194, 12.31
73.07, 1.193, 10.94
73.08, 1.192, 13.24
73.09, 1.191, 11.18
73.10, 1.190, 13.15
73.11, 1.189, 12.52
73.12, 1.188, 11.01
73.13, 1.187, 10.73
73.14, 1.186, 11.07
73.15, 1.185, 11.24
73.16, 1.184, 10.61
73.17, 1.183, 10.86
73.18, 1.182, 12.11
73.19, 1.181, 12.23
73.20, 1.180, 10.55
73.21, 1.179, 9.909
73.22, 1.178, 13.02
73.23, 1.177, 10.07
73.24, 1.176, 12.47
73.25, 1.175, 12.55
73.26, 1.174, 8.463
73.27, 1.173, 9.940
73.28, 1.172, 9.565
73.29, 1.171, 11.06
73.30, 1.170, 10.97
73.31, 1.169, 10.68
73.32, 1.168, 10.61
73.33, 1.167, 10.83
73.34, 1.166, 11.95
73.35, 1.165, 11.43
73.36, 1.164, 8.820
73.37, 1.163, 9.499
73.38, 1.162, 9.834
73.39, 1.161, 10.94
73.40, 1.160, 7.781
73.41, 1.159, 8.901
73.42, 1.158, 10.64
73.43, 1.157, 10.63
73.44, 1.156, 12.24
73.45, 1.155, 11.68
73.46, 1.154, 11.24
73.47, 1.153, 12.02
73.48, 1.152, 8.903
73.49, 1.151, 8.380
73.50, 1.150, 6.251
73.51, 1.149, 7.654
73.52, 1.148, 7.069
73.53, 1.147, 7.926
73.54, 1.146, 7.587
73.55, 1.145, 8.600
73.56, 1.144, 7.297
73.57, 1.143, 9.349
73.58, 1.142, 9.613
73.59, 1.141, 9.875
73.60, 1.140, 9.481
73.61, 1.139, 5.989
73.62, 1.138, 7.786
73.63, 1.137, 7.331
73.64, 1.136, 7.229
73.65, 1.135, 7.527
73.66, 1.134, 7.922
73.67, 1.133, 8.348
73.68, 1.132, 8.047
73.69, 1.131, 8.205
73.70, 1.130, 7.613
73.71, 1.129, 9.653
73.72, 1.128, 8.184
73.73, 1.127, 6.991
73.74, 1.126, 7.480
73.75, 1.125, 5.939
73.76, 1.124, 7.794
73.77, 1.123, 7.232
73.78, 1.122, 7.547
73.79, 1.121, 7.592
73.80, 1.120, 8.074
73.81, 1.119, 9.786
73.82, 1.118, 8.386
73.83, 1.117, 8.309
73.84, 1.116, 10.17
73.85, 1.115, 5.607
73.86, 1.114, 7.490
73.87, 1.113, 6.795
73.88, 1.112, 5.245
73.89, 1.111, 6.570
73.90, 1.110, 8.557
73.91, 1.109, 4.106
73.92, 1.108, 5.922
73.93, 1.107, 4.830
73.94, 1.106, 7.215
73.95, 1.105, 7.358
73.96, 1.104, 5.944
73.97, 1.103, 7.878
73.98, 1.102, 5.121
73.99, 1.101, 5.465
74.00, 1.100, 4.778
74.01, 1.099, 4.910
74.02, 1.098, 6.092
74.03, 1.097, 4.200
74.04, 1.096, 4.779
74.05, 1.095, 6.584
74.06, 1.094, 5.829
74.07, 1.093, 8.682
74.08, 1.092, 8.830
74.09, 1.091, 5.731
74.10, 1.090, 6.801
74.11, 1.089, 4.727
74.12, 1.088, 3.796
74.13, 1.087, 4.560
74.14, 1.086, 5.130
74.15, 1.085, 5.565
74.16, 1.084, 4.990
74.17, 1.083, 5.644
74.18, 1.082, 4.833
74.19, 1.081, 3.544
74.20, 1.080, 5.830
74.21, 1.079, 5.516
74.22, 1.078, 8.490
74.23, 1.077, 7.898
74.24, 1.076, 6.069
74.25, 1.075, 5.322
74.26, 1.074, 4.711
74.27, 1.073, 5.173
74.28, 1.072, 4.959
74.29, 1.071, 5.290
74.30, 1.070, 5.055
74.31, 1.069, 4.926
74.32, 1.068, 4.377
74.33, 1.067, 4.659
74.34, 1.066, 4.416
74.35, 1.065, 5.211
74.36, 1.064, 3.064
74.37, 1.063, 5.027
74.38, 1.062, 2.586
74.39, 1.061, 4.280
74.40, 1.060, 2.158
74.41, 1.059, 4.771
74.42, 1.058, 5.731
74.43, 1.057, 5.158
74.44, 1.056, 4.638
74.45, 1.055, 5.435
74.46, 1.054, 1.709
74.47, 1.053, 3.208
74.48, 1.052, 4.215
74.49, 1.051, 1.935
74.50, 1.050, 4.721
74.51, 1.049, 3.646
74.52, 1.048, 4.206
74.53, 1.047, 6.414
74.54, 1.046, 3.627
74.55, 1.045, 5.325
74.56, 1.044, 3.581
74.57, 1.043, 2.801
74.58, 1.042, 3.038
74.59, 1.041, 2.893
74.60, 1.040, 3.244
74.61, 1.039, 5.620
74.62, 1.038, 5.211
74.63, 1.037, 5.683
74.64, 1.036, 5.200
74.65, 1.035, 4.690
74.66, 1.034, 4.099
74.67, 1.033, 3.200
74.68, 1.032, 3.577
74.69, 1.031, 1.164
74.70, 1.030, 2.271
74.71, 1.029, 3.419
74.72, 1.028, 2.723
74.73, 1.027, 2.845
74.74, 1.026, 2.100
74.75, 1.025, 2.295
74.76, 1.024, 1.302
74.77, 1.023, 4.722
74.78, 1.022, 2.088
74.79, 1.021, 1.989
74.80, 1.020, -0.5402
74.81, 1.019, 1.686
74.82, 1.018, -0.05782
74.83, 1.017, 0.1088
74.84, 1.016, 0.5931
74.85, 1.015, 1.501
74.86, 1.014, 3.936
74.87, 1.013, 3.131
74.88, 1.012, 2.832
74.89, 1.011, 5.026
74.90, 1.010, 3.188
74.91, 1.009, 1.354
74.92, 1.008, 2.723
74.93, 1.007, 2.568
74.94, 1.006, 3.091
74.95, 1.005, 1.721
74.96, 1.004, 3.192
74.97, 1.003, 1.142
74.98, 1.002, 2.353
74.99, 1.001, 2.696
75.00, 1.000, 4.297
75.01, 0.9990, 4.272
75.02, 0.9980, 4.016
75.03, 0.9970, 0.2300
75.04, 0.9960, 1.905
75.05, 0.9950, 1.890
75.06, 0.9940, 2.847
75.07, 0.9930, 3.613
75.08, 0.9920, 3.018
75.09, 0.9910, 3.112
75.10, 0.9900, 4.749
75.11, 0.9890, 2.148
75.12, 0.9880, 4.390
75.13, 0.9870, 2.394
75.14, 0.9860, 3.293
75.15, 0.9850, 2.313
75.16, 0.9840, 1.462
75.17, 0.9830, -0.5585
75.18, 0.9820, 0.5502
75.19, 0.9810, -0.5164
75.20, 0.9800, -1.051
75.21, 0.9790, -0.9834
75.22, 0.9780, 0.4564
75.23, 0.9770, 1.463
75.24, 0.9760, 0.5010
75.25, 0.9750, -0.8078
75.26, 0.9740, 0.8756
75.27, 0.9730, 3.573
75.28, 0.9720, 0.8674
75.29, 0.9710, 3.312
75.30, 0.9700, 3.696
75.31, 0.9690, 2.197
75.32, 0.9680, 2.367
75.33, 0.9670, 3.824
75.34, 0.9660, -0.04011
75.35, 0.9650, 3.046
75.36, 0.9640, 0.9738
75.37, 0.9630, 2.293
75.38, 0.9620, -0.8719
75.39, 0.9610, 3.084
75.40, 0.9600, 2.445
75.41, 0.9590, 1.577
75.42, 0.9580, 3.733
75.43, 0.9570, 3.711
75.44, 0.9560, 2.903
75.45, 0.9550, 1.950
75.46, 0.9540, 2.856
75.47, 0.9530, -0.3321
75.48, 0.9520, 0.5282
75.49, 0.9510, 2.062
75.50, 0.9500, 0.7980
75.51, 0.9490, -1.175
75.52, 0.9480, 0.2243
75.53, 0.9470, 2.197
75.54, 0.9460, 0.1177
75.55, 0.9450, 2.264
75.56, 0.9440, 2.045
75.57, 0.9430, 0.9500
75.58, 0.9420, 1.161
75.59, 0.9410, 2.968
75.60, 0.9400, 0.1558
75.61, 0.9390, 1.387
75.62, 0.9380, -0.2987
75.63, 0.9370, 0.2647
75.64, 0.9360, -2.280
75.65, 0.9350, -1.376
75.66, 0.9340, -1.123
75.67, 0.9330, -0.9225
75.68, 0.9320, -0.06440
75.69, 0.9310, 2.075
75.70, 0.9300, -1.264
75.71, 0.9290, 0.5235
75.72, 0.9280, 2.800
75.73, 0.9270, 0.7428
75.74, 0.9260, -0.5139
75.75, 0.9250, -1.236
75.76, 0.9240, -0.9720
75.77, 0.9230, -1.526
75.78, 0.9220, 1.672
75.79, 0.9210, 0.01718
75.80, 0.9200, 0.6456
75.81, 0.9190, 2.333
75.82, 0.9180, 1.245
75.83, 0.9170, 1.151
75.84, 0.9160, -1.310
75.85, 0.9150, -0.6393
75.86, 0.9140, -0.8653
75.87, 0.9130, 0.8468
75.88, 0.9120, 1.665
75.89, 0.9110, 0.1709
75.90, 0.9100, 0.2357
75.91, 0.9090, 1.791
75.92, 0.9080, 1.929
75.93, 0.9070, -0.5588
75.94, 0.9060, 0.1340
75.95, 0.9050, -1.597
75.96, 0.9040, -1.124
75.97, 0.9030, 0.9122
75.98, 0.9020, -0.1271
75.99, 0.9010, -2.140
76.00, 0.9000, -0.5943
76.01, 0.8990, -0.9887
76.02, 0.8980, 0.4323
76.03, 0.8970, 0.9411
76.04, 0.8960, -2.418
76.05, 0.8950, 1.722
76.06, 0.8940, 0.3018
76.07, 0.8930, -1.358
76.08, 0.8920, -2.751
76.09, 0.8910, 0.5531
76.10, 0.8900, -3.073
76.11, 0.8890, -2.816
76.12, 0.8880, -2.281
76.13, 0.8870, -2.367
76.14, 0.8860, -1.172
76.15, 0.8850, -1.202
76.16, 0.8840, -2.523
76.17, 0.8830, -0.2955
76.18, 0.8820, 1.377
76.19, 0.8810, 0.9992
76.20, 0.8800, 3.059
76.21, 0.8790, 1.215
76.22, 0.8780, 0.1623
76.23, 0.8770, -0.6339
76.24, 0.8760, -1.849
76.25, 0.8750, -1.852
76.26, 0.8740, -2.201
76.27, 0.8730, 0.2852
76.28, 0.8720, -0.5191
76.29, 0.8710, 0.9663
76.30, 0.8700, 1.996
76.31, 0.8690, -0.3703
76.32, 0.8680, -0.5897
76.33, 0.8670, 0.5380
76.34, 0.8660, -0.2811
76.35, 0.8650, 0.4117
76.36, 0.8640, 3.322
76.37, 0.8630, 0.2306
76.38, 0.8620, -2.772
76.39, 0.8610, -1.397
76.40, 0.8600, -2.653
76.41, 0.8590, -2.375
76.42, 0.8580, -2.098
76.43, 0.8570, -2.034
76.44, 0.8560, -2.306
76.45, 0.8550, -3.104
76.46, 0.8540, 0.1504
76.47, 0.8530, -2.667
76.48, 0.8520, -1.126
76.49, 0.8510, -0.4666
76.50, 0.8500, -0.7505
76.51, 0.8490, -1.861
76.52, 0.8480, -4.100
76.53, 0.8470, -2.104
76.54, 0.8460, -3.031
76.55, 0.8450, -0.8834
76.56, 0.8440, -2.792
76.57, 0.8430, -2.806
76.58, 0.8420, -0.6492
76.59, 0.8410, 1.051
76.60, 0.8400, -0.7629
76.61, 0.8390, 1.357
76.62, 0.8380, -0.5678
76.63, 0.8370, -0.1627
76.64, 0.8360, -1.987
76.65, 0.8350, -1.326
76.66, 0.8340, -1.665
76.67, 0.8330, -0.6459
76.68, 0.8320, -1.912
76.69, 0.8310, -0.3601
76.70, 0.8300, -2.416
76.71, 0.8290, -2.173
76.72, 0.8280, -0.7071
76.73, 0.8270, -3.235
76.74, 0.8260, -1.229
76.75, 0.8250, -2.183
76.76, 0.8240, -2.338
76.77, 0.8230, -2.084
76.78, 0.8220, -3.749
76.79, 0.8210, -2.563
76.80, 0.8200, -1.075
76.81, 0.8190, -1.046
76.82, 0.8180, -1.119
76.83, 0.8170, -3.646
76.84, 0.8160, -1.245
76.85, 0.8150, -0.9335
76.86, 0.8140, -1.891
76.87, 0.8130, -3.562
76.88, 0.8120, -3.814
76.89, 0.8110, -3.907
76.90, 0.8100, -3.781
76.91, 0.8090, -2.688
76.92, 0.8080, -1.911
76.93, 0.8070, -2.275
76.94, 0.8060, -3.936
76.95, 0.8050, -0.5756
76.96, 0.8040, -0.8168
76.97, 0.8030, -0.7183
76.98, 0.8020, -2.608
76.99, 0.8010, -2.971
77.00, 0.8000, -3.017
77.01, 0.7990, -2.964
77.02, 0.7980, -3.013
77.03, 0.7970, -3.628
77.04, 0.7960, -1.608
77.05, 0.7950, -1.079
77.06, 0.7940, -1.210
77.07, 0.7930, -2.619
77.08, 0.7920, -1.936
77.09, 0.7910, 0.4167
77.10, 0.7900, -2.735
77.11, 0.7890, -2.449
77.12, 0.7880, -3.133
77.13, 0.7870, -1.540
77.14, 0.7860, -3.025
77.15, 0.7850, -1.841
77.16, 0.7840, -3.731
77.17, 0.7830, -2.997
77.18, 0.7820, -3.509
77.19, 0.7810, -0.3706
77.20, 0.7800, -1.746
77.21, 0.7790, -2.816
77.22, 0.7780, -3.906
77.23, 0.7770, -1.888
77.24, 0.7760, -5.498
77.25, 0.7750, -4.680
77.26, 0.7740, -4.822
77.27, 0.7730, -4.090
77.28, 0.7720, -4.563
77.29, 0.7710, -3.362
77.30, 0.7700, -4.812
77.31, 0.7690, -3.830
77.32, 0.7680, -2.834
77.33, 0.7670, -3.619
77.34, 0.7660, -1.242
77.35, 0.7650, -4.124
77.36, 0.7640, -1.388
77.37, 0.7630, -3.145
77.38, 0.7620, -2.584
77.39, 0.7610, -4.271
77.40, 0.7600, -4.521
77.41, 0.7590, -5.220
77.42, 0.7580, -3.675
77.43, 0.7570, -2.746
77.44, 0.7560, -4.841
77.45, 0.7550, -3.015
77.46, 0.7540, -4.155
77.47, 0.7530, -3.863
77.48, 0.7520, -1.519
77.49, 0.7510, 0.1265
77.50, 0.7500, -2.032
77.51, 0.7490, -0.9175
77.52, 0.7480, -1.460
77.53, 0.7470, -0.8352
77.54, 0.7460, -2.257
77.55, 0.7450, -1.936
77.56, 0.7440, -4.051
77.57, 0.7430, -2.185
77.58, 0.7420, -3.742
77.59, 0.7410, -2.155
77.60, 0.7400, -4.229
77.61, 0.7390, -4.147
77.62, 0.7380, -4.277
77.63, 0.7370, -4.230
77.64, 0.7360, -2.785
77.65, 0.7350, -4.157
77.66, 0.7340, -2.984
77.67, 0.7330, 0.3397
77.68, 0.7320, -4.182
77.69, 0.7310, -2.446
77.70, 0.7300, -2.313
77.71, 0.7290, -4.613
77.72, 0.7280, -3.285
77.73, 0.7270, -4.257
77.74, 0.7260, -6.835
77.75, 0.7250, -4.618
77.76, 0.7240, -6.771
77.77, 0.7230, -4.285
77.78, 0.7220, -4.766
77.79, 0.7210, -5.900
77.80, 0.7200, -4.971
77.81, 0.7190, -3.814
77.82, 0.7180, -1.718
77.83, 0.7170, -3.464
77.84, 0.7160, -0.4759
77.85, 0.7150, -3.408
77.86, 0.7140, -3.479
77.87, 0.7130, -4.044
77.88, 0.7120, -3.470
77.89, 0.7110, -4.228
77.90, 0.7100, -3.819
77.91, 0.7090, -3.271
77.92, 0.7080, -3.189
77.93, 0.7070, -3.890
77.94, 0.7060, -3.700
77.95, 0.7050, -2.696
77.96, 0.7040, -2.730
77.97, 0.7030, -2.233
77.98, 0.7020, -3.565
77.99, 0.7010, -1.758
78.00, 0.7000, -6.320
78.01, 0.6990, -4.178
78.02, 0.6980, -3.796
78.03, 0.6970, -5.122
78.04, 0.6960, -4.815
78.05, 0.6950, -3.678
78.06, 0.6940, -5.109
78.07, 0.6930, -5.190
78.08, 0.6920, -4.484
78.09, 0.6910, -4.487
78.10, 0.6900, -3.363
78.11, 0.6890, -4.408
78.12, 0.6880, -1.723
78.13, 0.6870, -5.005
78.14, 0.6860, -6.584
78.15, 0.6850, -4.753
78.16, 0.6840, -7.447
78.17, 0.6830, -6.315
78.18, 0.6820, -5.923
78.19, 0.6810, -5.603
78.20, 0.6800, -5.105
78.21, 0.6790, -5.621
78.22, 0.6780, -2.131
78.23, 0.6770, -6.253
78.24, 0.6760, -3.204
78.25, 0.6750, -4.124
78.26, 0.6740, -4.456
78.27, 0.6730, -5.556
78.28, 0.6720, -4.682
78.29, 0.6710, -2.898
78.30, 0.6700, -4.914
78.31, 0.6690, -4.951
78.32, 0.6680, -5.018
78.33, 0.6670, -3.198
78.34, 0.6660, -2.341
78.35, 0.6650, -2.698
78.36, 0.6640, -3.315
78.37, 0.6630, -6.192
78.38, 0.6620, -4.540
78.39, 0.6610, -5.030
78.40, 0.6600, -6.061
78.41, 0.6590, -4.930
78.42, 0.6580, -3.308
78.43, 0.6570, -5.776
78.44, 0.6560, -4.647
78.45, 0.6550, -5.774
78.46, 0.6540, -4.391
78.47, 0.6530, -2.460
78.48, 0.6520, -4.394
78.49, 0.6510, -4.523
78.50, 0.6500, -3.949
78.51, 0.6490, -3.432
78.52, 0.6480, -5.081
78.53, 0.6470, -6.375
78.54, 0.6460, -6.197
78.55, 0.6450, -6.609
78.56, 0.6440, -6.961
78.57, 0.6430, -5.565
78.58, 0.6420, -5.092
78.59, 0.6410, -5.259
78.60, 0.6400, -4.620
78.61, 0.6390, -5.254
78.62, 0.6380, -4.880
78.63, 0.6370, -3.995
78.64, 0.6360, -5.724
78.65, 0.6350, -5.614
78.66, 0.6340, -5.170
78.67, 0.6330, -4.993
78.68, 0.6320, -4.753
78.69, 0.6310, -5.796
78.70, 0.6300, -6.448
78.71, 0.6290, -6.144
78.72, 0.6280, -6.428
78.73, 0.6270, -5.054
78.74, 0.6260, -3.861
78.75, 0.6250, -3.971
78.76, 0.6240, -5.009
78.77, 0.6230, -4.588
78.78, 0.6220, -3.353
78.79, 0.6210, -4.193
78.80, 0.6200, -3.822
78.81, 0.6190, -5.545
78.82, 0.6180, -5.323
78.83, 0.6170, -7.036
78.84, 0.6160, -5.603
78.85, 0.6150, -5.761
78.86, 0.6140, -6.264
78.87, 0.6130, -5.206
78.88, 0.6120, -5.272
78.89, 0.6110, -5.694
78.90, 0.6100, -3.787
78.91, 0.6090, -5.051
78.92, 0.6080, -3.900
78.93, 0.6070, -3.997
78.94, 0.6060, -5.314
78.95, 0.6050, -6.350
78.96, 0.6040, -7.342
78.97, 0.6030, -7.985
78.98, 0.6020, -5.618
78.99, 0.6010, -6.387
79.00, 0.6000, -6.632
79.01, 0.5990, -6.413
79.02, 0.5980, -5.368
79.03, 0.5970, -6.825
79.04, 0.5960, -7.308
79.05, 0.5950, -5.551
79.06, 0.5940, -5.289
79.07, 0.5930, -4.129
79.08, 0.5920, -3.935
79.09, 0.5910, -5.833
79.10, 0.5900, -7.365
79.11, 0.5890, -6.277
79.12, 0.5880, -5.821
79.13, 0.5870, -6.498
79.14, 0.5860, -6.767
79.15, 0.5850, -4.971
79.16, 0.5840, -4.021
79.17, 0.5830, -6.659
79.18, 0.5820, -4.961
79.19, 0.5810, -4.930
79.20, 0.5800, -4.549
79.21, 0.5790, -7.151
79.22, 0.5780, -5.491
79.23, 0.5770, -6.514
79.24, 0.5760, -5.557
79.25, 0.5750, -6.254
79.26, 0.5740, -5.441
79.27, 0.5730, -6.064
79.28, 0.5720, -4.925
79.29, 0.5710, -5.607
79.30, 0.5700, -5.612
79.31, 0.5690, -5.076
79.32, 0.5680, -4.808
79.33, 0.5670, -6.378
79.34, 0.5660, -5.365
79.35, 0.5650, -7.471
79.36, 0.5640, -6.480
79.37, 0.5630, -5.732
79.38, 0.5620, -6.431
79.39, 0.5610, -7.551
79.40, 0.5600, -7.718
79.41, 0.5590, -6.409
79.42, 0.5580, -6.536
79.43, 0.5570, -6.686
79.44, 0.5560, -4.378
79.45, 0.5550, -7.173
79.46, 0.5540, -7.058
79.47, 0.5530, -6.766
79.48, 0.5520, -8.381
79.49, 0.5510, -6.855
79.50, 0.5500, -6.290
79.51, 0.5490, -6.319
79.52, 0.5480, -4.706
79.53, 0.5470, -5.600
79.54, 0.5460, -7.003
79.55, 0.5450, -3.919
79.56, 0.5440, -7.218
79.57, 0.5430, -4.799
79.58, 0.5420, -5.465
79.59, 0.5410, -4.097
79.60, 0.5400, -5.759
79.61, 0.5390, -7.140
79.62, 0.5380, -6.256
79.63, 0.5370, -7.418
79.64, 0.5360, -7.947
79.65, 0.5350, -7.725
79.66, 0.5340, -5.733
79.67, 0.5330, -5.942
79.68, 0.5320, -5.970
79.69, 0.5310, -6.473
79.70, 0.5300, -5.825
79.71, 0.5290, -5.545
79.72, 0.5280, -3.793
79.73, 0.5270, -7.109
79.74, 0.5260, -5.675
79.75, 0.5250, -6.948
79.76, 0.5240, -6.405
79.77, 0.5230, -6.789
79.78, 0.5220, -6.790
79.79, 0.5210, -6.172
79.80, 0.5200, -7.119
79.81, 0.5190, -6.697
79.82, 0.5180, -8.185
79.83, 0.5170, -6.914
79.84, 0.5160, -7.915
79.85, 0.5150, -7.710
79.86, 0.5140, -6.616
79.87, 0.5130, -7.273
79.88, 0.5120, -5.725
79.89, 0.5110, -6.842
79.90, 0.5100, -6.500
79.91, 0.5090, -4.710
79.92, 0.5080, -6.931
79.93, 0.5070, -8.610
79.94, 0.5060, -6.799
79.95, 0.5050, -7.428
79.96, 0.5040, -7.113
79.97, 0.5030, -7.240
79.98, 0.5020, -7.951
79.99, 0.5010, -5.746
80.00, 0.5000, -6.161
80.01, 0.4990, -6.134
80.02, 0.4980, -7.395
80.03, 0.4970, -6.131
80.04, 0.4960, -6.460
80.05, 0.4950, -6.934
80.06, 0.4940, -7.920
80.07, 0.4930, -7.464
80.08, 0.4920, -7.892
80.09, 0.4910, -6.669
80.10, 0.4900, -4.904
80.11, 0.4890, -7.190
80.12, 0.4880, -8.782
80.13, 0.4870, -6.671
80.14, 0.4860, -5.700
80.15, 0.4850, -5.020
80.16, 0.4840, -5.125
80.17, 0.4830, -8.841
80.18, 0.4820, -7.155
80.19, 0.4810, -7.417
80.20, 0.4800, -9.026
80.21, 0.4790, -6.862
80.22, 0.4780, -8.461
80.23, 0.4770, -5.458
80.24, 0.4760, -8.369
80.25, 0.4750, -7.724
80.26, 0.4740, -8.158
80.27, 0.4730, -7.285
80.28, 0.4720, -6.695
80.29, 0.4710, -5.859
80.30, 0.4700, -7.930
80.31, 0.4690, -6.256
80.32, 0.4680, -9.118
80.33, 0.4670, -7.895
80.34, 0.4660, -8.170
80.35, 0.4650, -6.413
80.36, 0.4640, -8.080
80.37, 0.4630, -7.937
80.38, 0.4620, -8.541
80.39, 0.4610, -7.227
80.40, 0.4600, -8.341
80.41, 0.4590, -6.000
80.42, 0.4580, -6.242
80.43, 0.4570, -5.763
80.44, 0.4560, -7.342
80.45, 0.4550, -8.274
80.46, 0.4540, -8.924
80.47, 0.4530, -8.217
80.48, 0.4520, -6.859
80.49, 0.4510, -8.337
80.50, 0.4500, -6.713
80.51, 0.4490, -6.571
80.52, 0.4480, -5.963
80.53, 0.4470, -9.924
80.54, 0.4460, -7.034
80.55, 0.4450, -7.108
80.56, 0.4440, -7.053
80.57, 0.4430, -8.256
80.58, 0.4420, -7.305
80.59, 0.4410, -8.626
80.60, 0.4400, -9.641
80.61, 0.4390, -9.044
80.62, 0.4380, -9.731
80.63, 0.4370, -8.375
80.64, 0.4360, -8.996
80.65, 0.4350, -8.542
80.66, 0.4340, -7.148
80.67, 0.4330, -8.104
80.68, 0.4320, -8.722
80.69, 0.4310, -10.15
80.70, 0.4300, -10.25
80.71, 0.4290, -8.747
80.72, 0.4280, -9.813
80.73, 0.4270, -8.443
80.74, 0.4260, -7.339
80.75, 0.4250, -7.748
80.76, 0.4240, -8.648
80.77, 0.4230, -7.707
80.78, 0.4220, -6.349
80.79, 0.4210, -7.154
80.80, 0.4200, -6.759
80.81, 0.4190, -10.04
80.82, 0.4180, -9.115
80.83, 0.4170, -8.348
80.84, 0.4160, -9.258
80.85, 0.4150, -8.077
80.86, 0.4140, -7.924
80.87, 0.4130, -8.960
80.88, 0.4120, -6.950
80.89, 0.4110, -9.046
80.90, 0.4100, -7.192
80.91, 0.4090, -6.590
80.92, 0.4080, -6.911
80.93, 0.4070, -7.788
80.94, 0.4060, -8.550
80.95, 0.4050, -10.69
80.96, 0.4040, -8.065
80.97, 0.4030, -6.103
80.98, 0.4020, -9.129
80.99, 0.4010, -8.223
81.00, 0.4000, -7.887
81.01, 0.3990, -9.273
81.02, 0.3980, -7.958
81.03, 0.3970, -7.952
81.04, 0.3960, -9.439
81.05, 0.3950, -9.244
81.06, 0.3940, -10.54
81.07, 0.3930, -10.42
81.08, 0.3920, -10.18
81.09, 0.3910, -7.685
81.10, 0.3900, -8.232
81.11, 0.3890, -7.476
81.12, 0.3880, -9.348
81.13, 0.3870, -8.952
81.14, 0.3860, -11.40
81.15, 0.3850, -10.18
81.16, 0.3840, -9.515
81.17, 0.3830, -10.16
81.18, 0.3820, -8.043
81.19, 0.3810, -8.383
81.20, 0.3800, -8.795
81.21, 0.3790, -9.309
81.22, 0.3780, -9.412
81.23, 0.3770, -8.965
81.24, 0.3760, -9.204
81.25, 0.3750, -8.396
81.26, 0.3740, -8.453
81.27, 0.3730, -8.165
81.28, 0.3720, -7.838
81.29, 0.3710, -7.795
81.30, 0.3700, -8.112
81.31, 0.3690, -9.101
81.32, 0.3680, -10.65
81.33, 0.3670, -9.806
81.34, 0.3660, -8.933
81.35, 0.3650, -8.941
81.36, 0.3640, -8.567
81.37, 0.3630, -8.243
81.38, 0.3620, -6.686
81.39, 0.3610, -8.197
81.40, 0.3600, -7.745
81.41, 0.3590, -8.584
81.42, 0.3580, -10.40
81.43, 0.3570, -10.06
81.44, 0.3560, -7.863
81.45, 0.3550, -9.193
81.46, 0.3540, -10.92
81.47, 0.3530, -7.074
81.48, 0.3520, -8.634
81.49, 0.3510, -9.891
81.50, 0.3500, -11.58
81.51, 0.3490, -9.770
81.52, 0.3480, -8.780
81.53, 0.3470, -9.714
81.54, 0.3460, -10.37
81.55, 0.3450, -9.010
81.56, 0.3440, -7.699
81.57, 0.3430, -10.37
81.58, 0.3420, -10.43
81.59, 0.3410, -9.959
81.60, 0.3400, -10.17
81.61, 0.3390, -8.848
81.62, 0.3380, -9.455
81.63, 0.3370, -7.886
81.64, 0.3360, -9.291
81.65, 0.3350, -10.95
81.66, 0.3340, -11.81
81.67, 0.3330, -10.93
81.68, 0.3320, -10.89
81.69, 0.3310, -10.41
81.70, 0.3300, -9.101
81.71, 0.3290, -9.064
81.72, 0.3280, -7.255
81.73, 0.3270, -8.341
81.74, 0.3260, -7.920
81.75, 0.3250, -10.65
81.76, 0.3240, -9.436
81.77, 0.3230, -11.35
81.78, 0.3220, -10.48
81.79, 0.3210, -9.912
81.80, 0.3200, -9.180
81.81, 0.3190, -10.63
81.82, 0.3180, -7.991
81.83, 0.3170, -7.627
81.84, 0.3160, -7.013
81.85, 0.3150, -10.90
81.86, 0.3140, -10.36
81.87, 0.3130, -11.02
81.88, 0.3120, -10.57
81.89, 0.3110, -10.58
81.90, 0.3100, -10.90
81.91, 0.3090, -11.25
81.92, 0.3080, -9.837
81.93, 0.3070, -8.778
81.94, 0.3060, -10.22
81.95, 0.3050, -11.62
81.96, 0.3040, -11.59
81.97, 0.3030, -9.976
81.98, 0.3020, -11.47
81.99, 0.3010, -10.29
82.00, 0.3000, -9.024
82.01, 0.2990, -10.79
82.02, 0.2980, -10.53
82.03, 0.2970, -8.711
82.04, 0.2960, -9.559
82.05, 0.2950, -10.04
82.06, 0.2940, -11.80
82.07, 0.2930, -11.79
82.08, 0.2920, -11.04
82.09, 0.2910, -10.25
82.10, 0.2900, -10.68
82.11, 0.2890, -9.324
82.12, 0.2880, -10.44
82.13, 0.2870, -9.961
82.14, 0.2860, -9.179
82.15, 0.2850, -8.791
82.16, 0.2840, -10.54
82.17, 0.2830, -10.48
82.18, 0.2820, -9.854
82.19, 0.2810, -9.709
82.20, 0.2800, -9.523
82.21, 0.2790, -10.65
82.22, 0.2780, -9.564
82.23, 0.2770, -9.705
82.24, 0.2760, -10.44
82.25, 0.2750, -10.80
82.26, 0.2740, -10.37
82.27, 0.2730, -11.11
82.28, 0.2720, -11.54
82.29, 0.2710, -11.11
82.30, 0.2700, -11.48
82.31, 0.2690, -11.25
82.32, 0.2680, -11.81
82.33, 0.2670, -11.94
82.34, 0.2660, -10.51
82.35, 0.2650, -10.23
82.36, 0.2640, -12.15
82.37, 0.2630, -12.51
82.38, 0.2620, -12.46
82.39, 0.2610, -11.25
82.40, 0.2600, -11.04
82.41, 0.2590, -11.75
82.42, 0.2580, -11.41
82.43, 0.2570, -9.270
82.44, 0.2560, -12.53
82.45, 0.2550, -11.44
82.46, 0.2540, -12.01
82.47, 0.2530, -11.65
82.48, 0.2520, -11.84
82.49, 0.2510, -11.26
82.50, 0.2500, -10.64
82.51, 0.2490, -11.22
82.52, 0.2480, -9.988
82.53, 0.2470, -10.85
82.54, 0.2460, -10.74
82.55, 0.2450, -9.073
82.56, 0.2440, -10.55
82.57, 0.2430, -11.14
82.58, 0.2420, -10.54
82.59, 0.2410, -11.59
82.60, 0.2400, -10.96
82.61, 0.2390, -10.75
82.62, 0.2380, -10.68
82.63, 0.2370, -10.48
82.64, 0.2360, -9.688
82.65, 0.2350, -9.839
82.66, 0.2340, -10.68
82.67, 0.2330, -11.10
82.68, 0.2320, -10.36
82.69, 0.2310, -12.64
82.70, 0.2300, -11.73
82.71, 0.2290, -11.93
82.72, 0.2280, -11.93
82.73, 0.2270, -12.16
82.74, 0.2260, -12.48
82.75, 0.2250, -11.27
82.76, 0.2240, -13.05
82.77, 0.2230, -12.01
82.78, 0.2220, -12.66
82.79, 0.2210, -12.88
82.80, 0.2200, -12.46
82.81, 0.2190, -12.03
82.82, 0.2180, -11.56
82.83, 0.2170, -10.73
82.84, 0.2160, -12.71
82.85, 0.2150, -10.96
82.86, 0.2140, -9.899
82.87, 0.2130, -11.95
82.88, 0.2120, -11.33
82.89, 0.2110, -13.64
82.90, 0.2100, -11.51
82.91, 0.2090, -12.83
82.92, 0.2080, -12.45
82.93, 0.2070, -11.94
82.94, 0.2060, -12.25
82.95, 0.2050, -12.06
82.96, 0.2040, -10.73
82.97, 0.2030, -11.59
82.98, 0.2020, -10.63
82.99, 0.2010, -11.22
83.00, 0.2000, -13.51
83.01, 0.1990, -12.71
83.02, 0.1980, -11.08
83.03, 0.1970, -14.13
83.04, 0.1960, -11.79
83.05, 0.1950, -11.74
83.06, 0.1940, -12.06
83.07, 0.1930, -10.39
83.08, 0.1920, -11.22
83.09, 0.1910, -11.27
83.10, 0.1900, -12.42
83.11, 0.1890, -12.52
83.12, 0.1880, -13.38
83.13, 0.1870, -12.58
83.14, 0.1860, -11.49
83.15, 0.1850, -11.75
83.16, 0.1840, -11.94
83.17, 0.1830, -11.83
83.18, 0.1820, -10.81
83.19, 0.1810, -13.37
83.20, 0.1800, -14.67
83.21, 0.1790, -13.11
83.22, 0.1780, -13.26
83.23, 0.1770, -13.63
83.24, 0.1760, -12.47
83.25, 0.1750, -12.61
83.26, 0.1740, -11.24
83.27, 0.1730, -14.34
83.28, 0.1720, -12.48
83.29, 0.1710, -15.46
83.30, 0.1700, -13.25
83.31, 0.1690, -12.22
83.32, 0.1680, -12.11
83.33, 0.1670, -14.09
83.34, 0.1660, -11.77
83.35, 0.1650, -11.70
83.36, 0.1640, -10.85
83.37, 0.1630, -14.30
83.38, 0.1620, -12.14
83.39, 0.1610, -13.92
83.40, 0.1600, -11.05
83.41, 0.1590, -13.79
83.42, 0.1580, -12.99
83.43, 0.1570, -11.98
83.44, 0.1560, -11.26
83.45, 0.1550, -10.91
83.46, 0.1540, -12.08
83.47, 0.1530, -13.32
83.48, 0.1520, -13.62
83.49, 0.1510, -12.38
83.50, 0.1500, -12.86
83.51, 0.1490, -11.97
83.52, 0.1480, -13.05
83.53, 0.1470, -12.80
83.54, 0.1460, -10.99
83.55, 0.1450, -12.56
83.56, 0.1440, -12.15
83.57, 0.1430, -14.94
83.58, 0.1420, -13.58
83.59, 0.1410, -14.16
83.60, 0.1400, -13.62
83.61, 0.1390, -14.99
83.62, 0.1380, -13.13
83.63, 0.1370, -13.80
83.64, 0.1360, -13.24
83.65, 0.1350, -15.52
83.66, 0.1340, -14.18
83.67, 0.1330, -14.83
83.68, 0.1320, -15.94
83.69, 0.1310, -13.06
83.70, 0.1300, -12.67
83.71, 0.1290, -13.44
83.72, 0.1280, -12.65
83.73, 0.1270, -13.90
83.74, 0.1260, -12.07
83.75, 0.1250, -14.82
83.76, 0.1240, -14.77
83.77, 0.1230, -14.83
83.78, 0.1220, -13.31
83.79, 0.1210, -13.28
83.80, 0.1200, -12.47
83.81, 0.1190, -12.32
83.82, 0.1180, -12.34
83.83, 0.1170, -14.07
83.84, 0.1160, -13.50
83.85, 0.1150, -15.72
83.86, 0.1140, -13.80
83.87, 0.1130, -13.60
83.88, 0.1120, -12.25
83.89, 0.1110, -12.56
83.90, 0.1100, -13.59
83.91, 0.1090, -11.64
83.92, 0.1080, -12.29
83.93, 0.1070, -12.57
83.94, 0.1060, -15.00
83.95, 0.1050, -15.44
83.96, 0.1040, -13.21
83.97, 0.1030, -12.79
83.98, 0.1020, -14.22
83.99, 0.1010, -14.16
84.00, 0.1000, -12.42
84.01, 0.09900, -13.83
84.02, 0.09800, -14.72
84.03, 0.09700, -17.57
84.04, 0.09600, -14.56
84.05, 0.09500, -14.91
84.06, 0.09400, -13.87
84.07, 0.09300, -14.34
84.08, 0.09200, -15.45
84.09, 0.09100, -13.25
84.10, 0.09000, -13.12
84.11, 0.08900, -13.62
84.12, 0.08800, -13.67
84.13, 0.08700, -15.01
84.14, 0.08600, -14.37
84.15, 0.08500, -14.82
84.16, 0.08400, -15.56
84.17, 0.08300, -15.46
84.18, 0.08200, -15.02
84.19, 0.08100, -15.29
84.20, 0.08000, -13.33
84.21, 0.07900, -13.08
84.22, 0.07800, -13.71
84.23, 0.07700, -14.88
84.24, 0.07600, -14.46
84.25, 0.07500, -16.17
84.26, 0.07400, -14.12
84.27, 0.07300, -14.91
84.28, 0.07200, -14.30
84.29, 0.07100, -14.51
84.30, 0.07000, -13.04
84.31, 0.06900, -14.64
84.32, 0.06800, -14.05
84.33, 0.06700, -15.00
84.34, 0.06600, -13.85
84.35, 0.06500, -15.99
84.36, 0.06400, -15.00
84.37, 0.06300, -13.24
84.38, 0.06200, -14.05
84.39, 0.06100, -14.08
84.40, 0.06000, -13.60
84.41, 0.05900, -14.77
84.42, 0.05800, -16.21
84.43, 0.05700, -17.04
84.44, 0.05600, -14.12
84.45, 0.05500, -15.24
84.46, 0.05400, -14.43
84.47, 0.05300, -15.40
84.48, 0.05200, -14.11
84.49, 0.05100, -16.55
84.50, 0.05000, -15.22
84.51, 0.04900, -16.84
84.52, 0.04800, -14.83
84.53, 0.04700, -16.26
84.54, 0.04600, -15.10
84.55, 0.04500, -16.67
84.56, 0.04400, -15.01
84.57, 0.04300, -14.77
84.58, 0.04200, -15.70
84.59, 0.04100, -15.25
84.60, 0.04000, -15.48
84.61, 0.03900, -15.73
84.62, 0.03800, -15.01
84.63, 0.03700, -15.15
84.64, 0.03600, -14.87
84.65, 0.03500, -15.27
84.66, 0.03400, -14.95
84.67, 0.03300, -13.91
84.68, 0.03200, -14.96
84.69, 0.03100, -12.98
84.70, 0.03000, -14.24
84.71, 0.02900, -15.39
84.72, 0.02800, -15.55
84.73, 0.02700, -16.25
84.74, 0.02600, -15.48
84.75, 0.02500, -16.09
84.76, 0.02400, -15.19
84.77, 0.02300, -15.05
84.78, 0.02200, -14.62
84.79, 0.02100, -13.80
84.80, 0.02000, -13.59
84.81, 0.01900, -17.52
84.82, 0.01800, -16.41
84.83, 0.01700, -16.95
84.84, 0.01600, -15.89
84.85, 0.01500, -16.10
84.86, 0.01400, -16.98
84.87, 0.01300, -15.17
84.88, 0.01200, -16.03
84.89, 0.01100, -16.09
84.90, 0.01000, -15.75
84.91, 0.009000, -17.40
84.92, 0.008000, -16.66
84.93, 0.007000, -17.21
84.94, 0.006000, -16.93
84.95, 0.005000, -14.99
84.96, 0.004000, -15.75
84.97, 0.003000, -17.31
84.98, 0.002000, -14.44
84.99, 0.001000, -15.59
85.00, 0.000, -12.57
