0.01000, -0.8000, -19.49
0.02000, -0.8000, -15.81
0.03000, -0.8000, -13.66
0.04000, -0.8000, -13.42
0.05000, -0.8000, -9.688
0.06000, -0.8000, -10.86
0.07000, -0.8000, -10.49
0.08000, -0.8000, -10.98
0.09000, -0.8000, -10.76
0.1000, -0.8000, -10.87
0.1100, -0.8000, -13.39
0.1200, -0.8000, -8.975
0.1300, -0.8000, -10.28
0.1400, -0.8000, -9.556
0.1500, -0.8000, -9.278
0.1600, -0.8000, -9.450
0.1700, -0.8000, -9.736
0.1800, -0.8000, -9.962
0.1900, -0.8000, -8.403
0.2000, -0.8000, -6.207
0.2100, -0.8000, -5.195
0.2200, -0.8000, -6.668
0.2300, -0.8000, -8.945
0.2400, -0.8000, -7.605
0.2500, -0.8000, -12.08
0.2600, -0.8000, -9.808
0.2700, -0.8000, -9.453
0.2800, -0.8000, -12.99
0.2900, -0.8000, -6.578
0.3000, -0.8000, -8.177
0.3100, -0.8000, -9.610
0.3200, -0.8000, -8.250
0.3300, -0.8000, -11.91
0.3400, -0.8000, -9.350
0.3500, -0.8000, -8.960
0.3600, -0.8000, -9.066
0.3700, -0.8000, -7.060
0.3800, -0.8000, -7.034
0.3900, -0.8000, -7.594
0.4000, -0.8000, -8.567
0.4100, -0.8000, -8.020
0.4200, -0.8000, -8.522
0.4300, -0.8000, -8.545
0.4400, -0.8000, -8.455
0.4500, -0.8000, -8.611
0.4600, -0.8000, -13.09
0.4700, -0.8000, -3.987
0.4800, -0.8000, -9.771
0.4900, -0.8000, -9.619
0.5000, -0.8000, -8.584
0.5100, -0.8000, -8.518
0.5200, -0.8000, -7.882
0.5300, -0.8000, -13.21
0.5400, -0.8000, -6.020
0.5500, -0.8000, -8.424
0.5600, -0.8000, -8.837
0.5700, -0.8000, -8.137
0.5800, -0.8000, -8.456
0.5900, -0.8000, -7.997
0.6000, -0.8000, -6.914
0.6100, -0.8000, -8.206
0.6200, -0.8000, -5.097
0.6300, -0.8000, -8.342
0.6400, -0.8000, -5.505
0.6500, -0.8000, -11.36
0.6600, -0.8000, -8.169
0.6700, -0.8000, -7.737
0.6800, -0.8000, -7.982
0.6900, -0.8000, -8.043
0.7000, -0.8000, -5.088
0.7100, -0.8000, -7.308
0.7200, -0.8000, -8.550
0.7300, -0.8000, -8.341
0.7400, -0.8000, -7.812
0.7500, -0.8000, -8.871
0.7600, -0.8000, -7.254
0.7700, -0.8000, -5.671
0.7800, -0.8000, -8.264
0.7900, -0.8000, -7.407
0.8000, -0.8000, -7.770
0.8100, -0.8000, -7.484
0.8200, -0.8000, -7.437
0.8300, -0.8000, -7.917
0.8400, -0.8000, -9.155
0.8500, -0.8000, -7.742
0.8600, -0.8000, -7.577
0.8700, -0.8000, -8.432
0.8800, -0.8000, -7.476
0.8900, -0.8000, -8.211
0.9000, -0.8000, -7.214
0.9100, -0.8000, -5.821
0.9200, -0.8000, -8.259
0.9300, -0.8000, -7.624
0.9400, -0.8000, -7.686
0.9500, -0.8000, -7.367
0.9600, -0.8000, -8.032
0.9700, -0.8000, -7.714
0.9800, -0.8000, -7.695
0.9900, -0.8000, -7.815
1.000, -0.8000, -7.915
1.010, -0.8000, -8.568
1.020, -0.8000, -6.558
1.030, -0.8000, -6.241
1.040, -0.8000, -5.670
1.050, -0.8000, -6.902
1.060, -0.8000, -9.963
1.070, -0.8000, -5.685
1.080, -0.8000, -9.558
1.090, -0.8000, -7.625
1.100, -0.8000, -8.364
1.110, -0.8000, -7.267
1.120, -0.8000, -8.788
1.130, -0.8000, -6.506
1.140, -0.8000, -5.781
1.150, -0.8000, -6.692
1.160, -0.8000, -7.108
1.170, -0.8000, -7.776
1.180, -0.8000, -6.954
1.190, -0.8000, -6.963
1.200, -0.8000, -7.182
1.210, -0.8000, -8.587
1.220, -0.8000, -7.044
1.230, -0.8000, -7.362
1.240, -0.8000, -7.505
1.250, -0.8000, -7.980
1.260, -0.8000, -8.114
1.270, -0.8000, -9.368
1.280, -0.8000, -6.454
1.290, -0.8000, -3.762
1.300, -0.8000, -6.997
1.310, -0.8000, -7.284
1.320, -0.8000, -7.813
1.330, -0.8000, -7.715
1.340, -0.8000, -7.539
1.350, -0.8000, -6.837
1.360, -0.8000, -7.083
1.370, -0.8000, -9.501
1.380, -0.8000, -8.826
1.390, -0.8000, -7.968
1.400, -0.8000, -11.29
1.410, -0.8000, -8.461
1.420, -0.8000, -7.227
1.430, -0.8000, -7.450
1.440, -0.8000, -8.758
1.450, -0.8000, -8.074
1.460, -0.8000, -7.451
1.470, -0.8000, -7.734
1.480, -0.8000, -8.060
1.490, -0.8000, -8.293
1.500, -0.8000, -8.602
1.510, -0.8000, -7.537
1.520, -0.8000, -7.247
1.530, -0.8000, -6.725
1.540, -0.8000, -7.398
1.550, -0.8000, -6.628
1.560, -0.8000, -7.356
1.570, -0.8000, -7.977
1.580, -0.8000, -7.242
1.590, -0.8000, -6.956
1.600, -0.8000, -5.535
1.610, -0.8000, -6.444
1.620, -0.8000, -7.812
1.630, -0.8000, -8.210
1.640, -0.8000, -7.456
1.650, -0.8000, -8.205
1.660, -0.8000, -8.562
1.670, -0.8000, -9.027
1.680, -0.8000, -7.235
1.690, -0.8000, -7.657
1.700, -0.8000, -7.673
1.710, -0.8000, -7.403
1.720, -0.8000, -7.838
1.730, -0.8000, -7.998
1.740, -0.8000, -4.207
1.750, -0.8000, -3.855
1.760, -0.8000, -5.958
1.770, -0.8000, -7.509
1.780, -0.8000, -6.973
1.790, -0.8000, -10.36
1.800, -0.8000, -9.528
1.810, -0.8000, -6.675
1.820, -0.8000, -6.970
1.830, -0.8000, -7.686
1.840, -0.8000, -7.707
1.850, -0.8000, -8.111
1.860, -0.8000, -12.79
1.870, -0.8000, -6.831
1.880, -0.8000, -7.469
1.890, -0.8000, -7.137
1.900, -0.8000, -7.796
1.910, -0.8000, -8.054
1.920, -0.8000, -7.281
1.930, -0.8000, -7.853
1.940, -0.8000, -8.630
1.950, -0.8000, -8.954
1.960, -0.8000, -5.928
1.970, -0.8000, -6.596
1.980, -0.8000, -5.029
1.990, -0.8000, -8.387
2.000, -0.8000, -7.466
2.010, -0.8000, -7.489
2.020, -0.8000, -7.129
2.030, -0.8000, -7.824
2.040, -0.8000, -3.861
2.050, -0.8000, -11.50
2.060, -0.8000, -7.799
2.070, -0.8000, -7.965
2.080, -0.8000, -7.613
2.090, -0.8000, -8.325
2.100, -0.8000, -8.784
2.110, -0.8000, -6.267
2.120, -0.8000, -9.461
2.130, -0.8000, -7.894
2.140, -0.8000, -6.732
2.150, -0.8000, -4.936
2.160, -0.8000, -8.432
2.170, -0.8000, -7.690
2.180, -0.8000, -6.465
2.190, -0.8000, -7.955
2.200, -0.8000, -8.413
2.210, -0.8000, -5.744
2.220, -0.8000, -6.874
2.230, -0.8000, -6.748
2.240, -0.8000, -6.936
2.250, -0.8000, -6.655
2.260, -0.8000, -7.595
2.270, -0.8000, -8.198
2.280, -0.8000, -8.287
2.290, -0.8000, -7.601
2.300, -0.8000, -7.648
2.310, -0.8000, -7.450
2.320, -0.8000, -7.613
2.330, -0.8000, -12.39
2.340, -0.8000, -4.938
2.350, -0.8000, -5.805
2.360, -0.8000, -8.822
2.370, -0.8000, -7.707
2.380, -0.8000, -9.247
2.390, -0.8000, -5.964
2.400, -0.8000, -5.376
2.410, -0.8000, -6.849
2.420, -0.8000, -6.896
2.430, -0.8000, -7.667
2.440, -0.8000, -7.055
2.450, -0.8000, -7.969
2.460, -0.8000, -6.722
2.470, -0.8000, -4.127
2.480, -0.8000, -5.254
2.490, -0.8000, -7.467
2.500, -0.8000, -6.270
2.510, -0.8000, -7.711
2.520, -0.8000, -7.275
2.530, -0.8000, -9.356
2.540, -0.8000, -6.155
2.550, -0.8000, -8.508
2.560, -0.8000, -7.136
2.570, -0.8000, -7.151
2.580, -0.8000, -7.485
2.590, -0.8000, -6.970
2.600, -0.8000, -6.910
2.610, -0.8000, -7.302
2.620, -0.8000, -7.746
2.630, -0.8000, -7.679
2.640, -0.8000, -7.313
2.650, -0.8000, -7.383
2.660, -0.8000, -7.404
2.670, -0.8000, -7.609
2.680, -0.8000, -12.88
2.690, -0.8000, -9.502
2.700, -0.8000, -8.465
2.710, -0.8000, -5.261
2.720, -0.8000, -6.399
2.730, -0.8000, -5.537
2.740, -0.8000, -11.61
2.750, -0.8000, -7.378
2.760, -0.8000, -7.061
2.770, -0.8000, -7.837
2.780, -0.8000, -4.983
2.790, -0.8000, -8.033
2.800, -0.8000, -5.995
2.810, -0.8000, -7.794
2.820, -0.8000, -7.294
2.830, -0.8000, -9.138
2.840, -0.8000, -5.122
2.850, -0.8000, -8.265
2.860, -0.8000, -6.925
2.870, -0.8000, -4.219
2.880, -0.8000, -7.990
2.890, -0.8000, -7.453
2.900, -0.8000, -10.16
2.910, -0.8000, -8.140
2.920, -0.8000, -7.786
2.930, -0.8000, -7.684
2.940, -0.8000, -5.183
2.950, -0.8000, -5.199
2.960, -0.8000, -7.892
2.970, -0.8000, -6.765
2.980, -0.8000, -7.152
2.990, -0.8000, -7.153
3.000, -0.8000, -7.079
3.010, -0.8000, -7.852
3.020, -0.8000, -6.696
3.030, -0.8000, -5.925
3.040, -0.8000, -7.157
3.050, -0.8000, -6.832
3.060, -0.8000, -5.275
3.070, -0.8000, -7.946
3.080, -0.8000, -8.157
3.090, -0.8000, -7.227
3.100, -0.8000, -7.598
3.110, -0.8000, -7.697
3.120, -0.8000, -7.899
3.130, -0.8000, -8.468
3.140, -0.8000, -6.842
3.150, -0.8000, -6.871
3.160, -0.8000, -7.191
3.170, -0.8000, -5.383
3.180, -0.8000, -7.308
3.190, -0.8000, -8.426
3.200, -0.8000, -5.594
3.210, -0.8000, -7.498
3.220, -0.8000, -7.629
3.230, -0.8000, -7.545
3.240, -0.8000, -12.19
3.250, -0.8000, -6.342
3.260, -0.8000, -5.919
3.270, -0.8000, -6.468
3.280, -0.8000, -7.080
3.290, -0.8000, -8.163
3.300, -0.8000, -7.817
3.310, -0.8000, -10.10
3.320, -0.8000, -9.270
3.330, -0.8000, -10.79
3.340, -0.8000, -8.373
3.350, -0.8000, -11.07
3.360, -0.8000, -5.368
3.370, -0.8000, -7.095
3.380, -0.8000, -5.430
3.390, -0.8000, -7.303
3.400, -0.8000, -6.351
3.410, -0.8000, -7.300
3.420, -0.8000, -8.492
3.430, -0.8000, -14.56
3.440, -0.8000, -8.147
3.450, -0.8000, -7.522
3.460, -0.8000, -7.195
3.470, -0.8000, -8.926
3.480, -0.8000, -6.829
3.490, -0.8000, -7.919
3.500, -0.8000, -8.223
3.510, -0.8000, -8.109
3.520, -0.8000, -5.746
3.530, -0.8000, -5.954
3.540, -0.8000, -6.751
3.550, -0.8000, -8.472
3.560, -0.8000, -6.843
3.570, -0.8000, -7.112
3.580, -0.8000, -8.312
3.590, -0.8000, -10.27
3.600, -0.8000, -6.716
3.610, -0.8000, -7.303
3.620, -0.8000, -6.551
3.630, -0.8000, -6.347
3.640, -0.8000, -7.183
3.650, -0.8000, -9.448
3.660, -0.8000, -5.047
3.670, -0.8000, -6.447
3.680, -0.8000, -7.743
3.690, -0.8000, -7.977
3.700, -0.8000, -7.595
3.710, -0.8000, -7.936
3.720, -0.8000, -8.048
3.730, -0.8000, -14.85
3.740, -0.8000, -6.083
3.750, -0.8000, -7.584
3.760, -0.8000, -6.132
3.770, -0.8000, -5.879
3.780, -0.8000, -6.746
3.790, -0.8000, -9.656
3.800, -0.8000, -6.314
3.810, -0.8000, -8.195
3.820, -0.8000, -8.415
3.830, -0.8000, -5.498
3.840, -0.8000, -9.362
3.850, -0.8000, -8.234
3.860, -0.8000, -7.512
3.870, -0.8000, -7.910
3.880, -0.8000, -7.179
3.890, -0.8000, -8.643
3.900, -0.8000, -7.280
3.910, -0.8000, -7.091
3.920, -0.8000, -6.468
3.930, -0.8000, -7.166
3.940, -0.8000, -5.575
3.950, -0.8000, -3.463
3.960, -0.8000, -8.981
3.970, -0.8000, -9.394
3.980, -0.8000, -3.769
3.990, -0.8000, -4.580
4.000, -0.8000, -3.929
4.010, -0.8000, -5.483
4.020, -0.8000, -8.034
4.030, -0.8000, -8.064
4.040, -0.8000, -7.822
4.050, -0.8000, -7.098
4.060, -0.8000, -7.010
4.070, -0.8000, -6.358
4.080, -0.8000, -6.938
4.090, -0.8000, -6.557
4.100, -0.8000, -6.808
4.110, -0.8000, -4.397
4.120, -0.8000, -5.047
4.130, -0.8000, -9.531
4.140, -0.8000, -5.217
4.150, -0.8000, -5.985
4.160, -0.8000, -7.962
4.170, -0.8000, -7.153
4.180, -0.8000, -6.759
4.190, -0.8000, -7.105
4.200, -0.8000, -7.696
4.210, -0.8000, -6.575
4.220, -0.8000, -7.035
4.230, -0.8000, -6.744
4.240, -0.8000, -8.382
4.250, -0.8000, -7.545
4.260, -0.8000, -7.080
4.270, -0.8000, -5.781
4.280, -0.8000, -5.897
4.290, -0.8000, -11.09
4.300, -0.8000, -7.486
4.310, -0.8000, -7.167
4.320, -0.8000, -7.311
4.330, -0.8000, -7.525
4.340, -0.8000, -9.419
4.350, -0.8000, -8.024
4.360, -0.8000, -10.03
4.370, -0.8000, -8.031
4.380, -0.8000, -7.201
4.390, -0.8000, -8.075
4.400, -0.8000, -8.417
4.410, -0.8000, -5.421
4.420, -0.8000, -6.541
4.430, -0.8000, -4.715
4.440, -0.8000, -7.676
4.450, -0.8000, -10.37
4.460, -0.8000, -6.363
4.470, -0.8000, -8.292
4.480, -0.8000, -7.326
4.490, -0.8000, -6.871
4.500, -0.8000, -6.270
4.510, -0.8000, -7.754
4.520, -0.8000, -7.998
4.530, -0.8000, -7.624
4.540, -0.8000, -5.449
4.550, -0.8000, -9.229
4.560, -0.8000, -6.897
4.570, -0.8000, -6.771
4.580, -0.8000, -5.340
4.590, -0.8000, -7.740
4.600, -0.8000, -7.886
4.610, -0.8000, -7.617
4.620, -0.8000, -7.103
4.630, -0.8000, -9.248
4.640, -0.8000, -8.957
4.650, -0.8000, -7.821
4.660, -0.8000, -7.143
4.670, -0.8000, -8.813
4.680, -0.8000, -7.789
4.690, -0.8000, -8.181
4.700, -0.8000, -6.418
4.710, -0.8000, -6.828
4.720, -0.8000, -7.351
4.730, -0.8000, -6.923
4.740, -0.8000, -7.760
4.750, -0.8000, -7.166
4.760, -0.8000, -7.755
4.770, -0.8000, -6.853
4.780, -0.8000, -7.239
4.790, -0.8000, -7.460
4.800, -0.8000, -9.360
4.810, -0.8000, -8.159
4.820, -0.8000, -4.387
4.830, -0.8000, -5.906
4.840, -0.8000, -4.435
4.850, -0.8000, -8.066
4.860, -0.8000, -7.952
4.870, -0.8000, -6.859
4.880, -0.8000, -9.552
4.890, -0.8000, -7.472
4.900, -0.8000, -7.623
4.910, -0.8000, -7.941
4.920, -0.8000, -6.931
4.930, -0.8000, -6.179
4.940, -0.8000, -10.42
4.950, -0.8000, -7.422
4.960, -0.8000, -7.381
4.970, -0.8000, -8.589
4.980, -0.8000, -5.855
4.990, -0.8000, -10.98
5.000, -0.8000, -7.728
5.010, -0.8000, -7.376
5.020, -0.8000, -6.947
5.030, -0.8000, -6.047
5.040, -0.8000, -5.900
5.050, -0.8000, -8.993
5.060, -0.8000, -9.519
5.070, -0.8000, -8.061
5.080, -0.8000, -7.583
5.090, -0.8000, -7.136
5.100, -0.8000, -7.719
5.110, -0.8000, -7.671
5.120, -0.8000, -6.760
5.130, -0.8000, -7.161
5.140, -0.8000, -7.618
5.150, -0.8000, -6.197
5.160, -0.8000, -8.860
5.170, -0.8000, -4.393
5.180, -0.8000, -5.332
5.190, -0.8000, -4.736
5.200, -0.8000, -8.871
5.210, -0.8000, -8.009
5.220, -0.8000, -7.749
5.230, -0.8000, -7.823
5.240, -0.8000, -7.133
5.250, -0.8000, -5.142
5.260, -0.8000, -7.326
5.270, -0.8000, -7.724
5.280, -0.8000, -5.327
5.290, -0.8000, -7.890
5.300, -0.8000, -7.037
5.310, -0.8000, -7.315
5.320, -0.8000, -6.812
5.330, -0.8000, -6.757
5.340, -0.8000, -7.495
5.350, -0.8000, -6.800
5.360, -0.8000, -8.920
5.370, -0.8000, -7.620
5.380, -0.8000, -7.305
5.390, -0.8000, -6.770
5.400, -0.8000, -7.673
5.410, -0.8000, -6.211
5.420, -0.8000, -8.375
5.430, -0.8000, -8.214
5.440, -0.8000, -6.967
5.450, -0.8000, -6.086
5.460, -0.8000, -10.27
5.470, -0.8000, -7.655
5.480, -0.8000, -7.981
5.490, -0.8000, -7.829
5.500, -0.8000, -6.617
5.510, -0.8000, -5.231
5.520, -0.8000, -10.24
5.530, -0.8000, -7.317
5.540, -0.8000, -8.345
5.550, -0.8000, -7.468
5.560, -0.8000, -6.610
5.570, -0.8000, -5.132
5.580, -0.8000, -3.692
5.590, -0.8000, -8.444
5.600, -0.8000, -7.150
5.610, -0.8000, -7.430
5.620, -0.8000, -6.956
5.630, -0.8000, -4.957
5.640, -0.8000, -4.483
5.650, -0.8000, -7.961
5.660, -0.8000, -7.591
5.670, -0.8000, -7.270
5.680, -0.8000, -7.555
5.690, -0.8000, -7.936
5.700, -0.8000, -8.082
5.710, -0.8000, -6.235
5.720, -0.8000, -7.659
5.730, -0.8000, -6.855
5.740, -0.8000, -7.010
5.750, -0.8000, -11.49
5.760, -0.8000, -9.380
5.770, -0.8000, -7.110
5.780, -0.8000, -7.295
5.790, -0.8000, -8.943
5.800, -0.8000, -7.412
5.810, -0.8000, -7.408
5.820, -0.8000, -7.026
5.830, -0.8000, -7.252
5.840, -0.8000, -5.985
5.850, -0.8000, -4.906
5.860, -0.8000, -4.409
5.870, -0.8000, -6.807
5.880, -0.8000, -6.003
5.890, -0.8000, -4.596
5.900, -0.8000, -10.00
5.910, -0.8000, -5.077
5.920, -0.8000, -7.217
5.930, -0.8000, -12.06
5.940, -0.8000, -10.69
5.950, -0.8000, -5.123
5.960, -0.8000, -4.889
5.970, -0.8000, -8.848
5.980, -0.8000, -6.401
5.990, -0.8000, -5.963
6.000, -0.8000, -7.707
6.010, -0.8000, -7.591
6.020, -0.8000, -8.915
6.030, -0.8000, -6.271
6.040, -0.8000, -7.094
6.050, -0.8000, -7.582
6.060, -0.8000, -7.501
6.070, -0.8000, -7.927
6.080, -0.8000, -7.737
6.090, -0.8000, -7.814
6.100, -0.8000, -8.177
6.110, -0.8000, -11.81
6.120, -0.8000, -4.573
6.130, -0.8000, -4.244
6.140, -0.8000, -7.505
6.150, -0.8000, -7.516
6.160, -0.8000, -8.447
6.170, -0.8000, -7.965
6.180, -0.8000, -9.125
6.190, -0.8000, -10.34
6.200, -0.8000, -5.136
6.210, -0.8000, -6.871
6.220, -0.8000, -5.699
6.230, -0.8000, -7.430
6.240, -0.8000, -7.402
6.250, -0.8000, -9.261
6.260, -0.8000, -5.848
6.270, -0.8000, -8.291
6.280, -0.8000, -6.569
6.290, -0.8000, -7.059
6.300, -0.8000, -7.274
6.310, -0.8000, -7.361
6.320, -0.8000, -7.029
6.330, -0.8000, -8.083
6.340, -0.8000, -7.802
6.350, -0.8000, -7.541
6.360, -0.8000, -6.816
6.370, -0.8000, -6.955
6.380, -0.8000, -7.008
6.390, -0.8000, -7.872
6.400, -0.8000, -7.820
6.410, -0.8000, -8.367
6.420, -0.8000, -4.736
6.430, -0.8000, -5.881
6.440, -0.8000, -8.166
6.450, -0.8000, -9.559
6.460, -0.8000, -7.426
6.470, -0.8000, -5.395
6.480, -0.8000, -6.536
6.490, -0.8000, -7.311
6.500, -0.8000, -6.347
6.510, -0.8000, -7.132
6.520, -0.8000, -7.445
6.530, -0.8000, -7.798
6.540, -0.8000, -7.943
6.550, -0.8000, -7.767
6.560, -0.8000, -7.932
6.570, -0.8000, -6.353
6.580, -0.8000, -8.148
6.590, -0.8000, -6.725
6.600, -0.8000, -7.371
6.610, -0.8000, -6.065
6.620, -0.8000, -7.225
6.630, -0.8000, -6.602
6.640, -0.8000, -6.238
6.650, -0.8000, -6.760
6.660, -0.8000, -7.484
6.670, -0.8000, -7.503
6.680, -0.8000, -7.341
6.690, -0.8000, -7.550
6.700, -0.8000, -7.975
6.710, -0.8000, -7.953
6.720, -0.8000, -7.965
6.730, -0.8000, -7.608
6.740, -0.8000, -7.518
6.750, -0.8000, -7.144
6.760, -0.8000, -7.301
6.770, -0.8000, -7.312
6.780, -0.8000, -7.519
6.790, -0.8000, -6.520
6.800, -0.8000, -5.115
6.810, -0.8000, -5.812
6.820, -0.8000, -5.426
6.830, -0.8000, -5.518
6.840, -0.8000, -8.045
6.850, -0.8000, -8.424
6.860, -0.8000, -8.491
6.870, -0.8000, -7.218
6.880, -0.8000, -8.494
6.890, -0.8000, -7.031
6.900, -0.8000, -6.864
6.910, -0.8000, -14.51
6.920, -0.8000, -8.119
6.930, -0.8000, -9.211
6.940, -0.8000, -11.95
6.950, -0.8000, -4.094
6.960, -0.8000, -4.596
6.970, -0.8000, -6.651
6.980, -0.8000, -8.635
6.990, -0.8000, -6.245
7.000, -0.8000, -12.93
7.010, -0.8000, -7.027
7.020, -0.8000, -7.118
7.030, -0.8000, -6.903
7.040, -0.8000, -6.469
7.050, -0.8000, -7.292
7.060, -0.8000, -5.951
7.070, -0.8000, -5.188
7.080, -0.8000, -7.566
7.090, -0.8000, -7.114
7.100, -0.8000, -12.47
7.110, -0.8000, -7.456
7.120, -0.8000, -6.317
7.130, -0.8000, -8.508
7.140, -0.8000, -5.793
7.150, -0.8000, -5.637
7.160, -0.8000, -11.07
7.170, -0.8000, -6.765
7.180, -0.8000, -9.006
7.190, -0.8000, -8.553
7.200, -0.8000, -7.661
7.210, -0.8000, -7.700
7.220, -0.8000, -7.765
7.230, -0.8000, -7.436
7.240, -0.8000, -8.079
7.250, -0.8000, -6.128
7.260, -0.8000, -7.855
7.270, -0.8000, -5.674
7.280, -0.8000, -5.848
7.290, -0.8000, -7.577
7.300, -0.8000, -7.454
7.310, -0.8000, -7.602
7.320, -0.8000, -7.037
7.330, -0.8000, -6.659
7.340, -0.8000, -5.224
7.350, -0.8000, -6.646
7.360, -0.8000, -5.821
7.370, -0.8000, -8.543
7.380, -0.8000, -5.677
7.390, -0.8000, -13.10
7.400, -0.8000, -3.509
7.410, -0.8000, -3.997
7.420, -0.8000, -8.274
7.430, -0.8000, -8.175
7.440, -0.8000, -6.940
7.450, -0.8000, -8.317
7.460, -0.8000, -8.725
7.470, -0.8000, -6.674
7.480, -0.8000, -6.188
7.490, -0.8000, -8.835
7.500, -0.8000, -4.918
7.510, -0.8000, -7.554
7.520, -0.8000, -7.573
7.530, -0.8000, -6.894
7.540, -0.8000, -6.524
7.550, -0.8000, -7.782
7.560, -0.8000, -7.690
7.570, -0.8000, -6.865
7.580, -0.8000, -7.584
7.590, -0.8000, -7.570
7.600, -0.8000, -7.430
7.610, -0.8000, -7.907
7.620, -0.8000, -8.083
7.630, -0.8000, -7.791
7.640, -0.8000, -7.732
7.650, -0.8000, -7.937
7.660, -0.8000, -7.880
7.670, -0.8000, -7.761
7.680, -0.8000, -8.045
7.690, -0.8000, -7.969
7.700, -0.8000, -7.706
7.710, -0.8000, -7.388
7.720, -0.8000, -7.458
7.730, -0.8000, -6.948
7.740, -0.8000, -7.235
7.750, -0.8000, -7.897
7.760, -0.8000, -7.110
7.770, -0.8000, -6.907
7.780, -0.8000, -7.475
7.790, -0.8000, -7.494
7.800, -0.8000, -5.449
7.810, -0.8000, -5.301
7.820, -0.8000, -12.79
7.830, -0.8000, -7.060
7.840, -0.8000, -6.747
7.850, -0.8000, -7.660
7.860, -0.8000, -8.616
7.870, -0.8000, -7.911
7.880, -0.8000, -7.479
7.890, -0.8000, -6.863
7.900, -0.8000, -6.957
7.910, -0.8000, -6.711
7.920, -0.8000, -7.181
7.930, -0.8000, -7.048
7.940, -0.8000, -8.380
7.950, -0.8000, -8.592
7.960, -0.8000, -6.880
7.970, -0.8000, -7.308
7.980, -0.8000, -7.267
7.990, -0.8000, -6.686
8.000, -0.8000, -7.154
8.010, -0.8000, -7.855
8.020, -0.8000, -7.434
8.030, -0.8000, -7.243
8.040, -0.8000, -5.498
8.050, -0.8000, -7.563
8.060, -0.8000, -7.735
8.070, -0.8000, -6.981
8.080, -0.8000, -11.50
8.090, -0.8000, -7.903
8.100, -0.8000, -7.708
8.110, -0.8000, -7.495
8.120, -0.8000, -4.085
8.130, -0.8000, -6.756
8.140, -0.8000, -4.478
8.150, -0.8000, -6.949
8.160, -0.8000, -6.896
8.170, -0.8000, -7.578
8.180, -0.8000, -10.32
8.190, -0.8000, -11.23
8.200, -0.8000, -6.272
8.210, -0.8000, -6.856
8.220, -0.8000, -6.312
8.230, -0.8000, -6.792
8.240, -0.8000, -5.722
8.250, -0.8000, -7.014
8.260, -0.8000, -7.087
8.270, -0.8000, -3.160
8.280, -0.8000, -6.985
8.290, -0.8000, -13.08
8.300, -0.8000, -7.410
8.310, -0.8000, -7.060
8.320, -0.8000, -7.536
8.330, -0.8000, -6.764
8.340, -0.8000, -5.067
8.350, -0.8000, -10.39
8.360, -0.8000, -5.235
8.370, -0.8000, -7.411
8.380, -0.8000, -10.26
8.390, -0.8000, -5.389
8.400, -0.8000, -7.170
8.410, -0.8000, -7.478
8.420, -0.8000, -7.628
8.430, -0.8000, -7.795
8.440, -0.8000, -7.389
8.450, -0.8000, -7.301
8.460, -0.8000, -7.509
8.470, -0.8000, -10.30
8.480, -0.8000, -5.889
8.490, -0.8000, -6.162
8.500, -0.8000, -6.733
8.510, -0.8000, -7.214
8.520, -0.8000, -8.417
8.530, -0.8000, -4.999
8.540, -0.8000, -9.291
8.550, -0.8000, -5.437
8.560, -0.8000, -10.14
8.570, -0.8000, -7.472
8.580, -0.8000, -7.434
8.590, -0.8000, -7.336
8.600, -0.8000, -11.47
8.610, -0.8000, -8.185
8.620, -0.8000, -6.414
8.630, -0.8000, -10.49
8.640, -0.8000, -7.481
8.650, -0.8000, -7.953
8.660, -0.8000, -5.278
8.670, -0.8000, -7.750
8.680, -0.8000, -6.951
8.690, -0.8000, -6.785
8.700, -0.8000, -6.234
8.710, -0.8000, -7.363
8.720, -0.8000, -6.824
8.730, -0.8000, -5.568
8.740, -0.8000, -11.96
8.750, -0.8000, -7.385
8.760, -0.8000, -6.656
8.770, -0.8000, -6.931
8.780, -0.8000, -9.816
8.790, -0.8000, -8.082
8.800, -0.8000, -7.324
8.810, -0.8000, -7.091
8.820, -0.8000, -7.149
8.830, -0.8000, -7.621
8.840, -0.8000, -7.056
8.850, -0.8000, -7.573
8.860, -0.8000, -7.205
8.870, -0.8000, -5.340
8.880, -0.8000, -8.494
8.890, -0.8000, -7.628
8.900, -0.8000, -7.476
8.910, -0.8000, -6.019
8.920, -0.8000, -8.893
8.930, -0.8000, -8.006
8.940, -0.8000, -7.873
8.950, -0.8000, -7.931
8.960, -0.8000, -7.652
8.970, -0.8000, -7.981
8.980, -0.8000, -7.997
8.990, -0.8000, -8.180
9.000, -0.8000, -8.759
9.010, -0.8000, -6.395
9.020, -0.8000, -8.120
9.030, -0.8000, -5.806
9.040, -0.8000, -5.400
9.050, -0.8000, -6.038
9.060, -0.8000, -7.140
9.070, -0.8000, -7.714
9.080, -0.8000, -7.874
9.090, -0.8000, -8.123
9.100, -0.8000, -7.659
9.110, -0.8000, -7.691
9.120, -0.8000, -6.466
9.130, -0.8000, -7.288
9.140, -0.8000, -7.124
9.150, -0.8000, -7.465
9.160, -0.8000, -12.74
9.170, -0.8000, -5.262
9.180, -0.8000, -5.946
9.190, -0.8000, -5.381
9.200, -0.8000, -6.769
9.210, -0.8000, -7.342
9.220, -0.8000, -7.853
9.230, -0.8000, -5.912
9.240, -0.8000, -5.457
9.250, -0.8000, -5.456
9.260, -0.8000, -5.963
9.270, -0.8000, -7.477
9.280, -0.8000, -7.269
9.290, -0.8000, -7.693
9.300, -0.8000, -5.062
9.310, -0.8000, -8.964
9.320, -0.8000, -4.738
9.330, -0.8000, -5.122
9.340, -0.8000, -5.345
9.350, -0.8000, -6.607
9.360, -0.8000, -6.794
9.370, -0.8000, -6.505
9.380, -0.8000, -7.149
9.390, -0.8000, -6.922
9.400, -0.8000, -8.034
9.410, -0.8000, -7.405
9.420, -0.8000, -6.597
9.430, -0.8000, -6.441
9.440, -0.8000, -7.522
9.450, -0.8000, -7.457
9.460, -0.8000, -8.153
9.470, -0.8000, -8.176
9.480, -0.8000, -7.928
9.490, -0.8000, -7.377
9.500, -0.8000, -8.579
9.510, -0.8000, -5.172
9.520, -0.8000, -6.983
9.530, -0.8000, -5.363
9.540, -0.8000, -8.682
9.550, -0.8000, -5.478
9.560, -0.8000, -5.491
9.570, -0.8000, -5.212
9.580, -0.8000, -6.955
9.590, -0.8000, -7.070
9.600, -0.8000, -8.435
9.610, -0.8000, -4.206
9.620, -0.8000, -5.839
9.630, -0.8000, -7.667
9.640, -0.8000, -7.778
9.650, -0.8000, -7.541
9.660, -0.8000, -7.637
9.670, -0.8000, -7.991
9.680, -0.8000, -7.706
9.690, -0.8000, -4.905
9.700, -0.8000, -7.979
9.710, -0.8000, -8.039
9.720, -0.8000, -9.127
9.730, -0.8000, -9.248
9.740, -0.8000, -5.667
9.750, -0.8000, -4.929
9.760, -0.8000, -6.332
9.770, -0.8000, -6.282
9.780, -0.8000, -6.397
9.790, -0.8000, -7.609
9.800, -0.8000, -12.70
9.810, -0.8000, -7.502
9.820, -0.8000, -7.404
9.830, -0.8000, -6.663
9.840, -0.8000, -7.412
9.850, -0.8000, -7.371
9.860, -0.8000, -7.315
9.870, -0.8000, -7.146
9.880, -0.8000, -7.334
9.890, -0.8000, -7.389
9.900, -0.8000, -6.404
9.910, -0.8000, -5.228
9.920, -0.8000, -6.075
9.930, -0.8000, -7.675
9.940, -0.8000, -8.052
9.950, -0.8000, -8.341
9.960, -0.8000, -5.757
9.970, -0.8000, -6.414
9.980, -0.8000, -7.342
9.990, -0.8000, -8.849
10.00, -0.8000, -7.443
10.01, -0.8000, -8.246
10.02, -0.8000, -7.297
10.03, -0.8000, -8.633
10.04, -0.8000, -7.229
10.05, -0.8000, -7.121
10.06, -0.8000, -9.136
10.07, -0.8000, -6.137
10.08, -0.8000, -5.621
10.09, -0.8000, -6.360
10.10, -0.8000, -7.748
10.11, -0.8000, -7.279
10.12, -0.8000, -7.555
10.13, -0.8000, -7.529
10.14, -0.8000, -7.500
10.15, -0.8000, -12.33
10.16, -0.8000, -3.799
10.17, -0.8000, -10.97
10.18, -0.8000, -3.510
10.19, -0.8000, -4.190
10.20, -0.8000, -12.69
10.21, -0.8000, -7.707
10.22, -0.8000, -7.745
10.23, -0.8000, -7.737
10.24, -0.8000, -7.629
10.25, -0.8000, -6.885
10.26, -0.8000, -7.738
10.27, -0.8000, -5.663
10.28, -0.8000, -5.014
10.29, -0.8000, -5.130
10.30, -0.8000, -7.266
10.31, -0.8000, -4.785
10.32, -0.8000, -6.231
10.33, -0.8000, -8.469
10.34, -0.8000, -6.977
10.35, -0.8000, -7.704
10.36, -0.8000, -6.251
10.37, -0.8000, -8.569
10.38, -0.8000, -6.453
10.39, -0.8000, -7.189
10.40, -0.8000, -8.086
10.41, -0.8000, -6.112
10.42, -0.8000, -5.342
10.43, -0.8000, -8.339
10.44, -0.8000, -8.081
10.45, -0.8000, -7.838
10.46, -0.8000, -7.414
10.47, -0.8000, -7.302
10.48, -0.8000, -7.398
10.49, -0.8000, -8.230
10.50, -0.8000, -5.136
10.51, -0.8000, -4.556
10.52, -0.8000, -9.215
10.53, -0.8000, -5.215
10.54, -0.8000, -5.516
10.55, -0.8000, -7.433
10.56, -0.8000, -7.867
10.57, -0.8000, -7.882
10.58, -0.8000, -7.627
10.59, -0.8000, -7.392
10.60, -0.8000, -7.833
10.61, -0.8000, -8.585
10.62, -0.8000, -6.809
10.63, -0.8000, -6.525
10.64, -0.8000, -7.706
10.65, -0.8000, -11.94
10.66, -0.8000, -8.615
10.67, -0.8000, -6.599
10.68, -0.8000, -7.196
10.69, -0.8000, -5.813
10.70, -0.8000, -6.849
10.71, -0.8000, -7.855
10.72, -0.8000, -5.650
10.73, -0.8000, -7.809
10.74, -0.8000, -8.607
10.75, -0.8000, -5.362
10.76, -0.8000, -7.583
10.77, -0.8000, -7.684
10.78, -0.8000, -5.675
10.79, -0.8000, -8.953
10.80, -0.8000, -6.888
10.81, -0.8000, -4.053
10.82, -0.8000, -7.238
10.83, -0.8000, -7.215
10.84, -0.8000, -7.438
10.85, -0.8000, -5.109
10.86, -0.8000, -3.814
10.87, -0.8000, -7.530
10.88, -0.8000, -6.687
10.89, -0.8000, -6.903
10.90, -0.8000, -6.199
10.91, -0.8000, -7.045
10.92, -0.8000, -7.295
10.93, -0.8000, -7.696
10.94, -0.8000, -7.272
10.95, -0.8000, -7.867
10.96, -0.8000, -5.850
10.97, -0.8000, -6.558
10.98, -0.8000, -6.423
10.99, -0.8000, -6.655
11.00, -0.8000, -6.819
11.01, -0.8000, -6.714
11.02, -0.8000, -8.046
11.03, -0.8000, -6.563
11.04, -0.8000, -8.576
11.05, -0.8000, -7.208
11.06, -0.8000, -7.032
11.07, -0.8000, -7.973
11.08, -0.8000, -5.007
11.09, -0.8000, -5.692
11.10, -0.8000, -8.503
11.11, -0.8000, -7.874
11.12, -0.8000, -7.391
11.13, -0.8000, -6.997
11.14, -0.8000, -7.536
11.15, -0.8000, -12.25
11.16, -0.8000, -9.571
11.17, -0.8000, -4.072
11.18, -0.8000, -10.11
11.19, -0.8000, -5.536
11.20, -0.8000, -4.752
11.21, -0.8000, -5.425
11.22, -0.8000, -6.263
11.23, -0.8000, -5.297
11.24, -0.8000, -12.91
11.25, -0.8000, -9.776
11.26, -0.8000, -7.448
11.27, -0.8000, -7.441
11.28, -0.8000, -7.008
11.29, -0.8000, -7.112
11.30, -0.8000, -7.348
11.31, -0.8000, -6.178
11.32, -0.8000, -7.001
11.33, -0.8000, -7.416
11.34, -0.8000, -7.755
11.35, -0.8000, -6.469
11.36, -0.8000, -7.405
11.37, -0.8000, -7.142
11.38, -0.8000, -6.479
11.39, -0.8000, -7.086
11.40, -0.8000, -7.029
11.41, -0.8000, -7.653
11.42, -0.8000, -7.601
11.43, -0.8000, -7.679
11.44, -0.8000, -6.835
11.45, -0.8000, -6.701
11.46, -0.8000, -7.725
11.47, -0.8000, -7.623
11.48, -0.8000, -6.779
11.49, -0.8000, -7.578
11.50, -0.8000, -7.651
11.51, -0.8000, -12.22
11.52, -0.8000, -8.937
11.53, -0.8000, -5.550
11.54, -0.8000, -9.354
11.55, -0.8000, -7.828
11.56, -0.8000, -8.047
11.57, -0.8000, -7.266
11.58, -0.8000, -7.462
11.59, -0.8000, -7.395
11.60, -0.8000, -5.500
11.61, -0.8000, -5.795
11.62, -0.8000, -7.734
11.63, -0.8000, -6.637
11.64, -0.8000, -7.265
11.65, -0.8000, -6.569
11.66, -0.8000, -9.185
11.67, -0.8000, -8.983
11.68, -0.8000, -6.944
11.69, -0.8000, -7.047
11.70, -0.8000, -8.020
11.71, -0.8000, -5.227
11.72, -0.8000, -12.43
11.73, -0.8000, -6.765
11.74, -0.8000, -5.867
11.75, -0.8000, -6.204
11.76, -0.8000, -6.006
11.77, -0.8000, -7.571
11.78, -0.8000, -6.615
11.79, -0.8000, -6.981
11.80, -0.8000, -6.598
11.81, -0.8000, -6.730
11.82, -0.8000, -4.646
11.83, -0.8000, -5.930
11.84, -0.8000, -7.950
11.85, -0.8000, -7.144
11.86, -0.8000, -7.453
11.87, -0.8000, -5.790
11.88, -0.8000, -6.975
11.89, -0.8000, -4.640
11.90, -0.8000, -5.244
11.91, -0.8000, -5.795
11.92, -0.8000, -7.247
11.93, -0.8000, -7.397
11.94, -0.8000, -7.212
11.95, -0.8000, -7.469
11.96, -0.8000, -7.661
11.97, -0.8000, -8.712
11.98, -0.8000, -7.512
11.99, -0.8000, -5.943
12.00, -0.8000, -5.985
12.01, -0.8000, -6.675
12.02, -0.8000, -7.338
12.03, -0.8000, -7.173
12.04, -0.8000, -7.705
12.05, -0.8000, -7.863
12.06, -0.8000, -7.998
12.07, -0.8000, -6.967
12.08, -0.8000, -7.819
12.09, -0.8000, -6.680
12.10, -0.8000, -8.185
12.11, -0.8000, -7.657
12.12, -0.8000, -7.788
12.13, -0.8000, -8.183
12.14, -0.8000, -8.413
12.15, -0.8000, -7.585
12.16, -0.8000, -7.696
12.17, -0.8000, -4.052
12.18, -0.8000, -8.007
12.19, -0.8000, -8.027
12.20, -0.8000, -7.972
12.21, -0.8000, -8.025
12.22, -0.8000, -7.186
12.23, -0.8000, -7.491
12.24, -0.8000, -7.504
12.25, -0.8000, -4.363
12.26, -0.8000, -5.494
12.27, -0.8000, -5.185
12.28, -0.8000, -7.535
12.29, -0.8000, -7.156
12.30, -0.8000, -8.384
12.31, -0.8000, -5.413
12.32, -0.8000, -7.892
12.33, -0.8000, -5.587
12.34, -0.8000, -6.269
12.35, -0.8000, -6.711
12.36, -0.8000, -6.143
12.37, -0.8000, -3.235
12.38, -0.8000, -9.695
12.39, -0.8000, -8.530
12.40, -0.8000, -7.634
12.41, -0.8000, -8.509
12.42, -0.8000, -8.610
12.43, -0.8000, -9.028
12.44, -0.8000, -7.898
12.45, -0.8000, -7.084
12.46, -0.8000, -6.749
12.47, -0.8000, -6.843
12.48, -0.8000, -5.846
12.49, -0.8000, -11.13
12.50, -0.8000, -7.584
12.51, -0.8000, -7.118
12.52, -0.8000, -6.478
12.53, -0.8000, -6.479
12.54, -0.8000, -7.849
12.55, -0.8000, -7.421
12.56, -0.8000, -7.019
12.57, -0.8000, -7.451
12.58, -0.8000, -6.666
12.59, -0.8000, -8.198
12.60, -0.8000, -7.464
12.61, -0.8000, -6.461
12.62, -0.8000, -7.567
12.63, -0.8000, -7.305
12.64, -0.8000, -8.456
12.65, -0.8000, -6.831
12.66, -0.8000, -6.938
12.67, -0.8000, -4.768
12.68, -0.8000, -7.027
12.69, -0.8000, -8.008
12.70, -0.8000, -5.270
12.71, -0.8000, -6.930
12.72, -0.8000, -12.23
12.73, -0.8000, -11.40
12.74, -0.8000, -7.994
12.75, -0.8000, -7.628
12.76, -0.8000, -7.944
12.77, -0.8000, -5.355
12.78, -0.8000, -7.530
12.79, -0.8000, -6.334
12.80, -0.8000, -7.389
12.81, -0.8000, -7.212
12.82, -0.8000, -4.840
12.83, -0.8000, -10.32
12.84, -0.8000, -7.713
12.85, -0.8000, -6.856
12.86, -0.8000, -6.357
12.87, -0.8000, -7.203
12.88, -0.8000, -4.721
12.89, -0.8000, -10.51
12.90, -0.8000, -6.634
12.91, -0.8000, -7.960
12.92, -0.8000, -7.010
12.93, -0.8000, -4.258
12.94, -0.8000, -4.544
12.95, -0.8000, -7.709
12.96, -0.8000, -6.954
12.97, -0.8000, -7.075
12.98, -0.8000, -6.769
12.99, -0.8000, -7.408
13.00, -0.8000, -5.823
13.01, -0.8000, -7.740
13.02, -0.8000, -7.057
13.03, -0.8000, -8.122
13.04, -0.8000, -4.303
13.05, -0.8000, -5.988
13.06, -0.8000, -5.298
13.07, -0.8000, -5.282
13.08, -0.8000, -6.496
13.09, -0.8000, -7.502
13.10, -0.8000, -6.789
13.11, -0.8000, -7.430
13.12, -0.8000, -6.373
13.13, -0.8000, -11.43
13.14, -0.8000, -6.994
13.15, -0.8000, -7.059
13.16, -0.8000, -6.802
13.17, -0.8000, -8.947
13.18, -0.8000, -11.53
13.19, -0.8000, -7.720
13.20, -0.8000, -7.485
13.21, -0.8000, -7.440
13.22, -0.8000, -6.816
13.23, -0.8000, -8.471
13.24, -0.8000, -8.896
13.25, -0.8000, -7.362
13.26, -0.8000, -5.748
13.27, -0.8000, -10.94
13.28, -0.8000, -7.226
13.29, -0.8000, -6.180
13.30, -0.8000, -8.605
13.31, -0.8000, -7.091
13.32, -0.8000, -6.098
13.33, -0.8000, -4.725
13.34, -0.8000, -7.268
13.35, -0.8000, -7.615
13.36, -0.8000, -5.721
13.37, -0.8000, -5.728
13.38, -0.8000, -7.853
13.39, -0.8000, -7.269
13.40, -0.8000, -6.831
13.41, -0.8000, -7.679
13.42, -0.8000, -4.010
13.43, -0.8000, -6.654
13.44, -0.8000, -6.087
13.45, -0.8000, -8.276
13.46, -0.8000, -7.224
13.47, -0.8000, -5.729
13.48, -0.8000, -4.202
13.49, -0.8000, -7.452
13.50, -0.8000, -7.245
13.51, -0.8000, -6.999
13.52, -0.8000, -6.156
13.53, -0.8000, -6.636
13.54, -0.8000, -5.621
13.55, -0.8000, -4.528
13.56, -0.8000, -7.695
13.57, -0.8000, -7.384
13.58, -0.8000, -6.389
13.59, -0.8000, -6.080
13.60, -0.8000, -6.016
13.61, -0.8000, -8.275
13.62, -0.8000, -7.519
13.63, -0.8000, -6.495
13.64, -0.8000, -6.142
13.65, -0.8000, -6.111
13.66, -0.8000, -6.207
13.67, -0.8000, -7.616
13.68, -0.8000, -6.264
13.69, -0.8000, -5.699
13.70, -0.8000, -4.755
13.71, -0.8000, -8.005
13.72, -0.8000, -6.791
13.73, -0.8000, -7.077
13.74, -0.8000, -6.304
13.75, -0.8000, -8.104
13.76, -0.8000, -6.887
13.77, -0.8000, -5.904
13.78, -0.8000, -9.608
13.79, -0.8000, -6.793
13.80, -0.8000, -6.368
13.81, -0.8000, -7.138
13.82, -0.8000, -7.887
13.83, -0.8000, -4.617
13.84, -0.8000, -7.460
13.85, -0.8000, -6.468
13.86, -0.8000, -8.404
13.87, -0.8000, -7.708
13.88, -0.8000, -7.704
13.89, -0.8000, -7.483
13.90, -0.8000, -7.506
13.91, -0.8000, -7.161
13.92, -0.8000, -6.698
13.93, -0.8000, -7.410
13.94, -0.8000, -6.344
13.95, -0.8000, -6.874
13.96, -0.8000, -7.225
13.97, -0.8000, -7.735
13.98, -0.8000, -8.654
13.99, -0.8000, -9.556
14.00, -0.8000, -3.776
14.01, -0.8000, -8.319
14.02, -0.8000, -11.00
14.03, -0.8000, -11.86
14.04, -0.8000, -7.606
14.05, -0.8000, -6.865
14.06, -0.8000, -7.314
14.07, -0.8000, -6.264
14.08, -0.8000, -8.081
14.09, -0.8000, -7.750
14.10, -0.8000, -5.746
14.11, -0.8000, -6.404
14.12, -0.8000, -4.876
14.13, -0.8000, -10.75
14.14, -0.8000, -10.02
14.15, -0.8000, -8.619
14.16, -0.8000, -8.158
14.17, -0.8000, -7.241
14.18, -0.8000, -7.738
14.19, -0.8000, -5.727
14.20, -0.8000, -7.501
14.21, -0.8000, -7.058
14.22, -0.8000, -7.533
14.23, -0.8000, -8.003
14.24, -0.8000, -7.284
14.25, -0.8000, -5.908
14.26, -0.8000, -4.820
14.27, -0.8000, -7.952
14.28, -0.8000, -6.576
14.29, -0.8000, -7.583
14.30, -0.8000, -7.767
14.31, -0.8000, -7.789
14.32, -0.8000, -5.027
14.33, -0.8000, -7.926
14.34, -0.8000, -7.417
14.35, -0.8000, -7.067
14.36, -0.8000, -6.685
14.37, -0.8000, -5.589
14.38, -0.8000, -7.568
14.39, -0.8000, -9.714
14.40, -0.8000, -11.42
14.41, -0.8000, -7.518
14.42, -0.8000, -7.503
14.43, -0.8000, -7.640
14.44, -0.8000, -11.23
14.45, -0.8000, -7.908
14.46, -0.8000, -7.739
14.47, -0.8000, -6.599
14.48, -0.8000, -6.774
14.49, -0.8000, -8.189
14.50, -0.8000, -11.07
14.51, -0.8000, -7.379
14.52, -0.8000, -6.387
14.53, -0.8000, -4.969
14.54, -0.8000, -7.110
14.55, -0.8000, -6.386
14.56, -0.8000, -8.087
14.57, -0.8000, -6.889
14.58, -0.8000, -7.923
14.59, -0.8000, -6.899
14.60, -0.8000, -6.891
14.61, -0.8000, -9.239
14.62, -0.8000, -7.155
14.63, -0.8000, -6.026
14.64, -0.8000, -9.853
14.65, -0.8000, -7.490
14.66, -0.8000, -7.643
14.67, -0.8000, -5.516
14.68, -0.8000, -6.649
14.69, -0.8000, -8.766
14.70, -0.8000, -7.186
14.71, -0.8000, -7.640
14.72, -0.8000, -6.430
14.73, -0.8000, -8.050
14.74, -0.8000, -6.757
14.75, -0.8000, -5.006
14.76, -0.8000, -7.299
14.77, -0.8000, -8.442
14.78, -0.8000, -7.193
14.79, -0.8000, -7.306
14.80, -0.8000, -7.050
14.81, -0.8000, -7.782
14.82, -0.8000, -7.221
14.83, -0.8000, -7.191
14.84, -0.8000, -4.908
14.85, -0.8000, -6.702
14.86, -0.8000, -8.201
14.87, -0.8000, -5.374
14.88, -0.8000, -7.576
14.89, -0.8000, -7.044
14.90, -0.8000, -6.457
14.91, -0.8000, -8.990
14.92, -0.8000, -6.839
14.93, -0.8000, -10.25
14.94, -0.8000, -7.618
14.95, -0.8000, -7.955
14.96, -0.8000, -8.761
14.97, -0.8000, -5.178
14.98, -0.8000, -7.537
14.99, -0.8000, -7.423
15.00, -0.8000, -7.097
15.01, -0.8000, -7.096
15.02, -0.8000, -5.253
15.03, -0.8000, -2.930
15.04, -0.8000, -7.280
15.05, -0.8000, -5.768
15.06, -0.8000, -6.975
15.07, -0.8000, -7.797
15.08, -0.8000, -7.561
15.09, -0.8000, -7.112
15.10, -0.8000, -6.279
15.11, -0.8000, -10.74
15.12, -0.8000, -7.301
15.13, -0.8000, -7.311
15.14, -0.8000, -4.827
15.15, -0.8000, -8.424
15.16, -0.8000, -7.242
15.17, -0.8000, -7.112
15.18, -0.8000, -6.934
15.19, -0.8000, -12.43
15.20, -0.8000, -7.487
15.21, -0.8000, -6.875
15.22, -0.8000, -8.815
15.23, -0.8000, -9.303
15.24, -0.8000, -7.735
15.25, -0.8000, -8.074
15.26, -0.8000, -7.655
15.27, -0.8000, -6.689
15.28, -0.8000, -5.217
15.29, -0.8000, -7.567
15.30, -0.8000, -5.621
15.31, -0.8000, -7.100
15.32, -0.8000, -4.588
15.33, -0.8000, -7.532
15.34, -0.8000, -5.270
15.35, -0.8000, -8.603
15.36, -0.8000, -7.557
15.37, -0.8000, -6.623
15.38, -0.8000, -8.123
15.39, -0.8000, -7.012
15.40, -0.8000, -3.552
15.41, -0.8000, -12.84
15.42, -0.8000, -7.901
15.43, -0.8000, -9.352
15.44, -0.8000, -6.447
15.45, -0.8000, -6.131
15.46, -0.8000, -7.788
15.47, -0.8000, -6.717
15.48, -0.8000, -6.870
15.49, -0.8000, -7.057
15.50, -0.8000, -7.796
15.51, -0.8000, -8.041
15.52, -0.8000, -7.545
15.53, -0.8000, -6.952
15.54, -0.8000, -6.236
15.55, -0.8000, -6.865
15.56, -0.8000, -7.627
15.57, -0.8000, -6.607
15.58, -0.8000, -7.631
15.59, -0.8000, -7.605
15.60, -0.8000, -7.409
15.61, -0.8000, -7.705
15.62, -0.8000, -5.482
15.63, -0.8000, -6.051
15.64, -0.8000, -7.693
15.65, -0.8000, -7.221
15.66, -0.8000, -6.933
15.67, -0.8000, -7.330
15.68, -0.8000, -6.805
15.69, -0.8000, -5.430
15.70, -0.8000, -5.639
15.71, -0.8000, -5.943
15.72, -0.8000, -7.648
15.73, -0.8000, -5.457
15.74, -0.8000, -4.967
15.75, -0.8000, -11.67
15.76, -0.8000, -7.999
15.77, -0.8000, -6.782
15.78, -0.8000, -7.087
15.79, -0.8000, -6.874
15.80, -0.8000, -6.422
15.81, -0.8000, -6.214
15.82, -0.8000, -7.530
15.83, -0.8000, -7.517
15.84, -0.8000, -7.656
15.85, -0.8000, -7.603
15.86, -0.8000, -6.930
15.87, -0.8000, -5.744
15.88, -0.8000, -7.393
15.89, -0.8000, -7.117
15.90, -0.8000, -7.465
15.91, -0.8000, -5.695
15.92, -0.8000, -5.160
15.93, -0.8000, -4.363
15.94, -0.8000, -10.39
15.95, -0.8000, -6.669
15.96, -0.8000, -6.456
15.97, -0.8000, -6.933
15.98, -0.8000, -7.121
15.99, -0.8000, -6.396
16.00, -0.8000, -7.238
16.01, -0.8000, -7.172
16.02, -0.8000, -6.318
16.03, -0.8000, -5.844
16.04, -0.8000, -5.693
16.05, -0.8000, -7.054
16.06, -0.8000, -8.761
16.07, -0.8000, -6.669
16.08, -0.8000, -7.196
16.09, -0.8000, -7.292
16.10, -0.8000, -6.481
16.11, -0.8000, -7.618
16.12, -0.8000, -7.323
16.13, -0.8000, -7.204
16.14, -0.8000, -7.612
16.15, -0.8000, -8.273
16.16, -0.8000, -4.802
16.17, -0.8000, -5.805
16.18, -0.8000, -8.763
16.19, -0.8000, -7.702
16.20, -0.8000, -7.596
16.21, -0.8000, -7.498
16.22, -0.8000, -7.430
16.23, -0.8000, -7.459
16.24, -0.8000, -7.328
16.25, -0.8000, -6.942
16.26, -0.8000, -7.140
16.27, -0.8000, -7.344
16.28, -0.8000, -7.064
16.29, -0.8000, -8.707
16.30, -0.8000, -8.386
16.31, -0.8000, -7.434
16.32, -0.8000, -5.470
16.33, -0.8000, -9.857
16.34, -0.8000, -3.905
16.35, -0.8000, -5.934
16.36, -0.8000, -8.226
16.37, -0.8000, -7.884
16.38, -0.8000, -7.538
16.39, -0.8000, -7.689
16.40, -0.8000, -7.078
16.41, -0.8000, -7.978
16.42, -0.8000, -6.600
16.43, -0.8000, -8.010
16.44, -0.8000, -10.20
16.45, -0.8000, -7.722
16.46, -0.8000, -7.579
16.47, -0.8000, -7.644
16.48, -0.8000, -7.377
16.49, -0.8000, -7.489
16.50, -0.8000, -7.283
16.51, -0.8000, -8.817
16.52, -0.8000, -6.804
16.53, -0.8000, -9.582
16.54, -0.8000, -7.486
16.55, -0.8000, -6.973
16.56, -0.8000, -8.317
16.57, -0.8000, -7.590
16.58, -0.8000, -6.921
16.59, -0.8000, -6.904
16.60, -0.8000, -7.007
16.61, -0.8000, -5.483
16.62, -0.8000, -7.094
16.63, -0.8000, -7.148
16.64, -0.8000, -4.206
16.65, -0.8000, -7.791
16.66, -0.8000, -7.336
16.67, -0.8000, -6.553
16.68, -0.8000, -7.601
16.69, -0.8000, -6.269
16.70, -0.8000, -5.216
16.71, -0.8000, -10.70
16.72, -0.8000, -6.739
16.73, -0.8000, -6.958
16.74, -0.8000, -7.920
16.75, -0.8000, -6.882
16.76, -0.8000, -3.532
16.77, -0.8000, -7.837
16.78, -0.8000, -6.678
16.79, -0.8000, -7.230
16.80, -0.8000, -4.982
16.81, -0.8000, -6.328
16.82, -0.8000, -7.652
16.83, -0.8000, -7.094
16.84, -0.8000, -7.333
16.85, -0.8000, -6.198
16.86, -0.8000, -6.428
16.87, -0.8000, -7.526
16.88, -0.8000, -6.556
16.89, -0.8000, -7.272
16.90, -0.8000, -5.339
16.91, -0.8000, -7.597
16.92, -0.8000, -7.141
16.93, -0.8000, -6.369
16.94, -0.8000, -4.179
16.95, -0.8000, -9.119
16.96, -0.8000, -7.519
16.97, -0.8000, -7.762
16.98, -0.8000, -7.243
16.99, -0.8000, -8.334
17.00, -0.8000, -7.063
17.01, -0.8000, -7.944
17.02, -0.8000, -7.447
17.03, -0.8000, -7.384
17.04, -0.8000, -6.714
17.05, -0.8000, -6.185
17.06, -0.8000, -7.277
17.07, -0.8000, -5.714
17.08, -0.8000, -7.881
17.09, -0.8000, -7.168
17.10, -0.8000, -6.200
17.11, -0.8000, -9.284
17.12, -0.8000, -7.342
17.13, -0.8000, -7.674
17.14, -0.8000, -7.593
17.15, -0.8000, -6.660
17.16, -0.8000, -5.133
17.17, -0.8000, -10.43
17.18, -0.8000, -7.541
17.19, -0.8000, -4.651
17.20, -0.8000, -8.465
17.21, -0.8000, -7.517
17.22, -0.8000, -7.005
17.23, -0.8000, -3.878
17.24, -0.8000, -7.472
17.25, -0.8000, -6.859
17.26, -0.8000, -9.056
17.27, -0.8000, -6.005
17.28, -0.8000, -7.359
17.29, -0.8000, -7.275
17.30, -0.8000, -7.275
17.31, -0.8000, -6.560
17.32, -0.8000, -7.354
17.33, -0.8000, -7.146
17.34, -0.8000, -7.643
17.35, -0.8000, -7.334
17.36, -0.8000, -4.948
17.37, -0.8000, -6.933
17.38, -0.8000, -8.125
17.39, -0.8000, -7.811
17.40, -0.8000, -7.080
17.41, -0.8000, -5.488
17.42, -0.8000, -7.934
17.43, -0.8000, -6.958
17.44, -0.8000, -6.312
17.45, -0.8000, -9.403
17.46, -0.8000, -7.653
17.47, -0.8000, -7.397
17.48, -0.8000, -7.415
17.49, -0.8000, -8.963
17.50, -0.8000, -7.141
17.51, -0.8000, -7.532
17.52, -0.8000, -6.754
17.53, -0.8000, -7.884
17.54, -0.8000, -4.782
17.55, -0.8000, -7.003
17.56, -0.8000, -7.374
17.57, -0.8000, -7.168
17.58, -0.8000, -6.668
17.59, -0.8000, -7.152
17.60, -0.8000, -7.020
17.61, -0.8000, -8.385
17.62, -0.8000, -7.190
17.63, -0.8000, -8.481
17.64, -0.8000, -5.882
17.65, -0.8000, -7.937
17.66, -0.8000, -7.350
17.67, -0.8000, -7.707
17.68, -0.8000, -6.527
17.69, -0.8000, -5.815
17.70, -0.8000, -6.919
17.71, -0.8000, -4.465
17.72, -0.8000, -6.382
17.73, -0.8000, -5.469
17.74, -0.8000, -7.244
17.75, -0.8000, -5.424
17.76, -0.8000, -7.891
17.77, -0.8000, -7.047
17.78, -0.8000, -7.991
17.79, -0.8000, -6.978
17.80, -0.8000, -7.586
17.81, -0.8000, -5.383
17.82, -0.8000, -7.361
17.83, -0.8000, -8.153
17.84, -0.8000, -8.062
17.85, -0.8000, -5.684
17.86, -0.8000, -6.726
17.87, -0.8000, -6.688
17.88, -0.8000, -7.655
17.89, -0.8000, -5.713
17.90, -0.8000, -7.016
17.91, -0.8000, -7.495
17.92, -0.8000, -6.245
17.93, -0.8000, -7.262
17.94, -0.8000, -7.547
17.95, -0.8000, -5.789
17.96, -0.8000, -7.648
17.97, -0.8000, -7.242
17.98, -0.8000, -9.423
17.99, -0.8000, -6.197
18.00, -0.8000, -6.513
18.01, -0.8000, -7.726
18.02, -0.8000, -6.130
18.03, -0.8000, -7.409
18.04, -0.8000, -8.053
18.05, -0.8000, -7.680
18.06, -0.8000, -6.158
18.07, -0.8000, -7.640
18.08, -0.8000, -5.710
18.09, -0.8000, -8.106
18.10, -0.8000, -6.698
18.11, -0.8000, -8.291
18.12, -0.8000, -7.493
18.13, -0.8000, -6.734
18.14, -0.8000, -4.948
18.15, -0.8000, -6.760
18.16, -0.8000, -8.029
18.17, -0.8000, -8.051
18.18, -0.8000, -6.542
18.19, -0.8000, -6.514
18.20, -0.8000, -10.91
18.21, -0.8000, -7.382
18.22, -0.8000, -6.196
18.23, -0.8000, -5.528
18.24, -0.8000, -8.588
18.25, -0.8000, -7.562
18.26, -0.8000, -8.838
18.27, -0.8000, -6.449
18.28, -0.8000, -7.031
18.29, -0.8000, -6.703
18.30, -0.8000, -9.242
18.31, -0.8000, -6.748
18.32, -0.8000, -6.768
18.33, -0.8000, -8.560
18.34, -0.8000, -7.324
18.35, -0.8000, -6.079
18.36, -0.8000, -7.739
18.37, -0.8000, -7.006
18.38, -0.8000, -6.066
18.39, -0.8000, -7.980
18.40, -0.8000, -7.422
18.41, -0.8000, -3.617
18.42, -0.8000, -7.192
18.43, -0.8000, -8.152
18.44, -0.8000, -7.822
18.45, -0.8000, -7.267
18.46, -0.8000, -8.926
18.47, -0.8000, -6.992
18.48, -0.8000, -8.753
18.49, -0.8000, -5.623
18.50, -0.8000, -7.730
18.51, -0.8000, -6.981
18.52, -0.8000, -8.000
18.53, -0.8000, -6.281
18.54, -0.8000, -6.734
18.55, -0.8000, -8.513
18.56, -0.8000, -5.959
18.57, -0.8000, -7.183
18.58, -0.8000, -6.899
18.59, -0.8000, -7.902
18.60, -0.8000, -8.469
18.61, -0.8000, -7.101
18.62, -0.8000, -4.559
18.63, -0.8000, -6.124
18.64, -0.8000, -7.296
18.65, -0.8000, -8.859
18.66, -0.8000, -7.285
18.67, -0.8000, -6.998
18.68, -0.8000, -7.691
18.69, -0.8000, -6.378
18.70, -0.8000, -7.703
18.71, -0.8000, -5.085
18.72, -0.8000, -7.242
18.73, -0.8000, -6.421
18.74, -0.8000, -5.301
18.75, -0.8000, -7.451
18.76, -0.8000, -7.256
18.77, -0.8000, -4.740
18.78, -0.8000, -7.526
18.79, -0.8000, -7.104
18.80, -0.8000, -10.33
18.81, -0.8000, -7.552
18.82, -0.8000, -4.372
18.83, -0.8000, -6.504
18.84, -0.8000, -11.29
18.85, -0.8000, -6.650
18.86, -0.8000, -8.955
18.87, -0.8000, -7.223
18.88, -0.8000, -8.052
18.89, -0.8000, -6.562
18.90, -0.8000, -6.369
18.91, -0.8000, -8.908
18.92, -0.8000, -6.785
18.93, -0.8000, -8.005
18.94, -0.8000, -5.737
18.95, -0.8000, -7.650
18.96, -0.8000, -6.830
18.97, -0.8000, -7.245
18.98, -0.8000, -5.881
18.99, -0.8000, -7.575
19.00, -0.8000, -7.764
19.01, -0.8000, -5.934
19.02, -0.8000, -7.253
19.03, -0.8000, -7.271
19.04, -0.8000, -7.460
19.05, -0.8000, -7.925
19.06, -0.8000, -8.860
19.07, -0.8000, -7.282
19.08, -0.8000, -6.495
19.09, -0.8000, -10.29
19.10, -0.8000, -7.214
19.11, -0.8000, -6.472
19.12, -0.8000, -5.273
19.13, -0.8000, -6.953
19.14, -0.8000, -8.103
19.15, -0.8000, -7.350
19.16, -0.8000, -7.598
19.17, -0.8000, -6.448
19.18, -0.8000, -7.205
19.19, -0.8000, -7.441
19.20, -0.8000, -6.790
19.21, -0.8000, -8.052
19.22, -0.8000, -6.022
19.23, -0.8000, -7.134
19.24, -0.8000, -7.625
19.25, -0.8000, -7.633
19.26, -0.8000, -9.876
19.27, -0.8000, -7.124
19.28, -0.8000, -8.005
19.29, -0.8000, -7.180
19.30, -0.8000, -4.466
19.31, -0.8000, -7.280
19.32, -0.8000, -7.575
19.33, -0.8000, -7.182
19.34, -0.8000, -5.134
19.35, -0.8000, -7.377
19.36, -0.8000, -5.146
19.37, -0.8000, -7.500
19.38, -0.8000, -6.322
19.39, -0.8000, -7.449
19.40, -0.8000, -7.392
19.41, -0.8000, -2.938
19.42, -0.8000, -7.053
19.43, -0.8000, -6.908
19.44, -0.8000, -6.030
19.45, -0.8000, -6.075
19.46, -0.8000, -8.119
19.47, -0.8000, -7.510
19.48, -0.8000, -6.929
19.49, -0.8000, -6.681
19.50, -0.8000, -7.349
19.51, -0.8000, -6.649
19.52, -0.8000, -5.209
19.53, -0.8000, -6.836
19.54, -0.8000, -5.593
19.55, -0.8000, -5.603
19.56, -0.8000, -7.130
19.57, -0.8000, -7.133
19.58, -0.8000, -5.418
19.59, -0.8000, -6.065
19.60, -0.8000, -7.980
19.61, -0.8000, -6.594
19.62, -0.8000, -7.751
19.63, -0.8000, -7.196
19.64, -0.8000, -7.264
19.65, -0.8000, -10.11
19.66, -0.8000, -6.478
19.67, -0.8000, -7.435
19.68, -0.8000, -6.589
19.69, -0.8000, -4.928
19.70, -0.8000, -10.87
19.71, -0.8000, -7.978
19.72, -0.8000, -7.440
19.73, -0.8000, -7.381
19.74, -0.8000, -5.731
19.75, -0.8000, -6.001
19.76, -0.8000, -5.539
19.77, -0.8000, -10.64
19.78, -0.8000, -7.110
19.79, -0.8000, -6.983
19.80, -0.8000, -7.925
19.81, -0.8000, -7.452
19.82, -0.8000, -6.143
19.83, -0.8000, -8.324
19.84, -0.8000, -7.076
19.85, -0.8000, -6.569
19.86, -0.8000, -3.927
19.87, -0.8000, -7.910
19.88, -0.8000, -7.104
19.89, -0.8000, -7.823
19.90, -0.8000, -5.480
19.91, -0.8000, -6.405
19.92, -0.8000, -5.559
19.93, -0.8000, -10.27
19.94, -0.8000, -7.364
19.95, -0.8000, -6.523
19.96, -0.8000, -6.678
19.97, -0.8000, -7.344
19.98, -0.8000, -6.443
19.99, -0.8000, -2.927
20.00, -0.8000, -8.708
20.01, -0.8000, -7.365
20.02, -0.8000, -5.800
20.03, -0.8000, -8.533
20.04, -0.8000, -6.854
20.05, -0.8000, -6.568
20.06, -0.8000, -4.830
20.07, -0.8000, -7.335
20.08, -0.8000, -8.038
20.09, -0.8000, -9.806
20.10, -0.8000, -6.727
20.11, -0.8000, -4.532
20.12, -0.8000, -8.978
20.13, -0.8000, -6.943
20.14, -0.8000, -5.727
20.15, -0.8000, -7.357
20.16, -0.8000, -7.461
20.17, -0.8000, -7.246
20.18, -0.8000, -5.991
20.19, -0.8000, -7.294
20.20, -0.8000, -7.357
20.21, -0.8000, -7.068
20.22, -0.8000, -4.867
20.23, -0.8000, -6.924
20.24, -0.8000, -7.078
20.25, -0.8000, -7.916
20.26, -0.8000, -6.784
20.27, -0.8000, -7.451
20.28, -0.8000, -7.596
20.29, -0.8000, -11.93
20.30, -0.8000, -7.327
20.31, -0.8000, -8.184
20.32, -0.8000, -5.537
20.33, -0.8000, -7.549
20.34, -0.8000, -7.730
20.35, -0.8000, -7.327
20.36, -0.8000, -7.119
20.37, -0.8000, -7.332
20.38, -0.8000, -6.699
20.39, -0.8000, -5.406
20.40, -0.8000, -6.489
20.41, -0.8000, -7.004
20.42, -0.8000, -7.365
20.43, -0.8000, -7.078
20.44, -0.8000, -7.545
20.45, -0.8000, -6.488
20.46, -0.8000, -8.678
20.47, -0.8000, -8.221
20.48, -0.8000, -7.357
20.49, -0.8000, -6.516
20.50, -0.8000, -7.570
20.51, -0.8000, -5.232
20.52, -0.8000, -7.050
20.53, -0.8000, -6.027
20.54, -0.8000, -7.460
20.55, -0.8000, -11.86
20.56, -0.8000, -7.115
20.57, -0.8000, -5.100
20.58, -0.8000, -7.633
20.59, -0.8000, -7.304
20.60, -0.8000, -6.644
20.61, -0.8000, -8.060
20.62, -0.8000, -7.293
20.63, -0.8000, -8.412
20.64, -0.8000, -5.571
20.65, -0.8000, -7.018
20.66, -0.8000, -5.193
20.67, -0.8000, -7.305
20.68, -0.8000, -7.059
20.69, -0.8000, -7.828
20.70, -0.8000, -6.906
20.71, -0.8000, -8.878
20.72, -0.8000, -6.389
20.73, -0.8000, -10.29
20.74, -0.8000, -6.528
20.75, -0.8000, -8.089
20.76, -0.8000, -7.409
20.77, -0.8000, -7.403
20.78, -0.8000, -6.777
20.79, -0.8000, -8.528
20.80, -0.8000, -8.127
20.81, -0.8000, -9.053
20.82, -0.8000, -6.448
20.83, -0.8000, -7.019
20.84, -0.8000, -5.794
20.85, -0.8000, -7.117
20.86, -0.8000, -4.938
20.87, -0.8000, -7.430
20.88, -0.8000, -8.245
20.89, -0.8000, -6.010
20.90, -0.8000, -6.621
20.91, -0.8000, -3.792
20.92, -0.8000, -7.129
20.93, -0.8000, -4.594
20.94, -0.8000, -7.560
20.95, -0.8000, -6.244
20.96, -0.8000, -6.833
20.97, -0.8000, -7.113
20.98, -0.8000, -8.739
20.99, -0.8000, -6.715
21.00, -0.8000, -8.731
21.01, -0.8000, -7.057
21.02, -0.8000, -9.204
21.03, -0.8000, -6.962
21.04, -0.8000, -5.647
21.05, -0.8000, -7.359
21.06, -0.8000, -6.309
21.07, -0.8000, -7.910
21.08, -0.8000, -5.944
21.09, -0.8000, -7.639
21.10, -0.8000, -6.053
21.11, -0.8000, -7.015
21.12, -0.8000, -7.883
21.13, -0.8000, -5.781
21.14, -0.8000, -7.636
21.15, -0.8000, -5.869
21.16, -0.8000, -7.478
21.17, -0.8000, -6.714
21.18, -0.8000, -6.099
21.19, -0.8000, -5.471
21.20, -0.8000, -7.097
21.21, -0.8000, -6.997
21.22, -0.8000, -8.751
21.23, -0.8000, -7.321
21.24, -0.8000, -5.566
21.25, -0.8000, -7.367
21.26, -0.8000, -6.906
21.27, -0.8000, -5.996
21.28, -0.8000, -8.142
21.29, -0.8000, -9.421
21.30, -0.8000, -6.917
21.31, -0.8000, -7.540
21.32, -0.8000, -6.247
21.33, -0.8000, -6.016
21.34, -0.8000, -9.599
21.35, -0.8000, -7.925
21.36, -0.8000, -7.446
21.37, -0.8000, -7.381
21.38, -0.8000, -6.553
21.39, -0.8000, -7.043
21.40, -0.8000, -7.071
21.41, -0.8000, -5.267
21.42, -0.8000, -8.553
21.43, -0.8000, -7.131
21.44, -0.8000, -6.620
21.45, -0.8000, -9.502
21.46, -0.8000, -6.926
21.47, -0.8000, -4.788
21.48, -0.8000, -7.412
21.49, -0.8000, -4.866
21.50, -0.8000, -7.572
21.51, -0.8000, -7.911
21.52, -0.8000, -8.407
21.53, -0.8000, -6.727
21.54, -0.8000, -6.585
21.55, -0.8000, -8.987
21.56, -0.8000, -7.923
21.57, -0.8000, -7.277
21.58, -0.8000, -7.868
21.59, -0.8000, -6.217
21.60, -0.8000, -7.794
21.61, -0.8000, -8.364
21.62, -0.8000, -7.637
21.63, -0.8000, -7.499
21.64, -0.8000, -6.523
21.65, -0.8000, -7.502
21.66, -0.8000, -6.369
21.67, -0.8000, -7.707
21.68, -0.8000, -7.286
21.69, -0.8000, -6.871
21.70, -0.8000, -6.392
21.71, -0.8000, -8.930
21.72, -0.8000, -6.649
21.73, -0.8000, -6.762
21.74, -0.8000, -7.897
21.75, -0.8000, -5.908
21.76, -0.8000, -6.104
21.77, -0.8000, -7.227
21.78, -0.8000, -6.977
21.79, -0.8000, -7.637
21.80, -0.8000, -6.676
21.81, -0.8000, -5.502
21.82, -0.8000, -7.227
21.83, -0.8000, -8.113
21.84, -0.8000, -6.879
21.85, -0.8000, -7.549
21.86, -0.8000, -7.136
21.87, -0.8000, -5.281
21.88, -0.8000, -7.390
21.89, -0.8000, -6.885
21.90, -0.8000, -6.749
21.91, -0.8000, -7.862
21.92, -0.8000, -6.152
21.93, -0.8000, -4.661
21.94, -0.8000, -6.852
21.95, -0.8000, -6.007
21.96, -0.8000, -8.754
21.97, -0.8000, -6.434
21.98, -0.8000, -8.641
21.99, -0.8000, -8.503
22.00, -0.8000, -7.368
22.01, -0.8000, -5.619
22.02, -0.8000, -7.036
22.03, -0.8000, -6.911
22.04, -0.8000, -7.195
22.05, -0.8000, -7.183
22.06, -0.8000, -6.701
22.07, -0.8000, -5.089
22.08, -0.8000, -6.788
22.09, -0.8000, -7.663
22.10, -0.8000, -7.792
22.11, -0.8000, -6.792
22.12, -0.8000, -5.260
22.13, -0.8000, -7.902
22.14, -0.8000, -7.162
22.15, -0.8000, -6.720
22.16, -0.8000, -8.500
22.17, -0.8000, -5.736
22.18, -0.8000, -7.608
22.19, -0.8000, -6.147
22.20, -0.8000, -5.740
22.21, -0.8000, -7.587
22.22, -0.8000, -7.340
22.23, -0.8000, -8.992
22.24, -0.8000, -7.442
22.25, -0.8000, -5.337
22.26, -0.8000, -7.823
22.27, -0.8000, -6.609
22.28, -0.8000, -10.73
22.29, -0.8000, -6.740
22.30, -0.8000, -7.160
22.31, -0.8000, -7.326
22.32, -0.8000, -7.239
22.33, -0.8000, -6.582
22.34, -0.8000, -6.705
22.35, -0.8000, -6.429
22.36, -0.8000, -7.999
22.37, -0.8000, -7.409
22.38, -0.8000, -7.159
22.39, -0.8000, -6.013
22.40, -0.8000, -8.051
22.41, -0.8000, -8.108
22.42, -0.8000, -7.168
22.43, -0.8000, -6.853
22.44, -0.8000, -6.955
22.45, -0.8000, -4.466
22.46, -0.8000, -7.476
22.47, -0.8000, -6.651
22.48, -0.8000, -6.398
22.49, -0.8000, -6.782
22.50, -0.8000, -6.691
22.51, -0.8000, -9.839
22.52, -0.8000, -7.498
22.53, -0.8000, -6.447
22.54, -0.8000, -3.182
22.55, -0.8000, -8.087
22.56, -0.8000, -6.129
22.57, -0.8000, -4.801
22.58, -0.8000, -5.499
22.59, -0.8000, -8.283
22.60, -0.8000, -7.542
22.61, -0.8000, -7.126
22.62, -0.8000, -7.021
22.63, -0.8000, -5.708
22.64, -0.8000, -8.597
22.65, -0.8000, -4.864
22.66, -0.8000, -12.99
22.67, -0.8000, -7.640
22.68, -0.8000, -7.025
22.69, -0.8000, -7.947
22.70, -0.8000, -5.100
22.71, -0.8000, -7.877
22.72, -0.8000, -6.722
22.73, -0.8000, -5.560
22.74, -0.8000, -5.409
22.75, -0.8000, -7.781
22.76, -0.8000, -7.712
22.77, -0.8000, -7.783
22.78, -0.8000, -6.985
22.79, -0.8000, -8.014
22.80, -0.8000, -10.25
22.81, -0.8000, -7.459
22.82, -0.8000, -5.995
22.83, -0.8000, -8.352
22.84, -0.8000, -6.482
22.85, -0.8000, -6.934
22.86, -0.8000, -8.140
22.87, -0.8000, -5.885
22.88, -0.8000, -7.256
22.89, -0.8000, -6.167
22.90, -0.8000, -8.415
22.91, -0.8000, -6.740
22.92, -0.8000, -6.658
22.93, -0.8000, -5.569
22.94, -0.8000, -7.877
22.95, -0.8000, -5.118
22.96, -0.8000, -7.336
22.97, -0.8000, -6.674
22.98, -0.8000, -5.702
22.99, -0.8000, -6.886
23.00, -0.8000, -7.684
23.01, -0.8000, -5.444
23.02, -0.8000, -6.890
23.03, -0.8000, -6.925
23.04, -0.8000, -5.689
23.05, -0.8000, -9.492
23.06, -0.8000, -6.832
23.07, -0.8000, -6.783
23.08, -0.8000, -6.797
23.09, -0.8000, -10.65
23.10, -0.8000, -7.639
23.11, -0.8000, -7.937
23.12, -0.8000, -8.276
23.13, -0.8000, -6.970
23.14, -0.8000, -6.308
23.15, -0.8000, -6.498
23.16, -0.8000, -8.147
23.17, -0.8000, -6.867
23.18, -0.8000, -5.850
23.19, -0.8000, -7.623
23.20, -0.8000, -6.936
23.21, -0.8000, -8.090
23.22, -0.8000, -6.519
23.23, -0.8000, -6.605
23.24, -0.8000, -3.601
23.25, -0.8000, -4.559
23.26, -0.8000, -6.649
23.27, -0.8000, -4.516
23.28, -0.8000, -6.192
23.29, -0.8000, -10.96
23.30, -0.8000, -9.674
23.31, -0.8000, -7.214
23.32, -0.8000, -13.88
23.33, -0.8000, -13.06
23.34, -0.8000, -4.465
23.35, -0.8000, -5.205
23.36, -0.8000, -7.302
23.37, -0.8000, -6.212
23.38, -0.8000, -7.070
23.39, -0.8000, -6.310
23.40, -0.8000, -8.109
23.41, -0.8000, -9.735
23.42, -0.8000, -8.747
23.43, -0.8000, -12.78
23.44, -0.8000, -8.004
23.45, -0.8000, -6.745
23.46, -0.8000, -6.269
23.47, -0.8000, -6.302
23.48, -0.8000, -6.529
23.49, -0.8000, -7.286
23.50, -0.8000, -8.456
23.51, -0.8000, -7.809
23.52, -0.8000, -7.387
23.53, -0.8000, -6.920
23.54, -0.8000, -4.367
23.55, -0.8000, -4.961
23.56, -0.8000, -9.927
23.57, -0.8000, -7.680
23.58, -0.8000, -7.400
23.59, -0.8000, -6.286
23.60, -0.8000, -6.254
23.61, -0.8000, -7.640
23.62, -0.8000, -6.854
23.63, -0.8000, -7.945
23.64, -0.8000, -6.717
23.65, -0.8000, -7.935
23.66, -0.8000, -9.557
23.67, -0.8000, -7.022
23.68, -0.8000, -6.790
23.69, -0.8000, -8.024
23.70, -0.8000, -7.159
23.71, -0.8000, -9.100
23.72, -0.8000, -7.470
23.73, -0.8000, -9.688
23.74, -0.8000, -7.086
23.75, -0.8000, -6.854
23.76, -0.8000, -5.460
23.77, -0.8000, -10.81
23.78, -0.8000, -6.956
23.79, -0.8000, -5.398
23.80, -0.8000, -6.793
23.81, -0.8000, -7.942
23.82, -0.8000, -8.768
23.83, -0.8000, -6.435
23.84, -0.8000, -7.891
23.85, -0.8000, -7.923
23.86, -0.8000, -6.978
23.87, -0.8000, -5.547
23.88, -0.8000, -3.588
23.89, -0.8000, -6.552
23.90, -0.8000, -5.901
23.91, -0.8000, -4.958
23.92, -0.8000, -7.016
23.93, -0.8000, -6.501
23.94, -0.8000, -7.769
23.95, -0.8000, -7.449
23.96, -0.8000, -4.996
23.97, -0.8000, -8.550
23.98, -0.8000, -7.355
23.99, -0.8000, -3.327
24.00, -0.8000, -6.574
24.01, -0.8000, -6.658
24.02, -0.8000, -8.067
24.03, -0.8000, -6.228
24.04, -0.8000, -4.084
24.05, -0.8000, -7.399
24.06, -0.8000, -6.902
24.07, -0.8000, -5.621
24.08, -0.8000, -12.04
24.09, -0.8000, -7.750
24.10, -0.8000, -7.100
24.11, -0.8000, -5.612
24.12, -0.8000, -2.886
24.13, -0.8000, -7.510
24.14, -0.8000, -6.758
24.15, -0.8000, -6.819
24.16, -0.8000, -8.109
24.17, -0.8000, -6.132
24.18, -0.8000, -7.754
24.19, -0.8000, -7.690
24.20, -0.8000, -6.923
24.21, -0.8000, -6.255
24.22, -0.8000, -8.449
24.23, -0.8000, -3.421
24.24, -0.8000, -7.701
24.25, -0.8000, -6.993
24.26, -0.8000, -6.258
24.27, -0.8000, -6.869
24.28, -0.8000, -7.422
24.29, -0.8000, -7.900
24.30, -0.8000, -7.096
24.31, -0.8000, -7.598
24.32, -0.8000, -4.918
24.33, -0.8000, -7.596
24.34, -0.8000, -8.491
24.35, -0.8000, -7.095
24.36, -0.8000, -5.822
24.37, -0.8000, -7.540
24.38, -0.8000, -6.896
24.39, -0.8000, -7.127
24.40, -0.8000, -5.906
24.41, -0.8000, -6.819
24.42, -0.8000, -7.348
24.43, -0.8000, -6.936
24.44, -0.8000, -6.528
24.45, -0.8000, -5.657
24.46, -0.8000, -7.304
24.47, -0.8000, -7.273
24.48, -0.8000, -4.298
24.49, -0.8000, -6.514
24.50, -0.8000, -8.236
24.51, -0.8000, -7.579
24.52, -0.8000, -7.635
24.53, -0.8000, -6.815
24.54, -0.8000, -6.856
24.55, -0.8000, -4.871
24.56, -0.8000, -7.038
24.57, -0.8000, -5.793
24.58, -0.8000, -7.634
24.59, -0.8000, -8.305
24.60, -0.8000, -7.788
24.61, -0.8000, -6.256
24.62, -0.8000, -8.885
24.63, -0.8000, -6.312
24.64, -0.8000, -7.996
24.65, -0.8000, -7.071
24.66, -0.8000, -7.805
24.67, -0.8000, -4.852
24.68, -0.8000, -6.859
24.69, -0.8000, -7.318
24.70, -0.8000, -7.366
24.71, -0.8000, -9.823
24.72, -0.8000, -7.305
24.73, -0.8000, -8.390
24.74, -0.8000, -7.410
24.75, -0.8000, -9.009
24.76, -0.8000, -6.329
24.77, -0.8000, -9.041
24.78, -0.8000, -6.741
24.79, -0.8000, -6.855
24.80, -0.8000, -6.597
24.81, -0.8000, -7.045
24.82, -0.8000, -7.769
24.83, -0.8000, -7.283
24.84, -0.8000, -7.583
24.85, -0.8000, -7.461
24.86, -0.8000, -7.504
24.87, -0.8000, -7.482
24.88, -0.8000, -8.733
24.89, -0.8000, -6.624
24.90, -0.8000, -8.187
24.91, -0.8000, -6.275
24.92, -0.8000, -6.470
24.93, -0.8000, -6.406
24.94, -0.8000, -6.262
24.95, -0.8000, -5.930
24.96, -0.8000, -7.137
24.97, -0.8000, -6.500
24.98, -0.8000, -11.86
24.99, -0.8000, -6.811
25.00, -0.8000, -6.118
25.01, -0.8000, -7.331
25.02, -0.8000, -4.004
25.03, -0.8000, -5.945
25.04, -0.8000, -6.616
25.05, -0.8000, -5.573
25.06, -0.8000, -6.974
25.07, -0.8000, -7.647
25.08, -0.8000, -6.808
25.09, -0.8000, -6.930
25.10, -0.8000, -8.923
25.11, -0.8000, -6.022
25.12, -0.8000, -6.699
25.13, -0.8000, -7.454
25.14, -0.8000, -11.50
25.15, -0.8000, -5.460
25.16, -0.8000, -7.295
25.17, -0.8000, -7.379
25.18, -0.8000, -6.786
25.19, -0.8000, -6.828
25.20, -0.8000, -7.435
25.21, -0.8000, -4.721
25.22, -0.8000, -5.585
25.23, -0.8000, -6.681
25.24, -0.8000, -7.239
25.25, -0.8000, -6.840
25.26, -0.8000, -6.843
25.27, -0.8000, -8.546
25.28, -0.8000, -5.018
25.29, -0.8000, -6.483
25.30, -0.8000, -9.410
25.31, -0.8000, -7.294
25.32, -0.8000, -7.232
25.33, -0.8000, -8.818
25.34, -0.8000, -6.909
25.35, -0.8000, -7.327
25.36, -0.8000, -7.180
25.37, -0.8000, -6.698
25.38, -0.8000, -8.088
25.39, -0.8000, -8.555
25.40, -0.8000, -6.976
25.41, -0.8000, -6.444
25.42, -0.8000, -7.527
25.43, -0.8000, -6.769
25.44, -0.8000, -3.432
25.45, -0.8000, -7.001
25.46, -0.8000, -7.545
25.47, -0.8000, -4.626
25.48, -0.8000, -6.682
25.49, -0.8000, -6.142
25.50, -0.8000, -6.671
25.51, -0.8000, -9.140
25.52, -0.8000, -7.285
25.53, -0.8000, -6.958
25.54, -0.8000, -7.120
25.55, -0.8000, -5.099
25.56, -0.8000, -7.084
25.57, -0.8000, -7.047
25.58, -0.8000, -5.667
25.59, -0.8000, -6.135
25.60, -0.8000, -6.758
25.61, -0.8000, -7.678
25.62, -0.8000, -7.236
25.63, -0.8000, -6.945
25.64, -0.8000, -7.514
25.65, -0.8000, -7.076
25.66, -0.8000, -7.638
25.67, -0.8000, -6.845
25.68, -0.8000, -6.762
25.69, -0.8000, -7.384
25.70, -0.8000, -7.406
25.71, -0.8000, -7.616
25.72, -0.8000, -8.515
25.73, -0.8000, -6.887
25.74, -0.8000, -6.081
25.75, -0.8000, -7.177
25.76, -0.8000, -7.389
25.77, -0.8000, -6.341
25.78, -0.8000, -6.972
25.79, -0.8000, -7.083
25.80, -0.8000, -7.207
25.81, -0.8000, -7.320
25.82, -0.8000, -8.149
25.83, -0.8000, -6.062
25.84, -0.8000, -5.251
25.85, -0.8000, -6.976
25.86, -0.8000, -7.754
25.87, -0.8000, -5.341
25.88, -0.8000, -7.905
25.89, -0.8000, -6.815
25.90, -0.8000, -8.093
25.91, -0.8000, -6.455
25.92, -0.8000, -7.083
25.93, -0.8000, -6.909
25.94, -0.8000, -7.257
25.95, -0.8000, -6.802
25.96, -0.8000, -8.119
25.97, -0.8000, -6.978
25.98, -0.8000, -7.774
25.99, -0.8000, -7.137
26.00, -0.8000, -7.696
26.01, -0.8000, -7.070
26.02, -0.8000, -4.760
26.03, -0.8000, -6.641
26.04, -0.8000, -6.027
26.05, -0.8000, -6.729
26.06, -0.8000, -6.912
26.07, -0.8000, -7.356
26.08, -0.8000, -5.972
26.09, -0.8000, -7.078
26.10, -0.8000, -6.618
26.11, -0.8000, -6.480
26.12, -0.8000, -6.922
26.13, -0.8000, -5.247
26.14, -0.8000, -8.320
26.15, -0.8000, -7.179
26.16, -0.8000, -5.106
26.17, -0.8000, -6.366
26.18, -0.8000, -6.716
26.19, -0.8000, -6.647
26.20, -0.8000, -7.868
26.21, -0.8000, -6.882
26.22, -0.8000, -6.746
26.23, -0.8000, -8.913
26.24, -0.8000, -6.947
26.25, -0.8000, -6.518
26.26, -0.8000, -4.826
26.27, -0.8000, -7.282
26.28, -0.8000, -5.455
26.29, -0.8000, -6.660
26.30, -0.8000, -8.228
26.31, -0.8000, -7.132
26.32, -0.8000, -7.020
26.33, -0.8000, -8.017
26.34, -0.8000, -6.482
26.35, -0.8000, -8.152
26.36, -0.8000, -7.163
26.37, -0.8000, -8.452
26.38, -0.8000, -7.376
26.39, -0.8000, -7.360
26.40, -0.8000, -7.770
26.41, -0.8000, -6.950
26.42, -0.8000, -6.944
26.43, -0.8000, -9.168
26.44, -0.8000, -7.506
26.45, -0.8000, -9.232
26.46, -0.8000, -7.485
26.47, -0.8000, -9.443
26.48, -0.8000, -6.907
26.49, -0.8000, -7.324
26.50, -0.8000, -7.692
26.51, -0.8000, -7.116
26.52, -0.8000, -5.921
26.53, -0.8000, -6.902
26.54, -0.8000, -6.961
26.55, -0.8000, -6.527
26.56, -0.8000, -8.839
26.57, -0.8000, -7.653
26.58, -0.8000, -6.880
26.59, -0.8000, -7.646
26.60, -0.8000, -7.200
26.61, -0.8000, -5.013
26.62, -0.8000, -5.778
26.63, -0.8000, -7.635
26.64, -0.8000, -6.618
26.65, -0.8000, -8.155
26.66, -0.8000, -6.247
26.67, -0.8000, -7.359
26.68, -0.8000, -6.138
26.69, -0.8000, -7.487
26.70, -0.8000, -6.705
26.71, -0.8000, -7.308
26.72, -0.8000, -6.123
26.73, -0.8000, -6.699
26.74, -0.8000, -6.915
26.75, -0.8000, -7.823
26.76, -0.8000, -6.504
26.77, -0.8000, -5.906
26.78, -0.8000, -4.364
26.79, -0.8000, -7.436
26.80, -0.8000, -5.913
26.81, -0.8000, -6.677
26.82, -0.8000, -7.430
26.83, -0.8000, -7.647
26.84, -0.8000, -7.492
26.85, -0.8000, -7.675
26.86, -0.8000, -7.821
26.87, -0.8000, -7.039
26.88, -0.8000, -6.190
26.89, -0.8000, -10.52
26.90, -0.8000, -5.621
26.91, -0.8000, -5.449
26.92, -0.8000, -7.736
26.93, -0.8000, -6.887
26.94, -0.8000, -8.662
26.95, -0.8000, -7.576
26.96, -0.8000, -6.855
26.97, -0.8000, -6.471
26.98, -0.8000, -6.788
26.99, -0.8000, -3.261
27.00, -0.8000, -7.555
27.01, -0.8000, -6.880
27.02, -0.8000, -6.504
27.03, -0.8000, -5.371
27.04, -0.8000, -4.407
27.05, -0.8000, -7.662
27.06, -0.8000, -7.083
27.07, -0.8000, -6.703
27.08, -0.8000, -6.249
27.09, -0.8000, -7.201
27.10, -0.8000, -6.400
27.11, -0.8000, -5.509
27.12, -0.8000, -11.41
27.13, -0.8000, -6.600
27.14, -0.8000, -6.934
27.15, -0.8000, -5.002
27.16, -0.8000, -6.754
27.17, -0.8000, -7.338
27.18, -0.8000, -5.103
27.19, -0.8000, -5.082
27.20, -0.8000, -7.327
27.21, -0.8000, -5.334
27.22, -0.8000, -7.812
27.23, -0.8000, -6.372
27.24, -0.8000, -5.781
27.25, -0.8000, -7.111
27.26, -0.8000, -9.322
27.27, -0.8000, -6.297
27.28, -0.8000, -6.518
27.29, -0.8000, -4.327
27.30, -0.8000, -7.304
27.31, -0.8000, -5.326
27.32, -0.8000, -6.977
27.33, -0.8000, -5.994
27.34, -0.8000, -7.341
27.35, -0.8000, -7.020
27.36, -0.8000, -9.865
27.37, -0.8000, -7.344
27.38, -0.8000, -5.899
27.39, -0.8000, -6.546
27.40, -0.8000, -9.520
27.41, -0.8000, -6.293
27.42, -0.8000, -6.821
27.43, -0.8000, -6.843
27.44, -0.8000, -7.040
27.45, -0.8000, -7.384
27.46, -0.8000, -7.571
27.47, -0.8000, -6.285
27.48, -0.8000, -7.347
27.49, -0.8000, -7.336
27.50, -0.8000, -7.484
27.51, -0.8000, -5.921
27.52, -0.8000, -8.232
27.53, -0.8000, -7.055
27.54, -0.8000, -6.677
27.55, -0.8000, -4.984
27.56, -0.8000, -7.136
27.57, -0.8000, -6.394
27.58, -0.8000, -6.848
27.59, -0.8000, -4.992
27.60, -0.8000, -7.224
27.61, -0.8000, -5.430
27.62, -0.8000, -7.217
27.63, -0.8000, -6.973
27.64, -0.8000, -10.12
27.65, -0.8000, -6.923
27.66, -0.8000, -6.007
27.67, -0.8000, -7.030
27.68, -0.8000, -8.576
27.69, -0.8000, -7.164
27.70, -0.8000, -6.284
27.71, -0.8000, -6.102
27.72, -0.8000, -5.691
27.73, -0.8000, -7.636
27.74, -0.8000, -6.582
27.75, -0.8000, -10.64
27.76, -0.8000, -6.800
27.77, -0.8000, -6.731
27.78, -0.8000, -5.082
27.79, -0.8000, -7.886
27.80, -0.8000, -6.691
27.81, -0.8000, -6.462
27.82, -0.8000, -4.887
27.83, -0.8000, -10.40
27.84, -0.8000, -6.508
27.85, -0.8000, -8.210
27.86, -0.8000, -8.405
27.87, -0.8000, -6.931
27.88, -0.8000, -3.217
27.89, -0.8000, -6.568
27.90, -0.8000, -5.405
27.91, -0.8000, -7.243
27.92, -0.8000, -5.732
27.93, -0.8000, -7.763
27.94, -0.8000, -7.601
27.95, -0.8000, -6.315
27.96, -0.8000, -6.691
27.97, -0.8000, -6.312
27.98, -0.8000, -6.960
27.99, -0.8000, -5.907
28.00, -0.8000, -6.791
28.01, -0.8000, -8.258
28.02, -0.8000, -6.251
28.03, -0.8000, -7.078
28.04, -0.8000, -9.405
28.05, -0.8000, -5.906
28.06, -0.8000, -7.074
28.07, -0.8000, -8.259
28.08, -0.8000, -6.895
28.09, -0.8000, -7.014
28.10, -0.8000, -5.390
28.11, -0.8000, -9.428
28.12, -0.8000, -6.708
28.13, -0.8000, -6.337
28.14, -0.8000, -7.675
28.15, -0.8000, -7.071
28.16, -0.8000, -6.914
28.17, -0.8000, -7.668
28.18, -0.8000, -6.915
28.19, -0.8000, -6.171
28.20, -0.8000, -2.906
28.21, -0.8000, -7.004
28.22, -0.8000, -5.824
28.23, -0.8000, -4.252
28.24, -0.8000, -6.757
28.25, -0.8000, -7.385
28.26, -0.8000, -3.914
28.27, -0.8000, -7.206
28.28, -0.8000, -6.547
28.29, -0.8000, -5.411
28.30, -0.8000, -8.216
28.31, -0.8000, -6.965
28.32, -0.8000, -6.193
28.33, -0.8000, -5.730
28.34, -0.8000, -10.01
28.35, -0.8000, -5.973
28.36, -0.8000, -5.421
28.37, -0.8000, -9.652
28.38, -0.8000, -6.490
28.39, -0.8000, -6.790
28.40, -0.8000, -6.924
28.41, -0.8000, -5.274
28.42, -0.8000, -7.168
28.43, -0.8000, -6.505
28.44, -0.8000, -6.736
28.45, -0.8000, -11.61
28.46, -0.8000, -6.774
28.47, -0.8000, -6.877
28.48, -0.8000, -9.955
28.49, -0.8000, -6.900
28.50, -0.8000, -7.438
28.51, -0.8000, -8.299
28.52, -0.8000, -5.733
28.53, -0.8000, -6.499
28.54, -0.8000, -3.562
28.55, -0.8000, -6.288
28.56, -0.8000, -7.569
28.57, -0.8000, -3.693
28.58, -0.8000, -6.384
28.59, -0.8000, -4.772
28.60, -0.8000, -7.496
28.61, -0.8000, -7.532
28.62, -0.8000, -7.786
28.63, -0.8000, -7.391
28.64, -0.8000, -5.036
28.65, -0.8000, -8.518
28.66, -0.8000, -6.437
28.67, -0.8000, -5.560
28.68, -0.8000, -6.076
28.69, -0.8000, -6.904
28.70, -0.8000, -7.495
28.71, -0.8000, -6.791
28.72, -0.8000, -5.502
28.73, -0.8000, -7.258
28.74, -0.8000, -5.948
28.75, -0.8000, -5.253
28.76, -0.8000, -4.810
28.77, -0.8000, -7.260
28.78, -0.8000, -6.891
28.79, -0.8000, -6.214
28.80, -0.8000, -9.359
28.81, -0.8000, -6.786
28.82, -0.8000, -5.811
28.83, -0.8000, -9.133
28.84, -0.8000, -7.361
28.85, -0.8000, -6.747
28.86, -0.8000, -6.448
28.87, -0.8000, -7.002
28.88, -0.8000, -5.532
28.89, -0.8000, -6.905
28.90, -0.8000, -5.202
28.91, -0.8000, -7.157
28.92, -0.8000, -5.633
28.93, -0.8000, -6.486
28.94, -0.8000, -7.780
28.95, -0.8000, -7.510
28.96, -0.8000, -5.256
28.97, -0.8000, -7.550
28.98, -0.8000, -6.170
28.99, -0.8000, -6.775
29.00, -0.8000, -8.505
29.01, -0.8000, -6.229
29.02, -0.8000, -6.748
29.03, -0.8000, -10.49
29.04, -0.8000, -6.840
29.05, -0.8000, -7.130
29.06, -0.8000, -6.780
29.07, -0.8000, -5.044
29.08, -0.8000, -6.643
29.09, -0.8000, -6.344
29.10, -0.8000, -5.113
29.11, -0.8000, -8.418
29.12, -0.8000, -6.649
29.13, -0.8000, -9.476
29.14, -0.8000, -7.235
29.15, -0.8000, -7.276
29.16, -0.8000, -6.614
29.17, -0.8000, -7.674
29.18, -0.8000, -5.938
29.19, -0.8000, -7.534
29.20, -0.8000, -6.782
29.21, -0.8000, -5.349
29.22, -0.8000, -7.434
29.23, -0.8000, -7.440
29.24, -0.8000, -5.883
29.25, -0.8000, -8.062
29.26, -0.8000, -5.818
29.27, -0.8000, -4.357
29.28, -0.8000, -7.237
29.29, -0.8000, -7.174
29.30, -0.8000, -7.671
29.31, -0.8000, -5.278
29.32, -0.8000, -7.038
29.33, -0.8000, -4.970
29.34, -0.8000, -6.644
29.35, -0.8000, -9.373
29.36, -0.8000, -6.638
29.37, -0.8000, -6.473
29.38, -0.8000, -6.908
29.39, -0.8000, -7.549
29.40, -0.8000, -7.488
29.41, -0.8000, -8.589
29.42, -0.8000, -5.928
29.43, -0.8000, -6.166
29.44, -0.8000, -7.638
29.45, -0.8000, -6.027
29.46, -0.8000, -7.622
29.47, -0.8000, -6.248
29.48, -0.8000, -6.583
29.49, -0.8000, -7.493
29.50, -0.8000, -6.359
29.51, -0.8000, -6.087
29.52, -0.8000, -6.591
29.53, -0.8000, -7.586
29.54, -0.8000, -5.012
29.55, -0.8000, -6.774
29.56, -0.8000, -7.914
29.57, -0.8000, -6.140
29.58, -0.8000, -7.060
29.59, -0.8000, -8.540
29.60, -0.8000, -6.893
29.61, -0.8000, -7.277
29.62, -0.8000, -5.114
29.63, -0.8000, -6.977
29.64, -0.8000, -7.690
29.65, -0.8000, -8.694
29.66, -0.8000, -5.983
29.67, -0.8000, -6.335
29.68, -0.8000, -7.162
29.69, -0.8000, -4.942
29.70, -0.8000, -5.241
29.71, -0.8000, -6.519
29.72, -0.8000, -7.143
29.73, -0.8000, -7.583
29.74, -0.8000, -6.132
29.75, -0.8000, -7.241
29.76, -0.8000, -6.716
29.77, -0.8000, -6.135
29.78, -0.8000, -6.760
29.79, -0.8000, -5.348
29.80, -0.8000, -6.085
29.81, -0.8000, -7.595
29.82, -0.8000, -7.239
29.83, -0.8000, -6.061
29.84, -0.8000, -7.086
29.85, -0.8000, -7.407
29.86, -0.8000, -6.874
29.87, -0.8000, -6.154
29.88, -0.8000, -7.206
29.89, -0.8000, -7.080
29.90, -0.8000, -7.165
29.91, -0.8000, -6.858
29.92, -0.8000, -6.919
29.93, -0.8000, -6.434
29.94, -0.8000, -6.211
29.95, -0.8000, -5.647
29.96, -0.8000, -7.255
29.97, -0.8000, -3.874
29.98, -0.8000, -6.301
29.99, -0.8000, -8.476
30.00, -0.8000, -7.124
30.01, -0.8000, -7.277
30.02, -0.8000, -5.920
30.03, -0.8000, -7.277
30.04, -0.8000, -9.684
30.05, -0.8000, -6.214
30.06, -0.8000, -9.686
30.07, -0.8000, -6.646
30.08, -0.8000, -9.178
30.09, -0.8000, -6.195
30.10, -0.8000, -7.012
30.11, -0.8000, -5.993
30.12, -0.8000, -6.326
30.13, -0.8000, -7.041
30.14, -0.8000, -8.027
30.15, -0.8000, -5.084
30.16, -0.8000, -6.818
30.17, -0.8000, -8.752
30.18, -0.8000, -4.936
30.19, -0.8000, -5.955
30.20, -0.8000, -9.899
30.21, -0.8000, -6.555
30.22, -0.8000, -8.189
30.23, -0.8000, -5.696
30.24, -0.8000, -7.406
30.25, -0.8000, -6.559
30.26, -0.8000, -7.982
30.27, -0.8000, -5.864
30.28, -0.8000, -6.626
30.29, -0.8000, -7.190
30.30, -0.8000, -5.486
30.31, -0.8000, -5.455
30.32, -0.8000, -6.145
30.33, -0.8000, -7.108
30.34, -0.8000, -7.563
30.35, -0.8000, -7.133
30.36, -0.8000, -8.234
30.37, -0.8000, -7.208
30.38, -0.8000, -6.641
30.39, -0.8000, -7.107
30.40, -0.8000, -6.949
30.41, -0.8000, -5.818
30.42, -0.8000, -6.802
30.43, -0.8000, -8.818
30.44, -0.8000, -6.346
30.45, -0.8000, -6.814
30.46, -0.8000, -7.778
30.47, -0.8000, -7.057
30.48, -0.8000, -6.602
30.49, -0.8000, -7.722
30.50, -0.8000, -7.922
30.51, -0.8000, -7.034
30.52, -0.8000, -7.601
30.53, -0.8000, -5.379
30.54, -0.8000, -7.103
30.55, -0.8000, -4.801
30.56, -0.8000, -7.361
30.57, -0.8000, -6.003
30.58, -0.8000, -7.762
30.59, -0.8000, -6.831
30.60, -0.8000, -7.913
30.61, -0.8000, -6.403
30.62, -0.8000, -7.286
30.63, -0.8000, -6.806
30.64, -0.8000, -7.128
30.65, -0.8000, -7.707
30.66, -0.8000, -6.265
30.67, -0.8000, -6.448
30.68, -0.8000, -7.009
30.69, -0.8000, -8.308
30.70, -0.8000, -7.075
30.71, -0.8000, -7.220
30.72, -0.8000, -6.900
30.73, -0.8000, -3.725
30.74, -0.8000, -6.790
30.75, -0.8000, -7.326
30.76, -0.8000, -5.823
30.77, -0.8000, -6.526
30.78, -0.8000, -5.560
30.79, -0.8000, -7.285
30.80, -0.8000, -5.640
30.81, -0.8000, -7.191
30.82, -0.8000, -6.411
30.83, -0.8000, -10.00
30.84, -0.8000, -7.019
30.85, -0.8000, -6.831
30.86, -0.8000, -6.713
30.87, -0.8000, -7.304
30.88, -0.8000, -5.186
30.89, -0.8000, -8.424
30.90, -0.8000, -6.511
30.91, -0.8000, -4.688
30.92, -0.8000, -6.768
30.93, -0.8000, -5.239
30.94, -0.8000, -6.932
30.95, -0.8000, -4.959
30.96, -0.8000, -6.799
30.97, -0.8000, -6.643
30.98, -0.8000, -6.270
30.99, -0.8000, -7.211
31.00, -0.8000, -5.657
31.01, -0.8000, -6.642
31.02, -0.8000, -5.878
31.03, -0.8000, -7.152
31.04, -0.8000, -6.967
31.05, -0.8000, -6.259
31.06, -0.8000, -6.708
31.07, -0.8000, -7.406
31.08, -0.8000, -7.036
31.09, -0.8000, -6.953
31.10, -0.8000, -4.509
31.11, -0.8000, -6.471
31.12, -0.8000, -6.660
31.13, -0.8000, -5.567
31.14, -0.8000, -7.255
31.15, -0.8000, -6.028
31.16, -0.8000, -7.034
31.17, -0.8000, -6.237
31.18, -0.8000, -6.414
31.19, -0.8000, -6.824
31.20, -0.8000, -5.366
31.21, -0.8000, -10.47
31.22, -0.8000, -6.678
31.23, -0.8000, -5.304
31.24, -0.8000, -7.287
31.25, -0.8000, -6.067
31.26, -0.8000, -6.901
31.27, -0.8000, -7.658
31.28, -0.8000, -5.666
31.29, -0.8000, -6.842
31.30, -0.8000, -7.519
31.31, -0.8000, -6.361
31.32, -0.8000, -8.167
31.33, -0.8000, -6.111
31.34, -0.8000, -5.711
31.35, -0.8000, -6.814
31.36, -0.8000, -7.913
31.37, -0.8000, -6.653
31.38, -0.8000, -6.854
31.39, -0.8000, -6.625
31.40, -0.8000, -4.776
31.41, -0.8000, -6.865
31.42, -0.8000, -6.380
31.43, -0.8000, -8.604
31.44, -0.8000, -6.439
31.45, -0.8000, -4.950
31.46, -0.8000, -6.860
31.47, -0.8000, -5.430
31.48, -0.8000, -7.562
31.49, -0.8000, -6.652
31.50, -0.8000, -9.236
31.51, -0.8000, -6.873
31.52, -0.8000, -5.206
31.53, -0.8000, -7.531
31.54, -0.8000, -6.488
31.55, -0.8000, -6.822
31.56, -0.8000, -6.134
31.57, -0.8000, -5.777
31.58, -0.8000, -6.348
31.59, -0.8000, -7.925
31.60, -0.8000, -7.191
31.61, -0.8000, -6.505
31.62, -0.8000, -6.471
31.63, -0.8000, -9.007
31.64, -0.8000, -6.983
31.65, -0.8000, -7.106
31.66, -0.8000, -5.025
31.67, -0.8000, -8.909
31.68, -0.8000, -5.757
31.69, -0.8000, -6.104
31.70, -0.8000, -7.369
31.71, -0.8000, -6.718
31.72, -0.8000, -4.420
31.73, -0.8000, -8.485
31.74, -0.8000, -6.804
31.75, -0.8000, -6.645
31.76, -0.8000, -7.126
31.77, -0.8000, -6.320
31.78, -0.8000, -6.628
31.79, -0.8000, -5.292
31.80, -0.8000, -6.714
31.81, -0.8000, -6.362
31.82, -0.8000, -5.437
31.83, -0.8000, -6.482
31.84, -0.8000, -5.495
31.85, -0.8000, -7.531
31.86, -0.8000, -6.550
31.87, -0.8000, -6.025
31.88, -0.8000, -6.674
31.89, -0.8000, -6.201
31.90, -0.8000, -7.004
31.91, -0.8000, -6.507
31.92, -0.8000, -5.954
31.93, -0.8000, -6.628
31.94, -0.8000, -4.984
31.95, -0.8000, -6.875
31.96, -0.8000, -7.670
31.97, -0.8000, -4.728
31.98, -0.8000, -7.077
31.99, -0.8000, -7.743
32.00, -0.8000, -7.167
32.01, -0.8000, -5.780
32.02, -0.8000, -7.254
32.03, -0.8000, -4.807
32.04, -0.8000, -6.753
32.05, -0.8000, -6.054
32.06, -0.8000, -9.481
32.07, -0.8000, -6.545
32.08, -0.8000, -7.888
32.09, -0.8000, -5.230
32.10, -0.8000, -7.117
32.11, -0.8000, -7.385
32.12, -0.8000, -8.241
32.13, -0.8000, -6.268
32.14, -0.8000, -5.259
32.15, -0.8000, -6.641
32.16, -0.8000, -6.792
32.17, -0.8000, -6.861
32.18, -0.8000, -6.603
32.19, -0.8000, -6.417
32.20, -0.8000, -7.057
32.21, -0.8000, -6.501
32.22, -0.8000, -9.270
32.23, -0.8000, -6.424
32.24, -0.8000, -6.180
32.25, -0.8000, -7.096
32.26, -0.8000, -6.324
32.27, -0.8000, -5.834
32.28, -0.8000, -6.378
32.29, -0.8000, -4.319
32.30, -0.8000, -6.147
32.31, -0.8000, -8.917
32.32, -0.8000, -6.460
32.33, -0.8000, -7.714
32.34, -0.8000, -9.530
32.35, -0.8000, -5.990
32.36, -0.8000, -6.354
32.37, -0.8000, -5.042
32.38, -0.8000, -5.287
32.39, -0.8000, -6.743
32.40, -0.8000, -6.632
32.41, -0.8000, -4.699
32.42, -0.8000, -6.751
32.43, -0.8000, -5.193
32.44, -0.8000, -7.455
32.45, -0.8000, -6.799
32.46, -0.8000, -5.090
32.47, -0.8000, -6.160
32.48, -0.8000, -6.794
32.49, -0.8000, -5.411
32.50, -0.8000, -6.617
32.51, -0.8000, -5.401
32.52, -0.8000, -7.564
32.53, -0.8000, -7.139
32.54, -0.8000, -6.377
32.55, -0.8000, -5.774
32.56, -0.8000, -7.465
32.57, -0.8000, -6.843
32.58, -0.8000, -6.524
32.59, -0.8000, -6.364
32.60, -0.8000, -4.521
32.61, -0.8000, -6.104
32.62, -0.8000, -6.672
32.63, -0.8000, -6.831
32.64, -0.8000, -7.147
32.65, -0.8000, -6.485
32.66, -0.8000, -5.107
32.67, -0.8000, -6.914
32.68, -0.8000, -8.383
32.69, -0.8000, -7.109
32.70, -0.8000, -4.524
32.71, -0.8000, -7.012
32.72, -0.8000, -7.168
32.73, -0.8000, -8.054
32.74, -0.8000, -5.718
32.75, -0.8000, -7.705
32.76, -0.8000, -6.635
32.77, -0.8000, -7.864
32.78, -0.8000, -12.60
32.79, -0.8000, -6.464
32.80, -0.8000, -5.396
32.81, -0.8000, -11.16
32.82, -0.8000, -7.326
32.83, -0.8000, -6.490
32.84, -0.8000, -6.318
32.85, -0.8000, -5.930
32.86, -0.8000, -7.043
32.87, -0.8000, -6.286
32.88, -0.8000, -5.242
32.89, -0.8000, -6.701
32.90, -0.8000, -7.378
32.91, -0.8000, -5.888
32.92, -0.8000, -6.266
32.93, -0.8000, -4.568
32.94, -0.8000, -6.927
32.95, -0.8000, -6.564
32.96, -0.8000, -8.328
32.97, -0.8000, -6.909
32.98, -0.8000, -3.305
32.99, -0.8000, -6.417
33.00, -0.8000, -6.595
33.01, -0.8000, -6.948
33.02, -0.8000, -5.086
33.03, -0.8000, -6.869
33.04, -0.8000, -5.711
33.05, -0.8000, -6.272
33.06, -0.8000, -6.425
33.07, -0.8000, -7.026
33.08, -0.8000, -6.176
33.09, -0.8000, -6.340
33.10, -0.8000, -6.683
33.11, -0.8000, -7.577
33.12, -0.8000, -4.543
33.13, -0.8000, -5.867
33.14, -0.8000, -6.832
33.15, -0.8000, -7.755
33.16, -0.8000, -7.274
33.17, -0.8000, -6.733
33.18, -0.8000, -5.145
33.19, -0.8000, -6.386
33.20, -0.8000, -5.226
33.21, -0.8000, -6.072
33.22, -0.8000, -5.916
33.23, -0.8000, -6.636
33.24, -0.8000, -6.990
33.25, -0.8000, -6.226
33.26, -0.8000, -5.652
33.27, -0.8000, -6.859
33.28, -0.8000, -8.463
33.29, -0.8000, -6.310
33.30, -0.8000, -6.665
33.31, -0.8000, -9.250
33.32, -0.8000, -6.508
33.33, -0.8000, -7.647
33.34, -0.8000, -6.439
33.35, -0.8000, -7.100
33.36, -0.8000, -7.048
33.37, -0.8000, -7.337
33.38, -0.8000, -5.632
33.39, -0.8000, -6.697
33.40, -0.8000, -7.877
33.41, -0.8000, -7.235
33.42, -0.8000, -5.573
33.43, -0.8000, -11.51
33.44, -0.8000, -6.502
33.45, -0.8000, -6.896
33.46, -0.8000, -6.313
33.47, -0.8000, -5.505
33.48, -0.8000, -6.833
33.49, -0.8000, -6.066
33.50, -0.8000, -6.785
33.51, -0.8000, -5.272
33.52, -0.8000, -6.030
33.53, -0.8000, -6.725
33.54, -0.8000, -8.529
33.55, -0.8000, -4.981
33.56, -0.8000, -6.483
33.57, -0.8000, -6.780
33.58, -0.8000, -7.619
33.59, -0.8000, -7.735
33.60, -0.8000, -6.642
33.61, -0.8000, -6.442
33.62, -0.8000, -9.558
33.63, -0.8000, -4.970
33.64, -0.8000, -6.234
33.65, -0.8000, -7.414
33.66, -0.8000, -6.339
33.67, -0.8000, -6.903
33.68, -0.8000, -6.386
33.69, -0.8000, -7.680
33.70, -0.8000, -5.297
33.71, -0.8000, -7.434
33.72, -0.8000, -5.315
33.73, -0.8000, -6.292
33.74, -0.8000, -6.844
33.75, -0.8000, -5.587
33.76, -0.8000, -7.667
33.77, -0.8000, -6.538
33.78, -0.8000, -8.861
33.79, -0.8000, -6.666
33.80, -0.8000, -9.344
33.81, -0.8000, -6.604
33.82, -0.8000, -4.642
33.83, -0.8000, -5.848
33.84, -0.8000, -6.606
33.85, -0.8000, -6.146
33.86, -0.8000, -4.854
33.87, -0.8000, -5.609
33.88, -0.8000, -7.320
33.89, -0.8000, -7.035
33.90, -0.8000, -5.902
33.91, -0.8000, -4.043
33.92, -0.8000, -6.591
33.93, -0.8000, -6.678
33.94, -0.8000, -7.022
33.95, -0.8000, -7.086
33.96, -0.8000, -6.362
33.97, -0.8000, -7.591
33.98, -0.8000, -4.876
33.99, -0.8000, -6.330
34.00, -0.8000, -6.149
34.01, -0.8000, -5.873
34.02, -0.8000, -6.580
34.03, -0.8000, -7.154
34.04, -0.8000, -6.706
34.05, -0.8000, -6.468
34.06, -0.8000, -8.851
34.07, -0.8000, -7.135
34.08, -0.8000, -4.394
34.09, -0.8000, -5.732
34.10, -0.8000, -4.779
34.11, -0.8000, -5.639
34.12, -0.8000, -6.129
34.13, -0.8000, -6.668
34.14, -0.8000, -7.175
34.15, -0.8000, -6.463
34.16, -0.8000, -7.166
34.17, -0.8000, -7.082
34.18, -0.8000, -5.402
34.19, -0.8000, -6.266
34.20, -0.8000, -6.050
34.21, -0.8000, -6.825
34.22, -0.8000, -5.530
34.23, -0.8000, -3.150
34.24, -0.8000, -6.736
34.25, -0.8000, -3.019
34.26, -0.8000, -6.647
34.27, -0.8000, -8.448
34.28, -0.8000, -7.397
34.29, -0.8000, -6.190
34.30, -0.8000, -5.075
34.31, -0.8000, -4.507
34.32, -0.8000, -6.205
34.33, -0.8000, -6.444
34.34, -0.8000, -8.133
34.35, -0.8000, -6.332
34.36, -0.8000, -5.476
34.37, -0.8000, -7.039
34.38, -0.8000, -8.611
34.39, -0.8000, -6.549
34.40, -0.8000, -6.399
34.41, -0.8000, -8.053
34.42, -0.8000, -6.112
34.43, -0.8000, -6.494
34.44, -0.8000, -7.280
34.45, -0.8000, -4.334
34.46, -0.8000, -6.199
34.47, -0.8000, -6.307
34.48, -0.8000, -3.324
34.49, -0.8000, -5.802
34.50, -0.8000, -7.790
34.51, -0.8000, -5.544
34.52, -0.8000, -6.983
34.53, -0.8000, -7.515
34.54, -0.8000, -6.622
34.55, -0.8000, -9.358
34.56, -0.8000, -5.478
34.57, -0.8000, -6.413
34.58, -0.8000, -6.974
34.59, -0.8000, -9.255
34.60, -0.8000, -6.891
34.61, -0.8000, -5.360
34.62, -0.8000, -7.884
34.63, -0.8000, -6.075
34.64, -0.8000, -9.720
34.65, -0.8000, -7.097
34.66, -0.8000, -4.981
34.67, -0.8000, -7.150
34.68, -0.8000, -6.061
34.69, -0.8000, -9.393
34.70, -0.8000, -5.851
34.71, -0.8000, -4.830
34.72, -0.8000, -6.571
34.73, -0.8000, -2.866
34.74, -0.8000, -6.519
34.75, -0.8000, -4.769
34.76, -0.8000, -7.252
34.77, -0.8000, -5.201
34.78, -0.8000, -6.040
34.79, -0.8000, -5.695
34.80, -0.8000, -5.822
34.81, -0.8000, -4.758
34.82, -0.8000, -6.670
34.83, -0.8000, -6.877
34.84, -0.8000, -7.336
34.85, -0.8000, -5.673
34.86, -0.8000, -6.898
34.87, -0.8000, -6.264
34.88, -0.8000, -5.690
34.89, -0.8000, -6.126
34.90, -0.8000, -6.738
34.91, -0.8000, -4.667
34.92, -0.8000, -6.162
34.93, -0.8000, -5.900
34.94, -0.8000, -3.876
34.95, -0.8000, -7.805
34.96, -0.8000, -6.831
34.97, -0.8000, -5.378
34.98, -0.8000, -9.273
34.99, -0.8000, -7.018
35.00, -0.8000, -5.989
35.01, -0.8000, -8.013
35.02, -0.8000, -3.870
35.03, -0.8000, -7.727
35.04, -0.8000, -6.376
35.05, -0.8000, -6.228
35.06, -0.8000, -4.554
35.07, -0.8000, -9.247
35.08, -0.8000, -6.352
35.09, -0.8000, -6.393
35.10, -0.8000, -6.262
35.11, -0.8000, -5.565
35.12, -0.8000, -8.850
35.13, -0.8000, -6.614
35.14, -0.8000, -5.698
35.15, -0.8000, -6.397
35.16, -0.8000, -5.491
35.17, -0.8000, -10.38
35.18, -0.8000, -6.660
35.19, -0.8000, -5.453
35.20, -0.8000, -6.798
35.21, -0.8000, -6.718
35.22, -0.8000, -6.071
35.23, -0.8000, -4.771
35.24, -0.8000, -11.23
35.25, -0.8000, -5.893
35.26, -0.8000, -6.998
35.27, -0.8000, -6.739
35.28, -0.8000, -5.466
35.29, -0.8000, -3.954
35.30, -0.8000, -6.104
35.31, -0.8000, -5.000
35.32, -0.8000, -7.072
35.33, -0.8000, -6.706
35.34, -0.8000, -5.157
35.35, -0.8000, -8.153
35.36, -0.8000, -6.462
35.37, -0.8000, -9.445
35.38, -0.8000, -6.844
35.39, -0.8000, -7.028
35.40, -0.8000, -6.893
35.41, -0.8000, -6.219
35.42, -0.8000, -6.937
35.43, -0.8000, -6.605
35.44, -0.8000, -6.960
35.45, -0.8000, -5.176
35.46, -0.8000, -7.538
35.47, -0.8000, -9.291
35.48, -0.8000, -6.390
35.49, -0.8000, -5.695
35.50, -0.8000, -5.395
35.51, -0.8000, -5.800
35.52, -0.8000, -8.773
35.53, -0.8000, -6.545
35.54, -0.8000, -6.497
35.55, -0.8000, -7.365
35.56, -0.8000, -5.501
35.57, -0.8000, -6.675
35.58, -0.8000, -5.080
35.59, -0.8000, -5.850
35.60, -0.8000, -7.663
35.61, -0.8000, -6.192
35.62, -0.8000, -6.781
35.63, -0.8000, -7.810
35.64, -0.8000, -6.822
35.65, -0.8000, -5.549
35.66, -0.8000, -5.426
35.67, -0.8000, -6.863
35.68, -0.8000, -6.249
35.69, -0.8000, -5.368
35.70, -0.8000, -9.987
35.71, -0.8000, -6.298
35.72, -0.8000, -6.737
35.73, -0.8000, -5.066
35.74, -0.8000, -6.503
35.75, -0.8000, -6.027
35.76, -0.8000, -5.337
35.77, -0.8000, -7.013
35.78, -0.8000, -6.491
35.79, -0.8000, -6.417
35.80, -0.8000, -6.136
35.81, -0.8000, -6.110
35.82, -0.8000, -7.634
35.83, -0.8000, -6.876
35.84, -0.8000, -6.326
35.85, -0.8000, -5.458
35.86, -0.8000, -6.213
35.87, -0.8000, -5.326
35.88, -0.8000, -3.474
35.89, -0.8000, -1.548
35.90, -0.8000, -3.225
35.91, -0.8000, -7.034
35.92, -0.8000, -6.429
35.93, -0.8000, -6.635
35.94, -0.8000, -6.523
35.95, -0.8000, -4.033
35.96, -0.8000, -7.184
35.97, -0.8000, -5.973
35.98, -0.8000, -5.135
35.99, -0.8000, -6.746
36.00, -0.8000, -5.422
36.01, -0.8000, -6.683
36.02, -0.8000, -6.284
36.03, -0.8000, -3.546
36.04, -0.8000, -6.963
36.05, -0.8000, -3.777
36.06, -0.8000, -6.126
36.07, -0.8000, -3.017
36.08, -0.8000, -5.906
36.09, -0.8000, -6.417
36.10, -0.8000, -3.786
36.11, -0.8000, -6.695
36.12, -0.8000, -6.485
36.13, -0.8000, -4.803
36.14, -0.8000, -7.039
36.15, -0.8000, -5.605
36.16, -0.8000, -7.214
36.17, -0.8000, -5.299
36.18, -0.8000, -6.562
36.19, -0.8000, -5.694
36.20, -0.8000, -6.237
36.21, -0.8000, -7.798
36.22, -0.8000, -6.200
36.23, -0.8000, -5.893
36.24, -0.8000, -11.75
36.25, -0.8000, -7.429
36.26, -0.8000, -6.254
36.27, -0.8000, -8.488
36.28, -0.8000, -5.955
36.29, -0.8000, -5.780
36.30, -0.8000, -6.169
36.31, -0.8000, -5.112
36.32, -0.8000, -3.743
36.33, -0.8000, -6.217
36.34, -0.8000, -7.992
36.35, -0.8000, -7.963
36.36, -0.8000, -6.091
36.37, -0.8000, -6.767
36.38, -0.8000, -5.788
36.39, -0.8000, -6.352
36.40, -0.8000, -5.834
36.41, -0.8000, -10.14
36.42, -0.8000, -6.528
36.43, -0.8000, -5.538
36.44, -0.8000, -5.142
36.45, -0.8000, -6.553
36.46, -0.8000, -5.268
36.47, -0.8000, -5.915
36.48, -0.8000, -3.721
36.49, -0.8000, -3.258
36.50, -0.8000, -10.73
36.51, -0.8000, -6.817
36.52, -0.8000, -6.319
36.53, -0.8000, -4.971
36.54, -0.8000, -6.839
36.55, -0.8000, -6.393
36.56, -0.8000, -3.156
36.57, -0.8000, -6.974
36.58, -0.8000, -6.580
36.59, -0.8000, -8.216
36.60, -0.8000, -5.984
36.61, -0.8000, -4.970
36.62, -0.8000, -7.047
36.63, -0.8000, -6.737
36.64, -0.8000, -7.427
36.65, -0.8000, -6.341
36.66, -0.8000, -1.891
36.67, -0.8000, -6.409
36.68, -0.8000, -2.457
36.69, -0.8000, -6.454
36.70, -0.8000, -2.870
36.71, -0.8000, -6.031
36.72, -0.8000, -6.939
36.73, -0.8000, -4.143
36.74, -0.8000, -6.158
36.75, -0.8000, -6.058
36.76, -0.8000, -3.747
36.77, -0.8000, -6.612
36.78, -0.8000, -7.863
36.79, -0.8000, -6.145
36.80, -0.8000, -3.748
36.81, -0.8000, -6.264
36.82, -0.8000, -7.467
36.83, -0.8000, -6.363
36.84, -0.8000, -4.634
36.85, -0.8000, -7.221
36.86, -0.8000, -5.321
36.87, -0.8000, -4.894
36.88, -0.8000, -7.073
36.89, -0.8000, -6.191
36.90, -0.8000, -5.778
36.91, -0.8000, -6.753
36.92, -0.8000, -6.152
36.93, -0.8000, -4.533
36.94, -0.8000, -6.196
36.95, -0.8000, -7.004
36.96, -0.8000, -7.168
36.97, -0.8000, -6.041
36.98, -0.8000, -8.150
36.99, -0.8000, -5.979
37.00, -0.8000, -5.213
37.01, -0.8000, -6.122
37.02, -0.8000, -7.997
37.03, -0.8000, -5.847
37.04, -0.8000, -6.263
37.05, -0.8000, -5.089
37.06, -0.8000, -6.642
37.07, -0.8000, -4.083
37.08, -0.8000, -6.459
37.09, -0.8000, -6.612
37.10, -0.8000, -6.912
37.11, -0.8000, -5.819
37.12, -0.8000, -4.782
37.13, -0.8000, -7.241
37.14, -0.8000, -5.764
37.15, -0.8000, -7.122
37.16, -0.8000, -5.755
37.17, -0.8000, -6.001
37.18, -0.8000, -10.67
37.19, -0.8000, -6.312
37.20, -0.8000, -4.399
37.21, -0.8000, -6.678
37.22, -0.8000, -7.503
37.23, -0.8000, -6.680
37.24, -0.8000, -9.467
37.25, -0.8000, -6.544
37.26, -0.8000, -4.410
37.27, -0.8000, -6.937
37.28, -0.8000, -6.175
37.29, -0.8000, -3.126
37.30, -0.8000, -6.792
37.31, -0.8000, -3.215
37.32, -0.8000, -6.504
37.33, -0.8000, -5.767
37.34, -0.8000, -4.807
37.35, -0.8000, -6.390
37.36, -0.8000, -6.706
37.37, -0.8000, -8.714
37.38, -0.8000, -5.849
37.39, -0.8000, -9.469
37.40, -0.8000, -5.975
37.41, -0.8000, -6.067
37.42, -0.8000, -7.354
37.43, -0.8000, -6.359
37.44, -0.8000, -7.196
37.45, -0.8000, -6.502
37.46, -0.8000, -7.471
37.47, -0.8000, -6.537
37.48, -0.8000, -6.134
37.49, -0.8000, -4.643
37.50, -0.8000, -4.980
37.51, -0.8000, -11.58
37.52, -0.8000, -6.982
37.53, -0.8000, -6.455
37.54, -0.8000, -5.898
37.55, -0.8000, -7.078
37.56, -0.8000, -6.184
37.57, -0.8000, -5.397
37.58, -0.8000, -6.134
37.59, -0.8000, -5.639
37.60, -0.8000, -1.954
37.61, -0.8000, -8.990
37.62, -0.8000, -6.515
37.63, -0.8000, -6.967
37.64, -0.8000, -7.301
37.65, -0.8000, -5.859
37.66, -0.8000, -6.556
37.67, -0.8000, -6.448
37.68, -0.8000, -4.833
37.69, -0.8000, -8.475
37.70, -0.8000, -6.520
37.71, -0.8000, -4.613
37.72, -0.8000, -2.766
37.73, -0.8000, -9.495
37.74, -0.8000, -6.216
37.75, -0.8000, -5.750
37.76, -0.8000, -6.080
37.77, -0.8000, -7.504
37.78, -0.8000, -7.451
37.79, -0.8000, -6.273
37.80, -0.8000, -6.768
37.81, -0.8000, -6.465
37.82, -0.8000, -11.97
37.83, -0.8000, -7.488
37.84, -0.8000, -6.071
37.85, -0.8000, -5.914
37.86, -0.8000, -3.878
37.87, -0.8000, -6.341
37.88, -0.8000, -6.367
37.89, -0.8000, -6.138
37.90, -0.8000, -6.081
37.91, -0.8000, -7.001
37.92, -0.8000, -5.206
37.93, -0.8000, -8.324
37.94, -0.8000, -5.941
37.95, -0.8000, -5.927
37.96, -0.8000, -6.044
37.97, -0.8000, -7.697
37.98, -0.8000, -6.783
37.99, -0.8000, -6.120
38.00, -0.8000, -4.669
38.01, -0.8000, -3.821
38.02, -0.8000, -6.854
38.03, -0.8000, -7.421
38.04, -0.8000, -6.531
38.05, -0.8000, -8.188
38.06, -0.8000, -6.739
38.07, -0.8000, -6.095
38.08, -0.8000, -6.006
38.09, -0.8000, -8.937
38.10, -0.8000, -5.123
38.11, -0.8000, -6.262
38.12, -0.8000, -5.187
38.13, -0.8000, -6.369
38.14, -0.8000, -6.535
38.15, -0.8000, -4.837
38.16, -0.8000, -6.232
38.17, -0.8000, -8.425
38.18, -0.8000, -5.527
38.19, -0.8000, -5.730
38.20, -0.8000, -5.428
38.21, -0.8000, -2.737
38.22, -0.8000, -6.672
38.23, -0.8000, -6.261
38.24, -0.8000, -6.091
38.25, -0.8000, -6.249
38.26, -0.8000, -5.128
38.27, -0.8000, -3.125
38.28, -0.8000, -6.644
38.29, -0.8000, -5.961
38.30, -0.8000, -5.366
38.31, -0.8000, -6.538
38.32, -0.8000, -6.124
38.33, -0.8000, -3.976
38.34, -0.8000, -4.564
38.35, -0.8000, -7.322
38.36, -0.8000, -6.217
38.37, -0.8000, -5.679
38.38, -0.8000, -3.980
38.39, -0.8000, -6.859
38.40, -0.8000, -6.202
38.41, -0.8000, -5.748
38.42, -0.8000, -4.722
38.43, -0.8000, -10.12
38.44, -0.8000, -6.319
38.45, -0.8000, -6.937
38.46, -0.8000, -4.947
38.47, -0.8000, -6.718
38.48, -0.8000, -6.129
38.49, -0.8000, -6.255
38.50, -0.8000, -6.198
38.51, -0.8000, -4.252
38.52, -0.8000, -4.131
38.53, -0.8000, -3.977
38.54, -0.8000, -11.30
38.55, -0.8000, -6.172
38.56, -0.8000, -5.516
38.57, -0.8000, -7.040
38.58, -0.8000, -5.448
38.59, -0.8000, -3.283
38.60, -0.8000, -6.624
38.61, -0.8000, -6.480
38.62, -0.8000, -5.842
38.63, -0.8000, -3.792
38.64, -0.8000, -5.835
38.65, -0.8000, -5.786
38.66, -0.8000, -4.058
38.67, -0.8000, -4.389
38.68, -0.8000, -4.207
38.69, -0.8000, -3.384
38.70, -0.8000, -6.500
38.71, -0.8000, -5.909
38.72, -0.8000, -6.420
38.73, -0.8000, -6.408
38.74, -0.8000, -5.607
38.75, -0.8000, -5.507
38.76, -0.8000, -4.739
38.77, -0.8000, -6.739
38.78, -0.8000, -6.686
38.79, -0.8000, -4.605
38.80, -0.8000, -7.288
38.81, -0.8000, -6.370
38.82, -0.8000, -5.092
38.83, -0.8000, -5.895
38.84, -0.8000, -6.651
38.85, -0.8000, -4.279
38.86, -0.8000, -6.781
38.87, -0.8000, -5.352
38.88, -0.8000, -4.534
38.89, -0.8000, -6.667
38.90, -0.8000, -6.806
38.91, -0.8000, -9.302
38.92, -0.8000, -6.629
38.93, -0.8000, -5.767
38.94, -0.8000, -2.444
38.95, -0.8000, -6.077
38.96, -0.8000, -6.092
38.97, -0.8000, -5.970
38.98, -0.8000, -7.120
38.99, -0.8000, -6.276
39.00, -0.8000, -7.496
39.01, -0.8000, -2.065
39.02, -0.8000, -6.334
39.03, -0.8000, -5.065
39.04, -0.8000, -6.725
39.05, -0.8000, -5.106
39.06, -0.8000, -7.830
39.07, -0.8000, -5.581
39.08, -0.8000, -5.310
39.09, -0.8000, -6.676
39.10, -0.8000, -6.873
39.11, -0.8000, -6.206
39.12, -0.8000, -5.766
39.13, -0.8000, -5.650
39.14, -0.8000, -3.329
39.15, -0.8000, -9.821
39.16, -0.8000, -6.191
39.17, -0.8000, -5.549
39.18, -0.8000, -6.366
39.19, -0.8000, -5.777
39.20, -0.8000, -5.021
39.21, -0.8000, -7.066
39.22, -0.8000, -3.702
39.23, -0.8000, -4.971
39.24, -0.8000, -5.794
39.25, -0.8000, -5.495
39.26, -0.8000, -5.788
39.27, -0.8000, -5.918
39.28, -0.8000, -7.009
39.29, -0.8000, -3.596
39.30, -0.8000, -4.261
39.31, -0.8000, -6.293
39.32, -0.8000, -7.302
39.33, -0.8000, -3.790
39.34, -0.8000, -6.808
39.35, -0.8000, -8.084
39.36, -0.8000, -5.610
39.37, -0.8000, -5.374
39.38, -0.8000, -4.518
39.39, -0.8000, -5.067
39.40, -0.8000, -4.481
39.41, -0.8000, -4.821
39.42, -0.8000, -8.625
39.43, -0.8000, -6.206
39.44, -0.8000, -7.996
39.45, -0.8000, -6.307
39.46, -0.8000, -5.735
39.47, -0.8000, -6.318
39.48, -0.8000, -4.645
39.49, -0.8000, -6.171
39.50, -0.8000, -4.288
39.51, -0.8000, -2.878
39.52, -0.8000, -3.465
39.53, -0.8000, -12.42
39.54, -0.8000, -6.197
39.55, -0.8000, -6.304
39.56, -0.8000, -5.766
39.57, -0.8000, -7.319
39.58, -0.8000, -6.928
39.59, -0.8000, -7.329
39.60, -0.8000, -5.561
39.61, -0.8000, -5.862
39.62, -0.8000, -6.539
39.63, -0.8000, -5.848
39.64, -0.8000, -5.652
39.65, -0.8000, -4.866
39.66, -0.8000, -5.715
39.67, -0.8000, -5.696
39.68, -0.8000, -6.224
39.69, -0.8000, -5.258
39.70, -0.8000, -6.447
39.71, -0.8000, -7.263
39.72, -0.8000, -5.547
39.73, -0.8000, -8.274
39.74, -0.8000, -6.726
39.75, -0.8000, -6.061
39.76, -0.8000, -6.952
39.77, -0.8000, -6.830
39.78, -0.8000, -5.809
39.79, -0.8000, -6.297
39.80, -0.8000, -6.146
39.81, -0.8000, -6.230
39.82, -0.8000, -5.736
39.83, -0.8000, -5.888
39.84, -0.8000, -6.607
39.85, -0.8000, -8.963
39.86, -0.8000, -4.889
39.87, -0.8000, -6.698
39.88, -0.8000, -5.254
39.89, -0.8000, -4.137
39.90, -0.8000, -6.826
39.91, -0.8000, -5.963
39.92, -0.8000, -6.593
39.93, -0.8000, -5.138
39.94, -0.8000, -7.192
39.95, -0.8000, -8.099
39.96, -0.8000, -6.521
39.97, -0.8000, -5.944
39.98, -0.8000, -6.197
39.99, -0.8000, -6.016
40.00, -0.8000, -4.318
40.01, -0.8000, -4.881
40.02, -0.8000, -6.644
40.03, -0.8000, -5.664
40.04, -0.8000, -7.392
40.05, -0.8000, -5.413
40.06, -0.8000, -3.192
40.07, -0.8000, -6.042
40.08, -0.8000, -5.882
40.09, -0.8000, -4.583
40.10, -0.8000, -2.633
40.11, -0.8000, -6.386
40.12, -0.8000, -6.461
40.13, -0.8000, -6.347
40.14, -0.8000, -5.078
40.15, -0.8000, -8.869
40.16, -0.8000, -5.904
40.17, -0.8000, -4.863
40.18, -0.8000, -7.383
40.19, -0.8000, -7.114
40.20, -0.8000, -10.15
40.21, -0.8000, -6.337
40.22, -0.8000, -6.126
40.23, -0.8000, -5.784
40.24, -0.8000, -5.759
40.25, -0.8000, -6.325
40.26, -0.8000, -6.049
40.27, -0.8000, -6.721
40.28, -0.8000, -7.404
40.29, -0.8000, -7.143
40.30, -0.8000, -3.860
40.31, -0.8000, -3.808
40.32, -0.8000, -6.825
40.33, -0.8000, -7.053
40.34, -0.8000, -5.535
40.35, -0.8000, -3.417
40.36, -0.8000, -6.593
40.37, -0.8000, -6.249
40.38, -0.8000, -5.792
40.39, -0.8000, -5.952
40.40, -0.8000, -5.748
40.41, -0.8000, -6.416
40.42, -0.8000, -6.403
40.43, -0.8000, -5.125
40.44, -0.8000, -4.604
40.45, -0.8000, -10.40
40.46, -0.8000, -6.356
40.47, -0.8000, -5.907
40.48, -0.8000, -3.135
40.49, -0.8000, -7.491
40.50, -0.8000, -5.936
40.51, -0.8000, -5.120
40.52, -0.8000, -3.950
40.53, -0.8000, -10.62
40.54, -0.8000, -7.289
40.55, -0.8000, -6.176
40.56, -0.8000, -5.840
40.57, -0.8000, -5.742
40.58, -0.8000, -4.765
40.59, -0.8000, -10.82
40.60, -0.8000, -6.184
40.61, -0.8000, -6.340
40.62, -0.8000, -4.752
40.63, -0.8000, -8.703
40.64, -0.8000, -8.846
40.65, -0.8000, -3.617
40.66, -0.8000, -4.258
40.67, -0.8000, -7.333
40.68, -0.8000, -6.436
40.69, -0.8000, -6.581
40.70, -0.8000, -5.782
40.71, -0.8000, -4.144
40.72, -0.8000, -7.101
40.73, -0.8000, -5.981
40.74, -0.8000, -5.964
40.75, -0.8000, -5.143
40.76, -0.8000, -5.423
40.77, -0.8000, -3.695
40.78, -0.8000, -6.411
40.79, -0.8000, -5.833
40.80, -0.8000, -6.193
40.81, -0.8000, -5.333
40.82, -0.8000, -6.590
40.83, -0.8000, -6.763
40.84, -0.8000, -3.841
40.85, -0.8000, -7.057
40.86, -0.8000, -6.054
40.87, -0.8000, -4.621
40.88, -0.8000, -6.481
40.89, -0.8000, -5.769
40.90, -0.8000, -5.600
40.91, -0.8000, -6.881
40.92, -0.8000, -5.749
40.93, -0.8000, -6.130
40.94, -0.8000, -11.38
40.95, -0.8000, -5.244
40.96, -0.8000, -6.806
40.97, -0.8000, -4.755
40.98, -0.8000, -6.722
40.99, -0.8000, -5.962
41.00, -0.8000, -6.812
41.01, -0.8000, -6.101
41.02, -0.8000, -5.364
41.03, -0.8000, -5.738
41.04, -0.8000, -6.483
41.05, -0.8000, -6.976
41.06, -0.8000, -6.603
41.07, -0.8000, -2.427
41.08, -0.8000, -6.480
41.09, -0.8000, -2.585
41.10, -0.8000, -2.338
41.11, -0.8000, -1.434
41.12, -0.8000, -4.012
41.13, -0.8000, -4.784
41.14, -0.8000, -5.267
41.15, -0.8000, -4.479
41.16, -0.8000, -4.260
41.17, -0.8000, -8.464
41.18, -0.8000, -4.967
41.19, -0.8000, -7.138
41.20, -0.8000, -5.748
41.21, -0.8000, -8.570
41.22, -0.8000, -6.346
41.23, -0.8000, -6.456
41.24, -0.8000, -5.843
41.25, -0.8000, -8.115
41.26, -0.8000, -6.216
41.27, -0.8000, -4.293
41.28, -0.8000, -4.544
41.29, -0.8000, -8.349
41.30, -0.8000, -6.169
41.31, -0.8000, -6.757
41.32, -0.8000, -5.947
41.33, -0.8000, -5.879
41.34, -0.8000, -5.252
41.35, -0.8000, -3.169
41.36, -0.8000, -3.411
41.37, -0.8000, -7.316
41.38, -0.8000, -4.451
41.39, -0.8000, -3.483
41.40, -0.8000, -6.511
41.41, -0.8000, -4.516
41.42, -0.8000, -5.747
41.43, -0.8000, -5.753
41.44, -0.8000, -3.831
41.45, -0.8000, -2.065
41.46, -0.8000, -1.093
41.47, -0.8000, -9.105
41.48, -0.8000, -6.333
41.49, -0.8000, -5.933
41.50, -0.8000, -5.513
41.51, -0.8000, -5.006
41.52, -0.8000, -4.442
41.53, -0.8000, -8.981
41.54, -0.8000, -6.251
41.55, -0.8000, -6.166
41.56, -0.8000, -7.657
41.57, -0.8000, -7.401
41.58, -0.8000, -6.109
41.59, -0.8000, -5.961
41.60, -0.8000, -5.755
41.61, -0.8000, -4.771
41.62, -0.8000, -6.208
41.63, -0.8000, -6.821
41.64, -0.8000, -7.197
41.65, -0.8000, -6.512
41.66, -0.8000, -6.014
41.67, -0.8000, -5.720
41.68, -0.8000, -6.234
41.69, -0.8000, -4.610
41.70, -0.8000, -4.412
41.71, -0.8000, -2.717
41.72, -0.8000, -6.246
41.73, -0.8000, -5.960
41.74, -0.8000, -5.958
41.75, -0.8000, -6.304
41.76, -0.8000, -6.273
41.77, -0.8000, -4.817
41.78, -0.8000, -4.987
41.79, -0.8000, -5.711
41.80, -0.8000, -6.423
41.81, -0.8000, -7.821
41.82, -0.8000, -5.336
41.83, -0.8000, -6.905
41.84, -0.8000, -6.703
41.85, -0.8000, -4.426
41.86, -0.8000, -3.604
41.87, -0.8000, -6.869
41.88, -0.8000, -6.153
41.89, -0.8000, -8.056
41.90, -0.8000, -4.624
41.91, -0.8000, -8.224
41.92, -0.8000, -10.32
41.93, -0.8000, -5.714
41.94, -0.8000, -4.436
41.95, -0.8000, -6.741
41.96, -0.8000, -5.744
41.97, -0.8000, -5.566
41.98, -0.8000, -7.366
41.99, -0.8000, -6.656
42.00, -0.8000, -5.784
42.01, -0.8000, -4.851
42.02, -0.8000, -2.880
42.03, -0.8000, -8.944
42.04, -0.8000, -5.764
42.05, -0.8000, -6.195
42.06, -0.8000, -4.577
42.07, -0.8000, -7.691
42.08, -0.8000, -6.208
42.09, -0.8000, -6.259
42.10, -0.8000, -6.837
42.11, -0.8000, -10.50
42.12, -0.8000, -5.526
42.13, -0.8000, -6.301
42.14, -0.8000, -6.018
42.15, -0.8000, -5.433
42.16, -0.8000, -6.301
42.17, -0.8000, -6.685
42.18, -0.8000, -4.846
42.19, -0.8000, -6.878
42.20, -0.8000, -5.961
42.21, -0.8000, -7.119
42.22, -0.8000, -5.777
42.23, -0.8000, -6.610
42.24, -0.8000, -6.647
42.25, -0.8000, -7.826
42.26, -0.8000, -5.887
42.27, -0.8000, -5.572
42.28, -0.8000, -5.238
42.29, -0.8000, -5.997
42.30, -0.8000, -6.039
42.31, -0.8000, -5.459
42.32, -0.8000, -5.599
42.33, -0.8000, -6.091
42.34, -0.8000, -4.916
42.35, -0.8000, -5.766
42.36, -0.8000, -4.441
42.37, -0.8000, -5.547
42.38, -0.8000, -6.853
42.39, -0.8000, -6.335
42.40, -0.8000, -6.028
42.41, -0.8000, -4.744
42.42, -0.8000, -11.22
42.43, -0.8000, -5.040
42.44, -0.8000, -7.292
42.45, -0.8000, -7.180
42.46, -0.8000, -5.979
42.47, -0.8000, -6.252
42.48, -0.8000, -3.380
42.49, -0.8000, -6.602
42.50, -0.8000, -6.781
42.51, -0.8000, -4.886
42.52, -0.8000, -3.435
42.53, -0.8000, -7.068
42.54, -0.8000, -5.375
42.55, -0.8000, -5.238
42.56, -0.8000, -6.445
42.57, -0.8000, -6.508
42.58, -0.8000, -3.529
42.59, -0.8000, -4.810
42.60, -0.8000, -5.525
42.61, -0.8000, -6.408
42.62, -0.8000, -7.106
42.63, -0.8000, -6.965
42.64, -0.8000, -5.610
42.65, -0.8000, -3.391
42.66, -0.8000, -8.774
42.67, -0.8000, -6.038
42.68, -0.8000, -6.050
42.69, -0.8000, -5.667
42.70, -0.8000, -4.974
42.71, -0.8000, -7.289
42.72, -0.8000, -5.932
42.73, -0.8000, -5.733
42.74, -0.8000, -3.261
42.75, -0.8000, -6.131
42.76, -0.8000, -5.894
42.77, -0.8000, -5.787
42.78, -0.8000, -6.235
42.79, -0.8000, -6.011
42.80, -0.8000, -6.661
42.81, -0.8000, -5.806
42.82, -0.8000, -6.125
42.83, -0.8000, -5.423
42.84, -0.8000, -6.097
42.85, -0.8000, -5.502
42.86, -0.8000, -6.158
42.87, -0.8000, -6.295
42.88, -0.8000, -5.943
42.89, -0.8000, -5.866
42.90, -0.8000, -6.180
42.91, -0.8000, -6.085
42.92, -0.8000, -3.932
42.93, -0.8000, -6.766
42.94, -0.8000, -6.167
42.95, -0.8000, -5.861
42.96, -0.8000, -5.089
42.97, -0.8000, -4.778
42.98, -0.8000, -6.277
42.99, -0.8000, -6.135
43.00, -0.8000, -5.642
43.01, -0.8000, -6.379
43.02, -0.8000, -6.043
43.03, -0.8000, -6.499
43.04, -0.8000, -3.943
43.05, -0.8000, -4.910
43.06, -0.8000, -1.707
43.07, -0.8000, -5.196
43.08, -0.8000, -6.368
43.09, -0.8000, -6.526
43.10, -0.8000, -6.465
43.11, -0.8000, -3.504
43.12, -0.8000, -3.970
43.13, -0.8000, -9.001
43.14, -0.8000, -6.650
43.15, -0.8000, -6.348
43.16, -0.8000, -6.740
43.17, -0.8000, -6.733
43.18, -0.8000, -4.001
43.19, -0.8000, -6.383
43.20, -0.8000, -5.460
43.21, -0.8000, -6.187
43.22, -0.8000, -6.196
43.23, -0.8000, -7.563
43.24, -0.8000, -6.181
43.25, -0.8000, -7.645
43.26, -0.8000, -3.587
43.27, -0.8000, -5.974
43.28, -0.8000, -5.190
43.29, -0.8000, -4.685
43.30, -0.8000, -4.104
43.31, -0.8000, -9.007
43.32, -0.8000, -5.856
43.33, -0.8000, -7.184
43.34, -0.8000, -3.012
43.35, -0.8000, -5.888
43.36, -0.8000, -5.909
43.37, -0.8000, -5.432
43.38, -0.8000, -5.386
43.39, -0.8000, -3.764
43.40, -0.8000, -8.470
43.41, -0.8000, -6.353
43.42, -0.8000, -6.372
43.43, -0.8000, -7.121
43.44, -0.8000, -4.880
43.45, -0.8000, -2.513
43.46, -0.8000, -5.491
43.47, -0.8000, -4.465
43.48, -0.8000, -6.635
43.49, -0.8000, -6.348
43.50, -0.8000, -6.007
43.51, -0.8000, -6.455
43.52, -0.8000, -6.097
43.53, -0.8000, -5.211
43.54, -0.8000, -4.672
43.55, -0.8000, -2.734
43.56, -0.8000, -6.895
43.57, -0.8000, -6.243
43.58, -0.8000, -5.651
43.59, -0.8000, -6.652
43.60, -0.8000, -5.247
43.61, -0.8000, -7.868
43.62, -0.8000, -6.103
43.63, -0.8000, -3.699
43.64, -0.8000, -4.775
43.65, -0.8000, -8.363
43.66, -0.8000, -6.227
43.67, -0.8000, -6.784
43.68, -0.8000, -6.224
43.69, -0.8000, -5.842
43.70, -0.8000, -1.423
43.71, -0.8000, -5.302
43.72, -0.8000, -5.683
43.73, -0.8000, -4.880
43.74, -0.8000, -4.935
43.75, -0.8000, -8.235
43.76, -0.8000, -3.158
43.77, -0.8000, -6.789
43.78, -0.8000, -5.895
43.79, -0.8000, -6.296
43.80, -0.8000, -2.333
43.81, -0.8000, -6.771
43.82, -0.8000, -6.039
43.83, -0.8000, -6.018
43.84, -0.8000, -2.000
43.85, -0.8000, -6.514
43.86, -0.8000, -7.857
43.87, -0.8000, -5.821
43.88, -0.8000, -5.706
43.89, -0.8000, -6.259
43.90, -0.8000, -5.697
43.91, -0.8000, -5.006
43.92, -0.8000, -4.550
43.93, -0.8000, -6.814
43.94, -0.8000, -6.145
43.95, -0.8000, -4.974
43.96, -0.8000, -5.623
43.97, -0.8000, -4.544
43.98, -0.8000, -4.760
43.99, -0.8000, -6.544
44.00, -0.8000, -6.366
44.01, -0.8000, -4.363
44.02, -0.8000, -5.597
44.03, -0.8000, -5.094
44.04, -0.8000, -5.709
44.05, -0.8000, -5.456
44.06, -0.8000, -5.168
44.07, -0.8000, -5.760
44.08, -0.8000, -6.362
44.09, -0.8000, -5.948
44.10, -0.8000, -5.489
44.11, -0.8000, -5.587
44.12, -0.8000, -5.244
44.13, -0.8000, -5.381
44.14, -0.8000, -6.794
44.15, -0.8000, -5.412
44.16, -0.8000, -5.519
44.17, -0.8000, -4.095
44.18, -0.8000, -6.572
44.19, -0.8000, -7.200
44.20, -0.8000, -4.541
44.21, -0.8000, -4.759
44.22, -0.8000, -3.018
44.23, -0.8000, -5.551
44.24, -0.8000, -2.052
44.25, -0.8000, -4.726
44.26, -0.8000, -7.236
44.27, -0.8000, -5.256
44.28, -0.8000, -3.864
44.29, -0.8000, -3.472
44.30, -0.8000, -4.602
44.31, -0.8000, -5.754
44.32, -0.8000, -5.664
44.33, -0.8000, -5.907
44.34, -0.8000, -5.731
44.35, -0.8000, -6.965
44.36, -0.8000, -6.376
44.37, -0.8000, -6.600
44.38, -0.8000, -5.949
44.39, -0.8000, -3.690
44.40, -0.8000, -4.148
44.41, -0.8000, -6.847
44.42, -0.8000, -6.161
44.43, -0.8000, -6.568
44.44, -0.8000, -5.205
44.45, -0.8000, -6.217
44.46, -0.8000, -6.251
44.47, -0.8000, -4.456
44.48, -0.8000, -4.450
44.49, -0.8000, -4.075
44.50, -0.8000, -4.955
44.51, -0.8000, -6.573
44.52, -0.8000, -7.912
44.53, -0.8000, -5.371
44.54, -0.8000, -13.01
44.55, -0.8000, -6.602
44.56, -0.8000, -5.984
44.57, -0.8000, -5.573
44.58, -0.8000, -6.142
44.59, -0.8000, -0.8171
44.60, -0.8000, -5.876
44.61, -0.8000, -5.520
44.62, -0.8000, -4.514
44.63, -0.8000, -6.176
44.64, -0.8000, -9.081
44.65, -0.8000, -8.282
44.66, -0.8000, -6.575
44.67, -0.8000, -6.011
44.68, -0.8000, -5.763
44.69, -0.8000, -5.237
44.70, -0.8000, -5.471
44.71, -0.8000, -6.691
44.72, -0.8000, -7.210
44.73, -0.8000, -6.104
44.74, -0.8000, -6.607
44.75, -0.8000, -5.994
44.76, -0.8000, -5.846
44.77, -0.8000, -4.093
44.78, -0.8000, -5.009
44.79, -0.8000, -6.934
44.80, -0.8000, -6.870
44.81, -0.8000, -6.155
44.82, -0.8000, -7.122
44.83, -0.8000, -7.703
44.84, -0.8000, -4.647
44.85, -0.8000, -5.952
44.86, -0.8000, -8.577
44.87, -0.8000, -1.713
44.88, -0.8000, -4.840
44.89, -0.8000, -5.872
44.90, -0.8000, -5.821
44.91, -0.8000, -5.888
44.92, -0.8000, -3.649
44.93, -0.8000, -6.682
44.94, -0.8000, -4.934
44.95, -0.8000, -5.782
44.96, -0.8000, -5.840
44.97, -0.8000, -6.772
44.98, -0.8000, -5.000
44.99, -0.8000, -7.487
45.00, 0.000, -5.816
45.01, 0.001000, 57.78
45.02, 0.002000, 25.71
45.03, 0.003000, 15.11
45.04, 0.004000, 11.04
45.05, 0.005000, 6.052
45.06, 0.006000, 6.469
45.07, 0.007000, 8.051
45.08, 0.008000, 4.218
45.09, 0.009000, 3.742
45.10, 0.01000, 2.360
45.11, 0.01100, 1.359
45.12, 0.01200, 0.2908
45.13, 0.01300, 1.290
45.14, 0.01400, 2.061
45.15, 0.01500, 0.8295
45.16, 0.01600, -1.248
45.17, 0.01700, -0.5500
45.18, 0.01800, 0.3009
45.19, 0.01900, -0.7965
45.20, 0.02000, -1.335
45.21, 0.02100, -0.4746
45.22, 0.02200, 0.4105
45.23, 0.02300, -2.460
45.24, 0.02400, -1.975
45.25, 0.02500, -0.1383
45.26, 0.02600, -3.704
45.27, 0.02700, -1.378
45.28, 0.02800, 0.4738
45.29, 0.02900, 2.127
45.30, 0.03000, -2.342
45.31, 0.03100, -0.4421
45.32, 0.03200, -2.119
45.33, 0.03300, -4.077
45.34, 0.03400, -1.507
45.35, 0.03500, -2.413
45.36, 0.03600, -3.040
45.37, 0.03700, -2.450
45.38, 0.03800, 0.5962
45.39, 0.03900, -2.270
45.40, 0.04000, -2.091
45.41, 0.04100, 0.2602
45.42, 0.04200, -3.263
45.43, 0.04300, -1.501
45.44, 0.04400, -1.665
45.45, 0.04500, 0.5452
45.46, 0.04600, -3.250
45.47, 0.04700, -1.337
45.48, 0.04800, 0.8688
45.49, 0.04900, -2.318
45.50, 0.05000, -2.993
45.51, 0.05100, -1.885
45.52, 0.05200, -3.107
45.53, 0.05300, -3.128
45.54, 0.05400, -3.123
45.55, 0.05500, -3.465
45.56, 0.05600, -0.5068
45.57, 0.05700, -3.548
45.58, 0.05800, -3.778
45.59, 0.05900, -2.035
45.60, 0.06000, -3.019
45.61, 0.06100, -1.302
45.62, 0.06200, -3.351
45.63, 0.06300, -1.504
45.64, 0.06400, -3.479
45.65, 0.06500, -0.6240
45.66, 0.06600, -3.336
45.67, 0.06700, 0.6543
45.68, 0.06800, -2.381
45.69, 0.06900, -1.559
45.70, 0.07000, -4.124
45.71, 0.07100, -2.456
45.72, 0.07200, -1.073
45.73, 0.07300, -1.476
45.74, 0.07400, -1.899
45.75, 0.07500, -3.620
45.76, 0.07600, -1.809
45.77, 0.07700, -1.661
45.78, 0.07800, -3.103
45.79, 0.07900, -2.666
45.80, 0.08000, -2.802
45.81, 0.08100, -3.416
45.82, 0.08200, -0.4537
45.83, 0.08300, -3.582
45.84, 0.08400, -2.973
45.85, 0.08500, 1.160
45.86, 0.08600, -3.193
45.87, 0.08700, -1.059
45.88, 0.08800, -3.707
45.89, 0.08900, -2.194
45.90, 0.09000, -5.593
45.91, 0.09100, -2.277
45.92, 0.09200, -2.874
45.93, 0.09300, -1.852
45.94, 0.09400, -5.671
45.95, 0.09500, -2.985
45.96, 0.09600, -3.026
45.97, 0.09700, -1.932
45.98, 0.09800, 1.137
45.99, 0.09900, -2.992
46.00, 0.1000, -2.377
46.01, 0.1010, -2.737
46.02, 0.1020, -2.495
46.03, 0.1030, -2.847
46.04, 0.1040, -0.08903
46.05, 0.1050, -0.6821
46.06, 0.1060, -3.840
46.07, 0.1070, -0.4992
46.08, 0.1080, -1.770
46.09, 0.1090, -4.154
46.10, 0.1100, -1.828
46.11, 0.1110, -1.826
46.12, 0.1120, -3.394
46.13, 0.1130, -0.3362
46.14, 0.1140, -3.575
46.15, 0.1150, -0.8988
46.16, 0.1160, -1.568
46.17, 0.1170, -4.146
46.18, 0.1180, -1.258
46.19, 0.1190, -2.391
46.20, 0.1200, -0.9956
46.21, 0.1210, -1.212
46.22, 0.1220, 1.086
46.23, 0.1230, -2.029
46.24, 0.1240, -3.149
46.25, 0.1250, -2.296
46.26, 0.1260, -2.601
46.27, 0.1270, -3.891
46.28, 0.1280, -1.436
46.29, 0.1290, -1.104
46.30, 0.1300, -0.9418
46.31, 0.1310, -2.476
46.32, 0.1320, -2.423
46.33, 0.1330, -1.127
46.34, 0.1340, -3.816
46.35, 0.1350, -1.615
46.36, 0.1360, -5.508
46.37, 0.1370, -0.4836
46.38, 0.1380, -1.155
46.39, 0.1390, -2.364
46.40, 0.1400, -0.3447
46.41, 0.1410, -2.898
46.42, 0.1420, -1.372
46.43, 0.1430, -2.741
46.44, 0.1440, -1.767
46.45, 0.1450, -0.6758
46.46, 0.1460, -2.285
46.47, 0.1470, -1.952
46.48, 0.1480, -2.916
46.49, 0.1490, -0.5691
46.50, 0.1500, -1.989
46.51, 0.1510, 0.7621
46.52, 0.1520, -1.017
46.53, 0.1530, 0.1452
46.54, 0.1540, 2.607
46.55, 0.1550, -0.02565
46.56, 0.1560, -0.4919
46.57, 0.1570, -1.043
46.58, 0.1580, -0.5129
46.59, 0.1590, -0.3898
46.60, 0.1600, -1.655
46.61, 0.1610, -0.1658
46.62, 0.1620, -1.360
46.63, 0.1630, -0.5126
46.64, 0.1640, -0.7588
46.65, 0.1650, -0.5984
46.66, 0.1660, -3.843
46.67, 0.1670, -0.4261
46.68, 0.1680, 0.1217
46.69, 0.1690, 0.4112
46.70, 0.1700, 0.1703
46.71, 0.1710, -1.865
46.72, 0.1720, 0.05366
46.73, 0.1730, 2.202
46.74, 0.1740, -1.036
46.75, 0.1750, 0.6464
46.76, 0.1760, -0.8901
46.77, 0.1770, 1.716
46.78, 0.1780, -0.8354
46.79, 0.1790, -0.9666
46.80, 0.1800, 1.879
46.81, 0.1810, -0.7902
46.82, 0.1820, -1.908
46.83, 0.1830, -0.7799
46.84, 0.1840, 1.685
46.85, 0.1850, -3.454
46.86, 0.1860, -0.1399
46.87, 0.1870, 2.097
46.88, 0.1880, -0.8302
46.89, 0.1890, 1.084
46.90, 0.1900, -0.6793
46.91, 0.1910, 1.376
46.92, 0.1920, 0.9505
46.93, 0.1930, 1.189
46.94, 0.1940, 0.6552
46.95, 0.1950, 1.045
46.96, 0.1960, -0.5840
46.97, 0.1970, 1.722
46.98, 0.1980, -0.5264
46.99, 0.1990, 1.112
47.00, 0.2000, 2.939
47.01, 0.2010, 1.450
47.02, 0.2020, 1.472
47.03, 0.2030, 1.911
47.04, 0.2040, 1.519
47.05, 0.2050, 0.2942
47.06, 0.2060, 2.495
47.07, 0.2070, 0.8442
47.08, 0.2080, 1.605
47.09, 0.2090, -0.3422
47.10, 0.2100, 2.900
47.11, 0.2110, 2.095
47.12, 0.2120, 1.542
47.13, 0.2130, 2.416
47.14, 0.2140, 0.8461
47.15, 0.2150, 3.878
47.16, 0.2160, 1.754
47.17, 0.2170, -0.03564
47.18, 0.2180, 1.219
47.19, 0.2190, 1.687
47.20, 0.2200, 2.074
47.21, 0.2210, -1.006
47.22, 0.2220, 0.8272
47.23, 0.2230, 2.690
47.24, 0.2240, 1.527
47.25, 0.2250, 3.081
47.26, 0.2260, 2.138
47.27, 0.2270, 1.883
47.28, 0.2280, 2.058
47.29, 0.2290, 1.058
47.30, 0.2300, 1.170
47.31, 0.2310, 2.149
47.32, 0.2320, 1.816
47.33, 0.2330, 2.069
47.34, 0.2340, -0.9388
47.35, 0.2350, 3.258
47.36, 0.2360, 2.942
47.37, 0.2370, 2.967
47.38, 0.2380, 4.768
47.39, 0.2390, 2.991
47.40, 0.2400, 2.724
47.41, 0.2410, 2.294
47.42, 0.2420, 3.412
47.43, 0.2430, 2.705
47.44, 0.2440, 3.165
47.45, 0.2450, 3.133
47.46, 0.2460, 2.725
47.47, 0.2470, 5.599
47.48, 0.2480, 4.454
47.49, 0.2490, 2.306
47.50, 0.2500, 4.531
47.51, 0.2510, 2.904
47.52, 0.2520, 2.505
47.53, 0.2530, 2.960
47.54, 0.2540, 1.731
47.55, 0.2550, 2.725
47.56, 0.2560, 2.760
47.57, 0.2570, 2.304
47.58, 0.2580, 6.146
47.59, 0.2590, 3.505
47.60, 0.2600, 3.173
47.61, 0.2610, 3.667
47.62, 0.2620, 3.189
47.63, 0.2630, 3.222
47.64, 0.2640, 3.898
47.65, 0.2650, 3.210
47.66, 0.2660, 3.880
47.67, 0.2670, 3.003
47.68, 0.2680, 3.303
47.69, 0.2690, 2.134
47.70, 0.2700, 1.518
47.71, 0.2710, 2.984
47.72, 0.2720, 1.886
47.73, 0.2730, 3.894
47.74, 0.2740, 3.612
47.75, 0.2750, 6.003
47.76, 0.2760, 3.862
47.77, 0.2770, 3.914
47.78, 0.2780, 5.335
47.79, 0.2790, 6.880
47.80, 0.2800, 5.675
47.81, 0.2810, 4.955
47.82, 0.2820, 3.959
47.83, 0.2830, 4.713
47.84, 0.2840, 5.897
47.85, 0.2850, 4.621
47.86, 0.2860, 4.202
47.87, 0.2870, 5.508
47.88, 0.2880, 6.168
47.89, 0.2890, 6.673
47.90, 0.2900, 6.003
47.91, 0.2910, 5.427
47.92, 0.2920, 3.817
47.93, 0.2930, 3.250
47.94, 0.2940, 3.360
47.95, 0.2950, 6.677
47.96, 0.2960, 5.795
47.97, 0.2970, 4.214
47.98, 0.2980, 4.637
47.99, 0.2990, 5.922
48.00, 0.3000, 4.969
48.01, 0.3010, 6.269
48.02, 0.3020, 6.610
48.03, 0.3030, 6.200
48.04, 0.3040, 4.566
48.05, 0.3050, 7.059
48.06, 0.3060, 6.234
48.07, 0.3070, 5.161
48.08, 0.3080, 7.525
48.09, 0.3090, 6.727
48.10, 0.3100, 5.476
48.11, 0.3110, 6.239
48.12, 0.3120, 6.339
48.13, 0.3130, 8.738
48.14, 0.3140, 7.171
48.15, 0.3150, 8.915
48.16, 0.3160, 5.711
48.17, 0.3170, 7.318
48.18, 0.3180, 7.185
48.19, 0.3190, 5.635
48.20, 0.3200, 7.852
48.21, 0.3210, 7.590
48.22, 0.3220, 7.863
48.23, 0.3230, 6.270
48.24, 0.3240, 7.497
48.25, 0.3250, 7.754
48.26, 0.3260, 7.958
48.27, 0.3270, 8.159
48.28, 0.3280, 10.60
48.29, 0.3290, 7.308
48.30, 0.3300, 7.550
48.31, 0.3310, 8.377
48.32, 0.3320, 8.524
48.33, 0.3330, 9.268
48.34, 0.3340, 8.384
48.35, 0.3350, 8.988
48.36, 0.3360, 9.435
48.37, 0.3370, 6.998
48.38, 0.3380, 7.650
48.39, 0.3390, 5.988
48.40, 0.3400, 9.696
48.41, 0.3410, 9.426
48.42, 0.3420, 8.973
48.43, 0.3430, 9.401
48.44, 0.3440, 8.776
48.45, 0.3450, 8.541
48.46, 0.3460, 7.789
48.47, 0.3470, 8.282
48.48, 0.3480, 8.152
48.49, 0.3490, 9.126
48.50, 0.3500, 8.980
48.51, 0.3510, 11.21
48.52, 0.3520, 9.631
48.53, 0.3530, 10.42
48.54, 0.3540, 9.542
48.55, 0.3550, 9.137
48.56, 0.3560, 9.011
48.57, 0.3570, 9.561
48.58, 0.3580, 9.713
48.59, 0.3590, 10.47
48.60, 0.3600, 9.484
48.61, 0.3610, 9.287
48.62, 0.3620, 11.72
48.63, 0.3630, 12.12
48.64, 0.3640, 10.12
48.65, 0.3650, 10.11
48.66, 0.3660, 10.32
48.67, 0.3670, 12.47
48.68, 0.3680, 12.10
48.69, 0.3690, 11.30
48.70, 0.3700, 10.27
48.71, 0.3710, 11.59
48.72, 0.3720, 10.89
48.73, 0.3730, 10.96
48.74, 0.3740, 11.59
48.75, 0.3750, 10.77
48.76, 0.3760, 10.49
48.77, 0.3770, 9.709
48.78, 0.3780, 11.23
48.79, 0.3790, 11.13
48.80, 0.3800, 12.06
48.81, 0.3810, 10.64
48.82, 0.3820, 10.08
48.83, 0.3830, 11.29
48.84, 0.3840, 12.82
48.85, 0.3850, 11.81
48.86, 0.3860, 11.47
48.87, 0.3870, 11.77
48.88, 0.3880, 11.80
48.89, 0.3890, 10.71
48.90, 0.3900, 13.27
48.91, 0.3910, 11.79
48.92, 0.3920, 13.94
48.93, 0.3930, 11.73
48.94, 0.3940, 10.86
48.95, 0.3950, 11.79
48.96, 0.3960, 12.06
48.97, 0.3970, 11.13
48.98, 0.3980, 12.02
48.99, 0.3990, 12.61
49.00, 0.4000, 12.01
49.01, 0.4010, 10.75
49.02, 0.4020, 12.68
49.03, 0.4030, 13.02
49.04, 0.4040, 12.72
49.05, 0.4050, 12.20
49.06, 0.4060, 13.29
49.07, 0.4070, 12.98
49.08, 0.4080, 12.17
49.09, 0.4090, 14.02
49.10, 0.4100, 13.06
49.11, 0.4110, 11.92
49.12, 0.4120, 13.91
49.13, 0.4130, 12.46
49.14, 0.4140, 13.24
49.15, 0.4150, 13.43
49.16, 0.4160, 13.47
49.17, 0.4170, 12.77
49.18, 0.4180, 13.13
49.19, 0.4190, 12.72
49.20, 0.4200, 11.34
49.21, 0.4210, 12.66
49.22, 0.4220, 12.12
49.23, 0.4230, 14.70
49.24, 0.4240, 13.36
49.25, 0.4250, 14.19
49.26, 0.4260, 12.90
49.27, 0.4270, 13.94
49.28, 0.4280, 13.00
49.29, 0.4290, 13.58
49.30, 0.4300, 13.52
49.31, 0.4310, 13.60
49.32, 0.4320, 12.41
49.33, 0.4330, 13.32
49.34, 0.4340, 13.10
49.35, 0.4350, 13.22
49.36, 0.4360, 9.031
49.37, 0.4370, 13.76
49.38, 0.4380, 14.10
49.39, 0.4390, 12.97
49.40, 0.4400, 13.21
49.41, 0.4410, 12.38
49.42, 0.4420, 13.13
49.43, 0.4430, 16.04
49.44, 0.4440, 14.32
49.45, 0.4450, 13.81
49.46, 0.4460, 15.39
49.47, 0.4470, 14.23
49.48, 0.4480, 13.68
49.49, 0.4490, 13.13
49.50, 0.4500, 14.60
49.51, 0.4510, 15.82
49.52, 0.4520, 14.70
49.53, 0.4530, 14.22
49.54, 0.4540, 13.31
49.55, 0.4550, 15.83
49.56, 0.4560, 15.28
49.57, 0.4570, 14.39
49.58, 0.4580, 11.46
49.59, 0.4590, 15.00
49.60, 0.4600, 13.97
49.61, 0.4610, 15.35
49.62, 0.4620, 14.91
49.63, 0.4630, 14.30
49.64, 0.4640, 14.39
49.65, 0.4650, 13.21
49.66, 0.4660, 16.69
49.67, 0.4670, 16.45
49.68, 0.4680, 15.36
49.69, 0.4690, 14.87
49.70, 0.4700, 14.53
49.71, 0.4710, 15.87
49.72, 0.4720, 15.38
49.73, 0.4730, 14.61
49.74, 0.4740, 15.08
49.75, 0.4750, 14.82
49.76, 0.4760, 14.34
49.77, 0.4770, 16.36
49.78, 0.4780, 15.85
49.79, 0.4790, 14.29
49.80, 0.4800, 15.08
49.81, 0.4810, 14.46
49.82, 0.4820, 14.99
49.83, 0.4830, 13.77
49.84, 0.4840, 15.42
49.85, 0.4850, 17.21
49.86, 0.4860, 16.21
49.87, 0.4870, 15.43
49.88, 0.4880, 14.58
49.89, 0.4890, 16.47
49.90, 0.4900, 16.62
49.91, 0.4910, 15.73
49.92, 0.4920, 15.97
49.93, 0.4930, 16.78
49.94, 0.4940, 15.75
49.95, 0.4950, 15.08
49.96, 0.4960, 14.41
49.97, 0.4970, 14.28
49.98, 0.4980, 14.68
49.99, 0.4990, 15.47
50.00, 0.5000, 13.65
50.01, 0.5010, 14.73
50.02, 0.5020, 16.11
50.03, 0.5030, 14.75
50.04, 0.5040, 15.55
50.05, 0.5050, 16.05
50.06, 0.5060, 16.17
50.07, 0.5070, 15.36
50.08, 0.5080, 15.93
50.09, 0.5090, 14.58
50.10, 0.5100, 14.59
50.11, 0.5110, 15.02
50.12, 0.5120, 16.91
50.13, 0.5130, 15.82
50.14, 0.5140, 14.99
50.15, 0.5150, 14.74
50.16, 0.5160, 16.60
50.17, 0.5170, 15.02
50.18, 0.5180, 15.49
50.19, 0.5190, 12.90
50.20, 0.5200, 15.67
50.21, 0.5210, 15.13
50.22, 0.5220, 15.18
50.23, 0.5230, 16.88
50.24, 0.5240, 15.80
50.25, 0.5250, 15.08
50.26, 0.5260, 14.68
50.27, 0.5270, 15.46
50.28, 0.5280, 15.83
50.29, 0.5290, 15.44
50.30, 0.5300, 18.37
50.31, 0.5310, 17.39
50.32, 0.5320, 16.31
50.33, 0.5330, 16.47
50.34, 0.5340, 15.20
50.35, 0.5350, 16.17
50.36, 0.5360, 16.41
50.37, 0.5370, 18.10
50.38, 0.5380, 16.21
50.39, 0.5390, 16.99
50.40, 0.5400, 16.21
50.41, 0.5410, 16.33
50.42, 0.5420, 15.95
50.43, 0.5430, 16.47
50.44, 0.5440, 16.92
50.45, 0.5450, 17.18
50.46, 0.5460, 16.81
50.47, 0.5470, 16.27
50.48, 0.5480, 15.59
50.49, 0.5490, 15.57
50.50, 0.5500, 16.88
50.51, 0.5510, 15.77
50.52, 0.5520, 14.30
50.53, 0.5530, 15.80
50.54, 0.5540, 15.51
50.55, 0.5550, 17.93
50.56, 0.5560, 16.11
50.57, 0.5570, 16.47
50.58, 0.5580, 16.03
50.59, 0.5590, 16.26
50.60, 0.5600, 14.70
50.61, 0.5610, 18.10
50.62, 0.5620, 15.83
50.63, 0.5630, 16.04
50.64, 0.5640, 14.21
50.65, 0.5650, 17.50
50.66, 0.5660, 16.74
50.67, 0.5670, 18.47
50.68, 0.5680, 16.98
50.69, 0.5690, 15.14
50.70, 0.5700, 17.62
50.71, 0.5710, 15.54
50.72, 0.5720, 16.51
50.73, 0.5730, 19.44
50.74, 0.5740, 16.31
50.75, 0.5750, 16.05
50.76, 0.5760, 16.28
50.77, 0.5770, 15.65
50.78, 0.5780, 16.14
50.79, 0.5790, 16.09
50.80, 0.5800, 16.66
50.81, 0.5810, 16.04
50.82, 0.5820, 16.86
50.83, 0.5830, 16.71
50.84, 0.5840, 16.95
50.85, 0.5850, 15.87
50.86, 0.5860, 17.04
50.87, 0.5870, 16.72
50.88, 0.5880, 16.72
50.89, 0.5890, 16.48
50.90, 0.5900, 16.41
50.91, 0.5910, 16.60
50.92, 0.5920, 18.47
50.93, 0.5930, 15.84
50.94, 0.5940, 15.14
50.95, 0.5950, 17.04
50.96, 0.5960, 17.30
50.97, 0.5970, 16.83
50.98, 0.5980, 18.19
50.99, 0.5990, 17.37
51.00, 0.6000, 15.49
51.01, 0.6010, 14.94
51.02, 0.6020, 16.72
51.03, 0.6030, 17.19
51.04, 0.6040, 17.37
51.05, 0.6050, 15.83
51.06, 0.6060, 15.71
51.07, 0.6070, 16.47
51.08, 0.6080, 18.76
51.09, 0.6090, 15.91
51.10, 0.6100, 16.65
51.11, 0.6110, 16.58
51.12, 0.6120, 17.25
51.13, 0.6130, 17.68
51.14, 0.6140, 17.54
51.15, 0.6150, 17.69
51.16, 0.6160, 17.12
51.17, 0.6170, 17.28
51.18, 0.6180, 17.13
51.19, 0.6190, 17.47
51.20, 0.6200, 18.84
51.21, 0.6210, 19.15
51.22, 0.6220, 17.16
51.23, 0.6230, 16.93
51.24, 0.6240, 17.53
51.25, 0.6250, 18.65
51.26, 0.6260, 17.42
51.27, 0.6270, 16.56
51.28, 0.6280, 17.44
51.29, 0.6290, 17.04
51.30, 0.6300, 16.83
51.31, 0.6310, 16.52
51.32, 0.6320, 16.60
51.33, 0.6330, 16.37
51.34, 0.6340, 16.96
51.35, 0.6350, 17.31
51.36, 0.6360, 17.99
51.37, 0.6370, 17.75
51.38, 0.6380, 17.25
51.39, 0.6390, 18.29
51.40, 0.6400, 16.88
51.41, 0.6410, 16.91
51.42, 0.6420, 16.72
51.43, 0.6430, 19.19
51.44, 0.6440, 15.10
51.45, 0.6450, 16.32
51.46, 0.6460, 17.50
51.47, 0.6470, 16.34
51.48, 0.6480, 16.92
51.49, 0.6490, 15.96
51.50, 0.6500, 16.70
51.51, 0.6510, 17.94
51.52, 0.6520, 18.16
51.53, 0.6530, 17.53
51.54, 0.6540, 15.53
51.55, 0.6550, 17.26
51.56, 0.6560, 17.55
51.57, 0.6570, 18.39
51.58, 0.6580, 19.27
51.59, 0.6590, 17.57
51.60, 0.6600, 17.44
51.61, 0.6610, 17.16
51.62, 0.6620, 17.76
51.63, 0.6630, 18.66
51.64, 0.6640, 20.77
51.65, 0.6650, 16.35
51.66, 0.6660, 17.62
51.67, 0.6670, 17.75
51.68, 0.6680, 18.37
51.69, 0.6690, 18.70
51.70, 0.6700, 16.69
51.71, 0.6710, 17.80
51.72, 0.6720, 17.83
51.73, 0.6730, 18.45
51.74, 0.6740, 18.44
51.75, 0.6750, 17.99
51.76, 0.6760, 19.34
51.77, 0.6770, 18.29
51.78, 0.6780, 17.51
51.79, 0.6790, 16.93
51.80, 0.6800, 19.66
51.81, 0.6810, 18.00
51.82, 0.6820, 18.23
51.83, 0.6830, 18.72
51.84, 0.6840, 17.39
51.85, 0.6850, 18.28
51.86, 0.6860, 18.04
51.87, 0.6870, 19.25
51.88, 0.6880, 17.40
51.89, 0.6890, 18.01
51.90, 0.6900, 17.55
51.91, 0.6910, 18.57
51.92, 0.6920, 18.94
51.93, 0.6930, 17.77
51.94, 0.6940, 17.41
51.95, 0.6950, 17.12
51.96, 0.6960, 18.38
51.97, 0.6970, 20.31
51.98, 0.6980, 17.94
51.99, 0.6990, 18.96
52.00, 0.7000, 19.35
52.01, 0.7010, 19.37
52.02, 0.7020, 19.83
52.03, 0.7030, 16.61
52.04, 0.7040, 18.39
52.05, 0.7050, 19.34
52.06, 0.7060, 19.50
52.07, 0.7070, 19.10
52.08, 0.7080, 19.46
52.09, 0.7090, 18.88
52.10, 0.7100, 18.32
52.11, 0.7110, 18.32
52.12, 0.7120, 18.10
52.13, 0.7130, 18.23
52.14, 0.7140, 18.70
52.15, 0.7150, 18.73
52.16, 0.7160, 18.44
52.17, 0.7170, 18.21
52.18, 0.7180, 18.39
52.19, 0.7190, 18.89
52.20, 0.7200, 17.38
52.21, 0.7210, 17.65
52.22, 0.7220, 17.41
52.23, 0.7230, 16.34
52.24, 0.7240, 17.60
52.25, 0.7250, 17.63
52.26, 0.7260, 18.86
52.27, 0.7270, 19.05
52.28, 0.7280, 18.67
52.29, 0.7290, 20.03
52.30, 0.7300, 19.63
52.31, 0.7310, 19.32
52.32, 0.7320, 18.57
52.33, 0.7330, 19.09
52.34, 0.7340, 19.76
52.35, 0.7350, 17.60
52.36, 0.7360, 19.61
52.37, 0.7370, 18.29
52.38, 0.7380, 18.97
52.39, 0.7390, 18.96
52.40, 0.7400, 20.48
52.41, 0.7410, 19.74
52.42, 0.7420, 18.86
52.43, 0.7430, 18.58
52.44, 0.7440, 20.50
52.45, 0.7450, 19.19
52.46, 0.7460, 20.02
52.47, 0.7470, 20.03
52.48, 0.7480, 21.86
52.49, 0.7490, 18.09
52.50, 0.7500, 18.46
52.51, 0.7510, 19.57
52.52, 0.7520, 20.81
52.53, 0.7530, 19.58
52.54, 0.7540, 19.65
52.55, 0.7550, 20.27
52.56, 0.7560, 19.05
52.57, 0.7570, 18.91
52.58, 0.7580, 19.26
52.59, 0.7590, 18.91
52.60, 0.7600, 20.25
52.61, 0.7610, 17.45
52.62, 0.7620, 18.88
52.63, 0.7630, 18.82
52.64, 0.7640, 19.23
52.65, 0.7650, 18.94
52.66, 0.7660, 19.73
52.67, 0.7670, 19.31
52.68, 0.7680, 19.70
52.69, 0.7690, 17.63
52.70, 0.7700, 19.09
52.71, 0.7710, 19.75
52.72, 0.7720, 17.68
52.73, 0.7730, 18.85
52.74, 0.7740, 19.57
52.75, 0.7750, 18.57
52.76, 0.7760, 19.34
52.77, 0.7770, 19.99
52.78, 0.7780, 19.38
52.79, 0.7790, 18.05
52.80, 0.7800, 19.16
52.81, 0.7810, 20.93
52.82, 0.7820, 18.97
52.83, 0.7830, 18.62
52.84, 0.7840, 21.07
52.85, 0.7850, 19.59
52.86, 0.7860, 20.39
52.87, 0.7870, 20.68
52.88, 0.7880, 21.07
52.89, 0.7890, 19.64
52.90, 0.7900, 19.75
52.91, 0.7910, 19.59
52.92, 0.7920, 18.29
52.93, 0.7930, 19.87
52.94, 0.7940, 17.56
52.95, 0.7950, 19.13
52.96, 0.7960, 20.01
52.97, 0.7970, 19.11
52.98, 0.7980, 19.90
52.99, 0.7990, 20.71
53.00, 0.8000, 19.41
53.01, 0.8010, 20.61
53.02, 0.8020, 21.12
53.03, 0.8030, 21.54
53.04, 0.8040, 19.00
53.05, 0.8050, 20.66
53.06, 0.8060, 20.15
53.07, 0.8070, 19.18
53.08, 0.8080, 20.64
53.09, 0.8090, 19.25
53.10, 0.8100, 19.61
53.11, 0.8110, 19.90
53.12, 0.8120, 20.74
53.13, 0.8130, 20.55
53.14, 0.8140, 19.84
53.15, 0.8150, 19.71
53.16, 0.8160, 19.73
53.17, 0.8170, 18.97
53.18, 0.8180, 19.44
53.19, 0.8190, 19.09
53.20, 0.8200, 20.25
53.21, 0.8210, 19.31
53.22, 0.8220, 19.98
53.23, 0.8230, 18.49
53.24, 0.8240, 19.88
53.25, 0.8250, 20.08
53.26, 0.8260, 21.14
53.27, 0.8270, 21.18
53.28, 0.8280, 20.28
53.29, 0.8290, 19.20
53.30, 0.8300, 18.74
53.31, 0.8310, 21.39
53.32, 0.8320, 20.78
53.33, 0.8330, 20.06
53.34, 0.8340, 20.76
53.35, 0.8350, 20.11
53.36, 0.8360, 19.77
53.37, 0.8370, 20.64
53.38, 0.8380, 19.56
53.39, 0.8390, 20.17
53.40, 0.8400, 20.25
53.41, 0.8410, 19.70
53.42, 0.8420, 21.05
53.43, 0.8430, 20.90
53.44, 0.8440, 23.08
53.45, 0.8450, 20.54
53.46, 0.8460, 22.90
53.47, 0.8470, 20.05
53.48, 0.8480, 20.32
53.49, 0.8490, 20.73
53.50, 0.8500, 20.31
53.51, 0.8510, 21.20
53.52, 0.8520, 20.57
53.53, 0.8530, 20.16
53.54, 0.8540, 19.98
53.55, 0.8550, 20.22
53.56, 0.8560, 21.24
53.57, 0.8570, 22.20
53.58, 0.8580, 20.86
53.59, 0.8590, 20.77
53.60, 0.8600, 21.13
53.61, 0.8610, 20.70
53.62, 0.8620, 21.65
53.63, 0.8630, 19.48
53.64, 0.8640, 20.82
53.65, 0.8650, 21.08
53.66, 0.8660, 21.23
53.67, 0.8670, 21.72
53.68, 0.8680, 19.81
53.69, 0.8690, 22.12
53.70, 0.8700, 21.96
53.71, 0.8710, 21.74
53.72, 0.8720, 22.51
53.73, 0.8730, 21.79
53.74, 0.8740, 20.94
53.75, 0.8750, 21.92
53.76, 0.8760, 20.74
53.77, 0.8770, 21.47
53.78, 0.8780, 21.88
53.79, 0.8790, 20.79
53.80, 0.8800, 21.59
53.81, 0.8810, 21.27
53.82, 0.8820, 21.47
53.83, 0.8830, 22.53
53.84, 0.8840, 22.50
53.85, 0.8850, 22.19
53.86, 0.8860, 21.04
53.87, 0.8870, 24.25
53.88, 0.8880, 21.19
53.89, 0.8890, 21.23
53.90, 0.8900, 22.25
53.91, 0.8910, 20.74
53.92, 0.8920, 21.76
53.93, 0.8930, 20.92
53.94, 0.8940, 21.44
53.95, 0.8950, 20.84
53.96, 0.8960, 20.66
53.97, 0.8970, 23.37
53.98, 0.8980, 21.97
53.99, 0.8990, 21.55
54.00, 0.9000, 23.41
54.01, 0.9010, 20.98
54.02, 0.9020, 21.51
54.03, 0.9030, 20.68
54.04, 0.9040, 25.89
54.05, 0.9050, 21.30
54.06, 0.9060, 21.86
54.07, 0.9070, 24.20
54.08, 0.9080, 21.74
54.09, 0.9090, 23.16
54.10, 0.9100, 22.55
54.11, 0.9110, 22.09
54.12, 0.9120, 22.58
54.13, 0.9130, 22.92
54.14, 0.9140, 21.56
54.15, 0.9150, 22.04
54.16, 0.9160, 23.93
54.17, 0.9170, 22.97
54.18, 0.9180, 21.88
54.19, 0.9190, 22.68
54.20, 0.9200, 23.08
54.21, 0.9210, 22.39
54.22, 0.9220, 22.79
54.23, 0.9230, 22.14
54.24, 0.9240, 21.12
54.25, 0.9250, 21.92
54.26, 0.9260, 21.59
54.27, 0.9270, 22.53
54.28, 0.9280, 23.53
54.29, 0.9290, 22.29
54.30, 0.9300, 21.76
54.31, 0.9310, 23.03
54.32, 0.9320, 22.46
54.33, 0.9330, 23.16
54.34, 0.9340, 22.92
54.35, 0.9350, 22.93
54.36, 0.9360, 22.71
54.37, 0.9370, 23.79
54.38, 0.9380, 23.35
54.39, 0.9390, 23.13
54.40, 0.9400, 22.83
54.41, 0.9410, 22.38
54.42, 0.9420, 23.01
54.43, 0.9430, 23.79
54.44, 0.9440, 23.62
54.45, 0.9450, 22.97
54.46, 0.9460, 22.21
54.47, 0.9470, 23.70
54.48, 0.9480, 24.22
54.49, 0.9490, 22.76
54.50, 0.9500, 23.60
54.51, 0.9510, 25.17
54.52, 0.9520, 22.98
54.53, 0.9530, 25.81
54.54, 0.9540, 23.17
54.55, 0.9550, 23.35
54.56, 0.9560, 24.71
54.57, 0.9570, 25.09
54.58, 0.9580, 25.00
54.59, 0.9590, 24.27
54.60, 0.9600, 23.78
54.61, 0.9610, 24.47
54.62, 0.9620, 23.24
54.63, 0.9630, 24.73
54.64, 0.9640, 23.77
54.65, 0.9650, 25.13
54.66, 0.9660, 23.13
54.67, 0.9670, 23.77
54.68, 0.9680, 24.54
54.69, 0.9690, 23.69
54.70, 0.9700, 24.89
54.71, 0.9710, 23.10
54.72, 0.9720, 24.50
54.73, 0.9730, 24.35
54.74, 0.9740, 23.92
54.75, 0.9750, 24.51
54.76, 0.9760, 24.27
54.77, 0.9770, 24.81
54.78, 0.9780, 24.95
54.79, 0.9790, 26.67
54.80, 0.9800, 25.60
54.81, 0.9810, 23.56
54.82, 0.9820, 25.01
54.83, 0.9830, 23.39
54.84, 0.9840, 24.19
54.85, 0.9850, 23.85
54.86, 0.9860, 25.65
54.87, 0.9870, 24.44
54.88, 0.9880, 25.31
54.89, 0.9890, 26.37
54.90, 0.9900, 23.48
54.91, 0.9910, 24.66
54.92, 0.9920, 23.70
54.93, 0.9930, 25.48
54.94, 0.9940, 26.24
54.95, 0.9950, 26.96
54.96, 0.9960, 26.93
54.97, 0.9970, 25.51
54.98, 0.9980, 24.93
54.99, 0.9990, 26.07
55.00, 1.000, 26.72
55.01, 1.001, 23.86
55.02, 1.002, 24.09
55.03, 1.003, 25.76
55.04, 1.004, 26.02
55.05, 1.005, 24.75
55.06, 1.006, 25.44
55.07, 1.007, 25.47
55.08, 1.008, 25.86
55.09, 1.009, 24.97
55.10, 1.010, 25.44
55.11, 1.011, 26.23
55.12, 1.012, 24.66
55.13, 1.013, 25.52
55.14, 1.014, 26.11
55.15, 1.015, 26.00
55.16, 1.016, 27.10
55.17, 1.017, 25.71
55.18, 1.018, 26.76
55.19, 1.019, 23.51
55.20, 1.020, 25.93
55.21, 1.021, 25.90
55.22, 1.022, 27.67
55.23, 1.023, 26.09
55.24, 1.024, 25.69
55.25, 1.025, 26.28
55.26, 1.026, 25.41
55.27, 1.027, 25.71
55.28, 1.028, 25.66
55.29, 1.029, 26.71
55.30, 1.030, 26.15
55.31, 1.031, 27.21
55.32, 1.032, 26.56
55.33, 1.033, 26.45
55.34, 1.034, 26.09
55.35, 1.035, 26.41
55.36, 1.036, 27.39
55.37, 1.037, 28.67
55.38, 1.038, 26.35
55.39, 1.039, 28.40
55.40, 1.040, 27.50
55.41, 1.041, 27.59
55.42, 1.042, 26.87
55.43, 1.043, 29.02
55.44, 1.044, 28.18
55.45, 1.045, 28.12
55.46, 1.046, 27.98
55.47, 1.047, 27.27
55.48, 1.048, 27.86
55.49, 1.049, 28.29
55.50, 1.050, 27.35
55.51, 1.051, 26.31
55.52, 1.052, 28.62
55.53, 1.053, 26.84
55.54, 1.054, 27.96
55.55, 1.055, 26.54
55.56, 1.056, 28.24
55.57, 1.057, 28.42
55.58, 1.058, 27.13
55.59, 1.059, 27.85
55.60, 1.060, 27.02
55.61, 1.061, 29.40
55.62, 1.062, 29.30
55.63, 1.063, 29.35
55.64, 1.064, 29.46
55.65, 1.065, 28.26
55.66, 1.066, 27.50
55.67, 1.067, 27.34
55.68, 1.068, 30.13
55.69, 1.069, 29.44
55.70, 1.070, 29.33
55.71, 1.071, 29.87
55.72, 1.072, 28.82
55.73, 1.073, 29.31
55.74, 1.074, 30.03
55.75, 1.075, 29.09
55.76, 1.076, 30.14
55.77, 1.077, 29.80
55.78, 1.078, 31.43
55.79, 1.079, 30.21
55.80, 1.080, 31.53
55.81, 1.081, 29.55
55.82, 1.082, 30.98
55.83, 1.083, 31.19
55.84, 1.084, 29.77
55.85, 1.085, 29.98
55.86, 1.086, 31.32
55.87, 1.087, 29.37
55.88, 1.088, 32.78
55.89, 1.089, 30.52
55.90, 1.090, 32.13
55.91, 1.091, 32.49
55.92, 1.092, 31.47
55.93, 1.093, 31.16
55.94, 1.094, 32.47
55.95, 1.095, 31.54
55.96, 1.096, 31.52
55.97, 1.097, 32.62
55.98, 1.098, 33.24
55.99, 1.099, 31.94
56.00, 1.100, 32.41
56.01, 1.101, 35.11
56.02, 1.102, 32.39
56.03, 1.103, 31.18
56.04, 1.104, 33.91
56.05, 1.105, 32.88
56.06, 1.106, 34.30
56.07, 1.107, 32.84
56.08, 1.108, 33.22
56.09, 1.109, 32.51
56.10, 1.110, 31.78
56.11, 1.111, 32.63
56.12, 1.112, 33.36
56.13, 1.113, 34.09
56.14, 1.114, 33.96
56.15, 1.115, 34.15
56.16, 1.116, 34.00
56.17, 1.117, 34.15
56.18, 1.118, 35.59
56.19, 1.119, 34.57
56.20, 1.120, 35.59
56.21, 1.121, 36.15
56.22, 1.122, 35.40
56.23, 1.123, 35.05
56.24, 1.124, 34.30
56.25, 1.125, 33.84
56.26, 1.126, 34.45
56.27, 1.127, 33.20
56.28, 1.128, 35.27
56.29, 1.129, 35.36
56.30, 1.130, 35.36
56.31, 1.131, 35.59
56.32, 1.132, 36.90
56.33, 1.133, 36.06
56.34, 1.134, 36.86
56.35, 1.135, 35.48
56.36, 1.136, 37.38
56.37, 1.137, 37.61
56.38, 1.138, 38.57
56.39, 1.139, 35.39
56.40, 1.140, 35.51
56.41, 1.141, 34.77
56.42, 1.142, 37.68
56.43, 1.143, 36.86
56.44, 1.144, 37.07
56.45, 1.145, 35.90
56.46, 1.146, 38.60
56.47, 1.147, 38.12
56.48, 1.148, 40.53
56.49, 1.149, 39.57
56.50, 1.150, 40.08
56.51, 1.151, 40.42
56.52, 1.152, 37.79
56.53, 1.153, 39.37
56.54, 1.154, 38.31
56.55, 1.155, 40.12
56.56, 1.156, 40.50
56.57, 1.157, 40.64
56.58, 1.158, 40.00
56.59, 1.159, 40.26
56.60, 1.160, 39.55
56.61, 1.161, 40.97
56.62, 1.162, 42.26
56.63, 1.163, 41.59
56.64, 1.164, 42.38
56.65, 1.165, 42.93
56.66, 1.166, 43.52
56.67, 1.167, 43.45
56.68, 1.168, 43.80
56.69, 1.169, 45.08
56.70, 1.170, 44.18
56.71, 1.171, 43.71
56.72, 1.172, 44.74
56.73, 1.173, 44.23
56.74, 1.174, 43.62
56.75, 1.175, 43.79
56.76, 1.176, 44.78
56.77, 1.177, 45.12
56.78, 1.178, 44.66
56.79, 1.179, 43.59
56.80, 1.180, 45.97
56.81, 1.181, 45.97
56.82, 1.182, 48.38
56.83, 1.183, 46.54
56.84, 1.184, 46.97
56.85, 1.185, 49.29
56.86, 1.186, 47.22
56.87, 1.187, 48.36
56.88, 1.188, 49.94
56.89, 1.189, 48.53
56.90, 1.190, 47.26
56.91, 1.191, 50.30
56.92, 1.192, 46.93
56.93, 1.193, 47.76
56.94, 1.194, 51.08
56.95, 1.195, 49.82
56.96, 1.196, 49.73
56.97, 1.197, 48.29
56.98, 1.198, 50.07
56.99, 1.199, 50.84
57.00, 1.200, 53.01
57.01, 1.201, 51.87
57.02, 1.202, 51.55
57.03, 1.203, 51.77
57.04, 1.204, 51.05
57.05, 1.205, 52.10
57.06, 1.206, 53.39
57.07, 1.207, 53.61
57.08, 1.208, 52.97
57.09, 1.209, 53.37
57.10, 1.210, 53.02
57.11, 1.211, 54.18
57.12, 1.212, 53.85
57.13, 1.213, 54.32
57.14, 1.214, 54.42
57.15, 1.215, 54.78
57.16, 1.216, 55.02
57.17, 1.217, 54.81
57.18, 1.218, 55.72
57.19, 1.219, 56.36
57.20, 1.220, 56.22
57.21, 1.221, 57.74
57.22, 1.222, 56.14
57.23, 1.223, 55.94
57.24, 1.224, 57.48
57.25, 1.225, 57.65
57.26, 1.226, 57.74
57.27, 1.227, 57.06
57.28, 1.228, 57.84
57.29, 1.229, 56.77
57.30, 1.230, 58.50
57.31, 1.231, 59.86
57.32, 1.232, 56.86
57.33, 1.233, 58.60
57.34, 1.234, 59.08
57.35, 1.235, 59.45
57.36, 1.236, 59.75
57.37, 1.237, 61.44
57.38, 1.238, 59.25
57.39, 1.239, 59.82
57.40, 1.240, 59.76
57.41, 1.241, 59.74
57.42, 1.242, 61.00
57.43, 1.243, 60.86
57.44, 1.244, 60.95
57.45, 1.245, 60.40
57.46, 1.246, 61.61
57.47, 1.247, 62.96
57.48, 1.248, 63.30
57.49, 1.249, 63.49
57.50, 1.250, 61.31
57.51, 1.251, 61.93
57.52, 1.252, 62.02
57.53, 1.253, 64.51
57.54, 1.254, 63.75
57.55, 1.255, 63.21
57.56, 1.256, 64.12
57.57, 1.257, 62.65
57.58, 1.258, 63.20
57.59, 1.259, 64.77
57.60, 1.260, 65.12
57.61, 1.261, 64.94
57.62, 1.262, 66.35
57.63, 1.263, 64.49
57.64, 1.264, 65.38
57.65, 1.265, 65.85
57.66, 1.266, 65.07
57.67, 1.267, 66.47
57.68, 1.268, 64.21
57.69, 1.269, 65.99
57.70, 1.270, 66.71
57.71, 1.271, 66.64
57.72, 1.272, 65.72
57.73, 1.273, 66.26
57.74, 1.274, 67.20
57.75, 1.275, 65.11
57.76, 1.276, 67.20
57.77, 1.277, 68.04
57.78, 1.278, 66.89
57.79, 1.279, 68.16
57.80, 1.280, 68.16
57.81, 1.281, 68.67
57.82, 1.282, 68.83
57.83, 1.283, 67.90
57.84, 1.284, 67.76
57.85, 1.285, 69.11
57.86, 1.286, 67.94
57.87, 1.287, 69.22
57.88, 1.288, 69.59
57.89, 1.289, 69.68
57.90, 1.290, 70.34
57.91, 1.291, 71.36
57.92, 1.292, 70.19
57.93, 1.293, 69.61
57.94, 1.294, 68.89
57.95, 1.295, 70.88
57.96, 1.296, 71.48
57.97, 1.297, 71.03
57.98, 1.298, 71.10
57.99, 1.299, 73.49
58.00, 1.300, 71.30
58.01, 1.301, 71.53
58.02, 1.302, 71.20
58.03, 1.303, 71.91
58.04, 1.304, 73.04
58.05, 1.305, 70.67
58.06, 1.306, 69.69
58.07, 1.307, 71.49
58.08, 1.308, 73.47
58.09, 1.309, 73.24
58.10, 1.310, 73.34
58.11, 1.311, 73.92
58.12, 1.312, 72.44
58.13, 1.313, 73.49
58.14, 1.314, 71.59
58.15, 1.315, 72.17
58.16, 1.316, 72.63
58.17, 1.317, 74.25
58.18, 1.318, 74.73
58.19, 1.319, 73.23
58.20, 1.320, 73.81
58.21, 1.321, 74.36
58.22, 1.322, 74.12
58.23, 1.323, 74.87
58.24, 1.324, 72.88
58.25, 1.325, 75.79
58.26, 1.326, 73.41
58.27, 1.327, 74.32
58.28, 1.328, 75.82
58.29, 1.329, 74.51
58.30, 1.330, 74.53
58.31, 1.331, 75.43
58.32, 1.332, 75.32
58.33, 1.333, 77.35
58.34, 1.334, 74.91
58.35, 1.335, 75.41
58.36, 1.336, 77.66
58.37, 1.337, 76.26
58.38, 1.338, 76.48
58.39, 1.339, 76.92
58.40, 1.340, 77.54
58.41, 1.341, 75.04
58.42, 1.342, 77.19
58.43, 1.343, 76.94
58.44, 1.344, 77.55
58.45, 1.345, 76.96
58.46, 1.346, 77.87
58.47, 1.347, 76.37
58.48, 1.348, 75.86
58.49, 1.349, 75.55
58.50, 1.350, 77.08
58.51, 1.351, 76.98
58.52, 1.352, 78.79
58.53, 1.353, 78.01
58.54, 1.354, 77.32
58.55, 1.355, 77.15
58.56, 1.356, 77.38
58.57, 1.357, 77.08
58.58, 1.358, 78.65
58.59, 1.359, 78.07
58.60, 1.360, 78.50
58.61, 1.361, 78.99
58.62, 1.362, 77.01
58.63, 1.363, 76.75
58.64, 1.364, 76.58
58.65, 1.365, 78.48
58.66, 1.366, 76.80
58.67, 1.367, 77.68
58.68, 1.368, 78.73
58.69, 1.369, 78.28
58.70, 1.370, 78.26
58.71, 1.371, 79.26
58.72, 1.372, 79.62
58.73, 1.373, 79.60
58.74, 1.374, 78.99
58.75, 1.375, 82.28
58.76, 1.376, 78.21
58.77, 1.377, 78.47
58.78, 1.378, 79.84
58.79, 1.379, 79.75
58.80, 1.380, 81.04
58.81, 1.381, 79.66
58.82, 1.382, 81.20
58.83, 1.383, 79.13
58.84, 1.384, 80.43
58.85, 1.385, 79.76
58.86, 1.386, 79.72
58.87, 1.387, 81.23
58.88, 1.388, 80.28
58.89, 1.389, 80.14
58.90, 1.390, 79.98
58.91, 1.391, 80.09
58.92, 1.392, 77.77
58.93, 1.393, 79.03
58.94, 1.394, 78.13
58.95, 1.395, 79.53
58.96, 1.396, 79.89
58.97, 1.397, 80.46
58.98, 1.398, 79.96
58.99, 1.399, 80.51
59.00, 1.400, 81.07
59.01, 1.401, 80.75
59.02, 1.402, 81.15
59.03, 1.403, 81.28
59.04, 1.404, 81.77
59.05, 1.405, 81.90
59.06, 1.406, 81.12
59.07, 1.407, 83.11
59.08, 1.408, 82.14
59.09, 1.409, 82.22
59.10, 1.410, 82.32
59.11, 1.411, 79.21
59.12, 1.412, 81.39
59.13, 1.413, 82.53
59.14, 1.414, 82.21
59.15, 1.415, 83.44
59.16, 1.416, 85.59
59.17, 1.417, 81.55
59.18, 1.418, 80.67
59.19, 1.419, 82.58
59.20, 1.420, 82.61
59.21, 1.421, 83.82
59.22, 1.422, 83.31
59.23, 1.423, 83.06
59.24, 1.424, 83.56
59.25, 1.425, 82.94
59.26, 1.426, 82.58
59.27, 1.427, 82.66
59.28, 1.428, 82.71
59.29, 1.429, 83.34
59.30, 1.430, 84.76
59.31, 1.431, 84.47
59.32, 1.432, 84.16
59.33, 1.433, 82.81
59.34, 1.434, 84.26
59.35, 1.435, 83.83
59.36, 1.436, 84.56
59.37, 1.437, 85.13
59.38, 1.438, 85.49
59.39, 1.439, 86.43
59.40, 1.440, 86.39
59.41, 1.441, 83.82
59.42, 1.442, 84.83
59.43, 1.443, 85.25
59.44, 1.444, 84.42
59.45, 1.445, 85.25
59.46, 1.446, 87.05
59.47, 1.447, 85.22
59.48, 1.448, 85.24
59.49, 1.449, 85.36
59.50, 1.450, 86.55
59.51, 1.451, 84.51
59.52, 1.452, 84.56
59.53, 1.453, 85.45
59.54, 1.454, 86.51
59.55, 1.455, 86.82
59.56, 1.456, 87.28
59.57, 1.457, 87.30
59.58, 1.458, 86.60
59.59, 1.459, 86.42
59.60, 1.460, 87.12
59.61, 1.461, 87.18
59.62, 1.462, 88.01
59.63, 1.463, 86.50
59.64, 1.464, 88.71
59.65, 1.465, 88.32
59.66, 1.466, 89.03
59.67, 1.467, 88.24
59.68, 1.468, 88.35
59.69, 1.469, 87.80
59.70, 1.470, 87.79
59.71, 1.471, 87.62
59.72, 1.472, 88.43
59.73, 1.473, 88.22
59.74, 1.474, 88.43
59.75, 1.475, 88.62
59.76, 1.476, 88.97
59.77, 1.477, 88.10
59.78, 1.478, 90.19
59.79, 1.479, 90.19
59.80, 1.480, 89.74
59.81, 1.481, 87.66
59.82, 1.482, 89.32
59.83, 1.483, 89.01
59.84, 1.484, 91.25
59.85, 1.485, 90.40
59.86, 1.486, 89.04
59.87, 1.487, 91.28
59.88, 1.488, 91.15
59.89, 1.489, 90.34
59.90, 1.490, 91.28
59.91, 1.491, 91.75
59.92, 1.492, 89.07
59.93, 1.493, 90.86
59.94, 1.494, 92.42
59.95, 1.495, 90.78
59.96, 1.496, 92.37
59.97, 1.497, 91.49
59.98, 1.498, 92.25
59.99, 1.499, 93.58
60.00, 1.500, 95.73
60.01, 1.501, 91.79
60.02, 1.502, 91.55
60.03, 1.503, 93.68
60.04, 1.504, 93.44
60.05, 1.505, 92.78
60.06, 1.506, 93.95
60.07, 1.507, 94.73
60.08, 1.508, 93.15
60.09, 1.509, 92.93
60.10, 1.510, 94.05
60.11, 1.511, 94.28
60.12, 1.512, 95.20
60.13, 1.513, 94.69
60.14, 1.514, 95.18
60.15, 1.515, 94.02
60.16, 1.516, 94.93
60.17, 1.517, 94.25
60.18, 1.518, 94.72
60.19, 1.519, 94.75
60.20, 1.520, 96.13
60.21, 1.521, 96.54
60.22, 1.522, 94.87
60.23, 1.523, 96.14
60.24, 1.524, 96.25
60.25, 1.525, 96.12
60.26, 1.526, 97.92
60.27, 1.527, 95.92
60.28, 1.528, 96.37
60.29, 1.529, 98.41
60.30, 1.530, 97.53
60.31, 1.531, 97.37
60.32, 1.532, 98.11
60.33, 1.533, 95.68
60.34, 1.534, 98.54
60.35, 1.535, 99.52
60.36, 1.536, 100.1
60.37, 1.537, 98.89
60.38, 1.538, 98.70
60.39, 1.539, 98.13
60.40, 1.540, 97.76
60.41, 1.541, 100.2
60.42, 1.542, 98.89
60.43, 1.543, 100.3
60.44, 1.544, 100.7
60.45, 1.545, 101.4
60.46, 1.546, 100.6
60.47, 1.547, 101.4
60.48, 1.548, 101.6
60.49, 1.549, 100.4
60.50, 1.550, 101.8
60.51, 1.551, 102.2
60.52, 1.552, 101.9
60.53, 1.553, 102.6
60.54, 1.554, 102.0
60.55, 1.555, 102.9
60.56, 1.556, 103.1
60.57, 1.557, 102.1
60.58, 1.558, 102.9
60.59, 1.559, 103.9
60.60, 1.560, 104.5
60.61, 1.561, 104.0
60.62, 1.562, 104.6
60.63, 1.563, 103.7
60.64, 1.564, 103.3
60.65, 1.565, 103.7
60.66, 1.566, 104.0
60.67, 1.567, 105.6
60.68, 1.568, 103.5
60.69, 1.569, 104.8
60.70, 1.570, 105.7
60.71, 1.571, 104.4
60.72, 1.572, 105.5
60.73, 1.573, 105.4
60.74, 1.574, 105.8
60.75, 1.575, 106.7
60.76, 1.576, 105.6
60.77, 1.577, 107.0
60.78, 1.578, 108.0
60.79, 1.579, 108.3
60.80, 1.580, 107.3
60.81, 1.581, 107.2
60.82, 1.582, 107.4
60.83, 1.583, 108.0
60.84, 1.584, 108.4
60.85, 1.585, 109.2
60.86, 1.586, 109.4
60.87, 1.587, 110.2
60.88, 1.588, 110.0
60.89, 1.589, 110.8
60.90, 1.590, 111.6
60.91, 1.591, 111.2
60.92, 1.592, 110.6
60.93, 1.593, 111.4
60.94, 1.594, 112.1
60.95, 1.595, 112.3
60.96, 1.596, 112.8
60.97, 1.597, 111.3
60.98, 1.598, 112.5
60.99, 1.599, 114.1
61.00, 1.600, 110.7
61.01, 1.601, 113.2
61.02, 1.602, 112.9
61.03, 1.603, 112.3
61.04, 1.604, 114.1
61.05, 1.605, 115.0
61.06, 1.606, 115.5
61.07, 1.607, 114.5
61.08, 1.608, 113.1
61.09, 1.609, 112.5
61.10, 1.610, 113.9
61.11, 1.611, 114.4
61.12, 1.612, 113.7
61.13, 1.613, 115.4
61.14, 1.614, 116.0
61.15, 1.615, 116.7
61.16, 1.616, 116.3
61.17, 1.617, 116.9
61.18, 1.618, 116.7
61.19, 1.619, 116.9
61.20, 1.620, 117.1
61.21, 1.621, 118.0
61.22, 1.622, 118.3
61.23, 1.623, 120.4
61.24, 1.624, 117.8
61.25, 1.625, 118.9
61.26, 1.626, 118.9
61.27, 1.627, 118.3
61.28, 1.628, 119.7
61.29, 1.629, 119.9
61.30, 1.630, 122.8
61.31, 1.631, 121.6
61.32, 1.632, 122.1
61.33, 1.633, 122.1
61.34, 1.634, 121.3
61.35, 1.635, 120.8
61.36, 1.636, 121.5
61.37, 1.637, 121.1
61.38, 1.638, 123.3
61.39, 1.639, 123.9
61.40, 1.640, 123.8
61.41, 1.641, 123.8
61.42, 1.642, 123.5
61.43, 1.643, 124.5
61.44, 1.644, 124.3
61.45, 1.645, 126.4
61.46, 1.646, 124.0
61.47, 1.647, 126.1
61.48, 1.648, 126.2
61.49, 1.649, 126.6
61.50, 1.650, 125.6
61.51, 1.651, 126.7
61.52, 1.652, 127.1
61.53, 1.653, 128.2
61.54, 1.654, 126.5
61.55, 1.655, 128.1
61.56, 1.656, 128.2
61.57, 1.657, 129.4
61.58, 1.658, 129.5
61.59, 1.659, 128.7
61.60, 1.660, 129.6
61.61, 1.661, 129.8
61.62, 1.662, 129.7
61.63, 1.663, 132.7
61.64, 1.664, 130.3
61.65, 1.665, 131.5
61.66, 1.666, 133.4
61.67, 1.667, 133.0
61.68, 1.668, 132.5
61.69, 1.669, 134.1
61.70, 1.670, 133.2
61.71, 1.671, 135.0
61.72, 1.672, 132.7
61.73, 1.673, 136.2
61.74, 1.674, 137.5
61.75, 1.675, 136.4
61.76, 1.676, 138.2
61.77, 1.677, 136.9
61.78, 1.678, 136.6
61.79, 1.679, 137.2
61.80, 1.680, 138.2
61.81, 1.681, 137.5
61.82, 1.682, 137.4
61.83, 1.683, 139.3
61.84, 1.684, 138.7
61.85, 1.685, 141.0
61.86, 1.686, 140.6
61.87, 1.687, 140.9
61.88, 1.688, 140.5
61.89, 1.689, 140.5
61.90, 1.690, 139.5
61.91, 1.691, 141.2
61.92, 1.692, 141.7
61.93, 1.693, 144.0
61.94, 1.694, 143.0
61.95, 1.695, 143.0
61.96, 1.696, 144.4
61.97, 1.697, 143.2
61.98, 1.698, 143.8
61.99, 1.699, 144.7
62.00, 1.700, 144.4
62.01, 1.701, 146.4
62.02, 1.702, 145.6
62.03, 1.703, 147.0
62.04, 1.704, 148.9
62.05, 1.705, 147.5
62.06, 1.706, 148.1
62.07, 1.707, 148.8
62.08, 1.708, 147.8
62.09, 1.709, 149.6
62.10, 1.710, 149.9
62.11, 1.711, 151.9
62.12, 1.712, 151.7
62.13, 1.713, 152.5
62.14, 1.714, 152.9
62.15, 1.715, 154.4
62.16, 1.716, 153.1
62.17, 1.717, 154.1
62.18, 1.718, 155.4
62.19, 1.719, 154.9
62.20, 1.720, 156.9
62.21, 1.721, 155.6
62.22, 1.722, 156.9
62.23, 1.723, 157.0
62.24, 1.724, 156.4
62.25, 1.725, 157.5
62.26, 1.726, 156.6
62.27, 1.727, 157.1
62.28, 1.728, 159.9
62.29, 1.729, 160.1
62.30, 1.730, 161.3
62.31, 1.731, 161.6
62.32, 1.732, 161.5
62.33, 1.733, 162.1
62.34, 1.734, 162.3
62.35, 1.735, 164.7
62.36, 1.736, 163.8
62.37, 1.737, 163.9
62.38, 1.738, 164.4
62.39, 1.739, 163.3
62.40, 1.740, 165.2
62.41, 1.741, 168.1
62.42, 1.742, 166.2
62.43, 1.743, 167.8
62.44, 1.744, 168.1
62.45, 1.745, 167.6
62.46, 1.746, 169.9
62.47, 1.747, 169.2
62.48, 1.748, 170.1
62.49, 1.749, 171.8
62.50, 1.750, 172.3
62.51, 1.751, 170.9
62.52, 1.752, 173.1
62.53, 1.753, 171.9
62.54, 1.754, 172.8
62.55, 1.755, 173.4
62.56, 1.756, 174.7
62.57, 1.757, 175.7
62.58, 1.758, 175.1
62.59, 1.759, 176.8
62.60, 1.760, 177.5
62.61, 1.761, 178.4
62.62, 1.762, 177.9
62.63, 1.763, 179.5
62.64, 1.764, 179.8
62.65, 1.765, 180.1
62.66, 1.766, 178.9
62.67, 1.767, 180.9
62.68, 1.768, 181.6
62.69, 1.769, 184.1
62.70, 1.770, 182.7
62.71, 1.771, 184.6
62.72, 1.772, 184.5
62.73, 1.773, 186.0
62.74, 1.774, 186.4
62.75, 1.775, 186.4
62.76, 1.776, 188.1
62.77, 1.777, 190.6
62.78, 1.778, 188.4
62.79, 1.779, 190.0
62.80, 1.780, 190.6
62.81, 1.781, 191.7
62.82, 1.782, 193.7
62.83, 1.783, 191.8
62.84, 1.784, 194.0
62.85, 1.785, 193.6
62.86, 1.786, 194.6
62.87, 1.787, 196.5
62.88, 1.788, 196.1
62.89, 1.789, 197.3
62.90, 1.790, 197.1
62.91, 1.791, 197.5
62.92, 1.792, 199.6
62.93, 1.793, 199.2
62.94, 1.794, 202.3
62.95, 1.795, 203.8
62.96, 1.796, 202.7
62.97, 1.797, 204.6
62.98, 1.798, 205.1
62.99, 1.799, 206.1
63.00, 1.800, 206.9
63.01, 1.801, 207.1
63.02, 1.802, 208.0
63.03, 1.803, 209.1
63.04, 1.804, 209.3
63.05, 1.805, 210.1
63.06, 1.806, 210.2
63.07, 1.807, 213.0
63.08, 1.808, 212.5
63.09, 1.809, 213.7
63.10, 1.810, 215.9
63.11, 1.811, 214.7
63.12, 1.812, 218.5
63.13, 1.813, 218.0
63.14, 1.814, 216.8
63.15, 1.815, 220.2
63.16, 1.816, 221.0
63.17, 1.817, 221.1
63.18, 1.818, 219.9
63.19, 1.819, 222.3
63.20, 1.820, 221.9
63.21, 1.821, 224.3
63.22, 1.822, 225.4
63.23, 1.823, 226.0
63.24, 1.824, 228.0
63.25, 1.825, 226.7
63.26, 1.826, 227.5
63.27, 1.827, 227.2
63.28, 1.828, 231.6
63.29, 1.829, 230.2
63.30, 1.830, 231.2
63.31, 1.831, 231.9
63.32, 1.832, 232.9
63.33, 1.833, 233.4
63.34, 1.834, 235.4
63.35, 1.835, 236.4
63.36, 1.836, 237.7
63.37, 1.837, 237.8
63.38, 1.838, 240.0
63.39, 1.839, 239.7
63.40, 1.840, 241.2
63.41, 1.841, 243.0
63.42, 1.842, 242.9
63.43, 1.843, 245.4
63.44, 1.844, 243.0
63.45, 1.845, 245.3
63.46, 1.846, 247.4
63.47, 1.847, 248.5
63.48, 1.848, 251.5
63.49, 1.849, 251.3
63.50, 1.850, 254.0
63.51, 1.851, 251.3
63.52, 1.852, 252.0
63.53, 1.853, 253.2
63.54, 1.854, 256.1
63.55, 1.855, 257.4
63.56, 1.856, 259.6
63.57, 1.857, 260.5
63.58, 1.858, 261.0
63.59, 1.859, 258.8
63.60, 1.860, 262.1
63.61, 1.861, 262.5
63.62, 1.862, 265.3
63.63, 1.863, 266.2
63.64, 1.864, 265.2
63.65, 1.865, 266.5
63.66, 1.866, 269.7
63.67, 1.867, 267.2
63.68, 1.868, 269.5
63.69, 1.869, 270.9
63.70, 1.870, 273.1
63.71, 1.871, 273.4
63.72, 1.872, 273.7
63.73, 1.873, 275.1
63.74, 1.874, 276.7
63.75, 1.875, 277.1
63.76, 1.876, 278.4
63.77, 1.877, 279.9
63.78, 1.878, 281.2
63.79, 1.879, 281.6
63.80, 1.880, 283.2
63.81, 1.881, 286.1
63.82, 1.882, 283.5
63.83, 1.883, 287.6
63.84, 1.884, 286.8
63.85, 1.885, 290.3
63.86, 1.886, 290.8
63.87, 1.887, 291.1
63.88, 1.888, 291.6
63.89, 1.889, 293.5
63.90, 1.890, 293.7
63.91, 1.891, 295.1
63.92, 1.892, 297.5
63.93, 1.893, 297.1
63.94, 1.894, 299.3
63.95, 1.895, 301.3
63.96, 1.896, 300.4
63.97, 1.897, 302.6
63.98, 1.898, 303.2
63.99, 1.899, 305.8
64.00, 1.900, 304.6
64.01, 1.901, 306.9
64.02, 1.902, 308.6
64.03, 1.903, 309.6
64.04, 1.904, 310.4
64.05, 1.905, 309.9
64.06, 1.906, 315.3
64.07, 1.907, 315.1
64.08, 1.908, 313.5
64.09, 1.909, 317.8
64.10, 1.910, 317.7
64.11, 1.911, 317.5
64.12, 1.912, 319.2
64.13, 1.913, 321.4
64.14, 1.914, 321.5
64.15, 1.915, 323.9
64.16, 1.916, 324.3
64.17, 1.917, 327.4
64.18, 1.918, 328.0
64.19, 1.919, 329.1
64.20, 1.920, 329.2
64.21, 1.921, 331.5
64.22, 1.922, 333.6
64.23, 1.923, 332.4
64.24, 1.924, 335.2
64.25, 1.925, 337.3
64.26, 1.926, 338.5
64.27, 1.927, 341.7
64.28, 1.928, 340.8
64.29, 1.929, 342.0
64.30, 1.930, 342.5
64.31, 1.931, 342.9
64.32, 1.932, 344.8
64.33, 1.933, 347.2
64.34, 1.934, 348.7
64.35, 1.935, 348.4
64.36, 1.936, 351.3
64.37, 1.937, 350.4
64.38, 1.938, 353.2
64.39, 1.939, 353.9
64.40, 1.940, 356.1
64.41, 1.941, 356.1
64.42, 1.942, 357.7
64.43, 1.943, 358.7
64.44, 1.944, 358.5
64.45, 1.945, 361.0
64.46, 1.946, 362.6
64.47, 1.947, 365.0
64.48, 1.948, 365.9
64.49, 1.949, 366.2
64.50, 1.950, 367.0
64.51, 1.951, 369.5
64.52, 1.952, 372.1
64.53, 1.953, 372.4
64.54, 1.954, 373.8
64.55, 1.955, 373.0
64.56, 1.956, 376.3
64.57, 1.957, 376.6
64.58, 1.958, 377.6
64.59, 1.959, 377.7
64.60, 1.960, 380.1
64.61, 1.961, 383.3
64.62, 1.962, 384.5
64.63, 1.963, 388.4
64.64, 1.964, 387.8
64.65, 1.965, 391.2
64.66, 1.966, 390.8
64.67, 1.967, 391.1
64.68, 1.968, 394.3
64.69, 1.969, 393.4
64.70, 1.970, 394.9
64.71, 1.971, 395.8
64.72, 1.972, 398.7
64.73, 1.973, 399.8
64.74, 1.974, 400.9
64.75, 1.975, 402.5
64.76, 1.976, 403.9
64.77, 1.977, 404.2
64.78, 1.978, 404.8
64.79, 1.979, 406.5
64.80, 1.980, 409.7
64.81, 1.981, 408.9
64.82, 1.982, 410.3
64.83, 1.983, 410.4
64.84, 1.984, 412.1
64.85, 1.985, 411.8
64.86, 1.986, 411.7
64.87, 1.987, 412.9
64.88, 1.988, 412.6
64.89, 1.989, 411.3
64.90, 1.990, 412.4
64.91, 1.991, 413.2
64.92, 1.992, 412.2
64.93, 1.993, 410.3
64.94, 1.994, 412.7
64.95, 1.995, 412.7
64.96, 1.996, 413.2
64.97, 1.997, 412.9
64.98, 1.998, 414.2
64.99, 1.999, 413.5
65.00, 2.000, 414.6
65.01, 1.999, 413.2
65.02, 1.998, 414.5
65.03, 1.997, 413.7
65.04, 1.996, 412.3
65.05, 1.995, 413.9
65.06, 1.994, 414.3
65.07, 1.993, 415.2
65.08, 1.992, 413.7
65.09, 1.991, 414.2
65.10, 1.990, 415.8
65.11, 1.989, 415.4
65.12, 1.988, 413.5
65.13, 1.987, 416.5
65.14, 1.986, 415.5
65.15, 1.985, 416.0
65.16, 1.984, 416.0
65.17, 1.983, 417.1
65.18, 1.982, 415.4
65.19, 1.981, 414.9
65.20, 1.980, 414.3
65.21, 1.979, 414.1
65.22, 1.978, 413.1
65.23, 1.977, 411.6
65.24, 1.976, 410.9
65.25, 1.975, 410.0
65.26, 1.974, 407.4
65.27, 1.973, 407.2
65.28, 1.972, 405.8
65.29, 1.971, 405.0
65.30, 1.970, 403.0
65.31, 1.969, 403.3
65.32, 1.968, 403.0
65.33, 1.967, 399.8
65.34, 1.966, 400.3
65.35, 1.965, 397.6
65.36, 1.964, 398.4
65.37, 1.963, 397.9
65.38, 1.962, 396.2
65.39, 1.961, 394.4
65.40, 1.960, 392.9
65.41, 1.959, 391.7
65.42, 1.958, 391.0
65.43, 1.957, 388.6
65.44, 1.956, 389.0
65.45, 1.955, 387.8
65.46, 1.954, 387.8
65.47, 1.953, 385.7
65.48, 1.952, 385.2
65.49, 1.951, 382.7
65.50, 1.950, 382.2
65.51, 1.949, 377.9
65.52, 1.948, 379.2
65.53, 1.947, 377.4
65.54, 1.946, 376.2
65.55, 1.945, 376.0
65.56, 1.944, 372.8
65.57, 1.943, 374.2
65.58, 1.942, 371.3
65.59, 1.941, 370.9
65.60, 1.940, 367.9
65.61, 1.939, 367.5
65.62, 1.938, 369.6
65.63, 1.937, 368.7
65.64, 1.936, 367.3
65.65, 1.935, 367.3
65.66, 1.934, 364.4
65.67, 1.933, 362.0
65.68, 1.932, 362.2
65.69, 1.931, 359.3
65.70, 1.930, 359.5
65.71, 1.929, 358.4
65.72, 1.928, 356.8
65.73, 1.927, 357.5
65.74, 1.926, 356.1
65.75, 1.925, 354.3
65.76, 1.924, 353.6
65.77, 1.923, 352.4
65.78, 1.922, 351.1
65.79, 1.921, 348.7
65.80, 1.920, 349.1
65.81, 1.919, 348.6
65.82, 1.918, 347.8
65.83, 1.917, 347.0
65.84, 1.916, 345.5
65.85, 1.915, 343.8
65.86, 1.914, 341.9
65.87, 1.913, 340.9
65.88, 1.912, 338.4
65.89, 1.911, 339.7
65.90, 1.910, 337.4
65.91, 1.909, 337.4
65.92, 1.908, 336.1
65.93, 1.907, 335.4
65.94, 1.906, 332.3
65.95, 1.905, 330.4
65.96, 1.904, 330.8
65.97, 1.903, 329.7
65.98, 1.902, 328.0
65.99, 1.901, 328.3
66.00, 1.900, 327.6
66.01, 1.899, 325.8
66.02, 1.898, 326.7
66.03, 1.897, 323.4
66.04, 1.896, 321.9
66.05, 1.895, 321.3
66.06, 1.894, 321.4
66.07, 1.893, 319.9
66.08, 1.892, 318.0
66.09, 1.891, 318.1
66.10, 1.890, 317.1
66.11, 1.889, 315.9
66.12, 1.888, 314.5
66.13, 1.887, 313.8
66.14, 1.886, 312.9
66.15, 1.885, 310.0
66.16, 1.884, 307.9
66.17, 1.883, 309.3
66.18, 1.882, 308.0
66.19, 1.881, 306.0
66.20, 1.880, 307.8
66.21, 1.879, 305.3
66.22, 1.878, 303.2
66.23, 1.877, 300.9
66.24, 1.876, 300.8
66.25, 1.875, 299.9
66.26, 1.874, 300.8
66.27, 1.873, 299.0
66.28, 1.872, 299.1
66.29, 1.871, 298.0
66.30, 1.870, 296.1
66.31, 1.869, 293.5
66.32, 1.868, 292.3
66.33, 1.867, 291.3
66.34, 1.866, 291.8
66.35, 1.865, 289.1
66.36, 1.864, 287.2
66.37, 1.863, 287.7
66.38, 1.862, 286.8
66.39, 1.861, 285.2
66.40, 1.860, 284.5
66.41, 1.859, 284.8
66.42, 1.858, 282.5
66.43, 1.857, 281.0
66.44, 1.856, 281.4
66.45, 1.855, 278.1
66.46, 1.854, 277.4
66.47, 1.853, 277.1
66.48, 1.852, 277.9
66.49, 1.851, 274.6
66.50, 1.850, 274.8
66.51, 1.849, 271.1
66.52, 1.848, 272.9
66.53, 1.847, 271.1
66.54, 1.846, 270.4
66.55, 1.845, 269.8
66.56, 1.844, 269.1
66.57, 1.843, 267.2
66.58, 1.842, 267.3
66.59, 1.841, 266.1
66.60, 1.840, 263.8
66.61, 1.839, 263.5
66.62, 1.838, 261.3
66.63, 1.837, 261.4
66.64, 1.836, 262.1
66.65, 1.835, 259.0
66.66, 1.834, 260.0
66.67, 1.833, 258.6
66.68, 1.832, 257.2
66.69, 1.831, 255.0
66.70, 1.830, 253.7
66.71, 1.829, 252.7
66.72, 1.828, 252.7
66.73, 1.827, 250.8
66.74, 1.826, 249.3
66.75, 1.825, 249.5
66.76, 1.824, 247.4
66.77, 1.823, 245.9
66.78, 1.822, 242.3
66.79, 1.821, 243.8
66.80, 1.820, 243.8
66.81, 1.819, 241.7
66.82, 1.818, 240.9
66.83, 1.817, 241.1
66.84, 1.816, 238.9
66.85, 1.815, 238.1
66.86, 1.814, 237.1
66.87, 1.813, 238.2
66.88, 1.812, 236.4
66.89, 1.811, 234.1
66.90, 1.810, 233.3
66.91, 1.809, 232.4
66.92, 1.808, 232.6
66.93, 1.807, 229.1
66.94, 1.806, 230.5
66.95, 1.805, 229.3
66.96, 1.804, 229.8
66.97, 1.803, 227.0
66.98, 1.802, 227.6
66.99, 1.801, 224.9
67.00, 1.800, 225.3
67.01, 1.799, 222.4
67.02, 1.798, 221.6
67.03, 1.797, 222.0
67.04, 1.796, 221.1
67.05, 1.795, 220.9
67.06, 1.794, 218.1
67.07, 1.793, 216.8
67.08, 1.792, 217.1
67.09, 1.791, 215.5
67.10, 1.790, 216.0
67.11, 1.789, 213.4
67.12, 1.788, 212.9
67.13, 1.787, 211.9
67.14, 1.786, 211.6
67.15, 1.785, 210.0
67.16, 1.784, 208.9
67.17, 1.783, 206.4
67.18, 1.782, 206.5
67.19, 1.781, 205.7
67.20, 1.780, 205.5
67.21, 1.779, 203.6
67.22, 1.778, 203.7
67.23, 1.777, 202.1
67.24, 1.776, 201.6
67.25, 1.775, 201.6
67.26, 1.774, 200.2
67.27, 1.773, 196.1
67.28, 1.772, 196.4
67.29, 1.771, 196.4
67.30, 1.770, 196.7
67.31, 1.769, 195.0
67.32, 1.768, 195.2
67.33, 1.767, 193.4
67.34, 1.766, 193.6
67.35, 1.765, 190.5
67.36, 1.764, 190.7
67.37, 1.763, 188.3
67.38, 1.762, 188.7
67.39, 1.761, 189.3
67.40, 1.760, 187.1
67.41, 1.759, 184.9
67.42, 1.758, 185.9
67.43, 1.757, 185.1
67.44, 1.756, 183.1
67.45, 1.755, 185.0
67.46, 1.754, 181.2
67.47, 1.753, 179.4
67.48, 1.752, 180.2
67.49, 1.751, 178.5
67.50, 1.750, 180.2
67.51, 1.749, 178.7
67.52, 1.748, 177.4
67.53, 1.747, 175.8
67.54, 1.746, 177.0
67.55, 1.745, 176.9
67.56, 1.744, 175.6
67.57, 1.743, 173.3
67.58, 1.742, 169.5
67.59, 1.741, 170.3
67.60, 1.740, 169.8
67.61, 1.739, 169.3
67.62, 1.738, 167.4
67.63, 1.737, 166.7
67.64, 1.736, 165.8
67.65, 1.735, 167.4
67.66, 1.734, 164.6
67.67, 1.733, 165.1
67.68, 1.732, 163.1
67.69, 1.731, 162.6
67.70, 1.730, 160.7
67.71, 1.729, 159.6
67.72, 1.728, 159.3
67.73, 1.727, 160.7
67.74, 1.726, 158.4
67.75, 1.725, 158.6
67.76, 1.724, 155.5
67.77, 1.723, 157.6
67.78, 1.722, 155.1
67.79, 1.721, 156.0
67.80, 1.720, 154.1
67.81, 1.719, 152.4
67.82, 1.718, 150.4
67.83, 1.717, 150.7
67.84, 1.716, 151.2
67.85, 1.715, 148.1
67.86, 1.714, 151.0
67.87, 1.713, 147.8
67.88, 1.712, 147.4
67.89, 1.711, 148.0
67.90, 1.710, 147.1
67.91, 1.709, 145.7
67.92, 1.708, 143.7
67.93, 1.707, 144.3
67.94, 1.706, 142.0
67.95, 1.705, 142.1
67.96, 1.704, 140.8
67.97, 1.703, 141.5
67.98, 1.702, 141.0
67.99, 1.701, 138.1
68.00, 1.700, 137.6
68.01, 1.699, 136.0
68.02, 1.698, 135.2
68.03, 1.697, 133.2
68.04, 1.696, 134.7
68.05, 1.695, 133.3
68.06, 1.694, 132.9
68.07, 1.693, 132.5
68.08, 1.692, 132.4
68.09, 1.691, 131.5
68.10, 1.690, 129.7
68.11, 1.689, 129.2
68.12, 1.688, 128.4
68.13, 1.687, 128.7
68.14, 1.686, 128.2
68.15, 1.685, 129.3
68.16, 1.684, 126.9
68.17, 1.683, 124.9
68.18, 1.682, 124.4
68.19, 1.681, 125.1
68.20, 1.680, 122.7
68.21, 1.679, 120.5
68.22, 1.678, 122.7
68.23, 1.677, 122.1
68.24, 1.676, 120.0
68.25, 1.675, 120.2
68.26, 1.674, 119.7
68.27, 1.673, 118.4
68.28, 1.672, 119.0
68.29, 1.671, 118.0
68.30, 1.670, 119.0
68.31, 1.669, 115.9
68.32, 1.668, 115.3
68.33, 1.667, 114.6
68.34, 1.666, 113.2
68.35, 1.665, 113.8
68.36, 1.664, 112.5
68.37, 1.663, 113.8
68.38, 1.662, 111.6
68.39, 1.661, 110.9
68.40, 1.660, 110.5
68.41, 1.659, 109.1
68.42, 1.658, 108.8
68.43, 1.657, 108.7
68.44, 1.656, 107.0
68.45, 1.655, 107.6
68.46, 1.654, 104.3
68.47, 1.653, 103.9
68.48, 1.652, 106.3
68.49, 1.651, 103.2
68.50, 1.650, 102.5
68.51, 1.649, 103.4
68.52, 1.648, 104.3
68.53, 1.647, 101.0
68.54, 1.646, 100.7
68.55, 1.645, 100.2
68.56, 1.644, 99.29
68.57, 1.643, 97.86
68.58, 1.642, 98.29
68.59, 1.641, 98.26
68.60, 1.640, 99.07
68.61, 1.639, 96.90
68.62, 1.638, 98.09
68.63, 1.637, 96.34
68.64, 1.636, 96.83
68.65, 1.635, 94.60
68.66, 1.634, 94.44
68.67, 1.633, 94.14
68.68, 1.632, 92.88
68.69, 1.631, 94.31
68.70, 1.630, 92.34
68.71, 1.629, 92.24
68.72, 1.628, 90.45
68.73, 1.627, 91.94
68.74, 1.626, 91.24
68.75, 1.625, 89.76
68.76, 1.624, 91.00
68.77, 1.623, 89.62
68.78, 1.622, 88.69
68.79, 1.621, 89.76
68.80, 1.620, 88.17
68.81, 1.619, 87.75
68.82, 1.618, 87.28
68.83, 1.617, 86.49
68.84, 1.616, 85.02
68.85, 1.615, 86.46
68.86, 1.614, 83.42
68.87, 1.613, 83.30
68.88, 1.612, 83.70
68.89, 1.611, 81.47
68.90, 1.610, 82.56
68.91, 1.609, 81.78
68.92, 1.608, 81.80
68.93, 1.607, 80.75
68.94, 1.606, 78.96
68.95, 1.605, 79.57
68.96, 1.604, 78.76
68.97, 1.603, 79.79
68.98, 1.602, 79.53
68.99, 1.601, 78.43
69.00, 1.600, 77.71
69.01, 1.599, 76.20
69.02, 1.598, 78.37
69.03, 1.597, 75.86
69.04, 1.596, 74.92
69.05, 1.595, 74.59
69.06, 1.594, 75.97
69.07, 1.593, 75.60
69.08, 1.592, 75.40
69.09, 1.591, 74.90
69.10, 1.590, 73.25
69.11, 1.589, 72.85
69.12, 1.588, 71.97
69.13, 1.587, 71.74
69.14, 1.586, 71.50
69.15, 1.585, 73.10
69.16, 1.584, 71.42
69.17, 1.583, 70.12
69.18, 1.582, 70.42
69.19, 1.581, 70.72
69.20, 1.580, 69.16
69.21, 1.579, 69.94
69.22, 1.578, 68.61
69.23, 1.577, 67.46
69.24, 1.576, 67.32
69.25, 1.575, 65.48
69.26, 1.574, 66.51
69.27, 1.573, 65.77
69.28, 1.572, 66.47
69.29, 1.571, 65.10
69.30, 1.570, 64.23
69.31, 1.569, 63.74
69.32, 1.568, 62.60
69.33, 1.567, 62.69
69.34, 1.566, 64.22
69.35, 1.565, 60.86
69.36, 1.564, 61.11
69.37, 1.563, 62.02
69.38, 1.562, 60.19
69.39, 1.561, 61.69
69.40, 1.560, 60.79
69.41, 1.559, 62.01
69.42, 1.558, 59.81
69.43, 1.557, 58.38
69.44, 1.556, 58.39
69.45, 1.555, 58.16
69.46, 1.554, 57.18
69.47, 1.553, 56.64
69.48, 1.552, 56.48
69.49, 1.551, 60.12
69.50, 1.550, 57.39
69.51, 1.549, 58.43
69.52, 1.548, 58.14
69.53, 1.547, 56.01
69.54, 1.546, 55.48
69.55, 1.545, 56.38
69.56, 1.544, 54.56
69.57, 1.543, 54.01
69.58, 1.542, 55.62
69.59, 1.541, 55.49
69.60, 1.540, 55.02
69.61, 1.539, 53.09
69.62, 1.538, 52.43
69.63, 1.537, 52.99
69.64, 1.536, 51.38
69.65, 1.535, 50.34
69.66, 1.534, 50.81
69.67, 1.533, 50.71
69.68, 1.532, 50.53
69.69, 1.531, 50.28
69.70, 1.530, 50.10
69.71, 1.529, 49.62
69.72, 1.528, 48.88
69.73, 1.527, 48.30
69.74, 1.526, 47.39
69.75, 1.525, 47.71
69.76, 1.524, 47.80
69.77, 1.523, 45.42
69.78, 1.522, 47.01
69.79, 1.521, 46.10
69.80, 1.520, 44.83
69.81, 1.519, 46.56
69.82, 1.518, 44.70
69.83, 1.517, 45.24
69.84, 1.516, 44.52
69.85, 1.515, 44.01
69.86, 1.514, 43.00
69.87, 1.513, 43.79
69.88, 1.512, 43.84
69.89, 1.511, 41.95
69.90, 1.510, 43.88
69.91, 1.509, 43.21
69.92, 1.508, 43.54
69.93, 1.507, 41.59
69.94, 1.506, 41.91
69.95, 1.505, 41.69
69.96, 1.504, 38.89
69.97, 1.503, 40.54
69.98, 1.502, 42.48
69.99, 1.501, 40.85
70.00, 1.500, 42.37
70.01, 1.499, 42.61
70.02, 1.498, 38.73
70.03, 1.497, 39.85
70.04, 1.496, 41.35
70.05, 1.495, 39.40
70.06, 1.494, 38.98
70.07, 1.493, 40.75
70.08, 1.492, 38.86
70.09, 1.491, 39.13
70.10, 1.490, 37.68
70.11, 1.489, 37.97
70.12, 1.488, 37.00
70.13, 1.487, 37.25
70.14, 1.486, 35.38
70.15, 1.485, 36.20
70.16, 1.484, 35.64
70.17, 1.483, 34.52
70.18, 1.482, 37.15
70.19, 1.481, 34.75
70.20, 1.480, 35.23
70.21, 1.479, 34.41
70.22, 1.478, 34.28
70.23, 1.477, 33.46
70.24, 1.476, 33.28
70.25, 1.475, 32.60
70.26, 1.474, 33.56
70.27, 1.473, 33.43
70.28, 1.472, 32.51
70.29, 1.471, 33.13
70.30, 1.470, 31.81
70.31, 1.469, 34.24
70.32, 1.468, 32.67
70.33, 1.467, 31.62
70.34, 1.466, 30.80
70.35, 1.465, 32.34
70.36, 1.464, 31.09
70.37, 1.463, 32.78
70.38, 1.462, 31.00
70.39, 1.461, 31.26
70.40, 1.460, 31.65
70.41, 1.459, 31.93
70.42, 1.458, 30.14
70.43, 1.457, 29.80
70.44, 1.456, 29.07
70.45, 1.455, 28.58
70.46, 1.454, 29.28
70.47, 1.453, 28.77
70.48, 1.452, 30.15
70.49, 1.451, 29.87
70.50, 1.450, 27.95
70.51, 1.449, 28.82
70.52, 1.448, 27.54
70.53, 1.447, 28.33
70.54, 1.446, 27.10
70.55, 1.445, 25.64
70.56, 1.444, 25.68
70.57, 1.443, 25.98
70.58, 1.442, 26.21
70.59, 1.441, 24.87
70.60, 1.440, 25.47
70.61, 1.439, 25.29
70.62, 1.438, 26.06
70.63, 1.437, 25.61
70.64, 1.436, 24.89
70.65, 1.435, 25.44
70.66, 1.434, 24.04
70.67, 1.433, 23.81
70.68, 1.432, 24.45
70.69, 1.431, 24.67
70.70, 1.430, 25.58
70.71, 1.429, 23.87
70.72, 1.428, 24.82
70.73, 1.427, 24.37
70.74, 1.426, 23.18
70.75, 1.425, 23.94
70.76, 1.424, 24.01
70.77, 1.423, 23.21
70.78, 1.422, 23.12
70.79, 1.421, 25.66
70.80, 1.420, 23.57
70.81, 1.419, 22.50
70.82, 1.418, 23.51
70.83, 1.417, 22.92
70.84, 1.416, 22.30
70.85, 1.415, 23.31
70.86, 1.414, 22.38
70.87, 1.413, 23.15
70.88, 1.412, 21.27
70.89, 1.411, 22.94
70.90, 1.410, 22.36
70.91, 1.409, 22.86
70.92, 1.408, 20.65
70.93, 1.407, 21.26
70.94, 1.406, 21.99
70.95, 1.405, 20.80
70.96, 1.404, 20.62
70.97, 1.403, 19.69
70.98, 1.402, 19.82
70.99, 1.401, 18.81
71.00, 1.400, 18.96
71.01, 1.399, 19.44
71.02, 1.398, 17.63
71.03, 1.397, 21.36
71.04, 1.396, 18.83
71.05, 1.395, 20.23
71.06, 1.394, 18.54
71.07, 1.393, 20.83
71.08, 1.392, 19.72
71.09, 1.391, 20.20
71.10, 1.390, 19.66
71.11, 1.389, 19.92
71.12, 1.388, 17.71
71.13, 1.387, 19.34
71.14, 1.386, 19.09
71.15, 1.385, 20.49
71.16, 1.384, 17.21
71.17, 1.383, 18.60
71.18, 1.382, 19.53
71.19, 1.381, 17.80
71.20, 1.380, 16.59
71.21, 1.379, 16.82
71.22, 1.378, 18.30
71.23, 1.377, 18.64
71.24, 1.376, 17.66
71.25, 1.375, 19.26
71.26, 1.374, 18.21
71.27, 1.373, 17.61
71.28, 1.372, 15.92
71.29, 1.371, 17.41
71.30, 1.370, 17.36
71.31, 1.369, 18.14
71.32, 1.368, 18.67
71.33, 1.367, 15.83
71.34, 1.366, 17.23
71.35, 1.365, 15.70
71.36, 1.364, 15.99
71.37, 1.363, 15.51
71.38, 1.362, 15.08
71.39, 1.361, 15.62
71.40, 1.360, 16.17
71.41, 1.359, 16.38
71.42, 1.358, 15.99
71.43, 1.357, 15.37
71.44, 1.356, 15.35
71.45, 1.355, 12.69
71.46, 1.354, 15.19
71.47, 1.353, 13.05
71.48, 1.352, 14.07
71.49, 1.351, 14.48
71.50, 1.350, 14.07
71.51, 1.349, 15.09
71.52, 1.348, 13.70
71.53, 1.347, 16.68
71.54, 1.346, 15.00
71.55, 1.345, 14.51
71.56, 1.344, 15.64
71.57, 1.343, 15.02
71.58, 1.342, 13.89
71.59, 1.341, 13.60
71.60, 1.340, 14.08
71.61, 1.339, 14.61
71.62, 1.338, 13.81
71.63, 1.337, 14.18
71.64, 1.336, 13.71
71.65, 1.335, 14.05
71.66, 1.334, 14.49
71.67, 1.333, 11.03
71.68, 1.332, 14.51
71.69, 1.331, 14.38
71.70, 1.330, 13.01
71.71, 1.329, 14.03
71.72, 1.328, 15.52
71.73, 1.327, 14.74
71.74, 1.326, 13.25
71.75, 1.325, 14.02
71.76, 1.324, 12.81
71.77, 1.323, 12.26
71.78, 1.322, 15.13
71.79, 1.321, 12.70
71.80, 1.320, 13.29
71.81, 1.319, 13.12
71.82, 1.318, 12.48
71.83, 1.317, 11.81
71.84, 1.316, 11.61
71.85, 1.315, 11.36
71.86, 1.314, 11.83
71.87, 1.313, 13.58
71.88, 1.312, 12.59
71.89, 1.311, 12.23
71.90, 1.310, 11.88
71.91, 1.309, 10.79
71.92, 1.308, 12.07
71.93, 1.307, 12.45
71.94, 1.306, 12.34
71.95, 1.305, 11.19
71.96, 1.304, 11.20
71.97, 1.303, 11.16
71.98, 1.302, 11.80
71.99, 1.301, 12.45
72.00, 1.300, 12.15
72.01, 1.299, 9.722
72.02, 1.298, 11.21
72.03, 1.297, 11.69
72.04, 1.296, 10.98
72.05, 1.295, 9.938
72.06, 1.294, 12.20
72.07, 1.293, 11.77
72.08, 1.292, 11.55
72.09, 1.291, 11.82
72.10, 1.290, 12.19
72.11, 1.289, 11.36
72.12, 1.288, 11.44
72.13, 1.287, 12.07
72.14, 1.286, 10.54
72.15, 1.285, 10.96
72.16, 1.284, 11.40
72.17, 1.283, 10.28
72.18, 1.282, 9.508
72.19, 1.281, 10.81
72.20, 1.280, 11.32
72.21, 1.279, 10.71
72.22, 1.278, 9.588
72.23, 1.277, 9.135
72.24, 1.276, 9.345
72.25, 1.275, 8.436
72.26, 1.274, 7.987
72.27, 1.273, 8.452
72.28, 1.272, 9.527
72.29, 1.271, 9.805
72.30, 1.270, 12.55
72.31, 1.269, 9.630
72.32, 1.268, 9.368
72.33, 1.267, 7.599
72.34, 1.266, 9.600
72.35, 1.265, 10.07
72.36, 1.264, 8.495
72.37, 1.263, 9.552
72.38, 1.262, 8.892
72.39, 1.261, 9.073
72.40, 1.260, 10.36
72.41, 1.259, 8.993
72.42, 1.258, 9.314
72.43, 1.257, 8.513
72.44, 1.256, 9.747
72.45, 1.255, 7.687
72.46, 1.254, 8.831
72.47, 1.253, 10.84
72.48, 1.252, 8.969
72.49, 1.251, 8.191
72.50, 1.250, 9.340
72.51, 1.249, 9.887
72.52, 1.248, 8.880
72.53, 1.247, 8.193
72.54, 1.246, 8.164
72.55, 1.245, 8.368
72.56, 1.244, 8.116
72.57, 1.243, 6.796
72.58, 1.242, 8.826
72.59, 1.241, 11.42
72.60, 1.240, 8.043
72.61, 1.239, 7.277
72.62, 1.238, 8.548
72.63, 1.237, 6.923
72.64, 1.236, 4.993
72.65, 1.235, 7.385
72.66, 1.234, 7.939
72.67, 1.233, 6.242
72.68, 1.232, 7.800
72.69, 1.231, 7.819
72.70, 1.230, 7.608
72.71, 1.229, 5.790
72.72, 1.228, 6.373
72.73, 1.227, 6.477
72.74, 1.226, 6.810
72.75, 1.225, 5.529
72.76, 1.224, 7.540
72.77, 1.223, 7.117
72.78, 1.222, 6.264
72.79, 1.221, 3.125
72.80, 1.220, 4.952
72.81, 1.219, 6.117
72.82, 1.218, 6.512
72.83, 1.217, 6.234
72.84, 1.216, 6.804
72.85, 1.215, 7.677
72.86, 1.214, 6.067
72.87, 1.213, 5.679
72.88, 1.212, 5.653
72.89, 1.211, 7.075
72.90, 1.210, 7.330
72.91, 1.209, 7.875
72.92, 1.208, 8.561
72.93, 1.207, 6.233
72.94, 1.206, 5.609
72.95, 1.205, 6.127
72.96, 1.204, 5.739
72.97, 1.203, 7.237
72.98, 1.202, 8.806
72.99, 1.201, 6.485
73.00, 1.200, 5.532
73.01, 1.199, 6.063
73.02, 1.198, 4.205
73.03, 1.197, 4.857
73.04, 1.196, 4.621
73.05, 1.195, 4.618
73.06, 1.194, 5.115
73.07, 1.193, 4.619
73.08, 1.192, 4.413
73.09, 1.191, 4.316
73.10, 1.190, 4.256
73.11, 1.189, 3.346
73.12, 1.188, 6.047
73.13, 1.187, 5.575
73.14, 1.186, 3.832
73.15, 1.185, 5.301
73.16, 1.184, 3.426
73.17, 1.183, 2.646
73.18, 1.182, 4.056
73.19, 1.181, 3.986
73.20, 1.180, 5.507
73.21, 1.179, 4.658
73.22, 1.178, 4.959
73.23, 1.177, 4.751
73.24, 1.176, 4.172
73.25, 1.175, 4.716
73.26, 1.174, 4.413
73.27, 1.173, 1.878
73.28, 1.172, 3.994
73.29, 1.171, 4.550
73.30, 1.170, 4.912
73.31, 1.169, 4.889
73.32, 1.168, 4.623
73.33, 1.167, 4.898
73.34, 1.166, 4.147
73.35, 1.165, 2.892
73.36, 1.164, 3.320
73.37, 1.163, 3.628
73.38, 1.162, 4.389
73.39, 1.161, 3.354
73.40, 1.160, 3.881
73.41, 1.159, 3.765
73.42, 1.158, 3.353
73.43, 1.157, 4.427
73.44, 1.156, 4.933
73.45, 1.155, 5.225
73.46, 1.154, 5.117
73.47, 1.153, 2.793
73.48, 1.152, 5.143
73.49, 1.151, 0.7720
73.50, 1.150, 1.775
73.51, 1.149, 2.579
73.52, 1.148, 3.279
73.53, 1.147, 2.561
73.54, 1.146, 3.991
73.55, 1.145, 0.1257
73.56, 1.144, 3.164
73.57, 1.143, 1.698
73.58, 1.142, 1.709
73.59, 1.141, 3.540
73.60, 1.140, 3.601
73.61, 1.139, 2.125
73.62, 1.138, 2.950
73.63, 1.137, 1.193
73.64, 1.136, 1.547
73.65, 1.135, 1.656
73.66, 1.134, 2.683
73.67, 1.133, 3.089
73.68, 1.132, 2.248
73.69, 1.131, 0.3192
73.70, 1.130, 1.513
73.71, 1.129, 0.4838
73.72, 1.128, 6.439
73.73, 1.127, 4.528
73.74, 1.126, 3.863
73.75, 1.125, 2.811
73.76, 1.124, 2.321
73.77, 1.123, 3.025
73.78, 1.122, 3.998
73.79, 1.121, 3.758
73.80, 1.120, 3.762
73.81, 1.119, 2.893
73.82, 1.118, 2.641
73.83, 1.117, 2.120
73.84, 1.116, 1.638
73.85, 1.115, 3.836
73.86, 1.114, 1.893
73.87, 1.113, 3.524
73.88, 1.112, 2.144
73.89, 1.111, 2.287
73.90, 1.110, 1.178
73.91, 1.109, 1.673
73.92, 1.108, 0.7493
73.93, 1.107, 3.421
73.94, 1.106, 1.685
73.95, 1.105, 1.864
73.96, 1.104, 0.9986
73.97, 1.103, 0.6606
73.98, 1.102, 0.3143
73.99, 1.101, -0.05932
74.00, 1.100, 1.984
74.01, 1.099, 1.668
74.02, 1.098, 3.796
74.03, 1.097, 3.723
74.04, 1.096, -0.2865
74.05, 1.095, -1.628
74.06, 1.094, -0.6811
74.07, 1.093, 1.765
74.08, 1.092, 1.035
74.09, 1.091, 2.689
74.10, 1.090, 2.136
74.11, 1.089, 1.936
74.12, 1.088, 3.149
74.13, 1.087, -0.06985
74.14, 1.086, 0.5835
74.15, 1.085, 2.743
74.16, 1.084, 1.384
74.17, 1.083, 2.102
74.18, 1.082, 1.119
74.19, 1.081, 0.6087
74.20, 1.080, 2.490
74.21, 1.079, 2.226
74.22, 1.078, 1.392
74.23, 1.077, 1.976
74.24, 1.076, 0.1963
74.25, 1.075, 2.849
74.26, 1.074, 2.288
74.27, 1.073, 2.724
74.28, 1.072, 2.384
74.29, 1.071, 1.953
74.30, 1.070, -0.7267
74.31, 1.069, 0.6712
74.32, 1.068, 2.066
74.33, 1.067, 0.5223
74.34, 1.066, 0.6994
74.35, 1.065, 1.063
74.36, 1.064, 0.3836
74.37, 1.063, 1.056
74.38, 1.062, 2.173
74.39, 1.061, -0.2505
74.40, 1.060, 0.9210
74.41, 1.059, 2.531
74.42, 1.058, -0.5169
74.43, 1.057, 0.2219
74.44, 1.056, 0.9926
74.45, 1.055, 0.1997
74.46, 1.054, 0.8568
74.47, 1.053, -0.04341
74.48, 1.052, -0.1984
74.49, 1.051, -2.226
74.50, 1.050, -0.6091
74.51, 1.049, -0.7621
74.52, 1.048, -0.2229
74.53, 1.047, 2.040
74.54, 1.046, -0.4449
74.55, 1.045, 1.042
74.56, 1.044, 2.463
74.57, 1.043, -0.06221
74.58, 1.042, -0.6381
74.59, 1.041, 0.9013
74.60, 1.040, -1.248
74.61, 1.039, -0.9676
74.62, 1.038, 0.4843
74.63, 1.037, 1.878
74.64, 1.036, 0.6393
74.65, 1.035, 1.841
74.66, 1.034, 3.414
74.67, 1.033, 0.5911
74.68, 1.032, -0.2934
74.69, 1.031, -0.06468
74.70, 1.030, 0.2266
74.71, 1.029, 0.3892
74.72, 1.028, -0.3324
74.73, 1.027, -1.114
74.74, 1.026, -1.289
74.75, 1.025, -1.065
74.76, 1.024, -1.171
74.77, 1.023, -0.4860
74.78, 1.022, -0.3597
74.79, 1.021, -1.365
74.80, 1.020, 0.08604
74.81, 1.019, -0.1018
74.82, 1.018, 0.1805
74.83, 1.017, -0.9435
74.84, 1.016, -0.7052
74.85, 1.015, 0.6929
74.86, 1.014, -2.609
74.87, 1.013, -0.8277
74.88, 1.012, -0.5197
74.89, 1.011, -1.606
74.90, 1.010, -0.7513
74.91, 1.009, -0.2195
74.92, 1.008, 0.6825
74.93, 1.007, -2.063
74.94, 1.006, -0.4135
74.95, 1.005, -0.4893
74.96, 1.004, -0.3709
74.97, 1.003, 1.753
74.98, 1.002, -1.563
74.99, 1.001, -0.4225
75.00, 1.000, 1.013
75.01, 0.9990, -0.9578
75.02, 0.9980, -1.998
75.03, 0.9970, 0.6197
75.04, 0.9960, -0.4305
75.05, 0.9950, -1.317
75.06, 0.9940, 0.1298
75.07, 0.9930, -0.9038
75.08, 0.9920, 1.115
75.09, 0.9910, 0.6389
75.10, 0.9900, -0.08517
75.11, 0.9890, 0.7032
75.12, 0.9880, -0.6651
75.13, 0.9870, 0.06098
75.14, 0.9860, -1.249
75.15, 0.9850, 0.2922
75.16, 0.9840, -1.642
75.17, 0.9830, -0.09070
75.18, 0.9820, -2.788
75.19, 0.9810, -2.485
75.20, 0.9800, -0.3434
75.21, 0.9790, -1.944
75.22, 0.9780, -1.001
75.23, 0.9770, -0.6408
75.24, 0.9760, 2.764
75.25, 0.9750, -1.631
75.26, 0.9740, -0.8942
75.27, 0.9730, -1.199
75.28, 0.9720, -2.968
75.29, 0.9710, -0.7699
75.30, 0.9700, -3.213
75.31, 0.9690, -1.320
75.32, 0.9680, -1.145
75.33, 0.9670, -0.4449
75.34, 0.9660, -0.4197
75.35, 0.9650, -2.171
75.36, 0.9640, -1.344
75.37, 0.9630, -0.2556
75.38, 0.9620, -1.411
75.39, 0.9610, 1.329
75.40, 0.9600, -0.3816
75.41, 0.9590, 0.1792
75.42, 0.9580, -0.6608
75.43, 0.9570, -2.092
75.44, 0.9560, -0.5940
75.45, 0.9550, -1.771
75.46, 0.9540, 0.3662
75.47, 0.9530, -0.7043
75.48, 0.9520, -1.325
75.49, 0.9510, -1.152
75.50, 0.9500, -2.994
75.51, 0.9490, -2.633
75.52, 0.9480, -1.908
75.53, 0.9470, -1.151
75.54, 0.9460, -0.1802
75.55, 0.9450, -1.022
75.56, 0.9440, -1.586
75.57, 0.9430, -2.157
75.58, 0.9420, -4.305
75.59, 0.9410, -0.5873
75.60, 0.9400, -5.578
75.61, 0.9390, -3.351
75.62, 0.9380, -1.469
75.63, 0.9370, -1.691
75.64, 0.9360, -2.665
75.65, 0.9350, -1.603
75.66, 0.9340, -2.490
75.67, 0.9330, -4.353
75.68, 0.9320, -1.636
75.69, 0.9310, -2.172
75.70, 0.9300, 0.004851
75.71, 0.9290, -2.032
75.72, 0.9280, -1.313
75.73, 0.9270, -2.043
75.74, 0.9260, -1.104
75.75, 0.9250, -3.790
75.76, 0.9240, -3.160
75.77, 0.9230, -2.511
75.78, 0.9220, -1.918
75.79, 0.9210, -1.356
75.80, 0.9200, 0.9732
75.81, 0.9190, -2.163
75.82, 0.9180, -1.792
75.83, 0.9170, 0.4293
75.84, 0.9160, -0.7115
75.85, 0.9150, -0.6283
75.86, 0.9140, -2.383
75.87, 0.9130, -1.841
75.88, 0.9120, -0.9429
75.89, 0.9110, -2.903
75.90, 0.9100, -1.202
75.91, 0.9090, -2.776
75.92, 0.9080, -2.653
75.93, 0.9070, -1.787
75.94, 0.9060, -1.929
75.95, 0.9050, 0.08651
75.96, 0.9040, 0.02477
75.97, 0.9030, -3.018
75.98, 0.9020, -1.931
75.99, 0.9010, -2.284
76.00, 0.9000, -0.2639
76.01, 0.8990, -3.169
76.02, 0.8980, -3.698
76.03, 0.8970, -2.400
76.04, 0.8960, -2.598
76.05, 0.8950, -4.903
76.06, 0.8940, -3.819
76.07, 0.8930, -2.470
76.08, 0.8920, -2.430
76.09, 0.8910, -2.767
76.10, 0.8900, -5.112
76.11, 0.8890, -3.602
76.12, 0.8880, -3.892
76.13, 0.8870, -2.943
76.14, 0.8860, -2.136
76.15, 0.8850, -2.397
76.16, 0.8840, -3.702
76.17, 0.8830, -2.356
76.18, 0.8820, -3.165
76.19, 0.8810, -1.067
76.20, 0.8800, -3.517
76.21, 0.8790, -3.902
76.22, 0.8780, -2.220
76.23, 0.8770, -3.404
76.24, 0.8760, -1.860
76.25, 0.8750, -0.1908
76.26, 0.8740, -2.720
76.27, 0.8730, -3.116
76.28, 0.8720, -0.9846
76.29, 0.8710, -4.154
76.30, 0.8700, -3.805
76.31, 0.8690, -2.932
76.32, 0.8680, -1.817
76.33, 0.8670, -0.07269
76.34, 0.8660, -2.942
76.35, 0.8650, -0.9631
76.36, 0.8640, -3.122
76.37, 0.8630, -2.104
76.38, 0.8620, -3.235
76.39, 0.8610, -2.060
76.40, 0.8600, -3.202
76.41, 0.8590, -4.020
76.42, 0.8580, -3.674
76.43, 0.8570, -3.364
76.44, 0.8560, -1.948
76.45, 0.8550, -2.802
76.46, 0.8540, -3.915
76.47, 0.8530, -4.577
76.48, 0.8520, -3.683
76.49, 0.8510, -3.173
76.50, 0.8500, -2.805
76.51, 0.8490, -2.990
76.52, 0.8480, -3.648
76.53, 0.8470, -3.629
76.54, 0.8460, -1.651
76.55, 0.8450, -1.984
76.56, 0.8440, -0.8322
76.57, 0.8430, -1.906
76.58, 0.8420, -5.065
76.59, 0.8410, -4.271
76.60, 0.8400, -3.671
76.61, 0.8390, -1.516
76.62, 0.8380, -2.623
76.63, 0.8370, -3.303
76.64, 0.8360, -3.163
76.65, 0.8350, -3.850
76.66, 0.8340, -3.061
76.67, 0.8330, -4.193
76.68, 0.8320, -4.175
76.69, 0.8310, -3.694
76.70, 0.8300, -0.9041
76.71, 0.8290, -2.211
76.72, 0.8280, -2.906
76.73, 0.8270, -2.491
76.74, 0.8260, -1.256
76.75, 0.8250, -3.359
76.76, 0.8240, -3.745
76.77, 0.8230, -3.798
76.78, 0.8220, -3.434
76.79, 0.8210, -1.211
76.80, 0.8200, -1.195
76.81, 0.8190, -4.054
76.82, 0.8180, -1.262
76.83, 0.8170, -4.672
76.84, 0.8160, -5.031
76.85, 0.8150, -2.908
76.86, 0.8140, -4.321
76.87, 0.8130, -3.402
76.88, 0.8120, -3.257
76.89, 0.8110, -4.584
76.90, 0.8100, -3.795
76.91, 0.8090, -5.359
76.92, 0.8080, -6.980
76.93, 0.8070, -4.443
76.94, 0.8060, -4.988
76.95, 0.8050, -4.719
76.96, 0.8040, -5.845
76.97, 0.8030, -3.386
76.98, 0.8020, -3.743
76.99, 0.8010, -3.870
77.00, 0.8000, -4.149
77.01, 0.7990, -1.531
77.02, 0.7980, -4.955
77.03, 0.7970, -3.155
77.04, 0.7960, -3.638
77.05, 0.7950, -3.272
77.06, 0.7940, -3.646
77.07, 0.7930, -3.659
77.08, 0.7920, -2.566
77.09, 0.7910, -3.987
77.10, 0.7900, -4.066
77.11, 0.7890, -3.783
77.12, 0.7880, -3.089
77.13, 0.7870, -3.949
77.14, 0.7860, -3.845
77.15, 0.7850, -2.680
77.16, 0.7840, -5.400
77.17, 0.7830, -3.012
77.18, 0.7820, -2.422
77.19, 0.7810, -4.870
77.20, 0.7800, -4.240
77.21, 0.7790, -5.029
77.22, 0.7780, -4.089
77.23, 0.7770, -3.266
77.24, 0.7760, -5.546
77.25, 0.7750, -4.591
77.26, 0.7740, -4.330
77.27, 0.7730, -4.382
77.28, 0.7720, -4.560
77.29, 0.7710, -5.482
77.30, 0.7700, -4.623
77.31, 0.7690, -4.832
77.32, 0.7680, -3.371
77.33, 0.7670, -6.496
77.34, 0.7660, -5.695
77.35, 0.7650, -5.144
77.36, 0.7640, -3.953
77.37, 0.7630, -1.770
77.38, 0.7620, -4.684
77.39, 0.7610, -3.151
77.40, 0.7600, -5.162
77.41, 0.7590, -4.673
77.42, 0.7580, -4.469
77.43, 0.7570, -4.279
77.44, 0.7560, -2.088
77.45, 0.7550, -6.327
77.46, 0.7540, -3.759
77.47, 0.7530, -2.295
77.48, 0.7520, -3.998
77.49, 0.7510, -4.280
77.50, 0.7500, -3.987
77.51, 0.7490, -5.935
77.52, 0.7480, -5.069
77.53, 0.7470, -4.219
77.54, 0.7460, -4.236
77.55, 0.7450, -4.669
77.56, 0.7440, -4.398
77.57, 0.7430, -2.478
77.58, 0.7420, -3.730
77.59, 0.7410, -4.036
77.60, 0.7400, -3.546
77.61, 0.7390, -3.588
77.62, 0.7380, -3.998
77.63, 0.7370, -4.712
77.64, 0.7360, -5.172
77.65, 0.7350, -3.963
77.66, 0.7340, -4.244
77.67, 0.7330, -4.708
77.68, 0.7320, -4.145
77.69, 0.7310, -1.638
77.70, 0.7300, -5.560
77.71, 0.7290, -6.273
77.72, 0.7280, -5.382
77.73, 0.7270, -5.017
77.74, 0.7260, -4.827
77.75, 0.7250, -4.583
77.76, 0.7240, -3.729
77.77, 0.7230, -4.556
77.78, 0.7220, -3.328
77.79, 0.7210, -5.588
77.80, 0.7200, -5.855
77.81, 0.7190, -3.999
77.82, 0.7180, -4.006
77.83, 0.7170, -5.651
77.84, 0.7160, -3.624
77.85, 0.7150, -4.315
77.86, 0.7140, -3.027
77.87, 0.7130, -5.341
77.88, 0.7120, -5.265
77.89, 0.7110, -5.323
77.90, 0.7100, -3.219
77.91, 0.7090, -3.663
77.92, 0.7080, -4.438
77.93, 0.7070, -5.125
77.94, 0.7060, -2.587
77.95, 0.7050, -3.736
77.96, 0.7040, -4.072
77.97, 0.7030, -4.346
77.98, 0.7020, -4.821
77.99, 0.7010, -4.360
78.00, 0.7000, -4.275
78.01, 0.6990, -5.477
78.02, 0.6980, -6.496
78.03, 0.6970, -4.532
78.04, 0.6960, -4.961
78.05, 0.6950, -4.304
78.06, 0.6940, -5.452
78.07, 0.6930, -5.098
78.08, 0.6920, -5.261
78.09, 0.6910, -5.626
78.10, 0.6900, -2.965
78.11, 0.6890, -6.181
78.12, 0.6880, -4.738
78.13, 0.6870, -6.841
78.14, 0.6860, -3.224
78.15, 0.6850, -5.933
78.16, 0.6840, -4.670
78.17, 0.6830, -4.152
78.18, 0.6820, -3.950
78.19, 0.6810, -4.026
78.20, 0.6800, -5.868
78.21, 0.6790, -6.218
78.22, 0.6780, -6.336
78.23, 0.6770, -2.141
78.24, 0.6760, -4.540
78.25, 0.6750, -5.555
78.26, 0.6740, -2.780
78.27, 0.6730, -5.682
78.28, 0.6720, -3.982
78.29, 0.6710, -3.284
78.30, 0.6700, -4.822
78.31, 0.6690, -4.853
78.32, 0.6680, -3.635
78.33, 0.6670, -4.752
78.34, 0.6660, -6.164
78.35, 0.6650, -4.529
78.36, 0.6640, -4.705
78.37, 0.6630, -5.374
78.38, 0.6620, -6.259
78.39, 0.6610, -4.394
78.40, 0.6600, -3.752
78.41, 0.6590, -6.654
78.42, 0.6580, -5.399
78.43, 0.6570, -4.302
78.44, 0.6560, -4.626
78.45, 0.6550, -5.836
78.46, 0.6540, -4.824
78.47, 0.6530, -6.616
78.48, 0.6520, -6.209
78.49, 0.6510, -4.536
78.50, 0.6500, -4.631
78.51, 0.6490, -5.779
78.52, 0.6480, -6.027
78.53, 0.6470, -5.886
78.54, 0.6460, -5.300
78.55, 0.6450, -4.248
78.56, 0.6440, -4.352
78.57, 0.6430, -5.867
78.58, 0.6420, -6.090
78.59, 0.6410, -5.803
78.60, 0.6400, -6.142
78.61, 0.6390, -5.374
78.62, 0.6380, -5.717
78.63, 0.6370, -4.879
78.64, 0.6360, -5.988
78.65, 0.6350, -5.211
78.66, 0.6340, -4.811
78.67, 0.6330, -4.893
78.68, 0.6320, -5.830
78.69, 0.6310, -5.362
78.70, 0.6300, -5.120
78.71, 0.6290, -4.667
78.72, 0.6280, -5.716
78.73, 0.6270, -2.209
78.74, 0.6260, -3.423
78.75, 0.6250, -5.332
78.76, 0.6240, -5.353
78.77, 0.6230, -5.381
78.78, 0.6220, -4.991
78.79, 0.6210, -5.136
78.80, 0.6200, -6.327
78.81, 0.6190, -4.737
78.82, 0.6180, -6.521
78.83, 0.6170, -4.489
78.84, 0.6160, -6.053
78.85, 0.6150, -4.543
78.86, 0.6140, -6.503
78.87, 0.6130, -5.072
78.88, 0.6120, -5.080
78.89, 0.6110, -4.177
78.90, 0.6100, -5.165
78.91, 0.6090, -5.940
78.92, 0.6080, -7.173
78.93, 0.6070, -6.859
78.94, 0.6060, -6.190
78.95, 0.6050, -5.738
78.96, 0.6040, -5.036
78.97, 0.6030, -5.818
78.98, 0.6020, -3.128
78.99, 0.6010, -5.124
79.00, 0.6000, -6.990
79.01, 0.5990, -4.951
79.02, 0.5980, -8.154
79.03, 0.5970, -7.272
79.04, 0.5960, -5.771
79.05, 0.5950, -4.976
79.06, 0.5940, -4.814
79.07, 0.5930, -6.521
79.08, 0.5920, -6.161
79.09, 0.5910, -7.329
79.10, 0.5900, -4.511
79.11, 0.5890, -5.675
79.12, 0.5880, -5.232
79.13, 0.5870, -6.574
79.14, 0.5860, -6.914
79.15, 0.5850, -5.684
79.16, 0.5840, -6.487
79.17, 0.5830, -5.140
79.18, 0.5820, -5.999
79.19, 0.5810, -6.400
79.20, 0.5800, -7.027
79.21, 0.5790, -5.914
79.22, 0.5780, -7.569
79.23, 0.5770, -5.301
79.24, 0.5760, -5.958
79.25, 0.5750, -5.494
79.26, 0.5740, -5.647
79.27, 0.5730, -4.386
79.28, 0.5720, -6.109
79.29, 0.5710, -4.439
79.30, 0.5700, -5.403
79.31, 0.5690, -7.534
79.32, 0.5680, -6.086
79.33, 0.5670, -6.595
79.34, 0.5660, -5.594
79.35, 0.5650, -5.200
79.36, 0.5640, -5.757
79.37, 0.5630, -5.275
79.38, 0.5620, -6.290
79.39, 0.5610, -7.113
79.40, 0.5600, -7.628
79.41, 0.5590, -8.992
79.42, 0.5580, -7.360
79.43, 0.5570, -6.700
79.44, 0.5560, -5.646
79.45, 0.5550, -4.493
79.46, 0.5540, -4.815
79.47, 0.5530, -2.649
79.48, 0.5520, -7.543
79.49, 0.5510, -6.159
79.50, 0.5500, -7.092
79.51, 0.5490, -6.266
79.52, 0.5480, -6.041
79.53, 0.5470, -4.099
79.54, 0.5460, -7.975
79.55, 0.5450, -6.410
79.56, 0.5440, -6.396
79.57, 0.5430, -6.383
79.58, 0.5420, -6.850
79.59, 0.5410, -6.798
79.60, 0.5400, -6.486
79.61, 0.5390, -5.551
79.62, 0.5380, -6.423
79.63, 0.5370, -6.173
79.64, 0.5360, -5.864
79.65, 0.5350, -5.833
79.66, 0.5340, -6.420
79.67, 0.5330, -6.836
79.68, 0.5320, -5.690
79.69, 0.5310, -3.982
79.70, 0.5300, -6.363
79.71, 0.5290, -6.043
79.72, 0.5280, -5.514
79.73, 0.5270, -6.460
79.74, 0.5260, -6.693
79.75, 0.5250, -6.469
79.76, 0.5240, -6.865
79.77, 0.5230, -7.988
79.78, 0.5220, -7.034
79.79, 0.5210, -6.800
79.80, 0.5200, -7.650
79.81, 0.5190, -8.924
79.82, 0.5180, -8.277
79.83, 0.5170, -8.195
79.84, 0.5160, -6.827
79.85, 0.5150, -7.017
79.86, 0.5140, -6.826
79.87, 0.5130, -7.787
79.88, 0.5120, -7.085
79.89, 0.5110, -6.096
79.90, 0.5100, -7.600
79.91, 0.5090, -6.723
79.92, 0.5080, -6.901
79.93, 0.5070, -6.554
79.94, 0.5060, -6.326
79.95, 0.5050, -6.232
79.96, 0.5040, -6.932
79.97, 0.5030, -6.862
79.98, 0.5020, -6.935
79.99, 0.5010, -5.127
80.00, 0.5000, -5.656
80.01, 0.4990, -6.081
80.02, 0.4980, -8.693
80.03, 0.4970, -6.471
80.04, 0.4960, -7.192
80.05, 0.4950, -6.523
80.06, 0.4940, -7.038
80.07, 0.4930, -3.727
80.08, 0.4920, -6.336
80.09, 0.4910, -6.609
80.10, 0.4900, -7.647
80.11, 0.4890, -5.914
80.12, 0.4880, -5.654
80.13, 0.4870, -6.236
80.14, 0.4860, -6.481
80.15, 0.4850, -6.122
80.16, 0.4840, -6.063
80.17, 0.4830, -6.911
80.18, 0.4820, -9.147
80.19, 0.4810, -6.661
80.20, 0.4800, -6.879
80.21, 0.4790, -7.617
80.22, 0.4780, -5.638
80.23, 0.4770, -6.959
80.24, 0.4760, -8.523
80.25, 0.4750, -9.541
80.26, 0.4740, -7.976
80.27, 0.4730, -6.863
80.28, 0.4720, -7.841
80.29, 0.4710, -8.235
80.30, 0.4700, -5.610
80.31, 0.4690, -6.395
80.32, 0.4680, -8.393
80.33, 0.4670, -8.072
80.34, 0.4660, -6.873
80.35, 0.4650, -9.240
80.36, 0.4640, -6.165
80.37, 0.4630, -6.558
80.38, 0.4620, -7.259
80.39, 0.4610, -7.132
80.40, 0.4600, -5.754
80.41, 0.4590, -6.420
80.42, 0.4580, -6.675
80.43, 0.4570, -6.458
80.44, 0.4560, -6.158
80.45, 0.4550, -7.356
80.46, 0.4540, -9.937
80.47, 0.4530, -6.989
80.48, 0.4520, -6.537
80.49, 0.4510, -6.645
80.50, 0.4500, -7.020
80.51, 0.4490, -7.802
80.52, 0.4480, -7.578
80.53, 0.4470, -6.692
80.54, 0.4460, -6.811
80.55, 0.4450, -8.523
80.56, 0.4440, -6.075
80.57, 0.4430, -6.939
80.58, 0.4420, -5.340
80.59, 0.4410, -7.315
80.60, 0.4400, -8.243
80.61, 0.4390, -7.253
80.62, 0.4380, -7.125
80.63, 0.4370, -7.083
80.64, 0.4360, -7.925
80.65, 0.4350, -8.667
80.66, 0.4340, -8.029
80.67, 0.4330, -9.012
80.68, 0.4320, -8.783
80.69, 0.4310, -8.525
80.70, 0.4300, -7.824
80.71, 0.4290, -5.217
80.72, 0.4280, -7.512
80.73, 0.4270, -7.972
80.74, 0.4260, -7.639
80.75, 0.4250, -9.468
80.76, 0.4240, -5.774
80.77, 0.4230, -7.578
80.78, 0.4220, -7.448
80.79, 0.4210, -7.295
80.80, 0.4200, -8.637
80.81, 0.4190, -8.980
80.82, 0.4180, -8.057
80.83, 0.4170, -7.820
80.84, 0.4160, -8.546
80.85, 0.4150, -7.623
80.86, 0.4140, -5.162
80.87, 0.4130, -7.995
80.88, 0.4120, -8.184
80.89, 0.4110, -7.426
80.90, 0.4100, -7.444
80.91, 0.4090, -7.674
80.92, 0.4080, -7.458
80.93, 0.4070, -8.819
80.94, 0.4060, -9.206
80.95, 0.4050, -6.726
80.96, 0.4040, -7.725
80.97, 0.4030, -8.155
80.98, 0.4020, -8.325
80.99, 0.4010, -8.586
81.00, 0.4000, -6.259
81.01, 0.3990, -6.704
81.02, 0.3980, -6.984
81.03, 0.3970, -7.911
81.04, 0.3960, -8.408
81.05, 0.3950, -8.303
81.06, 0.3940, -8.059
81.07, 0.3930, -9.323
81.08, 0.3920, -6.703
81.09, 0.3910, -9.361
81.10, 0.3900, -8.295
81.11, 0.3890, -7.825
81.12, 0.3880, -7.710
81.13, 0.3870, -8.598
81.14, 0.3860, -8.020
81.15, 0.3850, -8.289
81.16, 0.3840, -9.108
81.17, 0.3830, -7.575
81.18, 0.3820, -8.047
81.19, 0.3810, -8.336
81.20, 0.3800, -8.572
81.21, 0.3790, -9.080
81.22, 0.3780, -8.919
81.23, 0.3770, -10.19
81.24, 0.3760, -8.442
81.25, 0.3750, -8.057
81.26, 0.3740, -8.108
81.27, 0.3730, -7.297
81.28, 0.3720, -9.493
81.29, 0.3710, -8.649
81.30, 0.3700, -8.848
81.31, 0.3690, -7.942
81.32, 0.3680, -8.465
81.33, 0.3670, -8.026
81.34, 0.3660, -8.979
81.35, 0.3650, -7.149
81.36, 0.3640, -7.761
81.37, 0.3630, -7.491
81.38, 0.3620, -7.112
81.39, 0.3610, -10.22
81.40, 0.3600, -7.386
81.41, 0.3590, -8.978
81.42, 0.3580, -7.039
81.43, 0.3570, -8.239
81.44, 0.3560, -8.485
81.45, 0.3550, -9.347
81.46, 0.3540, -8.807
81.47, 0.3530, -10.67
81.48, 0.3520, -7.817
81.49, 0.3510, -9.284
81.50, 0.3500, -8.968
81.51, 0.3490, -9.483
81.52, 0.3480, -10.35
81.53, 0.3470, -9.350
81.54, 0.3460, -8.996
81.55, 0.3450, -8.307
81.56, 0.3440, -8.413
81.57, 0.3430, -9.271
81.58, 0.3420, -10.19
81.59, 0.3410, -10.09
81.60, 0.3400, -9.695
81.61, 0.3390, -8.965
81.62, 0.3380, -8.774
81.63, 0.3370, -10.40
81.64, 0.3360, -9.656
81.65, 0.3350, -8.885
81.66, 0.3340, -9.769
81.67, 0.3330, -9.891
81.68, 0.3320, -10.11
81.69, 0.3310, -11.61
81.70, 0.3300, -7.527
81.71, 0.3290, -8.661
81.72, 0.3280, -7.456
81.73, 0.3270, -7.583
81.74, 0.3260, -9.383
81.75, 0.3250, -7.820
81.76, 0.3240, -9.310
81.77, 0.3230, -8.696
81.78, 0.3220, -8.593
81.79, 0.3210, -8.430
81.80, 0.3200, -7.451
81.81, 0.3190, -8.020
81.82, 0.3180, -9.136
81.83, 0.3170, -9.823
81.84, 0.3160, -9.009
81.85, 0.3150, -8.725
81.86, 0.3140, -9.682
81.87, 0.3130, -8.939
81.88, 0.3120, -11.34
81.89, 0.3110, -9.240
81.90, 0.3100, -9.771
81.91, 0.3090, -8.943
81.92, 0.3080, -7.882
81.93, 0.3070, -9.350
81.94, 0.3060, -10.30
81.95, 0.3050, -11.90
81.96, 0.3040, -8.524
81.97, 0.3030, -10.22
81.98, 0.3020, -10.24
81.99, 0.3010, -7.592
82.00, 0.3000, -10.16
82.01, 0.2990, -10.75
82.02, 0.2980, -9.158
82.03, 0.2970, -9.488
82.04, 0.2960, -10.54
82.05, 0.2950, -9.415
82.06, 0.2940, -10.68
82.07, 0.2930, -9.514
82.08, 0.2920, -11.26
82.09, 0.2910, -9.698
82.10, 0.2900, -10.57
82.11, 0.2890, -6.989
82.12, 0.2880, -9.296
82.13, 0.2870, -7.446
82.14, 0.2860, -8.855
82.15, 0.2850, -8.674
82.16, 0.2840, -9.718
82.17, 0.2830, -10.43
82.18, 0.2820, -8.169
82.19, 0.2810, -9.277
82.20, 0.2800, -13.16
82.21, 0.2790, -10.57
82.22, 0.2780, -10.20
82.23, 0.2770, -9.766
82.24, 0.2760, -9.649
82.25, 0.2750, -8.825
82.26, 0.2740, -8.391
82.27, 0.2730, -10.13
82.28, 0.2720, -9.610
82.29, 0.2710, -8.991
82.30, 0.2700, -9.803
82.31, 0.2690, -9.521
82.32, 0.2680, -9.660
82.33, 0.2670, -9.605
82.34, 0.2660, -10.75
82.35, 0.2650, -10.24
82.36, 0.2640, -10.29
82.37, 0.2630, -10.71
82.38, 0.2620, -10.56
82.39, 0.2610, -10.66
82.40, 0.2600, -10.66
82.41, 0.2590, -10.15
82.42, 0.2580, -9.455
82.43, 0.2570, -10.60
82.44, 0.2560, -8.909
82.45, 0.2550, -11.74
82.46, 0.2540, -10.49
82.47, 0.2530, -10.21
82.48, 0.2520, -8.996
82.49, 0.2510, -11.41
82.50, 0.2500, -9.269
82.51, 0.2490, -9.716
82.52, 0.2480, -10.23
82.53, 0.2470, -9.239
82.54, 0.2460, -7.626
82.55, 0.2450, -10.65
82.56, 0.2440, -9.221
82.57, 0.2430, -9.522
82.58, 0.2420, -11.30
82.59, 0.2410, -10.13
82.60, 0.2400, -10.74
82.61, 0.2390, -10.38
82.62, 0.2380, -9.312
82.63, 0.2370, -9.909
82.64, 0.2360, -9.855
82.65, 0.2350, -8.970
82.66, 0.2340, -9.154
82.67, 0.2330, -9.035
82.68, 0.2320, -10.82
82.69, 0.2310, -12.32
82.70, 0.2300, -9.416
82.71, 0.2290, -9.822
82.72, 0.2280, -11.18
82.73, 0.2270, -10.28
82.74, 0.2260, -10.35
82.75, 0.2250, -10.75
82.76, 0.2240, -11.09
82.77, 0.2230, -11.29
82.78, 0.2220, -10.51
82.79, 0.2210, -10.09
82.80, 0.2200, -9.350
82.81, 0.2190, -10.63
82.82, 0.2180, -10.45
82.83, 0.2170, -11.02
82.84, 0.2160, -11.97
82.85, 0.2150, -9.994
82.86, 0.2140, -9.707
82.87, 0.2130, -12.40
82.88, 0.2120, -10.84
82.89, 0.2110, -11.06
82.90, 0.2100, -10.11
82.91, 0.2090, -11.19
82.92, 0.2080, -13.10
82.93, 0.2070, -10.72
82.94, 0.2060, -12.01
82.95, 0.2050, -10.93
82.96, 0.2040, -11.39
82.97, 0.2030, -11.55
82.98, 0.2020, -12.10
82.99, 0.2010, -11.41
83.00, 0.2000, -8.964
83.01, 0.1990, -9.617
83.02, 0.1980, -11.22
83.03, 0.1970, -10.90
83.04, 0.1960, -11.39
83.05, 0.1950, -11.94
83.06, 0.1940, -10.20
83.07, 0.1930, -10.49
83.08, 0.1920, -10.89
83.09, 0.1910, -10.96
83.10, 0.1900, -8.650
83.11, 0.1890, -10.19
83.12, 0.1880, -10.74
83.13, 0.1870, -11.15
83.14, 0.1860, -10.82
83.15, 0.1850, -10.91
83.16, 0.1840, -10.40
83.17, 0.1830, -11.81
83.18, 0.1820, -10.31
83.19, 0.1810, -12.50
83.20, 0.1800, -12.03
83.21, 0.1790, -12.59
83.22, 0.1780, -10.79
83.23, 0.1770, -10.21
83.24, 0.1760, -12.02
83.25, 0.1750, -11.39
83.26, 0.1740, -11.89
83.27, 0.1730, -10.69
83.28, 0.1720, -10.89
83.29, 0.1710, -12.17
83.30, 0.1700, -10.94
83.31, 0.1690, -12.46
83.32, 0.1680, -10.36
83.33, 0.1670, -10.91
83.34, 0.1660, -11.40
83.35, 0.1650, -11.21
83.36, 0.1640, -12.61
83.37, 0.1630, -12.49
83.38, 0.1620, -11.13
83.39, 0.1610, -11.87
83.40, 0.1600, -8.458
83.41, 0.1590, -10.91
83.42, 0.1580, -14.20
83.43, 0.1570, -11.23
83.44, 0.1560, -10.97
83.45, 0.1550, -10.19
83.46, 0.1540, -11.10
83.47, 0.1530, -10.31
83.48, 0.1520, -11.30
83.49, 0.1510, -11.48
83.50, 0.1500, -9.998
83.51, 0.1490, -10.69
83.52, 0.1480, -11.08
83.53, 0.1470, -11.44
83.54, 0.1460, -11.99
83.55, 0.1450, -13.06
83.56, 0.1440, -10.57
83.57, 0.1430, -11.53
83.58, 0.1420, -9.137
83.59, 0.1410, -9.887
83.60, 0.1400, -10.42
83.61, 0.1390, -11.05
83.62, 0.1380, -12.83
83.63, 0.1370, -12.26
83.64, 0.1360, -13.89
83.65, 0.1350, -11.26
83.66, 0.1340, -12.86
83.67, 0.1330, -13.51
83.68, 0.1320, -11.51
83.69, 0.1310, -12.22
83.70, 0.1300, -12.24
83.71, 0.1290, -11.36
83.72, 0.1280, -11.97
83.73, 0.1270, -12.08
83.74, 0.1260, -11.93
83.75, 0.1250, -10.97
83.76, 0.1240, -10.59
83.77, 0.1230, -11.76
83.78, 0.1220, -14.58
83.79, 0.1210, -10.86
83.80, 0.1200, -11.93
83.81, 0.1190, -12.08
83.82, 0.1180, -11.15
83.83, 0.1170, -11.83
83.84, 0.1160, -11.89
83.85, 0.1150, -14.05
83.86, 0.1140, -12.40
83.87, 0.1130, -11.31
83.88, 0.1120, -12.13
83.89, 0.1110, -10.13
83.90, 0.1100, -11.19
83.91, 0.1090, -12.95
83.92, 0.1080, -10.19
83.93, 0.1070, -11.44
83.94, 0.1060, -12.52
83.95, 0.1050, -11.86
83.96, 0.1040, -11.66
83.97, 0.1030, -11.21
83.98, 0.1020, -11.61
83.99, 0.1010, -13.16
84.00, 0.1000, -12.45
84.01, 0.09900, -12.62
84.02, 0.09800, -12.99
84.03, 0.09700, -14.81
84.04, 0.09600, -12.19
84.05, 0.09500, -12.67
84.06, 0.09400, -12.68
84.07, 0.09300, -11.56
84.08, 0.09200, -11.26
84.09, 0.09100, -12.26
84.10, 0.09000, -14.13
84.11, 0.08900, -12.03
84.12, 0.08800, -12.16
84.13, 0.08700, -10.89
84.14, 0.08600, -11.54
84.15, 0.08500, -15.22
84.16, 0.08400, -12.14
84.17, 0.08300, -11.53
84.18, 0.08200, -12.04
84.19, 0.08100, -10.11
84.20, 0.08000, -12.77
84.21, 0.07900, -11.18
84.22, 0.07800, -11.95
84.23, 0.07700, -12.49
84.24, 0.07600, -12.82
84.25, 0.07500, -11.40
84.26, 0.07400, -12.51
84.27, 0.07300, -12.73
84.28, 0.07200, -12.39
84.29, 0.07100, -12.13
84.30, 0.07000, -11.94
84.31, 0.06900, -12.43
84.32, 0.06800, -12.30
84.33, 0.06700, -12.60
84.34, 0.06600, -13.13
84.35, 0.06500, -12.26
84.36, 0.06400, -14.22
84.37, 0.06300, -12.39
84.38, 0.06200, -12.17
84.39, 0.06100, -13.29
84.40, 0.06000, -12.40
84.41, 0.05900, -12.71
84.42, 0.05800, -12.99
84.43, 0.05700, -12.44
84.44, 0.05600, -12.79
84.45, 0.05500, -13.85
84.46, 0.05400, -12.47
84.47, 0.05300, -13.47
84.48, 0.05200, -11.24
84.49, 0.05100, -14.20
84.50, 0.05000, -14.52
84.51, 0.04900, -11.36
84.52, 0.04800, -12.95
84.53, 0.04700, -13.46
84.54, 0.04600, -14.24
84.55, 0.04500, -13.96
84.56, 0.04400, -13.81
84.57, 0.04300, -11.62
84.58, 0.04200, -12.29
84.59, 0.04100, -14.19
84.60, 0.04000, -12.51
84.61, 0.03900, -13.88
84.62, 0.03800, -10.43
84.63, 0.03700, -12.98
84.64, 0.03600, -13.11
84.65, 0.03500, -11.45
84.66, 0.03400, -13.23
84.67, 0.03300, -13.04
84.68, 0.03200, -12.04
84.69, 0.03100, -12.66
84.70, 0.03000, -10.89
84.71, 0.02900, -11.60
84.72, 0.02800, -13.61
84.73, 0.02700, -13.16
84.74, 0.02600, -12.94
84.75, 0.02500, -14.20
84.76, 0.02400, -12.54
84.77, 0.02300, -13.01
84.78, 0.02200, -11.92
84.79, 0.02100, -12.97
84.80, 0.02000, -14.07
84.81, 0.01900, -11.96
84.82, 0.01800, -14.38
84.83, 0.01700, -15.57
84.84, 0.01600, -12.47
84.85, 0.01500, -13.72
84.86, 0.01400, -12.28
84.87, 0.01300, -13.89
84.88, 0.01200, -15.22
84.89, 0.01100, -14.57
84.90, 0.01000, -17.92
84.91, 0.009000, -13.56
84.92, 0.008000, -12.35
84.93, 0.007000, -14.12
84.94, 0.006000, -11.05
84.95, 0.005000, -13.83
84.96, 0.004000, -11.61
84.97, 0.003000, -13.48
84.98, 0.002000, -13.17
84.99, 0.001000, -13.22
85.00, 0.000, -10.04
