0.01000, -0.8000, -16.08
0.02000, -0.8000, -13.20
0.03000, -0.8000, -13.08
0.04000, -0.8000, -11.64
0.05000, -0.8000, -10.74
0.06000, -0.8000, -10.11
0.07000, -0.8000, -10.34
0.08000, -0.8000, -7.139
0.09000, -0.8000, -9.441
0.1000, -0.8000, -7.101
0.1100, -0.8000, -9.120
0.1200, -0.8000, -7.709
0.1300, -0.8000, -8.370
0.1400, -0.8000, -7.233
0.1500, -0.8000, -8.328
0.1600, -0.8000, -7.879
0.1700, -0.8000, -9.699
0.1800, -0.8000, -8.164
0.1900, -0.8000, -10.59
0.2000, -0.8000, -7.996
0.2100, -0.8000, -8.854
0.2200, -0.8000, -6.611
0.2300, -0.8000, -8.793
0.2400, -0.8000, -15.49
0.2500, -0.8000, -4.511
0.2600, -0.8000, -8.040
0.2700, -0.8000, -6.520
0.2800, -0.8000, -7.403
0.2900, -0.8000, -8.117
0.3000, -0.8000, -8.723
0.3100, -0.8000, -7.455
0.3200, -0.8000, -7.163
0.3300, -0.8000, -5.485
0.3400, -0.8000, -7.857
0.3500, -0.8000, -7.702
0.3600, -0.8000, -7.915
0.3700, -0.8000, -7.633
0.3800, -0.8000, -8.401
0.3900, -0.8000, -7.518
0.4000, -0.8000, -6.139
0.4100, -0.8000, -7.671
0.4200, -0.8000, -7.555
0.4300, -0.8000, -7.914
0.4400, -0.8000, -7.799
0.4500, -0.8000, -8.288
0.4600, -0.8000, -6.976
0.4700, -0.8000, -6.731
0.4800, -0.8000, -7.603
0.4900, -0.8000, -5.889
0.5000, -0.8000, -6.248
0.5100, -0.8000, -6.986
0.5200, -0.8000, -7.250
0.5300, -0.8000, -7.166
0.5400, -0.8000, -7.298
0.5500, -0.8000, -10.99
0.5600, -0.8000, -7.525
0.5700, -0.8000, -7.636
0.5800, -0.8000, -6.854
0.5900, -0.8000, -6.144
0.6000, -0.8000, -7.463
0.6100, -0.8000, -7.037
0.6200, -0.8000, -6.361
0.6300, -0.8000, -7.009
0.6400, -0.8000, -7.098
0.6500, -0.8000, -6.699
0.6600, -0.8000, -7.830
0.6700, -0.8000, -7.380
0.6800, -0.8000, -5.748
0.6900, -0.8000, -3.905
0.7000, -0.8000, -7.108
0.7100, -0.8000, -7.260
0.7200, -0.8000, -8.047
0.7300, -0.8000, -6.457
0.7400, -0.8000, -6.022
0.7500, -0.8000, -7.015
0.7600, -0.8000, -7.206
0.7700, -0.8000, -7.534
0.7800, -0.8000, -6.882
0.7900, -0.8000, -7.668
0.8000, -0.8000, -6.531
0.8100, -0.8000, -7.350
0.8200, -0.8000, -7.306
0.8300, -0.8000, -8.085
0.8400, -0.8000, -6.900
0.8500, -0.8000, -6.518
0.8600, -0.8000, -6.936
0.8700, -0.8000, -5.968
0.8800, -0.8000, -7.824
0.8900, -0.8000, -6.831
0.9000, -0.8000, -7.214
0.9100, -0.8000, -7.514
0.9200, -0.8000, -7.345
0.9300, -0.8000, -11.14
0.9400, -0.8000, -7.856
0.9500, -0.8000, -7.396
0.9600, -0.8000, -6.049
0.9700, -0.8000, -7.182
0.9800, -0.8000, -10.36
0.9900, -0.8000, -7.922
1.000, -0.8000, -7.762
1.010, -0.8000, -8.130
1.020, -0.8000, -6.195
1.030, -0.8000, -7.440
1.040, -0.8000, -7.817
1.050, -0.8000, -7.093
1.060, -0.8000, -6.069
1.070, -0.8000, -7.210
1.080, -0.8000, -6.173
1.090, -0.8000, -9.740
1.100, -0.8000, -7.155
1.110, -0.8000, -11.39
1.120, -0.8000, -7.650
1.130, -0.8000, -5.982
1.140, -0.8000, -7.733
1.150, -0.8000, -5.407
1.160, -0.8000, -7.115
1.170, -0.8000, -7.683
1.180, -0.8000, -8.306
1.190, -0.8000, -6.764
1.200, -0.8000, -7.116
1.210, -0.8000, -6.815
1.220, -0.8000, -7.807
1.230, -0.8000, -7.088
1.240, -0.8000, -6.569
1.250, -0.8000, -6.591
1.260, -0.8000, -6.799
1.270, -0.8000, -6.761
1.280, -0.8000, -7.254
1.290, -0.8000, -6.888
1.300, -0.8000, -6.947
1.310, -0.8000, -6.332
1.320, -0.8000, -9.326
1.330, -0.8000, -6.973
1.340, -0.8000, -6.857
1.350, -0.8000, -5.963
1.360, -0.8000, -10.19
1.370, -0.8000, -7.387
1.380, -0.8000, -8.418
1.390, -0.8000, -6.711
1.400, -0.8000, -6.637
1.410, -0.8000, -5.551
1.420, -0.8000, -7.214
1.430, -0.8000, -6.503
1.440, -0.8000, -10.03
1.450, -0.8000, -7.311
1.460, -0.8000, -6.603
1.470, -0.8000, -4.940
1.480, -0.8000, -6.997
1.490, -0.8000, -5.631
1.500, -0.8000, -8.535
1.510, -0.8000, -6.899
1.520, -0.8000, -7.744
1.530, -0.8000, -7.661
1.540, -0.8000, -6.687
1.550, -0.8000, -7.264
1.560, -0.8000, -7.623
1.570, -0.8000, -7.380
1.580, -0.8000, -5.893
1.590, -0.8000, -10.27
1.600, -0.8000, -6.983
1.610, -0.8000, -7.491
1.620, -0.8000, -7.776
1.630, -0.8000, -5.653
1.640, -0.8000, -7.067
1.650, -0.8000, -4.882
1.660, -0.8000, -7.640
1.670, -0.8000, -7.754
1.680, -0.8000, -5.516
1.690, -0.8000, -6.881
1.700, -0.8000, -2.894
1.710, -0.8000, -6.346
1.720, -0.8000, -8.661
1.730, -0.8000, -6.138
1.740, -0.8000, -6.412
1.750, -0.8000, -6.892
1.760, -0.8000, -7.235
1.770, -0.8000, -5.083
1.780, -0.8000, -7.488
1.790, -0.8000, -7.537
1.800, -0.8000, -5.196
1.810, -0.8000, -7.188
1.820, -0.8000, -6.161
1.830, -0.8000, -7.203
1.840, -0.8000, -6.309
1.850, -0.8000, -7.354
1.860, -0.8000, -6.348
1.870, -0.8000, -6.509
1.880, -0.8000, -6.999
1.890, -0.8000, -7.119
1.900, -0.8000, -6.958
1.910, -0.8000, -7.067
1.920, -0.8000, -5.966
1.930, -0.8000, -6.795
1.940, -0.8000, -7.347
1.950, -0.8000, -7.520
1.960, -0.8000, -7.446
1.970, -0.8000, -7.370
1.980, -0.8000, -7.178
1.990, -0.8000, -3.429
2.000, -0.8000, -7.128
2.010, -0.8000, -5.090
2.020, -0.8000, -6.520
2.030, -0.8000, -5.291
2.040, -0.8000, -6.622
2.050, -0.8000, -5.070
2.060, -0.8000, -7.057
2.070, -0.8000, -5.225
2.080, -0.8000, -7.844
2.090, -0.8000, -6.789
2.100, -0.8000, -6.340
2.110, -0.8000, -8.954
2.120, -0.8000, -6.651
2.130, -0.8000, -7.148
2.140, -0.8000, -7.657
2.150, -0.8000, -6.599
2.160, -0.8000, -5.968
2.170, -0.8000, -8.732
2.180, -0.8000, -7.322
2.190, -0.8000, -6.361
2.200, -0.8000, -6.208
2.210, -0.8000, -6.198
2.220, -0.8000, -8.788
2.230, -0.8000, -7.665
2.240, -0.8000, -6.357
2.250, -0.8000, -6.679
2.260, -0.8000, -5.315
2.270, -0.8000, -8.129
2.280, -0.8000, -6.849
2.290, -0.8000, -7.017
2.300, -0.8000, -6.372
2.310, -0.8000, -8.182
2.320, -0.8000, -6.798
2.330, -0.8000, -6.879
2.340, -0.8000, -6.544
2.350, -0.8000, -7.085
2.360, -0.8000, -6.593
2.370, -0.8000, -6.001
2.380, -0.8000, -11.19
2.390, -0.8000, -6.941
2.400, -0.8000, -6.967
2.410, -0.8000, -6.372
2.420, -0.8000, -7.156
2.430, -0.8000, -8.450
2.440, -0.8000, -6.115
2.450, -0.8000, -6.869
2.460, -0.8000, -6.830
2.470, -0.8000, -7.174
2.480, -0.8000, -6.238
2.490, -0.8000, -7.110
2.500, -0.8000, -9.541
2.510, -0.8000, -6.898
2.520, -0.8000, -7.308
2.530, -0.8000, -7.492
2.540, -0.8000, -7.217
2.550, -0.8000, -5.930
2.560, -0.8000, -10.62
2.570, -0.8000, -7.625
2.580, -0.8000, -5.760
2.590, -0.8000, -7.945
2.600, -0.8000, -10.18
2.610, -0.8000, -7.270
2.620, -0.8000, -6.014
2.630, -0.8000, -10.88
2.640, -0.8000, -7.041
2.650, -0.8000, -7.079
2.660, -0.8000, -5.651
2.670, -0.8000, -5.878
2.680, -0.8000, -6.523
2.690, -0.8000, -7.662
2.700, -0.8000, -7.399
2.710, -0.8000, -8.457
2.720, -0.8000, -7.393
2.730, -0.8000, -6.588
2.740, -0.8000, -7.058
2.750, -0.8000, -7.019
2.760, -0.8000, -6.239
2.770, -0.8000, -6.181
2.780, -0.8000, -6.534
2.790, -0.8000, -5.360
2.800, -0.8000, -10.26
2.810, -0.8000, -7.151
2.820, -0.8000, -5.912
2.830, -0.8000, -8.531
2.840, -0.8000, -7.182
2.850, -0.8000, -6.965
2.860, -0.8000, -7.237
2.870, -0.8000, -6.929
2.880, -0.8000, -4.892
2.890, -0.8000, -6.655
2.900, -0.8000, -7.621
2.910, -0.8000, -6.925
2.920, -0.8000, -6.312
2.930, -0.8000, -8.020
2.940, -0.8000, -7.386
2.950, -0.8000, -6.729
2.960, -0.8000, -7.384
2.970, -0.8000, -5.888
2.980, -0.8000, -9.193
2.990, -0.8000, -6.969
3.000, -0.8000, -6.174
3.010, -0.8000, -7.453
3.020, -0.8000, -6.566
3.030, -0.8000, -7.454
3.040, -0.8000, -6.372
3.050, -0.8000, -6.971
3.060, -0.8000, -5.414
3.070, -0.8000, -7.156
3.080, -0.8000, -6.384
3.090, -0.8000, -6.463
3.100, -0.8000, -8.040
3.110, -0.8000, -6.954
3.120, -0.8000, -6.346
3.130, -0.8000, -5.881
3.140, -0.8000, -4.049
3.150, -0.8000, -6.990
3.160, -0.8000, -7.376
3.170, -0.8000, -6.190
3.180, -0.8000, -5.654
3.190, -0.8000, -5.630
3.200, -0.8000, -6.836
3.210, -0.8000, -7.020
3.220, -0.8000, -5.452
3.230, -0.8000, -8.687
3.240, -0.8000, -6.655
3.250, -0.8000, -6.461
3.260, -0.8000, -7.477
3.270, -0.8000, -6.563
3.280, -0.8000, -9.203
3.290, -0.8000, -6.982
3.300, -0.8000, -7.135
3.310, -0.8000, -6.310
3.320, -0.8000, -5.858
3.330, -0.8000, -7.605
3.340, -0.8000, -6.783
3.350, -0.8000, -6.368
3.360, -0.8000, -9.363
3.370, -0.8000, -6.750
3.380, -0.8000, -6.656
3.390, -0.8000, -7.330
3.400, -0.8000, -8.694
3.410, -0.8000, -6.836
3.420, -0.8000, -6.894
3.430, -0.8000, -6.081
3.440, -0.8000, -9.198
3.450, -0.8000, -7.335
3.460, -0.8000, -5.939
3.470, -0.8000, -5.365
3.480, -0.8000, -8.869
3.490, -0.8000, -6.823
3.500, -0.8000, -7.933
3.510, -0.8000, -6.363
3.520, -0.8000, -5.350
3.530, -0.8000, -7.981
3.540, -0.8000, -7.126
3.550, -0.8000, -7.081
3.560, -0.8000, -6.076
3.570, -0.8000, -5.142
3.580, -0.8000, -7.701
3.590, -0.8000, -7.103
3.600, -0.8000, -6.240
3.610, -0.8000, -9.262
3.620, -0.8000, -7.219
3.630, -0.8000, -6.792
3.640, -0.8000, -6.501
3.650, -0.8000, -4.916
3.660, -0.8000, -7.831
3.670, -0.8000, -6.643
3.680, -0.8000, -6.772
3.690, -0.8000, -7.708
3.700, -0.8000, -6.402
3.710, -0.8000, -6.845
3.720, -0.8000, -7.247
3.730, -0.8000, -6.752
3.740, -0.8000, -8.187
3.750, -0.8000, -6.738
3.760, -0.8000, -6.428
3.770, -0.8000, -6.895
3.780, -0.8000, -6.231
3.790, -0.8000, -6.152
3.800, -0.8000, -6.980
3.810, -0.8000, -6.002
3.820, -0.8000, -7.291
3.830, -0.8000, -6.286
3.840, -0.8000, -7.484
3.850, -0.8000, -6.429
3.860, -0.8000, -6.839
3.870, -0.8000, -5.789
3.880, -0.8000, -7.274
3.890, -0.8000, -5.812
3.900, -0.8000, -6.557
3.910, -0.8000, -11.19
3.920, -0.8000, -5.980
3.930, -0.8000, -7.214
3.940, -0.8000, -7.438
3.950, -0.8000, -4.778
3.960, -0.8000, -5.556
3.970, -0.8000, -6.864
3.980, -0.8000, -6.685
3.990, -0.8000, -7.577
4.000, -0.8000, -5.834
4.010, -0.8000, -7.273
4.020, -0.8000, -7.341
4.030, -0.8000, -6.463
4.040, -0.8000, -6.999
4.050, -0.8000, -5.677
4.060, -0.8000, -6.012
4.070, -0.8000, -5.742
4.080, -0.8000, -7.476
4.090, -0.8000, -6.597
4.100, -0.8000, -6.954
4.110, -0.8000, -6.713
4.120, -0.8000, -7.484
4.130, -0.8000, -7.004
4.140, -0.8000, -8.058
4.150, -0.8000, -7.005
4.160, -0.8000, -7.169
4.170, -0.8000, -6.820
4.180, -0.8000, -5.895
4.190, -0.8000, -6.711
4.200, -0.8000, -7.785
4.210, -0.8000, -7.436
4.220, -0.8000, -7.336
4.230, -0.8000, -7.412
4.240, -0.8000, -7.091
4.250, -0.8000, -8.806
4.260, -0.8000, -7.261
4.270, -0.8000, -7.432
4.280, -0.8000, -6.077
4.290, -0.8000, -6.437
4.300, -0.8000, -7.314
4.310, -0.8000, -5.821
4.320, -0.8000, -7.555
4.330, -0.8000, -6.487
4.340, -0.8000, -8.380
4.350, -0.8000, -6.450
4.360, -0.8000, -6.112
4.370, -0.8000, -7.172
4.380, -0.8000, -7.074
4.390, -0.8000, -4.856
4.400, -0.8000, -7.147
4.410, -0.8000, -6.639
4.420, -0.8000, -7.017
4.430, -0.8000, -6.490
4.440, -0.8000, -6.061
4.450, -0.8000, -5.933
4.460, -0.8000, -9.531
4.470, -0.8000, -6.789
4.480, -0.8000, -6.764
4.490, -0.8000, -7.450
4.500, -0.8000, -6.193
4.510, -0.8000, -7.932
4.520, -0.8000, -6.478
4.530, -0.8000, -6.090
4.540, -0.8000, -7.958
4.550, -0.8000, -6.949
4.560, -0.8000, -7.533
4.570, -0.8000, -6.649
4.580, -0.8000, -5.841
4.590, -0.8000, -5.839
4.600, -0.8000, -7.315
4.610, -0.8000, -6.571
4.620, -0.8000, -5.523
4.630, -0.8000, -6.974
4.640, -0.8000, -5.836
4.650, -0.8000, -7.380
4.660, -0.8000, -7.554
4.670, -0.8000, -6.262
4.680, -0.8000, -6.661
4.690, -0.8000, -7.068
4.700, -0.8000, -4.064
4.710, -0.8000, -7.372
4.720, -0.8000, -6.923
4.730, -0.8000, -5.412
4.740, -0.8000, -8.030
4.750, -0.8000, -6.724
4.760, -0.8000, -4.273
4.770, -0.8000, -6.944
4.780, -0.8000, -6.558
4.790, -0.8000, -8.170
4.800, -0.8000, -7.066
4.810, -0.8000, -6.812
4.820, -0.8000, -6.052
4.830, -0.8000, -6.397
4.840, -0.8000, -5.594
4.850, -0.8000, -6.141
4.860, -0.8000, -9.797
4.870, -0.8000, -6.970
4.880, -0.8000, -7.928
4.890, -0.8000, -7.115
4.900, -0.8000, -9.254
4.910, -0.8000, -6.303
4.920, -0.8000, -9.987
4.930, -0.8000, -7.437
4.940, -0.8000, -8.174
4.950, -0.8000, -6.322
4.960, -0.8000, -9.099
4.970, -0.8000, -7.112
4.980, -0.8000, -6.825
4.990, -0.8000, -7.435
5.000, -0.8000, -6.521
5.010, -0.8000, -6.154
5.020, -0.8000, -6.869
5.030, -0.8000, -6.852
5.040, -0.8000, -5.183
5.050, -0.8000, -9.194
5.060, -0.8000, -6.999
5.070, -0.8000, -11.83
5.080, -0.8000, -7.205
5.090, -0.8000, -10.13
5.100, -0.8000, -6.188
5.110, -0.8000, -5.319
5.120, -0.8000, -6.765
5.130, -0.8000, -6.053
5.140, -0.8000, -7.469
5.150, -0.8000, -6.364
5.160, -0.8000, -5.199
5.170, -0.8000, -6.853
5.180, -0.8000, -6.321
5.190, -0.8000, -8.211
5.200, -0.8000, -7.065
5.210, -0.8000, -5.654
5.220, -0.8000, -6.355
5.230, -0.8000, -8.389
5.240, -0.8000, -6.908
5.250, -0.8000, -6.513
5.260, -0.8000, -6.893
5.270, -0.8000, -7.534
5.280, -0.8000, -6.953
5.290, -0.8000, -6.211
5.300, -0.8000, -7.214
5.310, -0.8000, -11.24
5.320, -0.8000, -7.698
5.330, -0.8000, -7.336
5.340, -0.8000, -8.302
5.350, -0.8000, -6.992
5.360, -0.8000, -6.416
5.370, -0.8000, -7.044
5.380, -0.8000, -4.947
5.390, -0.8000, -6.669
5.400, -0.8000, -4.467
5.410, -0.8000, -7.357
5.420, -0.8000, -6.047
5.430, -0.8000, -7.231
5.440, -0.8000, -7.528
5.450, -0.8000, -6.885
5.460, -0.8000, -4.709
5.470, -0.8000, -6.190
5.480, -0.8000, -4.860
5.490, -0.8000, -6.419
5.500, -0.8000, -6.979
5.510, -0.8000, -6.451
5.520, -0.8000, -6.240
5.530, -0.8000, -7.239
5.540, -0.8000, -12.73
5.550, -0.8000, -7.041
5.560, -0.8000, -6.358
5.570, -0.8000, -6.988
5.580, -0.8000, -6.318
5.590, -0.8000, -5.806
5.600, -0.8000, -8.138
5.610, -0.8000, -7.243
5.620, -0.8000, -6.792
5.630, -0.8000, -5.838
5.640, -0.8000, -6.611
5.650, -0.8000, -7.239
5.660, -0.8000, -5.871
5.670, -0.8000, -6.765
5.680, -0.8000, -9.823
5.690, -0.8000, -5.885
5.700, -0.8000, -8.265
5.710, -0.8000, -6.529
5.720, -0.8000, -10.67
5.730, -0.8000, -7.947
5.740, -0.8000, -10.98
5.750, -0.8000, -6.932
5.760, -0.8000, -4.573
5.770, -0.8000, -6.767
5.780, -0.8000, -5.637
5.790, -0.8000, -6.318
5.800, -0.8000, -7.352
5.810, -0.8000, -7.055
5.820, -0.8000, -6.951
5.830, -0.8000, -7.176
5.840, -0.8000, -5.467
5.850, -0.8000, -6.665
5.860, -0.8000, -4.260
5.870, -0.8000, -6.969
5.880, -0.8000, -5.294
5.890, -0.8000, -6.874
5.900, -0.8000, -6.666
5.910, -0.8000, -8.257
5.920, -0.8000, -5.375
5.930, -0.8000, -6.591
5.940, -0.8000, -9.531
5.950, -0.8000, -7.453
5.960, -0.8000, -8.358
5.970, -0.8000, -6.948
5.980, -0.8000, -10.04
5.990, -0.8000, -6.716
6.000, -0.8000, -7.366
6.010, -0.8000, -5.086
6.020, -0.8000, -6.542
6.030, -0.8000, -5.572
6.040, -0.8000, -6.901
6.050, -0.8000, -7.476
6.060, -0.8000, -7.126
6.070, -0.8000, -6.413
6.080, -0.8000, -9.381
6.090, -0.8000, -5.956
6.100, -0.8000, -9.785
6.110, -0.8000, -6.873
6.120, -0.8000, -8.275
6.130, -0.8000, -6.840
6.140, -0.8000, -6.774
6.150, -0.8000, -5.325
6.160, -0.8000, -9.997
6.170, -0.8000, -6.854
6.180, -0.8000, -6.070
6.190, -0.8000, -5.249
6.200, -0.8000, -8.217
6.210, -0.8000, -6.905
6.220, -0.8000, -5.572
6.230, -0.8000, -7.583
6.240, -0.8000, -6.547
6.250, -0.8000, -7.648
6.260, -0.8000, -7.666
6.270, -0.8000, -7.220
6.280, -0.8000, -7.251
6.290, -0.8000, -6.920
6.300, -0.8000, -8.138
6.310, -0.8000, -6.870
6.320, -0.8000, -5.689
6.330, -0.8000, -8.989
6.340, -0.8000, -7.153
6.350, -0.8000, -6.877
6.360, -0.8000, -7.155
6.370, -0.8000, -7.442
6.380, -0.8000, -7.323
6.390, -0.8000, -9.449
6.400, -0.8000, -7.000
6.410, -0.8000, -4.602
6.420, -0.8000, -5.994
6.430, -0.8000, -7.206
6.440, -0.8000, -7.261
6.450, -0.8000, -6.760
6.460, -0.8000, -5.323
6.470, -0.8000, -7.966
6.480, -0.8000, -7.128
6.490, -0.8000, -7.416
6.500, -0.8000, -5.923
6.510, -0.8000, -7.644
6.520, -0.8000, -5.580
6.530, -0.8000, -7.611
6.540, -0.8000, -7.835
6.550, -0.8000, -10.73
6.560, -0.8000, -6.065
6.570, -0.8000, -9.677
6.580, -0.8000, -6.735
6.590, -0.8000, -10.78
6.600, -0.8000, -7.304
6.610, -0.8000, -5.323
6.620, -0.8000, -6.771
6.630, -0.8000, -3.099
6.640, -0.8000, -6.909
6.650, -0.8000, -8.789
6.660, -0.8000, -6.278
6.670, -0.8000, -5.367
6.680, -0.8000, -7.202
6.690, -0.8000, -7.740
6.700, -0.8000, -8.794
6.710, -0.8000, -6.957
6.720, -0.8000, -6.760
6.730, -0.8000, -6.979
6.740, -0.8000, -6.926
6.750, -0.8000, -7.386
6.760, -0.8000, -7.410
6.770, -0.8000, -9.821
6.780, -0.8000, -6.951
6.790, -0.8000, -5.976
6.800, -0.8000, -7.541
6.810, -0.8000, -6.143
6.820, -0.8000, -7.377
6.830, -0.8000, -7.184
6.840, -0.8000, -6.519
6.850, -0.8000, -5.947
6.860, -0.8000, -7.111
6.870, -0.8000, -7.317
6.880, -0.8000, -7.261
6.890, -0.8000, -5.696
6.900, -0.8000, -9.399
6.910, -0.8000, -7.335
6.920, -0.8000, -5.829
6.930, -0.8000, -6.388
6.940, -0.8000, -9.885
6.950, -0.8000, -7.169
6.960, -0.8000, -6.852
6.970, -0.8000, -7.214
6.980, -0.8000, -6.803
6.990, -0.8000, -6.019
7.000, -0.8000, -7.476
7.010, -0.8000, -7.837
7.020, -0.8000, -6.986
7.030, -0.8000, -7.038
7.040, -0.8000, -5.586
7.050, -0.8000, -7.014
7.060, -0.8000, -4.509
7.070, -0.8000, -7.432
7.080, -0.8000, -11.50
7.090, -0.8000, -6.905
7.100, -0.8000, -8.151
7.110, -0.8000, -6.916
7.120, -0.8000, -8.634
7.130, -0.8000, -5.436
7.140, -0.8000, -6.642
7.150, -0.8000, -10.73
7.160, -0.8000, -5.193
7.170, -0.8000, -7.049
7.180, -0.8000, -5.175
7.190, -0.8000, -7.071
7.200, -0.8000, -6.705
7.210, -0.8000, -9.320
7.220, -0.8000, -7.642
7.230, -0.8000, -7.169
7.240, -0.8000, -4.680
7.250, -0.8000, -6.678
7.260, -0.8000, -6.760
7.270, -0.8000, -6.375
7.280, -0.8000, -6.021
7.290, -0.8000, -7.897
7.300, -0.8000, -6.837
7.310, -0.8000, -7.262
7.320, -0.8000, -5.052
7.330, -0.8000, -7.078
7.340, -0.8000, -7.682
7.350, -0.8000, -6.825
7.360, -0.8000, -4.087
7.370, -0.8000, -5.000
7.380, -0.8000, -4.012
7.390, -0.8000, -4.901
7.400, -0.8000, -6.651
7.410, -0.8000, -7.492
7.420, -0.8000, -4.613
7.430, -0.8000, -6.471
7.440, -0.8000, -8.876
7.450, -0.8000, -6.775
7.460, -0.8000, -7.443
7.470, -0.8000, -5.388
7.480, -0.8000, -6.837
7.490, -0.8000, -6.620
7.500, -0.8000, -5.198
7.510, -0.8000, -4.546
7.520, -0.8000, -7.205
7.530, -0.8000, -5.193
7.540, -0.8000, -6.690
7.550, -0.8000, -4.630
7.560, -0.8000, -6.978
7.570, -0.8000, -5.820
7.580, -0.8000, -7.277
7.590, -0.8000, -5.612
7.600, -0.8000, -7.521
7.610, -0.8000, -6.579
7.620, -0.8000, -4.185
7.630, -0.8000, -7.341
7.640, -0.8000, -8.395
7.650, -0.8000, -6.918
7.660, -0.8000, -10.92
7.670, -0.8000, -5.790
7.680, -0.8000, -6.098
7.690, -0.8000, -6.481
7.700, -0.8000, -7.670
7.710, -0.8000, -8.635
7.720, -0.8000, -2.476
7.730, -0.8000, -4.309
7.740, -0.8000, -5.082
7.750, -0.8000, -6.665
7.760, -0.8000, -7.367
7.770, -0.8000, -6.213
7.780, -0.8000, -4.775
7.790, -0.8000, -6.535
7.800, -0.8000, -7.409
7.810, -0.8000, -11.32
7.820, -0.8000, -7.248
7.830, -0.8000, -7.044
7.840, -0.8000, -2.598
7.850, -0.8000, -6.695
7.860, -0.8000, -10.28
7.870, -0.8000, -7.153
7.880, -0.8000, -11.96
7.890, -0.8000, -5.106
7.900, -0.8000, -6.544
7.910, -0.8000, -5.973
7.920, -0.8000, -7.571
7.930, -0.8000, -6.945
7.940, -0.8000, -7.514
7.950, -0.8000, -7.817
7.960, -0.8000, -6.681
7.970, -0.8000, -5.023
7.980, -0.8000, -6.581
7.990, -0.8000, -7.887
8.000, -0.8000, -5.446
8.010, -0.8000, -4.912
8.020, -0.8000, -7.991
8.030, -0.8000, -7.946
8.040, -0.8000, -6.944
8.050, -0.8000, -9.009
8.060, -0.8000, -6.043
8.070, -0.8000, -6.949
8.080, -0.8000, -8.471
8.090, -0.8000, -7.135
8.100, -0.8000, -7.521
8.110, -0.8000, -8.309
8.120, -0.8000, -5.560
8.130, -0.8000, -7.022
8.140, -0.8000, -7.124
8.150, -0.8000, -11.05
8.160, -0.8000, -6.408
8.170, -0.8000, -7.278
8.180, -0.8000, -7.534
8.190, -0.8000, -3.612
8.200, -0.8000, -5.390
8.210, -0.8000, -6.246
8.220, -0.8000, -7.288
8.230, -0.8000, -7.411
8.240, -0.8000, -7.472
8.250, -0.8000, -5.760
8.260, -0.8000, -6.797
8.270, -0.8000, -4.196
8.280, -0.8000, -6.289
8.290, -0.8000, -6.541
8.300, -0.8000, -6.666
8.310, -0.8000, -7.195
8.320, -0.8000, -7.132
8.330, -0.8000, -7.241
8.340, -0.8000, -7.015
8.350, -0.8000, -6.403
8.360, -0.8000, -7.280
8.370, -0.8000, -7.035
8.380, -0.8000, -7.146
8.390, -0.8000, -7.622
8.400, -0.8000, -11.33
8.410, -0.8000, -5.438
8.420, -0.8000, -7.040
8.430, -0.8000, -6.997
8.440, -0.8000, -7.905
8.450, -0.8000, -5.085
8.460, -0.8000, -5.616
8.470, -0.8000, -6.213
8.480, -0.8000, -7.771
8.490, -0.8000, -6.851
8.500, -0.8000, -6.305
8.510, -0.8000, -7.725
8.520, -0.8000, -7.584
8.530, -0.8000, -4.830
8.540, -0.8000, -4.199
8.550, -0.8000, -7.040
8.560, -0.8000, -7.045
8.570, -0.8000, -7.919
8.580, -0.8000, -6.942
8.590, -0.8000, -7.123
8.600, -0.8000, -7.471
8.610, -0.8000, -5.987
8.620, -0.8000, -7.656
8.630, -0.8000, -7.112
8.640, -0.8000, -6.804
8.650, -0.8000, -6.613
8.660, -0.8000, -11.47
8.670, -0.8000, -6.374
8.680, -0.8000, -10.51
8.690, -0.8000, -6.879
8.700, -0.8000, -7.503
8.710, -0.8000, -7.911
8.720, -0.8000, -5.597
8.730, -0.8000, -3.750
8.740, -0.8000, -5.125
8.750, -0.8000, -7.473
8.760, -0.8000, -7.134
8.770, -0.8000, -7.261
8.780, -0.8000, -10.10
8.790, -0.8000, -4.257
8.800, -0.8000, -6.761
8.810, -0.8000, -6.981
8.820, -0.8000, -7.327
8.830, -0.8000, -7.725
8.840, -0.8000, -6.472
8.850, -0.8000, -7.576
8.860, -0.8000, -8.395
8.870, -0.8000, -7.439
8.880, -0.8000, -7.855
8.890, -0.8000, -5.729
8.900, -0.8000, -6.840
8.910, -0.8000, -5.637
8.920, -0.8000, -6.460
8.930, -0.8000, -5.776
8.940, -0.8000, -4.669
8.950, -0.8000, -6.943
8.960, -0.8000, -7.097
8.970, -0.8000, -7.005
8.980, -0.8000, -6.865
8.990, -0.8000, -7.426
9.000, -0.8000, -4.083
9.010, -0.8000, -6.488
9.020, -0.8000, -6.983
9.030, -0.8000, -7.044
9.040, -0.8000, -7.928
9.050, -0.8000, -6.044
9.060, -0.8000, -4.595
9.070, -0.8000, -6.579
9.080, -0.8000, -7.284
9.090, -0.8000, -8.383
9.100, -0.8000, -6.859
9.110, -0.8000, -7.097
9.120, -0.8000, -5.857
9.130, -0.8000, -6.612
9.140, -0.8000, -7.026
9.150, -0.8000, -6.500
9.160, -0.8000, -7.456
9.170, -0.8000, -4.793
9.180, -0.8000, -5.940
9.190, -0.8000, -7.011
9.200, -0.8000, -7.335
9.210, -0.8000, -7.513
9.220, -0.8000, -8.330
9.230, -0.8000, -5.627
9.240, -0.8000, -10.34
9.250, -0.8000, -6.625
9.260, -0.8000, -7.350
9.270, -0.8000, -6.240
9.280, -0.8000, -6.764
9.290, -0.8000, -6.825
9.300, -0.8000, -9.675
9.310, -0.8000, -7.481
9.320, -0.8000, -7.661
9.330, -0.8000, -6.269
9.340, -0.8000, -7.592
9.350, -0.8000, -6.611
9.360, -0.8000, -7.252
9.370, -0.8000, -4.977
9.380, -0.8000, -7.357
9.390, -0.8000, -6.676
9.400, -0.8000, -7.321
9.410, -0.8000, -6.922
9.420, -0.8000, -3.806
9.430, -0.8000, -11.41
9.440, -0.8000, -7.910
9.450, -0.8000, -5.968
9.460, -0.8000, -6.933
9.470, -0.8000, -7.604
9.480, -0.8000, -4.564
9.490, -0.8000, -4.650
9.500, -0.8000, -6.030
9.510, -0.8000, -6.697
9.520, -0.8000, -7.069
9.530, -0.8000, -5.188
9.540, -0.8000, -6.976
9.550, -0.8000, -6.629
9.560, -0.8000, -7.707
9.570, -0.8000, -7.234
9.580, -0.8000, -7.543
9.590, -0.8000, -13.40
9.600, -0.8000, -7.241
9.610, -0.8000, -10.40
9.620, -0.8000, -6.824
9.630, -0.8000, -7.067
9.640, -0.8000, -8.645
9.650, -0.8000, -7.786
9.660, -0.8000, -6.531
9.670, -0.8000, -4.758
9.680, -0.8000, -7.326
9.690, -0.8000, -5.982
9.700, -0.8000, -6.148
9.710, -0.8000, -7.063
9.720, -0.8000, -5.461
9.730, -0.8000, -6.892
9.740, -0.8000, -4.713
9.750, -0.8000, -7.541
9.760, -0.8000, -7.869
9.770, -0.8000, -6.212
9.780, -0.8000, -9.775
9.790, -0.8000, -6.340
9.800, -0.8000, -7.327
9.810, -0.8000, -5.442
9.820, -0.8000, -7.079
9.830, -0.8000, -6.393
9.840, -0.8000, -9.976
9.850, -0.8000, -6.895
9.860, -0.8000, -9.315
9.870, -0.8000, -7.200
9.880, -0.8000, -7.313
9.890, -0.8000, -6.366
9.900, -0.8000, -6.992
9.910, -0.8000, -6.260
9.920, -0.8000, -6.527
9.930, -0.8000, -4.820
9.940, -0.8000, -7.123
9.950, -0.8000, -7.466
9.960, -0.8000, -5.950
9.970, -0.8000, -7.298
9.980, -0.8000, -6.457
9.990, -0.8000, -6.666
10.00, -0.8000, -5.737
10.01, -0.8000, -7.551
10.02, -0.8000, -4.015
10.03, -0.8000, -6.632
10.04, -0.8000, -7.205
10.05, -0.8000, -6.349
10.06, -0.8000, -7.678
10.07, -0.8000, -6.045
10.08, -0.8000, -6.993
10.09, -0.8000, -4.836
10.10, -0.8000, -7.371
10.11, -0.8000, -7.309
10.12, -0.8000, -7.359
10.13, -0.8000, -6.614
10.14, -0.8000, -6.522
10.15, -0.8000, -7.827
10.16, -0.8000, -6.535
10.17, -0.8000, -5.000
10.18, -0.8000, -5.363
10.19, -0.8000, -7.179
10.20, -0.8000, -6.684
10.21, -0.8000, -6.885
10.22, -0.8000, -7.151
10.23, -0.8000, -7.244
10.24, -0.8000, -8.170
10.25, -0.8000, -7.475
10.26, -0.8000, -3.487
10.27, -0.8000, -6.914
10.28, -0.8000, -7.047
10.29, -0.8000, -6.934
10.30, -0.8000, -7.816
10.31, -0.8000, -6.932
10.32, -0.8000, -6.890
10.33, -0.8000, -8.831
10.34, -0.8000, -7.198
10.35, -0.8000, -6.909
10.36, -0.8000, -5.826
10.37, -0.8000, -7.135
10.38, -0.8000, -4.923
10.39, -0.8000, -6.538
10.40, -0.8000, -6.234
10.41, -0.8000, -6.767
10.42, -0.8000, -8.200
10.43, -0.8000, -11.30
10.44, -0.8000, -4.613
10.45, -0.8000, -6.260
10.46, -0.8000, -6.907
10.47, -0.8000, -6.839
10.48, -0.8000, -7.575
10.49, -0.8000, -6.736
10.50, -0.8000, -7.935
10.51, -0.8000, -4.423
10.52, -0.8000, -5.347
10.53, -0.8000, -5.631
10.54, -0.8000, -6.359
10.55, -0.8000, -6.634
10.56, -0.8000, -7.501
10.57, -0.8000, -6.787
10.58, -0.8000, -6.698
10.59, -0.8000, -8.482
10.60, -0.8000, -5.049
10.61, -0.8000, -6.156
10.62, -0.8000, -7.833
10.63, -0.8000, -5.856
10.64, -0.8000, -10.27
10.65, -0.8000, -6.901
10.66, -0.8000, -8.113
10.67, -0.8000, -6.563
10.68, -0.8000, -7.110
10.69, -0.8000, -3.985
10.70, -0.8000, -5.882
10.71, -0.8000, -6.260
10.72, -0.8000, -7.005
10.73, -0.8000, -8.477
10.74, -0.8000, -6.750
10.75, -0.8000, -12.09
10.76, -0.8000, -7.021
10.77, -0.8000, -6.987
10.78, -0.8000, -6.618
10.79, -0.8000, -6.786
10.80, -0.8000, -10.20
10.81, -0.8000, -8.262
10.82, -0.8000, -6.631
10.83, -0.8000, -8.918
10.84, -0.8000, -6.087
10.85, -0.8000, -3.645
10.86, -0.8000, -5.957
10.87, -0.8000, -6.082
10.88, -0.8000, -6.746
10.89, -0.8000, -12.77
10.90, -0.8000, -8.455
10.91, -0.8000, -6.027
10.92, -0.8000, -7.502
10.93, -0.8000, -5.148
10.94, -0.8000, -6.894
10.95, -0.8000, -7.539
10.96, -0.8000, -7.815
10.97, -0.8000, -5.929
10.98, -0.8000, -7.003
10.99, -0.8000, -9.591
11.00, -0.8000, -5.645
11.01, -0.8000, -7.384
11.02, -0.8000, -9.733
11.03, -0.8000, -7.119
11.04, -0.8000, -7.215
11.05, -0.8000, -7.494
11.06, -0.8000, -6.271
11.07, -0.8000, -7.335
11.08, -0.8000, -7.343
11.09, -0.8000, -5.188
11.10, -0.8000, -6.909
11.11, -0.8000, -7.034
11.12, -0.8000, -9.056
11.13, -0.8000, -7.240
11.14, -0.8000, -6.919
11.15, -0.8000, -7.102
11.16, -0.8000, -7.204
11.17, -0.8000, -7.328
11.18, -0.8000, -5.460
11.19, -0.8000, -6.337
11.20, -0.8000, -6.080
11.21, -0.8000, -7.222
11.22, -0.8000, -7.031
11.23, -0.8000, -7.062
11.24, -0.8000, -6.898
11.25, -0.8000, -6.593
11.26, -0.8000, -6.858
11.27, -0.8000, -7.487
11.28, -0.8000, -7.562
11.29, -0.8000, -6.784
11.30, -0.8000, -7.029
11.31, -0.8000, -4.320
11.32, -0.8000, -6.763
11.33, -0.8000, -9.000
11.34, -0.8000, -6.421
11.35, -0.8000, -9.026
11.36, -0.8000, -6.625
11.37, -0.8000, -7.423
11.38, -0.8000, -6.854
11.39, -0.8000, -7.734
11.40, -0.8000, -7.352
11.41, -0.8000, -8.188
11.42, -0.8000, -7.546
11.43, -0.8000, -7.239
11.44, -0.8000, -5.777
11.45, -0.8000, -4.675
11.46, -0.8000, -7.510
11.47, -0.8000, -6.996
11.48, -0.8000, -7.763
11.49, -0.8000, -7.948
11.50, -0.8000, -6.643
11.51, -0.8000, -7.044
11.52, -0.8000, -6.348
11.53, -0.8000, -6.962
11.54, -0.8000, -5.102
11.55, -0.8000, -6.235
11.56, -0.8000, -7.324
11.57, -0.8000, -5.221
11.58, -0.8000, -7.323
11.59, -0.8000, -4.141
11.60, -0.8000, -7.271
11.61, -0.8000, -7.033
11.62, -0.8000, -5.605
11.63, -0.8000, -7.869
11.64, -0.8000, -7.257
11.65, -0.8000, -6.769
11.66, -0.8000, -6.829
11.67, -0.8000, -5.668
11.68, -0.8000, -6.881
11.69, -0.8000, -6.342
11.70, -0.8000, -6.587
11.71, -0.8000, -4.544
11.72, -0.8000, -6.644
11.73, -0.8000, -7.337
11.74, -0.8000, -6.547
11.75, -0.8000, -9.421
11.76, -0.8000, -7.023
11.77, -0.8000, -6.375
11.78, -0.8000, -7.274
11.79, -0.8000, -2.766
11.80, -0.8000, -7.562
11.81, -0.8000, -6.556
11.82, -0.8000, -7.783
11.83, -0.8000, -7.894
11.84, -0.8000, -7.403
11.85, -0.8000, -6.253
11.86, -0.8000, -8.051
11.87, -0.8000, -6.627
11.88, -0.8000, -10.79
11.89, -0.8000, -6.728
11.90, -0.8000, -7.616
11.91, -0.8000, -7.453
11.92, -0.8000, -6.826
11.93, -0.8000, -11.31
11.94, -0.8000, -6.043
11.95, -0.8000, -6.479
11.96, -0.8000, -4.852
11.97, -0.8000, -6.285
11.98, -0.8000, -7.088
11.99, -0.8000, -7.341
12.00, -0.8000, -7.291
12.01, -0.8000, -6.457
12.02, -0.8000, -6.772
12.03, -0.8000, -8.012
12.04, -0.8000, -7.615
12.05, -0.8000, -6.637
12.06, -0.8000, -11.04
12.07, -0.8000, -7.304
12.08, -0.8000, -8.292
12.09, -0.8000, -5.982
12.10, -0.8000, -8.491
12.11, -0.8000, -7.206
12.12, -0.8000, -6.369
12.13, -0.8000, -10.73
12.14, -0.8000, -6.454
12.15, -0.8000, -6.970
12.16, -0.8000, -5.743
12.17, -0.8000, -5.636
12.18, -0.8000, -6.944
12.19, -0.8000, -8.030
12.20, -0.8000, -5.738
12.21, -0.8000, -5.924
12.22, -0.8000, -7.238
12.23, -0.8000, -7.125
12.24, -0.8000, -7.452
12.25, -0.8000, -7.042
12.26, -0.8000, -7.400
12.27, -0.8000, -6.635
12.28, -0.8000, -6.065
12.29, -0.8000, -5.632
12.30, -0.8000, -6.867
12.31, -0.8000, -5.385
12.32, -0.8000, -5.768
12.33, -0.8000, -7.828
12.34, -0.8000, -7.014
12.35, -0.8000, -9.272
12.36, -0.8000, -6.066
12.37, -0.8000, -9.131
12.38, -0.8000, -6.912
12.39, -0.8000, -7.337
12.40, -0.8000, -6.730
12.41, -0.8000, -8.003
12.42, -0.8000, -6.431
12.43, -0.8000, -7.575
12.44, -0.8000, -6.829
12.45, -0.8000, -7.364
12.46, -0.8000, -6.963
12.47, -0.8000, -9.039
12.48, -0.8000, -7.153
12.49, -0.8000, -7.516
12.50, -0.8000, -7.771
12.51, -0.8000, -5.978
12.52, -0.8000, -6.986
12.53, -0.8000, -5.579
12.54, -0.8000, -7.326
12.55, -0.8000, -6.906
12.56, -0.8000, -5.913
12.57, -0.8000, -5.138
12.58, -0.8000, -7.579
12.59, -0.8000, -6.578
12.60, -0.8000, -5.491
12.61, -0.8000, -6.081
12.62, -0.8000, -7.636
12.63, -0.8000, -3.737
12.64, -0.8000, -6.779
12.65, -0.8000, -7.217
12.66, -0.8000, -6.968
12.67, -0.8000, -8.167
12.68, -0.8000, -5.059
12.69, -0.8000, -6.859
12.70, -0.8000, -12.39
12.71, -0.8000, -6.300
12.72, -0.8000, -6.415
12.73, -0.8000, -7.265
12.74, -0.8000, -8.255
12.75, -0.8000, -7.555
12.76, -0.8000, -10.75
12.77, -0.8000, -6.660
12.78, -0.8000, -7.549
12.79, -0.8000, -8.856
12.80, -0.8000, -7.062
12.81, -0.8000, -7.258
12.82, -0.8000, -5.030
12.83, -0.8000, -7.351
12.84, -0.8000, -7.622
12.85, -0.8000, -6.286
12.86, -0.8000, -6.940
12.87, -0.8000, -6.539
12.88, -0.8000, -6.894
12.89, -0.8000, -6.867
12.90, -0.8000, -6.963
12.91, -0.8000, -5.964
12.92, -0.8000, -6.845
12.93, -0.8000, -4.465
12.94, -0.8000, -7.275
12.95, -0.8000, -7.541
12.96, -0.8000, -4.837
12.97, -0.8000, -6.240
12.98, -0.8000, -7.501
12.99, -0.8000, -7.003
13.00, -0.8000, -7.443
13.01, -0.8000, -8.220
13.02, -0.8000, -6.789
13.03, -0.8000, -4.884
13.04, -0.8000, -6.032
13.05, -0.8000, -7.996
13.06, -0.8000, -5.927
13.07, -0.8000, -6.836
13.08, -0.8000, -7.304
13.09, -0.8000, -7.754
13.10, -0.8000, -6.613
13.11, -0.8000, -7.470
13.12, -0.8000, -5.163
13.13, -0.8000, -7.337
13.14, -0.8000, -6.967
13.15, -0.8000, -7.221
13.16, -0.8000, -9.849
13.17, -0.8000, -5.422
13.18, -0.8000, -6.826
13.19, -0.8000, -10.39
13.20, -0.8000, -5.651
13.21, -0.8000, -7.360
13.22, -0.8000, -8.250
13.23, -0.8000, -6.035
13.24, -0.8000, -6.831
13.25, -0.8000, -7.464
13.26, -0.8000, -5.231
13.27, -0.8000, -6.050
13.28, -0.8000, -7.045
13.29, -0.8000, -7.862
13.30, -0.8000, -7.250
13.31, -0.8000, -5.322
13.32, -0.8000, -7.697
13.33, -0.8000, -6.445
13.34, -0.8000, -11.82
13.35, -0.8000, -5.474
13.36, -0.8000, -7.240
13.37, -0.8000, -5.783
13.38, -0.8000, -6.485
13.39, -0.8000, -3.926
13.40, -0.8000, -7.195
13.41, -0.8000, -4.921
13.42, -0.8000, -6.571
13.43, -0.8000, -7.439
13.44, -0.8000, -7.256
13.45, -0.8000, -7.036
13.46, -0.8000, -5.016
13.47, -0.8000, -6.553
13.48, -0.8000, -6.492
13.49, -0.8000, -7.269
13.50, -0.8000, -8.753
13.51, -0.8000, -5.220
13.52, -0.8000, -6.619
13.53, -0.8000, -4.460
13.54, -0.8000, -6.881
13.55, -0.8000, -7.310
13.56, -0.8000, -6.414
13.57, -0.8000, -6.632
13.58, -0.8000, -9.665
13.59, -0.8000, -6.583
13.60, -0.8000, -6.949
13.61, -0.8000, -5.462
13.62, -0.8000, -6.489
13.63, -0.8000, -6.654
13.64, -0.8000, -7.026
13.65, -0.8000, -8.447
13.66, -0.8000, -6.389
13.67, -0.8000, -7.108
13.68, -0.8000, -6.527
13.69, -0.8000, -7.450
13.70, -0.8000, -7.282
13.71, -0.8000, -7.132
13.72, -0.8000, -6.906
13.73, -0.8000, -7.060
13.74, -0.8000, -7.047
13.75, -0.8000, -5.465
13.76, -0.8000, -6.926
13.77, -0.8000, -7.194
13.78, -0.8000, -4.546
13.79, -0.8000, -5.525
13.80, -0.8000, -6.426
13.81, -0.8000, -7.013
13.82, -0.8000, -6.469
13.83, -0.8000, -7.618
13.84, -0.8000, -7.574
13.85, -0.8000, -4.510
13.86, -0.8000, -8.060
13.87, -0.8000, -6.963
13.88, -0.8000, -4.453
13.89, -0.8000, -6.969
13.90, -0.8000, -9.869
13.91, -0.8000, -5.721
13.92, -0.8000, -6.906
13.93, -0.8000, -7.510
13.94, -0.8000, -5.333
13.95, -0.8000, -7.852
13.96, -0.8000, -7.465
13.97, -0.8000, -5.488
13.98, -0.8000, -6.994
13.99, -0.8000, -7.027
14.00, -0.8000, -6.859
14.01, -0.8000, -7.218
14.02, -0.8000, -7.547
14.03, -0.8000, -8.798
14.04, -0.8000, -5.911
14.05, -0.8000, -5.164
14.06, -0.8000, -6.979
14.07, -0.8000, -5.816
14.08, -0.8000, -6.591
14.09, -0.8000, -5.567
14.10, -0.8000, -7.130
14.11, -0.8000, -6.851
14.12, -0.8000, -7.042
14.13, -0.8000, -4.416
14.14, -0.8000, -6.426
14.15, -0.8000, -5.309
14.16, -0.8000, -6.850
14.17, -0.8000, -11.06
14.18, -0.8000, -6.419
14.19, -0.8000, -7.179
14.20, -0.8000, -7.246
14.21, -0.8000, -5.720
14.22, -0.8000, -7.070
14.23, -0.8000, -6.001
14.24, -0.8000, -6.935
14.25, -0.8000, -11.54
14.26, -0.8000, -6.928
14.27, -0.8000, -6.636
14.28, -0.8000, -7.250
14.29, -0.8000, -7.925
14.30, -0.8000, -7.348
14.31, -0.8000, -4.447
14.32, -0.8000, -6.736
14.33, -0.8000, -4.017
14.34, -0.8000, -7.368
14.35, -0.8000, -6.907
14.36, -0.8000, -6.898
14.37, -0.8000, -6.401
14.38, -0.8000, -6.975
14.39, -0.8000, -6.795
14.40, -0.8000, -7.842
14.41, -0.8000, -4.874
14.42, -0.8000, -5.565
14.43, -0.8000, -5.988
14.44, -0.8000, -6.792
14.45, -0.8000, -8.530
14.46, -0.8000, -7.055
14.47, -0.8000, -6.648
14.48, -0.8000, -7.658
14.49, -0.8000, -6.072
14.50, -0.8000, -5.914
14.51, -0.8000, -6.869
14.52, -0.8000, -7.208
14.53, -0.8000, -6.180
14.54, -0.8000, -6.669
14.55, -0.8000, -7.406
14.56, -0.8000, -11.46
14.57, -0.8000, -5.057
14.58, -0.8000, -4.742
14.59, -0.8000, -7.585
14.60, -0.8000, -5.701
14.61, -0.8000, -7.036
14.62, -0.8000, -7.342
14.63, -0.8000, -4.880
14.64, -0.8000, -3.834
14.65, -0.8000, -6.898
14.66, -0.8000, -7.137
14.67, -0.8000, -4.701
14.68, -0.8000, -6.830
14.69, -0.8000, -7.250
14.70, -0.8000, -7.191
14.71, -0.8000, -10.14
14.72, -0.8000, -4.852
14.73, -0.8000, -7.118
14.74, -0.8000, -6.589
14.75, -0.8000, -6.867
14.76, -0.8000, -6.874
14.77, -0.8000, -6.408
14.78, -0.8000, -9.086
14.79, -0.8000, -5.566
14.80, -0.8000, -6.605
14.81, -0.8000, -7.394
14.82, -0.8000, -5.569
14.83, -0.8000, -7.324
14.84, -0.8000, -7.129
14.85, -0.8000, -6.865
14.86, -0.8000, -8.687
14.87, -0.8000, -5.172
14.88, -0.8000, -3.338
14.89, -0.8000, -8.734
14.90, -0.8000, -9.236
14.91, -0.8000, -6.944
14.92, -0.8000, -8.919
14.93, -0.8000, -5.239
14.94, -0.8000, -8.335
14.95, -0.8000, -11.42
14.96, -0.8000, -7.675
14.97, -0.8000, -7.150
14.98, -0.8000, -3.903
14.99, -0.8000, -6.064
15.00, -0.8000, -7.338
15.01, -0.8000, -7.248
15.02, -0.8000, -6.931
15.03, -0.8000, -6.882
15.04, -0.8000, -12.29
15.05, -0.8000, -4.433
15.06, -0.8000, -5.781
15.07, -0.8000, -6.177
15.08, -0.8000, -7.876
15.09, -0.8000, -5.508
15.10, -0.8000, -4.204
15.11, -0.8000, -6.977
15.12, -0.8000, -6.349
15.13, -0.8000, -7.012
15.14, -0.8000, -7.488
15.15, -0.8000, -4.461
15.16, -0.8000, -6.116
15.17, -0.8000, -7.111
15.18, -0.8000, -7.219
15.19, -0.8000, -8.366
15.20, -0.8000, -6.864
15.21, -0.8000, -7.309
15.22, -0.8000, -7.536
15.23, -0.8000, -7.401
15.24, -0.8000, -6.812
15.25, -0.8000, -6.263
15.26, -0.8000, -9.738
15.27, -0.8000, -7.481
15.28, -0.8000, -7.310
15.29, -0.8000, -7.766
15.30, -0.8000, -3.207
15.31, -0.8000, -6.141
15.32, -0.8000, -6.739
15.33, -0.8000, -12.52
15.34, -0.8000, -6.207
15.35, -0.8000, -7.651
15.36, -0.8000, -7.165
15.37, -0.8000, -6.963
15.38, -0.8000, -6.097
15.39, -0.8000, -6.607
15.40, -0.8000, -6.523
15.41, -0.8000, -8.349
15.42, -0.8000, -4.559
15.43, -0.8000, -3.845
15.44, -0.8000, -7.886
15.45, -0.8000, -6.502
15.46, -0.8000, -7.094
15.47, -0.8000, -6.462
15.48, -0.8000, -6.817
15.49, -0.8000, -7.890
15.50, -0.8000, -6.764
15.51, -0.8000, -7.002
15.52, -0.8000, -4.397
15.53, -0.8000, -8.225
15.54, -0.8000, -8.247
15.55, -0.8000, -7.365
15.56, -0.8000, -5.017
15.57, -0.8000, -5.251
15.58, -0.8000, -7.473
15.59, -0.8000, -5.665
15.60, -0.8000, -6.993
15.61, -0.8000, -4.304
15.62, -0.8000, -5.058
15.63, -0.8000, -6.568
15.64, -0.8000, -6.250
15.65, -0.8000, -6.364
15.66, -0.8000, -6.454
15.67, -0.8000, -5.274
15.68, -0.8000, -6.768
15.69, -0.8000, -6.636
15.70, -0.8000, -7.008
15.71, -0.8000, -6.178
15.72, -0.8000, -6.836
15.73, -0.8000, -6.247
15.74, -0.8000, -8.333
15.75, -0.8000, -5.610
15.76, -0.8000, -5.850
15.77, -0.8000, -5.295
15.78, -0.8000, -8.697
15.79, -0.8000, -5.710
15.80, -0.8000, -7.629
15.81, -0.8000, -8.047
15.82, -0.8000, -6.733
15.83, -0.8000, -11.08
15.84, -0.8000, -6.202
15.85, -0.8000, -7.276
15.86, -0.8000, -6.306
15.87, -0.8000, -5.523
15.88, -0.8000, -7.651
15.89, -0.8000, -6.860
15.90, -0.8000, -7.119
15.91, -0.8000, -6.150
15.92, -0.8000, -6.814
15.93, -0.8000, -7.809
15.94, -0.8000, -4.841
15.95, -0.8000, -8.033
15.96, -0.8000, -7.989
15.97, -0.8000, -6.795
15.98, -0.8000, -9.102
15.99, -0.8000, -6.660
16.00, -0.8000, -4.524
16.01, -0.8000, -7.694
16.02, -0.8000, -6.521
16.03, -0.8000, -5.933
16.04, -0.8000, -6.644
16.05, -0.8000, -7.286
16.06, -0.8000, -5.187
16.07, -0.8000, -4.769
16.08, -0.8000, -6.242
16.09, -0.8000, -6.694
16.10, -0.8000, -6.865
16.11, -0.8000, -4.644
16.12, -0.8000, -7.517
16.13, -0.8000, -7.126
16.14, -0.8000, -11.44
16.15, -0.8000, -6.154
16.16, -0.8000, -6.984
16.17, -0.8000, -7.203
16.18, -0.8000, -2.812
16.19, -0.8000, -6.956
16.20, -0.8000, -6.998
16.21, -0.8000, -11.53
16.22, -0.8000, -5.075
16.23, -0.8000, -6.228
16.24, -0.8000, -7.321
16.25, -0.8000, -13.16
16.26, -0.8000, -3.127
16.27, -0.8000, -5.099
16.28, -0.8000, -7.668
16.29, -0.8000, -6.001
16.30, -0.8000, -7.373
16.31, -0.8000, -6.376
16.32, -0.8000, -6.259
16.33, -0.8000, -7.070
16.34, -0.8000, -6.999
16.35, -0.8000, -7.303
16.36, -0.8000, -6.915
16.37, -0.8000, -6.989
16.38, -0.8000, -6.535
16.39, -0.8000, -7.303
16.40, -0.8000, -6.786
16.41, -0.8000, -7.265
16.42, -0.8000, -6.411
16.43, -0.8000, -7.005
16.44, -0.8000, -5.980
16.45, -0.8000, -5.883
16.46, -0.8000, -6.801
16.47, -0.8000, -5.638
16.48, -0.8000, -9.774
16.49, -0.8000, -2.878
16.50, -0.8000, -4.548
16.51, -0.8000, -8.808
16.52, -0.8000, -9.516
16.53, -0.8000, -4.649
16.54, -0.8000, -10.19
16.55, -0.8000, -7.873
16.56, -0.8000, -7.180
16.57, -0.8000, -7.002
16.58, -0.8000, -6.339
16.59, -0.8000, -6.046
16.60, -0.8000, -4.999
16.61, -0.8000, -10.62
16.62, -0.8000, -7.785
16.63, -0.8000, -7.733
16.64, -0.8000, -7.401
16.65, -0.8000, -7.223
16.66, -0.8000, -7.387
16.67, -0.8000, -7.698
16.68, -0.8000, -8.022
16.69, -0.8000, -7.536
16.70, -0.8000, -7.260
16.71, -0.8000, -6.498
16.72, -0.8000, -7.059
16.73, -0.8000, -6.279
16.74, -0.8000, -6.880
16.75, -0.8000, -8.299
16.76, -0.8000, -6.453
16.77, -0.8000, -7.663
16.78, -0.8000, -6.357
16.79, -0.8000, -6.779
16.80, -0.8000, -7.120
16.81, -0.8000, -8.871
16.82, -0.8000, -4.375
16.83, -0.8000, -6.226
16.84, -0.8000, -5.870
16.85, -0.8000, -5.596
16.86, -0.8000, -7.215
16.87, -0.8000, -7.506
16.88, -0.8000, -7.075
16.89, -0.8000, -5.621
16.90, -0.8000, -7.263
16.91, -0.8000, -6.838
16.92, -0.8000, -6.628
16.93, -0.8000, -7.582
16.94, -0.8000, -10.95
16.95, -0.8000, -6.188
16.96, -0.8000, -6.972
16.97, -0.8000, -4.772
16.98, -0.8000, -5.698
16.99, -0.8000, -6.179
17.00, -0.8000, -5.180
17.01, -0.8000, -5.905
17.02, -0.8000, -6.555
17.03, -0.8000, -7.478
17.04, -0.8000, -7.424
17.05, -0.8000, -6.170
17.06, -0.8000, -6.099
17.07, -0.8000, -5.850
17.08, -0.8000, -6.817
17.09, -0.8000, -7.672
17.10, -0.8000, -7.367
17.11, -0.8000, -6.765
17.12, -0.8000, -7.195
17.13, -0.8000, -6.217
17.14, -0.8000, -6.523
17.15, -0.8000, -6.367
17.16, -0.8000, -7.679
17.17, -0.8000, -7.369
17.18, -0.8000, -8.477
17.19, -0.8000, -5.969
17.20, -0.8000, -4.532
17.21, -0.8000, -6.169
17.22, -0.8000, -6.361
17.23, -0.8000, -6.754
17.24, -0.8000, -7.346
17.25, -0.8000, -4.889
17.26, -0.8000, -6.057
17.27, -0.8000, -7.586
17.28, -0.8000, -6.773
17.29, -0.8000, -6.813
17.30, -0.8000, -7.509
17.31, -0.8000, -7.368
17.32, -0.8000, -7.228
17.33, -0.8000, -4.673
17.34, -0.8000, -6.010
17.35, -0.8000, -6.953
17.36, -0.8000, -7.387
17.37, -0.8000, -7.814
17.38, -0.8000, -7.592
17.39, -0.8000, -6.428
17.40, -0.8000, -7.962
17.41, -0.8000, -3.221
17.42, -0.8000, -5.408
17.43, -0.8000, -6.861
17.44, -0.8000, -6.557
17.45, -0.8000, -7.975
17.46, -0.8000, -4.576
17.47, -0.8000, -6.606
17.48, -0.8000, -6.228
17.49, -0.8000, -6.821
17.50, -0.8000, -11.26
17.51, -0.8000, -8.512
17.52, -0.8000, -6.811
17.53, -0.8000, -6.342
17.54, -0.8000, -6.894
17.55, -0.8000, -5.228
17.56, -0.8000, -7.081
17.57, -0.8000, -5.008
17.58, -0.8000, -6.952
17.59, -0.8000, -7.519
17.60, -0.8000, -6.738
17.61, -0.8000, -6.614
17.62, -0.8000, -12.13
17.63, -0.8000, -6.722
17.64, -0.8000, -6.857
17.65, -0.8000, -7.448
17.66, -0.8000, -5.747
17.67, -0.8000, -6.330
17.68, -0.8000, -6.689
17.69, -0.8000, -6.638
17.70, -0.8000, -11.17
17.71, -0.8000, -5.013
17.72, -0.8000, -6.269
17.73, -0.8000, -5.121
17.74, -0.8000, -7.788
17.75, -0.8000, -7.131
17.76, -0.8000, -6.676
17.77, -0.8000, -10.95
17.78, -0.8000, -7.303
17.79, -0.8000, -5.565
17.80, -0.8000, -6.974
17.81, -0.8000, -3.371
17.82, -0.8000, -7.265
17.83, -0.8000, -7.508
17.84, -0.8000, -6.689
17.85, -0.8000, -6.996
17.86, -0.8000, -6.859
17.87, -0.8000, -10.14
17.88, -0.8000, -3.516
17.89, -0.8000, -5.394
17.90, -0.8000, -7.300
17.91, -0.8000, -5.380
17.92, -0.8000, -5.218
17.93, -0.8000, -6.922
17.94, -0.8000, -6.758
17.95, -0.8000, -7.801
17.96, -0.8000, -5.988
17.97, -0.8000, -4.656
17.98, -0.8000, -7.307
17.99, -0.8000, -6.842
18.00, -0.8000, -7.273
18.01, -0.8000, -3.766
18.02, -0.8000, -3.674
18.03, -0.8000, -5.706
18.04, -0.8000, -5.713
18.05, -0.8000, -8.013
18.06, -0.8000, -6.559
18.07, -0.8000, -6.617
18.08, -0.8000, -6.718
18.09, -0.8000, -7.013
18.10, -0.8000, -6.968
18.11, -0.8000, -7.133
18.12, -0.8000, -7.374
18.13, -0.8000, -6.894
18.14, -0.8000, -6.921
18.15, -0.8000, -7.396
18.16, -0.8000, -7.404
18.17, -0.8000, -6.668
18.18, -0.8000, -5.819
18.19, -0.8000, -7.609
18.20, -0.8000, -6.351
18.21, -0.8000, -7.477
18.22, -0.8000, -6.448
18.23, -0.8000, -6.720
18.24, -0.8000, -7.191
18.25, -0.8000, -8.414
18.26, -0.8000, -8.652
18.27, -0.8000, -9.998
18.28, -0.8000, -8.887
18.29, -0.8000, -8.174
18.30, -0.8000, -7.372
18.31, -0.8000, -7.501
18.32, -0.8000, -7.330
18.33, -0.8000, -7.048
18.34, -0.8000, -7.261
18.35, -0.8000, -7.120
18.36, -0.8000, -6.258
18.37, -0.8000, -7.340
18.38, -0.8000, -10.85
18.39, -0.8000, -5.137
18.40, -0.8000, -6.315
18.41, -0.8000, -6.378
18.42, -0.8000, -7.302
18.43, -0.8000, -5.927
18.44, -0.8000, -6.653
18.45, -0.8000, -7.112
18.46, -0.8000, -6.988
18.47, -0.8000, -7.143
18.48, -0.8000, -7.206
18.49, -0.8000, -5.128
18.50, -0.8000, -7.454
18.51, -0.8000, -7.432
18.52, -0.8000, -5.915
18.53, -0.8000, -6.560
18.54, -0.8000, -6.299
18.55, -0.8000, -7.149
18.56, -0.8000, -6.963
18.57, -0.8000, -5.681
18.58, -0.8000, -6.323
18.59, -0.8000, -7.234
18.60, -0.8000, -5.642
18.61, -0.8000, -6.460
18.62, -0.8000, -10.36
18.63, -0.8000, -6.104
18.64, -0.8000, -7.131
18.65, -0.8000, -6.952
18.66, -0.8000, -7.155
18.67, -0.8000, -6.482
18.68, -0.8000, -7.201
18.69, -0.8000, -6.992
18.70, -0.8000, -6.085
18.71, -0.8000, -6.710
18.72, -0.8000, -6.446
18.73, -0.8000, -5.632
18.74, -0.8000, -7.312
18.75, -0.8000, -7.196
18.76, -0.8000, -7.260
18.77, -0.8000, -5.307
18.78, -0.8000, -6.651
18.79, -0.8000, -6.063
18.80, -0.8000, -7.397
18.81, -0.8000, -7.719
18.82, -0.8000, -5.825
18.83, -0.8000, -6.363
18.84, -0.8000, -7.019
18.85, -0.8000, -6.270
18.86, -0.8000, -7.583
18.87, -0.8000, -7.277
18.88, -0.8000, -7.073
18.89, -0.8000, -8.187
18.90, -0.8000, -8.161
18.91, -0.8000, -6.654
18.92, -0.8000, -6.442
18.93, -0.8000, -6.508
18.94, -0.8000, -6.926
18.95, -0.8000, -7.107
18.96, -0.8000, -4.972
18.97, -0.8000, -9.334
18.98, -0.8000, -6.260
18.99, -0.8000, -6.699
19.00, -0.8000, -6.930
19.01, -0.8000, -6.405
19.02, -0.8000, -6.848
19.03, -0.8000, -6.081
19.04, -0.8000, -6.815
19.05, -0.8000, -6.292
19.06, -0.8000, -6.524
19.07, -0.8000, -6.666
19.08, -0.8000, -7.577
19.09, -0.8000, -6.734
19.10, -0.8000, -7.423
19.11, -0.8000, -10.19
19.12, -0.8000, -11.55
19.13, -0.8000, -6.046
19.14, -0.8000, -6.694
19.15, -0.8000, -6.658
19.16, -0.8000, -5.317
19.17, -0.8000, -7.272
19.18, -0.8000, -7.372
19.19, -0.8000, -10.68
19.20, -0.8000, -6.131
19.21, -0.8000, -10.24
19.22, -0.8000, -5.235
19.23, -0.8000, -7.867
19.24, -0.8000, -7.416
19.25, -0.8000, -8.760
19.26, -0.8000, -4.165
19.27, -0.8000, -8.926
19.28, -0.8000, -4.951
19.29, -0.8000, -6.081
19.30, -0.8000, -6.513
19.31, -0.8000, -7.340
19.32, -0.8000, -4.581
19.33, -0.8000, -6.543
19.34, -0.8000, -6.703
19.35, -0.8000, -5.738
19.36, -0.8000, -4.224
19.37, -0.8000, -10.15
19.38, -0.8000, -8.106
19.39, -0.8000, -8.617
19.40, -0.8000, -6.707
19.41, -0.8000, -6.823
19.42, -0.8000, -7.407
19.43, -0.8000, -4.255
19.44, -0.8000, -9.506
19.45, -0.8000, -7.937
19.46, -0.8000, -6.786
19.47, -0.8000, -7.082
19.48, -0.8000, -4.769
19.49, -0.8000, -7.637
19.50, -0.8000, -6.363
19.51, -0.8000, -5.020
19.52, -0.8000, -5.322
19.53, -0.8000, -5.461
19.54, -0.8000, -8.359
19.55, -0.8000, -7.339
19.56, -0.8000, -6.603
19.57, -0.8000, -7.057
19.58, -0.8000, -7.444
19.59, -0.8000, -6.437
19.60, -0.8000, -6.663
19.61, -0.8000, -6.330
19.62, -0.8000, -6.947
19.63, -0.8000, -6.307
19.64, -0.8000, -7.819
19.65, -0.8000, -7.982
19.66, -0.8000, -6.588
19.67, -0.8000, -7.641
19.68, -0.8000, -6.499
19.69, -0.8000, -6.284
19.70, -0.8000, -6.783
19.71, -0.8000, -6.938
19.72, -0.8000, -6.684
19.73, -0.8000, -10.07
19.74, -0.8000, -7.110
19.75, -0.8000, -5.501
19.76, -0.8000, -6.851
19.77, -0.8000, -6.415
19.78, -0.8000, -7.565
19.79, -0.8000, -7.849
19.80, -0.8000, -7.495
19.81, -0.8000, -4.970
19.82, -0.8000, -5.172
19.83, -0.8000, -7.228
19.84, -0.8000, -4.167
19.85, -0.8000, -7.824
19.86, -0.8000, -7.527
19.87, -0.8000, -7.263
19.88, -0.8000, -7.805
19.89, -0.8000, -6.979
19.90, -0.8000, -6.257
19.91, -0.8000, -8.184
19.92, -0.8000, -5.108
19.93, -0.8000, -6.979
19.94, -0.8000, -6.519
19.95, -0.8000, -5.862
19.96, -0.8000, -6.137
19.97, -0.8000, -5.305
19.98, -0.8000, -6.934
19.99, -0.8000, -6.917
20.00, -0.8000, -7.409
20.01, -0.8000, -7.434
20.02, -0.8000, -7.141
20.03, -0.8000, -7.175
20.04, -0.8000, -6.943
20.05, -0.8000, -6.100
20.06, -0.8000, -6.667
20.07, -0.8000, -6.855
20.08, -0.8000, -6.617
20.09, -0.8000, -6.958
20.10, -0.8000, -6.781
20.11, -0.8000, -7.258
20.12, -0.8000, -7.925
20.13, -0.8000, -9.796
20.14, -0.8000, -7.193
20.15, -0.8000, -7.231
20.16, -0.8000, -6.959
20.17, -0.8000, -7.103
20.18, -0.8000, -7.824
20.19, -0.8000, -5.136
20.20, -0.8000, -9.295
20.21, -0.8000, -5.130
20.22, -0.8000, -3.896
20.23, -0.8000, -9.504
20.24, -0.8000, -8.267
20.25, -0.8000, -7.215
20.26, -0.8000, -7.918
20.27, -0.8000, -7.493
20.28, -0.8000, -7.324
20.29, -0.8000, -7.661
20.30, -0.8000, -5.927
20.31, -0.8000, -4.177
20.32, -0.8000, -7.617
20.33, -0.8000, -7.573
20.34, -0.8000, -6.982
20.35, -0.8000, -7.183
20.36, -0.8000, -7.129
20.37, -0.8000, -7.117
20.38, -0.8000, -7.034
20.39, -0.8000, -6.739
20.40, -0.8000, -7.193
20.41, -0.8000, -7.983
20.42, -0.8000, -8.730
20.43, -0.8000, -7.147
20.44, -0.8000, -7.633
20.45, -0.8000, -11.93
20.46, -0.8000, -13.90
20.47, -0.8000, -4.290
20.48, -0.8000, -4.763
20.49, -0.8000, -9.817
20.50, -0.8000, -11.83
20.51, -0.8000, -7.696
20.52, -0.8000, -6.407
20.53, -0.8000, -12.14
20.54, -0.8000, -6.893
20.55, -0.8000, -7.031
20.56, -0.8000, -7.580
20.57, -0.8000, -4.978
20.58, -0.8000, -6.915
20.59, -0.8000, -6.838
20.60, -0.8000, -5.467
20.61, -0.8000, -6.793
20.62, -0.8000, -7.297
20.63, -0.8000, -6.462
20.64, -0.8000, -6.956
20.65, -0.8000, -7.347
20.66, -0.8000, -6.579
20.67, -0.8000, -7.322
20.68, -0.8000, -7.111
20.69, -0.8000, -7.189
20.70, -0.8000, -7.188
20.71, -0.8000, -7.292
20.72, -0.8000, -10.71
20.73, -0.8000, -5.823
20.74, -0.8000, -6.091
20.75, -0.8000, -6.587
20.76, -0.8000, -5.143
20.77, -0.8000, -8.006
20.78, -0.8000, -6.646
20.79, -0.8000, -11.44
20.80, -0.8000, -5.025
20.81, -0.8000, -6.330
20.82, -0.8000, -7.212
20.83, -0.8000, -5.747
20.84, -0.8000, -6.204
20.85, -0.8000, -6.860
20.86, -0.8000, -7.305
20.87, -0.8000, -5.276
20.88, -0.8000, -6.006
20.89, -0.8000, -7.088
20.90, -0.8000, -7.943
20.91, -0.8000, -7.346
20.92, -0.8000, -7.527
20.93, -0.8000, -6.597
20.94, -0.8000, -4.631
20.95, -0.8000, -7.714
20.96, -0.8000, -6.871
20.97, -0.8000, -7.192
20.98, -0.8000, -6.801
20.99, -0.8000, -6.872
21.00, -0.8000, -4.460
21.01, -0.8000, -5.076
21.02, -0.8000, -7.363
21.03, -0.8000, -7.275
21.04, -0.8000, -6.670
21.05, -0.8000, -7.722
21.06, -0.8000, -7.202
21.07, -0.8000, -7.059
21.08, -0.8000, -7.595
21.09, -0.8000, -3.814
21.10, -0.8000, -7.159
21.11, -0.8000, -6.362
21.12, -0.8000, -7.012
21.13, -0.8000, -8.009
21.14, -0.8000, -4.924
21.15, -0.8000, -5.421
21.16, -0.8000, -7.737
21.17, -0.8000, -4.763
21.18, -0.8000, -10.75
21.19, -0.8000, -7.264
21.20, -0.8000, -7.165
21.21, -0.8000, -7.584
21.22, -0.8000, -7.116
21.23, -0.8000, -7.636
21.24, -0.8000, -11.27
21.25, -0.8000, -6.354
21.26, -0.8000, -5.802
21.27, -0.8000, -5.896
21.28, -0.8000, -7.250
21.29, -0.8000, -6.517
21.30, -0.8000, -6.679
21.31, -0.8000, -7.065
21.32, -0.8000, -7.501
21.33, -0.8000, -7.392
21.34, -0.8000, -7.265
21.35, -0.8000, -7.872
21.36, -0.8000, -5.620
21.37, -0.8000, -6.514
21.38, -0.8000, -10.38
21.39, -0.8000, -12.07
21.40, -0.8000, -8.679
21.41, -0.8000, -7.201
21.42, -0.8000, -6.502
21.43, -0.8000, -7.848
21.44, -0.8000, -9.764
21.45, -0.8000, -6.449
21.46, -0.8000, -5.809
21.47, -0.8000, -4.126
21.48, -0.8000, -7.348
21.49, -0.8000, -6.541
21.50, -0.8000, -6.215
21.51, -0.8000, -7.489
21.52, -0.8000, -4.848
21.53, -0.8000, -6.336
21.54, -0.8000, -6.971
21.55, -0.8000, -7.626
21.56, -0.8000, -7.151
21.57, -0.8000, -7.179
21.58, -0.8000, -7.489
21.59, -0.8000, -3.353
21.60, -0.8000, -7.059
21.61, -0.8000, -6.735
21.62, -0.8000, -6.672
21.63, -0.8000, -6.169
21.64, -0.8000, -7.562
21.65, -0.8000, -8.404
21.66, -0.8000, -10.87
21.67, -0.8000, -8.352
21.68, -0.8000, -7.260
21.69, -0.8000, -7.408
21.70, -0.8000, -6.534
21.71, -0.8000, -6.923
21.72, -0.8000, -6.900
21.73, -0.8000, -6.991
21.74, -0.8000, -6.802
21.75, -0.8000, -6.490
21.76, -0.8000, -7.316
21.77, -0.8000, -7.416
21.78, -0.8000, -7.514
21.79, -0.8000, -7.283
21.80, -0.8000, -7.140
21.81, -0.8000, -7.411
21.82, -0.8000, -8.566
21.83, -0.8000, -11.18
21.84, -0.8000, -3.695
21.85, -0.8000, -4.691
21.86, -0.8000, -8.105
21.87, -0.8000, -8.199
21.88, -0.8000, -5.480
21.89, -0.8000, -3.958
21.90, -0.8000, -7.222
21.91, -0.8000, -6.702
21.92, -0.8000, -6.334
21.93, -0.8000, -7.164
21.94, -0.8000, -7.683
21.95, -0.8000, -2.539
21.96, -0.8000, -8.159
21.97, -0.8000, -4.595
21.98, -0.8000, -8.324
21.99, -0.8000, -6.057
22.00, -0.8000, -7.811
22.01, -0.8000, -5.947
22.02, -0.8000, -7.290
22.03, -0.8000, -6.610
22.04, -0.8000, -6.722
22.05, -0.8000, -6.472
22.06, -0.8000, -7.023
22.07, -0.8000, -7.138
22.08, -0.8000, -7.317
22.09, -0.8000, -8.837
22.10, -0.8000, -5.128
22.11, -0.8000, -2.518
22.12, -0.8000, -4.317
22.13, -0.8000, -6.805
22.14, -0.8000, -4.268
22.15, -0.8000, -5.260
22.16, -0.8000, -11.71
22.17, -0.8000, -3.086
22.18, -0.8000, -11.06
22.19, -0.8000, -7.305
22.20, -0.8000, -7.603
22.21, -0.8000, -7.759
22.22, -0.8000, -7.374
22.23, -0.8000, -7.107
22.24, -0.8000, -7.364
22.25, -0.8000, -6.938
22.26, -0.8000, -6.777
22.27, -0.8000, -7.077
22.28, -0.8000, -6.883
22.29, -0.8000, -6.537
22.30, -0.8000, -7.308
22.31, -0.8000, -7.135
22.32, -0.8000, -7.725
22.33, -0.8000, -6.392
22.34, -0.8000, -7.067
22.35, -0.8000, -6.357
22.36, -0.8000, -7.004
22.37, -0.8000, -6.645
22.38, -0.8000, -6.927
22.39, -0.8000, -9.873
22.40, -0.8000, -6.773
22.41, -0.8000, -8.351
22.42, -0.8000, -6.600
22.43, -0.8000, -9.433
22.44, -0.8000, -6.845
22.45, -0.8000, -6.522
22.46, -0.8000, -6.440
22.47, -0.8000, -7.196
22.48, -0.8000, -7.638
22.49, -0.8000, -10.59
22.50, -0.8000, -3.730
22.51, -0.8000, -5.224
22.52, -0.8000, -5.445
22.53, -0.8000, -12.69
22.54, -0.8000, -7.460
22.55, -0.8000, -7.263
22.56, -0.8000, -7.942
22.57, -0.8000, -13.28
22.58, -0.8000, -9.947
22.59, -0.8000, -7.846
22.60, -0.8000, -12.51
22.61, -0.8000, -5.513
22.62, -0.8000, -6.791
22.63, -0.8000, -4.905
22.64, -0.8000, -7.756
22.65, -0.8000, -5.888
22.66, -0.8000, -7.702
22.67, -0.8000, -5.849
22.68, -0.8000, -7.233
22.69, -0.8000, -7.267
22.70, -0.8000, -7.338
22.71, -0.8000, -7.302
22.72, -0.8000, -7.713
22.73, -0.8000, -8.690
22.74, -0.8000, -7.134
22.75, -0.8000, -7.393
22.76, -0.8000, -7.430
22.77, -0.8000, -7.219
22.78, -0.8000, -6.636
22.79, -0.8000, -8.158
22.80, -0.8000, -4.192
22.81, -0.8000, -5.272
22.82, -0.8000, -4.927
22.83, -0.8000, -4.240
22.84, -0.8000, -6.352
22.85, -0.8000, -6.210
22.86, -0.8000, -6.508
22.87, -0.8000, -7.423
22.88, -0.8000, -11.58
22.89, -0.8000, -4.566
22.90, -0.8000, -6.809
22.91, -0.8000, -6.503
22.92, -0.8000, -7.285
22.93, -0.8000, -6.883
22.94, -0.8000, -3.610
22.95, -0.8000, -7.444
22.96, -0.8000, -7.010
22.97, -0.8000, -6.990
22.98, -0.8000, -6.694
22.99, -0.8000, -6.445
23.00, -0.8000, -6.716
23.01, -0.8000, -7.307
23.02, -0.8000, -7.678
23.03, -0.8000, -7.527
23.04, -0.8000, -9.039
23.05, -0.8000, -3.253
23.06, -0.8000, -11.37
23.07, -0.8000, -4.264
23.08, -0.8000, -6.319
23.09, -0.8000, -6.828
23.10, -0.8000, -11.38
23.11, -0.8000, -7.405
23.12, -0.8000, -6.628
23.13, -0.8000, -7.307
23.14, -0.8000, -7.873
23.15, -0.8000, -6.504
23.16, -0.8000, -7.077
23.17, -0.8000, -4.447
23.18, -0.8000, -5.966
23.19, -0.8000, -6.267
23.20, -0.8000, -5.152
23.21, -0.8000, -5.963
23.22, -0.8000, -7.714
23.23, -0.8000, -6.865
23.24, -0.8000, -7.649
23.25, -0.8000, -5.764
23.26, -0.8000, -5.626
23.27, -0.8000, -7.051
23.28, -0.8000, -6.656
23.29, -0.8000, -7.873
23.30, -0.8000, -9.551
23.31, -0.8000, -6.403
23.32, -0.8000, -7.139
23.33, -0.8000, -6.859
23.34, -0.8000, -7.310
23.35, -0.8000, -7.598
23.36, -0.8000, -4.403
23.37, -0.8000, -6.378
23.38, -0.8000, -5.507
23.39, -0.8000, -6.729
23.40, -0.8000, -6.508
23.41, -0.8000, -7.425
23.42, -0.8000, -8.034
23.43, -0.8000, -11.05
23.44, -0.8000, -5.140
23.45, -0.8000, -7.316
23.46, -0.8000, -5.362
23.47, -0.8000, -5.693
23.48, -0.8000, -6.345
23.49, -0.8000, -6.716
23.50, -0.8000, -7.654
23.51, -0.8000, -7.485
23.52, -0.8000, -7.840
23.53, -0.8000, -5.249
23.54, -0.8000, -6.242
23.55, -0.8000, -3.241
23.56, -0.8000, -5.853
23.57, -0.8000, -7.034
23.58, -0.8000, -6.412
23.59, -0.8000, -6.665
23.60, -0.8000, -7.106
23.61, -0.8000, -7.326
23.62, -0.8000, -8.877
23.63, -0.8000, -8.151
23.64, -0.8000, -7.483
23.65, -0.8000, -5.529
23.66, -0.8000, -6.324
23.67, -0.8000, -5.665
23.68, -0.8000, -6.556
23.69, -0.8000, -6.050
23.70, -0.8000, -7.571
23.71, -0.8000, -7.702
23.72, -0.8000, -8.328
23.73, -0.8000, -5.488
23.74, -0.8000, -7.710
23.75, -0.8000, -7.034
23.76, -0.8000, -7.509
23.77, -0.8000, -3.222
23.78, -0.8000, -4.227
23.79, -0.8000, -6.648
23.80, -0.8000, -6.275
23.81, -0.8000, -7.121
23.82, -0.8000, -7.589
23.83, -0.8000, -6.511
23.84, -0.8000, -6.883
23.85, -0.8000, -6.483
23.86, -0.8000, -7.406
23.87, -0.8000, -7.067
23.88, -0.8000, -6.461
23.89, -0.8000, -6.291
23.90, -0.8000, -5.095
23.91, -0.8000, -4.728
23.92, -0.8000, -7.053
23.93, -0.8000, -6.738
23.94, -0.8000, -7.147
23.95, -0.8000, -6.689
23.96, -0.8000, -4.314
23.97, -0.8000, -8.098
23.98, -0.8000, -2.456
23.99, -0.8000, -6.278
24.00, -0.8000, -6.233
24.01, -0.8000, -7.523
24.02, -0.8000, -5.225
24.03, -0.8000, -5.159
24.04, -0.8000, -8.569
24.05, -0.8000, -7.382
24.06, -0.8000, -7.064
24.07, -0.8000, -5.738
24.08, -0.8000, -4.803
24.09, -0.8000, -6.753
24.10, -0.8000, -6.458
24.11, -0.8000, -6.737
24.12, -0.8000, -4.898
24.13, -0.8000, -8.033
24.14, -0.8000, -6.713
24.15, -0.8000, -7.012
24.16, -0.8000, -5.006
24.17, -0.8000, -2.531
24.18, -0.8000, -8.720
24.19, -0.8000, -8.855
24.20, -0.8000, -8.364
24.21, -0.8000, -7.285
24.22, -0.8000, -7.587
24.23, -0.8000, -12.41
24.24, -0.8000, -12.61
24.25, -0.8000, -5.419
24.26, -0.8000, -6.273
24.27, -0.8000, -7.196
24.28, -0.8000, -7.770
24.29, -0.8000, -6.598
24.30, -0.8000, -8.160
24.31, -0.8000, -10.06
24.32, -0.8000, -4.851
24.33, -0.8000, -3.459
24.34, -0.8000, -9.892
24.35, -0.8000, -6.927
24.36, -0.8000, -6.316
24.37, -0.8000, -6.467
24.38, -0.8000, -7.102
24.39, -0.8000, -6.421
24.40, -0.8000, -6.585
24.41, -0.8000, -6.652
24.42, -0.8000, -6.956
24.43, -0.8000, -6.362
24.44, -0.8000, -9.529
24.45, -0.8000, -8.073
24.46, -0.8000, -7.208
24.47, -0.8000, -5.933
24.48, -0.8000, -7.289
24.49, -0.8000, -7.408
24.50, -0.8000, -6.426
24.51, -0.8000, -5.032
24.52, -0.8000, -8.517
24.53, -0.8000, -9.099
24.54, -0.8000, -7.555
24.55, -0.8000, -5.909
24.56, -0.8000, -8.425
24.57, -0.8000, -9.031
24.58, -0.8000, -6.990
24.59, -0.8000, -6.678
24.60, -0.8000, -5.567
24.61, -0.8000, -9.511
24.62, -0.8000, -7.386
24.63, -0.8000, -6.815
24.64, -0.8000, -7.493
24.65, -0.8000, -6.610
24.66, -0.8000, -7.174
24.67, -0.8000, -12.00
24.68, -0.8000, -6.968
24.69, -0.8000, -6.689
24.70, -0.8000, -7.377
24.71, -0.8000, -6.974
24.72, -0.8000, -4.405
24.73, -0.8000, -7.866
24.74, -0.8000, -6.890
24.75, -0.8000, -6.962
24.76, -0.8000, -5.742
24.77, -0.8000, -7.618
24.78, -0.8000, -7.065
24.79, -0.8000, -6.833
24.80, -0.8000, -7.017
24.81, -0.8000, -7.007
24.82, -0.8000, -7.156
24.83, -0.8000, -6.424
24.84, -0.8000, -6.884
24.85, -0.8000, -6.934
24.86, -0.8000, -7.866
24.87, -0.8000, -7.817
24.88, -0.8000, -5.631
24.89, -0.8000, -3.876
24.90, -0.8000, -3.941
24.91, -0.8000, -9.339
24.92, -0.8000, -4.186
24.93, -0.8000, -3.900
24.94, -0.8000, -5.056
24.95, -0.8000, -6.270
24.96, -0.8000, -7.240
24.97, -0.8000, -9.801
24.98, -0.8000, -4.488
24.99, -0.8000, -6.768
25.00, -0.8000, -7.053
25.01, -0.8000, -7.561
25.02, -0.8000, -10.15
25.03, -0.8000, -11.18
25.04, -0.8000, -7.237
25.05, -0.8000, -6.687
25.06, -0.8000, -7.687
25.07, -0.8000, -3.802
25.08, -0.8000, -7.449
25.09, -0.8000, -6.424
25.10, -0.8000, -5.641
25.11, -0.8000, -7.224
25.12, -0.8000, -7.390
25.13, -0.8000, -7.511
25.14, -0.8000, -7.361
25.15, -0.8000, -6.379
25.16, -0.8000, -8.183
25.17, -0.8000, -5.949
25.18, -0.8000, -2.706
25.19, -0.8000, -7.995
25.20, -0.8000, -7.265
25.21, -0.8000, -7.049
25.22, -0.8000, -7.092
25.23, -0.8000, -7.563
25.24, -0.8000, -6.929
25.25, -0.8000, -6.492
25.26, -0.8000, -7.338
25.27, -0.8000, -6.707
25.28, -0.8000, -6.983
25.29, -0.8000, -6.629
25.30, -0.8000, -6.948
25.31, -0.8000, -6.869
25.32, -0.8000, -6.425
25.33, -0.8000, -7.087
25.34, -0.8000, -5.930
25.35, -0.8000, -5.280
25.36, -0.8000, -3.782
25.37, -0.8000, -5.804
25.38, -0.8000, -3.889
25.39, -0.8000, -3.501
25.40, -0.8000, -11.00
25.41, -0.8000, -8.353
25.42, -0.8000, -7.135
25.43, -0.8000, -6.753
25.44, -0.8000, -6.554
25.45, -0.8000, -6.931
25.46, -0.8000, -4.630
25.47, -0.8000, -7.175
25.48, -0.8000, -7.676
25.49, -0.8000, -7.273
25.50, -0.8000, -5.489
25.51, -0.8000, -4.982
25.52, -0.8000, -7.650
25.53, -0.8000, -7.364
25.54, -0.8000, -8.172
25.55, -0.8000, -6.426
25.56, -0.8000, -7.115
25.57, -0.8000, -5.063
25.58, -0.8000, -8.042
25.59, -0.8000, -6.278
25.60, -0.8000, -7.345
25.61, -0.8000, -7.029
25.62, -0.8000, -8.878
25.63, -0.8000, -5.919
25.64, -0.8000, -8.675
25.65, -0.8000, -6.674
25.66, -0.8000, -9.382
25.67, -0.8000, -7.359
25.68, -0.8000, -6.876
25.69, -0.8000, -7.722
25.70, -0.8000, -7.237
25.71, -0.8000, -7.532
25.72, -0.8000, -7.267
25.73, -0.8000, -6.520
25.74, -0.8000, -7.210
25.75, -0.8000, -6.261
25.76, -0.8000, -6.929
25.77, -0.8000, -7.485
25.78, -0.8000, -6.153
25.79, -0.8000, -7.091
25.80, -0.8000, -6.874
25.81, -0.8000, -6.360
25.82, -0.8000, -7.777
25.83, -0.8000, -6.931
25.84, -0.8000, -7.334
25.85, -0.8000, -7.183
25.86, -0.8000, -5.881
25.87, -0.8000, -5.070
25.88, -0.8000, -7.537
25.89, -0.8000, -7.034
25.90, -0.8000, -6.014
25.91, -0.8000, -7.881
25.92, -0.8000, -6.337
25.93, -0.8000, -7.550
25.94, -0.8000, -8.765
25.95, -0.8000, -7.576
25.96, -0.8000, -7.446
25.97, -0.8000, -6.408
25.98, -0.8000, -4.768
25.99, -0.8000, -6.113
26.00, -0.8000, -10.62
26.01, -0.8000, -8.087
26.02, -0.8000, -2.200
26.03, -0.8000, -9.765
26.04, -0.8000, -7.473
26.05, -0.8000, -7.856
26.06, -0.8000, -6.859
26.07, -0.8000, -6.329
26.08, -0.8000, -6.307
26.09, -0.8000, -7.058
26.10, -0.8000, -6.176
26.11, -0.8000, -6.947
26.12, -0.8000, -7.525
26.13, -0.8000, -7.500
26.14, -0.8000, -6.438
26.15, -0.8000, -6.199
26.16, -0.8000, -6.751
26.17, -0.8000, -6.321
26.18, -0.8000, -3.208
26.19, -0.8000, -4.011
26.20, -0.8000, -5.777
26.21, -0.8000, -6.346
26.22, -0.8000, -6.326
26.23, -0.8000, -6.048
26.24, -0.8000, -6.354
26.25, -0.8000, -6.769
26.26, -0.8000, -7.266
26.27, -0.8000, -7.858
26.28, -0.8000, -7.168
26.29, -0.8000, -6.265
26.30, -0.8000, -6.723
26.31, -0.8000, -7.340
26.32, -0.8000, -4.049
26.33, -0.8000, -5.508
26.34, -0.8000, -4.524
26.35, -0.8000, -7.018
26.36, -0.8000, -12.33
26.37, -0.8000, -7.226
26.38, -0.8000, -11.63
26.39, -0.8000, -7.305
26.40, -0.8000, -8.709
26.41, -0.8000, -13.00
26.42, -0.8000, -7.646
26.43, -0.8000, -12.06
26.44, -0.8000, -7.855
26.45, -0.8000, -7.453
26.46, -0.8000, -6.021
26.47, -0.8000, -3.754
26.48, -0.8000, -6.769
26.49, -0.8000, -6.069
26.50, -0.8000, -4.868
26.51, -0.8000, -6.915
26.52, -0.8000, -6.792
26.53, -0.8000, -5.339
26.54, -0.8000, -6.735
26.55, -0.8000, -6.662
26.56, -0.8000, -7.345
26.57, -0.8000, -6.444
26.58, -0.8000, -7.359
26.59, -0.8000, -2.841
26.60, -0.8000, -4.734
26.61, -0.8000, -5.988
26.62, -0.8000, -7.000
26.63, -0.8000, -6.191
26.64, -0.8000, -6.940
26.65, -0.8000, -7.193
26.66, -0.8000, -7.031
26.67, -0.8000, -11.37
26.68, -0.8000, -4.086
26.69, -0.8000, -9.051
26.70, -0.8000, -5.000
26.71, -0.8000, -7.191
26.72, -0.8000, -7.030
26.73, -0.8000, -5.972
26.74, -0.8000, -5.850
26.75, -0.8000, -7.287
26.76, -0.8000, -8.383
26.77, -0.8000, -5.195
26.78, -0.8000, -6.740
26.79, -0.8000, -7.641
26.80, -0.8000, -6.635
26.81, -0.8000, -6.675
26.82, -0.8000, -7.568
26.83, -0.8000, -6.624
26.84, -0.8000, -6.463
26.85, -0.8000, -7.632
26.86, -0.8000, -9.896
26.87, -0.8000, -7.420
26.88, -0.8000, -5.260
26.89, -0.8000, -5.775
26.90, -0.8000, -6.684
26.91, -0.8000, -8.060
26.92, -0.8000, -3.663
26.93, -0.8000, -5.512
26.94, -0.8000, -8.016
26.95, -0.8000, -6.613
26.96, -0.8000, -6.099
26.97, -0.8000, -5.310
26.98, -0.8000, -7.607
26.99, -0.8000, -7.258
27.00, -0.8000, -6.484
27.01, -0.8000, -6.590
27.02, -0.8000, -6.552
27.03, -0.8000, -10.37
27.04, -0.8000, -8.768
27.05, -0.8000, -8.947
27.06, -0.8000, -4.087
27.07, -0.8000, -7.356
27.08, -0.8000, -6.512
27.09, -0.8000, -5.661
27.10, -0.8000, -7.225
27.11, -0.8000, -6.230
27.12, -0.8000, -4.659
27.13, -0.8000, -6.395
27.14, -0.8000, -6.643
27.15, -0.8000, -8.022
27.16, -0.8000, -5.900
27.17, -0.8000, -6.288
27.18, -0.8000, -5.881
27.19, -0.8000, -6.269
27.20, -0.8000, -6.254
27.21, -0.8000, -7.089
27.22, -0.8000, -6.858
27.23, -0.8000, -8.950
27.24, -0.8000, -7.833
27.25, -0.8000, -5.986
27.26, -0.8000, -5.212
27.27, -0.8000, -6.765
27.28, -0.8000, -6.637
27.29, -0.8000, -6.632
27.30, -0.8000, -6.883
27.31, -0.8000, -7.129
27.32, -0.8000, -10.06
27.33, -0.8000, -6.501
27.34, -0.8000, -6.051
27.35, -0.8000, -6.734
27.36, -0.8000, -6.230
27.37, -0.8000, -6.988
27.38, -0.8000, -7.197
27.39, -0.8000, -4.414
27.40, -0.8000, -5.611
27.41, -0.8000, -5.737
27.42, -0.8000, -6.673
27.43, -0.8000, -6.958
27.44, -0.8000, -7.390
27.45, -0.8000, -11.82
27.46, -0.8000, -3.325
27.47, -0.8000, -5.257
27.48, -0.8000, -6.109
27.49, -0.8000, -5.352
27.50, -0.8000, -7.339
27.51, -0.8000, -6.329
27.52, -0.8000, -6.926
27.53, -0.8000, -6.586
27.54, -0.8000, -7.424
27.55, -0.8000, -7.469
27.56, -0.8000, -10.37
27.57, -0.8000, -7.072
27.58, -0.8000, -5.265
27.59, -0.8000, -6.901
27.60, -0.8000, -6.422
27.61, -0.8000, -7.454
27.62, -0.8000, -6.134
27.63, -0.8000, -6.859
27.64, -0.8000, -6.734
27.65, -0.8000, -5.697
27.66, -0.8000, -5.732
27.67, -0.8000, -5.409
27.68, -0.8000, -7.352
27.69, -0.8000, -6.625
27.70, -0.8000, -7.103
27.71, -0.8000, -6.760
27.72, -0.8000, -7.720
27.73, -0.8000, -7.620
27.74, -0.8000, -8.820
27.75, -0.8000, -3.847
27.76, -0.8000, -6.992
27.77, -0.8000, -6.361
27.78, -0.8000, -7.426
27.79, -0.8000, -6.494
27.80, -0.8000, -6.119
27.81, -0.8000, -7.321
27.82, -0.8000, -7.664
27.83, -0.8000, -5.921
27.84, -0.8000, -6.290
27.85, -0.8000, -6.715
27.86, -0.8000, -7.184
27.87, -0.8000, -7.053
27.88, -0.8000, -6.569
27.89, -0.8000, -6.420
27.90, -0.8000, -6.085
27.91, -0.8000, -6.380
27.92, -0.8000, -8.910
27.93, -0.8000, -7.036
27.94, -0.8000, -7.225
27.95, -0.8000, -7.275
27.96, -0.8000, -7.465
27.97, -0.8000, -6.501
27.98, -0.8000, -5.251
27.99, -0.8000, -6.043
28.00, -0.8000, -5.243
28.01, -0.8000, -5.338
28.02, -0.8000, -7.828
28.03, -0.8000, -4.483
28.04, -0.8000, -6.908
28.05, -0.8000, -6.788
28.06, -0.8000, -6.644
28.07, -0.8000, -3.943
28.08, -0.8000, -7.263
28.09, -0.8000, -6.733
28.10, -0.8000, -6.891
28.11, -0.8000, -7.502
28.12, -0.8000, -5.127
28.13, -0.8000, -10.46
28.14, -0.8000, -7.133
28.15, -0.8000, -6.611
28.16, -0.8000, -6.038
28.17, -0.8000, -4.369
28.18, -0.8000, -8.812
28.19, -0.8000, -3.674
28.20, -0.8000, -2.893
28.21, -0.8000, -7.973
28.22, -0.8000, -8.564
28.23, -0.8000, -4.562
28.24, -0.8000, -7.361
28.25, -0.8000, -6.158
28.26, -0.8000, -6.287
28.27, -0.8000, -9.002
28.28, -0.8000, -7.233
28.29, -0.8000, -6.913
28.30, -0.8000, -6.685
28.31, -0.8000, -5.823
28.32, -0.8000, -6.415
28.33, -0.8000, -6.449
28.34, -0.8000, -6.567
28.35, -0.8000, -7.108
28.36, -0.8000, -6.106
28.37, -0.8000, -11.39
28.38, -0.8000, -7.139
28.39, -0.8000, -7.009
28.40, -0.8000, -7.437
28.41, -0.8000, -5.307
28.42, -0.8000, -5.669
28.43, -0.8000, -5.410
28.44, -0.8000, -9.402
28.45, -0.8000, -5.550
28.46, -0.8000, -6.428
28.47, -0.8000, -6.948
28.48, -0.8000, -5.572
28.49, -0.8000, -5.716
28.50, -0.8000, -7.053
28.51, -0.8000, -7.605
28.52, -0.8000, -5.856
28.53, -0.8000, -6.989
28.54, -0.8000, -6.479
28.55, -0.8000, -6.507
28.56, -0.8000, -6.390
28.57, -0.8000, -6.556
28.58, -0.8000, -7.267
28.59, -0.8000, -6.666
28.60, -0.8000, -7.013
28.61, -0.8000, -6.862
28.62, -0.8000, -6.756
28.63, -0.8000, -6.305
28.64, -0.8000, -6.706
28.65, -0.8000, -6.530
28.66, -0.8000, -6.899
28.67, -0.8000, -6.778
28.68, -0.8000, -6.362
28.69, -0.8000, -6.175
28.70, -0.8000, -6.499
28.71, -0.8000, -4.855
28.72, -0.8000, -6.144
28.73, -0.8000, -6.340
28.74, -0.8000, -11.00
28.75, -0.8000, -6.551
28.76, -0.8000, -6.291
28.77, -0.8000, -6.130
28.78, -0.8000, -6.268
28.79, -0.8000, -6.843
28.80, -0.8000, -6.638
28.81, -0.8000, -7.202
28.82, -0.8000, -4.253
28.83, -0.8000, -3.007
28.84, -0.8000, -10.37
28.85, -0.8000, -6.652
28.86, -0.8000, -7.174
28.87, -0.8000, -7.644
28.88, -0.8000, -4.088
28.89, -0.8000, -3.040
28.90, -0.8000, -4.223
28.91, -0.8000, -9.280
28.92, -0.8000, -6.855
28.93, -0.8000, -7.006
28.94, -0.8000, -6.692
28.95, -0.8000, -6.922
28.96, -0.8000, -7.046
28.97, -0.8000, -7.129
28.98, -0.8000, -7.175
28.99, -0.8000, -7.131
29.00, -0.8000, -7.065
29.01, -0.8000, -6.101
29.02, -0.8000, -7.157
29.03, -0.8000, -5.519
29.04, -0.8000, -6.262
29.05, -0.8000, -7.002
29.06, -0.8000, -6.435
29.07, -0.8000, -7.518
29.08, -0.8000, -10.51
29.09, -0.8000, -7.172
29.10, -0.8000, -7.094
29.11, -0.8000, -6.841
29.12, -0.8000, -6.996
29.13, -0.8000, -7.464
29.14, -0.8000, -3.765
29.15, -0.8000, -4.181
29.16, -0.8000, -3.678
29.17, -0.8000, -8.514
29.18, -0.8000, -7.064
29.19, -0.8000, -6.595
29.20, -0.8000, -6.807
29.21, -0.8000, -6.317
29.22, -0.8000, -8.658
29.23, -0.8000, -6.279
29.24, -0.8000, -6.312
29.25, -0.8000, -7.204
29.26, -0.8000, -6.598
29.27, -0.8000, -5.469
29.28, -0.8000, -3.102
29.29, -0.8000, -2.814
29.30, -0.8000, -4.167
29.31, -0.8000, -5.388
29.32, -0.8000, -7.061
29.33, -0.8000, -7.109
29.34, -0.8000, -6.299
29.35, -0.8000, -5.209
29.36, -0.8000, -7.122
29.37, -0.8000, -7.135
29.38, -0.8000, -11.08
29.39, -0.8000, -5.098
29.40, -0.8000, -3.482
29.41, -0.8000, -7.586
29.42, -0.8000, -6.968
29.43, -0.8000, -6.926
29.44, -0.8000, -6.668
29.45, -0.8000, -7.119
29.46, -0.8000, -4.481
29.47, -0.8000, -4.341
29.48, -0.8000, -7.025
29.49, -0.8000, -11.31
29.50, -0.8000, -7.281
29.51, -0.8000, -6.876
29.52, -0.8000, -5.963
29.53, -0.8000, -7.262
29.54, -0.8000, -6.035
29.55, -0.8000, -6.077
29.56, -0.8000, -7.841
29.57, -0.8000, -3.374
29.58, -0.8000, -7.589
29.59, -0.8000, -7.681
29.60, -0.8000, -4.554
29.61, -0.8000, -5.358
29.62, -0.8000, -10.76
29.63, -0.8000, -6.987
29.64, -0.8000, -6.777
29.65, -0.8000, -6.640
29.66, -0.8000, -6.450
29.67, -0.8000, -6.655
29.68, -0.8000, -10.78
29.69, -0.8000, -5.616
29.70, -0.8000, -10.49
29.71, -0.8000, -3.593
29.72, -0.8000, -8.786
29.73, -0.8000, -7.138
29.74, -0.8000, -5.220
29.75, -0.8000, -8.198
29.76, -0.8000, -9.894
29.77, -0.8000, -4.565
29.78, -0.8000, -7.716
29.79, -0.8000, -6.427
29.80, -0.8000, -3.164
29.81, -0.8000, -11.24
29.82, -0.8000, -7.161
29.83, -0.8000, -6.858
29.84, -0.8000, -6.517
29.85, -0.8000, -6.511
29.86, -0.8000, -6.328
29.87, -0.8000, -7.255
29.88, -0.8000, -6.706
29.89, -0.8000, -5.462
29.90, -0.8000, -9.296
29.91, -0.8000, -3.351
29.92, -0.8000, -7.243
29.93, -0.8000, -7.413
29.94, -0.8000, -7.727
29.95, -0.8000, -4.098
29.96, -0.8000, -4.277
29.97, -0.8000, -7.297
29.98, -0.8000, -10.73
29.99, -0.8000, -8.706
30.00, -0.8000, -6.961
30.01, -0.8000, -6.407
30.02, -0.8000, -6.120
30.03, -0.8000, -8.580
30.04, -0.8000, -9.907
30.05, -0.8000, -6.674
30.06, -0.8000, -6.242
30.07, -0.8000, -4.613
30.08, -0.8000, -7.898
30.09, -0.8000, -6.732
30.10, -0.8000, -6.742
30.11, -0.8000, -5.821
30.12, -0.8000, -8.648
30.13, -0.8000, -8.700
30.14, -0.8000, -7.122
30.15, -0.8000, -8.777
30.16, -0.8000, -8.702
30.17, -0.8000, -8.518
30.18, -0.8000, -5.824
30.19, -0.8000, -8.865
30.20, -0.8000, -7.613
30.21, -0.8000, -6.116
30.22, -0.8000, -6.578
30.23, -0.8000, -6.445
30.24, -0.8000, -6.223
30.25, -0.8000, -5.206
30.26, -0.8000, -11.12
30.27, -0.8000, -6.766
30.28, -0.8000, -6.650
30.29, -0.8000, -6.955
30.30, -0.8000, -7.016
30.31, -0.8000, -4.892
30.32, -0.8000, -6.399
30.33, -0.8000, -6.663
30.34, -0.8000, -4.187
30.35, -0.8000, -4.097
30.36, -0.8000, -11.26
30.37, -0.8000, -7.744
30.38, -0.8000, -6.118
30.39, -0.8000, -4.533
30.40, -0.8000, -7.598
30.41, -0.8000, -6.632
30.42, -0.8000, -6.850
30.43, -0.8000, -6.040
30.44, -0.8000, -6.573
30.45, -0.8000, -7.097
30.46, -0.8000, -7.608
30.47, -0.8000, -7.023
30.48, -0.8000, -6.747
30.49, -0.8000, -7.841
30.50, -0.8000, -8.586
30.51, -0.8000, -7.306
30.52, -0.8000, -7.167
30.53, -0.8000, -6.824
30.54, -0.8000, -7.101
30.55, -0.8000, -5.913
30.56, -0.8000, -7.817
30.57, -0.8000, -7.189
30.58, -0.8000, -7.202
30.59, -0.8000, -7.121
30.60, -0.8000, -7.075
30.61, -0.8000, -4.771
30.62, -0.8000, -6.255
30.63, -0.8000, -6.692
30.64, -0.8000, -5.233
30.65, -0.8000, -7.057
30.66, -0.8000, -6.060
30.67, -0.8000, -7.100
30.68, -0.8000, -5.468
30.69, -0.8000, -6.083
30.70, -0.8000, -6.282
30.71, -0.8000, -5.401
30.72, -0.8000, -10.82
30.73, -0.8000, -6.928
30.74, -0.8000, -6.719
30.75, -0.8000, -6.856
30.76, -0.8000, -6.966
30.77, -0.8000, -6.117
30.78, -0.8000, -7.199
30.79, -0.8000, -5.670
30.80, -0.8000, -8.952
30.81, -0.8000, -6.758
30.82, -0.8000, -6.766
30.83, -0.8000, -4.701
30.84, -0.8000, -7.074
30.85, -0.8000, -6.370
30.86, -0.8000, -6.272
30.87, -0.8000, -6.672
30.88, -0.8000, -5.124
30.89, -0.8000, -7.283
30.90, -0.8000, -7.912
30.91, -0.8000, -8.247
30.92, -0.8000, -6.313
30.93, -0.8000, -5.861
30.94, -0.8000, -7.040
30.95, -0.8000, -6.902
30.96, -0.8000, -5.421
30.97, -0.8000, -6.710
30.98, -0.8000, -7.364
30.99, -0.8000, -4.683
31.00, -0.8000, -7.169
31.01, -0.8000, -4.583
31.02, -0.8000, -8.586
31.03, -0.8000, -7.381
31.04, -0.8000, -5.092
31.05, -0.8000, -7.129
31.06, -0.8000, -6.762
31.07, -0.8000, -4.747
31.08, -0.8000, -8.272
31.09, -0.8000, -6.815
31.10, -0.8000, -6.314
31.11, -0.8000, -5.948
31.12, -0.8000, -3.922
31.13, -0.8000, -6.956
31.14, -0.8000, -7.324
31.15, -0.8000, -6.558
31.16, -0.8000, -6.509
31.17, -0.8000, -5.691
31.18, -0.8000, -5.431
31.19, -0.8000, -8.153
31.20, -0.8000, -6.659
31.21, -0.8000, -4.540
31.22, -0.8000, -9.474
31.23, -0.8000, -7.113
31.24, -0.8000, -6.127
31.25, -0.8000, -7.137
31.26, -0.8000, -7.700
31.27, -0.8000, -7.320
31.28, -0.8000, -7.864
31.29, -0.8000, -3.153
31.30, -0.8000, -7.115
31.31, -0.8000, -6.981
31.32, -0.8000, -6.852
31.33, -0.8000, -5.645
31.34, -0.8000, -6.848
31.35, -0.8000, -7.117
31.36, -0.8000, -6.418
31.37, -0.8000, -5.560
31.38, -0.8000, -6.228
31.39, -0.8000, -4.871
31.40, -0.8000, -6.529
31.41, -0.8000, -5.930
31.42, -0.8000, -5.803
31.43, -0.8000, -7.176
31.44, -0.8000, -7.090
31.45, -0.8000, -5.743
31.46, -0.8000, -5.067
31.47, -0.8000, -5.481
31.48, -0.8000, -6.983
31.49, -0.8000, -6.377
31.50, -0.8000, -7.847
31.51, -0.8000, -3.249
31.52, -0.8000, -8.709
31.53, -0.8000, -6.521
31.54, -0.8000, -6.038
31.55, -0.8000, -10.26
31.56, -0.8000, -7.187
31.57, -0.8000, -7.019
31.58, -0.8000, -5.865
31.59, -0.8000, -4.933
31.60, -0.8000, -7.056
31.61, -0.8000, -6.082
31.62, -0.8000, -7.805
31.63, -0.8000, -7.305
31.64, -0.8000, -6.024
31.65, -0.8000, -6.557
31.66, -0.8000, -5.376
31.67, -0.8000, -9.598
31.68, -0.8000, -6.936
31.69, -0.8000, -7.032
31.70, -0.8000, -5.089
31.71, -0.8000, -7.554
31.72, -0.8000, -6.363
31.73, -0.8000, -7.741
31.74, -0.8000, -6.137
31.75, -0.8000, -3.953
31.76, -0.8000, -6.245
31.77, -0.8000, -8.587
31.78, -0.8000, -6.445
31.79, -0.8000, -7.748
31.80, -0.8000, -7.101
31.81, -0.8000, -7.419
31.82, -0.8000, -6.314
31.83, -0.8000, -2.693
31.84, -0.8000, -6.447
31.85, -0.8000, -3.913
31.86, -0.8000, -7.010
31.87, -0.8000, -5.561
31.88, -0.8000, -8.900
31.89, -0.8000, -6.178
31.90, -0.8000, -5.104
31.91, -0.8000, -6.741
31.92, -0.8000, -6.489
31.93, -0.8000, -8.665
31.94, -0.8000, -7.817
31.95, -0.8000, -7.858
31.96, -0.8000, -8.296
31.97, -0.8000, -5.101
31.98, -0.8000, -6.766
31.99, -0.8000, -6.922
32.00, -0.8000, -8.137
32.01, -0.8000, -6.427
32.02, -0.8000, -6.360
32.03, -0.8000, -6.110
32.04, -0.8000, -4.684
32.05, -0.8000, -3.198
32.06, -0.8000, -7.325
32.07, -0.8000, -6.810
32.08, -0.8000, -7.613
32.09, -0.8000, -6.628
32.10, -0.8000, -3.661
32.11, -0.8000, -6.420
32.12, -0.8000, -7.028
32.13, -0.8000, -6.798
32.14, -0.8000, -6.505
32.15, -0.8000, -6.040
32.16, -0.8000, -6.667
32.17, -0.8000, -4.023
32.18, -0.8000, -9.247
32.19, -0.8000, -6.723
32.20, -0.8000, -5.875
32.21, -0.8000, -4.566
32.22, -0.8000, -3.778
32.23, -0.8000, -7.324
32.24, -0.8000, -6.823
32.25, -0.8000, -6.925
32.26, -0.8000, -6.610
32.27, -0.8000, -6.228
32.28, -0.8000, -7.078
32.29, -0.8000, -7.117
32.30, -0.8000, -5.512
32.31, -0.8000, -7.869
32.32, -0.8000, -6.672
32.33, -0.8000, -6.578
32.34, -0.8000, -7.119
32.35, -0.8000, -7.238
32.36, -0.8000, -10.01
32.37, -0.8000, -6.206
32.38, -0.8000, -6.977
32.39, -0.8000, -4.519
32.40, -0.8000, -3.916
32.41, -0.8000, -9.100
32.42, -0.8000, -7.515
32.43, -0.8000, -8.105
32.44, -0.8000, -9.490
32.45, -0.8000, -6.271
32.46, -0.8000, -6.145
32.47, -0.8000, -6.202
32.48, -0.8000, -6.354
32.49, -0.8000, -6.838
32.50, -0.8000, -6.495
32.51, -0.8000, -7.446
32.52, -0.8000, -6.879
32.53, -0.8000, -6.209
32.54, -0.8000, -7.795
32.55, -0.8000, -5.766
32.56, -0.8000, -6.786
32.57, -0.8000, -6.061
32.58, -0.8000, -7.092
32.59, -0.8000, -7.403
32.60, -0.8000, -5.726
32.61, -0.8000, -7.738
32.62, -0.8000, -6.676
32.63, -0.8000, -7.065
32.64, -0.8000, -7.363
32.65, -0.8000, -7.076
32.66, -0.8000, -6.847
32.67, -0.8000, -6.285
32.68, -0.8000, -5.384
32.69, -0.8000, -6.932
32.70, -0.8000, -6.286
32.71, -0.8000, -7.197
32.72, -0.8000, -6.399
32.73, -0.8000, -6.665
32.74, -0.8000, -6.441
32.75, -0.8000, -6.293
32.76, -0.8000, -7.552
32.77, -0.8000, -6.803
32.78, -0.8000, -5.653
32.79, -0.8000, -6.819
32.80, -0.8000, -6.923
32.81, -0.8000, -7.985
32.82, -0.8000, -7.082
32.83, -0.8000, -4.413
32.84, -0.8000, -5.085
32.85, -0.8000, -5.997
32.86, -0.8000, -5.519
32.87, -0.8000, -11.44
32.88, -0.8000, -6.976
32.89, -0.8000, -6.596
32.90, -0.8000, -6.425
32.91, -0.8000, -4.271
32.92, -0.8000, -4.880
32.93, -0.8000, -6.559
32.94, -0.8000, -5.683
32.95, -0.8000, -6.782
32.96, -0.8000, -6.641
32.97, -0.8000, -8.115
32.98, -0.8000, -6.509
32.99, -0.8000, -5.296
33.00, -0.8000, -4.813
33.01, -0.8000, -4.848
33.02, -0.8000, -4.298
33.03, -0.8000, -13.09
33.04, -0.8000, -6.823
33.05, -0.8000, -6.924
33.06, -0.8000, -6.934
33.07, -0.8000, -7.116
33.08, -0.8000, -7.597
33.09, -0.8000, -7.197
33.10, -0.8000, -7.348
33.11, -0.8000, -6.617
33.12, -0.8000, -6.489
33.13, -0.8000, -5.173
33.14, -0.8000, -7.045
33.15, -0.8000, -7.337
33.16, -0.8000, -5.974
33.17, -0.8000, -5.067
33.18, -0.8000, -2.549
33.19, -0.8000, -7.451
33.20, -0.8000, -6.568
33.21, -0.8000, -6.523
33.22, -0.8000, -7.794
33.23, -0.8000, -10.38
33.24, -0.8000, -6.598
33.25, -0.8000, -6.738
33.26, -0.8000, -5.190
33.27, -0.8000, -5.487
33.28, -0.8000, -6.734
33.29, -0.8000, -5.920
33.30, -0.8000, -7.114
33.31, -0.8000, -5.024
33.32, -0.8000, -3.254
33.33, -0.8000, -7.424
33.34, -0.8000, -6.513
33.35, -0.8000, -6.211
33.36, -0.8000, -5.948
33.37, -0.8000, -7.195
33.38, -0.8000, -5.258
33.39, -0.8000, -4.029
33.40, -0.8000, -3.918
33.41, -0.8000, -4.415
33.42, -0.8000, -4.221
33.43, -0.8000, -8.333
33.44, -0.8000, -7.213
33.45, -0.8000, -6.115
33.46, -0.8000, -6.144
33.47, -0.8000, -5.031
33.48, -0.8000, -7.214
33.49, -0.8000, -7.380
33.50, -0.8000, -7.095
33.51, -0.8000, -5.987
33.52, -0.8000, -4.419
33.53, -0.8000, -4.502
33.54, -0.8000, -6.718
33.55, -0.8000, -6.757
33.56, -0.8000, -6.656
33.57, -0.8000, -7.126
33.58, -0.8000, -8.534
33.59, -0.8000, -6.373
33.60, -0.8000, -6.256
33.61, -0.8000, -6.076
33.62, -0.8000, -3.565
33.63, -0.8000, -6.699
33.64, -0.8000, -6.379
33.65, -0.8000, -6.963
33.66, -0.8000, -5.672
33.67, -0.8000, -6.013
33.68, -0.8000, -7.193
33.69, -0.8000, -5.764
33.70, -0.8000, -7.309
33.71, -0.8000, -8.600
33.72, -0.8000, -6.775
33.73, -0.8000, -5.697
33.74, -0.8000, -8.617
33.75, -0.8000, -6.017
33.76, -0.8000, -5.300
33.77, -0.8000, -7.570
33.78, -0.8000, -6.442
33.79, -0.8000, -4.573
33.80, -0.8000, -7.585
33.81, -0.8000, -6.820
33.82, -0.8000, -4.200
33.83, -0.8000, -7.490
33.84, -0.8000, -6.512
33.85, -0.8000, -6.046
33.86, -0.8000, -9.956
33.87, -0.8000, -6.796
33.88, -0.8000, -5.938
33.89, -0.8000, -7.467
33.90, -0.8000, -6.871
33.91, -0.8000, -6.986
33.92, -0.8000, -6.622
33.93, -0.8000, -6.284
33.94, -0.8000, -5.936
33.95, -0.8000, -3.281
33.96, -0.8000, -8.261
33.97, -0.8000, -8.743
33.98, -0.8000, -6.965
33.99, -0.8000, -6.533
34.00, -0.8000, -9.816
34.01, -0.8000, -3.854
34.02, -0.8000, -5.535
34.03, -0.8000, -3.749
34.04, -0.8000, -6.907
34.05, -0.8000, -5.863
34.06, -0.8000, -6.828
34.07, -0.8000, -6.193
34.08, -0.8000, -7.432
34.09, -0.8000, -6.601
34.10, -0.8000, -6.453
34.11, -0.8000, -4.900
34.12, -0.8000, -6.648
34.13, -0.8000, -6.971
34.14, -0.8000, -6.477
34.15, -0.8000, -6.551
34.16, -0.8000, -6.824
34.17, -0.8000, -6.117
34.18, -0.8000, -6.115
34.19, -0.8000, -6.065
34.20, -0.8000, -4.973
34.21, -0.8000, -6.788
34.22, -0.8000, -5.971
34.23, -0.8000, -6.201
34.24, -0.8000, -6.477
34.25, -0.8000, -6.375
34.26, -0.8000, -7.389
34.27, -0.8000, -7.113
34.28, -0.8000, -6.540
34.29, -0.8000, -5.614
34.30, -0.8000, -3.977
34.31, -0.8000, -6.799
34.32, -0.8000, -6.771
34.33, -0.8000, -5.410
34.34, -0.8000, -7.664
34.35, -0.8000, -7.955
34.36, -0.8000, -7.161
34.37, -0.8000, -7.092
34.38, -0.8000, -6.882
34.39, -0.8000, -6.187
34.40, -0.8000, -7.245
34.41, -0.8000, -5.775
34.42, -0.8000, -7.984
34.43, -0.8000, -6.270
34.44, -0.8000, -5.285
34.45, -0.8000, -4.478
34.46, -0.8000, -8.831
34.47, -0.8000, -7.680
34.48, -0.8000, -7.278
34.49, -0.8000, -6.107
34.50, -0.8000, -6.094
34.51, -0.8000, -6.157
34.52, -0.8000, -5.687
34.53, -0.8000, -6.628
34.54, -0.8000, -5.685
34.55, -0.8000, -6.831
34.56, -0.8000, -10.58
34.57, -0.8000, -5.700
34.58, -0.8000, -7.450
34.59, -0.8000, -6.139
34.60, -0.8000, -5.802
34.61, -0.8000, -6.211
34.62, -0.8000, -5.553
34.63, -0.8000, -4.139
34.64, -0.8000, -7.270
34.65, -0.8000, -6.352
34.66, -0.8000, -5.053
34.67, -0.8000, -7.492
34.68, -0.8000, -6.183
34.69, -0.8000, -7.929
34.70, -0.8000, -6.509
34.71, -0.8000, -4.235
34.72, -0.8000, -6.085
34.73, -0.8000, -5.947
34.74, -0.8000, -9.090
34.75, -0.8000, -6.877
34.76, -0.8000, -6.449
34.77, -0.8000, -6.960
34.78, -0.8000, -6.873
34.79, -0.8000, -6.194
34.80, -0.8000, -8.556
34.81, -0.8000, -5.985
34.82, -0.8000, -7.217
34.83, -0.8000, -4.229
34.84, -0.8000, -7.583
34.85, -0.8000, -4.626
34.86, -0.8000, -7.619
34.87, -0.8000, -6.477
34.88, -0.8000, -5.975
34.89, -0.8000, -3.353
34.90, -0.8000, -6.922
34.91, -0.8000, -6.612
34.92, -0.8000, -6.480
34.93, -0.8000, -5.992
34.94, -0.8000, -7.291
34.95, -0.8000, -6.364
34.96, -0.8000, -5.620
34.97, -0.8000, -5.976
34.98, -0.8000, -6.749
34.99, -0.8000, -4.109
35.00, -0.8000, -4.070
35.01, -0.8000, -10.82
35.02, -0.8000, -6.611
35.03, -0.8000, -6.718
35.04, -0.8000, -7.174
35.05, -0.8000, -7.004
35.06, -0.8000, -5.938
35.07, -0.8000, -7.831
35.08, -0.8000, -6.428
35.09, -0.8000, -6.497
35.10, -0.8000, -6.178
35.11, -0.8000, -6.155
35.12, -0.8000, -5.121
35.13, -0.8000, -5.826
35.14, -0.8000, -5.888
35.15, -0.8000, -8.504
35.16, -0.8000, -6.876
35.17, -0.8000, -6.577
35.18, -0.8000, -6.671
35.19, -0.8000, -4.317
35.20, -0.8000, -5.471
35.21, -0.8000, -4.587
35.22, -0.8000, -7.236
35.23, -0.8000, -6.572
35.24, -0.8000, -5.775
35.25, -0.8000, -8.665
35.26, -0.8000, -6.661
35.27, -0.8000, -7.111
35.28, -0.8000, -6.595
35.29, -0.8000, -4.246
35.30, -0.8000, -6.702
35.31, -0.8000, -6.241
35.32, -0.8000, -6.791
35.33, -0.8000, -6.607
35.34, -0.8000, -4.359
35.35, -0.8000, -6.769
35.36, -0.8000, -6.423
35.37, -0.8000, -6.791
35.38, -0.8000, -5.978
35.39, -0.8000, -6.447
35.40, -0.8000, -3.968
35.41, -0.8000, -7.628
35.42, -0.8000, -5.424
35.43, -0.8000, -4.902
35.44, -0.8000, -7.328
35.45, -0.8000, -6.797
35.46, -0.8000, -6.079
35.47, -0.8000, -6.249
35.48, -0.8000, -6.117
35.49, -0.8000, -7.016
35.50, -0.8000, -4.001
35.51, -0.8000, -9.176
35.52, -0.8000, -6.542
35.53, -0.8000, -6.032
35.54, -0.8000, -4.390
35.55, -0.8000, -10.49
35.56, -0.8000, -6.475
35.57, -0.8000, -6.242
35.58, -0.8000, -5.750
35.59, -0.8000, -6.792
35.60, -0.8000, -7.250
35.61, -0.8000, -6.177
35.62, -0.8000, -3.633
35.63, -0.8000, -6.011
35.64, -0.8000, -5.745
35.65, -0.8000, -7.138
35.66, -0.8000, -6.932
35.67, -0.8000, -8.477
35.68, -0.8000, -5.053
35.69, -0.8000, -6.006
35.70, -0.8000, -5.101
35.71, -0.8000, -6.571
35.72, -0.8000, -6.466
35.73, -0.8000, -6.917
35.74, -0.8000, -8.682
35.75, -0.8000, -5.391
35.76, -0.8000, -4.448
35.77, -0.8000, -5.942
35.78, -0.8000, -5.624
35.79, -0.8000, -9.946
35.80, -0.8000, -6.239
35.81, -0.8000, -5.641
35.82, -0.8000, -7.893
35.83, -0.8000, -8.113
35.84, -0.8000, -6.247
35.85, -0.8000, -7.062
35.86, -0.8000, -4.216
35.87, -0.8000, -7.602
35.88, -0.8000, -6.784
35.89, -0.8000, -6.582
35.90, -0.8000, -7.174
35.91, -0.8000, -7.365
35.92, -0.8000, -7.472
35.93, -0.8000, -6.350
35.94, -0.8000, -5.127
35.95, -0.8000, -8.363
35.96, -0.8000, -6.700
35.97, -0.8000, -5.103
35.98, -0.8000, -6.289
35.99, -0.8000, -5.876
36.00, -0.8000, -7.632
36.01, -0.8000, -5.310
36.02, -0.8000, -7.477
36.03, -0.8000, -6.595
36.04, -0.8000, -4.190
36.05, -0.8000, -2.750
36.06, -0.8000, -7.441
36.07, -0.8000, -6.622
36.08, -0.8000, -6.396
36.09, -0.8000, -6.647
36.10, -0.8000, -5.427
36.11, -0.8000, -3.778
36.12, -0.8000, -4.599
36.13, -0.8000, -6.929
36.14, -0.8000, -6.507
36.15, -0.8000, -6.568
36.16, -0.8000, -1.955
36.17, -0.8000, -8.780
36.18, -0.8000, -6.830
36.19, -0.8000, -6.572
36.20, -0.8000, -6.120
36.21, -0.8000, -4.195
36.22, -0.8000, -8.467
36.23, -0.8000, -6.765
36.24, -0.8000, -6.216
36.25, -0.8000, -7.510
36.26, -0.8000, -7.776
36.27, -0.8000, -6.405
36.28, -0.8000, -8.212
36.29, -0.8000, -7.089
36.30, -0.8000, -6.251
36.31, -0.8000, -6.687
36.32, -0.8000, -5.620
36.33, -0.8000, -6.895
36.34, -0.8000, -6.529
36.35, -0.8000, -4.626
36.36, -0.8000, -8.803
36.37, -0.8000, -6.365
36.38, -0.8000, -5.864
36.39, -0.8000, -7.229
36.40, -0.8000, -5.327
36.41, -0.8000, -5.942
36.42, -0.8000, -11.37
36.43, -0.8000, -6.677
36.44, -0.8000, -5.735
36.45, -0.8000, -5.619
36.46, -0.8000, -4.027
36.47, -0.8000, -7.278
36.48, -0.8000, -5.730
36.49, -0.8000, -4.418
36.50, -0.8000, -6.272
36.51, -0.8000, -5.902
36.52, -0.8000, -7.498
36.53, -0.8000, -6.342
36.54, -0.8000, -6.310
36.55, -0.8000, -6.458
36.56, -0.8000, -6.154
36.57, -0.8000, -8.188
36.58, -0.8000, -6.172
36.59, -0.8000, -7.781
36.60, -0.8000, -5.923
36.61, -0.8000, -4.215
36.62, -0.8000, -6.391
36.63, -0.8000, -5.227
36.64, -0.8000, -3.463
36.65, -0.8000, -5.933
36.66, -0.8000, -5.849
36.67, -0.8000, -6.169
36.68, -0.8000, -6.742
36.69, -0.8000, -7.909
36.70, -0.8000, -6.666
36.71, -0.8000, -4.676
36.72, -0.8000, -5.657
36.73, -0.8000, -6.912
36.74, -0.8000, -5.089
36.75, -0.8000, -4.516
36.76, -0.8000, -6.898
36.77, -0.8000, -5.633
36.78, -0.8000, -6.650
36.79, -0.8000, -5.870
36.80, -0.8000, -4.749
36.81, -0.8000, -5.524
36.82, -0.8000, -8.366
36.83, -0.8000, -5.911
36.84, -0.8000, -6.082
36.85, -0.8000, -6.154
36.86, -0.8000, -6.628
36.87, -0.8000, -4.134
36.88, -0.8000, -6.965
36.89, -0.8000, -6.178
36.90, -0.8000, -6.521
36.91, -0.8000, -5.826
36.92, -0.8000, -4.261
36.93, -0.8000, -6.280
36.94, -0.8000, -6.431
36.95, -0.8000, -6.505
36.96, -0.8000, -6.862
36.97, -0.8000, -5.932
36.98, -0.8000, -5.914
36.99, -0.8000, -7.230
37.00, -0.8000, -5.943
37.01, -0.8000, -7.526
37.02, -0.8000, -2.991
37.03, -0.8000, -6.758
37.04, -0.8000, -6.400
37.05, -0.8000, -7.783
37.06, -0.8000, -5.676
37.07, -0.8000, -5.893
37.08, -0.8000, -6.424
37.09, -0.8000, -5.995
37.10, -0.8000, -8.243
37.11, -0.8000, -6.015
37.12, -0.8000, -6.172
37.13, -0.8000, -3.822
37.14, -0.8000, -6.101
37.15, -0.8000, -6.098
37.16, -0.8000, -4.985
37.17, -0.8000, -7.125
37.18, -0.8000, -5.249
37.19, -0.8000, -5.482
37.20, -0.8000, -6.094
37.21, -0.8000, -6.575
37.22, -0.8000, -8.412
37.23, -0.8000, -8.164
37.24, -0.8000, -6.794
37.25, -0.8000, -6.841
37.26, -0.8000, -6.091
37.27, -0.8000, -6.326
37.28, -0.8000, -5.825
37.29, -0.8000, -5.758
37.30, -0.8000, -12.49
37.31, -0.8000, -6.634
37.32, -0.8000, -5.124
37.33, -0.8000, -8.553
37.34, -0.8000, -6.623
37.35, -0.8000, -4.565
37.36, -0.8000, -8.446
37.37, -0.8000, -5.363
37.38, -0.8000, -3.436
37.39, -0.8000, -6.925
37.40, -0.8000, -5.979
37.41, -0.8000, -6.404
37.42, -0.8000, -7.467
37.43, -0.8000, -6.182
37.44, -0.8000, -5.892
37.45, -0.8000, -6.552
37.46, -0.8000, -7.092
37.47, -0.8000, -6.407
37.48, -0.8000, -7.251
37.49, -0.8000, -5.632
37.50, -0.8000, -7.197
37.51, -0.8000, -5.568
37.52, -0.8000, -2.876
37.53, -0.8000, -6.583
37.54, -0.8000, -6.109
37.55, -0.8000, -2.425
37.56, -0.8000, -6.493
37.57, -0.8000, -4.427
37.58, -0.8000, -6.092
37.59, -0.8000, -5.504
37.60, -0.8000, -6.085
37.61, -0.8000, -5.910
37.62, -0.8000, -6.373
37.63, -0.8000, -4.051
37.64, -0.8000, -6.284
37.65, -0.8000, -4.651
37.66, -0.8000, -7.549
37.67, -0.8000, -5.864
37.68, -0.8000, -6.168
37.69, -0.8000, -6.631
37.70, -0.8000, -5.835
37.71, -0.8000, -6.273
37.72, -0.8000, -6.410
37.73, -0.8000, -9.527
37.74, -0.8000, -6.524
37.75, -0.8000, -5.413
37.76, -0.8000, -6.413
37.77, -0.8000, -5.557
37.78, -0.8000, -3.303
37.79, -0.8000, -6.003
37.80, -0.8000, -5.995
37.81, -0.8000, -7.934
37.82, -0.8000, -7.663
37.83, -0.8000, -6.218
37.84, -0.8000, -5.433
37.85, -0.8000, -6.958
37.86, -0.8000, -7.161
37.87, -0.8000, -6.462
37.88, -0.8000, -6.637
37.89, -0.8000, -4.998
37.90, -0.8000, -5.552
37.91, -0.8000, -7.941
37.92, -0.8000, -6.444
37.93, -0.8000, -5.483
37.94, -0.8000, -6.552
37.95, -0.8000, -5.880
37.96, -0.8000, -3.002
37.97, -0.8000, -6.324
37.98, -0.8000, -6.010
37.99, -0.8000, -6.382
38.00, -0.8000, -7.022
38.01, -0.8000, -6.529
38.02, -0.8000, -5.185
38.03, -0.8000, -6.434
38.04, -0.8000, -5.757
38.05, -0.8000, -8.376
38.06, -0.8000, -6.032
38.07, -0.8000, -3.881
38.08, -0.8000, -5.576
38.09, -0.8000, -5.718
38.10, -0.8000, -8.829
38.11, -0.8000, -6.209
38.12, -0.8000, -7.644
38.13, -0.8000, -6.144
38.14, -0.8000, -5.786
38.15, -0.8000, -3.274
38.16, -0.8000, -6.236
38.17, -0.8000, -6.408
38.18, -0.8000, -7.333
38.19, -0.8000, -5.740
38.20, -0.8000, -5.007
38.21, -0.8000, -6.312
38.22, -0.8000, -5.587
38.23, -0.8000, -6.196
38.24, -0.8000, -5.557
38.25, -0.8000, -6.757
38.26, -0.8000, -4.253
38.27, -0.8000, -6.439
38.28, -0.8000, -4.002
38.29, -0.8000, -5.982
38.30, -0.8000, -6.005
38.31, -0.8000, -6.831
38.32, -0.8000, -6.313
38.33, -0.8000, -6.581
38.34, -0.8000, -10.98
38.35, -0.8000, -6.146
38.36, -0.8000, -6.564
38.37, -0.8000, -4.280
38.38, -0.8000, -5.726
38.39, -0.8000, -7.117
38.40, -0.8000, -7.062
38.41, -0.8000, -3.928
38.42, -0.8000, -8.427
38.43, -0.8000, -7.063
38.44, -0.8000, -6.133
38.45, -0.8000, -4.618
38.46, -0.8000, -6.900
38.47, -0.8000, -5.970
38.48, -0.8000, -5.493
38.49, -0.8000, -8.133
38.50, -0.8000, -6.181
38.51, -0.8000, -4.489
38.52, -0.8000, -6.605
38.53, -0.8000, -5.214
38.54, -0.8000, -8.975
38.55, -0.8000, -5.674
38.56, -0.8000, -8.896
38.57, -0.8000, -5.914
38.58, -0.8000, -7.167
38.59, -0.8000, -5.734
38.60, -0.8000, -9.405
38.61, -0.8000, -6.953
38.62, -0.8000, -6.528
38.63, -0.8000, -5.923
38.64, -0.8000, -5.944
38.65, -0.8000, -6.600
38.66, -0.8000, -6.446
38.67, -0.8000, -6.680
38.68, -0.8000, -7.444
38.69, -0.8000, -6.587
38.70, -0.8000, -5.825
38.71, -0.8000, -6.178
38.72, -0.8000, -5.665
38.73, -0.8000, -5.520
38.74, -0.8000, -5.198
38.75, -0.8000, -5.083
38.76, -0.8000, -7.204
38.77, -0.8000, -2.397
38.78, -0.8000, -5.365
38.79, -0.8000, -7.150
38.80, -0.8000, -6.206
38.81, -0.8000, -6.730
38.82, -0.8000, -6.789
38.83, -0.8000, -6.452
38.84, -0.8000, -5.618
38.85, -0.8000, -6.081
38.86, -0.8000, -6.879
38.87, -0.8000, -6.601
38.88, -0.8000, -6.435
38.89, -0.8000, -5.407
38.90, -0.8000, -5.764
38.91, -0.8000, -6.393
38.92, -0.8000, -6.497
38.93, -0.8000, -6.583
38.94, -0.8000, -7.208
38.95, -0.8000, -8.793
38.96, -0.8000, -5.537
38.97, -0.8000, -4.749
38.98, -0.8000, -2.576
38.99, -0.8000, -7.168
39.00, -0.8000, -8.648
39.01, -0.8000, -7.360
39.02, -0.8000, -4.099
39.03, -0.8000, -5.019
39.04, -0.8000, -3.184
39.05, -0.8000, -10.15
39.06, -0.8000, -6.256
39.07, -0.8000, -5.862
39.08, -0.8000, -6.419
39.09, -0.8000, -3.463
39.10, -0.8000, -5.365
39.11, -0.8000, -9.457
39.12, -0.8000, -5.878
39.13, -0.8000, -6.341
39.14, -0.8000, -5.953
39.15, -0.8000, -6.899
39.16, -0.8000, -3.745
39.17, -0.8000, -7.364
39.18, -0.8000, -6.363
39.19, -0.8000, -6.626
39.20, -0.8000, -6.181
39.21, -0.8000, -5.906
39.22, -0.8000, -5.574
39.23, -0.8000, -6.271
39.24, -0.8000, -6.477
39.25, -0.8000, -5.585
39.26, -0.8000, -6.499
39.27, -0.8000, -6.241
39.28, -0.8000, -6.471
39.29, -0.8000, -7.612
39.30, -0.8000, -6.603
39.31, -0.8000, -6.466
39.32, -0.8000, -6.771
39.33, -0.8000, -6.644
39.34, -0.8000, -4.242
39.35, -0.8000, -7.596
39.36, -0.8000, -11.54
39.37, -0.8000, -7.514
39.38, -0.8000, -5.375
39.39, -0.8000, -5.445
39.40, -0.8000, -3.903
39.41, -0.8000, -9.295
39.42, -0.8000, -6.481
39.43, -0.8000, -6.454
39.44, -0.8000, -6.181
39.45, -0.8000, -2.933
39.46, -0.8000, -4.741
39.47, -0.8000, -9.027
39.48, -0.8000, -6.864
39.49, -0.8000, -5.957
39.50, -0.8000, -5.303
39.51, -0.8000, -5.544
39.52, -0.8000, -6.992
39.53, -0.8000, -6.039
39.54, -0.8000, -6.093
39.55, -0.8000, -3.056
39.56, -0.8000, -5.513
39.57, -0.8000, -5.427
39.58, -0.8000, -5.773
39.59, -0.8000, -5.520
39.60, -0.8000, -5.302
39.61, -0.8000, -4.487
39.62, -0.8000, -2.368
39.63, -0.8000, -7.040
39.64, -0.8000, -5.906
39.65, -0.8000, -6.369
39.66, -0.8000, -6.068
39.67, -0.8000, -6.874
39.68, -0.8000, -4.772
39.69, -0.8000, -6.710
39.70, -0.8000, -6.197
39.71, -0.8000, -6.208
39.72, -0.8000, -5.304
39.73, -0.8000, -5.602
39.74, -0.8000, -7.322
39.75, -0.8000, -5.595
39.76, -0.8000, -3.427
39.77, -0.8000, -5.885
39.78, -0.8000, -6.446
39.79, -0.8000, -6.299
39.80, -0.8000, -5.106
39.81, -0.8000, -7.922
39.82, -0.8000, -5.621
39.83, -0.8000, -7.325
39.84, -0.8000, -4.078
39.85, -0.8000, -7.287
39.86, -0.8000, -6.349
39.87, -0.8000, -6.946
39.88, -0.8000, -5.724
39.89, -0.8000, -6.393
39.90, -0.8000, -6.804
39.91, -0.8000, -5.607
39.92, -0.8000, -6.334
39.93, -0.8000, -4.475
39.94, -0.8000, -4.291
39.95, -0.8000, -4.036
39.96, -0.8000, -5.824
39.97, -0.8000, -3.014
39.98, -0.8000, -7.430
39.99, -0.8000, -2.247
40.00, -0.8000, -3.441
40.01, -0.8000, -6.363
40.02, -0.8000, -5.271
40.03, -0.8000, -9.182
40.04, -0.8000, -6.607
40.05, -0.8000, -4.606
40.06, -0.8000, -1.718
40.07, -0.8000, -6.348
40.08, -0.8000, -5.618
40.09, -0.8000, -5.444
40.10, -0.8000, -7.264
40.11, -0.8000, -6.778
40.12, -0.8000, -5.753
40.13, -0.8000, -4.837
40.14, -0.8000, -9.124
40.15, -0.8000, -5.825
40.16, -0.8000, -7.284
40.17, -0.8000, -4.974
40.18, -0.8000, -5.648
40.19, -0.8000, -6.807
40.20, -0.8000, -6.840
40.21, -0.8000, -3.075
40.22, -0.8000, -6.771
40.23, -0.8000, -5.536
40.24, -0.8000, -4.201
40.25, -0.8000, -6.568
40.26, -0.8000, -5.839
40.27, -0.8000, -3.636
40.28, -0.8000, -11.09
40.29, -0.8000, -8.798
40.30, -0.8000, -11.78
40.31, -0.8000, -6.411
40.32, -0.8000, -7.728
40.33, -0.8000, -6.475
40.34, -0.8000, -5.932
40.35, -0.8000, -6.102
40.36, -0.8000, -6.918
40.37, -0.8000, -6.175
40.38, -0.8000, -7.599
40.39, -0.8000, -5.826
40.40, -0.8000, -6.560
40.41, -0.8000, -5.698
40.42, -0.8000, -5.184
40.43, -0.8000, -6.611
40.44, -0.8000, -6.382
40.45, -0.8000, -6.039
40.46, -0.8000, -4.946
40.47, -0.8000, -5.147
40.48, -0.8000, -5.538
40.49, -0.8000, -6.703
40.50, -0.8000, -3.658
40.51, -0.8000, -6.851
40.52, -0.8000, -5.387
40.53, -0.8000, -5.511
40.54, -0.8000, -4.059
40.55, -0.8000, -6.233
40.56, -0.8000, -5.937
40.57, -0.8000, -6.595
40.58, -0.8000, -8.368
40.59, -0.8000, -5.562
40.60, -0.8000, -6.859
40.61, -0.8000, -4.869
40.62, -0.8000, -6.669
40.63, -0.8000, -4.883
40.64, -0.8000, -6.628
40.65, -0.8000, -4.295
40.66, -0.8000, -5.399
40.67, -0.8000, -3.855
40.68, -0.8000, -5.799
40.69, -0.8000, -6.138
40.70, -0.8000, -4.664
40.71, -0.8000, -5.875
40.72, -0.8000, -8.232
40.73, -0.8000, -5.148
40.74, -0.8000, -6.254
40.75, -0.8000, -6.210
40.76, -0.8000, -6.502
40.77, -0.8000, -3.772
40.78, -0.8000, -5.473
40.79, -0.8000, -6.053
40.80, -0.8000, -7.496
40.81, -0.8000, -4.848
40.82, -0.8000, -6.546
40.83, -0.8000, -4.848
40.84, -0.8000, -6.181
40.85, -0.8000, -6.176
40.86, -0.8000, -5.977
40.87, -0.8000, -6.116
40.88, -0.8000, -6.733
40.89, -0.8000, -6.909
40.90, -0.8000, -5.880
40.91, -0.8000, -4.231
40.92, -0.8000, -5.642
40.93, -0.8000, -8.485
40.94, -0.8000, -6.083
40.95, -0.8000, -6.579
40.96, -0.8000, -5.599
40.97, -0.8000, -6.467
40.98, -0.8000, -6.955
40.99, -0.8000, -5.250
41.00, -0.8000, -5.208
41.01, -0.8000, -5.647
41.02, -0.8000, -6.502
41.03, -0.8000, -5.987
41.04, -0.8000, -6.618
41.05, -0.8000, -5.418
41.06, -0.8000, -5.374
41.07, -0.8000, -5.904
41.08, -0.8000, -5.527
41.09, -0.8000, -7.483
41.10, -0.8000, -6.727
41.11, -0.8000, -5.698
41.12, -0.8000, -6.196
41.13, -0.8000, -4.252
41.14, -0.8000, -6.875
41.15, -0.8000, -5.973
41.16, -0.8000, -6.587
41.17, -0.8000, -3.874
41.18, -0.8000, -6.963
41.19, -0.8000, -5.805
41.20, -0.8000, -2.898
41.21, -0.8000, -6.356
41.22, -0.8000, -5.711
41.23, -0.8000, -5.637
41.24, -0.8000, -4.041
41.25, -0.8000, -5.929
41.26, -0.8000, -4.669
41.27, -0.8000, -6.637
41.28, -0.8000, -5.319
41.29, -0.8000, -8.544
41.30, -0.8000, -6.170
41.31, -0.8000, -6.597
41.32, -0.8000, -6.063
41.33, -0.8000, -6.406
41.34, -0.8000, -8.198
41.35, -0.8000, -6.889
41.36, -0.8000, -5.801
41.37, -0.8000, -4.327
41.38, -0.8000, -5.800
41.39, -0.8000, -4.720
41.40, -0.8000, -6.798
41.41, -0.8000, -6.784
41.42, -0.8000, -5.941
41.43, -0.8000, -6.108
41.44, -0.8000, -5.897
41.45, -0.8000, -5.630
41.46, -0.8000, -6.262
41.47, -0.8000, -2.615
41.48, -0.8000, -6.059
41.49, -0.8000, -4.714
41.50, -0.8000, -5.856
41.51, -0.8000, -5.775
41.52, -0.8000, -6.982
41.53, -0.8000, -6.211
41.54, -0.8000, -5.882
41.55, -0.8000, -8.944
41.56, -0.8000, -6.487
41.57, -0.8000, -2.328
41.58, -0.8000, -5.882
41.59, -0.8000, -6.073
41.60, -0.8000, -9.230
41.61, -0.8000, -5.452
41.62, -0.8000, -4.798
41.63, -0.8000, -6.228
41.64, -0.8000, -4.401
41.65, -0.8000, -6.553
41.66, -0.8000, -6.650
41.67, -0.8000, -6.858
41.68, -0.8000, -6.544
41.69, -0.8000, -4.608
41.70, -0.8000, -5.752
41.71, -0.8000, -5.490
41.72, -0.8000, -6.009
41.73, -0.8000, -3.637
41.74, -0.8000, -6.552
41.75, -0.8000, -5.876
41.76, -0.8000, -5.700
41.77, -0.8000, -5.752
41.78, -0.8000, -5.919
41.79, -0.8000, -4.988
41.80, -0.8000, -5.715
41.81, -0.8000, -6.571
41.82, -0.8000, -4.734
41.83, -0.8000, -8.588
41.84, -0.8000, -5.470
41.85, -0.8000, -4.956
41.86, -0.8000, -6.346
41.87, -0.8000, -5.197
41.88, -0.8000, -4.797
41.89, -0.8000, -10.00
41.90, -0.8000, -6.280
41.91, -0.8000, -6.166
41.92, -0.8000, -5.309
41.93, -0.8000, -3.972
41.94, -0.8000, -9.049
41.95, -0.8000, -5.780
41.96, -0.8000, -5.640
41.97, -0.8000, -3.957
41.98, -0.8000, -5.289
41.99, -0.8000, -8.833
42.00, -0.8000, -6.710
42.01, -0.8000, -4.908
42.02, -0.8000, -6.363
42.03, -0.8000, -5.810
42.04, -0.8000, -6.160
42.05, -0.8000, -6.209
42.06, -0.8000, -4.397
42.07, -0.8000, -6.701
42.08, -0.8000, -4.898
42.09, -0.8000, -5.375
42.10, -0.8000, -5.551
42.11, -0.8000, -4.253
42.12, -0.8000, -6.476
42.13, -0.8000, -5.537
42.14, -0.8000, -5.457
42.15, -0.8000, -4.076
42.16, -0.8000, -5.085
42.17, -0.8000, -5.825
42.18, -0.8000, -7.444
42.19, -0.8000, -6.939
42.20, -0.8000, -6.412
42.21, -0.8000, -6.218
42.22, -0.8000, -6.202
42.23, -0.8000, -6.365
42.24, -0.8000, -6.206
42.25, -0.8000, -5.272
42.26, -0.8000, -5.649
42.27, -0.8000, -5.940
42.28, -0.8000, -6.558
42.29, -0.8000, -5.987
42.30, -0.8000, -5.941
42.31, -0.8000, -5.790
42.32, -0.8000, -5.839
42.33, -0.8000, -5.465
42.34, -0.8000, -9.800
42.35, -0.8000, -6.059
42.36, -0.8000, -5.963
42.37, -0.8000, -1.693
42.38, -0.8000, -7.061
42.39, -0.8000, -10.70
42.40, -0.8000, -6.286
42.41, -0.8000, -5.726
42.42, -0.8000, -5.906
42.43, -0.8000, -4.406
42.44, -0.8000, -3.559
42.45, -0.8000, -6.892
42.46, -0.8000, -5.828
42.47, -0.8000, -6.404
42.48, -0.8000, -6.122
42.49, -0.8000, -2.921
42.50, -0.8000, -6.320
42.51, -0.8000, -6.354
42.52, -0.8000, -6.283
42.53, -0.8000, -7.134
42.54, -0.8000, -7.291
42.55, -0.8000, -7.085
42.56, -0.8000, -6.490
42.57, -0.8000, -5.876
42.58, -0.8000, -5.882
42.59, -0.8000, -6.008
42.60, -0.8000, -6.175
42.61, -0.8000, -6.125
42.62, -0.8000, -5.887
42.63, -0.8000, -6.690
42.64, -0.8000, -5.735
42.65, -0.8000, -4.651
42.66, -0.8000, -6.376
42.67, -0.8000, -6.346
42.68, -0.8000, -6.559
42.69, -0.8000, -6.671
42.70, -0.8000, -6.149
42.71, -0.8000, -5.701
42.72, -0.8000, -5.370
42.73, -0.8000, -5.995
42.74, -0.8000, -6.684
42.75, -0.8000, -6.014
42.76, -0.8000, -2.841
42.77, -0.8000, -6.362
42.78, -0.8000, -6.011
42.79, -0.8000, -6.281
42.80, -0.8000, -6.640
42.81, -0.8000, -6.056
42.82, -0.8000, -5.404
42.83, -0.8000, -5.750
42.84, -0.8000, -5.263
42.85, -0.8000, -6.767
42.86, -0.8000, -3.074
42.87, -0.8000, -2.107
42.88, -0.8000, -2.349
42.89, -0.8000, -8.440
42.90, -0.8000, -5.714
42.91, -0.8000, -5.803
42.92, -0.8000, -6.147
42.93, -0.8000, -5.699
42.94, -0.8000, -5.846
42.95, -0.8000, -5.362
42.96, -0.8000, -5.271
42.97, -0.8000, -5.833
42.98, -0.8000, -5.955
42.99, -0.8000, -6.584
43.00, -0.8000, -10.07
43.01, -0.8000, -4.195
43.02, -0.8000, -2.383
43.03, -0.8000, -2.537
43.04, -0.8000, -3.310
43.05, -0.8000, -5.616
43.06, -0.8000, -4.153
43.07, -0.8000, -4.087
43.08, -0.8000, -9.072
43.09, -0.8000, -7.082
43.10, -0.8000, -7.610
43.11, -0.8000, -6.692
43.12, -0.8000, -5.959
43.13, -0.8000, -3.822
43.14, -0.8000, -4.071
43.15, -0.8000, -6.520
43.16, -0.8000, -6.666
43.17, -0.8000, -5.331
43.18, -0.8000, -3.347
43.19, -0.8000, -6.237
43.20, -0.8000, -6.305
43.21, -0.8000, -9.698
43.22, -0.8000, -6.375
43.23, -0.8000, -4.105
43.24, -0.8000, -4.999
43.25, -0.8000, -6.711
43.26, -0.8000, -6.574
43.27, -0.8000, -6.747
43.28, -0.8000, -5.971
43.29, -0.8000, -4.671
43.30, -0.8000, -6.288
43.31, -0.8000, -7.188
43.32, -0.8000, -5.723
43.33, -0.8000, -6.786
43.34, -0.8000, -4.668
43.35, -0.8000, -4.655
43.36, -0.8000, -2.574
43.37, -0.8000, -7.145
43.38, -0.8000, -11.08
43.39, -0.8000, -6.430
43.40, -0.8000, -6.147
43.41, -0.8000, -7.048
43.42, -0.8000, -5.708
43.43, -0.8000, -4.349
43.44, -0.8000, -3.607
43.45, -0.8000, -7.451
43.46, -0.8000, -5.867
43.47, -0.8000, -6.495
43.48, -0.8000, -4.904
43.49, -0.8000, -5.273
43.50, -0.8000, -5.323
43.51, -0.8000, -3.800
43.52, -0.8000, -7.887
43.53, -0.8000, -6.272
43.54, -0.8000, -6.160
43.55, -0.8000, -6.420
43.56, -0.8000, -5.890
43.57, -0.8000, -8.695
43.58, -0.8000, -5.444
43.59, -0.8000, -6.968
43.60, -0.8000, -6.235
43.61, -0.8000, -4.119
43.62, -0.8000, -5.837
43.63, -0.8000, -5.909
43.64, -0.8000, -6.455
43.65, -0.8000, -7.228
43.66, -0.8000, -6.021
43.67, -0.8000, -6.217
43.68, -0.8000, -6.778
43.69, -0.8000, -6.095
43.70, -0.8000, -4.548
43.71, -0.8000, -5.626
43.72, -0.8000, -6.837
43.73, -0.8000, -10.85
43.74, -0.8000, -2.486
43.75, -0.8000, -3.228
43.76, -0.8000, -7.338
43.77, -0.8000, -7.456
43.78, -0.8000, -6.416
43.79, -0.8000, -5.446
43.80, -0.8000, -6.033
43.81, -0.8000, -6.421
43.82, -0.8000, -5.724
43.83, -0.8000, -5.624
43.84, -0.8000, -4.677
43.85, -0.8000, -4.869
43.86, -0.8000, -5.013
43.87, -0.8000, -5.292
43.88, -0.8000, -5.934
43.89, -0.8000, -5.076
43.90, -0.8000, -6.126
43.91, -0.8000, -3.952
43.92, -0.8000, -4.476
43.93, -0.8000, -2.352
43.94, -0.8000, -7.052
43.95, -0.8000, -2.069
43.96, -0.8000, -3.345
43.97, -0.8000, -3.274
43.98, -0.8000, -3.909
43.99, -0.8000, -2.651
44.00, -0.8000, -9.956
44.01, -0.8000, -6.501
44.02, -0.8000, -10.60
44.03, -0.8000, -5.750
44.04, -0.8000, -5.260
44.05, -0.8000, -11.41
44.06, -0.8000, -3.035
44.07, -0.8000, -4.941
44.08, -0.8000, -5.139
44.09, -0.8000, -4.645
44.10, -0.8000, -1.089
44.11, -0.8000, -2.433
44.12, -0.8000, -4.108
44.13, -0.8000, -2.171
44.14, -0.8000, -4.252
44.15, -0.8000, -6.669
44.16, -0.8000, -5.753
44.17, -0.8000, -4.372
44.18, -0.8000, -6.060
44.19, -0.8000, -4.329
44.20, -0.8000, -7.325
44.21, -0.8000, -5.167
44.22, -0.8000, -6.661
44.23, -0.8000, -5.135
44.24, -0.8000, -6.491
44.25, -0.8000, -5.544
44.26, -0.8000, -7.228
44.27, -0.8000, -5.975
44.28, -0.8000, -4.248
44.29, -0.8000, -5.793
44.30, -0.8000, -6.122
44.31, -0.8000, -5.314
44.32, -0.8000, -6.394
44.33, -0.8000, -4.294
44.34, -0.8000, -4.343
44.35, -0.8000, -8.789
44.36, -0.8000, -7.060
44.37, -0.8000, -6.176
44.38, -0.8000, -5.602
44.39, -0.8000, -4.960
44.40, -0.8000, -3.559
44.41, -0.8000, -4.114
44.42, -0.8000, -4.948
44.43, -0.8000, -6.888
44.44, -0.8000, -5.999
44.45, -0.8000, -6.931
44.46, -0.8000, -5.973
44.47, -0.8000, -5.883
44.48, -0.8000, -5.592
44.49, -0.8000, -5.845
44.50, -0.8000, -6.715
44.51, -0.8000, -5.457
44.52, -0.8000, -2.947
44.53, -0.8000, -3.485
44.54, -0.8000, -4.976
44.55, -0.8000, -7.903
44.56, -0.8000, -5.042
44.57, -0.8000, -4.878
44.58, -0.8000, -6.015
44.59, -0.8000, -5.552
44.60, -0.8000, -5.729
44.61, -0.8000, -6.471
44.62, -0.8000, -5.315
44.63, -0.8000, -6.035
44.64, -0.8000, -5.535
44.65, -0.8000, -4.459
44.66, -0.8000, -6.980
44.67, -0.8000, -6.147
44.68, -0.8000, -6.316
44.69, -0.8000, -6.135
44.70, -0.8000, -5.913
44.71, -0.8000, -8.444
44.72, -0.8000, -5.485
44.73, -0.8000, -5.216
44.74, -0.8000, -5.903
44.75, -0.8000, -5.099
44.76, -0.8000, -6.170
44.77, -0.8000, -6.223
44.78, -0.8000, -11.60
44.79, -0.8000, -2.336
44.80, -0.8000, -7.642
44.81, -0.8000, -3.789
44.82, -0.8000, -5.524
44.83, -0.8000, -5.615
44.84, -0.8000, -6.721
44.85, -0.8000, -4.547
44.86, -0.8000, -6.203
44.87, -0.8000, -6.507
44.88, -0.8000, -6.162
44.89, -0.8000, -2.120
44.90, -0.8000, -8.881
44.91, -0.8000, -4.908
44.92, -0.8000, -5.747
44.93, -0.8000, -6.381
44.94, -0.8000, -4.469
44.95, -0.8000, -4.524
44.96, -0.8000, -6.564
44.97, -0.8000, -5.100
44.98, -0.8000, -5.625
44.99, -0.8000, -6.505
45.00, 0.000, -5.977
45.01, 0.001000, 49.32
45.02, 0.002000, 21.96
45.03, 0.003000, 14.84
45.04, 0.004000, 12.41
45.05, 0.005000, 7.406
45.06, 0.006000, 6.894
45.07, 0.007000, 4.765
45.08, 0.008000, 2.452
45.09, 0.009000, 2.512
45.10, 0.01000, 2.394
45.11, 0.01100, 2.479
45.12, 0.01200, 1.153
45.13, 0.01300, 0.8841
45.14, 0.01400, 2.432
45.15, 0.01500, 0.7680
45.16, 0.01600, -0.7294
45.17, 0.01700, -0.9632
45.18, 0.01800, -3.081
45.19, 0.01900, -0.3996
45.20, 0.02000, -0.6329
45.21, 0.02100, 0.8846
45.22, 0.02200, 0.1314
45.23, 0.02300, -1.296
45.24, 0.02400, 0.1352
45.25, 0.02500, 2.382
45.26, 0.02600, -2.268
45.27, 0.02700, -1.249
45.28, 0.02800, 1.342
45.29, 0.02900, -4.749
45.30, 0.03000, -1.040
45.31, 0.03100, -0.6132
45.32, 0.03200, -3.514
45.33, 0.03300, -2.990
45.34, 0.03400, -2.171
45.35, 0.03500, -2.582
45.36, 0.03600, -2.181
45.37, 0.03700, -2.668
45.38, 0.03800, 0.1475
45.39, 0.03900, 0.5859
45.40, 0.04000, 1.452
45.41, 0.04100, -3.859
45.42, 0.04200, -2.391
45.43, 0.04300, -2.342
45.44, 0.04400, -3.502
45.45, 0.04500, -2.081
45.46, 0.04600, -2.940
45.47, 0.04700, -2.277
45.48, 0.04800, -3.000
45.49, 0.04900, -2.803
45.50, 0.05000, -2.131
45.51, 0.05100, -2.701
45.52, 0.05200, -1.385
45.53, 0.05300, -1.234
45.54, 0.05400, -0.5493
45.55, 0.05500, -0.005678
45.56, 0.05600, -2.798
45.57, 0.05700, -3.567
45.58, 0.05800, -3.086
45.59, 0.05900, -2.582
45.60, 0.06000, -2.335
45.61, 0.06100, -2.579
45.62, 0.06200, -6.540
45.63, 0.06300, -2.876
45.64, 0.06400, -1.719
45.65, 0.06500, -2.526
45.66, 0.06600, -3.834
45.67, 0.06700, -2.605
45.68, 0.06800, -2.643
45.69, 0.06900, -0.6737
45.70, 0.07000, -2.476
45.71, 0.07100, -3.292
45.72, 0.07200, 2.003
45.73, 0.07300, -2.290
45.74, 0.07400, 1.436
45.75, 0.07500, -2.460
45.76, 0.07600, -3.011
45.77, 0.07700, -3.265
45.78, 0.07800, -2.444
45.79, 0.07900, -3.207
45.80, 0.08000, -3.590
45.81, 0.08100, -4.210
45.82, 0.08200, -0.8549
45.83, 0.08300, -2.605
45.84, 0.08400, -3.519
45.85, 0.08500, -2.961
45.86, 0.08600, 0.2043
45.87, 0.08700, -3.851
45.88, 0.08800, -1.456
45.89, 0.08900, -2.699
45.90, 0.09000, -3.223
45.91, 0.09100, -2.383
45.92, 0.09200, -4.557
45.93, 0.09300, -2.151
45.94, 0.09400, -0.04092
45.95, 0.09500, -3.198
45.96, 0.09600, -3.152
45.97, 0.09700, -0.9044
45.98, 0.09800, -4.932
45.99, 0.09900, -2.930
46.00, 0.1000, -1.235
46.01, 0.1010, -2.872
46.02, 0.1020, -1.764
46.03, 0.1030, -3.713
46.04, 0.1040, -2.582
46.05, 0.1050, -0.2208
46.06, 0.1060, -2.520
46.07, 0.1070, -0.1100
46.08, 0.1080, -3.217
46.09, 0.1090, -3.053
46.10, 0.1100, -3.709
46.11, 0.1110, -0.9376
46.12, 0.1120, -4.925
46.13, 0.1130, -1.905
46.14, 0.1140, -0.2722
46.15, 0.1150, -1.690
46.16, 0.1160, -1.047
46.17, 0.1170, 2.963
46.18, 0.1180, -2.230
46.19, 0.1190, -0.7060
46.20, 0.1200, -2.508
46.21, 0.1210, -0.01537
46.22, 0.1220, -2.334
46.23, 0.1230, -2.142
46.24, 0.1240, -3.082
46.25, 0.1250, 1.215
46.26, 0.1260, -1.503
46.27, 0.1270, -2.632
46.28, 0.1280, -0.3817
46.29, 0.1290, -1.873
46.30, 0.1300, -2.335
46.31, 0.1310, 0.1881
46.32, 0.1320, -2.363
46.33, 0.1330, -3.629
46.34, 0.1340, -2.116
46.35, 0.1350, -2.353
46.36, 0.1360, -3.009
46.37, 0.1370, 0.7512
46.38, 0.1380, -2.251
46.39, 0.1390, -1.828
46.40, 0.1400, -3.278
46.41, 0.1410, -0.6643
46.42, 0.1420, -3.860
46.43, 0.1430, -1.278
46.44, 0.1440, -2.516
46.45, 0.1450, -2.455
46.46, 0.1460, -1.793
46.47, 0.1470, -3.337
46.48, 0.1480, -0.6973
46.49, 0.1490, -3.608
46.50, 0.1500, -2.044
46.51, 0.1510, -2.957
46.52, 0.1520, 0.5734
46.53, 0.1530, -2.423
46.54, 0.1540, 1.316
46.55, 0.1550, -0.5642
46.56, 0.1560, -0.9759
46.57, 0.1570, -2.809
46.58, 0.1580, -2.618
46.59, 0.1590, 1.489
46.60, 0.1600, -1.346
46.61, 0.1610, 0.1787
46.62, 0.1620, -1.884
46.63, 0.1630, -1.686
46.64, 0.1640, -1.146
46.65, 0.1650, -0.6287
46.66, 0.1660, 0.9391
46.67, 0.1670, -0.9785
46.68, 0.1680, -1.495
46.69, 0.1690, -4.317
46.70, 0.1700, -1.075
46.71, 0.1710, -0.9309
46.72, 0.1720, -0.5621
46.73, 0.1730, -1.466
46.74, 0.1740, -0.4037
46.75, 0.1750, -1.612
46.76, 0.1760, 0.8625
46.77, 0.1770, -0.7337
46.78, 0.1780, -1.629
46.79, 0.1790, -0.7340
46.80, 0.1800, -1.211
46.81, 0.1810, -0.9973
46.82, 0.1820, -0.2521
46.83, 0.1830, -0.9439
46.84, 0.1840, -1.829
46.85, 0.1850, -3.675
46.86, 0.1860, -0.06365
46.87, 0.1870, -0.04101
46.88, 0.1880, 1.237
46.89, 0.1890, 0.4819
46.90, 0.1900, -0.4974
46.91, 0.1910, 1.095
46.92, 0.1920, 1.148
46.93, 0.1930, -0.5644
46.94, 0.1940, -0.2653
46.95, 0.1950, -0.4942
46.96, 0.1960, 1.176
46.97, 0.1970, 0.3818
46.98, 0.1980, 0.3745
46.99, 0.1990, -0.2193
47.00, 0.2000, -0.5704
47.01, 0.2010, 2.625
47.02, 0.2020, 1.479
47.03, 0.2030, 2.131
47.04, 0.2040, -0.3032
47.05, 0.2050, 0.3825
47.06, 0.2060, 1.134
47.07, 0.2070, 0.6602
47.08, 0.2080, 1.596
47.09, 0.2090, 0.7514
47.10, 0.2100, 1.324
47.11, 0.2110, 1.389
47.12, 0.2120, -0.9047
47.13, 0.2130, 2.288
47.14, 0.2140, 1.168
47.15, 0.2150, -2.112
47.16, 0.2160, 0.4978
47.17, 0.2170, 0.5586
47.18, 0.2180, 0.7991
47.19, 0.2190, 0.5579
47.20, 0.2200, 3.227
47.21, 0.2210, 0.07692
47.22, 0.2220, 0.8288
47.23, 0.2230, -1.073
47.24, 0.2240, 1.726
47.25, 0.2250, 0.8055
47.26, 0.2260, 1.827
47.27, 0.2270, 0.3887
47.28, 0.2280, 1.601
47.29, 0.2290, 0.2458
47.30, 0.2300, 0.8296
47.31, 0.2310, -1.417
47.32, 0.2320, 1.539
47.33, 0.2330, 2.708
47.34, 0.2340, 2.140
47.35, 0.2350, 2.659
47.36, 0.2360, 0.6211
47.37, 0.2370, 2.604
47.38, 0.2380, 1.642
47.39, 0.2390, 1.322
47.40, 0.2400, 2.798
47.41, 0.2410, 3.051
47.42, 0.2420, 3.169
47.43, 0.2430, 2.400
47.44, 0.2440, 1.279
47.45, 0.2450, -0.1446
47.46, 0.2460, 3.467
47.47, 0.2470, 0.1372
47.48, 0.2480, 3.238
47.49, 0.2490, 2.784
47.50, 0.2500, 4.177
47.51, 0.2510, -1.414
47.52, 0.2520, 2.546
47.53, 0.2530, 3.376
47.54, 0.2540, 2.901
47.55, 0.2550, 3.353
47.56, 0.2560, 3.092
47.57, 0.2570, 3.141
47.58, 0.2580, 2.738
47.59, 0.2590, 3.449
47.60, 0.2600, 4.946
47.61, 0.2610, 1.055
47.62, 0.2620, 3.138
47.63, 0.2630, 3.344
47.64, 0.2640, 2.848
47.65, 0.2650, 5.803
47.66, 0.2660, 2.845
47.67, 0.2670, 2.559
47.68, 0.2680, 1.178
47.69, 0.2690, 3.985
47.70, 0.2700, 2.297
47.71, 0.2710, 2.703
47.72, 0.2720, 3.723
47.73, 0.2730, 2.436
47.74, 0.2740, 3.892
47.75, 0.2750, 5.670
47.76, 0.2760, 3.243
47.77, 0.2770, 4.201
47.78, 0.2780, 2.163
47.79, 0.2790, 4.484
47.80, 0.2800, 4.135
47.81, 0.2810, 4.241
47.82, 0.2820, 3.217
47.83, 0.2830, 4.548
47.84, 0.2840, 2.459
47.85, 0.2850, 4.863
47.86, 0.2860, 4.776
47.87, 0.2870, 7.020
47.88, 0.2880, 4.128
47.89, 0.2890, 4.377
47.90, 0.2900, 4.954
47.91, 0.2910, 3.912
47.92, 0.2920, 4.224
47.93, 0.2930, 3.375
47.94, 0.2940, 4.858
47.95, 0.2950, 1.597
47.96, 0.2960, 5.216
47.97, 0.2970, 4.205
47.98, 0.2980, 3.526
47.99, 0.2990, 5.062
48.00, 0.3000, 3.941
48.01, 0.3010, 5.074
48.02, 0.3020, 7.500
48.03, 0.3030, 4.702
48.04, 0.3040, 6.637
48.05, 0.3050, 6.104
48.06, 0.3060, 4.115
48.07, 0.3070, 4.875
48.08, 0.3080, 4.896
48.09, 0.3090, 6.457
48.10, 0.3100, 5.410
48.11, 0.3110, 6.080
48.12, 0.3120, 5.466
48.13, 0.3130, 6.645
48.14, 0.3140, 4.804
48.15, 0.3150, 5.884
48.16, 0.3160, 6.307
48.17, 0.3170, 6.186
48.18, 0.3180, 4.599
48.19, 0.3190, 5.959
48.20, 0.3200, 6.413
48.21, 0.3210, 4.084
48.22, 0.3220, 6.666
48.23, 0.3230, 6.776
48.24, 0.3240, 5.304
48.25, 0.3250, 8.153
48.26, 0.3260, 7.785
48.27, 0.3270, 6.663
48.28, 0.3280, 5.872
48.29, 0.3290, 6.861
48.30, 0.3300, 6.353
48.31, 0.3310, 9.638
48.32, 0.3320, 8.076
48.33, 0.3330, 7.123
48.34, 0.3340, 5.772
48.35, 0.3350, 6.837
48.36, 0.3360, 7.854
48.37, 0.3370, 7.958
48.38, 0.3380, 6.466
48.39, 0.3390, 8.120
48.40, 0.3400, 9.066
48.41, 0.3410, 6.562
48.42, 0.3420, 7.811
48.43, 0.3430, 8.382
48.44, 0.3440, 7.822
48.45, 0.3450, 5.322
48.46, 0.3460, 6.493
48.47, 0.3470, 7.604
48.48, 0.3480, 9.867
48.49, 0.3490, 7.677
48.50, 0.3500, 8.534
48.51, 0.3510, 7.715
48.52, 0.3520, 8.120
48.53, 0.3530, 8.326
48.54, 0.3540, 8.182
48.55, 0.3550, 8.114
48.56, 0.3560, 7.651
48.57, 0.3570, 8.216
48.58, 0.3580, 9.291
48.59, 0.3590, 8.600
48.60, 0.3600, 8.523
48.61, 0.3610, 8.395
48.62, 0.3620, 11.11
48.63, 0.3630, 9.382
48.64, 0.3640, 8.861
48.65, 0.3650, 9.664
48.66, 0.3660, 9.740
48.67, 0.3670, 9.852
48.68, 0.3680, 8.945
48.69, 0.3690, 9.409
48.70, 0.3700, 8.567
48.71, 0.3710, 10.12
48.72, 0.3720, 8.797
48.73, 0.3730, 11.05
48.74, 0.3740, 9.508
48.75, 0.3750, 8.085
48.76, 0.3760, 8.471
48.77, 0.3770, 9.891
48.78, 0.3780, 9.507
48.79, 0.3790, 7.595
48.80, 0.3800, 8.996
48.81, 0.3810, 10.08
48.82, 0.3820, 10.43
48.83, 0.3830, 9.944
48.84, 0.3840, 12.08
48.85, 0.3850, 10.07
48.86, 0.3860, 9.811
48.87, 0.3870, 10.15
48.88, 0.3880, 10.20
48.89, 0.3890, 9.849
48.90, 0.3900, 10.49
48.91, 0.3910, 10.64
48.92, 0.3920, 10.64
48.93, 0.3930, 10.78
48.94, 0.3940, 9.941
48.95, 0.3950, 11.18
48.96, 0.3960, 10.64
48.97, 0.3970, 10.49
48.98, 0.3980, 10.48
48.99, 0.3990, 9.400
49.00, 0.4000, 12.42
49.01, 0.4010, 9.986
49.02, 0.4020, 10.86
49.03, 0.4030, 10.06
49.04, 0.4040, 12.82
49.05, 0.4050, 11.85
49.06, 0.4060, 10.40
49.07, 0.4070, 11.94
49.08, 0.4080, 8.962
49.09, 0.4090, 12.24
49.10, 0.4100, 14.36
49.11, 0.4110, 11.75
49.12, 0.4120, 13.69
49.13, 0.4130, 12.84
49.14, 0.4140, 12.06
49.15, 0.4150, 12.71
49.16, 0.4160, 11.52
49.17, 0.4170, 11.63
49.18, 0.4180, 11.66
49.19, 0.4190, 13.66
49.20, 0.4200, 11.77
49.21, 0.4210, 11.50
49.22, 0.4220, 11.64
49.23, 0.4230, 11.77
49.24, 0.4240, 10.66
49.25, 0.4250, 12.86
49.26, 0.4260, 11.30
49.27, 0.4270, 12.77
49.28, 0.4280, 11.68
49.29, 0.4290, 12.22
49.30, 0.4300, 12.58
49.31, 0.4310, 9.675
49.32, 0.4320, 11.76
49.33, 0.4330, 12.13
49.34, 0.4340, 10.84
49.35, 0.4350, 12.69
49.36, 0.4360, 10.63
49.37, 0.4370, 12.90
49.38, 0.4380, 11.74
49.39, 0.4390, 10.92
49.40, 0.4400, 13.65
49.41, 0.4410, 12.34
49.42, 0.4420, 13.03
49.43, 0.4430, 12.56
49.44, 0.4440, 12.70
49.45, 0.4450, 12.16
49.46, 0.4460, 12.76
49.47, 0.4470, 13.06
49.48, 0.4480, 12.89
49.49, 0.4490, 15.57
49.50, 0.4500, 13.32
49.51, 0.4510, 12.93
49.52, 0.4520, 13.79
49.53, 0.4530, 12.80
49.54, 0.4540, 11.63
49.55, 0.4550, 13.72
49.56, 0.4560, 15.60
49.57, 0.4570, 14.44
49.58, 0.4580, 14.39
49.59, 0.4590, 12.89
49.60, 0.4600, 15.43
49.61, 0.4610, 15.69
49.62, 0.4620, 13.14
49.63, 0.4630, 14.26
49.64, 0.4640, 13.12
49.65, 0.4650, 14.76
49.66, 0.4660, 13.78
49.67, 0.4670, 14.00
49.68, 0.4680, 13.58
49.69, 0.4690, 12.93
49.70, 0.4700, 13.71
49.71, 0.4710, 13.30
49.72, 0.4720, 14.90
49.73, 0.4730, 13.70
49.74, 0.4740, 13.08
49.75, 0.4750, 15.59
49.76, 0.4760, 14.26
49.77, 0.4770, 14.63
49.78, 0.4780, 14.80
49.79, 0.4790, 13.53
49.80, 0.4800, 13.33
49.81, 0.4810, 12.62
49.82, 0.4820, 17.26
49.83, 0.4830, 15.08
49.84, 0.4840, 14.76
49.85, 0.4850, 13.24
49.86, 0.4860, 15.17
49.87, 0.4870, 14.40
49.88, 0.4880, 14.87
49.89, 0.4890, 13.53
49.90, 0.4900, 16.44
49.91, 0.4910, 16.03
49.92, 0.4920, 14.49
49.93, 0.4930, 14.68
49.94, 0.4940, 14.61
49.95, 0.4950, 13.14
49.96, 0.4960, 16.79
49.97, 0.4970, 15.69
49.98, 0.4980, 14.55
49.99, 0.4990, 14.78
50.00, 0.5000, 15.36
50.01, 0.5010, 13.95
50.02, 0.5020, 13.08
50.03, 0.5030, 15.86
50.04, 0.5040, 15.36
50.05, 0.5050, 14.80
50.06, 0.5060, 14.14
50.07, 0.5070, 16.08
50.08, 0.5080, 15.00
50.09, 0.5090, 14.91
50.10, 0.5100, 14.15
50.11, 0.5110, 14.02
50.12, 0.5120, 14.59
50.13, 0.5130, 14.51
50.14, 0.5140, 12.27
50.15, 0.5150, 14.71
50.16, 0.5160, 13.04
50.17, 0.5170, 15.03
50.18, 0.5180, 13.83
50.19, 0.5190, 17.33
50.20, 0.5200, 16.54
50.21, 0.5210, 14.94
50.22, 0.5220, 15.26
50.23, 0.5230, 14.49
50.24, 0.5240, 16.05
50.25, 0.5250, 14.25
50.26, 0.5260, 15.64
50.27, 0.5270, 14.49
50.28, 0.5280, 15.01
50.29, 0.5290, 13.79
50.30, 0.5300, 17.32
50.31, 0.5310, 15.60
50.32, 0.5320, 16.11
50.33, 0.5330, 15.09
50.34, 0.5340, 16.64
50.35, 0.5350, 15.48
50.36, 0.5360, 15.14
50.37, 0.5370, 14.95
50.38, 0.5380, 15.75
50.39, 0.5390, 14.24
50.40, 0.5400, 18.21
50.41, 0.5410, 17.04
50.42, 0.5420, 16.01
50.43, 0.5430, 15.60
50.44, 0.5440, 16.06
50.45, 0.5450, 15.83
50.46, 0.5460, 15.14
50.47, 0.5470, 15.28
50.48, 0.5480, 15.55
50.49, 0.5490, 14.01
50.50, 0.5500, 15.72
50.51, 0.5510, 17.43
50.52, 0.5520, 16.11
50.53, 0.5530, 14.81
50.54, 0.5540, 15.53
50.55, 0.5550, 16.99
50.56, 0.5560, 14.97
50.57, 0.5570, 16.26
50.58, 0.5580, 17.35
50.59, 0.5590, 15.95
50.60, 0.5600, 17.12
50.61, 0.5610, 16.26
50.62, 0.5620, 15.48
50.63, 0.5630, 15.66
50.64, 0.5640, 15.17
50.65, 0.5650, 15.90
50.66, 0.5660, 15.52
50.67, 0.5670, 15.45
50.68, 0.5680, 15.67
50.69, 0.5690, 16.58
50.70, 0.5700, 17.97
50.71, 0.5710, 15.10
50.72, 0.5720, 15.26
50.73, 0.5730, 15.15
50.74, 0.5740, 15.87
50.75, 0.5750, 15.29
50.76, 0.5760, 17.64
50.77, 0.5770, 17.02
50.78, 0.5780, 17.62
50.79, 0.5790, 17.26
50.80, 0.5800, 16.87
50.81, 0.5810, 17.24
50.82, 0.5820, 16.42
50.83, 0.5830, 15.87
50.84, 0.5840, 15.55
50.85, 0.5850, 15.80
50.86, 0.5860, 15.60
50.87, 0.5870, 15.80
50.88, 0.5880, 16.88
50.89, 0.5890, 16.07
50.90, 0.5900, 16.40
50.91, 0.5910, 15.26
50.92, 0.5920, 17.60
50.93, 0.5930, 16.17
50.94, 0.5940, 16.72
50.95, 0.5950, 15.98
50.96, 0.5960, 15.83
50.97, 0.5970, 18.23
50.98, 0.5980, 17.43
50.99, 0.5990, 16.88
51.00, 0.6000, 16.07
51.01, 0.6010, 14.88
51.02, 0.6020, 17.23
51.03, 0.6030, 15.50
51.04, 0.6040, 17.05
51.05, 0.6050, 15.71
51.06, 0.6060, 17.04
51.07, 0.6070, 15.83
51.08, 0.6080, 17.03
51.09, 0.6090, 17.11
51.10, 0.6100, 16.34
51.11, 0.6110, 15.83
51.12, 0.6120, 15.20
51.13, 0.6130, 15.80
51.14, 0.6140, 18.33
51.15, 0.6150, 17.23
51.16, 0.6160, 15.78
51.17, 0.6170, 16.75
51.18, 0.6180, 16.71
51.19, 0.6190, 18.83
51.20, 0.6200, 16.69
51.21, 0.6210, 15.61
51.22, 0.6220, 16.58
51.23, 0.6230, 16.67
51.24, 0.6240, 17.69
51.25, 0.6250, 15.15
51.26, 0.6260, 16.38
51.27, 0.6270, 15.82
51.28, 0.6280, 16.15
51.29, 0.6290, 16.75
51.30, 0.6300, 16.03
51.31, 0.6310, 15.92
51.32, 0.6320, 17.04
51.33, 0.6330, 17.38
51.34, 0.6340, 16.86
51.35, 0.6350, 16.31
51.36, 0.6360, 16.60
51.37, 0.6370, 15.02
51.38, 0.6380, 17.25
51.39, 0.6390, 13.93
51.40, 0.6400, 17.01
51.41, 0.6410, 19.95
51.42, 0.6420, 17.13
51.43, 0.6430, 16.90
51.44, 0.6440, 17.00
51.45, 0.6450, 16.59
51.46, 0.6460, 17.17
51.47, 0.6470, 15.41
51.48, 0.6480, 16.56
51.49, 0.6490, 16.81
51.50, 0.6500, 15.85
51.51, 0.6510, 18.21
51.52, 0.6520, 17.63
51.53, 0.6530, 14.77
51.54, 0.6540, 17.85
51.55, 0.6550, 16.44
51.56, 0.6560, 19.34
51.57, 0.6570, 17.83
51.58, 0.6580, 18.05
51.59, 0.6590, 18.92
51.60, 0.6600, 17.56
51.61, 0.6610, 17.77
51.62, 0.6620, 18.23
51.63, 0.6630, 17.94
51.64, 0.6640, 17.71
51.65, 0.6650, 18.83
51.66, 0.6660, 17.22
51.67, 0.6670, 19.68
51.68, 0.6680, 17.09
51.69, 0.6690, 19.02
51.70, 0.6700, 17.28
51.71, 0.6710, 17.25
51.72, 0.6720, 18.78
51.73, 0.6730, 14.05
51.74, 0.6740, 17.59
51.75, 0.6750, 18.63
51.76, 0.6760, 17.96
51.77, 0.6770, 20.56
51.78, 0.6780, 17.41
51.79, 0.6790, 17.27
51.80, 0.6800, 17.62
51.81, 0.6810, 17.54
51.82, 0.6820, 18.05
51.83, 0.6830, 17.96
51.84, 0.6840, 20.28
51.85, 0.6850, 17.62
51.86, 0.6860, 19.49
51.87, 0.6870, 17.98
51.88, 0.6880, 18.67
51.89, 0.6890, 15.82
51.90, 0.6900, 17.69
51.91, 0.6910, 17.98
51.92, 0.6920, 18.58
51.93, 0.6930, 17.79
51.94, 0.6940, 16.17
51.95, 0.6950, 17.96
51.96, 0.6960, 18.40
51.97, 0.6970, 18.47
51.98, 0.6980, 16.96
51.99, 0.6990, 18.34
52.00, 0.7000, 18.13
52.01, 0.7010, 18.42
52.02, 0.7020, 19.04
52.03, 0.7030, 18.49
52.04, 0.7040, 15.63
52.05, 0.7050, 18.97
52.06, 0.7060, 17.42
52.07, 0.7070, 19.25
52.08, 0.7080, 17.68
52.09, 0.7090, 20.81
52.10, 0.7100, 17.09
52.11, 0.7110, 18.94
52.12, 0.7120, 18.23
52.13, 0.7130, 20.31
52.14, 0.7140, 18.57
52.15, 0.7150, 17.88
52.16, 0.7160, 18.94
52.17, 0.7170, 18.93
52.18, 0.7180, 18.15
52.19, 0.7190, 18.11
52.20, 0.7200, 17.95
52.21, 0.7210, 17.02
52.22, 0.7220, 20.53
52.23, 0.7230, 18.36
52.24, 0.7240, 18.08
52.25, 0.7250, 18.85
52.26, 0.7260, 16.88
52.27, 0.7270, 18.89
52.28, 0.7280, 18.32
52.29, 0.7290, 17.66
52.30, 0.7300, 18.67
52.31, 0.7310, 18.46
52.32, 0.7320, 20.61
52.33, 0.7330, 18.41
52.34, 0.7340, 19.78
52.35, 0.7350, 18.91
52.36, 0.7360, 18.93
52.37, 0.7370, 18.65
52.38, 0.7380, 20.85
52.39, 0.7390, 19.20
52.40, 0.7400, 17.96
52.41, 0.7410, 19.12
52.42, 0.7420, 19.24
52.43, 0.7430, 18.86
52.44, 0.7440, 16.59
52.45, 0.7450, 19.10
52.46, 0.7460, 19.43
52.47, 0.7470, 17.80
52.48, 0.7480, 19.60
52.49, 0.7490, 19.75
52.50, 0.7500, 19.15
52.51, 0.7510, 18.70
52.52, 0.7520, 20.11
52.53, 0.7530, 19.39
52.54, 0.7540, 17.70
52.55, 0.7550, 17.74
52.56, 0.7560, 19.24
52.57, 0.7570, 18.59
52.58, 0.7580, 18.35
52.59, 0.7590, 20.16
52.60, 0.7600, 18.09
52.61, 0.7610, 19.15
52.62, 0.7620, 17.59
52.63, 0.7630, 18.28
52.64, 0.7640, 18.60
52.65, 0.7650, 21.04
52.66, 0.7660, 18.75
52.67, 0.7670, 19.23
52.68, 0.7680, 17.90
52.69, 0.7690, 18.69
52.70, 0.7700, 20.46
52.71, 0.7710, 19.41
52.72, 0.7720, 18.46
52.73, 0.7730, 18.38
52.74, 0.7740, 18.75
52.75, 0.7750, 18.30
52.76, 0.7760, 19.23
52.77, 0.7770, 18.38
52.78, 0.7780, 18.24
52.79, 0.7790, 19.83
52.80, 0.7800, 19.83
52.81, 0.7810, 19.16
52.82, 0.7820, 18.86
52.83, 0.7830, 18.22
52.84, 0.7840, 19.21
52.85, 0.7850, 21.51
52.86, 0.7860, 20.79
52.87, 0.7870, 19.31
52.88, 0.7880, 18.90
52.89, 0.7890, 19.00
52.90, 0.7900, 19.07
52.91, 0.7910, 18.37
52.92, 0.7920, 18.82
52.93, 0.7930, 18.80
52.94, 0.7940, 18.65
52.95, 0.7950, 16.33
52.96, 0.7960, 20.38
52.97, 0.7970, 20.02
52.98, 0.7980, 19.21
52.99, 0.7990, 20.04
53.00, 0.8000, 19.33
53.01, 0.8010, 17.20
53.02, 0.8020, 19.71
53.03, 0.8030, 19.55
53.04, 0.8040, 18.58
53.05, 0.8050, 18.57
53.06, 0.8060, 20.64
53.07, 0.8070, 19.61
53.08, 0.8080, 20.04
53.09, 0.8090, 19.30
53.10, 0.8100, 18.05
53.11, 0.8110, 19.22
53.12, 0.8120, 18.99
53.13, 0.8130, 20.50
53.14, 0.8140, 19.87
53.15, 0.8150, 17.71
53.16, 0.8160, 18.20
53.17, 0.8170, 18.13
53.18, 0.8180, 18.47
53.19, 0.8190, 19.92
53.20, 0.8200, 19.92
53.21, 0.8210, 18.88
53.22, 0.8220, 21.07
53.23, 0.8230, 19.66
53.24, 0.8240, 18.83
53.25, 0.8250, 20.37
53.26, 0.8260, 19.82
53.27, 0.8270, 17.26
53.28, 0.8280, 19.93
53.29, 0.8290, 21.04
53.30, 0.8300, 20.04
53.31, 0.8310, 20.79
53.32, 0.8320, 20.22
53.33, 0.8330, 20.18
53.34, 0.8340, 19.66
53.35, 0.8350, 19.85
53.36, 0.8360, 17.87
53.37, 0.8370, 19.82
53.38, 0.8380, 19.03
53.39, 0.8390, 19.61
53.40, 0.8400, 19.29
53.41, 0.8410, 19.71
53.42, 0.8420, 19.78
53.43, 0.8430, 19.71
53.44, 0.8440, 17.91
53.45, 0.8450, 19.70
53.46, 0.8460, 19.41
53.47, 0.8470, 20.22
53.48, 0.8480, 20.69
53.49, 0.8490, 20.23
53.50, 0.8500, 19.49
53.51, 0.8510, 19.21
53.52, 0.8520, 21.05
53.53, 0.8530, 19.57
53.54, 0.8540, 20.48
53.55, 0.8550, 19.01
53.56, 0.8560, 22.79
53.57, 0.8570, 20.72
53.58, 0.8580, 19.64
53.59, 0.8590, 20.56
53.60, 0.8600, 20.09
53.61, 0.8610, 18.66
53.62, 0.8620, 19.38
53.63, 0.8630, 19.75
53.64, 0.8640, 19.77
53.65, 0.8650, 20.88
53.66, 0.8660, 19.74
53.67, 0.8670, 21.22
53.68, 0.8680, 19.94
53.69, 0.8690, 19.34
53.70, 0.8700, 22.16
53.71, 0.8710, 21.64
53.72, 0.8720, 20.60
53.73, 0.8730, 20.93
53.74, 0.8740, 21.30
53.75, 0.8750, 21.17
53.76, 0.8760, 19.97
53.77, 0.8770, 20.08
53.78, 0.8780, 20.48
53.79, 0.8790, 21.24
53.80, 0.8800, 21.45
53.81, 0.8810, 20.26
53.82, 0.8820, 21.62
53.83, 0.8830, 21.39
53.84, 0.8840, 21.26
53.85, 0.8850, 21.40
53.86, 0.8860, 20.34
53.87, 0.8870, 20.40
53.88, 0.8880, 19.79
53.89, 0.8890, 21.52
53.90, 0.8900, 23.65
53.91, 0.8910, 21.89
53.92, 0.8920, 20.51
53.93, 0.8930, 19.08
53.94, 0.8940, 20.62
53.95, 0.8950, 21.17
53.96, 0.8960, 20.48
53.97, 0.8970, 20.80
53.98, 0.8980, 21.24
53.99, 0.8990, 21.09
54.00, 0.9000, 20.46
54.01, 0.9010, 22.79
54.02, 0.9020, 22.75
54.03, 0.9030, 20.92
54.04, 0.9040, 20.57
54.05, 0.9050, 20.76
54.06, 0.9060, 20.06
54.07, 0.9070, 22.68
54.08, 0.9080, 21.14
54.09, 0.9090, 21.38
54.10, 0.9100, 21.27
54.11, 0.9110, 22.82
54.12, 0.9120, 21.92
54.13, 0.9130, 22.11
54.14, 0.9140, 22.08
54.15, 0.9150, 21.24
54.16, 0.9160, 19.70
54.17, 0.9170, 22.65
54.18, 0.9180, 22.91
54.19, 0.9190, 22.78
54.20, 0.9200, 21.42
54.21, 0.9210, 20.61
54.22, 0.9220, 23.26
54.23, 0.9230, 21.45
54.24, 0.9240, 21.81
54.25, 0.9250, 21.68
54.26, 0.9260, 21.36
54.27, 0.9270, 24.25
54.28, 0.9280, 20.74
54.29, 0.9290, 20.52
54.30, 0.9300, 20.50
54.31, 0.9310, 21.81
54.32, 0.9320, 22.70
54.33, 0.9330, 22.71
54.34, 0.9340, 22.18
54.35, 0.9350, 20.18
54.36, 0.9360, 22.45
54.37, 0.9370, 22.60
54.38, 0.9380, 22.33
54.39, 0.9390, 20.54
54.40, 0.9400, 21.61
54.41, 0.9410, 22.53
54.42, 0.9420, 22.20
54.43, 0.9430, 22.45
54.44, 0.9440, 21.28
54.45, 0.9450, 23.14
54.46, 0.9460, 22.12
54.47, 0.9470, 21.98
54.48, 0.9480, 23.25
54.49, 0.9490, 22.31
54.50, 0.9500, 22.51
54.51, 0.9510, 22.29
54.52, 0.9520, 21.96
54.53, 0.9530, 21.60
54.54, 0.9540, 22.95
54.55, 0.9550, 23.00
54.56, 0.9560, 22.93
54.57, 0.9570, 22.86
54.58, 0.9580, 23.37
54.59, 0.9590, 23.14
54.60, 0.9600, 21.46
54.61, 0.9610, 25.71
54.62, 0.9620, 23.67
54.63, 0.9630, 23.39
54.64, 0.9640, 23.09
54.65, 0.9650, 24.13
54.66, 0.9660, 22.75
54.67, 0.9670, 23.60
54.68, 0.9680, 22.68
54.69, 0.9690, 23.49
54.70, 0.9700, 23.25
54.71, 0.9710, 24.00
54.72, 0.9720, 23.88
54.73, 0.9730, 22.39
54.74, 0.9740, 22.93
54.75, 0.9750, 23.64
54.76, 0.9760, 23.00
54.77, 0.9770, 21.62
54.78, 0.9780, 25.28
54.79, 0.9790, 24.07
54.80, 0.9800, 24.08
54.81, 0.9810, 24.20
54.82, 0.9820, 22.20
54.83, 0.9830, 24.58
54.84, 0.9840, 23.09
54.85, 0.9850, 24.20
54.86, 0.9860, 23.75
54.87, 0.9870, 22.66
54.88, 0.9880, 23.18
54.89, 0.9890, 23.67
54.90, 0.9900, 24.40
54.91, 0.9910, 23.47
54.92, 0.9920, 22.86
54.93, 0.9930, 24.25
54.94, 0.9940, 24.42
54.95, 0.9950, 23.22
54.96, 0.9960, 25.87
54.97, 0.9970, 25.25
54.98, 0.9980, 24.49
54.99, 0.9990, 23.80
55.00, 1.000, 25.42
55.01, 1.001, 21.60
55.02, 1.002, 24.22
55.03, 1.003, 24.20
55.04, 1.004, 23.52
55.05, 1.005, 24.90
55.06, 1.006, 24.60
55.07, 1.007, 24.49
55.08, 1.008, 22.74
55.09, 1.009, 24.14
55.10, 1.010, 25.90
55.11, 1.011, 23.89
55.12, 1.012, 24.04
55.13, 1.013, 23.05
55.14, 1.014, 24.59
55.15, 1.015, 23.51
55.16, 1.016, 24.53
55.17, 1.017, 24.05
55.18, 1.018, 26.08
55.19, 1.019, 25.71
55.20, 1.020, 24.19
55.21, 1.021, 24.58
55.22, 1.022, 25.53
55.23, 1.023, 25.04
55.24, 1.024, 23.88
55.25, 1.025, 24.63
55.26, 1.026, 27.96
55.27, 1.027, 26.29
55.28, 1.028, 25.36
55.29, 1.029, 25.35
55.30, 1.030, 24.40
55.31, 1.031, 24.98
55.32, 1.032, 27.32
55.33, 1.033, 25.43
55.34, 1.034, 25.87
55.35, 1.035, 25.88
55.36, 1.036, 23.73
55.37, 1.037, 28.26
55.38, 1.038, 26.94
55.39, 1.039, 25.78
55.40, 1.040, 25.40
55.41, 1.041, 26.09
55.42, 1.042, 26.11
55.43, 1.043, 26.56
55.44, 1.044, 26.46
55.45, 1.045, 26.43
55.46, 1.046, 25.51
55.47, 1.047, 28.35
55.48, 1.048, 26.87
55.49, 1.049, 29.96
55.50, 1.050, 26.81
55.51, 1.051, 26.38
55.52, 1.052, 26.52
55.53, 1.053, 27.92
55.54, 1.054, 27.29
55.55, 1.055, 25.58
55.56, 1.056, 27.35
55.57, 1.057, 27.81
55.58, 1.058, 27.08
55.59, 1.059, 26.20
55.60, 1.060, 26.79
55.61, 1.061, 27.49
55.62, 1.062, 26.15
55.63, 1.063, 26.54
55.64, 1.064, 27.99
55.65, 1.065, 27.20
55.66, 1.066, 23.83
55.67, 1.067, 28.05
55.68, 1.068, 27.68
55.69, 1.069, 27.65
55.70, 1.070, 27.62
55.71, 1.071, 27.86
55.72, 1.072, 28.02
55.73, 1.073, 28.33
55.74, 1.074, 29.03
55.75, 1.075, 26.14
55.76, 1.076, 28.00
55.77, 1.077, 27.90
55.78, 1.078, 28.27
55.79, 1.079, 29.09
55.80, 1.080, 28.52
55.81, 1.081, 28.57
55.82, 1.082, 28.93
55.83, 1.083, 28.49
55.84, 1.084, 29.76
55.85, 1.085, 29.56
55.86, 1.086, 28.76
55.87, 1.087, 29.59
55.88, 1.088, 28.98
55.89, 1.089, 29.23
55.90, 1.090, 29.52
55.91, 1.091, 29.43
55.92, 1.092, 29.68
55.93, 1.093, 30.99
55.94, 1.094, 29.73
55.95, 1.095, 29.44
55.96, 1.096, 31.20
55.97, 1.097, 29.40
55.98, 1.098, 30.24
55.99, 1.099, 29.90
56.00, 1.100, 29.20
56.01, 1.101, 29.65
56.02, 1.102, 28.83
56.03, 1.103, 29.89
56.04, 1.104, 29.76
56.05, 1.105, 31.52
56.06, 1.106, 30.27
56.07, 1.107, 30.06
56.08, 1.108, 31.27
56.09, 1.109, 30.96
56.10, 1.110, 31.79
56.11, 1.111, 31.10
56.12, 1.112, 32.08
56.13, 1.113, 30.80
56.14, 1.114, 30.43
56.15, 1.115, 31.78
56.16, 1.116, 31.50
56.17, 1.117, 28.89
56.18, 1.118, 33.96
56.19, 1.119, 32.28
56.20, 1.120, 32.37
56.21, 1.121, 31.67
56.22, 1.122, 34.21
56.23, 1.123, 33.34
56.24, 1.124, 32.44
56.25, 1.125, 34.70
56.26, 1.126, 33.67
56.27, 1.127, 34.01
56.28, 1.128, 33.91
56.29, 1.129, 37.23
56.30, 1.130, 33.94
56.31, 1.131, 34.40
56.32, 1.132, 33.00
56.33, 1.133, 34.79
56.34, 1.134, 32.93
56.35, 1.135, 34.78
56.36, 1.136, 34.84
56.37, 1.137, 32.77
56.38, 1.138, 35.07
56.39, 1.139, 35.25
56.40, 1.140, 34.03
56.41, 1.141, 36.74
56.42, 1.142, 35.49
56.43, 1.143, 35.93
56.44, 1.144, 37.01
56.45, 1.145, 36.13
56.46, 1.146, 35.78
56.47, 1.147, 35.84
56.48, 1.148, 35.02
56.49, 1.149, 38.67
56.50, 1.150, 37.03
56.51, 1.151, 36.84
56.52, 1.152, 36.85
56.53, 1.153, 37.37
56.54, 1.154, 36.92
56.55, 1.155, 37.08
56.56, 1.156, 36.74
56.57, 1.157, 37.99
56.58, 1.158, 38.36
56.59, 1.159, 40.01
56.60, 1.160, 39.68
56.61, 1.161, 40.11
56.62, 1.162, 39.28
56.63, 1.163, 40.25
56.64, 1.164, 40.58
56.65, 1.165, 39.70
56.66, 1.166, 38.74
56.67, 1.167, 39.17
56.68, 1.168, 40.44
56.69, 1.169, 41.48
56.70, 1.170, 42.24
56.71, 1.171, 40.54
56.72, 1.172, 39.65
56.73, 1.173, 41.89
56.74, 1.174, 42.65
56.75, 1.175, 41.46
56.76, 1.176, 42.38
56.77, 1.177, 42.69
56.78, 1.178, 42.69
56.79, 1.179, 42.31
56.80, 1.180, 43.18
56.81, 1.181, 41.92
56.82, 1.182, 40.58
56.83, 1.183, 44.60
56.84, 1.184, 45.36
56.85, 1.185, 45.03
56.86, 1.186, 44.30
56.87, 1.187, 45.19
56.88, 1.188, 42.62
56.89, 1.189, 43.14
56.90, 1.190, 42.34
56.91, 1.191, 46.80
56.92, 1.192, 45.58
56.93, 1.193, 44.17
56.94, 1.194, 44.67
56.95, 1.195, 46.89
56.96, 1.196, 47.11
56.97, 1.197, 45.97
56.98, 1.198, 45.88
56.99, 1.199, 46.56
57.00, 1.200, 46.49
57.01, 1.201, 47.42
57.02, 1.202, 47.35
57.03, 1.203, 45.71
57.04, 1.204, 47.58
57.05, 1.205, 48.82
57.06, 1.206, 48.43
57.07, 1.207, 48.89
57.08, 1.208, 49.47
57.09, 1.209, 49.11
57.10, 1.210, 49.04
57.11, 1.211, 49.76
57.12, 1.212, 50.01
57.13, 1.213, 50.37
57.14, 1.214, 50.67
57.15, 1.215, 50.41
57.16, 1.216, 50.40
57.17, 1.217, 51.36
57.18, 1.218, 50.15
57.19, 1.219, 51.65
57.20, 1.220, 50.94
57.21, 1.221, 49.03
57.22, 1.222, 53.43
57.23, 1.223, 52.10
57.24, 1.224, 53.10
57.25, 1.225, 53.30
57.26, 1.226, 53.44
57.27, 1.227, 52.68
57.28, 1.228, 52.43
57.29, 1.229, 52.65
57.30, 1.230, 54.18
57.31, 1.231, 54.46
57.32, 1.232, 53.67
57.33, 1.233, 55.01
57.34, 1.234, 53.95
57.35, 1.235, 54.31
57.36, 1.236, 54.23
57.37, 1.237, 55.61
57.38, 1.238, 54.11
57.39, 1.239, 56.94
57.40, 1.240, 55.75
57.41, 1.241, 55.84
57.42, 1.242, 54.93
57.43, 1.243, 56.09
57.44, 1.244, 55.59
57.45, 1.245, 56.66
57.46, 1.246, 59.26
57.47, 1.247, 58.12
57.48, 1.248, 58.98
57.49, 1.249, 58.54
57.50, 1.250, 58.64
57.51, 1.251, 58.81
57.52, 1.252, 56.77
57.53, 1.253, 58.72
57.54, 1.254, 57.16
57.55, 1.255, 58.03
57.56, 1.256, 57.72
57.57, 1.257, 57.39
57.58, 1.258, 57.34
57.59, 1.259, 58.18
57.60, 1.260, 57.42
57.61, 1.261, 59.64
57.62, 1.262, 58.78
57.63, 1.263, 60.05
57.64, 1.264, 60.00
57.65, 1.265, 60.18
57.66, 1.266, 60.29
57.67, 1.267, 60.76
57.68, 1.268, 61.01
57.69, 1.269, 62.16
57.70, 1.270, 62.19
57.71, 1.271, 61.25
57.72, 1.272, 61.71
57.73, 1.273, 63.39
57.74, 1.274, 64.04
57.75, 1.275, 64.46
57.76, 1.276, 62.28
57.77, 1.277, 63.51
57.78, 1.278, 64.38
57.79, 1.279, 62.23
57.80, 1.280, 63.12
57.81, 1.281, 64.28
57.82, 1.282, 64.96
57.83, 1.283, 62.60
57.84, 1.284, 63.10
57.85, 1.285, 63.90
57.86, 1.286, 64.18
57.87, 1.287, 65.45
57.88, 1.288, 66.39
57.89, 1.289, 65.04
57.90, 1.290, 65.47
57.91, 1.291, 66.42
57.92, 1.292, 65.99
57.93, 1.293, 67.71
57.94, 1.294, 65.82
57.95, 1.295, 65.89
57.96, 1.296, 66.54
57.97, 1.297, 66.80
57.98, 1.298, 67.26
57.99, 1.299, 68.21
58.00, 1.300, 68.55
58.01, 1.301, 67.40
58.02, 1.302, 67.61
58.03, 1.303, 67.91
58.04, 1.304, 69.62
58.05, 1.305, 67.83
58.06, 1.306, 66.83
58.07, 1.307, 67.38
58.08, 1.308, 68.55
58.09, 1.309, 68.85
58.10, 1.310, 70.54
58.11, 1.311, 66.99
58.12, 1.312, 68.34
58.13, 1.313, 68.80
58.14, 1.314, 67.86
58.15, 1.315, 67.55
58.16, 1.316, 69.11
58.17, 1.317, 69.32
58.18, 1.318, 69.89
58.19, 1.319, 70.22
58.20, 1.320, 70.75
58.21, 1.321, 68.47
58.22, 1.322, 69.52
58.23, 1.323, 69.02
58.24, 1.324, 69.39
58.25, 1.325, 69.79
58.26, 1.326, 70.96
58.27, 1.327, 70.45
58.28, 1.328, 69.55
58.29, 1.329, 71.24
58.30, 1.330, 70.74
58.31, 1.331, 72.50
58.32, 1.332, 70.78
58.33, 1.333, 72.07
58.34, 1.334, 73.24
58.35, 1.335, 71.20
58.36, 1.336, 71.32
58.37, 1.337, 71.96
58.38, 1.338, 72.54
58.39, 1.339, 72.19
58.40, 1.340, 73.10
58.41, 1.341, 73.54
58.42, 1.342, 73.31
58.43, 1.343, 73.77
58.44, 1.344, 73.65
58.45, 1.345, 72.81
58.46, 1.346, 73.03
58.47, 1.347, 72.42
58.48, 1.348, 76.00
58.49, 1.349, 74.90
58.50, 1.350, 72.32
58.51, 1.351, 71.38
58.52, 1.352, 75.42
58.53, 1.353, 74.23
58.54, 1.354, 74.71
58.55, 1.355, 74.27
58.56, 1.356, 74.03
58.57, 1.357, 72.85
58.58, 1.358, 74.55
58.59, 1.359, 75.69
58.60, 1.360, 74.41
58.61, 1.361, 72.84
58.62, 1.362, 75.32
58.63, 1.363, 74.27
58.64, 1.364, 76.41
58.65, 1.365, 75.51
58.66, 1.366, 75.45
58.67, 1.367, 75.05
58.68, 1.368, 74.67
58.69, 1.369, 76.11
58.70, 1.370, 76.04
58.71, 1.371, 76.19
58.72, 1.372, 76.36
58.73, 1.373, 75.53
58.74, 1.374, 75.26
58.75, 1.375, 77.05
58.76, 1.376, 75.78
58.77, 1.377, 76.15
58.78, 1.378, 75.89
58.79, 1.379, 75.85
58.80, 1.380, 73.50
58.81, 1.381, 74.50
58.82, 1.382, 78.98
58.83, 1.383, 76.32
58.84, 1.384, 76.98
58.85, 1.385, 76.92
58.86, 1.386, 76.88
58.87, 1.387, 77.82
58.88, 1.388, 78.18
58.89, 1.389, 76.74
58.90, 1.390, 78.65
58.91, 1.391, 78.12
58.92, 1.392, 78.04
58.93, 1.393, 78.39
58.94, 1.394, 77.51
58.95, 1.395, 77.35
58.96, 1.396, 77.63
58.97, 1.397, 77.34
58.98, 1.398, 79.24
58.99, 1.399, 79.24
59.00, 1.400, 79.20
59.01, 1.401, 80.05
59.02, 1.402, 77.46
59.03, 1.403, 78.96
59.04, 1.404, 79.60
59.05, 1.405, 79.06
59.06, 1.406, 77.99
59.07, 1.407, 77.96
59.08, 1.408, 77.86
59.09, 1.409, 79.19
59.10, 1.410, 79.88
59.11, 1.411, 79.10
59.12, 1.412, 78.39
59.13, 1.413, 78.49
59.14, 1.414, 79.67
59.15, 1.415, 80.11
59.16, 1.416, 79.59
59.17, 1.417, 80.37
59.18, 1.418, 80.14
59.19, 1.419, 78.78
59.20, 1.420, 82.31
59.21, 1.421, 81.49
59.22, 1.422, 80.66
59.23, 1.423, 81.14
59.24, 1.424, 80.75
59.25, 1.425, 80.69
59.26, 1.426, 81.06
59.27, 1.427, 82.00
59.28, 1.428, 80.92
59.29, 1.429, 81.61
59.30, 1.430, 81.76
59.31, 1.431, 79.85
59.32, 1.432, 81.33
59.33, 1.433, 81.09
59.34, 1.434, 81.75
59.35, 1.435, 81.96
59.36, 1.436, 81.38
59.37, 1.437, 81.60
59.38, 1.438, 82.63
59.39, 1.439, 82.20
59.40, 1.440, 80.39
59.41, 1.441, 81.94
59.42, 1.442, 82.84
59.43, 1.443, 82.76
59.44, 1.444, 83.50
59.45, 1.445, 82.55
59.46, 1.446, 83.65
59.47, 1.447, 82.89
59.48, 1.448, 82.02
59.49, 1.449, 83.70
59.50, 1.450, 85.35
59.51, 1.451, 83.27
59.52, 1.452, 82.33
59.53, 1.453, 82.52
59.54, 1.454, 82.10
59.55, 1.455, 83.52
59.56, 1.456, 84.73
59.57, 1.457, 85.56
59.58, 1.458, 85.00
59.59, 1.459, 84.77
59.60, 1.460, 85.94
59.61, 1.461, 84.95
59.62, 1.462, 85.81
59.63, 1.463, 87.06
59.64, 1.464, 86.01
59.65, 1.465, 86.58
59.66, 1.466, 86.19
59.67, 1.467, 85.91
59.68, 1.468, 85.05
59.69, 1.469, 85.89
59.70, 1.470, 86.38
59.71, 1.471, 84.72
59.72, 1.472, 84.85
59.73, 1.473, 86.03
59.74, 1.474, 86.30
59.75, 1.475, 88.83
59.76, 1.476, 89.48
59.77, 1.477, 87.20
59.78, 1.478, 86.91
59.79, 1.479, 86.99
59.80, 1.480, 87.07
59.81, 1.481, 86.84
59.82, 1.482, 87.25
59.83, 1.483, 87.84
59.84, 1.484, 88.19
59.85, 1.485, 88.12
59.86, 1.486, 88.26
59.87, 1.487, 87.15
59.88, 1.488, 88.10
59.89, 1.489, 88.00
59.90, 1.490, 87.22
59.91, 1.491, 91.74
59.92, 1.492, 89.32
59.93, 1.493, 89.60
59.94, 1.494, 88.49
59.95, 1.495, 88.39
59.96, 1.496, 89.51
59.97, 1.497, 90.84
59.98, 1.498, 90.57
59.99, 1.499, 90.98
60.00, 1.500, 90.33
60.01, 1.501, 89.25
60.02, 1.502, 90.71
60.03, 1.503, 89.30
60.04, 1.504, 87.97
60.05, 1.505, 92.38
60.06, 1.506, 91.15
60.07, 1.507, 91.85
60.08, 1.508, 92.00
60.09, 1.509, 93.36
60.10, 1.510, 92.46
60.11, 1.511, 91.52
60.12, 1.512, 93.16
60.13, 1.513, 92.52
60.14, 1.514, 93.57
60.15, 1.515, 92.47
60.16, 1.516, 92.10
60.17, 1.517, 93.59
60.18, 1.518, 93.88
60.19, 1.519, 94.55
60.20, 1.520, 95.48
60.21, 1.521, 93.17
60.22, 1.522, 92.69
60.23, 1.523, 92.10
60.24, 1.524, 95.58
60.25, 1.525, 94.40
60.26, 1.526, 93.82
60.27, 1.527, 93.75
60.28, 1.528, 94.18
60.29, 1.529, 94.54
60.30, 1.530, 95.65
60.31, 1.531, 94.80
60.32, 1.532, 94.32
60.33, 1.533, 94.54
60.34, 1.534, 95.39
60.35, 1.535, 95.89
60.36, 1.536, 95.19
60.37, 1.537, 94.82
60.38, 1.538, 95.06
60.39, 1.539, 95.20
60.40, 1.540, 96.39
60.41, 1.541, 96.64
60.42, 1.542, 96.70
60.43, 1.543, 98.35
60.44, 1.544, 98.19
60.45, 1.545, 99.96
60.46, 1.546, 99.32
60.47, 1.547, 99.13
60.48, 1.548, 98.29
60.49, 1.549, 98.35
60.50, 1.550, 98.35
60.51, 1.551, 99.64
60.52, 1.552, 100.4
60.53, 1.553, 98.73
60.54, 1.554, 100.1
60.55, 1.555, 100.1
60.56, 1.556, 98.80
60.57, 1.557, 100.6
60.58, 1.558, 101.2
60.59, 1.559, 101.1
60.60, 1.560, 101.2
60.61, 1.561, 100.9
60.62, 1.562, 101.5
60.63, 1.563, 103.4
60.64, 1.564, 101.7
60.65, 1.565, 101.7
60.66, 1.566, 101.6
60.67, 1.567, 102.0
60.68, 1.568, 101.4
60.69, 1.569, 102.7
60.70, 1.570, 103.7
60.71, 1.571, 103.3
60.72, 1.572, 102.2
60.73, 1.573, 103.5
60.74, 1.574, 103.6
60.75, 1.575, 103.6
60.76, 1.576, 104.2
60.77, 1.577, 104.4
60.78, 1.578, 105.1
60.79, 1.579, 107.1
60.80, 1.580, 104.3
60.81, 1.581, 104.3
60.82, 1.582, 105.6
60.83, 1.583, 106.4
60.84, 1.584, 105.8
60.85, 1.585, 107.3
60.86, 1.586, 107.7
60.87, 1.587, 107.1
60.88, 1.588, 107.7
60.89, 1.589, 110.5
60.90, 1.590, 108.8
60.91, 1.591, 109.5
60.92, 1.592, 107.8
60.93, 1.593, 108.3
60.94, 1.594, 109.9
60.95, 1.595, 107.9
60.96, 1.596, 109.1
60.97, 1.597, 109.6
60.98, 1.598, 110.5
60.99, 1.599, 109.4
61.00, 1.600, 110.0
61.01, 1.601, 109.5
61.02, 1.602, 111.6
61.03, 1.603, 111.0
61.04, 1.604, 111.3
61.05, 1.605, 111.7
61.06, 1.606, 111.5
61.07, 1.607, 110.8
61.08, 1.608, 111.9
61.09, 1.609, 112.8
61.10, 1.610, 113.4
61.11, 1.611, 114.4
61.12, 1.612, 112.4
61.13, 1.613, 113.2
61.14, 1.614, 114.5
61.15, 1.615, 113.7
61.16, 1.616, 113.7
61.17, 1.617, 114.2
61.18, 1.618, 113.5
61.19, 1.619, 115.6
61.20, 1.620, 116.9
61.21, 1.621, 114.4
61.22, 1.622, 114.6
61.23, 1.623, 116.2
61.24, 1.624, 115.9
61.25, 1.625, 116.5
61.26, 1.626, 116.7
61.27, 1.627, 117.3
61.28, 1.628, 115.7
61.29, 1.629, 115.8
61.30, 1.630, 117.4
61.31, 1.631, 118.0
61.32, 1.632, 118.5
61.33, 1.633, 117.9
61.34, 1.634, 119.1
61.35, 1.635, 118.5
61.36, 1.636, 120.6
61.37, 1.637, 120.7
61.38, 1.638, 120.7
61.39, 1.639, 119.9
61.40, 1.640, 121.3
61.41, 1.641, 118.4
61.42, 1.642, 123.7
61.43, 1.643, 122.6
61.44, 1.644, 121.0
61.45, 1.645, 121.7
61.46, 1.646, 121.1
61.47, 1.647, 121.5
61.48, 1.648, 122.9
61.49, 1.649, 123.0
61.50, 1.650, 122.7
61.51, 1.651, 124.2
61.52, 1.652, 124.6
61.53, 1.653, 124.4
61.54, 1.654, 123.9
61.55, 1.655, 125.1
61.56, 1.656, 126.2
61.57, 1.657, 125.1
61.58, 1.658, 126.0
61.59, 1.659, 126.2
61.60, 1.660, 126.7
61.61, 1.661, 127.9
61.62, 1.662, 127.7
61.63, 1.663, 126.9
61.64, 1.664, 126.2
61.65, 1.665, 128.3
61.66, 1.666, 129.8
61.67, 1.667, 130.4
61.68, 1.668, 132.2
61.69, 1.669, 130.2
61.70, 1.670, 132.1
61.71, 1.671, 132.7
61.72, 1.672, 131.7
61.73, 1.673, 131.5
61.74, 1.674, 132.3
61.75, 1.675, 132.3
61.76, 1.676, 133.2
61.77, 1.677, 133.6
61.78, 1.678, 132.8
61.79, 1.679, 134.6
61.80, 1.680, 134.2
61.81, 1.681, 134.5
61.82, 1.682, 135.5
61.83, 1.683, 135.2
61.84, 1.684, 135.3
61.85, 1.685, 135.9
61.86, 1.686, 136.2
61.87, 1.687, 136.8
61.88, 1.688, 138.3
61.89, 1.689, 137.8
61.90, 1.690, 137.2
61.91, 1.691, 137.8
61.92, 1.692, 138.8
61.93, 1.693, 139.8
61.94, 1.694, 140.5
61.95, 1.695, 141.4
61.96, 1.696, 141.6
61.97, 1.697, 139.0
61.98, 1.698, 140.9
61.99, 1.699, 141.9
62.00, 1.700, 141.5
62.01, 1.701, 141.1
62.02, 1.702, 144.1
62.03, 1.703, 142.1
62.04, 1.704, 143.6
62.05, 1.705, 144.1
62.06, 1.706, 144.8
62.07, 1.707, 143.7
62.08, 1.708, 145.5
62.09, 1.709, 146.9
62.10, 1.710, 147.2
62.11, 1.711, 147.1
62.12, 1.712, 148.4
62.13, 1.713, 147.5
62.14, 1.714, 148.8
62.15, 1.715, 149.2
62.16, 1.716, 150.3
62.17, 1.717, 151.7
62.18, 1.718, 149.6
62.19, 1.719, 150.9
62.20, 1.720, 150.9
62.21, 1.721, 151.4
62.22, 1.722, 153.8
62.23, 1.723, 155.6
62.24, 1.724, 153.2
62.25, 1.725, 154.5
62.26, 1.726, 156.0
62.27, 1.727, 155.2
62.28, 1.728, 155.7
62.29, 1.729, 155.9
62.30, 1.730, 156.5
62.31, 1.731, 157.3
62.32, 1.732, 159.5
62.33, 1.733, 158.5
62.34, 1.734, 159.7
62.35, 1.735, 161.1
62.36, 1.736, 160.7
62.37, 1.737, 158.3
62.38, 1.738, 161.1
62.39, 1.739, 162.4
62.40, 1.740, 162.7
62.41, 1.741, 163.5
62.42, 1.742, 164.5
62.43, 1.743, 162.8
62.44, 1.744, 165.6
62.45, 1.745, 165.6
62.46, 1.746, 166.2
62.47, 1.747, 167.0
62.48, 1.748, 166.0
62.49, 1.749, 168.5
62.50, 1.750, 169.1
62.51, 1.751, 168.2
62.52, 1.752, 167.8
62.53, 1.753, 169.3
62.54, 1.754, 170.3
62.55, 1.755, 171.9
62.56, 1.756, 172.9
62.57, 1.757, 171.8
62.58, 1.758, 172.8
62.59, 1.759, 174.2
62.60, 1.760, 174.5
62.61, 1.761, 175.3
62.62, 1.762, 176.2
62.63, 1.763, 177.0
62.64, 1.764, 177.8
62.65, 1.765, 178.2
62.66, 1.766, 178.7
62.67, 1.767, 178.1
62.68, 1.768, 179.9
62.69, 1.769, 180.5
62.70, 1.770, 181.1
62.71, 1.771, 183.4
62.72, 1.772, 181.4
62.73, 1.773, 182.1
62.74, 1.774, 184.8
62.75, 1.775, 184.0
62.76, 1.776, 186.0
62.77, 1.777, 186.2
62.78, 1.778, 187.3
62.79, 1.779, 185.3
62.80, 1.780, 187.9
62.81, 1.781, 188.5
62.82, 1.782, 189.1
62.83, 1.783, 190.4
62.84, 1.784, 192.2
62.85, 1.785, 191.9
62.86, 1.786, 193.1
62.87, 1.787, 193.6
62.88, 1.788, 191.4
62.89, 1.789, 193.9
62.90, 1.790, 196.0
62.91, 1.791, 196.0
62.92, 1.792, 197.0
62.93, 1.793, 198.2
62.94, 1.794, 198.1
62.95, 1.795, 200.3
62.96, 1.796, 201.3
62.97, 1.797, 200.9
62.98, 1.798, 202.6
62.99, 1.799, 202.9
63.00, 1.800, 205.4
63.01, 1.801, 205.8
63.02, 1.802, 206.7
63.03, 1.803, 205.7
63.04, 1.804, 208.4
63.05, 1.805, 206.7
63.06, 1.806, 208.6
63.07, 1.807, 209.4
63.08, 1.808, 212.1
63.09, 1.809, 211.7
63.10, 1.810, 212.5
63.11, 1.811, 212.9
63.12, 1.812, 214.4
63.13, 1.813, 215.3
63.14, 1.814, 213.9
63.15, 1.815, 216.2
63.16, 1.816, 217.4
63.17, 1.817, 218.2
63.18, 1.818, 219.5
63.19, 1.819, 219.7
63.20, 1.820, 220.4
63.21, 1.821, 219.3
63.22, 1.822, 222.4
63.23, 1.823, 224.1
63.24, 1.824, 224.6
63.25, 1.825, 223.4
63.26, 1.826, 225.9
63.27, 1.827, 228.7
63.28, 1.828, 227.1
63.29, 1.829, 229.8
63.30, 1.830, 227.9
63.31, 1.831, 230.0
63.32, 1.832, 231.9
63.33, 1.833, 232.4
63.34, 1.834, 233.8
63.35, 1.835, 234.9
63.36, 1.836, 235.8
63.37, 1.837, 237.3
63.38, 1.838, 237.1
63.39, 1.839, 238.8
63.40, 1.840, 239.0
63.41, 1.841, 242.0
63.42, 1.842, 242.5
63.43, 1.843, 242.7
63.44, 1.844, 245.3
63.45, 1.845, 243.5
63.46, 1.846, 246.5
63.47, 1.847, 246.9
63.48, 1.848, 249.1
63.49, 1.849, 251.0
63.50, 1.850, 249.6
63.51, 1.851, 250.3
63.52, 1.852, 251.0
63.53, 1.853, 252.8
63.54, 1.854, 254.6
63.55, 1.855, 256.4
63.56, 1.856, 258.2
63.57, 1.857, 257.8
63.58, 1.858, 259.0
63.59, 1.859, 259.0
63.60, 1.860, 261.5
63.61, 1.861, 262.7
63.62, 1.862, 264.4
63.63, 1.863, 262.7
63.64, 1.864, 265.3
63.65, 1.865, 265.3
63.66, 1.866, 267.3
63.67, 1.867, 267.1
63.68, 1.868, 270.4
63.69, 1.869, 270.6
63.70, 1.870, 270.7
63.71, 1.871, 272.0
63.72, 1.872, 273.9
63.73, 1.873, 274.7
63.74, 1.874, 275.5
63.75, 1.875, 276.9
63.76, 1.876, 280.4
63.77, 1.877, 280.4
63.78, 1.878, 279.6
63.79, 1.879, 281.1
63.80, 1.880, 281.8
63.81, 1.881, 284.1
63.82, 1.882, 284.9
63.83, 1.883, 286.0
63.84, 1.884, 287.3
63.85, 1.885, 285.3
63.86, 1.886, 289.0
63.87, 1.887, 290.8
63.88, 1.888, 291.6
63.89, 1.889, 293.2
63.90, 1.890, 294.6
63.91, 1.891, 297.2
63.92, 1.892, 295.8
63.93, 1.893, 296.8
63.94, 1.894, 296.9
63.95, 1.895, 299.8
63.96, 1.896, 299.5
63.97, 1.897, 302.9
63.98, 1.898, 303.6
63.99, 1.899, 304.1
64.00, 1.900, 305.0
64.01, 1.901, 306.8
64.02, 1.902, 308.2
64.03, 1.903, 308.1
64.04, 1.904, 311.4
64.05, 1.905, 312.1
64.06, 1.906, 314.8
64.07, 1.907, 314.2
64.08, 1.908, 315.1
64.09, 1.909, 315.3
64.10, 1.910, 317.5
64.11, 1.911, 319.5
64.12, 1.912, 320.1
64.13, 1.913, 319.6
64.14, 1.914, 321.8
64.15, 1.915, 322.5
64.16, 1.916, 325.2
64.17, 1.917, 326.9
64.18, 1.918, 326.0
64.19, 1.919, 328.9
64.20, 1.920, 328.8
64.21, 1.921, 330.4
64.22, 1.922, 332.9
64.23, 1.923, 335.8
64.24, 1.924, 334.9
64.25, 1.925, 337.1
64.26, 1.926, 338.9
64.27, 1.927, 339.0
64.28, 1.928, 340.7
64.29, 1.929, 343.9
64.30, 1.930, 344.1
64.31, 1.931, 343.6
64.32, 1.932, 346.8
64.33, 1.933, 347.1
64.34, 1.934, 348.9
64.35, 1.935, 350.6
64.36, 1.936, 351.2
64.37, 1.937, 353.4
64.38, 1.938, 353.5
64.39, 1.939, 353.1
64.40, 1.940, 355.8
64.41, 1.941, 357.7
64.42, 1.942, 361.4
64.43, 1.943, 358.5
64.44, 1.944, 359.7
64.45, 1.945, 365.3
64.46, 1.946, 362.1
64.47, 1.947, 365.7
64.48, 1.948, 366.5
64.49, 1.949, 366.7
64.50, 1.950, 368.7
64.51, 1.951, 368.4
64.52, 1.952, 371.8
64.53, 1.953, 374.6
64.54, 1.954, 375.1
64.55, 1.955, 376.3
64.56, 1.956, 375.5
64.57, 1.957, 378.3
64.58, 1.958, 379.1
64.59, 1.959, 381.2
64.60, 1.960, 383.8
64.61, 1.961, 383.8
64.62, 1.962, 386.1
64.63, 1.963, 386.9
64.64, 1.964, 390.2
64.65, 1.965, 390.9
64.66, 1.966, 392.1
64.67, 1.967, 393.2
64.68, 1.968, 396.0
64.69, 1.969, 395.4
64.70, 1.970, 396.5
64.71, 1.971, 398.7
64.72, 1.972, 400.3
64.73, 1.973, 402.1
64.74, 1.974, 401.2
64.75, 1.975, 402.5
64.76, 1.976, 403.5
64.77, 1.977, 406.4
64.78, 1.978, 407.9
64.79, 1.979, 410.0
64.80, 1.980, 412.1
64.81, 1.981, 410.2
64.82, 1.982, 412.8
64.83, 1.983, 412.2
64.84, 1.984, 412.9
64.85, 1.985, 412.9
64.86, 1.986, 412.5
64.87, 1.987, 412.5
64.88, 1.988, 413.8
64.89, 1.989, 415.4
64.90, 1.990, 413.6
64.91, 1.991, 414.8
64.92, 1.992, 414.6
64.93, 1.993, 414.4
64.94, 1.994, 414.4
64.95, 1.995, 415.2
64.96, 1.996, 416.1
64.97, 1.997, 414.8
64.98, 1.998, 415.9
64.99, 1.999, 415.3
65.00, 2.000, 415.7
65.01, 1.999, 415.4
65.02, 1.998, 417.0
65.03, 1.997, 417.5
65.04, 1.996, 416.4
65.05, 1.995, 416.9
65.06, 1.994, 416.2
65.07, 1.993, 417.7
65.08, 1.992, 418.5
65.09, 1.991, 417.1
65.10, 1.990, 418.3
65.11, 1.989, 418.2
65.12, 1.988, 417.1
65.13, 1.987, 418.9
65.14, 1.986, 415.6
65.15, 1.985, 418.6
65.16, 1.984, 419.6
65.17, 1.983, 418.1
65.18, 1.982, 418.2
65.19, 1.981, 418.2
65.20, 1.980, 417.4
65.21, 1.979, 415.4
65.22, 1.978, 415.3
65.23, 1.977, 414.8
65.24, 1.976, 413.8
65.25, 1.975, 413.5
65.26, 1.974, 410.4
65.27, 1.973, 410.5
65.28, 1.972, 410.8
65.29, 1.971, 408.1
65.30, 1.970, 407.4
65.31, 1.969, 407.7
65.32, 1.968, 405.9
65.33, 1.967, 403.5
65.34, 1.966, 404.8
65.35, 1.965, 402.0
65.36, 1.964, 401.9
65.37, 1.963, 400.9
65.38, 1.962, 400.5
65.39, 1.961, 397.1
65.40, 1.960, 396.5
65.41, 1.959, 397.2
65.42, 1.958, 395.9
65.43, 1.957, 395.6
65.44, 1.956, 393.2
65.45, 1.955, 390.7
65.46, 1.954, 389.8
65.47, 1.953, 390.7
65.48, 1.952, 388.9
65.49, 1.951, 388.5
65.50, 1.950, 385.6
65.51, 1.949, 385.0
65.52, 1.948, 384.0
65.53, 1.947, 383.4
65.54, 1.946, 381.9
65.55, 1.945, 379.6
65.56, 1.944, 379.2
65.57, 1.943, 379.2
65.58, 1.942, 378.0
65.59, 1.941, 376.8
65.60, 1.940, 375.8
65.61, 1.939, 370.2
65.62, 1.938, 372.2
65.63, 1.937, 372.2
65.64, 1.936, 371.3
65.65, 1.935, 370.0
65.66, 1.934, 369.0
65.67, 1.933, 367.1
65.68, 1.932, 368.2
65.69, 1.931, 366.7
65.70, 1.930, 365.5
65.71, 1.929, 364.3
65.72, 1.928, 363.0
65.73, 1.927, 363.4
65.74, 1.926, 359.7
65.75, 1.925, 359.6
65.76, 1.924, 358.5
65.77, 1.923, 357.5
65.78, 1.922, 356.1
65.79, 1.921, 355.7
65.80, 1.920, 355.3
65.81, 1.919, 354.6
65.82, 1.918, 351.7
65.83, 1.917, 351.1
65.84, 1.916, 350.9
65.85, 1.915, 349.7
65.86, 1.914, 352.0
65.87, 1.913, 347.6
65.88, 1.912, 346.3
65.89, 1.911, 344.9
65.90, 1.910, 343.4
65.91, 1.909, 342.8
65.92, 1.908, 340.2
65.93, 1.907, 340.4
65.94, 1.906, 338.8
65.95, 1.905, 338.2
65.96, 1.904, 338.9
65.97, 1.903, 336.1
65.98, 1.902, 336.3
65.99, 1.901, 333.7
66.00, 1.900, 335.6
66.01, 1.899, 331.8
66.02, 1.898, 331.8
66.03, 1.897, 330.5
66.04, 1.896, 328.5
66.05, 1.895, 327.0
66.06, 1.894, 327.7
66.07, 1.893, 326.9
66.08, 1.892, 324.9
66.09, 1.891, 324.4
66.10, 1.890, 323.4
66.11, 1.889, 321.8
66.12, 1.888, 320.3
66.13, 1.887, 320.4
66.14, 1.886, 318.3
66.15, 1.885, 318.5
66.16, 1.884, 316.7
66.17, 1.883, 315.6
66.18, 1.882, 313.5
66.19, 1.881, 314.5
66.20, 1.880, 311.3
66.21, 1.879, 312.2
66.22, 1.878, 310.9
66.23, 1.877, 305.6
66.24, 1.876, 307.5
66.25, 1.875, 307.5
66.26, 1.874, 306.1
66.27, 1.873, 305.8
66.28, 1.872, 305.4
66.29, 1.871, 303.6
66.30, 1.870, 303.1
66.31, 1.869, 301.8
66.32, 1.868, 301.1
66.33, 1.867, 298.1
66.34, 1.866, 298.1
66.35, 1.865, 295.9
66.36, 1.864, 297.4
66.37, 1.863, 295.7
66.38, 1.862, 293.6
66.39, 1.861, 292.4
66.40, 1.860, 292.3
66.41, 1.859, 290.2
66.42, 1.858, 290.1
66.43, 1.857, 289.4
66.44, 1.856, 288.3
66.45, 1.855, 287.2
66.46, 1.854, 283.7
66.47, 1.853, 284.1
66.48, 1.852, 283.5
66.49, 1.851, 282.5
66.50, 1.850, 284.2
66.51, 1.849, 281.5
66.52, 1.848, 280.3
66.53, 1.847, 278.0
66.54, 1.846, 278.4
66.55, 1.845, 277.1
66.56, 1.844, 276.5
66.57, 1.843, 275.5
66.58, 1.842, 274.9
66.59, 1.841, 273.6
66.60, 1.840, 272.6
66.61, 1.839, 273.1
66.62, 1.838, 270.1
66.63, 1.837, 269.3
66.64, 1.836, 267.7
66.65, 1.835, 266.8
66.66, 1.834, 265.5
66.67, 1.833, 265.5
66.68, 1.832, 265.9
66.69, 1.831, 263.7
66.70, 1.830, 262.9
66.71, 1.829, 262.3
66.72, 1.828, 259.1
66.73, 1.827, 258.1
66.74, 1.826, 258.3
66.75, 1.825, 257.6
66.76, 1.824, 256.0
66.77, 1.823, 252.5
66.78, 1.822, 254.7
66.79, 1.821, 254.4
66.80, 1.820, 250.7
66.81, 1.819, 250.6
66.82, 1.818, 249.4
66.83, 1.817, 249.3
66.84, 1.816, 246.3
66.85, 1.815, 245.1
66.86, 1.814, 245.2
66.87, 1.813, 244.9
66.88, 1.812, 243.6
66.89, 1.811, 243.7
66.90, 1.810, 241.1
66.91, 1.809, 241.4
66.92, 1.808, 241.9
66.93, 1.807, 242.7
66.94, 1.806, 237.1
66.95, 1.805, 236.9
66.96, 1.804, 236.5
66.97, 1.803, 235.6
66.98, 1.802, 235.0
66.99, 1.801, 232.4
67.00, 1.800, 232.0
67.01, 1.799, 231.4
67.02, 1.798, 232.1
67.03, 1.797, 231.9
67.04, 1.796, 229.1
67.05, 1.795, 228.3
67.06, 1.794, 227.7
67.07, 1.793, 226.1
67.08, 1.792, 225.3
67.09, 1.791, 225.3
67.10, 1.790, 223.5
67.11, 1.789, 221.4
67.12, 1.788, 221.2
67.13, 1.787, 219.7
67.14, 1.786, 219.6
67.15, 1.785, 219.8
67.16, 1.784, 217.8
67.17, 1.783, 215.9
67.18, 1.782, 215.4
67.19, 1.781, 213.7
67.20, 1.780, 214.0
67.21, 1.779, 213.8
67.22, 1.778, 212.2
67.23, 1.777, 210.9
67.24, 1.776, 208.3
67.25, 1.775, 207.3
67.26, 1.774, 208.2
67.27, 1.773, 207.5
67.28, 1.772, 207.8
67.29, 1.771, 205.9
67.30, 1.770, 204.5
67.31, 1.769, 203.1
67.32, 1.768, 202.8
67.33, 1.767, 202.1
67.34, 1.766, 200.0
67.35, 1.765, 199.7
67.36, 1.764, 198.9
67.37, 1.763, 197.5
67.38, 1.762, 197.8
67.39, 1.761, 196.9
67.40, 1.760, 195.2
67.41, 1.759, 193.5
67.42, 1.758, 192.9
67.43, 1.757, 192.6
67.44, 1.756, 191.0
67.45, 1.755, 190.4
67.46, 1.754, 189.6
67.47, 1.753, 190.2
67.48, 1.752, 187.2
67.49, 1.751, 189.2
67.50, 1.750, 188.8
67.51, 1.749, 187.3
67.52, 1.748, 187.2
67.53, 1.747, 185.7
67.54, 1.746, 184.0
67.55, 1.745, 184.5
67.56, 1.744, 183.0
67.57, 1.743, 181.9
67.58, 1.742, 181.1
67.59, 1.741, 179.2
67.60, 1.740, 178.9
67.61, 1.739, 178.2
67.62, 1.738, 175.7
67.63, 1.737, 175.4
67.64, 1.736, 173.9
67.65, 1.735, 173.4
67.66, 1.734, 173.4
67.67, 1.733, 172.0
67.68, 1.732, 172.7
67.69, 1.731, 172.0
67.70, 1.730, 170.3
67.71, 1.729, 168.0
67.72, 1.728, 170.3
67.73, 1.727, 166.6
67.74, 1.726, 169.4
67.75, 1.725, 166.2
67.76, 1.724, 165.1
67.77, 1.723, 163.7
67.78, 1.722, 162.6
67.79, 1.721, 164.5
67.80, 1.720, 161.3
67.81, 1.719, 162.5
67.82, 1.718, 160.3
67.83, 1.717, 159.7
67.84, 1.716, 159.1
67.85, 1.715, 158.8
67.86, 1.714, 157.8
67.87, 1.713, 155.7
67.88, 1.712, 156.0
67.89, 1.711, 155.5
67.90, 1.710, 154.8
67.91, 1.709, 153.5
67.92, 1.708, 153.2
67.93, 1.707, 151.3
67.94, 1.706, 150.0
67.95, 1.705, 150.7
67.96, 1.704, 149.5
67.97, 1.703, 150.0
67.98, 1.702, 148.2
67.99, 1.701, 147.4
68.00, 1.700, 146.4
68.01, 1.699, 144.8
68.02, 1.698, 144.0
68.03, 1.697, 142.6
68.04, 1.696, 143.3
68.05, 1.695, 142.5
68.06, 1.694, 141.2
68.07, 1.693, 138.6
68.08, 1.692, 138.9
68.09, 1.691, 140.3
68.10, 1.690, 136.7
68.11, 1.689, 138.2
68.12, 1.688, 138.1
68.13, 1.687, 136.5
68.14, 1.686, 134.5
68.15, 1.685, 134.6
68.16, 1.684, 135.8
68.17, 1.683, 133.5
68.18, 1.682, 132.9
68.19, 1.681, 133.5
68.20, 1.680, 130.6
68.21, 1.679, 130.8
68.22, 1.678, 130.9
68.23, 1.677, 130.5
68.24, 1.676, 128.0
68.25, 1.675, 129.3
68.26, 1.674, 125.9
68.27, 1.673, 126.4
68.28, 1.672, 126.3
68.29, 1.671, 124.5
68.30, 1.670, 125.8
68.31, 1.669, 123.5
68.32, 1.668, 123.2
68.33, 1.667, 122.9
68.34, 1.666, 120.4
68.35, 1.665, 121.4
68.36, 1.664, 120.7
68.37, 1.663, 118.8
68.38, 1.662, 119.0
68.39, 1.661, 118.7
68.40, 1.660, 117.5
68.41, 1.659, 119.0
68.42, 1.658, 115.8
68.43, 1.657, 114.3
68.44, 1.656, 113.3
68.45, 1.655, 114.0
68.46, 1.654, 114.8
68.47, 1.653, 113.6
68.48, 1.652, 112.5
68.49, 1.651, 109.3
68.50, 1.650, 110.4
68.51, 1.649, 111.3
68.52, 1.648, 110.3
68.53, 1.647, 109.1
68.54, 1.646, 108.2
68.55, 1.645, 107.5
68.56, 1.644, 106.8
68.57, 1.643, 105.5
68.58, 1.642, 105.8
68.59, 1.641, 104.2
68.60, 1.640, 104.9
68.61, 1.639, 106.7
68.62, 1.638, 102.9
68.63, 1.637, 103.4
68.64, 1.636, 103.7
68.65, 1.635, 102.1
68.66, 1.634, 101.3
68.67, 1.633, 101.8
68.68, 1.632, 102.0
68.69, 1.631, 99.94
68.70, 1.630, 98.62
68.71, 1.629, 98.66
68.72, 1.628, 99.30
68.73, 1.627, 98.69
68.74, 1.626, 99.01
68.75, 1.625, 98.32
68.76, 1.624, 95.91
68.77, 1.623, 96.74
68.78, 1.622, 96.47
68.79, 1.621, 95.18
68.80, 1.620, 97.78
68.81, 1.619, 92.67
68.82, 1.618, 93.00
68.83, 1.617, 91.83
68.84, 1.616, 92.05
68.85, 1.615, 89.47
68.86, 1.614, 90.96
68.87, 1.613, 88.92
68.88, 1.612, 89.73
68.89, 1.611, 88.19
68.90, 1.610, 86.42
68.91, 1.609, 87.35
68.92, 1.608, 86.57
68.93, 1.607, 88.03
68.94, 1.606, 86.47
68.95, 1.605, 87.15
68.96, 1.604, 85.34
68.97, 1.603, 83.87
68.98, 1.602, 85.05
68.99, 1.601, 84.30
69.00, 1.600, 83.54
69.01, 1.599, 82.52
69.02, 1.598, 81.63
69.03, 1.597, 81.86
69.04, 1.596, 80.69
69.05, 1.595, 82.79
69.06, 1.594, 81.96
69.07, 1.593, 79.78
69.08, 1.592, 82.50
69.09, 1.591, 77.07
69.10, 1.590, 80.24
69.11, 1.589, 79.86
69.12, 1.588, 77.87
69.13, 1.587, 78.97
69.14, 1.586, 77.77
69.15, 1.585, 75.89
69.16, 1.584, 75.65
69.17, 1.583, 75.65
69.18, 1.582, 75.54
69.19, 1.581, 75.88
69.20, 1.580, 74.02
69.21, 1.579, 74.12
69.22, 1.578, 74.39
69.23, 1.577, 72.94
69.24, 1.576, 70.23
69.25, 1.575, 71.28
69.26, 1.574, 71.58
69.27, 1.573, 70.06
69.28, 1.572, 70.18
69.29, 1.571, 71.73
69.30, 1.570, 70.75
69.31, 1.569, 66.48
69.32, 1.568, 67.69
69.33, 1.567, 67.78
69.34, 1.566, 66.90
69.35, 1.565, 67.08
69.36, 1.564, 66.53
69.37, 1.563, 68.30
69.38, 1.562, 65.15
69.39, 1.561, 64.49
69.40, 1.560, 66.90
69.41, 1.559, 67.11
69.42, 1.558, 65.81
69.43, 1.557, 65.70
69.44, 1.556, 63.29
69.45, 1.555, 62.33
69.46, 1.554, 62.88
69.47, 1.553, 62.08
69.48, 1.552, 63.53
69.49, 1.551, 62.52
69.50, 1.550, 61.24
69.51, 1.549, 60.63
69.52, 1.548, 60.20
69.53, 1.547, 60.39
69.54, 1.546, 60.88
69.55, 1.545, 59.84
69.56, 1.544, 60.32
69.57, 1.543, 58.15
69.58, 1.542, 59.30
69.59, 1.541, 57.59
69.60, 1.540, 58.07
69.61, 1.539, 58.13
69.62, 1.538, 59.21
69.63, 1.537, 59.71
69.64, 1.536, 55.94
69.65, 1.535, 55.41
69.66, 1.534, 55.42
69.67, 1.533, 56.43
69.68, 1.532, 54.24
69.69, 1.531, 56.00
69.70, 1.530, 53.20
69.71, 1.529, 52.53
69.72, 1.528, 53.62
69.73, 1.527, 51.51
69.74, 1.526, 51.47
69.75, 1.525, 53.24
69.76, 1.524, 52.78
69.77, 1.523, 49.15
69.78, 1.522, 51.05
69.79, 1.521, 49.83
69.80, 1.520, 49.56
69.81, 1.519, 49.25
69.82, 1.518, 49.61
69.83, 1.517, 48.31
69.84, 1.516, 50.04
69.85, 1.515, 48.16
69.86, 1.514, 47.73
69.87, 1.513, 47.12
69.88, 1.512, 46.00
69.89, 1.511, 47.30
69.90, 1.510, 47.43
69.91, 1.509, 46.90
69.92, 1.508, 46.82
69.93, 1.507, 44.84
69.94, 1.506, 45.48
69.95, 1.505, 43.92
69.96, 1.504, 45.41
69.97, 1.503, 45.58
69.98, 1.502, 44.18
69.99, 1.501, 43.28
70.00, 1.500, 46.63
70.01, 1.499, 44.75
70.02, 1.498, 44.36
70.03, 1.497, 43.41
70.04, 1.496, 42.66
70.05, 1.495, 42.64
70.06, 1.494, 41.73
70.07, 1.493, 43.03
70.08, 1.492, 40.98
70.09, 1.491, 40.15
70.10, 1.490, 39.84
70.11, 1.489, 40.62
70.12, 1.488, 40.81
70.13, 1.487, 39.73
70.14, 1.486, 39.20
70.15, 1.485, 37.68
70.16, 1.484, 37.34
70.17, 1.483, 36.38
70.18, 1.482, 38.32
70.19, 1.481, 37.12
70.20, 1.480, 37.93
70.21, 1.479, 35.35
70.22, 1.478, 36.80
70.23, 1.477, 36.25
70.24, 1.476, 35.94
70.25, 1.475, 36.03
70.26, 1.474, 35.03
70.27, 1.473, 36.02
70.28, 1.472, 35.33
70.29, 1.471, 33.72
70.30, 1.470, 34.79
70.31, 1.469, 34.05
70.32, 1.468, 35.74
70.33, 1.467, 34.67
70.34, 1.466, 35.57
70.35, 1.465, 33.47
70.36, 1.464, 32.90
70.37, 1.463, 31.65
70.38, 1.462, 32.77
70.39, 1.461, 33.66
70.40, 1.460, 34.41
70.41, 1.459, 32.25
70.42, 1.458, 33.06
70.43, 1.457, 32.24
70.44, 1.456, 31.72
70.45, 1.455, 31.80
70.46, 1.454, 31.64
70.47, 1.453, 32.90
70.48, 1.452, 31.54
70.49, 1.451, 32.29
70.50, 1.450, 29.29
70.51, 1.449, 29.44
70.52, 1.448, 30.57
70.53, 1.447, 27.51
70.54, 1.446, 29.51
70.55, 1.445, 28.90
70.56, 1.444, 28.74
70.57, 1.443, 29.11
70.58, 1.442, 28.45
70.59, 1.441, 26.75
70.60, 1.440, 26.71
70.61, 1.439, 27.38
70.62, 1.438, 27.59
70.63, 1.437, 27.02
70.64, 1.436, 26.24
70.65, 1.435, 26.46
70.66, 1.434, 25.90
70.67, 1.433, 27.35
70.68, 1.432, 25.81
70.69, 1.431, 25.21
70.70, 1.430, 25.80
70.71, 1.429, 26.43
70.72, 1.428, 26.86
70.73, 1.427, 24.74
70.74, 1.426, 24.82
70.75, 1.425, 24.86
70.76, 1.424, 25.73
70.77, 1.423, 23.28
70.78, 1.422, 24.83
70.79, 1.421, 25.57
70.80, 1.420, 25.12
70.81, 1.419, 21.64
70.82, 1.418, 23.81
70.83, 1.417, 21.64
70.84, 1.416, 25.36
70.85, 1.415, 23.83
70.86, 1.414, 22.73
70.87, 1.413, 21.54
70.88, 1.412, 23.14
70.89, 1.411, 23.42
70.90, 1.410, 22.57
70.91, 1.409, 23.53
70.92, 1.408, 19.86
70.93, 1.407, 20.86
70.94, 1.406, 21.31
70.95, 1.405, 21.77
70.96, 1.404, 21.41
70.97, 1.403, 21.38
70.98, 1.402, 19.85
70.99, 1.401, 18.79
71.00, 1.400, 19.20
71.01, 1.399, 20.33
71.02, 1.398, 20.55
71.03, 1.397, 18.71
71.04, 1.396, 20.03
71.05, 1.395, 21.06
71.06, 1.394, 19.78
71.07, 1.393, 19.86
71.08, 1.392, 19.60
71.09, 1.391, 19.88
71.10, 1.390, 20.59
71.11, 1.389, 18.87
71.12, 1.388, 20.93
71.13, 1.387, 20.66
71.14, 1.386, 18.37
71.15, 1.385, 18.97
71.16, 1.384, 19.41
71.17, 1.383, 18.32
71.18, 1.382, 18.94
71.19, 1.381, 18.87
71.20, 1.380, 18.82
71.21, 1.379, 20.19
71.22, 1.378, 17.47
71.23, 1.377, 19.40
71.24, 1.376, 17.35
71.25, 1.375, 18.47
71.26, 1.374, 17.66
71.27, 1.373, 18.42
71.28, 1.372, 16.20
71.29, 1.371, 17.60
71.30, 1.370, 16.86
71.31, 1.369, 17.11
71.32, 1.368, 16.59
71.33, 1.367, 17.92
71.34, 1.366, 16.77
71.35, 1.365, 17.14
71.36, 1.364, 17.10
71.37, 1.363, 15.28
71.38, 1.362, 16.19
71.39, 1.361, 17.09
71.40, 1.360, 18.28
71.41, 1.359, 16.13
71.42, 1.358, 14.77
71.43, 1.357, 14.27
71.44, 1.356, 15.75
71.45, 1.355, 14.76
71.46, 1.354, 15.53
71.47, 1.353, 13.51
71.48, 1.352, 14.97
71.49, 1.351, 14.33
71.50, 1.350, 14.34
71.51, 1.349, 15.10
71.52, 1.348, 14.25
71.53, 1.347, 14.94
71.54, 1.346, 14.79
71.55, 1.345, 14.42
71.56, 1.344, 15.98
71.57, 1.343, 15.07
71.58, 1.342, 15.15
71.59, 1.341, 14.05
71.60, 1.340, 14.98
71.61, 1.339, 13.57
71.62, 1.338, 14.59
71.63, 1.337, 12.59
71.64, 1.336, 14.83
71.65, 1.335, 15.19
71.66, 1.334, 16.01
71.67, 1.333, 12.93
71.68, 1.332, 12.80
71.69, 1.331, 14.09
71.70, 1.330, 14.26
71.71, 1.329, 15.43
71.72, 1.328, 14.25
71.73, 1.327, 13.63
71.74, 1.326, 13.67
71.75, 1.325, 13.39
71.76, 1.324, 11.64
71.77, 1.323, 12.23
71.78, 1.322, 12.10
71.79, 1.321, 12.85
71.80, 1.320, 12.76
71.81, 1.319, 11.92
71.82, 1.318, 12.36
71.83, 1.317, 11.75
71.84, 1.316, 13.17
71.85, 1.315, 12.28
71.86, 1.314, 10.95
71.87, 1.313, 13.07
71.88, 1.312, 10.36
71.89, 1.311, 11.09
71.90, 1.310, 11.77
71.91, 1.309, 12.18
71.92, 1.308, 11.06
71.93, 1.307, 11.95
71.94, 1.306, 11.09
71.95, 1.305, 11.15
71.96, 1.304, 10.41
71.97, 1.303, 10.59
71.98, 1.302, 13.77
71.99, 1.301, 10.67
72.00, 1.300, 11.45
72.01, 1.299, 10.61
72.02, 1.298, 12.42
72.03, 1.297, 12.42
72.04, 1.296, 11.53
72.05, 1.295, 11.96
72.06, 1.294, 8.682
72.07, 1.293, 10.77
72.08, 1.292, 12.18
72.09, 1.291, 9.035
72.10, 1.290, 10.32
72.11, 1.289, 12.09
72.12, 1.288, 9.477
72.13, 1.287, 10.88
72.14, 1.286, 8.448
72.15, 1.285, 9.974
72.16, 1.284, 12.00
72.17, 1.283, 9.230
72.18, 1.282, 10.90
72.19, 1.281, 10.68
72.20, 1.280, 9.637
72.21, 1.279, 9.261
72.22, 1.278, 8.734
72.23, 1.277, 8.915
72.24, 1.276, 10.02
72.25, 1.275, 8.293
72.26, 1.274, 8.660
72.27, 1.273, 10.18
72.28, 1.272, 9.388
72.29, 1.271, 8.904
72.30, 1.270, 8.431
72.31, 1.269, 8.070
72.32, 1.268, 8.703
72.33, 1.267, 6.877
72.34, 1.266, 8.533
72.35, 1.265, 10.83
72.36, 1.264, 8.887
72.37, 1.263, 8.155
72.38, 1.262, 8.309
72.39, 1.261, 7.409
72.40, 1.260, 7.432
72.41, 1.259, 9.044
72.42, 1.258, 8.817
72.43, 1.257, 8.360
72.44, 1.256, 8.292
72.45, 1.255, 7.992
72.46, 1.254, 8.234
72.47, 1.253, 8.555
72.48, 1.252, 7.218
72.49, 1.251, 7.788
72.50, 1.250, 9.037
72.51, 1.249, 7.892
72.52, 1.248, 7.975
72.53, 1.247, 7.239
72.54, 1.246, 8.092
72.55, 1.245, 7.048
72.56, 1.244, 8.458
72.57, 1.243, 8.336
72.58, 1.242, 7.322
72.59, 1.241, 8.070
72.60, 1.240, 8.303
72.61, 1.239, 6.530
72.62, 1.238, 6.375
72.63, 1.237, 8.131
72.64, 1.236, 6.546
72.65, 1.235, 7.010
72.66, 1.234, 5.931
72.67, 1.233, 7.198
72.68, 1.232, 6.125
72.69, 1.231, 7.952
72.70, 1.230, 6.474
72.71, 1.229, 6.925
72.72, 1.228, 6.363
72.73, 1.227, 6.911
72.74, 1.226, 6.293
72.75, 1.225, 6.164
72.76, 1.224, 6.219
72.77, 1.223, 6.433
72.78, 1.222, 5.332
72.79, 1.221, 6.163
72.80, 1.220, 7.486
72.81, 1.219, 6.764
72.82, 1.218, 7.084
72.83, 1.217, 7.020
72.84, 1.216, 4.912
72.85, 1.215, 4.985
72.86, 1.214, 5.558
72.87, 1.213, 5.833
72.88, 1.212, 5.080
72.89, 1.211, 7.018
72.90, 1.210, 7.215
72.91, 1.209, 8.033
72.92, 1.208, 4.278
72.93, 1.207, 4.307
72.94, 1.206, 4.787
72.95, 1.205, 6.515
72.96, 1.204, 6.314
72.97, 1.203, 5.996
72.98, 1.202, 6.502
72.99, 1.201, 4.568
73.00, 1.200, 3.929
73.01, 1.199, 7.570
73.02, 1.198, 5.434
73.03, 1.197, 6.857
73.04, 1.196, 5.326
73.05, 1.195, 5.212
73.06, 1.194, 3.385
73.07, 1.193, 4.094
73.08, 1.192, 7.598
73.09, 1.191, 3.761
73.10, 1.190, 3.236
73.11, 1.189, 4.632
73.12, 1.188, 4.947
73.13, 1.187, 4.124
73.14, 1.186, 4.332
73.15, 1.185, 5.989
73.16, 1.184, 4.521
73.17, 1.183, 4.577
73.18, 1.182, 4.230
73.19, 1.181, 3.823
73.20, 1.180, 4.831
73.21, 1.179, 4.385
73.22, 1.178, 2.404
73.23, 1.177, 4.309
73.24, 1.176, 4.012
73.25, 1.175, 4.272
73.26, 1.174, 4.378
73.27, 1.173, 4.268
73.28, 1.172, 4.131
73.29, 1.171, 4.337
73.30, 1.170, 6.684
73.31, 1.169, 3.629
73.32, 1.168, 3.318
73.33, 1.167, 4.107
73.34, 1.166, 4.156
73.35, 1.165, 3.332
73.36, 1.164, 3.250
73.37, 1.163, 5.168
73.38, 1.162, 0.3645
73.39, 1.161, 4.937
73.40, 1.160, 2.764
73.41, 1.159, -0.4295
73.42, 1.158, 3.736
73.43, 1.157, 3.242
73.44, 1.156, 2.304
73.45, 1.155, 2.766
73.46, 1.154, 2.448
73.47, 1.153, 4.473
73.48, 1.152, 1.401
73.49, 1.151, 1.673
73.50, 1.150, 2.460
73.51, 1.149, 2.065
73.52, 1.148, 2.746
73.53, 1.147, 3.637
73.54, 1.146, 4.049
73.55, 1.145, 0.8562
73.56, 1.144, 1.683
73.57, 1.143, 2.354
73.58, 1.142, 2.575
73.59, 1.141, 2.811
73.60, 1.140, 2.074
73.61, 1.139, 1.856
73.62, 1.138, 3.739
73.63, 1.137, 2.188
73.64, 1.136, 2.682
73.65, 1.135, 4.134
73.66, 1.134, 2.657
73.67, 1.133, 3.167
73.68, 1.132, -1.458
73.69, 1.131, 1.811
73.70, 1.130, 3.367
73.71, 1.129, -0.03633
73.72, 1.128, 2.677
73.73, 1.127, 1.410
73.74, 1.126, 1.755
73.75, 1.125, 2.548
73.76, 1.124, 2.378
73.77, 1.123, 2.055
73.78, 1.122, 1.903
73.79, 1.121, 2.553
73.80, 1.120, 4.062
73.81, 1.119, 3.377
73.82, 1.118, 0.9738
73.83, 1.117, 0.9561
73.84, 1.116, 1.439
73.85, 1.115, 2.082
73.86, 1.114, 1.321
73.87, 1.113, 3.264
73.88, 1.112, 1.377
73.89, 1.111, 0.5915
73.90, 1.110, 0.2637
73.91, 1.109, -0.1335
73.92, 1.108, 0.1399
73.93, 1.107, -1.170
73.94, 1.106, 1.794
73.95, 1.105, 1.505
73.96, 1.104, 0.2612
73.97, 1.103, -0.9713
73.98, 1.102, 0.3235
73.99, 1.101, -0.1437
74.00, 1.100, 1.311
74.01, 1.099, -0.5696
74.02, 1.098, 0.3018
74.03, 1.097, 2.913
74.04, 1.096, 1.749
74.05, 1.095, 0.8351
74.06, 1.094, 0.1258
74.07, 1.093, 3.181
74.08, 1.092, 1.720
74.09, 1.091, 2.479
74.10, 1.090, 0.8659
74.11, 1.089, -1.081
74.12, 1.088, 1.637
74.13, 1.087, 1.151
74.14, 1.086, -0.5512
74.15, 1.085, 0.1927
74.16, 1.084, -0.1148
74.17, 1.083, -1.750
74.18, 1.082, 1.548
74.19, 1.081, 2.932
74.20, 1.080, 0.1045
74.21, 1.079, 1.625
74.22, 1.078, 0.1903
74.23, 1.077, 0.01380
74.24, 1.076, -0.8208
74.25, 1.075, 1.356
74.26, 1.074, 1.500
74.27, 1.073, 0.3054
74.28, 1.072, 1.688
74.29, 1.071, 0.2596
74.30, 1.070, 0.3625
74.31, 1.069, 0.8455
74.32, 1.068, -1.715
74.33, 1.067, 0.3116
74.34, 1.066, -0.6244
74.35, 1.065, -2.235
74.36, 1.064, 0.4390
74.37, 1.063, 1.257
74.38, 1.062, -0.7199
74.39, 1.061, -1.916
74.40, 1.060, -0.9181
74.41, 1.059, -0.4610
74.42, 1.058, 0.2261
74.43, 1.057, 1.734
74.44, 1.056, 1.466
74.45, 1.055, 0.6931
74.46, 1.054, -0.7108
74.47, 1.053, 0.3455
74.48, 1.052, -1.223
74.49, 1.051, 0.5470
74.50, 1.050, 0.7292
74.51, 1.049, -0.09269
74.52, 1.048, -0.7472
74.53, 1.047, -0.1402
74.54, 1.046, 0.6968
74.55, 1.045, -0.2765
74.56, 1.044, -0.8040
74.57, 1.043, 1.555
74.58, 1.042, 0.7751
74.59, 1.041, -0.8416
74.60, 1.040, -0.5957
74.61, 1.039, -1.047
74.62, 1.038, 1.698
74.63, 1.037, -0.4123
74.64, 1.036, 0.02837
74.65, 1.035, 2.014
74.66, 1.034, 0.3815
74.67, 1.033, -0.6922
74.68, 1.032, -0.09484
74.69, 1.031, 0.7209
74.70, 1.030, -1.573
74.71, 1.029, -1.034
74.72, 1.028, 1.409
74.73, 1.027, 0.7279
74.74, 1.026, -0.4976
74.75, 1.025, -0.1102
74.76, 1.024, 0.2991
74.77, 1.023, -2.106
74.78, 1.022, -1.560
74.79, 1.021, -1.388
74.80, 1.020, -1.247
74.81, 1.019, 0.1500
74.82, 1.018, -0.7935
74.83, 1.017, -0.3718
74.84, 1.016, -0.5895
74.85, 1.015, -3.606
74.86, 1.014, 1.720
74.87, 1.013, 0.2002
74.88, 1.012, -1.674
74.89, 1.011, -3.314
74.90, 1.010, -1.741
74.91, 1.009, -2.484
74.92, 1.008, 0.8519
74.93, 1.007, -0.2277
74.94, 1.006, -0.8239
74.95, 1.005, -0.4806
74.96, 1.004, 0.08441
74.97, 1.003, -0.5904
74.98, 1.002, -2.116
74.99, 1.001, -0.6008
75.00, 1.000, -0.03223
75.01, 0.9990, -0.8561
75.02, 0.9980, -1.126
75.03, 0.9970, 0.3627
75.04, 0.9960, 0.2218
75.05, 0.9950, -1.801
75.06, 0.9940, 0.02871
75.07, 0.9930, 0.2896
75.08, 0.9920, -2.163
75.09, 0.9910, -1.558
75.10, 0.9900, -1.427
75.11, 0.9890, 1.062
75.12, 0.9880, -2.237
75.13, 0.9870, -0.9588
75.14, 0.9860, -0.6858
75.15, 0.9850, 0.1303
75.16, 0.9840, -2.089
75.17, 0.9830, -1.448
75.18, 0.9820, -1.943
75.19, 0.9810, -1.904
75.20, 0.9800, -1.504
75.21, 0.9790, -0.7477
75.22, 0.9780, -0.2703
75.23, 0.9770, -2.734
75.24, 0.9760, -2.614
75.25, 0.9750, -3.324
75.26, 0.9740, -2.056
75.27, 0.9730, -2.658
75.28, 0.9720, -3.023
75.29, 0.9710, -0.4647
75.30, 0.9700, -1.309
75.31, 0.9690, -0.07997
75.32, 0.9680, -1.760
75.33, 0.9670, -1.786
75.34, 0.9660, -2.138
75.35, 0.9650, -1.500
75.36, 0.9640, -2.084
75.37, 0.9630, -1.990
75.38, 0.9620, -0.7057
75.39, 0.9610, -2.231
75.40, 0.9600, -1.601
75.41, 0.9590, -0.9001
75.42, 0.9580, -1.204
75.43, 0.9570, -2.405
75.44, 0.9560, -1.022
75.45, 0.9550, 1.127
75.46, 0.9540, 0.6989
75.47, 0.9530, -3.941
75.48, 0.9520, -2.661
75.49, 0.9510, -1.733
75.50, 0.9500, 0.1229
75.51, 0.9490, -1.423
75.52, 0.9480, -0.8425
75.53, 0.9470, -2.702
75.54, 0.9460, -2.405
75.55, 0.9450, -0.02961
75.56, 0.9440, -2.414
75.57, 0.9430, -2.481
75.58, 0.9420, -2.845
75.59, 0.9410, -1.610
75.60, 0.9400, -2.017
75.61, 0.9390, -1.116
75.62, 0.9380, -1.937
75.63, 0.9370, -1.549
75.64, 0.9360, -3.406
75.65, 0.9350, -3.272
75.66, 0.9340, -4.508
75.67, 0.9330, -2.212
75.68, 0.9320, -3.705
75.69, 0.9310, -3.539
75.70, 0.9300, -0.4569
75.71, 0.9290, -3.219
75.72, 0.9280, -1.913
75.73, 0.9270, 0.07176
75.74, 0.9260, -3.859
75.75, 0.9250, -3.965
75.76, 0.9240, 0.8110
75.77, 0.9230, -3.306
75.78, 0.9220, -1.524
75.79, 0.9210, -1.080
75.80, 0.9200, -2.463
75.81, 0.9190, -2.653
75.82, 0.9180, -3.029
75.83, 0.9170, -1.588
75.84, 0.9160, -1.316
75.85, 0.9150, -2.816
75.86, 0.9140, -2.708
75.87, 0.9130, -3.170
75.88, 0.9120, -1.487
75.89, 0.9110, -3.054
75.90, 0.9100, -2.205
75.91, 0.9090, -1.018
75.92, 0.9080, -1.336
75.93, 0.9070, -1.309
75.94, 0.9060, -2.792
75.95, 0.9050, -0.9255
75.96, 0.9040, -2.686
75.97, 0.9030, -3.418
75.98, 0.9020, -3.506
75.99, 0.9010, -3.737
76.00, 0.9000, -3.601
76.01, 0.8990, -4.096
76.02, 0.8980, -2.647
76.03, 0.8970, -2.963
76.04, 0.8960, -2.001
76.05, 0.8950, -4.035
76.06, 0.8940, -4.026
76.07, 0.8930, -1.556
76.08, 0.8920, -3.482
76.09, 0.8910, -3.396
76.10, 0.8900, -3.415
76.11, 0.8890, -4.671
76.12, 0.8880, -2.149
76.13, 0.8870, -2.469
76.14, 0.8860, -3.613
76.15, 0.8850, -2.468
76.16, 0.8840, -1.985
76.17, 0.8830, -1.922
76.18, 0.8820, -2.799
76.19, 0.8810, -4.186
76.20, 0.8800, 0.3873
76.21, 0.8790, -2.609
76.22, 0.8780, -3.294
76.23, 0.8770, -2.381
76.24, 0.8760, -3.228
76.25, 0.8750, -2.870
76.26, 0.8740, -3.523
76.27, 0.8730, -2.474
76.28, 0.8720, -1.745
76.29, 0.8710, -2.238
76.30, 0.8700, -2.440
76.31, 0.8690, -1.560
76.32, 0.8680, -3.378
76.33, 0.8670, -4.637
76.34, 0.8660, -1.209
76.35, 0.8650, -2.941
76.36, 0.8640, -3.720
76.37, 0.8630, 0.7167
76.38, 0.8620, -2.719
76.39, 0.8610, -4.605
76.40, 0.8600, -2.431
76.41, 0.8590, -2.795
76.42, 0.8580, -3.830
76.43, 0.8570, -2.403
76.44, 0.8560, -3.565
76.45, 0.8550, -3.510
76.46, 0.8540, -5.080
76.47, 0.8530, -3.285
76.48, 0.8520, -3.490
76.49, 0.8510, -3.521
76.50, 0.8500, -3.693
76.51, 0.8490, -3.603
76.52, 0.8480, -3.308
76.53, 0.8470, -6.267
76.54, 0.8460, -4.611
76.55, 0.8450, -3.351
76.56, 0.8440, -1.502
76.57, 0.8430, -2.907
76.58, 0.8420, -3.817
76.59, 0.8410, -0.6180
76.60, 0.8400, -3.931
76.61, 0.8390, -3.601
76.62, 0.8380, -3.418
76.63, 0.8370, -4.467
76.64, 0.8360, -2.759
76.65, 0.8350, -4.093
76.66, 0.8340, -3.720
76.67, 0.8330, -3.271
76.68, 0.8320, -3.743
76.69, 0.8310, -4.133
76.70, 0.8300, -1.862
76.71, 0.8290, -4.272
76.72, 0.8280, -2.087
76.73, 0.8270, -3.620
76.74, 0.8260, -3.177
76.75, 0.8250, -2.060
76.76, 0.8240, -1.606
76.77, 0.8230, -3.370
76.78, 0.8220, -3.738
76.79, 0.8210, -4.088
76.80, 0.8200, -1.220
76.81, 0.8190, -4.108
76.82, 0.8180, -4.070
76.83, 0.8170, -3.712
76.84, 0.8160, -4.058
76.85, 0.8150, -2.716
76.86, 0.8140, -4.959
76.87, 0.8130, -2.697
76.88, 0.8120, -5.799
76.89, 0.8110, -3.674
76.90, 0.8100, -2.849
76.91, 0.8090, -4.299
76.92, 0.8080, -4.600
76.93, 0.8070, -3.056
76.94, 0.8060, -2.552
76.95, 0.8050, -4.721
76.96, 0.8040, -4.756
76.97, 0.8030, -2.714
76.98, 0.8020, -5.149
76.99, 0.8010, -4.108
77.00, 0.8000, -2.444
77.01, 0.7990, -4.665
77.02, 0.7980, -4.143
77.03, 0.7970, -2.579
77.04, 0.7960, -4.681
77.05, 0.7950, -3.092
77.06, 0.7940, -5.104
77.07, 0.7930, -0.9851
77.08, 0.7920, -4.503
77.09, 0.7910, -3.270
77.10, 0.7900, -4.390
77.11, 0.7890, -5.628
77.12, 0.7880, -3.958
77.13, 0.7870, -4.469
77.14, 0.7860, -3.397
77.15, 0.7850, -5.483
77.16, 0.7840, -3.784
77.17, 0.7830, -4.060
77.18, 0.7820, -3.413
77.19, 0.7810, -2.669
77.20, 0.7800, -5.828
77.21, 0.7790, -4.410
77.22, 0.7780, -2.338
77.23, 0.7770, -1.055
77.24, 0.7760, -4.595
77.25, 0.7750, -4.538
77.26, 0.7740, -3.847
77.27, 0.7730, -4.674
77.28, 0.7720, -5.248
77.29, 0.7710, -4.626
77.30, 0.7700, -5.079
77.31, 0.7690, -1.546
77.32, 0.7680, -4.563
77.33, 0.7670, -4.854
77.34, 0.7660, -4.768
77.35, 0.7650, -5.078
77.36, 0.7640, -1.692
77.37, 0.7630, -5.015
77.38, 0.7620, -4.861
77.39, 0.7610, -4.512
77.40, 0.7600, -3.621
77.41, 0.7590, -3.898
77.42, 0.7580, -3.177
77.43, 0.7570, -5.285
77.44, 0.7560, -4.506
77.45, 0.7550, -5.076
77.46, 0.7540, -3.075
77.47, 0.7530, -4.117
77.48, 0.7520, -5.202
77.49, 0.7510, -5.439
77.50, 0.7500, -3.973
77.51, 0.7490, -3.332
77.52, 0.7480, -3.761
77.53, 0.7470, -4.777
77.54, 0.7460, -3.798
77.55, 0.7450, -3.430
77.56, 0.7440, -1.807
77.57, 0.7430, -4.670
77.58, 0.7420, -4.648
77.59, 0.7410, -2.917
77.60, 0.7400, -5.113
77.61, 0.7390, -3.807
77.62, 0.7380, -1.837
77.63, 0.7370, -4.759
77.64, 0.7360, -3.852
77.65, 0.7350, -2.841
77.66, 0.7340, -4.477
77.67, 0.7330, -5.665
77.68, 0.7320, -6.235
77.69, 0.7310, -5.314
77.70, 0.7300, -4.936
77.71, 0.7290, -5.045
77.72, 0.7280, -5.098
77.73, 0.7270, -4.792
77.74, 0.7260, -4.895
77.75, 0.7250, -4.481
77.76, 0.7240, -4.534
77.77, 0.7230, -3.600
77.78, 0.7220, -4.499
77.79, 0.7210, -3.384
77.80, 0.7200, -2.956
77.81, 0.7190, -5.508
77.82, 0.7180, -5.342
77.83, 0.7170, -4.912
77.84, 0.7160, -3.875
77.85, 0.7150, -4.867
77.86, 0.7140, -3.429
77.87, 0.7130, -6.055
77.88, 0.7120, -5.183
77.89, 0.7110, -2.705
77.90, 0.7100, -5.361
77.91, 0.7090, -4.872
77.92, 0.7080, -3.894
77.93, 0.7070, -2.366
77.94, 0.7060, -6.258
77.95, 0.7050, -5.440
77.96, 0.7040, -4.161
77.97, 0.7030, -5.221
77.98, 0.7020, -4.403
77.99, 0.7010, -4.999
78.00, 0.7000, -4.080
78.01, 0.6990, -5.172
78.02, 0.6980, -4.807
78.03, 0.6970, -4.531
78.04, 0.6960, -4.218
78.05, 0.6950, -4.478
78.06, 0.6940, -3.634
78.07, 0.6930, -4.119
78.08, 0.6920, -5.432
78.09, 0.6910, -4.495
78.10, 0.6900, -4.325
78.11, 0.6890, -3.172
78.12, 0.6880, -7.018
78.13, 0.6870, -5.819
78.14, 0.6860, -4.690
78.15, 0.6850, -5.494
78.16, 0.6840, -5.363
78.17, 0.6830, -4.919
78.18, 0.6820, -5.550
78.19, 0.6810, -4.760
78.20, 0.6800, -6.304
78.21, 0.6790, -5.119
78.22, 0.6780, -2.840
78.23, 0.6770, -5.285
78.24, 0.6760, -5.388
78.25, 0.6750, -5.674
78.26, 0.6740, -5.408
78.27, 0.6730, -4.537
78.28, 0.6720, -5.572
78.29, 0.6710, -5.519
78.30, 0.6700, -4.248
78.31, 0.6690, -5.105
78.32, 0.6680, -4.404
78.33, 0.6670, -6.508
78.34, 0.6660, -4.136
78.35, 0.6650, -2.116
78.36, 0.6640, -5.678
78.37, 0.6630, -5.169
78.38, 0.6620, -4.002
78.39, 0.6610, -6.386
78.40, 0.6600, -4.076
78.41, 0.6590, -5.235
78.42, 0.6580, -2.346
78.43, 0.6570, -5.679
78.44, 0.6560, -3.970
78.45, 0.6550, -4.012
78.46, 0.6540, -4.755
78.47, 0.6530, -4.865
78.48, 0.6520, -4.612
78.49, 0.6510, -5.716
78.50, 0.6500, -4.347
78.51, 0.6490, -5.307
78.52, 0.6480, -4.647
78.53, 0.6470, -5.567
78.54, 0.6460, -4.589
78.55, 0.6450, -6.562
78.56, 0.6440, -5.776
78.57, 0.6430, -5.220
78.58, 0.6420, -6.829
78.59, 0.6410, -5.703
78.60, 0.6400, -4.793
78.61, 0.6390, -7.567
78.62, 0.6380, -6.926
78.63, 0.6370, -5.603
78.64, 0.6360, -4.585
78.65, 0.6350, -6.979
78.66, 0.6340, -5.711
78.67, 0.6330, -4.868
78.68, 0.6320, -5.352
78.69, 0.6310, -4.522
78.70, 0.6300, -6.448
78.71, 0.6290, -5.933
78.72, 0.6280, -6.170
78.73, 0.6270, -5.519
78.74, 0.6260, -6.180
78.75, 0.6250, -3.828
78.76, 0.6240, -5.191
78.77, 0.6230, -5.167
78.78, 0.6220, -7.400
78.79, 0.6210, -5.458
78.80, 0.6200, -4.722
78.81, 0.6190, -6.459
78.82, 0.6180, -5.610
78.83, 0.6170, -4.411
78.84, 0.6160, -4.883
78.85, 0.6150, -5.466
78.86, 0.6140, -6.842
78.87, 0.6130, -5.433
78.88, 0.6120, -5.246
78.89, 0.6110, -6.054
78.90, 0.6100, -6.708
78.91, 0.6090, -3.800
78.92, 0.6080, -5.626
78.93, 0.6070, -6.326
78.94, 0.6060, -6.368
78.95, 0.6050, -7.238
78.96, 0.6040, -5.415
78.97, 0.6030, -6.736
78.98, 0.6020, -6.243
78.99, 0.6010, -7.370
79.00, 0.6000, -5.926
79.01, 0.5990, -6.708
79.02, 0.5980, -6.053
79.03, 0.5970, -6.045
79.04, 0.5960, -5.853
79.05, 0.5950, -5.969
79.06, 0.5940, -4.441
79.07, 0.5930, -7.421
79.08, 0.5920, -6.503
79.09, 0.5910, -6.281
79.10, 0.5900, -5.680
79.11, 0.5890, -5.859
79.12, 0.5880, -4.353
79.13, 0.5870, -4.218
79.14, 0.5860, -6.319
79.15, 0.5850, -5.959
79.16, 0.5840, -4.384
79.17, 0.5830, -5.563
79.18, 0.5820, -5.915
79.19, 0.5810, -5.843
79.20, 0.5800, -5.511
79.21, 0.5790, -5.367
79.22, 0.5780, -6.344
79.23, 0.5770, -7.133
79.24, 0.5760, -6.412
79.25, 0.5750, -5.789
79.26, 0.5740, -4.616
79.27, 0.5730, -4.863
79.28, 0.5720, -5.666
79.29, 0.5710, -7.350
79.30, 0.5700, -6.930
79.31, 0.5690, -6.328
79.32, 0.5680, -6.776
79.33, 0.5670, -7.500
79.34, 0.5660, -6.773
79.35, 0.5650, -7.288
79.36, 0.5640, -6.793
79.37, 0.5630, -5.954
79.38, 0.5620, -7.123
79.39, 0.5610, -6.685
79.40, 0.5600, -6.662
79.41, 0.5590, -6.216
79.42, 0.5580, -5.980
79.43, 0.5570, -4.860
79.44, 0.5560, -7.146
79.45, 0.5550, -7.241
79.46, 0.5540, -7.383
79.47, 0.5530, -6.460
79.48, 0.5520, -6.754
79.49, 0.5510, -5.758
79.50, 0.5500, -6.746
79.51, 0.5490, -6.696
79.52, 0.5480, -6.032
79.53, 0.5470, -6.884
79.54, 0.5460, -6.559
79.55, 0.5450, -5.969
79.56, 0.5440, -6.824
79.57, 0.5430, -6.055
79.58, 0.5420, -6.162
79.59, 0.5410, -7.020
79.60, 0.5400, -3.716
79.61, 0.5390, -4.857
79.62, 0.5380, -6.514
79.63, 0.5370, -3.967
79.64, 0.5360, -3.753
79.65, 0.5350, -4.698
79.66, 0.5340, -5.057
79.67, 0.5330, -7.037
79.68, 0.5320, -5.500
79.69, 0.5310, -8.333
79.70, 0.5300, -5.743
79.71, 0.5290, -6.168
79.72, 0.5280, -6.108
79.73, 0.5270, -7.762
79.74, 0.5260, -4.398
79.75, 0.5250, -6.352
79.76, 0.5240, -7.630
79.77, 0.5230, -6.926
79.78, 0.5220, -7.130
79.79, 0.5210, -5.214
79.80, 0.5200, -6.400
79.81, 0.5190, -7.959
79.82, 0.5180, -7.654
79.83, 0.5170, -7.011
79.84, 0.5160, -7.597
79.85, 0.5150, -6.704
79.86, 0.5140, -9.969
79.87, 0.5130, -7.394
79.88, 0.5120, -6.867
79.89, 0.5110, -6.294
79.90, 0.5100, -5.788
79.91, 0.5090, -7.859
79.92, 0.5080, -7.223
79.93, 0.5070, -6.746
79.94, 0.5060, -6.199
79.95, 0.5050, -6.941
79.96, 0.5040, -7.498
79.97, 0.5030, -5.903
79.98, 0.5020, -5.972
79.99, 0.5010, -5.929
80.00, 0.5000, -5.905
80.01, 0.4990, -6.999
80.02, 0.4980, -7.263
80.03, 0.4970, -6.255
80.04, 0.4960, -6.874
80.05, 0.4950, -6.847
80.06, 0.4940, -7.732
80.07, 0.4930, -7.382
80.08, 0.4920, -5.516
80.09, 0.4910, -6.659
80.10, 0.4900, -7.587
80.11, 0.4890, -5.443
80.12, 0.4880, -6.087
80.13, 0.4870, -7.464
80.14, 0.4860, -7.179
80.15, 0.4850, -6.122
80.16, 0.4840, -7.814
80.17, 0.4830, -6.581
80.18, 0.4820, -6.605
80.19, 0.4810, -3.872
80.20, 0.4800, -6.434
80.21, 0.4790, -6.887
80.22, 0.4780, -7.495
80.23, 0.4770, -7.536
80.24, 0.4760, -8.388
80.25, 0.4750, -7.530
80.26, 0.4740, -8.060
80.27, 0.4730, -6.603
80.28, 0.4720, -6.127
80.29, 0.4710, -6.689
80.30, 0.4700, -6.799
80.31, 0.4690, -5.244
80.32, 0.4680, -8.974
80.33, 0.4670, -7.737
80.34, 0.4660, -6.949
80.35, 0.4650, -5.588
80.36, 0.4640, -8.913
80.37, 0.4630, -7.781
80.38, 0.4620, -7.498
80.39, 0.4610, -6.568
80.40, 0.4600, -6.744
80.41, 0.4590, -7.441
80.42, 0.4580, -8.205
80.43, 0.4570, -5.992
80.44, 0.4560, -6.491
80.45, 0.4550, -7.224
80.46, 0.4540, -7.062
80.47, 0.4530, -6.651
80.48, 0.4520, -6.506
80.49, 0.4510, -7.319
80.50, 0.4500, -8.600
80.51, 0.4490, -7.317
80.52, 0.4480, -6.864
80.53, 0.4470, -7.467
80.54, 0.4460, -6.915
80.55, 0.4450, -7.503
80.56, 0.4440, -7.217
80.57, 0.4430, -6.490
80.58, 0.4420, -8.918
80.59, 0.4410, -6.552
80.60, 0.4400, -6.021
80.61, 0.4390, -8.808
80.62, 0.4380, -7.253
80.63, 0.4370, -7.766
80.64, 0.4360, -8.571
80.65, 0.4350, -8.701
80.66, 0.4340, -7.231
80.67, 0.4330, -5.585
80.68, 0.4320, -8.067
80.69, 0.4310, -8.638
80.70, 0.4300, -7.244
80.71, 0.4290, -7.360
80.72, 0.4280, -6.858
80.73, 0.4270, -5.464
80.74, 0.4260, -8.688
80.75, 0.4250, -10.37
80.76, 0.4240, -9.019
80.77, 0.4230, -7.989
80.78, 0.4220, -6.615
80.79, 0.4210, -5.710
80.80, 0.4200, -6.793
80.81, 0.4190, -7.849
80.82, 0.4180, -6.630
80.83, 0.4170, -6.217
80.84, 0.4160, -7.718
80.85, 0.4150, -7.109
80.86, 0.4140, -7.663
80.87, 0.4130, -6.895
80.88, 0.4120, -7.629
80.89, 0.4110, -7.220
80.90, 0.4100, -7.571
80.91, 0.4090, -6.702
80.92, 0.4080, -6.302
80.93, 0.4070, -7.535
80.94, 0.4060, -7.332
80.95, 0.4050, -5.422
80.96, 0.4040, -7.743
80.97, 0.4030, -8.032
80.98, 0.4020, -7.424
80.99, 0.4010, -7.273
81.00, 0.4000, -7.667
81.01, 0.3990, -6.813
81.02, 0.3980, -7.029
81.03, 0.3970, -7.343
81.04, 0.3960, -8.614
81.05, 0.3950, -8.403
81.06, 0.3940, -8.131
81.07, 0.3930, -9.153
81.08, 0.3920, -8.076
81.09, 0.3910, -8.159
81.10, 0.3900, -8.566
81.11, 0.3890, -8.260
81.12, 0.3880, -8.241
81.13, 0.3870, -8.168
81.14, 0.3860, -7.987
81.15, 0.3850, -10.80
81.16, 0.3840, -8.057
81.17, 0.3830, -7.144
81.18, 0.3820, -8.131
81.19, 0.3810, -8.568
81.20, 0.3800, -9.025
81.21, 0.3790, -8.392
81.22, 0.3780, -8.113
81.23, 0.3770, -7.995
81.24, 0.3760, -5.997
81.25, 0.3750, -7.750
81.26, 0.3740, -8.740
81.27, 0.3730, -8.463
81.28, 0.3720, -7.763
81.29, 0.3710, -8.733
81.30, 0.3700, -8.355
81.31, 0.3690, -7.271
81.32, 0.3680, -6.612
81.33, 0.3670, -8.570
81.34, 0.3660, -7.752
81.35, 0.3650, -8.795
81.36, 0.3640, -7.841
81.37, 0.3630, -8.675
81.38, 0.3620, -7.974
81.39, 0.3610, -8.368
81.40, 0.3600, -8.142
81.41, 0.3590, -8.604
81.42, 0.3580, -7.859
81.43, 0.3570, -8.244
81.44, 0.3560, -9.357
81.45, 0.3550, -6.466
81.46, 0.3540, -7.790
81.47, 0.3530, -7.792
81.48, 0.3520, -9.096
81.49, 0.3510, -8.648
81.50, 0.3500, -8.886
81.51, 0.3490, -9.876
81.52, 0.3480, -9.567
81.53, 0.3470, -9.504
81.54, 0.3460, -9.468
81.55, 0.3450, -8.659
81.56, 0.3440, -6.611
81.57, 0.3430, -9.777
81.58, 0.3420, -9.056
81.59, 0.3410, -7.491
81.60, 0.3400, -7.891
81.61, 0.3390, -8.118
81.62, 0.3380, -9.110
81.63, 0.3370, -9.656
81.64, 0.3360, -7.654
81.65, 0.3350, -7.713
81.66, 0.3340, -8.230
81.67, 0.3330, -8.005
81.68, 0.3320, -8.406
81.69, 0.3310, -8.683
81.70, 0.3300, -9.445
81.71, 0.3290, -8.741
81.72, 0.3280, -8.977
81.73, 0.3270, -8.240
81.74, 0.3260, -9.149
81.75, 0.3250, -8.183
81.76, 0.3240, -8.974
81.77, 0.3230, -7.653
81.78, 0.3220, -7.732
81.79, 0.3210, -8.471
81.80, 0.3200, -7.696
81.81, 0.3190, -8.372
81.82, 0.3180, -11.03
81.83, 0.3170, -10.03
81.84, 0.3160, -9.228
81.85, 0.3150, -8.703
81.86, 0.3140, -8.588
81.87, 0.3130, -8.578
81.88, 0.3120, -9.925
81.89, 0.3110, -9.981
81.90, 0.3100, -10.03
81.91, 0.3090, -8.758
81.92, 0.3080, -9.141
81.93, 0.3070, -9.379
81.94, 0.3060, -11.11
81.95, 0.3050, -8.803
81.96, 0.3040, -10.49
81.97, 0.3030, -8.568
81.98, 0.3020, -7.314
81.99, 0.3010, -9.474
82.00, 0.3000, -10.14
82.01, 0.2990, -11.12
82.02, 0.2980, -9.142
82.03, 0.2970, -9.599
82.04, 0.2960, -9.778
82.05, 0.2950, -7.003
82.06, 0.2940, -7.168
82.07, 0.2930, -8.464
82.08, 0.2920, -10.07
82.09, 0.2910, -10.67
82.10, 0.2900, -9.326
82.11, 0.2890, -10.08
82.12, 0.2880, -9.297
82.13, 0.2870, -9.187
82.14, 0.2860, -9.646
82.15, 0.2850, -9.285
82.16, 0.2840, -8.865
82.17, 0.2830, -8.856
82.18, 0.2820, -10.11
82.19, 0.2810, -8.886
82.20, 0.2800, -10.73
82.21, 0.2790, -8.264
82.22, 0.2780, -8.760
82.23, 0.2770, -9.159
82.24, 0.2760, -7.729
82.25, 0.2750, -9.586
82.26, 0.2740, -10.74
82.27, 0.2730, -10.53
82.28, 0.2720, -9.949
82.29, 0.2710, -7.430
82.30, 0.2700, -8.105
82.31, 0.2690, -9.316
82.32, 0.2680, -10.66
82.33, 0.2670, -9.159
82.34, 0.2660, -9.163
82.35, 0.2650, -10.46
82.36, 0.2640, -10.26
82.37, 0.2630, -11.01
82.38, 0.2620, -9.517
82.39, 0.2610, -10.20
82.40, 0.2600, -10.07
82.41, 0.2590, -11.08
82.42, 0.2580, -8.734
82.43, 0.2570, -9.803
82.44, 0.2560, -13.00
82.45, 0.2550, -10.25
82.46, 0.2540, -6.214
82.47, 0.2530, -9.477
82.48, 0.2520, -10.29
82.49, 0.2510, -9.214
82.50, 0.2500, -7.806
82.51, 0.2490, -9.992
82.52, 0.2480, -7.603
82.53, 0.2470, -9.444
82.54, 0.2460, -9.517
82.55, 0.2450, -9.863
82.56, 0.2440, -9.897
82.57, 0.2430, -9.213
82.58, 0.2420, -7.351
82.59, 0.2410, -10.44
82.60, 0.2400, -7.803
82.61, 0.2390, -8.810
82.62, 0.2380, -9.043
82.63, 0.2370, -9.418
82.64, 0.2360, -9.707
82.65, 0.2350, -9.240
82.66, 0.2340, -9.658
82.67, 0.2330, -10.23
82.68, 0.2320, -12.28
82.69, 0.2310, -9.811
82.70, 0.2300, -9.363
82.71, 0.2290, -9.598
82.72, 0.2280, -10.59
82.73, 0.2270, -11.31
82.74, 0.2260, -8.397
82.75, 0.2250, -10.72
82.76, 0.2240, -10.38
82.77, 0.2230, -10.37
82.78, 0.2220, -9.700
82.79, 0.2210, -10.38
82.80, 0.2200, -10.69
82.81, 0.2190, -9.995
82.82, 0.2180, -10.23
82.83, 0.2170, -10.40
82.84, 0.2160, -10.79
82.85, 0.2150, -9.656
82.86, 0.2140, -10.25
82.87, 0.2130, -11.96
82.88, 0.2120, -11.62
82.89, 0.2110, -11.64
82.90, 0.2100, -10.56
82.91, 0.2090, -10.87
82.92, 0.2080, -8.496
82.93, 0.2070, -10.88
82.94, 0.2060, -10.42
82.95, 0.2050, -9.984
82.96, 0.2040, -9.434
82.97, 0.2030, -11.35
82.98, 0.2020, -9.050
82.99, 0.2010, -9.178
83.00, 0.2000, -10.16
83.01, 0.1990, -10.51
83.02, 0.1980, -9.858
83.03, 0.1970, -11.66
83.04, 0.1960, -8.911
83.05, 0.1950, -8.279
83.06, 0.1940, -10.40
83.07, 0.1930, -10.69
83.08, 0.1920, -10.44
83.09, 0.1910, -10.67
83.10, 0.1900, -10.34
83.11, 0.1890, -11.45
83.12, 0.1880, -10.63
83.13, 0.1870, -8.850
83.14, 0.1860, -10.77
83.15, 0.1850, -11.92
83.16, 0.1840, -8.115
83.17, 0.1830, -10.88
83.18, 0.1820, -11.46
83.19, 0.1810, -11.98
83.20, 0.1800, -11.33
83.21, 0.1790, -11.05
83.22, 0.1780, -12.74
83.23, 0.1770, -11.29
83.24, 0.1760, -11.39
83.25, 0.1750, -10.45
83.26, 0.1740, -10.63
83.27, 0.1730, -9.925
83.28, 0.1720, -11.30
83.29, 0.1710, -10.43
83.30, 0.1700, -11.01
83.31, 0.1690, -10.93
83.32, 0.1680, -10.25
83.33, 0.1670, -10.98
83.34, 0.1660, -10.09
83.35, 0.1650, -10.99
83.36, 0.1640, -9.386
83.37, 0.1630, -8.995
83.38, 0.1620, -11.53
83.39, 0.1610, -11.72
83.40, 0.1600, -10.24
83.41, 0.1590, -10.86
83.42, 0.1580, -10.75
83.43, 0.1570, -13.56
83.44, 0.1560, -10.67
83.45, 0.1550, -9.882
83.46, 0.1540, -10.21
83.47, 0.1530, -10.05
83.48, 0.1520, -10.31
83.49, 0.1510, -12.76
83.50, 0.1500, -10.21
83.51, 0.1490, -11.30
83.52, 0.1480, -11.83
83.53, 0.1470, -10.28
83.54, 0.1460, -11.53
83.55, 0.1450, -12.26
83.56, 0.1440, -10.46
83.57, 0.1430, -10.53
83.58, 0.1420, -11.71
83.59, 0.1410, -12.66
83.60, 0.1400, -12.55
83.61, 0.1390, -13.01
83.62, 0.1380, -11.06
83.63, 0.1370, -11.91
83.64, 0.1360, -12.34
83.65, 0.1350, -12.87
83.66, 0.1340, -10.18
83.67, 0.1330, -10.69
83.68, 0.1320, -11.31
83.69, 0.1310, -12.18
83.70, 0.1300, -12.24
83.71, 0.1290, -12.41
83.72, 0.1280, -12.95
83.73, 0.1270, -12.42
83.74, 0.1260, -10.88
83.75, 0.1250, -8.884
83.76, 0.1240, -9.562
83.77, 0.1230, -11.43
83.78, 0.1220, -11.25
83.79, 0.1210, -11.98
83.80, 0.1200, -10.63
83.81, 0.1190, -10.54
83.82, 0.1180, -13.23
83.83, 0.1170, -10.12
83.84, 0.1160, -11.86
83.85, 0.1150, -11.50
83.86, 0.1140, -13.80
83.87, 0.1130, -10.68
83.88, 0.1120, -11.90
83.89, 0.1110, -11.81
83.90, 0.1100, -11.93
83.91, 0.1090, -11.08
83.92, 0.1080, -11.64
83.93, 0.1070, -12.96
83.94, 0.1060, -12.30
83.95, 0.1050, -10.98
83.96, 0.1040, -11.14
83.97, 0.1030, -12.21
83.98, 0.1020, -11.07
83.99, 0.1010, -14.23
84.00, 0.1000, -12.27
84.01, 0.09900, -12.79
84.02, 0.09800, -12.76
84.03, 0.09700, -11.62
84.04, 0.09600, -11.93
84.05, 0.09500, -12.15
84.06, 0.09400, -12.27
84.07, 0.09300, -12.19
84.08, 0.09200, -10.61
84.09, 0.09100, -12.69
84.10, 0.09000, -13.22
84.11, 0.08900, -11.41
84.12, 0.08800, -12.52
84.13, 0.08700, -11.64
84.14, 0.08600, -11.53
84.15, 0.08500, -11.65
84.16, 0.08400, -12.24
84.17, 0.08300, -12.70
84.18, 0.08200, -10.64
84.19, 0.08100, -11.02
84.20, 0.08000, -13.63
84.21, 0.07900, -10.55
84.22, 0.07800, -11.65
84.23, 0.07700, -13.08
84.24, 0.07600, -11.90
84.25, 0.07500, -12.01
84.26, 0.07400, -12.42
84.27, 0.07300, -13.47
84.28, 0.07200, -11.07
84.29, 0.07100, -12.68
84.30, 0.07000, -10.61
84.31, 0.06900, -12.62
84.32, 0.06800, -12.39
84.33, 0.06700, -13.68
84.34, 0.06600, -11.66
84.35, 0.06500, -12.00
84.36, 0.06400, -13.77
84.37, 0.06300, -11.95
84.38, 0.06200, -12.87
84.39, 0.06100, -12.38
84.40, 0.06000, -13.02
84.41, 0.05900, -12.39
84.42, 0.05800, -12.27
84.43, 0.05700, -13.19
84.44, 0.05600, -13.38
84.45, 0.05500, -13.30
84.46, 0.05400, -12.50
84.47, 0.05300, -13.24
84.48, 0.05200, -12.49
84.49, 0.05100, -12.21
84.50, 0.05000, -13.50
84.51, 0.04900, -13.49
84.52, 0.04800, -12.26
84.53, 0.04700, -11.74
84.54, 0.04600, -12.00
84.55, 0.04500, -12.12
84.56, 0.04400, -12.36
84.57, 0.04300, -13.42
84.58, 0.04200, -14.16
84.59, 0.04100, -13.26
84.60, 0.04000, -10.02
84.61, 0.03900, -11.07
84.62, 0.03800, -12.34
84.63, 0.03700, -12.79
84.64, 0.03600, -12.47
84.65, 0.03500, -11.70
84.66, 0.03400, -13.17
84.67, 0.03300, -12.10
84.68, 0.03200, -13.18
84.69, 0.03100, -12.26
84.70, 0.03000, -13.45
84.71, 0.02900, -10.70
84.72, 0.02800, -12.07
84.73, 0.02700, -11.94
84.74, 0.02600, -12.07
84.75, 0.02500, -13.27
84.76, 0.02400, -11.93
84.77, 0.02300, -12.25
84.78, 0.02200, -11.75
84.79, 0.02100, -11.00
84.80, 0.02000, -10.83
84.81, 0.01900, -12.16
84.82, 0.01800, -13.04
84.83, 0.01700, -13.42
84.84, 0.01600, -12.43
84.85, 0.01500, -13.25
84.86, 0.01400, -12.54
84.87, 0.01300, -13.65
84.88, 0.01200, -12.91
84.89, 0.01100, -13.48
84.90, 0.01000, -13.49
84.91, 0.009000, -12.22
84.92, 0.008000, -13.31
84.93, 0.007000, -13.67
84.94, 0.006000, -12.24
84.95, 0.005000, -13.43
84.96, 0.004000, -12.90
84.97, 0.003000, -13.80
84.98, 0.002000, -16.59
84.99, 0.001000, -13.05
85.00, 0.000, -11.67
