0.01000, -0.8000, -16.81
0.02000, -0.8000, -15.14
0.03000, -0.8000, -12.74
0.04000, -0.8000, -11.04
0.05000, -0.8000, -9.831
0.06000, -0.8000, -11.12
0.07000, -0.8000, -11.08
0.08000, -0.8000, -9.007
0.09000, -0.8000, -11.37
0.1000, -0.8000, -9.677
0.1100, -0.8000, -9.060
0.1200, -0.8000, -10.53
0.1300, -0.8000, -9.214
0.1400, -0.8000, -8.649
0.1500, -0.8000, -10.46
0.1600, -0.8000, -9.316
0.1700, -0.8000, -10.38
0.1800, -0.8000, -8.971
0.1900, -0.8000, -8.931
0.2000, -0.8000, -9.688
0.2100, -0.8000, -9.107
0.2200, -0.8000, -8.424
0.2300, -0.8000, -8.849
0.2400, -0.8000, -8.644
0.2500, -0.8000, -8.536
0.2600, -0.8000, -9.951
0.2700, -0.8000, -8.664
0.2800, -0.8000, -8.533
0.2900, -0.8000, -8.606
0.3000, -0.8000, -6.529
0.3100, -0.8000, -10.81
0.3200, -0.8000, -8.120
0.3300, -0.8000, -9.207
0.3400, -0.8000, -8.176
0.3500, -0.8000, -8.780
0.3600, -0.8000, -8.628
0.3700, -0.8000, -8.683
0.3800, -0.8000, -9.152
0.3900, -0.8000, -8.276
0.4000, -0.8000, -8.478
0.4100, -0.8000, -6.847
0.4200, -0.8000, -8.947
0.4300, -0.8000, -8.546
0.4400, -0.8000, -8.037
0.4500, -0.8000, -7.549
0.4600, -0.8000, -6.910
0.4700, -0.8000, -8.544
0.4800, -0.8000, -8.010
0.4900, -0.8000, -8.116
0.5000, -0.8000, -7.206
0.5100, -0.8000, -8.099
0.5200, -0.8000, -7.924
0.5300, -0.8000, -6.751
0.5400, -0.8000, -7.849
0.5500, -0.8000, -7.497
0.5600, -0.8000, -7.819
0.5700, -0.8000, -7.884
0.5800, -0.8000, -8.033
0.5900, -0.8000, -7.723
0.6000, -0.8000, -7.739
0.6100, -0.8000, -7.504
0.6200, -0.8000, -8.232
0.6300, -0.8000, -7.843
0.6400, -0.8000, -7.567
0.6500, -0.8000, -8.643
0.6600, -0.8000, -7.413
0.6700, -0.8000, -7.296
0.6800, -0.8000, -8.446
0.6900, -0.8000, -8.017
0.7000, -0.8000, -8.045
0.7100, -0.8000, -6.324
0.7200, -0.8000, -9.002
0.7300, -0.8000, -7.967
0.7400, -0.8000, -8.415
0.7500, -0.8000, -7.919
0.7600, -0.8000, -7.162
0.7700, -0.8000, -7.193
0.7800, -0.8000, -7.310
0.7900, -0.8000, -8.145
0.8000, -0.8000, -7.739
0.8100, -0.8000, -8.830
0.8200, -0.8000, -8.038
0.8300, -0.8000, -7.633
0.8400, -0.8000, -7.565
0.8500, -0.8000, -7.427
0.8600, -0.8000, -5.790
0.8700, -0.8000, -9.177
0.8800, -0.8000, -7.548
0.8900, -0.8000, -7.356
0.9000, -0.8000, -7.280
0.9100, -0.8000, -9.118
0.9200, -0.8000, -7.278
0.9300, -0.8000, -7.955
0.9400, -0.8000, -5.767
0.9500, -0.8000, -6.552
0.9600, -0.8000, -7.929
0.9700, -0.8000, -9.158
0.9800, -0.8000, -8.069
0.9900, -0.8000, -7.557
1.000, -0.8000, -7.573
1.010, -0.8000, -7.191
1.020, -0.8000, -7.473
1.030, -0.8000, -8.255
1.040, -0.8000, -6.798
1.050, -0.8000, -7.781
1.060, -0.8000, -8.139
1.070, -0.8000, -7.407
1.080, -0.8000, -7.815
1.090, -0.8000, -9.344
1.100, -0.8000, -8.790
1.110, -0.8000, -9.044
1.120, -0.8000, -6.784
1.130, -0.8000, -7.727
1.140, -0.8000, -7.883
1.150, -0.8000, -7.615
1.160, -0.8000, -8.132
1.170, -0.8000, -7.920
1.180, -0.8000, -7.299
1.190, -0.8000, -7.788
1.200, -0.8000, -7.758
1.210, -0.8000, -7.232
1.220, -0.8000, -7.908
1.230, -0.8000, -7.621
1.240, -0.8000, -8.328
1.250, -0.8000, -8.019
1.260, -0.8000, -8.188
1.270, -0.8000, -9.747
1.280, -0.8000, -6.265
1.290, -0.8000, -6.064
1.300, -0.8000, -6.955
1.310, -0.8000, -6.851
1.320, -0.8000, -7.755
1.330, -0.8000, -7.995
1.340, -0.8000, -7.661
1.350, -0.8000, -7.014
1.360, -0.8000, -7.279
1.370, -0.8000, -7.654
1.380, -0.8000, -8.287
1.390, -0.8000, -9.364
1.400, -0.8000, -6.695
1.410, -0.8000, -6.653
1.420, -0.8000, -6.843
1.430, -0.8000, -7.457
1.440, -0.8000, -8.098
1.450, -0.8000, -8.120
1.460, -0.8000, -6.618
1.470, -0.8000, -8.944
1.480, -0.8000, -7.966
1.490, -0.8000, -6.712
1.500, -0.8000, -6.561
1.510, -0.8000, -8.202
1.520, -0.8000, -7.594
1.530, -0.8000, -6.724
1.540, -0.8000, -7.291
1.550, -0.8000, -7.299
1.560, -0.8000, -8.506
1.570, -0.8000, -6.670
1.580, -0.8000, -7.574
1.590, -0.8000, -6.857
1.600, -0.8000, -7.552
1.610, -0.8000, -7.506
1.620, -0.8000, -9.185
1.630, -0.8000, -5.148
1.640, -0.8000, -5.638
1.650, -0.8000, -7.334
1.660, -0.8000, -6.734
1.670, -0.8000, -8.121
1.680, -0.8000, -7.654
1.690, -0.8000, -7.430
1.700, -0.8000, -7.926
1.710, -0.8000, -8.250
1.720, -0.8000, -8.939
1.730, -0.8000, -7.066
1.740, -0.8000, -5.645
1.750, -0.8000, -6.632
1.760, -0.8000, -7.661
1.770, -0.8000, -7.754
1.780, -0.8000, -7.623
1.790, -0.8000, -7.367
1.800, -0.8000, -7.356
1.810, -0.8000, -7.638
1.820, -0.8000, -6.879
1.830, -0.8000, -7.764
1.840, -0.8000, -6.183
1.850, -0.8000, -5.799
1.860, -0.8000, -7.430
1.870, -0.8000, -7.301
1.880, -0.8000, -5.768
1.890, -0.8000, -6.555
1.900, -0.8000, -7.301
1.910, -0.8000, -6.975
1.920, -0.8000, -7.556
1.930, -0.8000, -8.048
1.940, -0.8000, -9.467
1.950, -0.8000, -8.249
1.960, -0.8000, -8.025
1.970, -0.8000, -7.713
1.980, -0.8000, -7.578
1.990, -0.8000, -7.541
2.000, -0.8000, -9.362
2.010, -0.8000, -7.632
2.020, -0.8000, -7.588
2.030, -0.8000, -7.596
2.040, -0.8000, -8.634
2.050, -0.8000, -6.730
2.060, -0.8000, -6.293
2.070, -0.8000, -5.970
2.080, -0.8000, -6.595
2.090, -0.8000, -7.270
2.100, -0.8000, -8.413
2.110, -0.8000, -5.737
2.120, -0.8000, -5.746
2.130, -0.8000, -5.716
2.140, -0.8000, -7.419
2.150, -0.8000, -7.695
2.160, -0.8000, -6.836
2.170, -0.8000, -6.885
2.180, -0.8000, -5.398
2.190, -0.8000, -8.498
2.200, -0.8000, -7.640
2.210, -0.8000, -7.551
2.220, -0.8000, -6.976
2.230, -0.8000, -7.189
2.240, -0.8000, -6.382
2.250, -0.8000, -5.003
2.260, -0.8000, -6.926
2.270, -0.8000, -6.987
2.280, -0.8000, -7.003
2.290, -0.8000, -5.581
2.300, -0.8000, -6.377
2.310, -0.8000, -5.749
2.320, -0.8000, -7.708
2.330, -0.8000, -8.323
2.340, -0.8000, -7.712
2.350, -0.8000, -7.897
2.360, -0.8000, -7.363
2.370, -0.8000, -7.208
2.380, -0.8000, -7.507
2.390, -0.8000, -7.345
2.400, -0.8000, -6.570
2.410, -0.8000, -7.226
2.420, -0.8000, -7.511
2.430, -0.8000, -7.927
2.440, -0.8000, -8.806
2.450, -0.8000, -6.053
2.460, -0.8000, -7.835
2.470, -0.8000, -7.007
2.480, -0.8000, -7.093
2.490, -0.8000, -7.164
2.500, -0.8000, -6.179
2.510, -0.8000, -7.926
2.520, -0.8000, -7.882
2.530, -0.8000, -7.237
2.540, -0.8000, -8.134
2.550, -0.8000, -7.897
2.560, -0.8000, -7.568
2.570, -0.8000, -8.252
2.580, -0.8000, -8.693
2.590, -0.8000, -9.055
2.600, -0.8000, -8.692
2.610, -0.8000, -8.039
2.620, -0.8000, -7.254
2.630, -0.8000, -7.317
2.640, -0.8000, -7.295
2.650, -0.8000, -6.934
2.660, -0.8000, -7.326
2.670, -0.8000, -7.169
2.680, -0.8000, -8.225
2.690, -0.8000, -9.046
2.700, -0.8000, -6.777
2.710, -0.8000, -6.307
2.720, -0.8000, -7.078
2.730, -0.8000, -7.392
2.740, -0.8000, -8.468
2.750, -0.8000, -7.036
2.760, -0.8000, -7.144
2.770, -0.8000, -7.344
2.780, -0.8000, -7.065
2.790, -0.8000, -4.349
2.800, -0.8000, -6.934
2.810, -0.8000, -7.492
2.820, -0.8000, -5.378
2.830, -0.8000, -6.748
2.840, -0.8000, -6.687
2.850, -0.8000, -7.728
2.860, -0.8000, -7.330
2.870, -0.8000, -6.592
2.880, -0.8000, -6.725
2.890, -0.8000, -7.423
2.900, -0.8000, -5.445
2.910, -0.8000, -8.083
2.920, -0.8000, -7.457
2.930, -0.8000, -8.692
2.940, -0.8000, -5.975
2.950, -0.8000, -7.810
2.960, -0.8000, -7.316
2.970, -0.8000, -8.433
2.980, -0.8000, -5.857
2.990, -0.8000, -6.130
3.000, -0.8000, -7.133
3.010, -0.8000, -7.787
3.020, -0.8000, -8.343
3.030, -0.8000, -8.019
3.040, -0.8000, -7.494
3.050, -0.8000, -8.949
3.060, -0.8000, -5.180
3.070, -0.8000, -7.014
3.080, -0.8000, -7.570
3.090, -0.8000, -7.624
3.100, -0.8000, -7.090
3.110, -0.8000, -8.100
3.120, -0.8000, -7.241
3.130, -0.8000, -5.574
3.140, -0.8000, -7.203
3.150, -0.8000, -7.642
3.160, -0.8000, -8.308
3.170, -0.8000, -7.337
3.180, -0.8000, -8.295
3.190, -0.8000, -8.134
3.200, -0.8000, -6.574
3.210, -0.8000, -7.229
3.220, -0.8000, -5.833
3.230, -0.8000, -5.992
3.240, -0.8000, -7.231
3.250, -0.8000, -6.101
3.260, -0.8000, -7.571
3.270, -0.8000, -7.854
3.280, -0.8000, -8.189
3.290, -0.8000, -7.974
3.300, -0.8000, -7.596
3.310, -0.8000, -7.973
3.320, -0.8000, -7.527
3.330, -0.8000, -7.153
3.340, -0.8000, -5.756
3.350, -0.8000, -6.463
3.360, -0.8000, -6.457
3.370, -0.8000, -7.126
3.380, -0.8000, -6.611
3.390, -0.8000, -6.957
3.400, -0.8000, -6.904
3.410, -0.8000, -7.133
3.420, -0.8000, -7.996
3.430, -0.8000, -8.829
3.440, -0.8000, -8.159
3.450, -0.8000, -4.434
3.460, -0.8000, -5.304
3.470, -0.8000, -6.679
3.480, -0.8000, -7.421
3.490, -0.8000, -7.554
3.500, -0.8000, -7.106
3.510, -0.8000, -9.204
3.520, -0.8000, -7.350
3.530, -0.8000, -7.362
3.540, -0.8000, -8.589
3.550, -0.8000, -4.419
3.560, -0.8000, -7.359
3.570, -0.8000, -7.308
3.580, -0.8000, -6.991
3.590, -0.8000, -8.213
3.600, -0.8000, -8.225
3.610, -0.8000, -7.556
3.620, -0.8000, -5.544
3.630, -0.8000, -7.566
3.640, -0.8000, -8.382
3.650, -0.8000, -7.426
3.660, -0.8000, -6.740
3.670, -0.8000, -8.192
3.680, -0.8000, -5.096
3.690, -0.8000, -6.981
3.700, -0.8000, -7.752
3.710, -0.8000, -7.110
3.720, -0.8000, -7.461
3.730, -0.8000, -8.919
3.740, -0.8000, -6.759
3.750, -0.8000, -7.574
3.760, -0.8000, -7.865
3.770, -0.8000, -8.120
3.780, -0.8000, -5.374
3.790, -0.8000, -7.179
3.800, -0.8000, -7.452
3.810, -0.8000, -7.612
3.820, -0.8000, -9.509
3.830, -0.8000, -6.883
3.840, -0.8000, -7.381
3.850, -0.8000, -7.641
3.860, -0.8000, -7.465
3.870, -0.8000, -8.696
3.880, -0.8000, -7.657
3.890, -0.8000, -7.050
3.900, -0.8000, -7.511
3.910, -0.8000, -6.868
3.920, -0.8000, -7.528
3.930, -0.8000, -7.180
3.940, -0.8000, -8.423
3.950, -0.8000, -6.613
3.960, -0.8000, -7.763
3.970, -0.8000, -7.014
3.980, -0.8000, -6.766
3.990, -0.8000, -7.137
4.000, -0.8000, -5.735
4.010, -0.8000, -7.252
4.020, -0.8000, -7.389
4.030, -0.8000, -8.404
4.040, -0.8000, -7.023
4.050, -0.8000, -6.856
4.060, -0.8000, -8.033
4.070, -0.8000, -6.246
4.080, -0.8000, -7.016
4.090, -0.8000, -10.39
4.100, -0.8000, -8.300
4.110, -0.8000, -6.928
4.120, -0.8000, -7.247
4.130, -0.8000, -8.087
4.140, -0.8000, -6.871
4.150, -0.8000, -6.552
4.160, -0.8000, -7.986
4.170, -0.8000, -8.490
4.180, -0.8000, -6.500
4.190, -0.8000, -6.605
4.200, -0.8000, -7.967
4.210, -0.8000, -6.435
4.220, -0.8000, -7.018
4.230, -0.8000, -6.956
4.240, -0.8000, -7.273
4.250, -0.8000, -8.070
4.260, -0.8000, -7.057
4.270, -0.8000, -7.182
4.280, -0.8000, -6.575
4.290, -0.8000, -6.137
4.300, -0.8000, -6.031
4.310, -0.8000, -7.364
4.320, -0.8000, -7.049
4.330, -0.8000, -5.925
4.340, -0.8000, -4.929
4.350, -0.8000, -6.800
4.360, -0.8000, -10.04
4.370, -0.8000, -7.295
4.380, -0.8000, -5.878
4.390, -0.8000, -6.861
4.400, -0.8000, -5.555
4.410, -0.8000, -8.237
4.420, -0.8000, -7.683
4.430, -0.8000, -8.400
4.440, -0.8000, -7.686
4.450, -0.8000, -7.349
4.460, -0.8000, -7.107
4.470, -0.8000, -7.131
4.480, -0.8000, -7.294
4.490, -0.8000, -7.084
4.500, -0.8000, -7.593
4.510, -0.8000, -7.744
4.520, -0.8000, -8.092
4.530, -0.8000, -6.294
4.540, -0.8000, -6.755
4.550, -0.8000, -6.822
4.560, -0.8000, -6.122
4.570, -0.8000, -7.295
4.580, -0.8000, -9.450
4.590, -0.8000, -6.863
4.600, -0.8000, -7.200
4.610, -0.8000, -6.724
4.620, -0.8000, -7.031
4.630, -0.8000, -7.092
4.640, -0.8000, -8.195
4.650, -0.8000, -7.162
4.660, -0.8000, -6.937
4.670, -0.8000, -7.094
4.680, -0.8000, -7.611
4.690, -0.8000, -6.278
4.700, -0.8000, -6.135
4.710, -0.8000, -7.450
4.720, -0.8000, -7.416
4.730, -0.8000, -5.953
4.740, -0.8000, -8.039
4.750, -0.8000, -7.794
4.760, -0.8000, -7.740
4.770, -0.8000, -7.340
4.780, -0.8000, -7.127
4.790, -0.8000, -6.869
4.800, -0.8000, -7.166
4.810, -0.8000, -7.335
4.820, -0.8000, -7.468
4.830, -0.8000, -8.427
4.840, -0.8000, -7.154
4.850, -0.8000, -7.361
4.860, -0.8000, -6.992
4.870, -0.8000, -7.177
4.880, -0.8000, -7.337
4.890, -0.8000, -7.234
4.900, -0.8000, -6.244
4.910, -0.8000, -7.348
4.920, -0.8000, -7.205
4.930, -0.8000, -6.686
4.940, -0.8000, -6.509
4.950, -0.8000, -8.326
4.960, -0.8000, -8.512
4.970, -0.8000, -8.023
4.980, -0.8000, -7.487
4.990, -0.8000, -7.114
5.000, -0.8000, -6.804
5.010, -0.8000, -7.607
5.020, -0.8000, -8.733
5.030, -0.8000, -7.099
5.040, -0.8000, -6.774
5.050, -0.8000, -4.841
5.060, -0.8000, -6.885
5.070, -0.8000, -6.426
5.080, -0.8000, -7.189
5.090, -0.8000, -8.063
5.100, -0.8000, -8.776
5.110, -0.8000, -7.408
5.120, -0.8000, -6.377
5.130, -0.8000, -6.503
5.140, -0.8000, -7.106
5.150, -0.8000, -7.175
5.160, -0.8000, -6.834
5.170, -0.8000, -7.297
5.180, -0.8000, -7.220
5.190, -0.8000, -6.852
5.200, -0.8000, -7.011
5.210, -0.8000, -6.494
5.220, -0.8000, -6.199
5.230, -0.8000, -5.819
5.240, -0.8000, -5.702
5.250, -0.8000, -5.830
5.260, -0.8000, -7.080
5.270, -0.8000, -7.776
5.280, -0.8000, -7.628
5.290, -0.8000, -7.151
5.300, -0.8000, -7.440
5.310, -0.8000, -8.503
5.320, -0.8000, -8.248
5.330, -0.8000, -5.327
5.340, -0.8000, -6.010
5.350, -0.8000, -7.154
5.360, -0.8000, -7.064
5.370, -0.8000, -7.631
5.380, -0.8000, -6.783
5.390, -0.8000, -6.864
5.400, -0.8000, -9.350
5.410, -0.8000, -6.181
5.420, -0.8000, -6.539
5.430, -0.8000, -7.437
5.440, -0.8000, -6.574
5.450, -0.8000, -7.433
5.460, -0.8000, -7.754
5.470, -0.8000, -7.342
5.480, -0.8000, -9.069
5.490, -0.8000, -5.713
5.500, -0.8000, -7.165
5.510, -0.8000, -7.518
5.520, -0.8000, -8.207
5.530, -0.8000, -8.958
5.540, -0.8000, -7.004
5.550, -0.8000, -7.703
5.560, -0.8000, -7.191
5.570, -0.8000, -7.148
5.580, -0.8000, -7.531
5.590, -0.8000, -7.482
5.600, -0.8000, -6.868
5.610, -0.8000, -7.945
5.620, -0.8000, -8.706
5.630, -0.8000, -6.617
5.640, -0.8000, -7.429
5.650, -0.8000, -7.924
5.660, -0.8000, -5.152
5.670, -0.8000, -6.156
5.680, -0.8000, -7.622
5.690, -0.8000, -7.725
5.700, -0.8000, -6.815
5.710, -0.8000, -7.068
5.720, -0.8000, -6.808
5.730, -0.8000, -6.749
5.740, -0.8000, -8.543
5.750, -0.8000, -7.364
5.760, -0.8000, -7.485
5.770, -0.8000, -7.977
5.780, -0.8000, -7.047
5.790, -0.8000, -7.431
5.800, -0.8000, -6.212
5.810, -0.8000, -5.637
5.820, -0.8000, -5.671
5.830, -0.8000, -4.250
5.840, -0.8000, -8.334
5.850, -0.8000, -7.836
5.860, -0.8000, -7.643
5.870, -0.8000, -7.234
5.880, -0.8000, -7.451
5.890, -0.8000, -7.422
5.900, -0.8000, -6.408
5.910, -0.8000, -7.610
5.920, -0.8000, -7.078
5.930, -0.8000, -7.184
5.940, -0.8000, -7.343
5.950, -0.8000, -7.222
5.960, -0.8000, -7.480
5.970, -0.8000, -8.292
5.980, -0.8000, -5.516
5.990, -0.8000, -6.762
6.000, -0.8000, -6.805
6.010, -0.8000, -6.073
6.020, -0.8000, -6.835
6.030, -0.8000, -7.079
6.040, -0.8000, -7.298
6.050, -0.8000, -9.324
6.060, -0.8000, -7.268
6.070, -0.8000, -7.581
6.080, -0.8000, -7.323
6.090, -0.8000, -7.286
6.100, -0.8000, -7.609
6.110, -0.8000, -7.405
6.120, -0.8000, -7.058
6.130, -0.8000, -7.226
6.140, -0.8000, -7.511
6.150, -0.8000, -7.625
6.160, -0.8000, -7.608
6.170, -0.8000, -6.090
6.180, -0.8000, -5.291
6.190, -0.8000, -7.077
6.200, -0.8000, -7.806
6.210, -0.8000, -7.477
6.220, -0.8000, -8.567
6.230, -0.8000, -5.244
6.240, -0.8000, -6.309
6.250, -0.8000, -6.818
6.260, -0.8000, -10.84
6.270, -0.8000, -8.051
6.280, -0.8000, -7.989
6.290, -0.8000, -6.852
6.300, -0.8000, -7.057
6.310, -0.8000, -7.184
6.320, -0.8000, -7.117
6.330, -0.8000, -6.924
6.340, -0.8000, -7.439
6.350, -0.8000, -8.399
6.360, -0.8000, -6.787
6.370, -0.8000, -6.691
6.380, -0.8000, -8.022
6.390, -0.8000, -5.243
6.400, -0.8000, -7.444
6.410, -0.8000, -7.067
6.420, -0.8000, -7.421
6.430, -0.8000, -7.490
6.440, -0.8000, -7.984
6.450, -0.8000, -7.319
6.460, -0.8000, -7.446
6.470, -0.8000, -6.501
6.480, -0.8000, -7.058
6.490, -0.8000, -6.845
6.500, -0.8000, -6.521
6.510, -0.8000, -6.559
6.520, -0.8000, -6.773
6.530, -0.8000, -6.711
6.540, -0.8000, -5.501
6.550, -0.8000, -6.243
6.560, -0.8000, -7.172
6.570, -0.8000, -7.328
6.580, -0.8000, -7.494
6.590, -0.8000, -8.310
6.600, -0.8000, -7.140
6.610, -0.8000, -7.998
6.620, -0.8000, -6.872
6.630, -0.8000, -8.011
6.640, -0.8000, -6.055
6.650, -0.8000, -6.384
6.660, -0.8000, -5.908
6.670, -0.8000, -6.496
6.680, -0.8000, -7.115
6.690, -0.8000, -6.412
6.700, -0.8000, -7.403
6.710, -0.8000, -7.465
6.720, -0.8000, -7.009
6.730, -0.8000, -6.886
6.740, -0.8000, -7.440
6.750, -0.8000, -7.690
6.760, -0.8000, -7.811
6.770, -0.8000, -8.007
6.780, -0.8000, -7.977
6.790, -0.8000, -8.492
6.800, -0.8000, -6.812
6.810, -0.8000, -6.928
6.820, -0.8000, -7.179
6.830, -0.8000, -6.498
6.840, -0.8000, -7.180
6.850, -0.8000, -7.482
6.860, -0.8000, -6.276
6.870, -0.8000, -7.514
6.880, -0.8000, -6.868
6.890, -0.8000, -6.117
6.900, -0.8000, -6.345
6.910, -0.8000, -8.032
6.920, -0.8000, -6.972
6.930, -0.8000, -6.422
6.940, -0.8000, -7.515
6.950, -0.8000, -7.678
6.960, -0.8000, -6.989
6.970, -0.8000, -6.867
6.980, -0.8000, -6.876
6.990, -0.8000, -6.636
7.000, -0.8000, -7.754
7.010, -0.8000, -6.999
7.020, -0.8000, -6.354
7.030, -0.8000, -7.030
7.040, -0.8000, -7.763
7.050, -0.8000, -7.365
7.060, -0.8000, -7.159
7.070, -0.8000, -7.226
7.080, -0.8000, -7.906
7.090, -0.8000, -5.223
7.100, -0.8000, -7.404
7.110, -0.8000, -8.946
7.120, -0.8000, -7.194
7.130, -0.8000, -6.072
7.140, -0.8000, -5.526
7.150, -0.8000, -6.326
7.160, -0.8000, -6.737
7.170, -0.8000, -7.395
7.180, -0.8000, -7.655
7.190, -0.8000, -8.103
7.200, -0.8000, -6.592
7.210, -0.8000, -6.517
7.220, -0.8000, -7.161
7.230, -0.8000, -8.432
7.240, -0.8000, -6.623
7.250, -0.8000, -6.921
7.260, -0.8000, -5.279
7.270, -0.8000, -5.646
7.280, -0.8000, -5.533
7.290, -0.8000, -6.624
7.300, -0.8000, -7.867
7.310, -0.8000, -6.520
7.320, -0.8000, -6.942
7.330, -0.8000, -5.305
7.340, -0.8000, -7.449
7.350, -0.8000, -8.725
7.360, -0.8000, -7.541
7.370, -0.8000, -5.441
7.380, -0.8000, -7.634
7.390, -0.8000, -6.949
7.400, -0.8000, -7.085
7.410, -0.8000, -7.723
7.420, -0.8000, -7.559
7.430, -0.8000, -7.356
7.440, -0.8000, -7.471
7.450, -0.8000, -6.964
7.460, -0.8000, -7.830
7.470, -0.8000, -7.055
7.480, -0.8000, -7.296
7.490, -0.8000, -8.626
7.500, -0.8000, -8.181
7.510, -0.8000, -7.368
7.520, -0.8000, -6.753
7.530, -0.8000, -8.153
7.540, -0.8000, -8.047
7.550, -0.8000, -7.063
7.560, -0.8000, -4.995
7.570, -0.8000, -6.752
7.580, -0.8000, -6.765
7.590, -0.8000, -5.748
7.600, -0.8000, -8.410
7.610, -0.8000, -7.812
7.620, -0.8000, -7.138
7.630, -0.8000, -5.546
7.640, -0.8000, -6.089
7.650, -0.8000, -5.543
7.660, -0.8000, -5.986
7.670, -0.8000, -4.878
7.680, -0.8000, -8.927
7.690, -0.8000, -6.562
7.700, -0.8000, -5.802
7.710, -0.8000, -6.936
7.720, -0.8000, -5.669
7.730, -0.8000, -6.141
7.740, -0.8000, -6.695
7.750, -0.8000, -5.677
7.760, -0.8000, -7.337
7.770, -0.8000, -7.056
7.780, -0.8000, -7.864
7.790, -0.8000, -7.358
7.800, -0.8000, -6.441
7.810, -0.8000, -7.058
7.820, -0.8000, -5.615
7.830, -0.8000, -7.628
7.840, -0.8000, -7.273
7.850, -0.8000, -7.761
7.860, -0.8000, -6.704
7.870, -0.8000, -6.436
7.880, -0.8000, -6.590
7.890, -0.8000, -6.237
7.900, -0.8000, -6.534
7.910, -0.8000, -6.643
7.920, -0.8000, -7.317
7.930, -0.8000, -6.675
7.940, -0.8000, -6.854
7.950, -0.8000, -5.350
7.960, -0.8000, -6.949
7.970, -0.8000, -7.897
7.980, -0.8000, -8.163
7.990, -0.8000, -7.186
8.000, -0.8000, -7.198
8.010, -0.8000, -7.164
8.020, -0.8000, -7.559
8.030, -0.8000, -7.771
8.040, -0.8000, -7.457
8.050, -0.8000, -8.588
8.060, -0.8000, -7.396
8.070, -0.8000, -7.184
8.080, -0.8000, -7.168
8.090, -0.8000, -6.635
8.100, -0.8000, -9.134
8.110, -0.8000, -6.809
8.120, -0.8000, -5.512
8.130, -0.8000, -7.170
8.140, -0.8000, -6.423
8.150, -0.8000, -7.917
8.160, -0.8000, -6.598
8.170, -0.8000, -6.128
8.180, -0.8000, -7.962
8.190, -0.8000, -7.830
8.200, -0.8000, -7.426
8.210, -0.8000, -7.128
8.220, -0.8000, -7.530
8.230, -0.8000, -6.742
8.240, -0.8000, -7.604
8.250, -0.8000, -7.435
8.260, -0.8000, -7.844
8.270, -0.8000, -7.325
8.280, -0.8000, -6.244
8.290, -0.8000, -5.731
8.300, -0.8000, -5.633
8.310, -0.8000, -8.155
8.320, -0.8000, -7.226
8.330, -0.8000, -7.135
8.340, -0.8000, -6.272
8.350, -0.8000, -7.129
8.360, -0.8000, -7.648
8.370, -0.8000, -8.512
8.380, -0.8000, -7.696
8.390, -0.8000, -7.099
8.400, -0.8000, -6.288
8.410, -0.8000, -7.282
8.420, -0.8000, -7.557
8.430, -0.8000, -7.516
8.440, -0.8000, -7.096
8.450, -0.8000, -7.238
8.460, -0.8000, -6.387
8.470, -0.8000, -5.274
8.480, -0.8000, -6.024
8.490, -0.8000, -6.601
8.500, -0.8000, -6.293
8.510, -0.8000, -8.436
8.520, -0.8000, -7.932
8.530, -0.8000, -7.963
8.540, -0.8000, -8.372
8.550, -0.8000, -8.836
8.560, -0.8000, -7.848
8.570, -0.8000, -7.134
8.580, -0.8000, -8.059
8.590, -0.8000, -7.202
8.600, -0.8000, -8.635
8.610, -0.8000, -7.058
8.620, -0.8000, -5.580
8.630, -0.8000, -7.025
8.640, -0.8000, -6.735
8.650, -0.8000, -7.682
8.660, -0.8000, -6.879
8.670, -0.8000, -6.401
8.680, -0.8000, -7.652
8.690, -0.8000, -7.143
8.700, -0.8000, -7.300
8.710, -0.8000, -7.253
8.720, -0.8000, -7.614
8.730, -0.8000, -6.924
8.740, -0.8000, -6.904
8.750, -0.8000, -6.564
8.760, -0.8000, -6.831
8.770, -0.8000, -6.722
8.780, -0.8000, -6.489
8.790, -0.8000, -7.635
8.800, -0.8000, -7.263
8.810, -0.8000, -6.861
8.820, -0.8000, -5.854
8.830, -0.8000, -8.215
8.840, -0.8000, -6.958
8.850, -0.8000, -7.110
8.860, -0.8000, -8.433
8.870, -0.8000, -6.707
8.880, -0.8000, -7.290
8.890, -0.8000, -5.727
8.900, -0.8000, -6.568
8.910, -0.8000, -7.286
8.920, -0.8000, -7.395
8.930, -0.8000, -7.346
8.940, -0.8000, -7.585
8.950, -0.8000, -7.125
8.960, -0.8000, -7.114
8.970, -0.8000, -7.369
8.980, -0.8000, -7.145
8.990, -0.8000, -7.172
9.000, -0.8000, -6.310
9.010, -0.8000, -5.506
9.020, -0.8000, -7.532
9.030, -0.8000, -7.081
9.040, -0.8000, -6.661
9.050, -0.8000, -6.356
9.060, -0.8000, -6.950
9.070, -0.8000, -8.074
9.080, -0.8000, -6.736
9.090, -0.8000, -7.227
9.100, -0.8000, -7.080
9.110, -0.8000, -7.421
9.120, -0.8000, -6.372
9.130, -0.8000, -7.497
9.140, -0.8000, -8.877
9.150, -0.8000, -8.114
9.160, -0.8000, -8.108
9.170, -0.8000, -7.032
9.180, -0.8000, -7.478
9.190, -0.8000, -7.618
9.200, -0.8000, -9.205
9.210, -0.8000, -7.072
9.220, -0.8000, -8.957
9.230, -0.8000, -7.761
9.240, -0.8000, -8.054
9.250, -0.8000, -7.415
9.260, -0.8000, -6.805
9.270, -0.8000, -6.774
9.280, -0.8000, -6.886
9.290, -0.8000, -7.727
9.300, -0.8000, -6.964
9.310, -0.8000, -6.614
9.320, -0.8000, -7.495
9.330, -0.8000, -7.197
9.340, -0.8000, -5.918
9.350, -0.8000, -5.925
9.360, -0.8000, -7.216
9.370, -0.8000, -6.941
9.380, -0.8000, -9.327
9.390, -0.8000, -7.272
9.400, -0.8000, -6.883
9.410, -0.8000, -6.504
9.420, -0.8000, -5.318
9.430, -0.8000, -8.114
9.440, -0.8000, -8.026
9.450, -0.8000, -7.236
9.460, -0.8000, -6.512
9.470, -0.8000, -6.714
9.480, -0.8000, -6.465
9.490, -0.8000, -7.720
9.500, -0.8000, -8.910
9.510, -0.8000, -8.417
9.520, -0.8000, -6.959
9.530, -0.8000, -6.760
9.540, -0.8000, -7.170
9.550, -0.8000, -8.091
9.560, -0.8000, -7.477
9.570, -0.8000, -6.426
9.580, -0.8000, -5.879
9.590, -0.8000, -7.647
9.600, -0.8000, -6.940
9.610, -0.8000, -6.874
9.620, -0.8000, -7.154
9.630, -0.8000, -7.019
9.640, -0.8000, -7.081
9.650, -0.8000, -8.656
9.660, -0.8000, -7.787
9.670, -0.8000, -7.106
9.680, -0.8000, -7.423
9.690, -0.8000, -7.226
9.700, -0.8000, -7.175
9.710, -0.8000, -6.798
9.720, -0.8000, -6.822
9.730, -0.8000, -6.974
9.740, -0.8000, -5.407
9.750, -0.8000, -7.437
9.760, -0.8000, -7.375
9.770, -0.8000, -6.691
9.780, -0.8000, -6.947
9.790, -0.8000, -7.566
9.800, -0.8000, -6.844
9.810, -0.8000, -7.271
9.820, -0.8000, -7.231
9.830, -0.8000, -7.291
9.840, -0.8000, -7.008
9.850, -0.8000, -8.599
9.860, -0.8000, -5.678
9.870, -0.8000, -5.644
9.880, -0.8000, -4.567
9.890, -0.8000, -6.467
9.900, -0.8000, -6.809
9.910, -0.8000, -7.250
9.920, -0.8000, -7.111
9.930, -0.8000, -7.029
9.940, -0.8000, -7.099
9.950, -0.8000, -6.166
9.960, -0.8000, -10.26
9.970, -0.8000, -7.176
9.980, -0.8000, -7.154
9.990, -0.8000, -7.071
10.00, -0.8000, -5.551
10.01, -0.8000, -6.824
10.02, -0.8000, -7.499
10.03, -0.8000, -6.887
10.04, -0.8000, -5.792
10.05, -0.8000, -6.905
10.06, -0.8000, -3.829
10.07, -0.8000, -6.310
10.08, -0.8000, -4.751
10.09, -0.8000, -6.140
10.10, -0.8000, -6.058
10.11, -0.8000, -6.558
10.12, -0.8000, -7.797
10.13, -0.8000, -7.548
10.14, -0.8000, -8.476
10.15, -0.8000, -8.816
10.16, -0.8000, -7.773
10.17, -0.8000, -7.548
10.18, -0.8000, -6.686
10.19, -0.8000, -7.577
10.20, -0.8000, -6.391
10.21, -0.8000, -5.730
10.22, -0.8000, -7.620
10.23, -0.8000, -6.772
10.24, -0.8000, -7.538
10.25, -0.8000, -5.978
10.26, -0.8000, -5.906
10.27, -0.8000, -5.648
10.28, -0.8000, -5.641
10.29, -0.8000, -7.495
10.30, -0.8000, -7.003
10.31, -0.8000, -6.836
10.32, -0.8000, -7.014
10.33, -0.8000, -7.658
10.34, -0.8000, -7.695
10.35, -0.8000, -8.440
10.36, -0.8000, -8.311
10.37, -0.8000, -5.917
10.38, -0.8000, -7.303
10.39, -0.8000, -7.291
10.40, -0.8000, -7.738
10.41, -0.8000, -6.837
10.42, -0.8000, -7.473
10.43, -0.8000, -6.534
10.44, -0.8000, -6.882
10.45, -0.8000, -6.862
10.46, -0.8000, -7.405
10.47, -0.8000, -6.029
10.48, -0.8000, -6.971
10.49, -0.8000, -7.154
10.50, -0.8000, -7.164
10.51, -0.8000, -8.142
10.52, -0.8000, -7.384
10.53, -0.8000, -7.444
10.54, -0.8000, -7.774
10.55, -0.8000, -8.085
10.56, -0.8000, -8.516
10.57, -0.8000, -7.730
10.58, -0.8000, -6.516
10.59, -0.8000, -6.456
10.60, -0.8000, -5.854
10.61, -0.8000, -6.849
10.62, -0.8000, -7.102
10.63, -0.8000, -7.136
10.64, -0.8000, -7.416
10.65, -0.8000, -7.620
10.66, -0.8000, -6.546
10.67, -0.8000, -8.484
10.68, -0.8000, -8.427
10.69, -0.8000, -7.200
10.70, -0.8000, -5.629
10.71, -0.8000, -7.841
10.72, -0.8000, -7.155
10.73, -0.8000, -6.521
10.74, -0.8000, -7.981
10.75, -0.8000, -8.012
10.76, -0.8000, -8.339
10.77, -0.8000, -7.346
10.78, -0.8000, -6.200
10.79, -0.8000, -6.653
10.80, -0.8000, -6.904
10.81, -0.8000, -7.298
10.82, -0.8000, -7.624
10.83, -0.8000, -7.377
10.84, -0.8000, -7.245
10.85, -0.8000, -7.464
10.86, -0.8000, -7.673
10.87, -0.8000, -7.973
10.88, -0.8000, -5.273
10.89, -0.8000, -6.465
10.90, -0.8000, -5.688
10.91, -0.8000, -7.118
10.92, -0.8000, -5.245
10.93, -0.8000, -5.282
10.94, -0.8000, -7.279
10.95, -0.8000, -6.712
10.96, -0.8000, -8.316
10.97, -0.8000, -7.619
10.98, -0.8000, -7.299
10.99, -0.8000, -7.535
11.00, -0.8000, -7.788
11.01, -0.8000, -7.196
11.02, -0.8000, -6.706
11.03, -0.8000, -6.706
11.04, -0.8000, -7.288
11.05, -0.8000, -7.581
11.06, -0.8000, -7.374
11.07, -0.8000, -7.953
11.08, -0.8000, -7.537
11.09, -0.8000, -8.394
11.10, -0.8000, -7.971
11.11, -0.8000, -8.235
11.12, -0.8000, -7.353
11.13, -0.8000, -5.975
11.14, -0.8000, -7.724
11.15, -0.8000, -8.129
11.16, -0.8000, -6.212
11.17, -0.8000, -6.761
11.18, -0.8000, -6.823
11.19, -0.8000, -7.273
11.20, -0.8000, -7.167
11.21, -0.8000, -7.432
11.22, -0.8000, -6.943
11.23, -0.8000, -6.496
11.24, -0.8000, -6.856
11.25, -0.8000, -7.145
11.26, -0.8000, -6.301
11.27, -0.8000, -7.030
11.28, -0.8000, -8.146
11.29, -0.8000, -7.202
11.30, -0.8000, -7.442
11.31, -0.8000, -6.656
11.32, -0.8000, -6.508
11.33, -0.8000, -7.571
11.34, -0.8000, -5.330
11.35, -0.8000, -4.905
11.36, -0.8000, -8.103
11.37, -0.8000, -8.809
11.38, -0.8000, -8.309
11.39, -0.8000, -7.204
11.40, -0.8000, -7.792
11.41, -0.8000, -6.806
11.42, -0.8000, -8.280
11.43, -0.8000, -7.348
11.44, -0.8000, -5.035
11.45, -0.8000, -5.687
11.46, -0.8000, -8.143
11.47, -0.8000, -7.829
11.48, -0.8000, -7.108
11.49, -0.8000, -7.397
11.50, -0.8000, -6.008
11.51, -0.8000, -8.273
11.52, -0.8000, -7.053
11.53, -0.8000, -6.893
11.54, -0.8000, -7.015
11.55, -0.8000, -6.884
11.56, -0.8000, -7.601
11.57, -0.8000, -6.941
11.58, -0.8000, -7.770
11.59, -0.8000, -7.285
11.60, -0.8000, -5.938
11.61, -0.8000, -5.490
11.62, -0.8000, -6.155
11.63, -0.8000, -6.801
11.64, -0.8000, -7.707
11.65, -0.8000, -6.965
11.66, -0.8000, -8.157
11.67, -0.8000, -8.279
11.68, -0.8000, -8.027
11.69, -0.8000, -7.841
11.70, -0.8000, -8.720
11.71, -0.8000, -7.477
11.72, -0.8000, -6.617
11.73, -0.8000, -5.640
11.74, -0.8000, -8.454
11.75, -0.8000, -7.517
11.76, -0.8000, -7.411
11.77, -0.8000, -7.071
11.78, -0.8000, -7.386
11.79, -0.8000, -5.178
11.80, -0.8000, -8.299
11.81, -0.8000, -7.416
11.82, -0.8000, -7.449
11.83, -0.8000, -7.021
11.84, -0.8000, -5.644
11.85, -0.8000, -8.421
11.86, -0.8000, -7.240
11.87, -0.8000, -6.767
11.88, -0.8000, -5.488
11.89, -0.8000, -7.829
11.90, -0.8000, -5.787
11.91, -0.8000, -7.005
11.92, -0.8000, -7.333
11.93, -0.8000, -6.661
11.94, -0.8000, -7.061
11.95, -0.8000, -7.612
11.96, -0.8000, -6.995
11.97, -0.8000, -7.104
11.98, -0.8000, -5.201
11.99, -0.8000, -6.198
12.00, -0.8000, -8.178
12.01, -0.8000, -7.954
12.02, -0.8000, -7.121
12.03, -0.8000, -8.110
12.04, -0.8000, -7.754
12.05, -0.8000, -6.916
12.06, -0.8000, -6.614
12.07, -0.8000, -7.416
12.08, -0.8000, -7.128
12.09, -0.8000, -7.700
12.10, -0.8000, -6.089
12.11, -0.8000, -7.659
12.12, -0.8000, -6.576
12.13, -0.8000, -6.022
12.14, -0.8000, -7.405
12.15, -0.8000, -6.694
12.16, -0.8000, -7.207
12.17, -0.8000, -6.477
12.18, -0.8000, -8.321
12.19, -0.8000, -8.691
12.20, -0.8000, -8.401
12.21, -0.8000, -6.886
12.22, -0.8000, -6.389
12.23, -0.8000, -5.991
12.24, -0.8000, -8.079
12.25, -0.8000, -7.205
12.26, -0.8000, -7.801
12.27, -0.8000, -7.199
12.28, -0.8000, -6.137
12.29, -0.8000, -7.813
12.30, -0.8000, -7.372
12.31, -0.8000, -5.772
12.32, -0.8000, -7.548
12.33, -0.8000, -7.051
12.34, -0.8000, -7.882
12.35, -0.8000, -7.628
12.36, -0.8000, -6.666
12.37, -0.8000, -6.441
12.38, -0.8000, -8.000
12.39, -0.8000, -6.907
12.40, -0.8000, -6.657
12.41, -0.8000, -8.333
12.42, -0.8000, -6.494
12.43, -0.8000, -7.759
12.44, -0.8000, -6.170
12.45, -0.8000, -7.322
12.46, -0.8000, -5.951
12.47, -0.8000, -7.582
12.48, -0.8000, -7.596
12.49, -0.8000, -7.169
12.50, -0.8000, -7.191
12.51, -0.8000, -5.923
12.52, -0.8000, -7.644
12.53, -0.8000, -7.276
12.54, -0.8000, -7.119
12.55, -0.8000, -6.593
12.56, -0.8000, -6.969
12.57, -0.8000, -7.313
12.58, -0.8000, -7.195
12.59, -0.8000, -6.732
12.60, -0.8000, -4.977
12.61, -0.8000, -7.985
12.62, -0.8000, -8.097
12.63, -0.8000, -7.056
12.64, -0.8000, -7.181
12.65, -0.8000, -8.362
12.66, -0.8000, -8.858
12.67, -0.8000, -6.627
12.68, -0.8000, -7.637
12.69, -0.8000, -7.581
12.70, -0.8000, -7.965
12.71, -0.8000, -7.488
12.72, -0.8000, -7.968
12.73, -0.8000, -6.875
12.74, -0.8000, -7.557
12.75, -0.8000, -7.686
12.76, -0.8000, -7.348
12.77, -0.8000, -7.488
12.78, -0.8000, -6.730
12.79, -0.8000, -6.265
12.80, -0.8000, -6.177
12.81, -0.8000, -7.099
12.82, -0.8000, -5.797
12.83, -0.8000, -5.918
12.84, -0.8000, -6.766
12.85, -0.8000, -8.029
12.86, -0.8000, -8.192
12.87, -0.8000, -8.034
12.88, -0.8000, -8.272
12.89, -0.8000, -8.232
12.90, -0.8000, -9.469
12.91, -0.8000, -8.342
12.92, -0.8000, -6.156
12.93, -0.8000, -5.863
12.94, -0.8000, -9.476
12.95, -0.8000, -8.275
12.96, -0.8000, -8.197
12.97, -0.8000, -7.806
12.98, -0.8000, -7.857
12.99, -0.8000, -8.616
13.00, -0.8000, -8.724
13.01, -0.8000, -8.835
13.02, -0.8000, -8.883
13.03, -0.8000, -5.079
13.04, -0.8000, -7.595
13.05, -0.8000, -7.560
13.06, -0.8000, -6.828
13.07, -0.8000, -6.354
13.08, -0.8000, -6.513
13.09, -0.8000, -7.765
13.10, -0.8000, -7.201
13.11, -0.8000, -7.182
13.12, -0.8000, -6.115
13.13, -0.8000, -7.249
13.14, -0.8000, -7.994
13.15, -0.8000, -7.688
13.16, -0.8000, -7.672
13.17, -0.8000, -7.671
13.18, -0.8000, -7.355
13.19, -0.8000, -7.150
13.20, -0.8000, -6.730
13.21, -0.8000, -6.979
13.22, -0.8000, -6.466
13.23, -0.8000, -5.428
13.24, -0.8000, -3.514
13.25, -0.8000, -7.068
13.26, -0.8000, -8.150
13.27, -0.8000, -7.134
13.28, -0.8000, -6.168
13.29, -0.8000, -7.977
13.30, -0.8000, -7.573
13.31, -0.8000, -7.117
13.32, -0.8000, -7.963
13.33, -0.8000, -6.884
13.34, -0.8000, -7.345
13.35, -0.8000, -7.450
13.36, -0.8000, -7.895
13.37, -0.8000, -7.818
13.38, -0.8000, -6.756
13.39, -0.8000, -7.101
13.40, -0.8000, -7.995
13.41, -0.8000, -7.625
13.42, -0.8000, -5.931
13.43, -0.8000, -6.016
13.44, -0.8000, -6.824
13.45, -0.8000, -7.769
13.46, -0.8000, -6.684
13.47, -0.8000, -7.655
13.48, -0.8000, -6.986
13.49, -0.8000, -8.183
13.50, -0.8000, -7.687
13.51, -0.8000, -8.181
13.52, -0.8000, -7.490
13.53, -0.8000, -6.595
13.54, -0.8000, -7.606
13.55, -0.8000, -5.931
13.56, -0.8000, -7.764
13.57, -0.8000, -7.170
13.58, -0.8000, -8.324
13.59, -0.8000, -7.280
13.60, -0.8000, -7.118
13.61, -0.8000, -7.247
13.62, -0.8000, -7.325
13.63, -0.8000, -7.172
13.64, -0.8000, -7.059
13.65, -0.8000, -6.830
13.66, -0.8000, -6.206
13.67, -0.8000, -5.821
13.68, -0.8000, -7.620
13.69, -0.8000, -7.339
13.70, -0.8000, -6.967
13.71, -0.8000, -7.793
13.72, -0.8000, -7.160
13.73, -0.8000, -7.326
13.74, -0.8000, -7.314
13.75, -0.8000, -5.778
13.76, -0.8000, -5.945
13.77, -0.8000, -7.443
13.78, -0.8000, -6.739
13.79, -0.8000, -6.802
13.80, -0.8000, -8.135
13.81, -0.8000, -6.813
13.82, -0.8000, -6.878
13.83, -0.8000, -7.357
13.84, -0.8000, -5.608
13.85, -0.8000, -7.635
13.86, -0.8000, -7.412
13.87, -0.8000, -6.718
13.88, -0.8000, -5.906
13.89, -0.8000, -6.484
13.90, -0.8000, -7.523
13.91, -0.8000, -7.569
13.92, -0.8000, -6.261
13.93, -0.8000, -5.759
13.94, -0.8000, -5.104
13.95, -0.8000, -8.249
13.96, -0.8000, -8.518
13.97, -0.8000, -6.827
13.98, -0.8000, -6.610
13.99, -0.8000, -7.071
14.00, -0.8000, -7.145
14.01, -0.8000, -7.556
14.02, -0.8000, -7.347
14.03, -0.8000, -6.437
14.04, -0.8000, -6.385
14.05, -0.8000, -6.725
14.06, -0.8000, -8.114
14.07, -0.8000, -7.200
14.08, -0.8000, -7.314
14.09, -0.8000, -7.353
14.10, -0.8000, -5.639
14.11, -0.8000, -7.778
14.12, -0.8000, -7.111
14.13, -0.8000, -6.632
14.14, -0.8000, -7.090
14.15, -0.8000, -7.871
14.16, -0.8000, -7.068
14.17, -0.8000, -7.413
14.18, -0.8000, -7.450
14.19, -0.8000, -8.026
14.20, -0.8000, -6.823
14.21, -0.8000, -6.905
14.22, -0.8000, -8.810
14.23, -0.8000, -7.341
14.24, -0.8000, -7.049
14.25, -0.8000, -6.835
14.26, -0.8000, -5.880
14.27, -0.8000, -6.697
14.28, -0.8000, -8.409
14.29, -0.8000, -7.310
14.30, -0.8000, -6.200
14.31, -0.8000, -5.176
14.32, -0.8000, -6.032
14.33, -0.8000, -8.189
14.34, -0.8000, -5.774
14.35, -0.8000, -7.163
14.36, -0.8000, -7.609
14.37, -0.8000, -6.842
14.38, -0.8000, -6.161
14.39, -0.8000, -6.036
14.40, -0.8000, -8.056
14.41, -0.8000, -7.072
14.42, -0.8000, -5.982
14.43, -0.8000, -6.310
14.44, -0.8000, -7.123
14.45, -0.8000, -6.028
14.46, -0.8000, -6.973
14.47, -0.8000, -8.414
14.48, -0.8000, -6.664
14.49, -0.8000, -6.044
14.50, -0.8000, -7.664
14.51, -0.8000, -7.363
14.52, -0.8000, -6.629
14.53, -0.8000, -8.130
14.54, -0.8000, -4.688
14.55, -0.8000, -7.418
14.56, -0.8000, -7.485
14.57, -0.8000, -7.008
14.58, -0.8000, -7.400
14.59, -0.8000, -8.069
14.60, -0.8000, -7.268
14.61, -0.8000, -8.183
14.62, -0.8000, -7.123
14.63, -0.8000, -6.965
14.64, -0.8000, -6.652
14.65, -0.8000, -8.885
14.66, -0.8000, -7.652
14.67, -0.8000, -7.397
14.68, -0.8000, -5.880
14.69, -0.8000, -7.323
14.70, -0.8000, -9.377
14.71, -0.8000, -8.000
14.72, -0.8000, -7.307
14.73, -0.8000, -6.680
14.74, -0.8000, -6.524
14.75, -0.8000, -6.683
14.76, -0.8000, -7.400
14.77, -0.8000, -7.070
14.78, -0.8000, -7.107
14.79, -0.8000, -7.897
14.80, -0.8000, -7.987
14.81, -0.8000, -7.320
14.82, -0.8000, -9.652
14.83, -0.8000, -6.023
14.84, -0.8000, -4.413
14.85, -0.8000, -7.761
14.86, -0.8000, -6.948
14.87, -0.8000, -7.121
14.88, -0.8000, -4.955
14.89, -0.8000, -7.985
14.90, -0.8000, -7.761
14.91, -0.8000, -8.103
14.92, -0.8000, -7.924
14.93, -0.8000, -9.240
14.94, -0.8000, -8.962
14.95, -0.8000, -7.701
14.96, -0.8000, -6.969
14.97, -0.8000, -6.336
14.98, -0.8000, -7.018
14.99, -0.8000, -7.594
15.00, -0.8000, -7.226
15.01, -0.8000, -6.377
15.02, -0.8000, -5.845
15.03, -0.8000, -7.718
15.04, -0.8000, -4.816
15.05, -0.8000, -7.433
15.06, -0.8000, -6.380
15.07, -0.8000, -6.820
15.08, -0.8000, -6.690
15.09, -0.8000, -7.184
15.10, -0.8000, -7.077
15.11, -0.8000, -7.449
15.12, -0.8000, -7.592
15.13, -0.8000, -7.034
15.14, -0.8000, -6.732
15.15, -0.8000, -6.883
15.16, -0.8000, -6.876
15.17, -0.8000, -7.264
15.18, -0.8000, -6.964
15.19, -0.8000, -6.407
15.20, -0.8000, -7.158
15.21, -0.8000, -7.840
15.22, -0.8000, -7.347
15.23, -0.8000, -6.667
15.24, -0.8000, -6.888
15.25, -0.8000, -6.092
15.26, -0.8000, -5.758
15.27, -0.8000, -7.818
15.28, -0.8000, -7.544
15.29, -0.8000, -7.826
15.30, -0.8000, -5.446
15.31, -0.8000, -7.799
15.32, -0.8000, -7.280
15.33, -0.8000, -7.066
15.34, -0.8000, -7.286
15.35, -0.8000, -5.650
15.36, -0.8000, -7.602
15.37, -0.8000, -7.388
15.38, -0.8000, -6.916
15.39, -0.8000, -8.291
15.40, -0.8000, -7.879
15.41, -0.8000, -6.869
15.42, -0.8000, -6.626
15.43, -0.8000, -7.271
15.44, -0.8000, -5.147
15.45, -0.8000, -6.203
15.46, -0.8000, -8.053
15.47, -0.8000, -7.458
15.48, -0.8000, -7.264
15.49, -0.8000, -7.170
15.50, -0.8000, -7.783
15.51, -0.8000, -6.496
15.52, -0.8000, -6.652
15.53, -0.8000, -5.965
15.54, -0.8000, -7.629
15.55, -0.8000, -7.345
15.56, -0.8000, -8.402
15.57, -0.8000, -7.097
15.58, -0.8000, -6.032
15.59, -0.8000, -6.693
15.60, -0.8000, -7.396
15.61, -0.8000, -6.809
15.62, -0.8000, -5.960
15.63, -0.8000, -7.209
15.64, -0.8000, -8.166
15.65, -0.8000, -7.247
15.66, -0.8000, -7.534
15.67, -0.8000, -8.029
15.68, -0.8000, -7.546
15.69, -0.8000, -7.233
15.70, -0.8000, -6.055
15.71, -0.8000, -6.833
15.72, -0.8000, -5.887
15.73, -0.8000, -6.892
15.74, -0.8000, -6.737
15.75, -0.8000, -6.908
15.76, -0.8000, -6.702
15.77, -0.8000, -7.004
15.78, -0.8000, -7.110
15.79, -0.8000, -7.440
15.80, -0.8000, -6.498
15.81, -0.8000, -5.961
15.82, -0.8000, -5.947
15.83, -0.8000, -6.950
15.84, -0.8000, -5.746
15.85, -0.8000, -7.409
15.86, -0.8000, -7.311
15.87, -0.8000, -7.932
15.88, -0.8000, -7.000
15.89, -0.8000, -7.347
15.90, -0.8000, -6.528
15.91, -0.8000, -6.072
15.92, -0.8000, -7.815
15.93, -0.8000, -6.916
15.94, -0.8000, -5.811
15.95, -0.8000, -5.709
15.96, -0.8000, -7.515
15.97, -0.8000, -6.902
15.98, -0.8000, -7.261
15.99, -0.8000, -7.692
16.00, -0.8000, -6.056
16.01, -0.8000, -4.590
16.02, -0.8000, -5.232
16.03, -0.8000, -7.591
16.04, -0.8000, -7.533
16.05, -0.8000, -7.476
16.06, -0.8000, -7.372
16.07, -0.8000, -6.434
16.08, -0.8000, -6.505
16.09, -0.8000, -7.957
16.10, -0.8000, -7.184
16.11, -0.8000, -7.204
16.12, -0.8000, -5.349
16.13, -0.8000, -7.359
16.14, -0.8000, -7.831
16.15, -0.8000, -6.513
16.16, -0.8000, -7.350
16.17, -0.8000, -6.423
16.18, -0.8000, -7.959
16.19, -0.8000, -6.842
16.20, -0.8000, -6.500
16.21, -0.8000, -6.094
16.22, -0.8000, -7.725
16.23, -0.8000, -7.385
16.24, -0.8000, -6.364
16.25, -0.8000, -8.142
16.26, -0.8000, -6.840
16.27, -0.8000, -7.916
16.28, -0.8000, -7.605
16.29, -0.8000, -7.282
16.30, -0.8000, -7.339
16.31, -0.8000, -5.581
16.32, -0.8000, -6.647
16.33, -0.8000, -7.530
16.34, -0.8000, -7.237
16.35, -0.8000, -7.410
16.36, -0.8000, -6.979
16.37, -0.8000, -6.603
16.38, -0.8000, -7.522
16.39, -0.8000, -7.064
16.40, -0.8000, -7.049
16.41, -0.8000, -6.603
16.42, -0.8000, -5.421
16.43, -0.8000, -7.655
16.44, -0.8000, -8.370
16.45, -0.8000, -7.700
16.46, -0.8000, -7.226
16.47, -0.8000, -6.469
16.48, -0.8000, -7.498
16.49, -0.8000, -7.878
16.50, -0.8000, -7.134
16.51, -0.8000, -5.466
16.52, -0.8000, -7.364
16.53, -0.8000, -7.712
16.54, -0.8000, -6.922
16.55, -0.8000, -7.340
16.56, -0.8000, -7.474
16.57, -0.8000, -5.775
16.58, -0.8000, -6.170
16.59, -0.8000, -6.502
16.60, -0.8000, -7.534
16.61, -0.8000, -7.296
16.62, -0.8000, -6.883
16.63, -0.8000, -6.921
16.64, -0.8000, -6.447
16.65, -0.8000, -7.319
16.66, -0.8000, -6.878
16.67, -0.8000, -5.549
16.68, -0.8000, -7.387
16.69, -0.8000, -6.711
16.70, -0.8000, -6.267
16.71, -0.8000, -5.782
16.72, -0.8000, -8.199
16.73, -0.8000, -7.521
16.74, -0.8000, -8.325
16.75, -0.8000, -9.281
16.76, -0.8000, -7.483
16.77, -0.8000, -7.191
16.78, -0.8000, -6.320
16.79, -0.8000, -6.793
16.80, -0.8000, -7.165
16.81, -0.8000, -6.957
16.82, -0.8000, -6.835
16.83, -0.8000, -6.325
16.84, -0.8000, -6.869
16.85, -0.8000, -7.359
16.86, -0.8000, -5.874
16.87, -0.8000, -8.892
16.88, -0.8000, -7.237
16.89, -0.8000, -6.929
16.90, -0.8000, -7.333
16.91, -0.8000, -6.886
16.92, -0.8000, -7.028
16.93, -0.8000, -8.998
16.94, -0.8000, -6.849
16.95, -0.8000, -5.832
16.96, -0.8000, -7.085
16.97, -0.8000, -6.706
16.98, -0.8000, -6.935
16.99, -0.8000, -8.641
17.00, -0.8000, -7.579
17.01, -0.8000, -7.299
17.02, -0.8000, -5.645
17.03, -0.8000, -7.497
17.04, -0.8000, -6.593
17.05, -0.8000, -5.976
17.06, -0.8000, -7.122
17.07, -0.8000, -6.762
17.08, -0.8000, -5.821
17.09, -0.8000, -7.338
17.10, -0.8000, -7.165
17.11, -0.8000, -7.052
17.12, -0.8000, -6.721
17.13, -0.8000, -5.454
17.14, -0.8000, -5.959
17.15, -0.8000, -9.208
17.16, -0.8000, -7.148
17.17, -0.8000, -6.417
17.18, -0.8000, -5.785
17.19, -0.8000, -7.601
17.20, -0.8000, -8.049
17.21, -0.8000, -7.170
17.22, -0.8000, -5.826
17.23, -0.8000, -4.766
17.24, -0.8000, -7.487
17.25, -0.8000, -7.399
17.26, -0.8000, -6.803
17.27, -0.8000, -8.455
17.28, -0.8000, -7.528
17.29, -0.8000, -6.680
17.30, -0.8000, -6.835
17.31, -0.8000, -8.293
17.32, -0.8000, -7.362
17.33, -0.8000, -7.059
17.34, -0.8000, -7.807
17.35, -0.8000, -7.014
17.36, -0.8000, -4.965
17.37, -0.8000, -6.751
17.38, -0.8000, -7.771
17.39, -0.8000, -7.681
17.40, -0.8000, -6.845
17.41, -0.8000, -6.816
17.42, -0.8000, -7.304
17.43, -0.8000, -6.083
17.44, -0.8000, -6.793
17.45, -0.8000, -5.012
17.46, -0.8000, -7.649
17.47, -0.8000, -6.839
17.48, -0.8000, -7.388
17.49, -0.8000, -5.585
17.50, -0.8000, -7.327
17.51, -0.8000, -5.807
17.52, -0.8000, -7.305
17.53, -0.8000, -7.398
17.54, -0.8000, -6.093
17.55, -0.8000, -7.367
17.56, -0.8000, -6.863
17.57, -0.8000, -6.903
17.58, -0.8000, -7.868
17.59, -0.8000, -7.128
17.60, -0.8000, -6.767
17.61, -0.8000, -7.137
17.62, -0.8000, -6.600
17.63, -0.8000, -6.154
17.64, -0.8000, -7.409
17.65, -0.8000, -6.677
17.66, -0.8000, -6.453
17.67, -0.8000, -7.650
17.68, -0.8000, -7.170
17.69, -0.8000, -6.436
17.70, -0.8000, -7.022
17.71, -0.8000, -8.129
17.72, -0.8000, -7.054
17.73, -0.8000, -6.797
17.74, -0.8000, -6.913
17.75, -0.8000, -6.495
17.76, -0.8000, -6.483
17.77, -0.8000, -6.410
17.78, -0.8000, -6.617
17.79, -0.8000, -7.234
17.80, -0.8000, -6.714
17.81, -0.8000, -5.573
17.82, -0.8000, -6.224
17.83, -0.8000, -6.084
17.84, -0.8000, -6.050
17.85, -0.8000, -6.131
17.86, -0.8000, -6.391
17.87, -0.8000, -6.861
17.88, -0.8000, -7.424
17.89, -0.8000, -6.956
17.90, -0.8000, -8.102
17.91, -0.8000, -8.364
17.92, -0.8000, -7.414
17.93, -0.8000, -8.090
17.94, -0.8000, -7.842
17.95, -0.8000, -7.607
17.96, -0.8000, -7.211
17.97, -0.8000, -7.448
17.98, -0.8000, -7.238
17.99, -0.8000, -7.971
18.00, -0.8000, -8.338
18.01, -0.8000, -5.703
18.02, -0.8000, -7.311
18.03, -0.8000, -6.572
18.04, -0.8000, -5.740
18.05, -0.8000, -7.266
18.06, -0.8000, -6.281
18.07, -0.8000, -7.939
18.08, -0.8000, -7.419
18.09, -0.8000, -6.461
18.10, -0.8000, -8.161
18.11, -0.8000, -8.933
18.12, -0.8000, -5.881
18.13, -0.8000, -7.254
18.14, -0.8000, -7.981
18.15, -0.8000, -6.990
18.16, -0.8000, -7.074
18.17, -0.8000, -6.876
18.18, -0.8000, -6.811
18.19, -0.8000, -8.337
18.20, -0.8000, -7.677
18.21, -0.8000, -6.865
18.22, -0.8000, -6.469
18.23, -0.8000, -7.605
18.24, -0.8000, -7.184
18.25, -0.8000, -7.111
18.26, -0.8000, -6.100
18.27, -0.8000, -6.882
18.28, -0.8000, -7.507
18.29, -0.8000, -6.336
18.30, -0.8000, -6.186
18.31, -0.8000, -6.491
18.32, -0.8000, -6.157
18.33, -0.8000, -6.319
18.34, -0.8000, -6.111
18.35, -0.8000, -6.823
18.36, -0.8000, -6.765
18.37, -0.8000, -6.496
18.38, -0.8000, -4.857
18.39, -0.8000, -6.870
18.40, -0.8000, -8.027
18.41, -0.8000, -7.374
18.42, -0.8000, -6.692
18.43, -0.8000, -7.128
18.44, -0.8000, -5.970
18.45, -0.8000, -6.798
18.46, -0.8000, -5.996
18.47, -0.8000, -5.861
18.48, -0.8000, -5.434
18.49, -0.8000, -7.835
18.50, -0.8000, -6.720
18.51, -0.8000, -6.639
18.52, -0.8000, -6.700
18.53, -0.8000, -6.160
18.54, -0.8000, -5.797
18.55, -0.8000, -8.458
18.56, -0.8000, -6.914
18.57, -0.8000, -7.057
18.58, -0.8000, -7.429
18.59, -0.8000, -7.175
18.60, -0.8000, -7.427
18.61, -0.8000, -7.198
18.62, -0.8000, -6.246
18.63, -0.8000, -6.578
18.64, -0.8000, -4.223
18.65, -0.8000, -6.987
18.66, -0.8000, -6.944
18.67, -0.8000, -7.183
18.68, -0.8000, -6.715
18.69, -0.8000, -5.982
18.70, -0.8000, -6.685
18.71, -0.8000, -7.880
18.72, -0.8000, -7.216
18.73, -0.8000, -6.557
18.74, -0.8000, -6.084
18.75, -0.8000, -5.702
18.76, -0.8000, -7.338
18.77, -0.8000, -6.675
18.78, -0.8000, -7.189
18.79, -0.8000, -6.126
18.80, -0.8000, -5.467
18.81, -0.8000, -7.941
18.82, -0.8000, -7.918
18.83, -0.8000, -8.340
18.84, -0.8000, -7.302
18.85, -0.8000, -7.331
18.86, -0.8000, -6.912
18.87, -0.8000, -6.758
18.88, -0.8000, -4.409
18.89, -0.8000, -7.455
18.90, -0.8000, -7.182
18.91, -0.8000, -6.702
18.92, -0.8000, -6.721
18.93, -0.8000, -5.352
18.94, -0.8000, -8.071
18.95, -0.8000, -7.460
18.96, -0.8000, -7.510
18.97, -0.8000, -6.526
18.98, -0.8000, -5.549
18.99, -0.8000, -5.847
19.00, -0.8000, -8.011
19.01, -0.8000, -6.979
19.02, -0.8000, -6.935
19.03, -0.8000, -6.964
19.04, -0.8000, -6.527
19.05, -0.8000, -6.667
19.06, -0.8000, -6.657
19.07, -0.8000, -7.326
19.08, -0.8000, -5.370
19.09, -0.8000, -5.323
19.10, -0.8000, -8.161
19.11, -0.8000, -8.036
19.12, -0.8000, -7.032
19.13, -0.8000, -6.895
19.14, -0.8000, -6.869
19.15, -0.8000, -6.933
19.16, -0.8000, -6.394
19.17, -0.8000, -7.555
19.18, -0.8000, -7.377
19.19, -0.8000, -7.809
19.20, -0.8000, -6.071
19.21, -0.8000, -6.281
19.22, -0.8000, -7.272
19.23, -0.8000, -6.731
19.24, -0.8000, -6.809
19.25, -0.8000, -7.217
19.26, -0.8000, -6.696
19.27, -0.8000, -5.282
19.28, -0.8000, -7.307
19.29, -0.8000, -7.396
19.30, -0.8000, -7.308
19.31, -0.8000, -6.919
19.32, -0.8000, -5.210
19.33, -0.8000, -6.755
19.34, -0.8000, -7.912
19.35, -0.8000, -6.787
19.36, -0.8000, -7.176
19.37, -0.8000, -6.517
19.38, -0.8000, -6.821
19.39, -0.8000, -6.187
19.40, -0.8000, -5.510
19.41, -0.8000, -7.229
19.42, -0.8000, -6.826
19.43, -0.8000, -6.019
19.44, -0.8000, -5.560
19.45, -0.8000, -8.145
19.46, -0.8000, -7.021
19.47, -0.8000, -6.463
19.48, -0.8000, -7.082
19.49, -0.8000, -7.977
19.50, -0.8000, -8.355
19.51, -0.8000, -7.336
19.52, -0.8000, -6.964
19.53, -0.8000, -6.292
19.54, -0.8000, -5.226
19.55, -0.8000, -8.679
19.56, -0.8000, -6.955
19.57, -0.8000, -7.698
19.58, -0.8000, -7.388
19.59, -0.8000, -6.981
19.60, -0.8000, -7.139
19.61, -0.8000, -7.039
19.62, -0.8000, -7.065
19.63, -0.8000, -6.937
19.64, -0.8000, -8.422
19.65, -0.8000, -7.397
19.66, -0.8000, -6.381
19.67, -0.8000, -6.175
19.68, -0.8000, -7.429
19.69, -0.8000, -8.600
19.70, -0.8000, -7.761
19.71, -0.8000, -6.848
19.72, -0.8000, -7.381
19.73, -0.8000, -7.232
19.74, -0.8000, -7.222
19.75, -0.8000, -7.004
19.76, -0.8000, -5.778
19.77, -0.8000, -6.927
19.78, -0.8000, -7.827
19.79, -0.8000, -6.897
19.80, -0.8000, -5.992
19.81, -0.8000, -7.714
19.82, -0.8000, -7.417
19.83, -0.8000, -7.749
19.84, -0.8000, -7.052
19.85, -0.8000, -7.850
19.86, -0.8000, -6.997
19.87, -0.8000, -7.557
19.88, -0.8000, -7.449
19.89, -0.8000, -6.436
19.90, -0.8000, -5.597
19.91, -0.8000, -7.487
19.92, -0.8000, -7.076
19.93, -0.8000, -6.473
19.94, -0.8000, -6.475
19.95, -0.8000, -7.731
19.96, -0.8000, -8.354
19.97, -0.8000, -6.886
19.98, -0.8000, -5.514
19.99, -0.8000, -7.658
20.00, -0.8000, -6.830
20.01, -0.8000, -7.409
20.02, -0.8000, -7.076
20.03, -0.8000, -8.579
20.04, -0.8000, -6.512
20.05, -0.8000, -6.787
20.06, -0.8000, -5.951
20.07, -0.8000, -6.833
20.08, -0.8000, -8.472
20.09, -0.8000, -6.830
20.10, -0.8000, -7.442
20.11, -0.8000, -6.472
20.12, -0.8000, -5.836
20.13, -0.8000, -7.806
20.14, -0.8000, -7.959
20.15, -0.8000, -7.431
20.16, -0.8000, -7.957
20.17, -0.8000, -6.728
20.18, -0.8000, -5.736
20.19, -0.8000, -6.573
20.20, -0.8000, -6.573
20.21, -0.8000, -7.392
20.22, -0.8000, -6.787
20.23, -0.8000, -5.829
20.24, -0.8000, -7.139
20.25, -0.8000, -6.148
20.26, -0.8000, -7.440
20.27, -0.8000, -6.892
20.28, -0.8000, -8.080
20.29, -0.8000, -7.181
20.30, -0.8000, -6.464
20.31, -0.8000, -7.205
20.32, -0.8000, -7.797
20.33, -0.8000, -7.005
20.34, -0.8000, -6.808
20.35, -0.8000, -7.192
20.36, -0.8000, -6.806
20.37, -0.8000, -7.014
20.38, -0.8000, -6.661
20.39, -0.8000, -5.644
20.40, -0.8000, -8.500
20.41, -0.8000, -6.781
20.42, -0.8000, -6.753
20.43, -0.8000, -5.981
20.44, -0.8000, -7.605
20.45, -0.8000, -7.561
20.46, -0.8000, -7.399
20.47, -0.8000, -6.388
20.48, -0.8000, -7.201
20.49, -0.8000, -7.823
20.50, -0.8000, -6.673
20.51, -0.8000, -7.232
20.52, -0.8000, -6.739
20.53, -0.8000, -7.443
20.54, -0.8000, -6.465
20.55, -0.8000, -5.777
20.56, -0.8000, -7.942
20.57, -0.8000, -7.127
20.58, -0.8000, -7.100
20.59, -0.8000, -5.295
20.60, -0.8000, -7.693
20.61, -0.8000, -6.912
20.62, -0.8000, -6.295
20.63, -0.8000, -6.455
20.64, -0.8000, -6.432
20.65, -0.8000, -6.781
20.66, -0.8000, -5.726
20.67, -0.8000, -7.078
20.68, -0.8000, -7.394
20.69, -0.8000, -6.473
20.70, -0.8000, -4.831
20.71, -0.8000, -7.884
20.72, -0.8000, -6.945
20.73, -0.8000, -6.144
20.74, -0.8000, -8.463
20.75, -0.8000, -6.599
20.76, -0.8000, -6.548
20.77, -0.8000, -6.458
20.78, -0.8000, -7.866
20.79, -0.8000, -6.777
20.80, -0.8000, -6.925
20.81, -0.8000, -6.373
20.82, -0.8000, -6.711
20.83, -0.8000, -6.827
20.84, -0.8000, -4.632
20.85, -0.8000, -8.064
20.86, -0.8000, -8.205
20.87, -0.8000, -6.987
20.88, -0.8000, -6.646
20.89, -0.8000, -6.772
20.90, -0.8000, -5.858
20.91, -0.8000, -4.662
20.92, -0.8000, -7.215
20.93, -0.8000, -6.204
20.94, -0.8000, -7.337
20.95, -0.8000, -6.792
20.96, -0.8000, -6.653
20.97, -0.8000, -8.085
20.98, -0.8000, -6.200
20.99, -0.8000, -4.237
21.00, -0.8000, -7.136
21.01, -0.8000, -6.287
21.02, -0.8000, -8.090
21.03, -0.8000, -6.459
21.04, -0.8000, -7.227
21.05, -0.8000, -5.778
21.06, -0.8000, -7.044
21.07, -0.8000, -6.991
21.08, -0.8000, -6.294
21.09, -0.8000, -7.294
21.10, -0.8000, -6.930
21.11, -0.8000, -6.706
21.12, -0.8000, -7.419
21.13, -0.8000, -5.905
21.14, -0.8000, -7.233
21.15, -0.8000, -7.388
21.16, -0.8000, -5.681
21.17, -0.8000, -6.977
21.18, -0.8000, -5.505
21.19, -0.8000, -7.225
21.20, -0.8000, -6.911
21.21, -0.8000, -6.724
21.22, -0.8000, -7.058
21.23, -0.8000, -6.430
21.24, -0.8000, -6.810
21.25, -0.8000, -7.160
21.26, -0.8000, -5.931
21.27, -0.8000, -7.126
21.28, -0.8000, -6.415
21.29, -0.8000, -7.731
21.30, -0.8000, -7.572
21.31, -0.8000, -6.726
21.32, -0.8000, -6.959
21.33, -0.8000, -6.074
21.34, -0.8000, -7.813
21.35, -0.8000, -7.009
21.36, -0.8000, -6.605
21.37, -0.8000, -5.919
21.38, -0.8000, -6.971
21.39, -0.8000, -7.181
21.40, -0.8000, -7.819
21.41, -0.8000, -8.649
21.42, -0.8000, -7.326
21.43, -0.8000, -6.960
21.44, -0.8000, -6.839
21.45, -0.8000, -5.075
21.46, -0.8000, -7.399
21.47, -0.8000, -6.530
21.48, -0.8000, -7.124
21.49, -0.8000, -8.010
21.50, -0.8000, -6.630
21.51, -0.8000, -6.164
21.52, -0.8000, -7.723
21.53, -0.8000, -7.119
21.54, -0.8000, -6.804
21.55, -0.8000, -7.778
21.56, -0.8000, -6.056
21.57, -0.8000, -6.582
21.58, -0.8000, -6.719
21.59, -0.8000, -5.809
21.60, -0.8000, -7.520
21.61, -0.8000, -6.665
21.62, -0.8000, -8.384
21.63, -0.8000, -7.595
21.64, -0.8000, -6.378
21.65, -0.8000, -6.693
21.66, -0.8000, -7.094
21.67, -0.8000, -6.886
21.68, -0.8000, -6.158
21.69, -0.8000, -8.707
21.70, -0.8000, -8.673
21.71, -0.8000, -7.853
21.72, -0.8000, -7.408
21.73, -0.8000, -7.877
21.74, -0.8000, -7.393
21.75, -0.8000, -7.770
21.76, -0.8000, -7.152
21.77, -0.8000, -7.431
21.78, -0.8000, -6.719
21.79, -0.8000, -7.539
21.80, -0.8000, -6.721
21.81, -0.8000, -9.358
21.82, -0.8000, -7.297
21.83, -0.8000, -3.964
21.84, -0.8000, -6.971
21.85, -0.8000, -6.483
21.86, -0.8000, -6.401
21.87, -0.8000, -6.269
21.88, -0.8000, -6.805
21.89, -0.8000, -5.511
21.90, -0.8000, -5.226
21.91, -0.8000, -3.974
21.92, -0.8000, -7.360
21.93, -0.8000, -7.237
21.94, -0.8000, -7.287
21.95, -0.8000, -6.799
21.96, -0.8000, -5.518
21.97, -0.8000, -7.342
21.98, -0.8000, -6.571
21.99, -0.8000, -7.355
22.00, -0.8000, -6.875
22.01, -0.8000, -6.551
22.02, -0.8000, -6.076
22.03, -0.8000, -7.938
22.04, -0.8000, -7.188
22.05, -0.8000, -7.339
22.06, -0.8000, -7.300
22.07, -0.8000, -6.825
22.08, -0.8000, -6.832
22.09, -0.8000, -6.524
22.10, -0.8000, -6.462
22.11, -0.8000, -6.583
22.12, -0.8000, -5.257
22.13, -0.8000, -7.491
22.14, -0.8000, -8.318
22.15, -0.8000, -7.581
22.16, -0.8000, -7.045
22.17, -0.8000, -6.210
22.18, -0.8000, -6.622
22.19, -0.8000, -7.459
22.20, -0.8000, -6.759
22.21, -0.8000, -7.206
22.22, -0.8000, -6.951
22.23, -0.8000, -6.965
22.24, -0.8000, -6.810
22.25, -0.8000, -6.301
22.26, -0.8000, -5.891
22.27, -0.8000, -8.925
22.28, -0.8000, -6.922
22.29, -0.8000, -6.199
22.30, -0.8000, -6.860
22.31, -0.8000, -5.471
22.32, -0.8000, -8.501
22.33, -0.8000, -7.399
22.34, -0.8000, -7.354
22.35, -0.8000, -7.001
22.36, -0.8000, -5.639
22.37, -0.8000, -6.532
22.38, -0.8000, -7.201
22.39, -0.8000, -7.001
22.40, -0.8000, -7.500
22.41, -0.8000, -6.678
22.42, -0.8000, -6.984
22.43, -0.8000, -7.551
22.44, -0.8000, -7.222
22.45, -0.8000, -7.072
22.46, -0.8000, -6.888
22.47, -0.8000, -6.367
22.48, -0.8000, -7.041
22.49, -0.8000, -6.909
22.50, -0.8000, -6.052
22.51, -0.8000, -7.456
22.52, -0.8000, -7.121
22.53, -0.8000, -6.658
22.54, -0.8000, -6.305
22.55, -0.8000, -6.747
22.56, -0.8000, -7.829
22.57, -0.8000, -7.284
22.58, -0.8000, -6.932
22.59, -0.8000, -7.502
22.60, -0.8000, -6.673
22.61, -0.8000, -6.960
22.62, -0.8000, -6.676
22.63, -0.8000, -7.725
22.64, -0.8000, -6.720
22.65, -0.8000, -7.552
22.66, -0.8000, -7.032
22.67, -0.8000, -6.072
22.68, -0.8000, -8.180
22.69, -0.8000, -6.547
22.70, -0.8000, -6.430
22.71, -0.8000, -7.364
22.72, -0.8000, -6.979
22.73, -0.8000, -6.238
22.74, -0.8000, -7.118
22.75, -0.8000, -6.805
22.76, -0.8000, -6.551
22.77, -0.8000, -7.260
22.78, -0.8000, -7.459
22.79, -0.8000, -6.344
22.80, -0.8000, -8.017
22.81, -0.8000, -6.832
22.82, -0.8000, -6.151
22.83, -0.8000, -6.611
22.84, -0.8000, -7.238
22.85, -0.8000, -6.417
22.86, -0.8000, -7.873
22.87, -0.8000, -8.167
22.88, -0.8000, -6.716
22.89, -0.8000, -6.569
22.90, -0.8000, -6.814
22.91, -0.8000, -6.356
22.92, -0.8000, -8.163
22.93, -0.8000, -7.279
22.94, -0.8000, -4.377
22.95, -0.8000, -7.250
22.96, -0.8000, -5.897
22.97, -0.8000, -8.309
22.98, -0.8000, -7.153
22.99, -0.8000, -6.788
23.00, -0.8000, -6.780
23.01, -0.8000, -7.409
23.02, -0.8000, -6.465
23.03, -0.8000, -7.117
23.04, -0.8000, -6.296
23.05, -0.8000, -4.914
23.06, -0.8000, -7.701
23.07, -0.8000, -5.592
23.08, -0.8000, -7.444
23.09, -0.8000, -7.089
23.10, -0.8000, -9.162
23.11, -0.8000, -6.402
23.12, -0.8000, -6.727
23.13, -0.8000, -6.904
23.14, -0.8000, -6.932
23.15, -0.8000, -7.063
23.16, -0.8000, -7.213
23.17, -0.8000, -6.710
23.18, -0.8000, -5.987
23.19, -0.8000, -7.495
23.20, -0.8000, -6.836
23.21, -0.8000, -7.048
23.22, -0.8000, -8.961
23.23, -0.8000, -7.760
23.24, -0.8000, -6.636
23.25, -0.8000, -7.743
23.26, -0.8000, -6.439
23.27, -0.8000, -7.252
23.28, -0.8000, -6.768
23.29, -0.8000, -6.707
23.30, -0.8000, -6.940
23.31, -0.8000, -7.409
23.32, -0.8000, -8.220
23.33, -0.8000, -5.988
23.34, -0.8000, -5.778
23.35, -0.8000, -6.577
23.36, -0.8000, -5.556
23.37, -0.8000, -6.611
23.38, -0.8000, -6.908
23.39, -0.8000, -5.979
23.40, -0.8000, -6.324
23.41, -0.8000, -6.828
23.42, -0.8000, -6.532
23.43, -0.8000, -6.665
23.44, -0.8000, -6.446
23.45, -0.8000, -8.606
23.46, -0.8000, -7.585
23.47, -0.8000, -6.987
23.48, -0.8000, -6.317
23.49, -0.8000, -4.385
23.50, -0.8000, -6.898
23.51, -0.8000, -6.283
23.52, -0.8000, -6.617
23.53, -0.8000, -7.113
23.54, -0.8000, -6.691
23.55, -0.8000, -7.311
23.56, -0.8000, -5.708
23.57, -0.8000, -5.845
23.58, -0.8000, -7.261
23.59, -0.8000, -4.987
23.60, -0.8000, -6.898
23.61, -0.8000, -6.402
23.62, -0.8000, -6.458
23.63, -0.8000, -7.114
23.64, -0.8000, -7.461
23.65, -0.8000, -4.762
23.66, -0.8000, -7.213
23.67, -0.8000, -7.021
23.68, -0.8000, -7.012
23.69, -0.8000, -7.141
23.70, -0.8000, -7.194
23.71, -0.8000, -8.649
23.72, -0.8000, -7.568
23.73, -0.8000, -6.549
23.74, -0.8000, -6.676
23.75, -0.8000, -6.217
23.76, -0.8000, -6.100
23.77, -0.8000, -6.632
23.78, -0.8000, -6.965
23.79, -0.8000, -6.117
23.80, -0.8000, -7.293
23.81, -0.8000, -6.673
23.82, -0.8000, -6.624
23.83, -0.8000, -7.396
23.84, -0.8000, -3.664
23.85, -0.8000, -6.586
23.86, -0.8000, -6.898
23.87, -0.8000, -9.276
23.88, -0.8000, -5.821
23.89, -0.8000, -6.346
23.90, -0.8000, -7.233
23.91, -0.8000, -8.427
23.92, -0.8000, -7.627
23.93, -0.8000, -6.790
23.94, -0.8000, -7.042
23.95, -0.8000, -7.550
23.96, -0.8000, -7.217
23.97, -0.8000, -4.583
23.98, -0.8000, -6.275
23.99, -0.8000, -5.973
24.00, -0.8000, -7.269
24.01, -0.8000, -6.867
24.02, -0.8000, -7.150
24.03, -0.8000, -7.633
24.04, -0.8000, -7.012
24.05, -0.8000, -7.221
24.06, -0.8000, -6.461
24.07, -0.8000, -6.638
24.08, -0.8000, -7.335
24.09, -0.8000, -8.138
24.10, -0.8000, -7.688
24.11, -0.8000, -7.758
24.12, -0.8000, -6.919
24.13, -0.8000, -6.977
24.14, -0.8000, -6.857
24.15, -0.8000, -7.538
24.16, -0.8000, -7.176
24.17, -0.8000, -6.777
24.18, -0.8000, -6.596
24.19, -0.8000, -7.066
24.20, -0.8000, -6.932
24.21, -0.8000, -6.094
24.22, -0.8000, -5.186
24.23, -0.8000, -7.952
24.24, -0.8000, -7.973
24.25, -0.8000, -6.342
24.26, -0.8000, -7.122
24.27, -0.8000, -7.176
24.28, -0.8000, -7.183
24.29, -0.8000, -7.167
24.30, -0.8000, -7.072
24.31, -0.8000, -7.975
24.32, -0.8000, -7.538
24.33, -0.8000, -7.208
24.34, -0.8000, -6.957
24.35, -0.8000, -7.012
24.36, -0.8000, -6.888
24.37, -0.8000, -6.657
24.38, -0.8000, -7.239
24.39, -0.8000, -6.836
24.40, -0.8000, -6.689
24.41, -0.8000, -5.126
24.42, -0.8000, -6.866
24.43, -0.8000, -7.302
24.44, -0.8000, -7.649
24.45, -0.8000, -5.549
24.46, -0.8000, -7.774
24.47, -0.8000, -6.026
24.48, -0.8000, -7.053
24.49, -0.8000, -8.333
24.50, -0.8000, -8.208
24.51, -0.8000, -7.023
24.52, -0.8000, -8.178
24.53, -0.8000, -4.459
24.54, -0.8000, -6.100
24.55, -0.8000, -7.032
24.56, -0.8000, -6.919
24.57, -0.8000, -6.912
24.58, -0.8000, -7.768
24.59, -0.8000, -9.112
24.60, -0.8000, -6.566
24.61, -0.8000, -7.242
24.62, -0.8000, -6.512
24.63, -0.8000, -7.040
24.64, -0.8000, -6.915
24.65, -0.8000, -7.379
24.66, -0.8000, -7.789
24.67, -0.8000, -6.373
24.68, -0.8000, -5.527
24.69, -0.8000, -6.491
24.70, -0.8000, -6.014
24.71, -0.8000, -6.581
24.72, -0.8000, -7.406
24.73, -0.8000, -7.325
24.74, -0.8000, -7.202
24.75, -0.8000, -6.466
24.76, -0.8000, -7.954
24.77, -0.8000, -6.903
24.78, -0.8000, -5.646
24.79, -0.8000, -6.034
24.80, -0.8000, -6.925
24.81, -0.8000, -6.537
24.82, -0.8000, -6.289
24.83, -0.8000, -6.855
24.84, -0.8000, -7.765
24.85, -0.8000, -8.575
24.86, -0.8000, -3.466
24.87, -0.8000, -6.351
24.88, -0.8000, -6.281
24.89, -0.8000, -5.284
24.90, -0.8000, -6.899
24.91, -0.8000, -7.057
24.92, -0.8000, -7.093
24.93, -0.8000, -7.848
24.94, -0.8000, -7.391
24.95, -0.8000, -6.575
24.96, -0.8000, -7.789
24.97, -0.8000, -5.529
24.98, -0.8000, -5.223
24.99, -0.8000, -6.863
25.00, -0.8000, -6.872
25.01, -0.8000, -7.996
25.02, -0.8000, -8.026
25.03, -0.8000, -8.013
25.04, -0.8000, -6.535
25.05, -0.8000, -7.063
25.06, -0.8000, -6.673
25.07, -0.8000, -6.348
25.08, -0.8000, -6.141
25.09, -0.8000, -7.189
25.10, -0.8000, -6.913
25.11, -0.8000, -6.325
25.12, -0.8000, -6.743
25.13, -0.8000, -8.057
25.14, -0.8000, -7.383
25.15, -0.8000, -8.382
25.16, -0.8000, -5.961
25.17, -0.8000, -6.094
25.18, -0.8000, -6.024
25.19, -0.8000, -7.192
25.20, -0.8000, -5.024
25.21, -0.8000, -6.198
25.22, -0.8000, -6.655
25.23, -0.8000, -6.931
25.24, -0.8000, -6.670
25.25, -0.8000, -6.711
25.26, -0.8000, -7.128
25.27, -0.8000, -8.852
25.28, -0.8000, -8.058
25.29, -0.8000, -7.286
25.30, -0.8000, -7.995
25.31, -0.8000, -7.167
25.32, -0.8000, -7.811
25.33, -0.8000, -8.428
25.34, -0.8000, -7.816
25.35, -0.8000, -9.163
25.36, -0.8000, -6.242
25.37, -0.8000, -6.142
25.38, -0.8000, -6.962
25.39, -0.8000, -6.989
25.40, -0.8000, -7.166
25.41, -0.8000, -7.246
25.42, -0.8000, -7.810
25.43, -0.8000, -7.380
25.44, -0.8000, -8.134
25.45, -0.8000, -6.982
25.46, -0.8000, -5.305
25.47, -0.8000, -5.547
25.48, -0.8000, -5.707
25.49, -0.8000, -7.232
25.50, -0.8000, -8.438
25.51, -0.8000, -7.355
25.52, -0.8000, -6.513
25.53, -0.8000, -7.113
25.54, -0.8000, -6.385
25.55, -0.8000, -6.925
25.56, -0.8000, -6.380
25.57, -0.8000, -7.601
25.58, -0.8000, -6.131
25.59, -0.8000, -7.052
25.60, -0.8000, -7.276
25.61, -0.8000, -6.588
25.62, -0.8000, -5.897
25.63, -0.8000, -7.296
25.64, -0.8000, -8.141
25.65, -0.8000, -7.829
25.66, -0.8000, -7.238
25.67, -0.8000, -6.480
25.68, -0.8000, -6.728
25.69, -0.8000, -6.722
25.70, -0.8000, -6.379
25.71, -0.8000, -7.476
25.72, -0.8000, -7.112
25.73, -0.8000, -6.021
25.74, -0.8000, -6.175
25.75, -0.8000, -6.780
25.76, -0.8000, -7.151
25.77, -0.8000, -4.016
25.78, -0.8000, -6.754
25.79, -0.8000, -6.381
25.80, -0.8000, -9.128
25.81, -0.8000, -8.203
25.82, -0.8000, -7.377
25.83, -0.8000, -6.771
25.84, -0.8000, -7.615
25.85, -0.8000, -6.556
25.86, -0.8000, -6.824
25.87, -0.8000, -6.975
25.88, -0.8000, -6.520
25.89, -0.8000, -6.529
25.90, -0.8000, -8.241
25.91, -0.8000, -7.226
25.92, -0.8000, -6.514
25.93, -0.8000, -6.200
25.94, -0.8000, -6.026
25.95, -0.8000, -5.657
25.96, -0.8000, -7.787
25.97, -0.8000, -7.479
25.98, -0.8000, -7.312
25.99, -0.8000, -7.116
26.00, -0.8000, -6.828
26.01, -0.8000, -7.229
26.02, -0.8000, -7.439
26.03, -0.8000, -7.720
26.04, -0.8000, -7.676
26.05, -0.8000, -5.902
26.06, -0.8000, -6.698
26.07, -0.8000, -7.172
26.08, -0.8000, -9.888
26.09, -0.8000, -7.884
26.10, -0.8000, -5.658
26.11, -0.8000, -6.155
26.12, -0.8000, -7.037
26.13, -0.8000, -8.053
26.14, -0.8000, -7.207
26.15, -0.8000, -4.519
26.16, -0.8000, -5.493
26.17, -0.8000, -6.352
26.18, -0.8000, -6.479
26.19, -0.8000, -6.904
26.20, -0.8000, -8.092
26.21, -0.8000, -5.121
26.22, -0.8000, -5.269
26.23, -0.8000, -5.466
26.24, -0.8000, -5.514
26.25, -0.8000, -7.746
26.26, -0.8000, -6.950
26.27, -0.8000, -6.420
26.28, -0.8000, -6.824
26.29, -0.8000, -6.148
26.30, -0.8000, -7.016
26.31, -0.8000, -5.809
26.32, -0.8000, -6.057
26.33, -0.8000, -6.178
26.34, -0.8000, -7.451
26.35, -0.8000, -6.642
26.36, -0.8000, -6.325
26.37, -0.8000, -6.740
26.38, -0.8000, -5.437
26.39, -0.8000, -5.280
26.40, -0.8000, -6.619
26.41, -0.8000, -5.814
26.42, -0.8000, -7.085
26.43, -0.8000, -8.016
26.44, -0.8000, -6.676
26.45, -0.8000, -5.914
26.46, -0.8000, -6.152
26.47, -0.8000, -7.740
26.48, -0.8000, -6.908
26.49, -0.8000, -6.727
26.50, -0.8000, -6.156
26.51, -0.8000, -7.544
26.52, -0.8000, -6.544
26.53, -0.8000, -6.442
26.54, -0.8000, -6.732
26.55, -0.8000, -7.123
26.56, -0.8000, -6.893
26.57, -0.8000, -7.621
26.58, -0.8000, -6.445
26.59, -0.8000, -6.568
26.60, -0.8000, -7.420
26.61, -0.8000, -7.003
26.62, -0.8000, -6.077
26.63, -0.8000, -6.048
26.64, -0.8000, -7.359
26.65, -0.8000, -7.481
26.66, -0.8000, -7.774
26.67, -0.8000, -7.588
26.68, -0.8000, -7.245
26.69, -0.8000, -7.588
26.70, -0.8000, -6.781
26.71, -0.8000, -6.616
26.72, -0.8000, -6.852
26.73, -0.8000, -7.333
26.74, -0.8000, -7.328
26.75, -0.8000, -6.844
26.76, -0.8000, -6.361
26.77, -0.8000, -5.360
26.78, -0.8000, -6.537
26.79, -0.8000, -7.118
26.80, -0.8000, -5.371
26.81, -0.8000, -6.394
26.82, -0.8000, -6.287
26.83, -0.8000, -6.301
26.84, -0.8000, -6.960
26.85, -0.8000, -7.486
26.86, -0.8000, -8.211
26.87, -0.8000, -8.409
26.88, -0.8000, -8.635
26.89, -0.8000, -6.583
26.90, -0.8000, -6.300
26.91, -0.8000, -6.085
26.92, -0.8000, -8.235
26.93, -0.8000, -9.697
26.94, -0.8000, -7.001
26.95, -0.8000, -7.860
26.96, -0.8000, -7.345
26.97, -0.8000, -7.462
26.98, -0.8000, -5.760
26.99, -0.8000, -8.349
27.00, -0.8000, -6.878
27.01, -0.8000, -7.038
27.02, -0.8000, -6.512
27.03, -0.8000, -8.399
27.04, -0.8000, -7.474
27.05, -0.8000, -6.185
27.06, -0.8000, -5.852
27.07, -0.8000, -6.902
27.08, -0.8000, -6.014
27.09, -0.8000, -7.459
27.10, -0.8000, -8.041
27.11, -0.8000, -8.090
27.12, -0.8000, -8.075
27.13, -0.8000, -6.529
27.14, -0.8000, -6.414
27.15, -0.8000, -6.444
27.16, -0.8000, -6.009
27.17, -0.8000, -5.654
27.18, -0.8000, -8.021
27.19, -0.8000, -7.087
27.20, -0.8000, -6.422
27.21, -0.8000, -6.890
27.22, -0.8000, -4.825
27.23, -0.8000, -6.764
27.24, -0.8000, -6.778
27.25, -0.8000, -6.974
27.26, -0.8000, -5.527
27.27, -0.8000, -7.005
27.28, -0.8000, -6.867
27.29, -0.8000, -6.448
27.30, -0.8000, -6.740
27.31, -0.8000, -8.149
27.32, -0.8000, -7.820
27.33, -0.8000, -6.877
27.34, -0.8000, -7.189
27.35, -0.8000, -7.258
27.36, -0.8000, -7.303
27.37, -0.8000, -6.716
27.38, -0.8000, -6.611
27.39, -0.8000, -6.736
27.40, -0.8000, -6.184
27.41, -0.8000, -7.272
27.42, -0.8000, -6.175
27.43, -0.8000, -6.476
27.44, -0.8000, -6.075
27.45, -0.8000, -6.747
27.46, -0.8000, -7.358
27.47, -0.8000, -6.636
27.48, -0.8000, -6.840
27.49, -0.8000, -7.202
27.50, -0.8000, -6.281
27.51, -0.8000, -6.415
27.52, -0.8000, -7.208
27.53, -0.8000, -7.515
27.54, -0.8000, -8.022
27.55, -0.8000, -7.042
27.56, -0.8000, -6.356
27.57, -0.8000, -7.847
27.58, -0.8000, -6.106
27.59, -0.8000, -5.361
27.60, -0.8000, -7.774
27.61, -0.8000, -6.498
27.62, -0.8000, -6.629
27.63, -0.8000, -5.655
27.64, -0.8000, -7.256
27.65, -0.8000, -6.691
27.66, -0.8000, -5.207
27.67, -0.8000, -6.596
27.68, -0.8000, -7.611
27.69, -0.8000, -9.316
27.70, -0.8000, -7.211
27.71, -0.8000, -6.267
27.72, -0.8000, -5.761
27.73, -0.8000, -5.720
27.74, -0.8000, -6.588
27.75, -0.8000, -6.847
27.76, -0.8000, -7.252
27.77, -0.8000, -6.352
27.78, -0.8000, -6.128
27.79, -0.8000, -6.031
27.80, -0.8000, -6.619
27.81, -0.8000, -7.487
27.82, -0.8000, -8.772
27.83, -0.8000, -7.525
27.84, -0.8000, -6.765
27.85, -0.8000, -7.118
27.86, -0.8000, -7.095
27.87, -0.8000, -6.799
27.88, -0.8000, -7.593
27.89, -0.8000, -6.898
27.90, -0.8000, -6.846
27.91, -0.8000, -7.299
27.92, -0.8000, -7.127
27.93, -0.8000, -6.706
27.94, -0.8000, -7.014
27.95, -0.8000, -7.080
27.96, -0.8000, -6.777
27.97, -0.8000, -6.822
27.98, -0.8000, -6.154
27.99, -0.8000, -4.652
28.00, -0.8000, -8.175
28.01, -0.8000, -7.911
28.02, -0.8000, -7.050
28.03, -0.8000, -6.608
28.04, -0.8000, -6.873
28.05, -0.8000, -7.750
28.06, -0.8000, -7.116
28.07, -0.8000, -5.911
28.08, -0.8000, -6.837
28.09, -0.8000, -7.004
28.10, -0.8000, -6.319
28.11, -0.8000, -6.400
28.12, -0.8000, -7.221
28.13, -0.8000, -6.100
28.14, -0.8000, -5.875
28.15, -0.8000, -6.100
28.16, -0.8000, -6.751
28.17, -0.8000, -6.314
28.18, -0.8000, -6.827
28.19, -0.8000, -7.223
28.20, -0.8000, -6.438
28.21, -0.8000, -6.905
28.22, -0.8000, -5.846
28.23, -0.8000, -5.031
28.24, -0.8000, -8.091
28.25, -0.8000, -7.322
28.26, -0.8000, -7.231
28.27, -0.8000, -6.102
28.28, -0.8000, -6.032
28.29, -0.8000, -5.381
28.30, -0.8000, -5.952
28.31, -0.8000, -5.502
28.32, -0.8000, -6.127
28.33, -0.8000, -6.646
28.34, -0.8000, -5.785
28.35, -0.8000, -5.370
28.36, -0.8000, -6.136
28.37, -0.8000, -9.783
28.38, -0.8000, -8.375
28.39, -0.8000, -7.817
28.40, -0.8000, -5.893
28.41, -0.8000, -4.725
28.42, -0.8000, -6.835
28.43, -0.8000, -6.184
28.44, -0.8000, -6.170
28.45, -0.8000, -6.706
28.46, -0.8000, -6.439
28.47, -0.8000, -7.094
28.48, -0.8000, -6.773
28.49, -0.8000, -8.953
28.50, -0.8000, -7.428
28.51, -0.8000, -7.754
28.52, -0.8000, -6.972
28.53, -0.8000, -6.287
28.54, -0.8000, -6.411
28.55, -0.8000, -6.741
28.56, -0.8000, -5.047
28.57, -0.8000, -6.390
28.58, -0.8000, -5.121
28.59, -0.8000, -6.960
28.60, -0.8000, -4.571
28.61, -0.8000, -7.642
28.62, -0.8000, -6.938
28.63, -0.8000, -6.846
28.64, -0.8000, -7.343
28.65, -0.8000, -6.546
28.66, -0.8000, -7.771
28.67, -0.8000, -7.927
28.68, -0.8000, -6.947
28.69, -0.8000, -6.885
28.70, -0.8000, -6.967
28.71, -0.8000, -6.400
28.72, -0.8000, -6.386
28.73, -0.8000, -7.601
28.74, -0.8000, -7.167
28.75, -0.8000, -6.825
28.76, -0.8000, -6.925
28.77, -0.8000, -6.085
28.78, -0.8000, -6.108
28.79, -0.8000, -6.192
28.80, -0.8000, -6.823
28.81, -0.8000, -5.090
28.82, -0.8000, -5.922
28.83, -0.8000, -7.225
28.84, -0.8000, -7.376
28.85, -0.8000, -7.492
28.86, -0.8000, -5.432
28.87, -0.8000, -7.117
28.88, -0.8000, -7.611
28.89, -0.8000, -6.570
28.90, -0.8000, -7.054
28.91, -0.8000, -6.188
28.92, -0.8000, -6.955
28.93, -0.8000, -4.368
28.94, -0.8000, -8.534
28.95, -0.8000, -7.935
28.96, -0.8000, -7.226
28.97, -0.8000, -7.135
28.98, -0.8000, -6.496
28.99, -0.8000, -4.668
29.00, -0.8000, -5.836
29.01, -0.8000, -6.981
29.02, -0.8000, -6.638
29.03, -0.8000, -6.933
29.04, -0.8000, -6.234
29.05, -0.8000, -5.467
29.06, -0.8000, -6.789
29.07, -0.8000, -6.343
29.08, -0.8000, -6.709
29.09, -0.8000, -6.636
29.10, -0.8000, -6.715
29.11, -0.8000, -6.434
29.12, -0.8000, -7.108
29.13, -0.8000, -6.319
29.14, -0.8000, -6.986
29.15, -0.8000, -7.714
29.16, -0.8000, -6.248
29.17, -0.8000, -6.830
29.18, -0.8000, -6.525
29.19, -0.8000, -6.141
29.20, -0.8000, -6.451
29.21, -0.8000, -5.890
29.22, -0.8000, -7.911
29.23, -0.8000, -6.617
29.24, -0.8000, -5.770
29.25, -0.8000, -5.596
29.26, -0.8000, -7.211
29.27, -0.8000, -7.105
29.28, -0.8000, -7.125
29.29, -0.8000, -7.020
29.30, -0.8000, -5.368
29.31, -0.8000, -6.649
29.32, -0.8000, -5.890
29.33, -0.8000, -6.980
29.34, -0.8000, -5.446
29.35, -0.8000, -6.242
29.36, -0.8000, -6.474
29.37, -0.8000, -6.292
29.38, -0.8000, -6.719
29.39, -0.8000, -7.419
29.40, -0.8000, -6.895
29.41, -0.8000, -7.267
29.42, -0.8000, -6.196
29.43, -0.8000, -6.608
29.44, -0.8000, -7.281
29.45, -0.8000, -6.872
29.46, -0.8000, -6.592
29.47, -0.8000, -6.605
29.48, -0.8000, -7.951
29.49, -0.8000, -8.787
29.50, -0.8000, -7.219
29.51, -0.8000, -7.136
29.52, -0.8000, -6.551
29.53, -0.8000, -6.344
29.54, -0.8000, -7.081
29.55, -0.8000, -6.023
29.56, -0.8000, -7.361
29.57, -0.8000, -6.038
29.58, -0.8000, -6.562
29.59, -0.8000, -3.851
29.60, -0.8000, -9.418
29.61, -0.8000, -5.086
29.62, -0.8000, -4.529
29.63, -0.8000, -6.325
29.64, -0.8000, -7.865
29.65, -0.8000, -6.897
29.66, -0.8000, -8.619
29.67, -0.8000, -7.682
29.68, -0.8000, -7.479
29.69, -0.8000, -7.820
29.70, -0.8000, -7.655
29.71, -0.8000, -5.710
29.72, -0.8000, -5.562
29.73, -0.8000, -6.808
29.74, -0.8000, -6.996
29.75, -0.8000, -8.322
29.76, -0.8000, -6.132
29.77, -0.8000, -4.861
29.78, -0.8000, -5.613
29.79, -0.8000, -6.894
29.80, -0.8000, -6.787
29.81, -0.8000, -5.903
29.82, -0.8000, -6.686
29.83, -0.8000, -6.695
29.84, -0.8000, -7.358
29.85, -0.8000, -7.613
29.86, -0.8000, -8.061
29.87, -0.8000, -7.296
29.88, -0.8000, -7.721
29.89, -0.8000, -7.067
29.90, -0.8000, -8.041
29.91, -0.8000, -7.195
29.92, -0.8000, -6.758
29.93, -0.8000, -6.988
29.94, -0.8000, -7.242
29.95, -0.8000, -6.966
29.96, -0.8000, -7.194
29.97, -0.8000, -6.929
29.98, -0.8000, -6.717
29.99, -0.8000, -6.800
30.00, -0.8000, -5.947
30.01, -0.8000, -6.413
30.02, -0.8000, -6.465
30.03, -0.8000, -6.304
30.04, -0.8000, -5.013
30.05, -0.8000, -6.040
30.06, -0.8000, -7.135
30.07, -0.8000, -7.978
30.08, -0.8000, -7.635
30.09, -0.8000, -7.135
30.10, -0.8000, -6.848
30.11, -0.8000, -6.438
30.12, -0.8000, -6.870
30.13, -0.8000, -7.042
30.14, -0.8000, -5.064
30.15, -0.8000, -7.273
30.16, -0.8000, -5.378
30.17, -0.8000, -6.086
30.18, -0.8000, -7.012
30.19, -0.8000, -7.361
30.20, -0.8000, -6.489
30.21, -0.8000, -7.662
30.22, -0.8000, -6.243
30.23, -0.8000, -5.179
30.24, -0.8000, -5.631
30.25, -0.8000, -7.433
30.26, -0.8000, -7.519
30.27, -0.8000, -8.169
30.28, -0.8000, -5.822
30.29, -0.8000, -7.162
30.30, -0.8000, -6.027
30.31, -0.8000, -5.762
30.32, -0.8000, -6.318
30.33, -0.8000, -6.124
30.34, -0.8000, -6.839
30.35, -0.8000, -5.579
30.36, -0.8000, -6.526
30.37, -0.8000, -6.697
30.38, -0.8000, -8.547
30.39, -0.8000, -6.925
30.40, -0.8000, -6.748
30.41, -0.8000, -6.989
30.42, -0.8000, -5.166
30.43, -0.8000, -6.486
30.44, -0.8000, -6.709
30.45, -0.8000, -7.734
30.46, -0.8000, -9.737
30.47, -0.8000, -5.606
30.48, -0.8000, -6.761
30.49, -0.8000, -6.564
30.50, -0.8000, -6.730
30.51, -0.8000, -7.524
30.52, -0.8000, -6.616
30.53, -0.8000, -6.531
30.54, -0.8000, -7.998
30.55, -0.8000, -6.018
30.56, -0.8000, -5.924
30.57, -0.8000, -6.774
30.58, -0.8000, -6.553
30.59, -0.8000, -6.822
30.60, -0.8000, -6.989
30.61, -0.8000, -6.729
30.62, -0.8000, -6.536
30.63, -0.8000, -6.470
30.64, -0.8000, -6.415
30.65, -0.8000, -6.696
30.66, -0.8000, -6.405
30.67, -0.8000, -6.055
30.68, -0.8000, -5.310
30.69, -0.8000, -7.366
30.70, -0.8000, -6.608
30.71, -0.8000, -7.079
30.72, -0.8000, -7.431
30.73, -0.8000, -8.154
30.74, -0.8000, -7.186
30.75, -0.8000, -6.117
30.76, -0.8000, -6.765
30.77, -0.8000, -6.549
30.78, -0.8000, -6.637
30.79, -0.8000, -6.766
30.80, -0.8000, -6.163
30.81, -0.8000, -6.869
30.82, -0.8000, -6.382
30.83, -0.8000, -6.777
30.84, -0.8000, -7.520
30.85, -0.8000, -5.305
30.86, -0.8000, -5.566
30.87, -0.8000, -5.770
30.88, -0.8000, -6.531
30.89, -0.8000, -7.277
30.90, -0.8000, -5.024
30.91, -0.8000, -6.910
30.92, -0.8000, -5.034
30.93, -0.8000, -5.813
30.94, -0.8000, -5.836
30.95, -0.8000, -6.860
30.96, -0.8000, -6.557
30.97, -0.8000, -6.588
30.98, -0.8000, -6.340
30.99, -0.8000, -6.330
31.00, -0.8000, -6.010
31.01, -0.8000, -7.819
31.02, -0.8000, -5.872
31.03, -0.8000, -6.527
31.04, -0.8000, -6.697
31.05, -0.8000, -6.558
31.06, -0.8000, -7.173
31.07, -0.8000, -6.780
31.08, -0.8000, -6.532
31.09, -0.8000, -7.938
31.10, -0.8000, -4.794
31.11, -0.8000, -5.418
31.12, -0.8000, -6.875
31.13, -0.8000, -6.959
31.14, -0.8000, -7.572
31.15, -0.8000, -7.097
31.16, -0.8000, -6.697
31.17, -0.8000, -6.568
31.18, -0.8000, -6.331
31.19, -0.8000, -7.593
31.20, -0.8000, -5.117
31.21, -0.8000, -5.978
31.22, -0.8000, -6.497
31.23, -0.8000, -7.764
31.24, -0.8000, -5.739
31.25, -0.8000, -5.216
31.26, -0.8000, -6.762
31.27, -0.8000, -7.914
31.28, -0.8000, -7.945
31.29, -0.8000, -6.127
31.30, -0.8000, -6.995
31.31, -0.8000, -8.159
31.32, -0.8000, -6.445
31.33, -0.8000, -6.718
31.34, -0.8000, -6.853
31.35, -0.8000, -6.302
31.36, -0.8000, -5.451
31.37, -0.8000, -6.518
31.38, -0.8000, -7.242
31.39, -0.8000, -6.710
31.40, -0.8000, -6.493
31.41, -0.8000, -7.299
31.42, -0.8000, -7.685
31.43, -0.8000, -6.187
31.44, -0.8000, -6.873
31.45, -0.8000, -7.133
31.46, -0.8000, -6.727
31.47, -0.8000, -7.126
31.48, -0.8000, -6.841
31.49, -0.8000, -7.955
31.50, -0.8000, -4.521
31.51, -0.8000, -5.443
31.52, -0.8000, -5.584
31.53, -0.8000, -6.562
31.54, -0.8000, -5.822
31.55, -0.8000, -7.257
31.56, -0.8000, -6.770
31.57, -0.8000, -6.718
31.58, -0.8000, -7.001
31.59, -0.8000, -7.357
31.60, -0.8000, -6.748
31.61, -0.8000, -5.740
31.62, -0.8000, -5.002
31.63, -0.8000, -10.11
31.64, -0.8000, -7.163
31.65, -0.8000, -5.876
31.66, -0.8000, -6.409
31.67, -0.8000, -7.237
31.68, -0.8000, -8.338
31.69, -0.8000, -6.827
31.70, -0.8000, -6.709
31.71, -0.8000, -6.382
31.72, -0.8000, -6.009
31.73, -0.8000, -5.799
31.74, -0.8000, -8.535
31.75, -0.8000, -7.150
31.76, -0.8000, -7.467
31.77, -0.8000, -4.683
31.78, -0.8000, -5.767
31.79, -0.8000, -6.524
31.80, -0.8000, -6.367
31.81, -0.8000, -6.813
31.82, -0.8000, -7.465
31.83, -0.8000, -8.728
31.84, -0.8000, -7.968
31.85, -0.8000, -4.823
31.86, -0.8000, -6.621
31.87, -0.8000, -5.772
31.88, -0.8000, -6.119
31.89, -0.8000, -6.212
31.90, -0.8000, -5.646
31.91, -0.8000, -3.214
31.92, -0.8000, -6.225
31.93, -0.8000, -7.518
31.94, -0.8000, -6.465
31.95, -0.8000, -6.843
31.96, -0.8000, -7.367
31.97, -0.8000, -4.936
31.98, -0.8000, -5.341
31.99, -0.8000, -5.392
32.00, -0.8000, -5.270
32.01, -0.8000, -6.651
32.02, -0.8000, -7.064
32.03, -0.8000, -6.420
32.04, -0.8000, -7.297
32.05, -0.8000, -7.055
32.06, -0.8000, -7.027
32.07, -0.8000, -7.562
32.08, -0.8000, -7.083
32.09, -0.8000, -6.594
32.10, -0.8000, -7.248
32.11, -0.8000, -8.075
32.12, -0.8000, -6.766
32.13, -0.8000, -5.147
32.14, -0.8000, -4.479
32.15, -0.8000, -6.191
32.16, -0.8000, -5.416
32.17, -0.8000, -7.636
32.18, -0.8000, -6.701
32.19, -0.8000, -6.110
32.20, -0.8000, -6.401
32.21, -0.8000, -6.782
32.22, -0.8000, -7.058
32.23, -0.8000, -7.098
32.24, -0.8000, -6.066
32.25, -0.8000, -7.741
32.26, -0.8000, -5.586
32.27, -0.8000, -6.197
32.28, -0.8000, -7.852
32.29, -0.8000, -5.364
32.30, -0.8000, -6.582
32.31, -0.8000, -7.117
32.32, -0.8000, -7.838
32.33, -0.8000, -6.824
32.34, -0.8000, -6.514
32.35, -0.8000, -6.430
32.36, -0.8000, -7.113
32.37, -0.8000, -6.926
32.38, -0.8000, -7.936
32.39, -0.8000, -6.656
32.40, -0.8000, -5.664
32.41, -0.8000, -7.859
32.42, -0.8000, -5.483
32.43, -0.8000, -6.653
32.44, -0.8000, -7.047
32.45, -0.8000, -5.088
32.46, -0.8000, -6.696
32.47, -0.8000, -6.804
32.48, -0.8000, -6.956
32.49, -0.8000, -7.869
32.50, -0.8000, -4.923
32.51, -0.8000, -6.900
32.52, -0.8000, -6.794
32.53, -0.8000, -4.792
32.54, -0.8000, -5.539
32.55, -0.8000, -6.853
32.56, -0.8000, -6.856
32.57, -0.8000, -7.922
32.58, -0.8000, -4.739
32.59, -0.8000, -5.657
32.60, -0.8000, -6.701
32.61, -0.8000, -9.058
32.62, -0.8000, -4.817
32.63, -0.8000, -10.01
32.64, -0.8000, -7.520
32.65, -0.8000, -6.921
32.66, -0.8000, -6.923
32.67, -0.8000, -6.403
32.68, -0.8000, -5.020
32.69, -0.8000, -6.181
32.70, -0.8000, -7.670
32.71, -0.8000, -6.848
32.72, -0.8000, -6.235
32.73, -0.8000, -4.792
32.74, -0.8000, -5.938
32.75, -0.8000, -4.449
32.76, -0.8000, -6.094
32.77, -0.8000, -4.192
32.78, -0.8000, -7.134
32.79, -0.8000, -6.837
32.80, -0.8000, -6.915
32.81, -0.8000, -6.384
32.82, -0.8000, -7.402
32.83, -0.8000, -7.281
32.84, -0.8000, -5.673
32.85, -0.8000, -9.299
32.86, -0.8000, -8.538
32.87, -0.8000, -7.156
32.88, -0.8000, -7.861
32.89, -0.8000, -8.635
32.90, -0.8000, -6.737
32.91, -0.8000, -4.480
32.92, -0.8000, -6.199
32.93, -0.8000, -7.006
32.94, -0.8000, -6.655
32.95, -0.8000, -7.349
32.96, -0.8000, -5.909
32.97, -0.8000, -4.505
32.98, -0.8000, -7.082
32.99, -0.8000, -7.976
33.00, -0.8000, -5.509
33.01, -0.8000, -6.482
33.02, -0.8000, -6.365
33.03, -0.8000, -7.299
33.04, -0.8000, -7.418
33.05, -0.8000, -4.443
33.06, -0.8000, -6.183
33.07, -0.8000, -5.693
33.08, -0.8000, -6.865
33.09, -0.8000, -7.045
33.10, -0.8000, -7.682
33.11, -0.8000, -4.611
33.12, -0.8000, -6.702
33.13, -0.8000, -6.061
33.14, -0.8000, -5.895
33.15, -0.8000, -6.672
33.16, -0.8000, -6.432
33.17, -0.8000, -6.391
33.18, -0.8000, -5.928
33.19, -0.8000, -7.776
33.20, -0.8000, -6.595
33.21, -0.8000, -6.280
33.22, -0.8000, -7.507
33.23, -0.8000, -5.290
33.24, -0.8000, -6.607
33.25, -0.8000, -8.144
33.26, -0.8000, -6.273
33.27, -0.8000, -5.881
33.28, -0.8000, -6.514
33.29, -0.8000, -5.858
33.30, -0.8000, -6.501
33.31, -0.8000, -6.827
33.32, -0.8000, -6.755
33.33, -0.8000, -7.591
33.34, -0.8000, -7.244
33.35, -0.8000, -7.087
33.36, -0.8000, -7.014
33.37, -0.8000, -7.370
33.38, -0.8000, -7.287
33.39, -0.8000, -7.680
33.40, -0.8000, -7.352
33.41, -0.8000, -7.956
33.42, -0.8000, -4.525
33.43, -0.8000, -5.885
33.44, -0.8000, -7.388
33.45, -0.8000, -6.758
33.46, -0.8000, -6.811
33.47, -0.8000, -6.779
33.48, -0.8000, -6.008
33.49, -0.8000, -6.992
33.50, -0.8000, -5.747
33.51, -0.8000, -6.965
33.52, -0.8000, -6.868
33.53, -0.8000, -6.698
33.54, -0.8000, -6.993
33.55, -0.8000, -6.697
33.56, -0.8000, -6.722
33.57, -0.8000, -6.619
33.58, -0.8000, -6.507
33.59, -0.8000, -6.949
33.60, -0.8000, -8.188
33.61, -0.8000, -6.866
33.62, -0.8000, -5.342
33.63, -0.8000, -6.802
33.64, -0.8000, -5.770
33.65, -0.8000, -6.218
33.66, -0.8000, -6.858
33.67, -0.8000, -7.791
33.68, -0.8000, -5.256
33.69, -0.8000, -6.473
33.70, -0.8000, -6.463
33.71, -0.8000, -6.942
33.72, -0.8000, -7.906
33.73, -0.8000, -7.277
33.74, -0.8000, -6.863
33.75, -0.8000, -7.441
33.76, -0.8000, -7.218
33.77, -0.8000, -8.080
33.78, -0.8000, -5.520
33.79, -0.8000, -7.005
33.80, -0.8000, -6.720
33.81, -0.8000, -4.284
33.82, -0.8000, -5.636
33.83, -0.8000, -5.924
33.84, -0.8000, -6.051
33.85, -0.8000, -7.092
33.86, -0.8000, -6.878
33.87, -0.8000, -8.144
33.88, -0.8000, -5.224
33.89, -0.8000, -5.835
33.90, -0.8000, -6.100
33.91, -0.8000, -6.101
33.92, -0.8000, -6.500
33.93, -0.8000, -6.604
33.94, -0.8000, -6.391
33.95, -0.8000, -7.166
33.96, -0.8000, -7.217
33.97, -0.8000, -6.317
33.98, -0.8000, -6.503
33.99, -0.8000, -6.786
34.00, -0.8000, -6.609
34.01, -0.8000, -7.789
34.02, -0.8000, -6.599
34.03, -0.8000, -8.317
34.04, -0.8000, -6.118
34.05, -0.8000, -7.444
34.06, -0.8000, -6.738
34.07, -0.8000, -6.437
34.08, -0.8000, -5.212
34.09, -0.8000, -6.165
34.10, -0.8000, -7.963
34.11, -0.8000, -7.529
34.12, -0.8000, -7.759
34.13, -0.8000, -7.732
34.14, -0.8000, -6.933
34.15, -0.8000, -7.073
34.16, -0.8000, -6.387
34.17, -0.8000, -6.146
34.18, -0.8000, -6.018
34.19, -0.8000, -7.706
34.20, -0.8000, -7.110
34.21, -0.8000, -6.381
34.22, -0.8000, -5.845
34.23, -0.8000, -5.809
34.24, -0.8000, -5.829
34.25, -0.8000, -5.393
34.26, -0.8000, -6.475
34.27, -0.8000, -8.013
34.28, -0.8000, -7.435
34.29, -0.8000, -6.145
34.30, -0.8000, -6.801
34.31, -0.8000, -6.734
34.32, -0.8000, -6.827
34.33, -0.8000, -7.317
34.34, -0.8000, -7.433
34.35, -0.8000, -6.237
34.36, -0.8000, -5.532
34.37, -0.8000, -7.861
34.38, -0.8000, -6.600
34.39, -0.8000, -6.739
34.40, -0.8000, -5.194
34.41, -0.8000, -7.796
34.42, -0.8000, -6.658
34.43, -0.8000, -6.371
34.44, -0.8000, -6.861
34.45, -0.8000, -6.337
34.46, -0.8000, -6.107
34.47, -0.8000, -5.887
34.48, -0.8000, -6.126
34.49, -0.8000, -6.054
34.50, -0.8000, -6.541
34.51, -0.8000, -4.977
34.52, -0.8000, -7.633
34.53, -0.8000, -6.260
34.54, -0.8000, -6.492
34.55, -0.8000, -6.936
34.56, -0.8000, -7.060
34.57, -0.8000, -6.270
34.58, -0.8000, -6.084
34.59, -0.8000, -6.521
34.60, -0.8000, -6.187
34.61, -0.8000, -6.566
34.62, -0.8000, -6.259
34.63, -0.8000, -6.447
34.64, -0.8000, -6.568
34.65, -0.8000, -5.864
34.66, -0.8000, -6.412
34.67, -0.8000, -6.710
34.68, -0.8000, -7.562
34.69, -0.8000, -6.673
34.70, -0.8000, -6.823
34.71, -0.8000, -5.577
34.72, -0.8000, -6.598
34.73, -0.8000, -4.738
34.74, -0.8000, -6.476
34.75, -0.8000, -7.117
34.76, -0.8000, -6.571
34.77, -0.8000, -7.050
34.78, -0.8000, -6.088
34.79, -0.8000, -5.634
34.80, -0.8000, -8.325
34.81, -0.8000, -6.544
34.82, -0.8000, -5.552
34.83, -0.8000, -6.770
34.84, -0.8000, -5.912
34.85, -0.8000, -7.673
34.86, -0.8000, -6.686
34.87, -0.8000, -5.449
34.88, -0.8000, -7.329
34.89, -0.8000, -6.539
34.90, -0.8000, -4.310
34.91, -0.8000, -6.758
34.92, -0.8000, -6.531
34.93, -0.8000, -6.842
34.94, -0.8000, -7.441
34.95, -0.8000, -6.738
34.96, -0.8000, -6.383
34.97, -0.8000, -5.659
34.98, -0.8000, -5.609
34.99, -0.8000, -4.538
35.00, -0.8000, -7.599
35.01, -0.8000, -7.201
35.02, -0.8000, -6.969
35.03, -0.8000, -6.431
35.04, -0.8000, -6.752
35.05, -0.8000, -6.816
35.06, -0.8000, -6.098
35.07, -0.8000, -6.786
35.08, -0.8000, -6.632
35.09, -0.8000, -6.567
35.10, -0.8000, -6.210
35.11, -0.8000, -5.281
35.12, -0.8000, -7.119
35.13, -0.8000, -6.156
35.14, -0.8000, -6.348
35.15, -0.8000, -5.506
35.16, -0.8000, -6.817
35.17, -0.8000, -5.205
35.18, -0.8000, -7.516
35.19, -0.8000, -6.755
35.20, -0.8000, -5.070
35.21, -0.8000, -7.335
35.22, -0.8000, -7.100
35.23, -0.8000, -7.071
35.24, -0.8000, -6.361
35.25, -0.8000, -4.973
35.26, -0.8000, -7.324
35.27, -0.8000, -6.546
35.28, -0.8000, -6.678
35.29, -0.8000, -6.106
35.30, -0.8000, -7.411
35.31, -0.8000, -6.824
35.32, -0.8000, -6.972
35.33, -0.8000, -6.937
35.34, -0.8000, -6.635
35.35, -0.8000, -7.210
35.36, -0.8000, -3.818
35.37, -0.8000, -8.327
35.38, -0.8000, -6.632
35.39, -0.8000, -6.334
35.40, -0.8000, -6.193
35.41, -0.8000, -7.351
35.42, -0.8000, -6.968
35.43, -0.8000, -6.818
35.44, -0.8000, -6.317
35.45, -0.8000, -7.701
35.46, -0.8000, -6.369
35.47, -0.8000, -6.640
35.48, -0.8000, -6.708
35.49, -0.8000, -5.364
35.50, -0.8000, -7.873
35.51, -0.8000, -7.070
35.52, -0.8000, -6.802
35.53, -0.8000, -6.235
35.54, -0.8000, -5.504
35.55, -0.8000, -6.884
35.56, -0.8000, -6.034
35.57, -0.8000, -6.227
35.58, -0.8000, -6.538
35.59, -0.8000, -6.196
35.60, -0.8000, -7.307
35.61, -0.8000, -7.011
35.62, -0.8000, -7.049
35.63, -0.8000, -5.686
35.64, -0.8000, -6.285
35.65, -0.8000, -5.796
35.66, -0.8000, -7.365
35.67, -0.8000, -6.380
35.68, -0.8000, -6.914
35.69, -0.8000, -6.925
35.70, -0.8000, -5.919
35.71, -0.8000, -6.297
35.72, -0.8000, -6.230
35.73, -0.8000, -7.423
35.74, -0.8000, -10.24
35.75, -0.8000, -8.047
35.76, -0.8000, -7.771
35.77, -0.8000, -6.553
35.78, -0.8000, -5.758
35.79, -0.8000, -8.162
35.80, -0.8000, -7.435
35.81, -0.8000, -6.066
35.82, -0.8000, -8.625
35.83, -0.8000, -7.116
35.84, -0.8000, -5.479
35.85, -0.8000, -6.815
35.86, -0.8000, -6.405
35.87, -0.8000, -7.314
35.88, -0.8000, -6.072
35.89, -0.8000, -6.163
35.90, -0.8000, -5.526
35.91, -0.8000, -7.507
35.92, -0.8000, -7.763
35.93, -0.8000, -6.786
35.94, -0.8000, -6.583
35.95, -0.8000, -7.031
35.96, -0.8000, -8.919
35.97, -0.8000, -6.755
35.98, -0.8000, -7.384
35.99, -0.8000, -6.903
36.00, -0.8000, -6.429
36.01, -0.8000, -6.354
36.02, -0.8000, -6.623
36.03, -0.8000, -5.298
36.04, -0.8000, -6.723
36.05, -0.8000, -6.606
36.06, -0.8000, -6.195
36.07, -0.8000, -6.003
36.08, -0.8000, -6.333
36.09, -0.8000, -6.407
36.10, -0.8000, -5.817
36.11, -0.8000, -7.624
36.12, -0.8000, -7.451
36.13, -0.8000, -5.794
36.14, -0.8000, -4.880
36.15, -0.8000, -6.782
36.16, -0.8000, -6.282
36.17, -0.8000, -6.712
36.18, -0.8000, -6.825
36.19, -0.8000, -4.722
36.20, -0.8000, -6.959
36.21, -0.8000, -5.797
36.22, -0.8000, -6.943
36.23, -0.8000, -7.406
36.24, -0.8000, -6.306
36.25, -0.8000, -6.975
36.26, -0.8000, -6.167
36.27, -0.8000, -6.966
36.28, -0.8000, -6.692
36.29, -0.8000, -6.459
36.30, -0.8000, -6.757
36.31, -0.8000, -6.515
36.32, -0.8000, -6.295
36.33, -0.8000, -6.854
36.34, -0.8000, -4.853
36.35, -0.8000, -7.342
36.36, -0.8000, -7.878
36.37, -0.8000, -6.866
36.38, -0.8000, -6.601
36.39, -0.8000, -6.360
36.40, -0.8000, -6.921
36.41, -0.8000, -6.543
36.42, -0.8000, -6.454
36.43, -0.8000, -5.871
36.44, -0.8000, -6.447
36.45, -0.8000, -6.350
36.46, -0.8000, -10.03
36.47, -0.8000, -7.925
36.48, -0.8000, -6.650
36.49, -0.8000, -7.231
36.50, -0.8000, -5.765
36.51, -0.8000, -7.305
36.52, -0.8000, -7.446
36.53, -0.8000, -8.137
36.54, -0.8000, -4.826
36.55, -0.8000, -6.652
36.56, -0.8000, -5.721
36.57, -0.8000, -6.374
36.58, -0.8000, -6.827
36.59, -0.8000, -5.033
36.60, -0.8000, -5.896
36.61, -0.8000, -7.151
36.62, -0.8000, -6.745
36.63, -0.8000, -6.589
36.64, -0.8000, -6.463
36.65, -0.8000, -4.286
36.66, -0.8000, -7.042
36.67, -0.8000, -6.883
36.68, -0.8000, -6.136
36.69, -0.8000, -5.997
36.70, -0.8000, -6.847
36.71, -0.8000, -5.017
36.72, -0.8000, -7.344
36.73, -0.8000, -7.927
36.74, -0.8000, -7.323
36.75, -0.8000, -7.047
36.76, -0.8000, -6.597
36.77, -0.8000, -6.640
36.78, -0.8000, -6.747
36.79, -0.8000, -6.574
36.80, -0.8000, -6.816
36.81, -0.8000, -6.113
36.82, -0.8000, -6.165
36.83, -0.8000, -4.585
36.84, -0.8000, -4.363
36.85, -0.8000, -5.463
36.86, -0.8000, -7.379
36.87, -0.8000, -7.119
36.88, -0.8000, -6.847
36.89, -0.8000, -6.663
36.90, -0.8000, -5.895
36.91, -0.8000, -6.897
36.92, -0.8000, -6.716
36.93, -0.8000, -6.761
36.94, -0.8000, -6.090
36.95, -0.8000, -5.070
36.96, -0.8000, -6.452
36.97, -0.8000, -7.262
36.98, -0.8000, -7.021
36.99, -0.8000, -6.934
37.00, -0.8000, -7.116
37.01, -0.8000, -6.004
37.02, -0.8000, -6.630
37.03, -0.8000, -6.689
37.04, -0.8000, -6.607
37.05, -0.8000, -6.131
37.06, -0.8000, -6.815
37.07, -0.8000, -4.874
37.08, -0.8000, -4.264
37.09, -0.8000, -7.114
37.10, -0.8000, -7.471
37.11, -0.8000, -6.949
37.12, -0.8000, -6.253
37.13, -0.8000, -6.113
37.14, -0.8000, -6.048
37.15, -0.8000, -7.725
37.16, -0.8000, -7.653
37.17, -0.8000, -6.853
37.18, -0.8000, -6.868
37.19, -0.8000, -6.153
37.20, -0.8000, -4.963
37.21, -0.8000, -7.704
37.22, -0.8000, -6.789
37.23, -0.8000, -6.266
37.24, -0.8000, -6.800
37.25, -0.8000, -6.263
37.26, -0.8000, -6.135
37.27, -0.8000, -5.651
37.28, -0.8000, -9.632
37.29, -0.8000, -7.413
37.30, -0.8000, -7.274
37.31, -0.8000, -6.643
37.32, -0.8000, -5.227
37.33, -0.8000, -6.307
37.34, -0.8000, -5.775
37.35, -0.8000, -6.084
37.36, -0.8000, -7.318
37.37, -0.8000, -6.507
37.38, -0.8000, -6.761
37.39, -0.8000, -6.393
37.40, -0.8000, -6.770
37.41, -0.8000, -6.731
37.42, -0.8000, -6.905
37.43, -0.8000, -5.913
37.44, -0.8000, -6.796
37.45, -0.8000, -5.950
37.46, -0.8000, -5.163
37.47, -0.8000, -6.121
37.48, -0.8000, -6.969
37.49, -0.8000, -6.257
37.50, -0.8000, -6.079
37.51, -0.8000, -6.542
37.52, -0.8000, -5.619
37.53, -0.8000, -5.611
37.54, -0.8000, -6.785
37.55, -0.8000, -5.828
37.56, -0.8000, -6.380
37.57, -0.8000, -6.272
37.58, -0.8000, -6.316
37.59, -0.8000, -6.311
37.60, -0.8000, -5.859
37.61, -0.8000, -6.383
37.62, -0.8000, -5.471
37.63, -0.8000, -5.380
37.64, -0.8000, -7.069
37.65, -0.8000, -8.375
37.66, -0.8000, -7.519
37.67, -0.8000, -7.210
37.68, -0.8000, -6.321
37.69, -0.8000, -6.352
37.70, -0.8000, -7.268
37.71, -0.8000, -7.006
37.72, -0.8000, -8.300
37.73, -0.8000, -6.081
37.74, -0.8000, -6.302
37.75, -0.8000, -6.631
37.76, -0.8000, -6.948
37.77, -0.8000, -6.876
37.78, -0.8000, -6.481
37.79, -0.8000, -6.264
37.80, -0.8000, -6.106
37.81, -0.8000, -5.770
37.82, -0.8000, -5.440
37.83, -0.8000, -6.259
37.84, -0.8000, -5.086
37.85, -0.8000, -4.458
37.86, -0.8000, -5.218
37.87, -0.8000, -7.657
37.88, -0.8000, -7.528
37.89, -0.8000, -7.910
37.90, -0.8000, -7.362
37.91, -0.8000, -5.973
37.92, -0.8000, -6.261
37.93, -0.8000, -4.668
37.94, -0.8000, -7.153
37.95, -0.8000, -6.134
37.96, -0.8000, -5.407
37.97, -0.8000, -6.648
37.98, -0.8000, -6.654
37.99, -0.8000, -5.694
38.00, -0.8000, -5.410
38.01, -0.8000, -7.248
38.02, -0.8000, -7.707
38.03, -0.8000, -6.234
38.04, -0.8000, -7.048
38.05, -0.8000, -5.992
38.06, -0.8000, -5.783
38.07, -0.8000, -7.675
38.08, -0.8000, -6.435
38.09, -0.8000, -5.683
38.10, -0.8000, -5.445
38.11, -0.8000, -4.329
38.12, -0.8000, -7.733
38.13, -0.8000, -7.321
38.14, -0.8000, -6.719
38.15, -0.8000, -6.787
38.16, -0.8000, -7.611
38.17, -0.8000, -7.268
38.18, -0.8000, -6.750
38.19, -0.8000, -6.645
38.20, -0.8000, -5.784
38.21, -0.8000, -5.549
38.22, -0.8000, -6.379
38.23, -0.8000, -6.987
38.24, -0.8000, -6.707
38.25, -0.8000, -6.230
38.26, -0.8000, -6.119
38.27, -0.8000, -7.217
38.28, -0.8000, -6.618
38.29, -0.8000, -6.195
38.30, -0.8000, -6.783
38.31, -0.8000, -6.732
38.32, -0.8000, -5.213
38.33, -0.8000, -4.666
38.34, -0.8000, -7.263
38.35, -0.8000, -6.498
38.36, -0.8000, -6.644
38.37, -0.8000, -6.404
38.38, -0.8000, -4.059
38.39, -0.8000, -6.399
38.40, -0.8000, -6.462
38.41, -0.8000, -6.196
38.42, -0.8000, -5.445
38.43, -0.8000, -6.826
38.44, -0.8000, -4.670
38.45, -0.8000, -8.140
38.46, -0.8000, -6.666
38.47, -0.8000, -6.082
38.48, -0.8000, -6.593
38.49, -0.8000, -6.054
38.50, -0.8000, -7.004
38.51, -0.8000, -5.828
38.52, -0.8000, -5.985
38.53, -0.8000, -5.274
38.54, -0.8000, -6.493
38.55, -0.8000, -6.956
38.56, -0.8000, -6.531
38.57, -0.8000, -5.283
38.58, -0.8000, -6.242
38.59, -0.8000, -4.257
38.60, -0.8000, -6.673
38.61, -0.8000, -5.601
38.62, -0.8000, -6.689
38.63, -0.8000, -5.694
38.64, -0.8000, -4.755
38.65, -0.8000, -6.453
38.66, -0.8000, -6.807
38.67, -0.8000, -3.547
38.68, -0.8000, -6.962
38.69, -0.8000, -6.704
38.70, -0.8000, -5.246
38.71, -0.8000, -5.329
38.72, -0.8000, -6.371
38.73, -0.8000, -6.737
38.74, -0.8000, -6.888
38.75, -0.8000, -7.742
38.76, -0.8000, -6.932
38.77, -0.8000, -6.037
38.78, -0.8000, -6.762
38.79, -0.8000, -6.130
38.80, -0.8000, -5.885
38.81, -0.8000, -7.870
38.82, -0.8000, -7.810
38.83, -0.8000, -6.740
38.84, -0.8000, -6.005
38.85, -0.8000, -6.578
38.86, -0.8000, -6.650
38.87, -0.8000, -8.114
38.88, -0.8000, -7.032
38.89, -0.8000, -6.303
38.90, -0.8000, -5.972
38.91, -0.8000, -5.479
38.92, -0.8000, -5.376
38.93, -0.8000, -6.685
38.94, -0.8000, -6.325
38.95, -0.8000, -7.467
38.96, -0.8000, -5.056
38.97, -0.8000, -7.048
38.98, -0.8000, -6.407
38.99, -0.8000, -5.522
39.00, -0.8000, -6.793
39.01, -0.8000, -6.107
39.02, -0.8000, -5.737
39.03, -0.8000, -3.735
39.04, -0.8000, -6.303
39.05, -0.8000, -5.552
39.06, -0.8000, -6.635
39.07, -0.8000, -6.714
39.08, -0.8000, -4.849
39.09, -0.8000, -6.563
39.10, -0.8000, -5.474
39.11, -0.8000, -7.047
39.12, -0.8000, -6.371
39.13, -0.8000, -5.143
39.14, -0.8000, -6.843
39.15, -0.8000, -6.857
39.16, -0.8000, -4.668
39.17, -0.8000, -6.691
39.18, -0.8000, -5.883
39.19, -0.8000, -5.794
39.20, -0.8000, -7.516
39.21, -0.8000, -6.648
39.22, -0.8000, -6.148
39.23, -0.8000, -7.109
39.24, -0.8000, -6.039
39.25, -0.8000, -8.954
39.26, -0.8000, -6.706
39.27, -0.8000, -5.705
39.28, -0.8000, -6.945
39.29, -0.8000, -6.009
39.30, -0.8000, -6.569
39.31, -0.8000, -5.631
39.32, -0.8000, -6.740
39.33, -0.8000, -6.077
39.34, -0.8000, -7.924
39.35, -0.8000, -6.988
39.36, -0.8000, -6.582
39.37, -0.8000, -7.061
39.38, -0.8000, -5.494
39.39, -0.8000, -4.791
39.40, -0.8000, -6.248
39.41, -0.8000, -5.465
39.42, -0.8000, -6.861
39.43, -0.8000, -6.620
39.44, -0.8000, -6.183
39.45, -0.8000, -6.744
39.46, -0.8000, -7.531
39.47, -0.8000, -6.477
39.48, -0.8000, -4.294
39.49, -0.8000, -6.368
39.50, -0.8000, -6.900
39.51, -0.8000, -7.030
39.52, -0.8000, -6.453
39.53, -0.8000, -7.601
39.54, -0.8000, -5.384
39.55, -0.8000, -7.027
39.56, -0.8000, -5.339
39.57, -0.8000, -6.476
39.58, -0.8000, -6.507
39.59, -0.8000, -6.405
39.60, -0.8000, -6.808
39.61, -0.8000, -5.785
39.62, -0.8000, -6.113
39.63, -0.8000, -6.714
39.64, -0.8000, -5.709
39.65, -0.8000, -6.746
39.66, -0.8000, -6.902
39.67, -0.8000, -5.642
39.68, -0.8000, -6.578
39.69, -0.8000, -6.370
39.70, -0.8000, -7.015
39.71, -0.8000, -6.182
39.72, -0.8000, -6.836
39.73, -0.8000, -6.015
39.74, -0.8000, -6.650
39.75, -0.8000, -4.170
39.76, -0.8000, -6.801
39.77, -0.8000, -6.391
39.78, -0.8000, -7.398
39.79, -0.8000, -6.464
39.80, -0.8000, -6.253
39.81, -0.8000, -4.554
39.82, -0.8000, -6.983
39.83, -0.8000, -6.823
39.84, -0.8000, -7.427
39.85, -0.8000, -5.734
39.86, -0.8000, -3.811
39.87, -0.8000, -7.067
39.88, -0.8000, -5.904
39.89, -0.8000, -6.011
39.90, -0.8000, -7.032
39.91, -0.8000, -6.282
39.92, -0.8000, -5.417
39.93, -0.8000, -6.226
39.94, -0.8000, -6.987
39.95, -0.8000, -5.924
39.96, -0.8000, -6.617
39.97, -0.8000, -8.473
39.98, -0.8000, -6.737
39.99, -0.8000, -7.536
40.00, -0.8000, -6.672
40.01, -0.8000, -6.489
40.02, -0.8000, -6.309
40.03, -0.8000, -6.209
40.04, -0.8000, -5.123
40.05, -0.8000, -6.481
40.06, -0.8000, -6.785
40.07, -0.8000, -5.785
40.08, -0.8000, -5.803
40.09, -0.8000, -6.066
40.10, -0.8000, -7.562
40.11, -0.8000, -6.691
40.12, -0.8000, -6.357
40.13, -0.8000, -4.604
40.14, -0.8000, -5.627
40.15, -0.8000, -6.237
40.16, -0.8000, -6.629
40.17, -0.8000, -7.408
40.18, -0.8000, -5.796
40.19, -0.8000, -7.720
40.20, -0.8000, -6.259
40.21, -0.8000, -6.053
40.22, -0.8000, -6.067
40.23, -0.8000, -7.341
40.24, -0.8000, -6.043
40.25, -0.8000, -7.418
40.26, -0.8000, -6.454
40.27, -0.8000, -7.173
40.28, -0.8000, -5.477
40.29, -0.8000, -6.323
40.30, -0.8000, -4.263
40.31, -0.8000, -6.235
40.32, -0.8000, -5.376
40.33, -0.8000, -6.750
40.34, -0.8000, -6.987
40.35, -0.8000, -6.880
40.36, -0.8000, -5.070
40.37, -0.8000, -6.874
40.38, -0.8000, -6.125
40.39, -0.8000, -6.463
40.40, -0.8000, -4.183
40.41, -0.8000, -6.967
40.42, -0.8000, -6.690
40.43, -0.8000, -6.027
40.44, -0.8000, -6.093
40.45, -0.8000, -5.310
40.46, -0.8000, -6.591
40.47, -0.8000, -7.148
40.48, -0.8000, -5.633
40.49, -0.8000, -6.434
40.50, -0.8000, -6.126
40.51, -0.8000, -6.876
40.52, -0.8000, -6.016
40.53, -0.8000, -6.632
40.54, -0.8000, -5.998
40.55, -0.8000, -6.535
40.56, -0.8000, -7.272
40.57, -0.8000, -6.418
40.58, -0.8000, -6.856
40.59, -0.8000, -6.484
40.60, -0.8000, -4.082
40.61, -0.8000, -6.424
40.62, -0.8000, -6.288
40.63, -0.8000, -6.617
40.64, -0.8000, -5.757
40.65, -0.8000, -8.118
40.66, -0.8000, -5.867
40.67, -0.8000, -5.059
40.68, -0.8000, -5.788
40.69, -0.8000, -6.458
40.70, -0.8000, -7.123
40.71, -0.8000, -6.871
40.72, -0.8000, -6.886
40.73, -0.8000, -6.918
40.74, -0.8000, -4.344
40.75, -0.8000, -5.718
40.76, -0.8000, -6.439
40.77, -0.8000, -5.969
40.78, -0.8000, -6.721
40.79, -0.8000, -6.207
40.80, -0.8000, -6.300
40.81, -0.8000, -6.012
40.82, -0.8000, -7.560
40.83, -0.8000, -6.948
40.84, -0.8000, -5.814
40.85, -0.8000, -6.707
40.86, -0.8000, -6.318
40.87, -0.8000, -6.885
40.88, -0.8000, -5.411
40.89, -0.8000, -6.428
40.90, -0.8000, -6.316
40.91, -0.8000, -6.978
40.92, -0.8000, -5.248
40.93, -0.8000, -7.039
40.94, -0.8000, -6.424
40.95, -0.8000, -4.165
40.96, -0.8000, -5.842
40.97, -0.8000, -5.008
40.98, -0.8000, -7.495
40.99, -0.8000, -5.925
41.00, -0.8000, -5.443
41.01, -0.8000, -7.268
41.02, -0.8000, -6.020
41.03, -0.8000, -5.460
41.04, -0.8000, -6.828
41.05, -0.8000, -5.562
41.06, -0.8000, -6.059
41.07, -0.8000, -6.415
41.08, -0.8000, -6.353
41.09, -0.8000, -6.571
41.10, -0.8000, -6.650
41.11, -0.8000, -5.742
41.12, -0.8000, -6.828
41.13, -0.8000, -7.323
41.14, -0.8000, -5.876
41.15, -0.8000, -6.227
41.16, -0.8000, -6.155
41.17, -0.8000, -6.267
41.18, -0.8000, -6.236
41.19, -0.8000, -6.494
41.20, -0.8000, -4.916
41.21, -0.8000, -5.935
41.22, -0.8000, -7.431
41.23, -0.8000, -7.462
41.24, -0.8000, -6.716
41.25, -0.8000, -7.189
41.26, -0.8000, -6.113
41.27, -0.8000, -5.860
41.28, -0.8000, -7.455
41.29, -0.8000, -6.343
41.30, -0.8000, -5.694
41.31, -0.8000, -6.112
41.32, -0.8000, -5.819
41.33, -0.8000, -7.032
41.34, -0.8000, -5.675
41.35, -0.8000, -5.507
41.36, -0.8000, -5.604
41.37, -0.8000, -6.760
41.38, -0.8000, -6.196
41.39, -0.8000, -6.459
41.40, -0.8000, -6.027
41.41, -0.8000, -6.930
41.42, -0.8000, -6.487
41.43, -0.8000, -5.125
41.44, -0.8000, -6.223
41.45, -0.8000, -5.856
41.46, -0.8000, -6.212
41.47, -0.8000, -5.955
41.48, -0.8000, -6.214
41.49, -0.8000, -5.934
41.50, -0.8000, -6.792
41.51, -0.8000, -6.121
41.52, -0.8000, -6.925
41.53, -0.8000, -6.524
41.54, -0.8000, -5.724
41.55, -0.8000, -6.238
41.56, -0.8000, -5.232
41.57, -0.8000, -5.393
41.58, -0.8000, -6.413
41.59, -0.8000, -6.889
41.60, -0.8000, -6.734
41.61, -0.8000, -7.465
41.62, -0.8000, -6.147
41.63, -0.8000, -4.097
41.64, -0.8000, -7.006
41.65, -0.8000, -7.109
41.66, -0.8000, -6.346
41.67, -0.8000, -5.827
41.68, -0.8000, -5.973
41.69, -0.8000, -5.473
41.70, -0.8000, -6.147
41.71, -0.8000, -8.136
41.72, -0.8000, -6.467
41.73, -0.8000, -6.188
41.74, -0.8000, -5.540
41.75, -0.8000, -6.666
41.76, -0.8000, -6.005
41.77, -0.8000, -5.937
41.78, -0.8000, -6.689
41.79, -0.8000, -7.214
41.80, -0.8000, -6.020
41.81, -0.8000, -4.972
41.82, -0.8000, -5.545
41.83, -0.8000, -6.672
41.84, -0.8000, -5.729
41.85, -0.8000, -6.958
41.86, -0.8000, -6.319
41.87, -0.8000, -5.964
41.88, -0.8000, -7.178
41.89, -0.8000, -4.455
41.90, -0.8000, -6.393
41.91, -0.8000, -5.736
41.92, -0.8000, -6.915
41.93, -0.8000, -5.863
41.94, -0.8000, -7.410
41.95, -0.8000, -7.016
41.96, -0.8000, -6.574
41.97, -0.8000, -5.300
41.98, -0.8000, -5.557
41.99, -0.8000, -6.333
42.00, -0.8000, -5.486
42.01, -0.8000, -3.958
42.02, -0.8000, -3.680
42.03, -0.8000, -7.960
42.04, -0.8000, -7.084
42.05, -0.8000, -7.129
42.06, -0.8000, -7.113
42.07, -0.8000, -6.504
42.08, -0.8000, -5.204
42.09, -0.8000, -6.501
42.10, -0.8000, -7.188
42.11, -0.8000, -6.611
42.12, -0.8000, -6.161
42.13, -0.8000, -5.727
42.14, -0.8000, -6.765
42.15, -0.8000, -6.173
42.16, -0.8000, -5.857
42.17, -0.8000, -7.479
42.18, -0.8000, -6.031
42.19, -0.8000, -5.830
42.20, -0.8000, -6.737
42.21, -0.8000, -5.361
42.22, -0.8000, -6.664
42.23, -0.8000, -6.125
42.24, -0.8000, -6.649
42.25, -0.8000, -5.969
42.26, -0.8000, -5.582
42.27, -0.8000, -6.570
42.28, -0.8000, -5.280
42.29, -0.8000, -6.782
42.30, -0.8000, -5.708
42.31, -0.8000, -5.632
42.32, -0.8000, -8.460
42.33, -0.8000, -6.612
42.34, -0.8000, -5.907
42.35, -0.8000, -5.910
42.36, -0.8000, -5.883
42.37, -0.8000, -6.184
42.38, -0.8000, -7.680
42.39, -0.8000, -6.223
42.40, -0.8000, -7.015
42.41, -0.8000, -6.238
42.42, -0.8000, -5.205
42.43, -0.8000, -6.244
42.44, -0.8000, -6.651
42.45, -0.8000, -6.936
42.46, -0.8000, -6.481
42.47, -0.8000, -6.211
42.48, -0.8000, -7.009
42.49, -0.8000, -6.308
42.50, -0.8000, -6.282
42.51, -0.8000, -5.888
42.52, -0.8000, -5.751
42.53, -0.8000, -5.723
42.54, -0.8000, -6.303
42.55, -0.8000, -6.253
42.56, -0.8000, -6.262
42.57, -0.8000, -5.736
42.58, -0.8000, -5.887
42.59, -0.8000, -5.924
42.60, -0.8000, -6.089
42.61, -0.8000, -5.883
42.62, -0.8000, -6.788
42.63, -0.8000, -7.517
42.64, -0.8000, -5.840
42.65, -0.8000, -5.952
42.66, -0.8000, -4.793
42.67, -0.8000, -6.049
42.68, -0.8000, -5.269
42.69, -0.8000, -5.814
42.70, -0.8000, -6.161
42.71, -0.8000, -6.586
42.72, -0.8000, -5.061
42.73, -0.8000, -4.635
42.74, -0.8000, -5.554
42.75, -0.8000, -5.633
42.76, -0.8000, -6.040
42.77, -0.8000, -7.328
42.78, -0.8000, -6.198
42.79, -0.8000, -6.710
42.80, -0.8000, -6.540
42.81, -0.8000, -7.039
42.82, -0.8000, -6.046
42.83, -0.8000, -6.873
42.84, -0.8000, -6.564
42.85, -0.8000, -6.072
42.86, -0.8000, -3.338
42.87, -0.8000, -5.957
42.88, -0.8000, -5.584
42.89, -0.8000, -7.467
42.90, -0.8000, -6.739
42.91, -0.8000, -6.811
42.92, -0.8000, -4.319
42.93, -0.8000, -5.803
42.94, -0.8000, -6.059
42.95, -0.8000, -6.167
42.96, -0.8000, -6.072
42.97, -0.8000, -6.532
42.98, -0.8000, -5.127
42.99, -0.8000, -5.154
43.00, -0.8000, -5.210
43.01, -0.8000, -6.749
43.02, -0.8000, -6.110
43.03, -0.8000, -5.793
43.04, -0.8000, -7.624
43.05, -0.8000, -5.989
43.06, -0.8000, -4.638
43.07, -0.8000, -6.994
43.08, -0.8000, -6.623
43.09, -0.8000, -6.454
43.10, -0.8000, -5.140
43.11, -0.8000, -5.757
43.12, -0.8000, -6.249
43.13, -0.8000, -5.305
43.14, -0.8000, -5.380
43.15, -0.8000, -4.990
43.16, -0.8000, -6.357
43.17, -0.8000, -6.292
43.18, -0.8000, -5.382
43.19, -0.8000, -7.397
43.20, -0.8000, -5.843
43.21, -0.8000, -5.515
43.22, -0.8000, -6.429
43.23, -0.8000, -5.599
43.24, -0.8000, -5.981
43.25, -0.8000, -5.033
43.26, -0.8000, -6.175
43.27, -0.8000, -5.636
43.28, -0.8000, -4.858
43.29, -0.8000, -7.173
43.30, -0.8000, -5.722
43.31, -0.8000, -5.368
43.32, -0.8000, -5.953
43.33, -0.8000, -6.401
43.34, -0.8000, -6.546
43.35, -0.8000, -6.593
43.36, -0.8000, -7.125
43.37, -0.8000, -7.324
43.38, -0.8000, -6.497
43.39, -0.8000, -6.306
43.40, -0.8000, -4.567
43.41, -0.8000, -6.785
43.42, -0.8000, -5.516
43.43, -0.8000, -5.494
43.44, -0.8000, -5.562
43.45, -0.8000, -6.183
43.46, -0.8000, -7.157
43.47, -0.8000, -6.389
43.48, -0.8000, -6.406
43.49, -0.8000, -6.831
43.50, -0.8000, -5.151
43.51, -0.8000, -6.256
43.52, -0.8000, -6.306
43.53, -0.8000, -6.575
43.54, -0.8000, -6.871
43.55, -0.8000, -5.317
43.56, -0.8000, -4.464
43.57, -0.8000, -6.832
43.58, -0.8000, -6.904
43.59, -0.8000, -5.657
43.60, -0.8000, -4.818
43.61, -0.8000, -6.518
43.62, -0.8000, -5.888
43.63, -0.8000, -6.534
43.64, -0.8000, -3.710
43.65, -0.8000, -6.332
43.66, -0.8000, -5.606
43.67, -0.8000, -6.526
43.68, -0.8000, -6.473
43.69, -0.8000, -6.647
43.70, -0.8000, -6.768
43.71, -0.8000, -6.009
43.72, -0.8000, -6.615
43.73, -0.8000, -5.872
43.74, -0.8000, -6.151
43.75, -0.8000, -5.791
43.76, -0.8000, -4.816
43.77, -0.8000, -6.773
43.78, -0.8000, -6.754
43.79, -0.8000, -5.367
43.80, -0.8000, -6.339
43.81, -0.8000, -5.877
43.82, -0.8000, -5.907
43.83, -0.8000, -5.721
43.84, -0.8000, -6.376
43.85, -0.8000, -7.541
43.86, -0.8000, -6.528
43.87, -0.8000, -4.728
43.88, -0.8000, -6.452
43.89, -0.8000, -4.954
43.90, -0.8000, -6.183
43.91, -0.8000, -4.696
43.92, -0.8000, -6.794
43.93, -0.8000, -5.489
43.94, -0.8000, -6.382
43.95, -0.8000, -5.824
43.96, -0.8000, -3.590
43.97, -0.8000, -6.580
43.98, -0.8000, -6.025
43.99, -0.8000, -7.625
44.00, -0.8000, -6.037
44.01, -0.8000, -4.685
44.02, -0.8000, -6.388
44.03, -0.8000, -6.278
44.04, -0.8000, -5.329
44.05, -0.8000, -5.938
44.06, -0.8000, -7.492
44.07, -0.8000, -6.284
44.08, -0.8000, -5.431
44.09, -0.8000, -7.285
44.10, -0.8000, -6.192
44.11, -0.8000, -2.737
44.12, -0.8000, -6.416
44.13, -0.8000, -5.772
44.14, -0.8000, -6.514
44.15, -0.8000, -5.856
44.16, -0.8000, -5.132
44.17, -0.8000, -5.888
44.18, -0.8000, -6.689
44.19, -0.8000, -6.223
44.20, -0.8000, -6.228
44.21, -0.8000, -5.212
44.22, -0.8000, -6.604
44.23, -0.8000, -5.969
44.24, -0.8000, -5.013
44.25, -0.8000, -7.034
44.26, -0.8000, -6.873
44.27, -0.8000, -6.044
44.28, -0.8000, -6.420
44.29, -0.8000, -6.952
44.30, -0.8000, -5.486
44.31, -0.8000, -6.579
44.32, -0.8000, -5.099
44.33, -0.8000, -6.447
44.34, -0.8000, -6.282
44.35, -0.8000, -7.367
44.36, -0.8000, -5.860
44.37, -0.8000, -6.795
44.38, -0.8000, -6.334
44.39, -0.8000, -5.132
44.40, -0.8000, -6.112
44.41, -0.8000, -6.293
44.42, -0.8000, -6.227
44.43, -0.8000, -7.784
44.44, -0.8000, -5.925
44.45, -0.8000, -6.135
44.46, -0.8000, -6.684
44.47, -0.8000, -5.771
44.48, -0.8000, -4.033
44.49, -0.8000, -6.191
44.50, -0.8000, -5.528
44.51, -0.8000, -4.404
44.52, -0.8000, -7.462
44.53, -0.8000, -6.331
44.54, -0.8000, -6.344
44.55, -0.8000, -4.987
44.56, -0.8000, -6.189
44.57, -0.8000, -6.144
44.58, -0.8000, -5.946
44.59, -0.8000, -5.795
44.60, -0.8000, -6.064
44.61, -0.8000, -5.984
44.62, -0.8000, -5.504
44.63, -0.8000, -6.772
44.64, -0.8000, -8.345
44.65, -0.8000, -6.332
44.66, -0.8000, -5.601
44.67, -0.8000, -4.018
44.68, -0.8000, -7.122
44.69, -0.8000, -5.291
44.70, -0.8000, -5.653
44.71, -0.8000, -6.526
44.72, -0.8000, -6.160
44.73, -0.8000, -2.927
44.74, -0.8000, -6.732
44.75, -0.8000, -5.837
44.76, -0.8000, -3.488
44.77, -0.8000, -6.488
44.78, -0.8000, -6.289
44.79, -0.8000, -5.968
44.80, -0.8000, -5.535
44.81, -0.8000, -4.938
44.82, -0.8000, -6.214
44.83, -0.8000, -5.534
44.84, -0.8000, -6.110
44.85, -0.8000, -4.282
44.86, -0.8000, -6.137
44.87, -0.8000, -5.299
44.88, -0.8000, -5.818
44.89, -0.8000, -5.759
44.90, -0.8000, -6.430
44.91, -0.8000, -5.515
44.92, -0.8000, -5.779
44.93, -0.8000, -5.804
44.94, -0.8000, -5.981
44.95, -0.8000, -3.268
44.96, -0.8000, -5.630
44.97, -0.8000, -5.645
44.98, -0.8000, -5.655
44.99, -0.8000, -6.074
45.00, 0.000, -6.077
45.01, 0.001000, 48.42
45.02, 0.002000, 21.16
45.03, 0.003000, 13.88
45.04, 0.004000, 10.45
45.05, 0.005000, 6.903
45.06, 0.006000, 5.779
45.07, 0.007000, 2.918
45.08, 0.008000, 4.080
45.09, 0.009000, 3.717
45.10, 0.01000, 2.473
45.11, 0.01100, 1.232
45.12, 0.01200, 1.871
45.13, 0.01300, -0.3224
45.14, 0.01400, 0.6290
45.15, 0.01500, -0.9717
45.16, 0.01600, 0.9832
45.17, 0.01700, -1.041
45.18, 0.01800, -2.042
45.19, 0.01900, -1.898
45.20, 0.02000, 0.5459
45.21, 0.02100, -0.3414
45.22, 0.02200, -1.964
45.23, 0.02300, -2.053
45.24, 0.02400, -1.729
45.25, 0.02500, -2.055
45.26, 0.02600, -1.632
45.27, 0.02700, -1.688
45.28, 0.02800, -1.555
45.29, 0.02900, 1.843
45.30, 0.03000, -1.952
45.31, 0.03100, -0.5955
45.32, 0.03200, -3.414
45.33, 0.03300, -1.177
45.34, 0.03400, -2.918
45.35, 0.03500, -1.325
45.36, 0.03600, -2.740
45.37, 0.03700, -1.844
45.38, 0.03800, -2.041
45.39, 0.03900, 0.5536
45.40, 0.04000, -0.4096
45.41, 0.04100, -2.551
45.42, 0.04200, -3.651
45.43, 0.04300, -3.993
45.44, 0.04400, -2.451
45.45, 0.04500, -4.073
45.46, 0.04600, -3.181
45.47, 0.04700, -1.448
45.48, 0.04800, -3.393
45.49, 0.04900, -3.249
45.50, 0.05000, -0.8509
45.51, 0.05100, -3.440
45.52, 0.05200, -3.157
45.53, 0.05300, -1.823
45.54, 0.05400, -3.005
45.55, 0.05500, -4.100
45.56, 0.05600, -3.851
45.57, 0.05700, -2.212
45.58, 0.05800, -2.584
45.59, 0.05900, -3.270
45.60, 0.06000, -3.746
45.61, 0.06100, -2.970
45.62, 0.06200, -2.876
45.63, 0.06300, -2.916
45.64, 0.06400, -3.245
45.65, 0.06500, -3.981
45.66, 0.06600, -3.092
45.67, 0.06700, -2.101
45.68, 0.06800, -0.6339
45.69, 0.06900, -1.397
45.70, 0.07000, -2.796
45.71, 0.07100, -1.240
45.72, 0.07200, -3.932
45.73, 0.07300, -2.256
45.74, 0.07400, -2.317
45.75, 0.07500, -4.488
45.76, 0.07600, -3.696
45.77, 0.07700, -2.694
45.78, 0.07800, -1.916
45.79, 0.07900, -3.158
45.80, 0.08000, -3.037
45.81, 0.08100, -1.297
45.82, 0.08200, -3.347
45.83, 0.08300, -0.9851
45.84, 0.08400, -3.856
45.85, 0.08500, -3.506
45.86, 0.08600, -3.376
45.87, 0.08700, -3.084
45.88, 0.08800, -3.324
45.89, 0.08900, -2.651
45.90, 0.09000, -2.683
45.91, 0.09100, -2.664
45.92, 0.09200, -2.547
45.93, 0.09300, -3.729
45.94, 0.09400, -3.314
45.95, 0.09500, -3.639
45.96, 0.09600, 0.3473
45.97, 0.09700, -3.410
45.98, 0.09800, -2.989
45.99, 0.09900, -2.357
46.00, 0.1000, -3.829
46.01, 0.1010, -3.672
46.02, 0.1020, -2.536
46.03, 0.1030, -0.6895
46.04, 0.1040, -3.265
46.05, 0.1050, -2.056
46.06, 0.1060, -0.7830
46.07, 0.1070, -3.102
46.08, 0.1080, 0.05468
46.09, 0.1090, -2.857
46.10, 0.1100, -3.184
46.11, 0.1110, -1.616
46.12, 0.1120, -1.692
46.13, 0.1130, -1.680
46.14, 0.1140, 1.127
46.15, 0.1150, -1.345
46.16, 0.1160, -2.065
46.17, 0.1170, -1.388
46.18, 0.1180, -3.568
46.19, 0.1190, -0.2374
46.20, 0.1200, -2.850
46.21, 0.1210, -0.6881
46.22, 0.1220, -3.274
46.23, 0.1230, -2.333
46.24, 0.1240, -3.757
46.25, 0.1250, -1.491
46.26, 0.1260, -2.456
46.27, 0.1270, -2.087
46.28, 0.1280, -2.793
46.29, 0.1290, -3.377
46.30, 0.1300, -2.707
46.31, 0.1310, -1.893
46.32, 0.1320, -3.619
46.33, 0.1330, -3.666
46.34, 0.1340, -2.464
46.35, 0.1350, -1.129
46.36, 0.1360, -3.905
46.37, 0.1370, -2.756
46.38, 0.1380, -3.187
46.39, 0.1390, -2.011
46.40, 0.1400, -0.9808
46.41, 0.1410, -2.326
46.42, 0.1420, -1.069
46.43, 0.1430, -1.395
46.44, 0.1440, -2.023
46.45, 0.1450, -3.551
46.46, 0.1460, -2.091
46.47, 0.1470, -2.114
46.48, 0.1480, -2.657
46.49, 0.1490, -2.696
46.50, 0.1500, -1.927
46.51, 0.1510, -2.554
46.52, 0.1520, -0.1990
46.53, 0.1530, -1.343
46.54, 0.1540, -1.015
46.55, 0.1550, -1.871
46.56, 0.1560, -2.527
46.57, 0.1570, -0.6660
46.58, 0.1580, -2.442
46.59, 0.1590, 0.2565
46.60, 0.1600, -1.778
46.61, 0.1610, 0.9025
46.62, 0.1620, -1.695
46.63, 0.1630, -3.266
46.64, 0.1640, -1.523
46.65, 0.1650, -2.229
46.66, 0.1660, -2.296
46.67, 0.1670, -3.501
46.68, 0.1680, -3.105
46.69, 0.1690, -1.743
46.70, 0.1700, -1.696
46.71, 0.1710, -1.440
46.72, 0.1720, -1.243
46.73, 0.1730, 1.725
46.74, 0.1740, -1.335
46.75, 0.1750, -1.818
46.76, 0.1760, -2.774
46.77, 0.1770, -2.120
46.78, 0.1780, 0.1040
46.79, 0.1790, -1.279
46.80, 0.1800, -1.672
46.81, 0.1810, 1.756
46.82, 0.1820, -2.454
46.83, 0.1830, -1.097
46.84, 0.1840, -0.9771
46.85, 0.1850, -0.3242
46.86, 0.1860, 1.061
46.87, 0.1870, -1.063
46.88, 0.1880, -2.739
46.89, 0.1890, -1.568
46.90, 0.1900, -1.825
46.91, 0.1910, -0.01519
46.92, 0.1920, -0.6231
46.93, 0.1930, -0.9191
46.94, 0.1940, -0.2905
46.95, 0.1950, -0.9092
46.96, 0.1960, 2.011
46.97, 0.1970, 0.7661
46.98, 0.1980, -0.7520
46.99, 0.1990, 0.6566
47.00, 0.2000, -0.8606
47.01, 0.2010, 0.6604
47.02, 0.2020, -0.5144
47.03, 0.2030, 0.3927
47.04, 0.2040, -1.077
47.05, 0.2050, -0.6735
47.06, 0.2060, -0.4449
47.07, 0.2070, 2.183
47.08, 0.2080, 1.147
47.09, 0.2090, -0.4815
47.10, 0.2100, -0.4115
47.11, 0.2110, -0.4264
47.12, 0.2120, 0.9723
47.13, 0.2130, -0.8081
47.14, 0.2140, 1.336
47.15, 0.2150, -0.7690
47.16, 0.2160, 0.6939
47.17, 0.2170, -0.6570
47.18, 0.2180, 0.6798
47.19, 0.2190, 0.7162
47.20, 0.2200, 1.330
47.21, 0.2210, -0.06871
47.22, 0.2220, 1.300
47.23, 0.2230, -0.7417
47.24, 0.2240, 1.472
47.25, 0.2250, 1.688
47.26, 0.2260, -0.5642
47.27, 0.2270, 1.804
47.28, 0.2280, 0.4775
47.29, 0.2290, 1.975
47.30, 0.2300, 0.1666
47.31, 0.2310, 0.3411
47.32, 0.2320, 0.4953
47.33, 0.2330, 2.261
47.34, 0.2340, 1.904
47.35, 0.2350, 1.267
47.36, 0.2360, 2.020
47.37, 0.2370, 1.784
47.38, 0.2380, 2.080
47.39, 0.2390, 1.321
47.40, 0.2400, 1.521
47.41, 0.2410, 2.545
47.42, 0.2420, 2.667
47.43, 0.2430, 2.397
47.44, 0.2440, 2.760
47.45, 0.2450, 3.970
47.46, 0.2460, 3.033
47.47, 0.2470, 1.792
47.48, 0.2480, 3.337
47.49, 0.2490, 1.553
47.50, 0.2500, 2.983
47.51, 0.2510, 0.8265
47.52, 0.2520, 2.551
47.53, 0.2530, -0.4342
47.54, 0.2540, 2.242
47.55, 0.2550, 2.347
47.56, 0.2560, 2.399
47.57, 0.2570, 2.438
47.58, 0.2580, 1.457
47.59, 0.2590, 1.501
47.60, 0.2600, 2.936
47.61, 0.2610, 3.135
47.62, 0.2620, 2.353
47.63, 0.2630, 2.106
47.64, 0.2640, 3.193
47.65, 0.2650, 2.347
47.66, 0.2660, 2.260
47.67, 0.2670, 3.400
47.68, 0.2680, 2.075
47.69, 0.2690, 2.947
47.70, 0.2700, 2.048
47.71, 0.2710, 3.844
47.72, 0.2720, 2.576
47.73, 0.2730, 2.282
47.74, 0.2740, 3.369
47.75, 0.2750, 3.902
47.76, 0.2760, 2.711
47.77, 0.2770, 4.601
47.78, 0.2780, 3.150
47.79, 0.2790, 3.257
47.80, 0.2800, 4.840
47.81, 0.2810, 2.195
47.82, 0.2820, 5.044
47.83, 0.2830, 3.259
47.84, 0.2840, 4.248
47.85, 0.2850, 4.285
47.86, 0.2860, 3.140
47.87, 0.2870, 2.608
47.88, 0.2880, 3.900
47.89, 0.2890, 3.955
47.90, 0.2900, 3.273
47.91, 0.2910, 3.890
47.92, 0.2920, 3.122
47.93, 0.2930, 4.559
47.94, 0.2940, 3.243
47.95, 0.2950, 5.220
47.96, 0.2960, 3.253
47.97, 0.2970, 3.533
47.98, 0.2980, 5.804
47.99, 0.2990, 4.407
48.00, 0.3000, 3.976
48.01, 0.3010, 5.043
48.02, 0.3020, 3.515
48.03, 0.3030, 3.318
48.04, 0.3040, 5.173
48.05, 0.3050, 6.337
48.06, 0.3060, 4.282
48.07, 0.3070, 5.634
48.08, 0.3080, 4.533
48.09, 0.3090, 4.310
48.10, 0.3100, 5.020
48.11, 0.3110, 5.609
48.12, 0.3120, 4.935
48.13, 0.3130, 4.646
48.14, 0.3140, 4.002
48.15, 0.3150, 4.400
48.16, 0.3160, 5.085
48.17, 0.3170, 5.392
48.18, 0.3180, 5.123
48.19, 0.3190, 6.876
48.20, 0.3200, 5.963
48.21, 0.3210, 5.521
48.22, 0.3220, 7.832
48.23, 0.3230, 6.569
48.24, 0.3240, 4.930
48.25, 0.3250, 6.013
48.26, 0.3260, 5.082
48.27, 0.3270, 6.743
48.28, 0.3280, 6.827
48.29, 0.3290, 5.443
48.30, 0.3300, 6.146
48.31, 0.3310, 5.179
48.32, 0.3320, 5.708
48.33, 0.3330, 6.302
48.34, 0.3340, 6.805
48.35, 0.3350, 6.290
48.36, 0.3360, 7.881
48.37, 0.3370, 6.258
48.38, 0.3380, 6.474
48.39, 0.3390, 6.512
48.40, 0.3400, 6.701
48.41, 0.3410, 7.092
48.42, 0.3420, 7.471
48.43, 0.3430, 7.603
48.44, 0.3440, 7.101
48.45, 0.3450, 6.632
48.46, 0.3460, 8.107
48.47, 0.3470, 7.491
48.48, 0.3480, 7.713
48.49, 0.3490, 4.960
48.50, 0.3500, 7.145
48.51, 0.3510, 9.387
48.52, 0.3520, 7.931
48.53, 0.3530, 8.306
48.54, 0.3540, 7.731
48.55, 0.3550, 6.207
48.56, 0.3560, 8.328
48.57, 0.3570, 7.501
48.58, 0.3580, 7.624
48.59, 0.3590, 8.746
48.60, 0.3600, 9.070
48.61, 0.3610, 8.069
48.62, 0.3620, 8.334
48.63, 0.3630, 8.363
48.64, 0.3640, 8.555
48.65, 0.3650, 9.903
48.66, 0.3660, 9.233
48.67, 0.3670, 9.377
48.68, 0.3680, 9.103
48.69, 0.3690, 8.901
48.70, 0.3700, 7.479
48.71, 0.3710, 9.339
48.72, 0.3720, 10.47
48.73, 0.3730, 9.831
48.74, 0.3740, 9.540
48.75, 0.3750, 9.355
48.76, 0.3760, 10.31
48.77, 0.3770, 10.35
48.78, 0.3780, 9.732
48.79, 0.3790, 10.71
48.80, 0.3800, 10.65
48.81, 0.3810, 9.935
48.82, 0.3820, 10.53
48.83, 0.3830, 9.917
48.84, 0.3840, 9.117
48.85, 0.3850, 9.766
48.86, 0.3860, 9.649
48.87, 0.3870, 9.979
48.88, 0.3880, 9.925
48.89, 0.3890, 9.862
48.90, 0.3900, 9.592
48.91, 0.3910, 9.902
48.92, 0.3920, 9.826
48.93, 0.3930, 10.48
48.94, 0.3940, 10.68
48.95, 0.3950, 10.05
48.96, 0.3960, 9.921
48.97, 0.3970, 9.843
48.98, 0.3980, 10.36
48.99, 0.3990, 10.18
49.00, 0.4000, 11.71
49.01, 0.4010, 10.81
49.02, 0.4020, 10.01
49.03, 0.4030, 10.40
49.04, 0.4040, 11.18
49.05, 0.4050, 9.925
49.06, 0.4060, 10.39
49.07, 0.4070, 12.31
49.08, 0.4080, 11.42
49.09, 0.4090, 11.86
49.10, 0.4100, 11.21
49.11, 0.4110, 8.462
49.12, 0.4120, 9.998
49.13, 0.4130, 12.44
49.14, 0.4140, 11.65
49.15, 0.4150, 12.90
49.16, 0.4160, 12.56
49.17, 0.4170, 11.83
49.18, 0.4180, 12.55
49.19, 0.4190, 12.41
49.20, 0.4200, 10.69
49.21, 0.4210, 12.22
49.22, 0.4220, 12.03
49.23, 0.4230, 11.59
49.24, 0.4240, 12.16
49.25, 0.4250, 11.45
49.26, 0.4260, 12.06
49.27, 0.4270, 12.41
49.28, 0.4280, 12.18
49.29, 0.4290, 12.38
49.30, 0.4300, 12.46
49.31, 0.4310, 12.02
49.32, 0.4320, 12.31
49.33, 0.4330, 12.18
49.34, 0.4340, 13.03
49.35, 0.4350, 12.67
49.36, 0.4360, 13.17
49.37, 0.4370, 12.25
49.38, 0.4380, 12.80
49.39, 0.4390, 11.72
49.40, 0.4400, 12.41
49.41, 0.4410, 13.92
49.42, 0.4420, 11.09
49.43, 0.4430, 11.92
49.44, 0.4440, 12.33
49.45, 0.4450, 12.84
49.46, 0.4460, 14.41
49.47, 0.4470, 13.03
49.48, 0.4480, 14.43
49.49, 0.4490, 13.39
49.50, 0.4500, 13.67
49.51, 0.4510, 13.22
49.52, 0.4520, 13.17
49.53, 0.4530, 14.57
49.54, 0.4540, 13.30
49.55, 0.4550, 13.76
49.56, 0.4560, 13.44
49.57, 0.4570, 13.02
49.58, 0.4580, 14.22
49.59, 0.4590, 13.55
49.60, 0.4600, 14.32
49.61, 0.4610, 14.24
49.62, 0.4620, 13.68
49.63, 0.4630, 13.51
49.64, 0.4640, 13.90
49.65, 0.4650, 13.34
49.66, 0.4660, 15.74
49.67, 0.4670, 13.38
49.68, 0.4680, 13.57
49.69, 0.4690, 13.46
49.70, 0.4700, 11.22
49.71, 0.4710, 13.76
49.72, 0.4720, 13.71
49.73, 0.4730, 15.59
49.74, 0.4740, 14.10
49.75, 0.4750, 12.75
49.76, 0.4760, 13.47
49.77, 0.4770, 12.58
49.78, 0.4780, 14.74
49.79, 0.4790, 14.31
49.80, 0.4800, 14.12
49.81, 0.4810, 14.16
49.82, 0.4820, 14.17
49.83, 0.4830, 13.12
49.84, 0.4840, 14.58
49.85, 0.4850, 15.44
49.86, 0.4860, 14.39
49.87, 0.4870, 13.95
49.88, 0.4880, 16.36
49.89, 0.4890, 15.15
49.90, 0.4900, 15.81
49.91, 0.4910, 15.69
49.92, 0.4920, 15.46
49.93, 0.4930, 13.95
49.94, 0.4940, 15.47
49.95, 0.4950, 15.50
49.96, 0.4960, 15.22
49.97, 0.4970, 14.09
49.98, 0.4980, 15.29
49.99, 0.4990, 14.90
50.00, 0.5000, 15.73
50.01, 0.5010, 14.94
50.02, 0.5020, 15.44
50.03, 0.5030, 14.94
50.04, 0.5040, 16.65
50.05, 0.5050, 14.72
50.06, 0.5060, 14.86
50.07, 0.5070, 14.76
50.08, 0.5080, 16.13
50.09, 0.5090, 13.50
50.10, 0.5100, 16.05
50.11, 0.5110, 14.88
50.12, 0.5120, 16.82
50.13, 0.5130, 15.30
50.14, 0.5140, 16.14
50.15, 0.5150, 15.12
50.16, 0.5160, 14.31
50.17, 0.5170, 15.51
50.18, 0.5180, 14.63
50.19, 0.5190, 15.76
50.20, 0.5200, 16.42
50.21, 0.5210, 15.04
50.22, 0.5220, 15.38
50.23, 0.5230, 15.19
50.24, 0.5240, 16.49
50.25, 0.5250, 15.90
50.26, 0.5260, 15.81
50.27, 0.5270, 15.63
50.28, 0.5280, 15.24
50.29, 0.5290, 15.32
50.30, 0.5300, 15.70
50.31, 0.5310, 16.20
50.32, 0.5320, 15.65
50.33, 0.5330, 17.31
50.34, 0.5340, 17.38
50.35, 0.5350, 16.27
50.36, 0.5360, 16.39
50.37, 0.5370, 15.60
50.38, 0.5380, 14.86
50.39, 0.5390, 17.23
50.40, 0.5400, 15.80
50.41, 0.5410, 15.82
50.42, 0.5420, 15.49
50.43, 0.5430, 14.43
50.44, 0.5440, 16.10
50.45, 0.5450, 16.18
50.46, 0.5460, 15.45
50.47, 0.5470, 15.20
50.48, 0.5480, 16.27
50.49, 0.5490, 15.46
50.50, 0.5500, 15.45
50.51, 0.5510, 16.94
50.52, 0.5520, 16.65
50.53, 0.5530, 17.72
50.54, 0.5540, 15.76
50.55, 0.5550, 14.72
50.56, 0.5560, 15.41
50.57, 0.5570, 16.17
50.58, 0.5580, 16.21
50.59, 0.5590, 16.49
50.60, 0.5600, 16.03
50.61, 0.5610, 15.79
50.62, 0.5620, 15.59
50.63, 0.5630, 16.07
50.64, 0.5640, 14.50
50.65, 0.5650, 15.53
50.66, 0.5660, 15.14
50.67, 0.5670, 16.20
50.68, 0.5680, 15.84
50.69, 0.5690, 14.46
50.70, 0.5700, 16.24
50.71, 0.5710, 16.10
50.72, 0.5720, 16.39
50.73, 0.5730, 15.77
50.74, 0.5740, 17.12
50.75, 0.5750, 17.14
50.76, 0.5760, 18.10
50.77, 0.5770, 16.47
50.78, 0.5780, 18.55
50.79, 0.5790, 16.40
50.80, 0.5800, 18.32
50.81, 0.5810, 17.90
50.82, 0.5820, 17.25
50.83, 0.5830, 17.10
50.84, 0.5840, 17.35
50.85, 0.5850, 17.97
50.86, 0.5860, 17.50
50.87, 0.5870, 16.63
50.88, 0.5880, 15.78
50.89, 0.5890, 16.78
50.90, 0.5900, 16.62
50.91, 0.5910, 16.30
50.92, 0.5920, 17.06
50.93, 0.5930, 16.56
50.94, 0.5940, 16.89
50.95, 0.5950, 15.54
50.96, 0.5960, 18.34
50.97, 0.5970, 17.01
50.98, 0.5980, 17.36
50.99, 0.5990, 16.03
51.00, 0.6000, 16.32
51.01, 0.6010, 16.96
51.02, 0.6020, 14.90
51.03, 0.6030, 19.38
51.04, 0.6040, 18.69
51.05, 0.6050, 17.71
51.06, 0.6060, 16.34
51.07, 0.6070, 15.86
51.08, 0.6080, 15.69
51.09, 0.6090, 14.00
51.10, 0.6100, 15.35
51.11, 0.6110, 17.64
51.12, 0.6120, 16.36
51.13, 0.6130, 17.94
51.14, 0.6140, 16.44
51.15, 0.6150, 18.25
51.16, 0.6160, 18.24
51.17, 0.6170, 18.28
51.18, 0.6180, 17.00
51.19, 0.6190, 17.13
51.20, 0.6200, 17.28
51.21, 0.6210, 15.80
51.22, 0.6220, 15.83
51.23, 0.6230, 17.78
51.24, 0.6240, 17.33
51.25, 0.6250, 16.77
51.26, 0.6260, 17.81
51.27, 0.6270, 17.43
51.28, 0.6280, 17.33
51.29, 0.6290, 17.25
51.30, 0.6300, 15.43
51.31, 0.6310, 17.46
51.32, 0.6320, 17.25
51.33, 0.6330, 15.75
51.34, 0.6340, 17.60
51.35, 0.6350, 17.32
51.36, 0.6360, 17.66
51.37, 0.6370, 17.07
51.38, 0.6380, 17.53
51.39, 0.6390, 16.78
51.40, 0.6400, 18.21
51.41, 0.6410, 17.49
51.42, 0.6420, 17.27
51.43, 0.6430, 17.05
51.44, 0.6440, 17.89
51.45, 0.6450, 16.98
51.46, 0.6460, 16.35
51.47, 0.6470, 17.16
51.48, 0.6480, 16.55
51.49, 0.6490, 18.06
51.50, 0.6500, 17.46
51.51, 0.6510, 17.49
51.52, 0.6520, 17.18
51.53, 0.6530, 18.12
51.54, 0.6540, 16.55
51.55, 0.6550, 19.36
51.56, 0.6560, 18.29
51.57, 0.6570, 18.92
51.58, 0.6580, 17.40
51.59, 0.6590, 18.52
51.60, 0.6600, 17.55
51.61, 0.6610, 17.05
51.62, 0.6620, 17.72
51.63, 0.6630, 18.08
51.64, 0.6640, 17.76
51.65, 0.6650, 18.27
51.66, 0.6660, 17.66
51.67, 0.6670, 18.23
51.68, 0.6680, 17.74
51.69, 0.6690, 18.48
51.70, 0.6700, 17.60
51.71, 0.6710, 17.91
51.72, 0.6720, 18.10
51.73, 0.6730, 17.29
51.74, 0.6740, 18.31
51.75, 0.6750, 18.96
51.76, 0.6760, 19.57
51.77, 0.6770, 18.89
51.78, 0.6780, 17.57
51.79, 0.6790, 17.54
51.80, 0.6800, 18.90
51.81, 0.6810, 17.47
51.82, 0.6820, 18.82
51.83, 0.6830, 16.45
51.84, 0.6840, 18.88
51.85, 0.6850, 18.18
51.86, 0.6860, 18.80
51.87, 0.6870, 17.90
51.88, 0.6880, 19.20
51.89, 0.6890, 18.60
51.90, 0.6900, 17.85
51.91, 0.6910, 19.07
51.92, 0.6920, 18.98
51.93, 0.6930, 19.26
51.94, 0.6940, 18.89
51.95, 0.6950, 18.07
51.96, 0.6960, 15.71
51.97, 0.6970, 16.04
51.98, 0.6980, 18.39
51.99, 0.6990, 17.59
52.00, 0.7000, 18.37
52.01, 0.7010, 18.98
52.02, 0.7020, 18.61
52.03, 0.7030, 19.34
52.04, 0.7040, 19.09
52.05, 0.7050, 19.20
52.06, 0.7060, 18.67
52.07, 0.7070, 19.02
52.08, 0.7080, 19.51
52.09, 0.7090, 19.78
52.10, 0.7100, 20.05
52.11, 0.7110, 18.68
52.12, 0.7120, 17.33
52.13, 0.7130, 17.75
52.14, 0.7140, 18.59
52.15, 0.7150, 18.92
52.16, 0.7160, 19.80
52.17, 0.7170, 18.81
52.18, 0.7180, 18.96
52.19, 0.7190, 19.36
52.20, 0.7200, 17.37
52.21, 0.7210, 18.01
52.22, 0.7220, 19.89
52.23, 0.7230, 18.89
52.24, 0.7240, 18.56
52.25, 0.7250, 19.90
52.26, 0.7260, 18.49
52.27, 0.7270, 20.18
52.28, 0.7280, 17.60
52.29, 0.7290, 19.00
52.30, 0.7300, 18.09
52.31, 0.7310, 18.58
52.32, 0.7320, 19.49
52.33, 0.7330, 18.87
52.34, 0.7340, 19.08
52.35, 0.7350, 18.97
52.36, 0.7360, 20.61
52.37, 0.7370, 19.86
52.38, 0.7380, 19.39
52.39, 0.7390, 19.26
52.40, 0.7400, 19.84
52.41, 0.7410, 19.43
52.42, 0.7420, 18.49
52.43, 0.7430, 18.13
52.44, 0.7440, 20.02
52.45, 0.7450, 19.92
52.46, 0.7460, 19.52
52.47, 0.7470, 19.77
52.48, 0.7480, 21.07
52.49, 0.7490, 19.23
52.50, 0.7500, 19.04
52.51, 0.7510, 19.04
52.52, 0.7520, 18.72
52.53, 0.7530, 16.96
52.54, 0.7540, 19.07
52.55, 0.7550, 20.68
52.56, 0.7560, 18.20
52.57, 0.7570, 18.31
52.58, 0.7580, 19.09
52.59, 0.7590, 19.05
52.60, 0.7600, 19.25
52.61, 0.7610, 18.71
52.62, 0.7620, 19.47
52.63, 0.7630, 18.21
52.64, 0.7640, 19.14
52.65, 0.7650, 19.05
52.66, 0.7660, 20.29
52.67, 0.7670, 19.85
52.68, 0.7680, 19.06
52.69, 0.7690, 18.08
52.70, 0.7700, 19.73
52.71, 0.7710, 19.42
52.72, 0.7720, 19.05
52.73, 0.7730, 19.90
52.74, 0.7740, 18.56
52.75, 0.7750, 18.88
52.76, 0.7760, 19.41
52.77, 0.7770, 18.69
52.78, 0.7780, 18.58
52.79, 0.7790, 20.72
52.80, 0.7800, 20.14
52.81, 0.7810, 19.49
52.82, 0.7820, 19.73
52.83, 0.7830, 19.18
52.84, 0.7840, 19.20
52.85, 0.7850, 19.93
52.86, 0.7860, 19.81
52.87, 0.7870, 20.77
52.88, 0.7880, 20.12
52.89, 0.7890, 19.21
52.90, 0.7900, 19.70
52.91, 0.7910, 19.43
52.92, 0.7920, 19.88
52.93, 0.7930, 20.57
52.94, 0.7940, 20.43
52.95, 0.7950, 20.05
52.96, 0.7960, 19.58
52.97, 0.7970, 20.27
52.98, 0.7980, 18.86
52.99, 0.7990, 21.32
53.00, 0.8000, 20.24
53.01, 0.8010, 18.84
53.02, 0.8020, 20.22
53.03, 0.8030, 20.07
53.04, 0.8040, 20.72
53.05, 0.8050, 19.91
53.06, 0.8060, 19.37
53.07, 0.8070, 21.48
53.08, 0.8080, 20.48
53.09, 0.8090, 19.71
53.10, 0.8100, 19.46
53.11, 0.8110, 18.99
53.12, 0.8120, 19.11
53.13, 0.8130, 18.83
53.14, 0.8140, 19.38
53.15, 0.8150, 20.37
53.16, 0.8160, 19.67
53.17, 0.8170, 19.84
53.18, 0.8180, 19.79
53.19, 0.8190, 20.62
53.20, 0.8200, 19.82
53.21, 0.8210, 19.56
53.22, 0.8220, 19.24
53.23, 0.8230, 19.59
53.24, 0.8240, 20.52
53.25, 0.8250, 20.33
53.26, 0.8260, 20.60
53.27, 0.8270, 20.78
53.28, 0.8280, 22.14
53.29, 0.8290, 21.75
53.30, 0.8300, 20.23
53.31, 0.8310, 20.21
53.32, 0.8320, 19.69
53.33, 0.8330, 21.78
53.34, 0.8340, 21.33
53.35, 0.8350, 20.69
53.36, 0.8360, 21.22
53.37, 0.8370, 19.75
53.38, 0.8380, 21.99
53.39, 0.8390, 20.31
53.40, 0.8400, 21.10
53.41, 0.8410, 21.14
53.42, 0.8420, 21.02
53.43, 0.8430, 20.11
53.44, 0.8440, 19.97
53.45, 0.8450, 20.43
53.46, 0.8460, 21.47
53.47, 0.8470, 21.18
53.48, 0.8480, 20.97
53.49, 0.8490, 20.14
53.50, 0.8500, 20.29
53.51, 0.8510, 19.56
53.52, 0.8520, 19.27
53.53, 0.8530, 20.15
53.54, 0.8540, 19.65
53.55, 0.8550, 19.89
53.56, 0.8560, 20.02
53.57, 0.8570, 20.92
53.58, 0.8580, 20.52
53.59, 0.8590, 19.81
53.60, 0.8600, 20.31
53.61, 0.8610, 19.82
53.62, 0.8620, 19.21
53.63, 0.8630, 21.11
53.64, 0.8640, 21.69
53.65, 0.8650, 21.27
53.66, 0.8660, 22.63
53.67, 0.8670, 21.70
53.68, 0.8680, 21.38
53.69, 0.8690, 22.59
53.70, 0.8700, 22.13
53.71, 0.8710, 23.38
53.72, 0.8720, 21.74
53.73, 0.8730, 22.63
53.74, 0.8740, 23.90
53.75, 0.8750, 23.98
53.76, 0.8760, 21.02
53.77, 0.8770, 20.24
53.78, 0.8780, 20.42
53.79, 0.8790, 19.44
53.80, 0.8800, 21.29
53.81, 0.8810, 20.75
53.82, 0.8820, 22.59
53.83, 0.8830, 20.92
53.84, 0.8840, 21.06
53.85, 0.8850, 21.15
53.86, 0.8860, 20.13
53.87, 0.8870, 20.24
53.88, 0.8880, 21.02
53.89, 0.8890, 20.67
53.90, 0.8900, 22.14
53.91, 0.8910, 20.79
53.92, 0.8920, 21.33
53.93, 0.8930, 21.16
53.94, 0.8940, 20.34
53.95, 0.8950, 19.59
53.96, 0.8960, 21.69
53.97, 0.8970, 21.38
53.98, 0.8980, 21.73
53.99, 0.8990, 20.70
54.00, 0.9000, 20.82
54.01, 0.9010, 21.57
54.02, 0.9020, 21.97
54.03, 0.9030, 21.83
54.04, 0.9040, 22.30
54.05, 0.9050, 21.88
54.06, 0.9060, 22.54
54.07, 0.9070, 21.99
54.08, 0.9080, 22.77
54.09, 0.9090, 22.01
54.10, 0.9100, 21.57
54.11, 0.9110, 21.61
54.12, 0.9120, 23.01
54.13, 0.9130, 22.77
54.14, 0.9140, 23.22
54.15, 0.9150, 22.87
54.16, 0.9160, 22.13
54.17, 0.9170, 22.74
54.18, 0.9180, 22.47
54.19, 0.9190, 23.04
54.20, 0.9200, 22.76
54.21, 0.9210, 23.67
54.22, 0.9220, 23.17
54.23, 0.9230, 22.62
54.24, 0.9240, 21.97
54.25, 0.9250, 21.72
54.26, 0.9260, 21.30
54.27, 0.9270, 23.06
54.28, 0.9280, 22.90
54.29, 0.9290, 22.13
54.30, 0.9300, 22.60
54.31, 0.9310, 21.93
54.32, 0.9320, 21.78
54.33, 0.9330, 22.78
54.34, 0.9340, 22.58
54.35, 0.9350, 23.01
54.36, 0.9360, 22.19
54.37, 0.9370, 21.86
54.38, 0.9380, 22.35
54.39, 0.9390, 23.04
54.40, 0.9400, 21.33
54.41, 0.9410, 23.11
54.42, 0.9420, 22.57
54.43, 0.9430, 21.88
54.44, 0.9440, 21.94
54.45, 0.9450, 22.24
54.46, 0.9460, 19.90
54.47, 0.9470, 21.58
54.48, 0.9480, 22.24
54.49, 0.9490, 22.46
54.50, 0.9500, 23.93
54.51, 0.9510, 24.26
54.52, 0.9520, 23.63
54.53, 0.9530, 22.87
54.54, 0.9540, 22.62
54.55, 0.9550, 23.54
54.56, 0.9560, 23.36
54.57, 0.9570, 23.83
54.58, 0.9580, 24.25
54.59, 0.9590, 25.44
54.60, 0.9600, 22.92
54.61, 0.9610, 21.82
54.62, 0.9620, 22.25
54.63, 0.9630, 23.45
54.64, 0.9640, 24.50
54.65, 0.9650, 24.08
54.66, 0.9660, 24.32
54.67, 0.9670, 23.77
54.68, 0.9680, 22.88
54.69, 0.9690, 23.68
54.70, 0.9700, 23.54
54.71, 0.9710, 22.81
54.72, 0.9720, 23.34
54.73, 0.9730, 23.80
54.74, 0.9740, 24.39
54.75, 0.9750, 23.26
54.76, 0.9760, 24.34
54.77, 0.9770, 25.24
54.78, 0.9780, 22.87
54.79, 0.9790, 23.51
54.80, 0.9800, 24.79
54.81, 0.9810, 25.21
54.82, 0.9820, 25.16
54.83, 0.9830, 25.05
54.84, 0.9840, 23.44
54.85, 0.9850, 22.50
54.86, 0.9860, 24.43
54.87, 0.9870, 24.75
54.88, 0.9880, 23.26
54.89, 0.9890, 23.80
54.90, 0.9900, 23.97
54.91, 0.9910, 24.01
54.92, 0.9920, 25.66
54.93, 0.9930, 25.92
54.94, 0.9940, 25.65
54.95, 0.9950, 25.57
54.96, 0.9960, 25.79
54.97, 0.9970, 26.00
54.98, 0.9980, 25.22
54.99, 0.9990, 25.58
55.00, 1.000, 25.09
55.01, 1.001, 21.98
55.02, 1.002, 24.02
55.03, 1.003, 25.70
55.04, 1.004, 25.75
55.05, 1.005, 22.58
55.06, 1.006, 24.76
55.07, 1.007, 25.15
55.08, 1.008, 24.94
55.09, 1.009, 25.00
55.10, 1.010, 24.04
55.11, 1.011, 24.92
55.12, 1.012, 23.97
55.13, 1.013, 25.15
55.14, 1.014, 26.05
55.15, 1.015, 24.92
55.16, 1.016, 24.52
55.17, 1.017, 25.66
55.18, 1.018, 26.28
55.19, 1.019, 24.96
55.20, 1.020, 25.54
55.21, 1.021, 25.65
55.22, 1.022, 25.80
55.23, 1.023, 25.10
55.24, 1.024, 25.16
55.25, 1.025, 25.38
55.26, 1.026, 25.34
55.27, 1.027, 25.35
55.28, 1.028, 24.54
55.29, 1.029, 26.26
55.30, 1.030, 26.05
55.31, 1.031, 26.19
55.32, 1.032, 26.14
55.33, 1.033, 25.79
55.34, 1.034, 25.69
55.35, 1.035, 25.24
55.36, 1.036, 27.04
55.37, 1.037, 28.32
55.38, 1.038, 26.02
55.39, 1.039, 27.18
55.40, 1.040, 27.31
55.41, 1.041, 27.17
55.42, 1.042, 28.74
55.43, 1.043, 27.02
55.44, 1.044, 26.09
55.45, 1.045, 27.00
55.46, 1.046, 26.90
55.47, 1.047, 27.00
55.48, 1.048, 27.26
55.49, 1.049, 26.22
55.50, 1.050, 26.08
55.51, 1.051, 27.86
55.52, 1.052, 26.93
55.53, 1.053, 27.54
55.54, 1.054, 26.00
55.55, 1.055, 27.49
55.56, 1.056, 26.95
55.57, 1.057, 28.45
55.58, 1.058, 27.96
55.59, 1.059, 27.76
55.60, 1.060, 28.66
55.61, 1.061, 29.10
55.62, 1.062, 27.14
55.63, 1.063, 27.88
55.64, 1.064, 26.93
55.65, 1.065, 27.09
55.66, 1.066, 27.19
55.67, 1.067, 29.15
55.68, 1.068, 27.97
55.69, 1.069, 27.95
55.70, 1.070, 27.66
55.71, 1.071, 26.61
55.72, 1.072, 28.40
55.73, 1.073, 27.76
55.74, 1.074, 28.14
55.75, 1.075, 28.76
55.76, 1.076, 29.03
55.77, 1.077, 29.37
55.78, 1.078, 29.82
55.79, 1.079, 27.89
55.80, 1.080, 29.65
55.81, 1.081, 31.40
55.82, 1.082, 30.35
55.83, 1.083, 30.13
55.84, 1.084, 30.01
55.85, 1.085, 31.76
55.86, 1.086, 31.31
55.87, 1.087, 31.04
55.88, 1.088, 30.88
55.89, 1.089, 30.84
55.90, 1.090, 30.47
55.91, 1.091, 29.69
55.92, 1.092, 29.15
55.93, 1.093, 29.81
55.94, 1.094, 29.65
55.95, 1.095, 31.61
55.96, 1.096, 31.03
55.97, 1.097, 31.95
55.98, 1.098, 31.49
55.99, 1.099, 30.47
56.00, 1.100, 30.47
56.01, 1.101, 31.26
56.02, 1.102, 31.16
56.03, 1.103, 31.67
56.04, 1.104, 30.47
56.05, 1.105, 30.51
56.06, 1.106, 32.81
56.07, 1.107, 32.44
56.08, 1.108, 31.19
56.09, 1.109, 33.26
56.10, 1.110, 32.34
56.11, 1.111, 30.87
56.12, 1.112, 31.76
56.13, 1.113, 31.56
56.14, 1.114, 32.02
56.15, 1.115, 31.66
56.16, 1.116, 34.48
56.17, 1.117, 33.00
56.18, 1.118, 32.45
56.19, 1.119, 33.06
56.20, 1.120, 33.25
56.21, 1.121, 32.95
56.22, 1.122, 34.39
56.23, 1.123, 34.48
56.24, 1.124, 34.10
56.25, 1.125, 34.53
56.26, 1.126, 33.18
56.27, 1.127, 33.80
56.28, 1.128, 34.05
56.29, 1.129, 34.91
56.30, 1.130, 34.80
56.31, 1.131, 34.74
56.32, 1.132, 36.37
56.33, 1.133, 34.89
56.34, 1.134, 34.57
56.35, 1.135, 34.53
56.36, 1.136, 35.11
56.37, 1.137, 35.86
56.38, 1.138, 35.51
56.39, 1.139, 36.00
56.40, 1.140, 35.78
56.41, 1.141, 36.01
56.42, 1.142, 36.59
56.43, 1.143, 37.05
56.44, 1.144, 36.69
56.45, 1.145, 36.73
56.46, 1.146, 36.59
56.47, 1.147, 37.90
56.48, 1.148, 37.11
56.49, 1.149, 37.51
56.50, 1.150, 39.34
56.51, 1.151, 38.40
56.52, 1.152, 38.27
56.53, 1.153, 38.46
56.54, 1.154, 38.19
56.55, 1.155, 37.91
56.56, 1.156, 37.19
56.57, 1.157, 38.01
56.58, 1.158, 37.95
56.59, 1.159, 38.69
56.60, 1.160, 39.40
56.61, 1.161, 39.71
56.62, 1.162, 40.11
56.63, 1.163, 39.38
56.64, 1.164, 40.72
56.65, 1.165, 41.17
56.66, 1.166, 42.53
56.67, 1.167, 42.56
56.68, 1.168, 40.86
56.69, 1.169, 41.18
56.70, 1.170, 41.57
56.71, 1.171, 42.10
56.72, 1.172, 42.30
56.73, 1.173, 42.09
56.74, 1.174, 42.51
56.75, 1.175, 43.89
56.76, 1.176, 44.03
56.77, 1.177, 42.26
56.78, 1.178, 42.68
56.79, 1.179, 42.70
56.80, 1.180, 45.20
56.81, 1.181, 44.13
56.82, 1.182, 45.45
56.83, 1.183, 43.86
56.84, 1.184, 44.82
56.85, 1.185, 44.18
56.86, 1.186, 45.42
56.87, 1.187, 46.77
56.88, 1.188, 45.71
56.89, 1.189, 46.10
56.90, 1.190, 46.00
56.91, 1.191, 45.33
56.92, 1.192, 46.50
56.93, 1.193, 45.16
56.94, 1.194, 49.39
56.95, 1.195, 47.18
56.96, 1.196, 47.32
56.97, 1.197, 49.98
56.98, 1.198, 48.74
56.99, 1.199, 47.11
57.00, 1.200, 48.05
57.01, 1.201, 48.57
57.02, 1.202, 47.96
57.03, 1.203, 48.14
57.04, 1.204, 48.72
57.05, 1.205, 49.88
57.06, 1.206, 50.40
57.07, 1.207, 51.14
57.08, 1.208, 51.79
57.09, 1.209, 51.27
57.10, 1.210, 50.69
57.11, 1.211, 50.39
57.12, 1.212, 50.52
57.13, 1.213, 52.06
57.14, 1.214, 52.56
57.15, 1.215, 51.99
57.16, 1.216, 53.82
57.17, 1.217, 52.66
57.18, 1.218, 52.57
57.19, 1.219, 53.05
57.20, 1.220, 52.75
57.21, 1.221, 53.81
57.22, 1.222, 55.04
57.23, 1.223, 54.42
57.24, 1.224, 55.41
57.25, 1.225, 53.35
57.26, 1.226, 54.85
57.27, 1.227, 54.69
57.28, 1.228, 54.22
57.29, 1.229, 55.28
57.30, 1.230, 57.18
57.31, 1.231, 57.22
57.32, 1.232, 55.47
57.33, 1.233, 55.41
57.34, 1.234, 56.10
57.35, 1.235, 57.35
57.36, 1.236, 55.20
57.37, 1.237, 58.36
57.38, 1.238, 58.31
57.39, 1.239, 57.45
57.40, 1.240, 55.92
57.41, 1.241, 57.59
57.42, 1.242, 58.25
57.43, 1.243, 57.97
57.44, 1.244, 58.55
57.45, 1.245, 59.26
57.46, 1.246, 60.91
57.47, 1.247, 60.38
57.48, 1.248, 60.03
57.49, 1.249, 60.91
57.50, 1.250, 60.61
57.51, 1.251, 59.03
57.52, 1.252, 61.89
57.53, 1.253, 60.45
57.54, 1.254, 60.78
57.55, 1.255, 60.80
57.56, 1.256, 59.61
57.57, 1.257, 60.95
57.58, 1.258, 61.55
57.59, 1.259, 61.14
57.60, 1.260, 62.27
57.61, 1.261, 61.85
57.62, 1.262, 63.44
57.63, 1.263, 63.33
57.64, 1.264, 62.50
57.65, 1.265, 62.49
57.66, 1.266, 63.47
57.67, 1.267, 64.43
57.68, 1.268, 62.25
57.69, 1.269, 64.77
57.70, 1.270, 63.90
57.71, 1.271, 64.37
57.72, 1.272, 65.11
57.73, 1.273, 64.95
57.74, 1.274, 65.11
57.75, 1.275, 64.92
57.76, 1.276, 65.87
57.77, 1.277, 66.32
57.78, 1.278, 66.29
57.79, 1.279, 65.83
57.80, 1.280, 66.62
57.81, 1.281, 66.83
57.82, 1.282, 66.81
57.83, 1.283, 65.57
57.84, 1.284, 67.13
57.85, 1.285, 66.10
57.86, 1.286, 68.18
57.87, 1.287, 68.45
57.88, 1.288, 68.58
57.89, 1.289, 69.41
57.90, 1.290, 68.23
57.91, 1.291, 68.13
57.92, 1.292, 67.60
57.93, 1.293, 70.34
57.94, 1.294, 69.35
57.95, 1.295, 69.87
57.96, 1.296, 70.31
57.97, 1.297, 71.86
57.98, 1.298, 69.86
57.99, 1.299, 70.00
58.00, 1.300, 71.51
58.01, 1.301, 70.66
58.02, 1.302, 71.66
58.03, 1.303, 70.64
58.04, 1.304, 72.37
58.05, 1.305, 71.10
58.06, 1.306, 70.46
58.07, 1.307, 70.60
58.08, 1.308, 71.89
58.09, 1.309, 72.14
58.10, 1.310, 73.28
58.11, 1.311, 72.12
58.12, 1.312, 72.08
58.13, 1.313, 71.80
58.14, 1.314, 72.15
58.15, 1.315, 71.93
58.16, 1.316, 72.29
58.17, 1.317, 71.49
58.18, 1.318, 73.22
58.19, 1.319, 73.31
58.20, 1.320, 76.12
58.21, 1.321, 72.81
58.22, 1.322, 72.44
58.23, 1.323, 73.73
58.24, 1.324, 73.20
58.25, 1.325, 73.46
58.26, 1.326, 74.55
58.27, 1.327, 73.65
58.28, 1.328, 75.32
58.29, 1.329, 75.15
58.30, 1.330, 73.05
58.31, 1.331, 73.97
58.32, 1.332, 75.86
58.33, 1.333, 74.70
58.34, 1.334, 76.94
58.35, 1.335, 75.71
58.36, 1.336, 75.69
58.37, 1.337, 75.38
58.38, 1.338, 76.02
58.39, 1.339, 75.43
58.40, 1.340, 76.27
58.41, 1.341, 77.25
58.42, 1.342, 75.92
58.43, 1.343, 76.57
58.44, 1.344, 78.42
58.45, 1.345, 74.67
58.46, 1.346, 77.01
58.47, 1.347, 76.70
58.48, 1.348, 76.23
58.49, 1.349, 77.68
58.50, 1.350, 78.14
58.51, 1.351, 77.41
58.52, 1.352, 76.69
58.53, 1.353, 76.69
58.54, 1.354, 77.99
58.55, 1.355, 78.37
58.56, 1.356, 79.28
58.57, 1.357, 78.63
58.58, 1.358, 77.00
58.59, 1.359, 76.43
58.60, 1.360, 77.28
58.61, 1.361, 77.20
58.62, 1.362, 78.41
58.63, 1.363, 79.14
58.64, 1.364, 78.77
58.65, 1.365, 78.53
58.66, 1.366, 78.53
58.67, 1.367, 78.00
58.68, 1.368, 79.14
58.69, 1.369, 77.98
58.70, 1.370, 78.79
58.71, 1.371, 79.05
58.72, 1.372, 79.84
58.73, 1.373, 79.48
58.74, 1.374, 80.57
58.75, 1.375, 80.73
58.76, 1.376, 80.56
58.77, 1.377, 80.50
58.78, 1.378, 80.13
58.79, 1.379, 80.09
58.80, 1.380, 79.45
58.81, 1.381, 80.42
58.82, 1.382, 80.28
58.83, 1.383, 81.67
58.84, 1.384, 81.35
58.85, 1.385, 79.42
58.86, 1.386, 79.62
58.87, 1.387, 80.42
58.88, 1.388, 79.42
58.89, 1.389, 80.38
58.90, 1.390, 80.43
58.91, 1.391, 82.41
58.92, 1.392, 80.58
58.93, 1.393, 79.59
58.94, 1.394, 80.06
58.95, 1.395, 80.51
58.96, 1.396, 80.58
58.97, 1.397, 80.28
58.98, 1.398, 79.75
58.99, 1.399, 80.96
59.00, 1.400, 82.50
59.01, 1.401, 81.21
59.02, 1.402, 81.54
59.03, 1.403, 83.08
59.04, 1.404, 81.38
59.05, 1.405, 81.58
59.06, 1.406, 81.63
59.07, 1.407, 81.50
59.08, 1.408, 80.40
59.09, 1.409, 82.09
59.10, 1.410, 80.91
59.11, 1.411, 82.35
59.12, 1.412, 81.25
59.13, 1.413, 82.99
59.14, 1.414, 84.24
59.15, 1.415, 83.21
59.16, 1.416, 83.78
59.17, 1.417, 83.02
59.18, 1.418, 83.63
59.19, 1.419, 83.91
59.20, 1.420, 82.53
59.21, 1.421, 82.89
59.22, 1.422, 83.95
59.23, 1.423, 85.25
59.24, 1.424, 85.28
59.25, 1.425, 84.22
59.26, 1.426, 84.78
59.27, 1.427, 82.64
59.28, 1.428, 83.96
59.29, 1.429, 84.68
59.30, 1.430, 85.26
59.31, 1.431, 82.65
59.32, 1.432, 84.03
59.33, 1.433, 84.66
59.34, 1.434, 83.87
59.35, 1.435, 83.18
59.36, 1.436, 84.34
59.37, 1.437, 84.38
59.38, 1.438, 85.30
59.39, 1.439, 84.39
59.40, 1.440, 84.37
59.41, 1.441, 84.70
59.42, 1.442, 84.95
59.43, 1.443, 86.22
59.44, 1.444, 84.38
59.45, 1.445, 84.45
59.46, 1.446, 83.96
59.47, 1.447, 85.44
59.48, 1.448, 85.26
59.49, 1.449, 87.48
59.50, 1.450, 89.06
59.51, 1.451, 86.91
59.52, 1.452, 86.95
59.53, 1.453, 86.52
59.54, 1.454, 88.51
59.55, 1.455, 87.15
59.56, 1.456, 90.79
59.57, 1.457, 84.44
59.58, 1.458, 87.07
59.59, 1.459, 87.45
59.60, 1.460, 87.71
59.61, 1.461, 87.77
59.62, 1.462, 88.64
59.63, 1.463, 89.90
59.64, 1.464, 90.13
59.65, 1.465, 87.45
59.66, 1.466, 88.31
59.67, 1.467, 88.48
59.68, 1.468, 90.30
59.69, 1.469, 88.80
59.70, 1.470, 90.60
59.71, 1.471, 89.10
59.72, 1.472, 87.88
59.73, 1.473, 88.64
59.74, 1.474, 89.08
59.75, 1.475, 89.29
59.76, 1.476, 89.38
59.77, 1.477, 89.85
59.78, 1.478, 89.26
59.79, 1.479, 89.10
59.80, 1.480, 88.70
59.81, 1.481, 89.83
59.82, 1.482, 90.31
59.83, 1.483, 91.92
59.84, 1.484, 91.18
59.85, 1.485, 90.46
59.86, 1.486, 90.87
59.87, 1.487, 90.28
59.88, 1.488, 90.01
59.89, 1.489, 91.14
59.90, 1.490, 91.21
59.91, 1.491, 91.37
59.92, 1.492, 91.37
59.93, 1.493, 92.87
59.94, 1.494, 91.87
59.95, 1.495, 92.14
59.96, 1.496, 92.84
59.97, 1.497, 91.03
59.98, 1.498, 91.80
59.99, 1.499, 92.69
60.00, 1.500, 92.27
60.01, 1.501, 90.79
60.02, 1.502, 93.49
60.03, 1.503, 92.30
60.04, 1.504, 94.07
60.05, 1.505, 93.13
60.06, 1.506, 92.54
60.07, 1.507, 93.77
60.08, 1.508, 95.30
60.09, 1.509, 94.63
60.10, 1.510, 94.99
60.11, 1.511, 96.05
60.12, 1.512, 93.44
60.13, 1.513, 94.29
60.14, 1.514, 96.51
60.15, 1.515, 95.45
60.16, 1.516, 95.74
60.17, 1.517, 95.64
60.18, 1.518, 95.16
60.19, 1.519, 95.21
60.20, 1.520, 96.49
60.21, 1.521, 95.61
60.22, 1.522, 97.47
60.23, 1.523, 97.97
60.24, 1.524, 96.29
60.25, 1.525, 96.38
60.26, 1.526, 94.52
60.27, 1.527, 96.69
60.28, 1.528, 96.61
60.29, 1.529, 97.85
60.30, 1.530, 98.00
60.31, 1.531, 96.96
60.32, 1.532, 98.31
60.33, 1.533, 96.99
60.34, 1.534, 98.71
60.35, 1.535, 100.0
60.36, 1.536, 98.24
60.37, 1.537, 98.60
60.38, 1.538, 98.96
60.39, 1.539, 100.3
60.40, 1.540, 99.07
60.41, 1.541, 99.64
60.42, 1.542, 101.2
60.43, 1.543, 101.7
60.44, 1.544, 99.94
60.45, 1.545, 99.59
60.46, 1.546, 101.1
60.47, 1.547, 100.6
60.48, 1.548, 101.2
60.49, 1.549, 101.9
60.50, 1.550, 102.0
60.51, 1.551, 102.0
60.52, 1.552, 101.2
60.53, 1.553, 102.4
60.54, 1.554, 103.2
60.55, 1.555, 100.7
60.56, 1.556, 102.6
60.57, 1.557, 103.8
60.58, 1.558, 103.8
60.59, 1.559, 104.0
60.60, 1.560, 105.1
60.61, 1.561, 103.6
60.62, 1.562, 105.7
60.63, 1.563, 104.7
60.64, 1.564, 103.8
60.65, 1.565, 103.9
60.66, 1.566, 104.2
60.67, 1.567, 104.7
60.68, 1.568, 105.1
60.69, 1.569, 104.0
60.70, 1.570, 107.6
60.71, 1.571, 106.7
60.72, 1.572, 106.4
60.73, 1.573, 105.7
60.74, 1.574, 105.5
60.75, 1.575, 106.3
60.76, 1.576, 107.0
60.77, 1.577, 108.3
60.78, 1.578, 108.9
60.79, 1.579, 108.8
60.80, 1.580, 107.6
60.81, 1.581, 108.2
60.82, 1.582, 110.9
60.83, 1.583, 109.2
60.84, 1.584, 109.5
60.85, 1.585, 108.6
60.86, 1.586, 109.2
60.87, 1.587, 109.1
60.88, 1.588, 109.9
60.89, 1.589, 110.8
60.90, 1.590, 110.7
60.91, 1.591, 113.2
60.92, 1.592, 112.7
60.93, 1.593, 110.8
60.94, 1.594, 112.5
60.95, 1.595, 111.8
60.96, 1.596, 113.5
60.97, 1.597, 111.3
60.98, 1.598, 114.0
60.99, 1.599, 114.5
61.00, 1.600, 113.6
61.01, 1.601, 113.6
61.02, 1.602, 114.9
61.03, 1.603, 113.4
61.04, 1.604, 113.9
61.05, 1.605, 113.3
61.06, 1.606, 114.1
61.07, 1.607, 115.9
61.08, 1.608, 117.2
61.09, 1.609, 116.0
61.10, 1.610, 115.9
61.11, 1.611, 116.7
61.12, 1.612, 115.1
61.13, 1.613, 117.2
61.14, 1.614, 116.7
61.15, 1.615, 116.6
61.16, 1.616, 117.4
61.17, 1.617, 116.2
61.18, 1.618, 116.9
61.19, 1.619, 117.8
61.20, 1.620, 118.3
61.21, 1.621, 119.8
61.22, 1.622, 119.9
61.23, 1.623, 118.8
61.24, 1.624, 120.0
61.25, 1.625, 121.0
61.26, 1.626, 119.2
61.27, 1.627, 121.2
61.28, 1.628, 121.0
61.29, 1.629, 122.2
61.30, 1.630, 120.8
61.31, 1.631, 121.2
61.32, 1.632, 122.5
61.33, 1.633, 122.6
61.34, 1.634, 123.2
61.35, 1.635, 123.8
61.36, 1.636, 122.2
61.37, 1.637, 123.7
61.38, 1.638, 122.0
61.39, 1.639, 123.8
61.40, 1.640, 125.0
61.41, 1.641, 125.3
61.42, 1.642, 125.5
61.43, 1.643, 125.2
61.44, 1.644, 127.4
61.45, 1.645, 126.7
61.46, 1.646, 125.6
61.47, 1.647, 127.8
61.48, 1.648, 128.8
61.49, 1.649, 127.9
61.50, 1.650, 127.2
61.51, 1.651, 130.0
61.52, 1.652, 129.4
61.53, 1.653, 128.6
61.54, 1.654, 132.5
61.55, 1.655, 130.1
61.56, 1.656, 128.7
61.57, 1.657, 131.3
61.58, 1.658, 131.0
61.59, 1.659, 130.3
61.60, 1.660, 132.4
61.61, 1.661, 133.9
61.62, 1.662, 131.4
61.63, 1.663, 132.4
61.64, 1.664, 133.4
61.65, 1.665, 134.6
61.66, 1.666, 133.0
61.67, 1.667, 134.6
61.68, 1.668, 135.2
61.69, 1.669, 136.2
61.70, 1.670, 136.4
61.71, 1.671, 136.2
61.72, 1.672, 135.0
61.73, 1.673, 137.2
61.74, 1.674, 137.6
61.75, 1.675, 137.6
61.76, 1.676, 139.3
61.77, 1.677, 138.5
61.78, 1.678, 139.2
61.79, 1.679, 137.2
61.80, 1.680, 139.0
61.81, 1.681, 140.6
61.82, 1.682, 141.9
61.83, 1.683, 140.4
61.84, 1.684, 141.9
61.85, 1.685, 141.4
61.86, 1.686, 142.5
61.87, 1.687, 141.7
61.88, 1.688, 145.0
61.89, 1.689, 145.0
61.90, 1.690, 143.1
61.91, 1.691, 143.5
61.92, 1.692, 145.1
61.93, 1.693, 146.3
61.94, 1.694, 144.2
61.95, 1.695, 146.3
61.96, 1.696, 146.9
61.97, 1.697, 146.8
61.98, 1.698, 146.0
61.99, 1.699, 148.2
62.00, 1.700, 148.6
62.01, 1.701, 151.0
62.02, 1.702, 148.6
62.03, 1.703, 150.1
62.04, 1.704, 150.8
62.05, 1.705, 149.7
62.06, 1.706, 151.6
62.07, 1.707, 147.9
62.08, 1.708, 152.4
62.09, 1.709, 152.3
62.10, 1.710, 154.3
62.11, 1.711, 154.7
62.12, 1.712, 156.0
62.13, 1.713, 155.5
62.14, 1.714, 155.1
62.15, 1.715, 157.2
62.16, 1.716, 158.1
62.17, 1.717, 158.8
62.18, 1.718, 159.3
62.19, 1.719, 159.1
62.20, 1.720, 161.0
62.21, 1.721, 159.2
62.22, 1.722, 159.6
62.23, 1.723, 162.7
62.24, 1.724, 162.7
62.25, 1.725, 163.2
62.26, 1.726, 163.6
62.27, 1.727, 164.6
62.28, 1.728, 166.7
62.29, 1.729, 165.7
62.30, 1.730, 166.1
62.31, 1.731, 168.2
62.32, 1.732, 167.1
62.33, 1.733, 168.0
62.34, 1.734, 168.0
62.35, 1.735, 169.5
62.36, 1.736, 171.0
62.37, 1.737, 170.7
62.38, 1.738, 171.0
62.39, 1.739, 171.0
62.40, 1.740, 173.1
62.41, 1.741, 172.7
62.42, 1.742, 173.4
62.43, 1.743, 174.6
62.44, 1.744, 174.8
62.45, 1.745, 175.9
62.46, 1.746, 175.4
62.47, 1.747, 176.8
62.48, 1.748, 177.8
62.49, 1.749, 178.2
62.50, 1.750, 179.6
62.51, 1.751, 179.3
62.52, 1.752, 180.7
62.53, 1.753, 180.2
62.54, 1.754, 180.9
62.55, 1.755, 181.8
62.56, 1.756, 183.5
62.57, 1.757, 184.0
62.58, 1.758, 184.7
62.59, 1.759, 185.6
62.60, 1.760, 184.7
62.61, 1.761, 186.7
62.62, 1.762, 187.4
62.63, 1.763, 187.1
62.64, 1.764, 188.2
62.65, 1.765, 189.9
62.66, 1.766, 190.6
62.67, 1.767, 190.2
62.68, 1.768, 192.2
62.69, 1.769, 192.1
62.70, 1.770, 193.3
62.71, 1.771, 193.6
62.72, 1.772, 194.6
62.73, 1.773, 194.6
62.74, 1.774, 194.8
62.75, 1.775, 196.8
62.76, 1.776, 197.8
62.77, 1.777, 198.7
62.78, 1.778, 200.7
62.79, 1.779, 199.6
62.80, 1.780, 200.7
62.81, 1.781, 201.2
62.82, 1.782, 201.3
62.83, 1.783, 202.5
62.84, 1.784, 204.1
62.85, 1.785, 206.7
62.86, 1.786, 207.0
62.87, 1.787, 206.5
62.88, 1.788, 207.9
62.89, 1.789, 207.6
62.90, 1.790, 209.6
62.91, 1.791, 210.6
62.92, 1.792, 212.6
62.93, 1.793, 212.1
62.94, 1.794, 213.6
62.95, 1.795, 214.3
62.96, 1.796, 216.3
62.97, 1.797, 215.4
62.98, 1.798, 217.9
62.99, 1.799, 218.6
63.00, 1.800, 219.4
63.01, 1.801, 220.4
63.02, 1.802, 221.1
63.03, 1.803, 220.8
63.04, 1.804, 224.2
63.05, 1.805, 224.0
63.06, 1.806, 225.4
63.07, 1.807, 224.7
63.08, 1.808, 226.5
63.09, 1.809, 228.5
63.10, 1.810, 227.8
63.11, 1.811, 229.7
63.12, 1.812, 231.0
63.13, 1.813, 232.5
63.14, 1.814, 231.1
63.15, 1.815, 232.5
63.16, 1.816, 232.9
63.17, 1.817, 235.4
63.18, 1.818, 235.1
63.19, 1.819, 237.1
63.20, 1.820, 238.9
63.21, 1.821, 239.2
63.22, 1.822, 238.9
63.23, 1.823, 240.1
63.24, 1.824, 243.0
63.25, 1.825, 240.5
63.26, 1.826, 243.5
63.27, 1.827, 243.8
63.28, 1.828, 246.7
63.29, 1.829, 247.2
63.30, 1.830, 247.3
63.31, 1.831, 248.4
63.32, 1.832, 250.7
63.33, 1.833, 251.8
63.34, 1.834, 252.1
63.35, 1.835, 252.8
63.36, 1.836, 255.5
63.37, 1.837, 256.4
63.38, 1.838, 258.8
63.39, 1.839, 259.2
63.40, 1.840, 260.5
63.41, 1.841, 264.0
63.42, 1.842, 263.2
63.43, 1.843, 264.4
63.44, 1.844, 265.4
63.45, 1.845, 265.4
63.46, 1.846, 266.1
63.47, 1.847, 268.6
63.48, 1.848, 268.7
63.49, 1.849, 271.6
63.50, 1.850, 272.2
63.51, 1.851, 272.5
63.52, 1.852, 273.7
63.53, 1.853, 273.2
63.54, 1.854, 275.4
63.55, 1.855, 278.5
63.56, 1.856, 278.3
63.57, 1.857, 280.2
63.58, 1.858, 281.5
63.59, 1.859, 281.8
63.60, 1.860, 283.6
63.61, 1.861, 284.9
63.62, 1.862, 286.7
63.63, 1.863, 286.8
63.64, 1.864, 289.2
63.65, 1.865, 288.8
63.66, 1.866, 291.7
63.67, 1.867, 291.8
63.68, 1.868, 292.3
63.69, 1.869, 296.3
63.70, 1.870, 294.5
63.71, 1.871, 297.4
63.72, 1.872, 297.9
63.73, 1.873, 298.7
63.74, 1.874, 301.7
63.75, 1.875, 303.4
63.76, 1.876, 303.9
63.77, 1.877, 304.5
63.78, 1.878, 306.3
63.79, 1.879, 306.6
63.80, 1.880, 307.6
63.81, 1.881, 309.7
63.82, 1.882, 309.6
63.83, 1.883, 311.9
63.84, 1.884, 315.4
63.85, 1.885, 316.2
63.86, 1.886, 316.6
63.87, 1.887, 319.4
63.88, 1.888, 320.3
63.89, 1.889, 319.2
63.90, 1.890, 321.8
63.91, 1.891, 324.9
63.92, 1.892, 325.7
63.93, 1.893, 325.9
63.94, 1.894, 326.1
63.95, 1.895, 328.6
63.96, 1.896, 332.2
63.97, 1.897, 329.1
63.98, 1.898, 333.0
63.99, 1.899, 335.0
64.00, 1.900, 335.9
64.01, 1.901, 336.9
64.02, 1.902, 339.3
64.03, 1.903, 340.6
64.04, 1.904, 341.8
64.05, 1.905, 345.4
64.06, 1.906, 344.0
64.07, 1.907, 346.6
64.08, 1.908, 348.7
64.09, 1.909, 349.6
64.10, 1.910, 349.6
64.11, 1.911, 353.7
64.12, 1.912, 354.2
64.13, 1.913, 354.1
64.14, 1.914, 356.3
64.15, 1.915, 357.1
64.16, 1.916, 359.8
64.17, 1.917, 363.3
64.18, 1.918, 364.0
64.19, 1.919, 366.7
64.20, 1.920, 368.2
64.21, 1.921, 369.1
64.22, 1.922, 371.1
64.23, 1.923, 373.3
64.24, 1.924, 374.5
64.25, 1.925, 376.2
64.26, 1.926, 378.1
64.27, 1.927, 380.0
64.28, 1.928, 381.6
64.29, 1.929, 383.1
64.30, 1.930, 383.8
64.31, 1.931, 385.8
64.32, 1.932, 387.5
64.33, 1.933, 389.7
64.34, 1.934, 392.0
64.35, 1.935, 391.7
64.36, 1.936, 393.7
64.37, 1.937, 397.3
64.38, 1.938, 395.9
64.39, 1.939, 397.7
64.40, 1.940, 399.7
64.41, 1.941, 400.7
64.42, 1.942, 402.5
64.43, 1.943, 405.6
64.44, 1.944, 404.9
64.45, 1.945, 408.2
64.46, 1.946, 409.7
64.47, 1.947, 411.7
64.48, 1.948, 412.5
64.49, 1.949, 414.6
64.50, 1.950, 414.9
64.51, 1.951, 417.9
64.52, 1.952, 418.2
64.53, 1.953, 419.8
64.54, 1.954, 422.9
64.55, 1.955, 423.5
64.56, 1.956, 426.1
64.57, 1.957, 426.9
64.58, 1.958, 428.9
64.59, 1.959, 429.8
64.60, 1.960, 430.2
64.61, 1.961, 433.9
64.62, 1.962, 436.3
64.63, 1.963, 437.9
64.64, 1.964, 440.4
64.65, 1.965, 440.2
64.66, 1.966, 441.8
64.67, 1.967, 444.4
64.68, 1.968, 446.9
64.69, 1.969, 447.6
64.70, 1.970, 448.9
64.71, 1.971, 451.3
64.72, 1.972, 453.1
64.73, 1.973, 453.9
64.74, 1.974, 455.7
64.75, 1.975, 457.6
64.76, 1.976, 460.0
64.77, 1.977, 460.2
64.78, 1.978, 462.2
64.79, 1.979, 463.7
64.80, 1.980, 463.4
64.81, 1.981, 466.8
64.82, 1.982, 467.3
64.83, 1.983, 468.4
64.84, 1.984, 469.2
64.85, 1.985, 468.9
64.86, 1.986, 469.0
64.87, 1.987, 470.6
64.88, 1.988, 470.0
64.89, 1.989, 470.0
64.90, 1.990, 471.7
64.91, 1.991, 470.4
64.92, 1.992, 471.1
64.93, 1.993, 472.3
64.94, 1.994, 470.7
64.95, 1.995, 473.3
64.96, 1.996, 472.4
64.97, 1.997, 473.0
64.98, 1.998, 472.6
64.99, 1.999, 474.4
65.00, 2.000, 475.2
65.01, 1.999, 473.9
65.02, 1.998, 475.2
65.03, 1.997, 475.1
65.04, 1.996, 475.3
65.05, 1.995, 474.5
65.06, 1.994, 476.3
65.07, 1.993, 475.9
65.08, 1.992, 476.4
65.09, 1.991, 477.2
65.10, 1.990, 475.2
65.11, 1.989, 477.3
65.12, 1.988, 476.8
65.13, 1.987, 477.0
65.14, 1.986, 477.7
65.15, 1.985, 477.6
65.16, 1.984, 478.9
65.17, 1.983, 478.5
65.18, 1.982, 479.5
65.19, 1.981, 478.5
65.20, 1.980, 478.1
65.21, 1.979, 477.0
65.22, 1.978, 474.0
65.23, 1.977, 475.4
65.24, 1.976, 473.7
65.25, 1.975, 473.4
65.26, 1.974, 470.9
65.27, 1.973, 469.9
65.28, 1.972, 471.4
65.29, 1.971, 468.7
65.30, 1.970, 468.0
65.31, 1.969, 466.1
65.32, 1.968, 463.9
65.33, 1.967, 462.5
65.34, 1.966, 463.5
65.35, 1.965, 463.9
65.36, 1.964, 461.2
65.37, 1.963, 460.2
65.38, 1.962, 457.2
65.39, 1.961, 456.5
65.40, 1.960, 455.9
65.41, 1.959, 455.7
65.42, 1.958, 453.7
65.43, 1.957, 453.1
65.44, 1.956, 451.5
65.45, 1.955, 450.6
65.46, 1.954, 450.0
65.47, 1.953, 447.4
65.48, 1.952, 447.2
65.49, 1.951, 446.5
65.50, 1.950, 443.4
65.51, 1.949, 444.2
65.52, 1.948, 442.3
65.53, 1.947, 442.2
65.54, 1.946, 440.4
65.55, 1.945, 439.2
65.56, 1.944, 436.8
65.57, 1.943, 435.0
65.58, 1.942, 434.3
65.59, 1.941, 434.2
65.60, 1.940, 432.1
65.61, 1.939, 432.0
65.62, 1.938, 431.7
65.63, 1.937, 431.8
65.64, 1.936, 427.6
65.65, 1.935, 427.9
65.66, 1.934, 427.1
65.67, 1.933, 427.9
65.68, 1.932, 427.1
65.69, 1.931, 423.0
65.70, 1.930, 422.8
65.71, 1.929, 419.5
65.72, 1.928, 420.5
65.73, 1.927, 418.3
65.74, 1.926, 417.9
65.75, 1.925, 417.0
65.76, 1.924, 415.5
65.77, 1.923, 416.2
65.78, 1.922, 413.8
65.79, 1.921, 412.1
65.80, 1.920, 412.4
65.81, 1.919, 409.7
65.82, 1.918, 408.2
65.83, 1.917, 409.5
65.84, 1.916, 407.3
65.85, 1.915, 406.7
65.86, 1.914, 403.7
65.87, 1.913, 402.0
65.88, 1.912, 399.9
65.89, 1.911, 401.9
65.90, 1.910, 398.4
65.91, 1.909, 397.8
65.92, 1.908, 396.1
65.93, 1.907, 396.8
65.94, 1.906, 393.8
65.95, 1.905, 393.9
65.96, 1.904, 391.9
65.97, 1.903, 391.3
65.98, 1.902, 389.6
65.99, 1.901, 390.0
66.00, 1.900, 388.2
66.01, 1.899, 386.5
66.02, 1.898, 386.2
66.03, 1.897, 384.8
66.04, 1.896, 384.3
66.05, 1.895, 381.3
66.06, 1.894, 381.9
66.07, 1.893, 379.1
66.08, 1.892, 379.9
66.09, 1.891, 378.9
66.10, 1.890, 377.0
66.11, 1.889, 374.7
66.12, 1.888, 373.3
66.13, 1.887, 372.2
66.14, 1.886, 372.0
66.15, 1.885, 371.9
66.16, 1.884, 370.2
66.17, 1.883, 369.2
66.18, 1.882, 366.9
66.19, 1.881, 366.9
66.20, 1.880, 364.9
66.21, 1.879, 363.5
66.22, 1.878, 363.9
66.23, 1.877, 362.6
66.24, 1.876, 361.2
66.25, 1.875, 360.1
66.26, 1.874, 358.8
66.27, 1.873, 356.9
66.28, 1.872, 356.9
66.29, 1.871, 356.9
66.30, 1.870, 354.1
66.31, 1.869, 353.6
66.32, 1.868, 352.0
66.33, 1.867, 350.4
66.34, 1.866, 348.3
66.35, 1.865, 347.3
66.36, 1.864, 346.6
66.37, 1.863, 346.8
66.38, 1.862, 346.2
66.39, 1.861, 345.3
66.40, 1.860, 342.0
66.41, 1.859, 341.8
66.42, 1.858, 341.9
66.43, 1.857, 339.2
66.44, 1.856, 339.9
66.45, 1.855, 338.3
66.46, 1.854, 338.1
66.47, 1.853, 336.0
66.48, 1.852, 333.2
66.49, 1.851, 334.0
66.50, 1.850, 331.4
66.51, 1.849, 330.0
66.52, 1.848, 329.2
66.53, 1.847, 330.2
66.54, 1.846, 328.2
66.55, 1.845, 328.1
66.56, 1.844, 325.6
66.57, 1.843, 325.4
66.58, 1.842, 323.1
66.59, 1.841, 323.3
66.60, 1.840, 321.1
66.61, 1.839, 318.9
66.62, 1.838, 319.8
66.63, 1.837, 319.1
66.64, 1.836, 319.7
66.65, 1.835, 316.5
66.66, 1.834, 314.0
66.67, 1.833, 314.6
66.68, 1.832, 313.5
66.69, 1.831, 313.2
66.70, 1.830, 309.9
66.71, 1.829, 308.2
66.72, 1.828, 308.4
66.73, 1.827, 308.4
66.74, 1.826, 307.4
66.75, 1.825, 304.7
66.76, 1.824, 303.3
66.77, 1.823, 303.9
66.78, 1.822, 302.5
66.79, 1.821, 301.3
66.80, 1.820, 298.6
66.81, 1.819, 299.3
66.82, 1.818, 298.7
66.83, 1.817, 296.5
66.84, 1.816, 295.8
66.85, 1.815, 293.5
66.86, 1.814, 292.6
66.87, 1.813, 292.3
66.88, 1.812, 290.7
66.89, 1.811, 291.0
66.90, 1.810, 288.7
66.91, 1.809, 289.0
66.92, 1.808, 287.9
66.93, 1.807, 288.0
66.94, 1.806, 285.4
66.95, 1.805, 283.0
66.96, 1.804, 281.9
66.97, 1.803, 282.1
66.98, 1.802, 280.7
66.99, 1.801, 279.1
67.00, 1.800, 279.0
67.01, 1.799, 279.0
67.02, 1.798, 276.9
67.03, 1.797, 275.9
67.04, 1.796, 274.4
67.05, 1.795, 274.1
67.06, 1.794, 272.2
67.07, 1.793, 270.7
67.08, 1.792, 270.4
67.09, 1.791, 269.8
67.10, 1.790, 269.5
67.11, 1.789, 267.7
67.12, 1.788, 267.8
67.13, 1.787, 266.7
67.14, 1.786, 264.2
67.15, 1.785, 262.5
67.16, 1.784, 261.5
67.17, 1.783, 260.8
67.18, 1.782, 260.8
67.19, 1.781, 259.2
67.20, 1.780, 258.3
67.21, 1.779, 256.6
67.22, 1.778, 256.6
67.23, 1.777, 254.2
67.24, 1.776, 252.5
67.25, 1.775, 251.8
67.26, 1.774, 251.2
67.27, 1.773, 249.0
67.28, 1.772, 248.1
67.29, 1.771, 247.1
67.30, 1.770, 247.0
67.31, 1.769, 245.1
67.32, 1.768, 244.9
67.33, 1.767, 243.4
67.34, 1.766, 242.3
67.35, 1.765, 240.9
67.36, 1.764, 239.9
67.37, 1.763, 238.5
67.38, 1.762, 238.3
67.39, 1.761, 237.8
67.40, 1.760, 238.0
67.41, 1.759, 236.2
67.42, 1.758, 234.2
67.43, 1.757, 232.5
67.44, 1.756, 232.0
67.45, 1.755, 231.4
67.46, 1.754, 229.2
67.47, 1.753, 230.1
67.48, 1.752, 228.9
67.49, 1.751, 226.8
67.50, 1.750, 228.8
67.51, 1.749, 227.2
67.52, 1.748, 228.6
67.53, 1.747, 225.2
67.54, 1.746, 223.3
67.55, 1.745, 222.5
67.56, 1.744, 220.8
67.57, 1.743, 223.4
67.58, 1.742, 218.8
67.59, 1.741, 219.0
67.60, 1.740, 216.1
67.61, 1.739, 216.6
67.62, 1.738, 213.8
67.63, 1.737, 212.7
67.64, 1.736, 212.6
67.65, 1.735, 210.4
67.66, 1.734, 210.8
67.67, 1.733, 209.2
67.68, 1.732, 210.1
67.69, 1.731, 208.8
67.70, 1.730, 206.2
67.71, 1.729, 206.5
67.72, 1.728, 205.1
67.73, 1.727, 203.3
67.74, 1.726, 202.0
67.75, 1.725, 203.5
67.76, 1.724, 202.2
67.77, 1.723, 202.0
67.78, 1.722, 198.8
67.79, 1.721, 197.4
67.80, 1.720, 195.4
67.81, 1.719, 197.2
67.82, 1.718, 198.0
67.83, 1.717, 193.4
67.84, 1.716, 194.9
67.85, 1.715, 192.7
67.86, 1.714, 192.8
67.87, 1.713, 192.2
67.88, 1.712, 190.4
67.89, 1.711, 189.2
67.90, 1.710, 187.7
67.91, 1.709, 187.8
67.92, 1.708, 187.6
67.93, 1.707, 186.1
67.94, 1.706, 186.6
67.95, 1.705, 183.2
67.96, 1.704, 182.7
67.97, 1.703, 183.0
67.98, 1.702, 182.9
67.99, 1.701, 178.5
68.00, 1.700, 179.3
68.01, 1.699, 177.9
68.02, 1.698, 177.3
68.03, 1.697, 175.9
68.04, 1.696, 174.8
68.05, 1.695, 173.6
68.06, 1.694, 171.9
68.07, 1.693, 168.9
68.08, 1.692, 172.2
68.09, 1.691, 169.8
68.10, 1.690, 169.8
68.11, 1.689, 167.7
68.12, 1.688, 170.3
68.13, 1.687, 166.5
68.14, 1.686, 166.8
68.15, 1.685, 164.2
68.16, 1.684, 165.7
68.17, 1.683, 164.8
68.18, 1.682, 162.3
68.19, 1.681, 162.6
68.20, 1.680, 162.4
68.21, 1.679, 163.1
68.22, 1.678, 160.0
68.23, 1.677, 158.6
68.24, 1.676, 158.6
68.25, 1.675, 156.6
68.26, 1.674, 156.8
68.27, 1.673, 156.5
68.28, 1.672, 157.1
68.29, 1.671, 153.4
68.30, 1.670, 153.2
68.31, 1.669, 153.4
68.32, 1.668, 151.9
68.33, 1.667, 151.5
68.34, 1.666, 148.7
68.35, 1.665, 148.3
68.36, 1.664, 148.9
68.37, 1.663, 149.1
68.38, 1.662, 147.5
68.39, 1.661, 147.7
68.40, 1.660, 145.8
68.41, 1.659, 142.7
68.42, 1.658, 140.6
68.43, 1.657, 142.3
68.44, 1.656, 140.9
68.45, 1.655, 141.0
68.46, 1.654, 139.8
68.47, 1.653, 139.9
68.48, 1.652, 138.7
68.49, 1.651, 135.3
68.50, 1.650, 134.0
68.51, 1.649, 135.9
68.52, 1.648, 134.9
68.53, 1.647, 134.3
68.54, 1.646, 132.3
68.55, 1.645, 131.7
68.56, 1.644, 130.2
68.57, 1.643, 130.2
68.58, 1.642, 130.9
68.59, 1.641, 131.6
68.60, 1.640, 129.0
68.61, 1.639, 129.2
68.62, 1.638, 127.2
68.63, 1.637, 126.7
68.64, 1.636, 127.1
68.65, 1.635, 125.0
68.66, 1.634, 124.3
68.67, 1.633, 122.8
68.68, 1.632, 123.6
68.69, 1.631, 124.3
68.70, 1.630, 121.0
68.71, 1.629, 120.6
68.72, 1.628, 120.0
68.73, 1.627, 117.8
68.74, 1.626, 119.5
68.75, 1.625, 117.4
68.76, 1.624, 117.5
68.77, 1.623, 118.8
68.78, 1.622, 114.3
68.79, 1.621, 115.6
68.80, 1.620, 114.7
68.81, 1.619, 114.9
68.82, 1.618, 113.4
68.83, 1.617, 112.6
68.84, 1.616, 111.8
68.85, 1.615, 110.4
68.86, 1.614, 112.1
68.87, 1.613, 109.6
68.88, 1.612, 108.1
68.89, 1.611, 106.4
68.90, 1.610, 107.5
68.91, 1.609, 107.6
68.92, 1.608, 105.9
68.93, 1.607, 107.0
68.94, 1.606, 105.2
68.95, 1.605, 105.1
68.96, 1.604, 105.8
68.97, 1.603, 103.3
68.98, 1.602, 101.2
68.99, 1.601, 102.0
69.00, 1.600, 99.77
69.01, 1.599, 100.1
69.02, 1.598, 100.9
69.03, 1.597, 100.1
69.04, 1.596, 98.41
69.05, 1.595, 97.91
69.06, 1.594, 98.21
69.07, 1.593, 96.06
69.08, 1.592, 98.16
69.09, 1.591, 97.38
69.10, 1.590, 96.31
69.11, 1.589, 95.93
69.12, 1.588, 94.42
69.13, 1.587, 95.48
69.14, 1.586, 92.92
69.15, 1.585, 91.39
69.16, 1.584, 90.92
69.17, 1.583, 91.30
69.18, 1.582, 92.42
69.19, 1.581, 92.80
69.20, 1.580, 89.69
69.21, 1.579, 89.02
69.22, 1.578, 88.62
69.23, 1.577, 89.31
69.24, 1.576, 87.84
69.25, 1.575, 86.12
69.26, 1.574, 86.86
69.27, 1.573, 86.73
69.28, 1.572, 84.61
69.29, 1.571, 81.92
69.30, 1.570, 83.39
69.31, 1.569, 81.83
69.32, 1.568, 84.20
69.33, 1.567, 81.79
69.34, 1.566, 80.13
69.35, 1.565, 82.07
69.36, 1.564, 80.35
69.37, 1.563, 81.41
69.38, 1.562, 79.66
69.39, 1.561, 78.04
69.40, 1.560, 78.24
69.41, 1.559, 78.75
69.42, 1.558, 79.06
69.43, 1.557, 77.73
69.44, 1.556, 77.44
69.45, 1.555, 75.60
69.46, 1.554, 74.55
69.47, 1.553, 74.56
69.48, 1.552, 74.09
69.49, 1.551, 75.75
69.50, 1.550, 73.61
69.51, 1.549, 73.54
69.52, 1.548, 73.30
69.53, 1.547, 71.85
69.54, 1.546, 71.55
69.55, 1.545, 71.58
69.56, 1.544, 71.59
69.57, 1.543, 73.18
69.58, 1.542, 69.83
69.59, 1.541, 70.71
69.60, 1.540, 68.57
69.61, 1.539, 69.21
69.62, 1.538, 68.87
69.63, 1.537, 68.85
69.64, 1.536, 67.51
69.65, 1.535, 67.51
69.66, 1.534, 64.99
69.67, 1.533, 65.81
69.68, 1.532, 64.25
69.69, 1.531, 63.53
69.70, 1.530, 63.03
69.71, 1.529, 63.00
69.72, 1.528, 63.24
69.73, 1.527, 64.93
69.74, 1.526, 63.00
69.75, 1.525, 60.69
69.76, 1.524, 60.90
69.77, 1.523, 62.43
69.78, 1.522, 61.09
69.79, 1.521, 61.10
69.80, 1.520, 59.61
69.81, 1.519, 58.92
69.82, 1.518, 59.80
69.83, 1.517, 59.91
69.84, 1.516, 57.57
69.85, 1.515, 57.38
69.86, 1.514, 57.81
69.87, 1.513, 55.98
69.88, 1.512, 57.43
69.89, 1.511, 57.32
69.90, 1.510, 57.22
69.91, 1.509, 53.74
69.92, 1.508, 56.08
69.93, 1.507, 55.41
69.94, 1.506, 58.25
69.95, 1.505, 54.68
69.96, 1.504, 54.61
69.97, 1.503, 53.68
69.98, 1.502, 53.54
69.99, 1.501, 50.91
70.00, 1.500, 55.15
70.01, 1.499, 52.71
70.02, 1.498, 54.51
70.03, 1.497, 52.94
70.04, 1.496, 52.01
70.05, 1.495, 50.67
70.06, 1.494, 49.98
70.07, 1.493, 50.30
70.08, 1.492, 52.11
70.09, 1.491, 50.05
70.10, 1.490, 49.93
70.11, 1.489, 48.44
70.12, 1.488, 46.91
70.13, 1.487, 46.75
70.14, 1.486, 46.62
70.15, 1.485, 46.09
70.16, 1.484, 47.02
70.17, 1.483, 47.90
70.18, 1.482, 44.53
70.19, 1.481, 47.50
70.20, 1.480, 45.14
70.21, 1.479, 45.59
70.22, 1.478, 44.75
70.23, 1.477, 44.44
70.24, 1.476, 42.06
70.25, 1.475, 44.13
70.26, 1.474, 44.48
70.27, 1.473, 45.56
70.28, 1.472, 42.90
70.29, 1.471, 43.31
70.30, 1.470, 41.36
70.31, 1.469, 42.01
70.32, 1.468, 43.03
70.33, 1.467, 41.40
70.34, 1.466, 42.27
70.35, 1.465, 40.84
70.36, 1.464, 39.48
70.37, 1.463, 40.09
70.38, 1.462, 39.63
70.39, 1.461, 40.28
70.40, 1.460, 40.06
70.41, 1.459, 38.34
70.42, 1.458, 40.12
70.43, 1.457, 39.58
70.44, 1.456, 37.60
70.45, 1.455, 40.08
70.46, 1.454, 38.49
70.47, 1.453, 37.95
70.48, 1.452, 38.03
70.49, 1.451, 37.73
70.50, 1.450, 37.88
70.51, 1.449, 36.41
70.52, 1.448, 36.43
70.53, 1.447, 35.61
70.54, 1.446, 34.72
70.55, 1.445, 34.42
70.56, 1.444, 34.24
70.57, 1.443, 32.52
70.58, 1.442, 33.12
70.59, 1.441, 34.29
70.60, 1.440, 33.12
70.61, 1.439, 32.82
70.62, 1.438, 35.71
70.63, 1.437, 31.92
70.64, 1.436, 31.33
70.65, 1.435, 32.64
70.66, 1.434, 32.42
70.67, 1.433, 32.03
70.68, 1.432, 33.21
70.69, 1.431, 33.08
70.70, 1.430, 31.24
70.71, 1.429, 32.68
70.72, 1.428, 32.14
70.73, 1.427, 28.60
70.74, 1.426, 32.14
70.75, 1.425, 30.66
70.76, 1.424, 30.25
70.77, 1.423, 29.14
70.78, 1.422, 29.76
70.79, 1.421, 28.96
70.80, 1.420, 28.94
70.81, 1.419, 28.45
70.82, 1.418, 32.39
70.83, 1.417, 28.15
70.84, 1.416, 28.54
70.85, 1.415, 28.41
70.86, 1.414, 29.46
70.87, 1.413, 29.46
70.88, 1.412, 27.50
70.89, 1.411, 28.11
70.90, 1.410, 27.04
70.91, 1.409, 28.14
70.92, 1.408, 29.07
70.93, 1.407, 26.45
70.94, 1.406, 27.40
70.95, 1.405, 25.71
70.96, 1.404, 25.01
70.97, 1.403, 23.82
70.98, 1.402, 25.13
70.99, 1.401, 25.30
71.00, 1.400, 24.28
71.01, 1.399, 25.72
71.02, 1.398, 23.66
71.03, 1.397, 24.61
71.04, 1.396, 23.28
71.05, 1.395, 24.02
71.06, 1.394, 22.65
71.07, 1.393, 22.85
71.08, 1.392, 24.60
71.09, 1.391, 21.90
71.10, 1.390, 23.39
71.11, 1.389, 24.37
71.12, 1.388, 22.33
71.13, 1.387, 22.99
71.14, 1.386, 22.46
71.15, 1.385, 22.46
71.16, 1.384, 21.32
71.17, 1.383, 23.12
71.18, 1.382, 22.14
71.19, 1.381, 21.39
71.20, 1.380, 24.54
71.21, 1.379, 22.77
71.22, 1.378, 21.97
71.23, 1.377, 21.76
71.24, 1.376, 19.87
71.25, 1.375, 22.60
71.26, 1.374, 20.45
71.27, 1.373, 22.09
71.28, 1.372, 20.83
71.29, 1.371, 21.59
71.30, 1.370, 21.39
71.31, 1.369, 20.77
71.32, 1.368, 20.75
71.33, 1.367, 20.02
71.34, 1.366, 19.61
71.35, 1.365, 19.70
71.36, 1.364, 20.67
71.37, 1.363, 19.00
71.38, 1.362, 20.22
71.39, 1.361, 19.70
71.40, 1.360, 19.01
71.41, 1.359, 17.99
71.42, 1.358, 20.01
71.43, 1.357, 17.50
71.44, 1.356, 18.43
71.45, 1.355, 19.00
71.46, 1.354, 18.33
71.47, 1.353, 18.62
71.48, 1.352, 17.11
71.49, 1.351, 16.14
71.50, 1.350, 19.16
71.51, 1.349, 18.57
71.52, 1.348, 18.19
71.53, 1.347, 18.50
71.54, 1.346, 18.46
71.55, 1.345, 16.41
71.56, 1.344, 17.04
71.57, 1.343, 17.28
71.58, 1.342, 16.82
71.59, 1.341, 17.53
71.60, 1.340, 17.25
71.61, 1.339, 17.97
71.62, 1.338, 17.75
71.63, 1.337, 19.47
71.64, 1.336, 16.90
71.65, 1.335, 15.70
71.66, 1.334, 16.47
71.67, 1.333, 15.93
71.68, 1.332, 15.85
71.69, 1.331, 17.11
71.70, 1.330, 17.25
71.71, 1.329, 16.04
71.72, 1.328, 15.85
71.73, 1.327, 16.19
71.74, 1.326, 14.75
71.75, 1.325, 16.52
71.76, 1.324, 16.04
71.77, 1.323, 15.49
71.78, 1.322, 15.98
71.79, 1.321, 15.97
71.80, 1.320, 14.15
71.81, 1.319, 14.15
71.82, 1.318, 13.28
71.83, 1.317, 12.82
71.84, 1.316, 14.44
71.85, 1.315, 14.43
71.86, 1.314, 16.21
71.87, 1.313, 15.14
71.88, 1.312, 14.67
71.89, 1.311, 15.30
71.90, 1.310, 14.23
71.91, 1.309, 13.35
71.92, 1.308, 16.01
71.93, 1.307, 14.81
71.94, 1.306, 11.99
71.95, 1.305, 13.19
71.96, 1.304, 13.35
71.97, 1.303, 14.27
71.98, 1.302, 15.35
71.99, 1.301, 15.87
72.00, 1.300, 12.97
72.01, 1.299, 13.58
72.02, 1.298, 13.63
72.03, 1.297, 12.56
72.04, 1.296, 12.79
72.05, 1.295, 12.44
72.06, 1.294, 13.40
72.07, 1.293, 14.06
72.08, 1.292, 13.94
72.09, 1.291, 11.94
72.10, 1.290, 13.86
72.11, 1.289, 12.64
72.12, 1.288, 12.78
72.13, 1.287, 12.90
72.14, 1.286, 12.93
72.15, 1.285, 13.51
72.16, 1.284, 12.71
72.17, 1.283, 13.03
72.18, 1.282, 11.07
72.19, 1.281, 10.61
72.20, 1.280, 11.83
72.21, 1.279, 12.93
72.22, 1.278, 10.54
72.23, 1.277, 10.79
72.24, 1.276, 10.90
72.25, 1.275, 11.31
72.26, 1.274, 11.37
72.27, 1.273, 10.38
72.28, 1.272, 10.66
72.29, 1.271, 12.65
72.30, 1.270, 10.85
72.31, 1.269, 11.02
72.32, 1.268, 12.00
72.33, 1.267, 10.65
72.34, 1.266, 12.82
72.35, 1.265, 11.03
72.36, 1.264, 9.727
72.37, 1.263, 10.77
72.38, 1.262, 10.30
72.39, 1.261, 10.49
72.40, 1.260, 12.51
72.41, 1.259, 10.58
72.42, 1.258, 9.871
72.43, 1.257, 10.95
72.44, 1.256, 10.22
72.45, 1.255, 10.58
72.46, 1.254, 10.83
72.47, 1.253, 11.83
72.48, 1.252, 11.43
72.49, 1.251, 9.999
72.50, 1.250, 10.86
72.51, 1.249, 10.91
72.52, 1.248, 9.787
72.53, 1.247, 12.16
72.54, 1.246, 10.30
72.55, 1.245, 10.18
72.56, 1.244, 11.17
72.57, 1.243, 12.29
72.58, 1.242, 10.92
72.59, 1.241, 11.49
72.60, 1.240, 10.02
72.61, 1.239, 10.20
72.62, 1.238, 9.067
72.63, 1.237, 8.211
72.64, 1.236, 8.385
72.65, 1.235, 9.214
72.66, 1.234, 9.376
72.67, 1.233, 9.299
72.68, 1.232, 7.964
72.69, 1.231, 6.617
72.70, 1.230, 7.671
72.71, 1.229, 6.911
72.72, 1.228, 7.934
72.73, 1.227, 8.628
72.74, 1.226, 9.384
72.75, 1.225, 6.482
72.76, 1.224, 7.439
72.77, 1.223, 7.541
72.78, 1.222, 8.769
72.79, 1.221, 7.092
72.80, 1.220, 8.605
72.81, 1.219, 8.752
72.82, 1.218, 8.334
72.83, 1.217, 8.767
72.84, 1.216, 8.346
72.85, 1.215, 8.204
72.86, 1.214, 6.447
72.87, 1.213, 8.039
72.88, 1.212, 7.904
72.89, 1.211, 7.706
72.90, 1.210, 8.060
72.91, 1.209, 6.275
72.92, 1.208, 5.924
72.93, 1.207, 9.795
72.94, 1.206, 8.520
72.95, 1.205, 7.155
72.96, 1.204, 8.000
72.97, 1.203, 7.041
72.98, 1.202, 5.915
72.99, 1.201, 8.181
73.00, 1.200, 9.221
73.01, 1.199, 8.080
73.02, 1.198, 7.387
73.03, 1.197, 6.894
73.04, 1.196, 2.888
73.05, 1.195, 7.889
73.06, 1.194, 5.494
73.07, 1.193, 6.335
73.08, 1.192, 7.848
73.09, 1.191, 6.502
73.10, 1.190, 5.513
73.11, 1.189, 5.733
73.12, 1.188, 5.671
73.13, 1.187, 6.341
73.14, 1.186, 5.875
73.15, 1.185, 6.193
73.16, 1.184, 5.800
73.17, 1.183, 5.633
73.18, 1.182, 7.944
73.19, 1.181, 4.730
73.20, 1.180, 5.503
73.21, 1.179, 6.948
73.22, 1.178, 5.815
73.23, 1.177, 5.916
73.24, 1.176, 4.218
73.25, 1.175, 4.993
73.26, 1.174, 6.114
73.27, 1.173, 5.099
73.28, 1.172, 3.594
73.29, 1.171, 3.584
73.30, 1.170, 5.932
73.31, 1.169, 5.413
73.32, 1.168, 6.500
73.33, 1.167, 4.808
73.34, 1.166, 5.306
73.35, 1.165, 2.752
73.36, 1.164, 5.328
73.37, 1.163, 4.622
73.38, 1.162, 5.209
73.39, 1.161, 4.435
73.40, 1.160, 5.491
73.41, 1.159, 5.024
73.42, 1.158, 3.070
73.43, 1.157, 3.751
73.44, 1.156, 4.760
73.45, 1.155, 5.849
73.46, 1.154, 3.908
73.47, 1.153, 4.155
73.48, 1.152, 3.608
73.49, 1.151, 2.938
73.50, 1.150, 0.06917
73.51, 1.149, 0.1782
73.52, 1.148, 2.740
73.53, 1.147, 5.293
73.54, 1.146, 3.205
73.55, 1.145, 2.888
73.56, 1.144, 3.791
73.57, 1.143, 1.968
73.58, 1.142, 3.715
73.59, 1.141, 2.282
73.60, 1.140, 3.507
73.61, 1.139, 4.005
73.62, 1.138, 3.987
73.63, 1.137, 5.013
73.64, 1.136, 1.733
73.65, 1.135, 4.242
73.66, 1.134, 2.622
73.67, 1.133, 1.977
73.68, 1.132, 4.164
73.69, 1.131, 3.915
73.70, 1.130, 3.221
73.71, 1.129, 2.175
73.72, 1.128, 2.505
73.73, 1.127, 2.381
73.74, 1.126, 2.964
73.75, 1.125, 2.995
73.76, 1.124, 4.237
73.77, 1.123, 4.957
73.78, 1.122, 2.057
73.79, 1.121, 2.734
73.80, 1.120, 3.699
73.81, 1.119, 3.589
73.82, 1.118, 1.314
73.83, 1.117, 2.618
73.84, 1.116, 0.2075
73.85, 1.115, 3.020
73.86, 1.114, 2.972
73.87, 1.113, 3.903
73.88, 1.112, 3.229
73.89, 1.111, 1.333
73.90, 1.110, 1.392
73.91, 1.109, 1.285
73.92, 1.108, 0.6338
73.93, 1.107, 1.632
73.94, 1.106, 0.7019
73.95, 1.105, 0.8853
73.96, 1.104, 1.757
73.97, 1.103, 2.620
73.98, 1.102, 2.241
73.99, 1.101, 1.486
74.00, 1.100, 0.6415
74.01, 1.099, 2.325
74.02, 1.098, 0.6205
74.03, 1.097, 3.800
74.04, 1.096, 4.094
74.05, 1.095, 3.744
74.06, 1.094, 0.5285
74.07, 1.093, 1.229
74.08, 1.092, 0.7588
74.09, 1.091, 2.215
74.10, 1.090, 2.833
74.11, 1.089, 3.262
74.12, 1.088, 2.774
74.13, 1.087, 1.282
74.14, 1.086, 1.488
74.15, 1.085, 1.425
74.16, 1.084, 1.656
74.17, 1.083, 2.360
74.18, 1.082, 2.288
74.19, 1.081, 0.8862
74.20, 1.080, 1.723
74.21, 1.079, 1.393
74.22, 1.078, 1.119
74.23, 1.077, 1.093
74.24, 1.076, 1.317
74.25, 1.075, 1.106
74.26, 1.074, 1.060
74.27, 1.073, 1.937
74.28, 1.072, 2.842
74.29, 1.071, 2.638
74.30, 1.070, 1.650
74.31, 1.069, -0.08979
74.32, 1.068, 1.088
74.33, 1.067, 1.506
74.34, 1.066, 1.111
74.35, 1.065, -0.7285
74.36, 1.064, -1.123
74.37, 1.063, 1.112
74.38, 1.062, 2.098
74.39, 1.061, -1.009
74.40, 1.060, 0.5863
74.41, 1.059, 1.264
74.42, 1.058, -0.3297
74.43, 1.057, -0.02379
74.44, 1.056, 0.04382
74.45, 1.055, -0.8176
74.46, 1.054, 0.4892
74.47, 1.053, 1.263
74.48, 1.052, 1.801
74.49, 1.051, 0.7486
74.50, 1.050, 0.06326
74.51, 1.049, -1.712
74.52, 1.048, -2.500
74.53, 1.047, 1.985
74.54, 1.046, 0.6800
74.55, 1.045, 0.8223
74.56, 1.044, 0.5042
74.57, 1.043, 0.5018
74.58, 1.042, 2.212
74.59, 1.041, -0.5612
74.60, 1.040, -0.7925
74.61, 1.039, -0.02443
74.62, 1.038, -0.5235
74.63, 1.037, 0.9162
74.64, 1.036, 0.9311
74.65, 1.035, 2.298
74.66, 1.034, -0.1616
74.67, 1.033, 1.648
74.68, 1.032, 0.9003
74.69, 1.031, -1.448
74.70, 1.030, 0.9660
74.71, 1.029, 0.6252
74.72, 1.028, 0.6179
74.73, 1.027, 1.327
74.74, 1.026, -0.4052
74.75, 1.025, -0.4916
74.76, 1.024, 1.276
74.77, 1.023, -2.706
74.78, 1.022, -1.472
74.79, 1.021, -1.457
74.80, 1.020, 1.337
74.81, 1.019, -1.973
74.82, 1.018, -0.9845
74.83, 1.017, -1.278
74.84, 1.016, -1.930
74.85, 1.015, -2.867
74.86, 1.014, -0.4710
74.87, 1.013, -1.572
74.88, 1.012, 0.5643
74.89, 1.011, 0.04541
74.90, 1.010, -0.3431
74.91, 1.009, 2.204
74.92, 1.008, -0.4368
74.93, 1.007, 0.02273
74.94, 1.006, -0.5164
74.95, 1.005, 1.454
74.96, 1.004, -0.3618
74.97, 1.003, -3.468
74.98, 1.002, 0.1529
74.99, 1.001, 0.09069
75.00, 1.000, 3.141
75.01, 0.9990, 0.3760
75.02, 0.9980, -0.9564
75.03, 0.9970, -1.254
75.04, 0.9960, -0.6337
75.05, 0.9950, -1.085
75.06, 0.9940, 0.5917
75.07, 0.9930, -1.690
75.08, 0.9920, -1.232
75.09, 0.9910, -0.1054
75.10, 0.9900, 0.6277
75.11, 0.9890, -0.4136
75.12, 0.9880, -0.9554
75.13, 0.9870, -1.954
75.14, 0.9860, -1.689
75.15, 0.9850, -1.169
75.16, 0.9840, -1.855
75.17, 0.9830, -0.3394
75.18, 0.9820, 0.1439
75.19, 0.9810, -2.283
75.20, 0.9800, -2.257
75.21, 0.9790, 0.3235
75.22, 0.9780, -2.355
75.23, 0.9770, -3.264
75.24, 0.9760, -0.2262
75.25, 0.9750, -1.720
75.26, 0.9740, -3.313
75.27, 0.9730, -0.9222
75.28, 0.9720, -1.039
75.29, 0.9710, -1.435
75.30, 0.9700, -2.079
75.31, 0.9690, 1.179
75.32, 0.9680, 0.8375
75.33, 0.9670, -1.308
75.34, 0.9660, -2.012
75.35, 0.9650, -1.261
75.36, 0.9640, -3.348
75.37, 0.9630, -1.054
75.38, 0.9620, -2.228
75.39, 0.9610, -0.5999
75.40, 0.9600, -0.4934
75.41, 0.9590, -0.8607
75.42, 0.9580, -1.365
75.43, 0.9570, -0.4899
75.44, 0.9560, -1.293
75.45, 0.9550, -0.5912
75.46, 0.9540, -0.3371
75.47, 0.9530, -2.200
75.48, 0.9520, -1.534
75.49, 0.9510, -1.844
75.50, 0.9500, -0.9879
75.51, 0.9490, 0.6783
75.52, 0.9480, -1.976
75.53, 0.9470, -1.775
75.54, 0.9460, -2.314
75.55, 0.9450, -1.197
75.56, 0.9440, -0.8665
75.57, 0.9430, -2.600
75.58, 0.9420, 0.3777
75.59, 0.9410, -2.397
75.60, 0.9400, -2.484
75.61, 0.9390, -1.983
75.62, 0.9380, -2.393
75.63, 0.9370, -0.7455
75.64, 0.9360, -1.327
75.65, 0.9350, -3.356
75.66, 0.9340, -2.833
75.67, 0.9330, -3.410
75.68, 0.9320, -3.358
75.69, 0.9310, -2.772
75.70, 0.9300, -2.158
75.71, 0.9290, -4.614
75.72, 0.9280, -1.435
75.73, 0.9270, -1.848
75.74, 0.9260, -1.835
75.75, 0.9250, -1.663
75.76, 0.9240, -1.650
75.77, 0.9230, 0.3190
75.78, 0.9220, -2.858
75.79, 0.9210, -2.697
75.80, 0.9200, -3.483
75.81, 0.9190, -1.166
75.82, 0.9180, -0.2869
75.83, 0.9170, 0.3380
75.84, 0.9160, -1.810
75.85, 0.9150, -2.838
75.86, 0.9140, -4.474
75.87, 0.9130, -1.413
75.88, 0.9120, -3.488
75.89, 0.9110, -2.177
75.90, 0.9100, -0.5500
75.91, 0.9090, -1.879
75.92, 0.9080, -2.646
75.93, 0.9070, -3.868
75.94, 0.9060, -2.229
75.95, 0.9050, -1.860
75.96, 0.9040, -2.817
75.97, 0.9030, -2.642
75.98, 0.9020, -3.463
75.99, 0.9010, -1.707
76.00, 0.9000, -2.762
76.01, 0.8990, -3.229
76.02, 0.8980, -3.251
76.03, 0.8970, -3.406
76.04, 0.8960, -3.769
76.05, 0.8950, -2.426
76.06, 0.8940, -3.117
76.07, 0.8930, -2.475
76.08, 0.8920, -0.7454
76.09, 0.8910, -3.088
76.10, 0.8900, -4.382
76.11, 0.8890, -2.255
76.12, 0.8880, -2.639
76.13, 0.8870, -3.740
76.14, 0.8860, -0.8467
76.15, 0.8850, -3.762
76.16, 0.8840, -3.897
76.17, 0.8830, -3.461
76.18, 0.8820, -1.595
76.19, 0.8810, -2.834
76.20, 0.8800, -3.763
76.21, 0.8790, -3.051
76.22, 0.8780, -3.144
76.23, 0.8770, -3.927
76.24, 0.8760, -3.411
76.25, 0.8750, -3.319
76.26, 0.8740, -1.785
76.27, 0.8730, -4.170
76.28, 0.8720, -1.182
76.29, 0.8710, 0.005967
76.30, 0.8700, -2.886
76.31, 0.8690, -4.267
76.32, 0.8680, -3.939
76.33, 0.8670, -2.299
76.34, 0.8660, -4.892
76.35, 0.8650, -1.925
76.36, 0.8640, -2.926
76.37, 0.8630, -2.709
76.38, 0.8620, -2.888
76.39, 0.8610, -3.430
76.40, 0.8600, -3.109
76.41, 0.8590, -4.326
76.42, 0.8580, -3.444
76.43, 0.8570, -2.812
76.44, 0.8560, -2.833
76.45, 0.8550, -3.828
76.46, 0.8540, -5.345
76.47, 0.8530, -3.375
76.48, 0.8520, -3.950
76.49, 0.8510, -4.345
76.50, 0.8500, -4.741
76.51, 0.8490, -4.195
76.52, 0.8480, -3.770
76.53, 0.8470, -4.363
76.54, 0.8460, -2.810
76.55, 0.8450, -3.763
76.56, 0.8440, -3.658
76.57, 0.8430, -1.494
76.58, 0.8420, -3.347
76.59, 0.8410, -3.955
76.60, 0.8400, -3.474
76.61, 0.8390, -4.377
76.62, 0.8380, -3.316
76.63, 0.8370, -2.601
76.64, 0.8360, -0.7689
76.65, 0.8350, -2.335
76.66, 0.8340, -4.208
76.67, 0.8330, -4.055
76.68, 0.8320, -4.917
76.69, 0.8310, -3.201
76.70, 0.8300, -3.025
76.71, 0.8290, -2.505
76.72, 0.8280, -3.404
76.73, 0.8270, -4.426
76.74, 0.8260, -4.278
76.75, 0.8250, -3.580
76.76, 0.8240, -2.054
76.77, 0.8230, -1.606
76.78, 0.8220, -0.9580
76.79, 0.8210, -4.992
76.80, 0.8200, -2.316
76.81, 0.8190, -2.104
76.82, 0.8180, 0.07343
76.83, 0.8170, -4.342
76.84, 0.8160, -3.450
76.85, 0.8150, -3.061
76.86, 0.8140, -2.164
76.87, 0.8130, -4.417
76.88, 0.8120, -4.960
76.89, 0.8110, -5.224
76.90, 0.8100, -3.625
76.91, 0.8090, -3.007
76.92, 0.8080, -3.855
76.93, 0.8070, -2.504
76.94, 0.8060, -4.660
76.95, 0.8050, -4.268
76.96, 0.8040, -2.218
76.97, 0.8030, -4.161
76.98, 0.8020, -3.673
76.99, 0.8010, -4.743
77.00, 0.8000, -4.055
77.01, 0.7990, -3.464
77.02, 0.7980, -3.765
77.03, 0.7970, -4.342
77.04, 0.7960, -3.007
77.05, 0.7950, -3.917
77.06, 0.7940, -4.005
77.07, 0.7930, -3.607
77.08, 0.7920, -2.447
77.09, 0.7910, -5.045
77.10, 0.7900, -5.329
77.11, 0.7890, -2.769
77.12, 0.7880, -3.094
77.13, 0.7870, -2.927
77.14, 0.7860, -5.343
77.15, 0.7850, -4.834
77.16, 0.7840, -2.681
77.17, 0.7830, -3.883
77.18, 0.7820, -3.800
77.19, 0.7810, -4.332
77.20, 0.7800, -1.008
77.21, 0.7790, -3.975
77.22, 0.7780, -2.718
77.23, 0.7770, -4.604
77.24, 0.7760, -5.067
77.25, 0.7750, -2.891
77.26, 0.7740, -3.684
77.27, 0.7730, -5.286
77.28, 0.7720, -4.149
77.29, 0.7710, -5.014
77.30, 0.7700, -5.314
77.31, 0.7690, -4.420
77.32, 0.7680, -4.677
77.33, 0.7670, -5.304
77.34, 0.7660, -4.399
77.35, 0.7650, -5.249
77.36, 0.7640, -5.627
77.37, 0.7630, -4.811
77.38, 0.7620, -5.322
77.39, 0.7610, -3.791
77.40, 0.7600, -3.438
77.41, 0.7590, -4.561
77.42, 0.7580, -4.534
77.43, 0.7570, -6.112
77.44, 0.7560, -4.516
77.45, 0.7550, -4.839
77.46, 0.7540, -3.777
77.47, 0.7530, -3.906
77.48, 0.7520, -4.907
77.49, 0.7510, -2.259
77.50, 0.7500, -3.379
77.51, 0.7490, -2.797
77.52, 0.7480, -2.931
77.53, 0.7470, -4.539
77.54, 0.7460, -3.362
77.55, 0.7450, -4.090
77.56, 0.7440, -6.108
77.57, 0.7430, -5.063
77.58, 0.7420, -5.193
77.59, 0.7410, -4.488
77.60, 0.7400, -1.834
77.61, 0.7390, -0.8831
77.62, 0.7380, -3.040
77.63, 0.7370, -4.152
77.64, 0.7360, -5.135
77.65, 0.7350, -5.794
77.66, 0.7340, -2.599
77.67, 0.7330, -4.279
77.68, 0.7320, -5.239
77.69, 0.7310, -4.268
77.70, 0.7300, -4.300
77.71, 0.7290, -5.369
77.72, 0.7280, -5.887
77.73, 0.7270, -5.554
77.74, 0.7260, -6.257
77.75, 0.7250, -4.871
77.76, 0.7240, -5.600
77.77, 0.7230, -4.200
77.78, 0.7220, -3.551
77.79, 0.7210, -4.161
77.80, 0.7200, -5.191
77.81, 0.7190, -4.846
77.82, 0.7180, -5.160
77.83, 0.7170, -4.648
77.84, 0.7160, -4.922
77.85, 0.7150, -3.644
77.86, 0.7140, -5.001
77.87, 0.7130, -4.212
77.88, 0.7120, -4.648
77.89, 0.7110, -4.755
77.90, 0.7100, -3.464
77.91, 0.7090, -5.004
77.92, 0.7080, -4.695
77.93, 0.7070, -5.939
77.94, 0.7060, -4.989
77.95, 0.7050, -4.513
77.96, 0.7040, -4.425
77.97, 0.7030, -4.081
77.98, 0.7020, -3.848
77.99, 0.7010, -5.026
78.00, 0.7000, -5.233
78.01, 0.6990, -4.131
78.02, 0.6980, -5.902
78.03, 0.6970, -3.486
78.04, 0.6960, -2.939
78.05, 0.6950, -4.913
78.06, 0.6940, -4.610
78.07, 0.6930, -5.093
78.08, 0.6920, -5.782
78.09, 0.6910, -6.856
78.10, 0.6900, -5.059
78.11, 0.6890, -5.705
78.12, 0.6880, -5.557
78.13, 0.6870, -5.027
78.14, 0.6860, -5.459
78.15, 0.6850, -5.909
78.16, 0.6840, -3.464
78.17, 0.6830, -4.523
78.18, 0.6820, -4.600
78.19, 0.6810, -6.058
78.20, 0.6800, -6.205
78.21, 0.6790, -5.234
78.22, 0.6780, -4.789
78.23, 0.6770, -5.270
78.24, 0.6760, -6.751
78.25, 0.6750, -2.729
78.26, 0.6740, -4.436
78.27, 0.6730, -5.694
78.28, 0.6720, -5.446
78.29, 0.6710, -6.071
78.30, 0.6700, -5.944
78.31, 0.6690, -5.195
78.32, 0.6680, -3.626
78.33, 0.6670, -5.272
78.34, 0.6660, -2.710
78.35, 0.6650, -5.265
78.36, 0.6640, -5.238
78.37, 0.6630, -5.442
78.38, 0.6620, -5.017
78.39, 0.6610, -4.788
78.40, 0.6600, -4.252
78.41, 0.6590, -5.403
78.42, 0.6580, -4.732
78.43, 0.6570, -5.603
78.44, 0.6560, -4.507
78.45, 0.6550, -6.082
78.46, 0.6540, -3.690
78.47, 0.6530, -5.129
78.48, 0.6520, -5.107
78.49, 0.6510, -6.171
78.50, 0.6500, -4.686
78.51, 0.6490, -6.588
78.52, 0.6480, -4.925
78.53, 0.6470, -6.325
78.54, 0.6460, -5.547
78.55, 0.6450, -5.250
78.56, 0.6440, -5.572
78.57, 0.6430, -6.208
78.58, 0.6420, -7.793
78.59, 0.6410, -4.698
78.60, 0.6400, -5.803
78.61, 0.6390, -6.494
78.62, 0.6380, -7.380
78.63, 0.6370, -6.255
78.64, 0.6360, -5.012
78.65, 0.6350, -5.778
78.66, 0.6340, -5.420
78.67, 0.6330, -5.846
78.68, 0.6320, -5.237
78.69, 0.6310, -6.498
78.70, 0.6300, -3.712
78.71, 0.6290, -4.499
78.72, 0.6280, -5.666
78.73, 0.6270, -4.591
78.74, 0.6260, -7.220
78.75, 0.6250, -4.599
78.76, 0.6240, -5.012
78.77, 0.6230, -5.926
78.78, 0.6220, -4.477
78.79, 0.6210, -5.338
78.80, 0.6200, -6.614
78.81, 0.6190, -5.335
78.82, 0.6180, -5.359
78.83, 0.6170, -5.123
78.84, 0.6160, -5.033
78.85, 0.6150, -5.888
78.86, 0.6140, -5.115
78.87, 0.6130, -6.429
78.88, 0.6120, -5.736
78.89, 0.6110, -5.608
78.90, 0.6100, -4.152
78.91, 0.6090, -7.160
78.92, 0.6080, -6.717
78.93, 0.6070, -4.461
78.94, 0.6060, -7.551
78.95, 0.6050, -6.822
78.96, 0.6040, -7.333
78.97, 0.6030, -6.134
78.98, 0.6020, -8.015
78.99, 0.6010, -5.161
79.00, 0.6000, -4.246
79.01, 0.5990, -7.290
79.02, 0.5980, -6.291
79.03, 0.5970, -6.332
79.04, 0.5960, -7.348
79.05, 0.5950, -4.617
79.06, 0.5940, -5.399
79.07, 0.5930, -6.266
79.08, 0.5920, -5.532
79.09, 0.5910, -6.385
79.10, 0.5900, -6.508
79.11, 0.5890, -6.815
79.12, 0.5880, -5.257
79.13, 0.5870, -6.169
79.14, 0.5860, -4.702
79.15, 0.5850, -6.796
79.16, 0.5840, -5.611
79.17, 0.5830, -4.915
79.18, 0.5820, -5.338
79.19, 0.5810, -6.139
79.20, 0.5800, -5.778
79.21, 0.5790, -6.090
79.22, 0.5780, -5.551
79.23, 0.5770, -4.374
79.24, 0.5760, -3.142
79.25, 0.5750, -6.461
79.26, 0.5740, -5.583
79.27, 0.5730, -6.769
79.28, 0.5720, -7.152
79.29, 0.5710, -5.965
79.30, 0.5700, -5.666
79.31, 0.5690, -5.845
79.32, 0.5680, -5.900
79.33, 0.5670, -7.246
79.34, 0.5660, -6.151
79.35, 0.5650, -4.798
79.36, 0.5640, -5.093
79.37, 0.5630, -5.750
79.38, 0.5620, -7.355
79.39, 0.5610, -6.576
79.40, 0.5600, -7.677
79.41, 0.5590, -7.228
79.42, 0.5580, -8.121
79.43, 0.5570, -5.220
79.44, 0.5560, -7.053
79.45, 0.5550, -6.273
79.46, 0.5540, -7.632
79.47, 0.5530, -6.364
79.48, 0.5520, -4.184
79.49, 0.5510, -6.032
79.50, 0.5500, -6.493
79.51, 0.5490, -6.973
79.52, 0.5480, -6.958
79.53, 0.5470, -6.664
79.54, 0.5460, -6.386
79.55, 0.5450, -6.845
79.56, 0.5440, -6.156
79.57, 0.5430, -4.324
79.58, 0.5420, -4.884
79.59, 0.5410, -5.493
79.60, 0.5400, -8.150
79.61, 0.5390, -6.447
79.62, 0.5380, -6.140
79.63, 0.5370, -6.847
79.64, 0.5360, -5.784
79.65, 0.5350, -5.033
79.66, 0.5340, -5.458
79.67, 0.5330, -4.885
79.68, 0.5320, -5.400
79.69, 0.5310, -5.583
79.70, 0.5300, -5.841
79.71, 0.5290, -5.585
79.72, 0.5280, -6.939
79.73, 0.5270, -6.466
79.74, 0.5260, -7.229
79.75, 0.5250, -7.146
79.76, 0.5240, -7.451
79.77, 0.5230, -7.221
79.78, 0.5220, -8.145
79.79, 0.5210, -7.366
79.80, 0.5200, -7.313
79.81, 0.5190, -6.592
79.82, 0.5180, -6.952
79.83, 0.5170, -6.905
79.84, 0.5160, -5.949
79.85, 0.5150, -7.083
79.86, 0.5140, -7.508
79.87, 0.5130, -6.617
79.88, 0.5120, -6.357
79.89, 0.5110, -5.705
79.90, 0.5100, -7.553
79.91, 0.5090, -8.067
79.92, 0.5080, -7.256
79.93, 0.5070, -6.615
79.94, 0.5060, -6.876
79.95, 0.5050, -8.059
79.96, 0.5040, -7.167
79.97, 0.5030, -7.286
79.98, 0.5020, -7.372
79.99, 0.5010, -6.086
80.00, 0.5000, -6.798
80.01, 0.4990, -6.759
80.02, 0.4980, -6.520
80.03, 0.4970, -6.547
80.04, 0.4960, -5.719
80.05, 0.4950, -6.739
80.06, 0.4940, -6.614
80.07, 0.4930, -7.254
80.08, 0.4920, -6.795
80.09, 0.4910, -6.761
80.10, 0.4900, -6.625
80.11, 0.4890, -5.651
80.12, 0.4880, -6.311
80.13, 0.4870, -6.787
80.14, 0.4860, -6.898
80.15, 0.4850, -7.568
80.16, 0.4840, -6.022
80.17, 0.4830, -5.835
80.18, 0.4820, -8.070
80.19, 0.4810, -7.328
80.20, 0.4800, -6.760
80.21, 0.4790, -7.210
80.22, 0.4780, -8.028
80.23, 0.4770, -8.464
80.24, 0.4760, -7.416
80.25, 0.4750, -6.995
80.26, 0.4740, -7.490
80.27, 0.4730, -7.049
80.28, 0.4720, -7.478
80.29, 0.4710, -7.744
80.30, 0.4700, -8.978
80.31, 0.4690, -7.040
80.32, 0.4680, -6.073
80.33, 0.4670, -7.062
80.34, 0.4660, -7.492
80.35, 0.4650, -7.439
80.36, 0.4640, -6.862
80.37, 0.4630, -7.314
80.38, 0.4620, -7.492
80.39, 0.4610, -6.255
80.40, 0.4600, -6.670
80.41, 0.4590, -8.450
80.42, 0.4580, -7.473
80.43, 0.4570, -7.454
80.44, 0.4560, -6.771
80.45, 0.4550, -5.750
80.46, 0.4540, -6.241
80.47, 0.4530, -5.896
80.48, 0.4520, -7.488
80.49, 0.4510, -7.902
80.50, 0.4500, -8.632
80.51, 0.4490, -6.582
80.52, 0.4480, -6.844
80.53, 0.4470, -6.879
80.54, 0.4460, -6.616
80.55, 0.4450, -7.390
80.56, 0.4440, -6.923
80.57, 0.4430, -6.614
80.58, 0.4420, -8.289
80.59, 0.4410, -5.842
80.60, 0.4400, -6.555
80.61, 0.4390, -8.615
80.62, 0.4380, -8.022
80.63, 0.4370, -8.135
80.64, 0.4360, -8.234
80.65, 0.4350, -8.030
80.66, 0.4340, -6.104
80.67, 0.4330, -8.228
80.68, 0.4320, -8.645
80.69, 0.4310, -8.370
80.70, 0.4300, -8.990
80.71, 0.4290, -7.920
80.72, 0.4280, -8.493
80.73, 0.4270, -8.328
80.74, 0.4260, -7.229
80.75, 0.4250, -8.197
80.76, 0.4240, -7.098
80.77, 0.4230, -9.330
80.78, 0.4220, -7.870
80.79, 0.4210, -7.467
80.80, 0.4200, -7.429
80.81, 0.4190, -8.288
80.82, 0.4180, -7.884
80.83, 0.4170, -7.605
80.84, 0.4160, -6.510
80.85, 0.4150, -7.862
80.86, 0.4140, -6.877
80.87, 0.4130, -5.395
80.88, 0.4120, -6.920
80.89, 0.4110, -7.558
80.90, 0.4100, -6.569
80.91, 0.4090, -8.055
80.92, 0.4080, -6.611
80.93, 0.4070, -6.782
80.94, 0.4060, -8.619
80.95, 0.4050, -8.391
80.96, 0.4040, -7.770
80.97, 0.4030, -7.341
80.98, 0.4020, -7.377
80.99, 0.4010, -7.259
81.00, 0.4000, -7.408
81.01, 0.3990, -7.914
81.02, 0.3980, -9.093
81.03, 0.3970, -7.464
81.04, 0.3960, -8.093
81.05, 0.3950, -9.203
81.06, 0.3940, -8.456
81.07, 0.3930, -8.837
81.08, 0.3920, -5.923
81.09, 0.3910, -8.223
81.10, 0.3900, -9.457
81.11, 0.3890, -9.446
81.12, 0.3880, -7.975
81.13, 0.3870, -8.235
81.14, 0.3860, -9.744
81.15, 0.3850, -10.47
81.16, 0.3840, -10.41
81.17, 0.3830, -6.552
81.18, 0.3820, -8.085
81.19, 0.3810, -8.344
81.20, 0.3800, -10.24
81.21, 0.3790, -7.619
81.22, 0.3780, -8.002
81.23, 0.3770, -8.097
81.24, 0.3760, -8.517
81.25, 0.3750, -7.093
81.26, 0.3740, -8.303
81.27, 0.3730, -8.520
81.28, 0.3720, -8.396
81.29, 0.3710, -8.991
81.30, 0.3700, -6.939
81.31, 0.3690, -7.874
81.32, 0.3680, -6.491
81.33, 0.3670, -8.563
81.34, 0.3660, -9.008
81.35, 0.3650, -8.226
81.36, 0.3640, -8.644
81.37, 0.3630, -8.307
81.38, 0.3620, -8.337
81.39, 0.3610, -8.447
81.40, 0.3600, -8.070
81.41, 0.3590, -7.943
81.42, 0.3580, -8.727
81.43, 0.3570, -7.189
81.44, 0.3560, -7.877
81.45, 0.3550, -10.06
81.46, 0.3540, -6.439
81.47, 0.3530, -9.937
81.48, 0.3520, -9.443
81.49, 0.3510, -9.714
81.50, 0.3500, -8.653
81.51, 0.3490, -10.49
81.52, 0.3480, -8.212
81.53, 0.3470, -8.906
81.54, 0.3460, -10.34
81.55, 0.3450, -8.801
81.56, 0.3440, -7.799
81.57, 0.3430, -9.769
81.58, 0.3420, -9.467
81.59, 0.3410, -8.777
81.60, 0.3400, -8.822
81.61, 0.3390, -9.068
81.62, 0.3380, -9.544
81.63, 0.3370, -9.754
81.64, 0.3360, -9.091
81.65, 0.3350, -9.409
81.66, 0.3340, -6.980
81.67, 0.3330, -8.645
81.68, 0.3320, -8.000
81.69, 0.3310, -8.406
81.70, 0.3300, -8.369
81.71, 0.3290, -9.089
81.72, 0.3280, -9.127
81.73, 0.3270, -8.775
81.74, 0.3260, -8.364
81.75, 0.3250, -8.817
81.76, 0.3240, -9.851
81.77, 0.3230, -9.913
81.78, 0.3220, -9.022
81.79, 0.3210, -9.148
81.80, 0.3200, -8.613
81.81, 0.3190, -9.124
81.82, 0.3180, -9.952
81.83, 0.3170, -9.003
81.84, 0.3160, -9.413
81.85, 0.3150, -9.351
81.86, 0.3140, -9.163
81.87, 0.3130, -10.28
81.88, 0.3120, -8.419
81.89, 0.3110, -10.13
81.90, 0.3100, -9.688
81.91, 0.3090, -10.21
81.92, 0.3080, -10.09
81.93, 0.3070, -10.41
81.94, 0.3060, -10.68
81.95, 0.3050, -9.406
81.96, 0.3040, -9.464
81.97, 0.3030, -10.18
81.98, 0.3020, -9.511
81.99, 0.3010, -9.824
82.00, 0.3000, -10.36
82.01, 0.2990, -9.627
82.02, 0.2980, -9.833
82.03, 0.2970, -10.75
82.04, 0.2960, -8.444
82.05, 0.2950, -9.827
82.06, 0.2940, -9.600
82.07, 0.2930, -10.55
82.08, 0.2920, -9.542
82.09, 0.2910, -9.090
82.10, 0.2900, -9.790
82.11, 0.2890, -8.319
82.12, 0.2880, -8.496
82.13, 0.2870, -8.329
82.14, 0.2860, -9.480
82.15, 0.2850, -9.878
82.16, 0.2840, -10.35
82.17, 0.2830, -11.15
82.18, 0.2820, -9.104
82.19, 0.2810, -8.809
82.20, 0.2800, -8.481
82.21, 0.2790, -9.404
82.22, 0.2780, -9.526
82.23, 0.2770, -8.586
82.24, 0.2760, -9.113
82.25, 0.2750, -8.814
82.26, 0.2740, -9.422
82.27, 0.2730, -11.20
82.28, 0.2720, -9.334
82.29, 0.2710, -7.918
82.30, 0.2700, -7.014
82.31, 0.2690, -8.914
82.32, 0.2680, -9.908
82.33, 0.2670, -10.19
82.34, 0.2660, -10.08
82.35, 0.2650, -11.97
82.36, 0.2640, -10.40
82.37, 0.2630, -11.07
82.38, 0.2620, -8.175
82.39, 0.2610, -10.48
82.40, 0.2600, -9.834
82.41, 0.2590, -10.78
82.42, 0.2580, -10.08
82.43, 0.2570, -11.25
82.44, 0.2560, -10.91
82.45, 0.2550, -10.75
82.46, 0.2540, -9.231
82.47, 0.2530, -9.797
82.48, 0.2520, -11.84
82.49, 0.2510, -10.33
82.50, 0.2500, -10.05
82.51, 0.2490, -11.99
82.52, 0.2480, -9.036
82.53, 0.2470, -10.41
82.54, 0.2460, -11.09
82.55, 0.2450, -7.250
82.56, 0.2440, -9.620
82.57, 0.2430, -11.08
82.58, 0.2420, -7.688
82.59, 0.2410, -10.19
82.60, 0.2400, -7.878
82.61, 0.2390, -9.162
82.62, 0.2380, -10.69
82.63, 0.2370, -10.14
82.64, 0.2360, -10.41
82.65, 0.2350, -10.71
82.66, 0.2340, -9.663
82.67, 0.2330, -8.344
82.68, 0.2320, -10.05
82.69, 0.2310, -10.92
82.70, 0.2300, -10.87
82.71, 0.2290, -10.68
82.72, 0.2280, -11.47
82.73, 0.2270, -10.49
82.74, 0.2260, -9.847
82.75, 0.2250, -10.51
82.76, 0.2240, -11.28
82.77, 0.2230, -9.836
82.78, 0.2220, -11.65
82.79, 0.2210, -11.23
82.80, 0.2200, -11.04
82.81, 0.2190, -10.65
82.82, 0.2180, -11.77
82.83, 0.2170, -11.49
82.84, 0.2160, -10.47
82.85, 0.2150, -11.11
82.86, 0.2140, -9.977
82.87, 0.2130, -10.68
82.88, 0.2120, -10.89
82.89, 0.2110, -10.44
82.90, 0.2100, -11.84
82.91, 0.2090, -9.779
82.92, 0.2080, -10.55
82.93, 0.2070, -9.670
82.94, 0.2060, -10.76
82.95, 0.2050, -9.993
82.96, 0.2040, -10.42
82.97, 0.2030, -11.03
82.98, 0.2020, -10.53
82.99, 0.2010, -10.53
83.00, 0.2000, -11.20
83.01, 0.1990, -10.64
83.02, 0.1980, -11.14
83.03, 0.1970, -11.63
83.04, 0.1960, -11.58
83.05, 0.1950, -10.93
83.06, 0.1940, -10.53
83.07, 0.1930, -11.63
83.08, 0.1920, -11.38
83.09, 0.1910, -11.55
83.10, 0.1900, -10.35
83.11, 0.1890, -10.95
83.12, 0.1880, -11.32
83.13, 0.1870, -10.74
83.14, 0.1860, -11.71
83.15, 0.1850, -10.78
83.16, 0.1840, -11.62
83.17, 0.1830, -10.72
83.18, 0.1820, -13.40
83.19, 0.1810, -9.568
83.20, 0.1800, -11.19
83.21, 0.1790, -12.86
83.22, 0.1780, -12.19
83.23, 0.1770, -12.81
83.24, 0.1760, -12.31
83.25, 0.1750, -13.20
83.26, 0.1740, -12.70
83.27, 0.1730, -11.21
83.28, 0.1720, -10.01
83.29, 0.1710, -12.15
83.30, 0.1700, -10.95
83.31, 0.1690, -15.22
83.32, 0.1680, -11.43
83.33, 0.1670, -11.25
83.34, 0.1660, -11.17
83.35, 0.1650, -10.68
83.36, 0.1640, -9.370
83.37, 0.1630, -12.70
83.38, 0.1620, -11.94
83.39, 0.1610, -11.30
83.40, 0.1600, -10.41
83.41, 0.1590, -9.890
83.42, 0.1580, -13.77
83.43, 0.1570, -11.74
83.44, 0.1560, -11.04
83.45, 0.1550, -11.68
83.46, 0.1540, -11.09
83.47, 0.1530, -9.342
83.48, 0.1520, -13.29
83.49, 0.1510, -11.62
83.50, 0.1500, -11.33
83.51, 0.1490, -12.65
83.52, 0.1480, -10.55
83.53, 0.1470, -9.164
83.54, 0.1460, -12.47
83.55, 0.1450, -11.78
83.56, 0.1440, -9.984
83.57, 0.1430, -12.93
83.58, 0.1420, -11.30
83.59, 0.1410, -13.59
83.60, 0.1400, -13.77
83.61, 0.1390, -12.79
83.62, 0.1380, -14.11
83.63, 0.1370, -11.82
83.64, 0.1360, -12.50
83.65, 0.1350, -13.58
83.66, 0.1340, -11.46
83.67, 0.1330, -12.61
83.68, 0.1320, -11.21
83.69, 0.1310, -12.92
83.70, 0.1300, -10.49
83.71, 0.1290, -11.94
83.72, 0.1280, -10.61
83.73, 0.1270, -12.59
83.74, 0.1260, -12.42
83.75, 0.1250, -10.48
83.76, 0.1240, -12.06
83.77, 0.1230, -10.77
83.78, 0.1220, -9.334
83.79, 0.1210, -12.61
83.80, 0.1200, -11.23
83.81, 0.1190, -12.22
83.82, 0.1180, -13.34
83.83, 0.1170, -11.90
83.84, 0.1160, -12.64
83.85, 0.1150, -12.02
83.86, 0.1140, -12.32
83.87, 0.1130, -12.75
83.88, 0.1120, -12.47
83.89, 0.1110, -11.81
83.90, 0.1100, -12.67
83.91, 0.1090, -10.73
83.92, 0.1080, -11.86
83.93, 0.1070, -11.34
83.94, 0.1060, -13.30
83.95, 0.1050, -12.57
83.96, 0.1040, -13.94
83.97, 0.1030, -11.65
83.98, 0.1020, -12.31
83.99, 0.1010, -13.52
84.00, 0.1000, -13.53
84.01, 0.09900, -12.11
84.02, 0.09800, -13.21
84.03, 0.09700, -12.75
84.04, 0.09600, -14.38
84.05, 0.09500, -13.89
84.06, 0.09400, -12.97
84.07, 0.09300, -13.49
84.08, 0.09200, -12.44
84.09, 0.09100, -11.76
84.10, 0.09000, -13.77
84.11, 0.08900, -13.78
84.12, 0.08800, -13.12
84.13, 0.08700, -12.42
84.14, 0.08600, -12.63
84.15, 0.08500, -11.71
84.16, 0.08400, -14.49
84.17, 0.08300, -13.24
84.18, 0.08200, -11.65
84.19, 0.08100, -13.40
84.20, 0.08000, -11.62
84.21, 0.07900, -9.323
84.22, 0.07800, -12.78
84.23, 0.07700, -12.80
84.24, 0.07600, -10.43
84.25, 0.07500, -12.96
84.26, 0.07400, -12.59
84.27, 0.07300, -10.11
84.28, 0.07200, -13.67
84.29, 0.07100, -12.56
84.30, 0.07000, -12.15
84.31, 0.06900, -12.68
84.32, 0.06800, -12.33
84.33, 0.06700, -11.89
84.34, 0.06600, -12.69
84.35, 0.06500, -13.24
84.36, 0.06400, -12.89
84.37, 0.06300, -13.18
84.38, 0.06200, -13.54
84.39, 0.06100, -13.11
84.40, 0.06000, -12.96
84.41, 0.05900, -11.20
84.42, 0.05800, -13.61
84.43, 0.05700, -13.95
84.44, 0.05600, -13.90
84.45, 0.05500, -15.10
84.46, 0.05400, -14.29
84.47, 0.05300, -13.63
84.48, 0.05200, -12.55
84.49, 0.05100, -13.27
84.50, 0.05000, -13.38
84.51, 0.04900, -13.73
84.52, 0.04800, -11.56
84.53, 0.04700, -13.40
84.54, 0.04600, -14.79
84.55, 0.04500, -12.76
84.56, 0.04400, -13.04
84.57, 0.04300, -12.13
84.58, 0.04200, -13.27
84.59, 0.04100, -13.53
84.60, 0.04000, -13.65
84.61, 0.03900, -12.56
84.62, 0.03800, -13.19
84.63, 0.03700, -13.54
84.64, 0.03600, -13.13
84.65, 0.03500, -13.62
84.66, 0.03400, -12.60
84.67, 0.03300, -14.00
84.68, 0.03200, -12.39
84.69, 0.03100, -13.25
84.70, 0.03000, -13.68
84.71, 0.02900, -13.23
84.72, 0.02800, -14.36
84.73, 0.02700, -13.75
84.74, 0.02600, -12.76
84.75, 0.02500, -13.12
84.76, 0.02400, -11.84
84.77, 0.02300, -12.89
84.78, 0.02200, -13.05
84.79, 0.02100, -13.12
84.80, 0.02000, -14.91
84.81, 0.01900, -13.37
84.82, 0.01800, -13.81
84.83, 0.01700, -12.48
84.84, 0.01600, -14.24
84.85, 0.01500, -13.99
84.86, 0.01400, -14.85
84.87, 0.01300, -14.86
84.88, 0.01200, -15.81
84.89, 0.01100, -14.98
84.90, 0.01000, -13.61
84.91, 0.009000, -14.51
84.92, 0.008000, -14.09
84.93, 0.007000, -15.61
84.94, 0.006000, -14.49
84.95, 0.005000, -14.61
84.96, 0.004000, -13.90
84.97, 0.003000, -14.00
84.98, 0.002000, -14.61
84.99, 0.001000, -14.60
85.00, 0.000, -13.35
