0.01000, -0.8000, -26.53
0.02000, -0.8000, -19.58
0.03000, -0.8000, -17.92
0.04000, -0.8000, -17.29
0.05000, -0.8000, -14.40
0.06000, -0.8000, -14.70
0.07000, -0.8000, -13.35
0.08000, -0.8000, -14.21
0.09000, -0.8000, -13.26
0.1000, -0.8000, -14.21
0.1100, -0.8000, -12.24
0.1200, -0.8000, -11.77
0.1300, -0.8000, -14.09
0.1400, -0.8000, -10.74
0.1500, -0.8000, -11.06
0.1600, -0.8000, -11.66
0.1700, -0.8000, -11.04
0.1800, -0.8000, -9.947
0.1900, -0.8000, -11.93
0.2000, -0.8000, -10.06
0.2100, -0.8000, -9.858
0.2200, -0.8000, -10.42
0.2300, -0.8000, -10.56
0.2400, -0.8000, -12.25
0.2500, -0.8000, -9.347
0.2600, -0.8000, -10.99
0.2700, -0.8000, -11.12
0.2800, -0.8000, -12.28
0.2900, -0.8000, -9.798
0.3000, -0.8000, -11.47
0.3100, -0.8000, -10.60
0.3200, -0.8000, -11.77
0.3300, -0.8000, -9.867
0.3400, -0.8000, -9.711
0.3500, -0.8000, -10.90
0.3600, -0.8000, -8.488
0.3700, -0.8000, -9.570
0.3800, -0.8000, -10.53
0.3900, -0.8000, -11.86
0.4000, -0.8000, -10.00
0.4100, -0.8000, -8.634
0.4200, -0.8000, -12.31
0.4300, -0.8000, -9.699
0.4400, -0.8000, -8.233
0.4500, -0.8000, -8.988
0.4600, -0.8000, -10.23
0.4700, -0.8000, -10.74
0.4800, -0.8000, -9.970
0.4900, -0.8000, -10.52
0.5000, -0.8000, -10.01
0.5100, -0.8000, -8.502
0.5200, -0.8000, -9.514
0.5300, -0.8000, -8.109
0.5400, -0.8000, -9.634
0.5500, -0.8000, -9.039
0.5600, -0.8000, -9.203
0.5700, -0.8000, -9.213
0.5800, -0.8000, -9.303
0.5900, -0.8000, -10.69
0.6000, -0.8000, -8.409
0.6100, -0.8000, -10.07
0.6200, -0.8000, -9.172
0.6300, -0.8000, -8.468
0.6400, -0.8000, -9.788
0.6500, -0.8000, -11.39
0.6600, -0.8000, -10.15
0.6700, -0.8000, -9.782
0.6800, -0.8000, -10.70
0.6900, -0.8000, -10.34
0.7000, -0.8000, -8.631
0.7100, -0.8000, -8.629
0.7200, -0.8000, -9.808
0.7300, -0.8000, -9.482
0.7400, -0.8000, -8.852
0.7500, -0.8000, -11.54
0.7600, -0.8000, -10.51
0.7700, -0.8000, -9.066
0.7800, -0.8000, -9.382
0.7900, -0.8000, -7.652
0.8000, -0.8000, -9.737
0.8100, -0.8000, -8.379
0.8200, -0.8000, -8.529
0.8300, -0.8000, -8.294
0.8400, -0.8000, -8.588
0.8500, -0.8000, -10.18
0.8600, -0.8000, -8.982
0.8700, -0.8000, -7.426
0.8800, -0.8000, -7.927
0.8900, -0.8000, -8.232
0.9000, -0.8000, -9.312
0.9100, -0.8000, -9.537
0.9200, -0.8000, -10.46
0.9300, -0.8000, -8.341
0.9400, -0.8000, -8.809
0.9500, -0.8000, -7.618
0.9600, -0.8000, -11.68
0.9700, -0.8000, -8.450
0.9800, -0.8000, -9.228
0.9900, -0.8000, -7.816
1.000, -0.8000, -9.886
1.010, -0.8000, -7.982
1.020, -0.8000, -10.47
1.030, -0.8000, -9.715
1.040, -0.8000, -10.93
1.050, -0.8000, -9.169
1.060, -0.8000, -9.190
1.070, -0.8000, -9.012
1.080, -0.8000, -8.869
1.090, -0.8000, -8.045
1.100, -0.8000, -7.972
1.110, -0.8000, -7.934
1.120, -0.8000, -9.023
1.130, -0.8000, -8.296
1.140, -0.8000, -10.21
1.150, -0.8000, -8.688
1.160, -0.8000, -8.153
1.170, -0.8000, -7.668
1.180, -0.8000, -8.938
1.190, -0.8000, -8.332
1.200, -0.8000, -9.026
1.210, -0.8000, -8.977
1.220, -0.8000, -7.972
1.230, -0.8000, -8.917
1.240, -0.8000, -9.071
1.250, -0.8000, -8.175
1.260, -0.8000, -8.080
1.270, -0.8000, -10.17
1.280, -0.8000, -8.823
1.290, -0.8000, -11.06
1.300, -0.8000, -8.739
1.310, -0.8000, -8.687
1.320, -0.8000, -9.361
1.330, -0.8000, -8.889
1.340, -0.8000, -10.62
1.350, -0.8000, -9.579
1.360, -0.8000, -8.337
1.370, -0.8000, -8.447
1.380, -0.8000, -9.107
1.390, -0.8000, -10.05
1.400, -0.8000, -6.993
1.410, -0.8000, -7.287
1.420, -0.8000, -6.579
1.430, -0.8000, -9.311
1.440, -0.8000, -7.635
1.450, -0.8000, -8.947
1.460, -0.8000, -9.699
1.470, -0.8000, -8.241
1.480, -0.8000, -7.422
1.490, -0.8000, -9.856
1.500, -0.8000, -7.624
1.510, -0.8000, -8.064
1.520, -0.8000, -9.221
1.530, -0.8000, -9.352
1.540, -0.8000, -9.999
1.550, -0.8000, -8.549
1.560, -0.8000, -7.216
1.570, -0.8000, -8.995
1.580, -0.8000, -8.974
1.590, -0.8000, -7.992
1.600, -0.8000, -7.013
1.610, -0.8000, -9.412
1.620, -0.8000, -8.437
1.630, -0.8000, -10.26
1.640, -0.8000, -7.414
1.650, -0.8000, -7.978
1.660, -0.8000, -11.34
1.670, -0.8000, -6.793
1.680, -0.8000, -9.757
1.690, -0.8000, -8.699
1.700, -0.8000, -9.587
1.710, -0.8000, -7.269
1.720, -0.8000, -8.620
1.730, -0.8000, -6.903
1.740, -0.8000, -8.644
1.750, -0.8000, -7.771
1.760, -0.8000, -8.733
1.770, -0.8000, -8.679
1.780, -0.8000, -8.446
1.790, -0.8000, -7.543
1.800, -0.8000, -8.071
1.810, -0.8000, -9.021
1.820, -0.8000, -11.14
1.830, -0.8000, -9.262
1.840, -0.8000, -8.847
1.850, -0.8000, -7.751
1.860, -0.8000, -9.380
1.870, -0.8000, -8.500
1.880, -0.8000, -9.943
1.890, -0.8000, -9.434
1.900, -0.8000, -8.708
1.910, -0.8000, -7.137
1.920, -0.8000, -8.259
1.930, -0.8000, -7.888
1.940, -0.8000, -9.374
1.950, -0.8000, -9.428
1.960, -0.8000, -7.927
1.970, -0.8000, -8.550
1.980, -0.8000, -9.067
1.990, -0.8000, -9.315
2.000, -0.8000, -8.257
2.010, -0.8000, -9.253
2.020, -0.8000, -7.629
2.030, -0.8000, -8.774
2.040, -0.8000, -7.531
2.050, -0.8000, -7.892
2.060, -0.8000, -7.692
2.070, -0.8000, -8.166
2.080, -0.8000, -7.612
2.090, -0.8000, -8.961
2.100, -0.8000, -8.349
2.110, -0.8000, -8.282
2.120, -0.8000, -8.327
2.130, -0.8000, -7.297
2.140, -0.8000, -7.890
2.150, -0.8000, -9.433
2.160, -0.8000, -9.219
2.170, -0.8000, -7.023
2.180, -0.8000, -7.830
2.190, -0.8000, -7.823
2.200, -0.8000, -7.109
2.210, -0.8000, -8.561
2.220, -0.8000, -6.874
2.230, -0.8000, -8.536
2.240, -0.8000, -8.614
2.250, -0.8000, -7.471
2.260, -0.8000, -7.587
2.270, -0.8000, -7.429
2.280, -0.8000, -7.376
2.290, -0.8000, -9.171
2.300, -0.8000, -8.528
2.310, -0.8000, -8.560
2.320, -0.8000, -7.123
2.330, -0.8000, -8.042
2.340, -0.8000, -8.680
2.350, -0.8000, -9.506
2.360, -0.8000, -8.412
2.370, -0.8000, -8.419
2.380, -0.8000, -7.751
2.390, -0.8000, -9.560
2.400, -0.8000, -6.863
2.410, -0.8000, -7.901
2.420, -0.8000, -7.644
2.430, -0.8000, -7.235
2.440, -0.8000, -8.125
2.450, -0.8000, -8.575
2.460, -0.8000, -9.205
2.470, -0.8000, -9.253
2.480, -0.8000, -8.102
2.490, -0.8000, -8.913
2.500, -0.8000, -8.967
2.510, -0.8000, -10.68
2.520, -0.8000, -7.268
2.530, -0.8000, -7.434
2.540, -0.8000, -7.999
2.550, -0.8000, -8.372
2.560, -0.8000, -6.569
2.570, -0.8000, -9.856
2.580, -0.8000, -8.051
2.590, -0.8000, -8.520
2.600, -0.8000, -9.876
2.610, -0.8000, -8.467
2.620, -0.8000, -7.663
2.630, -0.8000, -10.30
2.640, -0.8000, -11.24
2.650, -0.8000, -6.909
2.660, -0.8000, -9.063
2.670, -0.8000, -8.510
2.680, -0.8000, -8.850
2.690, -0.8000, -10.00
2.700, -0.8000, -8.390
2.710, -0.8000, -9.081
2.720, -0.8000, -8.441
2.730, -0.8000, -9.535
2.740, -0.8000, -7.519
2.750, -0.8000, -8.755
2.760, -0.8000, -8.007
2.770, -0.8000, -7.506
2.780, -0.8000, -8.806
2.790, -0.8000, -8.933
2.800, -0.8000, -8.745
2.810, -0.8000, -8.556
2.820, -0.8000, -7.408
2.830, -0.8000, -9.757
2.840, -0.8000, -6.605
2.850, -0.8000, -8.769
2.860, -0.8000, -9.720
2.870, -0.8000, -9.566
2.880, -0.8000, -10.08
2.890, -0.8000, -8.445
2.900, -0.8000, -7.915
2.910, -0.8000, -7.235
2.920, -0.8000, -9.656
2.930, -0.8000, -8.063
2.940, -0.8000, -8.038
2.950, -0.8000, -8.594
2.960, -0.8000, -7.514
2.970, -0.8000, -8.659
2.980, -0.8000, -8.844
2.990, -0.8000, -8.121
3.000, -0.8000, -9.814
3.010, -0.8000, -10.48
3.020, -0.8000, -9.154
3.030, -0.8000, -7.832
3.040, -0.8000, -8.035
3.050, -0.8000, -7.412
3.060, -0.8000, -7.798
3.070, -0.8000, -7.551
3.080, -0.8000, -7.490
3.090, -0.8000, -7.553
3.100, -0.8000, -8.200
3.110, -0.8000, -8.294
3.120, -0.8000, -9.512
3.130, -0.8000, -8.661
3.140, -0.8000, -8.617
3.150, -0.8000, -8.145
3.160, -0.8000, -8.881
3.170, -0.8000, -6.852
3.180, -0.8000, -9.752
3.190, -0.8000, -8.675
3.200, -0.8000, -8.527
3.210, -0.8000, -8.324
3.220, -0.8000, -7.809
3.230, -0.8000, -8.442
3.240, -0.8000, -8.497
3.250, -0.8000, -8.165
3.260, -0.8000, -7.892
3.270, -0.8000, -9.477
3.280, -0.8000, -9.388
3.290, -0.8000, -10.02
3.300, -0.8000, -7.535
3.310, -0.8000, -8.118
3.320, -0.8000, -9.618
3.330, -0.8000, -8.854
3.340, -0.8000, -6.588
3.350, -0.8000, -8.256
3.360, -0.8000, -8.976
3.370, -0.8000, -9.636
3.380, -0.8000, -7.997
3.390, -0.8000, -7.573
3.400, -0.8000, -8.865
3.410, -0.8000, -7.846
3.420, -0.8000, -10.68
3.430, -0.8000, -7.988
3.440, -0.8000, -8.734
3.450, -0.8000, -7.886
3.460, -0.8000, -8.181
3.470, -0.8000, -8.033
3.480, -0.8000, -7.000
3.490, -0.8000, -10.09
3.500, -0.8000, -9.481
3.510, -0.8000, -8.413
3.520, -0.8000, -10.28
3.530, -0.8000, -9.191
3.540, -0.8000, -9.410
3.550, -0.8000, -8.051
3.560, -0.8000, -7.643
3.570, -0.8000, -8.784
3.580, -0.8000, -8.531
3.590, -0.8000, -7.608
3.600, -0.8000, -8.949
3.610, -0.8000, -9.351
3.620, -0.8000, -10.02
3.630, -0.8000, -8.255
3.640, -0.8000, -7.796
3.650, -0.8000, -8.220
3.660, -0.8000, -8.912
3.670, -0.8000, -8.026
3.680, -0.8000, -9.208
3.690, -0.8000, -6.943
3.700, -0.8000, -6.481
3.710, -0.8000, -7.800
3.720, -0.8000, -6.512
3.730, -0.8000, -9.355
3.740, -0.8000, -7.532
3.750, -0.8000, -7.897
3.760, -0.8000, -8.800
3.770, -0.8000, -9.299
3.780, -0.8000, -7.680
3.790, -0.8000, -8.617
3.800, -0.8000, -8.379
3.810, -0.8000, -7.883
3.820, -0.8000, -7.544
3.830, -0.8000, -8.272
3.840, -0.8000, -8.815
3.850, -0.8000, -9.935
3.860, -0.8000, -8.159
3.870, -0.8000, -7.072
3.880, -0.8000, -8.669
3.890, -0.8000, -7.530
3.900, -0.8000, -8.448
3.910, -0.8000, -8.281
3.920, -0.8000, -8.223
3.930, -0.8000, -6.699
3.940, -0.8000, -7.955
3.950, -0.8000, -6.517
3.960, -0.8000, -8.114
3.970, -0.8000, -7.247
3.980, -0.8000, -8.668
3.990, -0.8000, -8.390
4.000, -0.8000, -7.746
4.010, -0.8000, -6.474
4.020, -0.8000, -9.568
4.030, -0.8000, -8.374
4.040, -0.8000, -9.080
4.050, -0.8000, -8.311
4.060, -0.8000, -8.823
4.070, -0.8000, -8.485
4.080, -0.8000, -9.061
4.090, -0.8000, -9.446
4.100, -0.8000, -8.829
4.110, -0.8000, -9.122
4.120, -0.8000, -7.196
4.130, -0.8000, -8.261
4.140, -0.8000, -7.756
4.150, -0.8000, -8.516
4.160, -0.8000, -7.292
4.170, -0.8000, -7.349
4.180, -0.8000, -7.764
4.190, -0.8000, -8.166
4.200, -0.8000, -8.357
4.210, -0.8000, -9.118
4.220, -0.8000, -7.548
4.230, -0.8000, -8.415
4.240, -0.8000, -8.178
4.250, -0.8000, -8.553
4.260, -0.8000, -9.130
4.270, -0.8000, -8.751
4.280, -0.8000, -9.714
4.290, -0.8000, -7.342
4.300, -0.8000, -6.415
4.310, -0.8000, -7.024
4.320, -0.8000, -9.199
4.330, -0.8000, -6.325
4.340, -0.8000, -6.976
4.350, -0.8000, -8.824
4.360, -0.8000, -8.071
4.370, -0.8000, -7.989
4.380, -0.8000, -8.892
4.390, -0.8000, -7.279
4.400, -0.8000, -6.403
4.410, -0.8000, -7.806
4.420, -0.8000, -7.469
4.430, -0.8000, -7.798
4.440, -0.8000, -6.829
4.450, -0.8000, -9.056
4.460, -0.8000, -7.332
4.470, -0.8000, -8.294
4.480, -0.8000, -8.809
4.490, -0.8000, -8.360
4.500, -0.8000, -8.146
4.510, -0.8000, -7.575
4.520, -0.8000, -7.377
4.530, -0.8000, -7.022
4.540, -0.8000, -7.827
4.550, -0.8000, -10.15
4.560, -0.8000, -7.504
4.570, -0.8000, -7.701
4.580, -0.8000, -7.260
4.590, -0.8000, -6.731
4.600, -0.8000, -8.297
4.610, -0.8000, -7.859
4.620, -0.8000, -7.720
4.630, -0.8000, -9.143
4.640, -0.8000, -9.091
4.650, -0.8000, -7.130
4.660, -0.8000, -8.986
4.670, -0.8000, -8.166
4.680, -0.8000, -8.045
4.690, -0.8000, -7.125
4.700, -0.8000, -9.260
4.710, -0.8000, -7.490
4.720, -0.8000, -8.468
4.730, -0.8000, -8.722
4.740, -0.8000, -7.806
4.750, -0.8000, -8.015
4.760, -0.8000, -9.602
4.770, -0.8000, -8.786
4.780, -0.8000, -8.290
4.790, -0.8000, -9.979
4.800, -0.8000, -9.101
4.810, -0.8000, -7.329
4.820, -0.8000, -9.137
4.830, -0.8000, -7.382
4.840, -0.8000, -8.294
4.850, -0.8000, -8.822
4.860, -0.8000, -8.489
4.870, -0.8000, -10.39
4.880, -0.8000, -8.443
4.890, -0.8000, -8.195
4.900, -0.8000, -7.332
4.910, -0.8000, -8.901
4.920, -0.8000, -7.728
4.930, -0.8000, -9.667
4.940, -0.8000, -8.056
4.950, -0.8000, -7.606
4.960, -0.8000, -7.947
4.970, -0.8000, -6.724
4.980, -0.8000, -7.942
4.990, -0.8000, -7.759
5.000, -0.8000, -8.861
5.010, -0.8000, -7.961
5.020, -0.8000, -9.830
5.030, -0.8000, -8.810
5.040, -0.8000, -6.958
5.050, -0.8000, -6.860
5.060, -0.8000, -7.187
5.070, -0.8000, -8.493
5.080, -0.8000, -8.628
5.090, -0.8000, -9.024
5.100, -0.8000, -9.124
5.110, -0.8000, -8.642
5.120, -0.8000, -7.646
5.130, -0.8000, -9.025
5.140, -0.8000, -7.584
5.150, -0.8000, -7.863
5.160, -0.8000, -7.230
5.170, -0.8000, -9.636
5.180, -0.8000, -10.26
5.190, -0.8000, -8.114
5.200, -0.8000, -7.288
5.210, -0.8000, -6.246
5.220, -0.8000, -8.109
5.230, -0.8000, -8.407
5.240, -0.8000, -7.638
5.250, -0.8000, -7.910
5.260, -0.8000, -7.836
5.270, -0.8000, -7.016
5.280, -0.8000, -8.144
5.290, -0.8000, -7.296
5.300, -0.8000, -8.600
5.310, -0.8000, -6.713
5.320, -0.8000, -8.800
5.330, -0.8000, -8.263
5.340, -0.8000, -8.775
5.350, -0.8000, -7.298
5.360, -0.8000, -8.292
5.370, -0.8000, -7.665
5.380, -0.8000, -8.420
5.390, -0.8000, -8.680
5.400, -0.8000, -7.591
5.410, -0.8000, -6.263
5.420, -0.8000, -9.092
5.430, -0.8000, -8.315
5.440, -0.8000, -8.782
5.450, -0.8000, -8.778
5.460, -0.8000, -7.378
5.470, -0.8000, -8.364
5.480, -0.8000, -6.959
5.490, -0.8000, -8.689
5.500, -0.8000, -7.715
5.510, -0.8000, -8.121
5.520, -0.8000, -8.130
5.530, -0.8000, -8.178
5.540, -0.8000, -7.608
5.550, -0.8000, -9.334
5.560, -0.8000, -8.277
5.570, -0.8000, -9.364
5.580, -0.8000, -8.179
5.590, -0.8000, -6.928
5.600, -0.8000, -8.032
5.610, -0.8000, -8.679
5.620, -0.8000, -7.625
5.630, -0.8000, -6.744
5.640, -0.8000, -7.835
5.650, -0.8000, -6.755
5.660, -0.8000, -7.223
5.670, -0.8000, -7.733
5.680, -0.8000, -8.716
5.690, -0.8000, -7.215
5.700, -0.8000, -7.803
5.710, -0.8000, -8.131
5.720, -0.8000, -7.818
5.730, -0.8000, -7.258
5.740, -0.8000, -8.730
5.750, -0.8000, -8.923
5.760, -0.8000, -8.922
5.770, -0.8000, -7.013
5.780, -0.8000, -7.944
5.790, -0.8000, -8.086
5.800, -0.8000, -8.605
5.810, -0.8000, -8.192
5.820, -0.8000, -8.234
5.830, -0.8000, -8.903
5.840, -0.8000, -7.203
5.850, -0.8000, -9.321
5.860, -0.8000, -8.616
5.870, -0.8000, -7.044
5.880, -0.8000, -8.712
5.890, -0.8000, -7.723
5.900, -0.8000, -7.755
5.910, -0.8000, -8.698
5.920, -0.8000, -7.376
5.930, -0.8000, -7.778
5.940, -0.8000, -9.091
5.950, -0.8000, -8.547
5.960, -0.8000, -9.282
5.970, -0.8000, -7.727
5.980, -0.8000, -9.314
5.990, -0.8000, -8.648
6.000, -0.8000, -7.751
6.010, -0.8000, -7.366
6.020, -0.8000, -8.903
6.030, -0.8000, -8.427
6.040, -0.8000, -9.609
6.050, -0.8000, -9.401
6.060, -0.8000, -7.878
6.070, -0.8000, -7.747
6.080, -0.8000, -7.951
6.090, -0.8000, -8.892
6.100, -0.8000, -7.771
6.110, -0.8000, -8.775
6.120, -0.8000, -9.597
6.130, -0.8000, -8.642
6.140, -0.8000, -9.819
6.150, -0.8000, -8.462
6.160, -0.8000, -9.647
6.170, -0.8000, -10.32
6.180, -0.8000, -6.455
6.190, -0.8000, -6.505
6.200, -0.8000, -6.870
6.210, -0.8000, -7.945
6.220, -0.8000, -8.007
6.230, -0.8000, -8.384
6.240, -0.8000, -8.136
6.250, -0.8000, -8.283
6.260, -0.8000, -7.463
6.270, -0.8000, -8.224
6.280, -0.8000, -6.551
6.290, -0.8000, -7.065
6.300, -0.8000, -8.407
6.310, -0.8000, -9.042
6.320, -0.8000, -8.491
6.330, -0.8000, -7.786
6.340, -0.8000, -6.643
6.350, -0.8000, -7.774
6.360, -0.8000, -8.306
6.370, -0.8000, -7.774
6.380, -0.8000, -7.058
6.390, -0.8000, -7.262
6.400, -0.8000, -8.266
6.410, -0.8000, -8.433
6.420, -0.8000, -10.07
6.430, -0.8000, -8.790
6.440, -0.8000, -9.834
6.450, -0.8000, -8.553
6.460, -0.8000, -7.990
6.470, -0.8000, -6.996
6.480, -0.8000, -8.308
6.490, -0.8000, -6.269
6.500, -0.8000, -6.878
6.510, -0.8000, -8.373
6.520, -0.8000, -7.037
6.530, -0.8000, -8.183
6.540, -0.8000, -7.975
6.550, -0.8000, -7.611
6.560, -0.8000, -7.554
6.570, -0.8000, -9.058
6.580, -0.8000, -7.241
6.590, -0.8000, -8.699
6.600, -0.8000, -7.129
6.610, -0.8000, -7.462
6.620, -0.8000, -8.552
6.630, -0.8000, -8.487
6.640, -0.8000, -8.684
6.650, -0.8000, -7.644
6.660, -0.8000, -8.020
6.670, -0.8000, -7.449
6.680, -0.8000, -7.412
6.690, -0.8000, -7.913
6.700, -0.8000, -7.619
6.710, -0.8000, -6.320
6.720, -0.8000, -7.374
6.730, -0.8000, -8.331
6.740, -0.8000, -7.939
6.750, -0.8000, -6.715
6.760, -0.8000, -8.476
6.770, -0.8000, -6.230
6.780, -0.8000, -8.943
6.790, -0.8000, -7.874
6.800, -0.8000, -8.966
6.810, -0.8000, -7.013
6.820, -0.8000, -7.449
6.830, -0.8000, -8.705
6.840, -0.8000, -7.238
6.850, -0.8000, -8.596
6.860, -0.8000, -5.939
6.870, -0.8000, -8.812
6.880, -0.8000, -7.085
6.890, -0.8000, -7.782
6.900, -0.8000, -8.145
6.910, -0.8000, -8.620
6.920, -0.8000, -8.164
6.930, -0.8000, -8.058
6.940, -0.8000, -7.696
6.950, -0.8000, -6.369
6.960, -0.8000, -7.599
6.970, -0.8000, -7.556
6.980, -0.8000, -8.419
6.990, -0.8000, -6.732
7.000, -0.8000, -7.576
7.010, -0.8000, -7.182
7.020, -0.8000, -8.408
7.030, -0.8000, -10.27
7.040, -0.8000, -7.151
7.050, -0.8000, -7.469
7.060, -0.8000, -7.046
7.070, -0.8000, -8.655
7.080, -0.8000, -8.132
7.090, -0.8000, -7.710
7.100, -0.8000, -9.473
7.110, -0.8000, -7.644
7.120, -0.8000, -8.557
7.130, -0.8000, -8.052
7.140, -0.8000, -8.451
7.150, -0.8000, -8.305
7.160, -0.8000, -7.891
7.170, -0.8000, -8.804
7.180, -0.8000, -7.299
7.190, -0.8000, -8.620
7.200, -0.8000, -8.606
7.210, -0.8000, -7.787
7.220, -0.8000, -8.122
7.230, -0.8000, -7.495
7.240, -0.8000, -8.264
7.250, -0.8000, -9.880
7.260, -0.8000, -7.910
7.270, -0.8000, -8.380
7.280, -0.8000, -7.281
7.290, -0.8000, -7.496
7.300, -0.8000, -7.824
7.310, -0.8000, -6.913
7.320, -0.8000, -7.066
7.330, -0.8000, -8.319
7.340, -0.8000, -6.777
7.350, -0.8000, -8.047
7.360, -0.8000, -8.578
7.370, -0.8000, -9.446
7.380, -0.8000, -9.192
7.390, -0.8000, -7.596
7.400, -0.8000, -7.859
7.410, -0.8000, -8.152
7.420, -0.8000, -7.657
7.430, -0.8000, -6.406
7.440, -0.8000, -7.686
7.450, -0.8000, -5.874
7.460, -0.8000, -7.336
7.470, -0.8000, -8.058
7.480, -0.8000, -7.629
7.490, -0.8000, -7.642
7.500, -0.8000, -7.733
7.510, -0.8000, -7.294
7.520, -0.8000, -7.690
7.530, -0.8000, -9.035
7.540, -0.8000, -7.021
7.550, -0.8000, -7.806
7.560, -0.8000, -6.683
7.570, -0.8000, -9.684
7.580, -0.8000, -7.931
7.590, -0.8000, -9.457
7.600, -0.8000, -9.082
7.610, -0.8000, -8.183
7.620, -0.8000, -7.947
7.630, -0.8000, -8.068
7.640, -0.8000, -7.388
7.650, -0.8000, -8.815
7.660, -0.8000, -7.091
7.670, -0.8000, -8.038
7.680, -0.8000, -8.327
7.690, -0.8000, -8.348
7.700, -0.8000, -6.839
7.710, -0.8000, -6.798
7.720, -0.8000, -9.391
7.730, -0.8000, -8.307
7.740, -0.8000, -8.426
7.750, -0.8000, -7.131
7.760, -0.8000, -8.693
7.770, -0.8000, -9.773
7.780, -0.8000, -10.29
7.790, -0.8000, -7.877
7.800, -0.8000, -7.700
7.810, -0.8000, -9.315
7.820, -0.8000, -7.812
7.830, -0.8000, -7.632
7.840, -0.8000, -8.849
7.850, -0.8000, -7.034
7.860, -0.8000, -8.065
7.870, -0.8000, -8.631
7.880, -0.8000, -7.390
7.890, -0.8000, -7.320
7.900, -0.8000, -7.940
7.910, -0.8000, -8.305
7.920, -0.8000, -8.742
7.930, -0.8000, -9.044
7.940, -0.8000, -7.893
7.950, -0.8000, -8.168
7.960, -0.8000, -6.883
7.970, -0.8000, -7.458
7.980, -0.8000, -8.561
7.990, -0.8000, -5.939
8.000, -0.8000, -7.709
8.010, -0.8000, -7.555
8.020, -0.8000, -8.334
8.030, -0.8000, -7.615
8.040, -0.8000, -9.919
8.050, -0.8000, -7.881
8.060, -0.8000, -7.994
8.070, -0.8000, -6.736
8.080, -0.8000, -7.340
8.090, -0.8000, -8.770
8.100, -0.8000, -7.722
8.110, -0.8000, -7.833
8.120, -0.8000, -7.493
8.130, -0.8000, -7.824
8.140, -0.8000, -7.137
8.150, -0.8000, -7.956
8.160, -0.8000, -8.680
8.170, -0.8000, -8.939
8.180, -0.8000, -8.598
8.190, -0.8000, -9.752
8.200, -0.8000, -8.898
8.210, -0.8000, -9.032
8.220, -0.8000, -8.269
8.230, -0.8000, -8.413
8.240, -0.8000, -8.883
8.250, -0.8000, -7.251
8.260, -0.8000, -8.286
8.270, -0.8000, -6.933
8.280, -0.8000, -8.659
8.290, -0.8000, -8.606
8.300, -0.8000, -8.757
8.310, -0.8000, -8.695
8.320, -0.8000, -7.202
8.330, -0.8000, -6.541
8.340, -0.8000, -9.203
8.350, -0.8000, -8.050
8.360, -0.8000, -6.748
8.370, -0.8000, -7.711
8.380, -0.8000, -7.593
8.390, -0.8000, -6.769
8.400, -0.8000, -9.626
8.410, -0.8000, -9.601
8.420, -0.8000, -8.049
8.430, -0.8000, -8.468
8.440, -0.8000, -7.664
8.450, -0.8000, -8.562
8.460, -0.8000, -7.126
8.470, -0.8000, -7.162
8.480, -0.8000, -7.289
8.490, -0.8000, -7.657
8.500, -0.8000, -6.824
8.510, -0.8000, -9.088
8.520, -0.8000, -8.220
8.530, -0.8000, -7.424
8.540, -0.8000, -6.741
8.550, -0.8000, -7.660
8.560, -0.8000, -7.559
8.570, -0.8000, -7.231
8.580, -0.8000, -8.058
8.590, -0.8000, -6.764
8.600, -0.8000, -8.772
8.610, -0.8000, -6.955
8.620, -0.8000, -6.707
8.630, -0.8000, -9.389
8.640, -0.8000, -8.283
8.650, -0.8000, -7.175
8.660, -0.8000, -6.874
8.670, -0.8000, -7.769
8.680, -0.8000, -8.383
8.690, -0.8000, -6.898
8.700, -0.8000, -10.13
8.710, -0.8000, -8.171
8.720, -0.8000, -8.024
8.730, -0.8000, -7.718
8.740, -0.8000, -7.534
8.750, -0.8000, -8.525
8.760, -0.8000, -6.256
8.770, -0.8000, -7.722
8.780, -0.8000, -8.199
8.790, -0.8000, -8.623
8.800, -0.8000, -8.607
8.810, -0.8000, -7.213
8.820, -0.8000, -7.126
8.830, -0.8000, -7.063
8.840, -0.8000, -7.893
8.850, -0.8000, -8.592
8.860, -0.8000, -7.636
8.870, -0.8000, -7.897
8.880, -0.8000, -8.269
8.890, -0.8000, -7.029
8.900, -0.8000, -7.955
8.910, -0.8000, -7.108
8.920, -0.8000, -8.411
8.930, -0.8000, -6.949
8.940, -0.8000, -7.709
8.950, -0.8000, -8.442
8.960, -0.8000, -6.686
8.970, -0.8000, -6.499
8.980, -0.8000, -8.921
8.990, -0.8000, -9.348
9.000, -0.8000, -7.963
9.010, -0.8000, -7.271
9.020, -0.8000, -6.663
9.030, -0.8000, -8.760
9.040, -0.8000, -6.469
9.050, -0.8000, -8.702
9.060, -0.8000, -6.207
9.070, -0.8000, -8.185
9.080, -0.8000, -6.701
9.090, -0.8000, -7.000
9.100, -0.8000, -8.101
9.110, -0.8000, -7.955
9.120, -0.8000, -8.178
9.130, -0.8000, -7.028
9.140, -0.8000, -9.106
9.150, -0.8000, -7.379
9.160, -0.8000, -7.003
9.170, -0.8000, -6.138
9.180, -0.8000, -7.906
9.190, -0.8000, -8.194
9.200, -0.8000, -8.333
9.210, -0.8000, -8.128
9.220, -0.8000, -7.841
9.230, -0.8000, -8.410
9.240, -0.8000, -7.295
9.250, -0.8000, -7.713
9.260, -0.8000, -6.886
9.270, -0.8000, -7.620
9.280, -0.8000, -7.704
9.290, -0.8000, -7.467
9.300, -0.8000, -6.745
9.310, -0.8000, -8.200
9.320, -0.8000, -6.786
9.330, -0.8000, -7.889
9.340, -0.8000, -7.735
9.350, -0.8000, -8.216
9.360, -0.8000, -7.328
9.370, -0.8000, -7.637
9.380, -0.8000, -9.259
9.390, -0.8000, -8.573
9.400, -0.8000, -7.399
9.410, -0.8000, -7.894
9.420, -0.8000, -6.726
9.430, -0.8000, -7.183
9.440, -0.8000, -7.561
9.450, -0.8000, -8.783
9.460, -0.8000, -6.621
9.470, -0.8000, -6.351
9.480, -0.8000, -6.658
9.490, -0.8000, -8.742
9.500, -0.8000, -8.395
9.510, -0.8000, -8.206
9.520, -0.8000, -7.725
9.530, -0.8000, -6.570
9.540, -0.8000, -8.327
9.550, -0.8000, -5.838
9.560, -0.8000, -7.788
9.570, -0.8000, -7.909
9.580, -0.8000, -7.882
9.590, -0.8000, -6.625
9.600, -0.8000, -8.617
9.610, -0.8000, -8.713
9.620, -0.8000, -8.137
9.630, -0.8000, -8.371
9.640, -0.8000, -6.944
9.650, -0.8000, -7.493
9.660, -0.8000, -6.729
9.670, -0.8000, -7.653
9.680, -0.8000, -8.664
9.690, -0.8000, -8.367
9.700, -0.8000, -7.487
9.710, -0.8000, -9.240
9.720, -0.8000, -7.716
9.730, -0.8000, -7.168
9.740, -0.8000, -8.525
9.750, -0.8000, -7.629
9.760, -0.8000, -7.052
9.770, -0.8000, -9.620
9.780, -0.8000, -8.561
9.790, -0.8000, -6.764
9.800, -0.8000, -7.151
9.810, -0.8000, -8.196
9.820, -0.8000, -6.641
9.830, -0.8000, -7.627
9.840, -0.8000, -9.362
9.850, -0.8000, -7.130
9.860, -0.8000, -7.636
9.870, -0.8000, -7.122
9.880, -0.8000, -9.260
9.890, -0.8000, -6.681
9.900, -0.8000, -6.763
9.910, -0.8000, -6.281
9.920, -0.8000, -6.820
9.930, -0.8000, -6.697
9.940, -0.8000, -7.211
9.950, -0.8000, -6.926
9.960, -0.8000, -7.353
9.970, -0.8000, -7.394
9.980, -0.8000, -7.628
9.990, -0.8000, -8.142
10.00, -0.8000, -7.857
10.01, -0.8000, -7.406
10.02, -0.8000, -8.202
10.03, -0.8000, -8.292
10.04, -0.8000, -8.296
10.05, -0.8000, -9.156
10.06, -0.8000, -6.948
10.07, -0.8000, -8.524
10.08, -0.8000, -7.654
10.09, -0.8000, -9.202
10.10, -0.8000, -7.954
10.11, -0.8000, -6.495
10.12, -0.8000, -7.692
10.13, -0.8000, -6.321
10.14, -0.8000, -8.411
10.15, -0.8000, -6.495
10.16, -0.8000, -7.617
10.17, -0.8000, -7.217
10.18, -0.8000, -7.682
10.19, -0.8000, -7.059
10.20, -0.8000, -9.724
10.21, -0.8000, -8.025
10.22, -0.8000, -9.322
10.23, -0.8000, -7.932
10.24, -0.8000, -7.268
10.25, -0.8000, -8.299
10.26, -0.8000, -8.352
10.27, -0.8000, -7.354
10.28, -0.8000, -7.429
10.29, -0.8000, -6.873
10.30, -0.8000, -9.269
10.31, -0.8000, -8.233
10.32, -0.8000, -8.143
10.33, -0.8000, -7.954
10.34, -0.8000, -5.754
10.35, -0.8000, -8.311
10.36, -0.8000, -6.072
10.37, -0.8000, -8.518
10.38, -0.8000, -7.684
10.39, -0.8000, -8.170
10.40, -0.8000, -7.755
10.41, -0.8000, -9.081
10.42, -0.8000, -6.190
10.43, -0.8000, -10.61
10.44, -0.8000, -6.518
10.45, -0.8000, -8.250
10.46, -0.8000, -7.123
10.47, -0.8000, -8.215
10.48, -0.8000, -8.982
10.49, -0.8000, -6.594
10.50, -0.8000, -8.801
10.51, -0.8000, -7.595
10.52, -0.8000, -8.637
10.53, -0.8000, -6.210
10.54, -0.8000, -7.506
10.55, -0.8000, -6.534
10.56, -0.8000, -6.903
10.57, -0.8000, -6.599
10.58, -0.8000, -6.842
10.59, -0.8000, -7.242
10.60, -0.8000, -7.952
10.61, -0.8000, -8.184
10.62, -0.8000, -8.551
10.63, -0.8000, -7.851
10.64, -0.8000, -7.155
10.65, -0.8000, -6.741
10.66, -0.8000, -6.952
10.67, -0.8000, -8.393
10.68, -0.8000, -7.369
10.69, -0.8000, -9.180
10.70, -0.8000, -7.379
10.71, -0.8000, -8.034
10.72, -0.8000, -7.464
10.73, -0.8000, -7.258
10.74, -0.8000, -8.596
10.75, -0.8000, -7.639
10.76, -0.8000, -7.571
10.77, -0.8000, -7.075
10.78, -0.8000, -6.275
10.79, -0.8000, -7.066
10.80, -0.8000, -7.834
10.81, -0.8000, -9.382
10.82, -0.8000, -9.152
10.83, -0.8000, -7.906
10.84, -0.8000, -7.443
10.85, -0.8000, -7.123
10.86, -0.8000, -7.634
10.87, -0.8000, -7.067
10.88, -0.8000, -8.487
10.89, -0.8000, -7.136
10.90, -0.8000, -8.555
10.91, -0.8000, -9.535
10.92, -0.8000, -7.180
10.93, -0.8000, -9.364
10.94, -0.8000, -8.104
10.95, -0.8000, -8.423
10.96, -0.8000, -8.342
10.97, -0.8000, -6.635
10.98, -0.8000, -7.240
10.99, -0.8000, -5.857
11.00, -0.8000, -6.640
11.01, -0.8000, -6.624
11.02, -0.8000, -6.693
11.03, -0.8000, -8.705
11.04, -0.8000, -6.471
11.05, -0.8000, -7.943
11.06, -0.8000, -6.762
11.07, -0.8000, -7.896
11.08, -0.8000, -8.864
11.09, -0.8000, -8.859
11.10, -0.8000, -7.087
11.11, -0.8000, -7.538
11.12, -0.8000, -7.202
11.13, -0.8000, -8.325
11.14, -0.8000, -6.441
11.15, -0.8000, -7.894
11.16, -0.8000, -6.632
11.17, -0.8000, -6.188
11.18, -0.8000, -8.098
11.19, -0.8000, -7.103
11.20, -0.8000, -8.705
11.21, -0.8000, -10.26
11.22, -0.8000, -7.855
11.23, -0.8000, -7.768
11.24, -0.8000, -7.565
11.25, -0.8000, -6.842
11.26, -0.8000, -9.240
11.27, -0.8000, -6.874
11.28, -0.8000, -10.32
11.29, -0.8000, -6.541
11.30, -0.8000, -6.748
11.31, -0.8000, -6.822
11.32, -0.8000, -7.815
11.33, -0.8000, -7.486
11.34, -0.8000, -8.189
11.35, -0.8000, -5.797
11.36, -0.8000, -8.391
11.37, -0.8000, -8.492
11.38, -0.8000, -7.521
11.39, -0.8000, -8.164
11.40, -0.8000, -8.527
11.41, -0.8000, -8.387
11.42, -0.8000, -7.068
11.43, -0.8000, -7.283
11.44, -0.8000, -7.961
11.45, -0.8000, -9.832
11.46, -0.8000, -7.379
11.47, -0.8000, -7.178
11.48, -0.8000, -8.511
11.49, -0.8000, -6.955
11.50, -0.8000, -7.285
11.51, -0.8000, -9.765
11.52, -0.8000, -7.368
11.53, -0.8000, -7.439
11.54, -0.8000, -7.589
11.55, -0.8000, -6.598
11.56, -0.8000, -6.075
11.57, -0.8000, -9.031
11.58, -0.8000, -7.639
11.59, -0.8000, -9.237
11.60, -0.8000, -7.839
11.61, -0.8000, -6.843
11.62, -0.8000, -7.672
11.63, -0.8000, -6.898
11.64, -0.8000, -7.787
11.65, -0.8000, -7.040
11.66, -0.8000, -7.876
11.67, -0.8000, -7.068
11.68, -0.8000, -8.832
11.69, -0.8000, -8.994
11.70, -0.8000, -6.906
11.71, -0.8000, -7.439
11.72, -0.8000, -7.368
11.73, -0.8000, -9.574
11.74, -0.8000, -8.468
11.75, -0.8000, -9.140
11.76, -0.8000, -8.413
11.77, -0.8000, -7.868
11.78, -0.8000, -7.732
11.79, -0.8000, -7.725
11.80, -0.8000, -8.957
11.81, -0.8000, -8.704
11.82, -0.8000, -6.578
11.83, -0.8000, -8.400
11.84, -0.8000, -7.527
11.85, -0.8000, -8.505
11.86, -0.8000, -8.006
11.87, -0.8000, -9.446
11.88, -0.8000, -7.306
11.89, -0.8000, -7.111
11.90, -0.8000, -7.648
11.91, -0.8000, -7.753
11.92, -0.8000, -7.373
11.93, -0.8000, -8.519
11.94, -0.8000, -9.565
11.95, -0.8000, -8.283
11.96, -0.8000, -8.483
11.97, -0.8000, -7.647
11.98, -0.8000, -9.808
11.99, -0.8000, -8.460
12.00, -0.8000, -8.303
12.01, -0.8000, -7.164
12.02, -0.8000, -7.372
12.03, -0.8000, -10.17
12.04, -0.8000, -7.389
12.05, -0.8000, -7.810
12.06, -0.8000, -8.721
12.07, -0.8000, -7.255
12.08, -0.8000, -9.418
12.09, -0.8000, -7.108
12.10, -0.8000, -10.80
12.11, -0.8000, -7.153
12.12, -0.8000, -7.352
12.13, -0.8000, -10.04
12.14, -0.8000, -8.152
12.15, -0.8000, -7.006
12.16, -0.8000, -8.172
12.17, -0.8000, -6.198
12.18, -0.8000, -7.110
12.19, -0.8000, -6.866
12.20, -0.8000, -8.751
12.21, -0.8000, -7.287
12.22, -0.8000, -5.577
12.23, -0.8000, -8.012
12.24, -0.8000, -7.525
12.25, -0.8000, -8.889
12.26, -0.8000, -7.627
12.27, -0.8000, -7.687
12.28, -0.8000, -8.600
12.29, -0.8000, -7.936
12.30, -0.8000, -5.462
12.31, -0.8000, -7.848
12.32, -0.8000, -5.896
12.33, -0.8000, -7.023
12.34, -0.8000, -8.362
12.35, -0.8000, -8.110
12.36, -0.8000, -8.486
12.37, -0.8000, -8.279
12.38, -0.8000, -6.844
12.39, -0.8000, -7.759
12.40, -0.8000, -9.793
12.41, -0.8000, -7.638
12.42, -0.8000, -8.272
12.43, -0.8000, -8.782
12.44, -0.8000, -8.020
12.45, -0.8000, -7.364
12.46, -0.8000, -6.619
12.47, -0.8000, -7.889
12.48, -0.8000, -7.088
12.49, -0.8000, -6.775
12.50, -0.8000, -8.495
12.51, -0.8000, -7.622
12.52, -0.8000, -8.441
12.53, -0.8000, -6.005
12.54, -0.8000, -8.701
12.55, -0.8000, -9.404
12.56, -0.8000, -7.796
12.57, -0.8000, -6.893
12.58, -0.8000, -9.065
12.59, -0.8000, -7.336
12.60, -0.8000, -8.381
12.61, -0.8000, -7.172
12.62, -0.8000, -7.906
12.63, -0.8000, -8.269
12.64, -0.8000, -9.775
12.65, -0.8000, -9.756
12.66, -0.8000, -8.714
12.67, -0.8000, -8.088
12.68, -0.8000, -8.197
12.69, -0.8000, -7.222
12.70, -0.8000, -8.432
12.71, -0.8000, -6.765
12.72, -0.8000, -5.808
12.73, -0.8000, -7.805
12.74, -0.8000, -6.571
12.75, -0.8000, -6.280
12.76, -0.8000, -7.692
12.77, -0.8000, -7.262
12.78, -0.8000, -6.874
12.79, -0.8000, -8.226
12.80, -0.8000, -7.651
12.81, -0.8000, -8.148
12.82, -0.8000, -6.229
12.83, -0.8000, -7.836
12.84, -0.8000, -11.14
12.85, -0.8000, -8.614
12.86, -0.8000, -7.667
12.87, -0.8000, -7.181
12.88, -0.8000, -7.592
12.89, -0.8000, -7.347
12.90, -0.8000, -7.338
12.91, -0.8000, -9.163
12.92, -0.8000, -8.079
12.93, -0.8000, -6.213
12.94, -0.8000, -8.609
12.95, -0.8000, -8.340
12.96, -0.8000, -9.524
12.97, -0.8000, -5.973
12.98, -0.8000, -8.367
12.99, -0.8000, -7.268
13.00, -0.8000, -6.329
13.01, -0.8000, -8.871
13.02, -0.8000, -8.001
13.03, -0.8000, -7.578
13.04, -0.8000, -7.436
13.05, -0.8000, -6.926
13.06, -0.8000, -8.327
13.07, -0.8000, -7.283
13.08, -0.8000, -9.016
13.09, -0.8000, -7.108
13.10, -0.8000, -7.800
13.11, -0.8000, -7.780
13.12, -0.8000, -9.549
13.13, -0.8000, -6.381
13.14, -0.8000, -6.975
13.15, -0.8000, -7.111
13.16, -0.8000, -7.530
13.17, -0.8000, -8.190
13.18, -0.8000, -7.427
13.19, -0.8000, -7.558
13.20, -0.8000, -8.782
13.21, -0.8000, -7.523
13.22, -0.8000, -8.818
13.23, -0.8000, -5.600
13.24, -0.8000, -6.563
13.25, -0.8000, -5.555
13.26, -0.8000, -7.906
13.27, -0.8000, -8.998
13.28, -0.8000, -7.220
13.29, -0.8000, -5.879
13.30, -0.8000, -6.842
13.31, -0.8000, -6.669
13.32, -0.8000, -7.680
13.33, -0.8000, -8.302
13.34, -0.8000, -6.959
13.35, -0.8000, -7.245
13.36, -0.8000, -7.730
13.37, -0.8000, -7.681
13.38, -0.8000, -7.688
13.39, -0.8000, -7.330
13.40, -0.8000, -7.334
13.41, -0.8000, -8.719
13.42, -0.8000, -6.939
13.43, -0.8000, -7.700
13.44, -0.8000, -5.902
13.45, -0.8000, -8.478
13.46, -0.8000, -8.091
13.47, -0.8000, -8.839
13.48, -0.8000, -7.584
13.49, -0.8000, -6.090
13.50, -0.8000, -9.274
13.51, -0.8000, -6.159
13.52, -0.8000, -7.527
13.53, -0.8000, -8.905
13.54, -0.8000, -6.638
13.55, -0.8000, -7.497
13.56, -0.8000, -6.405
13.57, -0.8000, -9.581
13.58, -0.8000, -8.785
13.59, -0.8000, -7.172
13.60, -0.8000, -7.765
13.61, -0.8000, -7.805
13.62, -0.8000, -7.744
13.63, -0.8000, -7.947
13.64, -0.8000, -7.250
13.65, -0.8000, -6.125
13.66, -0.8000, -8.757
13.67, -0.8000, -6.326
13.68, -0.8000, -5.363
13.69, -0.8000, -6.649
13.70, -0.8000, -6.289
13.71, -0.8000, -7.117
13.72, -0.8000, -8.202
13.73, -0.8000, -7.183
13.74, -0.8000, -6.010
13.75, -0.8000, -8.257
13.76, -0.8000, -5.609
13.77, -0.8000, -7.027
13.78, -0.8000, -7.658
13.79, -0.8000, -7.250
13.80, -0.8000, -6.787
13.81, -0.8000, -8.423
13.82, -0.8000, -9.059
13.83, -0.8000, -9.571
13.84, -0.8000, -7.256
13.85, -0.8000, -7.865
13.86, -0.8000, -8.209
13.87, -0.8000, -7.763
13.88, -0.8000, -7.004
13.89, -0.8000, -7.106
13.90, -0.8000, -9.015
13.91, -0.8000, -7.615
13.92, -0.8000, -7.615
13.93, -0.8000, -8.968
13.94, -0.8000, -6.651
13.95, -0.8000, -6.277
13.96, -0.8000, -6.737
13.97, -0.8000, -5.158
13.98, -0.8000, -6.979
13.99, -0.8000, -8.488
14.00, -0.8000, -7.125
14.01, -0.8000, -7.091
14.02, -0.8000, -9.065
14.03, -0.8000, -5.827
14.04, -0.8000, -6.411
14.05, -0.8000, -5.930
14.06, -0.8000, -8.741
14.07, -0.8000, -6.338
14.08, -0.8000, -8.027
14.09, -0.8000, -8.386
14.10, -0.8000, -7.125
14.11, -0.8000, -7.254
14.12, -0.8000, -7.518
14.13, -0.8000, -7.093
14.14, -0.8000, -6.426
14.15, -0.8000, -7.965
14.16, -0.8000, -10.21
14.17, -0.8000, -7.126
14.18, -0.8000, -8.664
14.19, -0.8000, -7.409
14.20, -0.8000, -8.192
14.21, -0.8000, -7.898
14.22, -0.8000, -6.124
14.23, -0.8000, -7.666
14.24, -0.8000, -7.698
14.25, -0.8000, -5.708
14.26, -0.8000, -7.187
14.27, -0.8000, -7.966
14.28, -0.8000, -7.117
14.29, -0.8000, -5.939
14.30, -0.8000, -6.957
14.31, -0.8000, -9.136
14.32, -0.8000, -7.059
14.33, -0.8000, -7.099
14.34, -0.8000, -7.262
14.35, -0.8000, -8.559
14.36, -0.8000, -7.194
14.37, -0.8000, -8.130
14.38, -0.8000, -8.456
14.39, -0.8000, -7.575
14.40, -0.8000, -6.125
14.41, -0.8000, -7.642
14.42, -0.8000, -5.725
14.43, -0.8000, -8.145
14.44, -0.8000, -6.452
14.45, -0.8000, -7.960
14.46, -0.8000, -8.346
14.47, -0.8000, -7.506
14.48, -0.8000, -7.748
14.49, -0.8000, -6.611
14.50, -0.8000, -8.170
14.51, -0.8000, -7.238
14.52, -0.8000, -7.773
14.53, -0.8000, -6.800
14.54, -0.8000, -8.406
14.55, -0.8000, -7.591
14.56, -0.8000, -7.490
14.57, -0.8000, -7.104
14.58, -0.8000, -7.881
14.59, -0.8000, -6.762
14.60, -0.8000, -8.449
14.61, -0.8000, -6.810
14.62, -0.8000, -6.872
14.63, -0.8000, -6.026
14.64, -0.8000, -8.210
14.65, -0.8000, -8.821
14.66, -0.8000, -7.512
14.67, -0.8000, -6.199
14.68, -0.8000, -6.589
14.69, -0.8000, -7.772
14.70, -0.8000, -6.670
14.71, -0.8000, -9.444
14.72, -0.8000, -8.690
14.73, -0.8000, -8.722
14.74, -0.8000, -6.908
14.75, -0.8000, -6.678
14.76, -0.8000, -10.35
14.77, -0.8000, -6.225
14.78, -0.8000, -6.162
14.79, -0.8000, -6.277
14.80, -0.8000, -9.588
14.81, -0.8000, -6.692
14.82, -0.8000, -6.584
14.83, -0.8000, -6.120
14.84, -0.8000, -8.292
14.85, -0.8000, -7.376
14.86, -0.8000, -6.932
14.87, -0.8000, -7.915
14.88, -0.8000, -6.475
14.89, -0.8000, -7.952
14.90, -0.8000, -8.196
14.91, -0.8000, -6.088
14.92, -0.8000, -7.159
14.93, -0.8000, -8.848
14.94, -0.8000, -8.108
14.95, -0.8000, -9.904
14.96, -0.8000, -6.119
14.97, -0.8000, -6.363
14.98, -0.8000, -7.133
14.99, -0.8000, -6.803
15.00, -0.8000, -7.413
15.01, -0.8000, -7.244
15.02, -0.8000, -8.422
15.03, -0.8000, -7.555
15.04, -0.8000, -5.744
15.05, -0.8000, -7.000
15.06, -0.8000, -7.301
15.07, -0.8000, -8.390
15.08, -0.8000, -6.501
15.09, -0.8000, -7.986
15.10, -0.8000, -7.859
15.11, -0.8000, -9.575
15.12, -0.8000, -8.090
15.13, -0.8000, -8.349
15.14, -0.8000, -7.688
15.15, -0.8000, -6.271
15.16, -0.8000, -8.333
15.17, -0.8000, -6.742
15.18, -0.8000, -6.182
15.19, -0.8000, -7.784
15.20, -0.8000, -7.500
15.21, -0.8000, -9.341
15.22, -0.8000, -7.710
15.23, -0.8000, -8.952
15.24, -0.8000, -7.188
15.25, -0.8000, -7.308
15.26, -0.8000, -5.828
15.27, -0.8000, -7.013
15.28, -0.8000, -6.507
15.29, -0.8000, -8.970
15.30, -0.8000, -6.167
15.31, -0.8000, -8.650
15.32, -0.8000, -8.052
15.33, -0.8000, -7.963
15.34, -0.8000, -7.209
15.35, -0.8000, -7.383
15.36, -0.8000, -7.315
15.37, -0.8000, -6.811
15.38, -0.8000, -7.214
15.39, -0.8000, -6.157
15.40, -0.8000, -6.438
15.41, -0.8000, -6.930
15.42, -0.8000, -6.464
15.43, -0.8000, -6.689
15.44, -0.8000, -7.522
15.45, -0.8000, -6.325
15.46, -0.8000, -6.598
15.47, -0.8000, -8.271
15.48, -0.8000, -7.714
15.49, -0.8000, -6.756
15.50, -0.8000, -6.292
15.51, -0.8000, -7.481
15.52, -0.8000, -7.184
15.53, -0.8000, -8.316
15.54, -0.8000, -6.969
15.55, -0.8000, -7.218
15.56, -0.8000, -7.099
15.57, -0.8000, -6.093
15.58, -0.8000, -7.972
15.59, -0.8000, -8.665
15.60, -0.8000, -6.853
15.61, -0.8000, -7.021
15.62, -0.8000, -6.082
15.63, -0.8000, -8.217
15.64, -0.8000, -6.780
15.65, -0.8000, -7.030
15.66, -0.8000, -7.103
15.67, -0.8000, -7.125
15.68, -0.8000, -8.107
15.69, -0.8000, -7.072
15.70, -0.8000, -7.681
15.71, -0.8000, -8.490
15.72, -0.8000, -8.118
15.73, -0.8000, -7.573
15.74, -0.8000, -7.901
15.75, -0.8000, -6.011
15.76, -0.8000, -6.648
15.77, -0.8000, -6.765
15.78, -0.8000, -7.782
15.79, -0.8000, -8.872
15.80, -0.8000, -7.326
15.81, -0.8000, -6.139
15.82, -0.8000, -7.063
15.83, -0.8000, -7.527
15.84, -0.8000, -6.920
15.85, -0.8000, -8.415
15.86, -0.8000, -7.031
15.87, -0.8000, -8.406
15.88, -0.8000, -8.377
15.89, -0.8000, -6.786
15.90, -0.8000, -6.592
15.91, -0.8000, -7.576
15.92, -0.8000, -7.515
15.93, -0.8000, -8.404
15.94, -0.8000, -8.737
15.95, -0.8000, -6.377
15.96, -0.8000, -5.922
15.97, -0.8000, -8.673
15.98, -0.8000, -7.510
15.99, -0.8000, -6.777
16.00, -0.8000, -6.203
16.01, -0.8000, -7.176
16.02, -0.8000, -6.422
16.03, -0.8000, -7.629
16.04, -0.8000, -5.788
16.05, -0.8000, -8.625
16.06, -0.8000, -8.311
16.07, -0.8000, -8.496
16.08, -0.8000, -6.653
16.09, -0.8000, -8.794
16.10, -0.8000, -6.374
16.11, -0.8000, -7.525
16.12, -0.8000, -7.133
16.13, -0.8000, -8.127
16.14, -0.8000, -7.562
16.15, -0.8000, -7.000
16.16, -0.8000, -8.002
16.17, -0.8000, -8.699
16.18, -0.8000, -7.398
16.19, -0.8000, -9.245
16.20, -0.8000, -7.835
16.21, -0.8000, -7.396
16.22, -0.8000, -6.148
16.23, -0.8000, -7.732
16.24, -0.8000, -6.060
16.25, -0.8000, -6.854
16.26, -0.8000, -7.589
16.27, -0.8000, -7.435
16.28, -0.8000, -6.683
16.29, -0.8000, -8.764
16.30, -0.8000, -8.285
16.31, -0.8000, -8.569
16.32, -0.8000, -7.280
16.33, -0.8000, -6.281
16.34, -0.8000, -8.655
16.35, -0.8000, -7.734
16.36, -0.8000, -7.756
16.37, -0.8000, -6.678
16.38, -0.8000, -6.047
16.39, -0.8000, -6.829
16.40, -0.8000, -7.442
16.41, -0.8000, -8.129
16.42, -0.8000, -7.024
16.43, -0.8000, -5.176
16.44, -0.8000, -6.671
16.45, -0.8000, -5.961
16.46, -0.8000, -8.470
16.47, -0.8000, -7.515
16.48, -0.8000, -7.485
16.49, -0.8000, -7.351
16.50, -0.8000, -7.233
16.51, -0.8000, -5.804
16.52, -0.8000, -7.879
16.53, -0.8000, -7.736
16.54, -0.8000, -7.445
16.55, -0.8000, -5.344
16.56, -0.8000, -5.502
16.57, -0.8000, -6.669
16.58, -0.8000, -5.591
16.59, -0.8000, -7.728
16.60, -0.8000, -10.17
16.61, -0.8000, -5.490
16.62, -0.8000, -7.613
16.63, -0.8000, -5.921
16.64, -0.8000, -8.086
16.65, -0.8000, -5.510
16.66, -0.8000, -7.029
16.67, -0.8000, -5.702
16.68, -0.8000, -6.591
16.69, -0.8000, -7.401
16.70, -0.8000, -6.039
16.71, -0.8000, -6.150
16.72, -0.8000, -8.875
16.73, -0.8000, -6.336
16.74, -0.8000, -7.278
16.75, -0.8000, -8.767
16.76, -0.8000, -6.830
16.77, -0.8000, -6.428
16.78, -0.8000, -7.971
16.79, -0.8000, -4.338
16.80, -0.8000, -8.409
16.81, -0.8000, -6.102
16.82, -0.8000, -8.745
16.83, -0.8000, -5.695
16.84, -0.8000, -6.567
16.85, -0.8000, -5.470
16.86, -0.8000, -7.529
16.87, -0.8000, -7.052
16.88, -0.8000, -8.391
16.89, -0.8000, -7.443
16.90, -0.8000, -7.798
16.91, -0.8000, -7.496
16.92, -0.8000, -8.484
16.93, -0.8000, -7.709
16.94, -0.8000, -7.879
16.95, -0.8000, -7.687
16.96, -0.8000, -7.735
16.97, -0.8000, -7.333
16.98, -0.8000, -7.028
16.99, -0.8000, -7.294
17.00, -0.8000, -7.080
17.01, -0.8000, -6.752
17.02, -0.8000, -8.181
17.03, -0.8000, -7.262
17.04, -0.8000, -7.801
17.05, -0.8000, -5.022
17.06, -0.8000, -7.497
17.07, -0.8000, -5.673
17.08, -0.8000, -7.447
17.09, -0.8000, -8.038
17.10, -0.8000, -7.710
17.11, -0.8000, -6.171
17.12, -0.8000, -8.243
17.13, -0.8000, -6.756
17.14, -0.8000, -6.957
17.15, -0.8000, -6.063
17.16, -0.8000, -8.359
17.17, -0.8000, -7.898
17.18, -0.8000, -7.033
17.19, -0.8000, -6.274
17.20, -0.8000, -8.986
17.21, -0.8000, -6.864
17.22, -0.8000, -8.271
17.23, -0.8000, -5.958
17.24, -0.8000, -7.371
17.25, -0.8000, -7.617
17.26, -0.8000, -5.731
17.27, -0.8000, -6.182
17.28, -0.8000, -7.847
17.29, -0.8000, -5.724
17.30, -0.8000, -7.875
17.31, -0.8000, -8.886
17.32, -0.8000, -6.733
17.33, -0.8000, -7.832
17.34, -0.8000, -6.015
17.35, -0.8000, -7.764
17.36, -0.8000, -8.962
17.37, -0.8000, -6.928
17.38, -0.8000, -6.931
17.39, -0.8000, -7.541
17.40, -0.8000, -6.947
17.41, -0.8000, -7.592
17.42, -0.8000, -8.006
17.43, -0.8000, -7.138
17.44, -0.8000, -6.736
17.45, -0.8000, -6.630
17.46, -0.8000, -7.489
17.47, -0.8000, -8.084
17.48, -0.8000, -7.203
17.49, -0.8000, -5.647
17.50, -0.8000, -9.990
17.51, -0.8000, -7.247
17.52, -0.8000, -7.604
17.53, -0.8000, -5.709
17.54, -0.8000, -7.778
17.55, -0.8000, -6.269
17.56, -0.8000, -8.263
17.57, -0.8000, -6.098
17.58, -0.8000, -6.917
17.59, -0.8000, -5.489
17.60, -0.8000, -6.565
17.61, -0.8000, -6.874
17.62, -0.8000, -7.705
17.63, -0.8000, -6.951
17.64, -0.8000, -7.520
17.65, -0.8000, -7.004
17.66, -0.8000, -6.684
17.67, -0.8000, -7.494
17.68, -0.8000, -7.285
17.69, -0.8000, -7.609
17.70, -0.8000, -7.496
17.71, -0.8000, -7.752
17.72, -0.8000, -7.679
17.73, -0.8000, -7.413
17.74, -0.8000, -6.801
17.75, -0.8000, -6.994
17.76, -0.8000, -7.450
17.77, -0.8000, -6.947
17.78, -0.8000, -7.845
17.79, -0.8000, -6.150
17.80, -0.8000, -7.346
17.81, -0.8000, -7.021
17.82, -0.8000, -7.318
17.83, -0.8000, -7.566
17.84, -0.8000, -8.064
17.85, -0.8000, -7.629
17.86, -0.8000, -7.814
17.87, -0.8000, -6.662
17.88, -0.8000, -8.486
17.89, -0.8000, -7.417
17.90, -0.8000, -6.320
17.91, -0.8000, -7.343
17.92, -0.8000, -8.005
17.93, -0.8000, -6.762
17.94, -0.8000, -7.067
17.95, -0.8000, -8.044
17.96, -0.8000, -6.433
17.97, -0.8000, -7.292
17.98, -0.8000, -6.305
17.99, -0.8000, -8.786
18.00, -0.8000, -7.643
18.01, -0.8000, -8.230
18.02, -0.8000, -6.952
18.03, -0.8000, -7.641
18.04, -0.8000, -7.704
18.05, -0.8000, -7.459
18.06, -0.8000, -6.397
18.07, -0.8000, -6.750
18.08, -0.8000, -7.183
18.09, -0.8000, -8.446
18.10, -0.8000, -7.276
18.11, -0.8000, -5.515
18.12, -0.8000, -8.651
18.13, -0.8000, -7.255
18.14, -0.8000, -8.373
18.15, -0.8000, -6.439
18.16, -0.8000, -8.039
18.17, -0.8000, -6.383
18.18, -0.8000, -7.212
18.19, -0.8000, -7.355
18.20, -0.8000, -8.987
18.21, -0.8000, -7.769
18.22, -0.8000, -6.490
18.23, -0.8000, -6.951
18.24, -0.8000, -6.165
18.25, -0.8000, -7.390
18.26, -0.8000, -7.159
18.27, -0.8000, -6.948
18.28, -0.8000, -7.747
18.29, -0.8000, -5.563
18.30, -0.8000, -7.092
18.31, -0.8000, -6.619
18.32, -0.8000, -7.732
18.33, -0.8000, -7.224
18.34, -0.8000, -6.973
18.35, -0.8000, -7.165
18.36, -0.8000, -8.363
18.37, -0.8000, -9.693
18.38, -0.8000, -8.614
18.39, -0.8000, -7.821
18.40, -0.8000, -7.318
18.41, -0.8000, -7.987
18.42, -0.8000, -6.246
18.43, -0.8000, -8.758
18.44, -0.8000, -8.131
18.45, -0.8000, -8.023
18.46, -0.8000, -8.016
18.47, -0.8000, -5.407
18.48, -0.8000, -7.203
18.49, -0.8000, -6.969
18.50, -0.8000, -7.890
18.51, -0.8000, -7.545
18.52, -0.8000, -6.742
18.53, -0.8000, -8.714
18.54, -0.8000, -7.648
18.55, -0.8000, -6.251
18.56, -0.8000, -6.185
18.57, -0.8000, -8.120
18.58, -0.8000, -7.814
18.59, -0.8000, -6.842
18.60, -0.8000, -8.330
18.61, -0.8000, -5.729
18.62, -0.8000, -5.883
18.63, -0.8000, -6.918
18.64, -0.8000, -8.096
18.65, -0.8000, -7.845
18.66, -0.8000, -7.105
18.67, -0.8000, -8.095
18.68, -0.8000, -6.718
18.69, -0.8000, -6.125
18.70, -0.8000, -6.039
18.71, -0.8000, -7.938
18.72, -0.8000, -7.440
18.73, -0.8000, -7.182
18.74, -0.8000, -7.586
18.75, -0.8000, -6.157
18.76, -0.8000, -7.276
18.77, -0.8000, -9.145
18.78, -0.8000, -6.316
18.79, -0.8000, -7.178
18.80, -0.8000, -7.088
18.81, -0.8000, -7.953
18.82, -0.8000, -8.902
18.83, -0.8000, -7.836
18.84, -0.8000, -8.609
18.85, -0.8000, -8.188
18.86, -0.8000, -8.501
18.87, -0.8000, -7.008
18.88, -0.8000, -7.787
18.89, -0.8000, -7.470
18.90, -0.8000, -8.277
18.91, -0.8000, -7.607
18.92, -0.8000, -7.935
18.93, -0.8000, -7.145
18.94, -0.8000, -9.356
18.95, -0.8000, -5.224
18.96, -0.8000, -4.976
18.97, -0.8000, -6.934
18.98, -0.8000, -8.445
18.99, -0.8000, -6.854
19.00, -0.8000, -5.935
19.01, -0.8000, -9.488
19.02, -0.8000, -8.153
19.03, -0.8000, -8.720
19.04, -0.8000, -7.876
19.05, -0.8000, -7.295
19.06, -0.8000, -7.464
19.07, -0.8000, -8.249
19.08, -0.8000, -7.325
19.09, -0.8000, -6.565
19.10, -0.8000, -6.808
19.11, -0.8000, -7.131
19.12, -0.8000, -6.234
19.13, -0.8000, -7.182
19.14, -0.8000, -7.005
19.15, -0.8000, -8.548
19.16, -0.8000, -7.789
19.17, -0.8000, -9.142
19.18, -0.8000, -5.826
19.19, -0.8000, -7.782
19.20, -0.8000, -6.204
19.21, -0.8000, -7.038
19.22, -0.8000, -9.903
19.23, -0.8000, -7.098
19.24, -0.8000, -6.511
19.25, -0.8000, -9.035
19.26, -0.8000, -7.396
19.27, -0.8000, -7.594
19.28, -0.8000, -6.278
19.29, -0.8000, -7.603
19.30, -0.8000, -6.159
19.31, -0.8000, -7.179
19.32, -0.8000, -7.981
19.33, -0.8000, -6.633
19.34, -0.8000, -7.947
19.35, -0.8000, -7.746
19.36, -0.8000, -8.441
19.37, -0.8000, -6.194
19.38, -0.8000, -7.462
19.39, -0.8000, -7.450
19.40, -0.8000, -7.117
19.41, -0.8000, -7.682
19.42, -0.8000, -7.522
19.43, -0.8000, -9.033
19.44, -0.8000, -7.860
19.45, -0.8000, -7.604
19.46, -0.8000, -7.746
19.47, -0.8000, -8.733
19.48, -0.8000, -6.765
19.49, -0.8000, -7.359
19.50, -0.8000, -6.003
19.51, -0.8000, -7.264
19.52, -0.8000, -6.766
19.53, -0.8000, -7.956
19.54, -0.8000, -7.663
19.55, -0.8000, -9.292
19.56, -0.8000, -5.367
19.57, -0.8000, -7.345
19.58, -0.8000, -6.970
19.59, -0.8000, -6.905
19.60, -0.8000, -7.432
19.61, -0.8000, -7.042
19.62, -0.8000, -6.929
19.63, -0.8000, -6.645
19.64, -0.8000, -6.913
19.65, -0.8000, -7.177
19.66, -0.8000, -8.801
19.67, -0.8000, -6.394
19.68, -0.8000, -7.369
19.69, -0.8000, -7.586
19.70, -0.8000, -9.515
19.71, -0.8000, -7.434
19.72, -0.8000, -7.673
19.73, -0.8000, -6.878
19.74, -0.8000, -7.524
19.75, -0.8000, -7.917
19.76, -0.8000, -8.073
19.77, -0.8000, -7.717
19.78, -0.8000, -6.708
19.79, -0.8000, -7.018
19.80, -0.8000, -5.559
19.81, -0.8000, -7.732
19.82, -0.8000, -7.388
19.83, -0.8000, -5.649
19.84, -0.8000, -6.284
19.85, -0.8000, -6.941
19.86, -0.8000, -9.070
19.87, -0.8000, -6.088
19.88, -0.8000, -7.101
19.89, -0.8000, -7.622
19.90, -0.8000, -6.361
19.91, -0.8000, -7.972
19.92, -0.8000, -6.047
19.93, -0.8000, -6.872
19.94, -0.8000, -5.806
19.95, -0.8000, -6.512
19.96, -0.8000, -7.274
19.97, -0.8000, -7.147
19.98, -0.8000, -6.065
19.99, -0.8000, -6.774
20.00, -0.8000, -9.016
20.01, -0.8000, -7.352
20.02, -0.8000, -8.882
20.03, -0.8000, -6.967
20.04, -0.8000, -8.028
20.05, -0.8000, -6.416
20.06, -0.8000, -6.006
20.07, -0.8000, -8.153
20.08, -0.8000, -5.843
20.09, -0.8000, -7.021
20.10, -0.8000, -7.782
20.11, -0.8000, -6.689
20.12, -0.8000, -5.641
20.13, -0.8000, -7.777
20.14, -0.8000, -6.364
20.15, -0.8000, -7.426
20.16, -0.8000, -7.829
20.17, -0.8000, -6.984
20.18, -0.8000, -6.487
20.19, -0.8000, -7.655
20.20, -0.8000, -7.689
20.21, -0.8000, -9.018
20.22, -0.8000, -6.737
20.23, -0.8000, -9.353
20.24, -0.8000, -6.015
20.25, -0.8000, -8.708
20.26, -0.8000, -5.992
20.27, -0.8000, -8.077
20.28, -0.8000, -10.05
20.29, -0.8000, -6.049
20.30, -0.8000, -8.060
20.31, -0.8000, -7.660
20.32, -0.8000, -8.560
20.33, -0.8000, -5.727
20.34, -0.8000, -5.466
20.35, -0.8000, -8.137
20.36, -0.8000, -5.631
20.37, -0.8000, -7.510
20.38, -0.8000, -8.013
20.39, -0.8000, -5.956
20.40, -0.8000, -6.542
20.41, -0.8000, -7.323
20.42, -0.8000, -5.556
20.43, -0.8000, -6.343
20.44, -0.8000, -4.805
20.45, -0.8000, -6.684
20.46, -0.8000, -7.309
20.47, -0.8000, -7.507
20.48, -0.8000, -7.507
20.49, -0.8000, -5.952
20.50, -0.8000, -7.342
20.51, -0.8000, -7.417
20.52, -0.8000, -7.409
20.53, -0.8000, -9.084
20.54, -0.8000, -5.094
20.55, -0.8000, -8.199
20.56, -0.8000, -7.433
20.57, -0.8000, -8.080
20.58, -0.8000, -6.865
20.59, -0.8000, -7.114
20.60, -0.8000, -6.593
20.61, -0.8000, -6.480
20.62, -0.8000, -7.332
20.63, -0.8000, -6.550
20.64, -0.8000, -6.893
20.65, -0.8000, -8.047
20.66, -0.8000, -10.06
20.67, -0.8000, -6.673
20.68, -0.8000, -6.033
20.69, -0.8000, -8.539
20.70, -0.8000, -7.740
20.71, -0.8000, -7.506
20.72, -0.8000, -7.138
20.73, -0.8000, -6.678
20.74, -0.8000, -6.928
20.75, -0.8000, -8.716
20.76, -0.8000, -6.914
20.77, -0.8000, -7.979
20.78, -0.8000, -6.845
20.79, -0.8000, -6.585
20.80, -0.8000, -7.276
20.81, -0.8000, -7.846
20.82, -0.8000, -6.324
20.83, -0.8000, -6.794
20.84, -0.8000, -7.383
20.85, -0.8000, -9.621
20.86, -0.8000, -6.515
20.87, -0.8000, -6.848
20.88, -0.8000, -8.176
20.89, -0.8000, -8.126
20.90, -0.8000, -8.540
20.91, -0.8000, -6.528
20.92, -0.8000, -7.123
20.93, -0.8000, -5.252
20.94, -0.8000, -8.297
20.95, -0.8000, -6.113
20.96, -0.8000, -6.752
20.97, -0.8000, -6.259
20.98, -0.8000, -8.412
20.99, -0.8000, -7.020
21.00, -0.8000, -6.508
21.01, -0.8000, -7.786
21.02, -0.8000, -7.108
21.03, -0.8000, -7.138
21.04, -0.8000, -7.402
21.05, -0.8000, -8.133
21.06, -0.8000, -5.961
21.07, -0.8000, -7.514
21.08, -0.8000, -7.476
21.09, -0.8000, -8.907
21.10, -0.8000, -7.927
21.11, -0.8000, -5.999
21.12, -0.8000, -7.808
21.13, -0.8000, -5.983
21.14, -0.8000, -7.029
21.15, -0.8000, -7.538
21.16, -0.8000, -7.872
21.17, -0.8000, -7.005
21.18, -0.8000, -8.626
21.19, -0.8000, -5.623
21.20, -0.8000, -6.724
21.21, -0.8000, -7.166
21.22, -0.8000, -7.125
21.23, -0.8000, -6.011
21.24, -0.8000, -9.215
21.25, -0.8000, -8.018
21.26, -0.8000, -7.382
21.27, -0.8000, -7.184
21.28, -0.8000, -6.758
21.29, -0.8000, -7.400
21.30, -0.8000, -7.459
21.31, -0.8000, -7.919
21.32, -0.8000, -5.416
21.33, -0.8000, -6.908
21.34, -0.8000, -7.896
21.35, -0.8000, -5.406
21.36, -0.8000, -5.810
21.37, -0.8000, -7.194
21.38, -0.8000, -5.686
21.39, -0.8000, -6.156
21.40, -0.8000, -7.463
21.41, -0.8000, -8.943
21.42, -0.8000, -6.741
21.43, -0.8000, -7.474
21.44, -0.8000, -6.920
21.45, -0.8000, -7.941
21.46, -0.8000, -6.277
21.47, -0.8000, -7.022
21.48, -0.8000, -6.873
21.49, -0.8000, -7.440
21.50, -0.8000, -7.151
21.51, -0.8000, -8.060
21.52, -0.8000, -6.807
21.53, -0.8000, -7.652
21.54, -0.8000, -8.154
21.55, -0.8000, -6.349
21.56, -0.8000, -7.229
21.57, -0.8000, -5.953
21.58, -0.8000, -6.716
21.59, -0.8000, -6.216
21.60, -0.8000, -7.691
21.61, -0.8000, -6.115
21.62, -0.8000, -7.576
21.63, -0.8000, -6.869
21.64, -0.8000, -6.694
21.65, -0.8000, -6.248
21.66, -0.8000, -7.887
21.67, -0.8000, -6.373
21.68, -0.8000, -6.237
21.69, -0.8000, -5.318
21.70, -0.8000, -5.568
21.71, -0.8000, -6.407
21.72, -0.8000, -5.761
21.73, -0.8000, -8.189
21.74, -0.8000, -7.014
21.75, -0.8000, -6.901
21.76, -0.8000, -5.802
21.77, -0.8000, -7.342
21.78, -0.8000, -6.855
21.79, -0.8000, -6.270
21.80, -0.8000, -7.875
21.81, -0.8000, -7.172
21.82, -0.8000, -5.918
21.83, -0.8000, -5.770
21.84, -0.8000, -8.478
21.85, -0.8000, -8.397
21.86, -0.8000, -5.580
21.87, -0.8000, -7.008
21.88, -0.8000, -7.734
21.89, -0.8000, -6.928
21.90, -0.8000, -6.433
21.91, -0.8000, -7.170
21.92, -0.8000, -7.368
21.93, -0.8000, -6.850
21.94, -0.8000, -7.976
21.95, -0.8000, -6.331
21.96, -0.8000, -8.201
21.97, -0.8000, -7.001
21.98, -0.8000, -7.055
21.99, -0.8000, -5.776
22.00, -0.8000, -7.647
22.01, -0.8000, -7.054
22.02, -0.8000, -6.326
22.03, -0.8000, -7.824
22.04, -0.8000, -8.338
22.05, -0.8000, -6.231
22.06, -0.8000, -7.223
22.07, -0.8000, -6.006
22.08, -0.8000, -7.464
22.09, -0.8000, -6.896
22.10, -0.8000, -6.733
22.11, -0.8000, -6.214
22.12, -0.8000, -8.174
22.13, -0.8000, -6.030
22.14, -0.8000, -7.535
22.15, -0.8000, -6.635
22.16, -0.8000, -7.770
22.17, -0.8000, -6.729
22.18, -0.8000, -6.221
22.19, -0.8000, -6.707
22.20, -0.8000, -6.805
22.21, -0.8000, -7.995
22.22, -0.8000, -7.733
22.23, -0.8000, -9.235
22.24, -0.8000, -7.047
22.25, -0.8000, -8.141
22.26, -0.8000, -8.096
22.27, -0.8000, -7.161
22.28, -0.8000, -7.014
22.29, -0.8000, -6.959
22.30, -0.8000, -6.312
22.31, -0.8000, -7.091
22.32, -0.8000, -7.079
22.33, -0.8000, -5.725
22.34, -0.8000, -7.540
22.35, -0.8000, -6.360
22.36, -0.8000, -8.232
22.37, -0.8000, -6.898
22.38, -0.8000, -5.725
22.39, -0.8000, -7.328
22.40, -0.8000, -6.061
22.41, -0.8000, -6.274
22.42, -0.8000, -8.373
22.43, -0.8000, -8.521
22.44, -0.8000, -7.522
22.45, -0.8000, -7.438
22.46, -0.8000, -6.177
22.47, -0.8000, -6.490
22.48, -0.8000, -5.591
22.49, -0.8000, -7.679
22.50, -0.8000, -8.647
22.51, -0.8000, -5.705
22.52, -0.8000, -6.795
22.53, -0.8000, -7.467
22.54, -0.8000, -7.723
22.55, -0.8000, -7.473
22.56, -0.8000, -8.168
22.57, -0.8000, -8.517
22.58, -0.8000, -7.434
22.59, -0.8000, -7.107
22.60, -0.8000, -6.645
22.61, -0.8000, -5.884
22.62, -0.8000, -8.405
22.63, -0.8000, -7.600
22.64, -0.8000, -5.400
22.65, -0.8000, -8.448
22.66, -0.8000, -8.366
22.67, -0.8000, -7.609
22.68, -0.8000, -5.866
22.69, -0.8000, -8.721
22.70, -0.8000, -7.051
22.71, -0.8000, -7.472
22.72, -0.8000, -6.379
22.73, -0.8000, -6.654
22.74, -0.8000, -6.656
22.75, -0.8000, -8.721
22.76, -0.8000, -7.754
22.77, -0.8000, -6.534
22.78, -0.8000, -9.532
22.79, -0.8000, -7.059
22.80, -0.8000, -7.137
22.81, -0.8000, -5.541
22.82, -0.8000, -6.655
22.83, -0.8000, -6.577
22.84, -0.8000, -8.355
22.85, -0.8000, -6.254
22.86, -0.8000, -7.347
22.87, -0.8000, -5.922
22.88, -0.8000, -7.049
22.89, -0.8000, -5.807
22.90, -0.8000, -7.981
22.91, -0.8000, -6.216
22.92, -0.8000, -6.674
22.93, -0.8000, -6.521
22.94, -0.8000, -8.027
22.95, -0.8000, -7.388
22.96, -0.8000, -6.911
22.97, -0.8000, -6.583
22.98, -0.8000, -7.910
22.99, -0.8000, -6.350
23.00, -0.8000, -6.119
23.01, -0.8000, -5.615
23.02, -0.8000, -6.053
23.03, -0.8000, -8.793
23.04, -0.8000, -6.782
23.05, -0.8000, -7.309
23.06, -0.8000, -7.421
23.07, -0.8000, -7.229
23.08, -0.8000, -7.372
23.09, -0.8000, -7.724
23.10, -0.8000, -7.117
23.11, -0.8000, -8.484
23.12, -0.8000, -7.753
23.13, -0.8000, -6.320
23.14, -0.8000, -6.794
23.15, -0.8000, -6.883
23.16, -0.8000, -5.336
23.17, -0.8000, -6.187
23.18, -0.8000, -6.101
23.19, -0.8000, -6.844
23.20, -0.8000, -6.560
23.21, -0.8000, -5.751
23.22, -0.8000, -7.019
23.23, -0.8000, -5.246
23.24, -0.8000, -6.461
23.25, -0.8000, -7.765
23.26, -0.8000, -7.600
23.27, -0.8000, -6.697
23.28, -0.8000, -7.554
23.29, -0.8000, -5.219
23.30, -0.8000, -6.691
23.31, -0.8000, -8.010
23.32, -0.8000, -6.900
23.33, -0.8000, -6.032
23.34, -0.8000, -5.627
23.35, -0.8000, -7.137
23.36, -0.8000, -7.178
23.37, -0.8000, -7.989
23.38, -0.8000, -7.397
23.39, -0.8000, -6.213
23.40, -0.8000, -5.924
23.41, -0.8000, -7.439
23.42, -0.8000, -6.465
23.43, -0.8000, -8.155
23.44, -0.8000, -6.322
23.45, -0.8000, -7.374
23.46, -0.8000, -6.999
23.47, -0.8000, -5.182
23.48, -0.8000, -6.970
23.49, -0.8000, -7.903
23.50, -0.8000, -6.646
23.51, -0.8000, -6.966
23.52, -0.8000, -6.720
23.53, -0.8000, -6.400
23.54, -0.8000, -7.733
23.55, -0.8000, -6.794
23.56, -0.8000, -7.614
23.57, -0.8000, -7.021
23.58, -0.8000, -8.278
23.59, -0.8000, -7.251
23.60, -0.8000, -6.719
23.61, -0.8000, -7.554
23.62, -0.8000, -7.208
23.63, -0.8000, -7.787
23.64, -0.8000, -7.344
23.65, -0.8000, -8.396
23.66, -0.8000, -6.364
23.67, -0.8000, -7.356
23.68, -0.8000, -7.279
23.69, -0.8000, -6.903
23.70, -0.8000, -5.921
23.71, -0.8000, -8.567
23.72, -0.8000, -7.533
23.73, -0.8000, -8.964
23.74, -0.8000, -7.016
23.75, -0.8000, -7.402
23.76, -0.8000, -8.515
23.77, -0.8000, -6.425
23.78, -0.8000, -7.225
23.79, -0.8000, -5.511
23.80, -0.8000, -7.576
23.81, -0.8000, -6.850
23.82, -0.8000, -5.895
23.83, -0.8000, -7.244
23.84, -0.8000, -6.719
23.85, -0.8000, -5.807
23.86, -0.8000, -6.809
23.87, -0.8000, -6.454
23.88, -0.8000, -8.559
23.89, -0.8000, -6.499
23.90, -0.8000, -6.675
23.91, -0.8000, -6.027
23.92, -0.8000, -6.250
23.93, -0.8000, -8.064
23.94, -0.8000, -7.526
23.95, -0.8000, -8.262
23.96, -0.8000, -7.440
23.97, -0.8000, -6.489
23.98, -0.8000, -7.489
23.99, -0.8000, -7.648
24.00, -0.8000, -5.931
24.01, -0.8000, -7.153
24.02, -0.8000, -6.476
24.03, -0.8000, -6.665
24.04, -0.8000, -5.591
24.05, -0.8000, -6.841
24.06, -0.8000, -5.508
24.07, -0.8000, -6.796
24.08, -0.8000, -6.222
24.09, -0.8000, -7.700
24.10, -0.8000, -6.747
24.11, -0.8000, -6.557
24.12, -0.8000, -7.416
24.13, -0.8000, -7.655
24.14, -0.8000, -8.457
24.15, -0.8000, -8.604
24.16, -0.8000, -6.943
24.17, -0.8000, -6.435
24.18, -0.8000, -6.816
24.19, -0.8000, -5.937
24.20, -0.8000, -7.824
24.21, -0.8000, -6.610
24.22, -0.8000, -6.240
24.23, -0.8000, -6.192
24.24, -0.8000, -9.015
24.25, -0.8000, -5.723
24.26, -0.8000, -6.394
24.27, -0.8000, -5.974
24.28, -0.8000, -8.981
24.29, -0.8000, -6.934
24.30, -0.8000, -6.542
24.31, -0.8000, -6.935
24.32, -0.8000, -6.907
24.33, -0.8000, -6.780
24.34, -0.8000, -5.526
24.35, -0.8000, -6.823
24.36, -0.8000, -8.191
24.37, -0.8000, -5.487
24.38, -0.8000, -6.655
24.39, -0.8000, -7.495
24.40, -0.8000, -7.907
24.41, -0.8000, -6.026
24.42, -0.8000, -5.741
24.43, -0.8000, -7.610
24.44, -0.8000, -6.068
24.45, -0.8000, -7.325
24.46, -0.8000, -7.092
24.47, -0.8000, -8.845
24.48, -0.8000, -6.113
24.49, -0.8000, -7.410
24.50, -0.8000, -7.527
24.51, -0.8000, -5.364
24.52, -0.8000, -6.489
24.53, -0.8000, -6.638
24.54, -0.8000, -8.438
24.55, -0.8000, -6.424
24.56, -0.8000, -6.974
24.57, -0.8000, -7.452
24.58, -0.8000, -7.557
24.59, -0.8000, -5.128
24.60, -0.8000, -7.556
24.61, -0.8000, -6.524
24.62, -0.8000, -6.917
24.63, -0.8000, -6.073
24.64, -0.8000, -6.628
24.65, -0.8000, -7.335
24.66, -0.8000, -7.979
24.67, -0.8000, -5.416
24.68, -0.8000, -7.118
24.69, -0.8000, -6.561
24.70, -0.8000, -8.489
24.71, -0.8000, -7.780
24.72, -0.8000, -5.477
24.73, -0.8000, -7.650
24.74, -0.8000, -7.271
24.75, -0.8000, -7.012
24.76, -0.8000, -6.917
24.77, -0.8000, -7.917
24.78, -0.8000, -6.554
24.79, -0.8000, -7.450
24.80, -0.8000, -6.996
24.81, -0.8000, -6.177
24.82, -0.8000, -7.388
24.83, -0.8000, -6.657
24.84, -0.8000, -7.458
24.85, -0.8000, -8.099
24.86, -0.8000, -7.571
24.87, -0.8000, -7.055
24.88, -0.8000, -7.029
24.89, -0.8000, -7.016
24.90, -0.8000, -7.550
24.91, -0.8000, -7.617
24.92, -0.8000, -7.576
24.93, -0.8000, -7.499
24.94, -0.8000, -9.383
24.95, -0.8000, -5.846
24.96, -0.8000, -6.370
24.97, -0.8000, -7.104
24.98, -0.8000, -5.969
24.99, -0.8000, -6.953
25.00, -0.8000, -7.690
25.01, -0.8000, -7.098
25.02, -0.8000, -6.011
25.03, -0.8000, -6.657
25.04, -0.8000, -7.396
25.05, -0.8000, -5.668
25.06, -0.8000, -7.014
25.07, -0.8000, -8.717
25.08, -0.8000, -7.305
25.09, -0.8000, -7.621
25.10, -0.8000, -6.847
25.11, -0.8000, -6.671
25.12, -0.8000, -6.255
25.13, -0.8000, -7.637
25.14, -0.8000, -6.473
25.15, -0.8000, -6.890
25.16, -0.8000, -7.406
25.17, -0.8000, -8.396
25.18, -0.8000, -7.175
25.19, -0.8000, -6.814
25.20, -0.8000, -7.033
25.21, -0.8000, -6.014
25.22, -0.8000, -6.875
25.23, -0.8000, -6.503
25.24, -0.8000, -8.284
25.25, -0.8000, -6.935
25.26, -0.8000, -6.550
25.27, -0.8000, -6.592
25.28, -0.8000, -5.662
25.29, -0.8000, -6.755
25.30, -0.8000, -6.860
25.31, -0.8000, -7.031
25.32, -0.8000, -6.428
25.33, -0.8000, -6.777
25.34, -0.8000, -6.346
25.35, -0.8000, -7.448
25.36, -0.8000, -7.153
25.37, -0.8000, -6.208
25.38, -0.8000, -7.083
25.39, -0.8000, -6.450
25.40, -0.8000, -7.298
25.41, -0.8000, -6.571
25.42, -0.8000, -6.621
25.43, -0.8000, -6.512
25.44, -0.8000, -7.301
25.45, -0.8000, -6.837
25.46, -0.8000, -7.427
25.47, -0.8000, -7.184
25.48, -0.8000, -5.259
25.49, -0.8000, -6.800
25.50, -0.8000, -6.311
25.51, -0.8000, -7.815
25.52, -0.8000, -6.888
25.53, -0.8000, -8.706
25.54, -0.8000, -6.803
25.55, -0.8000, -6.789
25.56, -0.8000, -6.254
25.57, -0.8000, -7.218
25.58, -0.8000, -7.103
25.59, -0.8000, -6.918
25.60, -0.8000, -7.644
25.61, -0.8000, -6.755
25.62, -0.8000, -7.284
25.63, -0.8000, -5.232
25.64, -0.8000, -7.849
25.65, -0.8000, -7.390
25.66, -0.8000, -5.598
25.67, -0.8000, -6.990
25.68, -0.8000, -6.415
25.69, -0.8000, -7.218
25.70, -0.8000, -6.306
25.71, -0.8000, -7.713
25.72, -0.8000, -6.524
25.73, -0.8000, -6.327
25.74, -0.8000, -6.596
25.75, -0.8000, -6.480
25.76, -0.8000, -8.584
25.77, -0.8000, -6.334
25.78, -0.8000, -6.931
25.79, -0.8000, -5.896
25.80, -0.8000, -7.822
25.81, -0.8000, -6.713
25.82, -0.8000, -7.583
25.83, -0.8000, -6.881
25.84, -0.8000, -6.674
25.85, -0.8000, -6.470
25.86, -0.8000, -5.942
25.87, -0.8000, -7.440
25.88, -0.8000, -6.110
25.89, -0.8000, -7.258
25.90, -0.8000, -7.033
25.91, -0.8000, -6.691
25.92, -0.8000, -7.284
25.93, -0.8000, -5.732
25.94, -0.8000, -6.296
25.95, -0.8000, -5.965
25.96, -0.8000, -8.676
25.97, -0.8000, -6.833
25.98, -0.8000, -7.168
25.99, -0.8000, -6.659
26.00, -0.8000, -7.394
26.01, -0.8000, -5.788
26.02, -0.8000, -6.674
26.03, -0.8000, -6.903
26.04, -0.8000, -6.834
26.05, -0.8000, -7.066
26.06, -0.8000, -7.914
26.07, -0.8000, -7.457
26.08, -0.8000, -7.201
26.09, -0.8000, -7.937
26.10, -0.8000, -6.538
26.11, -0.8000, -6.559
26.12, -0.8000, -5.986
26.13, -0.8000, -6.375
26.14, -0.8000, -6.351
26.15, -0.8000, -6.926
26.16, -0.8000, -7.309
26.17, -0.8000, -6.904
26.18, -0.8000, -7.679
26.19, -0.8000, -6.550
26.20, -0.8000, -6.766
26.21, -0.8000, -6.248
26.22, -0.8000, -6.699
26.23, -0.8000, -6.444
26.24, -0.8000, -6.587
26.25, -0.8000, -7.502
26.26, -0.8000, -6.379
26.27, -0.8000, -6.874
26.28, -0.8000, -6.596
26.29, -0.8000, -9.058
26.30, -0.8000, -5.841
26.31, -0.8000, -8.036
26.32, -0.8000, -6.712
26.33, -0.8000, -8.019
26.34, -0.8000, -6.044
26.35, -0.8000, -6.600
26.36, -0.8000, -6.618
26.37, -0.8000, -5.964
26.38, -0.8000, -6.984
26.39, -0.8000, -6.748
26.40, -0.8000, -7.706
26.41, -0.8000, -7.118
26.42, -0.8000, -7.634
26.43, -0.8000, -6.429
26.44, -0.8000, -7.622
26.45, -0.8000, -6.687
26.46, -0.8000, -6.034
26.47, -0.8000, -7.567
26.48, -0.8000, -4.434
26.49, -0.8000, -6.548
26.50, -0.8000, -7.560
26.51, -0.8000, -6.600
26.52, -0.8000, -6.071
26.53, -0.8000, -7.557
26.54, -0.8000, -8.041
26.55, -0.8000, -7.068
26.56, -0.8000, -7.097
26.57, -0.8000, -7.510
26.58, -0.8000, -4.975
26.59, -0.8000, -6.726
26.60, -0.8000, -8.232
26.61, -0.8000, -5.570
26.62, -0.8000, -6.825
26.63, -0.8000, -6.373
26.64, -0.8000, -6.672
26.65, -0.8000, -7.144
26.66, -0.8000, -7.575
26.67, -0.8000, -6.222
26.68, -0.8000, -7.581
26.69, -0.8000, -7.004
26.70, -0.8000, -6.893
26.71, -0.8000, -7.838
26.72, -0.8000, -6.947
26.73, -0.8000, -6.662
26.74, -0.8000, -6.492
26.75, -0.8000, -6.420
26.76, -0.8000, -6.885
26.77, -0.8000, -8.924
26.78, -0.8000, -7.067
26.79, -0.8000, -7.108
26.80, -0.8000, -6.717
26.81, -0.8000, -5.351
26.82, -0.8000, -7.432
26.83, -0.8000, -5.244
26.84, -0.8000, -7.142
26.85, -0.8000, -7.170
26.86, -0.8000, -7.052
26.87, -0.8000, -6.793
26.88, -0.8000, -7.464
26.89, -0.8000, -7.146
26.90, -0.8000, -5.526
26.91, -0.8000, -7.492
26.92, -0.8000, -7.090
26.93, -0.8000, -6.648
26.94, -0.8000, -6.179
26.95, -0.8000, -7.576
26.96, -0.8000, -7.636
26.97, -0.8000, -6.396
26.98, -0.8000, -6.902
26.99, -0.8000, -5.949
27.00, -0.8000, -7.467
27.01, -0.8000, -5.547
27.02, -0.8000, -6.467
27.03, -0.8000, -6.430
27.04, -0.8000, -6.792
27.05, -0.8000, -6.441
27.06, -0.8000, -7.715
27.07, -0.8000, -6.907
27.08, -0.8000, -6.534
27.09, -0.8000, -7.014
27.10, -0.8000, -5.295
27.11, -0.8000, -6.437
27.12, -0.8000, -6.611
27.13, -0.8000, -7.441
27.14, -0.8000, -6.396
27.15, -0.8000, -6.915
27.16, -0.8000, -6.614
27.17, -0.8000, -6.166
27.18, -0.8000, -7.892
27.19, -0.8000, -5.483
27.20, -0.8000, -7.312
27.21, -0.8000, -6.212
27.22, -0.8000, -6.437
27.23, -0.8000, -6.967
27.24, -0.8000, -8.112
27.25, -0.8000, -6.371
27.26, -0.8000, -6.915
27.27, -0.8000, -7.547
27.28, -0.8000, -7.073
27.29, -0.8000, -6.781
27.30, -0.8000, -6.314
27.31, -0.8000, -6.812
27.32, -0.8000, -7.093
27.33, -0.8000, -7.369
27.34, -0.8000, -6.817
27.35, -0.8000, -6.642
27.36, -0.8000, -6.219
27.37, -0.8000, -6.719
27.38, -0.8000, -4.999
27.39, -0.8000, -6.896
27.40, -0.8000, -8.820
27.41, -0.8000, -6.282
27.42, -0.8000, -6.296
27.43, -0.8000, -7.542
27.44, -0.8000, -6.858
27.45, -0.8000, -7.830
27.46, -0.8000, -7.576
27.47, -0.8000, -6.688
27.48, -0.8000, -5.697
27.49, -0.8000, -6.159
27.50, -0.8000, -6.080
27.51, -0.8000, -6.389
27.52, -0.8000, -5.286
27.53, -0.8000, -5.991
27.54, -0.8000, -7.951
27.55, -0.8000, -5.935
27.56, -0.8000, -8.244
27.57, -0.8000, -6.528
27.58, -0.8000, -6.759
27.59, -0.8000, -6.708
27.60, -0.8000, -7.477
27.61, -0.8000, -5.718
27.62, -0.8000, -7.722
27.63, -0.8000, -6.386
27.64, -0.8000, -5.557
27.65, -0.8000, -6.733
27.66, -0.8000, -6.419
27.67, -0.8000, -7.036
27.68, -0.8000, -5.962
27.69, -0.8000, -5.900
27.70, -0.8000, -7.026
27.71, -0.8000, -7.303
27.72, -0.8000, -7.034
27.73, -0.8000, -6.751
27.74, -0.8000, -7.460
27.75, -0.8000, -7.465
27.76, -0.8000, -7.372
27.77, -0.8000, -6.379
27.78, -0.8000, -7.458
27.79, -0.8000, -6.487
27.80, -0.8000, -7.360
27.81, -0.8000, -6.725
27.82, -0.8000, -6.316
27.83, -0.8000, -7.792
27.84, -0.8000, -7.179
27.85, -0.8000, -7.080
27.86, -0.8000, -6.883
27.87, -0.8000, -7.566
27.88, -0.8000, -6.873
27.89, -0.8000, -7.119
27.90, -0.8000, -5.540
27.91, -0.8000, -5.824
27.92, -0.8000, -7.259
27.93, -0.8000, -5.780
27.94, -0.8000, -7.653
27.95, -0.8000, -7.764
27.96, -0.8000, -6.372
27.97, -0.8000, -6.911
27.98, -0.8000, -6.548
27.99, -0.8000, -6.183
28.00, -0.8000, -5.959
28.01, -0.8000, -7.224
28.02, -0.8000, -5.934
28.03, -0.8000, -5.419
28.04, -0.8000, -6.890
28.05, -0.8000, -6.762
28.06, -0.8000, -5.698
28.07, -0.8000, -6.531
28.08, -0.8000, -5.830
28.09, -0.8000, -7.280
28.10, -0.8000, -7.237
28.11, -0.8000, -6.212
28.12, -0.8000, -5.726
28.13, -0.8000, -5.908
28.14, -0.8000, -5.695
28.15, -0.8000, -6.660
28.16, -0.8000, -5.746
28.17, -0.8000, -5.981
28.18, -0.8000, -6.748
28.19, -0.8000, -6.566
28.20, -0.8000, -6.452
28.21, -0.8000, -5.617
28.22, -0.8000, -8.116
28.23, -0.8000, -7.541
28.24, -0.8000, -7.038
28.25, -0.8000, -7.408
28.26, -0.8000, -6.233
28.27, -0.8000, -7.241
28.28, -0.8000, -5.105
28.29, -0.8000, -7.896
28.30, -0.8000, -7.209
28.31, -0.8000, -7.774
28.32, -0.8000, -5.787
28.33, -0.8000, -7.367
28.34, -0.8000, -6.675
28.35, -0.8000, -6.399
28.36, -0.8000, -5.865
28.37, -0.8000, -4.618
28.38, -0.8000, -6.750
28.39, -0.8000, -5.153
28.40, -0.8000, -5.773
28.41, -0.8000, -6.506
28.42, -0.8000, -5.212
28.43, -0.8000, -5.185
28.44, -0.8000, -6.952
28.45, -0.8000, -6.162
28.46, -0.8000, -6.706
28.47, -0.8000, -5.774
28.48, -0.8000, -8.900
28.49, -0.8000, -6.865
28.50, -0.8000, -7.641
28.51, -0.8000, -6.163
28.52, -0.8000, -5.728
28.53, -0.8000, -6.706
28.54, -0.8000, -6.875
28.55, -0.8000, -5.676
28.56, -0.8000, -6.502
28.57, -0.8000, -5.660
28.58, -0.8000, -6.737
28.59, -0.8000, -6.976
28.60, -0.8000, -6.083
28.61, -0.8000, -7.433
28.62, -0.8000, -6.062
28.63, -0.8000, -5.930
28.64, -0.8000, -6.059
28.65, -0.8000, -7.788
28.66, -0.8000, -7.068
28.67, -0.8000, -6.556
28.68, -0.8000, -6.307
28.69, -0.8000, -6.807
28.70, -0.8000, -7.403
28.71, -0.8000, -7.436
28.72, -0.8000, -8.048
28.73, -0.8000, -6.340
28.74, -0.8000, -7.726
28.75, -0.8000, -6.181
28.76, -0.8000, -7.118
28.77, -0.8000, -6.747
28.78, -0.8000, -7.280
28.79, -0.8000, -7.321
28.80, -0.8000, -6.288
28.81, -0.8000, -5.460
28.82, -0.8000, -6.792
28.83, -0.8000, -8.731
28.84, -0.8000, -5.965
28.85, -0.8000, -7.113
28.86, -0.8000, -6.340
28.87, -0.8000, -6.652
28.88, -0.8000, -5.951
28.89, -0.8000, -7.194
28.90, -0.8000, -7.624
28.91, -0.8000, -6.731
28.92, -0.8000, -5.695
28.93, -0.8000, -8.206
28.94, -0.8000, -5.614
28.95, -0.8000, -7.396
28.96, -0.8000, -5.710
28.97, -0.8000, -8.193
28.98, -0.8000, -6.824
28.99, -0.8000, -5.465
29.00, -0.8000, -5.862
29.01, -0.8000, -7.328
29.02, -0.8000, -7.551
29.03, -0.8000, -6.295
29.04, -0.8000, -8.016
29.05, -0.8000, -7.573
29.06, -0.8000, -7.192
29.07, -0.8000, -5.896
29.08, -0.8000, -6.370
29.09, -0.8000, -6.648
29.10, -0.8000, -6.095
29.11, -0.8000, -6.848
29.12, -0.8000, -6.607
29.13, -0.8000, -6.776
29.14, -0.8000, -6.040
29.15, -0.8000, -7.667
29.16, -0.8000, -7.900
29.17, -0.8000, -5.190
29.18, -0.8000, -5.639
29.19, -0.8000, -5.639
29.20, -0.8000, -7.877
29.21, -0.8000, -6.787
29.22, -0.8000, -6.536
29.23, -0.8000, -7.188
29.24, -0.8000, -6.561
29.25, -0.8000, -6.085
29.26, -0.8000, -5.274
29.27, -0.8000, -5.658
29.28, -0.8000, -7.236
29.29, -0.8000, -7.008
29.30, -0.8000, -5.712
29.31, -0.8000, -7.046
29.32, -0.8000, -8.202
29.33, -0.8000, -6.962
29.34, -0.8000, -6.806
29.35, -0.8000, -6.695
29.36, -0.8000, -6.371
29.37, -0.8000, -4.841
29.38, -0.8000, -6.767
29.39, -0.8000, -6.477
29.40, -0.8000, -7.146
29.41, -0.8000, -5.696
29.42, -0.8000, -7.215
29.43, -0.8000, -5.715
29.44, -0.8000, -7.270
29.45, -0.8000, -7.109
29.46, -0.8000, -5.705
29.47, -0.8000, -7.259
29.48, -0.8000, -6.828
29.49, -0.8000, -6.810
29.50, -0.8000, -6.911
29.51, -0.8000, -6.383
29.52, -0.8000, -5.890
29.53, -0.8000, -6.512
29.54, -0.8000, -5.180
29.55, -0.8000, -7.317
29.56, -0.8000, -7.588
29.57, -0.8000, -5.892
29.58, -0.8000, -6.585
29.59, -0.8000, -6.906
29.60, -0.8000, -5.785
29.61, -0.8000, -7.411
29.62, -0.8000, -8.012
29.63, -0.8000, -7.175
29.64, -0.8000, -5.670
29.65, -0.8000, -8.636
29.66, -0.8000, -6.903
29.67, -0.8000, -6.825
29.68, -0.8000, -6.959
29.69, -0.8000, -6.305
29.70, -0.8000, -8.082
29.71, -0.8000, -6.567
29.72, -0.8000, -6.721
29.73, -0.8000, -4.789
29.74, -0.8000, -6.876
29.75, -0.8000, -5.066
29.76, -0.8000, -6.395
29.77, -0.8000, -6.866
29.78, -0.8000, -8.007
29.79, -0.8000, -6.822
29.80, -0.8000, -8.531
29.81, -0.8000, -6.801
29.82, -0.8000, -6.516
29.83, -0.8000, -6.414
29.84, -0.8000, -6.847
29.85, -0.8000, -6.770
29.86, -0.8000, -5.713
29.87, -0.8000, -5.877
29.88, -0.8000, -5.331
29.89, -0.8000, -7.733
29.90, -0.8000, -5.976
29.91, -0.8000, -6.708
29.92, -0.8000, -7.217
29.93, -0.8000, -7.469
29.94, -0.8000, -6.066
29.95, -0.8000, -7.123
29.96, -0.8000, -5.750
29.97, -0.8000, -6.128
29.98, -0.8000, -7.265
29.99, -0.8000, -5.875
30.00, -0.8000, -5.273
30.01, -0.8000, -4.265
30.02, -0.8000, -5.776
30.03, -0.8000, -6.727
30.04, -0.8000, -6.843
30.05, -0.8000, -5.994
30.06, -0.8000, -6.177
30.07, -0.8000, -6.456
30.08, -0.8000, -7.509
30.09, -0.8000, -5.743
30.10, -0.8000, -6.520
30.11, -0.8000, -6.825
30.12, -0.8000, -7.272
30.13, -0.8000, -6.832
30.14, -0.8000, -6.094
30.15, -0.8000, -6.435
30.16, -0.8000, -7.630
30.17, -0.8000, -7.190
30.18, -0.8000, -5.941
30.19, -0.8000, -6.182
30.20, -0.8000, -5.118
30.21, -0.8000, -6.940
30.22, -0.8000, -5.247
30.23, -0.8000, -7.530
30.24, -0.8000, -5.267
30.25, -0.8000, -7.345
30.26, -0.8000, -6.262
30.27, -0.8000, -7.246
30.28, -0.8000, -6.797
30.29, -0.8000, -5.384
30.30, -0.8000, -6.985
30.31, -0.8000, -7.009
30.32, -0.8000, -6.160
30.33, -0.8000, -5.989
30.34, -0.8000, -8.033
30.35, -0.8000, -6.843
30.36, -0.8000, -7.038
30.37, -0.8000, -6.628
30.38, -0.8000, -7.591
30.39, -0.8000, -6.145
30.40, -0.8000, -6.830
30.41, -0.8000, -7.826
30.42, -0.8000, -4.992
30.43, -0.8000, -5.726
30.44, -0.8000, -4.776
30.45, -0.8000, -5.313
30.46, -0.8000, -6.042
30.47, -0.8000, -6.629
30.48, -0.8000, -8.838
30.49, -0.8000, -6.386
30.50, -0.8000, -6.242
30.51, -0.8000, -6.926
30.52, -0.8000, -5.873
30.53, -0.8000, -6.068
30.54, -0.8000, -5.956
30.55, -0.8000, -5.715
30.56, -0.8000, -5.188
30.57, -0.8000, -5.567
30.58, -0.8000, -5.861
30.59, -0.8000, -4.330
30.60, -0.8000, -6.384
30.61, -0.8000, -6.555
30.62, -0.8000, -6.182
30.63, -0.8000, -4.712
30.64, -0.8000, -8.086
30.65, -0.8000, -6.928
30.66, -0.8000, -7.638
30.67, -0.8000, -5.992
30.68, -0.8000, -7.735
30.69, -0.8000, -6.640
30.70, -0.8000, -7.234
30.71, -0.8000, -6.171
30.72, -0.8000, -7.698
30.73, -0.8000, -6.434
30.74, -0.8000, -7.140
30.75, -0.8000, -4.396
30.76, -0.8000, -6.480
30.77, -0.8000, -6.390
30.78, -0.8000, -6.928
30.79, -0.8000, -6.787
30.80, -0.8000, -7.642
30.81, -0.8000, -5.961
30.82, -0.8000, -6.057
30.83, -0.8000, -5.878
30.84, -0.8000, -5.926
30.85, -0.8000, -5.772
30.86, -0.8000, -6.171
30.87, -0.8000, -6.828
30.88, -0.8000, -5.968
30.89, -0.8000, -6.063
30.90, -0.8000, -7.519
30.91, -0.8000, -6.654
30.92, -0.8000, -6.821
30.93, -0.8000, -5.375
30.94, -0.8000, -6.581
30.95, -0.8000, -6.188
30.96, -0.8000, -4.945
30.97, -0.8000, -7.033
30.98, -0.8000, -7.717
30.99, -0.8000, -7.116
31.00, -0.8000, -7.002
31.01, -0.8000, -8.029
31.02, -0.8000, -4.643
31.03, -0.8000, -6.518
31.04, -0.8000, -5.942
31.05, -0.8000, -7.770
31.06, -0.8000, -6.805
31.07, -0.8000, -6.211
31.08, -0.8000, -6.189
31.09, -0.8000, -5.591
31.10, -0.8000, -6.480
31.11, -0.8000, -5.012
31.12, -0.8000, -6.189
31.13, -0.8000, -6.590
31.14, -0.8000, -5.593
31.15, -0.8000, -5.711
31.16, -0.8000, -6.423
31.17, -0.8000, -6.296
31.18, -0.8000, -6.719
31.19, -0.8000, -5.479
31.20, -0.8000, -6.103
31.21, -0.8000, -5.511
31.22, -0.8000, -6.793
31.23, -0.8000, -6.138
31.24, -0.8000, -7.692
31.25, -0.8000, -6.589
31.26, -0.8000, -7.776
31.27, -0.8000, -6.273
31.28, -0.8000, -6.676
31.29, -0.8000, -6.297
31.30, -0.8000, -6.084
31.31, -0.8000, -5.165
31.32, -0.8000, -5.844
31.33, -0.8000, -6.863
31.34, -0.8000, -6.129
31.35, -0.8000, -7.242
31.36, -0.8000, -7.426
31.37, -0.8000, -7.271
31.38, -0.8000, -7.057
31.39, -0.8000, -5.972
31.40, -0.8000, -7.979
31.41, -0.8000, -6.452
31.42, -0.8000, -6.837
31.43, -0.8000, -6.940
31.44, -0.8000, -5.665
31.45, -0.8000, -6.370
31.46, -0.8000, -6.772
31.47, -0.8000, -6.513
31.48, -0.8000, -5.233
31.49, -0.8000, -7.635
31.50, -0.8000, -4.794
31.51, -0.8000, -7.249
31.52, -0.8000, -5.230
31.53, -0.8000, -7.461
31.54, -0.8000, -5.608
31.55, -0.8000, -5.399
31.56, -0.8000, -7.158
31.57, -0.8000, -7.528
31.58, -0.8000, -6.106
31.59, -0.8000, -6.890
31.60, -0.8000, -7.953
31.61, -0.8000, -7.334
31.62, -0.8000, -6.337
31.63, -0.8000, -6.919
31.64, -0.8000, -7.823
31.65, -0.8000, -5.640
31.66, -0.8000, -6.278
31.67, -0.8000, -7.326
31.68, -0.8000, -5.737
31.69, -0.8000, -7.766
31.70, -0.8000, -6.657
31.71, -0.8000, -7.205
31.72, -0.8000, -5.942
31.73, -0.8000, -6.506
31.74, -0.8000, -7.894
31.75, -0.8000, -5.874
31.76, -0.8000, -5.381
31.77, -0.8000, -7.593
31.78, -0.8000, -6.531
31.79, -0.8000, -5.939
31.80, -0.8000, -7.803
31.81, -0.8000, -6.073
31.82, -0.8000, -7.186
31.83, -0.8000, -6.521
31.84, -0.8000, -8.255
31.85, -0.8000, -5.909
31.86, -0.8000, -7.422
31.87, -0.8000, -7.071
31.88, -0.8000, -7.792
31.89, -0.8000, -6.205
31.90, -0.8000, -7.576
31.91, -0.8000, -6.508
31.92, -0.8000, -6.162
31.93, -0.8000, -6.194
31.94, -0.8000, -5.370
31.95, -0.8000, -7.196
31.96, -0.8000, -6.379
31.97, -0.8000, -6.233
31.98, -0.8000, -6.060
31.99, -0.8000, -6.640
32.00, -0.8000, -5.885
32.01, -0.8000, -6.513
32.02, -0.8000, -6.921
32.03, -0.8000, -5.269
32.04, -0.8000, -7.163
32.05, -0.8000, -5.866
32.06, -0.8000, -6.998
32.07, -0.8000, -5.607
32.08, -0.8000, -7.468
32.09, -0.8000, -6.052
32.10, -0.8000, -5.915
32.11, -0.8000, -6.431
32.12, -0.8000, -6.332
32.13, -0.8000, -7.181
32.14, -0.8000, -5.516
32.15, -0.8000, -5.728
32.16, -0.8000, -6.526
32.17, -0.8000, -7.793
32.18, -0.8000, -5.543
32.19, -0.8000, -8.448
32.20, -0.8000, -5.607
32.21, -0.8000, -5.651
32.22, -0.8000, -6.559
32.23, -0.8000, -6.521
32.24, -0.8000, -6.087
32.25, -0.8000, -6.430
32.26, -0.8000, -5.479
32.27, -0.8000, -5.594
32.28, -0.8000, -6.749
32.29, -0.8000, -7.210
32.30, -0.8000, -6.810
32.31, -0.8000, -6.278
32.32, -0.8000, -5.560
32.33, -0.8000, -5.203
32.34, -0.8000, -5.979
32.35, -0.8000, -6.579
32.36, -0.8000, -7.828
32.37, -0.8000, -7.608
32.38, -0.8000, -5.825
32.39, -0.8000, -7.466
32.40, -0.8000, -7.805
32.41, -0.8000, -6.518
32.42, -0.8000, -6.847
32.43, -0.8000, -6.037
32.44, -0.8000, -6.071
32.45, -0.8000, -7.275
32.46, -0.8000, -5.588
32.47, -0.8000, -6.815
32.48, -0.8000, -4.843
32.49, -0.8000, -6.921
32.50, -0.8000, -5.817
32.51, -0.8000, -5.403
32.52, -0.8000, -6.393
32.53, -0.8000, -7.323
32.54, -0.8000, -8.088
32.55, -0.8000, -6.763
32.56, -0.8000, -5.867
32.57, -0.8000, -6.942
32.58, -0.8000, -7.160
32.59, -0.8000, -5.665
32.60, -0.8000, -6.458
32.61, -0.8000, -3.920
32.62, -0.8000, -6.556
32.63, -0.8000, -5.120
32.64, -0.8000, -7.291
32.65, -0.8000, -4.780
32.66, -0.8000, -5.925
32.67, -0.8000, -7.118
32.68, -0.8000, -6.308
32.69, -0.8000, -7.025
32.70, -0.8000, -6.737
32.71, -0.8000, -6.339
32.72, -0.8000, -7.326
32.73, -0.8000, -7.295
32.74, -0.8000, -7.384
32.75, -0.8000, -6.623
32.76, -0.8000, -8.165
32.77, -0.8000, -7.225
32.78, -0.8000, -5.875
32.79, -0.8000, -7.168
32.80, -0.8000, -5.720
32.81, -0.8000, -5.635
32.82, -0.8000, -6.347
32.83, -0.8000, -8.061
32.84, -0.8000, -6.724
32.85, -0.8000, -5.831
32.86, -0.8000, -6.354
32.87, -0.8000, -6.412
32.88, -0.8000, -6.509
32.89, -0.8000, -6.719
32.90, -0.8000, -6.288
32.91, -0.8000, -5.489
32.92, -0.8000, -6.978
32.93, -0.8000, -5.793
32.94, -0.8000, -7.731
32.95, -0.8000, -5.465
32.96, -0.8000, -7.918
32.97, -0.8000, -5.815
32.98, -0.8000, -8.008
32.99, -0.8000, -5.220
33.00, -0.8000, -7.066
33.01, -0.8000, -5.338
33.02, -0.8000, -7.552
33.03, -0.8000, -5.483
33.04, -0.8000, -6.237
33.05, -0.8000, -3.819
33.06, -0.8000, -6.491
33.07, -0.8000, -6.661
33.08, -0.8000, -7.761
33.09, -0.8000, -5.817
33.10, -0.8000, -6.851
33.11, -0.8000, -5.021
33.12, -0.8000, -7.459
33.13, -0.8000, -5.261
33.14, -0.8000, -7.280
33.15, -0.8000, -5.638
33.16, -0.8000, -4.876
33.17, -0.8000, -5.428
33.18, -0.8000, -7.260
33.19, -0.8000, -5.831
33.20, -0.8000, -6.245
33.21, -0.8000, -7.864
33.22, -0.8000, -4.700
33.23, -0.8000, -5.777
33.24, -0.8000, -5.117
33.25, -0.8000, -6.746
33.26, -0.8000, -6.236
33.27, -0.8000, -6.693
33.28, -0.8000, -4.885
33.29, -0.8000, -6.027
33.30, -0.8000, -6.773
33.31, -0.8000, -7.636
33.32, -0.8000, -5.256
33.33, -0.8000, -6.662
33.34, -0.8000, -8.458
33.35, -0.8000, -6.980
33.36, -0.8000, -5.858
33.37, -0.8000, -5.308
33.38, -0.8000, -6.135
33.39, -0.8000, -6.464
33.40, -0.8000, -6.879
33.41, -0.8000, -5.306
33.42, -0.8000, -6.483
33.43, -0.8000, -5.264
33.44, -0.8000, -6.771
33.45, -0.8000, -6.296
33.46, -0.8000, -6.839
33.47, -0.8000, -5.962
33.48, -0.8000, -6.153
33.49, -0.8000, -5.716
33.50, -0.8000, -5.086
33.51, -0.8000, -7.458
33.52, -0.8000, -3.802
33.53, -0.8000, -6.709
33.54, -0.8000, -6.553
33.55, -0.8000, -7.002
33.56, -0.8000, -7.716
33.57, -0.8000, -6.177
33.58, -0.8000, -6.826
33.59, -0.8000, -6.716
33.60, -0.8000, -6.686
33.61, -0.8000, -5.419
33.62, -0.8000, -5.238
33.63, -0.8000, -7.486
33.64, -0.8000, -6.918
33.65, -0.8000, -6.865
33.66, -0.8000, -6.179
33.67, -0.8000, -4.557
33.68, -0.8000, -5.796
33.69, -0.8000, -6.485
33.70, -0.8000, -7.258
33.71, -0.8000, -5.807
33.72, -0.8000, -7.689
33.73, -0.8000, -4.979
33.74, -0.8000, -7.156
33.75, -0.8000, -5.478
33.76, -0.8000, -5.681
33.77, -0.8000, -7.654
33.78, -0.8000, -6.665
33.79, -0.8000, -5.651
33.80, -0.8000, -8.076
33.81, -0.8000, -6.065
33.82, -0.8000, -4.691
33.83, -0.8000, -6.461
33.84, -0.8000, -5.872
33.85, -0.8000, -5.204
33.86, -0.8000, -7.286
33.87, -0.8000, -5.935
33.88, -0.8000, -6.378
33.89, -0.8000, -7.136
33.90, -0.8000, -7.068
33.91, -0.8000, -6.425
33.92, -0.8000, -5.553
33.93, -0.8000, -5.579
33.94, -0.8000, -6.196
33.95, -0.8000, -6.445
33.96, -0.8000, -5.833
33.97, -0.8000, -6.735
33.98, -0.8000, -6.621
33.99, -0.8000, -5.111
34.00, -0.8000, -6.720
34.01, -0.8000, -5.308
34.02, -0.8000, -6.665
34.03, -0.8000, -5.845
34.04, -0.8000, -6.537
34.05, -0.8000, -6.855
34.06, -0.8000, -5.578
34.07, -0.8000, -4.992
34.08, -0.8000, -6.650
34.09, -0.8000, -4.866
34.10, -0.8000, -5.320
34.11, -0.8000, -4.636
34.12, -0.8000, -8.132
34.13, -0.8000, -7.440
34.14, -0.8000, -8.072
34.15, -0.8000, -5.688
34.16, -0.8000, -6.988
34.17, -0.8000, -6.941
34.18, -0.8000, -6.349
34.19, -0.8000, -6.404
34.20, -0.8000, -6.795
34.21, -0.8000, -6.511
34.22, -0.8000, -5.855
34.23, -0.8000, -5.358
34.24, -0.8000, -6.226
34.25, -0.8000, -5.601
34.26, -0.8000, -8.076
34.27, -0.8000, -6.101
34.28, -0.8000, -6.241
34.29, -0.8000, -6.370
34.30, -0.8000, -4.819
34.31, -0.8000, -5.795
34.32, -0.8000, -5.394
34.33, -0.8000, -5.492
34.34, -0.8000, -7.334
34.35, -0.8000, -6.273
34.36, -0.8000, -8.061
34.37, -0.8000, -5.248
34.38, -0.8000, -5.136
34.39, -0.8000, -5.348
34.40, -0.8000, -6.686
34.41, -0.8000, -4.343
34.42, -0.8000, -7.728
34.43, -0.8000, -5.830
34.44, -0.8000, -5.951
34.45, -0.8000, -6.020
34.46, -0.8000, -6.410
34.47, -0.8000, -5.414
34.48, -0.8000, -7.227
34.49, -0.8000, -6.453
34.50, -0.8000, -6.424
34.51, -0.8000, -5.640
34.52, -0.8000, -5.695
34.53, -0.8000, -6.537
34.54, -0.8000, -7.835
34.55, -0.8000, -6.541
34.56, -0.8000, -6.533
34.57, -0.8000, -6.555
34.58, -0.8000, -7.657
34.59, -0.8000, -7.428
34.60, -0.8000, -6.197
34.61, -0.8000, -5.624
34.62, -0.8000, -8.386
34.63, -0.8000, -4.959
34.64, -0.8000, -6.326
34.65, -0.8000, -5.963
34.66, -0.8000, -7.313
34.67, -0.8000, -5.518
34.68, -0.8000, -7.217
34.69, -0.8000, -5.416
34.70, -0.8000, -7.532
34.71, -0.8000, -5.741
34.72, -0.8000, -4.932
34.73, -0.8000, -7.370
34.74, -0.8000, -5.693
34.75, -0.8000, -6.049
34.76, -0.8000, -6.255
34.77, -0.8000, -6.053
34.78, -0.8000, -5.470
34.79, -0.8000, -6.702
34.80, -0.8000, -5.600
34.81, -0.8000, -5.818
34.82, -0.8000, -6.463
34.83, -0.8000, -4.944
34.84, -0.8000, -6.223
34.85, -0.8000, -5.715
34.86, -0.8000, -5.841
34.87, -0.8000, -5.197
34.88, -0.8000, -5.166
34.89, -0.8000, -5.270
34.90, -0.8000, -6.261
34.91, -0.8000, -6.893
34.92, -0.8000, -5.532
34.93, -0.8000, -7.086
34.94, -0.8000, -6.410
34.95, -0.8000, -7.832
34.96, -0.8000, -5.139
34.97, -0.8000, -7.318
34.98, -0.8000, -5.488
34.99, -0.8000, -4.946
35.00, -0.8000, -5.629
35.01, -0.8000, -6.979
35.02, -0.8000, -5.357
35.03, -0.8000, -6.998
35.04, -0.8000, -5.786
35.05, -0.8000, -6.265
35.06, -0.8000, -4.920
35.07, -0.8000, -6.804
35.08, -0.8000, -6.214
35.09, -0.8000, -6.595
35.10, -0.8000, -5.345
35.11, -0.8000, -8.024
35.12, -0.8000, -7.721
35.13, -0.8000, -6.217
35.14, -0.8000, -6.004
35.15, -0.8000, -6.208
35.16, -0.8000, -6.458
35.17, -0.8000, -6.056
35.18, -0.8000, -5.293
35.19, -0.8000, -5.020
35.20, -0.8000, -6.583
35.21, -0.8000, -4.826
35.22, -0.8000, -5.911
35.23, -0.8000, -8.048
35.24, -0.8000, -6.170
35.25, -0.8000, -6.224
35.26, -0.8000, -6.853
35.27, -0.8000, -7.283
35.28, -0.8000, -6.286
35.29, -0.8000, -6.841
35.30, -0.8000, -5.674
35.31, -0.8000, -6.160
35.32, -0.8000, -6.496
35.33, -0.8000, -6.207
35.34, -0.8000, -6.538
35.35, -0.8000, -7.725
35.36, -0.8000, -5.830
35.37, -0.8000, -5.963
35.38, -0.8000, -6.665
35.39, -0.8000, -5.998
35.40, -0.8000, -6.259
35.41, -0.8000, -4.706
35.42, -0.8000, -5.952
35.43, -0.8000, -6.467
35.44, -0.8000, -7.013
35.45, -0.8000, -4.927
35.46, -0.8000, -6.656
35.47, -0.8000, -4.984
35.48, -0.8000, -6.629
35.49, -0.8000, -5.888
35.50, -0.8000, -6.080
35.51, -0.8000, -7.430
35.52, -0.8000, -5.681
35.53, -0.8000, -6.933
35.54, -0.8000, -7.063
35.55, -0.8000, -5.744
35.56, -0.8000, -5.304
35.57, -0.8000, -6.888
35.58, -0.8000, -6.556
35.59, -0.8000, -6.182
35.60, -0.8000, -8.096
35.61, -0.8000, -6.713
35.62, -0.8000, -7.229
35.63, -0.8000, -6.714
35.64, -0.8000, -5.359
35.65, -0.8000, -8.044
35.66, -0.8000, -6.618
35.67, -0.8000, -7.182
35.68, -0.8000, -6.901
35.69, -0.8000, -6.337
35.70, -0.8000, -5.208
35.71, -0.8000, -5.985
35.72, -0.8000, -6.646
35.73, -0.8000, -7.577
35.74, -0.8000, -7.697
35.75, -0.8000, -6.034
35.76, -0.8000, -6.559
35.77, -0.8000, -6.482
35.78, -0.8000, -6.350
35.79, -0.8000, -5.830
35.80, -0.8000, -6.963
35.81, -0.8000, -5.634
35.82, -0.8000, -6.510
35.83, -0.8000, -6.130
35.84, -0.8000, -5.647
35.85, -0.8000, -5.654
35.86, -0.8000, -5.384
35.87, -0.8000, -7.043
35.88, -0.8000, -6.819
35.89, -0.8000, -5.682
35.90, -0.8000, -6.608
35.91, -0.8000, -5.910
35.92, -0.8000, -5.255
35.93, -0.8000, -4.012
35.94, -0.8000, -5.932
35.95, -0.8000, -6.072
35.96, -0.8000, -5.270
35.97, -0.8000, -6.136
35.98, -0.8000, -5.867
35.99, -0.8000, -6.252
36.00, -0.8000, -5.680
36.01, -0.8000, -4.974
36.02, -0.8000, -5.455
36.03, -0.8000, -6.851
36.04, -0.8000, -5.621
36.05, -0.8000, -5.970
36.06, -0.8000, -6.388
36.07, -0.8000, -7.672
36.08, -0.8000, -6.028
36.09, -0.8000, -7.845
36.10, -0.8000, -5.203
36.11, -0.8000, -6.199
36.12, -0.8000, -6.054
36.13, -0.8000, -5.475
36.14, -0.8000, -6.570
36.15, -0.8000, -5.856
36.16, -0.8000, -5.722
36.17, -0.8000, -7.179
36.18, -0.8000, -7.140
36.19, -0.8000, -5.811
36.20, -0.8000, -5.494
36.21, -0.8000, -6.782
36.22, -0.8000, -5.300
36.23, -0.8000, -7.751
36.24, -0.8000, -4.827
36.25, -0.8000, -6.190
36.26, -0.8000, -4.659
36.27, -0.8000, -6.086
36.28, -0.8000, -5.827
36.29, -0.8000, -4.767
36.30, -0.8000, -4.856
36.31, -0.8000, -7.387
36.32, -0.8000, -5.486
36.33, -0.8000, -6.605
36.34, -0.8000, -5.573
36.35, -0.8000, -6.511
36.36, -0.8000, -6.408
36.37, -0.8000, -5.328
36.38, -0.8000, -5.880
36.39, -0.8000, -5.633
36.40, -0.8000, -6.592
36.41, -0.8000, -7.406
36.42, -0.8000, -6.378
36.43, -0.8000, -5.665
36.44, -0.8000, -7.060
36.45, -0.8000, -5.570
36.46, -0.8000, -6.027
36.47, -0.8000, -4.926
36.48, -0.8000, -6.047
36.49, -0.8000, -6.617
36.50, -0.8000, -6.222
36.51, -0.8000, -5.608
36.52, -0.8000, -5.760
36.53, -0.8000, -4.837
36.54, -0.8000, -5.734
36.55, -0.8000, -5.518
36.56, -0.8000, -3.923
36.57, -0.8000, -6.369
36.58, -0.8000, -5.938
36.59, -0.8000, -7.124
36.60, -0.8000, -5.940
36.61, -0.8000, -6.254
36.62, -0.8000, -6.736
36.63, -0.8000, -6.393
36.64, -0.8000, -6.030
36.65, -0.8000, -6.779
36.66, -0.8000, -5.657
36.67, -0.8000, -6.281
36.68, -0.8000, -7.880
36.69, -0.8000, -6.525
36.70, -0.8000, -5.789
36.71, -0.8000, -5.538
36.72, -0.8000, -7.261
36.73, -0.8000, -5.842
36.74, -0.8000, -6.560
36.75, -0.8000, -6.857
36.76, -0.8000, -4.583
36.77, -0.8000, -5.988
36.78, -0.8000, -6.843
36.79, -0.8000, -7.390
36.80, -0.8000, -5.712
36.81, -0.8000, -5.903
36.82, -0.8000, -5.911
36.83, -0.8000, -6.370
36.84, -0.8000, -5.260
36.85, -0.8000, -5.201
36.86, -0.8000, -6.846
36.87, -0.8000, -5.674
36.88, -0.8000, -6.184
36.89, -0.8000, -5.528
36.90, -0.8000, -6.768
36.91, -0.8000, -5.708
36.92, -0.8000, -5.750
36.93, -0.8000, -5.952
36.94, -0.8000, -6.374
36.95, -0.8000, -6.263
36.96, -0.8000, -5.302
36.97, -0.8000, -5.406
36.98, -0.8000, -5.767
36.99, -0.8000, -5.048
37.00, -0.8000, -5.662
37.01, -0.8000, -5.627
37.02, -0.8000, -6.015
37.03, -0.8000, -6.855
37.04, -0.8000, -6.809
37.05, -0.8000, -7.770
37.06, -0.8000, -4.220
37.07, -0.8000, -6.913
37.08, -0.8000, -6.078
37.09, -0.8000, -7.676
37.10, -0.8000, -7.150
37.11, -0.8000, -6.811
37.12, -0.8000, -6.257
37.13, -0.8000, -5.493
37.14, -0.8000, -6.522
37.15, -0.8000, -4.609
37.16, -0.8000, -6.199
37.17, -0.8000, -4.878
37.18, -0.8000, -6.775
37.19, -0.8000, -6.327
37.20, -0.8000, -7.915
37.21, -0.8000, -5.762
37.22, -0.8000, -6.129
37.23, -0.8000, -6.686
37.24, -0.8000, -5.517
37.25, -0.8000, -6.879
37.26, -0.8000, -6.565
37.27, -0.8000, -5.523
37.28, -0.8000, -6.571
37.29, -0.8000, -4.824
37.30, -0.8000, -5.920
37.31, -0.8000, -6.198
37.32, -0.8000, -6.466
37.33, -0.8000, -5.652
37.34, -0.8000, -6.052
37.35, -0.8000, -6.564
37.36, -0.8000, -6.414
37.37, -0.8000, -5.445
37.38, -0.8000, -5.560
37.39, -0.8000, -5.722
37.40, -0.8000, -6.207
37.41, -0.8000, -5.631
37.42, -0.8000, -6.796
37.43, -0.8000, -6.457
37.44, -0.8000, -6.754
37.45, -0.8000, -5.892
37.46, -0.8000, -5.022
37.47, -0.8000, -5.261
37.48, -0.8000, -6.073
37.49, -0.8000, -5.851
37.50, -0.8000, -6.709
37.51, -0.8000, -5.451
37.52, -0.8000, -6.528
37.53, -0.8000, -6.180
37.54, -0.8000, -7.203
37.55, -0.8000, -5.885
37.56, -0.8000, -5.665
37.57, -0.8000, -6.844
37.58, -0.8000, -5.922
37.59, -0.8000, -7.222
37.60, -0.8000, -5.638
37.61, -0.8000, -7.076
37.62, -0.8000, -5.469
37.63, -0.8000, -4.479
37.64, -0.8000, -5.705
37.65, -0.8000, -6.400
37.66, -0.8000, -7.176
37.67, -0.8000, -5.581
37.68, -0.8000, -6.750
37.69, -0.8000, -5.455
37.70, -0.8000, -6.678
37.71, -0.8000, -5.823
37.72, -0.8000, -6.390
37.73, -0.8000, -6.634
37.74, -0.8000, -5.834
37.75, -0.8000, -6.112
37.76, -0.8000, -7.192
37.77, -0.8000, -5.937
37.78, -0.8000, -5.524
37.79, -0.8000, -5.491
37.80, -0.8000, -5.724
37.81, -0.8000, -7.239
37.82, -0.8000, -6.708
37.83, -0.8000, -5.323
37.84, -0.8000, -5.817
37.85, -0.8000, -6.006
37.86, -0.8000, -5.796
37.87, -0.8000, -7.199
37.88, -0.8000, -5.272
37.89, -0.8000, -7.783
37.90, -0.8000, -5.924
37.91, -0.8000, -5.362
37.92, -0.8000, -6.946
37.93, -0.8000, -5.113
37.94, -0.8000, -6.569
37.95, -0.8000, -6.221
37.96, -0.8000, -5.727
37.97, -0.8000, -5.759
37.98, -0.8000, -5.382
37.99, -0.8000, -7.033
38.00, -0.8000, -5.863
38.01, -0.8000, -5.855
38.02, -0.8000, -5.944
38.03, -0.8000, -6.873
38.04, -0.8000, -6.623
38.05, -0.8000, -6.066
38.06, -0.8000, -6.930
38.07, -0.8000, -6.739
38.08, -0.8000, -7.282
38.09, -0.8000, -5.442
38.10, -0.8000, -5.307
38.11, -0.8000, -5.758
38.12, -0.8000, -4.923
38.13, -0.8000, -6.415
38.14, -0.8000, -5.803
38.15, -0.8000, -6.532
38.16, -0.8000, -6.817
38.17, -0.8000, -6.457
38.18, -0.8000, -7.394
38.19, -0.8000, -5.809
38.20, -0.8000, -5.860
38.21, -0.8000, -5.603
38.22, -0.8000, -6.405
38.23, -0.8000, -6.457
38.24, -0.8000, -5.327
38.25, -0.8000, -7.124
38.26, -0.8000, -6.138
38.27, -0.8000, -5.913
38.28, -0.8000, -5.306
38.29, -0.8000, -5.832
38.30, -0.8000, -6.748
38.31, -0.8000, -7.023
38.32, -0.8000, -6.267
38.33, -0.8000, -5.276
38.34, -0.8000, -6.818
38.35, -0.8000, -5.143
38.36, -0.8000, -7.226
38.37, -0.8000, -7.212
38.38, -0.8000, -8.045
38.39, -0.8000, -6.301
38.40, -0.8000, -5.557
38.41, -0.8000, -5.142
38.42, -0.8000, -6.705
38.43, -0.8000, -6.691
38.44, -0.8000, -5.262
38.45, -0.8000, -5.850
38.46, -0.8000, -5.628
38.47, -0.8000, -6.435
38.48, -0.8000, -5.986
38.49, -0.8000, -6.671
38.50, -0.8000, -6.936
38.51, -0.8000, -5.752
38.52, -0.8000, -6.022
38.53, -0.8000, -5.349
38.54, -0.8000, -6.089
38.55, -0.8000, -6.315
38.56, -0.8000, -6.508
38.57, -0.8000, -5.009
38.58, -0.8000, -6.224
38.59, -0.8000, -5.457
38.60, -0.8000, -6.555
38.61, -0.8000, -5.760
38.62, -0.8000, -5.620
38.63, -0.8000, -7.176
38.64, -0.8000, -5.999
38.65, -0.8000, -5.887
38.66, -0.8000, -5.325
38.67, -0.8000, -7.399
38.68, -0.8000, -5.474
38.69, -0.8000, -5.133
38.70, -0.8000, -6.773
38.71, -0.8000, -4.764
38.72, -0.8000, -6.243
38.73, -0.8000, -5.586
38.74, -0.8000, -6.975
38.75, -0.8000, -6.258
38.76, -0.8000, -6.678
38.77, -0.8000, -5.293
38.78, -0.8000, -5.206
38.79, -0.8000, -5.307
38.80, -0.8000, -5.989
38.81, -0.8000, -4.863
38.82, -0.8000, -6.277
38.83, -0.8000, -5.321
38.84, -0.8000, -5.552
38.85, -0.8000, -5.426
38.86, -0.8000, -6.403
38.87, -0.8000, -5.030
38.88, -0.8000, -6.841
38.89, -0.8000, -5.712
38.90, -0.8000, -6.160
38.91, -0.8000, -5.974
38.92, -0.8000, -6.291
38.93, -0.8000, -4.931
38.94, -0.8000, -5.847
38.95, -0.8000, -6.843
38.96, -0.8000, -5.928
38.97, -0.8000, -5.660
38.98, -0.8000, -6.197
38.99, -0.8000, -5.880
39.00, -0.8000, -5.457
39.01, -0.8000, -6.126
39.02, -0.8000, -6.977
39.03, -0.8000, -5.301
39.04, -0.8000, -5.390
39.05, -0.8000, -7.111
39.06, -0.8000, -5.872
39.07, -0.8000, -5.618
39.08, -0.8000, -8.148
39.09, -0.8000, -5.203
39.10, -0.8000, -6.417
39.11, -0.8000, -5.733
39.12, -0.8000, -5.141
39.13, -0.8000, -6.414
39.14, -0.8000, -4.823
39.15, -0.8000, -5.174
39.16, -0.8000, -6.377
39.17, -0.8000, -6.290
39.18, -0.8000, -5.858
39.19, -0.8000, -6.738
39.20, -0.8000, -6.345
39.21, -0.8000, -5.223
39.22, -0.8000, -6.984
39.23, -0.8000, -5.726
39.24, -0.8000, -6.872
39.25, -0.8000, -5.761
39.26, -0.8000, -5.853
39.27, -0.8000, -6.694
39.28, -0.8000, -6.789
39.29, -0.8000, -6.667
39.30, -0.8000, -6.220
39.31, -0.8000, -5.740
39.32, -0.8000, -5.283
39.33, -0.8000, -5.577
39.34, -0.8000, -6.032
39.35, -0.8000, -6.005
39.36, -0.8000, -6.947
39.37, -0.8000, -4.832
39.38, -0.8000, -5.325
39.39, -0.8000, -6.046
39.40, -0.8000, -5.726
39.41, -0.8000, -7.330
39.42, -0.8000, -5.290
39.43, -0.8000, -6.390
39.44, -0.8000, -4.940
39.45, -0.8000, -5.209
39.46, -0.8000, -5.376
39.47, -0.8000, -4.801
39.48, -0.8000, -6.020
39.49, -0.8000, -5.319
39.50, -0.8000, -6.652
39.51, -0.8000, -5.770
39.52, -0.8000, -6.552
39.53, -0.8000, -5.277
39.54, -0.8000, -6.606
39.55, -0.8000, -6.375
39.56, -0.8000, -5.487
39.57, -0.8000, -5.073
39.58, -0.8000, -6.218
39.59, -0.8000, -6.165
39.60, -0.8000, -5.405
39.61, -0.8000, -5.527
39.62, -0.8000, -6.657
39.63, -0.8000, -6.690
39.64, -0.8000, -4.826
39.65, -0.8000, -6.080
39.66, -0.8000, -5.321
39.67, -0.8000, -5.259
39.68, -0.8000, -6.526
39.69, -0.8000, -5.191
39.70, -0.8000, -8.001
39.71, -0.8000, -6.683
39.72, -0.8000, -6.909
39.73, -0.8000, -6.362
39.74, -0.8000, -5.399
39.75, -0.8000, -5.322
39.76, -0.8000, -4.230
39.77, -0.8000, -5.844
39.78, -0.8000, -6.526
39.79, -0.8000, -6.830
39.80, -0.8000, -5.346
39.81, -0.8000, -6.226
39.82, -0.8000, -4.662
39.83, -0.8000, -6.167
39.84, -0.8000, -5.914
39.85, -0.8000, -6.698
39.86, -0.8000, -6.150
39.87, -0.8000, -4.980
39.88, -0.8000, -5.761
39.89, -0.8000, -6.385
39.90, -0.8000, -4.572
39.91, -0.8000, -5.875
39.92, -0.8000, -5.381
39.93, -0.8000, -6.423
39.94, -0.8000, -5.887
39.95, -0.8000, -6.032
39.96, -0.8000, -5.771
39.97, -0.8000, -5.669
39.98, -0.8000, -5.862
39.99, -0.8000, -6.533
40.00, -0.8000, -7.045
40.01, -0.8000, -5.622
40.02, -0.8000, -6.749
40.03, -0.8000, -6.430
40.04, -0.8000, -7.032
40.05, -0.8000, -5.479
40.06, -0.8000, -5.098
40.07, -0.8000, -6.923
40.08, -0.8000, -4.945
40.09, -0.8000, -7.587
40.10, -0.8000, -5.353
40.11, -0.8000, -5.939
40.12, -0.8000, -4.936
40.13, -0.8000, -6.082
40.14, -0.8000, -5.623
40.15, -0.8000, -4.712
40.16, -0.8000, -5.673
40.17, -0.8000, -5.496
40.18, -0.8000, -6.628
40.19, -0.8000, -5.280
40.20, -0.8000, -5.374
40.21, -0.8000, -3.945
40.22, -0.8000, -5.555
40.23, -0.8000, -5.250
40.24, -0.8000, -6.320
40.25, -0.8000, -5.150
40.26, -0.8000, -6.032
40.27, -0.8000, -6.284
40.28, -0.8000, -5.795
40.29, -0.8000, -5.505
40.30, -0.8000, -6.537
40.31, -0.8000, -6.245
40.32, -0.8000, -5.259
40.33, -0.8000, -5.441
40.34, -0.8000, -5.804
40.35, -0.8000, -6.221
40.36, -0.8000, -6.482
40.37, -0.8000, -7.284
40.38, -0.8000, -5.107
40.39, -0.8000, -7.497
40.40, -0.8000, -6.232
40.41, -0.8000, -6.216
40.42, -0.8000, -6.096
40.43, -0.8000, -5.748
40.44, -0.8000, -5.339
40.45, -0.8000, -5.023
40.46, -0.8000, -6.581
40.47, -0.8000, -6.806
40.48, -0.8000, -4.874
40.49, -0.8000, -6.464
40.50, -0.8000, -5.909
40.51, -0.8000, -5.390
40.52, -0.8000, -5.516
40.53, -0.8000, -6.760
40.54, -0.8000, -4.573
40.55, -0.8000, -5.026
40.56, -0.8000, -5.314
40.57, -0.8000, -5.659
40.58, -0.8000, -5.187
40.59, -0.8000, -6.384
40.60, -0.8000, -7.081
40.61, -0.8000, -5.789
40.62, -0.8000, -5.302
40.63, -0.8000, -5.836
40.64, -0.8000, -6.670
40.65, -0.8000, -5.099
40.66, -0.8000, -5.332
40.67, -0.8000, -6.157
40.68, -0.8000, -6.224
40.69, -0.8000, -7.763
40.70, -0.8000, -5.407
40.71, -0.8000, -5.054
40.72, -0.8000, -4.864
40.73, -0.8000, -6.106
40.74, -0.8000, -7.192
40.75, -0.8000, -6.528
40.76, -0.8000, -6.160
40.77, -0.8000, -7.220
40.78, -0.8000, -6.638
40.79, -0.8000, -4.947
40.80, -0.8000, -7.333
40.81, -0.8000, -5.001
40.82, -0.8000, -6.909
40.83, -0.8000, -6.349
40.84, -0.8000, -6.667
40.85, -0.8000, -5.811
40.86, -0.8000, -4.711
40.87, -0.8000, -5.752
40.88, -0.8000, -5.631
40.89, -0.8000, -6.190
40.90, -0.8000, -6.082
40.91, -0.8000, -6.240
40.92, -0.8000, -5.521
40.93, -0.8000, -5.081
40.94, -0.8000, -6.171
40.95, -0.8000, -5.586
40.96, -0.8000, -5.336
40.97, -0.8000, -4.732
40.98, -0.8000, -7.012
40.99, -0.8000, -5.493
41.00, -0.8000, -5.637
41.01, -0.8000, -6.053
41.02, -0.8000, -6.147
41.03, -0.8000, -6.035
41.04, -0.8000, -5.470
41.05, -0.8000, -6.906
41.06, -0.8000, -5.099
41.07, -0.8000, -7.739
41.08, -0.8000, -8.323
41.09, -0.8000, -5.684
41.10, -0.8000, -5.177
41.11, -0.8000, -5.180
41.12, -0.8000, -5.747
41.13, -0.8000, -4.540
41.14, -0.8000, -6.480
41.15, -0.8000, -4.014
41.16, -0.8000, -6.031
41.17, -0.8000, -5.452
41.18, -0.8000, -5.028
41.19, -0.8000, -6.025
41.20, -0.8000, -5.069
41.21, -0.8000, -4.482
41.22, -0.8000, -6.074
41.23, -0.8000, -6.479
41.24, -0.8000, -5.402
41.25, -0.8000, -6.209
41.26, -0.8000, -5.118
41.27, -0.8000, -7.841
41.28, -0.8000, -5.907
41.29, -0.8000, -6.279
41.30, -0.8000, -6.283
41.31, -0.8000, -5.922
41.32, -0.8000, -5.687
41.33, -0.8000, -3.982
41.34, -0.8000, -5.611
41.35, -0.8000, -5.361
41.36, -0.8000, -6.730
41.37, -0.8000, -5.136
41.38, -0.8000, -7.089
41.39, -0.8000, -5.157
41.40, -0.8000, -6.142
41.41, -0.8000, -6.503
41.42, -0.8000, -5.609
41.43, -0.8000, -5.770
41.44, -0.8000, -4.254
41.45, -0.8000, -6.759
41.46, -0.8000, -5.349
41.47, -0.8000, -7.146
41.48, -0.8000, -4.575
41.49, -0.8000, -6.996
41.50, -0.8000, -6.578
41.51, -0.8000, -5.532
41.52, -0.8000, -5.995
41.53, -0.8000, -4.372
41.54, -0.8000, -5.279
41.55, -0.8000, -4.838
41.56, -0.8000, -6.012
41.57, -0.8000, -5.952
41.58, -0.8000, -5.882
41.59, -0.8000, -6.461
41.60, -0.8000, -5.640
41.61, -0.8000, -6.245
41.62, -0.8000, -5.808
41.63, -0.8000, -5.191
41.64, -0.8000, -4.856
41.65, -0.8000, -6.162
41.66, -0.8000, -5.215
41.67, -0.8000, -5.906
41.68, -0.8000, -5.968
41.69, -0.8000, -6.255
41.70, -0.8000, -6.717
41.71, -0.8000, -6.003
41.72, -0.8000, -6.083
41.73, -0.8000, -5.861
41.74, -0.8000, -7.488
41.75, -0.8000, -5.441
41.76, -0.8000, -7.159
41.77, -0.8000, -6.108
41.78, -0.8000, -4.794
41.79, -0.8000, -6.270
41.80, -0.8000, -6.211
41.81, -0.8000, -7.034
41.82, -0.8000, -5.319
41.83, -0.8000, -6.005
41.84, -0.8000, -5.533
41.85, -0.8000, -5.992
41.86, -0.8000, -5.742
41.87, -0.8000, -4.784
41.88, -0.8000, -5.676
41.89, -0.8000, -6.617
41.90, -0.8000, -6.752
41.91, -0.8000, -6.854
41.92, -0.8000, -6.483
41.93, -0.8000, -5.369
41.94, -0.8000, -4.653
41.95, -0.8000, -5.677
41.96, -0.8000, -5.333
41.97, -0.8000, -5.926
41.98, -0.8000, -5.222
41.99, -0.8000, -6.786
42.00, -0.8000, -6.069
42.01, -0.8000, -6.444
42.02, -0.8000, -4.646
42.03, -0.8000, -5.143
42.04, -0.8000, -7.150
42.05, -0.8000, -5.407
42.06, -0.8000, -6.339
42.07, -0.8000, -6.979
42.08, -0.8000, -6.702
42.09, -0.8000, -5.727
42.10, -0.8000, -4.792
42.11, -0.8000, -6.560
42.12, -0.8000, -5.928
42.13, -0.8000, -6.102
42.14, -0.8000, -7.248
42.15, -0.8000, -6.449
42.16, -0.8000, -5.132
42.17, -0.8000, -4.518
42.18, -0.8000, -4.343
42.19, -0.8000, -5.816
42.20, -0.8000, -5.475
42.21, -0.8000, -6.737
42.22, -0.8000, -6.220
42.23, -0.8000, -7.475
42.24, -0.8000, -5.118
42.25, -0.8000, -6.338
42.26, -0.8000, -5.120
42.27, -0.8000, -5.964
42.28, -0.8000, -6.388
42.29, -0.8000, -6.619
42.30, -0.8000, -5.346
42.31, -0.8000, -5.577
42.32, -0.8000, -5.318
42.33, -0.8000, -4.253
42.34, -0.8000, -5.981
42.35, -0.8000, -5.239
42.36, -0.8000, -5.920
42.37, -0.8000, -7.565
42.38, -0.8000, -7.373
42.39, -0.8000, -5.389
42.40, -0.8000, -5.717
42.41, -0.8000, -6.461
42.42, -0.8000, -4.750
42.43, -0.8000, -6.045
42.44, -0.8000, -7.305
42.45, -0.8000, -6.518
42.46, -0.8000, -5.916
42.47, -0.8000, -5.518
42.48, -0.8000, -6.483
42.49, -0.8000, -6.441
42.50, -0.8000, -6.407
42.51, -0.8000, -5.856
42.52, -0.8000, -6.689
42.53, -0.8000, -7.343
42.54, -0.8000, -6.538
42.55, -0.8000, -6.492
42.56, -0.8000, -7.075
42.57, -0.8000, -5.319
42.58, -0.8000, -6.381
42.59, -0.8000, -6.159
42.60, -0.8000, -5.770
42.61, -0.8000, -6.271
42.62, -0.8000, -4.002
42.63, -0.8000, -5.852
42.64, -0.8000, -6.434
42.65, -0.8000, -5.407
42.66, -0.8000, -5.970
42.67, -0.8000, -5.906
42.68, -0.8000, -6.789
42.69, -0.8000, -6.480
42.70, -0.8000, -6.373
42.71, -0.8000, -5.375
42.72, -0.8000, -6.303
42.73, -0.8000, -6.160
42.74, -0.8000, -5.105
42.75, -0.8000, -7.121
42.76, -0.8000, -5.177
42.77, -0.8000, -6.092
42.78, -0.8000, -6.911
42.79, -0.8000, -5.069
42.80, -0.8000, -5.875
42.81, -0.8000, -5.952
42.82, -0.8000, -7.037
42.83, -0.8000, -5.210
42.84, -0.8000, -5.358
42.85, -0.8000, -4.829
42.86, -0.8000, -5.938
42.87, -0.8000, -5.596
42.88, -0.8000, -4.738
42.89, -0.8000, -7.214
42.90, -0.8000, -5.820
42.91, -0.8000, -5.279
42.92, -0.8000, -5.492
42.93, -0.8000, -5.019
42.94, -0.8000, -5.970
42.95, -0.8000, -5.750
42.96, -0.8000, -5.682
42.97, -0.8000, -6.092
42.98, -0.8000, -6.696
42.99, -0.8000, -5.943
43.00, -0.8000, -5.379
43.01, -0.8000, -6.005
43.02, -0.8000, -5.437
43.03, -0.8000, -6.139
43.04, -0.8000, -4.997
43.05, -0.8000, -7.127
43.06, -0.8000, -5.711
43.07, -0.8000, -5.520
43.08, -0.8000, -4.570
43.09, -0.8000, -5.156
43.10, -0.8000, -5.978
43.11, -0.8000, -6.810
43.12, -0.8000, -5.753
43.13, -0.8000, -4.064
43.14, -0.8000, -6.019
43.15, -0.8000, -5.438
43.16, -0.8000, -6.069
43.17, -0.8000, -6.229
43.18, -0.8000, -6.719
43.19, -0.8000, -5.079
43.20, -0.8000, -6.548
43.21, -0.8000, -6.335
43.22, -0.8000, -6.000
43.23, -0.8000, -5.421
43.24, -0.8000, -4.758
43.25, -0.8000, -6.882
43.26, -0.8000, -4.738
43.27, -0.8000, -6.125
43.28, -0.8000, -5.745
43.29, -0.8000, -6.754
43.30, -0.8000, -5.476
43.31, -0.8000, -4.282
43.32, -0.8000, -6.778
43.33, -0.8000, -5.678
43.34, -0.8000, -6.081
43.35, -0.8000, -5.411
43.36, -0.8000, -6.445
43.37, -0.8000, -5.252
43.38, -0.8000, -4.308
43.39, -0.8000, -5.472
43.40, -0.8000, -5.363
43.41, -0.8000, -5.738
43.42, -0.8000, -5.313
43.43, -0.8000, -5.901
43.44, -0.8000, -5.553
43.45, -0.8000, -6.432
43.46, -0.8000, -5.834
43.47, -0.8000, -4.532
43.48, -0.8000, -5.610
43.49, -0.8000, -6.380
43.50, -0.8000, -6.465
43.51, -0.8000, -5.295
43.52, -0.8000, -6.683
43.53, -0.8000, -5.101
43.54, -0.8000, -5.513
43.55, -0.8000, -6.202
43.56, -0.8000, -4.798
43.57, -0.8000, -5.687
43.58, -0.8000, -6.319
43.59, -0.8000, -6.830
43.60, -0.8000, -5.069
43.61, -0.8000, -5.581
43.62, -0.8000, -5.019
43.63, -0.8000, -4.474
43.64, -0.8000, -6.191
43.65, -0.8000, -6.618
43.66, -0.8000, -5.561
43.67, -0.8000, -5.475
43.68, -0.8000, -5.732
43.69, -0.8000, -5.498
43.70, -0.8000, -4.465
43.71, -0.8000, -6.687
43.72, -0.8000, -5.687
43.73, -0.8000, -6.016
43.74, -0.8000, -5.578
43.75, -0.8000, -7.471
43.76, -0.8000, -4.874
43.77, -0.8000, -6.312
43.78, -0.8000, -6.929
43.79, -0.8000, -5.836
43.80, -0.8000, -5.564
43.81, -0.8000, -5.597
43.82, -0.8000, -5.731
43.83, -0.8000, -4.582
43.84, -0.8000, -4.538
43.85, -0.8000, -4.875
43.86, -0.8000, -6.876
43.87, -0.8000, -4.628
43.88, -0.8000, -5.685
43.89, -0.8000, -6.047
43.90, -0.8000, -5.769
43.91, -0.8000, -6.848
43.92, -0.8000, -7.259
43.93, -0.8000, -6.605
43.94, -0.8000, -6.749
43.95, -0.8000, -6.768
43.96, -0.8000, -4.987
43.97, -0.8000, -5.247
43.98, -0.8000, -4.510
43.99, -0.8000, -6.542
44.00, -0.8000, -5.061
44.01, -0.8000, -6.192
44.02, -0.8000, -6.258
44.03, -0.8000, -6.953
44.04, -0.8000, -7.061
44.05, -0.8000, -4.657
44.06, -0.8000, -6.871
44.07, -0.8000, -6.178
44.08, -0.8000, -5.462
44.09, -0.8000, -5.636
44.10, -0.8000, -5.954
44.11, -0.8000, -5.988
44.12, -0.8000, -5.258
44.13, -0.8000, -5.515
44.14, -0.8000, -5.559
44.15, -0.8000, -5.571
44.16, -0.8000, -5.947
44.17, -0.8000, -6.516
44.18, -0.8000, -5.358
44.19, -0.8000, -6.029
44.20, -0.8000, -6.274
44.21, -0.8000, -5.447
44.22, -0.8000, -5.862
44.23, -0.8000, -5.354
44.24, -0.8000, -5.911
44.25, -0.8000, -5.308
44.26, -0.8000, -5.536
44.27, -0.8000, -6.729
44.28, -0.8000, -4.783
44.29, -0.8000, -7.226
44.30, -0.8000, -6.109
44.31, -0.8000, -6.257
44.32, -0.8000, -6.604
44.33, -0.8000, -6.700
44.34, -0.8000, -4.973
44.35, -0.8000, -4.766
44.36, -0.8000, -5.378
44.37, -0.8000, -4.141
44.38, -0.8000, -5.484
44.39, -0.8000, -4.884
44.40, -0.8000, -4.888
44.41, -0.8000, -5.721
44.42, -0.8000, -7.244
44.43, -0.8000, -6.217
44.44, -0.8000, -6.592
44.45, -0.8000, -5.884
44.46, -0.8000, -6.085
44.47, -0.8000, -5.781
44.48, -0.8000, -6.239
44.49, -0.8000, -6.430
44.50, -0.8000, -4.977
44.51, -0.8000, -6.327
44.52, -0.8000, -4.345
44.53, -0.8000, -6.543
44.54, -0.8000, -6.237
44.55, -0.8000, -6.104
44.56, -0.8000, -5.599
44.57, -0.8000, -6.279
44.58, -0.8000, -6.436
44.59, -0.8000, -6.678
44.60, -0.8000, -6.578
44.61, -0.8000, -6.058
44.62, -0.8000, -4.794
44.63, -0.8000, -5.749
44.64, -0.8000, -6.611
44.65, -0.8000, -5.724
44.66, -0.8000, -6.317
44.67, -0.8000, -4.633
44.68, -0.8000, -5.786
44.69, -0.8000, -6.062
44.70, -0.8000, -5.946
44.71, -0.8000, -6.138
44.72, -0.8000, -6.293
44.73, -0.8000, -6.035
44.74, -0.8000, -5.432
44.75, -0.8000, -5.644
44.76, -0.8000, -6.339
44.77, -0.8000, -5.886
44.78, -0.8000, -4.863
44.79, -0.8000, -5.188
44.80, -0.8000, -5.910
44.81, -0.8000, -5.887
44.82, -0.8000, -6.399
44.83, -0.8000, -5.171
44.84, -0.8000, -4.926
44.85, -0.8000, -6.493
44.86, -0.8000, -5.954
44.87, -0.8000, -5.821
44.88, -0.8000, -5.381
44.89, -0.8000, -4.717
44.90, -0.8000, -6.815
44.91, -0.8000, -5.540
44.92, -0.8000, -5.054
44.93, -0.8000, -6.518
44.94, -0.8000, -5.797
44.95, -0.8000, -5.676
44.96, -0.8000, -5.217
44.97, -0.8000, -6.677
44.98, -0.8000, -4.921
44.99, -0.8000, -6.087
45.00, 0.000, -4.880
45.01, 0.001000, 81.32
45.02, 0.002000, 36.39
45.03, 0.003000, 19.14
45.04, 0.004000, 15.74
45.05, 0.005000, 10.75
45.06, 0.006000, 8.774
45.07, 0.007000, 7.525
45.08, 0.008000, 5.991
45.09, 0.009000, 5.382
45.10, 0.01000, 3.414
45.11, 0.01100, 5.595
45.12, 0.01200, 1.445
45.13, 0.01300, 3.815
45.14, 0.01400, 1.775
45.15, 0.01500, -0.2210
45.16, 0.01600, 0.9980
45.17, 0.01700, 1.229
45.18, 0.01800, 1.604
45.19, 0.01900, 0.7811
45.20, 0.02000, 2.109
45.21, 0.02100, 1.407
45.22, 0.02200, -0.3377
45.23, 0.02300, -2.029
45.24, 0.02400, -0.5527
45.25, 0.02500, 0.1006
45.26, 0.02600, 0.4362
45.27, 0.02700, 0.4411
45.28, 0.02800, 0.1787
45.29, 0.02900, -1.003
45.30, 0.03000, -0.9557
45.31, 0.03100, 1.551
45.32, 0.03200, 0.3343
45.33, 0.03300, 2.011
45.34, 0.03400, -2.244
45.35, 0.03500, -2.120
45.36, 0.03600, -2.086
45.37, 0.03700, 0.4190
45.38, 0.03800, 0.1145
45.39, 0.03900, -0.5233
45.40, 0.04000, -0.03378
45.41, 0.04100, -0.4440
45.42, 0.04200, 0.5259
45.43, 0.04300, -2.758
45.44, 0.04400, -1.941
45.45, 0.04500, -2.386
45.46, 0.04600, -1.070
45.47, 0.04700, -0.3039
45.48, 0.04800, -1.134
45.49, 0.04900, -2.886
45.50, 0.05000, 0.3693
45.51, 0.05100, -0.6087
45.52, 0.05200, -0.3162
45.53, 0.05300, -1.325
45.54, 0.05400, -1.982
45.55, 0.05500, -0.7939
45.56, 0.05600, -2.001
45.57, 0.05700, -2.914
45.58, 0.05800, -0.2887
45.59, 0.05900, -1.606
45.60, 0.06000, -2.304
45.61, 0.06100, -2.633
45.62, 0.06200, -1.105
45.63, 0.06300, -1.192
45.64, 0.06400, -0.2297
45.65, 0.06500, 0.2264
45.66, 0.06600, 1.709
45.67, 0.06700, -0.8469
45.68, 0.06800, 0.6072
45.69, 0.06900, 0.5121
45.70, 0.07000, 0.7900
45.71, 0.07100, -0.8120
45.72, 0.07200, 0.7614
45.73, 0.07300, 1.068
45.74, 0.07400, 1.195
45.75, 0.07500, -0.5816
45.76, 0.07600, -0.6867
45.77, 0.07700, -0.2975
45.78, 0.07800, 0.5574
45.79, 0.07900, -2.184
45.80, 0.08000, -2.198
45.81, 0.08100, 0.9023
45.82, 0.08200, -0.6083
45.83, 0.08300, -1.591
45.84, 0.08400, -3.077
45.85, 0.08500, 0.1971
45.86, 0.08600, -2.395
45.87, 0.08700, 0.2206
45.88, 0.08800, -2.991
45.89, 0.08900, -2.081
45.90, 0.09000, -3.397
45.91, 0.09100, -1.630
45.92, 0.09200, -1.309
45.93, 0.09300, -1.865
45.94, 0.09400, -3.689
45.95, 0.09500, -1.398
45.96, 0.09600, -2.248
45.97, 0.09700, -2.519
45.98, 0.09800, -2.095
45.99, 0.09900, -1.372
46.00, 0.1000, -1.357
46.01, 0.1010, -0.9657
46.02, 0.1020, -1.524
46.03, 0.1030, -0.2968
46.04, 0.1040, -1.566
46.05, 0.1050, -2.541
46.06, 0.1060, 0.2847
46.07, 0.1070, -0.7201
46.08, 0.1080, -0.4999
46.09, 0.1090, -2.783
46.10, 0.1100, -0.4259
46.11, 0.1110, -0.3391
46.12, 0.1120, -1.840
46.13, 0.1130, -0.8723
46.14, 0.1140, 0.5865
46.15, 0.1150, 0.2001
46.16, 0.1160, 1.191
46.17, 0.1170, -1.086
46.18, 0.1180, -0.6438
46.19, 0.1190, 1.326
46.20, 0.1200, -1.975
46.21, 0.1210, 0.7287
46.22, 0.1220, -0.4443
46.23, 0.1230, -0.9532
46.24, 0.1240, -1.021
46.25, 0.1250, -0.6325
46.26, 0.1260, -0.8919
46.27, 0.1270, -2.838
46.28, 0.1280, -1.104
46.29, 0.1290, -1.292
46.30, 0.1300, -0.1093
46.31, 0.1310, -0.3361
46.32, 0.1320, 0.004127
46.33, 0.1330, -2.123
46.34, 0.1340, 1.371
46.35, 0.1350, 0.2452
46.36, 0.1360, -0.9983
46.37, 0.1370, 1.343
46.38, 0.1380, -1.591
46.39, 0.1390, 0.4785
46.40, 0.1400, -2.406
46.41, 0.1410, 0.1806
46.42, 0.1420, -0.3344
46.43, 0.1430, 0.2769
46.44, 0.1440, -1.031
46.45, 0.1450, -1.534
46.46, 0.1460, -0.2901
46.47, 0.1470, -1.180
46.48, 0.1480, -0.3200
46.49, 0.1490, -0.5331
46.50, 0.1500, -0.5433
46.51, 0.1510, -0.8642
46.52, 0.1520, -0.3132
46.53, 0.1530, -1.027
46.54, 0.1540, 2.267
46.55, 0.1550, 1.685
46.56, 0.1560, 1.248
46.57, 0.1570, -0.4902
46.58, 0.1580, 0.3790
46.59, 0.1590, 2.748
46.60, 0.1600, 1.241
46.61, 0.1610, 0.9050
46.62, 0.1620, -1.937
46.63, 0.1630, 3.375
46.64, 0.1640, 1.316
46.65, 0.1650, -0.3877
46.66, 0.1660, -0.9658
46.67, 0.1670, 1.931
46.68, 0.1680, 2.057
46.69, 0.1690, -0.6156
46.70, 0.1700, -0.8448
46.71, 0.1710, 1.508
46.72, 0.1720, -0.4340
46.73, 0.1730, 0.09196
46.74, 0.1740, -0.8710
46.75, 0.1750, -1.345
46.76, 0.1760, 2.553
46.77, 0.1770, -0.4529
46.78, 0.1780, 1.588
46.79, 0.1790, 0.1800
46.80, 0.1800, 2.902
46.81, 0.1810, 0.1769
46.82, 0.1820, 1.481
46.83, 0.1830, -1.377
46.84, 0.1840, 0.5930
46.85, 0.1850, 0.6919
46.86, 0.1860, 2.539
46.87, 0.1870, 0.7216
46.88, 0.1880, 2.337
46.89, 0.1890, 1.460
46.90, 0.1900, 3.040
46.91, 0.1910, 1.062
46.92, 0.1920, 2.401
46.93, 0.1930, -0.2467
46.94, 0.1940, 3.155
46.95, 0.1950, 2.505
46.96, 0.1960, 4.514
46.97, 0.1970, 1.743
46.98, 0.1980, 3.401
46.99, 0.1990, 1.217
47.00, 0.2000, 2.139
47.01, 0.2010, 3.118
47.02, 0.2020, 3.130
47.03, 0.2030, 1.730
47.04, 0.2040, 3.074
47.05, 0.2050, 1.063
47.06, 0.2060, 3.797
47.07, 0.2070, 2.106
47.08, 0.2080, 3.144
47.09, 0.2090, 1.410
47.10, 0.2100, 2.996
47.11, 0.2110, 1.169
47.12, 0.2120, 0.8823
47.13, 0.2130, 3.862
47.14, 0.2140, 3.807
47.15, 0.2150, 2.148
47.16, 0.2160, 1.207
47.17, 0.2170, 3.374
47.18, 0.2180, 3.169
47.19, 0.2190, 3.871
47.20, 0.2200, 0.7533
47.21, 0.2210, 4.220
47.22, 0.2220, 0.5322
47.23, 0.2230, 3.095
47.24, 0.2240, 3.207
47.25, 0.2250, 3.771
47.26, 0.2260, 3.337
47.27, 0.2270, 2.964
47.28, 0.2280, 3.815
47.29, 0.2290, 3.000
47.30, 0.2300, 4.064
47.31, 0.2310, 3.308
47.32, 0.2320, 3.943
47.33, 0.2330, 4.308
47.34, 0.2340, 4.790
47.35, 0.2350, 3.566
47.36, 0.2360, 4.326
47.37, 0.2370, 4.782
47.38, 0.2380, 5.970
47.39, 0.2390, 6.163
47.40, 0.2400, 3.449
47.41, 0.2410, 5.763
47.42, 0.2420, 5.103
47.43, 0.2430, 5.274
47.44, 0.2440, 4.328
47.45, 0.2450, 5.232
47.46, 0.2460, 3.943
47.47, 0.2470, 5.775
47.48, 0.2480, 4.762
47.49, 0.2490, 4.448
47.50, 0.2500, 4.144
47.51, 0.2510, 4.876
47.52, 0.2520, 6.015
47.53, 0.2530, 3.397
47.54, 0.2540, 6.643
47.55, 0.2550, 4.356
47.56, 0.2560, 5.522
47.57, 0.2570, 6.307
47.58, 0.2580, 6.321
47.59, 0.2590, 4.792
47.60, 0.2600, 6.839
47.61, 0.2610, 5.132
47.62, 0.2620, 6.276
47.63, 0.2630, 6.597
47.64, 0.2640, 5.454
47.65, 0.2650, 6.892
47.66, 0.2660, 6.638
47.67, 0.2670, 6.293
47.68, 0.2680, 6.676
47.69, 0.2690, 6.609
47.70, 0.2700, 5.759
47.71, 0.2710, 7.131
47.72, 0.2720, 5.410
47.73, 0.2730, 6.133
47.74, 0.2740, 5.729
47.75, 0.2750, 6.210
47.76, 0.2760, 7.186
47.77, 0.2770, 6.503
47.78, 0.2780, 7.917
47.79, 0.2790, 7.349
47.80, 0.2800, 7.645
47.81, 0.2810, 8.536
47.82, 0.2820, 8.156
47.83, 0.2830, 7.002
47.84, 0.2840, 8.258
47.85, 0.2850, 7.338
47.86, 0.2860, 8.600
47.87, 0.2870, 8.423
47.88, 0.2880, 7.925
47.89, 0.2890, 8.693
47.90, 0.2900, 7.137
47.91, 0.2910, 8.441
47.92, 0.2920, 8.918
47.93, 0.2930, 9.270
47.94, 0.2940, 9.102
47.95, 0.2950, 8.594
47.96, 0.2960, 7.613
47.97, 0.2970, 9.998
47.98, 0.2980, 6.865
47.99, 0.2990, 7.910
48.00, 0.3000, 8.439
48.01, 0.3010, 9.083
48.02, 0.3020, 9.426
48.03, 0.3030, 9.996
48.04, 0.3040, 8.411
48.05, 0.3050, 10.59
48.06, 0.3060, 7.883
48.07, 0.3070, 9.611
48.08, 0.3080, 8.781
48.09, 0.3090, 10.58
48.10, 0.3100, 7.209
48.11, 0.3110, 9.419
48.12, 0.3120, 9.825
48.13, 0.3130, 8.954
48.14, 0.3140, 8.017
48.15, 0.3150, 8.902
48.16, 0.3160, 8.960
48.17, 0.3170, 10.29
48.18, 0.3180, 10.37
48.19, 0.3190, 10.93
48.20, 0.3200, 11.70
48.21, 0.3210, 9.961
48.22, 0.3220, 9.630
48.23, 0.3230, 10.75
48.24, 0.3240, 10.50
48.25, 0.3250, 10.73
48.26, 0.3260, 10.42
48.27, 0.3270, 12.19
48.28, 0.3280, 9.643
48.29, 0.3290, 11.37
48.30, 0.3300, 11.32
48.31, 0.3310, 9.392
48.32, 0.3320, 11.54
48.33, 0.3330, 11.88
48.34, 0.3340, 10.61
48.35, 0.3350, 10.76
48.36, 0.3360, 10.99
48.37, 0.3370, 11.32
48.38, 0.3380, 11.17
48.39, 0.3390, 11.57
48.40, 0.3400, 13.58
48.41, 0.3410, 11.20
48.42, 0.3420, 10.75
48.43, 0.3430, 12.93
48.44, 0.3440, 12.72
48.45, 0.3450, 11.99
48.46, 0.3460, 11.81
48.47, 0.3470, 11.44
48.48, 0.3480, 12.22
48.49, 0.3490, 12.45
48.50, 0.3500, 12.68
48.51, 0.3510, 13.62
48.52, 0.3520, 12.18
48.53, 0.3530, 12.20
48.54, 0.3540, 12.56
48.55, 0.3550, 11.32
48.56, 0.3560, 11.91
48.57, 0.3570, 13.02
48.58, 0.3580, 12.93
48.59, 0.3590, 12.80
48.60, 0.3600, 14.04
48.61, 0.3610, 12.91
48.62, 0.3620, 13.50
48.63, 0.3630, 12.69
48.64, 0.3640, 13.82
48.65, 0.3650, 13.53
48.66, 0.3660, 13.63
48.67, 0.3670, 13.35
48.68, 0.3680, 14.18
48.69, 0.3690, 14.81
48.70, 0.3700, 14.74
48.71, 0.3710, 15.22
48.72, 0.3720, 14.58
48.73, 0.3730, 15.16
48.74, 0.3740, 13.68
48.75, 0.3750, 15.04
48.76, 0.3760, 12.74
48.77, 0.3770, 14.29
48.78, 0.3780, 13.15
48.79, 0.3790, 14.98
48.80, 0.3800, 12.50
48.81, 0.3810, 14.35
48.82, 0.3820, 13.69
48.83, 0.3830, 13.69
48.84, 0.3840, 14.62
48.85, 0.3850, 13.07
48.86, 0.3860, 14.09
48.87, 0.3870, 14.12
48.88, 0.3880, 15.04
48.89, 0.3890, 13.36
48.90, 0.3900, 14.58
48.91, 0.3910, 14.78
48.92, 0.3920, 15.12
48.93, 0.3930, 14.72
48.94, 0.3940, 13.21
48.95, 0.3950, 14.10
48.96, 0.3960, 14.69
48.97, 0.3970, 15.17
48.98, 0.3980, 15.20
48.99, 0.3990, 16.43
49.00, 0.4000, 14.18
49.01, 0.4010, 16.77
49.02, 0.4020, 14.57
49.03, 0.4030, 16.16
49.04, 0.4040, 15.13
49.05, 0.4050, 16.36
49.06, 0.4060, 15.98
49.07, 0.4070, 17.51
49.08, 0.4080, 16.23
49.09, 0.4090, 15.91
49.10, 0.4100, 17.84
49.11, 0.4110, 16.72
49.12, 0.4120, 17.02
49.13, 0.4130, 16.34
49.14, 0.4140, 16.38
49.15, 0.4150, 15.96
49.16, 0.4160, 17.26
49.17, 0.4170, 16.33
49.18, 0.4180, 16.58
49.19, 0.4190, 16.05
49.20, 0.4200, 17.88
49.21, 0.4210, 17.93
49.22, 0.4220, 15.19
49.23, 0.4230, 16.70
49.24, 0.4240, 16.65
49.25, 0.4250, 16.72
49.26, 0.4260, 16.01
49.27, 0.4270, 17.65
49.28, 0.4280, 14.70
49.29, 0.4290, 16.38
49.30, 0.4300, 15.51
49.31, 0.4310, 17.25
49.32, 0.4320, 17.09
49.33, 0.4330, 15.78
49.34, 0.4340, 17.80
49.35, 0.4350, 17.00
49.36, 0.4360, 16.65
49.37, 0.4370, 16.22
49.38, 0.4380, 16.29
49.39, 0.4390, 16.70
49.40, 0.4400, 16.31
49.41, 0.4410, 16.78
49.42, 0.4420, 15.81
49.43, 0.4430, 16.94
49.44, 0.4440, 17.05
49.45, 0.4450, 17.46
49.46, 0.4460, 16.95
49.47, 0.4470, 16.51
49.48, 0.4480, 16.63
49.49, 0.4490, 18.63
49.50, 0.4500, 17.15
49.51, 0.4510, 17.72
49.52, 0.4520, 17.72
49.53, 0.4530, 17.25
49.54, 0.4540, 18.09
49.55, 0.4550, 19.00
49.56, 0.4560, 16.51
49.57, 0.4570, 18.38
49.58, 0.4580, 18.16
49.59, 0.4590, 16.18
49.60, 0.4600, 17.61
49.61, 0.4610, 18.25
49.62, 0.4620, 18.65
49.63, 0.4630, 17.37
49.64, 0.4640, 16.08
49.65, 0.4650, 17.52
49.66, 0.4660, 17.11
49.67, 0.4670, 18.13
49.68, 0.4680, 18.26
49.69, 0.4690, 17.75
49.70, 0.4700, 18.98
49.71, 0.4710, 15.99
49.72, 0.4720, 18.12
49.73, 0.4730, 16.66
49.74, 0.4740, 19.07
49.75, 0.4750, 17.03
49.76, 0.4760, 17.27
49.77, 0.4770, 16.32
49.78, 0.4780, 18.18
49.79, 0.4790, 15.44
49.80, 0.4800, 16.90
49.81, 0.4810, 16.18
49.82, 0.4820, 17.53
49.83, 0.4830, 17.93
49.84, 0.4840, 16.59
49.85, 0.4850, 18.71
49.86, 0.4860, 18.67
49.87, 0.4870, 19.17
49.88, 0.4880, 18.80
49.89, 0.4890, 18.80
49.90, 0.4900, 17.83
49.91, 0.4910, 18.30
49.92, 0.4920, 19.11
49.93, 0.4930, 19.29
49.94, 0.4940, 17.45
49.95, 0.4950, 19.98
49.96, 0.4960, 16.99
49.97, 0.4970, 17.43
49.98, 0.4980, 19.57
49.99, 0.4990, 19.17
50.00, 0.5000, 18.08
50.01, 0.5010, 16.80
50.02, 0.5020, 17.54
50.03, 0.5030, 19.37
50.04, 0.5040, 18.46
50.05, 0.5050, 18.44
50.06, 0.5060, 16.98
50.07, 0.5070, 18.26
50.08, 0.5080, 18.07
50.09, 0.5090, 15.38
50.10, 0.5100, 17.68
50.11, 0.5110, 18.67
50.12, 0.5120, 15.82
50.13, 0.5130, 19.21
50.14, 0.5140, 18.16
50.15, 0.5150, 19.03
50.16, 0.5160, 16.09
50.17, 0.5170, 18.58
50.18, 0.5180, 17.31
50.19, 0.5190, 19.06
50.20, 0.5200, 17.40
50.21, 0.5210, 19.78
50.22, 0.5220, 19.22
50.23, 0.5230, 18.37
50.24, 0.5240, 14.82
50.25, 0.5250, 17.39
50.26, 0.5260, 17.73
50.27, 0.5270, 18.55
50.28, 0.5280, 17.68
50.29, 0.5290, 20.39
50.30, 0.5300, 18.37
50.31, 0.5310, 19.99
50.32, 0.5320, 19.67
50.33, 0.5330, 19.09
50.34, 0.5340, 16.53
50.35, 0.5350, 19.97
50.36, 0.5360, 18.08
50.37, 0.5370, 19.48
50.38, 0.5380, 17.89
50.39, 0.5390, 18.73
50.40, 0.5400, 16.79
50.41, 0.5410, 17.75
50.42, 0.5420, 17.73
50.43, 0.5430, 20.21
50.44, 0.5440, 18.76
50.45, 0.5450, 20.03
50.46, 0.5460, 17.39
50.47, 0.5470, 21.16
50.48, 0.5480, 18.45
50.49, 0.5490, 19.40
50.50, 0.5500, 18.17
50.51, 0.5510, 18.77
50.52, 0.5520, 18.86
50.53, 0.5530, 17.92
50.54, 0.5540, 19.26
50.55, 0.5550, 18.97
50.56, 0.5560, 17.53
50.57, 0.5570, 18.97
50.58, 0.5580, 18.14
50.59, 0.5590, 17.96
50.60, 0.5600, 15.23
50.61, 0.5610, 17.14
50.62, 0.5620, 19.43
50.63, 0.5630, 18.79
50.64, 0.5640, 17.57
50.65, 0.5650, 18.51
50.66, 0.5660, 18.31
50.67, 0.5670, 18.07
50.68, 0.5680, 16.99
50.69, 0.5690, 16.57
50.70, 0.5700, 17.43
50.71, 0.5710, 17.12
50.72, 0.5720, 18.20
50.73, 0.5730, 19.06
50.74, 0.5740, 18.45
50.75, 0.5750, 19.07
50.76, 0.5760, 19.64
50.77, 0.5770, 18.56
50.78, 0.5780, 20.33
50.79, 0.5790, 17.13
50.80, 0.5800, 20.40
50.81, 0.5810, 18.74
50.82, 0.5820, 19.41
50.83, 0.5830, 18.86
50.84, 0.5840, 20.23
50.85, 0.5850, 18.46
50.86, 0.5860, 19.29
50.87, 0.5870, 18.10
50.88, 0.5880, 20.01
50.89, 0.5890, 20.29
50.90, 0.5900, 20.39
50.91, 0.5910, 18.12
50.92, 0.5920, 18.95
50.93, 0.5930, 19.31
50.94, 0.5940, 18.67
50.95, 0.5950, 17.24
50.96, 0.5960, 19.61
50.97, 0.5970, 17.73
50.98, 0.5980, 18.36
50.99, 0.5990, 18.63
51.00, 0.6000, 19.60
51.01, 0.6010, 18.37
51.02, 0.6020, 16.98
51.03, 0.6030, 18.48
51.04, 0.6040, 18.53
51.05, 0.6050, 19.65
51.06, 0.6060, 19.40
51.07, 0.6070, 20.54
51.08, 0.6080, 18.80
51.09, 0.6090, 20.01
51.10, 0.6100, 20.45
51.11, 0.6110, 19.07
51.12, 0.6120, 18.26
51.13, 0.6130, 19.40
51.14, 0.6140, 19.66
51.15, 0.6150, 20.36
51.16, 0.6160, 19.56
51.17, 0.6170, 19.36
51.18, 0.6180, 19.63
51.19, 0.6190, 19.59
51.20, 0.6200, 19.84
51.21, 0.6210, 19.86
51.22, 0.6220, 18.46
51.23, 0.6230, 20.64
51.24, 0.6240, 19.27
51.25, 0.6250, 18.24
51.26, 0.6260, 19.14
51.27, 0.6270, 20.27
51.28, 0.6280, 18.60
51.29, 0.6290, 19.80
51.30, 0.6300, 20.59
51.31, 0.6310, 18.71
51.32, 0.6320, 20.18
51.33, 0.6330, 18.38
51.34, 0.6340, 20.61
51.35, 0.6350, 17.82
51.36, 0.6360, 20.38
51.37, 0.6370, 19.36
51.38, 0.6380, 20.82
51.39, 0.6390, 18.23
51.40, 0.6400, 20.36
51.41, 0.6410, 19.31
51.42, 0.6420, 20.30
51.43, 0.6430, 18.50
51.44, 0.6440, 18.34
51.45, 0.6450, 19.89
51.46, 0.6460, 18.33
51.47, 0.6470, 21.22
51.48, 0.6480, 20.04
51.49, 0.6490, 20.43
51.50, 0.6500, 19.77
51.51, 0.6510, 18.90
51.52, 0.6520, 19.49
51.53, 0.6530, 20.73
51.54, 0.6540, 18.37
51.55, 0.6550, 21.47
51.56, 0.6560, 20.40
51.57, 0.6570, 18.96
51.58, 0.6580, 21.52
51.59, 0.6590, 21.43
51.60, 0.6600, 18.76
51.61, 0.6610, 21.90
51.62, 0.6620, 22.36
51.63, 0.6630, 19.65
51.64, 0.6640, 20.36
51.65, 0.6650, 21.46
51.66, 0.6660, 19.46
51.67, 0.6670, 21.08
51.68, 0.6680, 20.05
51.69, 0.6690, 21.64
51.70, 0.6700, 18.46
51.71, 0.6710, 21.18
51.72, 0.6720, 20.64
51.73, 0.6730, 22.14
51.74, 0.6740, 21.30
51.75, 0.6750, 22.98
51.76, 0.6760, 20.20
51.77, 0.6770, 22.46
51.78, 0.6780, 19.07
51.79, 0.6790, 21.71
51.80, 0.6800, 20.40
51.81, 0.6810, 21.29
51.82, 0.6820, 19.62
51.83, 0.6830, 21.26
51.84, 0.6840, 20.12
51.85, 0.6850, 21.97
51.86, 0.6860, 20.71
51.87, 0.6870, 22.28
51.88, 0.6880, 19.94
51.89, 0.6890, 22.23
51.90, 0.6900, 21.33
51.91, 0.6910, 20.48
51.92, 0.6920, 19.62
51.93, 0.6930, 20.55
51.94, 0.6940, 20.83
51.95, 0.6950, 21.54
51.96, 0.6960, 20.03
51.97, 0.6970, 18.56
51.98, 0.6980, 21.39
51.99, 0.6990, 22.24
52.00, 0.7000, 21.04
52.01, 0.7010, 20.83
52.02, 0.7020, 20.12
52.03, 0.7030, 19.96
52.04, 0.7040, 20.60
52.05, 0.7050, 20.69
52.06, 0.7060, 21.60
52.07, 0.7070, 22.51
52.08, 0.7080, 21.24
52.09, 0.7090, 22.70
52.10, 0.7100, 19.98
52.11, 0.7110, 21.83
52.12, 0.7120, 19.72
52.13, 0.7130, 20.43
52.14, 0.7140, 20.04
52.15, 0.7150, 22.04
52.16, 0.7160, 20.36
52.17, 0.7170, 20.56
52.18, 0.7180, 21.30
52.19, 0.7190, 22.86
52.20, 0.7200, 19.73
52.21, 0.7210, 20.80
52.22, 0.7220, 21.89
52.23, 0.7230, 20.27
52.24, 0.7240, 21.57
52.25, 0.7250, 20.33
52.26, 0.7260, 20.91
52.27, 0.7270, 22.39
52.28, 0.7280, 19.94
52.29, 0.7290, 21.11
52.30, 0.7300, 20.06
52.31, 0.7310, 22.33
52.32, 0.7320, 19.40
52.33, 0.7330, 20.41
52.34, 0.7340, 21.43
52.35, 0.7350, 19.21
52.36, 0.7360, 20.26
52.37, 0.7370, 21.46
52.38, 0.7380, 20.63
52.39, 0.7390, 21.55
52.40, 0.7400, 23.24
52.41, 0.7410, 20.37
52.42, 0.7420, 20.87
52.43, 0.7430, 22.27
52.44, 0.7440, 20.63
52.45, 0.7450, 22.39
52.46, 0.7460, 21.47
52.47, 0.7470, 24.29
52.48, 0.7480, 20.12
52.49, 0.7490, 19.83
52.50, 0.7500, 21.29
52.51, 0.7510, 21.39
52.52, 0.7520, 21.08
52.53, 0.7530, 21.81
52.54, 0.7540, 22.38
52.55, 0.7550, 20.44
52.56, 0.7560, 21.09
52.57, 0.7570, 21.76
52.58, 0.7580, 21.26
52.59, 0.7590, 22.07
52.60, 0.7600, 22.53
52.61, 0.7610, 21.19
52.62, 0.7620, 23.51
52.63, 0.7630, 21.34
52.64, 0.7640, 22.96
52.65, 0.7650, 21.61
52.66, 0.7660, 22.23
52.67, 0.7670, 21.52
52.68, 0.7680, 22.15
52.69, 0.7690, 19.61
52.70, 0.7700, 21.54
52.71, 0.7710, 21.93
52.72, 0.7720, 23.06
52.73, 0.7730, 22.54
52.74, 0.7740, 23.73
52.75, 0.7750, 20.64
52.76, 0.7760, 23.38
52.77, 0.7770, 20.67
52.78, 0.7780, 22.78
52.79, 0.7790, 21.60
52.80, 0.7800, 22.08
52.81, 0.7810, 22.07
52.82, 0.7820, 24.28
52.83, 0.7830, 22.63
52.84, 0.7840, 23.01
52.85, 0.7850, 22.68
52.86, 0.7860, 22.09
52.87, 0.7870, 24.15
52.88, 0.7880, 22.34
52.89, 0.7890, 23.43
52.90, 0.7900, 21.42
52.91, 0.7910, 22.90
52.92, 0.7920, 23.55
52.93, 0.7930, 22.45
52.94, 0.7940, 22.14
52.95, 0.7950, 21.80
52.96, 0.7960, 22.41
52.97, 0.7970, 22.19
52.98, 0.7980, 23.31
52.99, 0.7990, 22.83
53.00, 0.8000, 23.30
53.01, 0.8010, 21.32
53.02, 0.8020, 22.40
53.03, 0.8030, 22.39
53.04, 0.8040, 23.32
53.05, 0.8050, 21.07
53.06, 0.8060, 22.52
53.07, 0.8070, 22.21
53.08, 0.8080, 23.60
53.09, 0.8090, 22.41
53.10, 0.8100, 22.75
53.11, 0.8110, 24.10
53.12, 0.8120, 22.53
53.13, 0.8130, 24.22
53.14, 0.8140, 21.82
53.15, 0.8150, 23.06
53.16, 0.8160, 22.07
53.17, 0.8170, 22.95
53.18, 0.8180, 23.46
53.19, 0.8190, 23.15
53.20, 0.8200, 22.95
53.21, 0.8210, 22.46
53.22, 0.8220, 24.36
53.23, 0.8230, 22.66
53.24, 0.8240, 23.73
53.25, 0.8250, 21.95
53.26, 0.8260, 23.46
53.27, 0.8270, 25.07
53.28, 0.8280, 24.06
53.29, 0.8290, 23.17
53.30, 0.8300, 24.28
53.31, 0.8310, 24.36
53.32, 0.8320, 23.94
53.33, 0.8330, 23.98
53.34, 0.8340, 24.57
53.35, 0.8350, 25.76
53.36, 0.8360, 22.13
53.37, 0.8370, 24.24
53.38, 0.8380, 23.83
53.39, 0.8390, 22.56
53.40, 0.8400, 24.88
53.41, 0.8410, 24.77
53.42, 0.8420, 25.12
53.43, 0.8430, 23.09
53.44, 0.8440, 23.51
53.45, 0.8450, 23.79
53.46, 0.8460, 24.34
53.47, 0.8470, 24.58
53.48, 0.8480, 25.05
53.49, 0.8490, 24.42
53.50, 0.8500, 21.34
53.51, 0.8510, 23.14
53.52, 0.8520, 24.13
53.53, 0.8530, 22.17
53.54, 0.8540, 23.44
53.55, 0.8550, 23.91
53.56, 0.8560, 22.47
53.57, 0.8570, 23.03
53.58, 0.8580, 25.38
53.59, 0.8590, 24.20
53.60, 0.8600, 25.44
53.61, 0.8610, 24.10
53.62, 0.8620, 24.53
53.63, 0.8630, 21.61
53.64, 0.8640, 24.54
53.65, 0.8650, 23.45
53.66, 0.8660, 25.83
53.67, 0.8670, 23.60
53.68, 0.8680, 23.89
53.69, 0.8690, 24.52
53.70, 0.8700, 24.35
53.71, 0.8710, 23.46
53.72, 0.8720, 26.47
53.73, 0.8730, 25.99
53.74, 0.8740, 24.88
53.75, 0.8750, 26.16
53.76, 0.8760, 25.54
53.77, 0.8770, 25.44
53.78, 0.8780, 24.66
53.79, 0.8790, 27.01
53.80, 0.8800, 23.94
53.81, 0.8810, 25.20
53.82, 0.8820, 24.96
53.83, 0.8830, 26.01
53.84, 0.8840, 23.70
53.85, 0.8850, 25.20
53.86, 0.8860, 23.69
53.87, 0.8870, 25.47
53.88, 0.8880, 24.03
53.89, 0.8890, 25.50
53.90, 0.8900, 25.29
53.91, 0.8910, 26.66
53.92, 0.8920, 25.83
53.93, 0.8930, 25.22
53.94, 0.8940, 23.26
53.95, 0.8950, 25.37
53.96, 0.8960, 25.71
53.97, 0.8970, 25.18
53.98, 0.8980, 23.34
53.99, 0.8990, 25.34
54.00, 0.9000, 23.07
54.01, 0.9010, 25.74
54.02, 0.9020, 25.53
54.03, 0.9030, 24.94
54.04, 0.9040, 23.13
54.05, 0.9050, 26.35
54.06, 0.9060, 24.42
54.07, 0.9070, 25.14
54.08, 0.9080, 25.59
54.09, 0.9090, 25.23
54.10, 0.9100, 26.80
54.11, 0.9110, 27.00
54.12, 0.9120, 26.46
54.13, 0.9130, 28.80
54.14, 0.9140, 27.47
54.15, 0.9150, 26.17
54.16, 0.9160, 26.83
54.17, 0.9170, 25.65
54.18, 0.9180, 27.48
54.19, 0.9190, 26.16
54.20, 0.9200, 27.87
54.21, 0.9210, 24.81
54.22, 0.9220, 27.44
54.23, 0.9230, 26.17
54.24, 0.9240, 27.07
54.25, 0.9250, 26.93
54.26, 0.9260, 26.55
54.27, 0.9270, 26.18
54.28, 0.9280, 26.84
54.29, 0.9290, 27.77
54.30, 0.9300, 26.51
54.31, 0.9310, 28.81
54.32, 0.9320, 26.88
54.33, 0.9330, 28.25
54.34, 0.9340, 26.91
54.35, 0.9350, 27.04
54.36, 0.9360, 25.53
54.37, 0.9370, 26.95
54.38, 0.9380, 27.38
54.39, 0.9390, 26.80
54.40, 0.9400, 26.35
54.41, 0.9410, 27.54
54.42, 0.9420, 28.79
54.43, 0.9430, 25.12
54.44, 0.9440, 27.81
54.45, 0.9450, 26.97
54.46, 0.9460, 27.24
54.47, 0.9470, 26.44
54.48, 0.9480, 27.71
54.49, 0.9490, 27.18
54.50, 0.9500, 28.69
54.51, 0.9510, 25.14
54.52, 0.9520, 30.22
54.53, 0.9530, 27.28
54.54, 0.9540, 28.45
54.55, 0.9550, 27.46
54.56, 0.9560, 30.08
54.57, 0.9570, 26.15
54.58, 0.9580, 27.79
54.59, 0.9590, 28.70
54.60, 0.9600, 28.69
54.61, 0.9610, 28.90
54.62, 0.9620, 28.45
54.63, 0.9630, 27.77
54.64, 0.9640, 28.81
54.65, 0.9650, 27.56
54.66, 0.9660, 28.68
54.67, 0.9670, 29.02
54.68, 0.9680, 28.57
54.69, 0.9690, 28.53
54.70, 0.9700, 28.88
54.71, 0.9710, 30.53
54.72, 0.9720, 29.56
54.73, 0.9730, 28.77
54.74, 0.9740, 28.03
54.75, 0.9750, 29.75
54.76, 0.9760, 28.14
54.77, 0.9770, 30.26
54.78, 0.9780, 29.11
54.79, 0.9790, 29.42
54.80, 0.9800, 28.98
54.81, 0.9810, 29.70
54.82, 0.9820, 29.72
54.83, 0.9830, 30.73
54.84, 0.9840, 29.24
54.85, 0.9850, 29.12
54.86, 0.9860, 29.03
54.87, 0.9870, 29.91
54.88, 0.9880, 29.29
54.89, 0.9890, 29.74
54.90, 0.9900, 30.07
54.91, 0.9910, 28.24
54.92, 0.9920, 31.87
54.93, 0.9930, 28.67
54.94, 0.9940, 31.90
54.95, 0.9950, 31.26
54.96, 0.9960, 32.56
54.97, 0.9970, 31.65
54.98, 0.9980, 30.86
54.99, 0.9990, 29.97
55.00, 1.000, 30.65
55.01, 1.001, 28.24
55.02, 1.002, 30.42
55.03, 1.003, 30.38
55.04, 1.004, 29.55
55.05, 1.005, 30.16
55.06, 1.006, 30.08
55.07, 1.007, 29.51
55.08, 1.008, 31.38
55.09, 1.009, 30.27
55.10, 1.010, 30.99
55.11, 1.011, 30.50
55.12, 1.012, 30.82
55.13, 1.013, 30.89
55.14, 1.014, 30.95
55.15, 1.015, 29.55
55.16, 1.016, 30.14
55.17, 1.017, 30.33
55.18, 1.018, 31.69
55.19, 1.019, 29.93
55.20, 1.020, 32.53
55.21, 1.021, 28.45
55.22, 1.022, 30.34
55.23, 1.023, 30.93
55.24, 1.024, 30.50
55.25, 1.025, 31.00
55.26, 1.026, 33.37
55.27, 1.027, 33.23
55.28, 1.028, 32.18
55.29, 1.029, 32.60
55.30, 1.030, 33.33
55.31, 1.031, 31.42
55.32, 1.032, 31.08
55.33, 1.033, 31.16
55.34, 1.034, 32.01
55.35, 1.035, 30.48
55.36, 1.036, 32.84
55.37, 1.037, 33.81
55.38, 1.038, 34.46
55.39, 1.039, 34.14
55.40, 1.040, 34.19
55.41, 1.041, 31.83
55.42, 1.042, 34.60
55.43, 1.043, 32.98
55.44, 1.044, 33.53
55.45, 1.045, 33.53
55.46, 1.046, 35.53
55.47, 1.047, 33.76
55.48, 1.048, 34.26
55.49, 1.049, 33.84
55.50, 1.050, 32.35
55.51, 1.051, 32.25
55.52, 1.052, 33.52
55.53, 1.053, 32.73
55.54, 1.054, 33.55
55.55, 1.055, 33.06
55.56, 1.056, 33.87
55.57, 1.057, 32.29
55.58, 1.058, 33.31
55.59, 1.059, 34.56
55.60, 1.060, 35.05
55.61, 1.061, 35.58
55.62, 1.062, 35.68
55.63, 1.063, 34.05
55.64, 1.064, 34.50
55.65, 1.065, 33.95
55.66, 1.066, 34.61
55.67, 1.067, 35.38
55.68, 1.068, 37.23
55.69, 1.069, 34.65
55.70, 1.070, 37.07
55.71, 1.071, 35.09
55.72, 1.072, 37.45
55.73, 1.073, 36.21
55.74, 1.074, 35.67
55.75, 1.075, 35.83
55.76, 1.076, 37.36
55.77, 1.077, 36.54
55.78, 1.078, 38.73
55.79, 1.079, 36.63
55.80, 1.080, 37.94
55.81, 1.081, 37.54
55.82, 1.082, 38.02
55.83, 1.083, 37.17
55.84, 1.084, 39.10
55.85, 1.085, 38.41
55.86, 1.086, 38.51
55.87, 1.087, 37.70
55.88, 1.088, 37.34
55.89, 1.089, 39.54
55.90, 1.090, 37.58
55.91, 1.091, 40.23
55.92, 1.092, 38.26
55.93, 1.093, 41.02
55.94, 1.094, 38.88
55.95, 1.095, 38.80
55.96, 1.096, 38.80
55.97, 1.097, 40.17
55.98, 1.098, 39.30
55.99, 1.099, 39.97
56.00, 1.100, 40.81
56.01, 1.101, 41.70
56.02, 1.102, 37.37
56.03, 1.103, 40.40
56.04, 1.104, 40.59
56.05, 1.105, 36.65
56.06, 1.106, 41.81
56.07, 1.107, 40.04
56.08, 1.108, 41.67
56.09, 1.109, 41.01
56.10, 1.110, 39.79
56.11, 1.111, 41.31
56.12, 1.112, 42.22
56.13, 1.113, 41.00
56.14, 1.114, 43.92
56.15, 1.115, 41.94
56.16, 1.116, 44.60
56.17, 1.117, 43.31
56.18, 1.118, 43.20
56.19, 1.119, 41.60
56.20, 1.120, 44.83
56.21, 1.121, 43.68
56.22, 1.122, 45.70
56.23, 1.123, 43.56
56.24, 1.124, 45.06
56.25, 1.125, 46.05
56.26, 1.126, 43.17
56.27, 1.127, 44.95
56.28, 1.128, 45.69
56.29, 1.129, 46.37
56.30, 1.130, 46.91
56.31, 1.131, 44.07
56.32, 1.132, 45.80
56.33, 1.133, 47.92
56.34, 1.134, 45.42
56.35, 1.135, 45.24
56.36, 1.136, 46.28
56.37, 1.137, 48.17
56.38, 1.138, 46.97
56.39, 1.139, 47.75
56.40, 1.140, 47.02
56.41, 1.141, 48.67
56.42, 1.142, 48.19
56.43, 1.143, 47.92
56.44, 1.144, 49.25
56.45, 1.145, 48.15
56.46, 1.146, 48.57
56.47, 1.147, 49.26
56.48, 1.148, 49.12
56.49, 1.149, 49.51
56.50, 1.150, 50.66
56.51, 1.151, 51.66
56.52, 1.152, 49.85
56.53, 1.153, 52.70
56.54, 1.154, 49.68
56.55, 1.155, 52.49
56.56, 1.156, 51.31
56.57, 1.157, 50.59
56.58, 1.158, 51.61
56.59, 1.159, 52.47
56.60, 1.160, 50.87
56.61, 1.161, 52.89
56.62, 1.162, 54.13
56.63, 1.163, 53.73
56.64, 1.164, 54.13
56.65, 1.165, 54.06
56.66, 1.166, 54.65
56.67, 1.167, 54.37
56.68, 1.168, 56.16
56.69, 1.169, 55.68
56.70, 1.170, 57.80
56.71, 1.171, 55.98
56.72, 1.172, 56.89
56.73, 1.173, 56.14
56.74, 1.174, 57.21
56.75, 1.175, 56.40
56.76, 1.176, 57.62
56.77, 1.177, 57.60
56.78, 1.178, 60.27
56.79, 1.179, 58.41
56.80, 1.180, 60.16
56.81, 1.181, 58.96
56.82, 1.182, 59.67
56.83, 1.183, 58.10
56.84, 1.184, 60.14
56.85, 1.185, 61.65
56.86, 1.186, 61.65
56.87, 1.187, 62.64
56.88, 1.188, 61.33
56.89, 1.189, 62.31
56.90, 1.190, 61.59
56.91, 1.191, 62.66
56.92, 1.192, 59.93
56.93, 1.193, 61.53
56.94, 1.194, 63.38
56.95, 1.195, 63.44
56.96, 1.196, 62.12
56.97, 1.197, 66.01
56.98, 1.198, 63.42
56.99, 1.199, 63.48
57.00, 1.200, 64.53
57.01, 1.201, 62.97
57.02, 1.202, 65.87
57.03, 1.203, 66.03
57.04, 1.204, 66.46
57.05, 1.205, 65.85
57.06, 1.206, 66.55
57.07, 1.207, 68.40
57.08, 1.208, 68.30
57.09, 1.209, 67.96
57.10, 1.210, 68.60
57.11, 1.211, 67.70
57.12, 1.212, 67.79
57.13, 1.213, 69.56
57.14, 1.214, 69.19
57.15, 1.215, 69.06
57.16, 1.216, 67.78
57.17, 1.217, 71.80
57.18, 1.218, 69.22
57.19, 1.219, 70.64
57.20, 1.220, 69.67
57.21, 1.221, 72.89
57.22, 1.222, 70.06
57.23, 1.223, 72.89
57.24, 1.224, 70.98
57.25, 1.225, 69.38
57.26, 1.226, 71.11
57.27, 1.227, 74.50
57.28, 1.228, 72.69
57.29, 1.229, 72.19
57.30, 1.230, 73.13
57.31, 1.231, 72.36
57.32, 1.232, 73.02
57.33, 1.233, 74.11
57.34, 1.234, 74.97
57.35, 1.235, 73.11
57.36, 1.236, 74.04
57.37, 1.237, 73.46
57.38, 1.238, 74.75
57.39, 1.239, 73.29
57.40, 1.240, 76.27
57.41, 1.241, 74.40
57.42, 1.242, 76.63
57.43, 1.243, 74.81
57.44, 1.244, 77.45
57.45, 1.245, 78.09
57.46, 1.246, 75.63
57.47, 1.247, 77.66
57.48, 1.248, 79.60
57.49, 1.249, 77.77
57.50, 1.250, 78.34
57.51, 1.251, 74.35
57.52, 1.252, 77.35
57.53, 1.253, 78.85
57.54, 1.254, 77.09
57.55, 1.255, 79.20
57.56, 1.256, 78.27
57.57, 1.257, 79.60
57.58, 1.258, 78.12
57.59, 1.259, 79.75
57.60, 1.260, 78.41
57.61, 1.261, 78.78
57.62, 1.262, 78.40
57.63, 1.263, 80.27
57.64, 1.264, 78.69
57.65, 1.265, 81.15
57.66, 1.266, 80.92
57.67, 1.267, 80.27
57.68, 1.268, 78.38
57.69, 1.269, 82.48
57.70, 1.270, 81.39
57.71, 1.271, 81.89
57.72, 1.272, 83.09
57.73, 1.273, 82.50
57.74, 1.274, 81.80
57.75, 1.275, 82.84
57.76, 1.276, 81.26
57.77, 1.277, 82.97
57.78, 1.278, 81.91
57.79, 1.279, 81.81
57.80, 1.280, 82.28
57.81, 1.281, 80.10
57.82, 1.282, 85.30
57.83, 1.283, 82.52
57.84, 1.284, 82.90
57.85, 1.285, 81.67
57.86, 1.286, 85.00
57.87, 1.287, 82.84
57.88, 1.288, 83.99
57.89, 1.289, 85.03
57.90, 1.290, 86.76
57.91, 1.291, 85.79
57.92, 1.292, 85.24
57.93, 1.293, 86.06
57.94, 1.294, 87.14
57.95, 1.295, 86.29
57.96, 1.296, 89.29
57.97, 1.297, 85.47
57.98, 1.298, 88.31
57.99, 1.299, 84.86
58.00, 1.300, 86.80
58.01, 1.301, 87.38
58.02, 1.302, 87.09
58.03, 1.303, 86.96
58.04, 1.304, 87.66
58.05, 1.305, 86.64
58.06, 1.306, 88.86
58.07, 1.307, 87.40
58.08, 1.308, 88.70
58.09, 1.309, 87.61
58.10, 1.310, 87.39
58.11, 1.311, 85.51
58.12, 1.312, 89.84
58.13, 1.313, 88.65
58.14, 1.314, 87.33
58.15, 1.315, 86.92
58.16, 1.316, 86.97
58.17, 1.317, 88.74
58.18, 1.318, 88.75
58.19, 1.319, 88.53
58.20, 1.320, 89.70
58.21, 1.321, 89.68
58.22, 1.322, 87.51
58.23, 1.323, 90.28
58.24, 1.324, 87.91
58.25, 1.325, 87.55
58.26, 1.326, 89.27
58.27, 1.327, 89.04
58.28, 1.328, 88.83
58.29, 1.329, 90.80
58.30, 1.330, 88.29
58.31, 1.331, 92.17
58.32, 1.332, 89.70
58.33, 1.333, 90.70
58.34, 1.334, 88.25
58.35, 1.335, 92.29
58.36, 1.336, 90.72
58.37, 1.337, 92.42
58.38, 1.338, 90.17
58.39, 1.339, 91.02
58.40, 1.340, 90.97
58.41, 1.341, 90.29
58.42, 1.342, 92.84
58.43, 1.343, 90.95
58.44, 1.344, 90.57
58.45, 1.345, 91.38
58.46, 1.346, 92.50
58.47, 1.347, 89.81
58.48, 1.348, 90.93
58.49, 1.349, 90.39
58.50, 1.350, 93.59
58.51, 1.351, 90.69
58.52, 1.352, 91.79
58.53, 1.353, 91.07
58.54, 1.354, 93.82
58.55, 1.355, 92.04
58.56, 1.356, 93.25
58.57, 1.357, 92.87
58.58, 1.358, 92.77
58.59, 1.359, 90.95
58.60, 1.360, 92.55
58.61, 1.361, 93.15
58.62, 1.362, 90.82
58.63, 1.363, 93.22
58.64, 1.364, 93.67
58.65, 1.365, 92.16
58.66, 1.366, 92.28
58.67, 1.367, 92.71
58.68, 1.368, 92.70
58.69, 1.369, 92.61
58.70, 1.370, 93.29
58.71, 1.371, 95.79
58.72, 1.372, 92.15
58.73, 1.373, 96.99
58.74, 1.374, 94.81
58.75, 1.375, 95.01
58.76, 1.376, 93.02
58.77, 1.377, 94.97
58.78, 1.378, 94.79
58.79, 1.379, 92.68
58.80, 1.380, 96.96
58.81, 1.381, 94.77
58.82, 1.382, 95.27
58.83, 1.383, 94.23
58.84, 1.384, 96.70
58.85, 1.385, 94.43
58.86, 1.386, 96.37
58.87, 1.387, 95.30
58.88, 1.388, 96.20
58.89, 1.389, 95.87
58.90, 1.390, 93.47
58.91, 1.391, 94.91
58.92, 1.392, 94.32
58.93, 1.393, 96.34
58.94, 1.394, 92.99
58.95, 1.395, 97.86
58.96, 1.396, 94.42
58.97, 1.397, 95.02
58.98, 1.398, 96.73
58.99, 1.399, 97.20
59.00, 1.400, 95.82
59.01, 1.401, 96.82
59.02, 1.402, 94.03
59.03, 1.403, 97.35
59.04, 1.404, 96.83
59.05, 1.405, 97.40
59.06, 1.406, 95.89
59.07, 1.407, 96.92
59.08, 1.408, 94.37
59.09, 1.409, 97.87
59.10, 1.410, 98.86
59.11, 1.411, 97.40
59.12, 1.412, 97.42
59.13, 1.413, 97.72
59.14, 1.414, 98.17
59.15, 1.415, 98.62
59.16, 1.416, 97.23
59.17, 1.417, 98.57
59.18, 1.418, 98.12
59.19, 1.419, 99.90
59.20, 1.420, 99.35
59.21, 1.421, 99.99
59.22, 1.422, 98.44
59.23, 1.423, 99.26
59.24, 1.424, 99.42
59.25, 1.425, 102.2
59.26, 1.426, 100.9
59.27, 1.427, 101.2
59.28, 1.428, 99.62
59.29, 1.429, 99.00
59.30, 1.430, 101.1
59.31, 1.431, 100.2
59.32, 1.432, 101.5
59.33, 1.433, 101.0
59.34, 1.434, 98.90
59.35, 1.435, 101.4
59.36, 1.436, 100.7
59.37, 1.437, 101.1
59.38, 1.438, 100.1
59.39, 1.439, 101.5
59.40, 1.440, 100.2
59.41, 1.441, 100.8
59.42, 1.442, 99.61
59.43, 1.443, 102.0
59.44, 1.444, 102.0
59.45, 1.445, 102.6
59.46, 1.446, 102.3
59.47, 1.447, 101.3
59.48, 1.448, 103.4
59.49, 1.449, 104.3
59.50, 1.450, 102.1
59.51, 1.451, 101.7
59.52, 1.452, 103.0
59.53, 1.453, 104.1
59.54, 1.454, 102.8
59.55, 1.455, 103.1
59.56, 1.456, 102.6
59.57, 1.457, 105.2
59.58, 1.458, 104.0
59.59, 1.459, 105.1
59.60, 1.460, 105.5
59.61, 1.461, 104.8
59.62, 1.462, 105.5
59.63, 1.463, 104.9
59.64, 1.464, 105.2
59.65, 1.465, 106.5
59.66, 1.466, 106.9
59.67, 1.467, 106.6
59.68, 1.468, 104.4
59.69, 1.469, 105.5
59.70, 1.470, 105.8
59.71, 1.471, 106.6
59.72, 1.472, 105.8
59.73, 1.473, 107.0
59.74, 1.474, 107.1
59.75, 1.475, 107.6
59.76, 1.476, 108.3
59.77, 1.477, 106.0
59.78, 1.478, 107.7
59.79, 1.479, 109.1
59.80, 1.480, 108.6
59.81, 1.481, 107.8
59.82, 1.482, 107.0
59.83, 1.483, 108.6
59.84, 1.484, 109.7
59.85, 1.485, 107.8
59.86, 1.486, 108.6
59.87, 1.487, 108.9
59.88, 1.488, 110.6
59.89, 1.489, 110.3
59.90, 1.490, 109.7
59.91, 1.491, 109.6
59.92, 1.492, 109.6
59.93, 1.493, 109.7
59.94, 1.494, 109.7
59.95, 1.495, 110.4
59.96, 1.496, 110.8
59.97, 1.497, 112.9
59.98, 1.498, 113.1
59.99, 1.499, 112.4
60.00, 1.500, 113.4
60.01, 1.501, 110.8
60.02, 1.502, 113.0
60.03, 1.503, 113.1
60.04, 1.504, 111.8
60.05, 1.505, 113.6
60.06, 1.506, 112.7
60.07, 1.507, 114.3
60.08, 1.508, 112.8
60.09, 1.509, 115.3
60.10, 1.510, 114.1
60.11, 1.511, 114.1
60.12, 1.512, 112.3
60.13, 1.513, 115.2
60.14, 1.514, 114.6
60.15, 1.515, 116.5
60.16, 1.516, 114.2
60.17, 1.517, 115.3
60.18, 1.518, 115.3
60.19, 1.519, 117.4
60.20, 1.520, 114.7
60.21, 1.521, 118.0
60.22, 1.522, 115.9
60.23, 1.523, 117.6
60.24, 1.524, 116.8
60.25, 1.525, 116.9
60.26, 1.526, 117.7
60.27, 1.527, 118.7
60.28, 1.528, 115.0
60.29, 1.529, 117.8
60.30, 1.530, 117.4
60.31, 1.531, 119.0
60.32, 1.532, 118.9
60.33, 1.533, 119.8
60.34, 1.534, 117.7
60.35, 1.535, 120.4
60.36, 1.536, 116.7
60.37, 1.537, 120.0
60.38, 1.538, 118.8
60.39, 1.539, 120.9
60.40, 1.540, 119.6
60.41, 1.541, 120.5
60.42, 1.542, 120.1
60.43, 1.543, 122.0
60.44, 1.544, 121.5
60.45, 1.545, 122.4
60.46, 1.546, 120.7
60.47, 1.547, 125.6
60.48, 1.548, 121.7
60.49, 1.549, 123.7
60.50, 1.550, 122.6
60.51, 1.551, 123.8
60.52, 1.552, 122.4
60.53, 1.553, 124.9
60.54, 1.554, 123.4
60.55, 1.555, 125.3
60.56, 1.556, 123.6
60.57, 1.557, 125.5
60.58, 1.558, 123.6
60.59, 1.559, 125.1
60.60, 1.560, 126.3
60.61, 1.561, 126.3
60.62, 1.562, 124.4
60.63, 1.563, 126.6
60.64, 1.564, 125.8
60.65, 1.565, 128.6
60.66, 1.566, 126.0
60.67, 1.567, 125.8
60.68, 1.568, 126.2
60.69, 1.569, 128.5
60.70, 1.570, 127.5
60.71, 1.571, 127.1
60.72, 1.572, 126.8
60.73, 1.573, 130.5
60.74, 1.574, 129.0
60.75, 1.575, 128.9
60.76, 1.576, 129.1
60.77, 1.577, 130.3
60.78, 1.578, 129.9
60.79, 1.579, 130.2
60.80, 1.580, 130.0
60.81, 1.581, 132.6
60.82, 1.582, 131.4
60.83, 1.583, 132.1
60.84, 1.584, 133.6
60.85, 1.585, 133.1
60.86, 1.586, 133.9
60.87, 1.587, 133.5
60.88, 1.588, 135.0
60.89, 1.589, 133.9
60.90, 1.590, 135.7
60.91, 1.591, 134.2
60.92, 1.592, 136.6
60.93, 1.593, 136.3
60.94, 1.594, 136.5
60.95, 1.595, 135.7
60.96, 1.596, 137.4
60.97, 1.597, 136.9
60.98, 1.598, 138.6
60.99, 1.599, 136.5
61.00, 1.600, 138.6
61.01, 1.601, 138.8
61.02, 1.602, 139.0
61.03, 1.603, 138.6
61.04, 1.604, 139.7
61.05, 1.605, 138.0
61.06, 1.606, 137.7
61.07, 1.607, 139.2
61.08, 1.608, 139.3
61.09, 1.609, 138.8
61.10, 1.610, 142.3
61.11, 1.611, 141.0
61.12, 1.612, 141.6
61.13, 1.613, 140.5
61.14, 1.614, 140.6
61.15, 1.615, 140.7
61.16, 1.616, 142.7
61.17, 1.617, 140.2
61.18, 1.618, 143.2
61.19, 1.619, 143.2
61.20, 1.620, 144.0
61.21, 1.621, 142.5
61.22, 1.622, 144.2
61.23, 1.623, 144.1
61.24, 1.624, 146.0
61.25, 1.625, 145.7
61.26, 1.626, 144.5
61.27, 1.627, 144.0
61.28, 1.628, 145.9
61.29, 1.629, 146.7
61.30, 1.630, 147.6
61.31, 1.631, 146.2
61.32, 1.632, 147.5
61.33, 1.633, 147.6
61.34, 1.634, 149.7
61.35, 1.635, 148.4
61.36, 1.636, 149.7
61.37, 1.637, 148.9
61.38, 1.638, 150.1
61.39, 1.639, 149.1
61.40, 1.640, 149.4
61.41, 1.641, 150.0
61.42, 1.642, 151.7
61.43, 1.643, 151.4
61.44, 1.644, 152.0
61.45, 1.645, 151.6
61.46, 1.646, 151.2
61.47, 1.647, 152.1
61.48, 1.648, 153.5
61.49, 1.649, 154.2
61.50, 1.650, 153.4
61.51, 1.651, 153.6
61.52, 1.652, 154.7
61.53, 1.653, 155.3
61.54, 1.654, 156.6
61.55, 1.655, 156.4
61.56, 1.656, 158.2
61.57, 1.657, 156.9
61.58, 1.658, 157.8
61.59, 1.659, 157.6
61.60, 1.660, 157.3
61.61, 1.661, 158.6
61.62, 1.662, 158.1
61.63, 1.663, 158.7
61.64, 1.664, 159.1
61.65, 1.665, 159.4
61.66, 1.666, 160.5
61.67, 1.667, 160.7
61.68, 1.668, 162.1
61.69, 1.669, 163.2
61.70, 1.670, 164.0
61.71, 1.671, 162.6
61.72, 1.672, 163.8
61.73, 1.673, 165.9
61.74, 1.674, 164.7
61.75, 1.675, 166.4
61.76, 1.676, 164.9
61.77, 1.677, 166.0
61.78, 1.678, 166.6
61.79, 1.679, 168.3
61.80, 1.680, 167.3
61.81, 1.681, 168.8
61.82, 1.682, 169.4
61.83, 1.683, 169.9
61.84, 1.684, 167.8
61.85, 1.685, 169.8
61.86, 1.686, 170.9
61.87, 1.687, 170.6
61.88, 1.688, 172.2
61.89, 1.689, 171.1
61.90, 1.690, 172.5
61.91, 1.691, 172.5
61.92, 1.692, 172.1
61.93, 1.693, 173.5
61.94, 1.694, 174.5
61.95, 1.695, 176.0
61.96, 1.696, 173.6
61.97, 1.697, 175.2
61.98, 1.698, 175.4
61.99, 1.699, 176.0
62.00, 1.700, 175.2
62.01, 1.701, 177.4
62.02, 1.702, 177.3
62.03, 1.703, 179.2
62.04, 1.704, 176.4
62.05, 1.705, 179.1
62.06, 1.706, 178.6
62.07, 1.707, 181.2
62.08, 1.708, 178.2
62.09, 1.709, 182.6
62.10, 1.710, 181.2
62.11, 1.711, 184.1
62.12, 1.712, 183.0
62.13, 1.713, 183.3
62.14, 1.714, 184.5
62.15, 1.715, 185.3
62.16, 1.716, 185.5
62.17, 1.717, 186.3
62.18, 1.718, 186.0
62.19, 1.719, 189.3
62.20, 1.720, 188.7
62.21, 1.721, 189.6
62.22, 1.722, 186.3
62.23, 1.723, 190.4
62.24, 1.724, 190.7
62.25, 1.725, 190.4
62.26, 1.726, 192.0
62.27, 1.727, 193.2
62.28, 1.728, 192.9
62.29, 1.729, 195.8
62.30, 1.730, 193.6
62.31, 1.731, 195.7
62.32, 1.732, 196.9
62.33, 1.733, 194.9
62.34, 1.734, 195.6
62.35, 1.735, 197.6
62.36, 1.736, 197.0
62.37, 1.737, 199.7
62.38, 1.738, 198.3
62.39, 1.739, 198.0
62.40, 1.740, 199.4
62.41, 1.741, 201.0
62.42, 1.742, 202.7
62.43, 1.743, 201.9
62.44, 1.744, 204.5
62.45, 1.745, 203.1
62.46, 1.746, 204.4
62.47, 1.747, 205.0
62.48, 1.748, 205.7
62.49, 1.749, 206.4
62.50, 1.750, 207.8
62.51, 1.751, 206.4
62.52, 1.752, 209.5
62.53, 1.753, 207.1
62.54, 1.754, 209.4
62.55, 1.755, 208.9
62.56, 1.756, 213.1
62.57, 1.757, 211.4
62.58, 1.758, 211.9
62.59, 1.759, 211.7
62.60, 1.760, 214.7
62.61, 1.761, 217.5
62.62, 1.762, 216.6
62.63, 1.763, 216.2
62.64, 1.764, 217.9
62.65, 1.765, 218.3
62.66, 1.766, 219.6
62.67, 1.767, 218.9
62.68, 1.768, 220.9
62.69, 1.769, 222.1
62.70, 1.770, 221.0
62.71, 1.771, 222.6
62.72, 1.772, 222.2
62.73, 1.773, 225.8
62.74, 1.774, 224.8
62.75, 1.775, 226.1
62.76, 1.776, 226.9
62.77, 1.777, 226.7
62.78, 1.778, 228.5
62.79, 1.779, 228.0
62.80, 1.780, 228.5
62.81, 1.781, 232.1
62.82, 1.782, 230.7
62.83, 1.783, 232.2
62.84, 1.784, 231.9
62.85, 1.785, 234.4
62.86, 1.786, 232.5
62.87, 1.787, 235.2
62.88, 1.788, 236.7
62.89, 1.789, 239.4
62.90, 1.790, 235.1
62.91, 1.791, 239.6
62.92, 1.792, 240.0
62.93, 1.793, 242.6
62.94, 1.794, 242.8
62.95, 1.795, 245.0
62.96, 1.796, 245.2
62.97, 1.797, 246.3
62.98, 1.798, 247.0
62.99, 1.799, 247.2
63.00, 1.800, 247.7
63.01, 1.801, 249.7
63.02, 1.802, 250.5
63.03, 1.803, 252.9
63.04, 1.804, 251.8
63.05, 1.805, 253.4
63.06, 1.806, 254.3
63.07, 1.807, 255.6
63.08, 1.808, 257.6
63.09, 1.809, 257.9
63.10, 1.810, 258.6
63.11, 1.811, 259.3
63.12, 1.812, 262.4
63.13, 1.813, 261.4
63.14, 1.814, 262.6
63.15, 1.815, 261.2
63.16, 1.816, 263.4
63.17, 1.817, 265.2
63.18, 1.818, 266.4
63.19, 1.819, 265.6
63.20, 1.820, 266.8
63.21, 1.821, 268.4
63.22, 1.822, 270.5
63.23, 1.823, 268.9
63.24, 1.824, 273.4
63.25, 1.825, 272.3
63.26, 1.826, 273.5
63.27, 1.827, 275.8
63.28, 1.828, 274.7
63.29, 1.829, 276.1
63.30, 1.830, 277.6
63.31, 1.831, 279.0
63.32, 1.832, 279.4
63.33, 1.833, 281.0
63.34, 1.834, 282.8
63.35, 1.835, 284.2
63.36, 1.836, 285.1
63.37, 1.837, 286.9
63.38, 1.838, 288.3
63.39, 1.839, 288.8
63.40, 1.840, 289.9
63.41, 1.841, 289.5
63.42, 1.842, 292.0
63.43, 1.843, 293.4
63.44, 1.844, 293.1
63.45, 1.845, 296.2
63.46, 1.846, 295.6
63.47, 1.847, 296.1
63.48, 1.848, 298.0
63.49, 1.849, 299.4
63.50, 1.850, 300.3
63.51, 1.851, 302.9
63.52, 1.852, 303.6
63.53, 1.853, 304.9
63.54, 1.854, 305.7
63.55, 1.855, 306.8
63.56, 1.856, 309.1
63.57, 1.857, 310.2
63.58, 1.858, 310.1
63.59, 1.859, 312.5
63.60, 1.860, 311.0
63.61, 1.861, 313.3
63.62, 1.862, 313.4
63.63, 1.863, 316.2
63.64, 1.864, 317.4
63.65, 1.865, 318.3
63.66, 1.866, 319.8
63.67, 1.867, 320.1
63.68, 1.868, 324.7
63.69, 1.869, 322.1
63.70, 1.870, 325.4
63.71, 1.871, 322.6
63.72, 1.872, 329.7
63.73, 1.873, 330.1
63.74, 1.874, 332.5
63.75, 1.875, 331.9
63.76, 1.876, 332.9
63.77, 1.877, 334.1
63.78, 1.878, 335.0
63.79, 1.879, 335.1
63.80, 1.880, 336.4
63.81, 1.881, 339.9
63.82, 1.882, 340.6
63.83, 1.883, 340.7
63.84, 1.884, 342.7
63.85, 1.885, 344.8
63.86, 1.886, 344.4
63.87, 1.887, 347.0
63.88, 1.888, 348.2
63.89, 1.889, 352.1
63.90, 1.890, 350.0
63.91, 1.891, 351.7
63.92, 1.892, 352.2
63.93, 1.893, 355.2
63.94, 1.894, 354.5
63.95, 1.895, 359.1
63.96, 1.896, 358.2
63.97, 1.897, 360.8
63.98, 1.898, 359.4
63.99, 1.899, 362.8
64.00, 1.900, 363.1
64.01, 1.901, 365.4
64.02, 1.902, 366.8
64.03, 1.903, 369.4
64.04, 1.904, 368.7
64.05, 1.905, 372.7
64.06, 1.906, 372.5
64.07, 1.907, 376.4
64.08, 1.908, 374.8
64.09, 1.909, 377.9
64.10, 1.910, 378.0
64.11, 1.911, 381.0
64.12, 1.912, 379.2
64.13, 1.913, 383.5
64.14, 1.914, 381.3
64.15, 1.915, 386.6
64.16, 1.916, 385.9
64.17, 1.917, 388.7
64.18, 1.918, 388.4
64.19, 1.919, 392.8
64.20, 1.920, 392.0
64.21, 1.921, 395.5
64.22, 1.922, 396.1
64.23, 1.923, 398.6
64.24, 1.924, 398.1
64.25, 1.925, 401.7
64.26, 1.926, 401.0
64.27, 1.927, 406.1
64.28, 1.928, 405.8
64.29, 1.929, 407.9
64.30, 1.930, 407.8
64.31, 1.931, 411.5
64.32, 1.932, 411.4
64.33, 1.933, 413.6
64.34, 1.934, 413.7
64.35, 1.935, 415.8
64.36, 1.936, 416.6
64.37, 1.937, 421.3
64.38, 1.938, 421.6
64.39, 1.939, 420.0
64.40, 1.940, 420.2
64.41, 1.941, 422.4
64.42, 1.942, 426.1
64.43, 1.943, 428.5
64.44, 1.944, 427.8
64.45, 1.945, 430.8
64.46, 1.946, 431.1
64.47, 1.947, 434.6
64.48, 1.948, 434.4
64.49, 1.949, 434.9
64.50, 1.950, 436.5
64.51, 1.951, 438.9
64.52, 1.952, 439.7
64.53, 1.953, 443.4
64.54, 1.954, 443.1
64.55, 1.955, 446.4
64.56, 1.956, 446.9
64.57, 1.957, 450.2
64.58, 1.958, 449.5
64.59, 1.959, 451.6
64.60, 1.960, 451.7
64.61, 1.961, 455.2
64.62, 1.962, 456.0
64.63, 1.963, 460.7
64.64, 1.964, 460.6
64.65, 1.965, 462.2
64.66, 1.966, 463.8
64.67, 1.967, 466.2
64.68, 1.968, 467.5
64.69, 1.969, 469.8
64.70, 1.970, 469.5
64.71, 1.971, 471.8
64.72, 1.972, 472.9
64.73, 1.973, 476.5
64.74, 1.974, 476.8
64.75, 1.975, 479.4
64.76, 1.976, 479.5
64.77, 1.977, 481.7
64.78, 1.978, 482.5
64.79, 1.979, 484.8
64.80, 1.980, 486.7
64.81, 1.981, 488.1
64.82, 1.982, 487.3
64.83, 1.983, 488.3
64.84, 1.984, 490.4
64.85, 1.985, 490.7
64.86, 1.986, 490.4
64.87, 1.987, 491.1
64.88, 1.988, 491.6
64.89, 1.989, 490.3
64.90, 1.990, 489.6
64.91, 1.991, 490.1
64.92, 1.992, 491.4
64.93, 1.993, 489.4
64.94, 1.994, 492.4
64.95, 1.995, 491.5
64.96, 1.996, 493.1
64.97, 1.997, 492.7
64.98, 1.998, 492.4
64.99, 1.999, 492.6
65.00, 2.000, 494.1
65.01, 1.999, 493.9
65.02, 1.998, 493.1
65.03, 1.997, 493.8
65.04, 1.996, 492.3
65.05, 1.995, 495.2
65.06, 1.994, 494.4
65.07, 1.993, 494.0
65.08, 1.992, 497.2
65.09, 1.991, 494.0
65.10, 1.990, 494.0
65.11, 1.989, 494.6
65.12, 1.988, 495.4
65.13, 1.987, 493.9
65.14, 1.986, 497.7
65.15, 1.985, 496.0
65.16, 1.984, 497.0
65.17, 1.983, 495.5
65.18, 1.982, 498.6
65.19, 1.981, 496.1
65.20, 1.980, 494.8
65.21, 1.979, 493.1
65.22, 1.978, 493.0
65.23, 1.977, 490.5
65.24, 1.976, 492.1
65.25, 1.975, 488.7
65.26, 1.974, 486.8
65.27, 1.973, 485.5
65.28, 1.972, 483.6
65.29, 1.971, 483.6
65.30, 1.970, 483.2
65.31, 1.969, 483.0
65.32, 1.968, 482.2
65.33, 1.967, 481.0
65.34, 1.966, 478.7
65.35, 1.965, 478.8
65.36, 1.964, 476.1
65.37, 1.963, 474.7
65.38, 1.962, 476.1
65.39, 1.961, 472.9
65.40, 1.960, 475.2
65.41, 1.959, 470.8
65.42, 1.958, 470.6
65.43, 1.957, 467.4
65.44, 1.956, 468.3
65.45, 1.955, 466.5
65.46, 1.954, 465.0
65.47, 1.953, 463.0
65.48, 1.952, 462.0
65.49, 1.951, 461.3
65.50, 1.950, 459.9
65.51, 1.949, 456.7
65.52, 1.948, 455.5
65.53, 1.947, 455.2
65.54, 1.946, 453.8
65.55, 1.945, 450.5
65.56, 1.944, 451.9
65.57, 1.943, 448.4
65.58, 1.942, 449.6
65.59, 1.941, 448.7
65.60, 1.940, 444.9
65.61, 1.939, 446.8
65.62, 1.938, 446.4
65.63, 1.937, 443.4
65.64, 1.936, 441.9
65.65, 1.935, 443.7
65.66, 1.934, 438.6
65.67, 1.933, 440.1
65.68, 1.932, 437.9
65.69, 1.931, 437.2
65.70, 1.930, 434.9
65.71, 1.929, 437.2
65.72, 1.928, 433.6
65.73, 1.927, 434.3
65.74, 1.926, 431.0
65.75, 1.925, 429.9
65.76, 1.924, 426.1
65.77, 1.923, 428.2
65.78, 1.922, 426.2
65.79, 1.921, 424.3
65.80, 1.920, 422.2
65.81, 1.919, 423.3
65.82, 1.918, 420.6
65.83, 1.917, 421.2
65.84, 1.916, 418.0
65.85, 1.915, 418.9
65.86, 1.914, 415.8
65.87, 1.913, 416.5
65.88, 1.912, 412.5
65.89, 1.911, 412.5
65.90, 1.910, 410.0
65.91, 1.909, 409.9
65.92, 1.908, 409.1
65.93, 1.907, 409.9
65.94, 1.906, 403.8
65.95, 1.905, 404.9
65.96, 1.904, 403.4
65.97, 1.903, 401.0
65.98, 1.902, 402.5
65.99, 1.901, 395.8
66.00, 1.900, 397.6
66.01, 1.899, 394.5
66.02, 1.898, 396.6
66.03, 1.897, 395.2
66.04, 1.896, 392.2
66.05, 1.895, 392.7
66.06, 1.894, 391.6
66.07, 1.893, 389.8
66.08, 1.892, 390.0
66.09, 1.891, 384.9
66.10, 1.890, 388.0
66.11, 1.889, 384.5
66.12, 1.888, 386.3
66.13, 1.887, 383.4
66.14, 1.886, 383.8
66.15, 1.885, 379.6
66.16, 1.884, 380.0
66.17, 1.883, 378.8
66.18, 1.882, 379.4
66.19, 1.881, 373.7
66.20, 1.880, 376.0
66.21, 1.879, 374.0
66.22, 1.878, 373.2
66.23, 1.877, 371.6
66.24, 1.876, 368.3
66.25, 1.875, 367.7
66.26, 1.874, 368.4
66.27, 1.873, 367.0
66.28, 1.872, 366.6
66.29, 1.871, 363.4
66.30, 1.870, 363.7
66.31, 1.869, 362.7
66.32, 1.868, 359.6
66.33, 1.867, 359.2
66.34, 1.866, 357.1
66.35, 1.865, 355.8
66.36, 1.864, 354.9
66.37, 1.863, 354.6
66.38, 1.862, 351.9
66.39, 1.861, 352.9
66.40, 1.860, 349.8
66.41, 1.859, 350.3
66.42, 1.858, 346.6
66.43, 1.857, 346.6
66.44, 1.856, 345.6
66.45, 1.855, 346.4
66.46, 1.854, 341.9
66.47, 1.853, 343.0
66.48, 1.852, 340.8
66.49, 1.851, 342.5
66.50, 1.850, 338.3
66.51, 1.849, 338.4
66.52, 1.848, 334.4
66.53, 1.847, 337.3
66.54, 1.846, 334.3
66.55, 1.845, 333.1
66.56, 1.844, 331.4
66.57, 1.843, 333.3
66.58, 1.842, 328.8
66.59, 1.841, 328.8
66.60, 1.840, 328.0
66.61, 1.839, 325.8
66.62, 1.838, 324.4
66.63, 1.837, 321.4
66.64, 1.836, 321.6
66.65, 1.835, 319.9
66.66, 1.834, 321.3
66.67, 1.833, 316.5
66.68, 1.832, 318.5
66.69, 1.831, 314.0
66.70, 1.830, 315.7
66.71, 1.829, 315.1
66.72, 1.828, 311.9
66.73, 1.827, 310.4
66.74, 1.826, 309.0
66.75, 1.825, 307.6
66.76, 1.824, 308.9
66.77, 1.823, 305.5
66.78, 1.822, 306.0
66.79, 1.821, 302.7
66.80, 1.820, 304.4
66.81, 1.819, 302.0
66.82, 1.818, 301.5
66.83, 1.817, 298.3
66.84, 1.816, 300.5
66.85, 1.815, 297.9
66.86, 1.814, 298.1
66.87, 1.813, 296.6
66.88, 1.812, 295.5
66.89, 1.811, 293.9
66.90, 1.810, 293.0
66.91, 1.809, 291.3
66.92, 1.808, 290.0
66.93, 1.807, 287.6
66.94, 1.806, 287.8
66.95, 1.805, 284.1
66.96, 1.804, 284.9
66.97, 1.803, 282.8
66.98, 1.802, 281.8
66.99, 1.801, 283.6
67.00, 1.800, 279.6
67.01, 1.799, 282.4
67.02, 1.798, 276.9
67.03, 1.797, 278.3
67.04, 1.796, 276.4
67.05, 1.795, 276.0
67.06, 1.794, 273.0
67.07, 1.793, 276.0
67.08, 1.792, 271.1
67.09, 1.791, 271.9
67.10, 1.790, 268.5
67.11, 1.789, 269.1
67.12, 1.788, 266.6
67.13, 1.787, 266.6
67.14, 1.786, 264.3
67.15, 1.785, 259.4
67.16, 1.784, 261.0
67.17, 1.783, 260.7
67.18, 1.782, 258.4
67.19, 1.781, 258.4
67.20, 1.780, 260.1
67.21, 1.779, 254.9
67.22, 1.778, 255.9
67.23, 1.777, 253.1
67.24, 1.776, 253.7
67.25, 1.775, 251.2
67.26, 1.774, 251.7
67.27, 1.773, 249.3
67.28, 1.772, 248.0
67.29, 1.771, 246.6
67.30, 1.770, 247.4
67.31, 1.769, 245.0
67.32, 1.768, 243.5
67.33, 1.767, 241.6
67.34, 1.766, 242.3
67.35, 1.765, 241.6
67.36, 1.764, 239.5
67.37, 1.763, 237.4
67.38, 1.762, 239.5
67.39, 1.761, 237.1
67.40, 1.760, 236.1
67.41, 1.759, 233.0
67.42, 1.758, 233.6
67.43, 1.757, 232.7
67.44, 1.756, 229.7
67.45, 1.755, 229.1
67.46, 1.754, 227.3
67.47, 1.753, 228.8
67.48, 1.752, 226.7
67.49, 1.751, 225.4
67.50, 1.750, 227.0
67.51, 1.749, 225.8
67.52, 1.748, 224.4
67.53, 1.747, 225.0
67.54, 1.746, 222.1
67.55, 1.745, 223.4
67.56, 1.744, 219.0
67.57, 1.743, 220.4
67.58, 1.742, 217.4
67.59, 1.741, 216.0
67.60, 1.740, 213.5
67.61, 1.739, 215.0
67.62, 1.738, 210.1
67.63, 1.737, 211.8
67.64, 1.736, 210.2
67.65, 1.735, 210.9
67.66, 1.734, 207.7
67.67, 1.733, 206.2
67.68, 1.732, 204.7
67.69, 1.731, 205.3
67.70, 1.730, 204.6
67.71, 1.729, 204.6
67.72, 1.728, 203.0
67.73, 1.727, 202.1
67.74, 1.726, 200.1
67.75, 1.725, 198.0
67.76, 1.724, 197.7
67.77, 1.723, 198.2
67.78, 1.722, 197.8
67.79, 1.721, 194.8
67.80, 1.720, 192.8
67.81, 1.719, 192.8
67.82, 1.718, 193.9
67.83, 1.717, 192.4
67.84, 1.716, 188.7
67.85, 1.715, 188.8
67.86, 1.714, 188.5
67.87, 1.713, 186.7
67.88, 1.712, 184.9
67.89, 1.711, 185.6
67.90, 1.710, 184.7
67.91, 1.709, 183.1
67.92, 1.708, 182.7
67.93, 1.707, 182.4
67.94, 1.706, 182.8
67.95, 1.705, 179.9
67.96, 1.704, 181.0
67.97, 1.703, 178.8
67.98, 1.702, 179.5
67.99, 1.701, 176.0
68.00, 1.700, 176.4
68.01, 1.699, 173.2
68.02, 1.698, 173.2
68.03, 1.697, 172.0
68.04, 1.696, 170.8
68.05, 1.695, 168.9
68.06, 1.694, 167.6
68.07, 1.693, 167.7
68.08, 1.692, 166.6
68.09, 1.691, 165.2
68.10, 1.690, 163.4
68.11, 1.689, 163.7
68.12, 1.688, 164.4
68.13, 1.687, 164.0
68.14, 1.686, 160.8
68.15, 1.685, 161.8
68.16, 1.684, 158.9
68.17, 1.683, 160.7
68.18, 1.682, 159.0
68.19, 1.681, 157.4
68.20, 1.680, 157.2
68.21, 1.679, 157.9
68.22, 1.678, 154.6
68.23, 1.677, 154.6
68.24, 1.676, 152.7
68.25, 1.675, 154.1
68.26, 1.674, 150.4
68.27, 1.673, 151.7
68.28, 1.672, 150.1
68.29, 1.671, 151.3
68.30, 1.670, 148.2
68.31, 1.669, 149.6
68.32, 1.668, 146.4
68.33, 1.667, 146.0
68.34, 1.666, 143.6
68.35, 1.665, 145.0
68.36, 1.664, 141.7
68.37, 1.663, 143.7
68.38, 1.662, 139.9
68.39, 1.661, 142.0
68.40, 1.660, 139.6
68.41, 1.659, 140.7
68.42, 1.658, 135.9
68.43, 1.657, 140.3
68.44, 1.656, 136.6
68.45, 1.655, 135.0
68.46, 1.654, 132.5
68.47, 1.653, 133.7
68.48, 1.652, 133.0
68.49, 1.651, 132.1
68.50, 1.650, 131.0
68.51, 1.649, 130.3
68.52, 1.648, 129.6
68.53, 1.647, 129.2
68.54, 1.646, 127.0
68.55, 1.645, 129.0
68.56, 1.644, 126.5
68.57, 1.643, 124.8
68.58, 1.642, 123.0
68.59, 1.641, 126.1
68.60, 1.640, 124.4
68.61, 1.639, 122.0
68.62, 1.638, 121.7
68.63, 1.637, 121.2
68.64, 1.636, 120.1
68.65, 1.635, 119.5
68.66, 1.634, 122.2
68.67, 1.633, 117.7
68.68, 1.632, 118.7
68.69, 1.631, 116.8
68.70, 1.630, 116.8
68.71, 1.629, 115.5
68.72, 1.628, 115.9
68.73, 1.627, 114.0
68.74, 1.626, 114.9
68.75, 1.625, 114.1
68.76, 1.624, 114.9
68.77, 1.623, 113.3
68.78, 1.622, 112.6
68.79, 1.621, 111.5
68.80, 1.620, 109.5
68.81, 1.619, 109.9
68.82, 1.618, 108.8
68.83, 1.617, 108.5
68.84, 1.616, 107.1
68.85, 1.615, 105.5
68.86, 1.614, 105.2
68.87, 1.613, 105.6
68.88, 1.612, 101.4
68.89, 1.611, 102.6
68.90, 1.610, 102.6
68.91, 1.609, 103.6
68.92, 1.608, 100.2
68.93, 1.607, 99.93
68.94, 1.606, 100.2
68.95, 1.605, 99.55
68.96, 1.604, 99.95
68.97, 1.603, 97.95
68.98, 1.602, 97.50
68.99, 1.601, 97.99
69.00, 1.600, 97.32
69.01, 1.599, 97.94
69.02, 1.598, 95.48
69.03, 1.597, 93.03
69.04, 1.596, 94.60
69.05, 1.595, 92.95
69.06, 1.594, 95.92
69.07, 1.593, 93.57
69.08, 1.592, 95.09
69.09, 1.591, 91.20
69.10, 1.590, 92.14
69.11, 1.589, 90.76
69.12, 1.588, 91.93
69.13, 1.587, 91.07
69.14, 1.586, 90.33
69.15, 1.585, 89.40
69.16, 1.584, 88.84
69.17, 1.583, 87.29
69.18, 1.582, 87.89
69.19, 1.581, 86.79
69.20, 1.580, 86.92
69.21, 1.579, 85.06
69.22, 1.578, 83.46
69.23, 1.577, 82.73
69.24, 1.576, 82.60
69.25, 1.575, 83.56
69.26, 1.574, 81.73
69.27, 1.573, 82.06
69.28, 1.572, 79.89
69.29, 1.571, 81.80
69.30, 1.570, 79.69
69.31, 1.569, 78.71
69.32, 1.568, 79.88
69.33, 1.567, 78.60
69.34, 1.566, 75.99
69.35, 1.565, 77.45
69.36, 1.564, 76.25
69.37, 1.563, 78.42
69.38, 1.562, 74.58
69.39, 1.561, 76.50
69.40, 1.560, 74.74
69.41, 1.559, 76.57
69.42, 1.558, 72.47
69.43, 1.557, 73.43
69.44, 1.556, 73.86
69.45, 1.555, 73.44
69.46, 1.554, 70.33
69.47, 1.553, 70.84
69.48, 1.552, 72.50
69.49, 1.551, 70.71
69.50, 1.550, 70.75
69.51, 1.549, 68.55
69.52, 1.548, 72.52
69.53, 1.547, 70.13
69.54, 1.546, 70.01
69.55, 1.545, 67.82
69.56, 1.544, 69.73
69.57, 1.543, 68.29
69.58, 1.542, 69.88
69.59, 1.541, 65.74
69.60, 1.540, 65.86
69.61, 1.539, 64.97
69.62, 1.538, 66.29
69.63, 1.537, 64.63
69.64, 1.536, 64.46
69.65, 1.535, 65.53
69.66, 1.534, 61.32
69.67, 1.533, 63.96
69.68, 1.532, 60.16
69.69, 1.531, 63.78
69.70, 1.530, 61.42
69.71, 1.529, 62.40
69.72, 1.528, 58.76
69.73, 1.527, 61.64
69.74, 1.526, 59.32
69.75, 1.525, 57.36
69.76, 1.524, 59.68
69.77, 1.523, 57.81
69.78, 1.522, 58.20
69.79, 1.521, 58.23
69.80, 1.520, 57.02
69.81, 1.519, 56.07
69.82, 1.518, 56.01
69.83, 1.517, 55.89
69.84, 1.516, 57.15
69.85, 1.515, 55.43
69.86, 1.514, 57.75
69.87, 1.513, 53.68
69.88, 1.512, 54.29
69.89, 1.511, 53.56
69.90, 1.510, 53.90
69.91, 1.509, 51.74
69.92, 1.508, 54.30
69.93, 1.507, 52.67
69.94, 1.506, 55.71
69.95, 1.505, 50.25
69.96, 1.504, 52.28
69.97, 1.503, 50.74
69.98, 1.502, 51.71
69.99, 1.501, 50.81
70.00, 1.500, 54.16
70.01, 1.499, 48.49
70.02, 1.498, 51.97
70.03, 1.497, 50.19
70.04, 1.496, 51.59
70.05, 1.495, 49.22
70.06, 1.494, 49.57
70.07, 1.493, 48.34
70.08, 1.492, 48.07
70.09, 1.491, 46.21
70.10, 1.490, 48.18
70.11, 1.489, 48.14
70.12, 1.488, 43.48
70.13, 1.487, 42.80
70.14, 1.486, 45.68
70.15, 1.485, 44.60
70.16, 1.484, 42.35
70.17, 1.483, 43.71
70.18, 1.482, 43.05
70.19, 1.481, 44.17
70.20, 1.480, 44.35
70.21, 1.479, 42.63
70.22, 1.478, 42.66
70.23, 1.477, 42.77
70.24, 1.476, 40.81
70.25, 1.475, 43.30
70.26, 1.474, 40.23
70.27, 1.473, 42.21
70.28, 1.472, 41.25
70.29, 1.471, 41.13
70.30, 1.470, 39.97
70.31, 1.469, 42.57
70.32, 1.468, 41.27
70.33, 1.467, 40.48
70.34, 1.466, 39.57
70.35, 1.465, 39.22
70.36, 1.464, 38.80
70.37, 1.463, 38.61
70.38, 1.462, 38.42
70.39, 1.461, 39.28
70.40, 1.460, 38.68
70.41, 1.459, 37.45
70.42, 1.458, 38.05
70.43, 1.457, 37.54
70.44, 1.456, 37.14
70.45, 1.455, 36.74
70.46, 1.454, 35.80
70.47, 1.453, 36.11
70.48, 1.452, 38.21
70.49, 1.451, 35.79
70.50, 1.450, 35.43
70.51, 1.449, 35.25
70.52, 1.448, 34.58
70.53, 1.447, 34.73
70.54, 1.446, 32.61
70.55, 1.445, 31.90
70.56, 1.444, 33.84
70.57, 1.443, 32.87
70.58, 1.442, 33.33
70.59, 1.441, 33.02
70.60, 1.440, 29.76
70.61, 1.439, 32.81
70.62, 1.438, 32.00
70.63, 1.437, 33.51
70.64, 1.436, 31.12
70.65, 1.435, 32.50
70.66, 1.434, 31.03
70.67, 1.433, 29.00
70.68, 1.432, 29.44
70.69, 1.431, 29.57
70.70, 1.430, 30.49
70.71, 1.429, 29.41
70.72, 1.428, 28.67
70.73, 1.427, 29.59
70.74, 1.426, 31.52
70.75, 1.425, 28.90
70.76, 1.424, 30.61
70.77, 1.423, 28.63
70.78, 1.422, 30.34
70.79, 1.421, 29.46
70.80, 1.420, 26.35
70.81, 1.419, 28.97
70.82, 1.418, 27.98
70.83, 1.417, 29.80
70.84, 1.416, 29.46
70.85, 1.415, 26.91
70.86, 1.414, 26.94
70.87, 1.413, 28.28
70.88, 1.412, 26.62
70.89, 1.411, 27.78
70.90, 1.410, 26.65
70.91, 1.409, 29.07
70.92, 1.408, 27.78
70.93, 1.407, 25.74
70.94, 1.406, 26.78
70.95, 1.405, 26.04
70.96, 1.404, 26.21
70.97, 1.403, 26.97
70.98, 1.402, 24.55
70.99, 1.401, 23.65
71.00, 1.400, 24.40
71.01, 1.399, 24.24
71.02, 1.398, 25.94
71.03, 1.397, 23.87
71.04, 1.396, 26.06
71.05, 1.395, 22.61
71.06, 1.394, 24.86
71.07, 1.393, 23.66
71.08, 1.392, 25.02
71.09, 1.391, 23.51
71.10, 1.390, 24.34
71.11, 1.389, 23.51
71.12, 1.388, 24.12
71.13, 1.387, 22.51
71.14, 1.386, 23.40
71.15, 1.385, 24.08
71.16, 1.384, 22.47
71.17, 1.383, 24.16
71.18, 1.382, 22.71
71.19, 1.381, 23.31
71.20, 1.380, 22.42
71.21, 1.379, 22.23
71.22, 1.378, 23.02
71.23, 1.377, 22.21
71.24, 1.376, 23.20
71.25, 1.375, 22.15
71.26, 1.374, 21.28
71.27, 1.373, 21.87
71.28, 1.372, 22.95
71.29, 1.371, 22.26
71.30, 1.370, 22.13
71.31, 1.369, 22.23
71.32, 1.368, 22.70
71.33, 1.367, 20.69
71.34, 1.366, 22.81
71.35, 1.365, 20.78
71.36, 1.364, 19.44
71.37, 1.363, 18.67
71.38, 1.362, 20.51
71.39, 1.361, 19.71
71.40, 1.360, 20.62
71.41, 1.359, 19.98
71.42, 1.358, 18.84
71.43, 1.357, 19.10
71.44, 1.356, 16.91
71.45, 1.355, 19.11
71.46, 1.354, 19.39
71.47, 1.353, 19.52
71.48, 1.352, 17.70
71.49, 1.351, 19.93
71.50, 1.350, 17.75
71.51, 1.349, 18.04
71.52, 1.348, 17.24
71.53, 1.347, 20.99
71.54, 1.346, 19.49
71.55, 1.345, 17.96
71.56, 1.344, 18.94
71.57, 1.343, 18.36
71.58, 1.342, 18.15
71.59, 1.341, 18.72
71.60, 1.340, 20.00
71.61, 1.339, 16.61
71.62, 1.338, 18.33
71.63, 1.337, 16.67
71.64, 1.336, 19.76
71.65, 1.335, 17.45
71.66, 1.334, 17.75
71.67, 1.333, 16.80
71.68, 1.332, 18.88
71.69, 1.331, 17.78
71.70, 1.330, 18.15
71.71, 1.329, 16.89
71.72, 1.328, 16.41
71.73, 1.327, 17.25
71.74, 1.326, 16.98
71.75, 1.325, 16.88
71.76, 1.324, 16.70
71.77, 1.323, 15.90
71.78, 1.322, 16.53
71.79, 1.321, 15.64
71.80, 1.320, 16.29
71.81, 1.319, 15.50
71.82, 1.318, 14.89
71.83, 1.317, 16.52
71.84, 1.316, 15.32
71.85, 1.315, 16.89
71.86, 1.314, 14.00
71.87, 1.313, 17.61
71.88, 1.312, 15.90
71.89, 1.311, 16.61
71.90, 1.310, 14.34
71.91, 1.309, 13.98
71.92, 1.308, 15.05
71.93, 1.307, 15.09
71.94, 1.306, 15.39
71.95, 1.305, 14.84
71.96, 1.304, 15.20
71.97, 1.303, 15.41
71.98, 1.302, 14.45
71.99, 1.301, 15.04
72.00, 1.300, 14.38
72.01, 1.299, 14.86
72.02, 1.298, 13.10
72.03, 1.297, 13.90
72.04, 1.296, 16.15
72.05, 1.295, 14.29
72.06, 1.294, 14.89
72.07, 1.293, 13.88
72.08, 1.292, 16.14
72.09, 1.291, 13.38
72.10, 1.290, 15.04
72.11, 1.289, 15.11
72.12, 1.288, 16.74
72.13, 1.287, 12.52
72.14, 1.286, 15.94
72.15, 1.285, 14.59
72.16, 1.284, 14.84
72.17, 1.283, 12.57
72.18, 1.282, 15.55
72.19, 1.281, 14.29
72.20, 1.280, 13.69
72.21, 1.279, 13.64
72.22, 1.278, 14.00
72.23, 1.277, 13.74
72.24, 1.276, 12.94
72.25, 1.275, 11.00
72.26, 1.274, 11.96
72.27, 1.273, 12.48
72.28, 1.272, 13.25
72.29, 1.271, 11.20
72.30, 1.270, 12.14
72.31, 1.269, 11.23
72.32, 1.268, 11.92
72.33, 1.267, 11.95
72.34, 1.266, 11.38
72.35, 1.265, 11.87
72.36, 1.264, 13.09
72.37, 1.263, 10.88
72.38, 1.262, 14.65
72.39, 1.261, 11.01
72.40, 1.260, 13.87
72.41, 1.259, 10.42
72.42, 1.258, 13.05
72.43, 1.257, 12.01
72.44, 1.256, 13.00
72.45, 1.255, 10.05
72.46, 1.254, 12.46
72.47, 1.253, 12.18
72.48, 1.252, 11.92
72.49, 1.251, 11.08
72.50, 1.250, 12.35
72.51, 1.249, 10.70
72.52, 1.248, 10.62
72.53, 1.247, 10.84
72.54, 1.246, 10.83
72.55, 1.245, 10.83
72.56, 1.244, 12.27
72.57, 1.243, 10.35
72.58, 1.242, 12.28
72.59, 1.241, 11.10
72.60, 1.240, 13.51
72.61, 1.239, 8.372
72.62, 1.238, 11.55
72.63, 1.237, 8.317
72.64, 1.236, 9.927
72.65, 1.235, 9.198
72.66, 1.234, 10.35
72.67, 1.233, 9.492
72.68, 1.232, 10.23
72.69, 1.231, 8.617
72.70, 1.230, 10.83
72.71, 1.229, 8.694
72.72, 1.228, 10.38
72.73, 1.227, 7.685
72.74, 1.226, 9.497
72.75, 1.225, 9.485
72.76, 1.224, 8.183
72.77, 1.223, 9.117
72.78, 1.222, 8.413
72.79, 1.221, 8.093
72.80, 1.220, 8.370
72.81, 1.219, 8.673
72.82, 1.218, 8.397
72.83, 1.217, 9.108
72.84, 1.216, 8.138
72.85, 1.215, 10.36
72.86, 1.214, 6.840
72.87, 1.213, 7.628
72.88, 1.212, 9.216
72.89, 1.211, 8.573
72.90, 1.210, 8.739
72.91, 1.209, 9.959
72.92, 1.208, 7.194
72.93, 1.207, 9.026
72.94, 1.206, 7.020
72.95, 1.205, 10.14
72.96, 1.204, 7.125
72.97, 1.203, 10.02
72.98, 1.202, 8.345
72.99, 1.201, 8.627
73.00, 1.200, 7.188
73.01, 1.199, 9.474
73.02, 1.198, 7.735
73.03, 1.197, 8.416
73.04, 1.196, 6.188
73.05, 1.195, 7.651
73.06, 1.194, 6.850
73.07, 1.193, 6.015
73.08, 1.192, 6.334
73.09, 1.191, 7.754
73.10, 1.190, 6.623
73.11, 1.189, 5.889
73.12, 1.188, 6.817
73.13, 1.187, 6.602
73.14, 1.186, 6.103
73.15, 1.185, 7.587
73.16, 1.184, 5.434
73.17, 1.183, 6.766
73.18, 1.182, 4.943
73.19, 1.181, 5.698
73.20, 1.180, 7.335
73.21, 1.179, 6.781
73.22, 1.178, 4.630
73.23, 1.177, 6.480
73.24, 1.176, 6.746
73.25, 1.175, 6.922
73.26, 1.174, 8.051
73.27, 1.173, 5.743
73.28, 1.172, 5.727
73.29, 1.171, 4.884
73.30, 1.170, 6.205
73.31, 1.169, 5.782
73.32, 1.168, 8.891
73.33, 1.167, 5.809
73.34, 1.166, 5.820
73.35, 1.165, 5.523
73.36, 1.164, 7.287
73.37, 1.163, 3.978
73.38, 1.162, 5.784
73.39, 1.161, 4.344
73.40, 1.160, 5.194
73.41, 1.159, 3.382
73.42, 1.158, 6.283
73.43, 1.157, 3.790
73.44, 1.156, 5.671
73.45, 1.155, 5.547
73.46, 1.154, 5.425
73.47, 1.153, 4.497
73.48, 1.152, 3.469
73.49, 1.151, 4.110
73.50, 1.150, 3.120
73.51, 1.149, 4.006
73.52, 1.148, 3.240
73.53, 1.147, 4.093
73.54, 1.146, 3.835
73.55, 1.145, 3.523
73.56, 1.144, 4.671
73.57, 1.143, 4.945
73.58, 1.142, 1.840
73.59, 1.141, 4.226
73.60, 1.140, 3.827
73.61, 1.139, 4.123
73.62, 1.138, 3.422
73.63, 1.137, 5.154
73.64, 1.136, 3.952
73.65, 1.135, 4.505
73.66, 1.134, 0.7492
73.67, 1.133, 4.656
73.68, 1.132, 3.280
73.69, 1.131, 4.724
73.70, 1.130, 3.246
73.71, 1.129, 5.212
73.72, 1.128, 4.018
73.73, 1.127, 4.392
73.74, 1.126, 5.454
73.75, 1.125, 3.179
73.76, 1.124, 5.341
73.77, 1.123, 4.906
73.78, 1.122, 5.672
73.79, 1.121, 3.646
73.80, 1.120, 6.061
73.81, 1.119, 1.849
73.82, 1.118, 4.769
73.83, 1.117, 4.092
73.84, 1.116, 4.862
73.85, 1.115, 1.515
73.86, 1.114, 3.852
73.87, 1.113, 3.856
73.88, 1.112, 4.153
73.89, 1.111, 2.974
73.90, 1.110, 4.116
73.91, 1.109, 1.544
73.92, 1.108, 4.611
73.93, 1.107, 1.413
73.94, 1.106, 1.923
73.95, 1.105, 0.8798
73.96, 1.104, 2.288
73.97, 1.103, 2.156
73.98, 1.102, 2.346
73.99, 1.101, 1.874
74.00, 1.100, 3.439
74.01, 1.099, -0.1212
74.02, 1.098, 2.073
74.03, 1.097, 1.115
74.04, 1.096, 2.841
74.05, 1.095, 3.434
74.06, 1.094, 2.931
74.07, 1.093, -0.02811
74.08, 1.092, 2.027
74.09, 1.091, 3.473
74.10, 1.090, 2.111
74.11, 1.089, 2.229
74.12, 1.088, 2.593
74.13, 1.087, 3.151
74.14, 1.086, 2.305
74.15, 1.085, 3.793
74.16, 1.084, 2.402
74.17, 1.083, 4.132
74.18, 1.082, 0.9464
74.19, 1.081, 4.577
74.20, 1.080, 1.327
74.21, 1.079, 4.083
74.22, 1.078, 3.108
74.23, 1.077, 3.564
74.24, 1.076, 0.8785
74.25, 1.075, 2.315
74.26, 1.074, 2.047
74.27, 1.073, 2.557
74.28, 1.072, 0.7441
74.29, 1.071, 2.129
74.30, 1.070, 0.5858
74.31, 1.069, 2.927
74.32, 1.068, 2.257
74.33, 1.067, 3.092
74.34, 1.066, 0.6133
74.35, 1.065, 2.253
74.36, 1.064, 0.5321
74.37, 1.063, 2.756
74.38, 1.062, 0.2595
74.39, 1.061, 1.564
74.40, 1.060, -0.6254
74.41, 1.059, 1.942
74.42, 1.058, 0.2975
74.43, 1.057, 1.898
74.44, 1.056, -0.3784
74.45, 1.055, 0.7455
74.46, 1.054, -1.045
74.47, 1.053, 1.209
74.48, 1.052, 0.3691
74.49, 1.051, 0.9691
74.50, 1.050, -0.003892
74.51, 1.049, 0.4404
74.52, 1.048, 2.507
74.53, 1.047, 1.267
74.54, 1.046, -0.3156
74.55, 1.045, 1.407
74.56, 1.044, 0.5573
74.57, 1.043, 1.941
74.58, 1.042, 0.7088
74.59, 1.041, -0.09965
74.60, 1.040, 2.843
74.61, 1.039, -0.1848
74.62, 1.038, 1.439
74.63, 1.037, 1.307
74.64, 1.036, -0.1867
74.65, 1.035, 2.525
74.66, 1.034, 2.146
74.67, 1.033, 1.014
74.68, 1.032, 2.239
74.69, 1.031, 1.101
74.70, 1.030, 2.683
74.71, 1.029, 0.4368
74.72, 1.028, 2.645
74.73, 1.027, -0.8902
74.74, 1.026, 1.665
74.75, 1.025, -0.6968
74.76, 1.024, 0.2201
74.77, 1.023, -1.940
74.78, 1.022, 0.6114
74.79, 1.021, -1.160
74.80, 1.020, 0.5454
74.81, 1.019, -2.521
74.82, 1.018, 1.811
74.83, 1.017, -1.797
74.84, 1.016, 1.855
74.85, 1.015, 0.1496
74.86, 1.014, 0.8647
74.87, 1.013, 0.8951
74.88, 1.012, 1.576
74.89, 1.011, -0.5447
74.90, 1.010, 1.406
74.91, 1.009, -0.6613
74.92, 1.008, -0.2624
74.93, 1.007, 0.5250
74.94, 1.006, 1.222
74.95, 1.005, -0.1623
74.96, 1.004, 1.771
74.97, 1.003, -1.354
74.98, 1.002, 1.100
74.99, 1.001, 0.2892
75.00, 1.000, 1.229
75.01, 0.9990, 0.6274
75.02, 0.9980, 3.091
75.03, 0.9970, -0.08378
75.04, 0.9960, 3.130
75.05, 0.9950, -0.2795
75.06, 0.9940, 2.454
75.07, 0.9930, -0.6049
75.08, 0.9920, 2.216
75.09, 0.9910, 1.489
75.10, 0.9900, 0.8780
75.11, 0.9890, -0.9489
75.12, 0.9880, 3.025
75.13, 0.9870, -0.7141
75.14, 0.9860, -1.446
75.15, 0.9850, -0.4148
75.16, 0.9840, -0.1591
75.17, 0.9830, -0.8858
75.18, 0.9820, -0.3667
75.19, 0.9810, -0.6146
75.20, 0.9800, 0.7970
75.21, 0.9790, -2.102
75.22, 0.9780, -0.4607
75.23, 0.9770, -1.746
75.24, 0.9760, 0.6633
75.25, 0.9750, -3.281
75.26, 0.9740, -0.9196
75.27, 0.9730, -1.480
75.28, 0.9720, -1.253
75.29, 0.9710, -0.6728
75.30, 0.9700, -1.095
75.31, 0.9690, 0.9185
75.32, 0.9680, -2.149
75.33, 0.9670, -1.505
75.34, 0.9660, -0.008833
75.35, 0.9650, -1.324
75.36, 0.9640, -2.629
75.37, 0.9630, 0.03260
75.38, 0.9620, -1.585
75.39, 0.9610, -0.2797
75.40, 0.9600, -2.286
75.41, 0.9590, 0.01973
75.42, 0.9580, -1.047
75.43, 0.9570, 0.4643
75.44, 0.9560, 0.7151
75.45, 0.9550, 0.2548
75.46, 0.9540, -3.005
75.47, 0.9530, -0.7774
75.48, 0.9520, -2.742
75.49, 0.9510, 2.302
75.50, 0.9500, -2.419
75.51, 0.9490, -1.337
75.52, 0.9480, -2.612
75.53, 0.9470, 0.4287
75.54, 0.9460, -1.223
75.55, 0.9450, -0.7352
75.56, 0.9440, -0.5813
75.57, 0.9430, -0.6776
75.58, 0.9420, 0.2160
75.59, 0.9410, -1.380
75.60, 0.9400, -0.5894
75.61, 0.9390, -2.520
75.62, 0.9380, 0.1077
75.63, 0.9370, -2.313
75.64, 0.9360, -0.1657
75.65, 0.9350, -3.079
75.66, 0.9340, -0.3448
75.67, 0.9330, -0.8287
75.68, 0.9320, -0.6637
75.69, 0.9310, -2.401
75.70, 0.9300, -0.6433
75.71, 0.9290, -2.866
75.72, 0.9280, -0.2740
75.73, 0.9270, -2.062
75.74, 0.9260, -2.068
75.75, 0.9250, -1.132
75.76, 0.9240, -2.545
75.77, 0.9230, -1.580
75.78, 0.9220, -0.8463
75.79, 0.9210, -1.985
75.80, 0.9200, -0.5863
75.81, 0.9190, -0.7986
75.82, 0.9180, -2.690
75.83, 0.9170, -0.7187
75.84, 0.9160, -1.046
75.85, 0.9150, -1.805
75.86, 0.9140, -1.589
75.87, 0.9130, -0.1480
75.88, 0.9120, -2.411
75.89, 0.9110, -1.370
75.90, 0.9100, -1.582
75.91, 0.9090, -0.1999
75.92, 0.9080, -2.253
75.93, 0.9070, -0.4797
75.94, 0.9060, -3.510
75.95, 0.9050, -1.956
75.96, 0.9040, -0.5232
75.97, 0.9030, -2.637
75.98, 0.9020, -3.133
75.99, 0.9010, -1.298
76.00, 0.9000, -2.112
76.01, 0.8990, -1.946
76.02, 0.8980, -3.957
76.03, 0.8970, -3.751
76.04, 0.8960, -3.449
76.05, 0.8950, -1.983
76.06, 0.8940, -2.082
76.07, 0.8930, -3.138
76.08, 0.8920, -1.583
76.09, 0.8910, -2.654
76.10, 0.8900, -1.549
76.11, 0.8890, -3.207
76.12, 0.8880, -1.937
76.13, 0.8870, -3.291
76.14, 0.8860, -2.488
76.15, 0.8850, -2.661
76.16, 0.8840, -3.001
76.17, 0.8830, -1.993
76.18, 0.8820, -1.951
76.19, 0.8810, -3.421
76.20, 0.8800, -0.7863
76.21, 0.8790, -3.562
76.22, 0.8780, -1.985
76.23, 0.8770, -3.373
76.24, 0.8760, -1.973
76.25, 0.8750, -1.536
76.26, 0.8740, -2.226
76.27, 0.8730, -1.084
76.28, 0.8720, -4.048
76.29, 0.8710, -0.1546
76.30, 0.8700, -2.653
76.31, 0.8690, -0.7833
76.32, 0.8680, -3.153
76.33, 0.8670, -0.5413
76.34, 0.8660, -2.115
76.35, 0.8650, -3.202
76.36, 0.8640, -2.854
76.37, 0.8630, -0.2787
76.38, 0.8620, -3.095
76.39, 0.8610, -2.104
76.40, 0.8600, -2.222
76.41, 0.8590, -3.041
76.42, 0.8580, -3.939
76.43, 0.8570, -3.121
76.44, 0.8560, -4.516
76.45, 0.8550, -3.408
76.46, 0.8540, -4.898
76.47, 0.8530, -2.915
76.48, 0.8520, -3.697
76.49, 0.8510, -1.775
76.50, 0.8500, -5.468
76.51, 0.8490, -2.826
76.52, 0.8480, -3.832
76.53, 0.8470, -2.844
76.54, 0.8460, -3.887
76.55, 0.8450, -1.164
76.56, 0.8440, -2.868
76.57, 0.8430, -2.885
76.58, 0.8420, -2.528
76.59, 0.8410, -2.214
76.60, 0.8400, -4.453
76.61, 0.8390, -2.496
76.62, 0.8380, -2.930
76.63, 0.8370, -0.9070
76.64, 0.8360, -5.089
76.65, 0.8350, -1.055
76.66, 0.8340, -2.285
76.67, 0.8330, -1.550
76.68, 0.8320, -2.211
76.69, 0.8310, -2.756
76.70, 0.8300, -3.808
76.71, 0.8290, -1.754
76.72, 0.8280, -5.203
76.73, 0.8270, 0.4545
76.74, 0.8260, -3.251
76.75, 0.8250, -4.626
76.76, 0.8240, -3.951
76.77, 0.8230, -1.241
76.78, 0.8220, -1.432
76.79, 0.8210, -1.583
76.80, 0.8200, -4.370
76.81, 0.8190, -0.1209
76.82, 0.8180, -3.689
76.83, 0.8170, -3.024
76.84, 0.8160, -4.091
76.85, 0.8150, -3.307
76.86, 0.8140, -3.850
76.87, 0.8130, -1.869
76.88, 0.8120, -5.608
76.89, 0.8110, -2.870
76.90, 0.8100, -4.496
76.91, 0.8090, -3.761
76.92, 0.8080, -4.350
76.93, 0.8070, -1.655
76.94, 0.8060, -4.374
76.95, 0.8050, -4.406
76.96, 0.8040, -4.447
76.97, 0.8030, -3.634
76.98, 0.8020, -3.293
76.99, 0.8010, -2.772
77.00, 0.8000, -3.228
77.01, 0.7990, -3.874
77.02, 0.7980, -4.234
77.03, 0.7970, -2.541
77.04, 0.7960, -3.485
77.05, 0.7950, -4.745
77.06, 0.7940, -2.338
77.07, 0.7930, -3.355
77.08, 0.7920, -4.311
77.09, 0.7910, -4.528
77.10, 0.7900, -4.084
77.11, 0.7890, -2.787
77.12, 0.7880, -3.850
77.13, 0.7870, -2.072
77.14, 0.7860, -3.487
77.15, 0.7850, -1.793
77.16, 0.7840, -4.124
77.17, 0.7830, -2.875
77.18, 0.7820, -3.664
77.19, 0.7810, -2.557
77.20, 0.7800, -3.804
77.21, 0.7790, -3.232
77.22, 0.7780, -4.510
77.23, 0.7770, -5.289
77.24, 0.7760, -4.778
77.25, 0.7750, -2.441
77.26, 0.7740, -4.026
77.27, 0.7730, -4.663
77.28, 0.7720, -4.585
77.29, 0.7710, -4.867
77.30, 0.7700, -4.046
77.31, 0.7690, -5.913
77.32, 0.7680, -4.168
77.33, 0.7670, -4.161
77.34, 0.7660, -4.646
77.35, 0.7650, -3.846
77.36, 0.7640, -5.800
77.37, 0.7630, -3.983
77.38, 0.7620, -5.349
77.39, 0.7610, -3.957
77.40, 0.7600, -5.329
77.41, 0.7590, -4.947
77.42, 0.7580, -4.734
77.43, 0.7570, -2.185
77.44, 0.7560, -4.465
77.45, 0.7550, -3.511
77.46, 0.7540, -5.177
77.47, 0.7530, -3.932
77.48, 0.7520, -4.377
77.49, 0.7510, -3.706
77.50, 0.7500, -4.387
77.51, 0.7490, -3.335
77.52, 0.7480, -5.458
77.53, 0.7470, -2.489
77.54, 0.7460, -5.300
77.55, 0.7450, -2.877
77.56, 0.7440, -5.760
77.57, 0.7430, -3.412
77.58, 0.7420, -3.610
77.59, 0.7410, -3.459
77.60, 0.7400, -3.629
77.61, 0.7390, -2.909
77.62, 0.7380, -3.940
77.63, 0.7370, -3.397
77.64, 0.7360, -5.573
77.65, 0.7350, -3.455
77.66, 0.7340, -4.023
77.67, 0.7330, -5.285
77.68, 0.7320, -4.871
77.69, 0.7310, -3.317
77.70, 0.7300, -5.680
77.71, 0.7290, -5.425
77.72, 0.7280, -4.898
77.73, 0.7270, -5.116
77.74, 0.7260, -5.716
77.75, 0.7250, -4.953
77.76, 0.7240, -5.155
77.77, 0.7230, -4.489
77.78, 0.7220, -3.562
77.79, 0.7210, -5.602
77.80, 0.7200, -4.995
77.81, 0.7190, -4.306
77.82, 0.7180, -4.874
77.83, 0.7170, -4.396
77.84, 0.7160, -3.560
77.85, 0.7150, -4.304
77.86, 0.7140, -4.195
77.87, 0.7130, -4.340
77.88, 0.7120, -4.772
77.89, 0.7110, -5.041
77.90, 0.7100, -3.052
77.91, 0.7090, -5.009
77.92, 0.7080, -2.854
77.93, 0.7070, -3.986
77.94, 0.7060, -4.537
77.95, 0.7050, -4.487
77.96, 0.7040, -4.552
77.97, 0.7030, -4.938
77.98, 0.7020, -2.347
77.99, 0.7010, -5.462
78.00, 0.7000, -3.915
78.01, 0.6990, -5.813
78.02, 0.6980, -4.455
78.03, 0.6970, -5.565
78.04, 0.6960, -3.107
78.05, 0.6950, -4.725
78.06, 0.6940, -4.719
78.07, 0.6930, -4.585
78.08, 0.6920, -2.812
78.09, 0.6910, -4.071
78.10, 0.6900, -4.200
78.11, 0.6890, -5.462
78.12, 0.6880, -4.659
78.13, 0.6870, -7.073
78.14, 0.6860, -6.301
78.15, 0.6850, -7.337
78.16, 0.6840, -5.006
78.17, 0.6830, -6.441
78.18, 0.6820, -4.774
78.19, 0.6810, -7.117
78.20, 0.6800, -5.385
78.21, 0.6790, -6.087
78.22, 0.6780, -5.947
78.23, 0.6770, -6.176
78.24, 0.6760, -3.430
78.25, 0.6750, -5.663
78.26, 0.6740, -4.739
78.27, 0.6730, -4.351
78.28, 0.6720, -4.316
78.29, 0.6710, -4.206
78.30, 0.6700, -5.751
78.31, 0.6690, -4.892
78.32, 0.6680, -4.825
78.33, 0.6670, -4.601
78.34, 0.6660, -5.813
78.35, 0.6650, -3.947
78.36, 0.6640, -5.124
78.37, 0.6630, -5.368
78.38, 0.6620, -4.396
78.39, 0.6610, -5.459
78.40, 0.6600, -5.048
78.41, 0.6590, -4.505
78.42, 0.6580, -4.571
78.43, 0.6570, -3.780
78.44, 0.6560, -4.778
78.45, 0.6550, -4.851
78.46, 0.6540, -6.568
78.47, 0.6530, -4.573
78.48, 0.6520, -5.021
78.49, 0.6510, -6.624
78.50, 0.6500, -5.271
78.51, 0.6490, -5.518
78.52, 0.6480, -6.377
78.53, 0.6470, -6.665
78.54, 0.6460, -6.050
78.55, 0.6450, -5.394
78.56, 0.6440, -6.180
78.57, 0.6430, -6.531
78.58, 0.6420, -6.916
78.59, 0.6410, -6.468
78.60, 0.6400, -5.076
78.61, 0.6390, -5.235
78.62, 0.6380, -6.226
78.63, 0.6370, -6.614
78.64, 0.6360, -5.385
78.65, 0.6350, -6.115
78.66, 0.6340, -5.123
78.67, 0.6330, -7.522
78.68, 0.6320, -6.266
78.69, 0.6310, -5.686
78.70, 0.6300, -6.065
78.71, 0.6290, -5.565
78.72, 0.6280, -5.125
78.73, 0.6270, -7.033
78.74, 0.6260, -6.201
78.75, 0.6250, -4.873
78.76, 0.6240, -4.290
78.77, 0.6230, -6.129
78.78, 0.6220, -4.419
78.79, 0.6210, -7.194
78.80, 0.6200, -6.743
78.81, 0.6190, -5.190
78.82, 0.6180, -6.098
78.83, 0.6170, -6.024
78.84, 0.6160, -5.411
78.85, 0.6150, -5.901
78.86, 0.6140, -5.495
78.87, 0.6130, -6.696
78.88, 0.6120, -5.204
78.89, 0.6110, -5.496
78.90, 0.6100, -3.908
78.91, 0.6090, -5.526
78.92, 0.6080, -5.746
78.93, 0.6070, -6.117
78.94, 0.6060, -6.744
78.95, 0.6050, -6.538
78.96, 0.6040, -6.867
78.97, 0.6030, -4.129
78.98, 0.6020, -7.512
78.99, 0.6010, -6.724
79.00, 0.6000, -6.401
79.01, 0.5990, -6.604
79.02, 0.5980, -7.356
79.03, 0.5970, -7.947
79.04, 0.5960, -5.400
79.05, 0.5950, -6.527
79.06, 0.5940, -4.952
79.07, 0.5930, -5.624
79.08, 0.5920, -5.767
79.09, 0.5910, -6.524
79.10, 0.5900, -3.430
79.11, 0.5890, -6.630
79.12, 0.5880, -4.880
79.13, 0.5870, -6.402
79.14, 0.5860, -6.601
79.15, 0.5850, -7.082
79.16, 0.5840, -6.252
79.17, 0.5830, -6.518
79.18, 0.5820, -7.431
79.19, 0.5810, -7.033
79.20, 0.5800, -7.269
79.21, 0.5790, -6.176
79.22, 0.5780, -6.757
79.23, 0.5770, -5.624
79.24, 0.5760, -6.449
79.25, 0.5750, -6.034
79.26, 0.5740, -7.534
79.27, 0.5730, -6.061
79.28, 0.5720, -5.746
79.29, 0.5710, -5.761
79.30, 0.5700, -8.049
79.31, 0.5690, -5.595
79.32, 0.5680, -6.289
79.33, 0.5670, -4.895
79.34, 0.5660, -5.588
79.35, 0.5650, -5.721
79.36, 0.5640, -8.494
79.37, 0.5630, -4.815
79.38, 0.5620, -7.180
79.39, 0.5610, -6.266
79.40, 0.5600, -7.482
79.41, 0.5590, -5.293
79.42, 0.5580, -6.959
79.43, 0.5570, -6.210
79.44, 0.5560, -7.519
79.45, 0.5550, -5.963
79.46, 0.5540, -7.410
79.47, 0.5530, -6.607
79.48, 0.5520, -7.627
79.49, 0.5510, -6.658
79.50, 0.5500, -7.577
79.51, 0.5490, -6.619
79.52, 0.5480, -7.597
79.53, 0.5470, -6.473
79.54, 0.5460, -6.933
79.55, 0.5450, -7.729
79.56, 0.5440, -4.728
79.57, 0.5430, -5.670
79.58, 0.5420, -6.293
79.59, 0.5410, -6.017
79.60, 0.5400, -5.507
79.61, 0.5390, -7.128
79.62, 0.5380, -5.783
79.63, 0.5370, -7.100
79.64, 0.5360, -5.559
79.65, 0.5350, -7.129
79.66, 0.5340, -6.713
79.67, 0.5330, -6.897
79.68, 0.5320, -6.690
79.69, 0.5310, -7.264
79.70, 0.5300, -6.338
79.71, 0.5290, -7.038
79.72, 0.5280, -5.387
79.73, 0.5270, -7.351
79.74, 0.5260, -5.278
79.75, 0.5250, -6.958
79.76, 0.5240, -6.907
79.77, 0.5230, -6.954
79.78, 0.5220, -5.749
79.79, 0.5210, -8.405
79.80, 0.5200, -7.613
79.81, 0.5190, -8.098
79.82, 0.5180, -7.675
79.83, 0.5170, -7.374
79.84, 0.5160, -7.477
79.85, 0.5150, -7.296
79.86, 0.5140, -7.574
79.87, 0.5130, -7.587
79.88, 0.5120, -6.460
79.89, 0.5110, -6.394
79.90, 0.5100, -7.780
79.91, 0.5090, -5.993
79.92, 0.5080, -8.236
79.93, 0.5070, -6.982
79.94, 0.5060, -8.447
79.95, 0.5050, -5.898
79.96, 0.5040, -7.743
79.97, 0.5030, -7.188
79.98, 0.5020, -8.044
79.99, 0.5010, -7.569
80.00, 0.5000, -8.462
80.01, 0.4990, -6.312
80.02, 0.4980, -7.974
80.03, 0.4970, -7.304
80.04, 0.4960, -6.921
80.05, 0.4950, -6.541
80.06, 0.4940, -7.055
80.07, 0.4930, -7.870
80.08, 0.4920, -5.613
80.09, 0.4910, -7.053
80.10, 0.4900, -6.450
80.11, 0.4890, -6.879
80.12, 0.4880, -7.187
80.13, 0.4870, -8.224
80.14, 0.4860, -5.223
80.15, 0.4850, -8.022
80.16, 0.4840, -6.455
80.17, 0.4830, -7.797
80.18, 0.4820, -6.997
80.19, 0.4810, -8.110
80.20, 0.4800, -8.517
80.21, 0.4790, -7.488
80.22, 0.4780, -8.724
80.23, 0.4770, -6.921
80.24, 0.4760, -7.610
80.25, 0.4750, -8.056
80.26, 0.4740, -8.260
80.27, 0.4730, -7.776
80.28, 0.4720, -8.124
80.29, 0.4710, -8.873
80.30, 0.4700, -8.753
80.31, 0.4690, -6.462
80.32, 0.4680, -8.321
80.33, 0.4670, -9.104
80.34, 0.4660, -7.957
80.35, 0.4650, -8.715
80.36, 0.4640, -6.722
80.37, 0.4630, -7.987
80.38, 0.4620, -7.853
80.39, 0.4610, -7.786
80.40, 0.4600, -6.985
80.41, 0.4590, -8.816
80.42, 0.4580, -7.418
80.43, 0.4570, -8.056
80.44, 0.4560, -7.758
80.45, 0.4550, -7.298
80.46, 0.4540, -8.004
80.47, 0.4530, -8.157
80.48, 0.4520, -8.583
80.49, 0.4510, -10.05
80.50, 0.4500, -7.254
80.51, 0.4490, -8.589
80.52, 0.4480, -8.035
80.53, 0.4470, -7.821
80.54, 0.4460, -7.263
80.55, 0.4450, -6.911
80.56, 0.4440, -9.250
80.57, 0.4430, -6.274
80.58, 0.4420, -8.445
80.59, 0.4410, -7.808
80.60, 0.4400, -7.614
80.61, 0.4390, -5.673
80.62, 0.4380, -7.917
80.63, 0.4370, -7.004
80.64, 0.4360, -9.240
80.65, 0.4350, -8.228
80.66, 0.4340, -9.381
80.67, 0.4330, -9.117
80.68, 0.4320, -8.624
80.69, 0.4310, -9.475
80.70, 0.4300, -9.889
80.71, 0.4290, -8.255
80.72, 0.4280, -8.436
80.73, 0.4270, -8.925
80.74, 0.4260, -8.283
80.75, 0.4250, -9.176
80.76, 0.4240, -8.186
80.77, 0.4230, -9.044
80.78, 0.4220, -7.520
80.79, 0.4210, -9.232
80.80, 0.4200, -7.686
80.81, 0.4190, -10.04
80.82, 0.4180, -8.584
80.83, 0.4170, -8.476
80.84, 0.4160, -8.472
80.85, 0.4150, -7.843
80.86, 0.4140, -8.360
80.87, 0.4130, -6.338
80.88, 0.4120, -8.549
80.89, 0.4110, -6.715
80.90, 0.4100, -9.783
80.91, 0.4090, -6.708
80.92, 0.4080, -8.828
80.93, 0.4070, -7.014
80.94, 0.4060, -8.920
80.95, 0.4050, -9.492
80.96, 0.4040, -8.944
80.97, 0.4030, -8.860
80.98, 0.4020, -8.063
80.99, 0.4010, -8.040
81.00, 0.4000, -9.196
81.01, 0.3990, -8.257
81.02, 0.3980, -9.247
81.03, 0.3970, -9.567
81.04, 0.3960, -8.001
81.05, 0.3950, -8.617
81.06, 0.3940, -7.862
81.07, 0.3930, -9.371
81.08, 0.3920, -9.131
81.09, 0.3910, -8.982
81.10, 0.3900, -9.728
81.11, 0.3890, -10.18
81.12, 0.3880, -9.317
81.13, 0.3870, -9.316
81.14, 0.3860, -10.73
81.15, 0.3850, -9.564
81.16, 0.3840, -10.07
81.17, 0.3830, -10.43
81.18, 0.3820, -8.993
81.19, 0.3810, -9.489
81.20, 0.3800, -9.395
81.21, 0.3790, -8.915
81.22, 0.3780, -9.091
81.23, 0.3770, -9.135
81.24, 0.3760, -9.653
81.25, 0.3750, -8.005
81.26, 0.3740, -9.622
81.27, 0.3730, -8.286
81.28, 0.3720, -8.741
81.29, 0.3710, -7.746
81.30, 0.3700, -9.780
81.31, 0.3690, -8.173
81.32, 0.3680, -11.16
81.33, 0.3670, -9.984
81.34, 0.3660, -9.975
81.35, 0.3650, -8.526
81.36, 0.3640, -9.635
81.37, 0.3630, -8.286
81.38, 0.3620, -9.797
81.39, 0.3610, -9.380
81.40, 0.3600, -9.522
81.41, 0.3590, -9.082
81.42, 0.3580, -9.016
81.43, 0.3570, -8.328
81.44, 0.3560, -9.708
81.45, 0.3550, -10.90
81.46, 0.3540, -9.230
81.47, 0.3530, -10.80
81.48, 0.3520, -8.309
81.49, 0.3510, -11.61
81.50, 0.3500, -9.928
81.51, 0.3490, -11.37
81.52, 0.3480, -10.20
81.53, 0.3470, -12.22
81.54, 0.3460, -11.58
81.55, 0.3450, -11.05
81.56, 0.3440, -9.352
81.57, 0.3430, -9.852
81.58, 0.3420, -11.12
81.59, 0.3410, -9.835
81.60, 0.3400, -10.28
81.61, 0.3390, -9.044
81.62, 0.3380, -11.27
81.63, 0.3370, -9.730
81.64, 0.3360, -10.72
81.65, 0.3350, -9.633
81.66, 0.3340, -9.434
81.67, 0.3330, -10.09
81.68, 0.3320, -10.40
81.69, 0.3310, -9.406
81.70, 0.3300, -8.504
81.71, 0.3290, -9.211
81.72, 0.3280, -8.382
81.73, 0.3270, -10.58
81.74, 0.3260, -8.367
81.75, 0.3250, -10.08
81.76, 0.3240, -8.892
81.77, 0.3230, -9.307
81.78, 0.3220, -9.636
81.79, 0.3210, -10.13
81.80, 0.3200, -10.01
81.81, 0.3190, -10.91
81.82, 0.3180, -10.03
81.83, 0.3170, -9.474
81.84, 0.3160, -9.528
81.85, 0.3150, -8.337
81.86, 0.3140, -9.300
81.87, 0.3130, -9.093
81.88, 0.3120, -10.33
81.89, 0.3110, -9.927
81.90, 0.3100, -10.51
81.91, 0.3090, -9.683
81.92, 0.3080, -10.99
81.93, 0.3070, -10.33
81.94, 0.3060, -10.47
81.95, 0.3050, -10.48
81.96, 0.3040, -11.35
81.97, 0.3030, -11.69
81.98, 0.3020, -10.38
81.99, 0.3010, -9.660
82.00, 0.3000, -9.542
82.01, 0.2990, -12.95
82.02, 0.2980, -11.41
82.03, 0.2970, -11.59
82.04, 0.2960, -9.388
82.05, 0.2950, -11.00
82.06, 0.2940, -10.80
82.07, 0.2930, -11.75
82.08, 0.2920, -10.13
82.09, 0.2910, -11.72
82.10, 0.2900, -10.25
82.11, 0.2890, -10.62
82.12, 0.2880, -10.42
82.13, 0.2870, -11.65
82.14, 0.2860, -10.37
82.15, 0.2850, -9.459
82.16, 0.2840, -11.31
82.17, 0.2830, -10.65
82.18, 0.2820, -10.69
82.19, 0.2810, -10.56
82.20, 0.2800, -11.09
82.21, 0.2790, -9.180
82.22, 0.2780, -10.74
82.23, 0.2770, -9.673
82.24, 0.2760, -11.56
82.25, 0.2750, -10.26
82.26, 0.2740, -10.03
82.27, 0.2730, -10.67
82.28, 0.2720, -11.35
82.29, 0.2710, -10.41
82.30, 0.2700, -10.67
82.31, 0.2690, -11.04
82.32, 0.2680, -11.75
82.33, 0.2670, -12.50
82.34, 0.2660, -11.67
82.35, 0.2650, -12.27
82.36, 0.2640, -11.74
82.37, 0.2630, -12.51
82.38, 0.2620, -13.02
82.39, 0.2610, -11.72
82.40, 0.2600, -12.20
82.41, 0.2590, -11.00
82.42, 0.2580, -11.71
82.43, 0.2570, -12.05
82.44, 0.2560, -11.45
82.45, 0.2550, -11.92
82.46, 0.2540, -11.26
82.47, 0.2530, -11.05
82.48, 0.2520, -11.30
82.49, 0.2510, -12.38
82.50, 0.2500, -11.04
82.51, 0.2490, -12.18
82.52, 0.2480, -11.54
82.53, 0.2470, -11.84
82.54, 0.2460, -13.13
82.55, 0.2450, -11.23
82.56, 0.2440, -10.21
82.57, 0.2430, -11.24
82.58, 0.2420, -11.38
82.59, 0.2410, -11.54
82.60, 0.2400, -11.29
82.61, 0.2390, -11.17
82.62, 0.2380, -11.94
82.63, 0.2370, -11.69
82.64, 0.2360, -12.22
82.65, 0.2350, -10.68
82.66, 0.2340, -10.95
82.67, 0.2330, -11.44
82.68, 0.2320, -11.47
82.69, 0.2310, -11.28
82.70, 0.2300, -11.86
82.71, 0.2290, -11.34
82.72, 0.2280, -11.12
82.73, 0.2270, -13.46
82.74, 0.2260, -10.93
82.75, 0.2250, -12.61
82.76, 0.2240, -14.35
82.77, 0.2230, -13.24
82.78, 0.2220, -13.05
82.79, 0.2210, -13.28
82.80, 0.2200, -13.59
82.81, 0.2190, -11.45
82.82, 0.2180, -12.31
82.83, 0.2170, -12.66
82.84, 0.2160, -13.81
82.85, 0.2150, -11.69
82.86, 0.2140, -12.86
82.87, 0.2130, -12.37
82.88, 0.2120, -13.30
82.89, 0.2110, -13.50
82.90, 0.2100, -12.96
82.91, 0.2090, -12.00
82.92, 0.2080, -12.74
82.93, 0.2070, -11.89
82.94, 0.2060, -11.93
82.95, 0.2050, -11.43
82.96, 0.2040, -12.44
82.97, 0.2030, -11.66
82.98, 0.2020, -11.58
82.99, 0.2010, -12.35
83.00, 0.2000, -12.13
83.01, 0.1990, -12.28
83.02, 0.1980, -13.23
83.03, 0.1970, -13.13
83.04, 0.1960, -13.06
83.05, 0.1950, -12.31
83.06, 0.1940, -12.83
83.07, 0.1930, -11.97
83.08, 0.1920, -13.91
83.09, 0.1910, -11.57
83.10, 0.1900, -12.59
83.11, 0.1890, -12.32
83.12, 0.1880, -12.16
83.13, 0.1870, -11.28
83.14, 0.1860, -11.86
83.15, 0.1850, -14.82
83.16, 0.1840, -14.33
83.17, 0.1830, -13.25
83.18, 0.1820, -12.18
83.19, 0.1810, -13.91
83.20, 0.1800, -12.17
83.21, 0.1790, -14.23
83.22, 0.1780, -14.48
83.23, 0.1770, -12.52
83.24, 0.1760, -13.45
83.25, 0.1750, -13.53
83.26, 0.1740, -12.77
83.27, 0.1730, -13.97
83.28, 0.1720, -11.80
83.29, 0.1710, -12.79
83.30, 0.1700, -12.90
83.31, 0.1690, -14.05
83.32, 0.1680, -13.91
83.33, 0.1670, -14.56
83.34, 0.1660, -15.11
83.35, 0.1650, -12.90
83.36, 0.1640, -13.40
83.37, 0.1630, -13.61
83.38, 0.1620, -12.26
83.39, 0.1610, -14.20
83.40, 0.1600, -13.02
83.41, 0.1590, -13.06
83.42, 0.1580, -13.90
83.43, 0.1570, -13.57
83.44, 0.1560, -13.19
83.45, 0.1550, -12.70
83.46, 0.1540, -13.57
83.47, 0.1530, -12.49
83.48, 0.1520, -13.46
83.49, 0.1510, -12.05
83.50, 0.1500, -13.72
83.51, 0.1490, -11.93
83.52, 0.1480, -13.16
83.53, 0.1470, -12.20
83.54, 0.1460, -15.03
83.55, 0.1450, -13.64
83.56, 0.1440, -13.62
83.57, 0.1430, -13.42
83.58, 0.1420, -14.68
83.59, 0.1410, -13.12
83.60, 0.1400, -15.09
83.61, 0.1390, -14.19
83.62, 0.1380, -14.48
83.63, 0.1370, -12.82
83.64, 0.1360, -16.18
83.65, 0.1350, -13.27
83.66, 0.1340, -14.73
83.67, 0.1330, -13.95
83.68, 0.1320, -15.67
83.69, 0.1310, -12.53
83.70, 0.1300, -14.23
83.71, 0.1290, -13.84
83.72, 0.1280, -15.16
83.73, 0.1270, -14.12
83.74, 0.1260, -13.70
83.75, 0.1250, -13.45
83.76, 0.1240, -14.22
83.77, 0.1230, -13.14
83.78, 0.1220, -14.28
83.79, 0.1210, -15.13
83.80, 0.1200, -14.03
83.81, 0.1190, -14.04
83.82, 0.1180, -15.06
83.83, 0.1170, -14.47
83.84, 0.1160, -14.80
83.85, 0.1150, -14.04
83.86, 0.1140, -13.28
83.87, 0.1130, -13.48
83.88, 0.1120, -15.26
83.89, 0.1110, -12.89
83.90, 0.1100, -14.90
83.91, 0.1090, -13.34
83.92, 0.1080, -13.75
83.93, 0.1070, -13.30
83.94, 0.1060, -14.50
83.95, 0.1050, -13.65
83.96, 0.1040, -15.38
83.97, 0.1030, -14.19
83.98, 0.1020, -13.46
83.99, 0.1010, -14.52
84.00, 0.1000, -16.29
84.01, 0.09900, -14.48
84.02, 0.09800, -14.51
84.03, 0.09700, -14.68
84.04, 0.09600, -15.58
84.05, 0.09500, -14.80
84.06, 0.09400, -16.36
84.07, 0.09300, -15.51
84.08, 0.09200, -15.34
84.09, 0.09100, -15.64
84.10, 0.09000, -16.18
84.11, 0.08900, -14.57
84.12, 0.08800, -15.50
84.13, 0.08700, -14.85
84.14, 0.08600, -15.75
84.15, 0.08500, -15.56
84.16, 0.08400, -14.37
84.17, 0.08300, -14.35
84.18, 0.08200, -14.82
84.19, 0.08100, -16.25
84.20, 0.08000, -13.95
84.21, 0.07900, -15.70
84.22, 0.07800, -14.42
84.23, 0.07700, -13.65
84.24, 0.07600, -12.68
84.25, 0.07500, -15.71
84.26, 0.07400, -14.46
84.27, 0.07300, -15.46
84.28, 0.07200, -13.67
84.29, 0.07100, -16.02
84.30, 0.07000, -14.61
84.31, 0.06900, -14.54
84.32, 0.06800, -13.84
84.33, 0.06700, -14.73
84.34, 0.06600, -14.00
84.35, 0.06500, -14.42
84.36, 0.06400, -14.21
84.37, 0.06300, -14.55
84.38, 0.06200, -14.08
84.39, 0.06100, -15.03
84.40, 0.06000, -14.67
84.41, 0.05900, -16.27
84.42, 0.05800, -15.60
84.43, 0.05700, -16.34
84.44, 0.05600, -16.77
84.45, 0.05500, -16.88
84.46, 0.05400, -16.09
84.47, 0.05300, -16.94
84.48, 0.05200, -15.04
84.49, 0.05100, -15.67
84.50, 0.05000, -15.74
84.51, 0.04900, -15.64
84.52, 0.04800, -16.05
84.53, 0.04700, -14.86
84.54, 0.04600, -17.35
84.55, 0.04500, -15.87
84.56, 0.04400, -15.64
84.57, 0.04300, -14.60
84.58, 0.04200, -15.07
84.59, 0.04100, -14.42
84.60, 0.04000, -16.23
84.61, 0.03900, -15.77
84.62, 0.03800, -15.22
84.63, 0.03700, -17.01
84.64, 0.03600, -15.31
84.65, 0.03500, -13.96
84.66, 0.03400, -15.59
84.67, 0.03300, -14.97
84.68, 0.03200, -16.03
84.69, 0.03100, -15.77
84.70, 0.03000, -15.65
84.71, 0.02900, -14.66
84.72, 0.02800, -14.06
84.73, 0.02700, -14.58
84.74, 0.02600, -16.59
84.75, 0.02500, -15.19
84.76, 0.02400, -16.32
84.77, 0.02300, -14.77
84.78, 0.02200, -15.15
84.79, 0.02100, -14.39
84.80, 0.02000, -16.28
84.81, 0.01900, -14.28
84.82, 0.01800, -16.44
84.83, 0.01700, -14.31
84.84, 0.01600, -16.18
84.85, 0.01500, -15.25
84.86, 0.01400, -16.66
84.87, 0.01300, -16.70
84.88, 0.01200, -16.65
84.89, 0.01100, -15.73
84.90, 0.01000, -17.46
84.91, 0.009000, -15.82
84.92, 0.008000, -18.06
84.93, 0.007000, -17.31
84.94, 0.006000, -15.97
84.95, 0.005000, -17.55
84.96, 0.004000, -18.25
84.97, 0.003000, -17.70
84.98, 0.002000, -16.49
84.99, 0.001000, -16.74
85.00, 0.000, -14.40
