0.01000, -0.8000, -57.35
0.02000, -0.8000, -28.44
0.03000, -0.8000, -23.30
0.04000, -0.8000, -22.98
0.05000, -0.8000, -18.66
0.06000, -0.8000, -18.24
0.07000, -0.8000, -18.29
0.08000, -0.8000, -16.25
0.09000, -0.8000, -17.43
0.1000, -0.8000, -15.55
0.1100, -0.8000, -16.19
0.1200, -0.8000, -16.49
0.1300, -0.8000, -14.55
0.1400, -0.8000, -15.60
0.1500, -0.8000, -14.16
0.1600, -0.8000, -14.54
0.1700, -0.8000, -15.42
0.1800, -0.8000, -13.41
0.1900, -0.8000, -13.43
0.2000, -0.8000, -13.82
0.2100, -0.8000, -13.44
0.2200, -0.8000, -12.93
0.2300, -0.8000, -13.36
0.2400, -0.8000, -13.98
0.2500, -0.8000, -12.88
0.2600, -0.8000, -12.21
0.2700, -0.8000, -13.08
0.2800, -0.8000, -12.57
0.2900, -0.8000, -12.63
0.3000, -0.8000, -13.75
0.3100, -0.8000, -12.66
0.3200, -0.8000, -12.83
0.3300, -0.8000, -12.78
0.3400, -0.8000, -14.54
0.3500, -0.8000, -12.48
0.3600, -0.8000, -12.21
0.3700, -0.8000, -12.92
0.3800, -0.8000, -11.81
0.3900, -0.8000, -12.68
0.4000, -0.8000, -12.58
0.4100, -0.8000, -11.91
0.4200, -0.8000, -11.57
0.4300, -0.8000, -14.71
0.4400, -0.8000, -11.27
0.4500, -0.8000, -11.89
0.4600, -0.8000, -11.19
0.4700, -0.8000, -11.15
0.4800, -0.8000, -11.42
0.4900, -0.8000, -11.53
0.5000, -0.8000, -11.46
0.5100, -0.8000, -11.44
0.5200, -0.8000, -11.57
0.5300, -0.8000, -12.10
0.5400, -0.8000, -12.50
0.5500, -0.8000, -11.57
0.5600, -0.8000, -11.89
0.5700, -0.8000, -10.65
0.5800, -0.8000, -11.57
0.5900, -0.8000, -13.00
0.6000, -0.8000, -11.03
0.6100, -0.8000, -12.15
0.6200, -0.8000, -11.39
0.6300, -0.8000, -11.34
0.6400, -0.8000, -11.42
0.6500, -0.8000, -12.39
0.6600, -0.8000, -12.87
0.6700, -0.8000, -11.70
0.6800, -0.8000, -10.40
0.6900, -0.8000, -11.68
0.7000, -0.8000, -11.09
0.7100, -0.8000, -9.711
0.7200, -0.8000, -10.91
0.7300, -0.8000, -10.71
0.7400, -0.8000, -9.542
0.7500, -0.8000, -11.03
0.7600, -0.8000, -11.11
0.7700, -0.8000, -12.58
0.7800, -0.8000, -10.89
0.7900, -0.8000, -11.55
0.8000, -0.8000, -10.61
0.8100, -0.8000, -12.52
0.8200, -0.8000, -10.65
0.8300, -0.8000, -11.78
0.8400, -0.8000, -10.77
0.8500, -0.8000, -10.79
0.8600, -0.8000, -10.44
0.8700, -0.8000, -12.09
0.8800, -0.8000, -10.73
0.8900, -0.8000, -11.36
0.9000, -0.8000, -11.70
0.9100, -0.8000, -10.92
0.9200, -0.8000, -10.85
0.9300, -0.8000, -11.64
0.9400, -0.8000, -10.27
0.9500, -0.8000, -10.80
0.9600, -0.8000, -10.95
0.9700, -0.8000, -10.48
0.9800, -0.8000, -9.998
0.9900, -0.8000, -10.77
1.000, -0.8000, -11.01
1.010, -0.8000, -11.50
1.020, -0.8000, -11.00
1.030, -0.8000, -11.01
1.040, -0.8000, -10.44
1.050, -0.8000, -10.70
1.060, -0.8000, -10.48
1.070, -0.8000, -10.47
1.080, -0.8000, -11.29
1.090, -0.8000, -10.60
1.100, -0.8000, -9.571
1.110, -0.8000, -10.62
1.120, -0.8000, -11.74
1.130, -0.8000, -10.86
1.140, -0.8000, -10.31
1.150, -0.8000, -11.43
1.160, -0.8000, -12.02
1.170, -0.8000, -10.00
1.180, -0.8000, -11.18
1.190, -0.8000, -9.971
1.200, -0.8000, -8.992
1.210, -0.8000, -12.42
1.220, -0.8000, -9.624
1.230, -0.8000, -9.916
1.240, -0.8000, -11.80
1.250, -0.8000, -9.567
1.260, -0.8000, -10.00
1.270, -0.8000, -11.00
1.280, -0.8000, -10.50
1.290, -0.8000, -10.30
1.300, -0.8000, -9.714
1.310, -0.8000, -10.38
1.320, -0.8000, -10.89
1.330, -0.8000, -10.92
1.340, -0.8000, -10.05
1.350, -0.8000, -10.99
1.360, -0.8000, -9.505
1.370, -0.8000, -10.04
1.380, -0.8000, -11.14
1.390, -0.8000, -10.11
1.400, -0.8000, -10.33
1.410, -0.8000, -10.02
1.420, -0.8000, -10.28
1.430, -0.8000, -10.31
1.440, -0.8000, -10.13
1.450, -0.8000, -9.485
1.460, -0.8000, -11.11
1.470, -0.8000, -10.15
1.480, -0.8000, -9.924
1.490, -0.8000, -10.86
1.500, -0.8000, -9.089
1.510, -0.8000, -9.306
1.520, -0.8000, -10.59
1.530, -0.8000, -10.34
1.540, -0.8000, -11.03
1.550, -0.8000, -10.38
1.560, -0.8000, -11.52
1.570, -0.8000, -10.82
1.580, -0.8000, -9.624
1.590, -0.8000, -8.986
1.600, -0.8000, -10.07
1.610, -0.8000, -9.357
1.620, -0.8000, -10.56
1.630, -0.8000, -11.05
1.640, -0.8000, -10.34
1.650, -0.8000, -11.01
1.660, -0.8000, -9.208
1.670, -0.8000, -12.35
1.680, -0.8000, -10.69
1.690, -0.8000, -10.86
1.700, -0.8000, -9.451
1.710, -0.8000, -9.927
1.720, -0.8000, -10.06
1.730, -0.8000, -11.09
1.740, -0.8000, -8.310
1.750, -0.8000, -9.759
1.760, -0.8000, -10.12
1.770, -0.8000, -9.869
1.780, -0.8000, -10.33
1.790, -0.8000, -9.788
1.800, -0.8000, -9.862
1.810, -0.8000, -11.04
1.820, -0.8000, -9.667
1.830, -0.8000, -9.744
1.840, -0.8000, -10.61
1.850, -0.8000, -10.30
1.860, -0.8000, -11.34
1.870, -0.8000, -9.885
1.880, -0.8000, -10.48
1.890, -0.8000, -9.742
1.900, -0.8000, -9.473
1.910, -0.8000, -9.755
1.920, -0.8000, -11.42
1.930, -0.8000, -9.374
1.940, -0.8000, -9.529
1.950, -0.8000, -10.46
1.960, -0.8000, -11.00
1.970, -0.8000, -9.851
1.980, -0.8000, -10.68
1.990, -0.8000, -9.812
2.000, -0.8000, -10.14
2.010, -0.8000, -9.167
2.020, -0.8000, -9.619
2.030, -0.8000, -9.714
2.040, -0.8000, -8.398
2.050, -0.8000, -11.41
2.060, -0.8000, -10.99
2.070, -0.8000, -8.313
2.080, -0.8000, -10.36
2.090, -0.8000, -11.57
2.100, -0.8000, -9.416
2.110, -0.8000, -9.107
2.120, -0.8000, -11.13
2.130, -0.8000, -10.20
2.140, -0.8000, -9.758
2.150, -0.8000, -10.27
2.160, -0.8000, -9.945
2.170, -0.8000, -9.896
2.180, -0.8000, -9.410
2.190, -0.8000, -9.444
2.200, -0.8000, -11.77
2.210, -0.8000, -10.10
2.220, -0.8000, -10.47
2.230, -0.8000, -11.32
2.240, -0.8000, -10.58
2.250, -0.8000, -9.686
2.260, -0.8000, -10.86
2.270, -0.8000, -9.937
2.280, -0.8000, -9.770
2.290, -0.8000, -9.007
2.300, -0.8000, -10.05
2.310, -0.8000, -10.65
2.320, -0.8000, -9.798
2.330, -0.8000, -9.262
2.340, -0.8000, -10.50
2.350, -0.8000, -9.805
2.360, -0.8000, -8.974
2.370, -0.8000, -10.38
2.380, -0.8000, -10.13
2.390, -0.8000, -9.935
2.400, -0.8000, -10.37
2.410, -0.8000, -9.095
2.420, -0.8000, -9.931
2.430, -0.8000, -9.131
2.440, -0.8000, -9.681
2.450, -0.8000, -9.487
2.460, -0.8000, -9.032
2.470, -0.8000, -9.392
2.480, -0.8000, -11.18
2.490, -0.8000, -9.669
2.500, -0.8000, -9.583
2.510, -0.8000, -10.29
2.520, -0.8000, -9.637
2.530, -0.8000, -10.62
2.540, -0.8000, -10.03
2.550, -0.8000, -9.804
2.560, -0.8000, -9.866
2.570, -0.8000, -9.004
2.580, -0.8000, -9.189
2.590, -0.8000, -9.995
2.600, -0.8000, -10.32
2.610, -0.8000, -10.01
2.620, -0.8000, -9.542
2.630, -0.8000, -9.346
2.640, -0.8000, -9.485
2.650, -0.8000, -9.130
2.660, -0.8000, -9.956
2.670, -0.8000, -10.95
2.680, -0.8000, -9.613
2.690, -0.8000, -9.411
2.700, -0.8000, -11.32
2.710, -0.8000, -10.07
2.720, -0.8000, -10.12
2.730, -0.8000, -10.41
2.740, -0.8000, -9.430
2.750, -0.8000, -9.015
2.760, -0.8000, -9.549
2.770, -0.8000, -9.449
2.780, -0.8000, -9.673
2.790, -0.8000, -8.559
2.800, -0.8000, -9.484
2.810, -0.8000, -11.24
2.820, -0.8000, -7.926
2.830, -0.8000, -8.893
2.840, -0.8000, -10.46
2.850, -0.8000, -8.663
2.860, -0.8000, -9.816
2.870, -0.8000, -10.38
2.880, -0.8000, -9.360
2.890, -0.8000, -9.039
2.900, -0.8000, -10.79
2.910, -0.8000, -11.13
2.920, -0.8000, -9.771
2.930, -0.8000, -10.48
2.940, -0.8000, -9.802
2.950, -0.8000, -10.00
2.960, -0.8000, -9.260
2.970, -0.8000, -9.575
2.980, -0.8000, -10.08
2.990, -0.8000, -8.344
3.000, -0.8000, -8.835
3.010, -0.8000, -9.710
3.020, -0.8000, -8.661
3.030, -0.8000, -10.25
3.040, -0.8000, -11.55
3.050, -0.8000, -10.32
3.060, -0.8000, -9.217
3.070, -0.8000, -10.63
3.080, -0.8000, -9.797
3.090, -0.8000, -9.418
3.100, -0.8000, -9.421
3.110, -0.8000, -9.183
3.120, -0.8000, -9.767
3.130, -0.8000, -8.854
3.140, -0.8000, -9.186
3.150, -0.8000, -10.68
3.160, -0.8000, -8.870
3.170, -0.8000, -9.213
3.180, -0.8000, -9.640
3.190, -0.8000, -8.584
3.200, -0.8000, -9.348
3.210, -0.8000, -9.444
3.220, -0.8000, -9.630
3.230, -0.8000, -9.837
3.240, -0.8000, -9.550
3.250, -0.8000, -8.623
3.260, -0.8000, -10.16
3.270, -0.8000, -9.332
3.280, -0.8000, -8.677
3.290, -0.8000, -10.20
3.300, -0.8000, -9.580
3.310, -0.8000, -10.06
3.320, -0.8000, -9.893
3.330, -0.8000, -8.999
3.340, -0.8000, -10.49
3.350, -0.8000, -9.159
3.360, -0.8000, -8.530
3.370, -0.8000, -9.366
3.380, -0.8000, -9.572
3.390, -0.8000, -9.737
3.400, -0.8000, -9.166
3.410, -0.8000, -9.064
3.420, -0.8000, -11.32
3.430, -0.8000, -9.657
3.440, -0.8000, -9.313
3.450, -0.8000, -9.565
3.460, -0.8000, -10.02
3.470, -0.8000, -9.426
3.480, -0.8000, -8.654
3.490, -0.8000, -8.428
3.500, -0.8000, -9.711
3.510, -0.8000, -8.769
3.520, -0.8000, -8.591
3.530, -0.8000, -8.593
3.540, -0.8000, -9.571
3.550, -0.8000, -11.34
3.560, -0.8000, -8.689
3.570, -0.8000, -9.628
3.580, -0.8000, -10.16
3.590, -0.8000, -8.464
3.600, -0.8000, -9.699
3.610, -0.8000, -9.189
3.620, -0.8000, -9.501
3.630, -0.8000, -10.49
3.640, -0.8000, -9.355
3.650, -0.8000, -8.608
3.660, -0.8000, -8.876
3.670, -0.8000, -10.05
3.680, -0.8000, -9.457
3.690, -0.8000, -9.155
3.700, -0.8000, -9.548
3.710, -0.8000, -10.38
3.720, -0.8000, -9.928
3.730, -0.8000, -9.533
3.740, -0.8000, -9.210
3.750, -0.8000, -8.881
3.760, -0.8000, -10.49
3.770, -0.8000, -8.738
3.780, -0.8000, -9.238
3.790, -0.8000, -10.09
3.800, -0.8000, -9.860
3.810, -0.8000, -10.53
3.820, -0.8000, -8.243
3.830, -0.8000, -8.769
3.840, -0.8000, -10.48
3.850, -0.8000, -9.001
3.860, -0.8000, -9.050
3.870, -0.8000, -9.514
3.880, -0.8000, -8.644
3.890, -0.8000, -8.600
3.900, -0.8000, -9.584
3.910, -0.8000, -8.986
3.920, -0.8000, -10.68
3.930, -0.8000, -9.754
3.940, -0.8000, -9.689
3.950, -0.8000, -10.33
3.960, -0.8000, -9.087
3.970, -0.8000, -9.019
3.980, -0.8000, -8.190
3.990, -0.8000, -8.922
4.000, -0.8000, -9.894
4.010, -0.8000, -8.834
4.020, -0.8000, -8.992
4.030, -0.8000, -10.96
4.040, -0.8000, -9.636
4.050, -0.8000, -9.237
4.060, -0.8000, -10.42
4.070, -0.8000, -9.331
4.080, -0.8000, -9.243
4.090, -0.8000, -10.16
4.100, -0.8000, -8.905
4.110, -0.8000, -9.394
4.120, -0.8000, -8.342
4.130, -0.8000, -8.813
4.140, -0.8000, -9.755
4.150, -0.8000, -8.780
4.160, -0.8000, -9.590
4.170, -0.8000, -11.82
4.180, -0.8000, -9.659
4.190, -0.8000, -9.172
4.200, -0.8000, -9.343
4.210, -0.8000, -9.292
4.220, -0.8000, -9.199
4.230, -0.8000, -8.808
4.240, -0.8000, -10.49
4.250, -0.8000, -10.91
4.260, -0.8000, -7.829
4.270, -0.8000, -7.786
4.280, -0.8000, -10.05
4.290, -0.8000, -8.525
4.300, -0.8000, -8.985
4.310, -0.8000, -10.15
4.320, -0.8000, -8.997
4.330, -0.8000, -8.678
4.340, -0.8000, -9.663
4.350, -0.8000, -9.075
4.360, -0.8000, -9.073
4.370, -0.8000, -10.66
4.380, -0.8000, -9.865
4.390, -0.8000, -9.186
4.400, -0.8000, -9.363
4.410, -0.8000, -9.716
4.420, -0.8000, -9.961
4.430, -0.8000, -10.05
4.440, -0.8000, -8.939
4.450, -0.8000, -9.385
4.460, -0.8000, -9.099
4.470, -0.8000, -9.277
4.480, -0.8000, -10.64
4.490, -0.8000, -10.21
4.500, -0.8000, -9.262
4.510, -0.8000, -9.339
4.520, -0.8000, -10.11
4.530, -0.8000, -8.514
4.540, -0.8000, -9.829
4.550, -0.8000, -9.690
4.560, -0.8000, -8.641
4.570, -0.8000, -9.883
4.580, -0.8000, -9.915
4.590, -0.8000, -9.398
4.600, -0.8000, -8.030
4.610, -0.8000, -9.048
4.620, -0.8000, -10.02
4.630, -0.8000, -8.456
4.640, -0.8000, -9.740
4.650, -0.8000, -10.39
4.660, -0.8000, -9.008
4.670, -0.8000, -9.915
4.680, -0.8000, -12.15
4.690, -0.8000, -8.722
4.700, -0.8000, -9.591
4.710, -0.8000, -9.560
4.720, -0.8000, -7.962
4.730, -0.8000, -10.16
4.740, -0.8000, -9.582
4.750, -0.8000, -8.456
4.760, -0.8000, -8.544
4.770, -0.8000, -9.605
4.780, -0.8000, -8.613
4.790, -0.8000, -9.205
4.800, -0.8000, -9.950
4.810, -0.8000, -8.457
4.820, -0.8000, -8.516
4.830, -0.8000, -8.984
4.840, -0.8000, -8.867
4.850, -0.8000, -8.836
4.860, -0.8000, -9.914
4.870, -0.8000, -8.668
4.880, -0.8000, -9.112
4.890, -0.8000, -9.027
4.900, -0.8000, -8.625
4.910, -0.8000, -9.423
4.920, -0.8000, -8.730
4.930, -0.8000, -8.220
4.940, -0.8000, -9.943
4.950, -0.8000, -9.458
4.960, -0.8000, -8.906
4.970, -0.8000, -9.070
4.980, -0.8000, -9.720
4.990, -0.8000, -9.785
5.000, -0.8000, -8.646
5.010, -0.8000, -9.598
5.020, -0.8000, -10.04
5.030, -0.8000, -8.257
5.040, -0.8000, -9.168
5.050, -0.8000, -9.279
5.060, -0.8000, -8.209
5.070, -0.8000, -8.456
5.080, -0.8000, -11.02
5.090, -0.8000, -9.176
5.100, -0.8000, -10.37
5.110, -0.8000, -8.960
5.120, -0.8000, -8.269
5.130, -0.8000, -9.680
5.140, -0.8000, -7.844
5.150, -0.8000, -9.276
5.160, -0.8000, -10.29
5.170, -0.8000, -8.174
5.180, -0.8000, -8.872
5.190, -0.8000, -10.34
5.200, -0.8000, -9.223
5.210, -0.8000, -9.009
5.220, -0.8000, -9.051
5.230, -0.8000, -8.438
5.240, -0.8000, -8.651
5.250, -0.8000, -10.34
5.260, -0.8000, -9.157
5.270, -0.8000, -7.839
5.280, -0.8000, -9.372
5.290, -0.8000, -9.088
5.300, -0.8000, -9.480
5.310, -0.8000, -9.009
5.320, -0.8000, -8.893
5.330, -0.8000, -9.161
5.340, -0.8000, -8.983
5.350, -0.8000, -9.054
5.360, -0.8000, -9.865
5.370, -0.8000, -8.987
5.380, -0.8000, -9.427
5.390, -0.8000, -9.829
5.400, -0.8000, -8.225
5.410, -0.8000, -8.856
5.420, -0.8000, -9.940
5.430, -0.8000, -7.691
5.440, -0.8000, -8.971
5.450, -0.8000, -9.011
5.460, -0.8000, -9.090
5.470, -0.8000, -9.081
5.480, -0.8000, -9.233
5.490, -0.8000, -10.89
5.500, -0.8000, -10.05
5.510, -0.8000, -8.842
5.520, -0.8000, -8.301
5.530, -0.8000, -9.651
5.540, -0.8000, -8.706
5.550, -0.8000, -8.128
5.560, -0.8000, -10.12
5.570, -0.8000, -8.841
5.580, -0.8000, -9.286
5.590, -0.8000, -10.82
5.600, -0.8000, -8.522
5.610, -0.8000, -7.992
5.620, -0.8000, -10.11
5.630, -0.8000, -8.772
5.640, -0.8000, -8.986
5.650, -0.8000, -9.244
5.660, -0.8000, -8.828
5.670, -0.8000, -8.996
5.680, -0.8000, -9.373
5.690, -0.8000, -9.439
5.700, -0.8000, -9.529
5.710, -0.8000, -8.784
5.720, -0.8000, -8.648
5.730, -0.8000, -9.546
5.740, -0.8000, -9.293
5.750, -0.8000, -8.515
5.760, -0.8000, -9.075
5.770, -0.8000, -9.019
5.780, -0.8000, -8.393
5.790, -0.8000, -8.822
5.800, -0.8000, -8.506
5.810, -0.8000, -10.64
5.820, -0.8000, -8.206
5.830, -0.8000, -9.062
5.840, -0.8000, -10.41
5.850, -0.8000, -8.277
5.860, -0.8000, -8.765
5.870, -0.8000, -10.28
5.880, -0.8000, -8.212
5.890, -0.8000, -9.607
5.900, -0.8000, -9.533
5.910, -0.8000, -8.376
5.920, -0.8000, -10.51
5.930, -0.8000, -8.310
5.940, -0.8000, -8.352
5.950, -0.8000, -9.140
5.960, -0.8000, -8.689
5.970, -0.8000, -8.763
5.980, -0.8000, -11.13
5.990, -0.8000, -8.551
6.000, -0.8000, -8.543
6.010, -0.8000, -9.530
6.020, -0.8000, -8.349
6.030, -0.8000, -9.794
6.040, -0.8000, -8.926
6.050, -0.8000, -9.129
6.060, -0.8000, -10.05
6.070, -0.8000, -8.162
6.080, -0.8000, -8.572
6.090, -0.8000, -8.940
6.100, -0.8000, -8.764
6.110, -0.8000, -8.734
6.120, -0.8000, -9.133
6.130, -0.8000, -9.441
6.140, -0.8000, -10.14
6.150, -0.8000, -8.606
6.160, -0.8000, -8.473
6.170, -0.8000, -10.26
6.180, -0.8000, -8.706
6.190, -0.8000, -8.147
6.200, -0.8000, -10.32
6.210, -0.8000, -9.366
6.220, -0.8000, -8.795
6.230, -0.8000, -9.094
6.240, -0.8000, -9.270
6.250, -0.8000, -11.01
6.260, -0.8000, -9.558
6.270, -0.8000, -8.242
6.280, -0.8000, -10.83
6.290, -0.8000, -8.424
6.300, -0.8000, -8.317
6.310, -0.8000, -9.893
6.320, -0.8000, -9.333
6.330, -0.8000, -8.775
6.340, -0.8000, -9.536
6.350, -0.8000, -8.646
6.360, -0.8000, -8.995
6.370, -0.8000, -8.436
6.380, -0.8000, -7.770
6.390, -0.8000, -9.947
6.400, -0.8000, -8.082
6.410, -0.8000, -8.822
6.420, -0.8000, -9.440
6.430, -0.8000, -8.230
6.440, -0.8000, -8.713
6.450, -0.8000, -8.886
6.460, -0.8000, -9.215
6.470, -0.8000, -9.483
6.480, -0.8000, -10.41
6.490, -0.8000, -8.679
6.500, -0.8000, -9.625
6.510, -0.8000, -8.165
6.520, -0.8000, -8.845
6.530, -0.8000, -8.911
6.540, -0.8000, -7.781
6.550, -0.8000, -8.391
6.560, -0.8000, -10.48
6.570, -0.8000, -9.020
6.580, -0.8000, -8.621
6.590, -0.8000, -8.955
6.600, -0.8000, -8.180
6.610, -0.8000, -8.617
6.620, -0.8000, -10.44
6.630, -0.8000, -8.531
6.640, -0.8000, -9.856
6.650, -0.8000, -8.575
6.660, -0.8000, -8.774
6.670, -0.8000, -8.723
6.680, -0.8000, -8.149
6.690, -0.8000, -7.983
6.700, -0.8000, -9.602
6.710, -0.8000, -8.749
6.720, -0.8000, -7.392
6.730, -0.8000, -10.03
6.740, -0.8000, -8.187
6.750, -0.8000, -10.21
6.760, -0.8000, -9.048
6.770, -0.8000, -9.095
6.780, -0.8000, -8.587
6.790, -0.8000, -8.717
6.800, -0.8000, -9.756
6.810, -0.8000, -7.919
6.820, -0.8000, -7.946
6.830, -0.8000, -8.509
6.840, -0.8000, -9.886
6.850, -0.8000, -7.473
6.860, -0.8000, -9.368
6.870, -0.8000, -10.33
6.880, -0.8000, -8.778
6.890, -0.8000, -7.633
6.900, -0.8000, -9.024
6.910, -0.8000, -9.240
6.920, -0.8000, -10.17
6.930, -0.8000, -8.658
6.940, -0.8000, -7.911
6.950, -0.8000, -10.41
6.960, -0.8000, -8.551
6.970, -0.8000, -8.933
6.980, -0.8000, -9.295
6.990, -0.8000, -8.556
7.000, -0.8000, -8.370
7.010, -0.8000, -8.739
7.020, -0.8000, -8.375
7.030, -0.8000, -9.087
7.040, -0.8000, -8.197
7.050, -0.8000, -7.473
7.060, -0.8000, -10.50
7.070, -0.8000, -7.715
7.080, -0.8000, -8.925
7.090, -0.8000, -8.437
7.100, -0.8000, -8.375
7.110, -0.8000, -9.264
7.120, -0.8000, -8.115
7.130, -0.8000, -9.133
7.140, -0.8000, -10.71
7.150, -0.8000, -8.596
7.160, -0.8000, -7.898
7.170, -0.8000, -9.179
7.180, -0.8000, -9.326
7.190, -0.8000, -8.004
7.200, -0.8000, -8.217
7.210, -0.8000, -8.783
7.220, -0.8000, -9.732
7.230, -0.8000, -7.715
7.240, -0.8000, -8.424
7.250, -0.8000, -10.24
7.260, -0.8000, -6.868
7.270, -0.8000, -7.662
7.280, -0.8000, -9.647
7.290, -0.8000, -9.735
7.300, -0.8000, -7.158
7.310, -0.8000, -8.759
7.320, -0.8000, -7.878
7.330, -0.8000, -8.755
7.340, -0.8000, -7.612
7.350, -0.8000, -8.585
7.360, -0.8000, -9.598
7.370, -0.8000, -8.151
7.380, -0.8000, -8.199
7.390, -0.8000, -9.325
7.400, -0.8000, -8.131
7.410, -0.8000, -8.753
7.420, -0.8000, -9.503
7.430, -0.8000, -9.672
7.440, -0.8000, -8.220
7.450, -0.8000, -9.158
7.460, -0.8000, -8.844
7.470, -0.8000, -8.440
7.480, -0.8000, -8.844
7.490, -0.8000, -8.680
7.500, -0.8000, -9.024
7.510, -0.8000, -9.346
7.520, -0.8000, -9.668
7.530, -0.8000, -8.208
7.540, -0.8000, -8.375
7.550, -0.8000, -8.675
7.560, -0.8000, -9.263
7.570, -0.8000, -8.278
7.580, -0.8000, -8.592
7.590, -0.8000, -9.810
7.600, -0.8000, -7.387
7.610, -0.8000, -7.953
7.620, -0.8000, -9.096
7.630, -0.8000, -7.386
7.640, -0.8000, -7.811
7.650, -0.8000, -9.537
7.660, -0.8000, -8.232
7.670, -0.8000, -7.582
7.680, -0.8000, -7.730
7.690, -0.8000, -8.101
7.700, -0.8000, -8.243
7.710, -0.8000, -9.574
7.720, -0.8000, -8.261
7.730, -0.8000, -8.041
7.740, -0.8000, -10.13
7.750, -0.8000, -7.869
7.760, -0.8000, -8.479
7.770, -0.8000, -10.46
7.780, -0.8000, -7.454
7.790, -0.8000, -8.570
7.800, -0.8000, -8.880
7.810, -0.8000, -8.309
7.820, -0.8000, -8.692
7.830, -0.8000, -8.368
7.840, -0.8000, -7.829
7.850, -0.8000, -9.462
7.860, -0.8000, -7.948
7.870, -0.8000, -7.653
7.880, -0.8000, -8.141
7.890, -0.8000, -9.220
7.900, -0.8000, -8.629
7.910, -0.8000, -9.031
7.920, -0.8000, -8.162
7.930, -0.8000, -8.844
7.940, -0.8000, -8.713
7.950, -0.8000, -8.812
7.960, -0.8000, -9.041
7.970, -0.8000, -8.924
7.980, -0.8000, -8.673
7.990, -0.8000, -9.179
8.000, -0.8000, -8.408
8.010, -0.8000, -9.457
8.020, -0.8000, -9.618
8.030, -0.8000, -8.842
8.040, -0.8000, -8.050
8.050, -0.8000, -8.843
8.060, -0.8000, -7.880
8.070, -0.8000, -8.118
8.080, -0.8000, -10.35
8.090, -0.8000, -8.015
8.100, -0.8000, -7.985
8.110, -0.8000, -9.984
8.120, -0.8000, -7.625
8.130, -0.8000, -8.177
8.140, -0.8000, -9.938
8.150, -0.8000, -8.942
8.160, -0.8000, -8.508
8.170, -0.8000, -10.11
8.180, -0.8000, -7.839
8.190, -0.8000, -8.896
8.200, -0.8000, -10.21
8.210, -0.8000, -7.834
8.220, -0.8000, -8.148
8.230, -0.8000, -8.958
8.240, -0.8000, -7.419
8.250, -0.8000, -7.820
8.260, -0.8000, -9.316
8.270, -0.8000, -7.290
8.280, -0.8000, -7.680
8.290, -0.8000, -9.380
8.300, -0.8000, -8.571
8.310, -0.8000, -8.886
8.320, -0.8000, -9.592
8.330, -0.8000, -7.792
8.340, -0.8000, -8.286
8.350, -0.8000, -9.755
8.360, -0.8000, -8.040
8.370, -0.8000, -8.788
8.380, -0.8000, -9.759
8.390, -0.8000, -9.384
8.400, -0.8000, -8.459
8.410, -0.8000, -7.540
8.420, -0.8000, -8.115
8.430, -0.8000, -9.563
8.440, -0.8000, -8.574
8.450, -0.8000, -8.018
8.460, -0.8000, -9.434
8.470, -0.8000, -8.563
8.480, -0.8000, -9.164
8.490, -0.8000, -9.530
8.500, -0.8000, -8.311
8.510, -0.8000, -8.230
8.520, -0.8000, -7.847
8.530, -0.8000, -9.148
8.540, -0.8000, -8.514
8.550, -0.8000, -8.750
8.560, -0.8000, -8.646
8.570, -0.8000, -9.253
8.580, -0.8000, -8.000
8.590, -0.8000, -9.301
8.600, -0.8000, -9.707
8.610, -0.8000, -9.634
8.620, -0.8000, -8.486
8.630, -0.8000, -8.695
8.640, -0.8000, -9.248
8.650, -0.8000, -8.098
8.660, -0.8000, -8.072
8.670, -0.8000, -8.926
8.680, -0.8000, -7.848
8.690, -0.8000, -8.963
8.700, -0.8000, -8.808
8.710, -0.8000, -8.487
8.720, -0.8000, -8.561
8.730, -0.8000, -9.148
8.740, -0.8000, -8.441
8.750, -0.8000, -7.422
8.760, -0.8000, -9.150
8.770, -0.8000, -7.618
8.780, -0.8000, -8.886
8.790, -0.8000, -8.253
8.800, -0.8000, -8.698
8.810, -0.8000, -10.03
8.820, -0.8000, -8.319
8.830, -0.8000, -8.905
8.840, -0.8000, -8.287
8.850, -0.8000, -8.094
8.860, -0.8000, -9.083
8.870, -0.8000, -9.319
8.880, -0.8000, -8.104
8.890, -0.8000, -8.256
8.900, -0.8000, -8.318
8.910, -0.8000, -9.117
8.920, -0.8000, -8.230
8.930, -0.8000, -9.052
8.940, -0.8000, -9.670
8.950, -0.8000, -8.548
8.960, -0.8000, -8.195
8.970, -0.8000, -9.005
8.980, -0.8000, -8.079
8.990, -0.8000, -8.366
9.000, -0.8000, -10.01
9.010, -0.8000, -8.379
9.020, -0.8000, -8.188
9.030, -0.8000, -10.07
9.040, -0.8000, -8.004
9.050, -0.8000, -8.013
9.060, -0.8000, -9.586
9.070, -0.8000, -7.658
9.080, -0.8000, -7.682
9.090, -0.8000, -8.874
9.100, -0.8000, -8.135
9.110, -0.8000, -7.586
9.120, -0.8000, -8.520
9.130, -0.8000, -8.138
9.140, -0.8000, -8.865
9.150, -0.8000, -8.863
9.160, -0.8000, -9.780
9.170, -0.8000, -8.150
9.180, -0.8000, -8.973
9.190, -0.8000, -9.340
9.200, -0.8000, -8.034
9.210, -0.8000, -7.312
9.220, -0.8000, -8.809
9.230, -0.8000, -8.592
9.240, -0.8000, -7.958
9.250, -0.8000, -9.432
9.260, -0.8000, -7.803
9.270, -0.8000, -8.857
9.280, -0.8000, -8.749
9.290, -0.8000, -10.44
9.300, -0.8000, -10.19
9.310, -0.8000, -9.113
9.320, -0.8000, -9.763
9.330, -0.8000, -7.899
9.340, -0.8000, -9.400
9.350, -0.8000, -8.772
9.360, -0.8000, -8.086
9.370, -0.8000, -8.090
9.380, -0.8000, -9.072
9.390, -0.8000, -8.329
9.400, -0.8000, -7.118
9.410, -0.8000, -8.641
9.420, -0.8000, -7.984
9.430, -0.8000, -8.490
9.440, -0.8000, -8.755
9.450, -0.8000, -8.341
9.460, -0.8000, -8.333
9.470, -0.8000, -8.767
9.480, -0.8000, -8.618
9.490, -0.8000, -8.307
9.500, -0.8000, -9.033
9.510, -0.8000, -9.228
9.520, -0.8000, -7.101
9.530, -0.8000, -8.879
9.540, -0.8000, -9.140
9.550, -0.8000, -8.341
9.560, -0.8000, -8.481
9.570, -0.8000, -8.736
9.580, -0.8000, -7.493
9.590, -0.8000, -8.467
9.600, -0.8000, -9.025
9.610, -0.8000, -8.785
9.620, -0.8000, -8.198
9.630, -0.8000, -9.282
9.640, -0.8000, -8.554
9.650, -0.8000, -8.900
9.660, -0.8000, -7.927
9.670, -0.8000, -8.137
9.680, -0.8000, -8.991
9.690, -0.8000, -8.989
9.700, -0.8000, -8.139
9.710, -0.8000, -8.731
9.720, -0.8000, -7.308
9.730, -0.8000, -7.779
9.740, -0.8000, -8.483
9.750, -0.8000, -7.765
9.760, -0.8000, -8.660
9.770, -0.8000, -8.005
9.780, -0.8000, -8.017
9.790, -0.8000, -8.781
9.800, -0.8000, -7.871
9.810, -0.8000, -8.119
9.820, -0.8000, -8.100
9.830, -0.8000, -7.894
9.840, -0.8000, -8.035
9.850, -0.8000, -9.091
9.860, -0.8000, -9.557
9.870, -0.8000, -7.898
9.880, -0.8000, -8.334
9.890, -0.8000, -9.311
9.900, -0.8000, -8.265
9.910, -0.8000, -8.151
9.920, -0.8000, -9.588
9.930, -0.8000, -8.549
9.940, -0.8000, -8.206
9.950, -0.8000, -9.221
9.960, -0.8000, -8.423
9.970, -0.8000, -8.085
9.980, -0.8000, -8.609
9.990, -0.8000, -8.282
10.00, -0.8000, -7.941
10.01, -0.8000, -7.923
10.02, -0.8000, -7.790
10.03, -0.8000, -8.908
10.04, -0.8000, -7.507
10.05, -0.8000, -8.245
10.06, -0.8000, -8.466
10.07, -0.8000, -8.422
10.08, -0.8000, -8.302
10.09, -0.8000, -9.311
10.10, -0.8000, -7.176
10.11, -0.8000, -7.312
10.12, -0.8000, -9.650
10.13, -0.8000, -7.838
10.14, -0.8000, -8.409
10.15, -0.8000, -8.105
10.16, -0.8000, -9.204
10.17, -0.8000, -7.341
10.18, -0.8000, -8.764
10.19, -0.8000, -8.470
10.20, -0.8000, -7.830
10.21, -0.8000, -9.253
10.22, -0.8000, -8.673
10.23, -0.8000, -7.629
10.24, -0.8000, -9.273
10.25, -0.8000, -7.191
10.26, -0.8000, -8.020
10.27, -0.8000, -9.511
10.28, -0.8000, -8.385
10.29, -0.8000, -8.978
10.30, -0.8000, -8.680
10.31, -0.8000, -7.600
10.32, -0.8000, -7.759
10.33, -0.8000, -8.856
10.34, -0.8000, -7.992
10.35, -0.8000, -7.746
10.36, -0.8000, -9.485
10.37, -0.8000, -8.158
10.38, -0.8000, -7.995
10.39, -0.8000, -10.03
10.40, -0.8000, -8.395
10.41, -0.8000, -7.859
10.42, -0.8000, -10.01
10.43, -0.8000, -8.007
10.44, -0.8000, -7.272
10.45, -0.8000, -9.306
10.46, -0.8000, -8.875
10.47, -0.8000, -7.671
10.48, -0.8000, -9.233
10.49, -0.8000, -9.373
10.50, -0.8000, -7.123
10.51, -0.8000, -9.693
10.52, -0.8000, -8.115
10.53, -0.8000, -7.829
10.54, -0.8000, -8.530
10.55, -0.8000, -8.454
10.56, -0.8000, -8.080
10.57, -0.8000, -8.601
10.58, -0.8000, -8.664
10.59, -0.8000, -7.516
10.60, -0.8000, -9.457
10.61, -0.8000, -8.402
10.62, -0.8000, -8.474
10.63, -0.8000, -8.023
10.64, -0.8000, -9.725
10.65, -0.8000, -7.851
10.66, -0.8000, -9.520
10.67, -0.8000, -7.241
10.68, -0.8000, -8.568
10.69, -0.8000, -8.559
10.70, -0.8000, -7.519
10.71, -0.8000, -8.168
10.72, -0.8000, -8.075
10.73, -0.8000, -8.047
10.74, -0.8000, -8.676
10.75, -0.8000, -7.733
10.76, -0.8000, -8.119
10.77, -0.8000, -8.592
10.78, -0.8000, -7.270
10.79, -0.8000, -8.073
10.80, -0.8000, -7.854
10.81, -0.8000, -7.738
10.82, -0.8000, -7.471
10.83, -0.8000, -8.864
10.84, -0.8000, -6.940
10.85, -0.8000, -8.013
10.86, -0.8000, -9.214
10.87, -0.8000, -8.204
10.88, -0.8000, -8.678
10.89, -0.8000, -8.994
10.90, -0.8000, -7.429
10.91, -0.8000, -7.901
10.92, -0.8000, -9.022
10.93, -0.8000, -7.374
10.94, -0.8000, -8.328
10.95, -0.8000, -8.756
10.96, -0.8000, -7.993
10.97, -0.8000, -7.266
10.98, -0.8000, -10.36
10.99, -0.8000, -8.055
11.00, -0.8000, -8.201
11.01, -0.8000, -8.330
11.02, -0.8000, -8.934
11.03, -0.8000, -7.598
11.04, -0.8000, -8.959
11.05, -0.8000, -8.093
11.06, -0.8000, -7.492
11.07, -0.8000, -9.007
11.08, -0.8000, -7.952
11.09, -0.8000, -8.498
11.10, -0.8000, -8.702
11.11, -0.8000, -7.987
11.12, -0.8000, -7.961
11.13, -0.8000, -8.591
11.14, -0.8000, -8.734
11.15, -0.8000, -8.000
11.16, -0.8000, -8.344
11.17, -0.8000, -7.889
11.18, -0.8000, -8.595
11.19, -0.8000, -9.294
11.20, -0.8000, -8.825
11.21, -0.8000, -8.582
11.22, -0.8000, -8.705
11.23, -0.8000, -7.964
11.24, -0.8000, -8.626
11.25, -0.8000, -8.152
11.26, -0.8000, -6.938
11.27, -0.8000, -8.585
11.28, -0.8000, -8.099
11.29, -0.8000, -8.092
11.30, -0.8000, -7.413
11.31, -0.8000, -9.136
11.32, -0.8000, -8.649
11.33, -0.8000, -8.220
11.34, -0.8000, -9.329
11.35, -0.8000, -7.903
11.36, -0.8000, -8.188
11.37, -0.8000, -8.726
11.38, -0.8000, -8.218
11.39, -0.8000, -8.680
11.40, -0.8000, -8.183
11.41, -0.8000, -8.226
11.42, -0.8000, -8.214
11.43, -0.8000, -7.898
11.44, -0.8000, -7.240
11.45, -0.8000, -8.963
11.46, -0.8000, -8.266
11.47, -0.8000, -8.080
11.48, -0.8000, -9.014
11.49, -0.8000, -8.317
11.50, -0.8000, -7.731
11.51, -0.8000, -7.927
11.52, -0.8000, -7.782
11.53, -0.8000, -7.219
11.54, -0.8000, -9.481
11.55, -0.8000, -9.747
11.56, -0.8000, -8.473
11.57, -0.8000, -8.980
11.58, -0.8000, -8.815
11.59, -0.8000, -9.178
11.60, -0.8000, -7.918
11.61, -0.8000, -9.196
11.62, -0.8000, -8.260
11.63, -0.8000, -6.550
11.64, -0.8000, -10.08
11.65, -0.8000, -7.500
11.66, -0.8000, -7.238
11.67, -0.8000, -9.476
11.68, -0.8000, -8.176
11.69, -0.8000, -7.780
11.70, -0.8000, -7.894
11.71, -0.8000, -8.980
11.72, -0.8000, -7.654
11.73, -0.8000, -7.618
11.74, -0.8000, -9.297
11.75, -0.8000, -7.384
11.76, -0.8000, -6.934
11.77, -0.8000, -9.809
11.78, -0.8000, -7.351
11.79, -0.8000, -7.796
11.80, -0.8000, -8.972
11.81, -0.8000, -7.200
11.82, -0.8000, -8.736
11.83, -0.8000, -9.225
11.84, -0.8000, -9.108
11.85, -0.8000, -8.513
11.86, -0.8000, -7.118
11.87, -0.8000, -8.755
11.88, -0.8000, -7.833
11.89, -0.8000, -8.050
11.90, -0.8000, -8.762
11.91, -0.8000, -7.847
11.92, -0.8000, -7.179
11.93, -0.8000, -9.857
11.94, -0.8000, -7.144
11.95, -0.8000, -7.181
11.96, -0.8000, -9.016
11.97, -0.8000, -8.010
11.98, -0.8000, -7.612
11.99, -0.8000, -8.266
12.00, -0.8000, -7.483
12.01, -0.8000, -10.15
12.02, -0.8000, -7.546
12.03, -0.8000, -7.396
12.04, -0.8000, -8.426
12.05, -0.8000, -8.648
12.06, -0.8000, -8.074
12.07, -0.8000, -8.148
12.08, -0.8000, -8.530
12.09, -0.8000, -7.878
12.10, -0.8000, -8.290
12.11, -0.8000, -7.155
12.12, -0.8000, -9.230
12.13, -0.8000, -8.805
12.14, -0.8000, -7.410
12.15, -0.8000, -7.767
12.16, -0.8000, -8.149
12.17, -0.8000, -9.090
12.18, -0.8000, -8.106
12.19, -0.8000, -8.143
12.20, -0.8000, -8.288
12.21, -0.8000, -5.989
12.22, -0.8000, -9.001
12.23, -0.8000, -8.695
12.24, -0.8000, -7.655
12.25, -0.8000, -6.719
12.26, -0.8000, -8.736
12.27, -0.8000, -6.695
12.28, -0.8000, -7.678
12.29, -0.8000, -9.927
12.30, -0.8000, -6.852
12.31, -0.8000, -8.341
12.32, -0.8000, -8.683
12.33, -0.8000, -7.968
12.34, -0.8000, -7.360
12.35, -0.8000, -10.27
12.36, -0.8000, -6.677
12.37, -0.8000, -8.019
12.38, -0.8000, -9.168
12.39, -0.8000, -7.890
12.40, -0.8000, -8.370
12.41, -0.8000, -8.948
12.42, -0.8000, -7.216
12.43, -0.8000, -7.851
12.44, -0.8000, -9.510
12.45, -0.8000, -7.366
12.46, -0.8000, -6.808
12.47, -0.8000, -9.100
12.48, -0.8000, -6.927
12.49, -0.8000, -7.766
12.50, -0.8000, -9.337
12.51, -0.8000, -8.207
12.52, -0.8000, -7.899
12.53, -0.8000, -8.368
12.54, -0.8000, -8.274
12.55, -0.8000, -7.780
12.56, -0.8000, -8.268
12.57, -0.8000, -7.996
12.58, -0.8000, -6.807
12.59, -0.8000, -8.182
12.60, -0.8000, -7.664
12.61, -0.8000, -10.38
12.62, -0.8000, -8.238
12.63, -0.8000, -8.416
12.64, -0.8000, -9.139
12.65, -0.8000, -8.547
12.66, -0.8000, -8.555
12.67, -0.8000, -8.212
12.68, -0.8000, -7.896
12.69, -0.8000, -8.098
12.70, -0.8000, -7.526
12.71, -0.8000, -7.431
12.72, -0.8000, -8.408
12.73, -0.8000, -8.164
12.74, -0.8000, -7.739
12.75, -0.8000, -8.664
12.76, -0.8000, -7.124
12.77, -0.8000, -8.416
12.78, -0.8000, -9.308
12.79, -0.8000, -7.111
12.80, -0.8000, -8.359
12.81, -0.8000, -8.666
12.82, -0.8000, -7.446
12.83, -0.8000, -8.441
12.84, -0.8000, -8.037
12.85, -0.8000, -7.534
12.86, -0.8000, -8.375
12.87, -0.8000, -8.136
12.88, -0.8000, -8.269
12.89, -0.8000, -8.073
12.90, -0.8000, -6.844
12.91, -0.8000, -8.026
12.92, -0.8000, -8.269
12.93, -0.8000, -7.864
12.94, -0.8000, -8.798
12.95, -0.8000, -8.507
12.96, -0.8000, -8.181
12.97, -0.8000, -8.818
12.98, -0.8000, -6.815
12.99, -0.8000, -8.748
13.00, -0.8000, -9.440
13.01, -0.8000, -7.260
13.02, -0.8000, -7.899
13.03, -0.8000, -8.741
13.04, -0.8000, -7.729
13.05, -0.8000, -8.558
13.06, -0.8000, -8.115
13.07, -0.8000, -7.755
13.08, -0.8000, -8.354
13.09, -0.8000, -7.572
13.10, -0.8000, -7.194
13.11, -0.8000, -7.633
13.12, -0.8000, -9.028
13.13, -0.8000, -7.681
13.14, -0.8000, -8.365
13.15, -0.8000, -8.726
13.16, -0.8000, -7.497
13.17, -0.8000, -8.295
13.18, -0.8000, -6.668
13.19, -0.8000, -8.772
13.20, -0.8000, -7.455
13.21, -0.8000, -7.137
13.22, -0.8000, -8.355
13.23, -0.8000, -8.842
13.24, -0.8000, -7.593
13.25, -0.8000, -7.617
13.26, -0.8000, -8.633
13.27, -0.8000, -7.637
13.28, -0.8000, -8.358
13.29, -0.8000, -8.197
13.30, -0.8000, -7.727
13.31, -0.8000, -7.413
13.32, -0.8000, -7.087
13.33, -0.8000, -8.157
13.34, -0.8000, -7.501
13.35, -0.8000, -8.115
13.36, -0.8000, -8.184
13.37, -0.8000, -6.946
13.38, -0.8000, -9.050
13.39, -0.8000, -8.662
13.40, -0.8000, -7.886
13.41, -0.8000, -7.746
13.42, -0.8000, -7.808
13.43, -0.8000, -7.570
13.44, -0.8000, -7.091
13.45, -0.8000, -8.823
13.46, -0.8000, -7.693
13.47, -0.8000, -6.989
13.48, -0.8000, -8.994
13.49, -0.8000, -8.504
13.50, -0.8000, -7.658
13.51, -0.8000, -8.789
13.52, -0.8000, -8.755
13.53, -0.8000, -7.683
13.54, -0.8000, -9.099
13.55, -0.8000, -8.055
13.56, -0.8000, -7.393
13.57, -0.8000, -8.521
13.58, -0.8000, -7.030
13.59, -0.8000, -8.062
13.60, -0.8000, -9.181
13.61, -0.8000, -6.388
13.62, -0.8000, -8.239
13.63, -0.8000, -7.503
13.64, -0.8000, -8.031
13.65, -0.8000, -7.896
13.66, -0.8000, -8.275
13.67, -0.8000, -8.782
13.68, -0.8000, -8.084
13.69, -0.8000, -8.614
13.70, -0.8000, -8.586
13.71, -0.8000, -7.378
13.72, -0.8000, -7.773
13.73, -0.8000, -9.109
13.74, -0.8000, -7.645
13.75, -0.8000, -7.254
13.76, -0.8000, -8.683
13.77, -0.8000, -7.533
13.78, -0.8000, -7.565
13.79, -0.8000, -8.953
13.80, -0.8000, -8.370
13.81, -0.8000, -8.341
13.82, -0.8000, -8.007
13.83, -0.8000, -7.239
13.84, -0.8000, -7.669
13.85, -0.8000, -8.422
13.86, -0.8000, -9.344
13.87, -0.8000, -7.463
13.88, -0.8000, -8.318
13.89, -0.8000, -8.953
13.90, -0.8000, -7.199
13.91, -0.8000, -8.038
13.92, -0.8000, -8.545
13.93, -0.8000, -6.691
13.94, -0.8000, -7.339
13.95, -0.8000, -8.323
13.96, -0.8000, -7.280
13.97, -0.8000, -8.254
13.98, -0.8000, -8.744
13.99, -0.8000, -7.258
14.00, -0.8000, -8.258
14.01, -0.8000, -8.631
14.02, -0.8000, -6.984
14.03, -0.8000, -7.059
14.04, -0.8000, -9.194
14.05, -0.8000, -7.117
14.06, -0.8000, -8.463
14.07, -0.8000, -8.505
14.08, -0.8000, -7.032
14.09, -0.8000, -6.507
14.10, -0.8000, -9.722
14.11, -0.8000, -8.223
14.12, -0.8000, -8.487
14.13, -0.8000, -9.458
14.14, -0.8000, -6.961
14.15, -0.8000, -7.953
14.16, -0.8000, -9.247
14.17, -0.8000, -7.105
14.18, -0.8000, -8.185
14.19, -0.8000, -8.177
14.20, -0.8000, -7.561
14.21, -0.8000, -8.085
14.22, -0.8000, -7.853
14.23, -0.8000, -7.684
14.24, -0.8000, -7.956
14.25, -0.8000, -7.395
14.26, -0.8000, -7.712
14.27, -0.8000, -8.316
14.28, -0.8000, -8.043
14.29, -0.8000, -8.026
14.30, -0.8000, -8.458
14.31, -0.8000, -7.011
14.32, -0.8000, -7.237
14.33, -0.8000, -8.006
14.34, -0.8000, -7.279
14.35, -0.8000, -7.756
14.36, -0.8000, -8.037
14.37, -0.8000, -7.115
14.38, -0.8000, -7.810
14.39, -0.8000, -8.445
14.40, -0.8000, -7.739
14.41, -0.8000, -7.378
14.42, -0.8000, -9.196
14.43, -0.8000, -8.398
14.44, -0.8000, -7.345
14.45, -0.8000, -8.945
14.46, -0.8000, -7.313
14.47, -0.8000, -8.158
14.48, -0.8000, -8.230
14.49, -0.8000, -7.669
14.50, -0.8000, -7.643
14.51, -0.8000, -8.124
14.52, -0.8000, -7.384
14.53, -0.8000, -9.177
14.54, -0.8000, -7.693
14.55, -0.8000, -7.816
14.56, -0.8000, -8.178
14.57, -0.8000, -7.480
14.58, -0.8000, -7.223
14.59, -0.8000, -8.426
14.60, -0.8000, -7.920
14.61, -0.8000, -7.588
14.62, -0.8000, -7.597
14.63, -0.8000, -8.101
14.64, -0.8000, -8.100
14.65, -0.8000, -8.815
14.66, -0.8000, -8.711
14.67, -0.8000, -9.002
14.68, -0.8000, -8.199
14.69, -0.8000, -8.393
14.70, -0.8000, -8.366
14.71, -0.8000, -7.821
14.72, -0.8000, -7.588
14.73, -0.8000, -9.006
14.74, -0.8000, -7.796
14.75, -0.8000, -8.236
14.76, -0.8000, -8.826
14.77, -0.8000, -7.642
14.78, -0.8000, -7.826
14.79, -0.8000, -8.198
14.80, -0.8000, -6.486
14.81, -0.8000, -7.922
14.82, -0.8000, -8.882
14.83, -0.8000, -7.531
14.84, -0.8000, -7.609
14.85, -0.8000, -9.861
14.86, -0.8000, -7.929
14.87, -0.8000, -7.695
14.88, -0.8000, -8.956
14.89, -0.8000, -7.792
14.90, -0.8000, -7.979
14.91, -0.8000, -8.022
14.92, -0.8000, -7.394
14.93, -0.8000, -8.488
14.94, -0.8000, -7.064
14.95, -0.8000, -7.564
14.96, -0.8000, -7.672
14.97, -0.8000, -8.478
14.98, -0.8000, -8.050
14.99, -0.8000, -9.425
15.00, -0.8000, -7.222
15.01, -0.8000, -7.073
15.02, -0.8000, -7.803
15.03, -0.8000, -6.772
15.04, -0.8000, -9.243
15.05, -0.8000, -8.397
15.06, -0.8000, -7.293
15.07, -0.8000, -7.307
15.08, -0.8000, -8.131
15.09, -0.8000, -7.257
15.10, -0.8000, -7.121
15.11, -0.8000, -7.502
15.12, -0.8000, -8.181
15.13, -0.8000, -7.806
15.14, -0.8000, -9.031
15.15, -0.8000, -7.185
15.16, -0.8000, -7.979
15.17, -0.8000, -8.064
15.18, -0.8000, -7.197
15.19, -0.8000, -7.248
15.20, -0.8000, -7.333
15.21, -0.8000, -8.175
15.22, -0.8000, -8.023
15.23, -0.8000, -7.900
15.24, -0.8000, -8.372
15.25, -0.8000, -7.329
15.26, -0.8000, -7.779
15.27, -0.8000, -8.367
15.28, -0.8000, -8.035
15.29, -0.8000, -7.976
15.30, -0.8000, -8.061
15.31, -0.8000, -8.080
15.32, -0.8000, -7.518
15.33, -0.8000, -8.859
15.34, -0.8000, -7.399
15.35, -0.8000, -8.059
15.36, -0.8000, -10.65
15.37, -0.8000, -8.105
15.38, -0.8000, -7.037
15.39, -0.8000, -7.881
15.40, -0.8000, -7.795
15.41, -0.8000, -7.404
15.42, -0.8000, -9.045
15.43, -0.8000, -7.127
15.44, -0.8000, -7.714
15.45, -0.8000, -8.267
15.46, -0.8000, -7.664
15.47, -0.8000, -7.365
15.48, -0.8000, -9.495
15.49, -0.8000, -8.694
15.50, -0.8000, -8.922
15.51, -0.8000, -8.685
15.52, -0.8000, -7.786
15.53, -0.8000, -7.825
15.54, -0.8000, -8.197
15.55, -0.8000, -8.839
15.56, -0.8000, -8.376
15.57, -0.8000, -8.259
15.58, -0.8000, -7.314
15.59, -0.8000, -8.302
15.60, -0.8000, -7.980
15.61, -0.8000, -7.266
15.62, -0.8000, -7.293
15.63, -0.8000, -8.521
15.64, -0.8000, -7.817
15.65, -0.8000, -7.578
15.66, -0.8000, -7.533
15.67, -0.8000, -7.337
15.68, -0.8000, -6.843
15.69, -0.8000, -7.401
15.70, -0.8000, -6.864
15.71, -0.8000, -6.999
15.72, -0.8000, -7.587
15.73, -0.8000, -7.311
15.74, -0.8000, -8.983
15.75, -0.8000, -7.336
15.76, -0.8000, -8.146
15.77, -0.8000, -8.010
15.78, -0.8000, -6.256
15.79, -0.8000, -5.888
15.80, -0.8000, -6.705
15.81, -0.8000, -6.192
15.82, -0.8000, -6.537
15.83, -0.8000, -8.967
15.84, -0.8000, -6.768
15.85, -0.8000, -7.164
15.86, -0.8000, -7.604
15.87, -0.8000, -7.448
15.88, -0.8000, -9.080
15.89, -0.8000, -8.548
15.90, -0.8000, -6.949
15.91, -0.8000, -6.200
15.92, -0.8000, -7.925
15.93, -0.8000, -7.558
15.94, -0.8000, -8.624
15.95, -0.8000, -7.592
15.96, -0.8000, -7.236
15.97, -0.8000, -7.403
15.98, -0.8000, -7.498
15.99, -0.8000, -7.947
16.00, -0.8000, -7.162
16.01, -0.8000, -7.906
16.02, -0.8000, -7.710
16.03, -0.8000, -7.034
16.04, -0.8000, -8.624
16.05, -0.8000, -7.734
16.06, -0.8000, -7.615
16.07, -0.8000, -7.651
16.08, -0.8000, -7.806
16.09, -0.8000, -8.266
16.10, -0.8000, -7.250
16.11, -0.8000, -7.248
16.12, -0.8000, -7.053
16.13, -0.8000, -8.770
16.14, -0.8000, -6.773
16.15, -0.8000, -7.327
16.16, -0.8000, -8.934
16.17, -0.8000, -7.198
16.18, -0.8000, -7.217
16.19, -0.8000, -7.750
16.20, -0.8000, -7.228
16.21, -0.8000, -8.176
16.22, -0.8000, -7.742
16.23, -0.8000, -7.754
16.24, -0.8000, -7.145
16.25, -0.8000, -8.744
16.26, -0.8000, -6.773
16.27, -0.8000, -7.982
16.28, -0.8000, -8.644
16.29, -0.8000, -6.501
16.30, -0.8000, -6.711
16.31, -0.8000, -7.965
16.32, -0.8000, -6.707
16.33, -0.8000, -6.416
16.34, -0.8000, -8.130
16.35, -0.8000, -6.940
16.36, -0.8000, -6.900
16.37, -0.8000, -8.344
16.38, -0.8000, -7.904
16.39, -0.8000, -7.146
16.40, -0.8000, -8.210
16.41, -0.8000, -7.265
16.42, -0.8000, -7.487
16.43, -0.8000, -8.486
16.44, -0.8000, -7.425
16.45, -0.8000, -6.783
16.46, -0.8000, -7.979
16.47, -0.8000, -7.989
16.48, -0.8000, -6.657
16.49, -0.8000, -8.417
16.50, -0.8000, -7.451
16.51, -0.8000, -7.167
16.52, -0.8000, -8.964
16.53, -0.8000, -6.839
16.54, -0.8000, -7.367
16.55, -0.8000, -6.512
16.56, -0.8000, -7.818
16.57, -0.8000, -7.036
16.58, -0.8000, -6.993
16.59, -0.8000, -7.232
16.60, -0.8000, -8.881
16.61, -0.8000, -6.659
16.62, -0.8000, -7.446
16.63, -0.8000, -8.887
16.64, -0.8000, -7.417
16.65, -0.8000, -7.633
16.66, -0.8000, -7.324
16.67, -0.8000, -7.186
16.68, -0.8000, -8.495
16.69, -0.8000, -7.666
16.70, -0.8000, -7.705
16.71, -0.8000, -8.455
16.72, -0.8000, -8.921
16.73, -0.8000, -7.994
16.74, -0.8000, -6.399
16.75, -0.8000, -7.678
16.76, -0.8000, -8.220
16.77, -0.8000, -7.170
16.78, -0.8000, -6.961
16.79, -0.8000, -8.472
16.80, -0.8000, -6.575
16.81, -0.8000, -7.308
16.82, -0.8000, -8.394
16.83, -0.8000, -7.148
16.84, -0.8000, -7.756
16.85, -0.8000, -7.674
16.86, -0.8000, -6.824
16.87, -0.8000, -7.554
16.88, -0.8000, -8.490
16.89, -0.8000, -8.125
16.90, -0.8000, -7.049
16.91, -0.8000, -7.621
16.92, -0.8000, -9.614
16.93, -0.8000, -6.344
16.94, -0.8000, -7.817
16.95, -0.8000, -7.947
16.96, -0.8000, -7.378
16.97, -0.8000, -7.658
16.98, -0.8000, -8.864
16.99, -0.8000, -6.831
17.00, -0.8000, -9.297
17.01, -0.8000, -8.524
17.02, -0.8000, -6.941
17.03, -0.8000, -8.000
17.04, -0.8000, -9.015
17.05, -0.8000, -7.316
17.06, -0.8000, -7.338
17.07, -0.8000, -8.559
17.08, -0.8000, -7.326
17.09, -0.8000, -6.607
17.10, -0.8000, -9.885
17.11, -0.8000, -7.246
17.12, -0.8000, -7.827
17.13, -0.8000, -8.036
17.14, -0.8000, -6.732
17.15, -0.8000, -7.535
17.16, -0.8000, -8.496
17.17, -0.8000, -7.655
17.18, -0.8000, -7.122
17.19, -0.8000, -7.436
17.20, -0.8000, -6.940
17.21, -0.8000, -7.921
17.22, -0.8000, -7.083
17.23, -0.8000, -8.261
17.24, -0.8000, -7.339
17.25, -0.8000, -7.359
17.26, -0.8000, -9.734
17.27, -0.8000, -6.683
17.28, -0.8000, -7.326
17.29, -0.8000, -8.128
17.30, -0.8000, -7.363
17.31, -0.8000, -7.167
17.32, -0.8000, -8.272
17.33, -0.8000, -7.261
17.34, -0.8000, -7.879
17.35, -0.8000, -8.375
17.36, -0.8000, -6.310
17.37, -0.8000, -8.985
17.38, -0.8000, -8.310
17.39, -0.8000, -7.476
17.40, -0.8000, -7.705
17.41, -0.8000, -7.679
17.42, -0.8000, -7.351
17.43, -0.8000, -6.299
17.44, -0.8000, -8.125
17.45, -0.8000, -6.219
17.46, -0.8000, -7.472
17.47, -0.8000, -8.935
17.48, -0.8000, -7.304
17.49, -0.8000, -7.303
17.50, -0.8000, -7.360
17.51, -0.8000, -7.131
17.52, -0.8000, -6.399
17.53, -0.8000, -8.206
17.54, -0.8000, -7.765
17.55, -0.8000, -7.241
17.56, -0.8000, -7.511
17.57, -0.8000, -6.877
17.58, -0.8000, -7.464
17.59, -0.8000, -8.499
17.60, -0.8000, -6.295
17.61, -0.8000, -6.898
17.62, -0.8000, -7.926
17.63, -0.8000, -7.373
17.64, -0.8000, -6.599
17.65, -0.8000, -7.674
17.66, -0.8000, -7.365
17.67, -0.8000, -7.490
17.68, -0.8000, -7.317
17.69, -0.8000, -8.455
17.70, -0.8000, -7.682
17.71, -0.8000, -7.367
17.72, -0.8000, -8.088
17.73, -0.8000, -6.631
17.74, -0.8000, -7.683
17.75, -0.8000, -9.465
17.76, -0.8000, -6.873
17.77, -0.8000, -8.688
17.78, -0.8000, -8.816
17.79, -0.8000, -6.721
17.80, -0.8000, -6.205
17.81, -0.8000, -6.878
17.82, -0.8000, -6.978
17.83, -0.8000, -8.491
17.84, -0.8000, -7.411
17.85, -0.8000, -6.636
17.86, -0.8000, -7.989
17.87, -0.8000, -7.134
17.88, -0.8000, -6.669
17.89, -0.8000, -7.569
17.90, -0.8000, -7.333
17.91, -0.8000, -8.069
17.92, -0.8000, -7.640
17.93, -0.8000, -7.244
17.94, -0.8000, -7.018
17.95, -0.8000, -7.748
17.96, -0.8000, -8.504
17.97, -0.8000, -7.616
17.98, -0.8000, -7.012
17.99, -0.8000, -7.617
18.00, -0.8000, -8.230
18.01, -0.8000, -7.945
18.02, -0.8000, -8.888
18.03, -0.8000, -7.883
18.04, -0.8000, -8.130
18.05, -0.8000, -7.358
18.06, -0.8000, -8.040
18.07, -0.8000, -6.129
18.08, -0.8000, -6.920
18.09, -0.8000, -8.230
18.10, -0.8000, -6.987
18.11, -0.8000, -7.216
18.12, -0.8000, -7.376
18.13, -0.8000, -7.046
18.14, -0.8000, -9.094
18.15, -0.8000, -7.994
18.16, -0.8000, -7.869
18.17, -0.8000, -7.794
18.18, -0.8000, -7.568
18.19, -0.8000, -7.440
18.20, -0.8000, -7.543
18.21, -0.8000, -7.801
18.22, -0.8000, -7.616
18.23, -0.8000, -7.966
18.24, -0.8000, -7.859
18.25, -0.8000, -7.641
18.26, -0.8000, -8.424
18.27, -0.8000, -8.289
18.28, -0.8000, -7.080
18.29, -0.8000, -7.377
18.30, -0.8000, -8.169
18.31, -0.8000, -7.492
18.32, -0.8000, -8.268
18.33, -0.8000, -7.505
18.34, -0.8000, -7.277
18.35, -0.8000, -7.598
18.36, -0.8000, -7.223
18.37, -0.8000, -8.334
18.38, -0.8000, -7.244
18.39, -0.8000, -6.231
18.40, -0.8000, -7.453
18.41, -0.8000, -6.244
18.42, -0.8000, -7.082
18.43, -0.8000, -9.808
18.44, -0.8000, -7.063
18.45, -0.8000, -8.142
18.46, -0.8000, -7.098
18.47, -0.8000, -6.257
18.48, -0.8000, -6.338
18.49, -0.8000, -7.043
18.50, -0.8000, -8.045
18.51, -0.8000, -7.709
18.52, -0.8000, -7.299
18.53, -0.8000, -8.077
18.54, -0.8000, -6.861
18.55, -0.8000, -6.959
18.56, -0.8000, -8.493
18.57, -0.8000, -7.472
18.58, -0.8000, -6.695
18.59, -0.8000, -7.536
18.60, -0.8000, -6.495
18.61, -0.8000, -8.064
18.62, -0.8000, -7.366
18.63, -0.8000, -6.443
18.64, -0.8000, -7.012
18.65, -0.8000, -7.741
18.66, -0.8000, -7.492
18.67, -0.8000, -7.477
18.68, -0.8000, -7.393
18.69, -0.8000, -7.080
18.70, -0.8000, -6.754
18.71, -0.8000, -6.785
18.72, -0.8000, -5.795
18.73, -0.8000, -6.804
18.74, -0.8000, -7.941
18.75, -0.8000, -5.919
18.76, -0.8000, -7.257
18.77, -0.8000, -7.295
18.78, -0.8000, -7.334
18.79, -0.8000, -7.442
18.80, -0.8000, -7.618
18.81, -0.8000, -7.645
18.82, -0.8000, -7.692
18.83, -0.8000, -6.870
18.84, -0.8000, -8.093
18.85, -0.8000, -7.241
18.86, -0.8000, -8.531
18.87, -0.8000, -9.149
18.88, -0.8000, -6.304
18.89, -0.8000, -6.193
18.90, -0.8000, -7.285
18.91, -0.8000, -6.343
18.92, -0.8000, -6.929
18.93, -0.8000, -9.319
18.94, -0.8000, -7.135
18.95, -0.8000, -6.750
18.96, -0.8000, -7.993
18.97, -0.8000, -6.171
18.98, -0.8000, -7.131
18.99, -0.8000, -7.461
19.00, -0.8000, -5.502
19.01, -0.8000, -7.357
19.02, -0.8000, -8.365
19.03, -0.8000, -6.574
19.04, -0.8000, -6.475
19.05, -0.8000, -7.649
19.06, -0.8000, -6.254
19.07, -0.8000, -7.072
19.08, -0.8000, -8.332
19.09, -0.8000, -6.316
19.10, -0.8000, -7.092
19.11, -0.8000, -8.542
19.12, -0.8000, -7.309
19.13, -0.8000, -7.083
19.14, -0.8000, -8.292
19.15, -0.8000, -6.615
19.16, -0.8000, -7.131
19.17, -0.8000, -8.279
19.18, -0.8000, -6.204
19.19, -0.8000, -7.194
19.20, -0.8000, -8.374
19.21, -0.8000, -6.724
19.22, -0.8000, -7.620
19.23, -0.8000, -6.771
19.24, -0.8000, -8.500
19.25, -0.8000, -7.002
19.26, -0.8000, -7.578
19.27, -0.8000, -7.232
19.28, -0.8000, -7.827
19.29, -0.8000, -7.088
19.30, -0.8000, -7.077
19.31, -0.8000, -7.491
19.32, -0.8000, -8.280
19.33, -0.8000, -7.149
19.34, -0.8000, -7.204
19.35, -0.8000, -7.905
19.36, -0.8000, -6.796
19.37, -0.8000, -7.201
19.38, -0.8000, -8.487
19.39, -0.8000, -6.698
19.40, -0.8000, -7.010
19.41, -0.8000, -7.076
19.42, -0.8000, -7.005
19.43, -0.8000, -7.798
19.44, -0.8000, -6.310
19.45, -0.8000, -7.141
19.46, -0.8000, -7.066
19.47, -0.8000, -7.977
19.48, -0.8000, -7.288
19.49, -0.8000, -8.052
19.50, -0.8000, -7.173
19.51, -0.8000, -7.313
19.52, -0.8000, -6.586
19.53, -0.8000, -7.486
19.54, -0.8000, -8.536
19.55, -0.8000, -8.661
19.56, -0.8000, -7.811
19.57, -0.8000, -7.249
19.58, -0.8000, -6.318
19.59, -0.8000, -7.489
19.60, -0.8000, -8.456
19.61, -0.8000, -5.532
19.62, -0.8000, -6.880
19.63, -0.8000, -8.170
19.64, -0.8000, -7.004
19.65, -0.8000, -7.807
19.66, -0.8000, -8.591
19.67, -0.8000, -5.943
19.68, -0.8000, -7.186
19.69, -0.8000, -6.558
19.70, -0.8000, -8.220
19.71, -0.8000, -7.033
19.72, -0.8000, -6.676
19.73, -0.8000, -7.507
19.74, -0.8000, -6.850
19.75, -0.8000, -6.987
19.76, -0.8000, -7.542
19.77, -0.8000, -7.724
19.78, -0.8000, -8.133
19.79, -0.8000, -7.162
19.80, -0.8000, -7.277
19.81, -0.8000, -8.162
19.82, -0.8000, -6.914
19.83, -0.8000, -7.542
19.84, -0.8000, -6.347
19.85, -0.8000, -7.617
19.86, -0.8000, -7.694
19.87, -0.8000, -6.826
19.88, -0.8000, -7.914
19.89, -0.8000, -6.347
19.90, -0.8000, -5.667
19.91, -0.8000, -7.437
19.92, -0.8000, -6.927
19.93, -0.8000, -7.112
19.94, -0.8000, -8.025
19.95, -0.8000, -6.601
19.96, -0.8000, -6.484
19.97, -0.8000, -6.854
19.98, -0.8000, -5.911
19.99, -0.8000, -7.547
20.00, -0.8000, -7.377
20.01, -0.8000, -5.616
20.02, -0.8000, -7.435
20.03, -0.8000, -7.007
20.04, -0.8000, -5.708
20.05, -0.8000, -7.680
20.06, -0.8000, -6.331
20.07, -0.8000, -7.779
20.08, -0.8000, -6.875
20.09, -0.8000, -7.692
20.10, -0.8000, -7.586
20.11, -0.8000, -7.867
20.12, -0.8000, -7.150
20.13, -0.8000, -7.317
20.14, -0.8000, -6.889
20.15, -0.8000, -7.651
20.16, -0.8000, -7.359
20.17, -0.8000, -8.140
20.18, -0.8000, -7.006
20.19, -0.8000, -7.506
20.20, -0.8000, -9.185
20.21, -0.8000, -6.528
20.22, -0.8000, -6.717
20.23, -0.8000, -8.006
20.24, -0.8000, -7.261
20.25, -0.8000, -8.014
20.26, -0.8000, -7.102
20.27, -0.8000, -6.773
20.28, -0.8000, -6.742
20.29, -0.8000, -6.887
20.30, -0.8000, -6.320
20.31, -0.8000, -7.031
20.32, -0.8000, -7.055
20.33, -0.8000, -6.928
20.34, -0.8000, -6.519
20.35, -0.8000, -6.766
20.36, -0.8000, -7.470
20.37, -0.8000, -6.305
20.38, -0.8000, -6.636
20.39, -0.8000, -7.247
20.40, -0.8000, -6.867
20.41, -0.8000, -6.782
20.42, -0.8000, -7.336
20.43, -0.8000, -7.717
20.44, -0.8000, -6.744
20.45, -0.8000, -7.852
20.46, -0.8000, -8.104
20.47, -0.8000, -7.256
20.48, -0.8000, -7.340
20.49, -0.8000, -9.180
20.50, -0.8000, -6.149
20.51, -0.8000, -6.080
20.52, -0.8000, -6.791
20.53, -0.8000, -7.550
20.54, -0.8000, -7.493
20.55, -0.8000, -6.519
20.56, -0.8000, -8.364
20.57, -0.8000, -6.383
20.58, -0.8000, -7.646
20.59, -0.8000, -8.072
20.60, -0.8000, -6.075
20.61, -0.8000, -7.893
20.62, -0.8000, -8.124
20.63, -0.8000, -6.668
20.64, -0.8000, -8.275
20.65, -0.8000, -6.459
20.66, -0.8000, -7.283
20.67, -0.8000, -6.798
20.68, -0.8000, -7.219
20.69, -0.8000, -8.390
20.70, -0.8000, -6.566
20.71, -0.8000, -7.138
20.72, -0.8000, -8.411
20.73, -0.8000, -7.684
20.74, -0.8000, -7.125
20.75, -0.8000, -6.482
20.76, -0.8000, -7.359
20.77, -0.8000, -6.632
20.78, -0.8000, -6.983
20.79, -0.8000, -7.224
20.80, -0.8000, -8.800
20.81, -0.8000, -6.929
20.82, -0.8000, -7.231
20.83, -0.8000, -7.877
20.84, -0.8000, -6.238
20.85, -0.8000, -6.925
20.86, -0.8000, -8.010
20.87, -0.8000, -7.839
20.88, -0.8000, -8.515
20.89, -0.8000, -6.692
20.90, -0.8000, -7.210
20.91, -0.8000, -6.246
20.92, -0.8000, -7.062
20.93, -0.8000, -7.331
20.94, -0.8000, -6.182
20.95, -0.8000, -6.959
20.96, -0.8000, -7.691
20.97, -0.8000, -7.032
20.98, -0.8000, -6.778
20.99, -0.8000, -6.512
21.00, -0.8000, -7.612
21.01, -0.8000, -7.430
21.02, -0.8000, -6.071
21.03, -0.8000, -7.728
21.04, -0.8000, -5.914
21.05, -0.8000, -6.502
21.06, -0.8000, -7.028
21.07, -0.8000, -7.311
21.08, -0.8000, -6.677
21.09, -0.8000, -7.216
21.10, -0.8000, -8.486
21.11, -0.8000, -6.657
21.12, -0.8000, -7.952
21.13, -0.8000, -7.308
21.14, -0.8000, -6.839
21.15, -0.8000, -6.499
21.16, -0.8000, -7.833
21.17, -0.8000, -8.631
21.18, -0.8000, -6.363
21.19, -0.8000, -7.009
21.20, -0.8000, -8.007
21.21, -0.8000, -6.231
21.22, -0.8000, -6.885
21.23, -0.8000, -7.652
21.24, -0.8000, -7.913
21.25, -0.8000, -5.943
21.26, -0.8000, -7.045
21.27, -0.8000, -7.572
21.28, -0.8000, -6.906
21.29, -0.8000, -8.133
21.30, -0.8000, -7.440
21.31, -0.8000, -7.591
21.32, -0.8000, -6.942
21.33, -0.8000, -6.454
21.34, -0.8000, -8.488
21.35, -0.8000, -6.388
21.36, -0.8000, -6.501
21.37, -0.8000, -6.824
21.38, -0.8000, -7.050
21.39, -0.8000, -6.380
21.40, -0.8000, -6.868
21.41, -0.8000, -6.683
21.42, -0.8000, -6.080
21.43, -0.8000, -6.582
21.44, -0.8000, -6.902
21.45, -0.8000, -7.682
21.46, -0.8000, -7.296
21.47, -0.8000, -5.511
21.48, -0.8000, -7.786
21.49, -0.8000, -6.496
21.50, -0.8000, -6.831
21.51, -0.8000, -6.336
21.52, -0.8000, -6.851
21.53, -0.8000, -6.485
21.54, -0.8000, -6.348
21.55, -0.8000, -7.409
21.56, -0.8000, -7.195
21.57, -0.8000, -6.256
21.58, -0.8000, -6.884
21.59, -0.8000, -8.310
21.60, -0.8000, -6.098
21.61, -0.8000, -6.570
21.62, -0.8000, -7.080
21.63, -0.8000, -7.684
21.64, -0.8000, -7.289
21.65, -0.8000, -7.448
21.66, -0.8000, -7.631
21.67, -0.8000, -7.132
21.68, -0.8000, -6.586
21.69, -0.8000, -7.095
21.70, -0.8000, -8.695
21.71, -0.8000, -6.778
21.72, -0.8000, -6.636
21.73, -0.8000, -8.445
21.74, -0.8000, -6.783
21.75, -0.8000, -7.389
21.76, -0.8000, -6.097
21.77, -0.8000, -5.684
21.78, -0.8000, -6.164
21.79, -0.8000, -7.362
21.80, -0.8000, -7.012
21.81, -0.8000, -5.010
21.82, -0.8000, -7.742
21.83, -0.8000, -7.116
21.84, -0.8000, -5.982
21.85, -0.8000, -6.508
21.86, -0.8000, -6.786
21.87, -0.8000, -6.353
21.88, -0.8000, -7.185
21.89, -0.8000, -6.578
21.90, -0.8000, -7.385
21.91, -0.8000, -6.950
21.92, -0.8000, -6.134
21.93, -0.8000, -5.472
21.94, -0.8000, -7.506
21.95, -0.8000, -6.203
21.96, -0.8000, -6.200
21.97, -0.8000, -8.310
21.98, -0.8000, -5.234
21.99, -0.8000, -7.124
22.00, -0.8000, -6.436
22.01, -0.8000, -7.216
22.02, -0.8000, -6.618
22.03, -0.8000, -6.602
22.04, -0.8000, -7.669
22.05, -0.8000, -5.883
22.06, -0.8000, -6.186
22.07, -0.8000, -6.420
22.08, -0.8000, -6.954
22.09, -0.8000, -6.608
22.10, -0.8000, -7.303
22.11, -0.8000, -7.100
22.12, -0.8000, -6.954
22.13, -0.8000, -6.804
22.14, -0.8000, -8.502
22.15, -0.8000, -6.152
22.16, -0.8000, -5.882
22.17, -0.8000, -6.295
22.18, -0.8000, -6.207
22.19, -0.8000, -7.441
22.20, -0.8000, -6.387
22.21, -0.8000, -6.725
22.22, -0.8000, -7.108
22.23, -0.8000, -6.013
22.24, -0.8000, -7.540
22.25, -0.8000, -5.517
22.26, -0.8000, -7.435
22.27, -0.8000, -7.901
22.28, -0.8000, -5.459
22.29, -0.8000, -6.807
22.30, -0.8000, -6.356
22.31, -0.8000, -7.718
22.32, -0.8000, -7.078
22.33, -0.8000, -6.091
22.34, -0.8000, -7.934
22.35, -0.8000, -7.030
22.36, -0.8000, -7.139
22.37, -0.8000, -8.549
22.38, -0.8000, -6.962
22.39, -0.8000, -6.507
22.40, -0.8000, -7.335
22.41, -0.8000, -6.565
22.42, -0.8000, -6.382
22.43, -0.8000, -6.035
22.44, -0.8000, -8.382
22.45, -0.8000, -6.350
22.46, -0.8000, -7.706
22.47, -0.8000, -8.009
22.48, -0.8000, -6.465
22.49, -0.8000, -5.364
22.50, -0.8000, -8.167
22.51, -0.8000, -6.011
22.52, -0.8000, -6.014
22.53, -0.8000, -8.365
22.54, -0.8000, -5.272
22.55, -0.8000, -6.509
22.56, -0.8000, -7.465
22.57, -0.8000, -6.368
22.58, -0.8000, -6.968
22.59, -0.8000, -7.434
22.60, -0.8000, -6.223
22.61, -0.8000, -6.286
22.62, -0.8000, -6.660
22.63, -0.8000, -7.656
22.64, -0.8000, -7.849
22.65, -0.8000, -6.754
22.66, -0.8000, -7.404
22.67, -0.8000, -5.785
22.68, -0.8000, -6.643
22.69, -0.8000, -7.444
22.70, -0.8000, -7.192
22.71, -0.8000, -6.307
22.72, -0.8000, -6.950
22.73, -0.8000, -6.007
22.74, -0.8000, -7.496
22.75, -0.8000, -6.099
22.76, -0.8000, -6.765
22.77, -0.8000, -7.100
22.78, -0.8000, -6.500
22.79, -0.8000, -7.137
22.80, -0.8000, -6.115
22.81, -0.8000, -6.790
22.82, -0.8000, -6.303
22.83, -0.8000, -6.876
22.84, -0.8000, -6.533
22.85, -0.8000, -9.245
22.86, -0.8000, -5.677
22.87, -0.8000, -5.946
22.88, -0.8000, -7.390
22.89, -0.8000, -6.237
22.90, -0.8000, -6.830
22.91, -0.8000, -5.307
22.92, -0.8000, -8.141
22.93, -0.8000, -6.262
22.94, -0.8000, -5.648
22.95, -0.8000, -8.127
22.96, -0.8000, -5.939
22.97, -0.8000, -8.040
22.98, -0.8000, -6.706
22.99, -0.8000, -7.392
23.00, -0.8000, -6.317
23.01, -0.8000, -6.856
23.02, -0.8000, -6.647
23.03, -0.8000, -6.276
23.04, -0.8000, -7.230
23.05, -0.8000, -6.997
23.06, -0.8000, -7.808
23.07, -0.8000, -6.598
23.08, -0.8000, -6.437
23.09, -0.8000, -5.862
23.10, -0.8000, -5.498
23.11, -0.8000, -7.189
23.12, -0.8000, -6.333
23.13, -0.8000, -6.630
23.14, -0.8000, -6.047
23.15, -0.8000, -5.421
23.16, -0.8000, -6.261
23.17, -0.8000, -6.379
23.18, -0.8000, -6.550
23.19, -0.8000, -7.495
23.20, -0.8000, -6.820
23.21, -0.8000, -5.964
23.22, -0.8000, -6.845
23.23, -0.8000, -7.733
23.24, -0.8000, -6.500
23.25, -0.8000, -6.240
23.26, -0.8000, -6.389
23.27, -0.8000, -6.351
23.28, -0.8000, -6.807
23.29, -0.8000, -6.871
23.30, -0.8000, -8.081
23.31, -0.8000, -6.313
23.32, -0.8000, -6.078
23.33, -0.8000, -8.055
23.34, -0.8000, -6.027
23.35, -0.8000, -5.964
23.36, -0.8000, -6.914
23.37, -0.8000, -6.701
23.38, -0.8000, -6.508
23.39, -0.8000, -6.493
23.40, -0.8000, -7.936
23.41, -0.8000, -6.131
23.42, -0.8000, -5.831
23.43, -0.8000, -7.111
23.44, -0.8000, -5.948
23.45, -0.8000, -7.912
23.46, -0.8000, -7.032
23.47, -0.8000, -7.443
23.48, -0.8000, -6.174
23.49, -0.8000, -6.721
23.50, -0.8000, -6.616
23.51, -0.8000, -7.441
23.52, -0.8000, -5.995
23.53, -0.8000, -5.995
23.54, -0.8000, -7.954
23.55, -0.8000, -5.705
23.56, -0.8000, -6.831
23.57, -0.8000, -7.679
23.58, -0.8000, -5.872
23.59, -0.8000, -8.061
23.60, -0.8000, -6.088
23.61, -0.8000, -6.594
23.62, -0.8000, -6.181
23.63, -0.8000, -6.284
23.64, -0.8000, -7.249
23.65, -0.8000, -6.773
23.66, -0.8000, -6.179
23.67, -0.8000, -7.435
23.68, -0.8000, -5.648
23.69, -0.8000, -6.604
23.70, -0.8000, -6.429
23.71, -0.8000, -6.497
23.72, -0.8000, -6.324
23.73, -0.8000, -5.589
23.74, -0.8000, -7.710
23.75, -0.8000, -6.375
23.76, -0.8000, -6.435
23.77, -0.8000, -7.214
23.78, -0.8000, -6.381
23.79, -0.8000, -6.490
23.80, -0.8000, -6.962
23.81, -0.8000, -6.377
23.82, -0.8000, -5.682
23.83, -0.8000, -6.469
23.84, -0.8000, -6.916
23.85, -0.8000, -6.862
23.86, -0.8000, -6.393
23.87, -0.8000, -6.859
23.88, -0.8000, -6.348
23.89, -0.8000, -5.690
23.90, -0.8000, -7.284
23.91, -0.8000, -5.505
23.92, -0.8000, -7.220
23.93, -0.8000, -6.705
23.94, -0.8000, -6.356
23.95, -0.8000, -6.534
23.96, -0.8000, -5.846
23.97, -0.8000, -5.676
23.98, -0.8000, -7.049
23.99, -0.8000, -6.619
24.00, -0.8000, -6.402
24.01, -0.8000, -5.787
24.02, -0.8000, -7.341
24.03, -0.8000, -6.791
24.04, -0.8000, -5.668
24.05, -0.8000, -6.604
24.06, -0.8000, -6.358
24.07, -0.8000, -7.881
24.08, -0.8000, -5.435
24.09, -0.8000, -6.449
24.10, -0.8000, -6.246
24.11, -0.8000, -6.638
24.12, -0.8000, -8.296
24.13, -0.8000, -5.706
24.14, -0.8000, -5.888
24.15, -0.8000, -6.095
24.16, -0.8000, -7.443
24.17, -0.8000, -6.708
24.18, -0.8000, -6.159
24.19, -0.8000, -7.401
24.20, -0.8000, -6.598
24.21, -0.8000, -5.398
24.22, -0.8000, -5.451
24.23, -0.8000, -6.627
24.24, -0.8000, -6.396
24.25, -0.8000, -6.533
24.26, -0.8000, -8.596
24.27, -0.8000, -5.978
24.28, -0.8000, -6.530
24.29, -0.8000, -6.412
24.30, -0.8000, -7.946
24.31, -0.8000, -4.758
24.32, -0.8000, -6.251
24.33, -0.8000, -7.132
24.34, -0.8000, -6.443
24.35, -0.8000, -6.335
24.36, -0.8000, -7.085
24.37, -0.8000, -6.040
24.38, -0.8000, -6.545
24.39, -0.8000, -5.802
24.40, -0.8000, -6.155
24.41, -0.8000, -5.829
24.42, -0.8000, -6.364
24.43, -0.8000, -6.388
24.44, -0.8000, -5.867
24.45, -0.8000, -6.606
24.46, -0.8000, -6.597
24.47, -0.8000, -7.123
24.48, -0.8000, -6.815
24.49, -0.8000, -7.086
24.50, -0.8000, -7.574
24.51, -0.8000, -5.615
24.52, -0.8000, -5.406
24.53, -0.8000, -6.795
24.54, -0.8000, -6.882
24.55, -0.8000, -6.805
24.56, -0.8000, -4.439
24.57, -0.8000, -7.620
24.58, -0.8000, -6.111
24.59, -0.8000, -6.461
24.60, -0.8000, -6.148
24.61, -0.8000, -6.698
24.62, -0.8000, -6.098
24.63, -0.8000, -6.661
24.64, -0.8000, -8.224
24.65, -0.8000, -6.609
24.66, -0.8000, -6.846
24.67, -0.8000, -5.595
24.68, -0.8000, -6.191
24.69, -0.8000, -5.727
24.70, -0.8000, -6.767
24.71, -0.8000, -5.676
24.72, -0.8000, -7.381
24.73, -0.8000, -5.675
24.74, -0.8000, -5.692
24.75, -0.8000, -5.391
24.76, -0.8000, -6.883
24.77, -0.8000, -6.957
24.78, -0.8000, -6.346
24.79, -0.8000, -8.283
24.80, -0.8000, -5.969
24.81, -0.8000, -5.758
24.82, -0.8000, -7.593
24.83, -0.8000, -7.801
24.84, -0.8000, -5.915
24.85, -0.8000, -5.801
24.86, -0.8000, -6.522
24.87, -0.8000, -6.682
24.88, -0.8000, -5.491
24.89, -0.8000, -5.413
24.90, -0.8000, -7.422
24.91, -0.8000, -5.341
24.92, -0.8000, -6.154
24.93, -0.8000, -6.727
24.94, -0.8000, -6.845
24.95, -0.8000, -4.853
24.96, -0.8000, -4.537
24.97, -0.8000, -6.787
24.98, -0.8000, -6.090
24.99, -0.8000, -7.841
25.00, -0.8000, -6.210
25.01, -0.8000, -7.141
25.02, -0.8000, -6.611
25.03, -0.8000, -5.817
25.04, -0.8000, -7.125
25.05, -0.8000, -7.629
25.06, -0.8000, -4.621
25.07, -0.8000, -5.664
25.08, -0.8000, -5.785
25.09, -0.8000, -8.105
25.10, -0.8000, -5.570
25.11, -0.8000, -6.277
25.12, -0.8000, -6.584
25.13, -0.8000, -6.654
25.14, -0.8000, -5.807
25.15, -0.8000, -6.289
25.16, -0.8000, -6.825
25.17, -0.8000, -6.618
25.18, -0.8000, -6.273
25.19, -0.8000, -6.018
25.20, -0.8000, -6.540
25.21, -0.8000, -5.811
25.22, -0.8000, -7.114
25.23, -0.8000, -5.551
25.24, -0.8000, -8.220
25.25, -0.8000, -5.809
25.26, -0.8000, -5.868
25.27, -0.8000, -5.591
25.28, -0.8000, -6.628
25.29, -0.8000, -5.651
25.30, -0.8000, -6.638
25.31, -0.8000, -6.759
25.32, -0.8000, -5.681
25.33, -0.8000, -6.824
25.34, -0.8000, -6.303
25.35, -0.8000, -6.690
25.36, -0.8000, -7.079
25.37, -0.8000, -5.774
25.38, -0.8000, -6.967
25.39, -0.8000, -6.435
25.40, -0.8000, -6.825
25.41, -0.8000, -6.773
25.42, -0.8000, -7.445
25.43, -0.8000, -5.704
25.44, -0.8000, -6.029
25.45, -0.8000, -5.956
25.46, -0.8000, -6.373
25.47, -0.8000, -5.489
25.48, -0.8000, -5.576
25.49, -0.8000, -7.339
25.50, -0.8000, -4.853
25.51, -0.8000, -5.610
25.52, -0.8000, -6.346
25.53, -0.8000, -5.620
25.54, -0.8000, -6.025
25.55, -0.8000, -6.161
25.56, -0.8000, -6.281
25.57, -0.8000, -5.019
25.58, -0.8000, -7.125
25.59, -0.8000, -6.096
25.60, -0.8000, -7.159
25.61, -0.8000, -6.236
25.62, -0.8000, -5.804
25.63, -0.8000, -6.718
25.64, -0.8000, -5.363
25.65, -0.8000, -6.583
25.66, -0.8000, -5.474
25.67, -0.8000, -7.443
25.68, -0.8000, -4.918
25.69, -0.8000, -4.783
25.70, -0.8000, -5.374
25.71, -0.8000, -6.520
25.72, -0.8000, -5.949
25.73, -0.8000, -5.991
25.74, -0.8000, -6.956
25.75, -0.8000, -5.817
25.76, -0.8000, -4.455
25.77, -0.8000, -5.913
25.78, -0.8000, -6.763
25.79, -0.8000, -5.866
25.80, -0.8000, -6.739
25.81, -0.8000, -6.775
25.82, -0.8000, -6.390
25.83, -0.8000, -6.628
25.84, -0.8000, -6.697
25.85, -0.8000, -6.156
25.86, -0.8000, -6.769
25.87, -0.8000, -5.638
25.88, -0.8000, -6.355
25.89, -0.8000, -5.477
25.90, -0.8000, -6.250
25.91, -0.8000, -6.016
25.92, -0.8000, -6.545
25.93, -0.8000, -5.705
25.94, -0.8000, -5.486
25.95, -0.8000, -7.152
25.96, -0.8000, -4.948
25.97, -0.8000, -6.861
25.98, -0.8000, -5.835
25.99, -0.8000, -6.637
26.00, -0.8000, -6.848
26.01, -0.8000, -6.000
26.02, -0.8000, -6.779
26.03, -0.8000, -6.396
26.04, -0.8000, -5.848
26.05, -0.8000, -5.371
26.06, -0.8000, -5.993
26.07, -0.8000, -6.430
26.08, -0.8000, -5.006
26.09, -0.8000, -6.949
26.10, -0.8000, -6.251
26.11, -0.8000, -7.458
26.12, -0.8000, -6.509
26.13, -0.8000, -5.533
26.14, -0.8000, -6.101
26.15, -0.8000, -5.824
26.16, -0.8000, -6.749
26.17, -0.8000, -6.024
26.18, -0.8000, -5.499
26.19, -0.8000, -8.423
26.20, -0.8000, -4.867
26.21, -0.8000, -5.474
26.22, -0.8000, -6.020
26.23, -0.8000, -6.273
26.24, -0.8000, -6.212
26.25, -0.8000, -5.664
26.26, -0.8000, -7.318
26.27, -0.8000, -6.456
26.28, -0.8000, -6.192
26.29, -0.8000, -6.677
26.30, -0.8000, -5.552
26.31, -0.8000, -6.655
26.32, -0.8000, -5.828
26.33, -0.8000, -8.656
26.34, -0.8000, -4.875
26.35, -0.8000, -6.117
26.36, -0.8000, -6.773
26.37, -0.8000, -4.202
26.38, -0.8000, -6.794
26.39, -0.8000, -6.142
26.40, -0.8000, -6.722
26.41, -0.8000, -5.422
26.42, -0.8000, -5.842
26.43, -0.8000, -7.327
26.44, -0.8000, -4.742
26.45, -0.8000, -5.467
26.46, -0.8000, -6.977
26.47, -0.8000, -5.815
26.48, -0.8000, -5.500
26.49, -0.8000, -6.142
26.50, -0.8000, -6.601
26.51, -0.8000, -7.111
26.52, -0.8000, -5.736
26.53, -0.8000, -5.953
26.54, -0.8000, -5.412
26.55, -0.8000, -5.602
26.56, -0.8000, -5.039
26.57, -0.8000, -6.734
26.58, -0.8000, -5.595
26.59, -0.8000, -6.099
26.60, -0.8000, -6.188
26.61, -0.8000, -6.955
26.62, -0.8000, -6.557
26.63, -0.8000, -8.703
26.64, -0.8000, -5.984
26.65, -0.8000, -5.535
26.66, -0.8000, -6.223
26.67, -0.8000, -6.449
26.68, -0.8000, -5.288
26.69, -0.8000, -6.277
26.70, -0.8000, -6.977
26.71, -0.8000, -5.712
26.72, -0.8000, -5.467
26.73, -0.8000, -5.576
26.74, -0.8000, -5.774
26.75, -0.8000, -6.942
26.76, -0.8000, -6.327
26.77, -0.8000, -6.202
26.78, -0.8000, -6.784
26.79, -0.8000, -6.481
26.80, -0.8000, -8.181
26.81, -0.8000, -5.182
26.82, -0.8000, -5.393
26.83, -0.8000, -6.758
26.84, -0.8000, -5.681
26.85, -0.8000, -6.638
26.86, -0.8000, -6.305
26.87, -0.8000, -5.918
26.88, -0.8000, -5.906
26.89, -0.8000, -6.182
26.90, -0.8000, -7.407
26.91, -0.8000, -5.381
26.92, -0.8000, -6.412
26.93, -0.8000, -6.210
26.94, -0.8000, -6.088
26.95, -0.8000, -6.265
26.96, -0.8000, -6.176
26.97, -0.8000, -6.908
26.98, -0.8000, -5.982
26.99, -0.8000, -4.926
27.00, -0.8000, -6.580
27.01, -0.8000, -5.360
27.02, -0.8000, -5.830
27.03, -0.8000, -6.127
27.04, -0.8000, -6.810
27.05, -0.8000, -5.961
27.06, -0.8000, -7.112
27.07, -0.8000, -7.062
27.08, -0.8000, -5.754
27.09, -0.8000, -6.230
27.10, -0.8000, -6.778
27.11, -0.8000, -7.433
27.12, -0.8000, -6.038
27.13, -0.8000, -6.693
27.14, -0.8000, -6.172
27.15, -0.8000, -6.980
27.16, -0.8000, -5.605
27.17, -0.8000, -6.770
27.18, -0.8000, -7.295
27.19, -0.8000, -4.612
27.20, -0.8000, -5.309
27.21, -0.8000, -5.886
27.22, -0.8000, -6.460
27.23, -0.8000, -4.411
27.24, -0.8000, -5.952
27.25, -0.8000, -5.815
27.26, -0.8000, -4.870
27.27, -0.8000, -6.293
27.28, -0.8000, -6.191
27.29, -0.8000, -7.964
27.30, -0.8000, -4.978
27.31, -0.8000, -6.101
27.32, -0.8000, -6.531
27.33, -0.8000, -6.101
27.34, -0.8000, -4.859
27.35, -0.8000, -5.154
27.36, -0.8000, -7.292
27.37, -0.8000, -5.768
27.38, -0.8000, -5.988
27.39, -0.8000, -5.649
27.40, -0.8000, -6.122
27.41, -0.8000, -8.152
27.42, -0.8000, -5.387
27.43, -0.8000, -8.474
27.44, -0.8000, -5.616
27.45, -0.8000, -6.067
27.46, -0.8000, -6.253
27.47, -0.8000, -6.337
27.48, -0.8000, -5.492
27.49, -0.8000, -6.177
27.50, -0.8000, -6.666
27.51, -0.8000, -6.050
27.52, -0.8000, -5.793
27.53, -0.8000, -5.078
27.54, -0.8000, -7.187
27.55, -0.8000, -5.281
27.56, -0.8000, -7.072
27.57, -0.8000, -4.980
27.58, -0.8000, -6.618
27.59, -0.8000, -6.447
27.60, -0.8000, -5.986
27.61, -0.8000, -6.444
27.62, -0.8000, -6.943
27.63, -0.8000, -5.722
27.64, -0.8000, -5.666
27.65, -0.8000, -6.408
27.66, -0.8000, -6.103
27.67, -0.8000, -6.067
27.68, -0.8000, -6.431
27.69, -0.8000, -6.323
27.70, -0.8000, -5.367
27.71, -0.8000, -5.781
27.72, -0.8000, -5.640
27.73, -0.8000, -7.439
27.74, -0.8000, -6.904
27.75, -0.8000, -6.331
27.76, -0.8000, -7.533
27.77, -0.8000, -5.672
27.78, -0.8000, -6.869
27.79, -0.8000, -6.310
27.80, -0.8000, -5.949
27.81, -0.8000, -6.280
27.82, -0.8000, -5.560
27.83, -0.8000, -6.381
27.84, -0.8000, -5.838
27.85, -0.8000, -5.216
27.86, -0.8000, -5.752
27.87, -0.8000, -5.387
27.88, -0.8000, -7.226
27.89, -0.8000, -6.148
27.90, -0.8000, -6.920
27.91, -0.8000, -6.377
27.92, -0.8000, -5.105
27.93, -0.8000, -5.644
27.94, -0.8000, -5.161
27.95, -0.8000, -5.541
27.96, -0.8000, -5.722
27.97, -0.8000, -6.838
27.98, -0.8000, -6.423
27.99, -0.8000, -4.952
28.00, -0.8000, -6.550
28.01, -0.8000, -3.356
28.02, -0.8000, -6.263
28.03, -0.8000, -6.155
28.04, -0.8000, -5.285
28.05, -0.8000, -5.901
28.06, -0.8000, -5.469
28.07, -0.8000, -5.582
28.08, -0.8000, -6.193
28.09, -0.8000, -6.143
28.10, -0.8000, -6.950
28.11, -0.8000, -5.617
28.12, -0.8000, -5.526
28.13, -0.8000, -7.930
28.14, -0.8000, -3.976
28.15, -0.8000, -5.891
28.16, -0.8000, -6.234
28.17, -0.8000, -7.148
28.18, -0.8000, -5.509
28.19, -0.8000, -5.940
28.20, -0.8000, -7.101
28.21, -0.8000, -6.897
28.22, -0.8000, -6.326
28.23, -0.8000, -6.963
28.24, -0.8000, -4.374
28.25, -0.8000, -5.315
28.26, -0.8000, -6.181
28.27, -0.8000, -5.005
28.28, -0.8000, -3.819
28.29, -0.8000, -6.480
28.30, -0.8000, -5.281
28.31, -0.8000, -6.200
28.32, -0.8000, -6.496
28.33, -0.8000, -5.545
28.34, -0.8000, -6.664
28.35, -0.8000, -6.917
28.36, -0.8000, -6.500
28.37, -0.8000, -6.138
28.38, -0.8000, -5.354
28.39, -0.8000, -5.961
28.40, -0.8000, -6.715
28.41, -0.8000, -7.120
28.42, -0.8000, -5.519
28.43, -0.8000, -6.352
28.44, -0.8000, -6.108
28.45, -0.8000, -4.974
28.46, -0.8000, -5.196
28.47, -0.8000, -5.341
28.48, -0.8000, -4.811
28.49, -0.8000, -5.452
28.50, -0.8000, -5.480
28.51, -0.8000, -5.270
28.52, -0.8000, -5.928
28.53, -0.8000, -6.582
28.54, -0.8000, -5.770
28.55, -0.8000, -6.228
28.56, -0.8000, -6.247
28.57, -0.8000, -7.211
28.58, -0.8000, -5.588
28.59, -0.8000, -5.939
28.60, -0.8000, -7.230
28.61, -0.8000, -5.914
28.62, -0.8000, -5.445
28.63, -0.8000, -6.567
28.64, -0.8000, -6.219
28.65, -0.8000, -5.588
28.66, -0.8000, -5.884
28.67, -0.8000, -5.812
28.68, -0.8000, -5.752
28.69, -0.8000, -5.528
28.70, -0.8000, -5.329
28.71, -0.8000, -5.544
28.72, -0.8000, -4.852
28.73, -0.8000, -7.627
28.74, -0.8000, -5.863
28.75, -0.8000, -6.170
28.76, -0.8000, -7.530
28.77, -0.8000, -5.355
28.78, -0.8000, -6.238
28.79, -0.8000, -8.377
28.80, -0.8000, -4.327
28.81, -0.8000, -4.857
28.82, -0.8000, -8.204
28.83, -0.8000, -5.795
28.84, -0.8000, -5.435
28.85, -0.8000, -6.362
28.86, -0.8000, -5.191
28.87, -0.8000, -5.381
28.88, -0.8000, -6.078
28.89, -0.8000, -5.548
28.90, -0.8000, -5.462
28.91, -0.8000, -4.945
28.92, -0.8000, -5.676
28.93, -0.8000, -5.677
28.94, -0.8000, -6.040
28.95, -0.8000, -5.694
28.96, -0.8000, -6.511
28.97, -0.8000, -5.828
28.98, -0.8000, -6.834
28.99, -0.8000, -6.222
29.00, -0.8000, -5.781
29.01, -0.8000, -7.058
29.02, -0.8000, -4.858
29.03, -0.8000, -5.828
29.04, -0.8000, -5.665
29.05, -0.8000, -5.941
29.06, -0.8000, -5.527
29.07, -0.8000, -5.839
29.08, -0.8000, -5.468
29.09, -0.8000, -6.355
29.10, -0.8000, -6.324
29.11, -0.8000, -5.704
29.12, -0.8000, -6.343
29.13, -0.8000, -5.745
29.14, -0.8000, -7.238
29.15, -0.8000, -6.437
29.16, -0.8000, -5.842
29.17, -0.8000, -6.434
29.18, -0.8000, -5.359
29.19, -0.8000, -6.335
29.20, -0.8000, -5.728
29.21, -0.8000, -6.625
29.22, -0.8000, -5.341
29.23, -0.8000, -5.946
29.24, -0.8000, -6.961
29.25, -0.8000, -5.191
29.26, -0.8000, -6.064
29.27, -0.8000, -6.619
29.28, -0.8000, -5.724
29.29, -0.8000, -4.885
29.30, -0.8000, -5.420
29.31, -0.8000, -5.991
29.32, -0.8000, -4.686
29.33, -0.8000, -5.450
29.34, -0.8000, -6.403
29.35, -0.8000, -5.372
29.36, -0.8000, -5.164
29.37, -0.8000, -5.913
29.38, -0.8000, -5.132
29.39, -0.8000, -5.551
29.40, -0.8000, -5.749
29.41, -0.8000, -6.442
29.42, -0.8000, -5.383
29.43, -0.8000, -5.428
29.44, -0.8000, -6.923
29.45, -0.8000, -5.353
29.46, -0.8000, -5.855
29.47, -0.8000, -6.147
29.48, -0.8000, -5.709
29.49, -0.8000, -5.823
29.50, -0.8000, -5.318
29.51, -0.8000, -5.269
29.52, -0.8000, -6.026
29.53, -0.8000, -5.914
29.54, -0.8000, -6.648
29.55, -0.8000, -6.047
29.56, -0.8000, -5.873
29.57, -0.8000, -8.518
29.58, -0.8000, -4.965
29.59, -0.8000, -4.606
29.60, -0.8000, -7.282
29.61, -0.8000, -6.456
29.62, -0.8000, -5.836
29.63, -0.8000, -5.583
29.64, -0.8000, -7.336
29.65, -0.8000, -4.550
29.66, -0.8000, -5.749
29.67, -0.8000, -6.592
29.68, -0.8000, -5.610
29.69, -0.8000, -5.770
29.70, -0.8000, -6.026
29.71, -0.8000, -6.062
29.72, -0.8000, -5.644
29.73, -0.8000, -8.459
29.74, -0.8000, -5.543
29.75, -0.8000, -5.815
29.76, -0.8000, -6.125
29.77, -0.8000, -5.529
29.78, -0.8000, -5.570
29.79, -0.8000, -6.015
29.80, -0.8000, -6.686
29.81, -0.8000, -5.026
29.82, -0.8000, -4.748
29.83, -0.8000, -6.840
29.84, -0.8000, -4.652
29.85, -0.8000, -4.954
29.86, -0.8000, -7.154
29.87, -0.8000, -5.453
29.88, -0.8000, -4.900
29.89, -0.8000, -5.566
29.90, -0.8000, -6.708
29.91, -0.8000, -4.617
29.92, -0.8000, -5.576
29.93, -0.8000, -6.284
29.94, -0.8000, -6.162
29.95, -0.8000, -7.053
29.96, -0.8000, -7.374
29.97, -0.8000, -5.704
29.98, -0.8000, -5.397
29.99, -0.8000, -7.031
30.00, -0.8000, -4.548
30.01, -0.8000, -5.296
30.02, -0.8000, -5.907
30.03, -0.8000, -6.696
30.04, -0.8000, -5.836
30.05, -0.8000, -5.166
30.06, -0.8000, -5.899
30.07, -0.8000, -5.085
30.08, -0.8000, -6.166
30.09, -0.8000, -6.875
30.10, -0.8000, -4.455
30.11, -0.8000, -6.582
30.12, -0.8000, -7.448
30.13, -0.8000, -6.063
30.14, -0.8000, -5.898
30.15, -0.8000, -5.075
30.16, -0.8000, -7.284
30.17, -0.8000, -3.696
30.18, -0.8000, -5.518
30.19, -0.8000, -6.307
30.20, -0.8000, -6.122
30.21, -0.8000, -5.445
30.22, -0.8000, -6.603
30.23, -0.8000, -6.265
30.24, -0.8000, -5.698
30.25, -0.8000, -3.781
30.26, -0.8000, -6.078
30.27, -0.8000, -5.816
30.28, -0.8000, -5.876
30.29, -0.8000, -4.715
30.30, -0.8000, -6.765
30.31, -0.8000, -5.212
30.32, -0.8000, -5.110
30.33, -0.8000, -6.993
30.34, -0.8000, -5.438
30.35, -0.8000, -5.658
30.36, -0.8000, -6.293
30.37, -0.8000, -6.252
30.38, -0.8000, -4.603
30.39, -0.8000, -5.776
30.40, -0.8000, -5.884
30.41, -0.8000, -7.044
30.42, -0.8000, -5.824
30.43, -0.8000, -5.915
30.44, -0.8000, -6.620
30.45, -0.8000, -6.858
30.46, -0.8000, -5.979
30.47, -0.8000, -6.808
30.48, -0.8000, -6.346
30.49, -0.8000, -5.355
30.50, -0.8000, -5.376
30.51, -0.8000, -7.172
30.52, -0.8000, -4.247
30.53, -0.8000, -5.672
30.54, -0.8000, -5.955
30.55, -0.8000, -5.021
30.56, -0.8000, -7.167
30.57, -0.8000, -5.888
30.58, -0.8000, -7.084
30.59, -0.8000, -6.522
30.60, -0.8000, -5.628
30.61, -0.8000, -7.570
30.62, -0.8000, -5.836
30.63, -0.8000, -6.486
30.64, -0.8000, -6.680
30.65, -0.8000, -5.697
30.66, -0.8000, -5.567
30.67, -0.8000, -5.430
30.68, -0.8000, -6.571
30.69, -0.8000, -5.000
30.70, -0.8000, -5.124
30.71, -0.8000, -5.238
30.72, -0.8000, -5.275
30.73, -0.8000, -7.046
30.74, -0.8000, -5.967
30.75, -0.8000, -5.310
30.76, -0.8000, -5.554
30.77, -0.8000, -6.368
30.78, -0.8000, -6.757
30.79, -0.8000, -4.649
30.80, -0.8000, -5.192
30.81, -0.8000, -7.819
30.82, -0.8000, -4.263
30.83, -0.8000, -5.710
30.84, -0.8000, -5.847
30.85, -0.8000, -5.226
30.86, -0.8000, -5.720
30.87, -0.8000, -4.648
30.88, -0.8000, -6.795
30.89, -0.8000, -5.070
30.90, -0.8000, -4.741
30.91, -0.8000, -6.571
30.92, -0.8000, -5.068
30.93, -0.8000, -6.806
30.94, -0.8000, -6.909
30.95, -0.8000, -5.297
30.96, -0.8000, -5.469
30.97, -0.8000, -5.826
30.98, -0.8000, -6.431
30.99, -0.8000, -5.407
31.00, -0.8000, -5.073
31.01, -0.8000, -7.476
31.02, -0.8000, -5.045
31.03, -0.8000, -4.678
31.04, -0.8000, -5.997
31.05, -0.8000, -6.356
31.06, -0.8000, -5.817
31.07, -0.8000, -6.103
31.08, -0.8000, -6.770
31.09, -0.8000, -5.535
31.10, -0.8000, -5.492
31.11, -0.8000, -6.068
31.12, -0.8000, -5.173
31.13, -0.8000, -4.689
31.14, -0.8000, -6.330
31.15, -0.8000, -6.415
31.16, -0.8000, -6.296
31.17, -0.8000, -5.809
31.18, -0.8000, -7.037
31.19, -0.8000, -5.097
31.20, -0.8000, -5.952
31.21, -0.8000, -6.483
31.22, -0.8000, -4.719
31.23, -0.8000, -5.537
31.24, -0.8000, -6.619
31.25, -0.8000, -5.926
31.26, -0.8000, -5.188
31.27, -0.8000, -5.321
31.28, -0.8000, -6.094
31.29, -0.8000, -4.552
31.30, -0.8000, -5.531
31.31, -0.8000, -6.484
31.32, -0.8000, -5.124
31.33, -0.8000, -6.037
31.34, -0.8000, -5.827
31.35, -0.8000, -5.655
31.36, -0.8000, -5.251
31.37, -0.8000, -5.553
31.38, -0.8000, -6.050
31.39, -0.8000, -5.040
31.40, -0.8000, -5.362
31.41, -0.8000, -4.712
31.42, -0.8000, -6.464
31.43, -0.8000, -6.095
31.44, -0.8000, -5.381
31.45, -0.8000, -5.055
31.46, -0.8000, -5.531
31.47, -0.8000, -5.861
31.48, -0.8000, -7.382
31.49, -0.8000, -5.505
31.50, -0.8000, -5.218
31.51, -0.8000, -7.658
31.52, -0.8000, -4.880
31.53, -0.8000, -4.857
31.54, -0.8000, -6.315
31.55, -0.8000, -3.689
31.56, -0.8000, -5.216
31.57, -0.8000, -4.977
31.58, -0.8000, -5.545
31.59, -0.8000, -5.135
31.60, -0.8000, -7.041
31.61, -0.8000, -6.661
31.62, -0.8000, -6.237
31.63, -0.8000, -6.952
31.64, -0.8000, -6.361
31.65, -0.8000, -5.307
31.66, -0.8000, -5.873
31.67, -0.8000, -5.974
31.68, -0.8000, -6.500
31.69, -0.8000, -5.834
31.70, -0.8000, -5.145
31.71, -0.8000, -5.540
31.72, -0.8000, -6.561
31.73, -0.8000, -6.393
31.74, -0.8000, -5.412
31.75, -0.8000, -7.157
31.76, -0.8000, -5.607
31.77, -0.8000, -5.856
31.78, -0.8000, -6.203
31.79, -0.8000, -6.078
31.80, -0.8000, -5.966
31.81, -0.8000, -5.628
31.82, -0.8000, -4.956
31.83, -0.8000, -5.379
31.84, -0.8000, -6.464
31.85, -0.8000, -6.147
31.86, -0.8000, -4.503
31.87, -0.8000, -8.077
31.88, -0.8000, -5.972
31.89, -0.8000, -6.039
31.90, -0.8000, -4.962
31.91, -0.8000, -6.113
31.92, -0.8000, -7.408
31.93, -0.8000, -5.484
31.94, -0.8000, -4.974
31.95, -0.8000, -6.855
31.96, -0.8000, -5.522
31.97, -0.8000, -4.915
31.98, -0.8000, -5.666
31.99, -0.8000, -5.413
32.00, -0.8000, -7.698
32.01, -0.8000, -6.332
32.02, -0.8000, -3.975
32.03, -0.8000, -6.102
32.04, -0.8000, -5.164
32.05, -0.8000, -6.662
32.06, -0.8000, -5.908
32.07, -0.8000, -5.403
32.08, -0.8000, -6.066
32.09, -0.8000, -5.250
32.10, -0.8000, -5.432
32.11, -0.8000, -7.405
32.12, -0.8000, -5.037
32.13, -0.8000, -5.243
32.14, -0.8000, -5.708
32.15, -0.8000, -5.692
32.16, -0.8000, -6.615
32.17, -0.8000, -6.489
32.18, -0.8000, -6.808
32.19, -0.8000, -6.196
32.20, -0.8000, -6.008
32.21, -0.8000, -5.543
32.22, -0.8000, -5.829
32.23, -0.8000, -6.769
32.24, -0.8000, -6.655
32.25, -0.8000, -5.613
32.26, -0.8000, -5.678
32.27, -0.8000, -5.830
32.28, -0.8000, -4.771
32.29, -0.8000, -4.641
32.30, -0.8000, -5.450
32.31, -0.8000, -5.576
32.32, -0.8000, -5.259
32.33, -0.8000, -5.711
32.34, -0.8000, -4.306
32.35, -0.8000, -6.923
32.36, -0.8000, -6.669
32.37, -0.8000, -7.236
32.38, -0.8000, -6.124
32.39, -0.8000, -4.655
32.40, -0.8000, -6.679
32.41, -0.8000, -4.424
32.42, -0.8000, -4.796
32.43, -0.8000, -5.988
32.44, -0.8000, -6.876
32.45, -0.8000, -5.065
32.46, -0.8000, -5.783
32.47, -0.8000, -6.784
32.48, -0.8000, -3.864
32.49, -0.8000, -6.235
32.50, -0.8000, -6.093
32.51, -0.8000, -6.151
32.52, -0.8000, -4.926
32.53, -0.8000, -4.567
32.54, -0.8000, -5.901
32.55, -0.8000, -4.582
32.56, -0.8000, -6.531
32.57, -0.8000, -5.258
32.58, -0.8000, -5.127
32.59, -0.8000, -5.462
32.60, -0.8000, -5.949
32.61, -0.8000, -6.006
32.62, -0.8000, -5.389
32.63, -0.8000, -5.868
32.64, -0.8000, -5.597
32.65, -0.8000, -7.518
32.66, -0.8000, -5.504
32.67, -0.8000, -4.989
32.68, -0.8000, -5.532
32.69, -0.8000, -6.595
32.70, -0.8000, -6.606
32.71, -0.8000, -5.786
32.72, -0.8000, -8.072
32.73, -0.8000, -4.098
32.74, -0.8000, -5.252
32.75, -0.8000, -6.824
32.76, -0.8000, -5.952
32.77, -0.8000, -5.629
32.78, -0.8000, -5.855
32.79, -0.8000, -6.572
32.80, -0.8000, -5.000
32.81, -0.8000, -5.472
32.82, -0.8000, -6.629
32.83, -0.8000, -5.125
32.84, -0.8000, -6.613
32.85, -0.8000, -6.220
32.86, -0.8000, -5.918
32.87, -0.8000, -6.013
32.88, -0.8000, -5.244
32.89, -0.8000, -6.154
32.90, -0.8000, -5.468
32.91, -0.8000, -5.589
32.92, -0.8000, -7.681
32.93, -0.8000, -5.452
32.94, -0.8000, -4.010
32.95, -0.8000, -6.387
32.96, -0.8000, -5.910
32.97, -0.8000, -5.920
32.98, -0.8000, -6.375
32.99, -0.8000, -6.592
33.00, -0.8000, -4.878
33.01, -0.8000, -5.546
33.02, -0.8000, -5.907
33.03, -0.8000, -5.450
33.04, -0.8000, -4.736
33.05, -0.8000, -5.807
33.06, -0.8000, -7.312
33.07, -0.8000, -5.696
33.08, -0.8000, -4.985
33.09, -0.8000, -6.445
33.10, -0.8000, -3.579
33.11, -0.8000, -5.234
33.12, -0.8000, -7.138
33.13, -0.8000, -5.649
33.14, -0.8000, -6.296
33.15, -0.8000, -5.323
33.16, -0.8000, -6.215
33.17, -0.8000, -4.727
33.18, -0.8000, -3.558
33.19, -0.8000, -7.847
33.20, -0.8000, -5.581
33.21, -0.8000, -5.507
33.22, -0.8000, -5.634
33.23, -0.8000, -6.226
33.24, -0.8000, -4.586
33.25, -0.8000, -5.508
33.26, -0.8000, -6.052
33.27, -0.8000, -6.688
33.28, -0.8000, -6.327
33.29, -0.8000, -4.448
33.30, -0.8000, -6.176
33.31, -0.8000, -5.297
33.32, -0.8000, -5.731
33.33, -0.8000, -6.402
33.34, -0.8000, -5.398
33.35, -0.8000, -5.158
33.36, -0.8000, -6.084
33.37, -0.8000, -6.425
33.38, -0.8000, -5.903
33.39, -0.8000, -5.481
33.40, -0.8000, -6.876
33.41, -0.8000, -5.568
33.42, -0.8000, -6.986
33.43, -0.8000, -5.675
33.44, -0.8000, -6.599
33.45, -0.8000, -5.114
33.46, -0.8000, -5.810
33.47, -0.8000, -5.859
33.48, -0.8000, -4.180
33.49, -0.8000, -6.454
33.50, -0.8000, -6.282
33.51, -0.8000, -5.276
33.52, -0.8000, -5.694
33.53, -0.8000, -6.677
33.54, -0.8000, -5.012
33.55, -0.8000, -5.126
33.56, -0.8000, -6.256
33.57, -0.8000, -4.890
33.58, -0.8000, -5.537
33.59, -0.8000, -5.747
33.60, -0.8000, -6.434
33.61, -0.8000, -6.429
33.62, -0.8000, -5.578
33.63, -0.8000, -6.837
33.64, -0.8000, -5.888
33.65, -0.8000, -4.779
33.66, -0.8000, -6.227
33.67, -0.8000, -6.281
33.68, -0.8000, -5.966
33.69, -0.8000, -5.576
33.70, -0.8000, -7.324
33.71, -0.8000, -5.410
33.72, -0.8000, -6.224
33.73, -0.8000, -7.196
33.74, -0.8000, -5.375
33.75, -0.8000, -5.369
33.76, -0.8000, -6.144
33.77, -0.8000, -6.466
33.78, -0.8000, -5.669
33.79, -0.8000, -5.488
33.80, -0.8000, -6.671
33.81, -0.8000, -5.379
33.82, -0.8000, -5.073
33.83, -0.8000, -6.973
33.84, -0.8000, -5.773
33.85, -0.8000, -6.025
33.86, -0.8000, -6.393
33.87, -0.8000, -6.856
33.88, -0.8000, -5.638
33.89, -0.8000, -6.320
33.90, -0.8000, -5.514
33.91, -0.8000, -4.392
33.92, -0.8000, -4.774
33.93, -0.8000, -6.274
33.94, -0.8000, -6.862
33.95, -0.8000, -6.135
33.96, -0.8000, -6.752
33.97, -0.8000, -6.076
33.98, -0.8000, -4.525
33.99, -0.8000, -6.455
34.00, -0.8000, -5.855
34.01, -0.8000, -6.470
34.02, -0.8000, -5.897
34.03, -0.8000, -5.184
34.04, -0.8000, -5.974
34.05, -0.8000, -5.929
34.06, -0.8000, -6.758
34.07, -0.8000, -5.537
34.08, -0.8000, -7.674
34.09, -0.8000, -6.239
34.10, -0.8000, -4.680
34.11, -0.8000, -7.662
34.12, -0.8000, -5.592
34.13, -0.8000, -8.019
34.14, -0.8000, -5.432
34.15, -0.8000, -7.054
34.16, -0.8000, -4.653
34.17, -0.8000, -6.619
34.18, -0.8000, -6.660
34.19, -0.8000, -6.222
34.20, -0.8000, -5.267
34.21, -0.8000, -5.407
34.22, -0.8000, -6.905
34.23, -0.8000, -5.385
34.24, -0.8000, -5.712
34.25, -0.8000, -5.060
34.26, -0.8000, -6.274
34.27, -0.8000, -4.010
34.28, -0.8000, -5.435
34.29, -0.8000, -6.852
34.30, -0.8000, -6.130
34.31, -0.8000, -5.387
34.32, -0.8000, -5.716
34.33, -0.8000, -5.724
34.34, -0.8000, -5.288
34.35, -0.8000, -5.100
34.36, -0.8000, -6.894
34.37, -0.8000, -5.672
34.38, -0.8000, -6.146
34.39, -0.8000, -5.765
34.40, -0.8000, -6.561
34.41, -0.8000, -5.738
34.42, -0.8000, -5.082
34.43, -0.8000, -6.870
34.44, -0.8000, -5.156
34.45, -0.8000, -6.029
34.46, -0.8000, -6.505
34.47, -0.8000, -6.376
34.48, -0.8000, -5.791
34.49, -0.8000, -6.121
34.50, -0.8000, -5.687
34.51, -0.8000, -6.919
34.52, -0.8000, -4.318
34.53, -0.8000, -5.486
34.54, -0.8000, -5.735
34.55, -0.8000, -6.892
34.56, -0.8000, -6.652
34.57, -0.8000, -5.409
34.58, -0.8000, -6.267
34.59, -0.8000, -5.398
34.60, -0.8000, -4.907
34.61, -0.8000, -7.423
34.62, -0.8000, -4.923
34.63, -0.8000, -5.883
34.64, -0.8000, -6.220
34.65, -0.8000, -6.932
34.66, -0.8000, -5.026
34.67, -0.8000, -6.348
34.68, -0.8000, -6.273
34.69, -0.8000, -5.046
34.70, -0.8000, -6.610
34.71, -0.8000, -6.280
34.72, -0.8000, -6.615
34.73, -0.8000, -5.257
34.74, -0.8000, -5.814
34.75, -0.8000, -5.058
34.76, -0.8000, -6.459
34.77, -0.8000, -5.301
34.78, -0.8000, -4.789
34.79, -0.8000, -6.175
34.80, -0.8000, -6.441
34.81, -0.8000, -5.655
34.82, -0.8000, -5.147
34.83, -0.8000, -5.501
34.84, -0.8000, -7.335
34.85, -0.8000, -5.856
34.86, -0.8000, -5.412
34.87, -0.8000, -5.737
34.88, -0.8000, -5.724
34.89, -0.8000, -6.161
34.90, -0.8000, -5.942
34.91, -0.8000, -6.735
34.92, -0.8000, -5.250
34.93, -0.8000, -6.695
34.94, -0.8000, -6.821
34.95, -0.8000, -4.515
34.96, -0.8000, -4.899
34.97, -0.8000, -6.354
34.98, -0.8000, -6.011
34.99, -0.8000, -5.841
35.00, -0.8000, -4.945
35.01, -0.8000, -6.754
35.02, -0.8000, -6.542
35.03, -0.8000, -6.329
35.04, -0.8000, -4.960
35.05, -0.8000, -6.025
35.06, -0.8000, -5.374
35.07, -0.8000, -6.620
35.08, -0.8000, -5.730
35.09, -0.8000, -4.183
35.10, -0.8000, -6.139
35.11, -0.8000, -5.516
35.12, -0.8000, -7.138
35.13, -0.8000, -4.739
35.14, -0.8000, -5.251
35.15, -0.8000, -5.780
35.16, -0.8000, -4.984
35.17, -0.8000, -5.641
35.18, -0.8000, -4.768
35.19, -0.8000, -6.886
35.20, -0.8000, -4.700
35.21, -0.8000, -5.723
35.22, -0.8000, -5.867
35.23, -0.8000, -7.031
35.24, -0.8000, -5.795
35.25, -0.8000, -5.887
35.26, -0.8000, -6.317
35.27, -0.8000, -4.502
35.28, -0.8000, -6.062
35.29, -0.8000, -6.478
35.30, -0.8000, -5.665
35.31, -0.8000, -5.799
35.32, -0.8000, -5.564
35.33, -0.8000, -5.360
35.34, -0.8000, -4.597
35.35, -0.8000, -6.097
35.36, -0.8000, -6.694
35.37, -0.8000, -5.780
35.38, -0.8000, -5.612
35.39, -0.8000, -5.210
35.40, -0.8000, -6.147
35.41, -0.8000, -6.233
35.42, -0.8000, -5.431
35.43, -0.8000, -6.112
35.44, -0.8000, -5.977
35.45, -0.8000, -5.445
35.46, -0.8000, -5.206
35.47, -0.8000, -6.368
35.48, -0.8000, -5.272
35.49, -0.8000, -6.153
35.50, -0.8000, -6.702
35.51, -0.8000, -8.265
35.52, -0.8000, -4.750
35.53, -0.8000, -5.572
35.54, -0.8000, -7.402
35.55, -0.8000, -5.128
35.56, -0.8000, -5.765
35.57, -0.8000, -6.390
35.58, -0.8000, -6.370
35.59, -0.8000, -5.236
35.60, -0.8000, -5.038
35.61, -0.8000, -5.724
35.62, -0.8000, -6.074
35.63, -0.8000, -5.635
35.64, -0.8000, -5.687
35.65, -0.8000, -6.439
35.66, -0.8000, -5.470
35.67, -0.8000, -5.424
35.68, -0.8000, -6.576
35.69, -0.8000, -6.623
35.70, -0.8000, -5.509
35.71, -0.8000, -4.169
35.72, -0.8000, -5.866
35.73, -0.8000, -6.544
35.74, -0.8000, -6.163
35.75, -0.8000, -5.623
35.76, -0.8000, -6.020
35.77, -0.8000, -4.943
35.78, -0.8000, -5.571
35.79, -0.8000, -4.422
35.80, -0.8000, -6.460
35.81, -0.8000, -6.324
35.82, -0.8000, -6.566
35.83, -0.8000, -5.481
35.84, -0.8000, -5.389
35.85, -0.8000, -4.972
35.86, -0.8000, -5.827
35.87, -0.8000, -7.510
35.88, -0.8000, -4.409
35.89, -0.8000, -5.127
35.90, -0.8000, -5.605
35.91, -0.8000, -7.305
35.92, -0.8000, -4.770
35.93, -0.8000, -5.983
35.94, -0.8000, -5.224
35.95, -0.8000, -6.870
35.96, -0.8000, -4.840
35.97, -0.8000, -4.520
35.98, -0.8000, -6.699
35.99, -0.8000, -5.442
36.00, -0.8000, -4.767
36.01, -0.8000, -5.843
36.02, -0.8000, -5.951
36.03, -0.8000, -7.504
36.04, -0.8000, -6.201
36.05, -0.8000, -6.184
36.06, -0.8000, -6.692
36.07, -0.8000, -4.842
36.08, -0.8000, -6.240
36.09, -0.8000, -6.272
36.10, -0.8000, -5.502
36.11, -0.8000, -6.255
36.12, -0.8000, -6.475
36.13, -0.8000, -5.087
36.14, -0.8000, -4.845
36.15, -0.8000, -6.877
36.16, -0.8000, -5.352
36.17, -0.8000, -5.371
36.18, -0.8000, -5.259
36.19, -0.8000, -7.126
36.20, -0.8000, -5.929
36.21, -0.8000, -5.711
36.22, -0.8000, -6.230
36.23, -0.8000, -6.316
36.24, -0.8000, -6.629
36.25, -0.8000, -7.084
36.26, -0.8000, -6.768
36.27, -0.8000, -6.112
36.28, -0.8000, -4.639
36.29, -0.8000, -6.363
36.30, -0.8000, -5.997
36.31, -0.8000, -5.847
36.32, -0.8000, -6.184
36.33, -0.8000, -7.008
36.34, -0.8000, -4.510
36.35, -0.8000, -7.100
36.36, -0.8000, -5.011
36.37, -0.8000, -5.201
36.38, -0.8000, -5.989
36.39, -0.8000, -6.548
36.40, -0.8000, -4.912
36.41, -0.8000, -5.582
36.42, -0.8000, -5.483
36.43, -0.8000, -5.380
36.44, -0.8000, -5.723
36.45, -0.8000, -6.101
36.46, -0.8000, -5.900
36.47, -0.8000, -8.001
36.48, -0.8000, -3.981
36.49, -0.8000, -5.294
36.50, -0.8000, -4.937
36.51, -0.8000, -4.747
36.52, -0.8000, -6.013
36.53, -0.8000, -6.006
36.54, -0.8000, -7.401
36.55, -0.8000, -5.432
36.56, -0.8000, -5.527
36.57, -0.8000, -6.395
36.58, -0.8000, -5.518
36.59, -0.8000, -6.651
36.60, -0.8000, -5.307
36.61, -0.8000, -7.362
36.62, -0.8000, -5.964
36.63, -0.8000, -5.022
36.64, -0.8000, -5.761
36.65, -0.8000, -4.681
36.66, -0.8000, -5.911
36.67, -0.8000, -4.954
36.68, -0.8000, -7.008
36.69, -0.8000, -5.477
36.70, -0.8000, -5.816
36.71, -0.8000, -5.535
36.72, -0.8000, -5.297
36.73, -0.8000, -5.515
36.74, -0.8000, -6.044
36.75, -0.8000, -5.914
36.76, -0.8000, -4.573
36.77, -0.8000, -6.643
36.78, -0.8000, -6.597
36.79, -0.8000, -4.525
36.80, -0.8000, -5.215
36.81, -0.8000, -5.693
36.82, -0.8000, -5.202
36.83, -0.8000, -4.605
36.84, -0.8000, -6.068
36.85, -0.8000, -6.303
36.86, -0.8000, -4.735
36.87, -0.8000, -5.947
36.88, -0.8000, -5.813
36.89, -0.8000, -5.483
36.90, -0.8000, -6.083
36.91, -0.8000, -5.688
36.92, -0.8000, -6.799
36.93, -0.8000, -4.793
36.94, -0.8000, -5.866
36.95, -0.8000, -6.800
36.96, -0.8000, -4.033
36.97, -0.8000, -5.577
36.98, -0.8000, -4.758
36.99, -0.8000, -5.749
37.00, -0.8000, -5.587
37.01, -0.8000, -5.878
37.02, -0.8000, -6.060
37.03, -0.8000, -4.999
37.04, -0.8000, -5.414
37.05, -0.8000, -6.860
37.06, -0.8000, -3.893
37.07, -0.8000, -5.695
37.08, -0.8000, -4.885
37.09, -0.8000, -6.586
37.10, -0.8000, -6.404
37.11, -0.8000, -4.137
37.12, -0.8000, -5.838
37.13, -0.8000, -5.225
37.14, -0.8000, -5.087
37.15, -0.8000, -6.605
37.16, -0.8000, -4.523
37.17, -0.8000, -5.762
37.18, -0.8000, -5.072
37.19, -0.8000, -5.477
37.20, -0.8000, -5.909
37.21, -0.8000, -5.099
37.22, -0.8000, -6.418
37.23, -0.8000, -3.959
37.24, -0.8000, -5.422
37.25, -0.8000, -6.469
37.26, -0.8000, -5.394
37.27, -0.8000, -5.998
37.28, -0.8000, -6.312
37.29, -0.8000, -6.125
37.30, -0.8000, -5.450
37.31, -0.8000, -5.866
37.32, -0.8000, -5.874
37.33, -0.8000, -4.971
37.34, -0.8000, -6.300
37.35, -0.8000, -5.988
37.36, -0.8000, -6.625
37.37, -0.8000, -5.841
37.38, -0.8000, -5.826
37.39, -0.8000, -6.214
37.40, -0.8000, -5.866
37.41, -0.8000, -4.990
37.42, -0.8000, -5.898
37.43, -0.8000, -4.998
37.44, -0.8000, -4.852
37.45, -0.8000, -8.619
37.46, -0.8000, -5.469
37.47, -0.8000, -6.918
37.48, -0.8000, -6.466
37.49, -0.8000, -4.800
37.50, -0.8000, -6.032
37.51, -0.8000, -5.510
37.52, -0.8000, -6.288
37.53, -0.8000, -7.221
37.54, -0.8000, -6.114
37.55, -0.8000, -7.272
37.56, -0.8000, -5.260
37.57, -0.8000, -4.722
37.58, -0.8000, -6.098
37.59, -0.8000, -4.295
37.60, -0.8000, -4.593
37.61, -0.8000, -6.144
37.62, -0.8000, -5.819
37.63, -0.8000, -5.905
37.64, -0.8000, -6.010
37.65, -0.8000, -7.455
37.66, -0.8000, -5.396
37.67, -0.8000, -4.624
37.68, -0.8000, -6.145
37.69, -0.8000, -6.062
37.70, -0.8000, -7.301
37.71, -0.8000, -5.980
37.72, -0.8000, -5.681
37.73, -0.8000, -6.005
37.74, -0.8000, -5.528
37.75, -0.8000, -6.453
37.76, -0.8000, -4.934
37.77, -0.8000, -5.030
37.78, -0.8000, -5.843
37.79, -0.8000, -6.045
37.80, -0.8000, -5.523
37.81, -0.8000, -6.537
37.82, -0.8000, -7.112
37.83, -0.8000, -5.592
37.84, -0.8000, -4.571
37.85, -0.8000, -5.535
37.86, -0.8000, -6.625
37.87, -0.8000, -4.881
37.88, -0.8000, -6.834
37.89, -0.8000, -4.383
37.90, -0.8000, -5.633
37.91, -0.8000, -5.314
37.92, -0.8000, -5.631
37.93, -0.8000, -5.159
37.94, -0.8000, -6.152
37.95, -0.8000, -5.746
37.96, -0.8000, -5.091
37.97, -0.8000, -6.204
37.98, -0.8000, -5.384
37.99, -0.8000, -5.235
38.00, -0.8000, -7.403
38.01, -0.8000, -4.839
38.02, -0.8000, -5.358
38.03, -0.8000, -5.074
38.04, -0.8000, -6.238
38.05, -0.8000, -4.463
38.06, -0.8000, -6.075
38.07, -0.8000, -7.895
38.08, -0.8000, -5.325
38.09, -0.8000, -5.302
38.10, -0.8000, -6.547
38.11, -0.8000, -4.637
38.12, -0.8000, -6.055
38.13, -0.8000, -5.706
38.14, -0.8000, -6.677
38.15, -0.8000, -5.594
38.16, -0.8000, -5.066
38.17, -0.8000, -5.199
38.18, -0.8000, -4.610
38.19, -0.8000, -4.766
38.20, -0.8000, -5.223
38.21, -0.8000, -6.269
38.22, -0.8000, -4.775
38.23, -0.8000, -5.706
38.24, -0.8000, -6.909
38.25, -0.8000, -5.554
38.26, -0.8000, -6.050
38.27, -0.8000, -5.951
38.28, -0.8000, -5.987
38.29, -0.8000, -4.601
38.30, -0.8000, -5.512
38.31, -0.8000, -5.851
38.32, -0.8000, -5.301
38.33, -0.8000, -5.904
38.34, -0.8000, -5.729
38.35, -0.8000, -5.875
38.36, -0.8000, -5.584
38.37, -0.8000, -4.996
38.38, -0.8000, -7.101
38.39, -0.8000, -4.461
38.40, -0.8000, -5.821
38.41, -0.8000, -5.591
38.42, -0.8000, -6.083
38.43, -0.8000, -5.066
38.44, -0.8000, -5.647
38.45, -0.8000, -7.169
38.46, -0.8000, -4.778
38.47, -0.8000, -6.718
38.48, -0.8000, -7.175
38.49, -0.8000, -5.572
38.50, -0.8000, -5.550
38.51, -0.8000, -6.779
38.52, -0.8000, -5.278
38.53, -0.8000, -6.429
38.54, -0.8000, -5.111
38.55, -0.8000, -5.929
38.56, -0.8000, -5.155
38.57, -0.8000, -5.184
38.58, -0.8000, -6.843
38.59, -0.8000, -6.115
38.60, -0.8000, -5.014
38.61, -0.8000, -5.696
38.62, -0.8000, -6.629
38.63, -0.8000, -5.033
38.64, -0.8000, -5.840
38.65, -0.8000, -7.104
38.66, -0.8000, -4.809
38.67, -0.8000, -6.576
38.68, -0.8000, -5.082
38.69, -0.8000, -6.149
38.70, -0.8000, -5.182
38.71, -0.8000, -6.234
38.72, -0.8000, -6.552
38.73, -0.8000, -6.254
38.74, -0.8000, -5.697
38.75, -0.8000, -6.445
38.76, -0.8000, -6.411
38.77, -0.8000, -5.084
38.78, -0.8000, -5.176
38.79, -0.8000, -6.675
38.80, -0.8000, -5.778
38.81, -0.8000, -5.856
38.82, -0.8000, -5.214
38.83, -0.8000, -6.252
38.84, -0.8000, -4.909
38.85, -0.8000, -5.369
38.86, -0.8000, -5.642
38.87, -0.8000, -7.337
38.88, -0.8000, -4.665
38.89, -0.8000, -6.407
38.90, -0.8000, -3.896
38.91, -0.8000, -5.481
38.92, -0.8000, -5.488
38.93, -0.8000, -5.528
38.94, -0.8000, -6.308
38.95, -0.8000, -5.377
38.96, -0.8000, -5.688
38.97, -0.8000, -6.323
38.98, -0.8000, -6.117
38.99, -0.8000, -4.832
39.00, -0.8000, -4.902
39.01, -0.8000, -5.930
39.02, -0.8000, -6.778
39.03, -0.8000, -5.972
39.04, -0.8000, -4.738
39.05, -0.8000, -5.789
39.06, -0.8000, -5.888
39.07, -0.8000, -5.353
39.08, -0.8000, -5.789
39.09, -0.8000, -6.368
39.10, -0.8000, -4.970
39.11, -0.8000, -5.344
39.12, -0.8000, -6.484
39.13, -0.8000, -5.462
39.14, -0.8000, -4.857
39.15, -0.8000, -5.987
39.16, -0.8000, -4.871
39.17, -0.8000, -5.097
39.18, -0.8000, -5.036
39.19, -0.8000, -6.420
39.20, -0.8000, -5.163
39.21, -0.8000, -6.323
39.22, -0.8000, -7.396
39.23, -0.8000, -5.883
39.24, -0.8000, -5.302
39.25, -0.8000, -5.864
39.26, -0.8000, -5.727
39.27, -0.8000, -6.017
39.28, -0.8000, -6.770
39.29, -0.8000, -7.505
39.30, -0.8000, -5.632
39.31, -0.8000, -4.985
39.32, -0.8000, -5.535
39.33, -0.8000, -6.409
39.34, -0.8000, -6.120
39.35, -0.8000, -5.297
39.36, -0.8000, -5.534
39.37, -0.8000, -5.338
39.38, -0.8000, -6.161
39.39, -0.8000, -5.662
39.40, -0.8000, -5.608
39.41, -0.8000, -5.627
39.42, -0.8000, -5.942
39.43, -0.8000, -6.887
39.44, -0.8000, -4.249
39.45, -0.8000, -6.007
39.46, -0.8000, -5.851
39.47, -0.8000, -6.381
39.48, -0.8000, -5.725
39.49, -0.8000, -6.814
39.50, -0.8000, -6.912
39.51, -0.8000, -5.880
39.52, -0.8000, -4.268
39.53, -0.8000, -5.345
39.54, -0.8000, -6.162
39.55, -0.8000, -6.661
39.56, -0.8000, -5.226
39.57, -0.8000, -5.837
39.58, -0.8000, -5.659
39.59, -0.8000, -6.241
39.60, -0.8000, -4.501
39.61, -0.8000, -6.078
39.62, -0.8000, -5.797
39.63, -0.8000, -7.771
39.64, -0.8000, -5.080
39.65, -0.8000, -7.158
39.66, -0.8000, -6.692
39.67, -0.8000, -6.535
39.68, -0.8000, -3.521
39.69, -0.8000, -6.323
39.70, -0.8000, -5.277
39.71, -0.8000, -6.073
39.72, -0.8000, -5.912
39.73, -0.8000, -6.352
39.74, -0.8000, -5.795
39.75, -0.8000, -6.909
39.76, -0.8000, -6.193
39.77, -0.8000, -5.666
39.78, -0.8000, -5.493
39.79, -0.8000, -7.400
39.80, -0.8000, -6.139
39.81, -0.8000, -5.974
39.82, -0.8000, -6.396
39.83, -0.8000, -5.884
39.84, -0.8000, -6.140
39.85, -0.8000, -7.040
39.86, -0.8000, -6.546
39.87, -0.8000, -5.855
39.88, -0.8000, -6.629
39.89, -0.8000, -6.051
39.90, -0.8000, -4.609
39.91, -0.8000, -6.479
39.92, -0.8000, -5.862
39.93, -0.8000, -6.120
39.94, -0.8000, -5.955
39.95, -0.8000, -5.969
39.96, -0.8000, -6.051
39.97, -0.8000, -7.764
39.98, -0.8000, -6.181
39.99, -0.8000, -7.216
40.00, -0.8000, -4.357
40.01, -0.8000, -6.358
40.02, -0.8000, -4.777
40.03, -0.8000, -6.553
40.04, -0.8000, -5.615
40.05, -0.8000, -6.015
40.06, -0.8000, -5.529
40.07, -0.8000, -7.168
40.08, -0.8000, -5.554
40.09, -0.8000, -5.755
40.10, -0.8000, -3.238
40.11, -0.8000, -6.326
40.12, -0.8000, -5.330
40.13, -0.8000, -6.365
40.14, -0.8000, -4.774
40.15, -0.8000, -6.766
40.16, -0.8000, -6.085
40.17, -0.8000, -5.654
40.18, -0.8000, -5.372
40.19, -0.8000, -6.342
40.20, -0.8000, -5.793
40.21, -0.8000, -4.737
40.22, -0.8000, -5.411
40.23, -0.8000, -5.608
40.24, -0.8000, -6.859
40.25, -0.8000, -3.086
40.26, -0.8000, -6.048
40.27, -0.8000, -5.406
40.28, -0.8000, -7.015
40.29, -0.8000, -5.951
40.30, -0.8000, -6.152
40.31, -0.8000, -4.978
40.32, -0.8000, -6.447
40.33, -0.8000, -6.840
40.34, -0.8000, -4.524
40.35, -0.8000, -6.698
40.36, -0.8000, -7.037
40.37, -0.8000, -5.507
40.38, -0.8000, -4.204
40.39, -0.8000, -6.196
40.40, -0.8000, -4.998
40.41, -0.8000, -6.488
40.42, -0.8000, -5.954
40.43, -0.8000, -5.155
40.44, -0.8000, -6.140
40.45, -0.8000, -5.940
40.46, -0.8000, -6.036
40.47, -0.8000, -5.396
40.48, -0.8000, -5.465
40.49, -0.8000, -4.991
40.50, -0.8000, -5.655
40.51, -0.8000, -4.652
40.52, -0.8000, -5.902
40.53, -0.8000, -6.041
40.54, -0.8000, -6.940
40.55, -0.8000, -4.434
40.56, -0.8000, -4.638
40.57, -0.8000, -6.265
40.58, -0.8000, -7.593
40.59, -0.8000, -6.058
40.60, -0.8000, -5.572
40.61, -0.8000, -5.254
40.62, -0.8000, -6.385
40.63, -0.8000, -5.433
40.64, -0.8000, -4.488
40.65, -0.8000, -6.023
40.66, -0.8000, -6.356
40.67, -0.8000, -5.586
40.68, -0.8000, -5.968
40.69, -0.8000, -6.526
40.70, -0.8000, -7.131
40.71, -0.8000, -5.216
40.72, -0.8000, -5.073
40.73, -0.8000, -5.764
40.74, -0.8000, -7.091
40.75, -0.8000, -7.016
40.76, -0.8000, -4.622
40.77, -0.8000, -5.573
40.78, -0.8000, -5.936
40.79, -0.8000, -6.848
40.80, -0.8000, -6.178
40.81, -0.8000, -5.570
40.82, -0.8000, -7.404
40.83, -0.8000, -6.476
40.84, -0.8000, -3.749
40.85, -0.8000, -4.366
40.86, -0.8000, -5.201
40.87, -0.8000, -6.136
40.88, -0.8000, -6.424
40.89, -0.8000, -6.366
40.90, -0.8000, -5.701
40.91, -0.8000, -5.245
40.92, -0.8000, -4.735
40.93, -0.8000, -5.916
40.94, -0.8000, -7.050
40.95, -0.8000, -5.478
40.96, -0.8000, -4.640
40.97, -0.8000, -5.332
40.98, -0.8000, -6.177
40.99, -0.8000, -5.690
41.00, -0.8000, -5.828
41.01, -0.8000, -6.249
41.02, -0.8000, -6.541
41.03, -0.8000, -5.513
41.04, -0.8000, -6.217
41.05, -0.8000, -5.355
41.06, -0.8000, -6.496
41.07, -0.8000, -3.990
41.08, -0.8000, -7.211
41.09, -0.8000, -4.679
41.10, -0.8000, -6.995
41.11, -0.8000, -5.188
41.12, -0.8000, -6.160
41.13, -0.8000, -6.132
41.14, -0.8000, -7.950
41.15, -0.8000, -6.063
41.16, -0.8000, -5.593
41.17, -0.8000, -6.565
41.18, -0.8000, -6.200
41.19, -0.8000, -5.213
41.20, -0.8000, -4.892
41.21, -0.8000, -5.958
41.22, -0.8000, -5.443
41.23, -0.8000, -6.224
41.24, -0.8000, -5.709
41.25, -0.8000, -7.304
41.26, -0.8000, -5.198
41.27, -0.8000, -6.060
41.28, -0.8000, -5.495
41.29, -0.8000, -6.803
41.30, -0.8000, -3.996
41.31, -0.8000, -3.907
41.32, -0.8000, -6.500
41.33, -0.8000, -6.469
41.34, -0.8000, -4.572
41.35, -0.8000, -6.727
41.36, -0.8000, -5.559
41.37, -0.8000, -6.099
41.38, -0.8000, -5.112
41.39, -0.8000, -4.747
41.40, -0.8000, -7.104
41.41, -0.8000, -5.711
41.42, -0.8000, -5.595
41.43, -0.8000, -5.422
41.44, -0.8000, -6.434
41.45, -0.8000, -5.477
41.46, -0.8000, -6.252
41.47, -0.8000, -5.858
41.48, -0.8000, -6.350
41.49, -0.8000, -5.409
41.50, -0.8000, -5.672
41.51, -0.8000, -5.464
41.52, -0.8000, -4.895
41.53, -0.8000, -6.281
41.54, -0.8000, -5.004
41.55, -0.8000, -6.783
41.56, -0.8000, -5.232
41.57, -0.8000, -5.871
41.58, -0.8000, -6.088
41.59, -0.8000, -6.100
41.60, -0.8000, -5.429
41.61, -0.8000, -5.980
41.62, -0.8000, -7.095
41.63, -0.8000, -4.346
41.64, -0.8000, -5.961
41.65, -0.8000, -4.860
41.66, -0.8000, -6.753
41.67, -0.8000, -5.999
41.68, -0.8000, -5.081
41.69, -0.8000, -5.148
41.70, -0.8000, -6.718
41.71, -0.8000, -4.683
41.72, -0.8000, -5.531
41.73, -0.8000, -5.668
41.74, -0.8000, -6.003
41.75, -0.8000, -4.395
41.76, -0.8000, -5.203
41.77, -0.8000, -6.035
41.78, -0.8000, -4.723
41.79, -0.8000, -6.120
41.80, -0.8000, -6.201
41.81, -0.8000, -6.427
41.82, -0.8000, -6.587
41.83, -0.8000, -5.584
41.84, -0.8000, -6.743
41.85, -0.8000, -6.689
41.86, -0.8000, -5.997
41.87, -0.8000, -6.477
41.88, -0.8000, -5.142
41.89, -0.8000, -5.884
41.90, -0.8000, -6.701
41.91, -0.8000, -4.669
41.92, -0.8000, -5.104
41.93, -0.8000, -5.669
41.94, -0.8000, -6.560
41.95, -0.8000, -4.663
41.96, -0.8000, -5.990
41.97, -0.8000, -5.943
41.98, -0.8000, -6.712
41.99, -0.8000, -6.407
42.00, -0.8000, -6.059
42.01, -0.8000, -5.980
42.02, -0.8000, -4.574
42.03, -0.8000, -6.146
42.04, -0.8000, -3.757
42.05, -0.8000, -6.115
42.06, -0.8000, -5.232
42.07, -0.8000, -5.967
42.08, -0.8000, -6.063
42.09, -0.8000, -5.528
42.10, -0.8000, -6.229
42.11, -0.8000, -5.874
42.12, -0.8000, -6.581
42.13, -0.8000, -5.256
42.14, -0.8000, -5.325
42.15, -0.8000, -5.465
42.16, -0.8000, -7.888
42.17, -0.8000, -4.630
42.18, -0.8000, -4.358
42.19, -0.8000, -6.066
42.20, -0.8000, -6.296
42.21, -0.8000, -6.141
42.22, -0.8000, -4.541
42.23, -0.8000, -5.984
42.24, -0.8000, -6.402
42.25, -0.8000, -6.636
42.26, -0.8000, -5.208
42.27, -0.8000, -6.056
42.28, -0.8000, -6.898
42.29, -0.8000, -6.579
42.30, -0.8000, -5.047
42.31, -0.8000, -5.418
42.32, -0.8000, -5.409
42.33, -0.8000, -7.021
42.34, -0.8000, -6.117
42.35, -0.8000, -5.148
42.36, -0.8000, -7.243
42.37, -0.8000, -5.580
42.38, -0.8000, -4.922
42.39, -0.8000, -5.809
42.40, -0.8000, -5.336
42.41, -0.8000, -5.368
42.42, -0.8000, -6.591
42.43, -0.8000, -7.020
42.44, -0.8000, -6.277
42.45, -0.8000, -4.742
42.46, -0.8000, -4.980
42.47, -0.8000, -6.565
42.48, -0.8000, -6.859
42.49, -0.8000, -4.395
42.50, -0.8000, -5.055
42.51, -0.8000, -5.433
42.52, -0.8000, -6.020
42.53, -0.8000, -5.386
42.54, -0.8000, -5.892
42.55, -0.8000, -5.158
42.56, -0.8000, -7.165
42.57, -0.8000, -5.424
42.58, -0.8000, -5.175
42.59, -0.8000, -5.691
42.60, -0.8000, -5.513
42.61, -0.8000, -6.493
42.62, -0.8000, -5.805
42.63, -0.8000, -5.707
42.64, -0.8000, -4.953
42.65, -0.8000, -6.276
42.66, -0.8000, -4.594
42.67, -0.8000, -5.936
42.68, -0.8000, -4.958
42.69, -0.8000, -6.836
42.70, -0.8000, -6.120
42.71, -0.8000, -4.635
42.72, -0.8000, -6.616
42.73, -0.8000, -5.721
42.74, -0.8000, -4.894
42.75, -0.8000, -5.652
42.76, -0.8000, -5.270
42.77, -0.8000, -5.858
42.78, -0.8000, -5.343
42.79, -0.8000, -6.959
42.80, -0.8000, -7.369
42.81, -0.8000, -6.693
42.82, -0.8000, -5.813
42.83, -0.8000, -5.382
42.84, -0.8000, -6.484
42.85, -0.8000, -5.525
42.86, -0.8000, -4.524
42.87, -0.8000, -4.411
42.88, -0.8000, -5.806
42.89, -0.8000, -5.590
42.90, -0.8000, -4.242
42.91, -0.8000, -4.754
42.92, -0.8000, -6.325
42.93, -0.8000, -6.799
42.94, -0.8000, -5.418
42.95, -0.8000, -5.787
42.96, -0.8000, -5.689
42.97, -0.8000, -6.195
42.98, -0.8000, -5.907
42.99, -0.8000, -5.760
43.00, -0.8000, -5.065
43.01, -0.8000, -6.256
43.02, -0.8000, -6.810
43.03, -0.8000, -5.310
43.04, -0.8000, -5.825
43.05, -0.8000, -6.293
43.06, -0.8000, -4.957
43.07, -0.8000, -5.668
43.08, -0.8000, -5.952
43.09, -0.8000, -6.549
43.10, -0.8000, -4.565
43.11, -0.8000, -4.316
43.12, -0.8000, -7.365
43.13, -0.8000, -7.128
43.14, -0.8000, -4.989
43.15, -0.8000, -5.589
43.16, -0.8000, -5.380
43.17, -0.8000, -6.926
43.18, -0.8000, -5.811
43.19, -0.8000, -7.099
43.20, -0.8000, -5.912
43.21, -0.8000, -6.250
43.22, -0.8000, -5.912
43.23, -0.8000, -4.555
43.24, -0.8000, -5.681
43.25, -0.8000, -6.812
43.26, -0.8000, -5.669
43.27, -0.8000, -5.039
43.28, -0.8000, -6.463
43.29, -0.8000, -6.275
43.30, -0.8000, -5.310
43.31, -0.8000, -5.363
43.32, -0.8000, -5.188
43.33, -0.8000, -6.023
43.34, -0.8000, -6.600
43.35, -0.8000, -4.490
43.36, -0.8000, -4.906
43.37, -0.8000, -4.710
43.38, -0.8000, -6.105
43.39, -0.8000, -5.794
43.40, -0.8000, -5.155
43.41, -0.8000, -6.085
43.42, -0.8000, -5.558
43.43, -0.8000, -6.186
43.44, -0.8000, -4.118
43.45, -0.8000, -5.821
43.46, -0.8000, -5.975
43.47, -0.8000, -6.943
43.48, -0.8000, -5.712
43.49, -0.8000, -5.390
43.50, -0.8000, -5.963
43.51, -0.8000, -6.180
43.52, -0.8000, -4.378
43.53, -0.8000, -6.421
43.54, -0.8000, -5.755
43.55, -0.8000, -7.378
43.56, -0.8000, -4.774
43.57, -0.8000, -5.409
43.58, -0.8000, -7.521
43.59, -0.8000, -5.786
43.60, -0.8000, -6.575
43.61, -0.8000, -5.776
43.62, -0.8000, -6.455
43.63, -0.8000, -4.509
43.64, -0.8000, -5.839
43.65, -0.8000, -6.042
43.66, -0.8000, -6.293
43.67, -0.8000, -4.550
43.68, -0.8000, -5.522
43.69, -0.8000, -5.609
43.70, -0.8000, -5.965
43.71, -0.8000, -6.154
43.72, -0.8000, -5.374
43.73, -0.8000, -6.480
43.74, -0.8000, -4.518
43.75, -0.8000, -4.785
43.76, -0.8000, -5.939
43.77, -0.8000, -5.724
43.78, -0.8000, -5.498
43.79, -0.8000, -6.237
43.80, -0.8000, -7.334
43.81, -0.8000, -4.501
43.82, -0.8000, -4.904
43.83, -0.8000, -6.055
43.84, -0.8000, -5.283
43.85, -0.8000, -4.625
43.86, -0.8000, -5.061
43.87, -0.8000, -5.729
43.88, -0.8000, -6.303
43.89, -0.8000, -5.445
43.90, -0.8000, -5.688
43.91, -0.8000, -7.138
43.92, -0.8000, -5.097
43.93, -0.8000, -5.687
43.94, -0.8000, -5.028
43.95, -0.8000, -7.408
43.96, -0.8000, -6.056
43.97, -0.8000, -5.707
43.98, -0.8000, -5.836
43.99, -0.8000, -7.498
44.00, -0.8000, -6.224
44.01, -0.8000, -5.543
44.02, -0.8000, -5.526
44.03, -0.8000, -5.614
44.04, -0.8000, -5.306
44.05, -0.8000, -6.536
44.06, -0.8000, -6.578
44.07, -0.8000, -4.712
44.08, -0.8000, -5.378
44.09, -0.8000, -5.429
44.10, -0.8000, -8.171
44.11, -0.8000, -4.273
44.12, -0.8000, -5.792
44.13, -0.8000, -6.525
44.14, -0.8000, -5.292
44.15, -0.8000, -5.241
44.16, -0.8000, -4.872
44.17, -0.8000, -6.568
44.18, -0.8000, -5.143
44.19, -0.8000, -4.807
44.20, -0.8000, -6.746
44.21, -0.8000, -5.815
44.22, -0.8000, -4.618
44.23, -0.8000, -6.485
44.24, -0.8000, -6.352
44.25, -0.8000, -6.404
44.26, -0.8000, -6.769
44.27, -0.8000, -6.426
44.28, -0.8000, -6.046
44.29, -0.8000, -4.832
44.30, -0.8000, -6.960
44.31, -0.8000, -5.718
44.32, -0.8000, -6.102
44.33, -0.8000, -5.773
44.34, -0.8000, -5.244
44.35, -0.8000, -6.095
44.36, -0.8000, -5.765
44.37, -0.8000, -4.497
44.38, -0.8000, -6.783
44.39, -0.8000, -6.264
44.40, -0.8000, -6.776
44.41, -0.8000, -5.000
44.42, -0.8000, -6.102
44.43, -0.8000, -4.980
44.44, -0.8000, -7.208
44.45, -0.8000, -4.945
44.46, -0.8000, -5.989
44.47, -0.8000, -5.132
44.48, -0.8000, -5.670
44.49, -0.8000, -5.484
44.50, -0.8000, -6.948
44.51, -0.8000, -6.632
44.52, -0.8000, -6.188
44.53, -0.8000, -5.250
44.54, -0.8000, -5.104
44.55, -0.8000, -5.907
44.56, -0.8000, -5.805
44.57, -0.8000, -5.845
44.58, -0.8000, -5.694
44.59, -0.8000, -6.216
44.60, -0.8000, -4.779
44.61, -0.8000, -5.802
44.62, -0.8000, -6.728
44.63, -0.8000, -6.557
44.64, -0.8000, -4.770
44.65, -0.8000, -5.828
44.66, -0.8000, -5.939
44.67, -0.8000, -5.989
44.68, -0.8000, -4.319
44.69, -0.8000, -5.394
44.70, -0.8000, -4.624
44.71, -0.8000, -7.120
44.72, -0.8000, -4.697
44.73, -0.8000, -6.035
44.74, -0.8000, -6.520
44.75, -0.8000, -6.512
44.76, -0.8000, -4.221
44.77, -0.8000, -5.576
44.78, -0.8000, -6.804
44.79, -0.8000, -4.921
44.80, -0.8000, -6.933
44.81, -0.8000, -7.051
44.82, -0.8000, -7.257
44.83, -0.8000, -4.689
44.84, -0.8000, -5.827
44.85, -0.8000, -5.508
44.86, -0.8000, -5.531
44.87, -0.8000, -5.488
44.88, -0.8000, -5.050
44.89, -0.8000, -5.718
44.90, -0.8000, -6.556
44.91, -0.8000, -6.440
44.92, -0.8000, -5.765
44.93, -0.8000, -4.426
44.94, -0.8000, -6.654
44.95, -0.8000, -5.737
44.96, -0.8000, -5.094
44.97, -0.8000, -5.609
44.98, -0.8000, -5.346
44.99, -0.8000, -6.103
45.00, 0.000, -5.758
45.01, 0.001000, 85.54
45.02, 0.002000, 41.32
45.03, 0.003000, 27.02
45.04, 0.004000, 19.59
45.05, 0.005000, 14.92
45.06, 0.006000, 12.33
45.07, 0.007000, 9.755
45.08, 0.008000, 6.881
45.09, 0.009000, 7.003
45.10, 0.01000, 4.775
45.11, 0.01100, 6.361
45.12, 0.01200, 4.035
45.13, 0.01300, 5.268
45.14, 0.01400, 4.717
45.15, 0.01500, 3.931
45.16, 0.01600, 3.263
45.17, 0.01700, 2.040
45.18, 0.01800, 2.143
45.19, 0.01900, 1.450
45.20, 0.02000, 2.735
45.21, 0.02100, 2.508
45.22, 0.02200, 0.7755
45.23, 0.02300, 1.210
45.24, 0.02400, 2.497
45.25, 0.02500, 0.6755
45.26, 0.02600, 0.1540
45.27, 0.02700, 2.025
45.28, 0.02800, -0.5457
45.29, 0.02900, 1.241
45.30, 0.03000, 0.5284
45.31, 0.03100, 0.4264
45.32, 0.03200, 1.036
45.33, 0.03300, 1.322
45.34, 0.03400, -0.9637
45.35, 0.03500, 2.564
45.36, 0.03600, 0.3424
45.37, 0.03700, -1.606
45.38, 0.03800, -1.197
45.39, 0.03900, 0.3422
45.40, 0.04000, 1.456
45.41, 0.04100, -0.1131
45.42, 0.04200, -1.276
45.43, 0.04300, 0.05474
45.44, 0.04400, 0.1398
45.45, 0.04500, -1.876
45.46, 0.04600, 1.468
45.47, 0.04700, 1.374
45.48, 0.04800, 0.3670
45.49, 0.04900, -1.932
45.50, 0.05000, -0.3841
45.51, 0.05100, -0.9814
45.52, 0.05200, -0.7062
45.53, 0.05300, -2.469
45.54, 0.05400, -1.890
45.55, 0.05500, -1.429
45.56, 0.05600, -0.5853
45.57, 0.05700, -3.162
45.58, 0.05800, -0.9946
45.59, 0.05900, -0.9350
45.60, 0.06000, -0.4878
45.61, 0.06100, -2.002
45.62, 0.06200, -1.039
45.63, 0.06300, 0.8912
45.64, 0.06400, -2.054
45.65, 0.06500, -2.744
45.66, 0.06600, -1.554
45.67, 0.06700, 0.5942
45.68, 0.06800, -0.1569
45.69, 0.06900, -1.519
45.70, 0.07000, -0.5780
45.71, 0.07100, 0.2848
45.72, 0.07200, -0.7312
45.73, 0.07300, -1.099
45.74, 0.07400, -1.131
45.75, 0.07500, 0.9160
45.76, 0.07600, -1.476
45.77, 0.07700, -0.9747
45.78, 0.07800, -0.9916
45.79, 0.07900, -1.784
45.80, 0.08000, 1.006
45.81, 0.08100, -1.072
45.82, 0.08200, -0.7560
45.83, 0.08300, 0.1713
45.84, 0.08400, 0.6076
45.85, 0.08500, -2.606
45.86, 0.08600, -1.038
45.87, 0.08700, -1.703
45.88, 0.08800, 0.6068
45.89, 0.08900, -2.431
45.90, 0.09000, -0.9112
45.91, 0.09100, -1.864
45.92, 0.09200, -0.4165
45.93, 0.09300, 0.1856
45.94, 0.09400, -0.6271
45.95, 0.09500, -1.298
45.96, 0.09600, -1.283
45.97, 0.09700, -0.4314
45.98, 0.09800, -0.9627
45.99, 0.09900, -1.833
46.00, 0.1000, -2.686
46.01, 0.1010, 0.8476
46.02, 0.1020, -0.6948
46.03, 0.1030, -1.684
46.04, 0.1040, -1.747
46.05, 0.1050, -0.9963
46.06, 0.1060, -0.6431
46.07, 0.1070, -1.166
46.08, 0.1080, -1.539
46.09, 0.1090, -0.7881
46.10, 0.1100, -0.2063
46.11, 0.1110, -0.001418
46.12, 0.1120, -0.3525
46.13, 0.1130, -0.8038
46.14, 0.1140, 0.1671
46.15, 0.1150, 2.651
46.16, 0.1160, -1.195
46.17, 0.1170, -0.1874
46.18, 0.1180, -0.3978
46.19, 0.1190, 2.046
46.20, 0.1200, -1.636
46.21, 0.1210, 2.099
46.22, 0.1220, 0.6412
46.23, 0.1230, 1.269
46.24, 0.1240, -2.287
46.25, 0.1250, 0.09465
46.26, 0.1260, -0.8813
46.27, 0.1270, -0.8028
46.28, 0.1280, -0.3420
46.29, 0.1290, 0.5790
46.30, 0.1300, -0.3289
46.31, 0.1310, 0.7971
46.32, 0.1320, -0.4273
46.33, 0.1330, 0.1584
46.34, 0.1340, -1.108
46.35, 0.1350, 1.826
46.36, 0.1360, 0.7267
46.37, 0.1370, 0.05259
46.38, 0.1380, 1.310
46.39, 0.1390, 1.206
46.40, 0.1400, -0.2159
46.41, 0.1410, -2.105
46.42, 0.1420, 1.867
46.43, 0.1430, -0.3048
46.44, 0.1440, 0.1968
46.45, 0.1450, 0.7719
46.46, 0.1460, 1.746
46.47, 0.1470, 1.148
46.48, 0.1480, 0.1948
46.49, 0.1490, -0.4923
46.50, 0.1500, 2.900
46.51, 0.1510, 0.5000
46.52, 0.1520, 0.7443
46.53, 0.1530, 0.8339
46.54, 0.1540, 2.156
46.55, 0.1550, 1.662
46.56, 0.1560, 2.096
46.57, 0.1570, 1.073
46.58, 0.1580, 2.971
46.59, 0.1590, 1.655
46.60, 0.1600, 1.846
46.61, 0.1610, 0.5094
46.62, 0.1620, 3.593
46.63, 0.1630, 2.427
46.64, 0.1640, 1.395
46.65, 0.1650, 2.471
46.66, 0.1660, 3.439
46.67, 0.1670, 1.039
46.68, 0.1680, 0.8345
46.69, 0.1690, 2.225
46.70, 0.1700, 1.478
46.71, 0.1710, 1.946
46.72, 0.1720, 3.142
46.73, 0.1730, 1.814
46.74, 0.1740, 3.584
46.75, 0.1750, 4.260
46.76, 0.1760, 2.526
46.77, 0.1770, 0.1025
46.78, 0.1780, 4.040
46.79, 0.1790, 3.596
46.80, 0.1800, 0.6952
46.81, 0.1810, 2.426
46.82, 0.1820, 1.809
46.83, 0.1830, 1.916
46.84, 0.1840, 2.386
46.85, 0.1850, 2.638
46.86, 0.1860, 4.411
46.87, 0.1870, 3.599
46.88, 0.1880, 4.277
46.89, 0.1890, 0.6948
46.90, 0.1900, 2.431
46.91, 0.1910, 2.269
46.92, 0.1920, 2.830
46.93, 0.1930, 3.870
46.94, 0.1940, 5.627
46.95, 0.1950, 4.288
46.96, 0.1960, 4.164
46.97, 0.1970, 2.448
46.98, 0.1980, 5.225
46.99, 0.1990, 4.991
47.00, 0.2000, 4.593
47.01, 0.2010, 3.706
47.02, 0.2020, 4.938
47.03, 0.2030, 5.433
47.04, 0.2040, 3.445
47.05, 0.2050, 2.890
47.06, 0.2060, 4.318
47.07, 0.2070, 4.022
47.08, 0.2080, 4.868
47.09, 0.2090, 5.642
47.10, 0.2100, 5.951
47.11, 0.2110, 4.500
47.12, 0.2120, 4.184
47.13, 0.2130, 4.510
47.14, 0.2140, 6.038
47.15, 0.2150, 5.711
47.16, 0.2160, 5.925
47.17, 0.2170, 5.588
47.18, 0.2180, 5.449
47.19, 0.2190, 5.922
47.20, 0.2200, 5.510
47.21, 0.2210, 6.524
47.22, 0.2220, 5.655
47.23, 0.2230, 4.952
47.24, 0.2240, 6.342
47.25, 0.2250, 5.002
47.26, 0.2260, 6.278
47.27, 0.2270, 7.696
47.28, 0.2280, 5.370
47.29, 0.2290, 5.925
47.30, 0.2300, 7.259
47.31, 0.2310, 6.709
47.32, 0.2320, 4.984
47.33, 0.2330, 5.538
47.34, 0.2340, 8.162
47.35, 0.2350, 6.923
47.36, 0.2360, 6.905
47.37, 0.2370, 6.059
47.38, 0.2380, 8.368
47.39, 0.2390, 8.927
47.40, 0.2400, 6.406
47.41, 0.2410, 6.229
47.42, 0.2420, 6.640
47.43, 0.2430, 6.286
47.44, 0.2440, 7.145
47.45, 0.2450, 8.166
47.46, 0.2460, 7.719
47.47, 0.2470, 6.088
47.48, 0.2480, 6.139
47.49, 0.2490, 8.449
47.50, 0.2500, 7.788
47.51, 0.2510, 6.874
47.52, 0.2520, 6.154
47.53, 0.2530, 7.846
47.54, 0.2540, 8.249
47.55, 0.2550, 6.406
47.56, 0.2560, 7.406
47.57, 0.2570, 7.792
47.58, 0.2580, 7.859
47.59, 0.2590, 5.379
47.60, 0.2600, 6.600
47.61, 0.2610, 8.330
47.62, 0.2620, 7.161
47.63, 0.2630, 5.129
47.64, 0.2640, 5.993
47.65, 0.2650, 7.197
47.66, 0.2660, 7.608
47.67, 0.2670, 5.323
47.68, 0.2680, 8.427
47.69, 0.2690, 7.027
47.70, 0.2700, 7.491
47.71, 0.2710, 6.439
47.72, 0.2720, 7.010
47.73, 0.2730, 7.526
47.74, 0.2740, 8.235
47.75, 0.2750, 7.732
47.76, 0.2760, 7.026
47.77, 0.2770, 8.309
47.78, 0.2780, 10.06
47.79, 0.2790, 8.094
47.80, 0.2800, 8.801
47.81, 0.2810, 10.30
47.82, 0.2820, 8.259
47.83, 0.2830, 7.824
47.84, 0.2840, 8.272
47.85, 0.2850, 9.442
47.86, 0.2860, 9.349
47.87, 0.2870, 8.127
47.88, 0.2880, 8.834
47.89, 0.2890, 9.712
47.90, 0.2900, 9.063
47.91, 0.2910, 9.613
47.92, 0.2920, 8.600
47.93, 0.2930, 9.292
47.94, 0.2940, 11.29
47.95, 0.2950, 8.816
47.96, 0.2960, 10.65
47.97, 0.2970, 10.20
47.98, 0.2980, 8.950
47.99, 0.2990, 8.058
48.00, 0.3000, 10.29
48.01, 0.3010, 9.169
48.02, 0.3020, 9.970
48.03, 0.3030, 9.231
48.04, 0.3040, 11.77
48.05, 0.3050, 9.637
48.06, 0.3060, 8.991
48.07, 0.3070, 9.455
48.08, 0.3080, 11.71
48.09, 0.3090, 9.904
48.10, 0.3100, 9.993
48.11, 0.3110, 10.68
48.12, 0.3120, 11.62
48.13, 0.3130, 10.04
48.14, 0.3140, 9.641
48.15, 0.3150, 9.823
48.16, 0.3160, 10.97
48.17, 0.3170, 10.65
48.18, 0.3180, 10.98
48.19, 0.3190, 9.841
48.20, 0.3200, 9.888
48.21, 0.3210, 11.61
48.22, 0.3220, 11.31
48.23, 0.3230, 12.18
48.24, 0.3240, 12.02
48.25, 0.3250, 11.35
48.26, 0.3260, 13.15
48.27, 0.3270, 11.20
48.28, 0.3280, 12.29
48.29, 0.3290, 9.787
48.30, 0.3300, 12.71
48.31, 0.3310, 10.83
48.32, 0.3320, 11.63
48.33, 0.3330, 13.93
48.34, 0.3340, 11.85
48.35, 0.3350, 12.12
48.36, 0.3360, 10.98
48.37, 0.3370, 12.60
48.38, 0.3380, 12.98
48.39, 0.3390, 12.35
48.40, 0.3400, 11.02
48.41, 0.3410, 13.08
48.42, 0.3420, 12.54
48.43, 0.3430, 13.07
48.44, 0.3440, 10.98
48.45, 0.3450, 13.81
48.46, 0.3460, 12.02
48.47, 0.3470, 12.36
48.48, 0.3480, 13.69
48.49, 0.3490, 11.97
48.50, 0.3500, 13.54
48.51, 0.3510, 13.22
48.52, 0.3520, 12.43
48.53, 0.3530, 12.86
48.54, 0.3540, 12.97
48.55, 0.3550, 13.54
48.56, 0.3560, 12.20
48.57, 0.3570, 14.01
48.58, 0.3580, 13.73
48.59, 0.3590, 14.35
48.60, 0.3600, 13.32
48.61, 0.3610, 13.18
48.62, 0.3620, 14.05
48.63, 0.3630, 14.74
48.64, 0.3640, 14.90
48.65, 0.3650, 13.86
48.66, 0.3660, 16.57
48.67, 0.3670, 15.75
48.68, 0.3680, 11.90
48.69, 0.3690, 13.92
48.70, 0.3700, 15.03
48.71, 0.3710, 15.33
48.72, 0.3720, 14.57
48.73, 0.3730, 15.41
48.74, 0.3740, 15.35
48.75, 0.3750, 16.62
48.76, 0.3760, 13.55
48.77, 0.3770, 14.01
48.78, 0.3780, 13.92
48.79, 0.3790, 14.91
48.80, 0.3800, 15.01
48.81, 0.3810, 13.06
48.82, 0.3820, 17.19
48.83, 0.3830, 15.01
48.84, 0.3840, 13.96
48.85, 0.3850, 15.53
48.86, 0.3860, 15.34
48.87, 0.3870, 15.23
48.88, 0.3880, 15.27
48.89, 0.3890, 15.16
48.90, 0.3900, 14.67
48.91, 0.3910, 14.77
48.92, 0.3920, 15.98
48.93, 0.3930, 15.61
48.94, 0.3940, 15.07
48.95, 0.3950, 13.52
48.96, 0.3960, 16.24
48.97, 0.3970, 14.38
48.98, 0.3980, 15.56
48.99, 0.3990, 15.34
49.00, 0.4000, 15.54
49.01, 0.4010, 16.91
49.02, 0.4020, 15.08
49.03, 0.4030, 16.26
49.04, 0.4040, 15.70
49.05, 0.4050, 17.86
49.06, 0.4060, 15.43
49.07, 0.4070, 15.60
49.08, 0.4080, 16.79
49.09, 0.4090, 15.21
49.10, 0.4100, 16.91
49.11, 0.4110, 16.03
49.12, 0.4120, 14.99
49.13, 0.4130, 16.19
49.14, 0.4140, 17.17
49.15, 0.4150, 16.01
49.16, 0.4160, 15.37
49.17, 0.4170, 15.95
49.18, 0.4180, 16.36
49.19, 0.4190, 16.83
49.20, 0.4200, 16.90
49.21, 0.4210, 15.27
49.22, 0.4220, 16.45
49.23, 0.4230, 16.97
49.24, 0.4240, 16.94
49.25, 0.4250, 16.03
49.26, 0.4260, 17.41
49.27, 0.4270, 16.34
49.28, 0.4280, 16.78
49.29, 0.4290, 15.08
49.30, 0.4300, 16.63
49.31, 0.4310, 18.81
49.32, 0.4320, 17.13
49.33, 0.4330, 17.61
49.34, 0.4340, 16.11
49.35, 0.4350, 16.40
49.36, 0.4360, 17.18
49.37, 0.4370, 16.95
49.38, 0.4380, 15.93
49.39, 0.4390, 15.72
49.40, 0.4400, 17.80
49.41, 0.4410, 17.95
49.42, 0.4420, 16.39
49.43, 0.4430, 16.29
49.44, 0.4440, 16.78
49.45, 0.4450, 18.75
49.46, 0.4460, 17.10
49.47, 0.4470, 16.71
49.48, 0.4480, 16.92
49.49, 0.4490, 18.13
49.50, 0.4500, 17.58
49.51, 0.4510, 17.63
49.52, 0.4520, 18.33
49.53, 0.4530, 17.70
49.54, 0.4540, 17.88
49.55, 0.4550, 17.57
49.56, 0.4560, 18.86
49.57, 0.4570, 17.69
49.58, 0.4580, 15.29
49.59, 0.4590, 18.76
49.60, 0.4600, 17.89
49.61, 0.4610, 17.98
49.62, 0.4620, 17.26
49.63, 0.4630, 18.34
49.64, 0.4640, 20.78
49.65, 0.4650, 17.24
49.66, 0.4660, 17.77
49.67, 0.4670, 16.50
49.68, 0.4680, 19.15
49.69, 0.4690, 18.07
49.70, 0.4700, 18.27
49.71, 0.4710, 17.47
49.72, 0.4720, 17.25
49.73, 0.4730, 19.55
49.74, 0.4740, 17.23
49.75, 0.4750, 17.79
49.76, 0.4760, 16.92
49.77, 0.4770, 17.77
49.78, 0.4780, 19.13
49.79, 0.4790, 18.25
49.80, 0.4800, 16.35
49.81, 0.4810, 18.37
49.82, 0.4820, 18.05
49.83, 0.4830, 18.61
49.84, 0.4840, 18.91
49.85, 0.4850, 16.49
49.86, 0.4860, 18.30
49.87, 0.4870, 18.43
49.88, 0.4880, 19.60
49.89, 0.4890, 17.21
49.90, 0.4900, 20.39
49.91, 0.4910, 18.07
49.92, 0.4920, 19.74
49.93, 0.4930, 18.21
49.94, 0.4940, 18.74
49.95, 0.4950, 19.86
49.96, 0.4960, 19.65
49.97, 0.4970, 18.54
49.98, 0.4980, 18.64
49.99, 0.4990, 20.29
50.00, 0.5000, 19.34
50.01, 0.5010, 18.68
50.02, 0.5020, 18.21
50.03, 0.5030, 17.93
50.04, 0.5040, 19.38
50.05, 0.5050, 18.76
50.06, 0.5060, 18.02
50.07, 0.5070, 17.78
50.08, 0.5080, 18.90
50.09, 0.5090, 18.60
50.10, 0.5100, 18.07
50.11, 0.5110, 17.49
50.12, 0.5120, 19.10
50.13, 0.5130, 18.55
50.14, 0.5140, 18.43
50.15, 0.5150, 18.55
50.16, 0.5160, 17.39
50.17, 0.5170, 17.41
50.18, 0.5180, 17.56
50.19, 0.5190, 18.31
50.20, 0.5200, 16.85
50.21, 0.5210, 19.43
50.22, 0.5220, 17.61
50.23, 0.5230, 16.83
50.24, 0.5240, 16.75
50.25, 0.5250, 19.51
50.26, 0.5260, 17.79
50.27, 0.5270, 18.93
50.28, 0.5280, 17.47
50.29, 0.5290, 18.61
50.30, 0.5300, 18.86
50.31, 0.5310, 19.01
50.32, 0.5320, 17.12
50.33, 0.5330, 18.96
50.34, 0.5340, 19.84
50.35, 0.5350, 19.35
50.36, 0.5360, 18.45
50.37, 0.5370, 20.03
50.38, 0.5380, 18.92
50.39, 0.5390, 19.64
50.40, 0.5400, 18.10
50.41, 0.5410, 18.12
50.42, 0.5420, 19.13
50.43, 0.5430, 18.54
50.44, 0.5440, 17.68
50.45, 0.5450, 17.67
50.46, 0.5460, 18.10
50.47, 0.5470, 18.59
50.48, 0.5480, 18.54
50.49, 0.5490, 18.40
50.50, 0.5500, 19.39
50.51, 0.5510, 19.49
50.52, 0.5520, 18.35
50.53, 0.5530, 17.36
50.54, 0.5540, 19.39
50.55, 0.5550, 19.07
50.56, 0.5560, 17.09
50.57, 0.5570, 18.28
50.58, 0.5580, 18.95
50.59, 0.5590, 19.89
50.60, 0.5600, 18.79
50.61, 0.5610, 18.52
50.62, 0.5620, 20.48
50.63, 0.5630, 18.53
50.64, 0.5640, 17.72
50.65, 0.5650, 18.73
50.66, 0.5660, 19.58
50.67, 0.5670, 18.68
50.68, 0.5680, 18.78
50.69, 0.5690, 18.55
50.70, 0.5700, 19.13
50.71, 0.5710, 18.67
50.72, 0.5720, 18.50
50.73, 0.5730, 21.73
50.74, 0.5740, 20.18
50.75, 0.5750, 18.68
50.76, 0.5760, 20.18
50.77, 0.5770, 18.42
50.78, 0.5780, 20.70
50.79, 0.5790, 19.70
50.80, 0.5800, 20.10
50.81, 0.5810, 19.44
50.82, 0.5820, 18.43
50.83, 0.5830, 20.07
50.84, 0.5840, 19.96
50.85, 0.5850, 18.10
50.86, 0.5860, 17.63
50.87, 0.5870, 18.91
50.88, 0.5880, 21.15
50.89, 0.5890, 18.58
50.90, 0.5900, 19.13
50.91, 0.5910, 18.15
50.92, 0.5920, 21.14
50.93, 0.5930, 19.69
50.94, 0.5940, 18.06
50.95, 0.5950, 17.91
50.96, 0.5960, 18.95
50.97, 0.5970, 20.22
50.98, 0.5980, 19.67
50.99, 0.5990, 17.94
51.00, 0.6000, 20.18
51.01, 0.6010, 20.82
51.02, 0.6020, 19.63
51.03, 0.6030, 19.18
51.04, 0.6040, 19.56
51.05, 0.6050, 21.04
51.06, 0.6060, 18.95
51.07, 0.6070, 18.71
51.08, 0.6080, 19.05
51.09, 0.6090, 19.26
51.10, 0.6100, 19.34
51.11, 0.6110, 19.06
51.12, 0.6120, 17.23
51.13, 0.6130, 21.05
51.14, 0.6140, 19.46
51.15, 0.6150, 21.39
51.16, 0.6160, 18.54
51.17, 0.6170, 18.94
51.18, 0.6180, 21.42
51.19, 0.6190, 20.34
51.20, 0.6200, 19.58
51.21, 0.6210, 18.88
51.22, 0.6220, 20.50
51.23, 0.6230, 20.62
51.24, 0.6240, 21.49
51.25, 0.6250, 20.11
51.26, 0.6260, 20.33
51.27, 0.6270, 20.21
51.28, 0.6280, 18.60
51.29, 0.6290, 19.80
51.30, 0.6300, 18.81
51.31, 0.6310, 21.99
51.32, 0.6320, 20.35
51.33, 0.6330, 18.35
51.34, 0.6340, 18.84
51.35, 0.6350, 20.27
51.36, 0.6360, 20.42
51.37, 0.6370, 21.34
51.38, 0.6380, 19.41
51.39, 0.6390, 21.06
51.40, 0.6400, 21.00
51.41, 0.6410, 19.93
51.42, 0.6420, 19.49
51.43, 0.6430, 19.74
51.44, 0.6440, 18.48
51.45, 0.6450, 19.75
51.46, 0.6460, 19.91
51.47, 0.6470, 19.25
51.48, 0.6480, 22.23
51.49, 0.6490, 20.27
51.50, 0.6500, 20.78
51.51, 0.6510, 20.10
51.52, 0.6520, 20.72
51.53, 0.6530, 20.98
51.54, 0.6540, 20.71
51.55, 0.6550, 21.19
51.56, 0.6560, 19.17
51.57, 0.6570, 20.50
51.58, 0.6580, 21.56
51.59, 0.6590, 21.69
51.60, 0.6600, 20.84
51.61, 0.6610, 19.93
51.62, 0.6620, 21.46
51.63, 0.6630, 21.67
51.64, 0.6640, 21.34
51.65, 0.6650, 20.32
51.66, 0.6660, 21.48
51.67, 0.6670, 22.83
51.68, 0.6680, 22.88
51.69, 0.6690, 21.55
51.70, 0.6700, 19.75
51.71, 0.6710, 22.56
51.72, 0.6720, 19.42
51.73, 0.6730, 22.07
51.74, 0.6740, 21.33
51.75, 0.6750, 21.20
51.76, 0.6760, 22.93
51.77, 0.6770, 22.39
51.78, 0.6780, 20.85
51.79, 0.6790, 20.79
51.80, 0.6800, 21.43
51.81, 0.6810, 22.65
51.82, 0.6820, 20.61
51.83, 0.6830, 21.56
51.84, 0.6840, 20.63
51.85, 0.6850, 22.15
51.86, 0.6860, 22.37
51.87, 0.6870, 20.70
51.88, 0.6880, 20.48
51.89, 0.6890, 22.08
51.90, 0.6900, 22.48
51.91, 0.6910, 21.57
51.92, 0.6920, 21.06
51.93, 0.6930, 20.64
51.94, 0.6940, 22.47
51.95, 0.6950, 20.65
51.96, 0.6960, 21.96
51.97, 0.6970, 21.40
51.98, 0.6980, 22.50
51.99, 0.6990, 23.10
52.00, 0.7000, 21.29
52.01, 0.7010, 22.05
52.02, 0.7020, 21.54
52.03, 0.7030, 22.68
52.04, 0.7040, 21.69
52.05, 0.7050, 22.76
52.06, 0.7060, 21.99
52.07, 0.7070, 21.11
52.08, 0.7080, 22.18
52.09, 0.7090, 22.92
52.10, 0.7100, 21.76
52.11, 0.7110, 20.28
52.12, 0.7120, 22.39
52.13, 0.7130, 21.52
52.14, 0.7140, 22.43
52.15, 0.7150, 19.96
52.16, 0.7160, 22.65
52.17, 0.7170, 22.02
52.18, 0.7180, 21.19
52.19, 0.7190, 21.27
52.20, 0.7200, 24.02
52.21, 0.7210, 20.93
52.22, 0.7220, 21.28
52.23, 0.7230, 19.88
52.24, 0.7240, 23.42
52.25, 0.7250, 22.37
52.26, 0.7260, 22.12
52.27, 0.7270, 22.24
52.28, 0.7280, 22.94
52.29, 0.7290, 22.02
52.30, 0.7300, 23.06
52.31, 0.7310, 21.04
52.32, 0.7320, 23.43
52.33, 0.7330, 21.95
52.34, 0.7340, 22.45
52.35, 0.7350, 21.78
52.36, 0.7360, 23.97
52.37, 0.7370, 21.86
52.38, 0.7380, 22.97
52.39, 0.7390, 20.01
52.40, 0.7400, 22.29
52.41, 0.7410, 21.89
52.42, 0.7420, 22.62
52.43, 0.7430, 21.19
52.44, 0.7440, 23.67
52.45, 0.7450, 21.72
52.46, 0.7460, 23.30
52.47, 0.7470, 22.76
52.48, 0.7480, 21.72
52.49, 0.7490, 23.87
52.50, 0.7500, 22.03
52.51, 0.7510, 21.55
52.52, 0.7520, 20.59
52.53, 0.7530, 23.87
52.54, 0.7540, 22.40
52.55, 0.7550, 21.12
52.56, 0.7560, 22.79
52.57, 0.7570, 23.65
52.58, 0.7580, 24.26
52.59, 0.7590, 23.02
52.60, 0.7600, 20.96
52.61, 0.7610, 24.01
52.62, 0.7620, 22.61
52.63, 0.7630, 21.61
52.64, 0.7640, 21.48
52.65, 0.7650, 22.86
52.66, 0.7660, 23.86
52.67, 0.7670, 21.77
52.68, 0.7680, 22.73
52.69, 0.7690, 21.84
52.70, 0.7700, 22.50
52.71, 0.7710, 21.91
52.72, 0.7720, 22.65
52.73, 0.7730, 23.60
52.74, 0.7740, 22.80
52.75, 0.7750, 22.05
52.76, 0.7760, 23.57
52.77, 0.7770, 23.76
52.78, 0.7780, 21.95
52.79, 0.7790, 21.05
52.80, 0.7800, 24.68
52.81, 0.7810, 23.72
52.82, 0.7820, 22.51
52.83, 0.7830, 23.14
52.84, 0.7840, 23.24
52.85, 0.7850, 23.60
52.86, 0.7860, 22.22
52.87, 0.7870, 24.43
52.88, 0.7880, 23.78
52.89, 0.7890, 22.98
52.90, 0.7900, 21.86
52.91, 0.7910, 24.34
52.92, 0.7920, 23.97
52.93, 0.7930, 23.51
52.94, 0.7940, 24.44
52.95, 0.7950, 24.18
52.96, 0.7960, 23.79
52.97, 0.7970, 22.88
52.98, 0.7980, 23.51
52.99, 0.7990, 24.09
53.00, 0.8000, 23.58
53.01, 0.8010, 22.77
53.02, 0.8020, 23.77
53.03, 0.8030, 23.63
53.04, 0.8040, 22.44
53.05, 0.8050, 22.68
53.06, 0.8060, 24.03
53.07, 0.8070, 22.99
53.08, 0.8080, 22.52
53.09, 0.8090, 24.62
53.10, 0.8100, 23.75
53.11, 0.8110, 23.79
53.12, 0.8120, 23.03
53.13, 0.8130, 24.81
53.14, 0.8140, 23.66
53.15, 0.8150, 23.03
53.16, 0.8160, 23.75
53.17, 0.8170, 23.46
53.18, 0.8180, 23.23
53.19, 0.8190, 22.52
53.20, 0.8200, 23.75
53.21, 0.8210, 25.22
53.22, 0.8220, 24.52
53.23, 0.8230, 22.96
53.24, 0.8240, 23.92
53.25, 0.8250, 24.31
53.26, 0.8260, 24.48
53.27, 0.8270, 23.37
53.28, 0.8280, 25.92
53.29, 0.8290, 24.35
53.30, 0.8300, 24.58
53.31, 0.8310, 23.17
53.32, 0.8320, 26.77
53.33, 0.8330, 25.65
53.34, 0.8340, 23.60
53.35, 0.8350, 24.25
53.36, 0.8360, 25.72
53.37, 0.8370, 25.56
53.38, 0.8380, 23.69
53.39, 0.8390, 24.08
53.40, 0.8400, 26.02
53.41, 0.8410, 23.68
53.42, 0.8420, 23.33
53.43, 0.8430, 23.48
53.44, 0.8440, 26.57
53.45, 0.8450, 25.17
53.46, 0.8460, 23.80
53.47, 0.8470, 24.45
53.48, 0.8480, 24.30
53.49, 0.8490, 25.59
53.50, 0.8500, 24.58
53.51, 0.8510, 23.13
53.52, 0.8520, 26.67
53.53, 0.8530, 25.02
53.54, 0.8540, 24.32
53.55, 0.8550, 22.56
53.56, 0.8560, 26.37
53.57, 0.8570, 25.97
53.58, 0.8580, 23.61
53.59, 0.8590, 23.54
53.60, 0.8600, 26.19
53.61, 0.8610, 25.21
53.62, 0.8620, 24.50
53.63, 0.8630, 24.99
53.64, 0.8640, 25.06
53.65, 0.8650, 24.03
53.66, 0.8660, 23.91
53.67, 0.8670, 26.56
53.68, 0.8680, 24.53
53.69, 0.8690, 25.85
53.70, 0.8700, 24.78
53.71, 0.8710, 26.92
53.72, 0.8720, 25.33
53.73, 0.8730, 24.46
53.74, 0.8740, 25.12
53.75, 0.8750, 25.67
53.76, 0.8760, 26.46
53.77, 0.8770, 24.71
53.78, 0.8780, 24.39
53.79, 0.8790, 25.94
53.80, 0.8800, 25.08
53.81, 0.8810, 24.31
53.82, 0.8820, 27.25
53.83, 0.8830, 25.61
53.84, 0.8840, 25.69
53.85, 0.8850, 25.88
53.86, 0.8860, 26.96
53.87, 0.8870, 26.18
53.88, 0.8880, 25.96
53.89, 0.8890, 24.80
53.90, 0.8900, 27.06
53.91, 0.8910, 26.50
53.92, 0.8920, 24.85
53.93, 0.8930, 26.05
53.94, 0.8940, 25.66
53.95, 0.8950, 25.95
53.96, 0.8960, 26.19
53.97, 0.8970, 27.53
53.98, 0.8980, 25.90
53.99, 0.8990, 26.39
54.00, 0.9000, 25.01
54.01, 0.9010, 25.09
54.02, 0.9020, 26.22
54.03, 0.9030, 26.67
54.04, 0.9040, 25.13
54.05, 0.9050, 24.26
54.06, 0.9060, 26.76
54.07, 0.9070, 26.13
54.08, 0.9080, 26.13
54.09, 0.9090, 25.68
54.10, 0.9100, 28.16
54.11, 0.9110, 27.24
54.12, 0.9120, 26.54
54.13, 0.9130, 26.86
54.14, 0.9140, 28.16
54.15, 0.9150, 27.36
54.16, 0.9160, 25.85
54.17, 0.9170, 27.36
54.18, 0.9180, 28.03
54.19, 0.9190, 28.25
54.20, 0.9200, 26.49
54.21, 0.9210, 28.12
54.22, 0.9220, 26.32
54.23, 0.9230, 27.11
54.24, 0.9240, 26.67
54.25, 0.9250, 27.82
54.26, 0.9260, 27.85
54.27, 0.9270, 26.98
54.28, 0.9280, 26.04
54.29, 0.9290, 28.49
54.30, 0.9300, 28.34
54.31, 0.9310, 27.71
54.32, 0.9320, 26.70
54.33, 0.9330, 28.71
54.34, 0.9340, 28.07
54.35, 0.9350, 27.75
54.36, 0.9360, 28.10
54.37, 0.9370, 27.84
54.38, 0.9380, 28.16
54.39, 0.9390, 25.69
54.40, 0.9400, 27.99
54.41, 0.9410, 27.49
54.42, 0.9420, 27.84
54.43, 0.9430, 27.67
54.44, 0.9440, 29.51
54.45, 0.9450, 28.62
54.46, 0.9460, 28.57
54.47, 0.9470, 27.95
54.48, 0.9480, 28.93
54.49, 0.9490, 28.54
54.50, 0.9500, 28.81
54.51, 0.9510, 26.34
54.52, 0.9520, 29.08
54.53, 0.9530, 28.21
54.54, 0.9540, 28.44
54.55, 0.9550, 27.90
54.56, 0.9560, 29.85
54.57, 0.9570, 30.12
54.58, 0.9580, 28.61
54.59, 0.9590, 29.08
54.60, 0.9600, 29.72
54.61, 0.9610, 29.79
54.62, 0.9620, 29.43
54.63, 0.9630, 28.85
54.64, 0.9640, 29.24
54.65, 0.9650, 29.98
54.66, 0.9660, 28.15
54.67, 0.9670, 28.35
54.68, 0.9680, 31.01
54.69, 0.9690, 31.12
54.70, 0.9700, 29.96
54.71, 0.9710, 27.74
54.72, 0.9720, 29.52
54.73, 0.9730, 30.16
54.74, 0.9740, 29.39
54.75, 0.9750, 28.43
54.76, 0.9760, 31.67
54.77, 0.9770, 30.03
54.78, 0.9780, 29.67
54.79, 0.9790, 28.86
54.80, 0.9800, 31.10
54.81, 0.9810, 29.70
54.82, 0.9820, 28.82
54.83, 0.9830, 29.53
54.84, 0.9840, 32.24
54.85, 0.9850, 30.50
54.86, 0.9860, 29.69
54.87, 0.9870, 28.73
54.88, 0.9880, 30.96
54.89, 0.9890, 30.17
54.90, 0.9900, 29.94
54.91, 0.9910, 28.11
54.92, 0.9920, 32.09
54.93, 0.9930, 30.32
54.94, 0.9940, 32.02
54.95, 0.9950, 28.54
54.96, 0.9960, 31.50
54.97, 0.9970, 31.66
54.98, 0.9980, 31.70
54.99, 0.9990, 31.25
55.00, 1.000, 32.08
55.01, 1.001, 29.47
55.02, 1.002, 30.53
55.03, 1.003, 29.17
55.04, 1.004, 33.07
55.05, 1.005, 30.75
55.06, 1.006, 29.99
55.07, 1.007, 28.86
55.08, 1.008, 32.03
55.09, 1.009, 30.62
55.10, 1.010, 30.39
55.11, 1.011, 30.44
55.12, 1.012, 32.40
55.13, 1.013, 30.67
55.14, 1.014, 30.48
55.15, 1.015, 30.50
55.16, 1.016, 31.66
55.17, 1.017, 30.72
55.18, 1.018, 30.05
55.19, 1.019, 32.56
55.20, 1.020, 31.63
55.21, 1.021, 31.86
55.22, 1.022, 31.63
55.23, 1.023, 31.06
55.24, 1.024, 32.70
55.25, 1.025, 31.17
55.26, 1.026, 33.04
55.27, 1.027, 34.29
55.28, 1.028, 32.32
55.29, 1.029, 31.48
55.30, 1.030, 33.13
55.31, 1.031, 32.90
55.32, 1.032, 32.46
55.33, 1.033, 31.42
55.34, 1.034, 33.31
55.35, 1.035, 32.71
55.36, 1.036, 33.13
55.37, 1.037, 33.25
55.38, 1.038, 32.79
55.39, 1.039, 34.16
55.40, 1.040, 32.83
55.41, 1.041, 34.11
55.42, 1.042, 34.43
55.43, 1.043, 35.01
55.44, 1.044, 32.39
55.45, 1.045, 34.15
55.46, 1.046, 34.28
55.47, 1.047, 34.90
55.48, 1.048, 33.45
55.49, 1.049, 35.24
55.50, 1.050, 34.40
55.51, 1.051, 35.00
55.52, 1.052, 33.37
55.53, 1.053, 34.52
55.54, 1.054, 33.16
55.55, 1.055, 34.88
55.56, 1.056, 35.00
55.57, 1.057, 35.41
55.58, 1.058, 35.10
55.59, 1.059, 34.85
55.60, 1.060, 34.29
55.61, 1.061, 35.29
55.62, 1.062, 36.67
55.63, 1.063, 35.54
55.64, 1.064, 35.39
55.65, 1.065, 34.33
55.66, 1.066, 37.16
55.67, 1.067, 35.76
55.68, 1.068, 35.04
55.69, 1.069, 34.79
55.70, 1.070, 36.96
55.71, 1.071, 35.95
55.72, 1.072, 36.43
55.73, 1.073, 35.51
55.74, 1.074, 38.12
55.75, 1.075, 36.43
55.76, 1.076, 35.82
55.77, 1.077, 36.44
55.78, 1.078, 38.46
55.79, 1.079, 37.59
55.80, 1.080, 36.65
55.81, 1.081, 36.38
55.82, 1.082, 39.46
55.83, 1.083, 38.04
55.84, 1.084, 39.01
55.85, 1.085, 37.30
55.86, 1.086, 40.46
55.87, 1.087, 39.65
55.88, 1.088, 38.98
55.89, 1.089, 37.04
55.90, 1.090, 38.59
55.91, 1.091, 39.00
55.92, 1.092, 39.53
55.93, 1.093, 37.02
55.94, 1.094, 40.42
55.95, 1.095, 40.45
55.96, 1.096, 39.79
55.97, 1.097, 39.33
55.98, 1.098, 39.22
55.99, 1.099, 39.24
56.00, 1.100, 40.67
56.01, 1.101, 39.90
56.02, 1.102, 39.37
56.03, 1.103, 41.81
56.04, 1.104, 40.38
56.05, 1.105, 39.90
56.06, 1.106, 39.38
56.07, 1.107, 41.34
56.08, 1.108, 41.80
56.09, 1.109, 42.13
56.10, 1.110, 40.27
56.11, 1.111, 41.26
56.12, 1.112, 42.74
56.13, 1.113, 42.57
56.14, 1.114, 42.06
56.15, 1.115, 42.09
56.16, 1.116, 42.63
56.17, 1.117, 42.84
56.18, 1.118, 42.97
56.19, 1.119, 41.93
56.20, 1.120, 45.03
56.21, 1.121, 43.20
56.22, 1.122, 43.39
56.23, 1.123, 44.74
56.24, 1.124, 43.69
56.25, 1.125, 47.18
56.26, 1.126, 44.27
56.27, 1.127, 44.37
56.28, 1.128, 44.71
56.29, 1.129, 47.88
56.30, 1.130, 46.09
56.31, 1.131, 45.38
56.32, 1.132, 44.99
56.33, 1.133, 48.08
56.34, 1.134, 45.80
56.35, 1.135, 46.05
56.36, 1.136, 43.83
56.37, 1.137, 48.05
56.38, 1.138, 46.65
56.39, 1.139, 48.64
56.40, 1.140, 47.98
56.41, 1.141, 47.57
56.42, 1.142, 50.20
56.43, 1.143, 47.99
56.44, 1.144, 48.43
56.45, 1.145, 48.12
56.46, 1.146, 50.75
56.47, 1.147, 49.80
56.48, 1.148, 50.86
56.49, 1.149, 48.75
56.50, 1.150, 50.18
56.51, 1.151, 50.72
56.52, 1.152, 51.45
56.53, 1.153, 48.90
56.54, 1.154, 53.29
56.55, 1.155, 52.25
56.56, 1.156, 51.69
56.57, 1.157, 50.93
56.58, 1.158, 51.84
56.59, 1.159, 52.62
56.60, 1.160, 52.51
56.61, 1.161, 54.05
56.62, 1.162, 53.36
56.63, 1.163, 54.38
56.64, 1.164, 55.00
56.65, 1.165, 52.46
56.66, 1.166, 54.92
56.67, 1.167, 56.12
56.68, 1.168, 56.52
56.69, 1.169, 54.43
56.70, 1.170, 55.87
56.71, 1.171, 56.52
56.72, 1.172, 57.87
56.73, 1.173, 55.85
56.74, 1.174, 56.11
56.75, 1.175, 56.70
56.76, 1.176, 57.88
56.77, 1.177, 58.60
56.78, 1.178, 56.77
56.79, 1.179, 59.97
56.80, 1.180, 60.04
56.81, 1.181, 59.30
56.82, 1.182, 58.03
56.83, 1.183, 59.69
56.84, 1.184, 60.11
56.85, 1.185, 60.38
56.86, 1.186, 59.15
56.87, 1.187, 59.23
56.88, 1.188, 62.47
56.89, 1.189, 58.72
56.90, 1.190, 59.76
56.91, 1.191, 62.04
56.92, 1.192, 63.07
56.93, 1.193, 62.64
56.94, 1.194, 62.15
56.95, 1.195, 60.62
56.96, 1.196, 62.96
56.97, 1.197, 62.74
56.98, 1.198, 62.37
56.99, 1.199, 63.47
57.00, 1.200, 65.45
57.01, 1.201, 65.20
57.02, 1.202, 65.18
57.03, 1.203, 64.11
57.04, 1.204, 66.01
57.05, 1.205, 67.35
57.06, 1.206, 66.72
57.07, 1.207, 66.46
57.08, 1.208, 65.97
57.09, 1.209, 68.32
57.10, 1.210, 68.23
57.11, 1.211, 67.82
57.12, 1.212, 66.88
57.13, 1.213, 67.51
57.14, 1.214, 70.03
57.15, 1.215, 69.69
57.16, 1.216, 68.96
57.17, 1.217, 68.11
57.18, 1.218, 70.91
57.19, 1.219, 69.45
57.20, 1.220, 69.81
57.21, 1.221, 68.82
57.22, 1.222, 71.85
57.23, 1.223, 71.44
57.24, 1.224, 71.48
57.25, 1.225, 70.61
57.26, 1.226, 71.85
57.27, 1.227, 70.10
57.28, 1.228, 72.99
57.29, 1.229, 70.59
57.30, 1.230, 72.59
57.31, 1.231, 73.09
57.32, 1.232, 72.87
57.33, 1.233, 71.74
57.34, 1.234, 71.37
57.35, 1.235, 76.10
57.36, 1.236, 73.74
57.37, 1.237, 72.86
57.38, 1.238, 72.53
57.39, 1.239, 75.39
57.40, 1.240, 73.91
57.41, 1.241, 74.99
57.42, 1.242, 73.06
57.43, 1.243, 75.97
57.44, 1.244, 75.24
57.45, 1.245, 75.14
57.46, 1.246, 74.99
57.47, 1.247, 76.38
57.48, 1.248, 76.56
57.49, 1.249, 76.54
57.50, 1.250, 76.34
57.51, 1.251, 74.60
57.52, 1.252, 78.05
57.53, 1.253, 75.54
57.54, 1.254, 75.78
57.55, 1.255, 74.79
57.56, 1.256, 78.14
57.57, 1.257, 77.57
57.58, 1.258, 77.66
57.59, 1.259, 76.27
57.60, 1.260, 78.36
57.61, 1.261, 78.28
57.62, 1.262, 78.46
57.63, 1.263, 78.34
57.64, 1.264, 78.26
57.65, 1.265, 80.48
57.66, 1.266, 80.25
57.67, 1.267, 77.36
57.68, 1.268, 77.41
57.69, 1.269, 81.46
57.70, 1.270, 79.92
57.71, 1.271, 78.89
57.72, 1.272, 80.31
57.73, 1.273, 80.45
57.74, 1.274, 80.78
57.75, 1.275, 81.42
57.76, 1.276, 80.39
57.77, 1.277, 79.97
57.78, 1.278, 83.71
57.79, 1.279, 82.25
57.80, 1.280, 83.02
57.81, 1.281, 81.70
57.82, 1.282, 82.32
57.83, 1.283, 83.77
57.84, 1.284, 82.39
57.85, 1.285, 83.37
57.86, 1.286, 82.24
57.87, 1.287, 84.66
57.88, 1.288, 84.21
57.89, 1.289, 83.72
57.90, 1.290, 82.62
57.91, 1.291, 85.93
57.92, 1.292, 85.06
57.93, 1.293, 84.06
57.94, 1.294, 84.12
57.95, 1.295, 84.99
57.96, 1.296, 87.32
57.97, 1.297, 86.26
57.98, 1.298, 83.08
57.99, 1.299, 84.25
58.00, 1.300, 86.43
58.01, 1.301, 86.35
58.02, 1.302, 85.74
58.03, 1.303, 84.88
58.04, 1.304, 86.62
58.05, 1.305, 87.48
58.06, 1.306, 86.39
58.07, 1.307, 86.41
58.08, 1.308, 85.77
58.09, 1.309, 87.07
58.10, 1.310, 87.93
58.11, 1.311, 86.51
58.12, 1.312, 87.96
58.13, 1.313, 85.56
58.14, 1.314, 87.90
58.15, 1.315, 87.45
58.16, 1.316, 86.62
58.17, 1.317, 85.72
58.18, 1.318, 89.07
58.19, 1.319, 88.35
58.20, 1.320, 88.57
58.21, 1.321, 89.21
58.22, 1.322, 86.49
58.23, 1.323, 91.04
58.24, 1.324, 88.80
58.25, 1.325, 87.65
58.26, 1.326, 87.15
58.27, 1.327, 88.21
58.28, 1.328, 90.06
58.29, 1.329, 89.29
58.30, 1.330, 87.87
58.31, 1.331, 91.01
58.32, 1.332, 90.83
58.33, 1.333, 90.91
58.34, 1.334, 90.10
58.35, 1.335, 92.57
58.36, 1.336, 91.67
58.37, 1.337, 90.63
58.38, 1.338, 91.35
58.39, 1.339, 91.59
58.40, 1.340, 92.29
58.41, 1.341, 91.92
58.42, 1.342, 90.02
58.43, 1.343, 90.73
58.44, 1.344, 92.54
58.45, 1.345, 91.47
58.46, 1.346, 92.20
58.47, 1.347, 89.62
58.48, 1.348, 93.40
58.49, 1.349, 93.70
58.50, 1.350, 90.79
58.51, 1.351, 91.23
58.52, 1.352, 95.13
58.53, 1.353, 93.03
58.54, 1.354, 91.92
58.55, 1.355, 92.37
58.56, 1.356, 95.77
58.57, 1.357, 91.93
58.58, 1.358, 92.96
58.59, 1.359, 92.86
58.60, 1.360, 95.26
58.61, 1.361, 94.27
58.62, 1.362, 94.91
58.63, 1.363, 92.67
58.64, 1.364, 95.92
58.65, 1.365, 94.81
58.66, 1.366, 92.94
58.67, 1.367, 93.34
58.68, 1.368, 95.61
58.69, 1.369, 93.79
58.70, 1.370, 95.58
58.71, 1.371, 93.78
58.72, 1.372, 94.99
58.73, 1.373, 96.27
58.74, 1.374, 96.40
58.75, 1.375, 95.40
58.76, 1.376, 94.84
58.77, 1.377, 94.99
58.78, 1.378, 96.90
58.79, 1.379, 95.41
58.80, 1.380, 93.06
58.81, 1.381, 99.11
58.82, 1.382, 97.05
58.83, 1.383, 95.69
58.84, 1.384, 93.74
58.85, 1.385, 97.47
58.86, 1.386, 97.40
58.87, 1.387, 97.64
58.88, 1.388, 93.74
58.89, 1.389, 97.54
58.90, 1.390, 99.31
58.91, 1.391, 98.64
58.92, 1.392, 96.82
58.93, 1.393, 96.32
58.94, 1.394, 97.89
58.95, 1.395, 99.65
58.96, 1.396, 97.60
58.97, 1.397, 97.47
58.98, 1.398, 98.38
58.99, 1.399, 98.66
59.00, 1.400, 98.77
59.01, 1.401, 95.96
59.02, 1.402, 98.38
59.03, 1.403, 98.90
59.04, 1.404, 98.17
59.05, 1.405, 99.62
59.06, 1.406, 100.6
59.07, 1.407, 99.75
59.08, 1.408, 97.75
59.09, 1.409, 96.19
59.10, 1.410, 100.2
59.11, 1.411, 99.07
59.12, 1.412, 100.5
59.13, 1.413, 98.33
59.14, 1.414, 101.7
59.15, 1.415, 99.27
59.16, 1.416, 101.2
59.17, 1.417, 100.2
59.18, 1.418, 102.6
59.19, 1.419, 102.5
59.20, 1.420, 102.7
59.21, 1.421, 100.4
59.22, 1.422, 102.1
59.23, 1.423, 103.2
59.24, 1.424, 102.7
59.25, 1.425, 102.0
59.26, 1.426, 101.8
59.27, 1.427, 103.0
59.28, 1.428, 102.8
59.29, 1.429, 102.9
59.30, 1.430, 99.92
59.31, 1.431, 104.4
59.32, 1.432, 104.7
59.33, 1.433, 102.2
59.34, 1.434, 102.3
59.35, 1.435, 105.5
59.36, 1.436, 103.4
59.37, 1.437, 103.9
59.38, 1.438, 103.1
59.39, 1.439, 105.9
59.40, 1.440, 102.9
59.41, 1.441, 103.9
59.42, 1.442, 103.5
59.43, 1.443, 103.9
59.44, 1.444, 104.7
59.45, 1.445, 104.5
59.46, 1.446, 104.3
59.47, 1.447, 105.7
59.48, 1.448, 105.5
59.49, 1.449, 106.1
59.50, 1.450, 104.8
59.51, 1.451, 108.7
59.52, 1.452, 106.1
59.53, 1.453, 106.0
59.54, 1.454, 106.2
59.55, 1.455, 108.3
59.56, 1.456, 106.3
59.57, 1.457, 106.5
59.58, 1.458, 105.8
59.59, 1.459, 110.0
59.60, 1.460, 109.4
59.61, 1.461, 108.2
59.62, 1.462, 108.3
59.63, 1.463, 109.3
59.64, 1.464, 109.7
59.65, 1.465, 108.6
59.66, 1.466, 107.8
59.67, 1.467, 111.6
59.68, 1.468, 111.0
59.69, 1.469, 109.7
59.70, 1.470, 108.8
59.71, 1.471, 111.2
59.72, 1.472, 112.2
59.73, 1.473, 109.6
59.74, 1.474, 109.2
59.75, 1.475, 112.6
59.76, 1.476, 111.8
59.77, 1.477, 111.5
59.78, 1.478, 110.2
59.79, 1.479, 112.3
59.80, 1.480, 113.2
59.81, 1.481, 113.7
59.82, 1.482, 112.2
59.83, 1.483, 112.0
59.84, 1.484, 112.6
59.85, 1.485, 113.6
59.86, 1.486, 112.5
59.87, 1.487, 113.3
59.88, 1.488, 114.5
59.89, 1.489, 114.2
59.90, 1.490, 113.4
59.91, 1.491, 114.6
59.92, 1.492, 114.7
59.93, 1.493, 115.0
59.94, 1.494, 114.4
59.95, 1.495, 114.9
59.96, 1.496, 117.1
59.97, 1.497, 116.6
59.98, 1.498, 116.0
59.99, 1.499, 115.2
60.00, 1.500, 119.2
60.01, 1.501, 115.5
60.02, 1.502, 116.1
60.03, 1.503, 116.2
60.04, 1.504, 119.1
60.05, 1.505, 116.9
60.06, 1.506, 117.3
60.07, 1.507, 118.3
60.08, 1.508, 117.5
60.09, 1.509, 118.8
60.10, 1.510, 120.1
60.11, 1.511, 118.8
60.12, 1.512, 118.7
60.13, 1.513, 121.8
60.14, 1.514, 120.0
60.15, 1.515, 120.5
60.16, 1.516, 119.4
60.17, 1.517, 122.4
60.18, 1.518, 122.3
60.19, 1.519, 120.2
60.20, 1.520, 120.1
60.21, 1.521, 123.2
60.22, 1.522, 124.1
60.23, 1.523, 123.4
60.24, 1.524, 122.0
60.25, 1.525, 124.8
60.26, 1.526, 123.6
60.27, 1.527, 124.8
60.28, 1.528, 124.4
60.29, 1.529, 124.4
60.30, 1.530, 126.8
60.31, 1.531, 127.1
60.32, 1.532, 126.1
60.33, 1.533, 124.2
60.34, 1.534, 128.0
60.35, 1.535, 128.1
60.36, 1.536, 126.4
60.37, 1.537, 126.5
60.38, 1.538, 128.5
60.39, 1.539, 129.3
60.40, 1.540, 129.6
60.41, 1.541, 130.2
60.42, 1.542, 130.1
60.43, 1.543, 132.9
60.44, 1.544, 133.3
60.45, 1.545, 131.7
60.46, 1.546, 131.7
60.47, 1.547, 134.4
60.48, 1.548, 133.0
60.49, 1.549, 133.2
60.50, 1.550, 132.6
60.51, 1.551, 134.7
60.52, 1.552, 135.5
60.53, 1.553, 135.6
60.54, 1.554, 135.0
60.55, 1.555, 134.4
60.56, 1.556, 135.3
60.57, 1.557, 135.6
60.58, 1.558, 138.7
60.59, 1.559, 136.5
60.60, 1.560, 137.3
60.61, 1.561, 139.9
60.62, 1.562, 137.0
60.63, 1.563, 139.5
60.64, 1.564, 138.6
60.65, 1.565, 140.2
60.66, 1.566, 139.0
60.67, 1.567, 140.1
60.68, 1.568, 140.0
60.69, 1.569, 142.6
60.70, 1.570, 142.0
60.71, 1.571, 142.0
60.72, 1.572, 139.4
60.73, 1.573, 142.1
60.74, 1.574, 143.9
60.75, 1.575, 143.4
60.76, 1.576, 142.1
60.77, 1.577, 142.0
60.78, 1.578, 146.5
60.79, 1.579, 144.8
60.80, 1.580, 144.6
60.81, 1.581, 143.7
60.82, 1.582, 148.7
60.83, 1.583, 148.2
60.84, 1.584, 148.2
60.85, 1.585, 146.6
60.86, 1.586, 151.8
60.87, 1.587, 150.4
60.88, 1.588, 149.1
60.89, 1.589, 150.7
60.90, 1.590, 152.7
60.91, 1.591, 151.9
60.92, 1.592, 152.3
60.93, 1.593, 152.7
60.94, 1.594, 154.6
60.95, 1.595, 151.9
60.96, 1.596, 153.6
60.97, 1.597, 152.8
60.98, 1.598, 155.2
60.99, 1.599, 155.7
61.00, 1.600, 155.8
61.01, 1.601, 155.3
61.02, 1.602, 156.4
61.03, 1.603, 159.2
61.04, 1.604, 158.7
61.05, 1.605, 157.5
61.06, 1.606, 158.3
61.07, 1.607, 160.5
61.08, 1.608, 160.8
61.09, 1.609, 160.3
61.10, 1.610, 159.8
61.11, 1.611, 161.5
61.12, 1.612, 164.3
61.13, 1.613, 163.2
61.14, 1.614, 163.4
61.15, 1.615, 163.1
61.16, 1.616, 166.4
61.17, 1.617, 165.0
61.18, 1.618, 165.9
61.19, 1.619, 165.0
61.20, 1.620, 167.2
61.21, 1.621, 167.7
61.22, 1.622, 168.1
61.23, 1.623, 168.7
61.24, 1.624, 170.6
61.25, 1.625, 171.8
61.26, 1.626, 171.4
61.27, 1.627, 169.4
61.28, 1.628, 172.5
61.29, 1.629, 173.3
61.30, 1.630, 172.6
61.31, 1.631, 174.4
61.32, 1.632, 173.7
61.33, 1.633, 176.3
61.34, 1.634, 177.6
61.35, 1.635, 177.8
61.36, 1.636, 175.5
61.37, 1.637, 179.9
61.38, 1.638, 179.4
61.39, 1.639, 180.1
61.40, 1.640, 179.0
61.41, 1.641, 181.4
61.42, 1.642, 181.1
61.43, 1.643, 182.3
61.44, 1.644, 182.9
61.45, 1.645, 182.7
61.46, 1.646, 185.9
61.47, 1.647, 185.0
61.48, 1.648, 184.4
61.49, 1.649, 185.4
61.50, 1.650, 188.7
61.51, 1.651, 189.4
61.52, 1.652, 188.4
61.53, 1.653, 189.9
61.54, 1.654, 193.3
61.55, 1.655, 190.0
61.56, 1.656, 193.4
61.57, 1.657, 192.9
61.58, 1.658, 192.8
61.59, 1.659, 195.9
61.60, 1.660, 196.5
61.61, 1.661, 195.6
61.62, 1.662, 197.0
61.63, 1.663, 198.5
61.64, 1.664, 199.4
61.65, 1.665, 200.8
61.66, 1.666, 199.1
61.67, 1.667, 203.2
61.68, 1.668, 202.6
61.69, 1.669, 205.4
61.70, 1.670, 203.8
61.71, 1.671, 205.3
61.72, 1.672, 206.8
61.73, 1.673, 208.0
61.74, 1.674, 208.0
61.75, 1.675, 208.6
61.76, 1.676, 211.3
61.77, 1.677, 210.2
61.78, 1.678, 210.1
61.79, 1.679, 211.2
61.80, 1.680, 214.1
61.81, 1.681, 213.8
61.82, 1.682, 213.9
61.83, 1.683, 214.7
61.84, 1.684, 216.6
61.85, 1.685, 215.7
61.86, 1.686, 215.9
61.87, 1.687, 217.4
61.88, 1.688, 221.9
61.89, 1.689, 219.0
61.90, 1.690, 219.7
61.91, 1.691, 219.5
61.92, 1.692, 223.2
61.93, 1.693, 222.7
61.94, 1.694, 221.7
61.95, 1.695, 222.7
61.96, 1.696, 227.7
61.97, 1.697, 225.5
61.98, 1.698, 226.6
61.99, 1.699, 226.7
62.00, 1.700, 228.8
62.01, 1.701, 229.7
62.02, 1.702, 231.0
62.03, 1.703, 230.0
62.04, 1.704, 233.0
62.05, 1.705, 233.2
62.06, 1.706, 234.3
62.07, 1.707, 234.3
62.08, 1.708, 236.8
62.09, 1.709, 237.5
62.10, 1.710, 239.0
62.11, 1.711, 237.6
62.12, 1.712, 240.9
62.13, 1.713, 241.5
62.14, 1.714, 240.9
62.15, 1.715, 243.1
62.16, 1.716, 244.2
62.17, 1.717, 245.5
62.18, 1.718, 245.7
62.19, 1.719, 245.6
62.20, 1.720, 244.1
62.21, 1.721, 249.7
62.22, 1.722, 250.5
62.23, 1.723, 251.9
62.24, 1.724, 248.8
62.25, 1.725, 252.8
62.26, 1.726, 252.6
62.27, 1.727, 252.5
62.28, 1.728, 252.6
62.29, 1.729, 255.3
62.30, 1.730, 257.7
62.31, 1.731, 255.5
62.32, 1.732, 258.1
62.33, 1.733, 258.1
62.34, 1.734, 260.1
62.35, 1.735, 260.8
62.36, 1.736, 260.7
62.37, 1.737, 260.3
62.38, 1.738, 264.4
62.39, 1.739, 265.1
62.40, 1.740, 265.1
62.41, 1.741, 263.4
62.42, 1.742, 267.3
62.43, 1.743, 267.2
62.44, 1.744, 269.0
62.45, 1.745, 267.4
62.46, 1.746, 269.5
62.47, 1.747, 272.4
62.48, 1.748, 272.3
62.49, 1.749, 271.2
62.50, 1.750, 274.0
62.51, 1.751, 275.3
62.52, 1.752, 274.5
62.53, 1.753, 275.2
62.54, 1.754, 274.8
62.55, 1.755, 279.8
62.56, 1.756, 279.7
62.57, 1.757, 281.8
62.58, 1.758, 278.0
62.59, 1.759, 284.6
62.60, 1.760, 283.0
62.61, 1.761, 282.6
62.62, 1.762, 284.6
62.63, 1.763, 286.6
62.64, 1.764, 287.6
62.65, 1.765, 287.9
62.66, 1.766, 289.0
62.67, 1.767, 287.1
62.68, 1.768, 290.5
62.69, 1.769, 291.9
62.70, 1.770, 290.1
62.71, 1.771, 293.4
62.72, 1.772, 294.8
62.73, 1.773, 294.9
62.74, 1.774, 295.0
62.75, 1.775, 295.5
62.76, 1.776, 299.5
62.77, 1.777, 298.0
62.78, 1.778, 298.5
62.79, 1.779, 301.0
62.80, 1.780, 302.7
62.81, 1.781, 303.1
62.82, 1.782, 303.8
62.83, 1.783, 304.9
62.84, 1.784, 307.7
62.85, 1.785, 307.2
62.86, 1.786, 307.8
62.87, 1.787, 307.5
62.88, 1.788, 311.6
62.89, 1.789, 310.2
62.90, 1.790, 311.2
62.91, 1.791, 311.4
62.92, 1.792, 313.7
62.93, 1.793, 316.9
62.94, 1.794, 317.0
62.95, 1.795, 318.2
62.96, 1.796, 317.5
62.97, 1.797, 322.3
62.98, 1.798, 321.9
62.99, 1.799, 323.7
63.00, 1.800, 324.7
63.01, 1.801, 323.7
63.02, 1.802, 327.9
63.03, 1.803, 326.5
63.04, 1.804, 327.6
63.05, 1.805, 329.4
63.06, 1.806, 330.1
63.07, 1.807, 332.8
63.08, 1.808, 332.6
63.09, 1.809, 334.1
63.10, 1.810, 334.5
63.11, 1.811, 337.3
63.12, 1.812, 337.5
63.13, 1.813, 338.1
63.14, 1.814, 338.5
63.15, 1.815, 340.7
63.16, 1.816, 341.3
63.17, 1.817, 342.5
63.18, 1.818, 340.4
63.19, 1.819, 345.0
63.20, 1.820, 346.1
63.21, 1.821, 346.0
63.22, 1.822, 346.6
63.23, 1.823, 348.3
63.24, 1.824, 351.4
63.25, 1.825, 351.0
63.26, 1.826, 350.2
63.27, 1.827, 353.3
63.28, 1.828, 354.0
63.29, 1.829, 356.4
63.30, 1.830, 354.3
63.31, 1.831, 356.8
63.32, 1.832, 358.5
63.33, 1.833, 358.8
63.34, 1.834, 360.2
63.35, 1.835, 362.4
63.36, 1.836, 364.7
63.37, 1.837, 364.4
63.38, 1.838, 364.9
63.39, 1.839, 366.3
63.40, 1.840, 370.6
63.41, 1.841, 369.6
63.42, 1.842, 369.0
63.43, 1.843, 370.4
63.44, 1.844, 375.3
63.45, 1.845, 374.8
63.46, 1.846, 373.4
63.47, 1.847, 376.3
63.48, 1.848, 378.1
63.49, 1.849, 378.4
63.50, 1.850, 377.9
63.51, 1.851, 378.3
63.52, 1.852, 383.0
63.53, 1.853, 382.5
63.54, 1.854, 384.1
63.55, 1.855, 381.9
63.56, 1.856, 389.2
63.57, 1.857, 386.4
63.58, 1.858, 387.8
63.59, 1.859, 388.2
63.60, 1.860, 393.1
63.61, 1.861, 391.1
63.62, 1.862, 393.4
63.63, 1.863, 393.7
63.64, 1.864, 397.2
63.65, 1.865, 397.0
63.66, 1.866, 396.2
63.67, 1.867, 397.2
63.68, 1.868, 402.4
63.69, 1.869, 399.9
63.70, 1.870, 402.5
63.71, 1.871, 401.7
63.72, 1.872, 405.3
63.73, 1.873, 404.3
63.74, 1.874, 408.4
63.75, 1.875, 405.0
63.76, 1.876, 410.4
63.77, 1.877, 408.7
63.78, 1.878, 411.4
63.79, 1.879, 409.4
63.80, 1.880, 415.9
63.81, 1.881, 415.3
63.82, 1.882, 415.6
63.83, 1.883, 417.0
63.84, 1.884, 418.9
63.85, 1.885, 419.5
63.86, 1.886, 420.7
63.87, 1.887, 421.1
63.88, 1.888, 425.5
63.89, 1.889, 424.2
63.90, 1.890, 425.8
63.91, 1.891, 424.7
63.92, 1.892, 428.9
63.93, 1.893, 429.3
63.94, 1.894, 429.7
63.95, 1.895, 429.3
63.96, 1.896, 434.4
63.97, 1.897, 433.2
63.98, 1.898, 435.6
63.99, 1.899, 435.4
64.00, 1.900, 439.2
64.01, 1.901, 438.6
64.02, 1.902, 440.9
64.03, 1.903, 438.9
64.04, 1.904, 445.2
64.05, 1.905, 445.1
64.06, 1.906, 443.8
64.07, 1.907, 445.4
64.08, 1.908, 448.8
64.09, 1.909, 448.0
64.10, 1.910, 451.6
64.11, 1.911, 450.3
64.12, 1.912, 453.9
64.13, 1.913, 454.6
64.14, 1.914, 455.2
64.15, 1.915, 453.9
64.16, 1.916, 458.6
64.17, 1.917, 459.7
64.18, 1.918, 459.9
64.19, 1.919, 459.9
64.20, 1.920, 464.7
64.21, 1.921, 466.3
64.22, 1.922, 465.7
64.23, 1.923, 464.8
64.24, 1.924, 470.3
64.25, 1.925, 470.2
64.26, 1.926, 472.7
64.27, 1.927, 473.3
64.28, 1.928, 476.6
64.29, 1.929, 477.0
64.30, 1.930, 478.7
64.31, 1.931, 479.7
64.32, 1.932, 482.2
64.33, 1.933, 482.8
64.34, 1.934, 484.8
64.35, 1.935, 484.2
64.36, 1.936, 486.8
64.37, 1.937, 488.7
64.38, 1.938, 488.9
64.39, 1.939, 489.3
64.40, 1.940, 489.0
64.41, 1.941, 493.9
64.42, 1.942, 494.5
64.43, 1.943, 493.9
64.44, 1.944, 495.3
64.45, 1.945, 501.2
64.46, 1.946, 501.3
64.47, 1.947, 500.0
64.48, 1.948, 501.0
64.49, 1.949, 506.7
64.50, 1.950, 506.3
64.51, 1.951, 508.5
64.52, 1.952, 508.3
64.53, 1.953, 511.7
64.54, 1.954, 511.7
64.55, 1.955, 511.5
64.56, 1.956, 512.8
64.57, 1.957, 517.3
64.58, 1.958, 516.5
64.59, 1.959, 517.3
64.60, 1.960, 517.4
64.61, 1.961, 522.3
64.62, 1.962, 524.5
64.63, 1.963, 526.4
64.64, 1.964, 524.8
64.65, 1.965, 526.1
64.66, 1.966, 531.2
64.67, 1.967, 530.8
64.68, 1.968, 532.8
64.69, 1.969, 532.1
64.70, 1.970, 536.8
64.71, 1.971, 534.9
64.72, 1.972, 537.1
64.73, 1.973, 539.2
64.74, 1.974, 541.7
64.75, 1.975, 541.7
64.76, 1.976, 542.8
64.77, 1.977, 544.3
64.78, 1.978, 547.1
64.79, 1.979, 547.6
64.80, 1.980, 548.5
64.81, 1.981, 549.6
64.82, 1.982, 550.9
64.83, 1.983, 550.6
64.84, 1.984, 551.0
64.85, 1.985, 550.4
64.86, 1.986, 553.5
64.87, 1.987, 552.5
64.88, 1.988, 553.3
64.89, 1.989, 550.8
64.90, 1.990, 553.0
64.91, 1.991, 552.5
64.92, 1.992, 553.1
64.93, 1.993, 551.8
64.94, 1.994, 553.2
64.95, 1.995, 554.5
64.96, 1.996, 553.0
64.97, 1.997, 552.5
64.98, 1.998, 554.7
64.99, 1.999, 553.9
65.00, 2.000, 553.3
65.01, 1.999, 554.0
65.02, 1.998, 554.7
65.03, 1.997, 554.9
65.04, 1.996, 554.9
65.05, 1.995, 553.9
65.06, 1.994, 554.5
65.07, 1.993, 555.5
65.08, 1.992, 554.9
65.09, 1.991, 554.1
65.10, 1.990, 554.3
65.11, 1.989, 555.5
65.12, 1.988, 553.8
65.13, 1.987, 554.9
65.14, 1.986, 555.0
65.15, 1.985, 556.1
65.16, 1.984, 555.2
65.17, 1.983, 555.9
65.18, 1.982, 554.5
65.19, 1.981, 554.0
65.20, 1.980, 552.8
65.21, 1.979, 552.8
65.22, 1.978, 548.6
65.23, 1.977, 549.6
65.24, 1.976, 551.1
65.25, 1.975, 548.7
65.26, 1.974, 546.4
65.27, 1.973, 541.9
65.28, 1.972, 545.9
65.29, 1.971, 542.6
65.30, 1.970, 540.5
65.31, 1.969, 538.9
65.32, 1.968, 539.8
65.33, 1.967, 539.7
65.34, 1.966, 537.7
65.35, 1.965, 534.6
65.36, 1.964, 533.3
65.37, 1.963, 535.3
65.38, 1.962, 532.4
65.39, 1.961, 530.8
65.40, 1.960, 529.2
65.41, 1.959, 531.0
65.42, 1.958, 527.3
65.43, 1.957, 525.8
65.44, 1.956, 521.7
65.45, 1.955, 524.3
65.46, 1.954, 522.6
65.47, 1.953, 521.1
65.48, 1.952, 516.4
65.49, 1.951, 517.2
65.50, 1.950, 518.2
65.51, 1.949, 515.7
65.52, 1.948, 514.4
65.53, 1.947, 511.2
65.54, 1.946, 513.7
65.55, 1.945, 511.0
65.56, 1.944, 510.2
65.57, 1.943, 506.7
65.58, 1.942, 508.8
65.59, 1.941, 506.3
65.60, 1.940, 504.9
65.61, 1.939, 500.8
65.62, 1.938, 500.7
65.63, 1.937, 503.8
65.64, 1.936, 500.0
65.65, 1.935, 499.1
65.66, 1.934, 495.5
65.67, 1.933, 497.0
65.68, 1.932, 497.6
65.69, 1.931, 493.8
65.70, 1.930, 491.3
65.71, 1.929, 488.0
65.72, 1.928, 491.1
65.73, 1.927, 488.6
65.74, 1.926, 487.4
65.75, 1.925, 485.6
65.76, 1.924, 483.1
65.77, 1.923, 486.2
65.78, 1.922, 483.0
65.79, 1.921, 480.8
65.80, 1.920, 480.5
65.81, 1.919, 480.4
65.82, 1.918, 478.2
65.83, 1.917, 477.7
65.84, 1.916, 475.5
65.85, 1.915, 474.9
65.86, 1.914, 474.4
65.87, 1.913, 471.7
65.88, 1.912, 470.7
65.89, 1.911, 468.4
65.90, 1.910, 468.5
65.91, 1.909, 467.8
65.92, 1.908, 465.1
65.93, 1.907, 464.1
65.94, 1.906, 460.7
65.95, 1.905, 462.2
65.96, 1.904, 460.9
65.97, 1.903, 460.3
65.98, 1.902, 457.4
65.99, 1.901, 457.8
66.00, 1.900, 457.5
66.01, 1.899, 456.2
66.02, 1.898, 451.2
66.03, 1.897, 452.9
66.04, 1.896, 452.3
66.05, 1.895, 450.1
66.06, 1.894, 448.8
66.07, 1.893, 447.0
66.08, 1.892, 447.9
66.09, 1.891, 447.2
66.10, 1.890, 445.5
66.11, 1.889, 443.1
66.12, 1.888, 441.0
66.13, 1.887, 443.5
66.14, 1.886, 440.4
66.15, 1.885, 436.9
66.16, 1.884, 437.0
66.17, 1.883, 438.5
66.18, 1.882, 437.8
66.19, 1.881, 433.5
66.20, 1.880, 430.6
66.21, 1.879, 433.2
66.22, 1.878, 432.6
66.23, 1.877, 430.1
66.24, 1.876, 429.5
66.25, 1.875, 428.2
66.26, 1.874, 425.1
66.27, 1.873, 427.7
66.28, 1.872, 425.0
66.29, 1.871, 423.5
66.30, 1.870, 422.2
66.31, 1.869, 419.7
66.32, 1.868, 419.5
66.33, 1.867, 418.4
66.34, 1.866, 418.1
66.35, 1.865, 412.6
66.36, 1.864, 415.4
66.37, 1.863, 414.3
66.38, 1.862, 412.2
66.39, 1.861, 410.7
66.40, 1.860, 408.1
66.41, 1.859, 410.1
66.42, 1.858, 409.4
66.43, 1.857, 407.0
66.44, 1.856, 405.1
66.45, 1.855, 405.0
66.46, 1.854, 404.4
66.47, 1.853, 401.1
66.48, 1.852, 401.1
66.49, 1.851, 398.6
66.50, 1.850, 398.0
66.51, 1.849, 399.9
66.52, 1.848, 396.9
66.53, 1.847, 394.7
66.54, 1.846, 393.1
66.55, 1.845, 393.2
66.56, 1.844, 393.0
66.57, 1.843, 391.4
66.58, 1.842, 390.3
66.59, 1.841, 387.8
66.60, 1.840, 387.7
66.61, 1.839, 387.8
66.62, 1.838, 386.7
66.63, 1.837, 384.7
66.64, 1.836, 382.8
66.65, 1.835, 383.6
66.66, 1.834, 383.4
66.67, 1.833, 380.2
66.68, 1.832, 378.1
66.69, 1.831, 375.6
66.70, 1.830, 378.7
66.71, 1.829, 375.3
66.72, 1.828, 374.3
66.73, 1.827, 369.6
66.74, 1.826, 372.3
66.75, 1.825, 371.7
66.76, 1.824, 368.7
66.77, 1.823, 366.6
66.78, 1.822, 365.9
66.79, 1.821, 367.3
66.80, 1.820, 363.7
66.81, 1.819, 365.3
66.82, 1.818, 361.7
66.83, 1.817, 358.7
66.84, 1.816, 361.6
66.85, 1.815, 359.5
66.86, 1.814, 356.9
66.87, 1.813, 357.4
66.88, 1.812, 356.5
66.89, 1.811, 357.5
66.90, 1.810, 355.2
66.91, 1.809, 353.0
66.92, 1.808, 350.3
66.93, 1.807, 351.8
66.94, 1.806, 351.0
66.95, 1.805, 348.7
66.96, 1.804, 346.1
66.97, 1.803, 348.5
66.98, 1.802, 345.9
66.99, 1.801, 346.2
67.00, 1.800, 343.3
67.01, 1.799, 339.1
67.02, 1.798, 342.6
67.03, 1.797, 342.8
67.04, 1.796, 340.2
67.05, 1.795, 337.5
67.06, 1.794, 337.8
67.07, 1.793, 338.2
67.08, 1.792, 334.6
67.09, 1.791, 333.3
67.10, 1.790, 331.6
67.11, 1.789, 332.2
67.12, 1.788, 329.1
67.13, 1.787, 329.2
67.14, 1.786, 328.1
67.15, 1.785, 329.3
67.16, 1.784, 324.2
67.17, 1.783, 324.4
67.18, 1.782, 321.7
67.19, 1.781, 323.2
67.20, 1.780, 321.5
67.21, 1.779, 320.1
67.22, 1.778, 318.5
67.23, 1.777, 318.6
67.24, 1.776, 318.4
67.25, 1.775, 316.7
67.26, 1.774, 316.1
67.27, 1.773, 311.0
67.28, 1.772, 315.6
67.29, 1.771, 311.1
67.30, 1.770, 310.4
67.31, 1.769, 310.2
67.32, 1.768, 306.0
67.33, 1.767, 309.4
67.34, 1.766, 307.5
67.35, 1.765, 304.9
67.36, 1.764, 303.2
67.37, 1.763, 304.5
67.38, 1.762, 302.6
67.39, 1.761, 302.4
67.40, 1.760, 298.9
67.41, 1.759, 301.3
67.42, 1.758, 300.5
67.43, 1.757, 298.4
67.44, 1.756, 295.2
67.45, 1.755, 295.0
67.46, 1.754, 296.1
67.47, 1.753, 294.0
67.48, 1.752, 291.1
67.49, 1.751, 290.1
67.50, 1.750, 295.7
67.51, 1.749, 292.8
67.52, 1.748, 290.8
67.53, 1.747, 287.8
67.54, 1.746, 287.9
67.55, 1.745, 289.1
67.56, 1.744, 286.8
67.57, 1.743, 284.3
67.58, 1.742, 283.2
67.59, 1.741, 284.7
67.60, 1.740, 281.5
67.61, 1.739, 280.5
67.62, 1.738, 277.4
67.63, 1.737, 279.0
67.64, 1.736, 277.3
67.65, 1.735, 276.3
67.66, 1.734, 274.2
67.67, 1.733, 272.2
67.68, 1.732, 275.3
67.69, 1.731, 274.1
67.70, 1.730, 272.6
67.71, 1.729, 270.4
67.72, 1.728, 269.9
67.73, 1.727, 268.2
67.74, 1.726, 265.9
67.75, 1.725, 265.5
67.76, 1.724, 266.2
67.77, 1.723, 265.6
67.78, 1.722, 262.9
67.79, 1.721, 262.1
67.80, 1.720, 260.2
67.81, 1.719, 262.8
67.82, 1.718, 260.6
67.83, 1.717, 258.3
67.84, 1.716, 257.1
67.85, 1.715, 259.4
67.86, 1.714, 258.1
67.87, 1.713, 255.3
67.88, 1.712, 255.1
67.89, 1.711, 254.0
67.90, 1.710, 254.1
67.91, 1.709, 252.7
67.92, 1.708, 251.3
67.93, 1.707, 248.7
67.94, 1.706, 248.1
67.95, 1.705, 248.3
67.96, 1.704, 248.2
67.97, 1.703, 246.0
67.98, 1.702, 244.8
67.99, 1.701, 244.3
68.00, 1.700, 243.0
68.01, 1.699, 239.2
68.02, 1.698, 238.4
68.03, 1.697, 238.7
68.04, 1.696, 239.6
68.05, 1.695, 237.6
68.06, 1.694, 235.2
68.07, 1.693, 234.1
68.08, 1.692, 235.7
68.09, 1.691, 233.3
68.10, 1.690, 233.1
68.11, 1.689, 230.3
68.12, 1.688, 228.4
68.13, 1.687, 233.3
68.14, 1.686, 228.6
68.15, 1.685, 227.7
68.16, 1.684, 226.8
68.17, 1.683, 225.5
68.18, 1.682, 226.6
68.19, 1.681, 226.3
68.20, 1.680, 223.5
68.21, 1.679, 220.9
68.22, 1.678, 224.9
68.23, 1.677, 221.4
68.24, 1.676, 222.1
68.25, 1.675, 218.6
68.26, 1.674, 219.0
68.27, 1.673, 219.2
68.28, 1.672, 219.6
68.29, 1.671, 217.4
68.30, 1.670, 214.7
68.31, 1.669, 212.7
68.32, 1.668, 214.6
68.33, 1.667, 213.7
68.34, 1.666, 215.1
68.35, 1.665, 210.9
68.36, 1.664, 210.1
68.37, 1.663, 211.5
68.38, 1.662, 210.8
68.39, 1.661, 209.6
68.40, 1.660, 206.7
68.41, 1.659, 206.6
68.42, 1.658, 207.1
68.43, 1.657, 203.2
68.44, 1.656, 203.2
68.45, 1.655, 201.2
68.46, 1.654, 204.0
68.47, 1.653, 201.9
68.48, 1.652, 199.4
68.49, 1.651, 199.0
68.50, 1.650, 196.6
68.51, 1.649, 199.5
68.52, 1.648, 197.3
68.53, 1.647, 194.5
68.54, 1.646, 193.3
68.55, 1.645, 196.9
68.56, 1.644, 194.9
68.57, 1.643, 192.4
68.58, 1.642, 190.1
68.59, 1.641, 193.0
68.60, 1.640, 190.5
68.61, 1.639, 189.2
68.62, 1.638, 186.4
68.63, 1.637, 190.5
68.64, 1.636, 187.7
68.65, 1.635, 184.1
68.66, 1.634, 183.9
68.67, 1.633, 185.9
68.68, 1.632, 183.8
68.69, 1.631, 182.7
68.70, 1.630, 181.1
68.71, 1.629, 181.6
68.72, 1.628, 180.0
68.73, 1.627, 180.0
68.74, 1.626, 177.7
68.75, 1.625, 177.5
68.76, 1.624, 178.3
68.77, 1.623, 178.4
68.78, 1.622, 176.4
68.79, 1.621, 174.6
68.80, 1.620, 171.3
68.81, 1.619, 175.6
68.82, 1.618, 171.4
68.83, 1.617, 170.6
68.84, 1.616, 167.4
68.85, 1.615, 167.9
68.86, 1.614, 167.5
68.87, 1.613, 167.3
68.88, 1.612, 164.0
68.89, 1.611, 163.4
68.90, 1.610, 164.9
68.91, 1.609, 165.2
68.92, 1.608, 161.7
68.93, 1.607, 160.1
68.94, 1.606, 160.6
68.95, 1.605, 161.1
68.96, 1.604, 162.1
68.97, 1.603, 157.8
68.98, 1.602, 157.5
68.99, 1.601, 155.8
69.00, 1.600, 158.3
69.01, 1.599, 156.1
69.02, 1.598, 155.0
69.03, 1.597, 152.5
69.04, 1.596, 151.7
69.05, 1.595, 154.8
69.06, 1.594, 152.2
69.07, 1.593, 151.6
69.08, 1.592, 148.9
69.09, 1.591, 147.7
69.10, 1.590, 148.4
69.11, 1.589, 148.7
69.12, 1.588, 146.5
69.13, 1.587, 145.0
69.14, 1.586, 146.7
69.15, 1.585, 143.9
69.16, 1.584, 145.0
69.17, 1.583, 141.9
69.18, 1.582, 140.7
69.19, 1.581, 143.0
69.20, 1.580, 140.3
69.21, 1.579, 138.2
69.22, 1.578, 138.1
69.23, 1.577, 138.4
69.24, 1.576, 138.7
69.25, 1.575, 136.9
69.26, 1.574, 134.0
69.27, 1.573, 132.2
69.28, 1.572, 133.8
69.29, 1.571, 133.2
69.30, 1.570, 131.8
69.31, 1.569, 130.4
69.32, 1.568, 131.2
69.33, 1.567, 128.1
69.34, 1.566, 130.2
69.35, 1.565, 126.2
69.36, 1.564, 126.7
69.37, 1.563, 128.8
69.38, 1.562, 126.4
69.39, 1.561, 125.0
69.40, 1.560, 122.2
69.41, 1.559, 126.2
69.42, 1.558, 124.2
69.43, 1.557, 121.0
69.44, 1.556, 118.9
69.45, 1.555, 123.7
69.46, 1.554, 120.1
69.47, 1.553, 119.3
69.48, 1.552, 119.1
69.49, 1.551, 116.6
69.50, 1.550, 116.6
69.51, 1.549, 117.4
69.52, 1.548, 114.5
69.53, 1.547, 114.1
69.54, 1.546, 117.5
69.55, 1.545, 113.3
69.56, 1.544, 114.7
69.57, 1.543, 112.0
69.58, 1.542, 111.9
69.59, 1.541, 112.2
69.60, 1.540, 109.6
69.61, 1.539, 107.9
69.62, 1.538, 107.9
69.63, 1.537, 109.8
69.64, 1.536, 107.2
69.65, 1.535, 104.6
69.66, 1.534, 107.4
69.67, 1.533, 105.1
69.68, 1.532, 105.6
69.69, 1.531, 103.1
69.70, 1.530, 102.8
69.71, 1.529, 104.2
69.72, 1.528, 101.2
69.73, 1.527, 101.2
69.74, 1.526, 98.73
69.75, 1.525, 101.7
69.76, 1.524, 99.61
69.77, 1.523, 96.74
69.78, 1.522, 96.86
69.79, 1.521, 98.11
69.80, 1.520, 98.24
69.81, 1.519, 95.74
69.82, 1.518, 94.81
69.83, 1.517, 94.40
69.84, 1.516, 94.34
69.85, 1.515, 94.85
69.86, 1.514, 90.52
69.87, 1.513, 90.29
69.88, 1.512, 93.84
69.89, 1.511, 91.11
69.90, 1.510, 88.44
69.91, 1.509, 89.54
69.92, 1.508, 89.15
69.93, 1.507, 87.93
69.94, 1.506, 87.22
69.95, 1.505, 87.06
69.96, 1.504, 90.24
69.97, 1.503, 87.05
69.98, 1.502, 84.86
69.99, 1.501, 83.62
70.00, 1.500, 86.51
70.01, 1.499, 87.17
70.02, 1.498, 84.18
70.03, 1.497, 82.78
70.04, 1.496, 82.24
70.05, 1.495, 85.33
70.06, 1.494, 80.67
70.07, 1.493, 81.83
70.08, 1.492, 81.61
70.09, 1.491, 82.05
70.10, 1.490, 79.25
70.11, 1.489, 77.02
70.12, 1.488, 77.12
70.13, 1.487, 75.32
70.14, 1.486, 79.48
70.15, 1.485, 77.03
70.16, 1.484, 74.82
70.17, 1.483, 73.43
70.18, 1.482, 74.16
70.19, 1.481, 74.96
70.20, 1.480, 73.30
70.21, 1.479, 72.37
70.22, 1.478, 73.61
70.23, 1.477, 74.58
70.24, 1.476, 71.42
70.25, 1.475, 71.15
70.26, 1.474, 68.46
70.27, 1.473, 70.99
70.28, 1.472, 70.69
70.29, 1.471, 68.49
70.30, 1.470, 67.61
70.31, 1.469, 66.82
70.32, 1.468, 66.18
70.33, 1.467, 69.25
70.34, 1.466, 66.93
70.35, 1.465, 65.15
70.36, 1.464, 63.86
70.37, 1.463, 64.35
70.38, 1.462, 67.29
70.39, 1.461, 65.05
70.40, 1.460, 63.78
70.41, 1.459, 61.91
70.42, 1.458, 62.09
70.43, 1.457, 64.13
70.44, 1.456, 61.75
70.45, 1.455, 61.17
70.46, 1.454, 58.79
70.47, 1.453, 62.21
70.48, 1.452, 61.83
70.49, 1.451, 58.55
70.50, 1.450, 60.05
70.51, 1.449, 57.55
70.52, 1.448, 57.53
70.53, 1.447, 56.08
70.54, 1.446, 56.29
70.55, 1.445, 53.71
70.56, 1.444, 53.70
70.57, 1.443, 56.48
70.58, 1.442, 54.68
70.59, 1.441, 53.73
70.60, 1.440, 53.42
70.61, 1.439, 51.47
70.62, 1.438, 55.99
70.63, 1.437, 52.32
70.64, 1.436, 52.59
70.65, 1.435, 51.39
70.66, 1.434, 53.65
70.67, 1.433, 52.69
70.68, 1.432, 50.13
70.69, 1.431, 48.93
70.70, 1.430, 52.41
70.71, 1.429, 51.91
70.72, 1.428, 49.00
70.73, 1.427, 48.88
70.74, 1.426, 49.41
70.75, 1.425, 50.18
70.76, 1.424, 48.72
70.77, 1.423, 47.22
70.78, 1.422, 47.14
70.79, 1.421, 50.31
70.80, 1.420, 49.21
70.81, 1.419, 45.96
70.82, 1.418, 46.09
70.83, 1.417, 46.80
70.84, 1.416, 46.69
70.85, 1.415, 47.97
70.86, 1.414, 44.71
70.87, 1.413, 44.39
70.88, 1.412, 46.73
70.89, 1.411, 43.56
70.90, 1.410, 45.13
70.91, 1.409, 43.00
70.92, 1.408, 44.61
70.93, 1.407, 43.80
70.94, 1.406, 42.18
70.95, 1.405, 42.76
70.96, 1.404, 41.20
70.97, 1.403, 39.39
70.98, 1.402, 42.48
70.99, 1.401, 40.61
71.00, 1.400, 39.77
71.01, 1.399, 39.36
71.02, 1.398, 40.38
71.03, 1.397, 40.63
71.04, 1.396, 39.66
71.05, 1.395, 37.88
71.06, 1.394, 38.91
71.07, 1.393, 39.29
71.08, 1.392, 37.22
71.09, 1.391, 38.64
71.10, 1.390, 38.92
71.11, 1.389, 37.77
71.12, 1.388, 37.44
71.13, 1.387, 40.01
71.14, 1.386, 37.10
71.15, 1.385, 37.02
71.16, 1.384, 36.39
71.17, 1.383, 35.91
71.18, 1.382, 37.25
71.19, 1.381, 38.40
71.20, 1.380, 36.36
71.21, 1.379, 36.75
71.22, 1.378, 34.49
71.23, 1.377, 33.40
71.24, 1.376, 38.58
71.25, 1.375, 37.82
71.26, 1.374, 33.75
71.27, 1.373, 33.35
71.28, 1.372, 35.55
71.29, 1.371, 36.83
71.30, 1.370, 34.56
71.31, 1.369, 34.13
71.32, 1.368, 34.44
71.33, 1.367, 31.94
71.34, 1.366, 34.14
71.35, 1.365, 35.46
71.36, 1.364, 33.09
71.37, 1.363, 31.20
71.38, 1.362, 31.05
71.39, 1.361, 31.67
71.40, 1.360, 33.79
71.41, 1.359, 32.11
71.42, 1.358, 31.12
71.43, 1.357, 31.51
71.44, 1.356, 27.36
71.45, 1.355, 31.86
71.46, 1.354, 32.41
71.47, 1.353, 31.80
71.48, 1.352, 29.56
71.49, 1.351, 29.39
71.50, 1.350, 29.69
71.51, 1.349, 31.88
71.52, 1.348, 28.85
71.53, 1.347, 29.36
71.54, 1.346, 28.57
71.55, 1.345, 29.31
71.56, 1.344, 32.01
71.57, 1.343, 29.63
71.58, 1.342, 29.16
71.59, 1.341, 28.18
71.60, 1.340, 30.32
71.61, 1.339, 31.37
71.62, 1.338, 29.60
71.63, 1.337, 27.68
71.64, 1.336, 28.47
71.65, 1.335, 29.46
71.66, 1.334, 30.59
71.67, 1.333, 28.49
71.68, 1.332, 27.31
71.69, 1.331, 26.69
71.70, 1.330, 27.25
71.71, 1.329, 30.31
71.72, 1.328, 28.18
71.73, 1.327, 26.84
71.74, 1.326, 26.12
71.75, 1.325, 26.17
71.76, 1.324, 27.91
71.77, 1.323, 29.16
71.78, 1.322, 25.90
71.79, 1.321, 24.38
71.80, 1.320, 22.96
71.81, 1.319, 26.85
71.82, 1.318, 26.67
71.83, 1.317, 24.18
71.84, 1.316, 24.19
71.85, 1.315, 21.95
71.86, 1.314, 27.03
71.87, 1.313, 27.95
71.88, 1.312, 23.36
71.89, 1.311, 22.45
71.90, 1.310, 24.21
71.91, 1.309, 26.16
71.92, 1.308, 26.52
71.93, 1.307, 25.56
71.94, 1.306, 22.97
71.95, 1.305, 22.31
71.96, 1.304, 24.64
71.97, 1.303, 25.57
71.98, 1.302, 25.38
71.99, 1.301, 24.23
72.00, 1.300, 23.60
72.01, 1.299, 23.51
72.02, 1.298, 23.80
72.03, 1.297, 24.25
72.04, 1.296, 23.18
72.05, 1.295, 22.48
72.06, 1.294, 23.83
72.07, 1.293, 23.01
72.08, 1.292, 23.05
72.09, 1.291, 20.70
72.10, 1.290, 23.57
72.11, 1.289, 21.55
72.12, 1.288, 23.84
72.13, 1.287, 20.77
72.14, 1.286, 23.93
72.15, 1.285, 25.52
72.16, 1.284, 23.33
72.17, 1.283, 22.48
72.18, 1.282, 20.52
72.19, 1.281, 21.50
72.20, 1.280, 21.75
72.21, 1.279, 21.26
72.22, 1.278, 20.39
72.23, 1.277, 18.67
72.24, 1.276, 22.45
72.25, 1.275, 20.12
72.26, 1.274, 20.18
72.27, 1.273, 18.83
72.28, 1.272, 19.70
72.29, 1.271, 20.90
72.30, 1.270, 20.40
72.31, 1.269, 20.71
72.32, 1.268, 19.81
72.33, 1.267, 22.17
72.34, 1.266, 19.87
72.35, 1.265, 18.57
72.36, 1.264, 18.90
72.37, 1.263, 20.64
72.38, 1.262, 22.58
72.39, 1.261, 21.01
72.40, 1.260, 19.50
72.41, 1.259, 20.18
72.42, 1.258, 19.29
72.43, 1.257, 19.87
72.44, 1.256, 20.44
72.45, 1.255, 18.94
72.46, 1.254, 17.25
72.47, 1.253, 17.87
72.48, 1.252, 20.89
72.49, 1.251, 19.10
72.50, 1.250, 21.36
72.51, 1.249, 19.31
72.52, 1.248, 19.15
72.53, 1.247, 19.13
72.54, 1.246, 19.12
72.55, 1.245, 19.18
72.56, 1.244, 18.80
72.57, 1.243, 16.63
72.58, 1.242, 18.79
72.59, 1.241, 20.52
72.60, 1.240, 18.92
72.61, 1.239, 18.94
72.62, 1.238, 15.89
72.63, 1.237, 17.71
72.64, 1.236, 17.88
72.65, 1.235, 16.30
72.66, 1.234, 17.39
72.67, 1.233, 15.97
72.68, 1.232, 15.45
72.69, 1.231, 18.00
72.70, 1.230, 17.76
72.71, 1.229, 15.57
72.72, 1.228, 15.67
72.73, 1.227, 15.76
72.74, 1.226, 15.56
72.75, 1.225, 17.24
72.76, 1.224, 17.30
72.77, 1.223, 14.92
72.78, 1.222, 14.60
72.79, 1.221, 13.39
72.80, 1.220, 17.25
72.81, 1.219, 16.85
72.82, 1.218, 16.33
72.83, 1.217, 16.17
72.84, 1.216, 14.24
72.85, 1.215, 15.60
72.86, 1.214, 17.57
72.87, 1.213, 17.39
72.88, 1.212, 15.52
72.89, 1.211, 14.58
72.90, 1.210, 14.08
72.91, 1.209, 14.20
72.92, 1.208, 15.56
72.93, 1.207, 15.34
72.94, 1.206, 14.53
72.95, 1.205, 13.72
72.96, 1.204, 15.05
72.97, 1.203, 17.36
72.98, 1.202, 15.99
72.99, 1.201, 15.19
73.00, 1.200, 14.54
73.01, 1.199, 14.82
73.02, 1.198, 17.61
73.03, 1.197, 14.42
73.04, 1.196, 14.51
73.05, 1.195, 12.25
73.06, 1.194, 11.21
73.07, 1.193, 13.60
73.08, 1.192, 13.38
73.09, 1.191, 12.56
73.10, 1.190, 10.83
73.11, 1.189, 12.10
73.12, 1.188, 14.40
73.13, 1.187, 13.26
73.14, 1.186, 11.68
73.15, 1.185, 10.21
73.16, 1.184, 12.38
73.17, 1.183, 13.25
73.18, 1.182, 12.60
73.19, 1.181, 12.00
73.20, 1.180, 13.18
73.21, 1.179, 12.25
73.22, 1.178, 13.74
73.23, 1.177, 13.29
73.24, 1.176, 12.52
73.25, 1.175, 11.56
73.26, 1.174, 10.65
73.27, 1.173, 12.61
73.28, 1.172, 11.58
73.29, 1.171, 11.15
73.30, 1.170, 9.950
73.31, 1.169, 12.30
73.32, 1.168, 12.61
73.33, 1.167, 12.27
73.34, 1.166, 10.94
73.35, 1.165, 9.388
73.36, 1.164, 11.84
73.37, 1.163, 11.76
73.38, 1.162, 10.14
73.39, 1.161, 10.40
73.40, 1.160, 10.92
73.41, 1.159, 10.75
73.42, 1.158, 12.33
73.43, 1.157, 9.766
73.44, 1.156, 10.71
73.45, 1.155, 11.17
73.46, 1.154, 8.443
73.47, 1.153, 9.356
73.48, 1.152, 8.344
73.49, 1.151, 11.25
73.50, 1.150, 10.11
73.51, 1.149, 8.211
73.52, 1.148, 7.298
73.53, 1.147, 8.537
73.54, 1.146, 10.17
73.55, 1.145, 8.881
73.56, 1.144, 6.492
73.57, 1.143, 7.323
73.58, 1.142, 8.635
73.59, 1.141, 10.59
73.60, 1.140, 7.642
73.61, 1.139, 9.011
73.62, 1.138, 8.670
73.63, 1.137, 10.82
73.64, 1.136, 9.038
73.65, 1.135, 6.042
73.66, 1.134, 5.663
73.67, 1.133, 10.68
73.68, 1.132, 8.221
73.69, 1.131, 8.576
73.70, 1.130, 8.235
73.71, 1.129, 9.411
73.72, 1.128, 7.130
73.73, 1.127, 7.944
73.74, 1.126, 7.565
73.75, 1.125, 10.32
73.76, 1.124, 10.18
73.77, 1.123, 7.637
73.78, 1.122, 7.516
73.79, 1.121, 8.747
73.80, 1.120, 6.642
73.81, 1.119, 9.803
73.82, 1.118, 8.090
73.83, 1.117, 6.717
73.84, 1.116, 6.892
73.85, 1.115, 8.696
73.86, 1.114, 8.290
73.87, 1.113, 8.720
73.88, 1.112, 6.748
73.89, 1.111, 9.498
73.90, 1.110, 7.072
73.91, 1.109, 6.914
73.92, 1.108, 5.399
73.93, 1.107, 4.308
73.94, 1.106, 5.989
73.95, 1.105, 5.025
73.96, 1.104, 5.971
73.97, 1.103, 5.948
73.98, 1.102, 5.481
73.99, 1.101, 6.484
74.00, 1.100, 7.182
74.01, 1.099, 6.438
74.02, 1.098, 5.902
74.03, 1.097, 7.340
74.04, 1.096, 6.539
74.05, 1.095, 7.450
74.06, 1.094, 7.395
74.07, 1.093, 5.340
74.08, 1.092, 7.498
74.09, 1.091, 5.694
74.10, 1.090, 6.590
74.11, 1.089, 6.089
74.12, 1.088, 6.485
74.13, 1.087, 9.715
74.14, 1.086, 6.278
74.15, 1.085, 4.812
74.16, 1.084, 4.329
74.17, 1.083, 7.314
74.18, 1.082, 7.839
74.19, 1.081, 4.516
74.20, 1.080, 4.998
74.21, 1.079, 5.444
74.22, 1.078, 6.566
74.23, 1.077, 7.041
74.24, 1.076, 5.744
74.25, 1.075, 5.244
74.26, 1.074, 7.076
74.27, 1.073, 7.029
74.28, 1.072, 5.358
74.29, 1.071, 5.740
74.30, 1.070, 6.326
74.31, 1.069, 6.802
74.32, 1.068, 5.455
74.33, 1.067, 4.130
74.34, 1.066, 4.170
74.35, 1.065, 4.873
74.36, 1.064, 5.042
74.37, 1.063, 7.481
74.38, 1.062, 4.230
74.39, 1.061, 4.092
74.40, 1.060, 5.537
74.41, 1.059, 5.018
74.42, 1.058, 3.842
74.43, 1.057, 3.963
74.44, 1.056, 3.638
74.45, 1.055, 6.149
74.46, 1.054, 5.426
74.47, 1.053, 4.226
74.48, 1.052, 4.298
74.49, 1.051, 5.089
74.50, 1.050, 4.287
74.51, 1.049, 5.505
74.52, 1.048, 3.728
74.53, 1.047, 3.589
74.54, 1.046, 5.021
74.55, 1.045, 4.311
74.56, 1.044, 5.660
74.57, 1.043, 4.807
74.58, 1.042, 5.371
74.59, 1.041, 7.004
74.60, 1.040, 3.003
74.61, 1.039, 4.304
74.62, 1.038, 3.577
74.63, 1.037, 5.221
74.64, 1.036, 4.623
74.65, 1.035, 3.812
74.66, 1.034, 3.189
74.67, 1.033, 2.199
74.68, 1.032, 5.671
74.69, 1.031, 6.260
74.70, 1.030, 4.628
74.71, 1.029, 3.226
74.72, 1.028, 3.012
74.73, 1.027, 5.395
74.74, 1.026, 3.836
74.75, 1.025, 3.197
74.76, 1.024, 0.6108
74.77, 1.023, 1.887
74.78, 1.022, 4.596
74.79, 1.021, 3.804
74.80, 1.020, 2.401
74.81, 1.019, 2.090
74.82, 1.018, 0.1717
74.83, 1.017, 3.611
74.84, 1.016, 3.977
74.85, 1.015, 4.407
74.86, 1.014, 3.268
74.87, 1.013, 1.820
74.88, 1.012, 6.179
74.89, 1.011, 4.873
74.90, 1.010, 3.077
74.91, 1.009, 2.571
74.92, 1.008, 3.950
74.93, 1.007, 3.039
74.94, 1.006, 4.519
74.95, 1.005, 3.333
74.96, 1.004, 0.7014
74.97, 1.003, 2.619
74.98, 1.002, 3.610
74.99, 1.001, 4.544
75.00, 1.000, 4.727
75.01, 0.9990, 1.346
75.02, 0.9980, 5.751
75.03, 0.9970, 3.948
75.04, 0.9960, 5.022
75.05, 0.9950, 3.148
75.06, 0.9940, 3.190
75.07, 0.9930, 4.731
75.08, 0.9920, 3.571
75.09, 0.9910, 3.653
75.10, 0.9900, 2.880
75.11, 0.9890, 3.083
75.12, 0.9880, 2.177
75.13, 0.9870, 3.778
75.14, 0.9860, 4.006
75.15, 0.9850, 2.959
75.16, 0.9840, 0.9135
75.17, 0.9830, 0.5213
75.18, 0.9820, 2.420
75.19, 0.9810, 3.525
75.20, 0.9800, 2.508
75.21, 0.9790, 2.153
75.22, 0.9780, -0.9113
75.23, 0.9770, 3.239
75.24, 0.9760, 3.043
75.25, 0.9750, 0.6252
75.26, 0.9740, 2.175
75.27, 0.9730, 1.323
75.28, 0.9720, 2.887
75.29, 0.9710, 4.165
75.30, 0.9700, 1.682
75.31, 0.9690, 2.462
75.32, 0.9680, 0.8515
75.33, 0.9670, 0.9818
75.34, 0.9660, 2.124
75.35, 0.9650, 3.814
75.36, 0.9640, 1.552
75.37, 0.9630, 0.4638
75.38, 0.9620, 2.058
75.39, 0.9610, 1.072
75.40, 0.9600, 1.905
75.41, 0.9590, 2.300
75.42, 0.9580, -0.1213
75.43, 0.9570, 1.934
75.44, 0.9560, 4.799
75.45, 0.9550, 1.875
75.46, 0.9540, 2.595
75.47, 0.9530, 0.6340
75.48, 0.9520, 0.8003
75.49, 0.9510, 2.199
75.50, 0.9500, 3.507
75.51, 0.9490, 3.666
75.52, 0.9480, 2.775
75.53, 0.9470, 1.058
75.54, 0.9460, 3.525
75.55, 0.9450, 1.840
75.56, 0.9440, 1.181
75.57, 0.9430, 0.4574
75.58, 0.9420, 1.208
75.59, 0.9410, 1.708
75.60, 0.9400, 0.9574
75.61, 0.9390, 0.02760
75.62, 0.9380, -1.120
75.63, 0.9370, -1.786
75.64, 0.9360, 1.049
75.65, 0.9350, 0.4538
75.66, 0.9340, 1.004
75.67, 0.9330, -0.4639
75.68, 0.9320, -0.5532
75.69, 0.9310, 1.492
75.70, 0.9300, 1.854
75.71, 0.9290, 1.340
75.72, 0.9280, 1.540
75.73, 0.9270, 0.1195
75.74, 0.9260, -0.2109
75.75, 0.9250, 2.459
75.76, 0.9240, 1.022
75.77, 0.9230, 1.427
75.78, 0.9220, -0.3818
75.79, 0.9210, -1.217
75.80, 0.9200, 2.147
75.81, 0.9190, 2.012
75.82, 0.9180, 1.698
75.83, 0.9170, 0.4690
75.84, 0.9160, 0.1591
75.85, 0.9150, 1.232
75.86, 0.9140, 2.263
75.87, 0.9130, 2.006
75.88, 0.9120, 0.1288
75.89, 0.9110, -0.8172
75.90, 0.9100, 0.2442
75.91, 0.9090, 1.968
75.92, 0.9080, 2.930
75.93, 0.9070, 0.6185
75.94, 0.9060, -1.471
75.95, 0.9050, 0.9916
75.96, 0.9040, 1.372
75.97, 0.9030, 2.127
75.98, 0.9020, 1.863
75.99, 0.9010, -1.803
76.00, 0.9000, -0.3745
76.01, 0.8990, 1.097
76.02, 0.8980, 0.1334
76.03, 0.8970, 0.4220
76.04, 0.8960, -2.989
76.05, 0.8950, 0.7225
76.06, 0.8940, 0.3578
76.07, 0.8930, 0.09079
76.08, 0.8920, -1.145
76.09, 0.8910, -0.6202
76.10, 0.8900, 0.9692
76.11, 0.8890, 1.944
76.12, 0.8880, 0.001626
76.13, 0.8870, -1.733
76.14, 0.8860, -2.087
76.15, 0.8850, -0.6882
76.16, 0.8840, 0.02415
76.17, 0.8830, 0.8519
76.18, 0.8820, 0.1209
76.19, 0.8810, -1.745
76.20, 0.8800, 1.146
76.21, 0.8790, 0.6336
76.22, 0.8780, 0.8539
76.23, 0.8770, -1.234
76.24, 0.8760, -0.9474
76.25, 0.8750, 2.378
76.26, 0.8740, 0.8155
76.27, 0.8730, 0.03512
76.28, 0.8720, 0.2186
76.29, 0.8710, 0.1079
76.30, 0.8700, 1.271
76.31, 0.8690, 1.209
76.32, 0.8680, -1.760
76.33, 0.8670, -1.003
76.34, 0.8660, 2.344
76.35, 0.8650, 1.590
76.36, 0.8640, -0.09628
76.37, 0.8630, -0.2258
76.38, 0.8620, 1.005
76.39, 0.8610, 0.8328
76.40, 0.8600, 1.339
76.41, 0.8590, 1.217
76.42, 0.8580, -2.150
76.43, 0.8570, -2.313
76.44, 0.8560, -2.768
76.45, 0.8550, -0.6755
76.46, 0.8540, -0.8765
76.47, 0.8530, -0.7798
76.48, 0.8520, -1.706
76.49, 0.8510, -3.999
76.50, 0.8500, -0.7739
76.51, 0.8490, -1.195
76.52, 0.8480, 0.4759
76.53, 0.8470, -1.993
76.54, 0.8460, -3.184
76.55, 0.8450, -0.7001
76.56, 0.8440, -0.4899
76.57, 0.8430, -0.5649
76.58, 0.8420, -2.108
76.59, 0.8410, -3.286
76.60, 0.8400, -0.7579
76.61, 0.8390, -0.5233
76.62, 0.8380, 0.6905
76.63, 0.8370, -0.4479
76.64, 0.8360, -2.463
76.65, 0.8350, -1.063
76.66, 0.8340, 0.4575
76.67, 0.8330, 0.6663
76.68, 0.8320, -0.7900
76.69, 0.8310, -1.663
76.70, 0.8300, 0.7839
76.71, 0.8290, 0.5150
76.72, 0.8280, -0.6302
76.73, 0.8270, -2.412
76.74, 0.8260, -1.534
76.75, 0.8250, 2.213
76.76, 0.8240, -0.8221
76.77, 0.8230, -0.3968
76.78, 0.8220, -3.337
76.79, 0.8210, -3.328
76.80, 0.8200, 0.2699
76.81, 0.8190, -1.818
76.82, 0.8180, -2.530
76.83, 0.8170, -3.996
76.84, 0.8160, -3.140
76.85, 0.8150, -0.3430
76.86, 0.8140, -2.364
76.87, 0.8130, 0.02891
76.88, 0.8120, -4.541
76.89, 0.8110, -1.892
76.90, 0.8100, -2.178
76.91, 0.8090, -0.3690
76.92, 0.8080, -2.541
76.93, 0.8070, -3.834
76.94, 0.8060, -2.042
76.95, 0.8050, 0.4161
76.96, 0.8040, -2.286
76.97, 0.8030, -3.066
76.98, 0.8020, -3.498
76.99, 0.8010, -1.064
77.00, 0.8000, 1.684
77.01, 0.7990, -0.5158
77.02, 0.7980, -3.138
77.03, 0.7970, -2.466
77.04, 0.7960, -0.4291
77.05, 0.7950, -0.2033
77.06, 0.7940, -0.4973
77.07, 0.7930, -1.617
77.08, 0.7920, -1.086
77.09, 0.7910, -2.204
77.10, 0.7900, 0.1822
77.11, 0.7890, -1.246
77.12, 0.7880, -2.711
77.13, 0.7870, -3.848
77.14, 0.7860, -2.368
77.15, 0.7850, -1.230
77.16, 0.7840, -1.792
77.17, 0.7830, -4.431
77.18, 0.7820, -3.718
77.19, 0.7810, -1.831
77.20, 0.7800, -0.6866
77.21, 0.7790, -0.3677
77.22, 0.7780, -2.389
77.23, 0.7770, -2.335
77.24, 0.7760, -2.008
77.25, 0.7750, 0.4454
77.26, 0.7740, -2.757
77.27, 0.7730, -2.777
77.28, 0.7720, -4.010
77.29, 0.7710, -4.860
77.30, 0.7700, -4.188
77.31, 0.7690, -1.760
77.32, 0.7680, -3.481
77.33, 0.7670, -4.373
77.34, 0.7660, -3.885
77.35, 0.7650, -3.606
77.36, 0.7640, -1.991
77.37, 0.7630, -1.942
77.38, 0.7620, -1.890
77.39, 0.7610, -3.527
77.40, 0.7600, -2.772
77.41, 0.7590, -3.074
77.42, 0.7580, -1.558
77.43, 0.7570, -0.9343
77.44, 0.7560, -1.568
77.45, 0.7550, -2.213
77.46, 0.7540, -4.085
77.47, 0.7530, -0.2930
77.48, 0.7520, -2.320
77.49, 0.7510, -1.321
77.50, 0.7500, -2.490
77.51, 0.7490, -4.046
77.52, 0.7480, -2.185
77.53, 0.7470, -2.720
77.54, 0.7460, -1.825
77.55, 0.7450, -0.6566
77.56, 0.7440, -4.409
77.57, 0.7430, -3.731
77.58, 0.7420, -1.588
77.59, 0.7410, -2.843
77.60, 0.7400, -1.512
77.61, 0.7390, -2.403
77.62, 0.7380, -4.262
77.63, 0.7370, 0.2266
77.64, 0.7360, -1.298
77.65, 0.7350, -2.804
77.66, 0.7340, -3.069
77.67, 0.7330, -4.779
77.68, 0.7320, -2.479
77.69, 0.7310, -3.172
77.70, 0.7300, -4.522
77.71, 0.7290, -4.408
77.72, 0.7280, -4.517
77.73, 0.7270, -4.551
77.74, 0.7260, -3.132
77.75, 0.7250, -4.711
77.76, 0.7240, -4.034
77.77, 0.7230, -5.601
77.78, 0.7220, -3.915
77.79, 0.7210, -1.649
77.80, 0.7200, -3.746
77.81, 0.7190, -2.743
77.82, 0.7180, -2.835
77.83, 0.7170, -4.147
77.84, 0.7160, -2.536
77.85, 0.7150, -4.291
77.86, 0.7140, -3.689
77.87, 0.7130, -3.862
77.88, 0.7120, -3.476
77.89, 0.7110, -0.9139
77.90, 0.7100, -3.111
77.91, 0.7090, -2.480
77.92, 0.7080, -3.252
77.93, 0.7070, -4.974
77.94, 0.7060, -2.436
77.95, 0.7050, -3.118
77.96, 0.7040, -1.819
77.97, 0.7030, -3.721
77.98, 0.7020, -5.177
77.99, 0.7010, -6.074
78.00, 0.7000, -2.551
78.01, 0.6990, -3.134
78.02, 0.6980, -3.713
78.03, 0.6970, -4.258
78.04, 0.6960, -2.947
78.05, 0.6950, -3.675
78.06, 0.6940, -2.238
78.07, 0.6930, -4.816
78.08, 0.6920, -3.791
78.09, 0.6910, -4.438
78.10, 0.6900, -5.736
78.11, 0.6890, -3.059
78.12, 0.6880, -0.3885
78.13, 0.6870, -3.775
78.14, 0.6860, -5.552
78.15, 0.6850, -5.936
78.16, 0.6840, -5.063
78.17, 0.6830, -3.847
78.18, 0.6820, -3.762
78.19, 0.6810, -4.461
78.20, 0.6800, -3.803
78.21, 0.6790, -4.619
78.22, 0.6780, -3.407
78.23, 0.6770, -3.476
78.24, 0.6760, -4.633
78.25, 0.6750, -4.518
78.26, 0.6740, -4.524
78.27, 0.6730, -4.156
78.28, 0.6720, -6.438
78.29, 0.6710, -1.922
78.30, 0.6700, -2.950
78.31, 0.6690, -4.133
78.32, 0.6680, -3.044
78.33, 0.6670, -4.027
78.34, 0.6660, -4.332
78.35, 0.6650, -4.219
78.36, 0.6640, -4.539
78.37, 0.6630, -4.743
78.38, 0.6620, -3.867
78.39, 0.6610, -3.072
78.40, 0.6600, -5.922
78.41, 0.6590, -1.490
78.42, 0.6580, -2.496
78.43, 0.6570, -2.945
78.44, 0.6560, -4.284
78.45, 0.6550, -4.764
78.46, 0.6540, -2.518
78.47, 0.6530, -1.361
78.48, 0.6520, -4.239
78.49, 0.6510, -4.066
78.50, 0.6500, -5.420
78.51, 0.6490, -5.327
78.52, 0.6480, -2.650
78.53, 0.6470, -4.583
78.54, 0.6460, -5.533
78.55, 0.6450, -6.449
78.56, 0.6440, -7.058
78.57, 0.6430, -4.314
78.58, 0.6420, -4.542
78.59, 0.6410, -4.554
78.60, 0.6400, -5.571
78.61, 0.6390, -6.647
78.62, 0.6380, -3.093
78.63, 0.6370, -3.669
78.64, 0.6360, -4.064
78.65, 0.6350, -5.933
78.66, 0.6340, -6.117
78.67, 0.6330, -4.624
78.68, 0.6320, -4.776
78.69, 0.6310, -5.552
78.70, 0.6300, -4.210
78.71, 0.6290, -5.625
78.72, 0.6280, -3.613
78.73, 0.6270, -3.595
78.74, 0.6260, -3.627
78.75, 0.6250, -3.886
78.76, 0.6240, -5.113
78.77, 0.6230, -4.457
78.78, 0.6220, -1.777
78.79, 0.6210, -4.871
78.80, 0.6200, -3.734
78.81, 0.6190, -4.868
78.82, 0.6180, -5.161
78.83, 0.6170, -4.282
78.84, 0.6160, -2.594
78.85, 0.6150, -3.013
78.86, 0.6140, -4.555
78.87, 0.6130, -5.265
78.88, 0.6120, -3.760
78.89, 0.6110, -4.567
78.90, 0.6100, -3.531
78.91, 0.6090, -4.656
78.92, 0.6080, -5.352
78.93, 0.6070, -5.645
78.94, 0.6060, -4.545
78.95, 0.6050, -5.443
78.96, 0.6040, -6.450
78.97, 0.6030, -6.151
78.98, 0.6020, -6.214
78.99, 0.6010, -5.113
79.00, 0.6000, -4.912
79.01, 0.5990, -5.972
79.02, 0.5980, -6.864
79.03, 0.5970, -6.493
79.04, 0.5960, -4.821
79.05, 0.5950, -4.324
79.06, 0.5940, -5.425
79.07, 0.5930, -6.779
79.08, 0.5920, -7.233
79.09, 0.5910, -5.203
79.10, 0.5900, -3.699
79.11, 0.5890, -6.110
79.12, 0.5880, -4.678
79.13, 0.5870, -6.835
79.14, 0.5860, -5.363
79.15, 0.5850, -2.506
79.16, 0.5840, -6.094
79.17, 0.5830, -4.870
79.18, 0.5820, -5.717
79.19, 0.5810, -6.774
79.20, 0.5800, -5.761
79.21, 0.5790, -4.227
79.22, 0.5780, -3.612
79.23, 0.5770, -5.307
79.24, 0.5760, -6.319
79.25, 0.5750, -6.877
79.26, 0.5740, -3.649
79.27, 0.5730, -5.097
79.28, 0.5720, -5.338
79.29, 0.5710, -6.989
79.30, 0.5700, -5.918
79.31, 0.5690, -3.509
79.32, 0.5680, -2.980
79.33, 0.5670, -4.712
79.34, 0.5660, -6.554
79.35, 0.5650, -6.337
79.36, 0.5640, -5.349
79.37, 0.5630, -4.850
79.38, 0.5620, -5.040
79.39, 0.5610, -6.611
79.40, 0.5600, -7.669
79.41, 0.5590, -6.751
79.42, 0.5580, -4.754
79.43, 0.5570, -6.694
79.44, 0.5560, -5.977
79.45, 0.5550, -6.590
79.46, 0.5540, -6.679
79.47, 0.5530, -4.909
79.48, 0.5520, -5.392
79.49, 0.5510, -5.919
79.50, 0.5500, -4.930
79.51, 0.5490, -7.175
79.52, 0.5480, -6.415
79.53, 0.5470, -4.690
79.54, 0.5460, -6.190
79.55, 0.5450, -4.811
79.56, 0.5440, -5.767
79.57, 0.5430, -7.650
79.58, 0.5420, -4.303
79.59, 0.5410, -4.136
79.60, 0.5400, -4.625
79.61, 0.5390, -5.895
79.62, 0.5380, -8.026
79.63, 0.5370, -4.909
79.64, 0.5360, -5.767
79.65, 0.5350, -5.188
79.66, 0.5340, -5.141
79.67, 0.5330, -5.888
79.68, 0.5320, -5.141
79.69, 0.5310, -4.805
79.70, 0.5300, -6.950
79.71, 0.5290, -5.402
79.72, 0.5280, -6.000
79.73, 0.5270, -7.577
79.74, 0.5260, -3.548
79.75, 0.5250, -6.403
79.76, 0.5240, -5.958
79.77, 0.5230, -5.698
79.78, 0.5220, -6.738
79.79, 0.5210, -6.908
79.80, 0.5200, -5.159
79.81, 0.5190, -5.449
79.82, 0.5180, -5.748
79.83, 0.5170, -6.503
79.84, 0.5160, -7.319
79.85, 0.5150, -5.815
79.86, 0.5140, -5.738
79.87, 0.5130, -7.176
79.88, 0.5120, -6.558
79.89, 0.5110, -8.187
79.90, 0.5100, -7.121
79.91, 0.5090, -5.505
79.92, 0.5080, -5.648
79.93, 0.5070, -4.892
79.94, 0.5060, -7.544
79.95, 0.5050, -7.697
79.96, 0.5040, -6.451
79.97, 0.5030, -6.496
79.98, 0.5020, -5.428
79.99, 0.5010, -6.088
80.00, 0.5000, -6.253
80.01, 0.4990, -5.257
80.02, 0.4980, -4.332
80.03, 0.4970, -6.035
80.04, 0.4960, -6.520
80.05, 0.4950, -7.061
80.06, 0.4940, -6.498
80.07, 0.4930, -6.460
80.08, 0.4920, -5.373
80.09, 0.4910, -6.475
80.10, 0.4900, -5.952
80.11, 0.4890, -6.845
80.12, 0.4880, -7.085
80.13, 0.4870, -5.554
80.14, 0.4860, -6.817
80.15, 0.4850, -8.766
80.16, 0.4840, -4.960
80.17, 0.4830, -6.077
80.18, 0.4820, -7.105
80.19, 0.4810, -8.187
80.20, 0.4800, -7.461
80.21, 0.4790, -6.034
80.22, 0.4780, -6.421
80.23, 0.4770, -5.885
80.24, 0.4760, -8.474
80.25, 0.4750, -7.988
80.26, 0.4740, -6.546
80.27, 0.4730, -7.069
80.28, 0.4720, -7.106
80.29, 0.4710, -6.823
80.30, 0.4700, -7.596
80.31, 0.4690, -5.459
80.32, 0.4680, -6.797
80.33, 0.4670, -6.481
80.34, 0.4660, -7.255
80.35, 0.4650, -6.316
80.36, 0.4640, -6.735
80.37, 0.4630, -6.943
80.38, 0.4620, -6.569
80.39, 0.4610, -7.792
80.40, 0.4600, -6.345
80.41, 0.4590, -6.301
80.42, 0.4580, -7.192
80.43, 0.4570, -6.902
80.44, 0.4560, -8.413
80.45, 0.4550, -7.815
80.46, 0.4540, -4.863
80.47, 0.4530, -5.740
80.48, 0.4520, -7.149
80.49, 0.4510, -7.638
80.50, 0.4500, -6.175
80.51, 0.4490, -7.307
80.52, 0.4480, -5.925
80.53, 0.4470, -6.867
80.54, 0.4460, -6.348
80.55, 0.4450, -4.588
80.56, 0.4440, -6.981
80.57, 0.4430, -6.742
80.58, 0.4420, -7.411
80.59, 0.4410, -8.653
80.60, 0.4400, -5.248
80.61, 0.4390, -7.415
80.62, 0.4380, -6.589
80.63, 0.4370, -7.444
80.64, 0.4360, -8.160
80.65, 0.4350, -6.774
80.66, 0.4340, -6.292
80.67, 0.4330, -7.810
80.68, 0.4320, -7.543
80.69, 0.4310, -9.524
80.70, 0.4300, -7.952
80.71, 0.4290, -7.735
80.72, 0.4280, -7.783
80.73, 0.4270, -8.546
80.74, 0.4260, -8.540
80.75, 0.4250, -8.729
80.76, 0.4240, -7.031
80.77, 0.4230, -8.111
80.78, 0.4220, -8.100
80.79, 0.4210, -6.828
80.80, 0.4200, -7.921
80.81, 0.4190, -8.733
80.82, 0.4180, -6.346
80.83, 0.4170, -6.452
80.84, 0.4160, -5.974
80.85, 0.4150, -6.986
80.86, 0.4140, -7.076
80.87, 0.4130, -6.272
80.88, 0.4120, -6.943
80.89, 0.4110, -8.312
80.90, 0.4100, -8.649
80.91, 0.4090, -8.705
80.92, 0.4080, -6.954
80.93, 0.4070, -5.758
80.94, 0.4060, -6.734
80.95, 0.4050, -7.372
80.96, 0.4040, -8.071
80.97, 0.4030, -6.901
80.98, 0.4020, -7.137
80.99, 0.4010, -7.191
81.00, 0.4000, -8.157
81.01, 0.3990, -8.927
81.02, 0.3980, -9.977
81.03, 0.3970, -7.077
81.04, 0.3960, -6.678
81.05, 0.3950, -8.237
81.06, 0.3940, -9.095
81.07, 0.3930, -10.48
81.08, 0.3920, -8.289
81.09, 0.3910, -7.847
81.10, 0.3900, -9.119
81.11, 0.3890, -8.277
81.12, 0.3880, -8.861
81.13, 0.3870, -10.02
81.14, 0.3860, -8.086
81.15, 0.3850, -7.455
81.16, 0.3840, -7.802
81.17, 0.3830, -7.963
81.18, 0.3820, -10.54
81.19, 0.3810, -7.249
81.20, 0.3800, -7.298
81.21, 0.3790, -8.036
81.22, 0.3780, -7.194
81.23, 0.3770, -9.396
81.24, 0.3760, -8.892
81.25, 0.3750, -6.314
81.26, 0.3740, -8.846
81.27, 0.3730, -7.195
81.28, 0.3720, -8.687
81.29, 0.3710, -9.634
81.30, 0.3700, -7.274
81.31, 0.3690, -8.690
81.32, 0.3680, -7.251
81.33, 0.3670, -8.372
81.34, 0.3660, -8.726
81.35, 0.3650, -7.729
81.36, 0.3640, -6.247
81.37, 0.3630, -8.309
81.38, 0.3620, -8.741
81.39, 0.3610, -8.725
81.40, 0.3600, -9.808
81.41, 0.3590, -6.084
81.42, 0.3580, -6.858
81.43, 0.3570, -7.638
81.44, 0.3560, -10.12
81.45, 0.3550, -8.037
81.46, 0.3540, -7.700
81.47, 0.3530, -8.246
81.48, 0.3520, -8.003
81.49, 0.3510, -9.436
81.50, 0.3500, -9.904
81.51, 0.3490, -7.543
81.52, 0.3480, -8.766
81.53, 0.3470, -8.860
81.54, 0.3460, -10.83
81.55, 0.3450, -10.74
81.56, 0.3440, -7.891
81.57, 0.3430, -9.535
81.58, 0.3420, -8.209
81.59, 0.3410, -9.047
81.60, 0.3400, -9.351
81.61, 0.3390, -7.427
81.62, 0.3380, -7.987
81.63, 0.3370, -9.132
81.64, 0.3360, -8.450
81.65, 0.3350, -10.53
81.66, 0.3340, -8.408
81.67, 0.3330, -7.187
81.68, 0.3320, -8.729
81.69, 0.3310, -10.19
81.70, 0.3300, -9.438
81.71, 0.3290, -6.938
81.72, 0.3280, -8.822
81.73, 0.3270, -10.01
81.74, 0.3260, -8.015
81.75, 0.3250, -8.484
81.76, 0.3240, -7.971
81.77, 0.3230, -7.462
81.78, 0.3220, -8.763
81.79, 0.3210, -7.817
81.80, 0.3200, -9.133
81.81, 0.3190, -9.487
81.82, 0.3180, -8.579
81.83, 0.3170, -9.573
81.84, 0.3160, -9.644
81.85, 0.3150, -9.941
81.86, 0.3140, -9.451
81.87, 0.3130, -8.688
81.88, 0.3120, -10.57
81.89, 0.3110, -8.936
81.90, 0.3100, -9.585
81.91, 0.3090, -10.39
81.92, 0.3080, -8.890
81.93, 0.3070, -8.875
81.94, 0.3060, -8.713
81.95, 0.3050, -10.80
81.96, 0.3040, -11.82
81.97, 0.3030, -7.541
81.98, 0.3020, -9.242
81.99, 0.3010, -9.277
82.00, 0.3000, -9.996
82.01, 0.2990, -11.12
82.02, 0.2980, -10.93
82.03, 0.2970, -8.305
82.04, 0.2960, -8.779
82.05, 0.2950, -8.412
82.06, 0.2940, -10.59
82.07, 0.2930, -8.765
82.08, 0.2920, -8.447
82.09, 0.2910, -9.668
82.10, 0.2900, -8.075
82.11, 0.2890, -11.02
82.12, 0.2880, -9.566
82.13, 0.2870, -8.246
82.14, 0.2860, -9.552
82.15, 0.2850, -9.173
82.16, 0.2840, -10.96
82.17, 0.2830, -9.040
82.18, 0.2820, -7.948
82.19, 0.2810, -9.303
82.20, 0.2800, -9.274
82.21, 0.2790, -10.09
82.22, 0.2780, -8.723
82.23, 0.2770, -8.334
82.24, 0.2760, -8.560
82.25, 0.2750, -9.865
82.26, 0.2740, -9.998
82.27, 0.2730, -9.856
82.28, 0.2720, -9.992
82.29, 0.2710, -11.16
82.30, 0.2700, -10.26
82.31, 0.2690, -12.78
82.32, 0.2680, -9.782
82.33, 0.2670, -10.58
82.34, 0.2660, -10.04
82.35, 0.2650, -11.51
82.36, 0.2640, -10.68
82.37, 0.2630, -8.827
82.38, 0.2620, -11.22
82.39, 0.2610, -10.36
82.40, 0.2600, -12.17
82.41, 0.2590, -12.03
82.42, 0.2580, -10.20
82.43, 0.2570, -9.674
82.44, 0.2560, -9.374
82.45, 0.2550, -10.99
82.46, 0.2540, -10.04
82.47, 0.2530, -8.393
82.48, 0.2520, -9.313
82.49, 0.2510, -11.14
82.50, 0.2500, -10.75
82.51, 0.2490, -8.155
82.52, 0.2480, -9.286
82.53, 0.2470, -9.217
82.54, 0.2460, -9.836
82.55, 0.2450, -10.56
82.56, 0.2440, -8.269
82.57, 0.2430, -10.42
82.58, 0.2420, -8.727
82.59, 0.2410, -10.56
82.60, 0.2400, -11.62
82.61, 0.2390, -8.997
82.62, 0.2380, -9.573
82.63, 0.2370, -8.946
82.64, 0.2360, -11.21
82.65, 0.2350, -11.58
82.66, 0.2340, -9.394
82.67, 0.2330, -9.500
82.68, 0.2320, -10.20
82.69, 0.2310, -11.40
82.70, 0.2300, -9.462
82.71, 0.2290, -8.359
82.72, 0.2280, -10.12
82.73, 0.2270, -10.98
82.74, 0.2260, -12.39
82.75, 0.2250, -9.847
82.76, 0.2240, -10.44
82.77, 0.2230, -11.25
82.78, 0.2220, -12.09
82.79, 0.2210, -11.87
82.80, 0.2200, -10.15
82.81, 0.2190, -9.926
82.82, 0.2180, -11.02
82.83, 0.2170, -10.81
82.84, 0.2160, -11.70
82.85, 0.2150, -9.791
82.86, 0.2140, -11.81
82.87, 0.2130, -11.24
82.88, 0.2120, -12.01
82.89, 0.2110, -12.47
82.90, 0.2100, -9.741
82.91, 0.2090, -10.77
82.92, 0.2080, -12.54
82.93, 0.2070, -12.07
82.94, 0.2060, -11.50
82.95, 0.2050, -8.955
82.96, 0.2040, -10.34
82.97, 0.2030, -12.64
82.98, 0.2020, -13.32
82.99, 0.2010, -11.31
83.00, 0.2000, -9.945
83.01, 0.1990, -11.67
83.02, 0.1980, -10.52
83.03, 0.1970, -13.10
83.04, 0.1960, -9.749
83.05, 0.1950, -10.68
83.06, 0.1940, -10.94
83.07, 0.1930, -11.00
83.08, 0.1920, -12.84
83.09, 0.1910, -9.698
83.10, 0.1900, -11.14
83.11, 0.1890, -11.29
83.12, 0.1880, -11.24
83.13, 0.1870, -10.96
83.14, 0.1860, -9.646
83.15, 0.1850, -11.11
83.16, 0.1840, -10.45
83.17, 0.1830, -12.83
83.18, 0.1820, -11.29
83.19, 0.1810, -11.00
83.20, 0.1800, -10.44
83.21, 0.1790, -11.06
83.22, 0.1780, -13.67
83.23, 0.1770, -12.16
83.24, 0.1760, -11.31
83.25, 0.1750, -11.15
83.26, 0.1740, -14.57
83.27, 0.1730, -13.36
83.28, 0.1720, -10.22
83.29, 0.1710, -10.67
83.30, 0.1700, -12.05
83.31, 0.1690, -12.12
83.32, 0.1680, -12.08
83.33, 0.1670, -10.47
83.34, 0.1660, -12.86
83.35, 0.1650, -12.83
83.36, 0.1640, -12.93
83.37, 0.1630, -11.35
83.38, 0.1620, -12.19
83.39, 0.1610, -10.87
83.40, 0.1600, -12.24
83.41, 0.1590, -12.83
83.42, 0.1580, -11.08
83.43, 0.1570, -10.69
83.44, 0.1560, -11.86
83.45, 0.1550, -12.45
83.46, 0.1540, -11.78
83.47, 0.1530, -11.04
83.48, 0.1520, -10.74
83.49, 0.1510, -12.56
83.50, 0.1500, -12.30
83.51, 0.1490, -10.43
83.52, 0.1480, -12.16
83.53, 0.1470, -10.89
83.54, 0.1460, -13.90
83.55, 0.1450, -12.57
83.56, 0.1440, -10.57
83.57, 0.1430, -11.15
83.58, 0.1420, -13.29
83.59, 0.1410, -13.55
83.60, 0.1400, -12.21
83.61, 0.1390, -14.03
83.62, 0.1380, -12.51
83.63, 0.1370, -14.58
83.64, 0.1360, -13.73
83.65, 0.1350, -12.80
83.66, 0.1340, -12.62
83.67, 0.1330, -13.81
83.68, 0.1320, -13.06
83.69, 0.1310, -11.54
83.70, 0.1300, -10.83
83.71, 0.1290, -13.08
83.72, 0.1280, -12.36
83.73, 0.1270, -13.52
83.74, 0.1260, -12.19
83.75, 0.1250, -11.02
83.76, 0.1240, -13.96
83.77, 0.1230, -14.12
83.78, 0.1220, -11.95
83.79, 0.1210, -10.35
83.80, 0.1200, -12.69
83.81, 0.1190, -13.20
83.82, 0.1180, -13.69
83.83, 0.1170, -11.15
83.84, 0.1160, -11.62
83.85, 0.1150, -13.48
83.86, 0.1140, -13.47
83.87, 0.1130, -11.85
83.88, 0.1120, -11.51
83.89, 0.1110, -12.97
83.90, 0.1100, -13.44
83.91, 0.1090, -14.13
83.92, 0.1080, -12.87
83.93, 0.1070, -11.85
83.94, 0.1060, -13.20
83.95, 0.1050, -13.74
83.96, 0.1040, -12.64
83.97, 0.1030, -13.05
83.98, 0.1020, -12.47
83.99, 0.1010, -12.58
84.00, 0.1000, -15.15
84.01, 0.09900, -12.01
84.02, 0.09800, -13.66
84.03, 0.09700, -13.39
84.04, 0.09600, -14.34
84.05, 0.09500, -12.35
84.06, 0.09400, -13.54
84.07, 0.09300, -13.10
84.08, 0.09200, -13.80
84.09, 0.09100, -14.94
84.10, 0.09000, -12.12
84.11, 0.08900, -12.76
84.12, 0.08800, -13.39
84.13, 0.08700, -13.56
84.14, 0.08600, -11.80
84.15, 0.08500, -12.82
84.16, 0.08400, -13.80
84.17, 0.08300, -15.05
84.18, 0.08200, -12.50
84.19, 0.08100, -13.18
84.20, 0.08000, -11.76
84.21, 0.07900, -13.43
84.22, 0.07800, -14.18
84.23, 0.07700, -12.71
84.24, 0.07600, -12.10
84.25, 0.07500, -12.44
84.26, 0.07400, -13.02
84.27, 0.07300, -13.77
84.28, 0.07200, -12.16
84.29, 0.07100, -12.77
84.30, 0.07000, -13.05
84.31, 0.06900, -13.88
84.32, 0.06800, -12.30
84.33, 0.06700, -11.00
84.34, 0.06600, -12.88
84.35, 0.06500, -13.65
84.36, 0.06400, -14.77
84.37, 0.06300, -12.62
84.38, 0.06200, -11.86
84.39, 0.06100, -12.97
84.40, 0.06000, -15.30
84.41, 0.05900, -13.98
84.42, 0.05800, -11.97
84.43, 0.05700, -12.64
84.44, 0.05600, -14.63
84.45, 0.05500, -14.51
84.46, 0.05400, -16.31
84.47, 0.05300, -15.23
84.48, 0.05200, -14.09
84.49, 0.05100, -14.16
84.50, 0.05000, -14.82
84.51, 0.04900, -15.70
84.52, 0.04800, -14.23
84.53, 0.04700, -14.22
84.54, 0.04600, -14.00
84.55, 0.04500, -15.86
84.56, 0.04400, -15.46
84.57, 0.04300, -12.59
84.58, 0.04200, -13.41
84.59, 0.04100, -14.66
84.60, 0.04000, -14.67
84.61, 0.03900, -15.62
84.62, 0.03800, -14.44
84.63, 0.03700, -12.16
84.64, 0.03600, -13.60
84.65, 0.03500, -13.66
84.66, 0.03400, -16.00
84.67, 0.03300, -12.72
84.68, 0.03200, -12.69
84.69, 0.03100, -13.75
84.70, 0.03000, -13.25
84.71, 0.02900, -13.70
84.72, 0.02800, -13.19
84.73, 0.02700, -12.70
84.74, 0.02600, -15.19
84.75, 0.02500, -13.16
84.76, 0.02400, -14.34
84.77, 0.02300, -13.34
84.78, 0.02200, -13.69
84.79, 0.02100, -13.30
84.80, 0.02000, -13.36
84.81, 0.01900, -16.18
84.82, 0.01800, -14.09
84.83, 0.01700, -13.41
84.84, 0.01600, -14.21
84.85, 0.01500, -14.13
84.86, 0.01400, -15.35
84.87, 0.01300, -15.92
84.88, 0.01200, -14.26
84.89, 0.01100, -14.54
84.90, 0.01000, -15.88
84.91, 0.009000, -15.71
84.92, 0.008000, -15.30
84.93, 0.007000, -13.38
84.94, 0.006000, -14.01
84.95, 0.005000, -16.49
84.96, 0.004000, -16.53
84.97, 0.003000, -13.26
84.98, 0.002000, -14.81
84.99, 0.001000, -14.69
85.00, 0.000, -12.60
