Target,Best Architecture,Test R²,Test MAE
TDS,TwoLayer-256-64-1,-1.628496875187929e+27,0.0880197482849261
