0.01000, -0.8000, -7.383
0.02000, -0.8000, -6.524
0.03000, -0.8000, -5.086
0.04000, -0.8000, -5.290
0.05000, -0.8000, -5.500
0.06000, -0.8000, -5.574
0.07000, -0.8000, -6.615
0.08000, -0.8000, -5.961
0.09000, -0.8000, -5.779
0.1000, -0.8000, -5.172
0.1100, -0.8000, -5.661
0.1200, -0.8000, -4.853
0.1300, -0.8000, -5.928
0.1400, -0.8000, -4.130
0.1500, -0.8000, -5.723
0.1600, -0.8000, -6.216
0.1700, -0.8000, -4.917
0.1800, -0.8000, -6.258
0.1900, -0.8000, -4.685
0.2000, -0.8000, -5.412
0.2100, -0.8000, -4.486
0.2200, -0.8000, -5.410
0.2300, -0.8000, -5.463
0.2400, -0.8000, -5.256
0.2500, -0.8000, -6.111
0.2600, -0.8000, -5.282
0.2700, -0.8000, -5.029
0.2800, -0.8000, -5.423
0.2900, -0.8000, -4.995
0.3000, -0.8000, -4.218
0.3100, -0.8000, -5.469
0.3200, -0.8000, -4.701
0.3300, -0.8000, -5.993
0.3400, -0.8000, -5.777
0.3500, -0.8000, -5.647
0.3600, -0.8000, -4.463
0.3700, -0.8000, -6.898
0.3800, -0.8000, -4.716
0.3900, -0.8000, -4.709
0.4000, -0.8000, -5.546
0.4100, -0.8000, -5.665
0.4200, -0.8000, -6.149
0.4300, -0.8000, -4.899
0.4400, -0.8000, -6.052
0.4500, -0.8000, -4.749
0.4600, -0.8000, -6.674
0.4700, -0.8000, -5.601
0.4800, -0.8000, -4.477
0.4900, -0.8000, -6.287
0.5000, -0.8000, -4.951
0.5100, -0.8000, -5.121
0.5200, -0.8000, -4.571
0.5300, -0.8000, -5.775
0.5400, -0.8000, -5.119
0.5500, -0.8000, -5.655
0.5600, -0.8000, -3.525
0.5700, -0.8000, -6.101
0.5800, -0.8000, -4.960
0.5900, -0.8000, -4.554
0.6000, -0.8000, -3.839
0.6100, -0.8000, -4.759
0.6200, -0.8000, -5.290
0.6300, -0.8000, -5.118
0.6400, -0.8000, -6.145
0.6500, -0.8000, -5.595
0.6600, -0.8000, -6.493
0.6700, -0.8000, -6.053
0.6800, -0.8000, -6.277
0.6900, -0.8000, -4.935
0.7000, -0.8000, -4.797
0.7100, -0.8000, -4.517
0.7200, -0.8000, -4.859
0.7300, -0.8000, -5.904
0.7400, -0.8000, -5.370
0.7500, -0.8000, -6.554
0.7600, -0.8000, -4.695
0.7700, -0.8000, -6.583
0.7800, -0.8000, -5.502
0.7900, -0.8000, -6.658
0.8000, -0.8000, -5.588
0.8100, -0.8000, -5.158
0.8200, -0.8000, -5.094
0.8300, -0.8000, -5.077
0.8400, -0.8000, -5.226
0.8500, -0.8000, -6.237
0.8600, -0.8000, -5.296
0.8700, -0.8000, -4.885
0.8800, -0.8000, -3.832
0.8900, -0.8000, -4.174
0.9000, -0.8000, -4.142
0.9100, -0.8000, -4.303
0.9200, -0.8000, -5.938
0.9300, -0.8000, -6.534
0.9400, -0.8000, -6.313
0.9500, -0.8000, -4.472
0.9600, -0.8000, -5.870
0.9700, -0.8000, -5.344
0.9800, -0.8000, -5.730
0.9900, -0.8000, -5.383
1.000, -0.8000, -5.552
1.010, -0.8000, -5.868
1.020, -0.8000, -4.994
1.030, -0.8000, -4.407
1.040, -0.8000, -4.350
1.050, -0.8000, -5.019
1.060, -0.8000, -4.959
1.070, -0.8000, -5.735
1.080, -0.8000, -5.353
1.090, -0.8000, -5.026
1.100, -0.8000, -5.927
1.110, -0.8000, -5.576
1.120, -0.8000, -4.324
1.130, -0.8000, -4.368
1.140, -0.8000, -4.805
1.150, -0.8000, -5.003
1.160, -0.8000, -5.197
1.170, -0.8000, -5.574
1.180, -0.8000, -4.862
1.190, -0.8000, -4.744
1.200, -0.8000, -5.163
1.210, -0.8000, -5.603
1.220, -0.8000, -5.260
1.230, -0.8000, -5.439
1.240, -0.8000, -6.629
1.250, -0.8000, -5.379
1.260, -0.8000, -5.465
1.270, -0.8000, -4.725
1.280, -0.8000, -4.847
1.290, -0.8000, -4.226
1.300, -0.8000, -5.480
1.310, -0.8000, -6.449
1.320, -0.8000, -5.475
1.330, -0.8000, -4.628
1.340, -0.8000, -5.121
1.350, -0.8000, -6.293
1.360, -0.8000, -5.245
1.370, -0.8000, -5.644
1.380, -0.8000, -5.209
1.390, -0.8000, -5.541
1.400, -0.8000, -6.414
1.410, -0.8000, -5.065
1.420, -0.8000, -5.228
1.430, -0.8000, -4.423
1.440, -0.8000, -4.569
1.450, -0.8000, -5.341
1.460, -0.8000, -6.445
1.470, -0.8000, -5.837
1.480, -0.8000, -4.883
1.490, -0.8000, -5.637
1.500, -0.8000, -6.236
1.510, -0.8000, -5.842
1.520, -0.8000, -5.706
1.530, -0.8000, -4.920
1.540, -0.8000, -7.589
1.550, -0.8000, -4.839
1.560, -0.8000, -5.486
1.570, -0.8000, -5.085
1.580, -0.8000, -4.944
1.590, -0.8000, -5.019
1.600, -0.8000, -5.421
1.610, -0.8000, -5.371
1.620, -0.8000, -4.144
1.630, -0.8000, -5.531
1.640, -0.8000, -5.734
1.650, -0.8000, -7.461
1.660, -0.8000, -5.012
1.670, -0.8000, -6.081
1.680, -0.8000, -4.814
1.690, -0.8000, -4.833
1.700, -0.8000, -5.387
1.710, -0.8000, -5.099
1.720, -0.8000, -5.670
1.730, -0.8000, -5.007
1.740, -0.8000, -5.060
1.750, -0.8000, -5.073
1.760, -0.8000, -6.392
1.770, -0.8000, -5.258
1.780, -0.8000, -6.180
1.790, -0.8000, -5.018
1.800, -0.8000, -5.152
1.810, -0.8000, -5.608
1.820, -0.8000, -6.258
1.830, -0.8000, -5.275
1.840, -0.8000, -5.119
1.850, -0.8000, -5.739
1.860, -0.8000, -5.517
1.870, -0.8000, -5.919
1.880, -0.8000, -6.234
1.890, -0.8000, -6.178
1.900, -0.8000, -6.068
1.910, -0.8000, -5.731
1.920, -0.8000, -6.463
1.930, -0.8000, -5.546
1.940, -0.8000, -4.855
1.950, -0.8000, -4.354
1.960, -0.8000, -5.767
1.970, -0.8000, -4.918
1.980, -0.8000, -6.343
1.990, -0.8000, -4.494
2.000, -0.8000, -6.065
2.010, -0.8000, -5.857
2.020, -0.8000, -5.429
2.030, -0.8000, -4.835
2.040, -0.8000, -5.603
2.050, -0.8000, -5.813
2.060, -0.8000, -6.018
2.070, -0.8000, -5.053
2.080, -0.8000, -4.425
2.090, -0.8000, -5.229
2.100, -0.8000, -4.767
2.110, -0.8000, -5.590
2.120, -0.8000, -5.172
2.130, -0.8000, -5.215
2.140, -0.8000, -5.968
2.150, -0.8000, -6.605
2.160, -0.8000, -5.923
2.170, -0.8000, -5.563
2.180, -0.8000, -4.887
2.190, -0.8000, -6.628
2.200, -0.8000, -4.864
2.210, -0.8000, -4.928
2.220, -0.8000, -5.311
2.230, -0.8000, -4.398
2.240, -0.8000, -5.706
2.250, -0.8000, -6.008
2.260, -0.8000, -5.632
2.270, -0.8000, -6.704
2.280, -0.8000, -6.193
2.290, -0.8000, -5.929
2.300, -0.8000, -5.437
2.310, -0.8000, -4.577
2.320, -0.8000, -5.807
2.330, -0.8000, -5.751
2.340, -0.8000, -5.116
2.350, -0.8000, -5.856
2.360, -0.8000, -5.504
2.370, -0.8000, -6.002
2.380, -0.8000, -6.014
2.390, -0.8000, -7.504
2.400, -0.8000, -5.323
2.410, -0.8000, -6.682
2.420, -0.8000, -5.167
2.430, -0.8000, -6.896
2.440, -0.8000, -5.646
2.450, -0.8000, -6.440
2.460, -0.8000, -6.234
2.470, -0.8000, -5.555
2.480, -0.8000, -6.041
2.490, -0.8000, -3.881
2.500, -0.8000, -5.711
2.510, -0.8000, -5.101
2.520, -0.8000, -6.197
2.530, -0.8000, -6.067
2.540, -0.8000, -6.309
2.550, -0.8000, -4.566
2.560, -0.8000, -5.275
2.570, -0.8000, -5.171
2.580, -0.8000, -6.389
2.590, -0.8000, -5.835
2.600, -0.8000, -5.710
2.610, -0.8000, -6.361
2.620, -0.8000, -4.907
2.630, -0.8000, -6.017
2.640, -0.8000, -5.084
2.650, -0.8000, -5.443
2.660, -0.8000, -5.419
2.670, -0.8000, -6.019
2.680, -0.8000, -5.378
2.690, -0.8000, -5.006
2.700, -0.8000, -5.367
2.710, -0.8000, -6.135
2.720, -0.8000, -4.716
2.730, -0.8000, -5.449
2.740, -0.8000, -5.804
2.750, -0.8000, -5.976
2.760, -0.8000, -5.743
2.770, -0.8000, -6.594
2.780, -0.8000, -4.437
2.790, -0.8000, -5.896
2.800, -0.8000, -4.247
2.810, -0.8000, -4.571
2.820, -0.8000, -5.575
2.830, -0.8000, -4.703
2.840, -0.8000, -5.463
2.850, -0.8000, -4.987
2.860, -0.8000, -5.068
2.870, -0.8000, -5.652
2.880, -0.8000, -6.496
2.890, -0.8000, -5.290
2.900, -0.8000, -6.118
2.910, -0.8000, -5.807
2.920, -0.8000, -6.033
2.930, -0.8000, -5.982
2.940, -0.8000, -5.714
2.950, -0.8000, -5.398
2.960, -0.8000, -5.285
2.970, -0.8000, -5.485
2.980, -0.8000, -5.804
2.990, -0.8000, -6.154
3.000, -0.8000, -5.593
3.010, -0.8000, -6.104
3.020, -0.8000, -5.200
3.030, -0.8000, -4.865
3.040, -0.8000, -5.937
3.050, -0.8000, -3.782
3.060, -0.8000, -6.459
3.070, -0.8000, -7.053
3.080, -0.8000, -6.822
3.090, -0.8000, -5.844
3.100, -0.8000, -6.175
3.110, -0.8000, -5.221
3.120, -0.8000, -6.313
3.130, -0.8000, -6.119
3.140, -0.8000, -6.271
3.150, -0.8000, -5.433
3.160, -0.8000, -5.362
3.170, -0.8000, -7.103
3.180, -0.8000, -4.615
3.190, -0.8000, -6.169
3.200, -0.8000, -5.646
3.210, -0.8000, -5.919
3.220, -0.8000, -5.122
3.230, -0.8000, -5.606
3.240, -0.8000, -4.707
3.250, -0.8000, -6.268
3.260, -0.8000, -6.449
3.270, -0.8000, -4.424
3.280, -0.8000, -6.005
3.290, -0.8000, -5.587
3.300, -0.8000, -4.518
3.310, -0.8000, -5.987
3.320, -0.8000, -5.834
3.330, -0.8000, -5.896
3.340, -0.8000, -5.967
3.350, -0.8000, -7.254
3.360, -0.8000, -7.148
3.370, -0.8000, -6.042
3.380, -0.8000, -5.403
3.390, -0.8000, -6.117
3.400, -0.8000, -6.244
3.410, -0.8000, -5.304
3.420, -0.8000, -5.216
3.430, -0.8000, -5.968
3.440, -0.8000, -6.459
3.450, -0.8000, -6.722
3.460, -0.8000, -7.068
3.470, -0.8000, -5.662
3.480, -0.8000, -5.520
3.490, -0.8000, -5.194
3.500, -0.8000, -5.396
3.510, -0.8000, -6.977
3.520, -0.8000, -6.222
3.530, -0.8000, -6.182
3.540, -0.8000, -6.160
3.550, -0.8000, -5.670
3.560, -0.8000, -6.695
3.570, -0.8000, -5.866
3.580, -0.8000, -4.065
3.590, -0.8000, -5.741
3.600, -0.8000, -5.562
3.610, -0.8000, -6.899
3.620, -0.8000, -6.536
3.630, -0.8000, -5.872
3.640, -0.8000, -5.859
3.650, -0.8000, -5.916
3.660, -0.8000, -5.471
3.670, -0.8000, -5.686
3.680, -0.8000, -5.108
3.690, -0.8000, -4.553
3.700, -0.8000, -6.324
3.710, -0.8000, -6.143
3.720, -0.8000, -5.919
3.730, -0.8000, -6.315
3.740, -0.8000, -6.725
3.750, -0.8000, -5.558
3.760, -0.8000, -5.670
3.770, -0.8000, -5.692
3.780, -0.8000, -5.781
3.790, -0.8000, -5.256
3.800, -0.8000, -5.540
3.810, -0.8000, -5.752
3.820, -0.8000, -6.069
3.830, -0.8000, -5.594
3.840, -0.8000, -6.078
3.850, -0.8000, -5.947
3.860, -0.8000, -7.504
3.870, -0.8000, -6.279
3.880, -0.8000, -6.408
3.890, -0.8000, -5.606
3.900, -0.8000, -6.134
3.910, -0.8000, -6.820
3.920, -0.8000, -5.192
3.930, -0.8000, -6.558
3.940, -0.8000, -7.484
3.950, -0.8000, -4.978
3.960, -0.8000, -6.478
3.970, -0.8000, -6.838
3.980, -0.8000, -5.772
3.990, -0.8000, -5.474
4.000, -0.8000, -6.199
4.010, -0.8000, -6.114
4.020, -0.8000, -6.125
4.030, -0.8000, -6.517
4.040, -0.8000, -6.192
4.050, -0.8000, -5.680
4.060, -0.8000, -5.428
4.070, -0.8000, -5.644
4.080, -0.8000, -6.381
4.090, -0.8000, -6.692
4.100, -0.8000, -5.952
4.110, -0.8000, -7.006
4.120, -0.8000, -6.736
4.130, -0.8000, -6.209
4.140, -0.8000, -6.277
4.150, -0.8000, -6.771
4.160, -0.8000, -6.510
4.170, -0.8000, -6.746
4.180, -0.8000, -6.617
4.190, -0.8000, -7.249
4.200, -0.8000, -6.196
4.210, -0.8000, -6.603
4.220, -0.8000, -6.173
4.230, -0.8000, -6.295
4.240, -0.8000, -6.656
4.250, -0.8000, -4.749
4.260, -0.8000, -6.667
4.270, -0.8000, -6.064
4.280, -0.8000, -6.039
4.290, -0.8000, -5.787
4.300, -0.8000, -6.603
4.310, -0.8000, -6.102
4.320, -0.8000, -5.800
4.330, -0.8000, -7.188
4.340, -0.8000, -5.324
4.350, -0.8000, -6.885
4.360, -0.8000, -5.514
4.370, -0.8000, -6.399
4.380, -0.8000, -5.738
4.390, -0.8000, -6.205
4.400, -0.8000, -5.186
4.410, -0.8000, -5.010
4.420, -0.8000, -5.738
4.430, -0.8000, -6.070
4.440, -0.8000, -5.850
4.450, -0.8000, -6.594
4.460, -0.8000, -6.400
4.470, -0.8000, -5.854
4.480, -0.8000, -5.795
4.490, -0.8000, -4.956
4.500, -0.8000, -6.188
4.510, -0.8000, -6.155
4.520, -0.8000, -6.604
4.530, -0.8000, -6.636
4.540, -0.8000, -6.107
4.550, -0.8000, -6.480
4.560, -0.8000, -5.996
4.570, -0.8000, -5.384
4.580, -0.8000, -5.910
4.590, -0.8000, -6.058
4.600, -0.8000, -6.256
4.610, -0.8000, -7.097
4.620, -0.8000, -6.698
4.630, -0.8000, -7.323
4.640, -0.8000, -5.866
4.650, -0.8000, -7.941
4.660, -0.8000, -6.136
4.670, -0.8000, -5.915
4.680, -0.8000, -5.772
4.690, -0.8000, -7.066
4.700, -0.8000, -6.511
4.710, -0.8000, -5.944
4.720, -0.8000, -6.397
4.730, -0.8000, -5.672
4.740, -0.8000, -5.711
4.750, -0.8000, -6.145
4.760, -0.8000, -7.721
4.770, -0.8000, -6.048
4.780, -0.8000, -6.589
4.790, -0.8000, -6.609
4.800, -0.8000, -7.462
4.810, -0.8000, -6.395
4.820, -0.8000, -6.972
4.830, -0.8000, -7.012
4.840, -0.8000, -7.419
4.850, -0.8000, -7.214
4.860, -0.8000, -5.374
4.870, -0.8000, -6.764
4.880, -0.8000, -7.084
4.890, -0.8000, -7.785
4.900, -0.8000, -6.899
4.910, -0.8000, -5.855
4.920, -0.8000, -6.085
4.930, -0.8000, -7.789
4.940, -0.8000, -7.285
4.950, -0.8000, -7.053
4.960, -0.8000, -7.093
4.970, -0.8000, -6.141
4.980, -0.8000, -5.809
4.990, -0.8000, -7.251
5.000, -0.8000, -5.213
5.010, -0.8000, -6.753
5.020, -0.8000, -6.594
5.030, -0.8000, -7.977
5.040, -0.8000, -7.236
5.050, -0.8000, -6.118
5.060, -0.8000, -7.064
5.070, -0.8000, -5.863
5.080, -0.8000, -6.085
5.090, -0.8000, -6.443
5.100, -0.8000, -5.524
5.110, -0.8000, -7.360
5.120, -0.8000, -6.604
5.130, -0.8000, -7.797
5.140, -0.8000, -5.577
5.150, -0.8000, -6.291
5.160, -0.8000, -6.667
5.170, -0.8000, -7.682
5.180, -0.8000, -6.795
5.190, -0.8000, -6.349
5.200, -0.8000, -5.806
5.210, -0.8000, -7.730
5.220, -0.8000, -6.916
5.230, -0.8000, -6.673
5.240, -0.8000, -5.628
5.250, -0.8000, -6.321
5.260, -0.8000, -6.769
5.270, -0.8000, -6.220
5.280, -0.8000, -6.664
5.290, -0.8000, -5.911
5.300, -0.8000, -6.312
5.310, -0.8000, -7.350
5.320, -0.8000, -7.381
5.330, -0.8000, -5.623
5.340, -0.8000, -8.141
5.350, -0.8000, -6.879
5.360, -0.8000, -6.529
5.370, -0.8000, -7.260
5.380, -0.8000, -6.825
5.390, -0.8000, -6.463
5.400, -0.8000, -7.004
5.410, -0.8000, -5.275
5.420, -0.8000, -6.956
5.430, -0.8000, -6.496
5.440, -0.8000, -6.409
5.450, -0.8000, -5.714
5.460, -0.8000, -6.701
5.470, -0.8000, -7.197
5.480, -0.8000, -6.424
5.490, -0.8000, -6.938
5.500, -0.8000, -6.964
5.510, -0.8000, -6.919
5.520, -0.8000, -6.439
5.530, -0.8000, -5.969
5.540, -0.8000, -7.056
5.550, -0.8000, -6.323
5.560, -0.8000, -6.123
5.570, -0.8000, -6.072
5.580, -0.8000, -7.757
5.590, -0.8000, -6.189
5.600, -0.8000, -5.344
5.610, -0.8000, -6.652
5.620, -0.8000, -7.508
5.630, -0.8000, -7.152
5.640, -0.8000, -7.149
5.650, -0.8000, -6.237
5.660, -0.8000, -7.095
5.670, -0.8000, -6.385
5.680, -0.8000, -6.134
5.690, -0.8000, -6.301
5.700, -0.8000, -7.100
5.710, -0.8000, -6.385
5.720, -0.8000, -6.845
5.730, -0.8000, -6.542
5.740, -0.8000, -6.661
5.750, -0.8000, -7.652
5.760, -0.8000, -6.253
5.770, -0.8000, -5.554
5.780, -0.8000, -6.431
5.790, -0.8000, -7.101
5.800, -0.8000, -6.382
5.810, -0.8000, -5.890
5.820, -0.8000, -7.506
5.830, -0.8000, -7.873
5.840, -0.8000, -8.468
5.850, -0.8000, -5.868
5.860, -0.8000, -6.925
5.870, -0.8000, -6.664
5.880, -0.8000, -7.856
5.890, -0.8000, -5.823
5.900, -0.8000, -7.363
5.910, -0.8000, -6.371
5.920, -0.8000, -7.122
5.930, -0.8000, -6.692
5.940, -0.8000, -7.408
5.950, -0.8000, -6.401
5.960, -0.8000, -7.206
5.970, -0.8000, -6.093
5.980, -0.8000, -5.965
5.990, -0.8000, -7.783
6.000, -0.8000, -6.378
6.010, -0.8000, -6.742
6.020, -0.8000, -6.288
6.030, -0.8000, -7.880
6.040, -0.8000, -5.970
6.050, -0.8000, -7.532
6.060, -0.8000, -7.581
6.070, -0.8000, -5.795
6.080, -0.8000, -7.016
6.090, -0.8000, -6.775
6.100, -0.8000, -8.025
6.110, -0.8000, -6.560
6.120, -0.8000, -7.922
6.130, -0.8000, -7.505
6.140, -0.8000, -7.052
6.150, -0.8000, -6.990
6.160, -0.8000, -6.834
6.170, -0.8000, -7.446
6.180, -0.8000, -6.735
6.190, -0.8000, -6.470
6.200, -0.8000, -7.251
6.210, -0.8000, -6.983
6.220, -0.8000, -7.250
6.230, -0.8000, -7.159
6.240, -0.8000, -6.846
6.250, -0.8000, -6.416
6.260, -0.8000, -6.487
6.270, -0.8000, -6.482
6.280, -0.8000, -6.462
6.290, -0.8000, -6.693
6.300, -0.8000, -6.060
6.310, -0.8000, -6.573
6.320, -0.8000, -7.031
6.330, -0.8000, -6.250
6.340, -0.8000, -7.464
6.350, -0.8000, -6.926
6.360, -0.8000, -6.964
6.370, -0.8000, -7.384
6.380, -0.8000, -6.132
6.390, -0.8000, -6.634
6.400, -0.8000, -6.756
6.410, -0.8000, -6.078
6.420, -0.8000, -7.542
6.430, -0.8000, -8.374
6.440, -0.8000, -6.886
6.450, -0.8000, -6.743
6.460, -0.8000, -6.705
6.470, -0.8000, -6.538
6.480, -0.8000, -5.619
6.490, -0.8000, -6.302
6.500, -0.8000, -6.882
6.510, -0.8000, -6.367
6.520, -0.8000, -6.774
6.530, -0.8000, -6.997
6.540, -0.8000, -7.497
6.550, -0.8000, -7.420
6.560, -0.8000, -6.400
6.570, -0.8000, -6.744
6.580, -0.8000, -8.122
6.590, -0.8000, -7.192
6.600, -0.8000, -8.492
6.610, -0.8000, -6.920
6.620, -0.8000, -6.275
6.630, -0.8000, -8.125
6.640, -0.8000, -6.233
6.650, -0.8000, -7.081
6.660, -0.8000, -6.860
6.670, -0.8000, -7.404
6.680, -0.8000, -7.181
6.690, -0.8000, -6.244
6.700, -0.8000, -7.200
6.710, -0.8000, -7.558
6.720, -0.8000, -6.901
6.730, -0.8000, -7.402
6.740, -0.8000, -6.916
6.750, -0.8000, -8.176
6.760, -0.8000, -7.220
6.770, -0.8000, -6.918
6.780, -0.8000, -7.069
6.790, -0.8000, -6.859
6.800, -0.8000, -7.468
6.810, -0.8000, -6.821
6.820, -0.8000, -6.765
6.830, -0.8000, -7.464
6.840, -0.8000, -6.380
6.850, -0.8000, -7.016
6.860, -0.8000, -6.989
6.870, -0.8000, -7.808
6.880, -0.8000, -7.795
6.890, -0.8000, -7.763
6.900, -0.8000, -6.834
6.910, -0.8000, -7.295
6.920, -0.8000, -7.916
6.930, -0.8000, -7.252
6.940, -0.8000, -7.134
6.950, -0.8000, -6.760
6.960, -0.8000, -6.317
6.970, -0.8000, -5.898
6.980, -0.8000, -7.270
6.990, -0.8000, -7.326
7.000, -0.8000, -6.945
7.010, -0.8000, -7.653
7.020, -0.8000, -7.199
7.030, -0.8000, -8.621
7.040, -0.8000, -7.652
7.050, -0.8000, -7.335
7.060, -0.8000, -6.390
7.070, -0.8000, -8.638
7.080, -0.8000, -7.440
7.090, -0.8000, -6.306
7.100, -0.8000, -7.091
7.110, -0.8000, -6.224
7.120, -0.8000, -8.491
7.130, -0.8000, -7.131
7.140, -0.8000, -6.198
7.150, -0.8000, -6.874
7.160, -0.8000, -7.516
7.170, -0.8000, -7.827
7.180, -0.8000, -7.441
7.190, -0.8000, -6.653
7.200, -0.8000, -5.980
7.210, -0.8000, -7.568
7.220, -0.8000, -7.150
7.230, -0.8000, -7.188
7.240, -0.8000, -6.669
7.250, -0.8000, -7.523
7.260, -0.8000, -7.475
7.270, -0.8000, -8.138
7.280, -0.8000, -7.396
7.290, -0.8000, -8.266
7.300, -0.8000, -7.316
7.310, -0.8000, -7.729
7.320, -0.8000, -6.964
7.330, -0.8000, -7.991
7.340, -0.8000, -7.209
7.350, -0.8000, -7.797
7.360, -0.8000, -6.897
7.370, -0.8000, -7.608
7.380, -0.8000, -7.984
7.390, -0.8000, -8.492
7.400, -0.8000, -6.882
7.410, -0.8000, -8.104
7.420, -0.8000, -8.052
7.430, -0.8000, -6.143
7.440, -0.8000, -6.232
7.450, -0.8000, -7.539
7.460, -0.8000, -7.621
7.470, -0.8000, -6.662
7.480, -0.8000, -7.140
7.490, -0.8000, -5.838
7.500, -0.8000, -7.930
7.510, -0.8000, -6.981
7.520, -0.8000, -7.155
7.530, -0.8000, -7.502
7.540, -0.8000, -7.885
7.550, -0.8000, -7.427
7.560, -0.8000, -8.296
7.570, -0.8000, -7.662
7.580, -0.8000, -7.506
7.590, -0.8000, -6.974
7.600, -0.8000, -6.820
7.610, -0.8000, -7.300
7.620, -0.8000, -6.543
7.630, -0.8000, -7.584
7.640, -0.8000, -7.825
7.650, -0.8000, -7.636
7.660, -0.8000, -6.978
7.670, -0.8000, -8.348
7.680, -0.8000, -7.574
7.690, -0.8000, -8.162
7.700, -0.8000, -7.351
7.710, -0.8000, -7.705
7.720, -0.8000, -7.003
7.730, -0.8000, -7.224
7.740, -0.8000, -7.337
7.750, -0.8000, -7.112
7.760, -0.8000, -6.363
7.770, -0.8000, -7.467
7.780, -0.8000, -7.522
7.790, -0.8000, -6.676
7.800, -0.8000, -7.895
7.810, -0.8000, -7.789
7.820, -0.8000, -8.207
7.830, -0.8000, -7.610
7.840, -0.8000, -7.952
7.850, -0.8000, -7.159
7.860, -0.8000, -8.693
7.870, -0.8000, -7.073
7.880, -0.8000, -7.024
7.890, -0.8000, -7.269
7.900, -0.8000, -7.220
7.910, -0.8000, -6.985
7.920, -0.8000, -7.381
7.930, -0.8000, -7.424
7.940, -0.8000, -7.880
7.950, -0.8000, -7.829
7.960, -0.8000, -7.462
7.970, -0.8000, -7.596
7.980, -0.8000, -6.709
7.990, -0.8000, -7.039
8.000, -0.8000, -7.740
8.010, -0.8000, -7.322
8.020, -0.8000, -5.861
8.030, -0.8000, -7.781
8.040, -0.8000, -7.237
8.050, -0.8000, -7.068
8.060, -0.8000, -8.127
8.070, -0.8000, -7.096
8.080, -0.8000, -8.682
8.090, -0.8000, -7.773
8.100, -0.8000, -6.981
8.110, -0.8000, -7.510
8.120, -0.8000, -7.585
8.130, -0.8000, -7.315
8.140, -0.8000, -6.878
8.150, -0.8000, -7.304
8.160, -0.8000, -7.966
8.170, -0.8000, -8.491
8.180, -0.8000, -7.755
8.190, -0.8000, -7.763
8.200, -0.8000, -6.915
8.210, -0.8000, -7.877
8.220, -0.8000, -7.047
8.230, -0.8000, -7.676
8.240, -0.8000, -7.236
8.250, -0.8000, -8.006
8.260, -0.8000, -7.900
8.270, -0.8000, -8.495
8.280, -0.8000, -7.459
8.290, -0.8000, -7.985
8.300, -0.8000, -6.555
8.310, -0.8000, -7.408
8.320, -0.8000, -7.321
8.330, -0.8000, -7.118
8.340, -0.8000, -8.479
8.350, -0.8000, -7.745
8.360, -0.8000, -7.512
8.370, -0.8000, -8.222
8.380, -0.8000, -7.671
8.390, -0.8000, -6.582
8.400, -0.8000, -7.837
8.410, -0.8000, -7.358
8.420, -0.8000, -7.195
8.430, -0.8000, -7.588
8.440, -0.8000, -8.379
8.450, -0.8000, -7.421
8.460, -0.8000, -7.732
8.470, -0.8000, -7.450
8.480, -0.8000, -8.877
8.490, -0.8000, -6.779
8.500, -0.8000, -7.779
8.510, -0.8000, -8.121
8.520, -0.8000, -7.427
8.530, -0.8000, -6.701
8.540, -0.8000, -7.190
8.550, -0.8000, -6.748
8.560, -0.8000, -8.865
8.570, -0.8000, -6.600
8.580, -0.8000, -8.017
8.590, -0.8000, -7.598
8.600, -0.8000, -7.495
8.610, -0.8000, -7.935
8.620, -0.8000, -7.776
8.630, -0.8000, -7.382
8.640, -0.8000, -8.413
8.650, -0.8000, -6.886
8.660, -0.8000, -8.141
8.670, -0.8000, -7.244
8.680, -0.8000, -7.965
8.690, -0.8000, -7.220
8.700, -0.8000, -7.612
8.710, -0.8000, -7.043
8.720, -0.8000, -7.932
8.730, -0.8000, -7.704
8.740, -0.8000, -7.486
8.750, -0.8000, -8.045
8.760, -0.8000, -8.693
8.770, -0.8000, -7.129
8.780, -0.8000, -7.486
8.790, -0.8000, -8.518
8.800, -0.8000, -8.964
8.810, -0.8000, -7.945
8.820, -0.8000, -8.675
8.830, -0.8000, -8.363
8.840, -0.8000, -7.612
8.850, -0.8000, -8.202
8.860, -0.8000, -7.363
8.870, -0.8000, -7.248
8.880, -0.8000, -8.115
8.890, -0.8000, -7.888
8.900, -0.8000, -7.055
8.910, -0.8000, -7.323
8.920, -0.8000, -6.930
8.930, -0.8000, -8.064
8.940, -0.8000, -8.279
8.950, -0.8000, -8.975
8.960, -0.8000, -7.258
8.970, -0.8000, -7.718
8.980, -0.8000, -8.642
8.990, -0.8000, -8.816
9.000, -0.8000, -8.173
9.010, -0.8000, -8.333
9.020, -0.8000, -7.806
9.030, -0.8000, -8.303
9.040, -0.8000, -7.699
9.050, -0.8000, -7.974
9.060, -0.8000, -8.960
9.070, -0.8000, -9.578
9.080, -0.8000, -7.598
9.090, -0.8000, -8.719
9.100, -0.8000, -7.910
9.110, -0.8000, -8.751
9.120, -0.8000, -7.746
9.130, -0.8000, -8.409
9.140, -0.8000, -7.944
9.150, -0.8000, -7.717
9.160, -0.8000, -7.082
9.170, -0.8000, -7.890
9.180, -0.8000, -6.923
9.190, -0.8000, -8.320
9.200, -0.8000, -7.121
9.210, -0.8000, -7.665
9.220, -0.8000, -7.367
9.230, -0.8000, -7.324
9.240, -0.8000, -8.157
9.250, -0.8000, -8.640
9.260, -0.8000, -7.355
9.270, -0.8000, -6.484
9.280, -0.8000, -8.196
9.290, -0.8000, -7.195
9.300, -0.8000, -7.318
9.310, -0.8000, -7.688
9.320, -0.8000, -7.630
9.330, -0.8000, -8.129
9.340, -0.8000, -8.819
9.350, -0.8000, -7.064
9.360, -0.8000, -8.098
9.370, -0.8000, -8.443
9.380, -0.8000, -8.693
9.390, -0.8000, -8.108
9.400, -0.8000, -7.216
9.410, -0.8000, -7.022
9.420, -0.8000, -8.127
9.430, -0.8000, -8.064
9.440, -0.8000, -8.702
9.450, -0.8000, -6.971
9.460, -0.8000, -8.835
9.470, -0.8000, -8.646
9.480, -0.8000, -8.337
9.490, -0.8000, -9.177
9.500, -0.8000, -9.049
9.510, -0.8000, -8.251
9.520, -0.8000, -7.722
9.530, -0.8000, -8.553
9.540, -0.8000, -8.411
9.550, -0.8000, -8.502
9.560, -0.8000, -9.107
9.570, -0.8000, -8.103
9.580, -0.8000, -8.210
9.590, -0.8000, -7.761
9.600, -0.8000, -8.034
9.610, -0.8000, -7.414
9.620, -0.8000, -7.335
9.630, -0.8000, -7.954
9.640, -0.8000, -8.045
9.650, -0.8000, -7.074
9.660, -0.8000, -7.474
9.670, -0.8000, -9.023
9.680, -0.8000, -7.928
9.690, -0.8000, -8.303
9.700, -0.8000, -6.977
9.710, -0.8000, -8.672
9.720, -0.8000, -6.933
9.730, -0.8000, -7.981
9.740, -0.8000, -7.507
9.750, -0.8000, -7.077
9.760, -0.8000, -8.126
9.770, -0.8000, -7.936
9.780, -0.8000, -7.564
9.790, -0.8000, -7.475
9.800, -0.8000, -8.417
9.810, -0.8000, -7.269
9.820, -0.8000, -8.403
9.830, -0.8000, -7.365
9.840, -0.8000, -8.682
9.850, -0.8000, -7.420
9.860, -0.8000, -8.858
9.870, -0.8000, -8.401
9.880, -0.8000, -9.231
9.890, -0.8000, -8.206
9.900, -0.8000, -7.550
9.910, -0.8000, -8.390
9.920, -0.8000, -7.869
9.930, -0.8000, -8.644
9.940, -0.8000, -7.592
9.950, -0.8000, -7.077
9.960, -0.8000, -8.213
9.970, -0.8000, -7.517
9.980, -0.8000, -7.328
9.990, -0.8000, -8.570
10.00, -0.8000, -7.112
10.01, -0.8000, -8.430
10.02, -0.8000, -7.723
10.03, -0.8000, -8.561
10.04, -0.8000, -7.921
10.05, -0.8000, -7.126
10.06, -0.8000, -8.515
10.07, -0.8000, -7.767
10.08, -0.8000, -7.823
10.09, -0.8000, -7.835
10.10, -0.8000, -8.049
10.11, -0.8000, -7.402
10.12, -0.8000, -7.758
10.13, -0.8000, -7.309
10.14, -0.8000, -7.825
10.15, -0.8000, -8.318
10.16, -0.8000, -8.829
10.17, -0.8000, -7.815
10.18, -0.8000, -9.238
10.19, -0.8000, -9.524
10.20, -0.8000, -8.321
10.21, -0.8000, -7.592
10.22, -0.8000, -7.788
10.23, -0.8000, -8.438
10.24, -0.8000, -8.138
10.25, -0.8000, -8.162
10.26, -0.8000, -7.965
10.27, -0.8000, -7.884
10.28, -0.8000, -9.547
10.29, -0.8000, -7.620
10.30, -0.8000, -9.005
10.31, -0.8000, -7.685
10.32, -0.8000, -9.149
10.33, -0.8000, -8.217
10.34, -0.8000, -8.356
10.35, -0.8000, -7.376
10.36, -0.8000, -8.308
10.37, -0.8000, -7.971
10.38, -0.8000, -7.969
10.39, -0.8000, -7.681
10.40, -0.8000, -7.926
10.41, -0.8000, -8.414
10.42, -0.8000, -7.307
10.43, -0.8000, -7.895
10.44, -0.8000, -6.770
10.45, -0.8000, -7.253
10.46, -0.8000, -7.988
10.47, -0.8000, -7.824
10.48, -0.8000, -7.387
10.49, -0.8000, -9.283
10.50, -0.8000, -9.224
10.51, -0.8000, -8.103
10.52, -0.8000, -7.215
10.53, -0.8000, -8.430
10.54, -0.8000, -7.534
10.55, -0.8000, -7.513
10.56, -0.8000, -8.292
10.57, -0.8000, -8.688
10.58, -0.8000, -8.041
10.59, -0.8000, -8.867
10.60, -0.8000, -7.861
10.61, -0.8000, -7.435
10.62, -0.8000, -7.943
10.63, -0.8000, -7.590
10.64, -0.8000, -6.589
10.65, -0.8000, -7.657
10.66, -0.8000, -8.654
10.67, -0.8000, -8.338
10.68, -0.8000, -8.446
10.69, -0.8000, -8.138
10.70, -0.8000, -7.412
10.71, -0.8000, -7.997
10.72, -0.8000, -8.568
10.73, -0.8000, -6.644
10.74, -0.8000, -8.515
10.75, -0.8000, -8.377
10.76, -0.8000, -9.203
10.77, -0.8000, -8.944
10.78, -0.8000, -7.832
10.79, -0.8000, -7.847
10.80, -0.8000, -8.014
10.81, -0.8000, -8.462
10.82, -0.8000, -8.862
10.83, -0.8000, -8.011
10.84, -0.8000, -8.270
10.85, -0.8000, -7.673
10.86, -0.8000, -9.698
10.87, -0.8000, -8.602
10.88, -0.8000, -7.483
10.89, -0.8000, -8.050
10.90, -0.8000, -9.364
10.91, -0.8000, -9.528
10.92, -0.8000, -7.740
10.93, -0.8000, -9.482
10.94, -0.8000, -7.764
10.95, -0.8000, -7.891
10.96, -0.8000, -8.095
10.97, -0.8000, -6.786
10.98, -0.8000, -7.988
10.99, -0.8000, -9.912
11.00, -0.8000, -8.275
11.01, -0.8000, -8.492
11.02, -0.8000, -7.527
11.03, -0.8000, -7.703
11.04, -0.8000, -8.876
11.05, -0.8000, -8.312
11.06, -0.8000, -8.887
11.07, -0.8000, -8.453
11.08, -0.8000, -7.690
11.09, -0.8000, -7.904
11.10, -0.8000, -8.449
11.11, -0.8000, -7.871
11.12, -0.8000, -8.537
11.13, -0.8000, -6.494
11.14, -0.8000, -8.921
11.15, -0.8000, -8.703
11.16, -0.8000, -8.807
11.17, -0.8000, -9.230
11.18, -0.8000, -8.991
11.19, -0.8000, -9.135
11.20, -0.8000, -8.842
11.21, -0.8000, -7.795
11.22, -0.8000, -8.594
11.23, -0.8000, -10.11
11.24, -0.8000, -9.098
11.25, -0.8000, -8.368
11.26, -0.8000, -7.876
11.27, -0.8000, -7.888
11.28, -0.8000, -9.360
11.29, -0.8000, -8.179
11.30, -0.8000, -8.156
11.31, -0.8000, -8.882
11.32, -0.8000, -8.739
11.33, -0.8000, -9.191
11.34, -0.8000, -9.341
11.35, -0.8000, -8.581
11.36, -0.8000, -8.075
11.37, -0.8000, -8.471
11.38, -0.8000, -7.907
11.39, -0.8000, -8.248
11.40, -0.8000, -7.701
11.41, -0.8000, -7.637
11.42, -0.8000, -8.487
11.43, -0.8000, -8.342
11.44, -0.8000, -8.867
11.45, -0.8000, -7.868
11.46, -0.8000, -8.288
11.47, -0.8000, -9.089
11.48, -0.8000, -7.820
11.49, -0.8000, -9.969
11.50, -0.8000, -7.793
11.51, -0.8000, -8.867
11.52, -0.8000, -8.309
11.53, -0.8000, -9.450
11.54, -0.8000, -8.170
11.55, -0.8000, -8.350
11.56, -0.8000, -8.047
11.57, -0.8000, -7.663
11.58, -0.8000, -8.166
11.59, -0.8000, -9.116
11.60, -0.8000, -8.170
11.61, -0.8000, -8.450
11.62, -0.8000, -7.916
11.63, -0.8000, -9.625
11.64, -0.8000, -8.441
11.65, -0.8000, -8.692
11.66, -0.8000, -7.669
11.67, -0.8000, -7.619
11.68, -0.8000, -6.952
11.69, -0.8000, -8.003
11.70, -0.8000, -8.092
11.71, -0.8000, -8.122
11.72, -0.8000, -9.562
11.73, -0.8000, -8.118
11.74, -0.8000, -10.07
11.75, -0.8000, -8.070
11.76, -0.8000, -7.412
11.77, -0.8000, -8.848
11.78, -0.8000, -9.060
11.79, -0.8000, -8.299
11.80, -0.8000, -8.733
11.81, -0.8000, -8.070
11.82, -0.8000, -7.838
11.83, -0.8000, -8.199
11.84, -0.8000, -8.106
11.85, -0.8000, -8.765
11.86, -0.8000, -9.812
11.87, -0.8000, -8.738
11.88, -0.8000, -7.859
11.89, -0.8000, -8.063
11.90, -0.8000, -8.672
11.91, -0.8000, -8.385
11.92, -0.8000, -7.408
11.93, -0.8000, -8.133
11.94, -0.8000, -7.249
11.95, -0.8000, -8.625
11.96, -0.8000, -8.657
11.97, -0.8000, -8.055
11.98, -0.8000, -8.212
11.99, -0.8000, -8.158
12.00, -0.8000, -10.08
12.01, -0.8000, -8.223
12.02, -0.8000, -10.30
12.03, -0.8000, -7.341
12.04, -0.8000, -9.197
12.05, -0.8000, -9.298
12.06, -0.8000, -8.315
12.07, -0.8000, -9.734
12.08, -0.8000, -8.757
12.09, -0.8000, -9.377
12.10, -0.8000, -9.003
12.11, -0.8000, -8.694
12.12, -0.8000, -8.718
12.13, -0.8000, -9.068
12.14, -0.8000, -7.623
12.15, -0.8000, -9.320
12.16, -0.8000, -8.052
12.17, -0.8000, -8.358
12.18, -0.8000, -8.704
12.19, -0.8000, -9.652
12.20, -0.8000, -7.843
12.21, -0.8000, -8.621
12.22, -0.8000, -8.461
12.23, -0.8000, -8.096
12.24, -0.8000, -7.783
12.25, -0.8000, -9.432
12.26, -0.8000, -8.823
12.27, -0.8000, -7.402
12.28, -0.8000, -7.468
12.29, -0.8000, -7.903
12.30, -0.8000, -9.606
12.31, -0.8000, -8.421
12.32, -0.8000, -8.121
12.33, -0.8000, -8.897
12.34, -0.8000, -7.115
12.35, -0.8000, -9.314
12.36, -0.8000, -8.898
12.37, -0.8000, -7.438
12.38, -0.8000, -8.401
12.39, -0.8000, -8.996
12.40, -0.8000, -8.294
12.41, -0.8000, -6.957
12.42, -0.8000, -7.892
12.43, -0.8000, -8.398
12.44, -0.8000, -8.169
12.45, -0.8000, -9.823
12.46, -0.8000, -8.159
12.47, -0.8000, -8.906
12.48, -0.8000, -8.337
12.49, -0.8000, -9.604
12.50, -0.8000, -7.879
12.51, -0.8000, -8.076
12.52, -0.8000, -7.809
12.53, -0.8000, -7.794
12.54, -0.8000, -8.564
12.55, -0.8000, -7.750
12.56, -0.8000, -8.362
12.57, -0.8000, -7.774
12.58, -0.8000, -8.766
12.59, -0.8000, -7.513
12.60, -0.8000, -8.703
12.61, -0.8000, -9.107
12.62, -0.8000, -8.204
12.63, -0.8000, -8.903
12.64, -0.8000, -8.214
12.65, -0.8000, -7.942
12.66, -0.8000, -8.239
12.67, -0.8000, -7.338
12.68, -0.8000, -9.531
12.69, -0.8000, -9.155
12.70, -0.8000, -9.946
12.71, -0.8000, -9.781
12.72, -0.8000, -9.424
12.73, -0.8000, -8.324
12.74, -0.8000, -7.752
12.75, -0.8000, -8.055
12.76, -0.8000, -9.555
12.77, -0.8000, -8.549
12.78, -0.8000, -8.644
12.79, -0.8000, -8.353
12.80, -0.8000, -8.506
12.81, -0.8000, -8.566
12.82, -0.8000, -9.277
12.83, -0.8000, -9.017
12.84, -0.8000, -9.410
12.85, -0.8000, -9.080
12.86, -0.8000, -8.148
12.87, -0.8000, -8.310
12.88, -0.8000, -8.925
12.89, -0.8000, -7.868
12.90, -0.8000, -7.223
12.91, -0.8000, -7.178
12.92, -0.8000, -7.916
12.93, -0.8000, -9.026
12.94, -0.8000, -8.149
12.95, -0.8000, -8.332
12.96, -0.8000, -8.148
12.97, -0.8000, -8.879
12.98, -0.8000, -8.994
12.99, -0.8000, -9.007
13.00, -0.8000, -10.27
13.01, -0.8000, -9.546
13.02, -0.8000, -8.696
13.03, -0.8000, -8.007
13.04, -0.8000, -7.774
13.05, -0.8000, -7.230
13.06, -0.8000, -7.228
13.07, -0.8000, -7.860
13.08, -0.8000, -8.931
13.09, -0.8000, -8.561
13.10, -0.8000, -8.012
13.11, -0.8000, -8.222
13.12, -0.8000, -8.434
13.13, -0.8000, -8.660
13.14, -0.8000, -8.121
13.15, -0.8000, -8.936
13.16, -0.8000, -8.145
13.17, -0.8000, -8.102
13.18, -0.8000, -8.169
13.19, -0.8000, -9.124
13.20, -0.8000, -8.971
13.21, -0.8000, -7.800
13.22, -0.8000, -8.162
13.23, -0.8000, -8.700
13.24, -0.8000, -7.973
13.25, -0.8000, -7.776
13.26, -0.8000, -8.679
13.27, -0.8000, -9.639
13.28, -0.8000, -9.206
13.29, -0.8000, -8.370
13.30, -0.8000, -8.911
13.31, -0.8000, -7.907
13.32, -0.8000, -8.667
13.33, -0.8000, -7.895
13.34, -0.8000, -8.098
13.35, -0.8000, -8.077
13.36, -0.8000, -9.266
13.37, -0.8000, -8.959
13.38, -0.8000, -8.729
13.39, -0.8000, -8.570
13.40, -0.8000, -9.076
13.41, -0.8000, -8.287
13.42, -0.8000, -8.521
13.43, -0.8000, -8.690
13.44, -0.8000, -9.017
13.45, -0.8000, -8.040
13.46, -0.8000, -8.901
13.47, -0.8000, -8.845
13.48, -0.8000, -9.399
13.49, -0.8000, -8.880
13.50, -0.8000, -8.603
13.51, -0.8000, -9.179
13.52, -0.8000, -9.859
13.53, -0.8000, -8.242
13.54, -0.8000, -8.126
13.55, -0.8000, -8.632
13.56, -0.8000, -7.661
13.57, -0.8000, -8.576
13.58, -0.8000, -7.740
13.59, -0.8000, -9.593
13.60, -0.8000, -8.963
13.61, -0.8000, -8.636
13.62, -0.8000, -8.136
13.63, -0.8000, -8.296
13.64, -0.8000, -8.501
13.65, -0.8000, -8.749
13.66, -0.8000, -8.702
13.67, -0.8000, -8.108
13.68, -0.8000, -9.175
13.69, -0.8000, -8.398
13.70, -0.8000, -9.241
13.71, -0.8000, -7.397
13.72, -0.8000, -8.835
13.73, -0.8000, -7.969
13.74, -0.8000, -9.321
13.75, -0.8000, -8.321
13.76, -0.8000, -7.999
13.77, -0.8000, -9.164
13.78, -0.8000, -7.966
13.79, -0.8000, -8.827
13.80, -0.8000, -8.433
13.81, -0.8000, -9.314
13.82, -0.8000, -8.402
13.83, -0.8000, -10.09
13.84, -0.8000, -8.848
13.85, -0.8000, -7.259
13.86, -0.8000, -8.647
13.87, -0.8000, -8.599
13.88, -0.8000, -9.842
13.89, -0.8000, -8.418
13.90, -0.8000, -10.68
13.91, -0.8000, -8.967
13.92, -0.8000, -9.633
13.93, -0.8000, -7.381
13.94, -0.8000, -9.386
13.95, -0.8000, -8.575
13.96, -0.8000, -7.264
13.97, -0.8000, -8.370
13.98, -0.8000, -8.139
13.99, -0.8000, -8.758
14.00, -0.8000, -8.056
14.01, -0.8000, -9.507
14.02, -0.8000, -8.505
14.03, -0.8000, -8.029
14.04, -0.8000, -8.923
14.05, -0.8000, -8.877
14.06, -0.8000, -9.109
14.07, -0.8000, -8.846
14.08, -0.8000, -8.074
14.09, -0.8000, -7.916
14.10, -0.8000, -9.324
14.11, -0.8000, -9.138
14.12, -0.8000, -7.570
14.13, -0.8000, -7.519
14.14, -0.8000, -9.426
14.15, -0.8000, -8.135
14.16, -0.8000, -8.016
14.17, -0.8000, -8.763
14.18, -0.8000, -8.246
14.19, -0.8000, -8.893
14.20, -0.8000, -9.128
14.21, -0.8000, -9.064
14.22, -0.8000, -8.606
14.23, -0.8000, -8.051
14.24, -0.8000, -9.137
14.25, -0.8000, -9.379
14.26, -0.8000, -8.223
14.27, -0.8000, -8.970
14.28, -0.8000, -8.479
14.29, -0.8000, -7.908
14.30, -0.8000, -9.876
14.31, -0.8000, -7.330
14.32, -0.8000, -9.712
14.33, -0.8000, -8.962
14.34, -0.8000, -8.379
14.35, -0.8000, -8.883
14.36, -0.8000, -9.251
14.37, -0.8000, -8.623
14.38, -0.8000, -8.992
14.39, -0.8000, -9.002
14.40, -0.8000, -8.629
14.41, -0.8000, -8.434
14.42, -0.8000, -7.246
14.43, -0.8000, -8.922
14.44, -0.8000, -8.338
14.45, -0.8000, -9.763
14.46, -0.8000, -8.401
14.47, -0.8000, -8.884
14.48, -0.8000, -8.091
14.49, -0.8000, -8.327
14.50, -0.8000, -8.404
14.51, -0.8000, -8.978
14.52, -0.8000, -8.403
14.53, -0.8000, -8.327
14.54, -0.8000, -9.453
14.55, -0.8000, -9.556
14.56, -0.8000, -8.894
14.57, -0.8000, -8.148
14.58, -0.8000, -9.466
14.59, -0.8000, -8.383
14.60, -0.8000, -9.840
14.61, -0.8000, -8.115
14.62, -0.8000, -8.719
14.63, -0.8000, -7.368
14.64, -0.8000, -9.781
14.65, -0.8000, -8.856
14.66, -0.8000, -9.269
14.67, -0.8000, -8.893
14.68, -0.8000, -8.532
14.69, -0.8000, -8.360
14.70, -0.8000, -9.970
14.71, -0.8000, -7.668
14.72, -0.8000, -7.803
14.73, -0.8000, -8.454
14.74, -0.8000, -8.735
14.75, -0.8000, -7.760
14.76, -0.8000, -7.845
14.77, -0.8000, -9.764
14.78, -0.8000, -8.298
14.79, -0.8000, -10.09
14.80, -0.8000, -8.842
14.81, -0.8000, -10.16
14.82, -0.8000, -7.947
14.83, -0.8000, -8.958
14.84, -0.8000, -9.765
14.85, -0.8000, -9.449
14.86, -0.8000, -8.394
14.87, -0.8000, -8.113
14.88, -0.8000, -7.710
14.89, -0.8000, -8.115
14.90, -0.8000, -8.852
14.91, -0.8000, -8.267
14.92, -0.8000, -9.030
14.93, -0.8000, -9.566
14.94, -0.8000, -8.900
14.95, -0.8000, -9.400
14.96, -0.8000, -9.423
14.97, -0.8000, -8.545
14.98, -0.8000, -9.244
14.99, -0.8000, -8.035
15.00, -0.8000, -9.867
15.01, -0.8000, -7.520
15.02, -0.8000, -8.705
15.03, -0.8000, -9.249
15.04, -0.8000, -8.145
15.05, -0.8000, -8.448
15.06, -0.8000, -8.331
15.07, -0.8000, -7.883
15.08, -0.8000, -8.576
15.09, -0.8000, -7.885
15.10, -0.8000, -9.193
15.11, -0.8000, -9.390
15.12, -0.8000, -7.962
15.13, -0.8000, -9.009
15.14, -0.8000, -8.887
15.15, -0.8000, -8.070
15.16, -0.8000, -8.714
15.17, -0.8000, -8.674
15.18, -0.8000, -10.00
15.19, -0.8000, -10.12
15.20, -0.8000, -8.247
15.21, -0.8000, -8.088
15.22, -0.8000, -9.477
15.23, -0.8000, -9.018
15.24, -0.8000, -8.214
15.25, -0.8000, -9.550
15.26, -0.8000, -8.138
15.27, -0.8000, -8.747
15.28, -0.8000, -9.076
15.29, -0.8000, -8.899
15.30, -0.8000, -8.176
15.31, -0.8000, -9.115
15.32, -0.8000, -8.412
15.33, -0.8000, -8.723
15.34, -0.8000, -8.777
15.35, -0.8000, -9.260
15.36, -0.8000, -9.321
15.37, -0.8000, -8.427
15.38, -0.8000, -8.532
15.39, -0.8000, -9.115
15.40, -0.8000, -10.35
15.41, -0.8000, -8.573
15.42, -0.8000, -8.635
15.43, -0.8000, -9.324
15.44, -0.8000, -8.353
15.45, -0.8000, -9.158
15.46, -0.8000, -8.188
15.47, -0.8000, -8.123
15.48, -0.8000, -9.096
15.49, -0.8000, -9.229
15.50, -0.8000, -9.346
15.51, -0.8000, -9.160
15.52, -0.8000, -8.150
15.53, -0.8000, -9.971
15.54, -0.8000, -10.32
15.55, -0.8000, -8.873
15.56, -0.8000, -8.917
15.57, -0.8000, -9.219
15.58, -0.8000, -9.176
15.59, -0.8000, -8.965
15.60, -0.8000, -9.159
15.61, -0.8000, -7.910
15.62, -0.8000, -9.584
15.63, -0.8000, -9.227
15.64, -0.8000, -10.32
15.65, -0.8000, -7.664
15.66, -0.8000, -8.348
15.67, -0.8000, -9.027
15.68, -0.8000, -8.167
15.69, -0.8000, -9.805
15.70, -0.8000, -10.27
15.71, -0.8000, -8.752
15.72, -0.8000, -7.379
15.73, -0.8000, -7.985
15.74, -0.8000, -8.597
15.75, -0.8000, -8.950
15.76, -0.8000, -10.25
15.77, -0.8000, -8.957
15.78, -0.8000, -9.803
15.79, -0.8000, -7.711
15.80, -0.8000, -8.833
15.81, -0.8000, -10.25
15.82, -0.8000, -8.621
15.83, -0.8000, -9.000
15.84, -0.8000, -8.395
15.85, -0.8000, -9.270
15.86, -0.8000, -9.320
15.87, -0.8000, -9.347
15.88, -0.8000, -8.396
15.89, -0.8000, -8.875
15.90, -0.8000, -8.587
15.91, -0.8000, -8.191
15.92, -0.8000, -8.410
15.93, -0.8000, -8.215
15.94, -0.8000, -9.605
15.95, -0.8000, -8.760
15.96, -0.8000, -9.535
15.97, -0.8000, -8.653
15.98, -0.8000, -9.467
15.99, -0.8000, -7.822
16.00, -0.8000, -8.700
16.01, -0.8000, -10.05
16.02, -0.8000, -8.255
16.03, -0.8000, -9.772
16.04, -0.8000, -8.820
16.05, -0.8000, -9.236
16.06, -0.8000, -8.535
16.07, -0.8000, -7.335
16.08, -0.8000, -9.461
16.09, -0.8000, -8.889
16.10, -0.8000, -7.988
16.11, -0.8000, -8.235
16.12, -0.8000, -8.947
16.13, -0.8000, -8.524
16.14, -0.8000, -10.35
16.15, -0.8000, -8.467
16.16, -0.8000, -9.456
16.17, -0.8000, -8.796
16.18, -0.8000, -9.064
16.19, -0.8000, -8.234
16.20, -0.8000, -8.277
16.21, -0.8000, -8.881
16.22, -0.8000, -8.229
16.23, -0.8000, -7.671
16.24, -0.8000, -9.164
16.25, -0.8000, -8.878
16.26, -0.8000, -8.684
16.27, -0.8000, -9.966
16.28, -0.8000, -9.387
16.29, -0.8000, -10.27
16.30, -0.8000, -9.469
16.31, -0.8000, -9.080
16.32, -0.8000, -8.604
16.33, -0.8000, -7.840
16.34, -0.8000, -8.248
16.35, -0.8000, -8.207
16.36, -0.8000, -8.189
16.37, -0.8000, -8.816
16.38, -0.8000, -9.298
16.39, -0.8000, -8.750
16.40, -0.8000, -7.808
16.41, -0.8000, -9.256
16.42, -0.8000, -9.060
16.43, -0.8000, -8.655
16.44, -0.8000, -7.711
16.45, -0.8000, -8.326
16.46, -0.8000, -9.039
16.47, -0.8000, -9.414
16.48, -0.8000, -9.675
16.49, -0.8000, -8.993
16.50, -0.8000, -9.632
16.51, -0.8000, -8.700
16.52, -0.8000, -8.741
16.53, -0.8000, -9.790
16.54, -0.8000, -8.949
16.55, -0.8000, -9.137
16.56, -0.8000, -9.586
16.57, -0.8000, -8.875
16.58, -0.8000, -7.767
16.59, -0.8000, -9.394
16.60, -0.8000, -8.004
16.61, -0.8000, -9.106
16.62, -0.8000, -8.405
16.63, -0.8000, -8.881
16.64, -0.8000, -9.553
16.65, -0.8000, -9.753
16.66, -0.8000, -8.592
16.67, -0.8000, -8.720
16.68, -0.8000, -9.026
16.69, -0.8000, -9.698
16.70, -0.8000, -7.970
16.71, -0.8000, -7.478
16.72, -0.8000, -8.614
16.73, -0.8000, -7.549
16.74, -0.8000, -8.551
16.75, -0.8000, -8.304
16.76, -0.8000, -8.790
16.77, -0.8000, -7.709
16.78, -0.8000, -9.022
16.79, -0.8000, -10.08
16.80, -0.8000, -9.634
16.81, -0.8000, -9.268
16.82, -0.8000, -8.641
16.83, -0.8000, -9.575
16.84, -0.8000, -8.222
16.85, -0.8000, -8.918
16.86, -0.8000, -8.632
16.87, -0.8000, -8.412
16.88, -0.8000, -9.813
16.89, -0.8000, -8.032
16.90, -0.8000, -9.561
16.91, -0.8000, -8.130
16.92, -0.8000, -7.697
16.93, -0.8000, -9.022
16.94, -0.8000, -8.561
16.95, -0.8000, -9.581
16.96, -0.8000, -9.996
16.97, -0.8000, -8.794
16.98, -0.8000, -9.552
16.99, -0.8000, -8.727
17.00, -0.8000, -9.175
17.01, -0.8000, -8.075
17.02, -0.8000, -9.583
17.03, -0.8000, -8.828
17.04, -0.8000, -9.025
17.05, -0.8000, -9.273
17.06, -0.8000, -8.728
17.07, -0.8000, -7.650
17.08, -0.8000, -8.868
17.09, -0.8000, -8.523
17.10, -0.8000, -7.259
17.11, -0.8000, -9.137
17.12, -0.8000, -8.186
17.13, -0.8000, -8.138
17.14, -0.8000, -8.740
17.15, -0.8000, -8.749
17.16, -0.8000, -7.540
17.17, -0.8000, -8.978
17.18, -0.8000, -7.452
17.19, -0.8000, -8.856
17.20, -0.8000, -7.922
17.21, -0.8000, -9.187
17.22, -0.8000, -8.728
17.23, -0.8000, -7.554
17.24, -0.8000, -7.499
17.25, -0.8000, -8.170
17.26, -0.8000, -9.876
17.27, -0.8000, -8.636
17.28, -0.8000, -8.860
17.29, -0.8000, -8.064
17.30, -0.8000, -8.291
17.31, -0.8000, -7.471
17.32, -0.8000, -8.426
17.33, -0.8000, -9.291
17.34, -0.8000, -9.278
17.35, -0.8000, -8.736
17.36, -0.8000, -8.767
17.37, -0.8000, -7.726
17.38, -0.8000, -9.322
17.39, -0.8000, -9.074
17.40, -0.8000, -8.401
17.41, -0.8000, -9.073
17.42, -0.8000, -9.133
17.43, -0.8000, -8.864
17.44, -0.8000, -7.723
17.45, -0.8000, -8.490
17.46, -0.8000, -9.713
17.47, -0.8000, -9.485
17.48, -0.8000, -9.257
17.49, -0.8000, -7.871
17.50, -0.8000, -7.637
17.51, -0.8000, -7.344
17.52, -0.8000, -8.977
17.53, -0.8000, -8.346
17.54, -0.8000, -8.920
17.55, -0.8000, -9.499
17.56, -0.8000, -9.351
17.57, -0.8000, -8.843
17.58, -0.8000, -8.171
17.59, -0.8000, -8.969
17.60, -0.8000, -9.161
17.61, -0.8000, -7.469
17.62, -0.8000, -9.424
17.63, -0.8000, -9.208
17.64, -0.8000, -8.278
17.65, -0.8000, -7.926
17.66, -0.8000, -8.251
17.67, -0.8000, -8.985
17.68, -0.8000, -8.386
17.69, -0.8000, -8.683
17.70, -0.8000, -9.519
17.71, -0.8000, -8.864
17.72, -0.8000, -7.548
17.73, -0.8000, -8.979
17.74, -0.8000, -9.225
17.75, -0.8000, -8.421
17.76, -0.8000, -8.988
17.77, -0.8000, -8.456
17.78, -0.8000, -9.232
17.79, -0.8000, -8.505
17.80, -0.8000, -9.325
17.81, -0.8000, -8.335
17.82, -0.8000, -8.547
17.83, -0.8000, -9.048
17.84, -0.8000, -7.571
17.85, -0.8000, -9.497
17.86, -0.8000, -8.899
17.87, -0.8000, -9.340
17.88, -0.8000, -9.197
17.89, -0.8000, -8.436
17.90, -0.8000, -8.681
17.91, -0.8000, -9.498
17.92, -0.8000, -9.344
17.93, -0.8000, -8.540
17.94, -0.8000, -9.074
17.95, -0.8000, -10.06
17.96, -0.8000, -9.170
17.97, -0.8000, -8.668
17.98, -0.8000, -8.261
17.99, -0.8000, -7.879
18.00, -0.8000, -8.363
18.01, -0.8000, -10.22
18.02, -0.8000, -8.637
18.03, -0.8000, -9.117
18.04, -0.8000, -8.503
18.05, -0.8000, -9.188
18.06, -0.8000, -8.402
18.07, -0.8000, -8.574
18.08, -0.8000, -9.411
18.09, -0.8000, -8.917
18.10, -0.8000, -9.288
18.11, -0.8000, -7.536
18.12, -0.8000, -8.215
18.13, -0.8000, -7.808
18.14, -0.8000, -9.191
18.15, -0.8000, -8.952
18.16, -0.8000, -9.912
18.17, -0.8000, -8.428
18.18, -0.8000, -8.079
18.19, -0.8000, -8.877
18.20, -0.8000, -8.626
18.21, -0.8000, -9.565
18.22, -0.8000, -8.808
18.23, -0.8000, -8.330
18.24, -0.8000, -8.997
18.25, -0.8000, -9.886
18.26, -0.8000, -9.260
18.27, -0.8000, -9.562
18.28, -0.8000, -7.765
18.29, -0.8000, -7.861
18.30, -0.8000, -8.033
18.31, -0.8000, -6.998
18.32, -0.8000, -8.159
18.33, -0.8000, -8.510
18.34, -0.8000, -8.170
18.35, -0.8000, -9.016
18.36, -0.8000, -10.06
18.37, -0.8000, -8.896
18.38, -0.8000, -9.865
18.39, -0.8000, -9.092
18.40, -0.8000, -7.562
18.41, -0.8000, -8.816
18.42, -0.8000, -9.097
18.43, -0.8000, -8.596
18.44, -0.8000, -9.739
18.45, -0.8000, -8.043
18.46, -0.8000, -8.449
18.47, -0.8000, -8.536
18.48, -0.8000, -9.473
18.49, -0.8000, -8.005
18.50, -0.8000, -9.639
18.51, -0.8000, -9.079
18.52, -0.8000, -9.990
18.53, -0.8000, -10.39
18.54, -0.8000, -8.077
18.55, -0.8000, -8.353
18.56, -0.8000, -9.179
18.57, -0.8000, -10.49
18.58, -0.8000, -7.994
18.59, -0.8000, -8.602
18.60, -0.8000, -8.592
18.61, -0.8000, -9.426
18.62, -0.8000, -9.020
18.63, -0.8000, -9.007
18.64, -0.8000, -9.061
18.65, -0.8000, -8.743
18.66, -0.8000, -8.727
18.67, -0.8000, -8.562
18.68, -0.8000, -8.883
18.69, -0.8000, -8.519
18.70, -0.8000, -8.566
18.71, -0.8000, -8.716
18.72, -0.8000, -8.329
18.73, -0.8000, -9.453
18.74, -0.8000, -8.082
18.75, -0.8000, -9.249
18.76, -0.8000, -8.799
18.77, -0.8000, -9.743
18.78, -0.8000, -9.351
18.79, -0.8000, -8.328
18.80, -0.8000, -8.907
18.81, -0.8000, -8.955
18.82, -0.8000, -7.435
18.83, -0.8000, -7.686
18.84, -0.8000, -9.086
18.85, -0.8000, -8.799
18.86, -0.8000, -8.548
18.87, -0.8000, -9.140
18.88, -0.8000, -8.657
18.89, -0.8000, -7.978
18.90, -0.8000, -9.875
18.91, -0.8000, -8.851
18.92, -0.8000, -8.347
18.93, -0.8000, -8.819
18.94, -0.8000, -7.166
18.95, -0.8000, -9.669
18.96, -0.8000, -8.956
18.97, -0.8000, -9.137
18.98, -0.8000, -8.917
18.99, -0.8000, -9.007
19.00, -0.8000, -9.655
19.01, -0.8000, -8.163
19.02, -0.8000, -8.359
19.03, -0.8000, -8.058
19.04, -0.8000, -9.918
19.05, -0.8000, -7.963
19.06, -0.8000, -9.225
19.07, -0.8000, -7.969
19.08, -0.8000, -10.35
19.09, -0.8000, -9.324
19.10, -0.8000, -8.658
19.11, -0.8000, -9.769
19.12, -0.8000, -8.714
19.13, -0.8000, -8.360
19.14, -0.8000, -7.402
19.15, -0.8000, -9.382
19.16, -0.8000, -7.496
19.17, -0.8000, -8.884
19.18, -0.8000, -9.689
19.19, -0.8000, -9.431
19.20, -0.8000, -8.798
19.21, -0.8000, -8.786
19.22, -0.8000, -8.792
19.23, -0.8000, -8.241
19.24, -0.8000, -8.716
19.25, -0.8000, -8.865
19.26, -0.8000, -9.313
19.27, -0.8000, -8.573
19.28, -0.8000, -7.928
19.29, -0.8000, -8.638
19.30, -0.8000, -8.906
19.31, -0.8000, -8.223
19.32, -0.8000, -10.82
19.33, -0.8000, -8.438
19.34, -0.8000, -7.829
19.35, -0.8000, -9.476
19.36, -0.8000, -7.324
19.37, -0.8000, -8.953
19.38, -0.8000, -8.830
19.39, -0.8000, -8.947
19.40, -0.8000, -8.553
19.41, -0.8000, -9.131
19.42, -0.8000, -7.781
19.43, -0.8000, -8.960
19.44, -0.8000, -9.007
19.45, -0.8000, -8.912
19.46, -0.8000, -8.549
19.47, -0.8000, -8.486
19.48, -0.8000, -7.912
19.49, -0.8000, -9.133
19.50, -0.8000, -8.203
19.51, -0.8000, -8.225
19.52, -0.8000, -8.530
19.53, -0.8000, -9.401
19.54, -0.8000, -8.531
19.55, -0.8000, -8.260
19.56, -0.8000, -8.475
19.57, -0.8000, -8.762
19.58, -0.8000, -8.775
19.59, -0.8000, -7.706
19.60, -0.8000, -8.418
19.61, -0.8000, -9.366
19.62, -0.8000, -8.092
19.63, -0.8000, -8.500
19.64, -0.8000, -8.168
19.65, -0.8000, -9.297
19.66, -0.8000, -8.745
19.67, -0.8000, -9.699
19.68, -0.8000, -8.624
19.69, -0.8000, -8.583
19.70, -0.8000, -7.876
19.71, -0.8000, -8.975
19.72, -0.8000, -8.080
19.73, -0.8000, -9.165
19.74, -0.8000, -7.994
19.75, -0.8000, -8.527
19.76, -0.8000, -8.509
19.77, -0.8000, -9.259
19.78, -0.8000, -9.678
19.79, -0.8000, -8.362
19.80, -0.8000, -8.900
19.81, -0.8000, -9.720
19.82, -0.8000, -8.350
19.83, -0.8000, -9.998
19.84, -0.8000, -7.509
19.85, -0.8000, -8.391
19.86, -0.8000, -7.405
19.87, -0.8000, -10.01
19.88, -0.8000, -9.372
19.89, -0.8000, -8.956
19.90, -0.8000, -8.172
19.91, -0.8000, -9.322
19.92, -0.8000, -8.049
19.93, -0.8000, -8.344
19.94, -0.8000, -7.982
19.95, -0.8000, -8.913
19.96, -0.8000, -9.687
19.97, -0.8000, -7.930
19.98, -0.8000, -10.02
19.99, -0.8000, -8.986
20.00, -0.8000, -9.817
20.01, -0.8000, -9.174
20.02, -0.8000, -8.687
20.03, -0.8000, -9.590
20.04, -0.8000, -9.271
20.05, -0.8000, -9.407
20.06, -0.8000, -8.154
20.07, -0.8000, -7.269
20.08, -0.8000, -9.904
20.09, -0.8000, -8.869
20.10, -0.8000, -9.188
20.11, -0.8000, -9.468
20.12, -0.8000, -8.972
20.13, -0.8000, -7.957
20.14, -0.8000, -10.04
20.15, -0.8000, -8.665
20.16, -0.8000, -9.397
20.17, -0.8000, -9.096
20.18, -0.8000, -8.140
20.19, -0.8000, -8.364
20.20, -0.8000, -8.752
20.21, -0.8000, -8.927
20.22, -0.8000, -8.491
20.23, -0.8000, -9.705
20.24, -0.8000, -8.887
20.25, -0.8000, -10.02
20.26, -0.8000, -7.427
20.27, -0.8000, -8.812
20.28, -0.8000, -8.667
20.29, -0.8000, -9.209
20.30, -0.8000, -10.15
20.31, -0.8000, -7.897
20.32, -0.8000, -8.212
20.33, -0.8000, -7.971
20.34, -0.8000, -9.609
20.35, -0.8000, -8.669
20.36, -0.8000, -9.022
20.37, -0.8000, -9.730
20.38, -0.8000, -8.470
20.39, -0.8000, -8.607
20.40, -0.8000, -8.836
20.41, -0.8000, -8.810
20.42, -0.8000, -8.427
20.43, -0.8000, -9.401
20.44, -0.8000, -8.293
20.45, -0.8000, -7.763
20.46, -0.8000, -8.698
20.47, -0.8000, -8.504
20.48, -0.8000, -7.929
20.49, -0.8000, -9.565
20.50, -0.8000, -9.271
20.51, -0.8000, -9.249
20.52, -0.8000, -8.575
20.53, -0.8000, -8.507
20.54, -0.8000, -9.170
20.55, -0.8000, -8.860
20.56, -0.8000, -9.015
20.57, -0.8000, -8.228
20.58, -0.8000, -9.111
20.59, -0.8000, -8.431
20.60, -0.8000, -8.469
20.61, -0.8000, -9.165
20.62, -0.8000, -9.532
20.63, -0.8000, -8.508
20.64, -0.8000, -8.970
20.65, -0.8000, -7.837
20.66, -0.8000, -10.80
20.67, -0.8000, -9.176
20.68, -0.8000, -9.000
20.69, -0.8000, -7.769
20.70, -0.8000, -7.664
20.71, -0.8000, -8.749
20.72, -0.8000, -9.520
20.73, -0.8000, -8.705
20.74, -0.8000, -7.570
20.75, -0.8000, -9.262
20.76, -0.8000, -9.828
20.77, -0.8000, -8.259
20.78, -0.8000, -8.251
20.79, -0.8000, -9.111
20.80, -0.8000, -9.086
20.81, -0.8000, -8.509
20.82, -0.8000, -7.735
20.83, -0.8000, -8.807
20.84, -0.8000, -8.798
20.85, -0.8000, -8.739
20.86, -0.8000, -9.546
20.87, -0.8000, -9.516
20.88, -0.8000, -9.194
20.89, -0.8000, -9.363
20.90, -0.8000, -9.509
20.91, -0.8000, -8.825
20.92, -0.8000, -8.366
20.93, -0.8000, -9.066
20.94, -0.8000, -9.824
20.95, -0.8000, -8.870
20.96, -0.8000, -9.055
20.97, -0.8000, -8.794
20.98, -0.8000, -8.918
20.99, -0.8000, -8.331
21.00, -0.8000, -6.978
21.01, -0.8000, -7.343
21.02, -0.8000, -8.478
21.03, -0.8000, -9.034
21.04, -0.8000, -9.045
21.05, -0.8000, -8.661
21.06, -0.8000, -9.936
21.07, -0.8000, -8.046
21.08, -0.8000, -7.878
21.09, -0.8000, -7.955
21.10, -0.8000, -7.879
21.11, -0.8000, -8.787
21.12, -0.8000, -9.271
21.13, -0.8000, -9.723
21.14, -0.8000, -9.059
21.15, -0.8000, -9.607
21.16, -0.8000, -9.625
21.17, -0.8000, -9.239
21.18, -0.8000, -7.843
21.19, -0.8000, -10.42
21.20, -0.8000, -8.369
21.21, -0.8000, -8.107
21.22, -0.8000, -8.395
21.23, -0.8000, -6.979
21.24, -0.8000, -7.853
21.25, -0.8000, -7.864
21.26, -0.8000, -8.940
21.27, -0.8000, -8.951
21.28, -0.8000, -9.441
21.29, -0.8000, -8.761
21.30, -0.8000, -9.067
21.31, -0.8000, -8.464
21.32, -0.8000, -8.153
21.33, -0.8000, -8.039
21.34, -0.8000, -7.928
21.35, -0.8000, -10.02
21.36, -0.8000, -8.106
21.37, -0.8000, -9.714
21.38, -0.8000, -9.556
21.39, -0.8000, -9.920
21.40, -0.8000, -7.860
21.41, -0.8000, -9.142
21.42, -0.8000, -8.341
21.43, -0.8000, -8.995
21.44, -0.8000, -7.875
21.45, -0.8000, -8.617
21.46, -0.8000, -9.188
21.47, -0.8000, -8.385
21.48, -0.8000, -8.317
21.49, -0.8000, -8.084
21.50, -0.8000, -9.284
21.51, -0.8000, -8.886
21.52, -0.8000, -9.728
21.53, -0.8000, -9.378
21.54, -0.8000, -9.393
21.55, -0.8000, -8.486
21.56, -0.8000, -7.998
21.57, -0.8000, -9.523
21.58, -0.8000, -8.640
21.59, -0.8000, -8.458
21.60, -0.8000, -7.783
21.61, -0.8000, -8.272
21.62, -0.8000, -7.990
21.63, -0.8000, -8.882
21.64, -0.8000, -8.791
21.65, -0.8000, -10.07
21.66, -0.8000, -9.424
21.67, -0.8000, -8.947
21.68, -0.8000, -8.915
21.69, -0.8000, -7.566
21.70, -0.8000, -9.377
21.71, -0.8000, -8.559
21.72, -0.8000, -8.917
21.73, -0.8000, -8.889
21.74, -0.8000, -9.362
21.75, -0.8000, -9.484
21.76, -0.8000, -9.101
21.77, -0.8000, -9.528
21.78, -0.8000, -8.617
21.79, -0.8000, -9.367
21.80, -0.8000, -9.130
21.81, -0.8000, -8.154
21.82, -0.8000, -8.968
21.83, -0.8000, -9.112
21.84, -0.8000, -8.519
21.85, -0.8000, -8.779
21.86, -0.8000, -7.378
21.87, -0.8000, -9.892
21.88, -0.8000, -8.784
21.89, -0.8000, -7.907
21.90, -0.8000, -8.108
21.91, -0.8000, -8.739
21.92, -0.8000, -8.818
21.93, -0.8000, -9.652
21.94, -0.8000, -8.472
21.95, -0.8000, -9.624
21.96, -0.8000, -9.479
21.97, -0.8000, -7.493
21.98, -0.8000, -8.227
21.99, -0.8000, -9.230
22.00, -0.8000, -8.467
22.01, -0.8000, -8.229
22.02, -0.8000, -8.020
22.03, -0.8000, -8.067
22.04, -0.8000, -9.590
22.05, -0.8000, -7.532
22.06, -0.8000, -9.229
22.07, -0.8000, -9.402
22.08, -0.8000, -9.415
22.09, -0.8000, -9.442
22.10, -0.8000, -8.133
22.11, -0.8000, -8.416
22.12, -0.8000, -8.322
22.13, -0.8000, -8.044
22.14, -0.8000, -8.174
22.15, -0.8000, -8.653
22.16, -0.8000, -8.659
22.17, -0.8000, -8.421
22.18, -0.8000, -9.050
22.19, -0.8000, -9.115
22.20, -0.8000, -9.340
22.21, -0.8000, -8.976
22.22, -0.8000, -7.597
22.23, -0.8000, -9.846
22.24, -0.8000, -9.373
22.25, -0.8000, -7.954
22.26, -0.8000, -7.969
22.27, -0.8000, -8.233
22.28, -0.8000, -7.027
22.29, -0.8000, -7.360
22.30, -0.8000, -9.672
22.31, -0.8000, -8.229
22.32, -0.8000, -8.887
22.33, -0.8000, -9.635
22.34, -0.8000, -9.719
22.35, -0.8000, -8.848
22.36, -0.8000, -8.799
22.37, -0.8000, -8.094
22.38, -0.8000, -8.273
22.39, -0.8000, -8.757
22.40, -0.8000, -8.928
22.41, -0.8000, -8.569
22.42, -0.8000, -8.619
22.43, -0.8000, -8.981
22.44, -0.8000, -8.421
22.45, -0.8000, -8.671
22.46, -0.8000, -7.837
22.47, -0.8000, -9.399
22.48, -0.8000, -8.502
22.49, -0.8000, -8.312
22.50, -0.8000, -10.34
22.51, -0.8000, -7.616
22.52, -0.8000, -9.459
22.53, -0.8000, -8.518
22.54, -0.8000, -10.15
22.55, -0.8000, -7.514
22.56, -0.8000, -9.067
22.57, -0.8000, -7.343
22.58, -0.8000, -8.079
22.59, -0.8000, -8.452
22.60, -0.8000, -7.691
22.61, -0.8000, -7.685
22.62, -0.8000, -8.867
22.63, -0.8000, -8.750
22.64, -0.8000, -7.944
22.65, -0.8000, -9.710
22.66, -0.8000, -9.786
22.67, -0.8000, -10.20
22.68, -0.8000, -7.157
22.69, -0.8000, -8.717
22.70, -0.8000, -8.603
22.71, -0.8000, -7.836
22.72, -0.8000, -8.603
22.73, -0.8000, -9.180
22.74, -0.8000, -8.540
22.75, -0.8000, -8.268
22.76, -0.8000, -7.856
22.77, -0.8000, -8.437
22.78, -0.8000, -9.208
22.79, -0.8000, -8.825
22.80, -0.8000, -9.195
22.81, -0.8000, -9.047
22.82, -0.8000, -9.956
22.83, -0.8000, -9.634
22.84, -0.8000, -8.715
22.85, -0.8000, -8.905
22.86, -0.8000, -8.151
22.87, -0.8000, -9.195
22.88, -0.8000, -8.167
22.89, -0.8000, -8.553
22.90, -0.8000, -8.682
22.91, -0.8000, -9.240
22.92, -0.8000, -8.333
22.93, -0.8000, -9.818
22.94, -0.8000, -8.369
22.95, -0.8000, -8.286
22.96, -0.8000, -8.762
22.97, -0.8000, -9.161
22.98, -0.8000, -8.694
22.99, -0.8000, -9.335
23.00, -0.8000, -8.306
23.01, -0.8000, -8.148
23.02, -0.8000, -7.727
23.03, -0.8000, -9.256
23.04, -0.8000, -9.090
23.05, -0.8000, -8.704
23.06, -0.8000, -8.856
23.07, -0.8000, -9.922
23.08, -0.8000, -9.134
23.09, -0.8000, -8.432
23.10, -0.8000, -8.344
23.11, -0.8000, -8.021
23.12, -0.8000, -8.866
23.13, -0.8000, -8.223
23.14, -0.8000, -10.15
23.15, -0.8000, -7.855
23.16, -0.8000, -8.100
23.17, -0.8000, -9.269
23.18, -0.8000, -9.636
23.19, -0.8000, -10.76
23.20, -0.8000, -9.701
23.21, -0.8000, -10.06
23.22, -0.8000, -9.309
23.23, -0.8000, -8.827
23.24, -0.8000, -8.039
23.25, -0.8000, -8.667
23.26, -0.8000, -7.839
23.27, -0.8000, -7.760
23.28, -0.8000, -9.344
23.29, -0.8000, -8.827
23.30, -0.8000, -8.742
23.31, -0.8000, -7.935
23.32, -0.8000, -9.591
23.33, -0.8000, -8.600
23.34, -0.8000, -8.019
23.35, -0.8000, -8.498
23.36, -0.8000, -9.795
23.37, -0.8000, -8.769
23.38, -0.8000, -8.317
23.39, -0.8000, -8.408
23.40, -0.8000, -8.860
23.41, -0.8000, -9.454
23.42, -0.8000, -8.586
23.43, -0.8000, -7.776
23.44, -0.8000, -8.618
23.45, -0.8000, -8.815
23.46, -0.8000, -8.130
23.47, -0.8000, -9.390
23.48, -0.8000, -7.000
23.49, -0.8000, -8.777
23.50, -0.8000, -8.450
23.51, -0.8000, -8.913
23.52, -0.8000, -8.367
23.53, -0.8000, -8.617
23.54, -0.8000, -7.600
23.55, -0.8000, -9.025
23.56, -0.8000, -8.490
23.57, -0.8000, -8.369
23.58, -0.8000, -8.224
23.59, -0.8000, -8.852
23.60, -0.8000, -9.225
23.61, -0.8000, -8.463
23.62, -0.8000, -7.442
23.63, -0.8000, -9.838
23.64, -0.8000, -8.993
23.65, -0.8000, -9.103
23.66, -0.8000, -8.604
23.67, -0.8000, -9.803
23.68, -0.8000, -7.665
23.69, -0.8000, -8.100
23.70, -0.8000, -8.902
23.71, -0.8000, -8.624
23.72, -0.8000, -8.076
23.73, -0.8000, -8.384
23.74, -0.8000, -9.290
23.75, -0.8000, -8.380
23.76, -0.8000, -9.297
23.77, -0.8000, -9.278
23.78, -0.8000, -9.647
23.79, -0.8000, -7.758
23.80, -0.8000, -8.505
23.81, -0.8000, -7.954
23.82, -0.8000, -7.493
23.83, -0.8000, -7.899
23.84, -0.8000, -9.054
23.85, -0.8000, -7.443
23.86, -0.8000, -8.568
23.87, -0.8000, -8.837
23.88, -0.8000, -8.779
23.89, -0.8000, -7.890
23.90, -0.8000, -9.052
23.91, -0.8000, -7.827
23.92, -0.8000, -10.07
23.93, -0.8000, -7.975
23.94, -0.8000, -9.798
23.95, -0.8000, -9.054
23.96, -0.8000, -9.573
23.97, -0.8000, -9.188
23.98, -0.8000, -8.932
23.99, -0.8000, -9.212
24.00, -0.8000, -9.467
24.01, -0.8000, -8.843
24.02, -0.8000, -8.211
24.03, -0.8000, -9.400
24.04, -0.8000, -7.200
24.05, -0.8000, -7.938
24.06, -0.8000, -8.563
24.07, -0.8000, -9.305
24.08, -0.8000, -9.226
24.09, -0.8000, -8.968
24.10, -0.8000, -9.171
24.11, -0.8000, -8.900
24.12, -0.8000, -8.064
24.13, -0.8000, -8.963
24.14, -0.8000, -9.249
24.15, -0.8000, -8.916
24.16, -0.8000, -9.270
24.17, -0.8000, -8.363
24.18, -0.8000, -8.619
24.19, -0.8000, -8.733
24.20, -0.8000, -9.642
24.21, -0.8000, -8.248
24.22, -0.8000, -9.391
24.23, -0.8000, -8.779
24.24, -0.8000, -8.473
24.25, -0.8000, -8.687
24.26, -0.8000, -8.436
24.27, -0.8000, -8.276
24.28, -0.8000, -8.635
24.29, -0.8000, -9.152
24.30, -0.8000, -8.762
24.31, -0.8000, -8.349
24.32, -0.8000, -7.565
24.33, -0.8000, -9.290
24.34, -0.8000, -9.209
24.35, -0.8000, -7.171
24.36, -0.8000, -9.082
24.37, -0.8000, -9.201
24.38, -0.8000, -8.266
24.39, -0.8000, -8.680
24.40, -0.8000, -9.445
24.41, -0.8000, -9.771
24.42, -0.8000, -8.236
24.43, -0.8000, -10.12
24.44, -0.8000, -9.014
24.45, -0.8000, -9.752
24.46, -0.8000, -8.580
24.47, -0.8000, -8.978
24.48, -0.8000, -9.262
24.49, -0.8000, -8.217
24.50, -0.8000, -8.938
24.51, -0.8000, -8.827
24.52, -0.8000, -7.855
24.53, -0.8000, -7.856
24.54, -0.8000, -8.666
24.55, -0.8000, -9.038
24.56, -0.8000, -9.336
24.57, -0.8000, -8.403
24.58, -0.8000, -9.041
24.59, -0.8000, -9.133
24.60, -0.8000, -8.514
24.61, -0.8000, -7.588
24.62, -0.8000, -8.015
24.63, -0.8000, -8.460
24.64, -0.8000, -8.634
24.65, -0.8000, -8.201
24.66, -0.8000, -9.297
24.67, -0.8000, -8.723
24.68, -0.8000, -9.328
24.69, -0.8000, -8.732
24.70, -0.8000, -9.016
24.71, -0.8000, -8.029
24.72, -0.8000, -9.389
24.73, -0.8000, -7.671
24.74, -0.8000, -7.810
24.75, -0.8000, -7.610
24.76, -0.8000, -8.506
24.77, -0.8000, -7.771
24.78, -0.8000, -9.258
24.79, -0.8000, -8.956
24.80, -0.8000, -9.073
24.81, -0.8000, -7.668
24.82, -0.8000, -7.889
24.83, -0.8000, -7.602
24.84, -0.8000, -8.174
24.85, -0.8000, -8.548
24.86, -0.8000, -8.942
24.87, -0.8000, -10.45
24.88, -0.8000, -9.600
24.89, -0.8000, -9.385
24.90, -0.8000, -8.376
24.91, -0.8000, -7.997
24.92, -0.8000, -7.156
24.93, -0.8000, -8.052
24.94, -0.8000, -8.060
24.95, -0.8000, -9.179
24.96, -0.8000, -7.485
24.97, -0.8000, -8.685
24.98, -0.8000, -8.894
24.99, -0.8000, -8.202
25.00, -0.8000, -8.582
25.01, -0.8000, -7.987
25.02, -0.8000, -7.718
25.03, -0.8000, -7.815
25.04, -0.8000, -8.997
25.05, -0.8000, -8.244
25.06, -0.8000, -8.933
25.07, -0.8000, -8.873
25.08, -0.8000, -7.854
25.09, -0.8000, -8.420
25.10, -0.8000, -7.906
25.11, -0.8000, -7.598
25.12, -0.8000, -6.909
25.13, -0.8000, -8.122
25.14, -0.8000, -7.924
25.15, -0.8000, -8.277
25.16, -0.8000, -7.714
25.17, -0.8000, -7.821
25.18, -0.8000, -8.831
25.19, -0.8000, -9.502
25.20, -0.8000, -9.365
25.21, -0.8000, -9.649
25.22, -0.8000, -8.505
25.23, -0.8000, -8.460
25.24, -0.8000, -8.198
25.25, -0.8000, -9.038
25.26, -0.8000, -8.833
25.27, -0.8000, -8.630
25.28, -0.8000, -7.810
25.29, -0.8000, -8.626
25.30, -0.8000, -8.492
25.31, -0.8000, -8.682
25.32, -0.8000, -8.964
25.33, -0.8000, -8.437
25.34, -0.8000, -8.700
25.35, -0.8000, -9.306
25.36, -0.8000, -8.401
25.37, -0.8000, -8.280
25.38, -0.8000, -9.588
25.39, -0.8000, -7.607
25.40, -0.8000, -8.437
25.41, -0.8000, -7.653
25.42, -0.8000, -8.699
25.43, -0.8000, -8.241
25.44, -0.8000, -8.489
25.45, -0.8000, -7.765
25.46, -0.8000, -8.564
25.47, -0.8000, -8.553
25.48, -0.8000, -9.894
25.49, -0.8000, -8.550
25.50, -0.8000, -10.08
25.51, -0.8000, -8.949
25.52, -0.8000, -8.678
25.53, -0.8000, -7.700
25.54, -0.8000, -7.851
25.55, -0.8000, -9.095
25.56, -0.8000, -8.173
25.57, -0.8000, -8.787
25.58, -0.8000, -8.508
25.59, -0.8000, -8.363
25.60, -0.8000, -8.599
25.61, -0.8000, -9.226
25.62, -0.8000, -8.620
25.63, -0.8000, -9.750
25.64, -0.8000, -8.019
25.65, -0.8000, -9.026
25.66, -0.8000, -7.691
25.67, -0.8000, -9.166
25.68, -0.8000, -9.351
25.69, -0.8000, -8.980
25.70, -0.8000, -7.956
25.71, -0.8000, -8.657
25.72, -0.8000, -9.276
25.73, -0.8000, -9.606
25.74, -0.8000, -8.616
25.75, -0.8000, -8.273
25.76, -0.8000, -8.115
25.77, -0.8000, -8.146
25.78, -0.8000, -8.368
25.79, -0.8000, -7.848
25.80, -0.8000, -9.545
25.81, -0.8000, -8.924
25.82, -0.8000, -9.652
25.83, -0.8000, -9.859
25.84, -0.8000, -8.994
25.85, -0.8000, -8.373
25.86, -0.8000, -8.110
25.87, -0.8000, -8.905
25.88, -0.8000, -8.873
25.89, -0.8000, -9.172
25.90, -0.8000, -8.731
25.91, -0.8000, -9.810
25.92, -0.8000, -7.544
25.93, -0.8000, -9.373
25.94, -0.8000, -8.369
25.95, -0.8000, -7.611
25.96, -0.8000, -8.129
25.97, -0.8000, -8.445
25.98, -0.8000, -9.341
25.99, -0.8000, -8.031
26.00, -0.8000, -9.603
26.01, -0.8000, -8.174
26.02, -0.8000, -9.834
26.03, -0.8000, -7.758
26.04, -0.8000, -8.389
26.05, -0.8000, -7.308
26.06, -0.8000, -8.498
26.07, -0.8000, -8.789
26.08, -0.8000, -9.168
26.09, -0.8000, -9.897
26.10, -0.8000, -8.206
26.11, -0.8000, -9.158
26.12, -0.8000, -7.970
26.13, -0.8000, -10.03
26.14, -0.8000, -8.189
26.15, -0.8000, -9.630
26.16, -0.8000, -9.382
26.17, -0.8000, -9.025
26.18, -0.8000, -8.183
26.19, -0.8000, -7.123
26.20, -0.8000, -10.12
26.21, -0.8000, -7.412
26.22, -0.8000, -8.446
26.23, -0.8000, -8.445
26.24, -0.8000, -7.736
26.25, -0.8000, -9.357
26.26, -0.8000, -9.542
26.27, -0.8000, -8.612
26.28, -0.8000, -9.587
26.29, -0.8000, -8.291
26.30, -0.8000, -9.582
26.31, -0.8000, -8.205
26.32, -0.8000, -8.213
26.33, -0.8000, -8.893
26.34, -0.8000, -8.775
26.35, -0.8000, -9.314
26.36, -0.8000, -9.471
26.37, -0.8000, -8.647
26.38, -0.8000, -7.435
26.39, -0.8000, -9.006
26.40, -0.8000, -10.10
26.41, -0.8000, -8.668
26.42, -0.8000, -8.725
26.43, -0.8000, -7.813
26.44, -0.8000, -8.315
26.45, -0.8000, -8.402
26.46, -0.8000, -8.739
26.47, -0.8000, -8.140
26.48, -0.8000, -9.795
26.49, -0.8000, -7.520
26.50, -0.8000, -9.282
26.51, -0.8000, -8.555
26.52, -0.8000, -7.088
26.53, -0.8000, -9.437
26.54, -0.8000, -8.124
26.55, -0.8000, -8.830
26.56, -0.8000, -7.876
26.57, -0.8000, -8.770
26.58, -0.8000, -8.036
26.59, -0.8000, -8.454
26.60, -0.8000, -9.563
26.61, -0.8000, -8.795
26.62, -0.8000, -8.470
26.63, -0.8000, -8.216
26.64, -0.8000, -8.944
26.65, -0.8000, -7.866
26.66, -0.8000, -9.603
26.67, -0.8000, -8.277
26.68, -0.8000, -8.933
26.69, -0.8000, -7.809
26.70, -0.8000, -8.195
26.71, -0.8000, -7.651
26.72, -0.8000, -7.938
26.73, -0.8000, -8.008
26.74, -0.8000, -9.084
26.75, -0.8000, -8.670
26.76, -0.8000, -9.659
26.77, -0.8000, -8.656
26.78, -0.8000, -9.123
26.79, -0.8000, -8.462
26.80, -0.8000, -8.591
26.81, -0.8000, -7.959
26.82, -0.8000, -9.213
26.83, -0.8000, -6.953
26.84, -0.8000, -8.383
26.85, -0.8000, -8.808
26.86, -0.8000, -8.917
26.87, -0.8000, -9.140
26.88, -0.8000, -10.11
26.89, -0.8000, -9.136
26.90, -0.8000, -8.043
26.91, -0.8000, -8.871
26.92, -0.8000, -8.059
26.93, -0.8000, -9.335
26.94, -0.8000, -8.182
26.95, -0.8000, -8.568
26.96, -0.8000, -9.956
26.97, -0.8000, -9.714
26.98, -0.8000, -9.166
26.99, -0.8000, -8.641
27.00, -0.8000, -8.557
27.01, -0.8000, -8.504
27.02, -0.8000, -8.882
27.03, -0.8000, -8.671
27.04, -0.8000, -8.256
27.05, -0.8000, -8.055
27.06, -0.8000, -9.144
27.07, -0.8000, -9.435
27.08, -0.8000, -9.567
27.09, -0.8000, -9.380
27.10, -0.8000, -7.998
27.11, -0.8000, -8.453
27.12, -0.8000, -10.07
27.13, -0.8000, -7.356
27.14, -0.8000, -8.183
27.15, -0.8000, -8.637
27.16, -0.8000, -8.043
27.17, -0.8000, -8.476
27.18, -0.8000, -7.902
27.19, -0.8000, -8.742
27.20, -0.8000, -8.840
27.21, -0.8000, -9.768
27.22, -0.8000, -8.406
27.23, -0.8000, -9.206
27.24, -0.8000, -8.845
27.25, -0.8000, -8.571
27.26, -0.8000, -9.388
27.27, -0.8000, -9.215
27.28, -0.8000, -8.004
27.29, -0.8000, -9.481
27.30, -0.8000, -7.600
27.31, -0.8000, -9.169
27.32, -0.8000, -8.736
27.33, -0.8000, -8.943
27.34, -0.8000, -8.368
27.35, -0.8000, -8.106
27.36, -0.8000, -9.748
27.37, -0.8000, -7.852
27.38, -0.8000, -8.073
27.39, -0.8000, -8.612
27.40, -0.8000, -8.652
27.41, -0.8000, -7.810
27.42, -0.8000, -8.607
27.43, -0.8000, -7.517
27.44, -0.8000, -7.938
27.45, -0.8000, -8.004
27.46, -0.8000, -8.583
27.47, -0.8000, -8.928
27.48, -0.8000, -9.246
27.49, -0.8000, -8.170
27.50, -0.8000, -8.613
27.51, -0.8000, -7.380
27.52, -0.8000, -8.668
27.53, -0.8000, -8.632
27.54, -0.8000, -7.805
27.55, -0.8000, -8.327
27.56, -0.8000, -8.789
27.57, -0.8000, -8.543
27.58, -0.8000, -8.564
27.59, -0.8000, -8.224
27.60, -0.8000, -7.919
27.61, -0.8000, -7.996
27.62, -0.8000, -8.925
27.63, -0.8000, -9.661
27.64, -0.8000, -8.772
27.65, -0.8000, -8.707
27.66, -0.8000, -9.236
27.67, -0.8000, -9.601
27.68, -0.8000, -8.687
27.69, -0.8000, -8.434
27.70, -0.8000, -9.375
27.71, -0.8000, -7.579
27.72, -0.8000, -9.065
27.73, -0.8000, -8.583
27.74, -0.8000, -10.22
27.75, -0.8000, -8.120
27.76, -0.8000, -8.458
27.77, -0.8000, -8.855
27.78, -0.8000, -7.709
27.79, -0.8000, -8.519
27.80, -0.8000, -7.924
27.81, -0.8000, -8.320
27.82, -0.8000, -7.876
27.83, -0.8000, -9.243
27.84, -0.8000, -7.434
27.85, -0.8000, -8.349
27.86, -0.8000, -7.628
27.87, -0.8000, -8.792
27.88, -0.8000, -7.865
27.89, -0.8000, -7.854
27.90, -0.8000, -9.090
27.91, -0.8000, -8.455
27.92, -0.8000, -9.066
27.93, -0.8000, -7.937
27.94, -0.8000, -9.110
27.95, -0.8000, -8.301
27.96, -0.8000, -8.553
27.97, -0.8000, -7.288
27.98, -0.8000, -8.829
27.99, -0.8000, -7.430
28.00, -0.8000, -9.332
28.01, -0.8000, -7.803
28.02, -0.8000, -7.661
28.03, -0.8000, -8.968
28.04, -0.8000, -8.698
28.05, -0.8000, -7.418
28.06, -0.8000, -8.405
28.07, -0.8000, -8.940
28.08, -0.8000, -9.320
28.09, -0.8000, -8.904
28.10, -0.8000, -8.659
28.11, -0.8000, -8.181
28.12, -0.8000, -8.927
28.13, -0.8000, -8.366
28.14, -0.8000, -8.893
28.15, -0.8000, -8.440
28.16, -0.8000, -7.998
28.17, -0.8000, -9.925
28.18, -0.8000, -7.934
28.19, -0.8000, -8.616
28.20, -0.8000, -8.481
28.21, -0.8000, -7.825
28.22, -0.8000, -9.270
28.23, -0.8000, -8.476
28.24, -0.8000, -8.376
28.25, -0.8000, -6.924
28.26, -0.8000, -7.865
28.27, -0.8000, -8.690
28.28, -0.8000, -8.311
28.29, -0.8000, -7.712
28.30, -0.8000, -8.688
28.31, -0.8000, -8.543
28.32, -0.8000, -8.744
28.33, -0.8000, -8.933
28.34, -0.8000, -7.716
28.35, -0.8000, -9.366
28.36, -0.8000, -7.846
28.37, -0.8000, -9.601
28.38, -0.8000, -8.078
28.39, -0.8000, -9.303
28.40, -0.8000, -9.184
28.41, -0.8000, -7.942
28.42, -0.8000, -9.761
28.43, -0.8000, -8.930
28.44, -0.8000, -8.447
28.45, -0.8000, -9.140
28.46, -0.8000, -8.601
28.47, -0.8000, -8.445
28.48, -0.8000, -8.386
28.49, -0.8000, -7.985
28.50, -0.8000, -8.194
28.51, -0.8000, -8.308
28.52, -0.8000, -9.038
28.53, -0.8000, -8.972
28.54, -0.8000, -8.084
28.55, -0.8000, -8.567
28.56, -0.8000, -9.638
28.57, -0.8000, -7.537
28.58, -0.8000, -8.091
28.59, -0.8000, -8.800
28.60, -0.8000, -9.088
28.61, -0.8000, -7.777
28.62, -0.8000, -7.663
28.63, -0.8000, -8.268
28.64, -0.8000, -8.086
28.65, -0.8000, -8.009
28.66, -0.8000, -8.399
28.67, -0.8000, -8.245
28.68, -0.8000, -8.326
28.69, -0.8000, -7.613
28.70, -0.8000, -8.496
28.71, -0.8000, -7.990
28.72, -0.8000, -8.644
28.73, -0.8000, -7.541
28.74, -0.8000, -8.485
28.75, -0.8000, -8.121
28.76, -0.8000, -7.921
28.77, -0.8000, -8.182
28.78, -0.8000, -8.854
28.79, -0.8000, -8.323
28.80, -0.8000, -8.906
28.81, -0.8000, -7.937
28.82, -0.8000, -7.205
28.83, -0.8000, -7.336
28.84, -0.8000, -9.117
28.85, -0.8000, -6.940
28.86, -0.8000, -7.346
28.87, -0.8000, -7.905
28.88, -0.8000, -7.674
28.89, -0.8000, -8.073
28.90, -0.8000, -8.683
28.91, -0.8000, -9.094
28.92, -0.8000, -8.300
28.93, -0.8000, -9.195
28.94, -0.8000, -7.695
28.95, -0.8000, -9.431
28.96, -0.8000, -8.538
28.97, -0.8000, -8.778
28.98, -0.8000, -9.024
28.99, -0.8000, -7.902
29.00, -0.8000, -7.889
29.01, -0.8000, -7.961
29.02, -0.8000, -9.483
29.03, -0.8000, -9.348
29.04, -0.8000, -9.108
29.05, -0.8000, -8.045
29.06, -0.8000, -8.696
29.07, -0.8000, -7.861
29.08, -0.8000, -7.175
29.09, -0.8000, -9.089
29.10, -0.8000, -7.814
29.11, -0.8000, -7.594
29.12, -0.8000, -9.567
29.13, -0.8000, -8.703
29.14, -0.8000, -8.025
29.15, -0.8000, -8.108
29.16, -0.8000, -8.485
29.17, -0.8000, -7.345
29.18, -0.8000, -7.892
29.19, -0.8000, -8.353
29.20, -0.8000, -7.928
29.21, -0.8000, -7.899
29.22, -0.8000, -9.074
29.23, -0.8000, -8.500
29.24, -0.8000, -8.517
29.25, -0.8000, -8.223
29.26, -0.8000, -8.101
29.27, -0.8000, -8.349
29.28, -0.8000, -9.128
29.29, -0.8000, -7.630
29.30, -0.8000, -9.606
29.31, -0.8000, -8.257
29.32, -0.8000, -7.002
29.33, -0.8000, -7.792
29.34, -0.8000, -9.516
29.35, -0.8000, -10.26
29.36, -0.8000, -8.358
29.37, -0.8000, -8.687
29.38, -0.8000, -7.829
29.39, -0.8000, -8.502
29.40, -0.8000, -8.589
29.41, -0.8000, -8.695
29.42, -0.8000, -7.571
29.43, -0.8000, -8.819
29.44, -0.8000, -9.767
29.45, -0.8000, -10.81
29.46, -0.8000, -8.576
29.47, -0.8000, -8.796
29.48, -0.8000, -8.242
29.49, -0.8000, -9.484
29.50, -0.8000, -7.008
29.51, -0.8000, -7.619
29.52, -0.8000, -7.536
29.53, -0.8000, -7.871
29.54, -0.8000, -9.253
29.55, -0.8000, -8.660
29.56, -0.8000, -8.530
29.57, -0.8000, -7.242
29.58, -0.8000, -9.157
29.59, -0.8000, -8.506
29.60, -0.8000, -9.447
29.61, -0.8000, -8.898
29.62, -0.8000, -8.676
29.63, -0.8000, -8.052
29.64, -0.8000, -9.233
29.65, -0.8000, -8.376
29.66, -0.8000, -9.873
29.67, -0.8000, -7.988
29.68, -0.8000, -7.755
29.69, -0.8000, -7.273
29.70, -0.8000, -7.526
29.71, -0.8000, -8.642
29.72, -0.8000, -8.718
29.73, -0.8000, -8.288
29.74, -0.8000, -8.764
29.75, -0.8000, -8.510
29.76, -0.8000, -8.048
29.77, -0.8000, -8.251
29.78, -0.8000, -8.569
29.79, -0.8000, -9.347
29.80, -0.8000, -8.648
29.81, -0.8000, -8.454
29.82, -0.8000, -8.150
29.83, -0.8000, -7.879
29.84, -0.8000, -8.756
29.85, -0.8000, -8.977
29.86, -0.8000, -7.508
29.87, -0.8000, -8.520
29.88, -0.8000, -9.596
29.89, -0.8000, -9.489
29.90, -0.8000, -8.673
29.91, -0.8000, -8.647
29.92, -0.8000, -7.838
29.93, -0.8000, -8.302
29.94, -0.8000, -8.456
29.95, -0.8000, -8.323
29.96, -0.8000, -7.946
29.97, -0.8000, -8.601
29.98, -0.8000, -8.328
29.99, -0.8000, -9.391
30.00, -0.8000, -8.935
30.01, -0.8000, -8.270
30.02, -0.8000, -7.823
30.03, -0.8000, -9.389
30.04, -0.8000, -7.643
30.05, -0.8000, -7.696
30.06, -0.8000, -7.660
30.07, -0.8000, -7.487
30.08, -0.8000, -8.945
30.09, -0.8000, -8.348
30.10, -0.8000, -7.910
30.11, -0.8000, -8.629
30.12, -0.8000, -9.539
30.13, -0.8000, -6.949
30.14, -0.8000, -7.832
30.15, -0.8000, -8.409
30.16, -0.8000, -9.094
30.17, -0.8000, -7.929
30.18, -0.8000, -8.605
30.19, -0.8000, -7.875
30.20, -0.8000, -8.957
30.21, -0.8000, -7.512
30.22, -0.8000, -7.332
30.23, -0.8000, -7.761
30.24, -0.8000, -8.743
30.25, -0.8000, -8.313
30.26, -0.8000, -7.105
30.27, -0.8000, -8.967
30.28, -0.8000, -7.605
30.29, -0.8000, -9.472
30.30, -0.8000, -8.262
30.31, -0.8000, -8.782
30.32, -0.8000, -9.717
30.33, -0.8000, -8.738
30.34, -0.8000, -8.237
30.35, -0.8000, -8.938
30.36, -0.8000, -9.083
30.37, -0.8000, -8.856
30.38, -0.8000, -7.631
30.39, -0.8000, -9.091
30.40, -0.8000, -8.646
30.41, -0.8000, -8.303
30.42, -0.8000, -8.123
30.43, -0.8000, -8.732
30.44, -0.8000, -8.539
30.45, -0.8000, -9.244
30.46, -0.8000, -8.090
30.47, -0.8000, -7.759
30.48, -0.8000, -9.021
30.49, -0.8000, -9.513
30.50, -0.8000, -6.845
30.51, -0.8000, -8.518
30.52, -0.8000, -8.499
30.53, -0.8000, -8.133
30.54, -0.8000, -7.981
30.55, -0.8000, -8.718
30.56, -0.8000, -6.909
30.57, -0.8000, -8.002
30.58, -0.8000, -8.545
30.59, -0.8000, -8.177
30.60, -0.8000, -8.279
30.61, -0.8000, -6.809
30.62, -0.8000, -7.324
30.63, -0.8000, -7.169
30.64, -0.8000, -9.305
30.65, -0.8000, -8.299
30.66, -0.8000, -8.672
30.67, -0.8000, -7.743
30.68, -0.8000, -8.440
30.69, -0.8000, -7.430
30.70, -0.8000, -7.715
30.71, -0.8000, -8.074
30.72, -0.8000, -9.266
30.73, -0.8000, -7.964
30.74, -0.8000, -8.082
30.75, -0.8000, -9.925
30.76, -0.8000, -9.321
30.77, -0.8000, -8.690
30.78, -0.8000, -9.366
30.79, -0.8000, -7.024
30.80, -0.8000, -9.257
30.81, -0.8000, -8.747
30.82, -0.8000, -9.013
30.83, -0.8000, -8.360
30.84, -0.8000, -8.615
30.85, -0.8000, -8.597
30.86, -0.8000, -9.681
30.87, -0.8000, -8.622
30.88, -0.8000, -8.514
30.89, -0.8000, -8.425
30.90, -0.8000, -8.515
30.91, -0.8000, -8.421
30.92, -0.8000, -8.761
30.93, -0.8000, -7.998
30.94, -0.8000, -8.679
30.95, -0.8000, -8.869
30.96, -0.8000, -7.717
30.97, -0.8000, -8.048
30.98, -0.8000, -7.813
30.99, -0.8000, -8.717
31.00, -0.8000, -7.864
31.01, -0.8000, -8.869
31.02, -0.8000, -7.598
31.03, -0.8000, -8.039
31.04, -0.8000, -7.725
31.05, -0.8000, -9.126
31.06, -0.8000, -8.042
31.07, -0.8000, -8.182
31.08, -0.8000, -7.962
31.09, -0.8000, -7.620
31.10, -0.8000, -7.762
31.11, -0.8000, -8.450
31.12, -0.8000, -8.354
31.13, -0.8000, -7.739
31.14, -0.8000, -8.056
31.15, -0.8000, -8.870
31.16, -0.8000, -8.551
31.17, -0.8000, -9.701
31.18, -0.8000, -8.243
31.19, -0.8000, -8.069
31.20, -0.8000, -8.270
31.21, -0.8000, -8.091
31.22, -0.8000, -7.960
31.23, -0.8000, -8.982
31.24, -0.8000, -9.255
31.25, -0.8000, -8.522
31.26, -0.8000, -8.576
31.27, -0.8000, -9.192
31.28, -0.8000, -6.719
31.29, -0.8000, -9.005
31.30, -0.8000, -10.09
31.31, -0.8000, -9.903
31.32, -0.8000, -8.200
31.33, -0.8000, -8.852
31.34, -0.8000, -8.553
31.35, -0.8000, -8.670
31.36, -0.8000, -9.495
31.37, -0.8000, -8.666
31.38, -0.8000, -7.763
31.39, -0.8000, -8.149
31.40, -0.8000, -8.863
31.41, -0.8000, -9.175
31.42, -0.8000, -8.821
31.43, -0.8000, -8.788
31.44, -0.8000, -8.843
31.45, -0.8000, -8.949
31.46, -0.8000, -8.963
31.47, -0.8000, -9.415
31.48, -0.8000, -8.112
31.49, -0.8000, -10.23
31.50, -0.8000, -6.926
31.51, -0.8000, -9.215
31.52, -0.8000, -8.933
31.53, -0.8000, -9.617
31.54, -0.8000, -8.120
31.55, -0.8000, -9.019
31.56, -0.8000, -8.613
31.57, -0.8000, -8.637
31.58, -0.8000, -7.541
31.59, -0.8000, -8.063
31.60, -0.8000, -7.469
31.61, -0.8000, -9.416
31.62, -0.8000, -8.448
31.63, -0.8000, -8.601
31.64, -0.8000, -7.827
31.65, -0.8000, -9.836
31.66, -0.8000, -8.013
31.67, -0.8000, -9.500
31.68, -0.8000, -8.767
31.69, -0.8000, -8.566
31.70, -0.8000, -8.572
31.71, -0.8000, -8.010
31.72, -0.8000, -8.686
31.73, -0.8000, -8.734
31.74, -0.8000, -9.578
31.75, -0.8000, -9.102
31.76, -0.8000, -8.909
31.77, -0.8000, -9.441
31.78, -0.8000, -8.316
31.79, -0.8000, -7.742
31.80, -0.8000, -8.542
31.81, -0.8000, -8.666
31.82, -0.8000, -8.405
31.83, -0.8000, -8.925
31.84, -0.8000, -8.105
31.85, -0.8000, -7.457
31.86, -0.8000, -9.112
31.87, -0.8000, -9.715
31.88, -0.8000, -8.839
31.89, -0.8000, -8.703
31.90, -0.8000, -7.888
31.91, -0.8000, -8.844
31.92, -0.8000, -8.190
31.93, -0.8000, -7.719
31.94, -0.8000, -8.789
31.95, -0.8000, -8.802
31.96, -0.8000, -6.593
31.97, -0.8000, -7.730
31.98, -0.8000, -7.325
31.99, -0.8000, -7.718
32.00, -0.8000, -7.349
32.01, -0.8000, -8.025
32.02, -0.8000, -7.080
32.03, -0.8000, -8.462
32.04, -0.8000, -7.491
32.05, -0.8000, -8.909
32.06, -0.8000, -8.385
32.07, -0.8000, -7.737
32.08, -0.8000, -8.058
32.09, -0.8000, -8.388
32.10, -0.8000, -9.650
32.11, -0.8000, -9.223
32.12, -0.8000, -7.662
32.13, -0.8000, -9.730
32.14, -0.8000, -8.671
32.15, -0.8000, -8.410
32.16, -0.8000, -8.117
32.17, -0.8000, -9.039
32.18, -0.8000, -8.939
32.19, -0.8000, -9.350
32.20, -0.8000, -8.696
32.21, -0.8000, -8.668
32.22, -0.8000, -8.473
32.23, -0.8000, -7.992
32.24, -0.8000, -8.309
32.25, -0.8000, -8.003
32.26, -0.8000, -8.936
32.27, -0.8000, -8.047
32.28, -0.8000, -8.334
32.29, -0.8000, -8.842
32.30, -0.8000, -9.197
32.31, -0.8000, -7.313
32.32, -0.8000, -7.349
32.33, -0.8000, -8.427
32.34, -0.8000, -6.974
32.35, -0.8000, -6.840
32.36, -0.8000, -7.534
32.37, -0.8000, -7.248
32.38, -0.8000, -8.962
32.39, -0.8000, -8.466
32.40, -0.8000, -9.159
32.41, -0.8000, -8.029
32.42, -0.8000, -8.871
32.43, -0.8000, -8.803
32.44, -0.8000, -8.356
32.45, -0.8000, -8.137
32.46, -0.8000, -8.382
32.47, -0.8000, -7.690
32.48, -0.8000, -8.510
32.49, -0.8000, -9.065
32.50, -0.8000, -8.823
32.51, -0.8000, -7.659
32.52, -0.8000, -8.202
32.53, -0.8000, -8.498
32.54, -0.8000, -9.181
32.55, -0.8000, -9.275
32.56, -0.8000, -8.749
32.57, -0.8000, -7.812
32.58, -0.8000, -9.292
32.59, -0.8000, -9.064
32.60, -0.8000, -8.087
32.61, -0.8000, -8.196
32.62, -0.8000, -8.286
32.63, -0.8000, -8.267
32.64, -0.8000, -8.428
32.65, -0.8000, -8.650
32.66, -0.8000, -8.524
32.67, -0.8000, -8.845
32.68, -0.8000, -9.147
32.69, -0.8000, -7.881
32.70, -0.8000, -8.063
32.71, -0.8000, -9.133
32.72, -0.8000, -9.053
32.73, -0.8000, -8.603
32.74, -0.8000, -8.210
32.75, -0.8000, -7.717
32.76, -0.8000, -8.143
32.77, -0.8000, -8.380
32.78, -0.8000, -8.551
32.79, -0.8000, -7.402
32.80, -0.8000, -8.117
32.81, -0.8000, -8.429
32.82, -0.8000, -8.688
32.83, -0.8000, -7.176
32.84, -0.8000, -8.421
32.85, -0.8000, -8.261
32.86, -0.8000, -7.744
32.87, -0.8000, -7.552
32.88, -0.8000, -8.020
32.89, -0.8000, -8.781
32.90, -0.8000, -7.887
32.91, -0.8000, -8.646
32.92, -0.8000, -10.07
32.93, -0.8000, -8.170
32.94, -0.8000, -7.633
32.95, -0.8000, -8.277
32.96, -0.8000, -9.168
32.97, -0.8000, -8.534
32.98, -0.8000, -8.040
32.99, -0.8000, -8.478
33.00, -0.8000, -8.177
33.01, -0.8000, -8.907
33.02, -0.8000, -7.739
33.03, -0.8000, -7.685
33.04, -0.8000, -7.767
33.05, -0.8000, -7.960
33.06, -0.8000, -7.410
33.07, -0.8000, -8.643
33.08, -0.8000, -7.377
33.09, -0.8000, -8.404
33.10, -0.8000, -7.578
33.11, -0.8000, -8.010
33.12, -0.8000, -8.559
33.13, -0.8000, -7.762
33.14, -0.8000, -8.847
33.15, -0.8000, -7.744
33.16, -0.8000, -7.767
33.17, -0.8000, -7.730
33.18, -0.8000, -6.888
33.19, -0.8000, -7.886
33.20, -0.8000, -7.490
33.21, -0.8000, -9.256
33.22, -0.8000, -7.364
33.23, -0.8000, -6.704
33.24, -0.8000, -8.311
33.25, -0.8000, -8.089
33.26, -0.8000, -8.367
33.27, -0.8000, -8.039
33.28, -0.8000, -8.137
33.29, -0.8000, -8.915
33.30, -0.8000, -7.721
33.31, -0.8000, -8.204
33.32, -0.8000, -8.071
33.33, -0.8000, -8.074
33.34, -0.8000, -8.488
33.35, -0.8000, -8.546
33.36, -0.8000, -7.772
33.37, -0.8000, -8.256
33.38, -0.8000, -7.662
33.39, -0.8000, -9.119
33.40, -0.8000, -8.136
33.41, -0.8000, -6.773
33.42, -0.8000, -9.170
33.43, -0.8000, -7.791
33.44, -0.8000, -7.551
33.45, -0.8000, -9.146
33.46, -0.8000, -8.903
33.47, -0.8000, -7.787
33.48, -0.8000, -9.432
33.49, -0.8000, -8.906
33.50, -0.8000, -8.474
33.51, -0.8000, -8.279
33.52, -0.8000, -9.188
33.53, -0.8000, -8.232
33.54, -0.8000, -9.096
33.55, -0.8000, -10.09
33.56, -0.8000, -7.972
33.57, -0.8000, -8.810
33.58, -0.8000, -7.391
33.59, -0.8000, -8.475
33.60, -0.8000, -8.534
33.61, -0.8000, -7.794
33.62, -0.8000, -7.582
33.63, -0.8000, -9.582
33.64, -0.8000, -7.422
33.65, -0.8000, -8.701
33.66, -0.8000, -7.853
33.67, -0.8000, -8.332
33.68, -0.8000, -9.207
33.69, -0.8000, -8.671
33.70, -0.8000, -8.857
33.71, -0.8000, -7.970
33.72, -0.8000, -8.453
33.73, -0.8000, -8.184
33.74, -0.8000, -8.653
33.75, -0.8000, -7.585
33.76, -0.8000, -7.649
33.77, -0.8000, -7.464
33.78, -0.8000, -9.294
33.79, -0.8000, -8.548
33.80, -0.8000, -7.984
33.81, -0.8000, -7.417
33.82, -0.8000, -8.050
33.83, -0.8000, -8.339
33.84, -0.8000, -9.025
33.85, -0.8000, -8.182
33.86, -0.8000, -8.544
33.87, -0.8000, -7.639
33.88, -0.8000, -9.265
33.89, -0.8000, -7.479
33.90, -0.8000, -6.607
33.91, -0.8000, -8.064
33.92, -0.8000, -8.364
33.93, -0.8000, -7.942
33.94, -0.8000, -8.074
33.95, -0.8000, -8.281
33.96, -0.8000, -8.890
33.97, -0.8000, -7.048
33.98, -0.8000, -8.364
33.99, -0.8000, -8.334
34.00, -0.8000, -8.734
34.01, -0.8000, -8.361
34.02, -0.8000, -8.221
34.03, -0.8000, -7.811
34.04, -0.8000, -9.575
34.05, -0.8000, -8.349
34.06, -0.8000, -9.293
34.07, -0.8000, -8.875
34.08, -0.8000, -7.598
34.09, -0.8000, -8.362
34.10, -0.8000, -9.123
34.11, -0.8000, -7.592
34.12, -0.8000, -9.059
34.13, -0.8000, -8.800
34.14, -0.8000, -8.615
34.15, -0.8000, -8.176
34.16, -0.8000, -10.23
34.17, -0.8000, -8.576
34.18, -0.8000, -7.405
34.19, -0.8000, -8.382
34.20, -0.8000, -8.559
34.21, -0.8000, -8.530
34.22, -0.8000, -7.898
34.23, -0.8000, -8.323
34.24, -0.8000, -7.999
34.25, -0.8000, -9.041
34.26, -0.8000, -7.989
34.27, -0.8000, -8.858
34.28, -0.8000, -8.904
34.29, -0.8000, -8.159
34.30, -0.8000, -8.123
34.31, -0.8000, -8.274
34.32, -0.8000, -8.825
34.33, -0.8000, -8.194
34.34, -0.8000, -7.694
34.35, -0.8000, -8.102
34.36, -0.8000, -7.877
34.37, -0.8000, -8.027
34.38, -0.8000, -8.258
34.39, -0.8000, -9.673
34.40, -0.8000, -7.334
34.41, -0.8000, -6.901
34.42, -0.8000, -7.938
34.43, -0.8000, -9.180
34.44, -0.8000, -6.966
34.45, -0.8000, -8.672
34.46, -0.8000, -8.343
34.47, -0.8000, -10.58
34.48, -0.8000, -8.161
34.49, -0.8000, -8.337
34.50, -0.8000, -8.945
34.51, -0.8000, -7.900
34.52, -0.8000, -8.136
34.53, -0.8000, -8.980
34.54, -0.8000, -7.583
34.55, -0.8000, -8.867
34.56, -0.8000, -7.807
34.57, -0.8000, -8.041
34.58, -0.8000, -7.988
34.59, -0.8000, -8.274
34.60, -0.8000, -8.057
34.61, -0.8000, -9.217
34.62, -0.8000, -7.716
34.63, -0.8000, -8.814
34.64, -0.8000, -7.640
34.65, -0.8000, -9.777
34.66, -0.8000, -7.905
34.67, -0.8000, -7.651
34.68, -0.8000, -6.580
34.69, -0.8000, -8.498
34.70, -0.8000, -8.532
34.71, -0.8000, -8.324
34.72, -0.8000, -8.779
34.73, -0.8000, -7.937
34.74, -0.8000, -8.417
34.75, -0.8000, -8.516
34.76, -0.8000, -8.335
34.77, -0.8000, -7.081
34.78, -0.8000, -8.696
34.79, -0.8000, -8.408
34.80, -0.8000, -8.254
34.81, -0.8000, -8.113
34.82, -0.8000, -7.668
34.83, -0.8000, -8.182
34.84, -0.8000, -7.944
34.85, -0.8000, -7.902
34.86, -0.8000, -8.839
34.87, -0.8000, -7.050
34.88, -0.8000, -8.392
34.89, -0.8000, -7.583
34.90, -0.8000, -7.809
34.91, -0.8000, -8.547
34.92, -0.8000, -8.449
34.93, -0.8000, -8.204
34.94, -0.8000, -7.833
34.95, -0.8000, -7.258
34.96, -0.8000, -8.932
34.97, -0.8000, -8.750
34.98, -0.8000, -9.249
34.99, -0.8000, -9.017
35.00, -0.8000, -8.477
35.01, -0.8000, -9.153
35.02, -0.8000, -8.219
35.03, -0.8000, -9.407
35.04, -0.8000, -8.630
35.05, -0.8000, -8.141
35.06, -0.8000, -8.285
35.07, -0.8000, -8.634
35.08, -0.8000, -7.371
35.09, -0.8000, -6.382
35.10, -0.8000, -7.611
35.11, -0.8000, -9.268
35.12, -0.8000, -8.643
35.13, -0.8000, -7.443
35.14, -0.8000, -8.369
35.15, -0.8000, -8.066
35.16, -0.8000, -8.495
35.17, -0.8000, -9.033
35.18, -0.8000, -9.365
35.19, -0.8000, -9.149
35.20, -0.8000, -8.758
35.21, -0.8000, -8.558
35.22, -0.8000, -8.969
35.23, -0.8000, -7.821
35.24, -0.8000, -7.761
35.25, -0.8000, -7.999
35.26, -0.8000, -7.718
35.27, -0.8000, -7.875
35.28, -0.8000, -7.629
35.29, -0.8000, -7.787
35.30, -0.8000, -7.559
35.31, -0.8000, -9.233
35.32, -0.8000, -8.012
35.33, -0.8000, -8.418
35.34, -0.8000, -7.145
35.35, -0.8000, -8.618
35.36, -0.8000, -8.019
35.37, -0.8000, -9.183
35.38, -0.8000, -7.375
35.39, -0.8000, -8.664
35.40, -0.8000, -7.743
35.41, -0.8000, -7.165
35.42, -0.8000, -8.426
35.43, -0.8000, -8.523
35.44, -0.8000, -7.953
35.45, -0.8000, -8.044
35.46, -0.8000, -8.483
35.47, -0.8000, -8.503
35.48, -0.8000, -7.662
35.49, -0.8000, -8.561
35.50, -0.8000, -8.180
35.51, -0.8000, -7.681
35.52, -0.8000, -7.977
35.53, -0.8000, -7.927
35.54, -0.8000, -7.936
35.55, -0.8000, -7.947
35.56, -0.8000, -8.457
35.57, -0.8000, -8.177
35.58, -0.8000, -8.869
35.59, -0.8000, -9.046
35.60, -0.8000, -9.481
35.61, -0.8000, -7.715
35.62, -0.8000, -9.239
35.63, -0.8000, -8.234
35.64, -0.8000, -8.648
35.65, -0.8000, -8.015
35.66, -0.8000, -8.027
35.67, -0.8000, -9.043
35.68, -0.8000, -8.241
35.69, -0.8000, -8.094
35.70, -0.8000, -9.304
35.71, -0.8000, -7.690
35.72, -0.8000, -8.512
35.73, -0.8000, -7.799
35.74, -0.8000, -8.632
35.75, -0.8000, -9.393
35.76, -0.8000, -8.397
35.77, -0.8000, -7.772
35.78, -0.8000, -6.777
35.79, -0.8000, -7.701
35.80, -0.8000, -8.921
35.81, -0.8000, -7.732
35.82, -0.8000, -8.499
35.83, -0.8000, -6.913
35.84, -0.8000, -8.727
35.85, -0.8000, -8.100
35.86, -0.8000, -8.802
35.87, -0.8000, -7.112
35.88, -0.8000, -7.933
35.89, -0.8000, -9.125
35.90, -0.8000, -7.292
35.91, -0.8000, -8.629
35.92, -0.8000, -6.984
35.93, -0.8000, -7.997
35.94, -0.8000, -7.193
35.95, -0.8000, -8.774
35.96, -0.8000, -8.545
35.97, -0.8000, -8.800
35.98, -0.8000, -7.953
35.99, -0.8000, -7.294
36.00, -0.8000, -7.030
36.01, -0.8000, -8.598
36.02, -0.8000, -8.326
36.03, -0.8000, -7.909
36.04, -0.8000, -7.756
36.05, -0.8000, -8.200
36.06, -0.8000, -7.748
36.07, -0.8000, -8.511
36.08, -0.8000, -8.956
36.09, -0.8000, -8.686
36.10, -0.8000, -8.614
36.11, -0.8000, -7.712
36.12, -0.8000, -8.435
36.13, -0.8000, -8.729
36.14, -0.8000, -8.413
36.15, -0.8000, -9.078
36.16, -0.8000, -7.972
36.17, -0.8000, -8.123
36.18, -0.8000, -8.124
36.19, -0.8000, -7.900
36.20, -0.8000, -6.491
36.21, -0.8000, -6.986
36.22, -0.8000, -7.515
36.23, -0.8000, -7.759
36.24, -0.8000, -8.512
36.25, -0.8000, -9.337
36.26, -0.8000, -9.357
36.27, -0.8000, -8.208
36.28, -0.8000, -7.724
36.29, -0.8000, -8.758
36.30, -0.8000, -8.272
36.31, -0.8000, -8.244
36.32, -0.8000, -8.598
36.33, -0.8000, -7.632
36.34, -0.8000, -7.631
36.35, -0.8000, -9.115
36.36, -0.8000, -8.876
36.37, -0.8000, -8.092
36.38, -0.8000, -8.092
36.39, -0.8000, -7.410
36.40, -0.8000, -7.780
36.41, -0.8000, -9.010
36.42, -0.8000, -7.911
36.43, -0.8000, -7.290
36.44, -0.8000, -8.144
36.45, -0.8000, -7.624
36.46, -0.8000, -7.972
36.47, -0.8000, -6.988
36.48, -0.8000, -7.824
36.49, -0.8000, -9.208
36.50, -0.8000, -7.139
36.51, -0.8000, -7.486
36.52, -0.8000, -7.164
36.53, -0.8000, -8.067
36.54, -0.8000, -7.530
36.55, -0.8000, -8.434
36.56, -0.8000, -7.975
36.57, -0.8000, -7.309
36.58, -0.8000, -9.089
36.59, -0.8000, -7.941
36.60, -0.8000, -7.976
36.61, -0.8000, -7.829
36.62, -0.8000, -7.938
36.63, -0.8000, -8.229
36.64, -0.8000, -8.807
36.65, -0.8000, -7.756
36.66, -0.8000, -8.581
36.67, -0.8000, -7.982
36.68, -0.8000, -9.106
36.69, -0.8000, -7.248
36.70, -0.8000, -7.847
36.71, -0.8000, -7.762
36.72, -0.8000, -7.795
36.73, -0.8000, -7.028
36.74, -0.8000, -8.406
36.75, -0.8000, -8.905
36.76, -0.8000, -9.322
36.77, -0.8000, -8.288
36.78, -0.8000, -9.435
36.79, -0.8000, -7.359
36.80, -0.8000, -8.464
36.81, -0.8000, -7.627
36.82, -0.8000, -7.431
36.83, -0.8000, -8.092
36.84, -0.8000, -8.885
36.85, -0.8000, -8.870
36.86, -0.8000, -9.710
36.87, -0.8000, -8.286
36.88, -0.8000, -9.015
36.89, -0.8000, -9.378
36.90, -0.8000, -9.292
36.91, -0.8000, -8.827
36.92, -0.8000, -8.478
36.93, -0.8000, -9.302
36.94, -0.8000, -9.136
36.95, -0.8000, -7.747
36.96, -0.8000, -9.182
36.97, -0.8000, -8.590
36.98, -0.8000, -8.526
36.99, -0.8000, -8.482
37.00, -0.8000, -7.818
37.01, -0.8000, -7.745
37.02, -0.8000, -8.770
37.03, -0.8000, -7.725
37.04, -0.8000, -8.434
37.05, -0.8000, -7.627
37.06, -0.8000, -8.279
37.07, -0.8000, -7.924
37.08, -0.8000, -8.270
37.09, -0.8000, -7.147
37.10, -0.8000, -7.664
37.11, -0.8000, -8.141
37.12, -0.8000, -7.803
37.13, -0.8000, -8.444
37.14, -0.8000, -7.760
37.15, -0.8000, -9.269
37.16, -0.8000, -7.612
37.17, -0.8000, -9.264
37.18, -0.8000, -8.555
37.19, -0.8000, -8.954
37.20, -0.8000, -8.245
37.21, -0.8000, -8.527
37.22, -0.8000, -7.273
37.23, -0.8000, -8.097
37.24, -0.8000, -9.548
37.25, -0.8000, -9.162
37.26, -0.8000, -7.666
37.27, -0.8000, -7.891
37.28, -0.8000, -8.347
37.29, -0.8000, -8.073
37.30, -0.8000, -7.941
37.31, -0.8000, -8.596
37.32, -0.8000, -7.951
37.33, -0.8000, -8.742
37.34, -0.8000, -7.864
37.35, -0.8000, -9.169
37.36, -0.8000, -8.416
37.37, -0.8000, -9.574
37.38, -0.8000, -8.340
37.39, -0.8000, -9.326
37.40, -0.8000, -8.363
37.41, -0.8000, -8.834
37.42, -0.8000, -8.129
37.43, -0.8000, -8.264
37.44, -0.8000, -7.796
37.45, -0.8000, -7.440
37.46, -0.8000, -7.335
37.47, -0.8000, -7.917
37.48, -0.8000, -8.632
37.49, -0.8000, -8.102
37.50, -0.8000, -9.124
37.51, -0.8000, -7.552
37.52, -0.8000, -8.141
37.53, -0.8000, -7.517
37.54, -0.8000, -8.772
37.55, -0.8000, -7.801
37.56, -0.8000, -9.246
37.57, -0.8000, -7.392
37.58, -0.8000, -7.243
37.59, -0.8000, -8.105
37.60, -0.8000, -8.014
37.61, -0.8000, -8.752
37.62, -0.8000, -8.077
37.63, -0.8000, -7.580
37.64, -0.8000, -6.272
37.65, -0.8000, -9.468
37.66, -0.8000, -7.149
37.67, -0.8000, -7.944
37.68, -0.8000, -9.217
37.69, -0.8000, -8.992
37.70, -0.8000, -6.594
37.71, -0.8000, -9.083
37.72, -0.8000, -8.615
37.73, -0.8000, -8.752
37.74, -0.8000, -7.854
37.75, -0.8000, -6.130
37.76, -0.8000, -7.269
37.77, -0.8000, -7.979
37.78, -0.8000, -8.283
37.79, -0.8000, -8.976
37.80, -0.8000, -7.590
37.81, -0.8000, -8.758
37.82, -0.8000, -9.309
37.83, -0.8000, -8.160
37.84, -0.8000, -8.228
37.85, -0.8000, -7.847
37.86, -0.8000, -6.891
37.87, -0.8000, -8.657
37.88, -0.8000, -7.459
37.89, -0.8000, -7.988
37.90, -0.8000, -7.013
37.91, -0.8000, -9.242
37.92, -0.8000, -8.088
37.93, -0.8000, -8.526
37.94, -0.8000, -7.490
37.95, -0.8000, -10.08
37.96, -0.8000, -7.833
37.97, -0.8000, -8.169
37.98, -0.8000, -8.107
37.99, -0.8000, -9.747
38.00, -0.8000, -7.746
38.01, -0.8000, -9.135
38.02, -0.8000, -8.308
38.03, -0.8000, -8.037
38.04, -0.8000, -8.758
38.05, -0.8000, -8.970
38.06, -0.8000, -8.724
38.07, -0.8000, -7.585
38.08, -0.8000, -7.669
38.09, -0.8000, -8.467
38.10, -0.8000, -9.744
38.11, -0.8000, -8.243
38.12, -0.8000, -7.823
38.13, -0.8000, -7.701
38.14, -0.8000, -8.390
38.15, -0.8000, -8.310
38.16, -0.8000, -7.812
38.17, -0.8000, -7.789
38.18, -0.8000, -7.226
38.19, -0.8000, -8.881
38.20, -0.8000, -9.055
38.21, -0.8000, -7.895
38.22, -0.8000, -9.130
38.23, -0.8000, -7.508
38.24, -0.8000, -7.947
38.25, -0.8000, -8.091
38.26, -0.8000, -9.245
38.27, -0.8000, -7.260
38.28, -0.8000, -7.801
38.29, -0.8000, -8.171
38.30, -0.8000, -8.892
38.31, -0.8000, -7.856
38.32, -0.8000, -8.048
38.33, -0.8000, -7.787
38.34, -0.8000, -8.433
38.35, -0.8000, -8.454
38.36, -0.8000, -8.083
38.37, -0.8000, -8.422
38.38, -0.8000, -8.756
38.39, -0.8000, -7.866
38.40, -0.8000, -9.176
38.41, -0.8000, -7.529
38.42, -0.8000, -8.627
38.43, -0.8000, -6.648
38.44, -0.8000, -7.546
38.45, -0.8000, -8.459
38.46, -0.8000, -7.340
38.47, -0.8000, -9.430
38.48, -0.8000, -8.741
38.49, -0.8000, -8.077
38.50, -0.8000, -8.969
38.51, -0.8000, -9.265
38.52, -0.8000, -7.500
38.53, -0.8000, -7.877
38.54, -0.8000, -9.006
38.55, -0.8000, -7.985
38.56, -0.8000, -7.269
38.57, -0.8000, -7.444
38.58, -0.8000, -8.238
38.59, -0.8000, -8.241
38.60, -0.8000, -8.919
38.61, -0.8000, -8.933
38.62, -0.8000, -8.262
38.63, -0.8000, -9.539
38.64, -0.8000, -7.961
38.65, -0.8000, -8.197
38.66, -0.8000, -7.363
38.67, -0.8000, -8.592
38.68, -0.8000, -8.187
38.69, -0.8000, -8.255
38.70, -0.8000, -6.849
38.71, -0.8000, -7.210
38.72, -0.8000, -6.843
38.73, -0.8000, -7.472
38.74, -0.8000, -8.977
38.75, -0.8000, -8.085
38.76, -0.8000, -9.057
38.77, -0.8000, -7.935
38.78, -0.8000, -8.245
38.79, -0.8000, -6.736
38.80, -0.8000, -8.479
38.81, -0.8000, -7.593
38.82, -0.8000, -8.746
38.83, -0.8000, -8.736
38.84, -0.8000, -8.432
38.85, -0.8000, -7.685
38.86, -0.8000, -7.792
38.87, -0.8000, -8.788
38.88, -0.8000, -8.988
38.89, -0.8000, -7.895
38.90, -0.8000, -8.425
38.91, -0.8000, -7.674
38.92, -0.8000, -9.057
38.93, -0.8000, -8.437
38.94, -0.8000, -7.258
38.95, -0.8000, -9.211
38.96, -0.8000, -7.557
38.97, -0.8000, -8.642
38.98, -0.8000, -8.229
38.99, -0.8000, -7.883
39.00, -0.8000, -9.015
39.01, -0.8000, -8.338
39.02, -0.8000, -7.213
39.03, -0.8000, -7.917
39.04, -0.8000, -7.610
39.05, -0.8000, -8.064
39.06, -0.8000, -8.634
39.07, -0.8000, -8.114
39.08, -0.8000, -7.315
39.09, -0.8000, -8.615
39.10, -0.8000, -8.737
39.11, -0.8000, -7.872
39.12, -0.8000, -7.682
39.13, -0.8000, -8.465
39.14, -0.8000, -7.945
39.15, -0.8000, -7.725
39.16, -0.8000, -8.662
39.17, -0.8000, -8.639
39.18, -0.8000, -7.523
39.19, -0.8000, -7.056
39.20, -0.8000, -7.541
39.21, -0.8000, -9.067
39.22, -0.8000, -7.173
39.23, -0.8000, -9.111
39.24, -0.8000, -8.860
39.25, -0.8000, -7.960
39.26, -0.8000, -8.820
39.27, -0.8000, -8.765
39.28, -0.8000, -7.976
39.29, -0.8000, -9.068
39.30, -0.8000, -7.634
39.31, -0.8000, -9.103
39.32, -0.8000, -8.503
39.33, -0.8000, -8.755
39.34, -0.8000, -8.414
39.35, -0.8000, -9.872
39.36, -0.8000, -8.233
39.37, -0.8000, -8.940
39.38, -0.8000, -7.857
39.39, -0.8000, -7.763
39.40, -0.8000, -8.090
39.41, -0.8000, -8.333
39.42, -0.8000, -8.619
39.43, -0.8000, -8.956
39.44, -0.8000, -8.973
39.45, -0.8000, -7.570
39.46, -0.8000, -7.938
39.47, -0.8000, -9.055
39.48, -0.8000, -7.868
39.49, -0.8000, -8.145
39.50, -0.8000, -7.358
39.51, -0.8000, -8.202
39.52, -0.8000, -6.644
39.53, -0.8000, -9.035
39.54, -0.8000, -7.423
39.55, -0.8000, -8.851
39.56, -0.8000, -7.217
39.57, -0.8000, -8.632
39.58, -0.8000, -8.472
39.59, -0.8000, -6.686
39.60, -0.8000, -8.310
39.61, -0.8000, -8.963
39.62, -0.8000, -8.526
39.63, -0.8000, -8.254
39.64, -0.8000, -7.643
39.65, -0.8000, -7.878
39.66, -0.8000, -8.794
39.67, -0.8000, -7.271
39.68, -0.8000, -8.802
39.69, -0.8000, -6.525
39.70, -0.8000, -9.314
39.71, -0.8000, -9.211
39.72, -0.8000, -9.035
39.73, -0.8000, -7.349
39.74, -0.8000, -8.708
39.75, -0.8000, -7.953
39.76, -0.8000, -7.685
39.77, -0.8000, -6.895
39.78, -0.8000, -6.710
39.79, -0.8000, -8.643
39.80, -0.8000, -7.727
39.81, -0.8000, -7.448
39.82, -0.8000, -6.668
39.83, -0.8000, -7.203
39.84, -0.8000, -7.365
39.85, -0.8000, -7.942
39.86, -0.8000, -7.898
39.87, -0.8000, -7.380
39.88, -0.8000, -8.409
39.89, -0.8000, -8.642
39.90, -0.8000, -8.928
39.91, -0.8000, -8.018
39.92, -0.8000, -8.392
39.93, -0.8000, -7.643
39.94, -0.8000, -7.989
39.95, -0.8000, -8.246
39.96, -0.8000, -9.208
39.97, -0.8000, -8.930
39.98, -0.8000, -8.413
39.99, -0.8000, -7.753
40.00, -0.8000, -6.781
40.01, -0.8000, -8.149
40.02, -0.8000, -8.583
40.03, -0.8000, -7.500
40.04, -0.8000, -7.206
40.05, -0.8000, -6.913
40.06, -0.8000, -7.301
40.07, -0.8000, -6.612
40.08, -0.8000, -8.923
40.09, -0.8000, -9.299
40.10, -0.8000, -8.830
40.11, -0.8000, -8.462
40.12, -0.8000, -8.748
40.13, -0.8000, -7.810
40.14, -0.8000, -7.239
40.15, -0.8000, -9.134
40.16, -0.8000, -8.448
40.17, -0.8000, -7.650
40.18, -0.8000, -8.177
40.19, -0.8000, -6.681
40.20, -0.8000, -8.476
40.21, -0.8000, -9.212
40.22, -0.8000, -8.825
40.23, -0.8000, -8.745
40.24, -0.8000, -9.148
40.25, -0.8000, -7.826
40.26, -0.8000, -8.105
40.27, -0.8000, -7.793
40.28, -0.8000, -8.059
40.29, -0.8000, -7.483
40.30, -0.8000, -6.881
40.31, -0.8000, -7.760
40.32, -0.8000, -7.372
40.33, -0.8000, -8.495
40.34, -0.8000, -8.873
40.35, -0.8000, -9.468
40.36, -0.8000, -8.642
40.37, -0.8000, -10.52
40.38, -0.8000, -9.047
40.39, -0.8000, -8.249
40.40, -0.8000, -8.727
40.41, -0.8000, -8.818
40.42, -0.8000, -8.202
40.43, -0.8000, -7.634
40.44, -0.8000, -8.475
40.45, -0.8000, -7.186
40.46, -0.8000, -8.881
40.47, -0.8000, -7.448
40.48, -0.8000, -6.403
40.49, -0.8000, -9.004
40.50, -0.8000, -9.650
40.51, -0.8000, -9.205
40.52, -0.8000, -10.25
40.53, -0.8000, -8.011
40.54, -0.8000, -7.795
40.55, -0.8000, -7.119
40.56, -0.8000, -6.486
40.57, -0.8000, -5.550
40.58, -0.8000, -8.692
40.59, -0.8000, -7.808
40.60, -0.8000, -7.857
40.61, -0.8000, -8.601
40.62, -0.8000, -9.122
40.63, -0.8000, -8.151
40.64, -0.8000, -8.533
40.65, -0.8000, -8.641
40.66, -0.8000, -8.091
40.67, -0.8000, -7.603
40.68, -0.8000, -7.844
40.69, -0.8000, -6.628
40.70, -0.8000, -8.157
40.71, -0.8000, -7.918
40.72, -0.8000, -7.305
40.73, -0.8000, -8.116
40.74, -0.8000, -9.227
40.75, -0.8000, -8.434
40.76, -0.8000, -9.958
40.77, -0.8000, -8.038
40.78, -0.8000, -9.444
40.79, -0.8000, -8.549
40.80, -0.8000, -8.716
40.81, -0.8000, -8.248
40.82, -0.8000, -9.116
40.83, -0.8000, -7.169
40.84, -0.8000, -8.098
40.85, -0.8000, -8.053
40.86, -0.8000, -7.598
40.87, -0.8000, -7.785
40.88, -0.8000, -8.355
40.89, -0.8000, -9.454
40.90, -0.8000, -7.491
40.91, -0.8000, -9.425
40.92, -0.8000, -7.753
40.93, -0.8000, -8.003
40.94, -0.8000, -8.464
40.95, -0.8000, -9.955
40.96, -0.8000, -6.559
40.97, -0.8000, -6.937
40.98, -0.8000, -8.545
40.99, -0.8000, -6.963
41.00, -0.8000, -7.597
41.01, -0.8000, -7.348
41.02, -0.8000, -9.194
41.03, -0.8000, -8.530
41.04, -0.8000, -8.577
41.05, -0.8000, -7.960
41.06, -0.8000, -8.656
41.07, -0.8000, -7.345
41.08, -0.8000, -7.490
41.09, -0.8000, -7.289
41.10, -0.8000, -8.762
41.11, -0.8000, -7.385
41.12, -0.8000, -9.073
41.13, -0.8000, -7.295
41.14, -0.8000, -7.502
41.15, -0.8000, -7.711
41.16, -0.8000, -8.787
41.17, -0.8000, -7.770
41.18, -0.8000, -7.889
41.19, -0.8000, -8.103
41.20, -0.8000, -8.449
41.21, -0.8000, -8.947
41.22, -0.8000, -8.439
41.23, -0.8000, -8.493
41.24, -0.8000, -8.646
41.25, -0.8000, -7.450
41.26, -0.8000, -9.069
41.27, -0.8000, -8.424
41.28, -0.8000, -7.622
41.29, -0.8000, -7.801
41.30, -0.8000, -9.011
41.31, -0.8000, -7.823
41.32, -0.8000, -8.318
41.33, -0.8000, -8.549
41.34, -0.8000, -9.048
41.35, -0.8000, -8.088
41.36, -0.8000, -8.723
41.37, -0.8000, -6.803
41.38, -0.8000, -9.593
41.39, -0.8000, -7.151
41.40, -0.8000, -8.771
41.41, -0.8000, -8.723
41.42, -0.8000, -8.151
41.43, -0.8000, -8.524
41.44, -0.8000, -8.685
41.45, -0.8000, -9.136
41.46, -0.8000, -7.647
41.47, -0.8000, -7.026
41.48, -0.8000, -8.658
41.49, -0.8000, -7.918
41.50, -0.8000, -7.624
41.51, -0.8000, -8.828
41.52, -0.8000, -7.927
41.53, -0.8000, -8.899
41.54, -0.8000, -9.038
41.55, -0.8000, -6.345
41.56, -0.8000, -7.510
41.57, -0.8000, -9.018
41.58, -0.8000, -8.113
41.59, -0.8000, -6.887
41.60, -0.8000, -7.770
41.61, -0.8000, -8.379
41.62, -0.8000, -7.367
41.63, -0.8000, -8.094
41.64, -0.8000, -8.058
41.65, -0.8000, -8.006
41.66, -0.8000, -7.023
41.67, -0.8000, -7.124
41.68, -0.8000, -7.200
41.69, -0.8000, -10.11
41.70, -0.8000, -8.158
41.71, -0.8000, -8.990
41.72, -0.8000, -7.777
41.73, -0.8000, -8.037
41.74, -0.8000, -9.030
41.75, -0.8000, -8.045
41.76, -0.8000, -8.299
41.77, -0.8000, -8.461
41.78, -0.8000, -8.156
41.79, -0.8000, -8.205
41.80, -0.8000, -8.151
41.81, -0.8000, -7.841
41.82, -0.8000, -7.755
41.83, -0.8000, -7.655
41.84, -0.8000, -8.947
41.85, -0.8000, -7.650
41.86, -0.8000, -7.541
41.87, -0.8000, -7.432
41.88, -0.8000, -6.345
41.89, -0.8000, -8.525
41.90, -0.8000, -6.823
41.91, -0.8000, -7.586
41.92, -0.8000, -8.444
41.93, -0.8000, -7.695
41.94, -0.8000, -7.893
41.95, -0.8000, -8.558
41.96, -0.8000, -7.437
41.97, -0.8000, -7.698
41.98, -0.8000, -8.282
41.99, -0.8000, -7.082
42.00, -0.8000, -8.142
42.01, -0.8000, -7.092
42.02, -0.8000, -9.279
42.03, -0.8000, -7.147
42.04, -0.8000, -7.422
42.05, -0.8000, -7.582
42.06, -0.8000, -8.568
42.07, -0.8000, -7.693
42.08, -0.8000, -8.207
42.09, -0.8000, -6.334
42.10, -0.8000, -8.791
42.11, -0.8000, -6.963
42.12, -0.8000, -9.100
42.13, -0.8000, -7.897
42.14, -0.8000, -8.409
42.15, -0.8000, -7.558
42.16, -0.8000, -9.160
42.17, -0.8000, -8.157
42.18, -0.8000, -8.304
42.19, -0.8000, -7.756
42.20, -0.8000, -7.527
42.21, -0.8000, -8.425
42.22, -0.8000, -7.936
42.23, -0.8000, -7.197
42.24, -0.8000, -7.665
42.25, -0.8000, -9.259
42.26, -0.8000, -7.853
42.27, -0.8000, -9.044
42.28, -0.8000, -8.496
42.29, -0.8000, -8.845
42.30, -0.8000, -7.787
42.31, -0.8000, -9.583
42.32, -0.8000, -7.400
42.33, -0.8000, -8.702
42.34, -0.8000, -8.864
42.35, -0.8000, -9.177
42.36, -0.8000, -9.186
42.37, -0.8000, -8.385
42.38, -0.8000, -5.957
42.39, -0.8000, -7.291
42.40, -0.8000, -8.086
42.41, -0.8000, -6.593
42.42, -0.8000, -7.237
42.43, -0.8000, -6.835
42.44, -0.8000, -8.804
42.45, -0.8000, -6.980
42.46, -0.8000, -9.544
42.47, -0.8000, -7.340
42.48, -0.8000, -8.313
42.49, -0.8000, -6.838
42.50, -0.8000, -9.325
42.51, -0.8000, -7.080
42.52, -0.8000, -9.385
42.53, -0.8000, -7.691
42.54, -0.8000, -8.345
42.55, -0.8000, -8.732
42.56, -0.8000, -8.235
42.57, -0.8000, -6.767
42.58, -0.8000, -8.579
42.59, -0.8000, -8.807
42.60, -0.8000, -9.134
42.61, -0.8000, -8.159
42.62, -0.8000, -7.782
42.63, -0.8000, -6.848
42.64, -0.8000, -6.620
42.65, -0.8000, -7.657
42.66, -0.8000, -7.237
42.67, -0.8000, -7.838
42.68, -0.8000, -7.414
42.69, -0.8000, -8.915
42.70, -0.8000, -8.930
42.71, -0.8000, -8.731
42.72, -0.8000, -8.618
42.73, -0.8000, -6.971
42.74, -0.8000, -7.633
42.75, -0.8000, -6.935
42.76, -0.8000, -7.463
42.77, -0.8000, -7.094
42.78, -0.8000, -8.789
42.79, -0.8000, -9.429
42.80, -0.8000, -8.280
42.81, -0.8000, -8.925
42.82, -0.8000, -7.540
42.83, -0.8000, -7.742
42.84, -0.8000, -7.838
42.85, -0.8000, -6.687
42.86, -0.8000, -7.332
42.87, -0.8000, -8.798
42.88, -0.8000, -8.737
42.89, -0.8000, -8.527
42.90, -0.8000, -7.150
42.91, -0.8000, -7.429
42.92, -0.8000, -8.792
42.93, -0.8000, -6.921
42.94, -0.8000, -7.413
42.95, -0.8000, -8.125
42.96, -0.8000, -8.170
42.97, -0.8000, -8.484
42.98, -0.8000, -9.343
42.99, -0.8000, -7.951
43.00, -0.8000, -8.368
43.01, -0.8000, -8.333
43.02, -0.8000, -8.636
43.03, -0.8000, -7.373
43.04, -0.8000, -8.077
43.05, -0.8000, -8.258
43.06, -0.8000, -8.179
43.07, -0.8000, -8.725
43.08, -0.8000, -8.564
43.09, -0.8000, -6.467
43.10, -0.8000, -7.828
43.11, -0.8000, -9.642
43.12, -0.8000, -6.985
43.13, -0.8000, -7.268
43.14, -0.8000, -8.281
43.15, -0.8000, -8.236
43.16, -0.8000, -9.192
43.17, -0.8000, -8.813
43.18, -0.8000, -8.103
43.19, -0.8000, -7.383
43.20, -0.8000, -6.340
43.21, -0.8000, -9.631
43.22, -0.8000, -8.749
43.23, -0.8000, -7.418
43.24, -0.8000, -7.396
43.25, -0.8000, -7.968
43.26, -0.8000, -9.162
43.27, -0.8000, -9.089
43.28, -0.8000, -8.536
43.29, -0.8000, -6.925
43.30, -0.8000, -8.334
43.31, -0.8000, -8.975
43.32, -0.8000, -7.710
43.33, -0.8000, -6.889
43.34, -0.8000, -7.606
43.35, -0.8000, -9.170
43.36, -0.8000, -6.964
43.37, -0.8000, -8.159
43.38, -0.8000, -7.309
43.39, -0.8000, -7.284
43.40, -0.8000, -8.145
43.41, -0.8000, -7.194
43.42, -0.8000, -8.782
43.43, -0.8000, -6.886
43.44, -0.8000, -7.521
43.45, -0.8000, -6.848
43.46, -0.8000, -6.601
43.47, -0.8000, -7.554
43.48, -0.8000, -9.093
43.49, -0.8000, -7.502
43.50, -0.8000, -7.608
43.51, -0.8000, -6.456
43.52, -0.8000, -6.832
43.53, -0.8000, -7.997
43.54, -0.8000, -8.354
43.55, -0.8000, -8.371
43.56, -0.8000, -7.977
43.57, -0.8000, -7.949
43.58, -0.8000, -8.394
43.59, -0.8000, -7.656
43.60, -0.8000, -7.364
43.61, -0.8000, -7.846
43.62, -0.8000, -7.713
43.63, -0.8000, -8.485
43.64, -0.8000, -9.021
43.65, -0.8000, -8.629
43.66, -0.8000, -7.836
43.67, -0.8000, -8.120
43.68, -0.8000, -7.353
43.69, -0.8000, -8.166
43.70, -0.8000, -6.336
43.71, -0.8000, -6.961
43.72, -0.8000, -6.881
43.73, -0.8000, -8.900
43.74, -0.8000, -8.294
43.75, -0.8000, -8.811
43.76, -0.8000, -7.660
43.77, -0.8000, -9.171
43.78, -0.8000, -8.582
43.79, -0.8000, -9.059
43.80, -0.8000, -8.447
43.81, -0.8000, -8.628
43.82, -0.8000, -6.615
43.83, -0.8000, -7.040
43.84, -0.8000, -7.636
43.85, -0.8000, -6.849
43.86, -0.8000, -8.312
43.87, -0.8000, -7.296
43.88, -0.8000, -7.409
43.89, -0.8000, -8.428
43.90, -0.8000, -8.133
43.91, -0.8000, -8.154
43.92, -0.8000, -8.014
43.93, -0.8000, -7.655
43.94, -0.8000, -8.813
43.95, -0.8000, -9.586
43.96, -0.8000, -7.915
43.97, -0.8000, -8.520
43.98, -0.8000, -7.912
43.99, -0.8000, -6.515
44.00, -0.8000, -7.387
44.01, -0.8000, -7.598
44.02, -0.8000, -7.618
44.03, -0.8000, -8.523
44.04, -0.8000, -8.115
44.05, -0.8000, -7.659
44.06, -0.8000, -6.836
44.07, -0.8000, -7.117
44.08, -0.8000, -8.417
44.09, -0.8000, -9.701
44.10, -0.8000, -8.684
44.11, -0.8000, -9.701
44.12, -0.8000, -8.687
44.13, -0.8000, -7.935
44.14, -0.8000, -7.658
44.15, -0.8000, -9.350
44.16, -0.8000, -7.832
44.17, -0.8000, -8.223
44.18, -0.8000, -7.160
44.19, -0.8000, -8.349
44.20, -0.8000, -7.005
44.21, -0.8000, -8.628
44.22, -0.8000, -7.517
44.23, -0.8000, -7.321
44.24, -0.8000, -9.206
44.25, -0.8000, -8.384
44.26, -0.8000, -6.770
44.27, -0.8000, -7.473
44.28, -0.8000, -8.211
44.29, -0.8000, -8.463
44.30, -0.8000, -8.047
44.31, -0.8000, -7.188
44.32, -0.8000, -8.463
44.33, -0.8000, -7.794
44.34, -0.8000, -7.277
44.35, -0.8000, -8.067
44.36, -0.8000, -7.792
44.37, -0.8000, -6.309
44.38, -0.8000, -8.700
44.39, -0.8000, -7.514
44.40, -0.8000, -7.505
44.41, -0.8000, -7.295
44.42, -0.8000, -8.064
44.43, -0.8000, -6.498
44.44, -0.8000, -8.199
44.45, -0.8000, -7.028
44.46, -0.8000, -8.456
44.47, -0.8000, -6.533
44.48, -0.8000, -8.059
44.49, -0.8000, -8.406
44.50, -0.8000, -7.121
44.51, -0.8000, -8.128
44.52, -0.8000, -8.964
44.53, -0.8000, -7.507
44.54, -0.8000, -7.886
44.55, -0.8000, -6.905
44.56, -0.8000, -8.537
44.57, -0.8000, -8.915
44.58, -0.8000, -9.210
44.59, -0.8000, -7.068
44.60, -0.8000, -8.211
44.61, -0.8000, -7.985
44.62, -0.8000, -8.455
44.63, -0.8000, -8.116
44.64, -0.8000, -9.228
44.65, -0.8000, -8.172
44.66, -0.8000, -7.919
44.67, -0.8000, -7.954
44.68, -0.8000, -8.176
44.69, -0.8000, -7.609
44.70, -0.8000, -8.682
44.71, -0.8000, -8.204
44.72, -0.8000, -8.731
44.73, -0.8000, -7.453
44.74, -0.8000, -9.636
44.75, -0.8000, -8.891
44.76, -0.8000, -8.748
44.77, -0.8000, -8.801
44.78, -0.8000, -8.443
44.79, -0.8000, -7.726
44.80, -0.8000, -8.158
44.81, -0.8000, -6.725
44.82, -0.8000, -9.129
44.83, -0.8000, -9.040
44.84, -0.8000, -6.959
44.85, -0.8000, -8.744
44.86, -0.8000, -8.221
44.87, -0.8000, -7.381
44.88, -0.8000, -7.383
44.89, -0.8000, -8.443
44.90, -0.8000, -7.874
44.91, -0.8000, -8.682
44.92, -0.8000, -8.269
44.93, -0.8000, -7.821
44.94, -0.8000, -6.891
44.95, -0.8000, -7.832
44.96, -0.8000, -7.076
44.97, -0.8000, -7.695
44.98, -0.8000, -7.082
44.99, -0.8000, -8.251
45.00, 0.000, -7.092
45.01, 0.001000, 18.74
45.02, 0.002000, 11.94
45.03, 0.003000, 6.269
45.04, 0.004000, 4.555
45.05, 0.005000, 5.273
45.06, 0.006000, 2.983
45.07, 0.007000, 3.775
45.08, 0.008000, 2.950
45.09, 0.009000, 2.810
45.10, 0.01000, -0.1012
45.11, 0.01100, 1.584
45.12, 0.01200, 0.2788
45.13, 0.01300, 0.7835
45.14, 0.01400, 0.5828
45.15, 0.01500, -1.032
45.16, 0.01600, -0.6691
45.17, 0.01700, -2.153
45.18, 0.01800, -2.257
45.19, 0.01900, -2.087
45.20, 0.02000, -1.982
45.21, 0.02100, -0.9428
45.22, 0.02200, -3.068
45.23, 0.02300, -1.254
45.24, 0.02400, -0.6281
45.25, 0.02500, -0.2123
45.26, 0.02600, -0.5053
45.27, 0.02700, -2.425
45.28, 0.02800, 0.1453
45.29, 0.02900, -2.769
45.30, 0.03000, -0.9694
45.31, 0.03100, -2.325
45.32, 0.03200, -1.206
45.33, 0.03300, -3.044
45.34, 0.03400, -2.321
45.35, 0.03500, -2.371
45.36, 0.03600, -3.389
45.37, 0.03700, -3.810
45.38, 0.03800, -3.364
45.39, 0.03900, -3.534
45.40, 0.04000, -3.307
45.41, 0.04100, -3.504
45.42, 0.04200, -2.660
45.43, 0.04300, -2.775
45.44, 0.04400, -3.463
45.45, 0.04500, -3.014
45.46, 0.04600, -1.377
45.47, 0.04700, -3.213
45.48, 0.04800, -3.273
45.49, 0.04900, -3.294
45.50, 0.05000, -4.132
45.51, 0.05100, -4.346
45.52, 0.05200, -3.219
45.53, 0.05300, -2.601
45.54, 0.05400, -5.396
45.55, 0.05500, -2.575
45.56, 0.05600, -5.031
45.57, 0.05700, -2.898
45.58, 0.05800, -4.188
45.59, 0.05900, -2.271
45.60, 0.06000, -3.921
45.61, 0.06100, -3.080
45.62, 0.06200, -4.479
45.63, 0.06300, -4.182
45.64, 0.06400, -3.809
45.65, 0.06500, -3.448
45.66, 0.06600, -3.783
45.67, 0.06700, -4.761
45.68, 0.06800, -4.226
45.69, 0.06900, -2.839
45.70, 0.07000, -2.411
45.71, 0.07100, -5.189
45.72, 0.07200, -3.411
45.73, 0.07300, -4.881
45.74, 0.07400, -1.641
45.75, 0.07500, -3.901
45.76, 0.07600, -4.051
45.77, 0.07700, -3.348
45.78, 0.07800, -3.227
45.79, 0.07900, -4.845
45.80, 0.08000, -4.430
45.81, 0.08100, -4.714
45.82, 0.08200, -2.982
45.83, 0.08300, -3.649
45.84, 0.08400, -4.100
45.85, 0.08500, -4.416
45.86, 0.08600, -3.941
45.87, 0.08700, -2.360
45.88, 0.08800, -3.888
45.89, 0.08900, -4.984
45.90, 0.09000, -2.684
45.91, 0.09100, -3.351
45.92, 0.09200, -2.834
45.93, 0.09300, -2.907
45.94, 0.09400, -3.511
45.95, 0.09500, -1.689
45.96, 0.09600, -4.389
45.97, 0.09700, -3.082
45.98, 0.09800, -3.024
45.99, 0.09900, -3.687
46.00, 0.1000, -3.941
46.01, 0.1010, -2.214
46.02, 0.1020, -3.018
46.03, 0.1030, -3.494
46.04, 0.1040, -4.994
46.05, 0.1050, -3.162
46.06, 0.1060, -5.615
46.07, 0.1070, -3.155
46.08, 0.1080, -2.940
46.09, 0.1090, -3.870
46.10, 0.1100, -3.469
46.11, 0.1110, -4.196
46.12, 0.1120, -3.374
46.13, 0.1130, -3.647
46.14, 0.1140, -2.906
46.15, 0.1150, -4.302
46.16, 0.1160, -1.779
46.17, 0.1170, -3.871
46.18, 0.1180, -3.342
46.19, 0.1190, -3.729
46.20, 0.1200, -2.588
46.21, 0.1210, -3.766
46.22, 0.1220, -3.410
46.23, 0.1230, -2.575
46.24, 0.1240, -2.060
46.25, 0.1250, -4.002
46.26, 0.1260, -4.617
46.27, 0.1270, -3.585
46.28, 0.1280, -3.802
46.29, 0.1290, -4.926
46.30, 0.1300, -2.649
46.31, 0.1310, -3.175
46.32, 0.1320, -3.111
46.33, 0.1330, -4.605
46.34, 0.1340, -2.206
46.35, 0.1350, -3.838
46.36, 0.1360, -3.269
46.37, 0.1370, -4.772
46.38, 0.1380, -2.663
46.39, 0.1390, -2.859
46.40, 0.1400, -5.166
46.41, 0.1410, -2.776
46.42, 0.1420, -2.061
46.43, 0.1430, -5.405
46.44, 0.1440, -3.700
46.45, 0.1450, -4.545
46.46, 0.1460, -2.268
46.47, 0.1470, -4.847
46.48, 0.1480, -5.486
46.49, 0.1490, -5.067
46.50, 0.1500, -2.506
46.51, 0.1510, -2.384
46.52, 0.1520, -3.896
46.53, 0.1530, -2.885
46.54, 0.1540, -4.013
46.55, 0.1550, -3.543
46.56, 0.1560, -2.995
46.57, 0.1570, -3.071
46.58, 0.1580, -3.182
46.59, 0.1590, -3.203
46.60, 0.1600, -3.904
46.61, 0.1610, -2.438
46.62, 0.1620, -3.902
46.63, 0.1630, -2.688
46.64, 0.1640, -3.112
46.65, 0.1650, -3.178
46.66, 0.1660, -4.252
46.67, 0.1670, -4.067
46.68, 0.1680, -3.862
46.69, 0.1690, -3.844
46.70, 0.1700, -4.208
46.71, 0.1710, -3.977
46.72, 0.1720, -4.127
46.73, 0.1730, -4.329
46.74, 0.1740, -5.147
46.75, 0.1750, -3.500
46.76, 0.1760, -5.104
46.77, 0.1770, -4.167
46.78, 0.1780, -3.322
46.79, 0.1790, -2.718
46.80, 0.1800, -3.255
46.81, 0.1810, -3.448
46.82, 0.1820, -3.084
46.83, 0.1830, -4.059
46.84, 0.1840, -2.786
46.85, 0.1850, -3.226
46.86, 0.1860, -2.769
46.87, 0.1870, -4.673
46.88, 0.1880, -4.428
46.89, 0.1890, -4.757
46.90, 0.1900, -3.739
46.91, 0.1910, -4.385
46.92, 0.1920, -4.083
46.93, 0.1930, -4.405
46.94, 0.1940, -4.563
46.95, 0.1950, -4.247
46.96, 0.1960, -4.142
46.97, 0.1970, -4.981
46.98, 0.1980, -3.781
46.99, 0.1990, -3.693
47.00, 0.2000, -3.073
47.01, 0.2010, -1.659
47.02, 0.2020, -5.676
47.03, 0.2030, -5.142
47.04, 0.2040, -4.324
47.05, 0.2050, -3.794
47.06, 0.2060, -4.932
47.07, 0.2070, -2.994
47.08, 0.2080, -4.477
47.09, 0.2090, -4.226
47.10, 0.2100, -3.978
47.11, 0.2110, -3.283
47.12, 0.2120, -3.853
47.13, 0.2130, -3.979
47.14, 0.2140, -4.277
47.15, 0.2150, -4.870
47.16, 0.2160, -3.495
47.17, 0.2170, -5.646
47.18, 0.2180, -3.924
47.19, 0.2190, -3.411
47.20, 0.2200, -3.714
47.21, 0.2210, -4.628
47.22, 0.2220, -2.546
47.23, 0.2230, -4.397
47.24, 0.2240, -2.708
47.25, 0.2250, -3.910
47.26, 0.2260, -4.208
47.27, 0.2270, -4.207
47.28, 0.2280, -3.585
47.29, 0.2290, -3.750
47.30, 0.2300, -3.169
47.31, 0.2310, -3.877
47.32, 0.2320, -2.848
47.33, 0.2330, -2.115
47.34, 0.2340, -2.079
47.35, 0.2350, -4.206
47.36, 0.2360, -4.165
47.37, 0.2370, -4.112
47.38, 0.2380, -4.517
47.39, 0.2390, -2.728
47.40, 0.2400, -4.328
47.41, 0.2410, -4.386
47.42, 0.2420, -2.661
47.43, 0.2430, -4.646
47.44, 0.2440, -2.723
47.45, 0.2450, -2.508
47.46, 0.2460, -2.981
47.47, 0.2470, -2.869
47.48, 0.2480, -3.156
47.49, 0.2490, -3.633
47.50, 0.2500, -3.281
47.51, 0.2510, -4.565
47.52, 0.2520, -2.467
47.53, 0.2530, -2.925
47.54, 0.2540, -3.673
47.55, 0.2550, -4.618
47.56, 0.2560, -3.522
47.57, 0.2570, -4.338
47.58, 0.2580, -3.688
47.59, 0.2590, -3.466
47.60, 0.2600, -2.369
47.61, 0.2610, -2.602
47.62, 0.2620, -3.007
47.63, 0.2630, -4.464
47.64, 0.2640, -3.429
47.65, 0.2650, -3.593
47.66, 0.2660, -2.410
47.67, 0.2670, -4.106
47.68, 0.2680, -3.186
47.69, 0.2690, -4.288
47.70, 0.2700, -3.176
47.71, 0.2710, -2.562
47.72, 0.2720, -3.262
47.73, 0.2730, -2.396
47.74, 0.2740, -2.717
47.75, 0.2750, -2.841
47.76, 0.2760, -4.005
47.77, 0.2770, -5.162
47.78, 0.2780, -2.630
47.79, 0.2790, -2.385
47.80, 0.2800, -2.523
47.81, 0.2810, -2.364
47.82, 0.2820, -3.016
47.83, 0.2830, -3.657
47.84, 0.2840, -3.774
47.85, 0.2850, -4.623
47.86, 0.2860, -4.869
47.87, 0.2870, -1.630
47.88, 0.2880, -4.012
47.89, 0.2890, -4.811
47.90, 0.2900, -4.323
47.91, 0.2910, -3.968
47.92, 0.2920, -2.984
47.93, 0.2930, -3.608
47.94, 0.2940, -4.356
47.95, 0.2950, -3.280
47.96, 0.2960, -4.798
47.97, 0.2970, -3.686
47.98, 0.2980, -5.265
47.99, 0.2990, -3.292
48.00, 0.3000, -5.891
48.01, 0.3010, -3.605
48.02, 0.3020, -4.874
48.03, 0.3030, -4.382
48.04, 0.3040, -4.280
48.05, 0.3050, -4.223
48.06, 0.3060, -4.008
48.07, 0.3070, -2.424
48.08, 0.3080, -4.493
48.09, 0.3090, -2.685
48.10, 0.3100, -4.487
48.11, 0.3110, -4.186
48.12, 0.3120, -3.434
48.13, 0.3130, -3.453
48.14, 0.3140, -4.362
48.15, 0.3150, -3.956
48.16, 0.3160, -4.270
48.17, 0.3170, -2.849
48.18, 0.3180, -3.186
48.19, 0.3190, -1.632
48.20, 0.3200, -2.614
48.21, 0.3210, -4.294
48.22, 0.3220, -2.182
48.23, 0.3230, -3.444
48.24, 0.3240, -3.195
48.25, 0.3250, -4.551
48.26, 0.3260, -2.860
48.27, 0.3270, -5.086
48.28, 0.3280, -3.094
48.29, 0.3290, -2.813
48.30, 0.3300, -3.493
48.31, 0.3310, -5.584
48.32, 0.3320, -3.963
48.33, 0.3330, -5.293
48.34, 0.3340, -2.095
48.35, 0.3350, -2.930
48.36, 0.3360, -3.927
48.37, 0.3370, -4.117
48.38, 0.3380, -3.308
48.39, 0.3390, -4.219
48.40, 0.3400, -3.481
48.41, 0.3410, -4.139
48.42, 0.3420, -3.529
48.43, 0.3430, -3.822
48.44, 0.3440, -4.078
48.45, 0.3450, -4.455
48.46, 0.3460, -4.118
48.47, 0.3470, -4.960
48.48, 0.3480, -3.692
48.49, 0.3490, -3.264
48.50, 0.3500, -3.640
48.51, 0.3510, -2.709
48.52, 0.3520, -4.010
48.53, 0.3530, -2.851
48.54, 0.3540, -3.328
48.55, 0.3550, -4.507
48.56, 0.3560, -3.600
48.57, 0.3570, -3.653
48.58, 0.3580, -4.430
48.59, 0.3590, -4.749
48.60, 0.3600, -4.205
48.61, 0.3610, -2.886
48.62, 0.3620, -4.441
48.63, 0.3630, -4.334
48.64, 0.3640, -4.673
48.65, 0.3650, -1.783
48.66, 0.3660, -4.495
48.67, 0.3670, -2.645
48.68, 0.3680, -4.513
48.69, 0.3690, -4.110
48.70, 0.3700, -4.000
48.71, 0.3710, -3.217
48.72, 0.3720, -3.682
48.73, 0.3730, -3.724
48.74, 0.3740, -5.215
48.75, 0.3750, -3.001
48.76, 0.3760, -3.594
48.77, 0.3770, -4.780
48.78, 0.3780, -2.574
48.79, 0.3790, -4.644
48.80, 0.3800, -1.792
48.81, 0.3810, -5.000
48.82, 0.3820, -3.334
48.83, 0.3830, -3.714
48.84, 0.3840, -4.189
48.85, 0.3850, -4.588
48.86, 0.3860, -3.629
48.87, 0.3870, -4.951
48.88, 0.3880, -4.676
48.89, 0.3890, -5.804
48.90, 0.3900, -4.478
48.91, 0.3910, -4.642
48.92, 0.3920, -3.824
48.93, 0.3930, -5.074
48.94, 0.3940, -2.294
48.95, 0.3950, -5.249
48.96, 0.3960, -3.539
48.97, 0.3970, -2.855
48.98, 0.3980, -4.780
48.99, 0.3990, -2.853
49.00, 0.4000, -3.526
49.01, 0.4010, -3.503
49.02, 0.4020, -2.731
49.03, 0.4030, -4.665
49.04, 0.4040, -3.779
49.05, 0.4050, -3.773
49.06, 0.4060, -3.982
49.07, 0.4070, -5.205
49.08, 0.4080, -3.996
49.09, 0.4090, -3.542
49.10, 0.4100, -3.807
49.11, 0.4110, -2.909
49.12, 0.4120, -4.247
49.13, 0.4130, -3.978
49.14, 0.4140, -4.228
49.15, 0.4150, -2.365
49.16, 0.4160, -3.036
49.17, 0.4170, -2.422
49.18, 0.4180, -3.467
49.19, 0.4190, -3.561
49.20, 0.4200, -3.992
49.21, 0.4210, -3.769
49.22, 0.4220, -5.297
49.23, 0.4230, -2.778
49.24, 0.4240, -5.107
49.25, 0.4250, -4.999
49.26, 0.4260, -3.607
49.27, 0.4270, -3.849
49.28, 0.4280, -4.474
49.29, 0.4290, -4.332
49.30, 0.4300, -3.567
49.31, 0.4310, -2.444
49.32, 0.4320, -3.027
49.33, 0.4330, -3.680
49.34, 0.4340, -4.375
49.35, 0.4350, -2.769
49.36, 0.4360, -3.487
49.37, 0.4370, -2.965
49.38, 0.4380, -4.246
49.39, 0.4390, -3.096
49.40, 0.4400, -3.280
49.41, 0.4410, -3.791
49.42, 0.4420, -5.180
49.43, 0.4430, -4.246
49.44, 0.4440, -2.067
49.45, 0.4450, -4.606
49.46, 0.4460, -2.800
49.47, 0.4470, -4.463
49.48, 0.4480, -5.083
49.49, 0.4490, -2.551
49.50, 0.4500, -3.948
49.51, 0.4510, -2.419
49.52, 0.4520, -2.706
49.53, 0.4530, -4.224
49.54, 0.4540, -1.731
49.55, 0.4550, -4.524
49.56, 0.4560, -3.066
49.57, 0.4570, -4.705
49.58, 0.4580, -4.637
49.59, 0.4590, -2.902
49.60, 0.4600, -3.113
49.61, 0.4610, -3.647
49.62, 0.4620, -2.926
49.63, 0.4630, -4.101
49.64, 0.4640, -4.325
49.65, 0.4650, -4.372
49.66, 0.4660, -4.574
49.67, 0.4670, -3.195
49.68, 0.4680, -4.547
49.69, 0.4690, -4.733
49.70, 0.4700, -4.205
49.71, 0.4710, -4.482
49.72, 0.4720, -4.113
49.73, 0.4730, -3.218
49.74, 0.4740, -3.457
49.75, 0.4750, -3.838
49.76, 0.4760, -2.326
49.77, 0.4770, -2.970
49.78, 0.4780, -5.222
49.79, 0.4790, -4.871
49.80, 0.4800, -5.095
49.81, 0.4810, -5.184
49.82, 0.4820, -3.294
49.83, 0.4830, -3.535
49.84, 0.4840, -4.539
49.85, 0.4850, -3.684
49.86, 0.4860, -4.507
49.87, 0.4870, -2.646
49.88, 0.4880, -5.312
49.89, 0.4890, -3.232
49.90, 0.4900, -2.344
49.91, 0.4910, -4.292
49.92, 0.4920, -4.475
49.93, 0.4930, -4.366
49.94, 0.4940, -4.524
49.95, 0.4950, -3.934
49.96, 0.4960, -4.922
49.97, 0.4970, -3.700
49.98, 0.4980, -4.745
49.99, 0.4990, -3.422
50.00, 0.5000, -5.481
50.01, 0.5010, -2.959
50.02, 0.5020, -5.229
50.03, 0.5030, -4.149
50.04, 0.5040, -5.027
50.05, 0.5050, -4.467
50.06, 0.5060, -4.645
50.07, 0.5070, -4.137
50.08, 0.5080, -5.658
50.09, 0.5090, -3.887
50.10, 0.5100, -3.362
50.11, 0.5110, -4.669
50.12, 0.5120, -3.608
50.13, 0.5130, -4.292
50.14, 0.5140, -2.871
50.15, 0.5150, -2.564
50.16, 0.5160, -2.532
50.17, 0.5170, -2.497
50.18, 0.5180, -3.612
50.19, 0.5190, -4.395
50.20, 0.5200, -4.261
50.21, 0.5210, -3.923
50.22, 0.5220, -3.667
50.23, 0.5230, -3.083
50.24, 0.5240, -3.025
50.25, 0.5250, -3.989
50.26, 0.5260, -3.025
50.27, 0.5270, -3.979
50.28, 0.5280, -3.521
50.29, 0.5290, -3.727
50.30, 0.5300, -3.550
50.31, 0.5310, -3.345
50.32, 0.5320, -4.036
50.33, 0.5330, -4.585
50.34, 0.5340, -3.829
50.35, 0.5350, -3.666
50.36, 0.5360, -4.045
50.37, 0.5370, -4.466
50.38, 0.5380, -2.343
50.39, 0.5390, -4.150
50.40, 0.5400, -2.603
50.41, 0.5410, -4.537
50.42, 0.5420, -4.050
50.43, 0.5430, -4.257
50.44, 0.5440, -3.574
50.45, 0.5450, -3.493
50.46, 0.5460, -2.702
50.47, 0.5470, -2.466
50.48, 0.5480, -3.839
50.49, 0.5490, -4.559
50.50, 0.5500, -2.812
50.51, 0.5510, -4.384
50.52, 0.5520, -2.892
50.53, 0.5530, -3.742
50.54, 0.5540, -2.655
50.55, 0.5550, -2.392
50.56, 0.5560, -2.392
50.57, 0.5570, -5.424
50.58, 0.5580, -4.765
50.59, 0.5590, -5.110
50.60, 0.5600, -4.250
50.61, 0.5610, -2.419
50.62, 0.5620, -4.767
50.63, 0.5630, -3.538
50.64, 0.5640, -4.818
50.65, 0.5650, -4.459
50.66, 0.5660, -2.954
50.67, 0.5670, -4.761
50.68, 0.5680, -5.755
50.69, 0.5690, -2.947
50.70, 0.5700, -2.237
50.71, 0.5710, -3.493
50.72, 0.5720, -3.557
50.73, 0.5730, -3.590
50.74, 0.5740, -4.279
50.75, 0.5750, -3.212
50.76, 0.5760, -2.970
50.77, 0.5770, -2.646
50.78, 0.5780, -2.595
50.79, 0.5790, -3.809
50.80, 0.5800, -4.438
50.81, 0.5810, -3.406
50.82, 0.5820, -5.015
50.83, 0.5830, -4.546
50.84, 0.5840, -3.378
50.85, 0.5850, -1.374
50.86, 0.5860, -3.757
50.87, 0.5870, -2.436
50.88, 0.5880, -2.929
50.89, 0.5890, -4.490
50.90, 0.5900, -3.215
50.91, 0.5910, -3.686
50.92, 0.5920, -4.388
50.93, 0.5930, -4.500
50.94, 0.5940, -2.795
50.95, 0.5950, -3.737
50.96, 0.5960, -3.912
50.97, 0.5970, -2.343
50.98, 0.5980, -4.075
50.99, 0.5990, -4.474
51.00, 0.6000, -4.483
51.01, 0.6010, -2.539
51.02, 0.6020, -3.905
51.03, 0.6030, -4.902
51.04, 0.6040, -4.821
51.05, 0.6050, -3.432
51.06, 0.6060, -3.571
51.07, 0.6070, -4.421
51.08, 0.6080, -4.171
51.09, 0.6090, -3.349
51.10, 0.6100, -4.652
51.11, 0.6110, -3.120
51.12, 0.6120, -4.162
51.13, 0.6130, -4.184
51.14, 0.6140, -2.949
51.15, 0.6150, -2.559
51.16, 0.6160, -3.386
51.17, 0.6170, -1.814
51.18, 0.6180, -4.246
51.19, 0.6190, -4.388
51.20, 0.6200, -4.113
51.21, 0.6210, -2.451
51.22, 0.6220, -4.496
51.23, 0.6230, -2.728
51.24, 0.6240, -3.863
51.25, 0.6250, -3.145
51.26, 0.6260, -4.133
51.27, 0.6270, -3.700
51.28, 0.6280, -4.501
51.29, 0.6290, -2.044
51.30, 0.6300, -5.030
51.31, 0.6310, -3.740
51.32, 0.6320, -3.496
51.33, 0.6330, -2.246
51.34, 0.6340, -2.846
51.35, 0.6350, -2.972
51.36, 0.6360, -2.999
51.37, 0.6370, -3.828
51.38, 0.6380, -3.783
51.39, 0.6390, -4.320
51.40, 0.6400, -3.320
51.41, 0.6410, -4.229
51.42, 0.6420, -4.075
51.43, 0.6430, -3.255
51.44, 0.6440, -3.354
51.45, 0.6450, -4.321
51.46, 0.6460, -3.669
51.47, 0.6470, -4.214
51.48, 0.6480, -3.082
51.49, 0.6490, -3.006
51.50, 0.6500, -4.809
51.51, 0.6510, -4.360
51.52, 0.6520, -4.348
51.53, 0.6530, -4.853
51.54, 0.6540, -4.447
51.55, 0.6550, -4.580
51.56, 0.6560, -5.351
51.57, 0.6570, -3.491
51.58, 0.6580, -4.514
51.59, 0.6590, -4.294
51.60, 0.6600, -4.596
51.61, 0.6610, -3.022
51.62, 0.6620, -4.114
51.63, 0.6630, -3.337
51.64, 0.6640, -4.791
51.65, 0.6650, -3.700
51.66, 0.6660, -4.144
51.67, 0.6670, -4.615
51.68, 0.6680, -4.631
51.69, 0.6690, -4.581
51.70, 0.6700, -4.389
51.71, 0.6710, -4.067
51.72, 0.6720, -4.686
51.73, 0.6730, -3.680
51.74, 0.6740, -5.474
51.75, 0.6750, -4.175
51.76, 0.6760, -4.782
51.77, 0.6770, -4.426
51.78, 0.6780, -4.036
51.79, 0.6790, -3.494
51.80, 0.6800, -5.285
51.81, 0.6810, -2.662
51.82, 0.6820, -3.229
51.83, 0.6830, -2.083
51.84, 0.6840, -5.047
51.85, 0.6850, -1.957
51.86, 0.6860, -5.327
51.87, 0.6870, -3.231
51.88, 0.6880, -3.667
51.89, 0.6890, -2.723
51.90, 0.6900, -3.826
51.91, 0.6910, -4.038
51.92, 0.6920, -4.767
51.93, 0.6930, -3.230
51.94, 0.6940, -5.073
51.95, 0.6950, -3.041
51.96, 0.6960, -4.105
51.97, 0.6970, -4.581
51.98, 0.6980, -3.217
51.99, 0.6990, -3.064
52.00, 0.7000, -3.378
52.01, 0.7010, -4.469
52.02, 0.7020, -2.716
52.03, 0.7030, -2.737
52.04, 0.7040, -2.872
52.05, 0.7050, -4.205
52.06, 0.7060, -2.391
52.07, 0.7070, -3.437
52.08, 0.7080, -3.446
52.09, 0.7090, -4.028
52.10, 0.7100, -3.166
52.11, 0.7110, -3.430
52.12, 0.7120, -3.367
52.13, 0.7130, -4.040
52.14, 0.7140, -4.491
52.15, 0.7150, -2.642
52.16, 0.7160, -1.130
52.17, 0.7170, -4.613
52.18, 0.7180, -2.350
52.19, 0.7190, -3.638
52.20, 0.7200, -2.208
52.21, 0.7210, -3.333
52.22, 0.7220, -5.246
52.23, 0.7230, -3.882
52.24, 0.7240, -3.021
52.25, 0.7250, -2.856
52.26, 0.7260, -4.036
52.27, 0.7270, -3.837
52.28, 0.7280, -2.634
52.29, 0.7290, -4.853
52.30, 0.7300, -1.563
52.31, 0.7310, -2.956
52.32, 0.7320, -5.433
52.33, 0.7330, -4.201
52.34, 0.7340, -3.145
52.35, 0.7350, -3.863
52.36, 0.7360, -2.910
52.37, 0.7370, -3.257
52.38, 0.7380, -3.548
52.39, 0.7390, -3.499
52.40, 0.7400, -3.748
52.41, 0.7410, -3.247
52.42, 0.7420, -3.278
52.43, 0.7430, -3.871
52.44, 0.7440, -1.853
52.45, 0.7450, -2.032
52.46, 0.7460, -3.356
52.47, 0.7470, -3.724
52.48, 0.7480, -2.885
52.49, 0.7490, -3.595
52.50, 0.7500, -2.031
52.51, 0.7510, -4.334
52.52, 0.7520, -4.532
52.53, 0.7530, -4.478
52.54, 0.7540, -2.788
52.55, 0.7550, -2.425
52.56, 0.7560, -3.556
52.57, 0.7570, -4.097
52.58, 0.7580, -3.969
52.59, 0.7590, -5.374
52.60, 0.7600, -3.475
52.61, 0.7610, -4.551
52.62, 0.7620, -2.828
52.63, 0.7630, -3.894
52.64, 0.7640, -2.180
52.65, 0.7650, -3.195
52.66, 0.7660, -4.515
52.67, 0.7670, -2.872
52.68, 0.7680, -4.510
52.69, 0.7690, -1.795
52.70, 0.7700, -2.963
52.71, 0.7710, -2.646
52.72, 0.7720, -4.645
52.73, 0.7730, -3.199
52.74, 0.7740, -4.208
52.75, 0.7750, -3.648
52.76, 0.7760, -3.000
52.77, 0.7770, -3.390
52.78, 0.7780, -4.158
52.79, 0.7790, -4.128
52.80, 0.7800, -3.901
52.81, 0.7810, -2.825
52.82, 0.7820, -3.230
52.83, 0.7830, -3.257
52.84, 0.7840, -3.135
52.85, 0.7850, -3.004
52.86, 0.7860, -4.295
52.87, 0.7870, -3.690
52.88, 0.7880, -3.288
52.89, 0.7890, -2.942
52.90, 0.7900, -5.554
52.91, 0.7910, -3.516
52.92, 0.7920, -3.494
52.93, 0.7930, -3.731
52.94, 0.7940, -3.583
52.95, 0.7950, -3.352
52.96, 0.7960, -4.182
52.97, 0.7970, -3.703
52.98, 0.7980, -4.329
52.99, 0.7990, -3.565
53.00, 0.8000, -4.628
53.01, 0.8010, -2.303
53.02, 0.8020, -3.684
53.03, 0.8030, -3.057
53.04, 0.8040, -1.887
53.05, 0.8050, -3.276
53.06, 0.8060, -3.838
53.07, 0.8070, -3.061
53.08, 0.8080, -3.959
53.09, 0.8090, -2.261
53.10, 0.8100, -3.172
53.11, 0.8110, -3.596
53.12, 0.8120, -4.227
53.13, 0.8130, -3.965
53.14, 0.8140, -3.686
53.15, 0.8150, -3.605
53.16, 0.8160, -3.003
53.17, 0.8170, -3.731
53.18, 0.8180, -3.990
53.19, 0.8190, -2.450
53.20, 0.8200, -3.826
53.21, 0.8210, -3.162
53.22, 0.8220, -2.142
53.23, 0.8230, -4.373
53.24, 0.8240, -3.467
53.25, 0.8250, -2.633
53.26, 0.8260, -3.331
53.27, 0.8270, -3.060
53.28, 0.8280, -1.075
53.29, 0.8290, -4.116
53.30, 0.8300, -2.460
53.31, 0.8310, -3.008
53.32, 0.8320, -2.614
53.33, 0.8330, -2.975
53.34, 0.8340, -2.942
53.35, 0.8350, -2.690
53.36, 0.8360, -3.977
53.37, 0.8370, -2.899
53.38, 0.8380, -3.788
53.39, 0.8390, -3.163
53.40, 0.8400, -4.108
53.41, 0.8410, -3.846
53.42, 0.8420, -3.951
53.43, 0.8430, -3.254
53.44, 0.8440, -4.284
53.45, 0.8450, -2.812
53.46, 0.8460, -1.834
53.47, 0.8470, -3.313
53.48, 0.8480, -3.681
53.49, 0.8490, -3.406
53.50, 0.8500, -2.168
53.51, 0.8510, -2.661
53.52, 0.8520, -2.895
53.53, 0.8530, -3.873
53.54, 0.8540, -4.765
53.55, 0.8550, -2.980
53.56, 0.8560, -3.272
53.57, 0.8570, -3.712
53.58, 0.8580, -3.326
53.59, 0.8590, -2.726
53.60, 0.8600, -2.153
53.61, 0.8610, -3.455
53.62, 0.8620, -1.924
53.63, 0.8630, -3.512
53.64, 0.8640, -3.374
53.65, 0.8650, -3.206
53.66, 0.8660, -3.916
53.67, 0.8670, -3.654
53.68, 0.8680, -2.166
53.69, 0.8690, -2.375
53.70, 0.8700, -3.619
53.71, 0.8710, -3.285
53.72, 0.8720, -2.712
53.73, 0.8730, -3.267
53.74, 0.8740, -1.333
53.75, 0.8750, -1.888
53.76, 0.8760, -2.988
53.77, 0.8770, -3.628
53.78, 0.8780, -4.643
53.79, 0.8790, -1.777
53.80, 0.8800, -3.350
53.81, 0.8810, -3.195
53.82, 0.8820, -4.084
53.83, 0.8830, -2.869
53.84, 0.8840, -3.620
53.85, 0.8850, -2.933
53.86, 0.8860, -3.180
53.87, 0.8870, -1.632
53.88, 0.8880, -2.929
53.89, 0.8890, -1.797
53.90, 0.8900, -3.952
53.91, 0.8910, -4.513
53.92, 0.8920, -3.205
53.93, 0.8930, -1.966
53.94, 0.8940, -4.052
53.95, 0.8950, -2.632
53.96, 0.8960, -3.908
53.97, 0.8970, -2.551
53.98, 0.8980, -3.357
53.99, 0.8990, -2.702
54.00, 0.9000, -2.779
54.01, 0.9010, -3.699
54.02, 0.9020, -4.161
54.03, 0.9030, -3.020
54.04, 0.9040, -4.511
54.05, 0.9050, -2.984
54.06, 0.9060, -4.620
54.07, 0.9070, -3.701
54.08, 0.9080, -3.423
54.09, 0.9090, -4.094
54.10, 0.9100, -3.268
54.11, 0.9110, -2.773
54.12, 0.9120, -2.461
54.13, 0.9130, -3.487
54.14, 0.9140, -4.802
54.15, 0.9150, -3.458
54.16, 0.9160, -2.480
54.17, 0.9170, -3.679
54.18, 0.9180, -4.141
54.19, 0.9190, -2.863
54.20, 0.9200, -3.540
54.21, 0.9210, -2.071
54.22, 0.9220, -3.517
54.23, 0.9230, -2.868
54.24, 0.9240, -2.699
54.25, 0.9250, -2.501
54.26, 0.9260, -1.566
54.27, 0.9270, -2.468
54.28, 0.9280, -3.190
54.29, 0.9290, -3.585
54.30, 0.9300, -2.410
54.31, 0.9310, -2.548
54.32, 0.9320, -2.333
54.33, 0.9330, -3.038
54.34, 0.9340, -3.957
54.35, 0.9350, -3.553
54.36, 0.9360, -3.547
54.37, 0.9370, -3.978
54.38, 0.9380, -2.212
54.39, 0.9390, -5.309
54.40, 0.9400, -1.071
54.41, 0.9410, -5.061
54.42, 0.9420, -2.434
54.43, 0.9430, -3.582
54.44, 0.9440, -3.109
54.45, 0.9450, -3.737
54.46, 0.9460, -2.939
54.47, 0.9470, -2.850
54.48, 0.9480, -1.945
54.49, 0.9490, -3.127
54.50, 0.9500, -2.701
54.51, 0.9510, -0.9000
54.52, 0.9520, -3.020
54.53, 0.9530, -3.839
54.54, 0.9540, -2.993
54.55, 0.9550, -3.242
54.56, 0.9560, -4.270
54.57, 0.9570, -3.497
54.58, 0.9580, -2.978
54.59, 0.9590, -2.041
54.60, 0.9600, -4.189
54.61, 0.9610, -2.454
54.62, 0.9620, -2.830
54.63, 0.9630, -2.679
54.64, 0.9640, -3.161
54.65, 0.9650, -2.414
54.66, 0.9660, -3.431
54.67, 0.9670, -4.095
54.68, 0.9680, -2.507
54.69, 0.9690, -3.173
54.70, 0.9700, -1.393
54.71, 0.9710, -4.082
54.72, 0.9720, -2.392
54.73, 0.9730, -3.308
54.74, 0.9740, -2.698
54.75, 0.9750, -2.902
54.76, 0.9760, -2.801
54.77, 0.9770, -4.374
54.78, 0.9780, -3.115
54.79, 0.9790, -3.198
54.80, 0.9800, -2.233
54.81, 0.9810, -3.170
54.82, 0.9820, -2.658
54.83, 0.9830, -2.742
54.84, 0.9840, -4.581
54.85, 0.9850, -2.254
54.86, 0.9860, -3.687
54.87, 0.9870, -3.811
54.88, 0.9880, -4.876
54.89, 0.9890, -2.567
54.90, 0.9900, -3.104
54.91, 0.9910, -1.395
54.92, 0.9920, -3.929
54.93, 0.9930, -2.795
54.94, 0.9940, -1.873
54.95, 0.9950, -2.223
54.96, 0.9960, -1.802
54.97, 0.9970, -4.379
54.98, 0.9980, -3.070
54.99, 0.9990, -3.370
55.00, 1.000, -2.250
55.01, 1.001, -4.157
55.02, 1.002, -1.644
55.03, 1.003, -3.818
55.04, 1.004, -2.949
55.05, 1.005, -3.190
55.06, 1.006, -2.990
55.07, 1.007, -1.706
55.08, 1.008, -2.290
55.09, 1.009, -2.522
55.10, 1.010, -2.601
55.11, 1.011, -2.609
55.12, 1.012, -1.721
55.13, 1.013, -2.277
55.14, 1.014, -1.506
55.15, 1.015, -3.295
55.16, 1.016, -3.036
55.17, 1.017, -3.387
55.18, 1.018, -2.381
55.19, 1.019, -3.237
55.20, 1.020, -2.177
55.21, 1.021, -1.473
55.22, 1.022, -1.983
55.23, 1.023, -1.941
55.24, 1.024, -1.661
55.25, 1.025, -2.057
55.26, 1.026, -1.734
55.27, 1.027, -1.981
55.28, 1.028, -3.300
55.29, 1.029, -1.082
55.30, 1.030, -2.829
55.31, 1.031, -2.524
55.32, 1.032, -3.833
55.33, 1.033, -2.401
55.34, 1.034, -3.816
55.35, 1.035, -1.101
55.36, 1.036, -2.913
55.37, 1.037, -0.5332
55.38, 1.038, -2.390
55.39, 1.039, -3.223
55.40, 1.040, -2.713
55.41, 1.041, -3.017
55.42, 1.042, -1.202
55.43, 1.043, -3.470
55.44, 1.044, -2.279
55.45, 1.045, -3.227
55.46, 1.046, -3.608
55.47, 1.047, -2.141
55.48, 1.048, -1.632
55.49, 1.049, -3.194
55.50, 1.050, -1.385
55.51, 1.051, -3.690
55.52, 1.052, -1.290
55.53, 1.053, -1.398
55.54, 1.054, -2.048
55.55, 1.055, -2.375
55.56, 1.056, -2.546
55.57, 1.057, -2.915
55.58, 1.058, -2.073
55.59, 1.059, -2.844
55.60, 1.060, -3.274
55.61, 1.061, -2.535
55.62, 1.062, -3.449
55.63, 1.063, -3.165
55.64, 1.064, -3.388
55.65, 1.065, -1.193
55.66, 1.066, -3.812
55.67, 1.067, -0.8377
55.68, 1.068, -2.836
55.69, 1.069, -2.239
55.70, 1.070, -1.992
55.71, 1.071, -1.268
55.72, 1.072, -1.495
55.73, 1.073, -2.244
55.74, 1.074, -2.061
55.75, 1.075, -2.147
55.76, 1.076, -1.386
55.77, 1.077, -0.09230
55.78, 1.078, -1.336
55.79, 1.079, -1.057
55.80, 1.080, -2.063
55.81, 1.081, -3.027
55.82, 1.082, -1.169
55.83, 1.083, -3.587
55.84, 1.084, -1.974
55.85, 1.085, -2.994
55.86, 1.086, -2.263
55.87, 1.087, -2.544
55.88, 1.088, -2.832
55.89, 1.089, -1.717
55.90, 1.090, -2.354
55.91, 1.091, -2.680
55.92, 1.092, -2.973
55.93, 1.093, -0.8224
55.94, 1.094, -1.784
55.95, 1.095, -3.444
55.96, 1.096, -2.941
55.97, 1.097, -0.6278
55.98, 1.098, -3.222
55.99, 1.099, -0.2046
56.00, 1.100, -2.122
56.01, 1.101, -2.359
56.02, 1.102, -3.215
56.03, 1.103, -2.775
56.04, 1.104, -2.460
56.05, 1.105, -1.258
56.06, 1.106, -1.980
56.07, 1.107, -2.274
56.08, 1.108, -2.092
56.09, 1.109, -2.320
56.10, 1.110, -2.946
56.11, 1.111, -2.256
56.12, 1.112, -1.351
56.13, 1.113, -2.230
56.14, 1.114, -0.7954
56.15, 1.115, -0.5520
56.16, 1.116, -1.063
56.17, 1.117, -1.542
56.18, 1.118, -3.339
56.19, 1.119, -1.170
56.20, 1.120, -1.558
56.21, 1.121, 0.2106
56.22, 1.122, -1.343
56.23, 1.123, -0.8032
56.24, 1.124, -1.625
56.25, 1.125, -2.692
56.26, 1.126, -2.752
56.27, 1.127, -1.527
56.28, 1.128, -0.8908
56.29, 1.129, -2.099
56.30, 1.130, -2.915
56.31, 1.131, -2.576
56.32, 1.132, -2.123
56.33, 1.133, -2.803
56.34, 1.134, -2.625
56.35, 1.135, -1.676
56.36, 1.136, -0.4109
56.37, 1.137, -2.328
56.38, 1.138, -2.484
56.39, 1.139, -1.830
56.40, 1.140, -2.589
56.41, 1.141, -1.899
56.42, 1.142, -0.8789
56.43, 1.143, -2.403
56.44, 1.144, -0.7828
56.45, 1.145, -1.542
56.46, 1.146, -1.236
56.47, 1.147, -1.602
56.48, 1.148, -2.056
56.49, 1.149, 0.2809
56.50, 1.150, -3.369
56.51, 1.151, -2.322
56.52, 1.152, -2.895
56.53, 1.153, -0.8911
56.54, 1.154, -2.656
56.55, 1.155, -1.491
56.56, 1.156, -1.030
56.57, 1.157, -0.4029
56.58, 1.158, -2.109
56.59, 1.159, -0.7375
56.60, 1.160, -2.562
56.61, 1.161, 0.1213
56.62, 1.162, -3.096
56.63, 1.163, -1.327
56.64, 1.164, -1.460
56.65, 1.165, -0.3343
56.66, 1.166, -1.350
56.67, 1.167, 0.1389
56.68, 1.168, -2.045
56.69, 1.169, 0.6952
56.70, 1.170, -0.4571
56.71, 1.171, -0.02688
56.72, 1.172, -2.139
56.73, 1.173, -0.3340
56.74, 1.174, -0.8594
56.75, 1.175, -0.2234
56.76, 1.176, 1.032
56.77, 1.177, -1.463
56.78, 1.178, -1.427
56.79, 1.179, 1.026
56.80, 1.180, -0.7726
56.81, 1.181, -0.08764
56.82, 1.182, 0.1076
56.83, 1.183, -1.258
56.84, 1.184, -0.3846
56.85, 1.185, 0.05604
56.86, 1.186, 0.5073
56.87, 1.187, -2.116
56.88, 1.188, -0.8063
56.89, 1.189, -0.8320
56.90, 1.190, -1.251
56.91, 1.191, -2.729
56.92, 1.192, -0.3452
56.93, 1.193, -0.9391
56.94, 1.194, -1.658
56.95, 1.195, -0.4956
56.96, 1.196, -0.1951
56.97, 1.197, -1.391
56.98, 1.198, -0.6875
56.99, 1.199, -0.3877
57.00, 1.200, -1.485
57.01, 1.201, 0.2917
57.02, 1.202, 0.8788
57.03, 1.203, -1.401
57.04, 1.204, 0.8524
57.05, 1.205, 0.3207
57.06, 1.206, 0.1183
57.07, 1.207, -0.4104
57.08, 1.208, -0.5647
57.09, 1.209, 0.4966
57.10, 1.210, -0.4785
57.11, 1.211, 0.4296
57.12, 1.212, 0.2643
57.13, 1.213, -0.3268
57.14, 1.214, -1.171
57.15, 1.215, -0.6489
57.16, 1.216, -1.401
57.17, 1.217, -0.8624
57.18, 1.218, -1.918
57.19, 1.219, 0.6294
57.20, 1.220, -0.7984
57.21, 1.221, 0.2930
57.22, 1.222, -2.465
57.23, 1.223, -0.9266
57.24, 1.224, -0.4149
57.25, 1.225, -0.7530
57.26, 1.226, -0.4753
57.27, 1.227, 1.228
57.28, 1.228, 0.7951
57.29, 1.229, -0.01413
57.30, 1.230, 1.164
57.31, 1.231, 2.253
57.32, 1.232, -0.8646
57.33, 1.233, 0.9928
57.34, 1.234, 0.2336
57.35, 1.235, 2.347
57.36, 1.236, 0.1829
57.37, 1.237, 2.074
57.38, 1.238, -2.243
57.39, 1.239, 1.090
57.40, 1.240, -0.6637
57.41, 1.241, 0.6981
57.42, 1.242, 0.5074
57.43, 1.243, 0.6100
57.44, 1.244, 0.7291
57.45, 1.245, 1.996
57.46, 1.246, 0.4733
57.47, 1.247, 1.634
57.48, 1.248, 1.128
57.49, 1.249, 0.5496
57.50, 1.250, 0.9948
57.51, 1.251, 0.2127
57.52, 1.252, 3.384
57.53, 1.253, 1.995
57.54, 1.254, 2.098
57.55, 1.255, 0.02184
57.56, 1.256, 1.061
57.57, 1.257, -0.7499
57.58, 1.258, 0.6349
57.59, 1.259, 1.210
57.60, 1.260, -0.03528
57.61, 1.261, 0.6129
57.62, 1.262, 0.6955
57.63, 1.263, 2.307
57.64, 1.264, -0.2284
57.65, 1.265, 2.192
57.66, 1.266, 1.552
57.67, 1.267, 1.598
57.68, 1.268, 2.228
57.69, 1.269, 1.606
57.70, 1.270, 1.746
57.71, 1.271, 1.876
57.72, 1.272, 2.364
57.73, 1.273, 0.5816
57.74, 1.274, 3.238
57.75, 1.275, 1.225
57.76, 1.276, 1.416
57.77, 1.277, 0.5962
57.78, 1.278, 2.419
57.79, 1.279, 2.359
57.80, 1.280, 3.140
57.81, 1.281, 0.8422
57.82, 1.282, 3.541
57.83, 1.283, 1.743
57.84, 1.284, 2.356
57.85, 1.285, 1.829
57.86, 1.286, 3.863
57.87, 1.287, 0.4712
57.88, 1.288, 2.996
57.89, 1.289, 2.012
57.90, 1.290, 1.842
57.91, 1.291, 1.919
57.92, 1.292, 1.115
57.93, 1.293, 2.576
57.94, 1.294, 1.509
57.95, 1.295, 3.578
57.96, 1.296, 1.301
57.97, 1.297, 2.790
57.98, 1.298, 2.410
57.99, 1.299, 3.608
58.00, 1.300, 2.729
58.01, 1.301, 3.294
58.02, 1.302, 2.995
58.03, 1.303, 2.866
58.04, 1.304, 2.026
58.05, 1.305, 3.406
58.06, 1.306, 2.784
58.07, 1.307, 2.548
58.08, 1.308, 2.807
58.09, 1.309, 3.044
58.10, 1.310, 3.066
58.11, 1.311, 1.619
58.12, 1.312, 3.883
58.13, 1.313, 1.989
58.14, 1.314, 3.486
58.15, 1.315, 2.960
58.16, 1.316, 3.339
58.17, 1.317, 2.866
58.18, 1.318, 5.484
58.19, 1.319, 3.007
58.20, 1.320, 4.669
58.21, 1.321, 2.984
58.22, 1.322, 3.762
58.23, 1.323, 4.313
58.24, 1.324, 4.721
58.25, 1.325, 3.629
58.26, 1.326, 4.707
58.27, 1.327, 4.124
58.28, 1.328, 4.057
58.29, 1.329, 4.911
58.30, 1.330, 4.190
58.31, 1.331, 4.513
58.32, 1.332, 3.336
58.33, 1.333, 4.074
58.34, 1.334, 4.346
58.35, 1.335, 4.649
58.36, 1.336, 3.808
58.37, 1.337, 6.413
58.38, 1.338, 4.663
58.39, 1.339, 4.694
58.40, 1.340, 4.732
58.41, 1.341, 4.307
58.42, 1.342, 5.946
58.43, 1.343, 5.040
58.44, 1.344, 6.189
58.45, 1.345, 4.262
58.46, 1.346, 4.651
58.47, 1.347, 4.706
58.48, 1.348, 6.234
58.49, 1.349, 5.638
58.50, 1.350, 7.175
58.51, 1.351, 6.024
58.52, 1.352, 7.570
58.53, 1.353, 7.047
58.54, 1.354, 7.271
58.55, 1.355, 9.381
58.56, 1.356, 9.316
58.57, 1.357, 8.432
58.58, 1.358, 10.57
58.59, 1.359, 9.602
58.60, 1.360, 12.66
58.61, 1.361, 10.57
58.62, 1.362, 13.05
58.63, 1.363, 14.25
58.64, 1.364, 13.57
58.65, 1.365, 13.94
58.66, 1.366, 15.53
58.67, 1.367, 16.44
58.68, 1.368, 17.02
58.69, 1.369, 18.20
58.70, 1.370, 17.65
58.71, 1.371, 20.01
58.72, 1.372, 19.16
58.73, 1.373, 20.21
58.74, 1.374, 21.16
58.75, 1.375, 22.14
58.76, 1.376, 22.32
58.77, 1.377, 23.62
58.78, 1.378, 23.44
58.79, 1.379, 26.63
58.80, 1.380, 25.84
58.81, 1.381, 26.60
58.82, 1.382, 26.67
58.83, 1.383, 28.36
58.84, 1.384, 28.25
58.85, 1.385, 30.78
58.86, 1.386, 30.92
58.87, 1.387, 31.82
58.88, 1.388, 32.10
58.89, 1.389, 32.93
58.90, 1.390, 35.91
58.91, 1.391, 37.85
58.92, 1.392, 34.96
58.93, 1.393, 37.08
58.94, 1.394, 36.40
58.95, 1.395, 38.39
58.96, 1.396, 38.98
58.97, 1.397, 39.78
58.98, 1.398, 42.03
58.99, 1.399, 42.77
59.00, 1.400, 44.38
59.01, 1.401, 44.68
59.02, 1.402, 46.39
59.03, 1.403, 48.49
59.04, 1.404, 48.06
59.05, 1.405, 48.81
59.06, 1.406, 48.00
59.07, 1.407, 51.04
59.08, 1.408, 51.92
59.09, 1.409, 52.28
59.10, 1.410, 53.18
59.11, 1.411, 56.17
59.12, 1.412, 56.18
59.13, 1.413, 57.96
59.14, 1.414, 59.15
59.15, 1.415, 61.21
59.16, 1.416, 61.41
59.17, 1.417, 61.75
59.18, 1.418, 64.49
59.19, 1.419, 65.56
59.20, 1.420, 67.93
59.21, 1.421, 67.08
59.22, 1.422, 69.62
59.23, 1.423, 69.43
59.24, 1.424, 71.24
59.25, 1.425, 70.85
59.26, 1.426, 73.93
59.27, 1.427, 73.92
59.28, 1.428, 75.98
59.29, 1.429, 75.70
59.30, 1.430, 78.05
59.31, 1.431, 78.14
59.32, 1.432, 80.97
59.33, 1.433, 82.36
59.34, 1.434, 82.51
59.35, 1.435, 83.32
59.36, 1.436, 85.89
59.37, 1.437, 87.70
59.38, 1.438, 87.91
59.39, 1.439, 87.01
59.40, 1.440, 90.02
59.41, 1.441, 90.00
59.42, 1.442, 92.64
59.43, 1.443, 92.15
59.44, 1.444, 95.28
59.45, 1.445, 97.37
59.46, 1.446, 97.96
59.47, 1.447, 98.60
59.48, 1.448, 98.77
59.49, 1.449, 100.9
59.50, 1.450, 104.8
59.51, 1.451, 104.4
59.52, 1.452, 106.2
59.53, 1.453, 108.3
59.54, 1.454, 109.6
59.55, 1.455, 108.6
59.56, 1.456, 110.8
59.57, 1.457, 112.9
59.58, 1.458, 114.2
59.59, 1.459, 117.1
59.60, 1.460, 118.3
59.61, 1.461, 119.3
59.62, 1.462, 121.7
59.63, 1.463, 121.8
59.64, 1.464, 125.6
59.65, 1.465, 125.7
59.66, 1.466, 127.6
59.67, 1.467, 129.1
59.68, 1.468, 130.8
59.69, 1.469, 131.2
59.70, 1.470, 134.4
59.71, 1.471, 135.1
59.72, 1.472, 135.5
59.73, 1.473, 136.4
59.74, 1.474, 139.4
59.75, 1.475, 139.3
59.76, 1.476, 142.0
59.77, 1.477, 143.9
59.78, 1.478, 146.2
59.79, 1.479, 147.1
59.80, 1.480, 148.8
59.81, 1.481, 149.9
59.82, 1.482, 150.9
59.83, 1.483, 153.8
59.84, 1.484, 154.9
59.85, 1.485, 156.2
59.86, 1.486, 156.7
59.87, 1.487, 160.0
59.88, 1.488, 159.7
59.89, 1.489, 162.2
59.90, 1.490, 163.2
59.91, 1.491, 165.7
59.92, 1.492, 165.6
59.93, 1.493, 168.8
59.94, 1.494, 169.5
59.95, 1.495, 171.5
59.96, 1.496, 175.2
59.97, 1.497, 175.4
59.98, 1.498, 178.4
59.99, 1.499, 178.1
60.00, 1.500, 182.2
60.01, 1.501, 179.7
60.02, 1.502, 182.3
60.03, 1.503, 183.3
60.04, 1.504, 185.9
60.05, 1.505, 185.6
60.06, 1.506, 188.9
60.07, 1.507, 190.4
60.08, 1.508, 192.3
60.09, 1.509, 193.8
60.10, 1.510, 196.5
60.11, 1.511, 196.8
60.12, 1.512, 200.8
60.13, 1.513, 200.2
60.14, 1.514, 202.6
60.15, 1.515, 203.5
60.16, 1.516, 206.5
60.17, 1.517, 205.5
60.18, 1.518, 208.9
60.19, 1.519, 211.1
60.20, 1.520, 213.9
60.21, 1.521, 213.3
60.22, 1.522, 214.3
60.23, 1.523, 218.1
60.24, 1.524, 219.2
60.25, 1.525, 220.7
60.26, 1.526, 221.2
60.27, 1.527, 224.3
60.28, 1.528, 226.8
60.29, 1.529, 227.5
60.30, 1.530, 228.9
60.31, 1.531, 232.7
60.32, 1.532, 234.9
60.33, 1.533, 235.4
60.34, 1.534, 235.7
60.35, 1.535, 238.9
60.36, 1.536, 238.6
60.37, 1.537, 241.8
60.38, 1.538, 244.2
60.39, 1.539, 246.6
60.40, 1.540, 246.6
60.41, 1.541, 249.9
60.42, 1.542, 251.5
60.43, 1.543, 254.5
60.44, 1.544, 254.0
60.45, 1.545, 258.1
60.46, 1.546, 260.1
60.47, 1.547, 261.2
60.48, 1.548, 261.7
60.49, 1.549, 265.2
60.50, 1.550, 265.9
60.51, 1.551, 269.9
60.52, 1.552, 269.4
60.53, 1.553, 273.9
60.54, 1.554, 273.2
60.55, 1.555, 276.8
60.56, 1.556, 278.4
60.57, 1.557, 281.7
60.58, 1.558, 282.7
60.59, 1.559, 284.6
60.60, 1.560, 285.2
60.61, 1.561, 287.8
60.62, 1.562, 289.5
60.63, 1.563, 290.4
60.64, 1.564, 290.2
60.65, 1.565, 294.4
60.66, 1.566, 295.6
60.67, 1.567, 297.1
60.68, 1.568, 298.5
60.69, 1.569, 300.4
60.70, 1.570, 303.6
60.71, 1.571, 305.4
60.72, 1.572, 306.4
60.73, 1.573, 308.0
60.74, 1.574, 309.1
60.75, 1.575, 313.3
60.76, 1.576, 313.6
60.77, 1.577, 316.0
60.78, 1.578, 318.2
60.79, 1.579, 322.3
60.80, 1.580, 319.3
60.81, 1.581, 324.2
60.82, 1.582, 325.8
60.83, 1.583, 328.6
60.84, 1.584, 329.1
60.85, 1.585, 333.0
60.86, 1.586, 334.4
60.87, 1.587, 336.2
60.88, 1.588, 336.6
60.89, 1.589, 339.0
60.90, 1.590, 342.1
60.91, 1.591, 345.3
60.92, 1.592, 344.6
60.93, 1.593, 347.4
60.94, 1.594, 348.4
60.95, 1.595, 352.9
60.96, 1.596, 351.8
60.97, 1.597, 355.6
60.98, 1.598, 355.3
60.99, 1.599, 358.4
61.00, 1.600, 361.2
61.01, 1.601, 362.4
61.02, 1.602, 364.1
61.03, 1.603, 365.6
61.04, 1.604, 367.7
61.05, 1.605, 370.3
61.06, 1.606, 374.1
61.07, 1.607, 374.2
61.08, 1.608, 374.9
61.09, 1.609, 378.3
61.10, 1.610, 381.4
61.11, 1.611, 380.7
61.12, 1.612, 384.1
61.13, 1.613, 385.1
61.14, 1.614, 388.2
61.15, 1.615, 388.2
61.16, 1.616, 392.0
61.17, 1.617, 393.6
61.18, 1.618, 396.0
61.19, 1.619, 396.2
61.20, 1.620, 401.3
61.21, 1.621, 402.9
61.22, 1.622, 404.0
61.23, 1.623, 404.6
61.24, 1.624, 408.1
61.25, 1.625, 410.6
61.26, 1.626, 412.6
61.27, 1.627, 411.9
61.28, 1.628, 414.4
61.29, 1.629, 415.6
61.30, 1.630, 420.2
61.31, 1.631, 420.7
61.32, 1.632, 424.3
61.33, 1.633, 424.9
61.34, 1.634, 427.2
61.35, 1.635, 428.5
61.36, 1.636, 430.4
61.37, 1.637, 433.2
61.38, 1.638, 435.2
61.39, 1.639, 435.6
61.40, 1.640, 437.8
61.41, 1.641, 439.7
61.42, 1.642, 441.5
61.43, 1.643, 443.6
61.44, 1.644, 446.6
61.45, 1.645, 448.6
61.46, 1.646, 451.5
61.47, 1.647, 451.1
61.48, 1.648, 454.3
61.49, 1.649, 456.6
61.50, 1.650, 456.7
61.51, 1.651, 458.1
61.52, 1.652, 461.1
61.53, 1.653, 464.4
61.54, 1.654, 464.8
61.55, 1.655, 466.8
61.56, 1.656, 470.6
61.57, 1.657, 470.4
61.58, 1.658, 471.4
61.59, 1.659, 474.6
61.60, 1.660, 475.5
61.61, 1.661, 480.2
61.62, 1.662, 479.6
61.63, 1.663, 484.5
61.64, 1.664, 483.7
61.65, 1.665, 487.6
61.66, 1.666, 487.8
61.67, 1.667, 492.1
61.68, 1.668, 492.9
61.69, 1.669, 496.4
61.70, 1.670, 497.6
61.71, 1.671, 501.3
61.72, 1.672, 501.7
61.73, 1.673, 505.2
61.74, 1.674, 506.6
61.75, 1.675, 510.0
61.76, 1.676, 509.6
61.77, 1.677, 513.1
61.78, 1.678, 513.5
61.79, 1.679, 516.6
61.80, 1.680, 517.5
61.81, 1.681, 519.9
61.82, 1.682, 522.0
61.83, 1.683, 524.6
61.84, 1.684, 526.8
61.85, 1.685, 529.5
61.86, 1.686, 528.5
61.87, 1.687, 533.0
61.88, 1.688, 531.5
61.89, 1.689, 534.6
61.90, 1.690, 535.9
61.91, 1.691, 538.6
61.92, 1.692, 539.8
61.93, 1.693, 543.8
61.94, 1.694, 543.4
61.95, 1.695, 545.4
61.96, 1.696, 548.6
61.97, 1.697, 551.5
61.98, 1.698, 551.2
61.99, 1.699, 554.9
62.00, 1.700, 555.5
62.01, 1.701, 559.5
62.02, 1.702, 560.0
62.03, 1.703, 561.8
62.04, 1.704, 564.1
62.05, 1.705, 565.9
62.06, 1.706, 567.0
62.07, 1.707, 570.0
62.08, 1.708, 571.2
62.09, 1.709, 573.7
62.10, 1.710, 575.6
62.11, 1.711, 578.3
62.12, 1.712, 578.2
62.13, 1.713, 583.8
62.14, 1.714, 583.6
62.15, 1.715, 585.4
62.16, 1.716, 586.5
62.17, 1.717, 591.3
62.18, 1.718, 592.2
62.19, 1.719, 593.7
62.20, 1.720, 594.0
62.21, 1.721, 597.6
62.22, 1.722, 600.0
62.23, 1.723, 600.9
62.24, 1.724, 603.0
62.25, 1.725, 602.6
62.26, 1.726, 608.3
62.27, 1.727, 608.4
62.28, 1.728, 611.1
62.29, 1.729, 612.1
62.30, 1.730, 616.5
62.31, 1.731, 615.1
62.32, 1.732, 617.0
62.33, 1.733, 620.3
62.34, 1.734, 622.9
62.35, 1.735, 623.8
62.36, 1.736, 625.9
62.37, 1.737, 626.8
62.38, 1.738, 629.0
62.39, 1.739, 630.8
62.40, 1.740, 632.1
62.41, 1.741, 634.7
62.42, 1.742, 637.5
62.43, 1.743, 638.8
62.44, 1.744, 640.7
62.45, 1.745, 642.5
62.46, 1.746, 646.2
62.47, 1.747, 647.1
62.48, 1.748, 647.7
62.49, 1.749, 651.3
62.50, 1.750, 651.4
62.51, 1.751, 656.3
62.52, 1.752, 652.3
62.53, 1.753, 657.3
62.54, 1.754, 656.3
62.55, 1.755, 661.3
62.56, 1.756, 662.2
62.57, 1.757, 664.3
62.58, 1.758, 666.5
62.59, 1.759, 669.8
62.60, 1.760, 671.1
62.61, 1.761, 673.0
62.62, 1.762, 672.7
62.63, 1.763, 679.0
62.64, 1.764, 678.3
62.65, 1.765, 680.7
62.66, 1.766, 680.2
62.67, 1.767, 683.7
62.68, 1.768, 684.6
62.69, 1.769, 686.8
62.70, 1.770, 688.1
62.71, 1.771, 692.0
62.72, 1.772, 691.5
62.73, 1.773, 697.2
62.74, 1.774, 697.0
62.75, 1.775, 698.4
62.76, 1.776, 700.9
62.77, 1.777, 704.8
62.78, 1.778, 702.9
62.79, 1.779, 706.4
62.80, 1.780, 708.7
62.81, 1.781, 709.2
62.82, 1.782, 713.9
62.83, 1.783, 713.4
62.84, 1.784, 714.4
62.85, 1.785, 716.3
62.86, 1.786, 719.6
62.87, 1.787, 719.4
62.88, 1.788, 723.0
62.89, 1.789, 723.2
62.90, 1.790, 727.0
62.91, 1.791, 726.4
62.92, 1.792, 730.6
62.93, 1.793, 730.8
62.94, 1.794, 732.7
62.95, 1.795, 734.6
62.96, 1.796, 739.6
62.97, 1.797, 739.8
62.98, 1.798, 741.0
62.99, 1.799, 743.3
63.00, 1.800, 749.1
63.01, 1.801, 749.8
63.02, 1.802, 749.6
63.03, 1.803, 751.0
63.04, 1.804, 755.4
63.05, 1.805, 756.9
63.06, 1.806, 758.2
63.07, 1.807, 759.2
63.08, 1.808, 763.6
63.09, 1.809, 762.9
63.10, 1.810, 766.9
63.11, 1.811, 767.5
63.12, 1.812, 772.4
63.13, 1.813, 771.8
63.14, 1.814, 773.3
63.15, 1.815, 774.6
63.16, 1.816, 775.8
63.17, 1.817, 777.1
63.18, 1.818, 780.6
63.19, 1.819, 780.8
63.20, 1.820, 783.4
63.21, 1.821, 786.1
63.22, 1.822, 787.2
63.23, 1.823, 788.3
63.24, 1.824, 791.4
63.25, 1.825, 792.9
63.26, 1.826, 793.6
63.27, 1.827, 795.6
63.28, 1.828, 797.4
63.29, 1.829, 800.4
63.30, 1.830, 801.9
63.31, 1.831, 802.2
63.32, 1.832, 805.0
63.33, 1.833, 807.0
63.34, 1.834, 808.7
63.35, 1.835, 810.9
63.36, 1.836, 813.5
63.37, 1.837, 815.5
63.38, 1.838, 816.9
63.39, 1.839, 822.1
63.40, 1.840, 821.1
63.41, 1.841, 824.4
63.42, 1.842, 824.5
63.43, 1.843, 828.9
63.44, 1.844, 827.6
63.45, 1.845, 829.5
63.46, 1.846, 831.8
63.47, 1.847, 834.5
63.48, 1.848, 835.2
63.49, 1.849, 838.4
63.50, 1.850, 840.3
63.51, 1.851, 841.0
63.52, 1.852, 843.4
63.53, 1.853, 844.8
63.54, 1.854, 846.8
63.55, 1.855, 850.9
63.56, 1.856, 851.3
63.57, 1.857, 853.0
63.58, 1.858, 854.0
63.59, 1.859, 857.7
63.60, 1.860, 857.6
63.61, 1.861, 862.0
63.62, 1.862, 860.9
63.63, 1.863, 865.5
63.64, 1.864, 864.0
63.65, 1.865, 868.3
63.66, 1.866, 867.8
63.67, 1.867, 870.5
63.68, 1.868, 873.0
63.69, 1.869, 875.4
63.70, 1.870, 876.3
63.71, 1.871, 878.7
63.72, 1.872, 879.9
63.73, 1.873, 883.3
63.74, 1.874, 884.9
63.75, 1.875, 885.8
63.76, 1.876, 886.7
63.77, 1.877, 887.7
63.78, 1.878, 890.5
63.79, 1.879, 892.0
63.80, 1.880, 894.9
63.81, 1.881, 894.8
63.82, 1.882, 899.1
63.83, 1.883, 900.6
63.84, 1.884, 901.4
63.85, 1.885, 904.2
63.86, 1.886, 905.3
63.87, 1.887, 908.0
63.88, 1.888, 909.8
63.89, 1.889, 911.0
63.90, 1.890, 913.2
63.91, 1.891, 915.6
63.92, 1.892, 915.6
63.93, 1.893, 918.2
63.94, 1.894, 921.1
63.95, 1.895, 921.9
63.96, 1.896, 924.7
63.97, 1.897, 925.2
63.98, 1.898, 927.1
63.99, 1.899, 929.3
64.00, 1.900, 929.2
64.01, 1.901, 933.8
64.02, 1.902, 934.9
64.03, 1.903, 938.4
64.04, 1.904, 938.3
64.05, 1.905, 939.2
64.06, 1.906, 940.7
64.07, 1.907, 944.8
64.08, 1.908, 947.2
64.09, 1.909, 944.5
64.10, 1.910, 949.3
64.11, 1.911, 950.0
64.12, 1.912, 952.5
64.13, 1.913, 952.7
64.14, 1.914, 955.9
64.15, 1.915, 957.3
64.16, 1.916, 960.2
64.17, 1.917, 959.5
64.18, 1.918, 963.9
64.19, 1.919, 965.4
64.20, 1.920, 968.2
64.21, 1.921, 970.1
64.22, 1.922, 972.5
64.23, 1.923, 971.5
64.24, 1.924, 975.6
64.25, 1.925, 975.0
64.26, 1.926, 978.0
64.27, 1.927, 980.0
64.28, 1.928, 982.4
64.29, 1.929, 985.5
64.30, 1.930, 986.6
64.31, 1.931, 987.7
64.32, 1.932, 989.1
64.33, 1.933, 991.3
64.34, 1.934, 993.8
64.35, 1.935, 993.5
64.36, 1.936, 997.0
64.37, 1.937, 997.8
64.38, 1.938, 999.7
64.39, 1.939, 998.9
64.40, 1.940, 998.9
64.41, 1.941, 999.4
64.42, 1.942, 1000
64.43, 1.943, 1000
64.44, 1.944, 1000
64.45, 1.945, 1000
64.46, 1.946, 1000
64.47, 1.947, 1000
64.48, 1.948, 1000
64.49, 1.949, 1000
64.50, 1.950, 1000
64.51, 1.951, 1000
64.52, 1.952, 1000
64.53, 1.953, 1000
64.54, 1.954, 1000
64.55, 1.955, 1000
64.56, 1.956, 1000
64.57, 1.957, 1000
64.58, 1.958, 1000
64.59, 1.959, 1000
64.60, 1.960, 1000
64.61, 1.961, 1000
64.62, 1.962, 1000
64.63, 1.963, 1000
64.64, 1.964, 1000
64.65, 1.965, 1000
64.66, 1.966, 1000
64.67, 1.967, 1000
64.68, 1.968, 1000
64.69, 1.969, 1000
64.70, 1.970, 1000
64.71, 1.971, 1000
64.72, 1.972, 1000
64.73, 1.973, 1000
64.74, 1.974, 1000
64.75, 1.975, 1000
64.76, 1.976, 1000
64.77, 1.977, 1000
64.78, 1.978, 1000
64.79, 1.979, 1000
64.80, 1.980, 1000
64.81, 1.981, 1000
64.82, 1.982, 1000
64.83, 1.983, 1000
64.84, 1.984, 1000
64.85, 1.985, 1000
64.86, 1.986, 1000
64.87, 1.987, 1000
64.88, 1.988, 1000
64.89, 1.989, 1000
64.90, 1.990, 1000
64.91, 1.991, 1000
64.92, 1.992, 1000
64.93, 1.993, 1000
64.94, 1.994, 1000
64.95, 1.995, 1000
64.96, 1.996, 1000
64.97, 1.997, 1000
64.98, 1.998, 1000
64.99, 1.999, 1000
65.00, 2.000, 1000
65.01, 1.999, 1000
65.02, 1.998, 1000
65.03, 1.997, 1000
65.04, 1.996, 1000
65.05, 1.995, 1000
65.06, 1.994, 1000
65.07, 1.993, 1000
65.08, 1.992, 1000
65.09, 1.991, 1000
65.10, 1.990, 1000
65.11, 1.989, 1000
65.12, 1.988, 1000
65.13, 1.987, 1000
65.14, 1.986, 1000
65.15, 1.985, 1000
65.16, 1.984, 1000
65.17, 1.983, 1000
65.18, 1.982, 1000
65.19, 1.981, 1000
65.20, 1.980, 1000
65.21, 1.979, 1000
65.22, 1.978, 1000
65.23, 1.977, 1000
65.24, 1.976, 1000
65.25, 1.975, 1000
65.26, 1.974, 1000
65.27, 1.973, 1000
65.28, 1.972, 1000
65.29, 1.971, 1000
65.30, 1.970, 1000
65.31, 1.969, 1000
65.32, 1.968, 1000
65.33, 1.967, 1000
65.34, 1.966, 1000
65.35, 1.965, 1000
65.36, 1.964, 1000
65.37, 1.963, 1000
65.38, 1.962, 1000
65.39, 1.961, 1000
65.40, 1.960, 1000
65.41, 1.959, 1000
65.42, 1.958, 1000
65.43, 1.957, 1000
65.44, 1.956, 1000
65.45, 1.955, 1000
65.46, 1.954, 1000
65.47, 1.953, 1000
65.48, 1.952, 1000
65.49, 1.951, 1000
65.50, 1.950, 1000
65.51, 1.949, 1000
65.52, 1.948, 1000
65.53, 1.947, 999.7
65.54, 1.946, 999.2
65.55, 1.945, 998.4
65.56, 1.944, 994.3
65.57, 1.943, 993.2
65.58, 1.942, 991.3
65.59, 1.941, 989.0
65.60, 1.940, 986.7
65.61, 1.939, 986.0
65.62, 1.938, 984.2
65.63, 1.937, 982.5
65.64, 1.936, 979.6
65.65, 1.935, 979.0
65.66, 1.934, 977.4
65.67, 1.933, 974.8
65.68, 1.932, 971.5
65.69, 1.931, 969.1
65.70, 1.930, 967.9
65.71, 1.929, 966.7
65.72, 1.928, 962.9
65.73, 1.927, 962.4
65.74, 1.926, 960.1
65.75, 1.925, 960.8
65.76, 1.924, 953.7
65.77, 1.923, 953.9
65.78, 1.922, 953.3
65.79, 1.921, 950.8
65.80, 1.920, 947.1
65.81, 1.919, 947.0
65.82, 1.918, 945.0
65.83, 1.917, 945.2
65.84, 1.916, 940.5
65.85, 1.915, 940.4
65.86, 1.914, 936.5
65.87, 1.913, 933.5
65.88, 1.912, 932.4
65.89, 1.911, 929.4
65.90, 1.910, 926.5
65.91, 1.909, 925.9
65.92, 1.908, 921.8
65.93, 1.907, 919.8
65.94, 1.906, 920.4
65.95, 1.905, 917.4
65.96, 1.904, 914.5
65.97, 1.903, 911.5
65.98, 1.902, 910.9
65.99, 1.901, 908.8
66.00, 1.900, 906.7
66.01, 1.899, 903.4
66.02, 1.898, 902.8
66.03, 1.897, 900.2
66.04, 1.896, 899.2
66.05, 1.895, 895.9
66.06, 1.894, 896.4
66.07, 1.893, 893.3
66.08, 1.892, 888.6
66.09, 1.891, 887.7
66.10, 1.890, 884.8
66.11, 1.889, 885.0
66.12, 1.888, 883.0
66.13, 1.887, 880.2
66.14, 1.886, 878.0
66.15, 1.885, 874.2
66.16, 1.884, 872.6
66.17, 1.883, 872.7
66.18, 1.882, 868.4
66.19, 1.881, 866.6
66.20, 1.880, 864.3
66.21, 1.879, 865.1
66.22, 1.878, 860.1
66.23, 1.877, 860.2
66.24, 1.876, 854.5
66.25, 1.875, 858.3
66.26, 1.874, 853.7
66.27, 1.873, 850.9
66.28, 1.872, 848.9
66.29, 1.871, 847.2
66.30, 1.870, 845.4
66.31, 1.869, 842.9
66.32, 1.868, 840.9
66.33, 1.867, 836.5
66.34, 1.866, 835.4
66.35, 1.865, 831.3
66.36, 1.864, 831.1
66.37, 1.863, 828.6
66.38, 1.862, 827.4
66.39, 1.861, 822.5
66.40, 1.860, 822.3
66.41, 1.859, 818.9
66.42, 1.858, 819.9
66.43, 1.857, 814.8
66.44, 1.856, 817.6
66.45, 1.855, 811.1
66.46, 1.854, 809.9
66.47, 1.853, 805.6
66.48, 1.852, 807.1
66.49, 1.851, 802.4
66.50, 1.850, 800.9
66.51, 1.849, 797.5
66.52, 1.848, 799.4
66.53, 1.847, 794.9
66.54, 1.846, 793.1
66.55, 1.845, 788.6
66.56, 1.844, 788.4
66.57, 1.843, 785.9
66.58, 1.842, 785.2
66.59, 1.841, 781.6
66.60, 1.840, 781.4
66.61, 1.839, 776.6
66.62, 1.838, 775.8
66.63, 1.837, 771.1
66.64, 1.836, 768.6
66.65, 1.835, 767.6
66.66, 1.834, 764.7
66.67, 1.833, 764.4
66.68, 1.832, 761.3
66.69, 1.831, 758.4
66.70, 1.830, 756.7
66.71, 1.829, 753.7
66.72, 1.828, 752.0
66.73, 1.827, 750.0
66.74, 1.826, 745.8
66.75, 1.825, 745.5
66.76, 1.824, 741.6
66.77, 1.823, 741.9
66.78, 1.822, 736.2
66.79, 1.821, 736.7
66.80, 1.820, 732.6
66.81, 1.819, 730.4
66.82, 1.818, 726.9
66.83, 1.817, 725.6
66.84, 1.816, 722.0
66.85, 1.815, 721.3
66.86, 1.814, 716.9
66.87, 1.813, 717.1
66.88, 1.812, 714.0
66.89, 1.811, 713.3
66.90, 1.810, 709.7
66.91, 1.809, 707.8
66.92, 1.808, 705.0
66.93, 1.807, 702.3
66.94, 1.806, 699.8
66.95, 1.805, 700.4
66.96, 1.804, 697.5
66.97, 1.803, 696.5
66.98, 1.802, 694.8
66.99, 1.801, 691.0
67.00, 1.800, 692.4
67.01, 1.799, 686.5
67.02, 1.798, 688.4
67.03, 1.797, 684.3
67.04, 1.796, 680.7
67.05, 1.795, 679.0
67.06, 1.794, 679.4
67.07, 1.793, 675.3
67.08, 1.792, 675.3
67.09, 1.791, 672.3
67.10, 1.790, 672.3
67.11, 1.789, 666.4
67.12, 1.788, 666.5
67.13, 1.787, 662.1
67.14, 1.786, 662.6
67.15, 1.785, 658.0
67.16, 1.784, 657.6
67.17, 1.783, 653.2
67.18, 1.782, 654.3
67.19, 1.781, 648.5
67.20, 1.780, 649.8
67.21, 1.779, 646.8
67.22, 1.778, 647.0
67.23, 1.777, 641.8
67.24, 1.776, 639.1
67.25, 1.775, 636.4
67.26, 1.774, 637.3
67.27, 1.773, 634.3
67.28, 1.772, 632.9
67.29, 1.771, 629.9
67.30, 1.770, 627.8
67.31, 1.769, 627.2
67.32, 1.768, 623.0
67.33, 1.767, 620.2
67.34, 1.766, 619.4
67.35, 1.765, 619.0
67.36, 1.764, 617.3
67.37, 1.763, 612.0
67.38, 1.762, 611.2
67.39, 1.761, 610.1
67.40, 1.760, 607.9
67.41, 1.759, 604.3
67.42, 1.758, 602.9
67.43, 1.757, 598.7
67.44, 1.756, 597.2
67.45, 1.755, 594.2
67.46, 1.754, 595.2
67.47, 1.753, 591.6
67.48, 1.752, 587.9
67.49, 1.751, 586.0
67.50, 1.750, 587.1
67.51, 1.749, 583.3
67.52, 1.748, 584.7
67.53, 1.747, 580.1
67.54, 1.746, 578.6
67.55, 1.745, 575.1
67.56, 1.744, 572.0
67.57, 1.743, 568.3
67.58, 1.742, 568.4
67.59, 1.741, 565.8
67.60, 1.740, 561.5
67.61, 1.739, 559.5
67.62, 1.738, 558.8
67.63, 1.737, 553.7
67.64, 1.736, 551.2
67.65, 1.735, 551.2
67.66, 1.734, 548.0
67.67, 1.733, 545.6
67.68, 1.732, 542.3
67.69, 1.731, 538.4
67.70, 1.730, 537.3
67.71, 1.729, 535.7
67.72, 1.728, 532.2
67.73, 1.727, 528.8
67.74, 1.726, 528.4
67.75, 1.725, 524.4
67.76, 1.724, 523.5
67.77, 1.723, 519.9
67.78, 1.722, 518.1
67.79, 1.721, 512.7
67.80, 1.720, 513.6
67.81, 1.719, 510.7
67.82, 1.718, 508.8
67.83, 1.717, 503.7
67.84, 1.716, 502.9
67.85, 1.715, 497.8
67.86, 1.714, 496.2
67.87, 1.713, 492.6
67.88, 1.712, 491.2
67.89, 1.711, 485.8
67.90, 1.710, 487.1
67.91, 1.709, 482.0
67.92, 1.708, 479.1
67.93, 1.707, 476.6
67.94, 1.706, 476.3
67.95, 1.705, 472.0
67.96, 1.704, 469.3
67.97, 1.703, 465.8
67.98, 1.702, 463.1
67.99, 1.701, 459.2
68.00, 1.700, 458.5
68.01, 1.699, 453.1
68.02, 1.698, 451.2
68.03, 1.697, 445.3
68.04, 1.696, 446.1
68.05, 1.695, 442.0
68.06, 1.694, 438.9
68.07, 1.693, 435.6
68.08, 1.692, 433.9
68.09, 1.691, 429.9
68.10, 1.690, 426.3
68.11, 1.689, 421.9
68.12, 1.688, 422.7
68.13, 1.687, 419.2
68.14, 1.686, 416.7
68.15, 1.685, 412.3
68.16, 1.684, 410.3
68.17, 1.683, 406.2
68.18, 1.682, 403.4
68.19, 1.681, 399.4
68.20, 1.680, 396.4
68.21, 1.679, 395.5
68.22, 1.678, 392.3
68.23, 1.677, 388.8
68.24, 1.676, 383.3
68.25, 1.675, 382.1
68.26, 1.674, 379.0
68.27, 1.673, 376.9
68.28, 1.672, 370.8
68.29, 1.671, 368.5
68.30, 1.670, 365.2
68.31, 1.669, 363.6
68.32, 1.668, 360.6
68.33, 1.667, 359.0
68.34, 1.666, 354.2
68.35, 1.665, 350.2
68.36, 1.664, 346.7
68.37, 1.663, 345.8
68.38, 1.662, 342.1
68.39, 1.661, 339.0
68.40, 1.660, 333.5
68.41, 1.659, 331.8
68.42, 1.658, 327.6
68.43, 1.657, 324.2
68.44, 1.656, 321.5
68.45, 1.655, 318.9
68.46, 1.654, 314.5
68.47, 1.653, 311.9
68.48, 1.652, 309.1
68.49, 1.651, 305.1
68.50, 1.650, 302.5
68.51, 1.649, 299.5
68.52, 1.648, 295.8
68.53, 1.647, 292.9
68.54, 1.646, 291.6
68.55, 1.645, 286.9
68.56, 1.644, 285.4
68.57, 1.643, 280.2
68.58, 1.642, 278.4
68.59, 1.641, 275.5
68.60, 1.640, 276.0
68.61, 1.639, 269.5
68.62, 1.638, 269.0
68.63, 1.637, 265.7
68.64, 1.636, 265.4
68.65, 1.635, 258.3
68.66, 1.634, 255.9
68.67, 1.633, 252.6
68.68, 1.632, 252.9
68.69, 1.631, 248.7
68.70, 1.630, 246.8
68.71, 1.629, 241.9
68.72, 1.628, 238.5
68.73, 1.627, 236.5
68.74, 1.626, 232.8
68.75, 1.625, 232.7
68.76, 1.624, 228.8
68.77, 1.623, 227.6
68.78, 1.622, 224.9
68.79, 1.621, 222.1
68.80, 1.620, 218.4
68.81, 1.619, 216.5
68.82, 1.618, 213.1
68.83, 1.617, 210.9
68.84, 1.616, 207.2
68.85, 1.615, 203.7
68.86, 1.614, 200.5
68.87, 1.613, 199.6
68.88, 1.612, 197.9
68.89, 1.611, 192.5
68.90, 1.610, 193.2
68.91, 1.609, 189.9
68.92, 1.608, 186.1
68.93, 1.607, 183.8
68.94, 1.606, 183.7
68.95, 1.605, 180.1
68.96, 1.604, 177.9
68.97, 1.603, 174.3
68.98, 1.602, 171.8
68.99, 1.601, 169.2
69.00, 1.600, 168.3
69.01, 1.599, 165.1
69.02, 1.598, 161.9
69.03, 1.597, 162.2
69.04, 1.596, 157.4
69.05, 1.595, 155.1
69.06, 1.594, 153.3
69.07, 1.593, 152.5
69.08, 1.592, 147.6
69.09, 1.591, 148.5
69.10, 1.590, 144.7
69.11, 1.589, 144.2
69.12, 1.588, 139.8
69.13, 1.587, 139.3
69.14, 1.586, 135.8
69.15, 1.585, 134.8
69.16, 1.584, 132.1
69.17, 1.583, 129.4
69.18, 1.582, 129.0
69.19, 1.581, 124.1
69.20, 1.580, 123.8
69.21, 1.579, 119.8
69.22, 1.578, 120.5
69.23, 1.577, 117.3
69.24, 1.576, 117.5
69.25, 1.575, 112.0
69.26, 1.574, 111.7
69.27, 1.573, 108.7
69.28, 1.572, 106.8
69.29, 1.571, 105.4
69.30, 1.570, 102.1
69.31, 1.569, 101.6
69.32, 1.568, 97.03
69.33, 1.567, 98.47
69.34, 1.566, 95.11
69.35, 1.565, 94.25
69.36, 1.564, 90.29
69.37, 1.563, 91.23
69.38, 1.562, 88.33
69.39, 1.561, 88.18
69.40, 1.560, 85.22
69.41, 1.559, 83.98
69.42, 1.558, 83.07
69.43, 1.557, 80.95
69.44, 1.556, 77.48
69.45, 1.555, 78.18
69.46, 1.554, 75.83
69.47, 1.553, 72.82
69.48, 1.552, 74.58
69.49, 1.551, 72.49
69.50, 1.550, 70.91
69.51, 1.549, 67.48
69.52, 1.548, 67.20
69.53, 1.547, 64.76
69.54, 1.546, 63.38
69.55, 1.545, 61.34
69.56, 1.544, 60.85
69.57, 1.543, 61.42
69.58, 1.542, 59.44
69.59, 1.541, 56.79
69.60, 1.540, 55.14
69.61, 1.539, 56.46
69.62, 1.538, 51.63
69.63, 1.537, 52.31
69.64, 1.536, 48.73
69.65, 1.535, 50.76
69.66, 1.534, 45.93
69.67, 1.533, 47.23
69.68, 1.532, 44.65
69.69, 1.531, 44.46
69.70, 1.530, 42.81
69.71, 1.529, 42.54
69.72, 1.528, 39.43
69.73, 1.527, 40.29
69.74, 1.526, 36.77
69.75, 1.525, 37.06
69.76, 1.524, 35.45
69.77, 1.523, 35.29
69.78, 1.522, 33.11
69.79, 1.521, 32.13
69.80, 1.520, 32.40
69.81, 1.519, 29.99
69.82, 1.518, 29.32
69.83, 1.517, 28.67
69.84, 1.516, 28.66
69.85, 1.515, 27.07
69.86, 1.514, 26.92
69.87, 1.513, 24.97
69.88, 1.512, 26.53
69.89, 1.511, 23.72
69.90, 1.510, 23.10
69.91, 1.509, 21.73
69.92, 1.508, 22.59
69.93, 1.507, 21.29
69.94, 1.506, 21.66
69.95, 1.505, 20.21
69.96, 1.504, 20.16
69.97, 1.503, 18.20
69.98, 1.502, 18.20
69.99, 1.501, 18.15
70.00, 1.500, 18.46
70.01, 1.499, 20.22
70.02, 1.498, 18.95
70.03, 1.497, 14.53
70.04, 1.496, 14.25
70.05, 1.495, 15.94
70.06, 1.494, 13.56
70.07, 1.493, 15.54
70.08, 1.492, 13.20
70.09, 1.491, 12.80
70.10, 1.490, 11.63
70.11, 1.489, 10.48
70.12, 1.488, 9.932
70.13, 1.487, 8.746
70.14, 1.486, 10.75
70.15, 1.485, 7.834
70.16, 1.484, 9.033
70.17, 1.483, 7.800
70.18, 1.482, 9.105
70.19, 1.481, 7.613
70.20, 1.480, 7.664
70.21, 1.479, 4.967
70.22, 1.478, 5.900
70.23, 1.477, 6.143
70.24, 1.476, 6.287
70.25, 1.475, 5.230
70.26, 1.474, 3.640
70.27, 1.473, 6.085
70.28, 1.472, 1.973
70.29, 1.471, 4.883
70.30, 1.470, 4.300
70.31, 1.469, 3.158
70.32, 1.468, 3.368
70.33, 1.467, 2.400
70.34, 1.466, 3.436
70.35, 1.465, 2.819
70.36, 1.464, 4.400
70.37, 1.463, 0.1106
70.38, 1.462, 3.872
70.39, 1.461, 1.693
70.40, 1.460, 2.214
70.41, 1.459, 0.2130
70.42, 1.458, 1.079
70.43, 1.457, -0.8276
70.44, 1.456, 0.5909
70.45, 1.455, -0.7979
70.46, 1.454, 1.415
70.47, 1.453, -0.7194
70.48, 1.452, -1.158
70.49, 1.451, -1.627
70.50, 1.450, -2.690
70.51, 1.449, -2.043
70.52, 1.448, -3.882
70.53, 1.447, -0.3906
70.54, 1.446, -4.205
70.55, 1.445, -1.350
70.56, 1.444, -4.492
70.57, 1.443, -3.256
70.58, 1.442, -4.208
70.59, 1.441, -3.253
70.60, 1.440, -4.472
70.61, 1.439, -3.215
70.62, 1.438, -4.271
70.63, 1.437, -3.154
70.64, 1.436, -4.655
70.65, 1.435, -3.167
70.66, 1.434, -5.429
70.67, 1.433, -5.180
70.68, 1.432, -5.004
70.69, 1.431, -4.861
70.70, 1.430, -5.281
70.71, 1.429, -5.654
70.72, 1.428, -5.157
70.73, 1.427, -6.876
70.74, 1.426, -4.024
70.75, 1.425, -6.804
70.76, 1.424, -4.804
70.77, 1.423, -6.479
70.78, 1.422, -4.125
70.79, 1.421, -6.533
70.80, 1.420, -4.588
70.81, 1.419, -5.702
70.82, 1.418, -5.127
70.83, 1.417, -5.577
70.84, 1.416, -6.742
70.85, 1.415, -5.054
70.86, 1.414, -6.010
70.87, 1.413, -4.237
70.88, 1.412, -8.661
70.89, 1.411, -5.742
70.90, 1.410, -6.440
70.91, 1.409, -4.353
70.92, 1.408, -5.806
70.93, 1.407, -5.762
70.94, 1.406, -6.560
70.95, 1.405, -4.524
70.96, 1.404, -7.885
70.97, 1.403, -7.328
70.98, 1.402, -7.424
70.99, 1.401, -7.728
71.00, 1.400, -7.977
71.01, 1.399, -7.134
71.02, 1.398, -6.931
71.03, 1.397, -5.743
71.04, 1.396, -9.040
71.05, 1.395, -6.883
71.06, 1.394, -8.194
71.07, 1.393, -5.337
71.08, 1.392, -8.303
71.09, 1.391, -7.240
71.10, 1.390, -8.844
71.11, 1.389, -4.791
71.12, 1.388, -7.083
71.13, 1.387, -6.449
71.14, 1.386, -7.141
71.15, 1.385, -6.877
71.16, 1.384, -7.476
71.17, 1.383, -6.082
71.18, 1.382, -8.590
71.19, 1.381, -6.575
71.20, 1.380, -9.248
71.21, 1.379, -6.363
71.22, 1.378, -7.859
71.23, 1.377, -5.328
71.24, 1.376, -8.866
71.25, 1.375, -4.532
71.26, 1.374, -8.729
71.27, 1.373, -6.599
71.28, 1.372, -7.811
71.29, 1.371, -6.458
71.30, 1.370, -7.617
71.31, 1.369, -9.053
71.32, 1.368, -8.742
71.33, 1.367, -8.465
71.34, 1.366, -8.921
71.35, 1.365, -10.35
71.36, 1.364, -8.385
71.37, 1.363, -10.91
71.38, 1.362, -10.07
71.39, 1.361, -11.38
71.40, 1.360, -9.713
71.41, 1.359, -12.69
71.42, 1.358, -11.47
71.43, 1.357, -12.29
71.44, 1.356, -13.32
71.45, 1.355, -12.13
71.46, 1.354, -14.07
71.47, 1.353, -11.67
71.48, 1.352, -14.10
71.49, 1.351, -12.27
71.50, 1.350, -12.96
71.51, 1.349, -13.52
71.52, 1.348, -14.07
71.53, 1.347, -11.75
71.54, 1.346, -14.75
71.55, 1.345, -12.31
71.56, 1.344, -12.57
71.57, 1.343, -12.64
71.58, 1.342, -12.34
71.59, 1.341, -11.77
71.60, 1.340, -12.52
71.61, 1.339, -13.16
71.62, 1.338, -10.74
71.63, 1.337, -12.03
71.64, 1.336, -11.87
71.65, 1.335, -11.79
71.66, 1.334, -10.87
71.67, 1.333, -10.93
71.68, 1.332, -8.465
71.69, 1.331, -8.875
71.70, 1.330, -9.519
71.71, 1.329, -9.595
71.72, 1.328, -8.146
71.73, 1.327, -8.524
71.74, 1.326, -8.068
71.75, 1.325, -7.497
71.76, 1.324, -7.123
71.77, 1.323, -6.655
71.78, 1.322, -7.372
71.79, 1.321, -7.790
71.80, 1.320, -7.836
71.81, 1.319, -8.482
71.82, 1.318, -7.628
71.83, 1.317, -7.525
71.84, 1.316, -8.091
71.85, 1.315, -7.312
71.86, 1.314, -8.746
71.87, 1.313, -6.364
71.88, 1.312, -8.113
71.89, 1.311, -6.129
71.90, 1.310, -7.337
71.91, 1.309, -7.025
71.92, 1.308, -5.903
71.93, 1.307, -6.181
71.94, 1.306, -7.585
71.95, 1.305, -5.805
71.96, 1.304, -6.356
71.97, 1.303, -5.436
71.98, 1.302, -7.404
71.99, 1.301, -6.273
72.00, 1.300, -7.967
72.01, 1.299, -6.046
72.02, 1.298, -7.185
72.03, 1.297, -5.862
72.04, 1.296, -6.869
72.05, 1.295, -5.072
72.06, 1.294, -6.336
72.07, 1.293, -4.037
72.08, 1.292, -7.532
72.09, 1.291, -5.144
72.10, 1.290, -7.409
72.11, 1.289, -3.670
72.12, 1.288, -6.446
72.13, 1.287, -4.990
72.14, 1.286, -6.245
72.15, 1.285, -5.311
72.16, 1.284, -6.133
72.17, 1.283, -4.795
72.18, 1.282, -5.635
72.19, 1.281, -6.441
72.20, 1.280, -6.410
72.21, 1.279, -5.976
72.22, 1.278, -6.626
72.23, 1.277, -7.052
72.24, 1.276, -5.464
72.25, 1.275, -6.250
72.26, 1.274, -4.858
72.27, 1.273, -6.667
72.28, 1.272, -7.452
72.29, 1.271, -5.773
72.30, 1.270, -4.778
72.31, 1.269, -5.527
72.32, 1.268, -4.031
72.33, 1.267, -5.333
72.34, 1.266, -4.884
72.35, 1.265, -6.263
72.36, 1.264, -3.837
72.37, 1.263, -7.404
72.38, 1.262, -5.834
72.39, 1.261, -6.049
72.40, 1.260, -5.347
72.41, 1.259, -7.613
72.42, 1.258, -7.303
72.43, 1.257, -5.453
72.44, 1.256, -6.842
72.45, 1.255, -3.391
72.46, 1.254, -5.254
72.47, 1.253, -6.314
72.48, 1.252, -5.521
72.49, 1.251, -5.297
72.50, 1.250, -4.210
72.51, 1.249, -5.597
72.52, 1.248, -5.115
72.53, 1.247, -4.774
72.54, 1.246, -3.787
72.55, 1.245, -4.788
72.56, 1.244, -6.105
72.57, 1.243, -5.622
72.58, 1.242, -5.940
72.59, 1.241, -5.965
72.60, 1.240, -5.849
72.61, 1.239, -4.938
72.62, 1.238, -5.461
72.63, 1.237, -5.703
72.64, 1.236, -7.053
72.65, 1.235, -5.060
72.66, 1.234, -6.933
72.67, 1.233, -6.822
72.68, 1.232, -7.017
72.69, 1.231, -6.628
72.70, 1.230, -7.906
72.71, 1.229, -3.675
72.72, 1.228, -5.701
72.73, 1.227, -2.960
72.74, 1.226, -6.064
72.75, 1.225, -5.001
72.76, 1.224, -6.301
72.77, 1.223, -6.470
72.78, 1.222, -3.943
72.79, 1.221, -6.895
72.80, 1.220, -7.744
72.81, 1.219, -5.075
72.82, 1.218, -4.392
72.83, 1.217, -7.192
72.84, 1.216, -5.463
72.85, 1.215, -6.202
72.86, 1.214, -5.256
72.87, 1.213, -7.678
72.88, 1.212, -5.462
72.89, 1.211, -5.126
72.90, 1.210, -4.717
72.91, 1.209, -5.437
72.92, 1.208, -5.092
72.93, 1.207, -6.962
72.94, 1.206, -2.731
72.95, 1.205, -5.723
72.96, 1.204, -5.523
72.97, 1.203, -4.582
72.98, 1.202, -1.516
72.99, 1.201, -6.571
73.00, 1.200, -6.600
73.01, 1.199, -6.353
73.02, 1.198, -4.049
73.03, 1.197, -5.922
73.04, 1.196, -5.106
73.05, 1.195, -4.603
73.06, 1.194, -5.514
73.07, 1.193, -6.483
73.08, 1.192, -5.093
73.09, 1.191, -3.989
73.10, 1.190, -3.793
73.11, 1.189, -6.210
73.12, 1.188, -4.874
73.13, 1.187, -6.393
73.14, 1.186, -4.526
73.15, 1.185, -6.455
73.16, 1.184, -4.573
73.17, 1.183, -3.589
73.18, 1.182, -5.002
73.19, 1.181, -4.571
73.20, 1.180, -4.987
73.21, 1.179, -5.381
73.22, 1.178, -5.039
73.23, 1.177, -4.830
73.24, 1.176, -6.659
73.25, 1.175, -4.080
73.26, 1.174, -5.600
73.27, 1.173, -4.246
73.28, 1.172, -3.983
73.29, 1.171, -4.544
73.30, 1.170, -4.952
73.31, 1.169, -6.106
73.32, 1.168, -5.283
73.33, 1.167, -4.944
73.34, 1.166, -6.200
73.35, 1.165, -4.371
73.36, 1.164, -6.369
73.37, 1.163, -4.019
73.38, 1.162, -6.330
73.39, 1.161, -3.567
73.40, 1.160, -4.850
73.41, 1.159, -3.489
73.42, 1.158, -6.872
73.43, 1.157, -4.256
73.44, 1.156, -5.001
73.45, 1.155, -5.621
73.46, 1.154, -6.046
73.47, 1.153, -5.176
73.48, 1.152, -5.540
73.49, 1.151, -4.857
73.50, 1.150, -6.158
73.51, 1.149, -5.373
73.52, 1.148, -4.589
73.53, 1.147, -4.755
73.54, 1.146, -3.944
73.55, 1.145, -7.077
73.56, 1.144, -5.016
73.57, 1.143, -5.461
73.58, 1.142, -4.611
73.59, 1.141, -5.784
73.60, 1.140, -5.579
73.61, 1.139, -4.645
73.62, 1.138, -3.193
73.63, 1.137, -5.102
73.64, 1.136, -3.344
73.65, 1.135, -5.848
73.66, 1.134, -5.345
73.67, 1.133, -3.307
73.68, 1.132, -4.906
73.69, 1.131, -5.496
73.70, 1.130, -4.902
73.71, 1.129, -4.816
73.72, 1.128, -5.023
73.73, 1.127, -5.325
73.74, 1.126, -5.435
73.75, 1.125, -6.418
73.76, 1.124, -2.711
73.77, 1.123, -3.150
73.78, 1.122, -4.785
73.79, 1.121, -4.564
73.80, 1.120, -3.980
73.81, 1.119, -5.801
73.82, 1.118, -6.147
73.83, 1.117, -4.357
73.84, 1.116, -4.422
73.85, 1.115, -4.181
73.86, 1.114, -5.029
73.87, 1.113, -5.641
73.88, 1.112, -5.961
73.89, 1.111, -4.161
73.90, 1.110, -7.451
73.91, 1.109, -4.882
73.92, 1.108, -4.306
73.93, 1.107, -4.868
73.94, 1.106, -6.142
73.95, 1.105, -6.113
73.96, 1.104, -5.740
73.97, 1.103, -5.778
73.98, 1.102, -5.133
73.99, 1.101, -4.727
74.00, 1.100, -3.422
74.01, 1.099, -5.070
74.02, 1.098, -5.621
74.03, 1.097, -3.800
74.04, 1.096, -5.286
74.05, 1.095, -5.898
74.06, 1.094, -4.952
74.07, 1.093, -5.155
74.08, 1.092, -3.752
74.09, 1.091, -4.814
74.10, 1.090, -4.941
74.11, 1.089, -5.954
74.12, 1.088, -3.425
74.13, 1.087, -5.624
74.14, 1.086, -3.724
74.15, 1.085, -3.844
74.16, 1.084, -4.988
74.17, 1.083, -4.599
74.18, 1.082, -4.894
74.19, 1.081, -5.346
74.20, 1.080, -7.513
74.21, 1.079, -5.696
74.22, 1.078, -5.721
74.23, 1.077, -3.923
74.24, 1.076, -5.051
74.25, 1.075, -4.191
74.26, 1.074, -3.622
74.27, 1.073, -5.496
74.28, 1.072, -6.853
74.29, 1.071, -5.357
74.30, 1.070, -5.302
74.31, 1.069, -5.625
74.32, 1.068, -6.997
74.33, 1.067, -3.678
74.34, 1.066, -5.557
74.35, 1.065, -4.562
74.36, 1.064, -4.662
74.37, 1.063, -3.691
74.38, 1.062, -5.797
74.39, 1.061, -5.000
74.40, 1.060, -4.894
74.41, 1.059, -6.086
74.42, 1.058, -3.185
74.43, 1.057, -5.344
74.44, 1.056, -5.089
74.45, 1.055, -6.628
74.46, 1.054, -3.962
74.47, 1.053, -5.020
74.48, 1.052, -5.091
74.49, 1.051, -5.336
74.50, 1.050, -6.506
74.51, 1.049, -4.493
74.52, 1.048, -3.522
74.53, 1.047, -4.763
74.54, 1.046, -4.758
74.55, 1.045, -6.410
74.56, 1.044, -5.296
74.57, 1.043, -2.110
74.58, 1.042, -6.064
74.59, 1.041, -2.844
74.60, 1.040, -5.022
74.61, 1.039, -5.591
74.62, 1.038, -5.548
74.63, 1.037, -4.191
74.64, 1.036, -5.358
74.65, 1.035, -4.996
74.66, 1.034, -3.524
74.67, 1.033, -5.576
74.68, 1.032, -4.015
74.69, 1.031, -5.880
74.70, 1.030, -5.494
74.71, 1.029, -5.642
74.72, 1.028, -5.467
74.73, 1.027, -5.694
74.74, 1.026, -3.444
74.75, 1.025, -7.335
74.76, 1.024, -4.577
74.77, 1.023, -4.913
74.78, 1.022, -5.587
74.79, 1.021, -4.553
74.80, 1.020, -4.694
74.81, 1.019, -6.606
74.82, 1.018, -3.343
74.83, 1.017, -4.707
74.84, 1.016, -4.989
74.85, 1.015, -3.360
74.86, 1.014, -4.931
74.87, 1.013, -4.430
74.88, 1.012, -3.643
74.89, 1.011, -3.081
74.90, 1.010, -5.631
74.91, 1.009, -5.079
74.92, 1.008, -5.484
74.93, 1.007, -4.537
74.94, 1.006, -6.827
74.95, 1.005, -4.112
74.96, 1.004, -6.702
74.97, 1.003, -4.979
74.98, 1.002, -6.965
74.99, 1.001, -3.706
75.00, 1.000, -5.939
75.01, 0.9990, -3.216
75.02, 0.9980, -4.968
75.03, 0.9970, -3.692
75.04, 0.9960, -4.350
75.05, 0.9950, -5.208
75.06, 0.9940, -4.151
75.07, 0.9930, -3.727
75.08, 0.9920, -4.283
75.09, 0.9910, -2.913
75.10, 0.9900, -4.545
75.11, 0.9890, -6.442
75.12, 0.9880, -3.728
75.13, 0.9870, -4.955
75.14, 0.9860, -4.262
75.15, 0.9850, -5.855
75.16, 0.9840, -5.217
75.17, 0.9830, -5.512
75.18, 0.9820, -3.320
75.19, 0.9810, -6.504
75.20, 0.9800, -5.280
75.21, 0.9790, -4.762
75.22, 0.9780, -6.274
75.23, 0.9770, -3.767
75.24, 0.9760, -4.730
75.25, 0.9750, -6.702
75.26, 0.9740, -4.904
75.27, 0.9730, -5.673
75.28, 0.9720, -4.037
75.29, 0.9710, -4.963
75.30, 0.9700, -4.765
75.31, 0.9690, -3.618
75.32, 0.9680, -5.033
75.33, 0.9670, -5.904
75.34, 0.9660, -3.640
75.35, 0.9650, -5.464
75.36, 0.9640, -4.288
75.37, 0.9630, -4.142
75.38, 0.9620, -5.461
75.39, 0.9610, -1.999
75.40, 0.9600, -4.806
75.41, 0.9590, -4.255
75.42, 0.9580, -3.470
75.43, 0.9570, -6.137
75.44, 0.9560, -4.480
75.45, 0.9550, -6.149
75.46, 0.9540, -4.628
75.47, 0.9530, -5.614
75.48, 0.9520, -3.555
75.49, 0.9510, -4.549
75.50, 0.9500, -6.327
75.51, 0.9490, -4.082
75.52, 0.9480, -5.602
75.53, 0.9470, -3.057
75.54, 0.9460, -5.610
75.55, 0.9450, -3.375
75.56, 0.9440, -5.146
75.57, 0.9430, -3.780
75.58, 0.9420, -2.882
75.59, 0.9410, -5.104
75.60, 0.9400, -2.977
75.61, 0.9390, -6.337
75.62, 0.9380, -4.449
75.63, 0.9370, -5.360
75.64, 0.9360, -3.501
75.65, 0.9350, -4.396
75.66, 0.9340, -3.413
75.67, 0.9330, -5.253
75.68, 0.9320, -3.092
75.69, 0.9310, -4.202
75.70, 0.9300, -3.796
75.71, 0.9290, -6.022
75.72, 0.9280, -5.447
75.73, 0.9270, -5.589
75.74, 0.9260, -4.775
75.75, 0.9250, -4.481
75.76, 0.9240, -4.153
75.77, 0.9230, -3.080
75.78, 0.9220, -4.265
75.79, 0.9210, -3.925
75.80, 0.9200, -4.335
75.81, 0.9190, -4.350
75.82, 0.9180, -4.973
75.83, 0.9170, -3.859
75.84, 0.9160, -4.523
75.85, 0.9150, -4.113
75.86, 0.9140, -3.700
75.87, 0.9130, -5.271
75.88, 0.9120, -3.499
75.89, 0.9110, -4.655
75.90, 0.9100, -4.929
75.91, 0.9090, -2.676
75.92, 0.9080, -5.735
75.93, 0.9070, -4.171
75.94, 0.9060, -6.044
75.95, 0.9050, -4.890
75.96, 0.9040, -7.391
75.97, 0.9030, -5.740
75.98, 0.9020, -6.612
75.99, 0.9010, -3.428
76.00, 0.9000, -4.553
76.01, 0.8990, -3.464
76.02, 0.8980, -6.516
76.03, 0.8970, -5.007
76.04, 0.8960, -6.111
76.05, 0.8950, -4.501
76.06, 0.8940, -4.599
76.07, 0.8930, -5.646
76.08, 0.8920, -5.120
76.09, 0.8910, -7.308
76.10, 0.8900, -4.319
76.11, 0.8890, -5.209
76.12, 0.8880, -4.688
76.13, 0.8870, -5.466
76.14, 0.8860, -2.680
76.15, 0.8850, -4.793
76.16, 0.8840, -3.546
76.17, 0.8830, -4.894
76.18, 0.8820, -4.573
76.19, 0.8810, -5.396
76.20, 0.8800, -3.028
76.21, 0.8790, -4.503
76.22, 0.8780, -4.613
76.23, 0.8770, -2.849
76.24, 0.8760, -5.248
76.25, 0.8750, -4.499
76.26, 0.8740, -5.822
76.27, 0.8730, -4.567
76.28, 0.8720, -5.582
76.29, 0.8710, -5.515
76.30, 0.8700, -4.863
76.31, 0.8690, -3.446
76.32, 0.8680, -4.326
76.33, 0.8670, -4.780
76.34, 0.8660, -6.723
76.35, 0.8650, -3.505
76.36, 0.8640, -6.030
76.37, 0.8630, -3.171
76.38, 0.8620, -4.530
76.39, 0.8610, -3.483
76.40, 0.8600, -3.515
76.41, 0.8590, -5.224
76.42, 0.8580, -5.798
76.43, 0.8570, -6.257
76.44, 0.8560, -3.016
76.45, 0.8550, -6.411
76.46, 0.8540, -5.384
76.47, 0.8530, -4.604
76.48, 0.8520, -5.091
76.49, 0.8510, -3.928
76.50, 0.8500, -5.185
76.51, 0.8490, -3.330
76.52, 0.8480, -5.438
76.53, 0.8470, -4.817
76.54, 0.8460, -5.954
76.55, 0.8450, -5.032
76.56, 0.8440, -4.060
76.57, 0.8430, -3.904
76.58, 0.8420, -5.075
76.59, 0.8410, -4.131
76.60, 0.8400, -4.778
76.61, 0.8390, -3.836
76.62, 0.8380, -2.555
76.63, 0.8370, -3.748
76.64, 0.8360, -5.667
76.65, 0.8350, -4.296
76.66, 0.8340, -4.977
76.67, 0.8330, -6.918
76.68, 0.8320, -3.086
76.69, 0.8310, -4.386
76.70, 0.8300, -4.439
76.71, 0.8290, -3.770
76.72, 0.8280, -5.096
76.73, 0.8270, -5.611
76.74, 0.8260, -4.243
76.75, 0.8250, -5.367
76.76, 0.8240, -5.020
76.77, 0.8230, -4.787
76.78, 0.8220, -4.799
76.79, 0.8210, -4.832
76.80, 0.8200, -4.464
76.81, 0.8190, -3.807
76.82, 0.8180, -5.977
76.83, 0.8170, -3.758
76.84, 0.8160, -4.320
76.85, 0.8150, -4.847
76.86, 0.8140, -5.243
76.87, 0.8130, -2.782
76.88, 0.8120, -4.150
76.89, 0.8110, -4.111
76.90, 0.8100, -4.770
76.91, 0.8090, -4.993
76.92, 0.8080, -5.225
76.93, 0.8070, -4.247
76.94, 0.8060, -5.651
76.95, 0.8050, -4.539
76.96, 0.8040, -4.398
76.97, 0.8030, -5.117
76.98, 0.8020, -5.288
76.99, 0.8010, -6.323
77.00, 0.8000, -3.801
77.01, 0.7990, -5.024
77.02, 0.7980, -4.010
77.03, 0.7970, -4.204
77.04, 0.7960, -4.223
77.05, 0.7950, -6.490
77.06, 0.7940, -3.990
77.07, 0.7930, -5.413
77.08, 0.7920, -5.851
77.09, 0.7910, -3.912
77.10, 0.7900, -4.941
77.11, 0.7890, -3.756
77.12, 0.7880, -3.858
77.13, 0.7870, -4.762
77.14, 0.7860, -3.191
77.15, 0.7850, -4.067
77.16, 0.7840, -3.710
77.17, 0.7830, -4.737
77.18, 0.7820, -5.468
77.19, 0.7810, -3.028
77.20, 0.7800, -2.947
77.21, 0.7790, -5.176
77.22, 0.7780, -3.716
77.23, 0.7770, -5.595
77.24, 0.7760, -4.732
77.25, 0.7750, -6.449
77.26, 0.7740, -2.607
77.27, 0.7730, -5.135
77.28, 0.7720, -4.754
77.29, 0.7710, -5.289
77.30, 0.7700, -3.289
77.31, 0.7690, -5.248
77.32, 0.7680, -4.560
77.33, 0.7670, -5.107
77.34, 0.7660, -2.820
77.35, 0.7650, -4.553
77.36, 0.7640, -3.641
77.37, 0.7630, -4.464
77.38, 0.7620, -4.074
77.39, 0.7610, -4.981
77.40, 0.7600, -5.720
77.41, 0.7590, -4.132
77.42, 0.7580, -4.499
77.43, 0.7570, -4.545
77.44, 0.7560, -5.233
77.45, 0.7550, -4.324
77.46, 0.7540, -4.286
77.47, 0.7530, -4.975
77.48, 0.7520, -4.601
77.49, 0.7510, -3.764
77.50, 0.7500, -4.101
77.51, 0.7490, -3.075
77.52, 0.7480, -4.817
77.53, 0.7470, -4.849
77.54, 0.7460, -4.454
77.55, 0.7450, -6.002
77.56, 0.7440, -4.265
77.57, 0.7430, -6.251
77.58, 0.7420, -2.900
77.59, 0.7410, -4.035
77.60, 0.7400, -3.282
77.61, 0.7390, -6.443
77.62, 0.7380, -5.117
77.63, 0.7370, -4.810
77.64, 0.7360, -4.462
77.65, 0.7350, -4.531
77.66, 0.7340, -3.706
77.67, 0.7330, -4.852
77.68, 0.7320, -4.464
77.69, 0.7310, -3.400
77.70, 0.7300, -5.811
77.71, 0.7290, -4.583
77.72, 0.7280, -6.575
77.73, 0.7270, -4.295
77.74, 0.7260, -4.080
77.75, 0.7250, -5.884
77.76, 0.7240, -5.054
77.77, 0.7230, -2.809
77.78, 0.7220, -5.138
77.79, 0.7210, -3.513
77.80, 0.7200, -5.406
77.81, 0.7190, -3.886
77.82, 0.7180, -6.195
77.83, 0.7170, -3.323
77.84, 0.7160, -5.273
77.85, 0.7150, -4.101
77.86, 0.7140, -4.924
77.87, 0.7130, -4.851
77.88, 0.7120, -5.477
77.89, 0.7110, -2.849
77.90, 0.7100, -5.075
77.91, 0.7090, -4.804
77.92, 0.7080, -5.105
77.93, 0.7070, -4.695
77.94, 0.7060, -5.304
77.95, 0.7050, -6.273
77.96, 0.7040, -4.525
77.97, 0.7030, -5.624
77.98, 0.7020, -6.172
77.99, 0.7010, -4.842
78.00, 0.7000, -4.862
78.01, 0.6990, -3.664
78.02, 0.6980, -5.435
78.03, 0.6970, -5.653
78.04, 0.6960, -4.073
78.05, 0.6950, -4.108
78.06, 0.6940, -6.935
78.07, 0.6930, -4.453
78.08, 0.6920, -3.589
78.09, 0.6910, -4.118
78.10, 0.6900, -7.925
78.11, 0.6890, -4.302
78.12, 0.6880, -4.054
78.13, 0.6870, -3.580
78.14, 0.6860, -5.879
78.15, 0.6850, -3.221
78.16, 0.6840, -6.822
78.17, 0.6830, -2.833
78.18, 0.6820, -4.349
78.19, 0.6810, -3.415
78.20, 0.6800, -5.750
78.21, 0.6790, -4.680
78.22, 0.6780, -5.028
78.23, 0.6770, -4.256
78.24, 0.6760, -4.591
78.25, 0.6750, -3.351
78.26, 0.6740, -4.277
78.27, 0.6730, -4.622
78.28, 0.6720, -8.224
78.29, 0.6710, -5.168
78.30, 0.6700, -4.422
78.31, 0.6690, -3.322
78.32, 0.6680, -5.379
78.33, 0.6670, -3.462
78.34, 0.6660, -5.867
78.35, 0.6650, -4.390
78.36, 0.6640, -6.905
78.37, 0.6630, -4.987
78.38, 0.6620, -6.432
78.39, 0.6610, -4.567
78.40, 0.6600, -4.059
78.41, 0.6590, -3.499
78.42, 0.6580, -4.366
78.43, 0.6570, -4.378
78.44, 0.6560, -4.888
78.45, 0.6550, -2.625
78.46, 0.6540, -3.192
78.47, 0.6530, -3.948
78.48, 0.6520, -6.320
78.49, 0.6510, -3.025
78.50, 0.6500, -3.304
78.51, 0.6490, -3.224
78.52, 0.6480, -4.406
78.53, 0.6470, -5.964
78.54, 0.6460, -5.553
78.55, 0.6450, -6.991
78.56, 0.6440, -5.658
78.57, 0.6430, -4.261
78.58, 0.6420, -4.510
78.59, 0.6410, -5.753
78.60, 0.6400, -5.604
78.61, 0.6390, -3.033
78.62, 0.6380, -4.747
78.63, 0.6370, -5.187
78.64, 0.6360, -3.328
78.65, 0.6350, -5.363
78.66, 0.6340, -4.404
78.67, 0.6330, -4.802
78.68, 0.6320, -5.668
78.69, 0.6310, -4.244
78.70, 0.6300, -5.287
78.71, 0.6290, -4.885
78.72, 0.6280, -4.890
78.73, 0.6270, -4.750
78.74, 0.6260, -4.953
78.75, 0.6250, -6.612
78.76, 0.6240, -3.992
78.77, 0.6230, -3.675
78.78, 0.6220, -4.225
78.79, 0.6210, -2.705
78.80, 0.6200, -4.508
78.81, 0.6190, -4.199
78.82, 0.6180, -4.221
78.83, 0.6170, -4.308
78.84, 0.6160, -4.422
78.85, 0.6150, -4.064
78.86, 0.6140, -4.162
78.87, 0.6130, -5.035
78.88, 0.6120, -2.754
78.89, 0.6110, -4.369
78.90, 0.6100, -4.395
78.91, 0.6090, -6.097
78.92, 0.6080, -6.185
78.93, 0.6070, -5.196
78.94, 0.6060, -4.229
78.95, 0.6050, -5.592
78.96, 0.6040, -2.913
78.97, 0.6030, -5.164
78.98, 0.6020, -7.024
78.99, 0.6010, -6.090
79.00, 0.6000, -4.249
79.01, 0.5990, -5.543
79.02, 0.5980, -5.080
79.03, 0.5970, -3.566
79.04, 0.5960, -4.326
79.05, 0.5950, -4.776
79.06, 0.5940, -7.787
79.07, 0.5930, -3.273
79.08, 0.5920, -5.578
79.09, 0.5910, -2.976
79.10, 0.5900, -4.823
79.11, 0.5890, -4.998
79.12, 0.5880, -5.875
79.13, 0.5870, -2.879
79.14, 0.5860, -4.645
79.15, 0.5850, -5.513
79.16, 0.5840, -4.337
79.17, 0.5830, -5.636
79.18, 0.5820, -3.084
79.19, 0.5810, -4.669
79.20, 0.5800, -4.356
79.21, 0.5790, -5.484
79.22, 0.5780, -4.815
79.23, 0.5770, -5.440
79.24, 0.5760, -2.738
79.25, 0.5750, -3.966
79.26, 0.5740, -4.759
79.27, 0.5730, -3.724
79.28, 0.5720, -4.978
79.29, 0.5710, -4.239
79.30, 0.5700, -4.957
79.31, 0.5690, -3.977
79.32, 0.5680, -3.276
79.33, 0.5670, -4.898
79.34, 0.5660, -5.942
79.35, 0.5650, -4.796
79.36, 0.5640, -4.671
79.37, 0.5630, -5.934
79.38, 0.5620, -5.862
79.39, 0.5610, -6.819
79.40, 0.5600, -6.381
79.41, 0.5590, -5.040
79.42, 0.5580, -6.144
79.43, 0.5570, -5.716
79.44, 0.5560, -5.259
79.45, 0.5550, -3.670
79.46, 0.5540, -3.726
79.47, 0.5530, -5.298
79.48, 0.5520, -6.177
79.49, 0.5510, -3.461
79.50, 0.5500, -4.895
79.51, 0.5490, -3.367
79.52, 0.5480, -5.341
79.53, 0.5470, -3.126
79.54, 0.5460, -5.481
79.55, 0.5450, -5.555
79.56, 0.5440, -3.975
79.57, 0.5430, -7.042
79.58, 0.5420, -3.829
79.59, 0.5410, -3.773
79.60, 0.5400, -4.198
79.61, 0.5390, -5.248
79.62, 0.5380, -4.135
79.63, 0.5370, -4.561
79.64, 0.5360, -3.215
79.65, 0.5350, -5.640
79.66, 0.5340, -5.864
79.67, 0.5330, -4.642
79.68, 0.5320, -5.217
79.69, 0.5310, -6.158
79.70, 0.5300, -4.073
79.71, 0.5290, -3.498
79.72, 0.5280, -4.687
79.73, 0.5270, -4.973
79.74, 0.5260, -3.117
79.75, 0.5250, -5.106
79.76, 0.5240, -6.087
79.77, 0.5230, -4.160
79.78, 0.5220, -6.269
79.79, 0.5210, -5.056
79.80, 0.5200, -3.652
79.81, 0.5190, -5.106
79.82, 0.5180, -5.802
79.83, 0.5170, -4.839
79.84, 0.5160, -4.375
79.85, 0.5150, -7.288
79.86, 0.5140, -4.003
79.87, 0.5130, -3.720
79.88, 0.5120, -4.790
79.89, 0.5110, -4.226
79.90, 0.5100, -4.055
79.91, 0.5090, -4.327
79.92, 0.5080, -4.000
79.93, 0.5070, -5.134
79.94, 0.5060, -5.658
79.95, 0.5050, -4.297
79.96, 0.5040, -5.449
79.97, 0.5030, -4.852
79.98, 0.5020, -5.037
79.99, 0.5010, -4.077
80.00, 0.5000, -5.287
80.01, 0.4990, -3.010
80.02, 0.4980, -4.261
80.03, 0.4970, -3.947
80.04, 0.4960, -5.425
80.05, 0.4950, -2.947
80.06, 0.4940, -5.540
80.07, 0.4930, -3.975
80.08, 0.4920, -3.003
80.09, 0.4910, -5.652
80.10, 0.4900, -4.292
80.11, 0.4890, -6.159
80.12, 0.4880, -5.036
80.13, 0.4870, -5.382
80.14, 0.4860, -2.427
80.15, 0.4850, -3.222
80.16, 0.4840, -3.835
80.17, 0.4830, -4.769
80.18, 0.4820, -4.081
80.19, 0.4810, -5.814
80.20, 0.4800, -4.551
80.21, 0.4790, -6.725
80.22, 0.4780, -6.431
80.23, 0.4770, -4.772
80.24, 0.4760, -3.276
80.25, 0.4750, -5.939
80.26, 0.4740, -7.360
80.27, 0.4730, -6.197
80.28, 0.4720, -5.323
80.29, 0.4710, -4.479
80.30, 0.4700, -5.432
80.31, 0.4690, -4.322
80.32, 0.4680, -4.849
80.33, 0.4670, -4.951
80.34, 0.4660, -5.679
80.35, 0.4650, -6.281
80.36, 0.4640, -4.786
80.37, 0.4630, -6.585
80.38, 0.4620, -4.220
80.39, 0.4610, -4.052
80.40, 0.4600, -6.264
80.41, 0.4590, -4.476
80.42, 0.4580, -6.640
80.43, 0.4570, -5.080
80.44, 0.4560, -5.414
80.45, 0.4550, -4.704
80.46, 0.4540, -4.256
80.47, 0.4530, -3.651
80.48, 0.4520, -4.647
80.49, 0.4510, -4.934
80.50, 0.4500, -5.845
80.51, 0.4490, -3.637
80.52, 0.4480, -4.983
80.53, 0.4470, -6.154
80.54, 0.4460, -5.421
80.55, 0.4450, -4.003
80.56, 0.4440, -4.787
80.57, 0.4430, -4.568
80.58, 0.4420, -5.227
80.59, 0.4410, -4.468
80.60, 0.4400, -5.519
80.61, 0.4390, -3.691
80.62, 0.4380, -5.609
80.63, 0.4370, -5.602
80.64, 0.4360, -5.720
80.65, 0.4350, -6.506
80.66, 0.4340, -4.542
80.67, 0.4330, -5.462
80.68, 0.4320, -4.659
80.69, 0.4310, -4.286
80.70, 0.4300, -7.390
80.71, 0.4290, -5.990
80.72, 0.4280, -5.280
80.73, 0.4270, -5.481
80.74, 0.4260, -5.159
80.75, 0.4250, -4.255
80.76, 0.4240, -5.509
80.77, 0.4230, -5.630
80.78, 0.4220, -3.909
80.79, 0.4210, -4.248
80.80, 0.4200, -3.776
80.81, 0.4190, -5.279
80.82, 0.4180, -5.051
80.83, 0.4170, -6.307
80.84, 0.4160, -3.378
80.85, 0.4150, -6.596
80.86, 0.4140, -4.849
80.87, 0.4130, -6.879
80.88, 0.4120, -6.109
80.89, 0.4110, -4.415
80.90, 0.4100, -3.718
80.91, 0.4090, -4.942
80.92, 0.4080, -3.892
80.93, 0.4070, -7.225
80.94, 0.4060, -5.444
80.95, 0.4050, -5.962
80.96, 0.4040, -4.189
80.97, 0.4030, -5.674
80.98, 0.4020, -4.377
80.99, 0.4010, -5.194
81.00, 0.4000, -5.617
81.01, 0.3990, -6.962
81.02, 0.3980, -7.890
81.03, 0.3970, -4.276
81.04, 0.3960, -5.140
81.05, 0.3950, -4.902
81.06, 0.3940, -5.647
81.07, 0.3930, -4.633
81.08, 0.3920, -3.185
81.09, 0.3910, -4.200
81.10, 0.3900, -5.748
81.11, 0.3890, -5.763
81.12, 0.3880, -4.498
81.13, 0.3870, -4.683
81.14, 0.3860, -5.731
81.15, 0.3850, -5.031
81.16, 0.3840, -4.414
81.17, 0.3830, -5.160
81.18, 0.3820, -6.730
81.19, 0.3810, -4.613
81.20, 0.3800, -4.979
81.21, 0.3790, -5.343
81.22, 0.3780, -4.909
81.23, 0.3770, -4.554
81.24, 0.3760, -4.172
81.25, 0.3750, -6.234
81.26, 0.3740, -5.570
81.27, 0.3730, -4.784
81.28, 0.3720, -4.665
81.29, 0.3710, -5.046
81.30, 0.3700, -4.149
81.31, 0.3690, -5.670
81.32, 0.3680, -3.577
81.33, 0.3670, -4.442
81.34, 0.3660, -5.352
81.35, 0.3650, -4.928
81.36, 0.3640, -4.468
81.37, 0.3630, -3.964
81.38, 0.3620, -5.277
81.39, 0.3610, -6.231
81.40, 0.3600, -4.670
81.41, 0.3590, -4.756
81.42, 0.3580, -6.856
81.43, 0.3570, -5.283
81.44, 0.3560, -5.346
81.45, 0.3550, -6.249
81.46, 0.3540, -3.975
81.47, 0.3530, -5.499
81.48, 0.3520, -5.918
81.49, 0.3510, -7.499
81.50, 0.3500, -5.152
81.51, 0.3490, -5.992
81.52, 0.3480, -5.459
81.53, 0.3470, -6.312
81.54, 0.3460, -4.385
81.55, 0.3450, -4.217
81.56, 0.3440, -3.904
81.57, 0.3430, -4.364
81.58, 0.3420, -5.574
81.59, 0.3410, -6.464
81.60, 0.3400, -5.094
81.61, 0.3390, -4.603
81.62, 0.3380, -3.749
81.63, 0.3370, -5.721
81.64, 0.3360, -4.535
81.65, 0.3350, -5.408
81.66, 0.3340, -5.971
81.67, 0.3330, -5.272
81.68, 0.3320, -2.641
81.69, 0.3310, -4.540
81.70, 0.3300, -6.074
81.71, 0.3290, -4.069
81.72, 0.3280, -4.954
81.73, 0.3270, -5.632
81.74, 0.3260, -5.597
81.75, 0.3250, -5.144
81.76, 0.3240, -7.849
81.77, 0.3230, -3.445
81.78, 0.3220, -4.347
81.79, 0.3210, -5.514
81.80, 0.3200, -5.497
81.81, 0.3190, -4.195
81.82, 0.3180, -4.986
81.83, 0.3170, -4.249
81.84, 0.3160, -4.952
81.85, 0.3150, -5.549
81.86, 0.3140, -6.886
81.87, 0.3130, -4.880
81.88, 0.3120, -4.866
81.89, 0.3110, -4.018
81.90, 0.3100, -4.134
81.91, 0.3090, -6.781
81.92, 0.3080, -5.914
81.93, 0.3070, -6.874
81.94, 0.3060, -4.548
81.95, 0.3050, -7.231
81.96, 0.3040, -5.491
81.97, 0.3030, -5.322
81.98, 0.3020, -4.478
81.99, 0.3010, -5.166
82.00, 0.3000, -5.389
82.01, 0.2990, -5.856
82.02, 0.2980, -4.236
82.03, 0.2970, -4.917
82.04, 0.2960, -4.334
82.05, 0.2950, -5.379
82.06, 0.2940, -5.232
82.07, 0.2930, -3.431
82.08, 0.2920, -5.791
82.09, 0.2910, -4.156
82.10, 0.2900, -6.526
82.11, 0.2890, -5.071
82.12, 0.2880, -6.555
82.13, 0.2870, -4.434
82.14, 0.2860, -5.294
82.15, 0.2850, -5.706
82.16, 0.2840, -6.229
82.17, 0.2830, -3.835
82.18, 0.2820, -3.518
82.19, 0.2810, -4.880
82.20, 0.2800, -5.763
82.21, 0.2790, -5.839
82.22, 0.2780, -4.756
82.23, 0.2770, -2.916
82.24, 0.2760, -8.291
82.25, 0.2750, -5.228
82.26, 0.2740, -5.680
82.27, 0.2730, -5.114
82.28, 0.2720, -4.105
82.29, 0.2710, -4.330
82.30, 0.2700, -5.466
82.31, 0.2690, -6.717
82.32, 0.2680, -6.709
82.33, 0.2670, -4.448
82.34, 0.2660, -7.681
82.35, 0.2650, -5.477
82.36, 0.2640, -5.019
82.37, 0.2630, -6.076
82.38, 0.2620, -4.410
82.39, 0.2610, -4.788
82.40, 0.2600, -7.548
82.41, 0.2590, -5.205
82.42, 0.2580, -5.542
82.43, 0.2570, -5.422
82.44, 0.2560, -5.685
82.45, 0.2550, -6.015
82.46, 0.2540, -4.175
82.47, 0.2530, -3.911
82.48, 0.2520, -5.148
82.49, 0.2510, -4.695
82.50, 0.2500, -4.350
82.51, 0.2490, -5.942
82.52, 0.2480, -5.621
82.53, 0.2470, -6.399
82.54, 0.2460, -5.895
82.55, 0.2450, -7.841
82.56, 0.2440, -4.072
82.57, 0.2430, -7.924
82.58, 0.2420, -3.973
82.59, 0.2410, -5.761
82.60, 0.2400, -3.585
82.61, 0.2390, -6.016
82.62, 0.2380, -5.617
82.63, 0.2370, -4.999
82.64, 0.2360, -6.669
82.65, 0.2350, -6.594
82.66, 0.2340, -3.450
82.67, 0.2330, -5.653
82.68, 0.2320, -4.964
82.69, 0.2310, -5.182
82.70, 0.2300, -4.756
82.71, 0.2290, -6.675
82.72, 0.2280, -4.184
82.73, 0.2270, -4.212
82.74, 0.2260, -4.092
82.75, 0.2250, -6.641
82.76, 0.2240, -5.410
82.77, 0.2230, -7.192
82.78, 0.2220, -4.926
82.79, 0.2210, -6.359
82.80, 0.2200, -3.994
82.81, 0.2190, -6.453
82.82, 0.2180, -4.786
82.83, 0.2170, -6.022
82.84, 0.2160, -4.389
82.85, 0.2150, -5.231
82.86, 0.2140, -7.453
82.87, 0.2130, -5.997
82.88, 0.2120, -4.705
82.89, 0.2110, -6.004
82.90, 0.2100, -5.795
82.91, 0.2090, -4.978
82.92, 0.2080, -4.590
82.93, 0.2070, -4.494
82.94, 0.2060, -5.618
82.95, 0.2050, -5.557
82.96, 0.2040, -5.328
82.97, 0.2030, -5.019
82.98, 0.2020, -5.782
82.99, 0.2010, -5.550
83.00, 0.2000, -5.290
83.01, 0.1990, -5.202
83.02, 0.1980, -6.238
83.03, 0.1970, -5.955
83.04, 0.1960, -5.499
83.05, 0.1950, -4.124
83.06, 0.1940, -8.452
83.07, 0.1930, -6.535
83.08, 0.1920, -5.895
83.09, 0.1910, -5.411
83.10, 0.1900, -6.524
83.11, 0.1890, -4.467
83.12, 0.1880, -6.128
83.13, 0.1870, -5.701
83.14, 0.1860, -5.983
83.15, 0.1850, -4.931
83.16, 0.1840, -5.643
83.17, 0.1830, -4.332
83.18, 0.1820, -6.445
83.19, 0.1810, -4.548
83.20, 0.1800, -4.845
83.21, 0.1790, -5.458
83.22, 0.1780, -5.791
83.23, 0.1770, -5.579
83.24, 0.1760, -6.092
83.25, 0.1750, -6.333
83.26, 0.1740, -6.161
83.27, 0.1730, -3.296
83.28, 0.1720, -5.514
83.29, 0.1710, -4.486
83.30, 0.1700, -5.768
83.31, 0.1690, -5.577
83.32, 0.1680, -4.490
83.33, 0.1670, -5.332
83.34, 0.1660, -4.877
83.35, 0.1650, -3.958
83.36, 0.1640, -5.963
83.37, 0.1630, -5.751
83.38, 0.1620, -4.714
83.39, 0.1610, -4.736
83.40, 0.1600, -5.370
83.41, 0.1590, -4.322
83.42, 0.1580, -7.489
83.43, 0.1570, -5.846
83.44, 0.1560, -5.161
83.45, 0.1550, -5.274
83.46, 0.1540, -6.619
83.47, 0.1530, -7.685
83.48, 0.1520, -5.730
83.49, 0.1510, -4.512
83.50, 0.1500, -4.909
83.51, 0.1490, -5.431
83.52, 0.1480, -4.394
83.53, 0.1470, -7.806
83.54, 0.1460, -3.753
83.55, 0.1450, -4.138
83.56, 0.1440, -6.079
83.57, 0.1430, -5.489
83.58, 0.1420, -5.030
83.59, 0.1410, -5.643
83.60, 0.1400, -5.314
83.61, 0.1390, -3.912
83.62, 0.1380, -5.949
83.63, 0.1370, -5.232
83.64, 0.1360, -5.571
83.65, 0.1350, -4.443
83.66, 0.1340, -5.531
83.67, 0.1330, -7.423
83.68, 0.1320, -3.452
83.69, 0.1310, -5.378
83.70, 0.1300, -6.272
83.71, 0.1290, -4.514
83.72, 0.1280, -5.393
83.73, 0.1270, -4.980
83.74, 0.1260, -5.654
83.75, 0.1250, -3.941
83.76, 0.1240, -5.587
83.77, 0.1230, -5.767
83.78, 0.1220, -5.890
83.79, 0.1210, -3.714
83.80, 0.1200, -5.600
83.81, 0.1190, -4.300
83.82, 0.1180, -6.622
83.83, 0.1170, -3.893
83.84, 0.1160, -5.474
83.85, 0.1150, -5.376
83.86, 0.1140, -5.587
83.87, 0.1130, -6.165
83.88, 0.1120, -7.188
83.89, 0.1110, -6.350
83.90, 0.1100, -5.518
83.91, 0.1090, -5.320
83.92, 0.1080, -5.986
83.93, 0.1070, -4.181
83.94, 0.1060, -6.272
83.95, 0.1050, -4.859
83.96, 0.1040, -5.881
83.97, 0.1030, -4.141
83.98, 0.1020, -4.283
83.99, 0.1010, -5.996
84.00, 0.1000, -5.766
84.01, 0.09900, -5.415
84.02, 0.09800, -6.537
84.03, 0.09700, -5.176
84.04, 0.09600, -6.103
84.05, 0.09500, -6.232
84.06, 0.09400, -6.251
84.07, 0.09300, -4.743
84.08, 0.09200, -5.198
84.09, 0.09100, -5.956
84.10, 0.09000, -5.786
84.11, 0.08900, -5.079
84.12, 0.08800, -4.736
84.13, 0.08700, -4.706
84.14, 0.08600, -4.814
84.15, 0.08500, -5.980
84.16, 0.08400, -4.866
84.17, 0.08300, -7.771
84.18, 0.08200, -5.000
84.19, 0.08100, -5.733
84.20, 0.08000, -5.370
84.21, 0.07900, -5.953
84.22, 0.07800, -5.294
84.23, 0.07700, -5.626
84.24, 0.07600, -7.826
84.25, 0.07500, -4.709
84.26, 0.07400, -5.345
84.27, 0.07300, -6.176
84.28, 0.07200, -5.752
84.29, 0.07100, -5.506
84.30, 0.07000, -4.325
84.31, 0.06900, -5.665
84.32, 0.06800, -5.726
84.33, 0.06700, -5.297
84.34, 0.06600, -5.669
84.35, 0.06500, -6.850
84.36, 0.06400, -4.616
84.37, 0.06300, -7.316
84.38, 0.06200, -5.944
84.39, 0.06100, -5.661
84.40, 0.06000, -4.628
84.41, 0.05900, -5.923
84.42, 0.05800, -5.728
84.43, 0.05700, -7.496
84.44, 0.05600, -7.153
84.45, 0.05500, -6.078
84.46, 0.05400, -6.154
84.47, 0.05300, -7.455
84.48, 0.05200, -4.585
84.49, 0.05100, -7.327
84.50, 0.05000, -4.202
84.51, 0.04900, -7.233
84.52, 0.04800, -5.784
84.53, 0.04700, -5.433
84.54, 0.04600, -5.695
84.55, 0.04500, -4.544
84.56, 0.04400, -5.007
84.57, 0.04300, -6.428
84.58, 0.04200, -4.795
84.59, 0.04100, -4.170
84.60, 0.04000, -5.960
84.61, 0.03900, -4.365
84.62, 0.03800, -5.294
84.63, 0.03700, -5.927
84.64, 0.03600, -4.722
84.65, 0.03500, -6.359
84.66, 0.03400, -5.242
84.67, 0.03300, -3.508
84.68, 0.03200, -5.176
84.69, 0.03100, -4.884
84.70, 0.03000, -5.153
84.71, 0.02900, -5.161
84.72, 0.02800, -6.391
84.73, 0.02700, -3.212
84.74, 0.02600, -6.615
84.75, 0.02500, -7.763
84.76, 0.02400, -4.197
84.77, 0.02300, -7.561
84.78, 0.02200, -6.115
84.79, 0.02100, -5.695
84.80, 0.02000, -6.954
84.81, 0.01900, -4.602
84.82, 0.01800, -6.263
84.83, 0.01700, -4.920
84.84, 0.01600, -5.188
84.85, 0.01500, -5.690
84.86, 0.01400, -7.365
84.87, 0.01300, -6.656
84.88, 0.01200, -9.005
84.89, 0.01100, -6.800
84.90, 0.01000, -5.842
84.91, 0.009000, -6.139
84.92, 0.008000, -6.205
84.93, 0.007000, -5.921
84.94, 0.006000, -8.193
84.95, 0.005000, -5.446
84.96, 0.004000, -7.252
84.97, 0.003000, -5.437
84.98, 0.002000, -6.948
84.99, 0.001000, -6.651
85.00, 0.000, -6.239
