0.01000, -0.8000, -23.36
0.02000, -0.8000, -7.560
0.03000, -0.8000, -6.225
0.04000, -0.8000, -6.264
0.05000, -0.8000, -5.377
0.06000, -0.8000, -6.503
0.07000, -0.8000, -5.851
0.08000, -0.8000, -5.867
0.09000, -0.8000, -6.053
0.1000, -0.8000, -5.578
0.1100, -0.8000, -5.080
0.1200, -0.8000, -5.810
0.1300, -0.8000, -5.978
0.1400, -0.8000, -3.766
0.1500, -0.8000, -6.104
0.1600, -0.8000, -6.399
0.1700, -0.8000, -5.046
0.1800, -0.8000, -6.769
0.1900, -0.8000, -5.651
0.2000, -0.8000, -5.056
0.2100, -0.8000, -5.493
0.2200, -0.8000, -6.200
0.2300, -0.8000, -5.711
0.2400, -0.8000, -4.973
0.2500, -0.8000, -5.412
0.2600, -0.8000, -5.701
0.2700, -0.8000, -6.027
0.2800, -0.8000, -5.911
0.2900, -0.8000, -5.676
0.3000, -0.8000, -5.724
0.3100, -0.8000, -5.281
0.3200, -0.8000, -6.282
0.3300, -0.8000, -5.433
0.3400, -0.8000, -5.262
0.3500, -0.8000, -4.897
0.3600, -0.8000, -4.990
0.3700, -0.8000, -6.340
0.3800, -0.8000, -4.777
0.3900, -0.8000, -4.548
0.4000, -0.8000, -5.638
0.4100, -0.8000, -5.930
0.4200, -0.8000, -6.212
0.4300, -0.8000, -5.875
0.4400, -0.8000, -4.729
0.4500, -0.8000, -5.318
0.4600, -0.8000, -5.654
0.4700, -0.8000, -5.729
0.4800, -0.8000, -5.783
0.4900, -0.8000, -5.412
0.5000, -0.8000, -5.719
0.5100, -0.8000, -5.671
0.5200, -0.8000, -5.295
0.5300, -0.8000, -5.198
0.5400, -0.8000, -6.141
0.5500, -0.8000, -5.766
0.5600, -0.8000, -5.733
0.5700, -0.8000, -5.579
0.5800, -0.8000, -5.144
0.5900, -0.8000, -5.109
0.6000, -0.8000, -5.914
0.6100, -0.8000, -5.452
0.6200, -0.8000, -4.992
0.6300, -0.8000, -6.175
0.6400, -0.8000, -5.780
0.6500, -0.8000, -5.028
0.6600, -0.8000, -5.309
0.6700, -0.8000, -5.744
0.6800, -0.8000, -5.134
0.6900, -0.8000, -5.080
0.7000, -0.8000, -5.265
0.7100, -0.8000, -5.074
0.7200, -0.8000, -5.151
0.7300, -0.8000, -5.211
0.7400, -0.8000, -6.241
0.7500, -0.8000, -4.955
0.7600, -0.8000, -6.451
0.7700, -0.8000, -6.053
0.7800, -0.8000, -4.609
0.7900, -0.8000, -4.326
0.8000, -0.8000, -5.509
0.8100, -0.8000, -4.649
0.8200, -0.8000, -5.744
0.8300, -0.8000, -4.325
0.8400, -0.8000, -5.318
0.8500, -0.8000, -6.292
0.8600, -0.8000, -5.500
0.8700, -0.8000, -5.278
0.8800, -0.8000, -5.234
0.8900, -0.8000, -5.831
0.9000, -0.8000, -4.883
0.9100, -0.8000, -4.878
0.9200, -0.8000, -6.104
0.9300, -0.8000, -5.664
0.9400, -0.8000, -5.311
0.9500, -0.8000, -5.787
0.9600, -0.8000, -6.128
0.9700, -0.8000, -6.284
0.9800, -0.8000, -5.225
0.9900, -0.8000, -5.014
1.000, -0.8000, -5.442
1.010, -0.8000, -6.437
1.020, -0.8000, -5.526
1.030, -0.8000, -6.289
1.040, -0.8000, -6.563
1.050, -0.8000, -6.060
1.060, -0.8000, -5.495
1.070, -0.8000, -5.384
1.080, -0.8000, -6.001
1.090, -0.8000, -6.173
1.100, -0.8000, -4.597
1.110, -0.8000, -5.739
1.120, -0.8000, -4.862
1.130, -0.8000, -6.326
1.140, -0.8000, -5.415
1.150, -0.8000, -5.730
1.160, -0.8000, -4.897
1.170, -0.8000, -4.942
1.180, -0.8000, -5.877
1.190, -0.8000, -4.960
1.200, -0.8000, -5.001
1.210, -0.8000, -5.716
1.220, -0.8000, -5.840
1.230, -0.8000, -4.766
1.240, -0.8000, -5.484
1.250, -0.8000, -5.984
1.260, -0.8000, -5.311
1.270, -0.8000, -5.702
1.280, -0.8000, -6.705
1.290, -0.8000, -6.418
1.300, -0.8000, -6.357
1.310, -0.8000, -5.880
1.320, -0.8000, -7.318
1.330, -0.8000, -6.164
1.340, -0.8000, -4.981
1.350, -0.8000, -5.216
1.360, -0.8000, -5.107
1.370, -0.8000, -6.099
1.380, -0.8000, -5.971
1.390, -0.8000, -6.998
1.400, -0.8000, -5.206
1.410, -0.8000, -6.204
1.420, -0.8000, -5.096
1.430, -0.8000, -6.885
1.440, -0.8000, -6.808
1.450, -0.8000, -5.333
1.460, -0.8000, -4.929
1.470, -0.8000, -6.588
1.480, -0.8000, -4.922
1.490, -0.8000, -5.066
1.500, -0.8000, -5.760
1.510, -0.8000, -5.242
1.520, -0.8000, -4.494
1.530, -0.8000, -6.007
1.540, -0.8000, -6.820
1.550, -0.8000, -6.024
1.560, -0.8000, -6.856
1.570, -0.8000, -6.493
1.580, -0.8000, -6.413
1.590, -0.8000, -5.277
1.600, -0.8000, -5.948
1.610, -0.8000, -6.850
1.620, -0.8000, -6.107
1.630, -0.8000, -6.369
1.640, -0.8000, -5.609
1.650, -0.8000, -5.876
1.660, -0.8000, -5.200
1.670, -0.8000, -5.978
1.680, -0.8000, -5.718
1.690, -0.8000, -5.655
1.700, -0.8000, -7.025
1.710, -0.8000, -5.687
1.720, -0.8000, -5.893
1.730, -0.8000, -7.260
1.740, -0.8000, -6.156
1.750, -0.8000, -6.303
1.760, -0.8000, -7.062
1.770, -0.8000, -6.089
1.780, -0.8000, -6.097
1.790, -0.8000, -5.371
1.800, -0.8000, -4.870
1.810, -0.8000, -5.329
1.820, -0.8000, -5.168
1.830, -0.8000, -7.760
1.840, -0.8000, -5.491
1.850, -0.8000, -6.426
1.860, -0.8000, -7.130
1.870, -0.8000, -5.673
1.880, -0.8000, -5.586
1.890, -0.8000, -7.022
1.900, -0.8000, -7.296
1.910, -0.8000, -6.751
1.920, -0.8000, -5.821
1.930, -0.8000, -6.552
1.940, -0.8000, -5.994
1.950, -0.8000, -6.455
1.960, -0.8000, -4.996
1.970, -0.8000, -5.680
1.980, -0.8000, -6.781
1.990, -0.8000, -5.862
2.000, -0.8000, -5.859
2.010, -0.8000, -5.728
2.020, -0.8000, -6.100
2.030, -0.8000, -5.185
2.040, -0.8000, -6.056
2.050, -0.8000, -7.538
2.060, -0.8000, -6.488
2.070, -0.8000, -5.973
2.080, -0.8000, -5.497
2.090, -0.8000, -5.940
2.100, -0.8000, -4.435
2.110, -0.8000, -5.430
2.120, -0.8000, -6.306
2.130, -0.8000, -5.408
2.140, -0.8000, -5.525
2.150, -0.8000, -6.063
2.160, -0.8000, -5.396
2.170, -0.8000, -6.192
2.180, -0.8000, -6.798
2.190, -0.8000, -6.042
2.200, -0.8000, -6.097
2.210, -0.8000, -6.157
2.220, -0.8000, -5.407
2.230, -0.8000, -5.447
2.240, -0.8000, -7.248
2.250, -0.8000, -6.122
2.260, -0.8000, -6.300
2.270, -0.8000, -5.959
2.280, -0.8000, -4.825
2.290, -0.8000, -6.640
2.300, -0.8000, -6.081
2.310, -0.8000, -6.531
2.320, -0.8000, -5.600
2.330, -0.8000, -4.518
2.340, -0.8000, -4.547
2.350, -0.8000, -5.704
2.360, -0.8000, -6.312
2.370, -0.8000, -6.604
2.380, -0.8000, -5.275
2.390, -0.8000, -6.166
2.400, -0.8000, -5.457
2.410, -0.8000, -4.661
2.420, -0.8000, -6.406
2.430, -0.8000, -6.040
2.440, -0.8000, -6.656
2.450, -0.8000, -6.726
2.460, -0.8000, -5.711
2.470, -0.8000, -7.435
2.480, -0.8000, -6.977
2.490, -0.8000, -4.694
2.500, -0.8000, -6.018
2.510, -0.8000, -5.853
2.520, -0.8000, -6.620
2.530, -0.8000, -4.522
2.540, -0.8000, -5.693
2.550, -0.8000, -5.796
2.560, -0.8000, -5.965
2.570, -0.8000, -6.652
2.580, -0.8000, -6.257
2.590, -0.8000, -7.569
2.600, -0.8000, -6.263
2.610, -0.8000, -6.305
2.620, -0.8000, -6.344
2.630, -0.8000, -6.581
2.640, -0.8000, -6.112
2.650, -0.8000, -6.397
2.660, -0.8000, -6.311
2.670, -0.8000, -5.415
2.680, -0.8000, -7.052
2.690, -0.8000, -5.552
2.700, -0.8000, -5.121
2.710, -0.8000, -6.294
2.720, -0.8000, -6.780
2.730, -0.8000, -7.056
2.740, -0.8000, -6.065
2.750, -0.8000, -6.386
2.760, -0.8000, -6.868
2.770, -0.8000, -5.438
2.780, -0.8000, -5.026
2.790, -0.8000, -5.334
2.800, -0.8000, -5.979
2.810, -0.8000, -6.343
2.820, -0.8000, -5.691
2.830, -0.8000, -5.092
2.840, -0.8000, -5.727
2.850, -0.8000, -6.057
2.860, -0.8000, -5.909
2.870, -0.8000, -5.785
2.880, -0.8000, -6.167
2.890, -0.8000, -6.443
2.900, -0.8000, -6.000
2.910, -0.8000, -6.939
2.920, -0.8000, -5.900
2.930, -0.8000, -5.971
2.940, -0.8000, -5.721
2.950, -0.8000, -6.427
2.960, -0.8000, -6.762
2.970, -0.8000, -5.480
2.980, -0.8000, -6.781
2.990, -0.8000, -4.752
3.000, -0.8000, -5.736
3.010, -0.8000, -5.660
3.020, -0.8000, -7.680
3.030, -0.8000, -7.341
3.040, -0.8000, -6.650
3.050, -0.8000, -6.923
3.060, -0.8000, -5.664
3.070, -0.8000, -7.172
3.080, -0.8000, -5.410
3.090, -0.8000, -5.565
3.100, -0.8000, -6.596
3.110, -0.8000, -6.875
3.120, -0.8000, -6.725
3.130, -0.8000, -6.608
3.140, -0.8000, -5.067
3.150, -0.8000, -6.332
3.160, -0.8000, -5.061
3.170, -0.8000, -6.300
3.180, -0.8000, -5.878
3.190, -0.8000, -5.728
3.200, -0.8000, -6.280
3.210, -0.8000, -5.675
3.220, -0.8000, -6.545
3.230, -0.8000, -6.256
3.240, -0.8000, -5.939
3.250, -0.8000, -6.148
3.260, -0.8000, -5.975
3.270, -0.8000, -5.558
3.280, -0.8000, -5.941
3.290, -0.8000, -6.249
3.300, -0.8000, -6.067
3.310, -0.8000, -6.293
3.320, -0.8000, -5.977
3.330, -0.8000, -5.870
3.340, -0.8000, -6.428
3.350, -0.8000, -5.295
3.360, -0.8000, -6.812
3.370, -0.8000, -5.136
3.380, -0.8000, -6.022
3.390, -0.8000, -5.384
3.400, -0.8000, -6.213
3.410, -0.8000, -6.208
3.420, -0.8000, -5.967
3.430, -0.8000, -6.386
3.440, -0.8000, -6.722
3.450, -0.8000, -5.572
3.460, -0.8000, -5.607
3.470, -0.8000, -5.316
3.480, -0.8000, -6.225
3.490, -0.8000, -5.120
3.500, -0.8000, -5.610
3.510, -0.8000, -6.799
3.520, -0.8000, -4.841
3.530, -0.8000, -6.436
3.540, -0.8000, -5.860
3.550, -0.8000, -6.886
3.560, -0.8000, -5.771
3.570, -0.8000, -5.894
3.580, -0.8000, -7.509
3.590, -0.8000, -6.344
3.600, -0.8000, -5.155
3.610, -0.8000, -7.349
3.620, -0.8000, -6.898
3.630, -0.8000, -5.602
3.640, -0.8000, -6.026
3.650, -0.8000, -6.557
3.660, -0.8000, -6.351
3.670, -0.8000, -5.746
3.680, -0.8000, -5.732
3.690, -0.8000, -5.662
3.700, -0.8000, -7.007
3.710, -0.8000, -5.941
3.720, -0.8000, -6.384
3.730, -0.8000, -5.499
3.740, -0.8000, -6.824
3.750, -0.8000, -6.491
3.760, -0.8000, -6.328
3.770, -0.8000, -5.913
3.780, -0.8000, -6.672
3.790, -0.8000, -5.447
3.800, -0.8000, -6.106
3.810, -0.8000, -6.105
3.820, -0.8000, -6.022
3.830, -0.8000, -5.249
3.840, -0.8000, -6.630
3.850, -0.8000, -6.003
3.860, -0.8000, -6.501
3.870, -0.8000, -6.386
3.880, -0.8000, -5.146
3.890, -0.8000, -6.412
3.900, -0.8000, -7.275
3.910, -0.8000, -5.909
3.920, -0.8000, -4.548
3.930, -0.8000, -6.216
3.940, -0.8000, -6.285
3.950, -0.8000, -6.797
3.960, -0.8000, -6.067
3.970, -0.8000, -6.661
3.980, -0.8000, -6.527
3.990, -0.8000, -5.389
4.000, -0.8000, -6.225
4.010, -0.8000, -6.161
4.020, -0.8000, -5.632
4.030, -0.8000, -7.355
4.040, -0.8000, -5.881
4.050, -0.8000, -5.263
4.060, -0.8000, -6.051
4.070, -0.8000, -6.880
4.080, -0.8000, -5.772
4.090, -0.8000, -6.216
4.100, -0.8000, -5.676
4.110, -0.8000, -6.807
4.120, -0.8000, -6.685
4.130, -0.8000, -5.323
4.140, -0.8000, -6.858
4.150, -0.8000, -7.022
4.160, -0.8000, -5.901
4.170, -0.8000, -6.466
4.180, -0.8000, -5.850
4.190, -0.8000, -5.222
4.200, -0.8000, -6.121
4.210, -0.8000, -6.057
4.220, -0.8000, -6.943
4.230, -0.8000, -6.100
4.240, -0.8000, -5.232
4.250, -0.8000, -7.372
4.260, -0.8000, -6.286
4.270, -0.8000, -5.623
4.280, -0.8000, -6.465
4.290, -0.8000, -6.066
4.300, -0.8000, -6.650
4.310, -0.8000, -6.683
4.320, -0.8000, -7.231
4.330, -0.8000, -5.095
4.340, -0.8000, -7.348
4.350, -0.8000, -6.305
4.360, -0.8000, -7.534
4.370, -0.8000, -6.193
4.380, -0.8000, -6.807
4.390, -0.8000, -7.409
4.400, -0.8000, -5.595
4.410, -0.8000, -5.187
4.420, -0.8000, -6.499
4.430, -0.8000, -7.023
4.440, -0.8000, -7.148
4.450, -0.8000, -7.039
4.460, -0.8000, -6.146
4.470, -0.8000, -6.690
4.480, -0.8000, -5.920
4.490, -0.8000, -6.458
4.500, -0.8000, -6.353
4.510, -0.8000, -5.789
4.520, -0.8000, -6.904
4.530, -0.8000, -7.068
4.540, -0.8000, -5.803
4.550, -0.8000, -4.595
4.560, -0.8000, -6.291
4.570, -0.8000, -5.935
4.580, -0.8000, -6.526
4.590, -0.8000, -6.370
4.600, -0.8000, -5.675
4.610, -0.8000, -6.460
4.620, -0.8000, -5.766
4.630, -0.8000, -5.830
4.640, -0.8000, -6.823
4.650, -0.8000, -4.836
4.660, -0.8000, -6.251
4.670, -0.8000, -6.323
4.680, -0.8000, -6.244
4.690, -0.8000, -6.321
4.700, -0.8000, -6.773
4.710, -0.8000, -6.250
4.720, -0.8000, -6.230
4.730, -0.8000, -7.016
4.740, -0.8000, -7.674
4.750, -0.8000, -6.534
4.760, -0.8000, -6.143
4.770, -0.8000, -5.013
4.780, -0.8000, -6.434
4.790, -0.8000, -7.144
4.800, -0.8000, -7.472
4.810, -0.8000, -5.815
4.820, -0.8000, -6.253
4.830, -0.8000, -6.644
4.840, -0.8000, -6.199
4.850, -0.8000, -6.512
4.860, -0.8000, -6.762
4.870, -0.8000, -6.519
4.880, -0.8000, -6.841
4.890, -0.8000, -7.118
4.900, -0.8000, -6.062
4.910, -0.8000, -4.990
4.920, -0.8000, -6.945
4.930, -0.8000, -5.815
4.940, -0.8000, -6.876
4.950, -0.8000, -6.680
4.960, -0.8000, -5.841
4.970, -0.8000, -5.389
4.980, -0.8000, -5.498
4.990, -0.8000, -6.303
5.000, -0.8000, -6.212
5.010, -0.8000, -6.135
5.020, -0.8000, -6.024
5.030, -0.8000, -6.215
5.040, -0.8000, -6.558
5.050, -0.8000, -6.224
5.060, -0.8000, -5.842
5.070, -0.8000, -6.015
5.080, -0.8000, -6.538
5.090, -0.8000, -7.172
5.100, -0.8000, -6.232
5.110, -0.8000, -5.902
5.120, -0.8000, -6.939
5.130, -0.8000, -6.890
5.140, -0.8000, -7.092
5.150, -0.8000, -6.007
5.160, -0.8000, -6.630
5.170, -0.8000, -5.289
5.180, -0.8000, -7.027
5.190, -0.8000, -6.156
5.200, -0.8000, -6.634
5.210, -0.8000, -6.441
5.220, -0.8000, -6.004
5.230, -0.8000, -6.585
5.240, -0.8000, -6.596
5.250, -0.8000, -5.269
5.260, -0.8000, -6.758
5.270, -0.8000, -5.951
5.280, -0.8000, -6.351
5.290, -0.8000, -6.406
5.300, -0.8000, -5.059
5.310, -0.8000, -6.167
5.320, -0.8000, -5.178
5.330, -0.8000, -5.869
5.340, -0.8000, -5.198
5.350, -0.8000, -5.427
5.360, -0.8000, -6.326
5.370, -0.8000, -7.677
5.380, -0.8000, -6.923
5.390, -0.8000, -5.619
5.400, -0.8000, -6.490
5.410, -0.8000, -5.194
5.420, -0.8000, -7.369
5.430, -0.8000, -6.278
5.440, -0.8000, -6.990
5.450, -0.8000, -5.914
5.460, -0.8000, -7.239
5.470, -0.8000, -6.563
5.480, -0.8000, -7.247
5.490, -0.8000, -6.474
5.500, -0.8000, -6.599
5.510, -0.8000, -5.327
5.520, -0.8000, -5.943
5.530, -0.8000, -6.545
5.540, -0.8000, -6.002
5.550, -0.8000, -6.847
5.560, -0.8000, -5.655
5.570, -0.8000, -5.917
5.580, -0.8000, -5.979
5.590, -0.8000, -6.129
5.600, -0.8000, -6.797
5.610, -0.8000, -6.572
5.620, -0.8000, -7.267
5.630, -0.8000, -6.748
5.640, -0.8000, -5.858
5.650, -0.8000, -6.685
5.660, -0.8000, -5.407
5.670, -0.8000, -6.470
5.680, -0.8000, -6.401
5.690, -0.8000, -6.467
5.700, -0.8000, -6.983
5.710, -0.8000, -6.933
5.720, -0.8000, -6.418
5.730, -0.8000, -7.511
5.740, -0.8000, -7.033
5.750, -0.8000, -6.129
5.760, -0.8000, -6.627
5.770, -0.8000, -6.315
5.780, -0.8000, -5.150
5.790, -0.8000, -6.455
5.800, -0.8000, -7.032
5.810, -0.8000, -5.919
5.820, -0.8000, -5.628
5.830, -0.8000, -6.715
5.840, -0.8000, -6.045
5.850, -0.8000, -6.653
5.860, -0.8000, -5.754
5.870, -0.8000, -5.628
5.880, -0.8000, -6.204
5.890, -0.8000, -5.667
5.900, -0.8000, -5.255
5.910, -0.8000, -6.689
5.920, -0.8000, -5.915
5.930, -0.8000, -6.012
5.940, -0.8000, -7.410
5.950, -0.8000, -7.619
5.960, -0.8000, -6.225
5.970, -0.8000, -5.225
5.980, -0.8000, -6.077
5.990, -0.8000, -6.920
6.000, -0.8000, -5.972
6.010, -0.8000, -5.546
6.020, -0.8000, -6.724
6.030, -0.8000, -6.621
6.040, -0.8000, -7.274
6.050, -0.8000, -7.011
6.060, -0.8000, -6.820
6.070, -0.8000, -5.832
6.080, -0.8000, -6.194
6.090, -0.8000, -6.761
6.100, -0.8000, -5.905
6.110, -0.8000, -5.833
6.120, -0.8000, -6.013
6.130, -0.8000, -5.538
6.140, -0.8000, -5.618
6.150, -0.8000, -6.887
6.160, -0.8000, -5.749
6.170, -0.8000, -7.451
6.180, -0.8000, -7.048
6.190, -0.8000, -6.627
6.200, -0.8000, -5.339
6.210, -0.8000, -6.634
6.220, -0.8000, -5.502
6.230, -0.8000, -6.758
6.240, -0.8000, -7.274
6.250, -0.8000, -6.874
6.260, -0.8000, -7.051
6.270, -0.8000, -7.320
6.280, -0.8000, -6.734
6.290, -0.8000, -6.156
6.300, -0.8000, -5.837
6.310, -0.8000, -5.712
6.320, -0.8000, -6.291
6.330, -0.8000, -8.116
6.340, -0.8000, -6.503
6.350, -0.8000, -6.660
6.360, -0.8000, -5.067
6.370, -0.8000, -6.186
6.380, -0.8000, -5.937
6.390, -0.8000, -6.403
6.400, -0.8000, -6.444
6.410, -0.8000, -6.059
6.420, -0.8000, -5.188
6.430, -0.8000, -7.592
6.440, -0.8000, -7.215
6.450, -0.8000, -5.284
6.460, -0.8000, -6.904
6.470, -0.8000, -5.671
6.480, -0.8000, -7.436
6.490, -0.8000, -6.086
6.500, -0.8000, -5.693
6.510, -0.8000, -6.393
6.520, -0.8000, -6.045
6.530, -0.8000, -7.651
6.540, -0.8000, -6.649
6.550, -0.8000, -5.106
6.560, -0.8000, -6.429
6.570, -0.8000, -6.190
6.580, -0.8000, -6.006
6.590, -0.8000, -6.056
6.600, -0.8000, -5.839
6.610, -0.8000, -6.732
6.620, -0.8000, -5.789
6.630, -0.8000, -7.269
6.640, -0.8000, -6.132
6.650, -0.8000, -5.998
6.660, -0.8000, -7.127
6.670, -0.8000, -6.062
6.680, -0.8000, -6.604
6.690, -0.8000, -7.101
6.700, -0.8000, -6.412
6.710, -0.8000, -6.137
6.720, -0.8000, -6.143
6.730, -0.8000, -5.892
6.740, -0.8000, -6.254
6.750, -0.8000, -5.466
6.760, -0.8000, -6.702
6.770, -0.8000, -7.319
6.780, -0.8000, -6.462
6.790, -0.8000, -5.809
6.800, -0.8000, -7.267
6.810, -0.8000, -6.778
6.820, -0.8000, -6.743
6.830, -0.8000, -5.540
6.840, -0.8000, -6.330
6.850, -0.8000, -4.833
6.860, -0.8000, -6.188
6.870, -0.8000, -5.481
6.880, -0.8000, -7.269
6.890, -0.8000, -6.717
6.900, -0.8000, -6.997
6.910, -0.8000, -6.505
6.920, -0.8000, -5.387
6.930, -0.8000, -5.773
6.940, -0.8000, -7.002
6.950, -0.8000, -6.888
6.960, -0.8000, -6.128
6.970, -0.8000, -7.746
6.980, -0.8000, -6.310
6.990, -0.8000, -6.140
7.000, -0.8000, -7.174
7.010, -0.8000, -7.470
7.020, -0.8000, -8.068
7.030, -0.8000, -7.051
7.040, -0.8000, -6.185
7.050, -0.8000, -6.346
7.060, -0.8000, -6.374
7.070, -0.8000, -6.258
7.080, -0.8000, -6.758
7.090, -0.8000, -6.714
7.100, -0.8000, -6.879
7.110, -0.8000, -6.423
7.120, -0.8000, -6.261
7.130, -0.8000, -5.759
7.140, -0.8000, -5.640
7.150, -0.8000, -6.120
7.160, -0.8000, -7.457
7.170, -0.8000, -7.534
7.180, -0.8000, -6.703
7.190, -0.8000, -6.007
7.200, -0.8000, -5.606
7.210, -0.8000, -7.329
7.220, -0.8000, -6.295
7.230, -0.8000, -6.253
7.240, -0.8000, -5.915
7.250, -0.8000, -6.979
7.260, -0.8000, -5.187
7.270, -0.8000, -6.038
7.280, -0.8000, -6.438
7.290, -0.8000, -5.858
7.300, -0.8000, -5.704
7.310, -0.8000, -5.627
7.320, -0.8000, -6.974
7.330, -0.8000, -6.777
7.340, -0.8000, -6.462
7.350, -0.8000, -6.001
7.360, -0.8000, -5.592
7.370, -0.8000, -5.225
7.380, -0.8000, -7.254
7.390, -0.8000, -5.947
7.400, -0.8000, -7.166
7.410, -0.8000, -7.575
7.420, -0.8000, -5.808
7.430, -0.8000, -6.708
7.440, -0.8000, -6.287
7.450, -0.8000, -6.199
7.460, -0.8000, -8.039
7.470, -0.8000, -6.311
7.480, -0.8000, -6.888
7.490, -0.8000, -6.771
7.500, -0.8000, -5.419
7.510, -0.8000, -6.567
7.520, -0.8000, -7.471
7.530, -0.8000, -6.065
7.540, -0.8000, -6.879
7.550, -0.8000, -6.193
7.560, -0.8000, -6.377
7.570, -0.8000, -4.759
7.580, -0.8000, -8.588
7.590, -0.8000, -6.455
7.600, -0.8000, -5.078
7.610, -0.8000, -6.995
7.620, -0.8000, -5.758
7.630, -0.8000, -6.856
7.640, -0.8000, -5.889
7.650, -0.8000, -6.073
7.660, -0.8000, -4.554
7.670, -0.8000, -6.083
7.680, -0.8000, -5.957
7.690, -0.8000, -6.317
7.700, -0.8000, -5.385
7.710, -0.8000, -6.917
7.720, -0.8000, -6.721
7.730, -0.8000, -6.628
7.740, -0.8000, -5.537
7.750, -0.8000, -6.269
7.760, -0.8000, -5.650
7.770, -0.8000, -5.642
7.780, -0.8000, -7.334
7.790, -0.8000, -5.601
7.800, -0.8000, -6.166
7.810, -0.8000, -5.694
7.820, -0.8000, -6.266
7.830, -0.8000, -6.837
7.840, -0.8000, -6.326
7.850, -0.8000, -6.949
7.860, -0.8000, -6.786
7.870, -0.8000, -6.304
7.880, -0.8000, -6.251
7.890, -0.8000, -6.462
7.900, -0.8000, -5.818
7.910, -0.8000, -6.625
7.920, -0.8000, -6.375
7.930, -0.8000, -5.179
7.940, -0.8000, -5.652
7.950, -0.8000, -7.307
7.960, -0.8000, -6.236
7.970, -0.8000, -6.193
7.980, -0.8000, -5.537
7.990, -0.8000, -6.110
8.000, -0.8000, -7.027
8.010, -0.8000, -6.716
8.020, -0.8000, -6.702
8.030, -0.8000, -5.223
8.040, -0.8000, -5.856
8.050, -0.8000, -6.872
8.060, -0.8000, -6.979
8.070, -0.8000, -6.593
8.080, -0.8000, -7.066
8.090, -0.8000, -6.485
8.100, -0.8000, -5.681
8.110, -0.8000, -5.401
8.120, -0.8000, -7.213
8.130, -0.8000, -6.942
8.140, -0.8000, -6.265
8.150, -0.8000, -5.740
8.160, -0.8000, -5.464
8.170, -0.8000, -6.149
8.180, -0.8000, -6.684
8.190, -0.8000, -7.188
8.200, -0.8000, -6.630
8.210, -0.8000, -7.522
8.220, -0.8000, -6.290
8.230, -0.8000, -6.697
8.240, -0.8000, -6.014
8.250, -0.8000, -7.459
8.260, -0.8000, -6.588
8.270, -0.8000, -6.655
8.280, -0.8000, -5.861
8.290, -0.8000, -7.085
8.300, -0.8000, -7.037
8.310, -0.8000, -6.788
8.320, -0.8000, -7.510
8.330, -0.8000, -7.087
8.340, -0.8000, -6.904
8.350, -0.8000, -6.020
8.360, -0.8000, -6.994
8.370, -0.8000, -5.790
8.380, -0.8000, -7.252
8.390, -0.8000, -7.050
8.400, -0.8000, -5.846
8.410, -0.8000, -6.322
8.420, -0.8000, -7.020
8.430, -0.8000, -6.658
8.440, -0.8000, -6.806
8.450, -0.8000, -6.010
8.460, -0.8000, -5.843
8.470, -0.8000, -6.365
8.480, -0.8000, -5.831
8.490, -0.8000, -6.500
8.500, -0.8000, -5.845
8.510, -0.8000, -7.548
8.520, -0.8000, -6.331
8.530, -0.8000, -6.543
8.540, -0.8000, -7.052
8.550, -0.8000, -6.688
8.560, -0.8000, -5.762
8.570, -0.8000, -6.001
8.580, -0.8000, -5.474
8.590, -0.8000, -7.051
8.600, -0.8000, -7.211
8.610, -0.8000, -6.777
8.620, -0.8000, -6.996
8.630, -0.8000, -6.441
8.640, -0.8000, -7.130
8.650, -0.8000, -5.416
8.660, -0.8000, -6.166
8.670, -0.8000, -6.534
8.680, -0.8000, -6.922
8.690, -0.8000, -5.953
8.700, -0.8000, -5.968
8.710, -0.8000, -6.663
8.720, -0.8000, -6.773
8.730, -0.8000, -6.179
8.740, -0.8000, -6.850
8.750, -0.8000, -5.879
8.760, -0.8000, -6.642
8.770, -0.8000, -5.471
8.780, -0.8000, -6.250
8.790, -0.8000, -6.649
8.800, -0.8000, -6.306
8.810, -0.8000, -6.195
8.820, -0.8000, -6.816
8.830, -0.8000, -6.049
8.840, -0.8000, -5.874
8.850, -0.8000, -7.428
8.860, -0.8000, -6.854
8.870, -0.8000, -5.487
8.880, -0.8000, -6.286
8.890, -0.8000, -5.342
8.900, -0.8000, -5.562
8.910, -0.8000, -6.352
8.920, -0.8000, -6.253
8.930, -0.8000, -7.419
8.940, -0.8000, -5.907
8.950, -0.8000, -6.583
8.960, -0.8000, -6.290
8.970, -0.8000, -7.708
8.980, -0.8000, -6.856
8.990, -0.8000, -7.195
9.000, -0.8000, -5.849
9.010, -0.8000, -6.186
9.020, -0.8000, -6.266
9.030, -0.8000, -6.265
9.040, -0.8000, -6.031
9.050, -0.8000, -6.692
9.060, -0.8000, -5.664
9.070, -0.8000, -7.120
9.080, -0.8000, -6.165
9.090, -0.8000, -6.623
9.100, -0.8000, -6.993
9.110, -0.8000, -5.467
9.120, -0.8000, -5.859
9.130, -0.8000, -6.396
9.140, -0.8000, -6.853
9.150, -0.8000, -6.277
9.160, -0.8000, -6.620
9.170, -0.8000, -5.432
9.180, -0.8000, -6.447
9.190, -0.8000, -5.846
9.200, -0.8000, -7.697
9.210, -0.8000, -6.939
9.220, -0.8000, -5.975
9.230, -0.8000, -6.166
9.240, -0.8000, -6.985
9.250, -0.8000, -5.593
9.260, -0.8000, -6.097
9.270, -0.8000, -5.834
9.280, -0.8000, -5.886
9.290, -0.8000, -6.308
9.300, -0.8000, -6.535
9.310, -0.8000, -6.406
9.320, -0.8000, -6.214
9.330, -0.8000, -7.104
9.340, -0.8000, -7.141
9.350, -0.8000, -6.576
9.360, -0.8000, -5.619
9.370, -0.8000, -6.174
9.380, -0.8000, -6.732
9.390, -0.8000, -7.267
9.400, -0.8000, -7.505
9.410, -0.8000, -6.818
9.420, -0.8000, -6.640
9.430, -0.8000, -6.027
9.440, -0.8000, -7.849
9.450, -0.8000, -6.525
9.460, -0.8000, -5.753
9.470, -0.8000, -6.022
9.480, -0.8000, -5.892
9.490, -0.8000, -6.799
9.500, -0.8000, -6.015
9.510, -0.8000, -5.648
9.520, -0.8000, -5.531
9.530, -0.8000, -7.356
9.540, -0.8000, -6.272
9.550, -0.8000, -5.106
9.560, -0.8000, -6.124
9.570, -0.8000, -7.215
9.580, -0.8000, -5.888
9.590, -0.8000, -7.222
9.600, -0.8000, -6.447
9.610, -0.8000, -6.803
9.620, -0.8000, -7.874
9.630, -0.8000, -6.286
9.640, -0.8000, -6.589
9.650, -0.8000, -6.598
9.660, -0.8000, -6.911
9.670, -0.8000, -7.413
9.680, -0.8000, -5.231
9.690, -0.8000, -6.708
9.700, -0.8000, -6.224
9.710, -0.8000, -6.495
9.720, -0.8000, -6.898
9.730, -0.8000, -7.681
9.740, -0.8000, -7.577
9.750, -0.8000, -6.035
9.760, -0.8000, -8.264
9.770, -0.8000, -6.638
9.780, -0.8000, -7.101
9.790, -0.8000, -5.040
9.800, -0.8000, -6.357
9.810, -0.8000, -5.589
9.820, -0.8000, -6.185
9.830, -0.8000, -5.581
9.840, -0.8000, -6.701
9.850, -0.8000, -6.066
9.860, -0.8000, -7.494
9.870, -0.8000, -7.213
9.880, -0.8000, -6.846
9.890, -0.8000, -6.314
9.900, -0.8000, -6.759
9.910, -0.8000, -5.775
9.920, -0.8000, -6.287
9.930, -0.8000, -7.066
9.940, -0.8000, -6.302
9.950, -0.8000, -7.521
9.960, -0.8000, -5.658
9.970, -0.8000, -6.796
9.980, -0.8000, -6.752
9.990, -0.8000, -6.132
10.00, -0.8000, -7.810
10.01, -0.8000, -6.772
10.02, -0.8000, -6.707
10.03, -0.8000, -6.134
10.04, -0.8000, -6.034
10.05, -0.8000, -6.729
10.06, -0.8000, -7.639
10.07, -0.8000, -5.502
10.08, -0.8000, -6.200
10.09, -0.8000, -6.401
10.10, -0.8000, -7.214
10.11, -0.8000, -6.674
10.12, -0.8000, -7.527
10.13, -0.8000, -6.575
10.14, -0.8000, -5.910
10.15, -0.8000, -7.011
10.16, -0.8000, -6.753
10.17, -0.8000, -6.547
10.18, -0.8000, -6.451
10.19, -0.8000, -6.213
10.20, -0.8000, -6.239
10.21, -0.8000, -6.662
10.22, -0.8000, -6.097
10.23, -0.8000, -6.324
10.24, -0.8000, -7.731
10.25, -0.8000, -6.247
10.26, -0.8000, -7.615
10.27, -0.8000, -6.824
10.28, -0.8000, -5.810
10.29, -0.8000, -6.238
10.30, -0.8000, -5.888
10.31, -0.8000, -6.156
10.32, -0.8000, -5.337
10.33, -0.8000, -7.147
10.34, -0.8000, -5.740
10.35, -0.8000, -7.222
10.36, -0.8000, -6.761
10.37, -0.8000, -6.020
10.38, -0.8000, -5.755
10.39, -0.8000, -5.683
10.40, -0.8000, -7.075
10.41, -0.8000, -6.175
10.42, -0.8000, -6.870
10.43, -0.8000, -6.557
10.44, -0.8000, -7.440
10.45, -0.8000, -6.872
10.46, -0.8000, -6.562
10.47, -0.8000, -7.790
10.48, -0.8000, -5.446
10.49, -0.8000, -6.948
10.50, -0.8000, -6.154
10.51, -0.8000, -5.583
10.52, -0.8000, -5.998
10.53, -0.8000, -6.647
10.54, -0.8000, -6.359
10.55, -0.8000, -6.879
10.56, -0.8000, -6.635
10.57, -0.8000, -7.334
10.58, -0.8000, -6.830
10.59, -0.8000, -6.517
10.60, -0.8000, -6.234
10.61, -0.8000, -6.695
10.62, -0.8000, -5.785
10.63, -0.8000, -5.646
10.64, -0.8000, -5.924
10.65, -0.8000, -5.524
10.66, -0.8000, -8.121
10.67, -0.8000, -7.581
10.68, -0.8000, -6.489
10.69, -0.8000, -7.398
10.70, -0.8000, -6.615
10.71, -0.8000, -6.512
10.72, -0.8000, -6.990
10.73, -0.8000, -6.833
10.74, -0.8000, -6.182
10.75, -0.8000, -6.631
10.76, -0.8000, -6.680
10.77, -0.8000, -6.741
10.78, -0.8000, -7.264
10.79, -0.8000, -5.962
10.80, -0.8000, -6.133
10.81, -0.8000, -5.525
10.82, -0.8000, -6.432
10.83, -0.8000, -6.098
10.84, -0.8000, -5.562
10.85, -0.8000, -6.397
10.86, -0.8000, -7.029
10.87, -0.8000, -6.917
10.88, -0.8000, -6.892
10.89, -0.8000, -7.252
10.90, -0.8000, -6.047
10.91, -0.8000, -7.017
10.92, -0.8000, -6.538
10.93, -0.8000, -6.235
10.94, -0.8000, -5.678
10.95, -0.8000, -6.953
10.96, -0.8000, -6.703
10.97, -0.8000, -7.024
10.98, -0.8000, -6.682
10.99, -0.8000, -6.458
11.00, -0.8000, -6.414
11.01, -0.8000, -5.669
11.02, -0.8000, -6.191
11.03, -0.8000, -7.612
11.04, -0.8000, -5.562
11.05, -0.8000, -6.542
11.06, -0.8000, -6.979
11.07, -0.8000, -6.843
11.08, -0.8000, -6.064
11.09, -0.8000, -6.641
11.10, -0.8000, -5.943
11.11, -0.8000, -6.120
11.12, -0.8000, -6.255
11.13, -0.8000, -6.084
11.14, -0.8000, -6.716
11.15, -0.8000, -6.355
11.16, -0.8000, -6.294
11.17, -0.8000, -6.715
11.18, -0.8000, -6.270
11.19, -0.8000, -5.812
11.20, -0.8000, -6.258
11.21, -0.8000, -6.072
11.22, -0.8000, -6.151
11.23, -0.8000, -7.308
11.24, -0.8000, -7.074
11.25, -0.8000, -6.266
11.26, -0.8000, -7.505
11.27, -0.8000, -5.983
11.28, -0.8000, -6.211
11.29, -0.8000, -7.335
11.30, -0.8000, -5.515
11.31, -0.8000, -6.212
11.32, -0.8000, -6.278
11.33, -0.8000, -6.384
11.34, -0.8000, -7.020
11.35, -0.8000, -6.269
11.36, -0.8000, -6.834
11.37, -0.8000, -6.283
11.38, -0.8000, -6.431
11.39, -0.8000, -6.806
11.40, -0.8000, -5.649
11.41, -0.8000, -5.767
11.42, -0.8000, -5.802
11.43, -0.8000, -7.458
11.44, -0.8000, -6.080
11.45, -0.8000, -7.559
11.46, -0.8000, -6.651
11.47, -0.8000, -6.363
11.48, -0.8000, -5.307
11.49, -0.8000, -5.818
11.50, -0.8000, -6.180
11.51, -0.8000, -7.521
11.52, -0.8000, -6.485
11.53, -0.8000, -6.222
11.54, -0.8000, -7.718
11.55, -0.8000, -6.519
11.56, -0.8000, -6.178
11.57, -0.8000, -5.957
11.58, -0.8000, -6.790
11.59, -0.8000, -6.128
11.60, -0.8000, -7.133
11.61, -0.8000, -6.507
11.62, -0.8000, -6.288
11.63, -0.8000, -6.467
11.64, -0.8000, -7.344
11.65, -0.8000, -7.212
11.66, -0.8000, -6.854
11.67, -0.8000, -5.831
11.68, -0.8000, -7.181
11.69, -0.8000, -6.810
11.70, -0.8000, -6.604
11.71, -0.8000, -6.207
11.72, -0.8000, -6.705
11.73, -0.8000, -6.822
11.74, -0.8000, -7.147
11.75, -0.8000, -6.596
11.76, -0.8000, -5.090
11.77, -0.8000, -6.294
11.78, -0.8000, -6.670
11.79, -0.8000, -6.397
11.80, -0.8000, -6.691
11.81, -0.8000, -6.466
11.82, -0.8000, -7.494
11.83, -0.8000, -6.535
11.84, -0.8000, -6.271
11.85, -0.8000, -6.525
11.86, -0.8000, -5.724
11.87, -0.8000, -5.832
11.88, -0.8000, -6.763
11.89, -0.8000, -6.215
11.90, -0.8000, -6.700
11.91, -0.8000, -5.845
11.92, -0.8000, -7.080
11.93, -0.8000, -6.836
11.94, -0.8000, -5.703
11.95, -0.8000, -6.619
11.96, -0.8000, -5.353
11.97, -0.8000, -6.305
11.98, -0.8000, -6.972
11.99, -0.8000, -5.585
12.00, -0.8000, -5.785
12.01, -0.8000, -6.516
12.02, -0.8000, -7.283
12.03, -0.8000, -7.481
12.04, -0.8000, -5.844
12.05, -0.8000, -6.218
12.06, -0.8000, -6.068
12.07, -0.8000, -6.695
12.08, -0.8000, -6.716
12.09, -0.8000, -6.552
12.10, -0.8000, -6.634
12.11, -0.8000, -5.902
12.12, -0.8000, -7.151
12.13, -0.8000, -7.795
12.14, -0.8000, -7.512
12.15, -0.8000, -6.435
12.16, -0.8000, -5.859
12.17, -0.8000, -8.047
12.18, -0.8000, -7.219
12.19, -0.8000, -6.882
12.20, -0.8000, -7.241
12.21, -0.8000, -6.476
12.22, -0.8000, -6.554
12.23, -0.8000, -7.338
12.24, -0.8000, -6.892
12.25, -0.8000, -7.392
12.26, -0.8000, -5.799
12.27, -0.8000, -6.844
12.28, -0.8000, -5.595
12.29, -0.8000, -6.310
12.30, -0.8000, -7.434
12.31, -0.8000, -6.260
12.32, -0.8000, -7.258
12.33, -0.8000, -7.526
12.34, -0.8000, -8.599
12.35, -0.8000, -5.980
12.36, -0.8000, -7.113
12.37, -0.8000, -6.519
12.38, -0.8000, -6.360
12.39, -0.8000, -6.891
12.40, -0.8000, -7.520
12.41, -0.8000, -7.839
12.42, -0.8000, -7.017
12.43, -0.8000, -7.283
12.44, -0.8000, -6.496
12.45, -0.8000, -6.582
12.46, -0.8000, -5.793
12.47, -0.8000, -7.099
12.48, -0.8000, -6.971
12.49, -0.8000, -5.728
12.50, -0.8000, -6.537
12.51, -0.8000, -5.910
12.52, -0.8000, -7.026
12.53, -0.8000, -7.573
12.54, -0.8000, -7.705
12.55, -0.8000, -6.600
12.56, -0.8000, -5.459
12.57, -0.8000, -6.438
12.58, -0.8000, -6.351
12.59, -0.8000, -6.795
12.60, -0.8000, -6.633
12.61, -0.8000, -6.623
12.62, -0.8000, -6.848
12.63, -0.8000, -7.074
12.64, -0.8000, -5.362
12.65, -0.8000, -6.512
12.66, -0.8000, -6.087
12.67, -0.8000, -5.671
12.68, -0.8000, -5.942
12.69, -0.8000, -7.989
12.70, -0.8000, -6.679
12.71, -0.8000, -7.351
12.72, -0.8000, -6.932
12.73, -0.8000, -6.045
12.74, -0.8000, -6.889
12.75, -0.8000, -6.432
12.76, -0.8000, -6.365
12.77, -0.8000, -6.305
12.78, -0.8000, -5.943
12.79, -0.8000, -6.355
12.80, -0.8000, -7.048
12.81, -0.8000, -7.068
12.82, -0.8000, -8.348
12.83, -0.8000, -7.143
12.84, -0.8000, -6.858
12.85, -0.8000, -7.274
12.86, -0.8000, -7.247
12.87, -0.8000, -5.829
12.88, -0.8000, -6.062
12.89, -0.8000, -5.858
12.90, -0.8000, -6.375
12.91, -0.8000, -7.035
12.92, -0.8000, -6.649
12.93, -0.8000, -7.800
12.94, -0.8000, -7.334
12.95, -0.8000, -5.561
12.96, -0.8000, -6.515
12.97, -0.8000, -7.160
12.98, -0.8000, -6.834
12.99, -0.8000, -6.209
13.00, -0.8000, -6.906
13.01, -0.8000, -6.566
13.02, -0.8000, -6.180
13.03, -0.8000, -7.744
13.04, -0.8000, -6.575
13.05, -0.8000, -7.391
13.06, -0.8000, -7.425
13.07, -0.8000, -7.601
13.08, -0.8000, -6.663
13.09, -0.8000, -6.623
13.10, -0.8000, -5.529
13.11, -0.8000, -6.711
13.12, -0.8000, -7.444
13.13, -0.8000, -6.789
13.14, -0.8000, -6.621
13.15, -0.8000, -7.030
13.16, -0.8000, -7.212
13.17, -0.8000, -7.040
13.18, -0.8000, -6.600
13.19, -0.8000, -6.330
13.20, -0.8000, -6.450
13.21, -0.8000, -6.482
13.22, -0.8000, -6.400
13.23, -0.8000, -6.205
13.24, -0.8000, -6.653
13.25, -0.8000, -6.559
13.26, -0.8000, -6.350
13.27, -0.8000, -7.877
13.28, -0.8000, -7.958
13.29, -0.8000, -7.170
13.30, -0.8000, -6.676
13.31, -0.8000, -6.887
13.32, -0.8000, -7.131
13.33, -0.8000, -6.547
13.34, -0.8000, -6.696
13.35, -0.8000, -6.715
13.36, -0.8000, -6.025
13.37, -0.8000, -6.201
13.38, -0.8000, -8.746
13.39, -0.8000, -6.620
13.40, -0.8000, -6.468
13.41, -0.8000, -5.705
13.42, -0.8000, -7.435
13.43, -0.8000, -7.384
13.44, -0.8000, -6.917
13.45, -0.8000, -6.478
13.46, -0.8000, -6.879
13.47, -0.8000, -7.149
13.48, -0.8000, -7.226
13.49, -0.8000, -7.067
13.50, -0.8000, -5.475
13.51, -0.8000, -5.314
13.52, -0.8000, -6.959
13.53, -0.8000, -7.103
13.54, -0.8000, -7.774
13.55, -0.8000, -7.385
13.56, -0.8000, -7.383
13.57, -0.8000, -6.418
13.58, -0.8000, -7.881
13.59, -0.8000, -6.238
13.60, -0.8000, -6.903
13.61, -0.8000, -6.602
13.62, -0.8000, -6.168
13.63, -0.8000, -7.577
13.64, -0.8000, -6.988
13.65, -0.8000, -6.617
13.66, -0.8000, -6.325
13.67, -0.8000, -7.612
13.68, -0.8000, -7.006
13.69, -0.8000, -7.308
13.70, -0.8000, -7.381
13.71, -0.8000, -6.471
13.72, -0.8000, -8.065
13.73, -0.8000, -7.406
13.74, -0.8000, -6.963
13.75, -0.8000, -7.077
13.76, -0.8000, -6.177
13.77, -0.8000, -7.039
13.78, -0.8000, -6.204
13.79, -0.8000, -7.534
13.80, -0.8000, -7.531
13.81, -0.8000, -5.401
13.82, -0.8000, -5.976
13.83, -0.8000, -6.399
13.84, -0.8000, -7.341
13.85, -0.8000, -6.878
13.86, -0.8000, -6.917
13.87, -0.8000, -7.462
13.88, -0.8000, -7.989
13.89, -0.8000, -6.635
13.90, -0.8000, -7.949
13.91, -0.8000, -6.857
13.92, -0.8000, -6.688
13.93, -0.8000, -6.845
13.94, -0.8000, -8.780
13.95, -0.8000, -6.481
13.96, -0.8000, -6.534
13.97, -0.8000, -6.822
13.98, -0.8000, -5.839
13.99, -0.8000, -7.062
14.00, -0.8000, -7.857
14.01, -0.8000, -7.573
14.02, -0.8000, -6.240
14.03, -0.8000, -7.514
14.04, -0.8000, -6.789
14.05, -0.8000, -6.776
14.06, -0.8000, -7.248
14.07, -0.8000, -6.376
14.08, -0.8000, -6.375
14.09, -0.8000, -6.477
14.10, -0.8000, -6.034
14.11, -0.8000, -7.196
14.12, -0.8000, -7.333
14.13, -0.8000, -6.965
14.14, -0.8000, -6.671
14.15, -0.8000, -7.502
14.16, -0.8000, -6.795
14.17, -0.8000, -7.744
14.18, -0.8000, -6.765
14.19, -0.8000, -7.304
14.20, -0.8000, -7.062
14.21, -0.8000, -6.372
14.22, -0.8000, -6.674
14.23, -0.8000, -6.712
14.24, -0.8000, -6.947
14.25, -0.8000, -7.140
14.26, -0.8000, -5.934
14.27, -0.8000, -5.847
14.28, -0.8000, -6.883
14.29, -0.8000, -6.777
14.30, -0.8000, -7.480
14.31, -0.8000, -7.195
14.32, -0.8000, -6.834
14.33, -0.8000, -6.405
14.34, -0.8000, -7.871
14.35, -0.8000, -7.370
14.36, -0.8000, -6.724
14.37, -0.8000, -7.006
14.38, -0.8000, -7.249
14.39, -0.8000, -6.949
14.40, -0.8000, -6.466
14.41, -0.8000, -6.321
14.42, -0.8000, -6.467
14.43, -0.8000, -5.760
14.44, -0.8000, -8.049
14.45, -0.8000, -7.376
14.46, -0.8000, -6.438
14.47, -0.8000, -6.630
14.48, -0.8000, -7.115
14.49, -0.8000, -7.598
14.50, -0.8000, -7.135
14.51, -0.8000, -6.555
14.52, -0.8000, -6.361
14.53, -0.8000, -6.190
14.54, -0.8000, -7.019
14.55, -0.8000, -6.675
14.56, -0.8000, -7.259
14.57, -0.8000, -7.265
14.58, -0.8000, -6.922
14.59, -0.8000, -8.142
14.60, -0.8000, -6.775
14.61, -0.8000, -7.157
14.62, -0.8000, -6.198
14.63, -0.8000, -6.674
14.64, -0.8000, -6.988
14.65, -0.8000, -7.131
14.66, -0.8000, -5.940
14.67, -0.8000, -5.945
14.68, -0.8000, -6.745
14.69, -0.8000, -7.164
14.70, -0.8000, -6.788
14.71, -0.8000, -6.442
14.72, -0.8000, -6.879
14.73, -0.8000, -5.859
14.74, -0.8000, -5.460
14.75, -0.8000, -6.709
14.76, -0.8000, -7.127
14.77, -0.8000, -6.993
14.78, -0.8000, -6.748
14.79, -0.8000, -7.546
14.80, -0.8000, -6.666
14.81, -0.8000, -6.844
14.82, -0.8000, -6.848
14.83, -0.8000, -7.157
14.84, -0.8000, -6.902
14.85, -0.8000, -6.071
14.86, -0.8000, -8.528
14.87, -0.8000, -6.261
14.88, -0.8000, -8.727
14.89, -0.8000, -8.427
14.90, -0.8000, -6.749
14.91, -0.8000, -6.844
14.92, -0.8000, -6.633
14.93, -0.8000, -6.679
14.94, -0.8000, -8.653
14.95, -0.8000, -7.298
14.96, -0.8000, -7.460
14.97, -0.8000, -6.504
14.98, -0.8000, -6.564
14.99, -0.8000, -7.541
15.00, -0.8000, -6.278
15.01, -0.8000, -7.163
15.02, -0.8000, -6.417
15.03, -0.8000, -7.236
15.04, -0.8000, -7.122
15.05, -0.8000, -6.935
15.06, -0.8000, -7.175
15.07, -0.8000, -6.544
15.08, -0.8000, -7.526
15.09, -0.8000, -8.037
15.10, -0.8000, -6.556
15.11, -0.8000, -7.280
15.12, -0.8000, -5.841
15.13, -0.8000, -7.125
15.14, -0.8000, -6.613
15.15, -0.8000, -6.887
15.16, -0.8000, -5.934
15.17, -0.8000, -7.005
15.18, -0.8000, -8.710
15.19, -0.8000, -7.914
15.20, -0.8000, -6.686
15.21, -0.8000, -6.228
15.22, -0.8000, -7.056
15.23, -0.8000, -5.612
15.24, -0.8000, -6.525
15.25, -0.8000, -7.346
15.26, -0.8000, -6.397
15.27, -0.8000, -6.464
15.28, -0.8000, -6.949
15.29, -0.8000, -6.848
15.30, -0.8000, -7.030
15.31, -0.8000, -8.358
15.32, -0.8000, -7.689
15.33, -0.8000, -7.467
15.34, -0.8000, -8.445
15.35, -0.8000, -5.821
15.36, -0.8000, -6.918
15.37, -0.8000, -6.522
15.38, -0.8000, -7.080
15.39, -0.8000, -8.271
15.40, -0.8000, -7.454
15.41, -0.8000, -7.258
15.42, -0.8000, -6.650
15.43, -0.8000, -7.496
15.44, -0.8000, -7.229
15.45, -0.8000, -6.827
15.46, -0.8000, -5.741
15.47, -0.8000, -5.829
15.48, -0.8000, -7.891
15.49, -0.8000, -7.487
15.50, -0.8000, -6.312
15.51, -0.8000, -6.798
15.52, -0.8000, -7.758
15.53, -0.8000, -8.613
15.54, -0.8000, -8.109
15.55, -0.8000, -7.317
15.56, -0.8000, -5.655
15.57, -0.8000, -7.221
15.58, -0.8000, -6.596
15.59, -0.8000, -6.697
15.60, -0.8000, -6.612
15.61, -0.8000, -7.183
15.62, -0.8000, -7.342
15.63, -0.8000, -7.320
15.64, -0.8000, -8.083
15.65, -0.8000, -6.205
15.66, -0.8000, -7.891
15.67, -0.8000, -6.471
15.68, -0.8000, -6.796
15.69, -0.8000, -6.876
15.70, -0.8000, -7.534
15.71, -0.8000, -7.939
15.72, -0.8000, -6.908
15.73, -0.8000, -6.823
15.74, -0.8000, -8.847
15.75, -0.8000, -6.867
15.76, -0.8000, -8.104
15.77, -0.8000, -7.347
15.78, -0.8000, -6.904
15.79, -0.8000, -6.214
15.80, -0.8000, -5.800
15.81, -0.8000, -7.395
15.82, -0.8000, -7.276
15.83, -0.8000, -7.092
15.84, -0.8000, -6.946
15.85, -0.8000, -7.555
15.86, -0.8000, -7.456
15.87, -0.8000, -7.349
15.88, -0.8000, -6.844
15.89, -0.8000, -6.916
15.90, -0.8000, -6.583
15.91, -0.8000, -6.193
15.92, -0.8000, -6.248
15.93, -0.8000, -7.134
15.94, -0.8000, -6.727
15.95, -0.8000, -5.849
15.96, -0.8000, -7.135
15.97, -0.8000, -7.100
15.98, -0.8000, -7.136
15.99, -0.8000, -7.674
16.00, -0.8000, -6.962
16.01, -0.8000, -8.016
16.02, -0.8000, -6.920
16.03, -0.8000, -6.255
16.04, -0.8000, -6.277
16.05, -0.8000, -6.648
16.06, -0.8000, -7.200
16.07, -0.8000, -7.302
16.08, -0.8000, -5.750
16.09, -0.8000, -7.185
16.10, -0.8000, -6.578
16.11, -0.8000, -6.642
16.12, -0.8000, -7.575
16.13, -0.8000, -6.756
16.14, -0.8000, -6.779
16.15, -0.8000, -6.892
16.16, -0.8000, -6.845
16.17, -0.8000, -5.927
16.18, -0.8000, -5.987
16.19, -0.8000, -5.846
16.20, -0.8000, -7.600
16.21, -0.8000, -7.340
16.22, -0.8000, -6.557
16.23, -0.8000, -5.701
16.24, -0.8000, -6.790
16.25, -0.8000, -6.944
16.26, -0.8000, -7.459
16.27, -0.8000, -6.991
16.28, -0.8000, -7.972
16.29, -0.8000, -7.645
16.30, -0.8000, -7.256
16.31, -0.8000, -6.304
16.32, -0.8000, -7.483
16.33, -0.8000, -7.785
16.34, -0.8000, -7.693
16.35, -0.8000, -6.617
16.36, -0.8000, -6.615
16.37, -0.8000, -7.498
16.38, -0.8000, -8.188
16.39, -0.8000, -6.965
16.40, -0.8000, -7.229
16.41, -0.8000, -7.279
16.42, -0.8000, -8.128
16.43, -0.8000, -7.419
16.44, -0.8000, -7.156
16.45, -0.8000, -7.137
16.46, -0.8000, -6.964
16.47, -0.8000, -7.081
16.48, -0.8000, -6.444
16.49, -0.8000, -7.470
16.50, -0.8000, -6.448
16.51, -0.8000, -5.708
16.52, -0.8000, -7.605
16.53, -0.8000, -8.089
16.54, -0.8000, -6.139
16.55, -0.8000, -7.577
16.56, -0.8000, -7.812
16.57, -0.8000, -7.837
16.58, -0.8000, -7.308
16.59, -0.8000, -6.170
16.60, -0.8000, -8.543
16.61, -0.8000, -6.384
16.62, -0.8000, -8.625
16.63, -0.8000, -7.044
16.64, -0.8000, -7.483
16.65, -0.8000, -6.505
16.66, -0.8000, -7.251
16.67, -0.8000, -6.991
16.68, -0.8000, -8.126
16.69, -0.8000, -7.462
16.70, -0.8000, -7.995
16.71, -0.8000, -8.230
16.72, -0.8000, -7.411
16.73, -0.8000, -7.105
16.74, -0.8000, -7.586
16.75, -0.8000, -6.585
16.76, -0.8000, -8.265
16.77, -0.8000, -7.183
16.78, -0.8000, -6.707
16.79, -0.8000, -8.435
16.80, -0.8000, -7.294
16.81, -0.8000, -6.570
16.82, -0.8000, -6.920
16.83, -0.8000, -6.457
16.84, -0.8000, -6.421
16.85, -0.8000, -6.620
16.86, -0.8000, -7.500
16.87, -0.8000, -6.317
16.88, -0.8000, -6.883
16.89, -0.8000, -7.360
16.90, -0.8000, -6.319
16.91, -0.8000, -7.484
16.92, -0.8000, -6.455
16.93, -0.8000, -6.982
16.94, -0.8000, -7.824
16.95, -0.8000, -6.995
16.96, -0.8000, -8.042
16.97, -0.8000, -6.642
16.98, -0.8000, -7.560
16.99, -0.8000, -7.674
17.00, -0.8000, -6.789
17.01, -0.8000, -7.681
17.02, -0.8000, -6.532
17.03, -0.8000, -7.472
17.04, -0.8000, -6.398
17.05, -0.8000, -7.272
17.06, -0.8000, -7.079
17.07, -0.8000, -7.174
17.08, -0.8000, -6.867
17.09, -0.8000, -7.370
17.10, -0.8000, -6.539
17.11, -0.8000, -7.604
17.12, -0.8000, -6.872
17.13, -0.8000, -7.758
17.14, -0.8000, -7.239
17.15, -0.8000, -6.313
17.16, -0.8000, -6.642
17.17, -0.8000, -7.364
17.18, -0.8000, -7.583
17.19, -0.8000, -7.707
17.20, -0.8000, -7.646
17.21, -0.8000, -7.300
17.22, -0.8000, -7.462
17.23, -0.8000, -7.961
17.24, -0.8000, -6.863
17.25, -0.8000, -7.785
17.26, -0.8000, -7.062
17.27, -0.8000, -8.118
17.28, -0.8000, -7.543
17.29, -0.8000, -6.475
17.30, -0.8000, -7.198
17.31, -0.8000, -7.883
17.32, -0.8000, -8.059
17.33, -0.8000, -6.788
17.34, -0.8000, -6.255
17.35, -0.8000, -6.511
17.36, -0.8000, -6.294
17.37, -0.8000, -6.875
17.38, -0.8000, -7.292
17.39, -0.8000, -6.649
17.40, -0.8000, -7.014
17.41, -0.8000, -7.604
17.42, -0.8000, -7.752
17.43, -0.8000, -6.031
17.44, -0.8000, -7.204
17.45, -0.8000, -7.339
17.46, -0.8000, -6.652
17.47, -0.8000, -7.144
17.48, -0.8000, -6.679
17.49, -0.8000, -7.929
17.50, -0.8000, -7.716
17.51, -0.8000, -7.062
17.52, -0.8000, -7.241
17.53, -0.8000, -6.943
17.54, -0.8000, -7.233
17.55, -0.8000, -7.064
17.56, -0.8000, -7.376
17.57, -0.8000, -7.602
17.58, -0.8000, -7.051
17.59, -0.8000, -7.346
17.60, -0.8000, -7.761
17.61, -0.8000, -6.847
17.62, -0.8000, -7.232
17.63, -0.8000, -7.451
17.64, -0.8000, -7.179
17.65, -0.8000, -7.311
17.66, -0.8000, -7.951
17.67, -0.8000, -7.098
17.68, -0.8000, -7.385
17.69, -0.8000, -7.046
17.70, -0.8000, -6.782
17.71, -0.8000, -7.736
17.72, -0.8000, -7.740
17.73, -0.8000, -6.924
17.74, -0.8000, -8.348
17.75, -0.8000, -7.411
17.76, -0.8000, -7.185
17.77, -0.8000, -7.105
17.78, -0.8000, -6.036
17.79, -0.8000, -7.478
17.80, -0.8000, -7.305
17.81, -0.8000, -7.252
17.82, -0.8000, -7.967
17.83, -0.8000, -7.707
17.84, -0.8000, -6.831
17.85, -0.8000, -6.715
17.86, -0.8000, -6.837
17.87, -0.8000, -6.646
17.88, -0.8000, -6.693
17.89, -0.8000, -6.837
17.90, -0.8000, -6.754
17.91, -0.8000, -8.672
17.92, -0.8000, -7.346
17.93, -0.8000, -5.789
17.94, -0.8000, -6.405
17.95, -0.8000, -8.112
17.96, -0.8000, -6.362
17.97, -0.8000, -6.128
17.98, -0.8000, -8.099
17.99, -0.8000, -8.281
18.00, -0.8000, -7.556
18.01, -0.8000, -6.482
18.02, -0.8000, -6.937
18.03, -0.8000, -8.019
18.04, -0.8000, -7.744
18.05, -0.8000, -7.542
18.06, -0.8000, -6.843
18.07, -0.8000, -8.004
18.08, -0.8000, -7.487
18.09, -0.8000, -7.753
18.10, -0.8000, -7.921
18.11, -0.8000, -6.703
18.12, -0.8000, -7.393
18.13, -0.8000, -7.370
18.14, -0.8000, -6.640
18.15, -0.8000, -6.444
18.16, -0.8000, -7.479
18.17, -0.8000, -7.736
18.18, -0.8000, -7.424
18.19, -0.8000, -8.293
18.20, -0.8000, -7.311
18.21, -0.8000, -6.807
18.22, -0.8000, -6.416
18.23, -0.8000, -7.814
18.24, -0.8000, -7.537
18.25, -0.8000, -6.536
18.26, -0.8000, -6.783
18.27, -0.8000, -7.065
18.28, -0.8000, -7.961
18.29, -0.8000, -8.129
18.30, -0.8000, -7.462
18.31, -0.8000, -6.276
18.32, -0.8000, -6.700
18.33, -0.8000, -6.425
18.34, -0.8000, -6.629
18.35, -0.8000, -7.191
18.36, -0.8000, -7.423
18.37, -0.8000, -8.484
18.38, -0.8000, -7.411
18.39, -0.8000, -6.708
18.40, -0.8000, -6.818
18.41, -0.8000, -7.421
18.42, -0.8000, -7.261
18.43, -0.8000, -6.685
18.44, -0.8000, -7.301
18.45, -0.8000, -8.209
18.46, -0.8000, -7.904
18.47, -0.8000, -7.708
18.48, -0.8000, -6.214
18.49, -0.8000, -7.127
18.50, -0.8000, -7.193
18.51, -0.8000, -6.472
18.52, -0.8000, -7.677
18.53, -0.8000, -7.007
18.54, -0.8000, -7.802
18.55, -0.8000, -8.842
18.56, -0.8000, -6.770
18.57, -0.8000, -7.164
18.58, -0.8000, -7.245
18.59, -0.8000, -7.440
18.60, -0.8000, -6.595
18.61, -0.8000, -7.147
18.62, -0.8000, -8.419
18.63, -0.8000, -7.866
18.64, -0.8000, -8.860
18.65, -0.8000, -7.159
18.66, -0.8000, -6.527
18.67, -0.8000, -6.053
18.68, -0.8000, -7.574
18.69, -0.8000, -6.094
18.70, -0.8000, -6.837
18.71, -0.8000, -7.447
18.72, -0.8000, -6.661
18.73, -0.8000, -7.997
18.74, -0.8000, -7.959
18.75, -0.8000, -6.885
18.76, -0.8000, -7.117
18.77, -0.8000, -7.431
18.78, -0.8000, -7.561
18.79, -0.8000, -7.615
18.80, -0.8000, -7.466
18.81, -0.8000, -8.013
18.82, -0.8000, -7.413
18.83, -0.8000, -7.492
18.84, -0.8000, -7.966
18.85, -0.8000, -6.928
18.86, -0.8000, -6.638
18.87, -0.8000, -7.655
18.88, -0.8000, -7.616
18.89, -0.8000, -6.487
18.90, -0.8000, -7.356
18.91, -0.8000, -6.630
18.92, -0.8000, -8.154
18.93, -0.8000, -7.115
18.94, -0.8000, -7.108
18.95, -0.8000, -7.359
18.96, -0.8000, -6.612
18.97, -0.8000, -6.689
18.98, -0.8000, -7.652
18.99, -0.8000, -7.263
19.00, -0.8000, -7.821
19.01, -0.8000, -7.549
19.02, -0.8000, -7.765
19.03, -0.8000, -6.540
19.04, -0.8000, -7.174
19.05, -0.8000, -6.667
19.06, -0.8000, -7.009
19.07, -0.8000, -7.073
19.08, -0.8000, -8.457
19.09, -0.8000, -8.171
19.10, -0.8000, -7.431
19.11, -0.8000, -6.889
19.12, -0.8000, -8.419
19.13, -0.8000, -7.858
19.14, -0.8000, -7.126
19.15, -0.8000, -7.801
19.16, -0.8000, -8.085
19.17, -0.8000, -8.085
19.18, -0.8000, -7.063
19.19, -0.8000, -6.208
19.20, -0.8000, -7.355
19.21, -0.8000, -7.041
19.22, -0.8000, -6.667
19.23, -0.8000, -8.704
19.24, -0.8000, -7.621
19.25, -0.8000, -7.493
19.26, -0.8000, -6.954
19.27, -0.8000, -7.138
19.28, -0.8000, -7.040
19.29, -0.8000, -6.743
19.30, -0.8000, -7.528
19.31, -0.8000, -7.302
19.32, -0.8000, -6.844
19.33, -0.8000, -7.446
19.34, -0.8000, -6.912
19.35, -0.8000, -8.269
19.36, -0.8000, -8.499
19.37, -0.8000, -6.643
19.38, -0.8000, -6.371
19.39, -0.8000, -6.775
19.40, -0.8000, -7.797
19.41, -0.8000, -7.599
19.42, -0.8000, -7.668
19.43, -0.8000, -8.038
19.44, -0.8000, -7.106
19.45, -0.8000, -9.064
19.46, -0.8000, -7.954
19.47, -0.8000, -7.010
19.48, -0.8000, -7.441
19.49, -0.8000, -6.562
19.50, -0.8000, -7.681
19.51, -0.8000, -7.972
19.52, -0.8000, -6.706
19.53, -0.8000, -7.613
19.54, -0.8000, -6.774
19.55, -0.8000, -8.323
19.56, -0.8000, -7.553
19.57, -0.8000, -7.815
19.58, -0.8000, -7.178
19.59, -0.8000, -6.250
19.60, -0.8000, -8.351
19.61, -0.8000, -7.998
19.62, -0.8000, -8.374
19.63, -0.8000, -6.644
19.64, -0.8000, -7.428
19.65, -0.8000, -7.989
19.66, -0.8000, -7.322
19.67, -0.8000, -7.955
19.68, -0.8000, -6.532
19.69, -0.8000, -6.931
19.70, -0.8000, -7.127
19.71, -0.8000, -6.480
19.72, -0.8000, -8.004
19.73, -0.8000, -8.592
19.74, -0.8000, -6.950
19.75, -0.8000, -7.167
19.76, -0.8000, -7.824
19.77, -0.8000, -7.480
19.78, -0.8000, -6.749
19.79, -0.8000, -6.546
19.80, -0.8000, -6.351
19.81, -0.8000, -6.885
19.82, -0.8000, -7.556
19.83, -0.8000, -7.293
19.84, -0.8000, -7.091
19.85, -0.8000, -7.047
19.86, -0.8000, -7.180
19.87, -0.8000, -7.846
19.88, -0.8000, -8.559
19.89, -0.8000, -8.296
19.90, -0.8000, -6.970
19.91, -0.8000, -6.724
19.92, -0.8000, -7.203
19.93, -0.8000, -7.314
19.94, -0.8000, -6.989
19.95, -0.8000, -7.656
19.96, -0.8000, -7.980
19.97, -0.8000, -7.510
19.98, -0.8000, -7.235
19.99, -0.8000, -7.124
20.00, -0.8000, -6.664
20.01, -0.8000, -6.736
20.02, -0.8000, -7.592
20.03, -0.8000, -7.021
20.04, -0.8000, -7.260
20.05, -0.8000, -6.706
20.06, -0.8000, -6.896
20.07, -0.8000, -7.853
20.08, -0.8000, -8.384
20.09, -0.8000, -6.865
20.10, -0.8000, -6.945
20.11, -0.8000, -7.744
20.12, -0.8000, -7.157
20.13, -0.8000, -7.855
20.14, -0.8000, -8.305
20.15, -0.8000, -7.186
20.16, -0.8000, -7.735
20.17, -0.8000, -7.211
20.18, -0.8000, -6.925
20.19, -0.8000, -7.679
20.20, -0.8000, -8.022
20.21, -0.8000, -7.901
20.22, -0.8000, -6.622
20.23, -0.8000, -7.137
20.24, -0.8000, -6.953
20.25, -0.8000, -7.026
20.26, -0.8000, -7.617
20.27, -0.8000, -8.861
20.28, -0.8000, -8.288
20.29, -0.8000, -7.720
20.30, -0.8000, -6.927
20.31, -0.8000, -6.766
20.32, -0.8000, -6.985
20.33, -0.8000, -6.885
20.34, -0.8000, -7.657
20.35, -0.8000, -8.062
20.36, -0.8000, -8.177
20.37, -0.8000, -7.335
20.38, -0.8000, -8.030
20.39, -0.8000, -7.606
20.40, -0.8000, -7.223
20.41, -0.8000, -7.653
20.42, -0.8000, -7.703
20.43, -0.8000, -7.496
20.44, -0.8000, -8.261
20.45, -0.8000, -7.123
20.46, -0.8000, -7.767
20.47, -0.8000, -7.831
20.48, -0.8000, -6.789
20.49, -0.8000, -7.209
20.50, -0.8000, -7.228
20.51, -0.8000, -7.804
20.52, -0.8000, -6.795
20.53, -0.8000, -6.995
20.54, -0.8000, -7.630
20.55, -0.8000, -7.585
20.56, -0.8000, -6.890
20.57, -0.8000, -6.743
20.58, -0.8000, -6.559
20.59, -0.8000, -7.811
20.60, -0.8000, -7.610
20.61, -0.8000, -7.947
20.62, -0.8000, -7.019
20.63, -0.8000, -7.693
20.64, -0.8000, -7.306
20.65, -0.8000, -7.786
20.66, -0.8000, -6.907
20.67, -0.8000, -7.164
20.68, -0.8000, -7.468
20.69, -0.8000, -7.159
20.70, -0.8000, -7.086
20.71, -0.8000, -8.118
20.72, -0.8000, -8.104
20.73, -0.8000, -7.640
20.74, -0.8000, -7.099
20.75, -0.8000, -7.365
20.76, -0.8000, -7.087
20.77, -0.8000, -7.048
20.78, -0.8000, -7.967
20.79, -0.8000, -7.455
20.80, -0.8000, -7.675
20.81, -0.8000, -8.710
20.82, -0.8000, -7.590
20.83, -0.8000, -7.958
20.84, -0.8000, -7.480
20.85, -0.8000, -7.879
20.86, -0.8000, -6.809
20.87, -0.8000, -7.898
20.88, -0.8000, -7.017
20.89, -0.8000, -6.572
20.90, -0.8000, -6.600
20.91, -0.8000, -7.107
20.92, -0.8000, -7.388
20.93, -0.8000, -7.044
20.94, -0.8000, -7.941
20.95, -0.8000, -7.974
20.96, -0.8000, -7.433
20.97, -0.8000, -6.607
20.98, -0.8000, -8.719
20.99, -0.8000, -7.502
21.00, -0.8000, -6.989
21.01, -0.8000, -7.236
21.02, -0.8000, -7.152
21.03, -0.8000, -7.701
21.04, -0.8000, -7.015
21.05, -0.8000, -7.476
21.06, -0.8000, -7.639
21.07, -0.8000, -6.792
21.08, -0.8000, -7.226
21.09, -0.8000, -8.566
21.10, -0.8000, -6.564
21.11, -0.8000, -7.454
21.12, -0.8000, -6.702
21.13, -0.8000, -7.685
21.14, -0.8000, -7.020
21.15, -0.8000, -8.224
21.16, -0.8000, -8.688
21.17, -0.8000, -7.838
21.18, -0.8000, -6.683
21.19, -0.8000, -7.518
21.20, -0.8000, -7.476
21.21, -0.8000, -7.448
21.22, -0.8000, -7.641
21.23, -0.8000, -7.871
21.24, -0.8000, -7.977
21.25, -0.8000, -7.798
21.26, -0.8000, -6.964
21.27, -0.8000, -7.924
21.28, -0.8000, -7.184
21.29, -0.8000, -6.516
21.30, -0.8000, -7.386
21.31, -0.8000, -7.906
21.32, -0.8000, -6.904
21.33, -0.8000, -7.353
21.34, -0.8000, -7.622
21.35, -0.8000, -8.578
21.36, -0.8000, -8.776
21.37, -0.8000, -6.648
21.38, -0.8000, -7.622
21.39, -0.8000, -8.331
21.40, -0.8000, -6.377
21.41, -0.8000, -7.532
21.42, -0.8000, -6.943
21.43, -0.8000, -7.908
21.44, -0.8000, -7.177
21.45, -0.8000, -7.164
21.46, -0.8000, -7.635
21.47, -0.8000, -6.885
21.48, -0.8000, -6.993
21.49, -0.8000, -7.401
21.50, -0.8000, -6.871
21.51, -0.8000, -6.646
21.52, -0.8000, -6.110
21.53, -0.8000, -7.802
21.54, -0.8000, -7.467
21.55, -0.8000, -7.738
21.56, -0.8000, -7.811
21.57, -0.8000, -6.811
21.58, -0.8000, -6.702
21.59, -0.8000, -7.169
21.60, -0.8000, -7.289
21.61, -0.8000, -7.672
21.62, -0.8000, -6.694
21.63, -0.8000, -7.737
21.64, -0.8000, -8.531
21.65, -0.8000, -7.196
21.66, -0.8000, -6.746
21.67, -0.8000, -6.649
21.68, -0.8000, -7.093
21.69, -0.8000, -6.820
21.70, -0.8000, -7.591
21.71, -0.8000, -7.210
21.72, -0.8000, -7.745
21.73, -0.8000, -8.160
21.74, -0.8000, -8.079
21.75, -0.8000, -7.324
21.76, -0.8000, -6.558
21.77, -0.8000, -6.422
21.78, -0.8000, -7.183
21.79, -0.8000, -7.016
21.80, -0.8000, -8.281
21.81, -0.8000, -6.876
21.82, -0.8000, -7.312
21.83, -0.8000, -7.488
21.84, -0.8000, -7.760
21.85, -0.8000, -7.108
21.86, -0.8000, -8.421
21.87, -0.8000, -6.797
21.88, -0.8000, -6.825
21.89, -0.8000, -7.263
21.90, -0.8000, -7.968
21.91, -0.8000, -6.927
21.92, -0.8000, -7.012
21.93, -0.8000, -7.517
21.94, -0.8000, -7.216
21.95, -0.8000, -6.969
21.96, -0.8000, -7.739
21.97, -0.8000, -7.274
21.98, -0.8000, -7.138
21.99, -0.8000, -6.526
22.00, -0.8000, -6.286
22.01, -0.8000, -7.149
22.02, -0.8000, -6.600
22.03, -0.8000, -7.574
22.04, -0.8000, -7.201
22.05, -0.8000, -7.101
22.06, -0.8000, -6.435
22.07, -0.8000, -7.602
22.08, -0.8000, -7.652
22.09, -0.8000, -7.256
22.10, -0.8000, -7.462
22.11, -0.8000, -6.521
22.12, -0.8000, -6.890
22.13, -0.8000, -8.026
22.14, -0.8000, -7.024
22.15, -0.8000, -8.375
22.16, -0.8000, -8.781
22.17, -0.8000, -7.786
22.18, -0.8000, -8.145
22.19, -0.8000, -7.221
22.20, -0.8000, -6.503
22.21, -0.8000, -6.832
22.22, -0.8000, -6.646
22.23, -0.8000, -7.699
22.24, -0.8000, -7.452
22.25, -0.8000, -6.988
22.26, -0.8000, -7.979
22.27, -0.8000, -7.028
22.28, -0.8000, -7.886
22.29, -0.8000, -7.342
22.30, -0.8000, -8.213
22.31, -0.8000, -7.462
22.32, -0.8000, -7.959
22.33, -0.8000, -7.048
22.34, -0.8000, -6.722
22.35, -0.8000, -6.404
22.36, -0.8000, -6.611
22.37, -0.8000, -7.454
22.38, -0.8000, -7.926
22.39, -0.8000, -7.026
22.40, -0.8000, -8.536
22.41, -0.8000, -7.926
22.42, -0.8000, -7.456
22.43, -0.8000, -8.261
22.44, -0.8000, -9.047
22.45, -0.8000, -6.658
22.46, -0.8000, -7.060
22.47, -0.8000, -6.706
22.48, -0.8000, -7.719
22.49, -0.8000, -7.256
22.50, -0.8000, -6.714
22.51, -0.8000, -7.523
22.52, -0.8000, -6.994
22.53, -0.8000, -7.944
22.54, -0.8000, -7.629
22.55, -0.8000, -8.071
22.56, -0.8000, -7.845
22.57, -0.8000, -8.993
22.58, -0.8000, -7.474
22.59, -0.8000, -6.575
22.60, -0.8000, -6.851
22.61, -0.8000, -8.401
22.62, -0.8000, -9.200
22.63, -0.8000, -6.966
22.64, -0.8000, -7.910
22.65, -0.8000, -6.660
22.66, -0.8000, -7.004
22.67, -0.8000, -7.207
22.68, -0.8000, -7.830
22.69, -0.8000, -8.268
22.70, -0.8000, -7.135
22.71, -0.8000, -6.457
22.72, -0.8000, -8.566
22.73, -0.8000, -7.569
22.74, -0.8000, -7.147
22.75, -0.8000, -6.987
22.76, -0.8000, -8.093
22.77, -0.8000, -8.741
22.78, -0.8000, -7.969
22.79, -0.8000, -7.386
22.80, -0.8000, -7.413
22.81, -0.8000, -7.224
22.82, -0.8000, -6.724
22.83, -0.8000, -7.119
22.84, -0.8000, -7.710
22.85, -0.8000, -7.057
22.86, -0.8000, -7.409
22.87, -0.8000, -6.982
22.88, -0.8000, -7.205
22.89, -0.8000, -7.356
22.90, -0.8000, -6.868
22.91, -0.8000, -8.378
22.92, -0.8000, -7.489
22.93, -0.8000, -7.421
22.94, -0.8000, -7.834
22.95, -0.8000, -8.397
22.96, -0.8000, -7.008
22.97, -0.8000, -7.032
22.98, -0.8000, -6.524
22.99, -0.8000, -6.649
23.00, -0.8000, -6.968
23.01, -0.8000, -7.554
23.02, -0.8000, -8.386
23.03, -0.8000, -7.930
23.04, -0.8000, -7.114
23.05, -0.8000, -6.984
23.06, -0.8000, -7.137
23.07, -0.8000, -8.239
23.08, -0.8000, -7.407
23.09, -0.8000, -6.777
23.10, -0.8000, -7.576
23.11, -0.8000, -6.945
23.12, -0.8000, -7.627
23.13, -0.8000, -8.016
23.14, -0.8000, -7.741
23.15, -0.8000, -6.923
23.16, -0.8000, -7.791
23.17, -0.8000, -7.433
23.18, -0.8000, -8.023
23.19, -0.8000, -7.147
23.20, -0.8000, -8.031
23.21, -0.8000, -7.418
23.22, -0.8000, -6.693
23.23, -0.8000, -6.598
23.24, -0.8000, -7.907
23.25, -0.8000, -7.956
23.26, -0.8000, -7.661
23.27, -0.8000, -9.214
23.28, -0.8000, -7.123
23.29, -0.8000, -6.604
23.30, -0.8000, -7.558
23.31, -0.8000, -6.879
23.32, -0.8000, -6.723
23.33, -0.8000, -7.406
23.34, -0.8000, -7.032
23.35, -0.8000, -7.090
23.36, -0.8000, -8.304
23.37, -0.8000, -7.034
23.38, -0.8000, -7.326
23.39, -0.8000, -8.523
23.40, -0.8000, -6.593
23.41, -0.8000, -6.828
23.42, -0.8000, -6.557
23.43, -0.8000, -8.207
23.44, -0.8000, -6.796
23.45, -0.8000, -9.042
23.46, -0.8000, -8.035
23.47, -0.8000, -7.218
23.48, -0.8000, -7.715
23.49, -0.8000, -6.494
23.50, -0.8000, -7.195
23.51, -0.8000, -8.203
23.52, -0.8000, -6.878
23.53, -0.8000, -8.378
23.54, -0.8000, -8.313
23.55, -0.8000, -7.549
23.56, -0.8000, -6.623
23.57, -0.8000, -7.318
23.58, -0.8000, -6.223
23.59, -0.8000, -7.219
23.60, -0.8000, -8.076
23.61, -0.8000, -6.870
23.62, -0.8000, -7.268
23.63, -0.8000, -7.527
23.64, -0.8000, -7.503
23.65, -0.8000, -7.120
23.66, -0.8000, -7.269
23.67, -0.8000, -6.908
23.68, -0.8000, -6.994
23.69, -0.8000, -8.329
23.70, -0.8000, -6.939
23.71, -0.8000, -7.553
23.72, -0.8000, -8.075
23.73, -0.8000, -6.595
23.74, -0.8000, -7.253
23.75, -0.8000, -7.309
23.76, -0.8000, -7.898
23.77, -0.8000, -7.890
23.78, -0.8000, -6.865
23.79, -0.8000, -8.393
23.80, -0.8000, -7.265
23.81, -0.8000, -7.592
23.82, -0.8000, -6.816
23.83, -0.8000, -6.533
23.84, -0.8000, -8.341
23.85, -0.8000, -6.749
23.86, -0.8000, -7.107
23.87, -0.8000, -8.344
23.88, -0.8000, -7.964
23.89, -0.8000, -9.018
23.90, -0.8000, -7.802
23.91, -0.8000, -6.892
23.92, -0.8000, -7.470
23.93, -0.8000, -8.523
23.94, -0.8000, -6.508
23.95, -0.8000, -6.861
23.96, -0.8000, -7.722
23.97, -0.8000, -8.516
23.98, -0.8000, -7.666
23.99, -0.8000, -7.282
24.00, -0.8000, -6.417
24.01, -0.8000, -7.303
24.02, -0.8000, -8.279
24.03, -0.8000, -7.934
24.04, -0.8000, -7.546
24.05, -0.8000, -7.547
24.06, -0.8000, -8.467
24.07, -0.8000, -7.826
24.08, -0.8000, -7.180
24.09, -0.8000, -7.546
24.10, -0.8000, -8.282
24.11, -0.8000, -7.833
24.12, -0.8000, -7.533
24.13, -0.8000, -9.080
24.14, -0.8000, -7.705
24.15, -0.8000, -6.639
24.16, -0.8000, -7.576
24.17, -0.8000, -7.255
24.18, -0.8000, -7.218
24.19, -0.8000, -6.545
24.20, -0.8000, -6.597
24.21, -0.8000, -6.519
24.22, -0.8000, -8.591
24.23, -0.8000, -7.500
24.24, -0.8000, -7.829
24.25, -0.8000, -6.176
24.26, -0.8000, -8.664
24.27, -0.8000, -7.502
24.28, -0.8000, -7.436
24.29, -0.8000, -8.381
24.30, -0.8000, -6.642
24.31, -0.8000, -7.238
24.32, -0.8000, -7.094
24.33, -0.8000, -6.987
24.34, -0.8000, -7.991
24.35, -0.8000, -7.855
24.36, -0.8000, -7.144
24.37, -0.8000, -7.086
24.38, -0.8000, -7.722
24.39, -0.8000, -7.414
24.40, -0.8000, -7.972
24.41, -0.8000, -7.427
24.42, -0.8000, -8.296
24.43, -0.8000, -7.658
24.44, -0.8000, -7.520
24.45, -0.8000, -6.608
24.46, -0.8000, -7.392
24.47, -0.8000, -7.438
24.48, -0.8000, -8.492
24.49, -0.8000, -7.829
24.50, -0.8000, -7.600
24.51, -0.8000, -6.798
24.52, -0.8000, -7.543
24.53, -0.8000, -6.425
24.54, -0.8000, -7.494
24.55, -0.8000, -6.849
24.56, -0.8000, -6.962
24.57, -0.8000, -7.943
24.58, -0.8000, -7.862
24.59, -0.8000, -8.273
24.60, -0.8000, -7.464
24.61, -0.8000, -7.316
24.62, -0.8000, -6.867
24.63, -0.8000, -7.426
24.64, -0.8000, -7.481
24.65, -0.8000, -6.698
24.66, -0.8000, -7.513
24.67, -0.8000, -7.530
24.68, -0.8000, -7.855
24.69, -0.8000, -8.571
24.70, -0.8000, -7.164
24.71, -0.8000, -6.597
24.72, -0.8000, -7.338
24.73, -0.8000, -7.188
24.74, -0.8000, -7.222
24.75, -0.8000, -7.446
24.76, -0.8000, -8.115
24.77, -0.8000, -7.524
24.78, -0.8000, -7.256
24.79, -0.8000, -7.150
24.80, -0.8000, -7.246
24.81, -0.8000, -7.572
24.82, -0.8000, -6.948
24.83, -0.8000, -7.321
24.84, -0.8000, -8.059
24.85, -0.8000, -7.030
24.86, -0.8000, -6.975
24.87, -0.8000, -7.489
24.88, -0.8000, -7.501
24.89, -0.8000, -6.899
24.90, -0.8000, -7.560
24.91, -0.8000, -7.778
24.92, -0.8000, -7.953
24.93, -0.8000, -6.611
24.94, -0.8000, -7.910
24.95, -0.8000, -6.844
24.96, -0.8000, -7.569
24.97, -0.8000, -6.991
24.98, -0.8000, -7.608
24.99, -0.8000, -6.508
25.00, -0.8000, -7.490
25.01, -0.8000, -7.261
25.02, -0.8000, -7.891
25.03, -0.8000, -6.827
25.04, -0.8000, -7.693
25.05, -0.8000, -8.541
25.06, -0.8000, -8.603
25.07, -0.8000, -7.390
25.08, -0.8000, -7.155
25.09, -0.8000, -5.852
25.10, -0.8000, -6.584
25.11, -0.8000, -6.913
25.12, -0.8000, -7.493
25.13, -0.8000, -7.402
25.14, -0.8000, -8.292
25.15, -0.8000, -8.612
25.16, -0.8000, -7.313
25.17, -0.8000, -7.322
25.18, -0.8000, -8.328
25.19, -0.8000, -6.071
25.20, -0.8000, -6.656
25.21, -0.8000, -7.400
25.22, -0.8000, -7.504
25.23, -0.8000, -7.760
25.24, -0.8000, -7.341
25.25, -0.8000, -8.804
25.26, -0.8000, -8.219
25.27, -0.8000, -8.792
25.28, -0.8000, -7.310
25.29, -0.8000, -7.046
25.30, -0.8000, -6.785
25.31, -0.8000, -8.557
25.32, -0.8000, -6.816
25.33, -0.8000, -6.835
25.34, -0.8000, -7.255
25.35, -0.8000, -7.640
25.36, -0.8000, -6.419
25.37, -0.8000, -6.488
25.38, -0.8000, -8.192
25.39, -0.8000, -7.054
25.40, -0.8000, -7.398
25.41, -0.8000, -7.035
25.42, -0.8000, -7.881
25.43, -0.8000, -7.510
25.44, -0.8000, -6.719
25.45, -0.8000, -7.636
25.46, -0.8000, -8.209
25.47, -0.8000, -8.101
25.48, -0.8000, -7.552
25.49, -0.8000, -6.948
25.50, -0.8000, -6.951
25.51, -0.8000, -7.635
25.52, -0.8000, -6.734
25.53, -0.8000, -8.121
25.54, -0.8000, -6.820
25.55, -0.8000, -6.156
25.56, -0.8000, -7.368
25.57, -0.8000, -6.921
25.58, -0.8000, -7.689
25.59, -0.8000, -6.986
25.60, -0.8000, -6.623
25.61, -0.8000, -6.824
25.62, -0.8000, -8.944
25.63, -0.8000, -7.313
25.64, -0.8000, -7.850
25.65, -0.8000, -8.449
25.66, -0.8000, -7.087
25.67, -0.8000, -6.642
25.68, -0.8000, -7.153
25.69, -0.8000, -8.132
25.70, -0.8000, -7.354
25.71, -0.8000, -7.362
25.72, -0.8000, -7.514
25.73, -0.8000, -7.159
25.74, -0.8000, -8.472
25.75, -0.8000, -7.629
25.76, -0.8000, -7.634
25.77, -0.8000, -7.667
25.78, -0.8000, -7.778
25.79, -0.8000, -6.326
25.80, -0.8000, -7.925
25.81, -0.8000, -7.534
25.82, -0.8000, -7.449
25.83, -0.8000, -7.520
25.84, -0.8000, -7.480
25.85, -0.8000, -7.523
25.86, -0.8000, -7.589
25.87, -0.8000, -7.078
25.88, -0.8000, -7.108
25.89, -0.8000, -6.519
25.90, -0.8000, -7.529
25.91, -0.8000, -7.222
25.92, -0.8000, -7.314
25.93, -0.8000, -6.822
25.94, -0.8000, -8.357
25.95, -0.8000, -7.013
25.96, -0.8000, -7.157
25.97, -0.8000, -7.769
25.98, -0.8000, -7.220
25.99, -0.8000, -7.369
26.00, -0.8000, -6.965
26.01, -0.8000, -7.869
26.02, -0.8000, -7.720
26.03, -0.8000, -7.613
26.04, -0.8000, -7.342
26.05, -0.8000, -7.556
26.06, -0.8000, -7.975
26.07, -0.8000, -8.098
26.08, -0.8000, -6.754
26.09, -0.8000, -6.990
26.10, -0.8000, -6.026
26.11, -0.8000, -6.921
26.12, -0.8000, -6.966
26.13, -0.8000, -7.329
26.14, -0.8000, -8.255
26.15, -0.8000, -9.054
26.16, -0.8000, -7.540
26.17, -0.8000, -7.625
26.18, -0.8000, -7.284
26.19, -0.8000, -7.904
26.20, -0.8000, -8.608
26.21, -0.8000, -8.077
26.22, -0.8000, -8.245
26.23, -0.8000, -8.284
26.24, -0.8000, -7.231
26.25, -0.8000, -7.478
26.26, -0.8000, -6.960
26.27, -0.8000, -7.564
26.28, -0.8000, -7.183
26.29, -0.8000, -7.267
26.30, -0.8000, -7.495
26.31, -0.8000, -6.843
26.32, -0.8000, -7.559
26.33, -0.8000, -7.499
26.34, -0.8000, -7.932
26.35, -0.8000, -8.605
26.36, -0.8000, -7.734
26.37, -0.8000, -6.594
26.38, -0.8000, -6.991
26.39, -0.8000, -6.960
26.40, -0.8000, -7.467
26.41, -0.8000, -7.712
26.42, -0.8000, -7.219
26.43, -0.8000, -7.891
26.44, -0.8000, -7.963
26.45, -0.8000, -7.235
26.46, -0.8000, -7.075
26.47, -0.8000, -7.129
26.48, -0.8000, -8.309
26.49, -0.8000, -7.208
26.50, -0.8000, -7.766
26.51, -0.8000, -6.550
26.52, -0.8000, -6.897
26.53, -0.8000, -8.480
26.54, -0.8000, -8.292
26.55, -0.8000, -7.985
26.56, -0.8000, -7.410
26.57, -0.8000, -7.172
26.58, -0.8000, -7.925
26.59, -0.8000, -6.983
26.60, -0.8000, -6.770
26.61, -0.8000, -7.001
26.62, -0.8000, -8.691
26.63, -0.8000, -7.438
26.64, -0.8000, -7.883
26.65, -0.8000, -7.150
26.66, -0.8000, -6.652
26.67, -0.8000, -7.060
26.68, -0.8000, -8.017
26.69, -0.8000, -7.702
26.70, -0.8000, -8.463
26.71, -0.8000, -7.206
26.72, -0.8000, -8.187
26.73, -0.8000, -8.126
26.74, -0.8000, -6.868
26.75, -0.8000, -7.655
26.76, -0.8000, -6.822
26.77, -0.8000, -7.776
26.78, -0.8000, -7.228
26.79, -0.8000, -7.212
26.80, -0.8000, -7.108
26.81, -0.8000, -7.291
26.82, -0.8000, -7.775
26.83, -0.8000, -8.605
26.84, -0.8000, -7.249
26.85, -0.8000, -8.385
26.86, -0.8000, -7.384
26.87, -0.8000, -7.134
26.88, -0.8000, -7.382
26.89, -0.8000, -6.533
26.90, -0.8000, -8.043
26.91, -0.8000, -7.346
26.92, -0.8000, -7.028
26.93, -0.8000, -7.821
26.94, -0.8000, -8.908
26.95, -0.8000, -8.741
26.96, -0.8000, -8.002
26.97, -0.8000, -7.649
26.98, -0.8000, -7.239
26.99, -0.8000, -7.080
27.00, -0.8000, -6.483
27.01, -0.8000, -7.450
27.02, -0.8000, -7.715
27.03, -0.8000, -8.383
27.04, -0.8000, -6.417
27.05, -0.8000, -8.810
27.06, -0.8000, -7.058
27.07, -0.8000, -7.590
27.08, -0.8000, -5.673
27.09, -0.8000, -6.654
27.10, -0.8000, -7.287
27.11, -0.8000, -7.684
27.12, -0.8000, -6.651
27.13, -0.8000, -8.231
27.14, -0.8000, -7.126
27.15, -0.8000, -8.513
27.16, -0.8000, -7.071
27.17, -0.8000, -7.121
27.18, -0.8000, -7.120
27.19, -0.8000, -6.385
27.20, -0.8000, -6.720
27.21, -0.8000, -8.174
27.22, -0.8000, -7.490
27.23, -0.8000, -7.569
27.24, -0.8000, -7.178
27.25, -0.8000, -8.484
27.26, -0.8000, -6.806
27.27, -0.8000, -8.381
27.28, -0.8000, -7.484
27.29, -0.8000, -6.868
27.30, -0.8000, -7.698
27.31, -0.8000, -6.151
27.32, -0.8000, -6.994
27.33, -0.8000, -7.278
27.34, -0.8000, -7.726
27.35, -0.8000, -7.143
27.36, -0.8000, -6.885
27.37, -0.8000, -7.347
27.38, -0.8000, -6.845
27.39, -0.8000, -7.522
27.40, -0.8000, -7.721
27.41, -0.8000, -7.717
27.42, -0.8000, -6.759
27.43, -0.8000, -6.497
27.44, -0.8000, -8.394
27.45, -0.8000, -7.325
27.46, -0.8000, -7.776
27.47, -0.8000, -7.537
27.48, -0.8000, -6.507
27.49, -0.8000, -7.335
27.50, -0.8000, -6.903
27.51, -0.8000, -7.771
27.52, -0.8000, -8.420
27.53, -0.8000, -7.324
27.54, -0.8000, -7.038
27.55, -0.8000, -8.381
27.56, -0.8000, -6.316
27.57, -0.8000, -7.687
27.58, -0.8000, -7.018
27.59, -0.8000, -7.096
27.60, -0.8000, -7.796
27.61, -0.8000, -6.737
27.62, -0.8000, -8.303
27.63, -0.8000, -8.134
27.64, -0.8000, -6.880
27.65, -0.8000, -7.353
27.66, -0.8000, -6.274
27.67, -0.8000, -6.513
27.68, -0.8000, -7.925
27.69, -0.8000, -8.225
27.70, -0.8000, -6.400
27.71, -0.8000, -6.936
27.72, -0.8000, -7.692
27.73, -0.8000, -7.786
27.74, -0.8000, -8.047
27.75, -0.8000, -8.905
27.76, -0.8000, -6.685
27.77, -0.8000, -6.359
27.78, -0.8000, -6.741
27.79, -0.8000, -8.434
27.80, -0.8000, -6.992
27.81, -0.8000, -7.768
27.82, -0.8000, -7.365
27.83, -0.8000, -7.618
27.84, -0.8000, -6.920
27.85, -0.8000, -7.642
27.86, -0.8000, -7.915
27.87, -0.8000, -7.757
27.88, -0.8000, -6.983
27.89, -0.8000, -6.701
27.90, -0.8000, -6.459
27.91, -0.8000, -6.732
27.92, -0.8000, -7.594
27.93, -0.8000, -8.541
27.94, -0.8000, -7.524
27.95, -0.8000, -6.678
27.96, -0.8000, -7.001
27.97, -0.8000, -7.113
27.98, -0.8000, -6.105
27.99, -0.8000, -8.003
28.00, -0.8000, -6.869
28.01, -0.8000, -7.723
28.02, -0.8000, -6.631
28.03, -0.8000, -6.686
28.04, -0.8000, -6.726
28.05, -0.8000, -6.570
28.06, -0.8000, -6.999
28.07, -0.8000, -6.870
28.08, -0.8000, -7.682
28.09, -0.8000, -7.657
28.10, -0.8000, -8.138
28.11, -0.8000, -7.798
28.12, -0.8000, -7.674
28.13, -0.8000, -7.662
28.14, -0.8000, -8.305
28.15, -0.8000, -7.305
28.16, -0.8000, -7.510
28.17, -0.8000, -8.037
28.18, -0.8000, -6.951
28.19, -0.8000, -7.210
28.20, -0.8000, -8.061
28.21, -0.8000, -6.971
28.22, -0.8000, -7.759
28.23, -0.8000, -7.004
28.24, -0.8000, -8.469
28.25, -0.8000, -7.341
28.26, -0.8000, -7.829
28.27, -0.8000, -8.529
28.28, -0.8000, -6.986
28.29, -0.8000, -7.917
28.30, -0.8000, -7.593
28.31, -0.8000, -6.945
28.32, -0.8000, -6.698
28.33, -0.8000, -6.488
28.34, -0.8000, -8.635
28.35, -0.8000, -7.648
28.36, -0.8000, -7.123
28.37, -0.8000, -6.368
28.38, -0.8000, -7.544
28.39, -0.8000, -6.622
28.40, -0.8000, -7.058
28.41, -0.8000, -8.517
28.42, -0.8000, -6.610
28.43, -0.8000, -8.269
28.44, -0.8000, -6.971
28.45, -0.8000, -7.517
28.46, -0.8000, -6.607
28.47, -0.8000, -7.408
28.48, -0.8000, -7.343
28.49, -0.8000, -6.905
28.50, -0.8000, -7.144
28.51, -0.8000, -6.710
28.52, -0.8000, -7.662
28.53, -0.8000, -7.478
28.54, -0.8000, -7.727
28.55, -0.8000, -8.013
28.56, -0.8000, -9.204
28.57, -0.8000, -7.566
28.58, -0.8000, -7.274
28.59, -0.8000, -7.053
28.60, -0.8000, -7.046
28.61, -0.8000, -7.118
28.62, -0.8000, -6.574
28.63, -0.8000, -6.979
28.64, -0.8000, -8.141
28.65, -0.8000, -7.078
28.66, -0.8000, -7.432
28.67, -0.8000, -7.969
28.68, -0.8000, -6.360
28.69, -0.8000, -6.545
28.70, -0.8000, -8.067
28.71, -0.8000, -8.119
28.72, -0.8000, -8.857
28.73, -0.8000, -7.754
28.74, -0.8000, -6.889
28.75, -0.8000, -7.342
28.76, -0.8000, -8.000
28.77, -0.8000, -8.301
28.78, -0.8000, -7.175
28.79, -0.8000, -7.587
28.80, -0.8000, -7.869
28.81, -0.8000, -6.395
28.82, -0.8000, -6.875
28.83, -0.8000, -6.305
28.84, -0.8000, -7.841
28.85, -0.8000, -7.135
28.86, -0.8000, -8.496
28.87, -0.8000, -7.882
28.88, -0.8000, -7.347
28.89, -0.8000, -7.655
28.90, -0.8000, -6.811
28.91, -0.8000, -7.701
28.92, -0.8000, -7.417
28.93, -0.8000, -7.272
28.94, -0.8000, -7.336
28.95, -0.8000, -7.007
28.96, -0.8000, -7.853
28.97, -0.8000, -7.237
28.98, -0.8000, -7.779
28.99, -0.8000, -7.536
29.00, -0.8000, -6.504
29.01, -0.8000, -6.493
29.02, -0.8000, -7.938
29.03, -0.8000, -7.469
29.04, -0.8000, -7.583
29.05, -0.8000, -7.408
29.06, -0.8000, -6.169
29.07, -0.8000, -7.832
29.08, -0.8000, -8.181
29.09, -0.8000, -8.091
29.10, -0.8000, -7.090
29.11, -0.8000, -7.625
29.12, -0.8000, -7.814
29.13, -0.8000, -7.657
29.14, -0.8000, -6.982
29.15, -0.8000, -6.656
29.16, -0.8000, -7.676
29.17, -0.8000, -7.429
29.18, -0.8000, -8.984
29.19, -0.8000, -7.402
29.20, -0.8000, -7.268
29.21, -0.8000, -7.311
29.22, -0.8000, -7.683
29.23, -0.8000, -6.852
29.24, -0.8000, -7.637
29.25, -0.8000, -7.738
29.26, -0.8000, -9.063
29.27, -0.8000, -7.920
29.28, -0.8000, -8.040
29.29, -0.8000, -6.819
29.30, -0.8000, -7.707
29.31, -0.8000, -6.637
29.32, -0.8000, -8.042
29.33, -0.8000, -6.657
29.34, -0.8000, -7.326
29.35, -0.8000, -6.910
29.36, -0.8000, -7.553
29.37, -0.8000, -7.606
29.38, -0.8000, -7.807
29.39, -0.8000, -7.449
29.40, -0.8000, -6.862
29.41, -0.8000, -6.854
29.42, -0.8000, -7.830
29.43, -0.8000, -7.492
29.44, -0.8000, -7.648
29.45, -0.8000, -6.754
29.46, -0.8000, -8.467
29.47, -0.8000, -7.598
29.48, -0.8000, -7.889
29.49, -0.8000, -7.556
29.50, -0.8000, -6.412
29.51, -0.8000, -7.908
29.52, -0.8000, -7.522
29.53, -0.8000, -7.385
29.54, -0.8000, -6.284
29.55, -0.8000, -8.277
29.56, -0.8000, -7.531
29.57, -0.8000, -7.311
29.58, -0.8000, -8.322
29.59, -0.8000, -7.265
29.60, -0.8000, -7.006
29.61, -0.8000, -6.975
29.62, -0.8000, -6.364
29.63, -0.8000, -6.792
29.64, -0.8000, -7.188
29.65, -0.8000, -7.825
29.66, -0.8000, -8.233
29.67, -0.8000, -7.557
29.68, -0.8000, -7.592
29.69, -0.8000, -7.217
29.70, -0.8000, -6.603
29.71, -0.8000, -8.275
29.72, -0.8000, -8.881
29.73, -0.8000, -6.071
29.74, -0.8000, -8.643
29.75, -0.8000, -7.377
29.76, -0.8000, -6.851
29.77, -0.8000, -8.816
29.78, -0.8000, -7.623
29.79, -0.8000, -7.025
29.80, -0.8000, -6.751
29.81, -0.8000, -6.728
29.82, -0.8000, -6.969
29.83, -0.8000, -7.342
29.84, -0.8000, -7.277
29.85, -0.8000, -7.638
29.86, -0.8000, -6.649
29.87, -0.8000, -7.744
29.88, -0.8000, -7.625
29.89, -0.8000, -7.678
29.90, -0.8000, -8.484
29.91, -0.8000, -7.122
29.92, -0.8000, -6.567
29.93, -0.8000, -6.687
29.94, -0.8000, -7.051
29.95, -0.8000, -7.524
29.96, -0.8000, -8.238
29.97, -0.8000, -8.104
29.98, -0.8000, -7.279
29.99, -0.8000, -7.679
30.00, -0.8000, -7.136
30.01, -0.8000, -7.590
30.02, -0.8000, -7.961
30.03, -0.8000, -6.103
30.04, -0.8000, -7.169
30.05, -0.8000, -6.584
30.06, -0.8000, -7.267
30.07, -0.8000, -6.932
30.08, -0.8000, -7.895
30.09, -0.8000, -6.258
30.10, -0.8000, -8.389
30.11, -0.8000, -6.582
30.12, -0.8000, -7.759
30.13, -0.8000, -7.753
30.14, -0.8000, -7.317
30.15, -0.8000, -7.246
30.16, -0.8000, -7.903
30.17, -0.8000, -7.097
30.18, -0.8000, -6.912
30.19, -0.8000, -7.485
30.20, -0.8000, -7.704
30.21, -0.8000, -9.183
30.22, -0.8000, -7.606
30.23, -0.8000, -7.233
30.24, -0.8000, -6.844
30.25, -0.8000, -7.482
30.26, -0.8000, -7.912
30.27, -0.8000, -7.360
30.28, -0.8000, -6.624
30.29, -0.8000, -7.235
30.30, -0.8000, -7.673
30.31, -0.8000, -6.713
30.32, -0.8000, -8.476
30.33, -0.8000, -7.808
30.34, -0.8000, -6.961
30.35, -0.8000, -6.898
30.36, -0.8000, -8.447
30.37, -0.8000, -7.338
30.38, -0.8000, -7.606
30.39, -0.8000, -6.232
30.40, -0.8000, -6.411
30.41, -0.8000, -6.705
30.42, -0.8000, -7.633
30.43, -0.8000, -8.893
30.44, -0.8000, -6.499
30.45, -0.8000, -5.829
30.46, -0.8000, -6.310
30.47, -0.8000, -6.864
30.48, -0.8000, -7.395
30.49, -0.8000, -8.273
30.50, -0.8000, -7.361
30.51, -0.8000, -7.296
30.52, -0.8000, -7.558
30.53, -0.8000, -8.035
30.54, -0.8000, -8.143
30.55, -0.8000, -7.309
30.56, -0.8000, -7.408
30.57, -0.8000, -6.240
30.58, -0.8000, -7.479
30.59, -0.8000, -9.225
30.60, -0.8000, -7.159
30.61, -0.8000, -6.637
30.62, -0.8000, -7.595
30.63, -0.8000, -8.463
30.64, -0.8000, -7.681
30.65, -0.8000, -7.233
30.66, -0.8000, -6.961
30.67, -0.8000, -6.921
30.68, -0.8000, -6.909
30.69, -0.8000, -7.425
30.70, -0.8000, -7.220
30.71, -0.8000, -7.849
30.72, -0.8000, -7.691
30.73, -0.8000, -7.431
30.74, -0.8000, -7.705
30.75, -0.8000, -6.729
30.76, -0.8000, -7.349
30.77, -0.8000, -6.906
30.78, -0.8000, -6.513
30.79, -0.8000, -7.964
30.80, -0.8000, -8.777
30.81, -0.8000, -6.928
30.82, -0.8000, -7.379
30.83, -0.8000, -6.302
30.84, -0.8000, -6.618
30.85, -0.8000, -6.851
30.86, -0.8000, -7.001
30.87, -0.8000, -7.128
30.88, -0.8000, -7.881
30.89, -0.8000, -7.890
30.90, -0.8000, -7.967
30.91, -0.8000, -7.403
30.92, -0.8000, -6.914
30.93, -0.8000, -7.352
30.94, -0.8000, -6.705
30.95, -0.8000, -7.179
30.96, -0.8000, -6.814
30.97, -0.8000, -6.883
30.98, -0.8000, -7.441
30.99, -0.8000, -6.750
31.00, -0.8000, -8.025
31.01, -0.8000, -7.327
31.02, -0.8000, -7.441
31.03, -0.8000, -7.434
31.04, -0.8000, -6.947
31.05, -0.8000, -7.150
31.06, -0.8000, -7.255
31.07, -0.8000, -8.801
31.08, -0.8000, -8.426
31.09, -0.8000, -8.226
31.10, -0.8000, -8.912
31.11, -0.8000, -7.672
31.12, -0.8000, -6.594
31.13, -0.8000, -7.767
31.14, -0.8000, -6.324
31.15, -0.8000, -8.114
31.16, -0.8000, -7.429
31.17, -0.8000, -7.034
31.18, -0.8000, -7.176
31.19, -0.8000, -6.655
31.20, -0.8000, -6.845
31.21, -0.8000, -8.099
31.22, -0.8000, -6.857
31.23, -0.8000, -7.242
31.24, -0.8000, -7.912
31.25, -0.8000, -7.964
31.26, -0.8000, -7.351
31.27, -0.8000, -8.979
31.28, -0.8000, -7.282
31.29, -0.8000, -7.389
31.30, -0.8000, -6.548
31.31, -0.8000, -6.439
31.32, -0.8000, -6.986
31.33, -0.8000, -6.920
31.34, -0.8000, -6.893
31.35, -0.8000, -7.894
31.36, -0.8000, -7.826
31.37, -0.8000, -7.527
31.38, -0.8000, -7.251
31.39, -0.8000, -8.537
31.40, -0.8000, -7.309
31.41, -0.8000, -6.650
31.42, -0.8000, -7.144
31.43, -0.8000, -7.887
31.44, -0.8000, -7.294
31.45, -0.8000, -8.067
31.46, -0.8000, -7.032
31.47, -0.8000, -8.895
31.48, -0.8000, -8.124
31.49, -0.8000, -8.205
31.50, -0.8000, -7.466
31.51, -0.8000, -7.769
31.52, -0.8000, -7.079
31.53, -0.8000, -7.543
31.54, -0.8000, -7.539
31.55, -0.8000, -6.451
31.56, -0.8000, -6.105
31.57, -0.8000, -6.650
31.58, -0.8000, -6.629
31.59, -0.8000, -6.699
31.60, -0.8000, -7.654
31.61, -0.8000, -6.860
31.62, -0.8000, -7.562
31.63, -0.8000, -6.743
31.64, -0.8000, -6.412
31.65, -0.8000, -6.294
31.66, -0.8000, -7.313
31.67, -0.8000, -6.936
31.68, -0.8000, -7.126
31.69, -0.8000, -7.284
31.70, -0.8000, -7.025
31.71, -0.8000, -7.252
31.72, -0.8000, -7.840
31.73, -0.8000, -7.596
31.74, -0.8000, -8.445
31.75, -0.8000, -7.352
31.76, -0.8000, -5.951
31.77, -0.8000, -6.801
31.78, -0.8000, -7.230
31.79, -0.8000, -7.460
31.80, -0.8000, -7.191
31.81, -0.8000, -6.220
31.82, -0.8000, -7.253
31.83, -0.8000, -6.146
31.84, -0.8000, -6.955
31.85, -0.8000, -6.787
31.86, -0.8000, -7.993
31.87, -0.8000, -6.804
31.88, -0.8000, -6.998
31.89, -0.8000, -6.537
31.90, -0.8000, -7.366
31.91, -0.8000, -7.290
31.92, -0.8000, -6.419
31.93, -0.8000, -7.455
31.94, -0.8000, -8.130
31.95, -0.8000, -7.705
31.96, -0.8000, -7.887
31.97, -0.8000, -6.550
31.98, -0.8000, -6.901
31.99, -0.8000, -7.275
32.00, -0.8000, -6.476
32.01, -0.8000, -6.810
32.02, -0.8000, -7.945
32.03, -0.8000, -7.309
32.04, -0.8000, -6.314
32.05, -0.8000, -6.242
32.06, -0.8000, -7.509
32.07, -0.8000, -8.308
32.08, -0.8000, -7.716
32.09, -0.8000, -8.707
32.10, -0.8000, -8.115
32.11, -0.8000, -8.903
32.12, -0.8000, -7.565
32.13, -0.8000, -7.301
32.14, -0.8000, -7.181
32.15, -0.8000, -7.540
32.16, -0.8000, -7.347
32.17, -0.8000, -7.453
32.18, -0.8000, -8.612
32.19, -0.8000, -6.611
32.20, -0.8000, -7.927
32.21, -0.8000, -6.114
32.22, -0.8000, -7.610
32.23, -0.8000, -6.723
32.24, -0.8000, -6.304
32.25, -0.8000, -7.231
32.26, -0.8000, -7.760
32.27, -0.8000, -6.771
32.28, -0.8000, -7.032
32.29, -0.8000, -7.627
32.30, -0.8000, -6.899
32.31, -0.8000, -7.223
32.32, -0.8000, -7.064
32.33, -0.8000, -7.566
32.34, -0.8000, -8.362
32.35, -0.8000, -7.572
32.36, -0.8000, -7.004
32.37, -0.8000, -7.670
32.38, -0.8000, -6.770
32.39, -0.8000, -6.606
32.40, -0.8000, -6.169
32.41, -0.8000, -6.313
32.42, -0.8000, -6.507
32.43, -0.8000, -6.891
32.44, -0.8000, -7.625
32.45, -0.8000, -7.488
32.46, -0.8000, -7.969
32.47, -0.8000, -7.807
32.48, -0.8000, -8.835
32.49, -0.8000, -8.953
32.50, -0.8000, -7.803
32.51, -0.8000, -7.059
32.52, -0.8000, -7.135
32.53, -0.8000, -7.697
32.54, -0.8000, -7.675
32.55, -0.8000, -6.156
32.56, -0.8000, -6.741
32.57, -0.8000, -5.600
32.58, -0.8000, -6.019
32.59, -0.8000, -6.150
32.60, -0.8000, -7.346
32.61, -0.8000, -6.964
32.62, -0.8000, -7.853
32.63, -0.8000, -6.762
32.64, -0.8000, -6.566
32.65, -0.8000, -7.495
32.66, -0.8000, -7.542
32.67, -0.8000, -6.796
32.68, -0.8000, -7.540
32.69, -0.8000, -6.904
32.70, -0.8000, -8.249
32.71, -0.8000, -7.558
32.72, -0.8000, -6.794
32.73, -0.8000, -6.153
32.74, -0.8000, -7.557
32.75, -0.8000, -8.039
32.76, -0.8000, -7.639
32.77, -0.8000, -6.564
32.78, -0.8000, -7.016
32.79, -0.8000, -7.099
32.80, -0.8000, -6.650
32.81, -0.8000, -6.664
32.82, -0.8000, -7.100
32.83, -0.8000, -7.110
32.84, -0.8000, -6.842
32.85, -0.8000, -7.649
32.86, -0.8000, -6.631
32.87, -0.8000, -6.850
32.88, -0.8000, -6.557
32.89, -0.8000, -7.353
32.90, -0.8000, -7.048
32.91, -0.8000, -7.260
32.92, -0.8000, -6.682
32.93, -0.8000, -6.800
32.94, -0.8000, -7.793
32.95, -0.8000, -7.494
32.96, -0.8000, -7.019
32.97, -0.8000, -7.164
32.98, -0.8000, -9.452
32.99, -0.8000, -7.915
33.00, -0.8000, -6.376
33.01, -0.8000, -6.565
33.02, -0.8000, -6.389
33.03, -0.8000, -6.357
33.04, -0.8000, -7.186
33.05, -0.8000, -7.564
33.06, -0.8000, -6.963
33.07, -0.8000, -6.382
33.08, -0.8000, -7.383
33.09, -0.8000, -6.636
33.10, -0.8000, -6.960
33.11, -0.8000, -6.897
33.12, -0.8000, -7.531
33.13, -0.8000, -7.144
33.14, -0.8000, -8.200
33.15, -0.8000, -7.627
33.16, -0.8000, -7.251
33.17, -0.8000, -6.708
33.18, -0.8000, -5.927
33.19, -0.8000, -6.403
33.20, -0.8000, -7.755
33.21, -0.8000, -7.853
33.22, -0.8000, -8.401
33.23, -0.8000, -6.107
33.24, -0.8000, -7.718
33.25, -0.8000, -7.577
33.26, -0.8000, -7.858
33.27, -0.8000, -6.505
33.28, -0.8000, -6.865
33.29, -0.8000, -7.131
33.30, -0.8000, -7.780
33.31, -0.8000, -7.587
33.32, -0.8000, -8.075
33.33, -0.8000, -7.410
33.34, -0.8000, -7.609
33.35, -0.8000, -7.310
33.36, -0.8000, -6.874
33.37, -0.8000, -7.590
33.38, -0.8000, -6.088
33.39, -0.8000, -6.280
33.40, -0.8000, -8.322
33.41, -0.8000, -7.349
33.42, -0.8000, -7.593
33.43, -0.8000, -6.756
33.44, -0.8000, -7.310
33.45, -0.8000, -7.013
33.46, -0.8000, -8.826
33.47, -0.8000, -8.038
33.48, -0.8000, -7.142
33.49, -0.8000, -7.866
33.50, -0.8000, -8.244
33.51, -0.8000, -6.764
33.52, -0.8000, -8.107
33.53, -0.8000, -6.998
33.54, -0.8000, -6.706
33.55, -0.8000, -6.196
33.56, -0.8000, -6.744
33.57, -0.8000, -6.253
33.58, -0.8000, -6.031
33.59, -0.8000, -7.541
33.60, -0.8000, -7.289
33.61, -0.8000, -6.730
33.62, -0.8000, -7.316
33.63, -0.8000, -6.250
33.64, -0.8000, -7.706
33.65, -0.8000, -8.074
33.66, -0.8000, -7.926
33.67, -0.8000, -7.295
33.68, -0.8000, -6.693
33.69, -0.8000, -7.402
33.70, -0.8000, -7.181
33.71, -0.8000, -6.964
33.72, -0.8000, -7.438
33.73, -0.8000, -7.778
33.74, -0.8000, -7.611
33.75, -0.8000, -6.647
33.76, -0.8000, -8.347
33.77, -0.8000, -6.623
33.78, -0.8000, -7.769
33.79, -0.8000, -7.263
33.80, -0.8000, -6.802
33.81, -0.8000, -6.585
33.82, -0.8000, -7.285
33.83, -0.8000, -8.490
33.84, -0.8000, -6.551
33.85, -0.8000, -6.482
33.86, -0.8000, -6.355
33.87, -0.8000, -5.894
33.88, -0.8000, -6.630
33.89, -0.8000, -6.704
33.90, -0.8000, -8.014
33.91, -0.8000, -6.484
33.92, -0.8000, -6.407
33.93, -0.8000, -7.374
33.94, -0.8000, -7.088
33.95, -0.8000, -8.160
33.96, -0.8000, -7.401
33.97, -0.8000, -6.180
33.98, -0.8000, -7.672
33.99, -0.8000, -6.315
34.00, -0.8000, -7.475
34.01, -0.8000, -6.459
34.02, -0.8000, -7.105
34.03, -0.8000, -7.029
34.04, -0.8000, -8.660
34.05, -0.8000, -7.839
34.06, -0.8000, -6.929
34.07, -0.8000, -7.253
34.08, -0.8000, -6.774
34.09, -0.8000, -8.338
34.10, -0.8000, -7.410
34.11, -0.8000, -7.225
34.12, -0.8000, -7.543
34.13, -0.8000, -7.295
34.14, -0.8000, -6.682
34.15, -0.8000, -6.933
34.16, -0.8000, -7.436
34.17, -0.8000, -6.764
34.18, -0.8000, -8.220
34.19, -0.8000, -6.562
34.20, -0.8000, -8.163
34.21, -0.8000, -7.579
34.22, -0.8000, -6.889
34.23, -0.8000, -7.315
34.24, -0.8000, -7.566
34.25, -0.8000, -7.358
34.26, -0.8000, -6.768
34.27, -0.8000, -7.394
34.28, -0.8000, -8.163
34.29, -0.8000, -6.365
34.30, -0.8000, -7.425
34.31, -0.8000, -6.569
34.32, -0.8000, -6.975
34.33, -0.8000, -6.439
34.34, -0.8000, -7.288
34.35, -0.8000, -7.039
34.36, -0.8000, -7.192
34.37, -0.8000, -7.383
34.38, -0.8000, -8.651
34.39, -0.8000, -6.814
34.40, -0.8000, -6.656
34.41, -0.8000, -6.556
34.42, -0.8000, -6.285
34.43, -0.8000, -6.949
34.44, -0.8000, -7.135
34.45, -0.8000, -6.424
34.46, -0.8000, -6.960
34.47, -0.8000, -7.240
34.48, -0.8000, -7.399
34.49, -0.8000, -6.508
34.50, -0.8000, -7.008
34.51, -0.8000, -7.376
34.52, -0.8000, -7.790
34.53, -0.8000, -7.749
34.54, -0.8000, -7.282
34.55, -0.8000, -6.610
34.56, -0.8000, -5.979
34.57, -0.8000, -7.707
34.58, -0.8000, -7.453
34.59, -0.8000, -6.473
34.60, -0.8000, -6.717
34.61, -0.8000, -7.647
34.62, -0.8000, -6.511
34.63, -0.8000, -6.712
34.64, -0.8000, -8.146
34.65, -0.8000, -8.722
34.66, -0.8000, -7.323
34.67, -0.8000, -7.131
34.68, -0.8000, -6.479
34.69, -0.8000, -7.357
34.70, -0.8000, -7.226
34.71, -0.8000, -7.079
34.72, -0.8000, -7.154
34.73, -0.8000, -7.026
34.74, -0.8000, -6.307
34.75, -0.8000, -7.884
34.76, -0.8000, -6.581
34.77, -0.8000, -8.298
34.78, -0.8000, -7.568
34.79, -0.8000, -7.365
34.80, -0.8000, -7.928
34.81, -0.8000, -6.055
34.82, -0.8000, -6.628
34.83, -0.8000, -8.527
34.84, -0.8000, -8.685
34.85, -0.8000, -8.029
34.86, -0.8000, -8.270
34.87, -0.8000, -7.409
34.88, -0.8000, -7.636
34.89, -0.8000, -7.743
34.90, -0.8000, -6.489
34.91, -0.8000, -7.411
34.92, -0.8000, -6.530
34.93, -0.8000, -7.610
34.94, -0.8000, -6.541
34.95, -0.8000, -7.337
34.96, -0.8000, -6.821
34.97, -0.8000, -6.585
34.98, -0.8000, -6.250
34.99, -0.8000, -6.894
35.00, -0.8000, -8.197
35.01, -0.8000, -7.089
35.02, -0.8000, -7.538
35.03, -0.8000, -6.717
35.04, -0.8000, -6.939
35.05, -0.8000, -6.990
35.06, -0.8000, -7.510
35.07, -0.8000, -6.989
35.08, -0.8000, -7.336
35.09, -0.8000, -7.234
35.10, -0.8000, -7.279
35.11, -0.8000, -7.264
35.12, -0.8000, -6.530
35.13, -0.8000, -7.030
35.14, -0.8000, -6.744
35.15, -0.8000, -8.184
35.16, -0.8000, -7.315
35.17, -0.8000, -7.232
35.18, -0.8000, -6.854
35.19, -0.8000, -7.453
35.20, -0.8000, -7.795
35.21, -0.8000, -6.747
35.22, -0.8000, -6.068
35.23, -0.8000, -8.202
35.24, -0.8000, -6.611
35.25, -0.8000, -6.451
35.26, -0.8000, -7.648
35.27, -0.8000, -7.195
35.28, -0.8000, -6.492
35.29, -0.8000, -7.195
35.30, -0.8000, -6.365
35.31, -0.8000, -7.191
35.32, -0.8000, -6.927
35.33, -0.8000, -7.599
35.34, -0.8000, -6.844
35.35, -0.8000, -6.347
35.36, -0.8000, -6.234
35.37, -0.8000, -6.730
35.38, -0.8000, -7.133
35.39, -0.8000, -7.373
35.40, -0.8000, -8.555
35.41, -0.8000, -7.444
35.42, -0.8000, -8.062
35.43, -0.8000, -7.894
35.44, -0.8000, -6.610
35.45, -0.8000, -7.175
35.46, -0.8000, -7.372
35.47, -0.8000, -8.387
35.48, -0.8000, -7.217
35.49, -0.8000, -7.581
35.50, -0.8000, -6.973
35.51, -0.8000, -7.197
35.52, -0.8000, -8.277
35.53, -0.8000, -7.331
35.54, -0.8000, -7.710
35.55, -0.8000, -6.980
35.56, -0.8000, -7.534
35.57, -0.8000, -6.410
35.58, -0.8000, -7.072
35.59, -0.8000, -6.694
35.60, -0.8000, -6.198
35.61, -0.8000, -6.986
35.62, -0.8000, -6.789
35.63, -0.8000, -6.285
35.64, -0.8000, -7.368
35.65, -0.8000, -7.371
35.66, -0.8000, -8.652
35.67, -0.8000, -7.008
35.68, -0.8000, -6.539
35.69, -0.8000, -6.919
35.70, -0.8000, -7.516
35.71, -0.8000, -7.301
35.72, -0.8000, -6.203
35.73, -0.8000, -6.551
35.74, -0.8000, -7.211
35.75, -0.8000, -6.608
35.76, -0.8000, -6.786
35.77, -0.8000, -7.702
35.78, -0.8000, -6.648
35.79, -0.8000, -7.601
35.80, -0.8000, -8.944
35.81, -0.8000, -6.805
35.82, -0.8000, -6.887
35.83, -0.8000, -7.087
35.84, -0.8000, -7.623
35.85, -0.8000, -7.394
35.86, -0.8000, -7.066
35.87, -0.8000, -7.643
35.88, -0.8000, -6.965
35.89, -0.8000, -5.961
35.90, -0.8000, -6.797
35.91, -0.8000, -7.385
35.92, -0.8000, -6.957
35.93, -0.8000, -7.205
35.94, -0.8000, -7.177
35.95, -0.8000, -6.763
35.96, -0.8000, -7.996
35.97, -0.8000, -6.562
35.98, -0.8000, -6.410
35.99, -0.8000, -6.711
36.00, -0.8000, -5.836
36.01, -0.8000, -6.565
36.02, -0.8000, -7.002
36.03, -0.8000, -7.473
36.04, -0.8000, -7.576
36.05, -0.8000, -7.690
36.06, -0.8000, -7.286
36.07, -0.8000, -6.637
36.08, -0.8000, -6.490
36.09, -0.8000, -6.189
36.10, -0.8000, -8.814
36.11, -0.8000, -7.323
36.12, -0.8000, -6.221
36.13, -0.8000, -6.632
36.14, -0.8000, -7.673
36.15, -0.8000, -6.908
36.16, -0.8000, -7.268
36.17, -0.8000, -7.428
36.18, -0.8000, -7.471
36.19, -0.8000, -7.108
36.20, -0.8000, -7.513
36.21, -0.8000, -7.035
36.22, -0.8000, -6.602
36.23, -0.8000, -5.974
36.24, -0.8000, -6.402
36.25, -0.8000, -7.421
36.26, -0.8000, -6.152
36.27, -0.8000, -5.622
36.28, -0.8000, -6.220
36.29, -0.8000, -6.739
36.30, -0.8000, -6.913
36.31, -0.8000, -6.330
36.32, -0.8000, -7.483
36.33, -0.8000, -6.038
36.34, -0.8000, -6.778
36.35, -0.8000, -6.419
36.36, -0.8000, -6.853
36.37, -0.8000, -6.796
36.38, -0.8000, -7.025
36.39, -0.8000, -6.525
36.40, -0.8000, -6.950
36.41, -0.8000, -7.292
36.42, -0.8000, -6.373
36.43, -0.8000, -6.564
36.44, -0.8000, -7.942
36.45, -0.8000, -7.244
36.46, -0.8000, -6.566
36.47, -0.8000, -6.964
36.48, -0.8000, -6.576
36.49, -0.8000, -8.264
36.50, -0.8000, -7.659
36.51, -0.8000, -6.589
36.52, -0.8000, -7.052
36.53, -0.8000, -6.758
36.54, -0.8000, -6.990
36.55, -0.8000, -6.187
36.56, -0.8000, -6.421
36.57, -0.8000, -7.404
36.58, -0.8000, -9.142
36.59, -0.8000, -6.721
36.60, -0.8000, -6.261
36.61, -0.8000, -7.387
36.62, -0.8000, -6.940
36.63, -0.8000, -6.430
36.64, -0.8000, -7.350
36.65, -0.8000, -6.398
36.66, -0.8000, -8.283
36.67, -0.8000, -7.332
36.68, -0.8000, -6.855
36.69, -0.8000, -7.714
36.70, -0.8000, -7.925
36.71, -0.8000, -7.419
36.72, -0.8000, -7.139
36.73, -0.8000, -6.419
36.74, -0.8000, -8.016
36.75, -0.8000, -7.848
36.76, -0.8000, -6.828
36.77, -0.8000, -6.577
36.78, -0.8000, -6.314
36.79, -0.8000, -6.186
36.80, -0.8000, -6.888
36.81, -0.8000, -6.956
36.82, -0.8000, -7.371
36.83, -0.8000, -7.305
36.84, -0.8000, -5.948
36.85, -0.8000, -6.590
36.86, -0.8000, -6.344
36.87, -0.8000, -6.760
36.88, -0.8000, -8.044
36.89, -0.8000, -7.063
36.90, -0.8000, -7.711
36.91, -0.8000, -7.586
36.92, -0.8000, -8.962
36.93, -0.8000, -7.191
36.94, -0.8000, -6.373
36.95, -0.8000, -7.078
36.96, -0.8000, -6.313
36.97, -0.8000, -7.597
36.98, -0.8000, -6.253
36.99, -0.8000, -6.544
37.00, -0.8000, -6.867
37.01, -0.8000, -6.365
37.02, -0.8000, -5.874
37.03, -0.8000, -6.460
37.04, -0.8000, -8.470
37.05, -0.8000, -7.336
37.06, -0.8000, -7.715
37.07, -0.8000, -7.833
37.08, -0.8000, -7.799
37.09, -0.8000, -7.281
37.10, -0.8000, -6.505
37.11, -0.8000, -6.574
37.12, -0.8000, -6.964
37.13, -0.8000, -7.504
37.14, -0.8000, -7.262
37.15, -0.8000, -7.153
37.16, -0.8000, -6.074
37.17, -0.8000, -6.407
37.18, -0.8000, -6.833
37.19, -0.8000, -7.483
37.20, -0.8000, -6.768
37.21, -0.8000, -6.430
37.22, -0.8000, -6.787
37.23, -0.8000, -6.968
37.24, -0.8000, -8.440
37.25, -0.8000, -7.442
37.26, -0.8000, -7.991
37.27, -0.8000, -6.629
37.28, -0.8000, -6.936
37.29, -0.8000, -6.860
37.30, -0.8000, -7.525
37.31, -0.8000, -7.231
37.32, -0.8000, -6.253
37.33, -0.8000, -6.127
37.34, -0.8000, -6.598
37.35, -0.8000, -6.661
37.36, -0.8000, -7.334
37.37, -0.8000, -7.749
37.38, -0.8000, -6.937
37.39, -0.8000, -6.724
37.40, -0.8000, -7.171
37.41, -0.8000, -7.687
37.42, -0.8000, -6.074
37.43, -0.8000, -6.302
37.44, -0.8000, -6.263
37.45, -0.8000, -6.336
37.46, -0.8000, -6.743
37.47, -0.8000, -6.109
37.48, -0.8000, -6.801
37.49, -0.8000, -7.889
37.50, -0.8000, -7.177
37.51, -0.8000, -6.587
37.52, -0.8000, -7.246
37.53, -0.8000, -7.252
37.54, -0.8000, -6.396
37.55, -0.8000, -7.279
37.56, -0.8000, -7.193
37.57, -0.8000, -6.736
37.58, -0.8000, -8.289
37.59, -0.8000, -6.015
37.60, -0.8000, -5.728
37.61, -0.8000, -7.112
37.62, -0.8000, -6.663
37.63, -0.8000, -7.207
37.64, -0.8000, -7.686
37.65, -0.8000, -6.439
37.66, -0.8000, -6.877
37.67, -0.8000, -6.693
37.68, -0.8000, -6.589
37.69, -0.8000, -6.677
37.70, -0.8000, -7.221
37.71, -0.8000, -6.413
37.72, -0.8000, -6.349
37.73, -0.8000, -7.076
37.74, -0.8000, -6.957
37.75, -0.8000, -7.296
37.76, -0.8000, -6.908
37.77, -0.8000, -7.816
37.78, -0.8000, -7.257
37.79, -0.8000, -6.401
37.80, -0.8000, -5.821
37.81, -0.8000, -7.852
37.82, -0.8000, -6.508
37.83, -0.8000, -6.294
37.84, -0.8000, -7.396
37.85, -0.8000, -6.950
37.86, -0.8000, -6.904
37.87, -0.8000, -6.485
37.88, -0.8000, -6.435
37.89, -0.8000, -6.133
37.90, -0.8000, -7.632
37.91, -0.8000, -6.733
37.92, -0.8000, -7.601
37.93, -0.8000, -7.855
37.94, -0.8000, -7.444
37.95, -0.8000, -6.908
37.96, -0.8000, -8.364
37.97, -0.8000, -5.813
37.98, -0.8000, -6.217
37.99, -0.8000, -7.765
38.00, -0.8000, -6.767
38.01, -0.8000, -6.506
38.02, -0.8000, -6.638
38.03, -0.8000, -7.318
38.04, -0.8000, -6.980
38.05, -0.8000, -6.966
38.06, -0.8000, -7.031
38.07, -0.8000, -7.074
38.08, -0.8000, -6.257
38.09, -0.8000, -8.152
38.10, -0.8000, -7.253
38.11, -0.8000, -7.096
38.12, -0.8000, -6.789
38.13, -0.8000, -6.037
38.14, -0.8000, -6.941
38.15, -0.8000, -6.427
38.16, -0.8000, -7.269
38.17, -0.8000, -8.087
38.18, -0.8000, -6.218
38.19, -0.8000, -5.923
38.20, -0.8000, -7.230
38.21, -0.8000, -7.192
38.22, -0.8000, -6.306
38.23, -0.8000, -6.427
38.24, -0.8000, -6.579
38.25, -0.8000, -7.533
38.26, -0.8000, -7.021
38.27, -0.8000, -7.861
38.28, -0.8000, -5.460
38.29, -0.8000, -6.098
38.30, -0.8000, -6.259
38.31, -0.8000, -6.744
38.32, -0.8000, -6.354
38.33, -0.8000, -5.740
38.34, -0.8000, -6.509
38.35, -0.8000, -6.805
38.36, -0.8000, -6.366
38.37, -0.8000, -7.724
38.38, -0.8000, -6.381
38.39, -0.8000, -6.722
38.40, -0.8000, -7.687
38.41, -0.8000, -7.188
38.42, -0.8000, -6.616
38.43, -0.8000, -6.745
38.44, -0.8000, -7.772
38.45, -0.8000, -6.336
38.46, -0.8000, -6.370
38.47, -0.8000, -7.314
38.48, -0.8000, -5.586
38.49, -0.8000, -7.762
38.50, -0.8000, -6.803
38.51, -0.8000, -6.652
38.52, -0.8000, -6.272
38.53, -0.8000, -7.539
38.54, -0.8000, -8.413
38.55, -0.8000, -7.000
38.56, -0.8000, -6.726
38.57, -0.8000, -7.017
38.58, -0.8000, -6.773
38.59, -0.8000, -5.995
38.60, -0.8000, -7.049
38.61, -0.8000, -7.335
38.62, -0.8000, -7.995
38.63, -0.8000, -7.509
38.64, -0.8000, -7.878
38.65, -0.8000, -8.160
38.66, -0.8000, -8.411
38.67, -0.8000, -7.121
38.68, -0.8000, -6.503
38.69, -0.8000, -6.506
38.70, -0.8000, -6.242
38.71, -0.8000, -6.599
38.72, -0.8000, -7.011
38.73, -0.8000, -6.251
38.74, -0.8000, -7.199
38.75, -0.8000, -7.168
38.76, -0.8000, -6.683
38.77, -0.8000, -7.296
38.78, -0.8000, -6.855
38.79, -0.8000, -7.417
38.80, -0.8000, -8.044
38.81, -0.8000, -8.705
38.82, -0.8000, -7.075
38.83, -0.8000, -6.442
38.84, -0.8000, -6.392
38.85, -0.8000, -5.176
38.86, -0.8000, -6.369
38.87, -0.8000, -6.848
38.88, -0.8000, -6.653
38.89, -0.8000, -6.771
38.90, -0.8000, -6.997
38.91, -0.8000, -6.924
38.92, -0.8000, -7.187
38.93, -0.8000, -7.689
38.94, -0.8000, -7.471
38.95, -0.8000, -7.854
38.96, -0.8000, -6.468
38.97, -0.8000, -7.041
38.98, -0.8000, -7.077
38.99, -0.8000, -6.669
39.00, -0.8000, -6.982
39.01, -0.8000, -6.225
39.02, -0.8000, -6.512
39.03, -0.8000, -7.402
39.04, -0.8000, -6.492
39.05, -0.8000, -6.301
39.06, -0.8000, -7.170
39.07, -0.8000, -7.651
39.08, -0.8000, -6.311
39.09, -0.8000, -7.482
39.10, -0.8000, -6.323
39.11, -0.8000, -7.461
39.12, -0.8000, -7.008
39.13, -0.8000, -5.910
39.14, -0.8000, -8.225
39.15, -0.8000, -7.205
39.16, -0.8000, -6.195
39.17, -0.8000, -7.573
39.18, -0.8000, -7.731
39.19, -0.8000, -7.056
39.20, -0.8000, -7.598
39.21, -0.8000, -7.575
39.22, -0.8000, -7.648
39.23, -0.8000, -6.427
39.24, -0.8000, -7.431
39.25, -0.8000, -8.000
39.26, -0.8000, -6.460
39.27, -0.8000, -6.016
39.28, -0.8000, -6.621
39.29, -0.8000, -7.180
39.30, -0.8000, -6.364
39.31, -0.8000, -6.351
39.32, -0.8000, -6.043
39.33, -0.8000, -7.108
39.34, -0.8000, -7.554
39.35, -0.8000, -7.431
39.36, -0.8000, -7.601
39.37, -0.8000, -8.375
39.38, -0.8000, -6.529
39.39, -0.8000, -6.803
39.40, -0.8000, -6.294
39.41, -0.8000, -7.126
39.42, -0.8000, -7.328
39.43, -0.8000, -7.134
39.44, -0.8000, -6.512
39.45, -0.8000, -6.617
39.46, -0.8000, -5.926
39.47, -0.8000, -7.606
39.48, -0.8000, -7.164
39.49, -0.8000, -7.073
39.50, -0.8000, -6.615
39.51, -0.8000, -6.297
39.52, -0.8000, -7.075
39.53, -0.8000, -6.798
39.54, -0.8000, -6.329
39.55, -0.8000, -6.662
39.56, -0.8000, -7.206
39.57, -0.8000, -7.062
39.58, -0.8000, -6.810
39.59, -0.8000, -7.940
39.60, -0.8000, -6.436
39.61, -0.8000, -7.609
39.62, -0.8000, -6.357
39.63, -0.8000, -6.817
39.64, -0.8000, -6.831
39.65, -0.8000, -6.209
39.66, -0.8000, -7.288
39.67, -0.8000, -6.611
39.68, -0.8000, -6.527
39.69, -0.8000, -7.263
39.70, -0.8000, -6.502
39.71, -0.8000, -7.194
39.72, -0.8000, -6.845
39.73, -0.8000, -7.238
39.74, -0.8000, -6.658
39.75, -0.8000, -5.764
39.76, -0.8000, -5.956
39.77, -0.8000, -7.574
39.78, -0.8000, -7.448
39.79, -0.8000, -7.082
39.80, -0.8000, -7.268
39.81, -0.8000, -6.090
39.82, -0.8000, -6.477
39.83, -0.8000, -7.573
39.84, -0.8000, -6.888
39.85, -0.8000, -7.851
39.86, -0.8000, -6.342
39.87, -0.8000, -7.053
39.88, -0.8000, -6.078
39.89, -0.8000, -6.653
39.90, -0.8000, -6.305
39.91, -0.8000, -7.363
39.92, -0.8000, -7.729
39.93, -0.8000, -6.613
39.94, -0.8000, -6.526
39.95, -0.8000, -6.566
39.96, -0.8000, -6.478
39.97, -0.8000, -7.159
39.98, -0.8000, -6.833
39.99, -0.8000, -7.316
40.00, -0.8000, -6.843
40.01, -0.8000, -7.025
40.02, -0.8000, -5.930
40.03, -0.8000, -6.905
40.04, -0.8000, -6.930
40.05, -0.8000, -7.105
40.06, -0.8000, -6.017
40.07, -0.8000, -6.113
40.08, -0.8000, -7.506
40.09, -0.8000, -7.015
40.10, -0.8000, -6.759
40.11, -0.8000, -6.964
40.12, -0.8000, -6.882
40.13, -0.8000, -6.026
40.14, -0.8000, -6.903
40.15, -0.8000, -5.662
40.16, -0.8000, -6.777
40.17, -0.8000, -5.540
40.18, -0.8000, -7.657
40.19, -0.8000, -6.556
40.20, -0.8000, -7.284
40.21, -0.8000, -6.607
40.22, -0.8000, -6.293
40.23, -0.8000, -6.236
40.24, -0.8000, -7.756
40.25, -0.8000, -7.120
40.26, -0.8000, -6.465
40.27, -0.8000, -7.862
40.28, -0.8000, -6.088
40.29, -0.8000, -6.336
40.30, -0.8000, -6.616
40.31, -0.8000, -6.385
40.32, -0.8000, -6.590
40.33, -0.8000, -6.020
40.34, -0.8000, -6.372
40.35, -0.8000, -6.817
40.36, -0.8000, -6.637
40.37, -0.8000, -6.161
40.38, -0.8000, -7.293
40.39, -0.8000, -6.088
40.40, -0.8000, -5.752
40.41, -0.8000, -6.712
40.42, -0.8000, -5.540
40.43, -0.8000, -5.486
40.44, -0.8000, -5.921
40.45, -0.8000, -7.229
40.46, -0.8000, -6.209
40.47, -0.8000, -7.147
40.48, -0.8000, -6.847
40.49, -0.8000, -6.450
40.50, -0.8000, -6.451
40.51, -0.8000, -6.387
40.52, -0.8000, -7.397
40.53, -0.8000, -6.757
40.54, -0.8000, -6.745
40.55, -0.8000, -7.743
40.56, -0.8000, -8.518
40.57, -0.8000, -7.127
40.58, -0.8000, -6.651
40.59, -0.8000, -6.442
40.60, -0.8000, -5.953
40.61, -0.8000, -6.791
40.62, -0.8000, -5.984
40.63, -0.8000, -6.910
40.64, -0.8000, -8.398
40.65, -0.8000, -6.055
40.66, -0.8000, -6.728
40.67, -0.8000, -7.346
40.68, -0.8000, -7.217
40.69, -0.8000, -7.243
40.70, -0.8000, -6.931
40.71, -0.8000, -6.494
40.72, -0.8000, -5.543
40.73, -0.8000, -6.910
40.74, -0.8000, -5.830
40.75, -0.8000, -6.632
40.76, -0.8000, -6.681
40.77, -0.8000, -5.689
40.78, -0.8000, -6.881
40.79, -0.8000, -7.100
40.80, -0.8000, -7.805
40.81, -0.8000, -6.829
40.82, -0.8000, -7.422
40.83, -0.8000, -6.897
40.84, -0.8000, -7.630
40.85, -0.8000, -6.504
40.86, -0.8000, -6.197
40.87, -0.8000, -6.637
40.88, -0.8000, -7.122
40.89, -0.8000, -6.145
40.90, -0.8000, -6.121
40.91, -0.8000, -7.708
40.92, -0.8000, -6.967
40.93, -0.8000, -7.484
40.94, -0.8000, -6.833
40.95, -0.8000, -7.627
40.96, -0.8000, -6.634
40.97, -0.8000, -5.649
40.98, -0.8000, -5.913
40.99, -0.8000, -6.876
41.00, -0.8000, -6.916
41.01, -0.8000, -6.010
41.02, -0.8000, -6.668
41.03, -0.8000, -7.271
41.04, -0.8000, -7.436
41.05, -0.8000, -7.198
41.06, -0.8000, -7.734
41.07, -0.8000, -6.912
41.08, -0.8000, -7.325
41.09, -0.8000, -6.837
41.10, -0.8000, -6.579
41.11, -0.8000, -6.761
41.12, -0.8000, -5.630
41.13, -0.8000, -6.812
41.14, -0.8000, -6.282
41.15, -0.8000, -6.677
41.16, -0.8000, -6.356
41.17, -0.8000, -7.553
41.18, -0.8000, -6.689
41.19, -0.8000, -6.593
41.20, -0.8000, -6.381
41.21, -0.8000, -5.257
41.22, -0.8000, -6.898
41.23, -0.8000, -7.119
41.24, -0.8000, -6.710
41.25, -0.8000, -8.113
41.26, -0.8000, -6.583
41.27, -0.8000, -6.301
41.28, -0.8000, -7.139
41.29, -0.8000, -6.287
41.30, -0.8000, -5.954
41.31, -0.8000, -7.211
41.32, -0.8000, -7.346
41.33, -0.8000, -7.232
41.34, -0.8000, -6.852
41.35, -0.8000, -7.261
41.36, -0.8000, -6.587
41.37, -0.8000, -6.888
41.38, -0.8000, -7.105
41.39, -0.8000, -6.735
41.40, -0.8000, -6.411
41.41, -0.8000, -6.169
41.42, -0.8000, -7.615
41.43, -0.8000, -5.796
41.44, -0.8000, -5.838
41.45, -0.8000, -6.026
41.46, -0.8000, -7.583
41.47, -0.8000, -6.555
41.48, -0.8000, -8.405
41.49, -0.8000, -6.416
41.50, -0.8000, -7.344
41.51, -0.8000, -6.959
41.52, -0.8000, -6.775
41.53, -0.8000, -7.374
41.54, -0.8000, -8.059
41.55, -0.8000, -6.299
41.56, -0.8000, -8.280
41.57, -0.8000, -6.251
41.58, -0.8000, -7.270
41.59, -0.8000, -6.008
41.60, -0.8000, -7.351
41.61, -0.8000, -7.163
41.62, -0.8000, -5.860
41.63, -0.8000, -7.814
41.64, -0.8000, -6.263
41.65, -0.8000, -5.683
41.66, -0.8000, -7.231
41.67, -0.8000, -7.331
41.68, -0.8000, -6.521
41.69, -0.8000, -6.262
41.70, -0.8000, -6.480
41.71, -0.8000, -5.618
41.72, -0.8000, -6.402
41.73, -0.8000, -7.165
41.74, -0.8000, -6.159
41.75, -0.8000, -6.374
41.76, -0.8000, -5.689
41.77, -0.8000, -6.783
41.78, -0.8000, -6.542
41.79, -0.8000, -5.654
41.80, -0.8000, -7.068
41.81, -0.8000, -6.584
41.82, -0.8000, -8.111
41.83, -0.8000, -7.303
41.84, -0.8000, -6.243
41.85, -0.8000, -6.038
41.86, -0.8000, -6.263
41.87, -0.8000, -6.526
41.88, -0.8000, -6.617
41.89, -0.8000, -7.456
41.90, -0.8000, -5.937
41.91, -0.8000, -6.916
41.92, -0.8000, -7.303
41.93, -0.8000, -7.663
41.94, -0.8000, -7.683
41.95, -0.8000, -7.782
41.96, -0.8000, -7.202
41.97, -0.8000, -5.578
41.98, -0.8000, -5.778
41.99, -0.8000, -6.280
42.00, -0.8000, -5.323
42.01, -0.8000, -6.806
42.02, -0.8000, -7.135
42.03, -0.8000, -6.993
42.04, -0.8000, -6.951
42.05, -0.8000, -7.376
42.06, -0.8000, -6.460
42.07, -0.8000, -6.994
42.08, -0.8000, -7.927
42.09, -0.8000, -6.840
42.10, -0.8000, -6.586
42.11, -0.8000, -6.906
42.12, -0.8000, -7.359
42.13, -0.8000, -6.231
42.14, -0.8000, -7.325
42.15, -0.8000, -7.178
42.16, -0.8000, -6.327
42.17, -0.8000, -6.823
42.18, -0.8000, -7.098
42.19, -0.8000, -6.803
42.20, -0.8000, -8.490
42.21, -0.8000, -8.176
42.22, -0.8000, -6.170
42.23, -0.8000, -6.408
42.24, -0.8000, -6.699
42.25, -0.8000, -6.080
42.26, -0.8000, -7.801
42.27, -0.8000, -6.575
42.28, -0.8000, -5.930
42.29, -0.8000, -7.321
42.30, -0.8000, -7.101
42.31, -0.8000, -7.214
42.32, -0.8000, -6.481
42.33, -0.8000, -7.046
42.34, -0.8000, -6.514
42.35, -0.8000, -7.306
42.36, -0.8000, -5.923
42.37, -0.8000, -5.573
42.38, -0.8000, -7.111
42.39, -0.8000, -6.187
42.40, -0.8000, -6.666
42.41, -0.8000, -6.609
42.42, -0.8000, -6.793
42.43, -0.8000, -6.878
42.44, -0.8000, -6.930
42.45, -0.8000, -6.818
42.46, -0.8000, -6.788
42.47, -0.8000, -7.143
42.48, -0.8000, -6.909
42.49, -0.8000, -8.263
42.50, -0.8000, -6.466
42.51, -0.8000, -6.209
42.52, -0.8000, -7.667
42.53, -0.8000, -6.944
42.54, -0.8000, -6.164
42.55, -0.8000, -5.334
42.56, -0.8000, -5.876
42.57, -0.8000, -5.974
42.58, -0.8000, -6.970
42.59, -0.8000, -6.076
42.60, -0.8000, -7.154
42.61, -0.8000, -6.513
42.62, -0.8000, -7.390
42.63, -0.8000, -7.154
42.64, -0.8000, -6.288
42.65, -0.8000, -7.849
42.66, -0.8000, -6.431
42.67, -0.8000, -6.374
42.68, -0.8000, -5.887
42.69, -0.8000, -7.160
42.70, -0.8000, -7.387
42.71, -0.8000, -6.378
42.72, -0.8000, -8.112
42.73, -0.8000, -7.450
42.74, -0.8000, -6.445
42.75, -0.8000, -6.466
42.76, -0.8000, -6.887
42.77, -0.8000, -6.960
42.78, -0.8000, -7.509
42.79, -0.8000, -7.214
42.80, -0.8000, -7.012
42.81, -0.8000, -6.986
42.82, -0.8000, -6.532
42.83, -0.8000, -6.727
42.84, -0.8000, -6.514
42.85, -0.8000, -6.106
42.86, -0.8000, -6.669
42.87, -0.8000, -6.665
42.88, -0.8000, -5.908
42.89, -0.8000, -7.573
42.90, -0.8000, -6.562
42.91, -0.8000, -6.394
42.92, -0.8000, -7.953
42.93, -0.8000, -7.267
42.94, -0.8000, -6.885
42.95, -0.8000, -5.721
42.96, -0.8000, -7.424
42.97, -0.8000, -5.962
42.98, -0.8000, -7.248
42.99, -0.8000, -5.896
43.00, -0.8000, -7.767
43.01, -0.8000, -7.529
43.02, -0.8000, -6.723
43.03, -0.8000, -8.228
43.04, -0.8000, -7.213
43.05, -0.8000, -6.308
43.06, -0.8000, -6.236
43.07, -0.8000, -5.883
43.08, -0.8000, -5.815
43.09, -0.8000, -7.768
43.10, -0.8000, -5.917
43.11, -0.8000, -8.217
43.12, -0.8000, -6.302
43.13, -0.8000, -5.881
43.14, -0.8000, -6.607
43.15, -0.8000, -6.986
43.16, -0.8000, -7.035
43.17, -0.8000, -7.228
43.18, -0.8000, -8.006
43.19, -0.8000, -6.927
43.20, -0.8000, -6.561
43.21, -0.8000, -6.254
43.22, -0.8000, -6.453
43.23, -0.8000, -7.146
43.24, -0.8000, -7.176
43.25, -0.8000, -6.574
43.26, -0.8000, -8.493
43.27, -0.8000, -7.447
43.28, -0.8000, -6.631
43.29, -0.8000, -5.922
43.30, -0.8000, -7.260
43.31, -0.8000, -7.198
43.32, -0.8000, -7.809
43.33, -0.8000, -5.777
43.34, -0.8000, -6.312
43.35, -0.8000, -6.980
43.36, -0.8000, -6.296
43.37, -0.8000, -6.809
43.38, -0.8000, -6.181
43.39, -0.8000, -6.459
43.40, -0.8000, -7.299
43.41, -0.8000, -6.267
43.42, -0.8000, -6.722
43.43, -0.8000, -7.097
43.44, -0.8000, -6.065
43.45, -0.8000, -8.075
43.46, -0.8000, -6.512
43.47, -0.8000, -5.960
43.48, -0.8000, -5.980
43.49, -0.8000, -6.400
43.50, -0.8000, -6.621
43.51, -0.8000, -6.178
43.52, -0.8000, -6.765
43.53, -0.8000, -6.753
43.54, -0.8000, -7.695
43.55, -0.8000, -6.271
43.56, -0.8000, -6.727
43.57, -0.8000, -6.315
43.58, -0.8000, -7.682
43.59, -0.8000, -6.251
43.60, -0.8000, -7.196
43.61, -0.8000, -6.705
43.62, -0.8000, -6.903
43.63, -0.8000, -7.643
43.64, -0.8000, -8.182
43.65, -0.8000, -6.033
43.66, -0.8000, -5.906
43.67, -0.8000, -5.440
43.68, -0.8000, -6.522
43.69, -0.8000, -6.038
43.70, -0.8000, -6.921
43.71, -0.8000, -5.293
43.72, -0.8000, -6.057
43.73, -0.8000, -6.581
43.74, -0.8000, -6.400
43.75, -0.8000, -7.572
43.76, -0.8000, -6.376
43.77, -0.8000, -7.742
43.78, -0.8000, -6.837
43.79, -0.8000, -6.829
43.80, -0.8000, -7.326
43.81, -0.8000, -6.911
43.82, -0.8000, -7.496
43.83, -0.8000, -5.771
43.84, -0.8000, -6.730
43.85, -0.8000, -6.491
43.86, -0.8000, -7.736
43.87, -0.8000, -6.998
43.88, -0.8000, -6.788
43.89, -0.8000, -6.735
43.90, -0.8000, -7.890
43.91, -0.8000, -7.242
43.92, -0.8000, -6.871
43.93, -0.8000, -6.549
43.94, -0.8000, -7.528
43.95, -0.8000, -7.665
43.96, -0.8000, -7.285
43.97, -0.8000, -7.113
43.98, -0.8000, -6.818
43.99, -0.8000, -6.433
44.00, -0.8000, -5.795
44.01, -0.8000, -7.028
44.02, -0.8000, -6.818
44.03, -0.8000, -6.779
44.04, -0.8000, -6.215
44.05, -0.8000, -6.315
44.06, -0.8000, -5.874
44.07, -0.8000, -7.180
44.08, -0.8000, -6.981
44.09, -0.8000, -7.287
44.10, -0.8000, -6.938
44.11, -0.8000, -6.756
44.12, -0.8000, -6.249
44.13, -0.8000, -6.235
44.14, -0.8000, -6.036
44.15, -0.8000, -6.601
44.16, -0.8000, -7.241
44.17, -0.8000, -6.472
44.18, -0.8000, -6.187
44.19, -0.8000, -6.590
44.20, -0.8000, -5.940
44.21, -0.8000, -5.715
44.22, -0.8000, -7.098
44.23, -0.8000, -7.091
44.24, -0.8000, -7.798
44.25, -0.8000, -6.503
44.26, -0.8000, -6.829
44.27, -0.8000, -7.236
44.28, -0.8000, -6.915
44.29, -0.8000, -6.149
44.30, -0.8000, -6.475
44.31, -0.8000, -6.614
44.32, -0.8000, -6.606
44.33, -0.8000, -6.576
44.34, -0.8000, -6.618
44.35, -0.8000, -6.484
44.36, -0.8000, -7.060
44.37, -0.8000, -7.179
44.38, -0.8000, -6.901
44.39, -0.8000, -6.997
44.40, -0.8000, -6.611
44.41, -0.8000, -6.113
44.42, -0.8000, -6.778
44.43, -0.8000, -4.708
44.44, -0.8000, -6.160
44.45, -0.8000, -7.337
44.46, -0.8000, -5.778
44.47, -0.8000, -5.706
44.48, -0.8000, -6.710
44.49, -0.8000, -6.201
44.50, -0.8000, -7.957
44.51, -0.8000, -6.556
44.52, -0.8000, -7.044
44.53, -0.8000, -6.771
44.54, -0.8000, -6.895
44.55, -0.8000, -5.735
44.56, -0.8000, -7.369
44.57, -0.8000, -6.188
44.58, -0.8000, -6.144
44.59, -0.8000, -6.071
44.60, -0.8000, -6.634
44.61, -0.8000, -6.961
44.62, -0.8000, -6.125
44.63, -0.8000, -6.018
44.64, -0.8000, -7.261
44.65, -0.8000, -6.654
44.66, -0.8000, -8.697
44.67, -0.8000, -7.009
44.68, -0.8000, -5.645
44.69, -0.8000, -7.310
44.70, -0.8000, -6.787
44.71, -0.8000, -5.756
44.72, -0.8000, -6.325
44.73, -0.8000, -5.694
44.74, -0.8000, -6.971
44.75, -0.8000, -6.618
44.76, -0.8000, -5.507
44.77, -0.8000, -6.866
44.78, -0.8000, -6.628
44.79, -0.8000, -7.030
44.80, -0.8000, -7.566
44.81, -0.8000, -6.479
44.82, -0.8000, -6.782
44.83, -0.8000, -6.242
44.84, -0.8000, -6.989
44.85, -0.8000, -6.817
44.86, -0.8000, -6.081
44.87, -0.8000, -6.835
44.88, -0.8000, -5.421
44.89, -0.8000, -7.149
44.90, -0.8000, -7.066
44.91, -0.8000, -6.276
44.92, -0.8000, -6.932
44.93, -0.8000, -7.473
44.94, -0.8000, -6.422
44.95, -0.8000, -6.798
44.96, -0.8000, -5.962
44.97, -0.8000, -6.971
44.98, -0.8000, -5.894
44.99, -0.8000, -6.637
45.00, 0.000, -6.509
45.01, 0.001000, 8.374
45.02, 0.002000, 1.963
45.03, 0.003000, 0.04261
45.04, 0.004000, -1.436
45.05, 0.005000, -3.202
45.06, 0.006000, -1.912
45.07, 0.007000, -1.899
45.08, 0.008000, -2.632
45.09, 0.009000, -2.340
45.10, 0.01000, -3.047
45.11, 0.01100, -2.722
45.12, 0.01200, -2.923
45.13, 0.01300, -2.790
45.14, 0.01400, -2.662
45.15, 0.01500, -3.999
45.16, 0.01600, -2.646
45.17, 0.01700, -3.721
45.18, 0.01800, -3.325
45.19, 0.01900, -3.347
45.20, 0.02000, -2.649
45.21, 0.02100, -4.971
45.22, 0.02200, -4.860
45.23, 0.02300, -4.177
45.24, 0.02400, -3.995
45.25, 0.02500, -3.611
45.26, 0.02600, -1.838
45.27, 0.02700, -2.515
45.28, 0.02800, -2.556
45.29, 0.02900, -3.032
45.30, 0.03000, -2.751
45.31, 0.03100, -2.749
45.32, 0.03200, -3.343
45.33, 0.03300, -4.445
45.34, 0.03400, -2.888
45.35, 0.03500, -2.450
45.36, 0.03600, -3.785
45.37, 0.03700, -3.590
45.38, 0.03800, -4.564
45.39, 0.03900, -3.831
45.40, 0.04000, -4.493
45.41, 0.04100, -4.565
45.42, 0.04200, -3.997
45.43, 0.04300, -4.310
45.44, 0.04400, -2.471
45.45, 0.04500, -2.751
45.46, 0.04600, -3.495
45.47, 0.04700, -3.398
45.48, 0.04800, -3.024
45.49, 0.04900, -3.067
45.50, 0.05000, -4.164
45.51, 0.05100, -4.552
45.52, 0.05200, -3.755
45.53, 0.05300, -3.753
45.54, 0.05400, -4.616
45.55, 0.05500, -4.324
45.56, 0.05600, -2.494
45.57, 0.05700, -3.412
45.58, 0.05800, -2.315
45.59, 0.05900, -2.505
45.60, 0.06000, -4.474
45.61, 0.06100, -4.285
45.62, 0.06200, -3.749
45.63, 0.06300, -4.133
45.64, 0.06400, -3.306
45.65, 0.06500, -4.182
45.66, 0.06600, -3.313
45.67, 0.06700, -4.396
45.68, 0.06800, -3.360
45.69, 0.06900, -3.729
45.70, 0.07000, -4.377
45.71, 0.07100, -5.071
45.72, 0.07200, -4.028
45.73, 0.07300, -4.284
45.74, 0.07400, -4.454
45.75, 0.07500, -2.942
45.76, 0.07600, -3.397
45.77, 0.07700, -2.469
45.78, 0.07800, -2.899
45.79, 0.07900, -3.245
45.80, 0.08000, -4.021
45.81, 0.08100, -4.653
45.82, 0.08200, -3.300
45.83, 0.08300, -2.591
45.84, 0.08400, -4.434
45.85, 0.08500, -3.868
45.86, 0.08600, -3.833
45.87, 0.08700, -4.942
45.88, 0.08800, -3.357
45.89, 0.08900, -2.935
45.90, 0.09000, -3.091
45.91, 0.09100, -4.286
45.92, 0.09200, -4.116
45.93, 0.09300, -2.971
45.94, 0.09400, -3.378
45.95, 0.09500, -3.446
45.96, 0.09600, -5.244
45.97, 0.09700, -3.593
45.98, 0.09800, -4.466
45.99, 0.09900, -3.657
46.00, 0.1000, -3.690
46.01, 0.1010, -3.984
46.02, 0.1020, -4.316
46.03, 0.1030, -3.588
46.04, 0.1040, -3.833
46.05, 0.1050, -5.158
46.06, 0.1060, -2.416
46.07, 0.1070, -3.479
46.08, 0.1080, -5.375
46.09, 0.1090, -3.051
46.10, 0.1100, -3.547
46.11, 0.1110, -3.828
46.12, 0.1120, -2.706
46.13, 0.1130, -1.931
46.14, 0.1140, -1.929
46.15, 0.1150, -4.399
46.16, 0.1160, -3.530
46.17, 0.1170, -1.627
46.18, 0.1180, -3.327
46.19, 0.1190, -5.097
46.20, 0.1200, -4.330
46.21, 0.1210, -2.540
46.22, 0.1220, -2.348
46.23, 0.1230, -3.354
46.24, 0.1240, -3.059
46.25, 0.1250, -4.170
46.26, 0.1260, -4.576
46.27, 0.1270, -4.305
46.28, 0.1280, -4.581
46.29, 0.1290, -5.003
46.30, 0.1300, -5.742
46.31, 0.1310, -2.660
46.32, 0.1320, -3.504
46.33, 0.1330, -3.036
46.34, 0.1340, -2.983
46.35, 0.1350, -3.107
46.36, 0.1360, -2.969
46.37, 0.1370, -3.497
46.38, 0.1380, -4.126
46.39, 0.1390, -3.398
46.40, 0.1400, -3.672
46.41, 0.1410, -3.587
46.42, 0.1420, -2.865
46.43, 0.1430, -5.237
46.44, 0.1440, -3.852
46.45, 0.1450, -4.183
46.46, 0.1460, -4.625
46.47, 0.1470, -4.389
46.48, 0.1480, -3.581
46.49, 0.1490, -3.098
46.50, 0.1500, -2.691
46.51, 0.1510, -3.970
46.52, 0.1520, -2.106
46.53, 0.1530, -1.159
46.54, 0.1540, -3.216
46.55, 0.1550, -3.048
46.56, 0.1560, -3.464
46.57, 0.1570, -2.218
46.58, 0.1580, -4.116
46.59, 0.1590, -3.781
46.60, 0.1600, -2.559
46.61, 0.1610, -2.487
46.62, 0.1620, -2.643
46.63, 0.1630, -4.726
46.64, 0.1640, -4.008
46.65, 0.1650, -3.162
46.66, 0.1660, -3.667
46.67, 0.1670, -3.560
46.68, 0.1680, -3.367
46.69, 0.1690, -3.982
46.70, 0.1700, -3.201
46.71, 0.1710, -3.185
46.72, 0.1720, -1.939
46.73, 0.1730, -2.956
46.74, 0.1740, -2.183
46.75, 0.1750, -2.860
46.76, 0.1760, -2.605
46.77, 0.1770, -3.501
46.78, 0.1780, -3.758
46.79, 0.1790, -2.165
46.80, 0.1800, -3.292
46.81, 0.1810, -3.930
46.82, 0.1820, -2.902
46.83, 0.1830, -2.627
46.84, 0.1840, -1.793
46.85, 0.1850, -4.047
46.86, 0.1860, -3.271
46.87, 0.1870, -1.927
46.88, 0.1880, -4.045
46.89, 0.1890, -4.017
46.90, 0.1900, -1.851
46.91, 0.1910, -3.442
46.92, 0.1920, -3.177
46.93, 0.1930, -3.547
46.94, 0.1940, -3.156
46.95, 0.1950, -2.361
46.96, 0.1960, -2.664
46.97, 0.1970, -2.783
46.98, 0.1980, -3.247
46.99, 0.1990, -2.695
47.00, 0.2000, -2.725
47.01, 0.2010, -2.697
47.02, 0.2020, -2.372
47.03, 0.2030, -3.048
47.04, 0.2040, -2.771
47.05, 0.2050, -3.053
47.06, 0.2060, -3.734
47.07, 0.2070, -3.934
47.08, 0.2080, -4.223
47.09, 0.2090, -3.228
47.10, 0.2100, -3.232
47.11, 0.2110, -2.644
47.12, 0.2120, -3.040
47.13, 0.2130, -3.390
47.14, 0.2140, -3.290
47.15, 0.2150, -4.116
47.16, 0.2160, -2.707
47.17, 0.2170, -3.970
47.18, 0.2180, -2.867
47.19, 0.2190, -3.923
47.20, 0.2200, -4.885
47.21, 0.2210, -3.452
47.22, 0.2220, -4.133
47.23, 0.2230, -4.196
47.24, 0.2240, -4.336
47.25, 0.2250, -4.585
47.26, 0.2260, -2.778
47.27, 0.2270, -2.700
47.28, 0.2280, -2.978
47.29, 0.2290, -3.357
47.30, 0.2300, -3.752
47.31, 0.2310, -2.467
47.32, 0.2320, -3.189
47.33, 0.2330, -4.472
47.34, 0.2340, -2.314
47.35, 0.2350, -3.803
47.36, 0.2360, -3.207
47.37, 0.2370, -2.000
47.38, 0.2380, -1.373
47.39, 0.2390, -3.854
47.40, 0.2400, -4.012
47.41, 0.2410, -2.385
47.42, 0.2420, -3.600
47.43, 0.2430, -4.874
47.44, 0.2440, -4.276
47.45, 0.2450, -3.246
47.46, 0.2460, -3.370
47.47, 0.2470, -3.818
47.48, 0.2480, -5.156
47.49, 0.2490, -3.880
47.50, 0.2500, -3.131
47.51, 0.2510, -4.452
47.52, 0.2520, -4.300
47.53, 0.2530, -3.605
47.54, 0.2540, -3.052
47.55, 0.2550, -3.424
47.56, 0.2560, -4.157
47.57, 0.2570, -4.275
47.58, 0.2580, -3.849
47.59, 0.2590, -5.834
47.60, 0.2600, -2.609
47.61, 0.2610, -4.265
47.62, 0.2620, -5.107
47.63, 0.2630, -4.991
47.64, 0.2640, -4.904
47.65, 0.2650, -6.454
47.66, 0.2660, -4.228
47.67, 0.2670, -4.216
47.68, 0.2680, -3.244
47.69, 0.2690, -3.963
47.70, 0.2700, -3.262
47.71, 0.2710, -4.299
47.72, 0.2720, -3.890
47.73, 0.2730, -3.904
47.74, 0.2740, -4.733
47.75, 0.2750, -4.426
47.76, 0.2760, -3.466
47.77, 0.2770, -4.794
47.78, 0.2780, -5.226
47.79, 0.2790, -5.472
47.80, 0.2800, -3.499
47.81, 0.2810, -3.434
47.82, 0.2820, -3.609
47.83, 0.2830, -3.839
47.84, 0.2840, -4.135
47.85, 0.2850, -5.708
47.86, 0.2860, -4.558
47.87, 0.2870, -3.117
47.88, 0.2880, -5.593
47.89, 0.2890, -3.404
47.90, 0.2900, -3.992
47.91, 0.2910, -3.544
47.92, 0.2920, -3.346
47.93, 0.2930, -3.019
47.94, 0.2940, -4.874
47.95, 0.2950, -4.374
47.96, 0.2960, -4.503
47.97, 0.2970, -3.705
47.98, 0.2980, -4.523
47.99, 0.2990, -3.699
48.00, 0.3000, -3.540
48.01, 0.3010, -3.410
48.02, 0.3020, -3.400
48.03, 0.3030, -4.703
48.04, 0.3040, -2.885
48.05, 0.3050, -2.217
48.06, 0.3060, -3.126
48.07, 0.3070, -2.791
48.08, 0.3080, -2.871
48.09, 0.3090, -3.909
48.10, 0.3100, -3.884
48.11, 0.3110, -3.543
48.12, 0.3120, -4.407
48.13, 0.3130, -3.023
48.14, 0.3140, -4.565
48.15, 0.3150, -4.518
48.16, 0.3160, -3.752
48.17, 0.3170, -3.947
48.18, 0.3180, -3.081
48.19, 0.3190, -3.894
48.20, 0.3200, -3.077
48.21, 0.3210, -2.723
48.22, 0.3220, -2.500
48.23, 0.3230, -2.497
48.24, 0.3240, -3.916
48.25, 0.3250, -4.254
48.26, 0.3260, -3.298
48.27, 0.3270, -3.427
48.28, 0.3280, -3.851
48.29, 0.3290, -3.676
48.30, 0.3300, -2.910
48.31, 0.3310, -3.520
48.32, 0.3320, -3.032
48.33, 0.3330, -5.872
48.34, 0.3340, -5.023
48.35, 0.3350, -3.647
48.36, 0.3360, -4.783
48.37, 0.3370, -4.531
48.38, 0.3380, -3.335
48.39, 0.3390, -4.904
48.40, 0.3400, -2.646
48.41, 0.3410, -4.810
48.42, 0.3420, -2.556
48.43, 0.3430, -4.092
48.44, 0.3440, -3.383
48.45, 0.3450, -3.389
48.46, 0.3460, -3.732
48.47, 0.3470, -4.516
48.48, 0.3480, -3.666
48.49, 0.3490, -3.938
48.50, 0.3500, -4.383
48.51, 0.3510, -4.181
48.52, 0.3520, -4.257
48.53, 0.3530, -3.875
48.54, 0.3540, -5.284
48.55, 0.3550, -4.056
48.56, 0.3560, -4.089
48.57, 0.3570, -4.458
48.58, 0.3580, -4.317
48.59, 0.3590, -4.494
48.60, 0.3600, -4.066
48.61, 0.3610, -4.063
48.62, 0.3620, -4.184
48.63, 0.3630, -4.005
48.64, 0.3640, -3.162
48.65, 0.3650, -4.915
48.66, 0.3660, -3.318
48.67, 0.3670, -3.432
48.68, 0.3680, -3.107
48.69, 0.3690, -3.307
48.70, 0.3700, -2.960
48.71, 0.3710, -4.053
48.72, 0.3720, -3.854
48.73, 0.3730, -3.853
48.74, 0.3740, -2.037
48.75, 0.3750, -3.602
48.76, 0.3760, -5.147
48.77, 0.3770, -4.651
48.78, 0.3780, -3.599
48.79, 0.3790, -4.144
48.80, 0.3800, -3.048
48.81, 0.3810, -4.529
48.82, 0.3820, -4.150
48.83, 0.3830, -3.314
48.84, 0.3840, -4.650
48.85, 0.3850, -4.091
48.86, 0.3860, -6.179
48.87, 0.3870, -5.435
48.88, 0.3880, -3.308
48.89, 0.3890, -4.709
48.90, 0.3900, -3.535
48.91, 0.3910, -3.729
48.92, 0.3920, -4.696
48.93, 0.3930, -4.024
48.94, 0.3940, -3.391
48.95, 0.3950, -2.803
48.96, 0.3960, -3.107
48.97, 0.3970, -4.165
48.98, 0.3980, -3.023
48.99, 0.3990, -5.197
49.00, 0.4000, -3.949
49.01, 0.4010, -4.183
49.02, 0.4020, -3.015
49.03, 0.4030, -2.516
49.04, 0.4040, -2.811
49.05, 0.4050, -4.572
49.06, 0.4060, -3.502
49.07, 0.4070, -3.512
49.08, 0.4080, -3.329
49.09, 0.4090, -5.618
49.10, 0.4100, -3.793
49.11, 0.4110, -3.460
49.12, 0.4120, -3.223
49.13, 0.4130, -3.056
49.14, 0.4140, -3.316
49.15, 0.4150, -3.563
49.16, 0.4160, -2.410
49.17, 0.4170, -2.766
49.18, 0.4180, -3.864
49.19, 0.4190, -2.554
49.20, 0.4200, -4.003
49.21, 0.4210, -4.099
49.22, 0.4220, -3.403
49.23, 0.4230, -4.635
49.24, 0.4240, -4.977
49.25, 0.4250, -4.441
49.26, 0.4260, -4.728
49.27, 0.4270, -3.252
49.28, 0.4280, -3.716
49.29, 0.4290, -3.242
49.30, 0.4300, -3.846
49.31, 0.4310, -3.655
49.32, 0.4320, -3.949
49.33, 0.4330, -3.025
49.34, 0.4340, -2.892
49.35, 0.4350, -3.915
49.36, 0.4360, -3.885
49.37, 0.4370, -3.625
49.38, 0.4380, -3.592
49.39, 0.4390, -2.926
49.40, 0.4400, -5.029
49.41, 0.4410, -3.923
49.42, 0.4420, -4.691
49.43, 0.4430, -2.568
49.44, 0.4440, -2.939
49.45, 0.4450, -3.271
49.46, 0.4460, -2.799
49.47, 0.4470, -3.963
49.48, 0.4480, -5.440
49.49, 0.4490, -3.071
49.50, 0.4500, -3.175
49.51, 0.4510, -2.793
49.52, 0.4520, -4.496
49.53, 0.4530, -4.604
49.54, 0.4540, -3.594
49.55, 0.4550, -3.547
49.56, 0.4560, -3.186
49.57, 0.4570, -5.496
49.58, 0.4580, -3.455
49.59, 0.4590, -5.098
49.60, 0.4600, -4.693
49.61, 0.4610, -3.863
49.62, 0.4620, -2.647
49.63, 0.4630, -3.732
49.64, 0.4640, -3.115
49.65, 0.4650, -2.168
49.66, 0.4660, -3.987
49.67, 0.4670, -2.712
49.68, 0.4680, -3.675
49.69, 0.4690, -4.873
49.70, 0.4700, -4.142
49.71, 0.4710, -2.929
49.72, 0.4720, -3.422
49.73, 0.4730, -4.669
49.74, 0.4740, -3.143
49.75, 0.4750, -3.686
49.76, 0.4760, -4.434
49.77, 0.4770, -3.032
49.78, 0.4780, -4.393
49.79, 0.4790, -4.300
49.80, 0.4800, -3.358
49.81, 0.4810, -1.905
49.82, 0.4820, -3.908
49.83, 0.4830, -4.513
49.84, 0.4840, -3.910
49.85, 0.4850, -4.574
49.86, 0.4860, -3.459
49.87, 0.4870, -4.355
49.88, 0.4880, -4.357
49.89, 0.4890, -3.341
49.90, 0.4900, -3.797
49.91, 0.4910, -3.891
49.92, 0.4920, -3.182
49.93, 0.4930, -4.756
49.94, 0.4940, -4.303
49.95, 0.4950, -4.135
49.96, 0.4960, -3.297
49.97, 0.4970, -3.032
49.98, 0.4980, -2.931
49.99, 0.4990, -3.487
50.00, 0.5000, -3.403
50.01, 0.5010, -3.685
50.02, 0.5020, -3.990
50.03, 0.5030, -3.930
50.04, 0.5040, -3.399
50.05, 0.5050, -3.953
50.06, 0.5060, -3.896
50.07, 0.5070, -4.792
50.08, 0.5080, -4.869
50.09, 0.5090, -4.294
50.10, 0.5100, -4.165
50.11, 0.5110, -3.711
50.12, 0.5120, -3.621
50.13, 0.5130, -4.364
50.14, 0.5140, -4.952
50.15, 0.5150, -5.113
50.16, 0.5160, -3.732
50.17, 0.5170, -4.268
50.18, 0.5180, -3.872
50.19, 0.5190, -3.314
50.20, 0.5200, -4.095
50.21, 0.5210, -2.908
50.22, 0.5220, -2.580
50.23, 0.5230, -5.088
50.24, 0.5240, -4.873
50.25, 0.5250, -3.536
50.26, 0.5260, -2.752
50.27, 0.5270, -3.150
50.28, 0.5280, -4.517
50.29, 0.5290, -3.942
50.30, 0.5300, -2.311
50.31, 0.5310, -4.092
50.32, 0.5320, -3.726
50.33, 0.5330, -4.864
50.34, 0.5340, -4.669
50.35, 0.5350, -5.329
50.36, 0.5360, -4.326
50.37, 0.5370, -4.008
50.38, 0.5380, -3.473
50.39, 0.5390, -2.539
50.40, 0.5400, -2.676
50.41, 0.5410, -3.337
50.42, 0.5420, -2.115
50.43, 0.5430, -3.994
50.44, 0.5440, -3.649
50.45, 0.5450, -4.521
50.46, 0.5460, -2.942
50.47, 0.5470, -3.163
50.48, 0.5480, -3.909
50.49, 0.5490, -3.679
50.50, 0.5500, -4.024
50.51, 0.5510, -3.577
50.52, 0.5520, -3.508
50.53, 0.5530, -5.035
50.54, 0.5540, -4.096
50.55, 0.5550, -4.332
50.56, 0.5560, -4.019
50.57, 0.5570, -4.347
50.58, 0.5580, -3.695
50.59, 0.5590, -3.724
50.60, 0.5600, -4.894
50.61, 0.5610, -5.627
50.62, 0.5620, -3.416
50.63, 0.5630, -4.789
50.64, 0.5640, -3.619
50.65, 0.5650, -3.569
50.66, 0.5660, -3.723
50.67, 0.5670, -4.603
50.68, 0.5680, -4.176
50.69, 0.5690, -4.807
50.70, 0.5700, -4.064
50.71, 0.5710, -3.903
50.72, 0.5720, -3.645
50.73, 0.5730, -3.206
50.74, 0.5740, -2.251
50.75, 0.5750, -2.476
50.76, 0.5760, -2.406
50.77, 0.5770, -4.550
50.78, 0.5780, -3.150
50.79, 0.5790, -4.029
50.80, 0.5800, -3.361
50.81, 0.5810, -5.557
50.82, 0.5820, -4.811
50.83, 0.5830, -3.561
50.84, 0.5840, -3.711
50.85, 0.5850, -3.335
50.86, 0.5860, -3.228
50.87, 0.5870, -2.269
50.88, 0.5880, -3.410
50.89, 0.5890, -3.479
50.90, 0.5900, -3.714
50.91, 0.5910, -4.021
50.92, 0.5920, -3.273
50.93, 0.5930, -4.823
50.94, 0.5940, -4.182
50.95, 0.5950, -4.521
50.96, 0.5960, -3.876
50.97, 0.5970, -5.851
50.98, 0.5980, -3.932
50.99, 0.5990, -4.371
51.00, 0.6000, -5.375
51.01, 0.6010, -3.595
51.02, 0.6020, -2.499
51.03, 0.6030, -2.665
51.04, 0.6040, -2.753
51.05, 0.6050, -3.686
51.06, 0.6060, -3.864
51.07, 0.6070, -3.481
51.08, 0.6080, -2.844
51.09, 0.6090, -2.835
51.10, 0.6100, -3.508
51.11, 0.6110, -2.776
51.12, 0.6120, -3.479
51.13, 0.6130, -3.479
51.14, 0.6140, -4.107
51.15, 0.6150, -3.342
51.16, 0.6160, -3.470
51.17, 0.6170, -2.951
51.18, 0.6180, -2.774
51.19, 0.6190, -3.006
51.20, 0.6200, -3.946
51.21, 0.6210, -3.276
51.22, 0.6220, -3.648
51.23, 0.6230, -4.142
51.24, 0.6240, -3.401
51.25, 0.6250, -5.618
51.26, 0.6260, -3.613
51.27, 0.6270, -4.181
51.28, 0.6280, -3.978
51.29, 0.6290, -4.073
51.30, 0.6300, -4.301
51.31, 0.6310, -3.695
51.32, 0.6320, -4.384
51.33, 0.6330, -5.153
51.34, 0.6340, -3.536
51.35, 0.6350, -5.056
51.36, 0.6360, -3.616
51.37, 0.6370, -5.062
51.38, 0.6380, -3.762
51.39, 0.6390, -2.084
51.40, 0.6400, -4.024
51.41, 0.6410, -3.700
51.42, 0.6420, -4.189
51.43, 0.6430, -3.231
51.44, 0.6440, -3.362
51.45, 0.6450, -3.014
51.46, 0.6460, -3.781
51.47, 0.6470, -4.025
51.48, 0.6480, -2.624
51.49, 0.6490, -4.868
51.50, 0.6500, -4.101
51.51, 0.6510, -3.938
51.52, 0.6520, -4.728
51.53, 0.6530, -4.947
51.54, 0.6540, -3.871
51.55, 0.6550, -4.094
51.56, 0.6560, -3.903
51.57, 0.6570, -3.214
51.58, 0.6580, -3.428
51.59, 0.6590, -4.695
51.60, 0.6600, -4.553
51.61, 0.6610, -3.158
51.62, 0.6620, -2.661
51.63, 0.6630, -4.488
51.64, 0.6640, -3.302
51.65, 0.6650, -4.806
51.66, 0.6660, -4.404
51.67, 0.6670, -4.188
51.68, 0.6680, -4.168
51.69, 0.6690, -3.921
51.70, 0.6700, -4.932
51.71, 0.6710, -4.950
51.72, 0.6720, -3.852
51.73, 0.6730, -4.388
51.74, 0.6740, -4.610
51.75, 0.6750, -4.332
51.76, 0.6760, -2.329
51.77, 0.6770, -4.394
51.78, 0.6780, -3.380
51.79, 0.6790, -4.159
51.80, 0.6800, -3.178
51.81, 0.6810, -5.331
51.82, 0.6820, -3.528
51.83, 0.6830, -3.767
51.84, 0.6840, -3.282
51.85, 0.6850, -4.139
51.86, 0.6860, -4.022
51.87, 0.6870, -3.782
51.88, 0.6880, -2.459
51.89, 0.6890, -3.721
51.90, 0.6900, -4.987
51.91, 0.6910, -2.767
51.92, 0.6920, -3.983
51.93, 0.6930, -3.433
51.94, 0.6940, -3.953
51.95, 0.6950, -3.794
51.96, 0.6960, -4.929
51.97, 0.6970, -2.071
51.98, 0.6980, -3.886
51.99, 0.6990, -3.869
52.00, 0.7000, -3.216
52.01, 0.7010, -3.692
52.02, 0.7020, -2.110
52.03, 0.7030, -1.849
52.04, 0.7040, -3.420
52.05, 0.7050, -3.770
52.06, 0.7060, -4.048
52.07, 0.7070, -3.669
52.08, 0.7080, -3.355
52.09, 0.7090, -4.525
52.10, 0.7100, -5.181
52.11, 0.7110, -4.007
52.12, 0.7120, -3.781
52.13, 0.7130, -4.153
52.14, 0.7140, -3.570
52.15, 0.7150, -3.703
52.16, 0.7160, -2.710
52.17, 0.7170, -2.849
52.18, 0.7180, -4.503
52.19, 0.7190, -5.715
52.20, 0.7200, -3.692
52.21, 0.7210, -4.335
52.22, 0.7220, -3.995
52.23, 0.7230, -3.195
52.24, 0.7240, -3.459
52.25, 0.7250, -3.632
52.26, 0.7260, -4.105
52.27, 0.7270, -3.520
52.28, 0.7280, -3.958
52.29, 0.7290, -2.743
52.30, 0.7300, -4.188
52.31, 0.7310, -4.957
52.32, 0.7320, -3.205
52.33, 0.7330, -4.083
52.34, 0.7340, -3.464
52.35, 0.7350, -3.583
52.36, 0.7360, -2.481
52.37, 0.7370, -4.133
52.38, 0.7380, -3.551
52.39, 0.7390, -2.381
52.40, 0.7400, -2.636
52.41, 0.7410, -3.442
52.42, 0.7420, -3.643
52.43, 0.7430, -3.409
52.44, 0.7440, -5.059
52.45, 0.7450, -2.366
52.46, 0.7460, -3.582
52.47, 0.7470, -4.910
52.48, 0.7480, -3.655
52.49, 0.7490, -3.800
52.50, 0.7500, -3.000
52.51, 0.7510, -3.650
52.52, 0.7520, -3.147
52.53, 0.7530, -3.507
52.54, 0.7540, -3.724
52.55, 0.7550, -3.975
52.56, 0.7560, -3.593
52.57, 0.7570, -3.974
52.58, 0.7580, -3.051
52.59, 0.7590, -3.279
52.60, 0.7600, -4.674
52.61, 0.7610, -4.961
52.62, 0.7620, -3.998
52.63, 0.7630, -4.078
52.64, 0.7640, -4.176
52.65, 0.7650, -2.037
52.66, 0.7660, -1.706
52.67, 0.7670, -2.799
52.68, 0.7680, -3.754
52.69, 0.7690, -4.968
52.70, 0.7700, -3.382
52.71, 0.7710, -3.380
52.72, 0.7720, -5.357
52.73, 0.7730, -3.996
52.74, 0.7740, -2.775
52.75, 0.7750, -3.015
52.76, 0.7760, -2.342
52.77, 0.7770, -2.222
52.78, 0.7780, -2.904
52.79, 0.7790, -3.995
52.80, 0.7800, -2.896
52.81, 0.7810, -2.386
52.82, 0.7820, -4.550
52.83, 0.7830, -3.386
52.84, 0.7840, -4.360
52.85, 0.7850, -4.069
52.86, 0.7860, -2.958
52.87, 0.7870, -2.753
52.88, 0.7880, -4.105
52.89, 0.7890, -2.742
52.90, 0.7900, -2.691
52.91, 0.7910, -3.191
52.92, 0.7920, -4.655
52.93, 0.7930, -4.052
52.94, 0.7940, -3.081
52.95, 0.7950, -3.092
52.96, 0.7960, -5.476
52.97, 0.7970, -4.387
52.98, 0.7980, -6.799
52.99, 0.7990, -4.186
53.00, 0.8000, -3.002
53.01, 0.8010, -2.750
53.02, 0.8020, -3.843
53.03, 0.8030, -3.417
53.04, 0.8040, -3.700
53.05, 0.8050, -4.143
53.06, 0.8060, -3.012
53.07, 0.8070, -3.973
53.08, 0.8080, -2.901
53.09, 0.8090, -4.644
53.10, 0.8100, -4.226
53.11, 0.8110, -2.529
53.12, 0.8120, -3.112
53.13, 0.8130, -4.686
53.14, 0.8140, -3.852
53.15, 0.8150, -5.150
53.16, 0.8160, -3.523
53.17, 0.8170, -3.780
53.18, 0.8180, -3.080
53.19, 0.8190, -4.473
53.20, 0.8200, -4.527
53.21, 0.8210, -3.197
53.22, 0.8220, -3.663
53.23, 0.8230, -5.073
53.24, 0.8240, -2.036
53.25, 0.8250, -4.814
53.26, 0.8260, -3.080
53.27, 0.8270, -4.137
53.28, 0.8280, -2.785
53.29, 0.8290, -3.919
53.30, 0.8300, -2.571
53.31, 0.8310, -3.215
53.32, 0.8320, -4.303
53.33, 0.8330, -3.444
53.34, 0.8340, -4.650
53.35, 0.8350, -3.750
53.36, 0.8360, -3.106
53.37, 0.8370, -3.444
53.38, 0.8380, -3.344
53.39, 0.8390, -4.144
53.40, 0.8400, -3.200
53.41, 0.8410, -4.066
53.42, 0.8420, -3.747
53.43, 0.8430, -4.423
53.44, 0.8440, -4.948
53.45, 0.8450, -3.932
53.46, 0.8460, -2.674
53.47, 0.8470, -1.895
53.48, 0.8480, -2.233
53.49, 0.8490, -2.446
53.50, 0.8500, -2.631
53.51, 0.8510, -3.182
53.52, 0.8520, -3.026
53.53, 0.8530, -4.279
53.54, 0.8540, -4.326
53.55, 0.8550, -4.347
53.56, 0.8560, -4.090
53.57, 0.8570, -3.004
53.58, 0.8580, -4.133
53.59, 0.8590, -3.821
53.60, 0.8600, -4.486
53.61, 0.8610, -2.792
53.62, 0.8620, -3.158
53.63, 0.8630, -5.508
53.64, 0.8640, -3.149
53.65, 0.8650, -3.828
53.66, 0.8660, -3.996
53.67, 0.8670, -2.759
53.68, 0.8680, -2.690
53.69, 0.8690, -3.312
53.70, 0.8700, -3.719
53.71, 0.8710, -3.356
53.72, 0.8720, -2.830
53.73, 0.8730, -4.799
53.74, 0.8740, -3.619
53.75, 0.8750, -3.582
53.76, 0.8760, -3.608
53.77, 0.8770, -3.176
53.78, 0.8780, -2.782
53.79, 0.8790, -2.916
53.80, 0.8800, -3.878
53.81, 0.8810, -2.479
53.82, 0.8820, -4.085
53.83, 0.8830, -4.154
53.84, 0.8840, -4.056
53.85, 0.8850, -4.522
53.86, 0.8860, -4.565
53.87, 0.8870, -3.937
53.88, 0.8880, -4.363
53.89, 0.8890, -3.925
53.90, 0.8900, -3.976
53.91, 0.8910, -3.706
53.92, 0.8920, -4.452
53.93, 0.8930, -2.916
53.94, 0.8940, -4.002
53.95, 0.8950, -2.951
53.96, 0.8960, -3.919
53.97, 0.8970, -3.651
53.98, 0.8980, -4.197
53.99, 0.8990, -4.376
54.00, 0.9000, -4.737
54.01, 0.9010, -3.042
54.02, 0.9020, -2.720
54.03, 0.9030, -2.843
54.04, 0.9040, -2.669
54.05, 0.9050, -3.118
54.06, 0.9060, -2.065
54.07, 0.9070, -3.353
54.08, 0.9080, -4.046
54.09, 0.9090, -3.901
54.10, 0.9100, -2.548
54.11, 0.9110, -3.487
54.12, 0.9120, -3.415
54.13, 0.9130, -3.235
54.14, 0.9140, -4.197
54.15, 0.9150, -2.259
54.16, 0.9160, -2.336
54.17, 0.9170, -2.442
54.18, 0.9180, -3.197
54.19, 0.9190, -2.900
54.20, 0.9200, -4.241
54.21, 0.9210, -3.873
54.22, 0.9220, -5.163
54.23, 0.9230, -4.606
54.24, 0.9240, -2.343
54.25, 0.9250, -2.237
54.26, 0.9260, -3.847
54.27, 0.9270, -6.031
54.28, 0.9280, -2.091
54.29, 0.9290, -4.235
54.30, 0.9300, -4.025
54.31, 0.9310, -4.586
54.32, 0.9320, -3.867
54.33, 0.9330, -3.814
54.34, 0.9340, -4.647
54.35, 0.9350, -2.474
54.36, 0.9360, -4.204
54.37, 0.9370, -3.526
54.38, 0.9380, -3.881
54.39, 0.9390, -3.708
54.40, 0.9400, -3.527
54.41, 0.9410, -3.761
54.42, 0.9420, -3.939
54.43, 0.9430, -3.833
54.44, 0.9440, -3.219
54.45, 0.9450, -2.990
54.46, 0.9460, -3.970
54.47, 0.9470, -4.052
54.48, 0.9480, -3.379
54.49, 0.9490, -3.490
54.50, 0.9500, -1.669
54.51, 0.9510, -3.468
54.52, 0.9520, -2.668
54.53, 0.9530, -2.311
54.54, 0.9540, -5.892
54.55, 0.9550, -3.636
54.56, 0.9560, -4.194
54.57, 0.9570, -2.553
54.58, 0.9580, -3.208
54.59, 0.9590, -4.449
54.60, 0.9600, -2.827
54.61, 0.9610, -3.983
54.62, 0.9620, -3.654
54.63, 0.9630, -3.084
54.64, 0.9640, -2.670
54.65, 0.9650, -3.661
54.66, 0.9660, -3.021
54.67, 0.9670, -3.704
54.68, 0.9680, -4.208
54.69, 0.9690, -4.101
54.70, 0.9700, -2.168
54.71, 0.9710, -3.547
54.72, 0.9720, -4.032
54.73, 0.9730, -3.010
54.74, 0.9740, -1.302
54.75, 0.9750, -3.277
54.76, 0.9760, -3.612
54.77, 0.9770, -3.299
54.78, 0.9780, -4.030
54.79, 0.9790, -2.983
54.80, 0.9800, -2.669
54.81, 0.9810, -2.089
54.82, 0.9820, -3.461
54.83, 0.9830, -2.278
54.84, 0.9840, -1.641
54.85, 0.9850, -4.567
54.86, 0.9860, -3.947
54.87, 0.9870, -3.270
54.88, 0.9880, -3.683
54.89, 0.9890, -3.245
54.90, 0.9900, -2.677
54.91, 0.9910, -3.161
54.92, 0.9920, -4.027
54.93, 0.9930, -2.505
54.94, 0.9940, -3.191
54.95, 0.9950, -1.648
54.96, 0.9960, -3.785
54.97, 0.9970, -2.776
54.98, 0.9980, -4.511
54.99, 0.9990, -2.523
55.00, 1.000, -3.201
55.01, 1.001, -2.909
55.02, 1.002, -3.603
55.03, 1.003, -2.641
55.04, 1.004, -2.814
55.05, 1.005, -3.614
55.06, 1.006, -4.186
55.07, 1.007, -3.848
55.08, 1.008, -2.711
55.09, 1.009, -2.897
55.10, 1.010, -4.227
55.11, 1.011, -2.575
55.12, 1.012, -2.175
55.13, 1.013, -3.212
55.14, 1.014, -4.239
55.15, 1.015, -2.920
55.16, 1.016, -4.704
55.17, 1.017, -2.812
55.18, 1.018, -2.260
55.19, 1.019, -3.824
55.20, 1.020, -2.143
55.21, 1.021, -3.189
55.22, 1.022, -3.039
55.23, 1.023, -1.881
55.24, 1.024, -1.678
55.25, 1.025, -2.207
55.26, 1.026, -2.717
55.27, 1.027, -3.729
55.28, 1.028, -3.232
55.29, 1.029, -2.733
55.30, 1.030, -3.263
55.31, 1.031, -3.103
55.32, 1.032, -2.820
55.33, 1.033, -1.405
55.34, 1.034, -2.212
55.35, 1.035, -2.954
55.36, 1.036, -3.825
55.37, 1.037, -2.759
55.38, 1.038, -1.868
55.39, 1.039, -3.061
55.40, 1.040, -2.765
55.41, 1.041, -3.316
55.42, 1.042, -3.015
55.43, 1.043, -5.140
55.44, 1.044, -2.999
55.45, 1.045, -4.077
55.46, 1.046, -2.264
55.47, 1.047, -3.418
55.48, 1.048, -0.4816
55.49, 1.049, -2.342
55.50, 1.050, -2.206
55.51, 1.051, -2.929
55.52, 1.052, -1.524
55.53, 1.053, -3.308
55.54, 1.054, -1.864
55.55, 1.055, -2.627
55.56, 1.056, -1.559
55.57, 1.057, -2.623
55.58, 1.058, -2.899
55.59, 1.059, -2.662
55.60, 1.060, -1.144
55.61, 1.061, -1.724
55.62, 1.062, -2.273
55.63, 1.063, -2.050
55.64, 1.064, -2.687
55.65, 1.065, -2.570
55.66, 1.066, -3.286
55.67, 1.067, -3.672
55.68, 1.068, -2.852
55.69, 1.069, -2.237
55.70, 1.070, -2.556
55.71, 1.071, -1.656
55.72, 1.072, -2.463
55.73, 1.073, -3.455
55.74, 1.074, -1.877
55.75, 1.075, -3.294
55.76, 1.076, -2.557
55.77, 1.077, -3.486
55.78, 1.078, -2.902
55.79, 1.079, -3.201
55.80, 1.080, -2.934
55.81, 1.081, -1.208
55.82, 1.082, -2.335
55.83, 1.083, -4.433
55.84, 1.084, -2.856
55.85, 1.085, -2.279
55.86, 1.086, -1.603
55.87, 1.087, -0.6968
55.88, 1.088, -2.365
55.89, 1.089, -3.072
55.90, 1.090, -3.675
55.91, 1.091, -2.715
55.92, 1.092, -2.539
55.93, 1.093, -2.634
55.94, 1.094, -1.215
55.95, 1.095, -1.693
55.96, 1.096, -2.493
55.97, 1.097, -2.266
55.98, 1.098, -1.033
55.99, 1.099, -1.875
56.00, 1.100, -2.458
56.01, 1.101, -1.836
56.02, 1.102, -4.701
56.03, 1.103, -2.685
56.04, 1.104, -1.926
56.05, 1.105, -1.723
56.06, 1.106, -1.701
56.07, 1.107, -3.045
56.08, 1.108, -2.222
56.09, 1.109, -2.050
56.10, 1.110, -1.314
56.11, 1.111, -2.469
56.12, 1.112, -3.104
56.13, 1.113, -2.632
56.14, 1.114, -2.952
56.15, 1.115, -1.479
56.16, 1.116, -1.670
56.17, 1.117, -2.358
56.18, 1.118, -0.1581
56.19, 1.119, -2.787
56.20, 1.120, -1.789
56.21, 1.121, -3.859
56.22, 1.122, -0.9132
56.23, 1.123, -1.305
56.24, 1.124, -2.303
56.25, 1.125, -2.860
56.26, 1.126, -3.111
56.27, 1.127, -1.764
56.28, 1.128, -1.902
56.29, 1.129, -1.450
56.30, 1.130, -2.670
56.31, 1.131, -0.5747
56.32, 1.132, -0.8650
56.33, 1.133, -2.621
56.34, 1.134, -0.7236
56.35, 1.135, -2.764
56.36, 1.136, -1.127
56.37, 1.137, -2.842
56.38, 1.138, -2.153
56.39, 1.139, -1.830
56.40, 1.140, -1.082
56.41, 1.141, -1.220
56.42, 1.142, -0.6567
56.43, 1.143, -1.417
56.44, 1.144, -2.083
56.45, 1.145, -1.303
56.46, 1.146, -2.177
56.47, 1.147, -2.412
56.48, 1.148, -1.673
56.49, 1.149, -2.479
56.50, 1.150, -2.708
56.51, 1.151, -1.889
56.52, 1.152, -2.106
56.53, 1.153, -1.229
56.54, 1.154, -2.263
56.55, 1.155, -1.090
56.56, 1.156, -1.289
56.57, 1.157, -2.967
56.58, 1.158, -1.420
56.59, 1.159, -1.506
56.60, 1.160, -0.6810
56.61, 1.161, -0.6713
56.62, 1.162, -2.557
56.63, 1.163, -1.014
56.64, 1.164, -3.644
56.65, 1.165, -1.898
56.66, 1.166, -1.016
56.67, 1.167, -2.913
56.68, 1.168, -1.876
56.69, 1.169, -1.765
56.70, 1.170, -0.1710
56.71, 1.171, -0.9278
56.72, 1.172, -2.545
56.73, 1.173, -0.8381
56.74, 1.174, -0.05520
56.75, 1.175, -2.311
56.76, 1.176, -1.988
56.77, 1.177, -3.118
56.78, 1.178, -0.2988
56.79, 1.179, 0.7640
56.80, 1.180, -0.5389
56.81, 1.181, -0.1709
56.82, 1.182, -2.356
56.83, 1.183, -0.8506
56.84, 1.184, -1.810
56.85, 1.185, -1.384
56.86, 1.186, -0.9055
56.87, 1.187, 0.7970
56.88, 1.188, -0.4843
56.89, 1.189, -0.1301
56.90, 1.190, -0.2953
56.91, 1.191, 0.4282
56.92, 1.192, -0.2500
56.93, 1.193, -2.449
56.94, 1.194, -2.816
56.95, 1.195, -2.192
56.96, 1.196, -2.253
56.97, 1.197, 0.3094
56.98, 1.198, -0.7444
56.99, 1.199, -1.073
57.00, 1.200, -0.007672
57.01, 1.201, -1.370
57.02, 1.202, 0.03029
57.03, 1.203, -0.7606
57.04, 1.204, -0.3242
57.05, 1.205, -1.704
57.06, 1.206, -0.07279
57.07, 1.207, -0.2003
57.08, 1.208, 0.1928
57.09, 1.209, -0.6631
57.10, 1.210, 0.9760
57.11, 1.211, -1.106
57.12, 1.212, -1.341
57.13, 1.213, -0.3979
57.14, 1.214, -1.916
57.15, 1.215, -0.5971
57.16, 1.216, -0.5386
57.17, 1.217, 1.828
57.18, 1.218, 0.5849
57.19, 1.219, 0.01695
57.20, 1.220, 0.4074
57.21, 1.221, -0.5051
57.22, 1.222, -1.022
57.23, 1.223, -0.7358
57.24, 1.224, 0.1783
57.25, 1.225, -0.8508
57.26, 1.226, -0.05475
57.27, 1.227, 1.203
57.28, 1.228, -0.9977
57.29, 1.229, -1.093
57.30, 1.230, -0.5927
57.31, 1.231, 0.4306
57.32, 1.232, -0.5002
57.33, 1.233, -1.176
57.34, 1.234, -1.164
57.35, 1.235, -0.2671
57.36, 1.236, 1.133
57.37, 1.237, 0.7577
57.38, 1.238, 0.2187
57.39, 1.239, 0.5408
57.40, 1.240, 0.1813
57.41, 1.241, 0.9184
57.42, 1.242, 0.9570
57.43, 1.243, 0.9108
57.44, 1.244, 0.2774
57.45, 1.245, -1.483
57.46, 1.246, -0.2176
57.47, 1.247, 1.405
57.48, 1.248, -0.3890
57.49, 1.249, 0.9043
57.50, 1.250, 1.041
57.51, 1.251, 0.2088
57.52, 1.252, 0.7256
57.53, 1.253, 0.7031
57.54, 1.254, -0.4570
57.55, 1.255, -0.1750
57.56, 1.256, 0.8740
57.57, 1.257, 1.379
57.58, 1.258, -0.5922
57.59, 1.259, 1.634
57.60, 1.260, 0.5245
57.61, 1.261, -0.6882
57.62, 1.262, 0.4782
57.63, 1.263, 0.4892
57.64, 1.264, 0.5245
57.65, 1.265, 0.9667
57.66, 1.266, 1.927
57.67, 1.267, 0.9905
57.68, 1.268, 1.121
57.69, 1.269, 1.678
57.70, 1.270, 0.7523
57.71, 1.271, 1.166
57.72, 1.272, 0.03845
57.73, 1.273, 0.8632
57.74, 1.274, 1.198
57.75, 1.275, 1.302
57.76, 1.276, 2.560
57.77, 1.277, 1.747
57.78, 1.278, 2.444
57.79, 1.279, 2.084
57.80, 1.280, 1.788
57.81, 1.281, 0.8276
57.82, 1.282, 0.6563
57.83, 1.283, 0.1653
57.84, 1.284, 2.348
57.85, 1.285, 2.060
57.86, 1.286, 2.959
57.87, 1.287, 2.914
57.88, 1.288, 1.323
57.89, 1.289, 0.9781
57.90, 1.290, 0.2832
57.91, 1.291, 1.686
57.92, 1.292, 3.413
57.93, 1.293, 2.141
57.94, 1.294, 1.774
57.95, 1.295, -0.5161
57.96, 1.296, 0.7744
57.97, 1.297, 0.9646
57.98, 1.298, 2.053
57.99, 1.299, 0.7138
58.00, 1.300, 2.608
58.01, 1.301, 0.9732
58.02, 1.302, 3.884
58.03, 1.303, 3.720
58.04, 1.304, 2.926
58.05, 1.305, 3.431
58.06, 1.306, 1.921
58.07, 1.307, 3.568
58.08, 1.308, 3.072
58.09, 1.309, 2.579
58.10, 1.310, 3.020
58.11, 1.311, 4.193
58.12, 1.312, 3.641
58.13, 1.313, 2.222
58.14, 1.314, 2.297
58.15, 1.315, 1.354
58.16, 1.316, 2.503
58.17, 1.317, 2.129
58.18, 1.318, 2.437
58.19, 1.319, 2.632
58.20, 1.320, 2.365
58.21, 1.321, 3.144
58.22, 1.322, 3.457
58.23, 1.323, 3.465
58.24, 1.324, 3.534
58.25, 1.325, 3.171
58.26, 1.326, 2.691
58.27, 1.327, 3.454
58.28, 1.328, 2.371
58.29, 1.329, 3.281
58.30, 1.330, 2.449
58.31, 1.331, 3.496
58.32, 1.332, 4.033
58.33, 1.333, 2.805
58.34, 1.334, 4.812
58.35, 1.335, 4.642
58.36, 1.336, 3.248
58.37, 1.337, 3.574
58.38, 1.338, 4.058
58.39, 1.339, 3.704
58.40, 1.340, 4.602
58.41, 1.341, 4.264
58.42, 1.342, 2.709
58.43, 1.343, 4.542
58.44, 1.344, 6.021
58.45, 1.345, 4.421
58.46, 1.346, 5.130
58.47, 1.347, 3.890
58.48, 1.348, 3.731
58.49, 1.349, 5.790
58.50, 1.350, 5.224
58.51, 1.351, 4.842
58.52, 1.352, 5.842
58.53, 1.353, 5.703
58.54, 1.354, 5.273
58.55, 1.355, 4.503
58.56, 1.356, 3.868
58.57, 1.357, 3.813
58.58, 1.358, 4.387
58.59, 1.359, 6.000
58.60, 1.360, 6.533
58.61, 1.361, 4.553
58.62, 1.362, 6.499
58.63, 1.363, 6.227
58.64, 1.364, 5.572
58.65, 1.365, 3.054
58.66, 1.366, 4.929
58.67, 1.367, 6.958
58.68, 1.368, 6.026
58.69, 1.369, 6.315
58.70, 1.370, 5.656
58.71, 1.371, 6.211
58.72, 1.372, 6.485
58.73, 1.373, 5.596
58.74, 1.374, 6.996
58.75, 1.375, 6.307
58.76, 1.376, 7.534
58.77, 1.377, 6.692
58.78, 1.378, 7.826
58.79, 1.379, 7.333
58.80, 1.380, 7.574
58.81, 1.381, 7.800
58.82, 1.382, 7.831
58.83, 1.383, 7.105
58.84, 1.384, 6.801
58.85, 1.385, 8.147
58.86, 1.386, 7.500
58.87, 1.387, 7.297
58.88, 1.388, 8.444
58.89, 1.389, 8.985
58.90, 1.390, 9.160
58.91, 1.391, 10.39
58.92, 1.392, 11.24
58.93, 1.393, 8.662
58.94, 1.394, 9.751
58.95, 1.395, 10.70
58.96, 1.396, 9.292
58.97, 1.397, 10.41
58.98, 1.398, 10.71
58.99, 1.399, 12.12
59.00, 1.400, 12.16
59.01, 1.401, 12.13
59.02, 1.402, 15.25
59.03, 1.403, 18.45
59.04, 1.404, 19.42
59.05, 1.405, 21.06
59.06, 1.406, 21.41
59.07, 1.407, 20.46
59.08, 1.408, 19.54
59.09, 1.409, 21.69
59.10, 1.410, 21.13
59.11, 1.411, 22.84
59.12, 1.412, 23.16
59.13, 1.413, 23.17
59.14, 1.414, 23.58
59.15, 1.415, 23.53
59.16, 1.416, 23.32
59.17, 1.417, 24.16
59.18, 1.418, 24.33
59.19, 1.419, 23.68
59.20, 1.420, 24.53
59.21, 1.421, 26.31
59.22, 1.422, 27.35
59.23, 1.423, 31.39
59.24, 1.424, 30.57
59.25, 1.425, 30.73
59.26, 1.426, 30.93
59.27, 1.427, 33.18
59.28, 1.428, 33.43
59.29, 1.429, 33.78
59.30, 1.430, 34.16
59.31, 1.431, 34.37
59.32, 1.432, 35.90
59.33, 1.433, 35.33
59.34, 1.434, 35.61
59.35, 1.435, 36.43
59.36, 1.436, 35.99
59.37, 1.437, 38.02
59.38, 1.438, 39.87
59.39, 1.439, 39.08
59.40, 1.440, 39.57
59.41, 1.441, 40.45
59.42, 1.442, 40.80
59.43, 1.443, 42.46
59.44, 1.444, 43.76
59.45, 1.445, 42.52
59.46, 1.446, 44.43
59.47, 1.447, 45.68
59.48, 1.448, 45.75
59.49, 1.449, 47.68
59.50, 1.450, 48.50
59.51, 1.451, 48.89
59.52, 1.452, 50.07
59.53, 1.453, 50.83
59.54, 1.454, 50.80
59.55, 1.455, 51.59
59.56, 1.456, 57.25
59.57, 1.457, 57.90
59.58, 1.458, 57.68
59.59, 1.459, 60.28
59.60, 1.460, 60.12
59.61, 1.461, 62.31
59.62, 1.462, 62.91
59.63, 1.463, 63.67
59.64, 1.464, 64.82
59.65, 1.465, 65.78
59.66, 1.466, 68.37
59.67, 1.467, 67.24
59.68, 1.468, 68.10
59.69, 1.469, 69.50
59.70, 1.470, 70.05
59.71, 1.471, 70.51
59.72, 1.472, 72.89
59.73, 1.473, 72.89
59.74, 1.474, 74.71
59.75, 1.475, 75.76
59.76, 1.476, 75.34
59.77, 1.477, 76.03
59.78, 1.478, 76.43
59.79, 1.479, 79.83
59.80, 1.480, 80.31
59.81, 1.481, 80.02
59.82, 1.482, 80.99
59.83, 1.483, 83.29
59.84, 1.484, 86.36
59.85, 1.485, 87.02
59.86, 1.486, 85.63
59.87, 1.487, 86.33
59.88, 1.488, 87.81
59.89, 1.489, 89.87
59.90, 1.490, 90.51
59.91, 1.491, 90.64
59.92, 1.492, 93.31
59.93, 1.493, 96.57
59.94, 1.494, 96.84
59.95, 1.495, 98.08
59.96, 1.496, 99.00
59.97, 1.497, 99.91
59.98, 1.498, 101.9
59.99, 1.499, 102.3
60.00, 1.500, 104.5
60.01, 1.501, 103.6
60.02, 1.502, 106.2
60.03, 1.503, 107.1
60.04, 1.504, 106.8
60.05, 1.505, 109.7
60.06, 1.506, 109.7
60.07, 1.507, 111.1
60.08, 1.508, 112.3
60.09, 1.509, 113.2
60.10, 1.510, 114.8
60.11, 1.511, 116.5
60.12, 1.512, 118.5
60.13, 1.513, 118.7
60.14, 1.514, 121.2
60.15, 1.515, 119.8
60.16, 1.516, 122.4
60.17, 1.517, 122.4
60.18, 1.518, 125.7
60.19, 1.519, 125.9
60.20, 1.520, 127.5
60.21, 1.521, 129.7
60.22, 1.522, 131.6
60.23, 1.523, 131.2
60.24, 1.524, 133.5
60.25, 1.525, 134.2
60.26, 1.526, 135.6
60.27, 1.527, 137.6
60.28, 1.528, 139.2
60.29, 1.529, 139.6
60.30, 1.530, 142.8
60.31, 1.531, 143.9
60.32, 1.532, 146.2
60.33, 1.533, 146.6
60.34, 1.534, 149.1
60.35, 1.535, 151.2
60.36, 1.536, 151.1
60.37, 1.537, 153.2
60.38, 1.538, 153.8
60.39, 1.539, 156.4
60.40, 1.540, 157.7
60.41, 1.541, 158.3
60.42, 1.542, 160.7
60.43, 1.543, 162.0
60.44, 1.544, 163.5
60.45, 1.545, 165.1
60.46, 1.546, 165.5
60.47, 1.547, 167.9
60.48, 1.548, 169.9
60.49, 1.549, 170.4
60.50, 1.550, 172.2
60.51, 1.551, 174.0
60.52, 1.552, 173.5
60.53, 1.553, 176.4
60.54, 1.554, 177.9
60.55, 1.555, 178.8
60.56, 1.556, 178.9
60.57, 1.557, 182.6
60.58, 1.558, 183.3
60.59, 1.559, 186.4
60.60, 1.560, 185.6
60.61, 1.561, 187.5
60.62, 1.562, 191.1
60.63, 1.563, 191.3
60.64, 1.564, 190.9
60.65, 1.565, 192.4
60.66, 1.566, 192.9
60.67, 1.567, 195.4
60.68, 1.568, 196.9
60.69, 1.569, 199.4
60.70, 1.570, 200.4
60.71, 1.571, 200.9
60.72, 1.572, 203.3
60.73, 1.573, 204.0
60.74, 1.574, 204.6
60.75, 1.575, 206.4
60.76, 1.576, 208.8
60.77, 1.577, 210.2
60.78, 1.578, 211.3
60.79, 1.579, 213.4
60.80, 1.580, 215.4
60.81, 1.581, 215.6
60.82, 1.582, 217.7
60.83, 1.583, 217.4
60.84, 1.584, 220.5
60.85, 1.585, 222.2
60.86, 1.586, 224.3
60.87, 1.587, 224.8
60.88, 1.588, 225.6
60.89, 1.589, 229.2
60.90, 1.590, 229.4
60.91, 1.591, 230.0
60.92, 1.592, 231.3
60.93, 1.593, 233.3
60.94, 1.594, 236.9
60.95, 1.595, 236.7
60.96, 1.596, 236.8
60.97, 1.597, 238.0
60.98, 1.598, 239.2
60.99, 1.599, 243.4
61.00, 1.600, 243.2
61.01, 1.601, 246.9
61.02, 1.602, 248.1
61.03, 1.603, 247.9
61.04, 1.604, 249.5
61.05, 1.605, 250.2
61.06, 1.606, 252.8
61.07, 1.607, 251.8
61.08, 1.608, 253.2
61.09, 1.609, 256.9
61.10, 1.610, 257.8
61.11, 1.611, 259.8
61.12, 1.612, 261.4
61.13, 1.613, 262.9
61.14, 1.614, 264.1
61.15, 1.615, 265.0
61.16, 1.616, 266.4
61.17, 1.617, 268.5
61.18, 1.618, 270.0
61.19, 1.619, 270.3
61.20, 1.620, 273.8
61.21, 1.621, 274.5
61.22, 1.622, 275.5
61.23, 1.623, 277.3
61.24, 1.624, 278.0
61.25, 1.625, 280.7
61.26, 1.626, 280.8
61.27, 1.627, 281.4
61.28, 1.628, 283.7
61.29, 1.629, 284.8
61.30, 1.630, 285.8
61.31, 1.631, 288.8
61.32, 1.632, 288.1
61.33, 1.633, 291.8
61.34, 1.634, 292.5
61.35, 1.635, 293.9
61.36, 1.636, 293.7
61.37, 1.637, 296.1
61.38, 1.638, 298.4
61.39, 1.639, 298.1
61.40, 1.640, 299.9
61.41, 1.641, 302.9
61.42, 1.642, 303.6
61.43, 1.643, 304.9
61.44, 1.644, 306.6
61.45, 1.645, 309.0
61.46, 1.646, 308.2
61.47, 1.647, 310.1
61.48, 1.648, 312.4
61.49, 1.649, 314.1
61.50, 1.650, 314.0
61.51, 1.651, 315.1
61.52, 1.652, 317.2
61.53, 1.653, 320.8
61.54, 1.654, 319.9
61.55, 1.655, 321.5
61.56, 1.656, 323.3
61.57, 1.657, 324.5
61.58, 1.658, 325.9
61.59, 1.659, 327.1
61.60, 1.660, 329.0
61.61, 1.661, 331.1
61.62, 1.662, 332.3
61.63, 1.663, 334.4
61.64, 1.664, 335.4
61.65, 1.665, 337.8
61.66, 1.666, 337.0
61.67, 1.667, 339.0
61.68, 1.668, 342.0
61.69, 1.669, 342.5
61.70, 1.670, 344.8
61.71, 1.671, 345.5
61.72, 1.672, 348.9
61.73, 1.673, 349.2
61.74, 1.674, 350.9
61.75, 1.675, 351.4
61.76, 1.676, 353.2
61.77, 1.677, 354.2
61.78, 1.678, 356.7
61.79, 1.679, 357.2
61.80, 1.680, 358.2
61.81, 1.681, 359.6
61.82, 1.682, 359.6
61.83, 1.683, 363.6
61.84, 1.684, 365.4
61.85, 1.685, 366.7
61.86, 1.686, 367.9
61.87, 1.687, 368.5
61.88, 1.688, 371.4
61.89, 1.689, 370.1
61.90, 1.690, 372.1
61.91, 1.691, 372.4
61.92, 1.692, 376.1
61.93, 1.693, 377.4
61.94, 1.694, 378.1
61.95, 1.695, 380.3
61.96, 1.696, 380.3
61.97, 1.697, 382.4
61.98, 1.698, 382.4
61.99, 1.699, 385.6
62.00, 1.700, 388.3
62.01, 1.701, 386.9
62.02, 1.702, 390.0
62.03, 1.703, 390.8
62.04, 1.704, 394.0
62.05, 1.705, 395.2
62.06, 1.706, 396.9
62.07, 1.707, 398.4
62.08, 1.708, 398.0
62.09, 1.709, 399.7
62.10, 1.710, 402.1
62.11, 1.711, 403.0
62.12, 1.712, 404.7
62.13, 1.713, 404.9
62.14, 1.714, 407.5
62.15, 1.715, 410.3
62.16, 1.716, 412.3
62.17, 1.717, 412.3
62.18, 1.718, 414.1
62.19, 1.719, 414.1
62.20, 1.720, 417.1
62.21, 1.721, 418.4
62.22, 1.722, 418.7
62.23, 1.723, 419.5
62.24, 1.724, 422.8
62.25, 1.725, 422.4
62.26, 1.726, 424.3
62.27, 1.727, 426.5
62.28, 1.728, 426.9
62.29, 1.729, 427.9
62.30, 1.730, 429.8
62.31, 1.731, 431.8
62.32, 1.732, 432.7
62.33, 1.733, 436.4
62.34, 1.734, 436.9
62.35, 1.735, 437.6
62.36, 1.736, 438.6
62.37, 1.737, 437.0
62.38, 1.738, 440.8
62.39, 1.739, 443.0
62.40, 1.740, 442.8
62.41, 1.741, 445.9
62.42, 1.742, 446.6
62.43, 1.743, 447.1
62.44, 1.744, 449.2
62.45, 1.745, 450.3
62.46, 1.746, 452.1
62.47, 1.747, 454.2
62.48, 1.748, 454.3
62.49, 1.749, 456.3
62.50, 1.750, 458.3
62.51, 1.751, 458.7
62.52, 1.752, 457.3
62.53, 1.753, 461.3
62.54, 1.754, 461.0
62.55, 1.755, 463.3
62.56, 1.756, 463.8
62.57, 1.757, 466.1
62.58, 1.758, 467.3
62.59, 1.759, 469.5
62.60, 1.760, 472.5
62.61, 1.761, 473.4
62.62, 1.762, 473.2
62.63, 1.763, 475.3
62.64, 1.764, 476.8
62.65, 1.765, 477.3
62.66, 1.766, 479.8
62.67, 1.767, 479.3
62.68, 1.768, 481.8
62.69, 1.769, 482.8
62.70, 1.770, 484.4
62.71, 1.771, 486.1
62.72, 1.772, 486.8
62.73, 1.773, 488.8
62.74, 1.774, 491.1
62.75, 1.775, 490.2
62.76, 1.776, 492.8
62.77, 1.777, 493.1
62.78, 1.778, 496.1
62.79, 1.779, 498.3
62.80, 1.780, 498.9
62.81, 1.781, 502.6
62.82, 1.782, 500.9
62.83, 1.783, 501.3
62.84, 1.784, 505.9
62.85, 1.785, 503.6
62.86, 1.786, 507.7
62.87, 1.787, 509.5
62.88, 1.788, 509.4
62.89, 1.789, 510.7
62.90, 1.790, 514.1
62.91, 1.791, 516.3
62.92, 1.792, 516.8
62.93, 1.793, 520.5
62.94, 1.794, 520.9
62.95, 1.795, 520.1
62.96, 1.796, 522.9
62.97, 1.797, 524.0
62.98, 1.798, 524.9
62.99, 1.799, 527.4
63.00, 1.800, 526.8
63.01, 1.801, 532.2
63.02, 1.802, 531.5
63.03, 1.803, 533.0
63.04, 1.804, 535.3
63.05, 1.805, 535.7
63.06, 1.806, 537.6
63.07, 1.807, 538.7
63.08, 1.808, 540.7
63.09, 1.809, 541.5
63.10, 1.810, 541.3
63.11, 1.811, 543.7
63.12, 1.812, 546.4
63.13, 1.813, 547.3
63.14, 1.814, 548.3
63.15, 1.815, 549.4
63.16, 1.816, 549.6
63.17, 1.817, 550.9
63.18, 1.818, 551.7
63.19, 1.819, 553.6
63.20, 1.820, 555.1
63.21, 1.821, 555.2
63.22, 1.822, 557.6
63.23, 1.823, 559.6
63.24, 1.824, 561.8
63.25, 1.825, 563.2
63.26, 1.826, 565.6
63.27, 1.827, 566.4
63.28, 1.828, 567.3
63.29, 1.829, 567.4
63.30, 1.830, 568.9
63.31, 1.831, 570.3
63.32, 1.832, 572.0
63.33, 1.833, 572.6
63.34, 1.834, 574.3
63.35, 1.835, 577.2
63.36, 1.836, 579.9
63.37, 1.837, 580.6
63.38, 1.838, 583.6
63.39, 1.839, 583.7
63.40, 1.840, 586.3
63.41, 1.841, 584.9
63.42, 1.842, 587.9
63.43, 1.843, 588.9
63.44, 1.844, 591.3
63.45, 1.845, 592.6
63.46, 1.846, 593.7
63.47, 1.847, 596.2
63.48, 1.848, 598.4
63.49, 1.849, 598.6
63.50, 1.850, 598.3
63.51, 1.851, 599.9
63.52, 1.852, 601.7
63.53, 1.853, 605.3
63.54, 1.854, 603.8
63.55, 1.855, 606.2
63.56, 1.856, 608.7
63.57, 1.857, 606.8
63.58, 1.858, 610.4
63.59, 1.859, 611.3
63.60, 1.860, 612.8
63.61, 1.861, 613.7
63.62, 1.862, 614.1
63.63, 1.863, 617.7
63.64, 1.864, 618.1
63.65, 1.865, 621.5
63.66, 1.866, 622.6
63.67, 1.867, 623.5
63.68, 1.868, 625.4
63.69, 1.869, 625.4
63.70, 1.870, 628.2
63.71, 1.871, 628.7
63.72, 1.872, 630.9
63.73, 1.873, 631.3
63.74, 1.874, 635.5
63.75, 1.875, 636.6
63.76, 1.876, 635.8
63.77, 1.877, 636.7
63.78, 1.878, 637.0
63.79, 1.879, 639.9
63.80, 1.880, 641.4
63.81, 1.881, 642.5
63.82, 1.882, 643.7
63.83, 1.883, 645.9
63.84, 1.884, 647.2
63.85, 1.885, 650.0
63.86, 1.886, 650.2
63.87, 1.887, 652.7
63.88, 1.888, 654.2
63.89, 1.889, 655.3
63.90, 1.890, 653.6
63.91, 1.891, 656.6
63.92, 1.892, 658.0
63.93, 1.893, 658.6
63.94, 1.894, 660.7
63.95, 1.895, 660.0
63.96, 1.896, 663.3
63.97, 1.897, 665.4
63.98, 1.898, 665.6
63.99, 1.899, 668.1
64.00, 1.900, 670.9
64.01, 1.901, 671.5
64.02, 1.902, 671.6
64.03, 1.903, 673.4
64.04, 1.904, 673.2
64.05, 1.905, 676.9
64.06, 1.906, 677.5
64.07, 1.907, 677.4
64.08, 1.908, 679.3
64.09, 1.909, 680.3
64.10, 1.910, 680.5
64.11, 1.911, 683.1
64.12, 1.912, 684.6
64.13, 1.913, 687.2
64.14, 1.914, 688.0
64.15, 1.915, 688.6
64.16, 1.916, 691.2
64.17, 1.917, 690.0
64.18, 1.918, 692.5
64.19, 1.919, 695.0
64.20, 1.920, 696.5
64.21, 1.921, 697.1
64.22, 1.922, 698.7
64.23, 1.923, 699.1
64.24, 1.924, 700.2
64.25, 1.925, 703.0
64.26, 1.926, 704.2
64.27, 1.927, 705.0
64.28, 1.928, 707.9
64.29, 1.929, 709.1
64.30, 1.930, 710.7
64.31, 1.931, 711.7
64.32, 1.932, 709.7
64.33, 1.933, 712.2
64.34, 1.934, 712.7
64.35, 1.935, 714.2
64.36, 1.936, 715.4
64.37, 1.937, 717.3
64.38, 1.938, 718.3
64.39, 1.939, 720.4
64.40, 1.940, 722.0
64.41, 1.941, 722.8
64.42, 1.942, 723.0
64.43, 1.943, 723.8
64.44, 1.944, 726.7
64.45, 1.945, 725.7
64.46, 1.946, 728.7
64.47, 1.947, 731.2
64.48, 1.948, 729.0
64.49, 1.949, 731.7
64.50, 1.950, 733.4
64.51, 1.951, 732.9
64.52, 1.952, 737.0
64.53, 1.953, 737.2
64.54, 1.954, 738.8
64.55, 1.955, 738.7
64.56, 1.956, 738.7
64.57, 1.957, 740.2
64.58, 1.958, 743.1
64.59, 1.959, 741.0
64.60, 1.960, 744.5
64.61, 1.961, 744.4
64.62, 1.962, 746.5
64.63, 1.963, 749.5
64.64, 1.964, 750.7
64.65, 1.965, 753.3
64.66, 1.966, 755.5
64.67, 1.967, 754.0
64.68, 1.968, 756.3
64.69, 1.969, 758.3
64.70, 1.970, 756.9
64.71, 1.971, 759.1
64.72, 1.972, 760.3
64.73, 1.973, 761.3
64.74, 1.974, 761.7
64.75, 1.975, 762.4
64.76, 1.976, 764.0
64.77, 1.977, 766.4
64.78, 1.978, 767.2
64.79, 1.979, 768.3
64.80, 1.980, 769.2
64.81, 1.981, 768.2
64.82, 1.982, 769.3
64.83, 1.983, 768.5
64.84, 1.984, 768.3
64.85, 1.985, 768.5
64.86, 1.986, 767.9
64.87, 1.987, 766.8
64.88, 1.988, 768.3
64.89, 1.989, 768.4
64.90, 1.990, 766.9
64.91, 1.991, 766.6
64.92, 1.992, 765.1
64.93, 1.993, 765.6
64.94, 1.994, 765.8
64.95, 1.995, 765.2
64.96, 1.996, 763.7
64.97, 1.997, 762.6
64.98, 1.998, 763.2
64.99, 1.999, 763.2
65.00, 2.000, 762.7
65.01, 1.999, 762.1
65.02, 1.998, 760.4
65.03, 1.997, 761.1
65.04, 1.996, 761.5
65.05, 1.995, 760.8
65.06, 1.994, 759.6
65.07, 1.993, 760.6
65.08, 1.992, 758.4
65.09, 1.991, 758.3
65.10, 1.990, 759.0
65.11, 1.989, 756.4
65.12, 1.988, 758.4
65.13, 1.987, 757.7
65.14, 1.986, 756.7
65.15, 1.985, 756.7
65.16, 1.984, 755.2
65.17, 1.983, 755.6
65.18, 1.982, 754.9
65.19, 1.981, 752.9
65.20, 1.980, 752.1
65.21, 1.979, 750.1
65.22, 1.978, 747.7
65.23, 1.977, 744.6
65.24, 1.976, 744.5
65.25, 1.975, 741.7
65.26, 1.974, 741.4
65.27, 1.973, 739.4
65.28, 1.972, 737.4
65.29, 1.971, 733.1
65.30, 1.970, 731.7
65.31, 1.969, 729.0
65.32, 1.968, 728.8
65.33, 1.967, 726.7
65.34, 1.966, 725.5
65.35, 1.965, 722.7
65.36, 1.964, 720.5
65.37, 1.963, 721.5
65.38, 1.962, 718.7
65.39, 1.961, 717.0
65.40, 1.960, 715.1
65.41, 1.959, 711.9
65.42, 1.958, 710.1
65.43, 1.957, 708.8
65.44, 1.956, 704.9
65.45, 1.955, 703.9
65.46, 1.954, 701.8
65.47, 1.953, 699.0
65.48, 1.952, 698.7
65.49, 1.951, 696.6
65.50, 1.950, 696.7
65.51, 1.949, 693.1
65.52, 1.948, 690.5
65.53, 1.947, 687.3
65.54, 1.946, 685.2
65.55, 1.945, 688.2
65.56, 1.944, 689.2
65.57, 1.943, 687.2
65.58, 1.942, 687.2
65.59, 1.941, 686.4
65.60, 1.940, 685.2
65.61, 1.939, 683.5
65.62, 1.938, 681.6
65.63, 1.937, 679.4
65.64, 1.936, 677.6
65.65, 1.935, 675.5
65.66, 1.934, 673.4
65.67, 1.933, 671.1
65.68, 1.932, 669.4
65.69, 1.931, 667.2
65.70, 1.930, 664.1
65.71, 1.929, 664.9
65.72, 1.928, 661.2
65.73, 1.927, 660.9
65.74, 1.926, 659.3
65.75, 1.925, 656.6
65.76, 1.924, 654.6
65.77, 1.923, 651.6
65.78, 1.922, 649.1
65.79, 1.921, 646.8
65.80, 1.920, 644.9
65.81, 1.919, 642.7
65.82, 1.918, 640.9
65.83, 1.917, 640.9
65.84, 1.916, 638.4
65.85, 1.915, 638.5
65.86, 1.914, 636.5
65.87, 1.913, 633.7
65.88, 1.912, 630.0
65.89, 1.911, 627.5
65.90, 1.910, 624.3
65.91, 1.909, 626.7
65.92, 1.908, 620.3
65.93, 1.907, 621.0
65.94, 1.906, 617.4
65.95, 1.905, 615.3
65.96, 1.904, 616.3
65.97, 1.903, 615.3
65.98, 1.902, 612.7
65.99, 1.901, 610.8
66.00, 1.900, 606.5
66.01, 1.899, 607.4
66.02, 1.898, 603.8
66.03, 1.897, 602.3
66.04, 1.896, 599.0
66.05, 1.895, 599.2
66.06, 1.894, 596.6
66.07, 1.893, 593.2
66.08, 1.892, 593.3
66.09, 1.891, 592.2
66.10, 1.890, 589.3
66.11, 1.889, 589.4
66.12, 1.888, 585.7
66.13, 1.887, 585.1
66.14, 1.886, 583.3
66.15, 1.885, 580.9
66.16, 1.884, 581.1
66.17, 1.883, 578.0
66.18, 1.882, 577.3
66.19, 1.881, 576.1
66.20, 1.880, 572.3
66.21, 1.879, 572.5
66.22, 1.878, 570.5
66.23, 1.877, 569.2
66.24, 1.876, 565.7
66.25, 1.875, 566.4
66.26, 1.874, 565.7
66.27, 1.873, 562.3
66.28, 1.872, 560.5
66.29, 1.871, 560.1
66.30, 1.870, 558.0
66.31, 1.869, 556.7
66.32, 1.868, 555.2
66.33, 1.867, 551.3
66.34, 1.866, 548.3
66.35, 1.865, 548.8
66.36, 1.864, 545.8
66.37, 1.863, 545.2
66.38, 1.862, 541.9
66.39, 1.861, 540.8
66.40, 1.860, 540.4
66.41, 1.859, 537.6
66.42, 1.858, 538.1
66.43, 1.857, 534.9
66.44, 1.856, 534.5
66.45, 1.855, 530.7
66.46, 1.854, 527.9
66.47, 1.853, 527.3
66.48, 1.852, 526.2
66.49, 1.851, 523.0
66.50, 1.850, 522.6
66.51, 1.849, 519.7
66.52, 1.848, 520.3
66.53, 1.847, 518.7
66.54, 1.846, 517.2
66.55, 1.845, 512.8
66.56, 1.844, 513.2
66.57, 1.843, 512.7
66.58, 1.842, 509.7
66.59, 1.841, 507.1
66.60, 1.840, 507.1
66.61, 1.839, 504.0
66.62, 1.838, 504.2
66.63, 1.837, 500.6
66.64, 1.836, 500.7
66.65, 1.835, 499.4
66.66, 1.834, 494.9
66.67, 1.833, 495.4
66.68, 1.832, 491.6
66.69, 1.831, 491.1
66.70, 1.830, 487.8
66.71, 1.829, 488.6
66.72, 1.828, 487.1
66.73, 1.827, 485.5
66.74, 1.826, 483.3
66.75, 1.825, 481.9
66.76, 1.824, 480.9
66.77, 1.823, 477.9
66.78, 1.822, 474.7
66.79, 1.821, 474.1
66.80, 1.820, 472.6
66.81, 1.819, 469.9
66.82, 1.818, 467.6
66.83, 1.817, 466.1
66.84, 1.816, 463.7
66.85, 1.815, 464.1
66.86, 1.814, 463.4
66.87, 1.813, 465.3
66.88, 1.812, 460.8
66.89, 1.811, 458.6
66.90, 1.810, 456.2
66.91, 1.809, 455.2
66.92, 1.808, 454.2
66.93, 1.807, 452.6
66.94, 1.806, 450.9
66.95, 1.805, 448.9
66.96, 1.804, 449.1
66.97, 1.803, 447.4
66.98, 1.802, 445.8
66.99, 1.801, 444.8
67.00, 1.800, 442.0
67.01, 1.799, 441.1
67.02, 1.798, 438.0
67.03, 1.797, 438.1
67.04, 1.796, 433.5
67.05, 1.795, 434.0
67.06, 1.794, 433.3
67.07, 1.793, 432.5
67.08, 1.792, 430.4
67.09, 1.791, 430.2
67.10, 1.790, 428.3
67.11, 1.789, 425.8
67.12, 1.788, 423.9
67.13, 1.787, 422.9
67.14, 1.786, 419.6
67.15, 1.785, 419.1
67.16, 1.784, 416.1
67.17, 1.783, 415.3
67.18, 1.782, 414.6
67.19, 1.781, 414.0
67.20, 1.780, 412.1
67.21, 1.779, 409.4
67.22, 1.778, 407.0
67.23, 1.777, 405.8
67.24, 1.776, 404.8
67.25, 1.775, 404.3
67.26, 1.774, 399.0
67.27, 1.773, 398.8
67.28, 1.772, 398.3
67.29, 1.771, 396.0
67.30, 1.770, 398.5
67.31, 1.769, 395.5
67.32, 1.768, 392.9
67.33, 1.767, 391.6
67.34, 1.766, 390.5
67.35, 1.765, 390.0
67.36, 1.764, 385.2
67.37, 1.763, 383.2
67.38, 1.762, 385.9
67.39, 1.761, 383.2
67.40, 1.760, 383.2
67.41, 1.759, 380.7
67.42, 1.758, 376.7
67.43, 1.757, 377.5
67.44, 1.756, 375.1
67.45, 1.755, 373.6
67.46, 1.754, 370.6
67.47, 1.753, 370.5
67.48, 1.752, 370.0
67.49, 1.751, 366.4
67.50, 1.750, 370.4
67.51, 1.749, 370.3
67.52, 1.748, 366.6
67.53, 1.747, 365.0
67.54, 1.746, 363.3
67.55, 1.745, 362.0
67.56, 1.744, 358.1
67.57, 1.743, 357.2
67.58, 1.742, 356.4
67.59, 1.741, 353.8
67.60, 1.740, 354.2
67.61, 1.739, 353.3
67.62, 1.738, 351.5
67.63, 1.737, 349.6
67.64, 1.736, 346.2
67.65, 1.735, 346.7
67.66, 1.734, 345.5
67.67, 1.733, 342.1
67.68, 1.732, 339.2
67.69, 1.731, 340.8
67.70, 1.730, 337.5
67.71, 1.729, 337.0
67.72, 1.728, 335.9
67.73, 1.727, 336.4
67.74, 1.726, 334.0
67.75, 1.725, 333.0
67.76, 1.724, 330.7
67.77, 1.723, 329.2
67.78, 1.722, 327.8
67.79, 1.721, 324.8
67.80, 1.720, 324.1
67.81, 1.719, 324.6
67.82, 1.718, 324.7
67.83, 1.717, 320.5
67.84, 1.716, 322.9
67.85, 1.715, 318.3
67.86, 1.714, 320.0
67.87, 1.713, 317.5
67.88, 1.712, 314.2
67.89, 1.711, 315.7
67.90, 1.710, 312.0
67.91, 1.709, 311.1
67.92, 1.708, 310.0
67.93, 1.707, 308.7
67.94, 1.706, 306.1
67.95, 1.705, 307.3
67.96, 1.704, 305.2
67.97, 1.703, 305.2
67.98, 1.702, 303.4
67.99, 1.701, 301.5
68.00, 1.700, 299.6
68.01, 1.699, 297.6
68.02, 1.698, 294.9
68.03, 1.697, 294.0
68.04, 1.696, 292.1
68.05, 1.695, 291.6
68.06, 1.694, 290.1
68.07, 1.693, 286.6
68.08, 1.692, 288.6
68.09, 1.691, 286.5
68.10, 1.690, 286.1
68.11, 1.689, 285.0
68.12, 1.688, 284.4
68.13, 1.687, 283.4
68.14, 1.686, 281.9
68.15, 1.685, 279.1
68.16, 1.684, 277.9
68.17, 1.683, 274.6
68.18, 1.682, 275.0
68.19, 1.681, 275.1
68.20, 1.680, 272.7
68.21, 1.679, 273.5
68.22, 1.678, 270.6
68.23, 1.677, 269.3
68.24, 1.676, 269.3
68.25, 1.675, 266.2
68.26, 1.674, 265.2
68.27, 1.673, 262.5
68.28, 1.672, 263.4
68.29, 1.671, 262.1
68.30, 1.670, 262.5
68.31, 1.669, 260.9
68.32, 1.668, 258.0
68.33, 1.667, 258.6
68.34, 1.666, 257.6
68.35, 1.665, 255.0
68.36, 1.664, 255.0
68.37, 1.663, 251.9
68.38, 1.662, 251.5
68.39, 1.661, 248.9
68.40, 1.660, 246.7
68.41, 1.659, 246.5
68.42, 1.658, 245.6
68.43, 1.657, 244.2
68.44, 1.656, 243.4
68.45, 1.655, 240.9
68.46, 1.654, 240.7
68.47, 1.653, 238.2
68.48, 1.652, 237.3
68.49, 1.651, 235.6
68.50, 1.650, 233.0
68.51, 1.649, 231.9
68.52, 1.648, 232.2
68.53, 1.647, 230.8
68.54, 1.646, 228.9
68.55, 1.645, 228.3
68.56, 1.644, 229.1
68.57, 1.643, 226.9
68.58, 1.642, 225.3
68.59, 1.641, 224.9
68.60, 1.640, 224.1
68.61, 1.639, 222.0
68.62, 1.638, 221.3
68.63, 1.637, 219.5
68.64, 1.636, 217.8
68.65, 1.635, 217.2
68.66, 1.634, 217.4
68.67, 1.633, 214.8
68.68, 1.632, 216.4
68.69, 1.631, 213.9
68.70, 1.630, 212.4
68.71, 1.629, 210.2
68.72, 1.628, 210.0
68.73, 1.627, 207.9
68.74, 1.626, 208.3
68.75, 1.625, 208.0
68.76, 1.624, 206.7
68.77, 1.623, 205.6
68.78, 1.622, 204.2
68.79, 1.621, 203.9
68.80, 1.620, 203.9
68.81, 1.619, 202.8
68.82, 1.618, 200.5
68.83, 1.617, 195.9
68.84, 1.616, 196.6
68.85, 1.615, 195.1
68.86, 1.614, 192.3
68.87, 1.613, 191.9
68.88, 1.612, 192.2
68.89, 1.611, 192.2
68.90, 1.610, 190.7
68.91, 1.609, 188.4
68.92, 1.608, 188.0
68.93, 1.607, 185.4
68.94, 1.606, 185.7
68.95, 1.605, 183.8
68.96, 1.604, 180.7
68.97, 1.603, 182.2
68.98, 1.602, 180.5
68.99, 1.601, 181.2
69.00, 1.600, 178.8
69.01, 1.599, 176.7
69.02, 1.598, 178.3
69.03, 1.597, 177.6
69.04, 1.596, 176.2
69.05, 1.595, 175.1
69.06, 1.594, 173.4
69.07, 1.593, 171.6
69.08, 1.592, 171.0
69.09, 1.591, 169.8
69.10, 1.590, 169.6
69.11, 1.589, 168.0
69.12, 1.588, 166.5
69.13, 1.587, 166.4
69.14, 1.586, 164.9
69.15, 1.585, 166.6
69.16, 1.584, 164.7
69.17, 1.583, 162.2
69.18, 1.582, 161.0
69.19, 1.581, 161.0
69.20, 1.580, 158.1
69.21, 1.579, 158.6
69.22, 1.578, 156.9
69.23, 1.577, 156.3
69.24, 1.576, 155.4
69.25, 1.575, 153.7
69.26, 1.574, 154.3
69.27, 1.573, 152.1
69.28, 1.572, 151.4
69.29, 1.571, 150.5
69.30, 1.570, 148.4
69.31, 1.569, 148.2
69.32, 1.568, 145.1
69.33, 1.567, 143.7
69.34, 1.566, 144.1
69.35, 1.565, 141.5
69.36, 1.564, 141.2
69.37, 1.563, 142.8
69.38, 1.562, 140.1
69.39, 1.561, 139.0
69.40, 1.560, 140.9
69.41, 1.559, 139.2
69.42, 1.558, 138.4
69.43, 1.557, 138.5
69.44, 1.556, 135.4
69.45, 1.555, 134.6
69.46, 1.554, 133.3
69.47, 1.553, 131.3
69.48, 1.552, 129.7
69.49, 1.551, 130.3
69.50, 1.550, 126.9
69.51, 1.549, 127.0
69.52, 1.548, 126.0
69.53, 1.547, 125.7
69.54, 1.546, 125.7
69.55, 1.545, 125.3
69.56, 1.544, 124.3
69.57, 1.543, 124.1
69.58, 1.542, 121.6
69.59, 1.541, 120.0
69.60, 1.540, 118.7
69.61, 1.539, 118.5
69.62, 1.538, 117.4
69.63, 1.537, 114.8
69.64, 1.536, 114.6
69.65, 1.535, 114.6
69.66, 1.534, 112.3
69.67, 1.533, 109.8
69.68, 1.532, 110.9
69.69, 1.531, 110.0
69.70, 1.530, 110.2
69.71, 1.529, 107.6
69.72, 1.528, 106.8
69.73, 1.527, 104.6
69.74, 1.526, 104.0
69.75, 1.525, 103.8
69.76, 1.524, 101.4
69.77, 1.523, 99.79
69.78, 1.522, 99.53
69.79, 1.521, 100.0
69.80, 1.520, 96.40
69.81, 1.519, 98.73
69.82, 1.518, 97.17
69.83, 1.517, 95.58
69.84, 1.516, 94.90
69.85, 1.515, 93.62
69.86, 1.514, 92.67
69.87, 1.513, 90.10
69.88, 1.512, 88.13
69.89, 1.511, 89.41
69.90, 1.510, 86.26
69.91, 1.509, 86.17
69.92, 1.508, 86.85
69.93, 1.507, 85.99
69.94, 1.506, 84.43
69.95, 1.505, 83.17
69.96, 1.504, 81.93
69.97, 1.503, 80.91
69.98, 1.502, 80.16
69.99, 1.501, 78.30
70.00, 1.500, 80.97
70.01, 1.499, 79.62
70.02, 1.498, 78.42
70.03, 1.497, 77.52
70.04, 1.496, 76.30
70.05, 1.495, 77.42
70.06, 1.494, 74.51
70.07, 1.493, 72.79
70.08, 1.492, 72.02
70.09, 1.491, 71.13
70.10, 1.490, 69.08
70.11, 1.489, 65.65
70.12, 1.488, 66.50
70.13, 1.487, 65.29
70.14, 1.486, 64.42
70.15, 1.485, 67.11
70.16, 1.484, 62.53
70.17, 1.483, 62.82
70.18, 1.482, 59.97
70.19, 1.481, 59.67
70.20, 1.480, 59.11
70.21, 1.479, 57.65
70.22, 1.478, 56.15
70.23, 1.477, 57.98
70.24, 1.476, 57.55
70.25, 1.475, 55.44
70.26, 1.474, 52.76
70.27, 1.473, 51.91
70.28, 1.472, 51.44
70.29, 1.471, 50.09
70.30, 1.470, 48.42
70.31, 1.469, 49.77
70.32, 1.468, 46.87
70.33, 1.467, 47.19
70.34, 1.466, 47.77
70.35, 1.465, 46.71
70.36, 1.464, 44.81
70.37, 1.463, 43.53
70.38, 1.462, 42.21
70.39, 1.461, 41.97
70.40, 1.460, 41.40
70.41, 1.459, 40.65
70.42, 1.458, 38.69
70.43, 1.457, 38.62
70.44, 1.456, 37.67
70.45, 1.455, 35.51
70.46, 1.454, 37.76
70.47, 1.453, 35.61
70.48, 1.452, 34.00
70.49, 1.451, 33.11
70.50, 1.450, 31.03
70.51, 1.449, 31.40
70.52, 1.448, 30.03
70.53, 1.447, 29.01
70.54, 1.446, 28.46
70.55, 1.445, 28.37
70.56, 1.444, 27.41
70.57, 1.443, 25.48
70.58, 1.442, 23.06
70.59, 1.441, 23.45
70.60, 1.440, 22.32
70.61, 1.439, 21.54
70.62, 1.438, 20.96
70.63, 1.437, 20.28
70.64, 1.436, 20.31
70.65, 1.435, 18.34
70.66, 1.434, 18.67
70.67, 1.433, 19.40
70.68, 1.432, 16.07
70.69, 1.431, 15.76
70.70, 1.430, 15.82
70.71, 1.429, 13.24
70.72, 1.428, 13.20
70.73, 1.427, 12.02
70.74, 1.426, 11.83
70.75, 1.425, 10.52
70.76, 1.424, 8.112
70.77, 1.423, 9.253
70.78, 1.422, 8.815
70.79, 1.421, 10.06
70.80, 1.420, 7.259
70.81, 1.419, 9.142
70.82, 1.418, 7.637
70.83, 1.417, 5.399
70.84, 1.416, 5.846
70.85, 1.415, 3.146
70.86, 1.414, 1.941
70.87, 1.413, 2.486
70.88, 1.412, -0.2397
70.89, 1.411, -2.325
70.90, 1.410, -1.922
70.91, 1.409, -1.915
70.92, 1.408, -1.486
70.93, 1.407, -2.082
70.94, 1.406, -4.124
70.95, 1.405, -3.889
70.96, 1.404, -4.951
70.97, 1.403, -5.474
70.98, 1.402, -5.856
70.99, 1.401, -7.360
71.00, 1.400, -8.665
71.01, 1.399, -7.347
71.02, 1.398, -9.538
71.03, 1.397, -10.61
71.04, 1.396, -9.351
71.05, 1.395, -11.17
71.06, 1.394, -11.70
71.07, 1.393, -11.35
71.08, 1.392, -12.75
71.09, 1.391, -14.03
71.10, 1.390, -13.91
71.11, 1.389, -14.16
71.12, 1.388, -14.83
71.13, 1.387, -14.58
71.14, 1.386, -16.60
71.15, 1.385, -15.92
71.16, 1.384, -17.02
71.17, 1.383, -16.40
71.18, 1.382, -16.33
71.19, 1.381, -17.12
71.20, 1.380, -17.57
71.21, 1.379, -18.81
71.22, 1.378, -18.61
71.23, 1.377, -18.86
71.24, 1.376, -19.58
71.25, 1.375, -19.23
71.26, 1.374, -19.25
71.27, 1.373, -19.16
71.28, 1.372, -22.00
71.29, 1.371, -20.80
71.30, 1.370, -19.49
71.31, 1.369, -21.06
71.32, 1.368, -19.43
71.33, 1.367, -18.48
71.34, 1.366, -20.09
71.35, 1.365, -20.11
71.36, 1.364, -20.51
71.37, 1.363, -21.72
71.38, 1.362, -23.33
71.39, 1.361, -22.51
71.40, 1.360, -24.81
71.41, 1.359, -22.51
71.42, 1.358, -23.08
71.43, 1.357, -26.23
71.44, 1.356, -23.40
71.45, 1.355, -24.64
71.46, 1.354, -24.24
71.47, 1.353, -26.90
71.48, 1.352, -24.63
71.49, 1.351, -25.13
71.50, 1.350, -25.39
71.51, 1.349, -24.93
71.52, 1.348, -24.63
71.53, 1.347, -24.96
71.54, 1.346, -27.36
71.55, 1.345, -24.26
71.56, 1.344, -26.14
71.57, 1.343, -25.71
71.58, 1.342, -26.48
71.59, 1.341, -27.57
71.60, 1.340, -25.65
71.61, 1.339, -27.58
71.62, 1.338, -27.41
71.63, 1.337, -26.11
71.64, 1.336, -25.96
71.65, 1.335, -25.82
71.66, 1.334, -25.01
71.67, 1.333, -26.33
71.68, 1.332, -26.11
71.69, 1.331, -26.29
71.70, 1.330, -26.49
71.71, 1.329, -28.02
71.72, 1.328, -26.45
71.73, 1.327, -25.36
71.74, 1.326, -26.02
71.75, 1.325, -26.42
71.76, 1.324, -25.77
71.77, 1.323, -26.59
71.78, 1.322, -27.94
71.79, 1.321, -27.78
71.80, 1.320, -28.27
71.81, 1.319, -28.32
71.82, 1.318, -28.01
71.83, 1.317, -27.39
71.84, 1.316, -27.88
71.85, 1.315, -29.26
71.86, 1.314, -28.24
71.87, 1.313, -27.00
71.88, 1.312, -26.75
71.89, 1.311, -27.52
71.90, 1.310, -29.15
71.91, 1.309, -28.15
71.92, 1.308, -28.30
71.93, 1.307, -26.51
71.94, 1.306, -26.56
71.95, 1.305, -25.92
71.96, 1.304, -28.48
71.97, 1.303, -28.44
71.98, 1.302, -27.80
71.99, 1.301, -27.60
72.00, 1.300, -27.25
72.01, 1.299, -27.05
72.02, 1.298, -28.72
72.03, 1.297, -26.28
72.04, 1.296, -27.41
72.05, 1.295, -27.37
72.06, 1.294, -27.20
72.07, 1.293, -25.62
72.08, 1.292, -25.88
72.09, 1.291, -25.60
72.10, 1.290, -26.03
72.11, 1.289, -25.89
72.12, 1.288, -25.66
72.13, 1.287, -27.56
72.14, 1.286, -25.90
72.15, 1.285, -26.69
72.16, 1.284, -25.64
72.17, 1.283, -27.01
72.18, 1.282, -27.03
72.19, 1.281, -26.97
72.20, 1.280, -25.45
72.21, 1.279, -27.87
72.22, 1.278, -28.21
72.23, 1.277, -26.55
72.24, 1.276, -27.78
72.25, 1.275, -26.39
72.26, 1.274, -27.77
72.27, 1.273, -27.47
72.28, 1.272, -28.44
72.29, 1.271, -28.09
72.30, 1.270, -28.23
72.31, 1.269, -28.50
72.32, 1.268, -26.90
72.33, 1.267, -27.14
72.34, 1.266, -27.83
72.35, 1.265, -28.92
72.36, 1.264, -27.14
72.37, 1.263, -27.66
72.38, 1.262, -26.87
72.39, 1.261, -26.87
72.40, 1.260, -28.16
72.41, 1.259, -25.15
72.42, 1.258, -26.08
72.43, 1.257, -26.89
72.44, 1.256, -25.54
72.45, 1.255, -25.76
72.46, 1.254, -25.15
72.47, 1.253, -26.36
72.48, 1.252, -25.83
72.49, 1.251, -26.91
72.50, 1.250, -22.05
72.51, 1.249, -23.13
72.52, 1.248, -24.11
72.53, 1.247, -24.82
72.54, 1.246, -23.84
72.55, 1.245, -24.50
72.56, 1.244, -23.57
72.57, 1.243, -24.69
72.58, 1.242, -24.49
72.59, 1.241, -24.47
72.60, 1.240, -24.31
72.61, 1.239, -23.73
72.62, 1.238, -24.04
72.63, 1.237, -25.07
72.64, 1.236, -24.90
72.65, 1.235, -26.03
72.66, 1.234, -24.75
72.67, 1.233, -24.39
72.68, 1.232, -24.95
72.69, 1.231, -23.64
72.70, 1.230, -25.44
72.71, 1.229, -26.97
72.72, 1.228, -24.65
72.73, 1.227, -24.15
72.74, 1.226, -24.18
72.75, 1.225, -24.08
72.76, 1.224, -26.04
72.77, 1.223, -23.78
72.78, 1.222, -24.53
72.79, 1.221, -24.77
72.80, 1.220, -23.82
72.81, 1.219, -23.07
72.82, 1.218, -23.43
72.83, 1.217, -24.05
72.84, 1.216, -22.83
72.85, 1.215, -22.68
72.86, 1.214, -24.06
72.87, 1.213, -24.53
72.88, 1.212, -22.80
72.89, 1.211, -22.03
72.90, 1.210, -22.27
72.91, 1.209, -23.11
72.92, 1.208, -23.33
72.93, 1.207, -22.10
72.94, 1.206, -23.40
72.95, 1.205, -22.02
72.96, 1.204, -22.19
72.97, 1.203, -21.66
72.98, 1.202, -22.54
72.99, 1.201, -22.10
73.00, 1.200, -22.24
73.01, 1.199, -21.57
73.02, 1.198, -22.07
73.03, 1.197, -23.33
73.04, 1.196, -22.37
73.05, 1.195, -22.11
73.06, 1.194, -22.64
73.07, 1.193, -22.27
73.08, 1.192, -24.01
73.09, 1.191, -23.70
73.10, 1.190, -23.45
73.11, 1.189, -22.01
73.12, 1.188, -21.01
73.13, 1.187, -21.15
73.14, 1.186, -20.58
73.15, 1.185, -21.61
73.16, 1.184, -20.05
73.17, 1.183, -22.68
73.18, 1.182, -21.68
73.19, 1.181, -21.55
73.20, 1.180, -20.81
73.21, 1.179, -20.48
73.22, 1.178, -19.00
73.23, 1.177, -21.33
73.24, 1.176, -20.77
73.25, 1.175, -20.52
73.26, 1.174, -20.96
73.27, 1.173, -19.42
73.28, 1.172, -18.53
73.29, 1.171, -19.89
73.30, 1.170, -18.96
73.31, 1.169, -19.53
73.32, 1.168, -18.24
73.33, 1.167, -19.68
73.34, 1.166, -18.69
73.35, 1.165, -17.79
73.36, 1.164, -18.56
73.37, 1.163, -18.16
73.38, 1.162, -18.66
73.39, 1.161, -18.92
73.40, 1.160, -17.35
73.41, 1.159, -17.49
73.42, 1.158, -17.88
73.43, 1.157, -18.06
73.44, 1.156, -16.44
73.45, 1.155, -18.57
73.46, 1.154, -16.02
73.47, 1.153, -18.65
73.48, 1.152, -18.71
73.49, 1.151, -17.43
73.50, 1.150, -16.72
73.51, 1.149, -17.78
73.52, 1.148, -17.25
73.53, 1.147, -17.84
73.54, 1.146, -18.00
73.55, 1.145, -16.27
73.56, 1.144, -17.79
73.57, 1.143, -16.93
73.58, 1.142, -17.40
73.59, 1.141, -16.84
73.60, 1.140, -16.34
73.61, 1.139, -16.77
73.62, 1.138, -17.26
73.63, 1.137, -14.36
73.64, 1.136, -16.60
73.65, 1.135, -16.49
73.66, 1.134, -16.82
73.67, 1.133, -15.10
73.68, 1.132, -16.20
73.69, 1.131, -16.29
73.70, 1.130, -16.04
73.71, 1.129, -14.38
73.72, 1.128, -13.97
73.73, 1.127, -16.65
73.74, 1.126, -15.98
73.75, 1.125, -14.11
73.76, 1.124, -13.71
73.77, 1.123, -13.90
73.78, 1.122, -14.13
73.79, 1.121, -13.93
73.80, 1.120, -15.65
73.81, 1.119, -13.33
73.82, 1.118, -13.19
73.83, 1.117, -13.57
73.84, 1.116, -14.23
73.85, 1.115, -12.97
73.86, 1.114, -11.18
73.87, 1.113, -13.01
73.88, 1.112, -12.72
73.89, 1.111, -13.63
73.90, 1.110, -12.78
73.91, 1.109, -13.05
73.92, 1.108, -13.77
73.93, 1.107, -14.62
73.94, 1.106, -12.56
73.95, 1.105, -14.02
73.96, 1.104, -14.67
73.97, 1.103, -12.43
73.98, 1.102, -12.25
73.99, 1.101, -14.24
74.00, 1.100, -13.52
74.01, 1.099, -15.09
74.02, 1.098, -13.94
74.03, 1.097, -13.45
74.04, 1.096, -14.30
74.05, 1.095, -11.77
74.06, 1.094, -12.44
74.07, 1.093, -12.10
74.08, 1.092, -12.85
74.09, 1.091, -12.50
74.10, 1.090, -13.56
74.11, 1.089, -12.33
74.12, 1.088, -12.07
74.13, 1.087, -12.04
74.14, 1.086, -12.20
74.15, 1.085, -12.98
74.16, 1.084, -11.58
74.17, 1.083, -12.47
74.18, 1.082, -12.24
74.19, 1.081, -11.52
74.20, 1.080, -11.85
74.21, 1.079, -11.69
74.22, 1.078, -11.01
74.23, 1.077, -10.80
74.24, 1.076, -11.51
74.25, 1.075, -12.29
74.26, 1.074, -12.65
74.27, 1.073, -11.33
74.28, 1.072, -10.43
74.29, 1.071, -10.47
74.30, 1.070, -11.30
74.31, 1.069, -12.86
74.32, 1.068, -12.78
74.33, 1.067, -11.87
74.34, 1.066, -13.37
74.35, 1.065, -10.67
74.36, 1.064, -11.31
74.37, 1.063, -10.57
74.38, 1.062, -11.47
74.39, 1.061, -12.03
74.40, 1.060, -12.16
74.41, 1.059, -10.21
74.42, 1.058, -10.65
74.43, 1.057, -13.16
74.44, 1.056, -10.92
74.45, 1.055, -10.32
74.46, 1.054, -11.30
74.47, 1.053, -10.35
74.48, 1.052, -11.36
74.49, 1.051, -10.50
74.50, 1.050, -10.04
74.51, 1.049, -11.16
74.52, 1.048, -9.264
74.53, 1.047, -8.952
74.54, 1.046, -9.248
74.55, 1.045, -11.16
74.56, 1.044, -11.09
74.57, 1.043, -8.997
74.58, 1.042, -9.708
74.59, 1.041, -9.755
74.60, 1.040, -10.88
74.61, 1.039, -9.393
74.62, 1.038, -8.965
74.63, 1.037, -8.997
74.64, 1.036, -9.791
74.65, 1.035, -9.679
74.66, 1.034, -7.992
74.67, 1.033, -8.707
74.68, 1.032, -9.773
74.69, 1.031, -9.395
74.70, 1.030, -9.004
74.71, 1.029, -8.831
74.72, 1.028, -10.96
74.73, 1.027, -9.131
74.74, 1.026, -10.59
74.75, 1.025, -9.529
74.76, 1.024, -9.134
74.77, 1.023, -10.55
74.78, 1.022, -10.52
74.79, 1.021, -10.26
74.80, 1.020, -11.40
74.81, 1.019, -9.936
74.82, 1.018, -9.196
74.83, 1.017, -11.13
74.84, 1.016, -9.106
74.85, 1.015, -9.270
74.86, 1.014, -8.709
74.87, 1.013, -11.22
74.88, 1.012, -9.275
74.89, 1.011, -9.974
74.90, 1.010, -8.453
74.91, 1.009, -9.381
74.92, 1.008, -9.802
74.93, 1.007, -10.70
74.94, 1.006, -10.45
74.95, 1.005, -9.065
74.96, 1.004, -9.541
74.97, 1.003, -8.313
74.98, 1.002, -9.665
74.99, 1.001, -10.72
75.00, 1.000, -7.279
75.01, 0.9990, -9.017
75.02, 0.9980, -7.134
75.03, 0.9970, -7.787
75.04, 0.9960, -9.458
75.05, 0.9950, -9.019
75.06, 0.9940, -9.087
75.07, 0.9930, -8.440
75.08, 0.9920, -8.671
75.09, 0.9910, -7.310
75.10, 0.9900, -9.048
75.11, 0.9890, -7.883
75.12, 0.9880, -7.520
75.13, 0.9870, -8.845
75.14, 0.9860, -10.74
75.15, 0.9850, -8.367
75.16, 0.9840, -9.294
75.17, 0.9830, -9.949
75.18, 0.9820, -9.442
75.19, 0.9810, -10.08
75.20, 0.9800, -10.27
75.21, 0.9790, -8.442
75.22, 0.9780, -9.586
75.23, 0.9770, -8.454
75.24, 0.9760, -9.587
75.25, 0.9750, -10.27
75.26, 0.9740, -7.986
75.27, 0.9730, -9.686
75.28, 0.9720, -10.04
75.29, 0.9710, -8.470
75.30, 0.9700, -9.015
75.31, 0.9690, -8.748
75.32, 0.9680, -9.258
75.33, 0.9670, -8.080
75.34, 0.9660, -11.00
75.35, 0.9650, -8.600
75.36, 0.9640, -8.713
75.37, 0.9630, -7.372
75.38, 0.9620, -7.897
75.39, 0.9610, -7.614
75.40, 0.9600, -9.115
75.41, 0.9590, -7.023
75.42, 0.9580, -7.620
75.43, 0.9570, -7.460
75.44, 0.9560, -6.909
75.45, 0.9550, -7.991
75.46, 0.9540, -9.229
75.47, 0.9530, -7.703
75.48, 0.9520, -6.888
75.49, 0.9510, -7.080
75.50, 0.9500, -6.632
75.51, 0.9490, -7.819
75.52, 0.9480, -7.375
75.53, 0.9470, -8.616
75.54, 0.9460, -7.662
75.55, 0.9450, -6.727
75.56, 0.9440, -8.867
75.57, 0.9430, -7.485
75.58, 0.9420, -8.336
75.59, 0.9410, -8.506
75.60, 0.9400, -9.737
75.61, 0.9390, -7.727
75.62, 0.9380, -6.967
75.63, 0.9370, -8.170
75.64, 0.9360, -7.715
75.65, 0.9350, -7.450
75.66, 0.9340, -8.529
75.67, 0.9330, -7.412
75.68, 0.9320, -8.977
75.69, 0.9310, -7.477
75.70, 0.9300, -8.143
75.71, 0.9290, -7.186
75.72, 0.9280, -8.129
75.73, 0.9270, -7.140
75.74, 0.9260, -7.911
75.75, 0.9250, -7.687
75.76, 0.9240, -8.465
75.77, 0.9230, -7.520
75.78, 0.9220, -5.979
75.79, 0.9210, -6.935
75.80, 0.9200, -7.558
75.81, 0.9190, -6.646
75.82, 0.9180, -8.466
75.83, 0.9170, -7.765
75.84, 0.9160, -7.475
75.85, 0.9150, -6.005
75.86, 0.9140, -7.048
75.87, 0.9130, -6.705
75.88, 0.9120, -6.562
75.89, 0.9110, -5.572
75.90, 0.9100, -6.819
75.91, 0.9090, -7.542
75.92, 0.9080, -6.692
75.93, 0.9070, -8.375
75.94, 0.9060, -6.011
75.95, 0.9050, -7.735
75.96, 0.9040, -7.744
75.97, 0.9030, -7.474
75.98, 0.9020, -7.449
75.99, 0.9010, -7.914
76.00, 0.9000, -8.058
76.01, 0.8990, -7.198
76.02, 0.8980, -9.114
76.03, 0.8970, -8.453
76.04, 0.8960, -8.061
76.05, 0.8950, -8.426
76.06, 0.8940, -9.586
76.07, 0.8930, -8.657
76.08, 0.8920, -6.995
76.09, 0.8910, -6.858
76.10, 0.8900, -8.130
76.11, 0.8890, -7.620
76.12, 0.8880, -8.781
76.13, 0.8870, -7.442
76.14, 0.8860, -7.237
76.15, 0.8850, -7.600
76.16, 0.8840, -7.593
76.17, 0.8830, -6.858
76.18, 0.8820, -6.692
76.19, 0.8810, -7.105
76.20, 0.8800, -7.489
76.21, 0.8790, -7.151
76.22, 0.8780, -6.092
76.23, 0.8770, -8.244
76.24, 0.8760, -6.134
76.25, 0.8750, -6.722
76.26, 0.8740, -6.119
76.27, 0.8730, -6.138
76.28, 0.8720, -7.622
76.29, 0.8710, -6.139
76.30, 0.8700, -6.060
76.31, 0.8690, -6.722
76.32, 0.8680, -8.034
76.33, 0.8670, -5.978
76.34, 0.8660, -6.604
76.35, 0.8650, -6.984
76.36, 0.8640, -7.087
76.37, 0.8630, -6.627
76.38, 0.8620, -8.159
76.39, 0.8610, -7.200
76.40, 0.8600, -6.182
76.41, 0.8590, -8.309
76.42, 0.8580, -7.925
76.43, 0.8570, -9.938
76.44, 0.8560, -8.220
76.45, 0.8550, -6.738
76.46, 0.8540, -8.860
76.47, 0.8530, -8.901
76.48, 0.8520, -8.165
76.49, 0.8510, -7.369
76.50, 0.8500, -8.191
76.51, 0.8490, -8.375
76.52, 0.8480, -8.218
76.53, 0.8470, -8.661
76.54, 0.8460, -8.626
76.55, 0.8450, -6.286
76.56, 0.8440, -7.975
76.57, 0.8430, -6.213
76.58, 0.8420, -6.742
76.59, 0.8410, -7.585
76.60, 0.8400, -7.857
76.61, 0.8390, -7.222
76.62, 0.8380, -6.845
76.63, 0.8370, -7.868
76.64, 0.8360, -5.840
76.65, 0.8350, -6.895
76.66, 0.8340, -6.989
76.67, 0.8330, -7.320
76.68, 0.8320, -6.426
76.69, 0.8310, -5.634
76.70, 0.8300, -6.045
76.71, 0.8290, -6.526
76.72, 0.8280, -6.899
76.73, 0.8270, -7.631
76.74, 0.8260, -6.826
76.75, 0.8250, -6.151
76.76, 0.8240, -6.033
76.77, 0.8230, -6.321
76.78, 0.8220, -6.747
76.79, 0.8210, -6.303
76.80, 0.8200, -6.070
76.81, 0.8190, -6.827
76.82, 0.8180, -7.884
76.83, 0.8170, -7.170
76.84, 0.8160, -8.570
76.85, 0.8150, -6.749
76.86, 0.8140, -6.495
76.87, 0.8130, -6.424
76.88, 0.8120, -8.129
76.89, 0.8110, -8.281
76.90, 0.8100, -6.627
76.91, 0.8090, -7.520
76.92, 0.8080, -7.581
76.93, 0.8070, -6.403
76.94, 0.8060, -8.188
76.95, 0.8050, -7.753
76.96, 0.8040, -7.819
76.97, 0.8030, -6.960
76.98, 0.8020, -6.693
76.99, 0.8010, -6.456
77.00, 0.8000, -6.686
77.01, 0.7990, -6.594
77.02, 0.7980, -6.472
77.03, 0.7970, -7.287
77.04, 0.7960, -6.620
77.05, 0.7950, -5.866
77.06, 0.7940, -6.551
77.07, 0.7930, -5.696
77.08, 0.7920, -5.972
77.09, 0.7910, -5.910
77.10, 0.7900, -5.024
77.11, 0.7890, -6.265
77.12, 0.7880, -4.661
77.13, 0.7870, -6.179
77.14, 0.7860, -5.682
77.15, 0.7850, -6.231
77.16, 0.7840, -5.159
77.17, 0.7830, -5.809
77.18, 0.7820, -3.809
77.19, 0.7810, -5.350
77.20, 0.7800, -5.336
77.21, 0.7790, -7.142
77.22, 0.7780, -5.686
77.23, 0.7770, -6.925
77.24, 0.7760, -6.084
77.25, 0.7750, -6.717
77.26, 0.7740, -7.241
77.27, 0.7730, -6.885
77.28, 0.7720, -7.314
77.29, 0.7710, -6.959
77.30, 0.7700, -4.608
77.31, 0.7690, -5.811
77.32, 0.7680, -5.240
77.33, 0.7670, -6.386
77.34, 0.7660, -7.444
77.35, 0.7650, -6.802
77.36, 0.7640, -6.112
77.37, 0.7630, -5.825
77.38, 0.7620, -7.107
77.39, 0.7610, -7.075
77.40, 0.7600, -6.313
77.41, 0.7590, -6.337
77.42, 0.7580, -4.759
77.43, 0.7570, -5.513
77.44, 0.7560, -6.355
77.45, 0.7550, -5.762
77.46, 0.7540, -5.749
77.47, 0.7530, -5.254
77.48, 0.7520, -6.794
77.49, 0.7510, -7.740
77.50, 0.7500, -7.230
77.51, 0.7490, -5.484
77.52, 0.7480, -6.659
77.53, 0.7470, -6.995
77.54, 0.7460, -7.043
77.55, 0.7450, -6.280
77.56, 0.7440, -7.752
77.57, 0.7430, -6.730
77.58, 0.7420, -4.866
77.59, 0.7410, -6.144
77.60, 0.7400, -6.345
77.61, 0.7390, -7.741
77.62, 0.7380, -5.158
77.63, 0.7370, -5.735
77.64, 0.7360, -6.320
77.65, 0.7350, -5.945
77.66, 0.7340, -7.284
77.67, 0.7330, -6.864
77.68, 0.7320, -7.467
77.69, 0.7310, -6.637
77.70, 0.7300, -7.019
77.71, 0.7290, -6.348
77.72, 0.7280, -7.800
77.73, 0.7270, -7.591
77.74, 0.7260, -7.087
77.75, 0.7250, -8.059
77.76, 0.7240, -6.586
77.77, 0.7230, -6.323
77.78, 0.7220, -8.744
77.79, 0.7210, -8.300
77.80, 0.7200, -6.992
77.81, 0.7190, -6.580
77.82, 0.7180, -5.410
77.83, 0.7170, -6.815
77.84, 0.7160, -6.637
77.85, 0.7150, -6.097
77.86, 0.7140, -6.396
77.87, 0.7130, -8.176
77.88, 0.7120, -6.497
77.89, 0.7110, -6.063
77.90, 0.7100, -6.449
77.91, 0.7090, -6.879
77.92, 0.7080, -8.309
77.93, 0.7070, -6.393
77.94, 0.7060, -6.625
77.95, 0.7050, -7.190
77.96, 0.7040, -6.456
77.97, 0.7030, -7.206
77.98, 0.7020, -6.364
77.99, 0.7010, -7.382
78.00, 0.7000, -6.702
78.01, 0.6990, -7.244
78.02, 0.6980, -6.444
78.03, 0.6970, -6.761
78.04, 0.6960, -7.464
78.05, 0.6950, -6.312
78.06, 0.6940, -5.995
78.07, 0.6930, -7.138
78.08, 0.6920, -6.526
78.09, 0.6910, -7.040
78.10, 0.6900, -7.757
78.11, 0.6890, -7.183
78.12, 0.6880, -6.883
78.13, 0.6870, -8.238
78.14, 0.6860, -7.179
78.15, 0.6850, -7.275
78.16, 0.6840, -8.303
78.17, 0.6830, -6.272
78.18, 0.6820, -6.728
78.19, 0.6810, -7.446
78.20, 0.6800, -6.446
78.21, 0.6790, -7.119
78.22, 0.6780, -7.950
78.23, 0.6770, -7.385
78.24, 0.6760, -6.312
78.25, 0.6750, -6.074
78.26, 0.6740, -7.295
78.27, 0.6730, -6.262
78.28, 0.6720, -5.369
78.29, 0.6710, -7.168
78.30, 0.6700, -6.025
78.31, 0.6690, -5.843
78.32, 0.6680, -5.435
78.33, 0.6670, -5.790
78.34, 0.6660, -5.693
78.35, 0.6650, -4.813
78.36, 0.6640, -5.501
78.37, 0.6630, -4.777
78.38, 0.6620, -6.459
78.39, 0.6610, -6.360
78.40, 0.6600, -6.306
78.41, 0.6590, -5.966
78.42, 0.6580, -5.576
78.43, 0.6570, -6.044
78.44, 0.6560, -5.978
78.45, 0.6550, -6.501
78.46, 0.6540, -6.065
78.47, 0.6530, -5.470
78.48, 0.6520, -6.614
78.49, 0.6510, -6.375
78.50, 0.6500, -6.422
78.51, 0.6490, -7.086
78.52, 0.6480, -6.373
78.53, 0.6470, -6.310
78.54, 0.6460, -7.000
78.55, 0.6450, -6.170
78.56, 0.6440, -7.910
78.57, 0.6430, -8.203
78.58, 0.6420, -7.756
78.59, 0.6410, -7.595
78.60, 0.6400, -8.387
78.61, 0.6390, -7.733
78.62, 0.6380, -7.308
78.63, 0.6370, -7.622
78.64, 0.6360, -7.802
78.65, 0.6350, -6.675
78.66, 0.6340, -7.502
78.67, 0.6330, -6.246
78.68, 0.6320, -7.079
78.69, 0.6310, -6.182
78.70, 0.6300, -7.608
78.71, 0.6290, -7.716
78.72, 0.6280, -5.974
78.73, 0.6270, -6.094
78.74, 0.6260, -7.555
78.75, 0.6250, -6.862
78.76, 0.6240, -5.709
78.77, 0.6230, -6.154
78.78, 0.6220, -6.159
78.79, 0.6210, -5.995
78.80, 0.6200, -6.573
78.81, 0.6190, -6.491
78.82, 0.6180, -4.945
78.83, 0.6170, -5.369
78.84, 0.6160, -7.008
78.85, 0.6150, -6.513
78.86, 0.6140, -5.689
78.87, 0.6130, -5.583
78.88, 0.6120, -5.559
78.89, 0.6110, -5.325
78.90, 0.6100, -6.632
78.91, 0.6090, -7.012
78.92, 0.6080, -5.675
78.93, 0.6070, -5.831
78.94, 0.6060, -4.710
78.95, 0.6050, -6.361
78.96, 0.6040, -7.830
78.97, 0.6030, -5.848
78.98, 0.6020, -7.269
78.99, 0.6010, -6.511
79.00, 0.6000, -6.510
79.01, 0.5990, -7.314
79.02, 0.5980, -6.900
79.03, 0.5970, -6.812
79.04, 0.5960, -6.766
79.05, 0.5950, -6.518
79.06, 0.5940, -6.213
79.07, 0.5930, -7.492
79.08, 0.5920, -7.058
79.09, 0.5910, -6.934
79.10, 0.5900, -5.748
79.11, 0.5890, -6.444
79.12, 0.5880, -6.812
79.13, 0.5870, -6.907
79.14, 0.5860, -6.584
79.15, 0.5850, -6.397
79.16, 0.5840, -7.852
79.17, 0.5830, -6.429
79.18, 0.5820, -6.444
79.19, 0.5810, -7.539
79.20, 0.5800, -6.551
79.21, 0.5790, -6.754
79.22, 0.5780, -5.790
79.23, 0.5770, -6.273
79.24, 0.5760, -7.552
79.25, 0.5750, -6.753
79.26, 0.5740, -5.966
79.27, 0.5730, -7.074
79.28, 0.5720, -7.072
79.29, 0.5710, -7.208
79.30, 0.5700, -7.828
79.31, 0.5690, -6.843
79.32, 0.5680, -7.199
79.33, 0.5670, -6.202
79.34, 0.5660, -6.655
79.35, 0.5650, -8.008
79.36, 0.5640, -7.180
79.37, 0.5630, -6.299
79.38, 0.5620, -7.449
79.39, 0.5610, -7.022
79.40, 0.5600, -6.975
79.41, 0.5590, -7.679
79.42, 0.5580, -6.949
79.43, 0.5570, -6.744
79.44, 0.5560, -6.206
79.45, 0.5550, -7.758
79.46, 0.5540, -8.061
79.47, 0.5530, -7.841
79.48, 0.5520, -6.464
79.49, 0.5510, -7.336
79.50, 0.5500, -6.414
79.51, 0.5490, -7.630
79.52, 0.5480, -7.893
79.53, 0.5470, -5.275
79.54, 0.5460, -6.981
79.55, 0.5450, -6.893
79.56, 0.5440, -6.810
79.57, 0.5430, -5.526
79.58, 0.5420, -6.604
79.59, 0.5410, -8.169
79.60, 0.5400, -7.143
79.61, 0.5390, -7.028
79.62, 0.5380, -5.512
79.63, 0.5370, -7.422
79.64, 0.5360, -5.964
79.65, 0.5350, -5.517
79.66, 0.5340, -5.591
79.67, 0.5330, -5.978
79.68, 0.5320, -5.232
79.69, 0.5310, -5.952
79.70, 0.5300, -6.252
79.71, 0.5290, -4.465
79.72, 0.5280, -6.183
79.73, 0.5270, -6.759
79.74, 0.5260, -5.362
79.75, 0.5250, -5.828
79.76, 0.5240, -6.835
79.77, 0.5230, -5.978
79.78, 0.5220, -7.673
79.79, 0.5210, -6.376
79.80, 0.5200, -6.760
79.81, 0.5190, -6.135
79.82, 0.5180, -7.498
79.83, 0.5170, -7.574
79.84, 0.5160, -6.305
79.85, 0.5150, -7.105
79.86, 0.5140, -7.645
79.87, 0.5130, -6.565
79.88, 0.5120, -5.386
79.89, 0.5110, -6.115
79.90, 0.5100, -5.992
79.91, 0.5090, -5.436
79.92, 0.5080, -5.250
79.93, 0.5070, -6.000
79.94, 0.5060, -7.407
79.95, 0.5050, -8.317
79.96, 0.5040, -6.574
79.97, 0.5030, -7.613
79.98, 0.5020, -5.885
79.99, 0.5010, -7.177
80.00, 0.5000, -6.521
80.01, 0.4990, -5.986
80.02, 0.4980, -7.173
80.03, 0.4970, -5.735
80.04, 0.4960, -7.355
80.05, 0.4950, -6.202
80.06, 0.4940, -6.683
80.07, 0.4930, -5.899
80.08, 0.4920, -6.540
80.09, 0.4910, -6.578
80.10, 0.4900, -6.745
80.11, 0.4890, -5.672
80.12, 0.4880, -8.507
80.13, 0.4870, -6.052
80.14, 0.4860, -6.902
80.15, 0.4850, -7.400
80.16, 0.4840, -6.709
80.17, 0.4830, -6.173
80.18, 0.4820, -6.399
80.19, 0.4810, -6.808
80.20, 0.4800, -8.795
80.21, 0.4790, -8.216
80.22, 0.4780, -7.702
80.23, 0.4770, -8.617
80.24, 0.4760, -7.405
80.25, 0.4750, -6.795
80.26, 0.4740, -8.838
80.27, 0.4730, -6.341
80.28, 0.4720, -7.504
80.29, 0.4710, -7.229
80.30, 0.4700, -7.786
80.31, 0.4690, -5.875
80.32, 0.4680, -7.252
80.33, 0.4670, -8.116
80.34, 0.4660, -6.437
80.35, 0.4650, -7.212
80.36, 0.4640, -6.077
80.37, 0.4630, -7.579
80.38, 0.4620, -8.245
80.39, 0.4610, -6.144
80.40, 0.4600, -6.766
80.41, 0.4590, -7.889
80.42, 0.4580, -6.381
80.43, 0.4570, -6.720
80.44, 0.4560, -6.738
80.45, 0.4550, -6.559
80.46, 0.4540, -6.340
80.47, 0.4530, -6.641
80.48, 0.4520, -5.480
80.49, 0.4510, -7.347
80.50, 0.4500, -7.684
80.51, 0.4490, -6.235
80.52, 0.4480, -6.885
80.53, 0.4470, -6.121
80.54, 0.4460, -6.977
80.55, 0.4450, -6.600
80.56, 0.4440, -6.596
80.57, 0.4430, -7.039
80.58, 0.4420, -6.341
80.59, 0.4410, -5.793
80.60, 0.4400, -6.103
80.61, 0.4390, -6.585
80.62, 0.4380, -6.381
80.63, 0.4370, -6.385
80.64, 0.4360, -6.795
80.65, 0.4350, -6.970
80.66, 0.4340, -6.882
80.67, 0.4330, -7.152
80.68, 0.4320, -7.701
80.69, 0.4310, -7.779
80.70, 0.4300, -6.306
80.71, 0.4290, -7.193
80.72, 0.4280, -6.288
80.73, 0.4270, -6.475
80.74, 0.4260, -6.702
80.75, 0.4250, -6.721
80.76, 0.4240, -7.484
80.77, 0.4230, -6.103
80.78, 0.4220, -6.378
80.79, 0.4210, -6.922
80.80, 0.4200, -6.825
80.81, 0.4190, -6.689
80.82, 0.4180, -7.387
80.83, 0.4170, -6.821
80.84, 0.4160, -7.250
80.85, 0.4150, -7.572
80.86, 0.4140, -7.650
80.87, 0.4130, -8.479
80.88, 0.4120, -7.364
80.89, 0.4110, -7.391
80.90, 0.4100, -6.510
80.91, 0.4090, -7.688
80.92, 0.4080, -6.789
80.93, 0.4070, -7.066
80.94, 0.4060, -6.842
80.95, 0.4050, -7.418
80.96, 0.4040, -6.944
80.97, 0.4030, -6.902
80.98, 0.4020, -6.694
80.99, 0.4010, -6.735
81.00, 0.4000, -6.999
81.01, 0.3990, -6.309
81.02, 0.3980, -7.093
81.03, 0.3970, -7.769
81.04, 0.3960, -7.804
81.05, 0.3950, -7.926
81.06, 0.3940, -8.082
81.07, 0.3930, -8.255
81.08, 0.3920, -8.952
81.09, 0.3910, -7.701
81.10, 0.3900, -7.651
81.11, 0.3890, -7.501
81.12, 0.3880, -6.488
81.13, 0.3870, -8.008
81.14, 0.3860, -8.334
81.15, 0.3850, -7.285
81.16, 0.3840, -7.192
81.17, 0.3830, -7.914
81.18, 0.3820, -8.587
81.19, 0.3810, -6.760
81.20, 0.3800, -7.744
81.21, 0.3790, -7.230
81.22, 0.3780, -8.295
81.23, 0.3770, -7.162
81.24, 0.3760, -7.289
81.25, 0.3750, -7.394
81.26, 0.3740, -7.032
81.27, 0.3730, -7.862
81.28, 0.3720, -6.558
81.29, 0.3710, -6.563
81.30, 0.3700, -6.484
81.31, 0.3690, -7.190
81.32, 0.3680, -6.073
81.33, 0.3670, -6.371
81.34, 0.3660, -6.554
81.35, 0.3650, -7.433
81.36, 0.3640, -6.592
81.37, 0.3630, -6.672
81.38, 0.3620, -7.113
81.39, 0.3610, -6.681
81.40, 0.3600, -6.349
81.41, 0.3590, -6.894
81.42, 0.3580, -5.866
81.43, 0.3570, -6.067
81.44, 0.3560, -6.868
81.45, 0.3550, -6.405
81.46, 0.3540, -6.381
81.47, 0.3530, -6.869
81.48, 0.3520, -7.497
81.49, 0.3510, -7.213
81.50, 0.3500, -7.323
81.51, 0.3490, -7.146
81.52, 0.3480, -7.269
81.53, 0.3470, -7.335
81.54, 0.3460, -8.024
81.55, 0.3450, -8.118
81.56, 0.3440, -6.578
81.57, 0.3430, -7.080
81.58, 0.3420, -7.023
81.59, 0.3410, -8.044
81.60, 0.3400, -7.196
81.61, 0.3390, -8.530
81.62, 0.3380, -7.298
81.63, 0.3370, -6.989
81.64, 0.3360, -8.099
81.65, 0.3350, -7.013
81.66, 0.3340, -8.452
81.67, 0.3330, -6.789
81.68, 0.3320, -8.785
81.69, 0.3310, -7.769
81.70, 0.3300, -7.041
81.71, 0.3290, -8.068
81.72, 0.3280, -7.373
81.73, 0.3270, -7.282
81.74, 0.3260, -7.296
81.75, 0.3250, -7.557
81.76, 0.3240, -7.510
81.77, 0.3230, -7.621
81.78, 0.3220, -6.821
81.79, 0.3210, -7.785
81.80, 0.3200, -6.819
81.81, 0.3190, -7.514
81.82, 0.3180, -7.100
81.83, 0.3170, -6.512
81.84, 0.3160, -8.086
81.85, 0.3150, -7.007
81.86, 0.3140, -7.361
81.87, 0.3130, -7.054
81.88, 0.3120, -7.774
81.89, 0.3110, -8.025
81.90, 0.3100, -8.963
81.91, 0.3090, -7.804
81.92, 0.3080, -8.835
81.93, 0.3070, -7.518
81.94, 0.3060, -9.208
81.95, 0.3050, -7.793
81.96, 0.3040, -8.844
81.97, 0.3030, -7.208
81.98, 0.3020, -9.662
81.99, 0.3010, -7.639
82.00, 0.3000, -7.217
82.01, 0.2990, -7.420
82.02, 0.2980, -7.787
82.03, 0.2970, -6.780
82.04, 0.2960, -7.546
82.05, 0.2950, -7.058
82.06, 0.2940, -8.753
82.07, 0.2930, -8.419
82.08, 0.2920, -7.108
82.09, 0.2910, -7.792
82.10, 0.2900, -8.055
82.11, 0.2890, -9.445
82.12, 0.2880, -7.722
82.13, 0.2870, -7.193
82.14, 0.2860, -7.620
82.15, 0.2850, -7.894
82.16, 0.2840, -8.045
82.17, 0.2830, -7.070
82.18, 0.2820, -7.905
82.19, 0.2810, -7.656
82.20, 0.2800, -7.063
82.21, 0.2790, -6.731
82.22, 0.2780, -8.073
82.23, 0.2770, -8.901
82.24, 0.2760, -8.024
82.25, 0.2750, -7.898
82.26, 0.2740, -7.203
82.27, 0.2730, -7.796
82.28, 0.2720, -8.139
82.29, 0.2710, -8.854
82.30, 0.2700, -7.601
82.31, 0.2690, -8.194
82.32, 0.2680, -9.210
82.33, 0.2670, -8.719
82.34, 0.2660, -7.705
82.35, 0.2650, -9.289
82.36, 0.2640, -8.915
82.37, 0.2630, -9.195
82.38, 0.2620, -7.731
82.39, 0.2610, -9.461
82.40, 0.2600, -7.801
82.41, 0.2590, -8.733
82.42, 0.2580, -8.037
82.43, 0.2570, -9.835
82.44, 0.2560, -8.302
82.45, 0.2550, -10.03
82.46, 0.2540, -8.254
82.47, 0.2530, -9.070
82.48, 0.2520, -9.133
82.49, 0.2510, -8.534
82.50, 0.2500, -7.829
82.51, 0.2490, -9.094
82.52, 0.2480, -8.886
82.53, 0.2470, -7.895
82.54, 0.2460, -8.395
82.55, 0.2450, -9.099
82.56, 0.2440, -8.428
82.57, 0.2430, -8.816
82.58, 0.2420, -8.130
82.59, 0.2410, -8.767
82.60, 0.2400, -8.503
82.61, 0.2390, -7.955
82.62, 0.2380, -8.844
82.63, 0.2370, -7.896
82.64, 0.2360, -7.602
82.65, 0.2350, -8.159
82.66, 0.2340, -8.233
82.67, 0.2330, -8.419
82.68, 0.2320, -7.753
82.69, 0.2310, -8.461
82.70, 0.2300, -7.955
82.71, 0.2290, -8.182
82.72, 0.2280, -8.642
82.73, 0.2270, -8.519
82.74, 0.2260, -8.784
82.75, 0.2250, -8.965
82.76, 0.2240, -8.253
82.77, 0.2230, -8.265
82.78, 0.2220, -9.444
82.79, 0.2210, -8.714
82.80, 0.2200, -8.869
82.81, 0.2190, -7.464
82.82, 0.2180, -6.824
82.83, 0.2170, -8.823
82.84, 0.2160, -7.864
82.85, 0.2150, -6.996
82.86, 0.2140, -8.671
82.87, 0.2130, -7.235
82.88, 0.2120, -7.437
82.89, 0.2110, -7.690
82.90, 0.2100, -7.586
82.91, 0.2090, -7.213
82.92, 0.2080, -7.634
82.93, 0.2070, -6.914
82.94, 0.2060, -6.841
82.95, 0.2050, -7.690
82.96, 0.2040, -7.465
82.97, 0.2030, -7.979
82.98, 0.2020, -8.294
82.99, 0.2010, -8.207
83.00, 0.2000, -6.583
83.01, 0.1990, -7.334
83.02, 0.1980, -7.189
83.03, 0.1970, -8.763
83.04, 0.1960, -7.750
83.05, 0.1950, -7.779
83.06, 0.1940, -7.404
83.07, 0.1930, -6.377
83.08, 0.1920, -7.874
83.09, 0.1910, -8.147
83.10, 0.1900, -7.243
83.11, 0.1890, -7.116
83.12, 0.1880, -7.438
83.13, 0.1870, -7.779
83.14, 0.1860, -7.642
83.15, 0.1850, -7.395
83.16, 0.1840, -8.915
83.17, 0.1830, -9.344
83.18, 0.1820, -8.886
83.19, 0.1810, -8.363
83.20, 0.1800, -8.405
83.21, 0.1790, -8.774
83.22, 0.1780, -9.054
83.23, 0.1770, -9.604
83.24, 0.1760, -9.662
83.25, 0.1750, -9.612
83.26, 0.1740, -9.662
83.27, 0.1730, -9.663
83.28, 0.1720, -8.203
83.29, 0.1710, -7.504
83.30, 0.1700, -8.345
83.31, 0.1690, -9.619
83.32, 0.1680, -9.502
83.33, 0.1670, -8.028
83.34, 0.1660, -9.702
83.35, 0.1650, -8.745
83.36, 0.1640, -8.583
83.37, 0.1630, -9.245
83.38, 0.1620, -8.166
83.39, 0.1610, -8.548
83.40, 0.1600, -8.388
83.41, 0.1590, -9.211
83.42, 0.1580, -8.757
83.43, 0.1570, -8.093
83.44, 0.1560, -7.133
83.45, 0.1550, -8.365
83.46, 0.1540, -9.665
83.47, 0.1530, -8.958
83.48, 0.1520, -7.442
83.49, 0.1510, -8.959
83.50, 0.1500, -9.400
83.51, 0.1490, -8.817
83.52, 0.1480, -8.168
83.53, 0.1470, -8.546
83.54, 0.1460, -8.059
83.55, 0.1450, -8.296
83.56, 0.1440, -8.593
83.57, 0.1430, -8.596
83.58, 0.1420, -8.558
83.59, 0.1410, -8.258
83.60, 0.1400, -10.43
83.61, 0.1390, -8.776
83.62, 0.1380, -9.245
83.63, 0.1370, -8.805
83.64, 0.1360, -8.705
83.65, 0.1350, -7.499
83.66, 0.1340, -8.731
83.67, 0.1330, -10.37
83.68, 0.1320, -8.634
83.69, 0.1310, -8.209
83.70, 0.1300, -7.434
83.71, 0.1290, -7.122
83.72, 0.1280, -8.229
83.73, 0.1270, -8.439
83.74, 0.1260, -7.440
83.75, 0.1250, -7.693
83.76, 0.1240, -8.065
83.77, 0.1230, -7.035
83.78, 0.1220, -7.059
83.79, 0.1210, -7.861
83.80, 0.1200, -7.549
83.81, 0.1190, -7.020
83.82, 0.1180, -7.542
83.83, 0.1170, -7.791
83.84, 0.1160, -8.173
83.85, 0.1150, -8.701
83.86, 0.1140, -7.168
83.87, 0.1130, -8.706
83.88, 0.1120, -8.625
83.89, 0.1110, -7.425
83.90, 0.1100, -9.994
83.91, 0.1090, -8.291
83.92, 0.1080, -7.373
83.93, 0.1070, -8.448
83.94, 0.1060, -8.372
83.95, 0.1050, -9.054
83.96, 0.1040, -10.02
83.97, 0.1030, -7.364
83.98, 0.1020, -7.649
83.99, 0.1010, -9.716
84.00, 0.1000, -9.836
84.01, 0.09900, -9.391
84.02, 0.09800, -9.180
84.03, 0.09700, -10.38
84.04, 0.09600, -9.485
84.05, 0.09500, -8.683
84.06, 0.09400, -8.033
84.07, 0.09300, -8.962
84.08, 0.09200, -8.257
84.09, 0.09100, -10.13
84.10, 0.09000, -9.318
84.11, 0.08900, -8.921
84.12, 0.08800, -8.508
84.13, 0.08700, -8.863
84.14, 0.08600, -7.516
84.15, 0.08500, -9.467
84.16, 0.08400, -9.660
84.17, 0.08300, -8.361
84.18, 0.08200, -9.025
84.19, 0.08100, -7.744
84.20, 0.08000, -8.719
84.21, 0.07900, -7.277
84.22, 0.07800, -8.985
84.23, 0.07700, -7.957
84.24, 0.07600, -8.365
84.25, 0.07500, -7.278
84.26, 0.07400, -8.765
84.27, 0.07300, -8.586
84.28, 0.07200, -8.354
84.29, 0.07100, -7.427
84.30, 0.07000, -8.287
84.31, 0.06900, -9.768
84.32, 0.06800, -9.018
84.33, 0.06700, -8.829
84.34, 0.06600, -7.954
84.35, 0.06500, -8.267
84.36, 0.06400, -9.076
84.37, 0.06300, -8.429
84.38, 0.06200, -8.841
84.39, 0.06100, -9.218
84.40, 0.06000, -10.39
84.41, 0.05900, -9.077
84.42, 0.05800, -8.488
84.43, 0.05700, -8.836
84.44, 0.05600, -9.748
84.45, 0.05500, -9.106
84.46, 0.05400, -7.423
84.47, 0.05300, -9.591
84.48, 0.05200, -7.965
84.49, 0.05100, -7.690
84.50, 0.05000, -8.165
84.51, 0.04900, -7.817
84.52, 0.04800, -8.972
84.53, 0.04700, -8.121
84.54, 0.04600, -9.390
84.55, 0.04500, -8.164
84.56, 0.04400, -8.212
84.57, 0.04300, -8.295
84.58, 0.04200, -8.416
84.59, 0.04100, -8.236
84.60, 0.04000, -8.530
84.61, 0.03900, -9.517
84.62, 0.03800, -8.414
84.63, 0.03700, -9.624
84.64, 0.03600, -9.289
84.65, 0.03500, -9.222
84.66, 0.03400, -8.793
84.67, 0.03300, -9.178
84.68, 0.03200, -8.234
84.69, 0.03100, -8.923
84.70, 0.03000, -7.824
84.71, 0.02900, -8.410
84.72, 0.02800, -7.721
84.73, 0.02700, -8.266
84.74, 0.02600, -7.916
84.75, 0.02500, -8.728
84.76, 0.02400, -8.297
84.77, 0.02300, -9.530
84.78, 0.02200, -8.316
84.79, 0.02100, -10.19
84.80, 0.02000, -7.477
84.81, 0.01900, -8.752
84.82, 0.01800, -7.399
84.83, 0.01700, -8.305
84.84, 0.01600, -9.497
84.85, 0.01500, -9.734
84.86, 0.01400, -9.701
84.87, 0.01300, -8.515
84.88, 0.01200, -9.833
84.89, 0.01100, -8.952
84.90, 0.01000, -8.868
84.91, 0.009000, -9.142
84.92, 0.008000, -9.050
84.93, 0.007000, -8.455
84.94, 0.006000, -8.251
84.95, 0.005000, -8.081
84.96, 0.004000, -7.384
84.97, 0.003000, -8.999
84.98, 0.002000, -8.649
84.99, 0.001000, -8.968
85.00, 0.000, -5.763
