0.01000, -0.8000, -6.915
0.02000, -0.8000, -6.547
0.03000, -0.8000, -6.248
0.04000, -0.8000, -7.106
0.05000, -0.8000, -6.215
0.06000, -0.8000, -5.249
0.07000, -0.8000, -6.228
0.08000, -0.8000, -6.645
0.09000, -0.8000, -4.226
0.1000, -0.8000, -3.990
0.1100, -0.8000, -4.936
0.1200, -0.8000, -5.831
0.1300, -0.8000, -4.953
0.1400, -0.8000, -5.701
0.1500, -0.8000, -5.672
0.1600, -0.8000, -5.214
0.1700, -0.8000, -4.509
0.1800, -0.8000, -4.330
0.1900, -0.8000, -4.218
0.2000, -0.8000, -4.741
0.2100, -0.8000, -4.521
0.2200, -0.8000, -6.832
0.2300, -0.8000, -5.717
0.2400, -0.8000, -5.523
0.2500, -0.8000, -5.683
0.2600, -0.8000, -4.856
0.2700, -0.8000, -5.214
0.2800, -0.8000, -4.817
0.2900, -0.8000, -5.229
0.3000, -0.8000, -5.880
0.3100, -0.8000, -5.268
0.3200, -0.8000, -5.041
0.3300, -0.8000, -5.600
0.3400, -0.8000, -4.363
0.3500, -0.8000, -5.141
0.3600, -0.8000, -3.928
0.3700, -0.8000, -7.189
0.3800, -0.8000, -5.491
0.3900, -0.8000, -4.826
0.4000, -0.8000, -4.247
0.4100, -0.8000, -4.410
0.4200, -0.8000, -4.751
0.4300, -0.8000, -5.749
0.4400, -0.8000, -4.507
0.4500, -0.8000, -6.780
0.4600, -0.8000, -4.800
0.4700, -0.8000, -5.378
0.4800, -0.8000, -4.235
0.4900, -0.8000, -5.316
0.5000, -0.8000, -4.478
0.5100, -0.8000, -6.923
0.5200, -0.8000, -5.085
0.5300, -0.8000, -4.659
0.5400, -0.8000, -5.206
0.5500, -0.8000, -4.663
0.5600, -0.8000, -5.021
0.5700, -0.8000, -4.257
0.5800, -0.8000, -5.553
0.5900, -0.8000, -5.952
0.6000, -0.8000, -5.448
0.6100, -0.8000, -4.976
0.6200, -0.8000, -5.565
0.6300, -0.8000, -5.677
0.6400, -0.8000, -4.592
0.6500, -0.8000, -4.759
0.6600, -0.8000, -5.399
0.6700, -0.8000, -5.074
0.6800, -0.8000, -4.634
0.6900, -0.8000, -5.561
0.7000, -0.8000, -4.412
0.7100, -0.8000, -5.494
0.7200, -0.8000, -5.640
0.7300, -0.8000, -5.495
0.7400, -0.8000, -4.953
0.7500, -0.8000, -4.854
0.7600, -0.8000, -4.894
0.7700, -0.8000, -5.224
0.7800, -0.8000, -4.979
0.7900, -0.8000, -5.903
0.8000, -0.8000, -5.798
0.8100, -0.8000, -4.790
0.8200, -0.8000, -5.658
0.8300, -0.8000, -6.034
0.8400, -0.8000, -4.635
0.8500, -0.8000, -5.929
0.8600, -0.8000, -5.442
0.8700, -0.8000, -5.258
0.8800, -0.8000, -4.846
0.8900, -0.8000, -5.553
0.9000, -0.8000, -5.782
0.9100, -0.8000, -4.919
0.9200, -0.8000, -5.316
0.9300, -0.8000, -5.540
0.9400, -0.8000, -4.666
0.9500, -0.8000, -3.927
0.9600, -0.8000, -5.166
0.9700, -0.8000, -4.405
0.9800, -0.8000, -5.009
0.9900, -0.8000, -5.270
1.000, -0.8000, -3.947
1.010, -0.8000, -5.462
1.020, -0.8000, -5.791
1.030, -0.8000, -5.145
1.040, -0.8000, -4.992
1.050, -0.8000, -5.629
1.060, -0.8000, -5.761
1.070, -0.8000, -5.555
1.080, -0.8000, -4.792
1.090, -0.8000, -4.912
1.100, -0.8000, -4.210
1.110, -0.8000, -4.775
1.120, -0.8000, -4.673
1.130, -0.8000, -4.686
1.140, -0.8000, -5.141
1.150, -0.8000, -5.486
1.160, -0.8000, -5.200
1.170, -0.8000, -6.240
1.180, -0.8000, -5.775
1.190, -0.8000, -5.888
1.200, -0.8000, -4.680
1.210, -0.8000, -5.350
1.220, -0.8000, -4.812
1.230, -0.8000, -4.795
1.240, -0.8000, -4.989
1.250, -0.8000, -5.458
1.260, -0.8000, -4.365
1.270, -0.8000, -4.501
1.280, -0.8000, -5.532
1.290, -0.8000, -4.513
1.300, -0.8000, -5.599
1.310, -0.8000, -5.935
1.320, -0.8000, -4.958
1.330, -0.8000, -4.319
1.340, -0.8000, -4.907
1.350, -0.8000, -4.915
1.360, -0.8000, -4.778
1.370, -0.8000, -5.476
1.380, -0.8000, -5.979
1.390, -0.8000, -4.871
1.400, -0.8000, -5.963
1.410, -0.8000, -6.167
1.420, -0.8000, -5.363
1.430, -0.8000, -5.212
1.440, -0.8000, -4.081
1.450, -0.8000, -5.256
1.460, -0.8000, -5.009
1.470, -0.8000, -5.805
1.480, -0.8000, -4.841
1.490, -0.8000, -5.358
1.500, -0.8000, -5.267
1.510, -0.8000, -5.309
1.520, -0.8000, -5.532
1.530, -0.8000, -4.314
1.540, -0.8000, -6.523
1.550, -0.8000, -4.434
1.560, -0.8000, -5.833
1.570, -0.8000, -5.285
1.580, -0.8000, -5.774
1.590, -0.8000, -4.631
1.600, -0.8000, -5.887
1.610, -0.8000, -5.652
1.620, -0.8000, -4.239
1.630, -0.8000, -5.941
1.640, -0.8000, -6.111
1.650, -0.8000, -6.167
1.660, -0.8000, -4.751
1.670, -0.8000, -6.528
1.680, -0.8000, -6.135
1.690, -0.8000, -6.603
1.700, -0.8000, -6.650
1.710, -0.8000, -4.405
1.720, -0.8000, -4.460
1.730, -0.8000, -5.761
1.740, -0.8000, -5.176
1.750, -0.8000, -4.498
1.760, -0.8000, -5.587
1.770, -0.8000, -5.513
1.780, -0.8000, -5.620
1.790, -0.8000, -4.537
1.800, -0.8000, -4.570
1.810, -0.8000, -5.643
1.820, -0.8000, -5.714
1.830, -0.8000, -5.655
1.840, -0.8000, -5.327
1.850, -0.8000, -5.171
1.860, -0.8000, -5.731
1.870, -0.8000, -5.627
1.880, -0.8000, -5.565
1.890, -0.8000, -5.077
1.900, -0.8000, -5.652
1.910, -0.8000, -6.072
1.920, -0.8000, -4.300
1.930, -0.8000, -4.825
1.940, -0.8000, -5.365
1.950, -0.8000, -4.431
1.960, -0.8000, -5.502
1.970, -0.8000, -6.030
1.980, -0.8000, -6.462
1.990, -0.8000, -4.232
2.000, -0.8000, -4.800
2.010, -0.8000, -5.042
2.020, -0.8000, -6.101
2.030, -0.8000, -5.391
2.040, -0.8000, -5.073
2.050, -0.8000, -4.810
2.060, -0.8000, -5.407
2.070, -0.8000, -5.549
2.080, -0.8000, -5.636
2.090, -0.8000, -5.089
2.100, -0.8000, -5.047
2.110, -0.8000, -4.325
2.120, -0.8000, -4.845
2.130, -0.8000, -5.617
2.140, -0.8000, -5.510
2.150, -0.8000, -5.120
2.160, -0.8000, -5.835
2.170, -0.8000, -4.941
2.180, -0.8000, -4.396
2.190, -0.8000, -5.125
2.200, -0.8000, -4.693
2.210, -0.8000, -6.053
2.220, -0.8000, -6.421
2.230, -0.8000, -6.906
2.240, -0.8000, -4.196
2.250, -0.8000, -4.949
2.260, -0.8000, -4.948
2.270, -0.8000, -5.235
2.280, -0.8000, -6.096
2.290, -0.8000, -4.183
2.300, -0.8000, -4.965
2.310, -0.8000, -5.428
2.320, -0.8000, -4.620
2.330, -0.8000, -4.052
2.340, -0.8000, -4.743
2.350, -0.8000, -5.579
2.360, -0.8000, -4.583
2.370, -0.8000, -4.963
2.380, -0.8000, -6.128
2.390, -0.8000, -6.182
2.400, -0.8000, -4.985
2.410, -0.8000, -5.456
2.420, -0.8000, -4.059
2.430, -0.8000, -5.426
2.440, -0.8000, -6.270
2.450, -0.8000, -4.666
2.460, -0.8000, -5.711
2.470, -0.8000, -4.871
2.480, -0.8000, -4.983
2.490, -0.8000, -5.682
2.500, -0.8000, -4.538
2.510, -0.8000, -6.363
2.520, -0.8000, -4.340
2.530, -0.8000, -5.719
2.540, -0.8000, -5.910
2.550, -0.8000, -5.312
2.560, -0.8000, -5.090
2.570, -0.8000, -5.011
2.580, -0.8000, -5.268
2.590, -0.8000, -3.882
2.600, -0.8000, -6.587
2.610, -0.8000, -5.227
2.620, -0.8000, -5.913
2.630, -0.8000, -7.119
2.640, -0.8000, -4.774
2.650, -0.8000, -5.234
2.660, -0.8000, -5.106
2.670, -0.8000, -6.227
2.680, -0.8000, -4.356
2.690, -0.8000, -5.541
2.700, -0.8000, -5.852
2.710, -0.8000, -5.540
2.720, -0.8000, -5.287
2.730, -0.8000, -4.614
2.740, -0.8000, -5.596
2.750, -0.8000, -5.751
2.760, -0.8000, -5.561
2.770, -0.8000, -5.922
2.780, -0.8000, -4.985
2.790, -0.8000, -5.345
2.800, -0.8000, -4.901
2.810, -0.8000, -5.810
2.820, -0.8000, -5.950
2.830, -0.8000, -4.432
2.840, -0.8000, -5.557
2.850, -0.8000, -6.198
2.860, -0.8000, -5.746
2.870, -0.8000, -6.547
2.880, -0.8000, -5.879
2.890, -0.8000, -6.524
2.900, -0.8000, -4.553
2.910, -0.8000, -5.492
2.920, -0.8000, -5.038
2.930, -0.8000, -5.046
2.940, -0.8000, -4.683
2.950, -0.8000, -5.596
2.960, -0.8000, -4.186
2.970, -0.8000, -5.566
2.980, -0.8000, -4.434
2.990, -0.8000, -4.820
3.000, -0.8000, -6.666
3.010, -0.8000, -5.240
3.020, -0.8000, -4.752
3.030, -0.8000, -5.062
3.040, -0.8000, -6.148
3.050, -0.8000, -5.252
3.060, -0.8000, -5.919
3.070, -0.8000, -4.754
3.080, -0.8000, -4.824
3.090, -0.8000, -5.007
3.100, -0.8000, -4.567
3.110, -0.8000, -5.346
3.120, -0.8000, -5.151
3.130, -0.8000, -6.281
3.140, -0.8000, -4.829
3.150, -0.8000, -4.401
3.160, -0.8000, -5.260
3.170, -0.8000, -5.843
3.180, -0.8000, -5.565
3.190, -0.8000, -5.491
3.200, -0.8000, -5.896
3.210, -0.8000, -4.236
3.220, -0.8000, -5.454
3.230, -0.8000, -5.929
3.240, -0.8000, -5.986
3.250, -0.8000, -4.576
3.260, -0.8000, -5.342
3.270, -0.8000, -6.009
3.280, -0.8000, -5.859
3.290, -0.8000, -4.492
3.300, -0.8000, -5.391
3.310, -0.8000, -5.112
3.320, -0.8000, -4.634
3.330, -0.8000, -5.859
3.340, -0.8000, -6.608
3.350, -0.8000, -5.623
3.360, -0.8000, -5.093
3.370, -0.8000, -4.736
3.380, -0.8000, -5.503
3.390, -0.8000, -5.489
3.400, -0.8000, -5.130
3.410, -0.8000, -5.836
3.420, -0.8000, -5.017
3.430, -0.8000, -4.690
3.440, -0.8000, -5.091
3.450, -0.8000, -4.628
3.460, -0.8000, -4.911
3.470, -0.8000, -4.682
3.480, -0.8000, -6.107
3.490, -0.8000, -6.010
3.500, -0.8000, -4.850
3.510, -0.8000, -4.243
3.520, -0.8000, -6.880
3.530, -0.8000, -4.681
3.540, -0.8000, -5.025
3.550, -0.8000, -4.172
3.560, -0.8000, -5.791
3.570, -0.8000, -5.109
3.580, -0.8000, -5.253
3.590, -0.8000, -5.347
3.600, -0.8000, -4.465
3.610, -0.8000, -5.269
3.620, -0.8000, -4.803
3.630, -0.8000, -6.251
3.640, -0.8000, -5.043
3.650, -0.8000, -5.224
3.660, -0.8000, -4.712
3.670, -0.8000, -4.842
3.680, -0.8000, -5.285
3.690, -0.8000, -4.395
3.700, -0.8000, -6.342
3.710, -0.8000, -5.293
3.720, -0.8000, -4.430
3.730, -0.8000, -3.957
3.740, -0.8000, -4.697
3.750, -0.8000, -4.834
3.760, -0.8000, -6.170
3.770, -0.8000, -4.954
3.780, -0.8000, -5.605
3.790, -0.8000, -4.861
3.800, -0.8000, -5.702
3.810, -0.8000, -4.527
3.820, -0.8000, -5.472
3.830, -0.8000, -7.065
3.840, -0.8000, -5.769
3.850, -0.8000, -4.910
3.860, -0.8000, -5.236
3.870, -0.8000, -5.099
3.880, -0.8000, -3.105
3.890, -0.8000, -5.763
3.900, -0.8000, -6.555
3.910, -0.8000, -5.140
3.920, -0.8000, -6.156
3.930, -0.8000, -4.995
3.940, -0.8000, -5.069
3.950, -0.8000, -4.388
3.960, -0.8000, -5.405
3.970, -0.8000, -5.574
3.980, -0.8000, -7.094
3.990, -0.8000, -5.400
4.000, -0.8000, -4.373
4.010, -0.8000, -4.702
4.020, -0.8000, -5.617
4.030, -0.8000, -4.684
4.040, -0.8000, -5.801
4.050, -0.8000, -4.620
4.060, -0.8000, -4.911
4.070, -0.8000, -5.013
4.080, -0.8000, -5.552
4.090, -0.8000, -6.260
4.100, -0.8000, -5.366
4.110, -0.8000, -4.563
4.120, -0.8000, -5.821
4.130, -0.8000, -4.111
4.140, -0.8000, -4.937
4.150, -0.8000, -6.367
4.160, -0.8000, -5.962
4.170, -0.8000, -5.762
4.180, -0.8000, -4.197
4.190, -0.8000, -6.229
4.200, -0.8000, -4.610
4.210, -0.8000, -5.824
4.220, -0.8000, -5.490
4.230, -0.8000, -5.742
4.240, -0.8000, -5.409
4.250, -0.8000, -5.264
4.260, -0.8000, -5.194
4.270, -0.8000, -4.765
4.280, -0.8000, -5.402
4.290, -0.8000, -5.979
4.300, -0.8000, -5.242
4.310, -0.8000, -5.295
4.320, -0.8000, -5.655
4.330, -0.8000, -4.499
4.340, -0.8000, -6.383
4.350, -0.8000, -5.408
4.360, -0.8000, -5.988
4.370, -0.8000, -5.518
4.380, -0.8000, -4.806
4.390, -0.8000, -4.521
4.400, -0.8000, -5.309
4.410, -0.8000, -4.777
4.420, -0.8000, -6.026
4.430, -0.8000, -5.363
4.440, -0.8000, -5.269
4.450, -0.8000, -4.413
4.460, -0.8000, -3.937
4.470, -0.8000, -4.427
4.480, -0.8000, -6.107
4.490, -0.8000, -5.100
4.500, -0.8000, -4.578
4.510, -0.8000, -6.034
4.520, -0.8000, -4.273
4.530, -0.8000, -5.539
4.540, -0.8000, -5.338
4.550, -0.8000, -5.970
4.560, -0.8000, -5.675
4.570, -0.8000, -5.391
4.580, -0.8000, -4.079
4.590, -0.8000, -5.975
4.600, -0.8000, -7.016
4.610, -0.8000, -5.251
4.620, -0.8000, -6.405
4.630, -0.8000, -5.273
4.640, -0.8000, -4.721
4.650, -0.8000, -6.109
4.660, -0.8000, -5.997
4.670, -0.8000, -5.366
4.680, -0.8000, -5.251
4.690, -0.8000, -4.752
4.700, -0.8000, -4.439
4.710, -0.8000, -6.321
4.720, -0.8000, -5.496
4.730, -0.8000, -6.034
4.740, -0.8000, -5.446
4.750, -0.8000, -4.865
4.760, -0.8000, -4.893
4.770, -0.8000, -5.600
4.780, -0.8000, -4.476
4.790, -0.8000, -5.187
4.800, -0.8000, -5.015
4.810, -0.8000, -4.731
4.820, -0.8000, -4.973
4.830, -0.8000, -4.857
4.840, -0.8000, -5.638
4.850, -0.8000, -5.295
4.860, -0.8000, -5.384
4.870, -0.8000, -6.113
4.880, -0.8000, -4.663
4.890, -0.8000, -5.175
4.900, -0.8000, -6.709
4.910, -0.8000, -4.570
4.920, -0.8000, -6.069
4.930, -0.8000, -5.101
4.940, -0.8000, -4.159
4.950, -0.8000, -5.980
4.960, -0.8000, -5.828
4.970, -0.8000, -4.334
4.980, -0.8000, -5.349
4.990, -0.8000, -5.317
5.000, -0.8000, -5.098
5.010, -0.8000, -6.664
5.020, -0.8000, -6.238
5.030, -0.8000, -5.160
5.040, -0.8000, -5.767
5.050, -0.8000, -6.530
5.060, -0.8000, -5.346
5.070, -0.8000, -5.915
5.080, -0.8000, -5.658
5.090, -0.8000, -5.144
5.100, -0.8000, -4.439
5.110, -0.8000, -3.895
5.120, -0.8000, -5.190
5.130, -0.8000, -4.608
5.140, -0.8000, -5.822
5.150, -0.8000, -6.864
5.160, -0.8000, -4.280
5.170, -0.8000, -5.248
5.180, -0.8000, -4.564
5.190, -0.8000, -4.892
5.200, -0.8000, -4.576
5.210, -0.8000, -5.145
5.220, -0.8000, -6.063
5.230, -0.8000, -5.091
5.240, -0.8000, -5.386
5.250, -0.8000, -4.368
5.260, -0.8000, -4.785
5.270, -0.8000, -5.459
5.280, -0.8000, -6.744
5.290, -0.8000, -3.893
5.300, -0.8000, -4.869
5.310, -0.8000, -4.805
5.320, -0.8000, -6.277
5.330, -0.8000, -5.458
5.340, -0.8000, -6.078
5.350, -0.8000, -5.272
5.360, -0.8000, -5.148
5.370, -0.8000, -4.547
5.380, -0.8000, -5.569
5.390, -0.8000, -4.289
5.400, -0.8000, -4.273
5.410, -0.8000, -6.097
5.420, -0.8000, -5.823
5.430, -0.8000, -6.077
5.440, -0.8000, -3.726
5.450, -0.8000, -5.835
5.460, -0.8000, -4.536
5.470, -0.8000, -4.987
5.480, -0.8000, -5.401
5.490, -0.8000, -5.476
5.500, -0.8000, -5.710
5.510, -0.8000, -5.027
5.520, -0.8000, -5.235
5.530, -0.8000, -5.656
5.540, -0.8000, -6.001
5.550, -0.8000, -5.431
5.560, -0.8000, -4.807
5.570, -0.8000, -5.180
5.580, -0.8000, -5.420
5.590, -0.8000, -5.905
5.600, -0.8000, -4.908
5.610, -0.8000, -4.850
5.620, -0.8000, -6.439
5.630, -0.8000, -5.893
5.640, -0.8000, -6.569
5.650, -0.8000, -4.671
5.660, -0.8000, -5.687
5.670, -0.8000, -5.884
5.680, -0.8000, -6.314
5.690, -0.8000, -5.587
5.700, -0.8000, -5.221
5.710, -0.8000, -5.183
5.720, -0.8000, -6.748
5.730, -0.8000, -6.424
5.740, -0.8000, -5.018
5.750, -0.8000, -4.960
5.760, -0.8000, -4.507
5.770, -0.8000, -5.336
5.780, -0.8000, -6.334
5.790, -0.8000, -6.145
5.800, -0.8000, -5.096
5.810, -0.8000, -5.131
5.820, -0.8000, -5.016
5.830, -0.8000, -4.991
5.840, -0.8000, -5.636
5.850, -0.8000, -5.428
5.860, -0.8000, -5.095
5.870, -0.8000, -4.820
5.880, -0.8000, -5.370
5.890, -0.8000, -5.314
5.900, -0.8000, -5.743
5.910, -0.8000, -4.918
5.920, -0.8000, -5.066
5.930, -0.8000, -5.282
5.940, -0.8000, -5.833
5.950, -0.8000, -3.659
5.960, -0.8000, -5.842
5.970, -0.8000, -5.834
5.980, -0.8000, -5.706
5.990, -0.8000, -5.538
6.000, -0.8000, -5.498
6.010, -0.8000, -5.598
6.020, -0.8000, -5.105
6.030, -0.8000, -5.647
6.040, -0.8000, -5.067
6.050, -0.8000, -6.120
6.060, -0.8000, -5.255
6.070, -0.8000, -5.586
6.080, -0.8000, -4.778
6.090, -0.8000, -5.450
6.100, -0.8000, -5.946
6.110, -0.8000, -5.404
6.120, -0.8000, -4.432
6.130, -0.8000, -5.545
6.140, -0.8000, -6.195
6.150, -0.8000, -5.273
6.160, -0.8000, -4.716
6.170, -0.8000, -4.597
6.180, -0.8000, -5.389
6.190, -0.8000, -4.959
6.200, -0.8000, -6.165
6.210, -0.8000, -4.397
6.220, -0.8000, -5.595
6.230, -0.8000, -6.005
6.240, -0.8000, -6.169
6.250, -0.8000, -5.154
6.260, -0.8000, -5.090
6.270, -0.8000, -5.497
6.280, -0.8000, -4.124
6.290, -0.8000, -3.928
6.300, -0.8000, -5.993
6.310, -0.8000, -6.356
6.320, -0.8000, -5.373
6.330, -0.8000, -4.991
6.340, -0.8000, -5.840
6.350, -0.8000, -5.841
6.360, -0.8000, -4.790
6.370, -0.8000, -5.447
6.380, -0.8000, -5.792
6.390, -0.8000, -5.459
6.400, -0.8000, -5.361
6.410, -0.8000, -4.886
6.420, -0.8000, -6.084
6.430, -0.8000, -4.843
6.440, -0.8000, -6.490
6.450, -0.8000, -4.852
6.460, -0.8000, -4.804
6.470, -0.8000, -4.667
6.480, -0.8000, -5.138
6.490, -0.8000, -5.236
6.500, -0.8000, -5.946
6.510, -0.8000, -5.820
6.520, -0.8000, -4.117
6.530, -0.8000, -5.703
6.540, -0.8000, -5.764
6.550, -0.8000, -6.202
6.560, -0.8000, -6.033
6.570, -0.8000, -6.154
6.580, -0.8000, -5.736
6.590, -0.8000, -4.624
6.600, -0.8000, -4.518
6.610, -0.8000, -5.585
6.620, -0.8000, -4.589
6.630, -0.8000, -5.258
6.640, -0.8000, -5.512
6.650, -0.8000, -5.193
6.660, -0.8000, -4.272
6.670, -0.8000, -5.573
6.680, -0.8000, -4.520
6.690, -0.8000, -4.872
6.700, -0.8000, -5.870
6.710, -0.8000, -6.141
6.720, -0.8000, -4.341
6.730, -0.8000, -5.071
6.740, -0.8000, -5.642
6.750, -0.8000, -5.555
6.760, -0.8000, -5.275
6.770, -0.8000, -6.663
6.780, -0.8000, -5.786
6.790, -0.8000, -6.784
6.800, -0.8000, -4.942
6.810, -0.8000, -4.793
6.820, -0.8000, -5.978
6.830, -0.8000, -4.963
6.840, -0.8000, -6.184
6.850, -0.8000, -5.436
6.860, -0.8000, -6.145
6.870, -0.8000, -3.665
6.880, -0.8000, -5.067
6.890, -0.8000, -5.271
6.900, -0.8000, -5.199
6.910, -0.8000, -5.542
6.920, -0.8000, -5.928
6.930, -0.8000, -5.380
6.940, -0.8000, -5.558
6.950, -0.8000, -5.272
6.960, -0.8000, -4.379
6.970, -0.8000, -3.725
6.980, -0.8000, -5.987
6.990, -0.8000, -5.347
7.000, -0.8000, -6.549
7.010, -0.8000, -4.924
7.020, -0.8000, -5.071
7.030, -0.8000, -6.300
7.040, -0.8000, -4.623
7.050, -0.8000, -5.802
7.060, -0.8000, -5.784
7.070, -0.8000, -6.182
7.080, -0.8000, -4.644
7.090, -0.8000, -5.755
7.100, -0.8000, -5.222
7.110, -0.8000, -4.948
7.120, -0.8000, -5.724
7.130, -0.8000, -6.050
7.140, -0.8000, -5.465
7.150, -0.8000, -5.816
7.160, -0.8000, -5.778
7.170, -0.8000, -5.527
7.180, -0.8000, -5.289
7.190, -0.8000, -5.911
7.200, -0.8000, -5.485
7.210, -0.8000, -5.834
7.220, -0.8000, -4.716
7.230, -0.8000, -4.112
7.240, -0.8000, -4.940
7.250, -0.8000, -5.406
7.260, -0.8000, -5.597
7.270, -0.8000, -4.499
7.280, -0.8000, -5.696
7.290, -0.8000, -5.010
7.300, -0.8000, -5.351
7.310, -0.8000, -5.968
7.320, -0.8000, -4.956
7.330, -0.8000, -4.258
7.340, -0.8000, -5.674
7.350, -0.8000, -5.960
7.360, -0.8000, -4.739
7.370, -0.8000, -5.577
7.380, -0.8000, -5.958
7.390, -0.8000, -5.410
7.400, -0.8000, -5.119
7.410, -0.8000, -3.938
7.420, -0.8000, -4.929
7.430, -0.8000, -6.043
7.440, -0.8000, -6.244
7.450, -0.8000, -6.170
7.460, -0.8000, -4.615
7.470, -0.8000, -4.816
7.480, -0.8000, -4.623
7.490, -0.8000, -5.881
7.500, -0.8000, -5.042
7.510, -0.8000, -5.046
7.520, -0.8000, -5.478
7.530, -0.8000, -6.295
7.540, -0.8000, -5.203
7.550, -0.8000, -5.951
7.560, -0.8000, -5.586
7.570, -0.8000, -5.194
7.580, -0.8000, -6.016
7.590, -0.8000, -5.152
7.600, -0.8000, -6.761
7.610, -0.8000, -5.839
7.620, -0.8000, -6.071
7.630, -0.8000, -4.457
7.640, -0.8000, -5.056
7.650, -0.8000, -5.330
7.660, -0.8000, -5.173
7.670, -0.8000, -5.720
7.680, -0.8000, -5.159
7.690, -0.8000, -6.120
7.700, -0.8000, -4.261
7.710, -0.8000, -5.522
7.720, -0.8000, -4.971
7.730, -0.8000, -5.207
7.740, -0.8000, -4.404
7.750, -0.8000, -5.643
7.760, -0.8000, -5.762
7.770, -0.8000, -5.055
7.780, -0.8000, -4.941
7.790, -0.8000, -4.404
7.800, -0.8000, -4.421
7.810, -0.8000, -5.718
7.820, -0.8000, -6.023
7.830, -0.8000, -4.998
7.840, -0.8000, -5.982
7.850, -0.8000, -5.375
7.860, -0.8000, -7.213
7.870, -0.8000, -4.360
7.880, -0.8000, -6.472
7.890, -0.8000, -6.335
7.900, -0.8000, -4.446
7.910, -0.8000, -5.853
7.920, -0.8000, -5.596
7.930, -0.8000, -5.743
7.940, -0.8000, -4.834
7.950, -0.8000, -5.126
7.960, -0.8000, -6.130
7.970, -0.8000, -5.466
7.980, -0.8000, -6.079
7.990, -0.8000, -5.121
8.000, -0.8000, -5.875
8.010, -0.8000, -4.444
8.020, -0.8000, -6.284
8.030, -0.8000, -4.829
8.040, -0.8000, -5.586
8.050, -0.8000, -5.209
8.060, -0.8000, -5.998
8.070, -0.8000, -3.978
8.080, -0.8000, -6.761
8.090, -0.8000, -5.755
8.100, -0.8000, -5.002
8.110, -0.8000, -4.553
8.120, -0.8000, -5.066
8.130, -0.8000, -4.393
8.140, -0.8000, -5.779
8.150, -0.8000, -6.282
8.160, -0.8000, -4.898
8.170, -0.8000, -6.826
8.180, -0.8000, -5.877
8.190, -0.8000, -5.229
8.200, -0.8000, -4.168
8.210, -0.8000, -5.286
8.220, -0.8000, -6.824
8.230, -0.8000, -5.243
8.240, -0.8000, -6.312
8.250, -0.8000, -5.753
8.260, -0.8000, -4.949
8.270, -0.8000, -4.775
8.280, -0.8000, -5.711
8.290, -0.8000, -5.871
8.300, -0.8000, -6.306
8.310, -0.8000, -5.636
8.320, -0.8000, -5.247
8.330, -0.8000, -4.331
8.340, -0.8000, -4.915
8.350, -0.8000, -5.137
8.360, -0.8000, -4.608
8.370, -0.8000, -5.564
8.380, -0.8000, -4.477
8.390, -0.8000, -6.106
8.400, -0.8000, -5.045
8.410, -0.8000, -5.979
8.420, -0.8000, -5.868
8.430, -0.8000, -5.014
8.440, -0.8000, -5.381
8.450, -0.8000, -5.182
8.460, -0.8000, -5.462
8.470, -0.8000, -5.049
8.480, -0.8000, -6.152
8.490, -0.8000, -5.449
8.500, -0.8000, -5.620
8.510, -0.8000, -5.823
8.520, -0.8000, -4.051
8.530, -0.8000, -5.254
8.540, -0.8000, -5.284
8.550, -0.8000, -3.932
8.560, -0.8000, -5.998
8.570, -0.8000, -5.635
8.580, -0.8000, -5.529
8.590, -0.8000, -6.360
8.600, -0.8000, -5.113
8.610, -0.8000, -5.682
8.620, -0.8000, -4.926
8.630, -0.8000, -4.188
8.640, -0.8000, -6.160
8.650, -0.8000, -6.093
8.660, -0.8000, -5.741
8.670, -0.8000, -4.244
8.680, -0.8000, -5.072
8.690, -0.8000, -5.682
8.700, -0.8000, -5.303
8.710, -0.8000, -4.928
8.720, -0.8000, -5.136
8.730, -0.8000, -6.777
8.740, -0.8000, -4.945
8.750, -0.8000, -4.776
8.760, -0.8000, -5.262
8.770, -0.8000, -4.040
8.780, -0.8000, -5.933
8.790, -0.8000, -5.596
8.800, -0.8000, -5.343
8.810, -0.8000, -4.703
8.820, -0.8000, -5.423
8.830, -0.8000, -5.673
8.840, -0.8000, -4.997
8.850, -0.8000, -6.652
8.860, -0.8000, -5.863
8.870, -0.8000, -4.579
8.880, -0.8000, -5.088
8.890, -0.8000, -5.611
8.900, -0.8000, -5.633
8.910, -0.8000, -4.710
8.920, -0.8000, -6.771
8.930, -0.8000, -6.252
8.940, -0.8000, -4.612
8.950, -0.8000, -5.328
8.960, -0.8000, -4.444
8.970, -0.8000, -5.398
8.980, -0.8000, -5.672
8.990, -0.8000, -4.895
9.000, -0.8000, -5.250
9.010, -0.8000, -4.204
9.020, -0.8000, -5.044
9.030, -0.8000, -4.681
9.040, -0.8000, -5.081
9.050, -0.8000, -5.778
9.060, -0.8000, -5.297
9.070, -0.8000, -5.234
9.080, -0.8000, -6.125
9.090, -0.8000, -5.594
9.100, -0.8000, -4.537
9.110, -0.8000, -6.042
9.120, -0.8000, -4.910
9.130, -0.8000, -5.665
9.140, -0.8000, -5.961
9.150, -0.8000, -5.836
9.160, -0.8000, -5.330
9.170, -0.8000, -5.256
9.180, -0.8000, -6.049
9.190, -0.8000, -6.427
9.200, -0.8000, -5.617
9.210, -0.8000, -4.993
9.220, -0.8000, -6.027
9.230, -0.8000, -5.807
9.240, -0.8000, -4.936
9.250, -0.8000, -6.054
9.260, -0.8000, -6.760
9.270, -0.8000, -5.253
9.280, -0.8000, -5.525
9.290, -0.8000, -5.310
9.300, -0.8000, -5.708
9.310, -0.8000, -4.376
9.320, -0.8000, -5.912
9.330, -0.8000, -6.109
9.340, -0.8000, -5.186
9.350, -0.8000, -5.907
9.360, -0.8000, -5.286
9.370, -0.8000, -5.880
9.380, -0.8000, -5.098
9.390, -0.8000, -5.062
9.400, -0.8000, -5.737
9.410, -0.8000, -6.209
9.420, -0.8000, -5.435
9.430, -0.8000, -5.182
9.440, -0.8000, -5.269
9.450, -0.8000, -5.235
9.460, -0.8000, -5.672
9.470, -0.8000, -6.271
9.480, -0.8000, -5.902
9.490, -0.8000, -4.144
9.500, -0.8000, -6.446
9.510, -0.8000, -5.742
9.520, -0.8000, -4.785
9.530, -0.8000, -6.293
9.540, -0.8000, -6.614
9.550, -0.8000, -4.934
9.560, -0.8000, -6.037
9.570, -0.8000, -6.335
9.580, -0.8000, -5.329
9.590, -0.8000, -5.017
9.600, -0.8000, -5.050
9.610, -0.8000, -6.073
9.620, -0.8000, -5.480
9.630, -0.8000, -5.349
9.640, -0.8000, -5.198
9.650, -0.8000, -5.178
9.660, -0.8000, -5.395
9.670, -0.8000, -5.382
9.680, -0.8000, -6.355
9.690, -0.8000, -5.893
9.700, -0.8000, -5.171
9.710, -0.8000, -4.700
9.720, -0.8000, -5.363
9.730, -0.8000, -5.364
9.740, -0.8000, -5.252
9.750, -0.8000, -6.173
9.760, -0.8000, -5.721
9.770, -0.8000, -5.688
9.780, -0.8000, -6.212
9.790, -0.8000, -6.271
9.800, -0.8000, -5.674
9.810, -0.8000, -3.737
9.820, -0.8000, -5.170
9.830, -0.8000, -5.311
9.840, -0.8000, -5.237
9.850, -0.8000, -6.753
9.860, -0.8000, -4.624
9.870, -0.8000, -7.044
9.880, -0.8000, -4.300
9.890, -0.8000, -5.596
9.900, -0.8000, -5.105
9.910, -0.8000, -5.734
9.920, -0.8000, -5.421
9.930, -0.8000, -4.543
9.940, -0.8000, -5.771
9.950, -0.8000, -5.902
9.960, -0.8000, -5.365
9.970, -0.8000, -6.312
9.980, -0.8000, -5.816
9.990, -0.8000, -5.871
10.00, -0.8000, -5.788
10.01, -0.8000, -4.759
10.02, -0.8000, -5.865
10.03, -0.8000, -5.453
10.04, -0.8000, -6.250
10.05, -0.8000, -5.964
10.06, -0.8000, -5.466
10.07, -0.8000, -6.089
10.08, -0.8000, -5.652
10.09, -0.8000, -3.927
10.10, -0.8000, -5.161
10.11, -0.8000, -6.118
10.12, -0.8000, -5.992
10.13, -0.8000, -5.379
10.14, -0.8000, -5.969
10.15, -0.8000, -4.999
10.16, -0.8000, -4.935
10.17, -0.8000, -6.200
10.18, -0.8000, -6.049
10.19, -0.8000, -4.852
10.20, -0.8000, -5.446
10.21, -0.8000, -4.830
10.22, -0.8000, -4.794
10.23, -0.8000, -6.407
10.24, -0.8000, -6.615
10.25, -0.8000, -5.949
10.26, -0.8000, -5.138
10.27, -0.8000, -4.916
10.28, -0.8000, -5.700
10.29, -0.8000, -5.909
10.30, -0.8000, -4.513
10.31, -0.8000, -5.836
10.32, -0.8000, -6.684
10.33, -0.8000, -5.095
10.34, -0.8000, -5.363
10.35, -0.8000, -5.799
10.36, -0.8000, -5.216
10.37, -0.8000, -5.159
10.38, -0.8000, -4.648
10.39, -0.8000, -6.016
10.40, -0.8000, -5.835
10.41, -0.8000, -5.116
10.42, -0.8000, -5.023
10.43, -0.8000, -5.298
10.44, -0.8000, -4.835
10.45, -0.8000, -6.343
10.46, -0.8000, -4.965
10.47, -0.8000, -6.027
10.48, -0.8000, -4.588
10.49, -0.8000, -4.800
10.50, -0.8000, -5.815
10.51, -0.8000, -5.370
10.52, -0.8000, -6.750
10.53, -0.8000, -5.722
10.54, -0.8000, -5.476
10.55, -0.8000, -5.205
10.56, -0.8000, -5.756
10.57, -0.8000, -4.319
10.58, -0.8000, -5.159
10.59, -0.8000, -6.174
10.60, -0.8000, -6.167
10.61, -0.8000, -5.363
10.62, -0.8000, -6.731
10.63, -0.8000, -4.800
10.64, -0.8000, -5.485
10.65, -0.8000, -5.202
10.66, -0.8000, -6.019
10.67, -0.8000, -6.432
10.68, -0.8000, -6.705
10.69, -0.8000, -5.009
10.70, -0.8000, -5.513
10.71, -0.8000, -5.566
10.72, -0.8000, -5.415
10.73, -0.8000, -5.402
10.74, -0.8000, -5.548
10.75, -0.8000, -6.591
10.76, -0.8000, -5.683
10.77, -0.8000, -6.883
10.78, -0.8000, -5.507
10.79, -0.8000, -6.189
10.80, -0.8000, -5.347
10.81, -0.8000, -4.897
10.82, -0.8000, -4.757
10.83, -0.8000, -6.163
10.84, -0.8000, -7.006
10.85, -0.8000, -5.255
10.86, -0.8000, -6.573
10.87, -0.8000, -6.162
10.88, -0.8000, -5.187
10.89, -0.8000, -4.656
10.90, -0.8000, -6.997
10.91, -0.8000, -6.231
10.92, -0.8000, -5.590
10.93, -0.8000, -5.718
10.94, -0.8000, -6.329
10.95, -0.8000, -5.980
10.96, -0.8000, -5.830
10.97, -0.8000, -4.373
10.98, -0.8000, -4.641
10.99, -0.8000, -4.815
11.00, -0.8000, -4.369
11.01, -0.8000, -5.521
11.02, -0.8000, -5.594
11.03, -0.8000, -5.501
11.04, -0.8000, -5.215
11.05, -0.8000, -6.187
11.06, -0.8000, -5.666
11.07, -0.8000, -5.624
11.08, -0.8000, -5.057
11.09, -0.8000, -6.753
11.10, -0.8000, -5.284
11.11, -0.8000, -5.487
11.12, -0.8000, -4.877
11.13, -0.8000, -5.724
11.14, -0.8000, -5.357
11.15, -0.8000, -5.087
11.16, -0.8000, -5.620
11.17, -0.8000, -5.317
11.18, -0.8000, -5.660
11.19, -0.8000, -5.270
11.20, -0.8000, -5.403
11.21, -0.8000, -5.205
11.22, -0.8000, -5.900
11.23, -0.8000, -6.116
11.24, -0.8000, -5.433
11.25, -0.8000, -5.163
11.26, -0.8000, -6.207
11.27, -0.8000, -5.996
11.28, -0.8000, -5.983
11.29, -0.8000, -5.461
11.30, -0.8000, -5.151
11.31, -0.8000, -6.853
11.32, -0.8000, -6.319
11.33, -0.8000, -6.201
11.34, -0.8000, -4.181
11.35, -0.8000, -4.945
11.36, -0.8000, -5.123
11.37, -0.8000, -4.086
11.38, -0.8000, -5.843
11.39, -0.8000, -6.094
11.40, -0.8000, -6.203
11.41, -0.8000, -5.399
11.42, -0.8000, -5.217
11.43, -0.8000, -4.974
11.44, -0.8000, -5.359
11.45, -0.8000, -4.359
11.46, -0.8000, -5.908
11.47, -0.8000, -5.978
11.48, -0.8000, -6.192
11.49, -0.8000, -6.159
11.50, -0.8000, -5.192
11.51, -0.8000, -5.106
11.52, -0.8000, -5.366
11.53, -0.8000, -5.152
11.54, -0.8000, -6.390
11.55, -0.8000, -6.086
11.56, -0.8000, -6.857
11.57, -0.8000, -5.375
11.58, -0.8000, -6.352
11.59, -0.8000, -5.431
11.60, -0.8000, -5.357
11.61, -0.8000, -5.661
11.62, -0.8000, -7.269
11.63, -0.8000, -6.454
11.64, -0.8000, -5.683
11.65, -0.8000, -5.272
11.66, -0.8000, -5.720
11.67, -0.8000, -5.314
11.68, -0.8000, -5.464
11.69, -0.8000, -5.269
11.70, -0.8000, -8.129
11.71, -0.8000, -6.103
11.72, -0.8000, -5.867
11.73, -0.8000, -5.847
11.74, -0.8000, -5.072
11.75, -0.8000, -4.414
11.76, -0.8000, -5.533
11.77, -0.8000, -6.807
11.78, -0.8000, -7.305
11.79, -0.8000, -5.895
11.80, -0.8000, -5.269
11.81, -0.8000, -6.086
11.82, -0.8000, -5.768
11.83, -0.8000, -4.205
11.84, -0.8000, -6.928
11.85, -0.8000, -6.034
11.86, -0.8000, -4.081
11.87, -0.8000, -4.376
11.88, -0.8000, -4.932
11.89, -0.8000, -4.670
11.90, -0.8000, -4.845
11.91, -0.8000, -5.935
11.92, -0.8000, -6.831
11.93, -0.8000, -6.084
11.94, -0.8000, -6.341
11.95, -0.8000, -5.760
11.96, -0.8000, -5.609
11.97, -0.8000, -6.095
11.98, -0.8000, -4.959
11.99, -0.8000, -7.120
12.00, -0.8000, -5.845
12.01, -0.8000, -4.538
12.02, -0.8000, -5.219
12.03, -0.8000, -6.348
12.04, -0.8000, -6.116
12.05, -0.8000, -6.528
12.06, -0.8000, -6.302
12.07, -0.8000, -5.845
12.08, -0.8000, -4.828
12.09, -0.8000, -5.194
12.10, -0.8000, -5.659
12.11, -0.8000, -4.318
12.12, -0.8000, -6.783
12.13, -0.8000, -6.980
12.14, -0.8000, -5.394
12.15, -0.8000, -4.664
12.16, -0.8000, -6.424
12.17, -0.8000, -4.695
12.18, -0.8000, -6.426
12.19, -0.8000, -5.914
12.20, -0.8000, -6.609
12.21, -0.8000, -4.992
12.22, -0.8000, -5.513
12.23, -0.8000, -5.860
12.24, -0.8000, -5.252
12.25, -0.8000, -5.114
12.26, -0.8000, -6.289
12.27, -0.8000, -5.779
12.28, -0.8000, -5.306
12.29, -0.8000, -4.954
12.30, -0.8000, -5.241
12.31, -0.8000, -6.443
12.32, -0.8000, -5.605
12.33, -0.8000, -6.606
12.34, -0.8000, -7.350
12.35, -0.8000, -5.563
12.36, -0.8000, -5.397
12.37, -0.8000, -5.468
12.38, -0.8000, -6.206
12.39, -0.8000, -5.127
12.40, -0.8000, -6.018
12.41, -0.8000, -6.540
12.42, -0.8000, -5.462
12.43, -0.8000, -5.396
12.44, -0.8000, -6.385
12.45, -0.8000, -5.646
12.46, -0.8000, -5.723
12.47, -0.8000, -5.798
12.48, -0.8000, -6.248
12.49, -0.8000, -5.538
12.50, -0.8000, -6.479
12.51, -0.8000, -6.213
12.52, -0.8000, -5.890
12.53, -0.8000, -4.564
12.54, -0.8000, -5.553
12.55, -0.8000, -6.459
12.56, -0.8000, -6.525
12.57, -0.8000, -6.189
12.58, -0.8000, -5.649
12.59, -0.8000, -6.176
12.60, -0.8000, -5.891
12.61, -0.8000, -5.426
12.62, -0.8000, -6.889
12.63, -0.8000, -4.353
12.64, -0.8000, -5.204
12.65, -0.8000, -5.538
12.66, -0.8000, -6.503
12.67, -0.8000, -6.596
12.68, -0.8000, -5.123
12.69, -0.8000, -6.761
12.70, -0.8000, -7.056
12.71, -0.8000, -4.963
12.72, -0.8000, -5.654
12.73, -0.8000, -5.388
12.74, -0.8000, -5.843
12.75, -0.8000, -5.755
12.76, -0.8000, -7.070
12.77, -0.8000, -6.363
12.78, -0.8000, -5.695
12.79, -0.8000, -6.197
12.80, -0.8000, -5.071
12.81, -0.8000, -3.834
12.82, -0.8000, -4.517
12.83, -0.8000, -6.254
12.84, -0.8000, -6.704
12.85, -0.8000, -6.269
12.86, -0.8000, -5.898
12.87, -0.8000, -5.529
12.88, -0.8000, -4.993
12.89, -0.8000, -5.597
12.90, -0.8000, -6.482
12.91, -0.8000, -5.650
12.92, -0.8000, -5.324
12.93, -0.8000, -5.384
12.94, -0.8000, -5.130
12.95, -0.8000, -5.359
12.96, -0.8000, -5.848
12.97, -0.8000, -6.234
12.98, -0.8000, -5.470
12.99, -0.8000, -5.994
13.00, -0.8000, -5.465
13.01, -0.8000, -4.826
13.02, -0.8000, -4.802
13.03, -0.8000, -5.021
13.04, -0.8000, -7.494
13.05, -0.8000, -4.908
13.06, -0.8000, -6.565
13.07, -0.8000, -5.383
13.08, -0.8000, -5.340
13.09, -0.8000, -4.658
13.10, -0.8000, -4.682
13.11, -0.8000, -7.223
13.12, -0.8000, -5.501
13.13, -0.8000, -5.510
13.14, -0.8000, -6.916
13.15, -0.8000, -4.907
13.16, -0.8000, -4.832
13.17, -0.8000, -5.960
13.18, -0.8000, -6.094
13.19, -0.8000, -6.399
13.20, -0.8000, -5.395
13.21, -0.8000, -5.734
13.22, -0.8000, -5.584
13.23, -0.8000, -5.150
13.24, -0.8000, -5.419
13.25, -0.8000, -6.547
13.26, -0.8000, -6.018
13.27, -0.8000, -5.158
13.28, -0.8000, -5.946
13.29, -0.8000, -5.419
13.30, -0.8000, -6.445
13.31, -0.8000, -5.645
13.32, -0.8000, -6.470
13.33, -0.8000, -5.534
13.34, -0.8000, -6.300
13.35, -0.8000, -5.959
13.36, -0.8000, -4.616
13.37, -0.8000, -5.751
13.38, -0.8000, -7.736
13.39, -0.8000, -5.825
13.40, -0.8000, -4.920
13.41, -0.8000, -6.492
13.42, -0.8000, -5.865
13.43, -0.8000, -6.310
13.44, -0.8000, -6.127
13.45, -0.8000, -5.877
13.46, -0.8000, -5.980
13.47, -0.8000, -6.361
13.48, -0.8000, -5.782
13.49, -0.8000, -6.191
13.50, -0.8000, -5.943
13.51, -0.8000, -5.074
13.52, -0.8000, -7.839
13.53, -0.8000, -5.808
13.54, -0.8000, -5.255
13.55, -0.8000, -6.620
13.56, -0.8000, -6.542
13.57, -0.8000, -5.187
13.58, -0.8000, -4.685
13.59, -0.8000, -5.715
13.60, -0.8000, -5.596
13.61, -0.8000, -6.749
13.62, -0.8000, -7.067
13.63, -0.8000, -6.434
13.64, -0.8000, -6.852
13.65, -0.8000, -4.728
13.66, -0.8000, -5.566
13.67, -0.8000, -6.454
13.68, -0.8000, -6.285
13.69, -0.8000, -5.982
13.70, -0.8000, -5.803
13.71, -0.8000, -6.232
13.72, -0.8000, -6.121
13.73, -0.8000, -5.596
13.74, -0.8000, -5.496
13.75, -0.8000, -5.912
13.76, -0.8000, -5.610
13.77, -0.8000, -6.175
13.78, -0.8000, -6.667
13.79, -0.8000, -6.868
13.80, -0.8000, -5.565
13.81, -0.8000, -5.672
13.82, -0.8000, -6.041
13.83, -0.8000, -5.476
13.84, -0.8000, -6.141
13.85, -0.8000, -5.913
13.86, -0.8000, -5.406
13.87, -0.8000, -4.894
13.88, -0.8000, -5.229
13.89, -0.8000, -6.442
13.90, -0.8000, -6.225
13.91, -0.8000, -5.906
13.92, -0.8000, -5.303
13.93, -0.8000, -5.729
13.94, -0.8000, -6.978
13.95, -0.8000, -7.461
13.96, -0.8000, -6.464
13.97, -0.8000, -7.083
13.98, -0.8000, -6.377
13.99, -0.8000, -4.651
14.00, -0.8000, -5.980
14.01, -0.8000, -5.317
14.02, -0.8000, -6.396
14.03, -0.8000, -5.910
14.04, -0.8000, -5.439
14.05, -0.8000, -5.315
14.06, -0.8000, -6.997
14.07, -0.8000, -5.355
14.08, -0.8000, -5.222
14.09, -0.8000, -6.878
14.10, -0.8000, -6.991
14.11, -0.8000, -6.108
14.12, -0.8000, -5.462
14.13, -0.8000, -5.878
14.14, -0.8000, -5.438
14.15, -0.8000, -7.119
14.16, -0.8000, -5.896
14.17, -0.8000, -6.350
14.18, -0.8000, -6.184
14.19, -0.8000, -5.378
14.20, -0.8000, -6.484
14.21, -0.8000, -5.161
14.22, -0.8000, -6.274
14.23, -0.8000, -6.555
14.24, -0.8000, -4.901
14.25, -0.8000, -5.877
14.26, -0.8000, -5.766
14.27, -0.8000, -5.245
14.28, -0.8000, -6.286
14.29, -0.8000, -5.529
14.30, -0.8000, -5.573
14.31, -0.8000, -5.778
14.32, -0.8000, -4.765
14.33, -0.8000, -7.459
14.34, -0.8000, -5.636
14.35, -0.8000, -5.655
14.36, -0.8000, -5.480
14.37, -0.8000, -6.325
14.38, -0.8000, -5.623
14.39, -0.8000, -6.557
14.40, -0.8000, -5.805
14.41, -0.8000, -6.293
14.42, -0.8000, -5.519
14.43, -0.8000, -5.747
14.44, -0.8000, -7.062
14.45, -0.8000, -6.517
14.46, -0.8000, -5.648
14.47, -0.8000, -5.353
14.48, -0.8000, -6.109
14.49, -0.8000, -6.305
14.50, -0.8000, -7.454
14.51, -0.8000, -5.902
14.52, -0.8000, -4.947
14.53, -0.8000, -7.522
14.54, -0.8000, -5.930
14.55, -0.8000, -6.153
14.56, -0.8000, -7.288
14.57, -0.8000, -5.952
14.58, -0.8000, -5.931
14.59, -0.8000, -4.742
14.60, -0.8000, -6.327
14.61, -0.8000, -6.038
14.62, -0.8000, -7.592
14.63, -0.8000, -4.656
14.64, -0.8000, -5.101
14.65, -0.8000, -6.479
14.66, -0.8000, -5.150
14.67, -0.8000, -6.254
14.68, -0.8000, -7.052
14.69, -0.8000, -5.116
14.70, -0.8000, -6.953
14.71, -0.8000, -6.085
14.72, -0.8000, -6.378
14.73, -0.8000, -6.433
14.74, -0.8000, -6.436
14.75, -0.8000, -5.889
14.76, -0.8000, -6.066
14.77, -0.8000, -7.122
14.78, -0.8000, -5.154
14.79, -0.8000, -6.753
14.80, -0.8000, -4.915
14.81, -0.8000, -5.739
14.82, -0.8000, -6.158
14.83, -0.8000, -6.158
14.84, -0.8000, -6.268
14.85, -0.8000, -6.262
14.86, -0.8000, -5.441
14.87, -0.8000, -5.101
14.88, -0.8000, -6.143
14.89, -0.8000, -4.737
14.90, -0.8000, -6.123
14.91, -0.8000, -7.160
14.92, -0.8000, -6.711
14.93, -0.8000, -6.179
14.94, -0.8000, -6.042
14.95, -0.8000, -6.117
14.96, -0.8000, -6.131
14.97, -0.8000, -7.346
14.98, -0.8000, -5.479
14.99, -0.8000, -5.982
15.00, -0.8000, -5.645
15.01, -0.8000, -5.917
15.02, -0.8000, -6.444
15.03, -0.8000, -6.884
15.04, -0.8000, -6.066
15.05, -0.8000, -6.232
15.06, -0.8000, -6.182
15.07, -0.8000, -6.998
15.08, -0.8000, -5.349
15.09, -0.8000, -6.864
15.10, -0.8000, -5.805
15.11, -0.8000, -5.807
15.12, -0.8000, -6.798
15.13, -0.8000, -6.541
15.14, -0.8000, -5.361
15.15, -0.8000, -6.082
15.16, -0.8000, -6.775
15.17, -0.8000, -5.857
15.18, -0.8000, -5.303
15.19, -0.8000, -5.651
15.20, -0.8000, -5.575
15.21, -0.8000, -5.785
15.22, -0.8000, -7.291
15.23, -0.8000, -6.207
15.24, -0.8000, -5.866
15.25, -0.8000, -5.834
15.26, -0.8000, -6.355
15.27, -0.8000, -5.183
15.28, -0.8000, -6.904
15.29, -0.8000, -6.681
15.30, -0.8000, -5.926
15.31, -0.8000, -5.626
15.32, -0.8000, -5.345
15.33, -0.8000, -6.420
15.34, -0.8000, -5.635
15.35, -0.8000, -5.604
15.36, -0.8000, -6.721
15.37, -0.8000, -6.698
15.38, -0.8000, -5.883
15.39, -0.8000, -6.659
15.40, -0.8000, -6.568
15.41, -0.8000, -5.173
15.42, -0.8000, -6.981
15.43, -0.8000, -6.458
15.44, -0.8000, -4.956
15.45, -0.8000, -5.693
15.46, -0.8000, -5.620
15.47, -0.8000, -6.375
15.48, -0.8000, -6.723
15.49, -0.8000, -6.946
15.50, -0.8000, -5.149
15.51, -0.8000, -6.533
15.52, -0.8000, -5.998
15.53, -0.8000, -7.244
15.54, -0.8000, -7.216
15.55, -0.8000, -6.426
15.56, -0.8000, -6.744
15.57, -0.8000, -5.869
15.58, -0.8000, -5.150
15.59, -0.8000, -7.102
15.60, -0.8000, -7.409
15.61, -0.8000, -6.020
15.62, -0.8000, -5.986
15.63, -0.8000, -5.785
15.64, -0.8000, -5.299
15.65, -0.8000, -6.563
15.66, -0.8000, -7.091
15.67, -0.8000, -6.093
15.68, -0.8000, -4.913
15.69, -0.8000, -6.017
15.70, -0.8000, -5.713
15.71, -0.8000, -6.464
15.72, -0.8000, -6.529
15.73, -0.8000, -5.103
15.74, -0.8000, -6.333
15.75, -0.8000, -5.817
15.76, -0.8000, -5.743
15.77, -0.8000, -6.871
15.78, -0.8000, -5.837
15.79, -0.8000, -6.631
15.80, -0.8000, -5.682
15.81, -0.8000, -6.062
15.82, -0.8000, -5.919
15.83, -0.8000, -5.590
15.84, -0.8000, -6.241
15.85, -0.8000, -5.834
15.86, -0.8000, -5.745
15.87, -0.8000, -5.730
15.88, -0.8000, -6.519
15.89, -0.8000, -7.162
15.90, -0.8000, -6.226
15.91, -0.8000, -5.948
15.92, -0.8000, -6.977
15.93, -0.8000, -5.403
15.94, -0.8000, -5.997
15.95, -0.8000, -6.465
15.96, -0.8000, -6.652
15.97, -0.8000, -6.205
15.98, -0.8000, -7.321
15.99, -0.8000, -5.849
16.00, -0.8000, -6.625
16.01, -0.8000, -7.214
16.02, -0.8000, -6.502
16.03, -0.8000, -7.487
16.04, -0.8000, -6.326
16.05, -0.8000, -5.565
16.06, -0.8000, -5.552
16.07, -0.8000, -6.217
16.08, -0.8000, -5.988
16.09, -0.8000, -5.594
16.10, -0.8000, -6.926
16.11, -0.8000, -5.466
16.12, -0.8000, -6.592
16.13, -0.8000, -7.070
16.14, -0.8000, -6.304
16.15, -0.8000, -6.617
16.16, -0.8000, -4.903
16.17, -0.8000, -6.928
16.18, -0.8000, -5.955
16.19, -0.8000, -6.577
16.20, -0.8000, -5.275
16.21, -0.8000, -5.960
16.22, -0.8000, -6.370
16.23, -0.8000, -6.287
16.24, -0.8000, -7.622
16.25, -0.8000, -5.708
16.26, -0.8000, -6.493
16.27, -0.8000, -6.788
16.28, -0.8000, -6.199
16.29, -0.8000, -6.902
16.30, -0.8000, -7.344
16.31, -0.8000, -5.961
16.32, -0.8000, -5.435
16.33, -0.8000, -6.685
16.34, -0.8000, -6.188
16.35, -0.8000, -6.653
16.36, -0.8000, -6.573
16.37, -0.8000, -5.132
16.38, -0.8000, -6.713
16.39, -0.8000, -5.558
16.40, -0.8000, -6.547
16.41, -0.8000, -6.217
16.42, -0.8000, -6.035
16.43, -0.8000, -5.766
16.44, -0.8000, -5.989
16.45, -0.8000, -8.243
16.46, -0.8000, -4.536
16.47, -0.8000, -5.823
16.48, -0.8000, -7.264
16.49, -0.8000, -6.988
16.50, -0.8000, -4.930
16.51, -0.8000, -6.370
16.52, -0.8000, -4.888
16.53, -0.8000, -5.228
16.54, -0.8000, -6.705
16.55, -0.8000, -7.050
16.56, -0.8000, -6.810
16.57, -0.8000, -5.733
16.58, -0.8000, -6.113
16.59, -0.8000, -5.489
16.60, -0.8000, -5.673
16.61, -0.8000, -6.427
16.62, -0.8000, -6.798
16.63, -0.8000, -6.961
16.64, -0.8000, -6.803
16.65, -0.8000, -5.648
16.66, -0.8000, -5.596
16.67, -0.8000, -6.414
16.68, -0.8000, -7.201
16.69, -0.8000, -7.044
16.70, -0.8000, -5.746
16.71, -0.8000, -7.112
16.72, -0.8000, -5.325
16.73, -0.8000, -6.898
16.74, -0.8000, -6.829
16.75, -0.8000, -6.100
16.76, -0.8000, -7.137
16.77, -0.8000, -6.168
16.78, -0.8000, -6.237
16.79, -0.8000, -6.226
16.80, -0.8000, -6.204
16.81, -0.8000, -7.180
16.82, -0.8000, -5.787
16.83, -0.8000, -5.965
16.84, -0.8000, -5.808
16.85, -0.8000, -5.515
16.86, -0.8000, -5.772
16.87, -0.8000, -7.239
16.88, -0.8000, -5.613
16.89, -0.8000, -6.587
16.90, -0.8000, -5.892
16.91, -0.8000, -6.933
16.92, -0.8000, -6.352
16.93, -0.8000, -5.914
16.94, -0.8000, -7.740
16.95, -0.8000, -7.952
16.96, -0.8000, -5.690
16.97, -0.8000, -6.182
16.98, -0.8000, -6.634
16.99, -0.8000, -6.295
17.00, -0.8000, -7.109
17.01, -0.8000, -6.032
17.02, -0.8000, -6.845
17.03, -0.8000, -6.422
17.04, -0.8000, -5.310
17.05, -0.8000, -6.700
17.06, -0.8000, -7.157
17.07, -0.8000, -6.168
17.08, -0.8000, -5.336
17.09, -0.8000, -5.231
17.10, -0.8000, -6.111
17.11, -0.8000, -5.795
17.12, -0.8000, -6.903
17.13, -0.8000, -7.562
17.14, -0.8000, -5.289
17.15, -0.8000, -6.965
17.16, -0.8000, -5.241
17.17, -0.8000, -5.848
17.18, -0.8000, -5.794
17.19, -0.8000, -6.823
17.20, -0.8000, -7.574
17.21, -0.8000, -6.091
17.22, -0.8000, -6.807
17.23, -0.8000, -7.407
17.24, -0.8000, -6.510
17.25, -0.8000, -6.294
17.26, -0.8000, -6.553
17.27, -0.8000, -6.722
17.28, -0.8000, -5.837
17.29, -0.8000, -5.653
17.30, -0.8000, -7.898
17.31, -0.8000, -6.295
17.32, -0.8000, -6.778
17.33, -0.8000, -6.857
17.34, -0.8000, -5.397
17.35, -0.8000, -5.798
17.36, -0.8000, -6.475
17.37, -0.8000, -6.212
17.38, -0.8000, -5.646
17.39, -0.8000, -6.660
17.40, -0.8000, -6.713
17.41, -0.8000, -6.079
17.42, -0.8000, -6.992
17.43, -0.8000, -5.630
17.44, -0.8000, -6.538
17.45, -0.8000, -6.355
17.46, -0.8000, -6.873
17.47, -0.8000, -7.164
17.48, -0.8000, -6.826
17.49, -0.8000, -6.727
17.50, -0.8000, -5.823
17.51, -0.8000, -6.047
17.52, -0.8000, -5.990
17.53, -0.8000, -7.246
17.54, -0.8000, -6.989
17.55, -0.8000, -5.030
17.56, -0.8000, -6.073
17.57, -0.8000, -6.915
17.58, -0.8000, -6.045
17.59, -0.8000, -6.739
17.60, -0.8000, -6.571
17.61, -0.8000, -5.811
17.62, -0.8000, -7.664
17.63, -0.8000, -5.932
17.64, -0.8000, -5.150
17.65, -0.8000, -6.214
17.66, -0.8000, -5.945
17.67, -0.8000, -6.871
17.68, -0.8000, -6.390
17.69, -0.8000, -6.110
17.70, -0.8000, -5.935
17.71, -0.8000, -5.934
17.72, -0.8000, -6.930
17.73, -0.8000, -7.915
17.74, -0.8000, -7.843
17.75, -0.8000, -6.135
17.76, -0.8000, -6.853
17.77, -0.8000, -6.672
17.78, -0.8000, -6.996
17.79, -0.8000, -5.414
17.80, -0.8000, -6.797
17.81, -0.8000, -7.456
17.82, -0.8000, -5.938
17.83, -0.8000, -6.018
17.84, -0.8000, -7.120
17.85, -0.8000, -6.137
17.86, -0.8000, -6.130
17.87, -0.8000, -6.039
17.88, -0.8000, -6.775
17.89, -0.8000, -6.987
17.90, -0.8000, -6.792
17.91, -0.8000, -6.427
17.92, -0.8000, -5.194
17.93, -0.8000, -7.534
17.94, -0.8000, -6.586
17.95, -0.8000, -6.580
17.96, -0.8000, -5.837
17.97, -0.8000, -6.482
17.98, -0.8000, -5.979
17.99, -0.8000, -7.205
18.00, -0.8000, -7.247
18.01, -0.8000, -6.662
18.02, -0.8000, -5.357
18.03, -0.8000, -6.721
18.04, -0.8000, -5.195
18.05, -0.8000, -6.860
18.06, -0.8000, -6.889
18.07, -0.8000, -7.710
18.08, -0.8000, -6.195
18.09, -0.8000, -6.522
18.10, -0.8000, -6.249
18.11, -0.8000, -7.481
18.12, -0.8000, -6.151
18.13, -0.8000, -6.789
18.14, -0.8000, -7.149
18.15, -0.8000, -6.728
18.16, -0.8000, -6.138
18.17, -0.8000, -6.099
18.18, -0.8000, -5.872
18.19, -0.8000, -5.930
18.20, -0.8000, -7.839
18.21, -0.8000, -5.146
18.22, -0.8000, -5.514
18.23, -0.8000, -6.920
18.24, -0.8000, -5.743
18.25, -0.8000, -5.986
18.26, -0.8000, -7.663
18.27, -0.8000, -7.647
18.28, -0.8000, -6.133
18.29, -0.8000, -6.853
18.30, -0.8000, -6.826
18.31, -0.8000, -6.109
18.32, -0.8000, -7.247
18.33, -0.8000, -5.805
18.34, -0.8000, -6.005
18.35, -0.8000, -6.395
18.36, -0.8000, -4.933
18.37, -0.8000, -6.873
18.38, -0.8000, -7.447
18.39, -0.8000, -6.223
18.40, -0.8000, -6.035
18.41, -0.8000, -5.831
18.42, -0.8000, -5.556
18.43, -0.8000, -5.592
18.44, -0.8000, -7.456
18.45, -0.8000, -6.806
18.46, -0.8000, -6.856
18.47, -0.8000, -6.835
18.48, -0.8000, -5.948
18.49, -0.8000, -5.917
18.50, -0.8000, -6.787
18.51, -0.8000, -5.603
18.52, -0.8000, -5.641
18.53, -0.8000, -6.849
18.54, -0.8000, -6.876
18.55, -0.8000, -5.642
18.56, -0.8000, -7.173
18.57, -0.8000, -7.603
18.58, -0.8000, -6.607
18.59, -0.8000, -7.136
18.60, -0.8000, -5.636
18.61, -0.8000, -6.141
18.62, -0.8000, -6.445
18.63, -0.8000, -7.215
18.64, -0.8000, -6.614
18.65, -0.8000, -5.667
18.66, -0.8000, -6.200
18.67, -0.8000, -7.065
18.68, -0.8000, -6.129
18.69, -0.8000, -6.289
18.70, -0.8000, -6.903
18.71, -0.8000, -6.704
18.72, -0.8000, -5.956
18.73, -0.8000, -6.303
18.74, -0.8000, -6.089
18.75, -0.8000, -6.924
18.76, -0.8000, -7.189
18.77, -0.8000, -7.728
18.78, -0.8000, -6.907
18.79, -0.8000, -6.746
18.80, -0.8000, -7.341
18.81, -0.8000, -7.570
18.82, -0.8000, -5.441
18.83, -0.8000, -6.356
18.84, -0.8000, -5.322
18.85, -0.8000, -6.970
18.86, -0.8000, -5.950
18.87, -0.8000, -6.377
18.88, -0.8000, -6.025
18.89, -0.8000, -6.706
18.90, -0.8000, -6.809
18.91, -0.8000, -6.678
18.92, -0.8000, -6.598
18.93, -0.8000, -5.782
18.94, -0.8000, -5.866
18.95, -0.8000, -7.318
18.96, -0.8000, -6.011
18.97, -0.8000, -6.451
18.98, -0.8000, -7.149
18.99, -0.8000, -7.457
19.00, -0.8000, -6.402
19.01, -0.8000, -6.969
19.02, -0.8000, -5.652
19.03, -0.8000, -6.048
19.04, -0.8000, -6.820
19.05, -0.8000, -6.394
19.06, -0.8000, -7.115
19.07, -0.8000, -6.251
19.08, -0.8000, -7.978
19.09, -0.8000, -5.501
19.10, -0.8000, -6.991
19.11, -0.8000, -7.974
19.12, -0.8000, -6.958
19.13, -0.8000, -6.540
19.14, -0.8000, -5.663
19.15, -0.8000, -6.366
19.16, -0.8000, -5.656
19.17, -0.8000, -8.127
19.18, -0.8000, -7.085
19.19, -0.8000, -7.360
19.20, -0.8000, -6.605
19.21, -0.8000, -6.648
19.22, -0.8000, -6.908
19.23, -0.8000, -5.910
19.24, -0.8000, -7.762
19.25, -0.8000, -8.528
19.26, -0.8000, -6.156
19.27, -0.8000, -6.938
19.28, -0.8000, -6.734
19.29, -0.8000, -6.342
19.30, -0.8000, -6.029
19.31, -0.8000, -7.005
19.32, -0.8000, -6.502
19.33, -0.8000, -5.619
19.34, -0.8000, -6.596
19.35, -0.8000, -6.336
19.36, -0.8000, -6.904
19.37, -0.8000, -7.103
19.38, -0.8000, -6.015
19.39, -0.8000, -6.270
19.40, -0.8000, -6.691
19.41, -0.8000, -6.134
19.42, -0.8000, -5.400
19.43, -0.8000, -6.224
19.44, -0.8000, -6.674
19.45, -0.8000, -6.055
19.46, -0.8000, -6.371
19.47, -0.8000, -6.578
19.48, -0.8000, -6.215
19.49, -0.8000, -8.095
19.50, -0.8000, -8.213
19.51, -0.8000, -6.739
19.52, -0.8000, -6.319
19.53, -0.8000, -7.487
19.54, -0.8000, -7.529
19.55, -0.8000, -6.239
19.56, -0.8000, -7.717
19.57, -0.8000, -6.771
19.58, -0.8000, -5.936
19.59, -0.8000, -5.211
19.60, -0.8000, -6.246
19.61, -0.8000, -6.489
19.62, -0.8000, -7.974
19.63, -0.8000, -7.099
19.64, -0.8000, -5.371
19.65, -0.8000, -6.340
19.66, -0.8000, -7.199
19.67, -0.8000, -6.648
19.68, -0.8000, -6.895
19.69, -0.8000, -7.191
19.70, -0.8000, -7.082
19.71, -0.8000, -5.945
19.72, -0.8000, -6.253
19.73, -0.8000, -5.728
19.74, -0.8000, -6.394
19.75, -0.8000, -5.857
19.76, -0.8000, -6.283
19.77, -0.8000, -6.762
19.78, -0.8000, -7.237
19.79, -0.8000, -6.603
19.80, -0.8000, -8.209
19.81, -0.8000, -6.040
19.82, -0.8000, -6.757
19.83, -0.8000, -7.195
19.84, -0.8000, -6.364
19.85, -0.8000, -6.770
19.86, -0.8000, -7.116
19.87, -0.8000, -6.273
19.88, -0.8000, -6.804
19.89, -0.8000, -6.211
19.90, -0.8000, -6.329
19.91, -0.8000, -7.984
19.92, -0.8000, -6.996
19.93, -0.8000, -6.327
19.94, -0.8000, -6.638
19.95, -0.8000, -5.998
19.96, -0.8000, -5.595
19.97, -0.8000, -7.729
19.98, -0.8000, -7.725
19.99, -0.8000, -6.565
20.00, -0.8000, -6.753
20.01, -0.8000, -7.309
20.02, -0.8000, -6.388
20.03, -0.8000, -5.903
20.04, -0.8000, -7.205
20.05, -0.8000, -7.272
20.06, -0.8000, -5.463
20.07, -0.8000, -6.857
20.08, -0.8000, -7.868
20.09, -0.8000, -6.588
20.10, -0.8000, -7.583
20.11, -0.8000, -6.663
20.12, -0.8000, -7.724
20.13, -0.8000, -6.949
20.14, -0.8000, -6.109
20.15, -0.8000, -6.469
20.16, -0.8000, -6.435
20.17, -0.8000, -7.397
20.18, -0.8000, -6.718
20.19, -0.8000, -7.154
20.20, -0.8000, -6.500
20.21, -0.8000, -6.138
20.22, -0.8000, -6.747
20.23, -0.8000, -7.286
20.24, -0.8000, -6.440
20.25, -0.8000, -6.918
20.26, -0.8000, -7.136
20.27, -0.8000, -7.614
20.28, -0.8000, -7.354
20.29, -0.8000, -7.376
20.30, -0.8000, -7.267
20.31, -0.8000, -6.731
20.32, -0.8000, -6.511
20.33, -0.8000, -5.803
20.34, -0.8000, -6.538
20.35, -0.8000, -6.575
20.36, -0.8000, -6.632
20.37, -0.8000, -6.702
20.38, -0.8000, -6.022
20.39, -0.8000, -7.009
20.40, -0.8000, -6.182
20.41, -0.8000, -6.892
20.42, -0.8000, -7.862
20.43, -0.8000, -6.819
20.44, -0.8000, -6.454
20.45, -0.8000, -7.205
20.46, -0.8000, -5.654
20.47, -0.8000, -7.851
20.48, -0.8000, -7.622
20.49, -0.8000, -7.486
20.50, -0.8000, -6.884
20.51, -0.8000, -8.081
20.52, -0.8000, -7.444
20.53, -0.8000, -7.520
20.54, -0.8000, -7.605
20.55, -0.8000, -6.898
20.56, -0.8000, -5.804
20.57, -0.8000, -6.383
20.58, -0.8000, -8.421
20.59, -0.8000, -7.188
20.60, -0.8000, -6.057
20.61, -0.8000, -6.526
20.62, -0.8000, -6.848
20.63, -0.8000, -6.501
20.64, -0.8000, -7.494
20.65, -0.8000, -6.209
20.66, -0.8000, -5.550
20.67, -0.8000, -7.343
20.68, -0.8000, -6.557
20.69, -0.8000, -7.252
20.70, -0.8000, -5.976
20.71, -0.8000, -7.792
20.72, -0.8000, -7.552
20.73, -0.8000, -6.348
20.74, -0.8000, -7.302
20.75, -0.8000, -6.431
20.76, -0.8000, -7.376
20.77, -0.8000, -6.858
20.78, -0.8000, -6.390
20.79, -0.8000, -6.829
20.80, -0.8000, -6.753
20.81, -0.8000, -6.679
20.82, -0.8000, -6.361
20.83, -0.8000, -6.324
20.84, -0.8000, -7.742
20.85, -0.8000, -6.181
20.86, -0.8000, -6.332
20.87, -0.8000, -7.366
20.88, -0.8000, -6.722
20.89, -0.8000, -5.926
20.90, -0.8000, -7.194
20.91, -0.8000, -5.752
20.92, -0.8000, -6.522
20.93, -0.8000, -6.455
20.94, -0.8000, -5.385
20.95, -0.8000, -7.023
20.96, -0.8000, -7.250
20.97, -0.8000, -6.309
20.98, -0.8000, -6.481
20.99, -0.8000, -7.297
21.00, -0.8000, -6.919
21.01, -0.8000, -7.533
21.02, -0.8000, -6.234
21.03, -0.8000, -6.289
21.04, -0.8000, -6.296
21.05, -0.8000, -6.322
21.06, -0.8000, -6.321
21.07, -0.8000, -7.121
21.08, -0.8000, -6.671
21.09, -0.8000, -5.880
21.10, -0.8000, -6.317
21.11, -0.8000, -6.921
21.12, -0.8000, -6.894
21.13, -0.8000, -6.976
21.14, -0.8000, -6.987
21.15, -0.8000, -6.714
21.16, -0.8000, -5.981
21.17, -0.8000, -6.632
21.18, -0.8000, -6.937
21.19, -0.8000, -6.385
21.20, -0.8000, -5.671
21.21, -0.8000, -6.333
21.22, -0.8000, -5.059
21.23, -0.8000, -8.288
21.24, -0.8000, -6.519
21.25, -0.8000, -5.802
21.26, -0.8000, -6.239
21.27, -0.8000, -7.482
21.28, -0.8000, -6.809
21.29, -0.8000, -6.508
21.30, -0.8000, -8.410
21.31, -0.8000, -5.665
21.32, -0.8000, -7.294
21.33, -0.8000, -7.194
21.34, -0.8000, -7.434
21.35, -0.8000, -6.718
21.36, -0.8000, -7.137
21.37, -0.8000, -7.578
21.38, -0.8000, -6.653
21.39, -0.8000, -7.456
21.40, -0.8000, -6.497
21.41, -0.8000, -6.707
21.42, -0.8000, -7.465
21.43, -0.8000, -6.730
21.44, -0.8000, -6.380
21.45, -0.8000, -6.136
21.46, -0.8000, -7.294
21.47, -0.8000, -7.617
21.48, -0.8000, -8.248
21.49, -0.8000, -7.235
21.50, -0.8000, -6.727
21.51, -0.8000, -6.287
21.52, -0.8000, -5.889
21.53, -0.8000, -6.676
21.54, -0.8000, -7.355
21.55, -0.8000, -6.507
21.56, -0.8000, -6.018
21.57, -0.8000, -6.614
21.58, -0.8000, -8.577
21.59, -0.8000, -7.242
21.60, -0.8000, -6.276
21.61, -0.8000, -7.171
21.62, -0.8000, -7.378
21.63, -0.8000, -6.082
21.64, -0.8000, -7.861
21.65, -0.8000, -7.358
21.66, -0.8000, -6.412
21.67, -0.8000, -5.956
21.68, -0.8000, -7.381
21.69, -0.8000, -7.039
21.70, -0.8000, -8.024
21.71, -0.8000, -7.202
21.72, -0.8000, -6.509
21.73, -0.8000, -6.101
21.74, -0.8000, -6.999
21.75, -0.8000, -7.383
21.76, -0.8000, -7.374
21.77, -0.8000, -6.659
21.78, -0.8000, -7.774
21.79, -0.8000, -6.761
21.80, -0.8000, -6.599
21.81, -0.8000, -7.381
21.82, -0.8000, -7.385
21.83, -0.8000, -6.601
21.84, -0.8000, -6.779
21.85, -0.8000, -5.920
21.86, -0.8000, -6.456
21.87, -0.8000, -7.734
21.88, -0.8000, -7.664
21.89, -0.8000, -6.455
21.90, -0.8000, -5.788
21.91, -0.8000, -7.137
21.92, -0.8000, -5.730
21.93, -0.8000, -7.321
21.94, -0.8000, -7.321
21.95, -0.8000, -6.235
21.96, -0.8000, -6.311
21.97, -0.8000, -6.165
21.98, -0.8000, -7.541
21.99, -0.8000, -7.831
22.00, -0.8000, -7.051
22.01, -0.8000, -6.347
22.02, -0.8000, -6.942
22.03, -0.8000, -6.817
22.04, -0.8000, -6.167
22.05, -0.8000, -8.101
22.06, -0.8000, -7.087
22.07, -0.8000, -7.961
22.08, -0.8000, -7.522
22.09, -0.8000, -6.727
22.10, -0.8000, -6.436
22.11, -0.8000, -6.920
22.12, -0.8000, -7.791
22.13, -0.8000, -6.120
22.14, -0.8000, -6.739
22.15, -0.8000, -7.374
22.16, -0.8000, -6.398
22.17, -0.8000, -6.905
22.18, -0.8000, -7.082
22.19, -0.8000, -6.759
22.20, -0.8000, -6.956
22.21, -0.8000, -7.522
22.22, -0.8000, -7.548
22.23, -0.8000, -6.945
22.24, -0.8000, -5.774
22.25, -0.8000, -6.741
22.26, -0.8000, -6.940
22.27, -0.8000, -5.923
22.28, -0.8000, -8.916
22.29, -0.8000, -7.033
22.30, -0.8000, -6.199
22.31, -0.8000, -6.686
22.32, -0.8000, -6.324
22.33, -0.8000, -7.000
22.34, -0.8000, -6.945
22.35, -0.8000, -8.362
22.36, -0.8000, -7.049
22.37, -0.8000, -5.756
22.38, -0.8000, -7.014
22.39, -0.8000, -7.783
22.40, -0.8000, -7.090
22.41, -0.8000, -7.607
22.42, -0.8000, -6.786
22.43, -0.8000, -6.594
22.44, -0.8000, -7.106
22.45, -0.8000, -8.120
22.46, -0.8000, -6.530
22.47, -0.8000, -6.475
22.48, -0.8000, -7.049
22.49, -0.8000, -6.768
22.50, -0.8000, -6.384
22.51, -0.8000, -7.684
22.52, -0.8000, -7.361
22.53, -0.8000, -6.431
22.54, -0.8000, -8.374
22.55, -0.8000, -6.505
22.56, -0.8000, -7.231
22.57, -0.8000, -7.691
22.58, -0.8000, -6.792
22.59, -0.8000, -7.186
22.60, -0.8000, -7.794
22.61, -0.8000, -6.041
22.62, -0.8000, -7.863
22.63, -0.8000, -6.389
22.64, -0.8000, -6.641
22.65, -0.8000, -6.651
22.66, -0.8000, -7.184
22.67, -0.8000, -6.953
22.68, -0.8000, -5.597
22.69, -0.8000, -8.170
22.70, -0.8000, -7.016
22.71, -0.8000, -6.767
22.72, -0.8000, -6.917
22.73, -0.8000, -6.280
22.74, -0.8000, -7.762
22.75, -0.8000, -7.376
22.76, -0.8000, -7.256
22.77, -0.8000, -8.113
22.78, -0.8000, -7.141
22.79, -0.8000, -6.268
22.80, -0.8000, -6.675
22.81, -0.8000, -6.993
22.82, -0.8000, -7.379
22.83, -0.8000, -6.222
22.84, -0.8000, -7.859
22.85, -0.8000, -7.230
22.86, -0.8000, -7.468
22.87, -0.8000, -6.665
22.88, -0.8000, -7.430
22.89, -0.8000, -7.955
22.90, -0.8000, -7.252
22.91, -0.8000, -6.813
22.92, -0.8000, -7.086
22.93, -0.8000, -6.574
22.94, -0.8000, -7.893
22.95, -0.8000, -7.018
22.96, -0.8000, -7.118
22.97, -0.8000, -6.798
22.98, -0.8000, -7.346
22.99, -0.8000, -7.179
23.00, -0.8000, -7.977
23.01, -0.8000, -6.705
23.02, -0.8000, -7.298
23.03, -0.8000, -7.517
23.04, -0.8000, -6.061
23.05, -0.8000, -7.808
23.06, -0.8000, -6.708
23.07, -0.8000, -7.510
23.08, -0.8000, -7.364
23.09, -0.8000, -5.686
23.10, -0.8000, -6.897
23.11, -0.8000, -7.585
23.12, -0.8000, -6.339
23.13, -0.8000, -6.572
23.14, -0.8000, -7.061
23.15, -0.8000, -6.530
23.16, -0.8000, -7.735
23.17, -0.8000, -7.123
23.18, -0.8000, -6.787
23.19, -0.8000, -6.791
23.20, -0.8000, -7.229
23.21, -0.8000, -7.143
23.22, -0.8000, -7.903
23.23, -0.8000, -6.589
23.24, -0.8000, -7.326
23.25, -0.8000, -7.868
23.26, -0.8000, -6.746
23.27, -0.8000, -7.809
23.28, -0.8000, -7.014
23.29, -0.8000, -6.738
23.30, -0.8000, -7.897
23.31, -0.8000, -5.875
23.32, -0.8000, -7.343
23.33, -0.8000, -8.610
23.34, -0.8000, -6.750
23.35, -0.8000, -7.161
23.36, -0.8000, -6.519
23.37, -0.8000, -7.754
23.38, -0.8000, -6.920
23.39, -0.8000, -8.069
23.40, -0.8000, -7.480
23.41, -0.8000, -7.485
23.42, -0.8000, -6.916
23.43, -0.8000, -8.866
23.44, -0.8000, -8.339
23.45, -0.8000, -6.662
23.46, -0.8000, -7.561
23.47, -0.8000, -6.548
23.48, -0.8000, -8.547
23.49, -0.8000, -7.053
23.50, -0.8000, -7.297
23.51, -0.8000, -7.406
23.52, -0.8000, -6.172
23.53, -0.8000, -6.754
23.54, -0.8000, -8.070
23.55, -0.8000, -6.989
23.56, -0.8000, -6.666
23.57, -0.8000, -7.547
23.58, -0.8000, -7.066
23.59, -0.8000, -7.438
23.60, -0.8000, -7.014
23.61, -0.8000, -6.366
23.62, -0.8000, -6.533
23.63, -0.8000, -7.481
23.64, -0.8000, -6.940
23.65, -0.8000, -7.453
23.66, -0.8000, -6.693
23.67, -0.8000, -7.046
23.68, -0.8000, -7.052
23.69, -0.8000, -7.883
23.70, -0.8000, -8.713
23.71, -0.8000, -6.429
23.72, -0.8000, -6.751
23.73, -0.8000, -7.353
23.74, -0.8000, -7.024
23.75, -0.8000, -6.968
23.76, -0.8000, -7.501
23.77, -0.8000, -6.375
23.78, -0.8000, -6.812
23.79, -0.8000, -6.583
23.80, -0.8000, -7.186
23.81, -0.8000, -7.034
23.82, -0.8000, -6.609
23.83, -0.8000, -7.218
23.84, -0.8000, -7.500
23.85, -0.8000, -6.991
23.86, -0.8000, -7.564
23.87, -0.8000, -6.967
23.88, -0.8000, -7.251
23.89, -0.8000, -6.057
23.90, -0.8000, -7.664
23.91, -0.8000, -7.277
23.92, -0.8000, -6.744
23.93, -0.8000, -6.534
23.94, -0.8000, -6.271
23.95, -0.8000, -6.493
23.96, -0.8000, -8.304
23.97, -0.8000, -6.637
23.98, -0.8000, -7.193
23.99, -0.8000, -8.278
24.00, -0.8000, -6.697
24.01, -0.8000, -7.395
24.02, -0.8000, -7.228
24.03, -0.8000, -6.429
24.04, -0.8000, -7.045
24.05, -0.8000, -6.399
24.06, -0.8000, -8.230
24.07, -0.8000, -6.633
24.08, -0.8000, -7.683
24.09, -0.8000, -6.972
24.10, -0.8000, -6.155
24.11, -0.8000, -7.827
24.12, -0.8000, -7.870
24.13, -0.8000, -8.290
24.14, -0.8000, -6.981
24.15, -0.8000, -6.540
24.16, -0.8000, -8.369
24.17, -0.8000, -7.317
24.18, -0.8000, -7.889
24.19, -0.8000, -6.842
24.20, -0.8000, -6.811
24.21, -0.8000, -7.076
24.22, -0.8000, -7.040
24.23, -0.8000, -7.259
24.24, -0.8000, -7.201
24.25, -0.8000, -7.344
24.26, -0.8000, -7.559
24.27, -0.8000, -6.718
24.28, -0.8000, -7.772
24.29, -0.8000, -8.582
24.30, -0.8000, -6.994
24.31, -0.8000, -7.743
24.32, -0.8000, -7.013
24.33, -0.8000, -6.953
24.34, -0.8000, -8.249
24.35, -0.8000, -7.643
24.36, -0.8000, -6.552
24.37, -0.8000, -7.115
24.38, -0.8000, -6.353
24.39, -0.8000, -7.484
24.40, -0.8000, -7.002
24.41, -0.8000, -6.509
24.42, -0.8000, -7.089
24.43, -0.8000, -7.324
24.44, -0.8000, -7.815
24.45, -0.8000, -6.651
24.46, -0.8000, -7.116
24.47, -0.8000, -7.011
24.48, -0.8000, -7.309
24.49, -0.8000, -8.251
24.50, -0.8000, -7.416
24.51, -0.8000, -6.732
24.52, -0.8000, -7.639
24.53, -0.8000, -7.061
24.54, -0.8000, -7.444
24.55, -0.8000, -6.668
24.56, -0.8000, -7.544
24.57, -0.8000, -6.283
24.58, -0.8000, -7.461
24.59, -0.8000, -7.274
24.60, -0.8000, -7.535
24.61, -0.8000, -7.732
24.62, -0.8000, -6.568
24.63, -0.8000, -6.964
24.64, -0.8000, -6.590
24.65, -0.8000, -6.313
24.66, -0.8000, -6.601
24.67, -0.8000, -6.135
24.68, -0.8000, -7.434
24.69, -0.8000, -8.243
24.70, -0.8000, -7.656
24.71, -0.8000, -6.954
24.72, -0.8000, -8.462
24.73, -0.8000, -7.356
24.74, -0.8000, -7.404
24.75, -0.8000, -8.391
24.76, -0.8000, -5.905
24.77, -0.8000, -6.766
24.78, -0.8000, -7.632
24.79, -0.8000, -7.782
24.80, -0.8000, -6.323
24.81, -0.8000, -7.262
24.82, -0.8000, -7.878
24.83, -0.8000, -7.607
24.84, -0.8000, -7.625
24.85, -0.8000, -6.666
24.86, -0.8000, -7.757
24.87, -0.8000, -6.049
24.88, -0.8000, -7.924
24.89, -0.8000, -7.871
24.90, -0.8000, -6.386
24.91, -0.8000, -7.304
24.92, -0.8000, -7.171
24.93, -0.8000, -7.006
24.94, -0.8000, -7.619
24.95, -0.8000, -7.936
24.96, -0.8000, -7.675
24.97, -0.8000, -8.056
24.98, -0.8000, -6.125
24.99, -0.8000, -7.378
25.00, -0.8000, -7.250
25.01, -0.8000, -8.047
25.02, -0.8000, -6.957
25.03, -0.8000, -7.404
25.04, -0.8000, -6.953
25.05, -0.8000, -8.031
25.06, -0.8000, -7.804
25.07, -0.8000, -6.601
25.08, -0.8000, -8.369
25.09, -0.8000, -5.662
25.10, -0.8000, -7.904
25.11, -0.8000, -7.794
25.12, -0.8000, -7.583
25.13, -0.8000, -7.154
25.14, -0.8000, -7.464
25.15, -0.8000, -6.867
25.16, -0.8000, -8.016
25.17, -0.8000, -6.957
25.18, -0.8000, -8.023
25.19, -0.8000, -7.043
25.20, -0.8000, -5.724
25.21, -0.8000, -7.851
25.22, -0.8000, -7.551
25.23, -0.8000, -7.421
25.24, -0.8000, -6.858
25.25, -0.8000, -6.439
25.26, -0.8000, -6.717
25.27, -0.8000, -8.045
25.28, -0.8000, -7.113
25.29, -0.8000, -7.368
25.30, -0.8000, -8.164
25.31, -0.8000, -7.318
25.32, -0.8000, -6.116
25.33, -0.8000, -6.678
25.34, -0.8000, -8.650
25.35, -0.8000, -8.436
25.36, -0.8000, -7.237
25.37, -0.8000, -6.507
25.38, -0.8000, -6.998
25.39, -0.8000, -8.838
25.40, -0.8000, -7.845
25.41, -0.8000, -7.322
25.42, -0.8000, -6.954
25.43, -0.8000, -6.663
25.44, -0.8000, -6.906
25.45, -0.8000, -8.783
25.46, -0.8000, -8.395
25.47, -0.8000, -7.264
25.48, -0.8000, -7.100
25.49, -0.8000, -7.021
25.50, -0.8000, -6.788
25.51, -0.8000, -6.935
25.52, -0.8000, -7.534
25.53, -0.8000, -7.362
25.54, -0.8000, -7.937
25.55, -0.8000, -7.682
25.56, -0.8000, -7.397
25.57, -0.8000, -7.336
25.58, -0.8000, -7.862
25.59, -0.8000, -7.359
25.60, -0.8000, -7.637
25.61, -0.8000, -7.267
25.62, -0.8000, -8.461
25.63, -0.8000, -7.347
25.64, -0.8000, -6.735
25.65, -0.8000, -8.359
25.66, -0.8000, -6.668
25.67, -0.8000, -7.307
25.68, -0.8000, -8.043
25.69, -0.8000, -7.630
25.70, -0.8000, -7.270
25.71, -0.8000, -6.979
25.72, -0.8000, -8.384
25.73, -0.8000, -9.308
25.74, -0.8000, -6.671
25.75, -0.8000, -7.608
25.76, -0.8000, -7.296
25.77, -0.8000, -6.941
25.78, -0.8000, -7.342
25.79, -0.8000, -6.273
25.80, -0.8000, -7.289
25.81, -0.8000, -7.764
25.82, -0.8000, -7.329
25.83, -0.8000, -7.233
25.84, -0.8000, -8.354
25.85, -0.8000, -7.409
25.86, -0.8000, -6.495
25.87, -0.8000, -8.192
25.88, -0.8000, -6.534
25.89, -0.8000, -8.090
25.90, -0.8000, -8.066
25.91, -0.8000, -6.928
25.92, -0.8000, -7.037
25.93, -0.8000, -8.027
25.94, -0.8000, -6.974
25.95, -0.8000, -7.738
25.96, -0.8000, -8.304
25.97, -0.8000, -6.910
25.98, -0.8000, -7.223
25.99, -0.8000, -7.319
26.00, -0.8000, -6.629
26.01, -0.8000, -8.099
26.02, -0.8000, -7.344
26.03, -0.8000, -6.762
26.04, -0.8000, -6.724
26.05, -0.8000, -6.894
26.06, -0.8000, -7.275
26.07, -0.8000, -8.190
26.08, -0.8000, -8.129
26.09, -0.8000, -6.464
26.10, -0.8000, -6.986
26.11, -0.8000, -6.497
26.12, -0.8000, -7.480
26.13, -0.8000, -8.598
26.14, -0.8000, -8.799
26.15, -0.8000, -6.520
26.16, -0.8000, -6.526
26.17, -0.8000, -6.600
26.18, -0.8000, -6.603
26.19, -0.8000, -8.580
26.20, -0.8000, -6.886
26.21, -0.8000, -7.185
26.22, -0.8000, -7.854
26.23, -0.8000, -6.543
26.24, -0.8000, -7.235
26.25, -0.8000, -8.916
26.26, -0.8000, -8.306
26.27, -0.8000, -7.269
26.28, -0.8000, -6.717
26.29, -0.8000, -8.137
26.30, -0.8000, -7.691
26.31, -0.8000, -7.668
26.32, -0.8000, -6.745
26.33, -0.8000, -7.614
26.34, -0.8000, -7.390
26.35, -0.8000, -8.445
26.36, -0.8000, -7.526
26.37, -0.8000, -8.556
26.38, -0.8000, -8.388
26.39, -0.8000, -7.697
26.40, -0.8000, -8.327
26.41, -0.8000, -7.023
26.42, -0.8000, -7.218
26.43, -0.8000, -6.652
26.44, -0.8000, -7.356
26.45, -0.8000, -7.735
26.46, -0.8000, -8.254
26.47, -0.8000, -7.264
26.48, -0.8000, -6.945
26.49, -0.8000, -6.515
26.50, -0.8000, -7.669
26.51, -0.8000, -7.343
26.52, -0.8000, -7.639
26.53, -0.8000, -7.373
26.54, -0.8000, -6.355
26.55, -0.8000, -6.984
26.56, -0.8000, -8.519
26.57, -0.8000, -7.052
26.58, -0.8000, -7.881
26.59, -0.8000, -7.833
26.60, -0.8000, -7.576
26.61, -0.8000, -7.989
26.62, -0.8000, -7.642
26.63, -0.8000, -7.579
26.64, -0.8000, -6.756
26.65, -0.8000, -6.352
26.66, -0.8000, -8.152
26.67, -0.8000, -7.125
26.68, -0.8000, -7.739
26.69, -0.8000, -7.478
26.70, -0.8000, -7.583
26.71, -0.8000, -7.669
26.72, -0.8000, -7.761
26.73, -0.8000, -7.894
26.74, -0.8000, -7.037
26.75, -0.8000, -6.629
26.76, -0.8000, -7.667
26.77, -0.8000, -8.181
26.78, -0.8000, -6.858
26.79, -0.8000, -6.505
26.80, -0.8000, -8.380
26.81, -0.8000, -7.498
26.82, -0.8000, -6.364
26.83, -0.8000, -7.019
26.84, -0.8000, -8.030
26.85, -0.8000, -7.448
26.86, -0.8000, -8.455
26.87, -0.8000, -7.724
26.88, -0.8000, -8.410
26.89, -0.8000, -7.620
26.90, -0.8000, -7.204
26.91, -0.8000, -8.723
26.92, -0.8000, -7.092
26.93, -0.8000, -6.866
26.94, -0.8000, -6.804
26.95, -0.8000, -7.962
26.96, -0.8000, -8.085
26.97, -0.8000, -7.254
26.98, -0.8000, -7.573
26.99, -0.8000, -7.765
27.00, -0.8000, -8.134
27.01, -0.8000, -7.499
27.02, -0.8000, -7.228
27.03, -0.8000, -7.409
27.04, -0.8000, -6.454
27.05, -0.8000, -8.166
27.06, -0.8000, -8.725
27.07, -0.8000, -7.245
27.08, -0.8000, -7.764
27.09, -0.8000, -7.153
27.10, -0.8000, -7.323
27.11, -0.8000, -7.032
27.12, -0.8000, -6.706
27.13, -0.8000, -8.495
27.14, -0.8000, -7.242
27.15, -0.8000, -7.376
27.16, -0.8000, -7.626
27.17, -0.8000, -8.010
27.18, -0.8000, -7.998
27.19, -0.8000, -6.751
27.20, -0.8000, -7.465
27.21, -0.8000, -7.825
27.22, -0.8000, -7.172
27.23, -0.8000, -8.741
27.24, -0.8000, -6.728
27.25, -0.8000, -7.709
27.26, -0.8000, -6.922
27.27, -0.8000, -8.050
27.28, -0.8000, -7.529
27.29, -0.8000, -7.315
27.30, -0.8000, -7.805
27.31, -0.8000, -8.241
27.32, -0.8000, -7.730
27.33, -0.8000, -6.696
27.34, -0.8000, -7.060
27.35, -0.8000, -7.463
27.36, -0.8000, -8.239
27.37, -0.8000, -7.118
27.38, -0.8000, -8.140
27.39, -0.8000, -7.815
27.40, -0.8000, -8.439
27.41, -0.8000, -8.708
27.42, -0.8000, -7.152
27.43, -0.8000, -7.760
27.44, -0.8000, -7.047
27.45, -0.8000, -8.341
27.46, -0.8000, -8.489
27.47, -0.8000, -7.197
27.48, -0.8000, -6.970
27.49, -0.8000, -8.386
27.50, -0.8000, -6.809
27.51, -0.8000, -6.866
27.52, -0.8000, -8.176
27.53, -0.8000, -7.651
27.54, -0.8000, -7.265
27.55, -0.8000, -7.457
27.56, -0.8000, -8.066
27.57, -0.8000, -7.918
27.58, -0.8000, -8.012
27.59, -0.8000, -6.545
27.60, -0.8000, -7.135
27.61, -0.8000, -7.509
27.62, -0.8000, -7.516
27.63, -0.8000, -7.891
27.64, -0.8000, -7.161
27.65, -0.8000, -7.170
27.66, -0.8000, -7.316
27.67, -0.8000, -6.670
27.68, -0.8000, -7.406
27.69, -0.8000, -8.191
27.70, -0.8000, -7.178
27.71, -0.8000, -7.593
27.72, -0.8000, -7.819
27.73, -0.8000, -6.549
27.74, -0.8000, -8.974
27.75, -0.8000, -6.463
27.76, -0.8000, -6.489
27.77, -0.8000, -7.762
27.78, -0.8000, -7.381
27.79, -0.8000, -7.230
27.80, -0.8000, -7.760
27.81, -0.8000, -7.280
27.82, -0.8000, -7.089
27.83, -0.8000, -6.574
27.84, -0.8000, -7.661
27.85, -0.8000, -7.857
27.86, -0.8000, -8.920
27.87, -0.8000, -7.558
27.88, -0.8000, -8.124
27.89, -0.8000, -6.369
27.90, -0.8000, -7.445
27.91, -0.8000, -7.775
27.92, -0.8000, -7.350
27.93, -0.8000, -8.453
27.94, -0.8000, -6.295
27.95, -0.8000, -7.761
27.96, -0.8000, -7.986
27.97, -0.8000, -8.253
27.98, -0.8000, -7.042
27.99, -0.8000, -7.988
28.00, -0.8000, -7.005
28.01, -0.8000, -8.581
28.02, -0.8000, -7.758
28.03, -0.8000, -7.497
28.04, -0.8000, -7.758
28.05, -0.8000, -7.716
28.06, -0.8000, -8.262
28.07, -0.8000, -7.034
28.08, -0.8000, -8.215
28.09, -0.8000, -7.995
28.10, -0.8000, -7.029
28.11, -0.8000, -8.951
28.12, -0.8000, -7.360
28.13, -0.8000, -6.681
28.14, -0.8000, -7.781
28.15, -0.8000, -7.269
28.16, -0.8000, -7.517
28.17, -0.8000, -7.601
28.18, -0.8000, -7.394
28.19, -0.8000, -7.450
28.20, -0.8000, -7.958
28.21, -0.8000, -8.029
28.22, -0.8000, -6.347
28.23, -0.8000, -7.638
28.24, -0.8000, -6.586
28.25, -0.8000, -7.710
28.26, -0.8000, -8.192
28.27, -0.8000, -7.666
28.28, -0.8000, -6.602
28.29, -0.8000, -7.366
28.30, -0.8000, -7.269
28.31, -0.8000, -8.010
28.32, -0.8000, -7.744
28.33, -0.8000, -9.116
28.34, -0.8000, -8.860
28.35, -0.8000, -7.960
28.36, -0.8000, -8.628
28.37, -0.8000, -8.258
28.38, -0.8000, -7.717
28.39, -0.8000, -6.989
28.40, -0.8000, -7.132
28.41, -0.8000, -8.913
28.42, -0.8000, -7.553
28.43, -0.8000, -7.882
28.44, -0.8000, -7.347
28.45, -0.8000, -7.250
28.46, -0.8000, -7.599
28.47, -0.8000, -7.674
28.48, -0.8000, -6.996
28.49, -0.8000, -7.898
28.50, -0.8000, -8.059
28.51, -0.8000, -7.287
28.52, -0.8000, -7.522
28.53, -0.8000, -7.932
28.54, -0.8000, -7.997
28.55, -0.8000, -7.748
28.56, -0.8000, -7.367
28.57, -0.8000, -8.201
28.58, -0.8000, -7.074
28.59, -0.8000, -7.482
28.60, -0.8000, -7.274
28.61, -0.8000, -7.635
28.62, -0.8000, -6.480
28.63, -0.8000, -7.438
28.64, -0.8000, -7.799
28.65, -0.8000, -8.233
28.66, -0.8000, -8.370
28.67, -0.8000, -8.614
28.68, -0.8000, -7.815
28.69, -0.8000, -8.196
28.70, -0.8000, -7.343
28.71, -0.8000, -7.857
28.72, -0.8000, -7.385
28.73, -0.8000, -7.563
28.74, -0.8000, -8.254
28.75, -0.8000, -7.672
28.76, -0.8000, -7.357
28.77, -0.8000, -7.745
28.78, -0.8000, -8.128
28.79, -0.8000, -8.183
28.80, -0.8000, -7.616
28.81, -0.8000, -7.673
28.82, -0.8000, -8.351
28.83, -0.8000, -7.479
28.84, -0.8000, -7.428
28.85, -0.8000, -7.998
28.86, -0.8000, -7.246
28.87, -0.8000, -7.890
28.88, -0.8000, -7.611
28.89, -0.8000, -8.884
28.90, -0.8000, -6.775
28.91, -0.8000, -7.786
28.92, -0.8000, -8.676
28.93, -0.8000, -8.952
28.94, -0.8000, -6.994
28.95, -0.8000, -7.154
28.96, -0.8000, -7.205
28.97, -0.8000, -9.735
28.98, -0.8000, -6.751
28.99, -0.8000, -7.190
29.00, -0.8000, -7.492
29.01, -0.8000, -7.992
29.02, -0.8000, -6.805
29.03, -0.8000, -8.348
29.04, -0.8000, -8.172
29.05, -0.8000, -6.686
29.06, -0.8000, -7.373
29.07, -0.8000, -7.281
29.08, -0.8000, -8.462
29.09, -0.8000, -6.094
29.10, -0.8000, -7.811
29.11, -0.8000, -7.119
29.12, -0.8000, -7.519
29.13, -0.8000, -7.252
29.14, -0.8000, -7.314
29.15, -0.8000, -7.326
29.16, -0.8000, -7.875
29.17, -0.8000, -7.491
29.18, -0.8000, -7.567
29.19, -0.8000, -8.285
29.20, -0.8000, -7.963
29.21, -0.8000, -7.567
29.22, -0.8000, -6.648
29.23, -0.8000, -8.358
29.24, -0.8000, -7.342
29.25, -0.8000, -7.615
29.26, -0.8000, -6.912
29.27, -0.8000, -7.694
29.28, -0.8000, -7.890
29.29, -0.8000, -7.859
29.30, -0.8000, -6.963
29.31, -0.8000, -6.929
29.32, -0.8000, -7.391
29.33, -0.8000, -7.768
29.34, -0.8000, -7.314
29.35, -0.8000, -6.906
29.36, -0.8000, -7.986
29.37, -0.8000, -7.632
29.38, -0.8000, -6.829
29.39, -0.8000, -8.712
29.40, -0.8000, -7.433
29.41, -0.8000, -8.142
29.42, -0.8000, -7.317
29.43, -0.8000, -8.367
29.44, -0.8000, -6.826
29.45, -0.8000, -8.684
29.46, -0.8000, -7.568
29.47, -0.8000, -7.470
29.48, -0.8000, -8.185
29.49, -0.8000, -8.333
29.50, -0.8000, -7.386
29.51, -0.8000, -7.530
29.52, -0.8000, -7.707
29.53, -0.8000, -8.680
29.54, -0.8000, -9.020
29.55, -0.8000, -7.420
29.56, -0.8000, -8.554
29.57, -0.8000, -7.888
29.58, -0.8000, -7.712
29.59, -0.8000, -9.200
29.60, -0.8000, -8.025
29.61, -0.8000, -8.839
29.62, -0.8000, -8.465
29.63, -0.8000, -7.967
29.64, -0.8000, -8.436
29.65, -0.8000, -7.676
29.66, -0.8000, -8.896
29.67, -0.8000, -8.517
29.68, -0.8000, -7.805
29.69, -0.8000, -7.240
29.70, -0.8000, -7.586
29.71, -0.8000, -8.015
29.72, -0.8000, -8.745
29.73, -0.8000, -6.802
29.74, -0.8000, -7.188
29.75, -0.8000, -7.045
29.76, -0.8000, -7.570
29.77, -0.8000, -6.359
29.78, -0.8000, -7.724
29.79, -0.8000, -8.322
29.80, -0.8000, -8.041
29.81, -0.8000, -8.394
29.82, -0.8000, -7.876
29.83, -0.8000, -7.337
29.84, -0.8000, -7.728
29.85, -0.8000, -7.300
29.86, -0.8000, -6.960
29.87, -0.8000, -7.764
29.88, -0.8000, -6.923
29.89, -0.8000, -7.156
29.90, -0.8000, -8.147
29.91, -0.8000, -8.465
29.92, -0.8000, -7.562
29.93, -0.8000, -8.393
29.94, -0.8000, -7.321
29.95, -0.8000, -8.546
29.96, -0.8000, -6.888
29.97, -0.8000, -7.670
29.98, -0.8000, -6.639
29.99, -0.8000, -8.225
30.00, -0.8000, -6.715
30.01, -0.8000, -6.682
30.02, -0.8000, -7.676
30.03, -0.8000, -8.911
30.04, -0.8000, -7.412
30.05, -0.8000, -8.531
30.06, -0.8000, -6.966
30.07, -0.8000, -7.508
30.08, -0.8000, -8.093
30.09, -0.8000, -6.940
30.10, -0.8000, -6.805
30.11, -0.8000, -8.282
30.12, -0.8000, -8.605
30.13, -0.8000, -8.170
30.14, -0.8000, -7.984
30.15, -0.8000, -7.707
30.16, -0.8000, -7.560
30.17, -0.8000, -7.543
30.18, -0.8000, -8.262
30.19, -0.8000, -8.246
30.20, -0.8000, -7.121
30.21, -0.8000, -7.403
30.22, -0.8000, -7.269
30.23, -0.8000, -7.089
30.24, -0.8000, -5.865
30.25, -0.8000, -7.080
30.26, -0.8000, -6.777
30.27, -0.8000, -7.586
30.28, -0.8000, -7.946
30.29, -0.8000, -7.988
30.30, -0.8000, -6.981
30.31, -0.8000, -8.987
30.32, -0.8000, -7.396
30.33, -0.8000, -7.684
30.34, -0.8000, -7.715
30.35, -0.8000, -7.598
30.36, -0.8000, -8.345
30.37, -0.8000, -7.786
30.38, -0.8000, -8.065
30.39, -0.8000, -6.681
30.40, -0.8000, -8.083
30.41, -0.8000, -7.292
30.42, -0.8000, -7.790
30.43, -0.8000, -7.777
30.44, -0.8000, -7.491
30.45, -0.8000, -8.074
30.46, -0.8000, -8.985
30.47, -0.8000, -7.827
30.48, -0.8000, -7.986
30.49, -0.8000, -7.368
30.50, -0.8000, -8.715
30.51, -0.8000, -7.518
30.52, -0.8000, -7.280
30.53, -0.8000, -7.860
30.54, -0.8000, -7.123
30.55, -0.8000, -8.133
30.56, -0.8000, -7.944
30.57, -0.8000, -7.861
30.58, -0.8000, -6.766
30.59, -0.8000, -7.880
30.60, -0.8000, -8.141
30.61, -0.8000, -8.053
30.62, -0.8000, -7.852
30.63, -0.8000, -8.267
30.64, -0.8000, -7.988
30.65, -0.8000, -7.010
30.66, -0.8000, -6.483
30.67, -0.8000, -8.303
30.68, -0.8000, -8.207
30.69, -0.8000, -7.226
30.70, -0.8000, -6.589
30.71, -0.8000, -8.616
30.72, -0.8000, -8.763
30.73, -0.8000, -8.785
30.74, -0.8000, -7.540
30.75, -0.8000, -7.407
30.76, -0.8000, -8.047
30.77, -0.8000, -7.727
30.78, -0.8000, -6.997
30.79, -0.8000, -8.122
30.80, -0.8000, -7.194
30.81, -0.8000, -7.131
30.82, -0.8000, -8.454
30.83, -0.8000, -7.119
30.84, -0.8000, -7.650
30.85, -0.8000, -7.994
30.86, -0.8000, -7.556
30.87, -0.8000, -7.955
30.88, -0.8000, -7.345
30.89, -0.8000, -7.328
30.90, -0.8000, -8.321
30.91, -0.8000, -7.995
30.92, -0.8000, -7.533
30.93, -0.8000, -7.625
30.94, -0.8000, -7.962
30.95, -0.8000, -7.706
30.96, -0.8000, -7.110
30.97, -0.8000, -8.053
30.98, -0.8000, -7.939
30.99, -0.8000, -7.162
31.00, -0.8000, -6.833
31.01, -0.8000, -6.761
31.02, -0.8000, -7.865
31.03, -0.8000, -7.005
31.04, -0.8000, -7.710
31.05, -0.8000, -7.782
31.06, -0.8000, -7.705
31.07, -0.8000, -7.818
31.08, -0.8000, -7.557
31.09, -0.8000, -7.982
31.10, -0.8000, -6.466
31.11, -0.8000, -7.857
31.12, -0.8000, -7.390
31.13, -0.8000, -7.315
31.14, -0.8000, -8.112
31.15, -0.8000, -6.669
31.16, -0.8000, -9.091
31.17, -0.8000, -7.977
31.18, -0.8000, -7.946
31.19, -0.8000, -7.571
31.20, -0.8000, -7.883
31.21, -0.8000, -8.439
31.22, -0.8000, -6.805
31.23, -0.8000, -6.634
31.24, -0.8000, -7.806
31.25, -0.8000, -7.729
31.26, -0.8000, -7.395
31.27, -0.8000, -8.116
31.28, -0.8000, -7.907
31.29, -0.8000, -6.823
31.30, -0.8000, -7.108
31.31, -0.8000, -8.027
31.32, -0.8000, -8.849
31.33, -0.8000, -8.150
31.34, -0.8000, -6.676
31.35, -0.8000, -8.118
31.36, -0.8000, -6.539
31.37, -0.8000, -8.062
31.38, -0.8000, -7.500
31.39, -0.8000, -7.939
31.40, -0.8000, -7.790
31.41, -0.8000, -7.826
31.42, -0.8000, -8.000
31.43, -0.8000, -7.523
31.44, -0.8000, -7.526
31.45, -0.8000, -7.846
31.46, -0.8000, -7.656
31.47, -0.8000, -7.411
31.48, -0.8000, -7.935
31.49, -0.8000, -7.606
31.50, -0.8000, -7.590
31.51, -0.8000, -7.648
31.52, -0.8000, -6.998
31.53, -0.8000, -6.888
31.54, -0.8000, -8.291
31.55, -0.8000, -7.417
31.56, -0.8000, -7.943
31.57, -0.8000, -7.295
31.58, -0.8000, -7.626
31.59, -0.8000, -7.728
31.60, -0.8000, -8.084
31.61, -0.8000, -7.191
31.62, -0.8000, -8.685
31.63, -0.8000, -8.299
31.64, -0.8000, -8.100
31.65, -0.8000, -6.954
31.66, -0.8000, -8.202
31.67, -0.8000, -8.111
31.68, -0.8000, -7.630
31.69, -0.8000, -7.211
31.70, -0.8000, -8.154
31.71, -0.8000, -7.484
31.72, -0.8000, -7.562
31.73, -0.8000, -8.137
31.74, -0.8000, -8.270
31.75, -0.8000, -7.984
31.76, -0.8000, -7.262
31.77, -0.8000, -7.879
31.78, -0.8000, -6.823
31.79, -0.8000, -8.391
31.80, -0.8000, -7.972
31.81, -0.8000, -8.624
31.82, -0.8000, -7.430
31.83, -0.8000, -7.956
31.84, -0.8000, -8.370
31.85, -0.8000, -7.720
31.86, -0.8000, -6.806
31.87, -0.8000, -8.547
31.88, -0.8000, -7.410
31.89, -0.8000, -8.211
31.90, -0.8000, -6.685
31.91, -0.8000, -7.019
31.92, -0.8000, -8.274
31.93, -0.8000, -6.502
31.94, -0.8000, -7.470
31.95, -0.8000, -7.366
31.96, -0.8000, -8.227
31.97, -0.8000, -8.652
31.98, -0.8000, -7.519
31.99, -0.8000, -7.438
32.00, -0.8000, -8.096
32.01, -0.8000, -7.317
32.02, -0.8000, -7.542
32.03, -0.8000, -7.395
32.04, -0.8000, -8.685
32.05, -0.8000, -9.614
32.06, -0.8000, -7.657
32.07, -0.8000, -7.672
32.08, -0.8000, -7.022
32.09, -0.8000, -8.144
32.10, -0.8000, -7.632
32.11, -0.8000, -8.039
32.12, -0.8000, -6.771
32.13, -0.8000, -7.808
32.14, -0.8000, -8.237
32.15, -0.8000, -7.998
32.16, -0.8000, -7.402
32.17, -0.8000, -8.057
32.18, -0.8000, -8.234
32.19, -0.8000, -8.444
32.20, -0.8000, -6.823
32.21, -0.8000, -6.813
32.22, -0.8000, -8.323
32.23, -0.8000, -7.927
32.24, -0.8000, -8.057
32.25, -0.8000, -7.976
32.26, -0.8000, -8.483
32.27, -0.8000, -7.717
32.28, -0.8000, -7.025
32.29, -0.8000, -8.813
32.30, -0.8000, -6.618
32.31, -0.8000, -9.244
32.32, -0.8000, -7.696
32.33, -0.8000, -7.429
32.34, -0.8000, -7.388
32.35, -0.8000, -8.393
32.36, -0.8000, -8.604
32.37, -0.8000, -8.363
32.38, -0.8000, -7.386
32.39, -0.8000, -7.363
32.40, -0.8000, -8.916
32.41, -0.8000, -8.571
32.42, -0.8000, -7.569
32.43, -0.8000, -7.396
32.44, -0.8000, -7.001
32.45, -0.8000, -8.387
32.46, -0.8000, -7.607
32.47, -0.8000, -7.409
32.48, -0.8000, -8.273
32.49, -0.8000, -8.438
32.50, -0.8000, -7.652
32.51, -0.8000, -7.245
32.52, -0.8000, -7.717
32.53, -0.8000, -8.324
32.54, -0.8000, -9.122
32.55, -0.8000, -7.269
32.56, -0.8000, -8.536
32.57, -0.8000, -6.995
32.58, -0.8000, -9.510
32.59, -0.8000, -7.052
32.60, -0.8000, -8.304
32.61, -0.8000, -6.522
32.62, -0.8000, -7.957
32.63, -0.8000, -7.397
32.64, -0.8000, -7.912
32.65, -0.8000, -8.561
32.66, -0.8000, -7.733
32.67, -0.8000, -7.930
32.68, -0.8000, -7.439
32.69, -0.8000, -7.859
32.70, -0.8000, -6.892
32.71, -0.8000, -8.312
32.72, -0.8000, -8.898
32.73, -0.8000, -8.027
32.74, -0.8000, -7.094
32.75, -0.8000, -7.830
32.76, -0.8000, -7.563
32.77, -0.8000, -7.840
32.78, -0.8000, -7.536
32.79, -0.8000, -7.982
32.80, -0.8000, -8.520
32.81, -0.8000, -7.617
32.82, -0.8000, -8.402
32.83, -0.8000, -7.306
32.84, -0.8000, -8.170
32.85, -0.8000, -8.164
32.86, -0.8000, -7.801
32.87, -0.8000, -8.433
32.88, -0.8000, -8.263
32.89, -0.8000, -8.619
32.90, -0.8000, -7.190
32.91, -0.8000, -7.514
32.92, -0.8000, -8.502
32.93, -0.8000, -8.322
32.94, -0.8000, -7.597
32.95, -0.8000, -7.621
32.96, -0.8000, -7.343
32.97, -0.8000, -8.344
32.98, -0.8000, -8.230
32.99, -0.8000, -6.986
33.00, -0.8000, -8.706
33.01, -0.8000, -8.591
33.02, -0.8000, -9.141
33.03, -0.8000, -8.058
33.04, -0.8000, -7.801
33.05, -0.8000, -7.073
33.06, -0.8000, -9.058
33.07, -0.8000, -8.593
33.08, -0.8000, -7.395
33.09, -0.8000, -7.251
33.10, -0.8000, -8.858
33.11, -0.8000, -7.249
33.12, -0.8000, -7.355
33.13, -0.8000, -8.632
33.14, -0.8000, -8.460
33.15, -0.8000, -7.606
33.16, -0.8000, -7.197
33.17, -0.8000, -7.188
33.18, -0.8000, -7.770
33.19, -0.8000, -7.533
33.20, -0.8000, -7.776
33.21, -0.8000, -7.395
33.22, -0.8000, -8.140
33.23, -0.8000, -6.733
33.24, -0.8000, -7.382
33.25, -0.8000, -7.582
33.26, -0.8000, -8.423
33.27, -0.8000, -7.457
33.28, -0.8000, -7.908
33.29, -0.8000, -7.483
33.30, -0.8000, -7.482
33.31, -0.8000, -8.704
33.32, -0.8000, -7.987
33.33, -0.8000, -7.841
33.34, -0.8000, -7.511
33.35, -0.8000, -7.484
33.36, -0.8000, -8.113
33.37, -0.8000, -7.360
33.38, -0.8000, -7.436
33.39, -0.8000, -8.175
33.40, -0.8000, -7.925
33.41, -0.8000, -7.807
33.42, -0.8000, -8.992
33.43, -0.8000, -7.230
33.44, -0.8000, -7.970
33.45, -0.8000, -6.900
33.46, -0.8000, -7.878
33.47, -0.8000, -7.763
33.48, -0.8000, -7.576
33.49, -0.8000, -7.616
33.50, -0.8000, -8.028
33.51, -0.8000, -7.725
33.52, -0.8000, -7.620
33.53, -0.8000, -7.478
33.54, -0.8000, -8.176
33.55, -0.8000, -6.794
33.56, -0.8000, -7.404
33.57, -0.8000, -7.984
33.58, -0.8000, -7.932
33.59, -0.8000, -8.485
33.60, -0.8000, -7.958
33.61, -0.8000, -8.449
33.62, -0.8000, -7.156
33.63, -0.8000, -8.013
33.64, -0.8000, -7.948
33.65, -0.8000, -7.304
33.66, -0.8000, -7.566
33.67, -0.8000, -7.837
33.68, -0.8000, -7.057
33.69, -0.8000, -7.219
33.70, -0.8000, -8.905
33.71, -0.8000, -7.758
33.72, -0.8000, -8.213
33.73, -0.8000, -6.729
33.74, -0.8000, -8.269
33.75, -0.8000, -8.117
33.76, -0.8000, -7.682
33.77, -0.8000, -8.190
33.78, -0.8000, -7.894
33.79, -0.8000, -9.609
33.80, -0.8000, -7.248
33.81, -0.8000, -7.732
33.82, -0.8000, -8.737
33.83, -0.8000, -8.259
33.84, -0.8000, -7.664
33.85, -0.8000, -7.304
33.86, -0.8000, -8.531
33.87, -0.8000, -7.739
33.88, -0.8000, -9.273
33.89, -0.8000, -7.578
33.90, -0.8000, -7.566
33.91, -0.8000, -7.449
33.92, -0.8000, -7.618
33.93, -0.8000, -8.217
33.94, -0.8000, -9.222
33.95, -0.8000, -7.871
33.96, -0.8000, -7.615
33.97, -0.8000, -7.906
33.98, -0.8000, -8.248
33.99, -0.8000, -7.348
34.00, -0.8000, -7.848
34.01, -0.8000, -7.258
34.02, -0.8000, -7.797
34.03, -0.8000, -7.308
34.04, -0.8000, -8.267
34.05, -0.8000, -7.555
34.06, -0.8000, -7.922
34.07, -0.8000, -8.565
34.08, -0.8000, -9.324
34.09, -0.8000, -7.643
34.10, -0.8000, -8.259
34.11, -0.8000, -7.243
34.12, -0.8000, -7.680
34.13, -0.8000, -8.071
34.14, -0.8000, -8.618
34.15, -0.8000, -7.829
34.16, -0.8000, -6.854
34.17, -0.8000, -8.457
34.18, -0.8000, -7.891
34.19, -0.8000, -8.731
34.20, -0.8000, -7.908
34.21, -0.8000, -7.536
34.22, -0.8000, -8.781
34.23, -0.8000, -8.669
34.24, -0.8000, -8.354
34.25, -0.8000, -8.122
34.26, -0.8000, -7.086
34.27, -0.8000, -8.106
34.28, -0.8000, -8.449
34.29, -0.8000, -7.635
34.30, -0.8000, -7.888
34.31, -0.8000, -8.050
34.32, -0.8000, -8.636
34.33, -0.8000, -7.957
34.34, -0.8000, -7.438
34.35, -0.8000, -7.878
34.36, -0.8000, -8.406
34.37, -0.8000, -8.255
34.38, -0.8000, -9.364
34.39, -0.8000, -6.880
34.40, -0.8000, -7.099
34.41, -0.8000, -8.209
34.42, -0.8000, -8.146
34.43, -0.8000, -7.689
34.44, -0.8000, -8.343
34.45, -0.8000, -7.884
34.46, -0.8000, -7.266
34.47, -0.8000, -8.410
34.48, -0.8000, -7.875
34.49, -0.8000, -8.149
34.50, -0.8000, -8.580
34.51, -0.8000, -8.352
34.52, -0.8000, -8.023
34.53, -0.8000, -7.512
34.54, -0.8000, -7.628
34.55, -0.8000, -8.356
34.56, -0.8000, -7.303
34.57, -0.8000, -7.848
34.58, -0.8000, -7.141
34.59, -0.8000, -8.233
34.60, -0.8000, -8.163
34.61, -0.8000, -7.682
34.62, -0.8000, -7.900
34.63, -0.8000, -8.949
34.64, -0.8000, -7.589
34.65, -0.8000, -7.268
34.66, -0.8000, -6.435
34.67, -0.8000, -8.374
34.68, -0.8000, -9.036
34.69, -0.8000, -8.797
34.70, -0.8000, -8.605
34.71, -0.8000, -9.070
34.72, -0.8000, -7.518
34.73, -0.8000, -7.257
34.74, -0.8000, -8.568
34.75, -0.8000, -9.673
34.76, -0.8000, -7.237
34.77, -0.8000, -6.795
34.78, -0.8000, -7.982
34.79, -0.8000, -8.768
34.80, -0.8000, -8.230
34.81, -0.8000, -7.192
34.82, -0.8000, -8.045
34.83, -0.8000, -9.072
34.84, -0.8000, -7.236
34.85, -0.8000, -7.516
34.86, -0.8000, -7.774
34.87, -0.8000, -8.407
34.88, -0.8000, -7.764
34.89, -0.8000, -8.087
34.90, -0.8000, -7.318
34.91, -0.8000, -8.267
34.92, -0.8000, -7.663
34.93, -0.8000, -7.277
34.94, -0.8000, -7.835
34.95, -0.8000, -8.187
34.96, -0.8000, -8.879
34.97, -0.8000, -6.752
34.98, -0.8000, -8.071
34.99, -0.8000, -8.549
35.00, -0.8000, -6.938
35.01, -0.8000, -7.561
35.02, -0.8000, -8.570
35.03, -0.8000, -8.671
35.04, -0.8000, -7.856
35.05, -0.8000, -8.298
35.06, -0.8000, -6.959
35.07, -0.8000, -8.536
35.08, -0.8000, -7.622
35.09, -0.8000, -8.238
35.10, -0.8000, -7.290
35.11, -0.8000, -9.566
35.12, -0.8000, -7.391
35.13, -0.8000, -8.556
35.14, -0.8000, -8.530
35.15, -0.8000, -7.686
35.16, -0.8000, -8.352
35.17, -0.8000, -6.627
35.18, -0.8000, -7.809
35.19, -0.8000, -7.190
35.20, -0.8000, -8.495
35.21, -0.8000, -7.951
35.22, -0.8000, -8.048
35.23, -0.8000, -6.676
35.24, -0.8000, -8.723
35.25, -0.8000, -7.241
35.26, -0.8000, -7.284
35.27, -0.8000, -6.958
35.28, -0.8000, -9.046
35.29, -0.8000, -7.886
35.30, -0.8000, -7.177
35.31, -0.8000, -7.033
35.32, -0.8000, -7.925
35.33, -0.8000, -7.804
35.34, -0.8000, -7.339
35.35, -0.8000, -8.565
35.36, -0.8000, -6.844
35.37, -0.8000, -8.335
35.38, -0.8000, -8.409
35.39, -0.8000, -7.564
35.40, -0.8000, -7.304
35.41, -0.8000, -7.874
35.42, -0.8000, -7.272
35.43, -0.8000, -7.174
35.44, -0.8000, -7.755
35.45, -0.8000, -7.435
35.46, -0.8000, -7.880
35.47, -0.8000, -7.341
35.48, -0.8000, -8.412
35.49, -0.8000, -7.380
35.50, -0.8000, -8.433
35.51, -0.8000, -8.101
35.52, -0.8000, -7.176
35.53, -0.8000, -8.790
35.54, -0.8000, -7.347
35.55, -0.8000, -7.567
35.56, -0.8000, -7.338
35.57, -0.8000, -7.853
35.58, -0.8000, -7.869
35.59, -0.8000, -8.586
35.60, -0.8000, -8.121
35.61, -0.8000, -6.969
35.62, -0.8000, -7.264
35.63, -0.8000, -8.465
35.64, -0.8000, -7.922
35.65, -0.8000, -7.532
35.66, -0.8000, -7.510
35.67, -0.8000, -7.643
35.68, -0.8000, -7.119
35.69, -0.8000, -7.755
35.70, -0.8000, -7.750
35.71, -0.8000, -8.223
35.72, -0.8000, -8.253
35.73, -0.8000, -7.414
35.74, -0.8000, -8.077
35.75, -0.8000, -7.193
35.76, -0.8000, -7.694
35.77, -0.8000, -8.220
35.78, -0.8000, -7.612
35.79, -0.8000, -7.790
35.80, -0.8000, -7.433
35.81, -0.8000, -7.285
35.82, -0.8000, -7.962
35.83, -0.8000, -8.420
35.84, -0.8000, -8.476
35.85, -0.8000, -7.616
35.86, -0.8000, -7.482
35.87, -0.8000, -7.750
35.88, -0.8000, -6.596
35.89, -0.8000, -7.978
35.90, -0.8000, -7.928
35.91, -0.8000, -8.642
35.92, -0.8000, -8.742
35.93, -0.8000, -8.484
35.94, -0.8000, -8.501
35.95, -0.8000, -9.046
35.96, -0.8000, -7.551
35.97, -0.8000, -7.521
35.98, -0.8000, -7.548
35.99, -0.8000, -6.618
36.00, -0.8000, -7.979
36.01, -0.8000, -6.418
36.02, -0.8000, -9.029
36.03, -0.8000, -8.153
36.04, -0.8000, -9.632
36.05, -0.8000, -7.737
36.06, -0.8000, -8.535
36.07, -0.8000, -8.185
36.08, -0.8000, -7.637
36.09, -0.8000, -7.267
36.10, -0.8000, -7.847
36.11, -0.8000, -7.617
36.12, -0.8000, -6.841
36.13, -0.8000, -7.864
36.14, -0.8000, -7.792
36.15, -0.8000, -8.266
36.16, -0.8000, -7.190
36.17, -0.8000, -7.647
36.18, -0.8000, -8.421
36.19, -0.8000, -7.963
36.20, -0.8000, -6.692
36.21, -0.8000, -7.795
36.22, -0.8000, -8.429
36.23, -0.8000, -7.379
36.24, -0.8000, -7.140
36.25, -0.8000, -7.381
36.26, -0.8000, -7.569
36.27, -0.8000, -8.771
36.28, -0.8000, -7.205
36.29, -0.8000, -7.629
36.30, -0.8000, -8.212
36.31, -0.8000, -7.950
36.32, -0.8000, -8.219
36.33, -0.8000, -8.062
36.34, -0.8000, -7.461
36.35, -0.8000, -8.241
36.36, -0.8000, -7.340
36.37, -0.8000, -8.081
36.38, -0.8000, -7.408
36.39, -0.8000, -7.574
36.40, -0.8000, -7.017
36.41, -0.8000, -7.629
36.42, -0.8000, -7.916
36.43, -0.8000, -7.671
36.44, -0.8000, -7.897
36.45, -0.8000, -7.111
36.46, -0.8000, -7.348
36.47, -0.8000, -7.645
36.48, -0.8000, -6.791
36.49, -0.8000, -8.245
36.50, -0.8000, -7.872
36.51, -0.8000, -8.624
36.52, -0.8000, -7.815
36.53, -0.8000, -7.714
36.54, -0.8000, -7.696
36.55, -0.8000, -8.601
36.56, -0.8000, -7.173
36.57, -0.8000, -7.938
36.58, -0.8000, -7.045
36.59, -0.8000, -8.058
36.60, -0.8000, -7.946
36.61, -0.8000, -7.620
36.62, -0.8000, -6.917
36.63, -0.8000, -7.436
36.64, -0.8000, -7.728
36.65, -0.8000, -7.730
36.66, -0.8000, -7.094
36.67, -0.8000, -8.146
36.68, -0.8000, -9.261
36.69, -0.8000, -7.423
36.70, -0.8000, -8.161
36.71, -0.8000, -7.718
36.72, -0.8000, -7.884
36.73, -0.8000, -7.726
36.74, -0.8000, -7.413
36.75, -0.8000, -7.412
36.76, -0.8000, -8.629
36.77, -0.8000, -7.040
36.78, -0.8000, -7.908
36.79, -0.8000, -8.146
36.80, -0.8000, -8.266
36.81, -0.8000, -8.611
36.82, -0.8000, -7.772
36.83, -0.8000, -8.817
36.84, -0.8000, -8.508
36.85, -0.8000, -7.580
36.86, -0.8000, -7.150
36.87, -0.8000, -8.015
36.88, -0.8000, -8.670
36.89, -0.8000, -8.466
36.90, -0.8000, -8.278
36.91, -0.8000, -8.208
36.92, -0.8000, -8.237
36.93, -0.8000, -6.840
36.94, -0.8000, -7.774
36.95, -0.8000, -8.354
36.96, -0.8000, -8.587
36.97, -0.8000, -8.193
36.98, -0.8000, -7.635
36.99, -0.8000, -8.302
37.00, -0.8000, -7.946
37.01, -0.8000, -8.187
37.02, -0.8000, -7.045
37.03, -0.8000, -8.367
37.04, -0.8000, -8.702
37.05, -0.8000, -7.580
37.06, -0.8000, -7.549
37.07, -0.8000, -8.345
37.08, -0.8000, -8.702
37.09, -0.8000, -7.763
37.10, -0.8000, -7.689
37.11, -0.8000, -7.923
37.12, -0.8000, -8.417
37.13, -0.8000, -8.150
37.14, -0.8000, -8.089
37.15, -0.8000, -7.828
37.16, -0.8000, -8.454
37.17, -0.8000, -8.537
37.18, -0.8000, -8.224
37.19, -0.8000, -7.226
37.20, -0.8000, -7.871
37.21, -0.8000, -7.989
37.22, -0.8000, -7.798
37.23, -0.8000, -8.211
37.24, -0.8000, -7.802
37.25, -0.8000, -7.573
37.26, -0.8000, -7.709
37.27, -0.8000, -8.179
37.28, -0.8000, -7.616
37.29, -0.8000, -7.561
37.30, -0.8000, -7.710
37.31, -0.8000, -8.729
37.32, -0.8000, -8.665
37.33, -0.8000, -8.303
37.34, -0.8000, -8.054
37.35, -0.8000, -7.943
37.36, -0.8000, -7.242
37.37, -0.8000, -8.643
37.38, -0.8000, -7.213
37.39, -0.8000, -8.684
37.40, -0.8000, -7.060
37.41, -0.8000, -8.988
37.42, -0.8000, -7.240
37.43, -0.8000, -7.975
37.44, -0.8000, -7.086
37.45, -0.8000, -7.583
37.46, -0.8000, -6.880
37.47, -0.8000, -8.416
37.48, -0.8000, -7.133
37.49, -0.8000, -8.092
37.50, -0.8000, -6.942
37.51, -0.8000, -9.346
37.52, -0.8000, -7.407
37.53, -0.8000, -8.084
37.54, -0.8000, -6.754
37.55, -0.8000, -8.692
37.56, -0.8000, -7.752
37.57, -0.8000, -7.923
37.58, -0.8000, -8.109
37.59, -0.8000, -8.714
37.60, -0.8000, -7.830
37.61, -0.8000, -7.226
37.62, -0.8000, -7.811
37.63, -0.8000, -9.335
37.64, -0.8000, -8.188
37.65, -0.8000, -7.610
37.66, -0.8000, -7.168
37.67, -0.8000, -8.168
37.68, -0.8000, -6.840
37.69, -0.8000, -8.249
37.70, -0.8000, -7.305
37.71, -0.8000, -9.014
37.72, -0.8000, -7.776
37.73, -0.8000, -8.163
37.74, -0.8000, -7.822
37.75, -0.8000, -7.347
37.76, -0.8000, -7.219
37.77, -0.8000, -7.364
37.78, -0.8000, -8.324
37.79, -0.8000, -8.133
37.80, -0.8000, -7.782
37.81, -0.8000, -7.552
37.82, -0.8000, -7.972
37.83, -0.8000, -8.089
37.84, -0.8000, -6.658
37.85, -0.8000, -6.975
37.86, -0.8000, -7.876
37.87, -0.8000, -7.770
37.88, -0.8000, -6.266
37.89, -0.8000, -7.795
37.90, -0.8000, -7.779
37.91, -0.8000, -7.551
37.92, -0.8000, -7.531
37.93, -0.8000, -8.273
37.94, -0.8000, -7.013
37.95, -0.8000, -8.418
37.96, -0.8000, -7.307
37.97, -0.8000, -7.917
37.98, -0.8000, -7.360
37.99, -0.8000, -7.544
38.00, -0.8000, -8.372
38.01, -0.8000, -8.124
38.02, -0.8000, -8.016
38.03, -0.8000, -7.897
38.04, -0.8000, -7.803
38.05, -0.8000, -7.884
38.06, -0.8000, -7.109
38.07, -0.8000, -8.547
38.08, -0.8000, -9.043
38.09, -0.8000, -8.033
38.10, -0.8000, -7.083
38.11, -0.8000, -7.891
38.12, -0.8000, -9.144
38.13, -0.8000, -7.509
38.14, -0.8000, -7.454
38.15, -0.8000, -7.516
38.16, -0.8000, -6.891
38.17, -0.8000, -8.441
38.18, -0.8000, -7.268
38.19, -0.8000, -8.323
38.20, -0.8000, -7.833
38.21, -0.8000, -8.224
38.22, -0.8000, -8.247
38.23, -0.8000, -8.329
38.24, -0.8000, -7.050
38.25, -0.8000, -7.891
38.26, -0.8000, -8.226
38.27, -0.8000, -8.533
38.28, -0.8000, -7.202
38.29, -0.8000, -7.678
38.30, -0.8000, -8.237
38.31, -0.8000, -8.154
38.32, -0.8000, -6.952
38.33, -0.8000, -7.632
38.34, -0.8000, -8.774
38.35, -0.8000, -7.314
38.36, -0.8000, -7.752
38.37, -0.8000, -7.692
38.38, -0.8000, -8.629
38.39, -0.8000, -8.222
38.40, -0.8000, -8.246
38.41, -0.8000, -7.217
38.42, -0.8000, -7.962
38.43, -0.8000, -7.702
38.44, -0.8000, -9.068
38.45, -0.8000, -9.274
38.46, -0.8000, -7.300
38.47, -0.8000, -8.028
38.48, -0.8000, -7.524
38.49, -0.8000, -8.098
38.50, -0.8000, -8.302
38.51, -0.8000, -8.263
38.52, -0.8000, -7.419
38.53, -0.8000, -7.421
38.54, -0.8000, -6.832
38.55, -0.8000, -9.592
38.56, -0.8000, -7.837
38.57, -0.8000, -8.068
38.58, -0.8000, -7.273
38.59, -0.8000, -7.677
38.60, -0.8000, -7.769
38.61, -0.8000, -7.620
38.62, -0.8000, -7.301
38.63, -0.8000, -7.017
38.64, -0.8000, -8.899
38.65, -0.8000, -6.753
38.66, -0.8000, -7.776
38.67, -0.8000, -8.460
38.68, -0.8000, -7.384
38.69, -0.8000, -7.770
38.70, -0.8000, -7.996
38.71, -0.8000, -8.863
38.72, -0.8000, -7.722
38.73, -0.8000, -7.461
38.74, -0.8000, -8.265
38.75, -0.8000, -7.890
38.76, -0.8000, -7.827
38.77, -0.8000, -8.065
38.78, -0.8000, -8.117
38.79, -0.8000, -8.047
38.80, -0.8000, -7.441
38.81, -0.8000, -7.138
38.82, -0.8000, -8.137
38.83, -0.8000, -7.492
38.84, -0.8000, -7.967
38.85, -0.8000, -7.752
38.86, -0.8000, -7.665
38.87, -0.8000, -7.716
38.88, -0.8000, -7.443
38.89, -0.8000, -9.653
38.90, -0.8000, -7.915
38.91, -0.8000, -8.791
38.92, -0.8000, -7.803
38.93, -0.8000, -8.679
38.94, -0.8000, -6.719
38.95, -0.8000, -8.122
38.96, -0.8000, -8.494
38.97, -0.8000, -8.386
38.98, -0.8000, -7.296
38.99, -0.8000, -7.363
39.00, -0.8000, -7.700
39.01, -0.8000, -8.341
39.02, -0.8000, -7.498
39.03, -0.8000, -7.419
39.04, -0.8000, -6.797
39.05, -0.8000, -8.289
39.06, -0.8000, -7.744
39.07, -0.8000, -8.490
39.08, -0.8000, -7.358
39.09, -0.8000, -8.091
39.10, -0.8000, -6.837
39.11, -0.8000, -7.430
39.12, -0.8000, -9.252
39.13, -0.8000, -7.749
39.14, -0.8000, -7.189
39.15, -0.8000, -8.523
39.16, -0.8000, -7.755
39.17, -0.8000, -6.752
39.18, -0.8000, -9.097
39.19, -0.8000, -7.761
39.20, -0.8000, -7.902
39.21, -0.8000, -7.330
39.22, -0.8000, -8.488
39.23, -0.8000, -6.980
39.24, -0.8000, -7.789
39.25, -0.8000, -7.859
39.26, -0.8000, -7.833
39.27, -0.8000, -7.282
39.28, -0.8000, -8.467
39.29, -0.8000, -8.062
39.30, -0.8000, -8.733
39.31, -0.8000, -7.551
39.32, -0.8000, -8.201
39.33, -0.8000, -7.480
39.34, -0.8000, -8.223
39.35, -0.8000, -6.160
39.36, -0.8000, -8.097
39.37, -0.8000, -7.794
39.38, -0.8000, -9.023
39.39, -0.8000, -7.438
39.40, -0.8000, -8.059
39.41, -0.8000, -8.000
39.42, -0.8000, -8.250
39.43, -0.8000, -6.895
39.44, -0.8000, -7.895
39.45, -0.8000, -8.116
39.46, -0.8000, -7.856
39.47, -0.8000, -7.828
39.48, -0.8000, -8.423
39.49, -0.8000, -8.274
39.50, -0.8000, -7.393
39.51, -0.8000, -7.437
39.52, -0.8000, -7.198
39.53, -0.8000, -7.947
39.54, -0.8000, -8.228
39.55, -0.8000, -7.686
39.56, -0.8000, -8.243
39.57, -0.8000, -8.462
39.58, -0.8000, -8.747
39.59, -0.8000, -7.313
39.60, -0.8000, -8.194
39.61, -0.8000, -8.413
39.62, -0.8000, -7.159
39.63, -0.8000, -7.928
39.64, -0.8000, -7.867
39.65, -0.8000, -8.860
39.66, -0.8000, -6.967
39.67, -0.8000, -7.335
39.68, -0.8000, -8.303
39.69, -0.8000, -7.599
39.70, -0.8000, -7.727
39.71, -0.8000, -7.127
39.72, -0.8000, -8.301
39.73, -0.8000, -7.667
39.74, -0.8000, -7.491
39.75, -0.8000, -8.378
39.76, -0.8000, -7.686
39.77, -0.8000, -7.812
39.78, -0.8000, -7.883
39.79, -0.8000, -8.106
39.80, -0.8000, -8.438
39.81, -0.8000, -8.233
39.82, -0.8000, -8.294
39.83, -0.8000, -7.225
39.84, -0.8000, -8.826
39.85, -0.8000, -7.487
39.86, -0.8000, -7.623
39.87, -0.8000, -7.597
39.88, -0.8000, -7.672
39.89, -0.8000, -8.148
39.90, -0.8000, -7.886
39.91, -0.8000, -7.387
39.92, -0.8000, -8.396
39.93, -0.8000, -7.783
39.94, -0.8000, -7.511
39.95, -0.8000, -6.683
39.96, -0.8000, -7.910
39.97, -0.8000, -7.700
39.98, -0.8000, -7.827
39.99, -0.8000, -7.487
40.00, -0.8000, -7.830
40.01, -0.8000, -7.028
40.02, -0.8000, -7.927
40.03, -0.8000, -7.060
40.04, -0.8000, -8.437
40.05, -0.8000, -6.747
40.06, -0.8000, -7.456
40.07, -0.8000, -8.761
40.08, -0.8000, -7.681
40.09, -0.8000, -8.820
40.10, -0.8000, -8.054
40.11, -0.8000, -9.636
40.12, -0.8000, -7.738
40.13, -0.8000, -8.204
40.14, -0.8000, -6.368
40.15, -0.8000, -8.242
40.16, -0.8000, -7.686
40.17, -0.8000, -7.128
40.18, -0.8000, -6.762
40.19, -0.8000, -8.562
40.20, -0.8000, -7.204
40.21, -0.8000, -7.131
40.22, -0.8000, -7.885
40.23, -0.8000, -8.597
40.24, -0.8000, -8.249
40.25, -0.8000, -7.950
40.26, -0.8000, -6.992
40.27, -0.8000, -7.820
40.28, -0.8000, -7.854
40.29, -0.8000, -7.750
40.30, -0.8000, -7.618
40.31, -0.8000, -8.057
40.32, -0.8000, -7.204
40.33, -0.8000, -7.274
40.34, -0.8000, -8.371
40.35, -0.8000, -8.173
40.36, -0.8000, -7.301
40.37, -0.8000, -8.164
40.38, -0.8000, -8.806
40.39, -0.8000, -7.776
40.40, -0.8000, -7.778
40.41, -0.8000, -7.665
40.42, -0.8000, -8.454
40.43, -0.8000, -7.735
40.44, -0.8000, -8.491
40.45, -0.8000, -8.085
40.46, -0.8000, -8.302
40.47, -0.8000, -7.545
40.48, -0.8000, -8.535
40.49, -0.8000, -8.490
40.50, -0.8000, -7.584
40.51, -0.8000, -8.457
40.52, -0.8000, -7.480
40.53, -0.8000, -7.307
40.54, -0.8000, -6.966
40.55, -0.8000, -9.044
40.56, -0.8000, -9.181
40.57, -0.8000, -7.124
40.58, -0.8000, -7.429
40.59, -0.8000, -7.868
40.60, -0.8000, -6.720
40.61, -0.8000, -8.931
40.62, -0.8000, -8.570
40.63, -0.8000, -8.013
40.64, -0.8000, -8.227
40.65, -0.8000, -7.603
40.66, -0.8000, -7.261
40.67, -0.8000, -6.885
40.68, -0.8000, -7.683
40.69, -0.8000, -7.890
40.70, -0.8000, -6.958
40.71, -0.8000, -7.482
40.72, -0.8000, -8.072
40.73, -0.8000, -7.255
40.74, -0.8000, -8.912
40.75, -0.8000, -7.861
40.76, -0.8000, -8.140
40.77, -0.8000, -8.261
40.78, -0.8000, -6.920
40.79, -0.8000, -8.182
40.80, -0.8000, -6.861
40.81, -0.8000, -7.806
40.82, -0.8000, -7.393
40.83, -0.8000, -8.448
40.84, -0.8000, -7.765
40.85, -0.8000, -8.401
40.86, -0.8000, -7.787
40.87, -0.8000, -8.527
40.88, -0.8000, -8.421
40.89, -0.8000, -7.666
40.90, -0.8000, -8.059
40.91, -0.8000, -7.927
40.92, -0.8000, -6.991
40.93, -0.8000, -7.845
40.94, -0.8000, -6.869
40.95, -0.8000, -7.813
40.96, -0.8000, -6.826
40.97, -0.8000, -8.501
40.98, -0.8000, -8.289
40.99, -0.8000, -8.249
41.00, -0.8000, -8.205
41.01, -0.8000, -8.026
41.02, -0.8000, -8.016
41.03, -0.8000, -7.414
41.04, -0.8000, -8.148
41.05, -0.8000, -6.849
41.06, -0.8000, -7.585
41.07, -0.8000, -8.864
41.08, -0.8000, -8.430
41.09, -0.8000, -7.658
41.10, -0.8000, -6.684
41.11, -0.8000, -7.815
41.12, -0.8000, -8.156
41.13, -0.8000, -7.375
41.14, -0.8000, -7.514
41.15, -0.8000, -7.113
41.16, -0.8000, -7.774
41.17, -0.8000, -6.859
41.18, -0.8000, -7.324
41.19, -0.8000, -7.059
41.20, -0.8000, -8.255
41.21, -0.8000, -7.302
41.22, -0.8000, -7.334
41.23, -0.8000, -8.316
41.24, -0.8000, -8.596
41.25, -0.8000, -8.193
41.26, -0.8000, -8.216
41.27, -0.8000, -6.885
41.28, -0.8000, -8.413
41.29, -0.8000, -8.259
41.30, -0.8000, -7.895
41.31, -0.8000, -7.520
41.32, -0.8000, -7.292
41.33, -0.8000, -7.665
41.34, -0.8000, -7.275
41.35, -0.8000, -7.826
41.36, -0.8000, -9.132
41.37, -0.8000, -7.544
41.38, -0.8000, -6.987
41.39, -0.8000, -6.704
41.40, -0.8000, -8.824
41.41, -0.8000, -7.241
41.42, -0.8000, -6.809
41.43, -0.8000, -7.825
41.44, -0.8000, -8.135
41.45, -0.8000, -7.741
41.46, -0.8000, -7.507
41.47, -0.8000, -6.838
41.48, -0.8000, -8.461
41.49, -0.8000, -8.569
41.50, -0.8000, -8.270
41.51, -0.8000, -7.111
41.52, -0.8000, -8.262
41.53, -0.8000, -6.925
41.54, -0.8000, -7.749
41.55, -0.8000, -8.137
41.56, -0.8000, -7.892
41.57, -0.8000, -7.814
41.58, -0.8000, -8.715
41.59, -0.8000, -6.663
41.60, -0.8000, -7.770
41.61, -0.8000, -8.189
41.62, -0.8000, -8.559
41.63, -0.8000, -7.279
41.64, -0.8000, -7.637
41.65, -0.8000, -9.606
41.66, -0.8000, -7.815
41.67, -0.8000, -7.351
41.68, -0.8000, -8.738
41.69, -0.8000, -7.459
41.70, -0.8000, -7.000
41.71, -0.8000, -7.023
41.72, -0.8000, -8.864
41.73, -0.8000, -7.955
41.74, -0.8000, -7.429
41.75, -0.8000, -7.234
41.76, -0.8000, -8.145
41.77, -0.8000, -9.060
41.78, -0.8000, -7.287
41.79, -0.8000, -7.086
41.80, -0.8000, -7.777
41.81, -0.8000, -8.363
41.82, -0.8000, -7.454
41.83, -0.8000, -7.448
41.84, -0.8000, -8.349
41.85, -0.8000, -7.390
41.86, -0.8000, -7.989
41.87, -0.8000, -7.608
41.88, -0.8000, -8.900
41.89, -0.8000, -7.285
41.90, -0.8000, -7.833
41.91, -0.8000, -7.894
41.92, -0.8000, -7.908
41.93, -0.8000, -8.371
41.94, -0.8000, -6.616
41.95, -0.8000, -8.824
41.96, -0.8000, -8.423
41.97, -0.8000, -7.324
41.98, -0.8000, -8.272
41.99, -0.8000, -7.463
42.00, -0.8000, -7.463
42.01, -0.8000, -6.780
42.02, -0.8000, -7.140
42.03, -0.8000, -8.086
42.04, -0.8000, -7.715
42.05, -0.8000, -7.823
42.06, -0.8000, -8.185
42.07, -0.8000, -7.639
42.08, -0.8000, -8.069
42.09, -0.8000, -7.329
42.10, -0.8000, -8.796
42.11, -0.8000, -7.843
42.12, -0.8000, -7.390
42.13, -0.8000, -7.125
42.14, -0.8000, -8.779
42.15, -0.8000, -8.611
42.16, -0.8000, -8.317
42.17, -0.8000, -7.178
42.18, -0.8000, -7.684
42.19, -0.8000, -7.062
42.20, -0.8000, -8.153
42.21, -0.8000, -6.753
42.22, -0.8000, -8.634
42.23, -0.8000, -6.428
42.24, -0.8000, -7.141
42.25, -0.8000, -10.02
42.26, -0.8000, -8.145
42.27, -0.8000, -7.850
42.28, -0.8000, -7.486
42.29, -0.8000, -7.893
42.30, -0.8000, -7.774
42.31, -0.8000, -8.096
42.32, -0.8000, -7.320
42.33, -0.8000, -7.816
42.34, -0.8000, -7.369
42.35, -0.8000, -7.574
42.36, -0.8000, -7.034
42.37, -0.8000, -7.362
42.38, -0.8000, -7.233
42.39, -0.8000, -8.156
42.40, -0.8000, -9.932
42.41, -0.8000, -7.287
42.42, -0.8000, -8.705
42.43, -0.8000, -6.785
42.44, -0.8000, -7.191
42.45, -0.8000, -8.149
42.46, -0.8000, -7.063
42.47, -0.8000, -9.019
42.48, -0.8000, -7.460
42.49, -0.8000, -7.403
42.50, -0.8000, -7.380
42.51, -0.8000, -8.594
42.52, -0.8000, -8.409
42.53, -0.8000, -8.012
42.54, -0.8000, -7.166
42.55, -0.8000, -8.747
42.56, -0.8000, -7.860
42.57, -0.8000, -7.572
42.58, -0.8000, -7.105
42.59, -0.8000, -7.985
42.60, -0.8000, -8.048
42.61, -0.8000, -8.283
42.62, -0.8000, -6.893
42.63, -0.8000, -8.191
42.64, -0.8000, -8.062
42.65, -0.8000, -7.516
42.66, -0.8000, -8.216
42.67, -0.8000, -8.755
42.68, -0.8000, -7.355
42.69, -0.8000, -7.377
42.70, -0.8000, -6.709
42.71, -0.8000, -9.153
42.72, -0.8000, -6.412
42.73, -0.8000, -8.497
42.74, -0.8000, -7.255
42.75, -0.8000, -8.638
42.76, -0.8000, -8.252
42.77, -0.8000, -8.691
42.78, -0.8000, -8.098
42.79, -0.8000, -9.508
42.80, -0.8000, -7.227
42.81, -0.8000, -7.873
42.82, -0.8000, -7.344
42.83, -0.8000, -8.320
42.84, -0.8000, -7.982
42.85, -0.8000, -7.484
42.86, -0.8000, -7.095
42.87, -0.8000, -8.838
42.88, -0.8000, -7.374
42.89, -0.8000, -7.315
42.90, -0.8000, -8.269
42.91, -0.8000, -8.306
42.92, -0.8000, -8.679
42.93, -0.8000, -7.399
42.94, -0.8000, -8.062
42.95, -0.8000, -7.478
42.96, -0.8000, -8.429
42.97, -0.8000, -7.819
42.98, -0.8000, -6.921
42.99, -0.8000, -7.005
43.00, -0.8000, -7.965
43.01, -0.8000, -7.756
43.02, -0.8000, -7.874
43.03, -0.8000, -6.784
43.04, -0.8000, -8.200
43.05, -0.8000, -7.347
43.06, -0.8000, -8.687
43.07, -0.8000, -6.674
43.08, -0.8000, -6.732
43.09, -0.8000, -7.073
43.10, -0.8000, -7.789
43.11, -0.8000, -8.034
43.12, -0.8000, -7.480
43.13, -0.8000, -7.392
43.14, -0.8000, -8.438
43.15, -0.8000, -6.797
43.16, -0.8000, -7.723
43.17, -0.8000, -6.904
43.18, -0.8000, -7.897
43.19, -0.8000, -7.149
43.20, -0.8000, -6.797
43.21, -0.8000, -7.229
43.22, -0.8000, -7.552
43.23, -0.8000, -7.269
43.24, -0.8000, -6.931
43.25, -0.8000, -7.523
43.26, -0.8000, -7.576
43.27, -0.8000, -7.744
43.28, -0.8000, -7.118
43.29, -0.8000, -7.861
43.30, -0.8000, -7.391
43.31, -0.8000, -8.053
43.32, -0.8000, -7.101
43.33, -0.8000, -8.815
43.34, -0.8000, -7.300
43.35, -0.8000, -7.351
43.36, -0.8000, -7.404
43.37, -0.8000, -8.530
43.38, -0.8000, -6.954
43.39, -0.8000, -7.229
43.40, -0.8000, -7.676
43.41, -0.8000, -7.525
43.42, -0.8000, -8.097
43.43, -0.8000, -6.935
43.44, -0.8000, -6.866
43.45, -0.8000, -6.523
43.46, -0.8000, -7.711
43.47, -0.8000, -8.068
43.48, -0.8000, -7.437
43.49, -0.8000, -8.480
43.50, -0.8000, -7.801
43.51, -0.8000, -8.657
43.52, -0.8000, -7.643
43.53, -0.8000, -7.238
43.54, -0.8000, -7.311
43.55, -0.8000, -8.045
43.56, -0.8000, -7.500
43.57, -0.8000, -7.405
43.58, -0.8000, -8.461
43.59, -0.8000, -6.678
43.60, -0.8000, -7.726
43.61, -0.8000, -7.053
43.62, -0.8000, -7.073
43.63, -0.8000, -7.802
43.64, -0.8000, -8.353
43.65, -0.8000, -6.753
43.66, -0.8000, -7.382
43.67, -0.8000, -7.133
43.68, -0.8000, -8.416
43.69, -0.8000, -6.832
43.70, -0.8000, -7.723
43.71, -0.8000, -6.704
43.72, -0.8000, -8.218
43.73, -0.8000, -8.582
43.74, -0.8000, -7.682
43.75, -0.8000, -7.811
43.76, -0.8000, -8.354
43.77, -0.8000, -7.628
43.78, -0.8000, -8.572
43.79, -0.8000, -8.487
43.80, -0.8000, -7.575
43.81, -0.8000, -7.252
43.82, -0.8000, -8.475
43.83, -0.8000, -8.439
43.84, -0.8000, -6.923
43.85, -0.8000, -8.244
43.86, -0.8000, -7.557
43.87, -0.8000, -7.705
43.88, -0.8000, -7.835
43.89, -0.8000, -8.296
43.90, -0.8000, -7.472
43.91, -0.8000, -7.810
43.92, -0.8000, -7.738
43.93, -0.8000, -7.005
43.94, -0.8000, -7.495
43.95, -0.8000, -7.591
43.96, -0.8000, -8.236
43.97, -0.8000, -7.626
43.98, -0.8000, -8.128
43.99, -0.8000, -7.604
44.00, -0.8000, -6.809
44.01, -0.8000, -8.112
44.02, -0.8000, -8.986
44.03, -0.8000, -6.328
44.04, -0.8000, -7.729
44.05, -0.8000, -7.972
44.06, -0.8000, -7.712
44.07, -0.8000, -8.176
44.08, -0.8000, -8.333
44.09, -0.8000, -6.554
44.10, -0.8000, -8.784
44.11, -0.8000, -7.679
44.12, -0.8000, -7.974
44.13, -0.8000, -7.607
44.14, -0.8000, -8.269
44.15, -0.8000, -7.322
44.16, -0.8000, -6.970
44.17, -0.8000, -7.705
44.18, -0.8000, -7.436
44.19, -0.8000, -7.166
44.20, -0.8000, -8.340
44.21, -0.8000, -9.292
44.22, -0.8000, -7.770
44.23, -0.8000, -8.364
44.24, -0.8000, -8.702
44.25, -0.8000, -8.709
44.26, -0.8000, -8.272
44.27, -0.8000, -7.216
44.28, -0.8000, -6.935
44.29, -0.8000, -8.245
44.30, -0.8000, -7.220
44.31, -0.8000, -7.128
44.32, -0.8000, -7.880
44.33, -0.8000, -7.902
44.34, -0.8000, -8.475
44.35, -0.8000, -7.446
44.36, -0.8000, -7.635
44.37, -0.8000, -9.362
44.38, -0.8000, -7.144
44.39, -0.8000, -8.068
44.40, -0.8000, -7.967
44.41, -0.8000, -7.242
44.42, -0.8000, -6.549
44.43, -0.8000, -7.405
44.44, -0.8000, -8.198
44.45, -0.8000, -7.527
44.46, -0.8000, -7.890
44.47, -0.8000, -7.804
44.48, -0.8000, -8.085
44.49, -0.8000, -8.848
44.50, -0.8000, -7.129
44.51, -0.8000, -7.005
44.52, -0.8000, -7.298
44.53, -0.8000, -7.713
44.54, -0.8000, -7.271
44.55, -0.8000, -7.246
44.56, -0.8000, -8.044
44.57, -0.8000, -7.516
44.58, -0.8000, -8.028
44.59, -0.8000, -7.241
44.60, -0.8000, -7.995
44.61, -0.8000, -6.888
44.62, -0.8000, -7.950
44.63, -0.8000, -6.898
44.64, -0.8000, -8.309
44.65, -0.8000, -7.059
44.66, -0.8000, -7.668
44.67, -0.8000, -6.409
44.68, -0.8000, -8.266
44.69, -0.8000, -6.867
44.70, -0.8000, -6.821
44.71, -0.8000, -7.238
44.72, -0.8000, -8.301
44.73, -0.8000, -7.587
44.74, -0.8000, -7.420
44.75, -0.8000, -7.188
44.76, -0.8000, -8.516
44.77, -0.8000, -7.326
44.78, -0.8000, -7.422
44.79, -0.8000, -7.547
44.80, -0.8000, -7.636
44.81, -0.8000, -8.398
44.82, -0.8000, -7.235
44.83, -0.8000, -6.899
44.84, -0.8000, -7.743
44.85, -0.8000, -6.916
44.86, -0.8000, -6.504
44.87, -0.8000, -7.142
44.88, -0.8000, -7.649
44.89, -0.8000, -6.993
44.90, -0.8000, -7.137
44.91, -0.8000, -7.685
44.92, -0.8000, -7.137
44.93, -0.8000, -7.059
44.94, -0.8000, -6.923
44.95, -0.8000, -8.129
44.96, -0.8000, -7.154
44.97, -0.8000, -8.399
44.98, -0.8000, -8.215
44.99, -0.8000, -8.457
45.00, 0.000, -7.743
45.01, 0.001000, 7.597
45.02, 0.002000, 2.467
45.03, 0.003000, -0.4511
45.04, 0.004000, -0.3313
45.05, 0.005000, -1.684
45.06, 0.006000, -1.284
45.07, 0.007000, -1.792
45.08, 0.008000, -4.515
45.09, 0.009000, -2.224
45.10, 0.01000, -3.217
45.11, 0.01100, -4.106
45.12, 0.01200, -2.547
45.13, 0.01300, -3.945
45.14, 0.01400, -2.415
45.15, 0.01500, -3.096
45.16, 0.01600, -2.839
45.17, 0.01700, -2.778
45.18, 0.01800, -4.065
45.19, 0.01900, -2.871
45.20, 0.02000, -3.546
45.21, 0.02100, -2.850
45.22, 0.02200, -3.154
45.23, 0.02300, -2.837
45.24, 0.02400, -2.108
45.25, 0.02500, -2.240
45.26, 0.02600, -2.908
45.27, 0.02700, -2.801
45.28, 0.02800, -2.688
45.29, 0.02900, -4.178
45.30, 0.03000, -3.677
45.31, 0.03100, -3.021
45.32, 0.03200, -5.080
45.33, 0.03300, -2.696
45.34, 0.03400, -3.574
45.35, 0.03500, -3.176
45.36, 0.03600, -3.010
45.37, 0.03700, -2.595
45.38, 0.03800, -3.719
45.39, 0.03900, -3.929
45.40, 0.04000, -2.168
45.41, 0.04100, -3.773
45.42, 0.04200, -4.918
45.43, 0.04300, -4.354
45.44, 0.04400, -4.067
45.45, 0.04500, -2.781
45.46, 0.04600, -3.897
45.47, 0.04700, -3.466
45.48, 0.04800, -2.913
45.49, 0.04900, -3.121
45.50, 0.05000, -4.685
45.51, 0.05100, -3.952
45.52, 0.05200, -3.726
45.53, 0.05300, -3.430
45.54, 0.05400, -2.722
45.55, 0.05500, -3.407
45.56, 0.05600, -3.349
45.57, 0.05700, -3.104
45.58, 0.05800, -3.458
45.59, 0.05900, -3.790
45.60, 0.06000, -5.175
45.61, 0.06100, -2.402
45.62, 0.06200, -3.316
45.63, 0.06300, -4.482
45.64, 0.06400, -5.081
45.65, 0.06500, -3.233
45.66, 0.06600, -2.983
45.67, 0.06700, -4.156
45.68, 0.06800, -2.772
45.69, 0.06900, -4.122
45.70, 0.07000, -3.017
45.71, 0.07100, -3.906
45.72, 0.07200, -3.186
45.73, 0.07300, -3.480
45.74, 0.07400, -2.330
45.75, 0.07500, -3.432
45.76, 0.07600, -4.184
45.77, 0.07700, -3.026
45.78, 0.07800, -3.448
45.79, 0.07900, -4.866
45.80, 0.08000, -3.188
45.81, 0.08100, -2.459
45.82, 0.08200, -3.255
45.83, 0.08300, -5.255
45.84, 0.08400, -3.677
45.85, 0.08500, -3.905
45.86, 0.08600, -4.250
45.87, 0.08700, -5.283
45.88, 0.08800, -3.100
45.89, 0.08900, -3.403
45.90, 0.09000, -3.080
45.91, 0.09100, -3.491
45.92, 0.09200, -3.824
45.93, 0.09300, -3.107
45.94, 0.09400, -2.567
45.95, 0.09500, -3.922
45.96, 0.09600, -3.620
45.97, 0.09700, -3.471
45.98, 0.09800, -3.850
45.99, 0.09900, -5.588
46.00, 0.1000, -3.075
46.01, 0.1010, -3.568
46.02, 0.1020, -3.431
46.03, 0.1030, -4.072
46.04, 0.1040, -4.708
46.05, 0.1050, -3.862
46.06, 0.1060, -3.192
46.07, 0.1070, -3.390
46.08, 0.1080, -2.947
46.09, 0.1090, -4.028
46.10, 0.1100, -4.135
46.11, 0.1110, -4.805
46.12, 0.1120, -3.721
46.13, 0.1130, -4.155
46.14, 0.1140, -2.406
46.15, 0.1150, -4.748
46.16, 0.1160, -3.979
46.17, 0.1170, -3.918
46.18, 0.1180, -4.402
46.19, 0.1190, -4.989
46.20, 0.1200, -3.539
46.21, 0.1210, -3.457
46.22, 0.1220, -3.791
46.23, 0.1230, -3.299
46.24, 0.1240, -3.563
46.25, 0.1250, -2.498
46.26, 0.1260, -3.728
46.27, 0.1270, -3.310
46.28, 0.1280, -2.993
46.29, 0.1290, -3.085
46.30, 0.1300, -4.900
46.31, 0.1310, -3.212
46.32, 0.1320, -2.712
46.33, 0.1330, -3.930
46.34, 0.1340, -3.787
46.35, 0.1350, -4.032
46.36, 0.1360, -4.287
46.37, 0.1370, -3.878
46.38, 0.1380, -4.877
46.39, 0.1390, -3.246
46.40, 0.1400, -3.831
46.41, 0.1410, -3.656
46.42, 0.1420, -3.776
46.43, 0.1430, -3.180
46.44, 0.1440, -3.510
46.45, 0.1450, -4.369
46.46, 0.1460, -3.738
46.47, 0.1470, -3.331
46.48, 0.1480, -3.430
46.49, 0.1490, -2.640
46.50, 0.1500, -4.646
46.51, 0.1510, -2.661
46.52, 0.1520, -4.125
46.53, 0.1530, -3.042
46.54, 0.1540, -3.460
46.55, 0.1550, -2.945
46.56, 0.1560, -4.233
46.57, 0.1570, -3.750
46.58, 0.1580, -5.476
46.59, 0.1590, -4.802
46.60, 0.1600, -3.064
46.61, 0.1610, -2.965
46.62, 0.1620, -4.614
46.63, 0.1630, -3.305
46.64, 0.1640, -2.854
46.65, 0.1650, -3.755
46.66, 0.1660, -4.383
46.67, 0.1670, -2.227
46.68, 0.1680, -3.608
46.69, 0.1690, -2.241
46.70, 0.1700, -4.435
46.71, 0.1710, -4.084
46.72, 0.1720, -3.809
46.73, 0.1730, -3.862
46.74, 0.1740, -3.837
46.75, 0.1750, -4.826
46.76, 0.1760, -3.898
46.77, 0.1770, -3.809
46.78, 0.1780, -2.756
46.79, 0.1790, -4.048
46.80, 0.1800, -1.849
46.81, 0.1810, -3.769
46.82, 0.1820, -4.254
46.83, 0.1830, -3.748
46.84, 0.1840, -3.496
46.85, 0.1850, -3.637
46.86, 0.1860, -3.269
46.87, 0.1870, -4.653
46.88, 0.1880, -3.160
46.89, 0.1890, -3.236
46.90, 0.1900, -4.348
46.91, 0.1910, -2.538
46.92, 0.1920, -4.802
46.93, 0.1930, -2.970
46.94, 0.1940, -3.707
46.95, 0.1950, -4.994
46.96, 0.1960, -3.347
46.97, 0.1970, -5.032
46.98, 0.1980, -4.093
46.99, 0.1990, -4.173
47.00, 0.2000, -2.378
47.01, 0.2010, -3.958
47.02, 0.2020, -3.697
47.03, 0.2030, -3.886
47.04, 0.2040, -3.061
47.05, 0.2050, -3.911
47.06, 0.2060, -2.527
47.07, 0.2070, -4.776
47.08, 0.2080, -2.527
47.09, 0.2090, -3.204
47.10, 0.2100, -2.714
47.11, 0.2110, -3.981
47.12, 0.2120, -4.698
47.13, 0.2130, -3.203
47.14, 0.2140, -3.650
47.15, 0.2150, -4.994
47.16, 0.2160, -3.910
47.17, 0.2170, -3.413
47.18, 0.2180, -2.896
47.19, 0.2190, -5.318
47.20, 0.2200, -4.107
47.21, 0.2210, -3.379
47.22, 0.2220, -4.299
47.23, 0.2230, -4.484
47.24, 0.2240, -3.768
47.25, 0.2250, -4.173
47.26, 0.2260, -3.634
47.27, 0.2270, -3.863
47.28, 0.2280, -3.359
47.29, 0.2290, -2.834
47.30, 0.2300, -5.655
47.31, 0.2310, -2.849
47.32, 0.2320, -3.684
47.33, 0.2330, -3.305
47.34, 0.2340, -4.680
47.35, 0.2350, -3.190
47.36, 0.2360, -4.021
47.37, 0.2370, -2.402
47.38, 0.2380, -4.251
47.39, 0.2390, -4.058
47.40, 0.2400, -3.740
47.41, 0.2410, -2.514
47.42, 0.2420, -4.196
47.43, 0.2430, -4.153
47.44, 0.2440, -4.379
47.45, 0.2450, -3.826
47.46, 0.2460, -4.873
47.47, 0.2470, -3.741
47.48, 0.2480, -4.596
47.49, 0.2490, -4.110
47.50, 0.2500, -4.450
47.51, 0.2510, -4.460
47.52, 0.2520, -3.261
47.53, 0.2530, -2.865
47.54, 0.2540, -4.413
47.55, 0.2550, -3.893
47.56, 0.2560, -4.206
47.57, 0.2570, -4.324
47.58, 0.2580, -5.005
47.59, 0.2590, -3.336
47.60, 0.2600, -4.155
47.61, 0.2610, -4.046
47.62, 0.2620, -3.414
47.63, 0.2630, -3.864
47.64, 0.2640, -2.404
47.65, 0.2650, -4.293
47.66, 0.2660, -3.010
47.67, 0.2670, -3.844
47.68, 0.2680, -3.358
47.69, 0.2690, -3.242
47.70, 0.2700, -4.390
47.71, 0.2710, -3.112
47.72, 0.2720, -3.221
47.73, 0.2730, -3.968
47.74, 0.2740, -3.185
47.75, 0.2750, -3.372
47.76, 0.2760, -4.005
47.77, 0.2770, -3.439
47.78, 0.2780, -5.221
47.79, 0.2790, -2.940
47.80, 0.2800, -3.328
47.81, 0.2810, -5.478
47.82, 0.2820, -5.339
47.83, 0.2830, -3.949
47.84, 0.2840, -5.763
47.85, 0.2850, -4.141
47.86, 0.2860, -3.113
47.87, 0.2870, -4.577
47.88, 0.2880, -4.157
47.89, 0.2890, -4.325
47.90, 0.2900, -4.090
47.91, 0.2910, -4.427
47.92, 0.2920, -4.619
47.93, 0.2930, -3.030
47.94, 0.2940, -3.689
47.95, 0.2950, -5.094
47.96, 0.2960, -4.114
47.97, 0.2970, -4.108
47.98, 0.2980, -2.803
47.99, 0.2990, -4.941
48.00, 0.3000, -4.641
48.01, 0.3010, -3.083
48.02, 0.3020, -2.736
48.03, 0.3030, -3.171
48.04, 0.3040, -3.992
48.05, 0.3050, -3.032
48.06, 0.3060, -4.009
48.07, 0.3070, -3.461
48.08, 0.3080, -5.245
48.09, 0.3090, -2.581
48.10, 0.3100, -4.062
48.11, 0.3110, -4.113
48.12, 0.3120, -3.728
48.13, 0.3130, -2.472
48.14, 0.3140, -4.457
48.15, 0.3150, -3.404
48.16, 0.3160, -4.032
48.17, 0.3170, -4.352
48.18, 0.3180, -3.329
48.19, 0.3190, -3.927
48.20, 0.3200, -1.841
48.21, 0.3210, -4.357
48.22, 0.3220, -3.436
48.23, 0.3230, -4.140
48.24, 0.3240, -2.608
48.25, 0.3250, -4.779
48.26, 0.3260, -4.145
48.27, 0.3270, -3.458
48.28, 0.3280, -4.098
48.29, 0.3290, -3.184
48.30, 0.3300, -4.879
48.31, 0.3310, -3.504
48.32, 0.3320, -3.996
48.33, 0.3330, -3.025
48.34, 0.3340, -3.254
48.35, 0.3350, -4.565
48.36, 0.3360, -4.068
48.37, 0.3370, -2.886
48.38, 0.3380, -2.718
48.39, 0.3390, -4.407
48.40, 0.3400, -4.023
48.41, 0.3410, -4.026
48.42, 0.3420, -2.646
48.43, 0.3430, -3.054
48.44, 0.3440, -3.980
48.45, 0.3450, -2.932
48.46, 0.3460, -3.961
48.47, 0.3470, -4.922
48.48, 0.3480, -3.548
48.49, 0.3490, -2.383
48.50, 0.3500, -3.018
48.51, 0.3510, -3.215
48.52, 0.3520, -2.265
48.53, 0.3530, -5.518
48.54, 0.3540, -2.840
48.55, 0.3550, -3.079
48.56, 0.3560, -3.727
48.57, 0.3570, -4.792
48.58, 0.3580, -4.988
48.59, 0.3590, -2.937
48.60, 0.3600, -4.861
48.61, 0.3610, -4.621
48.62, 0.3620, -2.863
48.63, 0.3630, -3.996
48.64, 0.3640, -4.260
48.65, 0.3650, -4.140
48.66, 0.3660, -3.910
48.67, 0.3670, -3.556
48.68, 0.3680, -4.610
48.69, 0.3690, -3.706
48.70, 0.3700, -2.199
48.71, 0.3710, -5.549
48.72, 0.3720, -3.199
48.73, 0.3730, -3.330
48.74, 0.3740, -3.483
48.75, 0.3750, -3.408
48.76, 0.3760, -3.152
48.77, 0.3770, -3.801
48.78, 0.3780, -3.418
48.79, 0.3790, -4.836
48.80, 0.3800, -3.312
48.81, 0.3810, -3.219
48.82, 0.3820, -4.624
48.83, 0.3830, -3.473
48.84, 0.3840, -4.275
48.85, 0.3850, -3.656
48.86, 0.3860, -4.720
48.87, 0.3870, -3.013
48.88, 0.3880, -3.758
48.89, 0.3890, -3.429
48.90, 0.3900, -4.860
48.91, 0.3910, -5.447
48.92, 0.3920, -3.577
48.93, 0.3930, -5.217
48.94, 0.3940, -3.946
48.95, 0.3950, -4.826
48.96, 0.3960, -4.994
48.97, 0.3970, -3.972
48.98, 0.3980, -4.133
48.99, 0.3990, -3.357
49.00, 0.4000, -4.204
49.01, 0.4010, -4.256
49.02, 0.4020, -3.887
49.03, 0.4030, -3.138
49.04, 0.4040, -3.396
49.05, 0.4050, -3.115
49.06, 0.4060, -2.820
49.07, 0.4070, -3.219
49.08, 0.4080, -4.611
49.09, 0.4090, -3.359
49.10, 0.4100, -3.067
49.11, 0.4110, -3.784
49.12, 0.4120, -5.009
49.13, 0.4130, -2.252
49.14, 0.4140, -3.236
49.15, 0.4150, -4.025
49.16, 0.4160, -4.140
49.17, 0.4170, -3.122
49.18, 0.4180, -4.036
49.19, 0.4190, -5.051
49.20, 0.4200, -4.207
49.21, 0.4210, -3.429
49.22, 0.4220, -2.913
49.23, 0.4230, -4.155
49.24, 0.4240, -2.271
49.25, 0.4250, -4.645
49.26, 0.4260, -2.651
49.27, 0.4270, -6.112
49.28, 0.4280, -2.874
49.29, 0.4290, -3.270
49.30, 0.4300, -3.080
49.31, 0.4310, -4.476
49.32, 0.4320, -2.911
49.33, 0.4330, -4.848
49.34, 0.4340, -3.863
49.35, 0.4350, -2.912
49.36, 0.4360, -3.155
49.37, 0.4370, -3.566
49.38, 0.4380, -3.764
49.39, 0.4390, -4.872
49.40, 0.4400, -2.609
49.41, 0.4410, -2.702
49.42, 0.4420, -3.161
49.43, 0.4430, -4.758
49.44, 0.4440, -3.248
49.45, 0.4450, -2.921
49.46, 0.4460, -2.645
49.47, 0.4470, -4.064
49.48, 0.4480, -3.548
49.49, 0.4490, -3.425
49.50, 0.4500, -2.455
49.51, 0.4510, -3.959
49.52, 0.4520, -4.212
49.53, 0.4530, -3.630
49.54, 0.4540, -3.509
49.55, 0.4550, -5.698
49.56, 0.4560, -3.950
49.57, 0.4570, -3.795
49.58, 0.4580, -2.271
49.59, 0.4590, -3.971
49.60, 0.4600, -3.517
49.61, 0.4610, -4.542
49.62, 0.4620, -4.625
49.63, 0.4630, -4.155
49.64, 0.4640, -2.829
49.65, 0.4650, -3.446
49.66, 0.4660, -2.764
49.67, 0.4670, -4.499
49.68, 0.4680, -3.215
49.69, 0.4690, -3.468
49.70, 0.4700, -2.832
49.71, 0.4710, -3.958
49.72, 0.4720, -3.126
49.73, 0.4730, -2.714
49.74, 0.4740, -4.917
49.75, 0.4750, -4.676
49.76, 0.4760, -3.115
49.77, 0.4770, -4.374
49.78, 0.4780, -4.408
49.79, 0.4790, -4.828
49.80, 0.4800, -2.834
49.81, 0.4810, -3.312
49.82, 0.4820, -3.622
49.83, 0.4830, -3.165
49.84, 0.4840, -3.113
49.85, 0.4850, -2.960
49.86, 0.4860, -4.093
49.87, 0.4870, -4.843
49.88, 0.4880, -4.148
49.89, 0.4890, -3.069
49.90, 0.4900, -4.166
49.91, 0.4910, -2.592
49.92, 0.4920, -2.921
49.93, 0.4930, -3.697
49.94, 0.4940, -4.680
49.95, 0.4950, -3.376
49.96, 0.4960, -3.699
49.97, 0.4970, -4.598
49.98, 0.4980, -3.324
49.99, 0.4990, -1.635
50.00, 0.5000, -2.472
50.01, 0.5010, -4.532
50.02, 0.5020, -2.745
50.03, 0.5030, -2.206
50.04, 0.5040, -1.940
50.05, 0.5050, -4.921
50.06, 0.5060, -2.898
50.07, 0.5070, -3.587
50.08, 0.5080, -3.875
50.09, 0.5090, -4.612
50.10, 0.5100, -4.686
50.11, 0.5110, -3.840
50.12, 0.5120, -5.445
50.13, 0.5130, -5.913
50.14, 0.5140, -4.264
50.15, 0.5150, -2.813
50.16, 0.5160, -3.494
50.17, 0.5170, -3.991
50.18, 0.5180, -2.490
50.19, 0.5190, -3.869
50.20, 0.5200, -3.565
50.21, 0.5210, -3.736
50.22, 0.5220, -3.103
50.23, 0.5230, -4.788
50.24, 0.5240, -2.562
50.25, 0.5250, -4.016
50.26, 0.5260, -3.051
50.27, 0.5270, -3.077
50.28, 0.5280, -2.398
50.29, 0.5290, -2.987
50.30, 0.5300, -3.872
50.31, 0.5310, -3.076
50.32, 0.5320, -3.425
50.33, 0.5330, -3.793
50.34, 0.5340, -4.576
50.35, 0.5350, -3.440
50.36, 0.5360, -2.536
50.37, 0.5370, -3.824
50.38, 0.5380, -4.572
50.39, 0.5390, -3.154
50.40, 0.5400, -3.777
50.41, 0.5410, -4.062
50.42, 0.5420, -4.320
50.43, 0.5430, -3.740
50.44, 0.5440, -3.014
50.45, 0.5450, -3.417
50.46, 0.5460, -5.829
50.47, 0.5470, -4.151
50.48, 0.5480, -3.699
50.49, 0.5490, -3.232
50.50, 0.5500, -4.569
50.51, 0.5510, -3.259
50.52, 0.5520, -3.424
50.53, 0.5530, -2.877
50.54, 0.5540, -3.606
50.55, 0.5550, -3.480
50.56, 0.5560, -2.993
50.57, 0.5570, -3.784
50.58, 0.5580, -3.544
50.59, 0.5590, -2.846
50.60, 0.5600, -3.879
50.61, 0.5610, -2.334
50.62, 0.5620, -4.517
50.63, 0.5630, -2.994
50.64, 0.5640, -2.532
50.65, 0.5650, -2.504
50.66, 0.5660, -4.160
50.67, 0.5670, -3.831
50.68, 0.5680, -3.925
50.69, 0.5690, -5.354
50.70, 0.5700, -4.336
50.71, 0.5710, -5.899
50.72, 0.5720, -3.489
50.73, 0.5730, -2.592
50.74, 0.5740, -2.429
50.75, 0.5750, -3.650
50.76, 0.5760, -3.478
50.77, 0.5770, -2.254
50.78, 0.5780, -2.654
50.79, 0.5790, -3.594
50.80, 0.5800, -4.091
50.81, 0.5810, -4.324
50.82, 0.5820, -2.937
50.83, 0.5830, -5.540
50.84, 0.5840, -3.876
50.85, 0.5850, -3.001
50.86, 0.5860, -2.906
50.87, 0.5870, -6.237
50.88, 0.5880, -3.074
50.89, 0.5890, -3.090
50.90, 0.5900, -2.718
50.91, 0.5910, -3.712
50.92, 0.5920, -3.330
50.93, 0.5930, -3.681
50.94, 0.5940, -3.278
50.95, 0.5950, -5.522
50.96, 0.5960, -3.217
50.97, 0.5970, -4.141
50.98, 0.5980, -3.191
50.99, 0.5990, -5.325
51.00, 0.6000, -4.474
51.01, 0.6010, -3.010
51.02, 0.6020, -2.143
51.03, 0.6030, -4.092
51.04, 0.6040, -3.814
51.05, 0.6050, -5.064
51.06, 0.6060, -3.457
51.07, 0.6070, -3.446
51.08, 0.6080, -4.132
51.09, 0.6090, -4.312
51.10, 0.6100, -3.082
51.11, 0.6110, -4.206
51.12, 0.6120, -3.405
51.13, 0.6130, -4.359
51.14, 0.6140, -5.458
51.15, 0.6150, -3.285
51.16, 0.6160, -4.756
51.17, 0.6170, -4.275
51.18, 0.6180, -4.540
51.19, 0.6190, -2.918
51.20, 0.6200, -4.395
51.21, 0.6210, -3.873
51.22, 0.6220, -3.971
51.23, 0.6230, -3.547
51.24, 0.6240, -3.806
51.25, 0.6250, -4.044
51.26, 0.6260, -4.192
51.27, 0.6270, -4.247
51.28, 0.6280, -3.461
51.29, 0.6290, -5.265
51.30, 0.6300, -4.006
51.31, 0.6310, -3.330
51.32, 0.6320, -3.261
51.33, 0.6330, -4.707
51.34, 0.6340, -3.454
51.35, 0.6350, -4.163
51.36, 0.6360, -2.993
51.37, 0.6370, -5.127
51.38, 0.6380, -4.338
51.39, 0.6390, -4.901
51.40, 0.6400, -2.202
51.41, 0.6410, -4.912
51.42, 0.6420, -3.080
51.43, 0.6430, -4.393
51.44, 0.6440, -3.015
51.45, 0.6450, -4.126
51.46, 0.6460, -3.990
51.47, 0.6470, -3.734
51.48, 0.6480, -4.179
51.49, 0.6490, -5.015
51.50, 0.6500, -4.019
51.51, 0.6510, -5.055
51.52, 0.6520, -2.378
51.53, 0.6530, -3.498
51.54, 0.6540, -3.789
51.55, 0.6550, -4.855
51.56, 0.6560, -5.178
51.57, 0.6570, -4.363
51.58, 0.6580, -3.710
51.59, 0.6590, -4.047
51.60, 0.6600, -4.204
51.61, 0.6610, -3.816
51.62, 0.6620, -3.799
51.63, 0.6630, -2.413
51.64, 0.6640, -4.469
51.65, 0.6650, -2.800
51.66, 0.6660, -3.753
51.67, 0.6670, -4.184
51.68, 0.6680, -4.639
51.69, 0.6690, -4.912
51.70, 0.6700, -3.485
51.71, 0.6710, -3.779
51.72, 0.6720, -4.482
51.73, 0.6730, -2.873
51.74, 0.6740, -3.038
51.75, 0.6750, -4.791
51.76, 0.6760, -4.157
51.77, 0.6770, -2.997
51.78, 0.6780, -3.292
51.79, 0.6790, -4.655
51.80, 0.6800, -3.892
51.81, 0.6810, -2.823
51.82, 0.6820, -3.043
51.83, 0.6830, -4.860
51.84, 0.6840, -3.841
51.85, 0.6850, -3.534
51.86, 0.6860, -4.788
51.87, 0.6870, -3.958
51.88, 0.6880, -3.975
51.89, 0.6890, -2.296
51.90, 0.6900, -3.437
51.91, 0.6910, -3.995
51.92, 0.6920, -3.115
51.93, 0.6930, -2.514
51.94, 0.6940, -3.918
51.95, 0.6950, -3.257
51.96, 0.6960, -3.566
51.97, 0.6970, -3.309
51.98, 0.6980, -3.820
51.99, 0.6990, -1.871
52.00, 0.7000, -4.567
52.01, 0.7010, -3.317
52.02, 0.7020, -4.438
52.03, 0.7030, -4.064
52.04, 0.7040, -4.243
52.05, 0.7050, -3.088
52.06, 0.7060, -5.016
52.07, 0.7070, -2.374
52.08, 0.7080, -4.002
52.09, 0.7090, -4.495
52.10, 0.7100, -4.430
52.11, 0.7110, -2.755
52.12, 0.7120, -3.654
52.13, 0.7130, -3.605
52.14, 0.7140, -5.037
52.15, 0.7150, -4.764
52.16, 0.7160, -2.838
52.17, 0.7170, -4.082
52.18, 0.7180, -4.722
52.19, 0.7190, -3.022
52.20, 0.7200, -2.716
52.21, 0.7210, -5.353
52.22, 0.7220, -3.986
52.23, 0.7230, -3.304
52.24, 0.7240, -4.385
52.25, 0.7250, -4.577
52.26, 0.7260, -2.918
52.27, 0.7270, -3.454
52.28, 0.7280, -2.955
52.29, 0.7290, -4.700
52.30, 0.7300, -2.788
52.31, 0.7310, -3.198
52.32, 0.7320, -3.637
52.33, 0.7330, -3.540
52.34, 0.7340, -3.386
52.35, 0.7350, -2.229
52.36, 0.7360, -4.084
52.37, 0.7370, -2.991
52.38, 0.7380, -3.925
52.39, 0.7390, -3.135
52.40, 0.7400, -2.705
52.41, 0.7410, -3.960
52.42, 0.7420, -3.075
52.43, 0.7430, -3.488
52.44, 0.7440, -2.940
52.45, 0.7450, -2.719
52.46, 0.7460, -5.330
52.47, 0.7470, -2.089
52.48, 0.7480, -3.841
52.49, 0.7490, -2.923
52.50, 0.7500, -4.287
52.51, 0.7510, -3.856
52.52, 0.7520, -5.447
52.53, 0.7530, -3.930
52.54, 0.7540, -3.263
52.55, 0.7550, -4.364
52.56, 0.7560, -6.626
52.57, 0.7570, -3.223
52.58, 0.7580, -4.076
52.59, 0.7590, -2.698
52.60, 0.7600, -4.709
52.61, 0.7610, -3.096
52.62, 0.7620, -3.886
52.63, 0.7630, -3.773
52.64, 0.7640, -4.715
52.65, 0.7650, -3.584
52.66, 0.7660, -2.748
52.67, 0.7670, -3.138
52.68, 0.7680, -3.543
52.69, 0.7690, -3.367
52.70, 0.7700, -2.983
52.71, 0.7710, -4.637
52.72, 0.7720, -4.310
52.73, 0.7730, -4.188
52.74, 0.7740, -3.406
52.75, 0.7750, -4.267
52.76, 0.7760, -1.931
52.77, 0.7770, -3.355
52.78, 0.7780, -4.502
52.79, 0.7790, -3.160
52.80, 0.7800, -2.752
52.81, 0.7810, -3.790
52.82, 0.7820, -4.635
52.83, 0.7830, -3.193
52.84, 0.7840, -2.564
52.85, 0.7850, -3.067
52.86, 0.7860, -2.559
52.87, 0.7870, -4.197
52.88, 0.7880, -3.603
52.89, 0.7890, -2.878
52.90, 0.7900, -3.065
52.91, 0.7910, -2.805
52.92, 0.7920, -4.999
52.93, 0.7930, -5.940
52.94, 0.7940, -3.640
52.95, 0.7950, -2.627
52.96, 0.7960, -3.364
52.97, 0.7970, -4.841
52.98, 0.7980, -4.506
52.99, 0.7990, -3.356
53.00, 0.8000, -3.841
53.01, 0.8010, -3.795
53.02, 0.8020, -2.248
53.03, 0.8030, -2.947
53.04, 0.8040, -3.216
53.05, 0.8050, -4.666
53.06, 0.8060, -3.441
53.07, 0.8070, -3.158
53.08, 0.8080, -4.869
53.09, 0.8090, -3.706
53.10, 0.8100, -2.139
53.11, 0.8110, -3.200
53.12, 0.8120, -4.202
53.13, 0.8130, -3.165
53.14, 0.8140, -3.768
53.15, 0.8150, -3.244
53.16, 0.8160, -4.487
53.17, 0.8170, -3.280
53.18, 0.8180, -4.379
53.19, 0.8190, -2.442
53.20, 0.8200, -3.937
53.21, 0.8210, -4.282
53.22, 0.8220, -3.563
53.23, 0.8230, -2.866
53.24, 0.8240, -3.415
53.25, 0.8250, -2.556
53.26, 0.8260, -2.765
53.27, 0.8270, -2.915
53.28, 0.8280, -4.010
53.29, 0.8290, -5.694
53.30, 0.8300, -3.505
53.31, 0.8310, -4.525
53.32, 0.8320, -3.403
53.33, 0.8330, -3.102
53.34, 0.8340, -3.431
53.35, 0.8350, -4.423
53.36, 0.8360, -3.495
53.37, 0.8370, -2.716
53.38, 0.8380, -2.803
53.39, 0.8390, -4.414
53.40, 0.8400, -3.654
53.41, 0.8410, -3.380
53.42, 0.8420, -1.960
53.43, 0.8430, -4.622
53.44, 0.8440, -2.433
53.45, 0.8450, -3.479
53.46, 0.8460, -2.807
53.47, 0.8470, -4.221
53.48, 0.8480, -2.747
53.49, 0.8490, -4.020
53.50, 0.8500, -3.816
53.51, 0.8510, -3.002
53.52, 0.8520, -3.266
53.53, 0.8530, -3.659
53.54, 0.8540, -3.727
53.55, 0.8550, -2.346
53.56, 0.8560, -3.677
53.57, 0.8570, -2.330
53.58, 0.8580, -4.694
53.59, 0.8590, -4.242
53.60, 0.8600, -3.723
53.61, 0.8610, -3.713
53.62, 0.8620, -3.522
53.63, 0.8630, -2.864
53.64, 0.8640, -2.731
53.65, 0.8650, -5.409
53.66, 0.8660, -5.203
53.67, 0.8670, -2.742
53.68, 0.8680, -2.890
53.69, 0.8690, -4.023
53.70, 0.8700, -3.389
53.71, 0.8710, -3.003
53.72, 0.8720, -1.389
53.73, 0.8730, -3.360
53.74, 0.8740, -3.318
53.75, 0.8750, -3.124
53.76, 0.8760, -3.364
53.77, 0.8770, -5.473
53.78, 0.8780, -3.056
53.79, 0.8790, -2.360
53.80, 0.8800, -3.148
53.81, 0.8810, -3.792
53.82, 0.8820, -4.113
53.83, 0.8830, -2.673
53.84, 0.8840, -3.803
53.85, 0.8850, -3.731
53.86, 0.8860, -3.524
53.87, 0.8870, -2.772
53.88, 0.8880, -3.563
53.89, 0.8890, -2.168
53.90, 0.8900, -3.202
53.91, 0.8910, -4.311
53.92, 0.8920, -4.424
53.93, 0.8930, -3.714
53.94, 0.8940, -2.900
53.95, 0.8950, -3.644
53.96, 0.8960, -3.237
53.97, 0.8970, -3.774
53.98, 0.8980, -2.417
53.99, 0.8990, -4.507
54.00, 0.9000, -4.049
54.01, 0.9010, -2.524
54.02, 0.9020, -3.898
54.03, 0.9030, -3.531
54.04, 0.9040, -3.309
54.05, 0.9050, -2.840
54.06, 0.9060, -3.799
54.07, 0.9070, -3.818
54.08, 0.9080, -2.406
54.09, 0.9090, -2.653
54.10, 0.9100, -4.113
54.11, 0.9110, -2.735
54.12, 0.9120, -2.443
54.13, 0.9130, -1.324
54.14, 0.9140, -3.559
54.15, 0.9150, -2.214
54.16, 0.9160, -2.656
54.17, 0.9170, -3.711
54.18, 0.9180, -3.271
54.19, 0.9190, -2.786
54.20, 0.9200, -2.645
54.21, 0.9210, -4.576
54.22, 0.9220, -3.644
54.23, 0.9230, -3.124
54.24, 0.9240, -4.185
54.25, 0.9250, -4.279
54.26, 0.9260, -2.793
54.27, 0.9270, -2.651
54.28, 0.9280, -3.868
54.29, 0.9290, -3.687
54.30, 0.9300, -3.631
54.31, 0.9310, -2.794
54.32, 0.9320, -3.694
54.33, 0.9330, -1.826
54.34, 0.9340, -2.027
54.35, 0.9350, -3.634
54.36, 0.9360, -4.042
54.37, 0.9370, -1.945
54.38, 0.9380, -3.343
54.39, 0.9390, -4.520
54.40, 0.9400, -1.533
54.41, 0.9410, -4.306
54.42, 0.9420, -4.393
54.43, 0.9430, -2.911
54.44, 0.9440, -2.272
54.45, 0.9450, -2.674
54.46, 0.9460, -4.087
54.47, 0.9470, -3.179
54.48, 0.9480, -4.094
54.49, 0.9490, -3.183
54.50, 0.9500, -3.899
54.51, 0.9510, -1.578
54.52, 0.9520, -4.174
54.53, 0.9530, -3.134
54.54, 0.9540, -2.534
54.55, 0.9550, -1.813
54.56, 0.9560, -4.633
54.57, 0.9570, -4.308
54.58, 0.9580, -2.358
54.59, 0.9590, -4.129
54.60, 0.9600, -3.641
54.61, 0.9610, -2.896
54.62, 0.9620, -3.209
54.63, 0.9630, -4.135
54.64, 0.9640, -2.556
54.65, 0.9650, -2.792
54.66, 0.9660, -4.199
54.67, 0.9670, -3.431
54.68, 0.9680, -3.620
54.69, 0.9690, -3.704
54.70, 0.9700, -4.049
54.71, 0.9710, -3.093
54.72, 0.9720, -2.656
54.73, 0.9730, -2.981
54.74, 0.9740, -4.723
54.75, 0.9750, -4.011
54.76, 0.9760, -3.341
54.77, 0.9770, -4.016
54.78, 0.9780, -3.638
54.79, 0.9790, -3.017
54.80, 0.9800, -3.520
54.81, 0.9810, -4.213
54.82, 0.9820, -3.094
54.83, 0.9830, -1.916
54.84, 0.9840, -4.246
54.85, 0.9850, -3.940
54.86, 0.9860, -2.961
54.87, 0.9870, -2.016
54.88, 0.9880, -3.830
54.89, 0.9890, -3.624
54.90, 0.9900, -2.259
54.91, 0.9910, -2.495
54.92, 0.9920, -3.102
54.93, 0.9930, -2.020
54.94, 0.9940, -1.813
54.95, 0.9950, -2.448
54.96, 0.9960, -2.966
54.97, 0.9970, -3.135
54.98, 0.9980, -4.722
54.99, 0.9990, -1.947
55.00, 1.000, -1.932
55.01, 1.001, -3.391
55.02, 1.002, -2.835
55.03, 1.003, -2.684
55.04, 1.004, -3.681
55.05, 1.005, -3.245
55.06, 1.006, -3.154
55.07, 1.007, -2.564
55.08, 1.008, -2.529
55.09, 1.009, -3.959
55.10, 1.010, -3.467
55.11, 1.011, -1.612
55.12, 1.012, -2.650
55.13, 1.013, -4.019
55.14, 1.014, -2.952
55.15, 1.015, -1.887
55.16, 1.016, -2.972
55.17, 1.017, -2.706
55.18, 1.018, -2.968
55.19, 1.019, -3.695
55.20, 1.020, -2.165
55.21, 1.021, -3.811
55.22, 1.022, -2.483
55.23, 1.023, -4.631
55.24, 1.024, -1.904
55.25, 1.025, -4.770
55.26, 1.026, -1.710
55.27, 1.027, -2.252
55.28, 1.028, -2.618
55.29, 1.029, -3.444
55.30, 1.030, -3.605
55.31, 1.031, -2.340
55.32, 1.032, -2.523
55.33, 1.033, -4.053
55.34, 1.034, -2.300
55.35, 1.035, -2.206
55.36, 1.036, -3.058
55.37, 1.037, -1.975
55.38, 1.038, -4.134
55.39, 1.039, -1.383
55.40, 1.040, -2.810
55.41, 1.041, -3.527
55.42, 1.042, -2.497
55.43, 1.043, -0.9345
55.44, 1.044, -4.318
55.45, 1.045, -3.324
55.46, 1.046, -1.454
55.47, 1.047, -3.406
55.48, 1.048, -2.902
55.49, 1.049, -1.330
55.50, 1.050, -2.467
55.51, 1.051, -2.055
55.52, 1.052, -3.301
55.53, 1.053, -1.971
55.54, 1.054, -2.653
55.55, 1.055, -2.639
55.56, 1.056, -3.518
55.57, 1.057, -1.647
55.58, 1.058, -3.620
55.59, 1.059, -2.904
55.60, 1.060, -2.986
55.61, 1.061, -2.860
55.62, 1.062, -1.440
55.63, 1.063, -3.463
55.64, 1.064, -1.613
55.65, 1.065, -2.292
55.66, 1.066, -2.502
55.67, 1.067, -2.443
55.68, 1.068, -1.436
55.69, 1.069, -2.712
55.70, 1.070, -2.282
55.71, 1.071, -2.257
55.72, 1.072, -2.179
55.73, 1.073, -2.668
55.74, 1.074, -3.199
55.75, 1.075, -2.776
55.76, 1.076, -1.997
55.77, 1.077, -3.124
55.78, 1.078, -4.503
55.79, 1.079, -1.671
55.80, 1.080, -1.594
55.81, 1.081, -1.210
55.82, 1.082, -3.778
55.83, 1.083, -4.187
55.84, 1.084, -2.771
55.85, 1.085, -2.091
55.86, 1.086, -2.989
55.87, 1.087, -2.528
55.88, 1.088, -1.654
55.89, 1.089, -3.482
55.90, 1.090, -1.328
55.91, 1.091, -2.050
55.92, 1.092, -2.118
55.93, 1.093, -3.224
55.94, 1.094, -2.717
55.95, 1.095, -1.660
55.96, 1.096, -4.319
55.97, 1.097, -4.193
55.98, 1.098, -2.302
55.99, 1.099, -3.390
56.00, 1.100, -2.328
56.01, 1.101, -2.678
56.02, 1.102, -2.903
56.03, 1.103, -2.640
56.04, 1.104, -2.621
56.05, 1.105, -1.162
56.06, 1.106, -2.781
56.07, 1.107, -2.075
56.08, 1.108, -1.713
56.09, 1.109, -1.962
56.10, 1.110, -2.230
56.11, 1.111, -1.646
56.12, 1.112, -1.896
56.13, 1.113, -2.129
56.14, 1.114, -3.701
56.15, 1.115, -1.022
56.16, 1.116, -1.925
56.17, 1.117, -1.674
56.18, 1.118, -1.421
56.19, 1.119, -1.954
56.20, 1.120, -1.074
56.21, 1.121, -2.739
56.22, 1.122, -2.559
56.23, 1.123, -2.329
56.24, 1.124, -1.770
56.25, 1.125, -0.6194
56.26, 1.126, -2.733
56.27, 1.127, -1.623
56.28, 1.128, -1.616
56.29, 1.129, -1.524
56.30, 1.130, -2.423
56.31, 1.131, -1.837
56.32, 1.132, -2.250
56.33, 1.133, -2.729
56.34, 1.134, -1.314
56.35, 1.135, -1.348
56.36, 1.136, -2.687
56.37, 1.137, -1.559
56.38, 1.138, -1.397
56.39, 1.139, -2.306
56.40, 1.140, -0.9889
56.41, 1.141, -3.183
56.42, 1.142, -1.771
56.43, 1.143, -1.662
56.44, 1.144, -2.409
56.45, 1.145, -1.631
56.46, 1.146, -2.301
56.47, 1.147, -0.9363
56.48, 1.148, -0.8121
56.49, 1.149, -2.093
56.50, 1.150, -2.357
56.51, 1.151, -2.834
56.52, 1.152, -1.019
56.53, 1.153, -2.224
56.54, 1.154, -1.061
56.55, 1.155, -1.327
56.56, 1.156, -0.008037
56.57, 1.157, -3.769
56.58, 1.158, -2.556
56.59, 1.159, -1.980
56.60, 1.160, -0.9683
56.61, 1.161, -2.456
56.62, 1.162, -1.944
56.63, 1.163, -0.06926
56.64, 1.164, -1.895
56.65, 1.165, -2.740
56.66, 1.166, -1.431
56.67, 1.167, -1.700
56.68, 1.168, -1.221
56.69, 1.169, -1.107
56.70, 1.170, -1.701
56.71, 1.171, -2.462
56.72, 1.172, -1.981
56.73, 1.173, -0.9590
56.74, 1.174, -2.113
56.75, 1.175, -2.394
56.76, 1.176, -1.863
56.77, 1.177, -1.153
56.78, 1.178, -3.402
56.79, 1.179, -1.227
56.80, 1.180, -1.329
56.81, 1.181, -0.4885
56.82, 1.182, -3.207
56.83, 1.183, 0.3142
56.84, 1.184, -0.2805
56.85, 1.185, -2.998
56.86, 1.186, -0.5980
56.87, 1.187, -0.8359
56.88, 1.188, -0.9177
56.89, 1.189, -1.315
56.90, 1.190, -1.240
56.91, 1.191, -1.016
56.92, 1.192, -0.8445
56.93, 1.193, -0.7078
56.94, 1.194, -2.245
56.95, 1.195, -0.5978
56.96, 1.196, -0.9309
56.97, 1.197, 0.1948
56.98, 1.198, 0.5258
56.99, 1.199, -2.538
57.00, 1.200, -0.5713
57.01, 1.201, 0.01355
57.02, 1.202, -1.991
57.03, 1.203, 0.5611
57.04, 1.204, -0.5371
57.05, 1.205, -1.451
57.06, 1.206, 0.3188
57.07, 1.207, -0.7529
57.08, 1.208, 0.9809
57.09, 1.209, 0.1256
57.10, 1.210, -0.3978
57.11, 1.211, 1.154
57.12, 1.212, -0.5597
57.13, 1.213, -0.4345
57.14, 1.214, 0.9472
57.15, 1.215, -1.489
57.16, 1.216, -1.239
57.17, 1.217, -2.168
57.18, 1.218, 0.05288
57.19, 1.219, 0.1653
57.20, 1.220, -1.100
57.21, 1.221, -0.2569
57.22, 1.222, -0.9950
57.23, 1.223, -1.559
57.24, 1.224, 0.3539
57.25, 1.225, 0.3525
57.26, 1.226, -1.074
57.27, 1.227, -1.913
57.28, 1.228, -0.3145
57.29, 1.229, 0.5393
57.30, 1.230, 0.7753
57.31, 1.231, -0.1928
57.32, 1.232, -0.7244
57.33, 1.233, -0.1551
57.34, 1.234, 0.4225
57.35, 1.235, -1.223
57.36, 1.236, 0.2622
57.37, 1.237, -1.622
57.38, 1.238, -1.298
57.39, 1.239, 0.9186
57.40, 1.240, -1.354
57.41, 1.241, -0.09696
57.42, 1.242, -0.2285
57.43, 1.243, 0.02637
57.44, 1.244, -0.3954
57.45, 1.245, 0.2459
57.46, 1.246, -0.3243
57.47, 1.247, 1.367
57.48, 1.248, 0.2666
57.49, 1.249, -1.118
57.50, 1.250, 1.013
57.51, 1.251, 0.3959
57.52, 1.252, -1.531
57.53, 1.253, -0.4255
57.54, 1.254, 2.014
57.55, 1.255, 1.909
57.56, 1.256, -1.049
57.57, 1.257, 0.8294
57.58, 1.258, -0.5563
57.59, 1.259, 1.413
57.60, 1.260, 0.07174
57.61, 1.261, -0.6152
57.62, 1.262, 0.2548
57.63, 1.263, 1.055
57.64, 1.264, 0.7373
57.65, 1.265, 0.4720
57.66, 1.266, 0.8911
57.67, 1.267, -0.5859
57.68, 1.268, 0.5865
57.69, 1.269, 1.090
57.70, 1.270, 0.8604
57.71, 1.271, 0.03480
57.72, 1.272, -0.9089
57.73, 1.273, 1.332
57.74, 1.274, 0.3649
57.75, 1.275, 1.244
57.76, 1.276, 0.9954
57.77, 1.277, 0.7316
57.78, 1.278, 1.373
57.79, 1.279, 1.115
57.80, 1.280, 2.264
57.81, 1.281, 2.959
57.82, 1.282, -0.4501
57.83, 1.283, 0.8242
57.84, 1.284, 1.607
57.85, 1.285, 1.870
57.86, 1.286, 1.293
57.87, 1.287, 1.109
57.88, 1.288, 2.532
57.89, 1.289, 1.274
57.90, 1.290, 0.3747
57.91, 1.291, 0.4300
57.92, 1.292, 1.862
57.93, 1.293, 2.417
57.94, 1.294, 1.593
57.95, 1.295, 1.338
57.96, 1.296, 0.6922
57.97, 1.297, 2.582
57.98, 1.298, -0.01268
57.99, 1.299, -0.03526
58.00, 1.300, 2.342
58.01, 1.301, 2.470
58.02, 1.302, 2.864
58.03, 1.303, -0.4523
58.04, 1.304, 2.082
58.05, 1.305, 3.019
58.06, 1.306, 1.704
58.07, 1.307, 1.162
58.08, 1.308, 1.901
58.09, 1.309, 3.115
58.10, 1.310, 0.9809
58.11, 1.311, 1.756
58.12, 1.312, 2.879
58.13, 1.313, 3.774
58.14, 1.314, 2.655
58.15, 1.315, 2.583
58.16, 1.316, 1.693
58.17, 1.317, 1.307
58.18, 1.318, -0.2799
58.19, 1.319, 2.529
58.20, 1.320, 2.899
58.21, 1.321, -0.2226
58.22, 1.322, 1.927
58.23, 1.323, 4.184
58.24, 1.324, 2.654
58.25, 1.325, 0.6195
58.26, 1.326, 2.445
58.27, 1.327, 2.533
58.28, 1.328, 2.833
58.29, 1.329, 3.541
58.30, 1.330, 2.695
58.31, 1.331, 3.389
58.32, 1.332, 3.729
58.33, 1.333, 2.757
58.34, 1.334, 4.032
58.35, 1.335, 2.922
58.36, 1.336, 2.057
58.37, 1.337, 3.168
58.38, 1.338, 3.024
58.39, 1.339, 4.459
58.40, 1.340, 1.569
58.41, 1.341, 2.994
58.42, 1.342, 3.739
58.43, 1.343, 3.574
58.44, 1.344, 2.698
58.45, 1.345, 3.633
58.46, 1.346, 3.307
58.47, 1.347, 2.806
58.48, 1.348, 3.673
58.49, 1.349, 4.304
58.50, 1.350, 3.064
58.51, 1.351, 2.530
58.52, 1.352, 4.304
58.53, 1.353, 3.205
58.54, 1.354, 3.607
58.55, 1.355, 2.713
58.56, 1.356, 2.785
58.57, 1.357, 4.488
58.58, 1.358, 4.955
58.59, 1.359, 3.336
58.60, 1.360, 3.882
58.61, 1.361, 3.729
58.62, 1.362, 5.132
58.63, 1.363, 3.697
58.64, 1.364, 3.603
58.65, 1.365, 2.691
58.66, 1.366, 4.498
58.67, 1.367, 3.317
58.68, 1.368, 2.569
58.69, 1.369, 4.978
58.70, 1.370, 3.244
58.71, 1.371, 3.400
58.72, 1.372, 3.807
58.73, 1.373, 4.482
58.74, 1.374, 4.604
58.75, 1.375, 4.459
58.76, 1.376, 4.718
58.77, 1.377, 5.818
58.78, 1.378, 3.601
58.79, 1.379, 4.967
58.80, 1.380, 5.230
58.81, 1.381, 5.535
58.82, 1.382, 3.458
58.83, 1.383, 5.623
58.84, 1.384, 6.742
58.85, 1.385, 4.723
58.86, 1.386, 4.743
58.87, 1.387, 4.908
58.88, 1.388, 4.787
58.89, 1.389, 4.450
58.90, 1.390, 3.461
58.91, 1.391, 6.122
58.92, 1.392, 4.611
58.93, 1.393, 4.729
58.94, 1.394, 5.604
58.95, 1.395, 6.047
58.96, 1.396, 6.120
58.97, 1.397, 3.999
58.98, 1.398, 6.895
58.99, 1.399, 5.828
59.00, 1.400, 5.189
59.01, 1.401, 6.687
59.02, 1.402, 6.713
59.03, 1.403, 6.536
59.04, 1.404, 5.934
59.05, 1.405, 5.329
59.06, 1.406, 5.649
59.07, 1.407, 7.277
59.08, 1.408, 5.881
59.09, 1.409, 6.281
59.10, 1.410, 6.812
59.11, 1.411, 6.499
59.12, 1.412, 7.381
59.13, 1.413, 6.721
59.14, 1.414, 7.031
59.15, 1.415, 7.004
59.16, 1.416, 5.935
59.17, 1.417, 9.189
59.18, 1.418, 6.775
59.19, 1.419, 8.260
59.20, 1.420, 8.847
59.21, 1.421, 8.539
59.22, 1.422, 9.007
59.23, 1.423, 8.318
59.24, 1.424, 8.677
59.25, 1.425, 9.896
59.26, 1.426, 8.972
59.27, 1.427, 9.101
59.28, 1.428, 8.516
59.29, 1.429, 8.221
59.30, 1.430, 10.01
59.31, 1.431, 8.106
59.32, 1.432, 8.615
59.33, 1.433, 9.345
59.34, 1.434, 9.007
59.35, 1.435, 9.552
59.36, 1.436, 11.52
59.37, 1.437, 11.99
59.38, 1.438, 13.49
59.39, 1.439, 13.22
59.40, 1.440, 12.78
59.41, 1.441, 12.58
59.42, 1.442, 12.50
59.43, 1.443, 13.05
59.44, 1.444, 13.74
59.45, 1.445, 12.01
59.46, 1.446, 12.83
59.47, 1.447, 13.60
59.48, 1.448, 12.09
59.49, 1.449, 12.76
59.50, 1.450, 12.53
59.51, 1.451, 13.72
59.52, 1.452, 12.95
59.53, 1.453, 13.61
59.54, 1.454, 12.96
59.55, 1.455, 12.77
59.56, 1.456, 12.42
59.57, 1.457, 12.89
59.58, 1.458, 12.98
59.59, 1.459, 14.19
59.60, 1.460, 14.74
59.61, 1.461, 14.56
59.62, 1.462, 14.48
59.63, 1.463, 15.40
59.64, 1.464, 15.57
59.65, 1.465, 15.58
59.66, 1.466, 15.78
59.67, 1.467, 15.72
59.68, 1.468, 15.97
59.69, 1.469, 17.08
59.70, 1.470, 17.58
59.71, 1.471, 19.29
59.72, 1.472, 18.87
59.73, 1.473, 17.79
59.74, 1.474, 19.97
59.75, 1.475, 19.89
59.76, 1.476, 21.17
59.77, 1.477, 19.98
59.78, 1.478, 20.76
59.79, 1.479, 21.11
59.80, 1.480, 19.91
59.81, 1.481, 22.61
59.82, 1.482, 21.54
59.83, 1.483, 22.67
59.84, 1.484, 23.09
59.85, 1.485, 23.75
59.86, 1.486, 24.35
59.87, 1.487, 23.52
59.88, 1.488, 25.01
59.89, 1.489, 26.35
59.90, 1.490, 26.29
59.91, 1.491, 26.04
59.92, 1.492, 27.01
59.93, 1.493, 28.59
59.94, 1.494, 28.48
59.95, 1.495, 28.74
59.96, 1.496, 30.43
59.97, 1.497, 31.04
59.98, 1.498, 29.45
59.99, 1.499, 30.96
60.00, 1.500, 32.84
60.01, 1.501, 30.16
60.02, 1.502, 31.36
60.03, 1.503, 33.45
60.04, 1.504, 34.95
60.05, 1.505, 33.56
60.06, 1.506, 34.56
60.07, 1.507, 36.25
60.08, 1.508, 37.36
60.09, 1.509, 36.65
60.10, 1.510, 37.56
60.11, 1.511, 38.78
60.12, 1.512, 39.64
60.13, 1.513, 39.58
60.14, 1.514, 40.28
60.15, 1.515, 40.20
60.16, 1.516, 41.75
60.17, 1.517, 41.36
60.18, 1.518, 42.07
60.19, 1.519, 43.09
60.20, 1.520, 42.92
60.21, 1.521, 43.76
60.22, 1.522, 43.85
60.23, 1.523, 45.12
60.24, 1.524, 45.06
60.25, 1.525, 45.21
60.26, 1.526, 44.96
60.27, 1.527, 45.89
60.28, 1.528, 46.11
60.29, 1.529, 44.85
60.30, 1.530, 48.01
60.31, 1.531, 46.63
60.32, 1.532, 46.90
60.33, 1.533, 48.00
60.34, 1.534, 48.40
60.35, 1.535, 46.33
60.36, 1.536, 47.73
60.37, 1.537, 49.96
60.38, 1.538, 49.04
60.39, 1.539, 48.77
60.40, 1.540, 48.55
60.41, 1.541, 48.66
60.42, 1.542, 49.15
60.43, 1.543, 50.68
60.44, 1.544, 55.14
60.45, 1.545, 55.11
60.46, 1.546, 55.83
60.47, 1.547, 56.12
60.48, 1.548, 56.44
60.49, 1.549, 56.77
60.50, 1.550, 57.78
60.51, 1.551, 57.26
60.52, 1.552, 57.37
60.53, 1.553, 57.86
60.54, 1.554, 58.31
60.55, 1.555, 60.37
60.56, 1.556, 60.14
60.57, 1.557, 60.57
60.58, 1.558, 59.52
60.59, 1.559, 60.37
60.60, 1.560, 61.08
60.61, 1.561, 60.05
60.62, 1.562, 60.70
60.63, 1.563, 61.97
60.64, 1.564, 61.69
60.65, 1.565, 60.82
60.66, 1.566, 62.31
60.67, 1.567, 62.75
60.68, 1.568, 63.74
60.69, 1.569, 62.18
60.70, 1.570, 64.44
60.71, 1.571, 63.59
60.72, 1.572, 65.11
60.73, 1.573, 63.72
60.74, 1.574, 64.73
60.75, 1.575, 64.53
60.76, 1.576, 65.30
60.77, 1.577, 66.00
60.78, 1.578, 65.45
60.79, 1.579, 66.89
60.80, 1.580, 66.79
60.81, 1.581, 66.54
60.82, 1.582, 67.80
60.83, 1.583, 68.61
60.84, 1.584, 68.67
60.85, 1.585, 68.44
60.86, 1.586, 69.54
60.87, 1.587, 69.01
60.88, 1.588, 68.68
60.89, 1.589, 70.42
60.90, 1.590, 72.30
60.91, 1.591, 68.94
60.92, 1.592, 70.90
60.93, 1.593, 70.61
60.94, 1.594, 72.37
60.95, 1.595, 71.89
60.96, 1.596, 72.62
60.97, 1.597, 73.01
60.98, 1.598, 74.27
60.99, 1.599, 73.73
61.00, 1.600, 73.54
61.01, 1.601, 74.48
61.02, 1.602, 75.31
61.03, 1.603, 76.27
61.04, 1.604, 77.56
61.05, 1.605, 78.37
61.06, 1.606, 77.14
61.07, 1.607, 78.78
61.08, 1.608, 79.27
61.09, 1.609, 80.05
61.10, 1.610, 79.70
61.11, 1.611, 80.40
61.12, 1.612, 81.27
61.13, 1.613, 81.76
61.14, 1.614, 81.00
61.15, 1.615, 80.49
61.16, 1.616, 82.46
61.17, 1.617, 82.86
61.18, 1.618, 82.67
61.19, 1.619, 83.96
61.20, 1.620, 84.07
61.21, 1.621, 85.09
61.22, 1.622, 83.88
61.23, 1.623, 85.58
61.24, 1.624, 83.37
61.25, 1.625, 86.85
61.26, 1.626, 85.59
61.27, 1.627, 86.03
61.28, 1.628, 87.13
61.29, 1.629, 87.70
61.30, 1.630, 86.77
61.31, 1.631, 88.69
61.32, 1.632, 88.99
61.33, 1.633, 90.19
61.34, 1.634, 89.88
61.35, 1.635, 90.11
61.36, 1.636, 92.35
61.37, 1.637, 90.56
61.38, 1.638, 91.72
61.39, 1.639, 93.12
61.40, 1.640, 93.52
61.41, 1.641, 93.72
61.42, 1.642, 94.96
61.43, 1.643, 96.03
61.44, 1.644, 94.78
61.45, 1.645, 95.12
61.46, 1.646, 97.61
61.47, 1.647, 97.59
61.48, 1.648, 95.72
61.49, 1.649, 97.77
61.50, 1.650, 99.24
61.51, 1.651, 99.27
61.52, 1.652, 100.6
61.53, 1.653, 103.2
61.54, 1.654, 105.7
61.55, 1.655, 103.3
61.56, 1.656, 106.0
61.57, 1.657, 107.3
61.58, 1.658, 109.3
61.59, 1.659, 107.2
61.60, 1.660, 109.6
61.61, 1.661, 110.2
61.62, 1.662, 111.5
61.63, 1.663, 111.6
61.64, 1.664, 111.7
61.65, 1.665, 115.1
61.66, 1.666, 114.4
61.67, 1.667, 115.5
61.68, 1.668, 117.1
61.69, 1.669, 118.3
61.70, 1.670, 117.1
61.71, 1.671, 118.9
61.72, 1.672, 121.3
61.73, 1.673, 121.0
61.74, 1.674, 120.7
61.75, 1.675, 122.6
61.76, 1.676, 125.0
61.77, 1.677, 123.8
61.78, 1.678, 125.4
61.79, 1.679, 126.1
61.80, 1.680, 128.0
61.81, 1.681, 125.5
61.82, 1.682, 128.5
61.83, 1.683, 129.9
61.84, 1.684, 130.6
61.85, 1.685, 130.1
61.86, 1.686, 133.4
61.87, 1.687, 134.7
61.88, 1.688, 134.3
61.89, 1.689, 134.4
61.90, 1.690, 136.8
61.91, 1.691, 135.4
61.92, 1.692, 136.4
61.93, 1.693, 138.0
61.94, 1.694, 140.4
61.95, 1.695, 138.8
61.96, 1.696, 140.5
61.97, 1.697, 142.0
61.98, 1.698, 143.6
61.99, 1.699, 144.1
62.00, 1.700, 143.4
62.01, 1.701, 146.5
62.02, 1.702, 148.9
62.03, 1.703, 147.5
62.04, 1.704, 149.3
62.05, 1.705, 150.8
62.06, 1.706, 152.0
62.07, 1.707, 150.6
62.08, 1.708, 152.8
62.09, 1.709, 155.5
62.10, 1.710, 153.3
62.11, 1.711, 156.4
62.12, 1.712, 158.4
62.13, 1.713, 161.5
62.14, 1.714, 159.5
62.15, 1.715, 162.5
62.16, 1.716, 163.1
62.17, 1.717, 164.0
62.18, 1.718, 164.3
62.19, 1.719, 165.1
62.20, 1.720, 166.6
62.21, 1.721, 168.6
62.22, 1.722, 168.8
62.23, 1.723, 170.5
62.24, 1.724, 170.9
62.25, 1.725, 171.0
62.26, 1.726, 172.6
62.27, 1.727, 173.6
62.28, 1.728, 177.1
62.29, 1.729, 175.8
62.30, 1.730, 177.0
62.31, 1.731, 179.2
62.32, 1.732, 181.4
62.33, 1.733, 181.9
62.34, 1.734, 183.3
62.35, 1.735, 182.5
62.36, 1.736, 185.9
62.37, 1.737, 185.4
62.38, 1.738, 185.4
62.39, 1.739, 188.9
62.40, 1.740, 190.7
62.41, 1.741, 190.2
62.42, 1.742, 190.9
62.43, 1.743, 195.2
62.44, 1.744, 194.4
62.45, 1.745, 194.1
62.46, 1.746, 198.2
62.47, 1.747, 199.1
62.48, 1.748, 199.1
62.49, 1.749, 200.2
62.50, 1.750, 202.4
62.51, 1.751, 203.6
62.52, 1.752, 203.2
62.53, 1.753, 203.4
62.54, 1.754, 205.7
62.55, 1.755, 207.6
62.56, 1.756, 207.7
62.57, 1.757, 208.3
62.58, 1.758, 211.3
62.59, 1.759, 213.8
62.60, 1.760, 211.6
62.61, 1.761, 214.3
62.62, 1.762, 217.9
62.63, 1.763, 218.0
62.64, 1.764, 218.2
62.65, 1.765, 220.5
62.66, 1.766, 222.5
62.67, 1.767, 221.1
62.68, 1.768, 223.3
62.69, 1.769, 225.5
62.70, 1.770, 228.0
62.71, 1.771, 227.1
62.72, 1.772, 228.0
62.73, 1.773, 229.5
62.74, 1.774, 233.8
62.75, 1.775, 231.0
62.76, 1.776, 234.1
62.77, 1.777, 236.8
62.78, 1.778, 237.8
62.79, 1.779, 238.0
62.80, 1.780, 240.3
62.81, 1.781, 243.5
62.82, 1.782, 241.0
62.83, 1.783, 241.5
62.84, 1.784, 246.4
62.85, 1.785, 247.5
62.86, 1.786, 247.1
62.87, 1.787, 249.4
62.88, 1.788, 252.4
62.89, 1.789, 251.1
62.90, 1.790, 253.7
62.91, 1.791, 257.2
62.92, 1.792, 257.9
62.93, 1.793, 257.9
62.94, 1.794, 261.1
62.95, 1.795, 263.2
62.96, 1.796, 264.2
62.97, 1.797, 266.3
62.98, 1.798, 267.6
62.99, 1.799, 270.3
63.00, 1.800, 270.8
63.01, 1.801, 272.3
63.02, 1.802, 274.7
63.03, 1.803, 275.3
63.04, 1.804, 276.1
63.05, 1.805, 279.1
63.06, 1.806, 280.8
63.07, 1.807, 279.0
63.08, 1.808, 282.5
63.09, 1.809, 285.2
63.10, 1.810, 284.0
63.11, 1.811, 286.8
63.12, 1.812, 288.5
63.13, 1.813, 291.7
63.14, 1.814, 290.0
63.15, 1.815, 292.8
63.16, 1.816, 293.4
63.17, 1.817, 296.7
63.18, 1.818, 297.3
63.19, 1.819, 299.0
63.20, 1.820, 302.3
63.21, 1.821, 301.9
63.22, 1.822, 303.1
63.23, 1.823, 306.0
63.24, 1.824, 307.5
63.25, 1.825, 307.6
63.26, 1.826, 309.9
63.27, 1.827, 311.8
63.28, 1.828, 314.5
63.29, 1.829, 314.9
63.30, 1.830, 315.4
63.31, 1.831, 320.7
63.32, 1.832, 317.2
63.33, 1.833, 320.3
63.34, 1.834, 321.5
63.35, 1.835, 326.3
63.36, 1.836, 326.4
63.37, 1.837, 328.0
63.38, 1.838, 329.3
63.39, 1.839, 332.6
63.40, 1.840, 332.2
63.41, 1.841, 335.5
63.42, 1.842, 337.9
63.43, 1.843, 338.9
63.44, 1.844, 338.5
63.45, 1.845, 342.4
63.46, 1.846, 345.2
63.47, 1.847, 344.5
63.48, 1.848, 346.2
63.49, 1.849, 349.2
63.50, 1.850, 351.2
63.51, 1.851, 351.7
63.52, 1.852, 355.0
63.53, 1.853, 358.6
63.54, 1.854, 356.0
63.55, 1.855, 358.8
63.56, 1.856, 360.2
63.57, 1.857, 363.2
63.58, 1.858, 363.3
63.59, 1.859, 365.5
63.60, 1.860, 369.5
63.61, 1.861, 368.6
63.62, 1.862, 370.1
63.63, 1.863, 374.8
63.64, 1.864, 374.6
63.65, 1.865, 376.7
63.66, 1.866, 378.7
63.67, 1.867, 381.5
63.68, 1.868, 381.5
63.69, 1.869, 383.5
63.70, 1.870, 383.9
63.71, 1.871, 388.8
63.72, 1.872, 388.2
63.73, 1.873, 390.5
63.74, 1.874, 394.5
63.75, 1.875, 393.9
63.76, 1.876, 394.5
63.77, 1.877, 396.5
63.78, 1.878, 399.3
63.79, 1.879, 401.8
63.80, 1.880, 401.5
63.81, 1.881, 407.3
63.82, 1.882, 405.3
63.83, 1.883, 409.1
63.84, 1.884, 410.3
63.85, 1.885, 414.5
63.86, 1.886, 414.3
63.87, 1.887, 414.9
63.88, 1.888, 419.8
63.89, 1.889, 420.2
63.90, 1.890, 419.4
63.91, 1.891, 423.7
63.92, 1.892, 425.6
63.93, 1.893, 426.2
63.94, 1.894, 427.6
63.95, 1.895, 432.1
63.96, 1.896, 434.0
63.97, 1.897, 432.6
63.98, 1.898, 435.8
63.99, 1.899, 438.3
64.00, 1.900, 439.4
64.01, 1.901, 439.5
64.02, 1.902, 444.7
64.03, 1.903, 444.7
64.04, 1.904, 445.0
64.05, 1.905, 447.8
64.06, 1.906, 451.8
64.07, 1.907, 452.4
64.08, 1.908, 452.4
64.09, 1.909, 455.4
64.10, 1.910, 458.3
64.11, 1.911, 459.8
64.12, 1.912, 459.2
64.13, 1.913, 462.8
64.14, 1.914, 465.8
64.15, 1.915, 465.6
64.16, 1.916, 469.1
64.17, 1.917, 470.5
64.18, 1.918, 471.5
64.19, 1.919, 474.5
64.20, 1.920, 476.0
64.21, 1.921, 479.8
64.22, 1.922, 479.4
64.23, 1.923, 481.5
64.24, 1.924, 484.8
64.25, 1.925, 488.5
64.26, 1.926, 486.9
64.27, 1.927, 487.8
64.28, 1.928, 495.5
64.29, 1.929, 493.4
64.30, 1.930, 496.0
64.31, 1.931, 498.5
64.32, 1.932, 501.1
64.33, 1.933, 502.4
64.34, 1.934, 505.4
64.35, 1.935, 509.1
64.36, 1.936, 506.2
64.37, 1.937, 510.4
64.38, 1.938, 511.6
64.39, 1.939, 511.8
64.40, 1.940, 516.0
64.41, 1.941, 516.0
64.42, 1.942, 519.6
64.43, 1.943, 518.5
64.44, 1.944, 522.5
64.45, 1.945, 522.7
64.46, 1.946, 526.7
64.47, 1.947, 525.5
64.48, 1.948, 530.6
64.49, 1.949, 532.5
64.50, 1.950, 532.4
64.51, 1.951, 537.2
64.52, 1.952, 538.8
64.53, 1.953, 539.6
64.54, 1.954, 540.2
64.55, 1.955, 542.1
64.56, 1.956, 543.9
64.57, 1.957, 545.3
64.58, 1.958, 548.6
64.59, 1.959, 550.2
64.60, 1.960, 551.3
64.61, 1.961, 554.1
64.62, 1.962, 556.1
64.63, 1.963, 558.6
64.64, 1.964, 559.3
64.65, 1.965, 562.3
64.66, 1.966, 565.2
64.67, 1.967, 567.2
64.68, 1.968, 568.0
64.69, 1.969, 571.1
64.70, 1.970, 573.1
64.71, 1.971, 571.9
64.72, 1.972, 574.7
64.73, 1.973, 578.2
64.74, 1.974, 579.3
64.75, 1.975, 578.9
64.76, 1.976, 583.5
64.77, 1.977, 584.3
64.78, 1.978, 587.0
64.79, 1.979, 587.3
64.80, 1.980, 590.9
64.81, 1.981, 590.4
64.82, 1.982, 591.7
64.83, 1.983, 593.9
64.84, 1.984, 592.4
64.85, 1.985, 594.6
64.86, 1.986, 593.9
64.87, 1.987, 595.5
64.88, 1.988, 594.5
64.89, 1.989, 595.5
64.90, 1.990, 596.8
64.91, 1.991, 594.9
64.92, 1.992, 596.2
64.93, 1.993, 597.3
64.94, 1.994, 595.5
64.95, 1.995, 598.3
64.96, 1.996, 598.1
64.97, 1.997, 598.3
64.98, 1.998, 599.0
64.99, 1.999, 598.4
65.00, 2.000, 598.2
65.01, 1.999, 599.0
65.02, 1.998, 600.1
65.03, 1.997, 600.7
65.04, 1.996, 599.8
65.05, 1.995, 600.4
65.06, 1.994, 601.8
65.07, 1.993, 601.3
65.08, 1.992, 599.5
65.09, 1.991, 602.4
65.10, 1.990, 603.4
65.11, 1.989, 602.3
65.12, 1.988, 603.4
65.13, 1.987, 604.3
65.14, 1.986, 603.0
65.15, 1.985, 602.8
65.16, 1.984, 603.1
65.17, 1.983, 604.8
65.18, 1.982, 603.8
65.19, 1.981, 603.9
65.20, 1.980, 603.1
65.21, 1.979, 599.8
65.22, 1.978, 600.5
65.23, 1.977, 598.7
65.24, 1.976, 597.9
65.25, 1.975, 595.8
65.26, 1.974, 595.2
65.27, 1.973, 595.3
65.28, 1.972, 591.8
65.29, 1.971, 590.4
65.30, 1.970, 591.8
65.31, 1.969, 590.7
65.32, 1.968, 589.5
65.33, 1.967, 587.0
65.34, 1.966, 587.6
65.35, 1.965, 583.6
65.36, 1.964, 582.6
65.37, 1.963, 582.2
65.38, 1.962, 581.5
65.39, 1.961, 578.7
65.40, 1.960, 577.5
65.41, 1.959, 579.2
65.42, 1.958, 576.2
65.43, 1.957, 573.6
65.44, 1.956, 572.2
65.45, 1.955, 573.3
65.46, 1.954, 569.0
65.47, 1.953, 568.7
65.48, 1.952, 569.7
65.49, 1.951, 567.4
65.50, 1.950, 565.2
65.51, 1.949, 563.6
65.52, 1.948, 563.5
65.53, 1.947, 561.7
65.54, 1.946, 559.6
65.55, 1.945, 559.9
65.56, 1.944, 557.1
65.57, 1.943, 556.2
65.58, 1.942, 554.2
65.59, 1.941, 553.6
65.60, 1.940, 552.1
65.61, 1.939, 551.0
65.62, 1.938, 550.8
65.63, 1.937, 547.9
65.64, 1.936, 548.3
65.65, 1.935, 545.5
65.66, 1.934, 544.4
65.67, 1.933, 543.9
65.68, 1.932, 543.5
65.69, 1.931, 541.8
65.70, 1.930, 540.0
65.71, 1.929, 539.4
65.72, 1.928, 540.0
65.73, 1.927, 535.4
65.74, 1.926, 533.6
65.75, 1.925, 534.6
65.76, 1.924, 531.0
65.77, 1.923, 529.8
65.78, 1.922, 529.7
65.79, 1.921, 529.5
65.80, 1.920, 526.3
65.81, 1.919, 526.8
65.82, 1.918, 525.4
65.83, 1.917, 522.1
65.84, 1.916, 521.5
65.85, 1.915, 520.8
65.86, 1.914, 518.4
65.87, 1.913, 516.9
65.88, 1.912, 516.8
65.89, 1.911, 515.7
65.90, 1.910, 512.6
65.91, 1.909, 512.0
65.92, 1.908, 512.0
65.93, 1.907, 511.0
65.94, 1.906, 508.4
65.95, 1.905, 506.3
65.96, 1.904, 506.4
65.97, 1.903, 503.2
65.98, 1.902, 504.1
65.99, 1.901, 501.7
66.00, 1.900, 499.7
66.01, 1.899, 498.3
66.02, 1.898, 499.9
66.03, 1.897, 493.4
66.04, 1.896, 492.6
66.05, 1.895, 492.6
66.06, 1.894, 491.9
66.07, 1.893, 487.8
66.08, 1.892, 488.6
66.09, 1.891, 489.6
66.10, 1.890, 485.6
66.11, 1.889, 484.7
66.12, 1.888, 483.3
66.13, 1.887, 481.4
66.14, 1.886, 480.9
66.15, 1.885, 481.5
66.16, 1.884, 478.5
66.17, 1.883, 476.7
66.18, 1.882, 478.0
66.19, 1.881, 476.5
66.20, 1.880, 471.4
66.21, 1.879, 472.0
66.22, 1.878, 471.9
66.23, 1.877, 468.0
66.24, 1.876, 468.3
66.25, 1.875, 469.2
66.26, 1.874, 466.4
66.27, 1.873, 465.3
66.28, 1.872, 463.8
66.29, 1.871, 463.0
66.30, 1.870, 460.2
66.31, 1.869, 460.4
66.32, 1.868, 458.6
66.33, 1.867, 456.2
66.34, 1.866, 455.4
66.35, 1.865, 453.3
66.36, 1.864, 455.1
66.37, 1.863, 450.6
66.38, 1.862, 449.6
66.39, 1.861, 448.8
66.40, 1.860, 448.3
66.41, 1.859, 445.4
66.42, 1.858, 444.5
66.43, 1.857, 443.9
66.44, 1.856, 442.7
66.45, 1.855, 440.8
66.46, 1.854, 439.1
66.47, 1.853, 438.0
66.48, 1.852, 436.4
66.49, 1.851, 434.5
66.50, 1.850, 432.5
66.51, 1.849, 435.6
66.52, 1.848, 430.9
66.53, 1.847, 430.0
66.54, 1.846, 428.2
66.55, 1.845, 429.5
66.56, 1.844, 425.7
66.57, 1.843, 426.5
66.58, 1.842, 425.2
66.59, 1.841, 424.0
66.60, 1.840, 420.1
66.61, 1.839, 418.9
66.62, 1.838, 418.6
66.63, 1.837, 418.0
66.64, 1.836, 415.1
66.65, 1.835, 416.0
66.66, 1.834, 413.5
66.67, 1.833, 410.2
66.68, 1.832, 410.7
66.69, 1.831, 410.7
66.70, 1.830, 408.9
66.71, 1.829, 404.8
66.72, 1.828, 405.9
66.73, 1.827, 404.6
66.74, 1.826, 404.1
66.75, 1.825, 400.6
66.76, 1.824, 399.3
66.77, 1.823, 400.2
66.78, 1.822, 396.7
66.79, 1.821, 393.9
66.80, 1.820, 395.2
66.81, 1.819, 394.1
66.82, 1.818, 391.8
66.83, 1.817, 390.9
66.84, 1.816, 388.0
66.85, 1.815, 389.4
66.86, 1.814, 385.1
66.87, 1.813, 385.4
66.88, 1.812, 385.6
66.89, 1.811, 383.7
66.90, 1.810, 380.4
66.91, 1.809, 381.8
66.92, 1.808, 379.3
66.93, 1.807, 380.4
66.94, 1.806, 376.9
66.95, 1.805, 374.5
66.96, 1.804, 374.0
66.97, 1.803, 375.9
66.98, 1.802, 371.3
66.99, 1.801, 369.3
67.00, 1.800, 369.5
67.01, 1.799, 368.4
67.02, 1.798, 366.4
67.03, 1.797, 364.8
67.04, 1.796, 365.6
67.05, 1.795, 364.6
67.06, 1.794, 361.2
67.07, 1.793, 359.5
67.08, 1.792, 360.1
67.09, 1.791, 359.1
67.10, 1.790, 355.0
67.11, 1.789, 356.1
67.12, 1.788, 354.1
67.13, 1.787, 354.6
67.14, 1.786, 349.8
67.15, 1.785, 349.8
67.16, 1.784, 349.0
67.17, 1.783, 348.0
67.18, 1.782, 344.9
67.19, 1.781, 344.4
67.20, 1.780, 343.1
67.21, 1.779, 342.7
67.22, 1.778, 339.3
67.23, 1.777, 338.9
67.24, 1.776, 338.4
67.25, 1.775, 334.1
67.26, 1.774, 333.6
67.27, 1.773, 333.3
67.28, 1.772, 334.4
67.29, 1.771, 329.6
67.30, 1.770, 329.6
67.31, 1.769, 329.0
67.32, 1.768, 328.6
67.33, 1.767, 325.7
67.34, 1.766, 325.5
67.35, 1.765, 323.6
67.36, 1.764, 322.4
67.37, 1.763, 321.5
67.38, 1.762, 320.6
67.39, 1.761, 320.8
67.40, 1.760, 318.2
67.41, 1.759, 315.3
67.42, 1.758, 316.0
67.43, 1.757, 316.1
67.44, 1.756, 313.1
67.45, 1.755, 311.9
67.46, 1.754, 309.7
67.47, 1.753, 309.7
67.48, 1.752, 306.1
67.49, 1.751, 306.2
67.50, 1.750, 309.4
67.51, 1.749, 307.2
67.52, 1.748, 304.4
67.53, 1.747, 302.5
67.54, 1.746, 304.8
67.55, 1.745, 300.9
67.56, 1.744, 299.0
67.57, 1.743, 299.3
67.58, 1.742, 297.2
67.59, 1.741, 293.4
67.60, 1.740, 293.3
67.61, 1.739, 293.4
67.62, 1.738, 290.1
67.63, 1.737, 288.0
67.64, 1.736, 289.9
67.65, 1.735, 287.6
67.66, 1.734, 286.2
67.67, 1.733, 285.2
67.68, 1.732, 284.8
67.69, 1.731, 283.1
67.70, 1.730, 281.8
67.71, 1.729, 282.2
67.72, 1.728, 279.2
67.73, 1.727, 276.7
67.74, 1.726, 275.8
67.75, 1.725, 276.2
67.76, 1.724, 272.5
67.77, 1.723, 273.3
67.78, 1.722, 272.6
67.79, 1.721, 270.9
67.80, 1.720, 266.9
67.81, 1.719, 268.9
67.82, 1.718, 270.0
67.83, 1.717, 266.5
67.84, 1.716, 264.6
67.85, 1.715, 263.0
67.86, 1.714, 263.2
67.87, 1.713, 260.1
67.88, 1.712, 260.0
67.89, 1.711, 260.8
67.90, 1.710, 256.6
67.91, 1.709, 256.2
67.92, 1.708, 256.0
67.93, 1.707, 252.5
67.94, 1.706, 252.7
67.95, 1.705, 250.8
67.96, 1.704, 249.2
67.97, 1.703, 249.5
67.98, 1.702, 247.1
67.99, 1.701, 247.2
68.00, 1.700, 246.8
68.01, 1.699, 241.7
68.02, 1.698, 241.4
68.03, 1.697, 239.9
68.04, 1.696, 239.3
68.05, 1.695, 236.5
68.06, 1.694, 236.1
68.07, 1.693, 236.5
68.08, 1.692, 233.6
68.09, 1.691, 233.3
68.10, 1.690, 230.3
68.11, 1.689, 230.2
68.12, 1.688, 231.2
68.13, 1.687, 227.4
68.14, 1.686, 227.9
68.15, 1.685, 229.1
68.16, 1.684, 226.5
68.17, 1.683, 225.0
68.18, 1.682, 224.1
68.19, 1.681, 223.4
68.20, 1.680, 222.9
68.21, 1.679, 220.9
68.22, 1.678, 219.3
68.23, 1.677, 218.7
68.24, 1.676, 216.6
68.25, 1.675, 215.6
68.26, 1.674, 214.5
68.27, 1.673, 213.5
68.28, 1.672, 211.8
68.29, 1.671, 211.2
68.30, 1.670, 212.1
68.31, 1.669, 208.5
68.32, 1.668, 207.6
68.33, 1.667, 209.5
68.34, 1.666, 206.2
68.35, 1.665, 203.9
68.36, 1.664, 203.9
68.37, 1.663, 202.8
68.38, 1.662, 201.4
68.39, 1.661, 200.9
68.40, 1.660, 200.3
68.41, 1.659, 197.9
68.42, 1.658, 194.8
68.43, 1.657, 194.3
68.44, 1.656, 195.9
68.45, 1.655, 191.1
68.46, 1.654, 190.2
68.47, 1.653, 190.4
68.48, 1.652, 188.5
68.49, 1.651, 187.2
68.50, 1.650, 186.9
68.51, 1.649, 188.1
68.52, 1.648, 183.5
68.53, 1.647, 183.2
68.54, 1.646, 182.8
68.55, 1.645, 181.1
68.56, 1.644, 178.8
68.57, 1.643, 179.9
68.58, 1.642, 179.8
68.59, 1.641, 177.9
68.60, 1.640, 176.7
68.61, 1.639, 175.2
68.62, 1.638, 174.0
68.63, 1.637, 173.4
68.64, 1.636, 172.3
68.65, 1.635, 170.3
68.66, 1.634, 168.4
68.67, 1.633, 168.5
68.68, 1.632, 169.7
68.69, 1.631, 166.6
68.70, 1.630, 165.8
68.71, 1.629, 165.3
68.72, 1.628, 166.5
68.73, 1.627, 162.1
68.74, 1.626, 161.5
68.75, 1.625, 162.1
68.76, 1.624, 162.7
68.77, 1.623, 158.6
68.78, 1.622, 159.7
68.79, 1.621, 160.0
68.80, 1.620, 156.0
68.81, 1.619, 156.5
68.82, 1.618, 156.3
68.83, 1.617, 152.5
68.84, 1.616, 149.9
68.85, 1.615, 150.4
68.86, 1.614, 153.7
68.87, 1.613, 148.0
68.88, 1.612, 145.5
68.89, 1.611, 147.6
68.90, 1.610, 145.6
68.91, 1.609, 144.2
68.92, 1.608, 144.4
68.93, 1.607, 141.4
68.94, 1.606, 142.1
68.95, 1.605, 140.5
68.96, 1.604, 141.5
68.97, 1.603, 138.0
68.98, 1.602, 137.1
68.99, 1.601, 138.7
69.00, 1.600, 134.3
69.01, 1.599, 135.1
69.02, 1.598, 133.7
69.03, 1.597, 134.5
69.04, 1.596, 130.0
69.05, 1.595, 132.0
69.06, 1.594, 131.1
69.07, 1.593, 131.2
69.08, 1.592, 128.5
69.09, 1.591, 127.6
69.10, 1.590, 126.5
69.11, 1.589, 126.5
69.12, 1.588, 126.8
69.13, 1.587, 125.3
69.14, 1.586, 123.7
69.15, 1.585, 123.0
69.16, 1.584, 123.0
69.17, 1.583, 119.9
69.18, 1.582, 120.0
69.19, 1.581, 118.9
69.20, 1.580, 117.3
69.21, 1.579, 116.5
69.22, 1.578, 118.2
69.23, 1.577, 115.2
69.24, 1.576, 114.3
69.25, 1.575, 114.2
69.26, 1.574, 112.9
69.27, 1.573, 108.8
69.28, 1.572, 109.0
69.29, 1.571, 111.1
69.30, 1.570, 105.5
69.31, 1.569, 107.2
69.32, 1.568, 107.5
69.33, 1.567, 106.8
69.34, 1.566, 103.9
69.35, 1.565, 102.5
69.36, 1.564, 104.4
69.37, 1.563, 102.9
69.38, 1.562, 101.4
69.39, 1.561, 102.2
69.40, 1.560, 99.85
69.41, 1.559, 100.3
69.42, 1.558, 99.61
69.43, 1.557, 97.26
69.44, 1.556, 95.47
69.45, 1.555, 95.10
69.46, 1.554, 97.18
69.47, 1.553, 93.92
69.48, 1.552, 93.60
69.49, 1.551, 94.11
69.50, 1.550, 90.46
69.51, 1.549, 89.99
69.52, 1.548, 91.75
69.53, 1.547, 90.44
69.54, 1.546, 88.01
69.55, 1.545, 86.85
69.56, 1.544, 87.86
69.57, 1.543, 84.85
69.58, 1.542, 85.09
69.59, 1.541, 84.74
69.60, 1.540, 84.30
69.61, 1.539, 82.99
69.62, 1.538, 82.93
69.63, 1.537, 80.55
69.64, 1.536, 80.64
69.65, 1.535, 79.01
69.66, 1.534, 79.23
69.67, 1.533, 76.88
69.68, 1.532, 76.33
69.69, 1.531, 76.71
69.70, 1.530, 74.90
69.71, 1.529, 73.50
69.72, 1.528, 73.87
69.73, 1.527, 72.62
69.74, 1.526, 70.82
69.75, 1.525, 69.36
69.76, 1.524, 69.32
69.77, 1.523, 67.58
69.78, 1.522, 66.63
69.79, 1.521, 66.95
69.80, 1.520, 65.62
69.81, 1.519, 62.28
69.82, 1.518, 64.23
69.83, 1.517, 63.63
69.84, 1.516, 60.98
69.85, 1.515, 61.07
69.86, 1.514, 62.25
69.87, 1.513, 59.87
69.88, 1.512, 58.43
69.89, 1.511, 58.11
69.90, 1.510, 58.81
69.91, 1.509, 54.78
69.92, 1.508, 55.36
69.93, 1.507, 57.46
69.94, 1.506, 53.49
69.95, 1.505, 52.94
69.96, 1.504, 53.59
69.97, 1.503, 52.72
69.98, 1.502, 50.39
69.99, 1.501, 50.28
70.00, 1.500, 52.70
70.01, 1.499, 51.17
70.02, 1.498, 50.41
70.03, 1.497, 48.74
70.04, 1.496, 47.09
70.05, 1.495, 47.55
70.06, 1.494, 49.60
70.07, 1.493, 44.26
70.08, 1.492, 43.95
70.09, 1.491, 45.33
70.10, 1.490, 42.20
70.11, 1.489, 40.71
70.12, 1.488, 39.47
70.13, 1.487, 39.54
70.14, 1.486, 38.25
70.15, 1.485, 37.31
70.16, 1.484, 37.08
70.17, 1.483, 34.98
70.18, 1.482, 35.15
70.19, 1.481, 32.95
70.20, 1.480, 30.82
70.21, 1.479, 32.28
70.22, 1.478, 31.16
70.23, 1.477, 29.71
70.24, 1.476, 28.85
70.25, 1.475, 27.76
70.26, 1.474, 27.81
70.27, 1.473, 26.70
70.28, 1.472, 26.75
70.29, 1.471, 27.41
70.30, 1.470, 23.63
70.31, 1.469, 24.56
70.32, 1.468, 24.40
70.33, 1.467, 23.41
70.34, 1.466, 22.53
70.35, 1.465, 21.78
70.36, 1.464, 20.09
70.37, 1.463, 19.47
70.38, 1.462, 19.86
70.39, 1.461, 19.91
70.40, 1.460, 17.07
70.41, 1.459, 17.25
70.42, 1.458, 15.93
70.43, 1.457, 15.55
70.44, 1.456, 13.31
70.45, 1.455, 15.08
70.46, 1.454, 15.36
70.47, 1.453, 12.76
70.48, 1.452, 12.69
70.49, 1.451, 10.69
70.50, 1.450, 9.519
70.51, 1.449, 9.114
70.52, 1.448, 8.851
70.53, 1.447, 9.305
70.54, 1.446, 3.914
70.55, 1.445, 6.272
70.56, 1.444, 7.154
70.57, 1.443, 3.010
70.58, 1.442, 3.311
70.59, 1.441, 1.307
70.60, 1.440, 2.069
70.61, 1.439, -0.6914
70.62, 1.438, 1.383
70.63, 1.437, -0.7204
70.64, 1.436, 1.783
70.65, 1.435, -2.312
70.66, 1.434, -2.417
70.67, 1.433, -0.9067
70.68, 1.432, -2.593
70.69, 1.431, -6.347
70.70, 1.430, -5.179
70.71, 1.429, -3.606
70.72, 1.428, -7.405
70.73, 1.427, -7.427
70.74, 1.426, -6.689
70.75, 1.425, -7.378
70.76, 1.424, -8.806
70.77, 1.423, -8.639
70.78, 1.422, -8.970
70.79, 1.421, -8.392
70.80, 1.420, -10.58
70.81, 1.419, -10.77
70.82, 1.418, -9.529
70.83, 1.417, -11.19
70.84, 1.416, -13.00
70.85, 1.415, -13.62
70.86, 1.414, -10.98
70.87, 1.413, -13.90
70.88, 1.412, -15.22
70.89, 1.411, -13.07
70.90, 1.410, -16.45
70.91, 1.409, -16.40
70.92, 1.408, -15.77
70.93, 1.407, -15.33
70.94, 1.406, -17.21
70.95, 1.405, -17.68
70.96, 1.404, -16.24
70.97, 1.403, -18.48
70.98, 1.402, -18.54
70.99, 1.401, -17.71
71.00, 1.400, -19.14
71.01, 1.399, -20.46
71.02, 1.398, -20.91
71.03, 1.397, -20.91
71.04, 1.396, -21.34
71.05, 1.395, -21.40
71.06, 1.394, -21.51
71.07, 1.393, -21.90
71.08, 1.392, -23.28
71.09, 1.391, -21.32
71.10, 1.390, -21.74
71.11, 1.389, -23.44
71.12, 1.388, -21.94
71.13, 1.387, -20.80
71.14, 1.386, -22.40
71.15, 1.385, -24.50
71.16, 1.384, -22.79
71.17, 1.383, -22.38
71.18, 1.382, -25.47
71.19, 1.381, -24.30
71.20, 1.380, -25.45
71.21, 1.379, -24.16
71.22, 1.378, -23.96
71.23, 1.377, -23.58
71.24, 1.376, -25.74
71.25, 1.375, -22.92
71.26, 1.374, -22.49
71.27, 1.373, -24.29
71.28, 1.372, -24.29
71.29, 1.371, -25.27
71.30, 1.370, -25.57
71.31, 1.369, -25.56
71.32, 1.368, -25.52
71.33, 1.367, -25.05
71.34, 1.366, -26.39
71.35, 1.365, -26.86
71.36, 1.364, -25.67
71.37, 1.363, -27.43
71.38, 1.362, -27.72
71.39, 1.361, -26.35
71.40, 1.360, -26.53
71.41, 1.359, -28.75
71.42, 1.358, -28.13
71.43, 1.357, -27.30
71.44, 1.356, -27.39
71.45, 1.355, -30.28
71.46, 1.354, -27.71
71.47, 1.353, -28.95
71.48, 1.352, -28.71
71.49, 1.351, -28.69
71.50, 1.350, -28.62
71.51, 1.349, -27.91
71.52, 1.348, -29.65
71.53, 1.347, -28.59
71.54, 1.346, -29.25
71.55, 1.345, -29.63
71.56, 1.344, -27.32
71.57, 1.343, -28.18
71.58, 1.342, -29.99
71.59, 1.341, -28.77
71.60, 1.340, -28.08
71.61, 1.339, -28.54
71.62, 1.338, -29.57
71.63, 1.337, -29.75
71.64, 1.336, -28.90
71.65, 1.335, -29.02
71.66, 1.334, -31.46
71.67, 1.333, -29.32
71.68, 1.332, -29.03
71.69, 1.331, -29.74
71.70, 1.330, -32.60
71.71, 1.329, -29.19
71.72, 1.328, -29.13
71.73, 1.327, -29.26
71.74, 1.326, -30.73
71.75, 1.325, -30.59
71.76, 1.324, -29.50
71.77, 1.323, -29.73
71.78, 1.322, -29.79
71.79, 1.321, -31.98
71.80, 1.320, -30.44
71.81, 1.319, -31.50
71.82, 1.318, -32.06
71.83, 1.317, -31.17
71.84, 1.316, -30.01
71.85, 1.315, -32.84
71.86, 1.314, -31.65
71.87, 1.313, -28.54
71.88, 1.312, -30.99
71.89, 1.311, -33.48
71.90, 1.310, -31.59
71.91, 1.309, -29.19
71.92, 1.308, -32.79
71.93, 1.307, -32.39
71.94, 1.306, -30.87
71.95, 1.305, -31.32
71.96, 1.304, -32.53
71.97, 1.303, -31.27
71.98, 1.302, -29.52
71.99, 1.301, -33.94
72.00, 1.300, -31.86
72.01, 1.299, -31.93
72.02, 1.298, -32.64
72.03, 1.297, -31.74
72.04, 1.296, -32.06
72.05, 1.295, -30.85
72.06, 1.294, -32.30
72.07, 1.293, -31.03
72.08, 1.292, -31.46
72.09, 1.291, -31.68
72.10, 1.290, -31.94
72.11, 1.289, -29.77
72.12, 1.288, -32.86
72.13, 1.287, -31.81
72.14, 1.286, -31.18
72.15, 1.285, -31.54
72.16, 1.284, -31.89
72.17, 1.283, -31.27
72.18, 1.282, -30.58
72.19, 1.281, -33.09
72.20, 1.280, -31.87
72.21, 1.279, -33.49
72.22, 1.278, -32.82
72.23, 1.277, -34.09
72.24, 1.276, -33.46
72.25, 1.275, -31.85
72.26, 1.274, -33.47
72.27, 1.273, -32.35
72.28, 1.272, -32.24
72.29, 1.271, -34.87
72.30, 1.270, -32.45
72.31, 1.269, -31.86
72.32, 1.268, -33.93
72.33, 1.267, -33.49
72.34, 1.266, -31.96
72.35, 1.265, -31.74
72.36, 1.264, -33.84
72.37, 1.263, -33.53
72.38, 1.262, -32.84
72.39, 1.261, -31.35
72.40, 1.260, -33.46
72.41, 1.259, -33.10
72.42, 1.258, -31.09
72.43, 1.257, -33.67
72.44, 1.256, -33.49
72.45, 1.255, -32.86
72.46, 1.254, -32.99
72.47, 1.253, -32.68
72.48, 1.252, -33.05
72.49, 1.251, -32.44
72.50, 1.250, -28.85
72.51, 1.249, -30.15
72.52, 1.248, -29.69
72.53, 1.247, -33.48
72.54, 1.246, -30.57
72.55, 1.245, -29.04
72.56, 1.244, -32.92
72.57, 1.243, -31.72
72.58, 1.242, -30.57
72.59, 1.241, -30.72
72.60, 1.240, -30.63
72.61, 1.239, -33.28
72.62, 1.238, -32.67
72.63, 1.237, -31.03
72.64, 1.236, -31.93
72.65, 1.235, -32.70
72.66, 1.234, -29.59
72.67, 1.233, -32.19
72.68, 1.232, -32.06
72.69, 1.231, -32.93
72.70, 1.230, -29.63
72.71, 1.229, -32.55
72.72, 1.228, -32.54
72.73, 1.227, -30.81
72.74, 1.226, -31.50
72.75, 1.225, -32.14
72.76, 1.224, -33.04
72.77, 1.223, -28.45
72.78, 1.222, -32.17
72.79, 1.221, -31.62
72.80, 1.220, -29.21
72.81, 1.219, -31.21
72.82, 1.218, -31.61
72.83, 1.217, -29.41
72.84, 1.216, -29.69
72.85, 1.215, -31.79
72.86, 1.214, -29.61
72.87, 1.213, -28.78
72.88, 1.212, -31.07
72.89, 1.211, -30.48
72.90, 1.210, -29.92
72.91, 1.209, -28.55
72.92, 1.208, -30.25
72.93, 1.207, -29.50
72.94, 1.206, -28.44
72.95, 1.205, -30.22
72.96, 1.204, -27.63
72.97, 1.203, -27.00
72.98, 1.202, -27.24
72.99, 1.201, -28.37
73.00, 1.200, -28.27
73.01, 1.199, -27.96
73.02, 1.198, -30.78
73.03, 1.197, -29.24
73.04, 1.196, -28.03
73.05, 1.195, -29.44
73.06, 1.194, -26.88
73.07, 1.193, -28.66
73.08, 1.192, -26.99
73.09, 1.191, -29.15
73.10, 1.190, -27.37
73.11, 1.189, -27.49
73.12, 1.188, -27.99
73.13, 1.187, -26.00
73.14, 1.186, -28.49
73.15, 1.185, -26.62
73.16, 1.184, -26.98
73.17, 1.183, -28.25
73.18, 1.182, -25.94
73.19, 1.181, -27.17
73.20, 1.180, -28.18
73.21, 1.179, -27.00
73.22, 1.178, -26.14
73.23, 1.177, -27.13
73.24, 1.176, -25.90
73.25, 1.175, -23.94
73.26, 1.174, -27.05
73.27, 1.173, -24.91
73.28, 1.172, -25.11
73.29, 1.171, -24.99
73.30, 1.170, -24.75
73.31, 1.169, -26.04
73.32, 1.168, -22.70
73.33, 1.167, -25.13
73.34, 1.166, -25.44
73.35, 1.165, -23.28
73.36, 1.164, -23.17
73.37, 1.163, -25.51
73.38, 1.162, -23.17
73.39, 1.161, -21.32
73.40, 1.160, -24.50
73.41, 1.159, -23.59
73.42, 1.158, -22.02
73.43, 1.157, -21.18
73.44, 1.156, -22.21
73.45, 1.155, -23.43
73.46, 1.154, -22.14
73.47, 1.153, -22.78
73.48, 1.152, -22.39
73.49, 1.151, -23.29
73.50, 1.150, -22.78
73.51, 1.149, -23.49
73.52, 1.148, -23.87
73.53, 1.147, -22.06
73.54, 1.146, -23.00
73.55, 1.145, -20.57
73.56, 1.144, -22.03
73.57, 1.143, -23.53
73.58, 1.142, -22.69
73.59, 1.141, -20.43
73.60, 1.140, -19.61
73.61, 1.139, -21.41
73.62, 1.138, -22.33
73.63, 1.137, -21.68
73.64, 1.136, -19.97
73.65, 1.135, -22.68
73.66, 1.134, -21.39
73.67, 1.133, -19.27
73.68, 1.132, -21.17
73.69, 1.131, -20.35
73.70, 1.130, -18.81
73.71, 1.129, -20.47
73.72, 1.128, -20.13
73.73, 1.127, -18.90
73.74, 1.126, -20.19
73.75, 1.125, -19.51
73.76, 1.124, -18.71
73.77, 1.123, -18.57
73.78, 1.122, -19.01
73.79, 1.121, -18.99
73.80, 1.120, -18.86
73.81, 1.119, -19.72
73.82, 1.118, -18.30
73.83, 1.117, -16.53
73.84, 1.116, -17.23
73.85, 1.115, -18.98
73.86, 1.114, -17.53
73.87, 1.113, -16.87
73.88, 1.112, -18.52
73.89, 1.111, -17.52
73.90, 1.110, -16.41
73.91, 1.109, -18.58
73.92, 1.108, -17.98
73.93, 1.107, -18.89
73.94, 1.106, -18.33
73.95, 1.105, -19.28
73.96, 1.104, -17.43
73.97, 1.103, -17.02
73.98, 1.102, -18.41
73.99, 1.101, -17.77
74.00, 1.100, -17.68
74.01, 1.099, -17.02
74.02, 1.098, -16.91
74.03, 1.097, -17.50
74.04, 1.096, -15.91
74.05, 1.095, -16.76
74.06, 1.094, -15.83
74.07, 1.093, -16.19
74.08, 1.092, -15.44
74.09, 1.091, -17.23
74.10, 1.090, -16.33
74.11, 1.089, -13.87
74.12, 1.088, -16.35
74.13, 1.087, -16.76
74.14, 1.086, -15.71
74.15, 1.085, -15.76
74.16, 1.084, -15.93
74.17, 1.083, -16.45
74.18, 1.082, -13.03
74.19, 1.081, -16.11
74.20, 1.080, -16.29
74.21, 1.079, -15.22
74.22, 1.078, -14.24
74.23, 1.077, -15.43
74.24, 1.076, -14.44
74.25, 1.075, -13.47
74.26, 1.074, -14.94
74.27, 1.073, -14.97
74.28, 1.072, -13.74
74.29, 1.071, -14.67
74.30, 1.070, -14.83
74.31, 1.069, -15.89
74.32, 1.068, -14.55
74.33, 1.067, -15.38
74.34, 1.066, -15.82
74.35, 1.065, -12.79
74.36, 1.064, -15.30
74.37, 1.063, -13.44
74.38, 1.062, -13.23
74.39, 1.061, -13.89
74.40, 1.060, -14.43
74.41, 1.059, -14.30
74.42, 1.058, -12.92
74.43, 1.057, -13.95
74.44, 1.056, -14.31
74.45, 1.055, -14.55
74.46, 1.054, -13.91
74.47, 1.053, -14.95
74.48, 1.052, -14.19
74.49, 1.051, -13.61
74.50, 1.050, -12.86
74.51, 1.049, -13.32
74.52, 1.048, -12.81
74.53, 1.047, -13.61
74.54, 1.046, -14.56
74.55, 1.045, -14.77
74.56, 1.044, -11.93
74.57, 1.043, -14.00
74.58, 1.042, -14.42
74.59, 1.041, -12.06
74.60, 1.040, -13.41
74.61, 1.039, -13.38
74.62, 1.038, -11.82
74.63, 1.037, -12.45
74.64, 1.036, -12.48
74.65, 1.035, -13.02
74.66, 1.034, -10.92
74.67, 1.033, -13.38
74.68, 1.032, -13.25
74.69, 1.031, -10.87
74.70, 1.030, -13.25
74.71, 1.029, -12.48
74.72, 1.028, -13.57
74.73, 1.027, -12.28
74.74, 1.026, -13.17
74.75, 1.025, -12.50
74.76, 1.024, -12.03
74.77, 1.023, -13.59
74.78, 1.022, -13.99
74.79, 1.021, -12.93
74.80, 1.020, -14.77
74.81, 1.019, -12.20
74.82, 1.018, -12.72
74.83, 1.017, -12.79
74.84, 1.016, -12.81
74.85, 1.015, -11.28
74.86, 1.014, -10.05
74.87, 1.013, -13.87
74.88, 1.012, -14.36
74.89, 1.011, -11.76
74.90, 1.010, -12.54
74.91, 1.009, -12.99
74.92, 1.008, -12.56
74.93, 1.007, -10.54
74.94, 1.006, -14.16
74.95, 1.005, -12.25
74.96, 1.004, -9.883
74.97, 1.003, -12.45
74.98, 1.002, -10.57
74.99, 1.001, -11.07
75.00, 1.000, -9.139
75.01, 0.9990, -11.75
75.02, 0.9980, -10.33
75.03, 0.9970, -10.51
75.04, 0.9960, -12.03
75.05, 0.9950, -10.70
75.06, 0.9940, -9.624
75.07, 0.9930, -12.29
75.08, 0.9920, -10.71
75.09, 0.9910, -10.67
75.10, 0.9900, -10.66
75.11, 0.9890, -10.67
75.12, 0.9880, -9.623
75.13, 0.9870, -10.21
75.14, 0.9860, -12.43
75.15, 0.9850, -11.76
75.16, 0.9840, -9.410
75.17, 0.9830, -11.60
75.18, 0.9820, -12.26
75.19, 0.9810, -10.08
75.20, 0.9800, -12.14
75.21, 0.9790, -12.56
75.22, 0.9780, -10.74
75.23, 0.9770, -10.94
75.24, 0.9760, -11.93
75.25, 0.9750, -10.76
75.26, 0.9740, -11.02
75.27, 0.9730, -12.82
75.28, 0.9720, -13.26
75.29, 0.9710, -11.06
75.30, 0.9700, -10.72
75.31, 0.9690, -11.25
75.32, 0.9680, -9.921
75.33, 0.9670, -12.44
75.34, 0.9660, -10.01
75.35, 0.9650, -9.977
75.36, 0.9640, -11.76
75.37, 0.9630, -12.19
75.38, 0.9620, -10.72
75.39, 0.9610, -10.96
75.40, 0.9600, -11.35
75.41, 0.9590, -11.15
75.42, 0.9580, -10.27
75.43, 0.9570, -11.65
75.44, 0.9560, -10.60
75.45, 0.9550, -10.19
75.46, 0.9540, -10.86
75.47, 0.9530, -9.173
75.48, 0.9520, -9.765
75.49, 0.9510, -11.95
75.50, 0.9500, -11.44
75.51, 0.9490, -8.781
75.52, 0.9480, -11.63
75.53, 0.9470, -10.96
75.54, 0.9460, -9.833
75.55, 0.9450, -11.11
75.56, 0.9440, -10.76
75.57, 0.9430, -10.01
75.58, 0.9420, -9.715
75.59, 0.9410, -10.67
75.60, 0.9400, -11.19
75.61, 0.9390, -11.24
75.62, 0.9380, -10.32
75.63, 0.9370, -11.01
75.64, 0.9360, -9.588
75.65, 0.9350, -10.84
75.66, 0.9340, -11.03
75.67, 0.9330, -9.894
75.68, 0.9320, -10.99
75.69, 0.9310, -10.78
75.70, 0.9300, -9.176
75.71, 0.9290, -10.42
75.72, 0.9280, -12.03
75.73, 0.9270, -9.919
75.74, 0.9260, -9.706
75.75, 0.9250, -11.60
75.76, 0.9240, -10.40
75.77, 0.9230, -8.927
75.78, 0.9220, -10.57
75.79, 0.9210, -11.04
75.80, 0.9200, -9.602
75.81, 0.9190, -9.000
75.82, 0.9180, -9.981
75.83, 0.9170, -10.62
75.84, 0.9160, -9.216
75.85, 0.9150, -11.27
75.86, 0.9140, -9.103
75.87, 0.9130, -9.997
75.88, 0.9120, -9.698
75.89, 0.9110, -9.394
75.90, 0.9100, -8.416
75.91, 0.9090, -9.180
75.92, 0.9080, -8.984
75.93, 0.9070, -9.234
75.94, 0.9060, -8.035
75.95, 0.9050, -10.69
75.96, 0.9040, -8.463
75.97, 0.9030, -8.888
75.98, 0.9020, -9.522
75.99, 0.9010, -9.783
76.00, 0.9000, -9.258
76.01, 0.8990, -8.709
76.02, 0.8980, -9.879
76.03, 0.8970, -10.87
76.04, 0.8960, -10.04
76.05, 0.8950, -10.25
76.06, 0.8940, -8.417
76.07, 0.8930, -9.933
76.08, 0.8920, -11.04
76.09, 0.8910, -8.082
76.10, 0.8900, -9.528
76.11, 0.8890, -9.214
76.12, 0.8880, -9.871
76.13, 0.8870, -8.770
76.14, 0.8860, -8.655
76.15, 0.8850, -9.630
76.16, 0.8840, -9.639
76.17, 0.8830, -8.373
76.18, 0.8820, -8.992
76.19, 0.8810, -8.236
76.20, 0.8800, -9.322
76.21, 0.8790, -8.445
76.22, 0.8780, -8.858
76.23, 0.8770, -9.791
76.24, 0.8760, -8.428
76.25, 0.8750, -7.468
76.26, 0.8740, -7.780
76.27, 0.8730, -7.426
76.28, 0.8720, -6.963
76.29, 0.8710, -7.918
76.30, 0.8700, -8.774
76.31, 0.8690, -7.009
76.32, 0.8680, -9.308
76.33, 0.8670, -9.339
76.34, 0.8660, -8.725
76.35, 0.8650, -7.840
76.36, 0.8640, -8.783
76.37, 0.8630, -8.600
76.38, 0.8620, -7.294
76.39, 0.8610, -8.582
76.40, 0.8600, -7.588
76.41, 0.8590, -8.651
76.42, 0.8580, -9.022
76.43, 0.8570, -10.47
76.44, 0.8560, -9.193
76.45, 0.8550, -8.000
76.46, 0.8540, -10.03
76.47, 0.8530, -10.74
76.48, 0.8520, -11.28
76.49, 0.8510, -8.115
76.50, 0.8500, -9.069
76.51, 0.8490, -9.673
76.52, 0.8480, -7.100
76.53, 0.8470, -8.888
76.54, 0.8460, -9.450
76.55, 0.8450, -9.123
76.56, 0.8440, -7.689
76.57, 0.8430, -9.788
76.58, 0.8420, -9.407
76.59, 0.8410, -7.122
76.60, 0.8400, -10.78
76.61, 0.8390, -8.339
76.62, 0.8380, -7.489
76.63, 0.8370, -7.962
76.64, 0.8360, -7.990
76.65, 0.8350, -8.723
76.66, 0.8340, -8.634
76.67, 0.8330, -7.987
76.68, 0.8320, -7.676
76.69, 0.8310, -7.908
76.70, 0.8300, -8.992
76.71, 0.8290, -8.309
76.72, 0.8280, -7.509
76.73, 0.8270, -8.157
76.74, 0.8260, -8.425
76.75, 0.8250, -8.030
76.76, 0.8240, -8.607
76.77, 0.8230, -8.878
76.78, 0.8220, -9.124
76.79, 0.8210, -6.703
76.80, 0.8200, -8.945
76.81, 0.8190, -7.156
76.82, 0.8180, -7.668
76.83, 0.8170, -8.485
76.84, 0.8160, -8.781
76.85, 0.8150, -8.090
76.86, 0.8140, -9.743
76.87, 0.8130, -7.638
76.88, 0.8120, -9.343
76.89, 0.8110, -8.053
76.90, 0.8100, -8.957
76.91, 0.8090, -8.162
76.92, 0.8080, -9.337
76.93, 0.8070, -9.023
76.94, 0.8060, -8.075
76.95, 0.8050, -6.663
76.96, 0.8040, -10.01
76.97, 0.8030, -8.756
76.98, 0.8020, -7.323
76.99, 0.8010, -9.269
77.00, 0.8000, -8.169
77.01, 0.7990, -7.276
77.02, 0.7980, -7.951
77.03, 0.7970, -8.479
77.04, 0.7960, -9.075
77.05, 0.7950, -6.446
77.06, 0.7940, -8.754
77.07, 0.7930, -7.696
77.08, 0.7920, -7.137
77.09, 0.7910, -6.114
77.10, 0.7900, -9.857
77.11, 0.7890, -8.366
77.12, 0.7880, -7.336
77.13, 0.7870, -9.280
77.14, 0.7860, -8.426
77.15, 0.7850, -6.603
77.16, 0.7840, -6.853
77.17, 0.7830, -9.038
77.18, 0.7820, -6.734
77.19, 0.7810, -6.600
77.20, 0.7800, -7.681
77.21, 0.7790, -7.651
77.22, 0.7780, -6.063
77.23, 0.7770, -7.869
77.24, 0.7760, -8.223
77.25, 0.7750, -6.539
77.26, 0.7740, -6.469
77.27, 0.7730, -9.036
77.28, 0.7720, -8.489
77.29, 0.7710, -7.972
77.30, 0.7700, -9.315
77.31, 0.7690, -7.989
77.32, 0.7680, -8.055
77.33, 0.7670, -10.94
77.34, 0.7660, -7.407
77.35, 0.7650, -7.597
77.36, 0.7640, -9.870
77.37, 0.7630, -7.230
77.38, 0.7620, -8.001
77.39, 0.7610, -8.465
77.40, 0.7600, -8.989
77.41, 0.7590, -8.182
77.42, 0.7580, -7.130
77.43, 0.7570, -8.860
77.44, 0.7560, -7.960
77.45, 0.7550, -7.384
77.46, 0.7540, -8.847
77.47, 0.7530, -7.420
77.48, 0.7520, -6.806
77.49, 0.7510, -8.155
77.50, 0.7500, -7.253
77.51, 0.7490, -6.004
77.52, 0.7480, -8.811
77.53, 0.7470, -7.848
77.54, 0.7460, -6.828
77.55, 0.7450, -9.239
77.56, 0.7440, -6.007
77.57, 0.7430, -6.224
77.58, 0.7420, -7.707
77.59, 0.7410, -8.813
77.60, 0.7400, -7.249
77.61, 0.7390, -7.951
77.62, 0.7380, -7.237
77.63, 0.7370, -6.605
77.64, 0.7360, -9.628
77.65, 0.7350, -6.615
77.66, 0.7340, -6.839
77.67, 0.7330, -8.645
77.68, 0.7320, -8.909
77.69, 0.7310, -7.471
77.70, 0.7300, -8.866
77.71, 0.7290, -8.910
77.72, 0.7280, -7.487
77.73, 0.7270, -8.366
77.74, 0.7260, -8.511
77.75, 0.7250, -7.936
77.76, 0.7240, -8.503
77.77, 0.7230, -7.997
77.78, 0.7220, -8.511
77.79, 0.7210, -9.383
77.80, 0.7200, -8.879
77.81, 0.7190, -6.153
77.82, 0.7180, -8.902
77.83, 0.7170, -8.669
77.84, 0.7160, -9.442
77.85, 0.7150, -7.712
77.86, 0.7140, -8.664
77.87, 0.7130, -7.514
77.88, 0.7120, -6.352
77.89, 0.7110, -8.574
77.90, 0.7100, -9.059
77.91, 0.7090, -7.896
77.92, 0.7080, -6.477
77.93, 0.7070, -9.011
77.94, 0.7060, -7.017
77.95, 0.7050, -6.297
77.96, 0.7040, -9.309
77.97, 0.7030, -8.498
77.98, 0.7020, -7.030
77.99, 0.7010, -7.682
78.00, 0.7000, -8.621
78.01, 0.6990, -7.041
78.02, 0.6980, -5.811
78.03, 0.6970, -8.935
78.04, 0.6960, -7.693
78.05, 0.6950, -6.023
78.06, 0.6940, -8.308
78.07, 0.6930, -8.248
78.08, 0.6920, -9.285
78.09, 0.6910, -6.705
78.10, 0.6900, -8.960
78.11, 0.6890, -10.06
78.12, 0.6880, -6.826
78.13, 0.6870, -8.198
78.14, 0.6860, -9.619
78.15, 0.6850, -9.815
78.16, 0.6840, -6.885
78.17, 0.6830, -9.514
78.18, 0.6820, -9.463
78.19, 0.6810, -7.675
78.20, 0.6800, -8.038
78.21, 0.6790, -8.042
78.22, 0.6780, -8.664
78.23, 0.6770, -8.919
78.24, 0.6760, -7.699
78.25, 0.6750, -8.395
78.26, 0.6740, -7.480
78.27, 0.6730, -8.541
78.28, 0.6720, -6.199
78.29, 0.6710, -7.127
78.30, 0.6700, -8.665
78.31, 0.6690, -7.971
78.32, 0.6680, -5.782
78.33, 0.6670, -9.083
78.34, 0.6660, -7.119
78.35, 0.6650, -6.899
78.36, 0.6640, -8.795
78.37, 0.6630, -7.919
78.38, 0.6620, -5.748
78.39, 0.6610, -7.224
78.40, 0.6600, -8.385
78.41, 0.6590, -7.340
78.42, 0.6580, -8.055
78.43, 0.6570, -7.530
78.44, 0.6560, -6.807
78.45, 0.6550, -7.594
78.46, 0.6540, -9.574
78.47, 0.6530, -7.821
78.48, 0.6520, -6.752
78.49, 0.6510, -7.048
78.50, 0.6500, -7.105
78.51, 0.6490, -6.995
78.52, 0.6480, -9.577
78.53, 0.6470, -7.177
78.54, 0.6460, -7.362
78.55, 0.6450, -8.500
78.56, 0.6440, -8.006
78.57, 0.6430, -7.965
78.58, 0.6420, -8.286
78.59, 0.6410, -6.310
78.60, 0.6400, -7.316
78.61, 0.6390, -9.417
78.62, 0.6380, -8.099
78.63, 0.6370, -8.102
78.64, 0.6360, -8.462
78.65, 0.6350, -7.747
78.66, 0.6340, -7.482
78.67, 0.6330, -7.612
78.68, 0.6320, -8.012
78.69, 0.6310, -7.867
78.70, 0.6300, -9.512
78.71, 0.6290, -8.392
78.72, 0.6280, -7.611
78.73, 0.6270, -8.702
78.74, 0.6260, -8.185
78.75, 0.6250, -6.366
78.76, 0.6240, -8.167
78.77, 0.6230, -7.555
78.78, 0.6220, -6.608
78.79, 0.6210, -8.241
78.80, 0.6200, -8.028
78.81, 0.6190, -6.651
78.82, 0.6180, -8.963
78.83, 0.6170, -8.160
78.84, 0.6160, -7.408
78.85, 0.6150, -6.960
78.86, 0.6140, -8.426
78.87, 0.6130, -6.888
78.88, 0.6120, -8.022
78.89, 0.6110, -9.724
78.90, 0.6100, -8.386
78.91, 0.6090, -8.509
78.92, 0.6080, -8.721
78.93, 0.6070, -8.421
78.94, 0.6060, -6.526
78.95, 0.6050, -8.724
78.96, 0.6040, -8.184
78.97, 0.6030, -6.470
78.98, 0.6020, -9.647
78.99, 0.6010, -10.67
79.00, 0.6000, -7.899
79.01, 0.5990, -7.672
79.02, 0.5980, -9.424
79.03, 0.5970, -7.840
79.04, 0.5960, -6.928
79.05, 0.5950, -8.170
79.06, 0.5940, -8.138
79.07, 0.5930, -7.884
79.08, 0.5920, -9.476
79.09, 0.5910, -7.584
79.10, 0.5900, -6.975
79.11, 0.5890, -10.07
79.12, 0.5880, -8.872
79.13, 0.5870, -7.176
79.14, 0.5860, -9.235
79.15, 0.5850, -7.027
79.16, 0.5840, -6.416
79.17, 0.5830, -7.803
79.18, 0.5820, -8.486
79.19, 0.5810, -6.759
79.20, 0.5800, -8.437
79.21, 0.5790, -8.013
79.22, 0.5780, -7.432
79.23, 0.5770, -7.447
79.24, 0.5760, -7.964
79.25, 0.5750, -6.725
79.26, 0.5740, -7.211
79.27, 0.5730, -9.498
79.28, 0.5720, -7.027
79.29, 0.5710, -7.913
79.30, 0.5700, -7.456
79.31, 0.5690, -9.182
79.32, 0.5680, -7.843
79.33, 0.5670, -6.271
79.34, 0.5660, -9.577
79.35, 0.5650, -9.127
79.36, 0.5640, -7.218
79.37, 0.5630, -7.859
79.38, 0.5620, -8.207
79.39, 0.5610, -8.302
79.40, 0.5600, -8.449
79.41, 0.5590, -7.887
79.42, 0.5580, -8.857
79.43, 0.5570, -6.789
79.44, 0.5560, -8.030
79.45, 0.5550, -9.223
79.46, 0.5540, -7.653
79.47, 0.5530, -7.740
79.48, 0.5520, -10.53
79.49, 0.5510, -7.351
79.50, 0.5500, -6.794
79.51, 0.5490, -8.825
79.52, 0.5480, -6.886
79.53, 0.5470, -6.820
79.54, 0.5460, -8.059
79.55, 0.5450, -8.984
79.56, 0.5440, -7.877
79.57, 0.5430, -6.929
79.58, 0.5420, -9.056
79.59, 0.5410, -7.946
79.60, 0.5400, -8.675
79.61, 0.5390, -7.397
79.62, 0.5380, -8.097
79.63, 0.5370, -7.224
79.64, 0.5360, -8.412
79.65, 0.5350, -8.385
79.66, 0.5340, -7.494
79.67, 0.5330, -7.878
79.68, 0.5320, -8.098
79.69, 0.5310, -8.249
79.70, 0.5300, -6.222
79.71, 0.5290, -7.769
79.72, 0.5280, -8.635
79.73, 0.5270, -7.919
79.74, 0.5260, -8.482
79.75, 0.5250, -7.758
79.76, 0.5240, -9.165
79.77, 0.5230, -7.231
79.78, 0.5220, -8.332
79.79, 0.5210, -7.874
79.80, 0.5200, -9.155
79.81, 0.5190, -8.920
79.82, 0.5180, -8.481
79.83, 0.5170, -10.88
79.84, 0.5160, -7.445
79.85, 0.5150, -9.052
79.86, 0.5140, -8.215
79.87, 0.5130, -9.552
79.88, 0.5120, -9.712
79.89, 0.5110, -8.692
79.90, 0.5100, -8.617
79.91, 0.5090, -9.077
79.92, 0.5080, -8.802
79.93, 0.5070, -8.213
79.94, 0.5060, -9.677
79.95, 0.5050, -8.406
79.96, 0.5040, -7.255
79.97, 0.5030, -6.395
79.98, 0.5020, -8.333
79.99, 0.5010, -9.290
80.00, 0.5000, -6.385
80.01, 0.4990, -8.465
80.02, 0.4980, -9.535
80.03, 0.4970, -7.461
80.04, 0.4960, -9.079
80.05, 0.4950, -7.128
80.06, 0.4940, -7.674
80.07, 0.4930, -7.224
80.08, 0.4920, -8.083
80.09, 0.4910, -8.321
80.10, 0.4900, -7.548
80.11, 0.4890, -7.504
80.12, 0.4880, -7.977
80.13, 0.4870, -6.665
80.14, 0.4860, -8.031
80.15, 0.4850, -8.606
80.16, 0.4840, -7.276
80.17, 0.4830, -7.495
80.18, 0.4820, -8.791
80.19, 0.4810, -7.705
80.20, 0.4800, -9.496
80.21, 0.4790, -9.109
80.22, 0.4780, -7.626
80.23, 0.4770, -10.14
80.24, 0.4760, -8.765
80.25, 0.4750, -8.899
80.26, 0.4740, -9.127
80.27, 0.4730, -10.13
80.28, 0.4720, -7.873
80.29, 0.4710, -7.590
80.30, 0.4700, -10.96
80.31, 0.4690, -8.422
80.32, 0.4680, -8.606
80.33, 0.4670, -9.529
80.34, 0.4660, -9.129
80.35, 0.4650, -7.594
80.36, 0.4640, -10.10
80.37, 0.4630, -9.159
80.38, 0.4620, -7.160
80.39, 0.4610, -8.551
80.40, 0.4600, -9.392
80.41, 0.4590, -8.739
80.42, 0.4580, -8.019
80.43, 0.4570, -7.721
80.44, 0.4560, -9.202
80.45, 0.4550, -7.540
80.46, 0.4540, -7.484
80.47, 0.4530, -8.599
80.48, 0.4520, -8.309
80.49, 0.4510, -7.979
80.50, 0.4500, -7.531
80.51, 0.4490, -7.563
80.52, 0.4480, -8.612
80.53, 0.4470, -8.508
80.54, 0.4460, -7.363
80.55, 0.4450, -9.784
80.56, 0.4440, -7.832
80.57, 0.4430, -7.106
80.58, 0.4420, -8.482
80.59, 0.4410, -8.310
80.60, 0.4400, -6.647
80.61, 0.4390, -8.644
80.62, 0.4380, -7.519
80.63, 0.4370, -7.765
80.64, 0.4360, -10.24
80.65, 0.4350, -9.194
80.66, 0.4340, -7.006
80.67, 0.4330, -9.238
80.68, 0.4320, -9.179
80.69, 0.4310, -8.277
80.70, 0.4300, -8.362
80.71, 0.4290, -9.281
80.72, 0.4280, -7.392
80.73, 0.4270, -9.590
80.74, 0.4260, -9.592
80.75, 0.4250, -10.64
80.76, 0.4240, -7.336
80.77, 0.4230, -8.112
80.78, 0.4220, -7.631
80.79, 0.4210, -9.619
80.80, 0.4200, -9.294
80.81, 0.4190, -9.344
80.82, 0.4180, -5.927
80.83, 0.4170, -9.642
80.84, 0.4160, -8.788
80.85, 0.4150, -7.245
80.86, 0.4140, -9.462
80.87, 0.4130, -8.738
80.88, 0.4120, -10.33
80.89, 0.4110, -6.799
80.90, 0.4100, -10.85
80.91, 0.4090, -8.596
80.92, 0.4080, -5.286
80.93, 0.4070, -9.114
80.94, 0.4060, -9.224
80.95, 0.4050, -6.640
80.96, 0.4040, -10.03
80.97, 0.4030, -8.221
80.98, 0.4020, -9.179
80.99, 0.4010, -7.889
81.00, 0.4000, -7.854
81.01, 0.3990, -8.989
81.02, 0.3980, -8.006
81.03, 0.3970, -8.577
81.04, 0.3960, -8.837
81.05, 0.3950, -8.699
81.06, 0.3940, -10.73
81.07, 0.3930, -9.282
81.08, 0.3920, -8.535
81.09, 0.3910, -9.019
81.10, 0.3900, -10.05
81.11, 0.3890, -9.644
81.12, 0.3880, -8.970
81.13, 0.3870, -9.886
81.14, 0.3860, -8.592
81.15, 0.3850, -8.572
81.16, 0.3840, -8.088
81.17, 0.3830, -8.769
81.18, 0.3820, -9.208
81.19, 0.3810, -8.693
81.20, 0.3800, -8.655
81.21, 0.3790, -7.705
81.22, 0.3780, -10.15
81.23, 0.3770, -8.657
81.24, 0.3760, -7.956
81.25, 0.3750, -8.066
81.26, 0.3740, -9.937
81.27, 0.3730, -8.448
81.28, 0.3720, -9.007
81.29, 0.3710, -11.10
81.30, 0.3700, -8.209
81.31, 0.3690, -8.559
81.32, 0.3680, -8.450
81.33, 0.3670, -8.462
81.34, 0.3660, -10.02
81.35, 0.3650, -9.140
81.36, 0.3640, -8.109
81.37, 0.3630, -8.078
81.38, 0.3620, -10.38
81.39, 0.3610, -9.516
81.40, 0.3600, -7.109
81.41, 0.3590, -9.980
81.42, 0.3580, -9.565
81.43, 0.3570, -9.136
81.44, 0.3560, -8.034
81.45, 0.3550, -8.850
81.46, 0.3540, -8.228
81.47, 0.3530, -9.775
81.48, 0.3520, -10.22
81.49, 0.3510, -8.481
81.50, 0.3500, -10.19
81.51, 0.3490, -10.08
81.52, 0.3480, -10.51
81.53, 0.3470, -9.931
81.54, 0.3460, -11.02
81.55, 0.3450, -11.50
81.56, 0.3440, -8.992
81.57, 0.3430, -10.66
81.58, 0.3420, -9.397
81.59, 0.3410, -10.82
81.60, 0.3400, -10.26
81.61, 0.3390, -9.636
81.62, 0.3380, -8.453
81.63, 0.3370, -10.18
81.64, 0.3360, -8.130
81.65, 0.3350, -10.25
81.66, 0.3340, -10.64
81.67, 0.3330, -10.10
81.68, 0.3320, -8.236
81.69, 0.3310, -8.628
81.70, 0.3300, -9.977
81.71, 0.3290, -8.934
81.72, 0.3280, -9.430
81.73, 0.3270, -9.771
81.74, 0.3260, -8.453
81.75, 0.3250, -8.169
81.76, 0.3240, -9.502
81.77, 0.3230, -8.641
81.78, 0.3220, -9.558
81.79, 0.3210, -8.388
81.80, 0.3200, -10.32
81.81, 0.3190, -9.108
81.82, 0.3180, -7.905
81.83, 0.3170, -9.657
81.84, 0.3160, -9.189
81.85, 0.3150, -8.332
81.86, 0.3140, -10.10
81.87, 0.3130, -9.598
81.88, 0.3120, -8.864
81.89, 0.3110, -9.641
81.90, 0.3100, -10.22
81.91, 0.3090, -10.20
81.92, 0.3080, -10.41
81.93, 0.3070, -10.50
81.94, 0.3060, -10.14
81.95, 0.3050, -9.684
81.96, 0.3040, -9.575
81.97, 0.3030, -9.875
81.98, 0.3020, -10.61
81.99, 0.3010, -11.54
82.00, 0.3000, -10.84
82.01, 0.2990, -11.14
82.02, 0.2980, -11.54
82.03, 0.2970, -10.88
82.04, 0.2960, -8.191
82.05, 0.2950, -9.629
82.06, 0.2940, -9.368
82.07, 0.2930, -10.09
82.08, 0.2920, -10.14
82.09, 0.2910, -10.12
82.10, 0.2900, -9.557
82.11, 0.2890, -11.32
82.12, 0.2880, -10.16
82.13, 0.2870, -9.604
82.14, 0.2860, -9.593
82.15, 0.2850, -10.08
82.16, 0.2840, -8.762
82.17, 0.2830, -9.833
82.18, 0.2820, -11.36
82.19, 0.2810, -9.989
82.20, 0.2800, -9.879
82.21, 0.2790, -9.918
82.22, 0.2780, -8.939
82.23, 0.2770, -10.92
82.24, 0.2760, -10.83
82.25, 0.2750, -9.669
82.26, 0.2740, -10.20
82.27, 0.2730, -10.57
82.28, 0.2720, -10.05
82.29, 0.2710, -9.900
82.30, 0.2700, -10.92
82.31, 0.2690, -11.88
82.32, 0.2680, -9.778
82.33, 0.2670, -10.97
82.34, 0.2660, -8.902
82.35, 0.2650, -10.69
82.36, 0.2640, -11.86
82.37, 0.2630, -10.61
82.38, 0.2620, -10.14
82.39, 0.2610, -10.93
82.40, 0.2600, -11.00
82.41, 0.2590, -11.20
82.42, 0.2580, -10.80
82.43, 0.2570, -12.07
82.44, 0.2560, -10.77
82.45, 0.2550, -10.82
82.46, 0.2540, -9.734
82.47, 0.2530, -8.170
82.48, 0.2520, -11.19
82.49, 0.2510, -10.95
82.50, 0.2500, -9.442
82.51, 0.2490, -12.07
82.52, 0.2480, -9.816
82.53, 0.2470, -8.913
82.54, 0.2460, -10.27
82.55, 0.2450, -9.174
82.56, 0.2440, -9.782
82.57, 0.2430, -9.552
82.58, 0.2420, -10.74
82.59, 0.2410, -11.95
82.60, 0.2400, -8.083
82.61, 0.2390, -9.751
82.62, 0.2380, -12.30
82.63, 0.2370, -8.557
82.64, 0.2360, -9.461
82.65, 0.2350, -9.303
82.66, 0.2340, -11.04
82.67, 0.2330, -9.328
82.68, 0.2320, -9.266
82.69, 0.2310, -8.961
82.70, 0.2300, -8.556
82.71, 0.2290, -10.73
82.72, 0.2280, -10.12
82.73, 0.2270, -10.63
82.74, 0.2260, -11.92
82.75, 0.2250, -9.633
82.76, 0.2240, -11.40
82.77, 0.2230, -11.40
82.78, 0.2220, -11.44
82.79, 0.2210, -11.48
82.80, 0.2200, -11.90
82.81, 0.2190, -10.56
82.82, 0.2180, -10.33
82.83, 0.2170, -9.885
82.84, 0.2160, -11.44
82.85, 0.2150, -11.44
82.86, 0.2140, -8.571
82.87, 0.2130, -11.76
82.88, 0.2120, -10.69
82.89, 0.2110, -11.67
82.90, 0.2100, -11.89
82.91, 0.2090, -10.95
82.92, 0.2080, -10.22
82.93, 0.2070, -10.02
82.94, 0.2060, -12.31
82.95, 0.2050, -10.44
82.96, 0.2040, -9.715
82.97, 0.2030, -9.696
82.98, 0.2020, -10.67
82.99, 0.2010, -10.11
83.00, 0.2000, -9.333
83.01, 0.1990, -10.47
83.02, 0.1980, -10.99
83.03, 0.1970, -11.68
83.04, 0.1960, -10.64
83.05, 0.1950, -10.34
83.06, 0.1940, -10.08
83.07, 0.1930, -8.147
83.08, 0.1920, -11.56
83.09, 0.1910, -11.10
83.10, 0.1900, -9.520
83.11, 0.1890, -9.500
83.12, 0.1880, -11.79
83.13, 0.1870, -10.46
83.14, 0.1860, -11.09
83.15, 0.1850, -12.47
83.16, 0.1840, -10.85
83.17, 0.1830, -11.15
83.18, 0.1820, -11.83
83.19, 0.1810, -11.51
83.20, 0.1800, -11.43
83.21, 0.1790, -9.410
83.22, 0.1780, -11.76
83.23, 0.1770, -9.637
83.24, 0.1760, -10.27
83.25, 0.1750, -11.29
83.26, 0.1740, -11.20
83.27, 0.1730, -10.54
83.28, 0.1720, -11.47
83.29, 0.1710, -10.25
83.30, 0.1700, -10.38
83.31, 0.1690, -11.70
83.32, 0.1680, -11.62
83.33, 0.1670, -9.921
83.34, 0.1660, -10.62
83.35, 0.1650, -11.21
83.36, 0.1640, -10.38
83.37, 0.1630, -12.02
83.38, 0.1620, -8.727
83.39, 0.1610, -10.18
83.40, 0.1600, -11.34
83.41, 0.1590, -10.37
83.42, 0.1580, -10.81
83.43, 0.1570, -12.30
83.44, 0.1560, -10.69
83.45, 0.1550, -9.523
83.46, 0.1540, -12.44
83.47, 0.1530, -10.59
83.48, 0.1520, -9.621
83.49, 0.1510, -8.964
83.50, 0.1500, -9.871
83.51, 0.1490, -10.69
83.52, 0.1480, -9.250
83.53, 0.1470, -10.02
83.54, 0.1460, -11.72
83.55, 0.1450, -11.92
83.56, 0.1440, -10.97
83.57, 0.1430, -10.05
83.58, 0.1420, -11.22
83.59, 0.1410, -10.41
83.60, 0.1400, -13.40
83.61, 0.1390, -10.92
83.62, 0.1380, -9.755
83.63, 0.1370, -12.71
83.64, 0.1360, -13.55
83.65, 0.1350, -12.14
83.66, 0.1340, -10.42
83.67, 0.1330, -12.75
83.68, 0.1320, -9.970
83.69, 0.1310, -10.69
83.70, 0.1300, -12.65
83.71, 0.1290, -9.765
83.72, 0.1280, -10.64
83.73, 0.1270, -12.96
83.74, 0.1260, -10.59
83.75, 0.1250, -8.611
83.76, 0.1240, -11.21
83.77, 0.1230, -11.53
83.78, 0.1220, -10.67
83.79, 0.1210, -11.78
83.80, 0.1200, -10.62
83.81, 0.1190, -10.70
83.82, 0.1180, -11.42
83.83, 0.1170, -9.218
83.84, 0.1160, -10.17
83.85, 0.1150, -10.20
83.86, 0.1140, -10.33
83.87, 0.1130, -8.730
83.88, 0.1120, -11.16
83.89, 0.1110, -10.30
83.90, 0.1100, -9.083
83.91, 0.1090, -9.774
83.92, 0.1080, -10.99
83.93, 0.1070, -11.38
83.94, 0.1060, -9.443
83.95, 0.1050, -11.86
83.96, 0.1040, -10.29
83.97, 0.1030, -9.068
83.98, 0.1020, -10.34
83.99, 0.1010, -9.855
84.00, 0.1000, -8.969
84.01, 0.09900, -10.57
84.02, 0.09800, -9.984
84.03, 0.09700, -10.35
84.04, 0.09600, -10.64
84.05, 0.09500, -11.24
84.06, 0.09400, -10.11
84.07, 0.09300, -12.65
84.08, 0.09200, -11.96
84.09, 0.09100, -11.23
84.10, 0.09000, -10.21
84.11, 0.08900, -10.83
84.12, 0.08800, -10.13
84.13, 0.08700, -9.431
84.14, 0.08600, -9.915
84.15, 0.08500, -11.36
84.16, 0.08400, -9.831
84.17, 0.08300, -10.22
84.18, 0.08200, -8.996
84.19, 0.08100, -8.683
84.20, 0.08000, -11.87
84.21, 0.07900, -10.33
84.22, 0.07800, -9.294
84.23, 0.07700, -11.95
84.24, 0.07600, -11.11
84.25, 0.07500, -9.687
84.26, 0.07400, -10.11
84.27, 0.07300, -9.252
84.28, 0.07200, -10.42
84.29, 0.07100, -11.98
84.30, 0.07000, -10.52
84.31, 0.06900, -10.73
84.32, 0.06800, -9.458
84.33, 0.06700, -10.95
84.34, 0.06600, -9.731
84.35, 0.06500, -8.821
84.36, 0.06400, -9.590
84.37, 0.06300, -9.291
84.38, 0.06200, -9.613
84.39, 0.06100, -10.25
84.40, 0.06000, -10.78
84.41, 0.05900, -10.09
84.42, 0.05800, -13.42
84.43, 0.05700, -10.14
84.44, 0.05600, -10.56
84.45, 0.05500, -11.81
84.46, 0.05400, -10.75
84.47, 0.05300, -10.61
84.48, 0.05200, -11.15
84.49, 0.05100, -12.30
84.50, 0.05000, -11.80
84.51, 0.04900, -10.31
84.52, 0.04800, -12.29
84.53, 0.04700, -9.837
84.54, 0.04600, -11.84
84.55, 0.04500, -11.50
84.56, 0.04400, -11.56
84.57, 0.04300, -8.693
84.58, 0.04200, -11.60
84.59, 0.04100, -11.31
84.60, 0.04000, -10.07
84.61, 0.03900, -10.46
84.62, 0.03800, -9.423
84.63, 0.03700, -9.511
84.64, 0.03600, -9.823
84.65, 0.03500, -9.381
84.66, 0.03400, -12.21
84.67, 0.03300, -9.123
84.68, 0.03200, -11.96
84.69, 0.03100, -12.19
84.70, 0.03000, -10.05
84.71, 0.02900, -11.18
84.72, 0.02800, -9.671
84.73, 0.02700, -9.850
84.74, 0.02600, -11.85
84.75, 0.02500, -10.44
84.76, 0.02400, -10.11
84.77, 0.02300, -10.30
84.78, 0.02200, -11.35
84.79, 0.02100, -9.255
84.80, 0.02000, -10.14
84.81, 0.01900, -11.20
84.82, 0.01800, -10.64
84.83, 0.01700, -10.08
84.84, 0.01600, -10.41
84.85, 0.01500, -10.69
84.86, 0.01400, -9.533
84.87, 0.01300, -10.73
84.88, 0.01200, -10.12
84.89, 0.01100, -12.43
84.90, 0.01000, -12.10
84.91, 0.009000, -10.39
84.92, 0.008000, -10.55
84.93, 0.007000, -10.48
84.94, 0.006000, -13.00
84.95, 0.005000, -9.594
84.96, 0.004000, -11.43
84.97, 0.003000, -9.780
84.98, 0.002000, -9.482
84.99, 0.001000, -10.55
85.00, 0.000, -8.162
