0.01000, -0.8000, -5.522
0.02000, -0.8000, -5.875
0.03000, -0.8000, -5.117
0.04000, -0.8000, -4.533
0.05000, -0.8000, -6.286
0.06000, -0.8000, -5.778
0.07000, -0.8000, -4.343
0.08000, -0.8000, -4.993
0.09000, -0.8000, -5.821
0.1000, -0.8000, -4.541
0.1100, -0.8000, -5.182
0.1200, -0.8000, -4.380
0.1300, -0.8000, -4.235
0.1400, -0.8000, -5.476
0.1500, -0.8000, -4.458
0.1600, -0.8000, -4.763
0.1700, -0.8000, -6.409
0.1800, -0.8000, -4.876
0.1900, -0.8000, -4.717
0.2000, -0.8000, -4.883
0.2100, -0.8000, -5.298
0.2200, -0.8000, -5.715
0.2300, -0.8000, -5.375
0.2400, -0.8000, -6.170
0.2500, -0.8000, -6.219
0.2600, -0.8000, -3.864
0.2700, -0.8000, -5.112
0.2800, -0.8000, -5.121
0.2900, -0.8000, -4.952
0.3000, -0.8000, -7.385
0.3100, -0.8000, -5.225
0.3200, -0.8000, -5.195
0.3300, -0.8000, -4.437
0.3400, -0.8000, -5.805
0.3500, -0.8000, -7.011
0.3600, -0.8000, -6.025
0.3700, -0.8000, -4.259
0.3800, -0.8000, -6.500
0.3900, -0.8000, -6.838
0.4000, -0.8000, -5.607
0.4100, -0.8000, -6.044
0.4200, -0.8000, -6.143
0.4300, -0.8000, -6.124
0.4400, -0.8000, -4.945
0.4500, -0.8000, -4.081
0.4600, -0.8000, -4.914
0.4700, -0.8000, -5.238
0.4800, -0.8000, -5.003
0.4900, -0.8000, -6.066
0.5000, -0.8000, -5.575
0.5100, -0.8000, -5.189
0.5200, -0.8000, -6.099
0.5300, -0.8000, -4.215
0.5400, -0.8000, -5.535
0.5500, -0.8000, -7.403
0.5600, -0.8000, -3.675
0.5700, -0.8000, -5.713
0.5800, -0.8000, -6.263
0.5900, -0.8000, -5.185
0.6000, -0.8000, -6.151
0.6100, -0.8000, -6.018
0.6200, -0.8000, -5.519
0.6300, -0.8000, -5.929
0.6400, -0.8000, -5.061
0.6500, -0.8000, -4.196
0.6600, -0.8000, -5.918
0.6700, -0.8000, -6.247
0.6800, -0.8000, -5.973
0.6900, -0.8000, -6.610
0.7000, -0.8000, -5.507
0.7100, -0.8000, -5.323
0.7200, -0.8000, -6.684
0.7300, -0.8000, -6.321
0.7400, -0.8000, -5.704
0.7500, -0.8000, -5.267
0.7600, -0.8000, -5.046
0.7700, -0.8000, -5.697
0.7800, -0.8000, -6.178
0.7900, -0.8000, -6.079
0.8000, -0.8000, -6.473
0.8100, -0.8000, -6.033
0.8200, -0.8000, -6.790
0.8300, -0.8000, -7.304
0.8400, -0.8000, -5.383
0.8500, -0.8000, -4.552
0.8600, -0.8000, -6.334
0.8700, -0.8000, -4.794
0.8800, -0.8000, -7.645
0.8900, -0.8000, -5.437
0.9000, -0.8000, -5.882
0.9100, -0.8000, -5.759
0.9200, -0.8000, -4.613
0.9300, -0.8000, -5.326
0.9400, -0.8000, -5.960
0.9500, -0.8000, -6.377
0.9600, -0.8000, -5.428
0.9700, -0.8000, -7.439
0.9800, -0.8000, -5.923
0.9900, -0.8000, -6.049
1.000, -0.8000, -5.535
1.010, -0.8000, -6.236
1.020, -0.8000, -5.374
1.030, -0.8000, -5.551
1.040, -0.8000, -5.785
1.050, -0.8000, -7.491
1.060, -0.8000, -5.108
1.070, -0.8000, -6.131
1.080, -0.8000, -6.602
1.090, -0.8000, -5.903
1.100, -0.8000, -5.233
1.110, -0.8000, -6.596
1.120, -0.8000, -6.321
1.130, -0.8000, -5.287
1.140, -0.8000, -6.113
1.150, -0.8000, -5.990
1.160, -0.8000, -6.970
1.170, -0.8000, -5.172
1.180, -0.8000, -6.131
1.190, -0.8000, -6.117
1.200, -0.8000, -5.703
1.210, -0.8000, -5.285
1.220, -0.8000, -6.153
1.230, -0.8000, -5.347
1.240, -0.8000, -5.938
1.250, -0.8000, -5.734
1.260, -0.8000, -4.904
1.270, -0.8000, -6.714
1.280, -0.8000, -7.263
1.290, -0.8000, -5.634
1.300, -0.8000, -5.738
1.310, -0.8000, -4.419
1.320, -0.8000, -5.108
1.330, -0.8000, -6.523
1.340, -0.8000, -5.285
1.350, -0.8000, -7.308
1.360, -0.8000, -5.932
1.370, -0.8000, -6.126
1.380, -0.8000, -5.055
1.390, -0.8000, -6.513
1.400, -0.8000, -6.262
1.410, -0.8000, -6.367
1.420, -0.8000, -6.358
1.430, -0.8000, -6.167
1.440, -0.8000, -6.704
1.450, -0.8000, -5.580
1.460, -0.8000, -4.788
1.470, -0.8000, -6.788
1.480, -0.8000, -6.039
1.490, -0.8000, -5.087
1.500, -0.8000, -5.900
1.510, -0.8000, -5.827
1.520, -0.8000, -5.720
1.530, -0.8000, -7.907
1.540, -0.8000, -5.267
1.550, -0.8000, -6.599
1.560, -0.8000, -5.818
1.570, -0.8000, -5.836
1.580, -0.8000, -5.306
1.590, -0.8000, -6.374
1.600, -0.8000, -6.275
1.610, -0.8000, -6.074
1.620, -0.8000, -5.866
1.630, -0.8000, -4.903
1.640, -0.8000, -6.264
1.650, -0.8000, -5.727
1.660, -0.8000, -5.409
1.670, -0.8000, -6.691
1.680, -0.8000, -6.143
1.690, -0.8000, -6.511
1.700, -0.8000, -6.984
1.710, -0.8000, -6.773
1.720, -0.8000, -5.003
1.730, -0.8000, -5.755
1.740, -0.8000, -6.740
1.750, -0.8000, -7.005
1.760, -0.8000, -5.502
1.770, -0.8000, -4.653
1.780, -0.8000, -7.425
1.790, -0.8000, -5.410
1.800, -0.8000, -6.027
1.810, -0.8000, -5.600
1.820, -0.8000, -5.238
1.830, -0.8000, -6.749
1.840, -0.8000, -5.333
1.850, -0.8000, -6.192
1.860, -0.8000, -6.443
1.870, -0.8000, -6.414
1.880, -0.8000, -6.608
1.890, -0.8000, -6.783
1.900, -0.8000, -5.913
1.910, -0.8000, -5.683
1.920, -0.8000, -6.294
1.930, -0.8000, -4.943
1.940, -0.8000, -5.141
1.950, -0.8000, -6.983
1.960, -0.8000, -6.464
1.970, -0.8000, -7.683
1.980, -0.8000, -6.421
1.990, -0.8000, -5.410
2.000, -0.8000, -6.115
2.010, -0.8000, -6.480
2.020, -0.8000, -6.396
2.030, -0.8000, -6.472
2.040, -0.8000, -6.496
2.050, -0.8000, -5.619
2.060, -0.8000, -8.219
2.070, -0.8000, -6.145
2.080, -0.8000, -6.265
2.090, -0.8000, -7.835
2.100, -0.8000, -5.630
2.110, -0.8000, -5.994
2.120, -0.8000, -7.260
2.130, -0.8000, -6.277
2.140, -0.8000, -5.931
2.150, -0.8000, -8.324
2.160, -0.8000, -5.719
2.170, -0.8000, -5.050
2.180, -0.8000, -6.348
2.190, -0.8000, -6.379
2.200, -0.8000, -7.044
2.210, -0.8000, -5.831
2.220, -0.8000, -5.730
2.230, -0.8000, -7.198
2.240, -0.8000, -5.057
2.250, -0.8000, -5.615
2.260, -0.8000, -7.889
2.270, -0.8000, -5.743
2.280, -0.8000, -6.050
2.290, -0.8000, -7.497
2.300, -0.8000, -6.728
2.310, -0.8000, -5.898
2.320, -0.8000, -6.689
2.330, -0.8000, -6.098
2.340, -0.8000, -5.913
2.350, -0.8000, -7.293
2.360, -0.8000, -6.174
2.370, -0.8000, -5.408
2.380, -0.8000, -5.731
2.390, -0.8000, -6.729
2.400, -0.8000, -6.395
2.410, -0.8000, -6.334
2.420, -0.8000, -6.321
2.430, -0.8000, -4.994
2.440, -0.8000, -7.063
2.450, -0.8000, -6.019
2.460, -0.8000, -7.365
2.470, -0.8000, -7.680
2.480, -0.8000, -5.963
2.490, -0.8000, -7.155
2.500, -0.8000, -6.134
2.510, -0.8000, -6.516
2.520, -0.8000, -7.230
2.530, -0.8000, -5.905
2.540, -0.8000, -6.215
2.550, -0.8000, -6.361
2.560, -0.8000, -6.179
2.570, -0.8000, -5.572
2.580, -0.8000, -7.050
2.590, -0.8000, -6.418
2.600, -0.8000, -5.956
2.610, -0.8000, -6.238
2.620, -0.8000, -5.789
2.630, -0.8000, -5.955
2.640, -0.8000, -5.939
2.650, -0.8000, -6.194
2.660, -0.8000, -6.155
2.670, -0.8000, -7.126
2.680, -0.8000, -5.797
2.690, -0.8000, -7.020
2.700, -0.8000, -6.813
2.710, -0.8000, -6.123
2.720, -0.8000, -5.609
2.730, -0.8000, -6.266
2.740, -0.8000, -7.404
2.750, -0.8000, -5.966
2.760, -0.8000, -5.504
2.770, -0.8000, -4.423
2.780, -0.8000, -7.587
2.790, -0.8000, -6.812
2.800, -0.8000, -6.304
2.810, -0.8000, -6.457
2.820, -0.8000, -6.338
2.830, -0.8000, -6.605
2.840, -0.8000, -6.469
2.850, -0.8000, -6.040
2.860, -0.8000, -5.576
2.870, -0.8000, -7.270
2.880, -0.8000, -5.634
2.890, -0.8000, -7.011
2.900, -0.8000, -7.182
2.910, -0.8000, -6.377
2.920, -0.8000, -5.979
2.930, -0.8000, -6.748
2.940, -0.8000, -5.854
2.950, -0.8000, -7.178
2.960, -0.8000, -6.985
2.970, -0.8000, -6.037
2.980, -0.8000, -6.586
2.990, -0.8000, -6.836
3.000, -0.8000, -6.272
3.010, -0.8000, -6.283
3.020, -0.8000, -6.846
3.030, -0.8000, -5.800
3.040, -0.8000, -6.152
3.050, -0.8000, -6.934
3.060, -0.8000, -6.409
3.070, -0.8000, -6.385
3.080, -0.8000, -5.939
3.090, -0.8000, -6.737
3.100, -0.8000, -5.685
3.110, -0.8000, -6.522
3.120, -0.8000, -6.674
3.130, -0.8000, -6.901
3.140, -0.8000, -5.707
3.150, -0.8000, -7.136
3.160, -0.8000, -7.272
3.170, -0.8000, -6.489
3.180, -0.8000, -6.611
3.190, -0.8000, -6.510
3.200, -0.8000, -6.245
3.210, -0.8000, -6.857
3.220, -0.8000, -7.456
3.230, -0.8000, -6.481
3.240, -0.8000, -7.409
3.250, -0.8000, -6.657
3.260, -0.8000, -6.503
3.270, -0.8000, -7.376
3.280, -0.8000, -7.247
3.290, -0.8000, -8.204
3.300, -0.8000, -6.937
3.310, -0.8000, -6.144
3.320, -0.8000, -5.207
3.330, -0.8000, -6.998
3.340, -0.8000, -6.725
3.350, -0.8000, -6.859
3.360, -0.8000, -5.868
3.370, -0.8000, -6.215
3.380, -0.8000, -6.682
3.390, -0.8000, -5.269
3.400, -0.8000, -7.334
3.410, -0.8000, -7.889
3.420, -0.8000, -6.346
3.430, -0.8000, -6.777
3.440, -0.8000, -6.847
3.450, -0.8000, -5.251
3.460, -0.8000, -7.950
3.470, -0.8000, -8.520
3.480, -0.8000, -6.514
3.490, -0.8000, -6.757
3.500, -0.8000, -8.120
3.510, -0.8000, -5.435
3.520, -0.8000, -6.300
3.530, -0.8000, -6.839
3.540, -0.8000, -6.586
3.550, -0.8000, -6.506
3.560, -0.8000, -7.651
3.570, -0.8000, -6.913
3.580, -0.8000, -6.146
3.590, -0.8000, -7.633
3.600, -0.8000, -7.084
3.610, -0.8000, -5.943
3.620, -0.8000, -6.756
3.630, -0.8000, -6.774
3.640, -0.8000, -8.392
3.650, -0.8000, -5.104
3.660, -0.8000, -6.518
3.670, -0.8000, -7.415
3.680, -0.8000, -6.373
3.690, -0.8000, -7.974
3.700, -0.8000, -6.332
3.710, -0.8000, -5.534
3.720, -0.8000, -7.556
3.730, -0.8000, -6.371
3.740, -0.8000, -6.491
3.750, -0.8000, -6.304
3.760, -0.8000, -7.139
3.770, -0.8000, -6.189
3.780, -0.8000, -7.865
3.790, -0.8000, -7.004
3.800, -0.8000, -7.416
3.810, -0.8000, -7.593
3.820, -0.8000, -7.389
3.830, -0.8000, -7.144
3.840, -0.8000, -7.254
3.850, -0.8000, -7.000
3.860, -0.8000, -7.483
3.870, -0.8000, -7.029
3.880, -0.8000, -6.688
3.890, -0.8000, -6.355
3.900, -0.8000, -7.913
3.910, -0.8000, -6.633
3.920, -0.8000, -7.169
3.930, -0.8000, -7.461
3.940, -0.8000, -7.425
3.950, -0.8000, -6.651
3.960, -0.8000, -6.404
3.970, -0.8000, -6.958
3.980, -0.8000, -6.803
3.990, -0.8000, -6.852
4.000, -0.8000, -5.983
4.010, -0.8000, -7.020
4.020, -0.8000, -6.018
4.030, -0.8000, -6.833
4.040, -0.8000, -6.059
4.050, -0.8000, -6.305
4.060, -0.8000, -8.494
4.070, -0.8000, -6.080
4.080, -0.8000, -6.134
4.090, -0.8000, -7.533
4.100, -0.8000, -7.802
4.110, -0.8000, -7.543
4.120, -0.8000, -5.834
4.130, -0.8000, -7.712
4.140, -0.8000, -7.920
4.150, -0.8000, -6.828
4.160, -0.8000, -7.240
4.170, -0.8000, -6.277
4.180, -0.8000, -6.591
4.190, -0.8000, -7.968
4.200, -0.8000, -5.953
4.210, -0.8000, -7.745
4.220, -0.8000, -8.708
4.230, -0.8000, -6.917
4.240, -0.8000, -7.726
4.250, -0.8000, -7.245
4.260, -0.8000, -6.913
4.270, -0.8000, -7.850
4.280, -0.8000, -7.048
4.290, -0.8000, -6.485
4.300, -0.8000, -8.103
4.310, -0.8000, -8.041
4.320, -0.8000, -7.223
4.330, -0.8000, -8.230
4.340, -0.8000, -7.795
4.350, -0.8000, -6.369
4.360, -0.8000, -7.078
4.370, -0.8000, -7.747
4.380, -0.8000, -6.683
4.390, -0.8000, -8.044
4.400, -0.8000, -7.911
4.410, -0.8000, -7.727
4.420, -0.8000, -7.114
4.430, -0.8000, -7.738
4.440, -0.8000, -7.972
4.450, -0.8000, -8.777
4.460, -0.8000, -7.121
4.470, -0.8000, -6.192
4.480, -0.8000, -6.520
4.490, -0.8000, -7.925
4.500, -0.8000, -6.778
4.510, -0.8000, -6.555
4.520, -0.8000, -7.771
4.530, -0.8000, -7.818
4.540, -0.8000, -6.029
4.550, -0.8000, -7.747
4.560, -0.8000, -6.598
4.570, -0.8000, -6.597
4.580, -0.8000, -7.254
4.590, -0.8000, -6.810
4.600, -0.8000, -7.290
4.610, -0.8000, -6.274
4.620, -0.8000, -6.725
4.630, -0.8000, -7.262
4.640, -0.8000, -8.827
4.650, -0.8000, -6.693
4.660, -0.8000, -5.698
4.670, -0.8000, -6.904
4.680, -0.8000, -6.767
4.690, -0.8000, -6.971
4.700, -0.8000, -6.914
4.710, -0.8000, -7.768
4.720, -0.8000, -7.197
4.730, -0.8000, -6.950
4.740, -0.8000, -8.418
4.750, -0.8000, -7.089
4.760, -0.8000, -7.225
4.770, -0.8000, -7.904
4.780, -0.8000, -6.498
4.790, -0.8000, -6.849
4.800, -0.8000, -7.746
4.810, -0.8000, -6.848
4.820, -0.8000, -7.408
4.830, -0.8000, -6.928
4.840, -0.8000, -7.599
4.850, -0.8000, -7.255
4.860, -0.8000, -6.603
4.870, -0.8000, -7.298
4.880, -0.8000, -7.996
4.890, -0.8000, -6.786
4.900, -0.8000, -6.696
4.910, -0.8000, -7.877
4.920, -0.8000, -7.092
4.930, -0.8000, -6.946
4.940, -0.8000, -8.805
4.950, -0.8000, -6.310
4.960, -0.8000, -8.873
4.970, -0.8000, -7.939
4.980, -0.8000, -7.512
4.990, -0.8000, -7.399
5.000, -0.8000, -7.054
5.010, -0.8000, -7.162
5.020, -0.8000, -8.427
5.030, -0.8000, -5.868
5.040, -0.8000, -7.848
5.050, -0.8000, -7.562
5.060, -0.8000, -6.496
5.070, -0.8000, -7.830
5.080, -0.8000, -8.752
5.090, -0.8000, -7.538
5.100, -0.8000, -7.749
5.110, -0.8000, -8.504
5.120, -0.8000, -7.670
5.130, -0.8000, -6.593
5.140, -0.8000, -7.378
5.150, -0.8000, -7.469
5.160, -0.8000, -8.102
5.170, -0.8000, -7.406
5.180, -0.8000, -7.420
5.190, -0.8000, -9.080
5.200, -0.8000, -7.343
5.210, -0.8000, -7.800
5.220, -0.8000, -9.419
5.230, -0.8000, -6.932
5.240, -0.8000, -8.097
5.250, -0.8000, -7.115
5.260, -0.8000, -8.049
5.270, -0.8000, -6.576
5.280, -0.8000, -6.561
5.290, -0.8000, -7.137
5.300, -0.8000, -7.945
5.310, -0.8000, -8.397
5.320, -0.8000, -8.103
5.330, -0.8000, -8.492
5.340, -0.8000, -7.994
5.350, -0.8000, -7.373
5.360, -0.8000, -6.438
5.370, -0.8000, -6.728
5.380, -0.8000, -7.983
5.390, -0.8000, -6.588
5.400, -0.8000, -6.417
5.410, -0.8000, -7.825
5.420, -0.8000, -7.615
5.430, -0.8000, -7.021
5.440, -0.8000, -7.754
5.450, -0.8000, -7.664
5.460, -0.8000, -8.848
5.470, -0.8000, -7.954
5.480, -0.8000, -7.767
5.490, -0.8000, -8.922
5.500, -0.8000, -6.940
5.510, -0.8000, -7.048
5.520, -0.8000, -8.127
5.530, -0.8000, -8.009
5.540, -0.8000, -8.098
5.550, -0.8000, -7.161
5.560, -0.8000, -7.403
5.570, -0.8000, -8.422
5.580, -0.8000, -6.463
5.590, -0.8000, -6.863
5.600, -0.8000, -8.494
5.610, -0.8000, -6.652
5.620, -0.8000, -7.985
5.630, -0.8000, -9.285
5.640, -0.8000, -7.640
5.650, -0.8000, -7.244
5.660, -0.8000, -9.502
5.670, -0.8000, -7.929
5.680, -0.8000, -6.775
5.690, -0.8000, -7.895
5.700, -0.8000, -9.328
5.710, -0.8000, -8.005
5.720, -0.8000, -8.703
5.730, -0.8000, -8.602
5.740, -0.8000, -8.031
5.750, -0.8000, -8.847
5.760, -0.8000, -6.792
5.770, -0.8000, -9.193
5.780, -0.8000, -8.742
5.790, -0.8000, -7.277
5.800, -0.8000, -8.599
5.810, -0.8000, -8.116
5.820, -0.8000, -7.799
5.830, -0.8000, -7.501
5.840, -0.8000, -7.303
5.850, -0.8000, -8.395
5.860, -0.8000, -6.716
5.870, -0.8000, -8.184
5.880, -0.8000, -7.780
5.890, -0.8000, -7.207
5.900, -0.8000, -8.395
5.910, -0.8000, -8.176
5.920, -0.8000, -8.106
5.930, -0.8000, -7.706
5.940, -0.8000, -8.637
5.950, -0.8000, -8.472
5.960, -0.8000, -7.858
5.970, -0.8000, -8.306
5.980, -0.8000, -8.484
5.990, -0.8000, -7.588
6.000, -0.8000, -8.090
6.010, -0.8000, -7.196
6.020, -0.8000, -7.080
6.030, -0.8000, -7.434
6.040, -0.8000, -8.172
6.050, -0.8000, -7.307
6.060, -0.8000, -8.124
6.070, -0.8000, -8.112
6.080, -0.8000, -7.307
6.090, -0.8000, -8.721
6.100, -0.8000, -9.012
6.110, -0.8000, -8.106
6.120, -0.8000, -7.788
6.130, -0.8000, -8.565
6.140, -0.8000, -7.765
6.150, -0.8000, -8.540
6.160, -0.8000, -8.873
6.170, -0.8000, -7.972
6.180, -0.8000, -7.226
6.190, -0.8000, -9.082
6.200, -0.8000, -7.792
6.210, -0.8000, -8.304
6.220, -0.8000, -9.297
6.230, -0.8000, -8.709
6.240, -0.8000, -8.449
6.250, -0.8000, -8.510
6.260, -0.8000, -7.369
6.270, -0.8000, -8.397
6.280, -0.8000, -8.254
6.290, -0.8000, -7.406
6.300, -0.8000, -8.802
6.310, -0.8000, -9.583
6.320, -0.8000, -8.463
6.330, -0.8000, -8.349
6.340, -0.8000, -8.787
6.350, -0.8000, -7.258
6.360, -0.8000, -7.548
6.370, -0.8000, -8.634
6.380, -0.8000, -6.095
6.390, -0.8000, -8.600
6.400, -0.8000, -8.077
6.410, -0.8000, -7.920
6.420, -0.8000, -7.694
6.430, -0.8000, -8.894
6.440, -0.8000, -8.097
6.450, -0.8000, -8.017
6.460, -0.8000, -8.586
6.470, -0.8000, -7.511
6.480, -0.8000, -8.791
6.490, -0.8000, -8.619
6.500, -0.8000, -7.398
6.510, -0.8000, -8.534
6.520, -0.8000, -9.335
6.530, -0.8000, -7.937
6.540, -0.8000, -8.086
6.550, -0.8000, -10.62
6.560, -0.8000, -7.695
6.570, -0.8000, -8.201
6.580, -0.8000, -9.426
6.590, -0.8000, -7.866
6.600, -0.8000, -8.949
6.610, -0.8000, -8.117
6.620, -0.8000, -8.075
6.630, -0.8000, -9.102
6.640, -0.8000, -8.769
6.650, -0.8000, -7.918
6.660, -0.8000, -7.598
6.670, -0.8000, -7.854
6.680, -0.8000, -8.671
6.690, -0.8000, -9.787
6.700, -0.8000, -7.664
6.710, -0.8000, -8.043
6.720, -0.8000, -8.050
6.730, -0.8000, -9.170
6.740, -0.8000, -7.596
6.750, -0.8000, -8.279
6.760, -0.8000, -8.192
6.770, -0.8000, -8.085
6.780, -0.8000, -7.637
6.790, -0.8000, -8.999
6.800, -0.8000, -8.760
6.810, -0.8000, -7.922
6.820, -0.8000, -9.268
6.830, -0.8000, -7.459
6.840, -0.8000, -8.399
6.850, -0.8000, -8.482
6.860, -0.8000, -8.477
6.870, -0.8000, -8.010
6.880, -0.8000, -7.892
6.890, -0.8000, -8.037
6.900, -0.8000, -8.686
6.910, -0.8000, -8.102
6.920, -0.8000, -9.150
6.930, -0.8000, -8.573
6.940, -0.8000, -8.797
6.950, -0.8000, -9.048
6.960, -0.8000, -8.342
6.970, -0.8000, -8.296
6.980, -0.8000, -8.419
6.990, -0.8000, -8.530
7.000, -0.8000, -8.700
7.010, -0.8000, -8.441
7.020, -0.8000, -8.873
7.030, -0.8000, -7.582
7.040, -0.8000, -9.618
7.050, -0.8000, -8.626
7.060, -0.8000, -7.906
7.070, -0.8000, -8.347
7.080, -0.8000, -9.057
7.090, -0.8000, -8.448
7.100, -0.8000, -8.123
7.110, -0.8000, -9.823
7.120, -0.8000, -8.463
7.130, -0.8000, -7.935
7.140, -0.8000, -9.725
7.150, -0.8000, -8.785
7.160, -0.8000, -10.00
7.170, -0.8000, -9.868
7.180, -0.8000, -8.146
7.190, -0.8000, -8.701
7.200, -0.8000, -9.126
7.210, -0.8000, -8.277
7.220, -0.8000, -8.388
7.230, -0.8000, -8.914
7.240, -0.8000, -7.510
7.250, -0.8000, -7.710
7.260, -0.8000, -9.619
7.270, -0.8000, -7.754
7.280, -0.8000, -9.986
7.290, -0.8000, -8.657
7.300, -0.8000, -8.250
7.310, -0.8000, -10.14
7.320, -0.8000, -9.150
7.330, -0.8000, -9.847
7.340, -0.8000, -8.856
7.350, -0.8000, -9.879
7.360, -0.8000, -9.302
7.370, -0.8000, -7.997
7.380, -0.8000, -8.729
7.390, -0.8000, -8.302
7.400, -0.8000, -9.673
7.410, -0.8000, -9.931
7.420, -0.8000, -8.032
7.430, -0.8000, -8.959
7.440, -0.8000, -9.227
7.450, -0.8000, -8.096
7.460, -0.8000, -8.659
7.470, -0.8000, -8.923
7.480, -0.8000, -8.187
7.490, -0.8000, -9.247
7.500, -0.8000, -8.886
7.510, -0.8000, -8.420
7.520, -0.8000, -8.304
7.530, -0.8000, -9.325
7.540, -0.8000, -8.053
7.550, -0.8000, -7.763
7.560, -0.8000, -8.978
7.570, -0.8000, -9.052
7.580, -0.8000, -8.375
7.590, -0.8000, -8.887
7.600, -0.8000, -9.059
7.610, -0.8000, -8.794
7.620, -0.8000, -8.847
7.630, -0.8000, -8.234
7.640, -0.8000, -8.747
7.650, -0.8000, -9.495
7.660, -0.8000, -9.076
7.670, -0.8000, -9.720
7.680, -0.8000, -8.098
7.690, -0.8000, -9.230
7.700, -0.8000, -9.931
7.710, -0.8000, -9.203
7.720, -0.8000, -8.382
7.730, -0.8000, -9.663
7.740, -0.8000, -9.680
7.750, -0.8000, -7.817
7.760, -0.8000, -7.757
7.770, -0.8000, -9.912
7.780, -0.8000, -9.800
7.790, -0.8000, -8.041
7.800, -0.8000, -9.880
7.810, -0.8000, -11.09
7.820, -0.8000, -7.973
7.830, -0.8000, -9.652
7.840, -0.8000, -10.39
7.850, -0.8000, -7.796
7.860, -0.8000, -7.923
7.870, -0.8000, -9.511
7.880, -0.8000, -8.383
7.890, -0.8000, -8.649
7.900, -0.8000, -9.115
7.910, -0.8000, -8.329
7.920, -0.8000, -8.738
7.930, -0.8000, -10.01
7.940, -0.8000, -8.927
7.950, -0.8000, -8.618
7.960, -0.8000, -10.60
7.970, -0.8000, -10.00
7.980, -0.8000, -8.638
7.990, -0.8000, -9.440
8.000, -0.8000, -9.761
8.010, -0.8000, -8.729
8.020, -0.8000, -9.996
8.030, -0.8000, -9.221
8.040, -0.8000, -10.21
8.050, -0.8000, -9.471
8.060, -0.8000, -9.291
8.070, -0.8000, -10.00
8.080, -0.8000, -9.150
8.090, -0.8000, -9.641
8.100, -0.8000, -9.071
8.110, -0.8000, -9.424
8.120, -0.8000, -10.26
8.130, -0.8000, -8.732
8.140, -0.8000, -9.219
8.150, -0.8000, -8.496
8.160, -0.8000, -8.891
8.170, -0.8000, -9.687
8.180, -0.8000, -9.039
8.190, -0.8000, -8.751
8.200, -0.8000, -9.947
8.210, -0.8000, -8.749
8.220, -0.8000, -9.045
8.230, -0.8000, -9.602
8.240, -0.8000, -8.015
8.250, -0.8000, -9.276
8.260, -0.8000, -9.114
8.270, -0.8000, -9.224
8.280, -0.8000, -8.905
8.290, -0.8000, -8.136
8.300, -0.8000, -9.565
8.310, -0.8000, -7.925
8.320, -0.8000, -9.308
8.330, -0.8000, -10.12
8.340, -0.8000, -9.648
8.350, -0.8000, -9.219
8.360, -0.8000, -9.368
8.370, -0.8000, -9.006
8.380, -0.8000, -9.126
8.390, -0.8000, -9.872
8.400, -0.8000, -7.972
8.410, -0.8000, -9.722
8.420, -0.8000, -9.654
8.430, -0.8000, -8.792
8.440, -0.8000, -7.953
8.450, -0.8000, -9.692
8.460, -0.8000, -10.02
8.470, -0.8000, -8.999
8.480, -0.8000, -8.855
8.490, -0.8000, -9.749
8.500, -0.8000, -8.867
8.510, -0.8000, -9.670
8.520, -0.8000, -8.446
8.530, -0.8000, -9.688
8.540, -0.8000, -9.041
8.550, -0.8000, -9.396
8.560, -0.8000, -9.889
8.570, -0.8000, -7.898
8.580, -0.8000, -8.963
8.590, -0.8000, -10.37
8.600, -0.8000, -10.69
8.610, -0.8000, -8.280
8.620, -0.8000, -9.956
8.630, -0.8000, -8.990
8.640, -0.8000, -9.045
8.650, -0.8000, -11.24
8.660, -0.8000, -9.756
8.670, -0.8000, -8.997
8.680, -0.8000, -9.167
8.690, -0.8000, -9.169
8.700, -0.8000, -9.331
8.710, -0.8000, -7.843
8.720, -0.8000, -9.265
8.730, -0.8000, -10.12
8.740, -0.8000, -9.544
8.750, -0.8000, -8.849
8.760, -0.8000, -9.798
8.770, -0.8000, -7.737
8.780, -0.8000, -8.895
8.790, -0.8000, -9.778
8.800, -0.8000, -9.210
8.810, -0.8000, -9.642
8.820, -0.8000, -9.297
8.830, -0.8000, -8.957
8.840, -0.8000, -8.487
8.850, -0.8000, -9.393
8.860, -0.8000, -8.719
8.870, -0.8000, -9.204
8.880, -0.8000, -9.809
8.890, -0.8000, -8.975
8.900, -0.8000, -8.419
8.910, -0.8000, -8.961
8.920, -0.8000, -8.607
8.930, -0.8000, -9.298
8.940, -0.8000, -10.15
8.950, -0.8000, -9.928
8.960, -0.8000, -8.492
8.970, -0.8000, -9.713
8.980, -0.8000, -8.217
8.990, -0.8000, -9.104
9.000, -0.8000, -8.972
9.010, -0.8000, -9.956
9.020, -0.8000, -9.849
9.030, -0.8000, -8.292
9.040, -0.8000, -8.081
9.050, -0.8000, -10.83
9.060, -0.8000, -8.855
9.070, -0.8000, -10.20
9.080, -0.8000, -9.027
9.090, -0.8000, -9.531
9.100, -0.8000, -9.155
9.110, -0.8000, -8.849
9.120, -0.8000, -9.299
9.130, -0.8000, -9.981
9.140, -0.8000, -9.498
9.150, -0.8000, -9.214
9.160, -0.8000, -10.13
9.170, -0.8000, -9.067
9.180, -0.8000, -10.05
9.190, -0.8000, -10.20
9.200, -0.8000, -10.05
9.210, -0.8000, -8.969
9.220, -0.8000, -9.544
9.230, -0.8000, -10.17
9.240, -0.8000, -8.696
9.250, -0.8000, -8.606
9.260, -0.8000, -8.842
9.270, -0.8000, -9.416
9.280, -0.8000, -9.423
9.290, -0.8000, -9.382
9.300, -0.8000, -9.921
9.310, -0.8000, -9.308
9.320, -0.8000, -7.920
9.330, -0.8000, -9.563
9.340, -0.8000, -8.833
9.350, -0.8000, -8.796
9.360, -0.8000, -10.93
9.370, -0.8000, -10.91
9.380, -0.8000, -8.943
9.390, -0.8000, -10.61
9.400, -0.8000, -8.997
9.410, -0.8000, -8.722
9.420, -0.8000, -9.567
9.430, -0.8000, -9.225
9.440, -0.8000, -9.331
9.450, -0.8000, -8.169
9.460, -0.8000, -11.33
9.470, -0.8000, -11.93
9.480, -0.8000, -8.573
9.490, -0.8000, -9.372
9.500, -0.8000, -10.32
9.510, -0.8000, -9.668
9.520, -0.8000, -9.317
9.530, -0.8000, -9.633
9.540, -0.8000, -9.785
9.550, -0.8000, -8.799
9.560, -0.8000, -9.363
9.570, -0.8000, -9.684
9.580, -0.8000, -9.884
9.590, -0.8000, -8.829
9.600, -0.8000, -8.893
9.610, -0.8000, -10.64
9.620, -0.8000, -10.23
9.630, -0.8000, -8.499
9.640, -0.8000, -10.64
9.650, -0.8000, -9.244
9.660, -0.8000, -8.916
9.670, -0.8000, -8.434
9.680, -0.8000, -9.803
9.690, -0.8000, -10.00
9.700, -0.8000, -8.562
9.710, -0.8000, -8.960
9.720, -0.8000, -10.35
9.730, -0.8000, -9.052
9.740, -0.8000, -10.87
9.750, -0.8000, -10.94
9.760, -0.8000, -10.26
9.770, -0.8000, -9.552
9.780, -0.8000, -9.526
9.790, -0.8000, -8.832
9.800, -0.8000, -10.87
9.810, -0.8000, -10.39
9.820, -0.8000, -8.976
9.830, -0.8000, -10.75
9.840, -0.8000, -9.530
9.850, -0.8000, -9.027
9.860, -0.8000, -9.460
9.870, -0.8000, -9.704
9.880, -0.8000, -9.623
9.890, -0.8000, -9.732
9.900, -0.8000, -9.880
9.910, -0.8000, -9.632
9.920, -0.8000, -11.27
9.930, -0.8000, -9.166
9.940, -0.8000, -11.19
9.950, -0.8000, -9.911
9.960, -0.8000, -9.483
9.970, -0.8000, -10.63
9.980, -0.8000, -9.320
9.990, -0.8000, -9.581
10.00, -0.8000, -10.25
10.01, -0.8000, -8.964
10.02, -0.8000, -9.094
10.03, -0.8000, -11.06
10.04, -0.8000, -8.556
10.05, -0.8000, -9.270
10.06, -0.8000, -10.68
10.07, -0.8000, -9.346
10.08, -0.8000, -10.51
10.09, -0.8000, -10.68
10.10, -0.8000, -9.911
10.11, -0.8000, -10.19
10.12, -0.8000, -10.32
10.13, -0.8000, -9.913
10.14, -0.8000, -9.346
10.15, -0.8000, -10.52
10.16, -0.8000, -9.684
10.17, -0.8000, -8.777
10.18, -0.8000, -9.880
10.19, -0.8000, -9.956
10.20, -0.8000, -9.134
10.21, -0.8000, -11.06
10.22, -0.8000, -9.709
10.23, -0.8000, -8.453
10.24, -0.8000, -10.42
10.25, -0.8000, -10.02
10.26, -0.8000, -9.394
10.27, -0.8000, -9.671
10.28, -0.8000, -9.273
10.29, -0.8000, -9.877
10.30, -0.8000, -10.90
10.31, -0.8000, -9.489
10.32, -0.8000, -9.977
10.33, -0.8000, -11.16
10.34, -0.8000, -9.233
10.35, -0.8000, -9.237
10.36, -0.8000, -9.418
10.37, -0.8000, -8.912
10.38, -0.8000, -10.30
10.39, -0.8000, -10.98
10.40, -0.8000, -8.365
10.41, -0.8000, -8.871
10.42, -0.8000, -9.685
10.43, -0.8000, -10.07
10.44, -0.8000, -10.72
10.45, -0.8000, -9.456
10.46, -0.8000, -10.74
10.47, -0.8000, -9.436
10.48, -0.8000, -9.216
10.49, -0.8000, -9.855
10.50, -0.8000, -9.587
10.51, -0.8000, -8.675
10.52, -0.8000, -10.88
10.53, -0.8000, -8.622
10.54, -0.8000, -9.605
10.55, -0.8000, -10.16
10.56, -0.8000, -8.414
10.57, -0.8000, -10.24
10.58, -0.8000, -9.408
10.59, -0.8000, -10.53
10.60, -0.8000, -9.940
10.61, -0.8000, -9.406
10.62, -0.8000, -9.425
10.63, -0.8000, -10.03
10.64, -0.8000, -9.217
10.65, -0.8000, -9.431
10.66, -0.8000, -9.617
10.67, -0.8000, -10.62
10.68, -0.8000, -11.53
10.69, -0.8000, -9.618
10.70, -0.8000, -9.657
10.71, -0.8000, -10.56
10.72, -0.8000, -10.05
10.73, -0.8000, -9.762
10.74, -0.8000, -9.980
10.75, -0.8000, -8.777
10.76, -0.8000, -8.238
10.77, -0.8000, -10.41
10.78, -0.8000, -9.146
10.79, -0.8000, -9.713
10.80, -0.8000, -10.65
10.81, -0.8000, -9.424
10.82, -0.8000, -9.612
10.83, -0.8000, -11.27
10.84, -0.8000, -9.268
10.85, -0.8000, -9.762
10.86, -0.8000, -10.37
10.87, -0.8000, -8.963
10.88, -0.8000, -9.824
10.89, -0.8000, -8.874
10.90, -0.8000, -10.08
10.91, -0.8000, -10.32
10.92, -0.8000, -10.99
10.93, -0.8000, -9.497
10.94, -0.8000, -9.968
10.95, -0.8000, -9.899
10.96, -0.8000, -9.179
10.97, -0.8000, -11.62
10.98, -0.8000, -9.283
10.99, -0.8000, -10.71
11.00, -0.8000, -9.984
11.01, -0.8000, -9.068
11.02, -0.8000, -10.11
11.03, -0.8000, -9.524
11.04, -0.8000, -9.362
11.05, -0.8000, -10.44
11.06, -0.8000, -9.408
11.07, -0.8000, -10.16
11.08, -0.8000, -10.28
11.09, -0.8000, -9.673
11.10, -0.8000, -10.26
11.11, -0.8000, -9.979
11.12, -0.8000, -10.82
11.13, -0.8000, -10.16
11.14, -0.8000, -10.39
11.15, -0.8000, -9.995
11.16, -0.8000, -9.395
11.17, -0.8000, -9.457
11.18, -0.8000, -9.645
11.19, -0.8000, -9.801
11.20, -0.8000, -8.482
11.21, -0.8000, -9.233
11.22, -0.8000, -10.59
11.23, -0.8000, -9.184
11.24, -0.8000, -8.188
11.25, -0.8000, -10.28
11.26, -0.8000, -10.00
11.27, -0.8000, -9.588
11.28, -0.8000, -10.94
11.29, -0.8000, -9.160
11.30, -0.8000, -11.28
11.31, -0.8000, -10.43
11.32, -0.8000, -9.681
11.33, -0.8000, -11.07
11.34, -0.8000, -10.61
11.35, -0.8000, -10.63
11.36, -0.8000, -10.39
11.37, -0.8000, -9.459
11.38, -0.8000, -9.145
11.39, -0.8000, -9.923
11.40, -0.8000, -10.52
11.41, -0.8000, -9.966
11.42, -0.8000, -9.781
11.43, -0.8000, -11.24
11.44, -0.8000, -10.44
11.45, -0.8000, -10.74
11.46, -0.8000, -9.847
11.47, -0.8000, -10.02
11.48, -0.8000, -8.932
11.49, -0.8000, -10.50
11.50, -0.8000, -10.83
11.51, -0.8000, -10.29
11.52, -0.8000, -9.404
11.53, -0.8000, -10.74
11.54, -0.8000, -9.389
11.55, -0.8000, -9.803
11.56, -0.8000, -10.45
11.57, -0.8000, -10.50
11.58, -0.8000, -9.865
11.59, -0.8000, -8.804
11.60, -0.8000, -9.701
11.61, -0.8000, -10.42
11.62, -0.8000, -9.175
11.63, -0.8000, -9.680
11.64, -0.8000, -9.926
11.65, -0.8000, -9.950
11.66, -0.8000, -9.298
11.67, -0.8000, -10.06
11.68, -0.8000, -10.15
11.69, -0.8000, -10.51
11.70, -0.8000, -9.839
11.71, -0.8000, -10.81
11.72, -0.8000, -9.801
11.73, -0.8000, -10.29
11.74, -0.8000, -11.73
11.75, -0.8000, -9.940
11.76, -0.8000, -8.980
11.77, -0.8000, -10.21
11.78, -0.8000, -10.31
11.79, -0.8000, -10.73
11.80, -0.8000, -10.51
11.81, -0.8000, -9.993
11.82, -0.8000, -10.02
11.83, -0.8000, -10.95
11.84, -0.8000, -8.834
11.85, -0.8000, -11.03
11.86, -0.8000, -10.15
11.87, -0.8000, -9.762
11.88, -0.8000, -11.23
11.89, -0.8000, -9.586
11.90, -0.8000, -9.631
11.91, -0.8000, -10.43
11.92, -0.8000, -9.569
11.93, -0.8000, -10.70
11.94, -0.8000, -9.434
11.95, -0.8000, -11.97
11.96, -0.8000, -9.815
11.97, -0.8000, -9.578
11.98, -0.8000, -10.46
11.99, -0.8000, -9.865
12.00, -0.8000, -9.103
12.01, -0.8000, -10.30
12.02, -0.8000, -9.854
12.03, -0.8000, -9.515
12.04, -0.8000, -11.06
12.05, -0.8000, -9.988
12.06, -0.8000, -9.334
12.07, -0.8000, -9.607
12.08, -0.8000, -10.16
12.09, -0.8000, -9.747
12.10, -0.8000, -9.705
12.11, -0.8000, -9.841
12.12, -0.8000, -9.646
12.13, -0.8000, -9.200
12.14, -0.8000, -9.801
12.15, -0.8000, -10.84
12.16, -0.8000, -9.668
12.17, -0.8000, -10.22
12.18, -0.8000, -10.13
12.19, -0.8000, -10.35
12.20, -0.8000, -8.843
12.21, -0.8000, -11.73
12.22, -0.8000, -9.515
12.23, -0.8000, -9.060
12.24, -0.8000, -10.36
12.25, -0.8000, -10.21
12.26, -0.8000, -10.12
12.27, -0.8000, -11.43
12.28, -0.8000, -9.225
12.29, -0.8000, -9.095
12.30, -0.8000, -10.32
12.31, -0.8000, -10.13
12.32, -0.8000, -9.567
12.33, -0.8000, -10.98
12.34, -0.8000, -9.768
12.35, -0.8000, -9.524
12.36, -0.8000, -10.61
12.37, -0.8000, -10.61
12.38, -0.8000, -10.60
12.39, -0.8000, -9.672
12.40, -0.8000, -10.86
12.41, -0.8000, -10.45
12.42, -0.8000, -8.939
12.43, -0.8000, -10.21
12.44, -0.8000, -11.48
12.45, -0.8000, -11.01
12.46, -0.8000, -10.57
12.47, -0.8000, -10.59
12.48, -0.8000, -10.34
12.49, -0.8000, -10.70
12.50, -0.8000, -10.32
12.51, -0.8000, -10.03
12.52, -0.8000, -9.756
12.53, -0.8000, -9.446
12.54, -0.8000, -10.39
12.55, -0.8000, -9.706
12.56, -0.8000, -9.892
12.57, -0.8000, -10.23
12.58, -0.8000, -11.48
12.59, -0.8000, -10.79
12.60, -0.8000, -10.19
12.61, -0.8000, -10.80
12.62, -0.8000, -9.940
12.63, -0.8000, -9.552
12.64, -0.8000, -10.74
12.65, -0.8000, -9.891
12.66, -0.8000, -9.385
12.67, -0.8000, -10.48
12.68, -0.8000, -10.20
12.69, -0.8000, -9.505
12.70, -0.8000, -10.35
12.71, -0.8000, -9.454
12.72, -0.8000, -10.13
12.73, -0.8000, -10.34
12.74, -0.8000, -10.49
12.75, -0.8000, -9.473
12.76, -0.8000, -10.92
12.77, -0.8000, -9.102
12.78, -0.8000, -11.35
12.79, -0.8000, -10.05
12.80, -0.8000, -11.00
12.81, -0.8000, -9.693
12.82, -0.8000, -10.98
12.83, -0.8000, -9.913
12.84, -0.8000, -10.26
12.85, -0.8000, -11.07
12.86, -0.8000, -8.861
12.87, -0.8000, -9.341
12.88, -0.8000, -11.90
12.89, -0.8000, -10.03
12.90, -0.8000, -10.17
12.91, -0.8000, -10.17
12.92, -0.8000, -9.819
12.93, -0.8000, -9.590
12.94, -0.8000, -11.21
12.95, -0.8000, -10.24
12.96, -0.8000, -11.82
12.97, -0.8000, -9.724
12.98, -0.8000, -9.789
12.99, -0.8000, -9.733
13.00, -0.8000, -9.602
13.01, -0.8000, -9.222
13.02, -0.8000, -10.18
13.03, -0.8000, -10.74
13.04, -0.8000, -10.13
13.05, -0.8000, -9.365
13.06, -0.8000, -8.811
13.07, -0.8000, -10.11
13.08, -0.8000, -9.205
13.09, -0.8000, -9.749
13.10, -0.8000, -9.484
13.11, -0.8000, -9.938
13.12, -0.8000, -12.35
13.13, -0.8000, -9.349
13.14, -0.8000, -11.71
13.15, -0.8000, -10.97
13.16, -0.8000, -9.777
13.17, -0.8000, -9.374
13.18, -0.8000, -10.11
13.19, -0.8000, -9.494
13.20, -0.8000, -10.89
13.21, -0.8000, -9.268
13.22, -0.8000, -9.465
13.23, -0.8000, -9.017
13.24, -0.8000, -9.464
13.25, -0.8000, -9.976
13.26, -0.8000, -10.20
13.27, -0.8000, -9.082
13.28, -0.8000, -9.255
13.29, -0.8000, -11.52
13.30, -0.8000, -11.01
13.31, -0.8000, -10.20
13.32, -0.8000, -9.778
13.33, -0.8000, -9.411
13.34, -0.8000, -9.243
13.35, -0.8000, -11.18
13.36, -0.8000, -10.77
13.37, -0.8000, -10.56
13.38, -0.8000, -11.84
13.39, -0.8000, -10.81
13.40, -0.8000, -10.24
13.41, -0.8000, -9.841
13.42, -0.8000, -10.19
13.43, -0.8000, -10.96
13.44, -0.8000, -10.64
13.45, -0.8000, -10.25
13.46, -0.8000, -9.040
13.47, -0.8000, -9.854
13.48, -0.8000, -10.34
13.49, -0.8000, -10.33
13.50, -0.8000, -8.909
13.51, -0.8000, -9.402
13.52, -0.8000, -10.93
13.53, -0.8000, -9.952
13.54, -0.8000, -10.01
13.55, -0.8000, -10.82
13.56, -0.8000, -10.14
13.57, -0.8000, -11.20
13.58, -0.8000, -9.941
13.59, -0.8000, -10.08
13.60, -0.8000, -9.589
13.61, -0.8000, -9.851
13.62, -0.8000, -10.29
13.63, -0.8000, -10.50
13.64, -0.8000, -10.10
13.65, -0.8000, -9.749
13.66, -0.8000, -9.713
13.67, -0.8000, -9.648
13.68, -0.8000, -10.72
13.69, -0.8000, -10.83
13.70, -0.8000, -9.299
13.71, -0.8000, -9.947
13.72, -0.8000, -10.75
13.73, -0.8000, -9.472
13.74, -0.8000, -9.038
13.75, -0.8000, -10.25
13.76, -0.8000, -10.14
13.77, -0.8000, -10.04
13.78, -0.8000, -11.15
13.79, -0.8000, -9.710
13.80, -0.8000, -9.266
13.81, -0.8000, -10.42
13.82, -0.8000, -10.07
13.83, -0.8000, -8.894
13.84, -0.8000, -9.549
13.85, -0.8000, -10.20
13.86, -0.8000, -10.57
13.87, -0.8000, -9.361
13.88, -0.8000, -9.682
13.89, -0.8000, -11.27
13.90, -0.8000, -10.01
13.91, -0.8000, -9.854
13.92, -0.8000, -10.36
13.93, -0.8000, -9.643
13.94, -0.8000, -9.432
13.95, -0.8000, -10.08
13.96, -0.8000, -11.02
13.97, -0.8000, -9.905
13.98, -0.8000, -10.15
13.99, -0.8000, -9.540
14.00, -0.8000, -10.71
14.01, -0.8000, -8.645
14.02, -0.8000, -9.617
14.03, -0.8000, -10.92
14.04, -0.8000, -10.20
14.05, -0.8000, -9.800
14.06, -0.8000, -11.15
14.07, -0.8000, -9.266
14.08, -0.8000, -9.104
14.09, -0.8000, -10.42
14.10, -0.8000, -9.901
14.11, -0.8000, -10.03
14.12, -0.8000, -9.856
14.13, -0.8000, -10.52
14.14, -0.8000, -11.77
14.15, -0.8000, -9.822
14.16, -0.8000, -10.07
14.17, -0.8000, -10.46
14.18, -0.8000, -10.54
14.19, -0.8000, -10.01
14.20, -0.8000, -8.929
14.21, -0.8000, -10.80
14.22, -0.8000, -10.45
14.23, -0.8000, -9.248
14.24, -0.8000, -9.696
14.25, -0.8000, -10.37
14.26, -0.8000, -8.547
14.27, -0.8000, -11.11
14.28, -0.8000, -10.35
14.29, -0.8000, -9.759
14.30, -0.8000, -10.26
14.31, -0.8000, -10.12
14.32, -0.8000, -10.13
14.33, -0.8000, -10.89
14.34, -0.8000, -9.250
14.35, -0.8000, -10.01
14.36, -0.8000, -10.30
14.37, -0.8000, -10.06
14.38, -0.8000, -9.990
14.39, -0.8000, -9.547
14.40, -0.8000, -11.36
14.41, -0.8000, -10.25
14.42, -0.8000, -10.71
14.43, -0.8000, -9.240
14.44, -0.8000, -10.80
14.45, -0.8000, -8.800
14.46, -0.8000, -9.182
14.47, -0.8000, -12.11
14.48, -0.8000, -9.028
14.49, -0.8000, -10.16
14.50, -0.8000, -9.997
14.51, -0.8000, -9.674
14.52, -0.8000, -10.13
14.53, -0.8000, -10.91
14.54, -0.8000, -9.237
14.55, -0.8000, -9.782
14.56, -0.8000, -10.03
14.57, -0.8000, -10.92
14.58, -0.8000, -9.217
14.59, -0.8000, -9.692
14.60, -0.8000, -8.897
14.61, -0.8000, -10.14
14.62, -0.8000, -9.081
14.63, -0.8000, -8.948
14.64, -0.8000, -10.89
14.65, -0.8000, -10.60
14.66, -0.8000, -8.430
14.67, -0.8000, -10.06
14.68, -0.8000, -9.706
14.69, -0.8000, -9.911
14.70, -0.8000, -8.758
14.71, -0.8000, -10.32
14.72, -0.8000, -10.81
14.73, -0.8000, -10.35
14.74, -0.8000, -9.675
14.75, -0.8000, -10.64
14.76, -0.8000, -9.557
14.77, -0.8000, -10.11
14.78, -0.8000, -8.722
14.79, -0.8000, -11.40
14.80, -0.8000, -11.25
14.81, -0.8000, -9.136
14.82, -0.8000, -8.988
14.83, -0.8000, -10.96
14.84, -0.8000, -10.09
14.85, -0.8000, -9.484
14.86, -0.8000, -11.09
14.87, -0.8000, -9.519
14.88, -0.8000, -9.890
14.89, -0.8000, -9.407
14.90, -0.8000, -10.54
14.91, -0.8000, -9.885
14.92, -0.8000, -8.763
14.93, -0.8000, -10.38
14.94, -0.8000, -12.18
14.95, -0.8000, -9.445
14.96, -0.8000, -10.18
14.97, -0.8000, -10.66
14.98, -0.8000, -9.269
14.99, -0.8000, -10.41
15.00, -0.8000, -9.437
15.01, -0.8000, -9.234
15.02, -0.8000, -10.34
15.03, -0.8000, -9.549
15.04, -0.8000, -10.27
15.05, -0.8000, -11.11
15.06, -0.8000, -9.320
15.07, -0.8000, -10.22
15.08, -0.8000, -11.44
15.09, -0.8000, -10.97
15.10, -0.8000, -10.47
15.11, -0.8000, -9.797
15.12, -0.8000, -9.245
15.13, -0.8000, -9.604
15.14, -0.8000, -9.741
15.15, -0.8000, -9.460
15.16, -0.8000, -10.59
15.17, -0.8000, -8.238
15.18, -0.8000, -10.05
15.19, -0.8000, -10.93
15.20, -0.8000, -9.792
15.21, -0.8000, -10.22
15.22, -0.8000, -10.24
15.23, -0.8000, -10.89
15.24, -0.8000, -9.369
15.25, -0.8000, -10.04
15.26, -0.8000, -9.633
15.27, -0.8000, -8.162
15.28, -0.8000, -10.30
15.29, -0.8000, -9.219
15.30, -0.8000, -10.30
15.31, -0.8000, -9.552
15.32, -0.8000, -10.29
15.33, -0.8000, -8.553
15.34, -0.8000, -8.460
15.35, -0.8000, -9.690
15.36, -0.8000, -9.879
15.37, -0.8000, -9.746
15.38, -0.8000, -9.687
15.39, -0.8000, -9.772
15.40, -0.8000, -10.04
15.41, -0.8000, -10.00
15.42, -0.8000, -11.66
15.43, -0.8000, -9.447
15.44, -0.8000, -11.24
15.45, -0.8000, -8.953
15.46, -0.8000, -9.071
15.47, -0.8000, -9.384
15.48, -0.8000, -9.194
15.49, -0.8000, -9.743
15.50, -0.8000, -8.577
15.51, -0.8000, -9.685
15.52, -0.8000, -10.62
15.53, -0.8000, -9.297
15.54, -0.8000, -10.96
15.55, -0.8000, -10.53
15.56, -0.8000, -8.797
15.57, -0.8000, -9.658
15.58, -0.8000, -9.941
15.59, -0.8000, -9.892
15.60, -0.8000, -9.226
15.61, -0.8000, -9.179
15.62, -0.8000, -9.406
15.63, -0.8000, -10.44
15.64, -0.8000, -9.218
15.65, -0.8000, -9.274
15.66, -0.8000, -9.595
15.67, -0.8000, -9.613
15.68, -0.8000, -9.731
15.69, -0.8000, -10.12
15.70, -0.8000, -9.075
15.71, -0.8000, -10.62
15.72, -0.8000, -10.29
15.73, -0.8000, -9.093
15.74, -0.8000, -10.88
15.75, -0.8000, -9.423
15.76, -0.8000, -9.845
15.77, -0.8000, -10.22
15.78, -0.8000, -8.706
15.79, -0.8000, -9.009
15.80, -0.8000, -9.181
15.81, -0.8000, -9.857
15.82, -0.8000, -9.932
15.83, -0.8000, -8.516
15.84, -0.8000, -9.139
15.85, -0.8000, -10.37
15.86, -0.8000, -10.06
15.87, -0.8000, -9.828
15.88, -0.8000, -9.368
15.89, -0.8000, -10.33
15.90, -0.8000, -8.909
15.91, -0.8000, -9.448
15.92, -0.8000, -9.798
15.93, -0.8000, -11.28
15.94, -0.8000, -10.36
15.95, -0.8000, -8.997
15.96, -0.8000, -11.33
15.97, -0.8000, -9.752
15.98, -0.8000, -8.581
15.99, -0.8000, -8.617
16.00, -0.8000, -8.695
16.01, -0.8000, -9.065
16.02, -0.8000, -9.327
16.03, -0.8000, -10.78
16.04, -0.8000, -9.926
16.05, -0.8000, -9.362
16.06, -0.8000, -9.372
16.07, -0.8000, -10.06
16.08, -0.8000, -9.776
16.09, -0.8000, -9.879
16.10, -0.8000, -10.03
16.11, -0.8000, -8.421
16.12, -0.8000, -9.934
16.13, -0.8000, -9.612
16.14, -0.8000, -9.417
16.15, -0.8000, -10.55
16.16, -0.8000, -10.48
16.17, -0.8000, -9.532
16.18, -0.8000, -10.22
16.19, -0.8000, -8.802
16.20, -0.8000, -10.62
16.21, -0.8000, -9.049
16.22, -0.8000, -9.967
16.23, -0.8000, -10.93
16.24, -0.8000, -9.687
16.25, -0.8000, -10.31
16.26, -0.8000, -10.46
16.27, -0.8000, -10.23
16.28, -0.8000, -10.70
16.29, -0.8000, -9.993
16.30, -0.8000, -10.49
16.31, -0.8000, -10.26
16.32, -0.8000, -11.09
16.33, -0.8000, -9.524
16.34, -0.8000, -9.541
16.35, -0.8000, -8.860
16.36, -0.8000, -9.036
16.37, -0.8000, -9.525
16.38, -0.8000, -8.959
16.39, -0.8000, -9.927
16.40, -0.8000, -9.020
16.41, -0.8000, -10.07
16.42, -0.8000, -10.23
16.43, -0.8000, -9.384
16.44, -0.8000, -10.05
16.45, -0.8000, -10.33
16.46, -0.8000, -9.611
16.47, -0.8000, -9.698
16.48, -0.8000, -9.645
16.49, -0.8000, -10.35
16.50, -0.8000, -10.30
16.51, -0.8000, -8.394
16.52, -0.8000, -9.362
16.53, -0.8000, -8.757
16.54, -0.8000, -9.217
16.55, -0.8000, -9.633
16.56, -0.8000, -8.039
16.57, -0.8000, -9.744
16.58, -0.8000, -11.79
16.59, -0.8000, -8.885
16.60, -0.8000, -8.668
16.61, -0.8000, -10.48
16.62, -0.8000, -9.563
16.63, -0.8000, -10.06
16.64, -0.8000, -9.911
16.65, -0.8000, -9.996
16.66, -0.8000, -9.625
16.67, -0.8000, -8.527
16.68, -0.8000, -9.686
16.69, -0.8000, -10.71
16.70, -0.8000, -11.28
16.71, -0.8000, -9.866
16.72, -0.8000, -10.25
16.73, -0.8000, -9.057
16.74, -0.8000, -8.896
16.75, -0.8000, -10.90
16.76, -0.8000, -10.64
16.77, -0.8000, -9.414
16.78, -0.8000, -11.54
16.79, -0.8000, -9.938
16.80, -0.8000, -10.42
16.81, -0.8000, -9.640
16.82, -0.8000, -9.827
16.83, -0.8000, -9.840
16.84, -0.8000, -9.964
16.85, -0.8000, -10.20
16.86, -0.8000, -9.862
16.87, -0.8000, -10.24
16.88, -0.8000, -9.161
16.89, -0.8000, -9.085
16.90, -0.8000, -10.23
16.91, -0.8000, -10.13
16.92, -0.8000, -9.783
16.93, -0.8000, -9.648
16.94, -0.8000, -10.84
16.95, -0.8000, -9.663
16.96, -0.8000, -10.04
16.97, -0.8000, -9.685
16.98, -0.8000, -9.645
16.99, -0.8000, -9.766
17.00, -0.8000, -9.413
17.01, -0.8000, -8.626
17.02, -0.8000, -10.16
17.03, -0.8000, -9.846
17.04, -0.8000, -9.558
17.05, -0.8000, -8.931
17.06, -0.8000, -9.318
17.07, -0.8000, -9.485
17.08, -0.8000, -8.858
17.09, -0.8000, -9.518
17.10, -0.8000, -10.49
17.11, -0.8000, -9.279
17.12, -0.8000, -9.236
17.13, -0.8000, -9.203
17.14, -0.8000, -9.645
17.15, -0.8000, -9.876
17.16, -0.8000, -8.915
17.17, -0.8000, -8.884
17.18, -0.8000, -9.423
17.19, -0.8000, -8.633
17.20, -0.8000, -9.011
17.21, -0.8000, -10.16
17.22, -0.8000, -9.473
17.23, -0.8000, -9.138
17.24, -0.8000, -10.37
17.25, -0.8000, -9.858
17.26, -0.8000, -9.823
17.27, -0.8000, -10.77
17.28, -0.8000, -10.05
17.29, -0.8000, -9.144
17.30, -0.8000, -9.998
17.31, -0.8000, -9.717
17.32, -0.8000, -8.719
17.33, -0.8000, -10.21
17.34, -0.8000, -10.38
17.35, -0.8000, -8.827
17.36, -0.8000, -8.911
17.37, -0.8000, -9.378
17.38, -0.8000, -9.838
17.39, -0.8000, -9.029
17.40, -0.8000, -8.826
17.41, -0.8000, -9.656
17.42, -0.8000, -9.560
17.43, -0.8000, -8.753
17.44, -0.8000, -11.04
17.45, -0.8000, -10.14
17.46, -0.8000, -9.310
17.47, -0.8000, -8.094
17.48, -0.8000, -9.445
17.49, -0.8000, -10.69
17.50, -0.8000, -9.039
17.51, -0.8000, -10.56
17.52, -0.8000, -11.17
17.53, -0.8000, -8.491
17.54, -0.8000, -9.220
17.55, -0.8000, -10.08
17.56, -0.8000, -9.096
17.57, -0.8000, -8.704
17.58, -0.8000, -9.337
17.59, -0.8000, -8.620
17.60, -0.8000, -9.279
17.61, -0.8000, -8.257
17.62, -0.8000, -9.894
17.63, -0.8000, -11.78
17.64, -0.8000, -7.955
17.65, -0.8000, -9.555
17.66, -0.8000, -9.477
17.67, -0.8000, -9.163
17.68, -0.8000, -9.663
17.69, -0.8000, -8.970
17.70, -0.8000, -8.753
17.71, -0.8000, -9.521
17.72, -0.8000, -8.841
17.73, -0.8000, -8.811
17.74, -0.8000, -9.356
17.75, -0.8000, -8.318
17.76, -0.8000, -8.733
17.77, -0.8000, -11.44
17.78, -0.8000, -9.935
17.79, -0.8000, -8.614
17.80, -0.8000, -9.635
17.81, -0.8000, -9.008
17.82, -0.8000, -9.483
17.83, -0.8000, -9.834
17.84, -0.8000, -9.289
17.85, -0.8000, -9.403
17.86, -0.8000, -8.557
17.87, -0.8000, -9.170
17.88, -0.8000, -9.902
17.89, -0.8000, -8.695
17.90, -0.8000, -8.835
17.91, -0.8000, -9.751
17.92, -0.8000, -9.941
17.93, -0.8000, -9.425
17.94, -0.8000, -9.700
17.95, -0.8000, -10.12
17.96, -0.8000, -9.875
17.97, -0.8000, -8.857
17.98, -0.8000, -9.476
17.99, -0.8000, -9.247
18.00, -0.8000, -8.674
18.01, -0.8000, -9.379
18.02, -0.8000, -10.23
18.03, -0.8000, -9.598
18.04, -0.8000, -9.716
18.05, -0.8000, -8.699
18.06, -0.8000, -9.181
18.07, -0.8000, -9.738
18.08, -0.8000, -8.927
18.09, -0.8000, -9.022
18.10, -0.8000, -10.22
18.11, -0.8000, -9.172
18.12, -0.8000, -8.220
18.13, -0.8000, -10.45
18.14, -0.8000, -9.596
18.15, -0.8000, -9.498
18.16, -0.8000, -10.02
18.17, -0.8000, -8.909
18.18, -0.8000, -10.65
18.19, -0.8000, -8.377
18.20, -0.8000, -8.894
18.21, -0.8000, -10.75
18.22, -0.8000, -9.152
18.23, -0.8000, -8.053
18.24, -0.8000, -9.939
18.25, -0.8000, -9.611
18.26, -0.8000, -9.732
18.27, -0.8000, -10.04
18.28, -0.8000, -9.295
18.29, -0.8000, -9.133
18.30, -0.8000, -8.102
18.31, -0.8000, -8.921
18.32, -0.8000, -9.493
18.33, -0.8000, -8.540
18.34, -0.8000, -10.45
18.35, -0.8000, -9.327
18.36, -0.8000, -9.302
18.37, -0.8000, -9.773
18.38, -0.8000, -8.727
18.39, -0.8000, -9.507
18.40, -0.8000, -11.17
18.41, -0.8000, -9.221
18.42, -0.8000, -9.842
18.43, -0.8000, -8.859
18.44, -0.8000, -9.499
18.45, -0.8000, -9.787
18.46, -0.8000, -9.229
18.47, -0.8000, -9.505
18.48, -0.8000, -9.926
18.49, -0.8000, -10.53
18.50, -0.8000, -8.962
18.51, -0.8000, -9.428
18.52, -0.8000, -9.403
18.53, -0.8000, -9.707
18.54, -0.8000, -9.094
18.55, -0.8000, -9.419
18.56, -0.8000, -8.710
18.57, -0.8000, -9.694
18.58, -0.8000, -9.872
18.59, -0.8000, -10.31
18.60, -0.8000, -9.013
18.61, -0.8000, -8.588
18.62, -0.8000, -9.324
18.63, -0.8000, -10.19
18.64, -0.8000, -8.630
18.65, -0.8000, -9.119
18.66, -0.8000, -8.498
18.67, -0.8000, -9.090
18.68, -0.8000, -11.02
18.69, -0.8000, -9.683
18.70, -0.8000, -9.432
18.71, -0.8000, -9.824
18.72, -0.8000, -9.794
18.73, -0.8000, -10.43
18.74, -0.8000, -8.394
18.75, -0.8000, -9.122
18.76, -0.8000, -10.46
18.77, -0.8000, -9.509
18.78, -0.8000, -9.389
18.79, -0.8000, -9.475
18.80, -0.8000, -9.087
18.81, -0.8000, -10.12
18.82, -0.8000, -8.432
18.83, -0.8000, -9.021
18.84, -0.8000, -10.11
18.85, -0.8000, -8.850
18.86, -0.8000, -8.386
18.87, -0.8000, -10.68
18.88, -0.8000, -8.730
18.89, -0.8000, -8.981
18.90, -0.8000, -9.500
18.91, -0.8000, -8.613
18.92, -0.8000, -8.551
18.93, -0.8000, -9.673
18.94, -0.8000, -8.326
18.95, -0.8000, -9.612
18.96, -0.8000, -8.745
18.97, -0.8000, -8.311
18.98, -0.8000, -10.22
18.99, -0.8000, -9.656
19.00, -0.8000, -8.962
19.01, -0.8000, -9.810
19.02, -0.8000, -9.072
19.03, -0.8000, -9.856
19.04, -0.8000, -8.738
19.05, -0.8000, -9.553
19.06, -0.8000, -10.37
19.07, -0.8000, -9.122
19.08, -0.8000, -10.47
19.09, -0.8000, -8.216
19.10, -0.8000, -9.050
19.11, -0.8000, -9.848
19.12, -0.8000, -9.897
19.13, -0.8000, -8.778
19.14, -0.8000, -8.472
19.15, -0.8000, -8.729
19.16, -0.8000, -10.51
19.17, -0.8000, -9.692
19.18, -0.8000, -8.944
19.19, -0.8000, -8.508
19.20, -0.8000, -9.191
19.21, -0.8000, -9.983
19.22, -0.8000, -9.385
19.23, -0.8000, -8.998
19.24, -0.8000, -10.27
19.25, -0.8000, -8.588
19.26, -0.8000, -9.420
19.27, -0.8000, -8.684
19.28, -0.8000, -9.027
19.29, -0.8000, -10.11
19.30, -0.8000, -9.263
19.31, -0.8000, -8.686
19.32, -0.8000, -9.119
19.33, -0.8000, -8.575
19.34, -0.8000, -8.394
19.35, -0.8000, -8.551
19.36, -0.8000, -9.357
19.37, -0.8000, -9.475
19.38, -0.8000, -8.893
19.39, -0.8000, -8.704
19.40, -0.8000, -10.15
19.41, -0.8000, -9.454
19.42, -0.8000, -9.558
19.43, -0.8000, -8.563
19.44, -0.8000, -9.138
19.45, -0.8000, -11.39
19.46, -0.8000, -9.878
19.47, -0.8000, -8.918
19.48, -0.8000, -8.710
19.49, -0.8000, -9.419
19.50, -0.8000, -11.04
19.51, -0.8000, -9.238
19.52, -0.8000, -9.042
19.53, -0.8000, -8.723
19.54, -0.8000, -8.425
19.55, -0.8000, -10.77
19.56, -0.8000, -9.343
19.57, -0.8000, -8.262
19.58, -0.8000, -7.827
19.59, -0.8000, -9.603
19.60, -0.8000, -9.800
19.61, -0.8000, -8.398
19.62, -0.8000, -8.162
19.63, -0.8000, -8.582
19.64, -0.8000, -8.076
19.65, -0.8000, -10.45
19.66, -0.8000, -10.30
19.67, -0.8000, -9.311
19.68, -0.8000, -8.687
19.69, -0.8000, -10.00
19.70, -0.8000, -8.998
19.71, -0.8000, -8.650
19.72, -0.8000, -9.529
19.73, -0.8000, -10.11
19.74, -0.8000, -9.409
19.75, -0.8000, -9.147
19.76, -0.8000, -8.144
19.77, -0.8000, -9.828
19.78, -0.8000, -11.54
19.79, -0.8000, -8.411
19.80, -0.8000, -9.911
19.81, -0.8000, -10.16
19.82, -0.8000, -9.794
19.83, -0.8000, -9.358
19.84, -0.8000, -8.139
19.85, -0.8000, -9.745
19.86, -0.8000, -9.518
19.87, -0.8000, -8.926
19.88, -0.8000, -9.025
19.89, -0.8000, -8.158
19.90, -0.8000, -9.272
19.91, -0.8000, -9.869
19.92, -0.8000, -9.571
19.93, -0.8000, -9.325
19.94, -0.8000, -8.656
19.95, -0.8000, -9.634
19.96, -0.8000, -10.33
19.97, -0.8000, -10.04
19.98, -0.8000, -9.090
19.99, -0.8000, -9.763
20.00, -0.8000, -8.463
20.01, -0.8000, -9.899
20.02, -0.8000, -8.416
20.03, -0.8000, -8.918
20.04, -0.8000, -8.942
20.05, -0.8000, -10.21
20.06, -0.8000, -9.788
20.07, -0.8000, -7.794
20.08, -0.8000, -9.497
20.09, -0.8000, -10.07
20.10, -0.8000, -9.171
20.11, -0.8000, -8.731
20.12, -0.8000, -9.042
20.13, -0.8000, -8.386
20.14, -0.8000, -10.04
20.15, -0.8000, -7.685
20.16, -0.8000, -8.431
20.17, -0.8000, -9.328
20.18, -0.8000, -8.868
20.19, -0.8000, -9.262
20.20, -0.8000, -8.368
20.21, -0.8000, -8.275
20.22, -0.8000, -9.393
20.23, -0.8000, -8.717
20.24, -0.8000, -8.202
20.25, -0.8000, -9.798
20.26, -0.8000, -10.17
20.27, -0.8000, -9.016
20.28, -0.8000, -10.23
20.29, -0.8000, -8.316
20.30, -0.8000, -8.886
20.31, -0.8000, -9.070
20.32, -0.8000, -8.648
20.33, -0.8000, -7.870
20.34, -0.8000, -8.878
20.35, -0.8000, -10.01
20.36, -0.8000, -8.917
20.37, -0.8000, -8.346
20.38, -0.8000, -8.434
20.39, -0.8000, -7.987
20.40, -0.8000, -9.640
20.41, -0.8000, -8.568
20.42, -0.8000, -9.382
20.43, -0.8000, -9.546
20.44, -0.8000, -9.405
20.45, -0.8000, -8.619
20.46, -0.8000, -8.329
20.47, -0.8000, -10.15
20.48, -0.8000, -8.704
20.49, -0.8000, -8.467
20.50, -0.8000, -8.569
20.51, -0.8000, -8.644
20.52, -0.8000, -9.422
20.53, -0.8000, -7.872
20.54, -0.8000, -8.864
20.55, -0.8000, -8.077
20.56, -0.8000, -8.709
20.57, -0.8000, -9.517
20.58, -0.8000, -9.181
20.59, -0.8000, -9.110
20.60, -0.8000, -7.413
20.61, -0.8000, -9.745
20.62, -0.8000, -9.147
20.63, -0.8000, -9.407
20.64, -0.8000, -7.744
20.65, -0.8000, -8.903
20.66, -0.8000, -8.782
20.67, -0.8000, -9.678
20.68, -0.8000, -8.124
20.69, -0.8000, -8.859
20.70, -0.8000, -8.797
20.71, -0.8000, -8.999
20.72, -0.8000, -8.060
20.73, -0.8000, -10.13
20.74, -0.8000, -8.739
20.75, -0.8000, -8.857
20.76, -0.8000, -9.499
20.77, -0.8000, -9.148
20.78, -0.8000, -7.879
20.79, -0.8000, -9.352
20.80, -0.8000, -9.659
20.81, -0.8000, -8.253
20.82, -0.8000, -8.476
20.83, -0.8000, -8.930
20.84, -0.8000, -8.282
20.85, -0.8000, -8.896
20.86, -0.8000, -9.479
20.87, -0.8000, -8.768
20.88, -0.8000, -9.241
20.89, -0.8000, -9.661
20.90, -0.8000, -7.915
20.91, -0.8000, -7.421
20.92, -0.8000, -8.950
20.93, -0.8000, -8.862
20.94, -0.8000, -9.540
20.95, -0.8000, -8.292
20.96, -0.8000, -8.995
20.97, -0.8000, -10.43
20.98, -0.8000, -8.603
20.99, -0.8000, -9.422
21.00, -0.8000, -8.746
21.01, -0.8000, -8.553
21.02, -0.8000, -8.159
21.03, -0.8000, -9.813
21.04, -0.8000, -9.262
21.05, -0.8000, -10.22
21.06, -0.8000, -9.831
21.07, -0.8000, -10.14
21.08, -0.8000, -9.540
21.09, -0.8000, -8.992
21.10, -0.8000, -9.420
21.11, -0.8000, -9.320
21.12, -0.8000, -8.892
21.13, -0.8000, -8.475
21.14, -0.8000, -9.464
21.15, -0.8000, -9.690
21.16, -0.8000, -8.734
21.17, -0.8000, -8.325
21.18, -0.8000, -8.840
21.19, -0.8000, -9.046
21.20, -0.8000, -8.582
21.21, -0.8000, -9.206
21.22, -0.8000, -8.799
21.23, -0.8000, -7.288
21.24, -0.8000, -8.659
21.25, -0.8000, -10.37
21.26, -0.8000, -9.670
21.27, -0.8000, -9.080
21.28, -0.8000, -8.310
21.29, -0.8000, -8.976
21.30, -0.8000, -9.269
21.31, -0.8000, -7.896
21.32, -0.8000, -8.599
21.33, -0.8000, -10.32
21.34, -0.8000, -7.981
21.35, -0.8000, -8.152
21.36, -0.8000, -9.818
21.37, -0.8000, -8.239
21.38, -0.8000, -9.392
21.39, -0.8000, -8.859
21.40, -0.8000, -8.459
21.41, -0.8000, -8.468
21.42, -0.8000, -8.819
21.43, -0.8000, -8.411
21.44, -0.8000, -9.727
21.45, -0.8000, -8.507
21.46, -0.8000, -8.607
21.47, -0.8000, -9.491
21.48, -0.8000, -7.928
21.49, -0.8000, -8.574
21.50, -0.8000, -9.069
21.51, -0.8000, -7.123
21.52, -0.8000, -7.572
21.53, -0.8000, -9.140
21.54, -0.8000, -8.037
21.55, -0.8000, -8.584
21.56, -0.8000, -9.065
21.57, -0.8000, -8.762
21.58, -0.8000, -7.944
21.59, -0.8000, -7.580
21.60, -0.8000, -8.652
21.61, -0.8000, -11.03
21.62, -0.8000, -7.741
21.63, -0.8000, -8.363
21.64, -0.8000, -9.409
21.65, -0.8000, -8.766
21.66, -0.8000, -7.606
21.67, -0.8000, -8.987
21.68, -0.8000, -8.864
21.69, -0.8000, -8.560
21.70, -0.8000, -8.403
21.71, -0.8000, -8.842
21.72, -0.8000, -9.627
21.73, -0.8000, -8.078
21.74, -0.8000, -8.047
21.75, -0.8000, -7.733
21.76, -0.8000, -7.858
21.77, -0.8000, -8.374
21.78, -0.8000, -10.35
21.79, -0.8000, -9.099
21.80, -0.8000, -8.344
21.81, -0.8000, -9.636
21.82, -0.8000, -9.000
21.83, -0.8000, -9.001
21.84, -0.8000, -9.149
21.85, -0.8000, -8.519
21.86, -0.8000, -8.691
21.87, -0.8000, -9.544
21.88, -0.8000, -8.000
21.89, -0.8000, -7.804
21.90, -0.8000, -8.769
21.91, -0.8000, -8.820
21.92, -0.8000, -7.528
21.93, -0.8000, -8.959
21.94, -0.8000, -8.563
21.95, -0.8000, -9.576
21.96, -0.8000, -7.639
21.97, -0.8000, -8.260
21.98, -0.8000, -9.482
21.99, -0.8000, -9.336
22.00, -0.8000, -7.280
22.01, -0.8000, -10.05
22.02, -0.8000, -9.186
22.03, -0.8000, -9.170
22.04, -0.8000, -7.174
22.05, -0.8000, -8.908
22.06, -0.8000, -9.212
22.07, -0.8000, -9.657
22.08, -0.8000, -8.300
22.09, -0.8000, -8.069
22.10, -0.8000, -8.240
22.11, -0.8000, -8.192
22.12, -0.8000, -8.486
22.13, -0.8000, -8.377
22.14, -0.8000, -9.924
22.15, -0.8000, -8.345
22.16, -0.8000, -6.722
22.17, -0.8000, -9.466
22.18, -0.8000, -9.426
22.19, -0.8000, -9.189
22.20, -0.8000, -8.357
22.21, -0.8000, -8.128
22.22, -0.8000, -8.754
22.23, -0.8000, -8.668
22.24, -0.8000, -10.14
22.25, -0.8000, -9.650
22.26, -0.8000, -7.832
22.27, -0.8000, -8.582
22.28, -0.8000, -9.088
22.29, -0.8000, -9.080
22.30, -0.8000, -9.138
22.31, -0.8000, -9.108
22.32, -0.8000, -9.235
22.33, -0.8000, -9.170
22.34, -0.8000, -10.40
22.35, -0.8000, -7.893
22.36, -0.8000, -8.690
22.37, -0.8000, -9.336
22.38, -0.8000, -8.355
22.39, -0.8000, -9.039
22.40, -0.8000, -10.04
22.41, -0.8000, -7.736
22.42, -0.8000, -8.568
22.43, -0.8000, -8.349
22.44, -0.8000, -8.410
22.45, -0.8000, -8.145
22.46, -0.8000, -8.853
22.47, -0.8000, -8.834
22.48, -0.8000, -7.499
22.49, -0.8000, -8.511
22.50, -0.8000, -9.659
22.51, -0.8000, -7.003
22.52, -0.8000, -8.673
22.53, -0.8000, -9.406
22.54, -0.8000, -7.436
22.55, -0.8000, -8.076
22.56, -0.8000, -9.391
22.57, -0.8000, -10.13
22.58, -0.8000, -8.019
22.59, -0.8000, -10.12
22.60, -0.8000, -7.556
22.61, -0.8000, -7.856
22.62, -0.8000, -9.168
22.63, -0.8000, -9.055
22.64, -0.8000, -8.209
22.65, -0.8000, -7.903
22.66, -0.8000, -10.47
22.67, -0.8000, -8.914
22.68, -0.8000, -8.529
22.69, -0.8000, -9.465
22.70, -0.8000, -9.192
22.71, -0.8000, -8.520
22.72, -0.8000, -8.087
22.73, -0.8000, -8.362
22.74, -0.8000, -8.121
22.75, -0.8000, -8.704
22.76, -0.8000, -9.388
22.77, -0.8000, -9.047
22.78, -0.8000, -7.869
22.79, -0.8000, -9.715
22.80, -0.8000, -8.014
22.81, -0.8000, -8.095
22.82, -0.8000, -9.362
22.83, -0.8000, -8.834
22.84, -0.8000, -6.777
22.85, -0.8000, -9.464
22.86, -0.8000, -8.155
22.87, -0.8000, -8.051
22.88, -0.8000, -8.625
22.89, -0.8000, -7.403
22.90, -0.8000, -9.581
22.91, -0.8000, -8.516
22.92, -0.8000, -9.521
22.93, -0.8000, -9.047
22.94, -0.8000, -8.436
22.95, -0.8000, -8.643
22.96, -0.8000, -8.660
22.97, -0.8000, -9.753
22.98, -0.8000, -8.099
22.99, -0.8000, -7.402
23.00, -0.8000, -8.509
23.01, -0.8000, -9.438
23.02, -0.8000, -8.235
23.03, -0.8000, -7.773
23.04, -0.8000, -8.857
23.05, -0.8000, -9.092
23.06, -0.8000, -9.054
23.07, -0.8000, -10.44
23.08, -0.8000, -8.903
23.09, -0.8000, -8.663
23.10, -0.8000, -8.086
23.11, -0.8000, -7.684
23.12, -0.8000, -8.065
23.13, -0.8000, -9.402
23.14, -0.8000, -7.809
23.15, -0.8000, -7.999
23.16, -0.8000, -8.462
23.17, -0.8000, -8.463
23.18, -0.8000, -8.569
23.19, -0.8000, -8.688
23.20, -0.8000, -8.448
23.21, -0.8000, -8.624
23.22, -0.8000, -8.364
23.23, -0.8000, -9.350
23.24, -0.8000, -8.753
23.25, -0.8000, -10.50
23.26, -0.8000, -7.837
23.27, -0.8000, -9.789
23.28, -0.8000, -8.605
23.29, -0.8000, -9.061
23.30, -0.8000, -9.158
23.31, -0.8000, -8.099
23.32, -0.8000, -7.888
23.33, -0.8000, -9.223
23.34, -0.8000, -8.969
23.35, -0.8000, -8.955
23.36, -0.8000, -8.891
23.37, -0.8000, -7.007
23.38, -0.8000, -7.882
23.39, -0.8000, -9.502
23.40, -0.8000, -8.604
23.41, -0.8000, -7.799
23.42, -0.8000, -8.821
23.43, -0.8000, -8.530
23.44, -0.8000, -7.975
23.45, -0.8000, -10.01
23.46, -0.8000, -8.851
23.47, -0.8000, -8.014
23.48, -0.8000, -8.933
23.49, -0.8000, -8.579
23.50, -0.8000, -8.400
23.51, -0.8000, -8.875
23.52, -0.8000, -9.089
23.53, -0.8000, -8.455
23.54, -0.8000, -8.935
23.55, -0.8000, -9.845
23.56, -0.8000, -7.943
23.57, -0.8000, -7.733
23.58, -0.8000, -8.134
23.59, -0.8000, -8.785
23.60, -0.8000, -7.843
23.61, -0.8000, -9.087
23.62, -0.8000, -8.890
23.63, -0.8000, -8.323
23.64, -0.8000, -7.825
23.65, -0.8000, -9.125
23.66, -0.8000, -8.418
23.67, -0.8000, -8.345
23.68, -0.8000, -7.026
23.69, -0.8000, -7.384
23.70, -0.8000, -10.30
23.71, -0.8000, -7.792
23.72, -0.8000, -8.556
23.73, -0.8000, -9.184
23.74, -0.8000, -7.848
23.75, -0.8000, -9.024
23.76, -0.8000, -9.136
23.77, -0.8000, -8.870
23.78, -0.8000, -7.849
23.79, -0.8000, -9.343
23.80, -0.8000, -7.695
23.81, -0.8000, -8.071
23.82, -0.8000, -8.872
23.83, -0.8000, -6.984
23.84, -0.8000, -7.962
23.85, -0.8000, -8.768
23.86, -0.8000, -8.232
23.87, -0.8000, -8.926
23.88, -0.8000, -9.152
23.89, -0.8000, -7.914
23.90, -0.8000, -9.234
23.91, -0.8000, -8.445
23.92, -0.8000, -8.902
23.93, -0.8000, -7.865
23.94, -0.8000, -9.946
23.95, -0.8000, -8.344
23.96, -0.8000, -9.624
23.97, -0.8000, -7.539
23.98, -0.8000, -8.167
23.99, -0.8000, -8.470
24.00, -0.8000, -8.497
24.01, -0.8000, -7.291
24.02, -0.8000, -8.355
24.03, -0.8000, -8.198
24.04, -0.8000, -7.965
24.05, -0.8000, -6.971
24.06, -0.8000, -10.04
24.07, -0.8000, -9.325
24.08, -0.8000, -9.169
24.09, -0.8000, -7.636
24.10, -0.8000, -8.630
24.11, -0.8000, -7.016
24.12, -0.8000, -9.599
24.13, -0.8000, -8.234
24.14, -0.8000, -8.295
24.15, -0.8000, -7.299
24.16, -0.8000, -7.670
24.17, -0.8000, -9.097
24.18, -0.8000, -9.164
24.19, -0.8000, -7.548
24.20, -0.8000, -10.23
24.21, -0.8000, -7.177
24.22, -0.8000, -7.416
24.23, -0.8000, -8.903
24.24, -0.8000, -9.382
24.25, -0.8000, -8.085
24.26, -0.8000, -8.603
24.27, -0.8000, -7.140
24.28, -0.8000, -7.950
24.29, -0.8000, -7.145
24.30, -0.8000, -8.599
24.31, -0.8000, -8.769
24.32, -0.8000, -7.077
24.33, -0.8000, -9.041
24.34, -0.8000, -8.950
24.35, -0.8000, -8.573
24.36, -0.8000, -7.402
24.37, -0.8000, -8.694
24.38, -0.8000, -8.004
24.39, -0.8000, -7.962
24.40, -0.8000, -8.810
24.41, -0.8000, -7.736
24.42, -0.8000, -8.767
24.43, -0.8000, -9.500
24.44, -0.8000, -7.463
24.45, -0.8000, -8.435
24.46, -0.8000, -8.576
24.47, -0.8000, -7.898
24.48, -0.8000, -7.121
24.49, -0.8000, -8.966
24.50, -0.8000, -8.193
24.51, -0.8000, -8.664
24.52, -0.8000, -7.616
24.53, -0.8000, -8.531
24.54, -0.8000, -8.956
24.55, -0.8000, -7.964
24.56, -0.8000, -7.483
24.57, -0.8000, -10.03
24.58, -0.8000, -7.744
24.59, -0.8000, -8.461
24.60, -0.8000, -9.582
24.61, -0.8000, -7.352
24.62, -0.8000, -9.566
24.63, -0.8000, -9.277
24.64, -0.8000, -7.888
24.65, -0.8000, -8.082
24.66, -0.8000, -8.845
24.67, -0.8000, -8.937
24.68, -0.8000, -8.747
24.69, -0.8000, -7.956
24.70, -0.8000, -6.899
24.71, -0.8000, -8.865
24.72, -0.8000, -7.042
24.73, -0.8000, -8.121
24.74, -0.8000, -9.830
24.75, -0.8000, -7.721
24.76, -0.8000, -8.449
24.77, -0.8000, -9.884
24.78, -0.8000, -9.458
24.79, -0.8000, -8.601
24.80, -0.8000, -8.318
24.81, -0.8000, -8.300
24.82, -0.8000, -8.013
24.83, -0.8000, -7.468
24.84, -0.8000, -8.421
24.85, -0.8000, -9.367
24.86, -0.8000, -7.728
24.87, -0.8000, -8.472
24.88, -0.8000, -9.594
24.89, -0.8000, -6.785
24.90, -0.8000, -8.006
24.91, -0.8000, -9.484
24.92, -0.8000, -7.924
24.93, -0.8000, -9.068
24.94, -0.8000, -7.802
24.95, -0.8000, -8.489
24.96, -0.8000, -8.497
24.97, -0.8000, -6.846
24.98, -0.8000, -7.582
24.99, -0.8000, -8.250
25.00, -0.8000, -7.766
25.01, -0.8000, -8.083
25.02, -0.8000, -8.337
25.03, -0.8000, -9.053
25.04, -0.8000, -8.177
25.05, -0.8000, -9.195
25.06, -0.8000, -7.321
25.07, -0.8000, -8.522
25.08, -0.8000, -8.967
25.09, -0.8000, -8.100
25.10, -0.8000, -8.183
25.11, -0.8000, -9.706
25.12, -0.8000, -8.781
25.13, -0.8000, -8.316
25.14, -0.8000, -6.708
25.15, -0.8000, -10.25
25.16, -0.8000, -8.136
25.17, -0.8000, -7.956
25.18, -0.8000, -8.394
25.19, -0.8000, -7.313
25.20, -0.8000, -8.117
25.21, -0.8000, -7.555
25.22, -0.8000, -6.412
25.23, -0.8000, -8.914
25.24, -0.8000, -7.533
25.25, -0.8000, -8.353
25.26, -0.8000, -7.763
25.27, -0.8000, -7.852
25.28, -0.8000, -9.680
25.29, -0.8000, -7.988
25.30, -0.8000, -7.985
25.31, -0.8000, -10.09
25.32, -0.8000, -7.489
25.33, -0.8000, -6.565
25.34, -0.8000, -7.590
25.35, -0.8000, -8.404
25.36, -0.8000, -9.286
25.37, -0.8000, -7.416
25.38, -0.8000, -7.204
25.39, -0.8000, -9.044
25.40, -0.8000, -7.620
25.41, -0.8000, -7.974
25.42, -0.8000, -8.933
25.43, -0.8000, -7.908
25.44, -0.8000, -9.509
25.45, -0.8000, -7.599
25.46, -0.8000, -8.545
25.47, -0.8000, -9.238
25.48, -0.8000, -8.070
25.49, -0.8000, -8.857
25.50, -0.8000, -7.411
25.51, -0.8000, -8.191
25.52, -0.8000, -9.845
25.53, -0.8000, -7.859
25.54, -0.8000, -7.232
25.55, -0.8000, -8.219
25.56, -0.8000, -8.025
25.57, -0.8000, -8.161
25.58, -0.8000, -9.016
25.59, -0.8000, -8.680
25.60, -0.8000, -9.274
25.61, -0.8000, -7.255
25.62, -0.8000, -7.666
25.63, -0.8000, -8.928
25.64, -0.8000, -7.694
25.65, -0.8000, -8.138
25.66, -0.8000, -8.373
25.67, -0.8000, -8.298
25.68, -0.8000, -8.696
25.69, -0.8000, -7.942
25.70, -0.8000, -8.796
25.71, -0.8000, -8.605
25.72, -0.8000, -8.491
25.73, -0.8000, -7.458
25.74, -0.8000, -8.228
25.75, -0.8000, -7.085
25.76, -0.8000, -8.475
25.77, -0.8000, -8.085
25.78, -0.8000, -6.806
25.79, -0.8000, -8.684
25.80, -0.8000, -7.999
25.81, -0.8000, -6.852
25.82, -0.8000, -8.994
25.83, -0.8000, -8.512
25.84, -0.8000, -7.081
25.85, -0.8000, -7.611
25.86, -0.8000, -8.136
25.87, -0.8000, -8.063
25.88, -0.8000, -7.153
25.89, -0.8000, -7.816
25.90, -0.8000, -9.658
25.91, -0.8000, -7.642
25.92, -0.8000, -8.996
25.93, -0.8000, -8.293
25.94, -0.8000, -8.189
25.95, -0.8000, -8.532
25.96, -0.8000, -7.753
25.97, -0.8000, -8.466
25.98, -0.8000, -9.666
25.99, -0.8000, -8.145
26.00, -0.8000, -6.695
26.01, -0.8000, -6.694
26.02, -0.8000, -7.888
26.03, -0.8000, -8.825
26.04, -0.8000, -7.653
26.05, -0.8000, -7.652
26.06, -0.8000, -8.487
26.07, -0.8000, -7.762
26.08, -0.8000, -8.486
26.09, -0.8000, -8.406
26.10, -0.8000, -9.392
26.11, -0.8000, -7.316
26.12, -0.8000, -7.367
26.13, -0.8000, -7.935
26.14, -0.8000, -9.187
26.15, -0.8000, -7.314
26.16, -0.8000, -7.707
26.17, -0.8000, -9.163
26.18, -0.8000, -7.661
26.19, -0.8000, -8.140
26.20, -0.8000, -8.685
26.21, -0.8000, -8.459
26.22, -0.8000, -7.989
26.23, -0.8000, -7.688
26.24, -0.8000, -8.305
26.25, -0.8000, -8.351
26.26, -0.8000, -8.048
26.27, -0.8000, -7.017
26.28, -0.8000, -8.465
26.29, -0.8000, -8.929
26.30, -0.8000, -9.280
26.31, -0.8000, -7.819
26.32, -0.8000, -9.124
26.33, -0.8000, -8.053
26.34, -0.8000, -6.867
26.35, -0.8000, -10.32
26.36, -0.8000, -8.189
26.37, -0.8000, -8.625
26.38, -0.8000, -9.023
26.39, -0.8000, -8.294
26.40, -0.8000, -7.996
26.41, -0.8000, -7.752
26.42, -0.8000, -10.06
26.43, -0.8000, -8.173
26.44, -0.8000, -6.843
26.45, -0.8000, -7.707
26.46, -0.8000, -8.772
26.47, -0.8000, -7.303
26.48, -0.8000, -7.615
26.49, -0.8000, -8.813
26.50, -0.8000, -8.065
26.51, -0.8000, -7.543
26.52, -0.8000, -7.044
26.53, -0.8000, -7.641
26.54, -0.8000, -8.964
26.55, -0.8000, -7.213
26.56, -0.8000, -9.194
26.57, -0.8000, -8.212
26.58, -0.8000, -7.658
26.59, -0.8000, -7.378
26.60, -0.8000, -8.254
26.61, -0.8000, -8.379
26.62, -0.8000, -8.994
26.63, -0.8000, -8.086
26.64, -0.8000, -7.070
26.65, -0.8000, -9.007
26.66, -0.8000, -7.650
26.67, -0.8000, -7.428
26.68, -0.8000, -7.951
26.69, -0.8000, -7.209
26.70, -0.8000, -8.529
26.71, -0.8000, -7.542
26.72, -0.8000, -6.924
26.73, -0.8000, -9.303
26.74, -0.8000, -7.870
26.75, -0.8000, -8.220
26.76, -0.8000, -9.430
26.77, -0.8000, -7.479
26.78, -0.8000, -7.230
26.79, -0.8000, -6.881
26.80, -0.8000, -7.748
26.81, -0.8000, -9.066
26.82, -0.8000, -8.780
26.83, -0.8000, -8.741
26.84, -0.8000, -8.958
26.85, -0.8000, -7.301
26.86, -0.8000, -9.042
26.87, -0.8000, -7.595
26.88, -0.8000, -7.204
26.89, -0.8000, -8.161
26.90, -0.8000, -7.621
26.91, -0.8000, -8.441
26.92, -0.8000, -7.413
26.93, -0.8000, -7.269
26.94, -0.8000, -8.544
26.95, -0.8000, -6.936
26.96, -0.8000, -7.904
26.97, -0.8000, -9.923
26.98, -0.8000, -9.061
26.99, -0.8000, -7.910
27.00, -0.8000, -7.807
27.01, -0.8000, -8.593
27.02, -0.8000, -7.696
27.03, -0.8000, -6.258
27.04, -0.8000, -8.234
27.05, -0.8000, -9.980
27.06, -0.8000, -7.131
27.07, -0.8000, -7.632
27.08, -0.8000, -8.648
27.09, -0.8000, -8.467
27.10, -0.8000, -7.228
27.11, -0.8000, -8.903
27.12, -0.8000, -8.552
27.13, -0.8000, -7.247
27.14, -0.8000, -6.484
27.15, -0.8000, -7.250
27.16, -0.8000, -9.456
27.17, -0.8000, -6.584
27.18, -0.8000, -8.161
27.19, -0.8000, -7.973
27.20, -0.8000, -7.713
27.21, -0.8000, -7.029
27.22, -0.8000, -9.601
27.23, -0.8000, -7.713
27.24, -0.8000, -8.032
27.25, -0.8000, -8.348
27.26, -0.8000, -8.484
27.27, -0.8000, -8.920
27.28, -0.8000, -7.702
27.29, -0.8000, -9.397
27.30, -0.8000, -8.852
27.31, -0.8000, -7.355
27.32, -0.8000, -8.040
27.33, -0.8000, -8.303
27.34, -0.8000, -7.826
27.35, -0.8000, -8.348
27.36, -0.8000, -8.143
27.37, -0.8000, -8.046
27.38, -0.8000, -8.465
27.39, -0.8000, -7.858
27.40, -0.8000, -7.934
27.41, -0.8000, -7.782
27.42, -0.8000, -8.190
27.43, -0.8000, -7.722
27.44, -0.8000, -8.380
27.45, -0.8000, -8.951
27.46, -0.8000, -9.205
27.47, -0.8000, -7.154
27.48, -0.8000, -8.882
27.49, -0.8000, -8.798
27.50, -0.8000, -7.574
27.51, -0.8000, -7.874
27.52, -0.8000, -8.280
27.53, -0.8000, -8.275
27.54, -0.8000, -7.496
27.55, -0.8000, -8.064
27.56, -0.8000, -8.134
27.57, -0.8000, -7.879
27.58, -0.8000, -7.613
27.59, -0.8000, -7.344
27.60, -0.8000, -8.696
27.61, -0.8000, -8.196
27.62, -0.8000, -7.877
27.63, -0.8000, -7.789
27.64, -0.8000, -6.897
27.65, -0.8000, -8.214
27.66, -0.8000, -7.882
27.67, -0.8000, -7.907
27.68, -0.8000, -7.689
27.69, -0.8000, -7.282
27.70, -0.8000, -6.990
27.71, -0.8000, -8.452
27.72, -0.8000, -7.188
27.73, -0.8000, -7.902
27.74, -0.8000, -8.065
27.75, -0.8000, -8.655
27.76, -0.8000, -7.213
27.77, -0.8000, -8.043
27.78, -0.8000, -7.865
27.79, -0.8000, -8.473
27.80, -0.8000, -8.030
27.81, -0.8000, -7.571
27.82, -0.8000, -7.894
27.83, -0.8000, -6.713
27.84, -0.8000, -7.987
27.85, -0.8000, -7.402
27.86, -0.8000, -7.326
27.87, -0.8000, -9.009
27.88, -0.8000, -7.926
27.89, -0.8000, -7.995
27.90, -0.8000, -8.292
27.91, -0.8000, -8.805
27.92, -0.8000, -7.129
27.93, -0.8000, -8.735
27.94, -0.8000, -7.228
27.95, -0.8000, -7.512
27.96, -0.8000, -8.337
27.97, -0.8000, -8.973
27.98, -0.8000, -10.19
27.99, -0.8000, -7.421
28.00, -0.8000, -7.711
28.01, -0.8000, -8.449
28.02, -0.8000, -8.388
28.03, -0.8000, -8.643
28.04, -0.8000, -7.778
28.05, -0.8000, -8.131
28.06, -0.8000, -7.805
28.07, -0.8000, -7.939
28.08, -0.8000, -7.764
28.09, -0.8000, -8.966
28.10, -0.8000, -7.864
28.11, -0.8000, -7.644
28.12, -0.8000, -8.646
28.13, -0.8000, -8.453
28.14, -0.8000, -7.778
28.15, -0.8000, -7.739
28.16, -0.8000, -8.045
28.17, -0.8000, -7.435
28.18, -0.8000, -6.596
28.19, -0.8000, -7.853
28.20, -0.8000, -7.823
28.21, -0.8000, -6.456
28.22, -0.8000, -8.147
28.23, -0.8000, -7.948
28.24, -0.8000, -7.429
28.25, -0.8000, -7.003
28.26, -0.8000, -8.262
28.27, -0.8000, -6.499
28.28, -0.8000, -8.730
28.29, -0.8000, -8.808
28.30, -0.8000, -8.118
28.31, -0.8000, -8.959
28.32, -0.8000, -8.252
28.33, -0.8000, -7.845
28.34, -0.8000, -7.486
28.35, -0.8000, -8.206
28.36, -0.8000, -7.624
28.37, -0.8000, -8.311
28.38, -0.8000, -8.019
28.39, -0.8000, -8.095
28.40, -0.8000, -7.018
28.41, -0.8000, -9.343
28.42, -0.8000, -7.814
28.43, -0.8000, -6.824
28.44, -0.8000, -8.954
28.45, -0.8000, -8.469
28.46, -0.8000, -8.258
28.47, -0.8000, -8.589
28.48, -0.8000, -8.119
28.49, -0.8000, -8.058
28.50, -0.8000, -9.477
28.51, -0.8000, -8.358
28.52, -0.8000, -8.016
28.53, -0.8000, -7.974
28.54, -0.8000, -8.526
28.55, -0.8000, -6.633
28.56, -0.8000, -7.714
28.57, -0.8000, -6.886
28.58, -0.8000, -7.691
28.59, -0.8000, -7.153
28.60, -0.8000, -7.885
28.61, -0.8000, -8.393
28.62, -0.8000, -8.723
28.63, -0.8000, -8.713
28.64, -0.8000, -7.545
28.65, -0.8000, -9.015
28.66, -0.8000, -7.505
28.67, -0.8000, -6.960
28.68, -0.8000, -8.759
28.69, -0.8000, -8.678
28.70, -0.8000, -7.230
28.71, -0.8000, -8.326
28.72, -0.8000, -7.375
28.73, -0.8000, -7.708
28.74, -0.8000, -7.729
28.75, -0.8000, -7.981
28.76, -0.8000, -7.609
28.77, -0.8000, -7.492
28.78, -0.8000, -7.834
28.79, -0.8000, -6.867
28.80, -0.8000, -8.435
28.81, -0.8000, -6.873
28.82, -0.8000, -6.940
28.83, -0.8000, -8.114
28.84, -0.8000, -7.716
28.85, -0.8000, -7.909
28.86, -0.8000, -7.879
28.87, -0.8000, -7.573
28.88, -0.8000, -7.509
28.89, -0.8000, -7.994
28.90, -0.8000, -7.468
28.91, -0.8000, -8.016
28.92, -0.8000, -7.155
28.93, -0.8000, -7.383
28.94, -0.8000, -7.706
28.95, -0.8000, -8.227
28.96, -0.8000, -8.091
28.97, -0.8000, -7.240
28.98, -0.8000, -7.493
28.99, -0.8000, -8.361
29.00, -0.8000, -6.313
29.01, -0.8000, -8.153
29.02, -0.8000, -8.104
29.03, -0.8000, -7.075
29.04, -0.8000, -8.421
29.05, -0.8000, -7.199
29.06, -0.8000, -8.542
29.07, -0.8000, -8.149
29.08, -0.8000, -8.096
29.09, -0.8000, -7.108
29.10, -0.8000, -8.207
29.11, -0.8000, -8.304
29.12, -0.8000, -7.950
29.13, -0.8000, -7.586
29.14, -0.8000, -7.660
29.15, -0.8000, -8.445
29.16, -0.8000, -7.370
29.17, -0.8000, -7.773
29.18, -0.8000, -7.035
29.19, -0.8000, -6.835
29.20, -0.8000, -7.108
29.21, -0.8000, -8.653
29.22, -0.8000, -6.906
29.23, -0.8000, -7.454
29.24, -0.8000, -7.419
29.25, -0.8000, -7.005
29.26, -0.8000, -7.465
29.27, -0.8000, -7.909
29.28, -0.8000, -8.674
29.29, -0.8000, -7.170
29.30, -0.8000, -9.368
29.31, -0.8000, -7.055
29.32, -0.8000, -7.202
29.33, -0.8000, -8.809
29.34, -0.8000, -8.012
29.35, -0.8000, -7.202
29.36, -0.8000, -7.193
29.37, -0.8000, -8.507
29.38, -0.8000, -7.653
29.39, -0.8000, -6.495
29.40, -0.8000, -7.999
29.41, -0.8000, -9.007
29.42, -0.8000, -7.467
29.43, -0.8000, -7.405
29.44, -0.8000, -8.988
29.45, -0.8000, -8.336
29.46, -0.8000, -8.582
29.47, -0.8000, -6.138
29.48, -0.8000, -7.283
29.49, -0.8000, -10.91
29.50, -0.8000, -9.200
29.51, -0.8000, -6.910
29.52, -0.8000, -9.506
29.53, -0.8000, -7.280
29.54, -0.8000, -8.298
29.55, -0.8000, -7.835
29.56, -0.8000, -7.459
29.57, -0.8000, -8.153
29.58, -0.8000, -8.135
29.59, -0.8000, -7.377
29.60, -0.8000, -8.138
29.61, -0.8000, -6.215
29.62, -0.8000, -8.678
29.63, -0.8000, -6.832
29.64, -0.8000, -7.421
29.65, -0.8000, -9.062
29.66, -0.8000, -9.238
29.67, -0.8000, -7.740
29.68, -0.8000, -9.149
29.69, -0.8000, -7.102
29.70, -0.8000, -6.496
29.71, -0.8000, -7.855
29.72, -0.8000, -8.678
29.73, -0.8000, -7.782
29.74, -0.8000, -6.740
29.75, -0.8000, -7.737
29.76, -0.8000, -9.143
29.77, -0.8000, -7.652
29.78, -0.8000, -7.257
29.79, -0.8000, -7.022
29.80, -0.8000, -7.954
29.81, -0.8000, -8.016
29.82, -0.8000, -8.334
29.83, -0.8000, -7.005
29.84, -0.8000, -7.579
29.85, -0.8000, -7.244
29.86, -0.8000, -7.437
29.87, -0.8000, -8.101
29.88, -0.8000, -7.232
29.89, -0.8000, -7.964
29.90, -0.8000, -8.402
29.91, -0.8000, -7.496
29.92, -0.8000, -8.155
29.93, -0.8000, -6.821
29.94, -0.8000, -8.260
29.95, -0.8000, -8.436
29.96, -0.8000, -7.393
29.97, -0.8000, -7.725
29.98, -0.8000, -8.493
29.99, -0.8000, -6.848
30.00, -0.8000, -8.523
30.01, -0.8000, -8.617
30.02, -0.8000, -6.781
30.03, -0.8000, -6.925
30.04, -0.8000, -9.082
30.05, -0.8000, -7.557
30.06, -0.8000, -6.736
30.07, -0.8000, -7.826
30.08, -0.8000, -7.885
30.09, -0.8000, -7.397
30.10, -0.8000, -7.525
30.11, -0.8000, -8.058
30.12, -0.8000, -7.402
30.13, -0.8000, -7.832
30.14, -0.8000, -7.855
30.15, -0.8000, -7.939
30.16, -0.8000, -8.111
30.17, -0.8000, -7.974
30.18, -0.8000, -7.775
30.19, -0.8000, -7.102
30.20, -0.8000, -7.136
30.21, -0.8000, -6.590
30.22, -0.8000, -7.436
30.23, -0.8000, -7.702
30.24, -0.8000, -8.039
30.25, -0.8000, -6.867
30.26, -0.8000, -7.070
30.27, -0.8000, -7.583
30.28, -0.8000, -8.131
30.29, -0.8000, -7.835
30.30, -0.8000, -6.363
30.31, -0.8000, -9.594
30.32, -0.8000, -8.243
30.33, -0.8000, -6.793
30.34, -0.8000, -9.047
30.35, -0.8000, -7.689
30.36, -0.8000, -7.944
30.37, -0.8000, -9.340
30.38, -0.8000, -7.749
30.39, -0.8000, -7.223
30.40, -0.8000, -8.414
30.41, -0.8000, -7.817
30.42, -0.8000, -7.284
30.43, -0.8000, -9.389
30.44, -0.8000, -7.557
30.45, -0.8000, -7.893
30.46, -0.8000, -8.391
30.47, -0.8000, -7.555
30.48, -0.8000, -7.251
30.49, -0.8000, -8.641
30.50, -0.8000, -7.512
30.51, -0.8000, -7.861
30.52, -0.8000, -8.994
30.53, -0.8000, -7.412
30.54, -0.8000, -6.919
30.55, -0.8000, -8.243
30.56, -0.8000, -8.162
30.57, -0.8000, -7.676
30.58, -0.8000, -7.312
30.59, -0.8000, -7.693
30.60, -0.8000, -8.911
30.61, -0.8000, -7.633
30.62, -0.8000, -7.594
30.63, -0.8000, -7.343
30.64, -0.8000, -8.205
30.65, -0.8000, -8.120
30.66, -0.8000, -6.761
30.67, -0.8000, -6.771
30.68, -0.8000, -7.964
30.69, -0.8000, -9.077
30.70, -0.8000, -8.078
30.71, -0.8000, -8.180
30.72, -0.8000, -7.635
30.73, -0.8000, -6.830
30.74, -0.8000, -8.018
30.75, -0.8000, -7.885
30.76, -0.8000, -7.977
30.77, -0.8000, -8.194
30.78, -0.8000, -7.378
30.79, -0.8000, -7.988
30.80, -0.8000, -8.266
30.81, -0.8000, -7.279
30.82, -0.8000, -6.934
30.83, -0.8000, -8.839
30.84, -0.8000, -7.229
30.85, -0.8000, -6.568
30.86, -0.8000, -7.970
30.87, -0.8000, -8.055
30.88, -0.8000, -6.000
30.89, -0.8000, -7.173
30.90, -0.8000, -7.691
30.91, -0.8000, -6.924
30.92, -0.8000, -7.275
30.93, -0.8000, -7.495
30.94, -0.8000, -7.292
30.95, -0.8000, -8.412
30.96, -0.8000, -7.403
30.97, -0.8000, -6.930
30.98, -0.8000, -8.731
30.99, -0.8000, -8.657
31.00, -0.8000, -7.401
31.01, -0.8000, -6.866
31.02, -0.8000, -8.611
31.03, -0.8000, -7.588
31.04, -0.8000, -7.460
31.05, -0.8000, -9.285
31.06, -0.8000, -6.761
31.07, -0.8000, -6.891
31.08, -0.8000, -8.244
31.09, -0.8000, -7.351
31.10, -0.8000, -8.416
31.11, -0.8000, -8.092
31.12, -0.8000, -7.427
31.13, -0.8000, -8.716
31.14, -0.8000, -7.363
31.15, -0.8000, -7.938
31.16, -0.8000, -7.301
31.17, -0.8000, -8.162
31.18, -0.8000, -7.317
31.19, -0.8000, -7.547
31.20, -0.8000, -7.202
31.21, -0.8000, -8.828
31.22, -0.8000, -6.640
31.23, -0.8000, -7.528
31.24, -0.8000, -7.841
31.25, -0.8000, -8.033
31.26, -0.8000, -6.717
31.27, -0.8000, -8.127
31.28, -0.8000, -7.874
31.29, -0.8000, -7.761
31.30, -0.8000, -8.917
31.31, -0.8000, -7.575
31.32, -0.8000, -7.224
31.33, -0.8000, -8.247
31.34, -0.8000, -6.815
31.35, -0.8000, -7.687
31.36, -0.8000, -7.979
31.37, -0.8000, -8.111
31.38, -0.8000, -7.839
31.39, -0.8000, -8.107
31.40, -0.8000, -7.343
31.41, -0.8000, -7.293
31.42, -0.8000, -7.081
31.43, -0.8000, -7.530
31.44, -0.8000, -7.789
31.45, -0.8000, -7.642
31.46, -0.8000, -7.211
31.47, -0.8000, -6.941
31.48, -0.8000, -7.578
31.49, -0.8000, -8.251
31.50, -0.8000, -6.812
31.51, -0.8000, -8.661
31.52, -0.8000, -6.410
31.53, -0.8000, -7.138
31.54, -0.8000, -8.645
31.55, -0.8000, -7.249
31.56, -0.8000, -7.590
31.57, -0.8000, -7.643
31.58, -0.8000, -7.174
31.59, -0.8000, -9.362
31.60, -0.8000, -7.713
31.61, -0.8000, -7.066
31.62, -0.8000, -7.446
31.63, -0.8000, -8.550
31.64, -0.8000, -6.194
31.65, -0.8000, -7.736
31.66, -0.8000, -7.259
31.67, -0.8000, -8.125
31.68, -0.8000, -7.055
31.69, -0.8000, -8.050
31.70, -0.8000, -7.839
31.71, -0.8000, -6.646
31.72, -0.8000, -8.370
31.73, -0.8000, -7.526
31.74, -0.8000, -7.605
31.75, -0.8000, -6.582
31.76, -0.8000, -7.264
31.77, -0.8000, -8.578
31.78, -0.8000, -7.627
31.79, -0.8000, -7.114
31.80, -0.8000, -8.624
31.81, -0.8000, -6.841
31.82, -0.8000, -8.415
31.83, -0.8000, -9.064
31.84, -0.8000, -8.083
31.85, -0.8000, -7.230
31.86, -0.8000, -7.799
31.87, -0.8000, -5.554
31.88, -0.8000, -7.617
31.89, -0.8000, -7.984
31.90, -0.8000, -6.442
31.91, -0.8000, -6.198
31.92, -0.8000, -8.618
31.93, -0.8000, -6.660
31.94, -0.8000, -8.628
31.95, -0.8000, -9.853
31.96, -0.8000, -8.602
31.97, -0.8000, -6.943
31.98, -0.8000, -8.340
31.99, -0.8000, -7.467
32.00, -0.8000, -7.412
32.01, -0.8000, -7.770
32.02, -0.8000, -6.684
32.03, -0.8000, -7.140
32.04, -0.8000, -7.329
32.05, -0.8000, -7.107
32.06, -0.8000, -6.960
32.07, -0.8000, -9.453
32.08, -0.8000, -8.410
32.09, -0.8000, -7.882
32.10, -0.8000, -8.796
32.11, -0.8000, -8.173
32.12, -0.8000, -7.073
32.13, -0.8000, -7.149
32.14, -0.8000, -7.414
32.15, -0.8000, -6.759
32.16, -0.8000, -7.933
32.17, -0.8000, -7.701
32.18, -0.8000, -7.485
32.19, -0.8000, -8.374
32.20, -0.8000, -8.201
32.21, -0.8000, -6.698
32.22, -0.8000, -7.880
32.23, -0.8000, -8.189
32.24, -0.8000, -7.617
32.25, -0.8000, -8.057
32.26, -0.8000, -8.402
32.27, -0.8000, -8.069
32.28, -0.8000, -7.090
32.29, -0.8000, -6.922
32.30, -0.8000, -8.344
32.31, -0.8000, -7.562
32.32, -0.8000, -6.574
32.33, -0.8000, -8.701
32.34, -0.8000, -7.579
32.35, -0.8000, -7.335
32.36, -0.8000, -8.954
32.37, -0.8000, -6.683
32.38, -0.8000, -7.271
32.39, -0.8000, -7.666
32.40, -0.8000, -7.328
32.41, -0.8000, -6.313
32.42, -0.8000, -7.155
32.43, -0.8000, -7.569
32.44, -0.8000, -8.027
32.45, -0.8000, -6.744
32.46, -0.8000, -8.079
32.47, -0.8000, -8.310
32.48, -0.8000, -8.202
32.49, -0.8000, -7.984
32.50, -0.8000, -7.412
32.51, -0.8000, -8.395
32.52, -0.8000, -6.915
32.53, -0.8000, -8.181
32.54, -0.8000, -6.407
32.55, -0.8000, -7.121
32.56, -0.8000, -8.252
32.57, -0.8000, -7.396
32.58, -0.8000, -7.019
32.59, -0.8000, -8.394
32.60, -0.8000, -6.981
32.61, -0.8000, -8.261
32.62, -0.8000, -6.504
32.63, -0.8000, -7.699
32.64, -0.8000, -7.627
32.65, -0.8000, -7.286
32.66, -0.8000, -6.630
32.67, -0.8000, -8.800
32.68, -0.8000, -7.805
32.69, -0.8000, -6.872
32.70, -0.8000, -7.490
32.71, -0.8000, -6.552
32.72, -0.8000, -7.231
32.73, -0.8000, -7.339
32.74, -0.8000, -6.080
32.75, -0.8000, -6.333
32.76, -0.8000, -8.359
32.77, -0.8000, -5.967
32.78, -0.8000, -7.681
32.79, -0.8000, -9.579
32.80, -0.8000, -6.294
32.81, -0.8000, -6.746
32.82, -0.8000, -8.998
32.83, -0.8000, -7.137
32.84, -0.8000, -6.790
32.85, -0.8000, -8.259
32.86, -0.8000, -7.285
32.87, -0.8000, -6.434
32.88, -0.8000, -8.002
32.89, -0.8000, -7.896
32.90, -0.8000, -6.618
32.91, -0.8000, -9.512
32.92, -0.8000, -7.283
32.93, -0.8000, -6.616
32.94, -0.8000, -8.502
32.95, -0.8000, -7.774
32.96, -0.8000, -7.923
32.97, -0.8000, -9.263
32.98, -0.8000, -6.632
32.99, -0.8000, -6.425
33.00, -0.8000, -10.52
33.01, -0.8000, -8.380
33.02, -0.8000, -7.339
33.03, -0.8000, -7.842
33.04, -0.8000, -8.023
33.05, -0.8000, -8.338
33.06, -0.8000, -7.358
33.07, -0.8000, -7.713
33.08, -0.8000, -7.407
33.09, -0.8000, -8.339
33.10, -0.8000, -8.299
33.11, -0.8000, -6.216
33.12, -0.8000, -8.000
33.13, -0.8000, -8.011
33.14, -0.8000, -7.363
33.15, -0.8000, -8.229
33.16, -0.8000, -6.517
33.17, -0.8000, -7.222
33.18, -0.8000, -8.782
33.19, -0.8000, -7.606
33.20, -0.8000, -8.239
33.21, -0.8000, -7.610
33.22, -0.8000, -7.380
33.23, -0.8000, -6.853
33.24, -0.8000, -8.754
33.25, -0.8000, -7.319
33.26, -0.8000, -8.082
33.27, -0.8000, -8.087
33.28, -0.8000, -6.999
33.29, -0.8000, -6.648
33.30, -0.8000, -8.161
33.31, -0.8000, -8.442
33.32, -0.8000, -7.607
33.33, -0.8000, -7.795
33.34, -0.8000, -8.774
33.35, -0.8000, -7.404
33.36, -0.8000, -7.789
33.37, -0.8000, -8.644
33.38, -0.8000, -6.208
33.39, -0.8000, -8.755
33.40, -0.8000, -7.504
33.41, -0.8000, -7.160
33.42, -0.8000, -6.968
33.43, -0.8000, -7.646
33.44, -0.8000, -7.056
33.45, -0.8000, -7.725
33.46, -0.8000, -7.365
33.47, -0.8000, -7.514
33.48, -0.8000, -7.069
33.49, -0.8000, -7.766
33.50, -0.8000, -8.693
33.51, -0.8000, -7.216
33.52, -0.8000, -7.496
33.53, -0.8000, -9.370
33.54, -0.8000, -7.511
33.55, -0.8000, -6.627
33.56, -0.8000, -9.098
33.57, -0.8000, -7.652
33.58, -0.8000, -7.132
33.59, -0.8000, -8.311
33.60, -0.8000, -7.053
33.61, -0.8000, -8.413
33.62, -0.8000, -7.616
33.63, -0.8000, -8.284
33.64, -0.8000, -7.379
33.65, -0.8000, -7.866
33.66, -0.8000, -6.962
33.67, -0.8000, -8.435
33.68, -0.8000, -7.402
33.69, -0.8000, -7.722
33.70, -0.8000, -8.139
33.71, -0.8000, -7.361
33.72, -0.8000, -7.436
33.73, -0.8000, -8.389
33.74, -0.8000, -6.886
33.75, -0.8000, -7.469
33.76, -0.8000, -7.670
33.77, -0.8000, -7.284
33.78, -0.8000, -6.655
33.79, -0.8000, -7.877
33.80, -0.8000, -7.271
33.81, -0.8000, -7.389
33.82, -0.8000, -6.939
33.83, -0.8000, -6.172
33.84, -0.8000, -7.170
33.85, -0.8000, -7.434
33.86, -0.8000, -6.473
33.87, -0.8000, -6.679
33.88, -0.8000, -9.050
33.89, -0.8000, -7.277
33.90, -0.8000, -7.120
33.91, -0.8000, -7.380
33.92, -0.8000, -6.606
33.93, -0.8000, -7.357
33.94, -0.8000, -7.838
33.95, -0.8000, -6.651
33.96, -0.8000, -6.590
33.97, -0.8000, -8.186
33.98, -0.8000, -8.241
33.99, -0.8000, -7.457
34.00, -0.8000, -7.069
34.01, -0.8000, -6.938
34.02, -0.8000, -8.202
34.03, -0.8000, -6.657
34.04, -0.8000, -8.423
34.05, -0.8000, -10.16
34.06, -0.8000, -6.677
34.07, -0.8000, -7.362
34.08, -0.8000, -7.583
34.09, -0.8000, -6.858
34.10, -0.8000, -6.362
34.11, -0.8000, -7.583
34.12, -0.8000, -6.351
34.13, -0.8000, -7.976
34.14, -0.8000, -6.202
34.15, -0.8000, -6.821
34.16, -0.8000, -8.093
34.17, -0.8000, -6.276
34.18, -0.8000, -7.970
34.19, -0.8000, -8.295
34.20, -0.8000, -6.510
34.21, -0.8000, -6.834
34.22, -0.8000, -8.907
34.23, -0.8000, -8.581
34.24, -0.8000, -6.546
34.25, -0.8000, -8.365
34.26, -0.8000, -8.117
34.27, -0.8000, -8.012
34.28, -0.8000, -8.570
34.29, -0.8000, -8.427
34.30, -0.8000, -7.057
34.31, -0.8000, -6.331
34.32, -0.8000, -7.363
34.33, -0.8000, -6.834
34.34, -0.8000, -8.384
34.35, -0.8000, -6.812
34.36, -0.8000, -8.447
34.37, -0.8000, -7.101
34.38, -0.8000, -7.171
34.39, -0.8000, -7.238
34.40, -0.8000, -6.903
34.41, -0.8000, -7.617
34.42, -0.8000, -6.540
34.43, -0.8000, -7.222
34.44, -0.8000, -8.042
34.45, -0.8000, -7.670
34.46, -0.8000, -7.481
34.47, -0.8000, -7.629
34.48, -0.8000, -7.474
34.49, -0.8000, -6.606
34.50, -0.8000, -7.274
34.51, -0.8000, -7.249
34.52, -0.8000, -6.688
34.53, -0.8000, -6.866
34.54, -0.8000, -8.879
34.55, -0.8000, -5.593
34.56, -0.8000, -7.904
34.57, -0.8000, -7.448
34.58, -0.8000, -6.664
34.59, -0.8000, -6.681
34.60, -0.8000, -7.920
34.61, -0.8000, -7.233
34.62, -0.8000, -8.395
34.63, -0.8000, -8.149
34.64, -0.8000, -7.067
34.65, -0.8000, -6.659
34.66, -0.8000, -8.327
34.67, -0.8000, -7.069
34.68, -0.8000, -7.635
34.69, -0.8000, -7.858
34.70, -0.8000, -7.511
34.71, -0.8000, -6.471
34.72, -0.8000, -6.753
34.73, -0.8000, -8.367
34.74, -0.8000, -7.196
34.75, -0.8000, -6.987
34.76, -0.8000, -7.607
34.77, -0.8000, -8.130
34.78, -0.8000, -6.498
34.79, -0.8000, -6.634
34.80, -0.8000, -8.635
34.81, -0.8000, -6.850
34.82, -0.8000, -8.449
34.83, -0.8000, -7.791
34.84, -0.8000, -8.010
34.85, -0.8000, -7.372
34.86, -0.8000, -7.817
34.87, -0.8000, -7.426
34.88, -0.8000, -7.376
34.89, -0.8000, -7.284
34.90, -0.8000, -8.175
34.91, -0.8000, -7.452
34.92, -0.8000, -6.123
34.93, -0.8000, -7.061
34.94, -0.8000, -8.303
34.95, -0.8000, -6.845
34.96, -0.8000, -6.638
34.97, -0.8000, -8.790
34.98, -0.8000, -7.179
34.99, -0.8000, -6.405
35.00, -0.8000, -8.378
35.01, -0.8000, -7.155
35.02, -0.8000, -7.212
35.03, -0.8000, -7.538
35.04, -0.8000, -8.583
35.05, -0.8000, -7.406
35.06, -0.8000, -7.223
35.07, -0.8000, -6.514
35.08, -0.8000, -7.677
35.09, -0.8000, -6.567
35.10, -0.8000, -7.543
35.11, -0.8000, -7.647
35.12, -0.8000, -7.818
35.13, -0.8000, -7.311
35.14, -0.8000, -9.695
35.15, -0.8000, -7.234
35.16, -0.8000, -7.745
35.17, -0.8000, -7.481
35.18, -0.8000, -6.979
35.19, -0.8000, -8.786
35.20, -0.8000, -7.666
35.21, -0.8000, -9.117
35.22, -0.8000, -6.996
35.23, -0.8000, -7.894
35.24, -0.8000, -7.240
35.25, -0.8000, -8.024
35.26, -0.8000, -6.609
35.27, -0.8000, -7.680
35.28, -0.8000, -8.327
35.29, -0.8000, -7.252
35.30, -0.8000, -6.930
35.31, -0.8000, -6.785
35.32, -0.8000, -8.313
35.33, -0.8000, -6.891
35.34, -0.8000, -7.500
35.35, -0.8000, -6.584
35.36, -0.8000, -6.779
35.37, -0.8000, -7.987
35.38, -0.8000, -8.116
35.39, -0.8000, -6.682
35.40, -0.8000, -9.187
35.41, -0.8000, -7.409
35.42, -0.8000, -8.355
35.43, -0.8000, -8.532
35.44, -0.8000, -7.413
35.45, -0.8000, -7.941
35.46, -0.8000, -9.710
35.47, -0.8000, -7.447
35.48, -0.8000, -7.793
35.49, -0.8000, -7.755
35.50, -0.8000, -6.820
35.51, -0.8000, -8.518
35.52, -0.8000, -8.551
35.53, -0.8000, -5.476
35.54, -0.8000, -7.833
35.55, -0.8000, -8.387
35.56, -0.8000, -6.747
35.57, -0.8000, -6.455
35.58, -0.8000, -8.347
35.59, -0.8000, -6.926
35.60, -0.8000, -7.325
35.61, -0.8000, -8.485
35.62, -0.8000, -7.162
35.63, -0.8000, -7.197
35.64, -0.8000, -9.068
35.65, -0.8000, -7.190
35.66, -0.8000, -7.009
35.67, -0.8000, -8.079
35.68, -0.8000, -8.037
35.69, -0.8000, -7.031
35.70, -0.8000, -6.760
35.71, -0.8000, -7.372
35.72, -0.8000, -7.928
35.73, -0.8000, -6.162
35.74, -0.8000, -8.056
35.75, -0.8000, -8.564
35.76, -0.8000, -7.338
35.77, -0.8000, -7.215
35.78, -0.8000, -8.553
35.79, -0.8000, -6.634
35.80, -0.8000, -6.481
35.81, -0.8000, -8.777
35.82, -0.8000, -7.702
35.83, -0.8000, -6.862
35.84, -0.8000, -8.059
35.85, -0.8000, -6.959
35.86, -0.8000, -6.775
35.87, -0.8000, -6.557
35.88, -0.8000, -8.253
35.89, -0.8000, -8.241
35.90, -0.8000, -7.494
35.91, -0.8000, -6.363
35.92, -0.8000, -9.317
35.93, -0.8000, -7.338
35.94, -0.8000, -7.016
35.95, -0.8000, -9.233
35.96, -0.8000, -7.783
35.97, -0.8000, -6.931
35.98, -0.8000, -8.684
35.99, -0.8000, -7.055
36.00, -0.8000, -6.674
36.01, -0.8000, -8.161
36.02, -0.8000, -7.878
36.03, -0.8000, -7.619
36.04, -0.8000, -8.325
36.05, -0.8000, -8.495
36.06, -0.8000, -7.341
36.07, -0.8000, -8.451
36.08, -0.8000, -6.844
36.09, -0.8000, -7.923
36.10, -0.8000, -7.945
36.11, -0.8000, -7.837
36.12, -0.8000, -6.261
36.13, -0.8000, -7.187
36.14, -0.8000, -7.346
36.15, -0.8000, -7.042
36.16, -0.8000, -7.521
36.17, -0.8000, -6.847
36.18, -0.8000, -7.260
36.19, -0.8000, -7.438
36.20, -0.8000, -7.379
36.21, -0.8000, -7.426
36.22, -0.8000, -8.212
36.23, -0.8000, -8.064
36.24, -0.8000, -8.791
36.25, -0.8000, -7.387
36.26, -0.8000, -8.065
36.27, -0.8000, -7.228
36.28, -0.8000, -7.323
36.29, -0.8000, -7.985
36.30, -0.8000, -6.935
36.31, -0.8000, -7.264
36.32, -0.8000, -7.513
36.33, -0.8000, -7.027
36.34, -0.8000, -6.305
36.35, -0.8000, -8.303
36.36, -0.8000, -7.248
36.37, -0.8000, -8.473
36.38, -0.8000, -7.155
36.39, -0.8000, -7.633
36.40, -0.8000, -7.618
36.41, -0.8000, -6.710
36.42, -0.8000, -6.708
36.43, -0.8000, -8.683
36.44, -0.8000, -7.311
36.45, -0.8000, -6.989
36.46, -0.8000, -8.163
36.47, -0.8000, -7.359
36.48, -0.8000, -6.883
36.49, -0.8000, -7.776
36.50, -0.8000, -7.647
36.51, -0.8000, -7.018
36.52, -0.8000, -7.199
36.53, -0.8000, -7.352
36.54, -0.8000, -8.431
36.55, -0.8000, -6.417
36.56, -0.8000, -7.099
36.57, -0.8000, -8.802
36.58, -0.8000, -6.391
36.59, -0.8000, -7.296
36.60, -0.8000, -8.483
36.61, -0.8000, -7.567
36.62, -0.8000, -7.286
36.63, -0.8000, -7.552
36.64, -0.8000, -6.636
36.65, -0.8000, -6.658
36.66, -0.8000, -6.674
36.67, -0.8000, -6.683
36.68, -0.8000, -7.710
36.69, -0.8000, -6.454
36.70, -0.8000, -6.665
36.71, -0.8000, -8.077
36.72, -0.8000, -7.613
36.73, -0.8000, -6.878
36.74, -0.8000, -7.250
36.75, -0.8000, -7.034
36.76, -0.8000, -7.664
36.77, -0.8000, -6.749
36.78, -0.8000, -8.089
36.79, -0.8000, -7.784
36.80, -0.8000, -6.096
36.81, -0.8000, -6.348
36.82, -0.8000, -7.560
36.83, -0.8000, -7.272
36.84, -0.8000, -7.744
36.85, -0.8000, -7.517
36.86, -0.8000, -7.266
36.87, -0.8000, -8.835
36.88, -0.8000, -6.283
36.89, -0.8000, -7.325
36.90, -0.8000, -7.878
36.91, -0.8000, -6.989
36.92, -0.8000, -6.830
36.93, -0.8000, -7.759
36.94, -0.8000, -6.969
36.95, -0.8000, -6.625
36.96, -0.8000, -8.812
36.97, -0.8000, -8.602
36.98, -0.8000, -7.339
36.99, -0.8000, -7.846
37.00, -0.8000, -7.413
37.01, -0.8000, -6.890
37.02, -0.8000, -7.183
37.03, -0.8000, -7.306
37.04, -0.8000, -7.988
37.05, -0.8000, -6.982
37.06, -0.8000, -7.441
37.07, -0.8000, -7.929
37.08, -0.8000, -7.710
37.09, -0.8000, -7.550
37.10, -0.8000, -7.257
37.11, -0.8000, -6.686
37.12, -0.8000, -8.471
37.13, -0.8000, -8.028
37.14, -0.8000, -7.177
37.15, -0.8000, -6.990
37.16, -0.8000, -7.924
37.17, -0.8000, -8.227
37.18, -0.8000, -6.715
37.19, -0.8000, -8.090
37.20, -0.8000, -7.636
37.21, -0.8000, -7.548
37.22, -0.8000, -6.819
37.23, -0.8000, -7.696
37.24, -0.8000, -8.087
37.25, -0.8000, -7.334
37.26, -0.8000, -7.291
37.27, -0.8000, -7.894
37.28, -0.8000, -7.706
37.29, -0.8000, -6.518
37.30, -0.8000, -7.020
37.31, -0.8000, -7.287
37.32, -0.8000, -7.105
37.33, -0.8000, -6.408
37.34, -0.8000, -8.837
37.35, -0.8000, -6.832
37.36, -0.8000, -7.850
37.37, -0.8000, -7.345
37.38, -0.8000, -7.640
37.39, -0.8000, -7.361
37.40, -0.8000, -5.990
37.41, -0.8000, -7.221
37.42, -0.8000, -7.639
37.43, -0.8000, -6.534
37.44, -0.8000, -7.141
37.45, -0.8000, -8.036
37.46, -0.8000, -7.545
37.47, -0.8000, -7.619
37.48, -0.8000, -7.498
37.49, -0.8000, -7.034
37.50, -0.8000, -8.417
37.51, -0.8000, -7.180
37.52, -0.8000, -8.419
37.53, -0.8000, -7.033
37.54, -0.8000, -8.532
37.55, -0.8000, -7.438
37.56, -0.8000, -6.579
37.57, -0.8000, -7.304
37.58, -0.8000, -7.398
37.59, -0.8000, -6.729
37.60, -0.8000, -7.008
37.61, -0.8000, -8.106
37.62, -0.8000, -7.307
37.63, -0.8000, -7.365
37.64, -0.8000, -7.276
37.65, -0.8000, -7.261
37.66, -0.8000, -8.673
37.67, -0.8000, -7.810
37.68, -0.8000, -7.301
37.69, -0.8000, -7.234
37.70, -0.8000, -7.091
37.71, -0.8000, -7.806
37.72, -0.8000, -6.657
37.73, -0.8000, -6.890
37.74, -0.8000, -8.003
37.75, -0.8000, -7.260
37.76, -0.8000, -6.864
37.77, -0.8000, -7.609
37.78, -0.8000, -6.462
37.79, -0.8000, -8.002
37.80, -0.8000, -7.850
37.81, -0.8000, -7.779
37.82, -0.8000, -7.588
37.83, -0.8000, -8.152
37.84, -0.8000, -6.928
37.85, -0.8000, -7.470
37.86, -0.8000, -7.441
37.87, -0.8000, -8.107
37.88, -0.8000, -6.947
37.89, -0.8000, -7.640
37.90, -0.8000, -7.655
37.91, -0.8000, -7.379
37.92, -0.8000, -7.506
37.93, -0.8000, -6.520
37.94, -0.8000, -7.167
37.95, -0.8000, -7.363
37.96, -0.8000, -7.048
37.97, -0.8000, -7.612
37.98, -0.8000, -6.037
37.99, -0.8000, -6.574
38.00, -0.8000, -8.743
38.01, -0.8000, -6.433
38.02, -0.8000, -6.316
38.03, -0.8000, -8.160
38.04, -0.8000, -7.218
38.05, -0.8000, -7.113
38.06, -0.8000, -6.151
38.07, -0.8000, -7.840
38.08, -0.8000, -8.017
38.09, -0.8000, -8.508
38.10, -0.8000, -6.499
38.11, -0.8000, -7.617
38.12, -0.8000, -8.130
38.13, -0.8000, -7.087
38.14, -0.8000, -7.266
38.15, -0.8000, -7.017
38.16, -0.8000, -6.773
38.17, -0.8000, -6.548
38.18, -0.8000, -7.581
38.19, -0.8000, -7.457
38.20, -0.8000, -7.814
38.21, -0.8000, -7.894
38.22, -0.8000, -7.537
38.23, -0.8000, -6.955
38.24, -0.8000, -7.281
38.25, -0.8000, -8.171
38.26, -0.8000, -7.757
38.27, -0.8000, -7.250
38.28, -0.8000, -7.242
38.29, -0.8000, -6.369
38.30, -0.8000, -8.290
38.31, -0.8000, -7.939
38.32, -0.8000, -7.890
38.33, -0.8000, -8.143
38.34, -0.8000, -7.368
38.35, -0.8000, -7.215
38.36, -0.8000, -6.941
38.37, -0.8000, -6.672
38.38, -0.8000, -8.643
38.39, -0.8000, -7.898
38.40, -0.8000, -7.375
38.41, -0.8000, -6.252
38.42, -0.8000, -6.970
38.43, -0.8000, -7.473
38.44, -0.8000, -6.342
38.45, -0.8000, -6.497
38.46, -0.8000, -7.385
38.47, -0.8000, -7.148
38.48, -0.8000, -6.804
38.49, -0.8000, -8.030
38.50, -0.8000, -7.814
38.51, -0.8000, -7.514
38.52, -0.8000, -6.751
38.53, -0.8000, -7.931
38.54, -0.8000, -8.828
38.55, -0.8000, -6.793
38.56, -0.8000, -6.946
38.57, -0.8000, -7.430
38.58, -0.8000, -8.283
38.59, -0.8000, -6.338
38.60, -0.8000, -7.390
38.61, -0.8000, -7.138
38.62, -0.8000, -8.603
38.63, -0.8000, -6.192
38.64, -0.8000, -7.467
38.65, -0.8000, -8.603
38.66, -0.8000, -6.548
38.67, -0.8000, -6.957
38.68, -0.8000, -7.619
38.69, -0.8000, -7.305
38.70, -0.8000, -8.983
38.71, -0.8000, -7.047
38.72, -0.8000, -7.993
38.73, -0.8000, -7.263
38.74, -0.8000, -8.054
38.75, -0.8000, -7.573
38.76, -0.8000, -6.479
38.77, -0.8000, -7.145
38.78, -0.8000, -7.616
38.79, -0.8000, -7.349
38.80, -0.8000, -7.094
38.81, -0.8000, -6.938
38.82, -0.8000, -6.965
38.83, -0.8000, -7.832
38.84, -0.8000, -7.404
38.85, -0.8000, -7.765
38.86, -0.8000, -8.078
38.87, -0.8000, -6.793
38.88, -0.8000, -7.508
38.89, -0.8000, -6.561
38.90, -0.8000, -6.995
38.91, -0.8000, -8.723
38.92, -0.8000, -7.968
38.93, -0.8000, -6.785
38.94, -0.8000, -7.645
38.95, -0.8000, -7.665
38.96, -0.8000, -7.241
38.97, -0.8000, -6.848
38.98, -0.8000, -8.235
38.99, -0.8000, -6.982
39.00, -0.8000, -7.924
39.01, -0.8000, -8.085
39.02, -0.8000, -8.360
39.03, -0.8000, -6.346
39.04, -0.8000, -7.696
39.05, -0.8000, -7.535
39.06, -0.8000, -6.752
39.07, -0.8000, -6.209
39.08, -0.8000, -7.482
39.09, -0.8000, -6.836
39.10, -0.8000, -6.459
39.11, -0.8000, -7.379
39.12, -0.8000, -6.734
39.13, -0.8000, -7.893
39.14, -0.8000, -8.242
39.15, -0.8000, -6.594
39.16, -0.8000, -7.960
39.17, -0.8000, -7.573
39.18, -0.8000, -6.827
39.19, -0.8000, -6.667
39.20, -0.8000, -5.993
39.21, -0.8000, -6.441
39.22, -0.8000, -7.892
39.23, -0.8000, -7.633
39.24, -0.8000, -7.502
39.25, -0.8000, -7.975
39.26, -0.8000, -7.307
39.27, -0.8000, -8.125
39.28, -0.8000, -6.786
39.29, -0.8000, -6.570
39.30, -0.8000, -7.594
39.31, -0.8000, -7.401
39.32, -0.8000, -6.353
39.33, -0.8000, -7.406
39.34, -0.8000, -7.273
39.35, -0.8000, -6.820
39.36, -0.8000, -6.354
39.37, -0.8000, -7.785
39.38, -0.8000, -8.384
39.39, -0.8000, -6.435
39.40, -0.8000, -6.841
39.41, -0.8000, -7.269
39.42, -0.8000, -6.488
39.43, -0.8000, -6.945
39.44, -0.8000, -8.078
39.45, -0.8000, -7.645
39.46, -0.8000, -6.501
39.47, -0.8000, -7.096
39.48, -0.8000, -7.480
39.49, -0.8000, -7.582
39.50, -0.8000, -6.923
39.51, -0.8000, -5.928
39.52, -0.8000, -8.902
39.53, -0.8000, -6.562
39.54, -0.8000, -7.250
39.55, -0.8000, -7.241
39.56, -0.8000, -7.345
39.57, -0.8000, -8.960
39.58, -0.8000, -6.862
39.59, -0.8000, -7.589
39.60, -0.8000, -8.091
39.61, -0.8000, -8.066
39.62, -0.8000, -6.954
39.63, -0.8000, -8.636
39.64, -0.8000, -8.085
39.65, -0.8000, -7.618
39.66, -0.8000, -6.745
39.67, -0.8000, -7.513
39.68, -0.8000, -8.724
39.69, -0.8000, -7.511
39.70, -0.8000, -6.240
39.71, -0.8000, -7.749
39.72, -0.8000, -7.507
39.73, -0.8000, -6.700
39.74, -0.8000, -7.916
39.75, -0.8000, -7.163
39.76, -0.8000, -8.620
39.77, -0.8000, -6.519
39.78, -0.8000, -7.056
39.79, -0.8000, -7.702
39.80, -0.8000, -6.330
39.81, -0.8000, -7.244
39.82, -0.8000, -7.527
39.83, -0.8000, -7.899
39.84, -0.8000, -7.632
39.85, -0.8000, -7.456
39.86, -0.8000, -7.164
39.87, -0.8000, -7.423
39.88, -0.8000, -7.806
39.89, -0.8000, -6.977
39.90, -0.8000, -8.621
39.91, -0.8000, -7.635
39.92, -0.8000, -6.753
39.93, -0.8000, -8.653
39.94, -0.8000, -7.205
39.95, -0.8000, -8.541
39.96, -0.8000, -7.099
39.97, -0.8000, -7.069
39.98, -0.8000, -7.638
39.99, -0.8000, -7.320
40.00, -0.8000, -6.557
40.01, -0.8000, -7.222
40.02, -0.8000, -7.053
40.03, -0.8000, -6.976
40.04, -0.8000, -7.977
40.05, -0.8000, -6.074
40.06, -0.8000, -7.253
40.07, -0.8000, -8.754
40.08, -0.8000, -7.254
40.09, -0.8000, -7.972
40.10, -0.8000, -7.793
40.11, -0.8000, -7.975
40.12, -0.8000, -6.810
40.13, -0.8000, -8.184
40.14, -0.8000, -7.126
40.15, -0.8000, -7.098
40.16, -0.8000, -7.399
40.17, -0.8000, -6.628
40.18, -0.8000, -6.648
40.19, -0.8000, -8.859
40.20, -0.8000, -7.157
40.21, -0.8000, -7.220
40.22, -0.8000, -9.153
40.23, -0.8000, -6.704
40.24, -0.8000, -7.215
40.25, -0.8000, -7.270
40.26, -0.8000, -6.443
40.27, -0.8000, -6.951
40.28, -0.8000, -7.299
40.29, -0.8000, -5.996
40.30, -0.8000, -6.951
40.31, -0.8000, -7.568
40.32, -0.8000, -7.275
40.33, -0.8000, -8.486
40.34, -0.8000, -6.904
40.35, -0.8000, -6.345
40.36, -0.8000, -7.165
40.37, -0.8000, -7.258
40.38, -0.8000, -6.857
40.39, -0.8000, -9.257
40.40, -0.8000, -7.188
40.41, -0.8000, -8.172
40.42, -0.8000, -7.172
40.43, -0.8000, -7.024
40.44, -0.8000, -7.157
40.45, -0.8000, -6.494
40.46, -0.8000, -6.233
40.47, -0.8000, -8.424
40.48, -0.8000, -7.225
40.49, -0.8000, -6.904
40.50, -0.8000, -7.175
40.51, -0.8000, -6.711
40.52, -0.8000, -6.524
40.53, -0.8000, -7.510
40.54, -0.8000, -7.622
40.55, -0.8000, -7.408
40.56, -0.8000, -7.131
40.57, -0.8000, -6.488
40.58, -0.8000, -8.371
40.59, -0.8000, -7.009
40.60, -0.8000, -6.826
40.61, -0.8000, -7.363
40.62, -0.8000, -6.540
40.63, -0.8000, -7.159
40.64, -0.8000, -7.706
40.65, -0.8000, -6.174
40.66, -0.8000, -6.909
40.67, -0.8000, -8.606
40.68, -0.8000, -7.138
40.69, -0.8000, -7.120
40.70, -0.8000, -7.061
40.71, -0.8000, -7.572
40.72, -0.8000, -6.722
40.73, -0.8000, -7.347
40.74, -0.8000, -6.830
40.75, -0.8000, -7.584
40.76, -0.8000, -6.939
40.77, -0.8000, -7.391
40.78, -0.8000, -8.973
40.79, -0.8000, -6.654
40.80, -0.8000, -7.265
40.81, -0.8000, -7.583
40.82, -0.8000, -7.754
40.83, -0.8000, -6.886
40.84, -0.8000, -6.937
40.85, -0.8000, -7.214
40.86, -0.8000, -7.342
40.87, -0.8000, -6.811
40.88, -0.8000, -6.500
40.89, -0.8000, -7.091
40.90, -0.8000, -7.260
40.91, -0.8000, -7.112
40.92, -0.8000, -8.644
40.93, -0.8000, -6.718
40.94, -0.8000, -6.219
40.95, -0.8000, -7.694
40.96, -0.8000, -6.230
40.97, -0.8000, -6.882
40.98, -0.8000, -7.971
40.99, -0.8000, -6.784
41.00, -0.8000, -8.410
41.01, -0.8000, -9.423
41.02, -0.8000, -8.758
41.03, -0.8000, -7.352
41.04, -0.8000, -7.938
41.05, -0.8000, -7.572
41.06, -0.8000, -7.251
41.07, -0.8000, -8.362
41.08, -0.8000, -7.137
41.09, -0.8000, -6.287
41.10, -0.8000, -9.176
41.11, -0.8000, -6.849
41.12, -0.8000, -7.157
41.13, -0.8000, -7.670
41.14, -0.8000, -7.049
41.15, -0.8000, -6.841
41.16, -0.8000, -7.563
41.17, -0.8000, -7.821
41.18, -0.8000, -7.183
41.19, -0.8000, -7.819
41.20, -0.8000, -6.996
41.21, -0.8000, -6.820
41.22, -0.8000, -6.211
41.23, -0.8000, -6.711
41.24, -0.8000, -6.692
41.25, -0.8000, -6.945
41.26, -0.8000, -6.650
41.27, -0.8000, -8.792
41.28, -0.8000, -6.850
41.29, -0.8000, -6.308
41.30, -0.8000, -8.057
41.31, -0.8000, -5.838
41.32, -0.8000, -7.099
41.33, -0.8000, -7.825
41.34, -0.8000, -6.566
41.35, -0.8000, -6.928
41.36, -0.8000, -7.868
41.37, -0.8000, -8.075
41.38, -0.8000, -6.498
41.39, -0.8000, -6.937
41.40, -0.8000, -8.011
41.41, -0.8000, -7.766
41.42, -0.8000, -7.502
41.43, -0.8000, -8.052
41.44, -0.8000, -7.686
41.45, -0.8000, -6.504
41.46, -0.8000, -6.921
41.47, -0.8000, -7.761
41.48, -0.8000, -6.965
41.49, -0.8000, -7.982
41.50, -0.8000, -6.659
41.51, -0.8000, -6.505
41.52, -0.8000, -7.483
41.53, -0.8000, -7.221
41.54, -0.8000, -7.387
41.55, -0.8000, -8.293
41.56, -0.8000, -7.203
41.57, -0.8000, -7.494
41.58, -0.8000, -6.557
41.59, -0.8000, -6.868
41.60, -0.8000, -6.709
41.61, -0.8000, -7.084
41.62, -0.8000, -6.981
41.63, -0.8000, -8.210
41.64, -0.8000, -7.526
41.65, -0.8000, -7.368
41.66, -0.8000, -8.432
41.67, -0.8000, -7.440
41.68, -0.8000, -7.202
41.69, -0.8000, -7.511
41.70, -0.8000, -6.699
41.71, -0.8000, -7.813
41.72, -0.8000, -7.881
41.73, -0.8000, -6.727
41.74, -0.8000, -6.537
41.75, -0.8000, -6.697
41.76, -0.8000, -6.479
41.77, -0.8000, -7.496
41.78, -0.8000, -6.375
41.79, -0.8000, -6.002
41.80, -0.8000, -7.584
41.81, -0.8000, -6.783
41.82, -0.8000, -7.289
41.83, -0.8000, -7.566
41.84, -0.8000, -6.465
41.85, -0.8000, -7.220
41.86, -0.8000, -7.413
41.87, -0.8000, -8.274
41.88, -0.8000, -6.474
41.89, -0.8000, -7.318
41.90, -0.8000, -6.881
41.91, -0.8000, -6.726
41.92, -0.8000, -5.817
41.93, -0.8000, -7.604
41.94, -0.8000, -6.606
41.95, -0.8000, -6.470
41.96, -0.8000, -6.370
41.97, -0.8000, -7.014
41.98, -0.8000, -7.346
41.99, -0.8000, -7.023
42.00, -0.8000, -6.780
42.01, -0.8000, -7.412
42.02, -0.8000, -6.486
42.03, -0.8000, -6.811
42.04, -0.8000, -8.256
42.05, -0.8000, -6.731
42.06, -0.8000, -7.188
42.07, -0.8000, -7.392
42.08, -0.8000, -6.676
42.09, -0.8000, -6.672
42.10, -0.8000, -7.816
42.11, -0.8000, -6.455
42.12, -0.8000, -7.520
42.13, -0.8000, -7.680
42.14, -0.8000, -6.926
42.15, -0.8000, -7.248
42.16, -0.8000, -6.673
42.17, -0.8000, -6.973
42.18, -0.8000, -6.767
42.19, -0.8000, -6.679
42.20, -0.8000, -7.100
42.21, -0.8000, -7.875
42.22, -0.8000, -7.265
42.23, -0.8000, -6.213
42.24, -0.8000, -8.245
42.25, -0.8000, -6.561
42.26, -0.8000, -7.891
42.27, -0.8000, -7.093
42.28, -0.8000, -6.760
42.29, -0.8000, -6.926
42.30, -0.8000, -6.698
42.31, -0.8000, -6.956
42.32, -0.8000, -7.529
42.33, -0.8000, -7.299
42.34, -0.8000, -6.817
42.35, -0.8000, -7.861
42.36, -0.8000, -6.971
42.37, -0.8000, -7.877
42.38, -0.8000, -7.300
42.39, -0.8000, -6.587
42.40, -0.8000, -6.238
42.41, -0.8000, -7.290
42.42, -0.8000, -6.947
42.43, -0.8000, -6.212
42.44, -0.8000, -7.272
42.45, -0.8000, -7.054
42.46, -0.8000, -5.990
42.47, -0.8000, -7.815
42.48, -0.8000, -6.406
42.49, -0.8000, -6.488
42.50, -0.8000, -8.310
42.51, -0.8000, -7.584
42.52, -0.8000, -7.767
42.53, -0.8000, -6.692
42.54, -0.8000, -6.270
42.55, -0.8000, -7.459
42.56, -0.8000, -6.910
42.57, -0.8000, -8.088
42.58, -0.8000, -7.452
42.59, -0.8000, -7.870
42.60, -0.8000, -7.273
42.61, -0.8000, -7.078
42.62, -0.8000, -7.660
42.63, -0.8000, -7.106
42.64, -0.8000, -7.943
42.65, -0.8000, -7.170
42.66, -0.8000, -7.410
42.67, -0.8000, -7.402
42.68, -0.8000, -6.863
42.69, -0.8000, -7.195
42.70, -0.8000, -8.672
42.71, -0.8000, -7.121
42.72, -0.8000, -7.048
42.73, -0.8000, -9.643
42.74, -0.8000, -6.859
42.75, -0.8000, -7.361
42.76, -0.8000, -7.449
42.77, -0.8000, -7.338
42.78, -0.8000, -7.672
42.79, -0.8000, -8.764
42.80, -0.8000, -7.430
42.81, -0.8000, -6.267
42.82, -0.8000, -6.710
42.83, -0.8000, -7.781
42.84, -0.8000, -6.805
42.85, -0.8000, -7.731
42.86, -0.8000, -7.080
42.87, -0.8000, -6.539
42.88, -0.8000, -7.449
42.89, -0.8000, -6.468
42.90, -0.8000, -7.799
42.91, -0.8000, -6.236
42.92, -0.8000, -7.014
42.93, -0.8000, -7.632
42.94, -0.8000, -6.419
42.95, -0.8000, -7.186
42.96, -0.8000, -7.878
42.97, -0.8000, -6.769
42.98, -0.8000, -7.628
42.99, -0.8000, -6.962
43.00, -0.8000, -7.727
43.01, -0.8000, -6.692
43.02, -0.8000, -7.483
43.03, -0.8000, -6.294
43.04, -0.8000, -6.074
43.05, -0.8000, -7.617
43.06, -0.8000, -8.243
43.07, -0.8000, -7.179
43.08, -0.8000, -7.533
43.09, -0.8000, -7.313
43.10, -0.8000, -6.666
43.11, -0.8000, -7.004
43.12, -0.8000, -7.058
43.13, -0.8000, -7.313
43.14, -0.8000, -7.400
43.15, -0.8000, -6.457
43.16, -0.8000, -7.202
43.17, -0.8000, -8.045
43.18, -0.8000, -7.735
43.19, -0.8000, -7.485
43.20, -0.8000, -7.449
43.21, -0.8000, -7.537
43.22, -0.8000, -7.084
43.23, -0.8000, -7.244
43.24, -0.8000, -7.497
43.25, -0.8000, -7.568
43.26, -0.8000, -7.350
43.27, -0.8000, -7.173
43.28, -0.8000, -7.073
43.29, -0.8000, -7.050
43.30, -0.8000, -7.324
43.31, -0.8000, -7.115
43.32, -0.8000, -6.673
43.33, -0.8000, -7.618
43.34, -0.8000, -7.984
43.35, -0.8000, -6.371
43.36, -0.8000, -6.540
43.37, -0.8000, -8.240
43.38, -0.8000, -6.516
43.39, -0.8000, -7.472
43.40, -0.8000, -8.220
43.41, -0.8000, -6.096
43.42, -0.8000, -7.138
43.43, -0.8000, -7.470
43.44, -0.8000, -6.585
43.45, -0.8000, -6.698
43.46, -0.8000, -7.821
43.47, -0.8000, -5.842
43.48, -0.8000, -7.140
43.49, -0.8000, -6.976
43.50, -0.8000, -6.495
43.51, -0.8000, -7.187
43.52, -0.8000, -8.093
43.53, -0.8000, -6.784
43.54, -0.8000, -7.477
43.55, -0.8000, -7.481
43.56, -0.8000, -6.311
43.57, -0.8000, -6.244
43.58, -0.8000, -6.988
43.59, -0.8000, -7.890
43.60, -0.8000, -7.955
43.61, -0.8000, -8.029
43.62, -0.8000, -8.330
43.63, -0.8000, -6.326
43.64, -0.8000, -8.411
43.65, -0.8000, -6.660
43.66, -0.8000, -6.966
43.67, -0.8000, -7.813
43.68, -0.8000, -6.587
43.69, -0.8000, -8.018
43.70, -0.8000, -7.977
43.71, -0.8000, -6.284
43.72, -0.8000, -6.402
43.73, -0.8000, -7.397
43.74, -0.8000, -6.002
43.75, -0.8000, -5.841
43.76, -0.8000, -8.783
43.77, -0.8000, -7.295
43.78, -0.8000, -7.871
43.79, -0.8000, -7.944
43.80, -0.8000, -6.533
43.81, -0.8000, -8.748
43.82, -0.8000, -7.125
43.83, -0.8000, -7.779
43.84, -0.8000, -6.779
43.85, -0.8000, -6.703
43.86, -0.8000, -7.111
43.87, -0.8000, -8.214
43.88, -0.8000, -7.537
43.89, -0.8000, -6.577
43.90, -0.8000, -7.613
43.91, -0.8000, -7.048
43.92, -0.8000, -6.871
43.93, -0.8000, -8.296
43.94, -0.8000, -6.587
43.95, -0.8000, -7.065
43.96, -0.8000, -8.488
43.97, -0.8000, -6.798
43.98, -0.8000, -6.391
43.99, -0.8000, -7.571
44.00, -0.8000, -7.352
44.01, -0.8000, -7.156
44.02, -0.8000, -7.244
44.03, -0.8000, -7.074
44.04, -0.8000, -6.987
44.05, -0.8000, -7.057
44.06, -0.8000, -7.373
44.07, -0.8000, -7.362
44.08, -0.8000, -7.945
44.09, -0.8000, -6.037
44.10, -0.8000, -6.302
44.11, -0.8000, -6.093
44.12, -0.8000, -6.275
44.13, -0.8000, -7.628
44.14, -0.8000, -7.580
44.15, -0.8000, -6.496
44.16, -0.8000, -7.431
44.17, -0.8000, -7.201
44.18, -0.8000, -8.065
44.19, -0.8000, -8.371
44.20, -0.8000, -7.214
44.21, -0.8000, -6.593
44.22, -0.8000, -7.833
44.23, -0.8000, -6.763
44.24, -0.8000, -7.173
44.25, -0.8000, -7.446
44.26, -0.8000, -6.927
44.27, -0.8000, -7.814
44.28, -0.8000, -7.595
44.29, -0.8000, -6.617
44.30, -0.8000, -7.317
44.31, -0.8000, -7.771
44.32, -0.8000, -6.950
44.33, -0.8000, -7.172
44.34, -0.8000, -6.808
44.35, -0.8000, -7.447
44.36, -0.8000, -7.609
44.37, -0.8000, -7.114
44.38, -0.8000, -7.179
44.39, -0.8000, -8.279
44.40, -0.8000, -5.359
44.41, -0.8000, -6.986
44.42, -0.8000, -9.047
44.43, -0.8000, -7.039
44.44, -0.8000, -6.885
44.45, -0.8000, -8.114
44.46, -0.8000, -6.934
44.47, -0.8000, -7.085
44.48, -0.8000, -8.373
44.49, -0.8000, -6.002
44.50, -0.8000, -5.972
44.51, -0.8000, -7.788
44.52, -0.8000, -7.343
44.53, -0.8000, -6.814
44.54, -0.8000, -7.438
44.55, -0.8000, -7.123
44.56, -0.8000, -7.024
44.57, -0.8000, -6.105
44.58, -0.8000, -7.543
44.59, -0.8000, -7.144
44.60, -0.8000, -6.071
44.61, -0.8000, -6.701
44.62, -0.8000, -8.083
44.63, -0.8000, -6.930
44.64, -0.8000, -6.862
44.65, -0.8000, -8.933
44.66, -0.8000, -6.938
44.67, -0.8000, -6.012
44.68, -0.8000, -6.874
44.69, -0.8000, -7.434
44.70, -0.8000, -6.903
44.71, -0.8000, -6.784
44.72, -0.8000, -7.310
44.73, -0.8000, -8.613
44.74, -0.8000, -7.072
44.75, -0.8000, -7.380
44.76, -0.8000, -7.781
44.77, -0.8000, -7.466
44.78, -0.8000, -6.762
44.79, -0.8000, -8.472
44.80, -0.8000, -7.085
44.81, -0.8000, -6.850
44.82, -0.8000, -7.142
44.83, -0.8000, -6.208
44.84, -0.8000, -7.833
44.85, -0.8000, -6.691
44.86, -0.8000, -7.665
44.87, -0.8000, -7.377
44.88, -0.8000, -6.181
44.89, -0.8000, -6.596
44.90, -0.8000, -7.438
44.91, -0.8000, -6.919
44.92, -0.8000, -6.394
44.93, -0.8000, -7.658
44.94, -0.8000, -7.239
44.95, -0.8000, -6.314
44.96, -0.8000, -5.844
44.97, -0.8000, -6.795
44.98, -0.8000, -8.354
44.99, -0.8000, -6.311
45.00, 0.000, -6.736
45.01, 0.001000, 14.50
45.02, 0.002000, 7.142
45.03, 0.003000, 3.702
45.04, 0.004000, 3.121
45.05, 0.005000, 1.047
45.06, 0.006000, -0.8147
45.07, 0.007000, 0.8282
45.08, 0.008000, -0.7416
45.09, 0.009000, -1.052
45.10, 0.01000, -1.309
45.11, 0.01100, -0.9678
45.12, 0.01200, 0.5803
45.13, 0.01300, -3.053
45.14, 0.01400, -1.476
45.15, 0.01500, -1.880
45.16, 0.01600, -2.459
45.17, 0.01700, -3.044
45.18, 0.01800, -1.646
45.19, 0.01900, -4.717
45.20, 0.02000, -3.673
45.21, 0.02100, -2.425
45.22, 0.02200, -3.020
45.23, 0.02300, -3.271
45.24, 0.02400, -2.329
45.25, 0.02500, -3.169
45.26, 0.02600, -2.452
45.27, 0.02700, -1.677
45.28, 0.02800, -3.336
45.29, 0.02900, -2.873
45.30, 0.03000, -2.207
45.31, 0.03100, -2.049
45.32, 0.03200, -2.685
45.33, 0.03300, -4.733
45.34, 0.03400, -3.351
45.35, 0.03500, -4.358
45.36, 0.03600, -5.216
45.37, 0.03700, -3.712
45.38, 0.03800, -4.057
45.39, 0.03900, -3.858
45.40, 0.04000, -1.828
45.41, 0.04100, -3.783
45.42, 0.04200, -3.698
45.43, 0.04300, -1.771
45.44, 0.04400, -2.147
45.45, 0.04500, -3.991
45.46, 0.04600, -2.571
45.47, 0.04700, -2.329
45.48, 0.04800, -2.496
45.49, 0.04900, -1.022
45.50, 0.05000, -3.204
45.51, 0.05100, -1.706
45.52, 0.05200, -4.099
45.53, 0.05300, -3.616
45.54, 0.05400, -4.148
45.55, 0.05500, -4.560
45.56, 0.05600, -3.588
45.57, 0.05700, -1.621
45.58, 0.05800, -5.510
45.59, 0.05900, -3.471
45.60, 0.06000, -4.496
45.61, 0.06100, -4.101
45.62, 0.06200, -3.488
45.63, 0.06300, -4.115
45.64, 0.06400, -4.385
45.65, 0.06500, -4.635
45.66, 0.06600, -1.711
45.67, 0.06700, -5.304
45.68, 0.06800, -2.848
45.69, 0.06900, -2.935
45.70, 0.07000, -4.366
45.71, 0.07100, -3.413
45.72, 0.07200, -2.577
45.73, 0.07300, -4.512
45.74, 0.07400, -1.632
45.75, 0.07500, -3.149
45.76, 0.07600, -4.962
45.77, 0.07700, -2.500
45.78, 0.07800, -3.562
45.79, 0.07900, -4.499
45.80, 0.08000, -2.058
45.81, 0.08100, -2.849
45.82, 0.08200, -4.284
45.83, 0.08300, -2.348
45.84, 0.08400, -2.717
45.85, 0.08500, -3.800
45.86, 0.08600, -3.640
45.87, 0.08700, -4.342
45.88, 0.08800, -4.320
45.89, 0.08900, -3.636
45.90, 0.09000, -2.512
45.91, 0.09100, -5.519
45.92, 0.09200, -4.653
45.93, 0.09300, -5.948
45.94, 0.09400, -3.481
45.95, 0.09500, -3.503
45.96, 0.09600, -4.148
45.97, 0.09700, -3.274
45.98, 0.09800, -4.830
45.99, 0.09900, -3.894
46.00, 0.1000, -4.230
46.01, 0.1010, -4.618
46.02, 0.1020, -1.599
46.03, 0.1030, -3.501
46.04, 0.1040, -4.571
46.05, 0.1050, -4.566
46.06, 0.1060, -2.912
46.07, 0.1070, -3.350
46.08, 0.1080, -2.716
46.09, 0.1090, -2.757
46.10, 0.1100, -3.874
46.11, 0.1110, -2.512
46.12, 0.1120, -3.250
46.13, 0.1130, -2.337
46.14, 0.1140, -4.656
46.15, 0.1150, -3.357
46.16, 0.1160, -3.676
46.17, 0.1170, -5.581
46.18, 0.1180, -4.267
46.19, 0.1190, -2.218
46.20, 0.1200, -4.948
46.21, 0.1210, -3.692
46.22, 0.1220, -3.058
46.23, 0.1230, -4.104
46.24, 0.1240, -3.235
46.25, 0.1250, -3.347
46.26, 0.1260, -3.684
46.27, 0.1270, -3.430
46.28, 0.1280, -4.895
46.29, 0.1290, -3.243
46.30, 0.1300, -4.968
46.31, 0.1310, -2.531
46.32, 0.1320, -3.624
46.33, 0.1330, -2.751
46.34, 0.1340, -3.445
46.35, 0.1350, -4.085
46.36, 0.1360, -3.451
46.37, 0.1370, -4.211
46.38, 0.1380, -5.005
46.39, 0.1390, -5.266
46.40, 0.1400, -3.132
46.41, 0.1410, -3.589
46.42, 0.1420, -5.660
46.43, 0.1430, -2.324
46.44, 0.1440, -1.504
46.45, 0.1450, -5.711
46.46, 0.1460, -2.394
46.47, 0.1470, -5.213
46.48, 0.1480, -3.822
46.49, 0.1490, -2.903
46.50, 0.1500, -2.850
46.51, 0.1510, -3.316
46.52, 0.1520, -3.450
46.53, 0.1530, -3.314
46.54, 0.1540, -1.348
46.55, 0.1550, -4.146
46.56, 0.1560, -3.869
46.57, 0.1570, -2.615
46.58, 0.1580, -2.626
46.59, 0.1590, -3.671
46.60, 0.1600, -3.622
46.61, 0.1610, -4.022
46.62, 0.1620, -2.412
46.63, 0.1630, -1.366
46.64, 0.1640, -3.500
46.65, 0.1650, -1.453
46.66, 0.1660, -2.328
46.67, 0.1670, -2.825
46.68, 0.1680, -1.610
46.69, 0.1690, -3.235
46.70, 0.1700, -3.353
46.71, 0.1710, -3.176
46.72, 0.1720, -3.900
46.73, 0.1730, -2.052
46.74, 0.1740, -3.225
46.75, 0.1750, -3.412
46.76, 0.1760, -2.738
46.77, 0.1770, -4.844
46.78, 0.1780, -4.018
46.79, 0.1790, -3.445
46.80, 0.1800, -2.402
46.81, 0.1810, -3.450
46.82, 0.1820, -3.380
46.83, 0.1830, -3.442
46.84, 0.1840, -4.669
46.85, 0.1850, -1.464
46.86, 0.1860, -4.638
46.87, 0.1870, -2.988
46.88, 0.1880, -4.055
46.89, 0.1890, -4.644
46.90, 0.1900, -2.645
46.91, 0.1910, -2.248
46.92, 0.1920, -4.104
46.93, 0.1930, 0.2885
46.94, 0.1940, -2.313
46.95, 0.1950, -4.406
46.96, 0.1960, -2.574
46.97, 0.1970, -4.539
46.98, 0.1980, -3.458
46.99, 0.1990, -2.750
47.00, 0.2000, -2.107
47.01, 0.2010, -3.112
47.02, 0.2020, -2.649
47.03, 0.2030, -1.833
47.04, 0.2040, -4.469
47.05, 0.2050, -2.153
47.06, 0.2060, -3.230
47.07, 0.2070, -3.864
47.08, 0.2080, -5.350
47.09, 0.2090, -2.508
47.10, 0.2100, -2.631
47.11, 0.2110, -4.338
47.12, 0.2120, -2.245
47.13, 0.2130, -1.386
47.14, 0.2140, -3.069
47.15, 0.2150, -1.725
47.16, 0.2160, -5.573
47.17, 0.2170, -1.476
47.18, 0.2180, -2.281
47.19, 0.2190, -3.938
47.20, 0.2200, -2.777
47.21, 0.2210, -2.178
47.22, 0.2220, -4.907
47.23, 0.2230, -3.152
47.24, 0.2240, -3.759
47.25, 0.2250, -2.900
47.26, 0.2260, -3.637
47.27, 0.2270, -2.346
47.28, 0.2280, -2.716
47.29, 0.2290, -4.685
47.30, 0.2300, -3.510
47.31, 0.2310, -1.042
47.32, 0.2320, -3.097
47.33, 0.2330, -3.200
47.34, 0.2340, -2.606
47.35, 0.2350, -5.305
47.36, 0.2360, -3.845
47.37, 0.2370, -2.658
47.38, 0.2380, -2.782
47.39, 0.2390, -3.467
47.40, 0.2400, -3.014
47.41, 0.2410, -3.971
47.42, 0.2420, -4.402
47.43, 0.2430, -4.591
47.44, 0.2440, -2.796
47.45, 0.2450, -3.110
47.46, 0.2460, -4.133
47.47, 0.2470, -3.006
47.48, 0.2480, -4.184
47.49, 0.2490, -4.059
47.50, 0.2500, -5.159
47.51, 0.2510, -2.748
47.52, 0.2520, -3.386
47.53, 0.2530, -3.461
47.54, 0.2540, -3.107
47.55, 0.2550, -2.151
47.56, 0.2560, -3.119
47.57, 0.2570, -4.838
47.58, 0.2580, -2.263
47.59, 0.2590, -4.786
47.60, 0.2600, -4.682
47.61, 0.2610, -3.697
47.62, 0.2620, -4.768
47.63, 0.2630, -2.944
47.64, 0.2640, -2.353
47.65, 0.2650, -4.995
47.66, 0.2660, -3.235
47.67, 0.2670, -2.762
47.68, 0.2680, -5.818
47.69, 0.2690, -3.704
47.70, 0.2700, -4.127
47.71, 0.2710, -3.819
47.72, 0.2720, -3.850
47.73, 0.2730, -3.589
47.74, 0.2740, -3.427
47.75, 0.2750, -3.766
47.76, 0.2760, -3.312
47.77, 0.2770, -3.251
47.78, 0.2780, -3.396
47.79, 0.2790, -3.223
47.80, 0.2800, -2.432
47.81, 0.2810, -3.929
47.82, 0.2820, -4.103
47.83, 0.2830, -3.401
47.84, 0.2840, -2.565
47.85, 0.2850, -5.170
47.86, 0.2860, -2.286
47.87, 0.2870, -4.862
47.88, 0.2880, -3.354
47.89, 0.2890, -2.293
47.90, 0.2900, -2.766
47.91, 0.2910, -5.057
47.92, 0.2920, -4.089
47.93, 0.2930, -3.426
47.94, 0.2940, -3.588
47.95, 0.2950, -5.564
47.96, 0.2960, -4.164
47.97, 0.2970, -4.148
47.98, 0.2980, -3.269
47.99, 0.2990, -4.199
48.00, 0.3000, -2.840
48.01, 0.3010, -4.686
48.02, 0.3020, -3.853
48.03, 0.3030, -4.992
48.04, 0.3040, -3.913
48.05, 0.3050, -2.846
48.06, 0.3060, -3.088
48.07, 0.3070, -2.807
48.08, 0.3080, -3.543
48.09, 0.3090, -3.461
48.10, 0.3100, -3.992
48.11, 0.3110, -2.805
48.12, 0.3120, -3.868
48.13, 0.3130, -4.140
48.14, 0.3140, -3.590
48.15, 0.3150, -5.249
48.16, 0.3160, -3.873
48.17, 0.3170, -3.344
48.18, 0.3180, -3.299
48.19, 0.3190, -4.179
48.20, 0.3200, -3.424
48.21, 0.3210, -3.777
48.22, 0.3220, -3.733
48.23, 0.3230, -1.963
48.24, 0.3240, -4.185
48.25, 0.3250, -3.759
48.26, 0.3260, -3.392
48.27, 0.3270, -4.493
48.28, 0.3280, -3.631
48.29, 0.3290, -3.156
48.30, 0.3300, -4.507
48.31, 0.3310, -2.427
48.32, 0.3320, -2.874
48.33, 0.3330, -4.119
48.34, 0.3340, -3.543
48.35, 0.3350, -2.651
48.36, 0.3360, -5.339
48.37, 0.3370, -2.667
48.38, 0.3380, -3.470
48.39, 0.3390, -3.278
48.40, 0.3400, -2.094
48.41, 0.3410, -4.017
48.42, 0.3420, -4.455
48.43, 0.3430, -4.393
48.44, 0.3440, -4.245
48.45, 0.3450, -4.402
48.46, 0.3460, -3.688
48.47, 0.3470, -2.683
48.48, 0.3480, -3.786
48.49, 0.3490, -2.886
48.50, 0.3500, -1.674
48.51, 0.3510, -3.852
48.52, 0.3520, -3.108
48.53, 0.3530, -3.400
48.54, 0.3540, -4.476
48.55, 0.3550, -4.419
48.56, 0.3560, -5.325
48.57, 0.3570, -3.474
48.58, 0.3580, -3.746
48.59, 0.3590, -3.774
48.60, 0.3600, -4.110
48.61, 0.3610, -4.053
48.62, 0.3620, -3.916
48.63, 0.3630, -4.607
48.64, 0.3640, -5.164
48.65, 0.3650, -4.111
48.66, 0.3660, -2.078
48.67, 0.3670, -6.547
48.68, 0.3680, -3.852
48.69, 0.3690, -3.299
48.70, 0.3700, -4.201
48.71, 0.3710, -3.924
48.72, 0.3720, -3.446
48.73, 0.3730, -3.274
48.74, 0.3740, -1.892
48.75, 0.3750, -4.315
48.76, 0.3760, -3.191
48.77, 0.3770, -3.906
48.78, 0.3780, -3.624
48.79, 0.3790, -4.114
48.80, 0.3800, -3.764
48.81, 0.3810, -3.005
48.82, 0.3820, -3.656
48.83, 0.3830, -3.356
48.84, 0.3840, -2.712
48.85, 0.3850, -4.141
48.86, 0.3860, -5.215
48.87, 0.3870, -3.321
48.88, 0.3880, -5.065
48.89, 0.3890, -4.446
48.90, 0.3900, -4.423
48.91, 0.3910, -4.186
48.92, 0.3920, -2.340
48.93, 0.3930, -3.130
48.94, 0.3940, -3.678
48.95, 0.3950, -3.579
48.96, 0.3960, -0.9189
48.97, 0.3970, -4.200
48.98, 0.3980, -3.929
48.99, 0.3990, -4.356
49.00, 0.4000, -5.555
49.01, 0.4010, -2.185
49.02, 0.4020, -2.408
49.03, 0.4030, -3.806
49.04, 0.4040, -3.168
49.05, 0.4050, -3.148
49.06, 0.4060, -1.259
49.07, 0.4070, -3.148
49.08, 0.4080, -3.226
49.09, 0.4090, -3.673
49.10, 0.4100, -3.804
49.11, 0.4110, -3.814
49.12, 0.4120, -4.015
49.13, 0.4130, -3.889
49.14, 0.4140, -3.764
49.15, 0.4150, -5.190
49.16, 0.4160, -2.574
49.17, 0.4170, -3.207
49.18, 0.4180, -2.408
49.19, 0.4190, -3.365
49.20, 0.4200, -3.319
49.21, 0.4210, -4.168
49.22, 0.4220, -2.367
49.23, 0.4230, -3.462
49.24, 0.4240, -3.237
49.25, 0.4250, -2.871
49.26, 0.4260, -2.680
49.27, 0.4270, -2.665
49.28, 0.4280, -3.173
49.29, 0.4290, -2.727
49.30, 0.4300, -5.335
49.31, 0.4310, -4.163
49.32, 0.4320, -3.090
49.33, 0.4330, -4.827
49.34, 0.4340, -4.660
49.35, 0.4350, -2.888
49.36, 0.4360, -5.581
49.37, 0.4370, -3.298
49.38, 0.4380, -2.189
49.39, 0.4390, -3.401
49.40, 0.4400, -3.465
49.41, 0.4410, -2.615
49.42, 0.4420, -3.685
49.43, 0.4430, -4.363
49.44, 0.4440, -4.003
49.45, 0.4450, -2.978
49.46, 0.4460, -2.810
49.47, 0.4470, -5.303
49.48, 0.4480, -4.151
49.49, 0.4490, -3.220
49.50, 0.4500, -4.353
49.51, 0.4510, -1.845
49.52, 0.4520, -4.069
49.53, 0.4530, -4.404
49.54, 0.4540, -3.048
49.55, 0.4550, -3.706
49.56, 0.4560, -4.121
49.57, 0.4570, -4.012
49.58, 0.4580, -3.153
49.59, 0.4590, -5.879
49.60, 0.4600, -3.617
49.61, 0.4610, -3.088
49.62, 0.4620, -4.924
49.63, 0.4630, -2.914
49.64, 0.4640, -4.119
49.65, 0.4650, -4.054
49.66, 0.4660, -2.416
49.67, 0.4670, -5.072
49.68, 0.4680, -3.971
49.69, 0.4690, -2.976
49.70, 0.4700, -2.150
49.71, 0.4710, -3.977
49.72, 0.4720, -3.018
49.73, 0.4730, -4.450
49.74, 0.4740, -5.553
49.75, 0.4750, -1.791
49.76, 0.4760, -4.549
49.77, 0.4770, -4.803
49.78, 0.4780, -2.740
49.79, 0.4790, -3.539
49.80, 0.4800, -3.958
49.81, 0.4810, -3.471
49.82, 0.4820, -3.829
49.83, 0.4830, -4.707
49.84, 0.4840, -1.804
49.85, 0.4850, -1.858
49.86, 0.4860, -4.366
49.87, 0.4870, -2.299
49.88, 0.4880, -2.306
49.89, 0.4890, -5.292
49.90, 0.4900, -2.090
49.91, 0.4910, -1.625
49.92, 0.4920, -4.600
49.93, 0.4930, -3.767
49.94, 0.4940, -3.430
49.95, 0.4950, -4.253
49.96, 0.4960, -2.989
49.97, 0.4970, -2.086
49.98, 0.4980, -4.632
49.99, 0.4990, -4.241
50.00, 0.5000, -3.744
50.01, 0.5010, -3.778
50.02, 0.5020, -2.903
50.03, 0.5030, -3.250
50.04, 0.5040, -2.883
50.05, 0.5050, -2.513
50.06, 0.5060, -4.071
50.07, 0.5070, -4.562
50.08, 0.5080, -3.681
50.09, 0.5090, -5.222
50.10, 0.5100, -4.072
50.11, 0.5110, -3.115
50.12, 0.5120, -5.080
50.13, 0.5130, -3.238
50.14, 0.5140, -2.883
50.15, 0.5150, -5.311
50.16, 0.5160, -3.379
50.17, 0.5170, -3.715
50.18, 0.5180, -3.801
50.19, 0.5190, -2.825
50.20, 0.5200, -2.870
50.21, 0.5210, -4.362
50.22, 0.5220, -3.565
50.23, 0.5230, -3.477
50.24, 0.5240, -4.581
50.25, 0.5250, -3.367
50.26, 0.5260, -3.804
50.27, 0.5270, -3.522
50.28, 0.5280, -2.655
50.29, 0.5290, -2.340
50.30, 0.5300, -2.958
50.31, 0.5310, -4.065
50.32, 0.5320, -3.990
50.33, 0.5330, -4.268
50.34, 0.5340, -2.394
50.35, 0.5350, -4.089
50.36, 0.5360, -3.476
50.37, 0.5370, -3.984
50.38, 0.5380, -5.731
50.39, 0.5390, -3.943
50.40, 0.5400, -3.355
50.41, 0.5410, -4.539
50.42, 0.5420, -3.511
50.43, 0.5430, -3.165
50.44, 0.5440, -4.090
50.45, 0.5450, -4.261
50.46, 0.5460, -4.066
50.47, 0.5470, -3.287
50.48, 0.5480, -4.405
50.49, 0.5490, -5.393
50.50, 0.5500, -4.471
50.51, 0.5510, -4.829
50.52, 0.5520, -4.003
50.53, 0.5530, -4.440
50.54, 0.5540, -4.524
50.55, 0.5550, -2.526
50.56, 0.5560, -2.791
50.57, 0.5570, -2.881
50.58, 0.5580, -3.832
50.59, 0.5590, -2.967
50.60, 0.5600, -4.575
50.61, 0.5610, -4.267
50.62, 0.5620, -3.077
50.63, 0.5630, -3.861
50.64, 0.5640, -4.425
50.65, 0.5650, -2.962
50.66, 0.5660, -4.593
50.67, 0.5670, -4.167
50.68, 0.5680, -2.760
50.69, 0.5690, -4.175
50.70, 0.5700, -3.975
50.71, 0.5710, -4.176
50.72, 0.5720, -2.355
50.73, 0.5730, -3.878
50.74, 0.5740, -2.033
50.75, 0.5750, -4.050
50.76, 0.5760, -1.517
50.77, 0.5770, -3.330
50.78, 0.5780, -4.379
50.79, 0.5790, -3.669
50.80, 0.5800, -4.051
50.81, 0.5810, -3.782
50.82, 0.5820, -3.910
50.83, 0.5830, -1.932
50.84, 0.5840, -4.371
50.85, 0.5850, -2.702
50.86, 0.5860, -3.689
50.87, 0.5870, -3.010
50.88, 0.5880, -3.963
50.89, 0.5890, -3.308
50.90, 0.5900, -2.653
50.91, 0.5910, -4.677
50.92, 0.5920, -4.840
50.93, 0.5930, -2.803
50.94, 0.5940, -4.261
50.95, 0.5950, -4.782
50.96, 0.5960, -2.768
50.97, 0.5970, -3.282
50.98, 0.5980, -5.554
50.99, 0.5990, -3.855
51.00, 0.6000, -3.875
51.01, 0.6010, -5.209
51.02, 0.6020, -3.443
51.03, 0.6030, -4.193
51.04, 0.6040, -4.691
51.05, 0.6050, -4.224
51.06, 0.6060, -3.303
51.07, 0.6070, -4.201
51.08, 0.6080, -3.402
51.09, 0.6090, -3.485
51.10, 0.6100, -3.918
51.11, 0.6110, -2.940
51.12, 0.6120, -4.402
51.13, 0.6130, -3.909
51.14, 0.6140, -4.428
51.15, 0.6150, -3.260
51.16, 0.6160, -3.503
51.17, 0.6170, -3.866
51.18, 0.6180, -4.108
51.19, 0.6190, -2.776
51.20, 0.6200, -2.715
51.21, 0.6210, -3.134
51.22, 0.6220, -2.197
51.23, 0.6230, -2.538
51.24, 0.6240, -3.019
51.25, 0.6250, -2.672
51.26, 0.6260, -2.999
51.27, 0.6270, -3.139
51.28, 0.6280, -2.348
51.29, 0.6290, -3.928
51.30, 0.6300, -4.237
51.31, 0.6310, -4.447
51.32, 0.6320, -4.304
51.33, 0.6330, -3.864
51.34, 0.6340, -3.156
51.35, 0.6350, -3.848
51.36, 0.6360, -4.497
51.37, 0.6370, -2.616
51.38, 0.6380, -3.760
51.39, 0.6390, -3.341
51.40, 0.6400, -2.858
51.41, 0.6410, -3.747
51.42, 0.6420, -3.262
51.43, 0.6430, -2.966
51.44, 0.6440, -4.609
51.45, 0.6450, -4.568
51.46, 0.6460, -4.715
51.47, 0.6470, -4.016
51.48, 0.6480, -2.759
51.49, 0.6490, -5.768
51.50, 0.6500, -3.898
51.51, 0.6510, -4.183
51.52, 0.6520, -4.438
51.53, 0.6530, -3.349
51.54, 0.6540, -2.280
51.55, 0.6550, -5.299
51.56, 0.6560, -3.549
51.57, 0.6570, -2.846
51.58, 0.6580, -4.237
51.59, 0.6590, -3.208
51.60, 0.6600, -3.436
51.61, 0.6610, -3.136
51.62, 0.6620, -3.494
51.63, 0.6630, -2.978
51.64, 0.6640, -3.301
51.65, 0.6650, -2.123
51.66, 0.6660, -4.166
51.67, 0.6670, -2.315
51.68, 0.6680, -4.501
51.69, 0.6690, -3.984
51.70, 0.6700, -3.716
51.71, 0.6710, -2.367
51.72, 0.6720, -4.605
51.73, 0.6730, -1.477
51.74, 0.6740, -3.721
51.75, 0.6750, -3.258
51.76, 0.6760, -2.793
51.77, 0.6770, -2.468
51.78, 0.6780, -2.017
51.79, 0.6790, -4.327
51.80, 0.6800, -2.903
51.81, 0.6810, -3.396
51.82, 0.6820, -3.211
51.83, 0.6830, -3.637
51.84, 0.6840, -3.215
51.85, 0.6850, -2.704
51.86, 0.6860, -3.288
51.87, 0.6870, -2.979
51.88, 0.6880, -4.219
51.89, 0.6890, -3.307
51.90, 0.6900, -3.043
51.91, 0.6910, -3.769
51.92, 0.6920, -5.836
51.93, 0.6930, -3.963
51.94, 0.6940, -4.515
51.95, 0.6950, -3.870
51.96, 0.6960, -3.650
51.97, 0.6970, -4.089
51.98, 0.6980, -3.198
51.99, 0.6990, -1.935
52.00, 0.7000, -3.488
52.01, 0.7010, -3.873
52.02, 0.7020, -3.189
52.03, 0.7030, -4.591
52.04, 0.7040, -3.290
52.05, 0.7050, -2.718
52.06, 0.7060, -4.784
52.07, 0.7070, -2.704
52.08, 0.7080, -3.957
52.09, 0.7090, -3.404
52.10, 0.7100, -4.245
52.11, 0.7110, -3.474
52.12, 0.7120, -3.798
52.13, 0.7130, -3.596
52.14, 0.7140, -4.077
52.15, 0.7150, -4.071
52.16, 0.7160, -5.124
52.17, 0.7170, -3.630
52.18, 0.7180, -4.469
52.19, 0.7190, -3.915
52.20, 0.7200, -3.171
52.21, 0.7210, -2.918
52.22, 0.7220, -2.279
52.23, 0.7230, -4.549
52.24, 0.7240, -4.014
52.25, 0.7250, -3.516
52.26, 0.7260, -3.172
52.27, 0.7270, -4.099
52.28, 0.7280, -4.421
52.29, 0.7290, -4.110
52.30, 0.7300, -3.291
52.31, 0.7310, -4.696
52.32, 0.7320, -3.741
52.33, 0.7330, -3.851
52.34, 0.7340, -4.191
52.35, 0.7350, -3.967
52.36, 0.7360, -3.513
52.37, 0.7370, -4.818
52.38, 0.7380, -3.363
52.39, 0.7390, -2.429
52.40, 0.7400, -4.251
52.41, 0.7410, -3.032
52.42, 0.7420, -2.802
52.43, 0.7430, -2.721
52.44, 0.7440, -3.924
52.45, 0.7450, -2.425
52.46, 0.7460, -1.707
52.47, 0.7470, -4.799
52.48, 0.7480, -3.195
52.49, 0.7490, -3.309
52.50, 0.7500, -1.579
52.51, 0.7510, -4.977
52.52, 0.7520, -2.939
52.53, 0.7530, -1.848
52.54, 0.7540, -3.960
52.55, 0.7550, -3.033
52.56, 0.7560, -3.230
52.57, 0.7570, -3.459
52.58, 0.7580, -3.035
52.59, 0.7590, -2.118
52.60, 0.7600, -4.633
52.61, 0.7610, -3.683
52.62, 0.7620, -2.591
52.63, 0.7630, -4.056
52.64, 0.7640, -2.654
52.65, 0.7650, -4.281
52.66, 0.7660, -5.211
52.67, 0.7670, -2.656
52.68, 0.7680, -3.659
52.69, 0.7690, -2.683
52.70, 0.7700, -3.600
52.71, 0.7710, -3.592
52.72, 0.7720, -3.708
52.73, 0.7730, -2.891
52.74, 0.7740, -2.768
52.75, 0.7750, -2.313
52.76, 0.7760, -3.320
52.77, 0.7770, -3.205
52.78, 0.7780, -3.363
52.79, 0.7790, -4.194
52.80, 0.7800, -3.899
52.81, 0.7810, -2.091
52.82, 0.7820, -4.808
52.83, 0.7830, -3.143
52.84, 0.7840, -3.819
52.85, 0.7850, -5.281
52.86, 0.7860, -3.676
52.87, 0.7870, -3.527
52.88, 0.7880, -3.451
52.89, 0.7890, -2.610
52.90, 0.7900, -2.325
52.91, 0.7910, -4.112
52.92, 0.7920, -2.068
52.93, 0.7930, -3.256
52.94, 0.7940, -2.989
52.95, 0.7950, -3.990
52.96, 0.7960, -3.511
52.97, 0.7970, -3.812
52.98, 0.7980, -3.776
52.99, 0.7990, -3.454
53.00, 0.8000, -4.702
53.01, 0.8010, -5.173
53.02, 0.8020, -2.347
53.03, 0.8030, -4.545
53.04, 0.8040, -2.608
53.05, 0.8050, -4.419
53.06, 0.8060, -4.984
53.07, 0.8070, -3.394
53.08, 0.8080, -3.462
53.09, 0.8090, -3.104
53.10, 0.8100, -3.173
53.11, 0.8110, -2.970
53.12, 0.8120, -2.533
53.13, 0.8130, -5.191
53.14, 0.8140, -4.890
53.15, 0.8150, -4.233
53.16, 0.8160, -3.747
53.17, 0.8170, -4.019
53.18, 0.8180, -3.611
53.19, 0.8190, -3.512
53.20, 0.8200, -1.968
53.21, 0.8210, -2.289
53.22, 0.8220, -2.714
53.23, 0.8230, -4.253
53.24, 0.8240, -2.821
53.25, 0.8250, -2.759
53.26, 0.8260, -3.693
53.27, 0.8270, -2.892
53.28, 0.8280, -3.230
53.29, 0.8290, -4.366
53.30, 0.8300, -2.245
53.31, 0.8310, -3.505
53.32, 0.8320, -4.497
53.33, 0.8330, -1.272
53.34, 0.8340, -3.184
53.35, 0.8350, -5.388
53.36, 0.8360, -2.789
53.37, 0.8370, -5.048
53.38, 0.8380, -5.012
53.39, 0.8390, -3.602
53.40, 0.8400, -4.241
53.41, 0.8410, -4.453
53.42, 0.8420, -2.578
53.43, 0.8430, -3.864
53.44, 0.8440, -3.634
53.45, 0.8450, -3.402
53.46, 0.8460, -3.683
53.47, 0.8470, -4.245
53.48, 0.8480, -2.924
53.49, 0.8490, -3.729
53.50, 0.8500, -5.231
53.51, 0.8510, -3.728
53.52, 0.8520, -3.014
53.53, 0.8530, -4.000
53.54, 0.8540, -4.018
53.55, 0.8550, -3.248
53.56, 0.8560, -2.490
53.57, 0.8570, -3.399
53.58, 0.8580, -4.926
53.59, 0.8590, -1.247
53.60, 0.8600, -3.503
53.61, 0.8610, -3.944
53.62, 0.8620, -1.878
53.63, 0.8630, -3.095
53.64, 0.8640, -3.359
53.65, 0.8650, -2.804
53.66, 0.8660, -3.878
53.67, 0.8670, -4.157
53.68, 0.8680, -2.876
53.69, 0.8690, -1.904
53.70, 0.8700, -3.739
53.71, 0.8710, -3.959
53.72, 0.8720, -3.343
53.73, 0.8730, -4.606
53.74, 0.8740, -3.089
53.75, 0.8750, -2.781
53.76, 0.8760, -3.960
53.77, 0.8770, -2.862
53.78, 0.8780, -2.675
53.79, 0.8790, -4.591
53.80, 0.8800, -3.616
53.81, 0.8810, -1.953
53.82, 0.8820, -4.617
53.83, 0.8830, -2.375
53.84, 0.8840, -4.170
53.85, 0.8850, -5.875
53.86, 0.8860, -2.060
53.87, 0.8870, -3.042
53.88, 0.8880, -5.885
53.89, 0.8890, -4.094
53.90, 0.8900, -2.880
53.91, 0.8910, -3.525
53.92, 0.8920, -2.446
53.93, 0.8930, -2.398
53.94, 0.8940, -5.174
53.95, 0.8950, -4.115
53.96, 0.8960, -3.599
53.97, 0.8970, -3.975
53.98, 0.8980, -1.909
53.99, 0.8990, -3.146
54.00, 0.9000, -5.021
54.01, 0.9010, -3.321
54.02, 0.9020, -3.586
54.03, 0.9030, -3.666
54.04, 0.9040, -2.767
54.05, 0.9050, -1.938
54.06, 0.9060, -3.399
54.07, 0.9070, -2.027
54.08, 0.9080, -3.178
54.09, 0.9090, -3.774
54.10, 0.9100, -2.533
54.11, 0.9110, -2.488
54.12, 0.9120, -3.837
54.13, 0.9130, -1.980
54.14, 0.9140, -2.871
54.15, 0.9150, -4.169
54.16, 0.9160, -2.528
54.17, 0.9170, -2.946
54.18, 0.9180, -4.627
54.19, 0.9190, -1.841
54.20, 0.9200, -3.216
54.21, 0.9210, -5.455
54.22, 0.9220, -2.114
54.23, 0.9230, -5.452
54.24, 0.9240, -3.663
54.25, 0.9250, -2.761
54.26, 0.9260, -3.906
54.27, 0.9270, -2.192
54.28, 0.9280, -5.095
54.29, 0.9290, -3.987
54.30, 0.9300, -2.348
54.31, 0.9310, -3.193
54.32, 0.9320, -2.216
54.33, 0.9330, -2.967
54.34, 0.9340, -3.296
54.35, 0.9350, -2.637
54.36, 0.9360, -4.709
54.37, 0.9370, -2.339
54.38, 0.9380, -2.833
54.39, 0.9390, -4.606
54.40, 0.9400, -2.376
54.41, 0.9410, -4.351
54.42, 0.9420, -3.973
54.43, 0.9430, -4.099
54.44, 0.9440, -3.488
54.45, 0.9450, -3.426
54.46, 0.9460, -2.316
54.47, 0.9470, -3.999
54.48, 0.9480, -3.782
54.49, 0.9490, -3.192
54.50, 0.9500, -3.336
54.51, 0.9510, -3.003
54.52, 0.9520, -2.911
54.53, 0.9530, -1.962
54.54, 0.9540, -2.888
54.55, 0.9550, -2.788
54.56, 0.9560, -2.922
54.57, 0.9570, -3.975
54.58, 0.9580, -2.214
54.59, 0.9590, -3.002
54.60, 0.9600, -3.133
54.61, 0.9610, -3.332
54.62, 0.9620, -2.408
54.63, 0.9630, -3.189
54.64, 0.9640, -3.720
54.65, 0.9650, -1.648
54.66, 0.9660, -6.039
54.67, 0.9670, -2.273
54.68, 0.9680, -4.051
54.69, 0.9690, -3.467
54.70, 0.9700, -2.829
54.71, 0.9710, -4.400
54.72, 0.9720, -5.212
54.73, 0.9730, -4.157
54.74, 0.9740, -4.348
54.75, 0.9750, -3.693
54.76, 0.9760, -1.822
54.77, 0.9770, -1.892
54.78, 0.9780, -4.705
54.79, 0.9790, -3.383
54.80, 0.9800, -1.863
54.81, 0.9810, -4.900
54.82, 0.9820, -3.346
54.83, 0.9830, -4.013
54.84, 0.9840, -5.013
54.85, 0.9850, -2.272
54.86, 0.9860, -3.468
54.87, 0.9870, -3.083
54.88, 0.9880, -3.011
54.89, 0.9890, -4.689
54.90, 0.9900, -4.269
54.91, 0.9910, -1.105
54.92, 0.9920, -3.182
54.93, 0.9930, -3.188
54.94, 0.9940, -3.687
54.95, 0.9950, -2.102
54.96, 0.9960, -4.424
54.97, 0.9970, -2.413
54.98, 0.9980, -1.702
54.99, 0.9990, -2.540
55.00, 1.000, -2.204
55.01, 1.001, -2.083
55.02, 1.002, -1.244
55.03, 1.003, -3.683
55.04, 1.004, -4.370
55.05, 1.005, -2.407
55.06, 1.006, -3.626
55.07, 1.007, -4.779
55.08, 1.008, -3.341
55.09, 1.009, -3.229
55.10, 1.010, -5.379
55.11, 1.011, -2.030
55.12, 1.012, -3.212
55.13, 1.013, -3.693
55.14, 1.014, -2.212
55.15, 1.015, -2.258
55.16, 1.016, -4.778
55.17, 1.017, -2.969
55.18, 1.018, -2.114
55.19, 1.019, -3.751
55.20, 1.020, -2.174
55.21, 1.021, -2.186
55.22, 1.022, -3.849
55.23, 1.023, -3.440
55.24, 1.024, -2.487
55.25, 1.025, -4.157
55.26, 1.026, -2.647
55.27, 1.027, -2.003
55.28, 1.028, -4.495
55.29, 1.029, -3.089
55.30, 1.030, -2.537
55.31, 1.031, -4.292
55.32, 1.032, -2.637
55.33, 1.033, -3.706
55.34, 1.034, -3.276
55.35, 1.035, -2.432
55.36, 1.036, -1.182
55.37, 1.037, -2.445
55.38, 1.038, -2.429
55.39, 1.039, -3.650
55.40, 1.040, -2.446
55.41, 1.041, -1.389
55.42, 1.042, -3.915
55.43, 1.043, -3.245
55.44, 1.044, -3.239
55.45, 1.045, -3.076
55.46, 1.046, -1.904
55.47, 1.047, -2.286
55.48, 1.048, -3.569
55.49, 1.049, -3.642
55.50, 1.050, -2.266
55.51, 1.051, -3.224
55.52, 1.052, -3.742
55.53, 1.053, -1.923
55.54, 1.054, -3.086
55.55, 1.055, -3.548
55.56, 1.056, -1.914
55.57, 1.057, -1.533
55.58, 1.058, -2.986
55.59, 1.059, -2.987
55.60, 1.060, -2.314
55.61, 1.061, -3.538
55.62, 1.062, -2.694
55.63, 1.063, -1.550
55.64, 1.064, -1.778
55.65, 1.065, -3.863
55.66, 1.066, -3.149
55.67, 1.067, -2.385
55.68, 1.068, -4.811
55.69, 1.069, -1.365
55.70, 1.070, -0.8847
55.71, 1.071, -3.844
55.72, 1.072, -1.798
55.73, 1.073, -2.613
55.74, 1.074, -4.003
55.75, 1.075, -3.746
55.76, 1.076, -1.945
55.77, 1.077, -3.497
55.78, 1.078, -1.547
55.79, 1.079, -2.453
55.80, 1.080, -3.094
55.81, 1.081, -2.021
55.82, 1.082, -1.374
55.83, 1.083, -0.8473
55.84, 1.084, -1.264
55.85, 1.085, -3.178
55.86, 1.086, -0.7165
55.87, 1.087, -1.787
55.88, 1.088, -3.085
55.89, 1.089, -2.747
55.90, 1.090, -3.092
55.91, 1.091, -3.989
55.92, 1.092, -1.735
55.93, 1.093, -2.255
55.94, 1.094, -2.913
55.95, 1.095, -2.004
55.96, 1.096, -2.407
55.97, 1.097, -3.247
55.98, 1.098, -2.705
55.99, 1.099, -1.963
56.00, 1.100, -1.884
56.01, 1.101, -2.184
56.02, 1.102, -4.283
56.03, 1.103, -1.012
56.04, 1.104, -2.082
56.05, 1.105, -2.987
56.06, 1.106, -1.725
56.07, 1.107, -1.854
56.08, 1.108, -3.776
56.09, 1.109, -1.927
56.10, 1.110, -1.230
56.11, 1.111, -3.466
56.12, 1.112, -1.893
56.13, 1.113, -2.724
56.14, 1.114, -0.1485
56.15, 1.115, -1.645
56.16, 1.116, -3.372
56.17, 1.117, -1.962
56.18, 1.118, -1.364
56.19, 1.119, -2.642
56.20, 1.120, -1.176
56.21, 1.121, -2.941
56.22, 1.122, -2.402
56.23, 1.123, -3.268
56.24, 1.124, -1.418
56.25, 1.125, -1.575
56.26, 1.126, -2.221
56.27, 1.127, -0.9942
56.28, 1.128, -1.313
56.29, 1.129, -1.731
56.30, 1.130, -1.408
56.31, 1.131, -1.917
56.32, 1.132, -1.854
56.33, 1.133, -3.310
56.34, 1.134, -0.9563
56.35, 1.135, -1.961
56.36, 1.136, -3.962
56.37, 1.137, 0.3736
56.38, 1.138, -1.895
56.39, 1.139, -4.544
56.40, 1.140, -2.531
56.41, 1.141, -1.130
56.42, 1.142, -4.602
56.43, 1.143, -1.213
56.44, 1.144, -1.506
56.45, 1.145, -2.965
56.46, 1.146, -1.115
56.47, 1.147, -0.9877
56.48, 1.148, -3.621
56.49, 1.149, -1.698
56.50, 1.150, -1.570
56.51, 1.151, -3.486
56.52, 1.152, -0.6123
56.53, 1.153, -1.487
56.54, 1.154, -4.285
56.55, 1.155, -2.336
56.56, 1.156, -2.003
56.57, 1.157, -3.405
56.58, 1.158, -2.464
56.59, 1.159, -2.562
56.60, 1.160, -2.698
56.61, 1.161, -2.679
56.62, 1.162, -0.9671
56.63, 1.163, -1.401
56.64, 1.164, -0.1619
56.65, 1.165, -0.3434
56.66, 1.166, -1.030
56.67, 1.167, -2.816
56.68, 1.168, -0.6195
56.69, 1.169, -1.909
56.70, 1.170, -0.3431
56.71, 1.171, -2.350
56.72, 1.172, 0.3117
56.73, 1.173, -1.519
56.74, 1.174, -1.142
56.75, 1.175, -0.9638
56.76, 1.176, -2.334
56.77, 1.177, -1.702
56.78, 1.178, 0.08160
56.79, 1.179, -1.654
56.80, 1.180, -1.081
56.81, 1.181, -1.443
56.82, 1.182, -0.7747
56.83, 1.183, -2.179
56.84, 1.184, -1.184
56.85, 1.185, -1.141
56.86, 1.186, -2.275
56.87, 1.187, -0.6471
56.88, 1.188, -0.7233
56.89, 1.189, -2.352
56.90, 1.190, -1.046
56.91, 1.191, -0.6615
56.92, 1.192, -1.609
56.93, 1.193, 0.4782
56.94, 1.194, -1.359
56.95, 1.195, -2.745
56.96, 1.196, -1.346
56.97, 1.197, -0.7470
56.98, 1.198, -1.066
56.99, 1.199, -0.5226
57.00, 1.200, -2.141
57.01, 1.201, -2.831
57.02, 1.202, -0.5230
57.03, 1.203, 1.034
57.04, 1.204, -2.944
57.05, 1.205, -1.953
57.06, 1.206, -1.238
57.07, 1.207, -2.937
57.08, 1.208, -0.2323
57.09, 1.209, -1.482
57.10, 1.210, -1.360
57.11, 1.211, 0.09622
57.12, 1.212, -1.108
57.13, 1.213, 0.4645
57.14, 1.214, -2.031
57.15, 1.215, -1.048
57.16, 1.216, -1.713
57.17, 1.217, -2.769
57.18, 1.218, 0.6041
57.19, 1.219, -0.9283
57.20, 1.220, -1.283
57.21, 1.221, -0.5310
57.22, 1.222, -3.035
57.23, 1.223, -0.8580
57.24, 1.224, -2.839
57.25, 1.225, -1.404
57.26, 1.226, -1.365
57.27, 1.227, -2.364
57.28, 1.228, 1.034
57.29, 1.229, -0.6106
57.30, 1.230, -1.841
57.31, 1.231, 0.5785
57.32, 1.232, -0.1358
57.33, 1.233, -2.658
57.34, 1.234, -0.7190
57.35, 1.235, -0.4730
57.36, 1.236, -1.935
57.37, 1.237, 0.2648
57.38, 1.238, -0.4769
57.39, 1.239, -0.1013
57.40, 1.240, -2.025
57.41, 1.241, -0.3973
57.42, 1.242, 0.1424
57.43, 1.243, -2.282
57.44, 1.244, 0.7905
57.45, 1.245, -1.227
57.46, 1.246, -1.229
57.47, 1.247, -1.242
57.48, 1.248, -0.1904
57.49, 1.249, -1.088
57.50, 1.250, 0.5019
57.51, 1.251, -1.139
57.52, 1.252, -1.357
57.53, 1.253, 0.3125
57.54, 1.254, -1.188
57.55, 1.255, -1.218
57.56, 1.256, 0.2964
57.57, 1.257, 0.7012
57.58, 1.258, -1.674
57.59, 1.259, -1.454
57.60, 1.260, -0.1007
57.61, 1.261, -2.056
57.62, 1.262, -0.08182
57.63, 1.263, -0.4853
57.64, 1.264, -1.038
57.65, 1.265, 0.09957
57.66, 1.266, -1.239
57.67, 1.267, 1.195
57.68, 1.268, -0.7494
57.69, 1.269, -1.183
57.70, 1.270, 0.4497
57.71, 1.271, 1.437
57.72, 1.272, -0.7299
57.73, 1.273, -0.8408
57.74, 1.274, -0.4772
57.75, 1.275, -1.241
57.76, 1.276, 0.9107
57.77, 1.277, 0.7840
57.78, 1.278, -0.4596
57.79, 1.279, 1.226
57.80, 1.280, 0.4819
57.81, 1.281, 0.07816
57.82, 1.282, -0.06093
57.83, 1.283, 0.01310
57.84, 1.284, -1.848
57.85, 1.285, 1.018
57.86, 1.286, 0.6035
57.87, 1.287, -1.233
57.88, 1.288, 2.569
57.89, 1.289, 0.1874
57.90, 1.290, -0.8732
57.91, 1.291, 0.1004
57.92, 1.292, 0.4829
57.93, 1.293, -0.3558
57.94, 1.294, 1.509
57.95, 1.295, 0.4365
57.96, 1.296, -0.9213
57.97, 1.297, 1.817
57.98, 1.298, 1.991
57.99, 1.299, -0.7454
58.00, 1.300, 1.057
58.01, 1.301, 1.203
58.02, 1.302, -0.4215
58.03, 1.303, 1.163
58.04, 1.304, -0.05244
58.05, 1.305, -0.8240
58.06, 1.306, 1.274
58.07, 1.307, -1.214
58.08, 1.308, 0.6844
58.09, 1.309, 0.2009
58.10, 1.310, 0.6520
58.11, 1.311, 1.310
58.12, 1.312, 0.6773
58.13, 1.313, -0.7194
58.14, 1.314, 0.9247
58.15, 1.315, 1.716
58.16, 1.316, -0.7485
58.17, 1.317, 0.7408
58.18, 1.318, 1.032
58.19, 1.319, -1.199
58.20, 1.320, 0.9582
58.21, 1.321, 1.554
58.22, 1.322, -1.348
58.23, 1.323, 0.8538
58.24, 1.324, 1.501
58.25, 1.325, 1.315
58.26, 1.326, 1.472
58.27, 1.327, 2.571
58.28, 1.328, -0.2585
58.29, 1.329, 1.465
58.30, 1.330, 1.614
58.31, 1.331, 0.8014
58.32, 1.332, 2.342
58.33, 1.333, 1.853
58.34, 1.334, 0.7615
58.35, 1.335, 0.9457
58.36, 1.336, 2.484
58.37, 1.337, 0.4156
58.38, 1.338, 0.6026
58.39, 1.339, 2.242
58.40, 1.340, 0.8844
58.41, 1.341, 2.702
58.42, 1.342, 2.485
58.43, 1.343, 0.9788
58.44, 1.344, 1.931
58.45, 1.345, 2.318
58.46, 1.346, 0.8288
58.47, 1.347, 1.948
58.48, 1.348, 1.211
58.49, 1.349, 2.544
58.50, 1.350, 2.011
58.51, 1.351, 1.252
58.52, 1.352, 3.389
58.53, 1.353, 3.444
58.54, 1.354, 2.544
58.55, 1.355, 2.608
58.56, 1.356, 1.953
58.57, 1.357, 0.3887
58.58, 1.358, 3.113
58.59, 1.359, 1.608
58.60, 1.360, 2.565
58.61, 1.361, 3.321
58.62, 1.362, 2.236
58.63, 1.363, 2.836
58.64, 1.364, 3.409
58.65, 1.365, 1.418
58.66, 1.366, 3.030
58.67, 1.367, 2.032
58.68, 1.368, 3.366
58.69, 1.369, 2.613
58.70, 1.370, 4.283
58.71, 1.371, 4.157
58.72, 1.372, 3.931
58.73, 1.373, 4.230
58.74, 1.374, 3.795
58.75, 1.375, 2.903
58.76, 1.376, 4.120
58.77, 1.377, 2.913
58.78, 1.378, 2.175
58.79, 1.379, 3.393
58.80, 1.380, 3.308
58.81, 1.381, 3.078
58.82, 1.382, 3.601
58.83, 1.383, 4.561
58.84, 1.384, 2.804
58.85, 1.385, 3.987
58.86, 1.386, 2.898
58.87, 1.387, 1.856
58.88, 1.388, 3.509
58.89, 1.389, 4.084
58.90, 1.390, 2.544
58.91, 1.391, 4.725
58.92, 1.392, 3.636
58.93, 1.393, 3.642
58.94, 1.394, 4.344
58.95, 1.395, 3.679
58.96, 1.396, 1.927
58.97, 1.397, 4.669
58.98, 1.398, 4.870
58.99, 1.399, 3.170
59.00, 1.400, 4.615
59.01, 1.401, 4.540
59.02, 1.402, 4.854
59.03, 1.403, 5.876
59.04, 1.404, 5.349
59.05, 1.405, 3.188
59.06, 1.406, 5.671
59.07, 1.407, 5.006
59.08, 1.408, 3.500
59.09, 1.409, 5.256
59.10, 1.410, 5.314
59.11, 1.411, 5.957
59.12, 1.412, 6.557
59.13, 1.413, 7.262
59.14, 1.414, 8.524
59.15, 1.415, 7.728
59.16, 1.416, 7.931
59.17, 1.417, 7.501
59.18, 1.418, 8.441
59.19, 1.419, 8.658
59.20, 1.420, 7.837
59.21, 1.421, 9.378
59.22, 1.422, 9.617
59.23, 1.423, 8.744
59.24, 1.424, 9.440
59.25, 1.425, 10.23
59.26, 1.426, 8.647
59.27, 1.427, 9.772
59.28, 1.428, 10.39
59.29, 1.429, 9.138
59.30, 1.430, 10.37
59.31, 1.431, 14.66
59.32, 1.432, 10.16
59.33, 1.433, 13.75
59.34, 1.434, 14.31
59.35, 1.435, 12.09
59.36, 1.436, 14.90
59.37, 1.437, 14.59
59.38, 1.438, 13.28
59.39, 1.439, 15.50
59.40, 1.440, 14.13
59.41, 1.441, 14.19
59.42, 1.442, 15.28
59.43, 1.443, 16.27
59.44, 1.444, 14.44
59.45, 1.445, 16.40
59.46, 1.446, 17.29
59.47, 1.447, 15.20
59.48, 1.448, 18.36
59.49, 1.449, 17.89
59.50, 1.450, 16.95
59.51, 1.451, 18.77
59.52, 1.452, 19.03
59.53, 1.453, 19.89
59.54, 1.454, 21.67
59.55, 1.455, 21.10
59.56, 1.456, 20.93
59.57, 1.457, 23.09
59.58, 1.458, 24.49
59.59, 1.459, 23.06
59.60, 1.460, 25.53
59.61, 1.461, 25.53
59.62, 1.462, 24.81
59.63, 1.463, 26.50
59.64, 1.464, 28.42
59.65, 1.465, 27.67
59.66, 1.466, 29.21
59.67, 1.467, 30.69
59.68, 1.468, 28.13
59.69, 1.469, 33.90
59.70, 1.470, 32.04
59.71, 1.471, 32.12
59.72, 1.472, 34.77
59.73, 1.473, 35.03
59.74, 1.474, 36.29
59.75, 1.475, 37.39
59.76, 1.476, 36.05
59.77, 1.477, 39.60
59.78, 1.478, 40.31
59.79, 1.479, 41.27
59.80, 1.480, 42.58
59.81, 1.481, 45.31
59.82, 1.482, 44.22
59.83, 1.483, 46.38
59.84, 1.484, 46.91
59.85, 1.485, 47.83
59.86, 1.486, 48.83
59.87, 1.487, 49.39
59.88, 1.488, 50.90
59.89, 1.489, 51.73
59.90, 1.490, 52.38
59.91, 1.491, 55.30
59.92, 1.492, 54.24
59.93, 1.493, 56.30
59.94, 1.494, 59.01
59.95, 1.495, 60.03
59.96, 1.496, 63.30
59.97, 1.497, 62.45
59.98, 1.498, 64.23
59.99, 1.499, 66.40
60.00, 1.500, 68.00
60.01, 1.501, 67.66
60.02, 1.502, 69.01
60.03, 1.503, 69.62
60.04, 1.504, 70.49
60.05, 1.505, 73.57
60.06, 1.506, 72.84
60.07, 1.507, 74.13
60.08, 1.508, 77.75
60.09, 1.509, 77.97
60.10, 1.510, 79.61
60.11, 1.511, 82.02
60.12, 1.512, 83.72
60.13, 1.513, 83.92
60.14, 1.514, 87.92
60.15, 1.515, 87.14
60.16, 1.516, 87.89
60.17, 1.517, 90.51
60.18, 1.518, 91.09
60.19, 1.519, 92.41
60.20, 1.520, 93.80
60.21, 1.521, 95.36
60.22, 1.522, 97.64
60.23, 1.523, 98.61
60.24, 1.524, 99.94
60.25, 1.525, 102.8
60.26, 1.526, 104.4
60.27, 1.527, 105.4
60.28, 1.528, 105.2
60.29, 1.529, 108.4
60.30, 1.530, 109.8
60.31, 1.531, 111.0
60.32, 1.532, 114.9
60.33, 1.533, 113.7
60.34, 1.534, 117.3
60.35, 1.535, 118.1
60.36, 1.536, 120.9
60.37, 1.537, 122.0
60.38, 1.538, 123.3
60.39, 1.539, 125.6
60.40, 1.540, 128.2
60.41, 1.541, 128.8
60.42, 1.542, 130.9
60.43, 1.543, 132.2
60.44, 1.544, 135.4
60.45, 1.545, 134.9
60.46, 1.546, 139.9
60.47, 1.547, 139.7
60.48, 1.548, 140.1
60.49, 1.549, 143.0
60.50, 1.550, 145.0
60.51, 1.551, 144.9
60.52, 1.552, 147.1
60.53, 1.553, 149.0
60.54, 1.554, 152.0
60.55, 1.555, 154.5
60.56, 1.556, 154.6
60.57, 1.557, 157.2
60.58, 1.558, 159.9
60.59, 1.559, 160.7
60.60, 1.560, 163.3
60.61, 1.561, 164.6
60.62, 1.562, 166.3
60.63, 1.563, 169.7
60.64, 1.564, 168.9
60.65, 1.565, 169.1
60.66, 1.566, 173.3
60.67, 1.567, 173.8
60.68, 1.568, 174.8
60.69, 1.569, 179.9
60.70, 1.570, 180.1
60.71, 1.571, 182.8
60.72, 1.572, 182.7
60.73, 1.573, 186.3
60.74, 1.574, 187.6
60.75, 1.575, 188.3
60.76, 1.576, 190.5
60.77, 1.577, 193.7
60.78, 1.578, 194.8
60.79, 1.579, 196.4
60.80, 1.580, 199.5
60.81, 1.581, 199.7
60.82, 1.582, 201.6
60.83, 1.583, 205.4
60.84, 1.584, 205.5
60.85, 1.585, 207.2
60.86, 1.586, 211.3
60.87, 1.587, 211.4
60.88, 1.588, 213.4
60.89, 1.589, 216.2
60.90, 1.590, 217.1
60.91, 1.591, 219.3
60.92, 1.592, 222.9
60.93, 1.593, 223.0
60.94, 1.594, 225.8
60.95, 1.595, 227.2
60.96, 1.596, 228.3
60.97, 1.597, 231.6
60.98, 1.598, 234.7
60.99, 1.599, 235.3
61.00, 1.600, 238.4
61.01, 1.601, 238.8
61.02, 1.602, 240.6
61.03, 1.603, 243.3
61.04, 1.604, 244.4
61.05, 1.605, 246.8
61.06, 1.606, 248.8
61.07, 1.607, 250.7
61.08, 1.608, 251.2
61.09, 1.609, 254.8
61.10, 1.610, 257.4
61.11, 1.611, 257.2
61.12, 1.612, 262.2
61.13, 1.613, 261.5
61.14, 1.614, 265.4
61.15, 1.615, 266.9
61.16, 1.616, 267.0
61.17, 1.617, 272.3
61.18, 1.618, 273.4
61.19, 1.619, 274.8
61.20, 1.620, 278.2
61.21, 1.621, 280.2
61.22, 1.622, 280.5
61.23, 1.623, 283.5
61.24, 1.624, 283.9
61.25, 1.625, 285.5
61.26, 1.626, 289.3
61.27, 1.627, 290.1
61.28, 1.628, 290.7
61.29, 1.629, 294.6
61.30, 1.630, 297.0
61.31, 1.631, 298.3
61.32, 1.632, 300.7
61.33, 1.633, 302.9
61.34, 1.634, 304.1
61.35, 1.635, 307.5
61.36, 1.636, 308.6
61.37, 1.637, 312.4
61.38, 1.638, 312.0
61.39, 1.639, 313.4
61.40, 1.640, 318.3
61.41, 1.641, 318.3
61.42, 1.642, 318.2
61.43, 1.643, 322.6
61.44, 1.644, 324.0
61.45, 1.645, 326.3
61.46, 1.646, 328.5
61.47, 1.647, 329.2
61.48, 1.648, 333.9
61.49, 1.649, 334.1
61.50, 1.650, 335.9
61.51, 1.651, 340.1
61.52, 1.652, 341.3
61.53, 1.653, 340.1
61.54, 1.654, 344.1
61.55, 1.655, 346.6
61.56, 1.656, 347.7
61.57, 1.657, 349.7
61.58, 1.658, 350.0
61.59, 1.659, 353.3
61.60, 1.660, 357.4
61.61, 1.661, 357.5
61.62, 1.662, 360.4
61.63, 1.663, 360.5
61.64, 1.664, 362.9
61.65, 1.665, 365.0
61.66, 1.666, 366.3
61.67, 1.667, 368.9
61.68, 1.668, 373.1
61.69, 1.669, 374.1
61.70, 1.670, 375.6
61.71, 1.671, 381.8
61.72, 1.672, 383.8
61.73, 1.673, 382.3
61.74, 1.674, 388.6
61.75, 1.675, 386.2
61.76, 1.676, 388.8
61.77, 1.677, 390.9
61.78, 1.678, 393.0
61.79, 1.679, 396.8
61.80, 1.680, 398.1
61.81, 1.681, 396.9
61.82, 1.682, 401.8
61.83, 1.683, 403.8
61.84, 1.684, 404.5
61.85, 1.685, 407.8
61.86, 1.686, 405.6
61.87, 1.687, 411.8
61.88, 1.688, 412.9
61.89, 1.689, 411.7
61.90, 1.690, 416.9
61.91, 1.691, 417.5
61.92, 1.692, 420.2
61.93, 1.693, 421.3
61.94, 1.694, 423.0
61.95, 1.695, 427.4
61.96, 1.696, 427.4
61.97, 1.697, 427.1
61.98, 1.698, 434.0
61.99, 1.699, 434.9
62.00, 1.700, 432.1
62.01, 1.701, 438.2
62.02, 1.702, 438.6
62.03, 1.703, 442.1
62.04, 1.704, 442.3
62.05, 1.705, 443.8
62.06, 1.706, 447.1
62.07, 1.707, 447.8
62.08, 1.708, 449.0
62.09, 1.709, 453.5
62.10, 1.710, 455.4
62.11, 1.711, 454.0
62.12, 1.712, 460.0
62.13, 1.713, 461.0
62.14, 1.714, 462.4
62.15, 1.715, 464.2
62.16, 1.716, 466.7
62.17, 1.717, 467.5
62.18, 1.718, 471.1
62.19, 1.719, 470.7
62.20, 1.720, 475.5
62.21, 1.721, 475.5
62.22, 1.722, 476.8
62.23, 1.723, 480.2
62.24, 1.724, 478.3
62.25, 1.725, 483.8
62.26, 1.726, 486.3
62.27, 1.727, 486.7
62.28, 1.728, 490.3
62.29, 1.729, 491.4
62.30, 1.730, 490.9
62.31, 1.731, 495.9
62.32, 1.732, 493.9
62.33, 1.733, 500.9
62.34, 1.734, 500.6
62.35, 1.735, 502.2
62.36, 1.736, 505.4
62.37, 1.737, 505.0
62.38, 1.738, 506.3
62.39, 1.739, 508.9
62.40, 1.740, 511.4
62.41, 1.741, 514.7
62.42, 1.742, 514.7
62.43, 1.743, 516.2
62.44, 1.744, 520.2
62.45, 1.745, 519.6
62.46, 1.746, 520.1
62.47, 1.747, 525.1
62.48, 1.748, 524.3
62.49, 1.749, 524.9
62.50, 1.750, 532.6
62.51, 1.751, 530.6
62.52, 1.752, 529.0
62.53, 1.753, 531.6
62.54, 1.754, 534.0
62.55, 1.755, 535.3
62.56, 1.756, 537.3
62.57, 1.757, 538.9
62.58, 1.758, 539.1
62.59, 1.759, 543.1
62.60, 1.760, 544.4
62.61, 1.761, 546.3
62.62, 1.762, 548.4
62.63, 1.763, 548.6
62.64, 1.764, 552.0
62.65, 1.765, 553.9
62.66, 1.766, 554.0
62.67, 1.767, 555.3
62.68, 1.768, 558.1
62.69, 1.769, 557.0
62.70, 1.770, 562.8
62.71, 1.771, 561.9
62.72, 1.772, 564.4
62.73, 1.773, 566.8
62.74, 1.774, 567.8
62.75, 1.775, 571.5
62.76, 1.776, 570.0
62.77, 1.777, 572.2
62.78, 1.778, 577.2
62.79, 1.779, 573.9
62.80, 1.780, 575.8
62.81, 1.781, 580.3
62.82, 1.782, 579.9
62.83, 1.783, 583.3
62.84, 1.784, 583.8
62.85, 1.785, 585.6
62.86, 1.786, 588.8
62.87, 1.787, 588.3
62.88, 1.788, 588.7
62.89, 1.789, 592.9
62.90, 1.790, 594.8
62.91, 1.791, 593.5
62.92, 1.792, 595.5
62.93, 1.793, 596.3
62.94, 1.794, 599.1
62.95, 1.795, 601.3
62.96, 1.796, 603.0
62.97, 1.797, 607.5
62.98, 1.798, 605.7
62.99, 1.799, 604.6
63.00, 1.800, 613.0
63.01, 1.801, 610.6
63.02, 1.802, 610.8
63.03, 1.803, 613.3
63.04, 1.804, 615.7
63.05, 1.805, 615.6
63.06, 1.806, 618.2
63.07, 1.807, 620.7
63.08, 1.808, 620.0
63.09, 1.809, 622.5
63.10, 1.810, 621.6
63.11, 1.811, 625.0
63.12, 1.812, 626.2
63.13, 1.813, 628.2
63.14, 1.814, 628.3
63.15, 1.815, 630.0
63.16, 1.816, 628.5
63.17, 1.817, 634.7
63.18, 1.818, 632.5
63.19, 1.819, 631.4
63.20, 1.820, 635.7
63.21, 1.821, 636.8
63.22, 1.822, 635.8
63.23, 1.823, 639.1
63.24, 1.824, 638.4
63.25, 1.825, 642.5
63.26, 1.826, 643.0
63.27, 1.827, 642.0
63.28, 1.828, 644.0
63.29, 1.829, 645.6
63.30, 1.830, 644.7
63.31, 1.831, 647.2
63.32, 1.832, 647.6
63.33, 1.833, 652.1
63.34, 1.834, 650.4
63.35, 1.835, 650.8
63.36, 1.836, 654.2
63.37, 1.837, 653.3
63.38, 1.838, 653.1
63.39, 1.839, 657.2
63.40, 1.840, 657.2
63.41, 1.841, 657.6
63.42, 1.842, 659.6
63.43, 1.843, 659.2
63.44, 1.844, 661.6
63.45, 1.845, 659.8
63.46, 1.846, 662.0
63.47, 1.847, 663.5
63.48, 1.848, 664.2
63.49, 1.849, 662.6
63.50, 1.850, 666.8
63.51, 1.851, 666.0
63.52, 1.852, 665.3
63.53, 1.853, 668.2
63.54, 1.854, 668.0
63.55, 1.855, 668.5
63.56, 1.856, 670.7
63.57, 1.857, 670.2
63.58, 1.858, 667.2
63.59, 1.859, 672.5
63.60, 1.860, 670.2
63.61, 1.861, 668.2
63.62, 1.862, 672.4
63.63, 1.863, 670.5
63.64, 1.864, 671.7
63.65, 1.865, 673.4
63.66, 1.866, 673.9
63.67, 1.867, 673.8
63.68, 1.868, 672.7
63.69, 1.869, 674.4
63.70, 1.870, 674.5
63.71, 1.871, 675.3
63.72, 1.872, 674.0
63.73, 1.873, 676.4
63.74, 1.874, 674.4
63.75, 1.875, 676.3
63.76, 1.876, 678.1
63.77, 1.877, 674.5
63.78, 1.878, 675.9
63.79, 1.879, 676.3
63.80, 1.880, 677.1
63.81, 1.881, 674.2
63.82, 1.882, 677.1
63.83, 1.883, 674.8
63.84, 1.884, 675.7
63.85, 1.885, 676.9
63.86, 1.886, 674.6
63.87, 1.887, 674.8
63.88, 1.888, 676.7
63.89, 1.889, 677.0
63.90, 1.890, 674.7
63.91, 1.891, 676.3
63.92, 1.892, 674.5
63.93, 1.893, 673.5
63.94, 1.894, 675.7
63.95, 1.895, 674.9
63.96, 1.896, 673.0
63.97, 1.897, 672.0
63.98, 1.898, 672.5
63.99, 1.899, 670.3
64.00, 1.900, 672.7
64.01, 1.901, 669.8
64.02, 1.902, 672.0
64.03, 1.903, 670.3
64.04, 1.904, 669.5
64.05, 1.905, 671.2
64.06, 1.906, 667.4
64.07, 1.907, 668.3
64.08, 1.908, 666.6
64.09, 1.909, 665.8
64.10, 1.910, 665.2
64.11, 1.911, 667.5
64.12, 1.912, 664.7
64.13, 1.913, 663.2
64.14, 1.914, 665.6
64.15, 1.915, 662.1
64.16, 1.916, 660.4
64.17, 1.917, 660.8
64.18, 1.918, 660.7
64.19, 1.919, 660.3
64.20, 1.920, 662.0
64.21, 1.921, 657.6
64.22, 1.922, 656.2
64.23, 1.923, 657.4
64.24, 1.924, 655.7
64.25, 1.925, 657.2
64.26, 1.926, 655.8
64.27, 1.927, 652.5
64.28, 1.928, 654.5
64.29, 1.929, 651.8
64.30, 1.930, 647.7
64.31, 1.931, 651.5
64.32, 1.932, 648.3
64.33, 1.933, 645.8
64.34, 1.934, 648.3
64.35, 1.935, 645.1
64.36, 1.936, 643.6
64.37, 1.937, 642.5
64.38, 1.938, 640.5
64.39, 1.939, 637.2
64.40, 1.940, 638.8
64.41, 1.941, 637.3
64.42, 1.942, 634.9
64.43, 1.943, 635.5
64.44, 1.944, 632.5
64.45, 1.945, 629.9
64.46, 1.946, 632.5
64.47, 1.947, 629.2
64.48, 1.948, 624.9
64.49, 1.949, 631.2
64.50, 1.950, 626.7
64.51, 1.951, 623.9
64.52, 1.952, 627.7
64.53, 1.953, 622.5
64.54, 1.954, 621.6
64.55, 1.955, 622.4
64.56, 1.956, 618.9
64.57, 1.957, 615.8
64.58, 1.958, 618.4
64.59, 1.959, 616.6
64.60, 1.960, 612.7
64.61, 1.961, 616.1
64.62, 1.962, 614.4
64.63, 1.963, 613.9
64.64, 1.964, 614.9
64.65, 1.965, 612.1
64.66, 1.966, 612.6
64.67, 1.967, 613.4
64.68, 1.968, 610.8
64.69, 1.969, 610.9
64.70, 1.970, 611.1
64.71, 1.971, 611.1
64.72, 1.972, 609.8
64.73, 1.973, 612.0
64.74, 1.974, 607.9
64.75, 1.975, 609.0
64.76, 1.976, 610.3
64.77, 1.977, 609.8
64.78, 1.978, 608.8
64.79, 1.979, 609.4
64.80, 1.980, 607.7
64.81, 1.981, 606.3
64.82, 1.982, 607.1
64.83, 1.983, 607.2
64.84, 1.984, 606.5
64.85, 1.985, 605.4
64.86, 1.986, 601.7
64.87, 1.987, 601.8
64.88, 1.988, 601.0
64.89, 1.989, 600.6
64.90, 1.990, 597.3
64.91, 1.991, 600.1
64.92, 1.992, 599.0
64.93, 1.993, 595.8
64.94, 1.994, 597.4
64.95, 1.995, 598.2
64.96, 1.996, 594.6
64.97, 1.997, 595.1
64.98, 1.998, 594.2
64.99, 1.999, 593.2
65.00, 2.000, 594.4
65.01, 1.999, 594.2
65.02, 1.998, 594.0
65.03, 1.997, 592.4
65.04, 1.996, 590.9
65.05, 1.995, 591.4
65.06, 1.994, 590.7
65.07, 1.993, 590.3
65.08, 1.992, 591.5
65.09, 1.991, 589.2
65.10, 1.990, 590.8
65.11, 1.989, 589.5
65.12, 1.988, 588.0
65.13, 1.987, 591.1
65.14, 1.986, 589.2
65.15, 1.985, 587.5
65.16, 1.984, 589.4
65.17, 1.983, 587.5
65.18, 1.982, 588.5
65.19, 1.981, 587.5
65.20, 1.980, 585.8
65.21, 1.979, 583.6
65.22, 1.978, 583.9
65.23, 1.977, 582.3
65.24, 1.976, 581.3
65.25, 1.975, 579.3
65.26, 1.974, 576.9
65.27, 1.973, 578.0
65.28, 1.972, 576.0
65.29, 1.971, 572.3
65.30, 1.970, 574.3
65.31, 1.969, 572.2
65.32, 1.968, 570.5
65.33, 1.967, 572.1
65.34, 1.966, 569.8
65.35, 1.965, 568.1
65.36, 1.964, 565.5
65.37, 1.963, 566.1
65.38, 1.962, 564.9
65.39, 1.961, 564.6
65.40, 1.960, 562.0
65.41, 1.959, 560.0
65.42, 1.958, 558.8
65.43, 1.957, 560.2
65.44, 1.956, 558.0
65.45, 1.955, 554.4
65.46, 1.954, 554.0
65.47, 1.953, 554.0
65.48, 1.952, 552.0
65.49, 1.951, 548.6
65.50, 1.950, 552.1
65.51, 1.949, 550.0
65.52, 1.948, 544.6
65.53, 1.947, 548.1
65.54, 1.946, 543.8
65.55, 1.945, 544.0
65.56, 1.944, 542.3
65.57, 1.943, 541.9
65.58, 1.942, 538.8
65.59, 1.941, 535.8
65.60, 1.940, 539.1
65.61, 1.939, 536.7
65.62, 1.938, 535.6
65.63, 1.937, 536.2
65.64, 1.936, 535.3
65.65, 1.935, 532.6
65.66, 1.934, 532.7
65.67, 1.933, 529.6
65.68, 1.932, 529.5
65.69, 1.931, 527.1
65.70, 1.930, 527.6
65.71, 1.929, 527.0
65.72, 1.928, 523.2
65.73, 1.927, 523.4
65.74, 1.926, 523.1
65.75, 1.925, 520.1
65.76, 1.924, 520.3
65.77, 1.923, 519.6
65.78, 1.922, 517.7
65.79, 1.921, 517.2
65.80, 1.920, 517.9
65.81, 1.919, 512.6
65.82, 1.918, 511.3
65.83, 1.917, 514.5
65.84, 1.916, 511.0
65.85, 1.915, 508.5
65.86, 1.914, 511.8
65.87, 1.913, 508.3
65.88, 1.912, 504.8
65.89, 1.911, 506.1
65.90, 1.910, 502.1
65.91, 1.909, 500.1
65.92, 1.908, 499.8
65.93, 1.907, 500.2
65.94, 1.906, 497.2
65.95, 1.905, 494.0
65.96, 1.904, 496.7
65.97, 1.903, 493.5
65.98, 1.902, 492.5
65.99, 1.901, 491.7
66.00, 1.900, 490.7
66.01, 1.899, 488.6
66.02, 1.898, 487.8
66.03, 1.897, 488.4
66.04, 1.896, 485.1
66.05, 1.895, 482.3
66.06, 1.894, 484.1
66.07, 1.893, 481.0
66.08, 1.892, 480.1
66.09, 1.891, 484.3
66.10, 1.890, 480.4
66.11, 1.889, 476.1
66.12, 1.888, 475.0
66.13, 1.887, 473.6
66.14, 1.886, 474.6
66.15, 1.885, 472.8
66.16, 1.884, 470.5
66.17, 1.883, 470.1
66.18, 1.882, 468.0
66.19, 1.881, 468.3
66.20, 1.880, 467.0
66.21, 1.879, 463.5
66.22, 1.878, 466.4
66.23, 1.877, 462.3
66.24, 1.876, 459.9
66.25, 1.875, 462.8
66.26, 1.874, 461.1
66.27, 1.873, 459.3
66.28, 1.872, 455.8
66.29, 1.871, 456.3
66.30, 1.870, 454.5
66.31, 1.869, 449.7
66.32, 1.868, 454.5
66.33, 1.867, 451.2
66.34, 1.866, 446.7
66.35, 1.865, 448.5
66.36, 1.864, 443.6
66.37, 1.863, 443.2
66.38, 1.862, 443.7
66.39, 1.861, 442.7
66.40, 1.860, 442.3
66.41, 1.859, 438.2
66.42, 1.858, 443.2
66.43, 1.857, 438.9
66.44, 1.856, 433.5
66.45, 1.855, 437.3
66.46, 1.854, 434.4
66.47, 1.853, 431.9
66.48, 1.852, 433.6
66.49, 1.851, 430.7
66.50, 1.850, 427.6
66.51, 1.849, 428.5
66.52, 1.848, 428.0
66.53, 1.847, 424.9
66.54, 1.846, 425.3
66.55, 1.845, 425.4
66.56, 1.844, 423.1
66.57, 1.843, 420.3
66.58, 1.842, 422.3
66.59, 1.841, 416.8
66.60, 1.840, 417.3
66.61, 1.839, 419.3
66.62, 1.838, 414.1
66.63, 1.837, 412.0
66.64, 1.836, 410.4
66.65, 1.835, 411.2
66.66, 1.834, 409.1
66.67, 1.833, 406.9
66.68, 1.832, 409.3
66.69, 1.831, 405.6
66.70, 1.830, 403.8
66.71, 1.829, 403.3
66.72, 1.828, 401.3
66.73, 1.827, 400.3
66.74, 1.826, 398.3
66.75, 1.825, 397.7
66.76, 1.824, 396.2
66.77, 1.823, 391.4
66.78, 1.822, 394.3
66.79, 1.821, 392.3
66.80, 1.820, 389.5
66.81, 1.819, 390.5
66.82, 1.818, 388.6
66.83, 1.817, 386.4
66.84, 1.816, 385.7
66.85, 1.815, 385.0
66.86, 1.814, 381.7
66.87, 1.813, 381.9
66.88, 1.812, 382.6
66.89, 1.811, 379.1
66.90, 1.810, 377.6
66.91, 1.809, 379.5
66.92, 1.808, 377.8
66.93, 1.807, 372.2
66.94, 1.806, 372.8
66.95, 1.805, 373.1
66.96, 1.804, 370.8
66.97, 1.803, 368.3
66.98, 1.802, 369.9
66.99, 1.801, 365.7
67.00, 1.800, 365.4
67.01, 1.799, 362.5
67.02, 1.798, 362.2
67.03, 1.797, 361.6
67.04, 1.796, 360.4
67.05, 1.795, 362.3
67.06, 1.794, 358.5
67.07, 1.793, 358.4
67.08, 1.792, 355.4
67.09, 1.791, 355.7
67.10, 1.790, 354.3
67.11, 1.789, 352.4
67.12, 1.788, 352.4
67.13, 1.787, 350.1
67.14, 1.786, 346.5
67.15, 1.785, 347.1
67.16, 1.784, 346.0
67.17, 1.783, 341.9
67.18, 1.782, 344.9
67.19, 1.781, 341.8
67.20, 1.780, 338.5
67.21, 1.779, 338.4
67.22, 1.778, 337.0
67.23, 1.777, 333.4
67.24, 1.776, 332.4
67.25, 1.775, 335.3
67.26, 1.774, 330.9
67.27, 1.773, 328.0
67.28, 1.772, 330.3
67.29, 1.771, 327.4
67.30, 1.770, 325.6
67.31, 1.769, 326.1
67.32, 1.768, 323.7
67.33, 1.767, 323.1
67.34, 1.766, 320.8
67.35, 1.765, 322.2
67.36, 1.764, 319.2
67.37, 1.763, 318.4
67.38, 1.762, 315.7
67.39, 1.761, 317.9
67.40, 1.760, 315.3
67.41, 1.759, 311.4
67.42, 1.758, 314.0
67.43, 1.757, 313.2
67.44, 1.756, 308.1
67.45, 1.755, 308.4
67.46, 1.754, 307.6
67.47, 1.753, 305.8
67.48, 1.752, 303.1
67.49, 1.751, 305.7
67.50, 1.750, 305.5
67.51, 1.749, 302.0
67.52, 1.748, 304.9
67.53, 1.747, 301.6
67.54, 1.746, 300.4
67.55, 1.745, 300.0
67.56, 1.744, 296.1
67.57, 1.743, 293.9
67.58, 1.742, 292.3
67.59, 1.741, 294.7
67.60, 1.740, 290.7
67.61, 1.739, 289.8
67.62, 1.738, 289.3
67.63, 1.737, 287.0
67.64, 1.736, 285.1
67.65, 1.735, 286.0
67.66, 1.734, 284.3
67.67, 1.733, 281.8
67.68, 1.732, 280.1
67.69, 1.731, 281.9
67.70, 1.730, 277.7
67.71, 1.729, 276.5
67.72, 1.728, 278.8
67.73, 1.727, 276.2
67.74, 1.726, 273.0
67.75, 1.725, 274.5
67.76, 1.724, 270.9
67.77, 1.723, 269.5
67.78, 1.722, 270.9
67.79, 1.721, 267.2
67.80, 1.720, 266.4
67.81, 1.719, 268.0
67.82, 1.718, 267.2
67.83, 1.717, 264.2
67.84, 1.716, 263.5
67.85, 1.715, 264.2
67.86, 1.714, 261.8
67.87, 1.713, 258.3
67.88, 1.712, 260.3
67.89, 1.711, 257.5
67.90, 1.710, 255.4
67.91, 1.709, 254.3
67.92, 1.708, 254.8
67.93, 1.707, 253.5
67.94, 1.706, 250.0
67.95, 1.705, 252.1
67.96, 1.704, 248.6
67.97, 1.703, 248.9
67.98, 1.702, 247.4
67.99, 1.701, 247.3
68.00, 1.700, 245.0
68.01, 1.699, 241.9
68.02, 1.698, 243.5
68.03, 1.697, 239.9
68.04, 1.696, 238.8
68.05, 1.695, 238.0
68.06, 1.694, 237.9
68.07, 1.693, 233.2
68.08, 1.692, 234.2
68.09, 1.691, 235.4
68.10, 1.690, 231.9
68.11, 1.689, 230.6
68.12, 1.688, 231.1
68.13, 1.687, 231.5
68.14, 1.686, 227.7
68.15, 1.685, 227.0
68.16, 1.684, 230.1
68.17, 1.683, 224.9
68.18, 1.682, 222.9
68.19, 1.681, 224.2
68.20, 1.680, 224.6
68.21, 1.679, 223.0
68.22, 1.678, 220.5
68.23, 1.677, 220.9
68.24, 1.676, 218.5
68.25, 1.675, 218.6
68.26, 1.674, 218.0
68.27, 1.673, 217.2
68.28, 1.672, 214.7
68.29, 1.671, 212.8
68.30, 1.670, 213.9
68.31, 1.669, 210.5
68.32, 1.668, 210.7
68.33, 1.667, 207.8
68.34, 1.666, 210.7
68.35, 1.665, 208.3
68.36, 1.664, 207.7
68.37, 1.663, 209.1
68.38, 1.662, 207.8
68.39, 1.661, 204.5
68.40, 1.660, 203.2
68.41, 1.659, 202.3
68.42, 1.658, 202.2
68.43, 1.657, 198.0
68.44, 1.656, 201.6
68.45, 1.655, 199.6
68.46, 1.654, 195.6
68.47, 1.653, 194.5
68.48, 1.652, 196.7
68.49, 1.651, 194.3
68.50, 1.650, 192.4
68.51, 1.649, 194.3
68.52, 1.648, 193.1
68.53, 1.647, 189.8
68.54, 1.646, 188.0
68.55, 1.645, 192.3
68.56, 1.644, 187.8
68.57, 1.643, 185.7
68.58, 1.642, 186.0
68.59, 1.641, 188.6
68.60, 1.640, 184.3
68.61, 1.639, 183.2
68.62, 1.638, 184.6
68.63, 1.637, 182.9
68.64, 1.636, 181.3
68.65, 1.635, 178.7
68.66, 1.634, 180.2
68.67, 1.633, 178.4
68.68, 1.632, 177.3
68.69, 1.631, 176.7
68.70, 1.630, 177.2
68.71, 1.629, 175.9
68.72, 1.628, 175.4
68.73, 1.627, 173.5
68.74, 1.626, 174.0
68.75, 1.625, 173.4
68.76, 1.624, 171.7
68.77, 1.623, 171.7
68.78, 1.622, 171.6
68.79, 1.621, 169.6
68.80, 1.620, 169.0
68.81, 1.619, 170.7
68.82, 1.618, 167.7
68.83, 1.617, 164.8
68.84, 1.616, 166.6
68.85, 1.615, 163.1
68.86, 1.614, 162.3
68.87, 1.613, 160.4
68.88, 1.612, 161.7
68.89, 1.611, 158.5
68.90, 1.610, 159.3
68.91, 1.609, 156.7
68.92, 1.608, 157.4
68.93, 1.607, 155.9
68.94, 1.606, 155.5
68.95, 1.605, 156.5
68.96, 1.604, 153.2
68.97, 1.603, 151.1
68.98, 1.602, 154.8
68.99, 1.601, 151.9
69.00, 1.600, 150.3
69.01, 1.599, 145.7
69.02, 1.598, 151.2
69.03, 1.597, 148.3
69.04, 1.596, 146.4
69.05, 1.595, 146.3
69.06, 1.594, 147.4
69.07, 1.593, 145.1
69.08, 1.592, 143.8
69.09, 1.591, 143.8
69.10, 1.590, 143.2
69.11, 1.589, 141.9
69.12, 1.588, 139.2
69.13, 1.587, 141.0
69.14, 1.586, 138.1
69.15, 1.585, 136.4
69.16, 1.584, 137.2
69.17, 1.583, 136.5
69.18, 1.582, 135.7
69.19, 1.581, 131.3
69.20, 1.580, 133.7
69.21, 1.579, 131.9
69.22, 1.578, 130.9
69.23, 1.577, 130.3
69.24, 1.576, 129.1
69.25, 1.575, 127.2
69.26, 1.574, 124.4
69.27, 1.573, 126.8
69.28, 1.572, 124.4
69.29, 1.571, 122.9
69.30, 1.570, 119.8
69.31, 1.569, 122.8
69.32, 1.568, 119.1
69.33, 1.567, 118.4
69.34, 1.566, 116.8
69.35, 1.565, 116.2
69.36, 1.564, 115.1
69.37, 1.563, 114.1
69.38, 1.562, 113.5
69.39, 1.561, 113.7
69.40, 1.560, 112.4
69.41, 1.559, 110.7
69.42, 1.558, 112.6
69.43, 1.557, 110.1
69.44, 1.556, 107.6
69.45, 1.555, 107.4
69.46, 1.554, 106.3
69.47, 1.553, 104.8
69.48, 1.552, 102.6
69.49, 1.551, 104.5
69.50, 1.550, 102.8
69.51, 1.549, 99.29
69.52, 1.548, 102.2
69.53, 1.547, 99.16
69.54, 1.546, 97.52
69.55, 1.545, 98.28
69.56, 1.544, 97.00
69.57, 1.543, 93.83
69.58, 1.542, 92.62
69.59, 1.541, 94.29
69.60, 1.540, 91.46
69.61, 1.539, 89.41
69.62, 1.538, 90.66
69.63, 1.537, 88.05
69.64, 1.536, 88.17
69.65, 1.535, 85.90
69.66, 1.534, 85.43
69.67, 1.533, 83.05
69.68, 1.532, 82.75
69.69, 1.531, 81.74
69.70, 1.530, 80.87
69.71, 1.529, 78.20
69.72, 1.528, 80.43
69.73, 1.527, 78.10
69.74, 1.526, 75.44
69.75, 1.525, 75.88
69.76, 1.524, 74.52
69.77, 1.523, 71.68
69.78, 1.522, 70.92
69.79, 1.521, 71.56
69.80, 1.520, 69.30
69.81, 1.519, 67.43
69.82, 1.518, 71.39
69.83, 1.517, 66.87
69.84, 1.516, 64.44
69.85, 1.515, 66.37
69.86, 1.514, 64.37
69.87, 1.513, 63.76
69.88, 1.512, 63.02
69.89, 1.511, 61.84
69.90, 1.510, 59.80
69.91, 1.509, 56.01
69.92, 1.508, 59.56
69.93, 1.507, 56.54
69.94, 1.506, 54.80
69.95, 1.505, 56.16
69.96, 1.504, 54.70
69.97, 1.503, 52.26
69.98, 1.502, 53.77
69.99, 1.501, 49.82
70.00, 1.500, 52.51
70.01, 1.499, 51.48
70.02, 1.498, 50.56
70.03, 1.497, 49.55
70.04, 1.496, 47.78
70.05, 1.495, 48.76
70.06, 1.494, 45.85
70.07, 1.493, 43.58
70.08, 1.492, 46.23
70.09, 1.491, 42.79
70.10, 1.490, 40.63
70.11, 1.489, 42.44
70.12, 1.488, 40.07
70.13, 1.487, 36.90
70.14, 1.486, 36.91
70.15, 1.485, 36.99
70.16, 1.484, 34.81
70.17, 1.483, 33.13
70.18, 1.482, 34.21
70.19, 1.481, 32.24
70.20, 1.480, 31.89
70.21, 1.479, 31.68
70.22, 1.478, 29.82
70.23, 1.477, 28.37
70.24, 1.476, 30.05
70.25, 1.475, 28.28
70.26, 1.474, 24.29
70.27, 1.473, 25.44
70.28, 1.472, 25.68
70.29, 1.471, 23.54
70.30, 1.470, 22.33
70.31, 1.469, 24.41
70.32, 1.468, 21.87
70.33, 1.467, 20.93
70.34, 1.466, 21.95
70.35, 1.465, 20.28
70.36, 1.464, 17.76
70.37, 1.463, 18.85
70.38, 1.462, 17.52
70.39, 1.461, 17.65
70.40, 1.460, 16.09
70.41, 1.459, 15.29
70.42, 1.458, 12.78
70.43, 1.457, 12.29
70.44, 1.456, 11.16
70.45, 1.455, 13.36
70.46, 1.454, 11.16
70.47, 1.453, 9.308
70.48, 1.452, 12.42
70.49, 1.451, 8.465
70.50, 1.450, 7.282
70.51, 1.449, 7.715
70.52, 1.448, 9.035
70.53, 1.447, 5.854
70.54, 1.446, 2.118
70.55, 1.445, 4.557
70.56, 1.444, 2.500
70.57, 1.443, 1.128
70.58, 1.442, 2.316
70.59, 1.441, 0.3844
70.60, 1.440, -1.548
70.61, 1.439, -1.839
70.62, 1.438, 0.3589
70.63, 1.437, -2.049
70.64, 1.436, -2.860
70.65, 1.435, -0.8368
70.66, 1.434, -3.316
70.67, 1.433, -3.411
70.68, 1.432, -6.180
70.69, 1.431, -3.830
70.70, 1.430, -6.520
70.71, 1.429, -8.270
70.72, 1.428, -5.824
70.73, 1.427, -7.571
70.74, 1.426, -8.525
70.75, 1.425, -7.221
70.76, 1.424, -8.898
70.77, 1.423, -10.44
70.78, 1.422, -7.805
70.79, 1.421, -9.772
70.80, 1.420, -9.899
70.81, 1.419, -10.12
70.82, 1.418, -9.321
70.83, 1.417, -11.01
70.84, 1.416, -12.92
70.85, 1.415, -11.47
70.86, 1.414, -12.91
70.87, 1.413, -14.58
70.88, 1.412, -12.16
70.89, 1.411, -13.33
70.90, 1.410, -15.37
70.91, 1.409, -12.64
70.92, 1.408, -15.39
70.93, 1.407, -17.00
70.94, 1.406, -15.52
70.95, 1.405, -13.87
70.96, 1.404, -16.95
70.97, 1.403, -18.37
70.98, 1.402, -15.47
70.99, 1.401, -18.29
71.00, 1.400, -19.44
71.01, 1.399, -18.39
71.02, 1.398, -17.12
71.03, 1.397, -18.97
71.04, 1.396, -19.91
71.05, 1.395, -16.73
71.06, 1.394, -17.86
71.07, 1.393, -21.07
71.08, 1.392, -18.25
71.09, 1.391, -19.10
71.10, 1.390, -21.22
71.11, 1.389, -19.31
71.12, 1.388, -20.33
71.13, 1.387, -20.19
71.14, 1.386, -20.99
71.15, 1.385, -21.03
71.16, 1.384, -20.07
71.17, 1.383, -21.44
71.18, 1.382, -20.65
71.19, 1.381, -20.39
71.20, 1.380, -23.23
71.21, 1.379, -22.19
71.22, 1.378, -19.95
71.23, 1.377, -22.33
71.24, 1.376, -23.09
71.25, 1.375, -18.78
71.26, 1.374, -21.25
71.27, 1.373, -22.79
71.28, 1.372, -20.71
71.29, 1.371, -22.07
71.30, 1.370, -22.71
71.31, 1.369, -23.41
71.32, 1.368, -21.25
71.33, 1.367, -22.96
71.34, 1.366, -23.85
71.35, 1.365, -20.78
71.36, 1.364, -22.06
71.37, 1.363, -23.90
71.38, 1.362, -24.92
71.39, 1.361, -23.70
71.40, 1.360, -24.22
71.41, 1.359, -25.08
71.42, 1.358, -21.59
71.43, 1.357, -25.17
71.44, 1.356, -25.64
71.45, 1.355, -22.65
71.46, 1.354, -24.08
71.47, 1.353, -26.16
71.48, 1.352, -22.96
71.49, 1.351, -25.12
71.50, 1.350, -24.61
71.51, 1.349, -26.11
71.52, 1.348, -23.33
71.53, 1.347, -26.64
71.54, 1.346, -25.04
71.55, 1.345, -24.37
71.56, 1.344, -23.78
71.57, 1.343, -24.59
71.58, 1.342, -23.50
71.59, 1.341, -24.07
71.60, 1.340, -25.75
71.61, 1.339, -24.13
71.62, 1.338, -24.73
71.63, 1.337, -24.93
71.64, 1.336, -25.19
71.65, 1.335, -22.35
71.66, 1.334, -24.73
71.67, 1.333, -24.17
71.68, 1.332, -22.63
71.69, 1.331, -23.43
71.70, 1.330, -25.84
71.71, 1.329, -23.20
71.72, 1.328, -24.79
71.73, 1.327, -25.51
71.74, 1.326, -23.99
71.75, 1.325, -24.65
71.76, 1.324, -24.16
71.77, 1.323, -26.14
71.78, 1.322, -23.04
71.79, 1.321, -25.11
71.80, 1.320, -24.61
71.81, 1.319, -24.51
71.82, 1.318, -24.88
71.83, 1.317, -27.04
71.84, 1.316, -26.36
71.85, 1.315, -25.72
71.86, 1.314, -26.30
71.87, 1.313, -26.10
71.88, 1.312, -22.36
71.89, 1.311, -25.58
71.90, 1.310, -26.66
71.91, 1.309, -24.56
71.92, 1.308, -24.56
71.93, 1.307, -24.30
71.94, 1.306, -25.09
71.95, 1.305, -25.16
71.96, 1.304, -24.05
71.97, 1.303, -24.77
71.98, 1.302, -23.63
71.99, 1.301, -24.64
72.00, 1.300, -24.96
72.01, 1.299, -23.68
72.02, 1.298, -26.42
72.03, 1.297, -25.33
72.04, 1.296, -22.65
72.05, 1.295, -24.09
72.06, 1.294, -25.38
72.07, 1.293, -21.30
72.08, 1.292, -23.64
72.09, 1.291, -25.87
72.10, 1.290, -23.61
72.11, 1.289, -23.68
72.12, 1.288, -26.29
72.13, 1.287, -21.35
72.14, 1.286, -23.11
72.15, 1.285, -24.25
72.16, 1.284, -23.41
72.17, 1.283, -24.81
72.18, 1.282, -26.08
72.19, 1.281, -22.21
72.20, 1.280, -23.92
72.21, 1.279, -26.00
72.22, 1.278, -22.85
72.23, 1.277, -24.37
72.24, 1.276, -26.57
72.25, 1.275, -22.31
72.26, 1.274, -24.54
72.27, 1.273, -26.06
72.28, 1.272, -22.93
72.29, 1.271, -23.56
72.30, 1.270, -24.28
72.31, 1.269, -26.58
72.32, 1.268, -22.22
72.33, 1.267, -23.07
72.34, 1.266, -23.90
72.35, 1.265, -24.19
72.36, 1.264, -23.36
72.37, 1.263, -25.23
72.38, 1.262, -23.31
72.39, 1.261, -23.20
72.40, 1.260, -24.06
72.41, 1.259, -23.39
72.42, 1.258, -21.17
72.43, 1.257, -22.66
72.44, 1.256, -24.62
72.45, 1.255, -21.89
72.46, 1.254, -23.12
72.47, 1.253, -23.15
72.48, 1.252, -24.31
72.49, 1.251, -20.07
72.50, 1.250, -19.67
72.51, 1.249, -21.86
72.52, 1.248, -19.74
72.53, 1.247, -19.75
72.54, 1.246, -22.10
72.55, 1.245, -22.18
72.56, 1.244, -21.36
72.57, 1.243, -21.24
72.58, 1.242, -23.36
72.59, 1.241, -21.27
72.60, 1.240, -19.96
72.61, 1.239, -21.29
72.62, 1.238, -23.61
72.63, 1.237, -21.77
72.64, 1.236, -23.10
72.65, 1.235, -21.55
72.66, 1.234, -21.96
72.67, 1.233, -21.05
72.68, 1.232, -23.24
72.69, 1.231, -22.49
72.70, 1.230, -20.58
72.71, 1.229, -21.75
72.72, 1.228, -23.20
72.73, 1.227, -22.17
72.74, 1.226, -20.22
72.75, 1.225, -21.52
72.76, 1.224, -22.24
72.77, 1.223, -21.10
72.78, 1.222, -20.45
72.79, 1.221, -20.40
72.80, 1.220, -19.73
72.81, 1.219, -20.26
72.82, 1.218, -22.19
72.83, 1.217, -20.35
72.84, 1.216, -18.55
72.85, 1.215, -20.59
72.86, 1.214, -21.61
72.87, 1.213, -19.53
72.88, 1.212, -20.30
72.89, 1.211, -20.68
72.90, 1.210, -16.76
72.91, 1.209, -18.72
72.92, 1.208, -20.46
72.93, 1.207, -18.90
72.94, 1.206, -19.34
72.95, 1.205, -20.07
72.96, 1.204, -20.70
72.97, 1.203, -17.91
72.98, 1.202, -19.07
72.99, 1.201, -21.27
73.00, 1.200, -16.39
73.01, 1.199, -19.24
73.02, 1.198, -19.42
73.03, 1.197, -21.00
73.04, 1.196, -17.69
73.05, 1.195, -19.23
73.06, 1.194, -20.56
73.07, 1.193, -17.29
73.08, 1.192, -18.99
73.09, 1.191, -20.74
73.10, 1.190, -18.84
73.11, 1.189, -19.66
73.12, 1.188, -18.86
73.13, 1.187, -18.98
73.14, 1.186, -17.76
73.15, 1.185, -19.08
73.16, 1.184, -20.65
73.17, 1.183, -18.01
73.18, 1.182, -20.93
73.19, 1.181, -18.97
73.20, 1.180, -16.42
73.21, 1.179, -18.07
73.22, 1.178, -20.41
73.23, 1.177, -15.82
73.24, 1.176, -17.46
73.25, 1.175, -19.05
73.26, 1.174, -16.32
73.27, 1.173, -16.91
73.28, 1.172, -18.76
73.29, 1.171, -16.72
73.30, 1.170, -16.86
73.31, 1.169, -18.72
73.32, 1.168, -16.25
73.33, 1.167, -16.95
73.34, 1.166, -17.42
73.35, 1.165, -17.53
73.36, 1.164, -15.55
73.37, 1.163, -17.37
73.38, 1.162, -18.12
73.39, 1.161, -14.17
73.40, 1.160, -16.02
73.41, 1.159, -16.17
73.42, 1.158, -15.54
73.43, 1.157, -15.63
73.44, 1.156, -16.01
73.45, 1.155, -16.79
73.46, 1.154, -15.51
73.47, 1.153, -16.24
73.48, 1.152, -17.20
73.49, 1.151, -15.70
73.50, 1.150, -16.08
73.51, 1.149, -16.29
73.52, 1.148, -16.88
73.53, 1.147, -16.58
73.54, 1.146, -15.77
73.55, 1.145, -16.28
73.56, 1.144, -16.67
73.57, 1.143, -15.48
73.58, 1.142, -17.50
73.59, 1.141, -16.19
73.60, 1.140, -13.06
73.61, 1.139, -15.75
73.62, 1.138, -16.58
73.63, 1.137, -14.51
73.64, 1.136, -13.69
73.65, 1.135, -15.58
73.66, 1.134, -17.05
73.67, 1.133, -13.26
73.68, 1.132, -14.99
73.69, 1.131, -16.53
73.70, 1.130, -13.32
73.71, 1.129, -14.46
73.72, 1.128, -15.25
73.73, 1.127, -14.71
73.74, 1.126, -14.29
73.75, 1.125, -12.60
73.76, 1.124, -15.11
73.77, 1.123, -12.92
73.78, 1.122, -12.33
73.79, 1.121, -13.87
73.80, 1.120, -14.54
73.81, 1.119, -12.91
73.82, 1.118, -13.38
73.83, 1.117, -14.49
73.84, 1.116, -11.51
73.85, 1.115, -11.09
73.86, 1.114, -14.85
73.87, 1.113, -14.02
73.88, 1.112, -11.47
73.89, 1.111, -14.00
73.90, 1.110, -14.49
73.91, 1.109, -11.86
73.92, 1.108, -14.90
73.93, 1.107, -13.84
73.94, 1.106, -13.46
73.95, 1.105, -13.13
73.96, 1.104, -14.38
73.97, 1.103, -14.44
73.98, 1.102, -11.23
73.99, 1.101, -14.05
74.00, 1.100, -14.30
74.01, 1.099, -14.18
74.02, 1.098, -12.30
74.03, 1.097, -14.04
74.04, 1.096, -14.81
74.05, 1.095, -11.42
74.06, 1.094, -11.97
74.07, 1.093, -14.29
74.08, 1.092, -13.69
74.09, 1.091, -10.21
74.10, 1.090, -12.57
74.11, 1.089, -13.10
74.12, 1.088, -10.29
74.13, 1.087, -12.17
74.14, 1.086, -12.53
74.15, 1.085, -11.76
74.16, 1.084, -11.76
74.17, 1.083, -12.69
74.18, 1.082, -11.92
74.19, 1.081, -9.602
74.20, 1.080, -11.95
74.21, 1.079, -10.52
74.22, 1.078, -12.00
74.23, 1.077, -9.147
74.24, 1.076, -10.42
74.25, 1.075, -11.66
74.26, 1.074, -10.83
74.27, 1.073, -9.673
74.28, 1.072, -9.152
74.29, 1.071, -10.92
74.30, 1.070, -10.73
74.31, 1.069, -11.34
74.32, 1.068, -11.62
74.33, 1.067, -12.99
74.34, 1.066, -10.06
74.35, 1.065, -11.04
74.36, 1.064, -10.62
74.37, 1.063, -8.985
74.38, 1.062, -11.16
74.39, 1.061, -10.81
74.40, 1.060, -12.01
74.41, 1.059, -9.198
74.42, 1.058, -11.09
74.43, 1.057, -11.54
74.44, 1.056, -9.711
74.45, 1.055, -10.33
74.46, 1.054, -10.95
74.47, 1.053, -10.11
74.48, 1.052, -11.38
74.49, 1.051, -9.894
74.50, 1.050, -9.558
74.51, 1.049, -10.74
74.52, 1.048, -10.33
74.53, 1.047, -8.438
74.54, 1.046, -11.76
74.55, 1.045, -8.948
74.56, 1.044, -9.457
74.57, 1.043, -10.28
74.58, 1.042, -11.90
74.59, 1.041, -9.798
74.60, 1.040, -9.972
74.61, 1.039, -9.591
74.62, 1.038, -9.385
74.63, 1.037, -8.987
74.64, 1.036, -10.88
74.65, 1.035, -9.782
74.66, 1.034, -8.340
74.67, 1.033, -10.21
74.68, 1.032, -10.35
74.69, 1.031, -8.546
74.70, 1.030, -9.555
74.71, 1.029, -10.18
74.72, 1.028, -10.47
74.73, 1.027, -9.848
74.74, 1.026, -10.58
74.75, 1.025, -13.15
74.76, 1.024, -6.820
74.77, 1.023, -9.164
74.78, 1.022, -10.84
74.79, 1.021, -9.439
74.80, 1.020, -8.032
74.81, 1.019, -11.19
74.82, 1.018, -9.798
74.83, 1.017, -7.564
74.84, 1.016, -8.942
74.85, 1.015, -9.662
74.86, 1.014, -9.771
74.87, 1.013, -9.834
74.88, 1.012, -8.776
74.89, 1.011, -10.49
74.90, 1.010, -8.526
74.91, 1.009, -8.888
74.92, 1.008, -10.05
74.93, 1.007, -7.823
74.94, 1.006, -9.054
74.95, 1.005, -9.062
74.96, 1.004, -9.385
74.97, 1.003, -6.749
74.98, 1.002, -7.920
74.99, 1.001, -10.16
75.00, 1.000, -6.424
75.01, 0.9990, -9.267
75.02, 0.9980, -8.229
75.03, 0.9970, -9.234
75.04, 0.9960, -8.155
75.05, 0.9950, -8.277
75.06, 0.9940, -7.270
75.07, 0.9930, -11.11
75.08, 0.9920, -7.097
75.09, 0.9910, -8.991
75.10, 0.9900, -8.525
75.11, 0.9890, -7.872
75.12, 0.9880, -7.345
75.13, 0.9870, -9.164
75.14, 0.9860, -11.59
75.15, 0.9850, -7.473
75.16, 0.9840, -9.053
75.17, 0.9830, -10.60
75.18, 0.9820, -8.529
75.19, 0.9810, -8.426
75.20, 0.9800, -9.740
75.21, 0.9790, -9.145
75.22, 0.9780, -8.495
75.23, 0.9770, -8.430
75.24, 0.9760, -10.53
75.25, 0.9750, -8.823
75.26, 0.9740, -8.536
75.27, 0.9730, -10.45
75.28, 0.9720, -10.10
75.29, 0.9710, -7.748
75.30, 0.9700, -7.415
75.31, 0.9690, -10.17
75.32, 0.9680, -7.977
75.33, 0.9670, -7.580
75.34, 0.9660, -8.732
75.35, 0.9650, -8.864
75.36, 0.9640, -8.529
75.37, 0.9630, -8.833
75.38, 0.9620, -8.476
75.39, 0.9610, -6.550
75.40, 0.9600, -7.879
75.41, 0.9590, -8.714
75.42, 0.9580, -8.429
75.43, 0.9570, -7.745
75.44, 0.9560, -8.292
75.45, 0.9550, -9.743
75.46, 0.9540, -7.744
75.47, 0.9530, -7.384
75.48, 0.9520, -10.39
75.49, 0.9510, -7.370
75.50, 0.9500, -7.884
75.51, 0.9490, -9.830
75.52, 0.9480, -8.266
75.53, 0.9470, -8.855
75.54, 0.9460, -8.228
75.55, 0.9450, -8.682
75.56, 0.9440, -7.623
75.57, 0.9430, -7.215
75.58, 0.9420, -9.321
75.59, 0.9410, -5.588
75.60, 0.9400, -9.107
75.61, 0.9390, -9.873
75.62, 0.9380, -9.047
75.63, 0.9370, -9.144
75.64, 0.9360, -9.301
75.65, 0.9350, -10.66
75.66, 0.9340, -6.100
75.67, 0.9330, -8.573
75.68, 0.9320, -8.872
75.69, 0.9310, -8.875
75.70, 0.9300, -7.787
75.71, 0.9290, -9.754
75.72, 0.9280, -8.234
75.73, 0.9270, -8.495
75.74, 0.9260, -7.961
75.75, 0.9250, -9.409
75.76, 0.9240, -5.846
75.77, 0.9230, -8.240
75.78, 0.9220, -10.03
75.79, 0.9210, -6.716
75.80, 0.9200, -8.035
75.81, 0.9190, -8.711
75.82, 0.9180, -8.020
75.83, 0.9170, -6.115
75.84, 0.9160, -6.826
75.85, 0.9150, -9.106
75.86, 0.9140, -5.782
75.87, 0.9130, -7.520
75.88, 0.9120, -7.974
75.89, 0.9110, -6.992
75.90, 0.9100, -7.379
75.91, 0.9090, -6.586
75.92, 0.9080, -8.187
75.93, 0.9070, -6.201
75.94, 0.9060, -6.238
75.95, 0.9050, -8.540
75.96, 0.9040, -5.720
75.97, 0.9030, -7.812
75.98, 0.9020, -8.808
75.99, 0.9010, -7.289
76.00, 0.9000, -7.065
76.01, 0.8990, -8.300
76.02, 0.8980, -6.217
76.03, 0.8970, -8.779
76.04, 0.8960, -7.825
76.05, 0.8950, -7.857
76.06, 0.8940, -8.321
76.07, 0.8930, -8.834
76.08, 0.8920, -9.036
76.09, 0.8910, -5.416
76.10, 0.8900, -8.016
76.11, 0.8890, -11.01
76.12, 0.8880, -5.448
76.13, 0.8870, -8.215
76.14, 0.8860, -7.286
76.15, 0.8850, -7.738
76.16, 0.8840, -7.073
76.17, 0.8830, -6.250
76.18, 0.8820, -9.033
76.19, 0.8810, -5.424
76.20, 0.8800, -7.250
76.21, 0.8790, -6.102
76.22, 0.8780, -7.966
76.23, 0.8770, -6.700
76.24, 0.8760, -7.057
76.25, 0.8750, -8.560
76.26, 0.8740, -6.101
76.27, 0.8730, -5.958
76.28, 0.8720, -8.502
76.29, 0.8710, -7.183
76.30, 0.8700, -6.404
76.31, 0.8690, -6.192
76.32, 0.8680, -7.531
76.33, 0.8670, -4.964
76.34, 0.8660, -6.023
76.35, 0.8650, -7.482
76.36, 0.8640, -7.758
76.37, 0.8630, -5.447
76.38, 0.8620, -6.575
76.39, 0.8610, -8.687
76.40, 0.8600, -5.192
76.41, 0.8590, -7.175
76.42, 0.8580, -6.816
76.43, 0.8570, -7.846
76.44, 0.8560, -6.835
76.45, 0.8550, -8.534
76.46, 0.8540, -7.766
76.47, 0.8530, -6.101
76.48, 0.8520, -7.908
76.49, 0.8510, -10.67
76.50, 0.8500, -6.292
76.51, 0.8490, -8.626
76.52, 0.8480, -7.611
76.53, 0.8470, -6.318
76.54, 0.8460, -7.456
76.55, 0.8450, -8.091
76.56, 0.8440, -5.879
76.57, 0.8430, -6.851
76.58, 0.8420, -7.848
76.59, 0.8410, -7.780
76.60, 0.8400, -6.343
76.61, 0.8390, -7.938
76.62, 0.8380, -7.178
76.63, 0.8370, -5.965
76.64, 0.8360, -6.785
76.65, 0.8350, -8.740
76.66, 0.8340, -6.025
76.67, 0.8330, -7.183
76.68, 0.8320, -7.393
76.69, 0.8310, -4.648
76.70, 0.8300, -7.185
76.71, 0.8290, -6.703
76.72, 0.8280, -5.840
76.73, 0.8270, -5.735
76.74, 0.8260, -6.409
76.75, 0.8250, -6.994
76.76, 0.8240, -5.329
76.77, 0.8230, -6.208
76.78, 0.8220, -7.807
76.79, 0.8210, -5.621
76.80, 0.8200, -5.273
76.81, 0.8190, -7.396
76.82, 0.8180, -4.330
76.83, 0.8170, -7.384
76.84, 0.8160, -7.278
76.85, 0.8150, -6.973
76.86, 0.8140, -7.236
76.87, 0.8130, -7.779
76.88, 0.8120, -7.332
76.89, 0.8110, -7.608
76.90, 0.8100, -6.958
76.91, 0.8090, -8.013
76.92, 0.8080, -6.542
76.93, 0.8070, -6.815
76.94, 0.8060, -8.735
76.95, 0.8050, -6.231
76.96, 0.8040, -5.348
76.97, 0.8030, -7.419
76.98, 0.8020, -8.419
76.99, 0.8010, -5.075
77.00, 0.8000, -7.175
77.01, 0.7990, -7.333
77.02, 0.7980, -5.502
77.03, 0.7970, -6.865
77.04, 0.7960, -7.209
77.05, 0.7950, -7.916
77.06, 0.7940, -5.328
77.07, 0.7930, -5.581
77.08, 0.7920, -7.970
77.09, 0.7910, -5.889
77.10, 0.7900, -5.748
77.11, 0.7890, -8.118
77.12, 0.7880, -5.713
77.13, 0.7870, -5.817
77.14, 0.7860, -6.791
77.15, 0.7850, -5.286
77.16, 0.7840, -6.392
77.17, 0.7830, -7.156
77.18, 0.7820, -6.286
77.19, 0.7810, -5.362
77.20, 0.7800, -6.371
77.21, 0.7790, -7.205
77.22, 0.7780, -6.070
77.23, 0.7770, -6.253
77.24, 0.7760, -6.679
77.25, 0.7750, -6.729
77.26, 0.7740, -7.105
77.27, 0.7730, -7.663
77.28, 0.7720, -5.658
77.29, 0.7710, -7.183
77.30, 0.7700, -7.106
77.31, 0.7690, -7.696
77.32, 0.7680, -6.609
77.33, 0.7670, -7.471
77.34, 0.7660, -9.428
77.35, 0.7650, -4.779
77.36, 0.7640, -6.536
77.37, 0.7630, -8.262
77.38, 0.7620, -7.240
77.39, 0.7610, -7.311
77.40, 0.7600, -6.564
77.41, 0.7590, -7.279
77.42, 0.7580, -6.147
77.43, 0.7570, -7.144
77.44, 0.7560, -6.787
77.45, 0.7550, -5.604
77.46, 0.7540, -5.073
77.47, 0.7530, -5.936
77.48, 0.7520, -7.270
77.49, 0.7510, -5.968
77.50, 0.7500, -4.212
77.51, 0.7490, -8.021
77.52, 0.7480, -4.558
77.53, 0.7470, -5.993
77.54, 0.7460, -7.839
77.55, 0.7450, -5.832
77.56, 0.7440, -7.302
77.57, 0.7430, -5.436
77.58, 0.7420, -6.775
77.59, 0.7410, -6.193
77.60, 0.7400, -6.696
77.61, 0.7390, -7.172
77.62, 0.7380, -5.491
77.63, 0.7370, -4.895
77.64, 0.7360, -4.878
77.65, 0.7350, -5.679
77.66, 0.7340, -4.774
77.67, 0.7330, -7.581
77.68, 0.7320, -7.655
77.69, 0.7310, -5.519
77.70, 0.7300, -7.133
77.71, 0.7290, -8.101
77.72, 0.7280, -6.568
77.73, 0.7270, -7.675
77.74, 0.7260, -7.618
77.75, 0.7250, -7.716
77.76, 0.7240, -7.869
77.77, 0.7230, -6.683
77.78, 0.7220, -8.246
77.79, 0.7210, -5.436
77.80, 0.7200, -5.924
77.81, 0.7190, -7.845
77.82, 0.7180, -5.653
77.83, 0.7170, -6.342
77.84, 0.7160, -7.280
77.85, 0.7150, -6.401
77.86, 0.7140, -5.907
77.87, 0.7130, -5.938
77.88, 0.7120, -7.714
77.89, 0.7110, -6.005
77.90, 0.7100, -7.496
77.91, 0.7090, -6.936
77.92, 0.7080, -7.195
77.93, 0.7070, -5.146
77.94, 0.7060, -5.871
77.95, 0.7050, -8.084
77.96, 0.7040, -4.049
77.97, 0.7030, -4.969
77.98, 0.7020, -6.445
77.99, 0.7010, -5.705
78.00, 0.7000, -5.450
78.01, 0.6990, -5.794
78.02, 0.6980, -6.984
78.03, 0.6970, -6.195
78.04, 0.6960, -6.660
78.05, 0.6950, -6.301
78.06, 0.6940, -6.088
78.07, 0.6930, -5.421
78.08, 0.6920, -6.075
78.09, 0.6910, -6.597
78.10, 0.6900, -6.148
78.11, 0.6890, -5.760
78.12, 0.6880, -5.772
78.13, 0.6870, -6.902
78.14, 0.6860, -7.375
78.15, 0.6850, -6.493
78.16, 0.6840, -6.468
78.17, 0.6830, -8.190
78.18, 0.6820, -5.717
78.19, 0.6810, -6.239
78.20, 0.6800, -5.604
78.21, 0.6790, -7.770
78.22, 0.6780, -6.800
78.23, 0.6770, -6.109
78.24, 0.6760, -7.565
78.25, 0.6750, -6.292
78.26, 0.6740, -5.764
78.27, 0.6730, -6.501
78.28, 0.6720, -6.465
78.29, 0.6710, -4.867
78.30, 0.6700, -5.311
78.31, 0.6690, -7.043
78.32, 0.6680, -6.510
78.33, 0.6670, -5.486
78.34, 0.6660, -5.311
78.35, 0.6650, -5.994
78.36, 0.6640, -4.645
78.37, 0.6630, -5.725
78.38, 0.6620, -6.129
78.39, 0.6610, -6.460
78.40, 0.6600, -4.791
78.41, 0.6590, -6.641
78.42, 0.6580, -7.219
78.43, 0.6570, -5.938
78.44, 0.6560, -5.692
78.45, 0.6550, -5.960
78.46, 0.6540, -8.101
78.47, 0.6530, -4.628
78.48, 0.6520, -7.042
78.49, 0.6510, -5.425
78.50, 0.6500, -6.037
78.51, 0.6490, -6.962
78.52, 0.6480, -7.164
78.53, 0.6470, -9.355
78.54, 0.6460, -5.795
78.55, 0.6450, -6.149
78.56, 0.6440, -8.891
78.57, 0.6430, -5.321
78.58, 0.6420, -7.095
78.59, 0.6410, -7.686
78.60, 0.6400, -7.117
78.61, 0.6390, -6.518
78.62, 0.6380, -7.131
78.63, 0.6370, -7.745
78.64, 0.6360, -5.975
78.65, 0.6350, -5.600
78.66, 0.6340, -6.124
78.67, 0.6330, -5.952
78.68, 0.6320, -5.948
78.69, 0.6310, -7.263
78.70, 0.6300, -7.278
78.71, 0.6290, -4.621
78.72, 0.6280, -6.445
78.73, 0.6270, -6.476
78.74, 0.6260, -7.901
78.75, 0.6250, -4.630
78.76, 0.6240, -6.208
78.77, 0.6230, -8.160
78.78, 0.6220, -5.662
78.79, 0.6210, -5.476
78.80, 0.6200, -7.892
78.81, 0.6190, -5.412
78.82, 0.6180, -4.918
78.83, 0.6170, -6.085
78.84, 0.6160, -7.238
78.85, 0.6150, -5.873
78.86, 0.6140, -7.208
78.87, 0.6130, -5.053
78.88, 0.6120, -7.145
78.89, 0.6110, -5.980
78.90, 0.6100, -5.225
78.91, 0.6090, -6.320
78.92, 0.6080, -5.049
78.93, 0.6070, -6.410
78.94, 0.6060, -6.423
78.95, 0.6050, -9.339
78.96, 0.6040, -6.190
78.97, 0.6030, -6.433
78.98, 0.6020, -7.173
78.99, 0.6010, -6.470
79.00, 0.6000, -6.433
79.01, 0.5990, -6.891
79.02, 0.5980, -6.924
79.03, 0.5970, -6.903
79.04, 0.5960, -7.151
79.05, 0.5950, -7.855
79.06, 0.5940, -2.598
79.07, 0.5930, -6.866
79.08, 0.5920, -8.129
79.09, 0.5910, -6.338
79.10, 0.5900, -6.043
79.11, 0.5890, -7.216
79.12, 0.5880, -7.634
79.13, 0.5870, -4.488
79.14, 0.5860, -6.457
79.15, 0.5850, -8.089
79.16, 0.5840, -6.409
79.17, 0.5830, -6.438
79.18, 0.5820, -6.864
79.19, 0.5810, -7.767
79.20, 0.5800, -5.215
79.21, 0.5790, -5.580
79.22, 0.5780, -6.823
79.23, 0.5770, -6.049
79.24, 0.5760, -5.570
79.25, 0.5750, -6.223
79.26, 0.5740, -7.018
79.27, 0.5730, -4.290
79.28, 0.5720, -6.788
79.29, 0.5710, -7.596
79.30, 0.5700, -4.477
79.31, 0.5690, -5.595
79.32, 0.5680, -8.850
79.33, 0.5670, -5.065
79.34, 0.5660, -6.275
79.35, 0.5650, -6.364
79.36, 0.5640, -8.298
79.37, 0.5630, -5.273
79.38, 0.5620, -6.582
79.39, 0.5610, -6.377
79.40, 0.5600, -6.955
79.41, 0.5590, -6.835
79.42, 0.5580, -5.674
79.43, 0.5570, -8.142
79.44, 0.5560, -6.438
79.45, 0.5550, -5.411
79.46, 0.5540, -6.558
79.47, 0.5530, -6.886
79.48, 0.5520, -5.536
79.49, 0.5510, -6.808
79.50, 0.5500, -8.326
79.51, 0.5490, -5.929
79.52, 0.5480, -6.709
79.53, 0.5470, -6.544
79.54, 0.5460, -7.074
79.55, 0.5450, -4.759
79.56, 0.5440, -5.898
79.57, 0.5430, -6.162
79.58, 0.5420, -6.777
79.59, 0.5410, -6.799
79.60, 0.5400, -6.015
79.61, 0.5390, -6.492
79.62, 0.5380, -5.176
79.63, 0.5370, -5.605
79.64, 0.5360, -6.304
79.65, 0.5350, -7.738
79.66, 0.5340, -6.725
79.67, 0.5330, -6.802
79.68, 0.5320, -7.756
79.69, 0.5310, -4.757
79.70, 0.5300, -6.294
79.71, 0.5290, -6.091
79.72, 0.5280, -5.849
79.73, 0.5270, -4.802
79.74, 0.5260, -6.771
79.75, 0.5250, -7.303
79.76, 0.5240, -6.856
79.77, 0.5230, -6.450
79.78, 0.5220, -8.097
79.79, 0.5210, -6.101
79.80, 0.5200, -7.416
79.81, 0.5190, -8.351
79.82, 0.5180, -9.142
79.83, 0.5170, -6.962
79.84, 0.5160, -7.215
79.85, 0.5150, -8.816
79.86, 0.5140, -6.156
79.87, 0.5130, -6.767
79.88, 0.5120, -7.474
79.89, 0.5110, -6.798
79.90, 0.5100, -6.389
79.91, 0.5090, -8.057
79.92, 0.5080, -6.941
79.93, 0.5070, -5.520
79.94, 0.5060, -6.730
79.95, 0.5050, -8.213
79.96, 0.5040, -6.183
79.97, 0.5030, -6.863
79.98, 0.5020, -8.288
79.99, 0.5010, -7.260
80.00, 0.5000, -6.166
80.01, 0.4990, -7.276
80.02, 0.4980, -7.009
80.03, 0.4970, -6.986
80.04, 0.4960, -7.797
80.05, 0.4950, -5.142
80.06, 0.4940, -6.612
80.07, 0.4930, -4.788
80.08, 0.4920, -7.511
80.09, 0.4910, -7.423
80.10, 0.4900, -7.599
80.11, 0.4890, -5.845
80.12, 0.4880, -6.576
80.13, 0.4870, -6.571
80.14, 0.4860, -6.011
80.15, 0.4850, -5.410
80.16, 0.4840, -4.790
80.17, 0.4830, -9.410
80.18, 0.4820, -6.910
80.19, 0.4810, -5.561
80.20, 0.4800, -6.358
80.21, 0.4790, -9.679
80.22, 0.4780, -4.804
80.23, 0.4770, -6.299
80.24, 0.4760, -8.578
80.25, 0.4750, -7.916
80.26, 0.4740, -7.360
80.27, 0.4730, -7.052
80.28, 0.4720, -9.303
80.29, 0.4710, -6.322
80.30, 0.4700, -7.249
80.31, 0.4690, -5.889
80.32, 0.4680, -6.183
80.33, 0.4670, -6.611
80.34, 0.4660, -6.244
80.35, 0.4650, -6.684
80.36, 0.4640, -6.942
80.37, 0.4630, -6.305
80.38, 0.4620, -8.124
80.39, 0.4610, -4.692
80.40, 0.4600, -5.799
80.41, 0.4590, -8.591
80.42, 0.4580, -6.151
80.43, 0.4570, -6.879
80.44, 0.4560, -5.679
80.45, 0.4550, -7.480
80.46, 0.4540, -5.826
80.47, 0.4530, -6.483
80.48, 0.4520, -7.147
80.49, 0.4510, -6.583
80.50, 0.4500, -7.060
80.51, 0.4490, -5.755
80.52, 0.4480, -6.920
80.53, 0.4470, -4.473
80.54, 0.4460, -6.025
80.55, 0.4450, -7.330
80.56, 0.4440, -4.490
80.57, 0.4430, -6.074
80.58, 0.4420, -7.473
80.59, 0.4410, -6.846
80.60, 0.4400, -7.218
80.61, 0.4390, -5.786
80.62, 0.4380, -6.527
80.63, 0.4370, -6.472
80.64, 0.4360, -5.817
80.65, 0.4350, -7.846
80.66, 0.4340, -6.760
80.67, 0.4330, -6.389
80.68, 0.4320, -7.651
80.69, 0.4310, -7.931
80.70, 0.4300, -7.314
80.71, 0.4290, -8.365
80.72, 0.4280, -7.022
80.73, 0.4270, -5.763
80.74, 0.4260, -6.259
80.75, 0.4250, -8.703
80.76, 0.4240, -6.439
80.77, 0.4230, -4.678
80.78, 0.4220, -7.026
80.79, 0.4210, -7.580
80.80, 0.4200, -5.796
80.81, 0.4190, -6.087
80.82, 0.4180, -8.894
80.83, 0.4170, -5.191
80.84, 0.4160, -6.677
80.85, 0.4150, -6.288
80.86, 0.4140, -7.120
80.87, 0.4130, -6.447
80.88, 0.4120, -5.938
80.89, 0.4110, -7.052
80.90, 0.4100, -5.702
80.91, 0.4090, -6.461
80.92, 0.4080, -7.472
80.93, 0.4070, -6.045
80.94, 0.4060, -5.810
80.95, 0.4050, -6.368
80.96, 0.4040, -5.741
80.97, 0.4030, -6.104
80.98, 0.4020, -6.611
80.99, 0.4010, -7.655
81.00, 0.4000, -6.330
81.01, 0.3990, -6.398
81.02, 0.3980, -7.738
81.03, 0.3970, -5.766
81.04, 0.3960, -6.837
81.05, 0.3950, -7.700
81.06, 0.3940, -7.432
81.07, 0.3930, -8.109
81.08, 0.3920, -7.334
81.09, 0.3910, -7.396
81.10, 0.3900, -5.574
81.11, 0.3890, -7.057
81.12, 0.3880, -8.615
81.13, 0.3870, -6.643
81.14, 0.3860, -7.027
81.15, 0.3850, -6.747
81.16, 0.3840, -8.835
81.17, 0.3830, -5.626
81.18, 0.3820, -6.681
81.19, 0.3810, -8.474
81.20, 0.3800, -5.169
81.21, 0.3790, -7.887
81.22, 0.3780, -6.567
81.23, 0.3770, -6.934
81.24, 0.3760, -7.510
81.25, 0.3750, -6.718
81.26, 0.3740, -7.176
81.27, 0.3730, -6.319
81.28, 0.3720, -5.836
81.29, 0.3710, -8.403
81.30, 0.3700, -4.619
81.31, 0.3690, -6.267
81.32, 0.3680, -8.060
81.33, 0.3670, -5.329
81.34, 0.3660, -7.620
81.35, 0.3650, -7.466
81.36, 0.3640, -5.040
81.37, 0.3630, -6.656
81.38, 0.3620, -7.706
81.39, 0.3610, -6.322
81.40, 0.3600, -5.131
81.41, 0.3590, -7.339
81.42, 0.3580, -7.479
81.43, 0.3570, -5.779
81.44, 0.3560, -6.344
81.45, 0.3550, -7.551
81.46, 0.3540, -8.182
81.47, 0.3530, -6.949
81.48, 0.3520, -7.553
81.49, 0.3510, -9.226
81.50, 0.3500, -6.706
81.51, 0.3490, -8.704
81.52, 0.3480, -9.381
81.53, 0.3470, -7.500
81.54, 0.3460, -8.337
81.55, 0.3450, -9.286
81.56, 0.3440, -5.629
81.57, 0.3430, -6.536
81.58, 0.3420, -7.638
81.59, 0.3410, -7.369
81.60, 0.3400, -7.725
81.61, 0.3390, -7.272
81.62, 0.3380, -7.926
81.63, 0.3370, -7.238
81.64, 0.3360, -7.609
81.65, 0.3350, -7.658
81.66, 0.3340, -7.365
81.67, 0.3330, -7.637
81.68, 0.3320, -7.377
81.69, 0.3310, -7.786
81.70, 0.3300, -7.546
81.71, 0.3290, -7.713
81.72, 0.3280, -6.546
81.73, 0.3270, -7.088
81.74, 0.3260, -8.944
81.75, 0.3250, -6.210
81.76, 0.3240, -6.671
81.77, 0.3230, -7.503
81.78, 0.3220, -6.954
81.79, 0.3210, -6.728
81.80, 0.3200, -8.917
81.81, 0.3190, -7.450
81.82, 0.3180, -7.279
81.83, 0.3170, -7.592
81.84, 0.3160, -6.934
81.85, 0.3150, -7.109
81.86, 0.3140, -7.544
81.87, 0.3130, -7.957
81.88, 0.3120, -7.265
81.89, 0.3110, -7.865
81.90, 0.3100, -8.935
81.91, 0.3090, -6.439
81.92, 0.3080, -7.971
81.93, 0.3070, -7.835
81.94, 0.3060, -7.626
81.95, 0.3050, -9.317
81.96, 0.3040, -9.000
81.97, 0.3030, -7.357
81.98, 0.3020, -7.985
81.99, 0.3010, -9.477
82.00, 0.3000, -7.434
82.01, 0.2990, -8.592
82.02, 0.2980, -9.065
82.03, 0.2970, -7.610
82.04, 0.2960, -8.026
82.05, 0.2950, -8.666
82.06, 0.2940, -7.512
82.07, 0.2930, -8.830
82.08, 0.2920, -8.663
82.09, 0.2910, -7.459
82.10, 0.2900, -8.857
82.11, 0.2890, -8.700
82.12, 0.2880, -6.535
82.13, 0.2870, -7.197
82.14, 0.2860, -8.577
82.15, 0.2850, -6.751
82.16, 0.2840, -7.780
82.17, 0.2830, -8.240
82.18, 0.2820, -5.629
82.19, 0.2810, -8.439
82.20, 0.2800, -8.368
82.21, 0.2790, -7.479
82.22, 0.2780, -7.583
82.23, 0.2770, -7.452
82.24, 0.2760, -6.232
82.25, 0.2750, -6.608
82.26, 0.2740, -7.619
82.27, 0.2730, -7.350
82.28, 0.2720, -8.430
82.29, 0.2710, -7.132
82.30, 0.2700, -8.766
82.31, 0.2690, -8.490
82.32, 0.2680, -8.358
82.33, 0.2670, -9.816
82.34, 0.2660, -6.961
82.35, 0.2650, -8.383
82.36, 0.2640, -10.34
82.37, 0.2630, -8.185
82.38, 0.2620, -9.661
82.39, 0.2610, -9.476
82.40, 0.2600, -6.385
82.41, 0.2590, -8.678
82.42, 0.2580, -8.572
82.43, 0.2570, -7.518
82.44, 0.2560, -8.887
82.45, 0.2550, -8.127
82.46, 0.2540, -7.530
82.47, 0.2530, -8.402
82.48, 0.2520, -7.884
82.49, 0.2510, -7.254
82.50, 0.2500, -7.142
82.51, 0.2490, -8.166
82.52, 0.2480, -7.303
82.53, 0.2470, -8.882
82.54, 0.2460, -9.147
82.55, 0.2450, -7.030
82.56, 0.2440, -7.751
82.57, 0.2430, -7.876
82.58, 0.2420, -7.761
82.59, 0.2410, -8.389
82.60, 0.2400, -8.490
82.61, 0.2390, -6.905
82.62, 0.2380, -9.321
82.63, 0.2370, -7.374
82.64, 0.2360, -6.669
82.65, 0.2350, -8.110
82.66, 0.2340, -7.996
82.67, 0.2330, -8.701
82.68, 0.2320, -7.758
82.69, 0.2310, -8.151
82.70, 0.2300, -7.149
82.71, 0.2290, -8.030
82.72, 0.2280, -7.435
82.73, 0.2270, -8.242
82.74, 0.2260, -8.503
82.75, 0.2250, -9.434
82.76, 0.2240, -8.742
82.77, 0.2230, -9.193
82.78, 0.2220, -7.774
82.79, 0.2210, -8.215
82.80, 0.2200, -8.058
82.81, 0.2190, -7.105
82.82, 0.2180, -9.343
82.83, 0.2170, -6.874
82.84, 0.2160, -7.168
82.85, 0.2150, -9.530
82.86, 0.2140, -7.212
82.87, 0.2130, -8.465
82.88, 0.2120, -8.720
82.89, 0.2110, -8.158
82.90, 0.2100, -7.859
82.91, 0.2090, -8.461
82.92, 0.2080, -8.593
82.93, 0.2070, -7.272
82.94, 0.2060, -8.219
82.95, 0.2050, -10.59
82.96, 0.2040, -6.816
82.97, 0.2030, -8.823
82.98, 0.2020, -8.743
82.99, 0.2010, -6.858
83.00, 0.2000, -7.865
83.01, 0.1990, -7.680
83.02, 0.1980, -8.221
83.03, 0.1970, -8.921
83.04, 0.1960, -8.236
83.05, 0.1950, -9.778
83.06, 0.1940, -7.192
83.07, 0.1930, -8.517
83.08, 0.1920, -9.456
83.09, 0.1910, -7.882
83.10, 0.1900, -8.518
83.11, 0.1890, -7.999
83.12, 0.1880, -8.005
83.13, 0.1870, -7.897
83.14, 0.1860, -8.223
83.15, 0.1850, -9.962
83.16, 0.1840, -7.314
83.17, 0.1830, -8.687
83.18, 0.1820, -9.622
83.19, 0.1810, -7.471
83.20, 0.1800, -7.513
83.21, 0.1790, -9.355
83.22, 0.1780, -8.692
83.23, 0.1770, -9.064
83.24, 0.1760, -8.072
83.25, 0.1750, -10.34
83.26, 0.1740, -8.081
83.27, 0.1730, -8.140
83.28, 0.1720, -8.792
83.29, 0.1710, -6.833
83.30, 0.1700, -7.782
83.31, 0.1690, -9.463
83.32, 0.1680, -7.699
83.33, 0.1670, -9.521
83.34, 0.1660, -8.821
83.35, 0.1650, -7.157
83.36, 0.1640, -7.843
83.37, 0.1630, -8.644
83.38, 0.1620, -8.116
83.39, 0.1610, -7.956
83.40, 0.1600, -7.929
83.41, 0.1590, -9.083
83.42, 0.1580, -8.711
83.43, 0.1570, -9.379
83.44, 0.1560, -9.983
83.45, 0.1550, -8.430
83.46, 0.1540, -6.335
83.47, 0.1530, -9.320
83.48, 0.1520, -6.673
83.49, 0.1510, -7.832
83.50, 0.1500, -8.192
83.51, 0.1490, -6.899
83.52, 0.1480, -8.279
83.53, 0.1470, -7.298
83.54, 0.1460, -8.509
83.55, 0.1450, -8.063
83.56, 0.1440, -7.604
83.57, 0.1430, -9.154
83.58, 0.1420, -8.608
83.59, 0.1410, -8.779
83.60, 0.1400, -8.940
83.61, 0.1390, -6.789
83.62, 0.1380, -9.565
83.63, 0.1370, -10.20
83.64, 0.1360, -8.447
83.65, 0.1350, -8.628
83.66, 0.1340, -8.985
83.67, 0.1330, -9.118
83.68, 0.1320, -7.476
83.69, 0.1310, -8.438
83.70, 0.1300, -9.573
83.71, 0.1290, -8.357
83.72, 0.1280, -7.526
83.73, 0.1270, -10.58
83.74, 0.1260, -7.327
83.75, 0.1250, -7.428
83.76, 0.1240, -9.030
83.77, 0.1230, -8.509
83.78, 0.1220, -7.872
83.79, 0.1210, -10.48
83.80, 0.1200, -7.175
83.81, 0.1190, -7.625
83.82, 0.1180, -9.383
83.83, 0.1170, -7.658
83.84, 0.1160, -8.443
83.85, 0.1150, -7.775
83.86, 0.1140, -8.369
83.87, 0.1130, -8.614
83.88, 0.1120, -8.618
83.89, 0.1110, -7.132
83.90, 0.1100, -7.311
83.91, 0.1090, -8.251
83.92, 0.1080, -7.728
83.93, 0.1070, -8.043
83.94, 0.1060, -8.525
83.95, 0.1050, -9.255
83.96, 0.1040, -7.755
83.97, 0.1030, -7.543
83.98, 0.1020, -8.700
83.99, 0.1010, -9.159
84.00, 0.1000, -8.964
84.01, 0.09900, -9.965
84.02, 0.09800, -9.276
84.03, 0.09700, -8.256
84.04, 0.09600, -10.06
84.05, 0.09500, -9.804
84.06, 0.09400, -9.155
84.07, 0.09300, -9.832
84.08, 0.09200, -7.742
84.09, 0.09100, -8.288
84.10, 0.09000, -9.413
84.11, 0.08900, -8.329
84.12, 0.08800, -9.868
84.13, 0.08700, -8.094
84.14, 0.08600, -7.135
84.15, 0.08500, -7.409
84.16, 0.08400, -7.705
84.17, 0.08300, -11.06
84.18, 0.08200, -7.416
84.19, 0.08100, -8.034
84.20, 0.08000, -8.933
84.21, 0.07900, -9.304
84.22, 0.07800, -7.674
84.23, 0.07700, -8.238
84.24, 0.07600, -7.611
84.25, 0.07500, -9.554
84.26, 0.07400, -6.132
84.27, 0.07300, -7.643
84.28, 0.07200, -8.206
84.29, 0.07100, -8.372
84.30, 0.07000, -6.587
84.31, 0.06900, -8.352
84.32, 0.06800, -8.741
84.33, 0.06700, -8.369
84.34, 0.06600, -6.636
84.35, 0.06500, -8.115
84.36, 0.06400, -8.549
84.37, 0.06300, -7.247
84.38, 0.06200, -7.980
84.39, 0.06100, -7.777
84.40, 0.06000, -9.358
84.41, 0.05900, -7.635
84.42, 0.05800, -8.735
84.43, 0.05700, -9.402
84.44, 0.05600, -9.358
84.45, 0.05500, -7.246
84.46, 0.05400, -8.913
84.47, 0.05300, -8.674
84.48, 0.05200, -9.644
84.49, 0.05100, -8.381
84.50, 0.05000, -8.319
84.51, 0.04900, -8.601
84.52, 0.04800, -8.903
84.53, 0.04700, -8.659
84.54, 0.04600, -8.608
84.55, 0.04500, -8.155
84.56, 0.04400, -8.670
84.57, 0.04300, -7.932
84.58, 0.04200, -7.684
84.59, 0.04100, -9.062
84.60, 0.04000, -7.913
84.61, 0.03900, -8.525
84.62, 0.03800, -7.244
84.63, 0.03700, -8.706
84.64, 0.03600, -7.260
84.65, 0.03500, -7.856
84.66, 0.03400, -8.211
84.67, 0.03300, -10.24
84.68, 0.03200, -7.350
84.69, 0.03100, -7.826
84.70, 0.03000, -7.920
84.71, 0.02900, -9.744
84.72, 0.02800, -6.934
84.73, 0.02700, -8.063
84.74, 0.02600, -8.409
84.75, 0.02500, -8.719
84.76, 0.02400, -7.530
84.77, 0.02300, -8.002
84.78, 0.02200, -8.698
84.79, 0.02100, -9.257
84.80, 0.02000, -8.311
84.81, 0.01900, -7.428
84.82, 0.01800, -10.00
84.83, 0.01700, -8.901
84.84, 0.01600, -8.903
84.85, 0.01500, -9.390
84.86, 0.01400, -10.64
84.87, 0.01300, -8.812
84.88, 0.01200, -9.324
84.89, 0.01100, -10.38
84.90, 0.01000, -8.330
84.91, 0.009000, -8.650
84.92, 0.008000, -9.141
84.93, 0.007000, -7.776
84.94, 0.006000, -9.331
84.95, 0.005000, -9.554
84.96, 0.004000, -9.370
84.97, 0.003000, -9.228
84.98, 0.002000, -9.027
84.99, 0.001000, -9.200
85.00, 0.000, -6.383
