0.01000, -0.8000, -9.724
0.02000, -0.8000, -8.514
0.03000, -0.8000, -6.308
0.04000, -0.8000, -6.921
0.05000, -0.8000, -6.129
0.06000, -0.8000, -5.808
0.07000, -0.8000, -7.179
0.08000, -0.8000, -5.299
0.09000, -0.8000, -5.593
0.1000, -0.8000, -4.817
0.1100, -0.8000, -5.870
0.1200, -0.8000, -5.697
0.1300, -0.8000, -6.731
0.1400, -0.8000, -7.457
0.1500, -0.8000, -5.793
0.1600, -0.8000, -5.917
0.1700, -0.8000, -5.155
0.1800, -0.8000, -7.007
0.1900, -0.8000, -5.011
0.2000, -0.8000, -6.456
0.2100, -0.8000, -5.136
0.2200, -0.8000, -5.808
0.2300, -0.8000, -5.885
0.2400, -0.8000, -6.083
0.2500, -0.8000, -6.341
0.2600, -0.8000, -6.762
0.2700, -0.8000, -6.526
0.2800, -0.8000, -7.032
0.2900, -0.8000, -6.369
0.3000, -0.8000, -6.421
0.3100, -0.8000, -4.442
0.3200, -0.8000, -6.119
0.3300, -0.8000, -5.252
0.3400, -0.8000, -5.435
0.3500, -0.8000, -4.929
0.3600, -0.8000, -4.728
0.3700, -0.8000, -6.231
0.3800, -0.8000, -5.912
0.3900, -0.8000, -6.633
0.4000, -0.8000, -5.809
0.4100, -0.8000, -6.444
0.4200, -0.8000, -5.546
0.4300, -0.8000, -5.042
0.4400, -0.8000, -5.589
0.4500, -0.8000, -5.426
0.4600, -0.8000, -7.490
0.4700, -0.8000, -5.737
0.4800, -0.8000, -5.485
0.4900, -0.8000, -6.234
0.5000, -0.8000, -6.183
0.5100, -0.8000, -6.551
0.5200, -0.8000, -6.208
0.5300, -0.8000, -6.353
0.5400, -0.8000, -5.091
0.5500, -0.8000, -5.928
0.5600, -0.8000, -6.650
0.5700, -0.8000, -6.354
0.5800, -0.8000, -5.995
0.5900, -0.8000, -5.136
0.6000, -0.8000, -5.822
0.6100, -0.8000, -5.849
0.6200, -0.8000, -6.123
0.6300, -0.8000, -7.318
0.6400, -0.8000, -5.553
0.6500, -0.8000, -5.500
0.6600, -0.8000, -5.349
0.6700, -0.8000, -5.563
0.6800, -0.8000, -6.575
0.6900, -0.8000, -6.249
0.7000, -0.8000, -4.905
0.7100, -0.8000, -5.531
0.7200, -0.8000, -6.464
0.7300, -0.8000, -5.031
0.7400, -0.8000, -6.332
0.7500, -0.8000, -7.781
0.7600, -0.8000, -6.236
0.7700, -0.8000, -5.787
0.7800, -0.8000, -5.367
0.7900, -0.8000, -4.900
0.8000, -0.8000, -6.050
0.8100, -0.8000, -7.296
0.8200, -0.8000, -5.673
0.8300, -0.8000, -5.983
0.8400, -0.8000, -6.019
0.8500, -0.8000, -7.220
0.8600, -0.8000, -6.623
0.8700, -0.8000, -8.641
0.8800, -0.8000, -5.816
0.8900, -0.8000, -5.014
0.9000, -0.8000, -5.696
0.9100, -0.8000, -7.520
0.9200, -0.8000, -5.409
0.9300, -0.8000, -6.264
0.9400, -0.8000, -5.186
0.9500, -0.8000, -6.599
0.9600, -0.8000, -5.828
0.9700, -0.8000, -5.947
0.9800, -0.8000, -8.114
0.9900, -0.8000, -6.118
1.000, -0.8000, -7.069
1.010, -0.8000, -5.723
1.020, -0.8000, -5.200
1.030, -0.8000, -6.088
1.040, -0.8000, -5.823
1.050, -0.8000, -5.327
1.060, -0.8000, -5.877
1.070, -0.8000, -6.101
1.080, -0.8000, -5.947
1.090, -0.8000, -4.887
1.100, -0.8000, -6.009
1.110, -0.8000, -6.449
1.120, -0.8000, -7.368
1.130, -0.8000, -6.445
1.140, -0.8000, -6.829
1.150, -0.8000, -5.547
1.160, -0.8000, -4.823
1.170, -0.8000, -6.895
1.180, -0.8000, -5.006
1.190, -0.8000, -5.288
1.200, -0.8000, -6.884
1.210, -0.8000, -7.372
1.220, -0.8000, -6.667
1.230, -0.8000, -6.046
1.240, -0.8000, -7.047
1.250, -0.8000, -6.933
1.260, -0.8000, -7.080
1.270, -0.8000, -5.234
1.280, -0.8000, -6.417
1.290, -0.8000, -5.814
1.300, -0.8000, -5.643
1.310, -0.8000, -6.686
1.320, -0.8000, -6.141
1.330, -0.8000, -4.919
1.340, -0.8000, -6.292
1.350, -0.8000, -6.952
1.360, -0.8000, -6.114
1.370, -0.8000, -4.384
1.380, -0.8000, -7.080
1.390, -0.8000, -6.036
1.400, -0.8000, -6.756
1.410, -0.8000, -5.533
1.420, -0.8000, -5.607
1.430, -0.8000, -7.083
1.440, -0.8000, -7.640
1.450, -0.8000, -6.736
1.460, -0.8000, -5.779
1.470, -0.8000, -4.644
1.480, -0.8000, -5.946
1.490, -0.8000, -5.899
1.500, -0.8000, -5.816
1.510, -0.8000, -6.522
1.520, -0.8000, -5.890
1.530, -0.8000, -5.502
1.540, -0.8000, -6.285
1.550, -0.8000, -5.493
1.560, -0.8000, -6.684
1.570, -0.8000, -6.838
1.580, -0.8000, -6.629
1.590, -0.8000, -6.579
1.600, -0.8000, -6.488
1.610, -0.8000, -5.837
1.620, -0.8000, -6.215
1.630, -0.8000, -5.424
1.640, -0.8000, -6.954
1.650, -0.8000, -5.863
1.660, -0.8000, -7.177
1.670, -0.8000, -6.970
1.680, -0.8000, -5.646
1.690, -0.8000, -5.895
1.700, -0.8000, -6.891
1.710, -0.8000, -5.423
1.720, -0.8000, -5.637
1.730, -0.8000, -6.617
1.740, -0.8000, -6.646
1.750, -0.8000, -7.069
1.760, -0.8000, -7.373
1.770, -0.8000, -7.388
1.780, -0.8000, -6.239
1.790, -0.8000, -5.538
1.800, -0.8000, -4.844
1.810, -0.8000, -5.585
1.820, -0.8000, -5.482
1.830, -0.8000, -6.641
1.840, -0.8000, -6.155
1.850, -0.8000, -6.384
1.860, -0.8000, -6.324
1.870, -0.8000, -5.796
1.880, -0.8000, -7.077
1.890, -0.8000, -6.342
1.900, -0.8000, -7.511
1.910, -0.8000, -6.514
1.920, -0.8000, -6.131
1.930, -0.8000, -6.439
1.940, -0.8000, -6.104
1.950, -0.8000, -7.049
1.960, -0.8000, -6.836
1.970, -0.8000, -6.342
1.980, -0.8000, -5.942
1.990, -0.8000, -6.102
2.000, -0.8000, -6.084
2.010, -0.8000, -5.997
2.020, -0.8000, -5.644
2.030, -0.8000, -6.017
2.040, -0.8000, -5.603
2.050, -0.8000, -5.917
2.060, -0.8000, -6.481
2.070, -0.8000, -6.746
2.080, -0.8000, -5.634
2.090, -0.8000, -5.750
2.100, -0.8000, -5.634
2.110, -0.8000, -5.387
2.120, -0.8000, -5.967
2.130, -0.8000, -5.666
2.140, -0.8000, -7.052
2.150, -0.8000, -6.643
2.160, -0.8000, -6.651
2.170, -0.8000, -6.260
2.180, -0.8000, -5.535
2.190, -0.8000, -5.336
2.200, -0.8000, -6.073
2.210, -0.8000, -6.724
2.220, -0.8000, -5.270
2.230, -0.8000, -6.595
2.240, -0.8000, -6.291
2.250, -0.8000, -6.606
2.260, -0.8000, -7.066
2.270, -0.8000, -6.447
2.280, -0.8000, -6.502
2.290, -0.8000, -4.936
2.300, -0.8000, -6.491
2.310, -0.8000, -6.334
2.320, -0.8000, -5.478
2.330, -0.8000, -5.907
2.340, -0.8000, -5.619
2.350, -0.8000, -7.542
2.360, -0.8000, -7.198
2.370, -0.8000, -6.855
2.380, -0.8000, -6.042
2.390, -0.8000, -5.275
2.400, -0.8000, -6.040
2.410, -0.8000, -7.118
2.420, -0.8000, -6.434
2.430, -0.8000, -5.717
2.440, -0.8000, -5.503
2.450, -0.8000, -5.678
2.460, -0.8000, -5.941
2.470, -0.8000, -7.106
2.480, -0.8000, -6.499
2.490, -0.8000, -6.421
2.500, -0.8000, -5.375
2.510, -0.8000, -5.781
2.520, -0.8000, -6.215
2.530, -0.8000, -5.938
2.540, -0.8000, -5.377
2.550, -0.8000, -5.997
2.560, -0.8000, -6.227
2.570, -0.8000, -7.159
2.580, -0.8000, -6.530
2.590, -0.8000, -6.816
2.600, -0.8000, -6.180
2.610, -0.8000, -5.219
2.620, -0.8000, -6.744
2.630, -0.8000, -5.664
2.640, -0.8000, -6.125
2.650, -0.8000, -5.849
2.660, -0.8000, -6.270
2.670, -0.8000, -5.787
2.680, -0.8000, -6.969
2.690, -0.8000, -7.525
2.700, -0.8000, -6.806
2.710, -0.8000, -6.742
2.720, -0.8000, -5.145
2.730, -0.8000, -6.678
2.740, -0.8000, -5.969
2.750, -0.8000, -6.024
2.760, -0.8000, -5.263
2.770, -0.8000, -6.563
2.780, -0.8000, -6.494
2.790, -0.8000, -6.719
2.800, -0.8000, -7.281
2.810, -0.8000, -6.553
2.820, -0.8000, -6.349
2.830, -0.8000, -6.557
2.840, -0.8000, -5.869
2.850, -0.8000, -6.177
2.860, -0.8000, -7.255
2.870, -0.8000, -6.672
2.880, -0.8000, -6.327
2.890, -0.8000, -6.182
2.900, -0.8000, -6.000
2.910, -0.8000, -5.342
2.920, -0.8000, -5.798
2.930, -0.8000, -6.754
2.940, -0.8000, -6.773
2.950, -0.8000, -7.811
2.960, -0.8000, -6.959
2.970, -0.8000, -5.814
2.980, -0.8000, -6.677
2.990, -0.8000, -6.013
3.000, -0.8000, -6.883
3.010, -0.8000, -5.792
3.020, -0.8000, -5.988
3.030, -0.8000, -6.858
3.040, -0.8000, -6.576
3.050, -0.8000, -7.215
3.060, -0.8000, -6.303
3.070, -0.8000, -6.134
3.080, -0.8000, -5.521
3.090, -0.8000, -5.626
3.100, -0.8000, -5.851
3.110, -0.8000, -5.988
3.120, -0.8000, -6.933
3.130, -0.8000, -5.441
3.140, -0.8000, -5.890
3.150, -0.8000, -6.219
3.160, -0.8000, -5.595
3.170, -0.8000, -8.320
3.180, -0.8000, -6.153
3.190, -0.8000, -5.989
3.200, -0.8000, -6.148
3.210, -0.8000, -5.712
3.220, -0.8000, -6.351
3.230, -0.8000, -5.789
3.240, -0.8000, -5.420
3.250, -0.8000, -5.395
3.260, -0.8000, -6.982
3.270, -0.8000, -6.016
3.280, -0.8000, -7.932
3.290, -0.8000, -6.542
3.300, -0.8000, -8.199
3.310, -0.8000, -5.678
3.320, -0.8000, -5.602
3.330, -0.8000, -5.715
3.340, -0.8000, -6.032
3.350, -0.8000, -6.566
3.360, -0.8000, -5.893
3.370, -0.8000, -5.963
3.380, -0.8000, -5.911
3.390, -0.8000, -7.797
3.400, -0.8000, -6.390
3.410, -0.8000, -6.477
3.420, -0.8000, -6.150
3.430, -0.8000, -6.221
3.440, -0.8000, -5.687
3.450, -0.8000, -6.141
3.460, -0.8000, -5.824
3.470, -0.8000, -5.511
3.480, -0.8000, -6.095
3.490, -0.8000, -6.366
3.500, -0.8000, -4.976
3.510, -0.8000, -6.867
3.520, -0.8000, -6.177
3.530, -0.8000, -6.688
3.540, -0.8000, -6.480
3.550, -0.8000, -6.272
3.560, -0.8000, -6.771
3.570, -0.8000, -7.199
3.580, -0.8000, -6.820
3.590, -0.8000, -7.749
3.600, -0.8000, -5.655
3.610, -0.8000, -5.272
3.620, -0.8000, -6.004
3.630, -0.8000, -6.056
3.640, -0.8000, -6.763
3.650, -0.8000, -6.633
3.660, -0.8000, -6.610
3.670, -0.8000, -6.006
3.680, -0.8000, -6.772
3.690, -0.8000, -5.445
3.700, -0.8000, -6.241
3.710, -0.8000, -5.675
3.720, -0.8000, -6.638
3.730, -0.8000, -7.013
3.740, -0.8000, -5.160
3.750, -0.8000, -6.541
3.760, -0.8000, -6.587
3.770, -0.8000, -6.402
3.780, -0.8000, -7.400
3.790, -0.8000, -7.140
3.800, -0.8000, -7.508
3.810, -0.8000, -5.300
3.820, -0.8000, -6.167
3.830, -0.8000, -6.029
3.840, -0.8000, -6.360
3.850, -0.8000, -5.665
3.860, -0.8000, -7.211
3.870, -0.8000, -5.915
3.880, -0.8000, -6.437
3.890, -0.8000, -6.213
3.900, -0.8000, -6.799
3.910, -0.8000, -8.005
3.920, -0.8000, -6.848
3.930, -0.8000, -5.810
3.940, -0.8000, -5.904
3.950, -0.8000, -6.340
3.960, -0.8000, -6.377
3.970, -0.8000, -5.602
3.980, -0.8000, -5.409
3.990, -0.8000, -6.138
4.000, -0.8000, -6.400
4.010, -0.8000, -7.141
4.020, -0.8000, -7.485
4.030, -0.8000, -7.210
4.040, -0.8000, -4.731
4.050, -0.8000, -6.393
4.060, -0.8000, -5.732
4.070, -0.8000, -6.040
4.080, -0.8000, -5.229
4.090, -0.8000, -4.864
4.100, -0.8000, -6.499
4.110, -0.8000, -7.243
4.120, -0.8000, -6.335
4.130, -0.8000, -7.957
4.140, -0.8000, -6.463
4.150, -0.8000, -5.862
4.160, -0.8000, -5.996
4.170, -0.8000, -5.194
4.180, -0.8000, -6.226
4.190, -0.8000, -5.922
4.200, -0.8000, -5.854
4.210, -0.8000, -7.739
4.220, -0.8000, -7.390
4.230, -0.8000, -6.179
4.240, -0.8000, -5.815
4.250, -0.8000, -7.280
4.260, -0.8000, -6.553
4.270, -0.8000, -6.134
4.280, -0.8000, -5.071
4.290, -0.8000, -5.635
4.300, -0.8000, -6.457
4.310, -0.8000, -5.549
4.320, -0.8000, -6.128
4.330, -0.8000, -7.485
4.340, -0.8000, -6.331
4.350, -0.8000, -6.980
4.360, -0.8000, -6.286
4.370, -0.8000, -6.838
4.380, -0.8000, -6.099
4.390, -0.8000, -6.723
4.400, -0.8000, -6.629
4.410, -0.8000, -5.814
4.420, -0.8000, -5.560
4.430, -0.8000, -6.332
4.440, -0.8000, -6.012
4.450, -0.8000, -6.758
4.460, -0.8000, -7.580
4.470, -0.8000, -6.969
4.480, -0.8000, -6.388
4.490, -0.8000, -7.300
4.500, -0.8000, -7.134
4.510, -0.8000, -6.689
4.520, -0.8000, -5.842
4.530, -0.8000, -6.780
4.540, -0.8000, -8.015
4.550, -0.8000, -7.104
4.560, -0.8000, -6.309
4.570, -0.8000, -7.052
4.580, -0.8000, -5.811
4.590, -0.8000, -6.333
4.600, -0.8000, -6.786
4.610, -0.8000, -8.026
4.620, -0.8000, -7.905
4.630, -0.8000, -6.788
4.640, -0.8000, -6.052
4.650, -0.8000, -7.914
4.660, -0.8000, -5.566
4.670, -0.8000, -6.827
4.680, -0.8000, -5.696
4.690, -0.8000, -6.799
4.700, -0.8000, -6.979
4.710, -0.8000, -5.660
4.720, -0.8000, -6.104
4.730, -0.8000, -7.174
4.740, -0.8000, -6.986
4.750, -0.8000, -6.842
4.760, -0.8000, -7.198
4.770, -0.8000, -6.311
4.780, -0.8000, -5.963
4.790, -0.8000, -7.294
4.800, -0.8000, -7.397
4.810, -0.8000, -6.217
4.820, -0.8000, -7.197
4.830, -0.8000, -6.940
4.840, -0.8000, -6.576
4.850, -0.8000, -7.772
4.860, -0.8000, -6.617
4.870, -0.8000, -7.781
4.880, -0.8000, -5.343
4.890, -0.8000, -7.125
4.900, -0.8000, -6.987
4.910, -0.8000, -6.388
4.920, -0.8000, -6.651
4.930, -0.8000, -5.514
4.940, -0.8000, -5.857
4.950, -0.8000, -6.781
4.960, -0.8000, -6.840
4.970, -0.8000, -6.140
4.980, -0.8000, -6.534
4.990, -0.8000, -6.758
5.000, -0.8000, -6.198
5.010, -0.8000, -6.707
5.020, -0.8000, -6.052
5.030, -0.8000, -6.667
5.040, -0.8000, -6.524
5.050, -0.8000, -6.414
5.060, -0.8000, -6.533
5.070, -0.8000, -7.037
5.080, -0.8000, -7.395
5.090, -0.8000, -7.643
5.100, -0.8000, -6.204
5.110, -0.8000, -7.300
5.120, -0.8000, -6.642
5.130, -0.8000, -6.518
5.140, -0.8000, -6.851
5.150, -0.8000, -6.836
5.160, -0.8000, -6.729
5.170, -0.8000, -6.423
5.180, -0.8000, -6.618
5.190, -0.8000, -6.743
5.200, -0.8000, -7.144
5.210, -0.8000, -6.559
5.220, -0.8000, -7.015
5.230, -0.8000, -7.027
5.240, -0.8000, -6.532
5.250, -0.8000, -6.018
5.260, -0.8000, -6.367
5.270, -0.8000, -7.677
5.280, -0.8000, -6.972
5.290, -0.8000, -6.619
5.300, -0.8000, -6.983
5.310, -0.8000, -6.572
5.320, -0.8000, -7.127
5.330, -0.8000, -7.560
5.340, -0.8000, -7.195
5.350, -0.8000, -7.088
5.360, -0.8000, -6.764
5.370, -0.8000, -5.103
5.380, -0.8000, -7.252
5.390, -0.8000, -5.562
5.400, -0.8000, -7.170
5.410, -0.8000, -6.414
5.420, -0.8000, -6.158
5.430, -0.8000, -6.797
5.440, -0.8000, -6.225
5.450, -0.8000, -6.626
5.460, -0.8000, -6.451
5.470, -0.8000, -6.313
5.480, -0.8000, -7.685
5.490, -0.8000, -7.515
5.500, -0.8000, -7.268
5.510, -0.8000, -7.091
5.520, -0.8000, -5.898
5.530, -0.8000, -7.875
5.540, -0.8000, -6.724
5.550, -0.8000, -7.648
5.560, -0.8000, -6.908
5.570, -0.8000, -7.360
5.580, -0.8000, -7.433
5.590, -0.8000, -7.266
5.600, -0.8000, -7.097
5.610, -0.8000, -6.671
5.620, -0.8000, -6.517
5.630, -0.8000, -6.636
5.640, -0.8000, -6.905
5.650, -0.8000, -6.037
5.660, -0.8000, -6.501
5.670, -0.8000, -7.959
5.680, -0.8000, -7.692
5.690, -0.8000, -7.189
5.700, -0.8000, -7.755
5.710, -0.8000, -6.637
5.720, -0.8000, -6.413
5.730, -0.8000, -6.296
5.740, -0.8000, -7.743
5.750, -0.8000, -7.308
5.760, -0.8000, -6.100
5.770, -0.8000, -6.413
5.780, -0.8000, -5.779
5.790, -0.8000, -7.251
5.800, -0.8000, -7.086
5.810, -0.8000, -7.876
5.820, -0.8000, -8.427
5.830, -0.8000, -7.228
5.840, -0.8000, -5.422
5.850, -0.8000, -6.100
5.860, -0.8000, -6.184
5.870, -0.8000, -6.754
5.880, -0.8000, -7.298
5.890, -0.8000, -6.119
5.900, -0.8000, -6.955
5.910, -0.8000, -7.280
5.920, -0.8000, -6.986
5.930, -0.8000, -7.834
5.940, -0.8000, -7.682
5.950, -0.8000, -6.371
5.960, -0.8000, -6.095
5.970, -0.8000, -6.822
5.980, -0.8000, -6.086
5.990, -0.8000, -6.799
6.000, -0.8000, -6.580
6.010, -0.8000, -7.527
6.020, -0.8000, -6.514
6.030, -0.8000, -7.209
6.040, -0.8000, -7.588
6.050, -0.8000, -7.333
6.060, -0.8000, -7.250
6.070, -0.8000, -8.474
6.080, -0.8000, -7.169
6.090, -0.8000, -6.603
6.100, -0.8000, -6.711
6.110, -0.8000, -6.396
6.120, -0.8000, -6.595
6.130, -0.8000, -7.672
6.140, -0.8000, -5.668
6.150, -0.8000, -7.289
6.160, -0.8000, -8.430
6.170, -0.8000, -7.117
6.180, -0.8000, -7.806
6.190, -0.8000, -6.703
6.200, -0.8000, -5.828
6.210, -0.8000, -6.135
6.220, -0.8000, -6.086
6.230, -0.8000, -7.237
6.240, -0.8000, -6.889
6.250, -0.8000, -7.154
6.260, -0.8000, -6.054
6.270, -0.8000, -7.281
6.280, -0.8000, -6.932
6.290, -0.8000, -7.535
6.300, -0.8000, -7.382
6.310, -0.8000, -7.284
6.320, -0.8000, -7.771
6.330, -0.8000, -7.092
6.340, -0.8000, -5.786
6.350, -0.8000, -7.039
6.360, -0.8000, -6.983
6.370, -0.8000, -7.443
6.380, -0.8000, -6.083
6.390, -0.8000, -6.799
6.400, -0.8000, -7.145
6.410, -0.8000, -8.670
6.420, -0.8000, -6.848
6.430, -0.8000, -7.891
6.440, -0.8000, -7.799
6.450, -0.8000, -8.185
6.460, -0.8000, -6.327
6.470, -0.8000, -7.008
6.480, -0.8000, -7.970
6.490, -0.8000, -6.766
6.500, -0.8000, -7.119
6.510, -0.8000, -6.459
6.520, -0.8000, -6.736
6.530, -0.8000, -7.509
6.540, -0.8000, -7.646
6.550, -0.8000, -7.057
6.560, -0.8000, -7.285
6.570, -0.8000, -8.903
6.580, -0.8000, -7.635
6.590, -0.8000, -6.301
6.600, -0.8000, -6.826
6.610, -0.8000, -6.264
6.620, -0.8000, -7.513
6.630, -0.8000, -6.587
6.640, -0.8000, -7.786
6.650, -0.8000, -8.041
6.660, -0.8000, -7.825
6.670, -0.8000, -7.511
6.680, -0.8000, -6.853
6.690, -0.8000, -7.069
6.700, -0.8000, -8.758
6.710, -0.8000, -7.072
6.720, -0.8000, -7.302
6.730, -0.8000, -6.988
6.740, -0.8000, -7.199
6.750, -0.8000, -8.754
6.760, -0.8000, -7.956
6.770, -0.8000, -7.651
6.780, -0.8000, -8.339
6.790, -0.8000, -7.876
6.800, -0.8000, -7.105
6.810, -0.8000, -7.012
6.820, -0.8000, -7.226
6.830, -0.8000, -6.972
6.840, -0.8000, -7.218
6.850, -0.8000, -7.633
6.860, -0.8000, -7.582
6.870, -0.8000, -7.121
6.880, -0.8000, -7.204
6.890, -0.8000, -8.257
6.900, -0.8000, -7.959
6.910, -0.8000, -7.475
6.920, -0.8000, -7.317
6.930, -0.8000, -7.848
6.940, -0.8000, -6.656
6.950, -0.8000, -7.140
6.960, -0.8000, -8.074
6.970, -0.8000, -7.338
6.980, -0.8000, -7.762
6.990, -0.8000, -7.896
7.000, -0.8000, -7.290
7.010, -0.8000, -7.914
7.020, -0.8000, -7.459
7.030, -0.8000, -7.252
7.040, -0.8000, -7.140
7.050, -0.8000, -7.262
7.060, -0.8000, -7.894
7.070, -0.8000, -7.664
7.080, -0.8000, -8.250
7.090, -0.8000, -8.876
7.100, -0.8000, -7.589
7.110, -0.8000, -7.124
7.120, -0.8000, -7.397
7.130, -0.8000, -8.073
7.140, -0.8000, -7.415
7.150, -0.8000, -7.544
7.160, -0.8000, -7.472
7.170, -0.8000, -6.920
7.180, -0.8000, -7.268
7.190, -0.8000, -8.265
7.200, -0.8000, -8.005
7.210, -0.8000, -7.406
7.220, -0.8000, -7.260
7.230, -0.8000, -8.202
7.240, -0.8000, -7.262
7.250, -0.8000, -7.278
7.260, -0.8000, -6.890
7.270, -0.8000, -6.815
7.280, -0.8000, -7.923
7.290, -0.8000, -8.712
7.300, -0.8000, -7.147
7.310, -0.8000, -6.999
7.320, -0.8000, -7.362
7.330, -0.8000, -8.143
7.340, -0.8000, -6.538
7.350, -0.8000, -7.543
7.360, -0.8000, -6.598
7.370, -0.8000, -7.412
7.380, -0.8000, -6.938
7.390, -0.8000, -7.083
7.400, -0.8000, -7.121
7.410, -0.8000, -7.059
7.420, -0.8000, -7.389
7.430, -0.8000, -7.396
7.440, -0.8000, -7.416
7.450, -0.8000, -6.174
7.460, -0.8000, -7.056
7.470, -0.8000, -6.674
7.480, -0.8000, -7.737
7.490, -0.8000, -7.938
7.500, -0.8000, -6.544
7.510, -0.8000, -7.839
7.520, -0.8000, -7.907
7.530, -0.8000, -8.693
7.540, -0.8000, -7.296
7.550, -0.8000, -7.268
7.560, -0.8000, -6.945
7.570, -0.8000, -7.307
7.580, -0.8000, -7.762
7.590, -0.8000, -7.407
7.600, -0.8000, -8.733
7.610, -0.8000, -7.985
7.620, -0.8000, -8.371
7.630, -0.8000, -7.285
7.640, -0.8000, -6.730
7.650, -0.8000, -7.843
7.660, -0.8000, -7.625
7.670, -0.8000, -6.449
7.680, -0.8000, -6.927
7.690, -0.8000, -8.170
7.700, -0.8000, -7.997
7.710, -0.8000, -8.549
7.720, -0.8000, -7.340
7.730, -0.8000, -6.797
7.740, -0.8000, -8.625
7.750, -0.8000, -8.010
7.760, -0.8000, -7.388
7.770, -0.8000, -6.733
7.780, -0.8000, -7.280
7.790, -0.8000, -7.317
7.800, -0.8000, -8.473
7.810, -0.8000, -8.638
7.820, -0.8000, -8.276
7.830, -0.8000, -7.388
7.840, -0.8000, -6.937
7.850, -0.8000, -7.374
7.860, -0.8000, -7.475
7.870, -0.8000, -8.126
7.880, -0.8000, -7.300
7.890, -0.8000, -7.419
7.900, -0.8000, -7.149
7.910, -0.8000, -7.593
7.920, -0.8000, -8.543
7.930, -0.8000, -8.030
7.940, -0.8000, -9.317
7.950, -0.8000, -7.020
7.960, -0.8000, -6.301
7.970, -0.8000, -7.862
7.980, -0.8000, -9.231
7.990, -0.8000, -7.423
8.000, -0.8000, -7.385
8.010, -0.8000, -7.124
8.020, -0.8000, -8.048
8.030, -0.8000, -7.428
8.040, -0.8000, -8.961
8.050, -0.8000, -7.756
8.060, -0.8000, -7.849
8.070, -0.8000, -7.282
8.080, -0.8000, -6.778
8.090, -0.8000, -7.796
8.100, -0.8000, -7.793
8.110, -0.8000, -7.973
8.120, -0.8000, -7.330
8.130, -0.8000, -7.890
8.140, -0.8000, -7.557
8.150, -0.8000, -7.290
8.160, -0.8000, -7.778
8.170, -0.8000, -7.488
8.180, -0.8000, -7.941
8.190, -0.8000, -7.571
8.200, -0.8000, -8.191
8.210, -0.8000, -8.115
8.220, -0.8000, -7.959
8.230, -0.8000, -7.097
8.240, -0.8000, -8.472
8.250, -0.8000, -7.878
8.260, -0.8000, -8.531
8.270, -0.8000, -8.253
8.280, -0.8000, -8.514
8.290, -0.8000, -8.766
8.300, -0.8000, -8.268
8.310, -0.8000, -7.957
8.320, -0.8000, -7.156
8.330, -0.8000, -7.268
8.340, -0.8000, -7.043
8.350, -0.8000, -7.873
8.360, -0.8000, -8.000
8.370, -0.8000, -6.994
8.380, -0.8000, -7.828
8.390, -0.8000, -7.561
8.400, -0.8000, -8.515
8.410, -0.8000, -7.376
8.420, -0.8000, -8.584
8.430, -0.8000, -8.209
8.440, -0.8000, -7.663
8.450, -0.8000, -7.811
8.460, -0.8000, -8.041
8.470, -0.8000, -8.052
8.480, -0.8000, -8.717
8.490, -0.8000, -7.760
8.500, -0.8000, -7.987
8.510, -0.8000, -8.350
8.520, -0.8000, -8.071
8.530, -0.8000, -7.469
8.540, -0.8000, -7.733
8.550, -0.8000, -9.066
8.560, -0.8000, -8.513
8.570, -0.8000, -8.366
8.580, -0.8000, -8.499
8.590, -0.8000, -8.102
8.600, -0.8000, -8.630
8.610, -0.8000, -7.935
8.620, -0.8000, -7.327
8.630, -0.8000, -7.354
8.640, -0.8000, -7.243
8.650, -0.8000, -8.378
8.660, -0.8000, -7.723
8.670, -0.8000, -7.528
8.680, -0.8000, -7.655
8.690, -0.8000, -7.842
8.700, -0.8000, -9.323
8.710, -0.8000, -8.653
8.720, -0.8000, -7.801
8.730, -0.8000, -7.570
8.740, -0.8000, -8.270
8.750, -0.8000, -7.491
8.760, -0.8000, -7.304
8.770, -0.8000, -8.774
8.780, -0.8000, -8.580
8.790, -0.8000, -8.152
8.800, -0.8000, -8.882
8.810, -0.8000, -8.742
8.820, -0.8000, -7.479
8.830, -0.8000, -7.454
8.840, -0.8000, -8.055
8.850, -0.8000, -8.308
8.860, -0.8000, -7.412
8.870, -0.8000, -7.744
8.880, -0.8000, -8.426
8.890, -0.8000, -7.475
8.900, -0.8000, -8.978
8.910, -0.8000, -8.835
8.920, -0.8000, -7.747
8.930, -0.8000, -7.785
8.940, -0.8000, -7.548
8.950, -0.8000, -8.653
8.960, -0.8000, -6.828
8.970, -0.8000, -7.999
8.980, -0.8000, -7.523
8.990, -0.8000, -8.511
9.000, -0.8000, -8.876
9.010, -0.8000, -9.671
9.020, -0.8000, -8.456
9.030, -0.8000, -6.982
9.040, -0.8000, -7.788
9.050, -0.8000, -8.655
9.060, -0.8000, -7.724
9.070, -0.8000, -8.621
9.080, -0.8000, -7.470
9.090, -0.8000, -7.807
9.100, -0.8000, -7.901
9.110, -0.8000, -8.447
9.120, -0.8000, -7.908
9.130, -0.8000, -7.914
9.140, -0.8000, -8.362
9.150, -0.8000, -6.464
9.160, -0.8000, -7.986
9.170, -0.8000, -8.344
9.180, -0.8000, -8.229
9.190, -0.8000, -9.539
9.200, -0.8000, -7.877
9.210, -0.8000, -8.605
9.220, -0.8000, -7.789
9.230, -0.8000, -8.440
9.240, -0.8000, -8.050
9.250, -0.8000, -7.654
9.260, -0.8000, -7.942
9.270, -0.8000, -7.723
9.280, -0.8000, -8.596
9.290, -0.8000, -9.074
9.300, -0.8000, -9.621
9.310, -0.8000, -7.752
9.320, -0.8000, -7.194
9.330, -0.8000, -8.533
9.340, -0.8000, -9.048
9.350, -0.8000, -8.212
9.360, -0.8000, -7.294
9.370, -0.8000, -8.583
9.380, -0.8000, -7.909
9.390, -0.8000, -7.777
9.400, -0.8000, -8.917
9.410, -0.8000, -9.991
9.420, -0.8000, -8.650
9.430, -0.8000, -8.372
9.440, -0.8000, -7.806
9.450, -0.8000, -8.212
9.460, -0.8000, -8.198
9.470, -0.8000, -8.031
9.480, -0.8000, -8.378
9.490, -0.8000, -7.415
9.500, -0.8000, -7.649
9.510, -0.8000, -8.509
9.520, -0.8000, -8.423
9.530, -0.8000, -9.835
9.540, -0.8000, -9.233
9.550, -0.8000, -8.649
9.560, -0.8000, -7.993
9.570, -0.8000, -8.147
9.580, -0.8000, -8.671
9.590, -0.8000, -8.693
9.600, -0.8000, -7.347
9.610, -0.8000, -7.265
9.620, -0.8000, -8.527
9.630, -0.8000, -7.894
9.640, -0.8000, -8.075
9.650, -0.8000, -8.207
9.660, -0.8000, -8.532
9.670, -0.8000, -9.572
9.680, -0.8000, -8.663
9.690, -0.8000, -6.642
9.700, -0.8000, -8.029
9.710, -0.8000, -9.400
9.720, -0.8000, -7.808
9.730, -0.8000, -7.790
9.740, -0.8000, -8.647
9.750, -0.8000, -8.750
9.760, -0.8000, -8.884
9.770, -0.8000, -8.287
9.780, -0.8000, -7.916
9.790, -0.8000, -9.038
9.800, -0.8000, -8.895
9.810, -0.8000, -6.945
9.820, -0.8000, -7.421
9.830, -0.8000, -9.078
9.840, -0.8000, -8.775
9.850, -0.8000, -9.321
9.860, -0.8000, -8.450
9.870, -0.8000, -8.025
9.880, -0.8000, -8.436
9.890, -0.8000, -7.838
9.900, -0.8000, -8.370
9.910, -0.8000, -8.509
9.920, -0.8000, -8.928
9.930, -0.8000, -7.158
9.940, -0.8000, -8.013
9.950, -0.8000, -7.137
9.960, -0.8000, -9.245
9.970, -0.8000, -8.630
9.980, -0.8000, -8.238
9.990, -0.8000, -8.806
10.00, -0.8000, -7.825
10.01, -0.8000, -8.205
10.02, -0.8000, -8.317
10.03, -0.8000, -10.18
10.04, -0.8000, -8.948
10.05, -0.8000, -7.754
10.06, -0.8000, -7.711
10.07, -0.8000, -8.451
10.08, -0.8000, -8.156
10.09, -0.8000, -8.926
10.10, -0.8000, -8.682
10.11, -0.8000, -7.991
10.12, -0.8000, -7.830
10.13, -0.8000, -7.520
10.14, -0.8000, -8.423
10.15, -0.8000, -8.768
10.16, -0.8000, -8.660
10.17, -0.8000, -8.452
10.18, -0.8000, -8.142
10.19, -0.8000, -8.333
10.20, -0.8000, -8.104
10.21, -0.8000, -7.723
10.22, -0.8000, -8.589
10.23, -0.8000, -8.530
10.24, -0.8000, -8.158
10.25, -0.8000, -7.902
10.26, -0.8000, -8.700
10.27, -0.8000, -8.079
10.28, -0.8000, -8.513
10.29, -0.8000, -7.153
10.30, -0.8000, -7.538
10.31, -0.8000, -7.690
10.32, -0.8000, -8.707
10.33, -0.8000, -9.497
10.34, -0.8000, -9.313
10.35, -0.8000, -7.886
10.36, -0.8000, -8.763
10.37, -0.8000, -8.209
10.38, -0.8000, -7.939
10.39, -0.8000, -8.656
10.40, -0.8000, -8.517
10.41, -0.8000, -8.565
10.42, -0.8000, -7.779
10.43, -0.8000, -8.782
10.44, -0.8000, -8.243
10.45, -0.8000, -9.256
10.46, -0.8000, -9.375
10.47, -0.8000, -9.232
10.48, -0.8000, -9.494
10.49, -0.8000, -8.398
10.50, -0.8000, -8.351
10.51, -0.8000, -7.783
10.52, -0.8000, -8.396
10.53, -0.8000, -8.947
10.54, -0.8000, -8.263
10.55, -0.8000, -8.678
10.56, -0.8000, -7.843
10.57, -0.8000, -8.418
10.58, -0.8000, -9.528
10.59, -0.8000, -8.777
10.60, -0.8000, -8.787
10.61, -0.8000, -8.490
10.62, -0.8000, -8.857
10.63, -0.8000, -7.971
10.64, -0.8000, -7.780
10.65, -0.8000, -9.281
10.66, -0.8000, -8.031
10.67, -0.8000, -8.722
10.68, -0.8000, -9.185
10.69, -0.8000, -7.904
10.70, -0.8000, -9.552
10.71, -0.8000, -8.404
10.72, -0.8000, -10.13
10.73, -0.8000, -10.15
10.74, -0.8000, -8.490
10.75, -0.8000, -7.784
10.76, -0.8000, -8.544
10.77, -0.8000, -8.587
10.78, -0.8000, -9.219
10.79, -0.8000, -8.532
10.80, -0.8000, -8.549
10.81, -0.8000, -9.269
10.82, -0.8000, -8.978
10.83, -0.8000, -9.603
10.84, -0.8000, -9.112
10.85, -0.8000, -8.032
10.86, -0.8000, -9.035
10.87, -0.8000, -9.271
10.88, -0.8000, -9.620
10.89, -0.8000, -8.234
10.90, -0.8000, -8.823
10.91, -0.8000, -8.730
10.92, -0.8000, -9.404
10.93, -0.8000, -7.932
10.94, -0.8000, -9.270
10.95, -0.8000, -8.634
10.96, -0.8000, -8.618
10.97, -0.8000, -8.772
10.98, -0.8000, -8.819
10.99, -0.8000, -9.476
11.00, -0.8000, -10.74
11.01, -0.8000, -8.568
11.02, -0.8000, -7.771
11.03, -0.8000, -7.479
11.04, -0.8000, -8.581
11.05, -0.8000, -8.569
11.06, -0.8000, -8.994
11.07, -0.8000, -9.116
11.08, -0.8000, -8.211
11.09, -0.8000, -9.759
11.10, -0.8000, -9.190
11.11, -0.8000, -8.634
11.12, -0.8000, -10.08
11.13, -0.8000, -9.155
11.14, -0.8000, -7.511
11.15, -0.8000, -8.858
11.16, -0.8000, -8.594
11.17, -0.8000, -9.393
11.18, -0.8000, -8.949
11.19, -0.8000, -8.729
11.20, -0.8000, -8.714
11.21, -0.8000, -8.947
11.22, -0.8000, -9.017
11.23, -0.8000, -9.711
11.24, -0.8000, -8.735
11.25, -0.8000, -9.066
11.26, -0.8000, -9.280
11.27, -0.8000, -8.830
11.28, -0.8000, -7.568
11.29, -0.8000, -8.804
11.30, -0.8000, -10.02
11.31, -0.8000, -8.828
11.32, -0.8000, -8.717
11.33, -0.8000, -7.292
11.34, -0.8000, -8.788
11.35, -0.8000, -9.244
11.36, -0.8000, -8.670
11.37, -0.8000, -9.240
11.38, -0.8000, -9.854
11.39, -0.8000, -9.115
11.40, -0.8000, -8.620
11.41, -0.8000, -8.491
11.42, -0.8000, -8.676
11.43, -0.8000, -7.772
11.44, -0.8000, -8.274
11.45, -0.8000, -8.300
11.46, -0.8000, -7.830
11.47, -0.8000, -8.687
11.48, -0.8000, -9.337
11.49, -0.8000, -9.595
11.50, -0.8000, -10.47
11.51, -0.8000, -9.121
11.52, -0.8000, -9.539
11.53, -0.8000, -7.257
11.54, -0.8000, -8.921
11.55, -0.8000, -7.938
11.56, -0.8000, -9.074
11.57, -0.8000, -8.376
11.58, -0.8000, -8.722
11.59, -0.8000, -8.962
11.60, -0.8000, -8.121
11.61, -0.8000, -8.716
11.62, -0.8000, -9.325
11.63, -0.8000, -8.860
11.64, -0.8000, -9.761
11.65, -0.8000, -9.720
11.66, -0.8000, -8.947
11.67, -0.8000, -9.502
11.68, -0.8000, -8.753
11.69, -0.8000, -7.437
11.70, -0.8000, -7.581
11.71, -0.8000, -8.816
11.72, -0.8000, -9.543
11.73, -0.8000, -9.254
11.74, -0.8000, -7.878
11.75, -0.8000, -8.510
11.76, -0.8000, -8.794
11.77, -0.8000, -9.049
11.78, -0.8000, -9.147
11.79, -0.8000, -9.466
11.80, -0.8000, -8.875
11.81, -0.8000, -8.855
11.82, -0.8000, -8.940
11.83, -0.8000, -7.596
11.84, -0.8000, -8.559
11.85, -0.8000, -9.372
11.86, -0.8000, -8.059
11.87, -0.8000, -8.437
11.88, -0.8000, -8.945
11.89, -0.8000, -8.727
11.90, -0.8000, -9.488
11.91, -0.8000, -9.688
11.92, -0.8000, -10.07
11.93, -0.8000, -9.107
11.94, -0.8000, -9.400
11.95, -0.8000, -7.994
11.96, -0.8000, -8.619
11.97, -0.8000, -9.498
11.98, -0.8000, -8.360
11.99, -0.8000, -9.590
12.00, -0.8000, -8.775
12.01, -0.8000, -8.954
12.02, -0.8000, -8.051
12.03, -0.8000, -8.464
12.04, -0.8000, -8.523
12.05, -0.8000, -7.971
12.06, -0.8000, -8.745
12.07, -0.8000, -8.209
12.08, -0.8000, -10.75
12.09, -0.8000, -9.522
12.10, -0.8000, -8.379
12.11, -0.8000, -8.546
12.12, -0.8000, -8.360
12.13, -0.8000, -7.761
12.14, -0.8000, -8.420
12.15, -0.8000, -9.425
12.16, -0.8000, -8.850
12.17, -0.8000, -9.533
12.18, -0.8000, -9.054
12.19, -0.8000, -9.583
12.20, -0.8000, -9.464
12.21, -0.8000, -10.28
12.22, -0.8000, -9.095
12.23, -0.8000, -8.861
12.24, -0.8000, -8.018
12.25, -0.8000, -8.739
12.26, -0.8000, -10.35
12.27, -0.8000, -8.908
12.28, -0.8000, -8.594
12.29, -0.8000, -8.295
12.30, -0.8000, -8.190
12.31, -0.8000, -8.630
12.32, -0.8000, -8.717
12.33, -0.8000, -10.13
12.34, -0.8000, -9.869
12.35, -0.8000, -9.069
12.36, -0.8000, -7.868
12.37, -0.8000, -8.119
12.38, -0.8000, -8.426
12.39, -0.8000, -8.834
12.40, -0.8000, -8.281
12.41, -0.8000, -8.257
12.42, -0.8000, -8.868
12.43, -0.8000, -8.900
12.44, -0.8000, -9.684
12.45, -0.8000, -8.089
12.46, -0.8000, -9.523
12.47, -0.8000, -8.968
12.48, -0.8000, -9.426
12.49, -0.8000, -10.04
12.50, -0.8000, -8.623
12.51, -0.8000, -8.797
12.52, -0.8000, -9.119
12.53, -0.8000, -9.031
12.54, -0.8000, -10.33
12.55, -0.8000, -8.558
12.56, -0.8000, -8.444
12.57, -0.8000, -9.097
12.58, -0.8000, -9.170
12.59, -0.8000, -8.478
12.60, -0.8000, -9.398
12.61, -0.8000, -9.024
12.62, -0.8000, -8.997
12.63, -0.8000, -9.310
12.64, -0.8000, -9.905
12.65, -0.8000, -9.707
12.66, -0.8000, -9.742
12.67, -0.8000, -9.765
12.68, -0.8000, -9.885
12.69, -0.8000, -9.428
12.70, -0.8000, -7.857
12.71, -0.8000, -7.582
12.72, -0.8000, -10.28
12.73, -0.8000, -9.904
12.74, -0.8000, -9.957
12.75, -0.8000, -9.476
12.76, -0.8000, -9.029
12.77, -0.8000, -9.657
12.78, -0.8000, -8.560
12.79, -0.8000, -9.237
12.80, -0.8000, -8.437
12.81, -0.8000, -9.246
12.82, -0.8000, -9.652
12.83, -0.8000, -10.24
12.84, -0.8000, -10.03
12.85, -0.8000, -9.971
12.86, -0.8000, -7.653
12.87, -0.8000, -8.517
12.88, -0.8000, -8.878
12.89, -0.8000, -9.781
12.90, -0.8000, -9.490
12.91, -0.8000, -8.854
12.92, -0.8000, -9.896
12.93, -0.8000, -7.986
12.94, -0.8000, -7.960
12.95, -0.8000, -9.360
12.96, -0.8000, -9.944
12.97, -0.8000, -9.898
12.98, -0.8000, -9.279
12.99, -0.8000, -8.593
13.00, -0.8000, -8.498
13.01, -0.8000, -8.495
13.02, -0.8000, -8.696
13.03, -0.8000, -9.106
13.04, -0.8000, -8.882
13.05, -0.8000, -8.854
13.06, -0.8000, -10.23
13.07, -0.8000, -8.854
13.08, -0.8000, -8.543
13.09, -0.8000, -9.097
13.10, -0.8000, -8.972
13.11, -0.8000, -9.491
13.12, -0.8000, -9.328
13.13, -0.8000, -7.991
13.14, -0.8000, -8.278
13.15, -0.8000, -9.752
13.16, -0.8000, -9.085
13.17, -0.8000, -9.888
13.18, -0.8000, -8.976
13.19, -0.8000, -8.881
13.20, -0.8000, -9.161
13.21, -0.8000, -8.935
13.22, -0.8000, -9.151
13.23, -0.8000, -9.657
13.24, -0.8000, -9.804
13.25, -0.8000, -9.965
13.26, -0.8000, -8.821
13.27, -0.8000, -9.122
13.28, -0.8000, -9.232
13.29, -0.8000, -9.533
13.30, -0.8000, -9.672
13.31, -0.8000, -9.274
13.32, -0.8000, -8.940
13.33, -0.8000, -8.287
13.34, -0.8000, -8.770
13.35, -0.8000, -9.676
13.36, -0.8000, -10.19
13.37, -0.8000, -9.737
13.38, -0.8000, -9.342
13.39, -0.8000, -8.929
13.40, -0.8000, -9.054
13.41, -0.8000, -9.574
13.42, -0.8000, -9.215
13.43, -0.8000, -8.665
13.44, -0.8000, -8.457
13.45, -0.8000, -9.677
13.46, -0.8000, -8.563
13.47, -0.8000, -8.943
13.48, -0.8000, -9.225
13.49, -0.8000, -8.650
13.50, -0.8000, -8.208
13.51, -0.8000, -8.350
13.52, -0.8000, -9.217
13.53, -0.8000, -9.126
13.54, -0.8000, -9.293
13.55, -0.8000, -9.648
13.56, -0.8000, -8.896
13.57, -0.8000, -8.897
13.58, -0.8000, -9.478
13.59, -0.8000, -9.735
13.60, -0.8000, -8.841
13.61, -0.8000, -8.572
13.62, -0.8000, -8.382
13.63, -0.8000, -9.325
13.64, -0.8000, -8.100
13.65, -0.8000, -9.506
13.66, -0.8000, -9.548
13.67, -0.8000, -8.572
13.68, -0.8000, -8.835
13.69, -0.8000, -8.291
13.70, -0.8000, -9.030
13.71, -0.8000, -10.25
13.72, -0.8000, -8.986
13.73, -0.8000, -9.340
13.74, -0.8000, -10.17
13.75, -0.8000, -9.910
13.76, -0.8000, -8.963
13.77, -0.8000, -10.47
13.78, -0.8000, -8.935
13.79, -0.8000, -8.737
13.80, -0.8000, -9.429
13.81, -0.8000, -8.671
13.82, -0.8000, -8.755
13.83, -0.8000, -8.523
13.84, -0.8000, -8.546
13.85, -0.8000, -8.762
13.86, -0.8000, -8.382
13.87, -0.8000, -8.210
13.88, -0.8000, -10.69
13.89, -0.8000, -10.25
13.90, -0.8000, -10.60
13.91, -0.8000, -10.88
13.92, -0.8000, -8.472
13.93, -0.8000, -8.465
13.94, -0.8000, -7.874
13.95, -0.8000, -8.995
13.96, -0.8000, -7.823
13.97, -0.8000, -10.83
13.98, -0.8000, -8.991
13.99, -0.8000, -8.527
14.00, -0.8000, -10.18
14.01, -0.8000, -8.341
14.02, -0.8000, -8.582
14.03, -0.8000, -8.905
14.04, -0.8000, -9.984
14.05, -0.8000, -8.759
14.06, -0.8000, -10.63
14.07, -0.8000, -10.29
14.08, -0.8000, -8.719
14.09, -0.8000, -9.044
14.10, -0.8000, -7.835
14.11, -0.8000, -9.787
14.12, -0.8000, -9.381
14.13, -0.8000, -8.673
14.14, -0.8000, -9.259
14.15, -0.8000, -9.477
14.16, -0.8000, -10.21
14.17, -0.8000, -8.349
14.18, -0.8000, -8.983
14.19, -0.8000, -9.339
14.20, -0.8000, -8.571
14.21, -0.8000, -9.331
14.22, -0.8000, -8.219
14.23, -0.8000, -9.409
14.24, -0.8000, -9.651
14.25, -0.8000, -8.831
14.26, -0.8000, -8.083
14.27, -0.8000, -8.787
14.28, -0.8000, -9.224
14.29, -0.8000, -10.05
14.30, -0.8000, -9.876
14.31, -0.8000, -8.879
14.32, -0.8000, -7.822
14.33, -0.8000, -8.370
14.34, -0.8000, -8.146
14.35, -0.8000, -8.551
14.36, -0.8000, -8.467
14.37, -0.8000, -9.484
14.38, -0.8000, -9.034
14.39, -0.8000, -9.652
14.40, -0.8000, -9.857
14.41, -0.8000, -8.266
14.42, -0.8000, -7.752
14.43, -0.8000, -9.356
14.44, -0.8000, -9.138
14.45, -0.8000, -9.409
14.46, -0.8000, -8.222
14.47, -0.8000, -9.516
14.48, -0.8000, -9.804
14.49, -0.8000, -8.580
14.50, -0.8000, -9.326
14.51, -0.8000, -9.213
14.52, -0.8000, -9.973
14.53, -0.8000, -8.574
14.54, -0.8000, -8.724
14.55, -0.8000, -8.220
14.56, -0.8000, -8.532
14.57, -0.8000, -9.990
14.58, -0.8000, -9.654
14.59, -0.8000, -10.41
14.60, -0.8000, -9.159
14.61, -0.8000, -7.880
14.62, -0.8000, -7.990
14.63, -0.8000, -9.042
14.64, -0.8000, -8.969
14.65, -0.8000, -9.253
14.66, -0.8000, -9.401
14.67, -0.8000, -10.09
14.68, -0.8000, -9.696
14.69, -0.8000, -8.465
14.70, -0.8000, -7.779
14.71, -0.8000, -8.010
14.72, -0.8000, -8.452
14.73, -0.8000, -9.770
14.74, -0.8000, -9.849
14.75, -0.8000, -8.199
14.76, -0.8000, -8.439
14.77, -0.8000, -9.952
14.78, -0.8000, -10.42
14.79, -0.8000, -9.867
14.80, -0.8000, -8.587
14.81, -0.8000, -8.124
14.82, -0.8000, -8.458
14.83, -0.8000, -8.961
14.84, -0.8000, -9.492
14.85, -0.8000, -8.681
14.86, -0.8000, -8.484
14.87, -0.8000, -8.767
14.88, -0.8000, -8.502
14.89, -0.8000, -10.14
14.90, -0.8000, -10.32
14.91, -0.8000, -8.977
14.92, -0.8000, -8.963
14.93, -0.8000, -7.818
14.94, -0.8000, -9.510
14.95, -0.8000, -9.315
14.96, -0.8000, -9.523
14.97, -0.8000, -9.321
14.98, -0.8000, -8.537
14.99, -0.8000, -9.117
15.00, -0.8000, -9.202
15.01, -0.8000, -8.625
15.02, -0.8000, -8.187
15.03, -0.8000, -8.861
15.04, -0.8000, -8.533
15.05, -0.8000, -9.335
15.06, -0.8000, -8.565
15.07, -0.8000, -9.136
15.08, -0.8000, -8.721
15.09, -0.8000, -9.887
15.10, -0.8000, -8.946
15.11, -0.8000, -9.963
15.12, -0.8000, -8.767
15.13, -0.8000, -9.484
15.14, -0.8000, -8.456
15.15, -0.8000, -9.296
15.16, -0.8000, -8.323
15.17, -0.8000, -9.444
15.18, -0.8000, -9.097
15.19, -0.8000, -8.191
15.20, -0.8000, -8.648
15.21, -0.8000, -9.416
15.22, -0.8000, -8.924
15.23, -0.8000, -10.14
15.24, -0.8000, -8.873
15.25, -0.8000, -7.669
15.26, -0.8000, -10.24
15.27, -0.8000, -8.398
15.28, -0.8000, -8.716
15.29, -0.8000, -9.371
15.30, -0.8000, -9.762
15.31, -0.8000, -9.580
15.32, -0.8000, -9.324
15.33, -0.8000, -9.344
15.34, -0.8000, -9.176
15.35, -0.8000, -8.729
15.36, -0.8000, -9.693
15.37, -0.8000, -8.535
15.38, -0.8000, -8.324
15.39, -0.8000, -9.816
15.40, -0.8000, -8.903
15.41, -0.8000, -8.740
15.42, -0.8000, -9.019
15.43, -0.8000, -9.932
15.44, -0.8000, -8.865
15.45, -0.8000, -7.925
15.46, -0.8000, -8.010
15.47, -0.8000, -9.677
15.48, -0.8000, -8.577
15.49, -0.8000, -9.819
15.50, -0.8000, -9.131
15.51, -0.8000, -10.18
15.52, -0.8000, -9.338
15.53, -0.8000, -9.215
15.54, -0.8000, -8.072
15.55, -0.8000, -8.633
15.56, -0.8000, -10.31
15.57, -0.8000, -9.379
15.58, -0.8000, -8.930
15.59, -0.8000, -8.647
15.60, -0.8000, -8.805
15.61, -0.8000, -9.297
15.62, -0.8000, -8.575
15.63, -0.8000, -8.944
15.64, -0.8000, -9.482
15.65, -0.8000, -9.715
15.66, -0.8000, -9.627
15.67, -0.8000, -10.44
15.68, -0.8000, -9.627
15.69, -0.8000, -8.376
15.70, -0.8000, -7.983
15.71, -0.8000, -8.802
15.72, -0.8000, -8.519
15.73, -0.8000, -8.632
15.74, -0.8000, -8.958
15.75, -0.8000, -9.096
15.76, -0.8000, -10.56
15.77, -0.8000, -7.118
15.78, -0.8000, -8.318
15.79, -0.8000, -7.924
15.80, -0.8000, -9.974
15.81, -0.8000, -9.292
15.82, -0.8000, -9.460
15.83, -0.8000, -10.58
15.84, -0.8000, -7.627
15.85, -0.8000, -9.017
15.86, -0.8000, -9.528
15.87, -0.8000, -8.585
15.88, -0.8000, -8.246
15.89, -0.8000, -8.983
15.90, -0.8000, -9.559
15.91, -0.8000, -10.68
15.92, -0.8000, -10.36
15.93, -0.8000, -8.549
15.94, -0.8000, -8.599
15.95, -0.8000, -7.978
15.96, -0.8000, -9.931
15.97, -0.8000, -7.631
15.98, -0.8000, -8.674
15.99, -0.8000, -10.33
16.00, -0.8000, -10.25
16.01, -0.8000, -10.28
16.02, -0.8000, -9.326
16.03, -0.8000, -10.14
16.04, -0.8000, -9.340
16.05, -0.8000, -9.646
16.06, -0.8000, -7.971
16.07, -0.8000, -7.907
16.08, -0.8000, -9.412
16.09, -0.8000, -9.662
16.10, -0.8000, -8.908
16.11, -0.8000, -9.911
16.12, -0.8000, -8.253
16.13, -0.8000, -8.469
16.14, -0.8000, -8.540
16.15, -0.8000, -8.106
16.16, -0.8000, -8.335
16.17, -0.8000, -9.296
16.18, -0.8000, -8.393
16.19, -0.8000, -7.960
16.20, -0.8000, -7.608
16.21, -0.8000, -9.564
16.22, -0.8000, -8.966
16.23, -0.8000, -9.774
16.24, -0.8000, -7.247
16.25, -0.8000, -8.773
16.26, -0.8000, -9.521
16.27, -0.8000, -9.577
16.28, -0.8000, -8.387
16.29, -0.8000, -8.844
16.30, -0.8000, -8.845
16.31, -0.8000, -9.365
16.32, -0.8000, -9.357
16.33, -0.8000, -7.757
16.34, -0.8000, -9.832
16.35, -0.8000, -10.06
16.36, -0.8000, -8.818
16.37, -0.8000, -9.636
16.38, -0.8000, -8.908
16.39, -0.8000, -8.119
16.40, -0.8000, -7.702
16.41, -0.8000, -8.600
16.42, -0.8000, -9.329
16.43, -0.8000, -10.37
16.44, -0.8000, -10.27
16.45, -0.8000, -9.918
16.46, -0.8000, -9.207
16.47, -0.8000, -8.945
16.48, -0.8000, -9.189
16.49, -0.8000, -7.842
16.50, -0.8000, -8.553
16.51, -0.8000, -8.408
16.52, -0.8000, -9.753
16.53, -0.8000, -9.096
16.54, -0.8000, -9.186
16.55, -0.8000, -9.219
16.56, -0.8000, -7.628
16.57, -0.8000, -7.686
16.58, -0.8000, -7.881
16.59, -0.8000, -8.545
16.60, -0.8000, -9.081
16.61, -0.8000, -9.308
16.62, -0.8000, -8.859
16.63, -0.8000, -9.191
16.64, -0.8000, -8.083
16.65, -0.8000, -8.404
16.66, -0.8000, -8.872
16.67, -0.8000, -10.18
16.68, -0.8000, -9.253
16.69, -0.8000, -10.17
16.70, -0.8000, -8.455
16.71, -0.8000, -8.344
16.72, -0.8000, -8.688
16.73, -0.8000, -7.697
16.74, -0.8000, -7.719
16.75, -0.8000, -9.428
16.76, -0.8000, -9.385
16.77, -0.8000, -8.384
16.78, -0.8000, -8.826
16.79, -0.8000, -9.288
16.80, -0.8000, -9.854
16.81, -0.8000, -8.083
16.82, -0.8000, -8.898
16.83, -0.8000, -8.713
16.84, -0.8000, -8.956
16.85, -0.8000, -9.865
16.86, -0.8000, -8.283
16.87, -0.8000, -9.517
16.88, -0.8000, -8.316
16.89, -0.8000, -9.227
16.90, -0.8000, -7.929
16.91, -0.8000, -7.471
16.92, -0.8000, -8.658
16.93, -0.8000, -8.299
16.94, -0.8000, -9.143
16.95, -0.8000, -8.922
16.96, -0.8000, -9.691
16.97, -0.8000, -7.947
16.98, -0.8000, -9.154
16.99, -0.8000, -8.784
17.00, -0.8000, -9.517
17.01, -0.8000, -7.716
17.02, -0.8000, -9.053
17.03, -0.8000, -8.988
17.04, -0.8000, -8.707
17.05, -0.8000, -9.403
17.06, -0.8000, -9.410
17.07, -0.8000, -8.725
17.08, -0.8000, -7.562
17.09, -0.8000, -7.750
17.10, -0.8000, -8.287
17.11, -0.8000, -9.090
17.12, -0.8000, -7.876
17.13, -0.8000, -9.076
17.14, -0.8000, -8.869
17.15, -0.8000, -10.50
17.16, -0.8000, -8.561
17.17, -0.8000, -8.653
17.18, -0.8000, -8.532
17.19, -0.8000, -8.329
17.20, -0.8000, -8.728
17.21, -0.8000, -8.440
17.22, -0.8000, -9.375
17.23, -0.8000, -9.100
17.24, -0.8000, -8.836
17.25, -0.8000, -7.783
17.26, -0.8000, -8.296
17.27, -0.8000, -8.030
17.28, -0.8000, -8.628
17.29, -0.8000, -8.249
17.30, -0.8000, -9.520
17.31, -0.8000, -8.776
17.32, -0.8000, -9.072
17.33, -0.8000, -10.08
17.34, -0.8000, -8.837
17.35, -0.8000, -8.940
17.36, -0.8000, -8.177
17.37, -0.8000, -8.511
17.38, -0.8000, -9.989
17.39, -0.8000, -8.709
17.40, -0.8000, -8.974
17.41, -0.8000, -9.129
17.42, -0.8000, -8.552
17.43, -0.8000, -9.036
17.44, -0.8000, -9.249
17.45, -0.8000, -8.772
17.46, -0.8000, -9.659
17.47, -0.8000, -7.158
17.48, -0.8000, -7.527
17.49, -0.8000, -8.526
17.50, -0.8000, -10.10
17.51, -0.8000, -9.557
17.52, -0.8000, -9.595
17.53, -0.8000, -9.213
17.54, -0.8000, -8.180
17.55, -0.8000, -8.305
17.56, -0.8000, -7.783
17.57, -0.8000, -8.624
17.58, -0.8000, -8.989
17.59, -0.8000, -9.179
17.60, -0.8000, -10.37
17.61, -0.8000, -8.604
17.62, -0.8000, -8.086
17.63, -0.8000, -8.519
17.64, -0.8000, -9.028
17.65, -0.8000, -8.451
17.66, -0.8000, -8.439
17.67, -0.8000, -9.088
17.68, -0.8000, -10.43
17.69, -0.8000, -9.738
17.70, -0.8000, -9.650
17.71, -0.8000, -7.856
17.72, -0.8000, -7.933
17.73, -0.8000, -8.662
17.74, -0.8000, -8.410
17.75, -0.8000, -8.765
17.76, -0.8000, -9.496
17.77, -0.8000, -9.302
17.78, -0.8000, -9.334
17.79, -0.8000, -9.182
17.80, -0.8000, -8.788
17.81, -0.8000, -8.270
17.82, -0.8000, -8.032
17.83, -0.8000, -9.576
17.84, -0.8000, -9.899
17.85, -0.8000, -9.881
17.86, -0.8000, -7.848
17.87, -0.8000, -8.695
17.88, -0.8000, -9.027
17.89, -0.8000, -8.695
17.90, -0.8000, -7.979
17.91, -0.8000, -9.407
17.92, -0.8000, -9.533
17.93, -0.8000, -10.01
17.94, -0.8000, -8.513
17.95, -0.8000, -8.593
17.96, -0.8000, -8.947
17.97, -0.8000, -8.507
17.98, -0.8000, -7.610
17.99, -0.8000, -8.234
18.00, -0.8000, -7.355
18.01, -0.8000, -9.392
18.02, -0.8000, -9.401
18.03, -0.8000, -9.008
18.04, -0.8000, -7.937
18.05, -0.8000, -8.434
18.06, -0.8000, -9.900
18.07, -0.8000, -9.288
18.08, -0.8000, -8.314
18.09, -0.8000, -8.958
18.10, -0.8000, -9.131
18.11, -0.8000, -8.516
18.12, -0.8000, -7.884
18.13, -0.8000, -7.890
18.14, -0.8000, -9.081
18.15, -0.8000, -7.298
18.16, -0.8000, -8.565
18.17, -0.8000, -8.024
18.18, -0.8000, -10.31
18.19, -0.8000, -9.674
18.20, -0.8000, -9.383
18.21, -0.8000, -8.861
18.22, -0.8000, -8.974
18.23, -0.8000, -8.647
18.24, -0.8000, -8.112
18.25, -0.8000, -9.247
18.26, -0.8000, -7.636
18.27, -0.8000, -8.369
18.28, -0.8000, -8.250
18.29, -0.8000, -9.731
18.30, -0.8000, -8.582
18.31, -0.8000, -8.191
18.32, -0.8000, -10.10
18.33, -0.8000, -8.733
18.34, -0.8000, -8.244
18.35, -0.8000, -7.350
18.36, -0.8000, -8.136
18.37, -0.8000, -8.564
18.38, -0.8000, -9.090
18.39, -0.8000, -8.939
18.40, -0.8000, -7.199
18.41, -0.8000, -8.230
18.42, -0.8000, -7.869
18.43, -0.8000, -8.169
18.44, -0.8000, -8.250
18.45, -0.8000, -9.031
18.46, -0.8000, -9.647
18.47, -0.8000, -8.953
18.48, -0.8000, -8.755
18.49, -0.8000, -8.638
18.50, -0.8000, -8.941
18.51, -0.8000, -9.142
18.52, -0.8000, -8.409
18.53, -0.8000, -9.101
18.54, -0.8000, -8.944
18.55, -0.8000, -8.585
18.56, -0.8000, -10.09
18.57, -0.8000, -10.04
18.58, -0.8000, -8.942
18.59, -0.8000, -8.415
18.60, -0.8000, -8.114
18.61, -0.8000, -8.711
18.62, -0.8000, -9.267
18.63, -0.8000, -8.070
18.64, -0.8000, -9.091
18.65, -0.8000, -10.32
18.66, -0.8000, -9.073
18.67, -0.8000, -7.443
18.68, -0.8000, -7.045
18.69, -0.8000, -9.530
18.70, -0.8000, -8.528
18.71, -0.8000, -9.244
18.72, -0.8000, -8.645
18.73, -0.8000, -7.430
18.74, -0.8000, -8.246
18.75, -0.8000, -8.466
18.76, -0.8000, -8.960
18.77, -0.8000, -7.746
18.78, -0.8000, -7.822
18.79, -0.8000, -7.422
18.80, -0.8000, -8.490
18.81, -0.8000, -7.638
18.82, -0.8000, -8.781
18.83, -0.8000, -8.267
18.84, -0.8000, -8.816
18.85, -0.8000, -9.037
18.86, -0.8000, -7.142
18.87, -0.8000, -8.185
18.88, -0.8000, -8.088
18.89, -0.8000, -8.518
18.90, -0.8000, -10.12
18.91, -0.8000, -9.078
18.92, -0.8000, -7.634
18.93, -0.8000, -9.207
18.94, -0.8000, -10.00
18.95, -0.8000, -8.880
18.96, -0.8000, -8.111
18.97, -0.8000, -8.489
18.98, -0.8000, -7.990
18.99, -0.8000, -8.001
19.00, -0.8000, -8.140
19.01, -0.8000, -8.078
19.02, -0.8000, -9.108
19.03, -0.8000, -9.288
19.04, -0.8000, -9.056
19.05, -0.8000, -10.16
19.06, -0.8000, -7.549
19.07, -0.8000, -8.783
19.08, -0.8000, -8.317
19.09, -0.8000, -8.141
19.10, -0.8000, -8.118
19.11, -0.8000, -7.906
19.12, -0.8000, -8.395
19.13, -0.8000, -8.438
19.14, -0.8000, -8.264
19.15, -0.8000, -8.072
19.16, -0.8000, -10.08
19.17, -0.8000, -8.456
19.18, -0.8000, -7.903
19.19, -0.8000, -7.673
19.20, -0.8000, -8.184
19.21, -0.8000, -8.073
19.22, -0.8000, -7.556
19.23, -0.8000, -7.351
19.24, -0.8000, -7.897
19.25, -0.8000, -9.430
19.26, -0.8000, -7.952
19.27, -0.8000, -9.032
19.28, -0.8000, -7.979
19.29, -0.8000, -8.721
19.30, -0.8000, -7.513
19.31, -0.8000, -8.004
19.32, -0.8000, -8.808
19.33, -0.8000, -7.640
19.34, -0.8000, -8.583
19.35, -0.8000, -8.271
19.36, -0.8000, -8.771
19.37, -0.8000, -9.442
19.38, -0.8000, -8.982
19.39, -0.8000, -9.157
19.40, -0.8000, -8.451
19.41, -0.8000, -7.242
19.42, -0.8000, -8.455
19.43, -0.8000, -8.402
19.44, -0.8000, -8.630
19.45, -0.8000, -8.295
19.46, -0.8000, -6.976
19.47, -0.8000, -8.608
19.48, -0.8000, -8.675
19.49, -0.8000, -7.810
19.50, -0.8000, -9.493
19.51, -0.8000, -9.138
19.52, -0.8000, -7.580
19.53, -0.8000, -8.796
19.54, -0.8000, -7.583
19.55, -0.8000, -7.633
19.56, -0.8000, -8.697
19.57, -0.8000, -8.800
19.58, -0.8000, -8.162
19.59, -0.8000, -8.870
19.60, -0.8000, -8.447
19.61, -0.8000, -8.866
19.62, -0.8000, -8.171
19.63, -0.8000, -8.142
19.64, -0.8000, -7.537
19.65, -0.8000, -8.780
19.66, -0.8000, -9.229
19.67, -0.8000, -8.141
19.68, -0.8000, -8.274
19.69, -0.8000, -9.223
19.70, -0.8000, -8.000
19.71, -0.8000, -10.08
19.72, -0.8000, -8.491
19.73, -0.8000, -8.774
19.74, -0.8000, -8.225
19.75, -0.8000, -8.131
19.76, -0.8000, -7.719
19.77, -0.8000, -9.656
19.78, -0.8000, -8.271
19.79, -0.8000, -7.698
19.80, -0.8000, -9.024
19.81, -0.8000, -7.856
19.82, -0.8000, -8.477
19.83, -0.8000, -9.126
19.84, -0.8000, -8.688
19.85, -0.8000, -9.071
19.86, -0.8000, -9.100
19.87, -0.8000, -8.752
19.88, -0.8000, -7.927
19.89, -0.8000, -8.642
19.90, -0.8000, -8.681
19.91, -0.8000, -8.360
19.92, -0.8000, -8.479
19.93, -0.8000, -7.701
19.94, -0.8000, -8.162
19.95, -0.8000, -8.084
19.96, -0.8000, -8.646
19.97, -0.8000, -8.493
19.98, -0.8000, -9.178
19.99, -0.8000, -8.396
20.00, -0.8000, -9.071
20.01, -0.8000, -8.849
20.02, -0.8000, -9.415
20.03, -0.8000, -9.798
20.04, -0.8000, -8.522
20.05, -0.8000, -8.624
20.06, -0.8000, -7.198
20.07, -0.8000, -7.517
20.08, -0.8000, -8.690
20.09, -0.8000, -7.871
20.10, -0.8000, -9.590
20.11, -0.8000, -8.389
20.12, -0.8000, -8.083
20.13, -0.8000, -8.930
20.14, -0.8000, -9.318
20.15, -0.8000, -7.543
20.16, -0.8000, -8.542
20.17, -0.8000, -8.386
20.18, -0.8000, -9.081
20.19, -0.8000, -8.150
20.20, -0.8000, -7.715
20.21, -0.8000, -8.695
20.22, -0.8000, -8.160
20.23, -0.8000, -8.319
20.24, -0.8000, -7.849
20.25, -0.8000, -9.195
20.26, -0.8000, -7.674
20.27, -0.8000, -8.180
20.28, -0.8000, -7.634
20.29, -0.8000, -8.912
20.30, -0.8000, -8.452
20.31, -0.8000, -7.273
20.32, -0.8000, -7.485
20.33, -0.8000, -8.881
20.34, -0.8000, -8.144
20.35, -0.8000, -8.926
20.36, -0.8000, -10.48
20.37, -0.8000, -9.141
20.38, -0.8000, -8.457
20.39, -0.8000, -7.660
20.40, -0.8000, -8.532
20.41, -0.8000, -8.900
20.42, -0.8000, -9.302
20.43, -0.8000, -8.821
20.44, -0.8000, -7.468
20.45, -0.8000, -9.463
20.46, -0.8000, -8.451
20.47, -0.8000, -7.732
20.48, -0.8000, -9.356
20.49, -0.8000, -8.262
20.50, -0.8000, -8.743
20.51, -0.8000, -7.898
20.52, -0.8000, -6.939
20.53, -0.8000, -8.141
20.54, -0.8000, -7.437
20.55, -0.8000, -7.693
20.56, -0.8000, -8.005
20.57, -0.8000, -8.118
20.58, -0.8000, -8.294
20.59, -0.8000, -8.962
20.60, -0.8000, -9.056
20.61, -0.8000, -8.810
20.62, -0.8000, -8.588
20.63, -0.8000, -8.516
20.64, -0.8000, -8.535
20.65, -0.8000, -8.264
20.66, -0.8000, -8.855
20.67, -0.8000, -9.531
20.68, -0.8000, -7.582
20.69, -0.8000, -7.317
20.70, -0.8000, -7.605
20.71, -0.8000, -7.839
20.72, -0.8000, -9.390
20.73, -0.8000, -8.258
20.74, -0.8000, -9.368
20.75, -0.8000, -9.453
20.76, -0.8000, -7.191
20.77, -0.8000, -7.441
20.78, -0.8000, -8.417
20.79, -0.8000, -8.652
20.80, -0.8000, -7.812
20.81, -0.8000, -7.122
20.82, -0.8000, -7.392
20.83, -0.8000, -8.103
20.84, -0.8000, -8.906
20.85, -0.8000, -9.698
20.86, -0.8000, -9.408
20.87, -0.8000, -8.138
20.88, -0.8000, -8.611
20.89, -0.8000, -7.029
20.90, -0.8000, -7.747
20.91, -0.8000, -8.882
20.92, -0.8000, -8.389
20.93, -0.8000, -8.297
20.94, -0.8000, -7.703
20.95, -0.8000, -9.428
20.96, -0.8000, -9.004
20.97, -0.8000, -9.201
20.98, -0.8000, -9.571
20.99, -0.8000, -9.482
21.00, -0.8000, -7.846
21.01, -0.8000, -8.354
21.02, -0.8000, -7.835
21.03, -0.8000, -8.454
21.04, -0.8000, -8.210
21.05, -0.8000, -8.597
21.06, -0.8000, -8.388
21.07, -0.8000, -7.722
21.08, -0.8000, -8.173
21.09, -0.8000, -8.417
21.10, -0.8000, -9.857
21.11, -0.8000, -7.372
21.12, -0.8000, -9.535
21.13, -0.8000, -7.630
21.14, -0.8000, -7.960
21.15, -0.8000, -7.984
21.16, -0.8000, -8.591
21.17, -0.8000, -7.739
21.18, -0.8000, -7.651
21.19, -0.8000, -8.032
21.20, -0.8000, -9.411
21.21, -0.8000, -8.938
21.22, -0.8000, -8.031
21.23, -0.8000, -7.209
21.24, -0.8000, -8.441
21.25, -0.8000, -8.503
21.26, -0.8000, -8.750
21.27, -0.8000, -7.914
21.28, -0.8000, -7.685
21.29, -0.8000, -8.167
21.30, -0.8000, -9.196
21.31, -0.8000, -9.195
21.32, -0.8000, -9.385
21.33, -0.8000, -7.605
21.34, -0.8000, -7.752
21.35, -0.8000, -7.831
21.36, -0.8000, -7.878
21.37, -0.8000, -8.990
21.38, -0.8000, -8.180
21.39, -0.8000, -7.098
21.40, -0.8000, -8.338
21.41, -0.8000, -8.726
21.42, -0.8000, -8.950
21.43, -0.8000, -8.424
21.44, -0.8000, -8.571
21.45, -0.8000, -7.280
21.46, -0.8000, -8.192
21.47, -0.8000, -8.960
21.48, -0.8000, -7.892
21.49, -0.8000, -8.656
21.50, -0.8000, -9.732
21.51, -0.8000, -8.694
21.52, -0.8000, -9.075
21.53, -0.8000, -9.859
21.54, -0.8000, -8.500
21.55, -0.8000, -7.191
21.56, -0.8000, -7.912
21.57, -0.8000, -8.537
21.58, -0.8000, -7.664
21.59, -0.8000, -8.715
21.60, -0.8000, -8.575
21.61, -0.8000, -7.959
21.62, -0.8000, -6.918
21.63, -0.8000, -8.154
21.64, -0.8000, -8.840
21.65, -0.8000, -8.557
21.66, -0.8000, -8.637
21.67, -0.8000, -9.181
21.68, -0.8000, -7.448
21.69, -0.8000, -8.307
21.70, -0.8000, -7.607
21.71, -0.8000, -8.286
21.72, -0.8000, -8.361
21.73, -0.8000, -8.278
21.74, -0.8000, -7.520
21.75, -0.8000, -7.698
21.76, -0.8000, -8.793
21.77, -0.8000, -9.073
21.78, -0.8000, -8.514
21.79, -0.8000, -8.417
21.80, -0.8000, -8.256
21.81, -0.8000, -7.836
21.82, -0.8000, -8.514
21.83, -0.8000, -8.067
21.84, -0.8000, -7.087
21.85, -0.8000, -8.512
21.86, -0.8000, -7.399
21.87, -0.8000, -8.906
21.88, -0.8000, -9.352
21.89, -0.8000, -9.094
21.90, -0.8000, -8.488
21.91, -0.8000, -6.797
21.92, -0.8000, -7.515
21.93, -0.8000, -7.367
21.94, -0.8000, -7.963
21.95, -0.8000, -7.591
21.96, -0.8000, -8.878
21.97, -0.8000, -9.459
21.98, -0.8000, -7.929
21.99, -0.8000, -7.991
22.00, -0.8000, -7.605
22.01, -0.8000, -9.652
22.02, -0.8000, -8.358
22.03, -0.8000, -7.721
22.04, -0.8000, -6.842
22.05, -0.8000, -7.627
22.06, -0.8000, -9.061
22.07, -0.8000, -7.534
22.08, -0.8000, -7.123
22.09, -0.8000, -8.561
22.10, -0.8000, -8.127
22.11, -0.8000, -9.522
22.12, -0.8000, -9.447
22.13, -0.8000, -8.797
22.14, -0.8000, -7.964
22.15, -0.8000, -7.590
22.16, -0.8000, -7.972
22.17, -0.8000, -9.053
22.18, -0.8000, -7.354
22.19, -0.8000, -7.951
22.20, -0.8000, -7.246
22.21, -0.8000, -7.962
22.22, -0.8000, -8.380
22.23, -0.8000, -9.287
22.24, -0.8000, -9.268
22.25, -0.8000, -9.190
22.26, -0.8000, -8.531
22.27, -0.8000, -7.200
22.28, -0.8000, -8.244
22.29, -0.8000, -8.066
22.30, -0.8000, -7.786
22.31, -0.8000, -7.494
22.32, -0.8000, -8.404
22.33, -0.8000, -9.227
22.34, -0.8000, -8.244
22.35, -0.8000, -8.961
22.36, -0.8000, -8.253
22.37, -0.8000, -6.242
22.38, -0.8000, -8.787
22.39, -0.8000, -7.558
22.40, -0.8000, -7.982
22.41, -0.8000, -7.142
22.42, -0.8000, -6.772
22.43, -0.8000, -8.597
22.44, -0.8000, -6.962
22.45, -0.8000, -9.004
22.46, -0.8000, -7.945
22.47, -0.8000, -9.015
22.48, -0.8000, -8.693
22.49, -0.8000, -7.923
22.50, -0.8000, -8.334
22.51, -0.8000, -8.527
22.52, -0.8000, -6.946
22.53, -0.8000, -8.219
22.54, -0.8000, -8.391
22.55, -0.8000, -8.489
22.56, -0.8000, -8.092
22.57, -0.8000, -9.161
22.58, -0.8000, -7.267
22.59, -0.8000, -7.461
22.60, -0.8000, -8.191
22.61, -0.8000, -6.850
22.62, -0.8000, -8.423
22.63, -0.8000, -8.167
22.64, -0.8000, -7.253
22.65, -0.8000, -8.639
22.66, -0.8000, -8.779
22.67, -0.8000, -8.528
22.68, -0.8000, -7.350
22.69, -0.8000, -7.263
22.70, -0.8000, -8.857
22.71, -0.8000, -6.829
22.72, -0.8000, -8.765
22.73, -0.8000, -8.676
22.74, -0.8000, -7.552
22.75, -0.8000, -8.558
22.76, -0.8000, -8.469
22.77, -0.8000, -7.688
22.78, -0.8000, -7.150
22.79, -0.8000, -6.816
22.80, -0.8000, -8.146
22.81, -0.8000, -7.612
22.82, -0.8000, -8.221
22.83, -0.8000, -7.055
22.84, -0.8000, -8.143
22.85, -0.8000, -7.033
22.86, -0.8000, -7.595
22.87, -0.8000, -8.131
22.88, -0.8000, -8.537
22.89, -0.8000, -7.854
22.90, -0.8000, -7.841
22.91, -0.8000, -7.511
22.92, -0.8000, -7.133
22.93, -0.8000, -7.709
22.94, -0.8000, -7.237
22.95, -0.8000, -7.832
22.96, -0.8000, -8.562
22.97, -0.8000, -6.930
22.98, -0.8000, -8.397
22.99, -0.8000, -8.275
23.00, -0.8000, -7.788
23.01, -0.8000, -9.337
23.02, -0.8000, -8.563
23.03, -0.8000, -8.465
23.04, -0.8000, -8.802
23.05, -0.8000, -7.805
23.06, -0.8000, -6.326
23.07, -0.8000, -7.490
23.08, -0.8000, -7.726
23.09, -0.8000, -7.682
23.10, -0.8000, -8.501
23.11, -0.8000, -7.170
23.12, -0.8000, -7.107
23.13, -0.8000, -8.258
23.14, -0.8000, -7.930
23.15, -0.8000, -8.871
23.16, -0.8000, -10.10
23.17, -0.8000, -8.627
23.18, -0.8000, -8.389
23.19, -0.8000, -7.795
23.20, -0.8000, -6.467
23.21, -0.8000, -7.738
23.22, -0.8000, -9.159
23.23, -0.8000, -8.529
23.24, -0.8000, -7.575
23.25, -0.8000, -7.975
23.26, -0.8000, -8.228
23.27, -0.8000, -8.750
23.28, -0.8000, -8.982
23.29, -0.8000, -8.174
23.30, -0.8000, -7.008
23.31, -0.8000, -8.329
23.32, -0.8000, -8.230
23.33, -0.8000, -7.656
23.34, -0.8000, -7.051
23.35, -0.8000, -8.831
23.36, -0.8000, -8.069
23.37, -0.8000, -7.765
23.38, -0.8000, -9.267
23.39, -0.8000, -7.132
23.40, -0.8000, -6.810
23.41, -0.8000, -8.096
23.42, -0.8000, -7.832
23.43, -0.8000, -6.939
23.44, -0.8000, -7.541
23.45, -0.8000, -7.873
23.46, -0.8000, -7.498
23.47, -0.8000, -7.766
23.48, -0.8000, -7.525
23.49, -0.8000, -7.916
23.50, -0.8000, -8.058
23.51, -0.8000, -7.727
23.52, -0.8000, -8.132
23.53, -0.8000, -7.851
23.54, -0.8000, -7.312
23.55, -0.8000, -8.741
23.56, -0.8000, -7.991
23.57, -0.8000, -7.569
23.58, -0.8000, -7.510
23.59, -0.8000, -7.856
23.60, -0.8000, -9.001
23.61, -0.8000, -7.814
23.62, -0.8000, -9.829
23.63, -0.8000, -7.972
23.64, -0.8000, -7.625
23.65, -0.8000, -7.830
23.66, -0.8000, -9.111
23.67, -0.8000, -8.855
23.68, -0.8000, -7.340
23.69, -0.8000, -6.998
23.70, -0.8000, -7.529
23.71, -0.8000, -8.428
23.72, -0.8000, -7.939
23.73, -0.8000, -7.186
23.74, -0.8000, -8.376
23.75, -0.8000, -8.887
23.76, -0.8000, -8.449
23.77, -0.8000, -7.780
23.78, -0.8000, -6.810
23.79, -0.8000, -8.927
23.80, -0.8000, -7.906
23.81, -0.8000, -8.187
23.82, -0.8000, -7.440
23.83, -0.8000, -7.099
23.84, -0.8000, -8.629
23.85, -0.8000, -8.649
23.86, -0.8000, -8.523
23.87, -0.8000, -8.643
23.88, -0.8000, -7.976
23.89, -0.8000, -7.890
23.90, -0.8000, -8.007
23.91, -0.8000, -7.795
23.92, -0.8000, -6.914
23.93, -0.8000, -7.354
23.94, -0.8000, -7.878
23.95, -0.8000, -6.884
23.96, -0.8000, -8.951
23.97, -0.8000, -8.792
23.98, -0.8000, -8.462
23.99, -0.8000, -6.481
24.00, -0.8000, -8.096
24.01, -0.8000, -7.803
24.02, -0.8000, -7.614
24.03, -0.8000, -8.746
24.04, -0.8000, -8.224
24.05, -0.8000, -8.580
24.06, -0.8000, -8.118
24.07, -0.8000, -7.687
24.08, -0.8000, -7.671
24.09, -0.8000, -8.112
24.10, -0.8000, -7.939
24.11, -0.8000, -7.543
24.12, -0.8000, -8.178
24.13, -0.8000, -8.093
24.14, -0.8000, -8.555
24.15, -0.8000, -8.736
24.16, -0.8000, -7.518
24.17, -0.8000, -7.064
24.18, -0.8000, -7.363
24.19, -0.8000, -7.680
24.20, -0.8000, -7.450
24.21, -0.8000, -8.690
24.22, -0.8000, -7.849
24.23, -0.8000, -9.074
24.24, -0.8000, -8.405
24.25, -0.8000, -7.868
24.26, -0.8000, -8.156
24.27, -0.8000, -7.735
24.28, -0.8000, -8.078
24.29, -0.8000, -6.882
24.30, -0.8000, -7.690
24.31, -0.8000, -8.206
24.32, -0.8000, -8.208
24.33, -0.8000, -8.524
24.34, -0.8000, -8.842
24.35, -0.8000, -7.219
24.36, -0.8000, -8.305
24.37, -0.8000, -6.979
24.38, -0.8000, -8.054
24.39, -0.8000, -8.255
24.40, -0.8000, -8.510
24.41, -0.8000, -8.354
24.42, -0.8000, -8.700
24.43, -0.8000, -6.690
24.44, -0.8000, -7.076
24.45, -0.8000, -8.465
24.46, -0.8000, -8.796
24.47, -0.8000, -7.056
24.48, -0.8000, -8.407
24.49, -0.8000, -8.078
24.50, -0.8000, -7.954
24.51, -0.8000, -7.889
24.52, -0.8000, -7.836
24.53, -0.8000, -6.882
24.54, -0.8000, -6.792
24.55, -0.8000, -7.701
24.56, -0.8000, -6.845
24.57, -0.8000, -7.030
24.58, -0.8000, -8.772
24.59, -0.8000, -8.618
24.60, -0.8000, -8.619
24.61, -0.8000, -7.881
24.62, -0.8000, -7.415
24.63, -0.8000, -8.477
24.64, -0.8000, -7.494
24.65, -0.8000, -8.828
24.66, -0.8000, -6.275
24.67, -0.8000, -8.043
24.68, -0.8000, -7.886
24.69, -0.8000, -9.633
24.70, -0.8000, -7.284
24.71, -0.8000, -7.994
24.72, -0.8000, -6.960
24.73, -0.8000, -7.155
24.74, -0.8000, -7.539
24.75, -0.8000, -6.770
24.76, -0.8000, -7.632
24.77, -0.8000, -8.136
24.78, -0.8000, -9.614
24.79, -0.8000, -7.209
24.80, -0.8000, -6.579
24.81, -0.8000, -6.867
24.82, -0.8000, -8.111
24.83, -0.8000, -7.176
24.84, -0.8000, -8.122
24.85, -0.8000, -7.360
24.86, -0.8000, -8.192
24.87, -0.8000, -9.187
24.88, -0.8000, -9.206
24.89, -0.8000, -7.622
24.90, -0.8000, -6.338
24.91, -0.8000, -8.280
24.92, -0.8000, -8.017
24.93, -0.8000, -6.678
24.94, -0.8000, -8.825
24.95, -0.8000, -7.123
24.96, -0.8000, -6.862
24.97, -0.8000, -7.338
24.98, -0.8000, -7.275
24.99, -0.8000, -6.705
25.00, -0.8000, -7.632
25.01, -0.8000, -8.319
25.02, -0.8000, -7.550
25.03, -0.8000, -7.594
25.04, -0.8000, -7.157
25.05, -0.8000, -8.098
25.06, -0.8000, -9.642
25.07, -0.8000, -8.248
25.08, -0.8000, -7.622
25.09, -0.8000, -7.746
25.10, -0.8000, -8.783
25.11, -0.8000, -7.869
25.12, -0.8000, -7.489
25.13, -0.8000, -6.931
25.14, -0.8000, -9.365
25.15, -0.8000, -7.906
25.16, -0.8000, -6.562
25.17, -0.8000, -8.333
25.18, -0.8000, -7.269
25.19, -0.8000, -7.377
25.20, -0.8000, -6.843
25.21, -0.8000, -6.854
25.22, -0.8000, -8.537
25.23, -0.8000, -8.925
25.24, -0.8000, -9.346
25.25, -0.8000, -6.824
25.26, -0.8000, -7.411
25.27, -0.8000, -8.185
25.28, -0.8000, -8.462
25.29, -0.8000, -7.815
25.30, -0.8000, -8.325
25.31, -0.8000, -8.303
25.32, -0.8000, -7.835
25.33, -0.8000, -9.060
25.34, -0.8000, -8.580
25.35, -0.8000, -7.204
25.36, -0.8000, -8.212
25.37, -0.8000, -6.443
25.38, -0.8000, -6.624
25.39, -0.8000, -8.436
25.40, -0.8000, -7.799
25.41, -0.8000, -7.736
25.42, -0.8000, -7.713
25.43, -0.8000, -8.335
25.44, -0.8000, -8.723
25.45, -0.8000, -8.174
25.46, -0.8000, -7.962
25.47, -0.8000, -6.558
25.48, -0.8000, -7.475
25.49, -0.8000, -7.902
25.50, -0.8000, -7.825
25.51, -0.8000, -8.668
25.52, -0.8000, -7.949
25.53, -0.8000, -9.102
25.54, -0.8000, -8.344
25.55, -0.8000, -7.880
25.56, -0.8000, -9.839
25.57, -0.8000, -9.231
25.58, -0.8000, -7.615
25.59, -0.8000, -7.322
25.60, -0.8000, -8.443
25.61, -0.8000, -8.026
25.62, -0.8000, -8.071
25.63, -0.8000, -8.330
25.64, -0.8000, -8.226
25.65, -0.8000, -8.427
25.66, -0.8000, -8.782
25.67, -0.8000, -8.523
25.68, -0.8000, -7.672
25.69, -0.8000, -6.679
25.70, -0.8000, -8.068
25.71, -0.8000, -7.889
25.72, -0.8000, -6.987
25.73, -0.8000, -7.170
25.74, -0.8000, -7.591
25.75, -0.8000, -7.557
25.76, -0.8000, -6.663
25.77, -0.8000, -10.13
25.78, -0.8000, -8.329
25.79, -0.8000, -7.877
25.80, -0.8000, -6.616
25.81, -0.8000, -6.813
25.82, -0.8000, -7.553
25.83, -0.8000, -7.913
25.84, -0.8000, -8.390
25.85, -0.8000, -8.051
25.86, -0.8000, -8.071
25.87, -0.8000, -8.689
25.88, -0.8000, -8.221
25.89, -0.8000, -8.170
25.90, -0.8000, -8.814
25.91, -0.8000, -6.821
25.92, -0.8000, -8.503
25.93, -0.8000, -8.614
25.94, -0.8000, -7.554
25.95, -0.8000, -7.851
25.96, -0.8000, -7.870
25.97, -0.8000, -7.077
25.98, -0.8000, -7.486
25.99, -0.8000, -8.145
26.00, -0.8000, -8.993
26.01, -0.8000, -7.948
26.02, -0.8000, -6.933
26.03, -0.8000, -7.111
26.04, -0.8000, -7.145
26.05, -0.8000, -7.087
26.06, -0.8000, -7.818
26.07, -0.8000, -8.260
26.08, -0.8000, -9.550
26.09, -0.8000, -7.863
26.10, -0.8000, -7.111
26.11, -0.8000, -6.430
26.12, -0.8000, -6.677
26.13, -0.8000, -8.530
26.14, -0.8000, -8.025
26.15, -0.8000, -8.480
26.16, -0.8000, -6.981
26.17, -0.8000, -6.973
26.18, -0.8000, -8.835
26.19, -0.8000, -8.278
26.20, -0.8000, -8.658
26.21, -0.8000, -6.968
26.22, -0.8000, -8.078
26.23, -0.8000, -6.828
26.24, -0.8000, -7.813
26.25, -0.8000, -7.416
26.26, -0.8000, -6.460
26.27, -0.8000, -7.280
26.28, -0.8000, -8.368
26.29, -0.8000, -8.150
26.30, -0.8000, -7.071
26.31, -0.8000, -7.869
26.32, -0.8000, -9.164
26.33, -0.8000, -8.193
26.34, -0.8000, -6.500
26.35, -0.8000, -7.318
26.36, -0.8000, -7.532
26.37, -0.8000, -7.781
26.38, -0.8000, -8.504
26.39, -0.8000, -6.719
26.40, -0.8000, -7.735
26.41, -0.8000, -7.193
26.42, -0.8000, -6.969
26.43, -0.8000, -8.455
26.44, -0.8000, -8.227
26.45, -0.8000, -9.356
26.46, -0.8000, -6.541
26.47, -0.8000, -7.823
26.48, -0.8000, -7.545
26.49, -0.8000, -7.876
26.50, -0.8000, -7.106
26.51, -0.8000, -7.049
26.52, -0.8000, -8.093
26.53, -0.8000, -7.549
26.54, -0.8000, -7.890
26.55, -0.8000, -8.392
26.56, -0.8000, -7.789
26.57, -0.8000, -7.681
26.58, -0.8000, -7.358
26.59, -0.8000, -7.492
26.60, -0.8000, -7.257
26.61, -0.8000, -6.940
26.62, -0.8000, -7.322
26.63, -0.8000, -7.775
26.64, -0.8000, -6.667
26.65, -0.8000, -8.567
26.66, -0.8000, -8.209
26.67, -0.8000, -8.596
26.68, -0.8000, -8.059
26.69, -0.8000, -8.384
26.70, -0.8000, -9.304
26.71, -0.8000, -6.547
26.72, -0.8000, -6.545
26.73, -0.8000, -7.065
26.74, -0.8000, -8.857
26.75, -0.8000, -6.971
26.76, -0.8000, -8.569
26.77, -0.8000, -7.477
26.78, -0.8000, -7.746
26.79, -0.8000, -8.066
26.80, -0.8000, -8.434
26.81, -0.8000, -8.013
26.82, -0.8000, -8.114
26.83, -0.8000, -6.919
26.84, -0.8000, -6.278
26.85, -0.8000, -7.826
26.86, -0.8000, -7.871
26.87, -0.8000, -8.797
26.88, -0.8000, -7.467
26.89, -0.8000, -7.405
26.90, -0.8000, -7.077
26.91, -0.8000, -7.479
26.92, -0.8000, -8.895
26.93, -0.8000, -7.613
26.94, -0.8000, -6.957
26.95, -0.8000, -7.305
26.96, -0.8000, -7.561
26.97, -0.8000, -8.129
26.98, -0.8000, -6.709
26.99, -0.8000, -7.383
27.00, -0.8000, -7.858
27.01, -0.8000, -8.133
27.02, -0.8000, -8.763
27.03, -0.8000, -8.153
27.04, -0.8000, -8.621
27.05, -0.8000, -7.972
27.06, -0.8000, -7.287
27.07, -0.8000, -8.118
27.08, -0.8000, -7.178
27.09, -0.8000, -8.014
27.10, -0.8000, -7.384
27.11, -0.8000, -8.661
27.12, -0.8000, -7.156
27.13, -0.8000, -8.398
27.14, -0.8000, -7.194
27.15, -0.8000, -8.260
27.16, -0.8000, -6.642
27.17, -0.8000, -8.226
27.18, -0.8000, -7.315
27.19, -0.8000, -6.960
27.20, -0.8000, -6.732
27.21, -0.8000, -7.980
27.22, -0.8000, -8.235
27.23, -0.8000, -9.517
27.24, -0.8000, -8.010
27.25, -0.8000, -6.687
27.26, -0.8000, -7.591
27.27, -0.8000, -8.223
27.28, -0.8000, -7.539
27.29, -0.8000, -8.272
27.30, -0.8000, -7.927
27.31, -0.8000, -7.008
27.32, -0.8000, -8.916
27.33, -0.8000, -8.209
27.34, -0.8000, -7.583
27.35, -0.8000, -7.072
27.36, -0.8000, -7.023
27.37, -0.8000, -7.243
27.38, -0.8000, -8.031
27.39, -0.8000, -6.627
27.40, -0.8000, -7.568
27.41, -0.8000, -7.522
27.42, -0.8000, -8.461
27.43, -0.8000, -7.654
27.44, -0.8000, -7.415
27.45, -0.8000, -8.310
27.46, -0.8000, -8.270
27.47, -0.8000, -7.057
27.48, -0.8000, -7.645
27.49, -0.8000, -7.993
27.50, -0.8000, -6.362
27.51, -0.8000, -7.496
27.52, -0.8000, -7.280
27.53, -0.8000, -8.888
27.54, -0.8000, -8.200
27.55, -0.8000, -7.892
27.56, -0.8000, -8.691
27.57, -0.8000, -6.657
27.58, -0.8000, -7.839
27.59, -0.8000, -7.277
27.60, -0.8000, -6.463
27.61, -0.8000, -7.725
27.62, -0.8000, -6.925
27.63, -0.8000, -9.111
27.64, -0.8000, -7.924
27.65, -0.8000, -7.479
27.66, -0.8000, -7.518
27.67, -0.8000, -7.539
27.68, -0.8000, -7.807
27.69, -0.8000, -7.234
27.70, -0.8000, -7.782
27.71, -0.8000, -7.737
27.72, -0.8000, -8.041
27.73, -0.8000, -6.687
27.74, -0.8000, -7.855
27.75, -0.8000, -8.821
27.76, -0.8000, -7.206
27.77, -0.8000, -8.365
27.78, -0.8000, -7.249
27.79, -0.8000, -7.653
27.80, -0.8000, -8.019
27.81, -0.8000, -6.789
27.82, -0.8000, -7.500
27.83, -0.8000, -7.554
27.84, -0.8000, -7.994
27.85, -0.8000, -7.768
27.86, -0.8000, -7.062
27.87, -0.8000, -9.004
27.88, -0.8000, -8.048
27.89, -0.8000, -7.445
27.90, -0.8000, -8.616
27.91, -0.8000, -7.925
27.92, -0.8000, -8.353
27.93, -0.8000, -7.326
27.94, -0.8000, -9.262
27.95, -0.8000, -9.271
27.96, -0.8000, -7.566
27.97, -0.8000, -6.401
27.98, -0.8000, -6.833
27.99, -0.8000, -6.046
28.00, -0.8000, -8.480
28.01, -0.8000, -7.955
28.02, -0.8000, -8.066
28.03, -0.8000, -7.742
28.04, -0.8000, -7.634
28.05, -0.8000, -9.286
28.06, -0.8000, -7.411
28.07, -0.8000, -8.379
28.08, -0.8000, -5.903
28.09, -0.8000, -7.273
28.10, -0.8000, -8.465
28.11, -0.8000, -6.993
28.12, -0.8000, -8.132
28.13, -0.8000, -6.071
28.14, -0.8000, -7.340
28.15, -0.8000, -7.499
28.16, -0.8000, -8.849
28.17, -0.8000, -8.650
28.18, -0.8000, -9.216
28.19, -0.8000, -8.213
28.20, -0.8000, -7.433
28.21, -0.8000, -8.203
28.22, -0.8000, -7.048
28.23, -0.8000, -7.329
28.24, -0.8000, -7.794
28.25, -0.8000, -7.298
28.26, -0.8000, -6.753
28.27, -0.8000, -6.335
28.28, -0.8000, -6.535
28.29, -0.8000, -7.540
28.30, -0.8000, -7.785
28.31, -0.8000, -7.527
28.32, -0.8000, -7.671
28.33, -0.8000, -7.717
28.34, -0.8000, -7.450
28.35, -0.8000, -6.695
28.36, -0.8000, -8.069
28.37, -0.8000, -7.452
28.38, -0.8000, -7.054
28.39, -0.8000, -6.604
28.40, -0.8000, -7.628
28.41, -0.8000, -8.791
28.42, -0.8000, -7.442
28.43, -0.8000, -9.432
28.44, -0.8000, -8.161
28.45, -0.8000, -6.874
28.46, -0.8000, -7.053
28.47, -0.8000, -7.146
28.48, -0.8000, -8.038
28.49, -0.8000, -6.524
28.50, -0.8000, -8.063
28.51, -0.8000, -7.593
28.52, -0.8000, -7.575
28.53, -0.8000, -7.748
28.54, -0.8000, -9.142
28.55, -0.8000, -9.187
28.56, -0.8000, -7.566
28.57, -0.8000, -7.451
28.58, -0.8000, -8.740
28.59, -0.8000, -7.560
28.60, -0.8000, -6.296
28.61, -0.8000, -7.306
28.62, -0.8000, -7.751
28.63, -0.8000, -7.093
28.64, -0.8000, -7.328
28.65, -0.8000, -7.969
28.66, -0.8000, -6.808
28.67, -0.8000, -7.777
28.68, -0.8000, -7.513
28.69, -0.8000, -7.856
28.70, -0.8000, -7.845
28.71, -0.8000, -8.710
28.72, -0.8000, -7.636
28.73, -0.8000, -8.116
28.74, -0.8000, -7.692
28.75, -0.8000, -9.192
28.76, -0.8000, -9.144
28.77, -0.8000, -6.477
28.78, -0.8000, -7.662
28.79, -0.8000, -7.253
28.80, -0.8000, -7.963
28.81, -0.8000, -7.451
28.82, -0.8000, -7.265
28.83, -0.8000, -8.119
28.84, -0.8000, -6.992
28.85, -0.8000, -6.982
28.86, -0.8000, -7.604
28.87, -0.8000, -6.923
28.88, -0.8000, -7.977
28.89, -0.8000, -8.345
28.90, -0.8000, -7.708
28.91, -0.8000, -8.281
28.92, -0.8000, -9.345
28.93, -0.8000, -6.669
28.94, -0.8000, -7.531
28.95, -0.8000, -7.594
28.96, -0.8000, -8.019
28.97, -0.8000, -8.060
28.98, -0.8000, -6.659
28.99, -0.8000, -8.312
29.00, -0.8000, -7.043
29.01, -0.8000, -7.908
29.02, -0.8000, -7.829
29.03, -0.8000, -7.737
29.04, -0.8000, -6.519
29.05, -0.8000, -7.313
29.06, -0.8000, -8.757
29.07, -0.8000, -8.234
29.08, -0.8000, -7.812
29.09, -0.8000, -8.363
29.10, -0.8000, -8.250
29.11, -0.8000, -7.358
29.12, -0.8000, -6.243
29.13, -0.8000, -6.852
29.14, -0.8000, -7.666
29.15, -0.8000, -7.772
29.16, -0.8000, -8.160
29.17, -0.8000, -7.210
29.18, -0.8000, -8.668
29.19, -0.8000, -7.233
29.20, -0.8000, -8.123
29.21, -0.8000, -8.165
29.22, -0.8000, -7.914
29.23, -0.8000, -8.894
29.24, -0.8000, -9.209
29.25, -0.8000, -8.478
29.26, -0.8000, -6.931
29.27, -0.8000, -9.191
29.28, -0.8000, -6.752
29.29, -0.8000, -6.807
29.30, -0.8000, -8.054
29.31, -0.8000, -7.413
29.32, -0.8000, -9.274
29.33, -0.8000, -7.816
29.34, -0.8000, -6.697
29.35, -0.8000, -7.397
29.36, -0.8000, -7.235
29.37, -0.8000, -8.137
29.38, -0.8000, -7.412
29.39, -0.8000, -8.068
29.40, -0.8000, -7.577
29.41, -0.8000, -7.386
29.42, -0.8000, -7.765
29.43, -0.8000, -8.551
29.44, -0.8000, -7.294
29.45, -0.8000, -8.050
29.46, -0.8000, -7.325
29.47, -0.8000, -6.395
29.48, -0.8000, -7.106
29.49, -0.8000, -6.711
29.50, -0.8000, -7.757
29.51, -0.8000, -6.703
29.52, -0.8000, -7.111
29.53, -0.8000, -6.469
29.54, -0.8000, -8.189
29.55, -0.8000, -7.872
29.56, -0.8000, -7.632
29.57, -0.8000, -8.922
29.58, -0.8000, -8.113
29.59, -0.8000, -7.447
29.60, -0.8000, -7.648
29.61, -0.8000, -7.748
29.62, -0.8000, -6.916
29.63, -0.8000, -6.298
29.64, -0.8000, -6.771
29.65, -0.8000, -7.651
29.66, -0.8000, -7.835
29.67, -0.8000, -7.715
29.68, -0.8000, -8.746
29.69, -0.8000, -7.265
29.70, -0.8000, -7.643
29.71, -0.8000, -7.646
29.72, -0.8000, -7.809
29.73, -0.8000, -7.409
29.74, -0.8000, -7.027
29.75, -0.8000, -7.596
29.76, -0.8000, -6.521
29.77, -0.8000, -7.181
29.78, -0.8000, -7.404
29.79, -0.8000, -9.421
29.80, -0.8000, -9.554
29.81, -0.8000, -7.455
29.82, -0.8000, -7.794
29.83, -0.8000, -6.963
29.84, -0.8000, -7.082
29.85, -0.8000, -7.211
29.86, -0.8000, -8.485
29.87, -0.8000, -6.211
29.88, -0.8000, -7.296
29.89, -0.8000, -7.789
29.90, -0.8000, -7.205
29.91, -0.8000, -6.450
29.92, -0.8000, -6.532
29.93, -0.8000, -6.751
29.94, -0.8000, -8.359
29.95, -0.8000, -8.584
29.96, -0.8000, -8.456
29.97, -0.8000, -7.251
29.98, -0.8000, -6.744
29.99, -0.8000, -6.336
30.00, -0.8000, -6.971
30.01, -0.8000, -7.771
30.02, -0.8000, -7.477
30.03, -0.8000, -8.324
30.04, -0.8000, -8.105
30.05, -0.8000, -7.885
30.06, -0.8000, -7.815
30.07, -0.8000, -6.298
30.08, -0.8000, -8.216
30.09, -0.8000, -8.822
30.10, -0.8000, -7.332
30.11, -0.8000, -8.111
30.12, -0.8000, -7.601
30.13, -0.8000, -6.951
30.14, -0.8000, -6.985
30.15, -0.8000, -6.673
30.16, -0.8000, -7.218
30.17, -0.8000, -7.536
30.18, -0.8000, -8.023
30.19, -0.8000, -7.070
30.20, -0.8000, -8.481
30.21, -0.8000, -8.101
30.22, -0.8000, -7.875
30.23, -0.8000, -7.283
30.24, -0.8000, -7.483
30.25, -0.8000, -9.250
30.26, -0.8000, -7.521
30.27, -0.8000, -7.058
30.28, -0.8000, -7.610
30.29, -0.8000, -8.316
30.30, -0.8000, -6.751
30.31, -0.8000, -6.891
30.32, -0.8000, -7.405
30.33, -0.8000, -6.740
30.34, -0.8000, -7.395
30.35, -0.8000, -7.265
30.36, -0.8000, -6.641
30.37, -0.8000, -8.441
30.38, -0.8000, -7.020
30.39, -0.8000, -7.144
30.40, -0.8000, -7.639
30.41, -0.8000, -7.284
30.42, -0.8000, -7.476
30.43, -0.8000, -7.530
30.44, -0.8000, -5.902
30.45, -0.8000, -6.194
30.46, -0.8000, -7.049
30.47, -0.8000, -7.126
30.48, -0.8000, -8.681
30.49, -0.8000, -7.426
30.50, -0.8000, -8.355
30.51, -0.8000, -7.551
30.52, -0.8000, -7.238
30.53, -0.8000, -8.337
30.54, -0.8000, -8.002
30.55, -0.8000, -8.958
30.56, -0.8000, -7.543
30.57, -0.8000, -6.396
30.58, -0.8000, -6.595
30.59, -0.8000, -6.764
30.60, -0.8000, -8.984
30.61, -0.8000, -7.609
30.62, -0.8000, -6.594
30.63, -0.8000, -8.341
30.64, -0.8000, -6.317
30.65, -0.8000, -7.094
30.66, -0.8000, -7.247
30.67, -0.8000, -8.564
30.68, -0.8000, -7.486
30.69, -0.8000, -9.323
30.70, -0.8000, -7.373
30.71, -0.8000, -6.918
30.72, -0.8000, -7.177
30.73, -0.8000, -6.668
30.74, -0.8000, -6.588
30.75, -0.8000, -7.227
30.76, -0.8000, -7.400
30.77, -0.8000, -6.696
30.78, -0.8000, -6.152
30.79, -0.8000, -6.806
30.80, -0.8000, -7.640
30.81, -0.8000, -7.579
30.82, -0.8000, -8.874
30.83, -0.8000, -8.437
30.84, -0.8000, -8.705
30.85, -0.8000, -7.437
30.86, -0.8000, -7.334
30.87, -0.8000, -8.091
30.88, -0.8000, -7.566
30.89, -0.8000, -7.415
30.90, -0.8000, -7.882
30.91, -0.8000, -8.175
30.92, -0.8000, -6.973
30.93, -0.8000, -6.448
30.94, -0.8000, -7.499
30.95, -0.8000, -7.092
30.96, -0.8000, -8.379
30.97, -0.8000, -8.026
30.98, -0.8000, -8.678
30.99, -0.8000, -7.380
31.00, -0.8000, -7.451
31.01, -0.8000, -8.285
31.02, -0.8000, -5.017
31.03, -0.8000, -7.163
31.04, -0.8000, -7.656
31.05, -0.8000, -8.314
31.06, -0.8000, -7.470
31.07, -0.8000, -6.337
31.08, -0.8000, -6.444
31.09, -0.8000, -7.368
31.10, -0.8000, -7.068
31.11, -0.8000, -6.619
31.12, -0.8000, -7.521
31.13, -0.8000, -7.475
31.14, -0.8000, -9.193
31.15, -0.8000, -7.907
31.16, -0.8000, -7.258
31.17, -0.8000, -7.606
31.18, -0.8000, -6.795
31.19, -0.8000, -7.669
31.20, -0.8000, -6.888
31.21, -0.8000, -8.396
31.22, -0.8000, -6.381
31.23, -0.8000, -7.261
31.24, -0.8000, -6.943
31.25, -0.8000, -7.567
31.26, -0.8000, -5.936
31.27, -0.8000, -7.718
31.28, -0.8000, -7.650
31.29, -0.8000, -8.564
31.30, -0.8000, -7.943
31.31, -0.8000, -7.075
31.32, -0.8000, -7.680
31.33, -0.8000, -8.381
31.34, -0.8000, -6.720
31.35, -0.8000, -6.419
31.36, -0.8000, -7.392
31.37, -0.8000, -6.577
31.38, -0.8000, -8.032
31.39, -0.8000, -7.023
31.40, -0.8000, -6.324
31.41, -0.8000, -7.875
31.42, -0.8000, -6.773
31.43, -0.8000, -6.765
31.44, -0.8000, -8.424
31.45, -0.8000, -8.137
31.46, -0.8000, -7.160
31.47, -0.8000, -6.892
31.48, -0.8000, -7.963
31.49, -0.8000, -8.529
31.50, -0.8000, -6.982
31.51, -0.8000, -7.577
31.52, -0.8000, -7.972
31.53, -0.8000, -6.218
31.54, -0.8000, -6.956
31.55, -0.8000, -7.705
31.56, -0.8000, -7.372
31.57, -0.8000, -8.229
31.58, -0.8000, -7.682
31.59, -0.8000, -6.340
31.60, -0.8000, -5.924
31.61, -0.8000, -7.127
31.62, -0.8000, -7.528
31.63, -0.8000, -9.402
31.64, -0.8000, -6.683
31.65, -0.8000, -7.401
31.66, -0.8000, -8.507
31.67, -0.8000, -7.324
31.68, -0.8000, -5.989
31.69, -0.8000, -6.956
31.70, -0.8000, -7.619
31.71, -0.8000, -7.693
31.72, -0.8000, -8.223
31.73, -0.8000, -6.627
31.74, -0.8000, -6.383
31.75, -0.8000, -6.675
31.76, -0.8000, -6.734
31.77, -0.8000, -7.673
31.78, -0.8000, -7.994
31.79, -0.8000, -8.018
31.80, -0.8000, -8.230
31.81, -0.8000, -8.868
31.82, -0.8000, -7.834
31.83, -0.8000, -7.147
31.84, -0.8000, -7.341
31.85, -0.8000, -8.201
31.86, -0.8000, -6.440
31.87, -0.8000, -7.617
31.88, -0.8000, -7.816
31.89, -0.8000, -7.962
31.90, -0.8000, -7.623
31.91, -0.8000, -6.995
31.92, -0.8000, -8.569
31.93, -0.8000, -7.842
31.94, -0.8000, -7.859
31.95, -0.8000, -7.576
31.96, -0.8000, -8.654
31.97, -0.8000, -7.599
31.98, -0.8000, -7.221
31.99, -0.8000, -6.682
32.00, -0.8000, -7.677
32.01, -0.8000, -7.771
32.02, -0.8000, -7.009
32.03, -0.8000, -5.952
32.04, -0.8000, -7.340
32.05, -0.8000, -6.672
32.06, -0.8000, -6.729
32.07, -0.8000, -8.730
32.08, -0.8000, -8.461
32.09, -0.8000, -7.281
32.10, -0.8000, -7.254
32.11, -0.8000, -6.768
32.12, -0.8000, -5.255
32.13, -0.8000, -8.306
32.14, -0.8000, -6.753
32.15, -0.8000, -7.326
32.16, -0.8000, -8.694
32.17, -0.8000, -8.269
32.18, -0.8000, -7.004
32.19, -0.8000, -8.314
32.20, -0.8000, -6.844
32.21, -0.8000, -6.317
32.22, -0.8000, -6.840
32.23, -0.8000, -6.844
32.24, -0.8000, -6.192
32.25, -0.8000, -6.684
32.26, -0.8000, -7.919
32.27, -0.8000, -9.109
32.28, -0.8000, -7.206
32.29, -0.8000, -7.341
32.30, -0.8000, -6.107
32.31, -0.8000, -7.323
32.32, -0.8000, -7.004
32.33, -0.8000, -6.148
32.34, -0.8000, -7.142
32.35, -0.8000, -7.172
32.36, -0.8000, -6.320
32.37, -0.8000, -7.455
32.38, -0.8000, -7.647
32.39, -0.8000, -6.950
32.40, -0.8000, -8.063
32.41, -0.8000, -7.893
32.42, -0.8000, -6.779
32.43, -0.8000, -7.011
32.44, -0.8000, -7.560
32.45, -0.8000, -6.170
32.46, -0.8000, -7.288
32.47, -0.8000, -8.103
32.48, -0.8000, -6.834
32.49, -0.8000, -8.051
32.50, -0.8000, -6.982
32.51, -0.8000, -7.423
32.52, -0.8000, -8.197
32.53, -0.8000, -7.698
32.54, -0.8000, -7.598
32.55, -0.8000, -5.772
32.56, -0.8000, -8.081
32.57, -0.8000, -6.597
32.58, -0.8000, -6.785
32.59, -0.8000, -8.552
32.60, -0.8000, -6.927
32.61, -0.8000, -7.864
32.62, -0.8000, -8.518
32.63, -0.8000, -6.996
32.64, -0.8000, -7.887
32.65, -0.8000, -8.343
32.66, -0.8000, -8.023
32.67, -0.8000, -8.830
32.68, -0.8000, -6.206
32.69, -0.8000, -5.654
32.70, -0.8000, -6.782
32.71, -0.8000, -8.077
32.72, -0.8000, -7.525
32.73, -0.8000, -6.382
32.74, -0.8000, -7.986
32.75, -0.8000, -7.565
32.76, -0.8000, -7.790
32.77, -0.8000, -8.632
32.78, -0.8000, -7.634
32.79, -0.8000, -8.800
32.80, -0.8000, -6.029
32.81, -0.8000, -6.621
32.82, -0.8000, -7.134
32.83, -0.8000, -8.714
32.84, -0.8000, -7.192
32.85, -0.8000, -6.953
32.86, -0.8000, -5.748
32.87, -0.8000, -8.087
32.88, -0.8000, -7.653
32.89, -0.8000, -7.654
32.90, -0.8000, -6.930
32.91, -0.8000, -7.351
32.92, -0.8000, -7.351
32.93, -0.8000, -6.038
32.94, -0.8000, -6.908
32.95, -0.8000, -6.446
32.96, -0.8000, -6.201
32.97, -0.8000, -6.971
32.98, -0.8000, -7.516
32.99, -0.8000, -5.840
33.00, -0.8000, -8.402
33.01, -0.8000, -8.107
33.02, -0.8000, -7.978
33.03, -0.8000, -8.795
33.04, -0.8000, -6.810
33.05, -0.8000, -6.790
33.06, -0.8000, -6.727
33.07, -0.8000, -9.076
33.08, -0.8000, -6.611
33.09, -0.8000, -6.320
33.10, -0.8000, -7.692
33.11, -0.8000, -8.777
33.12, -0.8000, -7.838
33.13, -0.8000, -7.321
33.14, -0.8000, -6.806
33.15, -0.8000, -6.203
33.16, -0.8000, -6.174
33.17, -0.8000, -7.415
33.18, -0.8000, -6.534
33.19, -0.8000, -8.088
33.20, -0.8000, -6.609
33.21, -0.8000, -7.405
33.22, -0.8000, -6.640
33.23, -0.8000, -6.838
33.24, -0.8000, -8.693
33.25, -0.8000, -7.580
33.26, -0.8000, -7.169
33.27, -0.8000, -6.121
33.28, -0.8000, -6.946
33.29, -0.8000, -8.207
33.30, -0.8000, -6.628
33.31, -0.8000, -7.095
33.32, -0.8000, -7.296
33.33, -0.8000, -8.304
33.34, -0.8000, -7.107
33.35, -0.8000, -6.432
33.36, -0.8000, -7.566
33.37, -0.8000, -6.979
33.38, -0.8000, -7.436
33.39, -0.8000, -6.817
33.40, -0.8000, -7.646
33.41, -0.8000, -8.512
33.42, -0.8000, -8.816
33.43, -0.8000, -6.258
33.44, -0.8000, -6.870
33.45, -0.8000, -5.999
33.46, -0.8000, -7.550
33.47, -0.8000, -8.164
33.48, -0.8000, -6.643
33.49, -0.8000, -7.693
33.50, -0.8000, -8.716
33.51, -0.8000, -6.287
33.52, -0.8000, -7.563
33.53, -0.8000, -8.257
33.54, -0.8000, -8.876
33.55, -0.8000, -7.669
33.56, -0.8000, -7.572
33.57, -0.8000, -8.238
33.58, -0.8000, -8.057
33.59, -0.8000, -6.536
33.60, -0.8000, -7.106
33.61, -0.8000, -7.095
33.62, -0.8000, -6.572
33.63, -0.8000, -6.898
33.64, -0.8000, -5.849
33.65, -0.8000, -6.937
33.66, -0.8000, -7.789
33.67, -0.8000, -7.945
33.68, -0.8000, -6.445
33.69, -0.8000, -7.232
33.70, -0.8000, -7.240
33.71, -0.8000, -7.711
33.72, -0.8000, -6.976
33.73, -0.8000, -7.240
33.74, -0.8000, -9.004
33.75, -0.8000, -8.733
33.76, -0.8000, -7.398
33.77, -0.8000, -6.444
33.78, -0.8000, -7.145
33.79, -0.8000, -7.387
33.80, -0.8000, -7.620
33.81, -0.8000, -6.945
33.82, -0.8000, -6.934
33.83, -0.8000, -7.893
33.84, -0.8000, -7.893
33.85, -0.8000, -7.076
33.86, -0.8000, -8.090
33.87, -0.8000, -7.463
33.88, -0.8000, -9.162
33.89, -0.8000, -8.399
33.90, -0.8000, -6.535
33.91, -0.8000, -6.364
33.92, -0.8000, -8.656
33.93, -0.8000, -7.007
33.94, -0.8000, -8.184
33.95, -0.8000, -7.148
33.96, -0.8000, -7.191
33.97, -0.8000, -8.159
33.98, -0.8000, -6.276
33.99, -0.8000, -6.793
34.00, -0.8000, -7.222
34.01, -0.8000, -6.781
34.02, -0.8000, -7.373
34.03, -0.8000, -5.803
34.04, -0.8000, -7.387
34.05, -0.8000, -7.284
34.06, -0.8000, -8.236
34.07, -0.8000, -7.959
34.08, -0.8000, -7.136
34.09, -0.8000, -8.508
34.10, -0.8000, -7.806
34.11, -0.8000, -6.821
34.12, -0.8000, -6.883
34.13, -0.8000, -7.126
34.14, -0.8000, -7.553
34.15, -0.8000, -8.318
34.16, -0.8000, -7.849
34.17, -0.8000, -6.823
34.18, -0.8000, -6.773
34.19, -0.8000, -6.500
34.20, -0.8000, -6.723
34.21, -0.8000, -7.383
34.22, -0.8000, -8.332
34.23, -0.8000, -6.756
34.24, -0.8000, -7.789
34.25, -0.8000, -7.007
34.26, -0.8000, -7.566
34.27, -0.8000, -7.986
34.28, -0.8000, -7.879
34.29, -0.8000, -6.809
34.30, -0.8000, -7.594
34.31, -0.8000, -8.975
34.32, -0.8000, -6.986
34.33, -0.8000, -8.737
34.34, -0.8000, -7.643
34.35, -0.8000, -8.570
34.36, -0.8000, -6.823
34.37, -0.8000, -7.208
34.38, -0.8000, -5.583
34.39, -0.8000, -5.966
34.40, -0.8000, -6.344
34.41, -0.8000, -7.271
34.42, -0.8000, -6.976
34.43, -0.8000, -6.470
34.44, -0.8000, -8.342
34.45, -0.8000, -8.420
34.46, -0.8000, -5.897
34.47, -0.8000, -7.765
34.48, -0.8000, -7.651
34.49, -0.8000, -5.923
34.50, -0.8000, -7.109
34.51, -0.8000, -8.205
34.52, -0.8000, -6.602
34.53, -0.8000, -8.573
34.54, -0.8000, -8.238
34.55, -0.8000, -7.979
34.56, -0.8000, -6.675
34.57, -0.8000, -6.778
34.58, -0.8000, -7.359
34.59, -0.8000, -7.581
34.60, -0.8000, -7.863
34.61, -0.8000, -7.884
34.62, -0.8000, -7.786
34.63, -0.8000, -5.955
34.64, -0.8000, -8.006
34.65, -0.8000, -7.685
34.66, -0.8000, -7.821
34.67, -0.8000, -9.885
34.68, -0.8000, -7.948
34.69, -0.8000, -8.331
34.70, -0.8000, -6.904
34.71, -0.8000, -7.427
34.72, -0.8000, -8.035
34.73, -0.8000, -7.363
34.74, -0.8000, -5.659
34.75, -0.8000, -5.912
34.76, -0.8000, -7.350
34.77, -0.8000, -8.351
34.78, -0.8000, -6.954
34.79, -0.8000, -7.930
34.80, -0.8000, -7.343
34.81, -0.8000, -7.116
34.82, -0.8000, -8.030
34.83, -0.8000, -8.002
34.84, -0.8000, -7.944
34.85, -0.8000, -7.915
34.86, -0.8000, -6.326
34.87, -0.8000, -7.290
34.88, -0.8000, -9.005
34.89, -0.8000, -6.987
34.90, -0.8000, -8.588
34.91, -0.8000, -9.301
34.92, -0.8000, -7.980
34.93, -0.8000, -8.431
34.94, -0.8000, -7.643
34.95, -0.8000, -6.575
34.96, -0.8000, -7.643
34.97, -0.8000, -7.764
34.98, -0.8000, -8.029
34.99, -0.8000, -6.618
35.00, -0.8000, -6.713
35.01, -0.8000, -6.408
35.02, -0.8000, -6.934
35.03, -0.8000, -7.433
35.04, -0.8000, -8.077
35.05, -0.8000, -8.290
35.06, -0.8000, -6.476
35.07, -0.8000, -7.766
35.08, -0.8000, -6.848
35.09, -0.8000, -8.479
35.10, -0.8000, -8.714
35.11, -0.8000, -8.702
35.12, -0.8000, -7.110
35.13, -0.8000, -8.123
35.14, -0.8000, -6.886
35.15, -0.8000, -7.226
35.16, -0.8000, -6.952
35.17, -0.8000, -6.179
35.18, -0.8000, -6.048
35.19, -0.8000, -6.906
35.20, -0.8000, -7.591
35.21, -0.8000, -5.995
35.22, -0.8000, -6.243
35.23, -0.8000, -6.260
35.24, -0.8000, -7.491
35.25, -0.8000, -6.602
35.26, -0.8000, -6.403
35.27, -0.8000, -7.031
35.28, -0.8000, -6.982
35.29, -0.8000, -7.720
35.30, -0.8000, -7.908
35.31, -0.8000, -7.134
35.32, -0.8000, -9.517
35.33, -0.8000, -6.897
35.34, -0.8000, -6.706
35.35, -0.8000, -6.468
35.36, -0.8000, -7.150
35.37, -0.8000, -8.047
35.38, -0.8000, -6.285
35.39, -0.8000, -6.347
35.40, -0.8000, -7.233
35.41, -0.8000, -6.460
35.42, -0.8000, -8.742
35.43, -0.8000, -6.849
35.44, -0.8000, -6.590
35.45, -0.8000, -6.691
35.46, -0.8000, -7.392
35.47, -0.8000, -6.550
35.48, -0.8000, -7.827
35.49, -0.8000, -8.427
35.50, -0.8000, -6.683
35.51, -0.8000, -7.464
35.52, -0.8000, -8.536
35.53, -0.8000, -7.897
35.54, -0.8000, -7.866
35.55, -0.8000, -5.930
35.56, -0.8000, -6.541
35.57, -0.8000, -7.402
35.58, -0.8000, -8.565
35.59, -0.8000, -7.130
35.60, -0.8000, -7.844
35.61, -0.8000, -8.091
35.62, -0.8000, -5.948
35.63, -0.8000, -6.818
35.64, -0.8000, -7.097
35.65, -0.8000, -7.490
35.66, -0.8000, -6.198
35.67, -0.8000, -7.249
35.68, -0.8000, -7.560
35.69, -0.8000, -9.072
35.70, -0.8000, -8.767
35.71, -0.8000, -6.622
35.72, -0.8000, -7.445
35.73, -0.8000, -7.968
35.74, -0.8000, -7.412
35.75, -0.8000, -8.500
35.76, -0.8000, -7.717
35.77, -0.8000, -7.248
35.78, -0.8000, -6.612
35.79, -0.8000, -6.774
35.80, -0.8000, -7.168
35.81, -0.8000, -6.748
35.82, -0.8000, -7.620
35.83, -0.8000, -7.514
35.84, -0.8000, -6.495
35.85, -0.8000, -7.881
35.86, -0.8000, -8.643
35.87, -0.8000, -8.625
35.88, -0.8000, -8.840
35.89, -0.8000, -7.902
35.90, -0.8000, -7.194
35.91, -0.8000, -7.370
35.92, -0.8000, -6.905
35.93, -0.8000, -6.591
35.94, -0.8000, -6.680
35.95, -0.8000, -6.714
35.96, -0.8000, -6.867
35.97, -0.8000, -7.225
35.98, -0.8000, -6.608
35.99, -0.8000, -7.393
36.00, -0.8000, -6.679
36.01, -0.8000, -6.471
36.02, -0.8000, -6.549
36.03, -0.8000, -7.092
36.04, -0.8000, -7.243
36.05, -0.8000, -8.546
36.06, -0.8000, -6.456
36.07, -0.8000, -5.896
36.08, -0.8000, -7.276
36.09, -0.8000, -7.583
36.10, -0.8000, -6.792
36.11, -0.8000, -7.670
36.12, -0.8000, -6.727
36.13, -0.8000, -7.117
36.14, -0.8000, -6.999
36.15, -0.8000, -5.749
36.16, -0.8000, -6.016
36.17, -0.8000, -6.714
36.18, -0.8000, -6.485
36.19, -0.8000, -6.739
36.20, -0.8000, -6.488
36.21, -0.8000, -7.649
36.22, -0.8000, -7.343
36.23, -0.8000, -7.334
36.24, -0.8000, -7.282
36.25, -0.8000, -7.164
36.26, -0.8000, -7.692
36.27, -0.8000, -8.761
36.28, -0.8000, -8.349
36.29, -0.8000, -7.634
36.30, -0.8000, -5.753
36.31, -0.8000, -7.511
36.32, -0.8000, -7.590
36.33, -0.8000, -5.743
36.34, -0.8000, -8.184
36.35, -0.8000, -7.123
36.36, -0.8000, -7.703
36.37, -0.8000, -6.870
36.38, -0.8000, -7.399
36.39, -0.8000, -6.846
36.40, -0.8000, -6.061
36.41, -0.8000, -8.188
36.42, -0.8000, -7.699
36.43, -0.8000, -7.906
36.44, -0.8000, -7.546
36.45, -0.8000, -8.367
36.46, -0.8000, -6.609
36.47, -0.8000, -7.870
36.48, -0.8000, -6.316
36.49, -0.8000, -6.574
36.50, -0.8000, -6.490
36.51, -0.8000, -6.984
36.52, -0.8000, -8.502
36.53, -0.8000, -7.016
36.54, -0.8000, -7.780
36.55, -0.8000, -7.235
36.56, -0.8000, -7.883
36.57, -0.8000, -6.258
36.58, -0.8000, -6.370
36.59, -0.8000, -6.528
36.60, -0.8000, -8.692
36.61, -0.8000, -8.572
36.62, -0.8000, -8.670
36.63, -0.8000, -7.245
36.64, -0.8000, -7.892
36.65, -0.8000, -6.355
36.66, -0.8000, -8.576
36.67, -0.8000, -6.838
36.68, -0.8000, -6.863
36.69, -0.8000, -7.956
36.70, -0.8000, -6.522
36.71, -0.8000, -7.436
36.72, -0.8000, -8.777
36.73, -0.8000, -7.406
36.74, -0.8000, -7.114
36.75, -0.8000, -6.525
36.76, -0.8000, -6.169
36.77, -0.8000, -7.666
36.78, -0.8000, -6.124
36.79, -0.8000, -6.140
36.80, -0.8000, -7.874
36.81, -0.8000, -7.241
36.82, -0.8000, -7.405
36.83, -0.8000, -8.481
36.84, -0.8000, -7.340
36.85, -0.8000, -7.155
36.86, -0.8000, -6.255
36.87, -0.8000, -7.169
36.88, -0.8000, -7.593
36.89, -0.8000, -7.190
36.90, -0.8000, -7.493
36.91, -0.8000, -6.898
36.92, -0.8000, -5.915
36.93, -0.8000, -7.109
36.94, -0.8000, -8.229
36.95, -0.8000, -6.823
36.96, -0.8000, -6.930
36.97, -0.8000, -7.441
36.98, -0.8000, -7.795
36.99, -0.8000, -7.114
37.00, -0.8000, -5.682
37.01, -0.8000, -5.383
37.02, -0.8000, -6.585
37.03, -0.8000, -7.388
37.04, -0.8000, -6.351
37.05, -0.8000, -6.506
37.06, -0.8000, -8.479
37.07, -0.8000, -7.888
37.08, -0.8000, -7.020
37.09, -0.8000, -6.846
37.10, -0.8000, -7.823
37.11, -0.8000, -6.859
37.12, -0.8000, -7.918
37.13, -0.8000, -7.891
37.14, -0.8000, -7.391
37.15, -0.8000, -8.801
37.16, -0.8000, -7.087
37.17, -0.8000, -5.917
37.18, -0.8000, -6.083
37.19, -0.8000, -7.772
37.20, -0.8000, -6.625
37.21, -0.8000, -7.552
37.22, -0.8000, -7.108
37.23, -0.8000, -5.886
37.24, -0.8000, -7.271
37.25, -0.8000, -7.664
37.26, -0.8000, -8.694
37.27, -0.8000, -8.915
37.28, -0.8000, -8.800
37.29, -0.8000, -8.198
37.30, -0.8000, -7.338
37.31, -0.8000, -7.856
37.32, -0.8000, -6.614
37.33, -0.8000, -8.217
37.34, -0.8000, -7.797
37.35, -0.8000, -7.001
37.36, -0.8000, -7.066
37.37, -0.8000, -6.109
37.38, -0.8000, -7.160
37.39, -0.8000, -6.974
37.40, -0.8000, -6.450
37.41, -0.8000, -7.337
37.42, -0.8000, -8.380
37.43, -0.8000, -6.469
37.44, -0.8000, -7.624
37.45, -0.8000, -8.157
37.46, -0.8000, -8.188
37.47, -0.8000, -6.856
37.48, -0.8000, -7.872
37.49, -0.8000, -6.935
37.50, -0.8000, -6.382
37.51, -0.8000, -7.619
37.52, -0.8000, -7.720
37.53, -0.8000, -6.969
37.54, -0.8000, -6.291
37.55, -0.8000, -7.082
37.56, -0.8000, -5.485
37.57, -0.8000, -6.336
37.58, -0.8000, -6.733
37.59, -0.8000, -6.785
37.60, -0.8000, -7.758
37.61, -0.8000, -7.987
37.62, -0.8000, -6.564
37.63, -0.8000, -6.799
37.64, -0.8000, -6.634
37.65, -0.8000, -6.478
37.66, -0.8000, -8.387
37.67, -0.8000, -7.054
37.68, -0.8000, -6.524
37.69, -0.8000, -7.341
37.70, -0.8000, -8.060
37.71, -0.8000, -7.680
37.72, -0.8000, -7.872
37.73, -0.8000, -7.894
37.74, -0.8000, -6.511
37.75, -0.8000, -5.342
37.76, -0.8000, -6.485
37.77, -0.8000, -8.021
37.78, -0.8000, -8.165
37.79, -0.8000, -8.215
37.80, -0.8000, -6.117
37.81, -0.8000, -8.037
37.82, -0.8000, -7.728
37.83, -0.8000, -6.040
37.84, -0.8000, -7.261
37.85, -0.8000, -7.311
37.86, -0.8000, -6.884
37.87, -0.8000, -8.473
37.88, -0.8000, -7.014
37.89, -0.8000, -9.908
37.90, -0.8000, -7.211
37.91, -0.8000, -7.079
37.92, -0.8000, -6.278
37.93, -0.8000, -5.183
37.94, -0.8000, -7.879
37.95, -0.8000, -7.904
37.96, -0.8000, -8.063
37.97, -0.8000, -6.889
37.98, -0.8000, -6.318
37.99, -0.8000, -7.670
38.00, -0.8000, -8.199
38.01, -0.8000, -6.685
38.02, -0.8000, -6.129
38.03, -0.8000, -6.931
38.04, -0.8000, -7.803
38.05, -0.8000, -7.964
38.06, -0.8000, -7.600
38.07, -0.8000, -7.502
38.08, -0.8000, -8.326
38.09, -0.8000, -8.114
38.10, -0.8000, -6.338
38.11, -0.8000, -5.545
38.12, -0.8000, -5.957
38.13, -0.8000, -5.757
38.14, -0.8000, -7.708
38.15, -0.8000, -8.046
38.16, -0.8000, -6.854
38.17, -0.8000, -7.630
38.18, -0.8000, -7.725
38.19, -0.8000, -7.477
38.20, -0.8000, -7.861
38.21, -0.8000, -7.426
38.22, -0.8000, -7.366
38.23, -0.8000, -8.127
38.24, -0.8000, -8.033
38.25, -0.8000, -8.470
38.26, -0.8000, -7.329
38.27, -0.8000, -6.928
38.28, -0.8000, -6.402
38.29, -0.8000, -7.651
38.30, -0.8000, -7.718
38.31, -0.8000, -6.240
38.32, -0.8000, -5.903
38.33, -0.8000, -7.827
38.34, -0.8000, -6.734
38.35, -0.8000, -7.028
38.36, -0.8000, -7.679
38.37, -0.8000, -6.397
38.38, -0.8000, -7.388
38.39, -0.8000, -7.166
38.40, -0.8000, -8.365
38.41, -0.8000, -6.161
38.42, -0.8000, -7.404
38.43, -0.8000, -7.750
38.44, -0.8000, -7.031
38.45, -0.8000, -6.634
38.46, -0.8000, -7.756
38.47, -0.8000, -5.977
38.48, -0.8000, -5.672
38.49, -0.8000, -7.606
38.50, -0.8000, -7.415
38.51, -0.8000, -6.777
38.52, -0.8000, -7.910
38.53, -0.8000, -7.110
38.54, -0.8000, -8.032
38.55, -0.8000, -8.222
38.56, -0.8000, -6.037
38.57, -0.8000, -5.880
38.58, -0.8000, -6.366
38.59, -0.8000, -7.412
38.60, -0.8000, -7.348
38.61, -0.8000, -6.378
38.62, -0.8000, -6.678
38.63, -0.8000, -6.837
38.64, -0.8000, -6.481
38.65, -0.8000, -7.344
38.66, -0.8000, -6.650
38.67, -0.8000, -6.574
38.68, -0.8000, -6.652
38.69, -0.8000, -8.045
38.70, -0.8000, -7.393
38.71, -0.8000, -7.894
38.72, -0.8000, -7.226
38.73, -0.8000, -6.334
38.74, -0.8000, -7.578
38.75, -0.8000, -7.267
38.76, -0.8000, -5.647
38.77, -0.8000, -8.133
38.78, -0.8000, -7.160
38.79, -0.8000, -6.097
38.80, -0.8000, -6.162
38.81, -0.8000, -6.818
38.82, -0.8000, -6.108
38.83, -0.8000, -7.302
38.84, -0.8000, -6.249
38.85, -0.8000, -6.848
38.86, -0.8000, -7.454
38.87, -0.8000, -5.488
38.88, -0.8000, -7.572
38.89, -0.8000, -7.436
38.90, -0.8000, -7.991
38.91, -0.8000, -7.963
38.92, -0.8000, -8.080
38.93, -0.8000, -7.712
38.94, -0.8000, -6.531
38.95, -0.8000, -7.875
38.96, -0.8000, -6.798
38.97, -0.8000, -6.346
38.98, -0.8000, -7.082
38.99, -0.8000, -7.705
39.00, -0.8000, -5.841
39.01, -0.8000, -7.806
39.02, -0.8000, -7.583
39.03, -0.8000, -7.152
39.04, -0.8000, -7.374
39.05, -0.8000, -7.276
39.06, -0.8000, -7.062
39.07, -0.8000, -6.638
39.08, -0.8000, -8.239
39.09, -0.8000, -7.971
39.10, -0.8000, -6.692
39.11, -0.8000, -8.097
39.12, -0.8000, -7.640
39.13, -0.8000, -7.827
39.14, -0.8000, -6.854
39.15, -0.8000, -6.367
39.16, -0.8000, -6.257
39.17, -0.8000, -7.708
39.18, -0.8000, -6.833
39.19, -0.8000, -6.639
39.20, -0.8000, -6.609
39.21, -0.8000, -6.044
39.22, -0.8000, -6.832
39.23, -0.8000, -6.983
39.24, -0.8000, -7.845
39.25, -0.8000, -7.951
39.26, -0.8000, -5.682
39.27, -0.8000, -6.167
39.28, -0.8000, -7.943
39.29, -0.8000, -6.274
39.30, -0.8000, -7.151
39.31, -0.8000, -7.909
39.32, -0.8000, -6.577
39.33, -0.8000, -6.396
39.34, -0.8000, -7.385
39.35, -0.8000, -7.644
39.36, -0.8000, -7.989
39.37, -0.8000, -6.697
39.38, -0.8000, -6.668
39.39, -0.8000, -6.862
39.40, -0.8000, -6.971
39.41, -0.8000, -6.760
39.42, -0.8000, -6.036
39.43, -0.8000, -6.257
39.44, -0.8000, -5.703
39.45, -0.8000, -7.274
39.46, -0.8000, -7.179
39.47, -0.8000, -7.706
39.48, -0.8000, -6.980
39.49, -0.8000, -7.120
39.50, -0.8000, -8.359
39.51, -0.8000, -6.602
39.52, -0.8000, -5.979
39.53, -0.8000, -5.954
39.54, -0.8000, -6.557
39.55, -0.8000, -6.946
39.56, -0.8000, -7.102
39.57, -0.8000, -6.584
39.58, -0.8000, -6.765
39.59, -0.8000, -6.905
39.60, -0.8000, -7.417
39.61, -0.8000, -7.757
39.62, -0.8000, -8.607
39.63, -0.8000, -7.439
39.64, -0.8000, -8.380
39.65, -0.8000, -6.756
39.66, -0.8000, -7.002
39.67, -0.8000, -6.044
39.68, -0.8000, -7.319
39.69, -0.8000, -7.342
39.70, -0.8000, -7.526
39.71, -0.8000, -7.387
39.72, -0.8000, -8.080
39.73, -0.8000, -7.237
39.74, -0.8000, -6.967
39.75, -0.8000, -6.879
39.76, -0.8000, -7.840
39.77, -0.8000, -9.579
39.78, -0.8000, -8.798
39.79, -0.8000, -7.642
39.80, -0.8000, -6.423
39.81, -0.8000, -5.883
39.82, -0.8000, -7.961
39.83, -0.8000, -7.674
39.84, -0.8000, -7.028
39.85, -0.8000, -6.503
39.86, -0.8000, -6.397
39.87, -0.8000, -7.778
39.88, -0.8000, -6.644
39.89, -0.8000, -6.338
39.90, -0.8000, -7.543
39.91, -0.8000, -6.738
39.92, -0.8000, -7.839
39.93, -0.8000, -7.015
39.94, -0.8000, -6.838
39.95, -0.8000, -6.209
39.96, -0.8000, -6.669
39.97, -0.8000, -7.175
39.98, -0.8000, -6.418
39.99, -0.8000, -6.982
40.00, -0.8000, -7.342
40.01, -0.8000, -5.947
40.02, -0.8000, -5.517
40.03, -0.8000, -6.235
40.04, -0.8000, -6.021
40.05, -0.8000, -6.913
40.06, -0.8000, -7.962
40.07, -0.8000, -7.937
40.08, -0.8000, -6.720
40.09, -0.8000, -7.172
40.10, -0.8000, -8.524
40.11, -0.8000, -6.816
40.12, -0.8000, -6.907
40.13, -0.8000, -5.759
40.14, -0.8000, -7.043
40.15, -0.8000, -6.991
40.16, -0.8000, -7.439
40.17, -0.8000, -7.403
40.18, -0.8000, -6.811
40.19, -0.8000, -5.665
40.20, -0.8000, -6.818
40.21, -0.8000, -7.448
40.22, -0.8000, -6.999
40.23, -0.8000, -7.648
40.24, -0.8000, -7.997
40.25, -0.8000, -8.655
40.26, -0.8000, -7.073
40.27, -0.8000, -6.583
40.28, -0.8000, -6.043
40.29, -0.8000, -7.585
40.30, -0.8000, -6.476
40.31, -0.8000, -8.035
40.32, -0.8000, -7.372
40.33, -0.8000, -5.692
40.34, -0.8000, -6.454
40.35, -0.8000, -6.144
40.36, -0.8000, -6.844
40.37, -0.8000, -7.347
40.38, -0.8000, -6.752
40.39, -0.8000, -7.358
40.40, -0.8000, -8.248
40.41, -0.8000, -6.937
40.42, -0.8000, -6.469
40.43, -0.8000, -8.096
40.44, -0.8000, -7.315
40.45, -0.8000, -6.924
40.46, -0.8000, -7.282
40.47, -0.8000, -6.335
40.48, -0.8000, -6.260
40.49, -0.8000, -6.572
40.50, -0.8000, -6.330
40.51, -0.8000, -6.134
40.52, -0.8000, -6.624
40.53, -0.8000, -7.338
40.54, -0.8000, -6.202
40.55, -0.8000, -7.790
40.56, -0.8000, -9.551
40.57, -0.8000, -6.627
40.58, -0.8000, -6.967
40.59, -0.8000, -6.879
40.60, -0.8000, -7.589
40.61, -0.8000, -6.404
40.62, -0.8000, -5.935
40.63, -0.8000, -6.753
40.64, -0.8000, -6.460
40.65, -0.8000, -7.473
40.66, -0.8000, -7.439
40.67, -0.8000, -7.194
40.68, -0.8000, -7.512
40.69, -0.8000, -7.580
40.70, -0.8000, -7.505
40.71, -0.8000, -7.165
40.72, -0.8000, -8.406
40.73, -0.8000, -7.900
40.74, -0.8000, -5.466
40.75, -0.8000, -6.658
40.76, -0.8000, -7.077
40.77, -0.8000, -6.176
40.78, -0.8000, -6.898
40.79, -0.8000, -6.332
40.80, -0.8000, -6.599
40.81, -0.8000, -6.382
40.82, -0.8000, -7.506
40.83, -0.8000, -7.773
40.84, -0.8000, -7.512
40.85, -0.8000, -7.615
40.86, -0.8000, -7.454
40.87, -0.8000, -6.144
40.88, -0.8000, -7.305
40.89, -0.8000, -7.175
40.90, -0.8000, -7.368
40.91, -0.8000, -7.286
40.92, -0.8000, -7.015
40.93, -0.8000, -8.009
40.94, -0.8000, -7.066
40.95, -0.8000, -7.145
40.96, -0.8000, -7.013
40.97, -0.8000, -7.397
40.98, -0.8000, -7.011
40.99, -0.8000, -7.411
41.00, -0.8000, -7.802
41.01, -0.8000, -8.447
41.02, -0.8000, -7.159
41.03, -0.8000, -8.570
41.04, -0.8000, -7.103
41.05, -0.8000, -6.719
41.06, -0.8000, -6.530
41.07, -0.8000, -7.881
41.08, -0.8000, -7.481
41.09, -0.8000, -7.017
41.10, -0.8000, -6.908
41.11, -0.8000, -7.871
41.12, -0.8000, -7.693
41.13, -0.8000, -7.701
41.14, -0.8000, -7.555
41.15, -0.8000, -6.346
41.16, -0.8000, -6.927
41.17, -0.8000, -7.065
41.18, -0.8000, -8.278
41.19, -0.8000, -7.387
41.20, -0.8000, -6.275
41.21, -0.8000, -6.956
41.22, -0.8000, -5.832
41.23, -0.8000, -6.091
41.24, -0.8000, -6.477
41.25, -0.8000, -7.789
41.26, -0.8000, -6.876
41.27, -0.8000, -6.874
41.28, -0.8000, -7.822
41.29, -0.8000, -8.172
41.30, -0.8000, -7.687
41.31, -0.8000, -8.199
41.32, -0.8000, -7.886
41.33, -0.8000, -6.483
41.34, -0.8000, -6.898
41.35, -0.8000, -6.758
41.36, -0.8000, -6.383
41.37, -0.8000, -7.396
41.38, -0.8000, -6.672
41.39, -0.8000, -6.983
41.40, -0.8000, -6.942
41.41, -0.8000, -7.760
41.42, -0.8000, -8.085
41.43, -0.8000, -6.698
41.44, -0.8000, -6.817
41.45, -0.8000, -6.984
41.46, -0.8000, -6.898
41.47, -0.8000, -6.986
41.48, -0.8000, -7.797
41.49, -0.8000, -7.885
41.50, -0.8000, -6.733
41.51, -0.8000, -7.373
41.52, -0.8000, -7.215
41.53, -0.8000, -7.465
41.54, -0.8000, -8.403
41.55, -0.8000, -7.484
41.56, -0.8000, -7.652
41.57, -0.8000, -5.951
41.58, -0.8000, -6.607
41.59, -0.8000, -6.751
41.60, -0.8000, -7.139
41.61, -0.8000, -6.881
41.62, -0.8000, -7.526
41.63, -0.8000, -7.864
41.64, -0.8000, -6.471
41.65, -0.8000, -7.332
41.66, -0.8000, -7.209
41.67, -0.8000, -7.650
41.68, -0.8000, -6.900
41.69, -0.8000, -7.280
41.70, -0.8000, -7.126
41.71, -0.8000, -6.748
41.72, -0.8000, -6.889
41.73, -0.8000, -8.093
41.74, -0.8000, -6.480
41.75, -0.8000, -8.746
41.76, -0.8000, -7.529
41.77, -0.8000, -6.999
41.78, -0.8000, -6.917
41.79, -0.8000, -7.836
41.80, -0.8000, -8.022
41.81, -0.8000, -6.668
41.82, -0.8000, -7.821
41.83, -0.8000, -7.435
41.84, -0.8000, -8.239
41.85, -0.8000, -7.853
41.86, -0.8000, -6.247
41.87, -0.8000, -5.829
41.88, -0.8000, -5.992
41.89, -0.8000, -7.817
41.90, -0.8000, -6.307
41.91, -0.8000, -7.294
41.92, -0.8000, -8.047
41.93, -0.8000, -7.055
41.94, -0.8000, -8.027
41.95, -0.8000, -8.619
41.96, -0.8000, -6.574
41.97, -0.8000, -6.223
41.98, -0.8000, -7.241
41.99, -0.8000, -7.901
42.00, -0.8000, -6.120
42.01, -0.8000, -6.625
42.02, -0.8000, -8.154
42.03, -0.8000, -5.859
42.04, -0.8000, -7.337
42.05, -0.8000, -8.423
42.06, -0.8000, -6.825
42.07, -0.8000, -6.623
42.08, -0.8000, -6.112
42.09, -0.8000, -6.922
42.10, -0.8000, -6.657
42.11, -0.8000, -7.474
42.12, -0.8000, -7.036
42.13, -0.8000, -5.963
42.14, -0.8000, -7.102
42.15, -0.8000, -8.058
42.16, -0.8000, -5.700
42.17, -0.8000, -8.227
42.18, -0.8000, -7.063
42.19, -0.8000, -7.869
42.20, -0.8000, -6.126
42.21, -0.8000, -6.794
42.22, -0.8000, -6.987
42.23, -0.8000, -6.609
42.24, -0.8000, -6.010
42.25, -0.8000, -5.787
42.26, -0.8000, -7.742
42.27, -0.8000, -6.586
42.28, -0.8000, -6.331
42.29, -0.8000, -6.729
42.30, -0.8000, -7.394
42.31, -0.8000, -8.003
42.32, -0.8000, -6.556
42.33, -0.8000, -7.460
42.34, -0.8000, -6.243
42.35, -0.8000, -6.582
42.36, -0.8000, -5.464
42.37, -0.8000, -7.762
42.38, -0.8000, -7.505
42.39, -0.8000, -7.763
42.40, -0.8000, -7.215
42.41, -0.8000, -8.355
42.42, -0.8000, -8.136
42.43, -0.8000, -7.823
42.44, -0.8000, -7.400
42.45, -0.8000, -9.153
42.46, -0.8000, -7.915
42.47, -0.8000, -6.372
42.48, -0.8000, -6.222
42.49, -0.8000, -6.360
42.50, -0.8000, -6.380
42.51, -0.8000, -7.055
42.52, -0.8000, -6.014
42.53, -0.8000, -7.703
42.54, -0.8000, -6.902
42.55, -0.8000, -6.375
42.56, -0.8000, -7.987
42.57, -0.8000, -8.507
42.58, -0.8000, -7.460
42.59, -0.8000, -7.757
42.60, -0.8000, -6.737
42.61, -0.8000, -5.937
42.62, -0.8000, -6.067
42.63, -0.8000, -7.566
42.64, -0.8000, -5.269
42.65, -0.8000, -6.632
42.66, -0.8000, -7.552
42.67, -0.8000, -7.041
42.68, -0.8000, -5.794
42.69, -0.8000, -7.677
42.70, -0.8000, -6.614
42.71, -0.8000, -7.092
42.72, -0.8000, -7.264
42.73, -0.8000, -6.047
42.74, -0.8000, -7.464
42.75, -0.8000, -6.871
42.76, -0.8000, -6.509
42.77, -0.8000, -6.250
42.78, -0.8000, -7.699
42.79, -0.8000, -6.954
42.80, -0.8000, -6.920
42.81, -0.8000, -6.742
42.82, -0.8000, -6.417
42.83, -0.8000, -5.700
42.84, -0.8000, -6.885
42.85, -0.8000, -6.465
42.86, -0.8000, -6.831
42.87, -0.8000, -6.055
42.88, -0.8000, -6.493
42.89, -0.8000, -6.754
42.90, -0.8000, -6.060
42.91, -0.8000, -6.079
42.92, -0.8000, -6.041
42.93, -0.8000, -7.078
42.94, -0.8000, -8.756
42.95, -0.8000, -6.994
42.96, -0.8000, -6.956
42.97, -0.8000, -5.857
42.98, -0.8000, -6.561
42.99, -0.8000, -7.460
43.00, -0.8000, -6.595
43.01, -0.8000, -6.902
43.02, -0.8000, -7.773
43.03, -0.8000, -6.397
43.04, -0.8000, -7.121
43.05, -0.8000, -7.295
43.06, -0.8000, -7.522
43.07, -0.8000, -8.117
43.08, -0.8000, -7.939
43.09, -0.8000, -6.714
43.10, -0.8000, -7.420
43.11, -0.8000, -6.519
43.12, -0.8000, -5.405
43.13, -0.8000, -6.632
43.14, -0.8000, -7.192
43.15, -0.8000, -6.552
43.16, -0.8000, -7.192
43.17, -0.8000, -6.558
43.18, -0.8000, -6.895
43.19, -0.8000, -7.571
43.20, -0.8000, -7.205
43.21, -0.8000, -8.022
43.22, -0.8000, -7.487
43.23, -0.8000, -6.837
43.24, -0.8000, -6.898
43.25, -0.8000, -6.293
43.26, -0.8000, -7.626
43.27, -0.8000, -7.742
43.28, -0.8000, -6.454
43.29, -0.8000, -6.838
43.30, -0.8000, -7.038
43.31, -0.8000, -7.881
43.32, -0.8000, -6.911
43.33, -0.8000, -6.732
43.34, -0.8000, -6.456
43.35, -0.8000, -5.903
43.36, -0.8000, -6.853
43.37, -0.8000, -8.040
43.38, -0.8000, -6.813
43.39, -0.8000, -9.021
43.40, -0.8000, -7.838
43.41, -0.8000, -6.783
43.42, -0.8000, -6.843
43.43, -0.8000, -6.421
43.44, -0.8000, -6.745
43.45, -0.8000, -7.483
43.46, -0.8000, -7.193
43.47, -0.8000, -6.667
43.48, -0.8000, -7.713
43.49, -0.8000, -7.025
43.50, -0.8000, -5.669
43.51, -0.8000, -7.047
43.52, -0.8000, -5.822
43.53, -0.8000, -7.257
43.54, -0.8000, -5.952
43.55, -0.8000, -7.918
43.56, -0.8000, -5.563
43.57, -0.8000, -6.758
43.58, -0.8000, -7.150
43.59, -0.8000, -7.079
43.60, -0.8000, -8.874
43.61, -0.8000, -8.751
43.62, -0.8000, -8.936
43.63, -0.8000, -8.086
43.64, -0.8000, -7.667
43.65, -0.8000, -8.471
43.66, -0.8000, -7.413
43.67, -0.8000, -7.498
43.68, -0.8000, -7.970
43.69, -0.8000, -6.984
43.70, -0.8000, -6.759
43.71, -0.8000, -6.278
43.72, -0.8000, -7.724
43.73, -0.8000, -5.794
43.74, -0.8000, -6.916
43.75, -0.8000, -7.300
43.76, -0.8000, -8.174
43.77, -0.8000, -7.999
43.78, -0.8000, -6.616
43.79, -0.8000, -8.274
43.80, -0.8000, -5.949
43.81, -0.8000, -7.872
43.82, -0.8000, -6.280
43.83, -0.8000, -8.259
43.84, -0.8000, -6.552
43.85, -0.8000, -6.219
43.86, -0.8000, -7.664
43.87, -0.8000, -7.913
43.88, -0.8000, -8.075
43.89, -0.8000, -7.205
43.90, -0.8000, -8.259
43.91, -0.8000, -6.988
43.92, -0.8000, -8.279
43.93, -0.8000, -8.518
43.94, -0.8000, -9.085
43.95, -0.8000, -7.604
43.96, -0.8000, -8.656
43.97, -0.8000, -6.205
43.98, -0.8000, -7.325
43.99, -0.8000, -5.966
44.00, -0.8000, -5.923
44.01, -0.8000, -5.042
44.02, -0.8000, -7.101
44.03, -0.8000, -6.292
44.04, -0.8000, -6.514
44.05, -0.8000, -7.530
44.06, -0.8000, -6.754
44.07, -0.8000, -6.089
44.08, -0.8000, -8.013
44.09, -0.8000, -6.790
44.10, -0.8000, -8.271
44.11, -0.8000, -6.086
44.12, -0.8000, -6.421
44.13, -0.8000, -8.186
44.14, -0.8000, -6.648
44.15, -0.8000, -8.619
44.16, -0.8000, -6.558
44.17, -0.8000, -7.882
44.18, -0.8000, -7.375
44.19, -0.8000, -5.826
44.20, -0.8000, -8.008
44.21, -0.8000, -6.775
44.22, -0.8000, -7.128
44.23, -0.8000, -6.585
44.24, -0.8000, -5.982
44.25, -0.8000, -6.477
44.26, -0.8000, -8.480
44.27, -0.8000, -7.090
44.28, -0.8000, -8.588
44.29, -0.8000, -6.480
44.30, -0.8000, -5.860
44.31, -0.8000, -7.335
44.32, -0.8000, -6.444
44.33, -0.8000, -7.719
44.34, -0.8000, -7.898
44.35, -0.8000, -8.236
44.36, -0.8000, -6.707
44.37, -0.8000, -5.650
44.38, -0.8000, -7.360
44.39, -0.8000, -5.775
44.40, -0.8000, -7.438
44.41, -0.8000, -7.372
44.42, -0.8000, -6.518
44.43, -0.8000, -7.226
44.44, -0.8000, -7.281
44.45, -0.8000, -8.735
44.46, -0.8000, -6.227
44.47, -0.8000, -7.234
44.48, -0.8000, -6.029
44.49, -0.8000, -6.126
44.50, -0.8000, -6.891
44.51, -0.8000, -7.950
44.52, -0.8000, -7.964
44.53, -0.8000, -8.215
44.54, -0.8000, -8.073
44.55, -0.8000, -7.157
44.56, -0.8000, -7.504
44.57, -0.8000, -6.249
44.58, -0.8000, -6.966
44.59, -0.8000, -6.900
44.60, -0.8000, -5.901
44.61, -0.8000, -7.491
44.62, -0.8000, -7.078
44.63, -0.8000, -7.093
44.64, -0.8000, -5.628
44.65, -0.8000, -6.943
44.66, -0.8000, -7.125
44.67, -0.8000, -6.381
44.68, -0.8000, -6.904
44.69, -0.8000, -7.383
44.70, -0.8000, -7.376
44.71, -0.8000, -7.916
44.72, -0.8000, -7.574
44.73, -0.8000, -7.356
44.74, -0.8000, -6.729
44.75, -0.8000, -7.078
44.76, -0.8000, -6.488
44.77, -0.8000, -6.472
44.78, -0.8000, -7.791
44.79, -0.8000, -6.262
44.80, -0.8000, -6.322
44.81, -0.8000, -6.609
44.82, -0.8000, -8.196
44.83, -0.8000, -7.395
44.84, -0.8000, -6.254
44.85, -0.8000, -6.376
44.86, -0.8000, -7.541
44.87, -0.8000, -8.191
44.88, -0.8000, -7.214
44.89, -0.8000, -6.332
44.90, -0.8000, -7.600
44.91, -0.8000, -7.491
44.92, -0.8000, -6.483
44.93, -0.8000, -6.014
44.94, -0.8000, -6.406
44.95, -0.8000, -6.347
44.96, -0.8000, -7.179
44.97, -0.8000, -7.240
44.98, -0.8000, -6.833
44.99, -0.8000, -7.314
45.00, 0.000, -6.965
45.01, 0.001000, 15.41
45.02, 0.002000, 6.245
45.03, 0.003000, 2.315
45.04, 0.004000, 2.726
45.05, 0.005000, 0.7247
45.06, 0.006000, 1.811
45.07, 0.007000, -1.185
45.08, 0.008000, -1.596
45.09, 0.009000, -0.3907
45.10, 0.01000, -2.155
45.11, 0.01100, -0.2536
45.12, 0.01200, -2.799
45.13, 0.01300, -1.360
45.14, 0.01400, -1.560
45.15, 0.01500, -3.603
45.16, 0.01600, -2.974
45.17, 0.01700, -2.735
45.18, 0.01800, -3.917
45.19, 0.01900, -3.319
45.20, 0.02000, -5.341
45.21, 0.02100, -2.657
45.22, 0.02200, -2.487
45.23, 0.02300, -1.671
45.24, 0.02400, -3.853
45.25, 0.02500, -2.563
45.26, 0.02600, -2.670
45.27, 0.02700, -1.215
45.28, 0.02800, -3.025
45.29, 0.02900, -1.846
45.30, 0.03000, -1.322
45.31, 0.03100, -3.574
45.32, 0.03200, -3.324
45.33, 0.03300, -4.659
45.34, 0.03400, -2.621
45.35, 0.03500, -2.676
45.36, 0.03600, -3.591
45.37, 0.03700, -2.352
45.38, 0.03800, -3.036
45.39, 0.03900, -1.929
45.40, 0.04000, -2.507
45.41, 0.04100, -2.583
45.42, 0.04200, -1.848
45.43, 0.04300, -3.517
45.44, 0.04400, -3.560
45.45, 0.04500, -2.197
45.46, 0.04600, -4.681
45.47, 0.04700, -4.395
45.48, 0.04800, -4.754
45.49, 0.04900, -4.041
45.50, 0.05000, -4.820
45.51, 0.05100, -4.033
45.52, 0.05200, -3.232
45.53, 0.05300, -3.370
45.54, 0.05400, -3.493
45.55, 0.05500, -1.810
45.56, 0.05600, -1.744
45.57, 0.05700, -3.835
45.58, 0.05800, -3.390
45.59, 0.05900, -3.852
45.60, 0.06000, -4.118
45.61, 0.06100, -3.082
45.62, 0.06200, -3.720
45.63, 0.06300, -3.782
45.64, 0.06400, -3.156
45.65, 0.06500, -4.231
45.66, 0.06600, -3.359
45.67, 0.06700, -2.604
45.68, 0.06800, -2.906
45.69, 0.06900, -3.019
45.70, 0.07000, -3.661
45.71, 0.07100, -5.154
45.72, 0.07200, -4.703
45.73, 0.07300, -2.831
45.74, 0.07400, -2.975
45.75, 0.07500, -2.453
45.76, 0.07600, -2.022
45.77, 0.07700, -2.523
45.78, 0.07800, -3.805
45.79, 0.07900, -4.360
45.80, 0.08000, -4.032
45.81, 0.08100, -3.769
45.82, 0.08200, -5.279
45.83, 0.08300, -3.177
45.84, 0.08400, -4.649
45.85, 0.08500, -3.930
45.86, 0.08600, -3.140
45.87, 0.08700, -3.901
45.88, 0.08800, -1.699
45.89, 0.08900, -3.006
45.90, 0.09000, -4.335
45.91, 0.09100, -3.235
45.92, 0.09200, -4.783
45.93, 0.09300, -2.766
45.94, 0.09400, -4.543
45.95, 0.09500, -4.894
45.96, 0.09600, -3.515
45.97, 0.09700, -2.578
45.98, 0.09800, -3.623
45.99, 0.09900, -3.310
46.00, 0.1000, -2.999
46.01, 0.1010, -3.103
46.02, 0.1020, -4.918
46.03, 0.1030, -5.197
46.04, 0.1040, -4.531
46.05, 0.1050, -4.620
46.06, 0.1060, -4.036
46.07, 0.1070, -3.360
46.08, 0.1080, -1.901
46.09, 0.1090, -0.8253
46.10, 0.1100, -3.387
46.11, 0.1110, -3.763
46.12, 0.1120, -2.429
46.13, 0.1130, -3.761
46.14, 0.1140, -3.600
46.15, 0.1150, -3.906
46.16, 0.1160, -2.261
46.17, 0.1170, -2.439
46.18, 0.1180, -3.318
46.19, 0.1190, -3.361
46.20, 0.1200, -1.622
46.21, 0.1210, -3.354
46.22, 0.1220, -1.959
46.23, 0.1230, -4.463
46.24, 0.1240, -3.083
46.25, 0.1250, -4.127
46.26, 0.1260, -3.867
46.27, 0.1270, -4.192
46.28, 0.1280, -1.918
46.29, 0.1290, -1.937
46.30, 0.1300, -3.175
46.31, 0.1310, -3.569
46.32, 0.1320, -2.109
46.33, 0.1330, -2.403
46.34, 0.1340, -0.9924
46.35, 0.1350, -3.201
46.36, 0.1360, -3.655
46.37, 0.1370, -3.731
46.38, 0.1380, -1.613
46.39, 0.1390, -4.519
46.40, 0.1400, -3.987
46.41, 0.1410, -2.482
46.42, 0.1420, -3.437
46.43, 0.1430, -3.878
46.44, 0.1440, -2.454
46.45, 0.1450, -1.049
46.46, 0.1460, -2.582
46.47, 0.1470, -2.495
46.48, 0.1480, -2.460
46.49, 0.1490, -2.673
46.50, 0.1500, -0.6652
46.51, 0.1510, -2.698
46.52, 0.1520, -2.107
46.53, 0.1530, -0.6503
46.54, 0.1540, -0.8119
46.55, 0.1550, -2.834
46.56, 0.1560, -1.726
46.57, 0.1570, -2.296
46.58, 0.1580, -0.1029
46.59, 0.1590, -1.268
46.60, 0.1600, -3.124
46.61, 0.1610, -3.075
46.62, 0.1620, -1.389
46.63, 0.1630, -2.114
46.64, 0.1640, -1.018
46.65, 0.1650, -3.198
46.66, 0.1660, -2.736
46.67, 0.1670, -1.859
46.68, 0.1680, -0.4250
46.69, 0.1690, -2.009
46.70, 0.1700, -0.3250
46.71, 0.1710, 0.08302
46.72, 0.1720, 0.08400
46.73, 0.1730, -0.7901
46.74, 0.1740, -1.963
46.75, 0.1750, -1.030
46.76, 0.1760, 0.8105
46.77, 0.1770, -0.9948
46.78, 0.1780, -0.4261
46.79, 0.1790, -1.243
46.80, 0.1800, -1.320
46.81, 0.1810, -2.106
46.82, 0.1820, -1.713
46.83, 0.1830, -0.9817
46.84, 0.1840, -0.8370
46.85, 0.1850, 0.6916
46.86, 0.1860, -0.2987
46.87, 0.1870, 1.884
46.88, 0.1880, -1.179
46.89, 0.1890, 0.4484
46.90, 0.1900, -1.893
46.91, 0.1910, 0.8280
46.92, 0.1920, -0.3999
46.93, 0.1930, -0.2885
46.94, 0.1940, -1.350
46.95, 0.1950, 0.1409
46.96, 0.1960, -1.366
46.97, 0.1970, -2.587
46.98, 0.1980, -0.8279
46.99, 0.1990, -0.7611
47.00, 0.2000, -0.5071
47.01, 0.2010, 2.209
47.02, 0.2020, -0.007744
47.03, 0.2030, -1.290
47.04, 0.2040, -0.4129
47.05, 0.2050, -0.4176
47.06, 0.2060, 0.2122
47.07, 0.2070, -0.7575
47.08, 0.2080, -1.664
47.09, 0.2090, 0.5705
47.10, 0.2100, 1.169
47.11, 0.2110, 0.3220
47.12, 0.2120, 0.8607
47.13, 0.2130, -1.630
47.14, 0.2140, -1.841
47.15, 0.2150, -0.2357
47.16, 0.2160, -1.818
47.17, 0.2170, 1.251
47.18, 0.2180, -1.587
47.19, 0.2190, -2.180
47.20, 0.2200, -2.004
47.21, 0.2210, -3.313
47.22, 0.2220, -2.699
47.23, 0.2230, -2.335
47.24, 0.2240, -2.411
47.25, 0.2250, 0.003187
47.26, 0.2260, -1.531
47.27, 0.2270, -1.430
47.28, 0.2280, -1.678
47.29, 0.2290, -1.606
47.30, 0.2300, -1.937
47.31, 0.2310, -0.09139
47.32, 0.2320, -1.030
47.33, 0.2330, -1.085
47.34, 0.2340, -0.5990
47.35, 0.2350, -2.326
47.36, 0.2360, -1.258
47.37, 0.2370, -0.9749
47.38, 0.2380, -1.529
47.39, 0.2390, -2.767
47.40, 0.2400, -3.359
47.41, 0.2410, -1.752
47.42, 0.2420, -2.615
47.43, 0.2430, -1.224
47.44, 0.2440, -2.734
47.45, 0.2450, -1.135
47.46, 0.2460, -3.578
47.47, 0.2470, -2.835
47.48, 0.2480, -4.795
47.49, 0.2490, -4.059
47.50, 0.2500, -3.534
47.51, 0.2510, -0.4724
47.52, 0.2520, -3.463
47.53, 0.2530, -3.356
47.54, 0.2540, -2.746
47.55, 0.2550, -2.149
47.56, 0.2560, -3.214
47.57, 0.2570, -2.501
47.58, 0.2580, -3.112
47.59, 0.2590, -2.230
47.60, 0.2600, -1.006
47.61, 0.2610, -1.339
47.62, 0.2620, -3.860
47.63, 0.2630, -2.671
47.64, 0.2640, -2.824
47.65, 0.2650, -2.868
47.66, 0.2660, -4.485
47.67, 0.2670, -3.438
47.68, 0.2680, -4.128
47.69, 0.2690, -1.547
47.70, 0.2700, -1.272
47.71, 0.2710, -2.095
47.72, 0.2720, -1.759
47.73, 0.2730, -2.101
47.74, 0.2740, -4.319
47.75, 0.2750, -2.357
47.76, 0.2760, -2.200
47.77, 0.2770, -3.061
47.78, 0.2780, -3.864
47.79, 0.2790, -2.285
47.80, 0.2800, -1.789
47.81, 0.2810, -2.674
47.82, 0.2820, -1.606
47.83, 0.2830, -2.387
47.84, 0.2840, -2.524
47.85, 0.2850, -5.537
47.86, 0.2860, -4.848
47.87, 0.2870, -2.810
47.88, 0.2880, -3.657
47.89, 0.2890, -4.049
47.90, 0.2900, -4.426
47.91, 0.2910, -5.049
47.92, 0.2920, -3.619
47.93, 0.2930, -2.822
47.94, 0.2940, -2.765
47.95, 0.2950, -2.643
47.96, 0.2960, -2.663
47.97, 0.2970, -1.584
47.98, 0.2980, -3.452
47.99, 0.2990, -3.919
48.00, 0.3000, -3.868
48.01, 0.3010, -2.576
48.02, 0.3020, -4.414
48.03, 0.3030, -2.421
48.04, 0.3040, -3.419
48.05, 0.3050, -4.365
48.06, 0.3060, -3.713
48.07, 0.3070, -3.459
48.08, 0.3080, -3.847
48.09, 0.3090, -3.722
48.10, 0.3100, -2.944
48.11, 0.3110, -4.245
48.12, 0.3120, -3.125
48.13, 0.3130, -4.532
48.14, 0.3140, -4.329
48.15, 0.3150, -3.274
48.16, 0.3160, -5.241
48.17, 0.3170, -4.772
48.18, 0.3180, -3.901
48.19, 0.3190, -4.611
48.20, 0.3200, -4.023
48.21, 0.3210, -4.892
48.22, 0.3220, -4.670
48.23, 0.3230, -3.151
48.24, 0.3240, -3.025
48.25, 0.3250, -3.415
48.26, 0.3260, -1.975
48.27, 0.3270, -3.934
48.28, 0.3280, -3.228
48.29, 0.3290, -3.254
48.30, 0.3300, -4.850
48.31, 0.3310, -3.006
48.32, 0.3320, -4.002
48.33, 0.3330, -3.253
48.34, 0.3340, -3.692
48.35, 0.3350, -3.641
48.36, 0.3360, -3.337
48.37, 0.3370, -2.782
48.38, 0.3380, -3.209
48.39, 0.3390, -3.615
48.40, 0.3400, -3.598
48.41, 0.3410, -3.219
48.42, 0.3420, -3.382
48.43, 0.3430, -3.750
48.44, 0.3440, -5.565
48.45, 0.3450, -5.347
48.46, 0.3460, -4.358
48.47, 0.3470, -3.597
48.48, 0.3480, -4.553
48.49, 0.3490, -3.576
48.50, 0.3500, -3.144
48.51, 0.3510, -3.378
48.52, 0.3520, -2.200
48.53, 0.3530, -3.292
48.54, 0.3540, -3.658
48.55, 0.3550, -3.113
48.56, 0.3560, -2.293
48.57, 0.3570, -3.463
48.58, 0.3580, -2.583
48.59, 0.3590, -4.576
48.60, 0.3600, -1.732
48.61, 0.3610, -2.449
48.62, 0.3620, -3.200
48.63, 0.3630, -1.978
48.64, 0.3640, -3.968
48.65, 0.3650, -4.510
48.66, 0.3660, -3.098
48.67, 0.3670, -3.820
48.68, 0.3680, -4.192
48.69, 0.3690, -4.493
48.70, 0.3700, -3.271
48.71, 0.3710, -3.237
48.72, 0.3720, -2.659
48.73, 0.3730, -3.049
48.74, 0.3740, -3.718
48.75, 0.3750, -2.518
48.76, 0.3760, -3.593
48.77, 0.3770, -3.183
48.78, 0.3780, -3.638
48.79, 0.3790, -3.043
48.80, 0.3800, -2.907
48.81, 0.3810, -3.050
48.82, 0.3820, -3.677
48.83, 0.3830, -2.639
48.84, 0.3840, -4.388
48.85, 0.3850, -4.329
48.86, 0.3860, -4.249
48.87, 0.3870, -4.736
48.88, 0.3880, -4.805
48.89, 0.3890, -4.951
48.90, 0.3900, -3.727
48.91, 0.3910, -3.850
48.92, 0.3920, -3.220
48.93, 0.3930, -4.125
48.94, 0.3940, -4.126
48.95, 0.3950, -4.654
48.96, 0.3960, -2.240
48.97, 0.3970, -2.024
48.98, 0.3980, -2.644
48.99, 0.3990, -2.758
49.00, 0.4000, -3.140
49.01, 0.4010, -5.255
49.02, 0.4020, -3.345
49.03, 0.4030, -2.757
49.04, 0.4040, -4.335
49.05, 0.4050, -2.454
49.06, 0.4060, -2.964
49.07, 0.4070, -1.637
49.08, 0.4080, -4.324
49.09, 0.4090, -1.849
49.10, 0.4100, -3.092
49.11, 0.4110, -3.964
49.12, 0.4120, -4.346
49.13, 0.4130, -4.171
49.14, 0.4140, -2.448
49.15, 0.4150, -3.596
49.16, 0.4160, -3.089
49.17, 0.4170, -4.354
49.18, 0.4180, -3.098
49.19, 0.4190, -4.056
49.20, 0.4200, -3.159
49.21, 0.4210, -4.071
49.22, 0.4220, -4.055
49.23, 0.4230, -3.538
49.24, 0.4240, -2.740
49.25, 0.4250, -3.826
49.26, 0.4260, -4.115
49.27, 0.4270, -3.723
49.28, 0.4280, -3.855
49.29, 0.4290, -4.857
49.30, 0.4300, -4.425
49.31, 0.4310, -3.839
49.32, 0.4320, -3.829
49.33, 0.4330, -3.746
49.34, 0.4340, -2.614
49.35, 0.4350, -4.310
49.36, 0.4360, -3.656
49.37, 0.4370, -3.674
49.38, 0.4380, -3.220
49.39, 0.4390, -2.951
49.40, 0.4400, -2.584
49.41, 0.4410, -4.346
49.42, 0.4420, -3.554
49.43, 0.4430, -1.453
49.44, 0.4440, -4.900
49.45, 0.4450, -3.650
49.46, 0.4460, -5.102
49.47, 0.4470, -4.808
49.48, 0.4480, -4.794
49.49, 0.4490, -2.971
49.50, 0.4500, -3.230
49.51, 0.4510, -3.683
49.52, 0.4520, -4.722
49.53, 0.4530, -2.811
49.54, 0.4540, -1.846
49.55, 0.4550, -2.157
49.56, 0.4560, -2.455
49.57, 0.4570, -2.564
49.58, 0.4580, -4.426
49.59, 0.4590, -3.978
49.60, 0.4600, -3.295
49.61, 0.4610, -3.689
49.62, 0.4620, -3.427
49.63, 0.4630, -3.436
49.64, 0.4640, -2.503
49.65, 0.4650, -2.838
49.66, 0.4660, -3.527
49.67, 0.4670, -4.225
49.68, 0.4680, -3.440
49.69, 0.4690, -3.079
49.70, 0.4700, -2.685
49.71, 0.4710, -3.174
49.72, 0.4720, -2.283
49.73, 0.4730, -3.623
49.74, 0.4740, -4.320
49.75, 0.4750, -3.828
49.76, 0.4760, -3.881
49.77, 0.4770, -4.739
49.78, 0.4780, -3.076
49.79, 0.4790, -4.311
49.80, 0.4800, -4.826
49.81, 0.4810, -5.372
49.82, 0.4820, -3.399
49.83, 0.4830, -3.875
49.84, 0.4840, -3.334
49.85, 0.4850, -3.106
49.86, 0.4860, -4.502
49.87, 0.4870, -3.357
49.88, 0.4880, -4.293
49.89, 0.4890, -4.531
49.90, 0.4900, -3.466
49.91, 0.4910, -3.189
49.92, 0.4920, -3.119
49.93, 0.4930, -4.190
49.94, 0.4940, -4.230
49.95, 0.4950, -2.113
49.96, 0.4960, -3.153
49.97, 0.4970, -4.131
49.98, 0.4980, -2.867
49.99, 0.4990, -3.964
50.00, 0.5000, -2.228
50.01, 0.5010, -4.119
50.02, 0.5020, -4.671
50.03, 0.5030, -2.425
50.04, 0.5040, -1.777
50.05, 0.5050, -3.769
50.06, 0.5060, -4.230
50.07, 0.5070, -3.109
50.08, 0.5080, -5.385
50.09, 0.5090, -3.743
50.10, 0.5100, -4.079
50.11, 0.5110, -3.640
50.12, 0.5120, -4.459
50.13, 0.5130, -2.739
50.14, 0.5140, -4.325
50.15, 0.5150, -2.668
50.16, 0.5160, -2.515
50.17, 0.5170, -4.103
50.18, 0.5180, -4.215
50.19, 0.5190, -2.749
50.20, 0.5200, -3.095
50.21, 0.5210, -2.897
50.22, 0.5220, -3.091
50.23, 0.5230, -3.987
50.24, 0.5240, -5.160
50.25, 0.5250, -3.958
50.26, 0.5260, -4.913
50.27, 0.5270, -2.648
50.28, 0.5280, -4.939
50.29, 0.5290, -4.478
50.30, 0.5300, -2.126
50.31, 0.5310, -2.536
50.32, 0.5320, -2.790
50.33, 0.5330, -3.663
50.34, 0.5340, -4.229
50.35, 0.5350, -2.209
50.36, 0.5360, -2.070
50.37, 0.5370, -4.598
50.38, 0.5380, -3.063
50.39, 0.5390, -2.627
50.40, 0.5400, -4.504
50.41, 0.5410, -2.660
50.42, 0.5420, -4.519
50.43, 0.5430, -3.712
50.44, 0.5440, -3.062
50.45, 0.5450, -3.803
50.46, 0.5460, -3.402
50.47, 0.5470, -2.752
50.48, 0.5480, -3.462
50.49, 0.5490, -2.378
50.50, 0.5500, -4.561
50.51, 0.5510, -3.884
50.52, 0.5520, -3.254
50.53, 0.5530, -3.820
50.54, 0.5540, -2.840
50.55, 0.5550, -5.682
50.56, 0.5560, -3.996
50.57, 0.5570, -5.091
50.58, 0.5580, -5.488
50.59, 0.5590, -3.890
50.60, 0.5600, -2.553
50.61, 0.5610, -2.873
50.62, 0.5620, -2.039
50.63, 0.5630, -3.460
50.64, 0.5640, -3.899
50.65, 0.5650, -4.961
50.66, 0.5660, -3.774
50.67, 0.5670, -5.359
50.68, 0.5680, -3.800
50.69, 0.5690, -3.507
50.70, 0.5700, -2.122
50.71, 0.5710, -3.669
50.72, 0.5720, -2.311
50.73, 0.5730, -2.086
50.74, 0.5740, -4.257
50.75, 0.5750, -3.702
50.76, 0.5760, -2.656
50.77, 0.5770, -2.107
50.78, 0.5780, -2.934
50.79, 0.5790, -3.056
50.80, 0.5800, -3.222
50.81, 0.5810, -3.935
50.82, 0.5820, -4.782
50.83, 0.5830, -5.140
50.84, 0.5840, -4.542
50.85, 0.5850, -4.368
50.86, 0.5860, -5.197
50.87, 0.5870, -4.011
50.88, 0.5880, -5.420
50.89, 0.5890, -4.098
50.90, 0.5900, -3.124
50.91, 0.5910, -3.064
50.92, 0.5920, -4.625
50.93, 0.5930, -4.166
50.94, 0.5940, -2.210
50.95, 0.5950, -4.519
50.96, 0.5960, -3.427
50.97, 0.5970, -4.626
50.98, 0.5980, -3.279
50.99, 0.5990, -2.793
51.00, 0.6000, -3.788
51.01, 0.6010, -2.698
51.02, 0.6020, -5.139
51.03, 0.6030, -4.139
51.04, 0.6040, -2.312
51.05, 0.6050, -3.417
51.06, 0.6060, -3.335
51.07, 0.6070, -4.834
51.08, 0.6080, -4.900
51.09, 0.6090, -4.430
51.10, 0.6100, -4.389
51.11, 0.6110, -3.634
51.12, 0.6120, -2.516
51.13, 0.6130, -3.033
51.14, 0.6140, -3.441
51.15, 0.6150, -2.247
51.16, 0.6160, -3.021
51.17, 0.6170, -2.440
51.18, 0.6180, -3.624
51.19, 0.6190, -2.942
51.20, 0.6200, -3.666
51.21, 0.6210, -2.223
51.22, 0.6220, -2.097
51.23, 0.6230, -2.328
51.24, 0.6240, -2.238
51.25, 0.6250, -1.529
51.26, 0.6260, -3.270
51.27, 0.6270, -4.153
51.28, 0.6280, -3.094
51.29, 0.6290, -3.775
51.30, 0.6300, -3.483
51.31, 0.6310, -5.355
51.32, 0.6320, -4.024
51.33, 0.6330, -3.642
51.34, 0.6340, -3.320
51.35, 0.6350, -2.736
51.36, 0.6360, -1.831
51.37, 0.6370, -2.902
51.38, 0.6380, -2.562
51.39, 0.6390, -3.736
51.40, 0.6400, -4.538
51.41, 0.6410, -4.931
51.42, 0.6420, -3.193
51.43, 0.6430, -4.674
51.44, 0.6440, -3.644
51.45, 0.6450, -4.478
51.46, 0.6460, -2.409
51.47, 0.6470, -1.485
51.48, 0.6480, -2.226
51.49, 0.6490, -2.737
51.50, 0.6500, -5.242
51.51, 0.6510, -4.911
51.52, 0.6520, -3.610
51.53, 0.6530, -4.677
51.54, 0.6540, -2.444
51.55, 0.6550, -3.847
51.56, 0.6560, -3.898
51.57, 0.6570, -5.802
51.58, 0.6580, -2.748
51.59, 0.6590, -3.843
51.60, 0.6600, -4.444
51.61, 0.6610, -3.151
51.62, 0.6620, -3.192
51.63, 0.6630, -4.435
51.64, 0.6640, -4.163
51.65, 0.6650, -4.675
51.66, 0.6660, -5.485
51.67, 0.6670, -3.338
51.68, 0.6680, -4.108
51.69, 0.6690, -4.446
51.70, 0.6700, -5.110
51.71, 0.6710, -3.246
51.72, 0.6720, -3.125
51.73, 0.6730, -4.000
51.74, 0.6740, -3.549
51.75, 0.6750, -3.238
51.76, 0.6760, -2.645
51.77, 0.6770, -1.827
51.78, 0.6780, -3.371
51.79, 0.6790, -2.036
51.80, 0.6800, -3.919
51.81, 0.6810, -2.873
51.82, 0.6820, -2.935
51.83, 0.6830, -4.483
51.84, 0.6840, -3.595
51.85, 0.6850, -3.876
51.86, 0.6860, -5.078
51.87, 0.6870, -2.679
51.88, 0.6880, -2.968
51.89, 0.6890, -3.349
51.90, 0.6900, -4.384
51.91, 0.6910, -3.001
51.92, 0.6920, -3.532
51.93, 0.6930, -2.735
51.94, 0.6940, -3.628
51.95, 0.6950, -4.687
51.96, 0.6960, -3.775
51.97, 0.6970, -5.272
51.98, 0.6980, -4.455
51.99, 0.6990, -6.378
52.00, 0.7000, -4.047
52.01, 0.7010, -3.574
52.02, 0.7020, -2.959
52.03, 0.7030, -2.141
52.04, 0.7040, -3.084
52.05, 0.7050, -2.469
52.06, 0.7060, -2.179
52.07, 0.7070, -3.998
52.08, 0.7080, -3.113
52.09, 0.7090, -4.138
52.10, 0.7100, -2.412
52.11, 0.7110, -2.708
52.12, 0.7120, -4.407
52.13, 0.7130, -3.194
52.14, 0.7140, -3.302
52.15, 0.7150, -4.121
52.16, 0.7160, -2.904
52.17, 0.7170, -2.409
52.18, 0.7180, -2.970
52.19, 0.7190, -3.520
52.20, 0.7200, -4.467
52.21, 0.7210, -4.558
52.22, 0.7220, -5.155
52.23, 0.7230, -3.584
52.24, 0.7240, -2.935
52.25, 0.7250, -5.446
52.26, 0.7260, -4.255
52.27, 0.7270, -5.715
52.28, 0.7280, -5.515
52.29, 0.7290, -5.335
52.30, 0.7300, -4.583
52.31, 0.7310, -3.555
52.32, 0.7320, -3.967
52.33, 0.7330, -3.572
52.34, 0.7340, -2.720
52.35, 0.7350, -3.109
52.36, 0.7360, -2.038
52.37, 0.7370, -3.753
52.38, 0.7380, -3.053
52.39, 0.7390, -3.382
52.40, 0.7400, -4.649
52.41, 0.7410, -3.849
52.42, 0.7420, -3.107
52.43, 0.7430, -2.646
52.44, 0.7440, -1.628
52.45, 0.7450, -3.644
52.46, 0.7460, -2.716
52.47, 0.7470, -3.710
52.48, 0.7480, -3.362
52.49, 0.7490, -4.243
52.50, 0.7500, -4.963
52.51, 0.7510, -4.233
52.52, 0.7520, -4.782
52.53, 0.7530, -2.215
52.54, 0.7540, -4.532
52.55, 0.7550, -3.365
52.56, 0.7560, -2.555
52.57, 0.7570, -2.611
52.58, 0.7580, -3.490
52.59, 0.7590, -2.137
52.60, 0.7600, -2.851
52.61, 0.7610, -2.475
52.62, 0.7620, -2.478
52.63, 0.7630, -4.249
52.64, 0.7640, -3.848
52.65, 0.7650, -3.569
52.66, 0.7660, -5.189
52.67, 0.7670, -3.683
52.68, 0.7680, -4.222
52.69, 0.7690, -3.468
52.70, 0.7700, -2.529
52.71, 0.7710, -4.164
52.72, 0.7720, -3.980
52.73, 0.7730, -4.174
52.74, 0.7740, -3.895
52.75, 0.7750, -4.001
52.76, 0.7760, -3.926
52.77, 0.7770, -2.261
52.78, 0.7780, -4.711
52.79, 0.7790, -3.248
52.80, 0.7800, -4.652
52.81, 0.7810, -4.123
52.82, 0.7820, -3.619
52.83, 0.7830, -4.400
52.84, 0.7840, -4.427
52.85, 0.7850, -5.048
52.86, 0.7860, -3.524
52.87, 0.7870, -2.808
52.88, 0.7880, -2.202
52.89, 0.7890, -2.010
52.90, 0.7900, -3.187
52.91, 0.7910, -1.509
52.92, 0.7920, -4.215
52.93, 0.7930, -2.865
52.94, 0.7940, -2.894
52.95, 0.7950, -2.854
52.96, 0.7960, -4.906
52.97, 0.7970, -2.315
52.98, 0.7980, -3.284
52.99, 0.7990, -3.547
53.00, 0.8000, -4.195
53.01, 0.8010, -4.602
53.02, 0.8020, -4.406
53.03, 0.8030, -3.757
53.04, 0.8040, -2.571
53.05, 0.8050, -2.512
53.06, 0.8060, -3.827
53.07, 0.8070, -5.229
53.08, 0.8080, -5.336
53.09, 0.8090, -4.136
53.10, 0.8100, -3.888
53.11, 0.8110, -3.528
53.12, 0.8120, -2.181
53.13, 0.8130, -2.103
53.14, 0.8140, -2.399
53.15, 0.8150, -2.786
53.16, 0.8160, -2.075
53.17, 0.8170, -3.801
53.18, 0.8180, -4.423
53.19, 0.8190, -3.932
53.20, 0.8200, -3.371
53.21, 0.8210, -2.174
53.22, 0.8220, -3.104
53.23, 0.8230, -3.469
53.24, 0.8240, -2.617
53.25, 0.8250, -4.313
53.26, 0.8260, -4.298
53.27, 0.8270, -2.945
53.28, 0.8280, -3.823
53.29, 0.8290, -2.454
53.30, 0.8300, -2.763
53.31, 0.8310, -3.973
53.32, 0.8320, -2.412
53.33, 0.8330, -3.003
53.34, 0.8340, -2.113
53.35, 0.8350, -1.570
53.36, 0.8360, -2.317
53.37, 0.8370, -2.565
53.38, 0.8380, -3.591
53.39, 0.8390, -3.172
53.40, 0.8400, -3.674
53.41, 0.8410, -1.819
53.42, 0.8420, -3.610
53.43, 0.8430, -1.964
53.44, 0.8440, -3.840
53.45, 0.8450, -3.315
53.46, 0.8460, -3.575
53.47, 0.8470, -3.611
53.48, 0.8480, -3.865
53.49, 0.8490, -4.128
53.50, 0.8500, -3.524
53.51, 0.8510, -2.839
53.52, 0.8520, -4.418
53.53, 0.8530, -2.983
53.54, 0.8540, -3.635
53.55, 0.8550, -3.054
53.56, 0.8560, -4.210
53.57, 0.8570, -3.128
53.58, 0.8580, -3.555
53.59, 0.8590, -3.692
53.60, 0.8600, -3.212
53.61, 0.8610, -3.706
53.62, 0.8620, -4.176
53.63, 0.8630, -2.686
53.64, 0.8640, -3.857
53.65, 0.8650, -4.274
53.66, 0.8660, -3.587
53.67, 0.8670, -4.186
53.68, 0.8680, -3.831
53.69, 0.8690, -3.730
53.70, 0.8700, -3.091
53.71, 0.8710, -3.010
53.72, 0.8720, -3.243
53.73, 0.8730, -3.536
53.74, 0.8740, -3.550
53.75, 0.8750, -3.496
53.76, 0.8760, -2.633
53.77, 0.8770, -3.960
53.78, 0.8780, -1.498
53.79, 0.8790, -2.958
53.80, 0.8800, -3.181
53.81, 0.8810, -3.131
53.82, 0.8820, -4.139
53.83, 0.8830, -3.632
53.84, 0.8840, -5.095
53.85, 0.8850, -3.426
53.86, 0.8860, -2.200
53.87, 0.8870, -3.079
53.88, 0.8880, -3.485
53.89, 0.8890, -2.236
53.90, 0.8900, -4.529
53.91, 0.8910, -3.101
53.92, 0.8920, -3.510
53.93, 0.8930, -3.863
53.94, 0.8940, -4.297
53.95, 0.8950, -4.414
53.96, 0.8960, -4.223
53.97, 0.8970, -5.457
53.98, 0.8980, -4.478
53.99, 0.8990, -5.095
54.00, 0.9000, -3.859
54.01, 0.9010, -4.211
54.02, 0.9020, -2.048
54.03, 0.9030, -3.523
54.04, 0.9040, -2.899
54.05, 0.9050, -3.318
54.06, 0.9060, -1.781
54.07, 0.9070, -3.723
54.08, 0.9080, -2.593
54.09, 0.9090, -4.070
54.10, 0.9100, -2.747
54.11, 0.9110, -1.445
54.12, 0.9120, -1.910
54.13, 0.9130, -4.201
54.14, 0.9140, -1.764
54.15, 0.9150, -2.739
54.16, 0.9160, -4.193
54.17, 0.9170, -3.665
54.18, 0.9180, -4.805
54.19, 0.9190, -2.909
54.20, 0.9200, -3.457
54.21, 0.9210, -4.021
54.22, 0.9220, -3.515
54.23, 0.9230, -3.027
54.24, 0.9240, -3.397
54.25, 0.9250, -3.003
54.26, 0.9260, -4.174
54.27, 0.9270, -2.467
54.28, 0.9280, -2.882
54.29, 0.9290, -3.081
54.30, 0.9300, -3.219
54.31, 0.9310, -2.792
54.32, 0.9320, -3.218
54.33, 0.9330, -3.048
54.34, 0.9340, -4.761
54.35, 0.9350, -3.758
54.36, 0.9360, -3.190
54.37, 0.9370, -4.294
54.38, 0.9380, -2.529
54.39, 0.9390, -3.423
54.40, 0.9400, -3.107
54.41, 0.9410, -2.342
54.42, 0.9420, -3.008
54.43, 0.9430, -3.031
54.44, 0.9440, -4.286
54.45, 0.9450, -2.791
54.46, 0.9460, -3.056
54.47, 0.9470, -4.278
54.48, 0.9480, -3.497
54.49, 0.9490, -3.749
54.50, 0.9500, -5.083
54.51, 0.9510, -3.443
54.52, 0.9520, -3.714
54.53, 0.9530, -2.246
54.54, 0.9540, -2.447
54.55, 0.9550, -3.136
54.56, 0.9560, -1.918
54.57, 0.9570, -2.246
54.58, 0.9580, -3.139
54.59, 0.9590, -2.815
54.60, 0.9600, -2.791
54.61, 0.9610, -2.161
54.62, 0.9620, -2.946
54.63, 0.9630, -2.812
54.64, 0.9640, -3.492
54.65, 0.9650, -3.012
54.66, 0.9660, -3.710
54.67, 0.9670, -3.681
54.68, 0.9680, -3.186
54.69, 0.9690, -5.177
54.70, 0.9700, -5.357
54.71, 0.9710, -3.422
54.72, 0.9720, -3.077
54.73, 0.9730, -3.767
54.74, 0.9740, -2.947
54.75, 0.9750, -2.881
54.76, 0.9760, -1.322
54.77, 0.9770, -1.536
54.78, 0.9780, -1.227
54.79, 0.9790, -2.271
54.80, 0.9800, -2.389
54.81, 0.9810, -3.551
54.82, 0.9820, -1.474
54.83, 0.9830, -3.317
54.84, 0.9840, -2.939
54.85, 0.9850, -2.161
54.86, 0.9860, -3.131
54.87, 0.9870, -2.386
54.88, 0.9880, -1.982
54.89, 0.9890, -2.603
54.90, 0.9900, -4.010
54.91, 0.9910, -1.757
54.92, 0.9920, -2.017
54.93, 0.9930, -2.581
54.94, 0.9940, -3.301
54.95, 0.9950, -1.933
54.96, 0.9960, -4.155
54.97, 0.9970, -2.958
54.98, 0.9980, -1.779
54.99, 0.9990, -3.383
55.00, 1.000, -2.995
55.01, 1.001, -3.777
55.02, 1.002, -3.469
55.03, 1.003, -2.419
55.04, 1.004, -1.172
55.05, 1.005, -2.275
55.06, 1.006, -2.094
55.07, 1.007, -0.5819
55.08, 1.008, -3.262
55.09, 1.009, -2.235
55.10, 1.010, -2.037
55.11, 1.011, -1.743
55.12, 1.012, -1.871
55.13, 1.013, -1.774
55.14, 1.014, -2.126
55.15, 1.015, -2.476
55.16, 1.016, -1.392
55.17, 1.017, -4.489
55.18, 1.018, -2.050
55.19, 1.019, -2.551
55.20, 1.020, -2.190
55.21, 1.021, -1.956
55.22, 1.022, -2.505
55.23, 1.023, -4.072
55.24, 1.024, -3.922
55.25, 1.025, -2.288
55.26, 1.026, -3.963
55.27, 1.027, -2.936
55.28, 1.028, -3.108
55.29, 1.029, -4.110
55.30, 1.030, -2.753
55.31, 1.031, -3.861
55.32, 1.032, -4.040
55.33, 1.033, -3.596
55.34, 1.034, -4.075
55.35, 1.035, -3.043
55.36, 1.036, -1.405
55.37, 1.037, -2.018
55.38, 1.038, -1.462
55.39, 1.039, -0.9976
55.40, 1.040, -1.620
55.41, 1.041, -0.9171
55.42, 1.042, -0.4150
55.43, 1.043, -3.399
55.44, 1.044, -4.183
55.45, 1.045, -2.204
55.46, 1.046, -1.760
55.47, 1.047, -2.336
55.48, 1.048, -1.279
55.49, 1.049, -0.9605
55.50, 1.050, -3.979
55.51, 1.051, -2.395
55.52, 1.052, -1.799
55.53, 1.053, -1.115
55.54, 1.054, -3.061
55.55, 1.055, -3.599
55.56, 1.056, -4.226
55.57, 1.057, -3.218
55.58, 1.058, -2.212
55.59, 1.059, -1.402
55.60, 1.060, -1.611
55.61, 1.061, -0.5094
55.62, 1.062, -3.586
55.63, 1.063, -0.9123
55.64, 1.064, -1.765
55.65, 1.065, -3.644
55.66, 1.066, -1.518
55.67, 1.067, -2.309
55.68, 1.068, -2.756
55.69, 1.069, -1.269
55.70, 1.070, -4.430
55.71, 1.071, -0.9315
55.72, 1.072, -1.529
55.73, 1.073, -3.803
55.74, 1.074, -4.180
55.75, 1.075, -4.327
55.76, 1.076, -3.509
55.77, 1.077, -4.094
55.78, 1.078, -2.358
55.79, 1.079, -2.842
55.80, 1.080, -1.597
55.81, 1.081, -1.431
55.82, 1.082, -2.320
55.83, 1.083, -1.586
55.84, 1.084, -1.157
55.85, 1.085, -3.169
55.86, 1.086, -1.367
55.87, 1.087, -3.284
55.88, 1.088, -0.5818
55.89, 1.089, -2.211
55.90, 1.090, -1.645
55.91, 1.091, -1.708
55.92, 1.092, -2.378
55.93, 1.093, -1.587
55.94, 1.094, -0.6154
55.95, 1.095, -2.805
55.96, 1.096, -1.366
55.97, 1.097, -1.420
55.98, 1.098, -4.432
55.99, 1.099, -4.194
56.00, 1.100, -3.391
56.01, 1.101, -3.588
56.02, 1.102, -1.847
56.03, 1.103, -2.229
56.04, 1.104, -2.043
56.05, 1.105, -0.5348
56.06, 1.106, -2.366
56.07, 1.107, -3.757
56.08, 1.108, -3.146
56.09, 1.109, -1.252
56.10, 1.110, -0.6463
56.11, 1.111, -1.796
56.12, 1.112, -1.371
56.13, 1.113, -0.3666
56.14, 1.114, -2.105
56.15, 1.115, -3.523
56.16, 1.116, -2.376
56.17, 1.117, -2.763
56.18, 1.118, -3.588
56.19, 1.119, -3.208
56.20, 1.120, -3.213
56.21, 1.121, -3.058
56.22, 1.122, -1.702
56.23, 1.123, -0.6438
56.24, 1.124, -2.154
56.25, 1.125, -2.434
56.26, 1.126, -1.973
56.27, 1.127, -3.712
56.28, 1.128, -3.315
56.29, 1.129, -3.194
56.30, 1.130, -3.109
56.31, 1.131, -0.6486
56.32, 1.132, -1.145
56.33, 1.133, -2.994
56.34, 1.134, -2.980
56.35, 1.135, -0.1662
56.36, 1.136, -4.245
56.37, 1.137, -1.834
56.38, 1.138, -3.464
56.39, 1.139, -2.926
56.40, 1.140, -3.437
56.41, 1.141, -1.381
56.42, 1.142, -1.278
56.43, 1.143, -1.235
56.44, 1.144, 0.4593
56.45, 1.145, -0.5807
56.46, 1.146, -2.244
56.47, 1.147, -1.753
56.48, 1.148, -4.057
56.49, 1.149, -0.4805
56.50, 1.150, -3.481
56.51, 1.151, -1.509
56.52, 1.152, -2.499
56.53, 1.153, -1.813
56.54, 1.154, -1.057
56.55, 1.155, -1.960
56.56, 1.156, -1.303
56.57, 1.157, -1.455
56.58, 1.158, -2.041
56.59, 1.159, -3.014
56.60, 1.160, -2.885
56.61, 1.161, -1.204
56.62, 1.162, -0.6993
56.63, 1.163, 0.05847
56.64, 1.164, -1.075
56.65, 1.165, -0.1322
56.66, 1.166, -2.797
56.67, 1.167, -1.714
56.68, 1.168, -0.5939
56.69, 1.169, -0.8936
56.70, 1.170, -0.7870
56.71, 1.171, 0.1672
56.72, 1.172, -3.281
56.73, 1.173, -2.599
56.74, 1.174, -2.496
56.75, 1.175, -1.121
56.76, 1.176, -3.299
56.77, 1.177, -3.397
56.78, 1.178, 0.1916
56.79, 1.179, -1.720
56.80, 1.180, -0.5167
56.81, 1.181, -1.817
56.82, 1.182, -0.6271
56.83, 1.183, -1.848
56.84, 1.184, -1.022
56.85, 1.185, -0.7782
56.86, 1.186, -1.697
56.87, 1.187, -0.7590
56.88, 1.188, -3.137
56.89, 1.189, -2.217
56.90, 1.190, 0.6728
56.91, 1.191, -1.334
56.92, 1.192, -1.370
56.93, 1.193, -2.534
56.94, 1.194, -0.8127
56.95, 1.195, -3.498
56.96, 1.196, -3.196
56.97, 1.197, -1.770
56.98, 1.198, -1.683
56.99, 1.199, -1.938
57.00, 1.200, -1.331
57.01, 1.201, -1.334
57.02, 1.202, -1.246
57.03, 1.203, -0.2109
57.04, 1.204, -0.2622
57.05, 1.205, -0.6257
57.06, 1.206, -0.4273
57.07, 1.207, -0.01404
57.08, 1.208, -1.321
57.09, 1.209, -1.659
57.10, 1.210, -1.751
57.11, 1.211, -0.9871
57.12, 1.212, -0.3419
57.13, 1.213, -0.6825
57.14, 1.214, -0.01023
57.15, 1.215, -0.6274
57.16, 1.216, -1.908
57.17, 1.217, -2.282
57.18, 1.218, -2.367
57.19, 1.219, -2.501
57.20, 1.220, -3.519
57.21, 1.221, -2.621
57.22, 1.222, -0.4960
57.23, 1.223, -0.2370
57.24, 1.224, 0.5792
57.25, 1.225, 0.2237
57.26, 1.226, 1.941
57.27, 1.227, -0.9916
57.28, 1.228, -1.392
57.29, 1.229, -0.4479
57.30, 1.230, -0.9471
57.31, 1.231, -1.686
57.32, 1.232, -0.5323
57.33, 1.233, 0.3026
57.34, 1.234, 0.3095
57.35, 1.235, -0.6503
57.36, 1.236, -0.01193
57.37, 1.237, -2.066
57.38, 1.238, 0.2439
57.39, 1.239, 1.446
57.40, 1.240, -0.8898
57.41, 1.241, 0.4950
57.42, 1.242, 0.2112
57.43, 1.243, 0.1850
57.44, 1.244, -0.8914
57.45, 1.245, -0.9531
57.46, 1.246, -0.5814
57.47, 1.247, -1.083
57.48, 1.248, 0.7292
57.49, 1.249, 0.9411
57.50, 1.250, 0.08587
57.51, 1.251, -0.4723
57.52, 1.252, -1.200
57.53, 1.253, -0.7316
57.54, 1.254, 0.1056
57.55, 1.255, 0.2013
57.56, 1.256, 1.795
57.57, 1.257, -0.8575
57.58, 1.258, 1.185
57.59, 1.259, -0.6147
57.60, 1.260, -0.1656
57.61, 1.261, 0.5469
57.62, 1.262, -1.250
57.63, 1.263, -0.4554
57.64, 1.264, -2.271
57.65, 1.265, -1.376
57.66, 1.266, -1.740
57.67, 1.267, -0.5590
57.68, 1.268, 0.3415
57.69, 1.269, 0.6346
57.70, 1.270, 0.001245
57.71, 1.271, 0.9458
57.72, 1.272, 0.4005
57.73, 1.273, 0.9947
57.74, 1.274, 1.350
57.75, 1.275, 1.188
57.76, 1.276, 1.328
57.77, 1.277, -0.8813
57.78, 1.278, 1.337
57.79, 1.279, -0.7682
57.80, 1.280, 1.311
57.81, 1.281, 0.6378
57.82, 1.282, -0.9595
57.83, 1.283, -0.8576
57.84, 1.284, 0.2680
57.85, 1.285, -1.217
57.86, 1.286, -0.1356
57.87, 1.287, 0.5982
57.88, 1.288, 0.3305
57.89, 1.289, 0.04869
57.90, 1.290, 1.722
57.91, 1.291, 0.2612
57.92, 1.292, 1.871
57.93, 1.293, 2.160
57.94, 1.294, 2.182
57.95, 1.295, 1.557
57.96, 1.296, 1.440
57.97, 1.297, 2.399
57.98, 1.298, 0.6217
57.99, 1.299, 0.8169
58.00, 1.300, 1.463
58.01, 1.301, 1.326
58.02, 1.302, 0.9768
58.03, 1.303, 1.327
58.04, 1.304, -0.2254
58.05, 1.305, 1.083
58.06, 1.306, 0.4942
58.07, 1.307, 0.1150
58.08, 1.308, -0.6534
58.09, 1.309, 0.2844
58.10, 1.310, 0.3029
58.11, 1.311, -0.07892
58.12, 1.312, 2.097
58.13, 1.313, 1.445
58.14, 1.314, 1.021
58.15, 1.315, 1.257
58.16, 1.316, 0.4587
58.17, 1.317, 3.726
58.18, 1.318, 1.721
58.19, 1.319, 2.802
58.20, 1.320, 0.6651
58.21, 1.321, 2.372
58.22, 1.322, 1.582
58.23, 1.323, 2.526
58.24, 1.324, 2.230
58.25, 1.325, 2.059
58.26, 1.326, -0.2697
58.27, 1.327, 1.831
58.28, 1.328, 2.450
58.29, 1.329, 1.559
58.30, 1.330, 1.816
58.31, 1.331, 3.668
58.32, 1.332, 3.529
58.33, 1.333, 3.803
58.34, 1.334, 2.760
58.35, 1.335, 2.326
58.36, 1.336, 3.075
58.37, 1.337, 2.663
58.38, 1.338, 2.944
58.39, 1.339, 2.267
58.40, 1.340, 3.145
58.41, 1.341, 2.962
58.42, 1.342, 1.600
58.43, 1.343, 3.640
58.44, 1.344, 2.761
58.45, 1.345, 2.170
58.46, 1.346, 4.677
58.47, 1.347, 3.705
58.48, 1.348, 3.203
58.49, 1.349, 3.281
58.50, 1.350, 4.538
58.51, 1.351, 2.225
58.52, 1.352, 2.477
58.53, 1.353, 3.672
58.54, 1.354, 3.786
58.55, 1.355, 3.391
58.56, 1.356, 3.176
58.57, 1.357, 2.887
58.58, 1.358, 3.583
58.59, 1.359, 2.903
58.60, 1.360, 3.720
58.61, 1.361, 4.922
58.62, 1.362, 3.305
58.63, 1.363, 3.277
58.64, 1.364, 3.661
58.65, 1.365, 5.557
58.66, 1.366, 2.789
58.67, 1.367, 3.712
58.68, 1.368, 6.812
58.69, 1.369, 5.465
58.70, 1.370, 5.618
58.71, 1.371, 5.779
58.72, 1.372, 5.309
58.73, 1.373, 6.388
58.74, 1.374, 7.822
58.75, 1.375, 4.105
58.76, 1.376, 6.731
58.77, 1.377, 6.478
58.78, 1.378, 5.744
58.79, 1.379, 5.936
58.80, 1.380, 6.237
58.81, 1.381, 5.650
58.82, 1.382, 5.250
58.83, 1.383, 6.318
58.84, 1.384, 5.815
58.85, 1.385, 7.681
58.86, 1.386, 7.945
58.87, 1.387, 7.754
58.88, 1.388, 7.552
58.89, 1.389, 6.061
58.90, 1.390, 6.805
58.91, 1.391, 6.747
58.92, 1.392, 7.550
58.93, 1.393, 8.656
58.94, 1.394, 7.511
58.95, 1.395, 8.451
58.96, 1.396, 9.036
58.97, 1.397, 8.269
58.98, 1.398, 9.057
58.99, 1.399, 8.811
59.00, 1.400, 8.498
59.01, 1.401, 10.62
59.02, 1.402, 10.10
59.03, 1.403, 11.93
59.04, 1.404, 11.39
59.05, 1.405, 9.876
59.06, 1.406, 9.654
59.07, 1.407, 12.27
59.08, 1.408, 14.50
59.09, 1.409, 15.25
59.10, 1.410, 13.93
59.11, 1.411, 14.27
59.12, 1.412, 13.58
59.13, 1.413, 12.81
59.14, 1.414, 16.45
59.15, 1.415, 16.85
59.16, 1.416, 15.38
59.17, 1.417, 17.64
59.18, 1.418, 18.71
59.19, 1.419, 18.49
59.20, 1.420, 22.36
59.21, 1.421, 24.49
59.22, 1.422, 25.53
59.23, 1.423, 29.91
59.24, 1.424, 28.40
59.25, 1.425, 29.23
59.26, 1.426, 30.55
59.27, 1.427, 29.98
59.28, 1.428, 31.30
59.29, 1.429, 30.67
59.30, 1.430, 33.99
59.31, 1.431, 34.21
59.32, 1.432, 36.30
59.33, 1.433, 36.24
59.34, 1.434, 36.66
59.35, 1.435, 35.78
59.36, 1.436, 37.37
59.37, 1.437, 39.12
59.38, 1.438, 39.45
59.39, 1.439, 39.27
59.40, 1.440, 40.02
59.41, 1.441, 42.90
59.42, 1.442, 42.96
59.43, 1.443, 44.33
59.44, 1.444, 45.94
59.45, 1.445, 44.87
59.46, 1.446, 48.32
59.47, 1.447, 48.17
59.48, 1.448, 47.53
59.49, 1.449, 50.61
59.50, 1.450, 52.30
59.51, 1.451, 52.13
59.52, 1.452, 54.24
59.53, 1.453, 56.01
59.54, 1.454, 57.67
59.55, 1.455, 60.35
59.56, 1.456, 60.92
59.57, 1.457, 63.35
59.58, 1.458, 63.55
59.59, 1.459, 66.05
59.60, 1.460, 66.85
59.61, 1.461, 68.91
59.62, 1.462, 71.34
59.63, 1.463, 73.64
59.64, 1.464, 71.55
59.65, 1.465, 74.62
59.66, 1.466, 74.79
59.67, 1.467, 76.44
59.68, 1.468, 78.60
59.69, 1.469, 80.77
59.70, 1.470, 80.59
59.71, 1.471, 80.21
59.72, 1.472, 83.88
59.73, 1.473, 84.72
59.74, 1.474, 86.07
59.75, 1.475, 86.69
59.76, 1.476, 89.39
59.77, 1.477, 90.49
59.78, 1.478, 91.42
59.79, 1.479, 93.15
59.80, 1.480, 94.58
59.81, 1.481, 95.47
59.82, 1.482, 99.13
59.83, 1.483, 100.9
59.84, 1.484, 102.1
59.85, 1.485, 102.3
59.86, 1.486, 103.0
59.87, 1.487, 103.9
59.88, 1.488, 106.0
59.89, 1.489, 106.8
59.90, 1.490, 108.6
59.91, 1.491, 110.3
59.92, 1.492, 112.2
59.93, 1.493, 113.5
59.94, 1.494, 114.4
59.95, 1.495, 115.7
59.96, 1.496, 116.1
59.97, 1.497, 118.8
59.98, 1.498, 120.9
59.99, 1.499, 120.6
60.00, 1.500, 124.2
60.01, 1.501, 122.0
60.02, 1.502, 124.1
60.03, 1.503, 126.0
60.04, 1.504, 125.7
60.05, 1.505, 129.5
60.06, 1.506, 132.1
60.07, 1.507, 132.7
60.08, 1.508, 133.9
60.09, 1.509, 134.8
60.10, 1.510, 137.2
60.11, 1.511, 137.8
60.12, 1.512, 140.0
60.13, 1.513, 141.8
60.14, 1.514, 144.5
60.15, 1.515, 147.6
60.16, 1.516, 148.4
60.17, 1.517, 150.8
60.18, 1.518, 151.5
60.19, 1.519, 154.1
60.20, 1.520, 155.0
60.21, 1.521, 153.8
60.22, 1.522, 157.1
60.23, 1.523, 157.0
60.24, 1.524, 159.2
60.25, 1.525, 160.8
60.26, 1.526, 162.0
60.27, 1.527, 163.8
60.28, 1.528, 165.6
60.29, 1.529, 168.2
60.30, 1.530, 169.2
60.31, 1.531, 171.2
60.32, 1.532, 171.9
60.33, 1.533, 174.1
60.34, 1.534, 177.9
60.35, 1.535, 179.2
60.36, 1.536, 181.1
60.37, 1.537, 183.6
60.38, 1.538, 185.8
60.39, 1.539, 187.8
60.40, 1.540, 187.7
60.41, 1.541, 188.6
60.42, 1.542, 190.8
60.43, 1.543, 195.0
60.44, 1.544, 195.4
60.45, 1.545, 198.2
60.46, 1.546, 198.6
60.47, 1.547, 201.1
60.48, 1.548, 201.9
60.49, 1.549, 201.9
60.50, 1.550, 204.6
60.51, 1.551, 206.5
60.52, 1.552, 209.6
60.53, 1.553, 211.4
60.54, 1.554, 212.7
60.55, 1.555, 215.3
60.56, 1.556, 215.2
60.57, 1.557, 218.2
60.58, 1.558, 220.1
60.59, 1.559, 220.9
60.60, 1.560, 222.9
60.61, 1.561, 224.2
60.62, 1.562, 226.0
60.63, 1.563, 228.0
60.64, 1.564, 229.0
60.65, 1.565, 228.4
60.66, 1.566, 230.0
60.67, 1.567, 232.4
60.68, 1.568, 233.1
60.69, 1.569, 236.3
60.70, 1.570, 237.4
60.71, 1.571, 242.6
60.72, 1.572, 242.6
60.73, 1.573, 246.0
60.74, 1.574, 246.0
60.75, 1.575, 250.9
60.76, 1.576, 251.9
60.77, 1.577, 254.8
60.78, 1.578, 256.8
60.79, 1.579, 259.1
60.80, 1.580, 260.2
60.81, 1.581, 261.0
60.82, 1.582, 263.8
60.83, 1.583, 264.4
60.84, 1.584, 266.2
60.85, 1.585, 268.1
60.86, 1.586, 272.4
60.87, 1.587, 274.5
60.88, 1.588, 274.9
60.89, 1.589, 276.6
60.90, 1.590, 277.8
60.91, 1.591, 281.4
60.92, 1.592, 282.2
60.93, 1.593, 283.2
60.94, 1.594, 284.3
60.95, 1.595, 287.5
60.96, 1.596, 286.2
60.97, 1.597, 291.5
60.98, 1.598, 294.1
60.99, 1.599, 294.1
61.00, 1.600, 297.2
61.01, 1.601, 298.4
61.02, 1.602, 302.8
61.03, 1.603, 304.5
61.04, 1.604, 305.2
61.05, 1.605, 308.3
61.06, 1.606, 310.2
61.07, 1.607, 311.8
61.08, 1.608, 313.3
61.09, 1.609, 315.7
61.10, 1.610, 318.6
61.11, 1.611, 320.2
61.12, 1.612, 320.0
61.13, 1.613, 322.6
61.14, 1.614, 322.7
61.15, 1.615, 325.3
61.16, 1.616, 327.9
61.17, 1.617, 328.8
61.18, 1.618, 330.9
61.19, 1.619, 333.5
61.20, 1.620, 336.8
61.21, 1.621, 339.9
61.22, 1.622, 344.3
61.23, 1.623, 345.2
61.24, 1.624, 345.0
61.25, 1.625, 347.9
61.26, 1.626, 350.4
61.27, 1.627, 350.4
61.28, 1.628, 352.2
61.29, 1.629, 353.8
61.30, 1.630, 357.0
61.31, 1.631, 357.0
61.32, 1.632, 359.6
61.33, 1.633, 362.4
61.34, 1.634, 363.3
61.35, 1.635, 367.1
61.36, 1.636, 366.0
61.37, 1.637, 369.8
61.38, 1.638, 370.4
61.39, 1.639, 376.0
61.40, 1.640, 375.9
61.41, 1.641, 377.0
61.42, 1.642, 380.8
61.43, 1.643, 384.1
61.44, 1.644, 384.6
61.45, 1.645, 387.2
61.46, 1.646, 392.6
61.47, 1.647, 388.9
61.48, 1.648, 392.3
61.49, 1.649, 395.8
61.50, 1.650, 396.7
61.51, 1.651, 399.5
61.52, 1.652, 400.9
61.53, 1.653, 404.3
61.54, 1.654, 404.2
61.55, 1.655, 406.5
61.56, 1.656, 409.6
61.57, 1.657, 411.4
61.58, 1.658, 412.9
61.59, 1.659, 413.9
61.60, 1.660, 416.1
61.61, 1.661, 419.9
61.62, 1.662, 420.0
61.63, 1.663, 421.3
61.64, 1.664, 424.1
61.65, 1.665, 426.9
61.66, 1.666, 429.9
61.67, 1.667, 431.3
61.68, 1.668, 434.7
61.69, 1.669, 439.7
61.70, 1.670, 439.1
61.71, 1.671, 440.4
61.72, 1.672, 442.6
61.73, 1.673, 445.8
61.74, 1.674, 447.4
61.75, 1.675, 451.4
61.76, 1.676, 450.6
61.77, 1.677, 453.1
61.78, 1.678, 455.4
61.79, 1.679, 457.7
61.80, 1.680, 457.5
61.81, 1.681, 459.9
61.82, 1.682, 462.1
61.83, 1.683, 464.3
61.84, 1.684, 466.7
61.85, 1.685, 467.7
61.86, 1.686, 471.9
61.87, 1.687, 474.0
61.88, 1.688, 477.3
61.89, 1.689, 476.1
61.90, 1.690, 478.4
61.91, 1.691, 481.4
61.92, 1.692, 483.6
61.93, 1.693, 485.3
61.94, 1.694, 486.8
61.95, 1.695, 489.7
61.96, 1.696, 492.1
61.97, 1.697, 494.1
61.98, 1.698, 494.5
61.99, 1.699, 496.5
62.00, 1.700, 500.6
62.01, 1.701, 502.7
62.02, 1.702, 503.3
62.03, 1.703, 507.4
62.04, 1.704, 508.8
62.05, 1.705, 510.5
62.06, 1.706, 512.8
62.07, 1.707, 514.4
62.08, 1.708, 516.1
62.09, 1.709, 516.7
62.10, 1.710, 520.1
62.11, 1.711, 522.9
62.12, 1.712, 528.7
62.13, 1.713, 530.9
62.14, 1.714, 531.3
62.15, 1.715, 532.6
62.16, 1.716, 535.1
62.17, 1.717, 535.9
62.18, 1.718, 539.8
62.19, 1.719, 541.7
62.20, 1.720, 543.1
62.21, 1.721, 545.8
62.22, 1.722, 547.7
62.23, 1.723, 550.8
62.24, 1.724, 550.5
62.25, 1.725, 552.9
62.26, 1.726, 555.3
62.27, 1.727, 557.1
62.28, 1.728, 558.3
62.29, 1.729, 558.7
62.30, 1.730, 562.8
62.31, 1.731, 563.9
62.32, 1.732, 569.2
62.33, 1.733, 571.5
62.34, 1.734, 574.1
62.35, 1.735, 575.1
62.36, 1.736, 575.7
62.37, 1.737, 578.0
62.38, 1.738, 579.9
62.39, 1.739, 582.8
62.40, 1.740, 583.9
62.41, 1.741, 587.6
62.42, 1.742, 589.6
62.43, 1.743, 590.5
62.44, 1.744, 592.4
62.45, 1.745, 594.2
62.46, 1.746, 597.8
62.47, 1.747, 597.7
62.48, 1.748, 603.1
62.49, 1.749, 606.5
62.50, 1.750, 610.2
62.51, 1.751, 608.1
62.52, 1.752, 606.8
62.53, 1.753, 609.3
62.54, 1.754, 612.5
62.55, 1.755, 614.8
62.56, 1.756, 616.2
62.57, 1.757, 618.2
62.58, 1.758, 620.4
62.59, 1.759, 624.3
62.60, 1.760, 623.9
62.61, 1.761, 627.6
62.62, 1.762, 627.2
62.63, 1.763, 632.7
62.64, 1.764, 632.9
62.65, 1.765, 633.6
62.66, 1.766, 639.3
62.67, 1.767, 640.4
62.68, 1.768, 642.4
62.69, 1.769, 645.5
62.70, 1.770, 649.1
62.71, 1.771, 650.0
62.72, 1.772, 651.2
62.73, 1.773, 653.0
62.74, 1.774, 654.4
62.75, 1.775, 657.9
62.76, 1.776, 659.6
62.77, 1.777, 662.6
62.78, 1.778, 663.4
62.79, 1.779, 666.5
62.80, 1.780, 666.8
62.81, 1.781, 669.2
62.82, 1.782, 671.1
62.83, 1.783, 671.1
62.84, 1.784, 674.9
62.85, 1.785, 674.6
62.86, 1.786, 676.9
62.87, 1.787, 678.5
62.88, 1.788, 679.8
62.89, 1.789, 685.0
62.90, 1.790, 689.3
62.91, 1.791, 690.9
62.92, 1.792, 691.6
62.93, 1.793, 696.7
62.94, 1.794, 698.1
62.95, 1.795, 698.8
62.96, 1.796, 699.9
62.97, 1.797, 704.6
62.98, 1.798, 705.4
62.99, 1.799, 708.6
63.00, 1.800, 708.8
63.01, 1.801, 712.1
63.02, 1.802, 713.4
63.03, 1.803, 715.7
63.04, 1.804, 717.7
63.05, 1.805, 719.6
63.06, 1.806, 720.0
63.07, 1.807, 723.4
63.08, 1.808, 726.0
63.09, 1.809, 729.4
63.10, 1.810, 729.4
63.11, 1.811, 733.0
63.12, 1.812, 734.7
63.13, 1.813, 737.1
63.14, 1.814, 735.5
63.15, 1.815, 741.9
63.16, 1.816, 744.1
63.17, 1.817, 747.3
63.18, 1.818, 747.6
63.19, 1.819, 750.0
63.20, 1.820, 751.3
63.21, 1.821, 754.0
63.22, 1.822, 754.6
63.23, 1.823, 758.4
63.24, 1.824, 759.1
63.25, 1.825, 762.1
63.26, 1.826, 765.0
63.27, 1.827, 764.5
63.28, 1.828, 766.7
63.29, 1.829, 769.9
63.30, 1.830, 770.5
63.31, 1.831, 773.8
63.32, 1.832, 774.7
63.33, 1.833, 777.9
63.34, 1.834, 780.3
63.35, 1.835, 782.1
63.36, 1.836, 784.8
63.37, 1.837, 787.0
63.38, 1.838, 786.9
63.39, 1.839, 791.4
63.40, 1.840, 792.3
63.41, 1.841, 794.7
63.42, 1.842, 798.1
63.43, 1.843, 801.7
63.44, 1.844, 802.8
63.45, 1.845, 803.2
63.46, 1.846, 805.9
63.47, 1.847, 808.1
63.48, 1.848, 812.5
63.49, 1.849, 813.7
63.50, 1.850, 817.2
63.51, 1.851, 818.7
63.52, 1.852, 820.3
63.53, 1.853, 822.7
63.54, 1.854, 822.6
63.55, 1.855, 826.6
63.56, 1.856, 827.4
63.57, 1.857, 829.9
63.58, 1.858, 831.1
63.59, 1.859, 834.6
63.60, 1.860, 836.7
63.61, 1.861, 836.4
63.62, 1.862, 841.6
63.63, 1.863, 842.1
63.64, 1.864, 845.0
63.65, 1.865, 846.6
63.66, 1.866, 847.6
63.67, 1.867, 848.1
63.68, 1.868, 851.1
63.69, 1.869, 853.8
63.70, 1.870, 854.8
63.71, 1.871, 858.3
63.72, 1.872, 861.3
63.73, 1.873, 861.9
63.74, 1.874, 865.7
63.75, 1.875, 866.5
63.76, 1.876, 869.4
63.77, 1.877, 869.3
63.78, 1.878, 872.7
63.79, 1.879, 875.6
63.80, 1.880, 878.8
63.81, 1.881, 882.3
63.82, 1.882, 885.1
63.83, 1.883, 885.5
63.84, 1.884, 887.6
63.85, 1.885, 891.0
63.86, 1.886, 890.7
63.87, 1.887, 894.0
63.88, 1.888, 895.3
63.89, 1.889, 897.9
63.90, 1.890, 899.4
63.91, 1.891, 900.9
63.92, 1.892, 901.6
63.93, 1.893, 904.1
63.94, 1.894, 906.8
63.95, 1.895, 907.3
63.96, 1.896, 910.3
63.97, 1.897, 912.8
63.98, 1.898, 916.2
63.99, 1.899, 916.1
64.00, 1.900, 918.3
64.01, 1.901, 921.4
64.02, 1.902, 922.4
64.03, 1.903, 926.4
64.04, 1.904, 927.0
64.05, 1.905, 930.5
64.06, 1.906, 933.8
64.07, 1.907, 935.7
64.08, 1.908, 937.8
64.09, 1.909, 938.2
64.10, 1.910, 940.0
64.11, 1.911, 943.0
64.12, 1.912, 942.8
64.13, 1.913, 946.6
64.14, 1.914, 949.3
64.15, 1.915, 951.5
64.16, 1.916, 952.3
64.17, 1.917, 955.0
64.18, 1.918, 955.9
64.19, 1.919, 958.8
64.20, 1.920, 960.3
64.21, 1.921, 962.1
64.22, 1.922, 964.6
64.23, 1.923, 966.2
64.24, 1.924, 965.5
64.25, 1.925, 969.8
64.26, 1.926, 973.7
64.27, 1.927, 974.9
64.28, 1.928, 979.9
64.29, 1.929, 982.0
64.30, 1.930, 985.5
64.31, 1.931, 986.6
64.32, 1.932, 988.6
64.33, 1.933, 988.6
64.34, 1.934, 992.0
64.35, 1.935, 992.6
64.36, 1.936, 996.5
64.37, 1.937, 997.4
64.38, 1.938, 999.8
64.39, 1.939, 997.8
64.40, 1.940, 999.9
64.41, 1.941, 999.7
64.42, 1.942, 1000
64.43, 1.943, 1000
64.44, 1.944, 1000
64.45, 1.945, 1000
64.46, 1.946, 1000
64.47, 1.947, 1000
64.48, 1.948, 1000
64.49, 1.949, 1000
64.50, 1.950, 1000
64.51, 1.951, 1000
64.52, 1.952, 1000
64.53, 1.953, 1000
64.54, 1.954, 1000
64.55, 1.955, 1000
64.56, 1.956, 1000
64.57, 1.957, 1000
64.58, 1.958, 1000
64.59, 1.959, 1000
64.60, 1.960, 1000
64.61, 1.961, 1000
64.62, 1.962, 1000
64.63, 1.963, 1000
64.64, 1.964, 1000
64.65, 1.965, 1000
64.66, 1.966, 1000
64.67, 1.967, 1000
64.68, 1.968, 1000
64.69, 1.969, 1000
64.70, 1.970, 1000
64.71, 1.971, 1000
64.72, 1.972, 1000
64.73, 1.973, 1000
64.74, 1.974, 1000
64.75, 1.975, 1000
64.76, 1.976, 1000
64.77, 1.977, 1000
64.78, 1.978, 1000
64.79, 1.979, 1000
64.80, 1.980, 1000
64.81, 1.981, 1000
64.82, 1.982, 1000
64.83, 1.983, 1000
64.84, 1.984, 1000
64.85, 1.985, 1000
64.86, 1.986, 1000
64.87, 1.987, 1000
64.88, 1.988, 1000
64.89, 1.989, 1000
64.90, 1.990, 1000
64.91, 1.991, 1000
64.92, 1.992, 1000
64.93, 1.993, 1000
64.94, 1.994, 1000
64.95, 1.995, 1000
64.96, 1.996, 1000
64.97, 1.997, 1000
64.98, 1.998, 1000
64.99, 1.999, 1000
65.00, 2.000, 1000
65.01, 1.999, 1000
65.02, 1.998, 1000
65.03, 1.997, 1000
65.04, 1.996, 1000
65.05, 1.995, 1000
65.06, 1.994, 1000
65.07, 1.993, 1000
65.08, 1.992, 1000
65.09, 1.991, 1000
65.10, 1.990, 1000
65.11, 1.989, 1000
65.12, 1.988, 1000
65.13, 1.987, 1000
65.14, 1.986, 1000
65.15, 1.985, 1000
65.16, 1.984, 1000
65.17, 1.983, 1000
65.18, 1.982, 1000
65.19, 1.981, 1000
65.20, 1.980, 1000
65.21, 1.979, 1000
65.22, 1.978, 1000
65.23, 1.977, 1000
65.24, 1.976, 1000
65.25, 1.975, 1000
65.26, 1.974, 1000
65.27, 1.973, 1000
65.28, 1.972, 1000
65.29, 1.971, 1000
65.30, 1.970, 1000
65.31, 1.969, 1000
65.32, 1.968, 1000
65.33, 1.967, 1000
65.34, 1.966, 1000
65.35, 1.965, 1000
65.36, 1.964, 1000
65.37, 1.963, 1000
65.38, 1.962, 1000
65.39, 1.961, 1000
65.40, 1.960, 1000
65.41, 1.959, 1000
65.42, 1.958, 1000
65.43, 1.957, 1000
65.44, 1.956, 1000
65.45, 1.955, 1000
65.46, 1.954, 1000
65.47, 1.953, 1000
65.48, 1.952, 1000
65.49, 1.951, 1000
65.50, 1.950, 1000
65.51, 1.949, 1000
65.52, 1.948, 1000
65.53, 1.947, 1000
65.54, 1.946, 1000
65.55, 1.945, 1000
65.56, 1.944, 1000
65.57, 1.943, 1000
65.58, 1.942, 1000
65.59, 1.941, 1000
65.60, 1.940, 999.6
65.61, 1.939, 998.8
65.62, 1.938, 999.5
65.63, 1.937, 999.3
65.64, 1.936, 998.3
65.65, 1.935, 994.7
65.66, 1.934, 991.2
65.67, 1.933, 990.3
65.68, 1.932, 988.3
65.69, 1.931, 985.8
65.70, 1.930, 983.2
65.71, 1.929, 980.7
65.72, 1.928, 978.3
65.73, 1.927, 976.6
65.74, 1.926, 974.8
65.75, 1.925, 971.5
65.76, 1.924, 970.4
65.77, 1.923, 966.8
65.78, 1.922, 966.4
65.79, 1.921, 962.6
65.80, 1.920, 960.5
65.81, 1.919, 959.1
65.82, 1.918, 956.5
65.83, 1.917, 953.7
65.84, 1.916, 952.4
65.85, 1.915, 949.4
65.86, 1.914, 947.7
65.87, 1.913, 945.8
65.88, 1.912, 943.3
65.89, 1.911, 943.0
65.90, 1.910, 940.4
65.91, 1.909, 938.8
65.92, 1.908, 936.0
65.93, 1.907, 934.7
65.94, 1.906, 933.8
65.95, 1.905, 930.9
65.96, 1.904, 930.1
65.97, 1.903, 925.0
65.98, 1.902, 923.9
65.99, 1.901, 918.1
66.00, 1.900, 915.7
66.01, 1.899, 914.9
66.02, 1.898, 911.9
66.03, 1.897, 912.0
66.04, 1.896, 906.8
66.05, 1.895, 907.0
66.06, 1.894, 905.7
66.07, 1.893, 901.6
66.08, 1.892, 898.2
66.09, 1.891, 897.7
66.10, 1.890, 895.3
66.11, 1.889, 892.8
66.12, 1.888, 891.1
66.13, 1.887, 887.9
66.14, 1.886, 888.0
66.15, 1.885, 883.9
66.16, 1.884, 882.0
66.17, 1.883, 879.4
66.18, 1.882, 878.7
66.19, 1.881, 879.0
66.20, 1.880, 874.4
66.21, 1.879, 874.1
66.22, 1.878, 869.9
66.23, 1.877, 868.9
66.24, 1.876, 865.5
66.25, 1.875, 866.0
66.26, 1.874, 864.8
66.27, 1.873, 862.3
66.28, 1.872, 860.5
66.29, 1.871, 855.3
66.30, 1.870, 854.3
66.31, 1.869, 852.0
66.32, 1.868, 849.7
66.33, 1.867, 847.9
66.34, 1.866, 843.5
66.35, 1.865, 840.2
66.36, 1.864, 838.8
66.37, 1.863, 836.9
66.38, 1.862, 833.6
66.39, 1.861, 831.1
66.40, 1.860, 830.6
66.41, 1.859, 827.7
66.42, 1.858, 826.8
66.43, 1.857, 823.8
66.44, 1.856, 820.6
66.45, 1.855, 819.9
66.46, 1.854, 817.3
66.47, 1.853, 815.7
66.48, 1.852, 812.3
66.49, 1.851, 811.2
66.50, 1.850, 809.5
66.51, 1.849, 806.1
66.52, 1.848, 804.5
66.53, 1.847, 800.9
66.54, 1.846, 797.1
66.55, 1.845, 793.6
66.56, 1.844, 795.7
66.57, 1.843, 792.8
66.58, 1.842, 791.4
66.59, 1.841, 789.0
66.60, 1.840, 786.2
66.61, 1.839, 784.1
66.62, 1.838, 780.9
66.63, 1.837, 777.9
66.64, 1.836, 779.1
66.65, 1.835, 777.8
66.66, 1.834, 777.3
66.67, 1.833, 772.3
66.68, 1.832, 771.4
66.69, 1.831, 766.9
66.70, 1.830, 767.5
66.71, 1.829, 765.5
66.72, 1.828, 762.2
66.73, 1.827, 759.8
66.74, 1.826, 759.4
66.75, 1.825, 756.2
66.76, 1.824, 754.9
66.77, 1.823, 753.1
66.78, 1.822, 749.8
66.79, 1.821, 748.0
66.80, 1.820, 744.4
66.81, 1.819, 744.7
66.82, 1.818, 743.3
66.83, 1.817, 738.5
66.84, 1.816, 735.3
66.85, 1.815, 733.5
66.86, 1.814, 731.7
66.87, 1.813, 730.1
66.88, 1.812, 727.5
66.89, 1.811, 726.8
66.90, 1.810, 726.1
66.91, 1.809, 726.1
66.92, 1.808, 722.1
66.93, 1.807, 719.8
66.94, 1.806, 714.7
66.95, 1.805, 712.1
66.96, 1.804, 713.5
66.97, 1.803, 708.6
66.98, 1.802, 708.1
66.99, 1.801, 708.7
67.00, 1.800, 704.0
67.01, 1.799, 701.4
67.02, 1.798, 699.4
67.03, 1.797, 696.8
67.04, 1.796, 695.2
67.05, 1.795, 695.3
67.06, 1.794, 688.8
67.07, 1.793, 689.2
67.08, 1.792, 686.8
67.09, 1.791, 683.2
67.10, 1.790, 681.0
67.11, 1.789, 678.4
67.12, 1.788, 676.4
67.13, 1.787, 675.7
67.14, 1.786, 672.0
67.15, 1.785, 672.3
67.16, 1.784, 666.7
67.17, 1.783, 664.4
67.18, 1.782, 662.7
67.19, 1.781, 658.6
67.20, 1.780, 658.1
67.21, 1.779, 654.9
67.22, 1.778, 652.9
67.23, 1.777, 652.0
67.24, 1.776, 648.1
67.25, 1.775, 647.2
67.26, 1.774, 643.4
67.27, 1.773, 642.0
67.28, 1.772, 640.9
67.29, 1.771, 635.7
67.30, 1.770, 633.2
67.31, 1.769, 633.6
67.32, 1.768, 631.3
67.33, 1.767, 629.8
67.34, 1.766, 628.0
67.35, 1.765, 625.1
67.36, 1.764, 621.5
67.37, 1.763, 618.9
67.38, 1.762, 618.4
67.39, 1.761, 616.9
67.40, 1.760, 614.9
67.41, 1.759, 611.6
67.42, 1.758, 611.9
67.43, 1.757, 607.5
67.44, 1.756, 606.0
67.45, 1.755, 603.3
67.46, 1.754, 601.2
67.47, 1.753, 600.8
67.48, 1.752, 598.7
67.49, 1.751, 595.6
67.50, 1.750, 598.4
67.51, 1.749, 594.4
67.52, 1.748, 591.7
67.53, 1.747, 590.8
67.54, 1.746, 589.3
67.55, 1.745, 587.0
67.56, 1.744, 584.7
67.57, 1.743, 582.1
67.58, 1.742, 580.0
67.59, 1.741, 577.3
67.60, 1.740, 574.4
67.61, 1.739, 570.6
67.62, 1.738, 571.4
67.63, 1.737, 566.4
67.64, 1.736, 565.3
67.65, 1.735, 564.7
67.66, 1.734, 562.0
67.67, 1.733, 560.0
67.68, 1.732, 556.3
67.69, 1.731, 556.4
67.70, 1.730, 554.0
67.71, 1.729, 551.0
67.72, 1.728, 548.5
67.73, 1.727, 547.9
67.74, 1.726, 543.5
67.75, 1.725, 542.3
67.76, 1.724, 541.8
67.77, 1.723, 537.2
67.78, 1.722, 534.3
67.79, 1.721, 532.2
67.80, 1.720, 530.5
67.81, 1.719, 528.7
67.82, 1.718, 524.9
67.83, 1.717, 523.1
67.84, 1.716, 523.0
67.85, 1.715, 521.4
67.86, 1.714, 518.7
67.87, 1.713, 517.9
67.88, 1.712, 513.7
67.89, 1.711, 512.6
67.90, 1.710, 509.3
67.91, 1.709, 508.2
67.92, 1.708, 505.0
67.93, 1.707, 502.7
67.94, 1.706, 500.1
67.95, 1.705, 495.6
67.96, 1.704, 493.9
67.97, 1.703, 492.9
67.98, 1.702, 491.2
67.99, 1.701, 488.9
68.00, 1.700, 484.2
68.01, 1.699, 485.1
68.02, 1.698, 481.4
68.03, 1.697, 477.7
68.04, 1.696, 476.9
68.05, 1.695, 473.6
68.06, 1.694, 472.8
68.07, 1.693, 469.8
68.08, 1.692, 466.3
68.09, 1.691, 463.7
68.10, 1.690, 462.2
68.11, 1.689, 459.8
68.12, 1.688, 456.8
68.13, 1.687, 456.3
68.14, 1.686, 454.6
68.15, 1.685, 450.6
68.16, 1.684, 451.0
68.17, 1.683, 449.5
68.18, 1.682, 445.0
68.19, 1.681, 441.9
68.20, 1.680, 440.4
68.21, 1.679, 438.2
68.22, 1.678, 436.9
68.23, 1.677, 434.0
68.24, 1.676, 431.7
68.25, 1.675, 430.3
68.26, 1.674, 427.2
68.27, 1.673, 423.6
68.28, 1.672, 425.5
68.29, 1.671, 421.5
68.30, 1.670, 420.3
68.31, 1.669, 418.1
68.32, 1.668, 415.3
68.33, 1.667, 412.5
68.34, 1.666, 410.1
68.35, 1.665, 409.2
68.36, 1.664, 405.1
68.37, 1.663, 405.7
68.38, 1.662, 401.4
68.39, 1.661, 399.2
68.40, 1.660, 397.9
68.41, 1.659, 395.8
68.42, 1.658, 392.7
68.43, 1.657, 391.0
68.44, 1.656, 389.4
68.45, 1.655, 387.8
68.46, 1.654, 384.9
68.47, 1.653, 384.8
68.48, 1.652, 381.3
68.49, 1.651, 377.5
68.50, 1.650, 375.9
68.51, 1.649, 375.6
68.52, 1.648, 371.9
68.53, 1.647, 370.1
68.54, 1.646, 367.5
68.55, 1.645, 364.8
68.56, 1.644, 362.8
68.57, 1.643, 362.0
68.58, 1.642, 358.4
68.59, 1.641, 355.0
68.60, 1.640, 356.3
68.61, 1.639, 353.4
68.62, 1.638, 351.4
68.63, 1.637, 350.2
68.64, 1.636, 348.7
68.65, 1.635, 344.3
68.66, 1.634, 342.7
68.67, 1.633, 340.5
68.68, 1.632, 338.9
68.69, 1.631, 335.8
68.70, 1.630, 335.0
68.71, 1.629, 331.9
68.72, 1.628, 328.0
68.73, 1.627, 325.4
68.74, 1.626, 323.8
68.75, 1.625, 323.7
68.76, 1.624, 321.6
68.77, 1.623, 319.6
68.78, 1.622, 318.2
68.79, 1.621, 316.1
68.80, 1.620, 314.2
68.81, 1.619, 310.7
68.82, 1.618, 308.3
68.83, 1.617, 304.4
68.84, 1.616, 302.2
68.85, 1.615, 301.3
68.86, 1.614, 299.3
68.87, 1.613, 296.3
68.88, 1.612, 292.8
68.89, 1.611, 289.8
68.90, 1.610, 289.5
68.91, 1.609, 287.0
68.92, 1.608, 286.5
68.93, 1.607, 284.2
68.94, 1.606, 281.1
68.95, 1.605, 278.4
68.96, 1.604, 277.0
68.97, 1.603, 273.8
68.98, 1.602, 271.6
68.99, 1.601, 271.4
69.00, 1.600, 269.5
69.01, 1.599, 266.8
69.02, 1.598, 264.1
69.03, 1.597, 261.5
69.04, 1.596, 260.3
69.05, 1.595, 258.5
69.06, 1.594, 258.8
69.07, 1.593, 253.7
69.08, 1.592, 253.2
69.09, 1.591, 251.0
69.10, 1.590, 249.6
69.11, 1.589, 247.0
69.12, 1.588, 243.4
69.13, 1.587, 242.4
69.14, 1.586, 240.6
69.15, 1.585, 236.6
69.16, 1.584, 236.5
69.17, 1.583, 234.4
69.18, 1.582, 232.1
69.19, 1.581, 232.3
69.20, 1.580, 229.3
69.21, 1.579, 226.9
69.22, 1.578, 224.9
69.23, 1.577, 222.8
69.24, 1.576, 219.2
69.25, 1.575, 216.9
69.26, 1.574, 214.6
69.27, 1.573, 212.4
69.28, 1.572, 207.6
69.29, 1.571, 205.4
69.30, 1.570, 204.6
69.31, 1.569, 201.9
69.32, 1.568, 201.9
69.33, 1.567, 199.4
69.34, 1.566, 197.2
69.35, 1.565, 196.6
69.36, 1.564, 192.4
69.37, 1.563, 194.5
69.38, 1.562, 190.1
69.39, 1.561, 188.8
69.40, 1.560, 188.6
69.41, 1.559, 184.8
69.42, 1.558, 184.1
69.43, 1.557, 182.3
69.44, 1.556, 180.1
69.45, 1.555, 178.3
69.46, 1.554, 176.2
69.47, 1.553, 174.1
69.48, 1.552, 171.9
69.49, 1.551, 171.4
69.50, 1.550, 170.6
69.51, 1.549, 166.9
69.52, 1.548, 166.7
69.53, 1.547, 165.4
69.54, 1.546, 161.8
69.55, 1.545, 160.4
69.56, 1.544, 159.2
69.57, 1.543, 157.4
69.58, 1.542, 154.7
69.59, 1.541, 153.8
69.60, 1.540, 151.5
69.61, 1.539, 150.0
69.62, 1.538, 149.1
69.63, 1.537, 145.9
69.64, 1.536, 143.7
69.65, 1.535, 143.3
69.66, 1.534, 141.0
69.67, 1.533, 138.6
69.68, 1.532, 137.2
69.69, 1.531, 135.0
69.70, 1.530, 133.6
69.71, 1.529, 130.8
69.72, 1.528, 130.2
69.73, 1.527, 127.9
69.74, 1.526, 126.6
69.75, 1.525, 124.0
69.76, 1.524, 121.1
69.77, 1.523, 120.7
69.78, 1.522, 119.6
69.79, 1.521, 117.7
69.80, 1.520, 116.5
69.81, 1.519, 114.6
69.82, 1.518, 112.0
69.83, 1.517, 109.8
69.84, 1.516, 110.0
69.85, 1.515, 108.3
69.86, 1.514, 106.8
69.87, 1.513, 105.1
69.88, 1.512, 105.0
69.89, 1.511, 103.6
69.90, 1.510, 100.9
69.91, 1.509, 99.60
69.92, 1.508, 96.86
69.93, 1.507, 95.94
69.94, 1.506, 94.22
69.95, 1.505, 92.84
69.96, 1.504, 90.26
69.97, 1.503, 90.25
69.98, 1.502, 88.31
69.99, 1.501, 88.57
70.00, 1.500, 89.31
70.01, 1.499, 87.40
70.02, 1.498, 85.55
70.03, 1.497, 83.98
70.04, 1.496, 82.42
70.05, 1.495, 81.07
70.06, 1.494, 81.75
70.07, 1.493, 79.91
70.08, 1.492, 78.08
70.09, 1.491, 75.87
70.10, 1.490, 73.67
70.11, 1.489, 72.28
70.12, 1.488, 71.56
70.13, 1.487, 71.79
70.14, 1.486, 67.97
70.15, 1.485, 67.77
70.16, 1.484, 69.01
70.17, 1.483, 65.10
70.18, 1.482, 63.53
70.19, 1.481, 62.82
70.20, 1.480, 62.40
70.21, 1.479, 60.43
70.22, 1.478, 59.61
70.23, 1.477, 57.14
70.24, 1.476, 55.83
70.25, 1.475, 56.44
70.26, 1.474, 54.97
70.27, 1.473, 53.52
70.28, 1.472, 52.22
70.29, 1.471, 51.47
70.30, 1.470, 51.06
70.31, 1.469, 49.52
70.32, 1.468, 48.23
70.33, 1.467, 46.93
70.34, 1.466, 47.26
70.35, 1.465, 46.47
70.36, 1.464, 44.45
70.37, 1.463, 43.37
70.38, 1.462, 42.29
70.39, 1.461, 40.34
70.40, 1.460, 39.88
70.41, 1.459, 39.29
70.42, 1.458, 38.06
70.43, 1.457, 38.15
70.44, 1.456, 37.78
70.45, 1.455, 36.54
70.46, 1.454, 36.86
70.47, 1.453, 35.35
70.48, 1.452, 35.22
70.49, 1.451, 33.35
70.50, 1.450, 33.19
70.51, 1.449, 31.44
70.52, 1.448, 30.89
70.53, 1.447, 30.26
70.54, 1.446, 30.40
70.55, 1.445, 27.86
70.56, 1.444, 28.37
70.57, 1.443, 26.82
70.58, 1.442, 26.98
70.59, 1.441, 26.78
70.60, 1.440, 25.61
70.61, 1.439, 24.77
70.62, 1.438, 25.01
70.63, 1.437, 25.36
70.64, 1.436, 23.45
70.65, 1.435, 24.36
70.66, 1.434, 22.95
70.67, 1.433, 21.80
70.68, 1.432, 22.66
70.69, 1.431, 20.71
70.70, 1.430, 19.89
70.71, 1.429, 19.52
70.72, 1.428, 20.21
70.73, 1.427, 17.88
70.74, 1.426, 17.41
70.75, 1.425, 19.98
70.76, 1.424, 18.07
70.77, 1.423, 15.39
70.78, 1.422, 15.89
70.79, 1.421, 17.19
70.80, 1.420, 16.23
70.81, 1.419, 16.52
70.82, 1.418, 14.93
70.83, 1.417, 14.92
70.84, 1.416, 14.01
70.85, 1.415, 13.87
70.86, 1.414, 13.86
70.87, 1.413, 13.55
70.88, 1.412, 12.50
70.89, 1.411, 12.41
70.90, 1.410, 11.50
70.91, 1.409, 12.24
70.92, 1.408, 10.39
70.93, 1.407, 9.764
70.94, 1.406, 10.84
70.95, 1.405, 10.77
70.96, 1.404, 11.08
70.97, 1.403, 9.641
70.98, 1.402, 10.06
70.99, 1.401, 8.248
71.00, 1.400, 8.991
71.01, 1.399, 9.159
71.02, 1.398, 8.280
71.03, 1.397, 6.480
71.04, 1.396, 8.027
71.05, 1.395, 7.167
71.06, 1.394, 6.698
71.07, 1.393, 5.945
71.08, 1.392, 5.387
71.09, 1.391, 6.547
71.10, 1.390, 4.412
71.11, 1.389, 7.200
71.12, 1.388, 5.731
71.13, 1.387, 5.719
71.14, 1.386, 6.288
71.15, 1.385, 4.613
71.16, 1.384, 5.339
71.17, 1.383, 4.487
71.18, 1.382, 3.910
71.19, 1.381, 3.416
71.20, 1.380, 3.437
71.21, 1.379, 3.661
71.22, 1.378, 4.784
71.23, 1.377, 5.169
71.24, 1.376, 3.787
71.25, 1.375, 3.550
71.26, 1.374, 2.884
71.27, 1.373, 2.612
71.28, 1.372, 1.878
71.29, 1.371, 2.368
71.30, 1.370, 2.836
71.31, 1.369, 2.422
71.32, 1.368, 2.868
71.33, 1.367, 0.5352
71.34, 1.366, 1.553
71.35, 1.365, 0.4038
71.36, 1.364, 1.052
71.37, 1.363, 0.4174
71.38, 1.362, -2.281
71.39, 1.361, -0.4071
71.40, 1.360, -2.254
71.41, 1.359, -0.1446
71.42, 1.358, -1.266
71.43, 1.357, -1.452
71.44, 1.356, -2.698
71.45, 1.355, -3.976
71.46, 1.354, -1.600
71.47, 1.353, -3.777
71.48, 1.352, -2.500
71.49, 1.351, -1.745
71.50, 1.350, -2.515
71.51, 1.349, -2.975
71.52, 1.348, -2.678
71.53, 1.347, -1.787
71.54, 1.346, -2.688
71.55, 1.345, -1.637
71.56, 1.344, -2.781
71.57, 1.343, -1.968
71.58, 1.342, -1.211
71.59, 1.341, -2.386
71.60, 1.340, -3.959
71.61, 1.339, -3.732
71.62, 1.338, -2.289
71.63, 1.337, -1.743
71.64, 1.336, -2.765
71.65, 1.335, -2.325
71.66, 1.334, -1.985
71.67, 1.333, -3.641
71.68, 1.332, -1.535
71.69, 1.331, -1.852
71.70, 1.330, -3.694
71.71, 1.329, -3.723
71.72, 1.328, -2.502
71.73, 1.327, -2.554
71.74, 1.326, -2.479
71.75, 1.325, -4.224
71.76, 1.324, -3.105
71.77, 1.323, -3.388
71.78, 1.322, -3.229
71.79, 1.321, -3.623
71.80, 1.320, -4.804
71.81, 1.319, -3.476
71.82, 1.318, -4.378
71.83, 1.317, -4.264
71.84, 1.316, -4.674
71.85, 1.315, -6.200
71.86, 1.314, -4.997
71.87, 1.313, -4.232
71.88, 1.312, -5.581
71.89, 1.311, -5.341
71.90, 1.310, -6.239
71.91, 1.309, -5.497
71.92, 1.308, -5.985
71.93, 1.307, -5.030
71.94, 1.306, -5.211
71.95, 1.305, -5.607
71.96, 1.304, -4.316
71.97, 1.303, -7.206
71.98, 1.302, -6.635
71.99, 1.301, -7.825
72.00, 1.300, -9.130
72.01, 1.299, -8.152
72.02, 1.298, -8.068
72.03, 1.297, -8.223
72.04, 1.296, -9.898
72.05, 1.295, -8.734
72.06, 1.294, -8.917
72.07, 1.293, -10.57
72.08, 1.292, -10.03
72.09, 1.291, -11.50
72.10, 1.290, -11.97
72.11, 1.289, -10.60
72.12, 1.288, -10.27
72.13, 1.287, -10.23
72.14, 1.286, -10.92
72.15, 1.285, -10.55
72.16, 1.284, -9.983
72.17, 1.283, -9.488
72.18, 1.282, -8.919
72.19, 1.281, -7.845
72.20, 1.280, -7.962
72.21, 1.279, -7.120
72.22, 1.278, -8.723
72.23, 1.277, -7.503
72.24, 1.276, -7.096
72.25, 1.275, -6.847
72.26, 1.274, -6.482
72.27, 1.273, -6.712
72.28, 1.272, -4.933
72.29, 1.271, -6.468
72.30, 1.270, -5.573
72.31, 1.269, -4.513
72.32, 1.268, -4.412
72.33, 1.267, -5.798
72.34, 1.266, -4.083
72.35, 1.265, -3.630
72.36, 1.264, -5.467
72.37, 1.263, -4.720
72.38, 1.262, -4.937
72.39, 1.261, -5.769
72.40, 1.260, -4.734
72.41, 1.259, -5.244
72.42, 1.258, -6.676
72.43, 1.257, -5.231
72.44, 1.256, -4.507
72.45, 1.255, -4.625
72.46, 1.254, -6.097
72.47, 1.253, -5.247
72.48, 1.252, -5.187
72.49, 1.251, -5.018
72.50, 1.250, -6.260
72.51, 1.249, -3.551
72.52, 1.248, -4.752
72.53, 1.247, -6.110
72.54, 1.246, -5.017
72.55, 1.245, -5.025
72.56, 1.244, -5.993
72.57, 1.243, -3.955
72.58, 1.242, -5.993
72.59, 1.241, -5.140
72.60, 1.240, -6.305
72.61, 1.239, -6.224
72.62, 1.238, -6.404
72.63, 1.237, -6.302
72.64, 1.236, -7.584
72.65, 1.235, -6.037
72.66, 1.234, -5.498
72.67, 1.233, -5.693
72.68, 1.232, -5.091
72.69, 1.231, -6.057
72.70, 1.230, -6.404
72.71, 1.229, -4.562
72.72, 1.228, -4.962
72.73, 1.227, -4.902
72.74, 1.226, -5.557
72.75, 1.225, -6.279
72.76, 1.224, -4.802
72.77, 1.223, -5.542
72.78, 1.222, -4.989
72.79, 1.221, -3.783
72.80, 1.220, -4.662
72.81, 1.219, -5.483
72.82, 1.218, -4.194
72.83, 1.217, -3.787
72.84, 1.216, -5.476
72.85, 1.215, -3.745
72.86, 1.214, -4.341
72.87, 1.213, -3.665
72.88, 1.212, -4.248
72.89, 1.211, -4.845
72.90, 1.210, -4.259
72.91, 1.209, -3.678
72.92, 1.208, -4.503
72.93, 1.207, -3.903
72.94, 1.206, -5.120
72.95, 1.205, -4.640
72.96, 1.204, -3.270
72.97, 1.203, -4.594
72.98, 1.202, -3.174
72.99, 1.201, -4.016
73.00, 1.200, -3.051
73.01, 1.199, -2.604
73.02, 1.198, -4.065
73.03, 1.197, -5.185
73.04, 1.196, -3.681
73.05, 1.195, -4.477
73.06, 1.194, -4.542
73.07, 1.193, -4.113
73.08, 1.192, -5.588
73.09, 1.191, -3.373
73.10, 1.190, -4.290
73.11, 1.189, -5.804
73.12, 1.188, -4.069
73.13, 1.187, -4.237
73.14, 1.186, -5.112
73.15, 1.185, -4.275
73.16, 1.184, -5.373
73.17, 1.183, -4.056
73.18, 1.182, -5.941
73.19, 1.181, -4.639
73.20, 1.180, -4.834
73.21, 1.179, -3.463
73.22, 1.178, -5.168
73.23, 1.177, -5.204
73.24, 1.176, -3.739
73.25, 1.175, -5.355
73.26, 1.174, -5.124
73.27, 1.173, -4.645
73.28, 1.172, -3.852
73.29, 1.171, -4.941
73.30, 1.170, -5.532
73.31, 1.169, -5.789
73.32, 1.168, -5.333
73.33, 1.167, -4.829
73.34, 1.166, -5.567
73.35, 1.165, -5.504
73.36, 1.164, -5.888
73.37, 1.163, -3.682
73.38, 1.162, -5.877
73.39, 1.161, -4.277
73.40, 1.160, -4.551
73.41, 1.159, -4.051
73.42, 1.158, -4.921
73.43, 1.157, -3.776
73.44, 1.156, -3.839
73.45, 1.155, -3.953
73.46, 1.154, -4.151
73.47, 1.153, -4.369
73.48, 1.152, -5.503
73.49, 1.151, -3.645
73.50, 1.150, -4.801
73.51, 1.149, -3.561
73.52, 1.148, -3.265
73.53, 1.147, -4.800
73.54, 1.146, -3.963
73.55, 1.145, -3.627
73.56, 1.144, -3.331
73.57, 1.143, -2.821
73.58, 1.142, -4.249
73.59, 1.141, -2.878
73.60, 1.140, -3.887
73.61, 1.139, -4.325
73.62, 1.138, -4.170
73.63, 1.137, -2.678
73.64, 1.136, -3.201
73.65, 1.135, -3.578
73.66, 1.134, -3.979
73.67, 1.133, -3.843
73.68, 1.132, -4.634
73.69, 1.131, -2.696
73.70, 1.130, -4.569
73.71, 1.129, -4.077
73.72, 1.128, -3.089
73.73, 1.127, -3.260
73.74, 1.126, -3.107
73.75, 1.125, -3.866
73.76, 1.124, -3.316
73.77, 1.123, -5.431
73.78, 1.122, -4.061
73.79, 1.121, -4.170
73.80, 1.120, -5.538
73.81, 1.119, -4.740
73.82, 1.118, -4.556
73.83, 1.117, -3.404
73.84, 1.116, -4.987
73.85, 1.115, -4.998
73.86, 1.114, -4.796
73.87, 1.113, -2.973
73.88, 1.112, -4.901
73.89, 1.111, -5.779
73.90, 1.110, -3.839
73.91, 1.109, -4.973
73.92, 1.108, -5.387
73.93, 1.107, -4.123
73.94, 1.106, -3.396
73.95, 1.105, -3.582
73.96, 1.104, -3.105
73.97, 1.103, -2.897
73.98, 1.102, -4.133
73.99, 1.101, -3.449
74.00, 1.100, -2.986
74.01, 1.099, -4.101
74.02, 1.098, -4.018
74.03, 1.097, -3.732
74.04, 1.096, -3.823
74.05, 1.095, -1.712
74.06, 1.094, -3.675
74.07, 1.093, -4.770
74.08, 1.092, -4.026
74.09, 1.091, -3.790
74.10, 1.090, -5.164
74.11, 1.089, -4.068
74.12, 1.088, -4.523
74.13, 1.087, -4.823
74.14, 1.086, -4.505
74.15, 1.085, -4.569
74.16, 1.084, -5.513
74.17, 1.083, -6.219
74.18, 1.082, -5.023
74.19, 1.081, -5.068
74.20, 1.080, -3.810
74.21, 1.079, -5.292
74.22, 1.078, -3.833
74.23, 1.077, -4.012
74.24, 1.076, -5.144
74.25, 1.075, -3.854
74.26, 1.074, -3.759
74.27, 1.073, -3.342
74.28, 1.072, -4.831
74.29, 1.071, -3.950
74.30, 1.070, -3.224
74.31, 1.069, -4.936
74.32, 1.068, -4.524
74.33, 1.067, -4.368
74.34, 1.066, -4.925
74.35, 1.065, -4.905
74.36, 1.064, -3.941
74.37, 1.063, -5.319
74.38, 1.062, -5.014
74.39, 1.061, -2.900
74.40, 1.060, -3.637
74.41, 1.059, -3.146
74.42, 1.058, -3.920
74.43, 1.057, -2.856
74.44, 1.056, -3.165
74.45, 1.055, -3.380
74.46, 1.054, -3.837
74.47, 1.053, -2.454
74.48, 1.052, -4.628
74.49, 1.051, -3.824
74.50, 1.050, -4.654
74.51, 1.049, -3.843
74.52, 1.048, -3.543
74.53, 1.047, -4.806
74.54, 1.046, -4.327
74.55, 1.045, -4.133
74.56, 1.044, -3.805
74.57, 1.043, -4.263
74.58, 1.042, -3.733
74.59, 1.041, -4.332
74.60, 1.040, -4.007
74.61, 1.039, -3.481
74.62, 1.038, -3.927
74.63, 1.037, -5.157
74.64, 1.036, -4.072
74.65, 1.035, -4.435
74.66, 1.034, -4.114
74.67, 1.033, -4.870
74.68, 1.032, -5.485
74.69, 1.031, -4.854
74.70, 1.030, -3.170
74.71, 1.029, -5.248
74.72, 1.028, -4.812
74.73, 1.027, -5.017
74.74, 1.026, -4.196
74.75, 1.025, -4.454
74.76, 1.024, -3.922
74.77, 1.023, -3.962
74.78, 1.022, -4.180
74.79, 1.021, -5.101
74.80, 1.020, -3.441
74.81, 1.019, -4.982
74.82, 1.018, -4.451
74.83, 1.017, -4.729
74.84, 1.016, -3.323
74.85, 1.015, -3.943
74.86, 1.014, -4.230
74.87, 1.013, -4.365
74.88, 1.012, -3.371
74.89, 1.011, -4.056
74.90, 1.010, -3.478
74.91, 1.009, -5.047
74.92, 1.008, -3.399
74.93, 1.007, -3.550
74.94, 1.006, -2.521
74.95, 1.005, -4.408
74.96, 1.004, -3.204
74.97, 1.003, -4.263
74.98, 1.002, -5.026
74.99, 1.001, -4.094
75.00, 1.000, -2.390
75.01, 0.9990, -4.580
75.02, 0.9980, -3.282
75.03, 0.9970, -4.109
75.04, 0.9960, -4.156
75.05, 0.9950, -4.984
75.06, 0.9940, -4.014
75.07, 0.9930, -3.464
75.08, 0.9920, -3.744
75.09, 0.9910, -5.067
75.10, 0.9900, -2.214
75.11, 0.9890, -4.165
75.12, 0.9880, -3.360
75.13, 0.9870, -3.783
75.14, 0.9860, -4.490
75.15, 0.9850, -3.618
75.16, 0.9840, -3.568
75.17, 0.9830, -3.895
75.18, 0.9820, -4.224
75.19, 0.9810, -4.245
75.20, 0.9800, -3.537
75.21, 0.9790, -4.999
75.22, 0.9780, -4.225
75.23, 0.9770, -5.122
75.24, 0.9760, -4.147
75.25, 0.9750, -4.893
75.26, 0.9740, -5.023
75.27, 0.9730, -6.647
75.28, 0.9720, -4.124
75.29, 0.9710, -4.011
75.30, 0.9700, -4.484
75.31, 0.9690, -4.254
75.32, 0.9680, -5.350
75.33, 0.9670, -3.420
75.34, 0.9660, -5.192
75.35, 0.9650, -2.439
75.36, 0.9640, -2.647
75.37, 0.9630, -3.518
75.38, 0.9620, -4.272
75.39, 0.9610, -4.046
75.40, 0.9600, -4.685
75.41, 0.9590, -4.377
75.42, 0.9580, -4.405
75.43, 0.9570, -4.473
75.44, 0.9560, -2.514
75.45, 0.9550, -3.954
75.46, 0.9540, -3.601
75.47, 0.9530, -5.811
75.48, 0.9520, -4.851
75.49, 0.9510, -4.267
75.50, 0.9500, -4.167
75.51, 0.9490, -3.274
75.52, 0.9480, -4.956
75.53, 0.9470, -4.282
75.54, 0.9460, -4.980
75.55, 0.9450, -3.237
75.56, 0.9440, -5.892
75.57, 0.9430, -3.711
75.58, 0.9420, -4.349
75.59, 0.9410, -4.661
75.60, 0.9400, -4.035
75.61, 0.9390, -5.326
75.62, 0.9380, -3.870
75.63, 0.9370, -3.096
75.64, 0.9360, -3.430
75.65, 0.9350, -2.410
75.66, 0.9340, -3.628
75.67, 0.9330, -3.386
75.68, 0.9320, -4.557
75.69, 0.9310, -3.656
75.70, 0.9300, -3.613
75.71, 0.9290, -5.884
75.72, 0.9280, -5.924
75.73, 0.9270, -3.305
75.74, 0.9260, -2.499
75.75, 0.9250, -3.891
75.76, 0.9240, -5.179
75.77, 0.9230, -3.827
75.78, 0.9220, -2.877
75.79, 0.9210, -3.421
75.80, 0.9200, -3.042
75.81, 0.9190, -3.384
75.82, 0.9180, -3.771
75.83, 0.9170, -3.921
75.84, 0.9160, -3.017
75.85, 0.9150, -2.079
75.86, 0.9140, -4.209
75.87, 0.9130, -3.573
75.88, 0.9120, -4.670
75.89, 0.9110, -3.768
75.90, 0.9100, -6.613
75.91, 0.9090, -6.373
75.92, 0.9080, -5.505
75.93, 0.9070, -4.366
75.94, 0.9060, -5.393
75.95, 0.9050, -4.511
75.96, 0.9040, -5.554
75.97, 0.9030, -3.840
75.98, 0.9020, -2.901
75.99, 0.9010, -4.768
76.00, 0.9000, -5.180
76.01, 0.8990, -5.216
76.02, 0.8980, -3.554
76.03, 0.8970, -3.909
76.04, 0.8960, -3.425
76.05, 0.8950, -3.285
76.06, 0.8940, -3.789
76.07, 0.8930, -3.584
76.08, 0.8920, -4.101
76.09, 0.8910, -4.549
76.10, 0.8900, -3.534
76.11, 0.8890, -4.644
76.12, 0.8880, -3.336
76.13, 0.8870, -4.728
76.14, 0.8860, -4.594
76.15, 0.8850, -3.307
76.16, 0.8840, -4.766
76.17, 0.8830, -3.643
76.18, 0.8820, -4.350
76.19, 0.8810, -4.722
76.20, 0.8800, -4.163
76.21, 0.8790, -5.033
76.22, 0.8780, -3.053
76.23, 0.8770, -2.644
76.24, 0.8760, -4.660
76.25, 0.8750, -3.967
76.26, 0.8740, -3.416
76.27, 0.8730, -4.665
76.28, 0.8720, -5.856
76.29, 0.8710, -3.183
76.30, 0.8700, -3.128
76.31, 0.8690, -4.238
76.32, 0.8680, -2.733
76.33, 0.8670, -3.455
76.34, 0.8660, -4.771
76.35, 0.8650, -3.742
76.36, 0.8640, -2.624
76.37, 0.8630, -3.052
76.38, 0.8620, -3.022
76.39, 0.8610, -2.837
76.40, 0.8600, -4.429
76.41, 0.8590, -4.085
76.42, 0.8580, -4.585
76.43, 0.8570, -4.375
76.44, 0.8560, -4.513
76.45, 0.8550, -4.648
76.46, 0.8540, -4.673
76.47, 0.8530, -5.552
76.48, 0.8520, -4.853
76.49, 0.8510, -4.946
76.50, 0.8500, -5.836
76.51, 0.8490, -4.536
76.52, 0.8480, -3.746
76.53, 0.8470, -3.362
76.54, 0.8460, -4.964
76.55, 0.8450, -3.858
76.56, 0.8440, -2.222
76.57, 0.8430, -3.525
76.58, 0.8420, -3.746
76.59, 0.8410, -4.782
76.60, 0.8400, -5.131
76.61, 0.8390, -4.333
76.62, 0.8380, -5.331
76.63, 0.8370, -4.280
76.64, 0.8360, -2.805
76.65, 0.8350, -4.770
76.66, 0.8340, -2.583
76.67, 0.8330, -2.993
76.68, 0.8320, -2.091
76.69, 0.8310, -4.253
76.70, 0.8300, -3.800
76.71, 0.8290, -3.766
76.72, 0.8280, -2.733
76.73, 0.8270, -4.178
76.74, 0.8260, -5.254
76.75, 0.8250, -5.934
76.76, 0.8240, -5.947
76.77, 0.8230, -5.270
76.78, 0.8220, -4.616
76.79, 0.8210, -4.353
76.80, 0.8200, -6.046
76.81, 0.8190, -4.380
76.82, 0.8180, -3.999
76.83, 0.8170, -6.017
76.84, 0.8160, -4.658
76.85, 0.8150, -3.719
76.86, 0.8140, -4.238
76.87, 0.8130, -4.423
76.88, 0.8120, -5.300
76.89, 0.8110, -3.684
76.90, 0.8100, -3.610
76.91, 0.8090, -3.720
76.92, 0.8080, -5.200
76.93, 0.8070, -4.568
76.94, 0.8060, -3.964
76.95, 0.8050, -4.594
76.96, 0.8040, -2.882
76.97, 0.8030, -5.057
76.98, 0.8020, -4.856
76.99, 0.8010, -4.526
77.00, 0.8000, -4.951
77.01, 0.7990, -4.770
77.02, 0.7980, -4.510
77.03, 0.7970, -3.989
77.04, 0.7960, -3.828
77.05, 0.7950, -3.890
77.06, 0.7940, -5.032
77.07, 0.7930, -4.121
77.08, 0.7920, -3.546
77.09, 0.7910, -3.731
77.10, 0.7900, -3.871
77.11, 0.7890, -3.899
77.12, 0.7880, -4.461
77.13, 0.7870, -3.887
77.14, 0.7860, -3.301
77.15, 0.7850, -4.184
77.16, 0.7840, -2.850
77.17, 0.7830, -3.054
77.18, 0.7820, -4.507
77.19, 0.7810, -3.805
77.20, 0.7800, -4.007
77.21, 0.7790, -4.634
77.22, 0.7780, -5.002
77.23, 0.7770, -5.269
77.24, 0.7760, -5.830
77.25, 0.7750, -5.507
77.26, 0.7740, -5.831
77.27, 0.7730, -4.151
77.28, 0.7720, -5.261
77.29, 0.7710, -5.353
77.30, 0.7700, -5.568
77.31, 0.7690, -4.733
77.32, 0.7680, -6.395
77.33, 0.7670, -5.614
77.34, 0.7660, -4.362
77.35, 0.7650, -6.409
77.36, 0.7640, -5.683
77.37, 0.7630, -4.457
77.38, 0.7620, -5.522
77.39, 0.7610, -5.441
77.40, 0.7600, -4.851
77.41, 0.7590, -5.064
77.42, 0.7580, -5.846
77.43, 0.7570, -5.274
77.44, 0.7560, -5.659
77.45, 0.7550, -5.837
77.46, 0.7540, -6.011
77.47, 0.7530, -4.054
77.48, 0.7520, -5.231
77.49, 0.7510, -5.376
77.50, 0.7500, -5.370
77.51, 0.7490, -5.239
77.52, 0.7480, -4.035
77.53, 0.7470, -5.537
77.54, 0.7460, -5.121
77.55, 0.7450, -4.743
77.56, 0.7440, -4.496
77.57, 0.7430, -5.716
77.58, 0.7420, -5.569
77.59, 0.7410, -3.616
77.60, 0.7400, -5.151
77.61, 0.7390, -3.326
77.62, 0.7380, -4.933
77.63, 0.7370, -3.345
77.64, 0.7360, -4.127
77.65, 0.7350, -4.439
77.66, 0.7340, -4.248
77.67, 0.7330, -5.103
77.68, 0.7320, -5.314
77.69, 0.7310, -2.925
77.70, 0.7300, -3.989
77.71, 0.7290, -4.269
77.72, 0.7280, -4.846
77.73, 0.7270, -4.467
77.74, 0.7260, -4.433
77.75, 0.7250, -4.404
77.76, 0.7240, -4.244
77.77, 0.7230, -2.747
77.78, 0.7220, -3.727
77.79, 0.7210, -2.737
77.80, 0.7200, -3.134
77.81, 0.7190, -3.425
77.82, 0.7180, -4.019
77.83, 0.7170, -2.062
77.84, 0.7160, -4.996
77.85, 0.7150, -5.091
77.86, 0.7140, -3.472
77.87, 0.7130, -5.080
77.88, 0.7120, -4.059
77.89, 0.7110, -5.167
77.90, 0.7100, -4.713
77.91, 0.7090, -3.422
77.92, 0.7080, -3.868
77.93, 0.7070, -3.842
77.94, 0.7060, -4.036
77.95, 0.7050, -3.789
77.96, 0.7040, -4.255
77.97, 0.7030, -4.304
77.98, 0.7020, -4.444
77.99, 0.7010, -3.305
78.00, 0.7000, -2.900
78.01, 0.6990, -4.603
78.02, 0.6980, -3.754
78.03, 0.6970, -5.995
78.04, 0.6960, -4.287
78.05, 0.6950, -5.450
78.06, 0.6940, -4.960
78.07, 0.6930, -6.090
78.08, 0.6920, -3.571
78.09, 0.6910, -5.490
78.10, 0.6900, -5.579
78.11, 0.6890, -6.820
78.12, 0.6880, -5.737
78.13, 0.6870, -5.425
78.14, 0.6860, -4.689
78.15, 0.6850, -4.546
78.16, 0.6840, -5.752
78.17, 0.6830, -3.736
78.18, 0.6820, -4.671
78.19, 0.6810, -4.832
78.20, 0.6800, -4.260
78.21, 0.6790, -4.610
78.22, 0.6780, -3.823
78.23, 0.6770, -3.519
78.24, 0.6760, -4.831
78.25, 0.6750, -2.924
78.26, 0.6740, -4.656
78.27, 0.6730, -3.657
78.28, 0.6720, -4.430
78.29, 0.6710, -4.589
78.30, 0.6700, -3.516
78.31, 0.6690, -3.333
78.32, 0.6680, -3.821
78.33, 0.6670, -3.737
78.34, 0.6660, -4.072
78.35, 0.6650, -4.769
78.36, 0.6640, -5.441
78.37, 0.6630, -3.085
78.38, 0.6620, -3.970
78.39, 0.6610, -3.508
78.40, 0.6600, -3.234
78.41, 0.6590, -4.341
78.42, 0.6580, -3.173
78.43, 0.6570, -3.824
78.44, 0.6560, -4.408
78.45, 0.6550, -4.733
78.46, 0.6540, -5.369
78.47, 0.6530, -4.061
78.48, 0.6520, -4.731
78.49, 0.6510, -2.791
78.50, 0.6500, -3.579
78.51, 0.6490, -3.702
78.52, 0.6480, -2.950
78.53, 0.6470, -5.789
78.54, 0.6460, -5.547
78.55, 0.6450, -3.861
78.56, 0.6440, -6.445
78.57, 0.6430, -5.747
78.58, 0.6420, -5.557
78.59, 0.6410, -4.034
78.60, 0.6400, -5.609
78.61, 0.6390, -4.026
78.62, 0.6380, -3.548
78.63, 0.6370, -4.144
78.64, 0.6360, -3.247
78.65, 0.6350, -4.958
78.66, 0.6340, -3.659
78.67, 0.6330, -4.100
78.68, 0.6320, -5.221
78.69, 0.6310, -5.090
78.70, 0.6300, -4.873
78.71, 0.6290, -5.415
78.72, 0.6280, -5.211
78.73, 0.6270, -5.642
78.74, 0.6260, -3.755
78.75, 0.6250, -3.337
78.76, 0.6240, -4.070
78.77, 0.6230, -2.112
78.78, 0.6220, -3.438
78.79, 0.6210, -3.345
78.80, 0.6200, -4.858
78.81, 0.6190, -4.706
78.82, 0.6180, -5.156
78.83, 0.6170, -5.986
78.84, 0.6160, -4.440
78.85, 0.6150, -4.663
78.86, 0.6140, -4.917
78.87, 0.6130, -5.300
78.88, 0.6120, -3.799
78.89, 0.6110, -2.923
78.90, 0.6100, -5.892
78.91, 0.6090, -4.549
78.92, 0.6080, -3.440
78.93, 0.6070, -5.033
78.94, 0.6060, -3.930
78.95, 0.6050, -4.495
78.96, 0.6040, -4.887
78.97, 0.6030, -4.742
78.98, 0.6020, -4.966
78.99, 0.6010, -4.448
79.00, 0.6000, -3.058
79.01, 0.5990, -3.798
79.02, 0.5980, -3.555
79.03, 0.5970, -4.834
79.04, 0.5960, -4.658
79.05, 0.5950, -3.878
79.06, 0.5940, -3.674
79.07, 0.5930, -4.816
79.08, 0.5920, -3.849
79.09, 0.5910, -5.064
79.10, 0.5900, -4.815
79.11, 0.5890, -5.343
79.12, 0.5880, -4.462
79.13, 0.5870, -4.932
79.14, 0.5860, -5.037
79.15, 0.5850, -4.507
79.16, 0.5840, -4.130
79.17, 0.5830, -5.517
79.18, 0.5820, -4.883
79.19, 0.5810, -4.557
79.20, 0.5800, -3.124
79.21, 0.5790, -3.927
79.22, 0.5780, -4.303
79.23, 0.5770, -4.419
79.24, 0.5760, -3.951
79.25, 0.5750, -4.065
79.26, 0.5740, -4.239
79.27, 0.5730, -3.653
79.28, 0.5720, -6.109
79.29, 0.5710, -5.074
79.30, 0.5700, -5.348
79.31, 0.5690, -4.877
79.32, 0.5680, -4.573
79.33, 0.5670, -3.790
79.34, 0.5660, -4.673
79.35, 0.5650, -3.798
79.36, 0.5640, -5.773
79.37, 0.5630, -3.548
79.38, 0.5620, -4.388
79.39, 0.5610, -3.743
79.40, 0.5600, -4.147
79.41, 0.5590, -5.760
79.42, 0.5580, -5.142
79.43, 0.5570, -5.176
79.44, 0.5560, -4.840
79.45, 0.5550, -5.583
79.46, 0.5540, -3.981
79.47, 0.5530, -4.794
79.48, 0.5520, -4.807
79.49, 0.5510, -5.600
79.50, 0.5500, -5.070
79.51, 0.5490, -4.943
79.52, 0.5480, -4.571
79.53, 0.5470, -4.519
79.54, 0.5460, -4.981
79.55, 0.5450, -3.558
79.56, 0.5440, -3.936
79.57, 0.5430, -4.475
79.58, 0.5420, -3.682
79.59, 0.5410, -4.310
79.60, 0.5400, -4.067
79.61, 0.5390, -3.291
79.62, 0.5380, -5.482
79.63, 0.5370, -4.002
79.64, 0.5360, -3.842
79.65, 0.5350, -4.065
79.66, 0.5340, -3.174
79.67, 0.5330, -4.230
79.68, 0.5320, -4.940
79.69, 0.5310, -3.372
79.70, 0.5300, -5.169
79.71, 0.5290, -4.749
79.72, 0.5280, -4.626
79.73, 0.5270, -5.536
79.74, 0.5260, -6.025
79.75, 0.5250, -6.109
79.76, 0.5240, -5.468
79.77, 0.5230, -4.996
79.78, 0.5220, -5.985
79.79, 0.5210, -7.133
79.80, 0.5200, -4.657
79.81, 0.5190, -5.418
79.82, 0.5180, -4.760
79.83, 0.5170, -4.986
79.84, 0.5160, -4.462
79.85, 0.5150, -3.356
79.86, 0.5140, -4.070
79.87, 0.5130, -6.040
79.88, 0.5120, -5.022
79.89, 0.5110, -4.821
79.90, 0.5100, -4.762
79.91, 0.5090, -4.845
79.92, 0.5080, -3.645
79.93, 0.5070, -3.754
79.94, 0.5060, -3.563
79.95, 0.5050, -3.447
79.96, 0.5040, -3.687
79.97, 0.5030, -3.334
79.98, 0.5020, -3.854
79.99, 0.5010, -2.317
80.00, 0.5000, -4.343
80.01, 0.4990, -4.531
80.02, 0.4980, -5.035
80.03, 0.4970, -4.559
80.04, 0.4960, -3.862
80.05, 0.4950, -3.899
80.06, 0.4940, -3.004
80.07, 0.4930, -3.450
80.08, 0.4920, -6.227
80.09, 0.4910, -3.997
80.10, 0.4900, -4.065
80.11, 0.4890, -3.330
80.12, 0.4880, -5.138
80.13, 0.4870, -4.190
80.14, 0.4860, -3.445
80.15, 0.4850, -3.852
80.16, 0.4840, -5.619
80.17, 0.4830, -4.390
80.18, 0.4820, -3.938
80.19, 0.4810, -5.913
80.20, 0.4800, -4.301
80.21, 0.4790, -3.892
80.22, 0.4780, -3.691
80.23, 0.4770, -3.489
80.24, 0.4760, -4.485
80.25, 0.4750, -3.361
80.26, 0.4740, -3.567
80.27, 0.4730, -3.511
80.28, 0.4720, -4.942
80.29, 0.4710, -4.564
80.30, 0.4700, -4.428
80.31, 0.4690, -6.633
80.32, 0.4680, -5.682
80.33, 0.4670, -6.006
80.34, 0.4660, -5.682
80.35, 0.4650, -5.942
80.36, 0.4640, -4.658
80.37, 0.4630, -3.775
80.38, 0.4620, -3.739
80.39, 0.4610, -4.443
80.40, 0.4600, -5.435
80.41, 0.4590, -5.127
80.42, 0.4580, -4.014
80.43, 0.4570, -4.285
80.44, 0.4560, -4.819
80.45, 0.4550, -5.015
80.46, 0.4540, -4.009
80.47, 0.4530, -5.447
80.48, 0.4520, -3.769
80.49, 0.4510, -4.807
80.50, 0.4500, -3.686
80.51, 0.4490, -3.553
80.52, 0.4480, -4.549
80.53, 0.4470, -3.982
80.54, 0.4460, -3.207
80.55, 0.4450, -4.930
80.56, 0.4440, -4.080
80.57, 0.4430, -2.619
80.58, 0.4420, -3.564
80.59, 0.4410, -2.149
80.60, 0.4400, -4.026
80.61, 0.4390, -5.568
80.62, 0.4380, -4.717
80.63, 0.4370, -6.585
80.64, 0.4360, -6.419
80.65, 0.4350, -5.288
80.66, 0.4340, -5.578
80.67, 0.4330, -5.744
80.68, 0.4320, -4.491
80.69, 0.4310, -5.055
80.70, 0.4300, -4.264
80.71, 0.4290, -5.227
80.72, 0.4280, -4.495
80.73, 0.4270, -3.574
80.74, 0.4260, -4.405
80.75, 0.4250, -3.471
80.76, 0.4240, -3.043
80.77, 0.4230, -4.207
80.78, 0.4220, -2.718
80.79, 0.4210, -5.261
80.80, 0.4200, -4.196
80.81, 0.4190, -3.858
80.82, 0.4180, -4.373
80.83, 0.4170, -3.979
80.84, 0.4160, -3.173
80.85, 0.4150, -4.527
80.86, 0.4140, -3.782
80.87, 0.4130, -2.203
80.88, 0.4120, -2.917
80.89, 0.4110, -4.874
80.90, 0.4100, -4.805
80.91, 0.4090, -3.114
80.92, 0.4080, -5.803
80.93, 0.4070, -3.559
80.94, 0.4060, -4.242
80.95, 0.4050, -5.578
80.96, 0.4040, -5.561
80.97, 0.4030, -5.078
80.98, 0.4020, -5.565
80.99, 0.4010, -5.428
81.00, 0.4000, -5.284
81.01, 0.3990, -4.069
81.02, 0.3980, -3.792
81.03, 0.3970, -5.020
81.04, 0.3960, -5.683
81.05, 0.3950, -5.196
81.06, 0.3940, -4.286
81.07, 0.3930, -3.995
81.08, 0.3920, -5.546
81.09, 0.3910, -3.656
81.10, 0.3900, -4.421
81.11, 0.3890, -4.012
81.12, 0.3880, -5.289
81.13, 0.3870, -4.791
81.14, 0.3860, -4.162
81.15, 0.3850, -3.528
81.16, 0.3840, -4.058
81.17, 0.3830, -3.940
81.18, 0.3820, -4.683
81.19, 0.3810, -4.489
81.20, 0.3800, -4.638
81.21, 0.3790, -3.346
81.22, 0.3780, -4.718
81.23, 0.3770, -5.764
81.24, 0.3760, -4.804
81.25, 0.3750, -5.431
81.26, 0.3740, -4.999
81.27, 0.3730, -5.808
81.28, 0.3720, -5.677
81.29, 0.3710, -5.217
81.30, 0.3700, -5.748
81.31, 0.3690, -5.289
81.32, 0.3680, -4.456
81.33, 0.3670, -3.988
81.34, 0.3660, -4.276
81.35, 0.3650, -3.831
81.36, 0.3640, -4.921
81.37, 0.3630, -4.451
81.38, 0.3620, -5.241
81.39, 0.3610, -4.001
81.40, 0.3600, -4.668
81.41, 0.3590, -2.748
81.42, 0.3580, -4.959
81.43, 0.3570, -4.102
81.44, 0.3560, -4.408
81.45, 0.3550, -4.020
81.46, 0.3540, -5.450
81.47, 0.3530, -4.886
81.48, 0.3520, -6.103
81.49, 0.3510, -5.034
81.50, 0.3500, -5.510
81.51, 0.3490, -4.820
81.52, 0.3480, -4.617
81.53, 0.3470, -5.138
81.54, 0.3460, -4.488
81.55, 0.3450, -3.760
81.56, 0.3440, -4.123
81.57, 0.3430, -3.958
81.58, 0.3420, -5.441
81.59, 0.3410, -4.666
81.60, 0.3400, -4.224
81.61, 0.3390, -4.745
81.62, 0.3380, -3.972
81.63, 0.3370, -3.553
81.64, 0.3360, -4.785
81.65, 0.3350, -5.324
81.66, 0.3340, -5.460
81.67, 0.3330, -4.993
81.68, 0.3320, -5.140
81.69, 0.3310, -4.192
81.70, 0.3300, -5.598
81.71, 0.3290, -5.969
81.72, 0.3280, -4.629
81.73, 0.3270, -5.580
81.74, 0.3260, -3.650
81.75, 0.3250, -4.004
81.76, 0.3240, -4.915
81.77, 0.3230, -3.623
81.78, 0.3220, -4.942
81.79, 0.3210, -4.915
81.80, 0.3200, -5.133
81.81, 0.3190, -3.161
81.82, 0.3180, -4.962
81.83, 0.3170, -4.027
81.84, 0.3160, -4.582
81.85, 0.3150, -2.871
81.86, 0.3140, -2.846
81.87, 0.3130, -3.623
81.88, 0.3120, -4.425
81.89, 0.3110, -5.333
81.90, 0.3100, -5.193
81.91, 0.3090, -5.996
81.92, 0.3080, -6.278
81.93, 0.3070, -5.661
81.94, 0.3060, -5.075
81.95, 0.3050, -6.013
81.96, 0.3040, -5.310
81.97, 0.3030, -5.685
81.98, 0.3020, -5.089
81.99, 0.3010, -4.092
82.00, 0.3000, -4.905
82.01, 0.2990, -3.782
82.02, 0.2980, -5.194
82.03, 0.2970, -4.739
82.04, 0.2960, -5.541
82.05, 0.2950, -4.277
82.06, 0.2940, -6.143
82.07, 0.2930, -5.070
82.08, 0.2920, -5.709
82.09, 0.2910, -6.865
82.10, 0.2900, -6.677
82.11, 0.2890, -5.404
82.12, 0.2880, -5.370
82.13, 0.2870, -4.592
82.14, 0.2860, -3.714
82.15, 0.2850, -5.637
82.16, 0.2840, -5.437
82.17, 0.2830, -4.314
82.18, 0.2820, -5.433
82.19, 0.2810, -4.676
82.20, 0.2800, -3.935
82.21, 0.2790, -4.176
82.22, 0.2780, -4.440
82.23, 0.2770, -3.186
82.24, 0.2760, -3.989
82.25, 0.2750, -4.244
82.26, 0.2740, -3.098
82.27, 0.2730, -5.979
82.28, 0.2720, -4.134
82.29, 0.2710, -4.852
82.30, 0.2700, -4.801
82.31, 0.2690, -4.492
82.32, 0.2680, -4.271
82.33, 0.2670, -4.969
82.34, 0.2660, -3.852
82.35, 0.2650, -3.322
82.36, 0.2640, -4.842
82.37, 0.2630, -4.330
82.38, 0.2620, -3.933
82.39, 0.2610, -5.935
82.40, 0.2600, -4.566
82.41, 0.2590, -4.683
82.42, 0.2580, -5.024
82.43, 0.2570, -5.246
82.44, 0.2560, -5.591
82.45, 0.2550, -5.537
82.46, 0.2540, -5.954
82.47, 0.2530, -5.983
82.48, 0.2520, -6.131
82.49, 0.2510, -4.225
82.50, 0.2500, -4.345
82.51, 0.2490, -4.916
82.52, 0.2480, -5.462
82.53, 0.2470, -4.923
82.54, 0.2460, -5.031
82.55, 0.2450, -4.740
82.56, 0.2440, -4.127
82.57, 0.2430, -5.182
82.58, 0.2420, -5.060
82.59, 0.2410, -3.300
82.60, 0.2400, -4.923
82.61, 0.2390, -4.397
82.62, 0.2380, -3.563
82.63, 0.2370, -5.588
82.64, 0.2360, -5.281
82.65, 0.2350, -3.322
82.66, 0.2340, -5.455
82.67, 0.2330, -4.907
82.68, 0.2320, -3.862
82.69, 0.2310, -4.713
82.70, 0.2300, -3.508
82.71, 0.2290, -3.794
82.72, 0.2280, -5.288
82.73, 0.2270, -4.765
82.74, 0.2260, -4.474
82.75, 0.2250, -5.325
82.76, 0.2240, -6.922
82.77, 0.2230, -4.880
82.78, 0.2220, -5.067
82.79, 0.2210, -5.428
82.80, 0.2200, -4.581
82.81, 0.2190, -5.210
82.82, 0.2180, -5.516
82.83, 0.2170, -4.532
82.84, 0.2160, -3.776
82.85, 0.2150, -4.054
82.86, 0.2140, -4.536
82.87, 0.2130, -5.403
82.88, 0.2120, -4.462
82.89, 0.2110, -5.464
82.90, 0.2100, -4.265
82.91, 0.2090, -3.439
82.92, 0.2080, -4.803
82.93, 0.2070, -4.522
82.94, 0.2060, -4.114
82.95, 0.2050, -4.433
82.96, 0.2040, -4.552
82.97, 0.2030, -6.079
82.98, 0.2020, -5.958
82.99, 0.2010, -4.956
83.00, 0.2000, -5.612
83.01, 0.1990, -6.003
83.02, 0.1980, -6.089
83.03, 0.1970, -4.833
83.04, 0.1960, -6.008
83.05, 0.1950, -5.605
83.06, 0.1940, -4.114
83.07, 0.1930, -3.105
83.08, 0.1920, -4.396
83.09, 0.1910, -4.708
83.10, 0.1900, -5.736
83.11, 0.1890, -5.229
83.12, 0.1880, -4.814
83.13, 0.1870, -6.145
83.14, 0.1860, -5.262
83.15, 0.1850, -5.557
83.16, 0.1840, -5.016
83.17, 0.1830, -5.057
83.18, 0.1820, -5.804
83.19, 0.1810, -4.476
83.20, 0.1800, -4.840
83.21, 0.1790, -5.670
83.22, 0.1780, -5.062
83.23, 0.1770, -4.955
83.24, 0.1760, -4.385
83.25, 0.1750, -4.982
83.26, 0.1740, -5.553
83.27, 0.1730, -4.699
83.28, 0.1720, -5.741
83.29, 0.1710, -3.242
83.30, 0.1700, -3.892
83.31, 0.1690, -4.120
83.32, 0.1680, -3.612
83.33, 0.1670, -4.599
83.34, 0.1660, -3.802
83.35, 0.1650, -3.845
83.36, 0.1640, -4.413
83.37, 0.1630, -4.973
83.38, 0.1620, -4.898
83.39, 0.1610, -6.810
83.40, 0.1600, -6.375
83.41, 0.1590, -4.952
83.42, 0.1580, -5.398
83.43, 0.1570, -5.782
83.44, 0.1560, -5.061
83.45, 0.1550, -2.740
83.46, 0.1540, -4.609
83.47, 0.1530, -4.433
83.48, 0.1520, -3.792
83.49, 0.1510, -5.087
83.50, 0.1500, -4.845
83.51, 0.1490, -3.938
83.52, 0.1480, -3.689
83.53, 0.1470, -5.474
83.54, 0.1460, -3.258
83.55, 0.1450, -4.081
83.56, 0.1440, -4.791
83.57, 0.1430, -4.183
83.58, 0.1420, -5.333
83.59, 0.1410, -4.696
83.60, 0.1400, -4.467
83.61, 0.1390, -4.204
83.62, 0.1380, -4.357
83.63, 0.1370, -4.983
83.64, 0.1360, -5.256
83.65, 0.1350, -6.095
83.66, 0.1340, -5.190
83.67, 0.1330, -6.095
83.68, 0.1320, -5.808
83.69, 0.1310, -4.755
83.70, 0.1300, -5.732
83.71, 0.1290, -3.303
83.72, 0.1280, -4.966
83.73, 0.1270, -5.225
83.74, 0.1260, -5.830
83.75, 0.1250, -5.276
83.76, 0.1240, -4.554
83.77, 0.1230, -5.228
83.78, 0.1220, -5.109
83.79, 0.1210, -4.724
83.80, 0.1200, -4.064
83.81, 0.1190, -4.185
83.82, 0.1180, -5.142
83.83, 0.1170, -4.096
83.84, 0.1160, -3.959
83.85, 0.1150, -5.490
83.86, 0.1140, -5.147
83.87, 0.1130, -4.902
83.88, 0.1120, -4.996
83.89, 0.1110, -4.296
83.90, 0.1100, -5.428
83.91, 0.1090, -4.508
83.92, 0.1080, -5.455
83.93, 0.1070, -5.062
83.94, 0.1060, -5.112
83.95, 0.1050, -5.065
83.96, 0.1040, -4.086
83.97, 0.1030, -5.269
83.98, 0.1020, -5.096
83.99, 0.1010, -4.437
84.00, 0.1000, -5.162
84.01, 0.09900, -4.247
84.02, 0.09800, -4.716
84.03, 0.09700, -3.508
84.04, 0.09600, -4.869
84.05, 0.09500, -4.553
84.06, 0.09400, -4.728
84.07, 0.09300, -6.231
84.08, 0.09200, -4.409
84.09, 0.09100, -6.533
84.10, 0.09000, -5.355
84.11, 0.08900, -4.684
84.12, 0.08800, -5.658
84.13, 0.08700, -5.022
84.14, 0.08600, -5.132
84.15, 0.08500, -4.383
84.16, 0.08400, -5.391
84.17, 0.08300, -4.161
84.18, 0.08200, -5.595
84.19, 0.08100, -4.631
84.20, 0.08000, -4.242
84.21, 0.07900, -5.902
84.22, 0.07800, -5.202
84.23, 0.07700, -4.232
84.24, 0.07600, -5.700
84.25, 0.07500, -3.337
84.26, 0.07400, -5.394
84.27, 0.07300, -3.950
84.28, 0.07200, -3.801
84.29, 0.07100, -4.865
84.30, 0.07000, -6.647
84.31, 0.06900, -3.855
84.32, 0.06800, -4.545
84.33, 0.06700, -4.653
84.34, 0.06600, -5.195
84.35, 0.06500, -4.509
84.36, 0.06400, -4.550
84.37, 0.06300, -5.307
84.38, 0.06200, -4.800
84.39, 0.06100, -5.636
84.40, 0.06000, -3.662
84.41, 0.05900, -5.519
84.42, 0.05800, -4.996
84.43, 0.05700, -4.718
84.44, 0.05600, -6.002
84.45, 0.05500, -5.170
84.46, 0.05400, -4.774
84.47, 0.05300, -5.090
84.48, 0.05200, -4.229
84.49, 0.05100, -5.778
84.50, 0.05000, -6.500
84.51, 0.04900, -5.030
84.52, 0.04800, -4.828
84.53, 0.04700, -6.041
84.54, 0.04600, -5.653
84.55, 0.04500, -4.103
84.56, 0.04400, -5.660
84.57, 0.04300, -4.646
84.58, 0.04200, -5.138
84.59, 0.04100, -4.946
84.60, 0.04000, -5.033
84.61, 0.03900, -4.384
84.62, 0.03800, -3.660
84.63, 0.03700, -4.923
84.64, 0.03600, -5.421
84.65, 0.03500, -5.657
84.66, 0.03400, -4.564
84.67, 0.03300, -5.427
84.68, 0.03200, -6.092
84.69, 0.03100, -5.677
84.70, 0.03000, -6.246
84.71, 0.02900, -5.521
84.72, 0.02800, -5.426
84.73, 0.02700, -4.154
84.74, 0.02600, -3.676
84.75, 0.02500, -4.270
84.76, 0.02400, -3.284
84.77, 0.02300, -5.594
84.78, 0.02200, -5.057
84.79, 0.02100, -3.589
84.80, 0.02000, -5.369
84.81, 0.01900, -4.084
84.82, 0.01800, -4.381
84.83, 0.01700, -4.350
84.84, 0.01600, -5.207
84.85, 0.01500, -4.379
84.86, 0.01400, -4.344
84.87, 0.01300, -4.710
84.88, 0.01200, -4.673
84.89, 0.01100, -4.271
84.90, 0.01000, -5.463
84.91, 0.009000, -4.827
84.92, 0.008000, -4.839
84.93, 0.007000, -4.787
84.94, 0.006000, -4.399
84.95, 0.005000, -4.700
84.96, 0.004000, -5.721
84.97, 0.003000, -4.688
84.98, 0.002000, -3.694
84.99, 0.001000, -3.883
85.00, 0.000, -4.449
